chapter	verse	word	type	surface	translit	strongs	morph	lemma	gloss	translation	editions	alt
1	1	1	NKO	Πέτρος	Petros	G4074G	N-NSM-P	Πέτρος	Peter	Peter	NA28+NA27+Tyn+SBL+WH+Treg+TR+Byz	
1	1	2	NKO	ἀπόστολος	apostolos	G0652	N-NSM	ἀπόστολος	apostle	an apostle	NA28+NA27+Tyn+SBL+WH+Treg+TR+Byz	
1	1	3	NKO	Ἰησοῦ	Iēsou	G2424G	N-GSM-P	Ἰησοῦς	Jesus/Joshua	of Jesus	NA28+NA27+Tyn+SBL+WH+Treg+TR+Byz	
1	1	4	NKO	Χριστοῦ	Christou	G5547	N-GSM-T	Χριστός	Christ	Christ	NA28+NA27+Tyn+SBL+WH+Treg+TR+Byz	
1	1	5	NKO	ἐκλεκτοῖς	eklektois	G1588	A-DPM	ἐκλεκτός	select	To [the] elect	NA28+NA27+Tyn+SBL+WH+Treg+TR+Byz	
1	1	6	NKO	παρεπιδήμοις	parepidēmois	G3927	A-DPM	παρεπίδημος	stranger	sojourners	NA28+NA27+Tyn+SBL+WH+Treg+TR+Byz	
1	1	7	NKO	διασπορᾶς	diasporas	G1290	N-GSF	διασπορά	dispersion	of [the] Dispersion	NA28+NA27+Tyn+SBL+WH+Treg+TR+Byz	
1	1	8	NKO	Πόντου,	Pontou	G4195	N-GSM-L	Πόντος	Pontus	of Pontus,	NA28+NA27+Tyn+SBL+WH+Treg+TR+Byz	
1	1	9	NKO	Γαλατίας,	Galatias	G1053	N-GSF-L	Γαλατία	Galatia	Galatia,	NA28+NA27+Tyn+SBL+WH+Treg+TR+Byz	
1	1	10	NKO	Καππαδοκίας,	Kappadokias	G2587	N-GSF-L	Καππαδοκία	Cappadocia	Cappadocia,	NA28+NA27+Tyn+SBL+WH+Treg+TR+Byz	
1	1	11	NKO	Ἀσίας,	Asias	G0773	N-GSF-L	Ἀσία	Asia	Asia,	NA28+NA27+Tyn+SBL+WH+Treg+TR+Byz	
1	1	12	NKO	καὶ	kai	G2532	CONJ	καί	and	and	NA28+NA27+Tyn+SBL+WH+Treg+TR+Byz	
1	1	13	NKO	Βιθυνίας,	Bithunias	G0978	N-GSF-L	Βιθυνία	Bithynia	Bithynia,	NA28+NA27+Tyn+SBL+WH+Treg+TR+Byz	
1	2	1	NKO	κατὰ	kata	G2596	PREP	κατά	according to	according to	NA28+NA27+Tyn+SBL+WH+Treg+TR+Byz	
1	2	2	NKO	πρόγνωσιν	prognōsin	G4268	N-ASF	πρόγνωσις	foreknowledge	[the] foreknowledge	NA28+NA27+Tyn+SBL+WH+Treg+TR+Byz	
1	2	3	NKO	θεοῦ	theou	G2316	N-GSM-T	θεός	God	of God	NA28+NA27+Tyn+SBL+WH+Treg+TR+Byz	
1	2	4	NKO	πατρὸς	patros	G3962	N-GSM-T	πατήρ	father	[the] Father	NA28+NA27+Tyn+SBL+WH+Treg+TR+Byz	
1	2	5	NKO	ἐν	en	G1722	PREP	ἐν	in/on/among	by	NA28+NA27+Tyn+SBL+WH+Treg+TR+Byz	
1	2	6	NKO	ἁγιασμῷ	hagiasmō	G0038	N-DSM	ἁγιασμός	holiness	[the] sanctification	NA28+NA27+Tyn+SBL+WH+Treg+TR+Byz	
1	2	7	NKO	πνεύματος	pneumatos	G4151G	N-GSN	πνεῦμα	spirit/breath	of [the] Spirit	NA28+NA27+Tyn+SBL+WH+Treg+TR+Byz	
1	2	8	NKO	εἰς	eis	G1519	PREP	εἰς	toward	unto	NA28+NA27+Tyn+SBL+WH+Treg+TR+Byz	
1	2	9	NKO	ὑπακοὴν	hupakoēn	G5218	N-ASF	ὑπακοή	obedience	[the] obedience	NA28+NA27+Tyn+SBL+WH+Treg+TR+Byz	
1	2	10	NKO	καὶ	kai	G2532	CONJ	καί	and	and	NA28+NA27+Tyn+SBL+WH+Treg+TR+Byz	
1	2	11	NKO	ῥαντισμὸν	rhantismon	G4473	N-ASM	ῥαντισμός	sprinkling	sprinkling	NA28+NA27+Tyn+SBL+WH+Treg+TR+Byz	
1	2	12	NKO	αἵματος	aimatos	G0129G	N-GSN	αἷμα	blood	of [the] blood	NA28+NA27+Tyn+SBL+WH+Treg+TR+Byz	
1	2	13	NKO	Ἰησοῦ	Iēsou	G2424G	N-GSM-P	Ἰησοῦς	Jesus/Joshua	of Jesus	NA28+NA27+Tyn+SBL+WH+Treg+TR+Byz	
1	2	14	NKO	Χριστοῦ·	Christou	G5547	N-GSM-T	Χριστός	Christ	Christ:	NA28+NA27+Tyn+SBL+WH+Treg+TR+Byz	
1	2	15	NKO	χάρις	charis	G5485	N-NSF	χάρις	grace	Grace	NA28+NA27+Tyn+SBL+WH+Treg+TR+Byz	
1	2	16	NKO	ὑμῖν	humin	G4771	P-2DP	σύ	you	to you	NA28+NA27+Tyn+SBL+WH+Treg+TR+Byz	
1	2	17	NKO	καὶ	kai	G2532	CONJ	καί	and	and	NA28+NA27+Tyn+SBL+WH+Treg+TR+Byz	
1	2	18	NKO	εἰρήνη	eirēnē	G1515	N-NSF	εἰρήνη	peace	peace	NA28+NA27+Tyn+SBL+WH+Treg+TR+Byz	
1	2	19	NKO	πληθυνθείη.¶	plēthuntheiē	G4129	V-APO-3S	πληθύνω	to multiply	would be multiplied.	NA28+NA27+Tyn+SBL+WH+Treg+TR+Byz	
1	3	1	NKO	Εὐλογητὸς	Eulogētos	G2128	A-NSM	εὐλογητός	praiseworthy	Blessed [be]	NA28+NA27+Tyn+SBL+WH+Treg+TR+Byz	
1	3	2	NKO	ὁ	ho	G3588	T-NSM	ὁ	the/this/who	the	NA28+NA27+Tyn+SBL+WH+Treg+TR+Byz	
1	3	3	NKO	θεὸς	theos	G2316	N-NSM-T	θεός	God	God	NA28+NA27+Tyn+SBL+WH+Treg+TR+Byz	
1	3	4	NKO	καὶ	kai	G2532	CONJ	καί	and	and	NA28+NA27+Tyn+SBL+WH+Treg+TR+Byz	
1	3	5	NKO	πατὴρ	patēr	G3962	N-NSM-T	πατήρ	father	Father	NA28+NA27+Tyn+SBL+WH+Treg+TR+Byz	
1	3	6	NKO	τοῦ	tou	G3588	T-GSM	ὁ	the/this/who	of the	NA28+NA27+Tyn+SBL+WH+Treg+TR+Byz	
1	3	7	NKO	κυρίου	kuriou	G2962G	N-GSM-T	κύριος	lord	Lord	NA28+NA27+Tyn+SBL+WH+Treg+TR+Byz	
1	3	8	NKO	ἡμῶν	hēmōn	G3165	P-1GP	ἐγώ	I/we	of us	NA28+NA27+Tyn+SBL+WH+Treg+TR+Byz	
1	3	9	NKO	Ἰησοῦ	Iēsou	G2424G	N-GSM-P	Ἰησοῦς	Jesus/Joshua	Jesus	NA28+NA27+Tyn+SBL+WH+Treg+TR+Byz	
1	3	10	NKO	Χριστοῦ,	Christou	G5547	N-GSM-T	Χριστός	Christ	Christ,	NA28+NA27+Tyn+SBL+WH+Treg+TR+Byz	
1	3	11	NKO	ὁ	ho	G3588	T-NSM	ὁ	the/this/who	the [One]	NA28+NA27+Tyn+SBL+WH+Treg+TR+Byz	
1	3	12	NKO	κατὰ	kata	G2596	PREP	κατά	according to	according to	NA28+NA27+Tyn+SBL+WH+Treg+TR+Byz	
1	3	13	NKO	τὸ	to	G3588	T-ASN	ὁ	the/this/who	the	NA28+NA27+Tyn+SBL+WH+Treg+TR+Byz	
1	3	14	NKO	πολὺ	polu	G4183	A-ASN	πολύς	much	great	NA28+NA27+Tyn+SBL+WH+Treg+TR+Byz	
1	3	15	NKO	αὐτοῦ	autou	G0846	P-GSM	αὐτός	he/she/it/self	of Him	NA28+NA27+Tyn+SBL+WH+Treg+TR+Byz	
1	3	16	NKO	ἔλεος	eleos	G1656	N-ASN	ἔλεος	mercy	mercy	NA28+NA27+Tyn+SBL+WH+Treg+TR+Byz	
1	3	17	NKO	ἀναγεννήσας	anagennēsas	G0313	V-AAP-NSM	ἀναγεννάω	to beget	having begotten again	NA28+NA27+Tyn+SBL+WH+Treg+TR+Byz	
1	3	18	NKO	ἡμᾶς	hēmas	G3165	P-1AP	ἐγώ	I/we	us	NA28+NA27+Tyn+SBL+WH+Treg+TR+Byz	
1	3	19	NKO	εἰς	eis	G1519	PREP	εἰς	toward	to	NA28+NA27+Tyn+SBL+WH+Treg+TR+Byz	
1	3	20	NKO	ἐλπίδα	elpida	G1680	N-ASF	ἐλπίς	hope	a hope	NA28+NA27+Tyn+SBL+WH+Treg+TR+Byz	
1	3	21	NKO	ζῶσαν	zōsan	G2198	V-PAP-ASF	ζάω	to live	living	NA28+NA27+Tyn+SBL+WH+Treg+TR+Byz	
1	3	22	NKO	δι᾽	di᾽	G1223	PREP	διά	through/because of	through	NA28+NA27+Tyn+SBL+WH+Treg+TR+Byz	
1	3	23	NKO	ἀναστάσεως	anastaseōs	G0386	N-GSF	ἀνάστασις	resurrection	[the] resurrection	NA28+NA27+Tyn+SBL+WH+Treg+TR+Byz	
1	3	24	NKO	Ἰησοῦ	Iēsou	G2424G	N-GSM-P	Ἰησοῦς	Jesus/Joshua	of Jesus	NA28+NA27+Tyn+SBL+WH+Treg+TR+Byz	
1	3	25	NKO	Χριστοῦ	Christou	G5547	N-GSM-T	Χριστός	Christ	Christ	NA28+NA27+Tyn+SBL+WH+Treg+TR+Byz	
1	3	26	NKO	ἐκ	ek	G1537	PREP	ἐκ	out from	out from	NA28+NA27+Tyn+SBL+WH+Treg+TR+Byz	
1	3	27	NKO	νεκρῶν,	nekrōn	G3498	A-GPM	νεκρός	dead	[the] dead,	NA28+NA27+Tyn+SBL+WH+Treg+TR+Byz	
1	4	1	NKO	εἰς	eis	G1519	PREP	εἰς	toward	to	NA28+NA27+Tyn+SBL+WH+Treg+TR+Byz	
1	4	2	NKO	κληρονομίαν	klēronomian	G2817	N-ASF	κληρονομία	inheritance	an inheritance	NA28+NA27+Tyn+SBL+WH+Treg+TR+Byz	
1	4	3	NKO	ἄφθαρτον	aphtharton	G0862	A-ASF	ἄφθαρτος	incorruptible	imperishable	NA28+NA27+Tyn+SBL+WH+Treg+TR+Byz	
1	4	4	NKO	καὶ	kai	G2532	CONJ	καί	and	and	NA28+NA27+Tyn+SBL+WH+Treg+TR+Byz	
1	4	5	NKO	ἀμίαντον	amianton	G0283	A-ASF	ἀμίαντος	pure	undefiled	NA28+NA27+Tyn+SBL+WH+Treg+TR+Byz	
1	4	6	NKO	καὶ	kai	G2532	CONJ	καί	and	and	NA28+NA27+Tyn+SBL+WH+Treg+TR+Byz	
1	4	7	NKO	ἀμάραντον	amaranton	G0263	A-ASF	ἀμάραντος	unfading	unfading	NA28+NA27+Tyn+SBL+WH+Treg+TR+Byz	
1	4	8	NKO	τετηρημένην	tetērēmenēn	G5083I	V-RPP-ASF	τηρέω	to keep	reserved	NA28+NA27+Tyn+SBL+WH+Treg+TR+Byz	
1	4	9	NKO	ἐν	en	G1722	PREP	ἐν	in/on/among	in	NA28+NA27+Tyn+SBL+WH+Treg+TR+Byz	
1	4	10	NKO	οὐρανοῖς	ouranois	G3772	N-DPM	οὐρανός	heaven	[the] heavens	NA28+NA27+Tyn+SBL+WH+Treg+TR+Byz	
1	4	11	NKO	εἰς	eis	G1519	PREP	εἰς	toward	for	NA28+NA27+Tyn+SBL+WH+Treg+TR+Byz	
1	4	12	NK(O)	ὑμᾶς	humas	G4771	P-2AP	σύ	you	you	NA28+NA27+Tyn+SBL+WH+Treg+Byz+KJV	
1	5	1	NKO	τοὺς	tous	G3588	T-APM	ὁ	the/this/who	who	NA28+NA27+Tyn+SBL+WH+Treg+TR+Byz	
1	5	2	NKO	ἐν	en	G1722	PREP	ἐν	in/on/among	by	NA28+NA27+Tyn+SBL+WH+Treg+TR+Byz	
1	5	3	NKO	δυνάμει	dunamei	G1411	N-DSF	δύναμις	power	[the] power	NA28+NA27+Tyn+SBL+WH+Treg+TR+Byz	
1	5	4	NKO	θεοῦ	theou	G2316	N-GSM-T	θεός	God	of God	NA28+NA27+Tyn+SBL+WH+Treg+TR+Byz	
1	5	5	NKO	φρουρουμένους	phrouroumenous	G5432	V-PPP-APM	φρουρέω	to guard	[are] being guarded	NA28+NA27+Tyn+SBL+WH+Treg+TR+Byz	
1	5	6	NKO	διὰ	dia	G1223	PREP	διά	through/because of	through	NA28+NA27+Tyn+SBL+WH+Treg+TR+Byz	
1	5	7	NKO	πίστεως	pisteōs	G4102G	N-GSF	πίστις	faith	faith	NA28+NA27+Tyn+SBL+WH+Treg+TR+Byz	
1	5	8	NKO	εἰς	eis	G1519	PREP	εἰς	toward	for	NA28+NA27+Tyn+SBL+WH+Treg+TR+Byz	
1	5	9	NKO	σωτηρίαν	sōtērian	G4991	N-ASF	σωτηρία	salvation	[the] salvation	NA28+NA27+Tyn+SBL+WH+Treg+TR+Byz	
1	5	10	NKO	ἑτοίμην	hetoimēn	G2092	A-ASF	ἕτοιμος	ready	ready	NA28+NA27+Tyn+SBL+WH+Treg+TR+Byz	
1	5	11	NKO	ἀποκαλυφθῆναι	apokaluphthēnai	G0601	V-APN	ἀποκαλύπτω	to reveal	to be revealed	NA28+NA27+Tyn+SBL+WH+Treg+TR+Byz	
1	5	12	NKO	ἐν	en	G1722	PREP	ἐν	in/on/among	in	NA28+NA27+Tyn+SBL+WH+Treg+TR+Byz	
1	5	13	NKO	καιρῷ	kairō	G2540	N-DSM	καιρός	time/right time	[the] time	NA28+NA27+Tyn+SBL+WH+Treg+TR+Byz	
1	5	14	NKO	ἐσχάτῳ·	eschatō	G2078	A-DSM	ἔσχατος	last/least	last;	NA28+NA27+Tyn+SBL+WH+Treg+TR+Byz	
1	6	1	NKO	ἐν	en	G1722	PREP	ἐν	in/on/among	in	NA28+NA27+Tyn+SBL+WH+Treg+TR+Byz	
1	6	2	NKO	ᾧ	hō	G3739	R-DSM	ὅς, ἥ	which	which	NA28+NA27+Tyn+SBL+WH+Treg+TR+Byz	
1	6	3	NKO	ἀγαλλιᾶσθε	agalliasthe	G0021	V-PNI-2P	ἀγαλλιάω	to rejoice	you greatly rejoice	NA28+NA27+Tyn+SBL+WH+Treg+TR+Byz	
1	6	4	NKO	ὀλίγον	oligon	G3641	A-ASN	ὀλίγος	little/few	for a little while	NA28+NA27+Tyn+SBL+WH+Treg+TR+Byz	
1	6	5	NKO	ἄρτι,	arti	G0737	ADV	ἄρτι	now	at present,	NA28+NA27+Tyn+SBL+WH+Treg+TR+Byz	
1	6	6	NKO	εἰ	ei	G1487G	COND	εἰ	if	if	NA28+NA27+Tyn+SBL+WH+Treg+TR+Byz	
1	6	7	NKO	δέον	deon	G1163	V-PAP-NSN	δεῖ	be necessary	being necessary	NA28+NA27+Tyn+SBL+WH+Treg+TR+Byz	
1	6	8	NKO	ἐστίν,	estin	G1510	V-PAI-3S	εἰμί	to be	it is,	NA28+NA27+Tyn+TR+Byz	
1	6	9	NK(o)	λυπηθέντες	lupēthentes	G3076	V-APP-NPM	λυπέω	to grieve	having been put to grief	NA27+Tyn+SBL+WH+Treg+TR+Byz	
1	6	10	NKO	ἐν	en	G1722	PREP	ἐν	in/on/among	by	NA28+NA27+Tyn+SBL+WH+Treg+TR+Byz	
1	6	11	NKO	ποικίλοις	poikilois	G4164	A-DPM	ποικίλος	various	various	NA28+NA27+Tyn+SBL+WH+Treg+TR+Byz	
1	6	12	NKO	πειρασμοῖς	peirasmois	G3986H	N-DPM	πειρασμός	temptation/testing	trials	NA28+NA27+Tyn+SBL+WH+Treg+TR+Byz	
1	7	1	NKO	ἵνα	ina	G2443	CONJ	ἵνα	in order that/to	so that	NA28+NA27+Tyn+SBL+WH+Treg+TR+Byz	
1	7	2	NKO	τὸ	to	G3588	T-NSN	ὁ	the/this/who	the	NA28+NA27+Tyn+SBL+WH+Treg+TR+Byz	
1	7	3	NKO	δοκίμιον	dokimion	G1383	N-NSN	δοκίμιον	testing	proven genuineness	NA28+NA27+Tyn+SBL+WH+Treg+TR+Byz	
1	7	4	NKO	ὑμῶν	humōn	G4771	P-2GP	σύ	you	of your	NA28+NA27+Tyn+SBL+WH+Treg+TR+Byz	
1	7	5	NKO	τῆς	tēs	G3588	T-GSF	ὁ	the/this/who	<the>	NA28+NA27+Tyn+SBL+WH+Treg+TR+Byz	
1	7	6	NKO	πίστεως	pisteōs	G4102G	N-GSF	πίστις	faith	faith	NA28+NA27+Tyn+SBL+WH+Treg+TR+Byz	
1	7	7	N(k)O	πολυτιμότερον	polutimoteron	G4186	A-NSN-C	πολύτιμος	valuable	more precious	NA28+NA27+Tyn+SBL+WH+Treg	
1	7	8	NKO	χρυσίου	chrusiou	G5553	N-GSN	χρυσίον	gold	than gold	NA28+NA27+Tyn+SBL+WH+Treg+TR+Byz	
1	7	9	NKO	τοῦ	tou	G3588	T-GSN	ὁ	the/this/who	which	NA28+NA27+Tyn+SBL+WH+Treg+TR+Byz	
1	7	10	NKO	ἀπολλυμένου	apollumenou	G0622	V-PMP-GSN	ἀπολλύω	to destroy	is perishing	NA28+NA27+Tyn+SBL+WH+Treg+TR+Byz	
1	7	11	NKO	διὰ	dia	G1223	PREP	διά	through/because of	through	NA28+NA27+Tyn+SBL+WH+Treg+TR+Byz	
1	7	12	NKO	πυρὸς	puros	G4442	N-GSN	πῦρ	fire	fire	NA28+NA27+Tyn+SBL+WH+Treg+TR+Byz	
1	7	13	NKO	δὲ	de	G1161	CONJ	δέ	but/and	though	NA28+NA27+Tyn+SBL+WH+Treg+TR+Byz	
1	7	14	NKO	δοκιμαζομένου	dokimazomenou	G1381	V-PPP-GSN	δοκιμάζω	to test	being refined	NA28+NA27+Tyn+SBL+WH+Treg+TR+Byz	
1	7	15	NKO	εὑρεθῇ	heurethēa	G2147	V-APS-3S	εὑρίσκω	to find/meet	it may be discovered	NA28+NA27+Tyn+SBL+WH+Treg+TR+Byz	
1	7	16	NKO	εἰς	eis	G1519	PREP	εἰς	toward	towards	NA28+NA27+Tyn+SBL+WH+Treg+TR+Byz	
1	7	17	NKO	ἔπαινον	epainon	G1868	N-ASM	ἔπαινος	praise	praise	NA28+NA27+Tyn+SBL+WH+Treg+TR+Byz	
1	7	18	NKO	καὶ	kai	G2532	CONJ	καί	and	and	NA28+NA27+Tyn+SBL+WH+Treg+TR+Byz	
1	7	19	o	εἰς	eis	G1519	PREP	εἰς	toward	towards	Byz»3	
1	7	20	NKO	δόξαν	doxan	G1391	N-ASF	δόξα	glory	glory	NA28+NA27+Tyn+SBL+WH+Treg+TR»2+Byz»2	
1	7	21	NKO	καὶ	kai	G2532	CONJ	καί	and	and	NA28+NA27+Tyn+SBL+WH+Treg+TR+Byz	
1	7	22	NKO	τιμὴν	timēn	G5092	N-ASF	τιμή	honor	honor	NA28+NA27+Tyn+SBL+WH+Treg+TR«2+Byz«2	
1	7	23	NKO	ἐν	en	G1722	PREP	ἐν	in/on/among	in	NA28+NA27+Tyn+SBL+WH+Treg+TR+Byz	
1	7	24	NKO	ἀποκαλύψει	apokalupsei	G0602	N-DSF	ἀποκάλυψις	revelation	[the] revelation	NA28+NA27+Tyn+SBL+WH+Treg+TR+Byz	
1	7	25	NKO	Ἰησοῦ	Iēsou	G2424G	N-GSM-P	Ἰησοῦς	Jesus/Joshua	of Jesus	NA28+NA27+Tyn+SBL+WH+Treg+TR+Byz	
1	7	26	NKO	Χριστοῦ·	Christou	G5547	N-GSM-T	Χριστός	Christ	Christ;	NA28+NA27+Tyn+SBL+WH+Treg+TR+Byz	
1	8	1	NKO	ὃν	hon	G3739	R-ASM	ὅς, ἥ	which	whom	NA28+NA27+Tyn+SBL+WH+Treg+TR+Byz	
1	8	2	NKO	οὐκ	ouk	G3756	PRT-N	οὐ	no	not	NA28+NA27+Tyn+SBL+WH+Treg+TR+Byz	
1	8	3	N(k)O	ἰδόντες	idontes	G1492H	V-2AAP-NPM	εἴδω	to perceive	having seen	NA28+NA27+Tyn+SBL+WH+Treg	
1	8	4	NKO	ἀγαπᾶτε,	agapate	G0025	V-PAI-2P	ἀγαπάω	to love	you love,	NA28+NA27+Tyn+SBL+WH+Treg+TR+Byz	
1	8	5	NKO	εἰς	eis	G1519	PREP	εἰς	toward	on	NA28+NA27+Tyn+SBL+WH+Treg+TR+Byz	
1	8	6	NKO	ὃν	hon	G3739	R-ASM	ὅς, ἥ	which	whom	NA28+NA27+Tyn+SBL+WH+Treg+TR+Byz	
1	8	7	NKO	ἄρτι	arti	G0737	ADV	ἄρτι	now	now [though]	NA28+NA27+Tyn+SBL+WH+Treg+TR+Byz	
1	8	8	NKO	μὴ	mē	G3361	PRT-N	μή	not	not	NA28+NA27+Tyn+SBL+WH+Treg+TR+Byz	
1	8	9	NKO	ὁρῶντες	horōntes	G3708	V-PAP-NPM	ὁράω	to see	seeing	NA28+NA27+Tyn+SBL+WH+Treg+TR+Byz	
1	8	10	NKO	πιστεύοντες	pisteuontes	G4100	V-PAP-NPM	πιστεύω	to trust (in)	believing	NA28+NA27+Tyn+SBL+WH+Treg+TR+Byz	
1	8	11	NKO	δὲ	de	G1161	CONJ	δέ	but/and	now	NA28+NA27+Tyn+SBL+WH+Treg+TR+Byz	
1	8	12	NK(o)	ἀγαλλιᾶσθε	agalliasthe	G0021	V-PNI-2P	ἀγαλλιάω	to rejoice	you yourself rejoice	NA28+NA27+Tyn+SBL+Treg+TR+Byz	
1	8	13	NKO	χαρᾷ	chara	G5479	N-DSF	χαρά	joy	with joy	NA28+NA27+Tyn+SBL+WH+Treg+TR+Byz	
1	8	14	NKO	ἀνεκλαλήτῳ	aneklalētō	G0412	A-DSF	ἀνεκλάλητος	inexpressible	inexpressible	NA28+NA27+Tyn+SBL+WH+Treg+TR+Byz	
1	8	15	NKO	καὶ	kai	G2532	CONJ	καί	and	and	NA28+NA27+Tyn+SBL+WH+Treg+TR+Byz	
1	8	16	NKO	δεδοξασμένῃ,	dedoxasmenē	G1392	V-RPP-DSF	δοξάζω	to glorify	glory-filled,	NA28+NA27+Tyn+SBL+WH+Treg+TR+Byz	
1	9	1	NKO	κομιζόμενοι	komizomenoi	G2865	V-PMP-NPM	κομίζω	to bring/be repaid	receiving	NA28+NA27+Tyn+SBL+WH+Treg+TR+Byz	
1	9	2	NKO	τὸ	to	G3588	T-ASN	ὁ	the/this/who	the	NA28+NA27+Tyn+SBL+WH+Treg+TR+Byz	
1	9	3	NKO	τέλος	telos	G5056	N-ASN	τέλος	goal/tax	outcome	NA28+NA27+Tyn+SBL+WH+Treg+TR+Byz	
1	9	4	NKO	τῆς	tēs	G3588	T-GSF	ὁ	the/this/who	of the	NA28+NA27+Tyn+SBL+WH+Treg+TR+Byz	
1	9	5	NKO	πίστεως	pisteōs	G4102G	N-GSF	πίστις	faith	faith	NA28+NA27+Tyn+SBL+WH+Treg+TR+Byz	
1	9	6	NKO	ὑμῶν,	humōn	G4771	P-2GP	σύ	you	of you,	NA28+NA27+Tyn+SBL+Treg+TR+Byz	
1	9	7	NKO	σωτηρίαν	sōtērian	G4991	N-ASF	σωτηρία	salvation	[the] salvation	NA28+NA27+Tyn+SBL+WH+Treg+TR+Byz	
1	9	8	NKO	ψυχῶν·	psuchōn	G5590G	N-GPF	ψυχή	soul	of [your] souls;	NA28+NA27+Tyn+SBL+WH+Treg+TR+Byz	
1	10	1	NKO	περὶ	peri	G4012	PREP	περί	about	Concerning	NA28+NA27+Tyn+SBL+WH+Treg+TR+Byz	
1	10	2	NKO	ἧς	hēs	G3739	R-GSF	ὅς, ἥ	which	this	NA28+NA27+Tyn+SBL+WH+Treg+TR+Byz	
1	10	3	NKO	σωτηρίας	sōtērias	G4991	N-GSF	σωτηρία	salvation	salvation	NA28+NA27+Tyn+SBL+WH+Treg+TR+Byz	
1	10	4	NKO	ἐξεζήτησαν	exezētēsan	G1567	V-AAI-3P	ἐκζητέω	to seek out	sought out	NA28+NA27+Tyn+SBL+WH+Treg+TR+Byz	
1	10	5	NKO	καὶ	kai	G2532	CONJ	καί	and	and	NA28+NA27+Tyn+SBL+WH+Treg+TR+Byz	
1	10	6	NKO	ἐξηραύνησαν	exēraunēsan	G1830	V-AAI-3P	ἐξερευνάω	to search out	searched out diligently	NA28+NA27+Tyn+SBL+WH+Treg+TR+Byz	
1	10	7	NKO	προφῆται	prophētai	G4396	N-NPM	προφήτης	prophet	[the] prophets	NA28+NA27+Tyn+SBL+WH+Treg+TR+Byz	
1	10	8	NKO	οἱ	hoi	G3588	T-NPM	ὁ	the/this/who	<the>	NA28+NA27+Tyn+SBL+WH+Treg+TR+Byz	
1	10	9	NKO	περὶ	peri	G4012	PREP	περί	about	of	NA28+NA27+Tyn+SBL+WH+Treg+TR+Byz	
1	10	10	NKO	τῆς	tēs	G3588	T-GSF	ὁ	the/this/who	the	NA28+NA27+Tyn+SBL+WH+Treg+TR+Byz	
1	10	11	NKO	εἰς	eis	G1519	PREP	εἰς	toward	toward	NA28+NA27+Tyn+SBL+WH+Treg+TR+Byz	
1	10	12	NKO	ὑμᾶς	humas	G4771	P-2AP	σύ	you	you	NA28+NA27+Tyn+SBL+WH+Treg+TR+Byz	
1	10	13	NKO	χάριτος	charitos	G5485	N-GSF	χάρις	grace	grace	NA28+NA27+Tyn+SBL+WH+Treg+TR+Byz	
1	10	14	NKO	προφητεύσαντες,	prophēteusantes	G4395	V-AAP-NPM	προφητεύω	to prophesy	having prophesied,	NA28+NA27+Tyn+SBL+WH+Treg+TR+Byz	
1	11	1	NKO	ἐραυνῶντες	eraunōntes	G2045	V-PAP-NPM	ἐρευνάω	to look for/into	inquiring	NA28+NA27+Tyn+SBL+WH+Treg+TR+Byz	
1	11	2	NKO	εἰς	eis	G1519	PREP	εἰς	toward	into	NA28+NA27+Tyn+SBL+WH+Treg+TR+Byz	
1	11	3	NKO	τίνα	tina	G5101	I-ASM	τίς	which?	what	NA28+NA27+Tyn+SBL+WH+Treg+TR+Byz	
1	11	4	NKO	ἢ	ē	G2228	CONJ	ἤ	or/than	or	NA28+NA27+Tyn+SBL+WH+Treg+TR+Byz	
1	11	5	NKO	ποῖον	poion	G4169	I-ASM	ποῖος	what?	what manner of	NA28+NA27+Tyn+SBL+WH+Treg+TR+Byz	
1	11	6	NKO	καιρὸν	kairon	G2540	N-ASM	καιρός	time/right time	time	NA28+NA27+Tyn+SBL+WH+Treg+TR+Byz	
1	11	7	NKO	ἐδήλου	edēlou	G1213	V-IAI-3S	δηλόω	to make clear	was signifying	NA28+NA27+Tyn+SBL+WH+Treg+TR+Byz	
1	11	8	NKO	τὸ	to	G3588	T-NSN	ὁ	the/this/who	the	NA28+NA27+Tyn+SBL+WH+Treg+TR+Byz	
1	11	9	NKO	ἐν	en	G1722	PREP	ἐν	in/on/among	in	NA28+NA27+Tyn+SBL+WH+Treg+TR+Byz	
1	11	10	NKO	αὐτοῖς	autois	G0846	P-DPM	αὐτός	he/she/it/self	them	NA28+NA27+Tyn+SBL+WH+Treg+TR+Byz	
1	11	11	NKO	πνεῦμα	pneuma	G4151G	N-NSN	πνεῦμα	spirit/breath	Spirit	NA28+NA27+Tyn+SBL+WH+Treg+TR+Byz	
1	11	12	NKO	Χριστοῦ	Christou	G5547	N-GSM-T	Χριστός	Christ	of Christ	NA28+NA27+Tyn+SBL+WH+Treg+TR+Byz	
1	11	13	NKO	προμαρτυρόμενον	promarturomenon	G4303	V-PNP-NSN	προμαρτύρομαι	to predict	testifying beforehand	NA28+NA27+Tyn+SBL+WH+Treg+TR+Byz	
1	11	14	NKO	τὰ	ta	G3588	T-APN	ὁ	the/this/who	<the>	NA28+NA27+Tyn+SBL+WH+Treg+TR+Byz	
1	11	15	NKO	εἰς	eis	G1519	PREP	εἰς	toward	unto	NA28+NA27+Tyn+SBL+WH+Treg+TR+Byz	
1	11	16	NKO	Χριστὸν	Christon	G5547	N-ASM-T	Χριστός	Christ	Christ's	NA28+NA27+Tyn+SBL+WH+Treg+TR+Byz	
1	11	17	NKO	παθήματα	pathēmata	G3804	N-APN	πάθημα	suffering	sufferings	NA28+NA27+Tyn+SBL+WH+Treg+TR+Byz	
1	11	18	NKO	καὶ	kai	G2532	CONJ	καί	and	and	NA28+NA27+Tyn+SBL+WH+Treg+TR+Byz	
1	11	19	NKO	τὰς	tas	G3588	T-APF	ὁ	the/this/who	the	NA28+NA27+Tyn+SBL+WH+Treg+TR+Byz	
1	11	20	NKO	μετὰ	meta	G3326	PREP	μετά	with/after	after	NA28+NA27+Tyn+SBL+WH+Treg+TR+Byz	
1	11	21	NKO	ταῦτα	tauta	G3778	D-APN	οὗτος	this/he/she/it	these	NA28+NA27+Tyn+SBL+WH+Treg+TR+Byz	
1	11	22	NKO	δόξας·	doxas	G1391	N-APF	δόξα	glory	glories;	NA28+NA27+Tyn+SBL+WH+Treg+TR+Byz	
1	12	1	NKO	οἷς	hois	G3739	R-DPM	ὅς, ἥ	which	to whom	NA28+NA27+Tyn+SBL+WH+Treg+TR+Byz	
1	12	2	NKO	ἀπεκαλύφθη	apekaluphthē	G0601	V-API-3S	ἀποκαλύπτω	to reveal	it was revealed	NA28+NA27+Tyn+SBL+WH+Treg+TR+Byz	
1	12	3	NKO	ὅτι	hoti	G3754G	CONJ	ὅτι	that/since	that	NA28+NA27+Tyn+SBL+WH+Treg+TR+Byz	
1	12	4	NKO	οὐχ	ouch	G3756	PRT-N	οὐ	no	not	NA28+NA27+Tyn+SBL+WH+Treg+TR+Byz	
1	12	5	NKO	ἑαυτοῖς	he'autois	G1438	F-3DPM	ἑαυτοῦ	my/your/him-self	themselves	NA28+NA27+Tyn+SBL+WH+Treg+TR+Byz	
1	12	6	N(K)O	ὑμῖν	humin	G4771	P-2DP	σύ	you	you	NA28+NA27+Tyn+SBL+WH+Treg+Byz	
1	12	7	NKO	δὲ	de	G1161	CONJ	δέ	but/and	however	NA28+NA27+Tyn+SBL+WH+Treg+TR+Byz	
1	12	8	NKO	διηκόνουν	diēkonoun	G1247	V-IAI-3P	διακονέω	to serve	they were serving	NA28+NA27+Tyn+SBL+WH+Treg+TR+Byz	
1	12	9	NKO	αὐτά,	auta	G0846	P-APN	αὐτός	he/she/it/self	in those things	NA28+NA27+Tyn+SBL+WH+Treg+TR+Byz	
1	12	10	NKO	ἃ	ha	G3739	R-NPN	ὅς, ἥ	which	which	NA28+NA27+Tyn+SBL+WH+Treg+TR+Byz	
1	12	11	NKO	νῦν	nun	G3568	ADV	νῦν	now	now	NA28+NA27+Tyn+SBL+WH+Treg+TR+Byz	
1	12	12	NKO	ἀνηγγέλη	anēngelē	G0312	V-2API-3S	ἀναγγέλλω	to report	have been proclaimed	NA28+NA27+Tyn+SBL+WH+Treg+TR+Byz	
1	12	13	NKO	ὑμῖν	humin	G4771	P-2DP	σύ	you	to you	NA28+NA27+Tyn+SBL+WH+Treg+TR+Byz	
1	12	14	NKO	διὰ	dia	G1223	PREP	διά	through/because of	through	NA28+NA27+Tyn+SBL+WH+Treg+TR+Byz	
1	12	15	NKO	τῶν	tōn	G3588	T-GPM	ὁ	the/this/who	those	NA28+NA27+Tyn+SBL+WH+Treg+TR+Byz	
1	12	16	NKO	εὐαγγελισαμένων	euangelisamenōn	G2097	V-AMP-GPM	εὐαγγελίζομαι	to speak good news	having evangelised	NA28+NA27+Tyn+SBL+WH+Treg+TR+Byz	
1	12	17	NKO	ὑμᾶς	humas	G4771	P-2AP	σύ	you	you	NA28+NA27+Tyn+SBL+WH+Treg+TR+Byz	
1	12	18	NKO	ἐν	en	G1722	PREP	ἐν	in/on/among	by	NA28+NA27+TR+Byz	
1	12	19	NKO	πνεύματι	pneumati	G4151G	N-DSN	πνεῦμα	spirit/breath	[the] Spirit	NA28+NA27+Tyn+SBL+WH+Treg+TR+Byz	
1	12	20	NKO	ἁγίῳ	hagiō	G0040G	A-DSN	ἅγιος	holy	Holy	NA28+NA27+Tyn+SBL+WH+Treg+TR+Byz	
1	12	21	NKO	ἀποσταλέντι	apostalenti	G0649	V-2APP-DSN	ἀποστέλλω	to send	having been sent	NA28+NA27+Tyn+SBL+WH+Treg+TR+Byz	
1	12	22	NKO	ἀπ᾽	ap᾽	G0575	PREP	ἀπό	away from	from	NA28+NA27+Tyn+SBL+WH+Treg+TR+Byz	
1	12	23	NKO	οὐρανοῦ,	ouranou	G3772	N-GSM	οὐρανός	heaven	heaven,	NA28+NA27+Tyn+SBL+WH+Treg+TR+Byz	
1	12	24	NKO	εἰς	eis	G1519	PREP	εἰς	toward	into	NA28+NA27+Tyn+SBL+WH+Treg+TR+Byz	
1	12	25	NKO	ἃ	ha	G3739	R-APN	ὅς, ἥ	which	which	NA28+NA27+Tyn+SBL+WH+Treg+TR+Byz	
1	12	26	NKO	ἐπιθυμοῦσιν	epithumousin	G1937	V-PAI-3P	ἐπιθυμέω	to long for	desire	NA28+NA27+Tyn+SBL+WH+Treg+TR+Byz	
1	12	27	NKO	ἄγγελοι	angeloi	G0032G	N-NPM	ἄγγελος	angel	angels	NA28+NA27+Tyn+SBL+WH+Treg+TR+Byz	
1	12	28	NKO	παρακύψαι.¶	parakupsai	G3879	V-AAN	παρακύπτω	to stoop	to look.	NA28+NA27+Tyn+SBL+WH+Treg+TR+Byz	
1	13	1	NKO	Διὸ	Dio	G1352	CONJ	διό	for	Therefore	NA28+NA27+Tyn+SBL+WH+Treg+TR+Byz	
1	13	2	NKO	ἀναζωσάμενοι	anazōsamenoi	G0328	V-AMP-NPM	ἀναζώννυμι	to gird	having girded up	NA28+NA27+Tyn+SBL+WH+Treg+TR+Byz	
1	13	3	NKO	τὰς	tas	G3588	T-APF	ὁ	the/this/who	the	NA28+NA27+Tyn+SBL+WH+Treg+TR+Byz	
1	13	4	NKO	ὀσφύας	osphuas	G3751	N-APF	ὀσφῦς	loins	loins	NA28+NA27+Tyn+SBL+WH+Treg+TR+Byz	
1	13	5	NKO	τῆς	tēs	G3588	T-GSF	ὁ	the/this/who	of the	NA28+NA27+Tyn+SBL+WH+Treg+TR+Byz	
1	13	6	NKO	διανοίας	dianoias	G1271	N-GSF	διάνοια	mind	mind	NA28+NA27+Tyn+SBL+WH+Treg+TR+Byz	
1	13	7	NKO	ὑμῶν,	humōn	G4771	P-2GP	σύ	you	of you,	NA28+NA27+Tyn+SBL+WH+Treg+TR+Byz	
1	13	8	NKO	νήφοντες,	nēphontes	G3525	V-PAP-NPM	νήφω	be sober	being sober-minded,	NA28+NA27+Tyn+SBL+WH+Treg+TR+Byz	
1	13	9	NKO	τελείως	teleiōs	G5049	ADV	τελείως	completely	fully	NA28+NA27+Tyn+SBL+WH+Treg+TR+Byz	
1	13	10	NKO	ἐλπίσατε	elpisate	G1679	V-AAM-2P	ἐλπίζω	to hope/expect	do set [your] hope	NA28+NA27+Tyn+SBL+WH+Treg+TR+Byz	
1	13	11	NKO	ἐπὶ	epi	G1909	PREP	ἐπί	upon/to/against	upon	NA28+NA27+Tyn+SBL+WH+Treg+TR+Byz	
1	13	12	NKO	τὴν	tēn	G3588	T-ASF	ὁ	the/this/who	which	NA28+NA27+Tyn+SBL+WH+Treg+TR+Byz	
1	13	13	NKO	φερομένην	pheromenēn	G5342	V-PPP-ASF	φέρω	to bear/lead	is being brought	NA28+NA27+Tyn+SBL+WH+Treg+TR+Byz	
1	13	14	NKO	ὑμῖν	humin	G4771	P-2DP	σύ	you	to you	NA28+NA27+Tyn+SBL+WH+Treg+TR+Byz	
1	13	15	NKO	χάριν	charin	G5485	N-ASF	χάρις	grace	grace	NA28+NA27+Tyn+SBL+WH+Treg+TR+Byz	
1	13	16	NKO	ἐν	en	G1722	PREP	ἐν	in/on/among	in	NA28+NA27+Tyn+SBL+WH+Treg+TR+Byz	
1	13	17	NKO	ἀποκαλύψει	apokalupsei	G0602	N-DSF	ἀποκάλυψις	revelation	[the] revelation	NA28+NA27+Tyn+SBL+WH+Treg+TR+Byz	
1	13	18	NKO	Ἰησοῦ	Iēsou	G2424G	N-GSM-P	Ἰησοῦς	Jesus/Joshua	of Jesus	NA28+NA27+Tyn+SBL+WH+Treg+TR+Byz	
1	13	19	NKO	Χριστοῦ.	Christou	G5547	N-GSM-T	Χριστός	Christ	Christ.	NA28+NA27+Tyn+SBL+WH+Treg+TR+Byz	
1	14	1	NKO	ὡς	hōs	G5613	PRT	ὡς	which/how	as	NA28+NA27+Tyn+SBL+WH+Treg+TR+Byz	
1	14	2	NKO	τέκνα	tekna	G5043	N-NPN	τέκνον	child	children	NA28+NA27+Tyn+SBL+WH+Treg+TR+Byz	
1	14	3	NKO	ὑπακοῆς	hupakoēs	G5218	N-GSF	ὑπακοή	obedience	of obedience	NA28+NA27+Tyn+SBL+WH+Treg+TR+Byz	
1	14	4	NKO	μὴ	mē	G3361	PRT-N	μή	not	not	NA28+NA27+Tyn+SBL+WH+Treg+TR+Byz	
1	14	5	NKO	συσχηματιζόμενοι	suschēmatizomenoi	G4964	V-PEP-NPM	συσχηματίζω	to conform to	fashioning yourselves	NA28+NA27+Tyn+SBL+WH+Treg+TR+Byz	
1	14	6	NKO	ταῖς	tais	G3588	T-DPF	ὁ	the/this/who	to the	NA28+NA27+Tyn+SBL+WH+Treg+TR+Byz	
1	14	7	NKO	πρότερον	proteron	G4386	ADV-C	πρότερον	previously	former	NA28+NA27+Tyn+SBL+WH+Treg+TR+Byz	
1	14	8	NKO	ἐν	en	G1722	PREP	ἐν	in/on/among	in	NA28+NA27+Tyn+SBL+WH+Treg+TR+Byz	
1	14	9	NKO	τῇ	tēa	G3588	T-DSF	ὁ	the/this/who	the	NA28+NA27+Tyn+SBL+WH+Treg+TR+Byz	
1	14	10	NKO	ἀγνοίᾳ	agnoia	G0052	N-DSF	ἄγνοια	ignorance	ignorance	NA28+NA27+Tyn+SBL+WH+Treg+TR+Byz	
1	14	11	NKO	ὑμῶν	humōn	G4771	P-2GP	σύ	you	of you	NA28+NA27+Tyn+SBL+WH+Treg+TR+Byz	
1	14	12	NKO	ἐπιθυμίαις,	epithumiais	G1939	N-DPF	ἐπιθυμία	desire	desires,	NA28+NA27+Tyn+SBL+WH+Treg+TR+Byz	
1	15	1	NKO	ἀλλὰ	alla	G0235	CONJ	ἀλλά	but	But	NA28+NA27+Tyn+SBL+WH+Treg+TR+Byz	
1	15	2	NKO	κατὰ	kata	G2596	PREP	κατά	according to	as	NA28+NA27+Tyn+SBL+WH+Treg+TR+Byz	
1	15	3	NKO	τὸν	ton	G3588	T-ASM	ὁ	the/this/who	the [One]	NA28+NA27+Tyn+SBL+WH+Treg+TR+Byz	
1	15	4	NKO	καλέσαντα	kalesanta	G2564G	V-AAP-ASM	καλέω	to call	having called	NA28+NA27+Tyn+SBL+WH+Treg+TR+Byz	
1	15	5	NKO	ὑμᾶς	humas	G4771	P-2AP	σύ	you	you	NA28+NA27+Tyn+SBL+WH+Treg+TR+Byz	
1	15	6	NKO	ἅγιον	hagion	G0040G	A-ASM	ἅγιος	holy	[is] holy	NA28+NA27+Tyn+SBL+WH+Treg+TR+Byz	
1	15	7	NKO	καὶ	kai	G2532	CONJ	καί	and	also	NA28+NA27+Tyn+SBL+WH+Treg+TR+Byz	
1	15	8	NKO	αὐτοὶ	autoi	G0846	P-NPM	αὐτός	he/she/it/self	yourselves	NA28+NA27+Tyn+SBL+WH+Treg+TR+Byz	
1	15	9	NKO	ἅγιοι	hagioi	G0040G	A-NPM	ἅγιος	holy	holy	NA28+NA27+Tyn+SBL+WH+Treg+TR+Byz	
1	15	10	NKO	ἐν	en	G1722	PREP	ἐν	in/on/among	in	NA28+NA27+Tyn+SBL+WH+Treg+TR+Byz	
1	15	11	NKO	πάσῃ	pasē	G3956	A-DSF	πᾶς	all	all	NA28+NA27+Tyn+SBL+WH+Treg+TR+Byz	
1	15	12	NKO	ἀναστροφῇ	anastrophēa	G0391	N-DSF	ἀναστροφή	behaviour	[your] conduct	NA28+NA27+Tyn+SBL+WH+Treg+TR+Byz	
1	15	13	NKO	γενήθητε,	genēthēte	G1096	V-AOM-2P	γίνομαι	to be	do be,	NA28+NA27+Tyn+SBL+WH+Treg+TR+Byz	
1	16	1	NKO	διότι	dioti	G1360	CONJ	διότι	because	because	NA28+NA27+Tyn+SBL+WH+Treg+TR+Byz	
1	16	2	NKO	γέγραπται·	gegraptai	G1125	V-RPI-3S	γράφω	to write	it has been written:	NA28+NA27+Tyn+SBL+WH+Treg+TR+Byz	
1	16	3	no	ὅτι	hoti	G3754G	CONJ	ὅτι	that/since	that	NA27+SBL+WH	
1	16	4	NKO	ἅγιοι	hagioi	G0040G	A-NPM	ἅγιος	holy	Holy	NA28+NA27+Tyn+SBL+WH+Treg+TR+Byz	
1	16	5	N(k)(o)	ἔσεσθε,	esesthe	G1510	V-FDI-2P	εἰμί	to be	you will be,	NA28+NA27+Tyn+SBL+WH+Treg	
1	16	6	NKO	ὅτι	hoti	G3754H	CONJ	ὅτι	that/since	because	NA28+NA27+Tyn+SBL+WH+Treg+TR+Byz	
1	16	7	NKO	ἐγὼ	egō	G1473	P-1NS	ἐγώ	I/we	I myself	NA28+NA27+Tyn+SBL+WH+Treg+TR+Byz	
1	16	8	NKO	ἅγιος	hagios	G0040G	A-NSM	ἅγιος	holy	holy	NA28+NA27+Tyn+SBL+WH+Treg+TR+Byz	
1	16	9	NK	εἰμι.	eimi	G1510	V-PAI-1S	εἰμί	to be	am.	NA27+TR+Byz	
1	17	1	NKO	καὶ	kai	G2532	CONJ	καί	and	And	NA28+NA27+Tyn+SBL+WH+Treg+TR+Byz	
1	17	2	NKO	εἰ	ei	G1487G	COND	εἰ	if	if	NA28+NA27+Tyn+SBL+WH+Treg+TR+Byz	
1	17	3	NKO	πατέρα	patera	G3962	N-ASM-T	πατήρ	father	[as] Father	NA28+NA27+Tyn+SBL+WH+Treg+TR+Byz	
1	17	4	NKO	ἐπικαλεῖσθε	epikaleisthe	G1941	V-PMI-2P	ἐπικαλέω	to call (on)/name	you call on	NA28+NA27+Tyn+SBL+WH+Treg+TR+Byz	
1	17	5	NKO	τὸν	ton	G3588	T-ASM	ὁ	the/this/who	the [One]	NA28+NA27+Tyn+SBL+WH+Treg+TR+Byz	
1	17	6	NKO	ἀπροσωπολήμπτως	aprosōpolēmptōs	G0678	ADV	ἀπροσωπολήπτως	impartially	impartially	NA28+NA27+Tyn+SBL+WH+Treg+TR+Byz	
1	17	7	NKO	κρίνοντα	krinonta	G2919	V-PAP-ASM	κρίνω	to judge	judging	NA28+NA27+Tyn+SBL+WH+Treg+TR+Byz	
1	17	8	NKO	κατὰ	kata	G2596	PREP	κατά	according to	according to	NA28+NA27+Tyn+SBL+WH+Treg+TR+Byz	
1	17	9	NKO	τὸ	to	G3588	T-ASN	ὁ	the/this/who	the	NA28+NA27+Tyn+SBL+WH+Treg+TR+Byz	
1	17	10	NKO	ἑκάστου	hekastou	G1538	A-GSM	ἕκαστος	each	of each	NA28+NA27+Tyn+SBL+WH+Treg+TR+Byz	
1	17	11	NKO	ἔργον,	ergon	G2041	N-ASN	ἔργον	work	work,	NA28+NA27+Tyn+SBL+WH+Treg+TR+Byz	
1	17	12	NKO	ἐν	en	G1722	PREP	ἐν	in/on/among	in	NA28+NA27+Tyn+SBL+WH+Treg+TR+Byz	
1	17	13	NKO	φόβῳ	phobō	G5401	N-DSM	φόβος	fear	fear	NA28+NA27+Tyn+SBL+WH+Treg+TR+Byz	
1	17	14	NKO	τὸν	ton	G3588	T-ASM	ὁ	the/this/who	during the	NA28+NA27+Tyn+SBL+WH+Treg+TR+Byz	
1	17	15	NKO	τῆς	tēs	G3588	T-GSF	ὁ	the/this/who	of the	NA28+NA27+Tyn+SBL+WH+Treg+TR+Byz	
1	17	16	NKO	παροικίας	paroikias	G3940	N-GSF	παροικία	sojourning	sojourn	NA28+NA27+Tyn+SBL+WH+Treg+TR+Byz	
1	17	17	NKO	ὑμῶν	humōn	G4771	P-2GP	σύ	you	of you	NA28+NA27+Tyn+SBL+WH+Treg+TR+Byz	
1	17	18	NKO	χρόνον	chronon	G5550	N-ASM	χρόνος	time	time	NA28+NA27+Tyn+SBL+WH+Treg+TR+Byz	
1	17	19	NKO	ἀναστράφητε·	anastraphēte	G0390	V-2APM-2P	ἀναστρέφω	to live/return	do conduct yourselves;	NA28+NA27+Tyn+SBL+WH+Treg+TR+Byz	
1	18	1	NKO	εἰδότες	eidotes	G6063	V-RAP-NPM	εἴδω	to perceive	knowing	NA28+NA27+Tyn+SBL+WH+Treg+TR+Byz	
1	18	2	NKO	ὅτι	hoti	G3754G	CONJ	ὅτι	that/since	that	NA28+NA27+Tyn+SBL+WH+Treg+TR+Byz	
1	18	3	NKO	οὐ	ou	G3756	PRT-N	οὐ	no	not	NA28+NA27+Tyn+SBL+WH+Treg+TR+Byz	
1	18	4	NKO	φθαρτοῖς,	phthartois	G5349	A-DPN	φθαρτός	perishable	by perishable things —	NA28+NA27+Tyn+SBL+WH+Treg+TR+Byz	
1	18	5	NKO	ἀργυρίῳ	arguriō	G0694	N-DSN	ἀργύριον	money	by silver	NA28+NA27+Tyn+SBL+WH+Treg+TR+Byz	
1	18	6	NKO	ἢ	ē	G2228	CONJ	ἤ	or/than	or	NA28+NA27+Tyn+SBL+WH+Treg+TR+Byz	
1	18	7	NKO	χρυσίῳ,	chrusiō	G5553	N-DSN	χρυσίον	gold	by gold —	NA28+NA27+Tyn+SBL+WH+Treg+TR+Byz	
1	18	8	NKO	ἐλυτρώθητε	elutrōthēte	G3084	V-API-2P	λυτρόω	to ransom	you were redeemed	NA28+NA27+Tyn+SBL+WH+Treg+TR+Byz	
1	18	9	NKO	ἐκ	ek	G1537	PREP	ἐκ	out from	from	NA28+NA27+Tyn+SBL+WH+Treg+TR+Byz	
1	18	10	NKO	τῆς	tēs	G3588	T-GSF	ὁ	the/this/who	the	NA28+NA27+Tyn+SBL+WH+Treg+TR+Byz	
1	18	11	NKO	ματαίας	mataias	G3152	A-GSF	μάταιος	futile	futile	NA28+NA27+Tyn+SBL+WH+Treg+TR+Byz	
1	18	12	NKO	ὑμῶν	humōn	G4771	P-2GP	σύ	you	of you	NA28+NA27+Tyn+SBL+WH+Treg+TR+Byz	
1	18	13	NKO	ἀναστροφῆς	anastrophēs	G0391	N-GSF	ἀναστροφή	behaviour	manner of life	NA28+NA27+Tyn+SBL+WH+Treg+TR+Byz	
1	18	14	NKO	πατροπαραδότου,	patroparadotou	G3970	A-GSF	πατροπαράδοτος	from forefathers	handed down from [your] fathers,	NA28+NA27+Tyn+SBL+WH+Treg+TR+Byz	
1	19	1	NKO	ἀλλὰ	alla	G0235	CONJ	ἀλλά	but	but	NA28+NA27+Tyn+SBL+WH+Treg+TR+Byz	
1	19	2	NKO	τιμίῳ	timiō	G5093	A-DSN	τίμιος	precious	by [the] precious	NA28+NA27+Tyn+SBL+WH+Treg+TR+Byz	
1	19	3	NKO	αἵματι	aimati	G0129G	N-DSN	αἷμα	blood	blood	NA28+NA27+Tyn+SBL+WH+Treg+TR+Byz	
1	19	4	NKO	ὡς	hōs	G5613	PRT	ὡς	which/how	as	NA28+NA27+Tyn+SBL+WH+Treg+TR+Byz	
1	19	5	NKO	ἀμνοῦ	amnou	G0286	N-GSM	ἀμνός	lamb	of a lamb	NA28+NA27+Tyn+SBL+WH+Treg+TR+Byz	
1	19	6	NKO	ἀμώμου	amōmou	G0299	A-GSM	ἄμωμος	blameless	without blemish	NA28+NA27+Tyn+SBL+WH+Treg+TR+Byz	
1	19	7	NKO	καὶ	kai	G2532	CONJ	καί	and	and	NA28+NA27+Tyn+SBL+WH+Treg+TR+Byz	
1	19	8	NKO	ἀσπίλου	aspilou	G0784	A-GSM	ἄσπιλος	spotless	without spot	NA28+NA27+Tyn+SBL+WH+Treg+TR+Byz	
1	19	9	NKO	Χριστοῦ,	Christou	G5547	N-GSM-T	Χριστός	Christ	of Christ,	NA28+NA27+Tyn+SBL+WH+Treg+TR+Byz	
1	20	1	NKO	προεγνωσμένου	proegnōsmenou	G4267	V-RPP-GSM	προγινώσκω	to know/choose	foreknown	NA28+NA27+Tyn+SBL+WH+Treg+TR+Byz	
1	20	2	NKO	μὲν	men	G3303	PRT	μέν	on one hand	indeed	NA28+NA27+Tyn+SBL+WH+Treg+TR+Byz	
1	20	3	NKO	πρὸ	pro	G4253	PREP	πρό	before	before	NA28+NA27+Tyn+SBL+WH+Treg+TR+Byz	
1	20	4	NKO	καταβολῆς	katabolēs	G2602	N-GSF	καταβολή	beginning	[the] foundation	NA28+NA27+Tyn+SBL+WH+Treg+TR+Byz	
1	20	5	NKO	κόσμου,	kosmou	G2889	N-GSM	κόσμος	world	[the] world,	NA28+NA27+Tyn+SBL+WH+Treg+TR+Byz	
1	20	6	NKO	φανερωθέντος	phanerōthentos	G5319	V-APP-GSM	φανερόω	to manifest	having been revealed	NA28+NA27+Tyn+SBL+WH+Treg+TR+Byz	
1	20	7	NKO	δὲ	de	G1161	CONJ	δέ	but/and	however	NA28+NA27+Tyn+SBL+WH+Treg+TR+Byz	
1	20	8	NKO	ἐπ᾽	ep᾽	G1909	PREP	ἐπί	upon/to/against	in	NA28+NA27+Tyn+SBL+WH+Treg+TR+Byz	
1	20	9	N(k)O	ἐσχάτου	eschatou	G2078	A-GSM	ἔσχατος	last/least	[this] last	NA28+NA27+Tyn+SBL+WH+Treg	
1	20	10	NKO	τῶν	tōn	G3588	T-GPM	ὁ	the/this/who	of the	NA28+NA27+Tyn+SBL+WH+Treg+TR+Byz	
1	20	11	NKO	χρόνων	chronōn	G5550	N-GPM	χρόνος	time	times	NA28+NA27+Tyn+SBL+WH+Treg+TR+Byz	
1	20	12	NKO	δι᾽	di᾽	G1223	PREP	διά	through/because of	for the sake of	NA28+NA27+Tyn+SBL+WH+Treg+TR+Byz	
1	20	13	NKO	ὑμᾶς	humas	G4771	P-2AP	σύ	you	you	NA28+NA27+Tyn+SBL+WH+Treg+TR+Byz	
1	21	1	NKO	τοὺς	tous	G3588	T-APM	ὁ	the/this/who	who	NA28+NA27+Tyn+SBL+WH+Treg+TR+Byz	
1	21	2	NKO	δι᾽	di᾽	G1223	PREP	διά	through/because of	through	NA28+NA27+Tyn+SBL+WH+Treg+TR+Byz	
1	21	3	NKO	αὐτοῦ	autou	G0846	P-GSM	αὐτός	he/she/it/self	Him	NA28+NA27+Tyn+SBL+WH+Treg+TR+Byz	
1	21	4	N(k)O	πιστοὺς	pistous	G4103	A-APM	πιστός	faithful	believing	NA28+NA27+SBL+WH+Treg	
1	21	5	NKO	εἰς	eis	G1519	PREP	εἰς	toward	in	NA28+NA27+Tyn+SBL+WH+Treg+TR+Byz	
1	21	6	NKO	θεόν,	theon	G2316	N-ASM-T	θεός	God	God,	NA28+NA27+Tyn+SBL+WH+Treg+TR+Byz	
1	21	7	NKO	τὸν	ton	G3588	T-ASM	ὁ	the/this/who	the [one]	NA28+NA27+Tyn+SBL+WH+Treg+TR+Byz	
1	21	8	NKO	ἐγείραντα	egeiranta	G1453	V-AAP-ASM	ἐγείρω	to arise	having raised up	NA28+NA27+Tyn+SBL+WH+Treg+TR+Byz	
1	21	9	NKO	αὐτὸν	auton	G0846	P-ASM	αὐτός	he/she/it/self	Him	NA28+NA27+Tyn+SBL+WH+Treg+TR+Byz	
1	21	10	NKO	ἐκ	ek	G1537	PREP	ἐκ	out from	out from	NA28+NA27+Tyn+SBL+WH+Treg+TR+Byz	
1	21	11	NKO	νεκρῶν	nekrōn	G3498	A-GPM	νεκρός	dead	[the] dead	NA28+NA27+Tyn+SBL+WH+Treg+TR+Byz	
1	21	12	NKO	καὶ	kai	G2532	CONJ	καί	and	and	NA28+NA27+Tyn+SBL+WH+Treg+TR+Byz	
1	21	13	NKO	δόξαν	doxan	G1391	N-ASF	δόξα	glory	glory	NA28+NA27+Tyn+SBL+WH+Treg+TR+Byz	
1	21	14	NKO	αὐτῷ	autō	G0846	P-DSM	αὐτός	he/she/it/self	Him	NA28+NA27+Tyn+SBL+WH+Treg+TR+Byz	
1	21	15	NKO	δόντα,	donta	G1325	V-2AAP-ASM	δίδωμι	to give	having given,	NA28+NA27+Tyn+SBL+WH+Treg+TR+Byz	
1	21	16	NKO	ὥστε	hōste	G5620	CONJ	ὥστε	so	so as for	NA28+NA27+Tyn+SBL+WH+Treg+TR+Byz	
1	21	17	NKO	τὴν	tēn	G3588	T-ASF	ὁ	the/this/who	the	NA28+NA27+Tyn+SBL+WH+Treg+TR+Byz	
1	21	18	NKO	πίστιν	pistin	G4102G	N-ASF	πίστις	faith	faith	NA28+NA27+Tyn+SBL+WH+Treg+TR+Byz	
1	21	19	NKO	ὑμῶν	humōn	G4771	P-2GP	σύ	you	of you	NA28+NA27+Tyn+SBL+WH+Treg+TR+Byz	
1	21	20	NKO	καὶ	kai	G2532	CONJ	καί	and	and	NA28+NA27+Tyn+SBL+WH+Treg+TR+Byz	
1	21	21	NKO	ἐλπίδα	elpida	G1680	N-ASF	ἐλπίς	hope	hope	NA28+NA27+Tyn+SBL+WH+Treg+TR+Byz	
1	21	22	NKO	εἶναι	einai	G1511	V-PAN	εἰμί	to be	to be	NA28+NA27+Tyn+SBL+WH+Treg+TR+Byz	
1	21	23	NKO	εἰς	eis	G1519	PREP	εἰς	toward	in	NA28+NA27+Tyn+SBL+WH+Treg+TR+Byz	
1	21	24	NKO	θεόν.¶	theon	G2316	N-ASM-T	θεός	God	God.	NA28+NA27+Tyn+SBL+WH+Treg+TR+Byz	
1	22	1	NKO	Τὰς	Tas	G3588	T-APF	ὁ	the/this/who	The	NA28+NA27+Tyn+SBL+WH+Treg+TR+Byz	
1	22	2	NKO	ψυχὰς	psuchas	G5590G	N-APF	ψυχή	soul	souls	NA28+NA27+Tyn+SBL+WH+Treg+TR+Byz	
1	22	3	NKO	ὑμῶν	humōn	G4771	P-2GP	σύ	you	of you	NA28+NA27+Tyn+SBL+WH+Treg+TR+Byz	
1	22	4	NKO	ἡγνικότες	hēgnikotes	G0048	V-RAP-NPM	ἁγνίζω	to purify	having purified	NA28+NA27+Tyn+SBL+WH+Treg+TR+Byz	
1	22	5	NKO	ἐν	en	G1722	PREP	ἐν	in/on/among	by	NA28+NA27+Tyn+SBL+WH+Treg+TR+Byz	
1	22	6	NKO	τῇ	tēa	G3588	T-DSF	ὁ	the/this/who	<the>	NA28+NA27+Tyn+SBL+WH+Treg+TR+Byz	
1	22	7	NKO	ὑπακοῇ	hupakoēa	G5218	N-DSF	ὑπακοή	obedience	obedience	NA28+NA27+Tyn+SBL+WH+Treg+TR+Byz	
1	22	8	NKO	τῆς	tēs	G3588	T-GSF	ὁ	the/this/who	to the	NA28+NA27+Tyn+SBL+WH+Treg+TR+Byz	
1	22	9	NKO	ἀληθείας	alētheias	G0225	N-GSF	ἀλήθεια	truth	truth	NA28+NA27+Tyn+SBL+WH+Treg+TR+Byz	
1	22	10	K	διὰ	dia	G1223	PREP	διά	through/because of	through	TR+Byz	
1	22	11	K	πνεύματος	pneumatos	G4151G	N-GSN	πνεῦμα	spirit/breath	spirit	TR+Byz	
1	22	12	NKO	εἰς	eis	G1519	PREP	εἰς	toward	unto	NA28+NA27+Tyn+SBL+WH+Treg+TR+Byz	
1	22	13	NKO	φιλαδελφίαν	philadelphian	G5360	N-ASF	φιλαδελφία	brotherly love	brotherly love	NA28+NA27+Tyn+SBL+WH+Treg+TR+Byz	
1	22	14	NKO	ἀνυπόκριτον	anupokriton	G0505	A-ASF	ἀνυπόκριτος	genuine	sincere	NA28+NA27+Tyn+SBL+WH+Treg+TR+Byz	
1	22	15	NKO	ἐκ	ek	G1537	PREP	ἐκ	out from	out of	NA28+NA27+Tyn+SBL+WH+Treg+TR+Byz	
1	22	16	NKO	καθαρᾶς	katharas	G2513	A-GSF	καθαρός	clean	purity	NA28+NA27+Tyn+TR+Byz	
1	22	17	NKO	καρδίας	kardias	G2588	N-GSF	καρδία	heart	of heart	NA28+NA27+Tyn+SBL+WH+Treg+TR+Byz	
1	22	18	NKO	ἀλλήλους	allēlous	G0240	C-APM	ἀλλήλων	one another	one another	NA28+NA27+Tyn+SBL+WH+Treg+TR+Byz	
1	22	19	NKO	ἀγαπήσατε	agapēsate	G0025	V-AAM-2P	ἀγαπάω	to love	do love	NA28+NA27+Tyn+SBL+WH+Treg+TR+Byz	
1	22	20	NKO	ἐκτενῶς·	ektenōs	G1619	ADV	ἐκτενῶς	fervently	fervently;	NA28+NA27+Tyn+SBL+WH+Treg+TR+Byz	
1	23	1	NKO	ἀναγεγεννημένοι	anagegennēmenoi	G0313	V-RPP-NPM	ἀναγεννάω	to beget	born again	NA28+NA27+Tyn+SBL+WH+Treg+TR+Byz	
1	23	2	NKO	οὐκ	ouk	G3756	PRT-N	οὐ	no	not	NA28+NA27+Tyn+SBL+WH+Treg+TR+Byz	
1	23	3	NKO	ἐκ	ek	G1537	PREP	ἐκ	out from	of	NA28+NA27+Tyn+SBL+WH+Treg+TR+Byz	
1	23	4	NKO	σπορᾶς	sporas	G4701	N-GSF	σπορά	seed	seed	NA28+NA27+Tyn+SBL+WH+Treg+TR+Byz	
1	23	5	NKO	φθαρτῆς	phthartēs	G5349	A-GSF	φθαρτός	perishable	perishable	NA28+NA27+Tyn+SBL+WH+Treg+TR+Byz	
1	23	6	NKO	ἀλλ᾽	all᾽	G0235	CONJ	ἀλλά	but	but	NA28+NA27+Tyn+SBL+WH+Treg+TR+Byz	
1	23	7	NKO	ἀφθάρτου	aphthartou	G0862	A-GSF	ἄφθαρτος	incorruptible	of imperishable	NA28+NA27+Tyn+SBL+WH+Treg+TR+Byz	
1	23	8	NKO	διὰ	dia	G1223	PREP	διά	through/because of	through	NA28+NA27+Tyn+SBL+WH+Treg+TR+Byz	
1	23	9	NKO	λόγου	logou	G3056	N-GSM	λόγος	word	[the] word	NA28+NA27+Tyn+SBL+WH+Treg+TR+Byz	
1	23	10	NKO	ζῶντος	zōntos	G2198	V-PAP-GSM	ζάω	to live	living	NA28+NA27+Tyn+SBL+WH+Treg+TR+Byz	
1	23	11	NKO	θεοῦ	theou	G2316	N-GSM-T	θεός	God	of God	NA28+NA27+Tyn+SBL+WH+Treg+TR+Byz	
1	23	12	NKO	καὶ	kai	G2532	CONJ	καί	and	and	NA28+NA27+Tyn+SBL+WH+Treg+TR+Byz	
1	23	13	NKO	μένοντος	menontos	G3306	V-PAP-GSM	μένω	to stay	abiding	NA28+NA27+Tyn+SBL+WH+Treg+TR+Byz	
1	23	14	K	εἰς	eis	G1519	PREP	εἰς	toward	into	TR+Byz	
1	23	15	K	τὸν	ton	G3588	T-ASM	ὁ	the/this/who	the	TR+Byz	
1	23	16	K	αἰῶνα·	aiōna	G0165H	N-ASM	αἰών	an age	age;	TR+Byz	
1	24	1	NKO	διότι	dioti	G1360	CONJ	διότι	because	because	NA28+NA27+Tyn+SBL+WH+Treg+TR+Byz	
1	24	2	NKO	πᾶσα	pasa	G3956	A-NSF	πᾶς	all	All	NA28+NA27+Tyn+SBL+WH+Treg+TR+Byz	
1	24	3	NKO	σὰρξ	sarx	G4561	N-NSF	σάρξ	flesh	flesh [is]	NA28+NA27+Tyn+SBL+WH+Treg+TR+Byz	
1	24	4	NKO	ὡς	hōs	G5613	PRT	ὡς	which/how	like	NA28+NA27+Tyn+SBL+WH+Treg+TR+Byz	
1	24	5	NKO	χόρτος,	chortos	G5528	N-NSM	χόρτος	grass	grass,	NA28+NA27+Tyn+SBL+WH+Treg+TR+Byz	
1	24	6	NKO	καὶ	kai	G2532	CONJ	καί	and	and	NA28+NA27+Tyn+SBL+WH+Treg+TR+Byz	
1	24	7	NKO	πᾶσα	pasa	G3956	A-NSF	πᾶς	all	all	NA28+NA27+Tyn+SBL+WH+Treg+TR+Byz	
1	24	8	NKO	δόξα	doxa	G1391	N-NSF	δόξα	glory	[the] glory	NA28+NA27+Tyn+SBL+WH+Treg+TR+Byz	
1	24	9	N(K)O	αὐτῆς	autēs	G0846	P-GSF	αὐτός	he/she/it/self	of it	NA28+NA27+Tyn+SBL+WH+Treg	
1	24	10	NKO	ὡς	hōs	G5613	PRT	ὡς	which/how	like	NA28+NA27+Tyn+SBL+WH+Treg+TR+Byz	
1	24	11	NKO	ἄνθος	anthos	G0438	N-NSN	ἄνθος	flower	[the] flower	NA28+NA27+Tyn+SBL+WH+Treg+TR+Byz	
1	24	12	NKO	χόρτου·	chortou	G5528	N-GSM	χόρτος	grass	of grass;	NA28+NA27+Tyn+SBL+WH+Treg+TR+Byz	
1	24	13	NKO	ἐξηράνθη	exēranthē	G3583	V-API-3S	ξηραίνω	to dry	Withers	NA28+NA27+Tyn+SBL+WH+Treg+TR+Byz	
1	24	14	NKO	ὁ	ho	G3588	T-NSM	ὁ	the/this/who	the	NA28+NA27+Tyn+SBL+WH+Treg+TR+Byz	
1	24	15	NKO	χόρτος,	chortos	G5528	N-NSM	χόρτος	grass	grass,	NA28+NA27+Tyn+SBL+WH+Treg+TR+Byz	
1	24	16	NKO	καὶ	kai	G2532	CONJ	καί	and	and	NA28+NA27+Tyn+SBL+WH+Treg+TR+Byz	
1	24	17	NKO	τὸ	to	G3588	T-NSN	ὁ	the/this/who	the	NA28+NA27+Tyn+SBL+WH+Treg+TR+Byz	
1	24	18	NKO	ἄνθος	anthos	G0438	N-NSN	ἄνθος	flower	flower	NA28+NA27+Tyn+SBL+WH+Treg+TR+Byz	
1	24	19	K	αὐτοῦ	autou	G0846	P-GSM	αὐτός	he/she/it/self	of him	TR+Byz	
1	24	20	NKO	ἐξέπεσεν·	exepesen	G1601	V-2AAI-3S	ἐκπίπτω	to fall out	falls away;	NA28+NA27+Tyn+SBL+WH+Treg+TR+Byz	
1	25	1	NKO	τὸ	to	G3588	T-NSN	ὁ	the/this/who	<the>	NA28+NA27+Tyn+SBL+WH+Treg+TR+Byz	
1	25	2	NKO	δὲ	de	G1161	CONJ	δέ	but/and	but	NA28+NA27+Tyn+SBL+WH+Treg+TR+Byz	
1	25	3	NKO	ῥῆμα	rhēma	G4487	N-NSN	ῥῆμα	declaration	the declaration	NA28+NA27+Tyn+SBL+WH+Treg+TR+Byz	
1	25	4	NKO	κυρίου	kuriou	G2962G	N-GSM-T	κύριος	lord	of [the] Lord	NA28+NA27+Tyn+SBL+WH+Treg+TR+Byz	
1	25	5	NKO	μένει	menei	G3306	V-PAI-3S	μένω	to stay	abides	NA28+NA27+Tyn+SBL+WH+Treg+TR+Byz	
1	25	6	NKO	εἰς	eis	G1519	PREP	εἰς	toward	to	NA28+NA27+Tyn+SBL+WH+Treg+TR+Byz	
1	25	7	NKO	τὸν	ton	G3588	T-ASM	ὁ	the/this/who	the	NA28+NA27+Tyn+SBL+WH+Treg+TR+Byz	
1	25	8	NKO	αἰῶνα.	aiōna	G0165H	N-ASM	αἰών	an age	age.	NA28+NA27+Tyn+SBL+WH+Treg+TR+Byz	
1	25	9	NKO	τοῦτο	touto	G3778	D-NSN	οὗτος	this/he/she/it	This	NA28+NA27+Tyn+SBL+WH+Treg+TR+Byz	
1	25	10	NKO	δέ	de	G1161	CONJ	δέ	but/and	now	NA28+NA27+Tyn+SBL+WH+Treg+TR+Byz	
1	25	11	NKO	ἐστιν	estin	G1510	V-PAI-3S	εἰμί	to be	is	NA28+NA27+Tyn+SBL+WH+Treg+TR+Byz	
1	25	12	NKO	τὸ	to	G3588	T-NSN	ὁ	the/this/who	the	NA28+NA27+Tyn+SBL+WH+Treg+TR+Byz	
1	25	13	NKO	ῥῆμα	rhēma	G4487	N-NSN	ῥῆμα	declaration	declaration	NA28+NA27+Tyn+SBL+WH+Treg+TR+Byz	
1	25	14	NKO	τὸ	to	G3588	T-NSN	ὁ	the/this/who	which	NA28+NA27+Tyn+SBL+WH+Treg+TR+Byz	
1	25	15	NKO	εὐαγγελισθὲν	euangelisthen	G2097	V-APP-NSN	εὐαγγελίζομαι	to speak good news	having been evangelised	NA28+NA27+Tyn+SBL+WH+Treg+TR+Byz	
1	25	16	NKO	εἰς	eis	G1519	PREP	εἰς	toward	to	NA28+NA27+Tyn+SBL+WH+Treg+TR+Byz	
1	25	17	NKO	ὑμᾶς.¶	humas	G4771	P-2AP	σύ	you	you.	NA28+NA27+Tyn+SBL+WH+Treg+TR+Byz	
2	1	1	NKO	Ἀποθέμενοι	Apothemenoi	G0659	V-2AMP-NPM	ἀποτίθημι	to put aside	Having put aside	NA28+NA27+Tyn+SBL+WH+Treg+TR+Byz	
2	1	2	NKO	οὖν	oun	G3767	CONJ	οὖν	therefore/then	therefore	NA28+NA27+Tyn+SBL+WH+Treg+TR+Byz	
2	1	3	NKO	πᾶσαν	pasan	G3956	A-ASF	πᾶς	all	all	NA28+NA27+Tyn+SBL+WH+Treg+TR+Byz	
2	1	4	NKO	κακίαν	kakian	G2549	N-ASF	κακία	evil	malice	NA28+NA27+Tyn+SBL+WH+Treg+TR+Byz	
2	1	5	NKO	καὶ	kai	G2532	CONJ	καί	and	and	NA28+NA27+Tyn+SBL+WH+Treg+TR+Byz	
2	1	6	NKO	πάντα	panta	G3956	A-ASM	πᾶς	all	all	NA28+NA27+Tyn+SBL+WH+Treg+TR+Byz	
2	1	7	NKO	δόλον	dolon	G1388	N-ASM	δόλος	deceit	deceit	NA28+NA27+Tyn+SBL+WH+Treg+TR+Byz	
2	1	8	NKO	καὶ	kai	G2532	CONJ	καί	and	and	NA28+NA27+Tyn+SBL+WH+Treg+TR+Byz	
2	1	9	NK(O)	ὑποκρίσεις	hupokriseis	G5272	N-APF	ὑπόκρισις	hypocrisy	hypocrisies	NA28+NA27+Tyn+SBL+Treg+TR+Byz	
2	1	10	NKO	καὶ	kai	G2532	CONJ	καί	and	and	NA28+NA27+Tyn+SBL+WH+Treg+TR+Byz	
2	1	11	NKO	φθόνους	phthonous	G5355	N-APM	φθόνος	envy	envies	NA28+NA27+Tyn+SBL+WH+Treg+TR+Byz	
2	1	12	NKO	καὶ	kai	G2532	CONJ	καί	and	and	NA28+NA27+Tyn+SBL+WH+Treg+TR+Byz	
2	1	13	NKO	πάσας	pasas	G3956	A-APF	πᾶς	all	all	NA28+NA27+Tyn+SBL+WH+Treg+TR+Byz	
2	1	14	NKO	καταλαλιάς,	katalalias	G2636	N-APF	καταλαλιά	slander	evil speakings	NA28+NA27+Tyn+SBL+WH+Treg+TR+Byz	
2	2	1	NKO	ὡς	hōs	G5613	PRT	ὡς	which/how	like	NA28+NA27+Tyn+SBL+WH+Treg+TR+Byz	
2	2	2	NKO	ἀρτιγέννητα	artigennēta	G0738	A-NPN	ἀρτιγέννητος	newborn	newborn	NA28+NA27+Tyn+SBL+WH+Treg+TR+Byz	
2	2	3	NKO	βρέφη	brephē	G1025	N-NPN	βρέφος	infant	babies	NA28+NA27+Tyn+SBL+WH+Treg+TR+Byz	
2	2	4	NKO	τὸ	to	G3588	T-ASN	ὁ	the/this/who	<the>	NA28+NA27+Tyn+SBL+WH+Treg+TR+Byz	
2	2	5	NKO	λογικὸν	logikon	G3050	A-ASN	λογικός	spiritual	reasonable	NA28+NA27+Tyn+SBL+WH+Treg+TR+Byz	
2	2	6	NKO	ἄδολον	adolon	G0097	A-ASN	ἄδολος	pure	pure	NA28+NA27+Tyn+SBL+WH+Treg+TR+Byz	
2	2	7	NKO	γάλα	gala	G1051	N-ASN	γάλα	milk	milk	NA28+NA27+Tyn+SBL+WH+Treg+TR+Byz	
2	2	8	NKO	ἐπιποθήσατε	epipothēsate	G1971	V-AAM-2P	ἐπιποθέω	to long for	do crave	NA28+NA27+Tyn+SBL+WH+Treg+TR+Byz	
2	2	9	NKO	ἵνα	ina	G2443	CONJ	ἵνα	in order that/to	so that	NA28+NA27+Tyn+SBL+WH+Treg+TR+Byz	
2	2	10	NKO	ἐν	en	G1722	PREP	ἐν	in/on/among	by	NA28+NA27+Tyn+SBL+WH+Treg+TR+Byz	
2	2	11	NKO	αὐτῷ	autō	G0846	P-DSN	αὐτός	he/she/it/self	it	NA28+NA27+Tyn+SBL+WH+Treg+TR+Byz	
2	2	12	NKO	αὐξηθῆτε	auxēthēte	G0837	V-APS-2P	αὐξάνω	to grow	you may grow up	NA28+NA27+Tyn+SBL+WH+Treg+TR+Byz	
2	2	13	NO	εἰς	eis	G1519	PREP	εἰς	toward	in respect to	NA28+NA27+Tyn+SBL+WH+Treg	
2	2	14	NO	σωτηρίαν,	sōtērian	G4991	N-ASF	σωτηρία	salvation	salvation,	NA28+NA27+Tyn+SBL+WH+Treg	
2	3	1	N(k)O	εἰ	ei	G1487G	COND	εἰ	if	if	NA28+NA27+Tyn+SBL+WH+Treg	
2	3	2	NKO	ἐγεύσασθε	egeusasthe	G1089	V-ADI-2P	γεύω	to taste	you have tasted	NA28+NA27+Tyn+SBL+WH+Treg+TR+Byz	
2	3	3	NKO	ὅτι	hoti	G3754G	CONJ	ὅτι	that/since	that	NA28+NA27+Tyn+SBL+WH+Treg+TR+Byz	
2	3	4	NKO	χρηστὸς	chrēstos	G5543	A-NSM	χρηστός	good/kind	[is] good	NA28+NA27+Tyn+SBL+WH+Treg+TR+Byz	
2	3	5	NKO	ὁ	ho	G3588	T-NSM	ὁ	the/this/who	the	NA28+NA27+Tyn+SBL+WH+Treg+TR+Byz	
2	3	6	NKO	κύριος.	kurios	G2962G	N-NSM-T	κύριος	lord	Lord.	NA28+NA27+Tyn+SBL+WH+Treg+TR+Byz	
2	4	1	NKO	πρὸς	pros	G4314	PREP	πρός	to/with	To	NA28+NA27+Tyn+SBL+WH+Treg+TR+Byz	
2	4	2	NKO	ὃν	hon	G3739	R-ASM	ὅς, ἥ	which	whom	NA28+NA27+Tyn+SBL+WH+Treg+TR+Byz	
2	4	3	NKO	προσερχόμενοι	proserchomenoi	G4334	V-PNP-NPM	προσέρχομαι	to come near/agree	coming	NA28+NA27+Tyn+SBL+WH+Treg+TR+Byz	
2	4	4	NKO	λίθον	lithon	G3037	N-ASM	λίθος	stone	a stone	NA28+NA27+Tyn+SBL+WH+Treg+TR+Byz	
2	4	5	NKO	ζῶντα,	zōnta	G2198	V-PAP-ASM	ζάω	to live	living,	NA28+NA27+Tyn+SBL+WH+Treg+TR+Byz	
2	4	6	NKO	ὑπὸ	hupo	G5259G	PREP	ὑπό	by/under	by	NA28+NA27+Tyn+SBL+WH+Treg+TR+Byz	
2	4	7	NKO	ἀνθρώπων	anthrōpōn	G0444	N-GPM	ἄνθρωπος	a human	men	NA28+NA27+Tyn+SBL+WH+Treg+TR+Byz	
2	4	8	NKO	μὲν	men	G3303	PRT	μέν	on one hand	indeed	NA28+NA27+Tyn+SBL+WH+Treg+TR+Byz	
2	4	9	NKO	ἀποδεδοκιμασμένον	apodedokimasmenon	G0593	V-RPP-ASM	ἀποδοκιμάζω	to reject	rejected	NA28+NA27+Tyn+SBL+WH+Treg+TR+Byz	
2	4	10	NKO	παρὰ	para	G3844	PREP	παρά	from with	in the sight of	NA28+NA27+Tyn+SBL+WH+Treg+TR+Byz	
2	4	11	NKO	δὲ	de	G1161	CONJ	δέ	but/and	however	NA28+NA27+Tyn+SBL+WH+Treg+TR+Byz	
2	4	12	NKO	θεῷ	theō	G2316	N-DSM-T	θεός	God	God	NA28+NA27+Tyn+SBL+WH+Treg+TR+Byz	
2	4	13	NKO	ἐκλεκτὸν	eklekton	G1588	A-ASM	ἐκλεκτός	select	chosen	NA28+NA27+Tyn+SBL+WH+Treg+TR+Byz	
2	4	14	NKO	ἔντιμον,	entimon	G1784	A-ASM	ἔντιμος	valued/honored	[and] precious,	NA28+NA27+Tyn+SBL+WH+Treg+TR+Byz	
2	5	1	NKO	καὶ	kai	G2532	CONJ	καί	and	also	NA28+NA27+Tyn+SBL+WH+Treg+TR+Byz	
2	5	2	NKO	αὐτοὶ	autoi	G0846	P-NPM	αὐτός	he/she/it/self	you yourselves	NA28+NA27+Tyn+SBL+WH+Treg+TR+Byz	
2	5	3	NKO	ὡς	hōs	G5613	PRT	ὡς	which/how	as	NA28+NA27+Tyn+SBL+WH+Treg+TR+Byz	
2	5	4	NKO	λίθοι	lithoi	G3037	N-NPM	λίθος	stone	stones	NA28+NA27+Tyn+SBL+WH+Treg+TR+Byz	
2	5	5	NKO	ζῶντες	zōntes	G2198	V-PAP-NPM	ζάω	to live	living	NA28+NA27+Tyn+SBL+WH+Treg+TR+Byz	
2	5	6	NKO	οἰκοδομεῖσθε	oikodomeisthe	G3618	V-PPI-2P	οἰκοδομέω	to build	are being built up	NA28+NA27+Tyn+SBL+WH+Treg+TR+Byz	
2	5	7	NKO	οἶκος	oikos	G3624G	N-NSM	οἶκος	house	as a house	NA28+NA27+Tyn+SBL+WH+Treg+TR+Byz	
2	5	8	NKO	πνευματικὸς	pneumatikos	G4152	A-NSM	πνευματικός	spiritual	spiritual	NA28+NA27+Tyn+SBL+WH+Treg+TR+Byz	
2	5	9	no	εἰς	eis	G1519	PREP	εἰς	toward	into	NA28+NA27+Tyn+SBL+WH+Treg	
2	5	10	NKO	ἱεράτευμα	hi'erateuma	G2406	N-ASN	ἱεράτευμα	priesthood	a priesthood	NA28+NA27+Tyn+SBL+WH+Treg+TR+Byz	
2	5	11	NKO	ἅγιον	hagion	G0040G	A-ASN	ἅγιος	holy	holy	NA28+NA27+Tyn+SBL+WH+Treg+TR+Byz	
2	5	12	NKO	ἀνενέγκαι	anenegkai	G0399	V-AAN	ἀναφέρω	to carry up	to offer	NA28+NA27+Tyn+SBL+WH+Treg+TR+Byz	
2	5	13	NKO	πνευματικὰς	pneumatikas	G4152	A-APF	πνευματικός	spiritual	spiritual	NA28+NA27+Tyn+SBL+WH+Treg+TR+Byz	
2	5	14	NKO	θυσίας	thusias	G2378	N-APF	θυσία	sacrifice	sacrifices	NA28+NA27+Tyn+SBL+WH+Treg+TR+Byz	
2	5	15	NKO	εὐπροσδέκτους	euprosdektous	G2144	A-APF	εὐπρόσδεκτος	acceptable	acceptable	NA28+NA27+Tyn+SBL+WH+Treg+TR+Byz	
2	5	16	NK	τῷ	tō	G3588	T-DSM	ὁ	the/this/who	<the>	NA27+TR+Byz	
2	5	17	NKO	θεῷ	theō	G2316	N-DSM-T	θεός	God	to God	NA28+NA27+Tyn+SBL+WH+Treg+TR+Byz	
2	5	18	NKO	διὰ	dia	G1223	PREP	διά	through/because of	through	NA28+NA27+Tyn+SBL+WH+Treg+TR+Byz	
2	5	19	NKO	Ἰησοῦ	Iēsou	G2424G	N-GSM-P	Ἰησοῦς	Jesus/Joshua	Jesus	NA28+NA27+Tyn+SBL+WH+Treg+TR+Byz	
2	5	20	NKO	Χριστοῦ.	Christou	G5547	N-GSM-T	Χριστός	Christ	Christ.	NA28+NA27+Tyn+SBL+WH+Treg+TR+Byz	
2	6	1	N(k)O	διότι	dioti	G1360	CONJ	διότι	because	Therefore	NA28+NA27+Tyn+SBL+WH+Treg+Byz	
2	6	2	NKO	περιέχει	periechei	G4023	V-PAI-3S	περιέχω	to contain	it is contained	NA28+NA27+Tyn+SBL+WH+Treg+TR+Byz	
2	6	3	NKO	ἐν	en	G1722	PREP	ἐν	in/on/among	in	NA28+NA27+Tyn+SBL+WH+Treg+TR+Byz	
2	6	4	k	τῇ	tēa	G3588	T-DSF	ὁ	the/this/who	<the>	TR+Byz	
2	6	5	NKO	γραφῇ·	graphēa	G1124	N-DSF	γραφή	a writing	Scripture:	NA28+NA27+Tyn+SBL+WH+Treg+TR+Byz	
2	6	6	NKO	ἰδοὺ	idou	G2400	INJ	ἰδού	look!	Behold	NA28+NA27+Tyn+SBL+WH+Treg+TR+Byz	
2	6	7	NKO	τίθημι	tithēmi	G5087	V-PAI-1S	τίθημι	to place	I lay	NA28+NA27+Tyn+SBL+WH+Treg+TR+Byz	
2	6	8	NKO	ἐν	en	G1722	PREP	ἐν	in/on/among	in	NA28+NA27+Tyn+SBL+WH+Treg+TR+Byz	
2	6	9	NKO	Σιὼν	Siōn	G4622	N-DSF-L	Σιών	Zion	Zion	NA28+NA27+Tyn+SBL+WH+Treg+TR+Byz	
2	6	10	NKO	λίθον	lithon	G3037	N-ASM	λίθος	stone	a stone	NA28+NA27+Tyn+SBL+WH+Treg+TR+Byz	
2	6	11	NKO	ἀκρογωνιαῖον	akrogōniaion	G0204	A-ASM	ἀκρογωνιαῖος	cornerstone	cornerstone	NA28+NA27+Tyn+SBL+WH»1+Treg+TR+Byz	
2	6	12	NKO	ἐκλεκτὸν	eklekton	G1588	A-ASM	ἐκλεκτός	select	a chosen	NA28+NA27+Tyn+SBL+WH+Treg+TR+Byz	
2	6	13	NKO	ἔντιμον,	entimon	G1784	A-ASM	ἔντιμος	valued/honored	precious,	NA28+NA27+Tyn+SBL+WH+Treg+TR+Byz	
2	6	14	NKO	καὶ	kai	G2532	CONJ	καί	and	and	NA28+NA27+Tyn+SBL+WH+Treg+TR+Byz	
2	6	15	NKO	ὁ	ho	G3588	T-NSM	ὁ	the/this/who	the [one] who	NA28+NA27+Tyn+SBL+WH+Treg+TR+Byz	
2	6	16	NKO	πιστεύων	pisteuōn	G4100	V-PAP-NSM	πιστεύω	to trust (in)	is believing	NA28+NA27+Tyn+SBL+WH+Treg+TR+Byz	
2	6	17	NKO	ἐπ᾽	ep᾽	G1909	PREP	ἐπί	upon/to/against	on	NA28+NA27+Tyn+SBL+WH+Treg+TR+Byz	
2	6	18	NKO	αὐτῷ	autō	G0846	P-DSM	αὐτός	he/she/it/self	Him	NA28+NA27+Tyn+SBL+WH+Treg+TR+Byz	
2	6	19	NKO	οὐ	ou	G3756	PRT-N	οὐ	no	certainly	NA28+NA27+Tyn+SBL+WH+Treg+TR+Byz	
2	6	20	NKO	μὴ	mē	G3361	PRT-N	μή	not	not	NA28+NA27+Tyn+SBL+WH+Treg+TR+Byz	
2	6	21	NKO	καταισχυνθῇ.	kataischunthēa	G2617	V-APS-3S	καταισχύνω	to dishonor	may be put to shame.	NA28+NA27+Tyn+SBL+WH+Treg+TR+Byz	
2	7	1	NKO	ὑμῖν	humin	G4771	P-2DP	σύ	you	To you	NA28+NA27+Tyn+SBL+WH+Treg+TR+Byz	
2	7	2	NKO	οὖν	oun	G3767	CONJ	οὖν	therefore/then	therefore [is]	NA28+NA27+Tyn+SBL+WH+Treg+TR+Byz	
2	7	3	NKO	ἡ	hē	G3588	T-NSF	ὁ	the/this/who	the	NA28+NA27+Tyn+SBL+WH+Treg+TR+Byz	
2	7	4	NKO	τιμὴ	timē	G5092	N-NSF	τιμή	honor	preciousness	NA28+NA27+Tyn+SBL+WH+Treg+TR+Byz	
2	7	5	NKO	τοῖς	tois	G3588	T-DPM	ὁ	the/this/who	of those	NA28+NA27+Tyn+SBL+WH+Treg+TR+Byz	
2	7	6	NKO	πιστεύουσιν·	pisteuousin	G4100	V-PAP-DPM	πιστεύω	to trust (in)	believing;	NA28+NA27+Tyn+SBL+WH+Treg+TR+Byz	
2	7	7	N(K)O	ἀπιστοῦσιν	apistousin	G0569	V-PAP-DPM	ἀπιστέω	to disbelieve	[for those] disbelieving	NA28+NA27+Tyn+SBL+WH+Treg	
2	7	8	NKO	δὲ	de	G1161	CONJ	δέ	but/and	however	NA28+NA27+Tyn+SBL+WH+Treg+TR+Byz	
2	7	9	N(k)O	λίθος	lithos	G3037	N-NSM	λίθος	stone	[the] stone	NA28+NA27+Tyn+SBL+WH+Treg	
2	7	10	NKO	ὃν	hon	G3739	R-ASM	ὅς, ἥ	which	which	NA28+NA27+Tyn+SBL+WH+Treg+TR+Byz	
2	7	11	NKO	ἀπεδοκίμασαν	apedokimasan	G0593	V-AAI-3P	ἀποδοκιμάζω	to reject	rejected	NA28+NA27+Tyn+SBL+WH+Treg+TR+Byz	
2	7	12	NKO	οἱ	hoi	G3588	T-NPM	ὁ	the/this/who	those	NA28+NA27+Tyn+SBL+WH+Treg+TR+Byz	
2	7	13	NKO	οἰκοδομοῦντες,	oikodomountes	G3618	V-PAP-NPM	οἰκοδομέω	to build	building,	NA28+NA27+Tyn+SBL+WH+Treg+TR+Byz	
2	7	14	NKO	οὗτος	houtos	G3778	D-NSM	οὗτος	this/he/she/it	this	NA28+NA27+Tyn+SBL+WH+Treg+TR+Byz	
2	7	15	NKO	ἐγενήθη	egenēthē	G1096	V-2AOI-3S	γίνομαι	to be	has become	NA28+NA27+Tyn+SBL+WH+Treg+TR+Byz	
2	7	16	NKO	εἰς	eis	G1519	PREP	εἰς	toward	into	NA28+NA27+Tyn+SBL+WH+Treg+TR+Byz	
2	7	17	NKO	κεφαλὴν	kephalēn	G2776	N-ASF	κεφαλή	head	[the] head	NA28+NA27+Tyn+SBL+WH+Treg+TR+Byz	
2	7	18	NKO	γωνίας	gōnias	G1137	N-GSF	γωνία	corner	of [the] corner	NA28+NA27+Tyn+SBL+WH+Treg+TR+Byz	
2	8	1	NKO	καὶ	kai	G2532	CONJ	καί	and	and	NA28+NA27+Tyn+SBL+WH+Treg+TR+Byz	
2	8	2	NKO	λίθος	lithos	G3037	N-NSM	λίθος	stone	A stone	NA28+NA27+Tyn+SBL+WH+Treg+TR+Byz	
2	8	3	NKO	προσκόμματος	proskommatos	G4348	N-GSN	πρόσκομμα	stumbling block	of stumbling	NA28+NA27+Tyn+SBL+WH+Treg+TR+Byz	
2	8	4	NKO	καὶ	kai	G2532	CONJ	καί	and	and	NA28+NA27+Tyn+SBL+WH+Treg+TR+Byz	
2	8	5	NKO	πέτρα	petra	G4073	N-NSF	πέτρα	rock	a rock	NA28+NA27+Tyn+SBL+WH+Treg+TR+Byz	
2	8	6	NKO	σκανδάλου,	skandalou	G4625	N-GSN	σκάνδαλον	stumbling block	of offense,	NA28+NA27+Tyn+SBL+WH+Treg+TR+Byz	
2	8	7	NKO	οἳ	hoi	G3739	R-NPM	ὅς, ἥ	which	[They]	NA28+NA27+Tyn+SBL+WH+Treg+TR+Byz	
2	8	8	NKO	προσκόπτουσιν	proskoptousin	G4350	V-PAI-3P	προσκόπτω	to strike	stumble at	NA28+NA27+Tyn+SBL+WH+Treg+TR+Byz	
2	8	9	NKO	τῷ	tō	G3588	T-DSM	ὁ	the/this/who	on the	NA28+NA27+Tyn+SBL+WH+Treg+TR+Byz	
2	8	10	NKO	λόγῳ	logō	G3056	N-DSM	λόγος	word	word	NA28+NA27+Tyn+SBL+WH+Treg+TR+Byz	
2	8	11	NKO	ἀπειθοῦντες,	apeithountes	G0544	V-PAP-NPM	ἀπειθέω	to disobey	being disobedient,	NA28+NA27+Tyn+SBL+WH+Treg+TR+Byz	
2	8	12	NKO	εἰς	eis	G1519	PREP	εἰς	toward	to	NA28+NA27+Tyn+SBL+WH+Treg+TR+Byz	
2	8	13	NKO	ὃ	ho	G3739	R-ASN	ὅς, ἥ	which	which	NA28+NA27+Tyn+SBL+WH+Treg+TR+Byz	
2	8	14	NKO	καὶ	kai	G2532	CONJ	καί	and	also	NA28+NA27+Tyn+SBL+WH+Treg+TR+Byz	
2	8	15	NKO	ἐτέθησαν·	etethēsan	G5087	V-API-3P	τίθημι	to place	they were appointed;	NA28+NA27+Tyn+SBL+WH+Treg+TR+Byz	
2	9	1	NKO	ὑμεῖς	humeis	G4771	P-2NP	σύ	you	You yourselves	NA28+NA27+Tyn+SBL+WH+Treg+TR+Byz	
2	9	2	NKO	δὲ	de	G1161	CONJ	δέ	but/and	however	NA28+NA27+Tyn+SBL+WH+Treg+TR+Byz	
2	9	3	NKO	γένος	genos	G1085G	N-NSN	γένος	family	[are] a race	NA28+NA27+Tyn+SBL+WH+Treg+TR+Byz	
2	9	4	NKO	ἐκλεκτόν,	eklekton	G1588	A-NSN	ἐκλεκτός	select	chosen,	NA28+NA27+Tyn+SBL+WH+Treg+TR+Byz	
2	9	5	NKO	βασίλειον	basileion	G0934	A-NSN	βασίλειος	kingly	a royal	NA28+NA27+Tyn+SBL+WH+Treg+TR+Byz	
2	9	6	NKO	ἱεράτευμα,	hi'erateuma	G2406	N-NSN	ἱεράτευμα	priesthood	priesthood,	NA28+NA27+Tyn+SBL+WH+Treg+TR+Byz	
2	9	7	NKO	ἔθνος	ethnos	G1484	N-NSN	ἔθνος	Gentile nation	a nation	NA28+NA27+Tyn+SBL+WH+Treg+TR+Byz	
2	9	8	NKO	ἅγιον,	hagion	G0040G	A-NSN	ἅγιος	holy	holy,	NA28+NA27+Tyn+SBL+WH+Treg+TR+Byz	
2	9	9	NKO	λαὸς	laos	G2992	N-NSM	λαός	a people	a people	NA28+NA27+Tyn+SBL+WH+Treg+TR+Byz	
2	9	10	NKO	εἰς	eis	G1519	PREP	εἰς	toward	for [His]	NA28+NA27+Tyn+SBL+WH+Treg+TR+Byz	
2	9	11	NKO	περιποίησιν,	peripoiēsin	G4047	N-ASF	περιποίησις	acquiring	possession,	NA28+NA27+Tyn+SBL+WH+Treg+TR+Byz	
2	9	12	NKO	ὅπως	hopōs	G3704	CONJ	ὅπως	that	so that	NA28+NA27+Tyn+SBL+WH+Treg+TR+Byz	
2	9	13	NKO	τὰς	tas	G3588	T-APF	ὁ	the/this/who	the	NA28+NA27+Tyn+SBL+WH+Treg+TR+Byz	
2	9	14	NKO	ἀρετὰς	aretas	G0703	N-APF	ἀρετή	virtue	excellencies	NA28+NA27+Tyn+SBL+WH+Treg+TR+Byz	
2	9	15	NKO	ἐξαγγείλητε	exangeilēte	G1804	V-AAS-2P	ἐξαγγέλλω	to proclaim	you may proclaim	NA28+NA27+Tyn+SBL+WH+Treg+TR+Byz	
2	9	16	NKO	τοῦ	tou	G3588	T-GSM	ὁ	the/this/who	of the [One]	NA28+NA27+Tyn+SBL+WH+Treg+TR+Byz	
2	9	17	NKO	ἐκ	ek	G1537	PREP	ἐκ	out from	out of	NA28+NA27+Tyn+SBL+WH+Treg+TR+Byz	
2	9	18	NKO	σκότους	skotous	G4655	N-GSN	σκότος	darkness	darkness	NA28+NA27+Tyn+SBL+WH+Treg+TR+Byz	
2	9	19	NKO	ὑμᾶς	humas	G4771	P-2AP	σύ	you	you	NA28+NA27+Tyn+SBL+WH+Treg+TR+Byz	
2	9	20	NKO	καλέσαντος	kalesantos	G2564G	V-AAP-GSM	καλέω	to call	having called	NA28+NA27+Tyn+SBL+WH+Treg+TR+Byz	
2	9	21	NKO	εἰς	eis	G1519	PREP	εἰς	toward	to	NA28+NA27+Tyn+SBL+WH+Treg+TR+Byz	
2	9	22	NKO	τὸ	to	G3588	T-ASN	ὁ	the/this/who	the	NA28+NA27+Tyn+SBL+WH+Treg+TR+Byz	
2	9	23	NKO	θαυμαστὸν	thaumaston	G2298	A-ASN	θαυμαστός	marvellous	marvelous	NA28+NA27+Tyn+SBL+WH+Treg+TR+Byz	
2	9	24	NKO	αὐτοῦ	autou	G0846	P-GSM	αὐτός	he/she/it/self	of Him	NA28+NA27+Tyn+SBL+WH+Treg+TR+Byz	
2	9	25	NKO	φῶς·	phōs	G5457	N-ASN	φῶς	light	light;	NA28+NA27+Tyn+SBL+WH+Treg+TR+Byz	
2	10	1	NKO	οἵ	oi	G3739	R-NPM	ὅς, ἥ	which	who	NA28+NA27+Tyn+SBL+WH+Treg+TR+Byz	
2	10	2	NKO	ποτε	pote	G4218	PRT	ποτέ	once/when	once [were]	NA28+NA27+Tyn+SBL+WH+Treg+TR+Byz	
2	10	3	NKO	οὐ	ou	G3756	PRT-N	οὐ	no	not	NA28+NA27+Tyn+SBL+WH+Treg+TR+Byz	
2	10	4	NKO	λαός,	laos	G2992	N-NSM	λαός	a people	a people,	NA28+NA27+Tyn+SBL+WH+Treg+TR+Byz	
2	10	5	NKO	νῦν	nun	G3568	ADV	νῦν	now	now	NA28+NA27+Tyn+SBL+WH+Treg+TR+Byz	
2	10	6	NKO	δὲ	de	G1161	CONJ	δέ	but/and	however	NA28+NA27+Tyn+SBL+WH+Treg+TR+Byz	
2	10	7	NKO	λαὸς	laos	G2992	N-NSM	λαός	a people	[the] people	NA28+NA27+Tyn+SBL+WH+Treg+TR+Byz	
2	10	8	NKO	θεοῦ,	theou	G2316	N-GSM-T	θεός	God	of God,	NA28+NA27+Tyn+SBL+WH+Treg+TR+Byz	
2	10	9	NKO	οἱ	hoi	G3588	T-NPM	ὁ	the/this/who	those [who]	NA28+NA27+Tyn+SBL+WH+Treg+TR+Byz	
2	10	10	NKO	οὐκ	ouk	G3756	PRT-N	οὐ	no	not	NA28+NA27+Tyn+SBL+WH+Treg+TR+Byz	
2	10	11	NKO	ἠλεημένοι,	ēleēmenoi	G1653	V-RPP-NPM	ἐλεέω, ἐλεάω	to have mercy	received mercy,	NA28+NA27+Tyn+SBL+WH+Treg+TR+Byz	
2	10	12	NKO	νῦν	nun	G3568	ADV	νῦν	now	now	NA28+NA27+Tyn+SBL+WH+Treg+TR+Byz	
2	10	13	NKO	δὲ	de	G1161	CONJ	δέ	but/and	however	NA28+NA27+Tyn+SBL+WH+Treg+TR+Byz	
2	10	14	NKO	ἐλεηθέντες.¶	eleēthentes	G1653	V-APP-NPM	ἐλεέω, ἐλεάω	to have mercy	having received mercy.	NA28+NA27+Tyn+SBL+WH+Treg+TR+Byz	
2	11	1	NKO	Ἀγαπητοί,	Agapētoi	G0027	A-VPM	ἀγαπητός	beloved	Beloved,	NA28+NA27+Tyn+SBL+WH+Treg+TR+Byz	
2	11	2	NKO	παρακαλῶ	parakalō	G3870	V-PAI-1S	παρακαλέω	to plead/comfort	I exhort [you]	NA28+NA27+Tyn+SBL+WH+Treg+TR+Byz	
2	11	3	NKO	ὡς	hōs	G5613	PRT	ὡς	which/how	as	NA28+NA27+Tyn+SBL+WH+Treg+TR+Byz	
2	11	4	NKO	παροίκους	paroikous	G3941	A-APM	πάροικος	foreigner	aliens	NA28+NA27+Tyn+SBL+WH+Treg+TR+Byz	
2	11	5	NKO	καὶ	kai	G2532	CONJ	καί	and	and	NA28+NA27+Tyn+SBL+WH+Treg+TR+Byz	
2	11	6	NKO	παρεπιδήμους	parepidēmous	G3927	A-APM	παρεπίδημος	stranger	sojourners	NA28+NA27+Tyn+SBL+WH+Treg+TR+Byz	
2	11	7	NKO	ἀπέχεσθαι	apechesthai	G0568	V-PMN	ἀπέχω	to have in full	to abstain	NA28+NA27+Tyn+SBL+WH+Treg+TR+Byz	
2	11	8	NKO	τῶν	tōn	G3588	T-GPF	ὁ	the/this/who	<the>	NA28+NA27+Tyn+SBL+WH+Treg+TR+Byz	
2	11	9	NKO	σαρκικῶν	sarkikōn	G4559	A-GPF	σαρκικός	fleshly	from fleshly	NA28+NA27+Tyn+SBL+WH+Treg+TR+Byz	
2	11	10	NKO	ἐπιθυμιῶν,	epithumiōn	G1939	N-GPF	ἐπιθυμία	desire	desires,	NA28+NA27+Tyn+SBL+WH+Treg+TR+Byz	
2	11	11	NKO	αἵτινες	aitines	G3748	R-NPF	ὅστις	who/which	which	NA28+NA27+Tyn+SBL+WH+Treg+TR+Byz	
2	11	12	NKO	στρατεύονται	strateuontai	G4754	V-PMI-3P	στρατεύω	to battle	war	NA28+NA27+Tyn+SBL+WH+Treg+TR+Byz	
2	11	13	NKO	κατὰ	kata	G2596	PREP	κατά	according to	against	NA28+NA27+Tyn+SBL+WH+Treg+TR+Byz	
2	11	14	NKO	τῆς	tēs	G3588	T-GSF	ὁ	the/this/who	the	NA28+NA27+Tyn+SBL+WH+Treg+TR+Byz	
2	11	15	NKO	ψυχῆς·	psuchēs	G5590G	N-GSF	ψυχή	soul	soul;	NA28+NA27+Tyn+SBL+WH+Treg+TR+Byz	
2	12	1	NKO	τὴν	tēn	G3588	T-ASF	ὁ	the/this/who	the	NA28+NA27+Tyn+SBL+WH+Treg+TR+Byz	
2	12	2	NKO	ἀναστροφὴν	anastrophēn	G0391	N-ASF	ἀναστροφή	behaviour	conduct	NA28+NA27+Tyn+SBL+WH+Treg+TR+Byz	
2	12	3	NKO	ὑμῶν	humōn	G4771	P-2GP	σύ	you	of you	NA28+NA27+Tyn+SBL+WH+Treg+TR+Byz	
2	12	4	NKO	ἐν	en	G1722	PREP	ἐν	in/on/among	among	NA28+NA27+Tyn+SBL+WH+Treg+TR+Byz	
2	12	5	NKO	τοῖς	tois	G3588	T-DPN	ὁ	the/this/who	the	NA28+NA27+Tyn+SBL+WH+Treg+TR+Byz	
2	12	6	NKO	ἔθνεσιν	ethnesin	G1484	N-DPN	ἔθνος	Gentile nation	Gentiles	NA28+NA27+Tyn+SBL+WH+Treg+TR+Byz	
2	12	7	NKO	ἔχοντες	echontes	G2192	V-PAP-NPM	ἔχω	to have/be	keeping	NA28+NA27+Tyn+SBL+WH+Treg+TR+Byz«4	
2	12	8	NKO	καλήν,	kalēn	G2570G	A-ASF	καλός	good	honorable,	NA28+NA27+Tyn+SBL+WH+Treg+TR+Byz«5	
2	12	9	NKO	ἵνα	ina	G2443	CONJ	ἵνα	in order that/to	so that	NA28+NA27+Tyn+SBL+WH+Treg+TR+Byz	
2	12	10	NKO	ἐν	en	G1722	PREP	ἐν	in/on/among	wherein	NA28+NA27+Tyn+SBL+WH+Treg+TR+Byz	
2	12	11	NKO	ᾧ	hō	G3739	R-DSN	ὅς, ἥ	which	which	NA28+NA27+Tyn+SBL+WH+Treg+TR+Byz	
2	12	12	NKO	καταλαλοῦσιν	katalalousin	G2635	V-PAI-3P	καταλαλέω	to slander	they speak against	NA28+NA27+Tyn+SBL+WH+Treg+TR+Byz	
2	12	13	NKO	ὑμῶν	humōn	G4771	P-2GP	σύ	you	you	NA28+NA27+Tyn+SBL+WH+Treg+TR+Byz	
2	12	14	NKO	ὡς	hōs	G5613	PRT	ὡς	which/how	as	NA28+NA27+Tyn+SBL+WH+Treg+TR+Byz	
2	12	15	NKO	κακοποιῶν,	kakopoiōn	G2555	N-GPM	κακοποιός	wrongdoing	evildoers,	NA28+NA27+Tyn+SBL+WH+Treg+TR+Byz	
2	12	16	NKO	ἐκ	ek	G1537	PREP	ἐκ	out from	through	NA28+NA27+Tyn+SBL+WH+Treg+TR+Byz	
2	12	17	NKO	τῶν	tōn	G3588	T-GPN	ὁ	the/this/who	the	NA28+NA27+Tyn+SBL+WH+Treg+TR+Byz	
2	12	18	NKO	καλῶν	kalōn	G2570G	A-GPN	καλός	good	good	NA28+NA27+Tyn+SBL+WH+Treg+TR+Byz	
2	12	19	NKO	ἔργων	ergōn	G2041	N-GPN	ἔργον	work	deeds	NA28+NA27+Tyn+SBL+WH+Treg+TR+Byz	
2	12	20	N(k)O	ἐποπτεύοντες	epopteuontes	G2029	V-PAP-NPM	ἐποπτεύω	to observe	having witnessed	NA28+NA27+Tyn+SBL+WH+Treg	
2	12	21	NKO	δοξάσωσιν	doxasōsin	G1392	V-AAS-3P	δοξάζω	to glorify	they may glorify	NA28+NA27+Tyn+SBL+WH+Treg+TR+Byz	
2	12	22	NKO	τὸν	ton	G3588	T-ASM	ὁ	the/this/who	<the>	NA28+NA27+Tyn+SBL+WH+Treg+TR+Byz	
2	12	23	NKO	θεὸν	theon	G2316	N-ASM-T	θεός	God	God	NA28+NA27+Tyn+SBL+WH+Treg+TR+Byz	
2	12	24	NKO	ἐν	en	G1722	PREP	ἐν	in/on/among	in	NA28+NA27+Tyn+SBL+WH+Treg+TR+Byz	
2	12	25	NKO	ἡμέρᾳ	hēmera	G2250	N-DSF	ἡμέρα	day	[the] day	NA28+NA27+Tyn+SBL+WH+Treg+TR+Byz	
2	12	26	NKO	ἐπισκοπῆς.¶	episkopēs	G1984	N-GSF	ἐπισκοπή	oversight	of visitation.	NA28+NA27+Tyn+SBL+WH+Treg+TR+Byz	
2	13	1	NKO	Ὑποτάγητε	Hupotagēte	G5293	V-2APM-2P	ὑποτάσσω	to subject	do be subjected	NA28+NA27+Tyn+SBL+WH+Treg+TR+Byz	
2	13	2	K	οὖν	oun	G3767	CONJ	οὖν	therefore/then	therefore	TR+Byz	
2	13	3	NKO	πάσῃ	pasē	G3956	A-DSF	πᾶς	all	to every	NA28+NA27+Tyn+SBL+WH+Treg+TR+Byz	
2	13	4	NKO	ἀνθρωπίνῃ	anthrōpinē	G0442	A-DSF	ἀνθρώπινος	human	human	NA28+NA27+Tyn+SBL+WH+Treg+TR+Byz	
2	13	5	NKO	κτίσει	ktisei	G2937	N-DSF	κτίσις	creation	institution	NA28+NA27+Tyn+SBL+WH+Treg+TR+Byz	
2	13	6	NKO	διὰ	dia	G1223	PREP	διά	through/because of	for the sake of	NA28+NA27+Tyn+SBL+WH+Treg+TR+Byz	
2	13	7	NKO	τὸν	ton	G3588	T-ASM	ὁ	the/this/who	the	NA28+NA27+Tyn+SBL+WH+Treg+TR+Byz	
2	13	8	NKO	κύριον·	kurion	G2962G	N-ASM-T	κύριος	lord	Lord;	NA28+NA27+Tyn+SBL+WH+Treg+TR+Byz	
2	13	9	NKO	εἴτε	eite	G1535	COND	εἴτε	whether	whether	NA28+NA27+Tyn+SBL+WH+Treg+TR+Byz	
2	13	10	NKO	βασιλεῖ	basilei	G0935	N-DSM	βασιλεύς	king	to [the] king	NA28+NA27+Tyn+SBL+WH+Treg+TR+Byz	
2	13	11	NKO	ὡς	hōs	G5613	PRT	ὡς	which/how	as	NA28+NA27+Tyn+SBL+WH+Treg+TR+Byz	
2	13	12	NKO	ὑπερέχοντι·	huperechonti	G5242	V-PAP-DSM	ὑπερέχω	be higher	being supreme;	NA28+NA27+Tyn+SBL+WH+Treg+TR+Byz	
2	14	1	NKO	εἴτε	eite	G1535	COND	εἴτε	whether	or	NA28+NA27+Tyn+SBL+WH+Treg+TR+Byz	
2	14	2	NKO	ἡγεμόσιν	hēgemosin	G2232	N-DPM	ἡγεμών	ruler	to governors	NA28+NA27+Tyn+SBL+WH+Treg+TR+Byz	
2	14	3	NKO	ὡς	hōs	G5613	PRT	ὡς	which/how	as	NA28+NA27+Tyn+SBL+WH+Treg+TR+Byz	
2	14	4	NKO	δι᾽	di᾽	G1223	PREP	διά	through/because of	through	NA28+NA27+Tyn+SBL+WH+Treg+TR+Byz	
2	14	5	NKO	αὐτοῦ	autou	G0846	P-GSM	αὐτός	he/she/it/self	him	NA28+NA27+Tyn+SBL+WH+Treg+TR+Byz	
2	14	6	NKO	πεμπομένοις	pempomenois	G3992	V-PPP-DPM	πέμπω	to send	being sent	NA28+NA27+Tyn+SBL+WH+Treg+TR+Byz	
2	14	7	NKO	εἰς	eis	G1519	PREP	εἰς	toward	for	NA28+NA27+Tyn+SBL+WH+Treg+TR+Byz	
2	14	8	NKO	ἐκδίκησιν	ekdikēsin	G1557	N-ASF	ἐκδίκησις	vengeance	vengeance	NA28+NA27+Tyn+SBL+WH+Treg+TR+Byz	
2	14	9	k	μὲν	men	G3303	PRT	μέν	on one hand	indeed	TR	
2	14	10	NKO	κακοποιῶν,	kakopoiōn	G2555	N-GPM	κακοποιός	wrongdoing	to evildoers,	NA28+NA27+Tyn+SBL+WH+Treg+TR+Byz	
2	14	11	NKO	ἔπαινον	epainon	G1868	N-ASM	ἔπαινος	praise	praise	NA28+NA27+Tyn+SBL+WH+Treg+TR+Byz	
2	14	12	NKO	δὲ	de	G1161	CONJ	δέ	but/and	however	NA28+NA27+Tyn+SBL+WH+Treg+TR+Byz	
2	14	13	NKO	ἀγαθοποιῶν·	agathopoiōn	G0017	N-GPM	ἀγαθοποιός	doing good	to well-doers;	NA28+NA27+Tyn+SBL+WH+Treg+TR+Byz	
2	15	1	NKO	ὅτι	hoti	G3754H	CONJ	ὅτι	that/since	because	NA28+NA27+Tyn+SBL+WH+Treg+TR+Byz	
2	15	2	NKO	οὕτως	houtōs	G3779	ADV	οὕτω, οὕτως	thus(-ly)	this	NA28+NA27+Tyn+SBL+WH+Treg+TR+Byz	
2	15	3	NKO	ἐστὶν	estin	G1510	V-PAI-3S	εἰμί	to be	is	NA28+NA27+Tyn+SBL+WH+Treg+TR+Byz	
2	15	4	NKO	τὸ	to	G3588	T-NSN	ὁ	the/this/who	the	NA28+NA27+Tyn+SBL+WH+Treg+TR+Byz	
2	15	5	NKO	θέλημα	thelēma	G2307	N-NSN	θέλημα	will/desire	will	NA28+NA27+Tyn+SBL+WH+Treg+TR+Byz	
2	15	6	NKO	τοῦ	tou	G3588	T-GSM	ὁ	the/this/who	<the>	NA28+NA27+Tyn+SBL+WH+Treg+TR+Byz	
2	15	7	NKO	θεοῦ	theou	G2316	N-GSM-T	θεός	God	of God	NA28+NA27+Tyn+SBL+WH+Treg+TR+Byz	
2	15	8	NKO	ἀγαθοποιοῦντας	agathopoiountas	G0015	V-PAP-APM	ἀγαθοποιέω	to do good	doing good	NA28+NA27+Tyn+SBL+WH+Treg+TR+Byz	
2	15	9	NKO	φιμοῦν	phimoun	G5392	V-PAN	φιμόω	to muzzle	to put to silence	NA28+NA27+Tyn+SBL+WH+Treg+TR+Byz	
2	15	10	NKO	τὴν	tēn	G3588	T-ASF	ὁ	the/this/who	the	NA28+NA27+Tyn+SBL+WH+Treg+TR+Byz	
2	15	11	NKO	τῶν	tōn	G3588	T-GPM	ὁ	the/this/who	<the>	NA28+NA27+Tyn+SBL+WH+Treg+TR+Byz	
2	15	12	NKO	ἀφρόνων	aphronōn	G0878	A-GPM	ἄφρων	foolish	of foolish	NA28+NA27+Tyn+SBL+WH+Treg+TR+Byz	
2	15	13	NKO	ἀνθρώπων	anthrōpōn	G0444	N-GPM	ἄνθρωπος	a human	men	NA28+NA27+Tyn+SBL+WH+Treg+TR+Byz	
2	15	14	NKO	ἀγνωσίαν·	agnōsian	G0056	N-ASF	ἀγνωσία	ignorance	ignorance;	NA28+NA27+Tyn+SBL+WH+Treg+TR+Byz	
2	16	1	NKO	ὡς	hōs	G5613	PRT	ὡς	which/how	as	NA28+NA27+Tyn+SBL+WH+Treg+TR+Byz	
2	16	2	NKO	ἐλεύθεροι	eleutheroi	G1658	A-NPM	ἐλεύθερος	free/freedom	free	NA28+NA27+Tyn+SBL+WH+Treg+TR+Byz	
2	16	3	NKO	καὶ	kai	G2532	CONJ	καί	and	and	NA28+NA27+Tyn+SBL+WH+Treg+TR+Byz	
2	16	4	NKO	μὴ	mē	G3361	PRT-N	μή	not	not	NA28+NA27+Tyn+SBL+WH+Treg+TR+Byz	
2	16	5	NKO	ὡς	hōs	G5613	PRT	ὡς	which/how	as	NA28+NA27+Tyn+SBL+WH+Treg+TR+Byz	
2	16	6	NKO	ἐπικάλυμμα	epikalumma	G1942	N-ASN	ἐπικάλυμμα	covering	a cover-up	NA28+NA27+Tyn+SBL+WH+Treg+TR+Byz	
2	16	7	NKO	ἔχοντες	echontes	G2192	V-PAP-NPM	ἔχω	to have/be	having	NA28+NA27+Tyn+SBL+WH+Treg+TR+Byz	
2	16	8	NKO	τῆς	tēs	G3588	T-GSF	ὁ	the/this/who	<the>	NA28+NA27+Tyn+SBL+WH+Treg+TR+Byz	
2	16	9	NKO	κακίας	kakias	G2549	N-GSF	κακία	evil	for evil	NA28+NA27+Tyn+SBL+WH+Treg+TR+Byz	
2	16	10	NKO	τὴν	tēn	G3588	T-ASF	ὁ	the/this/who	the	NA28+NA27+Tyn+SBL+WH+Treg+TR+Byz	
2	16	11	NKO	ἐλευθερίαν,	eleutherian	G1657	N-ASF	ἐλευθερία	freedom	freedom,	NA28+NA27+Tyn+SBL+WH+Treg+TR+Byz	
2	16	12	NKO	ἀλλ᾽	all᾽	G0235	CONJ	ἀλλά	but	but	NA28+NA27+Tyn+SBL+WH+Treg+TR+Byz	
2	16	13	NKO	ὡς	hōs	G5613	PRT	ὡς	which/how	as	NA28+NA27+Tyn+SBL+WH+Treg+TR+Byz	
2	16	14	NKO	θεοῦ	theou	G2316	N-GSM-T	θεός	God	of God	NA28+NA27+Tyn+SBL+WH+Treg+TR»1+Byz»1	
2	16	15	NKO	δοῦλοι.	douloi	G1401	N-NPM	δοῦλος	slave	servants.	NA28+NA27+Tyn+SBL+WH+Treg+TR+Byz	
2	17	1	NKO	πάντας	pantas	G3956	A-APM	πᾶς	all	Everyone	NA28+NA27+Tyn+SBL+WH+Treg+TR+Byz	
2	17	2	NKO	τιμήσατε,	timēsate	G5091	V-AAM-2P	τιμάω	to honor	do honor,	NA28+NA27+Tyn+SBL+WH+Treg+TR+Byz	
2	17	3	NKO	τὴν	tēn	G3588	T-ASF	ὁ	the/this/who	The	NA28+NA27+Tyn+SBL+WH+Treg+TR+Byz	
2	17	4	NKO	ἀδελφότητα	adelphotēta	G0081	N-ASF	ἀδελφότης	brotherhood	brotherhood	NA28+NA27+Tyn+SBL+WH+Treg+TR+Byz	
2	17	5	NK(o)	ἀγαπᾶτε,	agapate	G0025	V-PAM-2P	ἀγαπάω	to love	do love,	NA28+NA27+Tyn+SBL+WH+Treg+TR	
2	17	6	NKO	τὸν	ton	G3588	T-ASM	ὁ	the/this/who	<the>	NA28+NA27+Tyn+SBL+WH+Treg+TR+Byz	
2	17	7	NKO	θεὸν	theon	G2316	N-ASM-T	θεός	God	God	NA28+NA27+Tyn+SBL+WH+Treg+TR+Byz	
2	17	8	NKO	φοβεῖσθε,	phobeisthe	G5399	V-PNM-2P	φοβέω	to fear	do fear,	NA28+NA27+Tyn+SBL+WH+Treg+TR+Byz	
2	17	9	NKO	τὸν	ton	G3588	T-ASM	ὁ	the/this/who	the	NA28+NA27+Tyn+SBL+WH+Treg+TR+Byz	
2	17	10	NKO	βασιλέα	basilea	G0935	N-ASM	βασιλεύς	king	king	NA28+NA27+Tyn+SBL+WH+Treg+TR+Byz	
2	17	11	NKO	τιμᾶτε.¶	timate	G5091	V-PAM-2P	τιμάω	to honor	do honor.	NA28+NA27+Tyn+SBL+WH+Treg+TR+Byz	
2	18	1	NKO	Οἱ	Hoi	G3588	T-VPM	ὁ	the/this/who	you who [are]	NA28+NA27+Tyn+SBL+WH+Treg+TR+Byz	
2	18	2	NKO	οἰκέται	oiketai	G3610	N-VPM	οἰκέτης	slave	Servants	NA28+NA27+Tyn+SBL+WH+Treg+TR+Byz	
2	18	3	NKO	ὑποτασσόμενοι	hupotassomenoi	G5293	V-PPP-NPM	ὑποτάσσω	to subject	be subject	NA28+NA27+Tyn+SBL+WH+Treg+TR+Byz	
2	18	4	NKO	ἐν	en	G1722	PREP	ἐν	in/on/among	with	NA28+NA27+Tyn+SBL+WH+Treg+TR+Byz	
2	18	5	NKO	παντὶ	panti	G3956	A-DSM	πᾶς	all	all	NA28+NA27+Tyn+SBL+WH+Treg+TR+Byz	
2	18	6	NKO	φόβῳ	phobō	G5401	N-DSM	φόβος	fear	fear	NA28+NA27+Tyn+SBL+WH+Treg+TR+Byz	
2	18	7	NKO	τοῖς	tois	G3588	T-DPM	ὁ	the/this/who	<the>	NA28+NA27+Tyn+SBL+WH+Treg+TR+Byz	
2	18	8	NKO	δεσπόταις,	despotais	G1203	N-DPM	δεσπότης	master	to masters,	NA28+NA27+Tyn+SBL+WH+Treg+TR+Byz	
2	18	9	NKO	οὐ	ou	G3756	PRT-N	οὐ	no	not	NA28+NA27+Tyn+SBL+WH+Treg+TR+Byz	
2	18	10	NKO	μόνον	monon	G3441	A-ASN	μόνος	alone	only	NA28+NA27+Tyn+SBL+WH+Treg+TR+Byz	
2	18	11	NKO	τοῖς	tois	G3588	T-DPM	ὁ	the/this/who	to the	NA28+NA27+Tyn+SBL+WH+Treg+TR+Byz	
2	18	12	NKO	ἀγαθοῖς	agathois	G0018	A-DPM	ἀγαθός	good-doer	good	NA28+NA27+Tyn+SBL+WH+Treg+TR+Byz	
2	18	13	NKO	καὶ	kai	G2532	CONJ	καί	and	and	NA28+NA27+Tyn+SBL+WH+Treg+TR+Byz	
2	18	14	NKO	ἐπιεικέσιν,	epieikesin	G1933	A-DPM	ἐπιεικής	gentle	gentle,	NA28+NA27+Tyn+SBL+WH+Treg+TR+Byz	
2	18	15	NKO	ἀλλὰ	alla	G0235	CONJ	ἀλλά	but	but	NA28+NA27+Tyn+SBL+WH+Treg+TR+Byz	
2	18	16	NKO	καὶ	kai	G2532	CONJ	καί	and	also	NA28+NA27+Tyn+SBL+WH+Treg+TR+Byz	
2	18	17	NKO	τοῖς	tois	G3588	T-DPM	ὁ	the/this/who	to the	NA28+NA27+Tyn+SBL+WH+Treg+TR+Byz	
2	18	18	NKO	σκολιοῖς.	skoliois	G4646	A-DPM	σκολιός	crooked	unreasonable.	NA28+NA27+Tyn+SBL+WH+Treg+TR+Byz	
2	19	1	NKO	τοῦτο	touto	G3778	D-NSN	οὗτος	this/he/she/it	This	NA28+NA27+Tyn+SBL+WH+Treg+TR+Byz	
2	19	2	NKO	γὰρ	gar	G1063	CONJ	γάρ	for	for	NA28+NA27+Tyn+SBL+WH+Treg+TR+Byz	
2	19	3	NKO	χάρις,	charis	G5485	N-NSF	χάρις	grace	[is] acceptable,	NA28+NA27+Tyn+SBL+WH+Treg+TR+Byz	
2	19	4	NKO	εἰ	ei	G1487G	COND	εἰ	if	if	NA28+NA27+Tyn+SBL+WH+Treg+TR+Byz	
2	19	5	NKO	διὰ	dia	G1223	PREP	διά	through/because of	for sake of	NA28+NA27+Tyn+SBL+WH+Treg+TR+Byz	
2	19	6	NKO	συνείδησιν	suneidēsin	G4893	N-ASF	συνείδησις	conscience	conscience	NA28+NA27+Tyn+SBL+WH+Treg+TR+Byz	
2	19	7	NKO	θεοῦ	theou	G2316	N-GSM-T	θεός	God	toward God	NA28+NA27+Tyn+SBL+WH+Treg+TR+Byz	
2	19	8	NKO	ὑποφέρει	hupopherei	G5297	V-PAI-3S	ὑποφέρω	to endure	endures	NA28+NA27+Tyn+SBL+WH+Treg+TR+Byz	
2	19	9	NKO	τις	tis	G5100	X-NSM	τις	one	anyone	NA28+NA27+Tyn+SBL+WH+Treg+TR+Byz	
2	19	10	NKO	λύπας	lupas	G3077	N-APF	λύπη	grief	griefs	NA28+NA27+Tyn+SBL+WH+Treg+TR+Byz	
2	19	11	NKO	πάσχων	paschōn	G3958	V-PAP-NSM	πάσχω	to suffer	suffering	NA28+NA27+Tyn+SBL+WH+Treg+TR+Byz	
2	19	12	NKO	ἀδίκως.	adikōs	G0095	ADV	ἀδίκως	unjustly	unjustly.	NA28+NA27+Tyn+SBL+WH+Treg+TR+Byz	
2	20	1	NKO	ποῖον	poion	G4169	I-NSN	ποῖος	what?	What kind of	NA28+NA27+Tyn+SBL+WH+Treg+TR+Byz	
2	20	2	NKO	γὰρ	gar	G1063	CONJ	γάρ	for	for	NA28+NA27+Tyn+SBL+WH+Treg+TR+Byz	
2	20	3	NKO	κλέος	kleos	G2811	N-NSN	κλέος	credit	credit [is it]	NA28+NA27+Tyn+SBL+WH+Treg+TR+Byz	
2	20	4	NKO	εἰ	ei	G1487G	COND	εἰ	if	if	NA28+NA27+Tyn+SBL+WH+Treg+TR+Byz	
2	20	5	NKO	ἁμαρτάνοντες	hamartanontes	G0264	V-PAP-NPM	ἁμαρτάνω	to sin	sinning	NA28+NA27+Tyn+SBL+WH+Treg+TR+Byz	
2	20	6	NKO	καὶ	kai	G2532	CONJ	καί	and	and	NA28+NA27+Tyn+SBL+WH+Treg+TR+Byz	
2	20	7	NKO	κολαφιζόμενοι	kolaphizomenoi	G2852	V-PPP-NPM	κολαφίζω	to beat	being struck	NA28+NA27+Tyn+SBL+WH+Treg+TR+Byz	
2	20	8	NKO	ὑπομενεῖτε;	hupomeneite	G5278	V-FAI-2P	ὑπομένω	to remain/endure	you will endure?	NA28+NA27+Tyn+SBL+WH+Treg+TR+Byz	
2	20	9	NKO	ἀλλ᾽	all᾽	G0235	CONJ	ἀλλά	but	But	NA28+NA27+Tyn+SBL+WH+Treg+TR+Byz	
2	20	10	NKO	εἰ	ei	G1487G	COND	εἰ	if	if	NA28+NA27+Tyn+SBL+WH+Treg+TR+Byz	
2	20	11	NKO	ἀγαθοποιοῦντες	agathopoiountes	G0015	V-PAP-NPM	ἀγαθοποιέω	to do good	doing good	NA28+NA27+Tyn+SBL+WH+Treg+TR+Byz	
2	20	12	NKO	καὶ	kai	G2532	CONJ	καί	and	and	NA28+NA27+Tyn+SBL+WH+Treg+TR+Byz	
2	20	13	NKO	πάσχοντες	paschontes	G3958	V-PAP-NPM	πάσχω	to suffer	suffering	NA28+NA27+Tyn+SBL+WH+Treg+TR+Byz	
2	20	14	NKO	ὑπομενεῖτε,	hupomeneite	G5278	V-FAI-2P	ὑπομένω	to remain/endure	you will endure,	NA28+NA27+Tyn+SBL+WH+Treg+TR+Byz	
2	20	15	NKO	τοῦτο	touto	G3778	D-NSN	οὗτος	this/he/she/it	this [is]	NA28+NA27+Tyn+SBL+WH+Treg+TR+Byz	
2	20	16	NKO	χάρις	charis	G5485	N-NSF	χάρις	grace	commendable	NA28+NA27+Tyn+SBL+WH+Treg+TR+Byz	
2	20	17	NKO	παρὰ	para	G3844	PREP	παρά	from with	before	NA28+NA27+Tyn+SBL+WH+Treg+TR+Byz	
2	20	18	NKO	θεῷ.	theō	G2316	N-DSM-T	θεός	God	God.	NA28+NA27+Tyn+SBL+WH+Treg+TR+Byz	
2	21	1	NKO	εἰς	eis	G1519	PREP	εἰς	toward	To this	NA28+NA27+Tyn+SBL+WH+Treg+TR+Byz	
2	21	2	NKO	τοῦτο	touto	G3778	D-ASN	οὗτος	this/he/she/it	hereunto	NA28+NA27+Tyn+SBL+WH+Treg+TR+Byz	
2	21	3	NKO	γὰρ	gar	G1063	CONJ	γάρ	for	for	NA28+NA27+Tyn+SBL+WH+Treg+TR+Byz	
2	21	4	NKO	ἐκλήθητε,	eklēthēte	G2564G	V-API-2P	καλέω	to call	you have been called,	NA28+NA27+Tyn+SBL+WH+Treg+TR+Byz	
2	21	5	NKO	ὅτι	hoti	G3754H	CONJ	ὅτι	that/since	because	NA28+NA27+Tyn+SBL+WH+Treg+TR+Byz	
2	21	6	NKO	καὶ	kai	G2532	CONJ	καί	and	also	NA28+NA27+Tyn+SBL+WH+Treg+TR+Byz	
2	21	7	NKO	Χριστὸς	Christos	G5547	N-NSM-T	Χριστός	Christ	Christ	NA28+NA27+Tyn+SBL+WH+Treg+TR+Byz	
2	21	8	NKO	ἔπαθεν	epathen	G3958	V-2AAI-3S	πάσχω	to suffer	suffered	NA28+NA27+Tyn+SBL+WH+Treg+TR+Byz	
2	21	9	NKO	ὑπὲρ	huper	G5228	PREP	ὑπέρ	above/for	for	NA28+NA27+Tyn+SBL+WH+Treg+TR+Byz	
2	21	10	N(K)O	ὑμῶν,	humōn	G4771	P-2GP	σύ	you	for you,	NA28+NA27+Tyn+SBL+WH+Treg	
2	21	11	NKO	ὑμῖν	humin	G4771	P-2DP	σύ	you	you	NA28+NA27+Tyn+SBL+WH+Treg+TR+Byz	
2	21	12	NKO	ὑπολιμπάνων	hupolimpanōn	G5277	V-PAP-NSM	ὑπολιμπάνω	to leave behind	leaving	NA28+NA27+Tyn+SBL+WH+Treg+TR+Byz	
2	21	13	NKO	ὑπογραμμὸν	hupogrammon	G5261	N-ASM	ὑπογραμμός	example	an example	NA28+NA27+Tyn+SBL+WH+Treg+TR+Byz	
2	21	14	NKO	ἵνα	ina	G2443	CONJ	ἵνα	in order that/to	that	NA28+NA27+Tyn+SBL+WH+Treg+TR+Byz	
2	21	15	NKO	ἐπακολουθήσητε	epakolouthēsēte	G1872	V-AAS-2P	ἐπακολουθέω	to follow after	you may follow after	NA28+NA27+Tyn+SBL+WH+Treg+TR+Byz	
2	21	16	NKO	τοῖς	tois	G3588	T-DPN	ὁ	the/this/who	the	NA28+NA27+Tyn+SBL+WH+Treg+TR+Byz	
2	21	17	NKO	ἴχνεσιν	ichnesin	G2487	N-DPN	ἴχνος	track	steps	NA28+NA27+Tyn+SBL+WH+Treg+TR+Byz	
2	21	18	NKO	αὐτοῦ·	autou	G0846	P-GSM	αὐτός	he/she/it/self	of Him:	NA28+NA27+Tyn+SBL+WH+Treg+TR+Byz	
2	22	1	NKO	ὃς	hos	G3739	R-NSM	ὅς, ἥ	which	Who	NA28+NA27+Tyn+SBL+WH+Treg+TR+Byz	
2	22	2	NKO	ἁμαρτίαν	hamartian	G0266	N-ASF	ἁμαρτία	sin	sin	NA28+NA27+Tyn+SBL+WH+Treg+TR+Byz	
2	22	3	NKO	οὐκ	ouk	G3756	PRT-N	οὐ	no	not	NA28+NA27+Tyn+SBL+WH+Treg+TR+Byz	
2	22	4	NKO	ἐποίησεν,	epoiēsen	G4160G	V-AAI-3S	ποιέω	to do/make	committed,	NA28+NA27+Tyn+SBL+WH+Treg+TR+Byz	
2	22	5	NKO	οὐδὲ	oude	G3761	CONJ-N	οὐδέ	and not	neither	NA28+NA27+Tyn+SBL+WH+Treg+TR+Byz	
2	22	6	NKO	εὑρέθη	heurethē	G2147	V-API-3S	εὑρίσκω	to find/meet	was found	NA28+NA27+Tyn+SBL+WH+Treg+TR+Byz	
2	22	7	NKO	δόλος	dolos	G1388	N-NSM	δόλος	deceit	trickery	NA28+NA27+Tyn+SBL+WH+Treg+TR+Byz	
2	22	8	NKO	ἐν	en	G1722	PREP	ἐν	in/on/among	in	NA28+NA27+Tyn+SBL+WH+Treg+TR+Byz	
2	22	9	NKO	τῷ	tō	G3588	T-DSN	ὁ	the/this/who	the	NA28+NA27+Tyn+SBL+WH+Treg+TR+Byz	
2	22	10	NKO	στόματι	stomati	G4750	N-DSN	στόμα	mouth	mouth	NA28+NA27+Tyn+SBL+WH+Treg+TR+Byz	
2	22	11	NKO	αὐτοῦ,	autou	G0846	P-GSM	αὐτός	he/she/it/self	of Him,	NA28+NA27+Tyn+SBL+WH+Treg+TR+Byz	
2	23	1	NKO	ὃς	hos	G3739	R-NSM	ὅς, ἥ	which	Who	NA28+NA27+Tyn+SBL+WH+Treg+TR+Byz	
2	23	2	NKO	λοιδορούμενος	loidoroumenos	G3058	V-PPP-NSM	λοιδορέω	to revile	being reviled	NA28+NA27+Tyn+SBL+WH+Treg+TR+Byz	
2	23	3	NKO	οὐκ	ouk	G3756	PRT-N	οὐ	no	not	NA28+NA27+Tyn+SBL+WH+Treg+TR+Byz	
2	23	4	NKO	ἀντελοιδόρει,	anteloidorei	G0486	V-IAI-3S	ἀντιλοιδορέω	to retaliate	was not reviling back	NA28+NA27+Tyn+SBL+WH+Treg+TR+Byz	
2	23	5	NKO	πάσχων	paschōn	G3958	V-PAP-NSM	πάσχω	to suffer	suffering	NA28+NA27+Tyn+SBL+WH+Treg+TR+Byz	
2	23	6	NKO	οὐκ	ouk	G3756	PRT-N	οὐ	no	not	NA28+NA27+Tyn+SBL+WH+Treg+TR+Byz	
2	23	7	NKO	ἠπείλει,	ēpeilei	G0546	V-IAI-3S	ἀπειλέω	to threaten	was threatening	NA28+NA27+Tyn+SBL+WH+Treg+TR+Byz	
2	23	8	NKO	παρεδίδου	paredidou	G3860	V-IAI-3S	παραδίδωμι	to deliver	He was delivering [Himself]	NA28+NA27+Tyn+SBL+WH+Treg+TR+Byz	
2	23	9	NKO	δὲ	de	G1161	CONJ	δέ	but/and	however	NA28+NA27+Tyn+SBL+WH+Treg+TR+Byz	
2	23	10	NKO	τῷ	tō	G3588	T-DSM	ὁ	the/this/who	to the [One]	NA28+NA27+Tyn+SBL+WH+Treg+TR+Byz	
2	23	11	NKO	κρίνοντι	krinonti	G2919	V-PAP-DSM	κρίνω	to judge	judging	NA28+NA27+Tyn+SBL+WH+Treg+TR+Byz	
2	23	12	NKO	δικαίως·	dikaiōs	G1346	ADV	δικαίως	rightly	justly;	NA28+NA27+Tyn+SBL+WH+Treg+TR+Byz	
2	24	1	NKO	ὃς	hos	G3739	R-NSM	ὅς, ἥ	which	Who	NA28+NA27+Tyn+SBL+WH+Treg+TR+Byz	
2	24	2	NKO	τὰς	tas	G3588	T-APF	ὁ	the/this/who	the	NA28+NA27+Tyn+SBL+WH+Treg+TR+Byz	
2	24	3	NKO	ἁμαρτίας	hamartias	G0266	N-APF	ἁμαρτία	sin	sins	NA28+NA27+Tyn+SBL+WH+Treg+TR+Byz	
2	24	4	NKO	ἡμῶν	hēmōn	G3165	P-1GP	ἐγώ	I/we	of us	NA28+NA27+Tyn+SBL+WH+Treg+TR+Byz	
2	24	5	NKO	αὐτὸς	autos	G0846	P-NSM	αὐτός	he/she/it/self	Himself	NA28+NA27+Tyn+SBL+WH+Treg+TR+Byz	
2	24	6	NKO	ἀνήνεγκεν	anēnegken	G0399	V-AAI-3S	ἀναφέρω	to carry up	bore	NA28+NA27+Tyn+SBL+WH+Treg+TR+Byz	
2	24	7	NKO	ἐν	en	G1722	PREP	ἐν	in/on/among	in	NA28+NA27+Tyn+SBL+WH+Treg+TR+Byz	
2	24	8	NKO	τῷ	tō	G3588	T-DSN	ὁ	the/this/who	the	NA28+NA27+Tyn+SBL+WH+Treg+TR+Byz	
2	24	9	NKO	σώματι	sōmati	G4983	N-DSN	σῶμα	body	body	NA28+NA27+Tyn+SBL+WH+Treg+TR+Byz	
2	24	10	NKO	αὐτοῦ	autou	G0846	P-GSM	αὐτός	he/she/it/self	of Him	NA28+NA27+Tyn+SBL+WH+Treg+TR+Byz	
2	24	11	NKO	ἐπὶ	epi	G1909	PREP	ἐπί	upon/to/against	on	NA28+NA27+Tyn+SBL+WH+Treg+TR+Byz	
2	24	12	NKO	τὸ	to	G3588	T-ASN	ὁ	the/this/who	the	NA28+NA27+Tyn+SBL+WH+Treg+TR+Byz	
2	24	13	NKO	ξύλον	xulon	G3586	N-ASN	ξύλον	wood	tree	NA28+NA27+Tyn+SBL+WH+Treg+TR+Byz	
2	24	14	NKO	ἵνα	ina	G2443	CONJ	ἵνα	in order that/to	so that	NA28+NA27+Tyn+SBL+WH+Treg+TR+Byz	
2	24	15	NKO	ταῖς	tais	G3588	T-DPF	ὁ	the/this/who	<the>	NA28+NA27+Tyn+SBL+WH+Treg+TR+Byz	
2	24	16	NKO	ἁμαρτίαις	hamartiais	G0266	N-DPF	ἁμαρτία	sin	to sins	NA28+NA27+Tyn+SBL+WH+Treg+TR+Byz	
2	24	17	NKO	ἀπογενόμενοι	apogenomenoi	G0581	V-2ADP-NPM	ἀπογενόμενος	to cease to be	having been dead	NA28+NA27+Tyn+SBL+WH+Treg+TR+Byz	
2	24	18	NKO	τῇ	tēa	G3588	T-DSF	ὁ	the/this/who	<the>	NA28+NA27+Tyn+SBL+WH+Treg+TR+Byz	
2	24	19	NKO	δικαιοσύνῃ	dikaiosunē	G1343	N-DSF	δικαιοσύνη	righteousness	to righteousness	NA28+NA27+Tyn+SBL+WH+Treg+TR+Byz	
2	24	20	NKO	ζήσωμεν·	zēsōmen	G2198	V-AAS-1P	ζάω	to live	we may live;	NA28+NA27+Tyn+SBL+WH+Treg+TR+Byz	
2	24	21	NKO	οὗ	hou	G3739	R-GSM	ὅς, ἥ	which	Of whom	NA28+NA27+Tyn+SBL+WH+Treg+TR+Byz	
2	24	22	NKO	τῷ	tō	G3588	T-DSM	ὁ	the/this/who	by the	NA28+NA27+Tyn+SBL+WH+Treg+TR+Byz	
2	24	23	NKO	μώλωπι	mōlōpi	G3468	N-DSM	μώλωψ	wound	wounds	NA28+NA27+Tyn+SBL+WH+Treg+TR+Byz	
2	24	24	k	αὐτοῦ	autou	G0846	P-GSM	αὐτός	he/she/it/self	of him	TR+Byz	
2	24	25	NKO	ἰάθητε.	iathēte	G2390	V-API-2P	ἰάομαι	to heal	you have been healed.	NA28+NA27+Tyn+SBL+WH+Treg+TR+Byz	
2	25	1	NKO	ἦτε	ēte	G1510	V-IAI-2P	εἰμί	to be	You were	NA28+NA27+Tyn+SBL+WH+Treg+TR+Byz	
2	25	2	NKO	γὰρ	gar	G1063	CONJ	γάρ	for	for	NA28+NA27+Tyn+SBL+WH+Treg+TR+Byz	
2	25	3	NKO	ὡς	hōs	G5613	PRT	ὡς	which/how	like	NA28+NA27+Tyn+SBL+WH+Treg+TR+Byz	
2	25	4	NKO	πρόβατα	probata	G4263	N-NPN	πρόβατον	sheep	sheep	NA28+NA27+Tyn+SBL+WH+Treg+TR+Byz	
2	25	5	N(k)O	πλανώμενοι	planōmenoi	G4105	V-PPP-NPM	πλανάω	to lead astray	going astray	NA28+NA27+Tyn+SBL+WH+Treg	
2	25	6	NKO	ἀλλ᾽	all᾽	G0235	CONJ	ἀλλά	but	but	NA28+NA27+Tyn+SBL+WH+Treg+TR+Byz	
2	25	7	NKO	ἐπεστράφητε	epestraphēte	G1994	V-2API-2P	ἐπιστρέφω	to turn	you have returned	NA28+NA27+Tyn+SBL+WH+Treg+TR+Byz	
2	25	8	NKO	νῦν	nun	G3568	ADV	νῦν	now	now	NA28+NA27+Tyn+SBL+WH+Treg+TR+Byz	
2	25	9	NKO	ἐπὶ	epi	G1909	PREP	ἐπί	upon/to/against	to	NA28+NA27+Tyn+SBL+WH+Treg+TR+Byz	
2	25	10	NKO	τὸν	ton	G3588	T-ASM	ὁ	the/this/who	the	NA28+NA27+Tyn+SBL+WH+Treg+TR+Byz	
2	25	11	NKO	ποιμένα	poimena	G4166	N-ASM	ποιμήν	shepherd	Shepherd	NA28+NA27+Tyn+SBL+WH+Treg+TR+Byz	
2	25	12	NKO	καὶ	kai	G2532	CONJ	καί	and	and	NA28+NA27+Tyn+SBL+WH+Treg+TR+Byz	
2	25	13	NKO	ἐπίσκοπον	episkopon	G1985	N-ASM	ἐπίσκοπος	overseer	Overseer	NA28+NA27+Tyn+SBL+WH+Treg+TR+Byz	
2	25	14	NKO	τῶν	tōn	G3588	T-GPF	ὁ	the/this/who	of the	NA28+NA27+Tyn+SBL+WH+Treg+TR+Byz	
2	25	15	NKO	ψυχῶν	psuchōn	G5590G	N-GPF	ψυχή	soul	souls	NA28+NA27+Tyn+SBL+WH+Treg+TR+Byz	
2	25	16	NKO	ὑμῶν.¶	humōn	G4771	P-2GP	σύ	you	of you.	NA28+NA27+Tyn+SBL+WH+Treg+TR+Byz	
3	1	1	NKO	Ὁμοίως	Homoiōs	G3668	ADV	ὁμοίως	similarly	Likewise	NA28+NA27+Tyn+SBL+WH+Treg+TR+Byz	
3	1	2	NKO	αἱ	hai	G3739	R-NPF	ὅς, ἥ	which	You	NA28+NA27+TR+Byz	
3	1	3	NKO	γυναῖκες	gunaikes	G1135H	N-VPF	γυνή	woman	wives	NA28+NA27+Tyn+SBL+WH+Treg+TR+Byz	
3	1	4	NKO	ὑποτασσόμεναι	hupotassomenai	G5293	V-PPP-NPF	ὑποτάσσω	to subject	be subject	NA28+NA27+Tyn+SBL+WH+Treg+TR+Byz	
3	1	5	NKO	τοῖς	tois	G3588	T-DPM	ὁ	the/this/who	<the>	NA28+NA27+Tyn+SBL+WH+Treg+TR+Byz	
3	1	6	NKO	ἰδίοις	idiois	G2398	A-DPM	ἴδιος	one's own/private	to [their] own	NA28+NA27+Tyn+SBL+WH+Treg+TR+Byz	
3	1	7	NKO	ἀνδράσιν,	andrasin	G0435H	N-DPM	ἀνήρ	man	husbands,	NA28+NA27+Tyn+SBL+WH+Treg+TR+Byz	
3	1	8	NKO	ἵνα	ina	G2443	CONJ	ἵνα	in order that/to	so that	NA28+NA27+Tyn+SBL+WH+Treg+TR+Byz	
3	1	9	NKO	καὶ	kai	G2532	CONJ	καί	and	even	NA28+NA27+Tyn+SBL+Treg+TR+Byz	
3	1	10	NKO	εἴ	ei	G1487G	COND	εἰ	if	if	NA28+NA27+Tyn+SBL+WH+Treg+TR+Byz	
3	1	11	NKO	τινες	tines	G5100	X-NPM	τις	one	any	NA28+NA27+Tyn+SBL+WH+Treg+TR+Byz	
3	1	12	NKO	ἀπειθοῦσιν	apeithousin	G0544	V-PAI-3P	ἀπειθέω	to disobey	are disobedient	NA28+NA27+Tyn+SBL+WH+Treg+TR+Byz	
3	1	13	NKO	τῷ	tō	G3588	T-DSM	ὁ	the/this/who	to the	NA28+NA27+Tyn+SBL+WH+Treg+TR+Byz	
3	1	14	NKO	λόγῳ,	logō	G3056	N-DSM	λόγος	word	word,	NA28+NA27+Tyn+SBL+WH+Treg+TR+Byz	
3	1	15	NKO	διὰ	dia	G1223	PREP	διά	through/because of	through	NA28+NA27+Tyn+SBL+WH+Treg+TR+Byz	
3	1	16	NKO	τῆς	tēs	G3588	T-GSF	ὁ	the/this/who	the	NA28+NA27+Tyn+SBL+WH+Treg+TR+Byz	
3	1	17	NKO	τῶν	tōn	G3588	T-GPF	ὁ	the/this/who	of the	NA28+NA27+Tyn+SBL+WH+Treg+TR+Byz	
3	1	18	NKO	γυναικῶν	gunaikōn	G1135H	N-GPF	γυνή	woman	wives	NA28+NA27+Tyn+SBL+WH+Treg+TR+Byz	
3	1	19	NKO	ἀναστροφῆς	anastrophēs	G0391	N-GSF	ἀναστροφή	behaviour	conduct	NA28+NA27+Tyn+SBL+WH+Treg+TR+Byz	
3	1	20	NKO	ἄνευ	aneu	G0427	PREP	ἄνευ	without	without	NA28+NA27+Tyn+SBL+WH+Treg+TR+Byz	
3	1	21	NKO	λόγου	logou	G3056	N-GSM	λόγος	word	word	NA28+NA27+Tyn+SBL+WH+Treg+TR+Byz	
3	1	22	N(k)O	κερδηθήσονται,	kerdēthēsontai	G2770	V-FPI-3P	κερδαίνω	to gain	they will be gained,	NA28+NA27+Tyn+SBL+WH+Treg+Byz	
3	2	1	NKO	ἐποπτεύσαντες	epopteusantes	G2029	V-AAP-NPM	ἐποπτεύω	to observe	having witnessed	NA28+NA27+Tyn+SBL+WH+Treg+TR+Byz	
3	2	2	NKO	τὴν	tēn	G3588	T-ASF	ὁ	the/this/who	the	NA28+NA27+Tyn+SBL+WH+Treg+TR+Byz	
3	2	3	NKO	ἐν	en	G1722	PREP	ἐν	in/on/among	in	NA28+NA27+Tyn+SBL+WH+Treg+TR+Byz	
3	2	4	NKO	φόβῳ	phobō	G5401	N-DSM	φόβος	fear	respect	NA28+NA27+Tyn+SBL+WH+Treg+TR+Byz	
3	2	5	NKO	ἁγνὴν	hagnēn	G0053	A-ASF	ἁγνός	pure	pure	NA28+NA27+Tyn+SBL+WH+Treg+TR+Byz	
3	2	6	NKO	ἀναστροφὴν	anastrophēn	G0391	N-ASF	ἀναστροφή	behaviour	conduct	NA28+NA27+Tyn+SBL+WH+Treg+TR+Byz	
3	2	7	NKO	ὑμῶν·	humōn	G4771	P-2GP	σύ	you	of you;	NA28+NA27+Tyn+SBL+WH+Treg+TR+Byz	
3	3	1	NKO	ὧν	hōn	G3739	R-GPF	ὅς, ἥ	which	whose	NA28+NA27+Tyn+SBL+WH+Treg+TR+Byz	
3	3	2	NKO	ἔστω	estō	G1510	V-PAM-3S	εἰμί	to be	should be	NA28+NA27+Tyn+SBL+WH+Treg+TR+Byz	
3	3	3	NKO	οὐχ	ouch	G3756	PRT-N	οὐ	no	not	NA28+NA27+Tyn+SBL+WH+Treg+TR+Byz	
3	3	4	NKO	ὁ	ho	G3588	T-NSM	ὁ	the/this/who	<the>	NA28+NA27+Tyn+SBL+WH+Treg+TR+Byz	
3	3	5	NKO	ἔξωθεν	exōthen	G1855	PREP	ἔξωθεν	outside	outward	NA28+NA27+Tyn+SBL+WH+Treg+TR+Byz	
3	3	6	NKO	ἐμπλοκῆς	emplokēs	G1708	N-GSF	ἐμπλοκή	braiding	of braiding	NA28+NA27+Tyn+SBL+WH+Treg+TR+Byz	
3	3	7	NKO	τριχῶν	trichōn	G2359	N-GPF	θρίξ	hair	of hair	NA28+NA27+Tyn+SBL+WH+Treg+TR+Byz	
3	3	8	NKO	καὶ	kai	G2532	CONJ	καί	and	and	NA28+NA27+Tyn+SBL+WH+Treg+TR+Byz	
3	3	9	NKO	περιθέσεως	peritheseōs	G4025	N-GSF	περίθεσις	wearing	putting around	NA28+NA27+Tyn+SBL+WH+Treg+TR+Byz	
3	3	10	NKO	χρυσίων	chrusiōn	G5553	N-GPN	χρυσίον	gold	of gold	NA28+NA27+Tyn+SBL+WH+Treg+TR+Byz	
3	3	11	NKO	ἢ	ē	G2228	CONJ	ἤ	or/than	or	NA28+NA27+Tyn+SBL+WH+Treg+TR+Byz	
3	3	12	NKO	ἐνδύσεως	enduseōs	G1745	N-GSF	ἔνδυσις	wearing	putting on	NA28+NA27+Tyn+SBL+WH+Treg+TR+Byz	
3	3	13	NKO	ἱματίων	himatiōn	G2440	N-GPN	ἱμάτιον	clothing	of garments	NA28+NA27+Tyn+SBL+WH+Treg+TR+Byz	
3	3	14	NKO	κόσμος,	kosmos	G2889	N-NSM	κόσμος	world	adorning,	NA28+NA27+Tyn+SBL+WH+Treg+TR+Byz	
3	4	1	NKO	ἀλλ᾽	all᾽	G0235	CONJ	ἀλλά	but	but	NA28+NA27+Tyn+SBL+WH+Treg+TR+Byz	
3	4	2	NKO	ὁ	ho	G3588	T-NSM	ὁ	the/this/who	the	NA28+NA27+Tyn+SBL+WH+Treg+TR+Byz	
3	4	3	NKO	κρυπτὸς	kruptos	G2927	A-NSM	κρυπτός	hidden	hidden	NA28+NA27+Tyn+SBL+WH+Treg+TR+Byz	
3	4	4	NKO	τῆς	tēs	G3588	T-GSF	ὁ	the/this/who	of the	NA28+NA27+Tyn+SBL+WH+Treg+TR+Byz	
3	4	5	NKO	καρδίας	kardias	G2588	N-GSF	καρδία	heart	heart	NA28+NA27+Tyn+SBL+WH+Treg+TR+Byz	
3	4	6	NKO	ἄνθρωπος	anthrōpos	G0444	N-NSM	ἄνθρωπος	a human	man	NA28+NA27+Tyn+SBL+WH+Treg+TR+Byz	
3	4	7	NKO	ἐν	en	G1722	PREP	ἐν	in/on/among	in	NA28+NA27+Tyn+SBL+WH+Treg+TR+Byz	
3	4	8	NKO	τῷ	tō	G3588	T-DSM	ὁ	the/this/who	the	NA28+NA27+Tyn+SBL+WH+Treg+TR+Byz	
3	4	9	NKO	ἀφθάρτῳ	aphthartō	G0862	A-DSM	ἄφθαρτος	incorruptible	imperishable	NA28+NA27+Tyn+SBL+WH+Treg+TR+Byz	
3	4	10	NKO	τοῦ	tou	G3588	T-GSN	ὁ	the/this/who	of the	NA28+NA27+Tyn+SBL+WH+Treg+TR+Byz	
3	4	11	NKO	πραέως	praeōs	G4235	A-GSN	πραΰς	gentle	gentle	NA28+NA27+Tyn+SBL+WH»2+Treg+TR+Byz	
3	4	12	NKO	καὶ	kai	G2532	CONJ	καί	and	and	NA28+NA27+Tyn+SBL+WH»1+Treg+TR+Byz	
3	4	13	NKO	ἡσυχίου	hēsuchiou	G2272	A-GSN	ἡσύχιος	quiet	quiet	NA28+NA27+Tyn+SBL+WH+Treg+TR+Byz	
3	4	14	NKO	πνεύματος,	pneumatos	G4151G	N-GSN	πνεῦμα	spirit/breath	spirit,	NA28+NA27+Tyn+SBL+WH+Treg+TR+Byz	
3	4	15	NKO	ὅ	ho	G3739	R-NSN	ὅς, ἥ	which	which	NA28+NA27+Tyn+SBL+WH+Treg+TR+Byz	
3	4	16	NKO	ἐστιν	estin	G1510	V-PAI-3S	εἰμί	to be	is	NA28+NA27+Tyn+SBL+WH+Treg+TR+Byz	
3	4	17	NKO	ἐνώπιον	enōpion	G1799	PREP	ἐνώπιον	before	before	NA28+NA27+Tyn+SBL+WH+Treg+TR+Byz	
3	4	18	NKO	τοῦ	tou	G3588	T-GSM	ὁ	the/this/who	the	NA28+NA27+Tyn+SBL+WH+Treg+TR+Byz	
3	4	19	NKO	θεοῦ	theou	G2316	N-GSM-T	θεός	God	God	NA28+NA27+Tyn+SBL+WH+Treg+TR+Byz	
3	4	20	NKO	πολυτελές.	poluteles	G4185	A-NSN	πολυτελής	valuable	of great worth.	NA28+NA27+Tyn+SBL+WH+Treg+TR+Byz	
3	5	1	NKO	οὕτως	houtōs	G3779	ADV	οὕτω, οὕτως	thus(-ly)	In this way	NA28+NA27+Tyn+SBL+WH+Treg+TR+Byz	
3	5	2	NKO	γάρ	gar	G1063	CONJ	γάρ	for	for	NA28+NA27+Tyn+SBL+WH+Treg+TR+Byz	
3	5	3	NKO	ποτε	pote	G4218	PRT	ποτέ	once/when	formerly	NA28+NA27+Tyn+SBL+WH+Treg+TR+Byz	
3	5	4	NKO	καὶ	kai	G2532	CONJ	καί	and	also	NA28+NA27+Tyn+SBL+WH+Treg+TR+Byz	
3	5	5	NKO	αἱ	hai	G3588	T-NPF	ὁ	the/this/who	the	NA28+NA27+Tyn+SBL+WH+Treg+TR+Byz	
3	5	6	NKO	ἅγιαι	hagiai	G0040G	A-NPF	ἅγιος	holy	holy	NA28+NA27+Tyn+SBL+WH+Treg+TR+Byz	
3	5	7	NKO	γυναῖκες	gunaikes	G1135G	N-NPF	γυνή	woman	women	NA28+NA27+Tyn+SBL+WH+Treg+TR+Byz	
3	5	8	NKO	αἱ	hai	G3588	T-NPF	ὁ	the/this/who	those	NA28+NA27+Tyn+SBL+WH+Treg+TR+Byz	
3	5	9	NKO	ἐλπίζουσαι	elpizousai	G1679	V-PAP-NPF	ἐλπίζω	to hope/expect	hoping	NA28+NA27+Tyn+SBL+WH+Treg+TR+Byz	
3	5	10	N(k)O	εἰς	eis	G1519	PREP	εἰς	toward	in	NA28+NA27+Tyn+SBL+WH+Treg	
3	5	11	k	τὸν	ton	G3588	T-ASM	ὁ	the/this/who	<the>	TR	
3	5	12	NKO	θεὸν	theon	G2316	N-ASM-T	θεός	God	God	NA28+NA27+Tyn+SBL+WH+Treg+TR+Byz	
3	5	13	NKO	ἐκόσμουν	ekosmoun	G2885	V-IAI-3P	κοσμέω	to arrange	were adorning	NA28+NA27+Tyn+SBL+WH+Treg+TR+Byz	
3	5	14	NKO	ἑαυτάς	he'autas	G1438	F-3APF	ἑαυτοῦ	my/your/him-self	themselves	NA28+NA27+Tyn+SBL+WH+Treg+TR+Byz	
3	5	15	NKO	ὑποτασσόμεναι	hupotassomenai	G5293	V-PPP-NPF	ὑποτάσσω	to subject	being subject	NA28+NA27+Tyn+SBL+WH+Treg+TR+Byz	
3	5	16	NKO	τοῖς	tois	G3588	T-DPM	ὁ	the/this/who	<the>	NA28+NA27+Tyn+SBL+WH+Treg+TR+Byz	
3	5	17	NKO	ἰδίοις	idiois	G2398	A-DPM	ἴδιος	one's own/private	to [their] own	NA28+NA27+Tyn+SBL+WH+Treg+TR+Byz	
3	5	18	NKO	ἀνδράσιν·	andrasin	G0435H	N-DPM	ἀνήρ	man	husbands;	NA28+NA27+Tyn+SBL+WH+Treg+TR+Byz	
3	6	1	NKO	ὡς	hōs	G5613	PRT	ὡς	which/how	as	NA28+NA27+Tyn+SBL+WH+Treg+TR+Byz	
3	6	2	NKO	Σάρρα	Sarra	G4564	N-NSF-P	Σάρρα	Sarah	Sarah	NA28+NA27+Tyn+SBL+WH+Treg+TR+Byz	
3	6	3	NK(o)	ὑπήκουσεν	hupēkousen	G5219	V-AAI-3S	ὑπακούω	to obey	obeyed	NA28+NA27+Tyn+SBL+Treg+TR+Byz	
3	6	4	NKO	τῷ	tō	G3588	T-DSM	ὁ	the/this/who	<the>	NA28+NA27+Tyn+SBL+WH+Treg+TR+Byz	
3	6	5	NKO	Ἀβραὰμ	Abraam	G0011	N-DSM-P	Ἀβραάμ	Abraham	Abraham	NA28+NA27+Tyn+SBL+WH+Treg+TR+Byz	
3	6	6	NKO	κύριον	kurion	G2962H	N-ASM	κύριος	lord	lord	NA28+NA27+Tyn+SBL+WH+Treg+TR+Byz	
3	6	7	NKO	αὐτὸν	auton	G0846	P-ASM	αὐτός	he/she/it/self	him	NA28+NA27+Tyn+SBL+WH+Treg+TR+Byz	
3	6	8	NKO	καλοῦσα,	kalousa	G2564G	V-PAP-NSF	καλέω	to call	calling,	NA28+NA27+Tyn+SBL+WH+Treg+TR+Byz	
3	6	9	NKO	ἧς	hēs	G3739	R-GSF	ὅς, ἥ	which	of whom	NA28+NA27+Tyn+SBL+WH+Treg+TR+Byz	
3	6	10	NKO	ἐγενήθητε	egenēthēte	G1096	V-2AOI-2P	γίνομαι	to be	you have become	NA28+NA27+Tyn+SBL+WH+Treg+TR+Byz	
3	6	11	NKO	τέκνα	tekna	G5043	N-NPN	τέκνον	child	children	NA28+NA27+Tyn+SBL+WH+Treg+TR+Byz	
3	6	12	NKO	ἀγαθοποιοῦσαι	agathopoiousai	G0015	V-PAP-NPF	ἀγαθοποιέω	to do good	doing good	NA28+NA27+Tyn+SBL+WH+Treg+TR+Byz	
3	6	13	NKO	καὶ	kai	G2532	CONJ	καί	and	and	NA28+NA27+Tyn+SBL+WH+Treg+TR+Byz	
3	6	14	NKO	μὴ	mē	G3361	PRT-N	μή	not	not	NA28+NA27+Tyn+SBL+WH+Treg+TR+Byz	
3	6	15	NKO	φοβούμεναι	phoboumenai	G5399	V-PNP-NPF	φοβέω	to fear	fearing	NA28+NA27+Tyn+SBL+WH+Treg+TR+Byz	
3	6	16	NKO	μηδεμίαν	mēdemian	G3367	A-ASF	μηδείς	nothing	not one	NA28+NA27+Tyn+SBL+WH+Treg+TR+Byz	
3	6	17	NKO	πτόησιν.¶	ptoēsin	G4423	N-ASF	πτόησις	fear	consternation.	NA28+NA27+Tyn+SBL+WH+Treg+TR+Byz	
3	7	1	NKO	Οἱ	Hoi	G3588	T-VPM	ὁ	the/this/who	you who [are]	NA28+NA27+Tyn+SBL+WH+Treg+TR+Byz	
3	7	2	NKO	ἄνδρες	andres	G0435H	N-VPM	ἀνήρ	man	Husbands	NA28+NA27+Tyn+SBL+WH+Treg+TR+Byz	
3	7	3	NKO	ὁμοίως,	homoiōs	G3668	ADV	ὁμοίως	similarly	likewise,	NA28+NA27+Tyn+SBL+WH+Treg+TR+Byz	
3	7	4	NKO	συνοικοῦντες	sunoikountes	G4924	V-PAP-NPM	συνοικέω	to live with	dwelling with [them]	NA28+NA27+Tyn+SBL+WH+Treg+TR+Byz	
3	7	5	NKO	κατὰ	kata	G2596	PREP	κατά	according to	according to	NA28+NA27+Tyn+SBL+WH+Treg+TR+Byz	
3	7	6	NKO	γνῶσιν	gnōsin	G1108	N-ASF	γνῶσις	knowledge	knowledge	NA28+NA27+Tyn+SBL+WH+Treg+TR+Byz	
3	7	7	NKO	ὡς	hōs	G5613	PRT	ὡς	which/how	as	NA28+NA27+Tyn+SBL+WH+Treg+TR+Byz	
3	7	8	NKO	ἀσθενεστέρῳ	asthenesterō	G0772G	A-DSN-C	ἀσθενής	weak	with a weaker	NA28+NA27+Tyn+SBL+WH+Treg+TR+Byz	
3	7	9	NKO	σκεύει	skeuei	G4632	N-DSN	σκεῦος	vessel	vessel	NA28+NA27+Tyn+SBL+WH+Treg+TR+Byz	
3	7	10	NKO	τῷ	tō	G3588	T-DSN	ὁ	the/this/who	with the	NA28+NA27+Tyn+SBL+WH+Treg+TR+Byz	
3	7	11	NKO	γυναικείῳ	gunaikeiō	G1134	A-DSN	γυναικεῖος	feminine	female	NA28+NA27+Tyn+SBL+WH+Treg+TR+Byz	
3	7	12	NKO	ἀπονέμοντες	aponemontes	G0632	V-PAP-NPM	ἀπονέμω	to render as due	rendering	NA28+NA27+Tyn+SBL+WH+Treg+TR+Byz	
3	7	13	NKO	τιμὴν	timēn	G5092	N-ASF	τιμή	honor	honor	NA28+NA27+Tyn+SBL+WH+Treg+TR+Byz	
3	7	14	NKO	ὡς	hōs	G5613	PRT	ὡς	which/how	since	NA28+NA27+Tyn+SBL+WH+Treg+TR+Byz	
3	7	15	NKO	καὶ	kai	G2532	CONJ	καί	and	[they are] also	NA28+NA27+Tyn+SBL+WH+Treg+TR+Byz	
3	7	16	N(k)O	συγκληρονόμοις	sugklēronomois	G4789	A-DPM	συγκληρονόμος	co-heir	joint-heirs	NA28+NA27+Tyn+SBL+Treg	
3	7	17	NKO	χάριτος	charitos	G5485	N-GSF	χάρις	grace	of [the] grace	NA28+NA27+Tyn+SBL+WH+Treg+TR+Byz	
3	7	18	NKO	ζωῆς	zōēs	G2222	N-GSF	ζωή	life	of life	NA28+NA27+Tyn+SBL+WH+Treg+TR+Byz	
3	7	19	NKO	εἰς	eis	G1519	PREP	εἰς	toward	so as	NA28+NA27+Tyn+SBL+WH+Treg+TR+Byz	
3	7	20	NKO	τὸ	to	G3588	T-ASN	ὁ	the/this/who	this	NA28+NA27+Tyn+SBL+WH+Treg+TR+Byz	
3	7	21	NKO	μὴ	mē	G3361	PRT-N	μή	not	not	NA28+NA27+Tyn+SBL+WH+Treg+TR+Byz	
3	7	22	N(k)O	ἐγκόπτεσθαι	egkoptesthai	G1465	V-PPN	ἐγκόπτω	to impede	[cause to] be impeded	NA28+NA27+Tyn+SBL+WH+Treg+Byz	
3	7	23	NKO	τὰς	tas	G3588	T-APF	ὁ	the/this/who	the	NA28+NA27+Tyn+SBL+WH+Treg+TR+Byz	
3	7	24	NKO	προσευχὰς	proseuchas	G4335	N-APF	προσευχή	prayer	prayers	NA28+NA27+Tyn+SBL+WH+Treg+TR+Byz	
3	7	25	NKO	ὑμῶν.¶	humōn	G4771	P-2GP	σύ	you	of you.	NA28+NA27+Tyn+SBL+WH+Treg+TR+Byz	
3	8	1	NKO	Τὸ	To	G3588	T-ASN	ὁ	the/this/who	<the>	NA28+NA27+Tyn+SBL+WH+Treg+TR+Byz	
3	8	2	NKO	δὲ	de	G1161	CONJ	δέ	but/and	Now	NA28+NA27+Tyn+SBL+WH+Treg+TR+Byz	
3	8	3	NKO	τέλος	telos	G5056	N-ASN	τέλος	goal/tax	the end	NA28+NA27+Tyn+SBL+WH+Treg+TR+Byz	
3	8	4	NKO	πάντες	pantes	G3956	A-VPM	πᾶς	all	All [be]	NA28+NA27+Tyn+SBL+WH+Treg+TR+Byz	
3	8	5	NKO	ὁμόφρονες,	homophrones	G3675	A-NPM	ὁμόφρων	like-minded	single-minded,	NA28+NA27+Tyn+SBL+WH+Treg+TR+Byz	
3	8	6	NKO	συμπαθεῖς,	sumpatheis	G4835	A-NPM	συμπαθής	sympathetic	sympathetic,	NA28+NA27+Tyn+SBL+WH+Treg+TR+Byz	
3	8	7	NKO	φιλάδελφοι,	philadelphoi	G5361	A-NPM	φιλάδελφος	loving the brothers	loving as brothers,	NA28+NA27+Tyn+SBL+WH+Treg+TR+Byz	
3	8	8	NKO	εὔσπλαγχνοι,	eusplagchnoi	G2155	A-NPM	εὔσπλαγχνος	compassionate	tender-hearted,	NA28+NA27+Tyn+SBL+WH+Treg+TR+Byz	
3	8	9	N(K)O	ταπεινόφρονες,	tapeinophrones	G9402	A-NPM	ταπεινοφροσύνη	humility	humble,	NA28+NA27+Tyn+SBL+WH+Treg	
3	9	1	NKO	μὴ	mē	G3361	PRT-N	μή	not	not	NA28+NA27+Tyn+SBL+WH+Treg+TR+Byz	
3	9	2	NKO	ἀποδιδόντες	apodidontes	G0591	V-PAP-NPM	ἀποδίδωμι	to pay	repaying	NA28+NA27+Tyn+SBL+WH+Treg+TR+Byz	
3	9	3	NKO	κακὸν	kakon	G2556G	A-ASN	κακός	evil/harm	evil	NA28+NA27+Tyn+SBL+WH+Treg+TR+Byz	
3	9	4	NKO	ἀντὶ	anti	G0473	PREP	ἀντί	for	for	NA28+NA27+Tyn+SBL+WH+Treg+TR+Byz	
3	9	5	NKO	κακοῦ	kakou	G2556G	A-GSN	κακός	evil/harm	evil	NA28+NA27+Tyn+SBL+WH+Treg+TR+Byz	
3	9	6	NKO	ἢ	ē	G2228	CONJ	ἤ	or/than	or	NA28+NA27+Tyn+SBL+WH+Treg+TR+Byz	
3	9	7	NKO	λοιδορίαν	loidorian	G3059	N-ASF	λοιδορία	reviling	insult	NA28+NA27+Tyn+SBL+WH+Treg+TR+Byz	
3	9	8	NKO	ἀντὶ	anti	G0473	PREP	ἀντί	for	for	NA28+NA27+Tyn+SBL+WH+Treg+TR+Byz	
3	9	9	NKO	λοιδορίας,	loidorias	G3059	N-GSF	λοιδορία	reviling	insult,	NA28+NA27+Tyn+SBL+WH+Treg+TR+Byz	
3	9	10	NKO	τοὐναντίον	tounantion	G5121	ADV	τοὐναντίον	instead	on the contrary	NA28+NA27+Tyn+SBL+WH+Treg+TR+Byz	
3	9	11	NKO	δὲ	de	G1161	CONJ	δέ	but/and	however	NA28+NA27+Tyn+SBL+WH+Treg+TR+Byz	
3	9	12	NKO	εὐλογοῦντες	eulogountes	G2127	V-PAP-NPM	εὐλογέω	to praise/bless	blessing	NA28+NA27+Tyn+SBL+WH+Treg+TR+Byz	
3	9	13	K	εἰδότες,	eidotes	G6063	V-RAP-NPM	εἴδω	to perceive	knowing	TR+Byz	
3	9	14	NKO	ὅτι	hoti	G3754H	CONJ	ὅτι	that/since	because	NA28+NA27+Tyn+SBL+WH+Treg+TR+Byz	
3	9	15	NKO	εἰς	eis	G1519	PREP	εἰς	toward	to	NA28+NA27+Tyn+SBL+WH+Treg+TR+Byz	
3	9	16	NKO	τοῦτο	touto	G3778	D-ASN	οὗτος	this/he/she/it	this	NA28+NA27+Tyn+SBL+WH+Treg+TR+Byz	
3	9	17	NKO	ἐκλήθητε	eklēthēte	G2564G	V-API-2P	καλέω	to call	you were called	NA28+NA27+Tyn+SBL+WH+Treg+TR+Byz	
3	9	18	NKO	ἵνα	ina	G2443	CONJ	ἵνα	in order that/to	so that	NA28+NA27+Tyn+SBL+WH+Treg+TR+Byz	
3	9	19	NKO	εὐλογίαν	eulogian	G2129	N-ASF	εὐλογία	praise	blessing	NA28+NA27+Tyn+SBL+WH+Treg+TR+Byz	
3	9	20	NKO	κληρονομήσητε.	klēronomēsēte	G2816	V-AAS-2P	κληρονομέω	to inherit	you may inherit.	NA28+NA27+Tyn+SBL+WH+Treg+TR+Byz	
3	10	1	NKO	ὁ	ho	G3588	T-NSM	ὁ	the/this/who	The [one]	NA28+NA27+Tyn+SBL+WH+Treg+TR+Byz	
3	10	2	NKO	γὰρ	gar	G1063	CONJ	γάρ	for	for	NA28+NA27+Tyn+SBL+WH+Treg+TR+Byz	
3	10	3	NKO	θέλων	thelōn	G2309	V-PAP-NSM	θέλω	to will/desire	desiring	NA28+NA27+Tyn+SBL+WH+Treg+TR+Byz	
3	10	4	NKO	ζωὴν	zōēn	G2222	N-ASF	ζωή	life	life	NA28+NA27+Tyn+SBL+WH+Treg+TR+Byz	
3	10	5	NKO	ἀγαπᾶν	agapan	G0025	V-PAN	ἀγαπάω	to love	to love	NA28+NA27+Tyn+SBL+WH+Treg+TR+Byz	
3	10	6	NKO	καὶ	kai	G2532	CONJ	καί	and	and	NA28+NA27+Tyn+SBL+WH+Treg+TR+Byz	
3	10	7	NKO	ἰδεῖν	idein	G1492H	V-2AAN	εἴδω	to perceive	to see	NA28+NA27+Tyn+SBL+WH+Treg+TR+Byz	
3	10	8	NKO	ἡμέρας	hēmeras	G2250	N-APF	ἡμέρα	day	days	NA28+NA27+Tyn+SBL+WH+Treg+TR+Byz	
3	10	9	NKO	ἀγαθὰς	agathas	G0018	A-APF	ἀγαθός	good-doer	good	NA28+NA27+Tyn+SBL+WH+Treg+TR+Byz	
3	10	10	NKO	παυσάτω	pausatō	G3973	V-AAM-3S	παύω	to cease	he should keep	NA28+NA27+Tyn+SBL+WH+Treg+TR+Byz	
3	10	11	NKO	τὴν	tēn	G3588	T-ASF	ὁ	the/this/who	the	NA28+NA27+Tyn+SBL+WH+Treg+TR+Byz	
3	10	12	NKO	γλῶσσαν	glōssan	G1100	N-ASF	γλῶσσα	tongue	tongue	NA28+NA27+Tyn+SBL+WH+Treg+TR+Byz	
3	10	13	k	αὐτοῦ	autou	G0846	P-GSM	αὐτός	he/she/it/self	of him	TR+Byz	
3	10	14	NKO	ἀπὸ	apo	G0575	PREP	ἀπό	away from	from	NA28+NA27+Tyn+SBL+WH+Treg+TR+Byz	
3	10	15	NKO	κακοῦ	kakou	G2556G	A-GSN	κακός	evil/harm	evil	NA28+NA27+Tyn+SBL+WH+Treg+TR+Byz	
3	10	16	NKO	καὶ	kai	G2532	CONJ	καί	and	and	NA28+NA27+Tyn+SBL+WH+Treg+TR+Byz	
3	10	17	NKO	χείλη	cheilē	G5491	N-APN	χεῖλος	lip	lips	NA28+NA27+Tyn+SBL+WH+Treg+TR+Byz	
3	10	18	k	αὐτοῦ	autou	G0846	P-GSM	αὐτός	he/she/it/self	of him	TR+Byz	
3	10	19	NKO	τοῦ	tou	G3588	T-GSN	ὁ	the/this/who	<the>	NA28+NA27+Tyn+SBL+WH+Treg+TR+Byz	
3	10	20	NKO	μὴ	mē	G3361	PRT-N	μή	not	not	NA28+NA27+Tyn+SBL+WH+Treg+TR+Byz	
3	10	21	NKO	λαλῆσαι	lalēsai	G2980	V-AAN	λαλέω	to speak	to speak	NA28+NA27+Tyn+SBL+WH+Treg+TR+Byz	
3	10	22	NKO	δόλον.	dolon	G1388	N-ASM	δόλος	deceit	deceit.	NA28+NA27+Tyn+SBL+WH+Treg+TR+Byz	
3	11	1	NKO	ἐκκλινάτω	ekklinatō	G1578	V-AAM-3S	ἐκκλίνω	to turn from	he should turn away	NA28+NA27+Tyn+SBL+WH+Treg+TR+Byz	
3	11	2	no	δὲ	de	G1161	CONJ	δέ	but/and	also	NA28+NA27+Tyn+SBL+WH+Treg	
3	11	3	NKO	ἀπὸ	apo	G0575	PREP	ἀπό	away from	from	NA28+NA27+Tyn+SBL+WH+Treg+TR+Byz	
3	11	4	NKO	κακοῦ	kakou	G2556G	A-GSN	κακός	evil/harm	evil	NA28+NA27+Tyn+SBL+WH+Treg+TR+Byz	
3	11	5	NKO	καὶ	kai	G2532	CONJ	καί	and	and	NA28+NA27+Tyn+SBL+WH+Treg+TR+Byz	
3	11	6	NKO	ποιησάτω	poiēsatō	G4160G	V-AAM-3S	ποιέω	to do/make	he should do	NA28+NA27+Tyn+SBL+WH+Treg+TR+Byz	
3	11	7	NKO	ἀγαθόν,	agathon	G0018	A-ASN	ἀγαθός	good-doer	good,	NA28+NA27+Tyn+SBL+WH+Treg+TR+Byz	
3	11	8	NKO	ζητησάτω	zētēsatō	G2212	V-AAM-3S	ζητέω	to seek	he should seek	NA28+NA27+Tyn+SBL+WH+Treg+TR+Byz	
3	11	9	NKO	εἰρήνην	eirēnēn	G1515	N-ASF	εἰρήνη	peace	peace	NA28+NA27+Tyn+SBL+WH+Treg+TR+Byz	
3	11	10	NKO	καὶ	kai	G2532	CONJ	καί	and	and	NA28+NA27+Tyn+SBL+WH+Treg+TR+Byz	
3	11	11	NKO	διωξάτω	diōxatō	G1377	V-AAM-3S	διώκω	to pursue	he should pursue	NA28+NA27+Tyn+SBL+WH+Treg+TR+Byz	
3	11	12	NKO	αὐτήν.	autēn	G0846	P-ASF	αὐτός	he/she/it/self	it.	NA28+NA27+Tyn+SBL+WH+Treg+TR+Byz	
3	12	1	NKO	ὅτι	hoti	G3754H	CONJ	ὅτι	that/since	Because	NA28+NA27+Tyn+SBL+WH+Treg+TR+Byz	
3	12	2	k	οἵ	oi	G3588	T-NPM	ὁ	the/this/who	the	TR	
3	12	3	NKO	ὀφθαλμοὶ	ophthalmoi	G3788	N-NPM	ὀφθαλμός	eye	eyes	NA28+NA27+Tyn+SBL+WH+Treg+TR+Byz	
3	12	4	NKO	κυρίου	kuriou	G2962G	N-GSM-T	κύριος	lord	of [the] Lord	NA28+NA27+Tyn+SBL+WH+Treg+TR+Byz	
3	12	5	NKO	ἐπὶ	epi	G1909	PREP	ἐπί	upon/to/against	[are] on	NA28+NA27+Tyn+SBL+WH+Treg+TR+Byz	
3	12	6	NKO	δικαίους,	dikaious	G1342	A-APM	δίκαιος	just	[the] righteous,	NA28+NA27+Tyn+SBL+WH+Treg+TR+Byz	
3	12	7	NKO	καὶ	kai	G2532	CONJ	καί	and	and	NA28+NA27+Tyn+SBL+WH+Treg+TR+Byz	
3	12	8	NKO	ὦτα	ōta	G3775	N-NPN	οὖς	ear	[the] ears	NA28+NA27+Tyn+SBL+WH+Treg+TR+Byz	
3	12	9	NKO	αὐτοῦ	autou	G0846	P-GSM	αὐτός	he/she/it/self	of Him	NA28+NA27+Tyn+SBL+WH+Treg+TR+Byz	
3	12	10	NKO	εἰς	eis	G1519	PREP	εἰς	toward	toward	NA28+NA27+Tyn+SBL+WH+Treg+TR+Byz	
3	12	11	NKO	δέησιν	deēsin	G1162	N-ASF	δέησις	petition	prayer	NA28+NA27+Tyn+SBL+WH+Treg+TR+Byz	
3	12	12	NKO	αὐτῶν,	autōn	G0846	P-GPM	αὐτός	he/she/it/self	of them,	NA28+NA27+Tyn+SBL+WH+Treg+TR+Byz	
3	12	13	NKO	πρόσωπον	prosōpon	G4383	N-NSN	πρόσωπον	face	[The] face	NA28+NA27+Tyn+SBL+WH+Treg+TR+Byz	
3	12	14	NKO	δὲ	de	G1161	CONJ	δέ	but/and	however	NA28+NA27+Tyn+SBL+WH+Treg+TR+Byz	
3	12	15	NKO	κυρίου	kuriou	G2962G	N-GSM-T	κύριος	lord	of [the] Lord	NA28+NA27+Tyn+SBL+WH+Treg+TR+Byz	
3	12	16	NKO	ἐπὶ	epi	G1909	PREP	ἐπί	upon/to/against	[is] against	NA28+NA27+Tyn+SBL+WH+Treg+TR+Byz	
3	12	17	NKO	ποιοῦντας	poiountas	G4160G	V-PAP-APM	ποιέω	to do/make	those doing	NA28+NA27+Tyn+SBL+WH+Treg+TR+Byz	
3	12	18	NKO	κακά.¶	kaka	G2556G	A-APN	κακός	evil/harm	evil.	NA28+NA27+Tyn+SBL+WH+Treg+TR+Byz	
3	13	1	NKO	Καὶ	Kai	G2532	CONJ	καί	and	And	NA28+NA27+Tyn+SBL+WH+Treg+TR+Byz	
3	13	2	NKO	τίς	tis	G5101	I-NSM	τίς	which?	who [is]	NA28+NA27+Tyn+SBL+WH+Treg+TR+Byz	
3	13	3	NKO	ὁ	ho	G3588	T-NSM	ὁ	the/this/who	he who	NA28+NA27+Tyn+SBL+WH+Treg+TR+Byz	
3	13	4	NKO	κακώσων	kakōsōn	G2559	V-FAP-NSM	κακόω	to harm	will harm	NA28+NA27+Tyn+SBL+WH+Treg+TR+Byz	
3	13	5	NKO	ὑμᾶς,	humas	G4771	P-2AP	σύ	you	you,	NA28+NA27+Tyn+SBL+WH+Treg+TR+Byz	
3	13	6	NKO	ἐὰν	ean	G1437	COND	ἐάν	if	if	NA28+NA27+Tyn+SBL+WH+Treg+TR+Byz	
3	13	7	NKO	τοῦ	tou	G3588	T-GSN	ὁ	the/this/who	for that which [is]	NA28+NA27+Tyn+SBL+WH+Treg+TR+Byz	
3	13	8	NKO	ἀγαθοῦ	agathou	G0018	A-GSN	ἀγαθός	good-doer	good	NA28+NA27+Tyn+SBL+WH+Treg+TR+Byz	
3	13	9	N(K)O	ζηλωταὶ	zēlōtai	G2207	N-NPM	ζηλωτής	zealot	zealous	NA28+NA27+Tyn+SBL+WH+Treg	
3	13	10	NKO	γένησθε;	genēsthe	G1096	V-2ADS-2P	γίνομαι	to be	you shall be?	NA28+NA27+Tyn+SBL+WH+Treg+TR+Byz	
3	14	1	NKO	ἀλλ᾽	all᾽	G0235	CONJ	ἀλλά	but	But	NA28+NA27+Tyn+SBL+WH+Treg+TR+Byz	
3	14	2	NKO	εἰ	ei	G1487M	COND	εἰ	if	if	NA28+NA27+Tyn+SBL+WH+Treg+TR+Byz	
3	14	3	NKO	καὶ	kai	G2532	CONJ	καί	and	even	NA28+NA27+Tyn+SBL+WH+Treg+TR+Byz	
3	14	4	NKO	πάσχοιτε	paschoite	G3958	V-PAO-2P	πάσχω	to suffer	you would suffer	NA28+NA27+Tyn+SBL+WH+Treg+TR+Byz	
3	14	5	NKO	διὰ	dia	G1223	PREP	διά	through/because of	because of	NA28+NA27+Tyn+SBL+WH+Treg+TR+Byz	
3	14	6	NKO	δικαιοσύνην,	dikaiosunēn	G1343	N-ASF	δικαιοσύνη	righteousness	righteousness,	NA28+NA27+Tyn+SBL+WH+Treg+TR+Byz	
3	14	7	NKO	μακάριοι.	makarioi	G3107	A-NPM	μακάριος	blessed	[you are] blessed.	NA28+NA27+Tyn+SBL+WH+Treg+TR+Byz	
3	14	8	NKO	τὸν	ton	G3588	T-ASM	ὁ	the/this/who	<the>	NA28+NA27+Tyn+SBL+WH+Treg+TR+Byz	
3	14	9	NKO	δὲ	de	G1161	CONJ	δέ	but/and	And	NA28+NA27+Tyn+SBL+WH+Treg+TR+Byz	
3	14	10	NKO	φόβον	phobon	G5401	N-ASM	φόβος	fear	the threats	NA28+NA27+Tyn+SBL+WH+Treg+TR+Byz	
3	14	11	NKO	αὐτῶν	autōn	G0846	P-GPM	αὐτός	he/she/it/self	of them	NA28+NA27+Tyn+SBL+WH+Treg+TR+Byz	
3	14	12	NKO	μὴ	mē	G3361	PRT-N	μή	not	not	NA28+NA27+Tyn+SBL+WH+Treg+TR+Byz	
3	14	13	NKO	φοβηθῆτε	phobēthēte	G5399	V-AOS-2P	φοβέω	to fear	shall you be afraid of	NA28+NA27+Tyn+SBL+WH+Treg+TR+Byz	
3	14	14	NKO	μηδὲ	mēde	G3366	CONJ-N	μηδέ	nor	neither	NA28+NA27+Tyn+SBL+WH+Treg+TR+Byz	
3	14	15	NKO	ταραχθῆτε·	tarachthēte	G5015	V-APS-2P	ταράσσω	to trouble	shall you be troubled;	NA28+NA27+Tyn+SBL+WH+Treg+TR+Byz	
3	15	1	NKO	κύριον	kurion	G2962G	N-ASM-T	κύριος	lord	[As] Lord	NA28+NA27+Tyn+SBL+WH+Treg+TR+Byz	
3	15	2	NKO	δὲ	de	G1161	CONJ	δέ	but/and	however	NA28+NA27+Tyn+SBL+WH+Treg+TR+Byz	
3	15	3	NKO	τὸν	ton	G3588	T-ASM	ὁ	the/this/who	<the>	NA28+NA27+Tyn+SBL+WH+Treg+TR+Byz	
3	15	4	N(K)O	Χριστὸν	Christon	G5547	N-ASM-T	Χριστός	Christ	Christ	NA28+NA27+Tyn+SBL+WH+Treg	
3	15	5	NKO	ἁγιάσατε	hagiasate	G0037	V-AAM-2P	ἁγιάζω	to sanctify	do sanctify	NA28+NA27+Tyn+SBL+WH+Treg+TR+Byz	
3	15	6	NKO	ἐν	en	G1722	PREP	ἐν	in/on/among	in	NA28+NA27+Tyn+SBL+WH+Treg+TR+Byz	
3	15	7	NKO	ταῖς	tais	G3588	T-DPF	ὁ	the/this/who	the	NA28+NA27+Tyn+SBL+WH+Treg+TR+Byz	
3	15	8	NKO	καρδίαις	kardiais	G2588	N-DPF	καρδία	heart	hearts	NA28+NA27+Tyn+SBL+WH+Treg+TR+Byz	
3	15	9	NKO	ὑμῶν.¶	humōn	G4771	P-2GP	σύ	you	of you.	NA28+NA27+Tyn+SBL+WH+Treg+TR+Byz	
3	15	10	NKO	Ἕτοιμοι	Hetoimoi	G2092	A-NPM	ἕτοιμος	ready	ready	NA28+NA27+Tyn+SBL+WH+Treg+TR+Byz	
3	15	11	k	δὲ	de	G1161	CONJ	δέ	but/and	now	TR+Byz	
3	15	12	NKO	ἀεὶ	aei	G0104	ADV	ἀεί	always	always	NA28+NA27+Tyn+SBL+WH+Treg+TR+Byz	
3	15	13	NKO	πρὸς	pros	G4314	PREP	πρός	to/with	for	NA28+NA27+Tyn+SBL+WH+Treg+TR+Byz	
3	15	14	NKO	ἀπολογίαν	apologian	G0627	N-ASF	ἀπολογία	defence	a defense	NA28+NA27+Tyn+SBL+WH+Treg+TR+Byz	
3	15	15	NKO	παντὶ	panti	G3956	A-DSM	πᾶς	all	to everyone	NA28+NA27+Tyn+SBL+WH+Treg+TR+Byz	
3	15	16	NKO	τῷ	tō	G3588	T-DSM	ὁ	the/this/who	who	NA28+NA27+Tyn+SBL+WH+Treg+TR+Byz	
3	15	17	NKO	αἰτοῦντι	aitounti	G0154	V-PAP-DSM	αἰτέω	to ask	is asking	NA28+NA27+Tyn+SBL+WH+Treg+TR+Byz	
3	15	18	NKO	ὑμᾶς	humas	G4771	P-2AP	σύ	you	you	NA28+NA27+Tyn+SBL+WH+Treg+TR+Byz	
3	15	19	NKO	λόγον	logon	G3056	N-ASM	λόγος	word	an account	NA28+NA27+Tyn+SBL+WH+Treg+TR+Byz	
3	15	20	NKO	περὶ	peri	G4012	PREP	περί	about	concerning	NA28+NA27+Tyn+SBL+WH+Treg+TR+Byz	
3	15	21	NKO	τῆς	tēs	G3588	T-GSF	ὁ	the/this/who	the	NA28+NA27+Tyn+SBL+WH+Treg+TR+Byz	
3	15	22	NKO	ἐν	en	G1722	PREP	ἐν	in/on/among	in	NA28+NA27+Tyn+SBL+WH+Treg+TR+Byz	
3	15	23	NKO	ὑμῖν	humin	G4771	P-2DP	σύ	you	you	NA28+NA27+Tyn+SBL+WH+Treg+TR+Byz	
3	15	24	NKO	ἐλπίδος,	elpidos	G1680	N-GSF	ἐλπίς	hope	hope,	NA28+NA27+Tyn+SBL+WH+Treg+TR+Byz	
3	16	1	NO	ἀλλὰ	alla	G0235	CONJ	ἀλλά	but	yet	NA28+NA27+Tyn+SBL+WH+Treg	3.16[3.15]
3	16	2	NKO	μετὰ	meta	G3326	PREP	μετά	with/after	with	NA28+NA27+Tyn+SBL+WH+Treg+TR+Byz	3.16[3.15]
3	16	3	NKO	πραΰτητος	prautētos	G4236	N-GSF	πραΰτης	gentleness	gentleness	NA28+NA27+Tyn+SBL+WH+Treg+TR+Byz	3.16[3.15]
3	16	4	NKO	καὶ	kai	G2532	CONJ	καί	and	and	NA28+NA27+Tyn+SBL+WH+Treg+TR+Byz	3.16[3.15]
3	16	5	NKO	φόβου,	phobou	G5401	N-GSM	φόβος	fear	fear,	NA28+NA27+Tyn+SBL+WH+Treg+TR+Byz	3.16[3.15]
3	16	6	NKO	συνείδησιν	suneidēsin	G4893	N-ASF	συνείδησις	conscience	[16] a conscience	NA28+NA27+Tyn+SBL+WH+Treg+TR+Byz	
3	16	7	NKO	ἔχοντες	echontes	G2192	V-PAP-NPM	ἔχω	to have/be	having	NA28+NA27+Tyn+SBL+WH+Treg+TR+Byz	
3	16	8	NKO	ἀγαθήν,	agathēn	G0018	A-ASF	ἀγαθός	good-doer	good,	NA28+NA27+Tyn+SBL+WH+Treg+TR+Byz	
3	16	9	NKO	ἵνα	ina	G2443	CONJ	ἵνα	in order that/to	so that	NA28+NA27+Tyn+SBL+WH+Treg+TR+Byz	
3	16	10	NKO	ἐν	en	G1722	PREP	ἐν	in/on/among	in	NA28+NA27+Tyn+SBL+WH+Treg+TR+Byz	
3	16	11	NKO	ᾧ	hō	G3739	R-DSN	ὅς, ἥ	which	this	NA28+NA27+Tyn+SBL+WH+Treg+TR+Byz	
3	16	12	N(k)(o)	καταλαλεῖσθε	katalaleisthe	G2635	V-PPI-2P	καταλαλέω	to slander	you are spoken against	NA28+NA27+Tyn+SBL+WH	
3	16	13	KO	ὑμῶν	humōn	G4771	P-2GP	σύ	you	you	Treg+TR+Byz	
3	16	14	KO	ὡς	hōs	G5613	PRT	ὡς	which/how	as	Treg+TR+Byz	
3	16	15	KO	κακοποιῶν,	kakopoiōn	G2555	N-GPM	κακοποιός	wrongdoing	to evildoers	Treg+TR+Byz	
3	16	16	NKO	καταισχυνθῶσιν	kataischunthōsin	G2617	V-APS-3P	καταισχύνω	to dishonor	they may be ashamed	NA28+NA27+Tyn+SBL+WH+Treg+TR+Byz	
3	16	17	NKO	οἱ	hoi	G3588	T-NPM	ὁ	the/this/who	those	NA28+NA27+Tyn+SBL+WH+Treg+TR+Byz	
3	16	18	NKO	ἐπηρεάζοντες	epēreazontes	G1908	V-PAP-NPM	ἐπηρεάζω	to mistreat	reviling	NA28+NA27+Tyn+SBL+WH+Treg+TR+Byz	
3	16	19	NKO	ὑμῶν	humōn	G4771	P-2GP	σύ	you	your	NA28+NA27+Tyn+SBL+WH+Treg+TR+Byz	
3	16	20	NKO	τὴν	tēn	G3588	T-ASF	ὁ	the/this/who	<the>	NA28+NA27+Tyn+SBL+WH+Treg+TR+Byz	
3	16	21	NKO	ἀγαθὴν	agathēn	G0018	A-ASF	ἀγαθός	good-doer	good	NA28+NA27+Tyn+SBL+WH+Treg+TR+Byz	
3	16	22	NKO	ἐν	en	G1722	PREP	ἐν	in/on/among	in	NA28+NA27+Tyn+SBL+WH+Treg+TR+Byz	
3	16	23	NKO	Χριστῷ	Christō	G5547	N-DSM-T	Χριστός	Christ	Christ	NA28+NA27+Tyn+SBL+WH+Treg+TR+Byz	
3	16	24	NKO	ἀναστροφήν.	anastrophēn	G0391	N-ASF	ἀναστροφή	behaviour	manner of life.	NA28+NA27+Tyn+SBL+WH+Treg+TR+Byz	
3	17	1	NKO	κρεῖττον	kreitton	G2908	A-NSN-C	κρείσσων	greater	[It is] better	NA28+NA27+Tyn+SBL+WH+Treg+TR+Byz	
3	17	2	NKO	γὰρ	gar	G1063	CONJ	γάρ	for	for	NA28+NA27+Tyn+SBL+WH+Treg+TR+Byz	
3	17	3	NKO	ἀγαθοποιοῦντας,	agathopoiountas	G0015	V-PAP-APM	ἀγαθοποιέω	to do good	doing good	NA28+NA27+Tyn+SBL+WH+Treg+TR+Byz	
3	17	4	NKO	εἰ	ei	G1487G	COND	εἰ	if	if	NA28+NA27+Tyn+SBL+WH+Treg+TR+Byz	
3	17	5	N(k)O	θέλοι	theloi	G2309	V-PAO-3S	θέλω	to will/desire	one would desire	NA28+NA27+Tyn+SBL+WH+Treg+Byz	
3	17	6	NKO	τὸ	to	G3588	T-NSN	ὁ	the/this/who	the	NA28+NA27+Tyn+SBL+WH+Treg+TR+Byz	
3	17	7	NKO	θέλημα	thelēma	G2307	N-NSN	θέλημα	will/desire	will	NA28+NA27+Tyn+SBL+WH+Treg+TR+Byz	
3	17	8	NKO	τοῦ	tou	G3588	T-GSM	ὁ	the/this/who	<the>	NA28+NA27+Tyn+SBL+WH+Treg+TR+Byz	
3	17	9	NKO	θεοῦ,	theou	G2316	N-GSM-T	θεός	God	of God,	NA28+NA27+Tyn+SBL+WH+Treg+TR+Byz	
3	17	10	NKO	πάσχειν	paschein	G3958	V-PAN	πάσχω	to suffer	to suffer	NA28+NA27+Tyn+SBL+WH+Treg+TR+Byz	
3	17	11	NKO	ἢ	ē	G2228	CONJ	ἤ	or/than	than	NA28+NA27+Tyn+SBL+WH+Treg+TR+Byz	
3	17	12	NKO	κακοποιοῦντας·	kakopoiountas	G2554	V-PAP-APM	κακοποιέω	to do evil/harm	doing evil;	NA28+NA27+Tyn+SBL+WH+Treg+TR+Byz	
3	18	1	NKO	ὅτι	hoti	G3754H	CONJ	ὅτι	that/since	because	NA28+NA27+Tyn+SBL+WH+Treg+TR+Byz	
3	18	2	NKO	καὶ	kai	G2532	CONJ	καί	and	also	NA28+NA27+Tyn+SBL+WH+Treg+TR+Byz	
3	18	3	NKO	Χριστὸς	Christos	G5547	N-NSM-T	Χριστός	Christ	Christ	NA28+NA27+Tyn+SBL+WH+Treg+TR+Byz	
3	18	4	NKO	ἅπαξ	hapax	G0530	ADV	ἅπαξ	once	once	NA28+NA27+Tyn+SBL+WH+Treg+TR+Byz	
3	18	5	NKO	περὶ	peri	G4012	PREP	περί	about	for	NA28+NA27+Tyn+SBL+WH+Treg+TR+Byz	
3	18	6	NKO	ἁμαρτιῶν	hamartiōn	G0266	N-GPF	ἁμαρτία	sin	sins	NA28+NA27+Tyn+SBL+WH+Treg+TR+Byz	
3	18	7	NK(O)	ἔπαθεν,	epathen	G3958	V-2AAI-3S	πάσχω	to suffer	suffered,	NA28+NA27+Tyn+SBL+TR+Byz	
3	18	8	NKO	δίκαιος	dikaios	G1342	A-NSM	δίκαιος	just	[the] righteous	NA28+NA27+Tyn+SBL+WH+Treg+TR+Byz	
3	18	9	NKO	ὑπὲρ	huper	G5228	PREP	ὑπέρ	above/for	for	NA28+NA27+Tyn+SBL+WH+Treg+TR+Byz	
3	18	10	NKO	ἀδίκων,	adikōn	G0094	A-GPM	ἄδικος	unjust	[the] unrighteous,	NA28+NA27+Tyn+SBL+WH+Treg+TR+Byz	
3	18	11	NKO	ἵνα	ina	G2443	CONJ	ἵνα	in order that/to	so that	NA28+NA27+Tyn+SBL+WH+Treg+TR+Byz	
3	18	12	N(K)O	ὑμᾶς	humas	G4771	P-2AP	σύ	you	you	NA28+NA27+Tyn+SBL+WH+Byz	
3	18	13	NKO	προσαγάγῃ	prosagagē	G4317	V-2AAS-3S	προσάγω	to bring near	He may bring	NA28+NA27+Tyn+SBL+WH+Treg+TR+Byz	
3	18	14	NKO	τῷ	tō	G3588	T-DSM	ὁ	the/this/who	<the>	NA28+NA27+Tyn+SBL+WH+Treg+TR+Byz	
3	18	15	NKO	θεῷ,	theō	G2316	N-DSM-T	θεός	God	to God,	NA28+NA27+Tyn+SBL+WH+Treg+TR+Byz	
3	18	16	NKO	θανατωθεὶς	thanatōtheis	G2289	V-APP-NSM	θανατόω	to kill	having been put to death	NA28+NA27+Tyn+SBL+WH+Treg+TR+Byz	
3	18	17	NKO	μὲν	men	G3303	PRT	μέν	on one hand	indeed	NA28+NA27+Tyn+SBL+WH+Treg+TR+Byz	
3	18	18	NKO	σαρκί,	sarki	G4561	N-DSF	σάρξ	flesh	in [the] flesh,	NA28+NA27+Tyn+SBL+WH+Treg+TR+Byz	
3	18	19	NKO	ζῳοποιηθεὶς	zōopoiētheis	G2227	V-APP-NSM	ζωοποιέω	to make alive	having been made alive	NA28+NA27+Tyn+SBL+WH+Treg+TR+Byz	
3	18	20	NKO	δὲ	de	G1161	CONJ	δέ	but/and	however	NA28+NA27+Tyn+SBL+WH+Treg+TR+Byz	
3	18	21	k	τῷ	tō	G3588	T-DSN	ὁ	the/this/who	in the	TR	
3	18	22	NKO	πνεύματι,	pneumati	G4151G	N-DSN	πνεῦμα	spirit/breath	spirit,	NA28+NA27+Tyn+SBL+WH+Treg+TR+Byz	
3	19	1	NKO	ἐν	en	G1722	PREP	ἐν	in/on/among	in	NA28+NA27+Tyn+SBL+WH+Treg+TR+Byz	
3	19	2	NKO	ᾧ	hō	G3739	R-DSN	ὅς, ἥ	which	which	NA28+NA27+Tyn+SBL+WH+Treg+TR+Byz	
3	19	3	NKO	καὶ	kai	G2532	CONJ	καί	and	also	NA28+NA27+Tyn+SBL+WH+Treg+TR+Byz	
3	19	4	NKO	τοῖς	tois	G3588	T-DPN	ὁ	the/this/who	to the	NA28+NA27+Tyn+SBL+WH+Treg+TR+Byz	
3	19	5	NKO	ἐν	en	G1722	PREP	ἐν	in/on/among	in	NA28+NA27+Tyn+SBL+WH+Treg+TR+Byz	
3	19	6	NKO	φυλακῇ	phulakēa	G5438G	N-DSF	φυλακή	prison/watch	prison	NA28+NA27+Tyn+SBL+WH+Treg+TR+Byz	
3	19	7	NKO	πνεύμασιν	pneumasin	G4151G	N-DPN	πνεῦμα	spirit/breath	spirits	NA28+NA27+Tyn+SBL+WH+Treg+TR+Byz	
3	19	8	NKO	πορευθεὶς	poreutheis	G4198	V-AOP-NSM	πορεύω	to travel	having gone	NA28+NA27+Tyn+SBL+WH+Treg+TR+Byz	
3	19	9	NKO	ἐκήρυξεν	ekēruxen	G2784	V-AAI-3S	κηρύσσω	to preach	He preached	NA28+NA27+Tyn+SBL+WH+Treg+TR+Byz	
3	20	1	NKO	ἀπειθήσασίν	apeithēsasin	G0544	V-AAP-DPN	ἀπειθέω	to disobey	having disobeyed	NA28+NA27+Tyn+SBL+WH+Treg+TR+Byz	
3	20	2	NKO	ποτε,	pote	G4218	PRT	ποτέ	once/when	at one time,	NA28+NA27+Tyn+SBL+WH+Treg+TR+Byz	
3	20	3	NKO	ὅτε	hote	G3753	CONJ	ὅτε	when	when	NA28+NA27+Tyn+SBL+WH+Treg+TR+Byz	
3	20	4	N(k)O	ἀπεξεδέχετο	apexedecheto	G0553	V-INI-3S	ἀπεκδέχομαι	to expect	he was expecting	NA28+NA27+Tyn+SBL+WH+Treg+Byz	
3	20	5	NKO	ἡ	hē	G3588	T-NSF	ὁ	the/this/who	the	NA28+NA27+Tyn+SBL+WH+Treg+TR+Byz	
3	20	6	NKO	τοῦ	tou	G3588	T-GSM	ὁ	the/this/who	<the>	NA28+NA27+Tyn+SBL+WH+Treg+TR+Byz	
3	20	7	NKO	θεοῦ	theou	G2316	N-GSM-T	θεός	God	of God	NA28+NA27+Tyn+SBL+WH+Treg+TR+Byz	
3	20	8	NKO	μακροθυμία	makrothumia	G3115	N-NSF	μακροθυμία	patience	longsuffering	NA28+NA27+Tyn+SBL+WH+Treg+TR+Byz	
3	20	9	NKO	ἐν	en	G1722	PREP	ἐν	in/on/among	in	NA28+NA27+Tyn+SBL+WH+Treg+TR+Byz	
3	20	10	NKO	ἡμέραις	hēmerais	G2250	N-DPF	ἡμέρα	day	[the] days	NA28+NA27+Tyn+SBL+WH+Treg+TR+Byz	
3	20	11	NKO	Νῶε	Nōe	G3575	N-GSM-P	Νῶε	Noah	of Noah	NA28+NA27+Tyn+SBL+WH+Treg+TR+Byz	
3	20	12	NKO	κατασκευαζομένης	kataskeuazomenēs	G2680	V-PPP-GSF	κατασκευάζω	to prepare	when is being prepared	NA28+NA27+Tyn+SBL+WH+Treg+TR+Byz	
3	20	13	NKO	κιβωτοῦ,	kibōtou	G2787H	N-GSF	κιβωτός	ark	[the] ark,	NA28+NA27+Tyn+SBL+WH+Treg+TR+Byz	
3	20	14	NKO	εἰς	eis	G1519	PREP	εἰς	toward	in	NA28+NA27+Tyn+SBL+WH+Treg+TR+Byz	
3	20	15	NKO	ἣν	hēn	G3739	R-ASF	ὅς, ἥ	which	which	NA28+NA27+Tyn+SBL+WH+Treg+TR+Byz	
3	20	16	N(k)O	ὀλίγοι,	oligoi	G3641	A-NPM	ὀλίγος	little/few	few	NA28+NA27+Tyn+SBL+WH+Treg	
3	20	17	NKO	τοῦτ᾽	tout᾽	G3778	D-NSN	οὗτος	this/he/she/it	That	NA28+NA27+Tyn»1+SBL+WH+Treg+TR+Byz	
3	20	18	NKO	ἔστιν	estin	G1510	V-PAI-3S	εἰμί	to be	is	NA28+NA27+Tyn+SBL+WH+Treg+TR+Byz	
3	20	19	NKO	ὀκτὼ	oktō	G3638	A-NUI	ὀκτώ	eight	eight	NA28+NA27+Tyn+SBL+WH+Treg+TR+Byz	
3	20	20	NKO	ψυχαί,	psuchai	G5590J	N-NPF	ψυχή	soul	souls —	NA28+NA27+Tyn+SBL+WH+Treg+TR+Byz	
3	20	21	NKO	διεσώθησαν	diesōthēsan	G1295	V-API-3P	διασῴζω	to save	were saved	NA28+NA27+Tyn+SBL+WH+Treg+TR+Byz	
3	20	22	NKO	δι᾽	di᾽	G1223	PREP	διά	through/because of	through	NA28+NA27+Tyn+SBL+WH+Treg+TR+Byz	
3	20	23	NKO	ὕδατος·	hudatos	G5204	N-GSN	ὕδωρ, ὕδατος	water	water;	NA28+NA27+Tyn+SBL+WH+Treg+TR+Byz	
3	21	1	NKO	ὃ	ho	G3739	R-NSN	ὅς, ἥ	which	which	NA28+NA27+Tyn+SBL+WH+Treg+TR+Byz	
3	21	2	NKO	καὶ	kai	G2532	CONJ	καί	and	also	NA28+NA27+Tyn+SBL+WH+Treg+TR+Byz»3	
3	21	3	N(K)O	ὑμᾶς	humas	G4771	P-2AP	σύ	you	you	NA28+NA27+Tyn+SBL+WH+Treg	
3	21	4	NKO	ἀντίτυπον	antitupon	G0499	A-NSN	ἀντίτυπος	representation	prefigures	NA28+NA27+Tyn+SBL+WH+Treg+TR+Byz	
3	21	5	NKO	νῦν	nun	G3568	ADV	νῦν	now	now	NA28+NA27+Tyn+SBL+WH+Treg+TR+Byz	
3	21	6	NKO	σῴζει	sōzei	G4982	V-PAI-3S	σῴζω	to save	saving	NA28+NA27+Tyn+SBL+WH+Treg+TR+Byz	
3	21	7	NKO	βάπτισμα,	baptisma	G0908	N-NSN	βάπτισμα	baptism	baptism,	NA28+NA27+Tyn+SBL+WH+Treg+TR+Byz	
3	21	8	NKO	οὐ	ou	G3756	PRT-N	οὐ	no	not	NA28+NA27+Tyn+SBL+WH+Treg+TR+Byz	
3	21	9	NKO	σαρκὸς	sarkos	G4561	N-GSF	σάρξ	flesh	of flesh	NA28+NA27+Tyn+SBL+WH+Treg+TR+Byz	
3	21	10	NKO	ἀπόθεσις	apothesis	G0595	N-NSF	ἀπόθεσις	removal	a putting away	NA28+NA27+Tyn+SBL+WH+Treg+TR+Byz	
3	21	11	NKO	ῥύπου,	rhupou	G4509	N-GSM	ῥύπος	filth	of [the] filth,	NA28+NA27+Tyn+SBL+WH+Treg+TR+Byz	
3	21	12	NKO	ἀλλὰ	alla	G0235	CONJ	ἀλλά	but	but	NA28+NA27+Tyn+SBL+WH+Treg+TR+Byz	
3	21	13	NKO	συνειδήσεως	suneidēseōs	G4893	N-GSF	συνείδησις	conscience	of a conscience	NA28+NA27+Tyn+SBL+WH+Treg+TR+Byz	
3	21	14	NKO	ἀγαθῆς	agathēs	G0018	A-GSF	ἀγαθός	good-doer	good	NA28+NA27+Tyn+SBL+WH+Treg+TR+Byz	
3	21	15	NKO	ἐπερώτημα	eperōtēma	G1906	N-NSN	ἐπερώτημα	pledge	[the] demand	NA28+NA27+Tyn+SBL+WH+Treg+TR+Byz	
3	21	16	NKO	εἰς	eis	G1519	PREP	εἰς	toward	toward	NA28+NA27+Tyn+SBL+WH+Treg+TR+Byz	
3	21	17	NKO	θεόν,	theon	G2316	N-ASM-T	θεός	God	God,	NA28+NA27+Tyn+SBL+WH+Treg+TR+Byz	
3	21	18	NKO	δι᾽	di᾽	G1223	PREP	διά	through/because of	through	NA28+NA27+Tyn+SBL+WH+Treg+TR+Byz	
3	21	19	NKO	ἀναστάσεως	anastaseōs	G0386	N-GSF	ἀνάστασις	resurrection	[the] resurrection	NA28+NA27+Tyn+SBL+WH+Treg+TR+Byz	
3	21	20	NKO	Ἰησοῦ	Iēsou	G2424G	N-GSM-P	Ἰησοῦς	Jesus/Joshua	of Jesus	NA28+NA27+Tyn+SBL+WH+Treg+TR+Byz	
3	21	21	NKO	Χριστοῦ,	Christou	G5547	N-GSM-T	Χριστός	Christ	Christ,	NA28+NA27+Tyn+SBL+WH+Treg+TR+Byz	
3	22	1	NKO	ὅς	hos	G3739	R-NSM	ὅς, ἥ	which	who	NA28+NA27+Tyn+SBL+WH+Treg+TR+Byz	
3	22	2	NKO	ἐστιν	estin	G1510	V-PAI-3S	εἰμί	to be	is	NA28+NA27+Tyn+SBL+WH+Treg+TR+Byz	
3	22	3	NKO	ἐν	en	G1722	PREP	ἐν	in/on/among	at	NA28+NA27+Tyn+SBL+WH+Treg+TR+Byz	
3	22	4	NKO	δεξιᾷ	dexia	G1188	A-DSF	δεξιός	right	[the] right hand	NA28+NA27+Tyn+SBL+WH+Treg+TR+Byz	
3	22	5	NKO	τοῦ	tou	G3588	T-GSM	ὁ	the/this/who	<the>	NA28+NA27+Tyn+TR+Byz	
3	22	6	NKO	θεοῦ	theou	G2316	N-GSM-T	θεός	God	of God	NA28+NA27+Tyn+SBL+WH+Treg+TR+Byz	
3	22	7	NKO	πορευθεὶς	poreutheis	G4198	V-AOP-NSM	πορεύω	to travel	having gone	NA28+NA27+Tyn+SBL+WH+Treg+TR+Byz	
3	22	8	NKO	εἰς	eis	G1519	PREP	εἰς	toward	into	NA28+NA27+Tyn+SBL+WH+Treg+TR+Byz	
3	22	9	NKO	οὐρανόν,	ouranon	G3772	N-ASM	οὐρανός	heaven	heaven,	NA28+NA27+Tyn+SBL+WH+Treg+TR+Byz	
3	22	10	NKO	ὑποταγέντων	hupotagentōn	G5293	V-2APP-GPM	ὑποτάσσω	to subject	when were being subjected	NA28+NA27+Tyn+SBL+WH+Treg+TR+Byz	
3	22	11	NKO	αὐτῷ	autō	G0846	P-DSM	αὐτός	he/she/it/self	to Him	NA28+NA27+Tyn+SBL+WH+Treg+TR+Byz	
3	22	12	NKO	ἀγγέλων	angelōn	G0032G	N-GPM	ἄγγελος	angel	angels	NA28+NA27+Tyn+SBL+WH+Treg+TR+Byz	
3	22	13	NKO	καὶ	kai	G2532	CONJ	καί	and	and	NA28+NA27+Tyn+SBL+WH+Treg+TR+Byz	
3	22	14	NKO	ἐξουσιῶν	exousiōn	G1849	N-GPF	ἐξουσία	authority	authorities	NA28+NA27+Tyn+SBL+WH+Treg+TR+Byz	
3	22	15	NKO	καὶ	kai	G2532	CONJ	καί	and	and	NA28+NA27+Tyn+SBL+WH+Treg+TR+Byz	
3	22	16	NKO	δυνάμεων.¶	dunameōn	G1411	N-GPF	δύναμις	power	powers.	NA28+NA27+Tyn+SBL+WH+Treg+TR+Byz	
4	1	1	NKO	Χριστοῦ	Christou	G5547	N-GSM-T	Χριστός	Christ	Christ	NA28+NA27+Tyn+SBL+WH+Treg+TR+Byz	
4	1	2	NKO	οὖν	oun	G3767	CONJ	οὖν	therefore/then	therefore	NA28+NA27+Tyn+SBL+WH+Treg+TR+Byz	
4	1	3	NKO	παθόντος	pathontos	G3958	V-2AAP-GSM	πάσχω	to suffer	having suffered	NA28+NA27+Tyn+SBL+WH+Treg+TR+Byz	
4	1	4	K	ὑπὲρ	huper	G5228	PREP	ὑπέρ	above/for	for	TR+Byz	
4	1	5	K	ἡμῶν	hēmōn	G3165	P-1GP	ἐγώ	I/we	of us	TR+Byz	
4	1	6	NKO	σαρκὶ	sarki	G4561	N-DSF	σάρξ	flesh	in [the] flesh	NA28+NA27+Tyn+SBL+WH+Treg+TR+Byz	
4	1	7	NKO	καὶ	kai	G2532	CONJ	καί	and	also	NA28+NA27+Tyn+SBL+WH+Treg+TR+Byz	
4	1	8	NKO	ὑμεῖς	humeis	G4771	P-2NP	σύ	you	you yourselves	NA28+NA27+Tyn+SBL+WH+Treg+TR+Byz	
4	1	9	NKO	τὴν	tēn	G3588	T-ASF	ὁ	the/this/who	the	NA28+NA27+Tyn+SBL+WH+Treg+TR+Byz	
4	1	10	NKO	αὐτὴν	autēn	G0846	P-ASF	αὐτός	he/she/it/self	same	NA28+NA27+Tyn+SBL+WH+Treg+TR+Byz	
4	1	11	NKO	ἔννοιαν	ennoian	G1771	N-ASF	ἔννοια	thought/purpose	mind	NA28+NA27+Tyn+SBL+WH+Treg+TR+Byz	
4	1	12	NKO	ὁπλίσασθε,	hoplisasthe	G3695	V-AMM-2P	ὁπλίζω	to arm	do arm yourselves with,	NA28+NA27+Tyn+SBL+WH+Treg+TR+Byz	
4	1	13	NKO	ὅτι	hoti	G3754H	CONJ	ὅτι	that/since	because	NA28+NA27+Tyn+SBL+WH+Treg+TR+Byz	
4	1	14	NKO	ὁ	ho	G3588	T-NSM	ὁ	the/this/who	the [one]	NA28+NA27+Tyn+SBL+WH+Treg+TR+Byz	
4	1	15	NKO	παθὼν	pathōn	G3958	V-2AAP-NSM	πάσχω	to suffer	having suffered	NA28+NA27+Tyn+SBL+WH+Treg+TR+Byz	
4	1	16	k	ἐν	en	G1722	PREP	ἐν	in/on/among	in	TR+Byz	
4	1	17	NKO	σαρκὶ	sarki	G4561	N-DSF	σάρξ	flesh	[the] flesh	NA28+NA27+Tyn+SBL+WH+Treg+TR+Byz	
4	1	18	NKO	πέπαυται	pepautai	G3973	V-RMI-3S	παύω	to cease	has himself done	NA28+NA27+Tyn+SBL+WH+Treg+TR+Byz	
4	1	19	NK(o)	ἁμαρτίας·	hamartias	G0266	N-GSF	ἁμαρτία	sin	with sin;	NA28+NA27+Tyn+SBL+Treg+TR+Byz	
4	2	1	NKO	εἰς	eis	G1519	PREP	εἰς	toward	so as	NA28+NA27+Tyn+SBL+WH+Treg+TR+Byz	
4	2	2	NKO	τὸ	to	G3588	T-ASN	ὁ	the/this/who	<the>	NA28+NA27+Tyn+SBL+WH+Treg+TR+Byz	
4	2	3	NKO	μηκέτι	mēketi	G3371	ADV-N	μηκέτι	never again	no longer	NA28+NA27+Tyn+SBL+WH+Treg+TR+Byz	
4	2	4	NKO	ἀνθρώπων	anthrōpōn	G0444	N-GPM	ἄνθρωπος	a human	to men’s	NA28+NA27+Tyn+SBL+WH+Treg+TR+Byz	
4	2	5	NKO	ἐπιθυμίαις,	epithumiais	G1939	N-DPF	ἐπιθυμία	desire	desires	NA28+NA27+Tyn+SBL+WH+Treg+TR+Byz	
4	2	6	NKO	ἀλλὰ	alla	G0235	CONJ	ἀλλά	but	but	NA28+NA27+Tyn+SBL+WH+Treg+TR+Byz	
4	2	7	NKO	θελήματι	thelēmati	G2307	N-DSN	θέλημα	will/desire	to [the] will	NA28+NA27+Tyn+SBL+WH+Treg+TR+Byz	
4	2	8	NKO	θεοῦ	theou	G2316	N-GSM-T	θεός	God	of God	NA28+NA27+Tyn+SBL+WH+Treg+TR+Byz	
4	2	9	NKO	τὸν	ton	G3588	T-ASM	ὁ	the/this/who	the	NA28+NA27+Tyn+SBL+WH+Treg+TR+Byz	
4	2	10	NKO	ἐπίλοιπον	epiloipon	G1954	A-ASM	ἐπίλοιπος	remaining	remaining	NA28+NA27+Tyn+SBL+WH+Treg+TR+Byz	
4	2	11	NKO	ἐν	en	G1722	PREP	ἐν	in/on/among	in	NA28+NA27+Tyn+SBL+WH+Treg+TR+Byz	
4	2	12	NKO	σαρκὶ	sarki	G4561	N-DSF	σάρξ	flesh	[the] flesh	NA28+NA27+Tyn+SBL+WH+Treg+TR+Byz	
4	2	13	NKO	βιῶσαι	biōsai	G0980	V-AAN	βιόω	to live	to live	NA28+NA27+Tyn+SBL+WH+Treg+TR+Byz	
4	2	14	NKO	χρόνον.	chronon	G5550	N-ASM	χρόνος	time	time.	NA28+NA27+Tyn+SBL+WH+Treg+TR+Byz	
4	3	1	NKO	ἀρκετὸς	arketos	G0713	A-NSM	ἀρκετός	sufficient	[Is] sufficient	NA28+NA27+Tyn+SBL+WH+Treg+TR+Byz	
4	3	2	NKO	γὰρ	gar	G1063	CONJ	γάρ	for	for	NA28+NA27+Tyn+SBL+WH+Treg+TR+Byz	
4	3	3	K	ἡμῖν	hēmin	G3165	P-1DP	ἐγώ	I/we	to us	TR+Byz	
4	3	4	NKO	ὁ	ho	G3588	T-NSM	ὁ	the/this/who	the	NA28+NA27+Tyn+SBL+WH+Treg+TR+Byz	
4	3	5	NKO	παρεληλυθὼς	parelēluthōs	G3928	V-2RAP-NSM	παρέρχομαι	to pass by	having past	NA28+NA27+Tyn+SBL+WH+Treg+TR+Byz	
4	3	6	NKO	χρόνος	chronos	G5550	N-NSM	χρόνος	time	time	NA28+NA27+Tyn+SBL+WH+Treg+TR+Byz	
4	3	7	K	τοῦ	tou	G3588	T-GSM	ὁ	the/this/who	<the>	TR+Byz	
4	3	8	K	βίου	biou	G0979	N-GSM	βίος	life	of life	TR+Byz	
4	3	9	NKO	τὸ	to	G3588	T-ASN	ὁ	the/this/who	the	NA28+NA27+Tyn+SBL+WH+Treg+TR+Byz	
4	3	10	N(k)O	βούλημα	boulēma	G1013	N-ASN	βούλημα	plan	desire	NA28+NA27+Tyn+SBL+WH+Treg	
4	3	11	NKO	τῶν	tōn	G3588	T-GPN	ὁ	the/this/who	of the	NA28+NA27+Tyn+SBL+WH+Treg+TR+Byz	
4	3	12	NKO	ἐθνῶν	ethnōn	G1484	N-GPN	ἔθνος	Gentile nation	Gentiles	NA28+NA27+Tyn+SBL+WH+Treg+TR+Byz	
4	3	13	N(k)O	κατειργάσθαι	kateirgasthai	G2716	V-RNN	κατεργάζομαι	to workout/produce	to have carried out	NA28+NA27+Tyn+SBL+WH+Treg	
4	3	14	NKO	πεπορευμένους	peporeumenous	G4198	V-RNP-APM	πορεύω	to travel	having walked	NA28+NA27+Tyn+SBL+WH+Treg+TR+Byz	
4	3	15	NKO	ἐν	en	G1722	PREP	ἐν	in/on/among	in	NA28+NA27+Tyn+SBL+WH+Treg+TR+Byz	
4	3	16	NKO	ἀσελγείαις,	aselgeiais	G0766	N-DPF	ἀσέλγεια	debauchery	sensuality,	NA28+NA27+Tyn+SBL+WH+Treg+TR+Byz	
4	3	17	NKO	ἐπιθυμίαις,	epithumiais	G1939	N-DPF	ἐπιθυμία	desire	in lusts,	NA28+NA27+Tyn+SBL+WH+Treg+TR+Byz	
4	3	18	NKO	οἰνοφλυγίαις,	oinophlugiais	G3632	N-DPF	οἰνοφλυγία	drunkenness	in drunkenness,	NA28+NA27+Tyn+SBL+WH+Treg+TR+Byz	
4	3	19	NKO	κώμοις,	kōmois	G2970	N-DPM	κῶμος	orgy	in orgies,	NA28+NA27+Tyn+SBL+WH+Treg+TR+Byz	
4	3	20	NKO	πότοις,	potois	G4224	N-DPM	πότος	carousing	in carousing,	NA28+NA27+Tyn+SBL+WH+Treg+TR+Byz	
4	3	21	NKO	καὶ	kai	G2532	CONJ	καί	and	and	NA28+NA27+Tyn+SBL+WH+Treg+TR+Byz	
4	3	22	NKO	ἀθεμίτοις	athemitois	G0111	A-DPF	ἀθέμιτος	unlawful	in abominable	NA28+NA27+Tyn+SBL+WH+Treg+TR+Byz	
4	3	23	NKO	εἰδωλολατρίαις·	eidōlolatriais	G1495	N-DPF	εἰδωλολατρεία	idolatry	idolatries;	NA28+NA27+Tyn+SBL+WH+Treg+TR+Byz	
4	4	1	NKO	ἐν	en	G1722	PREP	ἐν	in/on/among	With respect to	NA28+NA27+Tyn+SBL+WH+Treg+TR+Byz	
4	4	2	NKO	ᾧ	hō	G3739	R-DSN	ὅς, ἥ	which	this	NA28+NA27+Tyn+SBL+WH+Treg+TR+Byz	
4	4	3	NKO	ξενίζονται	xenizontai	G3579	V-PPI-3P	ξενίζω	to host	they think it strange	NA28+NA27+Tyn+SBL+WH+Treg+TR+Byz	
4	4	4	NKO	μὴ	mē	G3361	PRT-N	μή	not	not	NA28+NA27+Tyn+SBL+WH+Treg+TR+Byz	
4	4	5	NKO	συντρεχόντων	suntrechontōn	G4936	V-PAP-GPM	συντρέχω	to flock	running with [them]	NA28+NA27+Tyn+SBL+WH+Treg+TR+Byz	
4	4	6	NKO	ὑμῶν	humōn	G4771	P-2GP	σύ	you	of you	NA28+NA27+Tyn+SBL+WH+Treg+TR+Byz	
4	4	7	NKO	εἰς	eis	G1519	PREP	εἰς	toward	into	NA28+NA27+Tyn+SBL+WH+Treg+TR+Byz	
4	4	8	NKO	τὴν	tēn	G3588	T-ASF	ὁ	the/this/who	the	NA28+NA27+Tyn+SBL+WH+Treg+TR+Byz	
4	4	9	NKO	αὐτὴν	autēn	G0846	P-ASF	αὐτός	he/she/it/self	same	NA28+NA27+Tyn+SBL+WH+Treg+TR+Byz	
4	4	10	NKO	τῆς	tēs	G3588	T-GSF	ὁ	the/this/who	<the>	NA28+NA27+Tyn+SBL+WH+Treg+TR+Byz	
4	4	11	NKO	ἀσωτίας	asōtias	G0810	N-GSF	ἀσωτία	debauchery	of debauchery	NA28+NA27+Tyn+SBL+WH+Treg+TR+Byz	
4	4	12	NKO	ἀνάχυσιν	anachusin	G0401	N-ASF	ἀνάχυσις	outpouring	overflow	NA28+NA27+Tyn+SBL+WH+Treg+TR+Byz	
4	4	13	NKO	βλασφημοῦντες,	blasphēmountes	G0987	V-PAP-NPM	βλασφημέω	to blaspheme	denigrating [you],	NA28+NA27+Tyn+SBL+WH+Treg+TR+Byz	
4	5	1	NKO	οἳ	hoi	G3739	R-NPM	ὅς, ἥ	which	who	NA28+NA27+Tyn+SBL+WH+Treg+TR+Byz	
4	5	2	NKO	ἀποδώσουσιν	apodōsousin	G0591	V-FAI-3P	ἀποδίδωμι	to pay	will give	NA28+NA27+Tyn+SBL+WH+Treg+TR+Byz	
4	5	3	NKO	λόγον	logon	G3056	N-ASM	λόγος	word	account	NA28+NA27+Tyn+SBL+WH+Treg+TR+Byz	
4	5	4	NKO	τῷ	tō	G3588	T-DSM	ὁ	the/this/who	to Him who	NA28+NA27+Tyn+SBL+WH+Treg+TR+Byz	
4	5	5	NKO	ἑτοίμως	hetoimōs	G2093	ADV	ἑτοίμως	readily	ready	NA28+NA27+Tyn+SBL+WH+Treg+TR+Byz	
4	5	6	NKO	ἔχοντι	echonti	G2192	V-PAP-DSM	ἔχω	to have/be	is	NA28+NA27+Tyn+SBL+Treg+TR+Byz	
4	5	7	NK(o)	κρῖναι	krinai	G2919	V-AAN	κρίνω	to judge	to judge	NA28+NA27+Tyn+SBL+Treg+TR+Byz	
4	5	8	NKO	ζῶντας	zōntas	G2198	V-PAP-APM	ζάω	to live	[the] living	NA28+NA27+Tyn+SBL+WH+Treg+TR+Byz	
4	5	9	NKO	καὶ	kai	G2532	CONJ	καί	and	and	NA28+NA27+Tyn+SBL+WH+Treg+TR+Byz	
4	5	10	NKO	νεκρούς.	nekrous	G3498	A-APM	νεκρός	dead	[the] dead.	NA28+NA27+Tyn+SBL+WH+Treg+TR+Byz	
4	6	1	NKO	εἰς	eis	G1519	PREP	εἰς	toward	To	NA28+NA27+Tyn+SBL+WH+Treg+TR+Byz	
4	6	2	NKO	τοῦτο	touto	G3778	D-ASN	οὗτος	this/he/she/it	this [end]	NA28+NA27+Tyn+SBL+WH+Treg+TR+Byz	
4	6	3	NKO	γὰρ	gar	G1063	CONJ	γάρ	for	indeed	NA28+NA27+Tyn+SBL+WH+Treg+TR+Byz	
4	6	4	NKO	καὶ	kai	G2532	CONJ	καί	and	even	NA28+NA27+Tyn+SBL+WH+Treg+TR+Byz	
4	6	5	NKO	νεκροῖς	nekrois	G3498	A-DPM	νεκρός	dead	to [the] dead	NA28+NA27+Tyn+SBL+WH+Treg+TR+Byz	
4	6	6	NKO	εὐηγγελίσθη,	euēngelisthē	G2097	V-API-3S	εὐαγγελίζομαι	to speak good news	it was evangelised,	NA28+NA27+Tyn+SBL+WH+Treg+TR+Byz	
4	6	7	NKO	ἵνα	ina	G2443	CONJ	ἵνα	in order that/to	so that	NA28+NA27+Tyn+SBL+WH+Treg+TR+Byz	
4	6	8	NKO	κριθῶσιν	krithōsin	G2919	V-APS-3P	κρίνω	to judge	they may be judged	NA28+NA27+Tyn+SBL+WH+Treg+TR+Byz	
4	6	9	NKO	μὲν	men	G3303	PRT	μέν	on one hand	indeed	NA28+NA27+Tyn+SBL+WH+Treg+TR+Byz	
4	6	10	NKO	κατὰ	kata	G2596	PREP	κατά	according to	according to	NA28+NA27+Tyn+SBL+WH+Treg+TR+Byz	
4	6	11	NKO	ἀνθρώπους	anthrōpous	G0444	N-APM	ἄνθρωπος	a human	men	NA28+NA27+Tyn+SBL+WH+Treg+TR+Byz	
4	6	12	NKO	σαρκί,	sarki	G4561	N-DSF	σάρξ	flesh	in [the] flesh,	NA28+NA27+Tyn+SBL+WH+Treg+TR+Byz	
4	6	13	NKO	ζῶσιν	zōsin	G2198	V-PAS-3P	ζάω	to live	they may live	NA28+NA27+Tyn+SBL+WH+Treg+TR+Byz	
4	6	14	NKO	δὲ	de	G1161	CONJ	δέ	but/and	however	NA28+NA27+Tyn+SBL+WH+Treg+TR+Byz	
4	6	15	NKO	κατὰ	kata	G2596	PREP	κατά	according to	according to	NA28+NA27+Tyn+SBL+WH+Treg+TR+Byz	
4	6	16	NKO	θεὸν	theon	G2316	N-ASM-T	θεός	God	God	NA28+NA27+Tyn+SBL+WH+Treg+TR+Byz	
4	6	17	NKO	πνεύματι.¶	pneumati	G4151G	N-DSN	πνεῦμα	spirit/breath	in [the] spirit.	NA28+NA27+Tyn+SBL+WH+Treg+TR+Byz	
4	7	1	NKO	Πάντων	Pantōn	G3956	A-GPN	πᾶς	all	Of all	NA28+NA27+Tyn+SBL+WH+Treg+TR+Byz	
4	7	2	NKO	δὲ	de	G1161	CONJ	δέ	but/and	now	NA28+NA27+Tyn+SBL+WH+Treg+TR+Byz	
4	7	3	NKO	τὸ	to	G3588	T-NSN	ὁ	the/this/who	the	NA28+NA27+Tyn+SBL+WH+Treg+TR+Byz	
4	7	4	NKO	τέλος	telos	G5056	N-NSN	τέλος	goal/tax	end	NA28+NA27+Tyn+SBL+WH+Treg+TR+Byz	
4	7	5	NKO	ἤγγικεν·	ēngiken	G1448	V-RAI-3S	ἐγγίζω	to come near	has drawn near;	NA28+NA27+Tyn+SBL+WH+Treg+TR+Byz	
4	7	6	NKO	σωφρονήσατε	sōphronēsate	G4993	V-AAM-2P	σωφρονέω	be of sound mind	do be clear-minded	NA28+NA27+Tyn+SBL+WH+Treg+TR+Byz	
4	7	7	NKO	οὖν	oun	G3767	CONJ	οὖν	therefore/then	therefore	NA28+NA27+Tyn+SBL+WH+Treg+TR+Byz	
4	7	8	NKO	καὶ	kai	G2532	CONJ	καί	and	and	NA28+NA27+Tyn+SBL+WH+Treg+TR+Byz	
4	7	9	NKO	νήψατε	nēpsate	G3525	V-AAM-2P	νήφω	be sober	do sober	NA28+NA27+Tyn+SBL+WH+Treg+TR+Byz	
4	7	10	NKO	εἰς	eis	G1519	PREP	εἰς	toward	for the purpose of	NA28+NA27+Tyn+SBL+WH+Treg+TR+Byz	
4	7	11	k	τὰς	tas	G3588	T-APF	ὁ	the/this/who	<the>	TR+Byz	
4	7	12	NKO	προσευχάς,	proseuchas	G4335	N-APF	προσευχή	prayer	prayers	NA28+NA27+Tyn+SBL+WH+Treg+TR+Byz	
4	8	1	NKO	πρὸ	pro	G4253	PREP	πρό	before	above	NA28+NA27+Tyn+SBL+WH+Treg+TR+Byz	
4	8	2	NKO	πάντων	pantōn	G3956	A-GPN	πᾶς	all	all things	NA28+NA27+Tyn+SBL+WH+Treg+TR+Byz	
4	8	3	k	δὲ	de	G1161	CONJ	δέ	but/and	now	TR+Byz	
4	8	4	NKO	τὴν	tēn	G3588	T-ASF	ὁ	the/this/who	<the>	NA28+NA27+Tyn+SBL+WH+Treg+TR+Byz	
4	8	5	NKO	εἰς	eis	G1519	PREP	εἰς	toward	among	NA28+NA27+Tyn+SBL+WH+Treg+TR+Byz	
4	8	6	NKO	ἑαυτοὺς	he'autous	G1438	F-2APM	ἑαυτοῦ	my/your/him-self	yourselves	NA28+NA27+Tyn+SBL+WH+Treg+TR+Byz	
4	8	7	NKO	ἀγάπην	agapēn	G0026	N-ASF	ἀγάπη	love	love	NA28+NA27+Tyn+SBL+WH+Treg+TR+Byz	
4	8	8	NKO	ἐκτενῆ	ektenē	G1618	A-ASF	ἐκτενής	fervent	fervent	NA28+NA27+Tyn+SBL+WH+Treg+TR+Byz	
4	8	9	NKO	ἔχοντες,	echontes	G2192	V-PAP-NPM	ἔχω	to have/be	having,	NA28+NA27+Tyn+SBL+WH+Treg+TR+Byz	
4	8	10	NKO	ὅτι	hoti	G3754H	CONJ	ὅτι	that/since	because	NA28+NA27+Tyn+SBL+WH+Treg+TR+Byz	
4	8	11	NKO	ἀγάπη	agapē	G0026	N-NSF	ἀγάπη	love	love	NA28+NA27+Tyn+SBL+WH+Treg+TR+Byz	
4	8	12	N(k)O	καλύπτει	kaluptei	G2572	V-PAI-3S	καλύπτω	to cover	covers over	NA28+NA27+Tyn+SBL+WH+Treg	
4	8	13	NKO	πλῆθος	plēthos	G4128	N-ASN	πλῆθος	multitude	a multitude	NA28+NA27+Tyn+SBL+WH+Treg+TR+Byz	
4	8	14	NKO	ἁμαρτιῶν.	hamartiōn	G0266	N-GPF	ἁμαρτία	sin	of sins.	NA28+NA27+Tyn+SBL+WH+Treg+TR+Byz	
4	9	1	NKO	φιλόξενοι	philoxenoi	G5382	A-NPM	φιλόξενος	hospitable	hospitable	NA28+NA27+Tyn+SBL+WH+Treg+TR+Byz	
4	9	2	NKO	εἰς	eis	G1519	PREP	εἰς	toward	to	NA28+NA27+Tyn+SBL+WH+Treg+TR+Byz	
4	9	3	NKO	ἀλλήλους	allēlous	G0240	C-APM	ἀλλήλων	one another	one another	NA28+NA27+Tyn+SBL+WH+Treg+TR+Byz	
4	9	4	NKO	ἄνευ	aneu	G0427	PREP	ἄνευ	without	without	NA28+NA27+Tyn+SBL+WH+Treg+TR+Byz	
4	9	5	N(k)O	γογγυσμοῦ·	gongusmou	G1112	N-GSM	γογγυσμός	murmuring	complaint;	NA28+NA27+Tyn+SBL+WH+Treg	
4	10	1	NKO	ἕκαστος	hekastos	G1538	A-NSM	ἕκαστος	each	each	NA28+NA27+Tyn+SBL+WH+Treg+TR+Byz	
4	10	2	NKO	καθὼς	kathōs	G2531	CONJ	καθώς	as/just as	even as	NA28+NA27+Tyn+SBL+WH+Treg+TR+Byz	
4	10	3	NKO	ἔλαβεν	elaben	G2983	V-2AAI-3S	λαμβάνω	to take	has received	NA28+NA27+Tyn+SBL+WH+Treg+TR+Byz	
4	10	4	NKO	χάρισμα	charisma	G5486	N-ASN	χάρισμα	gift	a gift	NA28+NA27+Tyn+SBL+WH+Treg+TR+Byz	
4	10	5	NKO	εἰς	eis	G1519	PREP	εἰς	toward	to	NA28+NA27+Tyn+SBL+WH+Treg+TR+Byz	
4	10	6	NKO	ἑαυτοὺς	he'autous	G1438	F-3APM	ἑαυτοῦ	my/your/him-self	each other	NA28+NA27+Tyn+SBL+WH+Treg+TR+Byz	
4	10	7	NKO	αὐτὸ	auto	G0846	P-ASN	αὐτός	he/she/it/self	them	NA28+NA27+Tyn+SBL+WH+Treg+TR+Byz	
4	10	8	NKO	διακονοῦντες	diakonountes	G1247	V-PAP-NPM	διακονέω	to serve	serving	NA28+NA27+Tyn+SBL+WH+Treg+TR+Byz	
4	10	9	NKO	ὡς	hōs	G5613	PRT	ὡς	which/how	as	NA28+NA27+Tyn+SBL+WH+Treg+TR+Byz	
4	10	10	NKO	καλοὶ	kaloi	G2570G	A-NPM	καλός	good	good	NA28+NA27+Tyn+SBL+WH+Treg+TR+Byz	
4	10	11	NKO	οἰκονόμοι	oikonomoi	G3623	N-NPM	οἰκονόμος	manager	stewards	NA28+NA27+Tyn+SBL+WH+Treg+TR+Byz	
4	10	12	NKO	ποικίλης	poikilēs	G4164	A-GSF	ποικίλος	various	of [the] manifold	NA28+NA27+Tyn+SBL+WH+Treg+TR+Byz	
4	10	13	NKO	χάριτος	charitos	G5485	N-GSF	χάρις	grace	grace	NA28+NA27+Tyn+SBL+WH+Treg+TR+Byz	
4	10	14	NKO	θεοῦ·	theou	G2316	N-GSM-T	θεός	God	of God:	NA28+NA27+Tyn+SBL+WH+Treg+TR+Byz	
4	11	1	NKO	εἴ	ei	G1487G	COND	εἰ	if	if	NA28+NA27+Tyn+SBL+WH+Treg+TR+Byz	
4	11	2	NKO	τις	tis	G5100	X-NSM	τις	one	anyone	NA28+NA27+Tyn+SBL+WH+Treg+TR+Byz	
4	11	3	NKO	λαλεῖ	lalei	G2980	V-PAI-3S	λαλέω	to speak	speaks	NA28+NA27+Tyn+SBL+WH+Treg+TR+Byz	
4	11	4	NKO	ὡς	hōs	G5613	PRT	ὡς	which/how	as	NA28+NA27+Tyn+SBL+WH+Treg+TR+Byz	
4	11	5	NKO	λόγια	logia	G3051	N-APN	λόγιον	oracles	oracles	NA28+NA27+Tyn+SBL+WH+Treg+TR+Byz	
4	11	6	NKO	θεοῦ·	theou	G2316	N-GSM-T	θεός	God	of God;	NA28+NA27+Tyn+SBL+WH+Treg+TR+Byz	
4	11	7	NKO	εἴ	ei	G1487G	COND	εἰ	if	if	NA28+NA27+Tyn+SBL+WH+Treg+TR+Byz	
4	11	8	NKO	τις	tis	G5100	X-NSM	τις	one	anyone	NA28+NA27+Tyn+SBL+WH+Treg+TR+Byz	
4	11	9	NKO	διακονεῖ	diakonei	G1247	V-PAI-3S	διακονέω	to serve	serves	NA28+NA27+Tyn+SBL+WH+Treg+TR+Byz	
4	11	10	NKO	ὡς	hōs	G5613	PRT	ὡς	which/how	as	NA28+NA27+Tyn+SBL+WH+Treg+TR+Byz	
4	11	11	NKO	ἐξ	ex	G1537	PREP	ἐκ	out from	of	NA28+NA27+Tyn+SBL+WH+Treg+TR+Byz	
4	11	12	NKO	ἰσχύος	ischuos	G2479	N-GSF	ἰσχύς	strength	strength	NA28+NA27+Tyn+SBL+WH+Treg+TR+Byz	
4	11	13	NK(o)	ἧς	hēs	G3739	R-GSF	ὅς, ἥ	which	which	NA28+NA27+Tyn+SBL+WH+Treg+TR	
4	11	14	NKO	χορηγεῖ	chorēgei	G5524	V-PAI-3S	χορηγέω	to provide	supplies	NA28+NA27+Tyn+SBL+WH+Treg+TR+Byz	
4	11	15	NKO	ὁ	ho	G3588	T-NSM	ὁ	the/this/who	<the>	NA28+NA27+Tyn+SBL+WH+Treg+TR+Byz	
4	11	16	NKO	θεός·	theos	G2316	N-NSM-T	θεός	God	God;	NA28+NA27+Tyn+SBL+WH+Treg+TR+Byz	
4	11	17	NKO	ἵνα	ina	G2443	CONJ	ἵνα	in order that/to	so that	NA28+NA27+Tyn+SBL+WH+Treg+TR+Byz	
4	11	18	NKO	ἐν	en	G1722	PREP	ἐν	in/on/among	in	NA28+NA27+Tyn+SBL+WH+Treg+TR+Byz	
4	11	19	NKO	πᾶσιν	pasin	G3956	A-DPN	πᾶς	all	all things	NA28+NA27+Tyn+SBL+WH+Treg+TR+Byz	
4	11	20	NKO	δοξάζηται	doxazētai	G1392	V-PPS-3S	δοξάζω	to glorify	may be glorified	NA28+NA27+Tyn+SBL+WH+Treg+TR+Byz	
4	11	21	NKO	ὁ	ho	G3588	T-NSM	ὁ	the/this/who	<the>	NA28+NA27+Tyn+SBL+WH+Treg+TR+Byz	
4	11	22	NKO	θεὸς	theos	G2316	N-NSM-T	θεός	God	God	NA28+NA27+Tyn+SBL+WH+Treg+TR+Byz	
4	11	23	NKO	διὰ	dia	G1223	PREP	διά	through/because of	through	NA28+NA27+Tyn+SBL+WH+Treg+TR+Byz	
4	11	24	NKO	Ἰησοῦ	Iēsou	G2424G	N-GSM-P	Ἰησοῦς	Jesus/Joshua	Jesus	NA28+NA27+Tyn+SBL+WH+Treg+TR+Byz	
4	11	25	NKO	Χριστοῦ,	Christou	G5547	N-GSM-T	Χριστός	Christ	Christ,	NA28+NA27+Tyn+SBL+WH+Treg+TR+Byz	
4	11	26	NKO	ᾧ	hō	G3739	R-DSM	ὅς, ἥ	which	to whom	NA28+NA27+Tyn+SBL+WH+Treg+TR+Byz	
4	11	27	NKO	ἐστιν	estin	G1510	V-PAI-3S	εἰμί	to be	be	NA28+NA27+Tyn+SBL+WH+Treg+TR+Byz	
4	11	28	NKO	ἡ	hē	G3588	T-NSF	ὁ	the/this/who	the	NA28+NA27+Tyn+SBL+WH+Treg+TR+Byz	
4	11	29	NKO	δόξα	doxa	G1391	N-NSF	δόξα	glory	glory	NA28+NA27+Tyn+SBL+WH+Treg+TR+Byz	
4	11	30	NKO	καὶ	kai	G2532	CONJ	καί	and	and	NA28+NA27+Tyn+SBL+WH+Treg+TR+Byz	
4	11	31	NKO	τὸ	to	G3588	T-NSN	ὁ	the/this/who	the	NA28+NA27+Tyn+SBL+WH+Treg+TR+Byz	
4	11	32	NKO	κράτος	kratos	G2904	N-NSN	κράτος	power	power	NA28+NA27+Tyn+SBL+WH+Treg+TR+Byz	
4	11	33	NKO	εἰς	eis	G1519	PREP	εἰς	toward	to	NA28+NA27+Tyn+SBL+WH+Treg+TR+Byz	
4	11	34	NKO	τοὺς	tous	G3588	T-APM	ὁ	the/this/who	the	NA28+NA27+Tyn+SBL+WH+Treg+TR+Byz	
4	11	35	NKO	αἰῶνας	aiōnas	G0165H	N-APM	αἰών	an age	ages	NA28+NA27+Tyn+SBL+WH+Treg+TR+Byz	
4	11	36	NKO	τῶν	tōn	G3588	T-GPM	ὁ	the/this/who	of the	NA28+NA27+Tyn+SBL+WH+Treg+TR+Byz	
4	11	37	NKO	αἰώνων,	aiōnōn	G0165H	N-GPM	αἰών	an age	ages,	NA28+NA27+Tyn+SBL+WH+Treg+TR+Byz	
4	11	38	NKO	ἀμήν.¶	amēn	G0281	INJ-HEB	ἀμήν	amen	Amen.	NA28+NA27+Tyn+SBL+WH+Treg+TR+Byz	
4	12	1	NKO	Ἀγαπητοί,	Agapētoi	G0027	A-VPM	ἀγαπητός	beloved	Beloved,	NA28+NA27+Tyn+SBL+WH+Treg+TR+Byz	
4	12	2	NKO	μὴ	mē	G3361	PRT-N	μή	not	not	NA28+NA27+Tyn+SBL+WH+Treg+TR+Byz	
4	12	3	NKO	ξενίζεσθε	xenizesthe	G3579	V-PPM-2P	ξενίζω	to host	do be surprised	NA28+NA27+Tyn+SBL+WH+Treg+TR+Byz	
4	12	4	NKO	τῇ	tēa	G3588	T-DSF	ὁ	the/this/who	at the	NA28+NA27+Tyn+SBL+WH+Treg+TR+Byz	
4	12	5	NKO	ἐν	en	G1722	PREP	ἐν	in/on/among	among	NA28+NA27+Tyn+SBL+WH+Treg+TR+Byz	
4	12	6	NKO	ὑμῖν	humin	G4771	P-2DP	σύ	you	you	NA28+NA27+Tyn+SBL+WH+Treg+TR+Byz	
4	12	7	NKO	πυρώσει	purōsei	G4451	N-DSF	πύρωσις	burning	fire	NA28+NA27+Tyn+SBL+WH+Treg+TR+Byz	
4	12	8	NKO	πρὸς	pros	G4314	PREP	πρός	to/with	for	NA28+NA27+Tyn+SBL+WH+Treg+TR+Byz	
4	12	9	NKO	πειρασμὸν	peirasmon	G3986H	N-ASM	πειρασμός	temptation/testing	a trial	NA28+NA27+Tyn+SBL+WH+Treg+TR+Byz	
4	12	10	NKO	ὑμῖν	humin	G4771	P-2DP	σύ	you	to you	NA28+NA27+Tyn+SBL+WH+Treg+TR+Byz	
4	12	11	NKO	γινομένῃ	ginomenē	G1096	V-PNP-DSF	γίνομαι	to be	taking place	NA28+NA27+Tyn+SBL+WH+Treg+TR+Byz	
4	12	12	NKO	ὡς	hōs	G5613	PRT	ὡς	which/how	as if	NA28+NA27+Tyn+SBL+WH+Treg+TR+Byz	
4	12	13	NKO	ξένου	xenou	G3581	A-GSN	ξένος	foreign	a strange thing	NA28+NA27+Tyn+SBL+WH+Treg+TR+Byz	
4	12	14	NKO	ὑμῖν	humin	G4771	P-2DP	σύ	you	to you	NA28+NA27+Tyn+SBL+WH+Treg+TR+Byz	
4	12	15	NKO	συμβαίνοντος·	sumbainontos	G4819	V-PAP-GSN	συμβαίνω	to happen	were happening;	NA28+NA27+Tyn+SBL+WH+Treg+TR+Byz	
4	13	1	NKO	ἀλλὰ	alla	G0235	CONJ	ἀλλά	but	But	NA28+NA27+Tyn+SBL+WH+Treg+TR+Byz	
4	13	2	NKO	καθὸ	katho	G2526	CONJ	καθό	insofar as	as	NA28+NA27+Tyn+SBL+WH+Treg+TR+Byz	
4	13	3	NKO	κοινωνεῖτε	koinōneite	G2841	V-PAI-2P	κοινωνέω	to participate	you have shared	NA28+NA27+Tyn+SBL+WH+Treg+TR+Byz	
4	13	4	NKO	τοῖς	tois	G3588	T-DPN	ὁ	the/this/who	in the	NA28+NA27+Tyn+SBL+WH+Treg+TR+Byz	
4	13	5	NKO	τοῦ	tou	G3588	T-GSM	ὁ	the/this/who	<the>	NA28+NA27+Tyn+SBL+WH+Treg+TR+Byz	
4	13	6	NKO	Χριστοῦ	Christou	G5547	N-GSM-T	Χριστός	Christ	of Christ	NA28+NA27+Tyn+SBL+WH+Treg+TR+Byz	
4	13	7	NKO	παθήμασιν	pathēmasin	G3804	N-DPN	πάθημα	suffering	sufferings	NA28+NA27+Tyn+SBL+WH+Treg+TR+Byz	
4	13	8	NKO	χαίρετε,	chairete	G5463	V-PAM-2P	χαίρω	to rejoice	do rejoice,	NA28+NA27+Tyn+SBL+WH+Treg+TR+Byz	
4	13	9	NKO	ἵνα	ina	G2443	CONJ	ἵνα	in order that/to	so that	NA28+NA27+Tyn+SBL+WH+Treg+TR+Byz	
4	13	10	NKO	καὶ	kai	G2532	CONJ	καί	and	also	NA28+NA27+Tyn+SBL+WH+Treg+TR+Byz	
4	13	11	NKO	ἐν	en	G1722	PREP	ἐν	in/on/among	in	NA28+NA27+Tyn+SBL+WH+Treg+TR+Byz	
4	13	12	NKO	τῇ	tēa	G3588	T-DSF	ὁ	the/this/who	the	NA28+NA27+Tyn+SBL+WH+Treg+TR+Byz	
4	13	13	NKO	ἀποκαλύψει	apokalupsei	G0602	N-DSF	ἀποκάλυψις	revelation	revelation	NA28+NA27+Tyn+SBL+WH+Treg+TR+Byz	
4	13	14	NKO	τῆς	tēs	G3588	T-GSF	ὁ	the/this/who	of the	NA28+NA27+Tyn+SBL+WH+Treg+TR+Byz	
4	13	15	NKO	δόξης	doxēs	G1391	N-GSF	δόξα	glory	glory	NA28+NA27+Tyn+SBL+WH+Treg+TR+Byz	
4	13	16	NKO	αὐτοῦ	autou	G0846	P-GSM	αὐτός	he/she/it/self	of Him	NA28+NA27+Tyn+SBL+WH+Treg+TR+Byz	
4	13	17	NKO	χαρῆτε	charēte	G5463	V-2AOS-2P	χαίρω	to rejoice	you may rejoice	NA28+NA27+Tyn+SBL+WH+Treg+TR+Byz	
4	13	18	NKO	ἀγαλλιώμενοι.	agalliōmenoi	G0021	V-PNP-NPM	ἀγαλλιάω	to rejoice	exulting.	NA28+NA27+Tyn+SBL+WH+Treg+TR+Byz	
4	14	1	NKO	εἰ	ei	G1487G	COND	εἰ	if	If	NA28+NA27+Tyn+SBL+WH+Treg+TR+Byz	
4	14	2	NKO	ὀνειδίζεσθε	oneidizesthe	G3679	V-PPI-2P	ὀνειδίζω	to revile	you are insulted	NA28+NA27+Tyn+SBL+WH+Treg+TR+Byz	
4	14	3	NKO	ἐν	en	G1722	PREP	ἐν	in/on/among	in	NA28+NA27+Tyn+SBL+WH+Treg+TR+Byz	
4	14	4	NKO	ὀνόματι	onomati	G3686	N-DSN	ὄνομα	name	[the] name	NA28+NA27+Tyn+SBL+WH+Treg+TR+Byz	
4	14	5	NKO	Χριστοῦ,	Christou	G5547	N-GSM-T	Χριστός	Christ	of Christ,	NA28+NA27+Tyn+SBL+WH+Treg+TR+Byz	
4	14	6	NKO	μακάριοι·	makarioi	G3107	A-NPM	μακάριος	blessed	[you are] blessed;	NA28+NA27+Tyn+SBL+WH+Treg+TR+Byz	
4	14	7	NKO	ὅτι	hoti	G3754H	CONJ	ὅτι	that/since	because	NA28+NA27+Tyn+SBL+WH+Treg+TR+Byz	
4	14	8	NKO	τὸ	to	G3588	T-NSN	ὁ	the/this/who	<the>	NA28+NA27+Tyn+SBL+WH+Treg+TR+Byz	
4	14	9	NKO	τῆς	tēs	G3588	T-GSF	ὁ	the/this/who	<the>	NA28+NA27+Tyn+SBL+WH+Treg+TR+Byz	
4	14	10	NKO	δόξης	doxēs	G1391	N-GSF	δόξα	glory	of glory	NA28+NA27+Tyn+SBL+WH+Treg+TR+Byz	
4	14	11	NKO	καὶ	kai	G2532	CONJ	καί	and	and	NA28+NA27+Tyn+SBL+WH+Treg+TR+Byz	
4	14	12	NKO	τὸ	to	G3588	T-NSN	ὁ	the/this/who	<the>	NA28+NA27+Tyn+SBL+WH+Treg+TR+Byz	
4	14	13	NKO	τοῦ	tou	G3588	T-GSM	ὁ	the/this/who	<the>	NA28+NA27+Tyn+SBL+WH+Treg+TR+Byz	
4	14	14	NKO	θεοῦ	theou	G2316	N-GSM-T	θεός	God	of God	NA28+NA27+Tyn+SBL+WH+Treg+TR+Byz	
4	14	15	NKO	πνεῦμα	pneuma	G4151G	N-NSN	πνεῦμα	spirit/breath	[the] Spirit	NA28+NA27+Tyn+SBL+WH+Treg+TR+Byz	
4	14	16	NKO	ἐφ᾽	eph᾽	G1909	PREP	ἐπί	upon/to/against	upon	NA28+NA27+Tyn+SBL+WH+Treg+TR+Byz	
4	14	17	NKO	ὑμᾶς	humas	G4771	P-2AP	σύ	you	you	NA28+NA27+Tyn+SBL+WH+Treg+TR+Byz	
4	14	18	NKO	ἀναπαύεται	anapauetai	G0373	V-PMI-3S	ἀναπαύω	to give rest	rests	NA28+NA27+Tyn+SBL+WH+Treg+TR+Byz	
4	14	19	K	κατὰ	kata	G2596	PREP	κατά	according to	according to	TR+Byz	
4	14	20	K	μὲν	men	G3303	PRT	μέν	on one hand	indeed	TR+Byz	
4	14	21	K	αὐτοὺς	autous	G0846	P-APM	αὐτός	he/she/it/self	them	TR+Byz	
4	14	22	K	βλασφημεῖται	blasphēmeitai	G0987	V-PPI-3S	βλασφημέω	to blaspheme	he is blasphemed	TR+Byz	
4	14	23	K	κατὰ	kata	G2596	PREP	κατά	according to	according to	TR+Byz	
4	14	24	K	δὲ	de	G1161	CONJ	δέ	but/and	however	TR+Byz	
4	14	25	K	ὑμᾶς	humas	G4771	P-2AP	σύ	you	you	TR+Byz	
4	14	26	K	δοξάζεται.¶	doxazetai	G1392	V-PPI-3S	δοξάζω	to glorify	he is honored.	TR+Byz	
4	15	1	NKO	Μὴ	Mē	G3361	PRT-N	μή	not	Not	NA28+NA27+Tyn+SBL+WH+Treg+TR+Byz	
4	15	2	NKO	γάρ	gar	G1063	CONJ	γάρ	for	for	NA28+NA27+Tyn+SBL+WH+Treg+TR+Byz	
4	15	3	NKO	τις	tis	G5100	X-NSM	τις	one	any	NA28+NA27+Tyn+SBL+WH+Treg+TR+Byz	
4	15	4	NKO	ὑμῶν	humōn	G4771	P-2GP	σύ	you	of you	NA28+NA27+Tyn+SBL+WH+Treg+TR+Byz	
4	15	5	NKO	πασχέτω	paschetō	G3958	V-PAM-3S	πάσχω	to suffer	should suffer	NA28+NA27+Tyn+SBL+WH+Treg+TR+Byz	
4	15	6	NKO	ὡς	hōs	G5613	PRT	ὡς	which/how	as	NA28+NA27+Tyn+SBL+WH+Treg+TR+Byz	
4	15	7	NKO	φονεὺς	phoneus	G5406	N-NSM	φονεύς	murderer	a murderer	NA28+NA27+Tyn+SBL+WH+Treg+TR+Byz	
4	15	8	NKO	ἢ	ē	G2228	CONJ	ἤ	or/than	or	NA28+NA27+Tyn+SBL+WH+Treg+TR+Byz	
4	15	9	NKO	κλέπτης	kleptēs	G2812	N-NSM	κλέπτης	thief	a thief	NA28+NA27+Tyn+SBL+WH+Treg+TR+Byz	
4	15	10	NKO	ἢ	ē	G2228	CONJ	ἤ	or/than	or	NA28+NA27+Tyn+SBL+WH+Treg+TR+Byz	
4	15	11	NKO	κακοποιὸς	kakopoios	G2555	N-NSM	κακοποιός	wrongdoing	an evildoer	NA28+NA27+Tyn+SBL+WH+Treg+TR+Byz	
4	15	12	NKO	ἢ	ē	G2228	CONJ	ἤ	or/than	or	NA28+NA27+Tyn+SBL+WH+Treg+TR+Byz	
4	15	13	NKO	ὡς	hōs	G5613	PRT	ὡς	which/how	as	NA28+NA27+Tyn+SBL+WH+Treg+TR+Byz	
4	15	14	NKO	ἀλλοτριεπίσκοπος·	allotriepiskopos	G0244	N-NSM	ἀλλοτριεπίσκοπος	meddler	a troublesome meddler;	NA28+NA27+Tyn+SBL+WH+Treg+TR+Byz	
4	16	1	NKO	εἰ	ei	G1487G	COND	εἰ	if	if	NA28+NA27+Tyn+SBL+WH+Treg+TR+Byz	
4	16	2	NKO	δὲ	de	G1161	CONJ	δέ	but/and	however	NA28+NA27+Tyn+SBL+WH+Treg+TR+Byz	
4	16	3	NKO	ὡς	hōs	G5613	PRT	ὡς	which/how	as	NA28+NA27+Tyn+SBL+WH+Treg+TR+Byz	
4	16	4	NKO	Χριστιανός,	Christianos	G5546	N-NSM-T	Χριστιανός	Christian	a Christian,	NA28+NA27+Tyn+SBL+WH+Treg+TR+Byz	
4	16	5	NKO	μὴ	mē	G3361	PRT-N	μή	not	not	NA28+NA27+Tyn+SBL+WH+Treg+TR+Byz	
4	16	6	NKO	αἰσχυνέσθω,	aischunesthō	G0153	V-PMM-3S	αἰσχύνω	be ashamed	he should be ashamed,	NA28+NA27+Tyn+SBL+WH+Treg+TR+Byz	
4	16	7	NKO	δοξαζέτω	doxazetō	G1392	V-PAM-3S	δοξάζω	to glorify	he should glorify	NA28+NA27+Tyn+SBL+WH+Treg+TR+Byz	
4	16	8	NKO	δὲ	de	G1161	CONJ	δέ	but/and	however	NA28+NA27+Tyn+SBL+WH+Treg+TR+Byz	
4	16	9	NKO	τὸν	ton	G3588	T-ASM	ὁ	the/this/who	<the>	NA28+NA27+Tyn+SBL+WH+Treg+TR+Byz	
4	16	10	NKO	θεὸν	theon	G2316	N-ASM-T	θεός	God	God	NA28+NA27+Tyn+SBL+WH+Treg+TR+Byz	
4	16	11	NKO	ἐν	en	G1722	PREP	ἐν	in/on/among	in	NA28+NA27+Tyn+SBL+WH+Treg+TR+Byz	
4	16	12	NKO	τῷ	tō	G3588	T-DSN	ὁ	the/this/who	<the>	NA28+NA27+Tyn+SBL+WH+Treg+TR+Byz	
4	16	13	N(K)O	ὀνόματι	onomati	G3686	N-DSN	ὄνομα	name	name	NA27+Tyn+SBL+WH+Treg	
4	16	14	NKO	τούτῳ.	toutō	G3778	D-DSN	οὗτος	this/he/she/it	this.	NA28+NA27+Tyn+SBL+WH+Treg+TR+Byz	
4	17	1	NKO	ὅτι	hoti	G3754H	CONJ	ὅτι	that/since	For [it is]	NA28+NA27+Tyn+SBL+WH+Treg+TR+Byz	
4	17	2	NKO	ὁ	ho	G3588	T-NSM	ὁ	the/this/who	the	NA28+NA27+Tyn+SBL+WH+Treg+TR+Byz	
4	17	3	NKO	καιρὸς	kairos	G2540	N-NSM	καιρός	time/right time	time [for]	NA28+NA27+Tyn+SBL+WH+Treg+TR+Byz	
4	17	4	NKO	τοῦ	tou	G3588	T-GSN	ὁ	the/this/who	<the>	NA28+NA27+Tyn+SBL+WH+Treg+TR+Byz	
4	17	5	NKO	ἄρξασθαι	arxasthai	G0757	V-AMN	ἄρχω	be first	to have begun	NA28+NA27+Tyn+SBL+WH+Treg+TR+Byz	
4	17	6	NKO	τὸ	to	G3588	T-ASN	ὁ	the/this/who	the	NA28+NA27+Tyn+SBL+WH+Treg+TR+Byz	
4	17	7	NKO	κρίμα	krima	G2917	N-ASN	κρίμα	judgment	judgment	NA28+NA27+Tyn+SBL+WH+Treg+TR+Byz	
4	17	8	NKO	ἀπὸ	apo	G0575	PREP	ἀπό	away from	from	NA28+NA27+Tyn+SBL+WH+Treg+TR+Byz	
4	17	9	NKO	τοῦ	tou	G3588	T-GSM	ὁ	the/this/who	the	NA28+NA27+Tyn+SBL+WH+Treg+TR+Byz	
4	17	10	NKO	οἴκου	oikou	G3624H	N-GSM	οἶκος	house	house	NA28+NA27+Tyn+SBL+WH+Treg+TR+Byz	
4	17	11	NKO	τοῦ	tou	G3588	T-GSM	ὁ	the/this/who	<the>	NA28+NA27+Tyn+SBL+WH+Treg+TR+Byz	
4	17	12	NKO	θεοῦ·	theou	G2316	N-GSM-T	θεός	God	of God;	NA28+NA27+Tyn+SBL+WH+Treg+TR+Byz	
4	17	13	NKO	εἰ	ei	G1487G	COND	εἰ	if	if	NA28+NA27+Tyn+SBL+WH+Treg+TR+Byz	
4	17	14	NKO	δὲ	de	G1161	CONJ	δέ	but/and	now	NA28+NA27+Tyn+SBL+WH+Treg+TR+Byz	
4	17	15	NKO	πρῶτον	prōton	G4413G	A-ASN	πρῶτος	first	first	NA28+NA27+Tyn+SBL+WH+Treg+TR+Byz	
4	17	16	NKO	ἀφ᾽	aph᾽	G0575	PREP	ἀπό	away from	from	NA28+NA27+Tyn+SBL+WH+Treg+TR+Byz	
4	17	17	NKO	ἡμῶν,	hēmōn	G3165	P-1GP	ἐγώ	I/we	us,	NA28+NA27+Tyn+SBL+WH+Treg+TR+Byz	
4	17	18	NKO	τί	ti	G5101	I-NSN	τίς	which?	what [will be]	NA28+NA27+Tyn+SBL+WH+Treg+TR+Byz	
4	17	19	NKO	τὸ	to	G3588	T-NSN	ὁ	the/this/who	the	NA28+NA27+Tyn+SBL+WH+Treg+TR+Byz	
4	17	20	NKO	τέλος	telos	G5056	N-NSN	τέλος	goal/tax	outcome	NA28+NA27+Tyn+SBL+WH+Treg+TR+Byz	
4	17	21	NKO	τῶν	tōn	G3588	T-GPM	ὁ	the/this/who	of those	NA28+NA27+Tyn+SBL+WH+Treg+TR+Byz	
4	17	22	NKO	ἀπειθούντων	apeithountōn	G0544	V-PAP-GPM	ἀπειθέω	to disobey	disobeying	NA28+NA27+Tyn+SBL+WH+Treg+TR+Byz	
4	17	23	NKO	τῷ	tō	G3588	T-DSN	ὁ	the/this/who	the	NA28+NA27+Tyn+SBL+WH+Treg+TR+Byz	
4	17	24	NKO	τοῦ	tou	G3588	T-GSM	ὁ	the/this/who	<the>	NA28+NA27+Tyn+SBL+WH+Treg+TR+Byz	
4	17	25	NKO	θεοῦ	theou	G2316	N-GSM-T	θεός	God	of God	NA28+NA27+Tyn+SBL+WH+Treg+TR+Byz	
4	17	26	NKO	εὐαγγελίῳ;	euangeliō	G2098	N-DSN	εὐαγγέλιον	gospel	gospel?	NA28+NA27+Tyn+SBL+WH+Treg+TR+Byz	
4	18	1	NKO	καὶ	kai	G2532	CONJ	καί	and	And	NA28+NA27+Tyn+SBL+WH+Treg+TR+Byz	
4	18	2	NKO	εἰ	ei	G1487G	COND	εἰ	if	If	NA28+NA27+Tyn+SBL+WH+Treg+TR+Byz	
4	18	3	NKO	ὁ	ho	G3588	T-NSM	ὁ	the/this/who	the	NA28+NA27+Tyn+SBL+WH+Treg+TR+Byz	
4	18	4	NKO	δίκαιος	dikaios	G1342	A-NSM	δίκαιος	just	righteous [one]	NA28+NA27+Tyn+SBL+WH+Treg+TR+Byz	
4	18	5	NKO	μόλις	molis	G3433	ADV	μόλις	hardly	with difficulty	NA28+NA27+Tyn+SBL+WH+Treg+TR+Byz	
4	18	6	NKO	σῴζεται,	sōzetai	G4982	V-PPI-3S	σῴζω	to save	is saved,	NA28+NA27+Tyn+SBL+WH+Treg+TR+Byz	
4	18	7	NKO	ὁ	ho	G3588	T-NSM	ὁ	the/this/who	the	NA28+NA27+Tyn+SBL+WH+Treg+TR+Byz	
4	18	8	o	δὲ	de	G1161	CONJ	δέ	but/and	now	WH	
4	18	9	NKO	ἀσεβὴς	asebēs	G0765	A-NSM	ἀσεβής	ungodly	ungodly	NA28+NA27+Tyn+SBL+WH+Treg+TR+Byz	
4	18	10	NKO	καὶ	kai	G2532	CONJ	καί	and	and	NA28+NA27+Tyn+SBL+WH+Treg+TR+Byz	
4	18	11	NKO	ἁμαρτωλὸς	hamartōlos	G0268	A-NSM	ἁμαρτωλός	sinful	sinner	NA28+NA27+Tyn+SBL+WH+Treg+TR+Byz	
4	18	12	NKO	ποῦ	pou	G4226	ADV-I	ποῦ	where?	where	NA28+NA27+Tyn+SBL+WH+Treg+TR+Byz	
4	18	13	NKO	φανεῖται;	phaneitai	G5316	V-FDI-3S	φαίνω	to shine/appear	will appear?	NA28+NA27+Tyn+SBL+WH+Treg+TR+Byz	
4	19	1	NKO	ὥστε	hōste	G5620	CONJ	ὥστε	so	Therefore	NA28+NA27+Tyn+SBL+WH+Treg+TR+Byz	
4	19	2	NKO	καὶ	kai	G2532	CONJ	καί	and	also	NA28+NA27+Tyn+SBL+WH+Treg+TR+Byz	
4	19	3	NKO	οἱ	hoi	G3588	T-NPM	ὁ	the/this/who	those	NA28+NA27+Tyn+SBL+WH+Treg+TR+Byz	
4	19	4	NKO	πάσχοντες	paschontes	G3958	V-PAP-NPM	πάσχω	to suffer	suffering	NA28+NA27+Tyn+SBL+WH+Treg+TR+Byz	
4	19	5	NKO	κατὰ	kata	G2596	PREP	κατά	according to	according to	NA28+NA27+Tyn+SBL+WH+Treg+TR+Byz	
4	19	6	NKO	τὸ	to	G3588	T-ASN	ὁ	the/this/who	the	NA28+NA27+Tyn+SBL+WH+Treg+TR+Byz	
4	19	7	NKO	θέλημα	thelēma	G2307	N-ASN	θέλημα	will/desire	will	NA28+NA27+Tyn+SBL+WH+Treg+TR+Byz	
4	19	8	NKO	τοῦ	tou	G3588	T-GSM	ὁ	the/this/who	<the>	NA28+NA27+Tyn+SBL+WH+Treg+TR+Byz	
4	19	9	NKO	θεοῦ	theou	G2316	N-GSM-T	θεός	God	of God	NA28+NA27+Tyn+SBL+WH+Treg+TR+Byz	
4	19	10	K	ὡς,	hōs	G5613	PRT	ὡς	which/how	as	TR+Byz	
4	19	11	NKO	πιστῷ	pistō	G4103	A-DSM	πιστός	faithful	to [the] faithful	NA28+NA27+Tyn+SBL+WH+Treg+TR+Byz	
4	19	12	NKO	κτίστῃ	ktistē	G2939	N-DSM	κτίστης	creator	Creator	NA28+NA27+Tyn+SBL+WH+Treg+TR+Byz	
4	19	13	NKO	παρατιθέσθωσαν	paratithesthōsan	G3908	V-PMM-3P	παρατίθημι	to set before	they should commit	NA28+NA27+Tyn+SBL+WH+Treg+TR+Byz	
4	19	14	NKO	τὰς	tas	G3588	T-APF	ὁ	the/this/who	the	NA28+NA27+Tyn+SBL+WH+Treg+TR+Byz	
4	19	15	NKO	ψυχὰς	psuchas	G5590G	N-APF	ψυχή	soul	souls	NA28+NA27+Tyn+SBL+WH+Treg+TR+Byz	
4	19	16	N(k)O	αὐτῶν	autōn	G0846	P-GPM	αὐτός	he/she/it/self	of them	NA28+NA27+Tyn+SBL+Treg+Byz	
4	19	17	NKO	ἐν	en	G1722	PREP	ἐν	in/on/among	in	NA28+NA27+Tyn+SBL+WH+Treg+TR+Byz	
4	19	18	NKO	ἀγαθοποιΐᾳ.¶	agathopoiia	G0016	N-DSF	ἀγαθοποιΐα	doing good	well doing.	NA28+NA27+Tyn+SBL+WH+Treg+TR+Byz	
5	1	1	NKO	Πρεσβυτέρους	Presbuterous	G4245G	N-APM	πρεσβύτερος	elder	Elders	NA28+NA27+Tyn+SBL+WH+Treg+TR+Byz	
5	1	2	NO	οὖν	oun	G3767	CONJ	οὖν	therefore/then	therefore	NA27+Tyn+SBL+WH+Treg	
5	1	3	ko	τοὺς	tous	G3588	T-APM	ὁ	the/this/who	<the>	NA28+Tyn+TR+Byz	
5	1	4	NKO	ἐν	en	G1722	PREP	ἐν	in/on/among	among	NA28+NA27+Tyn+SBL+WH+Treg+TR+Byz	
5	1	5	NKO	ὑμῖν	humin	G4771	P-2DP	σύ	you	you	NA28+NA27+Tyn+SBL+WH+Treg+TR+Byz	
5	1	6	NKO	παρακαλῶ	parakalō	G3870	V-PAI-1S	παρακαλέω	to plead/comfort	I exhort	NA28+NA27+Tyn+SBL+WH+Treg+TR+Byz	
5	1	7	NKO	ὁ	ho	G3588	T-NSM	ὁ	the/this/who	<the>	NA28+NA27+Tyn+SBL+WH+Treg+TR+Byz	
5	1	8	NKO	συμπρεσβύτερος	sumpresbuteros	G4850	N-NSM	συμπρεσβύτερος	fellow elder	a fellow elder	NA28+NA27+Tyn+SBL+WH+Treg+TR+Byz	
5	1	9	NKO	καὶ	kai	G2532	CONJ	καί	and	and	NA28+NA27+Tyn+SBL+WH+Treg+TR+Byz	
5	1	10	NKO	μάρτυς	martus	G3144	N-NSM	μάρτυς	witness	witness	NA28+NA27+Tyn+SBL+WH+Treg+TR+Byz	
5	1	11	NKO	τῶν	tōn	G3588	T-GPN	ὁ	the/this/who	of the	NA28+NA27+Tyn+SBL+WH+Treg+TR+Byz	
5	1	12	NKO	τοῦ	tou	G3588	T-GSM	ὁ	the/this/who	<the>	NA28+NA27+Tyn+SBL+WH+Treg+TR+Byz	
5	1	13	NKO	Χριστοῦ	Christou	G5547	N-GSM-T	Χριστός	Christ	of Christ	NA28+NA27+Tyn+SBL+WH+Treg+TR+Byz	
5	1	14	NKO	παθημάτων,	pathēmatōn	G3804	N-GPN	πάθημα	suffering	sufferings,	NA28+NA27+Tyn+SBL+WH+Treg+TR+Byz	
5	1	15	NKO	ὁ	ho	G3588	T-NSM	ὁ	the/this/who	who [am]	NA28+NA27+Tyn+SBL+WH+Treg+TR+Byz	
5	1	16	NKO	καὶ	kai	G2532	CONJ	καί	and	also	NA28+NA27+Tyn+SBL+WH+Treg+TR+Byz	
5	1	17	NKO	τῆς	tēs	G3588	T-GSF	ὁ	the/this/who	of the	NA28+NA27+Tyn+SBL+WH+Treg+TR+Byz	
5	1	18	NKO	μελλούσης	mellousēs	G3195	V-PAP-GSF	μέλλω	to ensue	being about	NA28+NA27+Tyn+SBL+WH+Treg+TR+Byz	
5	1	19	NKO	ἀποκαλύπτεσθαι	apokaluptesthai	G0601	V-PPN	ἀποκαλύπτω	to reveal	to be revealed	NA28+NA27+Tyn+SBL+WH+Treg+TR+Byz	
5	1	20	NKO	δόξης	doxēs	G1391	N-GSF	δόξα	glory	glory	NA28+NA27+Tyn+SBL+WH+Treg+TR+Byz	
5	1	21	NKO	κοινωνός,	koinōnos	G2844	N-NSM	κοινωνός	participant	a partaker,	NA28+NA27+Tyn+SBL+WH+Treg+TR+Byz	
5	2	1	NKO	ποιμάνατε	poimanate	G4165	V-AAM-2P	ποιμαίνω	to shepherd	do shepherd	NA28+NA27+Tyn+SBL+WH+Treg+TR+Byz	
5	2	2	NKO	τὸ	to	G3588	T-ASN	ὁ	the/this/who	the	NA28+NA27+Tyn+SBL+WH+Treg+TR+Byz	
5	2	3	NKO	ἐν	en	G1722	PREP	ἐν	in/on/among	among	NA28+NA27+Tyn+SBL+WH+Treg+TR+Byz	
5	2	4	NKO	ὑμῖν	humin	G4771	P-2DP	σύ	you	you	NA28+NA27+Tyn+SBL+WH+Treg+TR+Byz	
5	2	5	NKO	ποίμνιον	poimnion	G4168	N-ASN	ποίμνιον	flock	flock	NA28+NA27+Tyn+SBL+WH+Treg+TR+Byz	
5	2	6	NKO	τοῦ	tou	G3588	T-GSM	ὁ	the/this/who	<the>	NA28+NA27+Tyn+SBL+WH+Treg+TR+Byz	
5	2	7	NKO	θεοῦ	theou	G2316	N-GSM-T	θεός	God	of God	NA28+NA27+Tyn+SBL+WH+Treg+TR+Byz	
5	2	8	NKO	ἐπισκοποῦντες	episkopountes	G1983	V-PAP-NPM	ἐπισκοπέω	to oversee/care for	exercising oversight	NA28+NA27+Tyn+SBL+Treg+TR+Byz	
5	2	9	NKO	μὴ	mē	G3361	PRT-N	μή	not	not	NA28+NA27+Tyn+SBL+WH+Treg+TR+Byz	
5	2	10	NKO	ἀναγκαστῶς	anagkastōs	G0317	ADV	ἀναγκαστῶς	necessarily	under compulsion	NA28+NA27+Tyn+SBL+WH+Treg+TR+Byz	
5	2	11	NKO	ἀλλ᾽	all᾽	G0235	CONJ	ἀλλά	but	but	NA28+NA27+Tyn+SBL+WH+Treg+TR+Byz	
5	2	12	NKO	ἑκουσίως	hekousiōs	G1596	ADV	ἑκουσίως	voluntarily	willingly	NA28+NA27+Tyn+SBL+WH+Treg+TR+Byz	
5	2	13	NO	κατὰ	kata	G2596	PREP	κατά	according to	according to	NA28+NA27+Tyn+SBL+Treg	
5	2	14	NO	θεόν,	theon	G2316	N-ASM-T	θεός	God	God,	NA28+NA27+Tyn+SBL+Treg	
5	2	15	NKO	μηδὲ	mēde	G3366	CONJ-N	μηδέ	nor	and not	NA28+NA27+Tyn+SBL+WH+Treg+TR+Byz	
5	2	16	NKO	αἰσχροκερδῶς	aischrokerdōs	G0147	ADV	αἰσχροκερδῶς	greedily	for base gain	NA28+NA27+Tyn+SBL+WH+Treg+TR+Byz	
5	2	17	NKO	ἀλλὰ	alla	G0235	CONJ	ἀλλά	but	but	NA28+NA27+Tyn+SBL+WH+Treg+TR+Byz	
5	2	18	NKO	προθύμως·	prothumōs	G4290	ADV	προθύμως	eagerly	eagerly;	NA28+NA27+Tyn+SBL+WH+Treg+TR+Byz	
5	3	1	NKO	μηδ᾽	mēd᾽	G3366	CONJ-N	μηδέ	nor	not	NA28+NA27+Tyn+SBL+WH+Treg+TR+Byz	
5	3	2	NKO	ὡς	hōs	G5613	PRT	ὡς	which/how	as	NA28+NA27+Tyn+SBL+WH+Treg+TR+Byz	
5	3	3	NKO	κατακυριεύοντες	katakurieuontes	G2634	V-PAP-NPM	κατακυριεύω	to master	exercising lordship over	NA28+NA27+Tyn+SBL+WH+Treg+TR+Byz	
5	3	4	NKO	τῶν	tōn	G3588	T-GPM	ὁ	the/this/who	<the>	NA28+NA27+Tyn+SBL+WH+Treg+TR+Byz	
5	3	5	NKO	κλήρων	klērōn	G2819	N-GPM	κλῆρος	lot	those in your charge	NA28+NA27+Tyn+SBL+WH+Treg+TR+Byz	
5	3	6	NKO	ἀλλὰ	alla	G0235	CONJ	ἀλλά	but	but	NA28+NA27+Tyn+SBL+WH+Treg+TR+Byz	
5	3	7	NKO	τύποι	tupoi	G5179	N-NPM	τύπος	mark/example	examples	NA28+NA27+Tyn+SBL+WH+Treg+TR+Byz	
5	3	8	NKO	γινόμενοι	ginomenoi	G1096	V-PNP-NPM	γίνομαι	to be	being	NA28+NA27+Tyn+SBL+WH+Treg+TR+Byz	
5	3	9	NKO	τοῦ	tou	G3588	T-GSN	ὁ	the/this/who	to the	NA28+NA27+Tyn+SBL+WH+Treg+TR+Byz	
5	3	10	NKO	ποιμνίου·	poimniou	G4168	N-GSN	ποίμνιον	flock	flock;	NA28+NA27+Tyn+SBL+WH+Treg+TR+Byz	
5	4	1	NKO	καὶ	kai	G2532	CONJ	καί	and	And	NA28+NA27+Tyn+SBL+WH+Treg+TR+Byz	
5	4	2	NKO	φανερωθέντος	phanerōthentos	G5319	V-APP-GSM	φανερόω	to manifest	when was being revealed	NA28+NA27+Tyn+SBL+WH+Treg+TR+Byz	
5	4	3	NKO	τοῦ	tou	G3588	T-GSM	ὁ	the/this/who	the	NA28+NA27+Tyn+SBL+WH+Treg+TR+Byz	
5	4	4	NKO	ἀρχιποίμενος	archipoimenos	G0750	N-GSM	ἀρχιποίμην	chief shepherd	Chief Shepherd	NA28+NA27+Tyn+SBL+WH+Treg+TR+Byz	
5	4	5	NKO	κομιεῖσθε	komieisthe	G2865	V-FDI-2P	κομίζω	to bring/be repaid	you will receive	NA28+NA27+Tyn+SBL+WH+Treg+TR+Byz	
5	4	6	NKO	τὸν	ton	G3588	T-ASM	ὁ	the/this/who	the	NA28+NA27+Tyn+SBL+WH+Treg+TR+Byz	
5	4	7	NKO	ἀμαράντινον	amarantinon	G0262	A-ASM	ἀμαράντινος	unfading	unfading	NA28+NA27+Tyn+SBL+WH+Treg+TR+Byz	
5	4	8	NKO	τῆς	tēs	G3588	T-GSF	ὁ	the/this/who	<the>	NA28+NA27+Tyn+SBL+WH+Treg+TR+Byz	
5	4	9	NKO	δόξης	doxēs	G1391	N-GSF	δόξα	glory	of glory	NA28+NA27+Tyn+SBL+WH+Treg+TR+Byz	
5	4	10	NKO	στέφανον.¶	stephanon	G4735	N-ASM	στέφανος	crown	crown.	NA28+NA27+Tyn+SBL+WH+Treg+TR+Byz	
5	5	1	NKO	Ὁμοίως	Homoiōs	G3668	ADV	ὁμοίως	similarly	Likewise	NA28+NA27+Tyn+SBL+WH+Treg+TR+Byz	
5	5	2	NKO	νεώτεροι,	neōteroi	G3501	A-VPM-C	νέος	new	younger [ones],	NA28+NA27+Tyn+SBL+WH+Treg+TR+Byz	
5	5	3	NKO	ὑποτάγητε	hupotagēte	G5293	V-2APM-2P	ὑποτάσσω	to subject	do be subjected	NA28+NA27+Tyn+SBL+WH+Treg+TR+Byz	
5	5	4	NKO	πρεσβυτέροις,	presbuterois	G4245G	N-DPM-C	πρεσβύτερος	elder	to [your] elders,	NA28+NA27+Tyn+SBL+WH+Treg+TR+Byz	
5	5	5	NKO	πάντες	pantes	G3956	A-VPM	πᾶς	all	All	NA28+NA27+Tyn+SBL+WH+Treg+TR+Byz	
5	5	6	NKO	δὲ	de	G1161	CONJ	δέ	but/and	now	NA28+NA27+Tyn+SBL+WH+Treg+TR+Byz	
5	5	7	NKO	ἀλλήλοις	allēlois	G0240	C-DPM	ἀλλήλων	one another	to one another	NA28+NA27+Tyn+SBL+WH+Treg+TR+Byz	
5	5	8	k	ὑποτασσόμενοι	hupotassomenoi	G5293	V-PPP-NPM	ὑποτάσσω	to subject	be submitting yourselves	TR+Byz	
5	5	9	NKO	τὴν	tēn	G3588	T-ASF	ὁ	the/this/who	<the>	NA28+NA27+Tyn+SBL+WH+Treg+TR+Byz	
5	5	10	NKO	ταπεινοφροσύνην	tapeinophrosunēn	G5012	N-ASF	ταπεινοφροσύνη	humility	humility	NA28+NA27+Tyn+SBL+WH+Treg+TR+Byz	
5	5	11	NKO	ἐγκομβώσασθε,	egkombōsasthe	G1463	V-ADM-2P	ἐγκομβόομαι	to clothe oneself	do gird on,	NA28+NA27+Tyn+SBL+WH+Treg+TR+Byz	
5	5	12	NKO	ὅτι	hoti	G3754H	CONJ	ὅτι	that/since	because	NA28+NA27+Tyn+SBL+WH+Treg+TR+Byz	
5	5	13	NKO	ὁ	ho	G3588	T-NSM	ὁ	the/this/who	<the>	NA28+NA27+Tyn+SBL+WH+Treg+TR+Byz	
5	5	14	NKO	θεὸς	theos	G2316	N-NSM-T	θεός	God	God	NA28+NA27+Tyn+SBL+WH+Treg+TR+Byz	
5	5	15	NKO	ὑπερηφάνοις	huperēphanois	G5244	A-DPM	ὑπερήφανος	arrogant	[the] proud	NA28+NA27+Tyn+SBL+WH+Treg+TR+Byz	
5	5	16	NKO	ἀντιτάσσεται,	antitassetai	G0498	V-PMI-3S	ἀντιτάσσω	to resist	opposes,	NA28+NA27+Tyn+SBL+WH+Treg+TR+Byz	
5	5	17	NKO	ταπεινοῖς	tapeinois	G5011	A-DPM	ταπεινός	lowly	to [the] humble	NA28+NA27+Tyn+SBL+WH+Treg+TR+Byz	
5	5	18	NKO	δὲ	de	G1161	CONJ	δέ	but/and	however	NA28+NA27+Tyn+SBL+WH+Treg+TR+Byz	
5	5	19	NKO	δίδωσιν	didōsin	G1325	V-PAI-3S	δίδωμι	to give	He gives	NA28+NA27+Tyn+SBL+WH+Treg+TR+Byz	
5	5	20	NKO	χάριν.	charin	G5485	N-ASF	χάρις	grace	grace.	NA28+NA27+Tyn+SBL+WH+Treg+TR+Byz	
5	6	1	NKO	ταπεινώθητε	tapeinōthēte	G5013	V-APM-2P	ταπεινόω	to humble	do be humbled	NA28+NA27+Tyn+SBL+WH+Treg+TR+Byz	
5	6	2	NKO	οὖν	oun	G3767	CONJ	οὖν	therefore/then	therefore	NA28+NA27+Tyn+SBL+WH+Treg+TR+Byz	
5	6	3	NKO	ὑπὸ	hupo	G5259H	PREP	ὑπό	by/under	under	NA28+NA27+Tyn+SBL+WH+Treg+TR+Byz	
5	6	4	NKO	τὴν	tēn	G3588	T-ASF	ὁ	the/this/who	the	NA28+NA27+Tyn+SBL+WH+Treg+TR+Byz	
5	6	5	NKO	κραταιὰν	krataian	G2900	A-ASF	κραταιός	mighty	mighty	NA28+NA27+Tyn+SBL+WH+Treg+TR+Byz	
5	6	6	NKO	χεῖρα	cheira	G5495	N-ASF	χείρ	hand	hand	NA28+NA27+Tyn+SBL+WH+Treg+TR+Byz	
5	6	7	NKO	τοῦ	tou	G3588	T-GSM	ὁ	the/this/who	<the>	NA28+NA27+Tyn+SBL+WH+Treg+TR+Byz	
5	6	8	NKO	θεοῦ,	theou	G2316	N-GSM-T	θεός	God	of God,	NA28+NA27+Tyn+SBL+WH+Treg+TR+Byz	
5	6	9	NKO	ἵνα	ina	G2443	CONJ	ἵνα	in order that/to	so that	NA28+NA27+Tyn+SBL+WH+Treg+TR+Byz	
5	6	10	NKO	ὑμᾶς	humas	G4771	P-2AP	σύ	you	you	NA28+NA27+Tyn+SBL+WH+Treg+TR+Byz	
5	6	11	NKO	ὑψώσῃ	hupsōsē	G5312	V-AAS-3S	ὑψόω	to lift up	He may exalt	NA28+NA27+Tyn+SBL+WH+Treg+TR+Byz	
5	6	12	NKO	ἐν	en	G1722	PREP	ἐν	in/on/among	in	NA28+NA27+Tyn+SBL+WH+Treg+TR+Byz	
5	6	13	NKO	καιρῷ,	kairō	G2540	N-DSM	καιρός	time/right time	[due] time,	NA28+NA27+Tyn+SBL+WH+Treg+TR+Byz	
5	7	1	NKO	πᾶσαν	pasan	G3956	A-ASF	πᾶς	all	all	NA28+NA27+Tyn+SBL+WH+Treg+TR+Byz	
5	7	2	NKO	τὴν	tēn	G3588	T-ASF	ὁ	the/this/who	the	NA28+NA27+Tyn+SBL+WH+Treg+TR+Byz	
5	7	3	NKO	μέριμναν	merimnan	G3308	N-ASF	μέριμνα	concern	anxiety	NA28+NA27+Tyn+SBL+WH+Treg+TR+Byz	
5	7	4	NKO	ὑμῶν	humōn	G4771	P-2GP	σύ	you	of you	NA28+NA27+Tyn+SBL+WH+Treg+TR+Byz	
5	7	5	NKO	ἐπιρίψαντες	epiripsantes	G1977	V-AAP-NPM	ἐπιρρίπτω	to throw on	having cast	NA28+NA27+Tyn+SBL+WH+Treg+TR+Byz	
5	7	6	NKO	ἐπ᾽	ep᾽	G1909	PREP	ἐπί	upon/to/against	upon	NA28+NA27+Tyn+SBL+WH+Treg+TR+Byz	
5	7	7	NKO	αὐτόν,	auton	G0846	P-ASM	αὐτός	he/she/it/self	Him,	NA28+NA27+Tyn+SBL+WH+Treg+TR+Byz	
5	7	8	NKO	ὅτι	hoti	G3754H	CONJ	ὅτι	that/since	because	NA28+NA27+Tyn+SBL+WH+Treg+TR+Byz	
5	7	9	NKO	αὐτῷ	autō	G0846	P-DSM	αὐτός	he/she/it/self	with Him	NA28+NA27+Tyn+SBL+WH+Treg+TR+Byz	
5	7	10	NKO	μέλει	melei	G3199	V-PAI-3S	μέλω	to concern	there is care	NA28+NA27+Tyn+SBL+WH+Treg+TR+Byz	
5	7	11	NKO	περὶ	peri	G4012	PREP	περί	about	about	NA28+NA27+Tyn+SBL+WH+Treg+TR+Byz	
5	7	12	NKO	ὑμῶν.¶	humōn	G4771	P-2GP	σύ	you	you.	NA28+NA27+Tyn+SBL+WH+Treg+TR+Byz	
5	8	1	NKO	νήψατε,	nēpsate	G3525	V-AAM-2P	νήφω	be sober	do be sober-minded,	NA28+NA27+Tyn+SBL+WH+Treg+TR+Byz	
5	8	2	NKO	γρηγορήσατε	grēgorēsate	G1127	V-AAM-2P	γρηγορέω	to keep watch	do watch	NA28+NA27+Tyn+SBL+WH+Treg+TR+Byz	
5	8	3	k	ὅτι,	hoti	G3754G	CONJ	ὅτι	that/since	that	TR	
5	8	4	NKO	ὁ	ho	G3588	T-NSM	ὁ	the/this/who	The	NA28+NA27+Tyn+SBL+WH+Treg+TR+Byz	
5	8	5	NKO	ἀντίδικος	antidikos	G0476	N-NSM	ἀντίδικος	opponent	adversary	NA28+NA27+Tyn+SBL+WH+Treg+TR+Byz	
5	8	6	NKO	ὑμῶν	humōn	G4771	P-2GP	σύ	you	of You	NA28+NA27+Tyn+SBL+WH+Treg+TR+Byz	
5	8	7	NKO	διάβολος	diabolos	G1228	A-NSM	διάβολος	devilish/the Devil	[the] devil	NA28+NA27+Tyn+SBL+WH+Treg+TR+Byz	
5	8	8	NKO	ὡς	hōs	G5613	PRT	ὡς	which/how	as	NA28+NA27+Tyn+SBL+WH+Treg+TR+Byz	
5	8	9	NKO	λέων	leōn	G3023	N-NSM	λέων	lion	a lion	NA28+NA27+Tyn+SBL+WH+Treg+TR+Byz	
5	8	10	NKO	ὠρυόμενος	ōruomenos	G5612	V-PNP-NSM	ὠρύομαι	to roar	roaring	NA28+NA27+Tyn+SBL+WH+Treg+TR+Byz	
5	8	11	NKO	περιπατεῖ	peripatei	G4043	V-PAI-3S	περιπατέω	to walk	he prowls about	NA28+NA27+Tyn+SBL+WH+Treg+TR+Byz	
5	8	12	NKO	ζητῶν	zētōn	G2212	V-PAP-NSM	ζητέω	to seek	seeking	NA28+NA27+Tyn+SBL+WH+Treg+TR+Byz	
5	8	13	N(k)O	τινα	tina	G5100	X-ASM	τις	one	whom	NA28+NA27+SBL	
5	8	14	N(k)O	καταπιεῖν·	katapiein	G2666	V-2AAN	καταπίνω	to swallow	to devour;	NA28+NA27+Tyn+SBL+WH+Treg	
5	9	1	NKO	ᾧ	hō	G3739	R-DSM	ὅς, ἥ	which	whom	NA28+NA27+Tyn+SBL+WH+Treg+TR+Byz	
5	9	2	NKO	ἀντίστητε	antistēte	G0436	V-2AAM-2P	ἀνθίστημι	to oppose	do resist	NA28+NA27+Tyn+SBL+WH+Treg+TR+Byz	
5	9	3	NKO	στερεοὶ	stereoi	G4731	A-NPM	στερεός	strong	firm	NA28+NA27+Tyn+SBL+WH+Treg+TR+Byz	
5	9	4	NKO	τῇ	tēa	G3588	T-DSF	ὁ	the/this/who	in the	NA28+NA27+Tyn+SBL+WH+Treg+TR+Byz	
5	9	5	NKO	πίστει	pistei	G4102G	N-DSF	πίστις	faith	faith	NA28+NA27+Tyn+SBL+WH+Treg+TR+Byz	
5	9	6	NKO	εἰδότες	eidotes	G6063	V-RAP-NPM	εἴδω	to perceive	knowing	NA28+NA27+Tyn+SBL+WH+Treg+TR+Byz	
5	9	7	NKO	τὰ	ta	G3588	T-APN	ὁ	the/this/who	the	NA28+NA27+Tyn+SBL+WH+Treg+TR+Byz	
5	9	8	NKO	αὐτὰ	auta	G0846	P-APN	αὐτός	he/she/it/self	same	NA28+NA27+Tyn+SBL+WH+Treg+TR+Byz	
5	9	9	NKO	τῶν	tōn	G3588	T-GPN	ὁ	the/this/who	<the>	NA28+NA27+Tyn+SBL+WH+Treg+TR+Byz	
5	9	10	NKO	παθημάτων	pathēmatōn	G3804	N-GPN	πάθημα	suffering	sufferings	NA28+NA27+Tyn+SBL+WH+Treg+TR+Byz	
5	9	11	NKO	τῇ	tēa	G3588	T-DSF	ὁ	the/this/who	<the>	NA28+NA27+Tyn+SBL+WH+Treg+TR+Byz	
5	9	12	NKO	ἐν	en	G1722	PREP	ἐν	in/on/among	throughout	NA28+NA27+Tyn+SBL+WH+Treg+TR+Byz	
5	9	13	no	τῷ	tō	G3588	T-DSM	ὁ	the/this/who	the	NA27+SBL+WH+Treg	
5	9	14	NKO	κόσμῳ	kosmō	G2889	N-DSM	κόσμος	world	world	NA28+NA27+Tyn+SBL+WH+Treg+TR+Byz	
5	9	15	NKO	ὑμῶν	humōn	G4771	P-2GP	σύ	you	in your	NA28+NA27+Tyn+SBL+WH+Treg+TR+Byz	
5	9	16	NKO	ἀδελφότητι	adelphotēti	G0081	N-DSF	ἀδελφότης	brotherhood	brotherhood	NA28+NA27+Tyn+SBL+WH+Treg+TR+Byz	
5	9	17	NKO	ἐπιτελεῖσθαι.¶	epiteleisthai	G2005	V-PPN	ἐπιτελέω	to complete	[is] being accomplished.	NA28+NA27+Tyn+SBL+WH+Treg+TR+Byz	
5	10	1	NKO	Ὁ	Ho	G3588	T-NSM	ὁ	the/this/who	The	NA28+NA27+Tyn+SBL+WH+Treg+TR+Byz	
5	10	2	NKO	δὲ	de	G1161	CONJ	δέ	but/and	now	NA28+NA27+Tyn+SBL+WH+Treg+TR+Byz	
5	10	3	NKO	θεὸς	theos	G2316	N-NSM-T	θεός	God	God	NA28+NA27+Tyn+SBL+WH+Treg+TR+Byz	
5	10	4	NKO	πάσης	pasēs	G3956	A-GSF	πᾶς	all	of all	NA28+NA27+Tyn+SBL+WH+Treg+TR+Byz	
5	10	5	NKO	χάριτος	charitos	G5485	N-GSF	χάρις	grace	grace	NA28+NA27+Tyn+SBL+WH+Treg+TR+Byz	
5	10	6	NKO	ὁ	ho	G3588	T-NSM	ὁ	the/this/who	the [one]	NA28+NA27+Tyn+SBL+WH+Treg+TR+Byz	
5	10	7	NKO	καλέσας	kalesas	G2564G	V-AAP-NSM	καλέω	to call	having called	NA28+NA27+Tyn+SBL+WH+Treg+TR+Byz	
5	10	8	N(K)O	ὑμᾶς	humas	G4771	P-2AP	σύ	you	you	NA28+NA27+Tyn+SBL+WH+Treg+Byz	
5	10	9	NKO	εἰς	eis	G1519	PREP	εἰς	toward	to	NA28+NA27+Tyn+SBL+WH+Treg+TR+Byz	
5	10	10	NKO	τὴν	tēn	G3588	T-ASF	ὁ	the/this/who	the	NA28+NA27+Tyn+SBL+WH+Treg+TR+Byz	
5	10	11	NKO	αἰώνιον	aiōnion	G0166	A-ASF	αἰώνιος	eternal	eternal	NA28+NA27+Tyn+SBL+WH+Treg+TR+Byz	
5	10	12	NKO	αὐτοῦ	autou	G0846	P-GSM	αὐτός	he/she/it/self	of Him	NA28+NA27+Tyn+SBL+WH+Treg+TR+Byz	
5	10	13	NKO	δόξαν	doxan	G1391	N-ASF	δόξα	glory	glory	NA28+NA27+Tyn+SBL+WH+Treg+TR+Byz	
5	10	14	NKO	ἐν	en	G1722	PREP	ἐν	in/on/among	in	NA28+NA27+Tyn+SBL+WH+Treg+TR+Byz	
5	10	15	NKO	Χριστῷ	Christō	G5547	N-DSM-T	Χριστός	Christ	Christ	NA28+NA27+Tyn+SBL+WH+Treg+TR+Byz	
5	10	16	NKO	Ἰησοῦ,	Iēsou	G2424G	N-DSM-P	Ἰησοῦς	Jesus/Joshua	Jesus	NA27+Treg+TR+Byz	
5	10	17	NKO	ὀλίγον	oligon	G3641	A-ASN	ὀλίγος	little/few	a little while	NA28+NA27+Tyn+SBL+WH+Treg+TR+Byz	
5	10	18	NKO	παθόντας	pathontas	G3958	V-2AAP-APM	πάσχω	to suffer	[of you] having suffered	NA28+NA27+Tyn+SBL+WH+Treg+TR+Byz	
5	10	19	NKO	αὐτὸς	autos	G0846	P-NSM	αὐτός	he/she/it/self	He Himself	NA28+NA27+Tyn+SBL+WH+Treg+TR+Byz	
5	10	20	N(k)O	καταρτίσει	katartisei	G2675	V-FAI-3S	καταρτίζω	to complete	will perfect	NA28+NA27+Tyn+SBL+WH+Treg	
5	10	21	k	ὑμᾶς,	humas	G4771	P-2AP	σύ	you	you	TR+Byz	
5	10	22	N(k)O	στηρίξει,	stērixei	G4741	V-FAI-3S	στηρίζω	to establish	he will confirm [you],	NA28+NA27+Tyn+SBL+WH+Treg+Byz	
5	10	23	N(k)O	σθενώσει,	sthenōsei	G4599	V-FAI-3S	σθενόω	to strengthen	he will strengthen [you],	NA28+NA27+Tyn+SBL+WH+Treg+Byz	
5	10	24	N(k)O	θεμελιώσει.	themeliōsei	G2311	V-FAI-3S	θεμελιόω	to found	[and] he will establish [you].	NA28+NA27+Tyn+SBL+Byz	
5	11	1	NKO	αὐτῷ	autō	G0846	P-DSM	αὐτός	he/she/it/self	To Him [be]	NA28+NA27+Tyn+SBL+WH+Treg+TR+Byz	
5	11	2	K	ἡ	hē	G3588	T-NSF	ὁ	the/this/who	the	TR+Byz	
5	11	3	K	δόξα	doxa	G1391	N-NSF	δόξα	glory	glory	TR+Byz	
5	11	4	K	καὶ	kai	G2532	CONJ	καί	and	and	TR+Byz	
5	11	5	NKO	τὸ	to	G3588	T-NSN	ὁ	the/this/who	the	NA28+NA27+Tyn+SBL+WH+Treg+TR+Byz	
5	11	6	NKO	κράτος	kratos	G2904	N-NSN	κράτος	power	power	NA28+NA27+Tyn+SBL+WH+Treg+TR+Byz	
5	11	7	NKO	εἰς	eis	G1519	PREP	εἰς	toward	to	NA28+NA27+Tyn+SBL+WH+Treg+TR+Byz	
5	11	8	NKO	τοὺς	tous	G3588	T-APM	ὁ	the/this/who	the	NA28+NA27+Tyn+SBL+WH+Treg+TR+Byz	
5	11	9	NKO	αἰῶνας	aiōnas	G0165H	N-APM	αἰών	an age	ages	NA28+NA27+Tyn+SBL+WH+Treg+TR+Byz	
5	11	10	ko	τῶν	tōn	G3588	T-GPM	ὁ	the/this/who	of the	Tyn+SBL+Treg+TR+Byz	
5	11	11	KO	αἰώνων.	aiōnōn	G0165H	N-GPM	αἰών	an age	ages.	Tyn+SBL+Treg+TR+Byz	
5	11	12	NKO	ἀμήν.¶	amēn	G0281	INJ-HEB	ἀμήν	amen	Amen..	NA28+NA27+Tyn+SBL+WH+Treg+TR+Byz	
5	12	1	NKO	Διὰ	Dia	G1223	PREP	διά	through/because of	Through	NA28+NA27+Tyn+SBL+WH+Treg+TR+Byz	
5	12	2	NKO	Σιλουανοῦ	Silouanou	G4610	N-GSM-P	Σιλουανός	Silas/Silvanus	Silvanus	NA28+NA27+Tyn+SBL+WH+Treg+TR+Byz	
5	12	3	NKO	ὑμῖν	humin	G4771	P-2DP	σύ	you	to you	NA28+NA27+Tyn+SBL+WH+Treg+TR+Byz	
5	12	4	NKO	τοῦ	tou	G3588	T-GSM	ὁ	the/this/who	the	NA28+NA27+Tyn+SBL+WH+Treg+TR+Byz	
5	12	5	NKO	πιστοῦ	pistou	G4103	A-GSM	πιστός	faithful	faithful	NA28+NA27+Tyn+SBL+WH+Treg+TR+Byz	
5	12	6	NKO	ἀδελφοῦ,	adelphou	G0080	N-GSM	ἀδελφός	brother	brother	NA28+NA27+Tyn+SBL+WH+Treg+TR+Byz	
5	12	7	NKO	ὡς	hōs	G5613	PRT	ὡς	which/how	as	NA28+NA27+Tyn+SBL+WH+Treg+TR+Byz	
5	12	8	NKO	λογίζομαι,	logizomai	G3049	V-PNI-1S	λογίζομαι	to count	I regard [him],	NA28+NA27+Tyn+SBL+WH+Treg+TR+Byz	
5	12	9	NKO	δι᾽	di᾽	G1223	PREP	διά	through/because of	through	NA28+NA27+Tyn+SBL+WH+Treg+TR+Byz	
5	12	10	NKO	ὀλίγων	oligōn	G3641	A-GPN	ὀλίγος	little/few	few [words]	NA28+NA27+Tyn+SBL+WH+Treg+TR+Byz	
5	12	11	NKO	ἔγραψα	egrapsa	G1125	V-2AAI-1S	γράφω	to write	I have written	NA28+NA27+Tyn+SBL+WH+Treg+TR+Byz	
5	12	12	NKO	παρακαλῶν	parakalōn	G3870	V-PAP-NSM	παρακαλέω	to plead/comfort	exhorting	NA28+NA27+Tyn+SBL+WH+Treg+TR+Byz	
5	12	13	NKO	καὶ	kai	G2532	CONJ	καί	and	and	NA28+NA27+Tyn+SBL+WH+Treg+TR+Byz	
5	12	14	NKO	ἐπιμαρτυρῶν	epimarturōn	G1957	V-PAP-NSM	ἐπιμαρτυρέω	to testify to	testifying	NA28+NA27+Tyn+SBL+WH+Treg+TR+Byz	
5	12	15	NKO	ταύτην	tautēn	G3778	D-ASF	οὗτος	this/he/she/it	this	NA28+NA27+Tyn+SBL+WH+Treg+TR+Byz	
5	12	16	NKO	εἶναι	einai	G1511	V-PAN	εἰμί	to be	to be	NA28+NA27+Tyn+SBL+WH+Treg+TR+Byz	
5	12	17	NKO	ἀληθῆ	alēthē	G0227	A-ASF	ἀληθής	true	[the] true	NA28+NA27+Tyn+SBL+WH+Treg+TR+Byz	
5	12	18	NKO	χάριν	charin	G5485	N-ASF	χάρις	grace	grace	NA28+NA27+Tyn+SBL+WH+Treg+TR+Byz	
5	12	19	NKO	τοῦ	tou	G3588	T-GSM	ὁ	the/this/who	<the>	NA28+NA27+Tyn+SBL+WH+Treg+TR+Byz	
5	12	20	NKO	θεοῦ,	theou	G2316	N-GSM-T	θεός	God	of God,	NA28+NA27+Tyn+SBL+WH+Treg+TR+Byz	
5	12	21	NKO	εἰς	eis	G1519	PREP	εἰς	toward	in	NA28+NA27+Tyn+SBL+WH+Treg+TR+Byz	
5	12	22	NKO	ἣν	hēn	G3739	R-ASF	ὅς, ἥ	which	which	NA28+NA27+Tyn+SBL+WH+Treg+TR+Byz	
5	12	23	N(k)O	στῆτε.¶	stēte	G2476	V-2AAM-2P	ἵστημι	to stand	do stand firm.	NA28+NA27+Tyn+SBL+WH+Treg	
5	13	1	NKO	Ἀσπάζεται	Aspazetai	G0782	V-PNI-3S	ἀσπάζομαι	to pay respects to	Greets	NA28+NA27+Tyn+SBL+WH+Treg+TR+Byz	
5	13	2	NKO	ὑμᾶς	humas	G4771	P-2AP	σύ	you	you	NA28+NA27+Tyn+SBL+WH+Treg+TR+Byz	
5	13	3	NKO	ἡ	hē	G3588	T-NSF	ὁ	the/this/who	she	NA28+NA27+Tyn+SBL+WH+Treg+TR+Byz	
5	13	4	NKO	ἐν	en	G1722	PREP	ἐν	in/on/among	in	NA28+NA27+Tyn+SBL+WH+Treg+TR+Byz	
5	13	5	NKO	Βαβυλῶνι	Babulōni	G0897	N-DSF-L	Βαβυλών	Babylon	Babylon	NA28+NA27+Tyn+SBL+WH+Treg+TR+Byz	
5	13	6	NKO	συνεκλεκτὴ	suneklektē	G4899	A-NSF	συνεκλεκτός	chosen with	elected with [you]	NA28+NA27+Tyn+SBL+WH+Treg+TR+Byz	
5	13	7	NKO	καὶ	kai	G2532	CONJ	καί	and	and	NA28+NA27+Tyn+SBL+WH+Treg+TR+Byz	
5	13	8	NKO	Μᾶρκος	Markos	G3138	N-NSM-P	Μάρκος	Mark	Mark	NA28+NA27+Tyn+SBL+WH+Treg+TR+Byz	
5	13	9	NKO	ὁ	ho	G3588	T-NSM	ὁ	the/this/who	the	NA28+NA27+Tyn+SBL+WH+Treg+TR+Byz	
5	13	10	NKO	υἱός	huios	G5207	N-NSM	υἱός	son	son	NA28+NA27+Tyn+SBL+WH+Treg+TR+Byz	
5	13	11	NKO	μου.¶	mou	G3165	P-1GS	ἐγώ	I/we	of mine.	NA28+NA27+Tyn+SBL+WH+Treg+TR+Byz	
5	14	1	NKO	ἀσπάσασθε	aspasasthe	G0782	V-ADM-2P	ἀσπάζομαι	to pay respects to	do greet	NA28+NA27+Tyn+SBL+WH+Treg+TR+Byz	
5	14	2	NKO	ἀλλήλους	allēlous	G0240	C-APM	ἀλλήλων	one another	one another	NA28+NA27+Tyn+SBL+WH+Treg+TR+Byz	
5	14	3	NKO	ἐν	en	G1722	PREP	ἐν	in/on/among	with	NA28+NA27+Tyn+SBL+WH+Treg+TR+Byz	
5	14	4	NKO	φιλήματι	philēmati	G5370	N-DSN	φίλημα	kiss	a kiss	NA28+NA27+Tyn+SBL+WH+Treg+TR+Byz	
5	14	5	NKO	ἀγάπης.	agapēs	G0026	N-GSF	ἀγάπη	love	of love.	NA28+NA27+Tyn+SBL+WH+Treg+TR+Byz	
5	14	6	NKO	εἰρήνη	eirēnē	G1515	N-NSF	εἰρήνη	peace	Peace [be]	NA28+NA27+Tyn+SBL+WH+Treg+TR+Byz	
5	14	7	NKO	ὑμῖν	humin	G4771	P-2DP	σύ	you	to you	NA28+NA27+Tyn+SBL+WH+Treg+TR+Byz	
5	14	8	NKO	πᾶσιν	pasin	G3956	A-DPM	πᾶς	all	all	NA28+NA27+Tyn+SBL+WH+Treg+TR+Byz	
5	14	9	NKO	τοῖς	tois	G3588	T-DPM	ὁ	the/this/who	who [are]	NA28+NA27+Tyn+SBL+WH+Treg+TR+Byz	
5	14	10	NKO	ἐν	en	G1722	PREP	ἐν	in/on/among	in	NA28+NA27+Tyn+SBL+WH+Treg+TR+Byz	
5	14	11	NKO	Χριστῷ	Christō	G5547	N-DSM-T	Χριστός	Christ	Christ	NA28+NA27+Tyn+SBL+WH+Treg+TR+Byz	
5	14	12	K	Ἰησοῦ.	Iēsou	G2424G	N-DSM-P	Ἰησοῦς	Jesus/Joshua	Jesus.	TR+Byz	
5	14	13	K	ἀμήν.¶	amēn	G0281	INJ-HEB	ἀμήν	amen	Amen.	TR+Byz	
