chapter	verse	word	type	surface	translit	strongs	morph	lemma	gloss	translation	editions	alt
1	1	1	NKO	Παῦλος	Paulos	G3972G	N-NSM-P	Παῦλος	Paul	Paul	NA28+NA27+Tyn+SBL+WH+Treg+TR+Byz	
1	1	2	NKO	καὶ	kai	G2532	CONJ	καί	and	and	NA28+NA27+Tyn+SBL+WH+Treg+TR+Byz	
1	1	3	NKO	Σιλουανὸς	Silouanos	G4610	N-NSM-P	Σιλουανός	Silas/Silvanus	Silvanus	NA28+NA27+Tyn+SBL+WH+Treg+TR+Byz	
1	1	4	NKO	καὶ	kai	G2532	CONJ	καί	and	and	NA28+NA27+Tyn+SBL+WH+Treg+TR+Byz	
1	1	5	NKO	Τιμόθεος	Timotheos	G5095	N-NSM-P	Τιμόθεος	Timothy	Timothy	NA28+NA27+Tyn+SBL+WH+Treg+TR+Byz	
1	1	6	NKO	τῇ	tēa	G3588	T-DSF	ὁ	the/this/who	To the	NA28+NA27+Tyn+SBL+WH+Treg+TR+Byz	
1	1	7	NKO	ἐκκλησίᾳ	ekklēsia	G1577	N-DSF	ἐκκλησία	assembly	church	NA28+NA27+Tyn+SBL+WH+Treg+TR+Byz	
1	1	8	NKO	Θεσσαλονικέων	Thessalonikeōn	G2331	N-GPM-LG	Θεσσαλονικεύς	Thessalonian	of the Thessalonians	NA28+NA27+Tyn+SBL+WH+Treg+TR+Byz	
1	1	9	NKO	ἐν	en	G1722	PREP	ἐν	in/on/among	in	NA28+NA27+Tyn+SBL+WH+Treg+TR+Byz	
1	1	10	NKO	θεῷ	theō	G2316	N-DSM-T	θεός	God	God	NA28+NA27+Tyn+SBL+WH+Treg+TR+Byz	
1	1	11	NKO	πατρὶ	patri	G3962	N-DSM-T	πατήρ	father	[the] Father	NA28+NA27+Tyn+SBL+WH+Treg+TR+Byz	
1	1	12	NKO	καὶ	kai	G2532	CONJ	καί	and	and	NA28+NA27+Tyn+SBL+WH+Treg+TR+Byz	
1	1	13	NKO	κυρίῳ	kuriō	G2962G	N-DSM-T	κύριος	lord	in [the] Lord	NA28+NA27+Tyn+SBL+WH+Treg+TR+Byz	
1	1	14	NKO	Ἰησοῦ	Iēsou	G2424G	N-DSM-P	Ἰησοῦς	Jesus/Joshua	Jesus	NA28+NA27+Tyn+SBL+WH+Treg+TR+Byz	
1	1	15	NKO	Χριστῷ·	Christō	G5547	N-DSM-T	Χριστός	Christ	Christ:	NA28+NA27+Tyn+SBL+WH+Treg+TR+Byz	
1	1	16	NKO	χάρις	charis	G5485	N-NSF	χάρις	grace	Grace	NA28+NA27+Tyn+SBL+WH+Treg+TR+Byz	
1	1	17	NKO	ὑμῖν	humin	G4771	P-2DP	σύ	you	to you	NA28+NA27+Tyn+SBL+WH+Treg+TR+Byz	
1	1	18	NKO	καὶ	kai	G2532	CONJ	καί	and	and	NA28+NA27+Tyn+SBL+WH+Treg+TR+Byz	
1	1	19	NKO	εἰρήνη	eirēnē	G1515	N-NSF	εἰρήνη	peace	peace	NA28+NA27+Tyn+SBL+WH+Treg+TR+Byz	
1	1	20	K	ἀπὸ	apo	G0575	PREP	ἀπό	away from	from	TR+Byz	
1	1	21	K	θεοῦ	theou	G2316	N-GSM-T	θεός	God	of God	TR+Byz	
1	1	22	K	πατρὸς	patros	G3962	N-GSM-T	πατήρ	father	Father	TR+Byz	
1	1	23	K	ἡμῶν	hēmōn	G3165	P-1GP	ἐγώ	I/we	of us	TR+Byz	
1	1	24	K	καὶ	kai	G2532	CONJ	καί	and	and	TR+Byz	
1	1	25	K	κυρίου	kuriou	G2962G	N-GSM-T	κύριος	lord	Lord	TR+Byz	
1	1	26	K	Ἰησοῦ	Iēsou	G2424G	N-GSM-P	Ἰησοῦς	Jesus/Joshua	Jesus	TR+Byz	
1	1	27	K	Χριστοῦ.¶	Christou	G5547	N-GSM-T	Χριστός	Christ	Christ.	TR+Byz	
1	2	1	NKO	Εὐχαριστοῦμεν	Eucharistoumen	G2168	V-PAI-1P	εὐχαριστέω	to thank	We give thanks	NA28+NA27+Tyn+SBL+WH+Treg+TR+Byz	
1	2	2	NKO	τῷ	tō	G3588	T-DSM	ὁ	the/this/who	<the>	NA28+NA27+Tyn+SBL+WH+Treg+TR+Byz	
1	2	3	NKO	θεῷ	theō	G2316	N-DSM-T	θεός	God	to God	NA28+NA27+Tyn+SBL+WH+Treg+TR+Byz	
1	2	4	NKO	πάντοτε	pantote	G3842	ADV	πάντοτε	always	always	NA28+NA27+Tyn+SBL+WH+Treg+TR+Byz	
1	2	5	NKO	περὶ	peri	G4012	PREP	περί	about	concerning	NA28+NA27+Tyn+SBL+WH+Treg+TR+Byz	
1	2	6	NKO	πάντων	pantōn	G3956	A-GPM	πᾶς	all	all	NA28+NA27+Tyn+SBL+WH+Treg+TR+Byz	
1	2	7	NKO	ὑμῶν	humōn	G4771	P-2GP	σύ	you	of you	NA28+NA27+Tyn+SBL+WH+Treg+TR+Byz	
1	2	8	NKO	μνείαν	mneian	G3417	N-ASF	μνεία	remembrance	mention	NA28+NA27+Tyn+SBL+WH+Treg+TR+Byz	
1	2	9	k	ὑμῶν	humōn	G4771	P-2GP	σύ	you	of you	TR+Byz	
1	2	10	NKO	ποιούμενοι	poioumenoi	G4160G	V-PMP-NPM	ποιέω	to do/make	making	NA28+NA27+Tyn+SBL+WH+Treg+TR+Byz	
1	2	11	NKO	ἐπὶ	epi	G1909	PREP	ἐπί	upon/to/against	in	NA28+NA27+Tyn+SBL+WH+Treg+TR+Byz	
1	2	12	NKO	τῶν	tōn	G3588	T-GPF	ὁ	the/this/who	the	NA28+NA27+Tyn+SBL+WH+Treg+TR+Byz	
1	2	13	NKO	προσευχῶν	proseuchōn	G4335	N-GPF	προσευχή	prayer	prayers	NA28+NA27+Tyn+SBL+WH+Treg+TR+Byz	
1	2	14	NKO	ἡμῶν,	hēmōn	G3165	P-1GP	ἐγώ	I/we	of us,	NA28+NA27+Tyn+SBL+WH+Treg+TR+Byz	
1	2	15	NKO	ἀδιαλείπτως	adialeiptōs	G0089	ADV	ἀδιαλείπτως	unceasingly	[3] unceasingly	NA28+NA27+Tyn+SBL+WH+Treg+TR+Byz	1.2[1.3]
1	3	1	NKO	μνημονεύοντες	mnēmoneuontes	G3421	V-PAP-NPM	μνημονεύω	to remember	remembering	NA28+NA27+Tyn+SBL+WH+Treg+TR+Byz	
1	3	2	NKO	ὑμῶν	humōn	G4771	P-2GP	σύ	you	your	NA28+NA27+Tyn+SBL+WH+Treg+TR+Byz	
1	3	3	NKO	τοῦ	tou	G3588	T-GSN	ὁ	the/this/who	<the>	NA28+NA27+Tyn+SBL+WH+Treg+TR+Byz	
1	3	4	NKO	ἔργου	ergou	G2041	N-GSN	ἔργον	work	work	NA28+NA27+Tyn+SBL+WH+Treg+TR+Byz	
1	3	5	NKO	τῆς	tēs	G3588	T-GSF	ὁ	the/this/who	<the>	NA28+NA27+Tyn+SBL+WH+Treg+TR+Byz	
1	3	6	NKO	πίστεως	pisteōs	G4102G	N-GSF	πίστις	faith	of faith	NA28+NA27+Tyn+SBL+WH+Treg+TR+Byz	
1	3	7	NKO	καὶ	kai	G2532	CONJ	καί	and	and	NA28+NA27+Tyn+SBL+WH+Treg+TR+Byz	
1	3	8	NKO	τοῦ	tou	G3588	T-GSM	ὁ	the/this/who	<the>	NA28+NA27+Tyn+SBL+WH+Treg+TR+Byz	
1	3	9	NKO	κόπου	kopou	G2873	N-GSM	κόπος	labor	labor	NA28+NA27+Tyn+SBL+WH+Treg+TR+Byz	
1	3	10	NKO	τῆς	tēs	G3588	T-GSF	ὁ	the/this/who	<the>	NA28+NA27+Tyn+SBL+WH+Treg+TR+Byz	
1	3	11	NKO	ἀγάπης	agapēs	G0026	N-GSF	ἀγάπη	love	of love	NA28+NA27+Tyn+SBL+WH+Treg+TR+Byz	
1	3	12	NKO	καὶ	kai	G2532	CONJ	καί	and	and	NA28+NA27+Tyn+SBL+WH+Treg+TR+Byz	
1	3	13	NKO	τῆς	tēs	G3588	T-GSF	ὁ	the/this/who	the	NA28+NA27+Tyn+SBL+WH+Treg+TR+Byz	
1	3	14	NKO	ὑπομονῆς	hupomonēs	G5281	N-GSF	ὑπομονή	perseverance	endurance	NA28+NA27+Tyn+SBL+WH+Treg+TR+Byz	
1	3	15	NKO	τῆς	tēs	G3588	T-GSF	ὁ	the/this/who	of the	NA28+NA27+Tyn+SBL+WH+Treg+TR+Byz	
1	3	16	NKO	ἐλπίδος	elpidos	G1680	N-GSF	ἐλπίς	hope	hope	NA28+NA27+Tyn+SBL+WH+Treg+TR+Byz	
1	3	17	NKO	τοῦ	tou	G3588	T-GSM	ὁ	the/this/who	of the	NA28+NA27+Tyn+SBL+WH+Treg+TR+Byz	
1	3	18	NKO	κυρίου	kuriou	G2962G	N-GSM-T	κύριος	lord	Lord	NA28+NA27+Tyn+SBL+WH+Treg+TR+Byz	
1	3	19	NKO	ἡμῶν	hēmōn	G3165	P-1GP	ἐγώ	I/we	of us	NA28+NA27+Tyn+SBL+WH+Treg+TR+Byz	
1	3	20	NKO	Ἰησοῦ	Iēsou	G2424G	N-GSM-P	Ἰησοῦς	Jesus/Joshua	Jesus	NA28+NA27+Tyn+SBL+WH+Treg+TR+Byz	
1	3	21	NKO	Χριστοῦ	Christou	G5547	N-GSM-T	Χριστός	Christ	Christ	NA28+NA27+Tyn+SBL+WH+Treg+TR+Byz	
1	3	22	NKO	ἔμπροσθεν	emprosthen	G1715	PREP	ἔμπροσθεν	before	before	NA28+NA27+Tyn+SBL+WH+Treg+TR+Byz	
1	3	23	NKO	τοῦ	tou	G3588	T-GSM	ὁ	the/this/who	the	NA28+NA27+Tyn+SBL+WH+Treg+TR+Byz	
1	3	24	NKO	θεοῦ	theou	G2316	N-GSM-T	θεός	God	God	NA28+NA27+Tyn+SBL+WH+Treg+TR+Byz	
1	3	25	NKO	καὶ	kai	G2532	CONJ	καί	and	and	NA28+NA27+Tyn+SBL+WH+Treg+TR+Byz	
1	3	26	NKO	πατρὸς	patros	G3962	N-GSM-T	πατήρ	father	Father	NA28+NA27+Tyn+SBL+WH+Treg+TR+Byz	
1	3	27	NKO	ἡμῶν·	hēmōn	G3165	P-1GP	ἐγώ	I/we	of us;	NA28+NA27+Tyn+SBL+WH+Treg+TR+Byz	
1	4	1	NKO	εἰδότες,	eidotes	G6063	V-RAP-NPM	εἴδω	to perceive	knowing,	NA28+NA27+Tyn+SBL+WH+Treg+TR+Byz	
1	4	2	NKO	ἀδελφοὶ	adelphoi	G0080	N-VPM	ἀδελφός	brother	brothers	NA28+NA27+Tyn+SBL+WH+Treg+TR+Byz	
1	4	3	NKO	ἠγαπημένοι	ēgapēmenoi	G0025	V-RPP-VPM	ἀγαπάω	to love	beloved	NA28+NA27+Tyn+SBL+WH+Treg+TR+Byz	
1	4	4	NKO	ὑπὸ	hupo	G5259G	PREP	ὑπό	by/under	by	NA28+NA27+Tyn+SBL+WH+Treg+TR+Byz	
1	4	5	no	τοῦ	tou	G3588	T-GSM	ὁ	the/this/who	<the>	NA28+NA27+WH	
1	4	6	NKO	θεοῦ,	theou	G2316	N-GSM-T	θεός	God	God,	NA28+NA27+Tyn+SBL+WH+Treg+TR+Byz	
1	4	7	NKO	τὴν	tēn	G3588	T-ASF	ὁ	the/this/who	the	NA28+NA27+Tyn+SBL+WH+Treg+TR+Byz	
1	4	8	NKO	ἐκλογὴν	eklogēn	G1589	N-ASF	ἐκλογή	selecting	election	NA28+NA27+Tyn+SBL+WH+Treg+TR+Byz	
1	4	9	NKO	ὑμῶν·	humōn	G4771	P-2GP	σύ	you	of you;	NA28+NA27+Tyn+SBL+WH+Treg+TR+Byz	
1	5	1	NKO	ὅτι	hoti	G3754H	CONJ	ὅτι	that/since	because	NA28+NA27+Tyn+SBL+WH+Treg+TR+Byz	
1	5	2	NKO	τὸ	to	G3588	T-NSN	ὁ	the/this/who	the	NA28+NA27+Tyn+SBL+WH+Treg+TR+Byz	
1	5	3	NKO	εὐαγγέλιον	euangelion	G2098	N-NSN	εὐαγγέλιον	gospel	gospel	NA28+NA27+Tyn+SBL+WH+Treg+TR+Byz	
1	5	4	NKO	ἡμῶν	hēmōn	G3165	P-1GP	ἐγώ	I/we	of us	NA28+NA27+Tyn+SBL+WH+Treg+TR+Byz	
1	5	5	NKO	οὐκ	ouk	G3756	PRT-N	οὐ	no	not	NA28+NA27+Tyn+SBL+WH+Treg+TR+Byz	
1	5	6	NKO	ἐγενήθη	egenēthē	G1096	V-2AOI-3S	γίνομαι	to be	came	NA28+NA27+Tyn+SBL+WH+Treg+TR+Byz	
1	5	7	NKO	εἰς	eis	G1519	PREP	εἰς	toward	to	NA28+NA27+Tyn+SBL+WH+Treg+TR+Byz	
1	5	8	NKO	ὑμᾶς	humas	G4771	P-2AP	σύ	you	you	NA28+NA27+Tyn+SBL+WH+Treg+TR+Byz	
1	5	9	NKO	ἐν	en	G1722	PREP	ἐν	in/on/among	in	NA28+NA27+Tyn+SBL+WH+Treg+TR+Byz	
1	5	10	NKO	λόγῳ	logō	G3056	N-DSM	λόγος	word	word	NA28+NA27+Tyn+SBL+WH+Treg+TR+Byz	
1	5	11	NKO	μόνον	monon	G3441	A-ASN	μόνος	alone	only	NA28+NA27+Tyn+SBL+WH+Treg+TR+Byz	
1	5	12	NKO	ἀλλὰ	alla	G0235	CONJ	ἀλλά	but	but	NA28+NA27+Tyn+SBL+WH+Treg+TR+Byz	
1	5	13	NKO	καὶ	kai	G2532	CONJ	καί	and	also	NA28+NA27+Tyn+SBL+WH+Treg+TR+Byz	
1	5	14	NKO	ἐν	en	G1722	PREP	ἐν	in/on/among	in	NA28+NA27+Tyn+SBL+WH+Treg+TR+Byz	
1	5	15	NKO	δυνάμει	dunamei	G1411	N-DSF	δύναμις	power	power	NA28+NA27+Tyn+SBL+WH+Treg+TR+Byz	
1	5	16	NKO	καὶ	kai	G2532	CONJ	καί	and	and	NA28+NA27+Tyn+SBL+WH+Treg+TR+Byz	
1	5	17	NKO	ἐν	en	G1722	PREP	ἐν	in/on/among	in	NA28+NA27+Tyn+SBL+WH+Treg+TR+Byz	
1	5	18	NKO	πνεύματι	pneumati	G4151G	N-DSN	πνεῦμα	spirit/breath	[the] Spirit	NA28+NA27+Tyn+SBL+WH+Treg+TR+Byz	
1	5	19	NKO	ἁγίῳ	hagiō	G0040G	A-DSN	ἅγιος	holy	Holy	NA28+NA27+Tyn+SBL+WH+Treg+TR+Byz	
1	5	20	NKO	καὶ	kai	G2532	CONJ	καί	and	and	NA28+NA27+Tyn+SBL+WH+Treg+TR+Byz	
1	5	21	NKO	ἐν	en	G1722	PREP	ἐν	in/on/among	with	NA28+NA27+Tyn+Treg+TR+Byz	
1	5	22	NKO	πληροφορίᾳ	plērophoria	G4136	N-DSF	πληροφορία	assurance	full assurance	NA28+NA27+Tyn+SBL+WH+Treg+TR+Byz	
1	5	23	NKO	πολλῇ	pollēa	G4183	A-DSF	πολύς	much	much	NA28+NA27+Tyn+SBL+WH+Treg+TR+Byz	
1	5	24	NKO	καθὼς	kathōs	G2531	CONJ	καθώς	as/just as	even as	NA28+NA27+Tyn+SBL+WH+Treg+TR+Byz	
1	5	25	NKO	οἴδατε	oidate	G6063	V-RAI-2P	εἴδω	to perceive	you know	NA28+NA27+Tyn+SBL+WH+Treg+TR+Byz	
1	5	26	NKO	οἷοι	hoioi	G3634	K-NPM	οἷος	such as	what	NA28+NA27+Tyn+SBL+WH+Treg+TR+Byz	
1	5	27	NKO	ἐγενήθημεν	egenēthēmen	G1096	V-2AOI-1P	γίνομαι	to be	we were	NA28+NA27+Tyn+SBL+WH+Treg+TR+Byz	
1	5	28	NKO	ἐν	en	G1722	PREP	ἐν	in/on/among	among	NA28+NA27+Tyn+SBL+Treg+TR+Byz	
1	5	29	NKO	ὑμῖν	humin	G4771	P-2DP	σύ	you	you	NA28+NA27+Tyn+SBL+WH+Treg+TR+Byz	
1	5	30	NKO	δι᾽	di᾽	G1223	PREP	διά	through/because of	on account of	NA28+NA27+Tyn+SBL+WH+Treg+TR+Byz	
1	5	31	NKO	ὑμᾶς·	humas	G4771	P-2AP	σύ	you	you;	NA28+NA27+Tyn+SBL+WH+Treg+TR+Byz	
1	6	1	NKO	καὶ	kai	G2532	CONJ	καί	and	And	NA28+NA27+Tyn+SBL+WH+Treg+TR+Byz	
1	6	2	NKO	ὑμεῖς	humeis	G4771	P-2NP	σύ	you	you yourselves	NA28+NA27+Tyn+SBL+WH+Treg+TR+Byz	
1	6	3	NKO	μιμηταὶ	mimētai	G3402	N-NPM	μιμητής	imitator	imitators	NA28+NA27+Tyn+SBL+WH+Treg+TR+Byz	
1	6	4	NKO	ἡμῶν	hēmōn	G3165	P-1GP	ἐγώ	I/we	of us	NA28+NA27+Tyn+SBL+WH+Treg+TR+Byz	
1	6	5	NKO	ἐγενήθητε	egenēthēte	G1096	V-2AOI-2P	γίνομαι	to be	became	NA28+NA27+Tyn+SBL+WH+Treg+TR+Byz	
1	6	6	NKO	καὶ	kai	G2532	CONJ	καί	and	and	NA28+NA27+Tyn+SBL+WH+Treg+TR+Byz	
1	6	7	NKO	τοῦ	tou	G3588	T-GSM	ὁ	the/this/who	of the	NA28+NA27+Tyn+SBL+WH+Treg+TR+Byz	
1	6	8	NKO	κυρίου	kuriou	G2962G	N-GSM-T	κύριος	lord	Lord	NA28+NA27+Tyn+SBL+WH+Treg+TR+Byz	
1	6	9	NKO	δεξάμενοι	dexamenoi	G1209	V-ADP-NPM	δέχομαι	to receive	having received	NA28+NA27+Tyn+SBL+WH+Treg+TR+Byz	
1	6	10	NKO	τὸν	ton	G3588	T-ASM	ὁ	the/this/who	the	NA28+NA27+Tyn+SBL+WH+Treg+TR+Byz	
1	6	11	NKO	λόγον	logon	G3056	N-ASM	λόγος	word	word	NA28+NA27+Tyn+SBL+WH+Treg+TR+Byz	
1	6	12	NKO	ἐν	en	G1722	PREP	ἐν	in/on/among	in	NA28+NA27+Tyn+SBL+WH+Treg+TR+Byz	
1	6	13	NKO	θλίψει	thlipsei	G2347	N-DSF	θλῖψις	pressure	tribulation	NA28+NA27+Tyn+SBL+WH+Treg+TR+Byz	
1	6	14	NKO	πολλῇ	pollēa	G4183	A-DSF	πολύς	much	much	NA28+NA27+Tyn+SBL+WH+Treg+TR+Byz	
1	6	15	NKO	μετὰ	meta	G3326	PREP	μετά	with/after	with	NA28+NA27+Tyn+SBL+WH+Treg+TR+Byz	
1	6	16	NKO	χαρᾶς	charas	G5479	N-GSF	χαρά	joy	[the] joy	NA28+NA27+Tyn+SBL+WH+Treg+TR+Byz	
1	6	17	NKO	πνεύματος	pneumatos	G4151G	N-GSN	πνεῦμα	spirit/breath	of [the] Spirit	NA28+NA27+Tyn+SBL+WH+Treg+TR+Byz	
1	6	18	NKO	ἁγίου,	hagiou	G0040G	A-GSN	ἅγιος	holy	Holy,	NA28+NA27+Tyn+SBL+WH+Treg+TR+Byz	
1	7	1	NKO	ὥστε	hōste	G5620	CONJ	ὥστε	so	so as for	NA28+NA27+Tyn+SBL+WH+Treg+TR+Byz	
1	7	2	NKO	γενέσθαι	genesthai	G1096	V-2ADN	γίνομαι	to be	to became	NA28+NA27+Tyn+SBL+WH+Treg+TR+Byz	
1	7	3	NKO	ὑμᾶς	humas	G4771	P-2AP	σύ	you	you	NA28+NA27+Tyn+SBL+WH+Treg+TR+Byz	
1	7	4	N(K)O	τύπον	tupon	G5179	N-ASM	τύπος	mark/example	an example	NA28+NA27+Tyn+SBL+WH+Treg	
1	7	5	NKO	πᾶσιν	pasin	G3956	A-DPM	πᾶς	all	to all	NA28+NA27+Tyn+SBL+WH+Treg+TR+Byz	
1	7	6	NKO	τοῖς	tois	G3588	T-DPM	ὁ	the/this/who	the	NA28+NA27+Tyn+SBL+WH+Treg+TR+Byz	
1	7	7	NKO	πιστεύουσιν	pisteuousin	G4100	V-PAP-DPM	πιστεύω	to trust (in)	believing [ones]	NA28+NA27+Tyn+SBL+WH+Treg+TR+Byz	
1	7	8	NKO	ἐν	en	G1722	PREP	ἐν	in/on/among	in	NA28+NA27+Tyn+SBL+WH+Treg+TR+Byz	
1	7	9	NKO	τῇ	tēa	G3588	T-DSF	ὁ	the/this/who	<the>	NA28+NA27+Tyn+SBL+WH+Treg+TR+Byz	
1	7	10	NKO	Μακεδονίᾳ	Makedonia	G3109	N-DSF-L	Μακεδονία	Macedonia	Macedonia	NA28+NA27+Tyn+SBL+WH+Treg+TR+Byz	
1	7	11	NKO	καὶ	kai	G2532	CONJ	καί	and	and	NA28+NA27+Tyn+SBL+WH+Treg+TR+Byz	
1	7	12	no	ἐν	en	G1722	PREP	ἐν	in/on/among	in	NA28+NA27+Tyn+SBL+WH+Treg	
1	7	13	NKO	τῇ	tēa	G3588	T-DSF	ὁ	the/this/who	<the>	NA28+NA27+Tyn+SBL+WH+Treg+TR+Byz	
1	7	14	NKO	Ἀχαΐᾳ.	Achaia	G0882	N-DSF-L	Ἀχαΐα	Achaia	Achaia.	NA28+NA27+Tyn+SBL+WH+Treg+TR+Byz	
1	8	1	NKO	ἀφ᾽	aph᾽	G0575	PREP	ἀπό	away from	From	NA28+NA27+Tyn+SBL+WH+Treg+TR+Byz	
1	8	2	NKO	ὑμῶν	humōn	G4771	P-2GP	σύ	you	you	NA28+NA27+Tyn+SBL+WH+Treg+TR+Byz	
1	8	3	NKO	γὰρ	gar	G1063	CONJ	γάρ	for	for	NA28+NA27+Tyn+SBL+WH+Treg+TR+Byz	
1	8	4	NKO	ἐξήχηται	exēchētai	G1837	V-RPI-3S	ἐξηχέω	to ring/sound out	has sounded forth	NA28+NA27+Tyn+SBL+WH+Treg+TR+Byz	
1	8	5	NKO	ὁ	ho	G3588	T-NSM	ὁ	the/this/who	the	NA28+NA27+Tyn+SBL+WH+Treg+TR+Byz	
1	8	6	NKO	λόγος	logos	G3056	N-NSM	λόγος	word	word	NA28+NA27+Tyn+SBL+WH+Treg+TR+Byz	
1	8	7	NKO	τοῦ	tou	G3588	T-GSM	ὁ	the/this/who	of the	NA28+NA27+Tyn+SBL+WH+Treg+TR+Byz	
1	8	8	NKO	κυρίου	kuriou	G2962G	N-GSM-T	κύριος	lord	Lord	NA28+NA27+Tyn+SBL+WH+Treg+TR+Byz	
1	8	9	NKO	οὐ	ou	G3756	PRT-N	οὐ	no	not	NA28+NA27+Tyn+SBL+WH+Treg+TR+Byz	
1	8	10	NKO	μόνον	monon	G3441	A-ASN	μόνος	alone	only	NA28+NA27+Tyn+SBL+WH+Treg+TR+Byz	
1	8	11	NKO	ἐν	en	G1722	PREP	ἐν	in/on/among	in	NA28+NA27+Tyn+SBL+WH+Treg+TR+Byz	
1	8	12	NKO	τῇ	tēa	G3588	T-DSF	ὁ	the/this/who	<the>	NA28+NA27+Tyn+SBL+WH+Treg+TR+Byz	
1	8	13	NKO	Μακεδονίᾳ	Makedonia	G3109	N-DSF-L	Μακεδονία	Macedonia	Macedonia	NA28+NA27+Tyn+SBL+WH+Treg+TR+Byz	
1	8	14	NKO	καὶ	kai	G2532	CONJ	καί	and	and	NA28+NA27+Tyn+SBL+WH+Treg+TR+Byz	
1	8	15	no	ἐν	en	G1722	PREP	ἐν	in/on/among	in	NA28+NA27+Tyn+Byz+KJV	
1	8	16	no	τῇ	tēa	G3588	T-DSF	ὁ	the/this/who	<the>	NA28+NA27+Tyn+Byz+KJV	
1	8	17	NKO	Ἀχαΐᾳ,	Achaia	G0882	N-DSF-L	Ἀχαΐα	Achaia	Achaia,	NA28+NA27+Tyn+SBL+WH+Treg+TR+Byz	
1	8	18	NKO	ἀλλ᾽	all᾽	G0235	CONJ	ἀλλά	but	but	NA28+NA27+Tyn+SBL+WH+Treg+TR+Byz	
1	8	19	k	καὶ	kai	G2532	CONJ	καί	and	also	TR+Byz	
1	8	20	NKO	ἐν	en	G1722	PREP	ἐν	in/on/among	in	NA28+NA27+Tyn+SBL+WH+Treg+TR+Byz	
1	8	21	NKO	παντὶ	panti	G3956	A-DSM	πᾶς	all	every	NA28+NA27+Tyn+SBL+WH+Treg+TR+Byz	
1	8	22	NKO	τόπῳ	topō	G5117	N-DSM	τόπος	place	place	NA28+NA27+Tyn+SBL+WH+Treg+TR+Byz	
1	8	23	NKO	ἡ	hē	G3588	T-NSF	ὁ	the/this/who	the	NA28+NA27+Tyn+SBL+WH+Treg+TR+Byz	
1	8	24	NKO	πίστις	pistis	G4102G	N-NSF	πίστις	faith	faith	NA28+NA27+Tyn+SBL+WH+Treg+TR+Byz	
1	8	25	NKO	ὑμῶν	humōn	G4771	P-2GP	σύ	you	of you	NA28+NA27+Tyn+SBL+WH+Treg+TR+Byz	
1	8	26	NKO	ἡ	hē	G3588	T-NSF	ὁ	the/this/who	<the>	NA28+NA27+Tyn+SBL+WH+Treg+TR+Byz	
1	8	27	NKO	πρὸς	pros	G4314	PREP	πρός	to/with	toward	NA28+NA27+Tyn+SBL+WH+Treg+TR+Byz	
1	8	28	NKO	τὸν	ton	G3588	T-ASM	ὁ	the/this/who	<the>	NA28+NA27+Tyn+SBL+WH+Treg+TR+Byz	
1	8	29	NKO	θεὸν	theon	G2316	N-ASM-T	θεός	God	God	NA28+NA27+Tyn+SBL+WH+Treg+TR+Byz	
1	8	30	NKO	ἐξελήλυθεν,	exelēluthen	G1831	V-2RAI-3S	ἐξέρχομαι	to go out	has gone abroad,	NA28+NA27+Tyn+SBL+WH+Treg+TR+Byz	
1	8	31	NKO	ὥστε	hōste	G5620	CONJ	ὥστε	so	so as for	NA28+NA27+Tyn+SBL+WH+Treg+TR+Byz	
1	8	32	NKO	μὴ	mē	G3361	PRT-N	μή	not	not	NA28+NA27+Tyn+SBL+WH+Treg+TR+Byz	
1	8	33	NKO	χρείαν	chreian	G5532	N-ASF	χρεία	need	need	NA28+NA27+Tyn+SBL+WH+Treg+TR+Byz	
1	8	34	NKO	ἔχειν	echein	G2192	V-PAN	ἔχω	to have/be	to have	NA28+NA27+Tyn+SBL+WH+Treg+TR»1+Byz»1	
1	8	35	NKO	ἡμᾶς	hēmas	G3165	P-1AP	ἐγώ	I/we	us	NA28+NA27+Tyn+SBL+WH+Treg+TR+Byz	
1	8	36	NKO	λαλεῖν	lalein	G2980	V-PAN	λαλέω	to speak	to say	NA28+NA27+Tyn+SBL+WH+Treg+TR+Byz	
1	8	37	NKO	τι.	ti	G5100	X-ASN	τις	one	anything.	NA28+NA27+Tyn+SBL+WH+Treg+TR+Byz	
1	9	1	NKO	αὐτοὶ	autoi	G0846	P-NPM	αὐτός	he/she/it/self	They themselves	NA28+NA27+Tyn+SBL+WH+Treg+TR+Byz	
1	9	2	NKO	γὰρ	gar	G1063	CONJ	γάρ	for	for	NA28+NA27+Tyn+SBL+WH+Treg+TR+Byz	
1	9	3	NKO	περὶ	peri	G4012	PREP	περί	about	concerning	NA28+NA27+Tyn+SBL+WH+Treg+TR+Byz	
1	9	4	NKO	ἡμῶν	hēmōn	G3165	P-1GP	ἐγώ	I/we	us	NA28+NA27+Tyn+SBL+WH+Treg+TR+Byz	
1	9	5	NKO	ἀπαγγέλλουσιν	apangellousin	G0518	V-PAI-3P	ἀπαγγέλλω	to announce	report	NA28+NA27+Tyn+SBL+WH+Treg+TR+Byz	
1	9	6	NKO	ὁποίαν	hopoian	G3697	I-ASF	ὁποῖος	what sort	what	NA28+NA27+Tyn+SBL+WH+Treg+TR+Byz	
1	9	7	NKO	εἴσοδον	eisodon	G1529	N-ASF	εἴσοδος	entry	reception	NA28+NA27+Tyn+SBL+WH+Treg+TR+Byz	
1	9	8	N(k)O	ἔσχομεν	eschomen	G2192	V-2AAI-1P	ἔχω	to have/be	we had	NA28+NA27+Tyn+SBL+WH+Treg+Byz	
1	9	9	NKO	πρὸς	pros	G4314	PREP	πρός	to/with	from	NA28+NA27+Tyn+SBL+WH+Treg+TR+Byz	
1	9	10	NKO	ὑμᾶς,	humas	G4771	P-2AP	σύ	you	you,	NA28+NA27+Tyn+SBL+WH+Treg+TR+Byz	
1	9	11	NKO	καὶ	kai	G2532	CONJ	καί	and	and	NA28+NA27+Tyn+SBL+WH+Treg+TR+Byz	
1	9	12	NKO	πῶς	pōs	G4459	PRT-I	πως	how?!	how	NA28+NA27+Tyn+SBL+WH+Treg+TR+Byz	
1	9	13	NKO	ἐπεστρέψατε	epestrepsate	G1994	V-2AAI-2P	ἐπιστρέφω	to turn	you turned	NA28+NA27+Tyn+SBL+WH+Treg+TR+Byz	
1	9	14	NKO	πρὸς	pros	G4314	PREP	πρός	to/with	to	NA28+NA27+Tyn+SBL+WH+Treg+TR+Byz	
1	9	15	NKO	τὸν	ton	G3588	T-ASM	ὁ	the/this/who	<the>	NA28+NA27+Tyn+SBL+WH+Treg+TR+Byz	
1	9	16	NKO	θεὸν	theon	G2316	N-ASM-T	θεός	God	God	NA28+NA27+Tyn+SBL+WH+Treg+TR+Byz	
1	9	17	NKO	ἀπὸ	apo	G0575	PREP	ἀπό	away from	from	NA28+NA27+Tyn+SBL+WH+Treg+TR+Byz	
1	9	18	NKO	τῶν	tōn	G3588	T-GPN	ὁ	the/this/who	<the>	NA28+NA27+Tyn+SBL+WH+Treg+TR+Byz	
1	9	19	NKO	εἰδώλων	eidōlōn	G1497	N-GPN	εἴδωλον	idol	idols	NA28+NA27+Tyn+SBL+WH+Treg+TR+Byz	
1	9	20	NKO	δουλεύειν	douleuein	G1398	V-PAN	δουλεύω	be a slave	to serve	NA28+NA27+Tyn+SBL+WH+Treg+TR+Byz	
1	9	21	NKO	θεῷ	theō	G2316	N-DSM-T	θεός	God	[the] God	NA28+NA27+Tyn+SBL+WH+Treg+TR+Byz	
1	9	22	NKO	ζῶντι	zōnti	G2198	V-PAP-DSM	ζάω	to live	living	NA28+NA27+Tyn+SBL+WH+Treg+TR+Byz	
1	9	23	NKO	καὶ	kai	G2532	CONJ	καί	and	and	NA28+NA27+Tyn+SBL+WH+Treg+TR+Byz	
1	9	24	NKO	ἀληθινῷ	alēthinō	G0228	A-DSM	ἀληθινός	true	true	NA28+NA27+Tyn+SBL+WH+Treg+TR+Byz	
1	10	1	NKO	καὶ	kai	G2532	CONJ	καί	and	and	NA28+NA27+Tyn+SBL+WH+Treg+TR+Byz	
1	10	2	NKO	ἀναμένειν	anamenein	G0362	V-PAN	ἀναμένω	to await	to await	NA28+NA27+Tyn+SBL+WH+Treg+TR+Byz	
1	10	3	NKO	τὸν	ton	G3588	T-ASM	ὁ	the/this/who	the	NA28+NA27+Tyn+SBL+WH+Treg+TR+Byz	
1	10	4	NKO	υἱὸν	huion	G5207	N-ASM	υἱός	son	Son	NA28+NA27+Tyn+SBL+WH+Treg+TR+Byz	
1	10	5	NKO	αὐτοῦ	autou	G0846	P-GSM	αὐτός	he/she/it/self	of Him	NA28+NA27+Tyn+SBL+WH+Treg+TR+Byz	
1	10	6	NKO	ἐκ	ek	G1537	PREP	ἐκ	out from	from	NA28+NA27+Tyn+SBL+WH+Treg+TR+Byz	
1	10	7	NKO	τῶν	tōn	G3588	T-GPM	ὁ	the/this/who	the	NA28+NA27+Tyn+SBL+WH+Treg+TR+Byz	
1	10	8	NKO	οὐρανῶν,	ouranōn	G3772	N-GPM	οὐρανός	heaven	heavens,	NA28+NA27+Tyn+SBL+WH+Treg+TR+Byz	
1	10	9	NKO	ὃν	hon	G3739	R-ASM	ὅς, ἥ	which	whom	NA28+NA27+Tyn+SBL+WH+Treg+TR+Byz	
1	10	10	NKO	ἤγειρεν	ēgeiren	G1453	V-AAI-3S	ἐγείρω	to arise	He raised	NA28+NA27+Tyn+SBL+WH+Treg+TR+Byz	
1	10	11	NKO	ἐκ	ek	G1537	PREP	ἐκ	out from	out from	NA28+NA27+Tyn+SBL+WH+Treg+TR+Byz	
1	10	12	NKO	τῶν	tōn	G3588	T-GPM	ὁ	the/this/who	the	NA28+NA27+Tyn+SBL+WH+Treg+Byz+KJV	
1	10	13	NKO	νεκρῶν,	nekrōn	G3498	A-GPM	νεκρός	dead	dead,	NA28+NA27+Tyn+SBL+WH+Treg+TR+Byz	
1	10	14	NKO	Ἰησοῦν	Iēsoun	G2424G	N-ASM-P	Ἰησοῦς	Jesus/Joshua	Jesus	NA28+NA27+Tyn+SBL+WH+Treg+TR+Byz	
1	10	15	NKO	τὸν	ton	G3588	T-ASM	ὁ	the/this/who	who	NA28+NA27+Tyn+SBL+WH+Treg+TR+Byz	
1	10	16	NKO	ῥυόμενον	rhuomenon	G4506	V-PNP-ASM	ῥύομαι	to deliver	is delivering	NA28+NA27+Tyn+SBL+WH+Treg+TR+Byz	
1	10	17	NKO	ἡμᾶς	hēmas	G3165	P-1AP	ἐγώ	I/we	us	NA28+NA27+Tyn+SBL+WH+Treg+TR+Byz	
1	10	18	N(k)O	ἐκ	ek	G1537	PREP	ἐκ	out from	from	NA28+NA27+Tyn+SBL+WH+Treg	
1	10	19	NKO	τῆς	tēs	G3588	T-GSF	ὁ	the/this/who	the	NA28+NA27+Tyn+SBL+WH+Treg+TR+Byz	
1	10	20	NKO	ὀργῆς	orgēs	G3709	N-GSF	ὀργή	wrath	wrath	NA28+NA27+Tyn+SBL+WH+Treg+TR+Byz	
1	10	21	NKO	τῆς	tēs	G3588	T-GSF	ὁ	the/this/who	which	NA28+NA27+Tyn+SBL+WH+Treg+TR+Byz	
1	10	22	NKO	ἐρχομένης.¶	erchomenēs	G2064	V-PNP-GSF	ἔρχομαι	to come/go	is coming.	NA28+NA27+Tyn+SBL+WH+Treg+TR+Byz	
2	1	1	NKO	Αὐτοὶ	Autoi	G0846	P-NPM	αὐτός	he/she/it/self	You yourselves	NA28+NA27+Tyn+SBL+WH+Treg+TR+Byz	
2	1	2	NKO	γὰρ	gar	G1063	CONJ	γάρ	for	for	NA28+NA27+Tyn+SBL+WH+Treg+TR+Byz	
2	1	3	NKO	οἴδατε,	oidate	G6063	V-RAI-2P	εἴδω	to perceive	know,	NA28+NA27+Tyn+SBL+WH+Treg+TR+Byz	
2	1	4	NKO	ἀδελφοί,	adelphoi	G0080	N-VPM	ἀδελφός	brother	brothers,	NA28+NA27+Tyn+SBL+WH+Treg+TR+Byz	
2	1	5	NKO	τὴν	tēn	G3588	T-ASF	ὁ	the/this/who	the	NA28+NA27+Tyn+SBL+WH+Treg+TR+Byz	
2	1	6	NKO	εἴσοδον	eisodon	G1529	N-ASF	εἴσοδος	entry	coming	NA28+NA27+Tyn+SBL+WH+Treg+TR+Byz	
2	1	7	NKO	ἡμῶν	hēmōn	G3165	P-1GP	ἐγώ	I/we	of us	NA28+NA27+Tyn+SBL+WH+Treg+TR+Byz	
2	1	8	NKO	τὴν	tēn	G3588	T-ASF	ὁ	the/this/who	<the>	NA28+NA27+Tyn+SBL+WH+Treg+TR+Byz	
2	1	9	NKO	πρὸς	pros	G4314	PREP	πρός	to/with	to	NA28+NA27+Tyn+SBL+WH+Treg+TR+Byz	
2	1	10	NKO	ὑμᾶς	humas	G4771	P-2AP	σύ	you	you	NA28+NA27+Tyn+SBL+WH+Treg+TR+Byz	
2	1	11	NKO	ὅτι	hoti	G3754G	CONJ	ὅτι	that/since	that	NA28+NA27+Tyn+SBL+WH+Treg+TR+Byz	
2	1	12	NKO	οὐ	ou	G3756	PRT-N	οὐ	no	not	NA28+NA27+Tyn+SBL+WH+Treg+TR+Byz	
2	1	13	NKO	κενὴ	kenē	G2756	A-NSF	κενός	empty	in vain	NA28+NA27+Tyn+SBL+WH+Treg+TR+Byz	
2	1	14	NKO	γέγονεν·	gegonen	G1096	V-2RAI-3S	γίνομαι	to be	has been;	NA28+NA27+Tyn+SBL+WH+Treg+TR+Byz	
2	2	1	NKO	ἀλλὰ	alla	G0235	CONJ	ἀλλά	but	but	NA28+NA27+Tyn+SBL+WH+Treg+TR+Byz	
2	2	2	k	καὶ	kai	G2532	CONJ	καί	and	and	TR	
2	2	3	NKO	προπαθόντες	propathontes	G4310	V-2AAP-NPM	προπάσχω	to suffer before	having previously suffered	NA28+NA27+Tyn+SBL+WH+Treg+TR+Byz	
2	2	4	NKO	καὶ	kai	G2532	CONJ	καί	and	and	NA28+NA27+Tyn+SBL+WH+Treg+TR+Byz	
2	2	5	NKO	ὑβρισθέντες,	hubristhentes	G5195	V-APP-NPM	ὑβρίζω	to mistreat	having been mistreated	NA28+NA27+Tyn+SBL+WH+Treg+TR+Byz	
2	2	6	NKO	καθὼς	kathōs	G2531	CONJ	καθώς	as/just as	even as	NA28+NA27+Tyn+SBL+WH+Treg+TR+Byz	
2	2	7	NKO	οἴδατε,	oidate	G6063	V-RAI-2P	εἴδω	to perceive	you know,	NA28+NA27+Tyn+SBL+WH+Treg+TR+Byz	
2	2	8	NKO	ἐν	en	G1722	PREP	ἐν	in/on/among	in	NA28+NA27+Tyn+SBL+WH+Treg+TR+Byz	
2	2	9	NKO	Φιλίπποις,	Philippois	G5375	N-DPM-L	Φίλιπποι	Philippi	Philippi,	NA28+NA27+Tyn+SBL+WH+Treg+TR+Byz	
2	2	10	NKO	ἐπαρρησιασάμεθα	eparrēsiasametha	G3955	V-ADI-1P	παρρησιάζομαι	to preach boldly	we had boldness	NA28+NA27+Tyn+SBL+WH+Treg+TR+Byz	
2	2	11	NKO	ἐν	en	G1722	PREP	ἐν	in/on/among	in	NA28+NA27+Tyn+SBL+WH+Treg+TR+Byz	
2	2	12	NKO	τῷ	tō	G3588	T-DSM	ὁ	the/this/who	the	NA28+NA27+Tyn+SBL+WH+Treg+TR+Byz	
2	2	13	NKO	θεῷ	theō	G2316	N-DSM-T	θεός	God	God	NA28+NA27+Tyn+SBL+WH+Treg+TR+Byz	
2	2	14	NKO	ἡμῶν	hēmōn	G3165	P-1GP	ἐγώ	I/we	of us	NA28+NA27+Tyn+SBL+WH+Treg+TR+Byz	
2	2	15	NKO	λαλῆσαι	lalēsai	G2980	V-AAN	λαλέω	to speak	to speak	NA28+NA27+Tyn+SBL+WH+Treg+TR+Byz	
2	2	16	NKO	πρὸς	pros	G4314	PREP	πρός	to/with	to	NA28+NA27+Tyn+SBL+WH+Treg+TR+Byz	
2	2	17	NKO	ὑμᾶς	humas	G4771	P-2AP	σύ	you	you	NA28+NA27+Tyn+SBL+WH+Treg+TR+Byz	
2	2	18	NKO	τὸ	to	G3588	T-ASN	ὁ	the/this/who	the	NA28+NA27+Tyn+SBL+WH+Treg+TR+Byz	
2	2	19	NKO	εὐαγγέλιον	euangelion	G2098	N-ASN	εὐαγγέλιον	gospel	gospel	NA28+NA27+Tyn+SBL+WH+Treg+TR+Byz	
2	2	20	NKO	τοῦ	tou	G3588	T-GSM	ὁ	the/this/who	<the>	NA28+NA27+Tyn+SBL+WH+Treg+TR+Byz	
2	2	21	NKO	θεοῦ	theou	G2316	N-GSM-T	θεός	God	of God	NA28+NA27+Tyn+SBL+WH+Treg+TR+Byz	
2	2	22	NKO	ἐν	en	G1722	PREP	ἐν	in/on/among	amid	NA28+NA27+Tyn+SBL+WH+Treg+TR+Byz	
2	2	23	NKO	πολλῷ	pollō	G4183	A-DSM	πολύς	much	much	NA28+NA27+Tyn+SBL+WH+Treg+TR+Byz	
2	2	24	NKO	ἀγῶνι.	agōni	G0073	N-DSM	ἀγών	fight	conflict.	NA28+NA27+Tyn+SBL+WH+Treg+TR+Byz	
2	3	1	NKO	ἡ	hē	G3588	T-NSF	ὁ	the/this/who	<the>	NA28+NA27+Tyn+SBL+WH+Treg+TR+Byz	
2	3	2	NKO	γὰρ	gar	G1063	CONJ	γάρ	for	For	NA28+NA27+Tyn+SBL+WH+Treg+TR+Byz	
2	3	3	NKO	παράκλησις	paraklēsis	G3874	N-NSF	παράκλησις	encouragement	the exhortation	NA28+NA27+Tyn+SBL+WH+Treg+TR+Byz	
2	3	4	NKO	ἡμῶν	hēmōn	G3165	P-1GP	ἐγώ	I/we	of us	NA28+NA27+Tyn+SBL+WH+Treg+TR+Byz	
2	3	5	NKO	οὐκ	ouk	G3756	PRT-N	οὐ	no	[is] not	NA28+NA27+Tyn+SBL+WH+Treg+TR+Byz	
2	3	6	NKO	ἐκ	ek	G1537	PREP	ἐκ	out from	of	NA28+NA27+Tyn+SBL+WH+Treg+TR+Byz	
2	3	7	NKO	πλάνης	planēs	G4106	N-GSF	πλάνη	error	error	NA28+NA27+Tyn+SBL+WH+Treg+TR+Byz	
2	3	8	NKO	οὐδὲ	oude	G3761	CONJ-N	οὐδέ	and not	nor	NA28+NA27+Tyn+SBL+WH+Treg+TR+Byz	
2	3	9	NKO	ἐξ	ex	G1537	PREP	ἐκ	out from	of	NA28+NA27+Tyn+SBL+WH+Treg+TR+Byz	
2	3	10	NKO	ἀκαθαρσίας	akatharsias	G0167	N-GSF	ἀκαθαρσία	impurity	impurity	NA28+NA27+Tyn+SBL+WH+Treg+TR+Byz	
2	3	11	N(k)O	οὐδὲ	oude	G3761	CONJ-N	οὐδέ	and not	nor	NA28+NA27+Tyn+SBL+WH+Treg	
2	3	12	NKO	ἐν	en	G1722	PREP	ἐν	in/on/among	in	NA28+NA27+Tyn+SBL+WH+Treg+TR+Byz	
2	3	13	NKO	δόλῳ·	dolō	G1388	N-DSM	δόλος	deceit	trickery;	NA28+NA27+Tyn+SBL+WH+Treg+TR+Byz	
2	4	1	NKO	ἀλλὰ	alla	G0235	CONJ	ἀλλά	but	but	NA28+NA27+Tyn+SBL+WH+Treg+TR+Byz	
2	4	2	NKO	καθὼς	kathōs	G2531	CONJ	καθώς	as/just as	even as	NA28+NA27+Tyn+SBL+WH+Treg+TR+Byz	
2	4	3	NKO	δεδοκιμάσμεθα	dedokimasmetha	G1381	V-RPI-1P	δοκιμάζω	to test	we have been approved	NA28+NA27+Tyn+SBL+WH+Treg+TR+Byz	
2	4	4	NKO	ὑπὸ	hupo	G5259G	PREP	ὑπό	by/under	by	NA28+NA27+Tyn+SBL+WH+Treg+TR+Byz	
2	4	5	NKO	τοῦ	tou	G3588	T-GSM	ὁ	the/this/who	<the>	NA28+NA27+Tyn+SBL+WH+Treg+TR+Byz	
2	4	6	NKO	θεοῦ	theou	G2316	N-GSM-T	θεός	God	God	NA28+NA27+Tyn+SBL+WH+Treg+TR+Byz	
2	4	7	NKO	πιστευθῆναι	pisteuthēnai	G4100	V-APN	πιστεύω	to trust (in)	to be entrusted with	NA28+NA27+Tyn+SBL+WH+Treg+TR+Byz	
2	4	8	NKO	τὸ	to	G3588	T-ASN	ὁ	the/this/who	the	NA28+NA27+Tyn+SBL+WH+Treg+TR+Byz	
2	4	9	NKO	εὐαγγέλιον,	euangelion	G2098	N-ASN	εὐαγγέλιον	gospel	gospel,	NA28+NA27+Tyn+SBL+WH+Treg+TR+Byz	
2	4	10	NKO	οὕτως	houtōs	G3779	ADV	οὕτω, οὕτως	thus(-ly)	so	NA28+NA27+Tyn+SBL+WH+Treg+TR+Byz	
2	4	11	NKO	λαλοῦμεν,	laloumen	G2980	V-PAI-1P	λαλέω	to speak	we speak,	NA28+NA27+Tyn+SBL+WH+Treg+TR+Byz	
2	4	12	NKO	οὐχ	ouch	G3756	PRT-N	οὐ	no	not	NA28+NA27+Tyn+SBL+WH+Treg+TR+Byz	
2	4	13	NKO	ὡς	hōs	G5613	PRT	ὡς	which/how	as	NA28+NA27+Tyn+SBL+WH+Treg+TR+Byz	
2	4	14	NKO	ἀνθρώποις	anthrōpois	G0444	N-DPM	ἄνθρωπος	a human	men	NA28+NA27+Tyn+SBL+WH+Treg+TR+Byz	
2	4	15	NKO	ἀρέσκοντες	areskontes	G0700	V-PAP-NPM	ἀρέσκω	to please	pleasing	NA28+NA27+Tyn+SBL+WH+Treg+TR+Byz	
2	4	16	NKO	ἀλλὰ	alla	G0235	CONJ	ἀλλά	but	but	NA28+NA27+Tyn+SBL+WH+Treg+TR+Byz	
2	4	17	k	τῷ	tō	G3588	T-DSM	ὁ	the/this/who	<the>	TR+Byz	
2	4	18	NKO	θεῷ	theō	G2316	N-DSM-T	θεός	God	as God	NA28+NA27+Tyn+SBL+WH+Treg+TR+Byz	
2	4	19	NKO	τῷ	tō	G3588	T-DSM	ὁ	the/this/who	who	NA28+NA27+Tyn+SBL+WH+Treg+TR+Byz	
2	4	20	NKO	δοκιμάζοντι	dokimazonti	G1381	V-PAP-DSM	δοκιμάζω	to test	is examining	NA28+NA27+Tyn+SBL+WH+Treg+TR+Byz	
2	4	21	NKO	τὰς	tas	G3588	T-APF	ὁ	the/this/who	the	NA28+NA27+Tyn+SBL+WH+Treg+TR+Byz	
2	4	22	NKO	καρδίας	kardias	G2588	N-APF	καρδία	heart	hearts	NA28+NA27+Tyn+SBL+WH+Treg+TR+Byz	
2	4	23	NKO	ἡμῶν.	hēmōn	G3165	P-1GP	ἐγώ	I/we	of us.	NA28+NA27+Tyn+SBL+WH+Treg+TR+Byz	
2	5	1	NKO	οὔτε	oute	G3777	CONJ-N	οὔτε	neither	Never	NA28+NA27+Tyn+SBL+WH+Treg+TR+Byz	
2	5	2	NKO	γάρ	gar	G1063	CONJ	γάρ	for	for	NA28+NA27+Tyn+SBL+WH+Treg+TR+Byz	
2	5	3	NKO	ποτε	pote	G4218	PRT	ποτέ	once/when	at any time	NA28+NA27+Tyn+SBL+WH+Treg+TR+Byz	
2	5	4	NKO	ἐν	en	G1722	PREP	ἐν	in/on/among	with	NA28+NA27+Tyn+SBL+WH+Treg+TR+Byz	
2	5	5	NKO	λόγῳ	logō	G3056	N-DSM	λόγος	word	word	NA28+NA27+Tyn+SBL+WH+Treg+TR+Byz	
2	5	6	NKO	κολακείας	kolakeias	G2850	N-GSF	κολακεία	flattery	of flattery	NA28+NA27+Tyn+SBL+WH+Treg+TR+Byz	
2	5	7	NKO	ἐγενήθημεν,	egenēthēmen	G1096	V-2AOI-1P	γίνομαι	to be	were we,	NA28+NA27+Tyn+SBL+WH+Treg+TR+Byz	
2	5	8	NKO	καθὼς	kathōs	G2531	CONJ	καθώς	as/just as	even as	NA28+NA27+Tyn+SBL+WH+Treg+TR+Byz	
2	5	9	NKO	οἴδατε,	oidate	G6063	V-RAI-2P	εἴδω	to perceive	you know,	NA28+NA27+Tyn+SBL+WH+Treg+TR+Byz	
2	5	10	NKO	οὔτε	oute	G3777	CONJ-N	οὔτε	neither	nor	NA28+NA27+Tyn+SBL+WH+Treg+TR+Byz	
2	5	11	NKO	ἐν	en	G1722	PREP	ἐν	in/on/among	with	NA28+NA27+Tyn+SBL+Treg+TR+Byz	
2	5	12	NKO	προφάσει	prophasei	G4392	N-DSF	πρόφασις	pretense	a pretext	NA28+NA27+Tyn+SBL+WH+Treg+TR+Byz	
2	5	13	NKO	πλεονεξίας,	pleonexias	G4124	N-GSF	πλεονεξία	greediness	for greed —	NA28+NA27+Tyn+SBL+WH+Treg+TR+Byz	
2	5	14	NKO	θεὸς	theos	G2316	N-NSM-T	θεός	God	God [is]	NA28+NA27+Tyn+SBL+WH+Treg+TR+Byz	
2	5	15	NKO	μάρτυς,	martus	G3144	N-NSM	μάρτυς	witness	witness —	NA28+NA27+Tyn+SBL+WH+Treg+TR+Byz	
2	6	1	NKO	οὔτε	oute	G3777	CONJ-N	οὔτε	neither	nor	NA28+NA27+Tyn+SBL+WH+Treg+TR+Byz	
2	6	2	NKO	ζητοῦντες	zētountes	G2212	V-PAP-NPM	ζητέω	to seek	seeking	NA28+NA27+Tyn+SBL+WH+Treg+TR+Byz	
2	6	3	NKO	ἐξ	ex	G1537	PREP	ἐκ	out from	from	NA28+NA27+Tyn+SBL+WH+Treg+TR+Byz	
2	6	4	NKO	ἀνθρώπων	anthrōpōn	G0444	N-GPM	ἄνθρωπος	a human	men	NA28+NA27+Tyn+SBL+WH+Treg+TR+Byz	
2	6	5	NKO	δόξαν	doxan	G1391	N-ASF	δόξα	glory	glory	NA28+NA27+Tyn+SBL+WH+Treg+TR+Byz	
2	6	6	NKO	οὔτε	oute	G3777	CONJ-N	οὔτε	neither	nor	NA28+NA27+Tyn+SBL+WH+Treg+TR+Byz	
2	6	7	NKO	ἀφ᾽	aph᾽	G0575	PREP	ἀπό	away from	from	NA28+NA27+Tyn+SBL+WH+Treg+TR+Byz	
2	6	8	NKO	ὑμῶν	humōn	G4771	P-2GP	σύ	you	you	NA28+NA27+Tyn+SBL+WH+Treg+TR+Byz	
2	6	9	NKO	οὔτε	oute	G3777	CONJ-N	οὔτε	neither	nor	NA28+NA27+Tyn+SBL+WH+Treg+TR+Byz	
2	6	10	NKO	ἀπ᾽	ap᾽	G0575	PREP	ἀπό	away from	from	NA28+NA27+Tyn+SBL+WH+Treg+TR+Byz	
2	6	11	NKO	ἄλλων,	allōn	G0243	A-GPM	ἄλλος	another	others,	NA28+NA27+Tyn+SBL+WH+Treg+TR+Byz	
2	7	1	NKO	δυνάμενοι	dunamenoi	G1410	V-PNP-NPM	δύναμαι	be able	[though] having authority	NA28+NA27+Tyn+SBL+WH+Treg+TR+Byz	2.7[2.6]
2	7	2	NKO	ἐν	en	G1722	PREP	ἐν	in/on/among	with	NA28+NA27+Tyn+SBL+WH+Treg+TR+Byz	2.7[2.6]
2	7	3	NKO	βάρει	barei	G0922	N-DSN	βάρος	burden	weight	NA28+NA27+Tyn+SBL+WH+Treg+TR+Byz	2.7[2.6]
2	7	4	NKO	εἶναι	einai	G1511	V-PAN	εἰμί	to be	to be	NA28+NA27+Tyn+SBL+WH+Treg+TR+Byz	2.7[2.6]
2	7	5	NKO	ὡς	hōs	G5613	PRT	ὡς	which/how	as	NA28+NA27+Tyn+SBL+WH+Treg+TR+Byz	2.7[2.6]
2	7	6	NKO	Χριστοῦ	Christou	G5547	N-GSM-T	Χριστός	Christ	Christ’s	NA28+NA27+Tyn+SBL+WH+Treg+TR+Byz	2.7[2.6]
2	7	7	NKO	ἀπόστολοι·	apostoloi	G0652	N-NPM	ἀπόστολος	apostle	apostles;	NA28+NA27+Tyn+SBL+WH+Treg+TR+Byz	2.7[2.6]
2	7	8	NKO	ἀλλ᾽	all᾽	G0235	CONJ	ἀλλά	but	[7] But	NA28+NA27+Tyn+SBL+WH+Treg+TR+Byz	
2	7	9	NKO	ἐγενήθημεν	egenēthēmen	G1096	V-2AOI-1P	γίνομαι	to be	we were	NA28+NA27+Tyn+SBL+WH+Treg+TR+Byz	
2	7	10	N(K)O	νήπιοι	nēpioi	G3516	A-NPM	νήπιος	child	infants	NA28+NA27+WH	
2	7	11	NKO	ἐν	en	G1722	PREP	ἐν	in/on/among	in	NA28+NA27+Tyn+SBL+WH+Treg+TR+Byz	
2	7	12	NKO	μέσῳ	mesō	G3319	A-DSN	μέσος	midst	[the] midst	NA28+NA27+Tyn+SBL+WH+Treg+TR+Byz	
2	7	13	NKO	ὑμῶν,	humōn	G4771	P-2GP	σύ	you	of you,	NA28+NA27+Tyn+SBL+WH+Treg+TR+Byz	
2	7	14	NKO	ὡς	hōs	G5613	PRT	ὡς	which/how	as	NA28+NA27+Tyn+SBL+WH+Treg+TR+Byz	
2	7	15	N(k)O	ἐὰν	ean	G1437	COND	ἐάν	if	maybe	NA28+NA27+SBL+WH+Treg	
2	7	16	NKO	τροφὸς	trophos	G5162	N-NSF	τροφός	nursing mother	a nursing mother	NA28+NA27+Tyn+SBL+WH+Treg+TR+Byz	
2	7	17	NKO	θάλπῃ	thalpē	G2282	V-PAS-3S	θάλπω	to care for	shall cherish	NA28+NA27+Tyn+SBL+WH+Treg+TR+Byz	
2	7	18	NKO	τὰ	ta	G3588	T-APN	ὁ	the/this/who	<the>	NA28+NA27+Tyn+SBL+WH+Treg+TR+Byz	
2	7	19	NKO	ἑαυτῆς	he'autēs	G1438	F-3GSF	ἑαυτοῦ	my/your/him-self	her own	NA28+NA27+Tyn+SBL+WH+Treg+TR+Byz	
2	7	20	NKO	τέκνα,	tekna	G5043	N-APN	τέκνον	child	children,	NA28+NA27+Tyn+SBL+WH+Treg+TR+Byz	
2	8	1	NKO	οὕτως	houtōs	G3779	ADV	οὕτω, οὕτως	thus(-ly)	So	NA28+NA27+Tyn+SBL+WH+Treg+TR+Byz	
2	8	2	N(k)O	ὁμειρόμενοι	homeiromenoi	G20833	V-PNP-NPM	ὁμείρομαι	to yearn for	yearning for	NA28+NA27+Tyn+SBL+WH+Treg+Byz	
2	8	3	NKO	ὑμῶν	humōn	G4771	P-2GP	σύ	you	you	NA28+NA27+Tyn+SBL+WH+Treg+TR+Byz	
2	8	4	NKO	εὐδοκοῦμεν	eudokoumen	G2106	V-IAI-1P	εὐδοκέω	to delight	we were pleased	NA28+NA27+Tyn+SBL+WH+Treg+TR+Byz	
2	8	5	NKO	μεταδοῦναι	metadounai	G3330	V-2AAN	μεταδίδωμι	to share	to have imparted	NA28+NA27+Tyn+SBL+WH+Treg+TR+Byz	
2	8	6	NKO	ὑμῖν	humin	G4771	P-2DP	σύ	you	to you	NA28+NA27+Tyn+SBL+WH+Treg+TR+Byz	
2	8	7	NKO	οὐ	ou	G3756	PRT-N	οὐ	no	not	NA28+NA27+Tyn+SBL+WH+Treg+TR+Byz	
2	8	8	NKO	μόνον	monon	G3441	A-ASN	μόνος	alone	only	NA28+NA27+Tyn+SBL+WH+Treg+TR+Byz	
2	8	9	NKO	τὸ	to	G3588	T-ASN	ὁ	the/this/who	the	NA28+NA27+Tyn+SBL+WH+Treg+TR+Byz	
2	8	10	NKO	εὐαγγέλιον	euangelion	G2098	N-ASN	εὐαγγέλιον	gospel	gospel	NA28+NA27+Tyn+SBL+WH+Treg+TR+Byz	
2	8	11	NKO	τοῦ	tou	G3588	T-GSM	ὁ	the/this/who	<the>	NA28+NA27+Tyn+SBL+WH+Treg+TR+Byz	
2	8	12	NKO	θεοῦ	theou	G2316	N-GSM-T	θεός	God	of God	NA28+NA27+Tyn+SBL+WH+Treg+TR+Byz	
2	8	13	NKO	ἀλλὰ	alla	G0235	CONJ	ἀλλά	but	but	NA28+NA27+Tyn+SBL+WH+Treg+TR+Byz	
2	8	14	NKO	καὶ	kai	G2532	CONJ	καί	and	also	NA28+NA27+Tyn+SBL+WH+Treg+TR+Byz	
2	8	15	NKO	τὰς	tas	G3588	T-APF	ὁ	the/this/who	<the>	NA28+NA27+Tyn+SBL+WH+Treg+TR+Byz	
2	8	16	NKO	ἑαυτῶν	he'autōn	G1438	F-1GPM	ἑαυτοῦ	my/your/him-self	our own	NA28+NA27+Tyn+SBL+WH+Treg+TR+Byz	
2	8	17	NKO	ψυχάς,	psuchas	G5590H	N-APF	ψυχή	soul	lives,	NA28+NA27+Tyn+SBL+WH+Treg+TR+Byz	
2	8	18	NKO	διότι	dioti	G1360	CONJ	διότι	because	because	NA28+NA27+Tyn+SBL+WH+Treg+TR+Byz	
2	8	19	NKO	ἀγαπητοὶ	agapētoi	G0027	A-NPM	ἀγαπητός	beloved	beloved	NA28+NA27+Tyn+SBL+WH+Treg+TR+Byz	
2	8	20	NKO	ἡμῖν	hēmin	G3165	P-1DP	ἐγώ	I/we	to us	NA28+NA27+Tyn+SBL+WH+Treg+TR+Byz	
2	8	21	N(k)O	ἐγενήθητε.	egenēthēte	G1096	V-2API-2P	γίνομαι	to be	you have become.	NA28+NA27+Tyn+SBL+WH+Treg	
2	9	1	NKO	Μνημονεύετε	Mnēmoneuete	G3421	V-PAI-2P	μνημονεύω	to remember	You remember	NA28+NA27+Tyn+SBL+WH+Treg+TR+Byz	
2	9	2	NKO	γάρ,	gar	G1063	CONJ	γάρ	for	for,	NA28+NA27+Tyn+SBL+WH+Treg+TR+Byz	
2	9	3	NKO	ἀδελφοί,	adelphoi	G0080	N-VPM	ἀδελφός	brother	brothers,	NA28+NA27+Tyn+SBL+WH+Treg+TR+Byz	
2	9	4	NKO	τὸν	ton	G3588	T-ASM	ὁ	the/this/who	the	NA28+NA27+Tyn+SBL+WH+Treg+TR+Byz	
2	9	5	NKO	κόπον	kopon	G2873	N-ASM	κόπος	labor	labor	NA28+NA27+Tyn+SBL+WH+Treg+TR+Byz	
2	9	6	NKO	ἡμῶν	hēmōn	G3165	P-1GP	ἐγώ	I/we	of us	NA28+NA27+Tyn+SBL+WH+Treg+TR+Byz	
2	9	7	NKO	καὶ	kai	G2532	CONJ	καί	and	and	NA28+NA27+Tyn+SBL+WH+Treg+TR+Byz	
2	9	8	NKO	τὸν	ton	G3588	T-ASM	ὁ	the/this/who	<the>	NA28+NA27+Tyn+SBL+WH+Treg+TR+Byz	
2	9	9	NKO	μόχθον·	mochthon	G3449	N-ASM	μόχθος	toil	hardship:	NA28+NA27+Tyn+SBL+WH+Treg+TR+Byz	
2	9	10	NKO	νυκτὸς	nuktos	G3571	N-GSF	νύξ	night	By night	NA28+NA27+Tyn+SBL+WH+Treg+TR+Byz	
2	9	11	k	γάρ	gar	G1063	CONJ	γάρ	for	for	TR+Byz	
2	9	12	NKO	καὶ	kai	G2532	CONJ	καί	and	and	NA28+NA27+Tyn+SBL+WH+Treg+TR+Byz	
2	9	13	NKO	ἡμέρας	hēmeras	G2250	N-GSF	ἡμέρα	day	day	NA28+NA27+Tyn+SBL+WH+Treg+TR+Byz	
2	9	14	NKO	ἐργαζόμενοι	ergazomenoi	G2038	V-PNP-NPM	ἐργάζομαι	to work	working	NA28+NA27+Tyn+SBL+WH+Treg+TR+Byz	
2	9	15	NKO	πρὸς	pros	G4314	PREP	πρός	to/with	in order	NA28+NA27+Tyn+SBL+WH+Treg+TR+Byz	
2	9	16	NKO	τὸ	to	G3588	T-ASN	ὁ	the/this/who	<the>	NA28+NA27+Tyn+SBL+WH+Treg+TR+Byz	
2	9	17	NKO	μὴ	mē	G3361	PRT-N	μή	not	not	NA28+NA27+Tyn+SBL+WH+Treg+TR+Byz	
2	9	18	NKO	ἐπιβαρῆσαί	epibarēsai	G1912	V-AAN	ἐπιβαρέω	to burden	to burden	NA28+NA27+Tyn+SBL+WH+Treg+TR+Byz	
2	9	19	NKO	τινα	tina	G5100	X-ASM	τις	one	anyone	NA28+NA27+Tyn+SBL+WH+Treg+TR+Byz	
2	9	20	NKO	ὑμῶν	humōn	G4771	P-2GP	σύ	you	of you	NA28+NA27+Tyn+SBL+WH+Treg+TR+Byz	
2	9	21	NKO	ἐκηρύξαμεν	ekēruxamen	G2784	V-AAI-1P	κηρύσσω	to preach	we proclaimed	NA28+NA27+Tyn+SBL+WH+Treg+TR+Byz	
2	9	22	NKO	εἰς	eis	G1519	PREP	εἰς	toward	to	NA28+NA27+Tyn+SBL+WH+Treg+TR+Byz	
2	9	23	NKO	ὑμᾶς	humas	G4771	P-2AP	σύ	you	you	NA28+NA27+Tyn+SBL+WH+Treg+TR+Byz	
2	9	24	NKO	τὸ	to	G3588	T-ASN	ὁ	the/this/who	the	NA28+NA27+Tyn+SBL+WH+Treg+TR+Byz	
2	9	25	NKO	εὐαγγέλιον	euangelion	G2098	N-ASN	εὐαγγέλιον	gospel	gospel	NA28+NA27+Tyn+SBL+WH+Treg+TR+Byz	
2	9	26	NKO	τοῦ	tou	G3588	T-GSM	ὁ	the/this/who	<the>	NA28+NA27+Tyn+SBL+WH+Treg+TR+Byz	
2	9	27	NKO	θεοῦ.	theou	G2316	N-GSM-T	θεός	God	of God.	NA28+NA27+Tyn+SBL+WH+Treg+TR+Byz	
2	10	1	NKO	ὑμεῖς	humeis	G4771	P-2NP	σύ	you	You [are]	NA28+NA27+Tyn+SBL+WH+Treg+TR+Byz	
2	10	2	NKO	μάρτυρες	martures	G3144	N-NPM	μάρτυς	witness	witnesses	NA28+NA27+Tyn+SBL+WH+Treg+TR+Byz	
2	10	3	NKO	καὶ	kai	G2532	CONJ	καί	and	and	NA28+NA27+Tyn+SBL+WH+Treg+TR+Byz	
2	10	4	NKO	ὁ	ho	G3588	T-NSM	ὁ	the/this/who	<the>	NA28+NA27+Tyn+SBL+WH+Treg+TR+Byz	
2	10	5	NKO	θεός,	theos	G2316	N-NSM-T	θεός	God	God,	NA28+NA27+Tyn+SBL+WH+Treg+TR+Byz	
2	10	6	NKO	ὡς	hōs	G5613	PRT	ὡς	which/how	how	NA28+NA27+Tyn+SBL+WH+Treg+TR+Byz	
2	10	7	NKO	ὁσίως	hosiōs	G3743	ADV	ὁσίως	devoutly	holily	NA28+NA27+Tyn+SBL+WH+Treg+TR+Byz	
2	10	8	NKO	καὶ	kai	G2532	CONJ	καί	and	and	NA28+NA27+Tyn+SBL+WH+Treg+TR+Byz	
2	10	9	NKO	δικαίως	dikaiōs	G1346	ADV	δικαίως	rightly	righteously	NA28+NA27+Tyn+SBL+WH+Treg+TR+Byz	
2	10	10	NKO	καὶ	kai	G2532	CONJ	καί	and	and	NA28+NA27+Tyn+SBL+WH+Treg+TR+Byz	
2	10	11	NKO	ἀμέμπτως	amemptōs	G0274	ADV	ἀμέμπτως	blamelessly	blamelessly	NA28+NA27+Tyn+SBL+WH+Treg+TR+Byz	
2	10	12	NKO	ὑμῖν	humin	G4771	P-2DP	σύ	you	toward you	NA28+NA27+Tyn+SBL+WH+Treg+TR+Byz	
2	10	13	NKO	τοῖς	tois	G3588	T-DPM	ὁ	the/this/who	those	NA28+NA27+Tyn+SBL+WH+Treg+TR+Byz	
2	10	14	NKO	πιστεύουσιν	pisteuousin	G4100	V-PAP-DPM	πιστεύω	to trust (in)	believing	NA28+NA27+Tyn+SBL+WH+Treg+TR+Byz	
2	10	15	NKO	ἐγενήθημεν,	egenēthēmen	G1096	V-2AOI-1P	γίνομαι	to be	we were,	NA28+NA27+Tyn+SBL+WH+Treg+TR+Byz	
2	11	1	NKO	καθάπερ	kathaper	G2509	CONJ	καθάπερ	just as	just as	NA28+NA27+Tyn+SBL+WH+Treg+TR+Byz	
2	11	2	NKO	οἴδατε,	oidate	G6063	V-RAI-2P	εἴδω	to perceive	you know	NA28+NA27+Tyn+SBL+WH+Treg+TR+Byz	
2	11	3	NKO	ὡς	hōs	G5613	PRT	ὡς	which/how	how	NA28+NA27+Tyn+SBL+WH+Treg+TR+Byz	
2	11	4	NKO	ἕνα	hena	G1520	A-ASM	εἷς	one	one	NA28+NA27+Tyn+SBL+WH+Treg+TR+Byz	
2	11	5	NKO	ἕκαστον	hekaston	G1538	A-ASM	ἕκαστος	each	each	NA28+NA27+Tyn+SBL+WH+Treg+TR+Byz	
2	11	6	NKO	ὑμῶν	humōn	G4771	P-2GP	σύ	you	of you	NA28+NA27+Tyn+SBL+WH+Treg+TR+Byz	
2	11	7	NKO	ὡς	hōs	G5613	PRT	ὡς	which/how	as	NA28+NA27+Tyn+SBL+WH+Treg+TR+Byz	
2	11	8	NKO	πατὴρ	patēr	G3962	N-NSM	πατήρ	father	a father	NA28+NA27+Tyn+SBL+WH+Treg+TR+Byz	
2	11	9	NKO	τέκνα	tekna	G5043	N-APN	τέκνον	child	children	NA28+NA27+Tyn+SBL+WH+Treg+TR+Byz	
2	11	10	NKO	ἑαυτοῦ	he'autou	G1438	F-3GSM	ἑαυτοῦ	my/your/him-self	of himself	NA28+NA27+Tyn+SBL+WH+Treg+TR+Byz	
2	12	1	NKO	παρακαλοῦντες	parakalountes	G3870	V-PAP-NPM	παρακαλέω	to plead/comfort	exhorting	NA28+NA27+Tyn+SBL+WH+Treg+TR+Byz	2.12[2.11]
2	12	2	NKO	ὑμᾶς	humas	G4771	P-2AP	σύ	you	you	NA28+NA27+Tyn+SBL+WH+Treg+TR+Byz	2.12[2.11]
2	12	3	NKO	καὶ	kai	G2532	CONJ	καί	and	and	NA28+NA27+Tyn+SBL+WH+Treg+TR+Byz	2.12[2.11]
2	12	4	NKO	παραμυθούμενοι	paramuthoumenoi	G3888	V-PNP-NPM	παραμυθέομαι	to encourage	comforting	NA28+NA27+Tyn+SBL+WH+Treg+TR+Byz	2.12[2.11]
2	12	5	NKO	καὶ	kai	G2532	CONJ	καί	and	and	NA28+NA27+Tyn+SBL+WH+Treg+TR+Byz	2.12[2.11]
2	12	6	N(k)O	μαρτυρόμενοι	marturomenoi	G3143	V-PNP-NPM	μαρτύρομαι	to testify	charging	NA28+NA27+Tyn+SBL+WH+Treg+Byz	2.12[2.11]
2	12	7	NKO	εἰς	eis	G1519	PREP	εἰς	toward	[12] unto	NA28+NA27+Tyn+SBL+WH+Treg+TR+Byz	
2	12	8	NKO	τὸ	to	G3588	T-ASN	ὁ	the/this/who	<the>	NA28+NA27+Tyn+SBL+WH+Treg+TR+Byz	
2	12	9	N(k)O	περιπατεῖν	peripatein	G4043	V-PAN	περιπατέω	to walk	to walk	NA28+NA27+Tyn+SBL+WH+Treg	
2	12	10	NKO	ὑμᾶς	humas	G4771	P-2AP	σύ	you	you	NA28+NA27+Tyn+SBL+WH+Treg+TR+Byz	
2	12	11	NKO	ἀξίως	axiōs	G0516	ADV	ἀξίως	appropriately	worthily	NA28+NA27+Tyn+SBL+WH+Treg+TR+Byz	
2	12	12	NKO	τοῦ	tou	G3588	T-GSM	ὁ	the/this/who	<the>	NA28+NA27+Tyn+SBL+WH+Treg+TR+Byz	
2	12	13	NKO	θεοῦ	theou	G2316	N-GSM-T	θεός	God	of God	NA28+NA27+Tyn+SBL+WH+Treg+TR+Byz	
2	12	14	NKO	τοῦ	tou	G3588	T-GSM	ὁ	the/this/who	who	NA28+NA27+Tyn+SBL+WH+Treg+TR+Byz	
2	12	15	NKO	καλοῦντος	kalountos	G2564G	V-PAP-GSM	καλέω	to call	is calling	NA28+NA27+Tyn+SBL+WH+Treg+TR+Byz	
2	12	16	NKO	ὑμᾶς	humas	G4771	P-2AP	σύ	you	you	NA28+NA27+Tyn+SBL+WH+Treg+TR+Byz	
2	12	17	NKO	εἰς	eis	G1519	PREP	εἰς	toward	to	NA28+NA27+Tyn+SBL+WH+Treg+TR+Byz	
2	12	18	NKO	τὴν	tēn	G3588	T-ASF	ὁ	the/this/who	the	NA28+NA27+Tyn+SBL+WH+Treg+TR+Byz	
2	12	19	NKO	ἑαυτοῦ	he'autou	G1438	F-3GSM	ἑαυτοῦ	my/your/him-self	His own	NA28+NA27+Tyn+SBL+WH+Treg+TR+Byz	
2	12	20	NKO	βασιλείαν	basileian	G0932	N-ASF	βασιλεία	kingdom	kingdom	NA28+NA27+Tyn+SBL+WH+Treg+TR+Byz	
2	12	21	NKO	καὶ	kai	G2532	CONJ	καί	and	and	NA28+NA27+Tyn+SBL+WH+Treg+TR+Byz	
2	12	22	NKO	δόξαν.¶	doxan	G1391	N-ASF	δόξα	glory	glory.	NA28+NA27+Tyn+SBL+WH+Treg+TR+Byz	
2	13	1	no	Καὶ	Kai	G2532	CONJ	καί	and	And	NA28+NA27+Tyn+SBL+WH+Treg	
2	13	2	NKO	διὰ	dia	G1223	PREP	διά	through/because of	because of	NA28+NA27+Tyn+SBL+WH+Treg+TR+Byz	
2	13	3	NKO	τοῦτο	touto	G3778	D-ASN	οὗτος	this/he/she/it	this	NA28+NA27+Tyn+SBL+WH+Treg+TR+Byz	
2	13	4	NKO	καὶ	kai	G2532	CONJ	καί	and	also	NA28+NA27+Tyn+SBL+WH+Treg+TR+Byz	
2	13	5	NKO	ἡμεῖς	hēmeis	G3165	P-1NP	ἐγώ	I/we	we ourselves	NA28+NA27+Tyn+SBL+WH+Treg+TR+Byz	
2	13	6	NKO	εὐχαριστοῦμεν	eucharistoumen	G2168	V-PAI-1P	εὐχαριστέω	to thank	give thanks	NA28+NA27+Tyn+SBL+WH+Treg+TR+Byz	
2	13	7	NKO	τῷ	tō	G3588	T-DSM	ὁ	the/this/who	<the>	NA28+NA27+Tyn+SBL+WH+Treg+TR+Byz	
2	13	8	NKO	θεῷ	theō	G2316	N-DSM-T	θεός	God	to God	NA28+NA27+Tyn+SBL+WH+Treg+TR+Byz	
2	13	9	NKO	ἀδιαλείπτως	adialeiptōs	G0089	ADV	ἀδιαλείπτως	unceasingly	unceasingly	NA28+NA27+Tyn+SBL+WH+Treg+TR+Byz	
2	13	10	NKO	ὅτι	hoti	G3754G	CONJ	ὅτι	that/since	that	NA28+NA27+Tyn+SBL+WH+Treg+TR+Byz	
2	13	11	NKO	παραλαβόντες	paralabontes	G3880	V-2AAP-NPM	παραλαμβάνω	to take	having received	NA28+NA27+Tyn+SBL+WH+Treg+TR+Byz	
2	13	12	NKO	λόγον	logon	G3056	N-ASM	λόγος	word	[the] word	NA28+NA27+Tyn+SBL+WH+Treg+TR+Byz	
2	13	13	NKO	ἀκοῆς	akoēs	G0189	N-GSF	ἀκοή	hearing	[by your] hearing	NA28+NA27+Tyn+SBL+WH+Treg+TR+Byz	
2	13	14	NKO	παρ᾽	par᾽	G3844	PREP	παρά	from with	from	NA28+NA27+Tyn+SBL+WH+Treg+TR+Byz	
2	13	15	NKO	ἡμῶν	hēmōn	G3165	P-1GP	ἐγώ	I/we	us	NA28+NA27+Tyn+SBL+WH+Treg+TR+Byz	
2	13	16	NKO	τοῦ	tou	G3588	T-GSM	ὁ	the/this/who	<the>	NA28+NA27+Tyn+SBL+WH+Treg+TR+Byz	
2	13	17	NKO	θεοῦ	theou	G2316	N-GSM-T	θεός	God	of God	NA28+NA27+Tyn+SBL+WH+Treg+TR+Byz	
2	13	18	NKO	ἐδέξασθε	edexasthe	G1209	V-ADI-2P	δέχομαι	to receive	you accepted	NA28+NA27+Tyn+SBL+WH+Treg+TR+Byz	
2	13	19	NKO	οὐ	ou	G3756	PRT-N	οὐ	no	not	NA28+NA27+Tyn+SBL+WH+Treg+TR+Byz	
2	13	20	NKO	λόγον	logon	G3056	N-ASM	λόγος	word	[the] word	NA28+NA27+Tyn+SBL+WH+Treg+TR+Byz	
2	13	21	NKO	ἀνθρώπων	anthrōpōn	G0444	N-GPM	ἄνθρωπος	a human	of men	NA28+NA27+Tyn+SBL+WH+Treg+TR+Byz	
2	13	22	NKO	ἀλλὰ	alla	G0235	CONJ	ἀλλά	but	but	NA28+NA27+Tyn+SBL+WH+Treg+TR+Byz	
2	13	23	NKO	καθώς	kathōs	G2531	CONJ	καθώς	as/just as	even as	NA28+NA27+Tyn+SBL+WH+Treg+TR+Byz	
2	13	24	NKO	ἐστιν	estin	G1510	V-PAI-3S	εἰμί	to be	it is	NA28+NA27+Tyn+SBL»1+WH»1+Treg+TR+Byz	
2	13	25	NKO	ἀληθῶς	alēthōs	G0230	ADV	ἀληθῶς	truly	truly	NA28+NA27+Tyn+SBL+WH+Treg+TR+Byz	
2	13	26	NKO	λόγον	logon	G3056	N-ASM	λόγος	word	[the] word	NA28+NA27+Tyn+SBL+WH+Treg+TR+Byz	
2	13	27	NKO	θεοῦ,	theou	G2316	N-GSM-T	θεός	God	of God,	NA28+NA27+Tyn+SBL+WH+Treg+TR+Byz	
2	13	28	NKO	ὃς	hos	G3739	R-NSM	ὅς, ἥ	which	which	NA28+NA27+Tyn+SBL+WH+Treg+TR+Byz	
2	13	29	NKO	καὶ	kai	G2532	CONJ	καί	and	also	NA28+NA27+Tyn+SBL+WH+Treg+TR+Byz	
2	13	30	NKO	ἐνεργεῖται	energeitai	G1754	V-PMI-3S	ἐνεργέω	be active	works	NA28+NA27+Tyn+SBL+WH+Treg+TR+Byz	
2	13	31	NKO	ἐν	en	G1722	PREP	ἐν	in/on/among	in	NA28+NA27+Tyn+SBL+WH+Treg+TR+Byz	
2	13	32	NKO	ὑμῖν	humin	G4771	P-2DP	σύ	you	you	NA28+NA27+Tyn+SBL+WH+Treg+TR+Byz	
2	13	33	NKO	τοῖς	tois	G3588	T-DPM	ὁ	the/this/who	who	NA28+NA27+Tyn+SBL+WH+Treg+TR+Byz	
2	13	34	NKO	πιστεύουσιν.	pisteuousin	G4100	V-PAP-DPM	πιστεύω	to trust (in)	believe.	NA28+NA27+Tyn+SBL+WH+Treg+TR+Byz	
2	14	1	NKO	ὑμεῖς	humeis	G4771	P-2NP	σύ	you	you yourselves	NA28+NA27+Tyn+SBL+WH+Treg+TR+Byz	
2	14	2	NKO	γὰρ	gar	G1063	CONJ	γάρ	for	for	NA28+NA27+Tyn+SBL+WH+Treg+TR+Byz	
2	14	3	NKO	μιμηταὶ	mimētai	G3402	N-NPM	μιμητής	imitator	imitators	NA28+NA27+Tyn+SBL+WH+Treg+TR+Byz	
2	14	4	NKO	ἐγενήθητε,	egenēthēte	G1096	V-2AOI-2P	γίνομαι	to be	became,	NA28+NA27+Tyn+SBL+WH+Treg+TR+Byz	
2	14	5	NKO	ἀδελφοί,	adelphoi	G0080	N-VPM	ἀδελφός	brother	brothers,	NA28+NA27+Tyn+SBL+WH+Treg+TR+Byz	
2	14	6	NKO	τῶν	tōn	G3588	T-GPF	ὁ	the/this/who	of the	NA28+NA27+Tyn+SBL+WH+Treg+TR+Byz	
2	14	7	NKO	ἐκκλησιῶν	ekklēsiōn	G1577	N-GPF	ἐκκλησία	assembly	churches	NA28+NA27+Tyn+SBL+WH+Treg+TR+Byz	
2	14	8	NKO	τοῦ	tou	G3588	T-GSM	ὁ	the/this/who	<the>	NA28+NA27+Tyn+SBL+WH+Treg+TR+Byz	
2	14	9	NKO	θεοῦ	theou	G2316	N-GSM-T	θεός	God	of God	NA28+NA27+Tyn+SBL+WH+Treg+TR+Byz	
2	14	10	NKO	τῶν	tōn	G3588	T-GPF	ὁ	the/this/who	which	NA28+NA27+Tyn+SBL+WH+Treg+TR+Byz	
2	14	11	NKO	οὐσῶν	ousōn	G1510	V-PAP-GPF	εἰμί	to be	are being	NA28+NA27+Tyn+SBL+WH+Treg+TR+Byz	
2	14	12	NKO	ἐν	en	G1722	PREP	ἐν	in/on/among	in	NA28+NA27+Tyn+SBL+WH+Treg+TR+Byz	
2	14	13	NKO	τῇ	tēa	G3588	T-DSF	ὁ	the/this/who	<the>	NA28+NA27+Tyn+SBL+WH+Treg+TR+Byz	
2	14	14	NKO	Ἰουδαίᾳ	Ioudaia	G2449	N-DSF-L	Ἰουδαία	Judea	Judea	NA28+NA27+Tyn+SBL+WH+Treg+TR+Byz	
2	14	15	NKO	ἐν	en	G1722	PREP	ἐν	in/on/among	in	NA28+NA27+Tyn+SBL+WH+Treg+TR+Byz	
2	14	16	NKO	Χριστῷ	Christō	G5547	N-DSM-T	Χριστός	Christ	Christ	NA28+NA27+Tyn+SBL+WH+Treg+TR+Byz	
2	14	17	NKO	Ἰησοῦ,	Iēsou	G2424G	N-DSM-P	Ἰησοῦς	Jesus/Joshua	Jesus,	NA28+NA27+Tyn+SBL+WH+Treg+TR+Byz	
2	14	18	NKO	ὅτι	hoti	G3754H	CONJ	ὅτι	that/since	For	NA28+NA27+Tyn+SBL+WH+Treg+TR+Byz	
2	14	19	N(K)O	τὰ	ta	G3588	T-APN	ὁ	the/this/who	the [same]	NA28+NA27+Tyn+SBL+WH+Treg+TR»1+Byz	
2	14	20	N(k)O	αὐτὰ	auta	G0846	P-APN	αὐτός	he/she/it/self	these	NA28+NA27+Tyn+SBL+WH+Treg+Byz	
2	14	21	NKO	ἐπάθετε	epathete	G3958	V-2AAI-2P	πάσχω	to suffer	suffered	NA28+NA27+Tyn+SBL+WH+Treg+TR+Byz	
2	14	22	NKO	καὶ	kai	G2532	CONJ	καί	and	also	NA28+NA27+Tyn+SBL+WH+Treg+TR+Byz	
2	14	23	NKO	ὑμεῖς	humeis	G4771	P-2NP	σύ	you	you yourselves	NA28+NA27+Tyn+SBL+WH+Treg+TR+Byz	
2	14	24	NKO	ὑπὸ	hupo	G5259G	PREP	ὑπό	by/under	from	NA28+NA27+Tyn+SBL+WH+Treg+TR+Byz	
2	14	25	NKO	τῶν	tōn	G3588	T-GPM	ὁ	the/this/who	<the>	NA28+NA27+Tyn+SBL+WH+Treg+TR+Byz	
2	14	26	NKO	ἰδίων	idiōn	G2398	A-GPM	ἴδιος	one's own/private	[your] own	NA28+NA27+Tyn+SBL+WH+Treg+TR+Byz	
2	14	27	NKO	συμφυλετῶν,	sumphuletōn	G4853	N-GPM	συμφυλέτης	fellow countryman	countrymen,	NA28+NA27+Tyn+SBL+WH+Treg+TR+Byz	
2	14	28	NKO	καθὼς	kathōs	G2531	CONJ	καθώς	as/just as	even as	NA28+NA27+Tyn+SBL+WH+Treg+TR+Byz	
2	14	29	NKO	καὶ	kai	G2532	CONJ	καί	and	also [did]	NA28+NA27+Tyn+SBL+WH+Treg+TR+Byz	
2	14	30	NKO	αὐτοὶ	autoi	G0846	P-NPM	αὐτός	he/she/it/self	they	NA28+NA27+Tyn+SBL+WH+Treg+TR+Byz	
2	14	31	NKO	ὑπὸ	hupo	G5259G	PREP	ὑπό	by/under	from	NA28+NA27+Tyn+SBL+WH+Treg+TR+Byz	
2	14	32	NKO	τῶν	tōn	G3588	T-GPM	ὁ	the/this/who	the	NA28+NA27+Tyn+SBL+WH+Treg+TR+Byz	
2	14	33	NKO	Ἰουδαίων,	Ioudaiōn	G2453	N-GPM-PG	Ἰουδαῖος	Jewish	Jews,	NA28+NA27+Tyn+SBL+WH+Treg+TR+Byz	
2	15	1	NKO	τῶν	tōn	G3588	T-GPM	ὁ	the/this/who	who	NA28+NA27+Tyn+SBL+WH+Treg+TR+Byz	
2	15	2	NKO	καὶ	kai	G2532	CONJ	καί	and	both	NA28+NA27+Tyn+SBL+WH+Treg+TR+Byz	
2	15	3	NKO	τὸν	ton	G3588	T-ASM	ὁ	the/this/who	the	NA28+NA27+Tyn+SBL+WH+Treg+TR+Byz	
2	15	4	NKO	κύριον	kurion	G2962G	N-ASM-T	κύριος	lord	Lord	NA28+NA27+Tyn+SBL+WH+Treg+TR+Byz	
2	15	5	NKO	ἀποκτεινάντων	apokteinantōn	G0615	V-AAP-GPM	ἀποκτείνω	to kill	having killed	NA28+NA27+Tyn+SBL+WH+Treg+TR+Byz	
2	15	6	NKO	Ἰησοῦν	Iēsoun	G2424G	N-ASM-P	Ἰησοῦς	Jesus/Joshua	Jesus	NA28+NA27+Tyn+SBL+WH+Treg+TR+Byz	
2	15	7	NKO	καὶ	kai	G2532	CONJ	καί	and	and	NA28+NA27+Tyn+SBL+WH+Treg+TR+Byz	
2	15	8	NKO	τοὺς	tous	G3588	T-APM	ὁ	the/this/who	<the>	NA28+NA27+Tyn+SBL+WH+Treg+TR+Byz	
2	15	9	K	ἰδίους	idious	G2398	A-APM	ἴδιος	one's own/private	[their] own	TR+Byz	
2	15	10	NKO	προφήτας	prophētas	G4396	N-APM	προφήτης	prophet	prophets	NA28+NA27+Tyn+SBL+WH+Treg+TR+Byz	
2	15	11	NKO	καὶ	kai	G2532	CONJ	καί	and	and	NA28+NA27+Tyn+SBL+WH+Treg+TR+Byz	
2	15	12	NK(O)	ἡμᾶς	hēmas	G3165	P-1AP	ἐγώ	I/we	us	NA28+NA27+Tyn+SBL+WH+Treg+Byz+KJV	
2	15	13	NKO	ἐκδιωξάντων	ekdiōxantōn	G1559	V-AAP-GPM	ἐκδιώκω	to persecute	having driven out	NA28+NA27+Tyn+SBL+WH+Treg+TR+Byz	
2	15	14	NKO	καὶ	kai	G2532	CONJ	καί	and	and	NA28+NA27+Tyn+SBL+WH+Treg+TR+Byz	
2	15	15	NKO	θεῷ	theō	G2316	N-DSM-T	θεός	God	God	NA28+NA27+Tyn+SBL+WH+Treg+TR+Byz	
2	15	16	NKO	μὴ	mē	G3361	PRT-N	μή	not	not	NA28+NA27+Tyn+SBL+WH+Treg+TR+Byz	
2	15	17	NKO	ἀρεσκόντων	areskontōn	G0700	V-PAP-GPM	ἀρέσκω	to please	pleasing	NA28+NA27+Tyn+SBL+WH+Treg+TR+Byz	
2	15	18	NKO	καὶ	kai	G2532	CONJ	καί	and	and	NA28+NA27+Tyn+SBL+WH+Treg+TR+Byz	
2	15	19	NKO	πᾶσιν	pasin	G3956	A-DPM	πᾶς	all	to all	NA28+NA27+Tyn+SBL+WH+Treg+TR+Byz	
2	15	20	NKO	ἀνθρώποις	anthrōpois	G0444	N-DPM	ἄνθρωπος	a human	men	NA28+NA27+Tyn+SBL+WH+Treg+TR+Byz	
2	15	21	NKO	ἐναντίων,	enantiōn	G1727	A-GPM	ἐναντίος	against	opposed,	NA28+NA27+Tyn+SBL+WH+Treg+TR+Byz	
2	16	1	NKO	κωλυόντων	kōluontōn	G2967	V-PAP-GPM	κωλύω	to prevent	they are hindering	NA28+NA27+Tyn+SBL+WH+Treg+TR+Byz	
2	16	2	NKO	ἡμᾶς	hēmas	G3165	P-1AP	ἐγώ	I/we	us	NA28+NA27+Tyn+SBL+WH+Treg+TR+Byz	
2	16	3	NKO	τοῖς	tois	G3588	T-DPN	ὁ	the/this/who	to the	NA28+NA27+Tyn+SBL+WH+Treg+TR+Byz	
2	16	4	NKO	ἔθνεσιν	ethnesin	G1484	N-DPN	ἔθνος	Gentile nation	Gentiles	NA28+NA27+Tyn+SBL+WH+Treg+TR+Byz	
2	16	5	NKO	λαλῆσαι	lalēsai	G2980	V-AAN	λαλέω	to speak	to speak	NA28+NA27+Tyn+SBL+WH+Treg+TR+Byz	
2	16	6	NKO	ἵνα	ina	G2443	CONJ	ἵνα	in order that/to	that	NA28+NA27+Tyn+SBL+WH+Treg+TR+Byz	
2	16	7	NKO	σωθῶσιν,	sōthōsin	G4982	V-APS-3P	σῴζω	to save	they may be saved,	NA28+NA27+Tyn+SBL+WH+Treg+TR+Byz	
2	16	8	NKO	εἰς	eis	G1519	PREP	εἰς	toward	so as	NA28+NA27+Tyn+SBL+WH+Treg+TR+Byz	
2	16	9	NKO	τὸ	to	G3588	T-ASN	ὁ	the/this/who	<the>	NA28+NA27+Tyn+SBL+WH+Treg+TR+Byz	
2	16	10	NKO	ἀναπληρῶσαι	anaplērōsai	G0378	V-AAN	ἀναπληρόω	to fulfil	to fill up	NA28+NA27+Tyn+SBL+WH+Treg+TR+Byz	
2	16	11	NKO	αὐτῶν	autōn	G0846	P-GPM	αὐτός	he/she/it/self	their	NA28+NA27+Tyn+SBL+WH+Treg+TR+Byz	
2	16	12	NKO	τὰς	tas	G3588	T-APF	ὁ	the/this/who	<the>	NA28+NA27+Tyn+SBL+WH+Treg+TR+Byz	
2	16	13	NKO	ἁμαρτίας	hamartias	G0266	N-APF	ἁμαρτία	sin	sins	NA28+NA27+Tyn+SBL+WH+Treg+TR+Byz	
2	16	14	NKO	πάντοτε·	pantote	G3842	ADV	πάντοτε	always	always;	NA28+NA27+Tyn+SBL+WH+Treg+TR+Byz	
2	16	15	NKO	ἔφθασεν	ephthasen	G5348	V-AAI-3S	φθάνω	to precede/arrive	Has come	NA28+NA27+Tyn+SBL+WH+Treg+TR+Byz	
2	16	16	NKO	δὲ	de	G1161	CONJ	δέ	but/and	now	NA28+NA27+Tyn+SBL+WH+Treg+TR+Byz	
2	16	17	NKO	ἐπ᾽	ep᾽	G1909	PREP	ἐπί	upon/to/against	upon	NA28+NA27+Tyn+SBL+WH+Treg+TR+Byz	
2	16	18	NKO	αὐτοὺς	autous	G0846	P-APM	αὐτός	he/she/it/self	them	NA28+NA27+Tyn+SBL+WH+Treg+TR+Byz	
2	16	19	NKO	ἡ	hē	G3588	T-NSF	ὁ	the/this/who	the	NA28+NA27+Tyn+SBL+WH+Treg+TR+Byz	
2	16	20	NKO	ὀργὴ	orgē	G3709	N-NSF	ὀργή	wrath	wrath	NA28+NA27+Tyn+SBL+WH+Treg+TR+Byz	
2	16	21	O	τοῦ	tou	G3588	T-GSM	ὁ	the/this/who	of the	NIV+06	
2	16	22	O	θεοῦ	theou	G2316	N-GSM-T	θεός	God	God	NIV+06	
2	16	23	NKO	εἰς	eis	G1519	PREP	εἰς	toward	to the	NA28+NA27+Tyn+SBL+WH+Treg+TR+Byz	
2	16	24	NKO	τέλος.¶	telos	G5056	N-ASN	τέλος	goal/tax	utmost.	NA28+NA27+Tyn+SBL+WH+Treg+TR+Byz	
2	17	1	NKO	Ἡμεῖς	Hēmeis	G3165	P-1NP	ἐγώ	I/we	We ourselves	NA28+NA27+Tyn+SBL+WH+Treg+TR+Byz	
2	17	2	NKO	δέ,	de	G1161	CONJ	δέ	but/and	however,	NA28+NA27+Tyn+SBL+WH+Treg+TR+Byz	
2	17	3	NKO	ἀδελφοί,	adelphoi	G0080	N-VPM	ἀδελφός	brother	brothers,	NA28+NA27+Tyn+SBL+WH+Treg+TR+Byz	
2	17	4	NKO	ἀπορφανισθέντες	aporphanisthentes	G0642	V-APP-NPM	ἀπορφανίζω	to orphan	having been bereaved	NA28+NA27+Tyn+SBL+WH+Treg+TR+Byz	
2	17	5	NKO	ἀφ᾽	aph᾽	G0575	PREP	ἀπό	away from	of	NA28+NA27+Tyn+SBL+WH+Treg+TR+Byz	
2	17	6	NKO	ὑμῶν	humōn	G4771	P-2GP	σύ	you	you	NA28+NA27+Tyn+SBL+WH+Treg+TR+Byz	
2	17	7	NKO	πρὸς	pros	G4314	PREP	πρός	to/with	for	NA28+NA27+Tyn+SBL+WH+Treg+TR+Byz	
2	17	8	NKO	καιρὸν	kairon	G2540	N-ASM	καιρός	time/right time	[the] time	NA28+NA27+Tyn+SBL+WH+Treg+TR+Byz	
2	17	9	NKO	ὥρας	hōras	G5610	N-GSF	ὥρα	hour	of an hour	NA28+NA27+Tyn+SBL+WH+Treg+TR+Byz	
2	17	10	NKO	προσώπῳ	prosōpō	G4383	N-DSN	πρόσωπον	face	in face	NA28+NA27+Tyn+SBL+WH+Treg+TR+Byz	
2	17	11	NKO	οὐ	ou	G3756	PRT-N	οὐ	no	not	NA28+NA27+Tyn+SBL+WH+Treg+TR+Byz	
2	17	12	NKO	καρδίᾳ,	kardia	G2588	N-DSF	καρδία	heart	in heart,	NA28+NA27+Tyn+SBL+WH+Treg+TR+Byz	
2	17	13	NKO	περισσοτέρως	perissoterōs	G4056	ADV-C	περισσοτέρως	more-abundantly	more abundantly	NA28+NA27+Tyn+SBL+WH+Treg+TR+Byz	
2	17	14	NKO	ἐσπουδάσαμεν	espoudasamen	G4704	V-AAI-1P	σπουδάζω	be eager	were eager	NA28+NA27+Tyn+SBL+WH+Treg+TR+Byz	
2	17	15	NKO	τὸ	to	G3588	T-ASN	ὁ	the/this/who	the	NA28+NA27+Tyn+SBL+WH+Treg+TR+Byz	
2	17	16	NKO	πρόσωπον	prosōpon	G4383	N-ASN	πρόσωπον	face	face	NA28+NA27+Tyn+SBL+WH+Treg+TR+Byz	
2	17	17	NKO	ὑμῶν	humōn	G4771	P-2GP	σύ	you	of you	NA28+NA27+Tyn+SBL+WH+Treg+TR+Byz	
2	17	18	NKO	ἰδεῖν	idein	G1492H	V-2AAN	εἴδω	to perceive	to see	NA28+NA27+Tyn+SBL+WH+Treg+TR+Byz	
2	17	19	NKO	ἐν	en	G1722	PREP	ἐν	in/on/among	with	NA28+NA27+Tyn+SBL+WH+Treg+TR+Byz	
2	17	20	NKO	πολλῇ	pollēa	G4183	A-DSF	πολύς	much	great	NA28+NA27+Tyn+SBL+WH+Treg+TR+Byz	
2	17	21	NKO	ἐπιθυμίᾳ.	epithumia	G1939	N-DSF	ἐπιθυμία	desire	desire.	NA28+NA27+Tyn+SBL+WH+Treg+TR+Byz	
2	18	1	N(k)O	διότι	dioti	G1360	CONJ	διότι	because	therefore	NA28+NA27+Tyn+SBL+WH+Treg	
2	18	2	NKO	ἠθελήσαμεν	ēthelēsamen	G2309	V-AAI-1P	θέλω	to will/desire	we wanted	NA28+NA27+Tyn+SBL+WH+Treg+TR+Byz	
2	18	3	NKO	ἐλθεῖν	elthein	G2064	V-2AAN	ἔρχομαι	to come/go	to come	NA28+NA27+Tyn+SBL+WH+Treg+TR+Byz	
2	18	4	NKO	πρὸς	pros	G4314	PREP	πρός	to/with	to	NA28+NA27+Tyn+SBL+WH+Treg+TR+Byz	
2	18	5	NKO	ὑμᾶς,	humas	G4771	P-2AP	σύ	you	you —	NA28+NA27+Tyn+SBL+WH+Treg+TR+Byz	
2	18	6	NKO	ἐγὼ	egō	G1473	P-1NS	ἐγώ	I/we	I myself	NA28+NA27+Tyn+SBL+WH+Treg+TR+Byz	
2	18	7	NKO	μὲν	men	G3303	PRT	μέν	on one hand	indeed	NA28+NA27+Tyn+SBL+WH+Treg+TR+Byz	
2	18	8	NKO	Παῦλος	Paulos	G3972G	N-NSM-P	Παῦλος	Paul	Paul	NA28+NA27+Tyn+SBL+WH+Treg+TR+Byz	
2	18	9	NKO	καὶ	kai	G2532	CONJ	καί	and	both	NA28+NA27+Tyn+SBL+WH+Treg+TR+Byz	
2	18	10	NKO	ἅπαξ	hapax	G0530	ADV	ἅπαξ	once	once	NA28+NA27+Tyn+SBL+WH+Treg+TR+Byz	
2	18	11	NKO	καὶ	kai	G2532	CONJ	καί	and	and	NA28+NA27+Tyn+SBL+WH+Treg+TR+Byz	
2	18	12	NKO	δίς,	dis	G1364	ADV	δίς	twice	twice —	NA28+NA27+Tyn+SBL+WH+Treg+TR+Byz	
2	18	13	NKO	καὶ	kai	G2532	CONJ	καί	and	and	NA28+NA27+Tyn+SBL+WH+Treg+TR+Byz	
2	18	14	NKO	ἐνέκοψεν	enekopsen	G1465	V-AAI-3S	ἐγκόπτω	to impede	hindered	NA28+NA27+Tyn+SBL+WH+Treg+TR+Byz	
2	18	15	NKO	ἡμᾶς	hēmas	G3165	P-1AP	ἐγώ	I/we	us	NA28+NA27+Tyn+SBL+WH+Treg+TR+Byz	
2	18	16	NKO	ὁ	ho	G3588	T-NSM	ὁ	the/this/who	<the>	NA28+NA27+Tyn+SBL+WH+Treg+TR+Byz	
2	18	17	NKO	σατανᾶς.	satanas	G4567	N-NSM-T	Σατανᾶς	Satan	Satan.	NA28+NA27+Tyn+SBL+WH+Treg+TR+Byz	
2	19	1	NKO	τίς	tis	G5101	I-NSF	τίς	which?	Who [is]	NA28+NA27+Tyn+SBL+WH+Treg+TR+Byz	
2	19	2	NKO	γὰρ	gar	G1063	CONJ	γάρ	for	for	NA28+NA27+Tyn+SBL+WH+Treg+TR+Byz	
2	19	3	NKO	ἡμῶν	hēmōn	G3165	P-1GP	ἐγώ	I/we	our	NA28+NA27+Tyn+SBL+WH+Treg+TR+Byz	
2	19	4	NKO	ἐλπὶς	elpis	G1680	N-NSF	ἐλπίς	hope	hope	NA28+NA27+Tyn+SBL+WH+Treg+TR+Byz	
2	19	5	NKO	ἢ	ē	G2228	CONJ	ἤ	or/than	or	NA28+NA27+Tyn+SBL+WH+Treg+TR+Byz	
2	19	6	NKO	χαρὰ	chara	G5479	N-NSF	χαρά	joy	joy	NA28+NA27+Tyn+SBL+WH+Treg+TR+Byz	
2	19	7	NKO	ἢ	ē	G2228	CONJ	ἤ	or/than	or	NA28+NA27+Tyn+SBL+WH+Treg+TR+Byz	
2	19	8	NKO	στέφανος	stephanos	G4735	N-NSM	στέφανος	crown	crown	NA28+NA27+Tyn+SBL+WH+Treg+TR+Byz	
2	19	9	NKO	καυχήσεως;	kauchēseōs	G2746	N-GSF	καύχησις	pride	of boasting?	NA28+NA27+Tyn+SBL+WH+Treg+TR+Byz	
2	19	10	NKO	ἢ	ē	G2228	CONJ	ἤ	or/than	Except	NA28+NA27+Tyn+SBL+WH+Treg+TR+Byz	
2	19	11	NKO	οὐχὶ	ouchi	G3780	PRT-N	οὐχί	not	only	NA28+NA27+Tyn+SBL+WH+Treg+TR+Byz	
2	19	12	NKO	καὶ	kai	G2532	CONJ	καί	and	even	NA28+NA27+Tyn+SBL+WH+Treg+TR+Byz	
2	19	13	NKO	ὑμεῖς	humeis	G4771	P-2NP	σύ	you	you	NA28+NA27+Tyn+SBL+WH+Treg+TR+Byz	
2	19	14	NKO	ἔμπροσθεν	emprosthen	G1715	PREP	ἔμπροσθεν	before	before	NA28+NA27+Tyn+SBL+WH+Treg+TR+Byz	
2	19	15	NKO	τοῦ	tou	G3588	T-GSM	ὁ	the/this/who	the	NA28+NA27+Tyn+SBL+WH+Treg+TR+Byz	
2	19	16	NKO	κυρίου	kuriou	G2962G	N-GSM-T	κύριος	lord	Lord	NA28+NA27+Tyn+SBL+WH+Treg+TR+Byz	
2	19	17	NKO	ἡμῶν	hēmōn	G3165	P-1GP	ἐγώ	I/we	of us	NA28+NA27+Tyn+SBL+WH+Treg+TR+Byz	
2	19	18	NKO	Ἰησοῦ	Iēsou	G2424G	N-GSM-P	Ἰησοῦς	Jesus/Joshua	Jesus	NA28+NA27+Tyn+SBL+WH+Treg+TR+Byz	
2	19	19	K	Χριστοῦ	Christou	G5547	N-GSM-T	Χριστός	Christ	Christ	TR	
2	19	20	NKO	ἐν	en	G1722	PREP	ἐν	in/on/among	at	NA28+NA27+Tyn+SBL+WH+Treg+TR+Byz	
2	19	21	NKO	τῇ	tēa	G3588	T-DSF	ὁ	the/this/who	<the>	NA28+NA27+Tyn+SBL+WH+Treg+TR+Byz	
2	19	22	NKO	αὐτοῦ	autou	G0846	P-GSM	αὐτός	he/she/it/self	His	NA28+NA27+Tyn+SBL+WH+Treg+TR+Byz	
2	19	23	NKO	παρουσίᾳ;	parousia	G3952	N-DSF	παρουσία	coming	coming?	NA28+NA27+Tyn+SBL+WH+Treg+TR+Byz	
2	20	1	NKO	ὑμεῖς	humeis	G4771	P-2NP	σύ	you	You yourselves	NA28+NA27+Tyn+SBL+WH+Treg+TR+Byz	
2	20	2	NKO	γάρ	gar	G1063	CONJ	γάρ	for	for	NA28+NA27+Tyn+SBL+WH+Treg+TR+Byz	
2	20	3	NKO	ἐστε	este	G1510	V-PAI-2P	εἰμί	to be	are	NA28+NA27+Tyn+SBL+WH+Treg+TR+Byz	
2	20	4	NKO	ἡ	hē	G3588	T-NSF	ὁ	the/this/who	the	NA28+NA27+Tyn+SBL+WH+Treg+TR+Byz	
2	20	5	NKO	δόξα	doxa	G1391	N-NSF	δόξα	glory	glory	NA28+NA27+Tyn+SBL+WH+Treg+TR+Byz	
2	20	6	NKO	ἡμῶν	hēmōn	G3165	P-1GP	ἐγώ	I/we	of us	NA28+NA27+Tyn+SBL+WH+Treg+TR+Byz	
2	20	7	NKO	καὶ	kai	G2532	CONJ	καί	and	and	NA28+NA27+Tyn+SBL+WH+Treg+TR+Byz	
2	20	8	NKO	ἡ	hē	G3588	T-NSF	ὁ	the/this/who	<the>	NA28+NA27+Tyn+SBL+WH+Treg+TR+Byz	
2	20	9	NKO	χαρά.¶	chara	G5479	N-NSF	χαρά	joy	joy.	NA28+NA27+Tyn+SBL+WH+Treg+TR+Byz	
3	1	1	NKO	Διὸ	Dio	G1352	CONJ	διό	for	Therefore	NA28+NA27+Tyn+SBL+WH+Treg+TR+Byz	
3	1	2	NKO	μηκέτι	mēketi	G3371	ADV-N	μηκέτι	never again	no longer	NA28+NA27+Tyn+SBL+WH+Treg+TR+Byz	
3	1	3	NKO	στέγοντες	stegontes	G4722	V-PAP-NPM	στέγω	to endure	enduring	NA28+NA27+Tyn+SBL+WH+Treg+TR+Byz	
3	1	4	NKO	εὐδοκήσαμεν	eudokēsamen	G2106	V-AAI-1P	εὐδοκέω	to delight	we thought it best	NA28+NA27+Tyn+SBL+WH+Treg+TR+Byz	
3	1	5	NKO	καταλειφθῆναι	kataleiphthēnai	G2641	V-APN	καταλείπω	to leave behind	to be left behind	NA28+NA27+Tyn+SBL+WH+Treg+TR+Byz	
3	1	6	NKO	ἐν	en	G1722	PREP	ἐν	in/on/among	in	NA28+NA27+Tyn+SBL+WH+Treg+TR+Byz	
3	1	7	NKO	Ἀθήναις	Athēnais	G0116	N-DPF-L	Ἀθῆναι	Athens	Athens	NA28+NA27+Tyn+SBL+WH+Treg+TR+Byz	
3	1	8	NKO	μόνοι	monoi	G3441	A-NPM	μόνος	alone	alone	NA28+NA27+Tyn+SBL+WH+Treg+TR+Byz	
3	2	1	NKO	καὶ	kai	G2532	CONJ	καί	and	and	NA28+NA27+Tyn+SBL+WH+Treg+TR+Byz	
3	2	2	NKO	ἐπέμψαμεν	epempsamen	G3992	V-AAI-1P	πέμπω	to send	we sent	NA28+NA27+Tyn+SBL+WH+Treg+TR+Byz	
3	2	3	NKO	Τιμόθεον	Timotheon	G5095	N-ASM-P	Τιμόθεος	Timothy	Timothy	NA28+NA27+Tyn+SBL+WH+Treg+TR+Byz	
3	2	4	NKO	τὸν	ton	G3588	T-ASM	ὁ	the/this/who	the	NA28+NA27+Tyn+SBL+WH+Treg+TR+Byz	
3	2	5	NKO	ἀδελφὸν	adelphon	G0080	N-ASM	ἀδελφός	brother	brother	NA28+NA27+Tyn+SBL+WH+Treg+TR+Byz	
3	2	6	NKO	ἡμῶν	hēmōn	G3165	P-1GP	ἐγώ	I/we	of us	NA28+NA27+Tyn+SBL+WH+Treg+TR+Byz	
3	2	7	NKO	καὶ	kai	G2532	CONJ	καί	and	and	NA28+NA27+Tyn+SBL+WH+Treg+TR+Byz	
3	2	8	KO	διάκονον	diakonon	G1249	N-ASM	διάκονος	servant	servant	Tyn+WH+Treg+TR+Byz	
3	2	9	K	καὶ	kai	G2532	CONJ	καί	and	and	TR+Byz	
3	2	10	NKO	συνεργὸν	sunergon	G4904	A-ASM	συνεργός	co-worker	fellow worker	NA28+NA27+SBL+TR+Byz	
3	2	11	K	ἡμῶν	hēmōn	G3165	P-1GP	ἐγώ	I/we	of us	TR+Byz	
3	2	12	NKO	τοῦ	tou	G3588	T-GSM	ὁ	the/this/who	<the>	NA28+NA27+Tyn«4+SBL+WH«4+Treg«4+TR«4+Byz«4	
3	2	13	NKO	θεοῦ	theou	G2316	N-GSM-T	θεός	God	of God	NA28+NA27+Tyn«5+SBL+WH«5+Treg«5+TR«5+Byz«5	
3	2	14	NKO	ἐν	en	G1722	PREP	ἐν	in/on/among	in	NA28+NA27+Tyn+SBL+WH+Treg+TR+Byz	
3	2	15	NKO	τῷ	tō	G3588	T-DSN	ὁ	the/this/who	the	NA28+NA27+Tyn+SBL+WH+Treg+TR+Byz	
3	2	16	NKO	εὐαγγελίῳ	euangeliō	G2098	N-DSN	εὐαγγέλιον	gospel	gospel	NA28+NA27+Tyn+SBL+WH+Treg+TR+Byz	
3	2	17	NKO	τοῦ	tou	G3588	T-GSM	ὁ	the/this/who	<the>	NA28+NA27+Tyn+SBL+WH+Treg+TR+Byz	
3	2	18	NKO	Χριστοῦ	Christou	G5547	N-GSM-T	Χριστός	Christ	of Christ	NA28+NA27+Tyn+SBL+WH+Treg+TR+Byz	
3	2	19	NKO	εἰς	eis	G1519	PREP	εἰς	toward	in order	NA28+NA27+Tyn+SBL+WH+Treg+TR+Byz	
3	2	20	NKO	τὸ	to	G3588	T-ASN	ὁ	the/this/who	<the>	NA28+NA27+Tyn+SBL+WH+Treg+TR+Byz	
3	2	21	NKO	στηρίξαι	stērixai	G4741	V-AAN	στηρίζω	to establish	to strengthen	NA28+NA27+Tyn+SBL+WH+Treg+TR+Byz	
3	2	22	NKO	ὑμᾶς	humas	G4771	P-2AP	σύ	you	you	NA28+NA27+Tyn+SBL+WH+Treg+TR+Byz	
3	2	23	NKO	καὶ	kai	G2532	CONJ	καί	and	and	NA28+NA27+Tyn+SBL+WH+Treg+TR+Byz	
3	2	24	NKO	παρακαλέσαι	parakalesai	G3870	V-AAN	παρακαλέω	to plead/comfort	to encourage	NA28+NA27+Tyn+SBL+WH+Treg+TR+Byz	
3	2	25	k	ὑμᾶς	humas	G4771	P-2AP	σύ	you	you	TR+Byz	
3	2	26	N(k)O	ὑπὲρ	huper	G5228	PREP	ὑπέρ	above/for	concerning	NA28+NA27+Tyn+SBL+WH+Treg	
3	2	27	NKO	τῆς	tēs	G3588	T-GSF	ὁ	the/this/who	the	NA28+NA27+Tyn+SBL+WH+Treg+TR+Byz	
3	2	28	NKO	πίστεως	pisteōs	G4102G	N-GSF	πίστις	faith	faith	NA28+NA27+Tyn+SBL+WH+Treg+TR+Byz	
3	2	29	NKO	ὑμῶν,	humōn	G4771	P-2GP	σύ	you	of you,	NA28+NA27+Tyn+SBL+WH+Treg+TR+Byz	
3	3	1	N(k)O	τὸ	to	G3588	T-ASN	ὁ	the/this/who	<the>	NA28+NA27+Tyn+SBL+WH+Treg+Byz	
3	3	2	NKO	μηδένα	mēdena	G3367	A-ASM	μηδείς	nothing	no one [is]	NA28+NA27+Tyn+SBL+WH+Treg+TR+Byz	
3	3	3	NKO	σαίνεσθαι	sainesthai	G4525	V-PPN	σαίνω	to shake	to be moved	NA28+NA27+Tyn+SBL+WH+Treg+TR+Byz	
3	3	4	NKO	ἐν	en	G1722	PREP	ἐν	in/on/among	by	NA28+NA27+Tyn+SBL+WH+Treg+TR+Byz	
3	3	5	NKO	ταῖς	tais	G3588	T-DPF	ὁ	the/this/who	<the>	NA28+NA27+Tyn+SBL+WH+Treg+TR+Byz	
3	3	6	NKO	θλίψεσιν	thlipsesin	G2347	N-DPF	θλῖψις	pressure	tribulations	NA28+NA27+Tyn+SBL+WH+Treg+TR+Byz	
3	3	7	NKO	ταύταις·	tautais	G3778	D-DPF	οὗτος	this/he/she/it	these;	NA28+NA27+Tyn+SBL+WH+Treg+TR+Byz	
3	3	8	NKO	αὐτοὶ	autoi	G0846	P-NPM	αὐτός	he/she/it/self	Yourselves	NA28+NA27+Tyn+SBL+WH+Treg+TR+Byz	
3	3	9	NKO	γὰρ	gar	G1063	CONJ	γάρ	for	for	NA28+NA27+Tyn+SBL+WH+Treg+TR+Byz	
3	3	10	NKO	οἴδατε	oidate	G6063	V-RAI-2P	εἴδω	to perceive	you know	NA28+NA27+Tyn+SBL+WH+Treg+TR+Byz	
3	3	11	NKO	ὅτι	hoti	G3754G	CONJ	ὅτι	that/since	that	NA28+NA27+Tyn+SBL+WH+Treg+TR+Byz	
3	3	12	NKO	εἰς	eis	G1519	PREP	εἰς	toward	for	NA28+NA27+Tyn+SBL+WH+Treg+TR+Byz	
3	3	13	NKO	τοῦτο	touto	G3778	D-ASN	οὗτος	this/he/she/it	this	NA28+NA27+Tyn+SBL+WH+Treg+TR+Byz	
3	3	14	NKO	κείμεθα·	keimetha	G2749	V-PNI-1P	κεῖμαι	to lay/be appointed	we are destined;	NA28+NA27+Tyn+SBL+WH+Treg+TR+Byz	
3	4	1	NKO	καὶ	kai	G2532	CONJ	καί	and	And	NA28+NA27+Tyn+SBL+WH+Treg+TR+Byz	
3	4	2	NKO	γὰρ	gar	G1063	CONJ	γάρ	for	indeed	NA28+NA27+Tyn+SBL+WH+Treg+TR+Byz	
3	4	3	NKO	ὅτε	hote	G3753	CONJ	ὅτε	when	when	NA28+NA27+Tyn+SBL+WH+Treg+TR+Byz	
3	4	4	NKO	πρὸς	pros	G4314	PREP	πρός	to/with	with	NA28+NA27+Tyn+SBL+WH+Treg+TR+Byz	
3	4	5	NKO	ὑμᾶς	humas	G4771	P-2AP	σύ	you	you	NA28+NA27+Tyn+SBL+WH+Treg+TR+Byz	
3	4	6	NKO	ἦμεν,	ēmen	G1510	V-IAI-1P	εἰμί	to be	we were,	NA28+NA27+Tyn+SBL+WH+Treg+TR+Byz	
3	4	7	NKO	προελέγομεν	proelegomen	G4302	V-IAI-1P	προλέγω	to foretell	we were telling beforehand	NA28+NA27+Tyn+SBL+WH+Treg+TR+Byz	
3	4	8	NKO	ὑμῖν	humin	G4771	P-2DP	σύ	you	you	NA28+NA27+Tyn+SBL+WH+Treg+TR+Byz	
3	4	9	NKO	ὅτι	hoti	G3754G	CONJ	ὅτι	that/since	that	NA28+NA27+Tyn+SBL+WH+Treg+TR+Byz	
3	4	10	NKO	μέλλομεν	mellomen	G3195	V-PAI-1P	μέλλω	to ensue	we are about	NA28+NA27+Tyn+SBL+WH+Treg+TR+Byz	
3	4	11	NKO	θλίβεσθαι	thlibesthai	G2346	V-PPN	θλίβω	to press on	to suffer affliction	NA28+NA27+Tyn+SBL+WH+Treg+TR+Byz	
3	4	12	NKO	καθὼς	kathōs	G2531	CONJ	καθώς	as/just as	even as	NA28+NA27+Tyn+SBL+WH+Treg+TR+Byz	
3	4	13	NKO	καὶ	kai	G2532	CONJ	καί	and	also	NA28+NA27+Tyn+SBL+WH+Treg+TR+Byz	
3	4	14	NKO	ἐγένετο	egeneto	G1096	V-2ADI-3S	γίνομαι	to be	it came to pass	NA28+NA27+Tyn+SBL+WH+Treg+TR+Byz	
3	4	15	NKO	καὶ	kai	G2532	CONJ	καί	and	and	NA28+NA27+Tyn+SBL+WH+Treg+TR+Byz	
3	4	16	NKO	οἴδατε·	oidate	G6063	V-RAI-2P	εἴδω	to perceive	you know;	NA28+NA27+Tyn+SBL+WH+Treg+TR+Byz	
3	5	1	NKO	διὰ	dia	G1223	PREP	διά	through/because of	Because of	NA28+NA27+Tyn+SBL+WH+Treg+TR+Byz	
3	5	2	NKO	τοῦτο	touto	G3778	D-ASN	οὗτος	this/he/she/it	this	NA28+NA27+Tyn+SBL+WH+Treg+TR+Byz	
3	5	3	NKO	κἀγὼ	kagō	G1473	P-1NS + G2532=CONJ	κἀγώ	and I	I myself also	NA28+NA27+Tyn+SBL+WH+Treg+TR+Byz	
3	5	4	NKO	μηκέτι	mēketi	G3371	ADV-N	μηκέτι	never again	no longer	NA28+NA27+Tyn+SBL+WH+Treg+TR+Byz	
3	5	5	NKO	στέγων	stegōn	G4722	V-PAP-NSM	στέγω	to endure	enduring	NA28+NA27+Tyn+SBL+WH+Treg+TR+Byz	
3	5	6	NKO	ἔπεμψα	epempsa	G3992	V-AAI-1S	πέμπω	to send	I sent	NA28+NA27+Tyn+SBL+WH+Treg+TR+Byz	
3	5	7	NKO	εἰς	eis	G1519	PREP	εἰς	toward	in order	NA28+NA27+Tyn+SBL+WH+Treg+TR+Byz	
3	5	8	NKO	τὸ	to	G3588	T-ASN	ὁ	the/this/who	<the>	NA28+NA27+Tyn+SBL+WH+Treg+TR+Byz	
3	5	9	NKO	γνῶναι	gnōnai	G1097	V-2AAN	γινώσκω	to know	to know	NA28+NA27+Tyn+SBL+WH+Treg+TR+Byz	
3	5	10	NKO	τὴν	tēn	G3588	T-ASF	ὁ	the/this/who	the	NA28+NA27+Tyn+SBL+WH+Treg+TR+Byz	
3	5	11	NKO	πίστιν	pistin	G4102G	N-ASF	πίστις	faith	faith	NA28+NA27+Tyn+SBL+WH+Treg+TR+Byz	
3	5	12	NKO	ὑμῶν,	humōn	G4771	P-2GP	σύ	you	of you,	NA28+NA27+Tyn+SBL+WH+Treg+TR+Byz	
3	5	13	NKO	μή	mē	G3361	PRT-N	μή	not	lest	NA28+NA27+Tyn+SBL+WH+Treg+TR»1+Byz	
3	5	14	NKO	πως	pōs	G4458	PRT	πως	how	perhaps	NA28+NA27+Tyn+SBL+WH+Treg+TR+Byz	
3	5	15	NKO	ἐπείρασεν	epeirasen	G3985G	V-AAI-3S	πειράζω	to test/tempt	tempted	NA28+NA27+Tyn+SBL+WH+Treg+TR+Byz	
3	5	16	NKO	ὑμᾶς	humas	G4771	P-2AP	σύ	you	you	NA28+NA27+Tyn+SBL+WH+Treg+TR+Byz	
3	5	17	NKO	ὁ	ho	G3588	T-NSM	ὁ	the/this/who	the [one]	NA28+NA27+Tyn+SBL+WH+Treg+TR+Byz	
3	5	18	NKO	πειράζων	peirazōn	G3985G	V-PAP-NSM	πειράζω	to test/tempt	tempting	NA28+NA27+Tyn+SBL+WH+Treg+TR+Byz	
3	5	19	NKO	καὶ	kai	G2532	CONJ	καί	and	and	NA28+NA27+Tyn+SBL+WH+Treg+TR+Byz	
3	5	20	NKO	εἰς	eis	G1519	PREP	εἰς	toward	in	NA28+NA27+Tyn+SBL+WH+Treg+TR+Byz	
3	5	21	NKO	κενὸν	kenon	G2756	A-ASN	κενός	empty	vain	NA28+NA27+Tyn+SBL+WH+Treg+TR+Byz	
3	5	22	NKO	γένηται	genētai	G1096	V-2ADS-3S	γίνομαι	to be	may be	NA28+NA27+Tyn+SBL+WH+Treg+TR+Byz	
3	5	23	NKO	ὁ	ho	G3588	T-NSM	ὁ	the/this/who	the	NA28+NA27+Tyn+SBL+WH+Treg+TR+Byz	
3	5	24	NKO	κόπος	kopos	G2873	N-NSM	κόπος	labor	labor	NA28+NA27+Tyn+SBL+WH+Treg+TR+Byz	
3	5	25	NKO	ἡμῶν.	hēmōn	G3165	P-1GP	ἐγώ	I/we	of us.	NA28+NA27+Tyn+SBL+WH+Treg+TR+Byz	
3	6	1	NKO	ἄρτι	arti	G0737	ADV	ἄρτι	now	Presently	NA28+NA27+Tyn+SBL+WH+Treg+TR+Byz	
3	6	2	NKO	δὲ	de	G1161	CONJ	δέ	but/and	however	NA28+NA27+Tyn+SBL+WH+Treg+TR+Byz	
3	6	3	NKO	ἐλθόντος	elthontos	G2064	V-2AAP-GSM	ἔρχομαι	to come/go	when was coming	NA28+NA27+Tyn+SBL+WH+Treg+TR+Byz	
3	6	4	NKO	Τιμοθέου	Timotheou	G5095	N-GSM-P	Τιμόθεος	Timothy	Timothy	NA28+NA27+Tyn+SBL+WH+Treg+TR+Byz	
3	6	5	NKO	πρὸς	pros	G4314	PREP	πρός	to/with	to	NA28+NA27+Tyn+SBL+WH+Treg+TR+Byz	
3	6	6	NKO	ἡμᾶς	hēmas	G3165	P-1AP	ἐγώ	I/we	us	NA28+NA27+Tyn+SBL+WH+Treg+TR+Byz	
3	6	7	NKO	ἀφ᾽	aph᾽	G0575	PREP	ἀπό	away from	from	NA28+NA27+Tyn+SBL+WH+Treg+TR+Byz	
3	6	8	NKO	ὑμῶν	humōn	G4771	P-2GP	σύ	you	you	NA28+NA27+Tyn+SBL+WH+Treg+TR+Byz	
3	6	9	NKO	καὶ	kai	G2532	CONJ	καί	and	and	NA28+NA27+Tyn+SBL+WH+Treg+TR+Byz	
3	6	10	NKO	εὐαγγελισαμένου	euangelisamenou	G2097	V-AMP-GSM	εὐαγγελίζομαι	to speak good news	having evangelised	NA28+NA27+Tyn+SBL+WH+Treg+TR+Byz	
3	6	11	NKO	ἡμῖν	hēmin	G3165	P-1DP	ἐγώ	I/we	to us	NA28+NA27+Tyn+SBL+WH+Treg+TR+Byz	
3	6	12	NKO	τὴν	tēn	G3588	T-ASF	ὁ	the/this/who	of the	NA28+NA27+Tyn+SBL+WH+Treg+TR+Byz	
3	6	13	NKO	πίστιν	pistin	G4102G	N-ASF	πίστις	faith	faith	NA28+NA27+Tyn+SBL+WH+Treg+TR+Byz	
3	6	14	NKO	καὶ	kai	G2532	CONJ	καί	and	and	NA28+NA27+Tyn+SBL+WH+Treg+TR+Byz	
3	6	15	NKO	τὴν	tēn	G3588	T-ASF	ὁ	the/this/who	the	NA28+NA27+Tyn+SBL+WH+Treg+TR+Byz	
3	6	16	NKO	ἀγάπην	agapēn	G0026	N-ASF	ἀγάπη	love	love	NA28+NA27+Tyn+SBL+WH+Treg+TR+Byz	
3	6	17	NKO	ὑμῶν	humōn	G4771	P-2GP	σύ	you	of you	NA28+NA27+Tyn+SBL+WH+Treg+TR+Byz	
3	6	18	NKO	καὶ	kai	G2532	CONJ	καί	and	and	NA28+NA27+Tyn+SBL+WH+Treg+TR+Byz	
3	6	19	NKO	ὅτι	hoti	G3754G	CONJ	ὅτι	that/since	that	NA28+NA27+Tyn+SBL+WH+Treg+TR+Byz	
3	6	20	NKO	ἔχετε	echete	G2192	V-PAI-2P	ἔχω	to have/be	you have	NA28+NA27+Tyn+SBL+WH+Treg+TR+Byz	
3	6	21	NKO	μνείαν	mneian	G3417	N-ASF	μνεία	remembrance	a remembrance	NA28+NA27+Tyn+SBL+WH+Treg+TR+Byz	
3	6	22	NKO	ἡμῶν	hēmōn	G3165	P-1GP	ἐγώ	I/we	of us	NA28+NA27+Tyn+SBL+WH+Treg+TR+Byz	
3	6	23	NKO	ἀγαθὴν	agathēn	G0018	A-ASF	ἀγαθός	good-doer	good	NA28+NA27+Tyn+SBL+WH+Treg+TR+Byz	
3	6	24	NKO	πάντοτε	pantote	G3842	ADV	πάντοτε	always	always	NA28+NA27+Tyn+SBL+WH+Treg+TR+Byz	
3	6	25	NKO	ἐπιποθοῦντες	epipothountes	G1971	V-PAP-NPM	ἐπιποθέω	to long for	longing	NA28+NA27+Tyn+SBL+WH+Treg+TR+Byz	
3	6	26	NKO	ἡμᾶς	hēmas	G3165	P-1AP	ἐγώ	I/we	us	NA28+NA27+Tyn+SBL+WH+Treg+TR+Byz	
3	6	27	NKO	ἰδεῖν	idein	G1492H	V-2AAN	εἴδω	to perceive	to see	NA28+NA27+Tyn+SBL+WH+Treg+TR+Byz	
3	6	28	NKO	καθάπερ	kathaper	G2509	CONJ	καθάπερ	just as	just as	NA28+NA27+Tyn+SBL+WH+Treg+TR+Byz	
3	6	29	NKO	καὶ	kai	G2532	CONJ	καί	and	also	NA28+NA27+Tyn+SBL+WH+Treg+TR+Byz	
3	6	30	NKO	ἡμεῖς	hēmeis	G3165	P-1NP	ἐγώ	I/we	we ourselves	NA28+NA27+Tyn+SBL+WH+Treg+TR+Byz	
3	6	31	NKO	ὑμᾶς,	humas	G4771	P-2AP	σύ	you	you,	NA28+NA27+Tyn+SBL+WH+Treg+TR+Byz	
3	7	1	NKO	διὰ	dia	G1223	PREP	διά	through/because of	because of	NA28+NA27+Tyn+SBL+WH+Treg+TR+Byz	
3	7	2	NKO	τοῦτο	touto	G3778	D-ASN	οὗτος	this/he/she/it	this	NA28+NA27+Tyn+SBL+WH+Treg+TR+Byz	
3	7	3	NKO	παρεκλήθημεν,	pareklēthēmen	G3870	V-API-1P	παρακαλέω	to plead/comfort	we were encouraged,	NA28+NA27+Tyn+SBL+WH+Treg+TR+Byz	
3	7	4	NKO	ἀδελφοί,	adelphoi	G0080	N-VPM	ἀδελφός	brother	brothers,	NA28+NA27+Tyn+SBL+WH+Treg+TR+Byz	
3	7	5	NKO	ἐφ᾽	eph᾽	G1909	PREP	ἐπί	upon/to/against	as to	NA28+NA27+Tyn+SBL+WH+Treg+TR+Byz	
3	7	6	NKO	ὑμῖν	humin	G4771	P-2DP	σύ	you	you	NA28+NA27+Tyn+SBL+WH+Treg+TR+Byz	
3	7	7	NKO	ἐπὶ	epi	G1909	PREP	ἐπί	upon/to/against	in	NA28+NA27+Tyn+SBL+WH+Treg+TR+Byz	
3	7	8	NKO	πάσῃ	pasē	G3956	A-DSF	πᾶς	all	all	NA28+NA27+Tyn+SBL+WH+Treg+TR+Byz	
3	7	9	NKO	τῇ	tēa	G3588	T-DSF	ὁ	the/this/who	the	NA28+NA27+Tyn+SBL+WH+Treg+TR+Byz	
3	7	10	NKO	ἀνάγκῃ	anagkē	G0318	N-DSF	ἀνάγκη	necessity	distress	NA28+NA27+Tyn+SBL+WH+Treg+TR»2+Byz»2	
3	7	11	NKO	καὶ	kai	G2532	CONJ	καί	and	and	NA28+NA27+Tyn+SBL+WH+Treg+TR+Byz	
3	7	12	NKO	θλίψει	thlipsei	G2347	N-DSF	θλῖψις	pressure	tribulation	NA28+NA27+Tyn+SBL+WH+Treg+TR+Byz«2	
3	7	13	NKO	ἡμῶν	hēmōn	G3165	P-1GP	ἐγώ	I/we	of us	NA28+NA27+Tyn+SBL+WH+Treg+TR+Byz	
3	7	14	NKO	διὰ	dia	G1223	PREP	διά	through/because of	through	NA28+NA27+Tyn+SBL+WH+Treg+TR+Byz	
3	7	15	NKO	τῆς	tēs	G3588	T-GSF	ὁ	the/this/who	<the>	NA28+NA27+Tyn+SBL+WH+Treg+TR+Byz	
3	7	16	NKO	ὑμῶν	humōn	G4771	P-2GP	σύ	you	your	NA28+NA27+Tyn+SBL+WH+Treg+TR+Byz	
3	7	17	NKO	πίστεως·	pisteōs	G4102G	N-GSF	πίστις	faith	faith;	NA28+NA27+Tyn+SBL+WH+Treg+TR+Byz	
3	8	1	NKO	ὅτι	hoti	G3754H	CONJ	ὅτι	that/since	For	NA28+NA27+Tyn+SBL+WH+Treg+TR+Byz	
3	8	2	NKO	νῦν	nun	G3568	ADV	νῦν	now	now	NA28+NA27+Tyn+SBL+WH+Treg+TR+Byz	
3	8	3	NKO	ζῶμεν,	zōmen	G2198	V-PAI-1P	ζάω	to live	we live,	NA28+NA27+Tyn+SBL+WH+Treg+TR+Byz	
3	8	4	NKO	ἐὰν	ean	G1437	COND	ἐάν	if	if	NA28+NA27+Tyn+SBL+WH+Treg+TR+Byz	
3	8	5	NKO	ὑμεῖς	humeis	G4771	P-2NP	σύ	you	you yourselves	NA28+NA27+Tyn+SBL+WH+Treg+TR+Byz	
3	8	6	N(k)O	στήκετε	stēkete	G4739	V-PAI-2P	στήκω	to stand	are standing firm	NA28+NA27+Tyn+SBL+WH+Treg+Byz	
3	8	7	NKO	ἐν	en	G1722	PREP	ἐν	in/on/among	in	NA28+NA27+Tyn+SBL+WH+Treg+TR+Byz	
3	8	8	NKO	κυρίῳ.	kuriō	G2962G	N-DSM-T	κύριος	lord	[the] Lord.	NA28+NA27+Tyn+SBL+WH+Treg+TR+Byz	
3	9	1	NKO	τίνα	tina	G5101	I-ASF	τίς	which?	What	NA28+NA27+Tyn+SBL+WH+Treg+TR+Byz	
3	9	2	NKO	γὰρ	gar	G1063	CONJ	γάρ	for	for	NA28+NA27+Tyn+SBL+WH+Treg+TR+Byz	
3	9	3	NKO	εὐχαριστίαν	eucharistian	G2169	N-ASF	εὐχαριστία	thankfulness	thanksgiving	NA28+NA27+Tyn+SBL+WH+Treg+TR+Byz	
3	9	4	NKO	δυνάμεθα	dunametha	G1410	V-PNI-1P	δύναμαι	be able	are we able	NA28+NA27+Tyn+SBL+WH+Treg+TR+Byz	
3	9	5	NKO	τῷ	tō	G3588	T-DSM	ὁ	the/this/who	<the>	NA28+NA27+Tyn+SBL+WH+Treg+TR+Byz	
3	9	6	NKO	θεῷ	theō	G2316	N-DSM-T	θεός	God	to God	NA28+NA27+Tyn+SBL+WH+Treg+TR+Byz	
3	9	7	NKO	ἀνταποδοῦναι	antapodounai	G0467	V-2AAN	ἀνταποδίδωμι	to repay	to give	NA28+NA27+Tyn+SBL+WH+Treg+TR+Byz	
3	9	8	NKO	περὶ	peri	G4012	PREP	περί	about	concerning	NA28+NA27+Tyn+SBL+WH+Treg+TR+Byz	
3	9	9	NKO	ὑμῶν	humōn	G4771	P-2GP	σύ	you	you	NA28+NA27+Tyn+SBL+WH+Treg+TR+Byz	
3	9	10	NKO	ἐπὶ	epi	G1909	PREP	ἐπί	upon/to/against	in return for	NA28+NA27+Tyn+SBL+WH+Treg+TR+Byz	
3	9	11	NKO	πάσῃ	pasē	G3956	A-DSF	πᾶς	all	all	NA28+NA27+Tyn+SBL+WH+Treg+TR+Byz	
3	9	12	NKO	τῇ	tēa	G3588	T-DSF	ὁ	the/this/who	the	NA28+NA27+Tyn+SBL+WH+Treg+TR+Byz	
3	9	13	NKO	χαρᾷ	chara	G5479	N-DSF	χαρά	joy	joy	NA28+NA27+Tyn+SBL+WH+Treg+TR+Byz	
3	9	14	NKO	ᾗ	hē	G3739	R-DSF	ὅς, ἥ	which	that	NA28+NA27+Tyn+SBL+WH+Treg+TR+Byz	
3	9	15	NKO	χαίρομεν	chairomen	G5463	V-PAI-1P	χαίρω	to rejoice	we rejoice	NA28+NA27+Tyn+SBL+WH+Treg+TR+Byz	
3	9	16	NKO	δι᾽	di᾽	G1223	PREP	διά	through/because of	because of	NA28+NA27+Tyn+SBL+WH+Treg+TR+Byz	
3	9	17	NKO	ὑμᾶς	humas	G4771	P-2AP	σύ	you	you	NA28+NA27+Tyn+SBL+WH+Treg+TR+Byz	
3	9	18	NKO	ἔμπροσθεν	emprosthen	G1715	PREP	ἔμπροσθεν	before	before	NA28+NA27+Tyn+SBL+WH+Treg+TR+Byz	
3	9	19	NKO	τοῦ	tou	G3588	T-GSM	ὁ	the/this/who	the	NA28+NA27+Tyn+SBL+WH+Treg+TR+Byz	
3	9	20	NKO	θεοῦ	theou	G2316	N-GSM-T	θεός	God	God	NA28+NA27+Tyn+SBL+WH+Treg+TR+Byz	
3	9	21	NKO	ἡμῶν,	hēmōn	G3165	P-1GP	ἐγώ	I/we	of us,	NA28+NA27+Tyn+SBL+WH+Treg+TR+Byz	
3	10	1	NKO	νυκτὸς	nuktos	G3571	N-GSF	νύξ	night	by night	NA28+NA27+Tyn+SBL+WH+Treg+TR+Byz	
3	10	2	NKO	καὶ	kai	G2532	CONJ	καί	and	and	NA28+NA27+Tyn+SBL+WH+Treg+TR+Byz	
3	10	3	NKO	ἡμέρας	hēmeras	G2250	N-GSF	ἡμέρα	day	day	NA28+NA27+Tyn+SBL+WH+Treg+TR+Byz	
3	10	4	NKO	ὑπερεκπερισσοῦ	huperekperissou	G5228	PREP + G1537=PREP + G4057=ADV	ὑπέρ	above/for + ἐκ=out from + περισσῶς=more-abundantly	super overexcessively	NA28+NA27+Tyn+SBL+WH+Treg+TR+Byz	
3	10	5	NKO	δεόμενοι	deomenoi	G1189	V-PNP-NPM	δέομαι	to pray	imploring	NA28+NA27+Tyn+SBL+WH+Treg+TR+Byz	
3	10	6	NKO	εἰς	eis	G1519	PREP	εἰς	toward	for [us]	NA28+NA27+Tyn+SBL+WH+Treg+TR+Byz	
3	10	7	NKO	τὸ	to	G3588	T-ASN	ὁ	the/this/who	<the>	NA28+NA27+Tyn+SBL+WH+Treg+TR+Byz	
3	10	8	NKO	ἰδεῖν	idein	G1492H	V-2AAN	εἴδω	to perceive	to see	NA28+NA27+Tyn+SBL+WH+Treg+TR+Byz	
3	10	9	NKO	ὑμῶν	humōn	G4771	P-2GP	σύ	you	your	NA28+NA27+Tyn+SBL+WH+Treg+TR+Byz	
3	10	10	NKO	τὸ	to	G3588	T-ASN	ὁ	the/this/who	<the>	NA28+NA27+Tyn+SBL+WH+Treg+TR+Byz	
3	10	11	NKO	πρόσωπον	prosōpon	G4383	N-ASN	πρόσωπον	face	face	NA28+NA27+Tyn+SBL+WH+Treg+TR+Byz	
3	10	12	NKO	καὶ	kai	G2532	CONJ	καί	and	and	NA28+NA27+Tyn+SBL+WH+Treg+TR+Byz	
3	10	13	NKO	καταρτίσαι	katartisai	G2675	V-AAN	καταρτίζω	to complete	to supply	NA28+NA27+Tyn+SBL+WH+Treg+TR+Byz	
3	10	14	NKO	τὰ	ta	G3588	T-APN	ὁ	the/this/who	the [things]	NA28+NA27+Tyn+SBL+WH+Treg+TR+Byz	
3	10	15	NKO	ὑστερήματα	husterēmata	G5303	N-APN	ὑστέρημα	deficiency	lacking	NA28+NA27+Tyn+SBL+WH+Treg+TR+Byz	
3	10	16	NKO	τῆς	tēs	G3588	T-GSF	ὁ	the/this/who	in the	NA28+NA27+Tyn+SBL+WH+Treg+TR+Byz	
3	10	17	NKO	πίστεως	pisteōs	G4102G	N-GSF	πίστις	faith	faith	NA28+NA27+Tyn+SBL+WH+Treg+TR+Byz	
3	10	18	NKO	ὑμῶν;¶	humōn	G4771	P-2GP	σύ	you	of you?	NA28+NA27+Tyn+SBL+WH+Treg+TR+Byz	
3	11	1	NKO	Αὐτὸς	Autos	G0846	P-NSM	αὐτός	he/she/it/self	Himself	NA28+NA27+Tyn+SBL+WH+Treg+TR+Byz	
3	11	2	NKO	δὲ	de	G1161	CONJ	δέ	but/and	now	NA28+NA27+Tyn+SBL+WH+Treg+TR+Byz	
3	11	3	NKO	ὁ	ho	G3588	T-NSM	ὁ	the/this/who	the	NA28+NA27+Tyn+SBL+WH+Treg+TR+Byz	
3	11	4	NKO	θεὸς	theos	G2316	N-NSM-T	θεός	God	God	NA28+NA27+Tyn+SBL+WH+Treg+TR+Byz	
3	11	5	NKO	καὶ	kai	G2532	CONJ	καί	and	and	NA28+NA27+Tyn+SBL+WH+Treg+TR+Byz	
3	11	6	NKO	πατὴρ	patēr	G3962	N-NSM-T	πατήρ	father	Father	NA28+NA27+Tyn+SBL+WH+Treg+TR+Byz	
3	11	7	NKO	ἡμῶν	hēmōn	G3165	P-1GP	ἐγώ	I/we	of us	NA28+NA27+Tyn+SBL+WH+Treg+TR+Byz	
3	11	8	NKO	καὶ	kai	G2532	CONJ	καί	and	and	NA28+NA27+Tyn+SBL+WH+Treg+TR+Byz	
3	11	9	NKO	ὁ	ho	G3588	T-NSM	ὁ	the/this/who	the	NA28+NA27+Tyn+SBL+WH+Treg+TR+Byz	
3	11	10	NKO	κύριος	kurios	G2962G	N-NSM-T	κύριος	lord	Lord	NA28+NA27+Tyn+SBL+WH+Treg+TR+Byz	
3	11	11	NKO	ἡμῶν	hēmōn	G3165	P-1GP	ἐγώ	I/we	of us	NA28+NA27+Tyn+SBL+WH+Treg+TR+Byz	
3	11	12	NKO	Ἰησοῦς	Iēsous	G2424G	N-NSM-P	Ἰησοῦς	Jesus/Joshua	Jesus	NA28+NA27+Tyn+SBL+WH+Treg+TR+Byz	
3	11	13	K	Χριστός	Christos	G5547	N-NSM-T	Χριστός	Christ	Christ	TR+Byz	
3	11	14	NKO	κατευθύναι	kateuthunai	G2720	V-AAO-3S	κατευθύνω	to guide	would direct	NA28+NA27+Tyn+SBL+WH+Treg+TR+Byz	
3	11	15	NKO	τὴν	tēn	G3588	T-ASF	ὁ	the/this/who	the	NA28+NA27+Tyn+SBL+WH+Treg+TR+Byz	
3	11	16	NKO	ὁδὸν	hodon	G3598	N-ASF	ὁδός	road	way	NA28+NA27+Tyn+SBL+WH+Treg+TR+Byz	
3	11	17	NKO	ἡμῶν	hēmōn	G3165	P-1GP	ἐγώ	I/we	of us	NA28+NA27+Tyn+SBL+WH+Treg+TR+Byz	
3	11	18	NKO	πρὸς	pros	G4314	PREP	πρός	to/with	to	NA28+NA27+Tyn+SBL+WH+Treg+TR+Byz	
3	11	19	NKO	ὑμᾶς·	humas	G4771	P-2AP	σύ	you	you;	NA28+NA27+Tyn+SBL+WH+Treg+TR+Byz	
3	12	1	NKO	ὑμᾶς	humas	G4771	P-2AP	σύ	you	You	NA28+NA27+Tyn+SBL+WH+Treg+TR+Byz	
3	12	2	NKO	δὲ	de	G1161	CONJ	δέ	but/and	now	NA28+NA27+Tyn+SBL+WH+Treg+TR+Byz	
3	12	3	NKO	ὁ	ho	G3588	T-NSM	ὁ	the/this/who	the	NA28+NA27+Tyn+SBL+WH+Treg+TR+Byz	
3	12	4	NKO	κύριος	kurios	G2962G	N-NSM-T	κύριος	lord	Lord	NA28+NA27+Tyn+SBL+WH+Treg+TR+Byz	
3	12	5	NKO	πλεονάσαι	pleonasai	G4121	V-AAO-3S	πλεονάζω	to increase	would make to increase	NA28+NA27+Tyn+SBL+WH+Treg+TR+Byz	
3	12	6	NKO	καὶ	kai	G2532	CONJ	καί	and	and	NA28+NA27+Tyn+SBL+WH+Treg+TR+Byz	
3	12	7	NKO	περισσεύσαι	perisseusai	G4052	V-AAO-3S	περισσεύω	to abound/exceed	He would abound	NA28+NA27+Tyn+SBL+WH+Treg+TR+Byz	
3	12	8	NKO	τῇ	tēa	G3588	T-DSF	ὁ	the/this/who	<the>	NA28+NA27+Tyn+SBL+WH+Treg+TR+Byz	
3	12	9	NKO	ἀγάπῃ	agapē	G0026	N-DSF	ἀγάπη	love	in love	NA28+NA27+Tyn+SBL+WH+Treg+TR+Byz	
3	12	10	NKO	εἰς	eis	G1519	PREP	εἰς	toward	toward	NA28+NA27+Tyn+SBL+WH+Treg+TR+Byz	
3	12	11	NKO	ἀλλήλους	allēlous	G0240	C-APM	ἀλλήλων	one another	one another	NA28+NA27+Tyn+SBL+WH+Treg+TR+Byz	
3	12	12	NKO	καὶ	kai	G2532	CONJ	καί	and	and	NA28+NA27+Tyn+SBL+WH+Treg+TR+Byz	
3	12	13	NKO	εἰς	eis	G1519	PREP	εἰς	toward	toward	NA28+NA27+Tyn+SBL+WH+Treg+TR+Byz	
3	12	14	NKO	πάντας	pantas	G3956	A-APM	πᾶς	all	all	NA28+NA27+Tyn+SBL+WH+Treg+TR+Byz	
3	12	15	NKO	καθάπερ	kathaper	G2509	CONJ	καθάπερ	just as	just as	NA28+NA27+Tyn+SBL+WH+Treg+TR+Byz	
3	12	16	NKO	καὶ	kai	G2532	CONJ	καί	and	also	NA28+NA27+Tyn+SBL+WH+Treg+TR+Byz	
3	12	17	NKO	ἡμεῖς	hēmeis	G3165	P-1NP	ἐγώ	I/we	we ourselves	NA28+NA27+Tyn+SBL+WH+Treg+TR+Byz	
3	12	18	NKO	εἰς	eis	G1519	PREP	εἰς	toward	toward	NA28+NA27+Tyn+SBL+WH+Treg+TR+Byz	
3	12	19	NKO	ὑμᾶς	humas	G4771	P-2AP	σύ	you	you	NA28+NA27+Tyn+SBL+WH+Treg+TR+Byz	
3	13	1	NKO	εἰς	eis	G1519	PREP	εἰς	toward	in order	NA28+NA27+Tyn+SBL+WH+Treg+TR+Byz	
3	13	2	NKO	τὸ	to	G3588	T-ASN	ὁ	the/this/who	<the>	NA28+NA27+Tyn+SBL+WH+Treg+TR+Byz	
3	13	3	NKO	στηρίξαι	stērixai	G4741	V-AAN	στηρίζω	to establish	to strengthen	NA28+NA27+Tyn+SBL+WH+Treg+TR+Byz	
3	13	4	NKO	ὑμῶν	humōn	G4771	P-2GP	σύ	you	your	NA28+NA27+Tyn+SBL+WH+Treg+TR+Byz	
3	13	5	NKO	τὰς	tas	G3588	T-APF	ὁ	the/this/who	<the>	NA28+NA27+Tyn+SBL+WH+Treg+TR+Byz	
3	13	6	NKO	καρδίας	kardias	G2588	N-APF	καρδία	heart	hearts	NA28+NA27+Tyn+SBL+WH+Treg+TR+Byz	
3	13	7	NKO	ἀμέμπτους	amemptous	G0273	A-APF	ἄμεμπτος	blameless	blameless	NA28+NA27+Tyn+SBL+WH+Treg+TR+Byz	
3	13	8	NKO	ἐν	en	G1722	PREP	ἐν	in/on/among	in	NA28+NA27+Tyn+SBL+WH+Treg+TR+Byz	
3	13	9	NKO	ἁγιωσύνῃ	hagiōsunē	G0042	N-DSF	ἁγιωσύνη	holiness	holiness	NA28+NA27+Tyn+SBL+WH+Treg+TR+Byz	
3	13	10	NKO	ἔμπροσθεν	emprosthen	G1715	PREP	ἔμπροσθεν	before	before	NA28+NA27+Tyn+SBL+WH+Treg+TR+Byz	
3	13	11	NKO	τοῦ	tou	G3588	T-GSM	ὁ	the/this/who	the	NA28+NA27+Tyn+SBL+WH+Treg+TR+Byz	
3	13	12	NKO	θεοῦ	theou	G2316	N-GSM-T	θεός	God	God	NA28+NA27+Tyn+SBL+WH+Treg+TR+Byz	
3	13	13	NKO	καὶ	kai	G2532	CONJ	καί	and	and	NA28+NA27+Tyn+SBL+WH+Treg+TR+Byz	
3	13	14	NKO	πατρὸς	patros	G3962	N-GSM-T	πατήρ	father	Father	NA28+NA27+Tyn+SBL+WH+Treg+TR+Byz	
3	13	15	NKO	ἡμῶν	hēmōn	G3165	P-1GP	ἐγώ	I/we	of us	NA28+NA27+Tyn+SBL+WH+Treg+TR+Byz	
3	13	16	NKO	ἐν	en	G1722	PREP	ἐν	in/on/among	at	NA28+NA27+Tyn+SBL+WH+Treg+TR+Byz	
3	13	17	NKO	τῇ	tēa	G3588	T-DSF	ὁ	the/this/who	the	NA28+NA27+Tyn+SBL+WH+Treg+TR+Byz	
3	13	18	NKO	παρουσίᾳ	parousia	G3952	N-DSF	παρουσία	coming	coming	NA28+NA27+Tyn+SBL+WH+Treg+TR+Byz	
3	13	19	NKO	τοῦ	tou	G3588	T-GSM	ὁ	the/this/who	of the	NA28+NA27+Tyn+SBL+WH+Treg+TR+Byz	
3	13	20	NKO	κυρίου	kuriou	G2962G	N-GSM-T	κύριος	lord	Lord	NA28+NA27+Tyn+SBL+WH+Treg+TR+Byz	
3	13	21	NKO	ἡμῶν	hēmōn	G3165	P-1GP	ἐγώ	I/we	of us	NA28+NA27+Tyn+SBL+WH+Treg+TR+Byz	
3	13	22	NKO	Ἰησοῦ	Iēsou	G2424G	N-GSM-P	Ἰησοῦς	Jesus/Joshua	Jesus	NA28+NA27+Tyn+SBL+WH+Treg+TR+Byz	
3	13	23	K	Χριστοῦ	Christou	G5547	N-GSM-T	Χριστός	Christ	Christ	TR+Byz	
3	13	24	NKO	μετὰ	meta	G3326	PREP	μετά	with/after	with	NA28+NA27+Tyn+SBL+WH+Treg+TR+Byz	
3	13	25	NKO	πάντων	pantōn	G3956	A-GPM	πᾶς	all	all	NA28+NA27+Tyn+SBL+WH+Treg+TR+Byz	
3	13	26	NKO	τῶν	tōn	G3588	T-GPM	ὁ	the/this/who	the	NA28+NA27+Tyn+SBL+WH+Treg+TR+Byz	
3	13	27	NKO	ἁγίων	hagiōn	G0040H	A-GPM	ἅγιος	holy	saints	NA28+NA27+Tyn+SBL+WH+Treg+TR+Byz	
3	13	28	NKO	αὐτοῦ	autou	G0846	P-GSM	αὐτός	he/she/it/self	of Him	NA28+NA27+Tyn+SBL+WH+Treg+TR+Byz	
3	13	29	N	ἀμήν.¶	amēn	G0281	INJ-HEB	ἀμήν	amen	Amen.	NA28+NA27	
4	1	1	NKO	Λοιπὸν	Loipon	G3063	A-ASN	λοιπόν	henceforth	Finally	NA28+NA27+Tyn+SBL+WH+Treg+TR+Byz	
4	1	2	NKO	οὖν,	oun	G3767	CONJ	οὖν	therefore/then	then,	NA28+NA27+Tyn+SBL+Treg+TR+Byz	
4	1	3	NKO	ἀδελφοί,	adelphoi	G0080	N-VPM	ἀδελφός	brother	brothers,	NA28+NA27+Tyn+SBL+WH+Treg+TR+Byz	
4	1	4	NKO	ἐρωτῶμεν	erōtōmen	G2065	V-PAI-1P	ἐρωτάω	to ask	we implore	NA28+NA27+Tyn+SBL+WH+Treg+TR+Byz	
4	1	5	NKO	ὑμᾶς	humas	G4771	P-2AP	σύ	you	you	NA28+NA27+Tyn+SBL+WH+Treg+TR+Byz	
4	1	6	NKO	καὶ	kai	G2532	CONJ	καί	and	and	NA28+NA27+Tyn+SBL+WH+Treg+TR+Byz	
4	1	7	NKO	παρακαλοῦμεν	parakaloumen	G3870	V-PAI-1P	παρακαλέω	to plead/comfort	we exhort [you]	NA28+NA27+Tyn+SBL+WH+Treg+TR+Byz	
4	1	8	NKO	ἐν	en	G1722	PREP	ἐν	in/on/among	in	NA28+NA27+Tyn+SBL+WH+Treg+TR+Byz	
4	1	9	NKO	κυρίῳ	kuriō	G2962G	N-DSM-T	κύριος	lord	[the] Lord	NA28+NA27+Tyn+SBL+WH+Treg+TR+Byz	
4	1	10	NKO	Ἰησοῦ	Iēsou	G2424G	N-DSM-P	Ἰησοῦς	Jesus/Joshua	Jesus	NA28+NA27+Tyn+SBL+WH+Treg+TR+Byz	
4	1	11	NO	ἵνα	ina	G2443	CONJ	ἵνα	in order that/to	so that	NA28+NA27+Tyn+SBL+WH+Treg	
4	1	12	NKO	καθὼς	kathōs	G2531	CONJ	καθώς	as/just as	even as	NA28+NA27+Tyn+SBL+WH+Treg+TR+Byz	
4	1	13	NKO	παρελάβετε	parelabete	G3880	V-2AAI-2P	παραλαμβάνω	to take	you have received	NA28+NA27+Tyn+SBL+WH+Treg+TR+Byz	
4	1	14	NKO	παρ᾽	par᾽	G3844	PREP	παρά	from with	from	NA28+NA27+Tyn+SBL+WH+Treg+TR+Byz	
4	1	15	NKO	ἡμῶν	hēmōn	G3165	P-1GP	ἐγώ	I/we	us	NA28+NA27+Tyn+SBL+WH+Treg+TR+Byz	
4	1	16	NKO	τὸ	to	G3588	T-ASN	ὁ	the/this/who	<the>	NA28+NA27+Tyn+SBL+WH+Treg+TR+Byz	
4	1	17	NKO	πῶς	pōs	G4459	PRT-I	πως	how?!	in what manner	NA28+NA27+Tyn+SBL+WH+Treg+TR+Byz	
4	1	18	NKO	δεῖ	dei	G1163	V-PAI-3S	δεῖ	be necessary	it behooves	NA28+NA27+Tyn+SBL+WH+Treg+TR+Byz	
4	1	19	NKO	ὑμᾶς	humas	G4771	P-2AP	σύ	you	you	NA28+NA27+Tyn+SBL+WH+Treg+TR+Byz	
4	1	20	NKO	περιπατεῖν	peripatein	G4043	V-PAN	περιπατέω	to walk	to walk	NA28+NA27+Tyn+SBL+WH+Treg+TR+Byz	
4	1	21	NKO	καὶ	kai	G2532	CONJ	καί	and	and	NA28+NA27+Tyn+SBL+WH+Treg+TR+Byz	
4	1	22	NKO	ἀρέσκειν	areskein	G0700	V-PAN	ἀρέσκω	to please	to please	NA28+NA27+Tyn+SBL+WH+Treg+TR+Byz	
4	1	23	NKO	θεῷ	theō	G2316	N-DSM-T	θεός	God	God	NA28+NA27+Tyn+SBL+WH+Treg+TR+Byz	
4	1	24	NO	καθὼς	kathōs	G2531	CONJ	καθώς	as/just as	even as	NA28+NA27+Tyn+SBL+WH+Treg	
4	1	25	NO	καὶ	kai	G2532	CONJ	καί	and	also	NA28+NA27+Tyn+SBL+WH+Treg	
4	1	26	NO	περιπατεῖτε,	peripateite	G4043	V-PAI-2P	περιπατέω	to walk	you walk [now],	NA28+NA27+Tyn+SBL+WH+Treg	
4	1	27	NKO	ἵνα	ina	G2443	CONJ	ἵνα	in order that/to	so	NA28+NA27+Tyn+SBL+WH+Treg+TR+Byz	
4	1	28	NKO	περισσεύητε	perisseuēte	G4052	V-PAS-2P	περισσεύω	to abound/exceed	you may abound	NA28+NA27+Tyn+SBL+WH+Treg+TR+Byz	
4	1	29	NKO	μᾶλλον·	mallon	G3123G	ADV	μᾶλλον	more	more;	NA28+NA27+Tyn+SBL+WH+Treg+TR+Byz	
4	2	1	NKO	οἴδατε	oidate	G6063	V-RAI-2P	εἴδω	to perceive	You know	NA28+NA27+Tyn+SBL+WH+Treg+TR+Byz	
4	2	2	NKO	γὰρ	gar	G1063	CONJ	γάρ	for	for	NA28+NA27+Tyn+SBL+WH+Treg+TR+Byz	
4	2	3	NKO	τίνας	tinas	G5101	I-APF	τίς	which?	what	NA28+NA27+Tyn+SBL+WH+Treg+TR+Byz	
4	2	4	NKO	παραγγελίας	parangelias	G3852	N-APF	παραγγελία	order	instructions	NA28+NA27+Tyn+SBL+WH+Treg+TR+Byz	
4	2	5	NKO	ἐδώκαμεν	edōkamen	G1325	V-AAI-1P	δίδωμι	to give	we gave	NA28+NA27+Tyn+SBL+WH+Treg+TR+Byz	
4	2	6	NKO	ὑμῖν	humin	G4771	P-2DP	σύ	you	you	NA28+NA27+Tyn+SBL+WH+Treg+TR+Byz	
4	2	7	NKO	διὰ	dia	G1223	PREP	διά	through/because of	through	NA28+NA27+Tyn+SBL+WH+Treg+TR+Byz	
4	2	8	NKO	τοῦ	tou	G3588	T-GSM	ὁ	the/this/who	the	NA28+NA27+Tyn+SBL+WH+Treg+TR+Byz	
4	2	9	NKO	κυρίου	kuriou	G2962G	N-GSM-T	κύριος	lord	Lord	NA28+NA27+Tyn+SBL+WH+Treg+TR+Byz	
4	2	10	NKO	Ἰησοῦ.	Iēsou	G2424G	N-GSM-P	Ἰησοῦς	Jesus/Joshua	Jesus.	NA28+NA27+Tyn+SBL+WH+Treg+TR+Byz	
4	3	1	NKO	τοῦτο	touto	G3778	D-NSN	οὗτος	this/he/she/it	This	NA28+NA27+Tyn+SBL+WH+Treg+TR+Byz	
4	3	2	NKO	γάρ	gar	G1063	CONJ	γάρ	for	for	NA28+NA27+Tyn+SBL+WH+Treg+TR+Byz	
4	3	3	NKO	ἐστιν	estin	G1510	V-PAI-3S	εἰμί	to be	is	NA28+NA27+Tyn+SBL+WH+Treg+TR+Byz	
4	3	4	NKO	θέλημα	thelēma	G2307	N-NSN	θέλημα	will/desire	[the] will	NA28+NA27+Tyn+SBL+WH+Treg+TR+Byz	
4	3	5	NKO	τοῦ	tou	G3588	T-GSM	ὁ	the/this/who	<the>	NA28+NA27+Tyn+SBL+WH+Treg+TR+Byz	
4	3	6	NKO	θεοῦ,	theou	G2316	N-GSM-T	θεός	God	of God,	NA28+NA27+Tyn+SBL+WH+Treg+TR+Byz	
4	3	7	NKO	ὁ	ho	G3588	T-NSM	ὁ	the/this/who	the	NA28+NA27+Tyn+SBL+WH+Treg+TR+Byz	
4	3	8	NKO	ἁγιασμὸς	hagiasmos	G0038	N-NSM	ἁγιασμός	holiness	sanctification	NA28+NA27+Tyn+SBL+WH+Treg+TR+Byz	
4	3	9	NKO	ὑμῶν,	humōn	G4771	P-2GP	σύ	you	of you:	NA28+NA27+Tyn+SBL+WH+Treg+TR+Byz	
4	3	10	NKO	ἀπέχεσθαι	apechesthai	G0568	V-PMN	ἀπέχω	to have in full	To abstain	NA28+NA27+Tyn+SBL+WH+Treg+TR+Byz	
4	3	11	NKO	ὑμᾶς	humas	G4771	P-2AP	σύ	you	you [are]	NA28+NA27+Tyn+SBL+WH+Treg+TR+Byz	
4	3	12	NKO	ἀπὸ	apo	G0575	PREP	ἀπό	away from	from	NA28+NA27+Tyn+SBL+WH+Treg+TR+Byz	
4	3	13	NKO	τῆς	tēs	G3588	T-GSF	ὁ	the/this/who	<the>	NA28+NA27+Tyn+SBL+WH+Treg+TR+Byz	
4	3	14	NKO	πορνείας·	porneias	G4202	N-GSF	πορνεία	sexual sin	sexual immorality;	NA28+NA27+Tyn+SBL+WH+Treg+TR+Byz	
4	4	1	NKO	εἰδέναι	eidenai	G6063	V-RAN	εἴδω	to perceive	to know	NA28+NA27+Tyn+SBL+WH+Treg+TR+Byz	
4	4	2	NKO	ἕκαστον	hekaston	G1538	A-ASM	ἕκαστος	each	each	NA28+NA27+Tyn+SBL+WH+Treg+TR+Byz	
4	4	3	NKO	ὑμῶν	humōn	G4771	P-2GP	σύ	you	of you [how]	NA28+NA27+Tyn+SBL+WH+Treg+TR+Byz	
4	4	4	NKO	τὸ	to	G3588	T-ASN	ὁ	the/this/who	the	NA28+NA27+Tyn+SBL+WH+Treg+TR+Byz	
4	4	5	NKO	ἑαυτοῦ	he'autou	G1438	F-3GSM	ἑαυτοῦ	my/your/him-self	his own	NA28+NA27+Tyn+SBL+WH+Treg+TR+Byz	
4	4	6	NKO	σκεῦος	skeuos	G4632	N-ASN	σκεῦος	vessel	vessel	NA28+NA27+Tyn+SBL+WH+Treg+TR+Byz	
4	4	7	NKO	κτᾶσθαι	ktasthai	G2932	V-PNN	κτάομαι	to posses	to control	NA28+NA27+Tyn+SBL+WH+Treg+TR+Byz	
4	4	8	NKO	ἐν	en	G1722	PREP	ἐν	in/on/among	in	NA28+NA27+Tyn+SBL+WH+Treg+TR+Byz	
4	4	9	NKO	ἁγιασμῷ	hagiasmō	G0038	N-DSM	ἁγιασμός	holiness	holiness	NA28+NA27+Tyn+SBL+WH+Treg+TR+Byz	
4	4	10	NKO	καὶ	kai	G2532	CONJ	καί	and	and	NA28+NA27+Tyn+SBL+WH+Treg+TR+Byz	
4	4	11	NKO	τιμῇ,	timēa	G5092	N-DSF	τιμή	honor	honor,	NA28+NA27+Tyn+SBL+WH+Treg+TR+Byz	
4	5	1	NKO	μὴ	mē	G3361	PRT-N	μή	not	not	NA28+NA27+Tyn+SBL+WH+Treg+TR+Byz	
4	5	2	NKO	ἐν	en	G1722	PREP	ἐν	in/on/among	in	NA28+NA27+Tyn+SBL+WH+Treg+TR+Byz	
4	5	3	NKO	πάθει	pathei	G3806	N-DSN	πάθος	passion	[the] passion	NA28+NA27+Tyn+SBL+WH+Treg+TR+Byz	
4	5	4	NKO	ἐπιθυμίας	epithumias	G1939	N-GSF	ἐπιθυμία	desire	of lust	NA28+NA27+Tyn+SBL+WH+Treg+TR+Byz	
4	5	5	NKO	καθάπερ	kathaper	G2509	CONJ	καθάπερ	just as	as	NA28+NA27+Tyn+SBL+WH+Treg+TR+Byz	
4	5	6	NKO	καὶ	kai	G2532	CONJ	καί	and	also	NA28+NA27+Tyn+SBL+WH+Treg+TR+Byz	
4	5	7	NKO	τὰ	ta	G3588	T-NPN	ὁ	the/this/who	the	NA28+NA27+Tyn+SBL+WH+Treg+TR+Byz	
4	5	8	NKO	ἔθνη	ethnē	G1484	N-NPN	ἔθνος	Gentile nation	Gentiles	NA28+NA27+Tyn+SBL+WH+Treg+TR+Byz	
4	5	9	NKO	τὰ	ta	G3588	T-NPN	ὁ	the/this/who	<the>	NA28+NA27+Tyn+SBL+WH+Treg+TR+Byz	
4	5	10	NKO	μὴ	mē	G3361	PRT-N	μή	not	not	NA28+NA27+Tyn+SBL+WH+Treg+TR+Byz	
4	5	11	NKO	εἰδότα	eidota	G6063	V-RAP-NPN	εἴδω	to perceive	knowing	NA28+NA27+Tyn+SBL+WH+Treg+TR+Byz	
4	5	12	NKO	τὸν	ton	G3588	T-ASM	ὁ	the/this/who	<the>	NA28+NA27+Tyn+SBL+WH+Treg+TR+Byz	
4	5	13	NKO	θεόν·	theon	G2316	N-ASM-T	θεός	God	God;	NA28+NA27+Tyn+SBL+WH+Treg+TR+Byz	
4	6	1	NKO	τὸ	to	G3588	T-ASN	ὁ	the/this/who	<the>	NA28+NA27+Tyn+SBL+WH+Treg+TR+Byz	
4	6	2	NKO	μὴ	mē	G3361	PRT-N	μή	not	not	NA28+NA27+Tyn+SBL+WH+Treg+TR+Byz	
4	6	3	NKO	ὑπερβαίνειν	huperbainein	G5233	V-PAN	ὑπερβαίνω	to wrong	to go beyond	NA28+NA27+Tyn+SBL+WH+Treg+TR+Byz	
4	6	4	NKO	καὶ	kai	G2532	CONJ	καί	and	and	NA28+NA27+Tyn+SBL+WH+Treg+TR+Byz	
4	6	5	NKO	πλεονεκτεῖν	pleonektein	G4122	V-PAN	πλεονεκτέω	to exploit	to overreach	NA28+NA27+Tyn+SBL+WH+Treg+TR+Byz	
4	6	6	NKO	ἐν	en	G1722	PREP	ἐν	in/on/among	in	NA28+NA27+Tyn+SBL+WH+Treg+TR+Byz	
4	6	7	NKO	τῷ	tō	G3588	T-DSN	ὁ	the/this/who	the	NA28+NA27+Tyn+SBL+WH+Treg+TR+Byz	
4	6	8	NKO	πράγματι	pragmati	G4229	N-DSN	πρᾶγμα	thing	matter	NA28+NA27+Tyn+SBL+WH+Treg+TR+Byz	
4	6	9	NKO	τὸν	ton	G3588	T-ASM	ὁ	the/this/who	the	NA28+NA27+Tyn+SBL+WH+Treg+TR+Byz	
4	6	10	NKO	ἀδελφὸν	adelphon	G0080	N-ASM	ἀδελφός	brother	brother	NA28+NA27+Tyn+SBL+WH+Treg+TR+Byz	
4	6	11	NKO	αὐτοῦ·	autou	G0846	P-GSM	αὐτός	he/she/it/self	of him;	NA28+NA27+Tyn+SBL+WH+Treg+TR+Byz	
4	6	12	NKO	διότι	dioti	G1360	CONJ	διότι	because	because	NA28+NA27+Tyn+SBL+WH+Treg+TR+Byz	
4	6	13	NKO	ἔκδικος	ekdikos	G1558	A-NSM	ἔκδικος	avenging	avenging [is]	NA28+NA27+Tyn+SBL+WH+Treg+TR+Byz	
4	6	14	k	ὁ	ho	G3588	T-NSM	ὁ	the/this/who	the	TR+Byz	
4	6	15	NKO	κύριος	kurios	G2962G	N-NSM-T	κύριος	lord	Lord	NA28+NA27+Tyn+SBL+WH+Treg+TR+Byz	
4	6	16	NKO	περὶ	peri	G4012	PREP	περί	about	concerning	NA28+NA27+Tyn+SBL+WH+Treg+TR+Byz	
4	6	17	NKO	πάντων	pantōn	G3956	A-GPN	πᾶς	all	all	NA28+NA27+Tyn+SBL+WH+Treg+TR+Byz	
4	6	18	NKO	τούτων	toutōn	G3778	D-GPN	οὗτος	this/he/she/it	these things	NA28+NA27+Tyn+SBL+WH+Treg+TR+Byz	
4	6	19	NKO	καθὼς	kathōs	G2531	CONJ	καθώς	as/just as	even as	NA28+NA27+Tyn+SBL+WH+Treg+TR+Byz	
4	6	20	NKO	καὶ	kai	G2532	CONJ	καί	and	also	NA28+NA27+Tyn+SBL+WH+Treg+TR+Byz	
4	6	21	NKO	προείπαμεν	proeipamen	G4277	V-2AAI-1P	προέπω	to predict	we told before	NA28+NA27+Tyn+SBL+WH+Treg+TR+Byz	
4	6	22	NKO	ὑμῖν	humin	G4771	P-2DP	σύ	you	you	NA28+NA27+Tyn+SBL+WH+Treg+TR+Byz	
4	6	23	NKO	καὶ	kai	G2532	CONJ	καί	and	and	NA28+NA27+Tyn+SBL+WH+Treg+TR+Byz	
4	6	24	NKO	διεμαρτυράμεθα.	diemarturametha	G1263	V-ADI-1P	διαμαρτύρομαι	to testify solemnly	thoroughly warned.	NA28+NA27+Tyn+SBL+WH+Treg+TR+Byz	
4	7	1	NKO	οὐ	ou	G3756	PRT-N	οὐ	no	Not	NA28+NA27+Tyn+SBL+WH+Treg+TR+Byz	
4	7	2	NKO	γὰρ	gar	G1063	CONJ	γάρ	for	for	NA28+NA27+Tyn+SBL+WH+Treg+TR+Byz	
4	7	3	NKO	ἐκάλεσεν	ekalesen	G2564G	V-AAI-3S	καλέω	to call	has called	NA28+NA27+Tyn+SBL+WH+Treg+TR+Byz	
4	7	4	NKO	ἡμᾶς	hēmas	G3165	P-1AP	ἐγώ	I/we	us	NA28+NA27+Tyn+SBL+WH+Treg+TR+Byz	
4	7	5	NKO	ὁ	ho	G3588	T-NSM	ὁ	the/this/who	<the>	NA28+NA27+Tyn+SBL+WH+Treg+TR+Byz	
4	7	6	NKO	θεὸς	theos	G2316	N-NSM-T	θεός	God	God	NA28+NA27+Tyn+SBL+WH+Treg+TR+Byz	
4	7	7	NKO	ἐπὶ	epi	G1909	PREP	ἐπί	upon/to/against	to	NA28+NA27+Tyn+SBL+WH+Treg+TR+Byz	
4	7	8	NKO	ἀκαθαρσίᾳ	akatharsia	G0167	N-DSF	ἀκαθαρσία	impurity	impurity	NA28+NA27+Tyn+SBL+WH+Treg+TR+Byz	
4	7	9	NKO	ἀλλ᾽	all᾽	G0235	CONJ	ἀλλά	but	but	NA28+NA27+Tyn+SBL+WH+Treg+TR+Byz	
4	7	10	NKO	ἐν	en	G1722	PREP	ἐν	in/on/among	into	NA28+NA27+Tyn+SBL+WH+Treg+TR+Byz	
4	7	11	NKO	ἁγιασμῷ.	hagiasmō	G0038	N-DSM	ἁγιασμός	holiness	holiness.	NA28+NA27+Tyn+SBL+WH+Treg+TR+Byz	
4	8	1	NKO	τοιγαροῦν	toigaroun	G5105	CONJ	τοιγαροῦν	therefore	So then	NA28+NA27+Tyn+SBL+WH+Treg+TR+Byz	
4	8	2	NKO	ὁ	ho	G3588	T-NSM	ὁ	the/this/who	the [one]	NA28+NA27+Tyn+SBL+WH+Treg+TR+Byz	
4	8	3	NKO	ἀθετῶν	athetōn	G0114	V-PAP-NSM	ἀθετέω	to reject	rejecting [this]	NA28+NA27+Tyn+SBL+WH+Treg+TR+Byz	
4	8	4	NKO	οὐκ	ouk	G3756	PRT-N	οὐ	no	not	NA28+NA27+Tyn+SBL+WH+Treg+TR+Byz	
4	8	5	NKO	ἄνθρωπον	anthrōpon	G0444	N-ASM	ἄνθρωπος	a human	man	NA28+NA27+Tyn+SBL+WH+Treg+TR+Byz	
4	8	6	NKO	ἀθετεῖ	athetei	G0114	V-PAI-3S	ἀθετέω	to reject	disregards	NA28+NA27+Tyn+SBL+WH+Treg+TR+Byz	
4	8	7	NKO	ἀλλὰ	alla	G0235	CONJ	ἀλλά	but	but	NA28+NA27+Tyn+SBL+WH+Treg+TR+Byz	
4	8	8	NKO	τὸν	ton	G3588	T-ASM	ὁ	the/this/who	<the>	NA28+NA27+Tyn+SBL+WH+Treg+TR+Byz	
4	8	9	NKO	θεὸν	theon	G2316	N-ASM-T	θεός	God	God	NA28+NA27+Tyn+SBL+WH+Treg+TR+Byz	
4	8	10	NKO	τὸν	ton	G3588	T-ASM	ὁ	the/this/who	the [One]	NA28+NA27+Tyn+SBL+WH+Treg+TR+Byz	
4	8	11	NKO	καὶ	kai	G2532	CONJ	καί	and	also	NA28+NA27+Tyn+SBL+TR+Byz	
4	8	12	N(k)O	διδόντα	didonta	G1325	V-PAP-ASM	δίδωμι	to give	giving	NA28+NA27+SBL+WH+Treg	
4	8	13	NKO	τὸ	to	G3588	T-ASN	ὁ	the/this/who	the	NA28+NA27+Tyn+SBL+WH+Treg+TR+Byz	
4	8	14	NKO	πνεῦμα	pneuma	G4151G	N-ASN	πνεῦμα	spirit/breath	Spirit	NA28+NA27+Tyn+SBL+WH+Treg+TR+Byz	
4	8	15	NKO	αὐτοῦ	autou	G0846	P-GSM	αὐτός	he/she/it/self	of Him	NA28+NA27+Tyn+SBL+WH+Treg+TR+Byz	
4	8	16	NKO	τὸ	to	G3588	T-ASN	ὁ	the/this/who	<the>	NA28+NA27+Tyn+SBL+WH+Treg+TR+Byz	
4	8	17	NKO	ἅγιον	hagion	G0040G	A-ASN	ἅγιος	holy	Holy	NA28+NA27+Tyn+SBL+WH+Treg+TR+Byz	
4	8	18	NKO	εἰς	eis	G1519	PREP	εἰς	toward	to	NA28+NA27+Tyn+SBL+WH+Treg+TR+Byz	
4	8	19	N(K)O	ὑμᾶς.¶	humas	G4771	P-2AP	σύ	you	you.	NA28+NA27+Tyn+SBL+WH+Treg+Byz	
4	9	1	NKO	Περὶ	Peri	G4012	PREP	περί	about	Concerning	NA28+NA27+Tyn+SBL+WH+Treg+TR+Byz	
4	9	2	NKO	δὲ	de	G1161	CONJ	δέ	but/and	now	NA28+NA27+Tyn+SBL+WH+Treg+TR+Byz	
4	9	3	NKO	τῆς	tēs	G3588	T-GSF	ὁ	the/this/who	<the>	NA28+NA27+Tyn+SBL+WH+Treg+TR+Byz	
4	9	4	NKO	φιλαδελφίας	philadelphias	G5360	N-GSF	φιλαδελφία	brotherly love	brotherly love	NA28+NA27+Tyn+SBL+WH+Treg+TR+Byz	
4	9	5	NKO	οὐ	ou	G3756	PRT-N	οὐ	no	no	NA28+NA27+Tyn+SBL+WH+Treg+TR+Byz	
4	9	6	NKO	χρείαν	chreian	G5532	N-ASF	χρεία	need	need	NA28+NA27+Tyn+SBL+WH+Treg+TR+Byz	
4	9	7	NKO	ἔχετε	echete	G2192	V-PAI-2P	ἔχω	to have/be	you have [for me]	NA28+NA27+Tyn+SBL+WH+Treg+TR+Byz	
4	9	8	NKO	γράφειν	graphein	G1125	V-PAN	γράφω	to write	to write	NA28+NA27+Tyn+SBL+WH+Treg+TR+Byz	
4	9	9	NKO	ὑμῖν·	humin	G4771	P-2DP	σύ	you	to you;	NA28+NA27+Tyn+SBL+WH+Treg+TR+Byz	
4	9	10	NKO	αὐτοὶ	autoi	G0846	P-NPM	αὐτός	he/she/it/self	yourselves	NA28+NA27+Tyn+SBL+WH+Treg+TR+Byz	
4	9	11	NKO	γὰρ	gar	G1063	CONJ	γάρ	for	for	NA28+NA27+Tyn+SBL+WH+Treg+TR+Byz	
4	9	12	NKO	ὑμεῖς	humeis	G4771	P-2NP	σύ	you	you yourselves	NA28+NA27+Tyn+SBL+WH+Treg+TR+Byz	
4	9	13	NKO	θεοδίδακτοί	theodidaktoi	G2312	A-NPM	θεοδίδακτος	divinely instructed	taught by God	NA28+NA27+Tyn+SBL+WH+Treg+TR+Byz	
4	9	14	NKO	ἐστε	este	G1510	V-PAI-2P	εἰμί	to be	are	NA28+NA27+Tyn+SBL+WH+Treg+TR+Byz	
4	9	15	NKO	εἰς	eis	G1519	PREP	εἰς	toward	in order	NA28+NA27+Tyn+SBL+WH+Treg+TR+Byz	
4	9	16	NKO	τὸ	to	G3588	T-ASN	ὁ	the/this/who	<the>	NA28+NA27+Tyn+SBL+WH+Treg+TR+Byz	
4	9	17	NKO	ἀγαπᾶν	agapan	G0025	V-PAN	ἀγαπάω	to love	to love	NA28+NA27+Tyn+SBL+WH+Treg+TR+Byz	
4	9	18	NKO	ἀλλήλους·	allēlous	G0240	C-APM	ἀλλήλων	one another	one another;	NA28+NA27+Tyn+SBL+WH+Treg+TR+Byz	
4	10	1	NKO	καὶ	kai	G2532	CONJ	καί	and	And	NA28+NA27+Tyn+SBL+WH+Treg+TR+Byz	
4	10	2	NKO	γὰρ	gar	G1063	CONJ	γάρ	for	for	NA28+NA27+Tyn+SBL+WH+Treg+TR+Byz	
4	10	3	NKO	ποιεῖτε	poieite	G4160G	V-PAI-2P	ποιέω	to do/make	you are doing	NA28+NA27+Tyn+SBL+WH+Treg+TR+Byz	
4	10	4	NKO	αὐτὸ	auto	G0846	P-ASN	αὐτός	he/she/it/self	this	NA28+NA27+Tyn+SBL+WH+Treg+TR+Byz	
4	10	5	NKO	εἰς	eis	G1519	PREP	εἰς	toward	toward	NA28+NA27+Tyn+SBL+WH+Treg+TR+Byz	
4	10	6	NKO	πάντας	pantas	G3956	A-APM	πᾶς	all	all	NA28+NA27+Tyn+SBL+WH+Treg+TR+Byz	
4	10	7	NKO	τοὺς	tous	G3588	T-APM	ὁ	the/this/who	the	NA28+NA27+Tyn+SBL+WH+Treg+TR+Byz	
4	10	8	NKO	ἀδελφοὺς	adelphous	G0080	N-APM	ἀδελφός	brother	brothers	NA28+NA27+Tyn+SBL+WH+Treg+TR+Byz	
4	10	9	NKO	τοὺς	tous	G3588	T-APM	ὁ	the/this/who	the [ones]	NA28+NA27+Tyn+SBL+WH+Treg+TR+Byz	
4	10	10	NKO	ἐν	en	G1722	PREP	ἐν	in/on/among	in	NA28+NA27+Tyn+SBL+WH+Treg+TR+Byz	
4	10	11	NKO	ὅλῃ	holē	G3650	A-DSF	ὅλος	all	all	NA28+NA27+Tyn+SBL+WH+Treg+TR+Byz	
4	10	12	NKO	τῇ	tēa	G3588	T-DSF	ὁ	the/this/who	<the>	NA28+NA27+Tyn+SBL+WH+Treg+TR+Byz	
4	10	13	NKO	Μακεδονίᾳ.¶	Makedonia	G3109	N-DSF-L	Μακεδονία	Macedonia	Macedonia.	NA28+NA27+Tyn+SBL+WH+Treg+TR+Byz	
4	10	14	NKO	Παρακαλοῦμεν	Parakaloumen	G3870	V-PAI-1P	παρακαλέω	to plead/comfort	We exhort	NA28+NA27+Tyn+SBL+WH+Treg+TR+Byz	
4	10	15	NKO	δὲ	de	G1161	CONJ	δέ	but/and	however	NA28+NA27+Tyn+SBL+WH+Treg+TR+Byz	
4	10	16	NKO	ὑμᾶς,	humas	G4771	P-2AP	σύ	you	you,	NA28+NA27+Tyn+SBL+WH+Treg+TR+Byz	
4	10	17	NKO	ἀδελφοί,	adelphoi	G0080	N-VPM	ἀδελφός	brother	brothers,	NA28+NA27+Tyn+SBL+WH+Treg+TR+Byz	
4	10	18	NKO	περισσεύειν	perisseuein	G4052	V-PAN	περισσεύω	to abound/exceed	to abound	NA28+NA27+Tyn+SBL+WH+Treg+TR+Byz	
4	10	19	NKO	μᾶλλον	mallon	G3123G	ADV	μᾶλλον	more	more and more	NA28+NA27+Tyn+SBL+WH+Treg+TR+Byz	
4	11	1	NKO	καὶ	kai	G2532	CONJ	καί	and	and	NA28+NA27+Tyn+SBL+WH+Treg+TR+Byz	
4	11	2	NKO	φιλοτιμεῖσθαι	philotimeisthai	G5389	V-PNN	φιλοτιμέομαι	to aspire	to strive earnestly	NA28+NA27+Tyn+SBL+WH+Treg+TR+Byz	
4	11	3	NKO	ἡσυχάζειν	hēsuchazein	G2270	V-PAN	ἡσυχάζω	be quiet/give up	to live quietly	NA28+NA27+Tyn+SBL+WH+Treg+TR+Byz	
4	11	4	NKO	καὶ	kai	G2532	CONJ	καί	and	and	NA28+NA27+Tyn+SBL+WH+Treg+TR+Byz	
4	11	5	NKO	πράσσειν	prassein	G4238	V-PAN	πράσσω	to do/require	to attend to	NA28+NA27+Tyn+SBL+WH+Treg+TR+Byz	
4	11	6	NKO	τὰ	ta	G3588	T-APN	ὁ	the/this/who	<the>	NA28+NA27+Tyn+SBL+WH+Treg+TR+Byz	
4	11	7	NKO	ἴδια	idia	G2398	A-APN	ἴδιος	one's own/private	[your] own	NA28+NA27+Tyn+SBL+WH+Treg+TR+Byz	
4	11	8	NKO	καὶ	kai	G2532	CONJ	καί	and	and	NA28+NA27+Tyn+SBL+WH+Treg+TR+Byz	
4	11	9	NKO	ἐργάζεσθαι	ergazesthai	G2038	V-PNN	ἐργάζομαι	to work	to work with	NA28+NA27+Tyn+SBL+WH+Treg+TR+Byz	
4	11	10	NKO	ταῖς	tais	G3588	T-DPF	ὁ	the/this/who	the	NA28+NA27+Tyn+SBL+WH+Treg+TR+Byz	
4	11	11	NKO	ἰδίαις	idiais	G2398	A-DPF	ἴδιος	one's own/private	own	NA28+NA27+TR+Byz	
4	11	12	NKO	χερσὶν	chersin	G5495	N-DPF	χείρ	hand	hands	NA28+NA27+Tyn+SBL+WH+Treg+TR+Byz	
4	11	13	NKO	ὑμῶν	humōn	G4771	P-2GP	σύ	you	of you	NA28+NA27+Tyn+SBL+WH+Treg+TR+Byz	
4	11	14	NKO	καθὼς	kathōs	G2531	CONJ	καθώς	as/just as	even as	NA28+NA27+Tyn+SBL+WH+Treg+TR+Byz	
4	11	15	NKO	ὑμῖν	humin	G4771	P-2DP	σύ	you	you	NA28+NA27+Tyn+SBL+WH+Treg+TR+Byz	
4	11	16	NKO	παρηγγείλαμεν·	parēngeilamen	G3853	V-AAI-1P	παραγγέλλω	to order	we commanded;	NA28+NA27+Tyn+SBL+WH+Treg+TR+Byz	
4	12	1	NKO	ἵνα	ina	G2443	CONJ	ἵνα	in order that/to	so that	NA28+NA27+Tyn+SBL+WH+Treg+TR+Byz	
4	12	2	NKO	περιπατῆτε	peripatēte	G4043	V-PAS-2P	περιπατέω	to walk	you may walk	NA28+NA27+Tyn+SBL+WH+Treg+TR+Byz	
4	12	3	NKO	εὐσχημόνως	euschēmonōs	G2156	ADV	εὐσχημόνως	properly	properly	NA28+NA27+Tyn+SBL+WH+Treg+TR+Byz	
4	12	4	NKO	πρὸς	pros	G4314	PREP	πρός	to/with	toward	NA28+NA27+Tyn+SBL+WH+Treg+TR+Byz	
4	12	5	NKO	τοὺς	tous	G3588	T-APM	ὁ	the/this/who	those	NA28+NA27+Tyn+SBL+WH+Treg+TR+Byz	
4	12	6	NKO	ἔξω	exō	G1854	PREP	ἔξω	out/outside(r)	outside	NA28+NA27+Tyn+SBL+WH+Treg+TR+Byz	
4	12	7	NKO	καὶ	kai	G2532	CONJ	καί	and	and	NA28+NA27+Tyn+SBL+WH+Treg+TR+Byz	
4	12	8	NKO	μηδενὸς	mēdenos	G3367	A-GSN	μηδείς	nothing	of no one	NA28+NA27+Tyn+SBL+WH+Treg+TR+Byz	
4	12	9	NKO	χρείαν	chreian	G5532	N-ASF	χρεία	need	need	NA28+NA27+Tyn+SBL+WH+Treg+TR+Byz	
4	12	10	NKO	ἔχητε.¶	echēte	G2192	V-PAS-2P	ἔχω	to have/be	may have.	NA28+NA27+Tyn+SBL+WH+Treg+TR+Byz	
4	13	1	NKO	Οὐ	Ou	G3756	PRT-N	οὐ	no	Not	NA28+NA27+Tyn+SBL+WH+Treg+TR+Byz	
4	13	2	N(K)O	θέλομεν	thelomen	G2309	V-PAI-1P	θέλω	to will/desire	we do want	NA28+NA27+Tyn+SBL+WH+Treg+Byz	
4	13	3	NKO	δὲ	de	G1161	CONJ	δέ	but/and	but	NA28+NA27+Tyn+SBL+WH+Treg+TR+Byz	
4	13	4	NKO	ὑμᾶς	humas	G4771	P-2AP	σύ	you	you	NA28+NA27+Tyn+SBL+WH+Treg+TR+Byz	
4	13	5	NKO	ἀγνοεῖν,	agnoein	G0050	V-PAN	ἀγνοέω	be ignorant	to be ignorant,	NA28+NA27+Tyn+SBL+WH+Treg+TR+Byz	
4	13	6	NKO	ἀδελφοί,	adelphoi	G0080	N-VPM	ἀδελφός	brother	brothers,	NA28+NA27+Tyn+SBL+WH+Treg+TR+Byz	
4	13	7	NKO	περὶ	peri	G4012	PREP	περί	about	concerning	NA28+NA27+Tyn+SBL+WH+Treg+TR+Byz	
4	13	8	NKO	τῶν	tōn	G3588	T-GPM	ὁ	the/this/who	those	NA28+NA27+Tyn+SBL+WH+Treg+TR+Byz	
4	13	9	N(k)O	κοιμωμένων,	koimōmenōn	G2837	V-PMP-GPM	κοιμάω	to sleep	themselves falling asleep,	NA28+NA27+Tyn+SBL+WH+Treg	
4	13	10	NKO	ἵνα	ina	G2443	CONJ	ἵνα	in order that/to	so that	NA28+NA27+Tyn+SBL+WH+Treg+TR+Byz	
4	13	11	NKO	μὴ	mē	G3361	PRT-N	μή	not	not	NA28+NA27+Tyn+SBL+WH+Treg+TR+Byz	
4	13	12	NKO	λυπῆσθε	lupēsthe	G3076	V-PPS-2P	λυπέω	to grieve	you may be grieved	NA28+NA27+Tyn+SBL+WH+Treg+TR+Byz	
4	13	13	NKO	καθὼς	kathōs	G2531	CONJ	καθώς	as/just as	even as	NA28+NA27+Tyn+SBL+WH+Treg+TR+Byz	
4	13	14	NKO	καὶ	kai	G2532	CONJ	καί	and	also	NA28+NA27+Tyn+SBL+WH+Treg+TR+Byz	
4	13	15	NKO	οἱ	hoi	G3588	T-NPM	ὁ	the/this/who	the	NA28+NA27+Tyn+SBL+WH+Treg+TR+Byz	
4	13	16	NKO	λοιποὶ	loipoi	G3062	A-NPM	λοιπός	remaining	rest	NA28+NA27+Tyn+SBL+WH+Treg+TR+Byz	
4	13	17	NKO	οἱ	hoi	G3588	T-NPM	ὁ	the/this/who	those	NA28+NA27+Tyn+SBL+WH+Treg+TR+Byz	
4	13	18	NKO	μὴ	mē	G3361	PRT-N	μή	not	not	NA28+NA27+Tyn+SBL+WH+Treg+TR+Byz	
4	13	19	NKO	ἔχοντες	echontes	G2192	V-PAP-NPM	ἔχω	to have/be	having	NA28+NA27+Tyn+SBL+WH+Treg+TR+Byz	
4	13	20	NKO	ἐλπίδα.	elpida	G1680	N-ASF	ἐλπίς	hope	hope.	NA28+NA27+Tyn+SBL+WH+Treg+TR+Byz	
4	14	1	NKO	εἰ	ei	G1487G	COND	εἰ	if	If	NA28+NA27+Tyn+SBL+WH+Treg+TR+Byz	
4	14	2	NKO	γὰρ	gar	G1063	CONJ	γάρ	for	for	NA28+NA27+Tyn+SBL+WH+Treg+TR+Byz	
4	14	3	NKO	πιστεύομεν	pisteuomen	G4100	V-PAI-1P	πιστεύω	to trust (in)	we believe	NA28+NA27+Tyn+SBL+WH+Treg+TR+Byz	
4	14	4	NKO	ὅτι	hoti	G3754G	CONJ	ὅτι	that/since	that	NA28+NA27+Tyn+SBL+WH+Treg+TR+Byz	
4	14	5	NKO	Ἰησοῦς	Iēsous	G2424G	N-NSM-P	Ἰησοῦς	Jesus/Joshua	Jesus	NA28+NA27+Tyn+SBL+WH+Treg+TR+Byz	
4	14	6	NKO	ἀπέθανεν	apethanen	G0599	V-2AAI-3S	ἀποθνήσκω	to die	died	NA28+NA27+Tyn+SBL+WH+Treg+TR+Byz	
4	14	7	NKO	καὶ	kai	G2532	CONJ	καί	and	and	NA28+NA27+Tyn+SBL+WH+Treg+TR+Byz	
4	14	8	NKO	ἀνέστη,	anestē	G0450	V-2AAI-3S	ἀνίστημι	to arise	rose again,	NA28+NA27+Tyn+SBL+WH+Treg+TR+Byz	
4	14	9	NKO	οὕτως	houtōs	G3779	ADV	οὕτω, οὕτως	thus(-ly)	so	NA28+NA27+Tyn+SBL+WH+Treg+TR+Byz	
4	14	10	NKO	καὶ	kai	G2532	CONJ	καί	and	also	NA28+NA27+Tyn+SBL+WH+Treg+TR+Byz	
4	14	11	NKO	ὁ	ho	G3588	T-NSM	ὁ	the/this/who	<the>	NA28+NA27+Tyn+SBL+WH+Treg+TR+Byz	
4	14	12	NKO	θεὸς	theos	G2316	N-NSM-T	θεός	God	God	NA28+NA27+Tyn+SBL+WH+Treg+TR+Byz	
4	14	13	NKO	τοὺς	tous	G3588	T-APM	ὁ	the/this/who	those	NA28+NA27+Tyn+SBL+WH+Treg+TR+Byz	
4	14	14	NKO	κοιμηθέντας	koimēthentas	G2837	V-APP-APM	κοιμάω	to sleep	having fallen asleep	NA28+NA27+Tyn+SBL+WH+Treg+TR+Byz	
4	14	15	NKO	διὰ	dia	G1223	PREP	διά	through/because of	through	NA28+NA27+Tyn+SBL+WH+Treg+TR+Byz	
4	14	16	NKO	τοῦ	tou	G3588	T-GSM	ὁ	the/this/who	<the>	NA28+NA27+Tyn+SBL+WH+Treg+TR+Byz	
4	14	17	NKO	Ἰησοῦ	Iēsou	G2424G	N-GSM-P	Ἰησοῦς	Jesus/Joshua	Jesus	NA28+NA27+Tyn+SBL+WH+Treg+TR+Byz	
4	14	18	NKO	ἄξει	axei	G0071	V-FAI-3S	ἄγω	to bring	will bring	NA28+NA27+Tyn+SBL+WH+Treg+TR+Byz	
4	14	19	NKO	σὺν	sun	G4862	PREP	σύν	with	with	NA28+NA27+Tyn+SBL+WH+Treg+TR+Byz	
4	14	20	NKO	αὐτῷ.¶	autō	G0846	P-DSM	αὐτός	he/she/it/self	Him.	NA28+NA27+Tyn+SBL+WH+Treg+TR+Byz	
4	15	1	NKO	Τοῦτο	Touto	G3778	D-ASN	οὗτος	this/he/she/it	This	NA28+NA27+Tyn+SBL+WH+Treg+TR+Byz	
4	15	2	NKO	γὰρ	gar	G1063	CONJ	γάρ	for	for	NA28+NA27+Tyn+SBL+WH+Treg+TR+Byz	
4	15	3	NKO	ὑμῖν	humin	G4771	P-2DP	σύ	you	to you	NA28+NA27+Tyn+SBL+WH+Treg+TR+Byz	
4	15	4	NKO	λέγομεν	legomen	G3004G	V-PAI-1P	λέγω	to speak	we declare	NA28+NA27+Tyn+SBL+WH+Treg+TR+Byz	
4	15	5	NKO	ἐν	en	G1722	PREP	ἐν	in/on/among	in	NA28+NA27+Tyn+SBL+WH+Treg+TR+Byz	
4	15	6	NKO	λόγῳ	logō	G3056	N-DSM	λόγος	word	[the] word	NA28+NA27+Tyn+SBL+WH+Treg+TR+Byz	
4	15	7	NKO	κυρίου	kuriou	G2962G	N-GSM-T	κύριος	lord	of [the] Lord	NA28+NA27+Tyn+SBL+WH+Treg+TR+Byz	
4	15	8	NKO	ὅτι	hoti	G3754G	CONJ	ὅτι	that/since	that	NA28+NA27+Tyn+SBL+WH+Treg+TR+Byz	
4	15	9	NKO	ἡμεῖς	hēmeis	G3165	P-1NP	ἐγώ	I/we	we ourselves	NA28+NA27+Tyn+SBL+WH+Treg+TR+Byz	
4	15	10	NKO	οἱ	hoi	G3588	T-NPM	ὁ	the/this/who	the	NA28+NA27+Tyn+SBL+WH+Treg+TR+Byz	
4	15	11	NKO	ζῶντες	zōntes	G2198	V-PAP-NPM	ζάω	to live	living	NA28+NA27+Tyn+SBL+WH+Treg+TR+Byz	
4	15	12	NKO	οἱ	hoi	G3588	T-NPM	ὁ	the/this/who	who	NA28+NA27+Tyn+SBL+WH+Treg+TR+Byz	
4	15	13	NKO	περιλειπόμενοι	perileipomenoi	G4035	V-POP-NPM	περιλείπομαι	to remain	are remaining	NA28+NA27+Tyn+SBL+WH+Treg+TR+Byz	
4	15	14	NKO	εἰς	eis	G1519	PREP	εἰς	toward	untill	NA28+NA27+Tyn+SBL+WH+Treg+TR+Byz	
4	15	15	NKO	τὴν	tēn	G3588	T-ASF	ὁ	the/this/who	the	NA28+NA27+Tyn+SBL+WH+Treg+TR+Byz	
4	15	16	NKO	παρουσίαν	parousian	G3952	N-ASF	παρουσία	coming	coming	NA28+NA27+Tyn+SBL+WH+Treg+TR+Byz	
4	15	17	NKO	τοῦ	tou	G3588	T-GSM	ὁ	the/this/who	of the	NA28+NA27+Tyn+SBL+WH+Treg+TR+Byz	
4	15	18	NKO	κυρίου	kuriou	G2962G	N-GSM-T	κύριος	lord	Lord	NA28+NA27+Tyn+SBL+WH+Treg+TR+Byz	
4	15	19	NKO	οὐ	ou	G3756	PRT-N	οὐ	no	certainly	NA28+NA27+Tyn+SBL+WH+Treg+TR+Byz	
4	15	20	NKO	μὴ	mē	G3361	PRT-N	μή	not	not	NA28+NA27+Tyn+SBL+WH+Treg+TR+Byz	
4	15	21	NKO	φθάσωμεν	phthasōmen	G5348	V-AAS-1P	φθάνω	to precede/arrive	may precede	NA28+NA27+Tyn+SBL+WH+Treg+TR+Byz	
4	15	22	NKO	τοὺς	tous	G3588	T-APM	ὁ	the/this/who	those	NA28+NA27+Tyn+SBL+WH+Treg+TR+Byz	
4	15	23	NKO	κοιμηθέντας·	koimēthentas	G2837	V-APP-APM	κοιμάω	to sleep	having fallen asleep;	NA28+NA27+Tyn+SBL+WH+Treg+TR+Byz	
4	16	1	NKO	ὅτι	hoti	G3754H	CONJ	ὅτι	that/since	because	NA28+NA27+Tyn+SBL+WH+Treg+TR+Byz	
4	16	2	NKO	αὐτὸς	autos	G0846	P-NSM	αὐτός	he/she/it/self	Himself	NA28+NA27+Tyn+SBL+WH+Treg+TR+Byz	
4	16	3	NKO	ὁ	ho	G3588	T-NSM	ὁ	the/this/who	the	NA28+NA27+Tyn+SBL+WH+Treg+TR+Byz	
4	16	4	NKO	κύριος	kurios	G2962G	N-NSM-T	κύριος	lord	Lord	NA28+NA27+Tyn+SBL+WH+Treg+TR+Byz	
4	16	5	NKO	ἐν	en	G1722	PREP	ἐν	in/on/among	with	NA28+NA27+Tyn+SBL+WH+Treg+TR+Byz	
4	16	6	NKO	κελεύσματι,	keleusmati	G2752	N-DSN	κέλευσμα	command	a loud command,	NA28+NA27+Tyn+SBL+WH+Treg+TR+Byz	
4	16	7	NKO	ἐν	en	G1722	PREP	ἐν	in/on/among	with	NA28+NA27+Tyn+SBL+WH+Treg+TR+Byz	
4	16	8	NKO	φωνῇ	phōnēa	G5456G	N-DSF	φωνή	voice/sound	[the] voice	NA28+NA27+Tyn+SBL+WH+Treg+TR+Byz	
4	16	9	NKO	ἀρχαγγέλου	archangelou	G0743	N-GSM	ἀρχάγγελος	archangel	of an archangel	NA28+NA27+Tyn+SBL+WH+Treg+TR+Byz	
4	16	10	NKO	καὶ	kai	G2532	CONJ	καί	and	and	NA28+NA27+Tyn+SBL+WH+Treg+TR+Byz	
4	16	11	NKO	ἐν	en	G1722	PREP	ἐν	in/on/among	with	NA28+NA27+Tyn+SBL+WH+Treg+TR+Byz	
4	16	12	NKO	σάλπιγγι	salpingi	G4536	N-DSF	σάλπιγξ	trumpet	[the] trumpet	NA28+NA27+Tyn+SBL+WH+Treg+TR+Byz	
4	16	13	NKO	θεοῦ	theou	G2316	N-GSM-T	θεός	God	of God	NA28+NA27+Tyn+SBL+WH+Treg+TR+Byz	
4	16	14	NKO	καταβήσεται	katabēsetai	G2597	V-FDI-3S	καταβαίνω	to come/go down	will descend	NA28+NA27+Tyn+SBL+WH+Treg+TR+Byz	
4	16	15	NKO	ἀπ᾽	ap᾽	G0575	PREP	ἀπό	away from	from	NA28+NA27+Tyn+SBL+WH+Treg+TR+Byz	
4	16	16	NKO	οὐρανοῦ,	ouranou	G3772	N-GSM	οὐρανός	heaven	heaven,	NA28+NA27+Tyn+SBL+WH+Treg+TR+Byz	
4	16	17	NKO	καὶ	kai	G2532	CONJ	καί	and	and	NA28+NA27+Tyn+SBL+WH+Treg+TR+Byz	
4	16	18	NKO	οἱ	hoi	G3588	T-NPM	ὁ	the/this/who	the	NA28+NA27+Tyn+SBL+WH+Treg+TR+Byz	
4	16	19	NKO	νεκροὶ	nekroi	G3498	A-NPM	νεκρός	dead	dead	NA28+NA27+Tyn+SBL+WH+Treg+TR+Byz	
4	16	20	NKO	ἐν	en	G1722	PREP	ἐν	in/on/among	in	NA28+NA27+Tyn+SBL+WH+Treg+TR+Byz	
4	16	21	NKO	Χριστῷ	Christō	G5547	N-DSM-T	Χριστός	Christ	Christ	NA28+NA27+Tyn+SBL+WH+Treg+TR+Byz	
4	16	22	NKO	ἀναστήσονται	anastēsontai	G0450	V-FMI-3P	ἀνίστημι	to arise	will rise	NA28+NA27+Tyn+SBL+WH+Treg+TR+Byz	
4	16	23	NKO	πρῶτον,	prōton	G4413G	A-ASN	πρῶτος	first	first,	NA28+NA27+Tyn+SBL+WH+Treg+TR+Byz	
4	17	1	NKO	ἔπειτα	epeita	G1899	ADV	ἔπειτα	then	Then	NA28+NA27+Tyn+SBL+WH+Treg+TR+Byz	
4	17	2	NKO	ἡμεῖς	hēmeis	G3165	P-1NP	ἐγώ	I/we	we ourselves	NA28+NA27+Tyn+SBL+WH+Treg+TR+Byz	
4	17	3	NKO	οἱ	hoi	G3588	T-NPM	ὁ	the/this/who	the	NA28+NA27+Tyn+SBL+WH+Treg+TR+Byz	
4	17	4	NKO	ζῶντες	zōntes	G2198	V-PAP-NPM	ζάω	to live	living	NA28+NA27+Tyn+SBL+WH+Treg+TR+Byz	
4	17	5	NKO	οἱ	hoi	G3588	T-NPM	ὁ	the/this/who	those	NA28+NA27+Tyn+SBL+WH+Treg+TR+Byz	
4	17	6	NKO	περιλειπόμενοι	perileipomenoi	G4035	V-POP-NPM	περιλείπομαι	to remain	remaining	NA28+NA27+Tyn+SBL+WH+Treg+TR+Byz	
4	17	7	NKO	ἅμα	hama	G0260	ADV	ἅμα	together	together	NA28+NA27+Tyn+SBL+WH+Treg+TR+Byz	
4	17	8	NKO	σὺν	sun	G4862	PREP	σύν	with	with	NA28+NA27+Tyn+SBL+WH+Treg+TR+Byz	
4	17	9	NKO	αὐτοῖς	autois	G0846	P-DPM	αὐτός	he/she/it/self	them	NA28+NA27+Tyn+SBL+WH+Treg+TR+Byz	
4	17	10	NKO	ἁρπαγησόμεθα	harpagēsometha	G0726	V-2FPI-1P	ἁρπάζω	to seize	we will be caught away	NA28+NA27+Tyn+SBL+WH+Treg+TR+Byz	
4	17	11	NKO	ἐν	en	G1722	PREP	ἐν	in/on/among	in	NA28+NA27+Tyn+SBL+WH+Treg+TR+Byz	
4	17	12	NKO	νεφέλαις	nephelais	G3507	N-DPF	νεφέλη	cloud	[the] clouds	NA28+NA27+Tyn+SBL+WH+Treg+TR+Byz	
4	17	13	NKO	εἰς	eis	G1519	PREP	εἰς	toward	for	NA28+NA27+Tyn+SBL+WH+Treg+TR+Byz	
4	17	14	NKO	ἀπάντησιν	apantēsin	G0529	N-ASF	ἀπάντησις	meeting	[the] meeting	NA28+NA27+Tyn+SBL+WH+Treg+TR+Byz	
4	17	15	NKO	τοῦ	tou	G3588	T-GSM	ὁ	the/this/who	of the	NA28+NA27+Tyn+SBL+WH+Treg+TR+Byz	
4	17	16	NKO	κυρίου	kuriou	G2962G	N-GSM-T	κύριος	lord	Lord	NA28+NA27+Tyn+SBL+WH+Treg+TR+Byz	
4	17	17	NKO	εἰς	eis	G1519	PREP	εἰς	toward	in	NA28+NA27+Tyn+SBL+WH+Treg+TR+Byz	
4	17	18	NKO	ἀέρα·	aera	G0109	N-ASM	ἀήρ	air	[the] air;	NA28+NA27+Tyn+SBL+WH+Treg+TR+Byz	
4	17	19	NKO	καὶ	kai	G2532	CONJ	καί	and	and	NA28+NA27+Tyn+SBL+WH+Treg+TR+Byz	
4	17	20	NKO	οὕτως	houtōs	G3779	ADV	οὕτω, οὕτως	thus(-ly)	so	NA28+NA27+Tyn+SBL+WH+Treg+TR+Byz	
4	17	21	NKO	πάντοτε	pantote	G3842	ADV	πάντοτε	always	always	NA28+NA27+Tyn+SBL+WH+Treg+TR+Byz	
4	17	22	NKO	σὺν	sun	G4862	PREP	σύν	with	with	NA28+NA27+Tyn+SBL+WH+Treg+TR+Byz	
4	17	23	NKO	κυρίῳ	kuriō	G2962G	N-DSM-T	κύριος	lord	[the] Lord	NA28+NA27+Tyn+SBL+WH+Treg+TR+Byz	
4	17	24	NKO	ἐσόμεθα.¶	esometha	G1510	V-FDI-1P	εἰμί	to be	we will be.	NA28+NA27+Tyn+SBL+WH+Treg+TR+Byz	
4	18	1	NKO	Ὥστε	Hōste	G5620	CONJ	ὥστε	so	Therefore	NA28+NA27+Tyn+SBL+WH+Treg+TR+Byz	
4	18	2	NKO	παρακαλεῖτε	parakaleite	G3870	V-PAM-2P	παρακαλέω	to plead/comfort	do encourage	NA28+NA27+Tyn+SBL+WH+Treg+TR+Byz	
4	18	3	NKO	ἀλλήλους	allēlous	G0240	C-APM	ἀλλήλων	one another	one another	NA28+NA27+Tyn+SBL+WH+Treg+TR+Byz	
4	18	4	NKO	ἐν	en	G1722	PREP	ἐν	in/on/among	with	NA28+NA27+Tyn+SBL+WH+Treg+TR+Byz	
4	18	5	NKO	τοῖς	tois	G3588	T-DPM	ὁ	the/this/who	<the>	NA28+NA27+Tyn+SBL+WH+Treg+TR+Byz	
4	18	6	NKO	λόγοις	logois	G3056	N-DPM	λόγος	word	words	NA28+NA27+Tyn+SBL+WH+Treg+TR+Byz	
4	18	7	NKO	τούτοις.¶	toutois	G3778	D-DPM	οὗτος	this/he/she/it	these.	NA28+NA27+Tyn+SBL+WH+Treg+TR+Byz	
5	1	1	NKO	Περὶ	Peri	G4012	PREP	περί	about	Concerning	NA28+NA27+Tyn+SBL+WH+Treg+TR+Byz	
5	1	2	NKO	δὲ	de	G1161	CONJ	δέ	but/and	now	NA28+NA27+Tyn+SBL+WH+Treg+TR+Byz	
5	1	3	NKO	τῶν	tōn	G3588	T-GPM	ὁ	the/this/who	the	NA28+NA27+Tyn+SBL+WH+Treg+TR+Byz	
5	1	4	NKO	χρόνων	chronōn	G5550	N-GPM	χρόνος	time	times	NA28+NA27+Tyn+SBL+WH+Treg+TR+Byz	
5	1	5	NKO	καὶ	kai	G2532	CONJ	καί	and	and	NA28+NA27+Tyn+SBL+WH+Treg+TR+Byz	
5	1	6	NKO	τῶν	tōn	G3588	T-GPM	ὁ	the/this/who	the	NA28+NA27+Tyn+SBL+WH+Treg+TR+Byz	
5	1	7	NKO	καιρῶν,	kairōn	G2540	N-GPM	καιρός	time/right time	seasons,	NA28+NA27+Tyn+SBL+WH+Treg+TR+Byz	
5	1	8	NKO	ἀδελφοί,	adelphoi	G0080	N-VPM	ἀδελφός	brother	brothers,	NA28+NA27+Tyn+SBL+WH+Treg+TR+Byz	
5	1	9	NKO	οὐ	ou	G3756	PRT-N	οὐ	no	no	NA28+NA27+Tyn+SBL+WH+Treg+TR+Byz	
5	1	10	NKO	χρείαν	chreian	G5532	N-ASF	χρεία	need	need	NA28+NA27+Tyn+SBL+WH+Treg+TR+Byz	
5	1	11	NKO	ἔχετε	echete	G2192	V-PAI-2P	ἔχω	to have/be	you have	NA28+NA27+Tyn+SBL+WH+Treg+TR+Byz	
5	1	12	NKO	ὑμῖν	humin	G4771	P-2DP	σύ	you	to you	NA28+NA27+Tyn+SBL+WH+Treg+TR+Byz	
5	1	13	NKO	γράφεσθαι·	graphesthai	G1125	V-PPN	γράφω	to write	to be written;	NA28+NA27+Tyn+SBL+WH+Treg+TR+Byz	
5	2	1	NKO	αὐτοὶ	autoi	G0846	P-NPM	αὐτός	he/she/it/self	Yourselves	NA28+NA27+Tyn+SBL+WH+Treg+TR+Byz	
5	2	2	NKO	γὰρ	gar	G1063	CONJ	γάρ	for	for	NA28+NA27+Tyn+SBL+WH+Treg+TR+Byz	
5	2	3	NKO	ἀκριβῶς	akribōs	G0199	ADV	ἀκριβῶς	exactly	fully	NA28+NA27+Tyn+SBL+WH+Treg+TR+Byz	
5	2	4	NKO	οἴδατε	oidate	G6063	V-RAI-2P	εἴδω	to perceive	you know	NA28+NA27+Tyn+SBL+WH+Treg+TR+Byz	
5	2	5	NKO	ὅτι	hoti	G3754G	CONJ	ὅτι	that/since	that	NA28+NA27+Tyn+SBL+WH+Treg+TR+Byz	
5	2	6	k	ἡ	hē	G3588	T-NSF	ὁ	the/this/who	the	TR+Byz	
5	2	7	NKO	ἡμέρα	hēmera	G2250	N-NSF	ἡμέρα	day	day	NA28+NA27+Tyn+SBL+WH+Treg+TR+Byz	
5	2	8	NKO	κυρίου	kuriou	G2962G	N-GSM-T	κύριος	lord	of [the] Lord	NA28+NA27+Tyn+SBL+WH+Treg+TR+Byz	
5	2	9	NKO	ὡς	hōs	G5613	PRT	ὡς	which/how	as	NA28+NA27+Tyn+SBL+WH+Treg+TR+Byz	
5	2	10	NKO	κλέπτης	kleptēs	G2812	N-NSM	κλέπτης	thief	a thief	NA28+NA27+Tyn+SBL+WH+Treg+TR+Byz	
5	2	11	NKO	ἐν	en	G1722	PREP	ἐν	in/on/among	by	NA28+NA27+Tyn+SBL+WH+Treg+TR+Byz	
5	2	12	NKO	νυκτὶ	nukti	G3571	N-DSF	νύξ	night	night	NA28+NA27+Tyn+SBL+WH+Treg+TR+Byz	
5	2	13	NKO	οὕτως	houtōs	G3779	ADV	οὕτω, οὕτως	thus(-ly)	in this manner	NA28+NA27+Tyn+SBL+WH+Treg+TR+Byz	
5	2	14	NKO	ἔρχεται·	erchetai	G2064	V-PNI-3S	ἔρχομαι	to come/go	comes;	NA28+NA27+Tyn+SBL+WH+Treg+TR+Byz	
5	3	1	NKO	ὅταν	hotan	G3752	CONJ	ὅταν	when(-ever)	when	NA28+NA27+Tyn+SBL+WH+Treg+TR+Byz	
5	3	2	k	γὰρ	gar	G1063	CONJ	γάρ	for	for	TR+Byz	
5	3	3	NKO	λέγωσιν·	legōsin	G3004G	V-PAS-3P	λέγω	to speak	they may say;	NA28+NA27+Tyn+SBL+WH+Treg+TR+Byz	
5	3	4	NKO	εἰρήνη	eirēnē	G1515	N-NSF	εἰρήνη	peace	Peace	NA28+NA27+Tyn+SBL+WH+Treg+TR+Byz	
5	3	5	NKO	καὶ	kai	G2532	CONJ	καί	and	and	NA28+NA27+Tyn+SBL+WH+Treg+TR+Byz	
5	3	6	NKO	ἀσφάλεια,	asphaleia	G0803	N-NSF	ἀσφάλεια	security	security,	NA28+NA27+Tyn+SBL+WH+Treg+TR+Byz	
5	3	7	NKO	τότε	tote	G5119	ADV	τότε	then	then	NA28+NA27+Tyn+SBL+WH+Treg+TR+Byz	
5	3	8	NKO	αἰφνίδιος	aiphnidios	G0160	A-NSM	αἰφνίδιος	sudden	suddenly	NA28+NA27+Tyn+SBL+WH+Treg+TR+Byz	
5	3	9	NKO	αὐτοῖς	autois	G0846	P-DPM	αὐτός	he/she/it/self	upon them	NA28+NA27+Tyn+SBL+WH+Treg+TR+Byz	
5	3	10	NKO	ἐφίσταται	ephistatai	G2186	V-PMI-3S	ἐφίστημι	to approach	comes	NA28+NA27+Tyn+SBL+WH+Treg+TR+Byz	
5	3	11	NKO	ὄλεθρος	olethros	G3639	N-NSM	ὄλεθρος	destructive	destruction	NA28+NA27+Tyn+SBL+WH+Treg+TR+Byz	
5	3	12	NKO	ὥσπερ	hōsper	G5618	CONJ	ὥσπερ	just as	as	NA28+NA27+Tyn+SBL+WH+Treg+TR+Byz	
5	3	13	NKO	ἡ	hē	G3588	T-NSF	ὁ	the/this/who	the	NA28+NA27+Tyn+SBL+WH+Treg+TR+Byz	
5	3	14	NKO	ὠδὶν	ōdin	G5604	N-NSF	ὠδίν	labor	labor pains	NA28+NA27+Tyn+SBL+WH+Treg+TR+Byz	
5	3	15	NKO	τῇ	tēa	G3588	T-DSF	ὁ	the/this/who	to her	NA28+NA27+Tyn+SBL+WH+Treg+TR+Byz	
5	3	16	NKO	ἐν	en	G1722	PREP	ἐν	in/on/among	in	NA28+NA27+Tyn+SBL+WH+Treg+TR+Byz	
5	3	17	NKO	γαστρὶ	gastri	G1064	N-DSF	γαστήρ	belly	womb [pregnancy]	NA28+NA27+Tyn+SBL+WH+Treg+TR+Byz	
5	3	18	NKO	ἐχούσῃ,	echousē	G2192	V-PAP-DSF	ἔχω	to have/be	having,	NA28+NA27+Tyn+SBL+WH+Treg+TR+Byz	
5	3	19	NKO	καὶ	kai	G2532	CONJ	καί	and	and	NA28+NA27+Tyn+SBL+WH+Treg+TR+Byz	
5	3	20	NKO	οὐ	ou	G3756	PRT-N	οὐ	no	certainly	NA28+NA27+Tyn+SBL+WH+Treg+TR+Byz	
5	3	21	NKO	μὴ	mē	G3361	PRT-N	μή	not	not	NA28+NA27+Tyn+SBL+WH+Treg+TR+Byz	
5	3	22	NKO	ἐκφύγωσιν.¶	ekphugōsin	G1628	V-2AAS-3P	ἐκφεύγω	to escape	shall they escape.	NA28+NA27+Tyn+SBL+WH+Treg+TR+Byz	
5	4	1	NKO	ὑμεῖς	humeis	G4771	P-2NP	σύ	you	You yourselves	NA28+NA27+Tyn+SBL+WH+Treg+TR+Byz	
5	4	2	NKO	δέ,	de	G1161	CONJ	δέ	but/and	however,	NA28+NA27+Tyn+SBL+WH+Treg+TR+Byz	
5	4	3	NKO	ἀδελφοί,	adelphoi	G0080	N-VPM	ἀδελφός	brother	brothers,	NA28+NA27+Tyn+SBL+WH+Treg+TR+Byz	
5	4	4	NKO	οὐκ	ouk	G3756	PRT-N	οὐ	no	not	NA28+NA27+Tyn+SBL+WH+Treg+TR+Byz	
5	4	5	NKO	ἐστὲ	este	G1510	V-PAI-2P	εἰμί	to be	are	NA28+NA27+Tyn+SBL+WH+Treg+TR+Byz	
5	4	6	NKO	ἐν	en	G1722	PREP	ἐν	in/on/among	in	NA28+NA27+Tyn+SBL+WH+Treg+TR+Byz	
5	4	7	NKO	σκότει,	skotei	G4655	N-DSN	σκότος	darkness	darkness,	NA28+NA27+Tyn+SBL+WH+Treg+TR+Byz	
5	4	8	NKO	ἵνα	ina	G2443	CONJ	ἵνα	in order that/to	that	NA28+NA27+Tyn+SBL+WH+Treg+TR+Byz	
5	4	9	NKO	ἡ	hē	G3588	T-NSF	ὁ	the/this/who	the	NA28+NA27+Tyn+SBL+WH+Treg+TR+Byz	
5	4	10	NKO	ἡμέρα	hēmera	G2250	N-NSF	ἡμέρα	day	day	NA28+NA27+Tyn+SBL+WH+Treg+TR+Byz	
5	4	11	NKO	ὑμᾶς	humas	G4771	P-2AP	σύ	you	you	NA28+NA27+Tyn+SBL+WH+Treg+TR+Byz	
5	4	12	NKO	ὡς	hōs	G5613	PRT	ὡς	which/how	like	NA28+NA27+Tyn+SBL+WH+Treg+TR+Byz	
5	4	13	NK(O)	κλέπτης	kleptēs	G2812	N-NSM	κλέπτης	thief	a thief	NA28+NA27+Tyn+SBL+Treg+TR+Byz	
5	4	14	NKO	καταλάβῃ·	katalabē	G2638	V-2AAS-3S	καταλαμβάνω	to grasp	may grasp;	NA28+NA27+Tyn+SBL+WH+Treg+TR+Byz	
5	5	1	NKO	πάντες	pantes	G3956	A-NPM	πᾶς	all	All	NA28+NA27+Tyn+SBL+WH+Treg+TR+Byz	
5	5	2	no	γὰρ	gar	G1063	CONJ	γάρ	for	for	NA28+NA27+Tyn+SBL+WH+Treg	
5	5	3	NKO	ὑμεῖς	humeis	G4771	P-2NP	σύ	you	you yourselves	NA28+NA27+Tyn+SBL+WH+Treg+TR+Byz	
5	5	4	NKO	υἱοὶ	huioi	G5207	N-NPM	υἱός	son	sons	NA28+NA27+Tyn+SBL+WH+Treg+TR+Byz	
5	5	5	NKO	φωτός	phōtos	G5457	N-GSN	φῶς	light	of light	NA28+NA27+Tyn+SBL+WH+Treg+TR+Byz	
5	5	6	NKO	ἐστε	este	G1510	V-PAI-2P	εἰμί	to be	are	NA28+NA27+Tyn+SBL+WH+Treg+TR+Byz	
5	5	7	NKO	καὶ	kai	G2532	CONJ	καί	and	and	NA28+NA27+Tyn+SBL+WH+Treg+TR+Byz	
5	5	8	NKO	υἱοὶ	huioi	G5207	N-NPM	υἱός	son	sons	NA28+NA27+Tyn+SBL+WH+Treg+TR+Byz	
5	5	9	NKO	ἡμέρας·	hēmeras	G2250	N-GSF	ἡμέρα	day	of day;	NA28+NA27+Tyn+SBL+WH+Treg+TR+Byz	
5	5	10	NKO	οὐκ	ouk	G3756	PRT-N	οὐ	no	Not	NA28+NA27+Tyn+SBL+WH+Treg+TR+Byz	
5	5	11	NKO	ἐσμὲν	esmen	G1510	V-PAI-1P	εἰμί	to be	we are	NA28+NA27+Tyn+SBL+WH+Treg+TR+Byz	
5	5	12	NKO	νυκτὸς	nuktos	G3571	N-GSF	νύξ	night	of night	NA28+NA27+Tyn+SBL+WH+Treg+TR+Byz	
5	5	13	NKO	οὐδὲ	oude	G3761	CONJ-N	οὐδέ	and not	nor	NA28+NA27+Tyn+SBL+WH+Treg+TR+Byz	
5	5	14	NKO	σκότους.¶	skotous	G4655	N-GSN	σκότος	darkness	of darkness.	NA28+NA27+Tyn+SBL+WH+Treg+TR+Byz	
5	6	1	NKO	Ἄρα	Ara	G0686	CONJ	ἄρα	therefore	So	NA28+NA27+Tyn+SBL+WH+Treg+TR+Byz	
5	6	2	NKO	οὖν	oun	G3767	CONJ	οὖν	therefore/then	then	NA28+NA27+Tyn+SBL+WH+Treg+TR+Byz	
5	6	3	NKO	μὴ	mē	G3361	PRT-N	μή	not	not	NA28+NA27+Tyn+SBL+WH+Treg+TR+Byz	
5	6	4	NKO	καθεύδωμεν	katheudōmen	G2518	V-PAS-1P	καθεύδω	to sleep	we may sleep	NA28+NA27+Tyn+SBL+WH+Treg+TR+Byz	
5	6	5	NKO	ὡς	hōs	G5613	PRT	ὡς	which/how	as	NA28+NA27+Tyn+SBL+WH+Treg+TR+Byz	
5	6	6	k	καὶ	kai	G2532	CONJ	καί	and	also	TR+Byz	
5	6	7	NKO	οἱ	hoi	G3588	T-NPM	ὁ	the/this/who	the	NA28+NA27+Tyn+SBL+WH+Treg+TR+Byz	
5	6	8	NKO	λοιποὶ	loipoi	G3062	A-NPM	λοιπός	remaining	others	NA28+NA27+Tyn+SBL+WH+Treg+TR+Byz	
5	6	9	NKO	ἀλλὰ	alla	G0235	CONJ	ἀλλά	but	but	NA28+NA27+Tyn+SBL+WH+Treg+TR+Byz	
5	6	10	NKO	γρηγορῶμεν	grēgorōmen	G1127	V-PAS-1P	γρηγορέω	to keep watch	we may watch	NA28+NA27+Tyn+SBL+WH+Treg+TR+Byz	
5	6	11	NKO	καὶ	kai	G2532	CONJ	καί	and	and	NA28+NA27+Tyn+SBL+WH+Treg+TR+Byz	
5	6	12	NKO	νήφωμεν.	nēphōmen	G3525	V-PAS-1P	νήφω	be sober	we may be sober.	NA28+NA27+Tyn+SBL+WH+Treg+TR+Byz	
5	7	1	NKO	οἱ	hoi	G3588	T-NPM	ὁ	the/this/who	Those	NA28+NA27+Tyn+SBL+WH+Treg+TR+Byz	
5	7	2	NKO	γὰρ	gar	G1063	CONJ	γάρ	for	for	NA28+NA27+Tyn+SBL+WH+Treg+TR+Byz	
5	7	3	NKO	καθεύδοντες	katheudontes	G2518	V-PAP-NPM	καθεύδω	to sleep	sleeping	NA28+NA27+Tyn+SBL+WH+Treg+TR+Byz	
5	7	4	NKO	νυκτὸς	nuktos	G3571	N-GSF	νύξ	night	by night	NA28+NA27+Tyn+SBL+WH+Treg+TR+Byz	
5	7	5	NKO	καθεύδουσιν	katheudousin	G2518	V-PAI-3P	καθεύδω	to sleep	sleep	NA28+NA27+Tyn+SBL+WH+Treg+TR+Byz	
5	7	6	NKO	καὶ	kai	G2532	CONJ	καί	and	and	NA28+NA27+Tyn+SBL+WH+Treg+TR+Byz	
5	7	7	NKO	οἱ	hoi	G3588	T-NPM	ὁ	the/this/who	those	NA28+NA27+Tyn+SBL+WH+Treg+TR+Byz	
5	7	8	NKO	μεθυσκόμενοι	methuskomenoi	G3182	V-PPP-NPM	μεθύσκω	to get drunk	becoming drunk	NA28+NA27+Tyn+SBL+WH+Treg+TR+Byz	
5	7	9	NKO	νυκτὸς	nuktos	G3571	N-GSF	νύξ	night	by night	NA28+NA27+Tyn+SBL+WH+Treg+TR+Byz	
5	7	10	NKO	μεθύουσιν·	methuousin	G3184	V-PAI-3P	μεθύω	to get drunk	get drunk;	NA28+NA27+Tyn+SBL+WH+Treg+TR+Byz	
5	8	1	NKO	ἡμεῖς	hēmeis	G3165	P-1NP	ἐγώ	I/we	We ourselves	NA28+NA27+Tyn+SBL+WH+Treg+TR+Byz	
5	8	2	NKO	δὲ	de	G1161	CONJ	δέ	but/and	however	NA28+NA27+Tyn+SBL+WH+Treg+TR+Byz	
5	8	3	NKO	ἡμέρας	hēmeras	G2250	N-GSF	ἡμέρα	day	of [the] day	NA28+NA27+Tyn+SBL+WH+Treg+TR+Byz	
5	8	4	NKO	ὄντες	ontes	G1510	V-PAP-NPM	εἰμί	to be	being	NA28+NA27+Tyn+SBL+WH+Treg+TR+Byz	
5	8	5	NKO	νήφωμεν	nēphōmen	G3525	V-PAS-1P	νήφω	be sober	may be sober	NA28+NA27+Tyn+SBL+WH+Treg+TR+Byz	
5	8	6	NKO	ἐνδυσάμενοι	endusamenoi	G1746	V-AMP-NPM	ἐνδύω	to put on	having put on	NA28+NA27+Tyn+SBL+WH+Treg+TR+Byz	
5	8	7	NKO	θώρακα	thōraka	G2382	N-ASM	θώραξ	breastplate	[the] breastplate	NA28+NA27+Tyn+SBL+WH+Treg+TR+Byz	
5	8	8	NKO	πίστεως	pisteōs	G4102G	N-GSF	πίστις	faith	of faith	NA28+NA27+Tyn+SBL+WH+Treg+TR+Byz	
5	8	9	NKO	καὶ	kai	G2532	CONJ	καί	and	and	NA28+NA27+Tyn+SBL+WH+Treg+TR+Byz	
5	8	10	NKO	ἀγάπης	agapēs	G0026	N-GSF	ἀγάπη	love	love	NA28+NA27+Tyn+SBL+WH+Treg+TR+Byz	
5	8	11	NKO	καὶ	kai	G2532	CONJ	καί	and	and	NA28+NA27+Tyn+SBL+WH+Treg+TR+Byz	
5	8	12	NKO	περικεφαλαίαν	perikephalaian	G4030	N-ASF	περικεφαλαία	helmet	[the] helmet	NA28+NA27+Tyn+SBL+WH+Treg+TR+Byz	
5	8	13	NKO	ἐλπίδα	elpida	G1680	N-ASF	ἐλπίς	hope	[the] hope	NA28+NA27+Tyn+SBL+WH+Treg+TR+Byz	
5	8	14	NKO	σωτηρίας·	sōtērias	G4991	N-GSF	σωτηρία	salvation	of salvation;	NA28+NA27+Tyn+SBL+WH+Treg+TR+Byz	
5	9	1	NKO	ὅτι	hoti	G3754H	CONJ	ὅτι	that/since	because	NA28+NA27+Tyn+SBL+WH+Treg+TR+Byz	
5	9	2	NKO	οὐκ	ouk	G3756	PRT-N	οὐ	no	not	NA28+NA27+Tyn+SBL+WH+Treg+TR+Byz	
5	9	3	NKO	ἔθετο	etheto	G5087	V-2AMI-3S	τίθημι	to place	has destined	NA28+NA27+Tyn+SBL+WH+Treg+TR+Byz	
5	9	4	NKO	ἡμᾶς	hēmas	G3165	P-1AP	ἐγώ	I/we	us	NA28+NA27+Tyn+SBL+WH+Treg+TR+Byz	
5	9	5	NKO	ὁ	ho	G3588	T-NSM	ὁ	the/this/who	<the>	NA28+NA27+Tyn+SBL+WH+Treg+TR+Byz	
5	9	6	NKO	θεὸς	theos	G2316	N-NSM-T	θεός	God	God	NA28+NA27+Tyn+SBL+WH+Treg+TR+Byz	
5	9	7	NKO	εἰς	eis	G1519	PREP	εἰς	toward	for	NA28+NA27+Tyn+SBL+WH+Treg+TR+Byz	
5	9	8	NKO	ὀργὴν	orgēn	G3709	N-ASF	ὀργή	wrath	wrath	NA28+NA27+Tyn+SBL+WH+Treg+TR+Byz	
5	9	9	NKO	ἀλλ᾽	all᾽	G0235	CONJ	ἀλλά	but	but	NA28+NA27+Tyn+SBL+WH+Treg+TR+Byz	
5	9	10	NKO	εἰς	eis	G1519	PREP	εἰς	toward	for	NA28+NA27+Tyn+SBL+WH+Treg+TR+Byz	
5	9	11	NKO	περιποίησιν	peripoiēsin	G4047	N-ASF	περιποίησις	acquiring	obtaining	NA28+NA27+Tyn+SBL+WH+Treg+TR+Byz	
5	9	12	NKO	σωτηρίας	sōtērias	G4991	N-GSF	σωτηρία	salvation	salvation	NA28+NA27+Tyn+SBL+WH+Treg+TR+Byz	
5	9	13	NKO	διὰ	dia	G1223	PREP	διά	through/because of	through	NA28+NA27+Tyn+SBL+WH+Treg+TR+Byz	
5	9	14	NKO	τοῦ	tou	G3588	T-GSM	ὁ	the/this/who	the	NA28+NA27+Tyn+SBL+WH+Treg+TR+Byz	
5	9	15	NKO	κυρίου	kuriou	G2962G	N-GSM-T	κύριος	lord	Lord	NA28+NA27+Tyn+SBL+WH+Treg+TR+Byz	
5	9	16	NKO	ἡμῶν	hēmōn	G3165	P-1GP	ἐγώ	I/we	of us	NA28+NA27+Tyn+SBL+WH+Treg+TR+Byz	
5	9	17	NKO	Ἰησοῦ	Iēsou	G2424G	N-GSM-P	Ἰησοῦς	Jesus/Joshua	Jesus	NA28+NA27+Tyn+SBL+WH+Treg+TR+Byz	
5	9	18	NKO	Χριστοῦ	Christou	G5547	N-GSM-T	Χριστός	Christ	Christ	NA28+NA27+Tyn+SBL+WH+Treg+TR+Byz	
5	10	1	NKO	τοῦ	tou	G3588	T-GSM	ὁ	the/this/who	the [One who]	NA28+NA27+Tyn+SBL+WH+Treg+TR+Byz	
5	10	2	NKO	ἀποθανόντος	apothanontos	G0599	V-2AAP-GSM	ἀποθνήσκω	to die	having died	NA28+NA27+Tyn+SBL+WH+Treg+TR+Byz	
5	10	3	NK(o)	ὑπὲρ	huper	G5228	PREP	ὑπέρ	above/for	for	NA28+NA27+Tyn+TR+Byz	
5	10	4	NKO	ἡμῶν,	hēmōn	G3165	P-1GP	ἐγώ	I/we	us,	NA28+NA27+Tyn+SBL+WH+Treg+TR+Byz	
5	10	5	NKO	ἵνα	ina	G2443	CONJ	ἵνα	in order that/to	so that	NA28+NA27+Tyn+SBL+WH+Treg+TR+Byz	
5	10	6	NKO	εἴτε	eite	G1535	COND	εἴτε	whether	whether	NA28+NA27+Tyn+SBL+WH+Treg+TR+Byz	
5	10	7	NKO	γρηγορῶμεν	grēgorōmen	G1127	V-PAS-1P	γρηγορέω	to keep watch	we shall watch	NA28+NA27+Tyn+SBL+WH+Treg+TR+Byz	
5	10	8	NKO	εἴτε	eite	G1535	COND	εἴτε	whether	or	NA28+NA27+Tyn+SBL+WH+Treg+TR+Byz	
5	10	9	NKO	καθεύδωμεν	katheudōmen	G2518	V-PAS-1P	καθεύδω	to sleep	we shall sleep	NA28+NA27+Tyn+SBL+WH+Treg+TR+Byz	
5	10	10	NKO	ἅμα	hama	G0260	ADV	ἅμα	together	together	NA28+NA27+Tyn+SBL+WH+Treg+TR+Byz	
5	10	11	NKO	σὺν	sun	G4862	PREP	σύν	with	with	NA28+NA27+Tyn+SBL+WH+Treg+TR+Byz	
5	10	12	NKO	αὐτῷ	autō	G0846	P-DSM	αὐτός	he/she/it/self	Him	NA28+NA27+Tyn+SBL+WH+Treg+TR+Byz	
5	10	13	NKO	ζήσωμεν.¶	zēsōmen	G2198	V-AAS-1P	ζάω	to live	we may live.	NA28+NA27+Tyn+SBL+WH+Treg+TR+Byz	
5	11	1	NKO	Διὸ	Dio	G1352	CONJ	διό	for	Therefore	NA28+NA27+Tyn+SBL+WH+Treg+TR+Byz	
5	11	2	NKO	παρακαλεῖτε	parakaleite	G3870	V-PAM-2P	παρακαλέω	to plead/comfort	do encourage	NA28+NA27+Tyn+SBL+WH+Treg+TR+Byz	
5	11	3	NKO	ἀλλήλους	allēlous	G0240	C-APM	ἀλλήλων	one another	one another	NA28+NA27+Tyn+SBL+WH+Treg+TR+Byz	
5	11	4	NKO	καὶ	kai	G2532	CONJ	καί	and	and	NA28+NA27+Tyn+SBL+WH+Treg+TR+Byz	
5	11	5	NKO	οἰκοδομεῖτε	oikodomeite	G3618	V-PAM-2P	οἰκοδομέω	to build	do build up	NA28+NA27+Tyn+SBL+WH+Treg+TR+Byz	
5	11	6	NKO	εἷς	heis	G1520	A-NSM	εἷς	one	one	NA28+NA27+Tyn+SBL+WH+Treg+TR+Byz	
5	11	7	NKO	τὸν	ton	G3588	T-ASM	ὁ	the/this/who	<the>	NA28+NA27+Tyn+SBL+WH+Treg+TR+Byz	
5	11	8	NKO	ἕνα	hena	G1520	A-ASM	εἷς	one	another	NA28+NA27+Tyn+SBL+WH+Treg+TR+Byz	
5	11	9	NKO	καθὼς	kathōs	G2531	CONJ	καθώς	as/just as	even as	NA28+NA27+Tyn+SBL+WH+Treg+TR+Byz	
5	11	10	NKO	καὶ	kai	G2532	CONJ	καί	and	also	NA28+NA27+Tyn+SBL+WH+Treg+TR+Byz	
5	11	11	NKO	ποιεῖτε.¶	poieite	G4160G	V-PAI-2P	ποιέω	to do/make	you are doing.	NA28+NA27+Tyn+SBL+WH+Treg+TR+Byz	
5	12	1	NKO	Ἐρωτῶμεν	Erōtōmen	G2065	V-PAI-1P	ἐρωτάω	to ask	We implore	NA28+NA27+Tyn+SBL+WH+Treg+TR+Byz	
5	12	2	NKO	δὲ	de	G1161	CONJ	δέ	but/and	however	NA28+NA27+Tyn+SBL+WH+Treg+TR+Byz	
5	12	3	NKO	ὑμᾶς,	humas	G4771	P-2AP	σύ	you	you,	NA28+NA27+Tyn+SBL+WH+Treg+TR+Byz	
5	12	4	NKO	ἀδελφοί,	adelphoi	G0080	N-VPM	ἀδελφός	brother	brothers,	NA28+NA27+Tyn+SBL+WH+Treg+TR+Byz	
5	12	5	NKO	εἰδέναι	eidenai	G6063	V-RAN	εἴδω	to perceive	to know	NA28+NA27+Tyn+SBL+WH+Treg+TR+Byz	
5	12	6	NKO	τοὺς	tous	G3588	T-APM	ὁ	the/this/who	those	NA28+NA27+Tyn+SBL+WH+Treg+TR+Byz	
5	12	7	NKO	κοπιῶντας	kopiōntas	G2872	V-PAP-APM	κοπιάω	to labor	toiling	NA28+NA27+Tyn+SBL+WH+Treg+TR+Byz	
5	12	8	NKO	ἐν	en	G1722	PREP	ἐν	in/on/among	among	NA28+NA27+Tyn+SBL+WH+Treg+TR+Byz	
5	12	9	NKO	ὑμῖν	humin	G4771	P-2DP	σύ	you	you	NA28+NA27+Tyn+SBL+WH+Treg+TR+Byz	
5	12	10	NKO	καὶ	kai	G2532	CONJ	καί	and	and	NA28+NA27+Tyn+SBL+WH+Treg+TR+Byz	
5	12	11	NKO	προϊσταμένους	proistamenous	G4291	V-PMP-APM	προΐστημι	to set before	taking the lead	NA28+NA27+Tyn+SBL+WH+Treg+TR+Byz	
5	12	12	NKO	ὑμῶν	humōn	G4771	P-2GP	σύ	you	over you	NA28+NA27+Tyn+SBL+WH+Treg+TR+Byz	
5	12	13	NKO	ἐν	en	G1722	PREP	ἐν	in/on/among	in	NA28+NA27+Tyn+SBL+WH+Treg+TR+Byz	
5	12	14	NKO	κυρίῳ	kuriō	G2962G	N-DSM-T	κύριος	lord	[the] Lord	NA28+NA27+Tyn+SBL+WH+Treg+TR+Byz	
5	12	15	NKO	καὶ	kai	G2532	CONJ	καί	and	and	NA28+NA27+Tyn+SBL+WH+Treg+TR+Byz	
5	12	16	NKO	νουθετοῦντας	nouthetountas	G3560	V-PAP-APM	νουθετέω	to admonish	admonishing	NA28+NA27+Tyn+SBL+WH+Treg+TR+Byz	
5	12	17	NKO	ὑμᾶς	humas	G4771	P-2AP	σύ	you	you	NA28+NA27+Tyn+SBL+WH+Treg+TR+Byz	
5	13	1	NKO	καὶ	kai	G2532	CONJ	καί	and	and	NA28+NA27+Tyn+SBL+WH+Treg+TR+Byz	
5	13	2	NKO	ἡγεῖσθαι	hēgeisthai	G2233	V-PNN	ἡγέομαι	to govern	to esteem	NA28+NA27+Tyn+SBL+WH+Treg+TR+Byz	
5	13	3	NKO	αὐτοὺς	autous	G0846	P-APM	αὐτός	he/she/it/self	them	NA28+NA27+Tyn+SBL+WH+Treg+TR+Byz	
5	13	4	NKO	ὑπερεκπερισσοῦ	huperekperissou	G5228	PREP + G1537=PREP + G4057=ADV	ὑπέρ	above/for + ἐκ=out from + περισσῶς=more-abundantly	super overexcessively	NA28+NA27+Tyn+SBL+WH+Treg+TR+Byz	
5	13	5	NKO	ἐν	en	G1722	PREP	ἐν	in/on/among	in	NA28+NA27+Tyn+SBL+WH+Treg+TR+Byz	
5	13	6	NKO	ἀγάπῃ	agapē	G0026	N-DSF	ἀγάπη	love	love	NA28+NA27+Tyn+SBL+WH+Treg+TR+Byz	
5	13	7	NKO	διὰ	dia	G1223	PREP	διά	through/because of	because of	NA28+NA27+Tyn+SBL+WH+Treg+TR+Byz	
5	13	8	NKO	τὸ	to	G3588	T-ASN	ὁ	the/this/who	the	NA28+NA27+Tyn+SBL+WH+Treg+TR+Byz	
5	13	9	NKO	ἔργον	ergon	G2041	N-ASN	ἔργον	work	work	NA28+NA27+Tyn+SBL+WH+Treg+TR+Byz	
5	13	10	NKO	αὐτῶν.	autōn	G0846	P-GPM	αὐτός	he/she/it/self	of them.	NA28+NA27+Tyn+SBL+WH+Treg+TR+Byz	
5	13	11	NKO	εἰρηνεύετε	eirēneuete	G1514	V-PAM-2P	εἰρηνεύω	be at peace	do be at peace	NA28+NA27+Tyn+SBL+WH+Treg+TR+Byz	
5	13	12	NKO	ἐν	en	G1722	PREP	ἐν	in/on/among	among	NA28+NA27+Tyn+SBL+WH+Treg+TR+Byz	
5	13	13	NK(O)	ἑαυτοῖς.¶	he'autois	G1438	F-2DPM	ἑαυτοῦ	my/your/him-self	yourselves.	NA28+NA27+Tyn+SBL+WH+TR+Byz	
5	14	1	NKO	Παρακαλοῦμεν	Parakaloumen	G3870	V-PAI-1P	παρακαλέω	to plead/comfort	We exhort	NA28+NA27+Tyn+SBL+WH+Treg+TR+Byz	
5	14	2	NKO	δὲ	de	G1161	CONJ	δέ	but/and	now	NA28+NA27+Tyn+SBL+WH+Treg+TR+Byz	
5	14	3	NKO	ὑμᾶς,	humas	G4771	P-2AP	σύ	you	you,	NA28+NA27+Tyn+SBL+WH+Treg+TR+Byz	
5	14	4	NKO	ἀδελφοί,	adelphoi	G0080	N-VPM	ἀδελφός	brother	brothers,	NA28+NA27+Tyn+SBL+WH+Treg+TR+Byz	
5	14	5	NKO	νουθετεῖτε	noutheteite	G3560	V-PAM-2P	νουθετέω	to admonish	do admonish	NA28+NA27+Tyn+SBL+WH+Treg+TR+Byz	
5	14	6	NKO	τοὺς	tous	G3588	T-APM	ὁ	the/this/who	the	NA28+NA27+Tyn+SBL+WH+Treg+TR+Byz	
5	14	7	NKO	ἀτάκτους,	ataktous	G0813	A-APM	ἄτακτος	disorderly	unruly,	NA28+NA27+Tyn+SBL+WH+Treg+TR+Byz	
5	14	8	NKO	παραμυθεῖσθε	paramutheisthe	G3888	V-PNM-2P	παραμυθέομαι	to encourage	do encourage	NA28+NA27+Tyn+SBL+WH+Treg+TR+Byz	
5	14	9	NKO	τοὺς	tous	G3588	T-APM	ὁ	the/this/who	the	NA28+NA27+Tyn+SBL+WH+Treg+TR+Byz	
5	14	10	NKO	ὀλιγοψύχους,	oligopsuchous	G3642	A-APM	ὀλιγόψυχος	fainthearted	fainthearted,	NA28+NA27+Tyn+SBL+WH+Treg+TR+Byz	
5	14	11	NKO	ἀντέχεσθε	antechesthe	G0472	V-PNM-2P	ἀντέχω	to cling to	do help	NA28+NA27+Tyn+SBL+WH+Treg+TR+Byz	
5	14	12	NKO	τῶν	tōn	G3588	T-GPM	ὁ	the/this/who	the	NA28+NA27+Tyn+SBL+WH+Treg+TR+Byz	
5	14	13	NKO	ἀσθενῶν,	asthenōn	G0772G	A-GPM	ἀσθενής	weak	weak,	NA28+NA27+Tyn+SBL+WH+Treg+TR+Byz	
5	14	14	NKO	μακροθυμεῖτε	makrothumeite	G3114	V-PAM-2P	μακροθυμέω	to have patience	do be patient	NA28+NA27+Tyn+SBL+WH+Treg+TR+Byz	
5	14	15	NKO	πρὸς	pros	G4314	PREP	πρός	to/with	toward	NA28+NA27+Tyn+SBL+WH+Treg+TR+Byz	
5	14	16	NKO	πάντας.	pantas	G3956	A-APM	πᾶς	all	all.	NA28+NA27+Tyn+SBL+WH+Treg+TR+Byz	
5	15	1	NKO	ὁρᾶτε	horate	G3708	V-PAM-2P	ὁράω	to see	do see that	NA28+NA27+Tyn+SBL+WH+Treg+TR+Byz	
5	15	2	NKO	μή	mē	G3361	PRT-N	μή	not	no	NA28+NA27+Tyn+SBL+WH+Treg+TR+Byz	
5	15	3	NKO	τις	tis	G5100	X-NSM	τις	one	one	NA28+NA27+Tyn+SBL+WH+Treg+TR+Byz	
5	15	4	NKO	κακὸν	kakon	G2556G	A-ASN	κακός	evil/harm	evil	NA28+NA27+Tyn+SBL+WH+Treg+TR+Byz	
5	15	5	NKO	ἀντὶ	anti	G0473	PREP	ἀντί	for	for	NA28+NA27+Tyn+SBL+WH+Treg+TR+Byz	
5	15	6	NKO	κακοῦ	kakou	G2556G	A-GSN	κακός	evil/harm	evil	NA28+NA27+Tyn+SBL+WH+Treg+TR+Byz	
5	15	7	NKO	τινι	tini	G5100	X-DSM	τις	one	to anyone	NA28+NA27+Tyn+SBL+WH+Treg+TR+Byz	
5	15	8	NKO	ἀποδῷ,	apodō	G0591	V-2AAS-3S	ἀποδίδωμι	to pay	may repay,	NA28+NA27+Tyn+SBL+WH+Treg+TR+Byz	
5	15	9	NKO	ἀλλὰ	alla	G0235	CONJ	ἀλλά	but	but	NA28+NA27+Tyn+SBL+WH+Treg+TR+Byz	
5	15	10	NKO	πάντοτε	pantote	G3842	ADV	πάντοτε	always	always	NA28+NA27+Tyn+SBL+WH+Treg+TR+Byz	
5	15	11	NKO	τὸ	to	G3588	T-ASN	ὁ	the/this/who	the	NA28+NA27+Tyn+SBL+WH+Treg+TR+Byz	
5	15	12	NKO	ἀγαθὸν	agathon	G0018	A-ASN	ἀγαθός	good-doer	good	NA28+NA27+Tyn+SBL+WH+Treg+TR+Byz	
5	15	13	NKO	διώκετε	diōkete	G1377	V-PAM-2P	διώκω	to pursue	do pursue	NA28+NA27+Tyn+SBL+WH+Treg+TR+Byz	
5	15	14	NKO	καὶ	kai	G2532	CONJ	καί	and	also	NA28+NA27+Tyn+TR+Byz	
5	15	15	NKO	εἰς	eis	G1519	PREP	εἰς	toward	toward	NA28+NA27+Tyn+SBL+WH+Treg+TR+Byz	
5	15	16	NKO	ἀλλήλους	allēlous	G0240	C-APM	ἀλλήλων	one another	one another	NA28+NA27+Tyn+SBL+WH+Treg+TR+Byz	
5	15	17	NKO	καὶ	kai	G2532	CONJ	καί	and	and	NA28+NA27+Tyn+SBL+WH+Treg+TR+Byz	
5	15	18	NKO	εἰς	eis	G1519	PREP	εἰς	toward	toward	NA28+NA27+Tyn+SBL+WH+Treg+TR+Byz	
5	15	19	NKO	πάντας.	pantas	G3956	A-APM	πᾶς	all	all.	NA28+NA27+Tyn+SBL+WH+Treg+TR+Byz	
5	16	1	NKO	πάντοτε	pantote	G3842	ADV	πάντοτε	always	Always	NA28+NA27+Tyn+SBL+WH+Treg+TR+Byz	
5	16	2	NKO	χαίρετε·	chairete	G5463	V-PAM-2P	χαίρω	to rejoice	do rejoice;	NA28+NA27+Tyn+SBL+WH+Treg+TR+Byz	
5	17	1	NKO	ἀδιαλείπτως	adialeiptōs	G0089	ADV	ἀδιαλείπτως	unceasingly	Unceasingly	NA28+NA27+Tyn+SBL+WH+Treg+TR+Byz	
5	17	2	NKO	προσεύχεσθε·	proseuchesthe	G4336	V-PNM-2P	προσεύχομαι	to pray	do pray;	NA28+NA27+Tyn+SBL+WH+Treg+TR+Byz	
5	18	1	NKO	ἐν	en	G1722	PREP	ἐν	in/on/among	In	NA28+NA27+Tyn+SBL+WH+Treg+TR+Byz	
5	18	2	NKO	παντὶ	panti	G3956	A-DSN	πᾶς	all	everything	NA28+NA27+Tyn+SBL+WH+Treg+TR+Byz	
5	18	3	NKO	εὐχαριστεῖτε·	eucharisteite	G2168	V-PAM-2P	εὐχαριστέω	to thank	do give thanks;	NA28+NA27+Tyn+SBL+WH+Treg+TR+Byz	
5	18	4	NKO	τοῦτο	touto	G3778	D-NSN	οὗτος	this/he/she/it	this	NA28+NA27+Tyn+SBL+WH+Treg+TR+Byz	
5	18	5	NKO	γὰρ	gar	G1063	CONJ	γάρ	for	for	NA28+NA27+Tyn+SBL+WH+Treg+TR+Byz	
5	18	6	NKO	θέλημα	thelēma	G2307	N-NSN	θέλημα	will/desire	[is the] will	NA28+NA27+Tyn+SBL+WH+Treg+TR+Byz	
5	18	7	NKO	θεοῦ	theou	G2316	N-GSM-T	θεός	God	of God	NA28+NA27+Tyn+SBL+WH+Treg+TR+Byz	
5	18	8	NKO	ἐν	en	G1722	PREP	ἐν	in/on/among	in	NA28+NA27+Tyn+SBL+WH+Treg+TR+Byz	
5	18	9	NKO	Χριστῷ	Christō	G5547	N-DSM-T	Χριστός	Christ	Christ	NA28+NA27+Tyn+SBL+WH+Treg+TR+Byz	
5	18	10	NKO	Ἰησοῦ	Iēsou	G2424G	N-DSM-P	Ἰησοῦς	Jesus/Joshua	Jesus	NA28+NA27+Tyn+SBL+WH+Treg+TR+Byz	
5	18	11	NKO	εἰς	eis	G1519	PREP	εἰς	toward	toward	NA28+NA27+Tyn+SBL+WH+Treg+TR+Byz	
5	18	12	NKO	ὑμᾶς.	humas	G4771	P-2AP	σύ	you	you.	NA28+NA27+Tyn+SBL+WH+Treg+TR+Byz	
5	19	1	NKO	τὸ	to	G3588	T-ASN	ὁ	the/this/who	The	NA28+NA27+Tyn+SBL+WH+Treg+TR+Byz	
5	19	2	NKO	πνεῦμα	pneuma	G4151G	N-ASN	πνεῦμα	spirit/breath	Spirit	NA28+NA27+Tyn+SBL+WH+Treg+TR+Byz	
5	19	3	NKO	μὴ	mē	G3361	PRT-N	μή	not	not	NA28+NA27+Tyn+SBL+WH+Treg+TR+Byz	
5	19	4	NKO	σβέννυτε·	sbennute	G4570	V-PAM-2P	σβέννυμι	to extinguish	do quench;	NA28+NA27+Tyn+SBL+WH+Treg+TR+Byz	
5	20	1	NKO	προφητείας	prophēteias	G4394	N-APF	προφητεία	prophecy	Prophecies	NA28+NA27+Tyn+SBL+WH+Treg+TR+Byz	
5	20	2	NKO	μὴ	mē	G3361	PRT-N	μή	not	not	NA28+NA27+Tyn+SBL+WH+Treg+TR+Byz	
5	20	3	NKO	ἐξουθενεῖτε·	exoutheneite	G1848	V-PAM-2P	ἐξουθενέω	to reject	do despise;	NA28+NA27+Tyn+SBL+WH+Treg+TR+Byz	
5	21	1	NKO	πάντα	panta	G3956	A-APN	πᾶς	all	All things	NA28+NA27+Tyn+SBL+WH+Treg+TR+Byz	
5	21	2	no	δὲ	de	G1161	CONJ	δέ	but/and	now	NA28+NA27+Tyn+SBL+WH+Treg+Byz	
5	21	3	NKO	δοκιμάζετε·	dokimazete	G1381	V-PAM-2P	δοκιμάζω	to test	do test;	NA28+NA27+Tyn+SBL+WH+Treg+TR+Byz	
5	21	4	NKO	τὸ	to	G3588	T-ASN	ὁ	the/this/who	To the	NA28+NA27+Tyn+SBL+WH+Treg+TR+Byz	
5	21	5	NKO	καλὸν	kalon	G2570G	A-ASN	καλός	good	good	NA28+NA27+Tyn+SBL+WH+Treg+TR+Byz	
5	21	6	NKO	κατέχετε·	katechete	G2722	V-PAM-2P	κατέχω	to hold back/fast	do hold fast;	NA28+NA27+Tyn+SBL+WH+Treg+TR+Byz	
5	22	1	NKO	ἀπὸ	apo	G0575	PREP	ἀπό	away from	From	NA28+NA27+Tyn+SBL+WH+Treg+TR+Byz	
5	22	2	NKO	παντὸς	pantos	G3956	A-GSN	πᾶς	all	every	NA28+NA27+Tyn+SBL+WH+Treg+TR+Byz	
5	22	3	NKO	εἴδους	eidous	G1491	N-GSN	εἶδος	appearance	form	NA28+NA27+Tyn+SBL+WH+Treg+TR+Byz	
5	22	4	NKO	πονηροῦ	ponērou	G4190	A-GSN	πονηρός	evil/bad	of evil	NA28+NA27+Tyn+SBL+WH+Treg+TR+Byz	
5	22	5	NKO	ἀπέχεσθε.	apechesthe	G0568	V-PMM-2P	ἀπέχω	to have in full	do abstain.	NA28+NA27+Tyn+SBL+WH+Treg+TR+Byz	
5	23	1	NKO	αὐτὸς	autos	G0846	P-NSM	αὐτός	he/she/it/self	Himself	NA28+NA27+Tyn+SBL+WH+Treg+TR+Byz	
5	23	2	NKO	δὲ	de	G1161	CONJ	δέ	but/and	now	NA28+NA27+Tyn+SBL+WH+Treg+TR+Byz	
5	23	3	NKO	ὁ	ho	G3588	T-NSM	ὁ	the/this/who	the	NA28+NA27+Tyn+SBL+WH+Treg+TR+Byz	
5	23	4	NKO	θεὸς	theos	G2316	N-NSM-T	θεός	God	God	NA28+NA27+Tyn+SBL+WH+Treg+TR+Byz	
5	23	5	NKO	τῆς	tēs	G3588	T-GSF	ὁ	the/this/who	<the>	NA28+NA27+Tyn+SBL+WH+Treg+TR+Byz	
5	23	6	NKO	εἰρήνης	eirēnēs	G1515	N-GSF	εἰρήνη	peace	of peace	NA28+NA27+Tyn+SBL+WH+Treg+TR+Byz	
5	23	7	NKO	ἁγιάσαι	hagiasai	G0037	V-AAO-3S	ἁγιάζω	to sanctify	would sanctify	NA28+NA27+Tyn+SBL+WH+Treg+TR+Byz	
5	23	8	NKO	ὑμᾶς	humas	G4771	P-2AP	σύ	you	you	NA28+NA27+Tyn+SBL+WH+Treg+TR+Byz	
5	23	9	NKO	ὁλοτελεῖς,	holoteleis	G3651	A-APM	ὁλοτελής	wholly	completely,	NA28+NA27+Tyn+SBL+WH+Treg+TR+Byz	
5	23	10	NKO	καὶ	kai	G2532	CONJ	καί	and	and	NA28+NA27+Tyn+SBL+WH+Treg+TR+Byz	
5	23	11	NKO	ὁλόκληρον	holoklēron	G3648	A-NSN	ὁλόκληρος	whole	entirely	NA28+NA27+Tyn+SBL+WH+Treg+TR+Byz	
5	23	12	NKO	ὑμῶν	humōn	G4771	P-2GP	σύ	you	your	NA28+NA27+Tyn+SBL+WH+Treg+TR+Byz	
5	23	13	NKO	τὸ	to	G3588	T-NSN	ὁ	the/this/who	<the>	NA28+NA27+Tyn+SBL+WH+Treg+TR+Byz	
5	23	14	NKO	πνεῦμα	pneuma	G4151G	N-NSN	πνεῦμα	spirit/breath	spirit	NA28+NA27+Tyn+SBL+WH+Treg+TR+Byz	
5	23	15	NKO	καὶ	kai	G2532	CONJ	καί	and	and	NA28+NA27+Tyn+SBL+WH+Treg+TR+Byz	
5	23	16	NKO	ἡ	hē	G3588	T-NSF	ὁ	the/this/who	<the>	NA28+NA27+Tyn+SBL+WH+Treg+TR+Byz	
5	23	17	NKO	ψυχὴ	psuchē	G5590G	N-NSF	ψυχή	soul	soul	NA28+NA27+Tyn+SBL+WH+Treg+TR+Byz	
5	23	18	NKO	καὶ	kai	G2532	CONJ	καί	and	and	NA28+NA27+Tyn+SBL+WH+Treg+TR+Byz	
5	23	19	NKO	τὸ	to	G3588	T-NSN	ὁ	the/this/who	<the>	NA28+NA27+Tyn+SBL+WH+Treg+TR+Byz	
5	23	20	NKO	σῶμα	sōma	G4983	N-NSN	σῶμα	body	body	NA28+NA27+Tyn+SBL+WH+Treg+TR+Byz	
5	23	21	NKO	ἀμέμπτως	amemptōs	G0274	ADV	ἀμέμπτως	blamelessly	blameless	NA28+NA27+Tyn+SBL+WH+Treg+TR+Byz	
5	23	22	NKO	ἐν	en	G1722	PREP	ἐν	in/on/among	at	NA28+NA27+Tyn+SBL+WH+Treg+TR+Byz	
5	23	23	NKO	τῇ	tēa	G3588	T-DSF	ὁ	the/this/who	the	NA28+NA27+Tyn+SBL+WH+Treg+TR+Byz	
5	23	24	NKO	παρουσίᾳ	parousia	G3952	N-DSF	παρουσία	coming	coming	NA28+NA27+Tyn+SBL+WH+Treg+TR+Byz	
5	23	25	NKO	τοῦ	tou	G3588	T-GSM	ὁ	the/this/who	of the	NA28+NA27+Tyn+SBL+WH+Treg+TR+Byz	
5	23	26	NKO	κυρίου	kuriou	G2962G	N-GSM-T	κύριος	lord	Lord	NA28+NA27+Tyn+SBL+WH+Treg+TR+Byz	
5	23	27	NKO	ἡμῶν	hēmōn	G3165	P-1GP	ἐγώ	I/we	of us	NA28+NA27+Tyn+SBL+WH+Treg+TR+Byz	
5	23	28	NKO	Ἰησοῦ	Iēsou	G2424G	N-GSM-P	Ἰησοῦς	Jesus/Joshua	Jesus	NA28+NA27+Tyn+SBL+WH+Treg+TR+Byz	
5	23	29	NKO	Χριστοῦ	Christou	G5547	N-GSM-T	Χριστός	Christ	Christ	NA28+NA27+Tyn+SBL+WH+Treg+TR+Byz	
5	23	30	NKO	τηρηθείη.	tērētheiē	G5083I	V-APO-3S	τηρέω	to keep	would be preserved.	NA28+NA27+Tyn+SBL+WH+Treg+TR+Byz	
5	24	1	NKO	πιστὸς	pistos	G4103	A-NSM	πιστός	faithful	[Is] faithful	NA28+NA27+Tyn+SBL+WH+Treg+TR+Byz	
5	24	2	NKO	ὁ	ho	G3588	T-NSM	ὁ	the/this/who	the [One]	NA28+NA27+Tyn+SBL+WH+Treg+TR+Byz	
5	24	3	NKO	καλῶν	kalōn	G2564G	V-PAP-NSM	καλέω	to call	calling	NA28+NA27+Tyn+SBL+WH+Treg+TR+Byz	
5	24	4	NKO	ὑμᾶς,	humas	G4771	P-2AP	σύ	you	you,	NA28+NA27+Tyn+SBL+WH+Treg+TR+Byz	
5	24	5	NKO	ὃς	hos	G3739	R-NSM	ὅς, ἥ	which	who	NA28+NA27+Tyn+SBL+WH+Treg+TR+Byz	
5	24	6	NKO	καὶ	kai	G2532	CONJ	καί	and	also	NA28+NA27+Tyn+SBL+WH+Treg+TR+Byz	
5	24	7	NKO	ποιήσει.¶	poiēsei	G4160G	V-FAI-3S	ποιέω	to do/make	will do [it].	NA28+NA27+Tyn+SBL+WH+Treg+TR+Byz	
5	25	1	NKO	Ἀδελφοί,	Adelphoi	G0080	N-VPM	ἀδελφός	brother	Brothers,	NA28+NA27+Tyn+SBL+WH+Treg+TR+Byz	
5	25	2	NKO	προσεύχεσθε	proseuchesthe	G4336	V-PNM-2P	προσεύχομαι	to pray	do pray	NA28+NA27+Tyn+SBL+WH+Treg+TR+Byz	
5	25	3	no	καὶ	kai	G2532	CONJ	καί	and	also	NA28+NA27+WH	
5	25	4	NKO	περὶ	peri	G4012	PREP	περί	about	for	NA28+NA27+Tyn+SBL+WH+Treg+TR+Byz	
5	25	5	NKO	ἡμῶν.¶	hēmōn	G3165	P-1GP	ἐγώ	I/we	us.	NA28+NA27+Tyn+SBL+WH+Treg+TR+Byz	
5	26	1	NKO	Ἀσπάσασθε	Aspasasthe	G0782	V-ADM-2P	ἀσπάζομαι	to pay respects to	do greet	NA28+NA27+Tyn+SBL+WH+Treg+TR+Byz	
5	26	2	NKO	τοὺς	tous	G3588	T-APM	ὁ	the/this/who	the	NA28+NA27+Tyn+SBL+WH+Treg+TR+Byz	
5	26	3	NKO	ἀδελφοὺς	adelphous	G0080	N-APM	ἀδελφός	brother	brothers	NA28+NA27+Tyn+SBL+WH+Treg+TR+Byz	
5	26	4	NKO	πάντας	pantas	G3956	A-APM	πᾶς	all	all	NA28+NA27+Tyn+SBL+WH+Treg+TR+Byz	
5	26	5	NKO	ἐν	en	G1722	PREP	ἐν	in/on/among	with	NA28+NA27+Tyn+SBL+WH+Treg+TR+Byz	
5	26	6	NKO	φιλήματι	philēmati	G5370	N-DSN	φίλημα	kiss	a kiss	NA28+NA27+Tyn+SBL+WH+Treg+TR+Byz	
5	26	7	NKO	ἁγίῳ.	hagiō	G0040G	A-DSN	ἅγιος	holy	holy.	NA28+NA27+Tyn+SBL+WH+Treg+TR+Byz	
5	27	1	N(k)O	ἐνορκίζω	enorkizō	G6034	V-PAI-1S	ἐνορκίζομαι	to adjure	I adjure	NA28+NA27+Tyn+SBL+WH+Treg	
5	27	2	NKO	ὑμᾶς	humas	G4771	P-2AP	σύ	you	you	NA28+NA27+Tyn+SBL+WH+Treg+TR+Byz	
5	27	3	NKO	τὸν	ton	G3588	T-ASM	ὁ	the/this/who	[by] the	NA28+NA27+Tyn+SBL+WH+Treg+TR+Byz	
5	27	4	NKO	κύριον	kurion	G2962G	N-ASM-T	κύριος	lord	Lord	NA28+NA27+Tyn+SBL+WH+Treg+TR+Byz	
5	27	5	NKO	ἀναγνωσθῆναι	anagnōsthēnai	G0314	V-APN	ἀναγινώσκω	to read	to be read	NA28+NA27+Tyn+SBL+WH+Treg+TR+Byz	
5	27	6	NKO	τὴν	tēn	G3588	T-ASF	ὁ	the/this/who	[this]	NA28+NA27+Tyn+SBL+WH+Treg+TR+Byz	
5	27	7	NKO	ἐπιστολὴν	epistolēn	G1992	N-ASF	ἐπιστολή	epistle	letter	NA28+NA27+Tyn+SBL+WH+Treg+TR+Byz	
5	27	8	NKO	πᾶσιν	pasin	G3956	A-DPM	πᾶς	all	to all	NA28+NA27+Tyn+SBL+WH+Treg+TR+Byz	
5	27	9	NKO	τοῖς	tois	G3588	T-DPM	ὁ	the/this/who	the	NA28+NA27+Tyn+SBL+WH+Treg+TR+Byz	
5	27	10	K	ἁγίοις	hagiois	G0040H	A-DPM	ἅγιος	holy	saints	TR+Byz	
5	27	11	NKO	ἀδελφοῖς.¶	adelphois	G0080	N-DPM	ἀδελφός	brother	brothers.	NA28+NA27+Tyn+SBL+WH+Treg+TR+Byz	
5	28	1	NKO	Ἡ	Hē	G3588	T-NSF	ὁ	the/this/who	The	NA28+NA27+Tyn+SBL+WH+Treg+TR+Byz	
5	28	2	NKO	χάρις	charis	G5485	N-NSF	χάρις	grace	grace	NA28+NA27+Tyn+SBL+WH+Treg+TR+Byz	
5	28	3	NKO	τοῦ	tou	G3588	T-GSM	ὁ	the/this/who	of the	NA28+NA27+Tyn+SBL+WH+Treg+TR+Byz	
5	28	4	NKO	κυρίου	kuriou	G2962G	N-GSM-T	κύριος	lord	Lord	NA28+NA27+Tyn+SBL+WH+Treg+TR+Byz	
5	28	5	NKO	ἡμῶν	hēmōn	G3165	P-1GP	ἐγώ	I/we	of us	NA28+NA27+Tyn+SBL+WH+Treg+TR+Byz	
5	28	6	NKO	Ἰησοῦ	Iēsou	G2424G	N-GSM-P	Ἰησοῦς	Jesus/Joshua	Jesus	NA28+NA27+Tyn+SBL+WH+Treg+TR+Byz	
5	28	7	NKO	Χριστοῦ	Christou	G5547	N-GSM-T	Χριστός	Christ	Christ	NA28+NA27+Tyn+SBL+WH+Treg+TR+Byz	
5	28	8	NKO	μεθ᾽	meth᾽	G3326	PREP	μετά	with/after	[be] with	NA28+NA27+Tyn+SBL+WH+Treg+TR+Byz	
5	28	9	NKO	ὑμῶν.	humōn	G4771	P-2GP	σύ	you	you.	NA28+NA27+Tyn+SBL+WH+Treg+TR+Byz	
5	28	10	KO	ἀμήν.	amēn	G0281	INJ-HEB	ἀμήν	amen	Amen.	Tyn+TR+Byz	
5	28	11	K	πρός	pros	G4314	PREP	πρός	to/with	to	TR	
5	28	12	K	Θεσσαλονικείς	Thessalonikeis	G2331	N-APM-LG	Θεσσαλονικεύς	Thessalonian	Thessalonica	TR	
5	28	13	K	πρώτη	prōtē	G4413G	A-NSF-S	πρῶτος	first	first	TR	
5	28	14	K	ἐγράφη	egraphē	G1125	V-2API-3S	γράφω	to write	It was written	TR	
5	28	15	K	ἀπό	apo	G0575	PREP	ἀπό	away from	from	TR	
5	28	16	K	Ἀθηνῶν.¶	Athēnōn	G0116	N-GPF-L	Ἀθῆναι	Athens	Athens.	TR	
