chapter	verse	word	type	surface	translit	strongs	morph	lemma	gloss	translation	editions	alt
1	1	1	NKO	Παῦλος	Paulos	G3972G	N-NSM-P	Παῦλος	Paul	Paul	NA28+NA27+Tyn+SBL+WH+Treg+TR+Byz	
1	1	2	NKO	ἀπόστολος	apostolos	G0652	N-NSM	ἀπόστολος	apostle	apostle	NA28+NA27+Tyn+SBL+WH+Treg+TR+Byz	
1	1	3	NKO	Χριστοῦ	Christou	G5547	N-GSM-T	Χριστός	Christ	of Christ	NA28+NA27+Tyn+SBL+WH+Treg+TR»1+Byz»1	
1	1	4	NKO	Ἰησοῦ	Iēsou	G2424G	N-GSM-P	Ἰησοῦς	Jesus/Joshua	Jesus	NA28+NA27+Tyn+SBL+WH+Treg+TR+Byz	
1	1	5	NKO	διὰ	dia	G1223	PREP	διά	through/because of	through	NA28+NA27+Tyn+SBL+WH+Treg+TR+Byz	
1	1	6	NKO	θελήματος	thelēmatos	G2307	N-GSN	θέλημα	will/desire	[the] will	NA28+NA27+Tyn+SBL+WH+Treg+TR+Byz	
1	1	7	NKO	θεοῦ	theou	G2316	N-GSM-T	θεός	God	of God	NA28+NA27+Tyn+SBL+WH+Treg+TR+Byz	
1	1	8	NKO	καὶ	kai	G2532	CONJ	καί	and	and	NA28+NA27+Tyn+SBL+WH+Treg+TR+Byz	
1	1	9	NKO	Τιμόθεος	Timotheos	G5095	N-NSM-P	Τιμόθεος	Timothy	Timothy	NA28+NA27+Tyn+SBL+WH+Treg+TR+Byz	
1	1	10	NKO	ὁ	ho	G3588	T-NSM	ὁ	the/this/who	the	NA28+NA27+Tyn+SBL+WH+Treg+TR+Byz	
1	1	11	NKO	ἀδελφὸς	adelphos	G0080	N-NSM	ἀδελφός	brother	brother	NA28+NA27+Tyn+SBL+WH+Treg+TR+Byz	
1	1	12	NKO	τῇ	tēa	G3588	T-DSF	ὁ	the/this/who	To the	NA28+NA27+Tyn+SBL+WH+Treg+TR+Byz	
1	1	13	NKO	ἐκκλησίᾳ	ekklēsia	G1577	N-DSF	ἐκκλησία	assembly	church	NA28+NA27+Tyn+SBL+WH+Treg+TR+Byz	
1	1	14	NKO	τοῦ	tou	G3588	T-GSM	ὁ	the/this/who	<the>	NA28+NA27+Tyn+SBL+WH+Treg+TR+Byz	
1	1	15	NKO	θεοῦ	theou	G2316	N-GSM-T	θεός	God	of God	NA28+NA27+Tyn+SBL+WH+Treg+TR+Byz	
1	1	16	NKO	τῇ	tēa	G3588	T-DSF	ὁ	the/this/who	which	NA28+NA27+Tyn+SBL+WH+Treg+TR+Byz	
1	1	17	NKO	οὔσῃ	ousē	G1510	V-PAP-DSF	εἰμί	to be	is being	NA28+NA27+Tyn+SBL+WH+Treg+TR+Byz	
1	1	18	NKO	ἐν	en	G1722	PREP	ἐν	in/on/among	in	NA28+NA27+Tyn+SBL+WH+Treg+TR+Byz	
1	1	19	NKO	Κορίνθῳ	Korinthō	G2882	N-DSF-L	Κόρινθος	Corinth	Corinth	NA28+NA27+Tyn+SBL+WH+Treg+TR+Byz	
1	1	20	NKO	σὺν	sun	G4862	PREP	σύν	with	with	NA28+NA27+Tyn+SBL+WH+Treg+TR+Byz	
1	1	21	NKO	τοῖς	tois	G3588	T-DPM	ὁ	the/this/who	the	NA28+NA27+Tyn+SBL+WH+Treg+TR+Byz	
1	1	22	NKO	ἁγίοις	hagiois	G0040H	A-DPM	ἅγιος	holy	saints	NA28+NA27+Tyn+SBL+WH+Treg+TR+Byz	
1	1	23	NKO	πᾶσιν	pasin	G3956	A-DPM	πᾶς	all	all	NA28+NA27+Tyn+SBL+WH+Treg+TR+Byz	
1	1	24	NKO	τοῖς	tois	G3588	T-DPM	ὁ	the/this/who	who	NA28+NA27+Tyn+SBL+WH+Treg+TR+Byz	
1	1	25	NKO	οὖσιν	ousin	G1510	V-PAP-DPM	εἰμί	to be	are being	NA28+NA27+Tyn+SBL+WH+Treg+TR+Byz	
1	1	26	NKO	ἐν	en	G1722	PREP	ἐν	in/on/among	in	NA28+NA27+Tyn+SBL+WH+Treg+TR+Byz	
1	1	27	NKO	ὅλῃ	holē	G3650	A-DSF	ὅλος	all	all	NA28+NA27+Tyn+SBL+WH+Treg+TR+Byz	
1	1	28	NKO	τῇ	tēa	G3588	T-DSF	ὁ	the/this/who	<the>	NA28+NA27+Tyn+SBL+WH+Treg+TR+Byz	
1	1	29	NKO	Ἀχαΐᾳ·	Achaia	G0882	N-DSF-L	Ἀχαΐα	Achaia	Achaia;	NA28+NA27+Tyn+SBL+WH+Treg+TR+Byz	
1	2	1	NKO	χάρις	charis	G5485	N-NSF	χάρις	grace	Grace	NA28+NA27+Tyn+SBL+WH+Treg+TR+Byz	
1	2	2	NKO	ὑμῖν	humin	G4771	P-2DP	σύ	you	to you	NA28+NA27+Tyn+SBL+WH+Treg+TR+Byz	
1	2	3	NKO	καὶ	kai	G2532	CONJ	καί	and	and	NA28+NA27+Tyn+SBL+WH+Treg+TR+Byz	
1	2	4	NKO	εἰρήνη	eirēnē	G1515	N-NSF	εἰρήνη	peace	peace	NA28+NA27+Tyn+SBL+WH+Treg+TR+Byz	
1	2	5	NKO	ἀπὸ	apo	G0575	PREP	ἀπό	away from	from	NA28+NA27+Tyn+SBL+WH+Treg+TR+Byz	
1	2	6	NKO	θεοῦ	theou	G2316	N-GSM-T	θεός	God	God	NA28+NA27+Tyn+SBL+WH+Treg+TR+Byz	
1	2	7	NKO	πατρὸς	patros	G3962	N-GSM-T	πατήρ	father	[the] Father	NA28+NA27+Tyn+SBL+WH+Treg+TR+Byz	
1	2	8	NKO	ἡμῶν	hēmōn	G3165	P-1GP	ἐγώ	I/we	of us	NA28+NA27+Tyn+SBL+WH+Treg+TR+Byz	
1	2	9	NKO	καὶ	kai	G2532	CONJ	καί	and	and	NA28+NA27+Tyn+SBL+WH+Treg+TR+Byz	
1	2	10	NKO	κυρίου	kuriou	G2962G	N-GSM-T	κύριος	lord	[the] Lord	NA28+NA27+Tyn+SBL+WH+Treg+TR+Byz	
1	2	11	NKO	Ἰησοῦ	Iēsou	G2424G	N-GSM-P	Ἰησοῦς	Jesus/Joshua	Jesus	NA28+NA27+Tyn+SBL+WH+Treg+TR+Byz	
1	2	12	NKO	Χριστοῦ.¶	Christou	G5547	N-GSM-T	Χριστός	Christ	Christ.	NA28+NA27+Tyn+SBL+WH+Treg+TR+Byz	
1	3	1	NKO	Εὐλογητὸς	Eulogētos	G2128	A-NSM	εὐλογητός	praiseworthy	Blessed [be]	NA28+NA27+Tyn+SBL+WH+Treg+TR+Byz	
1	3	2	NKO	ὁ	ho	G3588	T-NSM	ὁ	the/this/who	the	NA28+NA27+Tyn+SBL+WH+Treg+TR+Byz	
1	3	3	NKO	θεὸς	theos	G2316	N-NSM-T	θεός	God	God	NA28+NA27+Tyn+SBL+WH+Treg+TR+Byz	
1	3	4	NKO	καὶ	kai	G2532	CONJ	καί	and	and	NA28+NA27+Tyn+SBL+WH+Treg+TR+Byz	
1	3	5	NKO	πατὴρ	patēr	G3962	N-NSM-T	πατήρ	father	Father	NA28+NA27+Tyn+SBL+WH+Treg+TR+Byz	
1	3	6	NKO	τοῦ	tou	G3588	T-GSM	ὁ	the/this/who	of the	NA28+NA27+Tyn+SBL+WH+Treg+TR+Byz	
1	3	7	NKO	κυρίου	kuriou	G2962G	N-GSM-T	κύριος	lord	Lord	NA28+NA27+Tyn+SBL+WH+Treg+TR+Byz	
1	3	8	NKO	ἡμῶν	hēmōn	G3165	P-1GP	ἐγώ	I/we	of us	NA28+NA27+Tyn+SBL+WH+Treg+TR+Byz	
1	3	9	NKO	Ἰησοῦ	Iēsou	G2424G	N-GSM-P	Ἰησοῦς	Jesus/Joshua	Jesus	NA28+NA27+Tyn+SBL+WH+Treg+TR+Byz	
1	3	10	NKO	Χριστοῦ,	Christou	G5547	N-GSM-T	Χριστός	Christ	Christ,	NA28+NA27+Tyn+SBL+WH+Treg+TR+Byz	
1	3	11	NKO	ὁ	ho	G3588	T-NSM	ὁ	the/this/who	the	NA28+NA27+Tyn+SBL+WH+Treg+TR+Byz	
1	3	12	NKO	πατὴρ	patēr	G3962	N-NSM-T	πατήρ	father	Father	NA28+NA27+Tyn+SBL+WH+Treg+TR+Byz	
1	3	13	NKO	τῶν	tōn	G3588	T-GPM	ὁ	the/this/who	<the>	NA28+NA27+Tyn+SBL+WH+Treg+TR+Byz	
1	3	14	NKO	οἰκτιρμῶν	oiktirmōn	G3628	N-GPM	οἰκτιρμός	compassion	of compassions	NA28+NA27+Tyn+SBL+WH+Treg+TR+Byz	
1	3	15	NKO	καὶ	kai	G2532	CONJ	καί	and	and	NA28+NA27+Tyn+SBL+WH+Treg+TR+Byz	
1	3	16	NKO	θεὸς	theos	G2316	N-NSM-T	θεός	God	God	NA28+NA27+Tyn+SBL+WH+Treg+TR+Byz	
1	3	17	NKO	πάσης	pasēs	G3956	A-GSF	πᾶς	all	of all	NA28+NA27+Tyn+SBL+WH+Treg+TR+Byz	
1	3	18	NKO	παρακλήσεως,	paraklēseōs	G3874	N-GSF	παράκλησις	encouragement	comfort,	NA28+NA27+Tyn+SBL+WH+Treg+TR+Byz	
1	4	1	NKO	ὁ	ho	G3588	T-NSM	ὁ	the/this/who	who	NA28+NA27+Tyn+SBL+WH+Treg+TR+Byz	
1	4	2	NKO	παρακαλῶν	parakalōn	G3870	V-PAP-NSM	παρακαλέω	to plead/comfort	is comforting	NA28+NA27+Tyn+SBL+WH+Treg+TR+Byz	
1	4	3	NKO	ἡμᾶς	hēmas	G3165	P-1AP	ἐγώ	I/we	us	NA28+NA27+Tyn+SBL+WH+Treg+TR+Byz	
1	4	4	NKO	ἐπὶ	epi	G1909	PREP	ἐπί	upon/to/against	in	NA28+NA27+Tyn+SBL+WH+Treg+TR+Byz	
1	4	5	NKO	πάσῃ	pasē	G3956	A-DSF	πᾶς	all	all	NA28+NA27+Tyn+SBL+WH+Treg+TR+Byz	
1	4	6	NKO	τῇ	tēa	G3588	T-DSF	ὁ	the/this/who	the	NA28+NA27+Tyn+SBL+WH+Treg+TR+Byz	
1	4	7	NKO	θλίψει	thlipsei	G2347	N-DSF	θλῖψις	pressure	tribulation	NA28+NA27+Tyn+SBL+WH+Treg+TR+Byz	
1	4	8	NKO	ἡμῶν	hēmōn	G3165	P-1GP	ἐγώ	I/we	of us	NA28+NA27+Tyn+SBL+WH+Treg+TR+Byz	
1	4	9	NKO	εἰς	eis	G1519	PREP	εἰς	toward	for	NA28+NA27+Tyn+SBL+WH+Treg+TR+Byz	
1	4	10	NKO	τὸ	to	G3588	T-ASN	ὁ	the/this/who	<the>	NA28+NA27+Tyn+SBL+WH+Treg+TR+Byz	
1	4	11	NKO	δύνασθαι	dunasthai	G1410	V-PNN	δύναμαι	be able	to be able	NA28+NA27+Tyn+SBL+WH+Treg+TR+Byz	
1	4	12	NKO	ἡμᾶς	hēmas	G3165	P-1AP	ἐγώ	I/we	us	NA28+NA27+Tyn+SBL+WH+Treg+TR+Byz	
1	4	13	NKO	παρακαλεῖν	parakalein	G3870	V-PAN	παρακαλέω	to plead/comfort	to comfort	NA28+NA27+Tyn+SBL+WH+Treg+TR+Byz	
1	4	14	NKO	τοὺς	tous	G3588	T-APM	ὁ	the/this/who	those	NA28+NA27+Tyn+SBL+WH+Treg+TR+Byz	
1	4	15	NKO	ἐν	en	G1722	PREP	ἐν	in/on/among	in	NA28+NA27+Tyn+SBL+WH+Treg+TR+Byz	
1	4	16	NKO	πάσῃ	pasē	G3956	A-DSF	πᾶς	all	every	NA28+NA27+Tyn+SBL+WH+Treg+TR+Byz	
1	4	17	NKO	θλίψει	thlipsei	G2347	N-DSF	θλῖψις	pressure	tribulation	NA28+NA27+Tyn+SBL+WH+Treg+TR+Byz	
1	4	18	NKO	διὰ	dia	G1223	PREP	διά	through/because of	through	NA28+NA27+Tyn+SBL+WH+Treg+TR+Byz	
1	4	19	NKO	τῆς	tēs	G3588	T-GSF	ὁ	the/this/who	the	NA28+NA27+Tyn+SBL+WH+Treg+TR+Byz	
1	4	20	NKO	παρακλήσεως	paraklēseōs	G3874	N-GSF	παράκλησις	encouragement	comfort	NA28+NA27+Tyn+SBL+WH+Treg+TR+Byz	
1	4	21	NKO	ἧς	hēs	G3739	R-GSF	ὅς, ἥ	which	with which	NA28+NA27+Tyn+SBL+WH+Treg+TR+Byz	
1	4	22	NKO	παρακαλούμεθα	parakaloumetha	G3870	V-PPI-1P	παρακαλέω	to plead/comfort	we are comforted	NA28+NA27+Tyn+SBL+WH+Treg+TR+Byz	
1	4	23	NKO	αὐτοὶ	autoi	G0846	P-NPM	αὐτός	he/she/it/self	ourselves	NA28+NA27+Tyn+SBL+WH+Treg+TR+Byz	
1	4	24	NKO	ὑπὸ	hupo	G5259G	PREP	ὑπό	by/under	by	NA28+NA27+Tyn+SBL+WH+Treg+TR+Byz	
1	4	25	NKO	τοῦ	tou	G3588	T-GSM	ὁ	the/this/who	<the>	NA28+NA27+Tyn+SBL+WH+Treg+TR+Byz	
1	4	26	NKO	θεοῦ·	theou	G2316	N-GSM-T	θεός	God	God;	NA28+NA27+Tyn+SBL+WH+Treg+TR+Byz	
1	5	1	NKO	ὅτι	hoti	G3754H	CONJ	ὅτι	that/since	because	NA28+NA27+Tyn+SBL+WH+Treg+TR+Byz	
1	5	2	NKO	καθὼς	kathōs	G2531	CONJ	καθώς	as/just as	even as	NA28+NA27+Tyn+SBL+WH+Treg+TR+Byz	
1	5	3	NKO	περισσεύει	perisseuei	G4052	V-PAI-3S	περισσεύω	to abound/exceed	abound	NA28+NA27+Tyn+SBL+WH+Treg+TR+Byz	
1	5	4	NKO	τὰ	ta	G3588	T-NPN	ὁ	the/this/who	the	NA28+NA27+Tyn+SBL+WH+Treg+TR+Byz	
1	5	5	NKO	παθήματα	pathēmata	G3804	N-NPN	πάθημα	suffering	sufferings	NA28+NA27+Tyn+SBL+WH+Treg+TR+Byz	
1	5	6	NKO	τοῦ	tou	G3588	T-GSM	ὁ	the/this/who	of the	NA28+NA27+Tyn+SBL+WH+Treg+TR+Byz	
1	5	7	NKO	Χριστοῦ	Christou	G5547	N-GSM-T	Χριστός	Christ	Christ	NA28+NA27+Tyn+SBL+WH+Treg+TR+Byz	
1	5	8	NKO	εἰς	eis	G1519	PREP	εἰς	toward	toward	NA28+NA27+Tyn+SBL+WH+Treg+TR+Byz	
1	5	9	NKO	ἡμᾶς,	hēmas	G3165	P-1AP	ἐγώ	I/we	us,	NA28+NA27+Tyn+SBL+WH+Treg+TR+Byz	
1	5	10	NKO	οὕτως	houtōs	G3779	ADV	οὕτω, οὕτως	thus(-ly)	thus so	NA28+NA27+Tyn+SBL+WH+Treg+TR+Byz	
1	5	11	NKO	διὰ	dia	G1223	PREP	διά	through/because of	through	NA28+NA27+Tyn+SBL+WH+Treg+TR+Byz	
1	5	12	NKO	τοῦ	tou	G3588	T-GSM	ὁ	the/this/who	<the>	NA28+NA27+Tyn+SBL+WH+Treg+Byz+KJV	
1	5	13	NKO	Χριστοῦ	Christou	G5547	N-GSM-T	Χριστός	Christ	Christ	NA28+NA27+Tyn+SBL+WH+Treg+TR+Byz	
1	5	14	NKO	περισσεύει	perisseuei	G4052	V-PAI-3S	περισσεύω	to abound/exceed	abounds	NA28+NA27+Tyn+SBL+WH+Treg+TR+Byz	
1	5	15	NKO	καὶ	kai	G2532	CONJ	καί	and	also	NA28+NA27+Tyn+SBL+WH+Treg+TR+Byz	
1	5	16	NKO	ἡ	hē	G3588	T-NSF	ὁ	the/this/who	the	NA28+NA27+Tyn+SBL+WH+Treg+TR+Byz	
1	5	17	NKO	παράκλησις	paraklēsis	G3874	N-NSF	παράκλησις	encouragement	comfort	NA28+NA27+Tyn+SBL+WH+Treg+TR+Byz	
1	5	18	NKO	ἡμῶν.	hēmōn	G3165	P-1GP	ἐγώ	I/we	of us.	NA28+NA27+Tyn+SBL+WH+Treg+TR+Byz	
1	6	1	NKO	εἴτε	eite	G1535	COND	εἴτε	whether	If	NA28+NA27+Tyn+SBL+WH+Treg+TR+Byz	
1	6	2	NKO	δὲ	de	G1161	CONJ	δέ	but/and	however	NA28+NA27+Tyn+SBL+WH+Treg+TR+Byz	
1	6	3	NKO	θλιβόμεθα,	thlibometha	G2346	V-PPI-1P	θλίβω	to press on	we are constricted,	NA28+NA27+Tyn+SBL+WH+Treg+TR+Byz	
1	6	4	NKO	ὑπὲρ	huper	G5228	PREP	ὑπέρ	above/for	[it is] for	NA28+NA27+Tyn+SBL+WH+Treg+TR+Byz	
1	6	5	NKO	τῆς	tēs	G3588	T-GSF	ὁ	the/this/who	<the>	NA28+NA27+Tyn+SBL+WH+Treg+TR+Byz	
1	6	6	NKO	ὑμῶν	humōn	G4771	P-2GP	σύ	you	your	NA28+NA27+Tyn+SBL+WH+Treg+TR+Byz	
1	6	7	NKO	παρακλήσεως	paraklēseōs	G3874	N-GSF	παράκλησις	encouragement	comfort	NA28+NA27+Tyn+SBL+WH+Treg+TR+Byz	
1	6	8	NKO	καὶ	kai	G2532	CONJ	καί	and	and	NA28+NA27+Tyn+SBL+WH+Treg+TR+Byz	
1	6	9	NKO	σωτηρίας	sōtērias	G4991	N-GSF	σωτηρία	salvation	salvation	NA28+NA27+Tyn+SBL+WH+Treg+TR+Byz	
1	6	10	NKO	εἴτε	eite	G1535	COND	εἴτε	whether	if	NA28+NA27+Tyn»25+SBL+WH+Treg»18+TR»18+Byz»18	
1	6	11	NKO	παρακαλούμεθα,	parakaloumetha	G3870	V-PPI-1P	παρακαλέω	to plead/comfort	we are encouraged,	NA28+NA27+Tyn»24+SBL+WH+Treg»17+TR»17+Byz»17	
1	6	12	NKO	ὑπὲρ	huper	G5228	PREP	ὑπέρ	above/for	[it is] for	NA28+NA27+Tyn»23+SBL+WH+Treg»16+TR»16+Byz»16	
1	6	13	NKO	τῆς	tēs	G3588	T-GSF	ὁ	the/this/who	<the>	NA28+NA27+Tyn»22+SBL+WH+Treg»15+TR»15+Byz»15	
1	6	14	NKO	ὑμῶν	humōn	G4771	P-2GP	σύ	you	your	NA28+NA27+Tyn»21+SBL+WH+Treg»14+TR»14+Byz»14	
1	6	15	NKO	παρακλήσεως	paraklēseōs	G3874	N-GSF	παράκλησις	encouragement	comfort	NA28+NA27+Tyn»20+SBL+WH+Treg»13+TR»13+Byz»13	
1	6	16	KO	και	kai	G2532	CONJ	καί	and	and	Tyn»19+Treg»12+TR»12+Byz»12	
1	6	17	KO	σωτηριας	sōtērias	G4991	N-GSF	σωτηρία	salvation	salvation	Tyn»18+Treg»11+TR»11+Byz»11	
1	6	18	NKO	τῆς	tēs	G3588	T-GSF	ὁ	the/this/who	which	NA28+NA27+Tyn+SBL+WH+Treg+TR+Byz	
1	6	19	NKO	ἐνεργουμένης	energoumenēs	G1754	V-PMP-GSF	ἐνεργέω	be active	is operating	NA28+NA27+Tyn+SBL+WH+Treg+TR+Byz	
1	6	20	NKO	ἐν	en	G1722	PREP	ἐν	in/on/among	in	NA28+NA27+Tyn+SBL+WH+Treg+TR+Byz	
1	6	21	NKO	ὑπομονῇ	hupomonēa	G5281	N-DSF	ὑπομονή	perseverance	[the] endurance	NA28+NA27+Tyn+SBL+WH+Treg+TR+Byz	
1	6	22	NKO	τῶν	tōn	G3588	T-GPN	ὁ	the/this/who	of the	NA28+NA27+Tyn+SBL+WH+Treg+TR+Byz	
1	6	23	NKO	αὐτῶν	autōn	G0846	P-GPN	αὐτός	he/she/it/self	same	NA28+NA27+Tyn+SBL+WH+Treg+TR+Byz	
1	6	24	NKO	παθημάτων	pathēmatōn	G3804	N-GPN	πάθημα	suffering	sufferings	NA28+NA27+Tyn+SBL+WH+Treg+TR+Byz	
1	6	25	NKO	ὧν	hōn	G3739	R-GPN	ὅς, ἥ	which	that	NA28+NA27+Tyn+SBL+WH+Treg+TR+Byz	
1	6	26	NKO	καὶ	kai	G2532	CONJ	καί	and	also	NA28+NA27+Tyn+SBL+WH+Treg+TR+Byz	
1	6	27	NKO	ἡμεῖς	hēmeis	G3165	P-1NP	ἐγώ	I/we	we ourselves	NA28+NA27+Tyn+SBL+WH+Treg+TR+Byz	
1	6	28	NKO	πάσχομεν,	paschomen	G3958	V-PAI-1P	πάσχω	to suffer	suffer,	NA28+NA27+Tyn+SBL+WH+Treg+TR+Byz	
1	7	1	NKO	καὶ	kai	G2532	CONJ	καί	and	And	NA28+NA27+Tyn+SBL+WH+Treg+TR+Byz	1.7{1.6}
1	7	2	NKO	ἡ	hē	G3588	T-NSF	ὁ	the/this/who	the	NA28+NA27+Tyn+SBL+WH+Treg+TR+Byz	1.7{1.6}
1	7	3	NKO	ἐλπὶς	elpis	G1680	N-NSF	ἐλπίς	hope	hope	NA28+NA27+Tyn+SBL+WH+Treg+TR+Byz	1.7{1.6}
1	7	4	NKO	ἡμῶν	hēmōn	G3165	P-1GP	ἐγώ	I/we	of us	NA28+NA27+Tyn+SBL+WH+Treg+TR+Byz	1.7{1.6}
1	7	5	NKO	βεβαία	bebaia	G0949	A-NSF	βέβαιος	firm	[is] steadfast	NA28+NA27+Tyn+SBL+WH+Treg+TR+Byz	1.7{1.6}
1	7	6	NKO	ὑπὲρ	huper	G5228	PREP	ὑπέρ	above/for	for	NA28+NA27+Tyn+SBL+WH+Treg+TR+Byz	1.7{1.6}
1	7	7	NKO	ὑμῶν·	humōn	G4771	P-2GP	σύ	you	of you;	NA28+NA27+Tyn+SBL+WH+Treg+TR+Byz	1.7{1.6}
1	7	8	NKO	εἰδότες	eidotes	G6063	V-RAP-NPM	εἴδω	to perceive	{7} knowing	NA28+NA27+Tyn+SBL+WH+Treg+TR+Byz	
1	7	9	NKO	ὅτι	hoti	G3754G	CONJ	ὅτι	that/since	that	NA28+NA27+Tyn+SBL+WH+Treg+TR+Byz	
1	7	10	N(k)O	ὡς	hōs	G5613	PRT	ὡς	which/how	as	NA28+NA27+Tyn+SBL+WH+Treg	
1	7	11	NKO	κοινωνοί	koinōnoi	G2844	N-NPM	κοινωνός	participant	partners	NA28+NA27+Tyn+SBL+WH+Treg+TR+Byz	
1	7	12	NKO	ἐστε	este	G1510	V-PAI-2P	εἰμί	to be	you are	NA28+NA27+Tyn+SBL+WH+Treg+TR+Byz	
1	7	13	NKO	τῶν	tōn	G3588	T-GPN	ὁ	the/this/who	of the	NA28+NA27+Tyn+SBL+WH+Treg+TR+Byz	
1	7	14	NKO	παθημάτων,	pathēmatōn	G3804	N-GPN	πάθημα	suffering	sufferings,	NA28+NA27+Tyn+SBL+WH+Treg+TR+Byz	
1	7	15	NKO	οὕτως	houtōs	G3779	ADV	οὕτω, οὕτως	thus(-ly)	so	NA28+NA27+Tyn+SBL+WH+Treg+TR+Byz	
1	7	16	NKO	καὶ	kai	G2532	CONJ	καί	and	also	NA28+NA27+Tyn+SBL+WH+Treg+TR+Byz	
1	7	17	NKO	τῆς	tēs	G3588	T-GSF	ὁ	the/this/who	of the	NA28+NA27+Tyn+SBL+WH+Treg+TR+Byz	
1	7	18	NKO	παρακλήσεως.¶	paraklēseōs	G3874	N-GSF	παράκλησις	encouragement	comfort.	NA28+NA27+Tyn+SBL+WH+Treg+TR+Byz	
1	8	1	NKO	Οὐ	Ou	G3756	PRT-N	οὐ	no	Not	NA28+NA27+Tyn+SBL+WH+Treg+TR+Byz	
1	8	2	NKO	γὰρ	gar	G1063	CONJ	γάρ	for	for	NA28+NA27+Tyn+SBL+WH+Treg+TR+Byz	
1	8	3	NKO	θέλομεν	thelomen	G2309	V-PAI-1P	θέλω	to will/desire	do we want	NA28+NA27+Tyn+SBL+WH+Treg+TR+Byz	
1	8	4	NKO	ὑμᾶς	humas	G4771	P-2AP	σύ	you	you	NA28+NA27+Tyn+SBL+WH+Treg+TR+Byz	
1	8	5	NKO	ἀγνοεῖν,	agnoein	G0050	V-PAN	ἀγνοέω	be ignorant	to be ignorant	NA28+NA27+Tyn+SBL+WH+Treg+TR+Byz	
1	8	6	NKO	ἀδελφοί,	adelphoi	G0080	N-VPM	ἀδελφός	brother	brothers,	NA28+NA27+Tyn+SBL+WH+Treg+TR+Byz	
1	8	7	NK(o)	ὑπὲρ	huper	G5228	PREP	ὑπέρ	above/for	as to	NA28+NA27+SBL+WH+TR+Byz	
1	8	8	NKO	τῆς	tēs	G3588	T-GSF	ὁ	the/this/who	the	NA28+NA27+Tyn+SBL+WH+Treg+TR+Byz	
1	8	9	NKO	θλίψεως	thlipseōs	G2347	N-GSF	θλῖψις	pressure	affliction	NA28+NA27+Tyn+SBL+WH+Treg+TR+Byz	
1	8	10	NKO	ἡμῶν	hēmōn	G3165	P-1GP	ἐγώ	I/we	of us	NA28+NA27+Tyn+SBL+WH+Treg+TR+Byz	
1	8	11	NKO	τῆς	tēs	G3588	T-GSF	ὁ	the/this/who	<the>	NA28+NA27+Tyn+SBL+WH+Treg+TR+Byz	
1	8	12	NKO	γενομένης	genomenēs	G1096	V-2ADP-GSF	γίνομαι	to be	having happened	NA28+NA27+Tyn+SBL+WH+Treg+TR+Byz	
1	8	13	k	ἡμῖν	hēmin	G3165	P-1DP	ἐγώ	I/we	to us	TR+Byz	
1	8	14	NKO	ἐν	en	G1722	PREP	ἐν	in/on/among	in	NA28+NA27+Tyn+SBL+WH+Treg+TR+Byz	
1	8	15	NKO	τῇ	tēa	G3588	T-DSF	ὁ	the/this/who	<the>	NA28+NA27+Tyn+SBL+WH+Treg+TR+Byz	
1	8	16	NKO	Ἀσίᾳ	Asia	G0773	N-DSF-L	Ἀσία	Asia	Asia	NA28+NA27+Tyn+SBL+WH+Treg+TR+Byz	
1	8	17	NKO	ὅτι	hoti	G3754G	CONJ	ὅτι	that/since	that	NA28+NA27+Tyn+SBL+WH+Treg+TR+Byz	
1	8	18	NKO	καθ᾽	kath᾽	G2596	PREP	κατά	according to	against	NA28+NA27+Tyn+SBL+WH+Treg+TR+Byz	
1	8	19	NKO	ὑπερβολὴν	huperbolēn	G5236	N-ASF	ὑπερβολή	surpassing	excessively	NA28+NA27+Tyn+SBL+WH+Treg+TR+Byz	
1	8	20	NKO	ὑπὲρ	huper	G5228	PREP	ὑπέρ	above/for	beyond [our]	NA28+NA27+Tyn+SBL+WH+Treg+TR»2+Byz»2	
1	8	21	NKO	δύναμιν	dunamin	G1411	N-ASF	δύναμις	power	power	NA28+NA27+Tyn+SBL+WH+Treg+TR»1+Byz»1	
1	8	22	NKO	ἐβαρήθημεν	ebarēthēmen	G0916	V-API-1P	βαρέω	to burden	we were weighed	NA28+NA27+Tyn+SBL+WH+Treg+TR+Byz	
1	8	23	NKO	ὥστε	hōste	G5620	CONJ	ὥστε	so	so as	NA28+NA27+Tyn+SBL+WH+Treg+TR+Byz	
1	8	24	NKO	ἐξαπορηθῆναι	exaporēthēnai	G1820	V-APN	ἐξαπορέω	to despair	to despair	NA28+NA27+Tyn+SBL+WH+Treg+TR+Byz	
1	8	25	NKO	ἡμᾶς	hēmas	G3165	P-1AP	ἐγώ	I/we	for us	NA28+NA27+Tyn+SBL+WH+Treg+TR+Byz	
1	8	26	NKO	καὶ	kai	G2532	CONJ	καί	and	even	NA28+NA27+Tyn+SBL+WH+Treg+TR+Byz	
1	8	27	NKO	τοῦ	tou	G3588	T-GSN	ὁ	the/this/who	<the>	NA28+NA27+Tyn+SBL+WH+Treg+TR+Byz	
1	8	28	NKO	ζῆν·	zēn	G2198	V-PAN	ζάω	to live	to live;	NA28+NA27+Tyn+SBL+WH+Treg+TR+Byz	
1	9	1	NKO	ἀλλ᾽	all᾽	G0235	CONJ	ἀλλά	but	But	NA28+NA27+Tyn+SBL+WH+Treg+TR+Byz	
1	9	2	NKO	αὐτοὶ	autoi	G0846	P-NPM	αὐτός	he/she/it/self	we	NA28+NA27+Tyn+SBL+WH+Treg+TR+Byz	
1	9	3	NKO	ἐν	en	G1722	PREP	ἐν	in/on/among	in	NA28+NA27+Tyn+SBL+WH+Treg+TR+Byz	
1	9	4	NKO	ἑαυτοῖς	he'autois	G1438	F-1DPM	ἑαυτοῦ	my/your/him-self	ourselves	NA28+NA27+Tyn+SBL+WH+Treg+TR+Byz	
1	9	5	NKO	τὸ	to	G3588	T-ASN	ὁ	the/this/who	the	NA28+NA27+Tyn+SBL+WH+Treg+TR+Byz	
1	9	6	NKO	ἀπόκριμα	apokrima	G0610	N-ASN	ἀπόκριμα	verdict	sentence	NA28+NA27+Tyn+SBL+WH+Treg+TR+Byz	
1	9	7	NKO	τοῦ	tou	G3588	T-GSM	ὁ	the/this/who	<the>	NA28+NA27+Tyn+SBL+WH+Treg+TR+Byz	
1	9	8	NKO	θανάτου	thanatou	G2288	N-GSM	θάνατος	death	of death	NA28+NA27+Tyn+SBL+WH+Treg+TR+Byz	
1	9	9	NKO	ἐσχήκαμεν,	eschēkamen	G2192	V-RAI-1P	ἔχω	to have/be	has,	NA28+NA27+Tyn+SBL+WH+Treg+TR+Byz	
1	9	10	NKO	ἵνα	ina	G2443	CONJ	ἵνα	in order that/to	in order that	NA28+NA27+Tyn+SBL+WH+Treg+TR+Byz	
1	9	11	NKO	μὴ	mē	G3361	PRT-N	μή	not	not	NA28+NA27+Tyn+SBL+WH+Treg+TR+Byz	
1	9	12	NKO	πεποιθότες	pepoithotes	G3982	V-2RAP-NPM	πείθω	to persuade	having trusted	NA28+NA27+Tyn+SBL+WH+Treg+TR+Byz	
1	9	13	NKO	ὦμεν	ōmen	G1510	V-PAS-1P	εἰμί	to be	we may be	NA28+NA27+Tyn+SBL+WH+Treg+TR+Byz	
1	9	14	NKO	ἐφ᾽	eph᾽	G1909	PREP	ἐπί	upon/to/against	in	NA28+NA27+Tyn+SBL+WH+Treg+TR+Byz	
1	9	15	NKO	ἑαυτοῖς	he'autois	G1438	F-1DPM	ἑαυτοῦ	my/your/him-self	ourselves	NA28+NA27+Tyn+SBL+WH+Treg+TR+Byz	
1	9	16	NKO	ἀλλ᾽	all᾽	G0235	CONJ	ἀλλά	but	but	NA28+NA27+Tyn+SBL+WH+Treg+TR+Byz	
1	9	17	NKO	ἐπὶ	epi	G1909	PREP	ἐπί	upon/to/against	in	NA28+NA27+Tyn+SBL+WH+Treg+TR+Byz	
1	9	18	NKO	τῷ	tō	G3588	T-DSM	ὁ	the/this/who	<the>	NA28+NA27+Tyn+SBL+WH+Treg+TR+Byz	
1	9	19	NKO	θεῷ	theō	G2316	N-DSM-T	θεός	God	God	NA28+NA27+Tyn+SBL+WH+Treg+TR+Byz	
1	9	20	NKO	τῷ	tō	G3588	T-DSM	ὁ	the/this/who	who	NA28+NA27+Tyn+SBL+WH+Treg+TR+Byz	
1	9	21	NKO	ἐγείροντι	egeironti	G1453	V-PAP-DSM	ἐγείρω	to arise	is raising	NA28+NA27+Tyn+SBL+WH+Treg+TR+Byz	
1	9	22	NKO	τοὺς	tous	G3588	T-APM	ὁ	the/this/who	the	NA28+NA27+Tyn+SBL+WH+Treg+TR+Byz	
1	9	23	NKO	νεκρούς·	nekrous	G3498	A-APM	νεκρός	dead	dead;	NA28+NA27+Tyn+SBL+WH+Treg+TR+Byz	
1	10	1	NKO	ὃς	hos	G3739	R-NSM	ὅς, ἥ	which	who	NA28+NA27+Tyn+SBL+WH+Treg+TR+Byz	
1	10	2	NKO	ἐκ	ek	G1537	PREP	ἐκ	out from	from	NA28+NA27+Tyn+SBL+WH+Treg+TR+Byz	
1	10	3	NKO	τηλικούτου	tēlikoutou	G5082	D-GSM	τηλικοῦτος	so great	such a great	NA28+NA27+Tyn+SBL+WH+Treg+TR+Byz	
1	10	4	NKO	θανάτου	thanatou	G2288	N-GSM	θάνατος	death	a death	NA28+NA27+Tyn+SBL+WH+Treg+TR+Byz	
1	10	5	NKO	ἐρρύσατο	errusato	G4506	V-ANI-3S	ῥύομαι	to deliver	has delivered	NA28+NA27+Tyn+SBL+WH+Treg+TR+Byz	
1	10	6	NKO	ἡμᾶς	hēmas	G3165	P-1AP	ἐγώ	I/we	us	NA28+NA27+Tyn+SBL+WH+Treg+TR+Byz	
1	10	7	NKO	καὶ	kai	G2532	CONJ	καί	and	and	NA28+NA27+Tyn+SBL+WH+Treg+TR+Byz	
1	10	8	N(k)O	ῥύσεται	rhusetai	G4506	V-FDI-3S	ῥύομαι	to deliver	will deliver [us]	NA28+NA27+Tyn+SBL+WH+Treg	
1	10	9	NKO	εἰς	eis	G1519	PREP	εἰς	toward	in	NA28+NA27+Tyn+SBL+WH+Treg+TR+Byz	
1	10	10	NKO	ὃν	hon	G3739	R-ASM	ὅς, ἥ	which	whom	NA28+NA27+Tyn+SBL+WH+Treg+TR+Byz	
1	10	11	NKO	ἠλπίκαμεν	ēlpikamen	G1679	V-RAI-1P	ἐλπίζω	to hope/expect	we have hope	NA28+NA27+Tyn+SBL+WH+Treg+TR+Byz	
1	10	12	NKO	ὅτι	hoti	G3754G	CONJ	ὅτι	that/since	that	NA28+NA27+Tyn+SBL+WH+Treg+TR+Byz	
1	10	13	NKO	καὶ	kai	G2532	CONJ	καί	and	also	NA28+NA27+Tyn+SBL+WH+Treg+TR+Byz	
1	10	14	NKO	ἔτι	eti	G2089	ADV	ἔτι	still	still	NA28+NA27+Tyn+SBL+WH+Treg+TR+Byz	
1	10	15	NKO	ῥύσεται	rhusetai	G4506	V-FDI-3S	ῥύομαι	to deliver	He will deliver [us]	NA28+NA27+Tyn+SBL+WH+Treg+TR+Byz	
1	11	1	NKO	συνυπουργούντων	sunupourgountōn	G4943	V-PAP-GPM	συνυπουργέω	to join in helping	joining together	NA28+NA27+Tyn+SBL+WH+Treg+TR+Byz	
1	11	2	NKO	καὶ	kai	G2532	CONJ	καί	and	also	NA28+NA27+Tyn+SBL+WH+Treg+TR+Byz	
1	11	3	NKO	ὑμῶν	humōn	G4771	P-2GP	σύ	you	of you	NA28+NA27+Tyn+SBL+WH+Treg+TR+Byz	
1	11	4	NKO	ὑπὲρ	huper	G5228	PREP	ὑπέρ	above/for	for	NA28+NA27+Tyn+SBL+WH+Treg+TR+Byz	
1	11	5	NKO	ἡμῶν	hēmōn	G3165	P-1GP	ἐγώ	I/we	us	NA28+NA27+Tyn+SBL+WH+Treg+TR+Byz	
1	11	6	NKO	τῇ	tēa	G3588	T-DSF	ὁ	the/this/who	<the>	NA28+NA27+Tyn+SBL+WH+Treg+TR+Byz	
1	11	7	NKO	δεήσει,	deēsei	G1162	N-DSF	δέησις	petition	by supplication,	NA28+NA27+Tyn+SBL+WH+Treg+TR+Byz	
1	11	8	NKO	ἵνα	ina	G2443	CONJ	ἵνα	in order that/to	so that	NA28+NA27+Tyn+SBL+WH+Treg+TR+Byz	
1	11	9	NKO	ἐκ	ek	G1537	PREP	ἐκ	out from	by	NA28+NA27+Tyn+SBL+WH+Treg+TR+Byz	
1	11	10	NKO	πολλῶν	pollōn	G4183	A-GPN	πολύς	much	many	NA28+NA27+Tyn+SBL+WH+Treg+TR+Byz	
1	11	11	NKO	προσώπων	prosōpōn	G4383	N-GPN	πρόσωπον	face	persons	NA28+NA27+Tyn+SBL+WH+Treg+TR+Byz	
1	11	12	NKO	τὸ	to	G3588	T-NSN	ὁ	the/this/who	for the	NA28+NA27+Tyn+SBL+WH+Treg+TR+Byz	
1	11	13	NKO	εἰς	eis	G1519	PREP	εἰς	toward	toward	NA28+NA27+Tyn+SBL+WH+Treg+TR+Byz	
1	11	14	NKO	ἡμᾶς	hēmas	G3165	P-1AP	ἐγώ	I/we	us	NA28+NA27+Tyn+SBL+WH+Treg+TR+Byz	
1	11	15	NKO	χάρισμα	charisma	G5486	N-NSN	χάρισμα	gift	grace bestowed	NA28+NA27+Tyn+SBL+WH+Treg+TR+Byz	
1	11	16	NKO	διὰ	dia	G1223	PREP	διά	through/because of	through	NA28+NA27+Tyn+SBL+WH+Treg+TR+Byz	
1	11	17	NKO	πολλῶν	pollōn	G4183	A-GPM	πολύς	much	many	NA28+NA27+Tyn+SBL+WH+Treg+TR+Byz	
1	11	18	NKO	εὐχαριστηθῇ	eucharistēthēa	G2168	V-APS-3S	εὐχαριστέω	to thank	thanks may be given	NA28+NA27+Tyn+SBL+WH+Treg+TR+Byz	
1	11	19	NKO	ὑπὲρ	huper	G5228	PREP	ὑπέρ	above/for	for	NA28+NA27+Tyn+SBL+WH+Treg+TR+Byz	
1	11	20	NK(O)	ἡμῶν.	hēmōn	G3165	P-1GP	ἐγώ	I/we	us.	NA28+NA27+Tyn+SBL+WH+Treg+TR	
1	12	1	NKO	ἡ	hē	G3588	T-NSF	ὁ	the/this/who	<the>	NA28+NA27+Tyn+SBL+WH+Treg+TR+Byz	
1	12	2	NKO	γὰρ	gar	G1063	CONJ	γάρ	for	For	NA28+NA27+Tyn+SBL+WH+Treg+TR+Byz	
1	12	3	NKO	καύχησις	kauchēsis	G2746	N-NSF	καύχησις	pride	boasting	NA28+NA27+Tyn+SBL+WH+Treg+TR+Byz	
1	12	4	NKO	ἡμῶν	hēmōn	G3165	P-1GP	ἐγώ	I/we	of us	NA28+NA27+Tyn+SBL+WH+Treg+TR+Byz	
1	12	5	NKO	αὕτη	hautē	G3778	D-NSF	οὗτος	this/he/she/it	this	NA28+NA27+Tyn+SBL+WH+Treg+TR+Byz	
1	12	6	NKO	ἐστίν,	estin	G1510	V-PAI-3S	εἰμί	to be	is,	NA28+NA27+Tyn+SBL+WH+Treg+TR+Byz	
1	12	7	NKO	τὸ	to	G3588	T-NSN	ὁ	the/this/who	the	NA28+NA27+Tyn+SBL+WH+Treg+TR+Byz	
1	12	8	NKO	μαρτύριον	marturion	G3142	N-NSN	μαρτύριον	testimony	testimony	NA28+NA27+Tyn+SBL+WH+Treg+TR+Byz	
1	12	9	NKO	τῆς	tēs	G3588	T-GSF	ὁ	the/this/who	of the	NA28+NA27+Tyn+SBL+WH+Treg+TR+Byz	
1	12	10	NKO	συνειδήσεως	suneidēseōs	G4893	N-GSF	συνείδησις	conscience	conscience	NA28+NA27+Tyn+SBL+WH+Treg+TR+Byz	
1	12	11	NKO	ἡμῶν,	hēmōn	G3165	P-1GP	ἐγώ	I/we	of us,	NA28+NA27+Tyn+SBL+WH+Treg+TR+Byz	
1	12	12	NKO	ὅτι	hoti	G3754G	CONJ	ὅτι	that/since	that	NA28+NA27+Tyn+SBL+WH+Treg+TR+Byz	
1	12	13	NKO	ἐν	en	G1722	PREP	ἐν	in/on/among	in	NA28+NA27+Tyn+SBL+WH+Treg+TR+Byz	
1	12	14	NK(O)	ἁπλότητι	haplotēti	G0572	N-DSF	ἁπλότης	openness	openness	NA28+NA27+TR+Byz	
1	12	15	NKO	καὶ	kai	G2532	CONJ	καί	and	and	NA28+NA27+Tyn+SBL+WH+Treg+TR+Byz	
1	12	16	NKO	εἰλικρινείᾳ	eilikrineia	G1505	N-DSF	εἰλικρίνεια	sincerity	sincerity	NA28+NA27+Tyn+SBL+WH+Treg+TR+Byz	
1	12	17	no	τοῦ	tou	G3588	T-GSM	ὁ	the/this/who	<the>	NA28+NA27+Tyn+SBL+WH+Treg	
1	12	18	NKO	θεοῦ,	theou	G2316	N-GSM-T	θεός	God	of God,	NA28+NA27+Tyn+SBL+WH+Treg+TR+Byz	
1	12	19	no	καὶ	kai	G2532	CONJ	καί	and	and	NA28+NA27+WH	
1	12	20	NKO	οὐκ	ouk	G3756	PRT-N	οὐ	no	not	NA28+NA27+Tyn+SBL+WH+Treg+TR+Byz	
1	12	21	NKO	ἐν	en	G1722	PREP	ἐν	in/on/among	in	NA28+NA27+Tyn+SBL+WH+Treg+TR+Byz	
1	12	22	NKO	σοφίᾳ	sophia	G4678	N-DSF	σοφία	wisdom	wisdom	NA28+NA27+Tyn+SBL+WH+Treg+TR+Byz	
1	12	23	NKO	σαρκικῇ	sarkikēa	G4559	A-DSF	σαρκικός	fleshly	fleshly	NA28+NA27+Tyn+SBL+WH+Treg+TR+Byz	
1	12	24	NKO	ἀλλ᾽	all᾽	G0235	CONJ	ἀλλά	but	but	NA28+NA27+Tyn+SBL+WH+Treg+TR+Byz	
1	12	25	NKO	ἐν	en	G1722	PREP	ἐν	in/on/among	in	NA28+NA27+Tyn+SBL+WH+Treg+TR+Byz	
1	12	26	NKO	χάριτι	chariti	G5485	N-DSF	χάρις	grace	[the] grace	NA28+NA27+Tyn+SBL+WH+Treg+TR+Byz	
1	12	27	NKO	θεοῦ	theou	G2316	N-GSM-T	θεός	God	of God	NA28+NA27+Tyn+SBL+WH+Treg+TR+Byz	
1	12	28	NKO	ἀνεστράφημεν	anestraphēmen	G0390	V-2API-1P	ἀναστρέφω	to live/return	we have conducted ourselves	NA28+NA27+Tyn+SBL+WH+Treg+TR+Byz	
1	12	29	NKO	ἐν	en	G1722	PREP	ἐν	in/on/among	in	NA28+NA27+Tyn+SBL+WH+Treg+TR+Byz	
1	12	30	NKO	τῷ	tō	G3588	T-DSM	ὁ	the/this/who	the	NA28+NA27+Tyn+SBL+WH+Treg+TR+Byz	
1	12	31	NKO	κόσμῳ,	kosmō	G2889	N-DSM	κόσμος	world	world,	NA28+NA27+Tyn+SBL+WH+Treg+TR+Byz	
1	12	32	NKO	περισσοτέρως	perissoterōs	G4056	ADV-C	περισσοτέρως	more-abundantly	more abundantly	NA28+NA27+Tyn+SBL+WH+Treg+TR+Byz	
1	12	33	NKO	δὲ	de	G1161	CONJ	δέ	but/and	now	NA28+NA27+Tyn+SBL+WH+Treg+TR+Byz	
1	12	34	NKO	πρὸς	pros	G4314	PREP	πρός	to/with	toward	NA28+NA27+Tyn+SBL+WH+Treg+TR+Byz	
1	12	35	NKO	ὑμᾶς.	humas	G4771	P-2AP	σύ	you	you.	NA28+NA27+Tyn+SBL+WH+Treg+TR+Byz	
1	13	1	NKO	οὐ	ou	G3756	PRT-N	οὐ	no	No	NA28+NA27+Tyn+SBL+WH+Treg+TR+Byz	
1	13	2	NKO	γὰρ	gar	G1063	CONJ	γάρ	for	for	NA28+NA27+Tyn+SBL+WH+Treg+TR+Byz	
1	13	3	NKO	ἄλλα	alla	G0243	A-APN	ἄλλος	another	other things	NA28+NA27+Tyn+SBL+WH+Treg+TR+Byz	
1	13	4	NKO	γράφομεν	graphomen	G1125	V-PAI-1P	γράφω	to write	we write	NA28+NA27+Tyn+SBL+WH+Treg+TR+Byz	
1	13	5	NKO	ὑμῖν,	humin	G4771	P-2DP	σύ	you	to you,	NA28+NA27+Tyn+SBL+WH+Treg+TR+Byz	
1	13	6	NKO	ἀλλ᾽	all᾽	G0235	CONJ	ἀλλά	but	other	NA28+NA27+Tyn+SBL+WH+Treg+TR+Byz	
1	13	7	NKO	ἢ	ē	G2228	CONJ	ἤ	or/than	than	NA28+NA27+Tyn+SBL+WH+Treg+TR+Byz	
1	13	8	NKO	ἃ	ha	G3739	R-APN	ὅς, ἥ	which	what	NA28+NA27+Tyn+SBL+WH+Treg+TR+Byz	
1	13	9	NKO	ἀναγινώσκετε	anaginōskete	G0314	V-PAI-2P	ἀναγινώσκω	to read	you read	NA28+NA27+Tyn+SBL+WH+Treg+TR+Byz	
1	13	10	NKO	ἢ	ē	G2228	CONJ	ἤ	or/than	or	NA28+NA27+Tyn+SBL+WH+Treg+TR+Byz	
1	13	11	NKO	καὶ	kai	G2532	CONJ	καί	and	even	NA28+NA27+Tyn+SBL+WH+Treg+TR+Byz	
1	13	12	NKO	ἐπιγινώσκετε·	epiginōskete	G1921	V-PAI-2P	ἐπιγινώσκω	to come to know	understand;	NA28+NA27+Tyn+SBL+WH+Treg+TR+Byz	
1	13	13	NKO	ἐλπίζω	elpizō	G1679	V-PAI-1S	ἐλπίζω	to hope/expect	I hope	NA28+NA27+Tyn+SBL+WH+Treg+TR+Byz	
1	13	14	NKO	δὲ	de	G1161	CONJ	δέ	but/and	now	NA28+NA27+Tyn+SBL+WH+Treg+TR+Byz	
1	13	15	NKO	ὅτι	hoti	G3754G	CONJ	ὅτι	that/since	that	NA28+NA27+Tyn+SBL+WH+Treg+TR+Byz	
1	13	16	k	καὶ	kai	G2532	CONJ	καί	and	and	TR+Byz	
1	13	17	NKO	ἕως	he'ōs	G2193	PREP	ἕως	until	to [the]	NA28+NA27+Tyn+SBL+WH+Treg+TR+Byz	
1	13	18	NKO	τέλους	telous	G5056	N-GSN	τέλος	goal/tax	end	NA28+NA27+Tyn+SBL+WH+Treg+TR+Byz	
1	13	19	NKO	ἐπιγνώσεσθε,	epignōsesthe	G1921	V-FDI-2P	ἐπιγινώσκω	to come to know	you will understand,	NA28+NA27+Tyn+SBL+WH+Treg+TR+Byz	
1	14	1	NKO	καθὼς	kathōs	G2531	CONJ	καθώς	as/just as	even as	NA28+NA27+Tyn+SBL+WH+Treg+TR+Byz	
1	14	2	NKO	καὶ	kai	G2532	CONJ	καί	and	also	NA28+NA27+Tyn+SBL+WH+Treg+TR+Byz	
1	14	3	NKO	ἐπέγνωτε	epegnōte	G1921	V-2AAI-2P	ἐπιγινώσκω	to come to know	you have understood	NA28+NA27+Tyn+SBL+WH+Treg+TR+Byz	
1	14	4	NKO	ἡμᾶς	hēmas	G3165	P-1AP	ἐγώ	I/we	us	NA28+NA27+Tyn+SBL+WH+Treg+TR+Byz	
1	14	5	NKO	ἀπὸ	apo	G0575	PREP	ἀπό	away from	in	NA28+NA27+Tyn+SBL+WH+Treg+TR+Byz	
1	14	6	NKO	μέρους	merous	G3313	N-GSN	μέρος	part	part	NA28+NA27+Tyn+SBL+WH+Treg+TR+Byz	
1	14	7	NKO	ὅτι	hoti	G3754G	CONJ	ὅτι	that/since	that	NA28+NA27+Tyn+SBL+WH+Treg+TR+Byz	
1	14	8	NKO	καύχημα	kauchēma	G2745	N-NSN	καύχημα	pride	boasting	NA28+NA27+Tyn+SBL+WH+Treg+TR+Byz	
1	14	9	NKO	ὑμῶν	humōn	G4771	P-2GP	σύ	you	of you	NA28+NA27+Tyn+SBL+WH+Treg+TR+Byz	
1	14	10	NKO	ἐσμεν,	esmen	G1510	V-PAI-1P	εἰμί	to be	we are,	NA28+NA27+Tyn+SBL+WH+Treg+TR+Byz	
1	14	11	NKO	καθάπερ	kathaper	G2509	CONJ	καθάπερ	just as	even as	NA28+NA27+Tyn+SBL+WH+Treg+TR+Byz	
1	14	12	NKO	καὶ	kai	G2532	CONJ	καί	and	also	NA28+NA27+Tyn+SBL+WH+Treg+TR+Byz	
1	14	13	NKO	ὑμεῖς	humeis	G4771	P-2NP	σύ	you	you [are]	NA28+NA27+Tyn+SBL+WH+Treg+TR+Byz	
1	14	14	NKO	ἡμῶν	hēmōn	G3165	P-1GP	ἐγώ	I/we	ours	NA28+NA27+Tyn+SBL+WH+Treg+TR+Byz	
1	14	15	NKO	ἐν	en	G1722	PREP	ἐν	in/on/among	in	NA28+NA27+Tyn+SBL+WH+Treg+TR+Byz	
1	14	16	NKO	τῇ	tēa	G3588	T-DSF	ὁ	the/this/who	the	NA28+NA27+Tyn+SBL+WH+Treg+TR+Byz	
1	14	17	NKO	ἡμέρᾳ	hēmera	G2250	N-DSF	ἡμέρα	day	day	NA28+NA27+Tyn+SBL+WH+Treg+TR+Byz	
1	14	18	NKO	τοῦ	tou	G3588	T-GSM	ὁ	the/this/who	of the	NA28+NA27+Tyn+SBL+WH+Treg+TR+Byz	
1	14	19	NKO	κυρίου	kuriou	G2962G	N-GSM-T	κύριος	lord	Lord	NA28+NA27+Tyn+SBL+WH+Treg+TR+Byz	
1	14	20	NO	ἡμῶν	hēmōn	G3165	P-1GP	ἐγώ	I/we	of us	NA28+NA27+SBL+WH	
1	14	21	NKO	Ἰησοῦ.¶	Iēsou	G2424G	N-GSM-P	Ἰησοῦς	Jesus/Joshua	Jesus.	NA28+NA27+Tyn+SBL+WH+Treg+TR+Byz	
1	15	1	NKO	Καὶ	Kai	G2532	CONJ	καί	and	And	NA28+NA27+Tyn+SBL+WH+Treg+TR+Byz	
1	15	2	NKO	ταύτῃ	tautē	G3778	D-DSF	οὗτος	this/he/she/it	with this	NA28+NA27+Tyn+SBL+WH+Treg+TR+Byz	
1	15	3	NKO	τῇ	tēa	G3588	T-DSF	ὁ	the/this/who	<the>	NA28+NA27+Tyn+SBL+WH+Treg+TR+Byz	
1	15	4	NKO	πεποιθήσει	pepoithēsei	G4006	N-DSF	πεποίθησις	confidence	confidence	NA28+NA27+Tyn+SBL+WH+Treg+TR+Byz	
1	15	5	NKO	ἐβουλόμην	eboulomēn	G1014	V-INI-1S	βούλομαι	to plan	I was planning	NA28+NA27+Tyn+SBL+WH+Treg+TR+Byz	
1	15	6	o	τὸ	to	G3588	T-ASN	ὁ	the/this/who	<the>	Byz»4	
1	15	7	NKO	πρότερον	proteron	G4387	A-ASN-C	πρότερος	before	previously	NA28+NA27+Tyn+SBL+WH+Treg+TR»3+Byz»3	
1	15	8	NKO	πρὸς	pros	G4314	PREP	πρός	to/with	to	NA28+NA27+Tyn+SBL+WH+Treg+TR+Byz»2	
1	15	9	NKO	ὑμᾶς	humas	G4771	P-2AP	σύ	you	you	NA28+NA27+Tyn+SBL+WH+Treg+TR+Byz»1	
1	15	10	NKO	ἐλθεῖν,	elthein	G2064	V-2AAN	ἔρχομαι	to come/go	to come	NA28+NA27+Tyn+SBL+WH+Treg+TR+Byz	
1	15	11	NKO	ἵνα	ina	G2443	CONJ	ἵνα	in order that/to	so that	NA28+NA27+Tyn+SBL+WH+Treg+TR+Byz	
1	15	12	NKO	δευτέραν	deuteran	G1208	A-ASF	δεύτερος	secondly	secondly	NA28+NA27+Tyn+SBL+WH+Treg+TR+Byz	
1	15	13	NK(O)	χάριν	charin	G5485	N-ASF	χάρις	grace	grace	NA28+NA27+Tyn+SBL+Treg+TR+Byz	
1	15	14	N(k)O	σχῆτε	schēte	G2192	V-2AAS-2P	ἔχω	to have/be	you may have	NA28+NA27+Tyn+SBL+WH+Treg	
1	16	1	NKO	καὶ	kai	G2532	CONJ	καί	and	and	NA28+NA27+Tyn+SBL+WH+Treg+TR+Byz	
1	16	2	NKO	δι᾽	di᾽	G1223	PREP	διά	through/because of	through	NA28+NA27+Tyn+SBL+WH+Treg+TR+Byz	
1	16	3	NKO	ὑμῶν	humōn	G4771	P-2GP	σύ	you	you	NA28+NA27+Tyn+SBL+WH+Treg+TR+Byz	
1	16	4	NKO	διελθεῖν	dielthein	G1330	V-2AAN	διέρχομαι	to pass through	to pass through	NA28+NA27+Tyn+SBL+WH+Treg+TR+Byz	
1	16	5	NKO	εἰς	eis	G1519	PREP	εἰς	toward	into	NA28+NA27+Tyn+SBL+WH+Treg+TR+Byz	
1	16	6	NKO	Μακεδονίαν	Makedonian	G3109	N-ASF-L	Μακεδονία	Macedonia	Macedonia	NA28+NA27+Tyn+SBL+WH+Treg+TR+Byz	
1	16	7	NKO	καὶ	kai	G2532	CONJ	καί	and	and	NA28+NA27+Tyn+SBL+WH+Treg+TR+Byz	
1	16	8	NKO	πάλιν	palin	G3825	ADV	πάλιν	again	again	NA28+NA27+Tyn+SBL+WH+Treg+TR+Byz	
1	16	9	NKO	ἀπὸ	apo	G0575	PREP	ἀπό	away from	from	NA28+NA27+Tyn+SBL+WH+Treg+TR+Byz	
1	16	10	NKO	Μακεδονίας	Makedonias	G3109	N-GSF-L	Μακεδονία	Macedonia	Macedonia	NA28+NA27+Tyn+SBL+WH+Treg+TR+Byz	
1	16	11	NKO	ἐλθεῖν	elthein	G2064	V-2AAN	ἔρχομαι	to come/go	to come	NA28+NA27+Tyn+SBL+WH+Treg+TR+Byz	
1	16	12	NKO	πρὸς	pros	G4314	PREP	πρός	to/with	to	NA28+NA27+Tyn+SBL+WH+Treg+TR+Byz	
1	16	13	NKO	ὑμᾶς	humas	G4771	P-2AP	σύ	you	you	NA28+NA27+Tyn+SBL+WH+Treg+TR+Byz	
1	16	14	NKO	καὶ	kai	G2532	CONJ	καί	and	and	NA28+NA27+Tyn+SBL+WH+Treg+TR+Byz	
1	16	15	NKO	ὑφ᾽	huph᾽	G5259G	PREP	ὑπό	by/under	by	NA28+NA27+Tyn+SBL+WH+Treg+TR+Byz	
1	16	16	NKO	ὑμῶν	humōn	G4771	P-2GP	σύ	you	you	NA28+NA27+Tyn+SBL+WH+Treg+TR+Byz	
1	16	17	NKO	προπεμφθῆναι	propemphthēnai	G4311	V-APN	προπέμπω	to help on the way	to be set forward	NA28+NA27+Tyn+SBL+WH+Treg+TR+Byz	
1	16	18	NKO	εἰς	eis	G1519	PREP	εἰς	toward	to	NA28+NA27+Tyn+SBL+WH+Treg+TR+Byz	
1	16	19	NKO	τὴν	tēn	G3588	T-ASF	ὁ	the/this/who	<the>	NA28+NA27+Tyn+SBL+WH+Treg+TR+Byz	
1	16	20	NKO	Ἰουδαίαν.	Ioudaian	G2449	N-ASF-L	Ἰουδαία	Judea	Judea.	NA28+NA27+Tyn+SBL+WH+Treg+TR+Byz	
1	17	1	NKO	τοῦτο	touto	G3778	D-ASN	οὗτος	this/he/she/it	Thus	NA28+NA27+Tyn+SBL+WH+Treg+TR+Byz	
1	17	2	NKO	οὖν	oun	G3767	CONJ	οὖν	therefore/then	therefore	NA28+NA27+Tyn+SBL+WH+Treg+TR+Byz	
1	17	3	N(k)O	βουλόμενος	boulomenos	G1014	V-PNP-NSM	βούλομαι	to plan	deciding	NA28+NA27+Tyn+SBL+WH+Treg	
1	17	4	NKO	μήτι	mēti	G3385	PRT-N	μή	not + τις=one	surely not ever	NA28+NA27+Tyn+SBL+WH+Treg+TR+Byz	
1	17	5	NKO	ἄρα	ara	G0686	CONJ	ἄρα	therefore	then	NA28+NA27+Tyn+SBL+WH+Treg+TR+Byz	
1	17	6	NKO	τῇ	tēa	G3588	T-DSF	ὁ	the/this/who	<the>	NA28+NA27+Tyn+SBL+WH+Treg+TR+Byz	
1	17	7	NKO	ἐλαφρίᾳ	elaphria	G1644	N-DSF	ἐλαφρία	lightness	levity	NA28+NA27+Tyn+SBL+WH+Treg+TR+Byz	
1	17	8	NKO	ἐχρησάμην,	echrēsamēn	G5530	V-ADI-1S	χράω	to use	did I use?	NA28+NA27+Tyn+SBL+WH+Treg+TR+Byz	
1	17	9	NKO	ἢ	ē	G2228	CONJ	ἤ	or/than	Or	NA28+NA27+Tyn+SBL+WH+Treg+TR+Byz	
1	17	10	NKO	ἃ	ha	G3739	R-APN	ὅς, ἥ	which	what	NA28+NA27+Tyn+SBL+WH+Treg+TR+Byz	
1	17	11	NKO	βουλεύομαι	bouleuomai	G1011	V-PNI-1S	βουλεύω	to plan	I purpose	NA28+NA27+Tyn+SBL+WH+Treg+TR+Byz	
1	17	12	NKO	κατὰ	kata	G2596	PREP	κατά	according to	according to	NA28+NA27+Tyn+SBL+WH+Treg+TR+Byz	
1	17	13	NKO	σάρκα	sarka	G4561	N-ASF	σάρξ	flesh	flesh	NA28+NA27+Tyn+SBL+WH+Treg+TR+Byz	
1	17	14	NKO	βουλεύομαι,	bouleuomai	G1011	V-PNI-1S	βουλεύω	to plan	do I purpose,	NA28+NA27+Tyn+SBL+WH+Treg+TR+Byz	
1	17	15	NKO	ἵνα	ina	G2443	CONJ	ἵνα	in order that/to	so that	NA28+NA27+Tyn+SBL+WH+Treg+TR+Byz	
1	17	16	NKO	ᾖ	ē	G1510	V-PAS-3S	εἰμί	to be	there may be	NA28+NA27+Tyn+SBL+WH+Treg+TR+Byz	
1	17	17	NKO	παρ᾽	par᾽	G3844	PREP	παρά	from with	with	NA28+NA27+Tyn+SBL+WH+Treg+TR+Byz	
1	17	18	NKO	ἐμοὶ	emoi	G1473	P-1DS	ἐγώ	I/we	me myself	NA28+NA27+Tyn+SBL+WH+Treg+TR+Byz	
1	17	19	NKO	τὸ	to	G3588	T-NSN	ὁ	the/this/who	<the>	NA28+NA27+Tyn+SBL+WH+Treg+TR+Byz	
1	17	20	NKO	ναὶ	nai	G3483	PRT	ναί	yes	Yes	NA28+NA27+Tyn+SBL+WH+Treg+TR+Byz	
1	17	21	NKO	ναὶ	nai	G3483	PRT	ναί	yes	yes	NA28+NA27+Tyn+SBL+WH+Treg+TR+Byz	
1	17	22	NKO	καὶ	kai	G2532	CONJ	καί	and	and	NA28+NA27+Tyn+SBL+WH+Treg+TR+Byz	
1	17	23	NKO	τὸ	to	G3588	T-NSN	ὁ	the/this/who	<the>	NA28+NA27+Tyn+SBL+WH+Treg+TR+Byz	
1	17	24	NKO	οὒ	ou	G3756	PRT-N	οὐ	no	No	NA28+NA27+Tyn+SBL+WH+Treg+TR+Byz	
1	17	25	NKO	οὔ;	ou	G3756	PRT-N	οὐ	no	no?	NA28+NA27+Tyn+SBL+WH+Treg+TR+Byz	
1	18	1	NKO	πιστὸς	pistos	G4103	A-NSM	πιστός	faithful	Faithful	NA28+NA27+Tyn+SBL+WH+Treg+TR+Byz	
1	18	2	NKO	δὲ	de	G1161	CONJ	δέ	but/and	however	NA28+NA27+Tyn+SBL+WH+Treg+TR+Byz	
1	18	3	NKO	ὁ	ho	G3588	T-NSM	ὁ	the/this/who	<the>	NA28+NA27+Tyn+SBL+WH+Treg+TR+Byz	
1	18	4	NKO	θεός,	theos	G2316	N-NSM-T	θεός	God	God [is],	NA28+NA27+Tyn+SBL+WH+Treg+TR+Byz	
1	18	5	NKO	ὅτι	hoti	G3754G	CONJ	ὅτι	that/since	that	NA28+NA27+Tyn+SBL+WH+Treg+TR+Byz	
1	18	6	NKO	ὁ	ho	G3588	T-NSM	ὁ	the/this/who	the	NA28+NA27+Tyn+SBL+WH+Treg+TR+Byz	
1	18	7	NKO	λόγος	logos	G3056	N-NSM	λόγος	word	word	NA28+NA27+Tyn+SBL+WH+Treg+TR+Byz	
1	18	8	NKO	ἡμῶν	hēmōn	G3165	P-1GP	ἐγώ	I/we	of us	NA28+NA27+Tyn+SBL+WH+Treg+TR+Byz	
1	18	9	NKO	ὁ	ho	G3588	T-NSM	ὁ	the/this/who	<the>	NA28+NA27+Tyn+SBL+WH+Treg+TR+Byz	
1	18	10	NKO	πρὸς	pros	G4314	PREP	πρός	to/with	to	NA28+NA27+Tyn+SBL+WH+Treg+TR+Byz	
1	18	11	NKO	ὑμᾶς	humas	G4771	P-2AP	σύ	you	you	NA28+NA27+Tyn+SBL+WH+Treg+TR+Byz	
1	18	12	NKO	οὐκ	ouk	G3756	PRT-N	οὐ	no	not	NA28+NA27+Tyn+SBL+WH+Treg+TR+Byz	
1	18	13	N(k)O	ἔστιν	estin	G1510	V-PAI-3S	εἰμί	to be	was	NA28+NA27+Tyn+SBL+WH+Treg	
1	18	14	NKO	ναὶ	nai	G3483	PRT	ναί	yes	Yes	NA28+NA27+Tyn+SBL+WH+Treg+TR+Byz	
1	18	15	NKO	καὶ	kai	G2532	CONJ	καί	and	and	NA28+NA27+Tyn+SBL+WH+Treg+TR+Byz	
1	18	16	NKO	οὔ·	ou	G3756	PRT-N	οὐ	no	No;	NA28+NA27+Tyn+SBL+WH+Treg+TR+Byz	
1	19	1	NKO	ὁ	ho	G3588	T-NSM	ὁ	the/this/who	The	NA28+NA27+Tyn+SBL+WH+Treg+TR+Byz	
1	19	2	NKO	τοῦ	tou	G3588	T-GSM	ὁ	the/this/who	<the>	NA28+NA27+Tyn+SBL+WH+Treg+TR+Byz	
1	19	3	NKO	θεοῦ	theou	G2316	N-GSM-T	θεός	God	of God	NA28+NA27+Tyn+SBL+WH+Treg+TR+Byz	
1	19	4	NKO	γὰρ	gar	G1063	CONJ	γάρ	for	for	NA28+NA27+Tyn+SBL+WH+Treg+TR«3+Byz«3	
1	19	5	NKO	υἱὸς	huios	G5207	N-NSM	υἱός	son	Son	NA28+NA27+Tyn+SBL+WH+Treg+TR+Byz	
1	19	6	NKO	Ἰησοῦς	Iēsous	G2424G	N-NSM-P	Ἰησοῦς	Jesus/Joshua	Jesus	NA28+NA27+Tyn+SBL+WH»1+Treg+TR+Byz	
1	19	7	NKO	Χριστὸς	Christos	G5547	N-NSM-T	Χριστός	Christ	Christ	NA28+NA27+Tyn+SBL+WH+Treg+TR+Byz	
1	19	8	NKO	ὁ	ho	G3588	T-NSM	ὁ	the/this/who	the [One]	NA28+NA27+Tyn+SBL+WH+Treg+TR+Byz	
1	19	9	NKO	ἐν	en	G1722	PREP	ἐν	in/on/among	among	NA28+NA27+Tyn+SBL+WH+Treg+TR+Byz	
1	19	10	NKO	ὑμῖν	humin	G4771	P-2DP	σύ	you	you	NA28+NA27+Tyn+SBL+WH+Treg+TR+Byz	
1	19	11	NKO	δι᾽	di᾽	G1223	PREP	διά	through/because of	through	NA28+NA27+Tyn+SBL+WH+Treg+TR+Byz	
1	19	12	NKO	ἡμῶν	hēmōn	G3165	P-1GP	ἐγώ	I/we	us	NA28+NA27+Tyn+SBL+WH+Treg+TR+Byz	
1	19	13	NKO	κηρυχθείς,	kēruchtheis	G2784	V-APP-NSM	κηρύσσω	to preach	having been proclaimed	NA28+NA27+Tyn+SBL+WH+Treg+TR+Byz	
1	19	14	NKO	δι᾽	di᾽	G1223	PREP	διά	through/because of	through	NA28+NA27+Tyn+SBL+WH+Treg+TR+Byz	
1	19	15	NKO	ἐμοῦ	emou	G1473	S-1SGSN	ἐγώ	I/we	me	NA28+NA27+Tyn+SBL+WH+Treg+TR+Byz	
1	19	16	NKO	καὶ	kai	G2532	CONJ	καί	and	and	NA28+NA27+Tyn+SBL+WH+Treg+TR+Byz	
1	19	17	NKO	Σιλουανοῦ	Silouanou	G4610	N-GSM-P	Σιλουανός	Silas/Silvanus	Silvanus	NA28+NA27+Tyn+SBL+WH+Treg+TR+Byz	
1	19	18	NKO	καὶ	kai	G2532	CONJ	καί	and	and	NA28+NA27+Tyn+SBL+WH+Treg+TR+Byz	
1	19	19	NKO	Τιμοθέου,	Timotheou	G5095	N-GSM-P	Τιμόθεος	Timothy	Timothy,	NA28+NA27+Tyn+SBL+WH+Treg+TR+Byz	
1	19	20	NKO	οὐκ	ouk	G3756	PRT-N	οὐ	no	not	NA28+NA27+Tyn+SBL+WH+Treg+TR+Byz	
1	19	21	NKO	ἐγένετο	egeneto	G1096	V-2ADI-3S	γίνομαι	to be	was	NA28+NA27+Tyn+SBL+WH+Treg+TR+Byz	
1	19	22	NKO	ναὶ	nai	G3483	PRT	ναί	yes	Yes	NA28+NA27+Tyn+SBL+WH+Treg+TR+Byz	
1	19	23	NKO	καὶ	kai	G2532	CONJ	καί	and	and	NA28+NA27+Tyn+SBL+WH+Treg+TR+Byz	
1	19	24	NKO	οὒ,	ou	G3756	PRT-N	οὐ	no	No,	NA28+NA27+Tyn+SBL+WH+Treg+TR+Byz	
1	19	25	NKO	ἀλλὰ	alla	G0235	CONJ	ἀλλά	but	but	NA28+NA27+Tyn+SBL+WH+Treg+TR+Byz	
1	19	26	NKO	ναὶ	nai	G3483	PRT	ναί	yes	Yes	NA28+NA27+Tyn+SBL+WH+Treg+TR+Byz	
1	19	27	NKO	ἐν	en	G1722	PREP	ἐν	in/on/among	in	NA28+NA27+Tyn+SBL+WH+Treg+TR+Byz	
1	19	28	NKO	αὐτῷ	autō	G0846	P-DSM	αὐτός	he/she/it/self	Him	NA28+NA27+Tyn+SBL+WH+Treg+TR+Byz	
1	19	29	NKO	γέγονεν·	gegonen	G1096	V-2RAI-3S	γίνομαι	to be	it has always been;	NA28+NA27+Tyn+SBL+WH+Treg+TR+Byz	
1	20	1	NKO	ὅσαι	hosai	G3745	K-NPF	ὅσος	just as/how much	As many as	NA28+NA27+Tyn+SBL+WH+Treg+TR+Byz	
1	20	2	NKO	γὰρ	gar	G1063	CONJ	γάρ	for	for	NA28+NA27+Tyn+SBL+WH+Treg+TR+Byz	
1	20	3	NKO	ἐπαγγελίαι	epangeliai	G1860	N-NPF	ἐπαγγελία	promise	promises	NA28+NA27+Tyn+SBL+WH+Treg+TR+Byz	
1	20	4	NKO	θεοῦ,	theou	G2316	N-GSM-T	θεός	God	of God [there are],	NA28+NA27+Tyn+SBL+WH+Treg+TR+Byz	
1	20	5	NKO	ἐν	en	G1722	PREP	ἐν	in/on/among	in	NA28+NA27+Tyn+SBL+WH+Treg+TR+Byz	
1	20	6	NKO	αὐτῷ	autō	G0846	P-DSM	αὐτός	he/she/it/self	Him	NA28+NA27+Tyn+SBL+WH+Treg+TR+Byz	
1	20	7	NKO	τὸ	to	G3588	T-NSN	ὁ	the/this/who	[is] the	NA28+NA27+Tyn+SBL+WH+Treg+TR+Byz	
1	20	8	NKO	ναί·	nai	G3483	PRT	ναί	yes	Yes;	NA28+NA27+Tyn+SBL+WH+Treg+TR+Byz	
1	20	9	NO	διὸ	dio	G1352	CONJ	διό	for	Therefore	NA28+NA27+Tyn+SBL+WH+Treg	
1	20	10	NKO	καὶ	kai	G2532	CONJ	καί	and	also	NA28+NA27+Tyn+SBL+WH+Treg+TR+Byz	
1	20	11	N(k)O	δι᾽	di᾽	G1223	PREP	διά	through/because of	thorugh	NA28+NA27+Tyn+SBL+WH+Treg	
1	20	12	N(k)O	αὐτοῦ	autou	G0846	P-GSM	αὐτός	he/she/it/self	Him	NA28+NA27+Tyn+SBL+WH+Treg	
1	20	13	NKO	τὸ	to	G3588	T-NSN	ὁ	the/this/who	the	NA28+NA27+Tyn+SBL+WH+Treg+TR+Byz	
1	20	14	NKO	ἀμὴν	amēn	G0281	INJ-HEB	ἀμήν	amen	Amen	NA28+NA27+Tyn+SBL+WH+Treg+TR+Byz	
1	20	15	NKO	τῷ	tō	G3588	T-DSM	ὁ	the/this/who	<the>	NA28+NA27+Tyn+SBL+WH+Treg+TR+Byz	
1	20	16	NKO	θεῷ	theō	G2316	N-DSM-T	θεός	God	to God	NA28+NA27+Tyn+SBL+WH+Treg+TR+Byz	
1	20	17	NKO	πρὸς	pros	G4314	PREP	πρός	to/with	[is] for	NA28+NA27+Tyn+SBL+WH+Treg+TR+Byz	
1	20	18	NKO	δόξαν	doxan	G1391	N-ASF	δόξα	glory	glory	NA28+NA27+Tyn+SBL+WH+Treg+TR+Byz	
1	20	19	NKO	δι᾽	di᾽	G1223	PREP	διά	through/because of	through	NA28+NA27+Tyn+SBL+WH+Treg+TR+Byz	
1	20	20	NKO	ἡμῶν.	hēmōn	G3165	P-1GP	ἐγώ	I/we	us.	NA28+NA27+Tyn+SBL+WH+Treg+TR+Byz	
1	21	1	NKO	ὁ	ho	G3588	T-NSM	ὁ	the/this/who	The [One]	NA28+NA27+Tyn+SBL+WH+Treg+TR+Byz	
1	21	2	NKO	δὲ	de	G1161	CONJ	δέ	but/and	now	NA28+NA27+Tyn+SBL+WH+Treg+TR+Byz	
1	21	3	NKO	βεβαιῶν	bebaiōn	G0950	V-PAP-NSM	βεβαιόω	to confirm	establishing	NA28+NA27+Tyn+SBL+WH+Treg+TR+Byz	
1	21	4	NKO	ἡμᾶς	hēmas	G3165	P-1AP	ἐγώ	I/we	us	NA28+NA27+Tyn+SBL+WH+Treg+TR+Byz	
1	21	5	NKO	σὺν	sun	G4862	PREP	σύν	with	with	NA28+NA27+Tyn+SBL+WH+Treg+TR+Byz	
1	21	6	NKO	ὑμῖν	humin	G4771	P-2DP	σύ	you	you	NA28+NA27+Tyn+SBL+WH+Treg+TR+Byz	
1	21	7	NKO	εἰς	eis	G1519	PREP	εἰς	toward	unto	NA28+NA27+Tyn+SBL+WH+Treg+TR+Byz	
1	21	8	NKO	Χριστὸν	Christon	G5547	N-ASM-T	Χριστός	Christ	Christ	NA28+NA27+Tyn+SBL+WH+Treg+TR+Byz	
1	21	9	NKO	καὶ	kai	G2532	CONJ	καί	and	and	NA28+NA27+Tyn+SBL+WH+Treg+TR+Byz	
1	21	10	NKO	χρίσας	chrisas	G5548	V-AAP-NSM	χρίω	to anoint	having anointed	NA28+NA27+Tyn+SBL+WH+Treg+TR+Byz	
1	21	11	NKO	ἡμᾶς	hēmas	G3165	P-1AP	ἐγώ	I/we	us	NA28+NA27+Tyn+SBL+WH+Treg+TR+Byz	
1	21	12	NKO	θεός,	theos	G2316	N-NSM-T	θεός	God	[is] God,	NA28+NA27+Tyn+SBL+WH+Treg+TR+Byz	
1	22	1	NKO	ὁ	ho	G3588	T-NSM	ὁ	the/this/who	the [One]	NA28+NA27+Tyn+SBL+WH+Treg+TR+Byz	
1	22	2	NKO	καὶ	kai	G2532	CONJ	καί	and	also	NA28+NA27+Tyn+SBL+WH+Treg+TR+Byz	
1	22	3	NKO	σφραγισάμενος	sphragisamenos	G4972	V-AMP-NSM	σφραγίζω	to seal	having sealed	NA28+NA27+Tyn+SBL+WH+Treg+TR+Byz	
1	22	4	NKO	ἡμᾶς	hēmas	G3165	P-1AP	ἐγώ	I/we	us	NA28+NA27+Tyn+SBL+WH+Treg+TR+Byz	
1	22	5	NKO	καὶ	kai	G2532	CONJ	καί	and	and	NA28+NA27+Tyn+SBL+WH+Treg+TR+Byz	
1	22	6	NKO	δοὺς	dous	G1325	V-2AAP-NSM	δίδωμι	to give	having given	NA28+NA27+Tyn+SBL+WH+Treg+TR+Byz	
1	22	7	NKO	τὸν	ton	G3588	T-ASM	ὁ	the/this/who	the	NA28+NA27+Tyn+SBL+WH+Treg+TR+Byz	
1	22	8	NKO	ἀρραβῶνα	arrabōna	G0728	N-ASM	ἀρραβών	guarantee	pledge	NA28+NA27+Tyn+SBL+WH+Treg+TR+Byz	
1	22	9	NKO	τοῦ	tou	G3588	T-GSN	ὁ	the/this/who	of the	NA28+NA27+Tyn+SBL+WH+Treg+TR+Byz	
1	22	10	NKO	πνεύματος	pneumatos	G4151G	N-GSN	πνεῦμα	spirit/breath	Spirit	NA28+NA27+Tyn+SBL+WH+Treg+TR+Byz	
1	22	11	NKO	ἐν	en	G1722	PREP	ἐν	in/on/among	in	NA28+NA27+Tyn+SBL+WH+Treg+TR+Byz	
1	22	12	NKO	ταῖς	tais	G3588	T-DPF	ὁ	the/this/who	the	NA28+NA27+Tyn+SBL+WH+Treg+TR+Byz	
1	22	13	NKO	καρδίαις	kardiais	G2588	N-DPF	καρδία	heart	hearts	NA28+NA27+Tyn+SBL+WH+Treg+TR+Byz	
1	22	14	NKO	ἡμῶν.¶	hēmōn	G3165	P-1GP	ἐγώ	I/we	of us.	NA28+NA27+Tyn+SBL+WH+Treg+TR+Byz	
1	23	1	NKO	Ἐγὼ	Egō	G1473	P-1NS	ἐγώ	I/we	I myself	NA28+NA27+Tyn+SBL+WH+Treg+TR+Byz	
1	23	2	NKO	δὲ	de	G1161	CONJ	δέ	but/and	however	NA28+NA27+Tyn+SBL+WH+Treg+TR+Byz	
1	23	3	NKO	μάρτυρα	martura	G3144	N-ASM	μάρτυς	witness	as witness	NA28+NA27+Tyn+SBL+WH+Treg+TR+Byz	
1	23	4	NKO	τὸν	ton	G3588	T-ASM	ὁ	the/this/who	<the>	NA28+NA27+Tyn+SBL+WH+Treg+TR+Byz	
1	23	5	NKO	θεὸν	theon	G2316	N-ASM-T	θεός	God	God	NA28+NA27+Tyn+SBL+WH+Treg+TR+Byz	
1	23	6	NKO	ἐπικαλοῦμαι	epikaloumai	G1941	V-PMI-1S	ἐπικαλέω	to call (on)/name	call	NA28+NA27+Tyn+SBL+WH+Treg+TR+Byz	
1	23	7	NKO	ἐπὶ	epi	G1909	PREP	ἐπί	upon/to/against	upon	NA28+NA27+Tyn+SBL+WH+Treg+TR+Byz	
1	23	8	NKO	τὴν	tēn	G3588	T-ASF	ὁ	the/this/who	<the>	NA28+NA27+Tyn+SBL+WH+Treg+TR+Byz	
1	23	9	NKO	ἐμὴν	emēn	G1473	S-1SASF	ἐμός	my	my	NA28+NA27+Tyn+SBL+WH+Treg+TR+Byz	
1	23	10	NKO	ψυχὴν	psuchēn	G5590G	N-ASF	ψυχή	soul	soul	NA28+NA27+Tyn+SBL+WH+Treg+TR+Byz	
1	23	11	NKO	ὅτι	hoti	G3754G	CONJ	ὅτι	that/since	that	NA28+NA27+Tyn+SBL+WH+Treg+TR+Byz	
1	23	12	NKO	φειδόμενος	pheidomenos	G5339	V-PNP-NSM	φείδομαι	to spare	sparing	NA28+NA27+Tyn+SBL+WH+Treg+TR+Byz	
1	23	13	NKO	ὑμῶν	humōn	G4771	P-2GP	σύ	you	you	NA28+NA27+Tyn+SBL+WH+Treg+TR+Byz	
1	23	14	NKO	οὐκέτι	ouketi	G3756	PRT-N + G2089=ADV	οὐ	no + ἔτι=still	no longer	NA28+NA27+Tyn+SBL+WH+Treg+TR+Byz	
1	23	15	NKO	ἦλθον	ēlthon	G2064	V-2AAI-1S	ἔρχομαι	to come/go	have I come	NA28+NA27+Tyn+SBL+WH+Treg+TR+Byz	
1	23	16	NKO	εἰς	eis	G1519	PREP	εἰς	toward	to	NA28+NA27+Tyn+SBL+WH+Treg+TR+Byz	
1	23	17	NKO	Κόρινθον·	Korinthon	G2882	N-ASF-L	Κόρινθος	Corinth	Corinth;	NA28+NA27+Tyn+SBL+WH+Treg+TR+Byz	
1	24	1	NKO	οὐχ	ouch	G3756	PRT-N	οὐ	no	Not	NA28+NA27+Tyn+SBL+WH+Treg+TR+Byz	
1	24	2	NKO	ὅτι	hoti	G3754H	CONJ	ὅτι	that/since	for	NA28+NA27+Tyn+SBL+WH+Treg+TR+Byz	
1	24	3	NKO	κυριεύομεν	kurieuomen	G2961	V-PAI-1P	κυριεύω	to lord over	we lord it over	NA28+NA27+Tyn+SBL+WH+Treg+TR+Byz	
1	24	4	NKO	ὑμῶν	humōn	G4771	P-2GP	σύ	you	your	NA28+NA27+Tyn+SBL+WH+Treg+TR+Byz	
1	24	5	NKO	τῆς	tēs	G3588	T-GSF	ὁ	the/this/who	<the>	NA28+NA27+Tyn+SBL+WH+Treg+TR+Byz	
1	24	6	NKO	πίστεως,	pisteōs	G4102G	N-GSF	πίστις	faith	faith,	NA28+NA27+Tyn+SBL+WH+Treg+TR+Byz	
1	24	7	NKO	ἀλλὰ	alla	G0235	CONJ	ἀλλά	but	but	NA28+NA27+Tyn+SBL+WH+Treg+TR+Byz	
1	24	8	NKO	συνεργοί	sunergoi	G4904	A-NPM	συνεργός	co-worker	fellow workers	NA28+NA27+Tyn+SBL+WH+Treg+TR+Byz	
1	24	9	NKO	ἐσμεν	esmen	G1510	V-PAI-1P	εἰμί	to be	are	NA28+NA27+Tyn+SBL+WH+Treg+TR+Byz	
1	24	10	NKO	τῆς	tēs	G3588	T-GSF	ὁ	the/this/who	of the	NA28+NA27+Tyn+SBL+WH+Treg+TR+Byz	
1	24	11	NKO	χαρᾶς	charas	G5479	N-GSF	χαρά	joy	joy	NA28+NA27+Tyn+SBL+WH+Treg+TR+Byz	
1	24	12	NKO	ὑμῶν·	humōn	G4771	P-2GP	σύ	you	with you;	NA28+NA27+Tyn+SBL+WH+Treg+TR+Byz	
1	24	13	NKO	τῇ	tēa	G3588	T-DSF	ὁ	the/this/who	in the	NA28+NA27+Tyn+SBL+WH+Treg+TR+Byz	
1	24	14	NKO	γὰρ	gar	G1063	CONJ	γάρ	for	for	NA28+NA27+Tyn+SBL+WH+Treg+TR+Byz	
1	24	15	NKO	πίστει	pistei	G4102G	N-DSF	πίστις	faith	faith	NA28+NA27+Tyn+SBL+WH+Treg+TR+Byz	
1	24	16	NKO	ἑστήκατε.¶	hestēkate	G2476	V-RAI-2P	ἵστημι	to stand	you have stood firm.	NA28+NA27+Tyn+SBL+WH+Treg+TR+Byz	
2	1	1	NKO	Ἔκρινα	Ekrina	G2919	V-AAI-1S	κρίνω	to judge	I judged	NA28+NA27+Tyn+SBL+WH+Treg+TR+Byz	
2	1	2	N(k)O	γὰρ	gar	G1063	CONJ	γάρ	for	for	NA28+NA27+SBL+WH	
2	1	3	NKO	ἐμαυτῷ	emautō	G1473	F-1DSM	ἐμαυτοῦ	myself	within myself	NA28+NA27+Tyn+SBL+WH+Treg+TR+Byz	
2	1	4	NKO	τοῦτο	touto	G3778	D-ASN	οὗτος	this/he/she/it	this	NA28+NA27+Tyn+SBL+WH+Treg+TR+Byz	
2	1	5	NKO	τὸ	to	G3588	T-ASN	ὁ	the/this/who	<the>	NA28+NA27+Tyn+SBL+WH+Treg+TR+Byz	
2	1	6	NKO	μὴ	mē	G3361	PRT-N	μή	not	not	NA28+NA27+Tyn+SBL+WH+Treg+TR+Byz	
2	1	7	NKO	πάλιν	palin	G3825	ADV	πάλιν	again	again	NA28+NA27+Tyn+SBL+WH+Treg+TR+Byz	
2	1	8	NKO	ἐν	en	G1722	PREP	ἐν	in/on/among	in	NA28+NA27+Tyn+SBL+WH+Treg+TR+Byz	
2	1	9	NKO	λύπῃ	lupē	G3077	N-DSF	λύπη	grief	grief	NA28+NA27+Tyn+SBL+WH+Treg+TR+Byz	
2	1	10	NKO	πρὸς	pros	G4314	PREP	πρός	to/with	to	NA28+NA27+Tyn+SBL+WH+Treg+TR+Byz	
2	1	11	NKO	ὑμᾶς	humas	G4771	P-2AP	σύ	you	you	NA28+NA27+Tyn+SBL+WH+Treg+TR+Byz	
2	1	12	NKO	ἐλθεῖν.	elthein	G2064	V-2AAN	ἔρχομαι	to come/go	to come.	NA28+NA27+Tyn+SBL+WH+Treg+TR«5+Byz	
2	2	1	NKO	εἰ	ei	G1487G	COND	εἰ	if	If	NA28+NA27+Tyn+SBL+WH+Treg+TR+Byz	
2	2	2	NKO	γὰρ	gar	G1063	CONJ	γάρ	for	for	NA28+NA27+Tyn+SBL+WH+Treg+TR+Byz	
2	2	3	NKO	ἐγὼ	egō	G1473	P-1NS	ἐγώ	I/we	I myself	NA28+NA27+Tyn+SBL+WH+Treg+TR+Byz	
2	2	4	NKO	λυπῶ	lupō	G3076	V-PAI-1S	λυπέω	to grieve	grieve	NA28+NA27+Tyn+SBL+WH+Treg+TR+Byz	
2	2	5	NKO	ὑμᾶς,	humas	G4771	P-2AP	σύ	you	you	NA28+NA27+Tyn+SBL+WH+Treg+TR+Byz	
2	2	6	NKO	καὶ	kai	G2532	CONJ	καί	and	again	NA28+NA27+Tyn+SBL+WH+Treg+TR+Byz	
2	2	7	NKO	τίς	tis	G5101	I-NSM	τίς	which?	who	NA28+NA27+Tyn+SBL+WH+Treg+TR+Byz	
2	2	8	k	ἐστιν	estin	G1510	V-PAI-3S	εἰμί	to be	is	TR+Byz	
2	2	9	NKO	ὁ	ho	G3588	T-NSM	ὁ	the/this/who	the [one]	NA28+NA27+Tyn+SBL+WH+Treg+TR+Byz	
2	2	10	NKO	εὐφραίνων	euphrainōn	G2165	V-PAP-NSM	εὐφραίνω	to celebrate	gladdening	NA28+NA27+Tyn+SBL+WH+Treg+TR+Byz	
2	2	11	NKO	με	me	G3165	P-1AS	ἐγώ	I/we	me	NA28+NA27+Tyn+SBL+WH+Treg+TR+Byz	
2	2	12	NKO	εἰ	ei	G1487G	COND	εἰ	if	except	NA28+NA27+Tyn+SBL+WH+Treg+TR+Byz	
2	2	13	NKO	μὴ	mē	G3361	PRT-N	μή	not	not	NA28+NA27+Tyn+SBL+WH+Treg+TR+Byz	
2	2	14	NKO	ὁ	ho	G3588	T-NSM	ὁ	the/this/who	the [one]	NA28+NA27+Tyn+SBL+WH+Treg+TR+Byz	
2	2	15	NKO	λυπούμενος	lupoumenos	G3076	V-PPP-NSM	λυπέω	to grieve	being grieved	NA28+NA27+Tyn+SBL+WH+Treg+TR+Byz	
2	2	16	NKO	ἐξ	ex	G1537	PREP	ἐκ	out from	by	NA28+NA27+Tyn+SBL+WH+Treg+TR+Byz	
2	2	17	NKO	ἐμοῦ;	emou	G1473	S-1SGSN	ἐγώ	I/we	me?	NA28+NA27+Tyn+SBL+WH+Treg+TR+Byz	
2	3	1	NKO	καὶ	kai	G2532	CONJ	καί	and	And	NA28+NA27+Tyn+SBL+WH+Treg+TR+Byz	
2	3	2	NKO	ἔγραψα	egrapsa	G1125	V-2AAI-1S	γράφω	to write	I wrote	NA28+NA27+Tyn+SBL+WH+Treg+TR+Byz	
2	3	3	k	ὑμῖν	humin	G4771	P-2DP	σύ	you	to you	TR+Byz	
2	3	4	NKO	τοῦτο	touto	G3778	D-ASN	οὗτος	this/he/she/it	this	NA28+NA27+Tyn+SBL+WH+Treg+TR+Byz	
2	3	5	NKO	αὐτό,	auto	G0846	P-ASN	αὐτός	he/she/it/self	same thing,	NA28+NA27+Tyn+SBL+WH+Treg+TR+Byz	
2	3	6	NKO	ἵνα	ina	G2443	CONJ	ἵνα	in order that/to	so that	NA28+NA27+Tyn+SBL+WH+Treg+TR+Byz	
2	3	7	NKO	μὴ	mē	G3361	PRT-N	μή	not	not	NA28+NA27+Tyn+SBL+WH+Treg+TR+Byz	
2	3	8	NKO	ἐλθὼν	elthōn	G2064	V-2AAP-NSM	ἔρχομαι	to come/go	having come	NA28+NA27+Tyn+SBL+WH+Treg+TR+Byz	
2	3	9	NKO	λύπην	lupēn	G3077	N-ASF	λύπη	grief	grief	NA28+NA27+Tyn+SBL+WH+Treg+TR+Byz	
2	3	10	N(k)O	σχῶ	schō	G2192	V-2AAS-1S	ἔχω	to have/be	I may have	NA28+NA27+Tyn+SBL+WH+Treg	
2	3	11	NKO	ἀφ᾽	aph᾽	G0575	PREP	ἀπό	away from	from [those]	NA28+NA27+Tyn+SBL+WH+Treg+TR+Byz	
2	3	12	NKO	ὧν	hōn	G3739	R-GPM	ὅς, ἥ	which	of whom	NA28+NA27+Tyn+SBL+WH+Treg+TR+Byz	
2	3	13	NKO	ἔδει	edei	G1163	V-IAI-3S	δεῖ	be necessary	it was necessary	NA28+NA27+Tyn+SBL+WH+Treg+TR+Byz	
2	3	14	NKO	με	me	G3165	P-1AS	ἐγώ	I/we	me	NA28+NA27+Tyn+SBL+WH+Treg+TR+Byz	
2	3	15	NKO	χαίρειν	chairein	G5463	V-PAN	χαίρω	to rejoice	to rejoice	NA28+NA27+Tyn+SBL+WH+Treg+TR+Byz	
2	3	16	NKO	πεποιθὼς	pepoithōs	G3982	V-2RAP-NSM	πείθω	to persuade	having trusted	NA28+NA27+Tyn+SBL+WH+Treg+TR+Byz	
2	3	17	NKO	ἐπὶ	epi	G1909	PREP	ἐπί	upon/to/against	in	NA28+NA27+Tyn+SBL+WH+Treg+TR+Byz	
2	3	18	NKO	πάντας	pantas	G3956	A-APM	πᾶς	all	all	NA28+NA27+Tyn+SBL+WH+Treg+TR+Byz	
2	3	19	NKO	ὑμᾶς	humas	G4771	P-2AP	σύ	you	you	NA28+NA27+Tyn+SBL+WH+Treg+TR+Byz	
2	3	20	NKO	ὅτι	hoti	G3754G	CONJ	ὅτι	that/since	that	NA28+NA27+Tyn+SBL+WH+Treg+TR+Byz	
2	3	21	NKO	ἡ	hē	G3588	T-NSF	ὁ	the/this/who	<the>	NA28+NA27+Tyn+SBL+WH+Treg+TR+Byz	
2	3	22	NKO	ἐμὴ	emē	G1473	S-1SNSF	ἐμός	my	my	NA28+NA27+Tyn+SBL+WH+Treg+TR+Byz	
2	3	23	NKO	χαρὰ	chara	G5479	N-NSF	χαρά	joy	joy	NA28+NA27+Tyn+SBL+WH+Treg+TR+Byz	
2	3	24	NKO	πάντων	pantōn	G3956	A-GPM	πᾶς	all	of all	NA28+NA27+Tyn+SBL+WH+Treg+TR+Byz	
2	3	25	NKO	ὑμῶν	humōn	G4771	P-2GP	σύ	you	of you	NA28+NA27+Tyn+SBL+WH+Treg+TR+Byz	
2	3	26	NKO	ἐστιν.	estin	G1510	V-PAI-3S	εἰμί	to be	is.	NA28+NA27+Tyn+SBL+WH+Treg+TR+Byz	
2	4	1	NKO	ἐκ	ek	G1537	PREP	ἐκ	out from	Out of	NA28+NA27+Tyn+SBL+WH+Treg+TR+Byz	
2	4	2	NKO	γὰρ	gar	G1063	CONJ	γάρ	for	for	NA28+NA27+Tyn+SBL+WH+Treg+TR+Byz	
2	4	3	NKO	πολλῆς	pollēs	G4183	A-GSF	πολύς	much	much	NA28+NA27+Tyn+SBL+WH+Treg+TR+Byz	
2	4	4	NKO	θλίψεως	thlipseōs	G2347	N-GSF	θλῖψις	pressure	affliction	NA28+NA27+Tyn+SBL+WH+Treg+TR+Byz	
2	4	5	NKO	καὶ	kai	G2532	CONJ	καί	and	and	NA28+NA27+Tyn+SBL+WH+Treg+TR+Byz	
2	4	6	NKO	συνοχῆς	sunochēs	G4928	N-GSF	συνοχή	anguish	anguish	NA28+NA27+Tyn+SBL+WH+Treg+TR+Byz	
2	4	7	NKO	καρδίας	kardias	G2588	N-GSF	καρδία	heart	of heart	NA28+NA27+Tyn+SBL+WH+Treg+TR+Byz	
2	4	8	NKO	ἔγραψα	egrapsa	G1125	V-2AAI-1S	γράφω	to write	I wrote	NA28+NA27+Tyn+SBL+WH+Treg+TR+Byz	
2	4	9	NKO	ὑμῖν	humin	G4771	P-2DP	σύ	you	to you	NA28+NA27+Tyn+SBL+WH+Treg+TR+Byz	
2	4	10	NKO	διὰ	dia	G1223	PREP	διά	through/because of	through	NA28+NA27+Tyn+SBL+WH+Treg+TR+Byz	
2	4	11	NKO	πολλῶν	pollōn	G4183	A-GPN	πολύς	much	many	NA28+NA27+Tyn+SBL+WH+Treg+TR+Byz	
2	4	12	NKO	δακρύων,	dakruōn	G1144	N-GPN	δάκρυ, δάκρυον	teardrop	tears,	NA28+NA27+Tyn+SBL+WH+Treg+TR+Byz	
2	4	13	NKO	οὐχ	ouch	G3756	PRT-N	οὐ	no	not	NA28+NA27+Tyn+SBL+WH+Treg+TR+Byz	
2	4	14	NKO	ἵνα	ina	G2443	CONJ	ἵνα	in order that/to	that	NA28+NA27+Tyn+SBL+WH+Treg+TR+Byz	
2	4	15	NKO	λυπηθῆτε,	lupēthēte	G3076	V-APS-2P	λυπέω	to grieve	you may be grieved,	NA28+NA27+Tyn+SBL+WH+Treg+TR+Byz	
2	4	16	NKO	ἀλλὰ	alla	G0235	CONJ	ἀλλά	but	but	NA28+NA27+Tyn+SBL+WH+Treg+TR+Byz	
2	4	17	NKO	τὴν	tēn	G3588	T-ASF	ὁ	the/this/who	the	NA28+NA27+Tyn+SBL+WH+Treg+TR+Byz	
2	4	18	NKO	ἀγάπην	agapēn	G0026	N-ASF	ἀγάπη	love	love	NA28+NA27+Tyn+SBL+WH+Treg+TR+Byz	
2	4	19	NKO	ἵνα	ina	G2443	CONJ	ἵνα	in order that/to	that	NA28+NA27+Tyn+SBL+WH+Treg+TR+Byz	
2	4	20	NKO	γνῶτε	gnōte	G1097	V-2AAS-2P	γινώσκω	to know	you may know	NA28+NA27+Tyn+SBL+WH+Treg+TR+Byz	
2	4	21	NKO	ἣν	hēn	G3739	R-ASF	ὅς, ἥ	which	that	NA28+NA27+Tyn+SBL+WH+Treg+TR+Byz	
2	4	22	NKO	ἔχω	echō	G2192	V-PAI-1S	ἔχω	to have/be	I have	NA28+NA27+Tyn+SBL+WH+Treg+TR+Byz	
2	4	23	NKO	περισσοτέρως	perissoterōs	G4056	ADV-C	περισσοτέρως	more-abundantly	more abundantly	NA28+NA27+Tyn+SBL+WH+Treg+TR+Byz	
2	4	24	NKO	εἰς	eis	G1519	PREP	εἰς	toward	toward	NA28+NA27+Tyn+SBL+WH+Treg+TR+Byz	
2	4	25	NKO	ὑμᾶς.¶	humas	G4771	P-2AP	σύ	you	you.	NA28+NA27+Tyn+SBL+WH+Treg+TR+Byz	
2	5	1	NKO	Εἰ	Ei	G1487G	COND	εἰ	if	If	NA28+NA27+Tyn+SBL+WH+Treg+TR+Byz	
2	5	2	NKO	δέ	de	G1161	CONJ	δέ	but/and	however	NA28+NA27+Tyn+SBL+WH+Treg+TR+Byz	
2	5	3	NKO	τις	tis	G5100	X-NSM	τις	one	anyone	NA28+NA27+Tyn+SBL+WH+Treg+TR+Byz	
2	5	4	NKO	λελύπηκεν,	lelupēken	G3076	V-RAI-3S	λυπέω	to grieve	has caused grief,	NA28+NA27+Tyn+SBL+WH+Treg+TR+Byz	
2	5	5	NKO	οὐκ	ouk	G3756	PRT-N	οὐ	no	not	NA28+NA27+Tyn+SBL+WH+Treg+TR+Byz	
2	5	6	NKO	ἐμὲ	eme	G1473	P-1AS	ἐγώ	I/we	me myself	NA28+NA27+Tyn+SBL+WH+Treg+TR+Byz	
2	5	7	NKO	λελύπηκεν	lelupēken	G3076	V-RAI-3S	λυπέω	to grieve	has he grieved	NA28+NA27+Tyn+SBL+WH+Treg+TR+Byz	
2	5	8	NKO	ἀλλ᾽	all᾽	G0235	CONJ	ἀλλά	but	but	NA28+NA27+Tyn+SBL+WH+Treg+TR+Byz	
2	5	9	NKO	ἀπὸ	apo	G0575	PREP	ἀπό	away from	in	NA28+NA27+Tyn+SBL+WH+Treg+TR+Byz	
2	5	10	NKO	μέρους,	merous	G3313	N-GSN	μέρος	part	part —	NA28+NA27+Tyn+SBL+WH+Treg+TR+Byz	
2	5	11	NKO	ἵνα	ina	G2443	CONJ	ἵνα	in order that/to	that	NA28+NA27+Tyn+SBL+WH+Treg+TR+Byz	
2	5	12	NKO	μὴ	mē	G3361	PRT-N	μή	not	not	NA28+NA27+Tyn+SBL+WH+Treg+TR+Byz	
2	5	13	NKO	ἐπιβαρῶ,	epibarō	G1912	V-PAS-1S	ἐπιβαρέω	to burden	I may burden	NA28+NA27+Tyn+SBL+WH+Treg+TR+Byz	
2	5	14	NKO	πάντας	pantas	G3956	A-APM	πᾶς	all	all	NA28+NA27+Tyn+SBL+WH+Treg+TR+Byz	
2	5	15	NKO	ὑμᾶς.	humas	G4771	P-2AP	σύ	you	you.	NA28+NA27+Tyn+SBL+WH+Treg+TR+Byz	
2	6	1	NKO	ἱκανὸν	hikanon	G2425	A-NSN	ἱκανός	sufficient	Sufficient	NA28+NA27+Tyn+SBL+WH+Treg+TR+Byz	
2	6	2	NKO	τῷ	tō	G3588	T-DSM	ὁ	the/this/who	<the>	NA28+NA27+Tyn+SBL+WH+Treg+TR+Byz	
2	6	3	NKO	τοιούτῳ	toioutō	G5108	D-DSM	τοιοῦτος	such as this	to such a one	NA28+NA27+Tyn+SBL+WH+Treg+TR+Byz	
2	6	4	NKO	ἡ	hē	G3588	T-NSF	ὁ	the/this/who	[is] the	NA28+NA27+Tyn+SBL+WH+Treg+TR+Byz	
2	6	5	NKO	ἐπιτιμία	epitimia	G2009	N-NSF	ἐπιτιμία	punishment	punishment	NA28+NA27+Tyn+SBL+WH+Treg+TR+Byz	
2	6	6	NKO	αὕτη	hautē	G3778	D-NSF	οὗτος	this/he/she/it	this	NA28+NA27+Tyn+SBL+WH+Treg+TR+Byz	
2	6	7	NKO	ἡ	hē	G3588	T-NSF	ὁ	the/this/who	which [is]	NA28+NA27+Tyn+SBL+WH+Treg+TR+Byz	
2	6	8	NKO	ὑπὸ	hupo	G5259G	PREP	ὑπό	by/under	by	NA28+NA27+Tyn+SBL+WH+Treg+TR+Byz	
2	6	9	NKO	τῶν	tōn	G3588	T-GPM	ὁ	the/this/who	the	NA28+NA27+Tyn+SBL+WH+Treg+TR+Byz	
2	6	10	NKO	πλειόνων,	pleionōn	G4119	A-GPM-C	πλείων, πλεῖον	greater	majority,	NA28+NA27+Tyn+SBL+WH+Treg+TR+Byz	
2	7	1	NKO	ὥστε	hōste	G5620	CONJ	ὥστε	so	so that	NA28+NA27+Tyn+SBL+WH+Treg+TR+Byz	
2	7	2	NKO	τοὐναντίον	tounantion	G5121	ADV	τοὐναντίον	instead	on the contrary	NA28+NA27+Tyn+SBL+WH+Treg+TR+Byz	
2	7	3	NKO	μᾶλλον	mallon	G3123H	ADV	μᾶλλον	more	rather	NA28+NA27+Tyn+SBL+Treg+TR+Byz	
2	7	4	NKO	ὑμᾶς	humas	G4771	P-2AP	σύ	you	for you	NA28+NA27+Tyn+SBL+WH+Treg+TR+Byz	
2	7	5	NKO	χαρίσασθαι	charisasthai	G5483	V-ADN	χαρίζω	to give grace	to forgive	NA28+NA27+Tyn+SBL+WH+Treg+TR+Byz	
2	7	6	NKO	καὶ	kai	G2532	CONJ	καί	and	and	NA28+NA27+Tyn+SBL+WH+Treg+TR+Byz	
2	7	7	NKO	παρακαλέσαι,	parakalesai	G3870	V-AAN	παρακαλέω	to plead/comfort	to comfort [him],	NA28+NA27+Tyn+SBL+WH+Treg+TR+Byz	
2	7	8	NKO	μή	mē	G3361	PRT-N	μή	not	lest	NA28+NA27+Tyn+SBL+WH+Treg+TR»1+Byz	
2	7	9	NKO	πως	pōs	G4458	PRT	πως	how	perhaps	NA28+NA27+Tyn+SBL+WH+Treg+TR+Byz	
2	7	10	NKO	τῇ	tēa	G3588	T-DSF	ὁ	the/this/who	<the>	NA28+NA27+Tyn+SBL+WH+Treg+TR+Byz	
2	7	11	NKO	περισσοτέρᾳ	perissotera	G4055	A-DSF-C	περισσότερος	more-abundant	by more excessive	NA28+NA27+Tyn+SBL+WH+Treg+TR+Byz	
2	7	12	NKO	λύπῃ	lupē	G3077	N-DSF	λύπη	grief	sorrow	NA28+NA27+Tyn+SBL+WH+Treg+TR+Byz	
2	7	13	NKO	καταποθῇ	katapothēa	G2666	V-APS-3S	καταπίνω	to swallow	may be overwhelmed	NA28+NA27+Tyn+SBL+WH+Treg+TR+Byz	
2	7	14	NKO	ὁ	ho	G3588	T-NSM	ὁ	the/this/who	<the>	NA28+NA27+Tyn+SBL+WH+Treg+TR+Byz	
2	7	15	NKO	τοιοῦτος.	toioutos	G5108	D-NSM	τοιοῦτος	such as this	such a one.	NA28+NA27+Tyn+SBL+WH+Treg+TR+Byz	
2	8	1	NKO	διὸ	dio	G1352	CONJ	διό	for	Therefore	NA28+NA27+Tyn+SBL+WH+Treg+TR+Byz	
2	8	2	NKO	παρακαλῶ	parakalō	G3870	V-PAI-1S	παρακαλέω	to plead/comfort	I exhort	NA28+NA27+Tyn+SBL+WH+Treg+TR+Byz	
2	8	3	NKO	ὑμᾶς	humas	G4771	P-2AP	σύ	you	you	NA28+NA27+Tyn+SBL+WH+Treg+TR+Byz	
2	8	4	NKO	κυρῶσαι	kurōsai	G2964	V-AAN	κυρόω	to affirm	to confirm	NA28+NA27+Tyn+SBL+WH+Treg+TR+Byz	
2	8	5	NKO	εἰς	eis	G1519	PREP	εἰς	toward	toward	NA28+NA27+Tyn+SBL+WH+Treg+TR+Byz	
2	8	6	NKO	αὐτὸν	auton	G0846	P-ASM	αὐτός	he/she/it/self	him	NA28+NA27+Tyn+SBL+WH+Treg+TR+Byz	
2	8	7	NKO	ἀγάπην.	agapēn	G0026	N-ASF	ἀγάπη	love	love.	NA28+NA27+Tyn+SBL+WH+Treg+TR+Byz	
2	9	1	NKO	εἰς	eis	G1519	PREP	εἰς	toward	For	NA28+NA27+Tyn+SBL+WH+Treg+TR+Byz	
2	9	2	NKO	τοῦτο	touto	G3778	D-ASN	οὗτος	this/he/she/it	this	NA28+NA27+Tyn+SBL+WH+Treg+TR+Byz	
2	9	3	NKO	γὰρ	gar	G1063	CONJ	γάρ	for	indeed	NA28+NA27+Tyn+SBL+WH+Treg+TR+Byz	
2	9	4	NKO	καὶ	kai	G2532	CONJ	καί	and	also	NA28+NA27+Tyn+SBL+WH+Treg+TR+Byz	
2	9	5	NKO	ἔγραψα,	egrapsa	G1125	V-2AAI-1S	γράφω	to write	did I write,	NA28+NA27+Tyn+SBL+WH+Treg+TR+Byz	
2	9	6	NKO	ἵνα	ina	G2443	CONJ	ἵνα	in order that/to	so that	NA28+NA27+Tyn+SBL+WH+Treg+TR+Byz	
2	9	7	NKO	γνῶ	gnō	G1097	V-2AAS-1S	γινώσκω	to know	I may know	NA28+NA27+Tyn+SBL+WH+Treg+TR+Byz	
2	9	8	NKO	τὴν	tēn	G3588	T-ASF	ὁ	the/this/who	the	NA28+NA27+Tyn+SBL+WH+Treg+TR+Byz	
2	9	9	NKO	δοκιμὴν	dokimēn	G1382	N-ASF	δοκιμή	test	proof	NA28+NA27+Tyn+SBL+WH+Treg+TR+Byz	
2	9	10	NKO	ὑμῶν,	humōn	G4771	P-2GP	σύ	you	of you,	NA28+NA27+Tyn+SBL+WH+Treg+TR+Byz	
2	9	11	NKO	εἰ	ei	G1487G	COND	εἰ	if	whether	NA28+NA27+Tyn+SBL+WH+Treg+TR+Byz	
2	9	12	NKO	εἰς	eis	G1519	PREP	εἰς	toward	to	NA28+NA27+Tyn+SBL+WH+Treg+TR+Byz	
2	9	13	NKO	πάντα	panta	G3956	A-APN	πᾶς	all	everything	NA28+NA27+Tyn+SBL+WH+Treg+TR+Byz	
2	9	14	NKO	ὑπήκοοί	hupēkooi	G5255	A-NPM	ὑπήκοος	obedient	obedient	NA28+NA27+Tyn+SBL+WH+Treg+TR+Byz	
2	9	15	NKO	ἐστε.	este	G1510	V-PAI-2P	εἰμί	to be	you are.	NA28+NA27+Tyn+SBL+WH+Treg+TR+Byz	
2	10	1	NKO	ᾧ	hō	G3739	R-DSM	ὅς, ἥ	which	To whomever	NA28+NA27+Tyn+SBL+WH+Treg+TR+Byz	
2	10	2	NKO	δέ	de	G1161	CONJ	δέ	but/and	now	NA28+NA27+Tyn+SBL+WH+Treg+TR+Byz	
2	10	3	NKO	τι	ti	G5100	X-ASN	τις	one	anything	NA28+NA27+Tyn+SBL+WH+Treg+TR+Byz	
2	10	4	NKO	χαρίζεσθε,	charizesthe	G5483	V-PNI-2P	χαρίζω	to give grace	you forgive,	NA28+NA27+Tyn+SBL+WH+Treg+TR+Byz	
2	10	5	NKO	κἀγώ·	kagō	G1473	P-1NS + G2532=CONJ	κἀγώ	and I	I also myself;	NA28+NA27+Tyn+SBL+WH+Treg+TR+Byz	
2	10	6	NKO	καὶ	kai	G2532	CONJ	καί	and	and	NA28+NA27+Tyn+SBL+WH+Treg+TR+Byz	
2	10	7	NKO	γὰρ	gar	G1063	CONJ	γάρ	for	for	NA28+NA27+Tyn+SBL+WH+Treg+TR+Byz	
2	10	8	NKO	ἐγὼ	egō	G1473	P-1NS	ἐγώ	I/we	I myself	NA28+NA27+Tyn+SBL+WH+Treg+TR+Byz	
2	10	9	N(k)O	ὃ	ho	G3739	R-ASN	ὅς, ἥ	which	to whom	NA28+NA27+Tyn+SBL+WH+Treg	
2	10	10	NKO	κεχάρισμαι,	kecharismai	G5483	V-RNI-1S	χαρίζω	to give grace	I have forgiven,	NA28+NA27+Tyn+SBL+WH+Treg+TR+Byz	
2	10	11	NKO	εἴ	ei	G1487G	COND	εἰ	if	if	NA28+NA27+Tyn+SBL+WH+Treg+TR«3+Byz«3	
2	10	12	NKO	τι	ti	G5100	X-ASN	τις	one	anything	NA28+NA27+Tyn+SBL+WH+Treg+TR«4+Byz«4	
2	10	13	NKO	κεχάρισμαι,	kecharismai	G5483	V-RNI-1S	χαρίζω	to give grace	I have forgiven,	NA28+NA27+Tyn+SBL+WH+Treg+TR+Byz	
2	10	14	NKO	δι᾽	di᾽	G1223	PREP	διά	through/because of	[it is] for	NA28+NA27+Tyn+SBL+WH+Treg+TR+Byz	
2	10	15	NKO	ὑμᾶς	humas	G4771	P-2AP	σύ	you	you	NA28+NA27+Tyn+SBL+WH+Treg+TR+Byz	
2	10	16	NKO	ἐν	en	G1722	PREP	ἐν	in/on/among	in	NA28+NA27+Tyn+SBL+WH+Treg+TR+Byz	
2	10	17	NKO	προσώπῳ	prosōpō	G4383	N-DSN	πρόσωπον	face	[the] presence	NA28+NA27+Tyn+SBL+WH+Treg+TR+Byz	
2	10	18	NKO	Χριστοῦ,	Christou	G5547	N-GSM-T	Χριστός	Christ	of Christ,	NA28+NA27+Tyn+SBL+WH+Treg+TR+Byz	
2	11	1	NKO	ἵνα	ina	G2443	CONJ	ἵνα	in order that/to	so that	NA28+NA27+Tyn+SBL+WH+Treg+TR+Byz	
2	11	2	NKO	μὴ	mē	G3361	PRT-N	μή	not	not	NA28+NA27+Tyn+SBL+WH+Treg+TR+Byz	
2	11	3	NKO	πλεονεκτηθῶμεν	pleonektēthōmen	G4122	V-APS-1P	πλεονεκτέω	to exploit	we may be outwitted	NA28+NA27+Tyn+SBL+WH+Treg+TR+Byz	
2	11	4	NKO	ὑπὸ	hupo	G5259G	PREP	ὑπό	by/under	by	NA28+NA27+Tyn+SBL+WH+Treg+TR+Byz	
2	11	5	NKO	τοῦ	tou	G3588	T-GSM	ὁ	the/this/who	<the>	NA28+NA27+Tyn+SBL+WH+Treg+TR+Byz	
2	11	6	NKO	σατανᾶ·	satana	G4567	N-GSM-T	Σατανᾶς	Satan	Satan;	NA28+NA27+Tyn+SBL+WH+Treg+TR+Byz	
2	11	7	NKO	οὐ	ou	G3756	PRT-N	οὐ	no	not	NA28+NA27+Tyn+SBL+WH+Treg+TR+Byz	
2	11	8	NKO	γὰρ	gar	G1063	CONJ	γάρ	for	for	NA28+NA27+Tyn+SBL+WH+Treg+TR+Byz	
2	11	9	NKO	αὐτοῦ	autou	G0846	P-GSM	αὐτός	he/she/it/self	of his	NA28+NA27+Tyn+SBL+WH+Treg+TR+Byz	
2	11	10	NKO	τὰ	ta	G3588	T-APN	ὁ	the/this/who	<the>	NA28+NA27+Tyn+SBL+WH+Treg+TR+Byz	
2	11	11	NKO	νοήματα	noēmata	G3540	N-APN	νόημα	mind/thought	schemes	NA28+NA27+Tyn+SBL+WH+Treg+TR+Byz	
2	11	12	NKO	ἀγνοοῦμεν.¶	agnooumen	G0050	V-PAI-1P	ἀγνοέω	be ignorant	we are ignorant.	NA28+NA27+Tyn+SBL+WH+Treg+TR+Byz	
2	12	1	NKO	Ἐλθὼν	Elthōn	G2064	V-2AAP-NSM	ἔρχομαι	to come/go	Having come	NA28+NA27+Tyn+SBL+WH+Treg+TR+Byz	
2	12	2	NKO	δὲ	de	G1161	CONJ	δέ	but/and	now	NA28+NA27+Tyn+SBL+WH+Treg+TR+Byz	
2	12	3	NKO	εἰς	eis	G1519	PREP	εἰς	toward	to	NA28+NA27+Tyn+SBL+WH+Treg+TR+Byz	
2	12	4	NKO	τὴν	tēn	G3588	T-ASF	ὁ	the/this/who	<the>	NA28+NA27+Tyn+SBL+WH+Treg+TR+Byz	
2	12	5	NKO	Τρῳάδα	Trōada	G5174	N-ASF-L	Τρωάς	Troas	Troas	NA28+NA27+Tyn+SBL+WH+Treg+TR+Byz	
2	12	6	NKO	εἰς	eis	G1519	PREP	εἰς	toward	for	NA28+NA27+Tyn+SBL+WH+Treg+TR+Byz	
2	12	7	NKO	τὸ	to	G3588	T-ASN	ὁ	the/this/who	the	NA28+NA27+Tyn+SBL+WH+Treg+TR+Byz	
2	12	8	NKO	εὐαγγέλιον	euangelion	G2098	N-ASN	εὐαγγέλιον	gospel	gospel	NA28+NA27+Tyn+SBL+WH+Treg+TR+Byz	
2	12	9	NKO	τοῦ	tou	G3588	T-GSM	ὁ	the/this/who	<the>	NA28+NA27+Tyn+SBL+WH+Treg+TR+Byz	
2	12	10	NKO	Χριστοῦ	Christou	G5547	N-GSM-T	Χριστός	Christ	of Christ	NA28+NA27+Tyn+SBL+WH+Treg+TR+Byz	
2	12	11	NKO	καὶ	kai	G2532	CONJ	καί	and	also	NA28+NA27+Tyn+SBL+WH+Treg+TR+Byz	
2	12	12	NKO	θύρας	thuras	G2374	N-GSF	θύρα	door	a door	NA28+NA27+Tyn+SBL+WH+Treg+TR+Byz	
2	12	13	NKO	μοι	moi	G3165	P-1DS	ἐγώ	I/we	to me	NA28+NA27+Tyn+SBL+WH+Treg+TR+Byz	
2	12	14	NKO	ἀνεῳγμένης	aneōgmenēs	G0455	V-2RPP-GSF	ἀνοίγω	to open	having been opened	NA28+NA27+Tyn+SBL+WH+Treg+TR+Byz	
2	12	15	NKO	ἐν	en	G1722	PREP	ἐν	in/on/among	in	NA28+NA27+Tyn+SBL+WH+Treg+TR+Byz	
2	12	16	NKO	κυρίῳ,	kuriō	G2962G	N-DSM-T	κύριος	lord	[the] Lord,	NA28+NA27+Tyn+SBL+WH+Treg+TR+Byz	
2	13	1	NKO	οὐκ	ouk	G3756	PRT-N	οὐ	no	not	NA28+NA27+Tyn+SBL+WH+Treg+TR+Byz	
2	13	2	NKO	ἔσχηκα	eschēka	G2192	V-RAI-1S	ἔχω	to have/be	I have had	NA28+NA27+Tyn+SBL+WH+Treg+TR+Byz	
2	13	3	NKO	ἄνεσιν	anesin	G0425	N-ASF	ἄνεσις	rest	rest	NA28+NA27+Tyn+SBL+WH+Treg+TR+Byz	
2	13	4	NKO	τῷ	tō	G3588	T-DSN	ὁ	the/this/who	in the	NA28+NA27+Tyn+SBL+WH+Treg+TR+Byz	
2	13	5	NKO	πνεύματί	pneumati	G4151G	N-DSN	πνεῦμα	spirit/breath	spirit	NA28+NA27+Tyn+SBL+WH+Treg+TR+Byz	
2	13	6	NKO	μου	mou	G3165	P-1GS	ἐγώ	I/we	of mine	NA28+NA27+Tyn+SBL+WH+Treg+TR+Byz	
2	13	7	NKO	τῷ	tō	G3588	T-DSN	ὁ	the/this/who	in the	NA28+NA27+Tyn+SBL+WH+Treg+TR+Byz	
2	13	8	NKO	μὴ	mē	G3361	PRT-N	μή	not	not	NA28+NA27+Tyn+SBL+WH+Treg+TR+Byz	
2	13	9	NKO	εὑρεῖν	heurein	G2147	V-2AAN	εὑρίσκω	to find/meet	finding	NA28+NA27+Tyn+SBL+WH+Treg+TR+Byz	
2	13	10	NKO	με	me	G3165	P-1AS	ἐγώ	I/we	my	NA28+NA27+Tyn+SBL+WH+Treg+TR+Byz	
2	13	11	NKO	Τίτον	Titon	G5103	N-ASM-P	Τίτος	Titus	Titus	NA28+NA27+Tyn+SBL+WH+Treg+TR+Byz	
2	13	12	NKO	τὸν	ton	G3588	T-ASM	ὁ	the/this/who	the	NA28+NA27+Tyn+SBL+WH+Treg+TR+Byz	
2	13	13	NKO	ἀδελφόν	adelphon	G0080	N-ASM	ἀδελφός	brother	brother	NA28+NA27+Tyn+SBL+WH+Treg+TR+Byz	
2	13	14	NKO	μου,	mou	G3165	P-1GS	ἐγώ	I/we	of mine,	NA28+NA27+Tyn+SBL+WH+Treg+TR+Byz	
2	13	15	NKO	ἀλλ᾽	all᾽	G0235	CONJ	ἀλλά	but	instead	NA28+NA27+Tyn+SBL+WH+Treg+TR+Byz	
2	13	16	NKO	ἀποταξάμενος	apotaxamenos	G0657	V-AMP-NSM	ἀποτάσσω	to leave	having taken leave of	NA28+NA27+Tyn+SBL+WH+Treg+TR+Byz	
2	13	17	NKO	αὐτοῖς	autois	G0846	P-DPM	αὐτός	he/she/it/self	them	NA28+NA27+Tyn+SBL+WH+Treg+TR+Byz	
2	13	18	NKO	ἐξῆλθον	exēlthon	G1831	V-2AAI-1S	ἐξέρχομαι	to go out	I went out	NA28+NA27+Tyn+SBL+WH+Treg+TR+Byz	
2	13	19	NKO	εἰς	eis	G1519	PREP	εἰς	toward	to	NA28+NA27+Tyn+SBL+WH+Treg+TR+Byz	
2	13	20	NKO	Μακεδονίαν.¶	Makedonian	G3109	N-ASF-L	Μακεδονία	Macedonia	Macedonia.	NA28+NA27+Tyn+SBL+WH+Treg+TR+Byz	
2	14	1	NKO	Τῷ	Tō	G3588	T-DSM	ὁ	the/this/who	<the>	NA28+NA27+Tyn+SBL+WH+Treg+TR+Byz	
2	14	2	NKO	δὲ	de	G1161	CONJ	δέ	but/and	However	NA28+NA27+Tyn+SBL+WH+Treg+TR+Byz	
2	14	3	NKO	θεῷ	theō	G2316	N-DSM-T	θεός	God	to God	NA28+NA27+Tyn+SBL+WH+Treg+TR+Byz	
2	14	4	NKO	χάρις	charis	G5485	N-NSF	χάρις	grace	[be] thanks	NA28+NA27+Tyn+SBL+WH+Treg+TR+Byz	
2	14	5	NKO	τῷ	tō	G3588	T-DSM	ὁ	the/this/who	to the [One]	NA28+NA27+Tyn+SBL+WH+Treg+TR+Byz	
2	14	6	NKO	πάντοτε	pantote	G3842	ADV	πάντοτε	always	always	NA28+NA27+Tyn+SBL+WH+Treg+TR+Byz	
2	14	7	NKO	θριαμβεύοντι	thriambeuonti	G2358	V-PAP-DSM	θριαμβεύω	to triumph	leading in triumph	NA28+NA27+Tyn+SBL+WH+Treg+TR+Byz	
2	14	8	NKO	ἡμᾶς	hēmas	G3165	P-1AP	ἐγώ	I/we	us	NA28+NA27+Tyn+SBL+WH+Treg+TR+Byz	
2	14	9	NKO	ἐν	en	G1722	PREP	ἐν	in/on/among	in	NA28+NA27+Tyn+SBL+WH+Treg+TR+Byz	
2	14	10	NKO	τῷ	tō	G3588	T-DSM	ὁ	the/this/who	<the>	NA28+NA27+Tyn+SBL+WH+Treg+TR+Byz	
2	14	11	NKO	Χριστῷ	Christō	G5547	N-DSM-T	Χριστός	Christ	Christ	NA28+NA27+Tyn+SBL+WH+Treg+TR+Byz	
2	14	12	NKO	καὶ	kai	G2532	CONJ	καί	and	and	NA28+NA27+Tyn+SBL+WH+Treg+TR+Byz	
2	14	13	NKO	τὴν	tēn	G3588	T-ASF	ὁ	the/this/who	the	NA28+NA27+Tyn+SBL+WH+Treg+TR+Byz	
2	14	14	NKO	ὀσμὴν	osmēn	G3744	N-ASF	ὀσμή	aroma	fragrance	NA28+NA27+Tyn+SBL+WH+Treg+TR+Byz	
2	14	15	NKO	τῆς	tēs	G3588	T-GSF	ὁ	the/this/who	of the	NA28+NA27+Tyn+SBL+WH+Treg+TR+Byz	
2	14	16	NKO	γνώσεως	gnōseōs	G1108	N-GSF	γνῶσις	knowledge	knowledge	NA28+NA27+Tyn+SBL+WH+Treg+TR+Byz	
2	14	17	NKO	αὐτοῦ	autou	G0846	P-GSM	αὐτός	he/she/it/self	of Him	NA28+NA27+Tyn+SBL+WH+Treg+TR+Byz	
2	14	18	NKO	φανεροῦντι	phanerounti	G5319	V-PAP-DSM	φανερόω	to manifest	making manifest	NA28+NA27+Tyn+SBL+WH+Treg+TR+Byz	
2	14	19	NKO	δι᾽	di᾽	G1223	PREP	διά	through/because of	through	NA28+NA27+Tyn+SBL+WH+Treg+TR+Byz	
2	14	20	NKO	ἡμῶν	hēmōn	G3165	P-1GP	ἐγώ	I/we	us	NA28+NA27+Tyn+SBL+WH+Treg+TR+Byz	
2	14	21	NKO	ἐν	en	G1722	PREP	ἐν	in/on/among	in	NA28+NA27+Tyn+SBL+WH+Treg+TR+Byz	
2	14	22	NKO	παντὶ	panti	G3956	A-DSM	πᾶς	all	every	NA28+NA27+Tyn+SBL+WH+Treg+TR+Byz	
2	14	23	NKO	τόπῳ,	topō	G5117	N-DSM	τόπος	place	place,	NA28+NA27+Tyn+SBL+WH+Treg+TR+Byz	
2	15	1	NKO	ὅτι	hoti	G3754H	CONJ	ὅτι	that/since	For	NA28+NA27+Tyn+SBL+WH+Treg+TR+Byz	
2	15	2	NKO	Χριστοῦ	Christou	G5547	N-GSM-T	Χριστός	Christ	of Christ	NA28+NA27+Tyn+SBL+WH+Treg+TR+Byz	
2	15	3	NKO	εὐωδία	euōdia	G2175	N-NSF	εὐωδία	aroma	a sweet perfume	NA28+NA27+Tyn+SBL+WH+Treg+TR+Byz	
2	15	4	NKO	ἐσμὲν	esmen	G1510	V-PAI-1P	εἰμί	to be	we are	NA28+NA27+Tyn+SBL+WH+Treg+TR+Byz	
2	15	5	NKO	τῷ	tō	G3588	T-DSM	ὁ	the/this/who	<the>	NA28+NA27+Tyn+SBL+WH+Treg+TR+Byz	
2	15	6	NKO	θεῷ	theō	G2316	N-DSM-T	θεός	God	to God	NA28+NA27+Tyn+SBL+WH+Treg+TR+Byz	
2	15	7	NKO	ἐν	en	G1722	PREP	ἐν	in/on/among	in	NA28+NA27+Tyn+SBL+WH+Treg+TR+Byz	
2	15	8	NKO	τοῖς	tois	G3588	T-DPM	ὁ	the/this/who	those	NA28+NA27+Tyn+SBL+WH+Treg+TR+Byz	
2	15	9	NKO	σῳζομένοις	sōzomenois	G4982	V-PPP-DPM	σῴζω	to save	being saved	NA28+NA27+Tyn+SBL+WH+Treg+TR+Byz	
2	15	10	NKO	καὶ	kai	G2532	CONJ	καί	and	and	NA28+NA27+Tyn+SBL+WH+Treg+TR+Byz	
2	15	11	NKO	ἐν	en	G1722	PREP	ἐν	in/on/among	in	NA28+NA27+Tyn+SBL+WH+Treg+TR+Byz	
2	15	12	NKO	τοῖς	tois	G3588	T-DPM	ὁ	the/this/who	those	NA28+NA27+Tyn+SBL+WH+Treg+TR+Byz	
2	15	13	NKO	ἀπολλυμένοις,	apollumenois	G0622	V-PEP-DPM	ἀπολλύω	to destroy	perishing,	NA28+NA27+Tyn+SBL+WH+Treg+TR+Byz	
2	16	1	NKO	οἷς	hois	G3739	R-DPM	ὅς, ἥ	which	to one	NA28+NA27+Tyn+SBL+WH+Treg+TR+Byz	
2	16	2	NKO	μὲν	men	G3303	PRT	μέν	on one hand	indeed	NA28+NA27+Tyn+SBL+WH+Treg+TR+Byz	
2	16	3	NKO	ὀσμὴ	osmē	G3744	N-NSF	ὀσμή	aroma	an odor	NA28+NA27+Tyn+SBL+WH+Treg+TR+Byz	
2	16	4	no	ἐκ	ek	G1537	PREP	ἐκ	out from	from	NA28+NA27+Tyn+SBL+WH+Treg	
2	16	5	NKO	θανάτου	thanatou	G2288	N-GSM	θάνατος	death	death	NA28+NA27+Tyn+SBL+WH+Treg+TR+Byz	
2	16	6	NKO	εἰς	eis	G1519	PREP	εἰς	toward	to	NA28+NA27+Tyn+SBL+WH+Treg+TR+Byz	
2	16	7	NKO	θάνατον,	thanaton	G2288	N-ASM	θάνατος	death	death,	NA28+NA27+Tyn+SBL+WH+Treg+TR+Byz	
2	16	8	NKO	οἷς	hois	G3739	R-DPM	ὅς, ἥ	which	to one	NA28+NA27+Tyn+SBL+WH+Treg+TR+Byz	
2	16	9	NKO	δὲ	de	G1161	CONJ	δέ	but/and	however	NA28+NA27+Tyn+SBL+WH+Treg+TR+Byz	
2	16	10	NKO	ὀσμὴ	osmē	G3744	N-NSF	ὀσμή	aroma	a fragrance	NA28+NA27+Tyn+SBL+WH+Treg+TR+Byz	
2	16	11	no	ἐκ	ek	G1537	PREP	ἐκ	out from	from	NA28+NA27+Tyn+SBL+WH+Treg	
2	16	12	NKO	ζωῆς	zōēs	G2222	N-GSF	ζωή	life	life	NA28+NA27+Tyn+SBL+WH+Treg+TR+Byz	
2	16	13	NKO	εἰς	eis	G1519	PREP	εἰς	toward	to	NA28+NA27+Tyn+SBL+WH+Treg+TR+Byz	
2	16	14	NKO	ζωήν.	zōēn	G2222	N-ASF	ζωή	life	life.	NA28+NA27+Tyn+SBL+WH+Treg+TR+Byz	
2	16	15	NKO	καὶ	kai	G2532	CONJ	καί	and	And	NA28+NA27+Tyn+SBL+WH+Treg+TR+Byz	
2	16	16	NKO	πρὸς	pros	G4314	PREP	πρός	to/with	for	NA28+NA27+Tyn+SBL+WH+Treg+TR+Byz	
2	16	17	NKO	ταῦτα	tauta	G3778	D-APN	οὗτος	this/he/she/it	these things	NA28+NA27+Tyn+SBL+WH+Treg+TR+Byz	
2	16	18	NKO	τίς	tis	G5101	I-NSM	τίς	which?	who [is]	NA28+NA27+Tyn+SBL+WH+Treg+TR+Byz	
2	16	19	NKO	ἱκανός;	hikanos	G2425	A-NSM	ἱκανός	sufficient	sufficient?	NA28+NA27+Tyn+SBL+WH+Treg+TR+Byz	
2	17	1	NKO	οὐ	ou	G3756	PRT-N	οὐ	no	Not	NA28+NA27+Tyn+SBL+WH+Treg+TR+Byz	
2	17	2	NKO	γάρ	gar	G1063	CONJ	γάρ	for	for	NA28+NA27+Tyn+SBL+WH+Treg+TR+Byz	
2	17	3	NKO	ἐσμεν	esmen	G1510	V-PAI-1P	εἰμί	to be	we are	NA28+NA27+Tyn+SBL+WH+Treg+TR+Byz	
2	17	4	NKO	ὡς	hōs	G5613	PRT	ὡς	which/how	like	NA28+NA27+Tyn+SBL+WH+Treg+TR+Byz	
2	17	5	NKO	οἱ	hoi	G3588	T-NPM	ὁ	the/this/who	the	NA28+NA27+Tyn+SBL+WH+Treg+TR+Byz	
2	17	6	NK(O)	πολλοὶ	polloi	G4183	A-NPM	πολύς	much	many	NA28+NA27+Tyn+SBL+WH+Treg+TR	
2	17	7	NKO	καπηλεύοντες	kapēleuontes	G2585	V-PAP-NPM	καπηλεύω	to peddle	peddling	NA28+NA27+Tyn+SBL+WH+Treg+TR+Byz	
2	17	8	NKO	τὸν	ton	G3588	T-ASM	ὁ	the/this/who	the	NA28+NA27+Tyn+SBL+WH+Treg+TR+Byz	
2	17	9	NKO	λόγον	logon	G3056	N-ASM	λόγος	word	word	NA28+NA27+Tyn+SBL+WH+Treg+TR+Byz	
2	17	10	NKO	τοῦ	tou	G3588	T-GSM	ὁ	the/this/who	<the>	NA28+NA27+Tyn+SBL+WH+Treg+TR+Byz	
2	17	11	NKO	θεοῦ,	theou	G2316	N-GSM-T	θεός	God	of God,	NA28+NA27+Tyn+SBL+WH+Treg+TR+Byz	
2	17	12	NKO	ἀλλ᾽	all᾽	G0235	CONJ	ἀλλά	but	but	NA28+NA27+Tyn+SBL+WH+Treg+TR+Byz	
2	17	13	NKO	ὡς	hōs	G5613	PRT	ὡς	which/how	as	NA28+NA27+Tyn+SBL+WH+Treg+TR+Byz	
2	17	14	NKO	ἐξ	ex	G1537	PREP	ἐκ	out from	of	NA28+NA27+Tyn+SBL+WH+Treg+TR+Byz	
2	17	15	NKO	εἰλικρινείας,	eilikrineias	G1505	N-GSF	εἰλικρίνεια	sincerity	sincerity,	NA28+NA27+Tyn+SBL+WH+Treg+TR+Byz	
2	17	16	NKO	ἀλλ᾽	all᾽	G0235	CONJ	ἀλλά	but	but	NA28+NA27+Tyn+SBL+WH+Treg+TR+Byz	
2	17	17	NKO	ὡς	hōs	G5613	PRT	ὡς	which/how	as	NA28+NA27+Tyn+SBL+WH+Treg+TR+Byz	
2	17	18	NKO	ἐκ	ek	G1537	PREP	ἐκ	out from	of	NA28+NA27+Tyn+SBL+WH+Treg+TR+Byz	
2	17	19	NKO	θεοῦ,	theou	G2316	N-GSM-T	θεός	God	God,	NA28+NA27+Tyn+SBL+WH+Treg+TR+Byz	
2	17	20	N(k)O	κατέναντι	katenanti	G2713	PREP	κατέναντι	before	before	NA28+NA27+Tyn+SBL+WH+Treg	
2	17	21	k	τοῦ	tou	G3588	T-GSM	ὁ	the/this/who	<the>	TR+Byz	
2	17	22	NKO	θεοῦ	theou	G2316	N-GSM-T	θεός	God	God	NA28+NA27+Tyn+SBL+WH+Treg+TR+Byz	
2	17	23	NKO	ἐν	en	G1722	PREP	ἐν	in/on/among	in	NA28+NA27+Tyn+SBL+WH+Treg+TR+Byz	
2	17	24	NKO	Χριστῷ	Christō	G5547	N-DSM-T	Χριστός	Christ	Christ	NA28+NA27+Tyn+SBL+WH+Treg+TR+Byz	
2	17	25	NKO	λαλοῦμεν.¶	laloumen	G2980	V-PAI-1P	λαλέω	to speak	we speak.	NA28+NA27+Tyn+SBL+WH+Treg+TR+Byz	
3	1	1	NKO	Ἀρχόμεθα	Archometha	G0757	V-PMI-1P	ἄρχω	be first	Are we beginning	NA28+NA27+Tyn+SBL+WH+Treg+TR+Byz	
3	1	2	NKO	πάλιν	palin	G3825	ADV	πάλιν	again	again	NA28+NA27+Tyn+SBL+WH+Treg+TR+Byz	
3	1	3	NKO	ἑαυτοὺς	he'autous	G1438	F-1APM	ἑαυτοῦ	my/your/him-self	ourselves	NA28+NA27+Tyn+SBL+WH+Treg+TR+Byz	
3	1	4	NKO	συνιστάνειν;	sunistanein	G4921	V-PAN	συνίστημι, συνιστάω	to commend	to commend?	NA28+NA27+Tyn+SBL+WH+Treg+TR+Byz	
3	1	5	N(k)O	ἢ	ē	G2228	CONJ	ἤ	or/than	Or	NA28+NA27+Tyn+SBL+WH+Treg	
3	1	6	NKO	μὴ	mē	G3361	PRT-N	μή	not	surely not	NA28+NA27+Tyn+SBL+WH+Treg+TR+Byz	
3	1	7	NKO	χρῄζομεν	chrēzomen	G5535	V-PAI-1P	χρῄζω	to need	we need	NA28+NA27+Tyn+SBL+WH+Treg+TR+Byz	
3	1	8	NKO	ὥς	hōs	G5613	PRT	ὡς	which/how	like	NA28+NA27+Tyn+SBL+WH+Treg+TR+Byz	
3	1	9	NKO	τινες	tines	G5100	X-NPM	τις	one	some	NA28+NA27+Tyn+SBL+WH+Treg+TR+Byz	
3	1	10	NKO	συστατικῶν	sustatikōn	G4956	A-GPF	συστατικός	recommended	commendatory	NA28+NA27+Tyn+SBL+WH+Treg+TR+Byz	
3	1	11	NKO	ἐπιστολῶν	epistolōn	G1992	N-GPF	ἐπιστολή	epistle	letters	NA28+NA27+Tyn+SBL+WH+Treg+TR+Byz	
3	1	12	NKO	πρὸς	pros	G4314	PREP	πρός	to/with	to	NA28+NA27+Tyn+SBL+WH+Treg+TR+Byz	
3	1	13	NKO	ὑμᾶς	humas	G4771	P-2AP	σύ	you	you	NA28+NA27+Tyn+SBL+WH+Treg+TR+Byz	
3	1	14	NKO	ἢ	ē	G2228	CONJ	ἤ	or/than	or	NA28+NA27+Tyn+SBL+WH+Treg+TR+Byz	
3	1	15	NKO	ἐξ	ex	G1537	PREP	ἐκ	out from	from	NA28+NA27+Tyn+SBL+WH+Treg+TR+Byz	
3	1	16	NKO	ὑμῶν	humōn	G4771	P-2GP	σύ	you	you	NA28+NA27+Tyn+SBL+WH+Treg+TR+Byz	
3	1	17	k	συστατικῶν;	sustatikōn	G4956	A-GPF	συστατικός	recommended	commendatory [letters]?	TR+Byz	
3	2	1	NKO	ἡ	hē	G3588	T-NSF	ὁ	the/this/who	The	NA28+NA27+Tyn+SBL+WH+Treg+TR+Byz	
3	2	2	NKO	ἐπιστολὴ	epistolē	G1992	N-NSF	ἐπιστολή	epistle	letter	NA28+NA27+Tyn+SBL+WH+Treg+TR+Byz	
3	2	3	NKO	ἡμῶν	hēmōn	G3165	P-1GP	ἐγώ	I/we	of us	NA28+NA27+Tyn+SBL+WH+Treg+TR+Byz	
3	2	4	NKO	ὑμεῖς	humeis	G4771	P-2NP	σύ	you	you yourselves	NA28+NA27+Tyn+SBL+WH+Treg+TR+Byz	
3	2	5	NKO	ἐστε	este	G1510	V-PAI-2P	εἰμί	to be	are	NA28+NA27+Tyn+SBL+WH+Treg+TR+Byz	
3	2	6	NKO	ἐγγεγραμμένη	engegrammenē	G1449	V-RPP-NSF	ἐγγράφω	to write in	inscribed	NA28+NA27+Tyn+SBL+WH+Treg+TR+Byz	
3	2	7	NKO	ἐν	en	G1722	PREP	ἐν	in/on/among	in	NA28+NA27+Tyn+SBL+WH+Treg+TR+Byz	
3	2	8	NKO	ταῖς	tais	G3588	T-DPF	ὁ	the/this/who	the	NA28+NA27+Tyn+SBL+WH+Treg+TR+Byz	
3	2	9	NKO	καρδίαις	kardiais	G2588	N-DPF	καρδία	heart	hearts	NA28+NA27+Tyn+SBL+WH+Treg+TR+Byz	
3	2	10	NKO	ἡμῶν,	hēmōn	G3165	P-1GP	ἐγώ	I/we	of us,	NA28+NA27+Tyn+SBL+WH+Treg+TR+Byz	
3	2	11	NKO	γινωσκομένη	ginōskomenē	G1097	V-PPP-NSF	γινώσκω	to know	being known	NA28+NA27+Tyn+SBL+WH+Treg+TR+Byz	
3	2	12	NKO	καὶ	kai	G2532	CONJ	καί	and	and	NA28+NA27+Tyn+SBL+WH+Treg+TR+Byz	
3	2	13	NKO	ἀναγινωσκομένη	anaginōskomenē	G0314	V-PPP-NSF	ἀναγινώσκω	to read	being read	NA28+NA27+Tyn+SBL+WH+Treg+TR+Byz	
3	2	14	NKO	ὑπὸ	hupo	G5259G	PREP	ὑπό	by/under	by	NA28+NA27+Tyn+SBL+WH+Treg+TR+Byz	
3	2	15	NKO	πάντων	pantōn	G3956	A-GPM	πᾶς	all	all	NA28+NA27+Tyn+SBL+WH+Treg+TR+Byz	
3	2	16	NKO	ἀνθρώπων,	anthrōpōn	G0444	N-GPM	ἄνθρωπος	a human	men,	NA28+NA27+Tyn+SBL+WH+Treg+TR+Byz	
3	3	1	NKO	φανερούμενοι	phaneroumenoi	G5319	V-PPP-NPM	φανερόω	to manifest	being revealed	NA28+NA27+Tyn+SBL+WH+Treg+TR+Byz	
3	3	2	NKO	ὅτι	hoti	G3754G	CONJ	ὅτι	that/since	that	NA28+NA27+Tyn+SBL+WH+Treg+TR+Byz	
3	3	3	NKO	ἐστὲ	este	G1510	V-PAI-2P	εἰμί	to be	you are	NA28+NA27+Tyn+SBL+WH+Treg+TR+Byz	
3	3	4	NKO	ἐπιστολὴ	epistolē	G1992	N-NSF	ἐπιστολή	epistle	a letter	NA28+NA27+Tyn+SBL+WH+Treg+TR+Byz	
3	3	5	NKO	Χριστοῦ	Christou	G5547	N-GSM-T	Χριστός	Christ	of Christ	NA28+NA27+Tyn+SBL+WH+Treg+TR+Byz	
3	3	6	NKO	διακονηθεῖσα	diakonētheisa	G1247	V-APP-NSF	διακονέω	to serve	having been ministered to	NA28+NA27+Tyn+SBL+WH+Treg+TR+Byz	
3	3	7	NKO	ὑφ᾽	huph᾽	G5259G	PREP	ὑπό	by/under	by	NA28+NA27+Tyn+SBL+WH+Treg+TR+Byz	
3	3	8	NKO	ἡμῶν	hēmōn	G3165	P-1GP	ἐγώ	I/we	us	NA28+NA27+Tyn+SBL+WH+Treg+TR+Byz	
3	3	9	NKO	ἐγγεγραμμένη	engegrammenē	G1449	V-RPP-NSF	ἐγγράφω	to write in	inscribed	NA28+NA27+Tyn+SBL+WH+Treg+TR+Byz	
3	3	10	NKO	οὐ	ou	G3756	PRT-N	οὐ	no	not	NA28+NA27+Tyn+SBL+WH+Treg+TR+Byz	
3	3	11	NKO	μέλανι	melani	G3188	N-DSN	μέλαν	ink	in ink	NA28+NA27+Tyn+SBL+WH+Treg+TR+Byz	
3	3	12	NKO	ἀλλὰ	alla	G0235	CONJ	ἀλλά	but	but	NA28+NA27+Tyn+SBL+WH+Treg+TR+Byz	
3	3	13	NKO	πνεύματι	pneumati	G4151G	N-DSN	πνεῦμα	spirit/breath	with [the] Spirit	NA28+NA27+Tyn+SBL+WH+Treg+TR+Byz	
3	3	14	NKO	θεοῦ	theou	G2316	N-GSM-T	θεός	God	of God	NA28+NA27+Tyn+SBL+WH+Treg+TR+Byz	
3	3	15	NKO	ζῶντος,	zōntos	G2198	V-PAP-GSM	ζάω	to live	[the] living,	NA28+NA27+Tyn+SBL+WH+Treg+TR+Byz	
3	3	16	NKO	οὐκ	ouk	G3756	PRT-N	οὐ	no	not	NA28+NA27+Tyn+SBL+WH+Treg+TR+Byz	
3	3	17	NKO	ἐν	en	G1722	PREP	ἐν	in/on/among	on	NA28+NA27+Tyn+SBL+WH+Treg+TR+Byz	
3	3	18	NKO	πλαξὶν	plaxin	G4109	N-DPF	πλάξ	tablet	tablets	NA28+NA27+Tyn+SBL+WH+Treg+TR+Byz	
3	3	19	NKO	λιθίναις	lithinais	G3035	A-DPF	λίθινος	stone	of stone	NA28+NA27+Tyn+SBL+WH+Treg+TR+Byz	
3	3	20	NKO	ἀλλ᾽	all᾽	G0235	CONJ	ἀλλά	but	but	NA28+NA27+Tyn+SBL+WH+Treg+TR+Byz	
3	3	21	NKO	ἐν	en	G1722	PREP	ἐν	in/on/among	on	NA28+NA27+Tyn+SBL+WH+Treg+TR+Byz	
3	3	22	NKO	πλαξὶν	plaxin	G4109	N-DPF	πλάξ	tablet	tablets	NA28+NA27+Tyn+SBL+WH+Treg+TR+Byz	
3	3	23	N(K)O	καρδίαις	kardiais	G2588	N-DPF	καρδία	heart	of hearts	NA28+NA27+Tyn+SBL+WH+Treg+Byz	
3	3	24	NKO	σαρκίναις.¶	sarkinais	G4560	A-DPF	σάρκινος	fleshly	human.	NA28+NA27+Tyn+SBL+WH+Treg+TR+Byz	
3	4	1	NKO	Πεποίθησιν	Pepoithēsin	G4006	N-ASF	πεποίθησις	confidence	Confidence	NA28+NA27+Tyn+SBL+WH+Treg+TR+Byz	
3	4	2	NKO	δὲ	de	G1161	CONJ	δέ	but/and	now	NA28+NA27+Tyn+SBL+WH+Treg+TR+Byz	
3	4	3	NKO	τοιαύτην	toiautēn	G5108	D-ASF	τοιοῦτος	such as this	such	NA28+NA27+Tyn+SBL+WH+Treg+TR+Byz	
3	4	4	NKO	ἔχομεν	echomen	G2192	V-PAI-1P	ἔχω	to have/be	we have	NA28+NA27+Tyn+SBL+WH+Treg+TR+Byz	
3	4	5	NKO	διὰ	dia	G1223	PREP	διά	through/because of	through	NA28+NA27+Tyn+SBL+WH+Treg+TR+Byz	
3	4	6	NKO	τοῦ	tou	G3588	T-GSM	ὁ	the/this/who	<the>	NA28+NA27+Tyn+SBL+WH+Treg+TR+Byz	
3	4	7	NKO	Χριστοῦ	Christou	G5547	N-GSM-T	Χριστός	Christ	Christ	NA28+NA27+Tyn+SBL+WH+Treg+TR+Byz	
3	4	8	NKO	πρὸς	pros	G4314	PREP	πρός	to/with	toward	NA28+NA27+Tyn+SBL+WH+Treg+TR+Byz	
3	4	9	NKO	τὸν	ton	G3588	T-ASM	ὁ	the/this/who	<the>	NA28+NA27+Tyn+SBL+WH+Treg+TR+Byz	
3	4	10	NKO	θεόν·	theon	G2316	N-ASM-T	θεός	God	God;	NA28+NA27+Tyn+SBL+WH+Treg+TR+Byz	
3	5	1	NKO	οὐχ	ouch	G3756	PRT-N	οὐ	no	Not	NA28+NA27+Tyn+SBL+WH+Treg+TR+Byz	
3	5	2	NKO	ὅτι	hoti	G3754H	CONJ	ὅτι	that/since	for	NA28+NA27+Tyn+SBL+WH+Treg+TR+Byz	
3	5	3	NKO	ἀφ᾽	aph᾽	G0575	PREP	ἀπό	away from	from	NA28+NA27+Tyn+SBL+WH+Treg+TR»3+Byz»3	
3	5	4	NKO	ἑαυτῶν	he'autōn	G1438	F-1GPM	ἑαυτοῦ	my/your/him-self	ourselves	NA28+NA27+Tyn+SBL+WH+Treg+TR»2+Byz»2	
3	5	5	NKO	ἱκανοί	hikanoi	G2425	A-NPM	ἱκανός	sufficient	sufficient	NA28+NA27+Tyn+SBL+WH+Treg+TR+Byz	
3	5	6	NKO	ἐσμεν	esmen	G1510	V-PAI-1P	εἰμί	to be	we are	NA28+NA27+Tyn+SBL+WH+Treg+TR+Byz	
3	5	7	NKO	λογίσασθαί	logisasthai	G3049	V-AMN	λογίζομαι	to count	to reckon	NA28+NA27+Tyn+SBL+WH+Treg+TR+Byz	
3	5	8	NKO	τι	ti	G5100	X-ASN	τις	one	anything	NA28+NA27+Tyn+SBL+WH+Treg+TR+Byz	
3	5	9	NKO	ὡς	hōs	G5613	PRT	ὡς	which/how	as	NA28+NA27+Tyn+SBL+WH+Treg+TR+Byz	
3	5	10	NKO	ἐξ	ex	G1537	PREP	ἐκ	out from	of	NA28+NA27+Tyn+SBL+WH+Treg+TR+Byz	
3	5	11	NK(O)	ἑαυτῶν,	he'autōn	G1438	F-1GPM	ἑαυτοῦ	my/your/him-self	ourselves,	NA28+NA27+Tyn+TR+Byz	
3	5	12	NKO	ἀλλ᾽	all᾽	G0235	CONJ	ἀλλά	but	but	NA28+NA27+Tyn+SBL+WH+Treg+TR+Byz	
3	5	13	NKO	ἡ	hē	G3588	T-NSF	ὁ	the/this/who	the	NA28+NA27+Tyn+SBL+WH+Treg+TR+Byz	
3	5	14	NKO	ἱκανότης	hikanotēs	G2426	N-NSF	ἱκανότης	sufficiency	sufficiency	NA28+NA27+Tyn+SBL+WH+Treg+TR+Byz	
3	5	15	NKO	ἡμῶν	hēmōn	G3165	P-1GP	ἐγώ	I/we	of us	NA28+NA27+Tyn+SBL+WH+Treg+TR+Byz	
3	5	16	NKO	ἐκ	ek	G1537	PREP	ἐκ	out from	[is] of	NA28+NA27+Tyn+SBL+WH+Treg+TR+Byz	
3	5	17	NKO	τοῦ	tou	G3588	T-GSM	ὁ	the/this/who	<the>	NA28+NA27+Tyn+SBL+WH+Treg+TR+Byz	
3	5	18	NKO	θεοῦ,	theou	G2316	N-GSM-T	θεός	God	God,	NA28+NA27+Tyn+SBL+WH+Treg+TR+Byz	
3	6	1	NKO	ὃς	hos	G3739	R-NSM	ὅς, ἥ	which	who	NA28+NA27+Tyn+SBL+WH+Treg+TR+Byz	
3	6	2	NKO	καὶ	kai	G2532	CONJ	καί	and	also	NA28+NA27+Tyn+SBL+WH+Treg+TR+Byz	
3	6	3	NKO	ἱκάνωσεν	hikanōsen	G2427	V-AAI-3S	ἱκανόω	to qualify	has made competent	NA28+NA27+Tyn+SBL+WH+Treg+TR+Byz	
3	6	4	NKO	ἡμᾶς	hēmas	G3165	P-1AP	ἐγώ	I/we	us [as]	NA28+NA27+Tyn+SBL+WH+Treg+TR+Byz	
3	6	5	NKO	διακόνους	diakonous	G1249	N-APM	διάκονος	servant	ministers	NA28+NA27+Tyn+SBL+WH+Treg+TR+Byz	
3	6	6	NKO	καινῆς	kainēs	G2537	A-GSF	καινός	new	of a new	NA28+NA27+Tyn+SBL+WH+Treg+TR+Byz	
3	6	7	NKO	διαθήκης,	diathēkēs	G1242	N-GSF	διαθήκη	covenant	covenant,	NA28+NA27+Tyn+SBL+WH+Treg+TR+Byz	
3	6	8	NKO	οὐ	ou	G3756	PRT-N	οὐ	no	not	NA28+NA27+Tyn+SBL+WH+Treg+TR+Byz	
3	6	9	NKO	γράμματος	grammatos	G1121	N-GSN	γράμμα	something written	of [the] letter	NA28+NA27+Tyn+SBL+WH+Treg+TR+Byz	
3	6	10	NKO	ἀλλὰ	alla	G0235	CONJ	ἀλλά	but	but	NA28+NA27+Tyn+SBL+WH+Treg+TR+Byz	
3	6	11	NKO	πνεύματος·	pneumatos	G4151G	N-GSN	πνεῦμα	spirit/breath	of [the] Spirit;	NA28+NA27+Tyn+SBL+WH+Treg+TR+Byz	
3	6	12	NKO	τὸ	to	G3588	T-NSN	ὁ	the/this/who	the	NA28+NA27+Tyn+SBL+WH+Treg+TR+Byz	
3	6	13	NKO	γὰρ	gar	G1063	CONJ	γάρ	for	for	NA28+NA27+Tyn+SBL+WH+Treg+TR+Byz	
3	6	14	NKO	γράμμα	gramma	G1121	N-NSN	γράμμα	something written	letter	NA28+NA27+Tyn+SBL+WH+Treg+TR+Byz	
3	6	15	NKO	ἀποκτέννει,	apoktennei	G0615	V-PAI-3S	ἀποκτείνω	to kill	kills,	NA28+NA27+Tyn+SBL+WH+Treg+TR+Byz	
3	6	16	NKO	τὸ	to	G3588	T-NSN	ὁ	the/this/who	<the>	NA28+NA27+Tyn+SBL+WH+Treg+TR+Byz	
3	6	17	NKO	δὲ	de	G1161	CONJ	δέ	but/and	but	NA28+NA27+Tyn+SBL+WH+Treg+TR+Byz	
3	6	18	NKO	πνεῦμα	pneuma	G4151G	N-NSN	πνεῦμα	spirit/breath	the Spirit	NA28+NA27+Tyn+SBL+WH+Treg+TR+Byz	
3	6	19	NKO	ζῳοποιεῖ.	zōopoiei	G2227	V-PAI-3S	ζωοποιέω	to make alive	gives life.	NA28+NA27+Tyn+SBL+WH+Treg+TR+Byz	
3	7	1	NKO	εἰ	ei	G1487G	COND	εἰ	if	If	NA28+NA27+Tyn+SBL+WH+Treg+TR+Byz	
3	7	2	NKO	δὲ	de	G1161	CONJ	δέ	but/and	now	NA28+NA27+Tyn+SBL+WH+Treg+TR+Byz	
3	7	3	NKO	ἡ	hē	G3588	T-NSF	ὁ	the/this/who	the	NA28+NA27+Tyn+SBL+WH+Treg+TR+Byz	
3	7	4	NKO	διακονία	diakonia	G1248	N-NSF	διακονία	service	ministry	NA28+NA27+Tyn+SBL+WH+Treg+TR+Byz	
3	7	5	NKO	τοῦ	tou	G3588	T-GSM	ὁ	the/this/who	<the>	NA28+NA27+Tyn+SBL+WH+Treg+TR+Byz	
3	7	6	NKO	θανάτου	thanatou	G2288	N-GSM	θάνατος	death	of death	NA28+NA27+Tyn+SBL+WH+Treg+TR+Byz	
3	7	7	NKO	ἐν	en	G1722	PREP	ἐν	in/on/among	in	NA28+NA27+Tyn+SBL+WH+Treg+TR+Byz	
3	7	8	NK(o)	γράμμασιν	grammasin	G1121	N-DPN	γράμμα	something written	letters	NA28+NA27+Tyn+SBL+WH+TR+Byz	
3	7	9	NKO	ἐντετυπωμένη	entetupōmenē	G1795	V-RPP-NSF	ἐντυπόω	to engrave	engraved	NA28+NA27+Tyn+SBL+WH+Treg+TR+Byz	
3	7	10	k	ἐν	en	G1722	PREP	ἐν	in/on/among	in	TR+Byz	
3	7	11	NKO	λίθοις	lithois	G3037	N-DPM	λίθος	stone	stones	NA28+NA27+Tyn+SBL+WH+Treg+TR+Byz	
3	7	12	NKO	ἐγενήθη	egenēthē	G1096	V-2AOI-3S	γίνομαι	to be	was produced	NA28+NA27+Tyn+SBL+WH+Treg+TR+Byz	
3	7	13	NKO	ἐν	en	G1722	PREP	ἐν	in/on/among	in	NA28+NA27+Tyn+SBL+WH+Treg+TR+Byz	
3	7	14	NKO	δόξῃ,	doxē	G1391	N-DSF	δόξα	glory	glory,	NA28+NA27+Tyn+SBL+WH+Treg+TR+Byz	
3	7	15	NKO	ὥστε	hōste	G5620	CONJ	ὥστε	so	so as for	NA28+NA27+Tyn+SBL+WH+Treg+TR+Byz	
3	7	16	NKO	μὴ	mē	G3361	PRT-N	μή	not	not	NA28+NA27+Tyn+SBL+WH+Treg+TR+Byz	
3	7	17	NKO	δύνασθαι	dunasthai	G1410	V-PNN	δύναμαι	be able	to be able	NA28+NA27+Tyn+SBL+WH+Treg+TR+Byz	
3	7	18	NKO	ἀτενίσαι	atenisai	G0816	V-AAN	ἀτενίζω	to gaze	to look intently	NA28+NA27+Tyn+SBL+WH+Treg+TR+Byz	
3	7	19	NKO	τοὺς	tous	G3588	T-APM	ὁ	the/this/who	the	NA28+NA27+Tyn+SBL+WH+Treg+TR+Byz	
3	7	20	NKO	υἱοὺς	huious	G5207	N-APM	υἱός	son	sons	NA28+NA27+Tyn+SBL+WH+Treg+TR+Byz	
3	7	21	NKO	Ἰσραὴλ	Israēl	G2474	N-GSM-L	Ἰσραήλ	Israel	of Israel	NA28+NA27+Tyn+SBL+WH+Treg+TR+Byz	
3	7	22	NKO	εἰς	eis	G1519	PREP	εἰς	toward	into	NA28+NA27+Tyn+SBL+WH+Treg+TR+Byz	
3	7	23	NKO	τὸ	to	G3588	T-ASN	ὁ	the/this/who	the	NA28+NA27+Tyn+SBL+WH+Treg+TR+Byz	
3	7	24	NKO	πρόσωπον	prosōpon	G4383	N-ASN	πρόσωπον	face	face	NA28+NA27+Tyn+SBL+WH+Treg+TR+Byz	
3	7	25	NKO	Μωϋσέως	Mōuseōs	G3475	N-GSM-P	Μωϋσῆς, Μωσῆς	Moses	of Moses	NA28+NA27+Tyn+SBL+WH+Treg+TR+Byz	
3	7	26	NKO	διὰ	dia	G1223	PREP	διά	through/because of	on account of	NA28+NA27+Tyn+SBL+WH+Treg+TR+Byz	
3	7	27	NKO	τὴν	tēn	G3588	T-ASF	ὁ	the/this/who	the	NA28+NA27+Tyn+SBL+WH+Treg+TR+Byz	
3	7	28	NKO	δόξαν	doxan	G1391	N-ASF	δόξα	glory	glory	NA28+NA27+Tyn+SBL+WH+Treg+TR+Byz	
3	7	29	NKO	τοῦ	tou	G3588	T-GSN	ὁ	the/this/who	of the	NA28+NA27+Tyn+SBL+WH+Treg+TR+Byz	
3	7	30	NKO	προσώπου	prosōpou	G4383	N-GSN	πρόσωπον	face	face	NA28+NA27+Tyn+SBL+WH+Treg+TR+Byz	
3	7	31	NKO	αὐτοῦ	autou	G0846	P-GSM	αὐτός	he/she/it/self	of him	NA28+NA27+Tyn+SBL+WH+Treg+TR+Byz	
3	7	32	NKO	τὴν	tēn	G3588	T-ASF	ὁ	the/this/who	which	NA28+NA27+Tyn+SBL+WH+Treg+TR+Byz	
3	7	33	NKO	καταργουμένην,	katargoumenēn	G2673	V-PPP-ASF	καταργέω	to abate	is fading,	NA28+NA27+Tyn+SBL+WH+Treg+TR+Byz	
3	8	1	NKO	πῶς	pōs	G4459	PRT-I	πως	how?!	how	NA28+NA27+Tyn+SBL+WH+Treg+TR+Byz	
3	8	2	NKO	οὐχὶ	ouchi	G3780	PRT-N	οὐχί	not	surely	NA28+NA27+Tyn+SBL+WH+Treg+TR+Byz	
3	8	3	NKO	μᾶλλον	mallon	G3123G	ADV	μᾶλλον	more	more	NA28+NA27+Tyn+SBL+WH+Treg+TR+Byz	
3	8	4	NKO	ἡ	hē	G3588	T-NSF	ὁ	the/this/who	the	NA28+NA27+Tyn+SBL+WH+Treg+TR+Byz	
3	8	5	NKO	διακονία	diakonia	G1248	N-NSF	διακονία	service	ministry	NA28+NA27+Tyn+SBL+WH+Treg+TR+Byz	
3	8	6	NKO	τοῦ	tou	G3588	T-GSN	ὁ	the/this/who	of the	NA28+NA27+Tyn+SBL+WH+Treg+TR+Byz	
3	8	7	NKO	πνεύματος	pneumatos	G4151G	N-GSN	πνεῦμα	spirit/breath	Spirit	NA28+NA27+Tyn+SBL+WH+Treg+TR+Byz	
3	8	8	NKO	ἔσται	estai	G1510	V-FDI-3S	εἰμί	to be	will be	NA28+NA27+Tyn+SBL+WH+Treg+TR+Byz	
3	8	9	NKO	ἐν	en	G1722	PREP	ἐν	in/on/among	in	NA28+NA27+Tyn+SBL+WH+Treg+TR+Byz	
3	8	10	NKO	δόξῃ;	doxē	G1391	N-DSF	δόξα	glory	glory?	NA28+NA27+Tyn+SBL+WH+Treg+TR+Byz	
3	9	1	NKO	εἰ	ei	G1487G	COND	εἰ	if	If	NA28+NA27+Tyn+SBL+WH+Treg+TR+Byz	
3	9	2	NKO	γὰρ	gar	G1063	CONJ	γάρ	for	for	NA28+NA27+Tyn+SBL+WH+Treg+TR+Byz	
3	9	3	N(k)O	τῇ	tēa	G3588	T-DSF	ὁ	the/this/who	to the	NA28+NA27+Tyn+SBL+Treg	
3	9	4	NKO	διακονίᾳ	diakonia	G1248	N-DSF	διακονία	service	ministry	NA28+NA27+Tyn+SBL+WH+Treg+TR+Byz	
3	9	5	NKO	τῆς	tēs	G3588	T-GSF	ὁ	the/this/who	<the>	NA28+NA27+Tyn+SBL+WH+Treg+TR+Byz	
3	9	6	NKO	κατακρίσεως	katakriseōs	G2633	N-GSF	κατάκρισις	condemnation	of condemnation [was]	NA28+NA27+Tyn+SBL+WH+Treg+TR+Byz	
3	9	7	NKO	δόξα,	doxa	G1391	N-NSF	δόξα	glory	glory,	NA28+NA27+Tyn+SBL+WH+Treg+TR+Byz	
3	9	8	NKO	πολλῷ	pollō	G4183	A-DSN	πολύς	much	much	NA28+NA27+Tyn+SBL+WH+Treg+TR+Byz	
3	9	9	NKO	μᾶλλον	mallon	G3123G	ADV	μᾶλλον	more	more	NA28+NA27+Tyn+SBL+WH+Treg+TR+Byz	
3	9	10	NKO	περισσεύει	perisseuei	G4052	V-PAI-3S	περισσεύω	to abound/exceed	abounds	NA28+NA27+Tyn+SBL+WH+Treg+TR+Byz	
3	9	11	NKO	ἡ	hē	G3588	T-NSF	ὁ	the/this/who	the	NA28+NA27+Tyn+SBL+WH+Treg+TR+Byz	
3	9	12	NKO	διακονία	diakonia	G1248	N-NSF	διακονία	service	ministry	NA28+NA27+Tyn+SBL+WH+Treg+TR+Byz	
3	9	13	NKO	τῆς	tēs	G3588	T-GSF	ὁ	the/this/who	<the>	NA28+NA27+Tyn+SBL+WH+Treg+TR+Byz	
3	9	14	NKO	δικαιοσύνης	dikaiosunēs	G1343	N-GSF	δικαιοσύνη	righteousness	of righteousness	NA28+NA27+Tyn+SBL+WH+Treg+TR+Byz	
3	9	15	k	ἐν	en	G1722	PREP	ἐν	in/on/among	in	TR+Byz	
3	9	16	NKO	δόξῃ.	doxē	G1391	N-DSF	δόξα	glory	glory!	NA28+NA27+Tyn+SBL+WH+Treg+TR+Byz	
3	10	1	NKO	καὶ	kai	G2532	CONJ	καί	and	Even	NA28+NA27+Tyn+SBL+WH+Treg+TR+Byz	
3	10	2	NKO	γὰρ	gar	G1063	CONJ	γάρ	for	for	NA28+NA27+Tyn+SBL+WH+Treg+TR+Byz	
3	10	3	N(k)O	οὐ	ou	G3756	PRT-N	οὐ	no	not	NA28+NA27+Tyn+SBL+WH+Treg+Byz	
3	10	4	NKO	δεδόξασται	dedoxastai	G1392	V-RPI-3S	δοξάζω	to glorify	has been glorified	NA28+NA27+Tyn+SBL+WH+Treg+TR+Byz	
3	10	5	NKO	τὸ	to	G3588	T-NSN	ὁ	the/this/who	that	NA28+NA27+Tyn+SBL+WH+Treg+TR+Byz	
3	10	6	NKO	δεδοξασμένον	dedoxasmenon	G1392	V-RPP-NSN	δοξάζω	to glorify	glorified	NA28+NA27+Tyn+SBL+WH+Treg+TR+Byz	
3	10	7	NKO	ἐν	en	G1722	PREP	ἐν	in/on/among	in	NA28+NA27+Tyn+SBL+WH+Treg+TR+Byz	
3	10	8	NKO	τούτῳ	toutō	G3778	D-DSN	οὗτος	this/he/she/it	this	NA28+NA27+Tyn+SBL+WH+Treg+TR+Byz	
3	10	9	NKO	τῷ	tō	G3588	T-DSN	ὁ	the/this/who	<the>	NA28+NA27+Tyn+SBL+WH+Treg+TR+Byz	
3	10	10	NKO	μέρει	merei	G3313	N-DSN	μέρος	part	respect	NA28+NA27+Tyn+SBL+WH+Treg+TR+Byz	
3	10	11	NKO	εἵνεκεν	eineken	G1752	PREP	ἕνεκα, εἵνεκεν	because of	on account of	NA28+NA27+Tyn+SBL+WH+Treg+TR+Byz	
3	10	12	NKO	τῆς	tēs	G3588	T-GSF	ὁ	the/this/who	the	NA28+NA27+Tyn+SBL+WH+Treg+TR+Byz	
3	10	13	NKO	ὑπερβαλλούσης	huperballousēs	G5235	V-PAP-GSF	ὑπερβάλλω	to surpass	surpassing [it]	NA28+NA27+Tyn+SBL+WH+Treg+TR+Byz	
3	10	14	NKO	δόξης.	doxēs	G1391	N-GSF	δόξα	glory	glory.	NA28+NA27+Tyn+SBL+WH+Treg+TR+Byz	
3	11	1	NKO	εἰ	ei	G1487G	COND	εἰ	if	If	NA28+NA27+Tyn+SBL+WH+Treg+TR+Byz	
3	11	2	NKO	γὰρ	gar	G1063	CONJ	γάρ	for	for	NA28+NA27+Tyn+SBL+WH+Treg+TR+Byz	
3	11	3	NKO	τὸ	to	G3588	T-NSN	ὁ	the/this/who	that which	NA28+NA27+Tyn+SBL+WH+Treg+TR+Byz	
3	11	4	NKO	καταργούμενον	katargoumenon	G2673	V-PPP-NSN	καταργέω	to abate	is fading away	NA28+NA27+Tyn+SBL+WH+Treg+TR+Byz	
3	11	5	NKO	διὰ	dia	G1223	PREP	διά	through/because of	[was] through	NA28+NA27+Tyn+SBL+WH+Treg+TR+Byz	
3	11	6	NKO	δόξης,	doxēs	G1391	N-GSF	δόξα	glory	glory,	NA28+NA27+Tyn+SBL+WH+Treg+TR+Byz	
3	11	7	NKO	πολλῷ	pollō	G4183	A-DSN	πολύς	much	much	NA28+NA27+Tyn+SBL+WH+Treg+TR+Byz	
3	11	8	NKO	μᾶλλον	mallon	G3123G	ADV	μᾶλλον	more	more [is]	NA28+NA27+Tyn+SBL+WH+Treg+TR+Byz	
3	11	9	NKO	τὸ	to	G3588	T-NSN	ὁ	the/this/who	that	NA28+NA27+Tyn+SBL+WH+Treg+TR+Byz	
3	11	10	NKO	μένον	menon	G3306	V-PAP-NSN	μένω	to stay	remaining	NA28+NA27+Tyn+SBL+WH+Treg+TR+Byz	
3	11	11	NKO	ἐν	en	G1722	PREP	ἐν	in/on/among	in	NA28+NA27+Tyn+SBL+WH+Treg+TR+Byz	
3	11	12	NKO	δόξῃ.¶	doxē	G1391	N-DSF	δόξα	glory	glory!	NA28+NA27+Tyn+SBL+WH+Treg+TR+Byz	
3	12	1	NKO	Ἔχοντες	Echontes	G2192	V-PAP-NPM	ἔχω	to have/be	Having	NA28+NA27+Tyn+SBL+WH+Treg+TR+Byz	
3	12	2	NKO	οὖν	oun	G3767	CONJ	οὖν	therefore/then	therefore	NA28+NA27+Tyn+SBL+WH+Treg+TR+Byz	
3	12	3	NKO	τοιαύτην	toiautēn	G5108	D-ASF	τοιοῦτος	such as this	such	NA28+NA27+Tyn+SBL+WH+Treg+TR+Byz	
3	12	4	NKO	ἐλπίδα	elpida	G1680	N-ASF	ἐλπίς	hope	hope	NA28+NA27+Tyn+SBL+WH+Treg+TR+Byz	
3	12	5	NKO	πολλῇ	pollēa	G4183	A-DSF	πολύς	much	great	NA28+NA27+Tyn+SBL+WH+Treg+TR+Byz	
3	12	6	NKO	παρρησίᾳ	parrēsia	G3954	N-DSF	παρρησία	boldness	boldness	NA28+NA27+Tyn+SBL+WH+Treg+TR+Byz	
3	12	7	NKO	χρώμεθα,	chrōmetha	G5530	V-PNI-1P	χράω	to use	we use,	NA28+NA27+Tyn+SBL+WH+Treg+TR+Byz	
3	13	1	NKO	καὶ	kai	G2532	CONJ	καί	and	and	NA28+NA27+Tyn+SBL+WH+Treg+TR+Byz	
3	13	2	NKO	οὐ	ou	G3756	PRT-N	οὐ	no	not	NA28+NA27+Tyn+SBL+WH+Treg+TR+Byz	
3	13	3	NKO	καθάπερ	kathaper	G2509	CONJ	καθάπερ	just as	as	NA28+NA27+Tyn+SBL+WH+Treg+TR+Byz	
3	13	4	NKO	Μωϋσῆς	Mōusēs	G3475	N-NSM-P	Μωϋσῆς, Μωσῆς	Moses	Moses	NA28+NA27+Tyn+SBL+WH+Treg+TR+Byz	
3	13	5	NKO	ἐτίθει	etithei	G5087	V-IAI-3S	τίθημι	to place	was putting	NA28+NA27+Tyn+SBL+WH+Treg+TR+Byz	
3	13	6	NKO	κάλυμμα	kalumma	G2571	N-ASN	κάλυμμα	veil	a veil	NA28+NA27+Tyn+SBL+WH+Treg+TR+Byz	
3	13	7	NKO	ἐπὶ	epi	G1909	PREP	ἐπί	upon/to/against	over	NA28+NA27+Tyn+SBL+WH+Treg+TR+Byz	
3	13	8	NKO	τὸ	to	G3588	T-ASN	ὁ	the/this/who	the	NA28+NA27+Tyn+SBL+WH+Treg+TR+Byz	
3	13	9	NKO	πρόσωπον	prosōpon	G4383	N-ASN	πρόσωπον	face	face	NA28+NA27+Tyn+SBL+WH+Treg+TR+Byz	
3	13	10	N(k)O	αὐτοῦ	autou	G0846	P-GSM	αὐτός	he/she/it/self	of himself	NA28+NA27+Tyn+SBL+WH+Treg	
3	13	11	NKO	πρὸς	pros	G4314	PREP	πρός	to/with	for	NA28+NA27+Tyn+SBL+WH+Treg+TR+Byz	
3	13	12	NKO	τὸ	to	G3588	T-ASN	ὁ	the/this/who	<the>	NA28+NA27+Tyn+SBL+WH+Treg+TR+Byz	
3	13	13	NKO	μὴ	mē	G3361	PRT-N	μή	not	not	NA28+NA27+Tyn+SBL+WH+Treg+TR+Byz	
3	13	14	NKO	ἀτενίσαι	atenisai	G0816	V-AAN	ἀτενίζω	to gaze	to look intently	NA28+NA27+Tyn+SBL+WH+Treg+TR+Byz	
3	13	15	NKO	τοὺς	tous	G3588	T-APM	ὁ	the/this/who	the	NA28+NA27+Tyn+SBL+WH+Treg+TR+Byz	
3	13	16	NKO	υἱοὺς	huious	G5207	N-APM	υἱός	son	sons	NA28+NA27+Tyn+SBL+WH+Treg+TR+Byz	
3	13	17	NKO	Ἰσραὴλ	Israēl	G2474	N-GSM-L	Ἰσραήλ	Israel	of Israel	NA28+NA27+Tyn+SBL+WH+Treg+TR+Byz	
3	13	18	NKO	εἰς	eis	G1519	PREP	εἰς	toward	into	NA28+NA27+Tyn+SBL+WH+Treg+TR+Byz	
3	13	19	NKO	τὸ	to	G3588	T-ASN	ὁ	the/this/who	the	NA28+NA27+Tyn+SBL+WH+Treg+TR+Byz	
3	13	20	NKO	τέλος	telos	G5056	N-ASN	τέλος	goal/tax	end	NA28+NA27+Tyn+SBL+WH+Treg+TR+Byz	
3	13	21	NKO	τοῦ	tou	G3588	T-GSN	ὁ	the/this/who	of that	NA28+NA27+Tyn+SBL+WH+Treg+TR+Byz	
3	13	22	NKO	καταργουμένου·	katargoumenou	G2673	V-PPP-GSN	καταργέω	to abate	fading away;	NA28+NA27+Tyn+SBL+WH+Treg+TR+Byz	
3	14	1	NKO	ἀλλ᾽	all᾽	G0235	CONJ	ἀλλά	but	But	NA28+NA27+Tyn+SBL+WH+Treg+TR+Byz	
3	14	2	NKO	ἐπωρώθη	epōrōthē	G4456	V-API-3S	πωρόω	to harden	were hardened	NA28+NA27+Tyn+SBL+WH+Treg+TR+Byz	
3	14	3	NKO	τὰ	ta	G3588	T-NPN	ὁ	the/this/who	the	NA28+NA27+Tyn+SBL+WH+Treg+TR+Byz	
3	14	4	NKO	νοήματα	noēmata	G3540	N-NPN	νόημα	mind/thought	minds	NA28+NA27+Tyn+SBL+WH+Treg+TR+Byz	
3	14	5	NKO	αὐτῶν.	autōn	G0846	P-GPM	αὐτός	he/she/it/self	of them.	NA28+NA27+Tyn+SBL+WH+Treg+TR+Byz	
3	14	6	NKO	ἄχρι	achri	G0891	PREP	ἄχρι	until	Until	NA28+NA27+Tyn+SBL+WH+Treg+TR+Byz	
3	14	7	NKO	γὰρ	gar	G1063	CONJ	γάρ	for	for	NA28+NA27+Tyn+SBL+WH+Treg+TR+Byz	
3	14	8	NKO	τῆς	tēs	G3588	T-GSF	ὁ	the/this/who	the	NA28+NA27+Tyn+SBL+WH+Treg+TR+Byz	
3	14	9	NKO	σήμερον	sēmeron	G4594	ADV	σήμερον	today	present	NA28+NA27+Tyn+SBL+WH+Treg+TR+Byz	
3	14	10	no	ἡμέρας	hēmeras	G2250	N-GSF	ἡμέρα	day	day	NA28+NA27+Tyn+SBL+WH+Treg	
3	14	11	NKO	τὸ	to	G3588	T-NSN	ὁ	the/this/who	the	NA28+NA27+Tyn+SBL+WH+Treg+TR+Byz	
3	14	12	NKO	αὐτὸ	auto	G0846	P-NSN	αὐτός	he/she/it/self	same	NA28+NA27+Tyn+SBL+WH+Treg+TR+Byz	
3	14	13	NKO	κάλυμμα	kalumma	G2571	N-NSN	κάλυμμα	veil	veil	NA28+NA27+Tyn+SBL+WH+Treg+TR+Byz	
3	14	14	NKO	ἐπὶ	epi	G1909	PREP	ἐπί	upon/to/against	at	NA28+NA27+Tyn+SBL+WH+Treg+TR+Byz	
3	14	15	NKO	τῇ	tēa	G3588	T-DSF	ὁ	the/this/who	the	NA28+NA27+Tyn+SBL+WH+Treg+TR+Byz	
3	14	16	NKO	ἀναγνώσει	anagnōsei	G0320	N-DSF	ἀνάγνωσις	reading	reading	NA28+NA27+Tyn+SBL+WH+Treg+TR+Byz	
3	14	17	NKO	τῆς	tēs	G3588	T-GSF	ὁ	the/this/who	of the	NA28+NA27+Tyn+SBL+WH+Treg+TR+Byz	
3	14	18	NKO	παλαιᾶς	palaias	G3820	A-GSF	παλαιός	old	old	NA28+NA27+Tyn+SBL+WH+Treg+TR+Byz	
3	14	19	NKO	διαθήκης	diathēkēs	G1242	N-GSF	διαθήκη	covenant	covenant	NA28+NA27+Tyn+SBL+WH+Treg+TR+Byz	
3	14	20	NKO	μένει	menei	G3306	V-PAI-3S	μένω	to stay	remains	NA28+NA27+Tyn+SBL+WH+Treg+TR+Byz	
3	14	21	NKO	μὴ	mē	G3361	PRT-N	μή	not	not	NA28+NA27+Tyn+SBL+WH+Treg+TR+Byz	
3	14	22	NKO	ἀνακαλυπτόμενον,	anakaluptomenon	G0343	V-PPP-NSN	ἀνακαλύπτω	to unveil	being lifted,	NA28+NA27+Tyn+SBL+WH+Treg+TR+Byz	
3	14	23	N(k)O	ὅτι	hoti	G3754H	CONJ	ὅτι	that/since	for	NA28+NA27+Tyn+SBL+WH+Treg	
3	14	24	NKO	ἐν	en	G1722	PREP	ἐν	in/on/among	in	NA28+NA27+Tyn+SBL+WH+Treg+TR+Byz	
3	14	25	NKO	Χριστῷ	Christō	G5547	N-DSM-T	Χριστός	Christ	Christ	NA28+NA27+Tyn+SBL+WH+Treg+TR+Byz	
3	14	26	NKO	καταργεῖται,	katargeitai	G2673	V-PPI-3S	καταργέω	to abate	is being removed,	NA28+NA27+Tyn+SBL+WH+Treg+TR+Byz	
3	15	1	NKO	ἀλλ᾽	all᾽	G0235	CONJ	ἀλλά	but	But	NA28+NA27+Tyn+SBL+WH+Treg+TR+Byz	
3	15	2	NKO	ἕως	he'ōs	G2193	PREP	ἕως	until	unto	NA28+NA27+Tyn+SBL+WH+Treg+TR+Byz	
3	15	3	NKO	σήμερον	sēmeron	G4594	ADV	σήμερον	today	this day	NA28+NA27+Tyn+SBL+WH+Treg+TR+Byz	
3	15	4	NKO	ἡνίκα	hēnika	G2259	CONJ	ἡνίκα	when	when	NA28+NA27+Tyn+SBL+WH+Treg+TR+Byz	
3	15	5	no	ἂν	an	G0302	PRT	ἄν	if	ever	NA28+NA27+Tyn+SBL+WH+Treg	
3	15	6	N(k)O	ἀναγινώσκηται	anaginōskētai	G0314	V-PPS-3S	ἀναγινώσκω	to read	may be read	NA28+NA27+Tyn+SBL+WH+Treg	
3	15	7	NKO	Μωϋσῆς,	Mōusēs	G3475	N-NSM-P	Μωϋσῆς, Μωσῆς	Moses	Moses,	NA28+NA27+Tyn+SBL+WH+Treg+TR+Byz	
3	15	8	NKO	κάλυμμα	kalumma	G2571	N-NSN	κάλυμμα	veil	a veil	NA28+NA27+Tyn+SBL+WH+Treg+TR+Byz	
3	15	9	NKO	ἐπὶ	epi	G1909	PREP	ἐπί	upon/to/against	over	NA28+NA27+Tyn+SBL+WH+Treg+TR+Byz	
3	15	10	NKO	τὴν	tēn	G3588	T-ASF	ὁ	the/this/who	the	NA28+NA27+Tyn+SBL+WH+Treg+TR+Byz	
3	15	11	NKO	καρδίαν	kardian	G2588	N-ASF	καρδία	heart	heart	NA28+NA27+Tyn+SBL+WH+Treg+TR+Byz	
3	15	12	NKO	αὐτῶν	autōn	G0846	P-GPM	αὐτός	he/she/it/self	of them	NA28+NA27+Tyn+SBL+WH+Treg+TR+Byz	
3	15	13	NKO	κεῖται·	keitai	G2749	V-PNI-3S	κεῖμαι	to lay/be appointed	lies;	NA28+NA27+Tyn+SBL+WH+Treg+TR+Byz	
3	16	1	NKO	ἡνίκα	hēnika	G2259	CONJ	ἡνίκα	when	When	NA28+NA27+Tyn+SBL+WH+Treg+TR+Byz	
3	16	2	NKO	δὲ	de	G1161	CONJ	δέ	but/and	however	NA28+NA27+Tyn+SBL+WH+Treg+TR+Byz	
3	16	3	N(k)O	ἐὰν	ean	G1437	COND	ἐάν	if	ever	NA28+NA27+SBL+WH	
3	16	4	NKO	ἐπιστρέψῃ	epistrepsē	G1994	V-AAS-3S	ἐπιστρέφω	to turn	[one] shall have turned	NA28+NA27+Tyn+SBL+WH+Treg+TR+Byz	
3	16	5	NKO	πρὸς	pros	G4314	PREP	πρός	to/with	to	NA28+NA27+Tyn+SBL+WH+Treg+TR+Byz	
3	16	6	NKO	κύριον,	kurion	G2962G	N-ASM-T	κύριος	lord	[the] Lord,	NA28+NA27+Tyn+SBL+WH+Treg+TR+Byz	
3	16	7	NKO	περιαιρεῖται	periaireitai	G4014	V-PPI-3S	περιαιρέω	to take away	is taken away	NA28+NA27+Tyn+SBL+WH+Treg+TR+Byz	
3	16	8	NKO	τὸ	to	G3588	T-NSN	ὁ	the/this/who	the	NA28+NA27+Tyn+SBL+WH+Treg+TR+Byz	
3	16	9	NKO	κάλυμμα.	kalumma	G2571	N-NSN	κάλυμμα	veil	veil.	NA28+NA27+Tyn+SBL+WH+Treg+TR+Byz	
3	17	1	NKO	ὁ	ho	G3588	T-NSM	ὁ	the/this/who	The	NA28+NA27+Tyn+SBL+WH+Treg+TR+Byz	
3	17	2	NKO	δὲ	de	G1161	CONJ	δέ	but/and	now	NA28+NA27+Tyn+SBL+WH+Treg+TR+Byz	
3	17	3	NKO	κύριος	kurios	G2962G	N-NSM-T	κύριος	lord	Lord	NA28+NA27+Tyn+SBL+WH+Treg+TR+Byz	
3	17	4	NKO	τὸ	to	G3588	T-NSN	ὁ	the/this/who	the	NA28+NA27+Tyn+SBL+WH+Treg+TR+Byz	
3	17	5	NKO	πνεῦμά	pneuma	G4151G	N-NSN	πνεῦμα	spirit/breath	Spirit	NA28+NA27+Tyn+SBL+WH+Treg+TR+Byz	
3	17	6	NKO	ἐστιν·	estin	G1510	V-PAI-3S	εἰμί	to be	is;	NA28+NA27+Tyn+SBL+WH+Treg+TR+Byz	
3	17	7	NKO	οὗ	hou	G3757	ADV	οὗ	whither	where	NA28+NA27+Tyn+SBL+WH+Treg+TR+Byz	
3	17	8	NKO	δὲ	de	G1161	CONJ	δέ	but/and	now	NA28+NA27+Tyn+SBL+WH+Treg+TR+Byz	
3	17	9	NKO	τὸ	to	G3588	T-NSN	ὁ	the/this/who	the	NA28+NA27+Tyn+SBL+WH+Treg+TR+Byz	
3	17	10	NKO	πνεῦμα	pneuma	G4151G	N-NSN	πνεῦμα	spirit/breath	Spirit	NA28+NA27+Tyn+SBL+WH+Treg+TR+Byz	
3	17	11	NKO	κυρίου	kuriou	G2962G	N-GSM-T	κύριος	lord	of [the] Lord [is]	NA28+NA27+Tyn+SBL+WH+Treg+TR+Byz	
3	17	12	k	ἐκεῖ,	ekei	G1563	ADV	ἐκεῖ	there	there	TR+Byz	
3	17	13	NKO	ἐλευθερία.	eleutheria	G1657	N-NSF	ἐλευθερία	freedom	[is] freedom.	NA28+NA27+Tyn+SBL+WH+Treg+TR+Byz	
3	18	1	NKO	ἡμεῖς	hēmeis	G3165	P-1NP	ἐγώ	I/we	We ourselves	NA28+NA27+Tyn+SBL+WH+Treg+TR+Byz	
3	18	2	NKO	δὲ	de	G1161	CONJ	δέ	but/and	now	NA28+NA27+Tyn+SBL+WH+Treg+TR+Byz	
3	18	3	NKO	πάντες	pantes	G3956	A-NPM	πᾶς	all	all	NA28+NA27+Tyn+SBL+WH+Treg+TR+Byz	
3	18	4	NKO	ἀνακεκαλυμμένῳ	anakekalummenō	G0343	V-RPP-DSN	ἀνακαλύπτω	to unveil	unveiled	NA28+NA27+Tyn+SBL+WH+Treg+TR+Byz	
3	18	5	NKO	προσώπῳ	prosōpō	G4383	N-DSN	πρόσωπον	face	in face	NA28+NA27+Tyn+SBL+WH+Treg+TR+Byz	
3	18	6	NKO	τὴν	tēn	G3588	T-ASF	ὁ	the/this/who	the	NA28+NA27+Tyn+SBL+WH+Treg+TR+Byz	
3	18	7	NKO	δόξαν	doxan	G1391	N-ASF	δόξα	glory	glory	NA28+NA27+Tyn+SBL+WH+Treg+TR+Byz	
3	18	8	NKO	κυρίου	kuriou	G2962G	N-GSM-T	κύριος	lord	of [the] Lord	NA28+NA27+Tyn+SBL+WH+Treg+TR+Byz	
3	18	9	NKO	κατοπτριζόμενοι,	katoptrizomenoi	G2734	V-PMP-NPM	κατοπτρίζω	to reflect	beholding as in a mirror,	NA28+NA27+Tyn+SBL+WH+Treg+TR+Byz	
3	18	10	NKO	τὴν	tēn	G3588	T-ASF	ὁ	the/this/who	the	NA28+NA27+Tyn+SBL+WH+Treg+TR+Byz	
3	18	11	NKO	αὐτὴν	autēn	G0846	P-ASF	αὐτός	he/she/it/self	same	NA28+NA27+Tyn+SBL+WH+Treg+TR+Byz	
3	18	12	NKO	εἰκόνα	eikona	G1504	N-ASF	εἰκών	image	image	NA28+NA27+Tyn+SBL+WH+Treg+TR+Byz	
3	18	13	NKO	μεταμορφούμεθα	metamorphoumetha	G3339	V-PPI-1P	μεταμορφόω	to transform	are being transformed into	NA28+NA27+Tyn+SBL+WH+Treg+TR+Byz	
3	18	14	NKO	ἀπὸ	apo	G0575	PREP	ἀπό	away from	from	NA28+NA27+Tyn+SBL+WH+Treg+TR+Byz	
3	18	15	NKO	δόξης	doxēs	G1391	N-GSF	δόξα	glory	glory	NA28+NA27+Tyn+SBL+WH+Treg+TR+Byz	
3	18	16	NKO	εἰς	eis	G1519	PREP	εἰς	toward	to	NA28+NA27+Tyn+SBL+WH+Treg+TR+Byz	
3	18	17	NKO	δόξαν	doxan	G1391	N-ASF	δόξα	glory	glory	NA28+NA27+Tyn+SBL+WH+Treg+TR+Byz	
3	18	18	NKO	καθάπερ	kathaper	G2509	CONJ	καθάπερ	just as	even as	NA28+NA27+Tyn+SBL+WH+Treg+TR+Byz	
3	18	19	NKO	ἀπὸ	apo	G0575	PREP	ἀπό	away from	from	NA28+NA27+Tyn+SBL+WH+Treg+TR+Byz	
3	18	20	NKO	κυρίου	kuriou	G2962G	N-GSM-T	κύριος	lord	[the] Lord	NA28+NA27+Tyn+SBL+WH+Treg+TR+Byz	
3	18	21	NKO	πνεύματος.¶	pneumatos	G4151G	N-GSN	πνεῦμα	spirit/breath	[the] Spirit.	NA28+NA27+Tyn+SBL+WH+Treg+TR+Byz	
4	1	1	NKO	Διὰ	Dia	G1223	PREP	διά	through/because of	Because of	NA28+NA27+Tyn+SBL+WH+Treg+TR+Byz	
4	1	2	NKO	τοῦτο	touto	G3778	D-ASN	οὗτος	this/he/she/it	this	NA28+NA27+Tyn+SBL+WH+Treg+TR+Byz	
4	1	3	NKO	ἔχοντες	echontes	G2192	V-PAP-NPM	ἔχω	to have/be	having	NA28+NA27+Tyn+SBL+WH+Treg+TR+Byz	
4	1	4	NKO	τὴν	tēn	G3588	T-ASF	ὁ	the/this/who	<the>	NA28+NA27+Tyn+SBL+WH+Treg+TR+Byz	
4	1	5	NKO	διακονίαν	diakonian	G1248	N-ASF	διακονία	service	ministry	NA28+NA27+Tyn+SBL+WH+Treg+TR+Byz	
4	1	6	NKO	ταύτην	tautēn	G3778	D-ASF	οὗτος	this/he/she/it	this	NA28+NA27+Tyn+SBL+WH+Treg+TR+Byz	
4	1	7	NKO	καθὼς	kathōs	G2531	CONJ	καθώς	as/just as	even as	NA28+NA27+Tyn+SBL+WH+Treg+TR+Byz	
4	1	8	NKO	ἠλεήθημεν,	ēleēthēmen	G1653	V-API-1P	ἐλεέω, ἐλεάω	to have mercy	we received mercy,	NA28+NA27+Tyn+SBL+WH+Treg+TR+Byz	
4	1	9	NKO	οὐκ	ouk	G3756	PRT-N	οὐ	no	not	NA28+NA27+Tyn+SBL+WH+Treg+TR+Byz	
4	1	10	NKO	ἐγκακοῦμεν,	egkakoumen	G1573	V-PAI-1P	ἐκκακέω	to lose heart	we lose heart,	NA28+NA27+Tyn+SBL+WH+Treg+TR+Byz	
4	2	1	NKO	ἀλλ᾽	all᾽	G0235	CONJ	ἀλλά	but	But	NA28+NA27+Tyn+SBL+WH+Treg+TR+Byz	
4	2	2	NKO	ἀπειπάμεθα	apeipametha	G0550	V-2AMI-1P	ἀπεῖπον	to renounce	we have renounced	NA28+NA27+Tyn+SBL+WH+Treg+TR+Byz	
4	2	3	NKO	τὰ	ta	G3588	T-APN	ὁ	the/this/who	the	NA28+NA27+Tyn+SBL+WH+Treg+TR+Byz	
4	2	4	NKO	κρυπτὰ	krupta	G2927	A-APN	κρυπτός	hidden	hidden things	NA28+NA27+Tyn+SBL+WH+Treg+TR+Byz	
4	2	5	NKO	τῆς	tēs	G3588	T-GSF	ὁ	the/this/who	<the>	NA28+NA27+Tyn+SBL+WH+Treg+TR+Byz	
4	2	6	NKO	αἰσχύνης	aischunēs	G0152	N-GSF	αἰσχύνη	shame	of shame	NA28+NA27+Tyn+SBL+WH+Treg+TR+Byz	
4	2	7	NKO	μὴ	mē	G3361	PRT-N	μή	not	not	NA28+NA27+Tyn+SBL+WH+Treg+TR+Byz	
4	2	8	NKO	περιπατοῦντες	peripatountes	G4043	V-PAP-NPM	περιπατέω	to walk	walking	NA28+NA27+Tyn+SBL+WH+Treg+TR+Byz	
4	2	9	NKO	ἐν	en	G1722	PREP	ἐν	in/on/among	in	NA28+NA27+Tyn+SBL+WH+Treg+TR+Byz	
4	2	10	NKO	πανουργίᾳ,	panourgia	G3834	N-DSF	πανουργία	craftiness	craftiness	NA28+NA27+Tyn+SBL+WH+Treg+TR+Byz	
4	2	11	NKO	μηδὲ	mēde	G3366	CONJ-N	μηδέ	nor	nor	NA28+NA27+Tyn+SBL+WH+Treg+TR+Byz	
4	2	12	NKO	δολοῦντες	dolountes	G1389	V-PAP-NPM	δολόω	to distort	falsifying	NA28+NA27+Tyn+SBL+WH+Treg+TR+Byz	
4	2	13	NKO	τὸν	ton	G3588	T-ASM	ὁ	the/this/who	the	NA28+NA27+Tyn+SBL+WH+Treg+TR+Byz	
4	2	14	NKO	λόγον	logon	G3056	N-ASM	λόγος	word	word	NA28+NA27+Tyn+SBL+WH+Treg+TR+Byz	
4	2	15	NKO	τοῦ	tou	G3588	T-GSM	ὁ	the/this/who	<the>	NA28+NA27+Tyn+SBL+WH+Treg+TR+Byz	
4	2	16	NKO	θεοῦ,	theou	G2316	N-GSM-T	θεός	God	of God,	NA28+NA27+Tyn+SBL+WH+Treg+TR+Byz	
4	2	17	NKO	ἀλλὰ	alla	G0235	CONJ	ἀλλά	but	but	NA28+NA27+Tyn+SBL+WH+Treg+TR+Byz	
4	2	18	NKO	τῇ	tēa	G3588	T-DSF	ὁ	the/this/who	by the	NA28+NA27+Tyn+SBL+WH+Treg+TR+Byz	
4	2	19	NKO	φανερώσει	phanerōsei	G5321	N-DSF	φανέρωσις	manifestation	manifestation	NA28+NA27+Tyn+SBL+WH+Treg+TR+Byz	
4	2	20	NKO	τῆς	tēs	G3588	T-GSF	ὁ	the/this/who	of the	NA28+NA27+Tyn+SBL+WH+Treg+TR+Byz	
4	2	21	NKO	ἀληθείας	alētheias	G0225	N-GSF	ἀλήθεια	truth	truth	NA28+NA27+Tyn+SBL+WH+Treg+TR+Byz	
4	2	22	NKO	συνιστάνοντες	sunistanontes	G4921	V-PAP-NPM	συνίστημι, συνιστάω	to commend	commending	NA28+NA27+Tyn+SBL+WH+Treg+TR+Byz	
4	2	23	NKO	ἑαυτοὺς	he'autous	G1438	F-1APM	ἑαυτοῦ	my/your/him-self	ourselves	NA28+NA27+Tyn+SBL+WH+Treg+TR+Byz	
4	2	24	NKO	πρὸς	pros	G4314	PREP	πρός	to/with	to	NA28+NA27+Tyn+SBL+WH+Treg+TR+Byz	
4	2	25	NKO	πᾶσαν	pasan	G3956	A-ASF	πᾶς	all	every	NA28+NA27+Tyn+SBL+WH+Treg+TR+Byz	
4	2	26	NKO	συνείδησιν	suneidēsin	G4893	N-ASF	συνείδησις	conscience	conscience	NA28+NA27+Tyn+SBL+WH+Treg+TR+Byz	
4	2	27	NKO	ἀνθρώπων	anthrōpōn	G0444	N-GPM	ἄνθρωπος	a human	of men	NA28+NA27+Tyn+SBL+WH+Treg+TR+Byz	
4	2	28	NKO	ἐνώπιον	enōpion	G1799	PREP	ἐνώπιον	before	before	NA28+NA27+Tyn+SBL+WH+Treg+TR+Byz	
4	2	29	NKO	τοῦ	tou	G3588	T-GSM	ὁ	the/this/who	<the>	NA28+NA27+Tyn+SBL+WH+Treg+TR+Byz	
4	2	30	NKO	θεοῦ.	theou	G2316	N-GSM-T	θεός	God	God.	NA28+NA27+Tyn+SBL+WH+Treg+TR+Byz	
4	3	1	NKO	εἰ	ei	G1487G	COND	εἰ	if	If	NA28+NA27+Tyn+SBL+WH+Treg+TR+Byz	
4	3	2	NKO	δὲ	de	G1161	CONJ	δέ	but/and	however	NA28+NA27+Tyn+SBL+WH+Treg+TR+Byz	
4	3	3	NKO	καὶ	kai	G2532	CONJ	καί	and	even	NA28+NA27+Tyn+SBL+WH+Treg+TR+Byz	
4	3	4	NKO	ἔστιν	estin	G1510	V-PAI-3S	εἰμί	to be	is	NA28+NA27+Tyn+SBL+WH+Treg+TR+Byz	
4	3	5	NKO	κεκαλυμμένον	kekalummenon	G2572	V-RPP-NSN	καλύπτω	to cover	concealed	NA28+NA27+Tyn+SBL+WH+Treg+TR+Byz	
4	3	6	NKO	τὸ	to	G3588	T-NSN	ὁ	the/this/who	the	NA28+NA27+Tyn+SBL+WH+Treg+TR+Byz	
4	3	7	NKO	εὐαγγέλιον	euangelion	G2098	N-NSN	εὐαγγέλιον	gospel	gospel	NA28+NA27+Tyn+SBL+WH+Treg+TR+Byz	
4	3	8	NKO	ἡμῶν,	hēmōn	G3165	P-1GP	ἐγώ	I/we	of us,	NA28+NA27+Tyn+SBL+WH+Treg+TR+Byz	
4	3	9	NKO	ἐν	en	G1722	PREP	ἐν	in/on/among	to	NA28+NA27+Tyn+SBL+WH+Treg+TR+Byz	
4	3	10	NKO	τοῖς	tois	G3588	T-DPM	ὁ	the/this/who	those	NA28+NA27+Tyn+SBL+WH+Treg+TR+Byz	
4	3	11	NKO	ἀπολλυμένοις	apollumenois	G0622	V-PEP-DPM	ἀπολλύω	to destroy	perishing	NA28+NA27+Tyn+SBL+WH+Treg+TR+Byz	
4	3	12	NKO	ἐστὶν	estin	G1510	V-PAI-3S	εἰμί	to be	it is	NA28+NA27+Tyn+SBL+WH+Treg+TR+Byz	
4	3	13	NKO	κεκαλυμμένον·	kekalummenon	G2572	V-RPP-NSN	καλύπτω	to cover	concealed;	NA28+NA27+Tyn+SBL+WH+Treg+TR+Byz	
4	4	1	NKO	ἐν	en	G1722	PREP	ἐν	in/on/among	in	NA28+NA27+Tyn+SBL+WH+Treg+TR+Byz	
4	4	2	NKO	οἷς	hois	G3739	R-DPM	ὅς, ἥ	which	whom	NA28+NA27+Tyn+SBL+WH+Treg+TR+Byz	
4	4	3	NKO	ὁ	ho	G3588	T-NSM	ὁ	the/this/who	the	NA28+NA27+Tyn+SBL+WH+Treg+TR+Byz	
4	4	4	NKO	θεὸς	theos	G2316	N-NSM	θεός	God	god	NA28+NA27+Tyn+SBL+WH+Treg+TR+Byz	
4	4	5	NKO	τοῦ	tou	G3588	T-GSM	ὁ	the/this/who	of the	NA28+NA27+Tyn+SBL+WH+Treg+TR+Byz	
4	4	6	NKO	αἰῶνος	aiōnos	G0165G	N-GSM	αἰών	an age	age	NA28+NA27+Tyn+SBL+WH+Treg+TR+Byz	
4	4	7	NKO	τούτου	toutou	G3778	D-GSM	οὗτος	this/he/she/it	this	NA28+NA27+Tyn+SBL+WH+Treg+TR+Byz	
4	4	8	NKO	ἐτύφλωσεν	etuphlōsen	G5186	V-AAI-3S	τυφλόω	to blind	has blinded	NA28+NA27+Tyn+SBL+WH+Treg+TR+Byz	
4	4	9	NKO	τὰ	ta	G3588	T-APN	ὁ	the/this/who	the	NA28+NA27+Tyn+SBL+WH+Treg+TR+Byz	
4	4	10	NKO	νοήματα	noēmata	G3540	N-APN	νόημα	mind/thought	minds	NA28+NA27+Tyn+SBL+WH+Treg+TR+Byz	
4	4	11	NKO	τῶν	tōn	G3588	T-GPM	ὁ	the/this/who	of the	NA28+NA27+Tyn+SBL+WH+Treg+TR+Byz	
4	4	12	NKO	ἀπίστων	apistōn	G0571	A-GPM	ἄπιστος	unbelieving	unbelieving	NA28+NA27+Tyn+SBL+WH+Treg+TR+Byz	
4	4	13	NKO	εἰς	eis	G1519	PREP	εἰς	toward	so as for	NA28+NA27+Tyn+SBL+WH+Treg+TR+Byz	
4	4	14	NKO	τὸ	to	G3588	T-ASN	ὁ	the/this/who	<the>	NA28+NA27+Tyn+SBL+WH+Treg+TR+Byz	
4	4	15	NKO	μὴ	mē	G3361	PRT-N	μή	not	not	NA28+NA27+Tyn+SBL+WH+Treg+TR+Byz	
4	4	16	NKO	αὐγάσαι	augasai	G0826	V-AAN	αὐγάζω	to see	to beam forth	NA28+NA27+Tyn+SBL+WH+Treg+TR+Byz	
4	4	17	k	αὐτοῖς	autois	G0846	P-DPM	αὐτός	he/she/it/self	to them	TR+Byz	
4	4	18	NKO	τὸν	ton	G3588	T-ASM	ὁ	the/this/who	the	NA28+NA27+Tyn+SBL+WH+Treg+TR+Byz	
4	4	19	NKO	φωτισμὸν	phōtismon	G5462	N-ASM	φωτισμός	light	illumination	NA28+NA27+Tyn+SBL+WH+Treg+TR+Byz	
4	4	20	NKO	τοῦ	tou	G3588	T-GSN	ὁ	the/this/who	of the	NA28+NA27+Tyn+SBL+WH+Treg+TR+Byz	
4	4	21	NKO	εὐαγγελίου	euangeliou	G2098	N-GSN	εὐαγγέλιον	gospel	gospel	NA28+NA27+Tyn+SBL+WH+Treg+TR+Byz	
4	4	22	NKO	τῆς	tēs	G3588	T-GSF	ὁ	the/this/who	of the	NA28+NA27+Tyn+SBL+WH+Treg+TR+Byz	
4	4	23	NKO	δόξης	doxēs	G1391	N-GSF	δόξα	glory	glory	NA28+NA27+Tyn+SBL+WH+Treg+TR+Byz	
4	4	24	NKO	τοῦ	tou	G3588	T-GSM	ὁ	the/this/who	<the>	NA28+NA27+Tyn+SBL+WH+Treg+TR+Byz	
4	4	25	NKO	Χριστοῦ,	Christou	G5547	N-GSM-T	Χριστός	Christ	of Christ,	NA28+NA27+Tyn+SBL+WH+Treg+TR+Byz	
4	4	26	NKO	ὅς	hos	G3739	R-NSM	ὅς, ἥ	which	who	NA28+NA27+Tyn+SBL+WH+Treg+TR+Byz	
4	4	27	NKO	ἐστιν	estin	G1510	V-PAI-3S	εἰμί	to be	is	NA28+NA27+Tyn+SBL+WH+Treg+TR+Byz	
4	4	28	NKO	εἰκὼν	eikōn	G1504	N-NSF	εἰκών	image	[the] image	NA28+NA27+Tyn+SBL+WH+Treg+TR+Byz	
4	4	29	NKO	τοῦ	tou	G3588	T-GSM	ὁ	the/this/who	<the>	NA28+NA27+Tyn+SBL+WH+Treg+TR+Byz	
4	4	30	NKO	θεοῦ.¶	theou	G2316	N-GSM-T	θεός	God	of God.	NA28+NA27+Tyn+SBL+WH+Treg+TR+Byz	
4	5	1	NKO	Οὐ	Ou	G3756	PRT-N	οὐ	no	Not	NA28+NA27+Tyn+SBL+WH+Treg+TR+Byz	
4	5	2	NKO	γὰρ	gar	G1063	CONJ	γάρ	for	for	NA28+NA27+Tyn+SBL+WH+Treg+TR+Byz	
4	5	3	NKO	ἑαυτοὺς	he'autous	G1438	F-1APM	ἑαυτοῦ	my/your/him-self	ourselves	NA28+NA27+Tyn+SBL+WH+Treg+TR+Byz	
4	5	4	NKO	κηρύσσομεν	kērussomen	G2784	V-PAI-1P	κηρύσσω	to preach	do we proclaim	NA28+NA27+Tyn+SBL+WH+Treg+TR+Byz	
4	5	5	NKO	ἀλλ᾽	all᾽	G0235	CONJ	ἀλλά	but	but	NA28+NA27+Tyn+SBL+WH+Treg+TR+Byz	
4	5	6	NKO	Ἰησοῦν	Iēsoun	G2424G	N-ASM-P	Ἰησοῦς	Jesus/Joshua	Jesus	NA28+NA27+Tyn»1+SBL»1+WH»1+Treg»1+TR»1+Byz»1	
4	5	7	NKO	Χριστὸν	Christon	G5547	N-ASM-T	Χριστός	Christ	Christ	NA28+NA27+Tyn+SBL+WH+Treg+TR+Byz	
4	5	8	NKO	κύριον,	kurion	G2962G	N-ASM-T	κύριος	lord	Lord,	NA28+NA27+Tyn+SBL+WH+Treg+TR+Byz	
4	5	9	NKO	ἑαυτοὺς	he'autous	G1438	F-1APM	ἑαυτοῦ	my/your/him-self	ourselves	NA28+NA27+Tyn+SBL+WH+Treg+TR+Byz	
4	5	10	NKO	δὲ	de	G1161	CONJ	δέ	but/and	now	NA28+NA27+Tyn+SBL+WH+Treg+TR+Byz	
4	5	11	NKO	δούλους	doulous	G1401	N-APM	δοῦλος	slave	servants	NA28+NA27+Tyn+SBL+WH+Treg+TR+Byz	
4	5	12	NKO	ὑμῶν	humōn	G4771	P-2GP	σύ	you	of you	NA28+NA27+Tyn+SBL+WH+Treg+TR+Byz	
4	5	13	NKO	διὰ	dia	G1223	PREP	διά	through/because of	for the sake of	NA28+NA27+Tyn+SBL+WH+Treg+TR+Byz	
4	5	14	NKO	Ἰησοῦν.	Iēsoun	G2424G	N-ASM-P	Ἰησοῦς	Jesus/Joshua	Jesus.	NA28+NA27+Tyn+SBL+WH+Treg+TR+Byz	
4	6	1	NKO	ὅτι	hoti	G3754H	CONJ	ὅτι	that/since	For [it is]	NA28+NA27+Tyn+SBL+WH+Treg+TR+Byz	
4	6	2	NKO	ὁ	ho	G3588	T-NSM	ὁ	the/this/who	<the>	NA28+NA27+Tyn+SBL+WH+Treg+TR+Byz	
4	6	3	NKO	θεὸς	theos	G2316	N-NSM-T	θεός	God	God	NA28+NA27+Tyn+SBL+WH+Treg+TR+Byz	
4	6	4	NKO	ὁ	ho	G3588	T-NSM	ὁ	the/this/who	<the>	NA28+NA27+Tyn+SBL+WH+Treg+TR+Byz	
4	6	5	NKO	εἰπὼν	eipōn	G2036	V-2AAP-NSM	ἔπω, ἐρῶ, εἶπον	to say	having said	NA28+NA27+Tyn+SBL+WH+Treg+TR+Byz	
4	6	6	NKO	ἐκ	ek	G1537	PREP	ἐκ	out from	Out of	NA28+NA27+Tyn+SBL+WH+Treg+TR+Byz	
4	6	7	NKO	σκότους	skotous	G4655	N-GSN	σκότος	darkness	darkness	NA28+NA27+Tyn+SBL+WH+Treg+TR+Byz	
4	6	8	NKO	φῶς	phōs	G5457	N-NSN	φῶς	light	light	NA28+NA27+Tyn+SBL+WH+Treg+TR+Byz	
4	6	9	N(k)O	λάμψει,	lampsei	G2989	V-FAI-3S	λάμπω	to shine	will shine,	NA28+NA27+Tyn+SBL+WH+Treg	
4	6	10	NKO	ὃς	hos	G3739	R-NSM	ὅς, ἥ	which	who	NA28+NA27+Tyn+SBL+WH+Treg+TR+Byz	
4	6	11	NKO	ἔλαμψεν	elampsen	G2989	V-AAI-3S	λάμπω	to shine	shone	NA28+NA27+Tyn+SBL+WH+Treg+TR+Byz	
4	6	12	NKO	ἐν	en	G1722	PREP	ἐν	in/on/among	in	NA28+NA27+Tyn+SBL+WH+Treg+TR+Byz	
4	6	13	NKO	ταῖς	tais	G3588	T-DPF	ὁ	the/this/who	the	NA28+NA27+Tyn+SBL+WH+Treg+TR+Byz	
4	6	14	NKO	καρδίαις	kardiais	G2588	N-DPF	καρδία	heart	hearts	NA28+NA27+Tyn+SBL+WH+Treg+TR+Byz	
4	6	15	NKO	ἡμῶν	hēmōn	G3165	P-1GP	ἐγώ	I/we	of us	NA28+NA27+Tyn+SBL+WH+Treg+TR+Byz	
4	6	16	NKO	πρὸς	pros	G4314	PREP	πρός	to/with	for [the]	NA28+NA27+Tyn+SBL+WH+Treg+TR+Byz	
4	6	17	NKO	φωτισμὸν	phōtismon	G5462	N-ASM	φωτισμός	light	radiance	NA28+NA27+Tyn+SBL+WH+Treg+TR+Byz	
4	6	18	NKO	τῆς	tēs	G3588	T-GSF	ὁ	the/this/who	of the	NA28+NA27+Tyn+SBL+WH+Treg+TR+Byz	
4	6	19	NKO	γνώσεως	gnōseōs	G1108	N-GSF	γνῶσις	knowledge	knowledge	NA28+NA27+Tyn+SBL+WH+Treg+TR+Byz	
4	6	20	NKO	τῆς	tēs	G3588	T-GSF	ὁ	the/this/who	of the	NA28+NA27+Tyn+SBL+WH+Treg+TR+Byz	
4	6	21	NKO	δόξης	doxēs	G1391	N-GSF	δόξα	glory	glory	NA28+NA27+Tyn+SBL+WH+Treg+TR+Byz	
4	6	22	NKO	τοῦ	tou	G3588	T-GSM	ὁ	the/this/who	<the>	NA28+NA27+Tyn+SBL+WH+Treg+TR+Byz	
4	6	23	NKO	θεοῦ	theou	G2316	N-GSM-T	θεός	God	of God	NA28+NA27+Tyn+SBL+WH+Treg+TR+Byz	
4	6	24	NKO	ἐν	en	G1722	PREP	ἐν	in/on/among	in	NA28+NA27+Tyn+SBL+WH+Treg+TR+Byz	
4	6	25	NKO	προσώπῳ	prosōpō	G4383	N-DSN	πρόσωπον	face	[the] face	NA28+NA27+Tyn+SBL+WH+Treg+TR+Byz	
4	6	26	NKO	Ἰησοῦ	Iēsou	G2424G	N-GSM-P	Ἰησοῦς	Jesus/Joshua	of Jesus	NA28+NA27+Tyn+TR+Byz	
4	6	27	NKO	Χριστοῦ.¶	Christou	G5547	N-GSM-T	Χριστός	Christ	Christ.	NA28+NA27+Tyn+SBL+WH+Treg+TR+Byz	
4	7	1	NKO	Ἔχομεν	Echomen	G2192	V-PAI-1P	ἔχω	to have/be	We have	NA28+NA27+Tyn+SBL+WH+Treg+TR+Byz	
4	7	2	NKO	δὲ	de	G1161	CONJ	δέ	but/and	now	NA28+NA27+Tyn+SBL+WH+Treg+TR+Byz	
4	7	3	NKO	τὸν	ton	G3588	T-ASM	ὁ	the/this/who	<the>	NA28+NA27+Tyn+SBL+WH+Treg+TR+Byz	
4	7	4	NKO	θησαυρὸν	thēsauron	G2344	N-ASM	θησαυρός	treasure	treasure	NA28+NA27+Tyn+SBL+WH+Treg+TR+Byz	
4	7	5	NKO	τοῦτον	touton	G3778	D-ASM	οὗτος	this/he/she/it	this	NA28+NA27+Tyn+SBL+WH+Treg+TR+Byz	
4	7	6	NKO	ἐν	en	G1722	PREP	ἐν	in/on/among	in	NA28+NA27+Tyn+SBL+WH+Treg+TR+Byz	
4	7	7	NKO	ὀστρακίνοις	ostrakinois	G3749	A-DPN	ὀστράκινος	clay	earthen	NA28+NA27+Tyn+SBL+WH+Treg+TR+Byz	
4	7	8	NKO	σκεύεσιν,	skeuesin	G4632	N-DPN	σκεῦος	vessel	vessels,	NA28+NA27+Tyn+SBL+WH+Treg+TR+Byz	
4	7	9	NKO	ἵνα	ina	G2443	CONJ	ἵνα	in order that/to	that	NA28+NA27+Tyn+SBL+WH+Treg+TR+Byz	
4	7	10	NKO	ἡ	hē	G3588	T-NSF	ὁ	the/this/who	the	NA28+NA27+Tyn+SBL+WH+Treg+TR+Byz	
4	7	11	NKO	ὑπερβολὴ	huperbolē	G5236	N-NSF	ὑπερβολή	surpassing	surpassingness	NA28+NA27+Tyn+SBL+WH+Treg+TR+Byz	
4	7	12	NKO	τῆς	tēs	G3588	T-GSF	ὁ	the/this/who	of the	NA28+NA27+Tyn+SBL+WH+Treg+TR+Byz	
4	7	13	NKO	δυνάμεως	dunameōs	G1411	N-GSF	δύναμις	power	power	NA28+NA27+Tyn+SBL+WH+Treg+TR+Byz	
4	7	14	NKO	ᾖ	ē	G1510	V-PAS-3S	εἰμί	to be	may be	NA28+NA27+Tyn+SBL+WH+Treg+TR+Byz	
4	7	15	NKO	τοῦ	tou	G3588	T-GSM	ὁ	the/this/who	<the>	NA28+NA27+Tyn+SBL+WH+Treg+TR+Byz	
4	7	16	NKO	θεοῦ	theou	G2316	N-GSM-T	θεός	God	from God	NA28+NA27+Tyn+SBL+WH+Treg+TR+Byz	
4	7	17	NKO	καὶ	kai	G2532	CONJ	καί	and	and	NA28+NA27+Tyn+SBL+WH+Treg+TR+Byz	
4	7	18	NKO	μὴ	mē	G3361	PRT-N	μή	not	not	NA28+NA27+Tyn+SBL+WH+Treg+TR+Byz	
4	7	19	NKO	ἐξ	ex	G1537	PREP	ἐκ	out from	from	NA28+NA27+Tyn+SBL+WH+Treg+TR+Byz	
4	7	20	NKO	ἡμῶν,	hēmōn	G3165	P-1GP	ἐγώ	I/we	us,	NA28+NA27+Tyn+SBL+WH+Treg+TR+Byz	
4	8	1	NKO	ἐν	en	G1722	PREP	ἐν	in/on/among	in	NA28+NA27+Tyn+SBL+WH+Treg+TR+Byz	
4	8	2	NKO	παντὶ	panti	G3956	A-DSN	πᾶς	all	every [way]	NA28+NA27+Tyn+SBL+WH+Treg+TR+Byz	
4	8	3	NKO	θλιβόμενοι	thlibomenoi	G2346	V-PPP-NPM	θλίβω	to press on	being hard pressed	NA28+NA27+Tyn+SBL+WH+Treg+TR+Byz	
4	8	4	NKO	ἀλλ᾽	all᾽	G0235	CONJ	ἀλλά	but	but	NA28+NA27+Tyn+SBL+WH+Treg+TR+Byz	
4	8	5	NKO	οὐ	ou	G3756	PRT-N	οὐ	no	not	NA28+NA27+Tyn+SBL+WH+Treg+TR+Byz	
4	8	6	NKO	στενοχωρούμενοι,	stenochōroumenoi	G4729	V-PPP-NPM	στενοχωρέω	to press upon	being crushed,	NA28+NA27+Tyn+SBL+WH+Treg+TR+Byz	
4	8	7	NKO	ἀπορούμενοι	aporoumenoi	G0639	V-PMP-NPM	ἀπορέω	be perplexed	being perplexed	NA28+NA27+Tyn+SBL+WH+Treg+TR+Byz	
4	8	8	NKO	ἀλλ᾽	all᾽	G0235	CONJ	ἀλλά	but	but	NA28+NA27+Tyn+SBL+WH+Treg+TR+Byz	
4	8	9	NKO	οὐκ	ouk	G3756	PRT-N	οὐ	no	not	NA28+NA27+Tyn+SBL+WH+Treg+TR+Byz	
4	8	10	NKO	ἐξαπορούμενοι,	exaporoumenoi	G1820	V-PNP-NPM	ἐξαπορέω	to despair	despairing,	NA28+NA27+Tyn+SBL+WH+Treg+TR+Byz	
4	9	1	NKO	διωκόμενοι	diōkomenoi	G1377	V-PPP-NPM	διώκω	to pursue	being persecuted	NA28+NA27+Tyn+SBL+WH+Treg+TR+Byz	
4	9	2	NKO	ἀλλ᾽	all᾽	G0235	CONJ	ἀλλά	but	but	NA28+NA27+Tyn+SBL+WH+Treg+TR+Byz	
4	9	3	NKO	οὐκ	ouk	G3756	PRT-N	οὐ	no	not	NA28+NA27+Tyn+SBL+WH+Treg+TR+Byz	
4	9	4	NKO	ἐγκαταλειπόμενοι,	egkataleipomenoi	G1459	V-PPP-NPM	ἐγκαταλείπω	to leave behind	being forsaken,	NA28+NA27+Tyn+SBL+WH+Treg+TR+Byz	
4	9	5	NKO	καταβαλλόμενοι	kataballomenoi	G2598	V-PEP-NPM	καταβάλλω	to lay/throw down	being struck down	NA28+NA27+Tyn+SBL+WH+Treg+TR+Byz	
4	9	6	NKO	ἀλλ᾽	all᾽	G0235	CONJ	ἀλλά	but	but	NA28+NA27+Tyn+SBL+WH+Treg+TR+Byz	
4	9	7	NKO	οὐκ	ouk	G3756	PRT-N	οὐ	no	not	NA28+NA27+Tyn+SBL+WH+Treg+TR+Byz	
4	9	8	NKO	ἀπολλύμενοι·	apollumenoi	G0622	V-PEP-NPM	ἀπολλύω	to destroy	being destroyed;	NA28+NA27+Tyn+SBL+WH+Treg+TR+Byz	
4	10	1	NKO	πάντοτε	pantote	G3842	ADV	πάντοτε	always	always	NA28+NA27+Tyn+SBL+WH+Treg+TR+Byz	
4	10	2	NKO	τὴν	tēn	G3588	T-ASF	ὁ	the/this/who	the	NA28+NA27+Tyn+SBL+WH+Treg+TR+Byz	
4	10	3	NKO	νέκρωσιν	nekrōsin	G3500	N-ASF	νέκρωσις	death	death	NA28+NA27+Tyn+SBL+WH+Treg+TR+Byz	
4	10	4	NKO	τοῦ	tou	G3588	T-GSM	ὁ	the/this/who	of the	NA28+NA27+Tyn+SBL+WH+Treg+TR+Byz	
4	10	5	K	κυρίου	kuriou	G2962G	N-GSM-T	κύριος	lord	Lord	TR+Byz	
4	10	6	NKO	Ἰησοῦ	Iēsou	G2424G	N-GSM-P	Ἰησοῦς	Jesus/Joshua	Jesus	NA28+NA27+Tyn+SBL+WH+Treg+TR+Byz	
4	10	7	NKO	ἐν	en	G1722	PREP	ἐν	in/on/among	in	NA28+NA27+Tyn+SBL+WH+Treg+TR+Byz	
4	10	8	NKO	τῷ	tō	G3588	T-DSN	ὁ	the/this/who	<the>	NA28+NA27+Tyn+SBL+WH+Treg+TR+Byz	
4	10	9	NKO	σώματι	sōmati	G4983	N-DSN	σῶμα	body	[our] body	NA28+NA27+Tyn+SBL+WH+Treg+TR+Byz	
4	10	10	NKO	περιφέροντες,	peripherontes	G4064	V-PAP-NPM	περιφέρω	to carry (around)	carrying around,	NA28+NA27+Tyn+SBL+WH+Treg+TR+Byz	
4	10	11	NKO	ἵνα	ina	G2443	CONJ	ἵνα	in order that/to	so that	NA28+NA27+Tyn+SBL+WH+Treg+TR+Byz	
4	10	12	NKO	καὶ	kai	G2532	CONJ	καί	and	also	NA28+NA27+Tyn+SBL+WH+Treg+TR+Byz	
4	10	13	NKO	ἡ	hē	G3588	T-NSF	ὁ	the/this/who	the	NA28+NA27+Tyn+SBL+WH+Treg+TR+Byz	
4	10	14	NKO	ζωὴ	zōē	G2222	N-NSF	ζωή	life	life	NA28+NA27+Tyn+SBL+WH+Treg+TR+Byz	
4	10	15	NKO	τοῦ	tou	G3588	T-GSM	ὁ	the/this/who	<the>	NA28+NA27+Tyn+SBL+WH+Treg+TR+Byz	
4	10	16	NKO	Ἰησοῦ	Iēsou	G2424G	N-GSM-P	Ἰησοῦς	Jesus/Joshua	of Jesus	NA28+NA27+Tyn+SBL+WH+Treg+TR+Byz	
4	10	17	NKO	ἐν	en	G1722	PREP	ἐν	in/on/among	in	NA28+NA27+Tyn+SBL+WH+Treg+TR+Byz	
4	10	18	NKO	τῷ	tō	G3588	T-DSN	ὁ	the/this/who	the	NA28+NA27+Tyn+SBL+WH+Treg+TR+Byz	
4	10	19	NKO	σώματι	sōmati	G4983	N-DSN	σῶμα	body	body	NA28+NA27+Tyn+SBL+WH+Treg+TR+Byz	
4	10	20	NKO	ἡμῶν	hēmōn	G3165	P-1GP	ἐγώ	I/we	of us	NA28+NA27+Tyn+SBL+WH+Treg+TR+Byz	
4	10	21	NKO	φανερωθῇ·	phanerōthēa	G5319	V-APS-3S	φανερόω	to manifest	may be manifested;	NA28+NA27+Tyn+SBL+WH+Treg+TR+Byz	
4	11	1	NKO	ἀεὶ	aei	G0104	ADV	ἀεί	always	always	NA28+NA27+Tyn+SBL+WH+Treg+TR+Byz	
4	11	2	NKO	γὰρ	gar	G1063	CONJ	γάρ	for	for	NA28+NA27+Tyn+SBL+WH+Treg+TR+Byz	
4	11	3	NKO	ἡμεῖς	hēmeis	G3165	P-1NP	ἐγώ	I/we	we ourselves	NA28+NA27+Tyn+SBL+WH+Treg+TR+Byz	
4	11	4	NKO	οἱ	hoi	G3588	T-NPM	ὁ	the/this/who	the	NA28+NA27+Tyn+SBL+WH+Treg+TR+Byz	
4	11	5	NKO	ζῶντες	zōntes	G2198	V-PAP-NPM	ζάω	to live	living	NA28+NA27+Tyn+SBL+WH+Treg+TR+Byz	
4	11	6	NKO	εἰς	eis	G1519	PREP	εἰς	toward	to	NA28+NA27+Tyn+SBL+WH+Treg+TR+Byz	
4	11	7	NKO	θάνατον	thanaton	G2288	N-ASM	θάνατος	death	death	NA28+NA27+Tyn+SBL+WH+Treg+TR+Byz	
4	11	8	NKO	παραδιδόμεθα	paradidometha	G3860	V-PPI-1P	παραδίδωμι	to deliver	are being delivered	NA28+NA27+Tyn+SBL+WH+Treg+TR+Byz	
4	11	9	NKO	διὰ	dia	G1223	PREP	διά	through/because of	on account of	NA28+NA27+Tyn+SBL+WH+Treg+TR+Byz	
4	11	10	NKO	Ἰησοῦν,	Iēsoun	G2424G	N-ASM-P	Ἰησοῦς	Jesus/Joshua	Jesus,	NA28+NA27+Tyn+SBL+WH+Treg+TR+Byz	
4	11	11	NKO	ἵνα	ina	G2443	CONJ	ἵνα	in order that/to	so that	NA28+NA27+Tyn+SBL+WH+Treg+TR+Byz	
4	11	12	NKO	καὶ	kai	G2532	CONJ	καί	and	also	NA28+NA27+Tyn+SBL+WH+Treg+TR+Byz	
4	11	13	NKO	ἡ	hē	G3588	T-NSF	ὁ	the/this/who	the	NA28+NA27+Tyn+SBL+WH+Treg+TR+Byz	
4	11	14	NKO	ζωὴ	zōē	G2222	N-NSF	ζωή	life	life	NA28+NA27+Tyn+SBL+WH+Treg+TR+Byz	
4	11	15	NKO	τοῦ	tou	G3588	T-GSM	ὁ	the/this/who	<the>	NA28+NA27+Tyn+SBL+WH+Treg+TR+Byz	
4	11	16	NKO	Ἰησοῦ	Iēsou	G2424G	N-GSM-P	Ἰησοῦς	Jesus/Joshua	of Jesus	NA28+NA27+Tyn+SBL+WH+Treg+TR+Byz	
4	11	17	NKO	φανερωθῇ	phanerōthēa	G5319	V-APS-3S	φανερόω	to manifest	may be manifested	NA28+NA27+Tyn+SBL+WH+Treg+TR+Byz	
4	11	18	NKO	ἐν	en	G1722	PREP	ἐν	in/on/among	in	NA28+NA27+Tyn+SBL+WH+Treg+TR+Byz	
4	11	19	NKO	τῇ	tēa	G3588	T-DSF	ὁ	the/this/who	the	NA28+NA27+Tyn+SBL+WH+Treg+TR+Byz	
4	11	20	NKO	θνητῇ	thnētēa	G2349	A-DSF	θνητός	mortal	mortal	NA28+NA27+Tyn+SBL+WH+Treg+TR+Byz	
4	11	21	NKO	σαρκὶ	sarki	G4561	N-DSF	σάρξ	flesh	flesh	NA28+NA27+Tyn+SBL+WH+Treg+TR+Byz	
4	11	22	NKO	ἡμῶν.	hēmōn	G3165	P-1GP	ἐγώ	I/we	of us.	NA28+NA27+Tyn+SBL+WH+Treg+TR+Byz	
4	12	1	NKO	ὥστε	hōste	G5620	CONJ	ὥστε	so	So then	NA28+NA27+Tyn+SBL+WH+Treg+TR+Byz	
4	12	2	NKO	ὁ	ho	G3588	T-NSM	ὁ	the/this/who	<the>	NA28+NA27+Tyn+SBL+WH+Treg+TR+Byz	
4	12	3	k	μὲν	men	G3303	PRT	μέν	on one hand	indeed	TR+Byz	
4	12	4	NKO	θάνατος	thanatos	G2288	N-NSM	θάνατος	death	death	NA28+NA27+Tyn+SBL+WH+Treg+TR+Byz	
4	12	5	NKO	ἐν	en	G1722	PREP	ἐν	in/on/among	in	NA28+NA27+Tyn+SBL+WH+Treg+TR+Byz	
4	12	6	NKO	ἡμῖν	hēmin	G3165	P-1DP	ἐγώ	I/we	us	NA28+NA27+Tyn+SBL+WH+Treg+TR+Byz	
4	12	7	NKO	ἐνεργεῖται,	energeitai	G1754	V-PMI-3S	ἐνεργέω	be active	works,	NA28+NA27+Tyn+SBL+WH+Treg+TR+Byz	
4	12	8	NKO	ἡ	hē	G3588	T-NSF	ὁ	the/this/who	<the>	NA28+NA27+Tyn+SBL+WH+Treg+TR+Byz	
4	12	9	NKO	δὲ	de	G1161	CONJ	δέ	but/and	however	NA28+NA27+Tyn+SBL+WH+Treg+TR+Byz	
4	12	10	NKO	ζωὴ	zōē	G2222	N-NSF	ζωή	life	life	NA28+NA27+Tyn+SBL+WH+Treg+TR+Byz	
4	12	11	NKO	ἐν	en	G1722	PREP	ἐν	in/on/among	in	NA28+NA27+Tyn+SBL+WH+Treg+TR+Byz	
4	12	12	NKO	ὑμῖν.¶	humin	G4771	P-2DP	σύ	you	you.	NA28+NA27+Tyn+SBL+WH+Treg+TR+Byz	
4	13	1	NKO	Ἔχοντες	Echontes	G2192	V-PAP-NPM	ἔχω	to have/be	Having	NA28+NA27+Tyn+SBL+WH+Treg+TR+Byz	
4	13	2	NKO	δὲ	de	G1161	CONJ	δέ	but/and	however	NA28+NA27+Tyn+SBL+WH+Treg+TR+Byz	
4	13	3	NKO	τὸ	to	G3588	T-ASN	ὁ	the/this/who	the	NA28+NA27+Tyn+SBL+WH+Treg+TR+Byz	
4	13	4	NKO	αὐτὸ	auto	G0846	P-ASN	αὐτός	he/she/it/self	same	NA28+NA27+Tyn+SBL+WH+Treg+TR+Byz	
4	13	5	NKO	πνεῦμα	pneuma	G4151G	N-ASN	πνεῦμα	spirit/breath	spirit	NA28+NA27+Tyn+SBL+WH+Treg+TR+Byz	
4	13	6	NKO	τῆς	tēs	G3588	T-GSF	ὁ	the/this/who	<the>	NA28+NA27+Tyn+SBL+WH+Treg+TR+Byz	
4	13	7	NKO	πίστεως	pisteōs	G4102G	N-GSF	πίστις	faith	of faith	NA28+NA27+Tyn+SBL+WH+Treg+TR+Byz	
4	13	8	NKO	κατὰ	kata	G2596	PREP	κατά	according to	according to	NA28+NA27+Tyn+SBL+WH+Treg+TR+Byz	
4	13	9	NKO	τὸ	to	G3588	T-ASN	ὁ	the/this/who	that	NA28+NA27+Tyn+SBL+WH+Treg+TR+Byz	
4	13	10	NKO	γεγραμμένον·	gegrammenon	G1125	V-RPP-ASN	γράφω	to write	written:	NA28+NA27+Tyn+SBL+WH+Treg+TR+Byz	
4	13	11	NKO	ἐπίστευσα,	episteusa	G4100	V-AAI-1S	πιστεύω	to trust (in)	I believed,	NA28+NA27+Tyn+SBL+WH+Treg+TR+Byz	
4	13	12	NKO	διὸ	dio	G1352	CONJ	διό	for	therefore	NA28+NA27+Tyn+SBL+WH+Treg+TR+Byz	
4	13	13	NKO	ἐλάλησα,	elalēsa	G2980	V-AAI-1S	λαλέω	to speak	I have spoken,	NA28+NA27+Tyn+SBL+WH+Treg+TR+Byz	
4	13	14	NKO	καὶ	kai	G2532	CONJ	καί	and	also	NA28+NA27+Tyn+SBL+WH+Treg+TR+Byz	
4	13	15	NKO	ἡμεῖς	hēmeis	G3165	P-1NP	ἐγώ	I/we	we ourselves	NA28+NA27+Tyn+SBL+WH+Treg+TR+Byz	
4	13	16	NKO	πιστεύομεν,	pisteuomen	G4100	V-PAI-1P	πιστεύω	to trust (in)	believe,	NA28+NA27+Tyn+SBL+WH+Treg+TR+Byz	
4	13	17	NKO	διὸ	dio	G1352	CONJ	διό	for	therefore	NA28+NA27+Tyn+SBL+WH+Treg+TR+Byz	
4	13	18	NKO	καὶ	kai	G2532	CONJ	καί	and	also	NA28+NA27+Tyn+SBL+WH+Treg+TR+Byz	
4	13	19	NKO	λαλοῦμεν·	laloumen	G2980	V-PAI-1P	λαλέω	to speak	speak;	NA28+NA27+Tyn+SBL+WH+Treg+TR+Byz	
4	14	1	NKO	εἰδότες	eidotes	G6063	V-RAP-NPM	εἴδω	to perceive	knowing	NA28+NA27+Tyn+SBL+WH+Treg+TR+Byz	
4	14	2	NKO	ὅτι	hoti	G3754G	CONJ	ὅτι	that/since	that	NA28+NA27+Tyn+SBL+WH+Treg+TR+Byz	
4	14	3	NKO	ὁ	ho	G3588	T-NSM	ὁ	the/this/who	the [One]	NA28+NA27+Tyn+SBL+WH+Treg+TR+Byz	
4	14	4	NKO	ἐγείρας	egeiras	G1453	V-AAP-NSM	ἐγείρω	to arise	having raised up	NA28+NA27+Tyn+SBL+WH+Treg+TR+Byz	
4	14	5	NKO	τὸν	ton	G3588	T-ASM	ὁ	the/this/who	the	NA28+NA27+Tyn+SBL+WH+Treg+TR+Byz	
4	14	6	NKO	κύριον	kurion	G2962G	N-ASM-T	κύριος	lord	Lord	NA28+NA27+Tyn+WH+Treg+TR+Byz	
4	14	7	NKO	Ἰησοῦν	Iēsoun	G2424G	N-ASM-P	Ἰησοῦς	Jesus/Joshua	Jesus	NA28+NA27+Tyn+SBL+WH+Treg+TR+Byz	
4	14	8	NKO	καὶ	kai	G2532	CONJ	καί	and	also	NA28+NA27+Tyn+SBL+WH+Treg+TR+Byz	
4	14	9	NKO	ἡμᾶς	hēmas	G3165	P-1AP	ἐγώ	I/we	us	NA28+NA27+Tyn+SBL+WH+Treg+TR+Byz	
4	14	10	N(k)O	σὺν	sun	G4862	PREP	σύν	with	with	NA28+NA27+Tyn+SBL+WH+Treg	
4	14	11	NKO	Ἰησοῦ	Iēsou	G2424G	N-DSM-P	Ἰησοῦς	Jesus/Joshua	Jesus	NA28+NA27+Tyn+SBL+WH+Treg+TR+Byz	
4	14	12	NKO	ἐγερεῖ	egerei	G1453	V-FAI-3S	ἐγείρω	to arise	He will raise up	NA28+NA27+Tyn+SBL+WH+Treg+TR+Byz	
4	14	13	NKO	καὶ	kai	G2532	CONJ	καί	and	and	NA28+NA27+Tyn+SBL+WH+Treg+TR+Byz	
4	14	14	NKO	παραστήσει	parastēsei	G3936	V-FAI-3S	παρίστημι	to stand by	He will present [us]	NA28+NA27+Tyn+SBL+WH+Treg+TR+Byz	
4	14	15	NKO	σὺν	sun	G4862	PREP	σύν	with	with	NA28+NA27+Tyn+SBL+WH+Treg+TR+Byz	
4	14	16	NKO	ὑμῖν.	humin	G4771	P-2DP	σύ	you	you.	NA28+NA27+Tyn+SBL+WH+Treg+TR+Byz	
4	15	1	NKO	τὰ	ta	G3588	T-NPN	ὁ	the/this/who	<the>	NA28+NA27+Tyn+SBL+WH+Treg+TR+Byz	
4	15	2	NKO	γὰρ	gar	G1063	CONJ	γάρ	for	For	NA28+NA27+Tyn+SBL+WH+Treg+TR+Byz	
4	15	3	NKO	πάντα	panta	G3956	A-NPN	πᾶς	all	all things [are]	NA28+NA27+Tyn+SBL+WH+Treg+TR+Byz	
4	15	4	NKO	δι᾽	di᾽	G1223	PREP	διά	through/because of	for the sake of	NA28+NA27+Tyn+SBL+WH+Treg+TR+Byz	
4	15	5	NKO	ὑμᾶς,	humas	G4771	P-2AP	σύ	you	you,	NA28+NA27+Tyn+SBL+WH+Treg+TR+Byz	
4	15	6	NKO	ἵνα	ina	G2443	CONJ	ἵνα	in order that/to	so that	NA28+NA27+Tyn+SBL+WH+Treg+TR+Byz	
4	15	7	NKO	ἡ	hē	G3588	T-NSF	ὁ	the/this/who	the	NA28+NA27+Tyn+SBL+WH+Treg+TR+Byz	
4	15	8	NKO	χάρις	charis	G5485	N-NSF	χάρις	grace	grace	NA28+NA27+Tyn+SBL+WH+Treg+TR+Byz	
4	15	9	NKO	πλεονάσασα	pleonasasa	G4121	V-AAP-NSF	πλεονάζω	to increase	having abounded	NA28+NA27+Tyn+SBL+WH+Treg+TR+Byz	
4	15	10	NKO	διὰ	dia	G1223	PREP	διά	through/because of	through	NA28+NA27+Tyn+SBL+WH+Treg+TR+Byz	
4	15	11	NKO	τῶν	tōn	G3588	T-GPM	ὁ	the/this/who	<the>	NA28+NA27+Tyn+SBL+WH+Treg+TR+Byz	
4	15	12	NKO	πλειόνων	pleionōn	G4119	A-GPM-C	πλείων, πλεῖον	greater	more and more	NA28+NA27+Tyn+SBL+WH+Treg+TR+Byz	
4	15	13	NKO	τὴν	tēn	G3588	T-ASF	ὁ	the/this/who	the	NA28+NA27+Tyn+SBL+WH+Treg+TR+Byz	
4	15	14	NKO	εὐχαριστίαν	eucharistian	G2169	N-ASF	εὐχαριστία	thankfulness	thanksgiving	NA28+NA27+Tyn+SBL+WH+Treg+TR+Byz	
4	15	15	NKO	περισσεύσῃ	perisseusē	G4052	V-AAS-3S	περισσεύω	to abound/exceed	may increase	NA28+NA27+Tyn+SBL+WH+Treg+TR+Byz	
4	15	16	NKO	εἰς	eis	G1519	PREP	εἰς	toward	to	NA28+NA27+Tyn+SBL+WH+Treg+TR+Byz	
4	15	17	NKO	τὴν	tēn	G3588	T-ASF	ὁ	the/this/who	the	NA28+NA27+Tyn+SBL+WH+Treg+TR+Byz	
4	15	18	NKO	δόξαν	doxan	G1391	N-ASF	δόξα	glory	glory	NA28+NA27+Tyn+SBL+WH+Treg+TR+Byz	
4	15	19	NKO	τοῦ	tou	G3588	T-GSM	ὁ	the/this/who	<the>	NA28+NA27+Tyn+SBL+WH+Treg+TR+Byz	
4	15	20	NKO	θεοῦ.	theou	G2316	N-GSM-T	θεός	God	of God.	NA28+NA27+Tyn+SBL+WH+Treg+TR+Byz	
4	16	1	NKO	διὸ	dio	G1352	CONJ	διό	for	Therefore	NA28+NA27+Tyn+SBL+WH+Treg+TR+Byz	
4	16	2	NKO	οὐκ	ouk	G3756	PRT-N	οὐ	no	not	NA28+NA27+Tyn+SBL+WH+Treg+TR+Byz	
4	16	3	NKO	ἐγκακοῦμεν·	egkakoumen	G1573	V-PAI-1P	ἐκκακέω	to lose heart	we lose heart;	NA28+NA27+Tyn+SBL+WH+Treg+TR+Byz	
4	16	4	NKO	ἀλλ᾽	all᾽	G0235	CONJ	ἀλλά	but	but	NA28+NA27+Tyn+SBL+WH+Treg+TR+Byz	
4	16	5	NKO	εἰ	ei	G1487G	COND	εἰ	if	if	NA28+NA27+Tyn+SBL+WH+Treg+TR+Byz	
4	16	6	NKO	καὶ	kai	G2532	CONJ	καί	and	even	NA28+NA27+Tyn+SBL+WH+Treg+TR+Byz	
4	16	7	NKO	ὁ	ho	G3588	T-NSM	ὁ	the/this/who	the	NA28+NA27+Tyn+SBL+WH+Treg+TR+Byz	
4	16	8	NKO	ἔξω	exō	G1854	PREP	ἔξω	out/outside(r)	outward	NA28+NA27+Tyn+SBL+WH+Treg+TR+Byz	
4	16	9	NKO	ἡμῶν	hēmōn	G3165	P-1GP	ἐγώ	I/we	of us	NA28+NA27+Tyn+SBL+WH+Treg+TR+Byz	
4	16	10	NKO	ἄνθρωπος	anthrōpos	G0444	N-NSM	ἄνθρωπος	a human	man	NA28+NA27+Tyn+SBL+WH+Treg+TR+Byz	
4	16	11	NKO	διαφθείρεται,	diaphtheiretai	G1311	V-PPI-3S	διαφθείρω	to destroy	is being brought to decay,	NA28+NA27+Tyn+SBL+WH+Treg+TR+Byz	
4	16	12	NKO	ἀλλ᾽	all᾽	G0235	CONJ	ἀλλά	but	yet	NA28+NA27+Tyn+SBL+WH+Treg+TR+Byz	
4	16	13	NKO	ὁ	ho	G3588	T-NSM	ὁ	the/this/who	the	NA28+NA27+Tyn+SBL+WH+Treg+TR+Byz	
4	16	14	N(k)O	ἔσω	esō	G2080	ADV	ἔσω	in/inner/inwardly	inner	NA28+NA27+Tyn+SBL+WH+Treg	
4	16	15	no	ἡμῶν	hēmōn	G3165	P-1GP	ἐγώ	I/we	of us	NA28+NA27+Tyn+SBL+WH+Treg	
4	16	16	NKO	ἀνακαινοῦται	anakainoutai	G0341	V-PPI-3S	ἀνακαινόω	to renew	is being renewed	NA28+NA27+Tyn+SBL+WH+Treg+TR+Byz	
4	16	17	NKO	ἡμέρᾳ	hēmera	G2250	N-DSF	ἡμέρα	day	by day	NA28+NA27+Tyn+SBL+WH+Treg+TR+Byz	
4	16	18	NKO	καὶ	kai	G2532	CONJ	καί	and	and	NA28+NA27+Tyn+SBL+WH+Treg+TR+Byz	
4	16	19	NKO	ἡμέρᾳ.	hēmera	G2250	N-DSF	ἡμέρα	day	by day.	NA28+NA27+Tyn+SBL+WH+Treg+TR+Byz	
4	17	1	NKO	τὸ	to	G3588	T-NSN	ὁ	the/this/who	The	NA28+NA27+Tyn+SBL+WH+Treg+TR+Byz	
4	17	2	NKO	γὰρ	gar	G1063	CONJ	γάρ	for	for	NA28+NA27+Tyn+SBL+WH+Treg+TR+Byz	
4	17	3	NKO	παραυτίκα	parautika	G3910	ADV	παραυτίκα	momentary	momentary	NA28+NA27+Tyn+SBL+WH+Treg+TR+Byz	
4	17	4	NKO	ἐλαφρὸν	elaphron	G1645	A-NSN	ἐλαφρός	light	lightness	NA28+NA27+Tyn+SBL+WH+Treg+TR+Byz	
4	17	5	NKO	τῆς	tēs	G3588	T-GSF	ὁ	the/this/who	the	NA28+NA27+Tyn+SBL+WH+Treg+TR+Byz	
4	17	6	NKO	θλίψεως	thlipseōs	G2347	N-GSF	θλῖψις	pressure	affliction	NA28+NA27+Tyn+SBL+WH+Treg+TR+Byz	
4	17	7	NKO	ἡμῶν	hēmōn	G3165	P-1GP	ἐγώ	I/we	of us	NA28+NA27+Tyn+SBL+Treg+TR+Byz	
4	17	8	NKO	καθ᾽	kath᾽	G2596	PREP	κατά	according to	far	NA28+NA27+Tyn+SBL+WH+Treg+TR+Byz	
4	17	9	NKO	ὑπερβολὴν	huperbolēn	G5236	N-ASF	ὑπερβολή	surpassing	surpassing	NA28+NA27+Tyn+SBL+WH+Treg+TR+Byz	
4	17	10	NKO	εἰς	eis	G1519	PREP	εἰς	toward	to	NA28+NA27+Tyn+SBL+WH+Treg+TR+Byz	
4	17	11	NKO	ὑπερβολὴν	huperbolēn	G5236	N-ASF	ὑπερβολή	surpassing	excessiveness	NA28+NA27+Tyn+SBL+WH+Treg+TR+Byz	
4	17	12	NKO	αἰώνιον	aiōnion	G0166	A-ASN	αἰώνιος	eternal	an eternal	NA28+NA27+Tyn+SBL+WH+Treg+TR+Byz	
4	17	13	NKO	βάρος	baros	G0922	N-ASN	βάρος	burden	weight	NA28+NA27+Tyn+SBL+WH+Treg+TR+Byz	
4	17	14	NKO	δόξης	doxēs	G1391	N-GSF	δόξα	glory	of glory	NA28+NA27+Tyn+SBL+WH+Treg+TR+Byz	
4	17	15	NKO	κατεργάζεται	katergazetai	G2716	V-PNI-3S	κατεργάζομαι	to workout/produce	is producing	NA28+NA27+Tyn+SBL+WH+Treg+TR+Byz	
4	17	16	NKO	ἡμῖν,	hēmin	G3165	P-1DP	ἐγώ	I/we	for us,	NA28+NA27+Tyn+SBL+WH+Treg+TR+Byz	
4	18	1	NKO	μὴ	mē	G3361	PRT-N	μή	not	not	NA28+NA27+Tyn+SBL+WH+Treg+TR+Byz	
4	18	2	NKO	σκοπούντων	skopountōn	G4648	V-PAP-GPM	σκοπέω	to watch out	are looking at	NA28+NA27+Tyn+SBL+WH+Treg+TR+Byz	
4	18	3	NKO	ἡμῶν	hēmōn	G3165	P-1GP	ἐγώ	I/we	we	NA28+NA27+Tyn+SBL+WH+Treg+TR+Byz	
4	18	4	NKO	τὰ	ta	G3588	T-APN	ὁ	the/this/who	the [things]	NA28+NA27+Tyn+SBL+WH+Treg+TR+Byz	
4	18	5	NKO	βλεπόμενα	blepomena	G0991	V-PPP-APN	βλέπω	to see	being seen	NA28+NA27+Tyn+SBL+WH+Treg+TR+Byz	
4	18	6	NKO	ἀλλὰ	alla	G0235	CONJ	ἀλλά	but	but	NA28+NA27+Tyn+SBL+WH+Treg+TR+Byz	
4	18	7	NKO	τὰ	ta	G3588	T-APN	ὁ	the/this/who	the [things]	NA28+NA27+Tyn+SBL+WH+Treg+TR+Byz	
4	18	8	NKO	μὴ	mē	G3361	PRT-N	μή	not	not	NA28+NA27+Tyn+SBL+WH+Treg+TR+Byz	
4	18	9	NKO	βλεπόμενα·	blepomena	G0991	V-PPP-APN	βλέπω	to see	being seen;	NA28+NA27+Tyn+SBL+WH+Treg+TR+Byz	
4	18	10	NKO	τὰ	ta	G3588	T-NPN	ὁ	the/this/who	The [things]	NA28+NA27+Tyn+SBL+WH+Treg+TR+Byz	
4	18	11	NKO	γὰρ	gar	G1063	CONJ	γάρ	for	for	NA28+NA27+Tyn+SBL+WH+Treg+TR+Byz	
4	18	12	NKO	βλεπόμενα	blepomena	G0991	V-PPP-NPN	βλέπω	to see	being seen [are]	NA28+NA27+Tyn+SBL+WH+Treg+TR+Byz	
4	18	13	NKO	πρόσκαιρα,	proskaira	G4340	A-NPN	πρόσκαιρος	temporary	temporary,	NA28+NA27+Tyn+SBL+WH+Treg+TR+Byz	
4	18	14	NKO	τὰ	ta	G3588	T-NPN	ὁ	the/this/who	the [things]	NA28+NA27+Tyn+SBL+WH+Treg+TR+Byz	
4	18	15	NKO	δὲ	de	G1161	CONJ	δέ	but/and	however	NA28+NA27+Tyn+SBL+WH+Treg+TR+Byz	
4	18	16	NKO	μὴ	mē	G3361	PRT-N	μή	not	not	NA28+NA27+Tyn+SBL+WH+Treg+TR+Byz	
4	18	17	NKO	βλεπόμενα	blepomena	G0991	V-PPP-NPN	βλέπω	to see	being seen	NA28+NA27+Tyn+SBL+WH+Treg+TR+Byz	
4	18	18	NKO	αἰώνια.¶	aiōnia	G0166	A-NPN	αἰώνιος	eternal	[are] eternal.	NA28+NA27+Tyn+SBL+WH+Treg+TR+Byz	
5	1	1	NKO	Οἴδαμεν	Oidamen	G6063	V-RAI-1P	εἴδω	to perceive	We know	NA28+NA27+Tyn+SBL+WH+Treg+TR+Byz	
5	1	2	NKO	γὰρ	gar	G1063	CONJ	γάρ	for	for	NA28+NA27+Tyn+SBL+WH+Treg+TR+Byz	
5	1	3	NKO	ὅτι	hoti	G3754G	CONJ	ὅτι	that/since	that	NA28+NA27+Tyn+SBL+WH+Treg+TR+Byz	
5	1	4	NKO	ἐὰν	ean	G1437	COND	ἐάν	if	if	NA28+NA27+Tyn+SBL+WH+Treg+TR+Byz	
5	1	5	NKO	ἡ	hē	G3588	T-NSF	ὁ	the/this/who	the	NA28+NA27+Tyn+SBL+WH+Treg+TR+Byz	
5	1	6	NKO	ἐπίγειος	epigeios	G1919	A-NSF	ἐπίγειος	earthly	earthly	NA28+NA27+Tyn+SBL+WH+Treg+TR+Byz	
5	1	7	NKO	ἡμῶν	hēmōn	G3165	P-1GP	ἐγώ	I/we	of us	NA28+NA27+Tyn+SBL+WH+Treg+TR+Byz	
5	1	8	NKO	οἰκία	oikia	G3614G	N-NSF	οἰκία	home	house	NA28+NA27+Tyn+SBL+WH+Treg+TR+Byz	
5	1	9	NKO	τοῦ	tou	G3588	T-GSN	ὁ	the/this/who	the	NA28+NA27+Tyn+SBL+WH+Treg+TR+Byz	
5	1	10	NKO	σκήνους	skēnous	G4636	N-GSN	σκῆνος	tent	tent	NA28+NA27+Tyn+SBL+WH+Treg+TR+Byz	
5	1	11	NKO	καταλυθῇ,	kataluthēa	G2647	V-APS-3S	καταλύω	to destroy/lodge	shall be destroyed,	NA28+NA27+Tyn+SBL+WH+Treg+TR+Byz	
5	1	12	NKO	οἰκοδομὴν	oikodomēn	G3619	N-ASF	οἰκοδομή	building	a building	NA28+NA27+Tyn+SBL+WH+Treg+TR+Byz	
5	1	13	NKO	ἐκ	ek	G1537	PREP	ἐκ	out from	from	NA28+NA27+Tyn+SBL+WH+Treg+TR+Byz	
5	1	14	NKO	θεοῦ	theou	G2316	N-GSM-T	θεός	God	God	NA28+NA27+Tyn+SBL+WH+Treg+TR+Byz	
5	1	15	NKO	ἔχομεν,	echomen	G2192	V-PAI-1P	ἔχω	to have/be	we have,	NA28+NA27+Tyn+SBL+WH+Treg+TR+Byz	
5	1	16	NKO	οἰκίαν	oikian	G3614G	N-ASF	οἰκία	home	a house	NA28+NA27+Tyn+SBL+WH+Treg+TR+Byz	
5	1	17	NKO	ἀχειροποίητον	acheiropoiēton	G0886	A-ASF	ἀχειροποίητος	not man-made	not made with hands	NA28+NA27+Tyn+SBL+WH+Treg+TR+Byz	
5	1	18	NKO	αἰώνιον	aiōnion	G0166	A-ASF	αἰώνιος	eternal	eternal	NA28+NA27+Tyn+SBL+WH+Treg+TR+Byz	
5	1	19	NKO	ἐν	en	G1722	PREP	ἐν	in/on/among	in	NA28+NA27+Tyn+SBL+WH+Treg+TR+Byz	
5	1	20	NKO	τοῖς	tois	G3588	T-DPM	ὁ	the/this/who	the	NA28+NA27+Tyn+SBL+WH+Treg+TR+Byz	
5	1	21	NKO	οὐρανοῖς.	ouranois	G3772	N-DPM	οὐρανός	heaven	heavens.	NA28+NA27+Tyn+SBL+WH+Treg+TR+Byz	
5	2	1	NKO	καὶ	kai	G2532	CONJ	καί	and	And	NA28+NA27+Tyn+SBL+WH+Treg+TR+Byz	
5	2	2	NKO	γὰρ	gar	G1063	CONJ	γάρ	for	indeed	NA28+NA27+Tyn+SBL+WH+Treg+TR+Byz	
5	2	3	NKO	ἐν	en	G1722	PREP	ἐν	in/on/among	in	NA28+NA27+Tyn+SBL+WH+Treg+TR+Byz	
5	2	4	NKO	τούτῳ	toutō	G3778	D-DSN	οὗτος	this/he/she/it	this	NA28+NA27+Tyn+SBL+WH+Treg+TR+Byz	
5	2	5	NKO	στενάζομεν,	stenazomen	G4727	V-PAI-1P	στενάζω	to groan	we groan,	NA28+NA27+Tyn+SBL+WH+Treg+TR+Byz	
5	2	6	NKO	τὸ	to	G3588	T-ASN	ὁ	the/this/who	the	NA28+NA27+Tyn+SBL+WH+Treg+TR+Byz	
5	2	7	NKO	οἰκητήριον	oikētērion	G3613	N-ASN	οἰκητήριον	dwelling	dwelling	NA28+NA27+Tyn+SBL+WH+Treg+TR+Byz	
5	2	8	NKO	ἡμῶν	hēmōn	G3165	P-1GP	ἐγώ	I/we	of us	NA28+NA27+Tyn+SBL+WH+Treg+TR+Byz	
5	2	9	NKO	τὸ	to	G3588	T-ASN	ὁ	the/this/who	which [is]	NA28+NA27+Tyn+SBL+WH+Treg+TR+Byz	
5	2	10	NKO	ἐξ	ex	G1537	PREP	ἐκ	out from	from	NA28+NA27+Tyn+SBL+WH+Treg+TR+Byz	
5	2	11	NKO	οὐρανοῦ	ouranou	G3772	N-GSM	οὐρανός	heaven	heaven	NA28+NA27+Tyn+SBL+WH+Treg+TR+Byz	
5	2	12	NKO	ἐπενδύσασθαι	ependusasthai	G1902	V-AMN	ἐπενδύω	be clothed	to be clothed with	NA28+NA27+Tyn+SBL+WH+Treg+TR+Byz	
5	2	13	NKO	ἐπιποθοῦντες·	epipothountes	G1971	V-PAP-NPM	ἐπιποθέω	to long for	longing;	NA28+NA27+Tyn+SBL+WH+Treg+TR+Byz	
5	3	1	NK(o)	εἴ	ei	G1487G	COND	εἰ	if	If	NA28+NA27+Tyn+SBL+WH+Treg+TR»1+Byz	
5	3	2	NK(o)	γε	ge	G1065	PRT	γέ	indeed	even	NA28+NA27+Tyn+SBL+WH+TR+Byz	
5	3	3	NKO	καὶ	kai	G2532	CONJ	καί	and	even	NA28+NA27+Tyn+SBL+WH+Treg+TR+Byz	
5	3	4	N(K)O	ἐκδυσάμενοι	ekdusamenoi	G1562	V-AAP-NPM	ἐκδύω	to strip	having put off	NA28+NA27	
5	3	5	NKO	οὐ	ou	G3756	PRT-N	οὐ	no	not	NA28+NA27+Tyn+SBL+WH+Treg+TR+Byz	
5	3	6	NKO	γυμνοὶ	gumnoi	G1131	A-NPM	γυμνός	naked	naked	NA28+NA27+Tyn+SBL+WH+Treg+TR+Byz	
5	3	7	NKO	εὑρεθησόμεθα.	heurethēsometha	G2147	V-FPI-1P	εὑρίσκω	to find/meet	we will be found.	NA28+NA27+Tyn+SBL+WH+Treg+TR+Byz	
5	4	1	NKO	καὶ	kai	G2532	CONJ	καί	and	And	NA28+NA27+Tyn+SBL+WH+Treg+TR+Byz	
5	4	2	NKO	γὰρ	gar	G1063	CONJ	γάρ	for	for	NA28+NA27+Tyn+SBL+WH+Treg+TR+Byz	
5	4	3	NKO	οἱ	hoi	G3588	T-NPM	ὁ	the/this/who	those	NA28+NA27+Tyn+SBL+WH+Treg+TR+Byz	
5	4	4	NKO	ὄντες	ontes	G1510	V-PAP-NPM	εἰμί	to be	being	NA28+NA27+Tyn+SBL+WH+Treg+TR+Byz	
5	4	5	NKO	ἐν	en	G1722	PREP	ἐν	in/on/among	in	NA28+NA27+Tyn+SBL+WH+Treg+TR+Byz	
5	4	6	NKO	τῷ	tō	G3588	T-DSN	ὁ	the/this/who	the	NA28+NA27+Tyn+SBL+WH+Treg+TR+Byz	
5	4	7	NKO	σκήνει	skēnei	G4636	N-DSN	σκῆνος	tent	tent	NA28+NA27+Tyn+SBL+WH+Treg+TR+Byz	
5	4	8	NKO	στενάζομεν	stenazomen	G4727	V-PAI-1P	στενάζω	to groan	we groan	NA28+NA27+Tyn+SBL+WH+Treg+TR+Byz	
5	4	9	NKO	βαρούμενοι,	baroumenoi	G0916	V-PPP-NPM	βαρέω	to burden	being burdened,	NA28+NA27+Tyn+SBL+WH+Treg+TR+Byz	
5	4	10	N(k)O	ἐφ᾽	eph᾽	G1909	PREP	ἐπί	upon/to/against	because	NA28+NA27+Tyn+SBL+WH+Treg+Byz	
5	4	11	NKO	ᾧ	hō	G3739	R-DSN	ὅς, ἥ	which	that	NA28+NA27+Tyn+SBL+WH+Treg+Byz	
5	4	12	NKO	οὐ	ou	G3756	PRT-N	οὐ	no	not	NA28+NA27+Tyn+SBL+WH+Treg+TR+Byz	
5	4	13	NKO	θέλομεν	thelomen	G2309	V-PAI-1P	θέλω	to will/desire	we do wish	NA28+NA27+Tyn+SBL+WH+Treg+TR+Byz	
5	4	14	NKO	ἐκδύσασθαι	ekdusasthai	G1562	V-AMN	ἐκδύω	to strip	to be unclothed	NA28+NA27+Tyn+SBL+WH+Treg+TR+Byz	
5	4	15	NKO	ἀλλ᾽	all᾽	G0235	CONJ	ἀλλά	but	but	NA28+NA27+Tyn+SBL+WH+Treg+TR+Byz	
5	4	16	NKO	ἐπενδύσασθαι,	ependusasthai	G1902	V-AMN	ἐπενδύω	be clothed	to be clothed,	NA28+NA27+Tyn+SBL+WH+Treg+TR+Byz	
5	4	17	NKO	ἵνα	ina	G2443	CONJ	ἵνα	in order that/to	that	NA28+NA27+Tyn+SBL+WH+Treg+TR+Byz	
5	4	18	NKO	καταποθῇ	katapothēa	G2666	V-APS-3S	καταπίνω	to swallow	may be swallowed up	NA28+NA27+Tyn+SBL+WH+Treg+TR+Byz	
5	4	19	NKO	τὸ	to	G3588	T-NSN	ὁ	the/this/who	the	NA28+NA27+Tyn+SBL+WH+Treg+TR+Byz	
5	4	20	NKO	θνητὸν	thnēton	G2349	A-NSN	θνητός	mortal	mortal	NA28+NA27+Tyn+SBL+WH+Treg+TR+Byz	
5	4	21	NKO	ὑπὸ	hupo	G5259G	PREP	ὑπό	by/under	by	NA28+NA27+Tyn+SBL+WH+Treg+TR+Byz	
5	4	22	NKO	τῆς	tēs	G3588	T-GSF	ὁ	the/this/who	<the>	NA28+NA27+Tyn+SBL+WH+Treg+TR+Byz	
5	4	23	NKO	ζωῆς.¶	zōēs	G2222	N-GSF	ζωή	life	life.	NA28+NA27+Tyn+SBL+WH+Treg+TR+Byz	
5	5	1	NKO	Ὁ	Ho	G3588	T-NSM	ὁ	the/this/who	The [One]	NA28+NA27+Tyn+SBL+WH+Treg+TR+Byz	
5	5	2	NKO	δὲ	de	G1161	CONJ	δέ	but/and	now	NA28+NA27+Tyn+SBL+WH+Treg+TR+Byz	
5	5	3	NKO	κατεργασάμενος	katergasamenos	G2716	V-ADP-NSM	κατεργάζομαι	to workout/produce	having prepared	NA28+NA27+Tyn+SBL+WH+Treg+TR+Byz	
5	5	4	NKO	ἡμᾶς	hēmas	G3165	P-1AP	ἐγώ	I/we	us	NA28+NA27+Tyn+SBL+WH+Treg+TR+Byz	
5	5	5	NKO	εἰς	eis	G1519	PREP	εἰς	toward	for	NA28+NA27+Tyn+SBL+WH+Treg+TR+Byz	
5	5	6	NKO	αὐτὸ	auto	G0846	P-ASN	αὐτός	he/she/it/self	very	NA28+NA27+Tyn+SBL+WH+Treg+TR+Byz	
5	5	7	NKO	τοῦτο	touto	G3778	D-ASN	οὗτος	this/he/she/it	this	NA28+NA27+Tyn+SBL+WH+Treg+TR+Byz	
5	5	8	NKO	θεός,	theos	G2316	N-NSM-T	θεός	God	[is] God,	NA28+NA27+Tyn+SBL+WH+Treg+TR+Byz	
5	5	9	NKO	ὁ	ho	G3588	T-NSM	ὁ	the/this/who	<the>	NA28+NA27+Tyn+SBL+WH+Treg+TR+Byz	
5	5	10	k	καὶ	kai	G2532	CONJ	καί	and	and	TR+Byz	
5	5	11	NKO	δοὺς	dous	G1325	V-2AAP-NSM	δίδωμι	to give	having given	NA28+NA27+Tyn+SBL+WH+Treg+TR+Byz	
5	5	12	NKO	ἡμῖν	hēmin	G3165	P-1DP	ἐγώ	I/we	to us	NA28+NA27+Tyn+SBL+WH+Treg+TR+Byz	
5	5	13	NKO	τὸν	ton	G3588	T-ASM	ὁ	the/this/who	the	NA28+NA27+Tyn+SBL+WH+Treg+TR+Byz	
5	5	14	NKO	ἀρραβῶνα	arrabōna	G0728	N-ASM	ἀρραβών	guarantee	pledge	NA28+NA27+Tyn+SBL+WH+Treg+TR+Byz	
5	5	15	NKO	τοῦ	tou	G3588	T-GSN	ὁ	the/this/who	of the	NA28+NA27+Tyn+SBL+WH+Treg+TR+Byz	
5	5	16	NKO	πνεύματος.¶	pneumatos	G4151G	N-GSN	πνεῦμα	spirit/breath	Spirit.	NA28+NA27+Tyn+SBL+WH+Treg+TR+Byz	
5	6	1	NKO	Θαρροῦντες	Tharrountes	G2292	V-PAP-NPM	θαρρέω	be confident	being confident	NA28+NA27+Tyn+SBL+WH+Treg+TR+Byz	
5	6	2	NKO	οὖν	oun	G3767	CONJ	οὖν	therefore/then	therefore	NA28+NA27+Tyn+SBL+WH+Treg+TR+Byz	
5	6	3	NKO	πάντοτε	pantote	G3842	ADV	πάντοτε	always	always	NA28+NA27+Tyn+SBL+WH+Treg+TR+Byz	
5	6	4	NKO	καὶ	kai	G2532	CONJ	καί	and	and	NA28+NA27+Tyn+SBL+WH+Treg+TR+Byz	
5	6	5	NKO	εἰδότες	eidotes	G6063	V-RAP-NPM	εἴδω	to perceive	knowing	NA28+NA27+Tyn+SBL+WH+Treg+TR+Byz	
5	6	6	NKO	ὅτι	hoti	G3754G	CONJ	ὅτι	that/since	that	NA28+NA27+Tyn+SBL+WH+Treg+TR+Byz	
5	6	7	NKO	ἐνδημοῦντες	endēmountes	G1736	V-PAP-NPM	ἐνδημέω	be home	being at home	NA28+NA27+Tyn+SBL+WH+Treg+TR+Byz	
5	6	8	NKO	ἐν	en	G1722	PREP	ἐν	in/on/among	in	NA28+NA27+Tyn+SBL+WH+Treg+TR+Byz	
5	6	9	NKO	τῷ	tō	G3588	T-DSN	ὁ	the/this/who	the	NA28+NA27+Tyn+SBL+WH+Treg+TR+Byz	
5	6	10	NKO	σώματι,	sōmati	G4983	N-DSN	σῶμα	body	body,	NA28+NA27+Tyn+SBL+WH+Treg+TR+Byz	
5	6	11	NKO	ἐκδημοῦμεν	ekdēmoumen	G1553	V-PAI-1P	ἐκδημέω	be away	we are absent	NA28+NA27+Tyn+SBL+WH+Treg+TR+Byz	
5	6	12	NKO	ἀπὸ	apo	G0575	PREP	ἀπό	away from	from	NA28+NA27+Tyn+SBL+WH+Treg+TR+Byz	
5	6	13	NKO	τοῦ	tou	G3588	T-GSM	ὁ	the/this/who	the	NA28+NA27+Tyn+SBL+WH+Treg+TR+Byz	
5	6	14	NKO	κυρίου·	kuriou	G2962G	N-GSM-T	κύριος	lord	Lord;	NA28+NA27+Tyn+SBL+WH+Treg+TR+Byz	
5	7	1	NKO	διὰ	dia	G1223	PREP	διά	through/because of	through	NA28+NA27+Tyn+SBL+WH+Treg+TR+Byz	
5	7	2	NKO	πίστεως	pisteōs	G4102G	N-GSF	πίστις	faith	faith	NA28+NA27+Tyn+SBL+WH+Treg+TR+Byz	
5	7	3	NKO	γὰρ	gar	G1063	CONJ	γάρ	for	for	NA28+NA27+Tyn+SBL+WH+Treg+TR+Byz	
5	7	4	NKO	περιπατοῦμεν,	peripatoumen	G4043	V-PAI-1P	περιπατέω	to walk	we walk,	NA28+NA27+Tyn+SBL+WH+Treg+TR+Byz	
5	7	5	NKO	οὐ	ou	G3756	PRT-N	οὐ	no	not	NA28+NA27+Tyn+SBL+WH+Treg+TR+Byz	
5	7	6	NKO	διὰ	dia	G1223	PREP	διά	through/because of	through	NA28+NA27+Tyn+SBL+WH+Treg+TR+Byz	
5	7	7	NKO	εἴδους,	eidous	G1491	N-GSN	εἶδος	appearance	sight,	NA28+NA27+Tyn+SBL+WH+Treg+TR+Byz	
5	8	1	NKO	θαρροῦμεν	tharroumen	G2292	V-PAI-1P	θαρρέω	be confident	We are confident	NA28+NA27+Tyn+SBL+WH+Treg+TR+Byz	
5	8	2	NKO	δὲ	de	G1161	CONJ	δέ	but/and	now	NA28+NA27+Tyn+SBL+WH+Treg+TR+Byz	
5	8	3	NKO	καὶ	kai	G2532	CONJ	καί	and	and	NA28+NA27+Tyn+SBL+WH+Treg+TR+Byz	
5	8	4	NKO	εὐδοκοῦμεν	eudokoumen	G2106	V-PAI-1P	εὐδοκέω	to delight	we are pleased	NA28+NA27+Tyn+SBL+WH+Treg+TR+Byz	
5	8	5	NKO	μᾶλλον	mallon	G3123H	ADV	μᾶλλον	more	rather	NA28+NA27+Tyn+SBL+WH+Treg+TR+Byz	
5	8	6	NKO	ἐκδημῆσαι	ekdēmēsai	G1553	V-AAN	ἐκδημέω	be away	to be absent	NA28+NA27+Tyn+SBL+WH+Treg+TR+Byz	
5	8	7	NKO	ἐκ	ek	G1537	PREP	ἐκ	out from	out of	NA28+NA27+Tyn+SBL+WH+Treg+TR+Byz	
5	8	8	NKO	τοῦ	tou	G3588	T-GSN	ὁ	the/this/who	the	NA28+NA27+Tyn+SBL+WH+Treg+TR+Byz	
5	8	9	NKO	σώματος	sōmatos	G4983	N-GSN	σῶμα	body	body	NA28+NA27+Tyn+SBL+WH+Treg+TR+Byz	
5	8	10	NKO	καὶ	kai	G2532	CONJ	καί	and	and	NA28+NA27+Tyn+SBL+WH+Treg+TR+Byz	
5	8	11	NKO	ἐνδημῆσαι	endēmēsai	G1736	V-AAN	ἐνδημέω	be home	to be at home	NA28+NA27+Tyn+SBL+WH+Treg+TR+Byz	
5	8	12	NKO	πρὸς	pros	G4314	PREP	πρός	to/with	with	NA28+NA27+Tyn+SBL+WH+Treg+TR+Byz	
5	8	13	NKO	τὸν	ton	G3588	T-ASM	ὁ	the/this/who	the	NA28+NA27+Tyn+SBL+WH+Treg+TR+Byz	
5	8	14	NKO	κύριον.	kurion	G2962G	N-ASM-T	κύριος	lord	Lord.	NA28+NA27+Tyn+SBL+WH+Treg+TR+Byz	
5	9	1	NKO	διὸ	dio	G1352	CONJ	διό	for	Therefore	NA28+NA27+Tyn+SBL+WH+Treg+TR+Byz	
5	9	2	NKO	καὶ	kai	G2532	CONJ	καί	and	also	NA28+NA27+Tyn+SBL+WH+Treg+TR+Byz	
5	9	3	NKO	φιλοτιμούμεθα,	philotimoumetha	G5389	V-PNI-1P	φιλοτιμέομαι	to aspire	we are ambitious,	NA28+NA27+Tyn+SBL+WH+Treg+TR+Byz	
5	9	4	NKO	εἴτε	eite	G1535	COND	εἴτε	whether	whether	NA28+NA27+Tyn+SBL+WH+Treg+TR+Byz	
5	9	5	NKO	ἐνδημοῦντες	endēmountes	G1736	V-PAP-NPM	ἐνδημέω	be home	being at home	NA28+NA27+Tyn+SBL+WH+Treg+TR+Byz	
5	9	6	NKO	εἴτε	eite	G1535	COND	εἴτε	whether	or	NA28+NA27+Tyn+SBL+WH+Treg+TR+Byz	
5	9	7	NKO	ἐκδημοῦντες,	ekdēmountes	G1553	V-PAP-NPM	ἐκδημέω	be away	being away,	NA28+NA27+Tyn+SBL+WH+Treg+TR+Byz	
5	9	8	NKO	εὐάρεστοι	euarestoi	G2101	A-NPM	εὐάρεστος	well-pleasing	well-pleasing	NA28+NA27+Tyn+SBL+WH+Treg+TR+Byz	
5	9	9	NKO	αὐτῷ	autō	G0846	P-DSM	αὐτός	he/she/it/self	to Him	NA28+NA27+Tyn+SBL+WH+Treg+TR+Byz	
5	9	10	NKO	εἶναι·	einai	G1511	V-PAN	εἰμί	to be	to be;	NA28+NA27+Tyn+SBL+WH+Treg+TR+Byz	
5	10	1	NKO	τοὺς	tous	G3588	T-APM	ὁ	the/this/who	<the>	NA28+NA27+Tyn+SBL+WH+Treg+TR+Byz	
5	10	2	NKO	γὰρ	gar	G1063	CONJ	γάρ	for	For	NA28+NA27+Tyn+SBL+WH+Treg+TR+Byz	
5	10	3	NKO	πάντας	pantas	G3956	A-APM	πᾶς	all	all	NA28+NA27+Tyn+SBL+WH+Treg+TR+Byz	
5	10	4	NKO	ἡμᾶς	hēmas	G3165	P-1AP	ἐγώ	I/we	of us	NA28+NA27+Tyn+SBL+WH+Treg+TR+Byz	
5	10	5	NKO	φανερωθῆναι	phanerōthēnai	G5319	V-APN	φανερόω	to manifest	to be revealed	NA28+NA27+Tyn+SBL+WH+Treg+TR+Byz	
5	10	6	NKO	δεῖ	dei	G1163	V-PAI-3S	δεῖ	be necessary	it behooves	NA28+NA27+Tyn+SBL+WH+Treg+TR+Byz	
5	10	7	NKO	ἔμπροσθεν	emprosthen	G1715	PREP	ἔμπροσθεν	before	before	NA28+NA27+Tyn+SBL+WH+Treg+TR+Byz	
5	10	8	NKO	τοῦ	tou	G3588	T-GSN	ὁ	the/this/who	the	NA28+NA27+Tyn+SBL+WH+Treg+TR+Byz	
5	10	9	NKO	βήματος	bēmatos	G0968	N-GSN	βῆμα	judgement seat	judgment seat	NA28+NA27+Tyn+SBL+WH+Treg+TR+Byz	
5	10	10	NKO	τοῦ	tou	G3588	T-GSM	ὁ	the/this/who	<the>	NA28+NA27+Tyn+SBL+WH+Treg+TR+Byz	
5	10	11	NKO	Χριστοῦ,	Christou	G5547	N-GSM-T	Χριστός	Christ	of Christ,	NA28+NA27+Tyn+SBL+WH+Treg+TR+Byz	
5	10	12	NKO	ἵνα	ina	G2443	CONJ	ἵνα	in order that/to	that	NA28+NA27+Tyn+SBL+WH+Treg+TR+Byz	
5	10	13	NKO	κομίσηται	komisētai	G2865	V-AMS-3S	κομίζω	to bring/be repaid	may receive back	NA28+NA27+Tyn+SBL+WH+Treg+TR+Byz	
5	10	14	NKO	ἕκαστος	hekastos	G1538	A-NSM	ἕκαστος	each	each	NA28+NA27+Tyn+SBL+WH+Treg+TR+Byz	
5	10	15	NKO	τὰ	ta	G3588	T-APN	ὁ	the/this/who	the [things done]	NA28+NA27+Tyn+SBL+WH+Treg+TR+Byz	
5	10	16	NKO	διὰ	dia	G1223	PREP	διά	through/because of	in	NA28+NA27+Tyn+SBL+WH+Treg+TR+Byz	
5	10	17	NKO	τοῦ	tou	G3588	T-GSN	ὁ	the/this/who	the	NA28+NA27+Tyn+SBL+WH+Treg+TR+Byz	
5	10	18	NKO	σώματος	sōmatos	G4983	N-GSN	σῶμα	body	body	NA28+NA27+Tyn+SBL+WH+Treg+TR+Byz	
5	10	19	NKO	πρὸς	pros	G4314	PREP	πρός	to/with	according to	NA28+NA27+Tyn+SBL+WH+Treg+TR+Byz	
5	10	20	NKO	ἃ	ha	G3739	R-APN	ὅς, ἥ	which	what	NA28+NA27+Tyn+SBL+WH+Treg+TR+Byz	
5	10	21	NKO	ἔπραξεν,	epraxen	G4238	V-AAI-3S	πράσσω	to do/require	he did,	NA28+NA27+Tyn+SBL+WH+Treg+TR+Byz	
5	10	22	NKO	εἴτε	eite	G1535	COND	εἴτε	whether	whether	NA28+NA27+Tyn+SBL+WH+Treg+TR+Byz	
5	10	23	NKO	ἀγαθὸν	agathon	G0018	A-ASN	ἀγαθός	good-doer	good	NA28+NA27+Tyn+SBL+WH+Treg+TR+Byz	
5	10	24	NKO	εἴτε	eite	G1535	COND	εἴτε	whether	or	NA28+NA27+Tyn+SBL+WH+Treg+TR+Byz	
5	10	25	N(k)O	φαῦλον.¶	phaulon	G5337	A-ASN	φαῦλος	evil	evil.	NA28+NA27+Tyn+SBL+WH+Treg	
5	11	1	NKO	Εἰδότες	Eidotes	G6063	V-RAP-NPM	εἴδω	to perceive	Knowing	NA28+NA27+Tyn+SBL+WH+Treg+TR+Byz	
5	11	2	NKO	οὖν	oun	G3767	CONJ	οὖν	therefore/then	therefore	NA28+NA27+Tyn+SBL+WH+Treg+TR+Byz	
5	11	3	NKO	τὸν	ton	G3588	T-ASM	ὁ	the/this/who	the	NA28+NA27+Tyn+SBL+WH+Treg+TR+Byz	
5	11	4	NKO	φόβον	phobon	G5401	N-ASM	φόβος	fear	fear	NA28+NA27+Tyn+SBL+WH+Treg+TR+Byz	
5	11	5	NKO	τοῦ	tou	G3588	T-GSM	ὁ	the/this/who	of the	NA28+NA27+Tyn+SBL+WH+Treg+TR+Byz	
5	11	6	NKO	κυρίου	kuriou	G2962G	N-GSM-T	κύριος	lord	Lord	NA28+NA27+Tyn+SBL+WH+Treg+TR+Byz	
5	11	7	NKO	ἀνθρώπους	anthrōpous	G0444	N-APM	ἄνθρωπος	a human	men	NA28+NA27+Tyn+SBL+WH+Treg+TR+Byz	
5	11	8	NKO	πείθομεν,	peithomen	G3982	V-PAI-1P	πείθω	to persuade	we persuade	NA28+NA27+Tyn+SBL+WH+Treg+TR+Byz	
5	11	9	NKO	θεῷ	theō	G2316	N-DSM-T	θεός	God	to God	NA28+NA27+Tyn+SBL+WH+Treg+TR+Byz	
5	11	10	NKO	δὲ	de	G1161	CONJ	δέ	but/and	and	NA28+NA27+Tyn+SBL+WH+Treg+TR+Byz	
5	11	11	NKO	πεφανερώμεθα·	pephanerōmetha	G5319	V-RPI-1P	φανερόω	to manifest	we have been made manifest;	NA28+NA27+Tyn+SBL+WH+Treg+TR+Byz	
5	11	12	NKO	ἐλπίζω	elpizō	G1679	V-PAI-1S	ἐλπίζω	to hope/expect	I hope	NA28+NA27+Tyn+SBL+WH+Treg+TR+Byz	
5	11	13	NKO	δὲ	de	G1161	CONJ	δέ	but/and	now	NA28+NA27+Tyn+SBL+WH+Treg+TR+Byz	
5	11	14	NKO	καὶ	kai	G2532	CONJ	καί	and	also	NA28+NA27+Tyn+SBL+WH+Treg+TR+Byz	
5	11	15	NKO	ἐν	en	G1722	PREP	ἐν	in/on/among	in	NA28+NA27+Tyn+SBL+WH+Treg+TR+Byz	
5	11	16	NKO	ταῖς	tais	G3588	T-DPF	ὁ	the/this/who	the	NA28+NA27+Tyn+SBL+WH+Treg+TR+Byz	
5	11	17	NKO	συνειδήσεσιν	suneidēsesin	G4893	N-DPF	συνείδησις	conscience	consciences	NA28+NA27+Tyn+SBL+WH+Treg+TR+Byz	
5	11	18	NKO	ὑμῶν	humōn	G4771	P-2GP	σύ	you	of you	NA28+NA27+Tyn+SBL+WH+Treg+TR+Byz	
5	11	19	NKO	πεφανερῶσθαι.¶	pephanerōsthai	G5319	V-RPN	φανερόω	to manifest	to have been made manifest.	NA28+NA27+Tyn+SBL+WH+Treg+TR+Byz	
5	12	1	NKO	Οὐ	Ou	G3756	PRT-N	οὐ	no	Not	NA28+NA27+Tyn+SBL+WH+Treg+TR+Byz	
5	12	2	k	γὰρ	gar	G1063	CONJ	γάρ	for	for	TR+Byz	
5	12	3	NKO	πάλιν	palin	G3825	ADV	πάλιν	again	again	NA28+NA27+Tyn+SBL+WH+Treg+TR+Byz	
5	12	4	NKO	ἑαυτοὺς	he'autous	G1438	F-1APM	ἑαυτοῦ	my/your/him-self	ourselves	NA28+NA27+Tyn+SBL+WH+Treg+TR+Byz	
5	12	5	NKO	συνιστάνομεν	sunistanomen	G4921	V-PAI-1P	συνίστημι, συνιστάω	to commend	are we commending	NA28+NA27+Tyn+SBL+WH+Treg+TR+Byz	
5	12	6	NKO	ὑμῖν,	humin	G4771	P-2DP	σύ	you	to you,	NA28+NA27+Tyn+SBL+WH+Treg+TR+Byz	
5	12	7	NKO	ἀλλ᾽	all᾽	G0235	CONJ	ἀλλά	but	but	NA28+NA27+Tyn+SBL+WH+Treg+TR+Byz	
5	12	8	NKO	ἀφορμὴν	aphormēn	G0874	N-ASF	ἀφορμή	opportunity	occasion	NA28+NA27+Tyn+SBL+WH+Treg+TR+Byz	
5	12	9	NKO	διδόντες	didontes	G1325	V-PAP-NPM	δίδωμι	to give	are giving	NA28+NA27+Tyn+SBL+WH+Treg+TR+Byz	
5	12	10	NKO	ὑμῖν	humin	G4771	P-2DP	σύ	you	to you	NA28+NA27+Tyn+SBL+WH+Treg+TR+Byz	
5	12	11	NKO	καυχήματος	kauchēmatos	G2745	N-GSN	καύχημα	pride	of boasting	NA28+NA27+Tyn+SBL+WH+Treg+TR+Byz	
5	12	12	NKO	ὑπὲρ	huper	G5228	PREP	ὑπέρ	above/for	on behalf of	NA28+NA27+Tyn+SBL+WH+Treg+TR+Byz	
5	12	13	NKO	ἡμῶν,	hēmōn	G3165	P-1GP	ἐγώ	I/we	us,	NA28+NA27+Tyn+SBL+WH+Treg+TR+Byz	
5	12	14	NKO	ἵνα	ina	G2443	CONJ	ἵνα	in order that/to	so that	NA28+NA27+Tyn+SBL+WH+Treg+TR+Byz	
5	12	15	NKO	ἔχητε	echēte	G2192	V-PAS-2P	ἔχω	to have/be	you may have [an answer]	NA28+NA27+Tyn+SBL+WH+Treg+TR+Byz	
5	12	16	NKO	πρὸς	pros	G4314	PREP	πρός	to/with	toward	NA28+NA27+Tyn+SBL+WH+Treg+TR+Byz	
5	12	17	NKO	τοὺς	tous	G3588	T-APM	ὁ	the/this/who	those	NA28+NA27+Tyn+SBL+WH+Treg+TR+Byz	
5	12	18	NKO	ἐν	en	G1722	PREP	ἐν	in/on/among	in	NA28+NA27+Tyn+SBL+WH+Treg+TR+Byz	
5	12	19	NKO	προσώπῳ	prosōpō	G4383	N-DSN	πρόσωπον	face	appearance	NA28+NA27+Tyn+SBL+WH+Treg+TR+Byz	
5	12	20	NKO	καυχωμένους	kauchōmenous	G2744	V-PNP-APM	καυχάομαι	to boast	boasting	NA28+NA27+Tyn+SBL+WH+Treg+TR+Byz	
5	12	21	NKO	καὶ	kai	G2532	CONJ	καί	and	and	NA28+NA27+Tyn+SBL+WH+Treg+TR+Byz	
5	12	22	N(k)O	μὴ	mē	G3361	PRT-N	μή	not	not	NA28+NA27+Tyn+SBL+WH+Treg	
5	12	23	no	ἐν	en	G1722	PREP	ἐν	in/on/among	in	NA28+NA27+Tyn+SBL+WH+Treg	
5	12	24	NKO	καρδίᾳ.	kardia	G2588	N-DSF	καρδία	heart	[the] heart.	NA28+NA27+Tyn+SBL+WH+Treg+TR+Byz	
5	13	1	NKO	εἴτε	eite	G1535	COND	εἴτε	whether	If	NA28+NA27+Tyn+SBL+WH+Treg+TR+Byz	
5	13	2	NKO	γὰρ	gar	G1063	CONJ	γάρ	for	for	NA28+NA27+Tyn+SBL+WH+Treg+TR+Byz	
5	13	3	NKO	ἐξέστημεν,	exestēmen	G1839	V-2AAI-1P	ἐξίστημι	to amaze	we are crazy,	NA28+NA27+Tyn+SBL+WH+Treg+TR+Byz	
5	13	4	NKO	θεῷ·	theō	G2316	N-DSM-T	θεός	God	[it is] for God;	NA28+NA27+Tyn+SBL+WH+Treg+TR+Byz	
5	13	5	NKO	εἴτε	eite	G1535	COND	εἴτε	whether	or if	NA28+NA27+Tyn+SBL+WH+Treg+TR+Byz	
5	13	6	NKO	σωφρονοῦμεν,	sōphronoumen	G4993	V-PAI-1P	σωφρονέω	be of sound mind	we are sober-minded	NA28+NA27+Tyn+SBL+WH+Treg+TR+Byz	
5	13	7	NKO	ὑμῖν.	humin	G4771	P-2DP	σύ	you	[it is] for you.	NA28+NA27+Tyn+SBL+WH+Treg+TR+Byz	
5	14	1	NKO	ἡ	hē	G3588	T-NSF	ὁ	the/this/who	The	NA28+NA27+Tyn+SBL+WH+Treg+TR+Byz	
5	14	2	NKO	γὰρ	gar	G1063	CONJ	γάρ	for	for	NA28+NA27+Tyn+SBL+WH+Treg+TR+Byz	
5	14	3	NKO	ἀγάπη	agapē	G0026	N-NSF	ἀγάπη	love	love	NA28+NA27+Tyn+SBL+WH+Treg+TR+Byz	
5	14	4	NKO	τοῦ	tou	G3588	T-GSM	ὁ	the/this/who	<the>	NA28+NA27+Tyn+SBL+WH+Treg+TR+Byz	
5	14	5	NKO	Χριστοῦ	Christou	G5547	N-GSM-T	Χριστός	Christ	of Christ	NA28+NA27+Tyn+SBL+WH+Treg+TR+Byz	
5	14	6	NKO	συνέχει	sunechei	G4912	V-PAI-3S	συνέχω	to hold/oppress	compels	NA28+NA27+Tyn+SBL+WH+Treg+TR+Byz	
5	14	7	NKO	ἡμᾶς	hēmas	G3165	P-1AP	ἐγώ	I/we	us	NA28+NA27+Tyn+SBL+WH+Treg+TR+Byz	
5	14	8	NKO	κρίναντας	krinantas	G2919	V-AAP-APM	κρίνω	to judge	having concluded	NA28+NA27+Tyn+SBL+WH+Treg+TR+Byz	
5	14	9	NKO	τοῦτο,	touto	G3778	D-ASN	οὗτος	this/he/she/it	this,	NA28+NA27+Tyn+SBL+WH+Treg+TR+Byz	
5	14	10	NKO	ὅτι	hoti	G3754G	CONJ	ὅτι	that/since	that	NA28+NA27+Tyn+SBL+WH+Treg+TR+Byz	
5	14	11	k	εἰ	ei	G1487G	COND	εἰ	if	if	TR+Byz	
5	14	12	NKO	εἷς	heis	G1520	A-NSM	εἷς	one	One	NA28+NA27+Tyn+SBL+WH+Treg+TR+Byz	
5	14	13	NKO	ὑπὲρ	huper	G5228	PREP	ὑπέρ	above/for	for	NA28+NA27+Tyn+SBL+WH+Treg+TR+Byz	
5	14	14	NKO	πάντων	pantōn	G3956	A-GPM	πᾶς	all	all	NA28+NA27+Tyn+SBL+WH+Treg+TR+Byz	
5	14	15	NKO	ἀπέθανεν·	apethanen	G0599	V-2AAI-3S	ἀποθνήσκω	to die	has died;	NA28+NA27+Tyn+SBL+WH+Treg+TR+Byz	
5	14	16	NKO	ἄρα	ara	G0686	CONJ	ἄρα	therefore	therefore	NA28+NA27+Tyn+SBL+WH+Treg+TR+Byz	
5	14	17	NKO	οἱ	hoi	G3588	T-NPM	ὁ	the/this/who	<the>	NA28+NA27+Tyn+SBL+WH+Treg+TR+Byz	
5	14	18	NKO	πάντες	pantes	G3956	A-NPM	πᾶς	all	all	NA28+NA27+Tyn+SBL+WH+Treg+TR+Byz	
5	14	19	NKO	ἀπέθανον.	apethanon	G0599	V-2AAI-3P	ἀποθνήσκω	to die	have died.	NA28+NA27+Tyn+SBL+WH+Treg+TR+Byz	
5	15	1	NKO	καὶ	kai	G2532	CONJ	καί	and	And	NA28+NA27+Tyn+SBL+WH+Treg+TR+Byz	
5	15	2	NKO	ὑπὲρ	huper	G5228	PREP	ὑπέρ	above/for	for	NA28+NA27+Tyn+SBL+WH+Treg+TR+Byz	
5	15	3	NKO	πάντων	pantōn	G3956	A-GPM	πᾶς	all	all	NA28+NA27+Tyn+SBL+WH+Treg+TR+Byz	
5	15	4	NKO	ἀπέθανεν,	apethanen	G0599	V-2AAI-3S	ἀποθνήσκω	to die	He died,	NA28+NA27+Tyn+SBL+WH+Treg+TR+Byz	
5	15	5	NKO	ἵνα	ina	G2443	CONJ	ἵνα	in order that/to	that	NA28+NA27+Tyn+SBL+WH+Treg+TR+Byz	
5	15	6	NKO	οἱ	hoi	G3588	T-NPM	ὁ	the/this/who	those	NA28+NA27+Tyn+SBL+WH+Treg+TR+Byz	
5	15	7	NKO	ζῶντες	zōntes	G2198	V-PAP-NPM	ζάω	to live	living	NA28+NA27+Tyn+SBL+WH+Treg+TR+Byz	
5	15	8	NKO	μηκέτι	mēketi	G3371	ADV-N	μηκέτι	never again	no longer	NA28+NA27+Tyn+SBL+WH+Treg+TR+Byz	
5	15	9	NKO	ἑαυτοῖς	he'autois	G1438	F-3DPM	ἑαυτοῦ	my/your/him-self	to themselves	NA28+NA27+Tyn+SBL+WH+Treg+TR+Byz	
5	15	10	NKO	ζῶσιν	zōsin	G2198	V-PAS-3P	ζάω	to live	may live	NA28+NA27+Tyn+SBL+WH+Treg+TR+Byz	
5	15	11	NKO	ἀλλὰ	alla	G0235	CONJ	ἀλλά	but	but	NA28+NA27+Tyn+SBL+WH+Treg+TR+Byz	
5	15	12	NKO	τῷ	tō	G3588	T-DSM	ὁ	the/this/who	to the [One]	NA28+NA27+Tyn+SBL+WH+Treg+TR+Byz	
5	15	13	NKO	ὑπὲρ	huper	G5228	PREP	ὑπέρ	above/for	for	NA28+NA27+Tyn+SBL+WH+Treg+TR+Byz	
5	15	14	NKO	αὐτῶν	autōn	G0846	P-GPM	αὐτός	he/she/it/self	them	NA28+NA27+Tyn+SBL+WH+Treg+TR+Byz	
5	15	15	NKO	ἀποθανόντι	apothanonti	G0599	V-2AAP-DSM	ἀποθνήσκω	to die	having died	NA28+NA27+Tyn+SBL+WH+Treg+TR+Byz	
5	15	16	NKO	καὶ	kai	G2532	CONJ	καί	and	and	NA28+NA27+Tyn+SBL+WH+Treg+TR+Byz	
5	15	17	NKO	ἐγερθέντι.¶	egerthenti	G1453	V-APP-DSM	ἐγείρω	to arise	having been raised again.	NA28+NA27+Tyn+SBL+WH+Treg+TR+Byz	
5	16	1	NKO	Ὥστε	Hōste	G5620	CONJ	ὥστε	so	Therefore	NA28+NA27+Tyn+SBL+WH+Treg+TR+Byz	
5	16	2	NKO	ἡμεῖς	hēmeis	G3165	P-1NP	ἐγώ	I/we	we ourselves	NA28+NA27+Tyn+SBL+WH+Treg+TR+Byz	
5	16	3	NKO	ἀπὸ	apo	G0575	PREP	ἀπό	away from	from	NA28+NA27+Tyn+SBL+WH+Treg+TR+Byz	
5	16	4	NKO	τοῦ	tou	G3588	T-GSM	ὁ	the/this/who	<the>	NA28+NA27+Tyn+SBL+WH+Treg+TR+Byz	
5	16	5	NKO	νῦν	nun	G3568	ADV	νῦν	now	now	NA28+NA27+Tyn+SBL+WH+Treg+TR+Byz	
5	16	6	NKO	οὐδένα	oudena	G3762	A-ASM	οὐδείς	none	no [one]	NA28+NA27+Tyn+SBL+WH+Treg+TR+Byz	
5	16	7	NKO	οἴδαμεν	oidamen	G6063	V-RAI-1P	εἴδω	to perceive	know	NA28+NA27+Tyn+SBL+WH+Treg+TR+Byz	
5	16	8	NKO	κατὰ	kata	G2596	PREP	κατά	according to	according to	NA28+NA27+Tyn+SBL+WH+Treg+TR+Byz	
5	16	9	NKO	σάρκα·	sarka	G4561	N-ASF	σάρξ	flesh	[the] flesh;	NA28+NA27+Tyn+SBL+WH+Treg+TR+Byz	
5	16	10	NKO	εἰ	ei	G1487M	COND	εἰ	if	If	NA28+NA27+Tyn+SBL+WH+Treg+TR+Byz	
5	16	11	k	δὲ	de	G1161	CONJ	δέ	but/and	now	TR+Byz	
5	16	12	NKO	καὶ	kai	G2532	CONJ	καί	and	even	NA28+NA27+Tyn+SBL+WH+Treg+TR+Byz	
5	16	13	NKO	ἐγνώκαμεν	egnōkamen	G1097	V-RAI-1P	γινώσκω	to know	we have regarded	NA28+NA27+Tyn+SBL+WH+Treg+TR+Byz	
5	16	14	NKO	κατὰ	kata	G2596	PREP	κατά	according to	according to	NA28+NA27+Tyn+SBL+WH+Treg+TR+Byz	
5	16	15	NKO	σάρκα	sarka	G4561	N-ASF	σάρξ	flesh	flesh	NA28+NA27+Tyn+SBL+WH+Treg+TR+Byz	
5	16	16	NKO	Χριστόν,	Christon	G5547	N-ASM-T	Χριστός	Christ	Christ,	NA28+NA27+Tyn+SBL+WH+Treg+TR+Byz	
5	16	17	NKO	ἀλλὰ	alla	G0235	CONJ	ἀλλά	but	yet	NA28+NA27+Tyn+SBL+WH+Treg+TR+Byz	
5	16	18	NKO	νῦν	nun	G3568	ADV	νῦν	now	now	NA28+NA27+Tyn+SBL+WH+Treg+TR+Byz	
5	16	19	NKO	οὐκέτι	ouketi	G3756	PRT-N + G2089=ADV	οὐ	no + ἔτι=still	no longer	NA28+NA27+Tyn+SBL+WH+Treg+TR+Byz	
5	16	20	NKO	γινώσκομεν.	ginōskomen	G1097	V-PAI-1P	γινώσκω	to know	we regard [Him thus].	NA28+NA27+Tyn+SBL+WH+Treg+TR+Byz	
5	17	1	NKO	ὥστε	hōste	G5620	CONJ	ὥστε	so	Therefore	NA28+NA27+Tyn+SBL+WH+Treg+TR+Byz	
5	17	2	NKO	εἴ	ei	G1487G	COND	εἰ	if	if	NA28+NA27+Tyn+SBL+WH+Treg+TR+Byz	
5	17	3	NKO	τις	tis	G5100	X-NSM	τις	one	anyone	NA28+NA27+Tyn+SBL+WH+Treg+TR+Byz	
5	17	4	NKO	ἐν	en	G1722	PREP	ἐν	in/on/among	[is] in	NA28+NA27+Tyn+SBL+WH+Treg+TR+Byz	
5	17	5	NKO	Χριστῷ,	Christō	G5547	N-DSM-T	Χριστός	Christ	Christ,	NA28+NA27+Tyn+SBL+WH+Treg+TR+Byz	
5	17	6	NKO	καινὴ	kainē	G2537	A-NSF	καινός	new	[he is] a new	NA28+NA27+Tyn+SBL+WH+Treg+TR+Byz	
5	17	7	NKO	κτίσις·	ktisis	G2937	N-NSF	κτίσις	creation	creation;	NA28+NA27+Tyn+SBL+WH+Treg+TR+Byz	
5	17	8	NKO	τὰ	ta	G3588	T-NPN	ὁ	the/this/who	The	NA28+NA27+Tyn+SBL+WH+Treg+TR+Byz	
5	17	9	NKO	ἀρχαῖα	archaia	G0744	A-NPN	ἀρχαῖος	ancient	old things	NA28+NA27+Tyn+SBL+WH+Treg+TR+Byz	
5	17	10	NKO	παρῆλθεν,	parēlthen	G3928	V-2AAI-3S	παρέρχομαι	to pass by	have passed away,	NA28+NA27+Tyn+SBL+WH+Treg+TR+Byz	
5	17	11	NKO	ἰδοὺ	idou	G2400	INJ	ἰδού	look!	behold	NA28+NA27+Tyn+SBL+WH+Treg+TR+Byz	
5	17	12	NKO	γέγονεν	gegonen	G1096	V-2RAI-3S	γίνομαι	to be	has come into being	NA28+NA27+Tyn+SBL+WH+Treg+TR+Byz	
5	17	13	NKO	καινά	kaina	G2537	A-NPN	καινός	new	new	NA28+NA27+Tyn+SBL+WH+Treg+TR+Byz	
5	17	14	K	τὰ	ta	G3588	T-NPN	ὁ	the/this/who	<the>	TR+Byz	
5	17	15	K	πάντα.	panta	G3956	A-NPN	πᾶς	all	all things.	TR+Byz	
5	18	1	NKO	τὰ	ta	G3588	T-NPN	ὁ	the/this/who	<the>	NA28+NA27+Tyn+SBL+WH+Treg+TR+Byz	
5	18	2	NKO	δὲ	de	G1161	CONJ	δέ	but/and	And	NA28+NA27+Tyn+SBL+WH+Treg+TR+Byz	
5	18	3	NKO	πάντα	panta	G3956	A-NPN	πᾶς	all	all things	NA28+NA27+Tyn+SBL+WH+Treg+TR+Byz	
5	18	4	NKO	ἐκ	ek	G1537	PREP	ἐκ	out from	[are] of	NA28+NA27+Tyn+SBL+WH+Treg+TR+Byz	
5	18	5	NKO	τοῦ	tou	G3588	T-GSM	ὁ	the/this/who	<the>	NA28+NA27+Tyn+SBL+WH+Treg+TR+Byz	
5	18	6	NKO	θεοῦ	theou	G2316	N-GSM-T	θεός	God	God	NA28+NA27+Tyn+SBL+WH+Treg+TR+Byz	
5	18	7	NKO	τοῦ	tou	G3588	T-GSM	ὁ	the/this/who	the [One who]	NA28+NA27+Tyn+SBL+WH+Treg+TR+Byz	
5	18	8	NKO	καταλλάξαντος	katallaxantos	G2644	V-AAP-GSM	καταλλάσσω	to reconcile	having reconciled	NA28+NA27+Tyn+SBL+WH+Treg+TR+Byz	
5	18	9	NKO	ἡμᾶς	hēmas	G3165	P-1AP	ἐγώ	I/we	us	NA28+NA27+Tyn+SBL+WH+Treg+TR+Byz	
5	18	10	NKO	ἑαυτῷ	he'autō	G1438	F-3DSM	ἑαυτοῦ	my/your/him-self	to Himself	NA28+NA27+Tyn+SBL+WH+Treg+TR+Byz	
5	18	11	NKO	διὰ	dia	G1223	PREP	διά	through/because of	through	NA28+NA27+Tyn+SBL+WH+Treg+TR+Byz	
5	18	12	K	Ἰησοῦ	Iēsou	G2424G	N-GSM-P	Ἰησοῦς	Jesus/Joshua	Jesus	TR+Byz	
5	18	13	NKO	Χριστοῦ	Christou	G5547	N-GSM-T	Χριστός	Christ	Christ	NA28+NA27+Tyn+SBL+WH+Treg+TR+Byz	
5	18	14	NKO	καὶ	kai	G2532	CONJ	καί	and	and	NA28+NA27+Tyn+SBL+WH+Treg+TR+Byz	
5	18	15	NKO	δόντος	dontos	G1325	V-2AAP-GSM	δίδωμι	to give	having given	NA28+NA27+Tyn+SBL+WH+Treg+TR+Byz	
5	18	16	NKO	ἡμῖν	hēmin	G3165	P-1DP	ἐγώ	I/we	to us	NA28+NA27+Tyn+SBL+WH+Treg+TR+Byz	
5	18	17	NKO	τὴν	tēn	G3588	T-ASF	ὁ	the/this/who	the	NA28+NA27+Tyn+SBL+WH+Treg+TR+Byz	
5	18	18	NKO	διακονίαν	diakonian	G1248	N-ASF	διακονία	service	ministry	NA28+NA27+Tyn+SBL+WH+Treg+TR+Byz	
5	18	19	NKO	τῆς	tēs	G3588	T-GSF	ὁ	the/this/who	<the>	NA28+NA27+Tyn+SBL+WH+Treg+TR+Byz	
5	18	20	NKO	καταλλαγῆς,	katallagēs	G2643	N-GSF	καταλλαγή	reconciliation	of reconciliation,	NA28+NA27+Tyn+SBL+WH+Treg+TR+Byz	
5	19	1	NKO	ὡς	hōs	G5613	PRT	ὡς	which/how	how	NA28+NA27+Tyn+SBL+WH+Treg+TR+Byz	
5	19	2	NKO	ὅτι	hoti	G3754H	CONJ	ὅτι	that/since	for	NA28+NA27+Tyn+SBL+WH+Treg+TR+Byz	
5	19	3	NKO	θεὸς	theos	G2316	N-NSM-T	θεός	God	God	NA28+NA27+Tyn+SBL+WH+Treg+TR+Byz	
5	19	4	NKO	ἦν	ēn	G1510	V-IAI-3S	εἰμί	to be	was	NA28+NA27+Tyn+SBL+WH+Treg+TR+Byz	
5	19	5	NKO	ἐν	en	G1722	PREP	ἐν	in/on/among	in	NA28+NA27+Tyn+SBL+WH+Treg+TR+Byz	
5	19	6	NKO	Χριστῷ	Christō	G5547	N-DSM-T	Χριστός	Christ	Christ	NA28+NA27+Tyn+SBL+WH+Treg+TR+Byz	
5	19	7	NKO	κόσμον	kosmon	G2889	N-ASM	κόσμος	world	[the] world	NA28+NA27+Tyn+SBL+WH+Treg+TR+Byz	
5	19	8	NKO	καταλλάσσων	katallassōn	G2644	V-PAP-NSM	καταλλάσσω	to reconcile	reconciling	NA28+NA27+Tyn+SBL+WH+Treg+TR+Byz	
5	19	9	NKO	ἑαυτῷ,	he'autō	G1438	F-3DSM	ἑαυτοῦ	my/your/him-self	to Himself,	NA28+NA27+Tyn+SBL+WH+Treg+TR+Byz	
5	19	10	NKO	μὴ	mē	G3361	PRT-N	μή	not	not	NA28+NA27+Tyn+SBL+WH+Treg+TR+Byz	
5	19	11	NKO	λογιζόμενος	logizomenos	G3049	V-PNP-NSM	λογίζομαι	to count	reckoning	NA28+NA27+Tyn+SBL+WH+Treg+TR+Byz	
5	19	12	NKO	αὐτοῖς	autois	G0846	P-DPM	αὐτός	he/she/it/self	to them	NA28+NA27+Tyn+SBL+WH+Treg+TR+Byz	
5	19	13	NKO	τὰ	ta	G3588	T-APN	ὁ	the/this/who	the	NA28+NA27+Tyn+SBL+WH+Treg+TR+Byz	
5	19	14	NKO	παραπτώματα	paraptōmata	G3900	N-APN	παράπτωμα	trespass	trespasses	NA28+NA27+Tyn+SBL+WH+Treg+TR+Byz	
5	19	15	NKO	αὐτῶν,	autōn	G0846	P-GPM	αὐτός	he/she/it/self	of them,	NA28+NA27+Tyn+SBL+WH+Treg+TR+Byz	
5	19	16	NKO	καὶ	kai	G2532	CONJ	καί	and	and	NA28+NA27+Tyn+SBL+WH+Treg+TR+Byz	
5	19	17	NKO	θέμενος	themenos	G5087	V-2AMP-NSM	τίθημι	to place	having put	NA28+NA27+Tyn+SBL+WH+Treg+TR+Byz	
5	19	18	NKO	ἐν	en	G1722	PREP	ἐν	in/on/among	into	NA28+NA27+Tyn+SBL+WH+Treg+TR+Byz	
5	19	19	NKO	ἡμῖν	hēmin	G3165	P-1DP	ἐγώ	I/we	us	NA28+NA27+Tyn+SBL+WH+Treg+TR+Byz	
5	19	20	NKO	τὸν	ton	G3588	T-ASM	ὁ	the/this/who	the	NA28+NA27+Tyn+SBL+WH+Treg+TR+Byz	
5	19	21	NKO	λόγον	logon	G3056	N-ASM	λόγος	word	word	NA28+NA27+Tyn+SBL+WH+Treg+TR+Byz	
5	19	22	NKO	τῆς	tēs	G3588	T-GSF	ὁ	the/this/who	<the>	NA28+NA27+Tyn+SBL+WH+Treg+TR+Byz	
5	19	23	NKO	καταλλαγῆς.¶	katallagēs	G2643	N-GSF	καταλλαγή	reconciliation	of reconciliation.	NA28+NA27+Tyn+SBL+WH+Treg+TR+Byz	
5	20	1	NKO	Ὑπὲρ	Huper	G5228	PREP	ὑπέρ	above/for	For	NA28+NA27+Tyn+SBL+WH+Treg+TR+Byz	
5	20	2	NKO	Χριστοῦ	Christou	G5547	N-GSM-T	Χριστός	Christ	Christ	NA28+NA27+Tyn+SBL+WH+Treg+TR+Byz	
5	20	3	NKO	οὖν	oun	G3767	CONJ	οὖν	therefore/then	therefore	NA28+NA27+Tyn+SBL+WH+Treg+TR+Byz	
5	20	4	NKO	πρεσβεύομεν,	presbeuomen	G4243	V-PAI-1P	πρεσβεύω	be ambassador	we are ambassadors,	NA28+NA27+Tyn+SBL+WH+Treg+TR+Byz	
5	20	5	NKO	ὡς	hōs	G5613	PRT	ὡς	which/how	as though	NA28+NA27+Tyn+SBL+WH+Treg+TR+Byz	
5	20	6	NKO	τοῦ	tou	G3588	T-GSM	ὁ	the/this/who	<the>	NA28+NA27+Tyn+SBL+WH+Treg+TR+Byz	
5	20	7	NKO	θεοῦ	theou	G2316	N-GSM-T	θεός	God	God	NA28+NA27+Tyn+SBL+WH+Treg+TR+Byz	
5	20	8	NKO	παρακαλοῦντος	parakalountos	G3870	V-PAP-GSM	παρακαλέω	to plead/comfort	is beseeching	NA28+NA27+Tyn+SBL+WH+Treg+TR+Byz	
5	20	9	NKO	δι᾽	di᾽	G1223	PREP	διά	through/because of	through	NA28+NA27+Tyn+SBL+WH+Treg+TR+Byz	
5	20	10	NKO	ἡμῶν·	hēmōn	G3165	P-1GP	ἐγώ	I/we	us;	NA28+NA27+Tyn+SBL+WH+Treg+TR+Byz	
5	20	11	NKO	δεόμεθα	deometha	G1189	V-PNI-1P	δέομαι	to pray	We implore	NA28+NA27+Tyn+SBL+WH+Treg+TR+Byz	
5	20	12	NKO	ὑπὲρ	huper	G5228	PREP	ὑπέρ	above/for	on behalf	NA28+NA27+Tyn+SBL+WH+Treg+TR+Byz	
5	20	13	NKO	Χριστοῦ·	Christou	G5547	N-GSM-T	Χριστός	Christ	of Christ:	NA28+NA27+Tyn+SBL+WH+Treg+TR+Byz	
5	20	14	NKO	καταλλάγητε	katallagēte	G2644	V-2APM-2P	καταλλάσσω	to reconcile	do be reconciled	NA28+NA27+Tyn+SBL+WH+Treg+TR+Byz	
5	20	15	NKO	τῷ	tō	G3588	T-DSM	ὁ	the/this/who	<the>	NA28+NA27+Tyn+SBL+WH+Treg+TR+Byz	
5	20	16	NKO	θεῷ.	theō	G2316	N-DSM-T	θεός	God	to God.	NA28+NA27+Tyn+SBL+WH+Treg+TR+Byz	
5	21	1	NKO	τὸν	ton	G3588	T-ASM	ὁ	the/this/who	The [One]	NA28+NA27+Tyn+SBL+WH+Treg+TR+Byz	
5	21	2	k	γὰρ	gar	G1063	CONJ	γάρ	for	for	TR+Byz	
5	21	3	NKO	μὴ	mē	G3361	PRT-N	μή	not	not	NA28+NA27+Tyn+SBL+WH+Treg+TR+Byz	
5	21	4	NKO	γνόντα	gnonta	G1097	V-2AAP-ASM	γινώσκω	to know	having known	NA28+NA27+Tyn+SBL+WH+Treg+TR+Byz	
5	21	5	NKO	ἁμαρτίαν	hamartian	G0266	N-ASF	ἁμαρτία	sin	sin	NA28+NA27+Tyn+SBL+WH+Treg+TR+Byz	
5	21	6	NKO	ὑπὲρ	huper	G5228	PREP	ὑπέρ	above/for	for	NA28+NA27+Tyn+SBL+WH+Treg+TR+Byz	
5	21	7	NKO	ἡμῶν	hēmōn	G3165	P-1GP	ἐγώ	I/we	us	NA28+NA27+Tyn+SBL+WH+Treg+TR+Byz	
5	21	8	NKO	ἁμαρτίαν	hamartian	G0266	N-ASF	ἁμαρτία	sin	sin	NA28+NA27+Tyn+SBL+WH+Treg+TR+Byz	
5	21	9	NKO	ἐποίησεν,	epoiēsen	G4160G	V-AAI-3S	ποιέω	to do/make	He made,	NA28+NA27+Tyn+SBL+WH+Treg+TR+Byz	
5	21	10	NKO	ἵνα	ina	G2443	CONJ	ἵνα	in order that/to	so that	NA28+NA27+Tyn+SBL+WH+Treg+TR+Byz	
5	21	11	NKO	ἡμεῖς	hēmeis	G3165	P-1NP	ἐγώ	I/we	we ourselves	NA28+NA27+Tyn+SBL+WH+Treg+TR+Byz	
5	21	12	N(k)O	γενώμεθα	genōmetha	G1096	V-2ADS-1P	γίνομαι	to be	may become	NA28+NA27+Tyn+SBL+WH+Treg+Byz	
5	21	13	NKO	δικαιοσύνη	dikaiosunē	G1343	N-NSF	δικαιοσύνη	righteousness	[the] righteousness	NA28+NA27+Tyn+SBL+WH+Treg+TR+Byz	
5	21	14	NKO	θεοῦ	theou	G2316	N-GSM-T	θεός	God	of God	NA28+NA27+Tyn+SBL+WH+Treg+TR+Byz	
5	21	15	NKO	ἐν	en	G1722	PREP	ἐν	in/on/among	in	NA28+NA27+Tyn+SBL+WH+Treg+TR+Byz	
5	21	16	NKO	αὐτῷ.¶	autō	G0846	P-DSM	αὐτός	he/she/it/self	Him.	NA28+NA27+Tyn+SBL+WH+Treg+TR+Byz	
6	1	1	NKO	Συνεργοῦντες	Sunergountes	G4903	V-PAP-NPM	συνεργέω	to work with	Working together	NA28+NA27+Tyn+SBL+WH+Treg+TR+Byz	
6	1	2	NKO	δὲ	de	G1161	CONJ	δέ	but/and	now	NA28+NA27+Tyn+SBL+WH+Treg+TR+Byz	
6	1	3	NKO	καὶ	kai	G2532	CONJ	καί	and	also	NA28+NA27+Tyn+SBL+WH+Treg+TR+Byz	
6	1	4	NKO	παρακαλοῦμεν	parakaloumen	G3870	V-PAI-1P	παρακαλέω	to plead/comfort	we exhort	NA28+NA27+Tyn+SBL+WH+Treg+TR+Byz	
6	1	5	NKO	μὴ	mē	G3361	PRT-N	μή	not	not	NA28+NA27+Tyn+SBL+WH+Treg+TR+Byz	
6	1	6	NKO	εἰς	eis	G1519	PREP	εἰς	toward	in	NA28+NA27+Tyn+SBL+WH+Treg+TR+Byz	
6	1	7	NKO	κενὸν	kenon	G2756	A-ASN	κενός	empty	vain	NA28+NA27+Tyn+SBL+WH+Treg+TR+Byz	
6	1	8	NKO	τὴν	tēn	G3588	T-ASF	ὁ	the/this/who	the	NA28+NA27+Tyn+SBL+WH+Treg+TR+Byz	
6	1	9	NKO	χάριν	charin	G5485	N-ASF	χάρις	grace	grace	NA28+NA27+Tyn+SBL+WH+Treg+TR+Byz	
6	1	10	NKO	τοῦ	tou	G3588	T-GSM	ὁ	the/this/who	<the>	NA28+NA27+Tyn+SBL+WH+Treg+TR+Byz	
6	1	11	NKO	θεοῦ	theou	G2316	N-GSM-T	θεός	God	of God	NA28+NA27+Tyn+SBL+WH+Treg+TR+Byz	
6	1	12	NKO	δέξασθαι	dexasthai	G1209	V-ADN	δέχομαι	to receive	to receive	NA28+NA27+Tyn+SBL+WH+Treg+TR+Byz	
6	1	13	NKO	ὑμᾶς·	humas	G4771	P-2AP	σύ	you	you;	NA28+NA27+Tyn+SBL+WH+Treg+TR+Byz	
6	2	1	NKO	λέγει	legei	G3004G	V-PAI-3S	λέγω	to speak	He says	NA28+NA27+Tyn+SBL+WH+Treg+TR+Byz	
6	2	2	NKO	γάρ·	gar	G1063	CONJ	γάρ	for	for:	NA28+NA27+Tyn+SBL+WH+Treg+TR+Byz	
6	2	3	NKO	καιρῷ	kairō	G2540	N-DSM	καιρός	time/right time	In a time	NA28+NA27+Tyn+SBL+WH+Treg+TR+Byz	
6	2	4	NKO	δεκτῷ	dektō	G1184	A-DSM	δεκτός	acceptable	acceptable	NA28+NA27+Tyn+SBL+WH+Treg+TR+Byz	
6	2	5	NKO	ἐπήκουσά	epēkousa	G1873	V-AAI-1S	ἐπακούω	to listen to	I listened to	NA28+NA27+Tyn+SBL+WH+Treg+TR+Byz	
6	2	6	NKO	σου	sou	G4771	P-2GS	σύ	you	you	NA28+NA27+Tyn+SBL+WH+Treg+TR+Byz	
6	2	7	NKO	καὶ	kai	G2532	CONJ	καί	and	and	NA28+NA27+Tyn+SBL+WH+Treg+TR+Byz	
6	2	8	NKO	ἐν	en	G1722	PREP	ἐν	in/on/among	in	NA28+NA27+Tyn+SBL+WH+Treg+TR+Byz	
6	2	9	NKO	ἡμέρᾳ	hēmera	G2250	N-DSF	ἡμέρα	day	a day	NA28+NA27+Tyn+SBL+WH+Treg+TR+Byz	
6	2	10	NKO	σωτηρίας	sōtērias	G4991	N-GSF	σωτηρία	salvation	of salvation	NA28+NA27+Tyn+SBL+WH+Treg+TR+Byz	
6	2	11	NKO	ἐβοήθησά	eboēthēsa	G0997	V-AAI-1S	βοηθέω	to help	I helped	NA28+NA27+Tyn+SBL+WH+Treg+TR+Byz	
6	2	12	NKO	σοι·	soi	G4771	P-2DS	σύ	you	you;	NA28+NA27+Tyn+SBL+WH+Treg+TR+Byz	
6	2	13	NKO	ἰδοὺ	idou	G2400	INJ	ἰδού	look!	Behold	NA28+NA27+Tyn+SBL+WH+Treg+TR+Byz	
6	2	14	NKO	νῦν	nun	G3568	ADV	νῦν	now	now	NA28+NA27+Tyn+SBL+WH+Treg+TR+Byz	
6	2	15	NKO	καιρὸς	kairos	G2540	N-NSM	καιρός	time/right time	[is the] time	NA28+NA27+Tyn+SBL+WH+Treg+TR+Byz	
6	2	16	NKO	εὐπρόσδεκτος,	euprosdektos	G2144	A-NSM	εὐπρόσδεκτος	acceptable	of favor,	NA28+NA27+Tyn+SBL+WH+Treg+TR+Byz	
6	2	17	NKO	ἰδοὺ	idou	G2400	INJ	ἰδού	look!	behold	NA28+NA27+Tyn+SBL+WH+Treg+TR+Byz	
6	2	18	NKO	νῦν	nun	G3568	ADV	νῦν	now	now	NA28+NA27+Tyn+SBL+WH+Treg+TR+Byz	
6	2	19	NKO	ἡμέρα	hēmera	G2250	N-NSF	ἡμέρα	day	[is the] day	NA28+NA27+Tyn+SBL+WH+Treg+TR+Byz	
6	2	20	NKO	σωτηρίας·	sōtērias	G4991	N-GSF	σωτηρία	salvation	of salvation;	NA28+NA27+Tyn+SBL+WH+Treg+TR+Byz	
6	3	1	NKO	μηδεμίαν	mēdemian	G3367	A-ASF	μηδείς	nothing	Nothing	NA28+NA27+Tyn+SBL+WH+Treg+TR+Byz	
6	3	2	NKO	ἐν	en	G1722	PREP	ἐν	in/on/among	before	NA28+NA27+Tyn+SBL+WH+Treg+TR+Byz	
6	3	3	NKO	μηδενὶ	mēdeni	G3367	A-DSM	μηδείς	nothing	no one	NA28+NA27+Tyn+SBL+WH+Treg+TR+Byz	
6	3	4	NKO	διδόντες	didontes	G1325	V-PAP-NPM	δίδωμι	to give	placing	NA28+NA27+Tyn+SBL+WH+Treg+TR+Byz	
6	3	5	NKO	προσκοπήν,	proskopēn	G4349	N-ASF	προσκοπή	stumbling	an obstacle,	NA28+NA27+Tyn+SBL+WH+Treg+TR+Byz	
6	3	6	NKO	ἵνα	ina	G2443	CONJ	ἵνα	in order that/to	so that	NA28+NA27+Tyn+SBL+WH+Treg+TR+Byz	
6	3	7	NKO	μὴ	mē	G3361	PRT-N	μή	not	not	NA28+NA27+Tyn+SBL+WH+Treg+TR+Byz	
6	3	8	NKO	μωμηθῇ	mōmēthēa	G3469	V-APS-3S	μωμάομαι	to blame	may be blemished	NA28+NA27+Tyn+SBL+WH+Treg+TR+Byz	
6	3	9	NKO	ἡ	hē	G3588	T-NSF	ὁ	the/this/who	the	NA28+NA27+Tyn+SBL+WH+Treg+TR+Byz	
6	3	10	NKO	διακονία,	diakonia	G1248	N-NSF	διακονία	service	ministry,	NA28+NA27+Tyn+SBL+WH+Treg+TR+Byz	
6	4	1	NKO	ἀλλ᾽	all᾽	G0235	CONJ	ἀλλά	but	rather	NA28+NA27+Tyn+SBL+WH+Treg+TR+Byz	
6	4	2	NKO	ἐν	en	G1722	PREP	ἐν	in/on/among	in	NA28+NA27+Tyn+SBL+WH+Treg+TR+Byz	
6	4	3	NKO	παντὶ	panti	G3956	A-DSN	πᾶς	all	everything	NA28+NA27+Tyn+SBL+WH+Treg+TR+Byz	
6	4	4	NKO	συνιστάντες	sunistantes	G4921	V-PAP-NPM	συνίστημι, συνιστάω	to commend	we are commending	NA28+NA27+Tyn+SBL+WH+Treg+TR+Byz	
6	4	5	NKO	ἑαυτοὺς	he'autous	G1438	F-1APM	ἑαυτοῦ	my/your/him-self	ourselves	NA28+NA27+Tyn+SBL+WH+Treg+TR+Byz	
6	4	6	NKO	ὡς	hōs	G5613	PRT	ὡς	which/how	as	NA28+NA27+Tyn+SBL+WH+Treg+TR+Byz	
6	4	7	NKO	θεοῦ	theou	G2316	N-GSM-T	θεός	God	God’s	NA28+NA27+Tyn+SBL+WH+Treg+TR+Byz	
6	4	8	NKO	διάκονοι	diakonoi	G1249	N-NPM	διάκονος	servant	servants	NA28+NA27+Tyn+SBL+WH+Treg+TR+Byz	
6	4	9	NKO	ἐν	en	G1722	PREP	ἐν	in/on/among	in	NA28+NA27+Tyn+SBL+WH+Treg+TR+Byz	
6	4	10	NKO	ὑπομονῇ	hupomonēa	G5281	N-DSF	ὑπομονή	perseverance	endurance	NA28+NA27+Tyn+SBL+WH+Treg+TR+Byz	
6	4	11	NKO	πολλῇ,	pollēa	G4183	A-DSF	πολύς	much	great,	NA28+NA27+Tyn+SBL+WH+Treg+TR+Byz	
6	4	12	NKO	ἐν	en	G1722	PREP	ἐν	in/on/among	in	NA28+NA27+Tyn+SBL+WH+Treg+TR+Byz	
6	4	13	NKO	θλίψεσιν,	thlipsesin	G2347	N-DPF	θλῖψις	pressure	tribulations,	NA28+NA27+Tyn+SBL+WH+Treg+TR+Byz	
6	4	14	NKO	ἐν	en	G1722	PREP	ἐν	in/on/among	in	NA28+NA27+Tyn+SBL+WH+Treg+TR+Byz	
6	4	15	NKO	ἀνάγκαις,	anagkais	G0318	N-DPF	ἀνάγκη	necessity	hardships,	NA28+NA27+Tyn+SBL+WH+Treg+TR+Byz	
6	4	16	NKO	ἐν	en	G1722	PREP	ἐν	in/on/among	in	NA28+NA27+Tyn+SBL+WH+Treg+TR+Byz	
6	4	17	NKO	στενοχωρίαις,	stenochōriais	G4730	N-DPF	στενοχωρία	hardship	distresses,	NA28+NA27+Tyn+SBL+WH+Treg+TR+Byz	
6	5	1	NKO	ἐν	en	G1722	PREP	ἐν	in/on/among	in	NA28+NA27+Tyn+SBL+WH+Treg+TR+Byz	
6	5	2	NKO	πληγαῖς,	plēgais	G4127	N-DPF	πληγή	plague/blow/wound	beatings,	NA28+NA27+Tyn+SBL+WH+Treg+TR+Byz	
6	5	3	NKO	ἐν	en	G1722	PREP	ἐν	in/on/among	in	NA28+NA27+Tyn+SBL+WH+Treg+TR+Byz	
6	5	4	NKO	φυλακαῖς,	phulakais	G5438G	N-DPF	φυλακή	prison/watch	imprisonments,	NA28+NA27+Tyn+SBL+WH+Treg+TR+Byz	
6	5	5	NKO	ἐν	en	G1722	PREP	ἐν	in/on/among	in	NA28+NA27+Tyn+SBL+WH+Treg+TR+Byz	
6	5	6	NKO	ἀκαταστασίαις,	akatastasiais	G0181	N-DPF	ἀκαταστασία	disorder	riots,	NA28+NA27+Tyn+SBL+WH+Treg+TR+Byz	
6	5	7	NKO	ἐν	en	G1722	PREP	ἐν	in/on/among	in	NA28+NA27+Tyn+SBL+WH+Treg+TR+Byz	
6	5	8	NKO	κόποις,	kopois	G2873	N-DPM	κόπος	labor	labors,	NA28+NA27+Tyn+SBL+WH+Treg+TR+Byz	
6	5	9	NKO	ἐν	en	G1722	PREP	ἐν	in/on/among	in	NA28+NA27+Tyn+SBL+WH+Treg+TR+Byz	
6	5	10	NKO	ἀγρυπνίαις,	agrupniais	G0070	N-DPF	ἀγρυπνία	sleeplessness	watchings,	NA28+NA27+Tyn+SBL+WH+Treg+TR+Byz	
6	5	11	NKO	ἐν	en	G1722	PREP	ἐν	in/on/among	in	NA28+NA27+Tyn+SBL+WH+Treg+TR+Byz	
6	5	12	NKO	νηστείαις,	nēsteiais	G3521	N-DPF	νηστεία	fasting	fastings,	NA28+NA27+Tyn+SBL+WH+Treg+TR+Byz	
6	6	1	NKO	ἐν	en	G1722	PREP	ἐν	in/on/among	in	NA28+NA27+Tyn+SBL+WH+Treg+TR+Byz	
6	6	2	NKO	ἁγνότητι,	hagnotēti	G0054	N-DSF	ἁγνότης	purity	purity,	NA28+NA27+Tyn+SBL+WH+Treg+TR+Byz	
6	6	3	NKO	ἐν	en	G1722	PREP	ἐν	in/on/among	in	NA28+NA27+Tyn+SBL+WH+Treg+TR+Byz	
6	6	4	NKO	γνώσει,	gnōsei	G1108	N-DSF	γνῶσις	knowledge	knowledge,	NA28+NA27+Tyn+SBL+WH+Treg+TR+Byz	
6	6	5	NKO	ἐν	en	G1722	PREP	ἐν	in/on/among	in	NA28+NA27+Tyn+SBL+WH+Treg+TR+Byz	
6	6	6	NKO	μακροθυμίᾳ,	makrothumia	G3115	N-DSF	μακροθυμία	patience	patience,	NA28+NA27+Tyn+SBL+WH+Treg+TR+Byz	
6	6	7	NKO	ἐν	en	G1722	PREP	ἐν	in/on/among	in	NA28+NA27+Tyn+SBL+WH+Treg+TR+Byz	
6	6	8	NKO	χρηστότητι,	chrēstotēti	G5544	N-DSF	χρηστότης	kindness	kindness,	NA28+NA27+Tyn+SBL+WH+Treg+TR+Byz	
6	6	9	NKO	ἐν	en	G1722	PREP	ἐν	in/on/among	in [the]	NA28+NA27+Tyn+SBL+WH+Treg+TR+Byz	
6	6	10	NKO	πνεύματι	pneumati	G4151G	N-DSN	πνεῦμα	spirit/breath	Spirit	NA28+NA27+Tyn+SBL+WH+Treg+TR+Byz	
6	6	11	NKO	ἁγίῳ,	hagiō	G0040G	A-DSN	ἅγιος	holy	Holy,	NA28+NA27+Tyn+SBL+WH+Treg+TR+Byz	
6	6	12	NKO	ἐν	en	G1722	PREP	ἐν	in/on/among	in	NA28+NA27+Tyn+SBL+WH+Treg+TR+Byz	
6	6	13	NKO	ἀγάπῃ	agapē	G0026	N-DSF	ἀγάπη	love	love	NA28+NA27+Tyn+SBL+WH+Treg+TR+Byz	
6	6	14	NKO	ἀνυποκρίτῳ,	anupokritō	G0505	A-DSF	ἀνυπόκριτος	genuine	genuine,	NA28+NA27+Tyn+SBL+WH+Treg+TR+Byz	
6	7	1	NKO	ἐν	en	G1722	PREP	ἐν	in/on/among	in [the]	NA28+NA27+Tyn+SBL+WH+Treg+TR+Byz	
6	7	2	NKO	λόγῳ	logō	G3056	N-DSM	λόγος	word	word	NA28+NA27+Tyn+SBL+WH+Treg+TR+Byz	
6	7	3	NKO	ἀληθείας,	alētheias	G0225	N-GSF	ἀλήθεια	truth	of truth,	NA28+NA27+Tyn+SBL+WH+Treg+TR+Byz	
6	7	4	NKO	ἐν	en	G1722	PREP	ἐν	in/on/among	in [the]	NA28+NA27+Tyn+SBL+WH+Treg+TR+Byz	
6	7	5	NKO	δυνάμει	dunamei	G1411	N-DSF	δύναμις	power	power	NA28+NA27+Tyn+SBL+WH+Treg+TR+Byz	
6	7	6	NKO	θεοῦ,	theou	G2316	N-GSM-T	θεός	God	of God,	NA28+NA27+Tyn+SBL+WH+Treg+TR+Byz	
6	7	7	NKO	διὰ	dia	G1223	PREP	διά	through/because of	with	NA28+NA27+Tyn+SBL+WH+Treg+TR+Byz	
6	7	8	NKO	τῶν	tōn	G3588	T-GPN	ὁ	the/this/who	the	NA28+NA27+Tyn+SBL+WH+Treg+TR+Byz	
6	7	9	NKO	ὅπλων	hoplōn	G3696	N-GPN	ὅπλον	weapon	weapons	NA28+NA27+Tyn+SBL+WH+Treg+TR+Byz	
6	7	10	NKO	τῆς	tēs	G3588	T-GSF	ὁ	the/this/who	<the>	NA28+NA27+Tyn+SBL+WH+Treg+TR+Byz	
6	7	11	NKO	δικαιοσύνης	dikaiosunēs	G1343	N-GSF	δικαιοσύνη	righteousness	of righteousness	NA28+NA27+Tyn+SBL+WH+Treg+TR+Byz	
6	7	12	NKO	τῶν	tōn	G3588	T-GPN	ὁ	the/this/who	for the	NA28+NA27+Tyn+SBL+WH+Treg+TR+Byz	
6	7	13	NKO	δεξιῶν	dexiōn	G1188	A-GPN	δεξιός	right	right hand	NA28+NA27+Tyn+SBL+WH+Treg+TR+Byz	
6	7	14	NKO	καὶ	kai	G2532	CONJ	καί	and	and	NA28+NA27+Tyn+SBL+WH+Treg+TR+Byz	
6	7	15	NKO	ἀριστερῶν,	aristerōn	G0710	A-GPN	ἀριστερός	left	for [the] left,	NA28+NA27+Tyn+SBL+WH+Treg+TR+Byz	
6	8	1	NKO	διὰ	dia	G1223	PREP	διά	through/because of	through	NA28+NA27+Tyn+SBL+WH+Treg+TR+Byz	
6	8	2	NKO	δόξης	doxēs	G1391	N-GSF	δόξα	glory	glory	NA28+NA27+Tyn+SBL+WH+Treg+TR+Byz	
6	8	3	NKO	καὶ	kai	G2532	CONJ	καί	and	and	NA28+NA27+Tyn+SBL+WH+Treg+TR+Byz	
6	8	4	NKO	ἀτιμίας,	atimias	G0819	N-GSF	ἀτιμία	dishonour	dishonor,	NA28+NA27+Tyn+SBL+WH+Treg+TR+Byz	
6	8	5	NKO	διὰ	dia	G1223	PREP	διά	through/because of	through	NA28+NA27+Tyn+SBL+WH+Treg+TR+Byz	
6	8	6	NKO	δυσφημίας	dusphēmias	G1426	N-GSF	δυσφημία	slander	bad report	NA28+NA27+Tyn+SBL+WH+Treg+TR+Byz	
6	8	7	NKO	καὶ	kai	G2532	CONJ	καί	and	and	NA28+NA27+Tyn+SBL+WH+Treg+TR+Byz	
6	8	8	NKO	εὐφημίας,	euphēmias	G2162	N-GSF	εὐφημία	good report	good report,	NA28+NA27+Tyn+SBL+WH+Treg+TR+Byz	
6	8	9	NKO	ὡς	hōs	G5613	PRT	ὡς	which/how	as	NA28+NA27+Tyn+SBL+WH+Treg+TR+Byz	
6	8	10	NKO	πλάνοι	planoi	G4108	A-NPM	πλάνος	deceiving	imposters	NA28+NA27+Tyn+SBL+WH+Treg+TR+Byz	
6	8	11	NKO	καὶ	kai	G2532	CONJ	καί	and	and yet	NA28+NA27+Tyn+SBL+WH+Treg+TR+Byz	
6	8	12	NKO	ἀληθεῖς,	alētheis	G0227	A-NPM	ἀληθής	true	true,	NA28+NA27+Tyn+SBL+WH+Treg+TR+Byz	
6	9	1	NKO	ὡς	hōs	G5613	PRT	ὡς	which/how	as	NA28+NA27+Tyn+SBL+WH+Treg+TR+Byz	
6	9	2	NKO	ἀγνοούμενοι	agnooumenoi	G0050	V-PPP-NPM	ἀγνοέω	be ignorant	being unknown	NA28+NA27+Tyn+SBL+WH+Treg+TR+Byz	
6	9	3	NKO	καὶ	kai	G2532	CONJ	καί	and	and yet	NA28+NA27+Tyn+SBL+WH+Treg+TR+Byz	
6	9	4	NKO	ἐπιγινωσκόμενοι,	epiginōskomenoi	G1921	V-PPP-NPM	ἐπιγινώσκω	to come to know	being well-known,	NA28+NA27+Tyn+SBL+WH+Treg+TR+Byz	
6	9	5	NKO	ὡς	hōs	G5613	PRT	ὡς	which/how	as	NA28+NA27+Tyn+SBL+WH+Treg+TR+Byz	
6	9	6	NKO	ἀποθνῄσκοντες	apothnēskontes	G0599	V-PAP-NPM	ἀποθνήσκω	to die	dying	NA28+NA27+Tyn+SBL+WH+Treg+TR+Byz	
6	9	7	NKO	καὶ	kai	G2532	CONJ	καί	and	and yet	NA28+NA27+Tyn+SBL+WH+Treg+TR+Byz	
6	9	8	NKO	ἰδοὺ	idou	G2400	INJ	ἰδού	look!	behold	NA28+NA27+Tyn+SBL+WH+Treg+TR+Byz	
6	9	9	NKO	ζῶμεν,	zōmen	G2198	V-PAI-1P	ζάω	to live	we live,	NA28+NA27+Tyn+SBL+WH+Treg+TR+Byz	
6	9	10	NKO	ὡς	hōs	G5613	PRT	ὡς	which/how	as	NA28+NA27+Tyn+SBL+WH+Treg+TR+Byz	
6	9	11	NKO	παιδευόμενοι	paideuomenoi	G3811	V-PPP-NPM	παιδεύω	to instruct	being disciplined	NA28+NA27+Tyn+SBL+WH+Treg+TR+Byz	
6	9	12	NKO	καὶ	kai	G2532	CONJ	καί	and	and yet	NA28+NA27+Tyn+SBL+WH+Treg+TR+Byz	
6	9	13	NKO	μὴ	mē	G3361	PRT-N	μή	not	not	NA28+NA27+Tyn+SBL+WH+Treg+TR+Byz	
6	9	14	NKO	θανατούμενοι,	thanatoumenoi	G2289	V-PPP-NPM	θανατόω	to kill	being killed,	NA28+NA27+Tyn+SBL+WH+Treg+TR+Byz	
6	10	1	NKO	ὡς	hōs	G5613	PRT	ὡς	which/how	as	NA28+NA27+Tyn+SBL+WH+Treg+TR+Byz	
6	10	2	NKO	λυπούμενοι	lupoumenoi	G3076	V-PPP-NPM	λυπέω	to grieve	being sorrowful	NA28+NA27+Tyn+SBL+WH+Treg+TR+Byz	
6	10	3	NKO	ἀεὶ	aei	G0104	ADV	ἀεί	always	always	NA28+NA27+Tyn+SBL+WH+Treg+TR+Byz	
6	10	4	NKO	δὲ	de	G1161	CONJ	δέ	but/and	yet	NA28+NA27+Tyn+SBL+WH+Treg+TR+Byz	
6	10	5	NKO	χαίροντες,	chairontes	G5463	V-PAP-NPM	χαίρω	to rejoice	rejoicing,	NA28+NA27+Tyn+SBL+WH+Treg+TR+Byz	
6	10	6	NKO	ὡς	hōs	G5613	PRT	ὡς	which/how	as	NA28+NA27+Tyn+SBL+WH+Treg+TR+Byz	
6	10	7	NKO	πτωχοὶ	ptōchoi	G4434	N-NPM	πτωχός	poor	poor	NA28+NA27+Tyn+SBL+WH+Treg+TR+Byz	
6	10	8	NKO	πολλοὺς	pollous	G4183	A-APM	πολύς	much	many	NA28+NA27+Tyn+SBL+WH+Treg+TR+Byz	
6	10	9	NKO	δὲ	de	G1161	CONJ	δέ	but/and	yet	NA28+NA27+Tyn+SBL+WH+Treg+TR+Byz	
6	10	10	NKO	πλουτίζοντες,	ploutizontes	G4148	V-PAP-NPM	πλουτίζω	to enrich	enriching,	NA28+NA27+Tyn+SBL+WH+Treg+TR+Byz	
6	10	11	NKO	ὡς	hōs	G5613	PRT	ὡς	which/how	as	NA28+NA27+Tyn+SBL+WH+Treg+TR+Byz	
6	10	12	NKO	μηδὲν	mēden	G3367	A-ASN-N	μηδείς	nothing	nothing	NA28+NA27+Tyn+SBL+WH+Treg+TR+Byz	
6	10	13	NKO	ἔχοντες	echontes	G2192	V-PAP-NPM	ἔχω	to have/be	having	NA28+NA27+Tyn+SBL+WH+Treg+TR+Byz	
6	10	14	NKO	καὶ	kai	G2532	CONJ	καί	and	and yet	NA28+NA27+Tyn+SBL+WH+Treg+TR+Byz	
6	10	15	NKO	πάντα	panta	G3956	A-APN	πᾶς	all	all things	NA28+NA27+Tyn+SBL+WH+Treg+TR+Byz	
6	10	16	NKO	κατέχοντες.¶	katechontes	G2722	V-PAP-NPM	κατέχω	to hold back/fast	possessing.	NA28+NA27+Tyn+SBL+WH+Treg+TR+Byz	
6	11	1	NKO	Τὸ	To	G3588	T-NSN	ὁ	the/this/who	The	NA28+NA27+Tyn+SBL+WH+Treg+TR+Byz	
6	11	2	NKO	στόμα	stoma	G4750	N-NSN	στόμα	mouth	mouth	NA28+NA27+Tyn+SBL+WH+Treg+TR+Byz	
6	11	3	NKO	ἡμῶν	hēmōn	G3165	P-1GP	ἐγώ	I/we	of us	NA28+NA27+Tyn+SBL+WH+Treg+TR+Byz	
6	11	4	NKO	ἀνέῳγεν	aneōgen	G0455	V-2RAI-3S	ἀνοίγω	to open	has been opened	NA28+NA27+Tyn+SBL+WH+Treg+TR+Byz	
6	11	5	NKO	πρὸς	pros	G4314	PREP	πρός	to/with	to	NA28+NA27+Tyn+SBL+WH+Treg+TR+Byz	
6	11	6	NKO	ὑμᾶς,	humas	G4771	P-2AP	σύ	you	you,	NA28+NA27+Tyn+SBL+WH+Treg+TR+Byz	
6	11	7	NKO	Κορίνθιοι,	Korinthioi	G2881	N-VPM-LG	Κορίνθιος	Corinthian	Corinthians,	NA28+NA27+Tyn+SBL+WH+Treg+TR+Byz	
6	11	8	NKO	ἡ	hē	G3588	T-NSF	ὁ	the/this/who	the	NA28+NA27+Tyn+SBL+WH+Treg+TR+Byz	
6	11	9	NKO	καρδία	kardia	G2588	N-NSF	καρδία	heart	heart	NA28+NA27+Tyn+SBL+WH+Treg+TR+Byz	
6	11	10	NKO	ἡμῶν	hēmōn	G3165	P-1GP	ἐγώ	I/we	of us	NA28+NA27+Tyn+SBL+WH+Treg+TR+Byz	
6	11	11	NKO	πεπλάτυνται·	peplatuntai	G4115	V-RPI-3S	πλατύνω	to widen	has been expanded;	NA28+NA27+Tyn+SBL+WH+Treg+TR+Byz	
6	12	1	NKO	οὐ	ou	G3756	PRT-N	οὐ	no	Not	NA28+NA27+Tyn+SBL+WH+Treg+TR+Byz	
6	12	2	NKO	στενοχωρεῖσθε	stenochōreisthe	G4729	V-PPI-2P	στενοχωρέω	to press upon	you are restrained	NA28+NA27+Tyn+SBL+WH+Treg+TR+Byz	
6	12	3	NKO	ἐν	en	G1722	PREP	ἐν	in/on/among	by	NA28+NA27+Tyn+SBL+WH+Treg+TR+Byz	
6	12	4	NKO	ἡμῖν,	hēmin	G3165	P-1DP	ἐγώ	I/we	us,	NA28+NA27+Tyn+SBL+WH+Treg+TR+Byz	
6	12	5	NKO	στενοχωρεῖσθε	stenochōreisthe	G4729	V-PPI-2P	στενοχωρέω	to press upon	you are restrained	NA28+NA27+Tyn+SBL+WH+Treg+TR+Byz	
6	12	6	NKO	δὲ	de	G1161	CONJ	δέ	but/and	however	NA28+NA27+Tyn+SBL+WH+Treg+TR+Byz	
6	12	7	NKO	ἐν	en	G1722	PREP	ἐν	in/on/among	in	NA28+NA27+Tyn+SBL+WH+Treg+TR+Byz	
6	12	8	NKO	τοῖς	tois	G3588	T-DPN	ὁ	the/this/who	the	NA28+NA27+Tyn+SBL+WH+Treg+TR+Byz	
6	12	9	NKO	σπλάγχνοις	splagchnois	G4698	N-DPN	σπλάγχνον	affection/entrails	affections	NA28+NA27+Tyn+SBL+WH+Treg+TR+Byz	
6	12	10	NKO	ὑμῶν·	humōn	G4771	P-2GP	σύ	you	of you;	NA28+NA27+Tyn+SBL+WH+Treg+TR+Byz	
6	13	1	NKO	τὴν	tēn	G3588	T-ASF	ὁ	the/this/who	<the>	NA28+NA27+Tyn+SBL+WH+Treg+TR+Byz	
6	13	2	NKO	δὲ	de	G1161	CONJ	δέ	but/and	Now	NA28+NA27+Tyn+SBL+WH+Treg+TR+Byz	
6	13	3	NKO	αὐτὴν	autēn	G0846	P-ASF	αὐτός	he/she/it/self	[as] the same	NA28+NA27+Tyn+SBL+WH+Treg+TR+Byz	
6	13	4	NKO	ἀντιμισθίαν,	antimisthian	G0489	N-ASF	ἀντιμισθία	recompense	recompense,	NA28+NA27+Tyn+SBL+WH+Treg+TR+Byz	
6	13	5	NKO	ὡς	hōs	G5613	PRT	ὡς	which/how	as	NA28+NA27+Tyn+SBL+WH+Treg+TR+Byz	
6	13	6	NKO	τέκνοις	teknois	G5043	N-DPN	τέκνον	child	to children	NA28+NA27+Tyn+SBL+WH+Treg+TR+Byz	
6	13	7	NKO	λέγω,	legō	G3004G	V-PAI-1S	λέγω	to speak	I speak,	NA28+NA27+Tyn+SBL+WH+Treg+TR+Byz	
6	13	8	NKO	πλατύνθητε	platunthēte	G4115	V-APM-2P	πλατύνω	to widen	do open [yourselves]	NA28+NA27+Tyn+SBL+WH+Treg+TR+Byz	
6	13	9	NKO	καὶ	kai	G2532	CONJ	καί	and	also	NA28+NA27+Tyn+SBL+WH+Treg+TR+Byz	
6	13	10	NKO	ὑμεῖς.¶	humeis	G4771	P-2NP	σύ	you	you.	NA28+NA27+Tyn+SBL+WH+Treg+TR+Byz	
6	14	1	NKO	Μὴ	Mē	G3361	PRT-N	μή	not	Not	NA28+NA27+Tyn+SBL+WH+Treg+TR+Byz	
6	14	2	NKO	γίνεσθε	ginesthe	G1096	V-PNM-2P	γίνομαι	to be	do become	NA28+NA27+Tyn+SBL+WH+Treg+TR+Byz	
6	14	3	NKO	ἑτεροζυγοῦντες	heterozugountes	G2086	V-PAP-NPM	ἑτεροζυγέω	to yoke a mismatch	unequally yoked together	NA28+NA27+Tyn+SBL+WH+Treg+TR+Byz	
6	14	4	NKO	ἀπίστοις·	apistois	G0571	A-DPM	ἄπιστος	unbelieving	with unbelievers;	NA28+NA27+Tyn+SBL+WH+Treg+TR+Byz	
6	14	5	NKO	τίς	tis	G5101	I-NSF	τίς	which?	what	NA28+NA27+Tyn+SBL+WH+Treg+TR+Byz	
6	14	6	NKO	γὰρ	gar	G1063	CONJ	γάρ	for	for	NA28+NA27+Tyn+SBL+WH+Treg+TR+Byz	
6	14	7	NKO	μετοχὴ	metochē	G3352	N-NSF	μετοχή	participation	partnership [have]	NA28+NA27+Tyn+SBL+WH+Treg+TR+Byz	
6	14	8	NKO	δικαιοσύνῃ	dikaiosunē	G1343	N-DSF	δικαιοσύνη	righteousness	righteousness	NA28+NA27+Tyn+SBL+WH+Treg+TR+Byz	
6	14	9	NKO	καὶ	kai	G2532	CONJ	καί	and	and	NA28+NA27+Tyn+SBL+WH+Treg+TR+Byz	
6	14	10	NKO	ἀνομίᾳ;	anomia	G0458	N-DSF	ἀνομία	lawlessness	lawlessness?	NA28+NA27+Tyn+SBL+WH+Treg+TR+Byz	
6	14	11	N(k)O	ἢ	ē	G2228	CONJ	ἤ	or/than	Or	NA28+NA27+Tyn+SBL+WH+Treg	
6	14	12	NKO	τίς	tis	G5101	I-NSF	τίς	which?	what	NA28+NA27+Tyn+SBL+WH+Treg+TR«2+Byz«2	
6	14	13	NKO	κοινωνία	koinōnia	G2842	N-NSF	κοινωνία	participation	fellowship	NA28+NA27+Tyn+SBL+WH+Treg+TR+Byz	
6	14	14	NKO	φωτὶ	phōti	G5457	N-DSN	φῶς	light	light	NA28+NA27+Tyn+SBL+WH+Treg+TR+Byz	
6	14	15	NKO	πρὸς	pros	G4314	PREP	πρός	to/with	with	NA28+NA27+Tyn+SBL+WH+Treg+TR+Byz	
6	14	16	NKO	σκότος;	skotos	G4655	N-ASN	σκότος	darkness	darkness?	NA28+NA27+Tyn+SBL+WH+Treg+TR+Byz	
6	15	1	NKO	τίς	tis	G5101	I-NSF	τίς	which?	What	NA28+NA27+Tyn+SBL+WH+Treg+TR+Byz	
6	15	2	NKO	δὲ	de	G1161	CONJ	δέ	but/and	now	NA28+NA27+Tyn+SBL+WH+Treg+TR+Byz	
6	15	3	NKO	συμφώνησις	sumphōnēsis	G4857	N-NSF	συμφώνησις	harmony	harmony [has]	NA28+NA27+Tyn+SBL+WH+Treg+TR+Byz	
6	15	4	N(k)O	Χριστοῦ	Christou	G5547	N-GSM-T	Χριστός	Christ	Christ	NA28+NA27+Tyn+SBL+WH+Treg	
6	15	5	NKO	πρὸς	pros	G4314	PREP	πρός	to/with	with	NA28+NA27+Tyn+SBL+WH+Treg+TR+Byz	
6	15	6	NKO	Βελιάρ;	Beliar	G0955	N-ASM-T	Βελίαλ	Belial	Belial?	NA28+NA27+Tyn+SBL+WH+Treg+TR+Byz	
6	15	7	NKO	ἢ	ē	G2228	CONJ	ἤ	or/than	Or	NA28+NA27+Tyn+SBL+WH+Treg+TR+Byz	
6	15	8	NKO	τίς	tis	G5101	I-NSF	τίς	which?	what	NA28+NA27+Tyn+SBL+WH+Treg+TR+Byz	
6	15	9	NKO	μερὶς	meris	G3310	N-NSF	μερίς	part	part [has]	NA28+NA27+Tyn+SBL+WH+Treg+TR+Byz	
6	15	10	NKO	πιστῷ	pistō	G4103	A-DSM	πιστός	faithful	a believer	NA28+NA27+Tyn+SBL+WH+Treg+TR+Byz	
6	15	11	NKO	μετὰ	meta	G3326	PREP	μετά	with/after	with	NA28+NA27+Tyn+SBL+WH+Treg+TR+Byz	
6	15	12	NKO	ἀπίστου;	apistou	G0571	A-GSM	ἄπιστος	unbelieving	an unbeliever?	NA28+NA27+Tyn+SBL+WH+Treg+TR+Byz	
6	16	1	NKO	τίς	tis	G5101	I-NSF	τίς	which?	What	NA28+NA27+Tyn+SBL+WH+Treg+TR+Byz	
6	16	2	NKO	δὲ	de	G1161	CONJ	δέ	but/and	now	NA28+NA27+Tyn+SBL+WH+Treg+TR+Byz	
6	16	3	NKO	συγκατάθεσις	sugkatathesis	G4783	N-NSF	συγκατάθεσις	agreement	agreement	NA28+NA27+Tyn+SBL+WH+Treg+TR+Byz	
6	16	4	NKO	ναῷ	naō	G3485	N-DSM	ναός	temple	[the] temple	NA28+NA27+Tyn+SBL+WH+Treg+TR+Byz	
6	16	5	NKO	θεοῦ	theou	G2316	N-GSM-T	θεός	God	of God	NA28+NA27+Tyn+SBL+WH+Treg+TR+Byz	
6	16	6	NKO	μετὰ	meta	G3326	PREP	μετά	with/after	with	NA28+NA27+Tyn+SBL+WH+Treg+TR+Byz	
6	16	7	NKO	εἰδώλων;	eidōlōn	G1497	N-GPN	εἴδωλον	idol	idols?	NA28+NA27+Tyn+SBL+WH+Treg+TR+Byz	
6	16	8	N(K)O	ἡμεῖς	hēmeis	G3165	P-1NP	ἐγώ	I/we	We ourselves	NA28+NA27+Tyn+SBL+WH+Treg	
6	16	9	NKO	γὰρ	gar	G1063	CONJ	γάρ	for	for	NA28+NA27+Tyn+SBL+WH+Treg+TR+Byz	
6	16	10	NKO	ναὸς	naos	G3485	N-NSM	ναός	temple	[the] temple	NA28+NA27+Tyn+SBL+WH+Treg+TR+Byz	
6	16	11	NKO	θεοῦ	theou	G2316	N-GSM-T	θεός	God	of God	NA28+NA27+Tyn+SBL+WH+Treg+TR+Byz	
6	16	12	N(K)O	ἐσμεν	esmen	G1510	V-PAI-1P	εἰμί	to be	we are	NA28+NA27+Tyn+SBL+WH+Treg	
6	16	13	NKO	ζῶντος,	zōntos	G2198	V-PAP-GSM	ζάω	to live	[the] living,	NA28+NA27+Tyn+SBL+WH+Treg+TR+Byz	
6	16	14	NKO	καθὼς	kathōs	G2531	CONJ	καθώς	as/just as	even as	NA28+NA27+Tyn+SBL+WH+Treg+TR+Byz	
6	16	15	NKO	εἶπεν	eipen	G2036	V-2AAI-3S	ἔπω, ἐρῶ, εἶπον	to say	has said	NA28+NA27+Tyn+SBL+WH+Treg+TR+Byz	
6	16	16	NKO	ὁ	ho	G3588	T-NSM	ὁ	the/this/who	<the>	NA28+NA27+Tyn+SBL+WH+Treg+TR+Byz	
6	16	17	NKO	θεὸς	theos	G2316	N-NSM-T	θεός	God	God	NA28+NA27+Tyn+SBL+WH+Treg+TR+Byz	
6	16	18	NKO	ὅτι	hoti	G3754G	CONJ	ὅτι	that/since	that	NA28+NA27+Tyn+SBL+WH+Treg+TR+Byz	
6	16	19	NKO	ἐνοικήσω	enoikēsō	G1774	V-FAI-1S	ἐνοικέω	to dwell in/with	I will dwell	NA28+NA27+Tyn+SBL+WH+Treg+TR+Byz	
6	16	20	NKO	ἐν	en	G1722	PREP	ἐν	in/on/among	in	NA28+NA27+Tyn+SBL+WH+Treg+TR+Byz	
6	16	21	NKO	αὐτοῖς	autois	G0846	P-DPM	αὐτός	he/she/it/self	them	NA28+NA27+Tyn+SBL+WH+Treg+TR+Byz	
6	16	22	NKO	καὶ	kai	G2532	CONJ	καί	and	and	NA28+NA27+Tyn+SBL+WH+Treg+TR+Byz	
6	16	23	NKO	ἐμπεριπατήσω,	emperipatēsō	G1704	V-FAI-1S	ἐμπεριπατέω	to walk in/among	will walk among [them],	NA28+NA27+Tyn+SBL+WH+Treg+TR+Byz	
6	16	24	NKO	καὶ	kai	G2532	CONJ	καί	and	and	NA28+NA27+Tyn+SBL+WH+Treg+TR+Byz	
6	16	25	NKO	ἔσομαι	esomai	G1510	V-FDI-1S	εἰμί	to be	I will be	NA28+NA27+Tyn+SBL+WH+Treg+TR+Byz	
6	16	26	NKO	αὐτῶν	autōn	G0846	P-GPM	αὐτός	he/she/it/self	their	NA28+NA27+Tyn+SBL+WH+Treg+TR+Byz	
6	16	27	NKO	θεὸς	theos	G2316	N-NSM-T	θεός	God	God	NA28+NA27+Tyn+SBL+WH+Treg+TR+Byz	
6	16	28	NKO	καὶ	kai	G2532	CONJ	καί	and	and	NA28+NA27+Tyn+SBL+WH+Treg+TR+Byz	
6	16	29	NKO	αὐτοὶ	autoi	G0846	P-NPM	αὐτός	he/she/it/self	they themselves	NA28+NA27+Tyn+SBL+WH+Treg+TR+Byz	
6	16	30	NKO	ἔσονταί	esontai	G1510	V-FDI-3P	εἰμί	to be	will be	NA28+NA27+Tyn+SBL+WH+Treg+TR+Byz	
6	16	31	N(k)O	μου	mou	G3165	P-1GS	ἐγώ	I/we	to Me	NA28+NA27+Tyn+SBL+WH+Treg	
6	16	32	NKO	λαός.	laos	G2992	N-NSM	λαός	a people	a people.	NA28+NA27+Tyn+SBL+WH+Treg+TR+Byz	
6	17	1	NKO	Διὸ	Dio	G1352	CONJ	διό	for	Therefore	NA28+NA27+Tyn+SBL+WH+Treg+TR+Byz	
6	17	2	NKO	ἐξέλθατε	exelthate	G1831	V-2AAM-2P	ἐξέρχομαι	to go out	do come out	NA28+NA27+Tyn+SBL+WH+Treg+TR+Byz	
6	17	3	NKO	ἐκ	ek	G1537	PREP	ἐκ	out from	from	NA28+NA27+Tyn+SBL+WH+Treg+TR+Byz	
6	17	4	NKO	μέσου	mesou	G3319	A-GSN	μέσος	midst	[the] midst	NA28+NA27+Tyn+SBL+WH+Treg+TR+Byz	
6	17	5	NKO	αὐτῶν	autōn	G0846	P-GPM	αὐτός	he/she/it/self	of them	NA28+NA27+Tyn+SBL+WH+Treg+TR+Byz	
6	17	6	NKO	καὶ	kai	G2532	CONJ	καί	and	and	NA28+NA27+Tyn+SBL+WH+Treg+TR+Byz	
6	17	7	NKO	ἀφορίσθητε,	aphoristhēte	G0873	V-APM-2P	ἀφορίζω	to separate	do be separate,	NA28+NA27+Tyn+SBL+WH+Treg+TR+Byz	
6	17	8	NKO	λέγει	legei	G3004G	V-PAI-3S	λέγω	to speak	says	NA28+NA27+Tyn+SBL+WH+Treg+TR+Byz	
6	17	9	NKO	κύριος,	kurios	G2962G	N-NSM-T	κύριος	lord	[the] Lord,	NA28+NA27+Tyn+SBL+WH+Treg+TR+Byz	
6	17	10	NKO	καὶ	kai	G2532	CONJ	καί	and	and	NA28+NA27+Tyn+SBL+WH+Treg+TR+Byz	
6	17	11	NKO	ἀκαθάρτου	akathartou	G0169	A-GSN	ἀκάθαρτος	unclean	unclean	NA28+NA27+Tyn+SBL+WH+Treg+TR+Byz	
6	17	12	NKO	μὴ	mē	G3361	PRT-N	μή	not	nothing	NA28+NA27+Tyn+SBL+WH+Treg+TR+Byz	
6	17	13	NKO	ἅπτεσθε·	haptesthe	G0681	V-PMM-2P	ἅπτω	to kindle	do touch;	NA28+NA27+Tyn+SBL+WH+Treg+TR+Byz	
6	17	14	NKO	κἀγὼ	kagō	G1473	P-1NS + G2532=CONJ	κἀγώ	and I	and I myself	NA28+NA27+Tyn+SBL+WH+Treg+TR+Byz	
6	17	15	NKO	εἰσδέξομαι	eisdexomai	G1523	V-FDI-1S	εἰσδέχομαι	to receive	will receive	NA28+NA27+Tyn+SBL+WH+Treg+TR+Byz	
6	17	16	NKO	ὑμᾶς,	humas	G4771	P-2AP	σύ	you	you,	NA28+NA27+Tyn+SBL+WH+Treg+TR+Byz	
6	18	1	NKO	καὶ	kai	G2532	CONJ	καί	and	and	NA28+NA27+Tyn+SBL+WH+Treg+TR+Byz	
6	18	2	NKO	ἔσομαι	esomai	G1510	V-FDI-1S	εἰμί	to be	I will be	NA28+NA27+Tyn+SBL+WH+Treg+TR+Byz	
6	18	3	NKO	ὑμῖν	humin	G4771	P-2DP	σύ	you	to you	NA28+NA27+Tyn+SBL+WH+Treg+TR+Byz	
6	18	4	NKO	εἰς	eis	G1519	PREP	εἰς	toward	for	NA28+NA27+Tyn+SBL+WH+Treg+TR+Byz	
6	18	5	NKO	πατέρα	patera	G3962	N-ASM	πατήρ	father	a father	NA28+NA27+Tyn+SBL+WH+Treg+TR+Byz	
6	18	6	NKO	καὶ	kai	G2532	CONJ	καί	and	and	NA28+NA27+Tyn+SBL+WH+Treg+TR+Byz	
6	18	7	NKO	ὑμεῖς	humeis	G4771	P-2NP	σύ	you	you yourselves	NA28+NA27+Tyn+SBL+WH+Treg+TR+Byz	
6	18	8	NKO	ἔσεσθέ	esesthe	G1510	V-FDI-2P	εἰμί	to be	will be	NA28+NA27+Tyn+SBL+WH+Treg+TR+Byz	
6	18	9	NKO	μοι	moi	G3165	P-1DS	ἐγώ	I/we	to Me	NA28+NA27+Tyn+SBL+WH+Treg+TR+Byz	
6	18	10	NKO	εἰς	eis	G1519	PREP	εἰς	toward	for	NA28+NA27+Tyn+SBL+WH+Treg+TR+Byz	
6	18	11	NKO	υἱοὺς	huious	G5207	N-APM	υἱός	son	sons	NA28+NA27+Tyn+SBL+WH+Treg+TR+Byz	
6	18	12	NKO	καὶ	kai	G2532	CONJ	καί	and	and	NA28+NA27+Tyn+SBL+WH+Treg+TR+Byz	
6	18	13	NKO	θυγατέρας,	thugateras	G2364	N-APF	θυγάτηρ	daughter	daughters,	NA28+NA27+Tyn+SBL+WH+Treg+TR+Byz	
6	18	14	NKO	λέγει	legei	G3004G	V-PAI-3S	λέγω	to speak	says	NA28+NA27+Tyn+SBL+WH+Treg+TR+Byz	
6	18	15	NKO	κύριος	kurios	G2962G	N-NSM-T	κύριος	lord	[the] Lord	NA28+NA27+Tyn+SBL+WH+Treg+TR+Byz	
6	18	16	NKO	παντοκράτωρ.¶	pantokratōr	G3841	N-NSM-T	παντοκράτωρ	almighty	Almighty.	NA28+NA27+Tyn+SBL+WH+Treg+TR+Byz	
7	1	1	NKO	Ταύτας	Tautas	G3778	D-APF	οὗτος	this/he/she/it	These	NA28+NA27+Tyn+SBL+WH+Treg+TR+Byz	
7	1	2	NKO	οὖν	oun	G3767	CONJ	οὖν	therefore/then	therefore	NA28+NA27+Tyn+SBL+WH+Treg+TR+Byz	
7	1	3	NKO	ἔχοντες	echontes	G2192	V-PAP-NPM	ἔχω	to have/be	having	NA28+NA27+Tyn+SBL+WH+Treg+TR+Byz	
7	1	4	NKO	τὰς	tas	G3588	T-APF	ὁ	the/this/who	<the>	NA28+NA27+Tyn+SBL+WH+Treg+TR+Byz	
7	1	5	NKO	ἐπαγγελίας,	epangelias	G1860	N-APF	ἐπαγγελία	promise	promises,	NA28+NA27+Tyn+SBL+WH+Treg+TR+Byz	
7	1	6	NKO	ἀγαπητοί,	agapētoi	G0027	A-VPM	ἀγαπητός	beloved	beloved,	NA28+NA27+Tyn+SBL+WH+Treg+TR+Byz	
7	1	7	NKO	καθαρίσωμεν	katharisōmen	G2511	V-AAS-1P	καθαρίζω	to clean	we may cleanse	NA28+NA27+Tyn+SBL+WH+Treg+TR+Byz	
7	1	8	NKO	ἑαυτοὺς	he'autous	G1438	F-1APM	ἑαυτοῦ	my/your/him-self	ourselves	NA28+NA27+Tyn+SBL+WH+Treg+TR+Byz	
7	1	9	NKO	ἀπὸ	apo	G0575	PREP	ἀπό	away from	from	NA28+NA27+Tyn+SBL+WH+Treg+TR+Byz	
7	1	10	NKO	παντὸς	pantos	G3956	A-GSM	πᾶς	all	every	NA28+NA27+Tyn+SBL+WH+Treg+TR+Byz	
7	1	11	NKO	μολυσμοῦ	molusmou	G3436	N-GSM	μολυσμός	defilement	defilement	NA28+NA27+Tyn+SBL+WH+Treg+TR+Byz	
7	1	12	NKO	σαρκὸς	sarkos	G4561	N-GSF	σάρξ	flesh	of flesh	NA28+NA27+Tyn+SBL+WH+Treg+TR+Byz	
7	1	13	NKO	καὶ	kai	G2532	CONJ	καί	and	and	NA28+NA27+Tyn+SBL+WH+Treg+TR+Byz	
7	1	14	NKO	πνεύματος	pneumatos	G4151G	N-GSN	πνεῦμα	spirit/breath	spirit	NA28+NA27+Tyn+SBL+WH+Treg+TR+Byz	
7	1	15	NKO	ἐπιτελοῦντες	epitelountes	G2005	V-PAP-NPM	ἐπιτελέω	to complete	perfecting	NA28+NA27+Tyn+SBL+WH+Treg+TR+Byz	
7	1	16	NKO	ἁγιωσύνην	hagiōsunēn	G0042	N-ASF	ἁγιωσύνη	holiness	holiness	NA28+NA27+Tyn+SBL+WH+Treg+TR+Byz	
7	1	17	NKO	ἐν	en	G1722	PREP	ἐν	in/on/among	in	NA28+NA27+Tyn+SBL+WH+Treg+TR+Byz	
7	1	18	NKO	φόβῳ	phobō	G5401	N-DSM	φόβος	fear	[the] fear	NA28+NA27+Tyn+SBL+WH+Treg+TR+Byz	
7	1	19	NKO	θεοῦ.¶	theou	G2316	N-GSM-T	θεός	God	of God.	NA28+NA27+Tyn+SBL+WH+Treg+TR+Byz	
7	2	1	NKO	Χωρήσατε	Chōrēsate	G5562	V-AAM-2P	χωρέω	to make room for	do make room for	NA28+NA27+Tyn+SBL+WH+Treg+TR+Byz	
7	2	2	NKO	ἡμᾶς·	hēmas	G3165	P-1AP	ἐγώ	I/we	us;	NA28+NA27+Tyn+SBL+WH+Treg+TR+Byz	
7	2	3	NKO	οὐδένα	oudena	G3762	A-ASM	οὐδείς	none	no [one]	NA28+NA27+Tyn+SBL+WH+Treg+TR+Byz	
7	2	4	NKO	ἠδικήσαμεν,	ēdikēsamen	G0091	V-AAI-1P	ἀδικέω	to harm	we have wronged,	NA28+NA27+Tyn+SBL+WH+Treg+TR+Byz	
7	2	5	NKO	οὐδένα	oudena	G3762	A-ASM	οὐδείς	none	no [one]	NA28+NA27+Tyn+SBL+WH+Treg+TR+Byz	
7	2	6	NKO	ἐφθείραμεν,	ephtheiramen	G5351	V-AAI-1P	φθείρω	to corrupt	we have corrupted,	NA28+NA27+Tyn+SBL+WH+Treg+TR+Byz	
7	2	7	NKO	οὐδένα	oudena	G3762	A-ASM	οὐδείς	none	no [one]	NA28+NA27+Tyn+SBL+WH+Treg+TR+Byz	
7	2	8	NKO	ἐπλεονεκτήσαμεν.	epleonektēsamen	G4122	V-AAI-1P	πλεονεκτέω	to exploit	we have exploited.	NA28+NA27+Tyn+SBL+WH+Treg+TR+Byz	
7	3	1	NKO	πρὸς	pros	G4314	PREP	πρός	to/with	For	NA28+NA27+Tyn+SBL+WH+Treg+TR+Byz	
7	3	2	NKO	κατάκρισιν	katakrisin	G2633	N-ASF	κατάκρισις	condemnation	condemnation	NA28+NA27+Tyn+SBL+WH+Treg+TR+Byz	
7	3	3	NKO	οὐ	ou	G3756	PRT-N	οὐ	no	not	NA28+NA27+Tyn+SBL+WH+Treg+TR«3+Byz«3	
7	3	4	NKO	λέγω·	legō	G3004G	V-PAI-1S	λέγω	to speak	I speak;	NA28+NA27+Tyn+SBL+WH+Treg+TR+Byz	
7	3	5	NKO	προείρηκα	proeirēka	G4280	V-RAI-1S	προερέω	to predict	I have before said	NA28+NA27+Tyn+SBL+WH+Treg+TR+Byz	
7	3	6	NKO	γὰρ	gar	G1063	CONJ	γάρ	for	for	NA28+NA27+Tyn+SBL+WH+Treg+TR+Byz	
7	3	7	NKO	ὅτι	hoti	G3754G	CONJ	ὅτι	that/since	that	NA28+NA27+Tyn+SBL+WH+Treg+TR+Byz	
7	3	8	NKO	ἐν	en	G1722	PREP	ἐν	in/on/among	in	NA28+NA27+Tyn+SBL+WH+Treg+TR+Byz	
7	3	9	NKO	ταῖς	tais	G3588	T-DPF	ὁ	the/this/who	the	NA28+NA27+Tyn+SBL+WH+Treg+TR+Byz	
7	3	10	NKO	καρδίαις	kardiais	G2588	N-DPF	καρδία	heart	hearts	NA28+NA27+Tyn+SBL+WH+Treg+TR+Byz	
7	3	11	NKO	ἡμῶν	hēmōn	G3165	P-1GP	ἐγώ	I/we	of us	NA28+NA27+Tyn+SBL+WH+Treg+TR+Byz	
7	3	12	NKO	ἐστε	este	G1510	V-PAI-2P	εἰμί	to be	you are	NA28+NA27+Tyn+SBL+WH+Treg+TR+Byz	
7	3	13	NKO	εἰς	eis	G1519	PREP	εἰς	toward	for [us]	NA28+NA27+Tyn+SBL+WH+Treg+TR+Byz	
7	3	14	NKO	τὸ	to	G3588	T-ASN	ὁ	the/this/who	<the>	NA28+NA27+Tyn+SBL+WH+Treg+TR+Byz	
7	3	15	NKO	συναποθανεῖν	sunapothanein	G4880	V-2AAN	συναποθνήσκω	to die with	to die together	NA28+NA27+Tyn+SBL+WH+Treg+TR+Byz	
7	3	16	NKO	καὶ	kai	G2532	CONJ	καί	and	and	NA28+NA27+Tyn+SBL+WH+Treg+TR+Byz	
7	3	17	NKO	συζῆν.	suzēn	G4800	V-PAN	συζάω	to live together	to live together.	NA28+NA27+Tyn+SBL+WH+Treg+TR+Byz	
7	4	1	NKO	πολλή	pollē	G4183	A-NSF	πολύς	much	Great [is]	NA28+NA27+Tyn+SBL+WH+Treg+TR+Byz	
7	4	2	NKO	μοι	moi	G3165	P-1DS	ἐγώ	I/we	my	NA28+NA27+Tyn+SBL+WH+Treg+TR+Byz	
7	4	3	NKO	παρρησία	parrēsia	G3954	N-NSF	παρρησία	boldness	boldness	NA28+NA27+Tyn+SBL+WH+Treg+TR+Byz	
7	4	4	NKO	πρὸς	pros	G4314	PREP	πρός	to/with	toward	NA28+NA27+Tyn+SBL+WH+Treg+TR+Byz	
7	4	5	NKO	ὑμᾶς,	humas	G4771	P-2AP	σύ	you	you,	NA28+NA27+Tyn+SBL+WH+Treg+TR+Byz	
7	4	6	NKO	πολλή	pollē	G4183	A-NSF	πολύς	much	great	NA28+NA27+Tyn+SBL+WH+Treg+TR+Byz	
7	4	7	NKO	μοι	moi	G3165	P-1DS	ἐγώ	I/we	my	NA28+NA27+Tyn+SBL+WH+Treg+TR+Byz	
7	4	8	NKO	καύχησις	kauchēsis	G2746	N-NSF	καύχησις	pride	boasting	NA28+NA27+Tyn+SBL+WH+Treg+TR+Byz	
7	4	9	NKO	ὑπὲρ	huper	G5228	PREP	ὑπέρ	above/for	on behalf of	NA28+NA27+Tyn+SBL+WH+Treg+TR+Byz	
7	4	10	NKO	ὑμῶν·	humōn	G4771	P-2GP	σύ	you	you;	NA28+NA27+Tyn+SBL+WH+Treg+TR+Byz	
7	4	11	NKO	πεπλήρωμαι	peplērōmai	G4137	V-RPI-1S	πληρόω	to fulfill	I have been filled	NA28+NA27+Tyn+SBL+WH+Treg+TR+Byz	
7	4	12	NKO	τῇ	tēa	G3588	T-DSF	ὁ	the/this/who	<the>	NA28+NA27+Tyn+SBL+WH+Treg+TR+Byz	
7	4	13	NKO	παρακλήσει,	paraklēsei	G3874	N-DSF	παράκλησις	encouragement	with encouragement,	NA28+NA27+Tyn+SBL+WH+Treg+TR+Byz	
7	4	14	NKO	ὑπερπερισσεύομαι	huperperisseuomai	G5248	V-PPI-1S	ὑπερπερισσεύω	to abound	I overabound	NA28+NA27+Tyn+SBL+WH+Treg+TR+Byz	
7	4	15	NKO	τῇ	tēa	G3588	T-DSF	ὁ	the/this/who	<the>	NA28+NA27+Tyn+SBL+WH+Treg+TR+Byz	
7	4	16	NKO	χαρᾷ	chara	G5479	N-DSF	χαρά	joy	with joy	NA28+NA27+Tyn+SBL+WH+Treg+TR+Byz	
7	4	17	NKO	ἐπὶ	epi	G1909	PREP	ἐπί	upon/to/against	upon	NA28+NA27+Tyn+SBL+WH+Treg+TR+Byz	
7	4	18	NKO	πάσῃ	pasē	G3956	A-DSF	πᾶς	all	all	NA28+NA27+Tyn+SBL+WH+Treg+TR+Byz	
7	4	19	NKO	τῇ	tēa	G3588	T-DSF	ὁ	the/this/who	the	NA28+NA27+Tyn+SBL+WH+Treg+TR+Byz	
7	4	20	NKO	θλίψει	thlipsei	G2347	N-DSF	θλῖψις	pressure	affliction	NA28+NA27+Tyn+SBL+WH+Treg+TR+Byz	
7	4	21	NKO	ἡμῶν.	hēmōn	G3165	P-1GP	ἐγώ	I/we	of us.	NA28+NA27+Tyn+SBL+WH+Treg+TR+Byz	
7	5	1	NKO	καὶ	kai	G2532	CONJ	καί	and	And	NA28+NA27+Tyn+SBL+WH+Treg+TR+Byz	
7	5	2	NKO	γὰρ	gar	G1063	CONJ	γάρ	for	for	NA28+NA27+Tyn+SBL+WH+Treg+TR+Byz	
7	5	3	NKO	ἐλθόντων	elthontōn	G2064	V-2AAP-GPM	ἔρχομαι	to come/go	when were coming	NA28+NA27+Tyn+SBL+WH+Treg+TR+Byz	
7	5	4	NKO	ἡμῶν	hēmōn	G3165	P-1GP	ἐγώ	I/we	we	NA28+NA27+Tyn+SBL+WH+Treg+TR+Byz	
7	5	5	NKO	εἰς	eis	G1519	PREP	εἰς	toward	into	NA28+NA27+Tyn+SBL+WH+Treg+TR+Byz	
7	5	6	NKO	Μακεδονίαν	Makedonian	G3109	N-ASF-L	Μακεδονία	Macedonia	Macedonia	NA28+NA27+Tyn+SBL+WH+Treg+TR+Byz	
7	5	7	NKO	οὐδεμίαν	oudemian	G3762	A-ASF	οὐδείς	none	none	NA28+NA27+Tyn+SBL+WH+Treg+TR+Byz	
7	5	8	NK(o)	ἔσχηκεν	eschēken	G2192	V-RAI-3S	ἔχω	to have/be	did have	NA28+NA27+Tyn+SBL+WH+TR+Byz	
7	5	9	NKO	ἄνεσιν	anesin	G0425	N-ASF	ἄνεσις	rest	rest	NA28+NA27+Tyn+SBL+WH+Treg+TR+Byz	
7	5	10	NKO	ἡ	hē	G3588	T-NSF	ὁ	the/this/who	the	NA28+NA27+Tyn+SBL+WH+Treg+TR+Byz	
7	5	11	NKO	σὰρξ	sarx	G4561	N-NSF	σάρξ	flesh	flesh	NA28+NA27+Tyn+SBL+WH+Treg+TR+Byz	
7	5	12	NKO	ἡμῶν	hēmōn	G3165	P-1GP	ἐγώ	I/we	of us	NA28+NA27+Tyn+SBL+WH+Treg+TR+Byz	
7	5	13	NKO	ἀλλ᾽	all᾽	G0235	CONJ	ἀλλά	but	but	NA28+NA27+Tyn+SBL+WH+Treg+TR+Byz	
7	5	14	NKO	ἐν	en	G1722	PREP	ἐν	in/on/among	in	NA28+NA27+Tyn+SBL+WH+Treg+TR+Byz	
7	5	15	NKO	παντὶ	panti	G3956	A-DSN	πᾶς	all	every [way]	NA28+NA27+Tyn+SBL+WH+Treg+TR+Byz	
7	5	16	NKO	θλιβόμενοι·	thlibomenoi	G2346	V-PPP-NPM	θλίβω	to press on	we are being pressed:	NA28+NA27+Tyn+SBL+WH+Treg+TR+Byz	
7	5	17	NKO	ἔξωθεν	exōthen	G1855	PREP	ἔξωθεν	outside	outside	NA28+NA27+Tyn+SBL+WH+Treg+TR+Byz	
7	5	18	NKO	μάχαι,	machai	G3163	N-NPF	μάχη	quarrel	conflicts,	NA28+NA27+Tyn+SBL+WH+Treg+TR+Byz	
7	5	19	NKO	ἔσωθεν	esōthen	G2081	ADV	ἔσωθεν	inwardly	within	NA28+NA27+Tyn+SBL+WH+Treg+TR+Byz	
7	5	20	NKO	φόβοι.	phoboi	G5401	N-NPM	φόβος	fear	fears.	NA28+NA27+Tyn+SBL+WH+Treg+TR+Byz	
7	6	1	NKO	ἀλλ᾽	all᾽	G0235	CONJ	ἀλλά	but	But	NA28+NA27+Tyn+SBL+WH+Treg+TR+Byz	
7	6	2	NKO	ὁ	ho	G3588	T-NSM	ὁ	the/this/who	the [One]	NA28+NA27+Tyn+SBL+WH+Treg+TR+Byz	
7	6	3	NKO	παρακαλῶν	parakalōn	G3870	V-PAP-NSM	παρακαλέω	to plead/comfort	comforting	NA28+NA27+Tyn+SBL+WH+Treg+TR+Byz	
7	6	4	NKO	τοὺς	tous	G3588	T-APM	ὁ	the/this/who	the	NA28+NA27+Tyn+SBL+WH+Treg+TR+Byz	
7	6	5	NKO	ταπεινοὺς	tapeinous	G5011	A-APM	ταπεινός	lowly	downcast	NA28+NA27+Tyn+SBL+WH+Treg+TR+Byz	
7	6	6	NKO	παρεκάλεσεν	parekalesen	G3870	V-AAI-3S	παρακαλέω	to plead/comfort	comforted	NA28+NA27+Tyn+SBL+WH+Treg+TR+Byz	
7	6	7	NKO	ἡμᾶς	hēmas	G3165	P-1AP	ἐγώ	I/we	us	NA28+NA27+Tyn+SBL+WH+Treg+TR+Byz	
7	6	8	NKO	ὁ	ho	G3588	T-NSM	ὁ	the/this/who	<the>	NA28+NA27+Tyn+SBL+WH+Treg+TR+Byz	
7	6	9	NKO	θεὸς	theos	G2316	N-NSM-T	θεός	God	God	NA28+NA27+Tyn+SBL+WH+Treg+TR+Byz	
7	6	10	NKO	ἐν	en	G1722	PREP	ἐν	in/on/among	by	NA28+NA27+Tyn+SBL+WH+Treg+TR+Byz	
7	6	11	NKO	τῇ	tēa	G3588	T-DSF	ὁ	the/this/who	the	NA28+NA27+Tyn+SBL+WH+Treg+TR+Byz	
7	6	12	NKO	παρουσίᾳ	parousia	G3952	N-DSF	παρουσία	coming	coming	NA28+NA27+Tyn+SBL+WH+Treg+TR+Byz	
7	6	13	NKO	Τίτου·	Titou	G5103	N-GSM-P	Τίτος	Titus	of Titus;	NA28+NA27+Tyn+SBL+WH+Treg+TR+Byz	
7	7	1	NKO	οὐ	ou	G3756	PRT-N	οὐ	no	not	NA28+NA27+Tyn+SBL+WH+Treg+TR+Byz	
7	7	2	NKO	μόνον	monon	G3441	A-ASN	μόνος	alone	only	NA28+NA27+Tyn+SBL+WH+Treg+TR+Byz	
7	7	3	NKO	δὲ	de	G1161	CONJ	δέ	but/and	now	NA28+NA27+Tyn+SBL+WH+Treg+TR+Byz	
7	7	4	NKO	ἐν	en	G1722	PREP	ἐν	in/on/among	by	NA28+NA27+Tyn+SBL+WH+Treg+TR+Byz	
7	7	5	NKO	τῇ	tēa	G3588	T-DSF	ὁ	the/this/who	the	NA28+NA27+Tyn+SBL+WH+Treg+TR+Byz	
7	7	6	NKO	παρουσίᾳ	parousia	G3952	N-DSF	παρουσία	coming	coming	NA28+NA27+Tyn+SBL+WH+Treg+TR+Byz	
7	7	7	NKO	αὐτοῦ,	autou	G0846	P-GSM	αὐτός	he/she/it/self	of him,	NA28+NA27+Tyn+SBL+WH+Treg+TR+Byz	
7	7	8	NKO	ἀλλὰ	alla	G0235	CONJ	ἀλλά	but	but	NA28+NA27+Tyn+SBL+WH+Treg+TR+Byz	
7	7	9	NKO	καὶ	kai	G2532	CONJ	καί	and	also	NA28+NA27+Tyn+SBL+WH+Treg+TR+Byz	
7	7	10	NKO	ἐν	en	G1722	PREP	ἐν	in/on/among	by	NA28+NA27+Tyn+SBL+WH+Treg+TR+Byz	
7	7	11	NKO	τῇ	tēa	G3588	T-DSF	ὁ	the/this/who	the	NA28+NA27+Tyn+SBL+WH+Treg+TR+Byz	
7	7	12	NKO	παρακλήσει	paraklēsei	G3874	N-DSF	παράκλησις	encouragement	comfort	NA28+NA27+Tyn+SBL+WH+Treg+TR+Byz	
7	7	13	NKO	ᾗ	hē	G3739	R-DSF	ὅς, ἥ	which	with which	NA28+NA27+Tyn+SBL+WH+Treg+TR+Byz	
7	7	14	NKO	παρεκλήθη	pareklēthē	G3870	V-API-3S	παρακαλέω	to plead/comfort	he was comforted	NA28+NA27+Tyn+SBL+WH+Treg+TR+Byz	
7	7	15	NKO	ἐφ᾽	eph᾽	G1909	PREP	ἐπί	upon/to/against	as to	NA28+NA27+Tyn+SBL+WH+Treg+TR+Byz	
7	7	16	NKO	ὑμῖν	humin	G4771	P-2DP	σύ	you	you	NA28+NA27+Tyn+SBL+WH+Treg+TR+Byz	
7	7	17	NKO	ἀναγγέλλων	anangellōn	G0312	V-PAP-NSM	ἀναγγέλλω	to report	relating	NA28+NA27+Tyn+SBL+WH+Treg+TR+Byz	
7	7	18	NKO	ἡμῖν	hēmin	G3165	P-1DP	ἐγώ	I/we	to us	NA28+NA27+Tyn+SBL+WH+Treg+TR+Byz	
7	7	19	NKO	τὴν	tēn	G3588	T-ASF	ὁ	the/this/who	<the>	NA28+NA27+Tyn+SBL+WH+Treg+TR+Byz	
7	7	20	NKO	ὑμῶν	humōn	G4771	P-2GP	σύ	you	your	NA28+NA27+Tyn+SBL+WH+Treg+TR+Byz	
7	7	21	NKO	ἐπιπόθησιν,	epipothēsin	G1972	N-ASF	ἐπιπόθησις	longing	earnest desire,	NA28+NA27+Tyn+SBL+WH+Treg+TR+Byz	
7	7	22	NKO	τὸν	ton	G3588	T-ASM	ὁ	the/this/who	<the>	NA28+NA27+Tyn+SBL+WH+Treg+TR+Byz	
7	7	23	NKO	ὑμῶν	humōn	G4771	P-2GP	σύ	you	your	NA28+NA27+Tyn+SBL+WH+Treg+TR+Byz	
7	7	24	NKO	ὀδυρμόν,	odurmon	G3602	N-ASM	ὀδυρμός	mourning	mourning,	NA28+NA27+Tyn+SBL+WH+Treg+TR+Byz	
7	7	25	NKO	τὸν	ton	G3588	T-ASM	ὁ	the/this/who	<the>	NA28+NA27+Tyn+SBL+WH+Treg+TR+Byz	
7	7	26	NKO	ὑμῶν	humōn	G4771	P-2GP	σύ	you	your	NA28+NA27+Tyn+SBL+WH+Treg+TR+Byz	
7	7	27	NKO	ζῆλον	zēlon	G2205	N-ASM	ζῆλος	zeal	zeal	NA28+NA27+Tyn+SBL+WH+Treg+TR+Byz	
7	7	28	NKO	ὑπὲρ	huper	G5228	PREP	ὑπέρ	above/for	for	NA28+NA27+Tyn+SBL+WH+Treg+TR+Byz	
7	7	29	NKO	ἐμοῦ,	emou	G1473	S-1SGSN	ἐγώ	I/we	me,	NA28+NA27+Tyn+SBL+WH+Treg+TR+Byz	
7	7	30	NKO	ὥστε	hōste	G5620	CONJ	ὥστε	so	so as	NA28+NA27+Tyn+SBL+WH+Treg+TR+Byz	
7	7	31	NKO	με	me	G3165	P-1AS	ἐγώ	I/we	for me	NA28+NA27+Tyn+SBL+WH+Treg+TR+Byz	
7	7	32	NKO	μᾶλλον	mallon	G3123G	ADV	μᾶλλον	more	[the] more	NA28+NA27+Tyn+SBL+WH+Treg+TR+Byz	
7	7	33	NKO	χαρῆναι.	charēnai	G5463	V-2AON	χαίρω	to rejoice	to rejoice.	NA28+NA27+Tyn+SBL+WH+Treg+TR+Byz	
7	8	1	NKO	ὅτι	hoti	G3754H	CONJ	ὅτι	that/since	For	NA28+NA27+Tyn+SBL+WH+Treg+TR+Byz	
7	8	2	NKO	εἰ	ei	G1487M	COND	εἰ	if	if	NA28+NA27+Tyn+SBL+WH+Treg+TR+Byz	
7	8	3	NKO	καὶ	kai	G2532	CONJ	καί	and	even	NA28+NA27+Tyn+SBL+WH+Treg+TR+Byz	
7	8	4	NKO	ἐλύπησα	elupēsa	G3076	V-AAI-1S	λυπέω	to grieve	I have grieved	NA28+NA27+Tyn+SBL+WH+Treg+TR+Byz	
7	8	5	NKO	ὑμᾶς	humas	G4771	P-2AP	σύ	you	you	NA28+NA27+Tyn+SBL+WH+Treg+TR+Byz	
7	8	6	NKO	ἐν	en	G1722	PREP	ἐν	in/on/among	in	NA28+NA27+Tyn+SBL+WH+Treg+TR+Byz	
7	8	7	NKO	τῇ	tēa	G3588	T-DSF	ὁ	the/this/who	the	NA28+NA27+Tyn+SBL+WH+Treg+TR+Byz	
7	8	8	NKO	ἐπιστολῇ,	epistolēa	G1992	N-DSF	ἐπιστολή	epistle	letter,	NA28+NA27+Tyn+SBL+WH+Treg+TR+Byz	
7	8	9	NKO	οὐ	ou	G3756	PRT-N	οὐ	no	not	NA28+NA27+Tyn+SBL+WH+Treg+TR+Byz	
7	8	10	NKO	μεταμέλομαι·	metamelomai	G3338	V-PNI-1S	μεταμέλλομαι	to repent	I do regret [it];	NA28+NA27+Tyn+SBL+WH+Treg+TR+Byz	
7	8	11	NKO	εἰ	ei	G1487M	COND	εἰ	if	If	NA28+NA27+Tyn+SBL+WH+Treg+TR+Byz	
7	8	12	NKO	καὶ	kai	G2532	CONJ	καί	and	even	NA28+NA27+Tyn+SBL+WH+Treg+TR+Byz	
7	8	13	NKO	μετεμελόμην,	metemelomēn	G3338	V-INI-1S	μεταμέλλομαι	to repent	I was regreting [it],	NA28+NA27+Tyn+SBL+WH+Treg+TR+Byz	
7	8	14	NKO	βλέπω	blepō	G0991	V-PAI-1S	βλέπω	to see	I see	NA28+NA27+Tyn+SBL+WH+Treg+TR+Byz	
7	8	15	NKO	γὰρ	gar	G1063	CONJ	γάρ	for	indeed	NA28+NA27+Tyn+TR+Byz	
7	8	16	NKO	ὅτι	hoti	G3754G	CONJ	ὅτι	that/since	that	NA28+NA27+Tyn+SBL+WH+Treg+TR+Byz	
7	8	17	NKO	ἡ	hē	G3588	T-NSF	ὁ	the/this/who	the	NA28+NA27+Tyn+SBL+WH+Treg+TR+Byz	
7	8	18	NKO	ἐπιστολὴ	epistolē	G1992	N-NSF	ἐπιστολή	epistle	letter	NA28+NA27+Tyn+SBL+WH+Treg+TR+Byz	
7	8	19	NKO	ἐκείνη	ekeinē	G1565	D-NSF	ἐκεῖνος	that	that	NA28+NA27+Tyn+SBL+WH+Treg+TR+Byz	
7	8	20	NKO	εἰ	ei	G1487M	COND	εἰ	if	if	NA28+NA27+Tyn+SBL+WH+Treg+TR+Byz	
7	8	21	NKO	καὶ	kai	G2532	CONJ	καί	and	even	NA28+NA27+Tyn+SBL+WH+Treg+TR+Byz	
7	8	22	NKO	πρὸς	pros	G4314	PREP	πρός	to/with	for	NA28+NA27+Tyn+SBL+WH+Treg+TR+Byz	
7	8	23	NKO	ὥραν	hōran	G5610	N-ASF	ὥρα	hour	an hour	NA28+NA27+Tyn+SBL+WH+Treg+TR+Byz	
7	8	24	NKO	ἐλύπησεν	elupēsen	G3076	V-AAI-3S	λυπέω	to grieve	grieved	NA28+NA27+Tyn+SBL+WH+Treg+TR+Byz	
7	8	25	NKO	ὑμᾶς,	humas	G4771	P-2AP	σύ	you	you,	NA28+NA27+Tyn+SBL+WH+Treg+TR+Byz	
7	9	1	NKO	νῦν	nun	G3568	ADV	νῦν	now	Now	NA28+NA27+Tyn+SBL+WH+Treg+TR+Byz	
7	9	2	NKO	χαίρω,	chairō	G5463	V-PAI-1S	χαίρω	to rejoice	I rejoice,	NA28+NA27+Tyn+SBL+WH+Treg+TR+Byz	
7	9	3	NKO	οὐχ	ouch	G3756	PRT-N	οὐ	no	not	NA28+NA27+Tyn+SBL+WH+Treg+TR+Byz	
7	9	4	NKO	ὅτι	hoti	G3754G	CONJ	ὅτι	that/since	that	NA28+NA27+Tyn+SBL+WH+Treg+TR+Byz	
7	9	5	NKO	ἐλυπήθητε,	elupēthēte	G3076	V-API-2P	λυπέω	to grieve	you were grieved,	NA28+NA27+Tyn+SBL+WH+Treg+TR+Byz	
7	9	6	NKO	ἀλλ᾽	all᾽	G0235	CONJ	ἀλλά	but	but	NA28+NA27+Tyn+SBL+WH+Treg+TR+Byz	
7	9	7	NKO	ὅτι	hoti	G3754G	CONJ	ὅτι	that/since	that	NA28+NA27+Tyn+SBL+WH+Treg+TR+Byz	
7	9	8	NKO	ἐλυπήθητε	elupēthēte	G3076	V-API-2P	λυπέω	to grieve	you were grieved	NA28+NA27+Tyn+SBL+WH+Treg+TR+Byz	
7	9	9	NKO	εἰς	eis	G1519	PREP	εἰς	toward	unto	NA28+NA27+Tyn+SBL+WH+Treg+TR+Byz	
7	9	10	NKO	μετάνοιαν·	metanoian	G3341	N-ASF	μετάνοια	repentance	repentance;	NA28+NA27+Tyn+SBL+WH+Treg+TR+Byz	
7	9	11	NKO	ἐλυπήθητε	elupēthēte	G3076	V-API-2P	λυπέω	to grieve	you were grieved	NA28+NA27+Tyn+SBL+WH+Treg+TR+Byz	
7	9	12	NKO	γὰρ	gar	G1063	CONJ	γάρ	for	for	NA28+NA27+Tyn+SBL+WH+Treg+TR+Byz	
7	9	13	NKO	κατὰ	kata	G2596	PREP	κατά	according to	according to	NA28+NA27+Tyn+SBL+WH+Treg+TR+Byz	
7	9	14	NKO	θεόν,	theon	G2316	N-ASM-T	θεός	God	God,	NA28+NA27+Tyn+SBL+WH+Treg+TR+Byz	
7	9	15	NKO	ἵνα	ina	G2443	CONJ	ἵνα	in order that/to	so that	NA28+NA27+Tyn+SBL+WH+Treg+TR+Byz	
7	9	16	NKO	ἐν	en	G1722	PREP	ἐν	in/on/among	in	NA28+NA27+Tyn+SBL+WH+Treg+TR+Byz	
7	9	17	NKO	μηδενὶ	mēdeni	G3367	A-DSN	μηδείς	nothing	nothing	NA28+NA27+Tyn+SBL+WH+Treg+TR+Byz	
7	9	18	NKO	ζημιωθῆτε	zēmiōthēte	G2210	V-APS-2P	ζημιόω	to lose	you may suffer loss	NA28+NA27+Tyn+SBL+WH+Treg+TR+Byz	
7	9	19	NKO	ἐξ	ex	G1537	PREP	ἐκ	out from	through	NA28+NA27+Tyn+SBL+WH+Treg+TR+Byz	
7	9	20	NKO	ἡμῶν.	hēmōn	G3165	P-1GP	ἐγώ	I/we	us.	NA28+NA27+Tyn+SBL+WH+Treg+TR+Byz	
7	10	1	NKO	ἡ	hē	G3588	T-NSF	ὁ	the/this/who	The	NA28+NA27+Tyn+SBL+WH+Treg+TR+Byz	
7	10	2	NKO	γὰρ	gar	G1063	CONJ	γάρ	for	for	NA28+NA27+Tyn+SBL+WH+Treg+TR+Byz	
7	10	3	NKO	κατὰ	kata	G2596	PREP	κατά	according to	according to	NA28+NA27+Tyn+SBL+WH+Treg+TR+Byz	
7	10	4	NKO	θεὸν	theon	G2316	N-ASM-T	θεός	God	God	NA28+NA27+Tyn+SBL+WH+Treg+TR+Byz	
7	10	5	NKO	λύπη	lupē	G3077	N-NSF	λύπη	grief	grief	NA28+NA27+Tyn+SBL+WH+Treg+TR+Byz	
7	10	6	NKO	μετάνοιαν	metanoian	G3341	N-ASF	μετάνοια	repentance	repentance	NA28+NA27+Tyn+SBL+WH+Treg+TR+Byz	
7	10	7	NKO	εἰς	eis	G1519	PREP	εἰς	toward	to	NA28+NA27+Tyn+SBL+WH+Treg+TR+Byz	
7	10	8	NKO	σωτηρίαν	sōtērian	G4991	N-ASF	σωτηρία	salvation	salvation	NA28+NA27+Tyn+SBL+WH+Treg+TR+Byz	
7	10	9	NKO	ἀμεταμέλητον	ametamelēton	G0278	A-ASF	ἀμεταμέλητος	irrevocable	without regret	NA28+NA27+Tyn+SBL+WH+Treg+TR+Byz	
7	10	10	N(k)O	ἐργάζεται,	ergazetai	G2038	V-PNI-3S	ἐργάζομαι	to work	produces,	NA28+NA27+Tyn+SBL+WH+Treg	
7	10	11	NKO	ἡ	hē	G3588	T-NSF	ὁ	the/this/who	<the>	NA28+NA27+Tyn+SBL+WH+Treg+TR+Byz	
7	10	12	NKO	δὲ	de	G1161	CONJ	δέ	but/and	and	NA28+NA27+Tyn+SBL+WH+Treg+TR+Byz	
7	10	13	NKO	τοῦ	tou	G3588	T-GSM	ὁ	the/this/who	the of the	NA28+NA27+Tyn+SBL+WH+Treg+TR+Byz	
7	10	14	NKO	κόσμου	kosmou	G2889	N-GSM	κόσμος	world	world	NA28+NA27+Tyn+SBL+WH+Treg+TR+Byz	
7	10	15	NKO	λύπη	lupē	G3077	N-NSF	λύπη	grief	grief	NA28+NA27+Tyn+SBL+WH+Treg+TR+Byz	
7	10	16	NKO	θάνατον	thanaton	G2288	N-ASM	θάνατος	death	death	NA28+NA27+Tyn+SBL+WH+Treg+TR+Byz	
7	10	17	NKO	κατεργάζεται.	katergazetai	G2716	V-PNI-3S	κατεργάζομαι	to workout/produce	produces.	NA28+NA27+Tyn+SBL+WH+Treg+TR+Byz	
7	11	1	NKO	ἰδοὺ	idou	G2400	INJ	ἰδού	look!	Behold	NA28+NA27+Tyn+SBL+WH+Treg+TR+Byz	
7	11	2	NKO	γὰρ	gar	G1063	CONJ	γάρ	for	for	NA28+NA27+Tyn+SBL+WH+Treg+TR+Byz	
7	11	3	NKO	αὐτὸ	auto	G0846	P-NSN	αὐτός	he/she/it/self	this very	NA28+NA27+Tyn+SBL+WH+Treg+TR+Byz	
7	11	4	NKO	τοῦτο	touto	G3778	D-NSN	οὗτος	this/he/she/it	same	NA28+NA27+Tyn+SBL+WH+Treg+TR+Byz	
7	11	5	NKO	τὸ	to	G3588	T-NSN	ὁ	the/this/who	<the> [thing]	NA28+NA27+Tyn+SBL+WH+Treg+TR+Byz	
7	11	6	NKO	κατὰ	kata	G2596	PREP	κατά	according to	according to	NA28+NA27+Tyn+SBL+WH+Treg+TR+Byz	
7	11	7	NKO	θεὸν	theon	G2316	N-ASM-T	θεός	God	God	NA28+NA27+Tyn+SBL+WH+Treg+TR+Byz	
7	11	8	NKO	λυπηθῆναι	lupēthēnai	G3076	V-APN	λυπέω	to grieve	to have been grieved	NA28+NA27+Tyn+SBL+WH+Treg+TR+Byz	
7	11	9	K	ὑμᾶς,	humas	G4771	P-2AP	σύ	you	by you	TR+Byz	
7	11	10	NKO	πόσην	posēn	G4214	Q-ASF	πόσος	how much/many	how much	NA28+NA27+Tyn+SBL+WH+Treg+TR+Byz	
7	11	11	NKO	κατειργάσατο	kateirgasato	G2716	V-ADI-3S	κατεργάζομαι	to workout/produce	has produced	NA28+NA27+Tyn+SBL+WH+Treg+TR+Byz	
7	11	12	NKO	ὑμῖν	humin	G4771	P-2DP	σύ	you	in you	NA28+NA27+Tyn+SBL+WH+Treg+TR+Byz	
7	11	13	NKO	σπουδήν,	spoudēn	G4710	N-ASF	σπουδή	diligence	earnestness,	NA28+NA27+Tyn+SBL+WH+Treg+TR+Byz	
7	11	14	NKO	ἀλλ᾽	all᾽	G0235	CONJ	ἀλλά	but	but instead	NA28+NA27+Tyn+SBL+WH+Treg+TR+Byz	
7	11	15	NKO	ἀπολογίαν,	apologian	G0627	N-ASF	ἀπολογία	defence	reasoned defense,	NA28+NA27+Tyn+SBL+WH+Treg+TR+Byz	
7	11	16	NKO	ἀλλ᾽	all᾽	G0235	CONJ	ἀλλά	but	but	NA28+NA27+Tyn+SBL+WH+Treg+TR+Byz	
7	11	17	NKO	ἀγανάκτησιν,	aganaktēsin	G0024	N-ASF	ἀγανάκτησις	indignation	indignation,	NA28+NA27+Tyn+SBL+WH+Treg+TR+Byz	
7	11	18	NKO	ἀλλὰ	alla	G0235	CONJ	ἀλλά	but	but	NA28+NA27+Tyn+SBL+WH+Treg+TR+Byz	
7	11	19	NKO	φόβον,	phobon	G5401	N-ASM	φόβος	fear	fear,	NA28+NA27+Tyn+SBL+WH+Treg+TR+Byz	
7	11	20	NKO	ἀλλ᾽	all᾽	G0235	CONJ	ἀλλά	but	but	NA28+NA27+Tyn+SBL+WH+Treg+TR+Byz	
7	11	21	NKO	ἐπιπόθησιν,	epipothēsin	G1972	N-ASF	ἐπιπόθησις	longing	longing,	NA28+NA27+Tyn+SBL+WH+Treg+TR+Byz	
7	11	22	NKO	ἀλλὰ	alla	G0235	CONJ	ἀλλά	but	but	NA28+NA27+Tyn+SBL+WH+Treg+TR+Byz	
7	11	23	NKO	ζῆλον,	zēlon	G2205	N-ASM	ζῆλος	zeal	zeal,	NA28+NA27+Tyn+SBL+WH+Treg+TR+Byz	
7	11	24	NKO	ἀλλ᾽	all᾽	G0235	CONJ	ἀλλά	but	but	NA28+NA27+Tyn+SBL+WH+Treg+TR+Byz	
7	11	25	NKO	ἐκδίκησιν;	ekdikēsin	G1557	N-ASF	ἐκδίκησις	vengeance	vindication?	NA28+NA27+Tyn+SBL+WH+Treg+TR+Byz	
7	11	26	NKO	ἐν	en	G1722	PREP	ἐν	in/on/among	In	NA28+NA27+Tyn+SBL+WH+Treg+TR+Byz	
7	11	27	NKO	παντὶ	panti	G3956	A-DSN	πᾶς	all	everything	NA28+NA27+Tyn+SBL+WH+Treg+TR+Byz	
7	11	28	NKO	συνεστήσατε	sunestēsate	G4921	V-AAI-2P	συνίστημι, συνιστάω	to commend	you have proved	NA28+NA27+Tyn+SBL+WH+Treg+TR+Byz	
7	11	29	NKO	ἑαυτοὺς	he'autous	G1438	F-2APM	ἑαυτοῦ	my/your/him-self	yourselves	NA28+NA27+Tyn+SBL+WH+Treg+TR+Byz	
7	11	30	NKO	ἁγνοὺς	hagnous	G0053	A-APM	ἁγνός	pure	innocent	NA28+NA27+Tyn+SBL+WH+Treg+TR+Byz	
7	11	31	NKO	εἶναι	einai	G1511	V-PAN	εἰμί	to be	to be	NA28+NA27+Tyn+SBL+WH+Treg+TR+Byz	
7	11	32	k	ἐν	en	G1722	PREP	ἐν	in/on/among	in	TR+Byz	
7	11	33	NKO	τῷ	tō	G3588	T-DSN	ὁ	the/this/who	this	NA28+NA27+Tyn+SBL+WH+Treg+TR+Byz	
7	11	34	NKO	πράγματι.	pragmati	G4229	N-DSN	πρᾶγμα	thing	matter.	NA28+NA27+Tyn+SBL+WH+Treg+TR+Byz	
7	12	1	NKO	ἄρα	ara	G0686	CONJ	ἄρα	therefore	So	NA28+NA27+Tyn+SBL+WH+Treg+TR+Byz	
7	12	2	NKO	εἰ	ei	G1487M	COND	εἰ	if	if	NA28+NA27+Tyn+SBL+WH+Treg+TR+Byz	
7	12	3	NKO	καὶ	kai	G2532	CONJ	καί	and	even	NA28+NA27+Tyn+SBL+WH+Treg+TR+Byz	
7	12	4	NKO	ἔγραψα	egrapsa	G1125	V-2AAI-1S	γράφω	to write	I wrote	NA28+NA27+Tyn+SBL+WH+Treg+TR+Byz	
7	12	5	NKO	ὑμῖν,	humin	G4771	P-2DP	σύ	you	to you,	NA28+NA27+Tyn+SBL+WH+Treg+TR+Byz	
7	12	6	NKO	οὐχ	ouch	G3756	PRT-N	οὐ	no	[it was] not	NA28+NA27+Tyn+SBL+WH+Treg+TR+Byz	
7	12	7	NKO	ἕνεκεν	heneken	G1752	PREP	ἕνεκα, εἵνεκεν	because of	for the sake of	NA28+NA27+Tyn+SBL+WH+Treg+TR+Byz	
7	12	8	NKO	τοῦ	tou	G3588	T-GSM	ὁ	the/this/who	the [one]	NA28+NA27+Tyn+SBL+WH+Treg+TR+Byz	
7	12	9	NKO	ἀδικήσαντος	adikēsantos	G0091	V-AAP-GSM	ἀδικέω	to harm	having done wrong	NA28+NA27+Tyn+SBL+WH+Treg+TR+Byz	
7	12	10	O	ἀλλ᾽	all᾽	G0235	CONJ	ἀλλά	but	but	WH	
7	12	11	NKO	οὐδὲ	oude	G3761	CONJ-N	οὐδέ	and not	nor	NA28+NA27+Tyn+SBL+WH+Treg+TR+Byz	
7	12	12	NKO	ἕνεκεν	heneken	G1752	PREP	ἕνεκα, εἵνεκεν	because of	for the sake of	NA28+NA27+Tyn+SBL+WH+Treg+TR+Byz	
7	12	13	NKO	τοῦ	tou	G3588	T-GSM	ὁ	the/this/who	the [one]	NA28+NA27+Tyn+SBL+WH+Treg+TR+Byz	
7	12	14	NKO	ἀδικηθέντος,	adikēthentos	G0091	V-APP-GSM	ἀδικέω	to harm	having suffered wrong,	NA28+NA27+Tyn+SBL+WH+Treg+TR+Byz	
7	12	15	NKO	ἀλλ᾽	all᾽	G0235	CONJ	ἀλλά	but	but rather	NA28+NA27+Tyn+SBL+WH+Treg+TR+Byz	
7	12	16	NKO	ἕνεκεν	heneken	G1752	PREP	ἕνεκα, εἵνεκεν	because of	for the sake of	NA28+NA27+Tyn+SBL+WH+Treg+TR+Byz	
7	12	17	NKO	τοῦ	tou	G3588	T-GSN	ὁ	the/this/who	<the>	NA28+NA27+Tyn+SBL+WH+Treg+TR+Byz	
7	12	18	NKO	φανερωθῆναι	phanerōthēnai	G5319	V-APN	φανερόω	to manifest	being revealed	NA28+NA27+Tyn+SBL+WH+Treg+TR+Byz	
7	12	19	NKO	τὴν	tēn	G3588	T-ASF	ὁ	the/this/who	the	NA28+NA27+Tyn+SBL+WH+Treg+TR+Byz	
7	12	20	NKO	σπουδὴν	spoudēn	G4710	N-ASF	σπουδή	diligence	earnestness	NA28+NA27+Tyn+SBL+WH+Treg+TR+Byz	
7	12	21	NKO	ὑμῶν	humōn	G4771	P-2GP	σύ	you	of you	NA28+NA27+Tyn+SBL+WH+Treg+TR+Byz	
7	12	22	NKO	τὴν	tēn	G3588	T-ASF	ὁ	the/this/who	which [is]	NA28+NA27+Tyn+SBL+WH+Treg+TR+Byz	
7	12	23	NKO	ὑπὲρ	huper	G5228	PREP	ὑπέρ	above/for	for	NA28+NA27+Tyn+SBL+WH+Treg+TR+Byz	
7	12	24	NKO	ἡμῶν	hēmōn	G3165	P-1GP	ἐγώ	I/we	us	NA28+NA27+Tyn+SBL+WH+Treg+TR+Byz	
7	12	25	NKO	πρὸς	pros	G4314	PREP	πρός	to/with	to	NA28+NA27+Tyn+SBL+WH+Treg+TR+Byz	
7	12	26	NKO	ὑμᾶς	humas	G4771	P-2AP	σύ	you	you	NA28+NA27+Tyn+SBL+WH+Treg+TR+Byz	
7	12	27	NKO	ἐνώπιον	enōpion	G1799	PREP	ἐνώπιον	before	before	NA28+NA27+Tyn+SBL+WH+Treg+TR+Byz	
7	12	28	NKO	τοῦ	tou	G3588	T-GSM	ὁ	the/this/who	<the>	NA28+NA27+Tyn+SBL+WH+Treg+TR+Byz	
7	12	29	NKO	θεοῦ.	theou	G2316	N-GSM-T	θεός	God	God.	NA28+NA27+Tyn+SBL+WH+Treg+TR+Byz	
7	13	1	NKO	διὰ	dia	G1223	PREP	διά	through/because of	On account of	NA28+NA27+Tyn+SBL+WH+Treg+TR+Byz	
7	13	2	NKO	τοῦτο	touto	G3778	D-ASN	οὗτος	this/he/she/it	this	NA28+NA27+Tyn+SBL+WH+Treg+TR+Byz	
7	13	3	NKO	παρακεκλήμεθα.¶	parakeklēmetha	G3870	V-RPI-1P	παρακαλέω	to plead/comfort	we have been comforted.	NA28+NA27+Tyn+SBL+WH+Treg+TR+Byz	
7	13	4	NKO	Ἐπὶ	Epi	G1909	PREP	ἐπί	upon/to/against	Besides	NA28+NA27+Tyn+SBL+WH+Treg+TR+Byz	
7	13	5	NKO	δὲ	de	G1161	CONJ	δέ	but/and	also	NA28+NA27+Tyn+SBL+WH+Treg+Byz	
7	13	6	NKO	τῇ	tēa	G3588	T-DSF	ὁ	the/this/who	the	NA28+NA27+Tyn+SBL+WH+Treg+TR+Byz	
7	13	7	NKO	παρακλήσει	paraklēsei	G3874	N-DSF	παράκλησις	encouragement	comfort	NA28+NA27+Tyn+SBL+WH+Treg+TR+Byz	
7	13	8	N(K)O	ἡμῶν	hēmōn	G3165	P-1GP	ἐγώ	I/we	of us	NA28+NA27+Tyn+SBL+WH+Treg	
7	13	9	NKO	περισσοτέρως	perissoterōs	G4056	ADV-C	περισσοτέρως	more-abundantly	[the] more abundantly	NA28+NA27+Tyn+SBL+WH+Treg+TR+Byz	
7	13	10	k	δὲ	de	G1161	CONJ	δέ	but/and	now	TR	
7	13	11	NKO	μᾶλλον	mallon	G3123G	ADV	μᾶλλον	more	rather	NA28+NA27+Tyn+SBL+WH+Treg+TR+Byz	
7	13	12	NKO	ἐχάρημεν	echarēmen	G5463	V-2AOI-1P	χαίρω	to rejoice	we have rejoiced	NA28+NA27+Tyn+SBL+WH+Treg+TR+Byz	
7	13	13	NKO	ἐπὶ	epi	G1909	PREP	ἐπί	upon/to/against	at	NA28+NA27+Tyn+SBL+WH+Treg+TR+Byz	
7	13	14	NKO	τῇ	tēa	G3588	T-DSF	ὁ	the/this/who	the	NA28+NA27+Tyn+SBL+WH+Treg+TR+Byz	
7	13	15	NKO	χαρᾷ	chara	G5479	N-DSF	χαρά	joy	joy	NA28+NA27+Tyn+SBL+WH+Treg+TR+Byz	
7	13	16	NKO	Τίτου,	Titou	G5103	N-GSM-P	Τίτος	Titus	of Titus,	NA28+NA27+Tyn+SBL+WH+Treg+TR+Byz	
7	13	17	NKO	ὅτι	hoti	G3754H	CONJ	ὅτι	that/since	because	NA28+NA27+Tyn+SBL+WH+Treg+TR+Byz	
7	13	18	NKO	ἀναπέπαυται	anapepautai	G0373	V-RPI-3S	ἀναπαύω	to give rest	has been refreshed	NA28+NA27+Tyn+SBL+WH+Treg+TR+Byz	
7	13	19	NKO	τὸ	to	G3588	T-NSN	ὁ	the/this/who	the	NA28+NA27+Tyn+SBL+WH+Treg+TR+Byz	
7	13	20	NKO	πνεῦμα	pneuma	G4151G	N-NSN	πνεῦμα	spirit/breath	spirit	NA28+NA27+Tyn+SBL+WH+Treg+TR+Byz	
7	13	21	NKO	αὐτοῦ	autou	G0846	P-GSM	αὐτός	he/she/it/self	of him	NA28+NA27+Tyn+SBL+WH+Treg+TR+Byz	
7	13	22	NKO	ἀπὸ	apo	G0575	PREP	ἀπό	away from	by	NA28+NA27+Tyn+SBL+WH+Treg+TR+Byz	
7	13	23	NKO	πάντων	pantōn	G3956	A-GPM	πᾶς	all	all	NA28+NA27+Tyn+SBL+WH+Treg+TR+Byz	
7	13	24	NKO	ὑμῶν,	humōn	G4771	P-2GP	σύ	you	of you,	NA28+NA27+Tyn+SBL+WH+Treg+TR+Byz	
7	14	1	NKO	ὅτι	hoti	G3754H	CONJ	ὅτι	that/since	For	NA28+NA27+Tyn+SBL+WH+Treg+TR+Byz	
7	14	2	NKO	εἴ	ei	G1487G	COND	εἰ	if	if	NA28+NA27+Tyn+SBL+WH+Treg+TR+Byz	
7	14	3	NKO	τι	ti	G5100	X-ASN	τις	one	anything	NA28+NA27+Tyn+SBL+WH+Treg+TR+Byz	
7	14	4	NKO	αὐτῷ	autō	G0846	P-DSM	αὐτός	he/she/it/self	to him	NA28+NA27+Tyn+SBL+WH+Treg+TR+Byz	
7	14	5	NKO	ὑπὲρ	huper	G5228	PREP	ὑπέρ	above/for	about	NA28+NA27+Tyn+SBL+WH+Treg+TR+Byz	
7	14	6	NKO	ὑμῶν	humōn	G4771	P-2GP	σύ	you	you	NA28+NA27+Tyn+SBL+WH+Treg+TR+Byz	
7	14	7	NKO	κεκαύχημαι,	kekauchēmai	G2744	V-RNI-1S	καυχάομαι	to boast	I have boasted,	NA28+NA27+Tyn+SBL+WH+Treg+TR+Byz	
7	14	8	NKO	οὐ	ou	G3756	PRT-N	οὐ	no	not	NA28+NA27+Tyn+SBL+WH+Treg+TR+Byz	
7	14	9	NKO	κατῃσχύνθην,	katēschunthēn	G2617	V-API-1S	καταισχύνω	to dishonor	I was put to shame,	NA28+NA27+Tyn+SBL+WH+Treg+TR+Byz	
7	14	10	NKO	ἀλλ᾽	all᾽	G0235	CONJ	ἀλλά	but	but	NA28+NA27+Tyn+SBL+WH+Treg+TR+Byz	
7	14	11	NKO	ὡς	hōs	G5613	PRT	ὡς	which/how	as	NA28+NA27+Tyn+SBL+WH+Treg+TR+Byz	
7	14	12	NKO	πάντα	panta	G3956	A-APN	πᾶς	all	all things	NA28+NA27+Tyn+SBL+WH+Treg+TR+Byz	
7	14	13	NKO	ἐν	en	G1722	PREP	ἐν	in/on/among	in	NA28+NA27+Tyn+SBL+WH+Treg+TR+Byz	
7	14	14	NKO	ἀληθείᾳ	alētheia	G0225	N-DSF	ἀλήθεια	truth	truth	NA28+NA27+Tyn+SBL+WH+Treg+TR+Byz	
7	14	15	NKO	ἐλαλήσαμεν	elalēsamen	G2980	V-AAI-1P	λαλέω	to speak	we have spoken	NA28+NA27+Tyn+SBL+WH+Treg+TR+Byz	
7	14	16	NKO	ὑμῖν,	humin	G4771	P-2DP	σύ	you	to you,	NA28+NA27+Tyn+SBL+WH+Treg+TR+Byz	
7	14	17	NKO	οὕτως	houtōs	G3779	ADV	οὕτω, οὕτως	thus(-ly)	so	NA28+NA27+Tyn+SBL+WH+Treg+TR+Byz	
7	14	18	NKO	καὶ	kai	G2532	CONJ	καί	and	also	NA28+NA27+Tyn+SBL+WH+Treg+TR+Byz	
7	14	19	NKO	ἡ	hē	G3588	T-NSF	ὁ	the/this/who	the	NA28+NA27+Tyn+SBL+WH+Treg+TR+Byz	
7	14	20	NKO	καύχησις	kauchēsis	G2746	N-NSF	καύχησις	pride	boasting	NA28+NA27+Tyn+SBL+WH+Treg+TR+Byz	
7	14	21	NKO	ἡμῶν	hēmōn	G3165	P-1GP	ἐγώ	I/we	of us	NA28+NA27+Tyn+SBL+WH+Treg+TR+Byz	
7	14	22	NKO	ἡ	hē	G3588	T-NSF	ὁ	the/this/who	<the>	NA28+NA27+Tyn+SBL+Treg+TR+Byz	
7	14	23	NKO	ἐπὶ	epi	G1909	PREP	ἐπί	upon/to/against	to	NA28+NA27+Tyn+SBL+WH+Treg+TR+Byz	
7	14	24	NKO	Τίτου,	Titou	G5103	N-GSM-P	Τίτος	Titus	Titus,	NA28+NA27+Tyn+SBL+WH+Treg+TR+Byz	
7	14	25	NKO	ἀλήθεια	alētheia	G0225	N-NSF	ἀλήθεια	truth	truth	NA28+NA27+Tyn+SBL+WH+Treg+TR+Byz	
7	14	26	NKO	ἐγενήθη·	egenēthē	G1096	V-2AOI-3S	γίνομαι	to be	became;	NA28+NA27+Tyn+SBL+WH+Treg+TR+Byz	
7	15	1	NKO	καὶ	kai	G2532	CONJ	καί	and	And	NA28+NA27+Tyn+SBL+WH+Treg+TR+Byz	
7	15	2	NKO	τὰ	ta	G3588	T-NPN	ὁ	the/this/who	the	NA28+NA27+Tyn+SBL+WH+Treg+TR+Byz	
7	15	3	NKO	σπλάγχνα	splagchna	G4698	N-NPN	σπλάγχνον	affection/entrails	affections	NA28+NA27+Tyn+SBL+WH+Treg+TR+Byz	
7	15	4	NKO	αὐτοῦ	autou	G0846	P-GSM	αὐτός	he/she/it/self	of him	NA28+NA27+Tyn+SBL+WH+Treg+TR+Byz	
7	15	5	NKO	περισσοτέρως	perissoterōs	G4056	ADV-C	περισσοτέρως	more-abundantly	more abundantly	NA28+NA27+Tyn+SBL+WH+Treg+TR+Byz	
7	15	6	NKO	εἰς	eis	G1519	PREP	εἰς	toward	toward	NA28+NA27+Tyn+SBL+WH+Treg+TR+Byz	
7	15	7	NKO	ὑμᾶς	humas	G4771	P-2AP	σύ	you	you	NA28+NA27+Tyn+SBL+WH+Treg+TR+Byz	
7	15	8	NKO	ἐστιν	estin	G1510	V-PAI-3S	εἰμί	to be	are	NA28+NA27+Tyn+SBL+WH+Treg+TR+Byz	
7	15	9	NKO	ἀναμιμνῃσκομένου	anamimnēskomenou	G0363	V-PPP-GSM	ἀναμιμνήσκω	to remind	remembering	NA28+NA27+Tyn+SBL+WH+Treg+TR+Byz	
7	15	10	NKO	τὴν	tēn	G3588	T-ASF	ὁ	the/this/who	the	NA28+NA27+Tyn+SBL+WH+Treg+TR+Byz	
7	15	11	NKO	πάντων	pantōn	G3956	A-GPM	πᾶς	all	of all	NA28+NA27+Tyn+SBL+WH+Treg+TR+Byz	
7	15	12	NKO	ὑμῶν	humōn	G4771	P-2GP	σύ	you	of you	NA28+NA27+Tyn+SBL+WH+Treg+TR+Byz	
7	15	13	NKO	ὑπακοήν,	hupakoēn	G5218	N-ASF	ὑπακοή	obedience	obedience,	NA28+NA27+Tyn+SBL+WH+Treg+TR+Byz	
7	15	14	NKO	ὡς	hōs	G5613	PRT	ὡς	which/how	how	NA28+NA27+Tyn+SBL+WH+Treg+TR+Byz	
7	15	15	NKO	μετὰ	meta	G3326	PREP	μετά	with/after	with	NA28+NA27+Tyn+SBL+WH+Treg+TR+Byz	
7	15	16	NKO	φόβου	phobou	G5401	N-GSM	φόβος	fear	fear	NA28+NA27+Tyn+SBL+WH+Treg+TR+Byz	
7	15	17	NKO	καὶ	kai	G2532	CONJ	καί	and	and	NA28+NA27+Tyn+SBL+WH+Treg+TR+Byz	
7	15	18	NKO	τρόμου	tromou	G5156	N-GSM	τρόμος	trembling	trembling	NA28+NA27+Tyn+SBL+WH+Treg+TR+Byz	
7	15	19	NKO	ἐδέξασθε	edexasthe	G1209	V-ADI-2P	δέχομαι	to receive	you received	NA28+NA27+Tyn+SBL+WH+Treg+TR+Byz	
7	15	20	NKO	αὐτόν.	auton	G0846	P-ASM	αὐτός	he/she/it/self	him.	NA28+NA27+Tyn+SBL+WH+Treg+TR+Byz	
7	16	1	NKO	χαίρω	chairō	G5463	V-PAI-1S	χαίρω	to rejoice	I rejoice	NA28+NA27+Tyn+SBL+WH+Treg+TR+Byz	
7	16	2	NKO	ὅτι	hoti	G3754G	CONJ	ὅτι	that/since	that	NA28+NA27+Tyn+SBL+WH+Treg+TR+Byz	
7	16	3	NKO	ἐν	en	G1722	PREP	ἐν	in/on/among	in	NA28+NA27+Tyn+SBL+WH+Treg+TR+Byz	
7	16	4	NKO	παντὶ	panti	G3956	A-DSN	πᾶς	all	everything	NA28+NA27+Tyn+SBL+WH+Treg+TR+Byz	
7	16	5	NKO	θαρρῶ	tharrō	G2292	V-PAI-1S	θαρρέω	be confident	I am confident	NA28+NA27+Tyn+SBL+WH+Treg+TR+Byz	
7	16	6	NKO	ἐν	en	G1722	PREP	ἐν	in/on/among	in	NA28+NA27+Tyn+SBL+WH+Treg+TR+Byz	
7	16	7	NKO	ὑμῖν.¶	humin	G4771	P-2DP	σύ	you	you.	NA28+NA27+Tyn+SBL+WH+Treg+TR+Byz	
8	1	1	NKO	Γνωρίζομεν	Gnōrizomen	G1107	V-PAI-1P	γνωρίζω	to make known	We make known	NA28+NA27+Tyn+SBL+WH+Treg+TR+Byz	
8	1	2	NKO	δὲ	de	G1161	CONJ	δέ	but/and	now	NA28+NA27+Tyn+SBL+WH+Treg+TR+Byz	
8	1	3	NKO	ὑμῖν,	humin	G4771	P-2DP	σύ	you	to you,	NA28+NA27+Tyn+SBL+WH+Treg+TR+Byz	
8	1	4	NKO	ἀδελφοί,	adelphoi	G0080	N-VPM	ἀδελφός	brother	brothers,	NA28+NA27+Tyn+SBL+WH+Treg+TR+Byz	
8	1	5	NKO	τὴν	tēn	G3588	T-ASF	ὁ	the/this/who	the	NA28+NA27+Tyn+SBL+WH+Treg+TR+Byz	
8	1	6	NKO	χάριν	charin	G5485	N-ASF	χάρις	grace	grace	NA28+NA27+Tyn+SBL+WH+Treg+TR+Byz	
8	1	7	NKO	τοῦ	tou	G3588	T-GSM	ὁ	the/this/who	<the>	NA28+NA27+Tyn+SBL+WH+Treg+TR+Byz	
8	1	8	NKO	θεοῦ	theou	G2316	N-GSM-T	θεός	God	of God	NA28+NA27+Tyn+SBL+WH+Treg+TR+Byz	
8	1	9	NKO	τὴν	tēn	G3588	T-ASF	ὁ	the/this/who	which	NA28+NA27+Tyn+SBL+WH+Treg+TR+Byz	
8	1	10	NKO	δεδομένην	dedomenēn	G1325	V-RPP-ASF	δίδωμι	to give	bestowed	NA28+NA27+Tyn+SBL+WH+Treg+TR+Byz	
8	1	11	NKO	ἐν	en	G1722	PREP	ἐν	in/on/among	among	NA28+NA27+Tyn+SBL+WH+Treg+TR+Byz	
8	1	12	NKO	ταῖς	tais	G3588	T-DPF	ὁ	the/this/who	the	NA28+NA27+Tyn+SBL+WH+Treg+TR+Byz	
8	1	13	NKO	ἐκκλησίαις	ekklēsiais	G1577	N-DPF	ἐκκλησία	assembly	churches	NA28+NA27+Tyn+SBL+WH+Treg+TR+Byz	
8	1	14	NKO	τῆς	tēs	G3588	T-GSF	ὁ	the/this/who	<the>	NA28+NA27+Tyn+SBL+WH+Treg+TR+Byz	
8	1	15	NKO	Μακεδονίας	Makedonias	G3109	N-GSF-L	Μακεδονία	Macedonia	of Macedonia	NA28+NA27+Tyn+SBL+WH+Treg+TR+Byz	
8	2	1	NKO	ὅτι	hoti	G3754G	CONJ	ὅτι	that/since	that	NA28+NA27+Tyn+SBL+WH+Treg+TR+Byz	
8	2	2	NKO	ἐν	en	G1722	PREP	ἐν	in/on/among	in	NA28+NA27+Tyn+SBL+WH+Treg+TR+Byz	
8	2	3	NKO	πολλῇ	pollēa	G4183	A-DSF	πολύς	much	much	NA28+NA27+Tyn+SBL+WH+Treg+TR+Byz	
8	2	4	NKO	δοκιμῇ	dokimēa	G1382	N-DSF	δοκιμή	test	proof	NA28+NA27+Tyn+SBL+WH+Treg+TR+Byz	
8	2	5	NKO	θλίψεως	thlipseōs	G2347	N-GSF	θλῖψις	pressure	of tribulation	NA28+NA27+Tyn+SBL+WH+Treg+TR+Byz	
8	2	6	NKO	ἡ	hē	G3588	T-NSF	ὁ	the/this/who	the	NA28+NA27+Tyn+SBL+WH+Treg+TR+Byz	
8	2	7	NKO	περισσεία	perisseia	G4050	N-NSF	περισσεία	abundance	excess	NA28+NA27+Tyn+SBL+WH+Treg+TR+Byz	
8	2	8	NKO	τῆς	tēs	G3588	T-GSF	ὁ	the/this/who	of the	NA28+NA27+Tyn+SBL+WH+Treg+TR+Byz	
8	2	9	NKO	χαρᾶς	charas	G5479	N-GSF	χαρά	joy	joy	NA28+NA27+Tyn+SBL+WH+Treg+TR+Byz	
8	2	10	NKO	αὐτῶν	autōn	G0846	P-GPM	αὐτός	he/she/it/self	of them	NA28+NA27+Tyn+SBL+WH+Treg+TR+Byz	
8	2	11	NKO	καὶ	kai	G2532	CONJ	καί	and	and	NA28+NA27+Tyn+SBL+WH+Treg+TR+Byz	
8	2	12	NKO	ἡ	hē	G3588	T-NSF	ὁ	the/this/who	<the>	NA28+NA27+Tyn+SBL+WH+Treg+TR+Byz	
8	2	13	NKO	κατὰ	kata	G2596	PREP	κατά	according to	of	NA28+NA27+Tyn+SBL+WH+Treg+TR+Byz	
8	2	14	NKO	βάθους	bathous	G0899	N-GSN	βάθος	depth	deep	NA28+NA27+Tyn+SBL+WH+Treg+TR+Byz	
8	2	15	NKO	πτωχεία	ptōcheia	G4432	N-NSF	πτωχεία	poverty	poverty	NA28+NA27+Tyn+SBL+WH+Treg+TR+Byz	
8	2	16	NKO	αὐτῶν	autōn	G0846	P-GPM	αὐτός	he/she/it/self	of them	NA28+NA27+Tyn+SBL+WH+Treg+TR+Byz	
8	2	17	NKO	ἐπερίσσευσεν	eperisseusen	G4052	V-AAI-3S	περισσεύω	to abound/exceed	abounded	NA28+NA27+Tyn+SBL+WH+Treg+TR+Byz	
8	2	18	NKO	εἰς	eis	G1519	PREP	εἰς	toward	into	NA28+NA27+Tyn+SBL+WH+Treg+TR+Byz	
8	2	19	N(k)O	τὸ	to	G3588	T-ASN	ὁ	the/this/who	the	NA28+NA27+Tyn+SBL+WH+Treg	
8	2	20	N(k)O	πλοῦτος	ploutos	G4149	N-ASN	πλοῦτος	riches	riches	NA28+NA27+Tyn+SBL+WH+Treg	
8	2	21	NKO	τῆς	tēs	G3588	T-GSF	ὁ	the/this/who	of the	NA28+NA27+Tyn+SBL+WH+Treg+TR+Byz	
8	2	22	NKO	ἁπλότητος	haplotētos	G0572	N-GSF	ἁπλότης	openness	generosity	NA28+NA27+Tyn+SBL+WH+Treg+TR+Byz	
8	2	23	NKO	αὐτῶν,	autōn	G0846	P-GPM	αὐτός	he/she/it/self	of them,	NA28+NA27+Tyn+SBL+WH+Treg+TR+Byz	
8	3	1	NKO	ὅτι	hoti	G3754H	CONJ	ὅτι	that/since	For	NA28+NA27+Tyn+SBL+WH+Treg+TR+Byz	
8	3	2	NKO	κατὰ	kata	G2596	PREP	κατά	according to	according to	NA28+NA27+Tyn+SBL+WH+Treg+TR+Byz	
8	3	3	NKO	δύναμιν,	dunamin	G1411	N-ASF	δύναμις	power	[their] ability,	NA28+NA27+Tyn+SBL+WH+Treg+TR+Byz	
8	3	4	NKO	μαρτυρῶ,	marturō	G3140	V-PAI-1S	μαρτυρέω	to testify	I testify [that],	NA28+NA27+Tyn+SBL+WH+Treg+TR+Byz	
8	3	5	NKO	καὶ	kai	G2532	CONJ	καί	and	and	NA28+NA27+Tyn+SBL+WH+Treg+TR+Byz	
8	3	6	N(k)O	παρὰ	para	G3844	PREP	παρά	from with	beside	NA28+NA27+Tyn+SBL+WH+Treg	
8	3	7	NKO	δύναμιν	dunamin	G1411	N-ASF	δύναμις	power	[their] ability	NA28+NA27+Tyn+SBL+WH+Treg+TR+Byz	
8	3	8	NKO	αὐθαίρετοι,	authairetoi	G0830	A-NPM	αὐθαίρετος	self-chosen	[they were] willing of themselves,	NA28+NA27+Tyn+SBL+WH+Treg+TR+Byz	
8	4	1	NKO	μετὰ	meta	G3326	PREP	μετά	with/after	with	NA28+NA27+Tyn+SBL+WH+Treg+TR+Byz	
8	4	2	NKO	πολλῆς	pollēs	G4183	A-GSF	πολύς	much	much	NA28+NA27+Tyn+SBL+WH+Treg+TR+Byz	
8	4	3	NKO	παρακλήσεως	paraklēseōs	G3874	N-GSF	παράκλησις	encouragement	entreaty	NA28+NA27+Tyn+SBL+WH+Treg+TR+Byz	
8	4	4	NKO	δεόμενοι	deomenoi	G1189	V-PNP-NPM	δέομαι	to pray	imploring	NA28+NA27+Tyn+SBL+WH+Treg+TR+Byz	
8	4	5	NKO	ἡμῶν	hēmōn	G3165	P-1GP	ἐγώ	I/we	of us	NA28+NA27+Tyn+SBL+WH+Treg+TR+Byz	
8	4	6	NKO	τὴν	tēn	G3588	T-ASF	ὁ	the/this/who	for the	NA28+NA27+Tyn+SBL+WH+Treg+TR+Byz	
8	4	7	NKO	χάριν	charin	G5485	N-ASF	χάρις	grace	grace	NA28+NA27+Tyn+SBL+WH+Treg+TR+Byz	
8	4	8	NKO	καὶ	kai	G2532	CONJ	καί	and	and	NA28+NA27+Tyn+SBL+WH+Treg+TR+Byz	
8	4	9	NKO	τὴν	tēn	G3588	T-ASF	ὁ	the/this/who	the	NA28+NA27+Tyn+SBL+WH+Treg+TR+Byz	
8	4	10	NKO	κοινωνίαν	koinōnian	G2842	N-ASF	κοινωνία	participation	fellowship	NA28+NA27+Tyn+SBL+WH+Treg+TR+Byz	
8	4	11	NKO	τῆς	tēs	G3588	T-GSF	ὁ	the/this/who	of the	NA28+NA27+Tyn+SBL+WH+Treg+TR+Byz	
8	4	12	NKO	διακονίας	diakonias	G1248	N-GSF	διακονία	service	service	NA28+NA27+Tyn+SBL+WH+Treg+TR+Byz	
8	4	13	NKO	τῆς	tēs	G3588	T-GSF	ὁ	the/this/who	<the>	NA28+NA27+Tyn+SBL+WH+Treg+TR+Byz	
8	4	14	NKO	εἰς	eis	G1519	PREP	εἰς	toward	among	NA28+NA27+Tyn+SBL+WH+Treg+TR+Byz	
8	4	15	NKO	τοὺς	tous	G3588	T-APM	ὁ	the/this/who	the	NA28+NA27+Tyn+SBL+WH+Treg+TR+Byz	
8	4	16	NKO	ἁγίους	hagious	G0040H	A-APM	ἅγιος	holy	saints	NA28+NA27+Tyn+SBL+WH+Treg+TR+Byz	
8	4	17	K	δέξασθαι	dexasthai	G1209	V-ADN	δέχομαι	to receive	to receive	TR	
8	4	18	K	ἡμᾶς,	hēmas	G3165	P-1AP	ἐγώ	I/we	us,	TR	
8	5	1	NKO	καὶ	kai	G2532	CONJ	καί	and	And	NA28+NA27+Tyn+SBL+WH+Treg+TR+Byz	
8	5	2	NKO	οὐ	ou	G3756	PRT-N	οὐ	no	not [only]	NA28+NA27+Tyn+SBL+WH+Treg+TR+Byz	
8	5	3	NKO	καθὼς	kathōs	G2531	CONJ	καθώς	as/just as	even as	NA28+NA27+Tyn+SBL+WH+Treg+TR+Byz	
8	5	4	NKO	ἠλπίσαμεν,	ēlpisamen	G1679	V-AAI-1P	ἐλπίζω	to hope/expect	we had hoped,	NA28+NA27+Tyn+SBL+WH+Treg+TR+Byz	
8	5	5	NKO	ἀλλ᾽	all᾽	G0235	CONJ	ἀλλά	but	but	NA28+NA27+Tyn+SBL+WH+Treg+TR+Byz	
8	5	6	NKO	ἑαυτοὺς	he'autous	G1438	F-3APM	ἑαυτοῦ	my/your/him-self	themselves	NA28+NA27+Tyn+SBL+WH+Treg+TR+Byz	
8	5	7	NKO	ἔδωκαν	edōkan	G1325	V-AAI-3P	δίδωμι	to give	they gave	NA28+NA27+Tyn+SBL+WH+Treg+TR+Byz	
8	5	8	NKO	πρῶτον	prōton	G4413G	A-ASN	πρῶτος	first	first	NA28+NA27+Tyn+SBL+WH+Treg+TR+Byz	
8	5	9	NKO	τῷ	tō	G3588	T-DSM	ὁ	the/this/who	to the	NA28+NA27+Tyn+SBL+WH+Treg+TR+Byz	
8	5	10	NKO	κυρίῳ	kuriō	G2962G	N-DSM-T	κύριος	lord	Lord	NA28+NA27+Tyn+SBL+WH+Treg+TR+Byz	
8	5	11	NKO	καὶ	kai	G2532	CONJ	καί	and	and then	NA28+NA27+Tyn+SBL+WH+Treg+TR+Byz	
8	5	12	NKO	ἡμῖν	hēmin	G3165	P-1DP	ἐγώ	I/we	to us	NA28+NA27+Tyn+SBL+WH+Treg+TR+Byz	
8	5	13	NKO	διὰ	dia	G1223	PREP	διά	through/because of	through	NA28+NA27+Tyn+SBL+WH+Treg+TR+Byz	
8	5	14	NKO	θελήματος	thelēmatos	G2307	N-GSN	θέλημα	will/desire	[the] will	NA28+NA27+Tyn+SBL+WH+Treg+TR+Byz	
8	5	15	NKO	θεοῦ	theou	G2316	N-GSM-T	θεός	God	of God	NA28+NA27+Tyn+SBL+WH+Treg+TR+Byz	
8	6	1	NKO	εἰς	eis	G1519	PREP	εἰς	toward	Accordingly	NA28+NA27+Tyn+SBL+WH+Treg+TR+Byz	
8	6	2	NKO	τὸ	to	G3588	T-ASN	ὁ	the/this/who	<the>	NA28+NA27+Tyn+SBL+WH+Treg+TR+Byz	
8	6	3	NKO	παρακαλέσαι	parakalesai	G3870	V-AAN	παρακαλέω	to plead/comfort	exhorting	NA28+NA27+Tyn+SBL+WH+Treg+TR+Byz	
8	6	4	NKO	ἡμᾶς	hēmas	G3165	P-1AP	ἐγώ	I/we	we	NA28+NA27+Tyn+SBL+WH+Treg+TR+Byz	
8	6	5	NKO	Τίτον,	Titon	G5103	N-ASM-P	Τίτος	Titus	Titus,	NA28+NA27+Tyn+SBL+WH+Treg+TR+Byz	
8	6	6	NKO	ἵνα	ina	G2443	CONJ	ἵνα	in order that/to	that	NA28+NA27+Tyn+SBL+WH+Treg+TR+Byz	
8	6	7	NKO	καθὼς	kathōs	G2531	CONJ	καθώς	as/just as	even as	NA28+NA27+Tyn+SBL+WH+Treg+TR+Byz	
8	6	8	NKO	προενήρξατο	proenērxato	G4278	V-ADI-3S	προενάρχομαι	to begin beforehand	he had begun	NA28+NA27+Tyn+SBL+WH+Treg+TR+Byz	
8	6	9	NKO	οὕτως	houtōs	G3779	ADV	οὕτω, οὕτως	thus(-ly)	so	NA28+NA27+Tyn+SBL+WH+Treg+TR+Byz	
8	6	10	NKO	καὶ	kai	G2532	CONJ	καί	and	also	NA28+NA27+Tyn+SBL+WH+Treg+TR+Byz	
8	6	11	NKO	ἐπιτελέσῃ	epitelesē	G2005	V-AAS-3S	ἐπιτελέω	to complete	he may complete	NA28+NA27+Tyn+SBL+WH+Treg+TR+Byz	
8	6	12	NKO	εἰς	eis	G1519	PREP	εἰς	toward	with	NA28+NA27+Tyn+SBL+WH+Treg+TR+Byz	
8	6	13	NKO	ὑμᾶς	humas	G4771	P-2AP	σύ	you	you	NA28+NA27+Tyn+SBL+WH+Treg+TR+Byz	
8	6	14	NKO	καὶ	kai	G2532	CONJ	καί	and	as well	NA28+NA27+Tyn+SBL+WH+Treg+TR+Byz	
8	6	15	NKO	τὴν	tēn	G3588	T-ASF	ὁ	the/this/who	<the>	NA28+NA27+Tyn+SBL+WH+Treg+TR+Byz	
8	6	16	NKO	χάριν	charin	G5485	N-ASF	χάρις	grace	grace	NA28+NA27+Tyn+SBL+WH+Treg+TR+Byz	
8	6	17	NKO	ταύτην.	tautēn	G3778	D-ASF	οὗτος	this/he/she/it	this.	NA28+NA27+Tyn+SBL+WH+Treg+TR+Byz	
8	7	1	NKO	ἀλλ᾽	all᾽	G0235	CONJ	ἀλλά	but	But	NA28+NA27+Tyn+SBL+WH+Treg+TR+Byz	
8	7	2	NKO	ὥσπερ	hōsper	G5618	CONJ	ὥσπερ	just as	even as	NA28+NA27+Tyn+SBL+WH+Treg+TR+Byz	
8	7	3	NKO	ἐν	en	G1722	PREP	ἐν	in/on/among	in	NA28+NA27+Tyn+SBL+WH+Treg+TR+Byz	
8	7	4	NKO	παντὶ	panti	G3956	A-DSN	πᾶς	all	every [way]	NA28+NA27+Tyn+SBL+WH+Treg+TR+Byz	
8	7	5	NKO	περισσεύετε,	perisseuete	G4052	V-PAI-2P	περισσεύω	to abound/exceed	you abound,	NA28+NA27+Tyn+SBL+WH+Treg+TR+Byz	
8	7	6	NKO	πίστει	pistei	G4102G	N-DSF	πίστις	faith	in faith	NA28+NA27+Tyn+SBL+WH+Treg+TR+Byz	
8	7	7	NKO	καὶ	kai	G2532	CONJ	καί	and	and	NA28+NA27+Tyn+SBL+WH+Treg+TR+Byz	
8	7	8	NKO	λόγῳ	logō	G3056	N-DSM	λόγος	word	in speech	NA28+NA27+Tyn+SBL+WH+Treg+TR+Byz	
8	7	9	NKO	καὶ	kai	G2532	CONJ	καί	and	and	NA28+NA27+Tyn+SBL+WH+Treg+TR+Byz	
8	7	10	NKO	γνώσει	gnōsei	G1108	N-DSF	γνῶσις	knowledge	in knowledge	NA28+NA27+Tyn+SBL+WH+Treg+TR+Byz	
8	7	11	NKO	καὶ	kai	G2532	CONJ	καί	and	and	NA28+NA27+Tyn+SBL+WH+Treg+TR+Byz	
8	7	12	NKO	πάσῃ	pasē	G3956	A-DSF	πᾶς	all	in all	NA28+NA27+Tyn+SBL+WH+Treg+TR+Byz	
8	7	13	NKO	σπουδῇ	spoudēa	G4710	N-DSF	σπουδή	diligence	earnestness	NA28+NA27+Tyn+SBL+WH+Treg+TR+Byz	
8	7	14	NKO	καὶ	kai	G2532	CONJ	καί	and	and	NA28+NA27+Tyn+SBL+WH+Treg+TR+Byz	
8	7	15	NKO	τῇ	tēa	G3588	T-DSF	ὁ	the/this/who	in the	NA28+NA27+Tyn+SBL+WH+Treg+TR+Byz	
8	7	16	NKO	ἐξ	ex	G1537	PREP	ἐκ	out from	from	NA28+NA27+Tyn+SBL+WH+Treg+TR+Byz	
8	7	17	N(K)O	ἡμῶν	hēmōn	G3165	P-1GP	ἐγώ	I/we	of us	NA28+NA27+SBL+WH	
8	7	18	NKO	ἐν	en	G1722	PREP	ἐν	in/on/among	in	NA28+NA27+Tyn+SBL+WH+Treg+TR+Byz	
8	7	19	N(K)O	ὑμῖν	humin	G4771	P-2DP	σύ	you	you	NA28+NA27+SBL+WH	
8	7	20	NKO	ἀγάπῃ,	agapē	G0026	N-DSF	ἀγάπη	love	love,	NA28+NA27+Tyn+SBL+WH+Treg+TR+Byz	
8	7	21	NKO	ἵνα	ina	G2443	CONJ	ἵνα	in order that/to	that	NA28+NA27+Tyn+SBL+WH+Treg+TR+Byz	
8	7	22	NKO	καὶ	kai	G2532	CONJ	καί	and	also	NA28+NA27+Tyn+SBL+WH+Treg+TR+Byz	
8	7	23	NKO	ἐν	en	G1722	PREP	ἐν	in/on/among	in	NA28+NA27+Tyn+SBL+WH+Treg+TR+Byz	
8	7	24	NKO	ταύτῃ	tautē	G3778	D-DSF	οὗτος	this/he/she/it	this	NA28+NA27+Tyn+SBL+WH+Treg+TR+Byz	
8	7	25	NKO	τῇ	tēa	G3588	T-DSF	ὁ	the/this/who	<the>	NA28+NA27+Tyn+SBL+WH+Treg+TR+Byz	
8	7	26	NKO	χάριτι	chariti	G5485	N-DSF	χάρις	grace	grace	NA28+NA27+Tyn+SBL+WH+Treg+TR+Byz	
8	7	27	NKO	περισσεύητε.	perisseuēte	G4052	V-PAS-2P	περισσεύω	to abound/exceed	you may abound.	NA28+NA27+Tyn+SBL+WH+Treg+TR+Byz	
8	8	1	NKO	οὐ	ou	G3756	PRT-N	οὐ	no	Not	NA28+NA27+Tyn+SBL+WH+Treg+TR+Byz	
8	8	2	NKO	κατ᾽	kat᾽	G2596	PREP	κατά	according to	as	NA28+NA27+Tyn+SBL+WH+Treg+TR+Byz	
8	8	3	NKO	ἐπιταγὴν	epitagēn	G2003	N-ASF	ἐπιταγή	command	a command	NA28+NA27+Tyn+SBL+WH+Treg+TR+Byz	
8	8	4	NKO	λέγω	legō	G3004G	V-PAI-1S	λέγω	to speak	do I speak	NA28+NA27+Tyn+SBL+WH+Treg+TR+Byz	
8	8	5	NKO	ἀλλὰ	alla	G0235	CONJ	ἀλλά	but	but	NA28+NA27+Tyn+SBL+WH+Treg+TR+Byz	
8	8	6	NKO	διὰ	dia	G1223	PREP	διά	through/because of	through	NA28+NA27+Tyn+SBL+WH+Treg+TR+Byz	
8	8	7	NKO	τῆς	tēs	G3588	T-GSF	ὁ	the/this/who	the	NA28+NA27+Tyn+SBL+WH+Treg+TR+Byz	
8	8	8	NKO	ἑτέρων	heterōn	G2087	A-GPM	ἕτερος	other	of others	NA28+NA27+Tyn+SBL+WH+Treg+TR+Byz	
8	8	9	NKO	σπουδῆς	spoudēs	G4710	N-GSF	σπουδή	diligence	earnestness	NA28+NA27+Tyn+SBL+WH+Treg+TR+Byz	
8	8	10	NKO	καὶ	kai	G2532	CONJ	καί	and	also	NA28+NA27+Tyn+SBL+WH+Treg+TR+Byz	
8	8	11	NKO	τὸ	to	G3588	T-ASN	ὁ	the/this/who	the	NA28+NA27+Tyn+SBL+WH+Treg+TR+Byz	
8	8	12	NKO	τῆς	tēs	G3588	T-GSF	ὁ	the/this/who	<the>	NA28+NA27+Tyn+SBL+WH+Treg+TR+Byz	
8	8	13	NKO	ὑμετέρας	humeteras	G4771	A-GSF	ὑμέτερος	your	of your	NA28+NA27+Tyn+SBL+WH+Treg+TR+Byz	
8	8	14	NKO	ἀγάπης	agapēs	G0026	N-GSF	ἀγάπη	love	love	NA28+NA27+Tyn+SBL+WH+Treg+TR+Byz	
8	8	15	NKO	γνήσιον	gnēsion	G1103	A-ASN	γνήσιος	genuine	genuineness	NA28+NA27+Tyn+SBL+WH+Treg+TR+Byz	
8	8	16	NKO	δοκιμάζων·	dokimazōn	G1381	V-PAP-NSM	δοκιμάζω	to test	proving;	NA28+NA27+Tyn+SBL+WH+Treg+TR+Byz	
8	9	1	NKO	γινώσκετε	ginōskete	G1097	V-PAI-2P	γινώσκω	to know	You know	NA28+NA27+Tyn+SBL+WH+Treg+TR+Byz	
8	9	2	NKO	γὰρ	gar	G1063	CONJ	γάρ	for	for	NA28+NA27+Tyn+SBL+WH+Treg+TR+Byz	
8	9	3	NKO	τὴν	tēn	G3588	T-ASF	ὁ	the/this/who	the	NA28+NA27+Tyn+SBL+WH+Treg+TR+Byz	
8	9	4	NKO	χάριν	charin	G5485	N-ASF	χάρις	grace	grace	NA28+NA27+Tyn+SBL+WH+Treg+TR+Byz	
8	9	5	NKO	τοῦ	tou	G3588	T-GSM	ὁ	the/this/who	of the	NA28+NA27+Tyn+SBL+WH+Treg+TR+Byz	
8	9	6	NKO	κυρίου	kuriou	G2962G	N-GSM-T	κύριος	lord	Lord	NA28+NA27+Tyn+SBL+WH+Treg+TR+Byz	
8	9	7	NKO	ἡμῶν	hēmōn	G3165	P-1GP	ἐγώ	I/we	of us	NA28+NA27+Tyn+SBL+WH+Treg+TR+Byz	
8	9	8	NKO	Ἰησοῦ	Iēsou	G2424G	N-GSM-P	Ἰησοῦς	Jesus/Joshua	Jesus	NA28+NA27+Tyn+SBL+WH+Treg+TR+Byz	
8	9	9	NKO	Χριστοῦ	Christou	G5547	N-GSM-T	Χριστός	Christ	Christ	NA28+NA27+Tyn+SBL+WH+Treg+TR+Byz	
8	9	10	NKO	ὅτι	hoti	G3754G	CONJ	ὅτι	that/since	that	NA28+NA27+Tyn+SBL+WH+Treg+TR+Byz	
8	9	11	NKO	δι᾽	di᾽	G1223	PREP	διά	through/because of	for the sake of	NA28+NA27+Tyn+SBL+WH+Treg+TR+Byz	
8	9	12	NKO	ὑμᾶς	humas	G4771	P-2AP	σύ	you	you	NA28+NA27+Tyn+SBL+WH+Treg+TR+Byz	
8	9	13	NKO	ἐπτώχευσεν	eptōcheusen	G4433	V-AAI-3S	πτωχεύω	be poor	He became poor	NA28+NA27+Tyn+SBL+WH+Treg+TR+Byz	
8	9	14	NKO	πλούσιος	plousios	G4145	A-NSM	πλούσιος	rich	rich	NA28+NA27+Tyn+SBL+WH+Treg+TR+Byz	
8	9	15	NKO	ὤν,	ōn	G1510	V-PAP-NSM	εἰμί	to be	being,	NA28+NA27+Tyn+SBL+WH+Treg+TR+Byz	
8	9	16	NKO	ἵνα	ina	G2443	CONJ	ἵνα	in order that/to	so that	NA28+NA27+Tyn+SBL+WH+Treg+TR+Byz	
8	9	17	NKO	ὑμεῖς	humeis	G4771	P-2NP	σύ	you	you yourselves	NA28+NA27+Tyn+SBL+WH+Treg+TR+Byz	
8	9	18	NKO	τῇ	tēa	G3588	T-DSF	ὁ	the/this/who	<the>	NA28+NA27+Tyn+SBL+WH+Treg+TR+Byz	
8	9	19	NKO	ἐκείνου	ekeinou	G1565	D-GSM	ἐκεῖνος	that	through that	NA28+NA27+Tyn+SBL+WH+Treg+TR+Byz	
8	9	20	NKO	πτωχείᾳ	ptōcheia	G4432	N-DSF	πτωχεία	poverty	poverty	NA28+NA27+Tyn+SBL+WH+Treg+TR+Byz	
8	9	21	NKO	πλουτήσητε.	ploutēsēte	G4147	V-AAS-2P	πλουτέω	be rich	may be enriched.	NA28+NA27+Tyn+SBL+WH+Treg+TR+Byz	
8	10	1	NKO	καὶ	kai	G2532	CONJ	καί	and	And	NA28+NA27+Tyn+SBL+WH+Treg+TR+Byz	
8	10	2	NKO	γνώμην	gnōmēn	G1106	N-ASF	γνώμη	resolution	a judgment	NA28+NA27+Tyn+SBL+WH+Treg+TR+Byz	
8	10	3	NKO	ἐν	en	G1722	PREP	ἐν	in/on/among	in	NA28+NA27+Tyn+SBL+WH+Treg+TR+Byz	
8	10	4	NKO	τούτῳ	toutō	G3778	D-DSN	οὗτος	this/he/she/it	this [matter]	NA28+NA27+Tyn+SBL+WH+Treg+TR+Byz	
8	10	5	NKO	δίδωμι·	didōmi	G1325	V-PAI-1S	δίδωμι	to give	I give;	NA28+NA27+Tyn+SBL+WH+Treg+TR+Byz	
8	10	6	NKO	τοῦτο	touto	G3778	D-NSN	οὗτος	this/he/she/it	this	NA28+NA27+Tyn+SBL+WH+Treg+TR+Byz	
8	10	7	NKO	γὰρ	gar	G1063	CONJ	γάρ	for	indeed	NA28+NA27+Tyn+SBL+WH+Treg+TR+Byz	
8	10	8	NKO	ὑμῖν	humin	G4771	P-2DP	σύ	you	for you	NA28+NA27+Tyn+SBL+WH+Treg+TR+Byz	
8	10	9	NKO	συμφέρει,	sumpherei	G4851	V-PAI-3S	συμφέρω	to be profitable	is profitable,	NA28+NA27+Tyn+SBL+WH+Treg+TR+Byz	
8	10	10	NKO	οἵτινες	oitines	G3748	R-NPM	ὅστις	who/which	who	NA28+NA27+Tyn+SBL+WH+Treg+TR+Byz	
8	10	11	NKO	οὐ	ou	G3756	PRT-N	οὐ	no	not	NA28+NA27+Tyn+SBL+WH+Treg+TR+Byz	
8	10	12	NKO	μόνον	monon	G3441	A-ASN	μόνος	alone	only	NA28+NA27+Tyn+SBL+WH+Treg+TR+Byz	
8	10	13	NKO	τὸ	to	G3588	T-ASN	ὁ	the/this/who	<the>	NA28+NA27+Tyn+SBL+WH+Treg+TR+Byz	
8	10	14	NKO	ποιῆσαι	poiēsai	G4160G	V-AAN	ποιέω	to do/make	to act	NA28+NA27+Tyn+SBL+WH+Treg+TR+Byz	
8	10	15	NKO	ἀλλὰ	alla	G0235	CONJ	ἀλλά	but	but	NA28+NA27+Tyn+SBL+WH+Treg+TR+Byz	
8	10	16	NKO	καὶ	kai	G2532	CONJ	καί	and	also	NA28+NA27+Tyn+SBL+WH+Treg+TR+Byz	
8	10	17	NKO	τὸ	to	G3588	T-ASN	ὁ	the/this/who	<the>	NA28+NA27+Tyn+SBL+WH+Treg+TR+Byz	
8	10	18	NKO	θέλειν	thelein	G2309	V-PAN	θέλω	to will/desire	to will	NA28+NA27+Tyn+SBL+WH+Treg+TR+Byz	
8	10	19	NKO	προενήρξασθε	proenērxasthe	G4278	V-ADI-2P	προενάρχομαι	to begin beforehand	you began before	NA28+NA27+Tyn+SBL+WH+Treg+TR+Byz	
8	10	20	NKO	ἀπὸ	apo	G0575	PREP	ἀπό	away from	before	NA28+NA27+Tyn+SBL+WH+Treg+TR+Byz	
8	10	21	NKO	πέρυσι.	perusi	G4070	ADV	πέρυσι	last year	a year ago.	NA28+NA27+Tyn+SBL+WH+Treg+TR+Byz	
8	11	1	NKO	νυνὶ	nuni	G3570	ADV	νυνί	now	Now	NA28+NA27+Tyn+SBL+WH+Treg+TR+Byz	
8	11	2	NKO	δὲ	de	G1161	CONJ	δέ	but/and	then	NA28+NA27+Tyn+SBL+WH+Treg+TR+Byz	
8	11	3	NKO	καὶ	kai	G2532	CONJ	καί	and	also	NA28+NA27+Tyn+SBL+WH+Treg+TR+Byz	
8	11	4	NKO	τὸ	to	G3588	T-ASN	ὁ	the/this/who	the	NA28+NA27+Tyn+SBL+WH+Treg+TR+Byz	
8	11	5	NKO	ποιῆσαι	poiēsai	G4160G	V-AAN	ποιέω	to do/make	doing	NA28+NA27+Tyn+SBL+WH+Treg+TR+Byz	
8	11	6	NKO	ἐπιτελέσατε,	epitelesate	G2005	V-AAM-2P	ἐπιτελέω	to complete	do complete	NA28+NA27+Tyn+SBL+WH+Treg+TR+Byz	
8	11	7	NKO	ὅπως	hopōs	G3704	CONJ	ὅπως	that	so that	NA28+NA27+Tyn+SBL+WH+Treg+TR+Byz	
8	11	8	NKO	καθάπερ	kathaper	G2509	CONJ	καθάπερ	just as	just as	NA28+NA27+Tyn+SBL+WH+Treg+TR+Byz	
8	11	9	NKO	ἡ	hē	G3588	T-NSF	ὁ	the/this/who	[there was] the	NA28+NA27+Tyn+SBL+WH+Treg+TR+Byz	
8	11	10	NKO	προθυμία	prothumia	G4288	N-NSF	προθυμία	eagerness	readiness	NA28+NA27+Tyn+SBL+WH+Treg+TR+Byz	
8	11	11	NKO	τοῦ	tou	G3588	T-GSN	ὁ	the/this/who	of the	NA28+NA27+Tyn+SBL+WH+Treg+TR+Byz	
8	11	12	NKO	θέλειν	thelein	G2309	V-PAN	θέλω	to will/desire	to will	NA28+NA27+Tyn+SBL+WH+Treg+TR+Byz	
8	11	13	NKO	οὕτως	houtōs	G3779	ADV	οὕτω, οὕτως	thus(-ly)	so	NA28+NA27+Tyn+SBL+WH+Treg+TR+Byz	
8	11	14	NKO	καὶ	kai	G2532	CONJ	καί	and	also	NA28+NA27+Tyn+SBL+WH+Treg+TR+Byz	
8	11	15	NKO	τὸ	to	G3588	T-NSN	ὁ	the/this/who	the	NA28+NA27+Tyn+SBL+WH+Treg+TR+Byz	
8	11	16	NKO	ἐπιτελέσαι	epitelesai	G2005	V-AAN	ἐπιτελέω	to complete	to complete	NA28+NA27+Tyn+SBL+WH+Treg+TR+Byz	
8	11	17	NKO	ἐκ	ek	G1537	PREP	ἐκ	out from	out of	NA28+NA27+Tyn+SBL+WH+Treg+TR+Byz	
8	11	18	NKO	τοῦ	tou	G3588	T-GSN	ὁ	the/this/who	that which	NA28+NA27+Tyn+SBL+WH+Treg+TR+Byz	
8	11	19	NKO	ἔχειν.	echein	G2192	V-PAN	ἔχω	to have/be	[you] having.	NA28+NA27+Tyn+SBL+WH+Treg+TR+Byz	
8	12	1	NKO	εἰ	ei	G1487G	COND	εἰ	if	If	NA28+NA27+Tyn+SBL+WH+Treg+TR+Byz	
8	12	2	NKO	γὰρ	gar	G1063	CONJ	γάρ	for	for	NA28+NA27+Tyn+SBL+WH+Treg+TR+Byz	
8	12	3	NKO	ἡ	hē	G3588	T-NSF	ὁ	the/this/who	the	NA28+NA27+Tyn+SBL+WH+Treg+TR+Byz	
8	12	4	NKO	προθυμία	prothumia	G4288	N-NSF	προθυμία	eagerness	readiness	NA28+NA27+Tyn+SBL+WH+Treg+TR+Byz	
8	12	5	NKO	πρόκειται,	prokeitai	G4295	V-PNI-3S	πρόκειμαι	to set before	is present,	NA28+NA27+Tyn+SBL+WH+Treg+TR+Byz	
8	12	6	NKO	καθὸ	katho	G2526	CONJ	καθό	insofar as	as	NA28+NA27+Tyn+SBL+WH+Treg+TR+Byz	
8	12	7	NKO	ἐὰν	ean	G1437	COND	ἐάν	if	if	NA28+NA27+Tyn+SBL+WH+Treg+TR+Byz	
8	12	8	NKO	ἔχῃ	echē	G2192	V-PAS-3S	ἔχω	to have/be	he shall have	NA28+NA27+Tyn+SBL+WH+Treg+TR+Byz	
8	12	9	k	τις,	tis	G5100	X-NSM	τις	one	anyone	TR+Byz	
8	12	10	NKO	εὐπρόσδεκτος,	euprosdektos	G2144	A-NSF	εὐπρόσδεκτος	acceptable	acceptable,	NA28+NA27+Tyn+SBL+WH+Treg+TR+Byz	
8	12	11	NKO	οὐ	ou	G3756	PRT-N	οὐ	no	not	NA28+NA27+Tyn+SBL+WH+Treg+TR+Byz	
8	12	12	NKO	καθὸ	katho	G2526	CONJ	καθό	insofar as	as	NA28+NA27+Tyn+SBL+WH+Treg+TR+Byz	
8	12	13	NKO	οὐκ	ouk	G3756	PRT-N	οὐ	no	not	NA28+NA27+Tyn+SBL+WH+Treg+TR+Byz	
8	12	14	NKO	ἔχει.	echei	G2192	V-PAI-3S	ἔχω	to have/be	he does have.	NA28+NA27+Tyn+SBL+WH+Treg+TR+Byz	
8	13	1	NKO	οὐ	ou	G3756	PRT-N	οὐ	no	Not	NA28+NA27+Tyn+SBL+WH+Treg+TR+Byz	
8	13	2	NKO	γὰρ	gar	G1063	CONJ	γάρ	for	for	NA28+NA27+Tyn+SBL+WH+Treg+TR+Byz	
8	13	3	NKO	ἵνα	ina	G2443	CONJ	ἵνα	in order that/to	that	NA28+NA27+Tyn+SBL+WH+Treg+TR+Byz	
8	13	4	NKO	ἄλλοις	allois	G0243	A-DPM	ἄλλος	another	to others [there may be]	NA28+NA27+Tyn+SBL+WH+Treg+TR+Byz	
8	13	5	NKO	ἄνεσις,	anesis	G0425	N-NSF	ἄνεσις	rest	ease	NA28+NA27+Tyn+SBL+WH+Treg+TR+Byz	
8	13	6	NKO	ὑμῖν	humin	G4771	P-2DP	σύ	you	but for you	NA28+NA27+Tyn+SBL+WH+Treg+TR+Byz	
8	13	7	k	δὲ	de	G1161	CONJ	δέ	but/and	now	TR+Byz	
8	13	8	NKO	θλῖψις,	thlipsis	G2347	N-NSF	θλῖψις	pressure	affliction,	NA28+NA27+Tyn+SBL+WH+Treg+TR+Byz	
8	13	9	NKO	ἀλλ᾽	all᾽	G0235	CONJ	ἀλλά	but	[14] but	NA28+NA27+Tyn+SBL+WH+Treg+TR+Byz	8.13[8.14]
8	13	10	NKO	ἐξ	ex	G1537	PREP	ἐκ	out from	of	NA28+NA27+Tyn+SBL+WH+Treg+TR+Byz	8.13[8.14]
8	13	11	NKO	ἰσότητος·	isotētos	G2471	N-GSF	ἰσότης	equality	equality;	NA28+NA27+Tyn+SBL+WH+Treg+TR+Byz	8.13[8.14]
8	14	1	NKO	ἐν	en	G1722	PREP	ἐν	in/on/among	At	NA28+NA27+Tyn+SBL+WH+Treg+TR+Byz	
8	14	2	NKO	τῷ	tō	G3588	T-DSM	ὁ	the/this/who	the	NA28+NA27+Tyn+SBL+WH+Treg+TR+Byz	
8	14	3	NKO	νῦν	nun	G3568	ADV	νῦν	now	present	NA28+NA27+Tyn+SBL+WH+Treg+TR+Byz	
8	14	4	NKO	καιρῷ	kairō	G2540	N-DSM	καιρός	time/right time	time	NA28+NA27+Tyn+SBL+WH+Treg+TR+Byz	
8	14	5	NKO	τὸ	to	G3588	T-NSN	ὁ	the/this/who	<the>	NA28+NA27+Tyn+SBL+WH+Treg+TR+Byz	
8	14	6	NKO	ὑμῶν	humōn	G4771	P-2GP	σύ	you	your	NA28+NA27+Tyn+SBL+WH+Treg+TR+Byz	
8	14	7	NKO	περίσσευμα	perisseuma	G4051	N-NSN	περίσσευμα	overflow	excess	NA28+NA27+Tyn+SBL+WH+Treg+TR+Byz	
8	14	8	NKO	εἰς	eis	G1519	PREP	εἰς	toward	[will be] for	NA28+NA27+Tyn+SBL+WH+Treg+TR+Byz	
8	14	9	NKO	τὸ	to	G3588	T-ASN	ὁ	the/this/who	the	NA28+NA27+Tyn+SBL+WH+Treg+TR+Byz	
8	14	10	NKO	ἐκείνων	ekeinōn	G1565	D-GPM	ἐκεῖνος	that	of those	NA28+NA27+Tyn+SBL+WH+Treg+TR+Byz	
8	14	11	NKO	ὑστέρημα,	husterēma	G5303	N-ASN	ὑστέρημα	deficiency	need,	NA28+NA27+Tyn+SBL+WH+Treg+TR+Byz	
8	14	12	NKO	ἵνα	ina	G2443	CONJ	ἵνα	in order that/to	so that	NA28+NA27+Tyn+SBL+WH+Treg+TR+Byz	
8	14	13	NKO	καὶ	kai	G2532	CONJ	καί	and	also	NA28+NA27+Tyn+SBL+WH+Treg+TR+Byz	
8	14	14	NKO	τὸ	to	G3588	T-NSN	ὁ	the/this/who	<the>	NA28+NA27+Tyn+SBL+WH+Treg+TR+Byz	
8	14	15	NKO	ἐκείνων	ekeinōn	G1565	D-GPM	ἐκεῖνος	that	their	NA28+NA27+Tyn+SBL+WH+Treg+TR+Byz	
8	14	16	NKO	περίσσευμα	perisseuma	G4051	N-NSN	περίσσευμα	overflow	excess	NA28+NA27+Tyn+SBL+WH+Treg+TR+Byz	
8	14	17	NKO	γένηται	genētai	G1096	V-2ADS-3S	γίνομαι	to be	may be	NA28+NA27+Tyn+SBL+WH+Treg+TR+Byz	
8	14	18	NKO	εἰς	eis	G1519	PREP	εἰς	toward	for	NA28+NA27+Tyn+SBL+WH+Treg+TR+Byz	
8	14	19	NKO	τὸ	to	G3588	T-ASN	ὁ	the/this/who	the	NA28+NA27+Tyn+SBL+WH+Treg+TR+Byz	
8	14	20	NKO	ὑμῶν	humōn	G4771	P-2GP	σύ	you	of you	NA28+NA27+Tyn+SBL+WH+Treg+TR+Byz	
8	14	21	NKO	ὑστέρημα,	husterēma	G5303	N-ASN	ὑστέρημα	deficiency	need,	NA28+NA27+Tyn+SBL+WH+Treg+TR+Byz	
8	14	22	NKO	ὅπως	hopōs	G3704	CONJ	ὅπως	that	so that	NA28+NA27+Tyn+SBL+WH+Treg+TR+Byz	
8	14	23	NKO	γένηται	genētai	G1096	V-2ADS-3S	γίνομαι	to be	there may become	NA28+NA27+Tyn+SBL+WH+Treg+TR+Byz	
8	14	24	NKO	ἰσότης	isotēs	G2471	N-NSF	ἰσότης	equality	equality	NA28+NA27+Tyn+SBL+WH+Treg+TR+Byz	
8	15	1	NKO	καθὼς	kathōs	G2531	CONJ	καθώς	as/just as	Even as	NA28+NA27+Tyn+SBL+WH+Treg+TR+Byz	
8	15	2	NKO	γέγραπται·	gegraptai	G1125	V-RPI-3S	γράφω	to write	it has been written:	NA28+NA27+Tyn+SBL+WH+Treg+TR+Byz	
8	15	3	NKO	ὁ	ho	G3588	T-NSM	ὁ	the/this/who	He	NA28+NA27+Tyn+SBL+WH+Treg+TR+Byz	
8	15	4	NKO	τὸ	to	G3588	T-ASN	ὁ	the/this/who	the	NA28+NA27+Tyn+SBL+WH+Treg+TR+Byz	
8	15	5	NKO	πολὺ	polu	G4183	A-ASN	πολύς	much	much	NA28+NA27+Tyn+SBL+WH+Treg+TR+Byz	
8	15	6	NKO	οὐκ	ouk	G3756	PRT-N	οὐ	no	not	NA28+NA27+Tyn+SBL+WH+Treg+TR+Byz	
8	15	7	NKO	ἐπλεόνασεν	epleonasen	G4121	V-AAI-3S	πλεονάζω	to increase	did abound	NA28+NA27+Tyn+SBL+WH+Treg+TR+Byz	
8	15	8	NKO	καὶ	kai	G2532	CONJ	καί	and	and	NA28+NA27+Tyn+SBL+WH+Treg+TR+Byz	
8	15	9	NKO	ὁ	ho	G3588	T-NSM	ὁ	the/this/who	he	NA28+NA27+Tyn+SBL+WH+Treg+TR+Byz	
8	15	10	NKO	τὸ	to	G3588	T-ASN	ὁ	the/this/who	the	NA28+NA27+Tyn+SBL+WH+Treg+TR+Byz	
8	15	11	NKO	ὀλίγον	oligon	G3641	A-ASN	ὀλίγος	little/few	little	NA28+NA27+Tyn+SBL+WH+Treg+TR+Byz	
8	15	12	NKO	οὐκ	ouk	G3756	PRT-N	οὐ	no	not	NA28+NA27+Tyn+SBL+WH+Treg+TR+Byz	
8	15	13	NKO	ἠλαττόνησεν.¶	ēlattonēsen	G1641	V-AAI-3S	ἐλαττονέω	to have little	lacked.	NA28+NA27+Tyn+SBL+WH+Treg+TR+Byz	
8	16	1	NKO	Χάρις	Charis	G5485	N-NSF	χάρις	grace	Thanks	NA28+NA27+Tyn+SBL+WH+Treg+TR+Byz	
8	16	2	NKO	δὲ	de	G1161	CONJ	δέ	but/and	however	NA28+NA27+Tyn+SBL+WH+Treg+TR+Byz	
8	16	3	NKO	τῷ	tō	G3588	T-DSM	ὁ	the/this/who	<the>	NA28+NA27+Tyn+SBL+WH+Treg+TR+Byz	
8	16	4	NKO	θεῷ	theō	G2316	N-DSM-T	θεός	God	to God	NA28+NA27+Tyn+SBL+WH+Treg+TR+Byz	
8	16	5	NKO	τῷ	tō	G3588	T-DSM	ὁ	the/this/who	the [One]	NA28+NA27+Tyn+SBL+WH+Treg+TR+Byz	
8	16	6	N(k)O	δόντι	donti	G1325	V-2AAP-DSM	δίδωμι	to give	gave	NA28+NA27	
8	16	7	NKO	τὴν	tēn	G3588	T-ASF	ὁ	the/this/who	the	NA28+NA27+Tyn+SBL+WH+Treg+TR+Byz	
8	16	8	NKO	αὐτὴν	autēn	G0846	P-ASF	αὐτός	he/she/it/self	same	NA28+NA27+Tyn+SBL+WH+Treg+TR+Byz	
8	16	9	NKO	σπουδὴν	spoudēn	G4710	N-ASF	σπουδή	diligence	earnestness	NA28+NA27+Tyn+SBL+WH+Treg+TR+Byz	
8	16	10	NKO	ὑπὲρ	huper	G5228	PREP	ὑπέρ	above/for	for	NA28+NA27+Tyn+SBL+WH+Treg+TR+Byz	
8	16	11	NKO	ὑμῶν	humōn	G4771	P-2GP	σύ	you	you	NA28+NA27+Tyn+SBL+WH+Treg+TR+Byz	
8	16	12	NKO	ἐν	en	G1722	PREP	ἐν	in/on/among	into	NA28+NA27+Tyn+SBL+WH+Treg+TR+Byz	
8	16	13	NKO	τῇ	tēa	G3588	T-DSF	ὁ	the/this/who	the	NA28+NA27+Tyn+SBL+WH+Treg+TR+Byz	
8	16	14	NKO	καρδίᾳ	kardia	G2588	N-DSF	καρδία	heart	heart	NA28+NA27+Tyn+SBL+WH+Treg+TR+Byz	
8	16	15	NKO	Τίτου,	Titou	G5103	N-GSM-P	Τίτος	Titus	of Titus,	NA28+NA27+Tyn+SBL+WH+Treg+TR+Byz	
8	17	1	NKO	ὅτι	hoti	G3754H	CONJ	ὅτι	that/since	For	NA28+NA27+Tyn+SBL+WH+Treg+TR+Byz	
8	17	2	NKO	τὴν	tēn	G3588	T-ASF	ὁ	the/this/who	<the>	NA28+NA27+Tyn+SBL+WH+Treg+TR+Byz	
8	17	3	NKO	μὲν	men	G3303	PRT	μέν	on one hand	indeed	NA28+NA27+Tyn+SBL+WH+Treg+TR+Byz	
8	17	4	NKO	παράκλησιν	paraklēsin	G3874	N-ASF	παράκλησις	encouragement	[our] appeal	NA28+NA27+Tyn+SBL+WH+Treg+TR+Byz	
8	17	5	NKO	ἐδέξατο,	edexato	G1209	V-ADI-3S	δέχομαι	to receive	he accepted,	NA28+NA27+Tyn+SBL+WH+Treg+TR+Byz	
8	17	6	NKO	σπουδαιότερος	spoudaioteros	G4705	A-NSM-C	σπουδαῖος	eager	very earnest	NA28+NA27+Tyn+SBL+WH+Treg+TR+Byz	
8	17	7	NKO	δὲ	de	G1161	CONJ	δέ	but/and	however	NA28+NA27+Tyn+SBL+WH+Treg+TR+Byz	
8	17	8	NKO	ὑπάρχων	huparchōn	G5225	V-PAP-NSM	ὑπάρχω	to be	being	NA28+NA27+Tyn+SBL+WH+Treg+TR+Byz	
8	17	9	NKO	αὐθαίρετος	authairetos	G0830	A-NSM	αὐθαίρετος	self-chosen	of his own accord	NA28+NA27+Tyn+SBL+WH+Treg+TR+Byz	
8	17	10	NKO	ἐξῆλθεν	exēlthen	G1831	V-2AAI-3S	ἐξέρχομαι	to go out	he has gone out	NA28+NA27+Tyn+SBL+WH+Treg+TR+Byz	
8	17	11	NKO	πρὸς	pros	G4314	PREP	πρός	to/with	to	NA28+NA27+Tyn+SBL+WH+Treg+TR+Byz	
8	17	12	NKO	ὑμᾶς.	humas	G4771	P-2AP	σύ	you	you.	NA28+NA27+Tyn+SBL+WH+Treg+TR+Byz	
8	18	1	NKO	συνεπέμψαμεν	sunepempsamen	G4842	V-AAI-1P	συμπέμπω	to send with	We have sent	NA28+NA27+Tyn+SBL+WH+Treg+TR+Byz	
8	18	2	NKO	δὲ	de	G1161	CONJ	δέ	but/and	now	NA28+NA27+Tyn+SBL+WH+Treg+TR+Byz	
8	18	3	NKO	μετ᾽	met᾽	G3326	PREP	μετά	with/after	with	NA28+NA27+Tyn+SBL+WH+Treg+TR+Byz	
8	18	4	NKO	αὐτοῦ	autou	G0846	P-GSM	αὐτός	he/she/it/self	him	NA28+NA27+Tyn+SBL+WH+Treg+TR+Byz	
8	18	5	NKO	τὸν	ton	G3588	T-ASM	ὁ	the/this/who	the	NA28+NA27+Tyn+SBL+WH+Treg+TR+Byz	
8	18	6	NKO	ἀδελφόν,	adelphon	G0080	N-ASM	ἀδελφός	brother	brother	NA28+NA27+Tyn+SBL+WH+Treg+TR+Byz	
8	18	7	NKO	οὗ	hou	G3739	R-GSM	ὅς, ἥ	which	whose	NA28+NA27+Tyn+SBL+WH+Treg+TR+Byz	
8	18	8	NKO	ὁ	ho	G3588	T-NSM	ὁ	the/this/who	<the>	NA28+NA27+Tyn+SBL+WH+Treg+TR+Byz	
8	18	9	NKO	ἔπαινος	epainos	G1868	N-NSM	ἔπαινος	praise	praise	NA28+NA27+Tyn+SBL+WH+Treg+TR+Byz	
8	18	10	NKO	ἐν	en	G1722	PREP	ἐν	in/on/among	[is] in	NA28+NA27+Tyn+SBL+WH+Treg+TR+Byz	
8	18	11	NKO	τῷ	tō	G3588	T-DSN	ὁ	the/this/who	the	NA28+NA27+Tyn+SBL+WH+Treg+TR+Byz	
8	18	12	NKO	εὐαγγελίῳ	euangeliō	G2098	N-DSN	εὐαγγέλιον	gospel	gospel	NA28+NA27+Tyn+SBL+WH+Treg+TR+Byz	
8	18	13	NKO	διὰ	dia	G1223	PREP	διά	through/because of	through	NA28+NA27+Tyn+SBL+WH+Treg+TR+Byz	
8	18	14	NKO	πασῶν	pasōn	G3956	A-GPF	πᾶς	all	all [times]	NA28+NA27+Tyn+SBL+WH+Treg+TR+Byz	
8	18	15	NKO	τῶν	tōn	G3588	T-GPF	ὁ	the/this/who	of the	NA28+NA27+Tyn+SBL+WH+Treg+TR+Byz	
8	18	16	NKO	ἐκκλησιῶν.	ekklēsiōn	G1577	N-GPF	ἐκκλησία	assembly	churches.	NA28+NA27+Tyn+SBL+WH+Treg+TR+Byz	
8	19	1	NKO	οὐ	ou	G3756	PRT-N	οὐ	no	not	NA28+NA27+Tyn+SBL+WH+Treg+TR+Byz	
8	19	2	NKO	μόνον	monon	G3441	A-ASN	μόνος	alone	only	NA28+NA27+Tyn+SBL+WH+Treg+TR+Byz	
8	19	3	NKO	δέ,	de	G1161	CONJ	δέ	but/and	now,	NA28+NA27+Tyn+SBL+WH+Treg+TR+Byz	
8	19	4	NKO	ἀλλὰ	alla	G0235	CONJ	ἀλλά	but	but	NA28+NA27+Tyn+SBL+WH+Treg+TR+Byz	
8	19	5	NKO	καὶ	kai	G2532	CONJ	καί	and	also	NA28+NA27+Tyn+SBL+WH+Treg+TR+Byz	
8	19	6	NKO	χειροτονηθεὶς	cheirotonētheis	G5500	V-APP-NSM	χειροτονέω	to appoint	having been chosen	NA28+NA27+Tyn+SBL+WH+Treg+TR+Byz	
8	19	7	NKO	ὑπὸ	hupo	G5259G	PREP	ὑπό	by/under	by	NA28+NA27+Tyn+SBL+WH+Treg+TR+Byz	
8	19	8	NKO	τῶν	tōn	G3588	T-GPF	ὁ	the/this/who	the	NA28+NA27+Tyn+SBL+WH+Treg+TR+Byz	
8	19	9	NKO	ἐκκλησιῶν	ekklēsiōn	G1577	N-GPF	ἐκκλησία	assembly	churches	NA28+NA27+Tyn+SBL+WH+Treg+TR+Byz	
8	19	10	NKO	συνέκδημος	sunekdēmos	G4898	N-NSM	συνέκδημος	companion	fellow traveler	NA28+NA27+Tyn+SBL+WH+Treg+TR+Byz	
8	19	11	NKO	ἡμῶν	hēmōn	G3165	P-1GP	ἐγώ	I/we	of us	NA28+NA27+Tyn+SBL+WH+Treg+TR+Byz	
8	19	12	NK(o)	σὺν	sun	G4862	PREP	σύν	with	with	NA28+NA27+SBL+TR+Byz	
8	19	13	NKO	τῇ	tēa	G3588	T-DSF	ὁ	the/this/who	<the>	NA28+NA27+Tyn+SBL+WH+Treg+TR+Byz	
8	19	14	NKO	χάριτι	chariti	G5485	N-DSF	χάρις	grace	grace	NA28+NA27+Tyn+SBL+WH+Treg+TR+Byz	
8	19	15	NKO	ταύτῃ	tautē	G3778	D-DSF	οὗτος	this/he/she/it	this	NA28+NA27+Tyn+SBL+WH+Treg+TR+Byz	
8	19	16	NKO	τῇ	tēa	G3588	T-DSF	ὁ	the/this/who	that [is]	NA28+NA27+Tyn+SBL+WH+Treg+TR+Byz	
8	19	17	NKO	διακονουμένῃ	diakonoumenē	G1247	V-PPP-DSF	διακονέω	to serve	being administered	NA28+NA27+Tyn+SBL+WH+Treg+TR+Byz	
8	19	18	NKO	ὑφ᾽	huph᾽	G5259G	PREP	ὑπό	by/under	by	NA28+NA27+Tyn+SBL+WH+Treg+TR+Byz	
8	19	19	NKO	ἡμῶν	hēmōn	G3165	P-1GP	ἐγώ	I/we	us	NA28+NA27+Tyn+SBL+WH+Treg+TR+Byz	
8	19	20	NKO	πρὸς	pros	G4314	PREP	πρός	to/with	toward	NA28+NA27+Tyn+SBL+WH+Treg+TR+Byz	
8	19	21	NKO	τὴν	tēn	G3588	T-ASF	ὁ	the/this/who	the	NA28+NA27+Tyn+SBL+WH+Treg+TR+Byz	
8	19	22	NKO	αὐτοῦ	autou	G0846	P-GSM	αὐτός	he/she/it/self	himself	NA28+NA27+SBL+TR+Byz	
8	19	23	NKO	τοῦ	tou	G3588	T-GSM	ὁ	the/this/who	of the	NA28+NA27+Tyn+SBL+WH+Treg+TR+Byz	
8	19	24	NKO	κυρίου	kuriou	G2962G	N-GSM-T	κύριος	lord	Lord	NA28+NA27+Tyn+SBL+WH+Treg+TR+Byz	
8	19	25	NKO	δόξαν	doxan	G1391	N-ASF	δόξα	glory	glory	NA28+NA27+Tyn+SBL+WH+Treg+TR+Byz	
8	19	26	NKO	καὶ	kai	G2532	CONJ	καί	and	and	NA28+NA27+Tyn+SBL+WH+Treg+TR+Byz	
8	19	27	NKO	προθυμίαν	prothumian	G4288	N-ASF	προθυμία	eagerness	readiness	NA28+NA27+Tyn+SBL+WH+Treg+TR+Byz	
8	19	28	N(K)O	ἡμῶν.	hēmōn	G3165	P-1GP	ἐγώ	I/we	of us.	NA28+NA27+Tyn+SBL+WH+Treg+Byz	
8	20	1	NKO	στελλόμενοι	stellomenoi	G4724	V-PMP-NPM	στέλλω	to avoid	avoiding	NA28+NA27+Tyn+SBL+WH+Treg+TR+Byz	
8	20	2	NKO	τοῦτο,	touto	G3778	D-ASN	οὗτος	this/he/she/it	this,	NA28+NA27+Tyn+SBL+WH+Treg+TR+Byz	
8	20	3	NKO	μή	mē	G3361	PRT-N	μή	not	lest	NA28+NA27+Tyn+SBL+WH+Treg+TR+Byz	
8	20	4	NKO	τις	tis	G5100	X-NSM	τις	one	anyone	NA28+NA27+Tyn+SBL+WH+Treg+TR+Byz	
8	20	5	NKO	ἡμᾶς	hēmas	G3165	P-1AP	ἐγώ	I/we	us	NA28+NA27+Tyn+SBL+WH+Treg+TR+Byz	
8	20	6	NKO	μωμήσηται	mōmēsētai	G3469	V-ADS-3S	μωμάομαι	to blame	may blame	NA28+NA27+Tyn+SBL+WH+Treg+TR+Byz	
8	20	7	NKO	ἐν	en	G1722	PREP	ἐν	in/on/among	in	NA28+NA27+Tyn+SBL+WH+Treg+TR+Byz	
8	20	8	NKO	τῇ	tēa	G3588	T-DSF	ὁ	the/this/who	<the>	NA28+NA27+Tyn+SBL+WH+Treg+TR+Byz	
8	20	9	NKO	ἁδρότητι	hadrotēti	G0100	N-DSF	ἁδρότης	abundance	abundance	NA28+NA27+Tyn+SBL+WH+Treg+TR+Byz	
8	20	10	NKO	ταύτῃ	tautē	G3778	D-DSF	οὗτος	this/he/she/it	this	NA28+NA27+Tyn+SBL+WH+Treg+TR+Byz	
8	20	11	NKO	τῇ	tēa	G3588	T-DSF	ὁ	the/this/who	which	NA28+NA27+Tyn+SBL+WH+Treg+TR+Byz	
8	20	12	NKO	διακονουμένῃ	diakonoumenē	G1247	V-PPP-DSF	διακονέω	to serve	is being administered	NA28+NA27+Tyn+SBL+WH+Treg+TR+Byz	
8	20	13	NKO	ὑφ᾽	huph᾽	G5259G	PREP	ὑπό	by/under	by	NA28+NA27+Tyn+SBL+WH+Treg+TR+Byz	
8	20	14	NKO	ἡμῶν·	hēmōn	G3165	P-1GP	ἐγώ	I/we	us;	NA28+NA27+Tyn+SBL+WH+Treg+TR+Byz	
8	21	1	N(k)O	προνοοῦμεν	pronooumen	G4306	V-PAI-1P	προνοέω	to care for	We plan	NA28+NA27+Tyn+SBL+WH+Treg	
8	21	2	no	γὰρ	gar	G1063	CONJ	γάρ	for	for	NA28+NA27+Tyn+SBL+WH+Treg	
8	21	3	NKO	καλὰ	kala	G2570G	A-APN	καλός	good	what is right	NA28+NA27+Tyn+SBL+WH+Treg+TR+Byz	
8	21	4	NKO	οὐ	ou	G3756	PRT-N	οὐ	no	not	NA28+NA27+Tyn+SBL+WH+Treg+TR+Byz	
8	21	5	NKO	μόνον	monon	G3441	A-ASN	μόνος	alone	only	NA28+NA27+Tyn+SBL+WH+Treg+TR+Byz	
8	21	6	NKO	ἐνώπιον	enōpion	G1799	PREP	ἐνώπιον	before	before	NA28+NA27+Tyn+SBL+WH+Treg+TR+Byz	
8	21	7	NKO	κυρίου	kuriou	G2962G	N-GSM-T	κύριος	lord	[the] Lord	NA28+NA27+Tyn+SBL+WH+Treg+TR+Byz	
8	21	8	NKO	ἀλλὰ	alla	G0235	CONJ	ἀλλά	but	but	NA28+NA27+Tyn+SBL+WH+Treg+TR+Byz	
8	21	9	NKO	καὶ	kai	G2532	CONJ	καί	and	also	NA28+NA27+Tyn+SBL+WH+Treg+TR+Byz	
8	21	10	NKO	ἐνώπιον	enōpion	G1799	PREP	ἐνώπιον	before	before	NA28+NA27+Tyn+SBL+WH+Treg+TR+Byz	
8	21	11	NKO	ἀνθρώπων.	anthrōpōn	G0444	N-GPM	ἄνθρωπος	a human	men.	NA28+NA27+Tyn+SBL+WH+Treg+TR+Byz	
8	22	1	NKO	συνεπέμψαμεν	sunepempsamen	G4842	V-AAI-1P	συμπέμπω	to send with	We sent	NA28+NA27+Tyn+SBL+WH+Treg+TR+Byz	
8	22	2	NKO	δὲ	de	G1161	CONJ	δέ	but/and	now	NA28+NA27+Tyn+SBL+WH+Treg+TR+Byz	
8	22	3	NKO	αὐτοῖς	autois	G0846	P-DPM	αὐτός	he/she/it/self	to them	NA28+NA27+Tyn+SBL+WH+Treg+TR+Byz	
8	22	4	NKO	τὸν	ton	G3588	T-ASM	ὁ	the/this/who	the	NA28+NA27+Tyn+SBL+WH+Treg+TR+Byz	
8	22	5	NKO	ἀδελφὸν	adelphon	G0080	N-ASM	ἀδελφός	brother	brother	NA28+NA27+Tyn+SBL+WH+Treg+TR+Byz	
8	22	6	NKO	ἡμῶν,	hēmōn	G3165	P-1GP	ἐγώ	I/we	of us,	NA28+NA27+Tyn+SBL+WH+Treg+TR+Byz	
8	22	7	NKO	ὃν	hon	G3739	R-ASM	ὅς, ἥ	which	whom	NA28+NA27+Tyn+SBL+WH+Treg+TR+Byz	
8	22	8	NKO	ἐδοκιμάσαμεν	edokimasamen	G1381	V-AAI-1P	δοκιμάζω	to test	we have proven	NA28+NA27+Tyn+SBL+WH+Treg+TR+Byz	
8	22	9	NKO	ἐν	en	G1722	PREP	ἐν	in/on/among	in	NA28+NA27+Tyn+SBL+WH+Treg+TR+Byz	
8	22	10	NKO	πολλοῖς	pollois	G4183	A-DPN	πολύς	much	many things	NA28+NA27+Tyn+SBL+WH+Treg+TR+Byz	
8	22	11	NKO	πολλάκις	pollakis	G4178	ADV	πολλάκις	often	often	NA28+NA27+Tyn+SBL+WH+Treg+TR+Byz	
8	22	12	NKO	σπουδαῖον	spoudaion	G4705	A-ASM	σπουδαῖος	eager	earnest	NA28+NA27+Tyn+SBL+WH+Treg+TR+Byz	
8	22	13	NKO	ὄντα,	onta	G1510	V-PAP-ASM	εἰμί	to be	to be,	NA28+NA27+Tyn+SBL+WH+Treg+TR+Byz	
8	22	14	NKO	νυνὶ	nuni	G3570	ADV	νυνί	now	now	NA28+NA27+Tyn+SBL+WH+Treg+TR+Byz	
8	22	15	NKO	δὲ	de	G1161	CONJ	δέ	but/and	however	NA28+NA27+Tyn+SBL+WH+Treg+TR+Byz	
8	22	16	NKO	πολὺ	polu	G4183	A-ASN	πολύς	much	much	NA28+NA27+Tyn+SBL+WH+Treg+TR+Byz	
8	22	17	NKO	σπουδαιότερον	spoudaioteron	G4705	A-ASM-C	σπουδαῖος	eager	earnest	NA28+NA27+Tyn+SBL+WH+Treg+TR+Byz	
8	22	18	NKO	πεποιθήσει	pepoithēsei	G4006	N-DSF	πεποίθησις	confidence	by [his] confidence	NA28+NA27+Tyn+SBL+WH+Treg+TR+Byz	
8	22	19	NKO	πολλῇ	pollēa	G4183	A-DSF	πολύς	much	more	NA28+NA27+Tyn+SBL+WH+Treg+TR+Byz	
8	22	20	NKO	τῇ	tēa	G3588	T-DSF	ὁ	the/this/who	which [is]	NA28+NA27+Tyn+SBL+WH+Treg+TR+Byz	
8	22	21	NKO	εἰς	eis	G1519	PREP	εἰς	toward	in	NA28+NA27+Tyn+SBL+WH+Treg+TR+Byz	
8	22	22	NKO	ὑμᾶς.	humas	G4771	P-2AP	σύ	you	you.	NA28+NA27+Tyn+SBL+WH+Treg+TR+Byz	
8	23	1	NKO	εἴτε	eite	G1535	COND	εἴτε	whether	Whether	NA28+NA27+Tyn+SBL+WH+Treg+TR+Byz	
8	23	2	NKO	ὑπὲρ	huper	G5228	PREP	ὑπέρ	above/for	as regards	NA28+NA27+Tyn+SBL+WH+Treg+TR+Byz	
8	23	3	NKO	Τίτου,	Titou	G5103	N-GSM-P	Τίτος	Titus	Titus,	NA28+NA27+Tyn+SBL+WH+Treg+TR+Byz	
8	23	4	NKO	κοινωνὸς	koinōnos	G2844	N-NSM	κοινωνός	participant	[he is] partner	NA28+NA27+Tyn+SBL+WH+Treg+TR+Byz	
8	23	5	NKO	ἐμὸς	emos	G1473	S-1SNSM	ἐμός	my	of mine	NA28+NA27+Tyn+SBL+WH+Treg+TR+Byz	
8	23	6	NKO	καὶ	kai	G2532	CONJ	καί	and	and	NA28+NA27+Tyn+SBL+WH+Treg+TR+Byz	
8	23	7	NKO	εἰς	eis	G1519	PREP	εἰς	toward	for	NA28+NA27+Tyn+SBL+WH+Treg+TR+Byz	
8	23	8	NKO	ὑμᾶς	humas	G4771	P-2AP	σύ	you	you	NA28+NA27+Tyn+SBL+WH+Treg+TR+Byz	
8	23	9	NKO	συνεργός·	sunergos	G4904	A-NSM	συνεργός	co-worker	a fellow worker;	NA28+NA27+Tyn+SBL+WH+Treg+TR+Byz	
8	23	10	NKO	εἴτε	eite	G1535	COND	εἴτε	whether	or	NA28+NA27+Tyn+SBL+WH+Treg+TR+Byz	
8	23	11	NKO	ἀδελφοὶ	adelphoi	G0080	N-NPM	ἀδελφός	brother	brothers	NA28+NA27+Tyn+SBL+WH+Treg+TR+Byz	
8	23	12	NKO	ἡμῶν,	hēmōn	G3165	P-1GP	ἐγώ	I/we	our,	NA28+NA27+Tyn+SBL+WH+Treg+TR+Byz	
8	23	13	NKO	ἀπόστολοι	apostoloi	G0652	N-NPM	ἀπόστολος	apostle	[they are] apostles	NA28+NA27+Tyn+SBL+WH+Treg+TR+Byz	
8	23	14	NKO	ἐκκλησιῶν,	ekklēsiōn	G1577	N-GPF	ἐκκλησία	assembly	of [the] churches,	NA28+NA27+Tyn+SBL+WH+Treg+TR+Byz	
8	23	15	NKO	δόξα	doxa	G1391	N-NSF	δόξα	glory	[the] glory	NA28+NA27+Tyn+SBL+WH+Treg+TR+Byz	
8	23	16	NKO	Χριστοῦ.	Christou	G5547	N-GSM-T	Χριστός	Christ	of Christ.	NA28+NA27+Tyn+SBL+WH+Treg+TR+Byz	
8	24	1	NKO	τὴν	tēn	G3588	T-ASF	ὁ	the/this/who	<the>	NA28+NA27+Tyn+SBL+WH+Treg+TR+Byz	
8	24	2	NKO	οὖν	oun	G3767	CONJ	οὖν	therefore/then	Therefore	NA28+NA27+Tyn+SBL+WH+Treg+TR+Byz	
8	24	3	NKO	ἔνδειξιν	endeixin	G1732	N-ASF	ἔνδειξις	demonstration	the proof	NA28+NA27+Tyn+SBL+WH+Treg+TR+Byz	
8	24	4	NKO	τῆς	tēs	G3588	T-GSF	ὁ	the/this/who	of the	NA28+NA27+Tyn+SBL+WH+Treg+TR+Byz	
8	24	5	NKO	ἀγάπης	agapēs	G0026	N-GSF	ἀγάπη	love	love	NA28+NA27+Tyn+SBL+WH+Treg+TR+Byz	
8	24	6	NKO	ὑμῶν	humōn	G4771	P-2GP	σύ	you	of you	NA28+NA27+Tyn+SBL+WH+Treg+TR+Byz	
8	24	7	NKO	καὶ	kai	G2532	CONJ	καί	and	and	NA28+NA27+Tyn+SBL+WH+Treg+TR+Byz	
8	24	8	NKO	ἡμῶν	hēmōn	G3165	P-1GP	ἐγώ	I/we	of our	NA28+NA27+Tyn+SBL+WH+Treg+TR+Byz	
8	24	9	NKO	καυχήσεως	kauchēseōs	G2746	N-GSF	καύχησις	pride	boasting	NA28+NA27+Tyn+SBL+WH+Treg+TR+Byz	
8	24	10	NKO	ὑπὲρ	huper	G5228	PREP	ὑπέρ	above/for	about	NA28+NA27+Tyn+SBL+WH+Treg+TR+Byz	
8	24	11	NKO	ὑμῶν	humōn	G4771	P-2GP	σύ	you	you	NA28+NA27+Tyn+SBL+WH+Treg+TR+Byz	
8	24	12	NKO	εἰς	eis	G1519	PREP	εἰς	toward	to	NA28+NA27+Tyn+SBL+WH+Treg+TR+Byz	
8	24	13	NKO	αὐτοὺς	autous	G0846	P-APM	αὐτός	he/she/it/self	them	NA28+NA27+Tyn+SBL+WH+Treg+TR+Byz	
8	24	14	N(k)O	ἐνδεικνύμενοι	endeiknumenoi	G1731	V-PMP-NPM	ἐνδείκνυμι	to show	is showing	NA28+NA27+SBL+Treg	
8	24	15	k	καὶ	kai	G2532	CONJ	καί	and	and	TR	
8	24	16	NKO	εἰς	eis	G1519	PREP	εἰς	toward	in	NA28+NA27+Tyn+SBL+WH+Treg+TR+Byz	
8	24	17	NKO	πρόσωπον	prosōpon	G4383	N-ASN	πρόσωπον	face	face	NA28+NA27+Tyn+SBL+WH+Treg+TR+Byz	
8	24	18	NKO	τῶν	tōn	G3588	T-GPF	ὁ	the/this/who	of the	NA28+NA27+Tyn+SBL+WH+Treg+TR+Byz	
8	24	19	NKO	ἐκκλησιῶν.¶	ekklēsiōn	G1577	N-GPF	ἐκκλησία	assembly	churches.	NA28+NA27+Tyn+SBL+WH+Treg+TR+Byz	
9	1	1	NKO	Περὶ	Peri	G4012	PREP	περί	about	Concerning	NA28+NA27+Tyn+SBL+WH+Treg+TR+Byz	
9	1	2	NKO	μὲν	men	G3303	PRT	μέν	on one hand	now	NA28+NA27+Tyn+SBL+WH+Treg+TR+Byz	
9	1	3	NKO	γὰρ	gar	G1063	CONJ	γάρ	for	for	NA28+NA27+Tyn+SBL+WH+Treg+TR+Byz	
9	1	4	NKO	τῆς	tēs	G3588	T-GSF	ὁ	the/this/who	the	NA28+NA27+Tyn+SBL+WH+Treg+TR+Byz	
9	1	5	NKO	διακονίας	diakonias	G1248	N-GSF	διακονία	service	service	NA28+NA27+Tyn+SBL+WH+Treg+TR+Byz	
9	1	6	NKO	τῆς	tēs	G3588	T-GSF	ὁ	the/this/who	<the>	NA28+NA27+Tyn+SBL+WH+Treg+TR+Byz	
9	1	7	NKO	εἰς	eis	G1519	PREP	εἰς	toward	for	NA28+NA27+Tyn+SBL+WH+Treg+TR+Byz	
9	1	8	NKO	τοὺς	tous	G3588	T-APM	ὁ	the/this/who	the	NA28+NA27+Tyn+SBL+WH+Treg+TR+Byz	
9	1	9	NKO	ἁγίους	hagious	G0040H	A-APM	ἅγιος	holy	saints	NA28+NA27+Tyn+SBL+WH+Treg+TR+Byz	
9	1	10	NKO	περισσόν	perisson	G4053	A-NSN	περισσός	excessive/abundant	excessive	NA28+NA27+Tyn+SBL+WH+Treg+TR+Byz	
9	1	11	NKO	μοί	moi	G3165	P-1DS	ἐγώ	I/we	for me	NA28+NA27+Tyn+SBL+WH+Treg+TR+Byz	
9	1	12	NKO	ἐστιν	estin	G1510	V-PAI-3S	εἰμί	to be	it is	NA28+NA27+Tyn+SBL+WH+Treg+TR+Byz	
9	1	13	NKO	τὸ	to	G3588	T-NSN	ὁ	the/this/who	<the>	NA28+NA27+Tyn+SBL+WH+Treg+TR+Byz	
9	1	14	NKO	γράφειν	graphein	G1125	V-PAN	γράφω	to write	to write	NA28+NA27+Tyn+SBL+WH+Treg+TR+Byz	
9	1	15	NKO	ὑμῖν·	humin	G4771	P-2DP	σύ	you	to you;	NA28+NA27+Tyn+SBL+WH+Treg+TR+Byz	
9	2	1	NKO	οἶδα	oida	G6063	V-RAI-1S	εἴδω	to perceive	I know	NA28+NA27+Tyn+SBL+WH+Treg+TR+Byz	
9	2	2	NKO	γὰρ	gar	G1063	CONJ	γάρ	for	for	NA28+NA27+Tyn+SBL+WH+Treg+TR+Byz	
9	2	3	NKO	τὴν	tēn	G3588	T-ASF	ὁ	the/this/who	the	NA28+NA27+Tyn+SBL+WH+Treg+TR+Byz	
9	2	4	NKO	προθυμίαν	prothumian	G4288	N-ASF	προθυμία	eagerness	readiness	NA28+NA27+Tyn+SBL+WH+Treg+TR+Byz	
9	2	5	NKO	ὑμῶν	humōn	G4771	P-2GP	σύ	you	of you	NA28+NA27+Tyn+SBL+WH+Treg+TR+Byz	
9	2	6	NKO	ἣν	hēn	G3739	R-ASF	ὅς, ἥ	which	which	NA28+NA27+Tyn+SBL+WH+Treg+TR+Byz	
9	2	7	NKO	ὑπὲρ	huper	G5228	PREP	ὑπέρ	above/for	concerning	NA28+NA27+Tyn+SBL+WH+Treg+TR+Byz	
9	2	8	NKO	ὑμῶν	humōn	G4771	P-2GP	σύ	you	you	NA28+NA27+Tyn+SBL+WH+Treg+TR+Byz	
9	2	9	NKO	καυχῶμαι	kauchōmai	G2744	V-PNI-1S	καυχάομαι	to boast	I boast of	NA28+NA27+Tyn+SBL+WH+Treg+TR+Byz	
9	2	10	NKO	Μακεδόσιν,	Makedosin	G3110	N-DPM-LG	Μακεδών	Macedonian	to Macedonians,	NA28+NA27+Tyn+SBL+WH+Treg+TR+Byz	
9	2	11	NKO	ὅτι	hoti	G3754G	CONJ	ὅτι	that/since	that	NA28+NA27+Tyn+SBL+WH+Treg+TR+Byz	
9	2	12	NKO	Ἀχαΐα	Achaia	G0882	N-NSF-L	Ἀχαΐα	Achaia	Achaia	NA28+NA27+Tyn+SBL+WH+Treg+TR+Byz	
9	2	13	NKO	παρεσκεύασται	pareskeuastai	G3903	V-RMI-3S	παρασκευάζω	to prepare	has prepared itself	NA28+NA27+Tyn+SBL+WH+Treg+TR+Byz	
9	2	14	NKO	ἀπὸ	apo	G0575	PREP	ἀπό	away from	from	NA28+NA27+Tyn+SBL+WH+Treg+TR+Byz	
9	2	15	NKO	πέρυσι,	perusi	G4070	ADV	πέρυσι	last year	a year ago,	NA28+NA27+Tyn+SBL+WH+Treg+TR+Byz	
9	2	16	NKO	καὶ	kai	G2532	CONJ	καί	and	and	NA28+NA27+Tyn+SBL+WH+Treg+TR+Byz	
9	2	17	N(k)O	τὸ	to	G3588	T-NSN	ὁ	the/this/who	<the>	NA28+NA27+Tyn+SBL+WH+Treg	
9	2	18	k	ἐξ	ex	G1537	PREP	ἐκ	out from	from	TR+Byz	
9	2	19	NKO	ὑμῶν	humōn	G4771	P-2GP	σύ	you	your	NA28+NA27+Tyn+SBL+WH+Treg+TR+Byz	
9	2	20	NKO	ζῆλος	zēlos	G2205	N-NSN	ζῆλος	zeal	zeal	NA28+NA27+Tyn+SBL+WH+Treg+TR+Byz	
9	2	21	NKO	ἠρέθισεν	ērethisen	G2042	V-AAI-3S	ἐρεθίζω	to provoke/irritate	has been provoking	NA28+NA27+Tyn+SBL+WH+Treg+TR+Byz	
9	2	22	NKO	τοὺς	tous	G3588	T-APM	ὁ	the/this/who	the	NA28+NA27+Tyn+SBL+WH+Treg+TR+Byz	
9	2	23	NKO	πλείονας.	pleionas	G4119	A-APM-C	πλείων, πλεῖον	greater	greater number.	NA28+NA27+Tyn+SBL+WH+Treg+TR+Byz	
9	3	1	NKO	ἔπεμψα	epempsa	G3992	V-AAI-1S	πέμπω	to send	I have sent	NA28+NA27+Tyn+SBL+WH+Treg+TR+Byz	
9	3	2	NKO	δὲ	de	G1161	CONJ	δέ	but/and	however	NA28+NA27+Tyn+SBL+WH+Treg+TR+Byz	
9	3	3	NKO	τοὺς	tous	G3588	T-APM	ὁ	the/this/who	the	NA28+NA27+Tyn+SBL+WH+Treg+TR+Byz	
9	3	4	NKO	ἀδελφούς,	adelphous	G0080	N-APM	ἀδελφός	brother	brothers,	NA28+NA27+Tyn+SBL+WH+Treg+TR+Byz	
9	3	5	NKO	ἵνα	ina	G2443	CONJ	ἵνα	in order that/to	that	NA28+NA27+Tyn+SBL+WH+Treg+TR+Byz	
9	3	6	NKO	μὴ	mē	G3361	PRT-N	μή	not	not	NA28+NA27+Tyn+SBL+WH+Treg+TR+Byz	
9	3	7	NKO	τὸ	to	G3588	T-NSN	ὁ	the/this/who	the	NA28+NA27+Tyn+SBL+WH+Treg+TR+Byz	
9	3	8	NKO	καύχημα	kauchēma	G2745	N-NSN	καύχημα	pride	boasting	NA28+NA27+Tyn+SBL+WH+Treg+TR+Byz	
9	3	9	NKO	ἡμῶν	hēmōn	G3165	P-1GP	ἐγώ	I/we	of us	NA28+NA27+Tyn+SBL+WH+Treg+TR+Byz	
9	3	10	NKO	τὸ	to	G3588	T-NSN	ὁ	the/this/who	which [is]	NA28+NA27+Tyn+SBL+WH+Treg+TR+Byz	
9	3	11	NKO	ὑπὲρ	huper	G5228	PREP	ὑπέρ	above/for	about	NA28+NA27+Tyn+SBL+WH+Treg+TR+Byz	
9	3	12	NKO	ὑμῶν	humōn	G4771	P-2GP	σύ	you	you	NA28+NA27+Tyn+SBL+WH+Treg+TR+Byz	
9	3	13	NKO	κενωθῇ	kenōthēa	G2758	V-APS-3S	κενόω	to empty	may be made void	NA28+NA27+Tyn+SBL+WH+Treg+TR+Byz	
9	3	14	NKO	ἐν	en	G1722	PREP	ἐν	in/on/among	in	NA28+NA27+Tyn+SBL+WH+Treg+TR+Byz	
9	3	15	NKO	τῷ	tō	G3588	T-DSN	ὁ	the/this/who	<the>	NA28+NA27+Tyn+SBL+WH+Treg+TR+Byz	
9	3	16	NKO	μέρει	merei	G3313	N-DSN	μέρος	part	matter	NA28+NA27+Tyn+SBL+WH+Treg+TR+Byz	
9	3	17	NKO	τούτῳ,	toutō	G3778	D-DSN	οὗτος	this/he/she/it	this,	NA28+NA27+Tyn+SBL+WH+Treg+TR+Byz	
9	3	18	NKO	ἵνα	ina	G2443	CONJ	ἵνα	in order that/to	that	NA28+NA27+Tyn+SBL+WH+Treg+TR+Byz	
9	3	19	NKO	καθὼς	kathōs	G2531	CONJ	καθώς	as/just as	even as	NA28+NA27+Tyn+SBL+WH+Treg+TR+Byz	
9	3	20	NKO	ἔλεγον	elegon	G3004G	V-IAI-1S	λέγω	to speak	I was saying	NA28+NA27+Tyn+SBL+WH+Treg+TR+Byz	
9	3	21	NKO	παρεσκευασμένοι	pareskeuasmenoi	G3903	V-RMP-NPM	παρασκευάζω	to prepare	having prepared yourselves	NA28+NA27+Tyn+SBL+WH+Treg+TR+Byz	
9	3	22	NKO	ἦτε,	ēte	G1510	V-PAS-2P	εἰμί	to be	you may be,	NA28+NA27+Tyn+SBL+WH+Treg+TR+Byz	
9	4	1	NKO	μή	mē	G3361	PRT-N	μή	not	lest	NA28+NA27+Tyn+SBL+WH+Treg+TR»1+Byz	
9	4	2	NKO	πως	pōs	G4458	PRT	πως	how	perhaps	NA28+NA27+Tyn+SBL+WH+Treg+TR+Byz	
9	4	3	NKO	ἐὰν	ean	G1437	COND	ἐάν	if	maybe	NA28+NA27+Tyn+SBL+WH+Treg+TR+Byz	
9	4	4	NKO	ἔλθωσιν	elthōsin	G2064	V-2AAS-3P	ἔρχομαι	to come/go	shall come	NA28+NA27+Tyn+SBL+WH+Treg+TR+Byz	
9	4	5	NKO	σὺν	sun	G4862	PREP	σύν	with	with	NA28+NA27+Tyn+SBL+WH+Treg+TR+Byz	
9	4	6	NKO	ἐμοὶ	emoi	G1473	P-1DS	ἐγώ	I/we	me myself	NA28+NA27+Tyn+SBL+WH+Treg+TR+Byz	
9	4	7	NKO	Μακεδόνες	Makedones	G3110	N-NPM-LG	Μακεδών	Macedonian	Macedonians	NA28+NA27+Tyn+SBL+WH+Treg+TR+Byz	
9	4	8	NKO	καὶ	kai	G2532	CONJ	καί	and	and	NA28+NA27+Tyn+SBL+WH+Treg+TR+Byz	
9	4	9	NKO	εὕρωσιν	heurōsin	G2147	V-2AAS-3P	εὑρίσκω	to find/meet	shall find	NA28+NA27+Tyn+SBL+WH+Treg+TR+Byz	
9	4	10	NKO	ὑμᾶς	humas	G4771	P-2AP	σύ	you	you	NA28+NA27+Tyn+SBL+WH+Treg+TR+Byz	
9	4	11	NKO	ἀπαρασκευάστους,	aparaskeuastous	G0532	A-APM	ἀπαρασκεύαστος	unprepared	unprepared,	NA28+NA27+Tyn+SBL+WH+Treg+TR+Byz	
9	4	12	NKO	καταισχυνθῶμεν	kataischunthōmen	G2617	V-APS-1P	καταισχύνω	to dishonor	shall be put to shame	NA28+NA27+Tyn+SBL+WH+Treg+TR+Byz	
9	4	13	NKO	ἡμεῖς,	hēmeis	G3165	P-1NP	ἐγώ	I/we	we ourselves —	NA28+NA27+Tyn+SBL+WH+Treg+TR+Byz	
9	4	14	NKO	ἵνα	ina	G2443	CONJ	ἵνα	in order that/to	that	NA28+NA27+Tyn+SBL+WH+Treg+TR+Byz	
9	4	15	NKO	μὴ	mē	G3361	PRT-N	μή	not	not	NA28+NA27+Tyn+SBL+WH+Treg+TR+Byz	
9	4	16	N(k)O	λέγω	legō	G3004G	V-PAS-1S	λέγω	to speak	I may say	NA28+NA27	
9	4	17	NKO	ὑμεῖς,	humeis	G4771	P-2NP	σύ	you	you yourselves —	NA28+NA27+Tyn+SBL+WH+Treg+TR+Byz	
9	4	18	NKO	ἐν	en	G1722	PREP	ἐν	in/on/among	in	NA28+NA27+Tyn+SBL+WH+Treg+TR+Byz	
9	4	19	NKO	τῇ	tēa	G3588	T-DSF	ὁ	the/this/who	<the>	NA28+NA27+Tyn+SBL+WH+Treg+TR+Byz	
9	4	20	NKO	ὑποστάσει	hupostasei	G5287	N-DSF	ὑπόστασις	confidence/essence	confidence	NA28+NA27+Tyn+SBL+WH+Treg+TR+Byz	
9	4	21	NKO	ταύτῃ	tautē	G3778	D-DSF	οὗτος	this/he/she/it	this	NA28+NA27+Tyn+SBL+WH+Treg+TR+Byz	
9	4	22	K	τῆς	tēs	G3588	T-GSF	ὁ	the/this/who	<the>	TR+Byz	
9	4	23	K	καυχήσεως.	kauchēseōs	G2746	N-GSF	καύχησις	pride	of boasting.	TR+Byz	
9	5	1	NKO	ἀναγκαῖον	anagkaion	G0316	A-NSN	ἀναγκαῖος	necessary	Necessary	NA28+NA27+Tyn+SBL+WH+Treg+TR+Byz	
9	5	2	NKO	οὖν	oun	G3767	CONJ	οὖν	therefore/then	therefore	NA28+NA27+Tyn+SBL+WH+Treg+TR+Byz	
9	5	3	NKO	ἡγησάμην	hēgēsamēn	G2233	V-ADI-1S	ἡγέομαι	to govern	I esteemed [it]	NA28+NA27+Tyn+SBL+WH+Treg+TR+Byz	
9	5	4	NKO	παρακαλέσαι	parakalesai	G3870	V-AAN	παρακαλέω	to plead/comfort	to exhort	NA28+NA27+Tyn+SBL+WH+Treg+TR+Byz	
9	5	5	NKO	τοὺς	tous	G3588	T-APM	ὁ	the/this/who	the	NA28+NA27+Tyn+SBL+WH+Treg+TR+Byz	
9	5	6	NKO	ἀδελφούς,	adelphous	G0080	N-APM	ἀδελφός	brother	brothers	NA28+NA27+Tyn+SBL+WH+Treg+TR+Byz	
9	5	7	NKO	ἵνα	ina	G2443	CONJ	ἵνα	in order that/to	that	NA28+NA27+Tyn+SBL+WH+Treg+TR+Byz	
9	5	8	NKO	προέλθωσιν	proelthōsin	G4281	V-2AAS-3P	προέρχομαι	to go before	they may go before	NA28+NA27+Tyn+SBL+WH+Treg+TR+Byz	
9	5	9	NK(o)	εἰς	eis	G1519	PREP	εἰς	toward	into	NA28+NA27+Tyn+SBL+WH+TR+Byz	
9	5	10	NKO	ὑμᾶς	humas	G4771	P-2AP	σύ	you	you	NA28+NA27+Tyn+SBL+WH+Treg+TR+Byz	
9	5	11	NKO	καὶ	kai	G2532	CONJ	καί	and	and	NA28+NA27+Tyn+SBL+WH+Treg+TR+Byz	
9	5	12	NKO	προκαταρτίσωσιν	prokatartisōsin	G4294	V-AAS-3P	προκαταρτίζω	to arrange	may complete beforehand	NA28+NA27+Tyn+SBL+WH+Treg+TR+Byz	
9	5	13	NKO	τὴν	tēn	G3588	T-ASF	ὁ	the/this/who	the	NA28+NA27+Tyn+SBL+WH+Treg+TR+Byz	
9	5	14	N(K)O	προεπηγγελμένην	proepēngelmenēn	G4279	V-RNP-ASF	προεπαγγέλλω	to promise	having pre-promised	NA28+NA27+Tyn+SBL+WH+Treg	
9	5	15	NKO	εὐλογίαν	eulogian	G2129	N-ASF	εὐλογία	praise	blessing	NA28+NA27+Tyn+SBL+WH+Treg+TR+Byz	
9	5	16	NKO	ὑμῶν	humōn	G4771	P-2GP	σύ	you	of you	NA28+NA27+Tyn+SBL+WH+Treg+TR+Byz	
9	5	17	NKO	ταύτην	tautēn	G3778	D-ASF	οὗτος	this/he/she/it	this	NA28+NA27+Tyn+SBL+WH+Treg+TR+Byz	
9	5	18	NKO	ἑτοίμην	hetoimēn	G2092	A-ASF	ἕτοιμος	ready	ready	NA28+NA27+Tyn+SBL+WH+Treg+TR+Byz	
9	5	19	NKO	εἶναι,	einai	G1511	V-PAN	εἰμί	to be	to be	NA28+NA27+Tyn+SBL+WH+Treg+TR+Byz	
9	5	20	NKO	οὕτως	houtōs	G3779	ADV	οὕτω, οὕτως	thus(-ly)	thus	NA28+NA27+Tyn+SBL+WH+Treg+TR+Byz	
9	5	21	NKO	ὡς	hōs	G5613	PRT	ὡς	which/how	as	NA28+NA27+Tyn+SBL+WH+Treg+TR+Byz	
9	5	22	NKO	εὐλογίαν	eulogian	G2129	N-ASF	εὐλογία	praise	a blessing	NA28+NA27+Tyn+SBL+WH+Treg+TR+Byz	
9	5	23	NKO	καὶ	kai	G2532	CONJ	καί	and	and	NA28+NA27+Tyn+SBL+WH+Treg+TR+Byz	
9	5	24	NKO	μὴ	mē	G3361	PRT-N	μή	not	not	NA28+NA27+Tyn+SBL+WH+Treg+TR+Byz	
9	5	25	N(k)O	ὡς	hōs	G5613	PRT	ὡς	which/how	as	NA28+NA27+Tyn+SBL+WH+Treg+Byz	
9	5	26	NKO	πλεονεξίαν.	pleonexian	G4124	N-ASF	πλεονεξία	greediness	covetousness.	NA28+NA27+Tyn+SBL+WH+Treg+TR+Byz	
9	6	1	NKO	τοῦτο	touto	G3778	D-ASN	οὗτος	this/he/she/it	This	NA28+NA27+Tyn+SBL+WH+Treg+TR+Byz	
9	6	2	NKO	δέ,	de	G1161	CONJ	δέ	but/and	now:	NA28+NA27+Tyn+SBL+WH+Treg+TR+Byz	
9	6	3	NKO	ὁ	ho	G3588	T-NSM	ὁ	the/this/who	The [one]	NA28+NA27+Tyn+SBL+WH+Treg+TR+Byz	
9	6	4	NKO	σπείρων	speirōn	G4687	V-PAP-NSM	σπείρω	to sow	sowing	NA28+NA27+Tyn+SBL+WH+Treg+TR+Byz	
9	6	5	NKO	φειδομένως	pheidomenōs	G5340	ADV	φειδομένως	sparingly	sparingly	NA28+NA27+Tyn+SBL+WH+Treg+TR+Byz	
9	6	6	NKO	φειδομένως	pheidomenōs	G5340	ADV	φειδομένως	sparingly	sparingly	NA28+NA27+Tyn+SBL+WH+Treg+TR+Byz	
9	6	7	NKO	καὶ	kai	G2532	CONJ	καί	and	also	NA28+NA27+Tyn+SBL+WH+Treg+TR+Byz	
9	6	8	NKO	θερίσει,	therisei	G2325	V-FAI-3S	θερίζω	to reap	will reap,	NA28+NA27+Tyn+SBL+WH+Treg+TR+Byz	
9	6	9	NKO	καὶ	kai	G2532	CONJ	καί	and	and	NA28+NA27+Tyn+SBL+WH+Treg+TR+Byz	
9	6	10	NKO	ὁ	ho	G3588	T-NSM	ὁ	the/this/who	the [one]	NA28+NA27+Tyn+SBL+WH+Treg+TR+Byz	
9	6	11	NKO	σπείρων	speirōn	G4687	V-PAP-NSM	σπείρω	to sow	sowing	NA28+NA27+Tyn+SBL+WH+Treg+TR+Byz	
9	6	12	NKO	ἐπ᾽	ep᾽	G1909	PREP	ἐπί	upon/to/against	upon	NA28+NA27+Tyn+SBL+WH+Treg+TR+Byz	
9	6	13	NKO	εὐλογίαις	eulogiais	G2129	N-DPF	εὐλογία	praise	blessings	NA28+NA27+Tyn+SBL+WH+Treg+TR+Byz	
9	6	14	NKO	ἐπ᾽	ep᾽	G1909	PREP	ἐπί	upon/to/against	upon	NA28+NA27+Tyn+SBL+WH+Treg+TR+Byz	
9	6	15	NKO	εὐλογίαις	eulogiais	G2129	N-DPF	εὐλογία	praise	blessings	NA28+NA27+Tyn+SBL+WH+Treg+TR+Byz	
9	6	16	NKO	καὶ	kai	G2532	CONJ	καί	and	also	NA28+NA27+Tyn+SBL+WH+Treg+TR+Byz	
9	6	17	NKO	θερίσει.	therisei	G2325	V-FAI-3S	θερίζω	to reap	will reap.	NA28+NA27+Tyn+SBL+WH+Treg+TR+Byz	
9	7	1	NKO	ἕκαστος	hekastos	G1538	A-NSM	ἕκαστος	each	each	NA28+NA27+Tyn+SBL+WH+Treg+TR+Byz	
9	7	2	NKO	καθὼς	kathōs	G2531	CONJ	καθώς	as/just as	even as	NA28+NA27+Tyn+SBL+WH+Treg+TR+Byz	
9	7	3	N(k)O	προῄρηται	proērētai	G4255	V-RMI-3S	προαιρέω	to predetermine	he himself has purposed	NA28+NA27+Tyn+SBL+WH+Treg	
9	7	4	NKO	τῇ	tēa	G3588	T-DSF	ὁ	the/this/who	in the	NA28+NA27+Tyn+SBL+WH+Treg+TR+Byz	
9	7	5	NKO	καρδίᾳ,	kardia	G2588	N-DSF	καρδία	heart	heart,	NA28+NA27+Tyn+SBL+WH+Treg+TR+Byz	
9	7	6	NKO	μὴ	mē	G3361	PRT-N	μή	not	not	NA28+NA27+Tyn+SBL+WH+Treg+TR+Byz	
9	7	7	NKO	ἐκ	ek	G1537	PREP	ἐκ	out from	out of	NA28+NA27+Tyn+SBL+WH+Treg+TR+Byz	
9	7	8	NKO	λύπης	lupēs	G3077	N-GSF	λύπη	grief	regret	NA28+NA27+Tyn+SBL+WH+Treg+TR+Byz	
9	7	9	NKO	ἢ	ē	G2228	CONJ	ἤ	or/than	or	NA28+NA27+Tyn+SBL+WH+Treg+TR+Byz	
9	7	10	NKO	ἐξ	ex	G1537	PREP	ἐκ	out from	of	NA28+NA27+Tyn+SBL+WH+Treg+TR+Byz	
9	7	11	NKO	ἀνάγκης·	anagkēs	G0318	N-GSF	ἀνάγκη	necessity	necessity;	NA28+NA27+Tyn+SBL+WH+Treg+TR+Byz	
9	7	12	NKO	ἱλαρὸν	hilaron	G2431	A-ASM	ἱλαρός	cheerful	a cheerful	NA28+NA27+Tyn+SBL+WH+Treg+TR+Byz	
9	7	13	NKO	γὰρ	gar	G1063	CONJ	γάρ	for	for	NA28+NA27+Tyn+SBL+WH+Treg+TR+Byz	
9	7	14	NKO	δότην	dotēn	G1395	N-ASM	δότης	giver	giver	NA28+NA27+Tyn+SBL+WH+Treg+TR+Byz	
9	7	15	NKO	ἀγαπᾷ	agapa	G0025	V-PAI-3S	ἀγαπάω	to love	loves	NA28+NA27+Tyn+SBL+WH+Treg+TR+Byz	
9	7	16	NKO	ὁ	ho	G3588	T-NSM	ὁ	the/this/who	<the>	NA28+NA27+Tyn+SBL+WH+Treg+TR+Byz	
9	7	17	NKO	θεός.¶	theos	G2316	N-NSM-T	θεός	God	God.	NA28+NA27+Tyn+SBL+WH+Treg+TR+Byz	
9	8	1	N(k)O	Δυνατεῖ	Dunatei	G1414	V-PAI-3S	δυνατέω	be able	is able	NA28+NA27+Tyn+SBL+WH+Treg	
9	8	2	NKO	δὲ	de	G1161	CONJ	δέ	but/and	now	NA28+NA27+Tyn+SBL+WH+Treg+TR+Byz	
9	8	3	NKO	ὁ	ho	G3588	T-NSM	ὁ	the/this/who	<the>	NA28+NA27+Tyn+SBL+WH+Treg+TR+Byz	
9	8	4	NKO	θεὸς	theos	G2316	N-NSM-T	θεός	God	God	NA28+NA27+Tyn+SBL+WH+Treg+TR+Byz	
9	8	5	NKO	πᾶσαν	pasan	G3956	A-ASF	πᾶς	all	all	NA28+NA27+Tyn+SBL+WH+Treg+TR+Byz	
9	8	6	NKO	χάριν	charin	G5485	N-ASF	χάρις	grace	grace	NA28+NA27+Tyn+SBL+WH+Treg+TR+Byz	
9	8	7	NKO	περισσεῦσαι	perisseusai	G4052	V-AAN	περισσεύω	to abound/exceed	to make abound	NA28+NA27+Tyn+SBL+WH+Treg+TR+Byz	
9	8	8	NKO	εἰς	eis	G1519	PREP	εἰς	toward	to	NA28+NA27+Tyn+SBL+WH+Treg+TR+Byz	
9	8	9	NKO	ὑμᾶς,	humas	G4771	P-2AP	σύ	you	you,	NA28+NA27+Tyn+SBL+WH+Treg+TR+Byz	
9	8	10	NKO	ἵνα	ina	G2443	CONJ	ἵνα	in order that/to	so that	NA28+NA27+Tyn+SBL+WH+Treg+TR+Byz	
9	8	11	NKO	ἐν	en	G1722	PREP	ἐν	in/on/among	in	NA28+NA27+Tyn+SBL+WH+Treg+TR+Byz	
9	8	12	NKO	παντὶ	panti	G3956	A-DSN	πᾶς	all	every [way]	NA28+NA27+Tyn+SBL+WH+Treg+TR+Byz	
9	8	13	NKO	πάντοτε	pantote	G3842	ADV	πάντοτε	always	always	NA28+NA27+Tyn+SBL+WH+Treg+TR+Byz	
9	8	14	NKO	πᾶσαν	pasan	G3956	A-ASF	πᾶς	all	all	NA28+NA27+Tyn+SBL+WH+Treg+TR+Byz	
9	8	15	NKO	αὐτάρκειαν	autarkeian	G0841	N-ASF	αὐτάρκεια	self-sufficiency	sufficiency	NA28+NA27+Tyn+SBL+WH+Treg+TR+Byz	
9	8	16	NKO	ἔχοντες	echontes	G2192	V-PAP-NPM	ἔχω	to have/be	having	NA28+NA27+Tyn+SBL+WH+Treg+TR+Byz	
9	8	17	NKO	περισσεύητε	perisseuēte	G4052	V-PAS-2P	περισσεύω	to abound/exceed	you may abound	NA28+NA27+Tyn+SBL+WH+Treg+TR+Byz	
9	8	18	NKO	εἰς	eis	G1519	PREP	εἰς	toward	in	NA28+NA27+Tyn+SBL+WH+Treg+TR+Byz	
9	8	19	NKO	πᾶν	pan	G3956	A-ASN	πᾶς	all	every	NA28+NA27+Tyn+SBL+WH+Treg+TR+Byz	
9	8	20	NKO	ἔργον	ergon	G2041	N-ASN	ἔργον	work	work	NA28+NA27+Tyn+SBL+WH+Treg+TR+Byz	
9	8	21	NKO	ἀγαθὸν	agathon	G0018	A-ASN	ἀγαθός	good-doer	good	NA28+NA27+Tyn+SBL+WH+Treg+TR+Byz	
9	9	1	NKO	καθὼς	kathōs	G2531	CONJ	καθώς	as/just as	Even as	NA28+NA27+Tyn+SBL+WH+Treg+TR+Byz	
9	9	2	NKO	γέγραπται·	gegraptai	G1125	V-RPI-3S	γράφω	to write	it has been written:	NA28+NA27+Tyn+SBL+WH+Treg+TR+Byz	
9	9	3	NKO	ἐσκόρπισεν,	eskorpisen	G4650	V-AAI-3S	σκορπίζω	to scatter	He has scattered abroad,	NA28+NA27+Tyn+SBL+WH+Treg+TR+Byz	
9	9	4	NKO	ἔδωκεν	edōken	G1325	V-AAI-3S	δίδωμι	to give	He has given	NA28+NA27+Tyn+SBL+WH+Treg+TR+Byz	
9	9	5	NKO	τοῖς	tois	G3588	T-DPM	ὁ	the/this/who	to the	NA28+NA27+Tyn+SBL+WH+Treg+TR+Byz	
9	9	6	NKO	πένησιν,	penēsin	G3993	N-DPM	πένης	poor	poor,	NA28+NA27+Tyn+SBL+WH+Treg+TR+Byz	
9	9	7	NKO	ἡ	hē	G3588	T-NSF	ὁ	the/this/who	the	NA28+NA27+Tyn+SBL+WH+Treg+TR+Byz	
9	9	8	NKO	δικαιοσύνη	dikaiosunē	G1343	N-NSF	δικαιοσύνη	righteousness	righteousness	NA28+NA27+Tyn+SBL+WH+Treg+TR+Byz	
9	9	9	NKO	αὐτοῦ	autou	G0846	P-GSM	αὐτός	he/she/it/self	of Him	NA28+NA27+Tyn+SBL+WH+Treg+TR+Byz	
9	9	10	NKO	μένει	menei	G3306	V-PAI-3S	μένω	to stay	abides	NA28+NA27+Tyn+SBL+WH+Treg+TR+Byz	
9	9	11	NKO	εἰς	eis	G1519	PREP	εἰς	toward	to	NA28+NA27+Tyn+SBL+WH+Treg+TR+Byz	
9	9	12	NKO	τὸν	ton	G3588	T-ASM	ὁ	the/this/who	the	NA28+NA27+Tyn+SBL+WH+Treg+TR+Byz	
9	9	13	NKO	αἰῶνα.	aiōna	G0165H	N-ASM	αἰών	an age	age.	NA28+NA27+Tyn+SBL+WH+Treg+TR+Byz	
9	10	1	NKO	ὁ	ho	G3588	T-NSM	ὁ	the/this/who	The [One]	NA28+NA27+Tyn+SBL+WH+Treg+TR+Byz	
9	10	2	NKO	δὲ	de	G1161	CONJ	δέ	but/and	now	NA28+NA27+Tyn+SBL+WH+Treg+TR+Byz	
9	10	3	NKO	ἐπιχορηγῶν	epichorēgōn	G2023	V-PAP-NSM	ἐπιχορηγέω	to supply	supplying	NA28+NA27+Tyn+SBL+WH+Treg+TR+Byz	
9	10	4	N(k)O	σπόρον	sporon	G4703	N-ASM	σπόρος	seed	seed	NA28+NA27+SBL+Treg	
9	10	5	NKO	τῷ	tō	G3588	T-DSM	ὁ	the/this/who	to him	NA28+NA27+Tyn+SBL+WH+Treg+TR+Byz	
9	10	6	NKO	σπείροντι	speironti	G4687	V-PAP-DSM	σπείρω	to sow	sowing	NA28+NA27+Tyn+SBL+WH+Treg+TR+Byz	
9	10	7	NKO	καὶ	kai	G2532	CONJ	καί	and	and	NA28+NA27+Tyn+SBL+WH+Treg+TR+Byz	
9	10	8	NKO	ἄρτον	arton	G0740	N-ASM	ἄρτος	bread	bread	NA28+NA27+Tyn+SBL+WH+Treg+TR+Byz	
9	10	9	NKO	εἰς	eis	G1519	PREP	εἰς	toward	for	NA28+NA27+Tyn+SBL+WH+Treg+TR+Byz	
9	10	10	NKO	βρῶσιν	brōsin	G1035	N-ASF	βρῶσις	eating	food	NA28+NA27+Tyn+SBL+WH+Treg+TR+Byz	
9	10	11	N(k)O	χορηγήσει	chorēgēsei	G5524	V-FAI-3S	χορηγέω	to provide	will supply	NA28+NA27+Tyn+SBL+WH+Treg	
9	10	12	NKO	καὶ	kai	G2532	CONJ	καί	and	and	NA28+NA27+Tyn+SBL+WH+Treg+TR+Byz	
9	10	13	N(k)O	πληθυνεῖ	plēthunei	G4129	V-FAI-3S	πληθύνω	to multiply	will multiply	NA28+NA27+Tyn+SBL+WH+Treg	
9	10	14	NKO	τὸν	ton	G3588	T-ASM	ὁ	the/this/who	the	NA28+NA27+Tyn+SBL+WH+Treg+TR+Byz	
9	10	15	NKO	σπόρον	sporon	G4703	N-ASM	σπόρος	seed	seed for sowing	NA28+NA27+Tyn+SBL+WH+Treg+TR+Byz	
9	10	16	NKO	ὑμῶν	humōn	G4771	P-2GP	σύ	you	of you	NA28+NA27+Tyn+SBL+WH+Treg+TR+Byz	
9	10	17	NKO	καὶ	kai	G2532	CONJ	καί	and	and	NA28+NA27+Tyn+SBL+WH+Treg+TR+Byz	
9	10	18	N(k)O	αὐξήσει	auxēsei	G0837	V-FAI-3S	αὐξάνω	to grow	will increase	NA28+NA27+Tyn+SBL+WH+Treg	
9	10	19	NKO	τὰ	ta	G3588	T-APN	ὁ	the/this/who	the	NA28+NA27+Tyn+SBL+WH+Treg+TR+Byz	
9	10	20	N(k)O	γενήματα	genēmata	G6013	N-APN	γένημα	produce	fruits	NA28+NA27+Tyn+SBL+WH+Treg+Byz	
9	10	21	NKO	τῆς	tēs	G3588	T-GSF	ὁ	the/this/who	of the	NA28+NA27+Tyn+SBL+WH+Treg+TR+Byz	
9	10	22	NKO	δικαιοσύνης	dikaiosunēs	G1343	N-GSF	δικαιοσύνη	righteousness	righteousness	NA28+NA27+Tyn+SBL+WH+Treg+TR+Byz	
9	10	23	NKO	ὑμῶν.	humōn	G4771	P-2GP	σύ	you	of you.	NA28+NA27+Tyn+SBL+WH+Treg+TR+Byz	
9	11	1	NKO	ἐν	en	G1722	PREP	ἐν	in/on/among	in	NA28+NA27+Tyn+SBL+WH+Treg+TR+Byz	
9	11	2	NKO	παντὶ	panti	G3956	A-DSN	πᾶς	all	every [way]	NA28+NA27+Tyn+SBL+WH+Treg+TR+Byz	
9	11	3	NKO	πλουτιζόμενοι	ploutizomenoi	G4148	V-PPP-NPM	πλουτίζω	to enrich	enriching you	NA28+NA27+Tyn+SBL+WH+Treg+TR+Byz	
9	11	4	NKO	εἰς	eis	G1519	PREP	εἰς	toward	to	NA28+NA27+Tyn+SBL+WH+Treg+TR+Byz	
9	11	5	NKO	πᾶσαν	pasan	G3956	A-ASF	πᾶς	all	all	NA28+NA27+Tyn+SBL+WH+Treg+TR+Byz	
9	11	6	NKO	ἁπλότητα,	haplotēta	G0572	N-ASF	ἁπλότης	openness	generosity,	NA28+NA27+Tyn+SBL+WH+Treg+TR+Byz	
9	11	7	NKO	ἥτις	hētis	G3748	R-NSF	ὅστις	who/which	which	NA28+NA27+Tyn+SBL+WH+Treg+TR+Byz	
9	11	8	NKO	κατεργάζεται	katergazetai	G2716	V-PNI-3S	κατεργάζομαι	to workout/produce	produces	NA28+NA27+Tyn+SBL+WH+Treg+TR+Byz	
9	11	9	NKO	δι᾽	di᾽	G1223	PREP	διά	through/because of	through	NA28+NA27+Tyn+SBL+WH+Treg+TR+Byz	
9	11	10	NKO	ἡμῶν	hēmōn	G3165	P-1GP	ἐγώ	I/we	us	NA28+NA27+Tyn+SBL+WH+Treg+TR+Byz	
9	11	11	NKO	εὐχαριστίαν	eucharistian	G2169	N-ASF	εὐχαριστία	thankfulness	thanksgiving	NA28+NA27+Tyn+SBL+WH+Treg+TR+Byz	
9	11	12	NKO	τῷ	tō	G3588	T-DSM	ὁ	the/this/who	<the>	NA28+NA27+Tyn+SBL+WH+Treg+TR+Byz	
9	11	13	NKO	θεῷ,	theō	G2316	N-DSM-T	θεός	God	to God,	NA28+NA27+Tyn+SBL+WH+Treg+TR+Byz	
9	12	1	NKO	ὅτι	hoti	G3754H	CONJ	ὅτι	that/since	For	NA28+NA27+Tyn+SBL+WH+Treg+TR+Byz	
9	12	2	NKO	ἡ	hē	G3588	T-NSF	ὁ	the/this/who	the	NA28+NA27+Tyn+SBL+WH+Treg+TR+Byz	
9	12	3	NKO	διακονία	diakonia	G1248	N-NSF	διακονία	service	ministry	NA28+NA27+Tyn+SBL+WH+Treg+TR+Byz	
9	12	4	NKO	τῆς	tēs	G3588	T-GSF	ὁ	the/this/who	of the	NA28+NA27+Tyn+SBL+WH+Treg+TR+Byz	
9	12	5	NKO	λειτουργίας	leitourgias	G3009	N-GSF	λειτουργία	ministry	service	NA28+NA27+Tyn+SBL+WH+Treg+TR+Byz	
9	12	6	NKO	ταύτης	tautēs	G3778	D-GSF	οὗτος	this/he/she/it	this	NA28+NA27+Tyn+SBL+WH+Treg+TR+Byz	
9	12	7	NKO	οὐ	ou	G3756	PRT-N	οὐ	no	not	NA28+NA27+Tyn+SBL+WH+Treg+TR+Byz	
9	12	8	NKO	μόνον	monon	G3441	A-ASN	μόνος	alone	only	NA28+NA27+Tyn+SBL+WH+Treg+TR+Byz	
9	12	9	NKO	ἐστὶν	estin	G1510	V-PAI-3S	εἰμί	to be	is	NA28+NA27+Tyn+SBL+WH+Treg+TR+Byz	
9	12	10	NKO	προσαναπληροῦσα	prosanaplērousa	G4322	V-PAP-NSF	προσαναπληρόω	to supply	completely filling up	NA28+NA27+Tyn+SBL+WH+Treg+TR+Byz	
9	12	11	NKO	τὰ	ta	G3588	T-APN	ὁ	the/this/who	the	NA28+NA27+Tyn+SBL+WH+Treg+TR+Byz	
9	12	12	NKO	ὑστερήματα	husterēmata	G5303	N-APN	ὑστέρημα	deficiency	needs	NA28+NA27+Tyn+SBL+WH+Treg+TR+Byz	
9	12	13	NKO	τῶν	tōn	G3588	T-GPM	ὁ	the/this/who	of the	NA28+NA27+Tyn+SBL+WH+Treg+TR+Byz	
9	12	14	NKO	ἁγίων	hagiōn	G0040H	A-GPM	ἅγιος	holy	saints	NA28+NA27+Tyn+SBL+WH+Treg+TR+Byz	
9	12	15	NKO	ἀλλὰ	alla	G0235	CONJ	ἀλλά	but	but	NA28+NA27+Tyn+SBL+WH+Treg+TR+Byz	
9	12	16	NKO	καὶ	kai	G2532	CONJ	καί	and	also	NA28+NA27+Tyn+SBL+WH+Treg+TR+Byz	
9	12	17	NKO	περισσεύουσα	perisseuousa	G4052	V-PAP-NSF	περισσεύω	to abound/exceed	is overflowing	NA28+NA27+Tyn+SBL+WH+Treg+TR+Byz	
9	12	18	NKO	διὰ	dia	G1223	PREP	διά	through/because of	through	NA28+NA27+Tyn+SBL+WH+Treg+TR+Byz	
9	12	19	NKO	πολλῶν	pollōn	G4183	A-GPF	πολύς	much	many	NA28+NA27+Tyn+SBL+WH+Treg+TR+Byz	
9	12	20	NKO	εὐχαριστιῶν	eucharistiōn	G2169	N-GPF	εὐχαριστία	thankfulness	thanksgivings	NA28+NA27+Tyn+SBL+WH+Treg+TR+Byz	
9	12	21	NKO	τῷ	tō	G3588	T-DSM	ὁ	the/this/who	<the>	NA28+NA27+Tyn+SBL+WH+Treg+TR+Byz	
9	12	22	NKO	θεῷ·	theō	G2316	N-DSM-T	θεός	God	to God;	NA28+NA27+Tyn+SBL+WH+Treg+TR+Byz	
9	13	1	NKO	διὰ	dia	G1223	PREP	διά	through/because of	through	NA28+NA27+Tyn+SBL+WH+Treg+TR+Byz	
9	13	2	NKO	τῆς	tēs	G3588	T-GSF	ὁ	the/this/who	the	NA28+NA27+Tyn+SBL+WH+Treg+TR+Byz	
9	13	3	NKO	δοκιμῆς	dokimēs	G1382	N-GSF	δοκιμή	test	proof	NA28+NA27+Tyn+SBL+WH+Treg+TR+Byz	
9	13	4	NKO	τῆς	tēs	G3588	T-GSF	ὁ	the/this/who	of the	NA28+NA27+Tyn+SBL+WH+Treg+TR+Byz	
9	13	5	NKO	διακονίας	diakonias	G1248	N-GSF	διακονία	service	service	NA28+NA27+Tyn+SBL+WH+Treg+TR+Byz	
9	13	6	NKO	ταύτης	tautēs	G3778	D-GSF	οὗτος	this/he/she/it	this	NA28+NA27+Tyn+SBL+WH+Treg+TR+Byz	
9	13	7	NKO	δοξάζοντες	doxazontes	G1392	V-PAP-NPM	δοξάζω	to glorify	[they] glorifying	NA28+NA27+Tyn+SBL+WH+Treg+TR+Byz	
9	13	8	NKO	τὸν	ton	G3588	T-ASM	ὁ	the/this/who	<the>	NA28+NA27+Tyn+SBL+WH+Treg+TR+Byz	
9	13	9	NKO	θεὸν	theon	G2316	N-ASM-T	θεός	God	God	NA28+NA27+Tyn+SBL+WH+Treg+TR+Byz	
9	13	10	NKO	ἐπὶ	epi	G1909	PREP	ἐπί	upon/to/against	at	NA28+NA27+Tyn+SBL+WH+Treg+TR+Byz	
9	13	11	NKO	τῇ	tēa	G3588	T-DSF	ὁ	the/this/who	the	NA28+NA27+Tyn+SBL+WH+Treg+TR+Byz	
9	13	12	NKO	ὑποταγῇ	hupotagēa	G5292	N-DSF	ὑποταγή	submission	submission	NA28+NA27+Tyn+SBL+WH+Treg+TR+Byz	
9	13	13	NKO	τῆς	tēs	G3588	T-GSF	ὁ	the/this/who	of the	NA28+NA27+Tyn+SBL+WH+Treg+TR+Byz	
9	13	14	NKO	ὁμολογίας	homologias	G3671	N-GSF	ὁμολογία	confession	of confession	NA28+NA27+Tyn+SBL+WH+Treg+TR+Byz	
9	13	15	NKO	ὑμῶν	humōn	G4771	P-2GP	σύ	you	of you	NA28+NA27+Tyn+SBL+WH+Treg+TR+Byz	
9	13	16	NKO	εἰς	eis	G1519	PREP	εἰς	toward	to	NA28+NA27+Tyn+SBL+WH+Treg+TR+Byz	
9	13	17	NKO	τὸ	to	G3588	T-ASN	ὁ	the/this/who	the	NA28+NA27+Tyn+SBL+WH+Treg+TR+Byz	
9	13	18	NKO	εὐαγγέλιον	euangelion	G2098	N-ASN	εὐαγγέλιον	gospel	gospel	NA28+NA27+Tyn+SBL+WH+Treg+TR+Byz	
9	13	19	NKO	τοῦ	tou	G3588	T-GSM	ὁ	the/this/who	<the>	NA28+NA27+Tyn+SBL+WH+Treg+TR+Byz	
9	13	20	NKO	Χριστοῦ	Christou	G5547	N-GSM-T	Χριστός	Christ	of Christ	NA28+NA27+Tyn+SBL+WH+Treg+TR+Byz	
9	13	21	NKO	καὶ	kai	G2532	CONJ	καί	and	and	NA28+NA27+Tyn+SBL+WH+Treg+TR+Byz	
9	13	22	NKO	ἁπλότητι	haplotēti	G0572	N-DSF	ἁπλότης	openness	to [the] generosity	NA28+NA27+Tyn+SBL+WH+Treg+TR+Byz	
9	13	23	NKO	τῆς	tēs	G3588	T-GSF	ὁ	the/this/who	of the	NA28+NA27+Tyn+SBL+WH+Treg+TR+Byz	
9	13	24	NKO	κοινωνίας	koinōnias	G2842	N-GSF	κοινωνία	participation	participation	NA28+NA27+Tyn+SBL+WH+Treg+TR+Byz	
9	13	25	NKO	εἰς	eis	G1519	PREP	εἰς	toward	toward	NA28+NA27+Tyn+SBL+WH+Treg+TR+Byz	
9	13	26	NKO	αὐτοὺς	autous	G0846	P-APM	αὐτός	he/she/it/self	them	NA28+NA27+Tyn+SBL+WH+Treg+TR+Byz	
9	13	27	NKO	καὶ	kai	G2532	CONJ	καί	and	and	NA28+NA27+Tyn+SBL+WH+Treg+TR+Byz	
9	13	28	NKO	εἰς	eis	G1519	PREP	εἰς	toward	toward	NA28+NA27+Tyn+SBL+WH+Treg+TR+Byz	
9	13	29	NKO	πάντας,	pantas	G3956	A-APM	πᾶς	all	all,	NA28+NA27+Tyn+SBL+WH+Treg+TR+Byz	
9	14	1	NKO	καὶ	kai	G2532	CONJ	καί	and	and	NA28+NA27+Tyn+SBL+WH+Treg+TR+Byz	
9	14	2	NKO	αὐτῶν	autōn	G0846	P-GPM	αὐτός	he/she/it/self	by their	NA28+NA27+Tyn+SBL+WH+Treg+TR+Byz	
9	14	3	NKO	δεήσει	deēsei	G1162	N-DSF	δέησις	petition	supplication	NA28+NA27+Tyn+SBL+WH+Treg+TR+Byz	
9	14	4	NKO	ὑπὲρ	huper	G5228	PREP	ὑπέρ	above/for	for	NA28+NA27+Tyn+SBL+WH+Treg+TR+Byz	
9	14	5	NKO	ὑμῶν	humōn	G4771	P-2GP	σύ	you	you	NA28+NA27+Tyn+SBL+WH+Treg+TR+Byz	
9	14	6	NKO	ἐπιποθούντων	epipothountōn	G1971	V-PAP-GPM	ἐπιποθέω	to long for	a longing	NA28+NA27+Tyn+SBL+WH+Treg+TR+Byz	
9	14	7	NKO	ὑμᾶς	humas	G4771	P-2AP	σύ	you	for you	NA28+NA27+Tyn+SBL+WH+Treg+TR+Byz	
9	14	8	NKO	διὰ	dia	G1223	PREP	διά	through/because of	on account of	NA28+NA27+Tyn+SBL+WH+Treg+TR+Byz	
9	14	9	NKO	τὴν	tēn	G3588	T-ASF	ὁ	the/this/who	the	NA28+NA27+Tyn+SBL+WH+Treg+TR+Byz	
9	14	10	NKO	ὑπερβάλλουσαν	huperballousan	G5235	V-PAP-ASF	ὑπερβάλλω	to surpass	surpassing	NA28+NA27+Tyn+SBL+WH+Treg+TR+Byz	
9	14	11	NKO	χάριν	charin	G5485	N-ASF	χάρις	grace	grace	NA28+NA27+Tyn+SBL+WH+Treg+TR+Byz	
9	14	12	NKO	τοῦ	tou	G3588	T-GSM	ὁ	the/this/who	<the>	NA28+NA27+Tyn+SBL+WH+Treg+TR+Byz	
9	14	13	NKO	θεοῦ	theou	G2316	N-GSM-T	θεός	God	of God	NA28+NA27+Tyn+SBL+WH+Treg+TR+Byz	
9	14	14	NKO	ἐφ᾽	eph᾽	G1909	PREP	ἐπί	upon/to/against	upon	NA28+NA27+Tyn+SBL+WH+Treg+TR+Byz	
9	14	15	NKO	ὑμῖν.	humin	G4771	P-2DP	σύ	you	you.	NA28+NA27+Tyn+SBL+WH+Treg+TR+Byz	
9	15	1	NKO	χάρις	charis	G5485	N-NSF	χάρις	grace	Thanks [be]	NA28+NA27+Tyn+SBL+WH+Treg+TR+Byz	
9	15	2	k	δὲ	de	G1161	CONJ	δέ	but/and	now	TR+Byz	
9	15	3	NKO	τῷ	tō	G3588	T-DSM	ὁ	the/this/who	<the>	NA28+NA27+Tyn+SBL+WH+Treg+TR+Byz	
9	15	4	NKO	θεῷ	theō	G2316	N-DSM-T	θεός	God	to God	NA28+NA27+Tyn+SBL+WH+Treg+TR+Byz	
9	15	5	NKO	ἐπὶ	epi	G1909	PREP	ἐπί	upon/to/against	for	NA28+NA27+Tyn+SBL+WH+Treg+TR+Byz	
9	15	6	NKO	τῇ	tēa	G3588	T-DSF	ὁ	the/this/who	the	NA28+NA27+Tyn+SBL+WH+Treg+TR+Byz	
9	15	7	NKO	ἀνεκδιηγήτῳ	anekdiēgētō	G0411	A-DSF	ἀνεκδιήγητος	indescribable	indescribable	NA28+NA27+Tyn+SBL+WH+Treg+TR+Byz	
9	15	8	NKO	αὐτοῦ	autou	G0846	P-GSM	αὐτός	he/she/it/self	of Him	NA28+NA27+Tyn+SBL+WH+Treg+TR+Byz	
9	15	9	NKO	δωρεᾷ.¶	dōrea	G1431	N-DSF	δωρεά	free gift	gift!	NA28+NA27+Tyn+SBL+WH+Treg+TR+Byz	
10	1	1	NKO	Αὐτὸς	Autos	G0846	P-NSM	αὐτός	he/she/it/self	Myself	NA28+NA27+Tyn+SBL+WH+Treg+TR+Byz	
10	1	2	NKO	δὲ	de	G1161	CONJ	δέ	but/and	now	NA28+NA27+Tyn+SBL+WH+Treg+TR+Byz	
10	1	3	NKO	ἐγὼ	egō	G1473	P-1NS	ἐγώ	I/we	I myself	NA28+NA27+Tyn+SBL+WH+Treg+TR+Byz	
10	1	4	NKO	Παῦλος	Paulos	G3972G	N-NSM-P	Παῦλος	Paul	Paul	NA28+NA27+Tyn+SBL+WH+Treg+TR+Byz	
10	1	5	NKO	παρακαλῶ	parakalō	G3870	V-PAI-1S	παρακαλέω	to plead/comfort	exhort	NA28+NA27+Tyn+SBL+WH+Treg+TR+Byz	
10	1	6	NKO	ὑμᾶς	humas	G4771	P-2AP	σύ	you	you	NA28+NA27+Tyn+SBL+WH+Treg+TR+Byz	
10	1	7	NKO	διὰ	dia	G1223	PREP	διά	through/because of	through	NA28+NA27+Tyn+SBL+WH+Treg+TR+Byz	
10	1	8	NKO	τῆς	tēs	G3588	T-GSF	ὁ	the/this/who	the	NA28+NA27+Tyn+SBL+WH+Treg+TR+Byz	
10	1	9	NKO	πραΰτητος	prautētos	G4236	N-GSF	πραΰτης	gentleness	meekness	NA28+NA27+Tyn+SBL+WH+Treg+TR+Byz	
10	1	10	NKO	καὶ	kai	G2532	CONJ	καί	and	and	NA28+NA27+Tyn+SBL+WH+Treg+TR+Byz	
10	1	11	NKO	ἐπιεικείας	epieikeias	G1932	N-GSF	ἐπιείκεια	gentleness	gentleness	NA28+NA27+Tyn+SBL+WH+Treg+TR+Byz	
10	1	12	NKO	τοῦ	tou	G3588	T-GSM	ὁ	the/this/who	<the>	NA28+NA27+Tyn+SBL+WH+Treg+TR+Byz	
10	1	13	NKO	Χριστοῦ,	Christou	G5547	N-GSM-T	Χριστός	Christ	of Christ,	NA28+NA27+Tyn+SBL+WH+Treg+TR+Byz	
10	1	14	NKO	ὃς	hos	G3739	R-NSM	ὅς, ἥ	which	who	NA28+NA27+Tyn+SBL+WH+Treg+TR+Byz	
10	1	15	NKO	κατὰ	kata	G2596	PREP	κατά	according to	as to	NA28+NA27+Tyn+SBL+WH+Treg+TR+Byz	
10	1	16	NKO	πρόσωπον	prosōpon	G4383	N-ASN	πρόσωπον	face	appearance	NA28+NA27+Tyn+SBL+WH+Treg+TR+Byz	
10	1	17	NKO	μὲν	men	G3303	PRT	μέν	on one hand	indeed	NA28+NA27+Tyn+SBL+WH+Treg+TR+Byz	
10	1	18	NKO	ταπεινὸς	tapeinos	G5011	A-NSM	ταπεινός	lowly	[am] humble	NA28+NA27+Tyn+SBL+WH+Treg+TR+Byz	
10	1	19	NKO	ἐν	en	G1722	PREP	ἐν	in/on/among	among	NA28+NA27+Tyn+SBL+WH+Treg+TR+Byz	
10	1	20	NKO	ὑμῖν,	humin	G4771	P-2DP	σύ	you	you,	NA28+NA27+Tyn+SBL+WH+Treg+TR+Byz	
10	1	21	NKO	ἀπὼν	apōn	G0548	V-PAP-NSM	ἄπειμι	be away	being absent	NA28+NA27+Tyn+SBL+WH+Treg+TR+Byz	
10	1	22	NKO	δὲ	de	G1161	CONJ	δέ	but/and	however	NA28+NA27+Tyn+SBL+WH+Treg+TR+Byz	
10	1	23	NKO	θαρρῶ	tharrō	G2292	V-PAI-1S	θαρρέω	be confident	I am bold	NA28+NA27+Tyn+SBL+WH+Treg+TR+Byz	
10	1	24	NKO	εἰς	eis	G1519	PREP	εἰς	toward	toward	NA28+NA27+Tyn+SBL+WH+Treg+TR+Byz	
10	1	25	NKO	ὑμᾶς·	humas	G4771	P-2AP	σύ	you	you;	NA28+NA27+Tyn+SBL+WH+Treg+TR+Byz	
10	2	1	NKO	δέομαι	deomai	G1189	V-PNI-1S	δέομαι	to pray	I implore [you]	NA28+NA27+Tyn+SBL+WH+Treg+TR+Byz	
10	2	2	NKO	δὲ	de	G1161	CONJ	δέ	but/and	now	NA28+NA27+Tyn+SBL+WH+Treg+TR+Byz	
10	2	3	NKO	τὸ	to	G3588	T-NSN	ὁ	the/this/who	that	NA28+NA27+Tyn+SBL+WH+Treg+TR+Byz	
10	2	4	NKO	μὴ	mē	G3361	PRT-N	μή	not	not	NA28+NA27+Tyn+SBL+WH+Treg+TR+Byz	
10	2	5	NKO	παρὼν	parōn	G3918	V-PAP-NSM	πάρειμι	be present	being present	NA28+NA27+Tyn+SBL+WH+Treg+TR+Byz	
10	2	6	NKO	θαρρῆσαι	tharrēsai	G2292	V-AAN	θαρρέω	be confident	to be bold	NA28+NA27+Tyn+SBL+WH+Treg+TR+Byz	
10	2	7	NKO	τῇ	tēa	G3588	T-DSF	ὁ	the/this/who	with the	NA28+NA27+Tyn+SBL+WH+Treg+TR+Byz	
10	2	8	NKO	πεποιθήσει	pepoithēsei	G4006	N-DSF	πεποίθησις	confidence	confidence	NA28+NA27+Tyn+SBL+WH+Treg+TR+Byz	
10	2	9	NKO	ᾗ	hē	G3739	R-DSF	ὅς, ἥ	which	with which	NA28+NA27+Tyn+SBL+WH+Treg+TR+Byz	
10	2	10	NKO	λογίζομαι	logizomai	G3049	V-PNI-1S	λογίζομαι	to count	I reckon	NA28+NA27+Tyn+SBL+WH+Treg+TR+Byz	
10	2	11	NKO	τολμῆσαι	tolmēsai	G5111	V-AAN	τολμάω	be bold	to be daring	NA28+NA27+Tyn+SBL+WH+Treg+TR+Byz	
10	2	12	NKO	ἐπί	epi	G1909	PREP	ἐπί	upon/to/against	toward	NA28+NA27+Tyn+SBL+WH+Treg+TR+Byz	
10	2	13	NKO	τινας	tinas	G5100	X-APM	τις	one	some	NA28+NA27+Tyn+SBL+WH+Treg+TR+Byz	
10	2	14	NKO	τοὺς	tous	G3588	T-APM	ὁ	the/this/who	those	NA28+NA27+Tyn+SBL+WH+Treg+TR+Byz	
10	2	15	NKO	λογιζομένους	logizomenous	G3049	V-PNP-APM	λογίζομαι	to count	reckoning	NA28+NA27+Tyn+SBL+WH+Treg+TR+Byz	
10	2	16	NKO	ἡμᾶς	hēmas	G3165	P-1AP	ἐγώ	I/we	us	NA28+NA27+Tyn+SBL+WH+Treg+TR+Byz	
10	2	17	NKO	ὡς	hōs	G5613	PRT	ὡς	which/how	as	NA28+NA27+Tyn+SBL+WH+Treg+TR+Byz	
10	2	18	NKO	κατὰ	kata	G2596	PREP	κατά	according to	according to	NA28+NA27+Tyn+SBL+WH+Treg+TR+Byz	
10	2	19	NKO	σάρκα	sarka	G4561	N-ASF	σάρξ	flesh	flesh	NA28+NA27+Tyn+SBL+WH+Treg+TR+Byz	
10	2	20	NKO	περιπατοῦντας.	peripatountas	G4043	V-PAP-APM	περιπατέω	to walk	walking.	NA28+NA27+Tyn+SBL+WH+Treg+TR+Byz	
10	3	1	NKO	ἐν	en	G1722	PREP	ἐν	in/on/among	In	NA28+NA27+Tyn+SBL+WH+Treg+TR+Byz	
10	3	2	NKO	σαρκὶ	sarki	G4561	N-DSF	σάρξ	flesh	flesh	NA28+NA27+Tyn+SBL+WH+Treg+TR+Byz	
10	3	3	NKO	γὰρ	gar	G1063	CONJ	γάρ	for	for	NA28+NA27+Tyn+SBL+WH+Treg+TR+Byz	
10	3	4	NKO	περιπατοῦντες	peripatountes	G4043	V-PAP-NPM	περιπατέω	to walk	walking	NA28+NA27+Tyn+SBL+WH+Treg+TR+Byz	
10	3	5	NKO	οὐ	ou	G3756	PRT-N	οὐ	no	not	NA28+NA27+Tyn+SBL+WH+Treg+TR+Byz	
10	3	6	NKO	κατὰ	kata	G2596	PREP	κατά	according to	according to	NA28+NA27+Tyn+SBL+WH+Treg+TR+Byz	
10	3	7	NKO	σάρκα	sarka	G4561	N-ASF	σάρξ	flesh	flesh	NA28+NA27+Tyn+SBL+WH+Treg+TR+Byz	
10	3	8	NKO	στρατευόμεθα,	strateuometha	G4754	V-PMI-1P	στρατεύω	to battle	do we wage war,	NA28+NA27+Tyn+SBL+WH+Treg+TR+Byz	
10	4	1	NKO	τὰ	ta	G3588	T-NPN	ὁ	the/this/who	The	NA28+NA27+Tyn+SBL+WH+Treg+TR+Byz	
10	4	2	NKO	γὰρ	gar	G1063	CONJ	γάρ	for	for	NA28+NA27+Tyn+SBL+WH+Treg+TR+Byz	
10	4	3	NKO	ὅπλα	hopla	G3696	N-NPN	ὅπλον	weapon	weapons	NA28+NA27+Tyn+SBL+WH+Treg+TR+Byz	
10	4	4	NKO	τῆς	tēs	G3588	T-GSF	ὁ	the/this/who	of the	NA28+NA27+Tyn+SBL+WH+Treg+TR+Byz	
10	4	5	NKO	στρατείας	strateias	G4752	N-GSF	στρατεία	warfare	warfare	NA28+NA27+Tyn+SBL+WH+Treg+TR+Byz	
10	4	6	NKO	ἡμῶν	hēmōn	G3165	P-1GP	ἐγώ	I/we	of us	NA28+NA27+Tyn+SBL+WH+Treg+TR+Byz	
10	4	7	NKO	οὐ	ou	G3756	PRT-N	οὐ	no	[are] not	NA28+NA27+Tyn+SBL+WH+Treg+TR+Byz	
10	4	8	NKO	σαρκικὰ	sarkika	G4559	A-NPN	σαρκικός	fleshly	fleshly	NA28+NA27+Tyn+SBL+WH+Treg+TR+Byz	
10	4	9	NKO	ἀλλὰ	alla	G0235	CONJ	ἀλλά	but	but	NA28+NA27+Tyn+SBL+WH+Treg+TR+Byz	
10	4	10	NKO	δυνατὰ	dunata	G1415	A-NPN	δυνατός	able	powerful	NA28+NA27+Tyn+SBL+WH+Treg+TR+Byz	
10	4	11	NKO	τῷ	tō	G3588	T-DSM	ὁ	the/this/who	<the>	NA28+NA27+Tyn+SBL+WH+Treg+TR+Byz	
10	4	12	NKO	θεῷ	theō	G2316	N-DSM	θεός	God	divinely	NA28+NA27+Tyn+SBL+WH+Treg+TR+Byz	
10	4	13	NKO	πρὸς	pros	G4314	PREP	πρός	to/with	to	NA28+NA27+Tyn+SBL+WH+Treg+TR+Byz	
10	4	14	NKO	καθαίρεσιν	kathairesin	G2506	N-ASF	καθαίρεσις	destruction	[the] demolition	NA28+NA27+Tyn+SBL+WH+Treg+TR+Byz	
10	4	15	NKO	ὀχυρωμάτων,	ochurōmatōn	G3794	N-GPN	ὀχύρωμα	stronghold	of strongholds,	NA28+NA27+Tyn+SBL+WH+Treg+TR+Byz	
10	4	16	NKO	λογισμοὺς	logismous	G3053	N-APM	λογισμός	thought	[5] arguments	NA28+NA27+Tyn+SBL+WH+Treg+TR+Byz	10.4[10.5]
10	4	17	NKO	καθαιροῦντες	kathairountes	G2507	V-PAP-NPM	καθαιρέω	to take down	overthrowing	NA28+NA27+Tyn+SBL+WH+Treg+TR+Byz	10.4[10.5]
10	5	1	NKO	καὶ	kai	G2532	CONJ	καί	and	and	NA28+NA27+Tyn+SBL+WH+Treg+TR+Byz	
10	5	2	NKO	πᾶν	pan	G3956	A-ASN	πᾶς	all	every	NA28+NA27+Tyn+SBL+WH+Treg+TR+Byz	
10	5	3	NKO	ὕψωμα	hupsōma	G5313	N-ASN	ὕψωμα	height	high thing	NA28+NA27+Tyn+SBL+WH+Treg+TR+Byz	
10	5	4	NKO	ἐπαιρόμενον	epairomenon	G1869	V-PMP-ASN	ἐπαίρω	to lift up	lifting itself up	NA28+NA27+Tyn+SBL+WH+Treg+TR+Byz	
10	5	5	NKO	κατὰ	kata	G2596	PREP	κατά	according to	against	NA28+NA27+Tyn+SBL+WH+Treg+TR+Byz	
10	5	6	NKO	τῆς	tēs	G3588	T-GSF	ὁ	the/this/who	the	NA28+NA27+Tyn+SBL+WH+Treg+TR+Byz	
10	5	7	NKO	γνώσεως	gnōseōs	G1108	N-GSF	γνῶσις	knowledge	knowledge	NA28+NA27+Tyn+SBL+WH+Treg+TR+Byz	
10	5	8	NKO	τοῦ	tou	G3588	T-GSM	ὁ	the/this/who	<the>	NA28+NA27+Tyn+SBL+WH+Treg+TR+Byz	
10	5	9	NKO	θεοῦ	theou	G2316	N-GSM-T	θεός	God	of God	NA28+NA27+Tyn+SBL+WH+Treg+TR+Byz	
10	5	10	NKO	καὶ	kai	G2532	CONJ	καί	and	and	NA28+NA27+Tyn+SBL+WH+Treg+TR+Byz	
10	5	11	NKO	αἰχμαλωτίζοντες	aichmalōtizontes	G0163	V-PAP-NPM	αἰχμαλωτίζω	to capture	taking captive	NA28+NA27+Tyn+SBL+WH+Treg+TR+Byz	
10	5	12	NKO	πᾶν	pan	G3956	A-ASN	πᾶς	all	every	NA28+NA27+Tyn+SBL+WH+Treg+TR+Byz	
10	5	13	NKO	νόημα	noēma	G3540	N-ASN	νόημα	mind/thought	thought	NA28+NA27+Tyn+SBL+WH+Treg+TR+Byz	
10	5	14	NKO	εἰς	eis	G1519	PREP	εἰς	toward	into	NA28+NA27+Tyn+SBL+WH+Treg+TR+Byz	
10	5	15	NKO	τὴν	tēn	G3588	T-ASF	ὁ	the/this/who	the	NA28+NA27+Tyn+SBL+WH+Treg+TR+Byz	
10	5	16	NKO	ὑπακοὴν	hupakoēn	G5218	N-ASF	ὑπακοή	obedience	obedience	NA28+NA27+Tyn+SBL+WH+Treg+TR+Byz	
10	5	17	NKO	τοῦ	tou	G3588	T-GSM	ὁ	the/this/who	<the>	NA28+NA27+Tyn+SBL+WH+Treg+TR+Byz	
10	5	18	NKO	Χριστοῦ	Christou	G5547	N-GSM-T	Χριστός	Christ	of Christ	NA28+NA27+Tyn+SBL+WH+Treg+TR+Byz	
10	6	1	NKO	καὶ	kai	G2532	CONJ	καί	and	and	NA28+NA27+Tyn+SBL+WH+Treg+TR+Byz	
10	6	2	NKO	ἐν	en	G1722	PREP	ἐν	in/on/among	in	NA28+NA27+Tyn+SBL+WH+Treg+TR+Byz	
10	6	3	NKO	ἑτοίμῳ	hetoimō	G2092	A-DSN	ἕτοιμος	ready	readiness	NA28+NA27+Tyn+SBL+WH+Treg+TR+Byz	
10	6	4	NKO	ἔχοντες	echontes	G2192	V-PAP-NPM	ἔχω	to have/be	having	NA28+NA27+Tyn+SBL+WH+Treg+TR+Byz	
10	6	5	NKO	ἐκδικῆσαι	ekdikēsai	G1556	V-AAN	ἐκδικέω	to avenge	to avenge	NA28+NA27+Tyn+SBL+WH+Treg+TR+Byz	
10	6	6	NKO	πᾶσαν	pasan	G3956	A-ASF	πᾶς	all	all	NA28+NA27+Tyn+SBL+WH+Treg+TR+Byz	
10	6	7	NKO	παρακοήν,	parakoēn	G3876	N-ASF	παρακοή	disobedience	disobedience,	NA28+NA27+Tyn+SBL+WH+Treg+TR+Byz	
10	6	8	NKO	ὅταν	hotan	G3752	CONJ	ὅταν	when(-ever)	when	NA28+NA27+Tyn+SBL+WH+Treg+TR+Byz	
10	6	9	NKO	πληρωθῇ	plērōthēa	G4137	V-APS-3S	πληρόω	to fulfill	may have been fulfilled	NA28+NA27+Tyn+SBL+WH+Treg+TR+Byz	
10	6	10	NKO	ὑμῶν	humōn	G4771	P-2GP	σύ	you	your	NA28+NA27+Tyn+SBL+WH+Treg+TR+Byz	
10	6	11	NKO	ἡ	hē	G3588	T-NSF	ὁ	the/this/who	<the>	NA28+NA27+Tyn+SBL+WH+Treg+TR+Byz	
10	6	12	NKO	ὑπακοή.¶	hupakoē	G5218	N-NSF	ὑπακοή	obedience	obedience.	NA28+NA27+Tyn+SBL+WH+Treg+TR+Byz	
10	7	1	NKO	Τὰ	Ta	G3588	T-APN	ὁ	the/this/who	The [things]	NA28+NA27+Tyn+SBL+WH+Treg+TR+Byz	
10	7	2	NKO	κατὰ	kata	G2596	PREP	κατά	according to	according to	NA28+NA27+Tyn+SBL+WH+Treg+TR+Byz	
10	7	3	NKO	πρόσωπον	prosōpon	G4383	N-ASN	πρόσωπον	face	appearance	NA28+NA27+Tyn+SBL+WH+Treg+TR+Byz	
10	7	4	NKO	βλέπετε.	blepete	G0991	V-PAI-2P	βλέπω	to see	are you looking.	NA28+NA27+Tyn+SBL+WH+Treg+TR+Byz	
10	7	5	NKO	εἴ	ei	G1487G	COND	εἰ	if	If	NA28+NA27+Tyn+SBL+WH+Treg+TR+Byz	
10	7	6	NKO	τις	tis	G5100	X-NSM	τις	one	anyone	NA28+NA27+Tyn+SBL+WH+Treg+TR+Byz	
10	7	7	NKO	πέποιθεν	pepoithen	G3982	V-2RAI-3S	πείθω	to persuade	is persuaded	NA28+NA27+Tyn+SBL+WH+Treg+TR+Byz	
10	7	8	NKO	ἑαυτῷ	he'autō	G1438	F-3DSM	ἑαυτοῦ	my/your/him-self	in himself	NA28+NA27+Tyn+SBL+WH+Treg+TR+Byz	
10	7	9	NKO	Χριστοῦ	Christou	G5547	N-GSM-T	Χριστός	Christ	of Christ	NA28+NA27+Tyn+SBL+WH+Treg+TR+Byz	
10	7	10	NKO	εἶναι,	einai	G1511	V-PAN	εἰμί	to be	to be,	NA28+NA27+Tyn+SBL+WH+Treg+TR+Byz	
10	7	11	NKO	τοῦτο	touto	G3778	D-ASN	οὗτος	this/he/she/it	this	NA28+NA27+Tyn+SBL+WH+Treg+TR+Byz	
10	7	12	NKO	λογιζέσθω	logizesthō	G3049	V-PNM-3S	λογίζομαι	to count	he should reckon	NA28+NA27+Tyn+SBL+WH+Treg+TR+Byz	
10	7	13	NKO	πάλιν	palin	G3825	ADV	πάλιν	again	again	NA28+NA27+Tyn+SBL+WH+Treg+TR+Byz	
10	7	14	N(k)O	ἐφ᾽	eph᾽	G1909	PREP	ἐπί	upon/to/against	within	NA28+NA27+Tyn+SBL+WH+Treg	
10	7	15	NKO	ἑαυτοῦ	he'autou	G1438	F-3GSM	ἑαυτοῦ	my/your/him-self	himself	NA28+NA27+Tyn+SBL+WH+Treg+TR+Byz	
10	7	16	NKO	ὅτι	hoti	G3754G	CONJ	ὅτι	that/since	that	NA28+NA27+Tyn+SBL+WH+Treg+TR+Byz	
10	7	17	NKO	καθὼς	kathōs	G2531	CONJ	καθώς	as/just as	even as	NA28+NA27+Tyn+SBL+WH+Treg+TR+Byz	
10	7	18	NKO	αὐτὸς	autos	G0846	P-NSM	αὐτός	he/she/it/self	he	NA28+NA27+Tyn+SBL+WH+Treg+TR+Byz	
10	7	19	NKO	Χριστοῦ,	Christou	G5547	N-GSM-T	Χριστός	Christ	[is] of Christ,	NA28+NA27+Tyn+SBL+WH+Treg+TR+Byz	
10	7	20	NKO	οὕτως	houtōs	G3779	ADV	οὕτω, οὕτως	thus(-ly)	so	NA28+NA27+Tyn+SBL+WH+Treg+TR+Byz	
10	7	21	NKO	καὶ	kai	G2532	CONJ	καί	and	also [are]	NA28+NA27+Tyn+SBL+WH+Treg+TR+Byz	
10	7	22	NKO	ἡμεῖς	hēmeis	G3165	P-1NP	ἐγώ	I/we	we ourselves	NA28+NA27+Tyn+SBL+WH+Treg+TR+Byz	
10	7	23	k	Χριστοῦ.	Christou	G5547	N-GSM-T	Χριστός	Christ	of Christ.	TR+Byz	
10	8	1	NKO	ἐάν	ean	G1437	COND	ἐάν	if	If	NA28+NA27+Tyn+SBL+WH+Treg+TR+Byz	
10	8	2	NKO	τε	te	G5037	CONJ	τε	and/both	even	NA28+NA27+Tyn+SBL+WH+TR+Byz	
10	8	3	NKO	γὰρ	gar	G1063	CONJ	γάρ	for	for	NA28+NA27+Tyn+SBL+WH+Treg+TR+Byz	
10	8	4	k	καὶ	kai	G2532	CONJ	καί	and	and	TR+Byz	
10	8	5	NKO	περισσότερόν	perissoteron	G4055	A-ASN-C	περισσότερος	more-abundant	more excessive	NA28+NA27+Tyn+SBL+WH+Treg+TR+Byz	
10	8	6	NKO	τι	ti	G5100	X-ASN	τις	one	somewhat	NA28+NA27+Tyn+SBL+WH+Treg+TR+Byz	
10	8	7	NKO	καυχήσωμαι	kauchēsōmai	G2744	V-ADS-1S	καυχάομαι	to boast	I shall boast	NA28+NA27+Tyn+SBL+WH+Treg+TR+Byz	
10	8	8	NKO	περὶ	peri	G4012	PREP	περί	about	concerning	NA28+NA27+Tyn+SBL+WH+Treg+TR+Byz	
10	8	9	NKO	τῆς	tēs	G3588	T-GSF	ὁ	the/this/who	the	NA28+NA27+Tyn+SBL+WH+Treg+TR+Byz	
10	8	10	NKO	ἐξουσίας	exousias	G1849	N-GSF	ἐξουσία	authority	authority	NA28+NA27+Tyn+SBL+WH+Treg+TR+Byz	
10	8	11	NKO	ἡμῶν	hēmōn	G3165	P-1GP	ἐγώ	I/we	of us	NA28+NA27+Tyn+SBL+WH+Treg+TR+Byz	
10	8	12	NKO	ἧς	hēs	G3739	R-GSF	ὅς, ἥ	which	which	NA28+NA27+Tyn+SBL+WH+Treg+TR+Byz	
10	8	13	NKO	ἔδωκεν	edōken	G1325	V-AAI-3S	δίδωμι	to give	has given	NA28+NA27+Tyn+SBL+WH+Treg+TR+Byz	
10	8	14	NKO	ὁ	ho	G3588	T-NSM	ὁ	the/this/who	the	NA28+NA27+Tyn+SBL+WH+Treg+TR+Byz	
10	8	15	NKO	κύριος	kurios	G2962G	N-NSM-T	κύριος	lord	Lord	NA28+NA27+Tyn+SBL+WH+Treg+TR+Byz	
10	8	16	k	ἡμῖν	hēmin	G3165	P-1DP	ἐγώ	I/we	to us	TR+Byz	
10	8	17	NKO	εἰς	eis	G1519	PREP	εἰς	toward	for	NA28+NA27+Tyn+SBL+WH+Treg+TR+Byz	
10	8	18	NKO	οἰκοδομὴν	oikodomēn	G3619	N-ASF	οἰκοδομή	building	building [you] up	NA28+NA27+Tyn+SBL+WH+Treg+TR+Byz	
10	8	19	NKO	καὶ	kai	G2532	CONJ	καί	and	and	NA28+NA27+Tyn+SBL+WH+Treg+TR+Byz	
10	8	20	NKO	οὐκ	ouk	G3756	PRT-N	οὐ	no	not	NA28+NA27+Tyn+SBL+WH+Treg+TR+Byz	
10	8	21	NKO	εἰς	eis	G1519	PREP	εἰς	toward	for	NA28+NA27+Tyn+SBL+WH+Treg+TR+Byz	
10	8	22	NKO	καθαίρεσιν	kathairesin	G2506	N-ASF	καθαίρεσις	destruction	tearing down	NA28+NA27+Tyn+SBL+WH+Treg+TR+Byz	
10	8	23	NKO	ὑμῶν,	humōn	G4771	P-2GP	σύ	you	you,	NA28+NA27+Tyn+SBL+WH+Treg+TR+Byz	
10	8	24	NKO	οὐκ	ouk	G3756	PRT-N	οὐ	no	not	NA28+NA27+Tyn+SBL+WH+Treg+TR+Byz	
10	8	25	NKO	αἰσχυνθήσομαι·	aischunthēsomai	G0153	V-FPI-1S	αἰσχύνω	be ashamed	I will be ashamed;	NA28+NA27+Tyn+SBL+WH+Treg+TR+Byz	
10	9	1	NKO	ἵνα	ina	G2443	CONJ	ἵνα	in order that/to	that	NA28+NA27+Tyn+SBL+WH+Treg+TR+Byz	
10	9	2	NKO	μὴ	mē	G3361	PRT-N	μή	not	not	NA28+NA27+Tyn+SBL+WH+Treg+TR+Byz	
10	9	3	NKO	δόξω	doxō	G1380	V-AAS-1S	δοκέω	to think	[I] may seem	NA28+NA27+Tyn+SBL+WH+Treg+TR+Byz	
10	9	4	NKO	ὡς	hōs	G5613	PRT	ὡς	which/how	as	NA28+NA27+Tyn+SBL+WH+Treg+TR+Byz	
10	9	5	NKO	ἂν	an	G0302	PRT	ἄν	if	if	NA28+NA27+Tyn+SBL+WH+Treg+TR+Byz	
10	9	6	NKO	ἐκφοβεῖν	ekphobein	G1629	V-PAN	ἐκφοβέω	to terrify	to frighten	NA28+NA27+Tyn+SBL+WH+Treg+TR+Byz	
10	9	7	NKO	ὑμᾶς	humas	G4771	P-2AP	σύ	you	you	NA28+NA27+Tyn+SBL+WH+Treg+TR+Byz	
10	9	8	NKO	διὰ	dia	G1223	PREP	διά	through/because of	through	NA28+NA27+Tyn+SBL+WH+Treg+TR+Byz	
10	9	9	NKO	τῶν	tōn	G3588	T-GPF	ὁ	the/this/who	the	NA28+NA27+Tyn+SBL+WH+Treg+TR+Byz	
10	9	10	NKO	ἐπιστολῶν.	epistolōn	G1992	N-GPF	ἐπιστολή	epistle	letters.	NA28+NA27+Tyn+SBL+WH+Treg+TR+Byz	
10	10	1	NKO	ὅτι	hoti	G3754H	CONJ	ὅτι	that/since	For	NA28+NA27+Tyn+SBL+WH+Treg+TR+Byz	
10	10	2	NKO	αἱ	hai	G3588	T-NPF	ὁ	the/this/who	the	NA28+NA27+Tyn+SBL+WH+Treg+TR+Byz	
10	10	3	NKO	ἐπιστολαὶ	epistolai	G1992	N-NPF	ἐπιστολή	epistle	letters	NA28+NA27+Tyn+SBL+WH+Treg+TR»1+Byz»1	
10	10	4	NKO	μέν	men	G3303	PRT	μέν	on one hand	indeed	NA28+NA27+Tyn+SBL+WH+Treg+TR+Byz	
10	10	5	NKO	φησιν	phēsin	G5346	V-PAI-3S	φημί	to say	they say	NA28+NA27+Tyn+SBL+WH+Treg+TR+Byz	
10	10	6	NKO	βαρεῖαι	bareiai	G0926	A-NPF	βαρύς	weighty	[are] weighty	NA28+NA27+Tyn+SBL+WH+Treg+TR+Byz	
10	10	7	NKO	καὶ	kai	G2532	CONJ	καί	and	and	NA28+NA27+Tyn+SBL+WH+Treg+TR+Byz	
10	10	8	NKO	ἰσχυραί,	ischurai	G2478	A-NPF	ἰσχυρός	strong	strong,	NA28+NA27+Tyn+SBL+WH+Treg+TR+Byz	
10	10	9	NKO	ἡ	hē	G3588	T-NSF	ὁ	the/this/who	<the>	NA28+NA27+Tyn+SBL+WH+Treg+TR+Byz	
10	10	10	NKO	δὲ	de	G1161	CONJ	δέ	but/and	however	NA28+NA27+Tyn+SBL+WH+Treg+TR+Byz	
10	10	11	NKO	παρουσία	parousia	G3952	N-NSF	παρουσία	coming	the presence	NA28+NA27+Tyn+SBL+WH+Treg+TR+Byz	
10	10	12	NKO	τοῦ	tou	G3588	T-GSN	ὁ	the/this/who	of the	NA28+NA27+Tyn+SBL+WH+Treg+TR+Byz	
10	10	13	NKO	σώματος	sōmatos	G4983	N-GSN	σῶμα	body	body	NA28+NA27+Tyn+SBL+WH+Treg+TR+Byz	
10	10	14	NKO	ἀσθενὴς	asthenēs	G0772G	A-NSF	ἀσθενής	weak	weak	NA28+NA27+Tyn+SBL+WH+Treg+TR+Byz	
10	10	15	NKO	καὶ	kai	G2532	CONJ	καί	and	and	NA28+NA27+Tyn+SBL+WH+Treg+TR+Byz	
10	10	16	NKO	ὁ	ho	G3588	T-NSM	ὁ	the/this/who	the	NA28+NA27+Tyn+SBL+WH+Treg+TR+Byz	
10	10	17	NKO	λόγος	logos	G3056	N-NSM	λόγος	word	speech	NA28+NA27+Tyn+SBL+WH+Treg+TR+Byz	
10	10	18	NKO	ἐξουθενημένος.	exouthenēmenos	G1848	V-RPP-NSM	ἐξουθενέω	to reject	ignored.	NA28+NA27+Tyn+SBL+WH+Treg+TR+Byz	
10	11	1	NKO	τοῦτο	touto	G3778	D-ASN	οὗτος	this/he/she/it	This	NA28+NA27+Tyn+SBL+WH+Treg+TR+Byz	
10	11	2	NKO	λογιζέσθω	logizesthō	G3049	V-PNM-3S	λογίζομαι	to count	should realise	NA28+NA27+Tyn+SBL+WH+Treg+TR+Byz	
10	11	3	NKO	ὁ	ho	G3588	T-NSM	ὁ	the/this/who	<the>	NA28+NA27+Tyn+SBL+WH+Treg+TR+Byz	
10	11	4	NKO	τοιοῦτος	toioutos	G5108	D-NSM	τοιοῦτος	such as this	type of [person]	NA28+NA27+Tyn+SBL+WH+Treg+TR+Byz	
10	11	5	NKO	ὅτι	hoti	G3754G	CONJ	ὅτι	that/since	that	NA28+NA27+Tyn+SBL+WH+Treg+TR+Byz	
10	11	6	NKO	οἷοί	hoioi	G3634	K-NPM	οἷος	such as	such as	NA28+NA27+Tyn+SBL+WH+Treg+TR+Byz	
10	11	7	NKO	ἐσμεν	esmen	G1510	V-PAI-1P	εἰμί	to be	we are	NA28+NA27+Tyn+SBL+WH+Treg+TR+Byz	
10	11	8	NKO	τῷ	tō	G3588	T-DSM	ὁ	the/this/who	<the>	NA28+NA27+Tyn+SBL+WH+Treg+TR+Byz	
10	11	9	NKO	λόγῳ	logō	G3056	N-DSM	λόγος	word	in word	NA28+NA27+Tyn+SBL+WH+Treg+TR+Byz	
10	11	10	NKO	δι᾽	di᾽	G1223	PREP	διά	through/because of	through	NA28+NA27+Tyn+SBL+WH+Treg+TR+Byz	
10	11	11	NKO	ἐπιστολῶν	epistolōn	G1992	N-GPF	ἐπιστολή	epistle	letters	NA28+NA27+Tyn+SBL+WH+Treg+TR+Byz	
10	11	12	NKO	ἀπόντες,	apontes	G0548	V-PAP-NPM	ἄπειμι	be away	being absent,	NA28+NA27+Tyn+SBL+WH+Treg+TR+Byz	
10	11	13	NKO	τοιοῦτοι	toioutoi	G5108	D-NPM	τοιοῦτος	such as this	such [we are]	NA28+NA27+Tyn+SBL+WH+Treg+TR+Byz	
10	11	14	NKO	καὶ	kai	G2532	CONJ	καί	and	also	NA28+NA27+Tyn+SBL+WH+Treg+TR+Byz	
10	11	15	NKO	παρόντες	parontes	G3918	V-PAP-NPM	πάρειμι	be present	being present	NA28+NA27+Tyn+SBL+WH+Treg+TR+Byz	
10	11	16	NKO	τῷ	tō	G3588	T-DSN	ὁ	the/this/who	<the>	NA28+NA27+Tyn+SBL+WH+Treg+TR+Byz	
10	11	17	NKO	ἔργῳ.¶	ergō	G2041	N-DSN	ἔργον	work	in action.	NA28+NA27+Tyn+SBL+WH+Treg+TR+Byz	
10	12	1	NKO	Οὐ	Ou	G3756	PRT-N	οὐ	no	Not	NA28+NA27+Tyn+SBL+WH+Treg+TR+Byz	
10	12	2	NKO	γὰρ	gar	G1063	CONJ	γάρ	for	for	NA28+NA27+Tyn+SBL+WH+Treg+TR+Byz	
10	12	3	NKO	τολμῶμεν	tolmōmen	G5111	V-PAI-1P	τολμάω	be bold	dare we	NA28+NA27+Tyn+SBL+WH+Treg+TR+Byz	
10	12	4	NKO	ἐγκρῖναι	egkrinai	G1469	V-AAN	ἐγκρίνω	to classify	to classify	NA28+NA27+Tyn+SBL+WH+Treg+TR+Byz	
10	12	5	NKO	ἢ	ē	G2228	CONJ	ἤ	or/than	or	NA28+NA27+Tyn+SBL+WH+Treg+TR+Byz	
10	12	6	NKO	συγκρῖναι	sugkrinai	G4793	V-AAN	συγκρίνω	to compare	to compare	NA28+NA27+Tyn+SBL+WH+Treg+TR+Byz	
10	12	7	NKO	ἑαυτούς	he'autous	G1438	F-1APM	ἑαυτοῦ	my/your/him-self	ourselves [with]	NA28+NA27+Tyn+SBL+WH+Treg+TR+Byz	
10	12	8	NKO	τισιν	tisin	G5100	X-DPM	τις	one	some	NA28+NA27+Tyn+SBL+WH+Treg+TR+Byz	
10	12	9	NKO	τῶν	tōn	G3588	T-GPM	ὁ	the/this/who	<the>	NA28+NA27+Tyn+SBL+WH+Treg+TR+Byz	
10	12	10	NKO	ἑαυτοὺς	he'autous	G1438	F-3APM	ἑαυτοῦ	my/your/him-self	themselves	NA28+NA27+Tyn+SBL+WH+Treg+TR+Byz	
10	12	11	NKO	συνιστανόντων·	sunistanontōn	G4921	V-PAP-GPM	συνίστημι, συνιστάω	to commend	commending;	NA28+NA27+Tyn+SBL+WH+Treg+TR+Byz	
10	12	12	NKO	ἀλλ᾽	all᾽	G0235	CONJ	ἀλλά	but	but	NA28+NA27+Tyn+SBL+WH+Treg+TR+Byz	
10	12	13	NKO	αὐτοὶ	autoi	G0846	P-NPM	αὐτός	he/she/it/self	these	NA28+NA27+Tyn+SBL+WH+Treg+TR+Byz	
10	12	14	NKO	ἐν	en	G1722	PREP	ἐν	in/on/among	by	NA28+NA27+Tyn+SBL+WH+Treg+TR+Byz	
10	12	15	NKO	ἑαυτοῖς	he'autois	G1438	F-3DPM	ἑαυτοῦ	my/your/him-self	themselves	NA28+NA27+Tyn+SBL+WH+Treg+TR+Byz	
10	12	16	NKO	ἑαυτοὺς	he'autous	G1438	F-3APM	ἑαυτοῦ	my/your/him-self	themselves	NA28+NA27+Tyn+SBL+WH+Treg+TR+Byz	
10	12	17	NKO	μετροῦντες	metrountes	G3354	V-PAP-NPM	μετρέω	to measure	measuring	NA28+NA27+Tyn+SBL+WH+Treg+TR+Byz	
10	12	18	NKO	καὶ	kai	G2532	CONJ	καί	and	and	NA28+NA27+Tyn+SBL+WH+Treg+TR+Byz	
10	12	19	NKO	συγκρίνοντες	sugkrinontes	G4793	V-PAP-NPM	συγκρίνω	to compare	comparing	NA28+NA27+Tyn+SBL+WH+Treg+TR+Byz	
10	12	20	NKO	ἑαυτοὺς	he'autous	G1438	F-3APM	ἑαυτοῦ	my/your/him-self	themselves	NA28+NA27+Tyn+SBL+WH+Treg+TR+Byz	
10	12	21	NKO	ἑαυτοῖς	he'autois	G1438	F-3DPM	ἑαυτοῦ	my/your/him-self	with themselves	NA28+NA27+Tyn+SBL+WH+Treg+TR+Byz	
10	12	22	NKO	οὐ	ou	G3756	PRT-N	οὐ	no	not	NA28+NA27+Tyn+SBL+WH+Treg+TR+Byz	
10	12	23	NKO	συνιᾶσιν.	suniasin	G4920	V-PAI-3P	συνίημι	to understand	understand.	NA28+NA27+Tyn+SBL+WH+Treg+TR+Byz	
10	13	1	NKO	ἡμεῖς	hēmeis	G3165	P-1NP	ἐγώ	I/we	We ourselves	NA28+NA27+Tyn+SBL+WH+Treg+TR+Byz	
10	13	2	NKO	δὲ	de	G1161	CONJ	δέ	but/and	however	NA28+NA27+Tyn+SBL+WH+Treg+TR+Byz	
10	13	3	N(k)O	οὐκ	ouk	G3756	PRT-N	οὐ	no	not	NA28+NA27+Tyn+SBL+WH+Treg	
10	13	4	NKO	εἰς	eis	G1519	PREP	εἰς	toward	into	NA28+NA27+Tyn+SBL+WH+Treg+TR+Byz	
10	13	5	NKO	τὰ	ta	G3588	T-APN	ὁ	the/this/who	the [things]	NA28+NA27+Tyn+SBL+WH+Treg+TR+Byz	
10	13	6	NKO	ἄμετρα	ametra	G0280	A-APN	ἄμετρος	immoderate	beyond measure	NA28+NA27+Tyn+SBL+WH+Treg+TR+Byz	
10	13	7	NKO	καυχησόμεθα	kauchēsometha	G2744	V-FDI-1P	καυχάομαι	to boast	will boast	NA28+NA27+Tyn+SBL+WH+Treg+TR+Byz	
10	13	8	NKO	ἀλλὰ	alla	G0235	CONJ	ἀλλά	but	but	NA28+NA27+Tyn+SBL+WH+Treg+TR+Byz	
10	13	9	NKO	κατὰ	kata	G2596	PREP	κατά	according to	according to	NA28+NA27+Tyn+SBL+WH+Treg+TR+Byz	
10	13	10	NKO	τὸ	to	G3588	T-ASN	ὁ	the/this/who	the	NA28+NA27+Tyn+SBL+WH+Treg+TR+Byz	
10	13	11	NKO	μέτρον	metron	G3358	N-ASN	μέτρον	measure	measure	NA28+NA27+Tyn+SBL+WH+Treg+TR+Byz	
10	13	12	NKO	τοῦ	tou	G3588	T-GSM	ὁ	the/this/who	of the	NA28+NA27+Tyn+SBL+WH+Treg+TR+Byz	
10	13	13	NKO	κανόνος	kanonos	G2583	N-GSM	κανών	rule	area	NA28+NA27+Tyn+SBL+WH+Treg+TR+Byz	
10	13	14	NKO	οὗ	hou	G3739	R-GSM	ὅς, ἥ	which	that	NA28+NA27+Tyn+SBL+WH+Treg+TR+Byz	
10	13	15	NKO	ἐμέρισεν	emerisen	G3307	V-AAI-3S	μερίζω	to divide	has assigned	NA28+NA27+Tyn+SBL+WH+Treg+TR+Byz	
10	13	16	NKO	ἡμῖν	hēmin	G3165	P-1DP	ἐγώ	I/we	to us	NA28+NA27+Tyn+SBL+WH+Treg+TR+Byz	
10	13	17	NKO	ὁ	ho	G3588	T-NSM	ὁ	the/this/who	<the>	NA28+NA27+Tyn+SBL+WH+Treg+TR+Byz	
10	13	18	NKO	θεὸς	theos	G2316	N-NSM-T	θεός	God	God	NA28+NA27+Tyn+SBL+WH+Treg+TR+Byz	
10	13	19	NKO	μέτρου	metrou	G3358	N-GSN	μέτρον	measure	a measure	NA28+NA27+Tyn+SBL+WH+Treg+TR+Byz	
10	13	20	NKO	ἐφικέσθαι	ephikesthai	G2185	V-2ADN	ἐφικνέομαι	to reach	to reach	NA28+NA27+Tyn+SBL+WH+Treg+TR+Byz	
10	13	21	NKO	ἄχρι	achri	G0891	PREP	ἄχρι	until	as far as	NA28+NA27+Tyn+SBL+WH+Treg+TR+Byz	
10	13	22	NKO	καὶ	kai	G2532	CONJ	καί	and	also	NA28+NA27+Tyn+SBL+WH+Treg+TR+Byz	
10	13	23	NKO	ὑμῶν.	humōn	G4771	P-2GP	σύ	you	you.	NA28+NA27+Tyn+SBL+WH+Treg+TR+Byz	
10	14	1	NKO	οὐ	ou	G3756	PRT-N	οὐ	no	Not	NA28+NA27+Tyn+SBL+WH+Treg+TR+Byz	
10	14	2	NKO	γὰρ	gar	G1063	CONJ	γάρ	for	for	NA28+NA27+Tyn+SBL+WH+Treg+TR+Byz	
10	14	3	NKO	ὡς	hōs	G5613	PRT	ὡς	which/how	as	NA28+NA27+Tyn+SBL+WH+Treg+TR+Byz	
10	14	4	NKO	μὴ	mē	G3361	PRT-N	μή	not	not	NA28+NA27+Tyn+SBL+WH+Treg+TR+Byz	
10	14	5	NKO	ἐφικνούμενοι	ephiknoumenoi	G2185	V-PNP-NPM	ἐφικνέομαι	to reach	reaching	NA28+NA27+Tyn+SBL+WH+Treg+TR+Byz	
10	14	6	NKO	εἰς	eis	G1519	PREP	εἰς	toward	to	NA28+NA27+Tyn+SBL+WH+Treg+TR+Byz	
10	14	7	NKO	ὑμᾶς	humas	G4771	P-2AP	σύ	you	you	NA28+NA27+Tyn+SBL+WH+Treg+TR+Byz	
10	14	8	NKO	ὑπερεκτείνομεν	huperekteinomen	G5239	V-PAI-1P	ὑπερεκτείνω	to overextend	we are overextending	NA28+NA27+Tyn+SBL+WH+Treg+TR+Byz	
10	14	9	NKO	ἑαυτούς·	he'autous	G1438	F-1APM	ἑαυτοῦ	my/your/him-self	ourselves;	NA28+NA27+Tyn+SBL+WH+Treg+TR+Byz	
10	14	10	NKO	ἄχρι	achri	G0891	PREP	ἄχρι	until	as far as	NA28+NA27+Tyn+SBL+WH+Treg+TR+Byz	
10	14	11	NKO	γὰρ	gar	G1063	CONJ	γάρ	for	for	NA28+NA27+Tyn+SBL+WH+Treg+TR+Byz	
10	14	12	NKO	καὶ	kai	G2532	CONJ	καί	and	also	NA28+NA27+Tyn+SBL+WH+Treg+TR+Byz	
10	14	13	NKO	ὑμῶν	humōn	G4771	P-2GP	σύ	you	you	NA28+NA27+Tyn+SBL+WH+Treg+TR+Byz	
10	14	14	NKO	ἐφθάσαμεν	ephthasamen	G5348	V-AAI-1P	φθάνω	to precede/arrive	we came	NA28+NA27+Tyn+SBL+WH+Treg+TR+Byz	
10	14	15	NKO	ἐν	en	G1722	PREP	ἐν	in/on/among	in	NA28+NA27+Tyn+SBL+WH+Treg+TR+Byz	
10	14	16	NKO	τῷ	tō	G3588	T-DSN	ὁ	the/this/who	the	NA28+NA27+Tyn+SBL+WH+Treg+TR+Byz	
10	14	17	NKO	εὐαγγελίῳ	euangeliō	G2098	N-DSN	εὐαγγέλιον	gospel	gospel	NA28+NA27+Tyn+SBL+WH+Treg+TR+Byz	
10	14	18	NKO	τοῦ	tou	G3588	T-GSM	ὁ	the/this/who	<the>	NA28+NA27+Tyn+SBL+WH+Treg+TR+Byz	
10	14	19	NKO	Χριστοῦ·	Christou	G5547	N-GSM-T	Χριστός	Christ	of Christ;	NA28+NA27+Tyn+SBL+WH+Treg+TR+Byz	
10	15	1	NKO	οὐκ	ouk	G3756	PRT-N	οὐ	no	not	NA28+NA27+Tyn+SBL+WH+Treg+TR+Byz	
10	15	2	NKO	εἰς	eis	G1519	PREP	εἰς	toward	to	NA28+NA27+Tyn+SBL+WH+Treg+TR+Byz	
10	15	3	NKO	τὰ	ta	G3588	T-APN	ὁ	the/this/who	the [things]	NA28+NA27+Tyn+SBL+WH+Treg+TR+Byz	
10	15	4	NKO	ἄμετρα	ametra	G0280	A-APN	ἄμετρος	immoderate	beyond measure	NA28+NA27+Tyn+SBL+WH+Treg+TR+Byz	
10	15	5	NKO	καυχώμενοι	kauchōmenoi	G2744	V-PNP-NPM	καυχάομαι	to boast	boasting	NA28+NA27+Tyn+SBL+WH+Treg+TR+Byz	
10	15	6	NKO	ἐν	en	G1722	PREP	ἐν	in/on/among	in	NA28+NA27+Tyn+SBL+WH+Treg+TR+Byz	
10	15	7	NKO	ἀλλοτρίοις	allotriois	G0245	A-DPM	ἀλλότριος	another’s	others’	NA28+NA27+Tyn+SBL+WH+Treg+TR+Byz	
10	15	8	NKO	κόποις,	kopois	G2873	N-DPM	κόπος	labor	labors,	NA28+NA27+Tyn+SBL+WH+Treg+TR+Byz	
10	15	9	NKO	ἐλπίδα	elpida	G1680	N-ASF	ἐλπίς	hope	hope	NA28+NA27+Tyn+SBL+WH+Treg+TR+Byz	
10	15	10	NKO	δὲ	de	G1161	CONJ	δέ	but/and	however	NA28+NA27+Tyn+SBL+WH+Treg+TR+Byz	
10	15	11	NKO	ἔχοντες	echontes	G2192	V-PAP-NPM	ἔχω	to have/be	having	NA28+NA27+Tyn+SBL+WH+Treg+TR+Byz	
10	15	12	NKO	αὐξανομένης	auxanomenēs	G0837	V-PPP-GSF	αὐξάνω	to grow	increasing	NA28+NA27+Tyn+SBL+WH+Treg+TR+Byz	
10	15	13	NKO	τῆς	tēs	G3588	T-GSF	ὁ	the/this/who	the	NA28+NA27+Tyn+SBL+WH+Treg+TR+Byz	
10	15	14	NKO	πίστεως	pisteōs	G4102G	N-GSF	πίστις	faith	faith	NA28+NA27+Tyn+SBL+WH+Treg+TR+Byz	
10	15	15	NKO	ὑμῶν	humōn	G4771	P-2GP	σύ	you	of you	NA28+NA27+Tyn+SBL+WH+Treg+TR+Byz	
10	15	16	NKO	ἐν	en	G1722	PREP	ἐν	in/on/among	among	NA28+NA27+Tyn+SBL+WH+Treg+TR+Byz	
10	15	17	NKO	ὑμῖν	humin	G4771	P-2DP	σύ	you	you	NA28+NA27+Tyn+SBL+WH+Treg+TR+Byz	
10	15	18	NKO	μεγαλυνθῆναι	megalunthēnai	G3170	V-APN	μεγαλύνω	to magnify	to be enlarged	NA28+NA27+Tyn+SBL+WH+Treg+TR+Byz	
10	15	19	NKO	κατὰ	kata	G2596	PREP	κατά	according to	according to	NA28+NA27+Tyn+SBL+WH+Treg+TR+Byz	
10	15	20	NKO	τὸν	ton	G3588	T-ASM	ὁ	the/this/who	the	NA28+NA27+Tyn+SBL+WH+Treg+TR+Byz	
10	15	21	NKO	κανόνα	kanona	G2583	N-ASM	κανών	rule	area	NA28+NA27+Tyn+SBL+WH+Treg+TR+Byz	
10	15	22	NKO	ἡμῶν	hēmōn	G3165	P-1GP	ἐγώ	I/we	of us	NA28+NA27+Tyn+SBL+WH+Treg+TR+Byz	
10	15	23	NKO	εἰς	eis	G1519	PREP	εἰς	toward	to	NA28+NA27+Tyn+SBL+WH+Treg+TR+Byz	
10	15	24	NKO	περισσείαν,	perisseian	G4050	N-ASF	περισσεία	abundance	excess,	NA28+NA27+Tyn+SBL+WH+Treg+TR+Byz	
10	16	1	NKO	εἰς	eis	G1519	PREP	εἰς	toward	so as	NA28+NA27+Tyn+SBL+WH+Treg+TR+Byz	
10	16	2	NKO	τὰ	ta	G3588	T-APN	ὁ	the/this/who	that	NA28+NA27+Tyn+SBL+WH+Treg+TR+Byz	
10	16	3	NKO	ὑπερέκεινα	huperekeina	G5238	PREP	ὑπερέκεινα	beyond	beyond	NA28+NA27+Tyn+SBL+WH+Treg+TR+Byz	
10	16	4	NKO	ὑμῶν	humōn	G4771	P-2GP	σύ	you	you	NA28+NA27+Tyn+SBL+WH+Treg+TR+Byz	
10	16	5	NKO	εὐαγγελίσασθαι,	euangelisasthai	G2097	V-AMN	εὐαγγελίζομαι	to speak good news	to evangelise,	NA28+NA27+Tyn+SBL+WH+Treg+TR+Byz	
10	16	6	NKO	οὐκ	ouk	G3756	PRT-N	οὐ	no	not	NA28+NA27+Tyn+SBL+WH+Treg+TR+Byz	
10	16	7	NKO	ἐν	en	G1722	PREP	ἐν	in/on/among	in	NA28+NA27+Tyn+SBL+WH+Treg+TR+Byz	
10	16	8	NKO	ἀλλοτρίῳ	allotriō	G0245	A-DSM	ἀλλότριος	another’s	another’s	NA28+NA27+Tyn+SBL+WH+Treg+TR+Byz	
10	16	9	NKO	κανόνι	kanoni	G2583	N-DSM	κανών	rule	area	NA28+NA27+Tyn+SBL+WH+Treg+TR+Byz	
10	16	10	NKO	εἰς	eis	G1519	PREP	εἰς	toward	in	NA28+NA27+Tyn+SBL+WH+Treg+TR+Byz	
10	16	11	NKO	τὰ	ta	G3588	T-APN	ὁ	the/this/who	<the> [things]	NA28+NA27+Tyn+SBL+WH+Treg+TR+Byz	
10	16	12	NKO	ἕτοιμα	hetoima	G2092	A-APN	ἕτοιμος	ready	ready	NA28+NA27+Tyn+SBL+WH+Treg+TR+Byz	
10	16	13	NKO	καυχήσασθαι.	kauchēsasthai	G2744	V-ADN	καυχάομαι	to boast	to boast.	NA28+NA27+Tyn+SBL+WH+Treg+TR+Byz	
10	17	1	NKO	ὁ	ho	G3588	T-NSM	ὁ	the/this/who	The [one]	NA28+NA27+Tyn+SBL+WH+Treg+TR+Byz	
10	17	2	NKO	δὲ	de	G1161	CONJ	δέ	but/and	however	NA28+NA27+Tyn+SBL+WH+Treg+TR+Byz	
10	17	3	NKO	καυχώμενος	kauchōmenos	G2744	V-PNP-NSM	καυχάομαι	to boast	boasting	NA28+NA27+Tyn+SBL+WH+Treg+TR+Byz	
10	17	4	NKO	ἐν	en	G1722	PREP	ἐν	in/on/among	in	NA28+NA27+Tyn+SBL+WH+Treg+TR+Byz	
10	17	5	NKO	κυρίῳ	kuriō	G2962G	N-DSM-T	κύριος	lord	[the] Lord	NA28+NA27+Tyn+SBL+WH+Treg+TR+Byz	
10	17	6	NKO	καυχάσθω·	kauchasthō	G2744	V-PNM-3S	καυχάομαι	to boast	he should boast;	NA28+NA27+Tyn+SBL+WH+Treg+TR+Byz	
10	18	1	NKO	οὐ	ou	G3756	PRT-N	οὐ	no	Not	NA28+NA27+Tyn+SBL+WH+Treg+TR+Byz	
10	18	2	NKO	γὰρ	gar	G1063	CONJ	γάρ	for	for	NA28+NA27+Tyn+SBL+WH+Treg+TR+Byz	
10	18	3	NKO	ὁ	ho	G3588	T-NSM	ὁ	the/this/who	the [one]	NA28+NA27+Tyn+SBL+WH+Treg+TR+Byz	
10	18	4	NKO	ἑαυτὸν	he'auton	G1438	F-3ASM	ἑαυτοῦ	my/your/him-self	himself	NA28+NA27+Tyn+SBL+WH+Treg+TR+Byz	
10	18	5	NKO	συνιστάνων,	sunistanōn	G4921	V-PAP-NSM	συνίστημι, συνιστάω	to commend	commending,	NA28+NA27+Tyn+SBL+WH+Treg+TR+Byz	
10	18	6	NKO	ἐκεῖνός	ekeinos	G1565	D-NSM	ἐκεῖνος	that	this [one]	NA28+NA27+Tyn+SBL+WH+Treg+TR+Byz	
10	18	7	NKO	ἐστιν	estin	G1510	V-PAI-3S	εἰμί	to be	is	NA28+NA27+Tyn+SBL+WH+Treg+TR+Byz	
10	18	8	NKO	δόκιμος,	dokimos	G1384	A-NSM	δόκιμος	tested	approved,	NA28+NA27+Tyn+SBL+WH+Treg+TR+Byz	
10	18	9	NKO	ἀλλ᾽	all᾽	G0235	CONJ	ἀλλά	but	but	NA28+NA27+Tyn+SBL+WH+Treg+TR+Byz	
10	18	10	NKO	ὃν	hon	G3739	R-ASM	ὅς, ἥ	which	[the one] whom	NA28+NA27+Tyn+SBL+WH+Treg+TR+Byz	
10	18	11	NKO	ὁ	ho	G3588	T-NSM	ὁ	the/this/who	the	NA28+NA27+Tyn+SBL+WH+Treg+TR+Byz	
10	18	12	NKO	κύριος	kurios	G2962G	N-NSM-T	κύριος	lord	Lord	NA28+NA27+Tyn+SBL+WH+Treg+TR+Byz	
10	18	13	NKO	συνίστησιν.¶	sunistēsin	G4921	V-PAI-3S	συνίστημι, συνιστάω	to commend	commends.	NA28+NA27+Tyn+SBL+WH+Treg+TR+Byz	
11	1	1	NKO	Ὄφελον	Hophelon	G3785	PRT	ὄφελον	I wish!	I wish	NA28+NA27+Tyn+SBL+WH+Treg+TR+Byz	
11	1	2	NKO	ἀνείχεσθέ	aneichesthe	G0430	V-IMI-2P	ἀνέχω	to endure	you were bearing with	NA28+NA27+Tyn+SBL+WH+Treg+TR+Byz	
11	1	3	NKO	μου	mou	G3165	P-1GS	ἐγώ	I/we	me	NA28+NA27+Tyn+SBL+WH+Treg+TR+Byz	
11	1	4	NKO	μικρόν	mikron	G3398	A-ASN	μικρός	small	little	NA28+NA27+Tyn+SBL+WH+Treg+TR+Byz	
11	1	5	no	τι	ti	G5100	X-ASN	τις	one	a	NA28+NA27+Tyn+SBL+WH+Treg	
11	1	6	k	τῇ	tēa	G3588	T-DSF	ὁ	the/this/who	<the>	TR+Byz	
11	1	7	N(k)O	ἀφροσύνης·	aphrosunēs	G0877	N-GSF	ἀφροσύνη	foolishness	of foolishness;	NA28+NA27+Tyn+SBL+WH+Treg	
11	1	8	NKO	ἀλλὰ	alla	G0235	CONJ	ἀλλά	but	but	NA28+NA27+Tyn+SBL+WH+Treg+TR+Byz	
11	1	9	NKO	καὶ	kai	G2532	CONJ	καί	and	indeed	NA28+NA27+Tyn+SBL+WH+Treg+TR+Byz	
11	1	10	NKO	ἀνέχεσθέ	anechesthe	G0430	V-PMI-2P	ἀνέχω	to endure	you do endure	NA28+NA27+Tyn+SBL+WH+Treg+TR+Byz	
11	1	11	NKO	μου.	mou	G3165	P-1GS	ἐγώ	I/we	me.	NA28+NA27+Tyn+SBL+WH+Treg+TR+Byz	
11	2	1	NKO	ζηλῶ	zēlō	G2206	V-PAI-1S	ζηλόω	be eager	I am jealous as to	NA28+NA27+Tyn+SBL+WH+Treg+TR+Byz	
11	2	2	NKO	γὰρ	gar	G1063	CONJ	γάρ	for	for	NA28+NA27+Tyn+SBL+WH+Treg+TR+Byz	
11	2	3	NKO	ὑμᾶς	humas	G4771	P-2AP	σύ	you	you	NA28+NA27+Tyn+SBL+WH+Treg+TR+Byz	
11	2	4	NKO	θεοῦ	theou	G2316	N-GSM-T	θεός	God	of God	NA28+NA27+Tyn+SBL+WH+Treg+TR+Byz	
11	2	5	NKO	ζήλῳ·	zēlō	G2205	N-DSM	ζῆλος	zeal	with [the] jealousy;	NA28+NA27+Tyn+SBL+WH+Treg+TR+Byz	
11	2	6	NKO	ἡρμοσάμην	hērmosamēn	G0718	V-AMI-1S	ἁρμόζω	to betroth	I have betrothed	NA28+NA27+Tyn+SBL+WH+Treg+TR+Byz	
11	2	7	NKO	γὰρ	gar	G1063	CONJ	γάρ	for	for	NA28+NA27+Tyn+SBL+WH+Treg+TR+Byz	
11	2	8	NKO	ὑμᾶς	humas	G4771	P-2AP	σύ	you	you	NA28+NA27+Tyn+SBL+WH+Treg+TR+Byz	
11	2	9	NKO	ἑνὶ	heni	G1520	A-DSM	εἷς	one	to one	NA28+NA27+Tyn+SBL+WH+Treg+TR+Byz	
11	2	10	NKO	ἀνδρὶ	andri	G0435H	N-DSM	ἀνήρ	man	husband	NA28+NA27+Tyn+SBL+WH+Treg+TR+Byz	
11	2	11	NKO	παρθένον	parthenon	G3933	N-ASF	παρθένος	virgin	a virgin	NA28+NA27+Tyn+SBL+WH+Treg+TR+Byz	
11	2	12	NKO	ἁγνὴν	hagnēn	G0053	A-ASF	ἁγνός	pure	pure	NA28+NA27+Tyn+SBL+WH+Treg+TR+Byz	
11	2	13	NKO	παραστῆσαι	parastēsai	G3936	V-2AAN	παρίστημι	to stand by	to present	NA28+NA27+Tyn+SBL+WH+Treg+TR+Byz	
11	2	14	NKO	τῷ	tō	G3588	T-DSM	ὁ	the/this/who	<the>	NA28+NA27+Tyn+SBL+WH+Treg+TR+Byz	
11	2	15	NKO	Χριστῷ,	Christō	G5547	N-DSM-T	Χριστός	Christ	to Christ,	NA28+NA27+Tyn+SBL+WH+Treg+TR+Byz	
11	3	1	NKO	φοβοῦμαι	phoboumai	G5399	V-PNI-1S	φοβέω	to fear	I am afraid	NA28+NA27+Tyn+SBL+WH+Treg+TR+Byz	
11	3	2	NKO	δὲ	de	G1161	CONJ	δέ	but/and	however	NA28+NA27+Tyn+SBL+WH+Treg+TR+Byz	
11	3	3	NKO	μή	mē	G3361	PRT-N	μή	not	lest	NA28+NA27+Tyn+SBL+WH+Treg+TR»1+Byz	
11	3	4	NKO	πως	pōs	G4458	PRT	πως	how	perhaps	NA28+NA27+Tyn+SBL+WH+Treg+TR+Byz	
11	3	5	NKO	ὡς	hōs	G5613	PRT	ὡς	which/how	as	NA28+NA27+Tyn+SBL+WH+Treg+TR+Byz	
11	3	6	NKO	ὁ	ho	G3588	T-NSM	ὁ	the/this/who	the	NA28+NA27+Tyn+SBL+WH+Treg+TR+Byz	
11	3	7	NKO	ὄφις	ophis	G3789	N-NSM	ὄφις	snake	serpent	NA28+NA27+Tyn+SBL+WH+Treg+TR+Byz	
11	3	8	NKO	ἐξηπάτησεν	exēpatēsen	G1818	V-AAI-3S	ἐξαπατάω	to deceive	deceived	NA28+NA27+Tyn+SBL+WH+Treg+TR»1+Byz»1	
11	3	9	NKO	Εὕαν	Heuan	G2096	N-ASF-P	Εὖα	Eve	Eve	NA28+NA27+Tyn+SBL+WH+Treg+TR+Byz	
11	3	10	NKO	ἐν	en	G1722	PREP	ἐν	in/on/among	in	NA28+NA27+Tyn+SBL+WH+Treg+TR+Byz	
11	3	11	NKO	τῇ	tēa	G3588	T-DSF	ὁ	the/this/who	the	NA28+NA27+Tyn+SBL+WH+Treg+TR+Byz	
11	3	12	NKO	πανουργίᾳ	panourgia	G3834	N-DSF	πανουργία	craftiness	craftiness	NA28+NA27+Tyn+SBL+WH+Treg+TR+Byz	
11	3	13	NKO	αὐτοῦ,	autou	G0846	P-GSM	αὐτός	he/she/it/self	of him,	NA28+NA27+Tyn+SBL+WH+Treg+TR+Byz	
11	3	14	k	οὕτως	houtōs	G3779	ADV	οὕτω, οὕτως	thus(-ly)	thus	TR+Byz	
11	3	15	NKO	φθαρῇ	phtharēa	G5351	V-2APS-3S	φθείρω	to corrupt	may be corrupted	NA28+NA27+Tyn+SBL+WH+Treg+TR+Byz	
11	3	16	NKO	τὰ	ta	G3588	T-NPN	ὁ	the/this/who	the	NA28+NA27+Tyn+SBL+WH+Treg+TR+Byz	
11	3	17	NKO	νοήματα	noēmata	G3540	N-NPN	νόημα	mind/thought	minds	NA28+NA27+Tyn+SBL+WH+Treg+TR+Byz	
11	3	18	NKO	ὑμῶν	humōn	G4771	P-2GP	σύ	you	of you	NA28+NA27+Tyn+SBL+WH+Treg+TR+Byz	
11	3	19	NKO	ἀπὸ	apo	G0575	PREP	ἀπό	away from	from	NA28+NA27+Tyn+SBL+WH+Treg+TR+Byz	
11	3	20	NKO	τῆς	tēs	G3588	T-GSF	ὁ	the/this/who	the	NA28+NA27+Tyn+SBL+WH+Treg+TR+Byz	
11	3	21	NKO	ἁπλότητος	haplotētos	G0572	N-GSF	ἁπλότης	openness	simplicity	NA28+NA27+Tyn+SBL+WH+Treg+TR+Byz	
11	3	22	NO	καὶ	kai	G2532	CONJ	καί	and	and	NA28+NA27+Tyn+SBL+WH+Treg	
11	3	23	NO	τῆς	tēs	G3588	T-GSF	ὁ	the/this/who	the	NA28+NA27+Tyn+SBL+WH+Treg	
11	3	24	NO	ἁγνότητος	hagnotētos	G0054	N-GSF	ἁγνότης	purity	purity	NA28+NA27+Tyn+SBL+WH+Treg	
11	3	25	NKO	τῆς	tēs	G3588	T-GSF	ὁ	the/this/who	<the>	NA28+NA27+Tyn+SBL+WH+Treg+TR+Byz	
11	3	26	NKO	εἰς	eis	G1519	PREP	εἰς	toward	in	NA28+NA27+Tyn+SBL+WH+Treg+TR+Byz	
11	3	27	NKO	τὸν	ton	G3588	T-ASM	ὁ	the/this/who	<the>	NA28+NA27+Tyn+SBL+WH+Treg+TR+Byz	
11	3	28	NKO	Χριστόν.	Christon	G5547	N-ASM-T	Χριστός	Christ	Christ.	NA28+NA27+Tyn+SBL+WH+Treg+TR+Byz	
11	4	1	NKO	εἰ	ei	G1487G	COND	εἰ	if	If	NA28+NA27+Tyn+SBL+WH+Treg+TR+Byz	
11	4	2	NKO	μὲν	men	G3303	PRT	μέν	on one hand	indeed	NA28+NA27+Tyn+SBL+WH+Treg+TR+Byz	
11	4	3	NKO	γὰρ	gar	G1063	CONJ	γάρ	for	for	NA28+NA27+Tyn+SBL+WH+Treg+TR+Byz	
11	4	4	NKO	ὁ	ho	G3588	T-NSM	ὁ	the/this/who	the [one]	NA28+NA27+Tyn+SBL+WH+Treg+TR+Byz	
11	4	5	NKO	ἐρχόμενος	erchomenos	G2064	V-PNP-NSM	ἔρχομαι	to come/go	coming	NA28+NA27+Tyn+SBL+WH+Treg+TR+Byz	
11	4	6	NKO	ἄλλον	allon	G0243	A-ASM	ἄλλος	another	another	NA28+NA27+Tyn+SBL+WH+Treg+TR+Byz	
11	4	7	NKO	Ἰησοῦν	Iēsoun	G2424G	N-ASM-P	Ἰησοῦς	Jesus/Joshua	Jesus	NA28+NA27+Tyn+SBL+WH+Treg+TR+Byz	
11	4	8	NKO	κηρύσσει	kērussei	G2784	V-PAI-3S	κηρύσσω	to preach	proclaims	NA28+NA27+Tyn+SBL+WH+Treg+TR+Byz	
11	4	9	NKO	ὃν	hon	G3739	R-ASM	ὅς, ἥ	which	whom	NA28+NA27+Tyn+SBL+WH+Treg+TR+Byz	
11	4	10	NKO	οὐκ	ouk	G3756	PRT-N	οὐ	no	not	NA28+NA27+Tyn+SBL+WH+Treg+TR+Byz	
11	4	11	NKO	ἐκηρύξαμεν,	ekēruxamen	G2784	V-AAI-1P	κηρύσσω	to preach	we did proclaim,	NA28+NA27+Tyn+SBL+WH+Treg+TR+Byz	
11	4	12	NKO	ἢ	ē	G2228	CONJ	ἤ	or/than	or	NA28+NA27+Tyn+SBL+WH+Treg+TR+Byz	
11	4	13	NKO	πνεῦμα	pneuma	G4151G	N-ASN	πνεῦμα	spirit/breath	a spirit	NA28+NA27+Tyn+SBL+WH+Treg+TR+Byz	
11	4	14	NKO	ἕτερον	heteron	G2087	A-ASN	ἕτερος	other	different	NA28+NA27+Tyn+SBL+WH+Treg+TR+Byz	
11	4	15	NKO	λαμβάνετε	lambanete	G2983	V-PAI-2P	λαμβάνω	to take	you receive	NA28+NA27+Tyn+SBL+WH+Treg+TR+Byz	
11	4	16	NKO	ὃ	ho	G3739	R-ASN	ὅς, ἥ	which	which	NA28+NA27+Tyn+SBL+WH+Treg+TR+Byz	
11	4	17	NKO	οὐκ	ouk	G3756	PRT-N	οὐ	no	not	NA28+NA27+Tyn+SBL+WH+Treg+TR+Byz	
11	4	18	NKO	ἐλάβετε,	elabete	G2983	V-2AAI-2P	λαμβάνω	to take	you did receive,	NA28+NA27+Tyn+SBL+WH+Treg+TR+Byz	
11	4	19	NKO	ἢ	ē	G2228	CONJ	ἤ	or/than	or	NA28+NA27+Tyn+SBL+WH+Treg+TR+Byz	
11	4	20	NKO	εὐαγγέλιον	euangelion	G2098	N-ASN	εὐαγγέλιον	gospel	glad tidings	NA28+NA27+Tyn+SBL+WH+Treg+TR+Byz	
11	4	21	NKO	ἕτερον	heteron	G2087	A-ASN	ἕτερος	other	different	NA28+NA27+Tyn+SBL+WH+Treg+TR+Byz	
11	4	22	NKO	ὃ	ho	G3739	R-ASN	ὅς, ἥ	which	which	NA28+NA27+Tyn+SBL+WH+Treg+TR+Byz	
11	4	23	NKO	οὐκ	ouk	G3756	PRT-N	οὐ	no	not	NA28+NA27+Tyn+SBL+WH+Treg+TR+Byz	
11	4	24	NKO	ἐδέξασθε,	edexasthe	G1209	V-ADI-2P	δέχομαι	to receive	you did accept,	NA28+NA27+Tyn+SBL+WH+Treg+TR+Byz	
11	4	25	NKO	καλῶς	kalōs	G2573	ADV	καλῶς	well	well	NA28+NA27+Tyn+SBL+WH+Treg+TR+Byz	
11	4	26	N(k)(o)	ἀνέχεσθε.¶	anechesthe	G0430	V-PNI-2P	ἀνέχω	to endure	you are enduring [it].	NA28+NA27+SBL+WH	
11	5	1	NKO	Λογίζομαι	Logizomai	G3049	V-PNI-1S	λογίζομαι	to count	I reckon	NA28+NA27+Tyn+SBL+WH+Treg+TR+Byz	
11	5	2	NKO	γὰρ	gar	G1063	CONJ	γάρ	for	for	NA28+NA27+Tyn+SBL+WH+Treg+TR+Byz	
11	5	3	NKO	μηδὲν	mēden	G3367	A-ASN-N	μηδείς	nothing	in nothing	NA28+NA27+Tyn+SBL+WH+Treg+TR+Byz	
11	5	4	NKO	ὑστερηκέναι	husterēkenai	G5302	V-RAN	ὑστερέω	to lack	to have been inferior	NA28+NA27+Tyn+SBL+WH+Treg+TR+Byz	
11	5	5	NKO	τῶν	tōn	G3588	T-GPM	ὁ	the/this/who	to those	NA28+NA27+Tyn+SBL+WH+Treg+TR+Byz	
11	5	6	NKO	ὑπερλίαν	huperlian	G5228	PREP + G3029=ADV	ὑπέρ	above/for + λίαν=greatly	most eminent	NA28+NA27+Tyn+SBL+WH+Treg+TR+Byz	
11	5	7	NKO	ἀποστόλων.	apostolōn	G0652	N-GPM	ἀπόστολος	apostle	apostles.	NA28+NA27+Tyn+SBL+WH+Treg+TR+Byz	
11	6	1	NKO	εἰ	ei	G1487M	COND	εἰ	if	If	NA28+NA27+Tyn+SBL+WH+Treg+TR+Byz	
11	6	2	NKO	δὲ	de	G1161	CONJ	δέ	but/and	however	NA28+NA27+Tyn+SBL+WH+Treg+TR+Byz	
11	6	3	NKO	καὶ	kai	G2532	CONJ	καί	and	even	NA28+NA27+Tyn+SBL+WH+Treg+TR+Byz	
11	6	4	NKO	ἰδιώτης	idiōtēs	G2399	N-NSM	ἰδιώτης	unlearned	unpolished	NA28+NA27+Tyn+SBL+WH+Treg+TR+Byz	
11	6	5	NKO	τῷ	tō	G3588	T-DSM	ὁ	the/this/who	<the>	NA28+NA27+Tyn+SBL+WH+Treg+TR+Byz	
11	6	6	NKO	λόγῳ,	logō	G3056	N-DSM	λόγος	word	in speech [I am],	NA28+NA27+Tyn+SBL+WH+Treg+TR+Byz	
11	6	7	NKO	ἀλλ᾽	all᾽	G0235	CONJ	ἀλλά	but	yet	NA28+NA27+Tyn+SBL+WH+Treg+TR+Byz	
11	6	8	NKO	οὐ	ou	G3756	PRT-N	οὐ	no	not	NA28+NA27+Tyn+SBL+WH+Treg+TR+Byz	
11	6	9	NKO	τῇ	tēa	G3588	T-DSF	ὁ	the/this/who	<the>	NA28+NA27+Tyn+SBL+WH+Treg+TR+Byz	
11	6	10	NKO	γνώσει,	gnōsei	G1108	N-DSF	γνῶσις	knowledge	in knowledge,	NA28+NA27+Tyn+SBL+WH+Treg+TR+Byz	
11	6	11	NKO	ἀλλ᾽	all᾽	G0235	CONJ	ἀλλά	but	but	NA28+NA27+Tyn+SBL+WH+Treg+TR+Byz	
11	6	12	NKO	ἐν	en	G1722	PREP	ἐν	in/on/among	in	NA28+NA27+Tyn+SBL+WH+Treg+TR+Byz	
11	6	13	NKO	παντὶ	panti	G3956	A-DSN	πᾶς	all	every [way]	NA28+NA27+Tyn+SBL+WH+Treg+TR+Byz	
11	6	14	N(k)O	φανερώσαντες	phanerōsantes	G5319	V-AAP-NPM	φανερόω	to manifest	were manifested	NA28+NA27+Tyn+SBL+WH+Treg	
11	6	15	NKO	ἐν	en	G1722	PREP	ἐν	in/on/among	in	NA28+NA27+Tyn+SBL+WH+Treg+TR+Byz	
11	6	16	NKO	πᾶσιν	pasin	G3956	A-DPN	πᾶς	all	all things	NA28+NA27+Tyn+SBL+WH+Treg+TR+Byz	
11	6	17	NKO	εἰς	eis	G1519	PREP	εἰς	toward	to	NA28+NA27+Tyn+SBL+WH+Treg+TR+Byz	
11	6	18	NKO	ὑμᾶς.	humas	G4771	P-2AP	σύ	you	you.	NA28+NA27+Tyn+SBL+WH+Treg+TR+Byz	
11	7	1	NKO	ἢ	ē	G2228	CONJ	ἤ	or/than	Or	NA28+NA27+Tyn+SBL+WH+Treg+TR+Byz	
11	7	2	NKO	ἁμαρτίαν	hamartian	G0266	N-ASF	ἁμαρτία	sin	a sin	NA28+NA27+Tyn+SBL+WH+Treg+TR+Byz	
11	7	3	NKO	ἐποίησα	epoiēsa	G4160G	V-AAI-1S	ποιέω	to do/make	did I commit	NA28+NA27+Tyn+SBL+WH+Treg+TR+Byz	
11	7	4	NKO	ἐμαυτὸν	emauton	G1473	F-1ASM	ἐμαυτοῦ	myself	myself	NA28+NA27+Tyn+SBL+WH+Treg+TR+Byz	
11	7	5	NKO	ταπεινῶν	tapeinōn	G5013	V-PAP-NSM	ταπεινόω	to humble	humbling	NA28+NA27+Tyn+SBL+WH+Treg+TR+Byz	
11	7	6	NKO	ἵνα	ina	G2443	CONJ	ἵνα	in order that/to	so that	NA28+NA27+Tyn+SBL+WH+Treg+TR+Byz	
11	7	7	NKO	ὑμεῖς	humeis	G4771	P-2NP	σύ	you	you yourselves	NA28+NA27+Tyn+SBL+WH+Treg+TR+Byz	
11	7	8	NKO	ὑψωθῆτε,	hupsōthēte	G5312	V-APS-2P	ὑψόω	to lift up	may be exalted,	NA28+NA27+Tyn+SBL+WH+Treg+TR+Byz	
11	7	9	NKO	ὅτι	hoti	G3754H	CONJ	ὅτι	that/since	because	NA28+NA27+Tyn+SBL+WH+Treg+TR+Byz	
11	7	10	NKO	δωρεὰν	dōrean	G1432	ADV	δωρεάν	freely	freely	NA28+NA27+Tyn+SBL+WH+Treg+TR+Byz	
11	7	11	NKO	τὸ	to	G3588	T-ASN	ὁ	the/this/who	the	NA28+NA27+Tyn+SBL+WH+Treg+TR+Byz	
11	7	12	NKO	τοῦ	tou	G3588	T-GSM	ὁ	the/this/who	<the>	NA28+NA27+Tyn+SBL+WH+Treg+TR+Byz	
11	7	13	NKO	θεοῦ	theou	G2316	N-GSM-T	θεός	God	of God	NA28+NA27+Tyn+SBL+WH+Treg+TR+Byz	
11	7	14	NKO	εὐαγγέλιον	euangelion	G2098	N-ASN	εὐαγγέλιον	gospel	gospel	NA28+NA27+Tyn+SBL+WH+Treg+TR+Byz	
11	7	15	NKO	εὐηγγελισάμην	euēngelisamēn	G2097	V-AMI-1S	εὐαγγελίζομαι	to speak good news	I evangelised	NA28+NA27+Tyn+SBL+WH+Treg+TR+Byz	
11	7	16	NKO	ὑμῖν;	humin	G4771	P-2DP	σύ	you	to you?	NA28+NA27+Tyn+SBL+WH+Treg+TR+Byz	
11	8	1	NKO	ἄλλας	allas	G0243	A-APF	ἄλλος	another	Other	NA28+NA27+Tyn+SBL+WH+Treg+TR+Byz	
11	8	2	NKO	ἐκκλησίας	ekklēsias	G1577	N-APF	ἐκκλησία	assembly	churches	NA28+NA27+Tyn+SBL+WH+Treg+TR+Byz	
11	8	3	NKO	ἐσύλησα	esulēsa	G4813	V-AAI-1S	συλάω	to rob	I robbed	NA28+NA27+Tyn+SBL+WH+Treg+TR+Byz	
11	8	4	NKO	λαβὼν	labōn	G2983	V-2AAP-NSM	λαμβάνω	to take	having received	NA28+NA27+Tyn+SBL+WH+Treg+TR+Byz	
11	8	5	NKO	ὀψώνιον	opsōnion	G3800	N-ASN	ὀψώνιον	compensation	support	NA28+NA27+Tyn+SBL+WH+Treg+TR+Byz	
11	8	6	NKO	πρὸς	pros	G4314	PREP	πρός	to/with	for	NA28+NA27+Tyn+SBL+WH+Treg+TR+Byz	
11	8	7	NKO	τὴν	tēn	G3588	T-ASF	ὁ	the/this/who	the	NA28+NA27+Tyn+SBL+WH+Treg+TR+Byz	
11	8	8	NKO	ὑμῶν	humōn	G4771	P-2GP	σύ	you	toward you	NA28+NA27+Tyn+SBL+WH+Treg+TR+Byz	
11	8	9	NKO	διακονίαν,	diakonian	G1248	N-ASF	διακονία	service	service,	NA28+NA27+Tyn+SBL+WH+Treg+TR+Byz	
11	9	1	NKO	καὶ	kai	G2532	CONJ	καί	and	And	NA28+NA27+Tyn+SBL+WH+Treg+TR+Byz	
11	9	2	NKO	παρὼν	parōn	G3918	V-PAP-NSM	πάρειμι	be present	being present	NA28+NA27+Tyn+SBL+WH+Treg+TR+Byz	
11	9	3	NKO	πρὸς	pros	G4314	PREP	πρός	to/with	with	NA28+NA27+Tyn+SBL+WH+Treg+TR+Byz	
11	9	4	NKO	ὑμᾶς	humas	G4771	P-2AP	σύ	you	you	NA28+NA27+Tyn+SBL+WH+Treg+TR+Byz	
11	9	5	NKO	καὶ	kai	G2532	CONJ	καί	and	and	NA28+NA27+Tyn+SBL+WH+Treg+TR+Byz	
11	9	6	NKO	ὑστερηθεὶς	husterētheis	G5302	V-APP-NSM	ὑστερέω	to lack	having been in need	NA28+NA27+Tyn+SBL+WH+Treg+TR+Byz	
11	9	7	NKO	οὐ	ou	G3756	PRT-N	οὐ	no	not	NA28+NA27+Tyn+SBL+WH+Treg+TR+Byz	
11	9	8	NKO	κατενάρκησα	katenarkēsa	G2655	V-AAI-1S	καταναρκάομαι	to burden	I did burden	NA28+NA27+Tyn+SBL+WH+Treg+TR+Byz	
11	9	9	NKO	οὐθενός·	outhenos	G3762	A-GSM	οὐδείς	none	no [one];	NA28+NA27+Tyn+SBL+WH+Treg+TR+Byz	
11	9	10	NKO	τὸ	to	G3588	T-ASN	ὁ	the/this/who	<the>	NA28+NA27+Tyn+SBL+WH+Treg+TR+Byz	
11	9	11	NKO	γὰρ	gar	G1063	CONJ	γάρ	for	for	NA28+NA27+Tyn+SBL+WH+Treg+TR+Byz	
11	9	12	NKO	ὑστέρημά	husterēma	G5303	N-ASN	ὑστέρημα	deficiency	the need	NA28+NA27+Tyn+SBL+WH+Treg+TR+Byz	
11	9	13	NKO	μου	mou	G3165	P-1GS	ἐγώ	I/we	of mine	NA28+NA27+Tyn+SBL+WH+Treg+TR+Byz	
11	9	14	NKO	προσανεπλήρωσαν	prosaneplērōsan	G4322	V-AAI-3P	προσαναπληρόω	to supply	completely filled up	NA28+NA27+Tyn+SBL+WH+Treg+TR+Byz	
11	9	15	NKO	οἱ	hoi	G3588	T-NPM	ὁ	the/this/who	the	NA28+NA27+Tyn+SBL+WH+Treg+TR+Byz	
11	9	16	NKO	ἀδελφοὶ	adelphoi	G0080	N-NPM	ἀδελφός	brother	brothers	NA28+NA27+Tyn+SBL+WH+Treg+TR+Byz	
11	9	17	NKO	ἐλθόντες	elthontes	G2064	V-2AAP-NPM	ἔρχομαι	to come/go	having come	NA28+NA27+Tyn+SBL+WH+Treg+TR+Byz	
11	9	18	NKO	ἀπὸ	apo	G0575	PREP	ἀπό	away from	from	NA28+NA27+Tyn+SBL+WH+Treg+TR+Byz	
11	9	19	NKO	Μακεδονίας,	Makedonias	G3109	N-GSF-L	Μακεδονία	Macedonia	Macedonia,	NA28+NA27+Tyn+SBL+WH+Treg+TR+Byz	
11	9	20	NKO	καὶ	kai	G2532	CONJ	καί	and	and	NA28+NA27+Tyn+SBL+WH+Treg+TR+Byz	
11	9	21	NKO	ἐν	en	G1722	PREP	ἐν	in/on/among	in	NA28+NA27+Tyn+SBL+WH+Treg+TR+Byz	
11	9	22	NKO	παντὶ	panti	G3956	A-DSN	πᾶς	all	everything	NA28+NA27+Tyn+SBL+WH+Treg+TR+Byz	
11	9	23	NKO	ἀβαρῆ	abarē	G0004	A-ASM	ἀβαρής	not burdensome	unburdensome	NA28+NA27+Tyn+SBL+WH+Treg+TR+Byz	
11	9	24	NKO	ἐμαυτὸν	emauton	G1473	F-1ASM	ἐμαυτοῦ	myself	myself	NA28+NA27+Tyn+SBL+WH+Treg+TR»1+Byz»1	
11	9	25	NKO	ὑμῖν	humin	G4771	P-2DP	σύ	you	to you	NA28+NA27+Tyn+SBL+WH+Treg+TR+Byz	
11	9	26	NKO	ἐτήρησα	etērēsa	G5083I	V-AAI-1S	τηρέω	to keep	I kept	NA28+NA27+Tyn+SBL+WH+Treg+TR+Byz	
11	9	27	NKO	καὶ	kai	G2532	CONJ	καί	and	and	NA28+NA27+Tyn+SBL+WH+Treg+TR+Byz	
11	9	28	NKO	τηρήσω.	tērēsō	G5083I	V-FAI-1S	τηρέω	to keep	will keep.	NA28+NA27+Tyn+SBL+WH+Treg+TR+Byz	
11	10	1	NKO	ἔστιν	estin	G1510	V-PAI-3S	εἰμί	to be	Is	NA28+NA27+Tyn+SBL+WH+Treg+TR+Byz	
11	10	2	NKO	ἀλήθεια	alētheia	G0225	N-NSF	ἀλήθεια	truth	[the] truth	NA28+NA27+Tyn+SBL+WH+Treg+TR+Byz	
11	10	3	NKO	Χριστοῦ	Christou	G5547	N-GSM-T	Χριστός	Christ	of Christ	NA28+NA27+Tyn+SBL+WH+Treg+TR+Byz	
11	10	4	NKO	ἐν	en	G1722	PREP	ἐν	in/on/among	in	NA28+NA27+Tyn+SBL+WH+Treg+TR+Byz	
11	10	5	NKO	ἐμοὶ	emoi	G1473	P-1DS	ἐγώ	I/we	me myself	NA28+NA27+Tyn+SBL+WH+Treg+TR+Byz	
11	10	6	NKO	ὅτι	hoti	G3754G	CONJ	ὅτι	that/since	that	NA28+NA27+Tyn+SBL+WH+Treg+TR+Byz	
11	10	7	NKO	ἡ	hē	G3588	T-NSF	ὁ	the/this/who	<the>	NA28+NA27+Tyn+SBL+WH+Treg+TR+Byz	
11	10	8	NKO	καύχησις	kauchēsis	G2746	N-NSF	καύχησις	pride	boasting	NA28+NA27+Tyn+SBL+WH+Treg+TR+Byz	
11	10	9	NKO	αὕτη	hautē	G3778	D-NSF	οὗτος	this/he/she/it	this	NA28+NA27+Tyn+SBL+WH+Treg+TR+Byz	
11	10	10	NKO	οὐ	ou	G3756	PRT-N	οὐ	no	not	NA28+NA27+Tyn+SBL+WH+Treg+TR+Byz	
11	10	11	N(k)O	φραγήσεται	phragēsetai	G5420	V-2FPI-3S	φράσσω	to stop	will be stopped	NA28+NA27+Tyn+SBL+WH+Treg+Byz	
11	10	12	NKO	εἰς	eis	G1519	PREP	εἰς	toward	of	NA28+NA27+Tyn+SBL+WH+Treg+TR+Byz	
11	10	13	NKO	ἐμὲ	eme	G1473	P-1AS	ἐγώ	I/we	mine	NA28+NA27+Tyn+SBL+WH+Treg+TR+Byz	
11	10	14	NKO	ἐν	en	G1722	PREP	ἐν	in/on/among	in	NA28+NA27+Tyn+SBL+WH+Treg+TR+Byz	
11	10	15	NKO	τοῖς	tois	G3588	T-DPN	ὁ	the/this/who	the	NA28+NA27+Tyn+SBL+WH+Treg+TR+Byz	
11	10	16	NKO	κλίμασιν	klimasin	G2824	N-DPN	κλίμα	region	regions	NA28+NA27+Tyn+SBL+WH+Treg+TR+Byz	
11	10	17	NKO	τῆς	tēs	G3588	T-GSF	ὁ	the/this/who	<the>	NA28+NA27+Tyn+SBL+WH+Treg+TR+Byz	
11	10	18	NKO	Ἀχαΐας.	Achaias	G0882	N-GSF-L	Ἀχαΐα	Achaia	of Achaia.	NA28+NA27+Tyn+SBL+WH+Treg+TR+Byz	
11	11	1	NKO	διὰ	dia	G1223	PREP	διά	through/because of	Because of	NA28+NA27+Tyn+SBL+WH+Treg+TR+Byz	
11	11	2	NKO	τί;	ti	G5101	I-ASN	τίς	which?	why?	NA28+NA27+Tyn+SBL+WH+Treg+TR+Byz	
11	11	3	NKO	ὅτι	hoti	G3754H	CONJ	ὅτι	that/since	Because	NA28+NA27+Tyn+SBL+WH+Treg+TR+Byz	
11	11	4	NKO	οὐκ	ouk	G3756	PRT-N	οὐ	no	surely	NA28+NA27+Tyn+SBL+WH+Treg+TR+Byz	
11	11	5	NKO	ἀγαπῶ	agapō	G0025	V-PAI-1S	ἀγαπάω	to love	I do love	NA28+NA27+Tyn+SBL+WH+Treg+TR+Byz	
11	11	6	NKO	ὑμᾶς;	humas	G4771	P-2AP	σύ	you	you?	NA28+NA27+Tyn+SBL+WH+Treg+TR+Byz	
11	11	7	NKO	ὁ	ho	G3588	T-NSM	ὁ	the/this/who	<the>	NA28+NA27+Tyn+SBL+WH+Treg+TR+Byz	
11	11	8	NKO	θεὸς	theos	G2316	N-NSM-T	θεός	God	God	NA28+NA27+Tyn+SBL+WH+Treg+TR+Byz	
11	11	9	NKO	οἶδεν·	oiden	G6063	V-RAI-3S	εἴδω	to perceive	knows [I do]!	NA28+NA27+Tyn+SBL+WH+Treg+TR+Byz	
11	12	1	NKO	ὃ	ho	G3739	R-ASN	ὅς, ἥ	which	What	NA28+NA27+Tyn+SBL+WH+Treg+TR+Byz	
11	12	2	NKO	δὲ	de	G1161	CONJ	δέ	but/and	however	NA28+NA27+Tyn+SBL+WH+Treg+TR+Byz	
11	12	3	NKO	ποιῶ,	poiō	G4160G	V-PAI-1S	ποιέω	to do/make	I do,	NA28+NA27+Tyn+SBL+WH+Treg+TR+Byz	
11	12	4	NKO	καὶ	kai	G2532	CONJ	καί	and	also	NA28+NA27+Tyn+SBL+WH+Treg+TR+Byz	
11	12	5	NKO	ποιήσω,	poiēsō	G4160G	V-FAI-1S	ποιέω	to do/make	I will do,	NA28+NA27+Tyn+SBL+WH+Treg+TR+Byz	
11	12	6	NKO	ἵνα	ina	G2443	CONJ	ἵνα	in order that/to	so that	NA28+NA27+Tyn+SBL+WH+Treg+TR+Byz	
11	12	7	NKO	ἐκκόψω	ekkopsō	G1581	V-AAS-1S	ἐκκόπτω	to cut off	I may cut off	NA28+NA27+Tyn+SBL+WH+Treg+TR+Byz	
11	12	8	NKO	τὴν	tēn	G3588	T-ASF	ὁ	the/this/who	the	NA28+NA27+Tyn+SBL+WH+Treg+TR+Byz	
11	12	9	NKO	ἀφορμὴν	aphormēn	G0874	N-ASF	ἀφορμή	opportunity	opportunity	NA28+NA27+Tyn+SBL+WH+Treg+TR+Byz	
11	12	10	NKO	τῶν	tōn	G3588	T-GPM	ὁ	the/this/who	of those	NA28+NA27+Tyn+SBL+WH+Treg+TR+Byz	
11	12	11	NKO	θελόντων	thelontōn	G2309	V-PAP-GPM	θέλω	to will/desire	desiring	NA28+NA27+Tyn+SBL+WH+Treg+TR+Byz	
11	12	12	NKO	ἀφορμήν,	aphormēn	G0874	N-ASF	ἀφορμή	opportunity	an opportunity	NA28+NA27+Tyn+SBL+WH+Treg+TR+Byz	
11	12	13	NKO	ἵνα	ina	G2443	CONJ	ἵνα	in order that/to	that	NA28+NA27+Tyn+SBL+WH+Treg+TR+Byz	
11	12	14	NKO	ἐν	en	G1722	PREP	ἐν	in/on/among	in	NA28+NA27+Tyn+SBL+WH+Treg+TR+Byz	
11	12	15	NKO	ᾧ	hō	G3739	R-DSN	ὅς, ἥ	which	what	NA28+NA27+Tyn+SBL+WH+Treg+TR+Byz	
11	12	16	NKO	καυχῶνται,	kauchōntai	G2744	V-PNI-3P	καυχάομαι	to boast	they are boasting,	NA28+NA27+Tyn+SBL+WH+Treg+TR+Byz	
11	12	17	NKO	εὑρεθῶσιν	heurethōsin	G2147	V-APS-3P	εὑρίσκω	to find/meet	they may be found	NA28+NA27+Tyn+SBL+WH+Treg+TR+Byz	
11	12	18	NKO	καθὼς	kathōs	G2531	CONJ	καθώς	as/just as	even as	NA28+NA27+Tyn+SBL+WH+Treg+TR+Byz	
11	12	19	NKO	καὶ	kai	G2532	CONJ	καί	and	also	NA28+NA27+Tyn+SBL+WH+Treg+TR+Byz	
11	12	20	NKO	ἡμεῖς.	hēmeis	G3165	P-1NP	ἐγώ	I/we	we ourselves.	NA28+NA27+Tyn+SBL+WH+Treg+TR+Byz	
11	13	1	NKO	οἱ	hoi	G3588	T-NPM	ὁ	the/this/who	<the>	NA28+NA27+Tyn+SBL+WH+Treg+TR+Byz	
11	13	2	NKO	γὰρ	gar	G1063	CONJ	γάρ	for	For	NA28+NA27+Tyn+SBL+WH+Treg+TR+Byz	
11	13	3	NKO	τοιοῦτοι	toioutoi	G5108	D-NPM	τοιοῦτος	such as this	such [are]	NA28+NA27+Tyn+SBL+WH+Treg+TR+Byz	
11	13	4	NKO	ψευδαπόστολοι,	pseudapostoloi	G5570	N-NPM	ψευδαπόστολος	false apostle	false apostles,	NA28+NA27+Tyn+SBL+WH+Treg+TR+Byz	
11	13	5	NKO	ἐργάται	ergatai	G2040	N-NPM	ἐργάτης	worker	workers	NA28+NA27+Tyn+SBL+WH+Treg+TR+Byz	
11	13	6	NKO	δόλιοι,	dolioi	G1386	A-NPM	δόλιος	deceitful	deceitful,	NA28+NA27+Tyn+SBL+WH+Treg+TR+Byz	
11	13	7	NKO	μετασχηματιζόμενοι	metaschēmatizomenoi	G3345	V-PMP-NPM	μετασχηματίζω	to transform	disguising themselves	NA28+NA27+Tyn+SBL+WH+Treg+TR+Byz	
11	13	8	NKO	εἰς	eis	G1519	PREP	εἰς	toward	as	NA28+NA27+Tyn+SBL+WH+Treg+TR+Byz	
11	13	9	NKO	ἀποστόλους	apostolous	G0652	N-APM	ἀπόστολος	apostle	apostles	NA28+NA27+Tyn+SBL+WH+Treg+TR+Byz	
11	13	10	NKO	Χριστοῦ·	Christou	G5547	N-GSM-T	Χριστός	Christ	of Christ;	NA28+NA27+Tyn+SBL+WH+Treg+TR+Byz	
11	14	1	NKO	καὶ	kai	G2532	CONJ	καί	and	And	NA28+NA27+Tyn+SBL+WH+Treg+TR+Byz	
11	14	2	NKO	οὐ	ou	G3756	PRT-N	οὐ	no	no	NA28+NA27+Tyn+SBL+WH+Treg+TR+Byz	
11	14	3	N(k)O	θαῦμα·	thauma	G2295	N-NSN	θαῦμα	marvel	wonder;	NA28+NA27+Tyn+SBL+WH+Treg	
11	14	4	NKO	αὐτὸς	autos	G0846	P-NSM	αὐτός	he/she/it/self	himself	NA28+NA27+Tyn+SBL+WH+Treg+TR+Byz	
11	14	5	NKO	γὰρ	gar	G1063	CONJ	γάρ	for	for	NA28+NA27+Tyn+SBL+WH+Treg+TR+Byz	
11	14	6	NKO	ὁ	ho	G3588	T-NSM	ὁ	the/this/who	<the>	NA28+NA27+Tyn+SBL+WH+Treg+TR+Byz	
11	14	7	NKO	σατανᾶς	satanas	G4567	N-NSM-T	Σατανᾶς	Satan	Satan	NA28+NA27+Tyn+SBL+WH+Treg+TR+Byz	
11	14	8	NKO	μετασχηματίζεται	metaschēmatizetai	G3345	V-PMI-3S	μετασχηματίζω	to transform	masquerades	NA28+NA27+Tyn+SBL+WH+Treg+TR+Byz	
11	14	9	NKO	εἰς	eis	G1519	PREP	εἰς	toward	as	NA28+NA27+Tyn+SBL+WH+Treg+TR+Byz	
11	14	10	NKO	ἄγγελον	angelon	G0032G	N-ASM	ἄγγελος	angel	an angel	NA28+NA27+Tyn+SBL+WH+Treg+TR+Byz	
11	14	11	NKO	φωτός·	phōtos	G5457	N-GSN	φῶς	light	of light;	NA28+NA27+Tyn+SBL+WH+Treg+TR+Byz	
11	15	1	NKO	οὐ	ou	G3756	PRT-N	οὐ	no	[It is] not	NA28+NA27+Tyn+SBL+WH+Treg+TR+Byz	
11	15	2	NKO	μέγα	mega	G3173	A-NSN	μέγας	great	surprising	NA28+NA27+Tyn+SBL+WH+Treg+TR+Byz	
11	15	3	NKO	οὖν	oun	G3767	CONJ	οὖν	therefore/then	therefore	NA28+NA27+Tyn+SBL+WH+Treg+TR+Byz	
11	15	4	NKO	εἰ	ei	G1487M	COND	εἰ	if	if	NA28+NA27+Tyn+SBL+WH+Treg+TR+Byz	
11	15	5	NKO	καὶ	kai	G2532	CONJ	καί	and	even	NA28+NA27+Tyn+SBL+WH+Treg+TR+Byz	
11	15	6	NKO	οἱ	hoi	G3588	T-NPM	ὁ	the/this/who	the	NA28+NA27+Tyn+SBL+WH+Treg+TR+Byz	
11	15	7	NKO	διάκονοι	diakonoi	G1249	N-NPM	διάκονος	servant	servants	NA28+NA27+Tyn+SBL+WH+Treg+TR+Byz	
11	15	8	NKO	αὐτοῦ	autou	G0846	P-GSM	αὐτός	he/she/it/self	of him	NA28+NA27+Tyn+SBL+WH+Treg+TR+Byz	
11	15	9	NKO	μετασχηματίζονται	metaschēmatizontai	G3345	V-PMI-3P	μετασχηματίζω	to transform	masquerade	NA28+NA27+Tyn+SBL+WH+Treg+TR+Byz	
11	15	10	NKO	ὡς	hōs	G5613	PRT	ὡς	which/how	as	NA28+NA27+Tyn+SBL+WH+Treg+TR+Byz	
11	15	11	NKO	διάκονοι	diakonoi	G1249	N-NPM	διάκονος	servant	servants	NA28+NA27+Tyn+SBL+WH+Treg+TR+Byz	
11	15	12	NKO	δικαιοσύνης	dikaiosunēs	G1343	N-GSF	δικαιοσύνη	righteousness	of righteousness	NA28+NA27+Tyn+SBL+WH+Treg+TR+Byz	
11	15	13	NKO	ὧν	hōn	G3739	R-GPM	ὅς, ἥ	which	whose	NA28+NA27+Tyn+SBL+WH+Treg+TR+Byz	
11	15	14	NKO	τὸ	to	G3588	T-NSN	ὁ	the/this/who	<the>	NA28+NA27+Tyn+SBL+WH+Treg+TR+Byz	
11	15	15	NKO	τέλος	telos	G5056	N-NSN	τέλος	goal/tax	end	NA28+NA27+Tyn+SBL+WH+Treg+TR+Byz	
11	15	16	NKO	ἔσται	estai	G1510	V-FDI-3S	εἰμί	to be	will be	NA28+NA27+Tyn+SBL+WH+Treg+TR+Byz	
11	15	17	NKO	κατὰ	kata	G2596	PREP	κατά	according to	according to	NA28+NA27+Tyn+SBL+WH+Treg+TR+Byz	
11	15	18	NKO	τὰ	ta	G3588	T-APN	ὁ	the/this/who	the	NA28+NA27+Tyn+SBL+WH+Treg+TR+Byz	
11	15	19	NKO	ἔργα	erga	G2041	N-APN	ἔργον	work	deeds	NA28+NA27+Tyn+SBL+WH+Treg+TR+Byz	
11	15	20	NKO	αὐτῶν.¶	autōn	G0846	P-GPM	αὐτός	he/she/it/self	of them.	NA28+NA27+Tyn+SBL+WH+Treg+TR+Byz	
11	16	1	NKO	Πάλιν	Palin	G3825	ADV	πάλιν	again	Again	NA28+NA27+Tyn+SBL+WH+Treg+TR+Byz	
11	16	2	NKO	λέγω,	legō	G3004G	V-PAI-1S	λέγω	to speak	I say,	NA28+NA27+Tyn+SBL+WH+Treg+TR+Byz	
11	16	3	NKO	μή	mē	G3361	PRT-N	μή	not	no	NA28+NA27+Tyn+SBL+WH+Treg+TR+Byz	
11	16	4	NKO	τίς	tis	G5100	X-NSM	τις	one	one	NA28+NA27+Tyn+SBL+WH+Treg+TR+Byz	
11	16	5	NKO	με	me	G3165	P-1AS	ἐγώ	I/we	me	NA28+NA27+Tyn+SBL+WH+Treg+TR+Byz	
11	16	6	NKO	δόξῃ	doxē	G1380	V-AAS-3S	δοκέω	to think	may think	NA28+NA27+Tyn+SBL+WH+Treg+TR+Byz	
11	16	7	NKO	ἄφρονα	aphrona	G0878	A-ASM	ἄφρων	foolish	a fool	NA28+NA27+Tyn+SBL+WH+Treg+TR+Byz	
11	16	8	NKO	εἶναι·	einai	G1511	V-PAN	εἰμί	to be	to be;	NA28+NA27+Tyn+SBL+WH+Treg+TR+Byz	
11	16	9	NKO	εἰ	ei	G1487L	COND	εἰ	if	lest	NA28+NA27+Tyn+SBL+WH+Treg+TR+Byz	
11	16	10	NKO	δὲ	de	G1161	CONJ	δέ	but/and	then	NA28+NA27+Tyn+SBL+WH+Treg+TR+Byz	
11	16	11	NKO	μή	mē	G3361	PRT-N	μή	not	except	NA28+NA27+Tyn+SBL+WH»1+Treg+TR»1+Byz»1	
11	16	12	NKO	γε,	ge	G1065	PRT	γέ	indeed	indeed	NA28+NA27+Tyn+SBL+WH+Treg+TR+Byz	
11	16	13	NKO	κἂν	kan	G2532	CONJ + G1437=COND	κἄν	and/even if	even	NA28+NA27+Tyn+SBL+WH+Treg+TR+Byz	
11	16	14	NKO	ὡς	hōs	G5613	PRT	ὡς	which/how	as	NA28+NA27+Tyn+SBL+WH+Treg+TR+Byz	
11	16	15	NKO	ἄφρονα	aphrona	G0878	A-ASM	ἄφρων	foolish	a fool	NA28+NA27+Tyn+SBL+WH+Treg+TR+Byz	
11	16	16	NKO	δέξασθέ	dexasthe	G1209	V-AMM-2P	δέχομαι	to receive	do receive	NA28+NA27+Tyn+SBL+WH+Treg+TR+Byz	
11	16	17	NKO	με,	me	G3165	P-1AS	ἐγώ	I/we	me,	NA28+NA27+Tyn+SBL+WH+Treg+TR+Byz	
11	16	18	NKO	ἵνα	ina	G2443	CONJ	ἵνα	in order that/to	that	NA28+NA27+Tyn+SBL+WH+Treg+TR+Byz	
11	16	19	NKO	κἀγὼ	kagō	G1473	P-1NS + G2532=CONJ	κἀγώ	and I	I myself also	NA28+NA27+Tyn+SBL+WH+Treg+TR»2+Byz	
11	16	20	NKO	μικρόν	mikron	G3398	A-ASN	μικρός	small	little	NA28+NA27+Tyn+SBL+WH+Treg+TR+Byz	
11	16	21	NKO	τι	ti	G5100	X-ASN	τις	one	a	NA28+NA27+Tyn+SBL+WH+Treg+TR+Byz	
11	16	22	NKO	καυχήσωμαι.	kauchēsōmai	G2744	V-ADS-1S	καυχάομαι	to boast	may boast.	NA28+NA27+Tyn+SBL+WH+Treg+TR+Byz	
11	17	1	NKO	ὃ	ho	G3739	R-ASN	ὅς, ἥ	which	What	NA28+NA27+Tyn+SBL+WH+Treg+TR+Byz	
11	17	2	NKO	λαλῶ,	lalō	G2980	V-PAI-1S	λαλέω	to speak	I am saying,	NA28+NA27+Tyn+SBL+WH+Treg+TR+Byz	
11	17	3	NKO	οὐ	ou	G3756	PRT-N	οὐ	no	not	NA28+NA27+Tyn+SBL+WH+Treg+TR+Byz	
11	17	4	NKO	κατὰ	kata	G2596	PREP	κατά	according to	according to	NA28+NA27+Tyn+SBL+WH+Treg+TR»2+Byz»2	
11	17	5	NKO	κύριον	kurion	G2962G	N-ASM-T	κύριος	lord	[the] Lord	NA28+NA27+Tyn+SBL+WH+Treg+TR»1+Byz»1	
11	17	6	NKO	λαλῶ	lalō	G2980	V-PAI-1S	λαλέω	to speak	am I saying	NA28+NA27+Tyn+SBL+WH+Treg+TR+Byz	
11	17	7	NKO	ἀλλ᾽	all᾽	G0235	CONJ	ἀλλά	but	but	NA28+NA27+Tyn+SBL+WH+Treg+TR+Byz	
11	17	8	NKO	ὡς	hōs	G5613	PRT	ὡς	which/how	as	NA28+NA27+Tyn+SBL+WH+Treg+TR+Byz	
11	17	9	NKO	ἐν	en	G1722	PREP	ἐν	in/on/among	in	NA28+NA27+Tyn+SBL+WH+Treg+TR+Byz	
11	17	10	NKO	ἀφροσύνῃ,	aphrosunē	G0877	N-DSF	ἀφροσύνη	foolishness	foolishness,	NA28+NA27+Tyn+SBL+WH+Treg+TR+Byz	
11	17	11	NKO	ἐν	en	G1722	PREP	ἐν	in/on/among	in	NA28+NA27+Tyn+SBL+WH+Treg+TR+Byz	
11	17	12	NKO	ταύτῃ	tautē	G3778	D-DSF	οὗτος	this/he/she/it	this	NA28+NA27+Tyn+SBL+WH+Treg+TR+Byz	
11	17	13	NKO	τῇ	tēa	G3588	T-DSF	ὁ	the/this/who	the	NA28+NA27+Tyn+SBL+WH+Treg+TR+Byz	
11	17	14	NKO	ὑποστάσει	hupostasei	G5287	N-DSF	ὑπόστασις	confidence/essence	confidence	NA28+NA27+Tyn+SBL+WH+Treg+TR+Byz	
11	17	15	NKO	τῆς	tēs	G3588	T-GSF	ὁ	the/this/who	<the>	NA28+NA27+Tyn+SBL+WH+Treg+TR+Byz	
11	17	16	NKO	καυχήσεως.	kauchēseōs	G2746	N-GSF	καύχησις	pride	of boasting.	NA28+NA27+Tyn+SBL+WH+Treg+TR+Byz	
11	18	1	NKO	ἐπεὶ	epei	G1893	CONJ	ἐπεί	since	Since	NA28+NA27+Tyn+SBL+WH+Treg+TR+Byz	
11	18	2	NKO	πολλοὶ	polloi	G4183	A-NPM	πολύς	much	many	NA28+NA27+Tyn+SBL+WH+Treg+TR+Byz	
11	18	3	NKO	καυχῶνται	kauchōntai	G2744	V-PNI-3P	καυχάομαι	to boast	boast	NA28+NA27+Tyn+SBL+WH+Treg+TR+Byz	
11	18	4	NKO	κατὰ	kata	G2596	PREP	κατά	according to	according to	NA28+NA27+Tyn+SBL+WH+Treg+TR+Byz	
11	18	5	ko	τὴν	tēn	G3588	T-ASF	ὁ	the/this/who	the	WH+TR+Byz	
11	18	6	NKO	σάρκα,	sarka	G4561	N-ASF	σάρξ	flesh	flesh,	NA28+NA27+Tyn+SBL+WH+Treg+TR+Byz	
11	18	7	NKO	κἀγὼ	kagō	G1473	P-1NS + G2532=CONJ	κἀγώ	and I	I myself also	NA28+NA27+Tyn+SBL+WH+Treg+TR+Byz	
11	18	8	NKO	καυχήσομαι.	kauchēsomai	G2744	V-FDI-1S	καυχάομαι	to boast	will boast.	NA28+NA27+Tyn+SBL+WH+Treg+TR+Byz	
11	19	1	NKO	ἡδέως	hēdeōs	G2234	ADV	ἡδέως	gladly	Gladly	NA28+NA27+Tyn+SBL+WH+Treg+TR+Byz	
11	19	2	NKO	γὰρ	gar	G1063	CONJ	γάρ	for	for	NA28+NA27+Tyn+SBL+WH+Treg+TR+Byz	
11	19	3	NKO	ἀνέχεσθε	anechesthe	G0430	V-PNI-2P	ἀνέχω	to endure	you bear with	NA28+NA27+Tyn+SBL+WH+Treg+TR+Byz	
11	19	4	NKO	τῶν	tōn	G3588	T-GPM	ὁ	the/this/who	<the>	NA28+NA27+Tyn+SBL+WH+Treg+TR+Byz	
11	19	5	NKO	ἀφρόνων,	aphronōn	G0878	A-GPM	ἄφρων	foolish	fools,	NA28+NA27+Tyn+SBL+WH+Treg+TR+Byz	
11	19	6	NKO	φρόνιμοι	phronimoi	G5429	A-NPM	φρόνιμος	thoughtful	wise	NA28+NA27+Tyn+SBL+WH+Treg+TR+Byz	
11	19	7	NKO	ὄντες·	ontes	G1510	V-PAP-NPM	εἰμί	to be	being!	NA28+NA27+Tyn+SBL+WH+Treg+TR+Byz	
11	20	1	NKO	ἀνέχεσθε	anechesthe	G0430	V-PNI-2P	ἀνέχω	to endure	You bear [it]	NA28+NA27+Tyn+SBL+WH+Treg+TR+Byz	
11	20	2	NKO	γάρ,	gar	G1063	CONJ	γάρ	for	for	NA28+NA27+Tyn+SBL+WH+Treg+TR+Byz	
11	20	3	NKO	εἴ	ei	G1487G	COND	εἰ	if	if	NA28+NA27+Tyn+SBL+WH+Treg+TR+Byz	
11	20	4	NKO	τις	tis	G5100	X-NSM	τις	one	anyone	NA28+NA27+Tyn+SBL+WH+Treg+TR+Byz	
11	20	5	NKO	ὑμᾶς	humas	G4771	P-2AP	σύ	you	you	NA28+NA27+Tyn+SBL+WH+Treg+TR+Byz	
11	20	6	NKO	καταδουλοῖ,	katadouloi	G2615	V-PAI-3S	καταδουλόω	to enslave	enslaves,	NA28+NA27+Tyn+SBL+WH+Treg+TR+Byz	
11	20	7	NKO	εἴ	ei	G1487G	COND	εἰ	if	if	NA28+NA27+Tyn+SBL+WH+Treg+TR+Byz	
11	20	8	NKO	τις	tis	G5100	X-NSM	τις	one	anyone	NA28+NA27+Tyn+SBL+WH+Treg+TR+Byz	
11	20	9	NKO	κατεσθίει,	katesthiei	G2719	V-PAI-3S	κατεσθίω	to devour	devours [you],	NA28+NA27+Tyn+SBL+WH+Treg+TR+Byz	
11	20	10	NKO	εἴ	ei	G1487G	COND	εἰ	if	if	NA28+NA27+Tyn+SBL+WH+Treg+TR+Byz	
11	20	11	NKO	τις	tis	G5100	X-NSM	τις	one	anyone	NA28+NA27+Tyn+SBL+WH+Treg+TR+Byz	
11	20	12	NKO	λαμβάνει,	lambanei	G2983	V-PAI-3S	λαμβάνω	to take	takes [from you],	NA28+NA27+Tyn+SBL+WH+Treg+TR+Byz	
11	20	13	NKO	εἴ	ei	G1487G	COND	εἰ	if	if	NA28+NA27+Tyn+SBL+WH+Treg+TR+Byz	
11	20	14	NKO	τις	tis	G5100	X-NSM	τις	one	anyone	NA28+NA27+Tyn+SBL+WH+Treg+TR+Byz	
11	20	15	NKO	ἐπαίρεται,	epairetai	G1869	V-PMI-3S	ἐπαίρω	to lift up	exalts himself,	NA28+NA27+Tyn+SBL+WH+Treg+TR+Byz	
11	20	16	NKO	εἴ	ei	G1487G	COND	εἰ	if	if	NA28+NA27+Tyn+SBL+WH+Treg+TR+Byz	
11	20	17	NKO	τις	tis	G5100	X-NSM	τις	one	anyone	NA28+NA27+Tyn+SBL+WH+Treg+TR+Byz	
11	20	18	NKO	εἰς	eis	G1519	PREP	εἰς	toward	in	NA28+NA27+Tyn+SBL+WH+Treg+TR+Byz	
11	20	19	NKO	πρόσωπον	prosōpon	G4383	N-ASN	πρόσωπον	face	[the] face	NA28+NA27+Tyn+SBL+WH+Treg+TR+Byz	
11	20	20	NKO	ὑμᾶς	humas	G4771	P-2AP	σύ	you	you	NA28+NA27+Tyn+SBL+WH+Treg+TR«3+Byz«3	
11	20	21	NKO	δέρει.	derei	G1194	V-PAI-3S	δέρω	to beat up	strikes.	NA28+NA27+Tyn+SBL+WH+Treg+TR+Byz	
11	21	1	NKO	κατὰ	kata	G2596	PREP	κατά	according to	As to	NA28+NA27+Tyn+SBL+WH+Treg+TR+Byz	
11	21	2	NKO	ἀτιμίαν	atimian	G0819	N-ASF	ἀτιμία	dishonour	dishonor	NA28+NA27+Tyn+SBL+WH+Treg+TR+Byz	
11	21	3	NKO	λέγω,	legō	G3004G	V-PAI-1S	λέγω	to speak	I speak,	NA28+NA27+Tyn+SBL+WH+Treg+TR+Byz	
11	21	4	NKO	ὡς	hōs	G5613	PRT	ὡς	which/how	as	NA28+NA27+Tyn+SBL+WH+Treg+TR+Byz	
11	21	5	NKO	ὅτι	hoti	G3754G	CONJ	ὅτι	that/since	that	NA28+NA27+Tyn+SBL+WH+Treg+TR+Byz	
11	21	6	NKO	ἡμεῖς	hēmeis	G3165	P-1NP	ἐγώ	I/we	we ourselves	NA28+NA27+Tyn+SBL+WH+Treg+TR+Byz	
11	21	7	N(k)O	ἠσθενήκαμεν·	ēsthenēkamen	G0770G	V-RAI-1P	ἀσθενέω	be weak	have been weak!	NA28+NA27+Tyn+SBL+WH+Treg	
11	21	8	NKO	ἐν	en	G1722	PREP	ἐν	in/on/among	In	NA28+NA27+Tyn+SBL+WH+Treg+TR+Byz	
11	21	9	NKO	ᾧ	hō	G3739	R-DSN	ὅς, ἥ	which	whatever	NA28+NA27+Tyn+SBL+WH+Treg+TR+Byz	
11	21	10	NKO	δ᾽	d᾽	G1161	CONJ	δέ	but/and	however	NA28+NA27+Tyn+SBL+WH+Treg+TR+Byz	
11	21	11	NKO	ἄν	an	G0302	PRT	ἄν	if	maybe	NA28+NA27+Tyn+SBL+WH+Treg+TR+Byz	
11	21	12	NKO	τις	tis	G5100	X-NSM	τις	one	anyone	NA28+NA27+Tyn+SBL+WH+Treg+TR+Byz	
11	21	13	NKO	τολμᾷ,	tolma	G5111	V-PAS-3S	τολμάω	be bold	may be daring —	NA28+NA27+Tyn+SBL+WH+Treg+TR+Byz	
11	21	14	NKO	ἐν	en	G1722	PREP	ἐν	in/on/among	in	NA28+NA27+Tyn+SBL+WH+Treg+TR+Byz	
11	21	15	NKO	ἀφροσύνῃ	aphrosunē	G0877	N-DSF	ἀφροσύνη	foolishness	foolishness	NA28+NA27+Tyn+SBL+WH+Treg+TR+Byz	
11	21	16	NKO	λέγω,	legō	G3004G	V-PAI-1S	λέγω	to speak	I speak —	NA28+NA27+Tyn+SBL+WH+Treg+TR+Byz	
11	21	17	NKO	τολμῶ	tolmō	G5111	V-PAI-1S	τολμάω	be bold	am daring	NA28+NA27+Tyn+SBL+WH+Treg+TR+Byz	
11	21	18	NKO	κἀγώ.	kagō	G1473	P-1NS + G2532=CONJ	κἀγώ	and I	I myself also.	NA28+NA27+Tyn+SBL+WH+Treg+TR+Byz	
11	22	1	NKO	Ἑβραῖοί	Hebraioi	G1445	N-NPM-PG	Ἑβραῖος	a Hebrew	Hebrews	NA28+NA27+Tyn+SBL+WH+Treg+TR+Byz	
11	22	2	NKO	εἰσιν;	eisin	G1510	V-PAI-3P	εἰμί	to be	are they?	NA28+NA27+Tyn+SBL+WH+Treg+TR+Byz	
11	22	3	NKO	κἀγώ·	kagō	G1473	P-1NS + G2532=CONJ	κἀγώ	and I	I myself also;	NA28+NA27+Tyn+SBL+WH+Treg+TR+Byz	
11	22	4	NKO	Ἰσραηλῖταί	Israēlitai	G2475	N-NPM-PG	Ἰσραηλίτης	Israelite	Israelites	NA28+NA27+Tyn+SBL+WH+Treg+TR+Byz	
11	22	5	NKO	εἰσιν;	eisin	G1510	V-PAI-3P	εἰμί	to be	are they?	NA28+NA27+Tyn+SBL+WH+Treg+TR+Byz	
11	22	6	NKO	κἀγώ·	kagō	G1473	P-1NS + G2532=CONJ	κἀγώ	and I	I myself also;	NA28+NA27+Tyn+SBL+WH+Treg+TR+Byz	
11	22	7	NKO	σπέρμα	sperma	G4690G	N-NSN	σπέρμα	seed	Descendants	NA28+NA27+Tyn+SBL+WH+Treg+TR+Byz	
11	22	8	NKO	Ἀβραάμ	Abraam	G0011	N-GSM-P	Ἀβραάμ	Abraham	of Abraham	NA28+NA27+Tyn+SBL+WH+Treg+TR+Byz	
11	22	9	NKO	εἰσιν;	eisin	G1510	V-PAI-3P	εἰμί	to be	are they?	NA28+NA27+Tyn+SBL+WH+Treg+TR+Byz	
11	22	10	NKO	κἀγώ·	kagō	G1473	P-1NS + G2532=CONJ	κἀγώ	and I	I myself also;	NA28+NA27+Tyn+SBL+WH+Treg+TR+Byz	
11	23	1	NKO	διάκονοι	diakonoi	G1249	N-NPM	διάκονος	servant	Servants	NA28+NA27+Tyn+SBL+WH+Treg+TR+Byz	
11	23	2	NKO	Χριστοῦ	Christou	G5547	N-GSM-T	Χριστός	Christ	of Christ	NA28+NA27+Tyn+SBL+WH+Treg+TR+Byz	
11	23	3	NKO	εἰσιν;	eisin	G1510	V-PAI-3P	εἰμί	to be	are they?	NA28+NA27+Tyn+SBL+WH+Treg+TR+Byz	
11	23	4	NKO	παραφρονῶν	paraphronōn	G3912	V-PAP-NSM	παραφρονέω	be insane	As being beside myself	NA28+NA27+Tyn+SBL+WH+Treg+TR+Byz	
11	23	5	NKO	λαλῶ·	lalō	G2980	V-PAI-1S	λαλέω	to speak	I speak;	NA28+NA27+Tyn+SBL+WH+Treg+TR+Byz	
11	23	6	NKO	ὑπὲρ	huper	G5228	PREP	ὑπέρ	above/for	above [measure]	NA28+NA27+Tyn+SBL+WH+Treg+TR+Byz	
11	23	7	NKO	ἐγώ.	egō	G1473	P-1NS	ἐγώ	I/we	I  myself[am].	NA28+NA27+Tyn+SBL+WH+Treg+TR+Byz	
11	23	8	NKO	ἐν	en	G1722	PREP	ἐν	in/on/among	in	NA28+NA27+Tyn+SBL+WH+Treg+TR+Byz	
11	23	9	NKO	κόποις	kopois	G2873	N-DPM	κόπος	labor	labors	NA28+NA27+Tyn+SBL+WH+Treg+TR+Byz	
11	23	10	NKO	περισσοτέρως,	perissoterōs	G4056	ADV-C	περισσοτέρως	more-abundantly	more abundantly	NA28+NA27+Tyn+SBL+WH+Treg+TR+Byz	
11	23	11	NKO	ἐν	en	G1722	PREP	ἐν	in/on/among	in	NA28+NA27+Tyn+SBL+WH+Treg+TR+Byz	
11	23	12	NKO	φυλακαῖς	phulakais	G5438G	N-DPF	φυλακή	prison/watch	imprisonments	NA28+NA27+Tyn+SBL+WH+Treg+TR+Byz	
11	23	13	NKO	περισσοτέρως,	perissoterōs	G4056	ADV-C	περισσοτέρως	more-abundantly	more abundantly,	NA28+NA27+Tyn+SBL+WH+Treg+TR+Byz	
11	23	14	NKO	ἐν	en	G1722	PREP	ἐν	in/on/among	in	NA28+NA27+Tyn+SBL+WH+Treg+TR«4+Byz«4	
11	23	15	NKO	πληγαῖς	plēgais	G4127	N-DPF	πληγή	plague/blow/wound	beatings	NA28+NA27+Tyn+SBL+WH+Treg+TR«5+Byz«5	
11	23	16	NKO	ὑπερβαλλόντως,	huperballontōs	G5234	ADV	ὑπερβαλλόντως	severely	above measure,	NA28+NA27+Tyn+SBL+WH+Treg+TR«6+Byz«6	
11	23	17	NKO	ἐν	en	G1722	PREP	ἐν	in/on/among	in	NA28+NA27+Tyn+SBL+WH+Treg+TR+Byz	
11	23	18	NKO	θανάτοις	thanatois	G2288	N-DPM	θάνατος	death	deaths	NA28+NA27+Tyn+SBL+WH+Treg+TR+Byz	
11	23	19	NKO	πολλάκις.	pollakis	G4178	ADV	πολλάκις	often	often.	NA28+NA27+Tyn+SBL+WH+Treg+TR+Byz	
11	24	1	NKO	ὑπὸ	hupo	G5259G	PREP	ὑπό	by/under	From	NA28+NA27+Tyn+SBL+WH+Treg+TR+Byz	
11	24	2	NKO	Ἰουδαίων	Ioudaiōn	G2453	N-GPM-PG	Ἰουδαῖος	Jewish	[the] Jews	NA28+NA27+Tyn+SBL+WH+Treg+TR+Byz	
11	24	3	NKO	πεντάκις	pentakis	G3999	ADV	πεντάκις	five times	five times	NA28+NA27+Tyn+SBL+WH+Treg+TR+Byz	
11	24	4	NKO	τεσσεράκοντα	tesserakonta	G5062	A-NUI	τεσσαράκοντα	forty	forty [lashes]	NA28+NA27+Tyn+SBL+WH+Treg+TR+Byz	
11	24	5	NKO	παρὰ	para	G3844	PREP	παρά	from with	minus	NA28+NA27+Tyn+SBL+WH+Treg+TR+Byz	
11	24	6	NKO	μίαν	mian	G1520	A-ASF	εἷς	one	one	NA28+NA27+Tyn+SBL+WH+Treg+TR+Byz	
11	24	7	NKO	ἔλαβον,	elabon	G2983	V-2AAI-1S	λαμβάνω	to take	I received,	NA28+NA27+Tyn+SBL+WH+Treg+TR+Byz	
11	25	1	NKO	τρὶς	tris	G5151	ADV	τρίς	three times	Three times	NA28+NA27+Tyn+SBL+WH+Treg+TR+Byz	
11	25	2	NKO	ἐρραβδίσθην,	errabdisthēn	G4463	V-API-1S	ῥαβδίζω	to beat with a rod	I was beaten with rods,	NA28+NA27+Tyn+SBL+WH+Treg+TR+Byz	
11	25	3	NKO	ἅπαξ	hapax	G0530	ADV	ἅπαξ	once	once	NA28+NA27+Tyn+SBL+WH+Treg+TR+Byz	
11	25	4	NKO	ἐλιθάσθην,	elithasthēn	G3034	V-API-1S	λιθάζω	to stone	I was stoned,	NA28+NA27+Tyn+SBL+WH+Treg+TR+Byz	
11	25	5	NKO	τρὶς	tris	G5151	ADV	τρίς	three times	three times	NA28+NA27+Tyn+SBL+WH+Treg+TR+Byz	
11	25	6	NKO	ἐναυάγησα,	enauagēsa	G3489	V-AAI-1S	ναυαγέω	be shipwrecked	I was shipwrecked,	NA28+NA27+Tyn+SBL+WH+Treg+TR+Byz	
11	25	7	NKO	νυχθήμερον	nuchthēmeron	G3574	N-ASN	νυχθήμερον	and night and a day	a night and a day	NA28+NA27+Tyn+SBL+WH+Treg+TR+Byz	
11	25	8	NKO	ἐν	en	G1722	PREP	ἐν	in/on/among	in	NA28+NA27+Tyn+SBL+WH+Treg+TR+Byz	
11	25	9	NKO	τῷ	tō	G3588	T-DSM	ὁ	the/this/who	the	NA28+NA27+Tyn+SBL+WH+Treg+TR+Byz	
11	25	10	NKO	βυθῷ	buthō	G1037	N-DSM	βυθός	the deep	deep [sea]	NA28+NA27+Tyn+SBL+WH+Treg+TR+Byz	
11	25	11	NKO	πεποίηκα·	pepoiēka	G4160J	V-RAI-1S	ποιέω	to do/make	I have passed;	NA28+NA27+Tyn+SBL+WH+Treg+TR+Byz	
11	26	1	NKO	ὁδοιπορίαις	hodoiporiais	G3597	N-DPF	ὁδοιπορία	journey	in journeyings	NA28+NA27+Tyn+SBL+WH+Treg+TR+Byz	
11	26	2	NKO	πολλάκις,	pollakis	G4178	ADV	πολλάκις	often	often,	NA28+NA27+Tyn+SBL+WH+Treg+TR+Byz	
11	26	3	NKO	κινδύνοις	kindunois	G2794	N-DPM	κίνδυνος	danger	in perils	NA28+NA27+Tyn+SBL+WH+Treg+TR+Byz	
11	26	4	NKO	ποταμῶν,	potamōn	G4215	N-GPM	ποταμός	river	of rivers,	NA28+NA27+Tyn+SBL+WH+Treg+TR+Byz	
11	26	5	NKO	κινδύνοις	kindunois	G2794	N-DPM	κίνδυνος	danger	in perils	NA28+NA27+Tyn+SBL+WH+Treg+TR+Byz	
11	26	6	NKO	λῃστῶν,	lēstōn	G3027	N-GPM	λῃστής	robber/rebel	of robbers,	NA28+NA27+Tyn+SBL+WH+Treg+TR+Byz	
11	26	7	NKO	κινδύνοις	kindunois	G2794	N-DPM	κίνδυνος	danger	in perils	NA28+NA27+Tyn+SBL+WH+Treg+TR+Byz	
11	26	8	NKO	ἐκ	ek	G1537	PREP	ἐκ	out from	from [my own]	NA28+NA27+Tyn+SBL+WH+Treg+TR+Byz	
11	26	9	NKO	γένους,	genous	G1085G	N-GSN	γένος	family	race,	NA28+NA27+Tyn+SBL+WH+Treg+TR+Byz	
11	26	10	NKO	κινδύνοις	kindunois	G2794	N-DPM	κίνδυνος	danger	in perils	NA28+NA27+Tyn+SBL+WH+Treg+TR+Byz	
11	26	11	NKO	ἐξ	ex	G1537	PREP	ἐκ	out from	from	NA28+NA27+Tyn+SBL+WH+Treg+TR+Byz	
11	26	12	NKO	ἐθνῶν,	ethnōn	G1484	N-GPN	ἔθνος	Gentile nation	[the] Gentiles,	NA28+NA27+Tyn+SBL+WH+Treg+TR+Byz	
11	26	13	NKO	κινδύνοις	kindunois	G2794	N-DPM	κίνδυνος	danger	in perils	NA28+NA27+Tyn+SBL+WH+Treg+TR+Byz	
11	26	14	NKO	ἐν	en	G1722	PREP	ἐν	in/on/among	in	NA28+NA27+Tyn+SBL+WH+Treg+TR+Byz	
11	26	15	NKO	πόλει,	polei	G4172	N-DSF	πόλις	city	[the] city,	NA28+NA27+Tyn+SBL+WH+Treg+TR+Byz	
11	26	16	NKO	κινδύνοις	kindunois	G2794	N-DPM	κίνδυνος	danger	in perils	NA28+NA27+Tyn+SBL+WH+Treg+TR+Byz	
11	26	17	NKO	ἐν	en	G1722	PREP	ἐν	in/on/among	in	NA28+NA27+Tyn+SBL+WH+Treg+TR+Byz	
11	26	18	NKO	ἐρημίᾳ,	erēmia	G2047	N-DSF	ἐρημία	desert	[the] wilderness,	NA28+NA27+Tyn+SBL+WH+Treg+TR+Byz	
11	26	19	NKO	κινδύνοις	kindunois	G2794	N-DPM	κίνδυνος	danger	in perils	NA28+NA27+Tyn+SBL+WH+Treg+TR+Byz	
11	26	20	NKO	ἐν	en	G1722	PREP	ἐν	in/on/among	on	NA28+NA27+Tyn+SBL+WH+Treg+TR+Byz	
11	26	21	NKO	θαλάσσῃ,	thalassē	G2281	N-DSF	θάλασσα	sea	[the] sea,	NA28+NA27+Tyn+SBL+WH+Treg+TR+Byz	
11	26	22	NKO	κινδύνοις	kindunois	G2794	N-DPM	κίνδυνος	danger	in perils	NA28+NA27+Tyn+SBL+WH+Treg+TR+Byz	
11	26	23	NKO	ἐν	en	G1722	PREP	ἐν	in/on/among	among	NA28+NA27+Tyn+SBL+WH+Treg+TR+Byz	
11	26	24	NKO	ψευδαδέλφοις,	pseudadelphois	G5569	N-DPM	ψευδάδελφος	false brother	false brothers,	NA28+NA27+Tyn+SBL+WH+Treg+TR+Byz	
11	27	1	k	ἐν	en	G1722	PREP	ἐν	in/on/among	in	TR+Byz	
11	27	2	NKO	κόπῳ	kopō	G2873	N-DSM	κόπος	labor	labor	NA28+NA27+Tyn+SBL+WH+Treg+TR+Byz	
11	27	3	NKO	καὶ	kai	G2532	CONJ	καί	and	and	NA28+NA27+Tyn+SBL+WH+Treg+TR+Byz	
11	27	4	NKO	μόχθῳ,	mochthō	G3449	N-DSM	μόχθος	toil	toil,	NA28+NA27+Tyn+SBL+WH+Treg+TR+Byz	
11	27	5	NKO	ἐν	en	G1722	PREP	ἐν	in/on/among	in	NA28+NA27+Tyn+SBL+WH+Treg+TR+Byz	
11	27	6	NKO	ἀγρυπνίαις	agrupniais	G0070	N-DPF	ἀγρυπνία	sleeplessness	watchings	NA28+NA27+Tyn+SBL+WH+Treg+TR+Byz	
11	27	7	NKO	πολλάκις,	pollakis	G4178	ADV	πολλάκις	often	often,	NA28+NA27+Tyn+SBL+WH+Treg+TR+Byz	
11	27	8	NKO	ἐν	en	G1722	PREP	ἐν	in/on/among	in	NA28+NA27+Tyn+SBL+WH+Treg+TR+Byz	
11	27	9	NKO	λιμῷ	limō	G3042	N-DSM	λιμός	hunger	hunger	NA28+NA27+Tyn+SBL+WH+Treg+TR+Byz	
11	27	10	NKO	καὶ	kai	G2532	CONJ	καί	and	and	NA28+NA27+Tyn+SBL+WH+Treg+TR+Byz	
11	27	11	NKO	δίψει,	dipsei	G1373	N-DSN	δίψος	thirst	thirst,	NA28+NA27+Tyn+SBL+WH+Treg+TR+Byz	
11	27	12	NKO	ἐν	en	G1722	PREP	ἐν	in/on/among	in	NA28+NA27+Tyn+SBL+WH+Treg+TR+Byz	
11	27	13	NKO	νηστείαις	nēsteiais	G3521	N-DPF	νηστεία	fasting	fastings	NA28+NA27+Tyn+SBL+WH+Treg+TR+Byz	
11	27	14	NKO	πολλάκις,	pollakis	G4178	ADV	πολλάκις	often	often,	NA28+NA27+Tyn+SBL+WH+Treg+TR+Byz	
11	27	15	NKO	ἐν	en	G1722	PREP	ἐν	in/on/among	in	NA28+NA27+Tyn+SBL+WH+Treg+TR+Byz	
11	27	16	NKO	ψύχει	psuchei	G5592	N-DSN	ψῦχος	cold	cold	NA28+NA27+Tyn+SBL+WH+Treg+TR+Byz	
11	27	17	NKO	καὶ	kai	G2532	CONJ	καί	and	and	NA28+NA27+Tyn+SBL+WH+Treg+TR+Byz	
11	27	18	NKO	γυμνότητι·	gumnotēti	G1132	N-DSF	γυμνότης	nakedness	nakedness;	NA28+NA27+Tyn+SBL+WH+Treg+TR+Byz	
11	28	1	NKO	χωρὶς	chōris	G5565	PREP	χωρίς	without	Besides	NA28+NA27+Tyn+SBL+WH+Treg+TR+Byz	
11	28	2	NKO	τῶν	tōn	G3588	T-GPN	ὁ	the/this/who	the [things]	NA28+NA27+Tyn+SBL+WH+Treg+TR+Byz	
11	28	3	NKO	παρεκτὸς	parektos	G3924	PREP	παρεκτός	except	external	NA28+NA27+Tyn+SBL+WH+Treg+TR+Byz	
11	28	4	NKO	ἡ	hē	G3588	T-NSF	ὁ	the/this/who	the	NA28+NA27+Tyn+SBL+WH+Treg+TR+Byz	
11	28	5	N(k)O	ἐπίστασίς	epistasis	G20447	N-NSF	ἐπίστασις	stoppage	stoppage	NA28+NA27+Tyn+SBL+WH+Treg	
11	28	6	N(k)O	μοι	moi	G3165	P-1DS	ἐγώ	I/we	on me	NA28+NA27+Tyn+SBL+WH+Treg	
11	28	7	NKO	ἡ	hē	G3588	T-NSF	ὁ	the/this/who	<the>	NA28+NA27+Tyn+SBL+WH+Treg+TR+Byz	
11	28	8	NKO	καθ᾽	kath᾽	G2596	PREP	κατά	according to	on every	NA28+NA27+Tyn+SBL+WH+Treg+TR+Byz	
11	28	9	NKO	ἡμέραν,	hēmeran	G2250	N-ASF	ἡμέρα	day	day	NA28+NA27+Tyn+SBL+WH+Treg+TR+Byz	
11	28	10	NKO	ἡ	hē	G3588	T-NSF	ὁ	the/this/who	<the>	NA28+NA27+Tyn+SBL+WH+Treg+TR+Byz	
11	28	11	NKO	μέριμνα	merimna	G3308	N-NSF	μέριμνα	concern	[is my] care	NA28+NA27+Tyn+SBL+WH+Treg+TR+Byz	
11	28	12	NKO	πασῶν	pasōn	G3956	A-GPF	πᾶς	all	for all	NA28+NA27+Tyn+SBL+WH+Treg+TR+Byz	
11	28	13	NKO	τῶν	tōn	G3588	T-GPF	ὁ	the/this/who	the	NA28+NA27+Tyn+SBL+WH+Treg+TR+Byz	
11	28	14	NKO	ἐκκλησιῶν.	ekklēsiōn	G1577	N-GPF	ἐκκλησία	assembly	churches.	NA28+NA27+Tyn+SBL+WH+Treg+TR+Byz	
11	29	1	NKO	τίς	tis	G5101	I-NSM	τίς	which?	Who	NA28+NA27+Tyn+SBL+WH+Treg+TR+Byz	
11	29	2	NKO	ἀσθενεῖ,	asthenei	G0770G	V-PAI-3S	ἀσθενέω	be weak	is weak,	NA28+NA27+Tyn+SBL+WH+Treg+TR+Byz	
11	29	3	NKO	καὶ	kai	G2532	CONJ	καί	and	and	NA28+NA27+Tyn+SBL+WH+Treg+TR+Byz	
11	29	4	NKO	οὐκ	ouk	G3756	PRT-N	οὐ	no	not	NA28+NA27+Tyn+SBL+WH+Treg+TR+Byz	
11	29	5	NKO	ἀσθενῶ;	asthenō	G0770G	V-PAI-1S	ἀσθενέω	be weak	I am weak?	NA28+NA27+Tyn+SBL+WH+Treg+TR+Byz	
11	29	6	NKO	τίς	tis	G5101	I-NSM	τίς	which?	Who	NA28+NA27+Tyn+SBL+WH+Treg+TR+Byz	
11	29	7	NKO	σκανδαλίζεται,	skandalizetai	G4624	V-PPI-3S	σκανδαλίζω	to cause to stumble	is led into sin,	NA28+NA27+Tyn+SBL+WH+Treg+TR+Byz	
11	29	8	NKO	καὶ	kai	G2532	CONJ	καί	and	and	NA28+NA27+Tyn+SBL+WH+Treg+TR+Byz	
11	29	9	NKO	οὐκ	ouk	G3756	PRT-N	οὐ	no	surely	NA28+NA27+Tyn+SBL+WH+Treg+TR+Byz	
11	29	10	NKO	ἐγὼ	egō	G1473	P-1NS	ἐγώ	I/we	I myself	NA28+NA27+Tyn+SBL+WH+Treg+TR+Byz	
11	29	11	NKO	πυροῦμαι;	puroumai	G4448	V-PPI-1S	πυρόω	to burn	do burn inwardly?	NA28+NA27+Tyn+SBL+WH+Treg+TR+Byz	
11	30	1	NKO	εἰ	ei	G1487G	COND	εἰ	if	If	NA28+NA27+Tyn+SBL+WH+Treg+TR+Byz	
11	30	2	NKO	καυχᾶσθαι	kauchasthai	G2744	V-PNN	καυχάομαι	to boast	to boast	NA28+NA27+Tyn+SBL+WH+Treg+TR+Byz	
11	30	3	NKO	δεῖ,	dei	G1163	V-PAI-3S	δεῖ	be necessary	it behooves [me],	NA28+NA27+Tyn+SBL+WH+Treg+TR+Byz	
11	30	4	NKO	τὰ	ta	G3588	T-APN	ὁ	the/this/who	[in] the [things]	NA28+NA27+Tyn+SBL+WH+Treg+TR+Byz	
11	30	5	NKO	τῆς	tēs	G3588	T-GSF	ὁ	the/this/who	of the	NA28+NA27+Tyn+SBL+WH+Treg+TR+Byz	
11	30	6	NKO	ἀσθενείας	astheneias	G0769G	N-GSF	ἀσθένεια	weakness	weakness	NA28+NA27+Tyn+SBL+WH+Treg+TR+Byz	
11	30	7	NKO	μου	mou	G3165	P-1GS	ἐγώ	I/we	of mine	NA28+NA27+Tyn+SBL+WH+Treg+TR+Byz	
11	30	8	NKO	καυχήσομαι.¶	kauchēsomai	G2744	V-FDI-1S	καυχάομαι	to boast	I will boast.	NA28+NA27+Tyn+SBL+WH+Treg+TR+Byz	
11	31	1	NKO	Ὁ	Ho	G3588	T-NSM	ὁ	the/this/who	The	NA28+NA27+Tyn+SBL+WH+Treg+TR+Byz	
11	31	2	NKO	θεὸς	theos	G2316	N-NSM-T	θεός	God	God	NA28+NA27+Tyn+SBL+WH+Treg+TR+Byz	
11	31	3	NKO	καὶ	kai	G2532	CONJ	καί	and	and	NA28+NA27+Tyn+SBL+WH+Treg+TR+Byz	
11	31	4	NKO	πατὴρ	patēr	G3962	N-NSM-T	πατήρ	father	Father	NA28+NA27+Tyn+SBL+WH+Treg+TR+Byz	
11	31	5	NKO	τοῦ	tou	G3588	T-GSM	ὁ	the/this/who	of the	NA28+NA27+Tyn+SBL+WH+Treg+TR+Byz	
11	31	6	NKO	κυρίου	kuriou	G2962G	N-GSM-T	κύριος	lord	Lord	NA28+NA27+Tyn+SBL+WH+Treg+TR+Byz	
11	31	7	k	ἡμῶν	hēmōn	G3165	P-1GP	ἐγώ	I/we	of us	TR	
11	31	8	NKO	Ἰησοῦ	Iēsou	G2424G	N-GSM-P	Ἰησοῦς	Jesus/Joshua	Jesus	NA28+NA27+Tyn+SBL+WH+Treg+TR+Byz	
11	31	9	K	Χριστοῦ	Christou	G5547	N-GSM-T	Χριστός	Christ	Christ	TR+Byz	
11	31	10	NKO	οἶδεν,	oiden	G6063	V-RAI-3S	εἴδω	to perceive	knows,	NA28+NA27+Tyn+SBL+WH+Treg+TR+Byz	
11	31	11	NKO	ὁ	ho	G3588	T-NSM	ὁ	the/this/who	who	NA28+NA27+Tyn+SBL+WH+Treg+TR+Byz	
11	31	12	NKO	ὢν	ōn	G1510	V-PAP-NSM	εἰμί	to be	is being	NA28+NA27+Tyn+SBL+WH+Treg+TR+Byz	
11	31	13	NKO	εὐλογητὸς	eulogētos	G2128	A-NSM	εὐλογητός	praiseworthy	blessed	NA28+NA27+Tyn+SBL+WH+Treg+TR+Byz	
11	31	14	NKO	εἰς	eis	G1519	PREP	εἰς	toward	to	NA28+NA27+Tyn+SBL+WH+Treg+TR+Byz	
11	31	15	NKO	τοὺς	tous	G3588	T-APM	ὁ	the/this/who	the	NA28+NA27+Tyn+SBL+WH+Treg+TR+Byz	
11	31	16	NKO	αἰῶνας,	aiōnas	G0165H	N-APM	αἰών	an age	ages,	NA28+NA27+Tyn+SBL+WH+Treg+TR+Byz	
11	31	17	NKO	ὅτι	hoti	G3754G	CONJ	ὅτι	that/since	that	NA28+NA27+Tyn+SBL+WH+Treg+TR+Byz	
11	31	18	NKO	οὐ	ou	G3756	PRT-N	οὐ	no	not	NA28+NA27+Tyn+SBL+WH+Treg+TR+Byz	
11	31	19	NKO	ψεύδομαι.¶	pseudomai	G5574	V-PNI-1S	ψεύδομαι	to lie	I am lying.	NA28+NA27+Tyn+SBL+WH+Treg+TR+Byz	
11	32	1	NKO	ἐν	en	G1722	PREP	ἐν	in/on/among	In	NA28+NA27+Tyn+SBL+WH+Treg+TR+Byz	
11	32	2	NKO	Δαμασκῷ	Damaskō	G1154	N-DSF-L	Δαμασκός	Damascus	Damascus	NA28+NA27+Tyn+SBL+WH+Treg+TR+Byz	
11	32	3	NKO	ὁ	ho	G3588	T-NSM	ὁ	the/this/who	the	NA28+NA27+Tyn+SBL+WH+Treg+TR+Byz	
11	32	4	NKO	ἐθνάρχης	ethnarchēs	G1481	N-NSM	ἐθνάρχης	governor	governor	NA28+NA27+Tyn+SBL+WH+Treg+TR+Byz	
11	32	5	NKO	Ἁρέτα	Hareta	G0702	N-GSM-P	Ἀρέτας	Aretas	under Aretas	NA28+NA27+Tyn+SBL+WH+Treg+TR+Byz	
11	32	6	NKO	τοῦ	tou	G3588	T-GSM	ὁ	the/this/who	the	NA28+NA27+Tyn+SBL+WH+Treg+TR+Byz	
11	32	7	NKO	βασιλέως	basileōs	G0935	N-GSM	βασιλεύς	king	king	NA28+NA27+Tyn+SBL+WH+Treg+TR+Byz	
11	32	8	NKO	ἐφρούρει	ephrourei	G5432	V-IAI-3S	φρουρέω	to guard	was guarding	NA28+NA27+Tyn+SBL+WH+Treg+TR+Byz	
11	32	9	NKO	τὴν	tēn	G3588	T-ASF	ὁ	the/this/who	the	NA28+NA27+Tyn+SBL+WH+Treg+TR+Byz	
11	32	10	NKO	πόλιν	polin	G4172	N-ASF	πόλις	city	city	NA28+NA27+Tyn+SBL+WH+Treg+TR»1+Byz»1	
11	32	11	NKO	Δαμασκηνῶν	Damaskēnōn	G1153	A-GPM-L	Δαμασκηνός	from Damascus	of the Damascenes	NA28+NA27+Tyn+SBL+WH+Treg+TR+Byz	
11	32	12	NKO	πιάσαι	piasai	G4084	V-AAN	πιάζω	to arrest/catch	to seize	NA28+NA27+Tyn+SBL+WH+Treg+TR+Byz	
11	32	13	NKO	με	me	G3165	P-1AS	ἐγώ	I/we	me	NA28+NA27+Tyn+SBL+WH+Treg+TR+Byz	
11	32	14	KO	θέλων,	thelōn	G2309	V-PAP-NSM	θέλω	to will/desire	wishing	Tyn+TR+Byz	
11	33	1	NKO	καὶ	kai	G2532	CONJ	καί	and	But	NA28+NA27+Tyn+SBL+WH+Treg+TR+Byz	
11	33	2	NKO	διὰ	dia	G1223	PREP	διά	through/because of	through	NA28+NA27+Tyn+SBL+WH+Treg+TR+Byz	
11	33	3	NKO	θυρίδος	thuridos	G2376	N-GSF	θυρίς	window	a window	NA28+NA27+Tyn+SBL+WH+Treg+TR+Byz	
11	33	4	NKO	ἐν	en	G1722	PREP	ἐν	in/on/among	in	NA28+NA27+Tyn+SBL+WH+Treg+TR+Byz	
11	33	5	NKO	σαργάνῃ	sarganē	G4553	N-DSF	σαργάνη	basket	a basket	NA28+NA27+Tyn+SBL+WH+Treg+TR+Byz	
11	33	6	NKO	ἐχαλάσθην	echalasthēn	G5465	V-API-1S	χαλάω	to lower	I was let down	NA28+NA27+Tyn+SBL+WH+Treg+TR+Byz	
11	33	7	NKO	διὰ	dia	G1223	PREP	διά	through/because of	through	NA28+NA27+Tyn+SBL+WH+Treg+TR+Byz	
11	33	8	NKO	τοῦ	tou	G3588	T-GSN	ὁ	the/this/who	the	NA28+NA27+Tyn+SBL+WH+Treg+TR+Byz	
11	33	9	NKO	τείχους	teichous	G5038	N-GSN	τεῖχος	wall	wall	NA28+NA27+Tyn+SBL+WH+Treg+TR+Byz	
11	33	10	NKO	καὶ	kai	G2532	CONJ	καί	and	and	NA28+NA27+Tyn+SBL+WH+Treg+TR+Byz	
11	33	11	NKO	ἐξέφυγον	exephugon	G1628	V-2AAI-1S	ἐκφεύγω	to escape	I escaped	NA28+NA27+Tyn+SBL+WH+Treg+TR+Byz	
11	33	12	NKO	τὰς	tas	G3588	T-APF	ὁ	the/this/who	the	NA28+NA27+Tyn+SBL+WH+Treg+TR+Byz	
11	33	13	NKO	χεῖρας	cheiras	G5495	N-APF	χείρ	hand	hands	NA28+NA27+Tyn+SBL+WH+Treg+TR+Byz	
11	33	14	NKO	αὐτοῦ.¶	autou	G0846	P-GSM	αὐτός	he/she/it/self	of him.	NA28+NA27+Tyn+SBL+WH+Treg+TR+Byz	
12	1	1	NKO	Καυχᾶσθαι	Kauchasthai	G2744	V-PNN	καυχάομαι	to boast	To boast	NA28+NA27+Tyn+SBL+WH+Treg+TR+Byz	
12	1	2	N(K)O	δεῖ,	dei	G1163	V-PAI-3S	δεῖ	be necessary	it behooves [me],	NA28+NA27+Tyn+SBL+WH+Treg	
12	1	3	NKO	οὐ	ou	G3756	PRT-N	οὐ	no	not	NA28+NA27+Tyn+SBL+WH+Treg+TR+Byz	
12	1	4	N(K)O	συμφέρον	sumpheron	G4851	V-PAP-NSN	συμφέρω	to be profitable	is it profitable	NA28+NA27+Tyn+SBL+WH+Treg	
12	1	5	N(K)O	μέν,	men	G3303	PRT	μέν	on one hand	indeed,	NA28+NA27+Tyn+SBL+WH+Treg	
12	1	6	NKO	ἐλεύσομαι	eleusomai	G2064	V-FDI-1S	ἔρχομαι	to come/go	I will go on	NA28+NA27+Tyn+SBL+WH+Treg+TR+Byz	
12	1	7	N(k)O	δὲ	de	G1161	CONJ	δέ	but/and	however	NA28+NA27+Tyn+SBL+WH+Treg	
12	1	8	NKO	εἰς	eis	G1519	PREP	εἰς	toward	to	NA28+NA27+Tyn+SBL+WH+Treg+TR+Byz	
12	1	9	NKO	ὀπτασίας	optasias	G3701	N-APF	ὀπτασία	vision	visions	NA28+NA27+Tyn+SBL+WH+Treg+TR+Byz	
12	1	10	NKO	καὶ	kai	G2532	CONJ	καί	and	and	NA28+NA27+Tyn+SBL+WH+Treg+TR+Byz	
12	1	11	NKO	ἀποκαλύψεις	apokalupseis	G0602	N-APF	ἀποκάλυψις	revelation	revelations	NA28+NA27+Tyn+SBL+WH+Treg+TR+Byz	
12	1	12	NKO	κυρίου.¶	kuriou	G2962G	N-GSM-T	κύριος	lord	of [the] Lord.	NA28+NA27+Tyn+SBL+WH+Treg+TR+Byz	
12	2	1	NKO	Οἶδα	Oida	G6063	V-PAI-1S	εἴδω	to perceive	I know	NA28+NA27+Tyn+SBL+WH+Treg+TR+Byz	
12	2	2	NKO	ἄνθρωπον	anthrōpon	G0444	N-ASM	ἄνθρωπος	a human	a man	NA28+NA27+Tyn+SBL+WH+Treg+TR+Byz	
12	2	3	NKO	ἐν	en	G1722	PREP	ἐν	in/on/among	in	NA28+NA27+Tyn+SBL+WH+Treg+TR+Byz	
12	2	4	NKO	Χριστῷ	Christō	G5547	N-DSM-T	Χριστός	Christ	Christ	NA28+NA27+Tyn+SBL+WH+Treg+TR+Byz	
12	2	5	NKO	πρὸ	pro	G4253	PREP	πρό	before	ago	NA28+NA27+Tyn+SBL+WH+Treg+TR+Byz	
12	2	6	NKO	ἐτῶν	etōn	G2094	N-GPN	ἔτος	year	years	NA28+NA27+Tyn+SBL+WH+Treg+TR+Byz	
12	2	7	NKO	δεκατεσσάρων,	dekatessarōn	G1180	A-GPN	δεκατέσσαρες	fourteen	fourteen —	NA28+NA27+Tyn+SBL+WH+Treg+TR+Byz	
12	2	8	NKO	εἴτε	eite	G1535	COND	εἴτε	whether	whether	NA28+NA27+Tyn+SBL+WH+Treg+TR+Byz	
12	2	9	NKO	ἐν	en	G1722	PREP	ἐν	in/on/among	in	NA28+NA27+Tyn+SBL+WH+Treg+TR+Byz	
12	2	10	NKO	σώματι	sōmati	G4983	N-DSN	σῶμα	body	[the] body	NA28+NA27+Tyn+SBL+WH+Treg+TR+Byz	
12	2	11	NKO	οὐκ	ouk	G3756	PRT-N	οὐ	no	not	NA28+NA27+Tyn+SBL+WH+Treg+TR+Byz	
12	2	12	NKO	οἶδα,	oida	G6063	V-PAI-1S	εἴδω	to perceive	I know,	NA28+NA27+Tyn+SBL+WH+Treg+TR+Byz	
12	2	13	NKO	εἴτε	eite	G1535	COND	εἴτε	whether	or	NA28+NA27+Tyn+SBL+WH+Treg+TR+Byz	
12	2	14	NKO	ἐκτὸς	ektos	G1622	PREP	ἐκτός	outside/except	out of	NA28+NA27+Tyn+SBL+WH+Treg+TR+Byz	
12	2	15	NKO	τοῦ	tou	G3588	T-GSN	ὁ	the/this/who	the	NA28+NA27+Tyn+SBL+WH+Treg+TR+Byz	
12	2	16	NKO	σώματος	sōmatos	G4983	N-GSN	σῶμα	body	body	NA28+NA27+Tyn+SBL+WH+Treg+TR+Byz	
12	2	17	NKO	οὐκ	ouk	G3756	PRT-N	οὐ	no	not	NA28+NA27+Tyn+SBL+WH+Treg+TR+Byz	
12	2	18	NKO	οἶδα,	oida	G6063	V-PAI-1S	εἴδω	to perceive	I know,	NA28+NA27+Tyn+SBL+WH+Treg+TR+Byz	
12	2	19	NKO	ὁ	ho	G3588	T-NSM	ὁ	the/this/who	<the>	NA28+NA27+Tyn+SBL+WH+Treg+TR+Byz	
12	2	20	NKO	θεὸς	theos	G2316	N-NSM-T	θεός	God	God	NA28+NA27+Tyn+SBL+WH+Treg+TR+Byz	
12	2	21	NKO	οἶδεν,	oiden	G6063	V-PAI-3S	εἴδω	to perceive	knows —	NA28+NA27+Tyn+SBL+WH+Treg+TR+Byz	
12	2	22	NKO	ἁρπαγέντα	harpagenta	G0726	V-2APP-ASM	ἁρπάζω	to seize	having been caught up	NA28+NA27+Tyn+SBL+WH+Treg+TR+Byz	
12	2	23	NKO	τὸν	ton	G3588	T-ASM	ὁ	the/this/who	<the>	NA28+NA27+Tyn+SBL+WH+Treg+TR+Byz	
12	2	24	NKO	τοιοῦτον	toiouton	G5108	D-ASM	τοιοῦτος	such as this	such a man	NA28+NA27+Tyn+SBL+WH+Treg+TR+Byz	
12	2	25	NKO	ἕως	he'ōs	G2193	PREP	ἕως	until	until	NA28+NA27+Tyn+SBL+WH+Treg+TR+Byz	
12	2	26	NKO	τρίτου	tritou	G5154	A-GSM	τρίτος	third	[the] third	NA28+NA27+Tyn+SBL+WH+Treg+TR+Byz	
12	2	27	NKO	οὐρανοῦ.	ouranou	G3772	N-GSM	οὐρανός	heaven	heaven.	NA28+NA27+Tyn+SBL+WH+Treg+TR+Byz	
12	3	1	NKO	καὶ	kai	G2532	CONJ	καί	and	And	NA28+NA27+Tyn+SBL+WH+Treg+TR+Byz	
12	3	2	NKO	οἶδα	oida	G6063	V-PAI-1S	εἴδω	to perceive	I know	NA28+NA27+Tyn+SBL+WH+Treg+TR+Byz	
12	3	3	NKO	τὸν	ton	G3588	T-ASM	ὁ	the/this/who	<the>	NA28+NA27+Tyn+SBL+WH+Treg+TR+Byz	
12	3	4	NKO	τοιοῦτον	toiouton	G5108	D-ASM	τοιοῦτος	such as this	such	NA28+NA27+Tyn+SBL+WH+Treg+TR+Byz	
12	3	5	NKO	ἄνθρωπον,	anthrōpon	G0444	N-ASM	ἄνθρωπος	a human	a man —	NA28+NA27+Tyn+SBL+WH+Treg+TR+Byz	
12	3	6	NKO	εἴτε	eite	G1535	COND	εἴτε	whether	whether	NA28+NA27+Tyn+SBL+WH+Treg+TR+Byz	
12	3	7	NKO	ἐν	en	G1722	PREP	ἐν	in/on/among	in	NA28+NA27+Tyn+SBL+WH+Treg+TR+Byz	
12	3	8	NKO	σώματι	sōmati	G4983	N-DSN	σῶμα	body	[the] body	NA28+NA27+Tyn+SBL+WH+Treg+TR+Byz	
12	3	9	NKO	εἴτε	eite	G1535	COND	εἴτε	whether	or	NA28+NA27+Tyn+SBL+WH+Treg+TR+Byz	
12	3	10	N(k)O	χωρὶς	chōris	G5565	PREP	χωρίς	without	out of	NA28+NA27+SBL+WH+Treg	
12	3	11	NKO	τοῦ	tou	G3588	T-GSN	ὁ	the/this/who	the	NA28+NA27+Tyn+SBL+WH+Treg+TR+Byz	
12	3	12	NKO	σώματος,	sōmatos	G4983	N-GSN	σῶμα	body	body,	NA28+NA27+Tyn+SBL+WH+Treg+TR+Byz	
12	3	13	NKO	οὐκ	ouk	G3756	PRT-N	οὐ	no	not	NA28+NA27+Tyn+SBL+WH+Treg+TR+Byz	
12	3	14	NKO	οἶδα,	oida	G6063	V-PAI-1S	εἴδω	to perceive	I know,	NA28+NA27+Tyn+SBL+WH+Treg+TR+Byz	
12	3	15	NKO	ὁ	ho	G3588	T-NSM	ὁ	the/this/who	<the>	NA28+NA27+Tyn+SBL+WH+Treg+TR+Byz	
12	3	16	NKO	θεὸς	theos	G2316	N-NSM-T	θεός	God	God	NA28+NA27+Tyn+SBL+WH+Treg+TR+Byz	
12	3	17	NKO	οἶδεν,	oiden	G6063	V-PAI-3S	εἴδω	to perceive	knows —	NA28+NA27+Tyn+SBL+WH+Treg+TR+Byz	
12	4	1	NKO	ὅτι	hoti	G3754G	CONJ	ὅτι	that/since	that	NA28+NA27+Tyn+SBL+WH+Treg+TR+Byz	
12	4	2	NKO	ἡρπάγη	hērpagē	G0726	V-2API-3S	ἁρπάζω	to seize	he was caught up	NA28+NA27+Tyn+SBL+WH+Treg+TR+Byz	
12	4	3	NKO	εἰς	eis	G1519	PREP	εἰς	toward	into	NA28+NA27+Tyn+SBL+WH+Treg+TR+Byz	
12	4	4	NKO	τὸν	ton	G3588	T-ASM	ὁ	the/this/who	<the>	NA28+NA27+Tyn+SBL+WH+Treg+TR+Byz	
12	4	5	NKO	παράδεισον	paradeison	G3857	N-ASM	παράδεισος	paradise	Paradise	NA28+NA27+Tyn+SBL+WH+Treg+TR+Byz	
12	4	6	NKO	καὶ	kai	G2532	CONJ	καί	and	and	NA28+NA27+Tyn+SBL+WH+Treg+TR+Byz	
12	4	7	NKO	ἤκουσεν	ēkousen	G0191	V-AAI-3S	ἀκούω	to hear	he heard	NA28+NA27+Tyn+SBL+WH+Treg+TR+Byz	
12	4	8	NKO	ἄρρητα	arrēta	G0731	A-APN	ἄρρητος	inexpressible	inexpressible	NA28+NA27+Tyn+SBL+WH+Treg+TR+Byz	
12	4	9	NKO	ῥήματα	rhēmata	G4487	N-APN	ῥῆμα	declaration	declaration	NA28+NA27+Tyn+SBL+WH+Treg+TR+Byz	
12	4	10	NKO	ἃ	ha	G3739	R-APN	ὅς, ἥ	which	which	NA28+NA27+Tyn+SBL+WH+Treg+TR+Byz	
12	4	11	NKO	οὐκ	ouk	G3756	PRT-N	οὐ	no	not	NA28+NA27+Tyn+SBL+WH+Treg+TR+Byz	
12	4	12	NKO	ἐξὸν	exon	G1832	V-PAP-NSN	ἔξεστι, ἐξόν	it is permitted	being permitted	NA28+NA27+Tyn+SBL+WH+Treg+TR+Byz	
12	4	13	NKO	ἀνθρώπῳ	anthrōpō	G0444	N-DSM	ἄνθρωπος	a human	to man	NA28+NA27+Tyn+SBL+WH+Treg+TR+Byz	
12	4	14	NKO	λαλῆσαι.	lalēsai	G2980	V-AAN	λαλέω	to speak	to speak.	NA28+NA27+Tyn+SBL+WH+Treg+TR+Byz	
12	5	1	NKO	ὑπὲρ	huper	G5228	PREP	ὑπέρ	above/for	Concerning	NA28+NA27+Tyn+SBL+WH+Treg+TR+Byz	
12	5	2	NKO	τοῦ	tou	G3588	T-GSM	ὁ	the/this/who	<the>	NA28+NA27+Tyn+SBL+WH+Treg+TR+Byz	
12	5	3	NKO	τοιούτου	toioutou	G5108	D-GSM	τοιοῦτος	such as this	such a man	NA28+NA27+Tyn+SBL+WH+Treg+TR+Byz	
12	5	4	NKO	καυχήσομαι,	kauchēsomai	G2744	V-FDI-1S	καυχάομαι	to boast	I will boast,	NA28+NA27+Tyn+SBL+WH+Treg+TR+Byz	
12	5	5	NKO	ὑπὲρ	huper	G5228	PREP	ὑπέρ	above/for	concerning	NA28+NA27+Tyn+SBL+WH+Treg+TR+Byz	
12	5	6	NKO	δὲ	de	G1161	CONJ	δέ	but/and	however	NA28+NA27+Tyn+SBL+WH+Treg+TR+Byz	
12	5	7	NKO	ἐμαυτοῦ	emautou	G1473	F-1GSM	ἐμαυτοῦ	myself	myself	NA28+NA27+Tyn+SBL+WH+Treg+TR+Byz	
12	5	8	NKO	οὐ	ou	G3756	PRT-N	οὐ	no	not	NA28+NA27+Tyn+SBL+WH+Treg+TR+Byz	
12	5	9	NKO	καυχήσομαι	kauchēsomai	G2744	V-FDI-1S	καυχάομαι	to boast	I will boast	NA28+NA27+Tyn+SBL+WH+Treg+TR+Byz	
12	5	10	NKO	εἰ	ei	G1487H	COND	εἰ	if	only	NA28+NA27+Tyn+SBL+WH+Treg+TR+Byz	
12	5	11	NKO	μὴ	mē	G3361	PRT-N	μή	not	except	NA28+NA27+Tyn+SBL+WH+Treg+TR+Byz	
12	5	12	NKO	ἐν	en	G1722	PREP	ἐν	in/on/among	in	NA28+NA27+Tyn+SBL+WH+Treg+TR+Byz	
12	5	13	NKO	ταῖς	tais	G3588	T-DPF	ὁ	the/this/who	the	NA28+NA27+Tyn+SBL+WH+Treg+TR+Byz	
12	5	14	NKO	ἀσθενείαις	astheneiais	G0769G	N-DPF	ἀσθένεια	weakness	weaknesses	NA28+NA27+Tyn+SBL+WH+Treg+TR+Byz	
12	5	15	K	μου·	mou	G3165	P-1GS	ἐγώ	I/we	of mine;	TR+Byz	
12	6	1	NKO	ἐὰν	ean	G1437	COND	ἐάν	if	If	NA28+NA27+Tyn+SBL+WH+Treg+TR+Byz	
12	6	2	NKO	γὰρ	gar	G1063	CONJ	γάρ	for	for	NA28+NA27+Tyn+SBL+WH+Treg+TR+Byz	
12	6	3	NKO	θελήσω	thelēsō	G2309	V-AAS-1S	θέλω	to will/desire	I shall desire	NA28+NA27+Tyn+SBL+WH+Treg+TR+Byz	
12	6	4	NKO	καυχήσασθαι,	kauchēsasthai	G2744	V-ADN	καυχάομαι	to boast	to boast,	NA28+NA27+Tyn+SBL+WH+Treg+TR+Byz	
12	6	5	NKO	οὐκ	ouk	G3756	PRT-N	οὐ	no	not	NA28+NA27+Tyn+SBL+WH+Treg+TR+Byz	
12	6	6	NKO	ἔσομαι	esomai	G1510	V-FDI-1S	εἰμί	to be	I will be	NA28+NA27+Tyn+SBL+WH+Treg+TR+Byz	
12	6	7	NKO	ἄφρων·	aphrōn	G0878	A-NSM	ἄφρων	foolish	a fool;	NA28+NA27+Tyn+SBL+WH+Treg+TR+Byz	
12	6	8	NKO	ἀλήθειαν	alētheian	G0225	N-ASF	ἀλήθεια	truth	[the] truth	NA28+NA27+Tyn+SBL+WH+Treg+TR+Byz	
12	6	9	NKO	γὰρ	gar	G1063	CONJ	γάρ	for	for	NA28+NA27+Tyn+SBL+WH+Treg+TR+Byz	
12	6	10	NKO	ἐρῶ·	erō	G4483	V-FAI-1S	ἔπω, ἐρῶ, εἶπον	to say	I will be speaking;	NA28+NA27+Tyn+SBL+WH+Treg+TR+Byz	
12	6	11	NKO	φείδομαι	pheidomai	G5339	V-PNI-1S	φείδομαι	to spare	I refrain	NA28+NA27+Tyn+SBL+WH+Treg+TR+Byz	
12	6	12	NKO	δὲ	de	G1161	CONJ	δέ	but/and	however	NA28+NA27+Tyn+SBL+WH+Treg+TR+Byz	
12	6	13	NKO	μή	mē	G3361	PRT-N	μή	not	lest	NA28+NA27+Tyn+SBL+WH+Treg+TR+Byz	
12	6	14	NKO	τις	tis	G5100	X-NSM	τις	one	anyone	NA28+NA27+Tyn+SBL+WH+Treg+TR+Byz	
12	6	15	NKO	εἰς	eis	G1519	PREP	εἰς	toward	to	NA28+NA27+Tyn+SBL+WH+Treg+TR+Byz	
12	6	16	NKO	ἐμὲ	eme	G1473	P-1AS	ἐγώ	I/we	me myself	NA28+NA27+Tyn+SBL+WH+Treg+TR+Byz	
12	6	17	NKO	λογίσηται	logisētai	G3049	V-ADS-3S	λογίζομαι	to count	may credit	NA28+NA27+Tyn+SBL+WH+Treg+TR+Byz	
12	6	18	NKO	ὑπὲρ	huper	G5228	PREP	ὑπέρ	above/for	more than	NA28+NA27+Tyn+SBL+WH+Treg+TR+Byz	
12	6	19	NKO	ὃ	ho	G3739	R-ASN	ὅς, ἥ	which	what	NA28+NA27+Tyn+SBL+WH+Treg+TR+Byz	
12	6	20	NKO	βλέπει	blepei	G0991	V-PAI-3S	βλέπω	to see	he sees	NA28+NA27+Tyn+SBL+WH+Treg+TR+Byz	
12	6	21	NKO	με,	me	G3165	P-1AS	ἐγώ	I/we	in me,	NA28+NA27+Tyn+SBL+WH+Treg+TR+Byz	
12	6	22	NKO	ἢ	ē	G2228	CONJ	ἤ	or/than	or	NA28+NA27+Tyn+SBL+WH+Treg+TR+Byz	
12	6	23	NKO	ἀκούει	akouei	G0191	V-PAI-3S	ἀκούω	to hear	hears	NA28+NA27+Tyn+SBL+WH+Treg+TR+Byz	
12	6	24	NKO	τι	ti	G5100	X-ASN	τις	one	anything	NA28+NA27+Tyn+SBL+TR+Byz	
12	6	25	NKO	ἐξ	ex	G1537	PREP	ἐκ	out from	of	NA28+NA27+Tyn+SBL+WH+Treg+TR+Byz	
12	6	26	NKO	ἐμοῦ	emou	G1473	S-1SGSN	ἐγώ	I/we	me	NA28+NA27+Tyn+SBL+WH+Treg+TR+Byz	
12	7	1	NKO	καὶ	kai	G2532	CONJ	καί	and	and	NA28+NA27+Tyn+SBL+WH+Treg+TR+Byz	
12	7	2	NKO	τῇ	tēa	G3588	T-DSF	ὁ	the/this/who	the	NA28+NA27+Tyn+SBL+WH+Treg+TR+Byz	
12	7	3	NKO	ὑπερβολῇ	huperbolēa	G5236	N-DSF	ὑπερβολή	surpassing	by surpassingness	NA28+NA27+Tyn+SBL+WH+Treg+TR+Byz	
12	7	4	NKO	τῶν	tōn	G3588	T-GPF	ὁ	the/this/who	of the	NA28+NA27+Tyn+SBL+WH+Treg+TR+Byz	
12	7	5	NKO	ἀποκαλύψεων.¶	apokalupseōn	G0602	N-GPF	ἀποκάλυψις	revelation	revelations.	NA28+NA27+Tyn+SBL+WH+Treg+TR+Byz	
12	7	6	NO	Διὸ	Dio	G1352	CONJ	διό	for	Therefore	NA28+NA27+Tyn+SBL+WH+Treg	
12	7	7	NKO	ἵνα	ina	G2443	CONJ	ἵνα	in order that/to	that	NA28+NA27+Tyn+SBL+WH+Treg+TR+Byz	
12	7	8	NKO	μὴ	mē	G3361	PRT-N	μή	not	not	NA28+NA27+Tyn+SBL+WH+Treg+TR+Byz	
12	7	9	NKO	ὑπεραίρωμαι,	huperairōmai	G5229	V-PPS-1S	ὑπεραίρω	be haughty	I may become conceited,	NA28+NA27+Tyn+SBL+WH+Treg+TR+Byz	
12	7	10	NKO	ἐδόθη	edothē	G1325	V-API-3S	δίδωμι	to give	was given	NA28+NA27+Tyn+SBL+WH+Treg+TR+Byz	
12	7	11	NKO	μοι	moi	G3165	P-1DS	ἐγώ	I/we	to me	NA28+NA27+Tyn+SBL+WH+Treg+TR+Byz	
12	7	12	NKO	σκόλοψ	skolops	G4647	N-NSM	σκόλοψ	thorn	a thorn	NA28+NA27+Tyn+SBL+WH+Treg+TR+Byz	
12	7	13	NKO	τῇ	tēa	G3588	T-DSF	ὁ	the/this/who	<the>	NA28+NA27+Tyn+SBL+WH+Treg+TR+Byz	
12	7	14	NKO	σαρκί,	sarki	G4561	N-DSF	σάρξ	flesh	in [my] flesh,	NA28+NA27+Tyn+SBL+WH+Treg+TR+Byz	
12	7	15	NKO	ἄγγελος	angelos	G0032H	N-NSM	ἄγγελος	angel	a messenger	NA28+NA27+Tyn+SBL+WH+Treg+TR+Byz	
12	7	16	NKO	σατανᾶ	satana	G4567	N-GSM-T	Σατανᾶς	Satan	of Satan	NA28+NA27+Tyn+SBL+WH+Treg+TR+Byz	
12	7	17	NKO	ἵνα	ina	G2443	CONJ	ἵνα	in order that/to	that	NA28+NA27+Tyn+SBL+WH+Treg+TR+Byz	
12	7	18	NKO	με	me	G3165	P-1AS	ἐγώ	I/we	me	NA28+NA27+Tyn+SBL+WH+Treg+TR+Byz	
12	7	19	NKO	κολαφίζῃ	kolaphizē	G2852	V-PAS-3S	κολαφίζω	to beat	he may buffet	NA28+NA27+Tyn+SBL+WH+Treg+TR+Byz	
12	7	20	NKO	ἵνα	ina	G2443	CONJ	ἵνα	in order that/to	so that	NA28+NA27+Tyn+SBL+WH+TR+Byz	
12	7	21	NKO	μὴ	mē	G3361	PRT-N	μή	not	not	NA28+NA27+Tyn+SBL+WH+TR+Byz	
12	7	22	NKO	ὑπεραίρωμαι.	huperairōmai	G5229	V-PPS-1S	ὑπεραίρω	be haughty	I may become conceited.	NA28+NA27+Tyn+SBL+WH+TR+Byz	
12	8	1	NKO	ὑπὲρ	huper	G5228	PREP	ὑπέρ	above/for	For	NA28+NA27+Tyn+SBL+WH+Treg+TR+Byz	
12	8	2	NKO	τούτου	toutou	G3778	D-GSN	οὗτος	this/he/she/it	this	NA28+NA27+Tyn+SBL+WH+Treg+TR+Byz	
12	8	3	NKO	τρὶς	tris	G5151	ADV	τρίς	three times	three times	NA28+NA27+Tyn+SBL+WH+Treg+TR+Byz	
12	8	4	NKO	τὸν	ton	G3588	T-ASM	ὁ	the/this/who	the	NA28+NA27+Tyn+SBL+WH+Treg+TR+Byz	
12	8	5	NKO	κύριον	kurion	G2962G	N-ASM-T	κύριος	lord	Lord	NA28+NA27+Tyn+SBL+WH+Treg+TR+Byz	
12	8	6	NKO	παρεκάλεσα	parekalesa	G3870	V-AAI-1S	παρακαλέω	to plead/comfort	I begged	NA28+NA27+Tyn+SBL+WH+Treg+TR+Byz	
12	8	7	NKO	ἵνα	ina	G2443	CONJ	ἵνα	in order that/to	that	NA28+NA27+Tyn+SBL+WH+Treg+TR+Byz	
12	8	8	NKO	ἀποστῇ	apostēa	G0868	V-2AAS-3S	ἀφίστημι	to leave	it may depart	NA28+NA27+Tyn+SBL+WH+Treg+TR+Byz	
12	8	9	NKO	ἀπ᾽	ap᾽	G0575	PREP	ἀπό	away from	from	NA28+NA27+Tyn+SBL+WH+Treg+TR+Byz	
12	8	10	NKO	ἐμοῦ.	emou	G1473	S-1SGSN	ἐγώ	I/we	me.	NA28+NA27+Tyn+SBL+WH+Treg+TR+Byz	
12	9	1	NKO	καὶ	kai	G2532	CONJ	καί	and	And	NA28+NA27+Tyn+SBL+WH+Treg+TR+Byz	
12	9	2	NKO	εἴρηκέν	eirēken	G2046	V-RAI-3S	ἔπω, ἐρῶ, εἶπον	to say	He has said	NA28+NA27+Tyn+SBL+WH+Treg+TR+Byz	
12	9	3	NKO	μοι·	moi	G3165	P-1DS	ἐγώ	I/we	to me;	NA28+NA27+Tyn+SBL+WH+Treg+TR+Byz	
12	9	4	NKO	ἀρκεῖ	arkei	G0714	V-PAI-3S	ἀρκέω	be sufficient	Suffices	NA28+NA27+Tyn+SBL+WH+Treg+TR+Byz	
12	9	5	NKO	σοι	soi	G4771	P-2DS	σύ	you	you	NA28+NA27+Tyn+SBL+WH+Treg+TR+Byz	
12	9	6	NKO	ἡ	hē	G3588	T-NSF	ὁ	the/this/who	the	NA28+NA27+Tyn+SBL+WH+Treg+TR+Byz	
12	9	7	NKO	χάρις	charis	G5485	N-NSF	χάρις	grace	grace	NA28+NA27+Tyn+SBL+WH+Treg+TR+Byz	
12	9	8	NKO	μου·	mou	G3165	P-1GS	ἐγώ	I/we	of Mine;	NA28+NA27+Tyn+SBL+WH+Treg+TR+Byz	
12	9	9	NKO	ἡ	hē	G3588	T-NSF	ὁ	the/this/who	the	NA28+NA27+Tyn+SBL+WH+Treg+TR+Byz	
12	9	10	NKO	γὰρ	gar	G1063	CONJ	γάρ	for	for	NA28+NA27+Tyn+SBL+WH+Treg+TR+Byz	
12	9	11	NKO	δύναμις	dunamis	G1411	N-NSF	δύναμις	power	power	NA28+NA27+Tyn+SBL+WH+Treg+TR+Byz	
12	9	12	K	μου	mou	G3165	P-1GS	ἐγώ	I/we	of mine	TR+Byz	
12	9	13	NKO	ἐν	en	G1722	PREP	ἐν	in/on/among	in	NA28+NA27+Tyn+SBL+WH+Treg+TR+Byz	
12	9	14	NKO	ἀσθενείᾳ	astheneia	G0769G	N-DSF	ἀσθένεια	weakness	weakness	NA28+NA27+Tyn+SBL+WH+Treg+TR+Byz	
12	9	15	N(k)O	τελεῖται.	teleitai	G5055	V-PPI-3S	τελέω	to finish	is finished.	NA28+NA27+Tyn+SBL+WH+Treg	
12	9	16	NKO	ἥδιστα	hēdista	G2236	A-APN	ἥδιστα	most gladly	Most gladly	NA28+NA27+Tyn+SBL+WH+Treg+TR+Byz	
12	9	17	NKO	οὖν	oun	G3767	CONJ	οὖν	therefore/then	therefore	NA28+NA27+Tyn+SBL+WH+Treg+TR+Byz	
12	9	18	NKO	μᾶλλον	mallon	G3123G	ADV	μᾶλλον	more	rather	NA28+NA27+Tyn+SBL+WH+Treg+TR+Byz	
12	9	19	NKO	καυχήσομαι	kauchēsomai	G2744	V-FDI-1S	καυχάομαι	to boast	will I boast	NA28+NA27+Tyn+SBL+WH+Treg+TR+Byz	
12	9	20	NKO	ἐν	en	G1722	PREP	ἐν	in/on/among	in	NA28+NA27+Tyn+SBL+WH+Treg+TR+Byz	
12	9	21	NKO	ταῖς	tais	G3588	T-DPF	ὁ	the/this/who	the	NA28+NA27+Tyn+SBL+WH+Treg+TR+Byz	
12	9	22	NKO	ἀσθενείαις	astheneiais	G0769G	N-DPF	ἀσθένεια	weakness	weaknesses	NA28+NA27+Tyn+SBL+WH+Treg+TR+Byz	
12	9	23	NKO	μου,	mou	G3165	P-1GS	ἐγώ	I/we	of mine,	NA28+NA27+Tyn+SBL+Treg+TR+Byz	
12	9	24	NKO	ἵνα	ina	G2443	CONJ	ἵνα	in order that/to	so that	NA28+NA27+Tyn+SBL+WH+Treg+TR+Byz	
12	9	25	NKO	ἐπισκηνώσῃ	episkēnōsē	G1981	V-AAS-3S	ἐπισκηνόω	to rest upon/dwell	may rest	NA28+NA27+Tyn+SBL+WH+Treg+TR+Byz	
12	9	26	NKO	ἐπ᾽	ep᾽	G1909	PREP	ἐπί	upon/to/against	upon	NA28+NA27+Tyn+SBL+WH+Treg+TR+Byz	
12	9	27	NKO	ἐμὲ	eme	G1473	P-1AS	ἐγώ	I/we	me myself	NA28+NA27+Tyn+SBL+WH+Treg+TR+Byz	
12	9	28	NKO	ἡ	hē	G3588	T-NSF	ὁ	the/this/who	the	NA28+NA27+Tyn+SBL+WH+Treg+TR+Byz	
12	9	29	NKO	δύναμις	dunamis	G1411	N-NSF	δύναμις	power	power	NA28+NA27+Tyn+SBL+WH+Treg+TR+Byz	
12	9	30	NKO	τοῦ	tou	G3588	T-GSM	ὁ	the/this/who	<the>	NA28+NA27+Tyn+SBL+WH+Treg+TR+Byz	
12	9	31	NKO	Χριστοῦ.	Christou	G5547	N-GSM-T	Χριστός	Christ	of Christ.	NA28+NA27+Tyn+SBL+WH+Treg+TR+Byz	
12	10	1	NKO	διὸ	dio	G1352	CONJ	διό	for	Therefore	NA28+NA27+Tyn+SBL+WH+Treg+TR+Byz	
12	10	2	NKO	εὐδοκῶ	eudokō	G2106	V-PAI-1S	εὐδοκέω	to delight	I take pleasure	NA28+NA27+Tyn+SBL+WH+Treg+TR+Byz	
12	10	3	NKO	ἐν	en	G1722	PREP	ἐν	in/on/among	in	NA28+NA27+Tyn+SBL+WH+Treg+TR+Byz	
12	10	4	NKO	ἀσθενείαις,	astheneiais	G0769G	N-DPF	ἀσθένεια	weakness	weaknesses,	NA28+NA27+Tyn+SBL+WH+Treg+TR+Byz	
12	10	5	NKO	ἐν	en	G1722	PREP	ἐν	in/on/among	in	NA28+NA27+Tyn+SBL+WH+Treg+TR+Byz	
12	10	6	NKO	ὕβρεσιν,	hubresin	G5196	N-DPF	ὕβρις	mistreatment	insults,	NA28+NA27+Tyn+SBL+WH+Treg+TR+Byz	
12	10	7	NKO	ἐν	en	G1722	PREP	ἐν	in/on/among	in	NA28+NA27+Tyn+SBL+WH+Treg+TR+Byz	
12	10	8	NKO	ἀνάγκαις,	anagkais	G0318	N-DPF	ἀνάγκη	necessity	hardships,	NA28+NA27+Tyn+SBL+WH+Treg+TR+Byz	
12	10	9	NKO	ἐν	en	G1722	PREP	ἐν	in/on/among	in	NA28+NA27+Tyn+SBL+WH+Treg+TR+Byz	
12	10	10	NKO	διωγμοῖς	diōgmois	G1375	N-DPM	διωγμός	persecution	persecutions	NA28+NA27+Tyn+SBL+WH+Treg+TR+Byz	
12	10	11	N(k)O	καὶ	kai	G2532	CONJ	καί	and	and	NA28+NA27+Tyn+SBL+WH	
12	10	12	NKO	στενοχωρίαις,	stenochōriais	G4730	N-DPF	στενοχωρία	hardship	difficulties	NA28+NA27+Tyn+SBL+WH+Treg+TR+Byz	
12	10	13	NKO	ὑπὲρ	huper	G5228	PREP	ὑπέρ	above/for	for	NA28+NA27+Tyn+SBL+WH+Treg+TR+Byz	
12	10	14	NKO	Χριστοῦ·	Christou	G5547	N-GSM-T	Χριστός	Christ	Christ;	NA28+NA27+Tyn+SBL+WH+Treg+TR+Byz	
12	10	15	NKO	ὅταν	hotan	G3752	CONJ	ὅταν	when(-ever)	when	NA28+NA27+Tyn+SBL+WH+Treg+TR+Byz	
12	10	16	NKO	γὰρ	gar	G1063	CONJ	γάρ	for	for	NA28+NA27+Tyn+SBL+WH+Treg+TR+Byz	
12	10	17	NKO	ἀσθενῶ	asthenō	G0770G	V-PAS-1S	ἀσθενέω	be weak	I may be weak	NA28+NA27+Tyn+SBL+WH+Treg+TR+Byz	
12	10	18	NKO	τότε	tote	G5119	ADV	τότε	then	then	NA28+NA27+Tyn+SBL+WH+Treg+TR+Byz	
12	10	19	NKO	δυνατός	dunatos	G1415	A-NSM	δυνατός	able	strong	NA28+NA27+Tyn+SBL+WH+Treg+TR+Byz	
12	10	20	NKO	εἰμι.¶	eimi	G1510	V-PAI-1S	εἰμί	to be	I am.	NA28+NA27+Tyn+SBL+WH+Treg+TR+Byz	
12	11	1	NKO	Γέγονα	Gegona	G1096	V-2RAI-1S	γίνομαι	to be	I have become	NA28+NA27+Tyn+SBL+WH+Treg+TR+Byz	
12	11	2	NKO	ἄφρων	aphrōn	G0878	A-NSM	ἄφρων	foolish	a fool	NA28+NA27+Tyn+SBL+WH+Treg+TR+Byz	
12	11	3	K	καυχώμενος·	kauchōmenos	G2744	V-PNP-NSM	καυχάομαι	to boast	boasting;	TR+Byz	
12	11	4	NKO	ὑμεῖς	humeis	G4771	P-2NP	σύ	you	you yourselves	NA28+NA27+Tyn+SBL+WH+Treg+TR+Byz	
12	11	5	NKO	με	me	G3165	P-1AS	ἐγώ	I/we	me	NA28+NA27+Tyn+SBL+WH+Treg+TR+Byz	
12	11	6	NKO	ἠναγκάσατε.	ēnagkasate	G0315	V-AAI-2P	ἀναγκάζω	to compel	compelled.	NA28+NA27+Tyn+SBL+WH+Treg+TR+Byz	
12	11	7	NKO	ἐγὼ	egō	G1473	P-1NS	ἐγώ	I/we	I myself	NA28+NA27+Tyn+SBL+WH+Treg+TR+Byz	
12	11	8	NKO	γὰρ	gar	G1063	CONJ	γάρ	for	for	NA28+NA27+Tyn+SBL+WH+Treg+TR+Byz	
12	11	9	NKO	ὤφειλον	ōpheilon	G3784	V-IAI-1S	ὀφείλω	to owe	was being obliged	NA28+NA27+Tyn+SBL+WH+Treg+TR+Byz	
12	11	10	NKO	ὑφ᾽	huph᾽	G5259G	PREP	ὑπό	by/under	by	NA28+NA27+Tyn+SBL+WH+Treg+TR+Byz	
12	11	11	NKO	ὑμῶν	humōn	G4771	P-2GP	σύ	you	you	NA28+NA27+Tyn+SBL+WH+Treg+TR+Byz	
12	11	12	NKO	συνίστασθαι·	sunistasthai	G4921	V-PPN	συνίστημι, συνιστάω	to commend	to have been commended;	NA28+NA27+Tyn+SBL+WH+Treg+TR+Byz	
12	11	13	NKO	οὐδὲν	ouden	G3762	A-ASN	οὐδείς	none	[In] no[thing]	NA28+NA27+Tyn+SBL+WH+Treg+TR+Byz	
12	11	14	NKO	γὰρ	gar	G1063	CONJ	γάρ	for	for	NA28+NA27+Tyn+SBL+WH+Treg+TR+Byz	
12	11	15	NKO	ὑστέρησα	husterēsa	G5302	V-AAI-1S	ὑστερέω	to lack	was I inferior	NA28+NA27+Tyn+SBL+WH+Treg+TR+Byz	
12	11	16	NKO	τῶν	tōn	G3588	T-GPM	ὁ	the/this/who	to those	NA28+NA27+Tyn+SBL+WH+Treg+TR+Byz	
12	11	17	NKO	ὑπερλίαν	huperlian	G5228	PREP + G3029=ADV	ὑπέρ	above/for + λίαν=greatly	most eminent	NA28+NA27+Tyn+SBL+WH+Treg+TR+Byz	
12	11	18	NKO	ἀποστόλων,	apostolōn	G0652	N-GPM	ἀπόστολος	apostle	apostles,	NA28+NA27+Tyn+SBL+WH+Treg+TR+Byz	
12	11	19	NKO	εἰ	ei	G1487M	COND	εἰ	if	if	NA28+NA27+Tyn+SBL+WH+Treg+TR+Byz	
12	11	20	NKO	καὶ	kai	G2532	CONJ	καί	and	even	NA28+NA27+Tyn+SBL+WH+Treg+TR+Byz	
12	11	21	NKO	οὐδέν	ouden	G3762	A-NSN	οὐδείς	none	no [thing]	NA28+NA27+Tyn+SBL+WH+Treg+TR+Byz	
12	11	22	NKO	εἰμι.	eimi	G1510	V-PAI-1S	εἰμί	to be	I am.	NA28+NA27+Tyn+SBL+WH+Treg+TR+Byz	
12	12	1	NKO	τὰ	ta	G3588	T-NPN	ὁ	the/this/who	The	NA28+NA27+Tyn+SBL+WH+Treg+TR+Byz	
12	12	2	NKO	μὲν	men	G3303	PRT	μέν	on one hand	indeed	NA28+NA27+Tyn+SBL+WH+Treg+TR+Byz	
12	12	3	NKO	σημεῖα	sēmeia	G4592	N-NPN	σημεῖον	sign	signs	NA28+NA27+Tyn+SBL+WH+Treg+TR+Byz	
12	12	4	NKO	τοῦ	tou	G3588	T-GSM	ὁ	the/this/who	of the	NA28+NA27+Tyn+SBL+WH+Treg+TR+Byz	
12	12	5	NKO	ἀποστόλου	apostolou	G0652	N-GSM	ἀπόστολος	apostle	apostle	NA28+NA27+Tyn+SBL+WH+Treg+TR+Byz	
12	12	6	NKO	κατειργάσθη	kateirgasthē	G2716	V-API-3S	κατεργάζομαι	to workout/produce	were performed	NA28+NA27+Tyn+SBL+WH+Treg+TR+Byz	
12	12	7	NKO	ἐν	en	G1722	PREP	ἐν	in/on/among	among	NA28+NA27+Tyn+SBL+WH+Treg+TR+Byz	
12	12	8	NKO	ὑμῖν	humin	G4771	P-2DP	σύ	you	you	NA28+NA27+Tyn+SBL+WH+Treg+TR+Byz	
12	12	9	NKO	ἐν	en	G1722	PREP	ἐν	in/on/among	in	NA28+NA27+Tyn+SBL+WH+Treg+TR+Byz	
12	12	10	NKO	πάσῃ	pasē	G3956	A-DSF	πᾶς	all	all	NA28+NA27+Tyn+SBL+WH+Treg+TR+Byz	
12	12	11	NKO	ὑπομονῇ,	hupomonēa	G5281	N-DSF	ὑπομονή	perseverance	perseverance,	NA28+NA27+Tyn+SBL+WH+Treg+TR+Byz	
12	12	12	k	ἐν	en	G1722	PREP	ἐν	in/on/among	in	TR+Byz	
12	12	13	NKO	σημείοις	sēmeiois	G4592	N-DPN	σημεῖον	sign	signs	NA28+NA27+Tyn+SBL+WH+Treg+TR+Byz	
12	12	14	no	τε	te	G5037	CONJ	τε	and/both	both	NA28+NA27+SBL+WH	
12	12	15	NKO	καὶ	kai	G2532	CONJ	καί	and	and	NA28+NA27+Tyn+SBL+WH+Treg+TR+Byz	
12	12	16	NKO	τέρασιν	terasin	G5059	N-DPN	τέρας	wonders	in wonders	NA28+NA27+Tyn+SBL+WH+Treg+TR+Byz	
12	12	17	NKO	καὶ	kai	G2532	CONJ	καί	and	and	NA28+NA27+Tyn+SBL+WH+Treg+TR+Byz	
12	12	18	NKO	δυνάμεσιν.	dunamesin	G1411	N-DPF	δύναμις	power	in miracles.	NA28+NA27+Tyn+SBL+WH+Treg+TR+Byz	
12	13	1	NKO	τί	ti	G5101	I-NSN	τίς	which?	In what	NA28+NA27+Tyn+SBL+WH+Treg+TR+Byz	
12	13	2	NKO	γάρ	gar	G1063	CONJ	γάρ	for	for	NA28+NA27+Tyn+SBL+WH+Treg+TR+Byz	
12	13	3	NKO	ἐστιν	estin	G1510	V-PAI-3S	εἰμί	to be	is it	NA28+NA27+Tyn+SBL+WH+Treg+TR+Byz	
12	13	4	NKO	ὃ	ho	G3739	R-ASN	ὅς, ἥ	which	that	NA28+NA27+Tyn+SBL+WH+Treg+TR+Byz	
12	13	5	NKO	ἡσσώθητε	hēssōthēte	G2274	V-API-2P	ἡσσάομαι	be lesser	you were inferior	NA28+NA27+Tyn+SBL+WH+Treg+TR+Byz	
12	13	6	NKO	ὑπὲρ	huper	G5228	PREP	ὑπέρ	above/for	beyond	NA28+NA27+Tyn+SBL+WH+Treg+TR+Byz	
12	13	7	NKO	τὰς	tas	G3588	T-APF	ὁ	the/this/who	the	NA28+NA27+Tyn+SBL+WH+Treg+TR+Byz	
12	13	8	NKO	λοιπὰς	loipas	G3062	A-APF	λοιπός	remaining	rest	NA28+NA27+Tyn+SBL+WH+Treg+TR+Byz	
12	13	9	NKO	ἐκκλησίας,	ekklēsias	G1577	N-APF	ἐκκλησία	assembly	[of the] churches,	NA28+NA27+Tyn+SBL+WH+Treg+TR+Byz	
12	13	10	NKO	εἰ	ei	G1487H	COND	εἰ	if	only	NA28+NA27+Tyn+SBL+WH+Treg+TR+Byz	
12	13	11	NKO	μὴ	mē	G3361	PRT-N	μή	not	except	NA28+NA27+Tyn+SBL+WH+Treg+TR+Byz	
12	13	12	NKO	ὅτι	hoti	G3754G	CONJ	ὅτι	that/since	that	NA28+NA27+Tyn+SBL+WH+Treg+TR+Byz	
12	13	13	NKO	αὐτὸς	autos	G0846	P-NSM	αὐτός	he/she/it/self	myself	NA28+NA27+Tyn+SBL+WH+Treg+TR+Byz	
12	13	14	NKO	ἐγὼ	egō	G1473	P-1NS	ἐγώ	I/we	I myself	NA28+NA27+Tyn+SBL+WH+Treg+TR+Byz	
12	13	15	NKO	οὐ	ou	G3756	PRT-N	οὐ	no	not	NA28+NA27+Tyn+SBL+WH+Treg+TR+Byz	
12	13	16	NKO	κατενάρκησα	katenarkēsa	G2655	V-AAI-1S	καταναρκάομαι	to burden	did burden	NA28+NA27+Tyn+SBL+WH+Treg+TR+Byz	
12	13	17	NKO	ὑμῶν;	humōn	G4771	P-2GP	σύ	you	you?	NA28+NA27+Tyn+SBL+WH+Treg+TR+Byz	
12	13	18	NKO	χαρίσασθέ	charisasthe	G5483	V-ADM-2P	χαρίζω	to give grace	do forgive	NA28+NA27+Tyn+SBL+WH+Treg+TR+Byz	
12	13	19	NKO	μοι	moi	G3165	P-1DS	ἐγώ	I/we	me	NA28+NA27+Tyn+SBL+WH+Treg+TR+Byz	
12	13	20	NKO	τὴν	tēn	G3588	T-ASF	ὁ	the/this/who	<the>	NA28+NA27+Tyn+SBL+WH+Treg+TR+Byz	
12	13	21	NKO	ἀδικίαν	adikian	G0093	N-ASF	ἀδικία	unrighteousness	wrong	NA28+NA27+Tyn+SBL+WH+Treg+TR+Byz	
12	13	22	NKO	ταύτην.¶	tautēn	G3778	D-ASF	οὗτος	this/he/she/it	this!	NA28+NA27+Tyn+SBL+WH+Treg+TR+Byz	
12	14	1	NKO	Ἰδοὺ	Idou	G2400	INJ	ἰδού	look!	Behold	NA28+NA27+Tyn+SBL+WH+Treg+TR+Byz	
12	14	2	NKO	τρίτον	triton	G5154	A-ASN	τρίτος	third	third time	NA28+NA27+Tyn+SBL+WH+Treg+TR+Byz	
12	14	3	no	τοῦτο	touto	G3778	D-ASN	οὗτος	this/he/she/it	this	NA28+NA27+Tyn+SBL+WH+Treg	
12	14	4	NKO	ἑτοίμως	hetoimōs	G2093	ADV	ἑτοίμως	readily	ready	NA28+NA27+Tyn+SBL+WH+Treg+TR+Byz	
12	14	5	NKO	ἔχω	echō	G2192	V-PAI-1S	ἔχω	to have/be	I am	NA28+NA27+Tyn+SBL+WH+Treg+TR+Byz	
12	14	6	NKO	ἐλθεῖν	elthein	G2064	V-2AAN	ἔρχομαι	to come/go	to come	NA28+NA27+Tyn+SBL+WH+Treg+TR+Byz	
12	14	7	NKO	πρὸς	pros	G4314	PREP	πρός	to/with	to	NA28+NA27+Tyn+SBL+WH+Treg+TR+Byz	
12	14	8	NKO	ὑμᾶς	humas	G4771	P-2AP	σύ	you	you	NA28+NA27+Tyn+SBL+WH+Treg+TR+Byz	
12	14	9	NKO	καὶ	kai	G2532	CONJ	καί	and	and	NA28+NA27+Tyn+SBL+WH+Treg+TR+Byz	
12	14	10	NKO	οὐ	ou	G3756	PRT-N	οὐ	no	not	NA28+NA27+Tyn+SBL+WH+Treg+TR+Byz	
12	14	11	NKO	καταναρκήσω	katanarkēsō	G2655	V-FAI-1S	καταναρκάομαι	to burden	I will burden	NA28+NA27+Tyn+SBL+WH+Treg+TR+Byz	
12	14	12	k	ὑμῶν·	humōn	G4771	P-2GP	σύ	you	you;	TR+Byz	
12	14	13	NKO	οὐ	ou	G3756	PRT-N	οὐ	no	not	NA28+NA27+Tyn+SBL+WH+Treg+TR+Byz	
12	14	14	NKO	γὰρ	gar	G1063	CONJ	γάρ	for	for	NA28+NA27+Tyn+SBL+WH+Treg+TR+Byz	
12	14	15	NKO	ζητῶ	zētō	G2212	V-PAI-1S	ζητέω	to seek	I seek	NA28+NA27+Tyn+SBL+WH+Treg+TR+Byz	
12	14	16	NKO	τὰ	ta	G3588	T-APN	ὁ	the/this/who	what [is]	NA28+NA27+Tyn+SBL+WH+Treg+TR+Byz	
12	14	17	NKO	ὑμῶν	humōn	G4771	P-2GP	σύ	you	yours	NA28+NA27+Tyn+SBL+WH+Treg+TR+Byz	
12	14	18	NKO	ἀλλ᾽	all᾽	G0235	CONJ	ἀλλά	but	but	NA28+NA27+Tyn+SBL+WH+Treg+TR+Byz	
12	14	19	NKO	ὑμᾶς.	humas	G4771	P-2AP	σύ	you	you.	NA28+NA27+Tyn+SBL+WH+Treg+TR+Byz	
12	14	20	NKO	οὐ	ou	G3756	PRT-N	οὐ	no	Not	NA28+NA27+Tyn+SBL+WH+Treg+TR+Byz	
12	14	21	NKO	γὰρ	gar	G1063	CONJ	γάρ	for	for	NA28+NA27+Tyn+SBL+WH+Treg+TR+Byz	
12	14	22	NKO	ὀφείλει	opheilei	G3784	V-PAI-3S	ὀφείλω	to owe	ought	NA28+NA27+Tyn+SBL+WH+Treg+TR+Byz	
12	14	23	NKO	τὰ	ta	G3588	T-NPN	ὁ	the/this/who	the	NA28+NA27+Tyn+SBL+WH+Treg+TR+Byz	
12	14	24	NKO	τέκνα	tekna	G5043	N-NPN	τέκνον	child	children	NA28+NA27+Tyn+SBL+WH+Treg+TR+Byz	
12	14	25	NKO	τοῖς	tois	G3588	T-DPM	ὁ	the/this/who	for the	NA28+NA27+Tyn+SBL+WH+Treg+TR+Byz	
12	14	26	NKO	γονεῦσιν	goneusin	G1118	N-DPM	γονεύς	parent	parents	NA28+NA27+Tyn+SBL+WH+Treg+TR+Byz	
12	14	27	NKO	θησαυρίζειν	thēsaurizein	G2343	V-PAN	θησαυρίζω	to store up	to treasure up	NA28+NA27+Tyn+SBL+WH+Treg+TR+Byz	
12	14	28	NKO	ἀλλ᾽	all᾽	G0235	CONJ	ἀλλά	but	but	NA28+NA27+Tyn+SBL+WH+Treg+TR+Byz	
12	14	29	NKO	οἱ	hoi	G3588	T-NPM	ὁ	the/this/who	the	NA28+NA27+Tyn+SBL+WH+Treg+TR+Byz	
12	14	30	NKO	γονεῖς	goneis	G1118	N-NPM	γονεύς	parent	parents	NA28+NA27+Tyn+SBL+WH+Treg+TR+Byz	
12	14	31	NKO	τοῖς	tois	G3588	T-DPN	ὁ	the/this/who	for the	NA28+NA27+Tyn+SBL+WH+Treg+TR+Byz	
12	14	32	NKO	τέκνοις·	teknois	G5043	N-DPN	τέκνον	child	children;	NA28+NA27+Tyn+SBL+WH+Treg+TR+Byz	
12	15	1	NKO	ἐγὼ	egō	G1473	P-1NS	ἐγώ	I/we	I myself	NA28+NA27+Tyn+SBL+WH+Treg+TR+Byz	
12	15	2	NKO	δὲ	de	G1161	CONJ	δέ	but/and	now	NA28+NA27+Tyn+SBL+WH+Treg+TR+Byz	
12	15	3	NKO	ἥδιστα	hēdista	G2236	A-APN	ἥδιστα	most gladly	most gladly	NA28+NA27+Tyn+SBL+WH+Treg+TR+Byz	
12	15	4	NKO	δαπανήσω	dapanēsō	G1159	V-FAI-1S	δαπανάω	to spend	will spend	NA28+NA27+Tyn+SBL+WH+Treg+TR+Byz	
12	15	5	NKO	καὶ	kai	G2532	CONJ	καί	and	and	NA28+NA27+Tyn+SBL+WH+Treg+TR+Byz	
12	15	6	NKO	ἐκδαπανηθήσομαι	ekdapanēthēsomai	G1550	V-FPI-1S	ἐκδαπανάω	to expend	I will be utterly spent	NA28+NA27+Tyn+SBL+WH+Treg+TR+Byz	
12	15	7	NKO	ὑπὲρ	huper	G5228	PREP	ὑπέρ	above/for	for	NA28+NA27+Tyn+SBL+WH+Treg+TR+Byz	
12	15	8	NKO	τῶν	tōn	G3588	T-GPF	ὁ	the/this/who	the	NA28+NA27+Tyn+SBL+WH+Treg+TR+Byz	
12	15	9	NKO	ψυχῶν	psuchōn	G5590G	N-GPF	ψυχή	soul	souls	NA28+NA27+Tyn+SBL+WH+Treg+TR+Byz	
12	15	10	NKO	ὑμῶν,	humōn	G4771	P-2GP	σύ	you	of you,	NA28+NA27+Tyn+SBL+WH+Treg+TR+Byz	
12	15	11	NKO	εἰ	ei	G1487G	COND	εἰ	if	If	NA28+NA27+Tyn+SBL+WH+Treg+TR+Byz	
12	15	12	k	καὶ	kai	G2532	CONJ	καί	and	even	TR+Byz	
12	15	13	NKO	περισσοτέρως	perissoterōs	G4056	ADV-C	περισσοτέρως	more-abundantly	more abundantly	NA28+NA27+Tyn+SBL+WH+Treg+TR+Byz	
12	15	14	NKO	ὑμᾶς	humas	G4771	P-2AP	σύ	you	you	NA28+NA27+Tyn+SBL+WH+Treg+TR+Byz	
12	15	15	NK(o)	ἀγαπῶν	agapōn	G0025	V-PAP-NSM	ἀγαπάω	to love	loving	NA28+NA27+Tyn+SBL+Treg+TR+Byz	
12	15	16	N(k)O	ἧσσον	hēsson	G2276	A-ASN-C	ἥττον, ἥσσων	less/worse	less	NA28+NA27+Tyn+SBL+WH+Treg+Byz	
12	15	17	NKO	ἀγαπῶμαι.	agapōmai	G0025	V-PPI-1S	ἀγαπάω	to love	I am loved!	NA28+NA27+Tyn+SBL+WH+Treg+TR+Byz	
12	16	1	NKO	ἔστω	estō	G1510	V-PAM-3S	εἰμί	to be	it should be	NA28+NA27+Tyn+SBL+WH+Treg+TR+Byz	
12	16	2	NKO	δέ,	de	G1161	CONJ	δέ	but/and	however,	NA28+NA27+Tyn+SBL+WH+Treg+TR+Byz	
12	16	3	NKO	ἐγὼ	egō	G1473	P-1NS	ἐγώ	I/we	I myself	NA28+NA27+Tyn+SBL+WH+Treg+TR+Byz	
12	16	4	NKO	οὐ	ou	G3756	PRT-N	οὐ	no	not	NA28+NA27+Tyn+SBL+WH+Treg+TR+Byz	
12	16	5	NKO	κατεβάρησα	katebarēsa	G2599	V-AAI-1S	καταβαρέω	to burden	did burden	NA28+NA27+Tyn+SBL+WH+Treg+TR+Byz	
12	16	6	NKO	ὑμᾶς·	humas	G4771	P-2AP	σύ	you	you;	NA28+NA27+Tyn+SBL+WH+Treg+TR+Byz	
12	16	7	NKO	ἀλλ᾽	all᾽	G0235	CONJ	ἀλλά	but	but	NA28+NA27+Tyn+SBL+WH+Treg+TR+Byz	
12	16	8	NKO	ὑπάρχων	huparchōn	G5225	V-PAP-NSM	ὑπάρχω	to be	being	NA28+NA27+Tyn+SBL+WH+Treg+TR+Byz	
12	16	9	NKO	πανοῦργος	panourgos	G3835	A-NSM	πανοῦργος	crafty	crafty	NA28+NA27+Tyn+SBL+WH+Treg+TR+Byz	
12	16	10	NKO	δόλῳ	dolō	G1388	N-DSM	δόλος	deceit	by trickery	NA28+NA27+Tyn+SBL+WH+Treg+TR+Byz	
12	16	11	NKO	ὑμᾶς	humas	G4771	P-2AP	σύ	you	you	NA28+NA27+Tyn+SBL+WH+Treg+TR+Byz	
12	16	12	NKO	ἔλαβον.	elabon	G2983	V-2AAI-1S	λαμβάνω	to take	I caught.	NA28+NA27+Tyn+SBL+WH+Treg+TR+Byz	
12	17	1	NKO	μή	mē	G3361	PRT-N	μή	not	Surely not	NA28+NA27+Tyn+SBL+WH+Treg+TR+Byz	
12	17	2	NKO	τινα	tina	G5100	X-ASM	τις	one	any	NA28+NA27+Tyn+SBL+WH+Treg+TR+Byz	
12	17	3	NKO	ὧν	hōn	G3739	R-GPM	ὅς, ἥ	which	of whom	NA28+NA27+Tyn+SBL+WH+Treg+TR+Byz	
12	17	4	NKO	ἀπέσταλκα	apestalka	G0649	V-RAI-1S	ἀποστέλλω	to send	I have sent	NA28+NA27+Tyn+SBL+WH+Treg+TR+Byz	
12	17	5	NKO	πρὸς	pros	G4314	PREP	πρός	to/with	to	NA28+NA27+Tyn+SBL+WH+Treg+TR+Byz	
12	17	6	NKO	ὑμᾶς,	humas	G4771	P-2AP	σύ	you	you,	NA28+NA27+Tyn+SBL+WH+Treg+TR+Byz	
12	17	7	NKO	δι᾽	di᾽	G1223	PREP	διά	through/because of	through	NA28+NA27+Tyn+SBL+WH+Treg+TR+Byz	
12	17	8	NKO	αὐτοῦ	autou	G0846	P-GSM	αὐτός	he/she/it/self	him	NA28+NA27+Tyn+SBL+WH+Treg+TR+Byz	
12	17	9	NKO	ἐπλεονέκτησα	epleonektēsa	G4122	V-AAI-1S	πλεονεκτέω	to exploit	did I exploit	NA28+NA27+Tyn+SBL+WH+Treg+TR+Byz	
12	17	10	NKO	ὑμᾶς;	humas	G4771	P-2AP	σύ	you	you?	NA28+NA27+Tyn+SBL+WH+Treg+TR+Byz	
12	18	1	NKO	παρεκάλεσα	parekalesa	G3870	V-AAI-1S	παρακαλέω	to plead/comfort	I urged	NA28+NA27+Tyn+SBL+WH+Treg+TR+Byz	
12	18	2	NKO	Τίτον	Titon	G5103	N-ASM-P	Τίτος	Titus	Titus [to go]	NA28+NA27+Tyn+SBL+WH+Treg+TR+Byz	
12	18	3	NKO	καὶ	kai	G2532	CONJ	καί	and	and	NA28+NA27+Tyn+SBL+WH+Treg+TR+Byz	
12	18	4	NKO	συναπέστειλα	sunapesteila	G4882	V-AAI-1S	συναποστέλλω	to send with	sent with [him]	NA28+NA27+Tyn+SBL+WH+Treg+TR+Byz	
12	18	5	NKO	τὸν	ton	G3588	T-ASM	ὁ	the/this/who	the	NA28+NA27+Tyn+SBL+WH+Treg+TR+Byz	
12	18	6	NKO	ἀδελφόν·	adelphon	G0080	N-ASM	ἀδελφός	brother	brother;	NA28+NA27+Tyn+SBL+WH+Treg+TR+Byz	
12	18	7	NKO	μήτι	mēti	G3385	PRT-N	μή	not + τις=one	surely not ever	NA28+NA27+Tyn+SBL+WH+Treg+TR+Byz	
12	18	8	NKO	ἐπλεονέκτησεν	epleonektēsen	G4122	V-AAI-3S	πλεονεκτέω	to exploit	did exploit	NA28+NA27+Tyn+SBL+WH+Treg+TR+Byz	
12	18	9	NKO	ὑμᾶς	humas	G4771	P-2AP	σύ	you	you	NA28+NA27+Tyn+SBL+WH+Treg+TR+Byz	
12	18	10	NKO	Τίτος;	Titos	G5103	N-NSM-P	Τίτος	Titus	Titus?	NA28+NA27+Tyn+SBL+WH+Treg+TR+Byz	
12	18	11	NKO	οὐ	ou	G3756	PRT-N	οὐ	no	Surely	NA28+NA27+Tyn+SBL+WH+Treg+TR+Byz	
12	18	12	NKO	τῷ	tō	G3588	T-DSN	ὁ	the/this/who	in the	NA28+NA27+Tyn+SBL+WH+Treg+TR+Byz	
12	18	13	NKO	αὐτῷ	autō	G0846	P-DSN	αὐτός	he/she/it/self	same	NA28+NA27+Tyn+SBL+WH+Treg+TR+Byz	
12	18	14	NKO	πνεύματι	pneumati	G4151G	N-DSN	πνεῦμα	spirit/breath	spirit	NA28+NA27+Tyn+SBL+WH+Treg+TR+Byz	
12	18	15	NKO	περιεπατήσαμεν;	periepatēsamen	G4043	V-AAI-1P	περιπατέω	to walk	did we walk?	NA28+NA27+Tyn+SBL+WH+Treg+TR+Byz	
12	18	16	NKO	οὐ	ou	G3756	PRT-N	οὐ	no	Not	NA28+NA27+Tyn+SBL+WH+Treg+TR+Byz	
12	18	17	NKO	τοῖς	tois	G3588	T-DPN	ὁ	the/this/who	in the	NA28+NA27+Tyn+SBL+WH+Treg+TR+Byz	
12	18	18	NKO	αὐτοῖς	autois	G0846	P-DPN	αὐτός	he/she/it/self	same	NA28+NA27+Tyn+SBL+WH+Treg+TR+Byz	
12	18	19	NKO	ἴχνεσιν;¶	ichnesin	G2487	N-DPN	ἴχνος	track	steps?	NA28+NA27+Tyn+SBL+WH+Treg+TR+Byz	
12	19	1	N(K)O	Πάλαι	Palai	G3819	ADV	πάλαι	of old	Previously	NA28+NA27+Tyn+SBL+WH+Treg	
12	19	2	NKO	δοκεῖτε	dokeite	G1380	V-PAI-2P	δοκέω	to think	you have been thinking	NA28+NA27+Tyn+SBL+WH+Treg+TR+Byz	
12	19	3	NKO	ὅτι	hoti	G3754G	CONJ	ὅτι	that/since	that	NA28+NA27+Tyn+SBL+WH+Treg+TR+Byz	
12	19	4	NKO	ὑμῖν	humin	G4771	P-2DP	σύ	you	to you	NA28+NA27+Tyn+SBL+WH+Treg+TR+Byz	
12	19	5	NKO	ἀπολογούμεθα.	apologoumetha	G0626	V-PNI-1P	ἀπολογέομαι	to defend oneself	we are presenting a defense.	NA28+NA27+Tyn+SBL+WH+Treg+TR+Byz	
12	19	6	N(k)O	κατέναντι	katenanti	G2713	PREP	κατέναντι	before	before	NA28+NA27+Tyn+SBL+WH+Treg	
12	19	7	k	τοῦ	tou	G3588	T-GSM	ὁ	the/this/who	<the>	TR+Byz	
12	19	8	NKO	θεοῦ	theou	G2316	N-GSM-T	θεός	God	God	NA28+NA27+Tyn+SBL+WH+Treg+TR+Byz	
12	19	9	NKO	ἐν	en	G1722	PREP	ἐν	in/on/among	in	NA28+NA27+Tyn+SBL+WH+Treg+TR+Byz	
12	19	10	NKO	Χριστῷ	Christō	G5547	N-DSM-T	Χριστός	Christ	Christ	NA28+NA27+Tyn+SBL+WH+Treg+TR+Byz	
12	19	11	NKO	λαλοῦμεν.	laloumen	G2980	V-PAI-1P	λαλέω	to speak	we speak.	NA28+NA27+Tyn+SBL+WH+Treg+TR+Byz	
12	19	12	NKO	τὰ	ta	G3588	T-NPN	ὁ	the/this/who	<the>	NA28+NA27+Tyn+SBL+WH+Treg+TR+Byz	
12	19	13	NKO	δὲ	de	G1161	CONJ	δέ	but/and	but	NA28+NA27+Tyn+SBL+WH+Treg+TR+Byz	
12	19	14	NKO	πάντα,	panta	G3956	A-NPN	πᾶς	all	all things,	NA28+NA27+Tyn+SBL+WH+Treg+TR+Byz	
12	19	15	NKO	ἀγαπητοί,	agapētoi	G0027	A-VPM	ἀγαπητός	beloved	beloved,	NA28+NA27+Tyn+SBL+WH+Treg+TR+Byz	
12	19	16	NKO	ὑπὲρ	huper	G5228	PREP	ὑπέρ	above/for	for	NA28+NA27+Tyn+SBL+WH+Treg+TR+Byz	
12	19	17	NKO	τῆς	tēs	G3588	T-GSF	ὁ	the/this/who	<the>	NA28+NA27+Tyn+SBL+WH+Treg+TR+Byz	
12	19	18	NKO	ὑμῶν	humōn	G4771	P-2GP	σύ	you	your	NA28+NA27+Tyn+SBL+WH+Treg+TR+Byz	
12	19	19	NKO	οἰκοδομῆς.	oikodomēs	G3619	N-GSF	οἰκοδομή	building	edification.	NA28+NA27+Tyn+SBL+WH+Treg+TR+Byz	
12	20	1	NKO	φοβοῦμαι	phoboumai	G5399	V-PNI-1S	φοβέω	to fear	I fear	NA28+NA27+Tyn+SBL+WH+Treg+TR+Byz	
12	20	2	NKO	γὰρ	gar	G1063	CONJ	γάρ	for	for	NA28+NA27+Tyn+SBL+WH+Treg+TR+Byz	
12	20	3	NKO	μή	mē	G3361	PRT-N	μή	not	lest	NA28+NA27+Tyn+SBL+WH+Treg+TR»1+Byz	
12	20	4	NKO	πως	pōs	G4458	PRT	πως	how	perhaps	NA28+NA27+Tyn+SBL+WH+Treg+TR+Byz	
12	20	5	NKO	ἐλθὼν	elthōn	G2064	V-2AAP-NSM	ἔρχομαι	to come/go	having come	NA28+NA27+Tyn+SBL+WH+Treg+TR+Byz	
12	20	6	NKO	οὐχ	ouch	G3756	PRT-N	οὐ	no	not	NA28+NA27+Tyn+SBL+WH+Treg+TR+Byz	
12	20	7	NKO	οἵους	oious	G3634	K-APM	οἷος	such as	such as	NA28+NA27+Tyn+SBL+WH+Treg+TR+Byz	
12	20	8	NKO	θέλω	thelō	G2309	V-PAI-1S	θέλω	to will/desire	I wish	NA28+NA27+Tyn+SBL+WH+Treg+TR+Byz	
12	20	9	NKO	εὕρω	heurō	G2147	V-2AAS-1S	εὑρίσκω	to find/meet	I may find	NA28+NA27+Tyn+SBL+WH+Treg+TR+Byz	
12	20	10	NKO	ὑμᾶς,	humas	G4771	P-2AP	σύ	you	you,	NA28+NA27+Tyn+SBL+WH+Treg+TR+Byz	
12	20	11	NKO	κἀγὼ	kagō	G1473	P-1NS + G2532=CONJ	κἀγώ	and I	and I myself	NA28+NA27+Tyn+SBL+WH+Treg+TR+Byz	
12	20	12	NKO	εὑρεθῶ	heurethō	G2147	V-APS-1S	εὑρίσκω	to find/meet	may be found	NA28+NA27+Tyn+SBL+WH+Treg+TR+Byz	
12	20	13	NKO	ὑμῖν	humin	G4771	P-2DP	σύ	you	by you	NA28+NA27+Tyn+SBL+WH+Treg+TR+Byz	
12	20	14	NKO	οἷον	hoion	G3634	K-ASM	οἷος	such as	such as	NA28+NA27+Tyn+SBL+WH+Treg+TR+Byz	
12	20	15	NKO	οὐ	ou	G3756	PRT-N	οὐ	no	not	NA28+NA27+Tyn+SBL+WH+Treg+TR+Byz	
12	20	16	NKO	θέλετε,	thelete	G2309	V-PAI-2P	θέλω	to will/desire	you do wish,	NA28+NA27+Tyn+SBL+WH+Treg+TR+Byz	
12	20	17	NKO	μή	mē	G3361	PRT-N	μή	not	lest	NA28+NA27+Tyn+SBL+WH+Treg+TR»1+Byz	
12	20	18	NKO	πως	pōs	G4458	PRT	πως	how	perhaps	NA28+NA27+Tyn+SBL+WH+Treg+TR+Byz	
12	20	19	N(k)O	ἔρις,	eris	G2054	N-NSF	ἔρις	quarrel	a quarrel,	NA28+NA27+SBL+WH	
12	20	20	N(k)O	ζῆλος,	zēlos	G2205	N-NSM	ζῆλος	zeal	jealousy,	NA28+NA27+Tyn+SBL+WH+Treg	
12	20	21	NKO	θυμοί,	thumoi	G2372	N-NPM	θυμός	wrath	anger,	NA28+NA27+Tyn+SBL+WH+Treg+TR+Byz	
12	20	22	NKO	ἐριθείαι,	eritheiai	G2052	N-NPF	ἐριθεία	rivalry	contentions	NA28+NA27+Tyn+SBL+WH+Treg+TR+Byz	
12	20	23	NKO	καταλαλιαί,	katalaliai	G2636	N-NPF	καταλαλιά	slander	slander,	NA28+NA27+Tyn+SBL+WH+Treg+TR+Byz	
12	20	24	NKO	ψιθυρισμοί,	psithurismoi	G5587	N-NPM	ψιθυρισμός	gossip	gossip,	NA28+NA27+Tyn+SBL+WH+Treg+TR+Byz	
12	20	25	NKO	φυσιώσεις,	phusiōseis	G5450	N-NPF	φυσίωσις	arrogance	conceit,	NA28+NA27+Tyn+SBL+WH+Treg+TR+Byz	
12	20	26	NKO	ἀκαταστασίαι,	akatastasiai	G0181	N-NPF	ἀκαταστασία	disorder	disorder,	NA28+NA27+Tyn+SBL+WH+Treg+TR+Byz	
12	21	1	NKO	μὴ	mē	G3361	PRT-N	μή	not	lest	NA28+NA27+Tyn+SBL+WH+Treg+TR+Byz	
12	21	2	NKO	πάλιν	palin	G3825	ADV	πάλιν	again	again	NA28+NA27+Tyn+SBL+WH+Treg+TR+Byz	
12	21	3	N(k)O	ἐλθόντος	elthontos	G2064	V-2AAP-GSM	ἔρχομαι	to come/go	when was coming	NA28+NA27+Tyn+SBL+WH+Treg	
12	21	4	no	μου	mou	G3165	P-1GS	ἐγώ	I/we	I	NA28+NA27+Tyn+SBL+WH+Treg	
12	21	5	NK(o)	ταπεινώσῃ	tapeinōsē	G5013	V-AAS-3S	ταπεινόω	to humble	he may humble	NA28+NA27+SBL+WH+TR	
12	21	6	NKO	με	me	G3165	P-1AS	ἐγώ	I/we	me	NA28+NA27+Tyn+SBL+WH+Treg+TR«2+Byz«2	
12	21	7	NKO	ὁ	ho	G3588	T-NSM	ὁ	the/this/who	the	NA28+NA27+Tyn+SBL+WH+Treg+TR+Byz	
12	21	8	NKO	θεός	theos	G2316	N-NSM-T	θεός	God	God,	NA28+NA27+Tyn+SBL+WH+Treg+TR+Byz	
12	21	9	NKO	μου	mou	G3165	P-1GS	ἐγώ	I/we	of mine	NA28+NA27+Tyn+SBL+WH+Treg+TR+Byz	
12	21	10	NKO	πρὸς	pros	G4314	PREP	πρός	to/with	before	NA28+NA27+Tyn+SBL+WH+Treg+TR+Byz	
12	21	11	NKO	ὑμᾶς,	humas	G4771	P-2AP	σύ	you	you,	NA28+NA27+Tyn+SBL+WH+Treg+TR+Byz	
12	21	12	NKO	καὶ	kai	G2532	CONJ	καί	and	and	NA28+NA27+Tyn+SBL+WH+Treg+TR+Byz	
12	21	13	NKO	πενθήσω	penthēsō	G3996	V-AAS-1S	πενθέω	to mourn	I may mourn over	NA28+NA27+Tyn+SBL+WH+Treg+TR+Byz	
12	21	14	NKO	πολλοὺς	pollous	G4183	A-APM	πολύς	much	many	NA28+NA27+Tyn+SBL+WH+Treg+TR+Byz	
12	21	15	NKO	τῶν	tōn	G3588	T-GPM	ὁ	the/this/who	of those	NA28+NA27+Tyn+SBL+WH+Treg+TR+Byz	
12	21	16	NKO	προημαρτηκότων	proēmartēkotōn	G4258	V-RAP-GPM	προαμαρτάνω	to sin beforehand	having sinned before	NA28+NA27+Tyn+SBL+WH+Treg+TR+Byz	
12	21	17	NKO	καὶ	kai	G2532	CONJ	καί	and	and	NA28+NA27+Tyn+SBL+WH+Treg+TR+Byz	
12	21	18	NKO	μὴ	mē	G3361	PRT-N	μή	not	not	NA28+NA27+Tyn+SBL+WH+Treg+TR+Byz	
12	21	19	NKO	μετανοησάντων	metanoēsantōn	G3340	V-AAP-GPM	μετανοέω	to repent	having repented	NA28+NA27+Tyn+SBL+WH+Treg+TR+Byz	
12	21	20	NKO	ἐπὶ	epi	G1909	PREP	ἐπί	upon/to/against	of	NA28+NA27+Tyn+SBL+WH+Treg+TR+Byz	
12	21	21	NKO	τῇ	tēa	G3588	T-DSF	ὁ	the/this/who	the	NA28+NA27+Tyn+SBL+WH+Treg+TR+Byz	
12	21	22	NKO	ἀκαθαρσίᾳ	akatharsia	G0167	N-DSF	ἀκαθαρσία	impurity	impurity	NA28+NA27+Tyn+SBL+WH+Treg+TR+Byz	
12	21	23	NKO	καὶ	kai	G2532	CONJ	καί	and	and	NA28+NA27+Tyn+SBL+WH+Treg+TR+Byz	
12	21	24	NKO	πορνείᾳ	porneia	G4202	N-DSF	πορνεία	sexual sin	of sexual immorality	NA28+NA27+Tyn+SBL+WH+Treg+TR+Byz	
12	21	25	NKO	καὶ	kai	G2532	CONJ	καί	and	and	NA28+NA27+Tyn+SBL+WH+Treg+TR+Byz	
12	21	26	NKO	ἀσελγείᾳ	aselgeia	G0766	N-DSF	ἀσέλγεια	debauchery	of sensuality	NA28+NA27+Tyn+SBL+WH+Treg+TR+Byz	
12	21	27	NKO	ᾗ	hē	G3739	R-DSF	ὅς, ἥ	which	that	NA28+NA27+Tyn+SBL+WH+Treg+TR+Byz	
12	21	28	NKO	ἔπραξαν.¶	epraxan	G4238	V-AAI-3P	πράσσω	to do/require	they have practiced.	NA28+NA27+Tyn+SBL+WH+Treg+TR+Byz	
13	1	1	NKO	Τρίτον	Triton	G5154	A-ASN	τρίτος	third	Third	NA28+NA27+Tyn+SBL+WH+Treg+TR+Byz	
13	1	2	NKO	τοῦτο	touto	G3778	D-ASN	οὗτος	this/he/she/it	this [time]	NA28+NA27+Tyn+SBL+WH+Treg+TR+Byz	
13	1	3	NKO	ἔρχομαι	erchomai	G2064	V-PNI-1S	ἔρχομαι	to come/go	I am coming	NA28+NA27+Tyn+SBL+WH+Treg+TR+Byz	
13	1	4	NKO	πρὸς	pros	G4314	PREP	πρός	to/with	to	NA28+NA27+Tyn+SBL+WH+Treg+TR+Byz	
13	1	5	NKO	ὑμᾶς.	humas	G4771	P-2AP	σύ	you	you.	NA28+NA27+Tyn+SBL+WH+Treg+TR+Byz	
13	1	6	NKO	ἐπὶ	epi	G1909	PREP	ἐπί	upon/to/against	In [the]	NA28+NA27+Tyn+SBL+WH+Treg+TR+Byz	
13	1	7	NKO	στόματος	stomatos	G4750	N-GSN	στόμα	mouth	mouth	NA28+NA27+Tyn+SBL+WH+Treg+TR+Byz	
13	1	8	NKO	δύο	duo	G1417	A-NUI	δύο	two	of two	NA28+NA27+Tyn+SBL+WH+Treg+TR+Byz	
13	1	9	NKO	μαρτύρων	marturōn	G3144	N-GPM	μάρτυς	witness	witnesses	NA28+NA27+Tyn+SBL+WH+Treg+TR+Byz	
13	1	10	NKO	καὶ	kai	G2532	CONJ	καί	and	or	NA28+NA27+Tyn+SBL+WH+Treg+TR+Byz	
13	1	11	NKO	τριῶν	triōn	G5140	A-GPM	τρεῖς, τρία	three	three	NA28+NA27+Tyn+SBL+WH+Treg+TR+Byz	
13	1	12	NKO	σταθήσεται	stathēsetai	G2476	V-FPI-3S	ἵστημι	to stand	will be established	NA28+NA27+Tyn+SBL+WH+Treg+TR+Byz	
13	1	13	NKO	πᾶν	pan	G3956	A-NSN	πᾶς	all	every	NA28+NA27+Tyn+SBL+WH+Treg+TR+Byz	
13	1	14	NKO	ῥῆμα.	rhēma	G4487	N-NSN	ῥῆμα	declaration	declaration.	NA28+NA27+Tyn+SBL+WH+Treg+TR+Byz	
13	2	1	NKO	προείρηκα	proeirēka	G4280	V-RAI-1S	προερέω	to predict	I have warned	NA28+NA27+Tyn+SBL+WH+Treg+TR+Byz	
13	2	2	NKO	καὶ	kai	G2532	CONJ	καί	and	and	NA28+NA27+Tyn+SBL+WH+Treg+TR+Byz	
13	2	3	NKO	προλέγω,	prolegō	G4302	V-PAI-1S	προλέγω	to foretell	I warn,	NA28+NA27+Tyn+SBL+WH+Treg+TR+Byz	
13	2	4	NKO	ὡς	hōs	G5613	PRT	ὡς	which/how	as	NA28+NA27+Tyn+SBL+WH+Treg+TR+Byz	
13	2	5	NKO	παρὼν	parōn	G3918	V-PAP-NSM	πάρειμι	be present	being present	NA28+NA27+Tyn+SBL+WH+Treg+TR+Byz	
13	2	6	NKO	τὸ	to	G3588	T-ASN	ὁ	the/this/who	the	NA28+NA27+Tyn+SBL+WH+Treg+TR+Byz	
13	2	7	NKO	δεύτερον	deuteron	G1208	A-ASN	δεύτερος	secondly	second time	NA28+NA27+Tyn+SBL+WH+Treg+TR+Byz	
13	2	8	NKO	καὶ	kai	G2532	CONJ	καί	and	and	NA28+NA27+Tyn+SBL+WH+Treg+TR+Byz	
13	2	9	NKO	ἀπὼν	apōn	G0548	V-PAP-NSM	ἄπειμι	be away	being absent	NA28+NA27+Tyn+SBL+WH+Treg+TR+Byz	
13	2	10	NKO	νῦν	nun	G3568	ADV	νῦν	now	now	NA28+NA27+Tyn+SBL+WH+Treg+TR+Byz	
13	2	11	K	γράφω,	graphō	G1125	V-PAI-1S	γράφω	to write	I am writing	TR+Byz	
13	2	12	NKO	τοῖς	tois	G3588	T-DPM	ὁ	the/this/who	to those	NA28+NA27+Tyn+SBL+WH+Treg+TR+Byz	
13	2	13	NKO	προημαρτηκόσιν	proēmartēkosin	G4258	V-RAP-DPM	προαμαρτάνω	to sin beforehand	having sinned before	NA28+NA27+Tyn+SBL+WH+Treg+TR+Byz	
13	2	14	NKO	καὶ	kai	G2532	CONJ	καί	and	and	NA28+NA27+Tyn+SBL+WH+Treg+TR+Byz	
13	2	15	NKO	τοῖς	tois	G3588	T-DPM	ὁ	the/this/who	to the	NA28+NA27+Tyn+SBL+WH+Treg+TR+Byz	
13	2	16	NKO	λοιποῖς	loipois	G3062	A-DPM	λοιπός	remaining	rest	NA28+NA27+Tyn+SBL+WH+Treg+TR+Byz	
13	2	17	NKO	πᾶσιν,	pasin	G3956	A-DPM	πᾶς	all	all,	NA28+NA27+Tyn+SBL+WH+Treg+TR+Byz	
13	2	18	NKO	ὅτι	hoti	G3754G	CONJ	ὅτι	that/since	that	NA28+NA27+Tyn+SBL+WH+Treg+TR+Byz	
13	2	19	NKO	ἐὰν	ean	G1437	COND	ἐάν	if	if	NA28+NA27+Tyn+SBL+WH+Treg+TR+Byz	
13	2	20	NKO	ἔλθω	elthō	G2064	V-2AAS-1S	ἔρχομαι	to come/go	I may come	NA28+NA27+Tyn+SBL+WH+Treg+TR+Byz	
13	2	21	NKO	εἰς	eis	G1519	PREP	εἰς	toward	to	NA28+NA27+Tyn+SBL+WH+Treg+TR+Byz	
13	2	22	NKO	τὸ	to	G3588	T-ASN	ὁ	the/this/who	the [same]	NA28+NA27+Tyn+SBL+WH+Treg+TR+Byz	
13	2	23	NKO	πάλιν	palin	G3825	ADV	πάλιν	again	again	NA28+NA27+Tyn+SBL+WH+Treg+TR+Byz	
13	2	24	NKO	οὐ	ou	G3756	PRT-N	οὐ	no	not	NA28+NA27+Tyn+SBL+WH+Treg+TR+Byz	
13	2	25	NKO	φείσομαι.	pheisomai	G5339	V-FDI-1S	φείδομαι	to spare	I will spare [anyone].	NA28+NA27+Tyn+SBL+WH+Treg+TR+Byz	
13	3	1	NKO	ἐπεὶ	epei	G1893	CONJ	ἐπεί	since	since	NA28+NA27+Tyn+SBL+WH+Treg+TR+Byz	
13	3	2	NKO	δοκιμὴν	dokimēn	G1382	N-ASF	δοκιμή	test	a proof	NA28+NA27+Tyn+SBL+WH+Treg+TR+Byz	
13	3	3	NKO	ζητεῖτε	zēteite	G2212	V-PAI-2P	ζητέω	to seek	you seek	NA28+NA27+Tyn+SBL+WH+Treg+TR+Byz	
13	3	4	NKO	τοῦ	tou	G3588	T-GSM	ὁ	the/this/who	<the>	NA28+NA27+Tyn+SBL+WH+Treg+TR+Byz	
13	3	5	NKO	ἐν	en	G1722	PREP	ἐν	in/on/among	in	NA28+NA27+Tyn+SBL+WH+Treg+TR+Byz	
13	3	6	NKO	ἐμοὶ	emoi	G1473	P-1DS	ἐγώ	I/we	me myself	NA28+NA27+Tyn+SBL+WH+Treg+TR+Byz	
13	3	7	NKO	λαλοῦντος	lalountos	G2980	V-PAP-GSM	λαλέω	to speak	speaking	NA28+NA27+Tyn+SBL+WH+Treg+TR+Byz	
13	3	8	NKO	Χριστοῦ	Christou	G5547	N-GSM-T	Χριστός	Christ	of Christ	NA28+NA27+Tyn+SBL+WH+Treg+TR+Byz	
13	3	9	NKO	ὃς	hos	G3739	R-NSM	ὅς, ἥ	which	who	NA28+NA27+Tyn+SBL+WH+Treg+TR+Byz	
13	3	10	NKO	εἰς	eis	G1519	PREP	εἰς	toward	toward	NA28+NA27+Tyn+SBL+WH+Treg+TR+Byz	
13	3	11	NKO	ὑμᾶς	humas	G4771	P-2AP	σύ	you	you	NA28+NA27+Tyn+SBL+WH+Treg+TR+Byz	
13	3	12	NKO	οὐκ	ouk	G3756	PRT-N	οὐ	no	not	NA28+NA27+Tyn+SBL+WH+Treg+TR+Byz	
13	3	13	NKO	ἀσθενεῖ	asthenei	G0770G	V-PAI-3S	ἀσθενέω	be weak	is weak	NA28+NA27+Tyn+SBL+WH+Treg+TR+Byz	
13	3	14	NKO	ἀλλὰ	alla	G0235	CONJ	ἀλλά	but	but	NA28+NA27+Tyn+SBL+WH+Treg+TR+Byz	
13	3	15	NKO	δυνατεῖ	dunatei	G1414	V-PAI-3S	δυνατέω	be able	He is powerful	NA28+NA27+Tyn+SBL+WH+Treg+TR+Byz	
13	3	16	NKO	ἐν	en	G1722	PREP	ἐν	in/on/among	among	NA28+NA27+Tyn+SBL+WH+Treg+TR+Byz	
13	3	17	NKO	ὑμῖν.	humin	G4771	P-2DP	σύ	you	you.	NA28+NA27+Tyn+SBL+WH+Treg+TR+Byz	
13	4	1	NKO	καὶ	kai	G2532	CONJ	καί	and	And	NA28+NA27+Tyn+SBL+WH+Treg+TR+Byz	
13	4	2	NKO	γὰρ	gar	G1063	CONJ	γάρ	for	for	NA28+NA27+Tyn+SBL+WH+Treg+TR+Byz	
13	4	3	K	εἰ	ei	G1487G	COND	εἰ	if	if	TR+Byz	
13	4	4	NKO	ἐσταυρώθη	estaurōthē	G4717	V-API-3S	σταυρόω	to crucify	He was crucified	NA28+NA27+Tyn+SBL+WH+Treg+TR+Byz	
13	4	5	NKO	ἐξ	ex	G1537	PREP	ἐκ	out from	in	NA28+NA27+Tyn+SBL+WH+Treg+TR+Byz	
13	4	6	NKO	ἀσθενείας	astheneias	G0769G	N-GSF	ἀσθένεια	weakness	weakness	NA28+NA27+Tyn+SBL+WH+Treg+TR+Byz	
13	4	7	NKO	ἀλλὰ	alla	G0235	CONJ	ἀλλά	but	yet	NA28+NA27+Tyn+SBL+WH+Treg+TR+Byz	
13	4	8	NKO	ζῇ	zēa	G2198	V-PAI-3S	ζάω	to live	He lives	NA28+NA27+Tyn+SBL+WH+Treg+TR+Byz	
13	4	9	NKO	ἐκ	ek	G1537	PREP	ἐκ	out from	by	NA28+NA27+Tyn+SBL+WH+Treg+TR+Byz	
13	4	10	NKO	δυνάμεως	dunameōs	G1411	N-GSF	δύναμις	power	power	NA28+NA27+Tyn+SBL+WH+Treg+TR+Byz	
13	4	11	NKO	θεοῦ·	theou	G2316	N-GSM-T	θεός	God	God’s;	NA28+NA27+Tyn+SBL+WH+Treg+TR+Byz	
13	4	12	NKO	καὶ	kai	G2532	CONJ	καί	and	Also	NA28+NA27+Tyn+SBL+WH+Treg+TR+Byz	
13	4	13	NKO	γὰρ	gar	G1063	CONJ	γάρ	for	for	NA28+NA27+Tyn+SBL+WH+Treg+TR+Byz	
13	4	14	NKO	ἡμεῖς	hēmeis	G3165	P-1NP	ἐγώ	I/we	we ourselves	NA28+NA27+Tyn+SBL+WH+Treg+TR+Byz	
13	4	15	NKO	ἀσθενοῦμεν	asthenoumen	G0770G	V-PAI-1P	ἀσθενέω	be weak	are weak	NA28+NA27+Tyn+SBL+WH+Treg+TR+Byz	
13	4	16	NKO	ἐν	en	G1722	PREP	ἐν	in/on/among	in	NA28+NA27+Tyn+SBL+WH+Treg+TR+Byz	
13	4	17	NKO	αὐτῷ	autō	G0846	P-DSM	αὐτός	he/she/it/self	Him	NA28+NA27+Tyn+SBL+WH+Treg+TR+Byz	
13	4	18	NKO	ἀλλὰ	alla	G0235	CONJ	ἀλλά	but	but	NA28+NA27+Tyn+SBL+WH+Treg+TR+Byz	
13	4	19	N(k)O	ζήσομεν	zēsomen	G2198	V-FAI-1P	ζάω	to live	we will live	NA28+NA27+Tyn+SBL+WH+Treg	
13	4	20	NKO	σὺν	sun	G4862	PREP	σύν	with	with	NA28+NA27+Tyn+SBL+WH+Treg+TR+Byz	
13	4	21	NKO	αὐτῷ	autō	G0846	P-DSM	αὐτός	he/she/it/self	Him	NA28+NA27+Tyn+SBL+WH+Treg+TR+Byz	
13	4	22	NKO	ἐκ	ek	G1537	PREP	ἐκ	out from	by	NA28+NA27+Tyn+SBL+WH+Treg+TR+Byz	
13	4	23	NKO	δυνάμεως	dunameōs	G1411	N-GSF	δύναμις	power	power	NA28+NA27+Tyn+SBL+WH+Treg+TR+Byz	
13	4	24	NKO	θεοῦ	theou	G2316	N-GSM-T	θεός	God	God’s	NA28+NA27+Tyn+SBL+WH+Treg+TR+Byz	
13	4	25	NKO	εἰς	eis	G1519	PREP	εἰς	toward	toward	NA28+NA27+Tyn+SBL+WH+Treg+TR+Byz	
13	4	26	NKO	ὑμᾶς.¶	humas	G4771	P-2AP	σύ	you	you.	NA28+NA27+Tyn+SBL+WH+Treg+TR+Byz	
13	5	1	NKO	Ἑαυτοὺς	He'autous	G1438	F-2APM	ἑαυτοῦ	my/your/him-self	Yourselves	NA28+NA27+Tyn+SBL+WH+Treg+TR+Byz	
13	5	2	NKO	πειράζετε	peirazete	G3985H	V-PAM-2P	πειράζω	to test/tempt	do examine	NA28+NA27+Tyn+SBL+WH+Treg+TR+Byz	
13	5	3	NKO	εἰ	ei	G1487G	COND	εἰ	if	whether	NA28+NA27+Tyn+SBL+WH+Treg+TR+Byz	
13	5	4	NKO	ἐστὲ	este	G1510	V-PAI-2P	εἰμί	to be	you are	NA28+NA27+Tyn+SBL+WH+Treg+TR+Byz	
13	5	5	NKO	ἐν	en	G1722	PREP	ἐν	in/on/among	in	NA28+NA27+Tyn+SBL+WH+Treg+TR+Byz	
13	5	6	NKO	τῇ	tēa	G3588	T-DSF	ὁ	the/this/who	the	NA28+NA27+Tyn+SBL+WH+Treg+TR+Byz	
13	5	7	NKO	πίστει,	pistei	G4102G	N-DSF	πίστις	faith	faith,	NA28+NA27+Tyn+SBL+WH+Treg+TR+Byz	
13	5	8	NKO	ἑαυτοὺς	he'autous	G1438	F-2APM	ἑαυτοῦ	my/your/him-self	yourselves	NA28+NA27+Tyn+SBL+WH+Treg+TR+Byz	
13	5	9	NKO	δοκιμάζετε·	dokimazete	G1381	V-PAM-2P	δοκιμάζω	to test	do test;	NA28+NA27+Tyn+SBL+WH+Treg+TR+Byz	
13	5	10	NKO	ἢ	ē	G2228	CONJ	ἤ	or/than	Or	NA28+NA27+Tyn+SBL+WH+Treg+TR+Byz	
13	5	11	NKO	οὐκ	ouk	G3756	PRT-N	οὐ	no	surely	NA28+NA27+Tyn+SBL+WH+Treg+TR+Byz	
13	5	12	NKO	ἐπιγινώσκετε	epiginōskete	G1921	V-PAI-2P	ἐπιγινώσκω	to come to know	you do recognize	NA28+NA27+Tyn+SBL+WH+Treg+TR+Byz	
13	5	13	NKO	ἑαυτοὺς	he'autous	G1438	F-2APM	ἑαυτοῦ	my/your/him-self	yourselves	NA28+NA27+Tyn+SBL+WH+Treg+TR+Byz	
13	5	14	NKO	ὅτι	hoti	G3754G	CONJ	ὅτι	that/since	that	NA28+NA27+Tyn+SBL+WH+Treg+TR+Byz	
13	5	15	NKO	Ἰησοῦς	Iēsous	G2424G	N-NSM-P	Ἰησοῦς	Jesus/Joshua	Jesus	NA28+NA27+Tyn»1+SBL+WH+Treg»1+TR+Byz	
13	5	16	NKO	Χριστὸς	Christos	G5547	N-NSM-T	Χριστός	Christ	Christ [is]	NA28+NA27+Tyn+SBL+WH+Treg+TR+Byz	
13	5	17	NKO	ἐν	en	G1722	PREP	ἐν	in/on/among	in	NA28+NA27+Tyn+SBL+WH+Treg+TR+Byz	
13	5	18	NKO	ὑμῖν	humin	G4771	P-2DP	σύ	you	you	NA28+NA27+Tyn+SBL+WH+Treg+TR+Byz	
13	5	19	k	ἐστίν;	estin	G1510	V-PAI-3S	εἰμί	to be	is?	TR+Byz	
13	5	20	NKO	εἰ	ei	G1487G	COND	εἰ	if	except	NA28+NA27+Tyn+SBL+WH+Treg+TR+Byz	
13	5	21	NKO	μήτι	mēti	G3385	PRT-N	μή	not + τις=one	surely even	NA28+NA27+Tyn+SBL+WH+Treg+TR+Byz	
13	5	22	NKO	ἀδόκιμοί	adokimoi	G0096	A-NPM	ἀδόκιμος	failing	failing	NA28+NA27+Tyn+SBL+WH+Treg+TR+Byz	
13	5	23	NKO	ἐστε.	este	G1510	V-PAI-2P	εἰμί	to be	you are!	NA28+NA27+Tyn+SBL+WH+Treg+TR+Byz	
13	6	1	NKO	ἐλπίζω	elpizō	G1679	V-PAI-1S	ἐλπίζω	to hope/expect	I hope	NA28+NA27+Tyn+SBL+WH+Treg+TR+Byz	
13	6	2	NKO	δὲ	de	G1161	CONJ	δέ	but/and	now	NA28+NA27+Tyn+SBL+WH+Treg+TR+Byz	
13	6	3	NKO	ὅτι	hoti	G3754G	CONJ	ὅτι	that/since	that	NA28+NA27+Tyn+SBL+WH+Treg+TR+Byz	
13	6	4	NKO	γνώσεσθε	gnōsesthe	G1097	V-FDI-2P	γινώσκω	to know	you will know	NA28+NA27+Tyn+SBL+WH+Treg+TR+Byz	
13	6	5	NKO	ὅτι	hoti	G3754G	CONJ	ὅτι	that/since	that	NA28+NA27+Tyn+SBL+WH+Treg+TR+Byz	
13	6	6	NKO	ἡμεῖς	hēmeis	G3165	P-1NP	ἐγώ	I/we	we ourselves	NA28+NA27+Tyn+SBL+WH+Treg+TR+Byz	
13	6	7	NKO	οὐκ	ouk	G3756	PRT-N	οὐ	no	not	NA28+NA27+Tyn+SBL+WH+Treg+TR+Byz	
13	6	8	NKO	ἐσμὲν	esmen	G1510	V-PAI-1P	εἰμί	to be	are	NA28+NA27+Tyn+SBL+WH+Treg+TR+Byz	
13	6	9	NKO	ἀδόκιμοι.	adokimoi	G0096	A-NPM	ἀδόκιμος	failing	unapproved.	NA28+NA27+Tyn+SBL+WH+Treg+TR+Byz	
13	7	1	N(K)O	εὐχόμεθα	euchometha	G2172	V-PNI-1P	εὔχομαι	to pray/wish for	We pray	NA28+NA27+Tyn+SBL+WH+Treg	
13	7	2	NKO	δὲ	de	G1161	CONJ	δέ	but/and	now	NA28+NA27+Tyn+SBL+WH+Treg+TR+Byz	
13	7	3	NKO	πρὸς	pros	G4314	PREP	πρός	to/with	to	NA28+NA27+Tyn+SBL+WH+Treg+TR+Byz	
13	7	4	NKO	τὸν	ton	G3588	T-ASM	ὁ	the/this/who	<the>	NA28+NA27+Tyn+SBL+WH+Treg+TR+Byz	
13	7	5	NKO	θεὸν	theon	G2316	N-ASM-T	θεός	God	God	NA28+NA27+Tyn+SBL+WH+Treg+TR+Byz	
13	7	6	NKO	μὴ	mē	G3361	PRT-N	μή	not	not	NA28+NA27+Tyn+SBL+WH+Treg+TR+Byz	
13	7	7	NKO	ποιῆσαι	poiēsai	G4160G	V-AAN	ποιέω	to do/make	to do	NA28+NA27+Tyn+SBL+WH+Treg+TR+Byz	
13	7	8	NKO	ὑμᾶς	humas	G4771	P-2AP	σύ	you	you	NA28+NA27+Tyn+SBL+WH+Treg+TR+Byz	
13	7	9	NKO	κακὸν	kakon	G2556G	A-ASN	κακός	evil/harm	wrong	NA28+NA27+Tyn+SBL+WH+Treg+TR+Byz	
13	7	10	NKO	μηδέν,	mēden	G3367	A-ASN-N	μηδείς	nothing	nothing,	NA28+NA27+Tyn+SBL+WH+Treg+TR+Byz	
13	7	11	NKO	οὐχ	ouch	G3756	PRT-N	οὐ	no	not	NA28+NA27+Tyn+SBL+WH+Treg+TR+Byz	
13	7	12	NKO	ἵνα	ina	G2443	CONJ	ἵνα	in order that/to	that	NA28+NA27+Tyn+SBL+WH+Treg+TR+Byz	
13	7	13	NKO	ἡμεῖς	hēmeis	G3165	P-1NP	ἐγώ	I/we	we ourselves	NA28+NA27+Tyn+SBL+WH+Treg+TR+Byz	
13	7	14	NKO	δόκιμοι	dokimoi	G1384	A-NPM	δόκιμος	tested	approved	NA28+NA27+Tyn+SBL+WH+Treg+TR+Byz	
13	7	15	NKO	φανῶμεν,	phanōmen	G5316	V-2APS-1P	φαίνω	to shine/appear	may appear,	NA28+NA27+Tyn+SBL+WH+Treg+TR+Byz	
13	7	16	NKO	ἀλλ᾽	all᾽	G0235	CONJ	ἀλλά	but	but	NA28+NA27+Tyn+SBL+WH+Treg+TR+Byz	
13	7	17	NKO	ἵνα	ina	G2443	CONJ	ἵνα	in order that/to	that	NA28+NA27+Tyn+SBL+WH+Treg+TR+Byz	
13	7	18	NKO	ὑμεῖς	humeis	G4771	P-2NP	σύ	you	you yourselves	NA28+NA27+Tyn+SBL+WH+Treg+TR+Byz	
13	7	19	NKO	τὸ	to	G3588	T-ASN	ὁ	the/this/who	what [is]	NA28+NA27+Tyn+SBL+WH+Treg+TR+Byz	
13	7	20	NKO	καλὸν	kalon	G2570G	A-ASN	καλός	good	right	NA28+NA27+Tyn+SBL+WH+Treg+TR+Byz	
13	7	21	NKO	ποιῆτε,	poiēte	G4160G	V-PAS-2P	ποιέω	to do/make	may do,	NA28+NA27+Tyn+SBL+WH+Treg+TR+Byz	
13	7	22	NKO	ἡμεῖς	hēmeis	G3165	P-1NP	ἐγώ	I/we	we ourselves	NA28+NA27+Tyn+SBL+WH+Treg+TR+Byz	
13	7	23	NKO	δὲ	de	G1161	CONJ	δέ	but/and	though	NA28+NA27+Tyn+SBL+WH+Treg+TR+Byz	
13	7	24	NKO	ὡς	hōs	G5613	PRT	ὡς	which/how	as	NA28+NA27+Tyn+SBL+WH+Treg+TR+Byz	
13	7	25	NKO	ἀδόκιμοι	adokimoi	G0096	A-NPM	ἀδόκιμος	failing	unapproved	NA28+NA27+Tyn+SBL+WH+Treg+TR+Byz	
13	7	26	NKO	ὦμεν.	ōmen	G1510	V-PAS-1P	εἰμί	to be	may appear.	NA28+NA27+Tyn+SBL+WH+Treg+TR+Byz	
13	8	1	NKO	οὐ	ou	G3756	PRT-N	οὐ	no	Nothing	NA28+NA27+Tyn+SBL+WH+Treg+TR+Byz	
13	8	2	NKO	γὰρ	gar	G1063	CONJ	γάρ	for	for	NA28+NA27+Tyn+SBL+WH+Treg+TR+Byz	
13	8	3	NKO	δυνάμεθά	dunametha	G1410	V-PMI-1P	δύναμαι	be able	have we power	NA28+NA27+Tyn+SBL+WH+Treg+TR+Byz	
13	8	4	NKO	τι	ti	G5100	X-ASN	τις	one	any	NA28+NA27+Tyn+SBL+WH+Treg+TR+Byz	
13	8	5	NKO	κατὰ	kata	G2596	PREP	κατά	according to	against	NA28+NA27+Tyn+SBL+WH+Treg+TR+Byz	
13	8	6	NKO	τῆς	tēs	G3588	T-GSF	ὁ	the/this/who	the	NA28+NA27+Tyn+SBL+WH+Treg+TR+Byz	
13	8	7	NKO	ἀληθείας	alētheias	G0225	N-GSF	ἀλήθεια	truth	truth	NA28+NA27+Tyn+SBL+WH+Treg+TR+Byz	
13	8	8	NKO	ἀλλ᾽	all᾽	G0235	CONJ	ἀλλά	but	but	NA28+NA27+Tyn+SBL+WH+Treg+TR+Byz	
13	8	9	NKO	ὑπὲρ	huper	G5228	PREP	ὑπέρ	above/for	for	NA28+NA27+Tyn+SBL+WH+Treg+TR+Byz	
13	8	10	NKO	τῆς	tēs	G3588	T-GSF	ὁ	the/this/who	the	NA28+NA27+Tyn+SBL+WH+Treg+TR+Byz	
13	8	11	NKO	ἀληθείας.	alētheias	G0225	N-GSF	ἀλήθεια	truth	truth.	NA28+NA27+Tyn+SBL+WH+Treg+TR+Byz	
13	9	1	NKO	χαίρομεν	chairomen	G5463	V-PAI-1P	χαίρω	to rejoice	We rejoice	NA28+NA27+Tyn+SBL+WH+Treg+TR+Byz	
13	9	2	NKO	γὰρ	gar	G1063	CONJ	γάρ	for	for	NA28+NA27+Tyn+SBL+WH+Treg+TR+Byz	
13	9	3	NKO	ὅταν	hotan	G3752	CONJ	ὅταν	when(-ever)	when	NA28+NA27+Tyn+SBL+WH+Treg+TR+Byz	
13	9	4	NKO	ἡμεῖς	hēmeis	G3165	P-1NP	ἐγώ	I/we	we ourselves	NA28+NA27+Tyn+SBL+WH+Treg+TR+Byz	
13	9	5	NKO	ἀσθενῶμεν,	asthenōmen	G0770G	V-PAS-1P	ἀσθενέω	be weak	may be weak,	NA28+NA27+Tyn+SBL+WH+Treg+TR+Byz	
13	9	6	NKO	ὑμεῖς	humeis	G4771	P-2NP	σύ	you	you yourselves	NA28+NA27+Tyn+SBL+WH+Treg+TR+Byz	
13	9	7	NKO	δὲ	de	G1161	CONJ	δέ	but/and	however	NA28+NA27+Tyn+SBL+WH+Treg+TR+Byz	
13	9	8	NKO	δυνατοὶ	dunatoi	G1415	A-NPM	δυνατός	able	strong	NA28+NA27+Tyn+SBL+WH+Treg+TR+Byz	
13	9	9	NKO	ἦτε·	ēte	G1510	V-PAS-2P	εἰμί	to be	may be;	NA28+NA27+Tyn+SBL+WH+Treg+TR+Byz	
13	9	10	NKO	τοῦτο	touto	G3778	D-ASN	οὗτος	this/he/she/it	But this	NA28+NA27+Tyn+SBL+WH+Treg+TR+Byz	
13	9	11	k	δὲ	de	G1161	CONJ	δέ	but/and	now	TR+Byz	
13	9	12	NKO	καὶ	kai	G2532	CONJ	καί	and	also	NA28+NA27+Tyn+SBL+WH+Treg+TR+Byz	
13	9	13	NKO	εὐχόμεθα,	euchometha	G2172	V-PNI-1P	εὔχομαι	to pray/wish for	We pray for	NA28+NA27+Tyn+SBL+WH+Treg+TR+Byz	
13	9	14	NKO	τὴν	tēn	G3588	T-ASF	ὁ	the/this/who	the	NA28+NA27+Tyn+SBL+WH+Treg+TR+Byz	
13	9	15	NKO	ὑμῶν	humōn	G4771	P-2GP	σύ	you	of you	NA28+NA27+Tyn+SBL+WH+Treg+TR+Byz	
13	9	16	NKO	κατάρτισιν.	katartisin	G2676	N-ASF	κατάρτισις	perfection	perfection.	NA28+NA27+Tyn+SBL+WH+Treg+TR+Byz	
13	10	1	NKO	διὰ	dia	G1223	PREP	διά	through/because of	Because of	NA28+NA27+Tyn+SBL+WH+Treg+TR+Byz	
13	10	2	NKO	τοῦτο	touto	G3778	D-ASN	οὗτος	this/he/she/it	therefore	NA28+NA27+Tyn+SBL+WH+Treg+TR+Byz	
13	10	3	NKO	ταῦτα	tauta	G3778	D-APN	οὗτος	this/he/she/it	these things	NA28+NA27+Tyn+SBL+WH+Treg+TR+Byz	
13	10	4	NKO	ἀπὼν	apōn	G0548	V-PAP-NSM	ἄπειμι	be away	being absent	NA28+NA27+Tyn+SBL+WH+Treg+TR+Byz	
13	10	5	NKO	γράφω,	graphō	G1125	V-PAI-1S	γράφω	to write	I write,	NA28+NA27+Tyn+SBL+WH+Treg+TR+Byz	
13	10	6	NKO	ἵνα	ina	G2443	CONJ	ἵνα	in order that/to	so that	NA28+NA27+Tyn+SBL+WH+Treg+TR+Byz	
13	10	7	NKO	παρὼν	parōn	G3918	V-PAP-NSM	πάρειμι	be present	being present	NA28+NA27+Tyn+SBL+WH+Treg+TR+Byz	
13	10	8	NKO	μὴ	mē	G3361	PRT-N	μή	not	not	NA28+NA27+Tyn+SBL+WH+Treg+TR+Byz	
13	10	9	NKO	ἀποτόμως	apotomōs	G0664	ADV	ἀποτόμως	severely	with severity	NA28+NA27+Tyn+SBL+WH+Treg+TR+Byz	
13	10	10	NKO	χρήσωμαι	chrēsōmai	G5530	V-ADS-1S	χράω	to use	I may treat [you]	NA28+NA27+Tyn+SBL+WH+Treg+TR+Byz	
13	10	11	NKO	κατὰ	kata	G2596	PREP	κατά	according to	according to	NA28+NA27+Tyn+SBL+WH+Treg+TR+Byz	
13	10	12	NKO	τὴν	tēn	G3588	T-ASF	ὁ	the/this/who	the	NA28+NA27+Tyn+SBL+WH+Treg+TR+Byz	
13	10	13	NKO	ἐξουσίαν	exousian	G1849	N-ASF	ἐξουσία	authority	authority	NA28+NA27+Tyn+SBL+WH+Treg+TR+Byz	
13	10	14	NKO	ἣν	hēn	G3739	R-ASF	ὅς, ἥ	which	that	NA28+NA27+Tyn+SBL+WH+Treg+TR+Byz	
13	10	15	NKO	ὁ	ho	G3588	T-NSM	ὁ	the/this/who	the	NA28+NA27+Tyn+SBL+WH+Treg+TR»3+Byz»3	
13	10	16	NKO	κύριος	kurios	G2962G	N-NSM-T	κύριος	lord	Lord	NA28+NA27+Tyn+SBL+WH+Treg+TR»2+Byz»2	
13	10	17	NKO	ἔδωκέν	edōken	G1325	V-AAI-3S	δίδωμι	to give	has given	NA28+NA27+Tyn+SBL+WH+Treg+TR+Byz	
13	10	18	NKO	μοι	moi	G3165	P-1DS	ἐγώ	I/we	me	NA28+NA27+Tyn+SBL+WH+Treg+TR+Byz	
13	10	19	NKO	εἰς	eis	G1519	PREP	εἰς	toward	for	NA28+NA27+Tyn+SBL+WH+Treg+TR+Byz	
13	10	20	NKO	οἰκοδομὴν	oikodomēn	G3619	N-ASF	οἰκοδομή	building	building up	NA28+NA27+Tyn+SBL+WH+Treg+TR+Byz	
13	10	21	NKO	καὶ	kai	G2532	CONJ	καί	and	and	NA28+NA27+Tyn+SBL+WH+Treg+TR+Byz	
13	10	22	NKO	οὐκ	ouk	G3756	PRT-N	οὐ	no	not	NA28+NA27+Tyn+SBL+WH+Treg+TR+Byz	
13	10	23	NKO	εἰς	eis	G1519	PREP	εἰς	toward	for	NA28+NA27+Tyn+SBL+WH+Treg+TR+Byz	
13	10	24	NKO	καθαίρεσιν.¶	kathairesin	G2506	N-ASF	καθαίρεσις	destruction	tearing down.	NA28+NA27+Tyn+SBL+WH+Treg+TR+Byz	
13	11	1	NKO	Λοιπόν,	Loipon	G3063	A-ASN	λοιπόν	henceforth	Finally,	NA28+NA27+Tyn+SBL+WH+Treg+TR+Byz	
13	11	2	NKO	ἀδελφοί,	adelphoi	G0080	N-VPM	ἀδελφός	brother	brothers,	NA28+NA27+Tyn+SBL+WH+Treg+TR+Byz	
13	11	3	NKO	χαίρετε,	chairete	G5463	V-PAM-2P	χαίρω	to rejoice	do rejoice	NA28+NA27+Tyn+SBL+WH+Treg+TR+Byz	
13	11	4	NKO	καταρτίζεσθε,	katartizesthe	G2675	V-PPM-2P	καταρτίζω	to complete	do be perfected,	NA28+NA27+Tyn+SBL+WH+Treg+TR+Byz	
13	11	5	NKO	παρακαλεῖσθε,	parakaleisthe	G3870	V-PPM-2P	παρακαλέω	to plead/comfort	do be encouraged,	NA28+NA27+Tyn+SBL+WH+Treg+TR+Byz	
13	11	6	NKO	τὸ	to	G3588	T-ASN	ὁ	the/this/who	the	NA28+NA27+Tyn+SBL+WH+Treg+TR+Byz	
13	11	7	NKO	αὐτὸ	auto	G0846	P-ASN	αὐτός	he/she/it/self	same	NA28+NA27+Tyn+SBL+WH+Treg+TR+Byz	
13	11	8	NKO	φρονεῖτε,	phroneite	G5426	V-PAM-2P	φρονέω	to reason	do think,	NA28+NA27+Tyn+SBL+WH+Treg+TR+Byz	
13	11	9	NKO	εἰρηνεύετε,	eirēneuete	G1514	V-PAM-2P	εἰρηνεύω	be at peace	do be at peace,	NA28+NA27+Tyn+SBL+WH+Treg+TR+Byz	
13	11	10	NKO	καὶ	kai	G2532	CONJ	καί	and	And	NA28+NA27+Tyn+SBL+WH+Treg+TR+Byz	
13	11	11	NKO	ὁ	ho	G3588	T-NSM	ὁ	the/this/who	the	NA28+NA27+Tyn+SBL+WH+Treg+TR+Byz	
13	11	12	NKO	θεὸς	theos	G2316	N-NSM-T	θεός	God	God	NA28+NA27+Tyn+SBL+WH+Treg+TR+Byz	
13	11	13	NKO	τῆς	tēs	G3588	T-GSF	ὁ	the/this/who	<the>	NA28+NA27+Tyn+SBL+WH+Treg+TR+Byz	
13	11	14	NKO	ἀγάπης	agapēs	G0026	N-GSF	ἀγάπη	love	of love	NA28+NA27+Tyn+SBL+WH+Treg+TR+Byz	
13	11	15	NKO	καὶ	kai	G2532	CONJ	καί	and	and	NA28+NA27+Tyn+SBL+WH+Treg+TR+Byz	
13	11	16	NKO	εἰρήνης	eirēnēs	G1515	N-GSF	εἰρήνη	peace	peace	NA28+NA27+Tyn+SBL+WH+Treg+TR+Byz	
13	11	17	NKO	ἔσται	estai	G1510	V-FDI-3S	εἰμί	to be	will be	NA28+NA27+Tyn+SBL+WH+Treg+TR+Byz	
13	11	18	NKO	μεθ᾽	meth᾽	G3326	PREP	μετά	with/after	with	NA28+NA27+Tyn+SBL+WH+Treg+TR+Byz	
13	11	19	NKO	ὑμῶν.¶	humōn	G4771	P-2GP	σύ	you	you.	NA28+NA27+Tyn+SBL+WH+Treg+TR+Byz	
13	12	1	NKO	Ἀσπάσασθε	Aspasasthe	G0782	V-ADM-2P	ἀσπάζομαι	to pay respects to	do greet	NA28+NA27+Tyn+SBL+WH+Treg+TR+Byz	
13	12	2	NKO	ἀλλήλους	allēlous	G0240	C-APM	ἀλλήλων	one another	one another	NA28+NA27+Tyn+SBL+WH+Treg+TR+Byz	
13	12	3	NKO	ἐν	en	G1722	PREP	ἐν	in/on/among	with	NA28+NA27+Tyn+SBL+WH+Treg+TR+Byz	
13	12	4	NKO	ἁγίῳ	hagiō	G0040G	A-DSN	ἅγιος	holy	a holy	NA28+NA27+Tyn+SBL+WH+Treg+TR+Byz	
13	12	5	NKO	φιλήματι.	philēmati	G5370	N-DSN	φίλημα	kiss	kiss.	NA28+NA27+Tyn+SBL+WH+Treg+TR+Byz	
13	12	6	NKO	Ἀσπάζονται	Aspazontai	G0782	V-PNI-3P	ἀσπάζομαι	to pay respects to	[13] Greet	NA28+NA27+Tyn+SBL+WH+Treg+TR+Byz	13.12[13.13]
13	12	7	NKO	ὑμᾶς	humas	G4771	P-2AP	σύ	you	you	NA28+NA27+Tyn+SBL+WH+Treg+TR+Byz	13.12[13.13]
13	12	8	NKO	οἱ	hoi	G3588	T-NPM	ὁ	the/this/who	the	NA28+NA27+Tyn+SBL+WH+Treg+TR+Byz	13.12[13.13]
13	12	9	NKO	ἅγιοι	hagioi	G0040H	A-NPM	ἅγιος	holy	saints	NA28+NA27+Tyn+SBL+WH+Treg+TR+Byz	13.12[13.13]
13	12	10	NKO	πάντες.¶	pantes	G3956	A-NPM	πᾶς	all	all.	NA28+NA27+Tyn+SBL+WH+Treg+TR+Byz	13.12[13.13]
13	13	1	NKO	Ἡ	Hē	G3588	T-NSF	ὁ	the/this/who	[14] The	NA28+NA27+Tyn+SBL+WH+Treg+TR+Byz	13.13[13.14]
13	13	2	NKO	χάρις	charis	G5485	N-NSF	χάρις	grace	grace	NA28+NA27+Tyn+SBL+WH+Treg+TR+Byz	13.13[13.14]
13	13	3	NKO	τοῦ	tou	G3588	T-GSM	ὁ	the/this/who	of the	NA28+NA27+Tyn+SBL+WH+Treg+TR+Byz	13.13[13.14]
13	13	4	NKO	κυρίου	kuriou	G2962G	N-GSM-T	κύριος	lord	Lord	NA28+NA27+Tyn+SBL+WH+Treg+TR+Byz	13.13[13.14]
13	13	5	NKO	Ἰησοῦ	Iēsou	G2424G	N-GSM-P	Ἰησοῦς	Jesus/Joshua	Jesus	NA28+NA27+Tyn+SBL+WH+Treg+TR+Byz	13.13[13.14]
13	13	6	NKO	Χριστοῦ	Christou	G5547	N-GSM-T	Χριστός	Christ	Christ	NA28+NA27+Tyn+SBL+WH+Treg+TR+Byz	13.13[13.14]
13	13	7	NKO	καὶ	kai	G2532	CONJ	καί	and	and	NA28+NA27+Tyn+SBL+WH+Treg+TR+Byz	13.13[13.14]
13	13	8	NKO	ἡ	hē	G3588	T-NSF	ὁ	the/this/who	the	NA28+NA27+Tyn+SBL+WH+Treg+TR+Byz	13.13[13.14]
13	13	9	NKO	ἀγάπη	agapē	G0026	N-NSF	ἀγάπη	love	love	NA28+NA27+Tyn+SBL+WH+Treg+TR+Byz	13.13[13.14]
13	13	10	NKO	τοῦ	tou	G3588	T-GSM	ὁ	the/this/who	<the>	NA28+NA27+Tyn+SBL+WH+Treg+TR+Byz	13.13[13.14]
13	13	11	NKO	θεοῦ	theou	G2316	N-GSM-T	θεός	God	of God	NA28+NA27+Tyn+SBL+WH+Treg+TR+Byz	13.13[13.14]
13	13	12	NKO	καὶ	kai	G2532	CONJ	καί	and	and	NA28+NA27+Tyn+SBL+WH+Treg+TR+Byz	13.13[13.14]
13	13	13	NKO	ἡ	hē	G3588	T-NSF	ὁ	the/this/who	the	NA28+NA27+Tyn+SBL+WH+Treg+TR+Byz	13.13[13.14]
13	13	14	NKO	κοινωνία	koinōnia	G2842	N-NSF	κοινωνία	participation	fellowship	NA28+NA27+Tyn+SBL+WH+Treg+TR+Byz	13.13[13.14]
13	13	15	NKO	τοῦ	tou	G3588	T-GSN	ὁ	the/this/who	of the	NA28+NA27+Tyn+SBL+WH+Treg+TR+Byz	13.13[13.14]
13	13	16	NKO	ἁγίου	hagiou	G0040G	A-GSN	ἅγιος	holy	Holy	NA28+NA27+Tyn+SBL+WH+Treg+TR+Byz	13.13[13.14]
13	13	17	NKO	πνεύματος	pneumatos	G4151G	N-GSN	πνεῦμα	spirit/breath	Spirit	NA28+NA27+Tyn+SBL+WH+Treg+TR+Byz	13.13[13.14]
13	13	18	NKO	μετὰ	meta	G3326	PREP	μετά	with/after	[be] with	NA28+NA27+Tyn+SBL+WH+Treg+TR+Byz	13.13[13.14]
13	13	19	NKO	πάντων	pantōn	G3956	A-GPM	πᾶς	all	all	NA28+NA27+Tyn+SBL+WH+Treg+TR+Byz	13.13[13.14]
13	13	20	NKO	ὑμῶν	humōn	G4771	P-2GP	σύ	you	of you	NA28+NA27+Tyn+SBL+WH+Treg+TR+Byz	13.13[13.14]
13	13	21	KO	ἀμήν	amēn	G0281	INJ-HEB	ἀμήν	amen	Amen	TR+Byz	13.13[13.14]
13	13	22	K	πρός	pros	G4314	PREP	πρός	to/with	to	TR	13.13[13.14]
13	13	23	K	Κορινθίους	Korinthious	G2881	N-APM-LG	Κορίνθιος	Corinthian	Corinthians	TR	13.13[13.14]
13	13	24	K	δευτέρᾳ	deutera	G1208	A-NSF	δεύτερος	secondly	second	TR	13.13[13.14]
13	13	25	K	ἐγράφη	egraphē	G1125	V-2API-3S	γράφω	to write	it was written	TR	13.13[13.14]
13	13	26	K	ἀπό	apo	G0575	PREP	ἀπό	away from	from	TR	13.13[13.14]
13	13	27	K	Φιλίππων	Philippōn	G5375	N-GSM-L	Φίλιπποι	Philippi	Philippi	TR	13.13[13.14]
13	13	28	K	τῆς	tēs	G3588	T-GSF	ὁ	the/this/who	<the>	TR	13.13[13.14]
13	13	29	K	Μακεδονίας	Makedonias	G3109	N-GSF-L	Μακεδονία	Macedonia	of Macedonia	TR	13.13[13.14]
13	13	30	K	διά	dia	G1223	PREP	διά	through/because of	through	TR	13.13[13.14]
13	13	31	K	Τίτου	Titou	G5103	N-GSM-P	Τίτος	Titus	of Titus	TR	13.13[13.14]
13	13	32	K	καί	kai	G2532	CONJ	καί	and	and	TR	13.13[13.14]
13	13	33	K	Λουκᾶ.¶	Louka	G3065	N-GSM-P	Λουκᾶς	Luke	Luke.	TR	13.13[13.14]
