chapter	verse	word	type	surface	translit	strongs	morph	lemma	gloss	translation	editions	alt
1	1	1	NKO	Πολυμερῶς	Polumerōs	G4181	ADV	πολυμερῶς	little by little	In many portions	NA28+NA27+Tyn+SBL+WH+Treg+TR+Byz	
1	1	2	NKO	καὶ	kai	G2532	CONJ	καί	and	and	NA28+NA27+Tyn+SBL+WH+Treg+TR+Byz	
1	1	3	NKO	πολυτρόπως	polutropōs	G4187	ADV	πολυτρόπως	in many ways	in many ways	NA28+NA27+Tyn+SBL+WH+Treg+TR+Byz	
1	1	4	NKO	πάλαι	palai	G3819	ADV	πάλαι	of old	long ago	NA28+NA27+Tyn+SBL+WH+Treg+TR+Byz	
1	1	5	NKO	ὁ	ho	G3588	T-NSM	ὁ	the/this/who	<the>	NA28+NA27+Tyn+SBL+WH+Treg+TR+Byz	
1	1	6	NKO	θεὸς	theos	G2316	N-NSM-T	θεός	God	God	NA28+NA27+Tyn+SBL+WH+Treg+TR+Byz	
1	1	7	NKO	λαλήσας	lalēsas	G2980	V-AAP-NSM	λαλέω	to speak	having spoken	NA28+NA27+Tyn+SBL+WH+Treg+TR+Byz	
1	1	8	NKO	τοῖς	tois	G3588	T-DPM	ὁ	the/this/who	to the	NA28+NA27+Tyn+SBL+WH+Treg+TR+Byz	
1	1	9	NKO	πατράσιν	patrasin	G3962	N-DPM	πατήρ	father	fathers	NA28+NA27+Tyn+SBL+WH+Treg+TR+Byz	
1	1	10	NKO	ἐν	en	G1722	PREP	ἐν	in/on/among	in	NA28+NA27+Tyn+SBL+WH+Treg+TR+Byz	
1	1	11	NKO	τοῖς	tois	G3588	T-DPM	ὁ	the/this/who	the	NA28+NA27+Tyn+SBL+WH+Treg+TR+Byz	
1	1	12	NKO	προφήταις	prophētais	G4396	N-DPM	προφήτης	prophet	prophets	NA28+NA27+Tyn+SBL+WH+Treg+TR+Byz	
1	2	1	NKO	ἐπ᾽	ep᾽	G1909	PREP	ἐπί	upon/to/against	in	NA28+NA27+Tyn+SBL+WH+Treg+TR+Byz	
1	2	2	N(k)O	ἐσχάτου	eschatou	G2078	A-GSN	ἔσχατος	last/least	[this] last	NA28+NA27+Tyn+SBL+WH+Treg+Byz	
1	2	3	NKO	τῶν	tōn	G3588	T-GPF	ὁ	the/this/who	of the	NA28+NA27+Tyn+SBL+WH+Treg+TR+Byz	
1	2	4	NKO	ἡμερῶν	hēmerōn	G2250	N-GPF	ἡμέρα	day	days	NA28+NA27+Tyn+SBL+WH+Treg+TR+Byz	
1	2	5	NKO	τούτων	toutōn	G3778	D-GPF	οὗτος	this/he/she/it	these	NA28+NA27+Tyn+SBL+WH+Treg+TR+Byz	
1	2	6	NKO	ἐλάλησεν	elalēsen	G2980	V-AAI-3S	λαλέω	to speak	has spoken	NA28+NA27+Tyn+SBL+WH+Treg+TR+Byz	
1	2	7	NKO	ἡμῖν	hēmin	G3165	P-1DP	ἐγώ	I/we	to us	NA28+NA27+Tyn+SBL+WH+Treg+TR+Byz	
1	2	8	NKO	ἐν	en	G1722	PREP	ἐν	in/on/among	in	NA28+NA27+Tyn+SBL+WH+Treg+TR+Byz	
1	2	9	NKO	υἱῷ	huiō	G5207	N-DSM	υἱός	son	[His] Son	NA28+NA27+Tyn+SBL+WH+Treg+TR+Byz	
1	2	10	NKO	ὃν	hon	G3739	R-ASM	ὅς, ἥ	which	whom	NA28+NA27+Tyn+SBL+WH+Treg+TR+Byz	
1	2	11	NKO	ἔθηκεν	ethēken	G5087	V-AAI-3S	τίθημι	to place	He appointed	NA28+NA27+Tyn+SBL+WH+Treg+TR+Byz	
1	2	12	NKO	κληρονόμον	klēronomon	G2818	N-ASM	κληρονόμος	heir	heir	NA28+NA27+Tyn+SBL+WH+Treg+TR+Byz	
1	2	13	NKO	πάντων,	pantōn	G3956	A-GPN	πᾶς	all	of all things,	NA28+NA27+Tyn+SBL+WH+Treg+TR+Byz	
1	2	14	NKO	δι᾽	di᾽	G1223	PREP	διά	through/because of	through	NA28+NA27+Tyn+SBL+WH+Treg+TR+Byz	
1	2	15	NKO	οὗ	hou	G3739	R-GSM	ὅς, ἥ	which	whom	NA28+NA27+Tyn+SBL+WH+Treg+TR+Byz	
1	2	16	NKO	καὶ	kai	G2532	CONJ	καί	and	also	NA28+NA27+Tyn+SBL+WH+Treg+TR+Byz	
1	2	17	NKO	ἐποίησεν	epoiēsen	G4160G	V-AAI-3S	ποιέω	to do/make	He made	NA28+NA27+Tyn+SBL+WH+Treg+TR»2+Byz»2	
1	2	18	NKO	τοὺς	tous	G3588	T-APM	ὁ	the/this/who	the	NA28+NA27+Tyn+SBL+WH+Treg+TR+Byz	
1	2	19	NKO	αἰῶνας,	aiōnas	G0165G	N-APM	αἰών	an age	ages	NA28+NA27+Tyn+SBL+WH+Treg+TR+Byz	
1	3	1	NKO	ὃς	hos	G3739	R-NSM	ὅς, ἥ	which	who	NA28+NA27+Tyn+SBL+WH+Treg+TR+Byz	
1	3	2	NKO	ὢν	ōn	G1510	V-PAP-NSM	εἰμί	to be	being	NA28+NA27+Tyn+SBL+WH+Treg+TR+Byz	
1	3	3	NKO	ἀπαύγασμα	apaugasma	G0541	N-NSN	ἀπαύγασμα	radiance	[the] radiance	NA28+NA27+Tyn+SBL+WH+Treg+TR+Byz	
1	3	4	NKO	τῆς	tēs	G3588	T-GSF	ὁ	the/this/who	<the>	NA28+NA27+Tyn+SBL+WH+Treg+TR+Byz	
1	3	5	NKO	δόξης	doxēs	G1391	N-GSF	δόξα	glory	of [His] glory	NA28+NA27+Tyn+SBL+WH+Treg+TR+Byz	
1	3	6	NKO	καὶ	kai	G2532	CONJ	καί	and	and	NA28+NA27+Tyn+SBL+WH+Treg+TR+Byz	
1	3	7	NKO	χαρακτὴρ	charaktēr	G5481	N-NSM	χαρακτήρ	reproduction	[the] exact expression	NA28+NA27+Tyn+SBL+WH+Treg+TR+Byz	
1	3	8	NKO	τῆς	tēs	G3588	T-GSF	ὁ	the/this/who	of the	NA28+NA27+Tyn+SBL+WH+Treg+TR+Byz	
1	3	9	NKO	ὑποστάσεως	hupostaseōs	G5287	N-GSF	ὑπόστασις	confidence/essence	substance	NA28+NA27+Tyn+SBL+WH+Treg+TR+Byz	
1	3	10	NKO	αὐτοῦ,	autou	G0846	P-GSM	αὐτός	he/she/it/self	of Him,	NA28+NA27+Tyn+SBL+WH+Treg+TR+Byz	
1	3	11	NKO	φέρων	pherōn	G5342	V-PAP-NSM	φέρω	to bear/lead	upholding	NA28+NA27+Tyn+SBL+WH+Treg+TR+Byz	
1	3	12	NKO	τε	te	G5037	CONJ	τε	and/both	then	NA28+NA27+Tyn+SBL+WH+Treg+TR+Byz	
1	3	13	NKO	τὰ	ta	G3588	T-APN	ὁ	the/this/who	<the>	NA28+NA27+Tyn+SBL+WH+Treg+TR+Byz	
1	3	14	NKO	πάντα	panta	G3956	A-APN	πᾶς	all	all things	NA28+NA27+Tyn+SBL+WH+Treg+TR+Byz	
1	3	15	NKO	τῷ	tō	G3588	T-DSN	ὁ	the/this/who	by the	NA28+NA27+Tyn+SBL+WH+Treg+TR+Byz	
1	3	16	NKO	ῥήματι	rhēmati	G4487	N-DSN	ῥῆμα	declaration	declaration	NA28+NA27+Tyn+SBL+WH+Treg+TR+Byz	
1	3	17	NKO	τῆς	tēs	G3588	T-GSF	ὁ	the/this/who	of the	NA28+NA27+Tyn+SBL+WH+Treg+TR+Byz	
1	3	18	NKO	δυνάμεως	dunameōs	G1411	N-GSF	δύναμις	power	power	NA28+NA27+Tyn+SBL+WH+Treg+TR+Byz	
1	3	19	NKO	αὐτοῦ	autou	G0846	P-GSM	αὐτός	he/she/it/self	of Him	NA28+NA27+Tyn+WH+Treg+TR+Byz	
1	3	20	KO	δι᾽	di᾽	G1223	PREP	διά	through/because of	through	SBL+TR+Byz	
1	3	21	KO	ἑαυτοῦ,	he'autou	G1438	F-3GSM	ἑαυτοῦ	my/your/him-self	himself	SBL+TR+Byz	
1	3	22	NKO	καθαρισμὸν	katharismon	G2512	N-ASM	καθαρισμός	cleansing	[the] purification	NA28+NA27+Tyn+SBL+WH+Treg+TR+Byz	
1	3	23	NKO	τῶν	tōn	G3588	T-GPF	ὁ	the/this/who	<the>	NA28+NA27+Tyn+SBL+WH+Treg+TR+Byz	
1	3	24	NKO	ἁμαρτιῶν	hamartiōn	G0266	N-GPF	ἁμαρτία	sin	of sins	NA28+NA27+Tyn+SBL+WH+Treg+TR+Byz	
1	3	25	NKO	ποιησάμενος	poiēsamenos	G4160G	V-AMP-NSM	ποιέω	to do/make	having made	NA28+NA27+Tyn+SBL+WH+Treg+TR«3+Byz«3	
1	3	26	K	ἡμῶν	hēmōn	G3165	P-1GP	ἐγώ	I/we	of us	TR+Byz	
1	3	27	NKO	ἐκάθισεν	ekathisen	G2523	V-AAI-3S	καθίζω	to seat	sat down	NA28+NA27+Tyn+SBL+WH+Treg+TR+Byz	
1	3	28	NKO	ἐν	en	G1722	PREP	ἐν	in/on/among	at	NA28+NA27+Tyn+SBL+WH+Treg+TR+Byz	
1	3	29	NKO	δεξιᾷ	dexia	G1188	A-DSF	δεξιός	right	[the] right hand	NA28+NA27+Tyn+SBL+WH+Treg+TR+Byz	
1	3	30	NKO	τῆς	tēs	G3588	T-GSF	ὁ	the/this/who	of the	NA28+NA27+Tyn+SBL+WH+Treg+TR+Byz	
1	3	31	NKO	μεγαλωσύνης	megalōsunēs	G3172	N-GSF	μεγαλωσύνη	majesty	Majesty	NA28+NA27+Tyn+SBL+WH+Treg+TR+Byz	
1	3	32	NKO	ἐν	en	G1722	PREP	ἐν	in/on/among	on	NA28+NA27+Tyn+SBL+WH+Treg+TR+Byz	
1	3	33	NKO	ὑψηλοῖς	hupsēlois	G5308	A-DPM	ὑψηλός	high	high	NA28+NA27+Tyn+SBL+WH+Treg+TR+Byz	
1	4	1	NKO	τοσούτῳ	tosoutō	G5118	K-DSN	τοσοῦτος	so great	By so much	NA28+NA27+Tyn+SBL+WH+Treg+TR+Byz	
1	4	2	NKO	κρείττων	kreittōn	G2908	A-NSM-C	κρείσσων	greater	superior	NA28+NA27+Tyn+SBL+WH+Treg+TR+Byz	
1	4	3	NKO	γενόμενος	genomenos	G1096	V-2ADP-NSM	γίνομαι	to be	having become	NA28+NA27+Tyn+SBL+WH+Treg+TR+Byz	
1	4	4	NKO	τῶν	tōn	G3588	T-GPM	ὁ	the/this/who	to the	NA28+NA27+Tyn+SBL+WH+Treg+TR+Byz	
1	4	5	NKO	ἀγγέλων,	angelōn	G0032G	N-GPM	ἄγγελος	angel	angels,	NA28+NA27+Tyn+SBL+WH+Treg+TR+Byz	
1	4	6	NKO	ὅσῳ	hosō	G3745	K-DSN	ὅσος	just as/how much	as much as	NA28+NA27+Tyn+SBL+WH+Treg+TR+Byz	
1	4	7	NKO	διαφορώτερον	diaphorōteron	G1313	A-ASN-C	διάφορος	different	more excellent	NA28+NA27+Tyn+SBL+WH+Treg+TR+Byz	
1	4	8	NKO	παρ᾽	par᾽	G3844	PREP	παρά	from with	beyond	NA28+NA27+Tyn+SBL+WH+Treg+TR+Byz	
1	4	9	NKO	αὐτοὺς	autous	G0846	P-APM	αὐτός	he/she/it/self	theirs	NA28+NA27+Tyn+SBL+WH+Treg+TR+Byz	
1	4	10	NKO	κεκληρονόμηκεν	keklēronomēken	G2816	V-RAI-3S	κληρονομέω	to inherit	He has inherited	NA28+NA27+Tyn+SBL+WH+Treg+TR+Byz	
1	4	11	NKO	ὄνομα.¶	onoma	G3686	N-ASN	ὄνομα	name	a name.	NA28+NA27+Tyn+SBL+WH+Treg+TR+Byz	
1	5	1	NKO	Τίνι	Tini	G5101	I-DSM	τίς	which?	To which	NA28+NA27+Tyn+SBL+WH+Treg+TR+Byz	
1	5	2	NKO	γὰρ	gar	G1063	CONJ	γάρ	for	for	NA28+NA27+Tyn+SBL+WH+Treg+TR+Byz	
1	5	3	NKO	εἶπέν	eipen	G2036	V-2AAI-3S	ἔπω, ἐρῶ, εἶπον	to say	did He say	NA28+NA27+Tyn+SBL+WH+Treg+TR+Byz	
1	5	4	NKO	ποτε	pote	G4218	PRT	ποτέ	once/when	ever	NA28+NA27+Tyn+SBL+WH+Treg+TR+Byz	
1	5	5	NKO	τῶν	tōn	G3588	T-GPM	ὁ	the/this/who	of the	NA28+NA27+Tyn+SBL+WH+Treg+TR+Byz	
1	5	6	NKO	ἀγγέλων·	angelōn	G0032G	N-GPM	ἄγγελος	angel	angels:	NA28+NA27+Tyn+SBL+WH+Treg+TR+Byz	
1	5	7	NKO	υἱός	huios	G5207	N-NSM	υἱός	son	Son	NA28+NA27+Tyn+SBL+WH+Treg+TR+Byz	
1	5	8	NKO	μου	mou	G3165	P-1GS	ἐγώ	I/we	of mine	NA28+NA27+Tyn+SBL+WH+Treg+TR+Byz	
1	5	9	NKO	εἶ	ei	G1510	V-PAI-2S	εἰμί	to be	are	NA28+NA27+Tyn+SBL+WH+Treg+TR+Byz	
1	5	10	NKO	σύ,	su	G4771	P-2NS	σύ	you	You yourself,	NA28+NA27+Tyn+SBL+WH+Treg+TR+Byz	
1	5	11	NKO	ἐγὼ	egō	G1473	P-1NS	ἐγώ	I/we	I myself	NA28+NA27+Tyn+SBL+WH+Treg+TR+Byz	
1	5	12	NKO	σήμερον	sēmeron	G4594	ADV	σήμερον	today	today	NA28+NA27+Tyn+SBL+WH+Treg+TR+Byz	
1	5	13	NKO	γεγέννηκά	gegennēka	G1080	V-RAI-1S	γεννάω	to beget	have begotten	NA28+NA27+Tyn+SBL+WH+Treg+TR+Byz	
1	5	14	NKO	σε;	se	G4771	P-2AS	σύ	you	You?	NA28+NA27+Tyn+SBL+WH+Treg+TR+Byz	
1	5	15	NKO	καὶ	kai	G2532	CONJ	καί	and	And	NA28+NA27+Tyn+SBL+WH+Treg+TR+Byz	
1	5	16	NKO	πάλιν·	palin	G3825	ADV	πάλιν	again	again:	NA28+NA27+Tyn+SBL+WH+Treg+TR+Byz	
1	5	17	NKO	ἐγὼ	egō	G1473	P-1NS	ἐγώ	I/we	I myself	NA28+NA27+Tyn+SBL+WH+Treg+TR+Byz	
1	5	18	NKO	ἔσομαι	esomai	G1510	V-FDI-1S	εἰμί	to be	will be	NA28+NA27+Tyn+SBL+WH+Treg+TR+Byz	
1	5	19	NKO	αὐτῷ	autō	G0846	P-DSM	αὐτός	he/she/it/self	to Him	NA28+NA27+Tyn+SBL+WH+Treg+TR+Byz	
1	5	20	NKO	εἰς	eis	G1519	PREP	εἰς	toward	for	NA28+NA27+Tyn+SBL+WH+Treg+TR+Byz	
1	5	21	NKO	πατέρα,	patera	G3962	N-ASM-T	πατήρ	father	a Father,	NA28+NA27+Tyn+SBL+WH+Treg+TR+Byz	
1	5	22	NKO	καὶ	kai	G2532	CONJ	καί	and	and	NA28+NA27+Tyn+SBL+WH+Treg+TR+Byz	
1	5	23	NKO	αὐτὸς	autos	G0846	P-NSM	αὐτός	he/she/it/self	He himself	NA28+NA27+Tyn+SBL+WH+Treg+TR+Byz	
1	5	24	NKO	ἔσται	estai	G1510	V-FDI-3S	εἰμί	to be	will be	NA28+NA27+Tyn+SBL+WH+Treg+TR+Byz	
1	5	25	NKO	μοι	moi	G3165	P-1DS	ἐγώ	I/we	to Me	NA28+NA27+Tyn+SBL+WH+Treg+TR+Byz	
1	5	26	NKO	εἰς	eis	G1519	PREP	εἰς	toward	for	NA28+NA27+Tyn+SBL+WH+Treg+TR+Byz	
1	5	27	NKO	υἱόν;	huion	G5207	N-ASM	υἱός	son	a Son?	NA28+NA27+Tyn+SBL+WH+Treg+TR+Byz	
1	6	1	NKO	ὅταν	hotan	G3752	CONJ	ὅταν	when(-ever)	When	NA28+NA27+Tyn+SBL+WH+Treg+TR+Byz	
1	6	2	NKO	δὲ	de	G1161	CONJ	δέ	but/and	then	NA28+NA27+Tyn+SBL+WH+Treg+TR+Byz	
1	6	3	NKO	πάλιν	palin	G3825	ADV	πάλιν	again	again	NA28+NA27+Tyn+SBL+WH+Treg+TR+Byz	
1	6	4	NKO	εἰσαγάγῃ	eisagagē	G1521	V-2AAS-3S	εἰσάγω	to bring in	He may bring	NA28+NA27+Tyn+SBL+WH+Treg+TR+Byz	
1	6	5	NKO	τὸν	ton	G3588	T-ASM	ὁ	the/this/who	the	NA28+NA27+Tyn+SBL+WH+Treg+TR+Byz	
1	6	6	NKO	πρωτότοκον	prōtotokon	G4416	A-ASM	πρωτότοκος	firstborn	Firstborn	NA28+NA27+Tyn+SBL+WH+Treg+TR+Byz	
1	6	7	NKO	εἰς	eis	G1519	PREP	εἰς	toward	into	NA28+NA27+Tyn+SBL+WH+Treg+TR+Byz	
1	6	8	NKO	τὴν	tēn	G3588	T-ASF	ὁ	the/this/who	the	NA28+NA27+Tyn+SBL+WH+Treg+TR+Byz	
1	6	9	NKO	οἰκουμένην	oikoumenēn	G3625	N-ASF	οἰκουμένη	world	world	NA28+NA27+Tyn+SBL+WH+Treg+TR+Byz	
1	6	10	NKO	λέγει·	legei	G3004G	V-PAI-3S	λέγω	to speak	He says:	NA28+NA27+Tyn+SBL+WH+Treg+TR+Byz	
1	6	11	NKO	καὶ	kai	G2532	CONJ	καί	and	And	NA28+NA27+Tyn+SBL+WH+Treg+TR+Byz	
1	6	12	NKO	προσκυνησάτωσαν	proskunēsatōsan	G4352	V-AAM-3P	προσκυνέω	to worship	should worship	NA28+NA27+Tyn+SBL+WH+Treg+TR+Byz	
1	6	13	NKO	αὐτῷ	autō	G0846	P-DSM	αὐτός	he/she/it/self	Him	NA28+NA27+Tyn+SBL+WH+Treg+TR+Byz	
1	6	14	NKO	πάντες	pantes	G3956	A-NPM	πᾶς	all	all	NA28+NA27+Tyn+SBL+WH+Treg+TR+Byz	
1	6	15	NKO	ἄγγελοι	angeloi	G0032G	N-NPM	ἄγγελος	angel	[the] angels	NA28+NA27+Tyn+SBL+WH+Treg+TR+Byz	
1	6	16	NKO	θεοῦ.	theou	G2316	N-GSM-T	θεός	God	of God.	NA28+NA27+Tyn+SBL+WH+Treg+TR+Byz	
1	7	1	NKO	καὶ	kai	G2532	CONJ	καί	and	And	NA28+NA27+Tyn+SBL+WH+Treg+TR+Byz	
1	7	2	NKO	πρὸς	pros	G4314	PREP	πρός	to/with	as to	NA28+NA27+Tyn+SBL+WH+Treg+TR+Byz	
1	7	3	NKO	μὲν	men	G3303	PRT	μέν	on one hand	indeed	NA28+NA27+Tyn+SBL+WH+Treg+TR+Byz	
1	7	4	NKO	τοὺς	tous	G3588	T-APM	ὁ	the/this/who	the	NA28+NA27+Tyn+SBL+WH+Treg+TR+Byz	
1	7	5	NKO	ἀγγέλους	angelous	G0032G	N-APM	ἄγγελος	angel	angels	NA28+NA27+Tyn+SBL+WH+Treg+TR+Byz	
1	7	6	NKO	λέγει·	legei	G3004G	V-PAI-3S	λέγω	to speak	He says:	NA28+NA27+Tyn+SBL+WH+Treg+TR+Byz	
1	7	7	NKO	ὁ	ho	G3588	T-NSM	ὁ	the/this/who	The [One]	NA28+NA27+Tyn+SBL+WH+Treg+TR+Byz	
1	7	8	NKO	ποιῶν	poiōn	G4160G	V-PAP-NSM	ποιέω	to do/make	making	NA28+NA27+Tyn+SBL+WH+Treg+TR+Byz	
1	7	9	NKO	τοὺς	tous	G3588	T-APM	ὁ	the/this/who	the	NA28+NA27+Tyn+SBL+WH+Treg+TR+Byz	
1	7	10	NKO	ἀγγέλους	angelous	G0032G	N-APM	ἄγγελος	angel	angels	NA28+NA27+Tyn+SBL+WH+Treg+TR+Byz	
1	7	11	NKO	αὐτοῦ	autou	G0846	P-GSM	αὐτός	he/she/it/self	of Him	NA28+NA27+Tyn+SBL+WH+Treg+TR+Byz	
1	7	12	NKO	πνεύματα	pneumata	G4151H	N-APN	πνεῦμα	spirit/breath	winds	NA28+NA27+Tyn+SBL+WH+Treg+TR+Byz	
1	7	13	NKO	καὶ	kai	G2532	CONJ	καί	and	and	NA28+NA27+Tyn+SBL+WH+Treg+TR+Byz	
1	7	14	NKO	τοὺς	tous	G3588	T-APM	ὁ	the/this/who	the	NA28+NA27+Tyn+SBL+WH+Treg+TR+Byz	
1	7	15	NKO	λειτουργοὺς	leitourgous	G3011	N-APM	λειτουργός	minister	ministers	NA28+NA27+Tyn+SBL+WH+Treg+TR+Byz	
1	7	16	NKO	αὐτοῦ	autou	G0846	P-GSM	αὐτός	he/she/it/self	of Him	NA28+NA27+Tyn+SBL+WH+Treg+TR+Byz	
1	7	17	NKO	πυρὸς	puros	G4442	N-GSN	πῦρ	fire	of fire	NA28+NA27+Tyn+SBL+WH+Treg+TR+Byz	
1	7	18	NKO	φλόγα·	phloga	G5395	N-ASF	φλόξ	flame	a flame;	NA28+NA27+Tyn+SBL+WH+Treg+TR+Byz	
1	8	1	NKO	πρὸς	pros	G4314	PREP	πρός	to/with	Unto	NA28+NA27+Tyn+SBL+WH+Treg+TR+Byz	
1	8	2	NKO	δὲ	de	G1161	CONJ	δέ	but/and	however	NA28+NA27+Tyn+SBL+WH+Treg+TR+Byz	
1	8	3	NKO	τὸν	ton	G3588	T-ASM	ὁ	the/this/who	the	NA28+NA27+Tyn+SBL+WH+Treg+TR+Byz	
1	8	4	NKO	υἱόν·	huion	G5207	N-ASM	υἱός	son	Son:	NA28+NA27+Tyn+SBL+WH+Treg+TR+Byz	
1	8	5	NKO	ὁ	ho	G3588	T-NSM	ὁ	the/this/who	The	NA28+NA27+Tyn+SBL+WH+Treg+TR+Byz	
1	8	6	NKO	θρόνος	thronos	G2362	N-NSM	θρόνος	throne	throne	NA28+NA27+Tyn+SBL+WH+Treg+TR+Byz	
1	8	7	NKO	σου,	sou	G4771	P-2GS	σύ	you	of You,	NA28+NA27+Tyn+SBL+WH+Treg+TR+Byz	
1	8	8	NKO	ὁ	ho	G3588	T-VSM	ὁ	the/this/who	O	NA28+NA27+Tyn+SBL+WH+Treg+TR+Byz	
1	8	9	NKO	θεός,	theos	G2316	N-VSM-T	θεός	God	God	NA28+NA27+Tyn+SBL+WH+Treg+TR+Byz	
1	8	10	NKO	εἰς	eis	G1519	PREP	εἰς	toward	[is] to	NA28+NA27+Tyn+SBL+WH+Treg+TR+Byz	
1	8	11	NKO	τὸν	ton	G3588	T-ASM	ὁ	the/this/who	the	NA28+NA27+Tyn+SBL+WH+Treg+TR+Byz	
1	8	12	NKO	αἰῶνα	aiōna	G0165H	N-ASM	αἰών	an age	age	NA28+NA27+Tyn+SBL+WH+Treg+TR+Byz	
1	8	13	NKO	τοῦ	tou	G3588	T-GSM	ὁ	the/this/who	of the	NA28+NA27+Tyn+SBL+WH+Treg+TR+Byz	
1	8	14	NKO	αἰῶνος·	aiōnos	G0165H	N-GSM	αἰών	an age	age;	NA28+NA27+Tyn+SBL+WH+Treg+TR+Byz	
1	8	15	no	καὶ	kai	G2532	CONJ	καί	and	and	NA28+NA27+Tyn+SBL+WH+Treg	
1	8	16	NKO	ἡ	hē	G3588	T-NSF	ὁ	the/this/who	the	NA28+NA27+Tyn+SBL+WH+Treg+TR»3+Byz»3	
1	8	17	NKO	ῥάβδος	rhabdos	G4464	N-NSF	ῥάβδος	rod	scepter	NA28+NA27+Tyn+SBL+WH+Treg+TR+Byz	
1	8	18	no	τῆς	tēs	G3588	T-GSF	ὁ	the/this/who	<the>	NA28+NA27+Tyn+SBL+WH+Treg	
1	8	19	NKO	εὐθύτητος	euthutētos	G2118	N-GSF	εὐθύτης	righteousness	of righteousness [is]	NA28+NA27+Tyn+SBL+WH+Treg+TR+Byz	
1	8	20	NKO	ῥάβδος	rhabdos	G4464	N-NSF	ῥάβδος	rod	scepter	NA28+NA27+Tyn+SBL+WH+Treg+TR+Byz	
1	8	21	NKO	τῆς	tēs	G3588	T-GSF	ὁ	the/this/who	of the	NA28+NA27+Tyn+SBL+WH+Treg+TR+Byz	
1	8	22	NKO	βασιλείας	basileias	G0932	N-GSF	βασιλεία	kingdom	kingdom	NA28+NA27+Tyn+SBL+WH+Treg+TR+Byz	
1	8	23	NK(O)	σου.	sou	G4771	P-2GS	σύ	you	of You.	NA28+NA27+Tyn+SBL+Treg+TR+Byz	
1	9	1	NKO	ἠγάπησας	ēgapēsas	G0025	V-AAI-2S	ἀγαπάω	to love	You have loved	NA28+NA27+Tyn+SBL+WH+Treg+TR+Byz	
1	9	2	NKO	δικαιοσύνην	dikaiosunēn	G1343	N-ASF	δικαιοσύνη	righteousness	righteousness	NA28+NA27+Tyn+SBL+WH+Treg+TR+Byz	
1	9	3	NKO	καὶ	kai	G2532	CONJ	καί	and	and	NA28+NA27+Tyn+SBL+WH+Treg+TR+Byz	
1	9	4	NKO	ἐμίσησας	emisēsas	G3404	V-AAI-2S	μισέω	to hate	hated	NA28+NA27+Tyn+SBL+WH+Treg+TR+Byz	
1	9	5	NKO	ἀνομίαν.	anomian	G0458	N-ASF	ἀνομία	lawlessness	wickedness.	NA28+NA27+Tyn+SBL+WH+Treg+TR+Byz	
1	9	6	NKO	διὰ	dia	G1223	PREP	διά	through/because of	because of	NA28+NA27+Tyn+SBL+WH+Treg+TR+Byz	
1	9	7	NKO	τοῦτο	touto	G3778	D-ASN	οὗτος	this/he/she/it	this	NA28+NA27+Tyn+SBL+WH+Treg+TR+Byz	
1	9	8	NKO	ἔχρισέν	echrisen	G5548	V-AAI-3S	χρίω	to anoint	has anointed	NA28+NA27+Tyn+SBL+WH+Treg+TR+Byz	
1	9	9	NKO	σε	se	G4771	P-2AS	σύ	you	You	NA28+NA27+Tyn+SBL+WH+Treg+TR+Byz	
1	9	10	NKO	ὁ	ho	G3588	T-NSM	ὁ	the/this/who	<the>	NA28+NA27+Tyn+SBL+WH+Treg+TR+Byz	
1	9	11	NKO	θεός,	theos	G2316	N-NSM-T	θεός	God	God,	NA28+NA27+Tyn+SBL+WH+Treg+TR+Byz	
1	9	12	NKO	ὁ	ho	G3588	T-NSM	ὁ	the/this/who	the	NA28+NA27+Tyn+SBL+WH+Treg+TR+Byz	
1	9	13	NKO	θεός	theos	G2316	N-NSM-T	θεός	God	God	NA28+NA27+Tyn+SBL+WH+Treg+TR+Byz	
1	9	14	NKO	σου,	sou	G4771	P-2GS	σύ	you	of You,	NA28+NA27+Tyn+SBL+WH+Treg+TR+Byz	
1	9	15	NKO	ἔλαιον	elaion	G1637	N-ASN	ἔλαιον	olive oil	with [the] oil	NA28+NA27+Tyn+SBL+WH+Treg+TR+Byz	
1	9	16	NKO	ἀγαλλιάσεως	agalliaseōs	G0020	N-GSF	ἀγαλλίασις	joy	of exultation	NA28+NA27+Tyn+SBL+WH+Treg+TR+Byz	
1	9	17	NKO	παρὰ	para	G3844	PREP	παρά	from with	above	NA28+NA27+Tyn+SBL+WH+Treg+TR+Byz	
1	9	18	NKO	τοὺς	tous	G3588	T-APM	ὁ	the/this/who	the	NA28+NA27+Tyn+SBL+WH+Treg+TR+Byz	
1	9	19	NKO	μετόχους	metochous	G3353	N-APM	μέτοχος	partaker	companions	NA28+NA27+Tyn+SBL+WH+Treg+TR+Byz	
1	9	20	NKO	σου.	sou	G4771	P-2GS	σύ	you	of You.	NA28+NA27+Tyn+SBL+WH+Treg+TR+Byz	
1	10	1	NKO	καὶ	kai	G2532	CONJ	καί	and	And	NA28+NA27+Tyn+SBL+WH+Treg+TR+Byz	
1	10	2	NKO	σὺ	su	G4771	P-2NS	σύ	you	You yourself	NA28+NA27+Tyn+SBL+WH+Treg+TR+Byz	
1	10	3	NKO	κατ᾽	kat᾽	G2596	PREP	κατά	according to	in	NA28+NA27+Tyn+SBL+WH+Treg+TR+Byz	
1	10	4	NKO	ἀρχάς,	archas	G0746	N-APF	ἀρχή	beginning	[the] beginning,	NA28+NA27+Tyn+SBL+WH+Treg+TR+Byz	
1	10	5	NKO	κύριε,	kurie	G2962G	N-VSM-T	κύριος	lord	Lord,	NA28+NA27+Tyn+SBL+WH+Treg+TR+Byz	
1	10	6	NKO	τὴν	tēn	G3588	T-ASF	ὁ	the/this/who	of the	NA28+NA27+Tyn+SBL+WH+Treg+TR+Byz	
1	10	7	NKO	γῆν	gēn	G1093G	N-ASF	γῆ	earth	earth	NA28+NA27+Tyn+SBL+WH+Treg+TR+Byz	
1	10	8	NKO	ἐθεμελίωσας,	ethemeliōsas	G2311	V-AAI-2S	θεμελιόω	to found	laid the foundation,	NA28+NA27+Tyn+SBL+WH+Treg+TR+Byz	
1	10	9	NKO	καὶ	kai	G2532	CONJ	καί	and	and	NA28+NA27+Tyn+SBL+WH+Treg+TR+Byz	
1	10	10	NKO	ἔργα	erga	G2041	N-NPN	ἔργον	work	works	NA28+NA27+Tyn+SBL+WH+Treg+TR+Byz	
1	10	11	NKO	τῶν	tōn	G3588	T-GPF	ὁ	the/this/who	of the	NA28+NA27+Tyn+SBL+WH+Treg+TR+Byz	
1	10	12	NKO	χειρῶν	cheirōn	G5495	N-GPF	χείρ	hand	hands	NA28+NA27+Tyn+SBL+WH+Treg+TR+Byz	
1	10	13	NKO	σού	sou	G4771	P-2GS	σύ	you	of You	NA28+NA27+Tyn+SBL+WH+Treg+TR+Byz	
1	10	14	NKO	εἰσιν	eisin	G1510	V-PAI-3P	εἰμί	to be	are	NA28+NA27+Tyn+SBL+WH+Treg+TR+Byz	
1	10	15	NKO	οἱ	hoi	G3588	T-NPM	ὁ	the/this/who	the	NA28+NA27+Tyn+SBL+WH+Treg+TR+Byz	
1	10	16	NKO	οὐρανοί·	ouranoi	G3772	N-NPM	οὐρανός	heaven	heavens;	NA28+NA27+Tyn+SBL+WH+Treg+TR+Byz	
1	11	1	NKO	αὐτοὶ	autoi	G0846	P-NPM	αὐτός	he/she/it/self	They themselves	NA28+NA27+Tyn+SBL+WH+Treg+TR+Byz	
1	11	2	NKO	ἀπολοῦνται,	apolountai	G0622	V-FMI-3P	ἀπολλύω	to destroy	will perish,	NA28+NA27+Tyn+SBL+WH+Treg+TR+Byz	
1	11	3	NKO	σὺ	su	G4771	P-2NS	σύ	you	You yourself	NA28+NA27+Tyn+SBL+WH+Treg+TR+Byz	
1	11	4	NKO	δὲ	de	G1161	CONJ	δέ	but/and	however	NA28+NA27+Tyn+SBL+WH+Treg+TR+Byz	
1	11	5	NKO	διαμένεις·	diameneis	G1265	V-PAI-2S	διαμένω	to remain	remain;	NA28+NA27+Tyn+SBL+WH+Treg+TR+Byz	
1	11	6	NKO	καὶ	kai	G2532	CONJ	καί	and	and	NA28+NA27+Tyn+SBL+WH+Treg+TR+Byz	
1	11	7	NKO	πάντες	pantes	G3956	A-NPM	πᾶς	all	all	NA28+NA27+Tyn+SBL+WH+Treg+TR+Byz	
1	11	8	NKO	ὡς	hōs	G5613	PRT	ὡς	which/how	like	NA28+NA27+Tyn+SBL+WH+Treg+TR+Byz	
1	11	9	NKO	ἱμάτιον	himation	G2440	N-NSN	ἱμάτιον	clothing	a garment	NA28+NA27+Tyn+SBL+WH+Treg+TR+Byz	
1	11	10	NKO	παλαιωθήσονται,	palaiōthēsontai	G3822	V-FPI-3P	παλαιόω	to make old	will grow old,	NA28+NA27+Tyn+SBL+WH+Treg+TR+Byz	
1	12	1	NKO	καὶ	kai	G2532	CONJ	καί	and	and	NA28+NA27+Tyn+SBL+WH+Treg+TR+Byz	
1	12	2	NKO	ὡσεὶ	hōsei	G5616	PREP	ὡσεί	like/as/about	like	NA28+NA27+Tyn+SBL+WH+Treg+TR+Byz	
1	12	3	NKO	περιβόλαιον	peribolaion	G4018	N-ASN	περιβόλαιον	covering	a robe	NA28+NA27+Tyn+SBL+WH+Treg+TR+Byz	
1	12	4	NKO	ἑλίξεις	helixeis	G1667	V-FAI-2S	ἑλίσσω	to roll up	You will roll up	NA28+NA27+Tyn+SBL+WH+Treg+TR+Byz	
1	12	5	NKO	αὐτοὺς	autous	G0846	P-APM	αὐτός	he/she/it/self	them	NA28+NA27+Tyn+SBL+WH+Treg+TR+Byz	
1	12	6	NO	ὡς	hōs	G5613	PRT	ὡς	which/how	like	NA28+NA27+SBL+WH+Treg	
1	12	7	NO	ἱμάτιον	himation	G2440	N-ASN	ἱμάτιον	clothing	a garment	NA28+NA27+SBL+WH+Treg	
1	12	8	NKO	καὶ	kai	G2532	CONJ	καί	and	also	NA28+NA27+Tyn+SBL+WH+Treg+TR+Byz	
1	12	9	NKO	ἀλλαγήσονται·	allagēsontai	G0236	V-2FPI-3P	ἀλλάσσω	to change	they will be changed;	NA28+NA27+Tyn+SBL+WH+Treg+TR+Byz	
1	12	10	NKO	σὺ	su	G4771	P-2NS	σύ	you	You yourself	NA28+NA27+Tyn+SBL+WH+Treg+TR+Byz	
1	12	11	NKO	δὲ	de	G1161	CONJ	δέ	but/and	however	NA28+NA27+Tyn+SBL+WH+Treg+TR+Byz	
1	12	12	NKO	ὁ	ho	G3588	T-NSM	ὁ	the/this/who	the	NA28+NA27+Tyn+SBL+WH+Treg+TR+Byz	
1	12	13	NKO	αὐτὸς	autos	G0846	P-NSM	αὐτός	he/she/it/self	same	NA28+NA27+Tyn+SBL+WH+Treg+TR+Byz	
1	12	14	NKO	εἶ,	ei	G1510	V-PAI-2S	εἰμί	to be	are,	NA28+NA27+Tyn+SBL+WH+Treg+TR+Byz	
1	12	15	NKO	καὶ	kai	G2532	CONJ	καί	and	and	NA28+NA27+Tyn+SBL+WH+Treg+TR+Byz	
1	12	16	NKO	τὰ	ta	G3588	T-NPN	ὁ	the/this/who	the	NA28+NA27+Tyn+SBL+WH+Treg+TR+Byz	
1	12	17	NKO	ἔτη	etē	G2094	N-NPN	ἔτος	year	years	NA28+NA27+Tyn+SBL+WH+Treg+TR+Byz	
1	12	18	NKO	σου	sou	G4771	P-2GS	σύ	you	of You	NA28+NA27+Tyn+SBL+WH+Treg+TR+Byz	
1	12	19	NKO	οὐκ	ouk	G3756	PRT-N	οὐ	no	not	NA28+NA27+Tyn+SBL+WH+Treg+TR+Byz	
1	12	20	NKO	ἐκλείψουσιν.¶	ekleipsousin	G1587	V-FAI-3P	ἐκλείπω	to fail	will never end.	NA28+NA27+Tyn+SBL+WH+Treg+TR+Byz	
1	13	1	NKO	πρὸς	pros	G4314	PREP	πρός	to/with	To	NA28+NA27+Tyn+SBL+WH+Treg+TR+Byz	
1	13	2	NKO	τίνα	tina	G5101	I-ASM	τίς	which?	which	NA28+NA27+Tyn+SBL+WH+Treg+TR+Byz	
1	13	3	NKO	δὲ	de	G1161	CONJ	δέ	but/and	now	NA28+NA27+Tyn+SBL+WH+Treg+TR+Byz	
1	13	4	NKO	τῶν	tōn	G3588	T-GPM	ὁ	the/this/who	of the	NA28+NA27+Tyn+SBL+WH+Treg+TR+Byz	
1	13	5	NKO	ἀγγέλων	angelōn	G0032G	N-GPM	ἄγγελος	angel	angels	NA28+NA27+Tyn+SBL+WH+Treg+TR+Byz	
1	13	6	NKO	εἴρηκέν	eirēken	G2046	V-RAI-3S	ἔπω, ἐρῶ, εἶπον	to say	has He said	NA28+NA27+Tyn+SBL+WH+Treg+TR+Byz	
1	13	7	NKO	ποτε·	pote	G4218	PRT	ποτέ	once/when	ever:	NA28+NA27+Tyn+SBL+WH+Treg+TR+Byz	
1	13	8	NKO	κάθου	kathou	G2521	V-PNM-2S	κάθημαι	to sit	do sit	NA28+NA27+Tyn+SBL+WH+Treg+TR+Byz	
1	13	9	NKO	ἐκ	ek	G1537	PREP	ἐκ	out from	at	NA28+NA27+Tyn+SBL+WH+Treg+TR+Byz	
1	13	10	NKO	δεξιῶν	dexiōn	G1188	A-GPN	δεξιός	right	[the] right hand	NA28+NA27+Tyn+SBL+WH+Treg+TR+Byz	
1	13	11	NKO	μου	mou	G3165	P-1GS	ἐγώ	I/we	of Me	NA28+NA27+Tyn+SBL+WH+Treg+TR+Byz	
1	13	12	NKO	ἕως	he'ōs	G2193	PREP	ἕως	until	until	NA28+NA27+Tyn+SBL+WH+Treg+TR+Byz	
1	13	13	NKO	ἂν	an	G0302	PRT	ἄν	if	when	NA28+NA27+Tyn+SBL+WH+Treg+TR+Byz	
1	13	14	NKO	θῶ	thō	G5087	V-2AAS-1S	τίθημι	to place	I may place	NA28+NA27+Tyn+SBL+WH+Treg+TR+Byz	
1	13	15	NKO	τοὺς	tous	G3588	T-APM	ὁ	the/this/who	the	NA28+NA27+Tyn+SBL+WH+Treg+TR+Byz	
1	13	16	NKO	ἐχθρούς	echthrous	G2190	N-APM	ἐχθρός	enemy	enemies	NA28+NA27+Tyn+SBL+WH+Treg+TR+Byz	
1	13	17	NKO	σου	sou	G4771	P-2GS	σύ	you	of You	NA28+NA27+Tyn+SBL+WH+Treg+TR+Byz	
1	13	18	NKO	ὑποπόδιον	hupopodion	G5286	N-ASN	ὑποπόδιον	footstool	[as] a footstool	NA28+NA27+Tyn+SBL+WH+Treg+TR+Byz	
1	13	19	NKO	τῶν	tōn	G3588	T-GPM	ὁ	the/this/who	for the	NA28+NA27+Tyn+SBL+WH+Treg+TR+Byz	
1	13	20	NKO	ποδῶν	podōn	G4228	N-GPM	πούς	foot	feet	NA28+NA27+Tyn+SBL+WH+Treg+TR+Byz	
1	13	21	NKO	σου;	sou	G4771	P-2GS	σύ	you	of You?	NA28+NA27+Tyn+SBL+WH+Treg+TR+Byz	
1	14	1	NKO	οὐχὶ	ouchi	G3780	PRT-N	οὐχί	not	Surely	NA28+NA27+Tyn+SBL+WH+Treg+TR+Byz	
1	14	2	NKO	πάντες	pantes	G3956	A-NPM	πᾶς	all	all	NA28+NA27+Tyn+SBL+WH+Treg+TR+Byz	
1	14	3	NKO	εἰσὶν	eisin	G1510	V-PAI-3P	εἰμί	to be	they are	NA28+NA27+Tyn+SBL+WH+Treg+TR+Byz	
1	14	4	NKO	λειτουργικὰ	leitourgika	G3010	A-NPN	λειτουργικός	ministering	ministering	NA28+NA27+Tyn+SBL+WH+Treg+TR+Byz	
1	14	5	NKO	πνεύματα	pneumata	G4151G	N-NPN	πνεῦμα	spirit/breath	spirits	NA28+NA27+Tyn+SBL+WH+Treg+TR+Byz	
1	14	6	NKO	εἰς	eis	G1519	PREP	εἰς	toward	for	NA28+NA27+Tyn+SBL+WH+Treg+TR+Byz	
1	14	7	NKO	διακονίαν	diakonian	G1248	N-ASF	διακονία	service	service	NA28+NA27+Tyn+SBL+WH+Treg+TR+Byz	
1	14	8	NKO	ἀποστελλόμενα	apostellomena	G0649	V-PPP-NPN	ἀποστέλλω	to send	being sent forth	NA28+NA27+Tyn+SBL+WH+Treg+TR+Byz	
1	14	9	NKO	διὰ	dia	G1223	PREP	διά	through/because of	for the sake of	NA28+NA27+Tyn+SBL+WH+Treg+TR+Byz	
1	14	10	NKO	τοὺς	tous	G3588	T-APM	ὁ	the/this/who	those	NA28+NA27+Tyn+SBL+WH+Treg+TR+Byz	
1	14	11	NKO	μέλλοντας	mellontas	G3195	V-PAP-APM	μέλλω	to ensue	being about	NA28+NA27+Tyn+SBL+WH+Treg+TR+Byz	
1	14	12	NKO	κληρονομεῖν	klēronomein	G2816	V-PAN	κληρονομέω	to inherit	to inherit	NA28+NA27+Tyn+SBL+WH+Treg+TR+Byz	
1	14	13	NKO	σωτηρίαν;¶	sōtērian	G4991	N-ASF	σωτηρία	salvation	salvation?	NA28+NA27+Tyn+SBL+WH+Treg+TR+Byz	
2	1	1	NKO	Διὰ	Dia	G1223	PREP	διά	through/because of	Because of	NA28+NA27+Tyn+SBL+WH+Treg+TR+Byz	
2	1	2	NKO	τοῦτο	touto	G3778	D-ASN	οὗτος	this/he/she/it	this	NA28+NA27+Tyn+SBL+WH+Treg+TR+Byz	
2	1	3	NKO	δεῖ	dei	G1163	V-PAI-3S	δεῖ	be necessary	it behooves	NA28+NA27+Tyn+SBL+WH+Treg+TR+Byz	
2	1	4	NKO	περισσοτέρως	perissoterōs	G4056	ADV-C	περισσοτέρως	more-abundantly	more abundantly	NA28+NA27+Tyn+SBL+WH+Treg+TR+Byz	
2	1	5	NKO	προσέχειν	prosechein	G4337	V-PAN	προσέχω	to watch out	to give heed	NA28+NA27+Tyn+SBL+WH+Treg+TR»1+Byz»1	
2	1	6	NKO	ἡμᾶς	hēmas	G3165	P-1AP	ἐγώ	I/we	us	NA28+NA27+Tyn+SBL+WH+Treg+TR+Byz	
2	1	7	NKO	τοῖς	tois	G3588	T-DPN	ὁ	the/this/who	to the [things]	NA28+NA27+Tyn+SBL+WH+Treg+TR+Byz	
2	1	8	NKO	ἀκουσθεῖσιν,	akoustheisin	G0191	V-APP-DPN	ἀκούω	to hear	we have heard,	NA28+NA27+Tyn+SBL+WH+Treg+TR+Byz	
2	1	9	NKO	μήποτε	mēpote	G3361	PRT-N + G4218=PRT	μήποτε	lest + πότε=when	otherwise	NA28+NA27+Tyn+SBL+WH+Treg+TR+Byz	
2	1	10	N(k)O	παραρυῶμεν.¶	pararuōmen	G3901	V-2AAS-1P	παραρρέω	to drift away	we may drift away.	NA28+NA27+Tyn+SBL+WH+Treg+Byz	
2	2	1	NKO	Εἰ	Ei	G1487G	COND	εἰ	if	If	NA28+NA27+Tyn+SBL+WH+Treg+TR+Byz	
2	2	2	NKO	γὰρ	gar	G1063	CONJ	γάρ	for	for	NA28+NA27+Tyn+SBL+WH+Treg+TR+Byz	
2	2	3	NKO	ὁ	ho	G3588	T-NSM	ὁ	the/this/who	the	NA28+NA27+Tyn+SBL+WH+Treg+TR+Byz	
2	2	4	NKO	δι᾽	di᾽	G1223	PREP	διά	through/because of	through	NA28+NA27+Tyn+SBL+WH+Treg+TR+Byz	
2	2	5	NKO	ἀγγέλων	angelōn	G0032G	N-GPM	ἄγγελος	angel	angels	NA28+NA27+Tyn+SBL+WH+Treg+TR+Byz	
2	2	6	NKO	λαληθεὶς	lalētheis	G2980	V-APP-NSM	λαλέω	to speak	having been spoken	NA28+NA27+Tyn+SBL+WH+Treg+TR+Byz	
2	2	7	NKO	λόγος	logos	G3056	N-NSM	λόγος	word	word	NA28+NA27+Tyn+SBL+WH+Treg+TR+Byz	
2	2	8	NKO	ἐγένετο	egeneto	G1096	V-2ADI-3S	γίνομαι	to be	was	NA28+NA27+Tyn+SBL+WH+Treg+TR+Byz	
2	2	9	NKO	βέβαιος,	bebaios	G0949	A-NSM	βέβαιος	firm	unalterable,	NA28+NA27+Tyn+SBL+WH+Treg+TR+Byz	
2	2	10	NKO	καὶ	kai	G2532	CONJ	καί	and	and	NA28+NA27+Tyn+SBL+WH+Treg+TR+Byz	
2	2	11	NKO	πᾶσα	pasa	G3956	A-NSF	πᾶς	all	every	NA28+NA27+Tyn+SBL+WH+Treg+TR+Byz	
2	2	12	NKO	παράβασις	parabasis	G3847	N-NSF	παράβασις	transgression	transgression	NA28+NA27+Tyn+SBL+WH+Treg+TR+Byz	
2	2	13	NKO	καὶ	kai	G2532	CONJ	καί	and	and	NA28+NA27+Tyn+SBL+WH+Treg+TR+Byz	
2	2	14	NKO	παρακοὴ	parakoē	G3876	N-NSF	παρακοή	disobedience	disobedience	NA28+NA27+Tyn+SBL+WH+Treg+TR+Byz	
2	2	15	NKO	ἔλαβεν	elaben	G2983	V-2AAI-3S	λαμβάνω	to take	received	NA28+NA27+Tyn+SBL+WH+Treg+TR+Byz	
2	2	16	NKO	ἔνδικον	endikon	G1738	A-ASF	ἔνδικος	just	a just	NA28+NA27+Tyn+SBL+WH+Treg+TR+Byz	
2	2	17	NKO	μισθαποδοσίαν,	misthapodosian	G3405	N-ASF	μισθαποδοσία	recompense	recompense,	NA28+NA27+Tyn+SBL+WH+Treg+TR+Byz	
2	3	1	NKO	πῶς	pōs	G4459	PRT-I	πως	how?!	how	NA28+NA27+Tyn+SBL+WH+Treg+TR+Byz	
2	3	2	NKO	ἡμεῖς	hēmeis	G3165	P-1NP	ἐγώ	I/we	we ourselves	NA28+NA27+Tyn+SBL+WH+Treg+TR+Byz	
2	3	3	NKO	ἐκφευξόμεθα	ekpheuxometha	G1628	V-FDI-1P	ἐκφεύγω	to escape	will escape	NA28+NA27+Tyn+SBL+WH+Treg+TR+Byz	
2	3	4	NKO	τηλικαύτης	tēlikautēs	G5082	D-GSF	τηλικοῦτος	so great	such a great	NA28+NA27+Tyn+SBL+WH+Treg+TR+Byz	
2	3	5	NKO	ἀμελήσαντες	amelēsantes	G0272	V-AAP-NPM	ἀμελέω	to neglect	having neglected	NA28+NA27+Tyn+SBL+WH+Treg+TR+Byz	
2	3	6	NKO	σωτηρίας;	sōtērias	G4991	N-GSF	σωτηρία	salvation	a salvation?	NA28+NA27+Tyn+SBL+WH+Treg+TR+Byz	
2	3	7	NKO	ἥτις	hētis	G3748	R-NSF	ὅστις	who/which	which	NA28+NA27+Tyn+SBL+WH+Treg+TR+Byz	
2	3	8	NKO	ἀρχὴν	archēn	G0746	N-ASF	ἀρχή	beginning	a commencement	NA28+NA27+Tyn+SBL+WH+Treg+TR+Byz	
2	3	9	NKO	λαβοῦσα	labousa	G2983	V-2AAP-NSF	λαμβάνω	to take	having received	NA28+NA27+Tyn+SBL+WH+Treg+TR+Byz	
2	3	10	NKO	λαλεῖσθαι	laleisthai	G2980	V-PPN	λαλέω	to speak	declaring	NA28+NA27+Tyn+SBL+WH+Treg+TR+Byz	
2	3	11	NKO	διὰ	dia	G1223	PREP	διά	through/because of	through	NA28+NA27+Tyn+SBL+WH+Treg+TR+Byz	
2	3	12	NKO	τοῦ	tou	G3588	T-GSM	ὁ	the/this/who	the	NA28+NA27+Tyn+SBL+WH+Treg+TR+Byz	
2	3	13	NKO	κυρίου	kuriou	G2962G	N-GSM-T	κύριος	lord	Lord	NA28+NA27+Tyn+SBL+WH+Treg+TR+Byz	
2	3	14	NKO	ὑπὸ	hupo	G5259G	PREP	ὑπό	by/under	by	NA28+NA27+Tyn+SBL+WH+Treg+TR+Byz	
2	3	15	NKO	τῶν	tōn	G3588	T-GPM	ὁ	the/this/who	those	NA28+NA27+Tyn+SBL+WH+Treg+TR+Byz	
2	3	16	NKO	ἀκουσάντων	akousantōn	G0191	V-AAP-GPM	ἀκούω	to hear	having heard	NA28+NA27+Tyn+SBL+WH+Treg+TR+Byz	
2	3	17	NKO	εἰς	eis	G1519	PREP	εἰς	toward	to	NA28+NA27+Tyn+SBL+WH+Treg+TR+Byz	
2	3	18	NKO	ἡμᾶς	hēmas	G3165	P-1AP	ἐγώ	I/we	us	NA28+NA27+Tyn+SBL+WH+Treg+TR+Byz	
2	3	19	NKO	ἐβεβαιώθη	ebebaiōthē	G0950	V-API-3S	βεβαιόω	to confirm	it was confirmed	NA28+NA27+Tyn+SBL+WH+Treg+TR+Byz	
2	4	1	NKO	συνεπιμαρτυροῦντος	sunepimarturountos	G4901	V-PAP-GSM	συνεπιμαρτυρέω	to testify with	bearing witness	NA28+NA27+Tyn+SBL+WH+Treg+TR+Byz	
2	4	2	NKO	τοῦ	tou	G3588	T-GSM	ὁ	the/this/who	<the>	NA28+NA27+Tyn+SBL+WH+Treg+TR+Byz	
2	4	3	NKO	θεοῦ	theou	G2316	N-GSM-T	θεός	God	God	NA28+NA27+Tyn+SBL+WH+Treg+TR+Byz	
2	4	4	NKO	σημείοις	sēmeiois	G4592	N-DPN	σημεῖον	sign	by signs	NA28+NA27+Tyn+SBL+WH+Treg+TR+Byz	
2	4	5	NKO	τε	te	G5037	CONJ	τε	and/both	together with [them]	NA28+NA27+Tyn+SBL+WH+Treg+TR+Byz	
2	4	6	NKO	καὶ	kai	G2532	CONJ	καί	and	and	NA28+NA27+Tyn+SBL+WH+Treg+TR+Byz	
2	4	7	NKO	τέρασιν	terasin	G5059	N-DPN	τέρας	wonders	by wonders	NA28+NA27+Tyn+SBL+WH+Treg+TR+Byz	
2	4	8	NKO	καὶ	kai	G2532	CONJ	καί	and	and	NA28+NA27+Tyn+SBL+WH+Treg+TR+Byz	
2	4	9	NKO	ποικίλαις	poikilais	G4164	A-DPF	ποικίλος	various	by various	NA28+NA27+Tyn+SBL+WH+Treg+TR+Byz	
2	4	10	NKO	δυνάμεσιν	dunamesin	G1411	N-DPF	δύναμις	power	miracles	NA28+NA27+Tyn+SBL+WH+Treg+TR+Byz	
2	4	11	NKO	καὶ	kai	G2532	CONJ	καί	and	and	NA28+NA27+Tyn+SBL+WH+Treg+TR+Byz	
2	4	12	NKO	πνεύματος	pneumatos	G4151G	N-GSN	πνεῦμα	spirit/breath	of [the] Spirit	NA28+NA27+Tyn+SBL+WH+Treg+TR+Byz	
2	4	13	NKO	ἁγίου	hagiou	G0040G	A-GSN	ἅγιος	holy	Holy	NA28+NA27+Tyn+SBL+WH+Treg+TR+Byz	
2	4	14	NKO	μερισμοῖς	merismois	G3311	N-DPM	μερισμός	division	by distributions	NA28+NA27+Tyn+SBL+WH+Treg+TR+Byz	
2	4	15	NKO	κατὰ	kata	G2596	PREP	κατά	according to	according to	NA28+NA27+Tyn+SBL+WH+Treg+TR+Byz	
2	4	16	NKO	τὴν	tēn	G3588	T-ASF	ὁ	the/this/who	the	NA28+NA27+Tyn+SBL+WH+Treg+TR+Byz	
2	4	17	NKO	αὐτοῦ	autou	G0846	P-GSM	αὐτός	he/she/it/self	of Him	NA28+NA27+Tyn+SBL+WH+Treg+TR+Byz	
2	4	18	NKO	θέλησιν.	thelēsin	G2308	N-ASF	θέλησις	will	will.	NA28+NA27+Tyn+SBL+WH+Treg+TR+Byz	
2	5	1	NKO	οὐ	ou	G3756	PRT-N	οὐ	no	Not	NA28+NA27+Tyn+SBL+WH+Treg+TR+Byz	
2	5	2	NKO	γὰρ	gar	G1063	CONJ	γάρ	for	for	NA28+NA27+Tyn+SBL+WH+Treg+TR+Byz	
2	5	3	NKO	ἀγγέλοις	angelois	G0032G	N-DPM	ἄγγελος	angel	to angels	NA28+NA27+Tyn+SBL+WH+Treg+TR+Byz	
2	5	4	NKO	ὑπέταξεν	hupetaxen	G5293	V-2AAI-3S	ὑποτάσσω	to subject	did He subject	NA28+NA27+Tyn+SBL+WH+Treg+TR+Byz	
2	5	5	NKO	τὴν	tēn	G3588	T-ASF	ὁ	the/this/who	the	NA28+NA27+Tyn+SBL+WH+Treg+TR+Byz	
2	5	6	NKO	οἰκουμένην	oikoumenēn	G3625	N-ASF	οἰκουμένη	world	world	NA28+NA27+Tyn+SBL+WH+Treg+TR+Byz	
2	5	7	NKO	τὴν	tēn	G3588	T-ASF	ὁ	the/this/who	which	NA28+NA27+Tyn+SBL+WH+Treg+TR+Byz	
2	5	8	NKO	μέλλουσαν	mellousan	G3195	V-PAP-ASF	μέλλω	to ensue	is coming	NA28+NA27+Tyn+SBL+WH+Treg+TR+Byz	
2	5	9	NKO	περὶ	peri	G4012	PREP	περί	about	concerning	NA28+NA27+Tyn+SBL+WH+Treg+TR+Byz	
2	5	10	NKO	ἧς	hēs	G3739	R-GSF	ὅς, ἥ	which	which	NA28+NA27+Tyn+SBL+WH+Treg+TR+Byz	
2	5	11	NKO	λαλοῦμεν·	laloumen	G2980	V-PAI-1P	λαλέω	to speak	we are speaking;	NA28+NA27+Tyn+SBL+WH+Treg+TR+Byz	
2	6	1	NKO	διεμαρτύρατο	diemarturato	G1263	V-ADI-3S	διαμαρτύρομαι	to testify solemnly	Has testified	NA28+NA27+Tyn+SBL+WH+Treg+TR+Byz	
2	6	2	NKO	δέ	de	G1161	CONJ	δέ	but/and	however	NA28+NA27+Tyn+SBL+WH+Treg+TR+Byz	
2	6	3	NKO	πού	pou	G4225	ADV	πού	somewhere	somewhere	NA28+NA27+Tyn+SBL+WH+Treg+TR+Byz	
2	6	4	NKO	τις	tis	G5100	X-NSM	τις	one	someone	NA28+NA27+Tyn+SBL+WH+Treg+TR+Byz	
2	6	5	NKO	λέγων·	legōn	G3004G	V-PAP-NSM	λέγω	to speak	saying;	NA28+NA27+Tyn+SBL+WH+Treg+TR+Byz	
2	6	6	NKO	τί	ti	G5101	I-NSN	τίς	which?	What	NA28+NA27+Tyn+SBL+WH+Treg+TR+Byz	
2	6	7	NKO	ἐστιν	estin	G1510	V-PAI-3S	εἰμί	to be	is	NA28+NA27+Tyn+SBL+WH+Treg+TR+Byz	
2	6	8	NKO	ἄνθρωπος	anthrōpos	G0444	N-NSM	ἄνθρωπος	a human	man	NA28+NA27+Tyn+SBL+WH+Treg+TR+Byz	
2	6	9	NKO	ὅτι	hoti	G3754G	CONJ	ὅτι	that/since	that	NA28+NA27+Tyn+SBL+WH+Treg+TR+Byz	
2	6	10	NKO	μιμνῄσκῃ	mimnēskē	G3403	V-PNI-2S	μιμνήσκω	to remember	You are mindful	NA28+NA27+Tyn+SBL+WH+Treg+TR+Byz	
2	6	11	NKO	αὐτοῦ	autou	G0846	P-GSM	αὐτός	he/she/it/self	of him	NA28+NA27+Tyn+SBL+WH+Treg+TR+Byz	
2	6	12	NKO	ἢ	ē	G2228	CONJ	ἤ	or/than	or	NA28+NA27+Tyn+SBL+WH+Treg+TR+Byz	
2	6	13	NKO	υἱὸς	huios	G5207	N-NSM	υἱός	son	[the] son	NA28+NA27+Tyn+SBL+WH+Treg+TR+Byz	
2	6	14	NKO	ἀνθρώπου	anthrōpou	G0444	N-GSM	ἄνθρωπος	a human	of man	NA28+NA27+Tyn+SBL+WH+Treg+TR+Byz	
2	6	15	NKO	ὅτι	hoti	G3754G	CONJ	ὅτι	that/since	that	NA28+NA27+Tyn+SBL+WH+Treg+TR+Byz	
2	6	16	NKO	ἐπισκέπτῃ	episkeptē	G1980	V-PNI-2S	ἐπισκέπτομαι	to visit/care for	You care for	NA28+NA27+Tyn+SBL+WH+Treg+TR+Byz	
2	6	17	NKO	αὐτόν;	auton	G0846	P-ASM	αὐτός	he/she/it/self	him?	NA28+NA27+Tyn+SBL+WH+Treg+TR+Byz	
2	7	1	NKO	ἠλάττωσας	ēlattōsas	G1642	V-AAI-2S	ἐλαττόω	to make less	You made lower	NA28+NA27+Tyn+SBL+WH+Treg+TR+Byz	
2	7	2	NKO	αὐτὸν	auton	G0846	P-ASM	αὐτός	he/she/it/self	him	NA28+NA27+Tyn+SBL+WH+Treg+TR+Byz	
2	7	3	NKO	βραχύ	brachu	G1024	A-ASN	βραχύς	little	a little	NA28+NA27+Tyn+SBL+WH+Treg+TR+Byz	
2	7	4	NKO	τι	ti	G5100	X-ASN	τις	one	some	NA28+NA27+Tyn+SBL+WH+Treg+TR+Byz	
2	7	5	NKO	παρ᾽	par᾽	G3844	PREP	παρά	from with	than	NA28+NA27+Tyn+SBL+WH+Treg+TR+Byz	
2	7	6	NKO	ἀγγέλους·	angelous	G0032G	N-APM	ἄγγελος	angel	[the] angels;	NA28+NA27+Tyn+SBL+WH+Treg+TR+Byz	
2	7	7	NKO	δόξῃ	doxē	G1391	N-DSF	δόξα	glory	with glory	NA28+NA27+Tyn+SBL+WH+Treg+TR+Byz	
2	7	8	NKO	καὶ	kai	G2532	CONJ	καί	and	and	NA28+NA27+Tyn+SBL+WH+Treg+TR+Byz	
2	7	9	NKO	τιμῇ	timēa	G5092	N-DSF	τιμή	honor	with honor	NA28+NA27+Tyn+SBL+WH+Treg+TR+Byz	
2	7	10	NKO	ἐστεφάνωσας	estephanōsas	G4737	V-AAI-2S	στεφανόω	to crown	You crowned	NA28+NA27+Tyn+SBL+WH+Treg+TR+Byz	
2	7	11	NKO	αὐτόν	auton	G0846	P-ASM	αὐτός	he/she/it/self	him	NA28+NA27+Tyn+SBL+WH+Treg+TR+Byz	
2	7	12	KO	καὶ	kai	G2532	CONJ	καί	and	and	WH+Treg+TR	
2	7	13	KO	κατέστησας	katestēsas	G2525	V-AAI-2S	καθίστημι	to appoint/conduct	you appointed	WH+Treg+TR	
2	7	14	KO	αὐτὸν	auton	G0846	P-ASM	αὐτός	he/she/it/self	him	WH+Treg+TR	
2	7	15	KO	ἐπὶ	epi	G1909	PREP	ἐπί	upon/to/against	upon	WH+Treg+TR	
2	7	16	KO	τὰ	ta	G3588	T-APN	ὁ	the/this/who	the	WH+Treg+TR	
2	7	17	KO	ἔργα	erga	G2041	N-APN	ἔργον	work	works	WH+Treg+TR	
2	7	18	KO	τῶν	tōn	G3588	T-GPF	ὁ	the/this/who	<the>	WH+Treg+TR	
2	7	19	KO	χειρῶν	cheirōn	G5495	N-GPF	χείρ	hand	of hands	WH+Treg+TR	
2	7	20	KO	σου·	sou	G4771	P-2GS	σύ	you	of you;	WH+Treg+TR	
2	8	1	NKO	πάντα	panta	G3956	A-APN	πᾶς	all	all things	NA28+NA27+Tyn+SBL+WH+Treg+TR+Byz	
2	8	2	NKO	ὑπέταξας	hupetaxas	G5293	V-2AAI-2S	ὑποτάσσω	to subject	You have put in subjection	NA28+NA27+Tyn+SBL+WH+Treg+TR+Byz	
2	8	3	NKO	ὑποκάτω	hupokatō	G5270	PREP	ὑποκάτω	under	under	NA28+NA27+Tyn+SBL+WH+Treg+TR+Byz	
2	8	4	NKO	τῶν	tōn	G3588	T-GPM	ὁ	the/this/who	the	NA28+NA27+Tyn+SBL+WH+Treg+TR+Byz	
2	8	5	NKO	ποδῶν	podōn	G4228	N-GPM	πούς	foot	feet	NA28+NA27+Tyn+SBL+WH+Treg+TR+Byz	
2	8	6	NKO	αὐτοῦ.	autou	G0846	P-GSM	αὐτός	he/she/it/self	of him.	NA28+NA27+Tyn+SBL+WH+Treg+TR+Byz	
2	8	7	NKO	ἐν	en	G1722	PREP	ἐν	in/on/among	In	NA28+NA27+Tyn+SBL+WH+Treg+TR+Byz	
2	8	8	NKO	τῷ	tō	G3588	T-DSN	ὁ	the/this/who	<the>	NA28+NA27+Tyn+SBL+WH+Treg+TR»1+Byz»1	
2	8	9	NKO	γὰρ	gar	G1063	CONJ	γάρ	for	for	NA28+NA27+Tyn+SBL+WH+Treg+TR+Byz	
2	8	10	NKO	ὑποτάξαι	hupotaxai	G5293	V-2AAN	ὑποτάσσω	to subject	subjecting	NA28+NA27+Tyn+SBL+WH+Treg+TR+Byz	
2	8	11	NKO	αὐτῷ	autō	G0846	P-DSM	αὐτός	he/she/it/self	to him	NA28+NA27+Tyn+WH+Treg+TR+Byz	
2	8	12	NKO	τὰ	ta	G3588	T-APN	ὁ	the/this/who	<the>	NA28+NA27+Tyn+SBL+WH+Treg+TR+Byz	
2	8	13	NKO	πάντα	panta	G3956	A-APN	πᾶς	all	all things	NA28+NA27+Tyn+SBL+WH+Treg+TR+Byz	
2	8	14	NKO	οὐδὲν	ouden	G3762	A-ASN	οὐδείς	none	no [thing]	NA28+NA27+Tyn+SBL+WH+Treg+TR+Byz	
2	8	15	NKO	ἀφῆκεν	aphēken	G0863G	V-AAI-3S	ἀφίημι	to release	He left	NA28+NA27+Tyn+SBL+WH+Treg+TR+Byz	
2	8	16	NKO	αὐτῷ	autō	G0846	P-DSM	αὐτός	he/she/it/self	to him	NA28+NA27+Tyn+SBL+WH+Treg+TR+Byz	
2	8	17	NKO	ἀνυπότακτον·	anupotakton	G0506	A-ASN	ἀνυπότακτος	insubordinate	unsubject;	NA28+NA27+Tyn+SBL+WH+Treg+TR+Byz	
2	8	18	NKO	νῦν	nun	G3568	ADV	νῦν	now	At present	NA28+NA27+Tyn+SBL+WH+Treg+TR+Byz	
2	8	19	NKO	δὲ	de	G1161	CONJ	δέ	but/and	however	NA28+NA27+Tyn+SBL+WH+Treg+TR+Byz	
2	8	20	NKO	οὔπω	oupō	G3768	ADV-N	οὔπω	not yet	not yet	NA28+NA27+Tyn+SBL+WH+Treg+TR+Byz	
2	8	21	NKO	ὁρῶμεν	horōmen	G3708	V-PAI-1P	ὁράω	to see	do we see	NA28+NA27+Tyn+SBL+WH+Treg+TR+Byz	
2	8	22	NKO	αὐτῷ	autō	G0846	P-DSM	αὐτός	he/she/it/self	to Him	NA28+NA27+Tyn+SBL+WH+Treg+TR+Byz	
2	8	23	NKO	τὰ	ta	G3588	T-APN	ὁ	the/this/who	<the>	NA28+NA27+Tyn+SBL+WH+Treg+TR+Byz	
2	8	24	NKO	πάντα	panta	G3956	A-APN	πᾶς	all	all things	NA28+NA27+Tyn+SBL+WH+Treg+TR+Byz	
2	8	25	NKO	ὑποτεταγμένα.	hupotetagmena	G5293	V-RPP-APN	ὑποτάσσω	to subject	subjected.	NA28+NA27+Tyn+SBL+WH+Treg+TR+Byz	
2	9	1	NKO	τὸν	ton	G3588	T-ASM	ὁ	the/this/who	Who	NA28+NA27+Tyn+SBL+WH+Treg+TR+Byz	
2	9	2	NKO	δὲ	de	G1161	CONJ	δέ	but/and	however	NA28+NA27+Tyn+SBL+WH+Treg+TR+Byz	
2	9	3	NKO	βραχύ	brachu	G1024	A-ASN	βραχύς	little	a little	NA28+NA27+Tyn+SBL+WH+Treg+TR+Byz	
2	9	4	NKO	τι	ti	G5100	X-ASN	τις	one	one	NA28+NA27+Tyn+SBL+WH+Treg+TR+Byz	
2	9	5	NKO	παρ᾽	par᾽	G3844	PREP	παρά	from with	than	NA28+NA27+Tyn+SBL+WH+Treg+TR+Byz	
2	9	6	NKO	ἀγγέλους	angelous	G0032G	N-APM	ἄγγελος	angel	[the] angels	NA28+NA27+Tyn+SBL+WH+Treg+TR+Byz	
2	9	7	NKO	ἠλαττωμένον	ēlattōmenon	G1642	V-RPP-ASM	ἐλαττόω	to make less	made lower	NA28+NA27+Tyn+SBL+WH+Treg+TR+Byz	
2	9	8	NKO	βλέπομεν	blepomen	G0991	V-PAI-1P	βλέπω	to see	we see	NA28+NA27+Tyn+SBL+WH+Treg+TR+Byz	
2	9	9	NKO	Ἰησοῦν	Iēsoun	G2424G	N-ASM-P	Ἰησοῦς	Jesus/Joshua	Jesus	NA28+NA27+Tyn+SBL+WH+Treg+TR+Byz	
2	9	10	NKO	διὰ	dia	G1223	PREP	διά	through/because of	because of	NA28+NA27+Tyn+SBL+WH+Treg+TR+Byz	
2	9	11	NKO	τὸ	to	G3588	T-ASN	ὁ	the/this/who	the	NA28+NA27+Tyn+SBL+WH+Treg+TR+Byz	
2	9	12	NKO	πάθημα	pathēma	G3804	N-ASN	πάθημα	suffering	suffering	NA28+NA27+Tyn+SBL+WH+Treg+TR+Byz	
2	9	13	NKO	τοῦ	tou	G3588	T-GSM	ὁ	the/this/who	<the>	NA28+NA27+Tyn+SBL+WH+Treg+TR+Byz	
2	9	14	NKO	θανάτου	thanatou	G2288	N-GSM	θάνατος	death	of death	NA28+NA27+Tyn+SBL+WH+Treg+TR+Byz	
2	9	15	NKO	δόξῃ	doxē	G1391	N-DSF	δόξα	glory	with glory	NA28+NA27+Tyn+SBL+WH+Treg+TR+Byz	
2	9	16	NKO	καὶ	kai	G2532	CONJ	καί	and	and	NA28+NA27+Tyn+SBL+WH+Treg+TR+Byz	
2	9	17	NKO	τιμῇ	timēa	G5092	N-DSF	τιμή	honor	with honor	NA28+NA27+Tyn+SBL+WH+Treg+TR+Byz	
2	9	18	NKO	ἐστεφανωμένον,	estephanōmenon	G4737	V-RPP-ASM	στεφανόω	to crown	crowned,	NA28+NA27+Tyn+SBL+WH+Treg+TR+Byz	
2	9	19	NKO	ὅπως	hopōs	G3704	CONJ	ὅπως	that	so that	NA28+NA27+Tyn+SBL+WH+Treg+TR+Byz	
2	9	20	NK(O)	χάριτι	chariti	G5485	N-DSF	χάρις	grace	by [the] grace	NA28+NA27+Tyn+WH+Treg+TR+Byz	
2	9	21	NKO	θεοῦ	theou	G2316	N-GSM-T	θεός	God	of God	NA28+NA27+Tyn+SBL+WH+Treg+TR+Byz	
2	9	22	NKO	ὑπὲρ	huper	G5228	PREP	ὑπέρ	above/for	for	NA28+NA27+Tyn+SBL+WH+Treg+TR+Byz	
2	9	23	NKO	παντὸς	pantos	G3956	A-GSM	πᾶς	all	everyone	NA28+NA27+Tyn+SBL+WH+Treg+TR+Byz	
2	9	24	NKO	γεύσηται	geusētai	G1089	V-ADS-3S	γεύω	to taste	He may taste	NA28+NA27+Tyn+SBL+WH+Treg+TR+Byz	
2	9	25	NKO	θανάτου.	thanatou	G2288	N-GSM	θάνατος	death	death.	NA28+NA27+Tyn+SBL+WH+Treg+TR+Byz	
2	10	1	NKO	ἔπρεπεν	eprepen	G4241	V-IAI-3S	πρέπω	be proper	It was fitting	NA28+NA27+Tyn+SBL+WH+Treg+TR+Byz	
2	10	2	NKO	γὰρ	gar	G1063	CONJ	γάρ	for	for	NA28+NA27+Tyn+SBL+WH+Treg+TR+Byz	
2	10	3	NKO	αὐτῷ,	autō	G0846	P-DSM	αὐτός	he/she/it/self	to Him,	NA28+NA27+Tyn+SBL+WH+Treg+TR+Byz	
2	10	4	NKO	δι᾽	di᾽	G1223	PREP	διά	through/because of	for	NA28+NA27+Tyn+SBL+WH+Treg+TR+Byz	
2	10	5	NKO	ὃν	hon	G3739	R-ASM	ὅς, ἥ	which	whom [are]	NA28+NA27+Tyn+SBL+WH+Treg+TR+Byz	
2	10	6	NKO	τὰ	ta	G3588	T-NPN	ὁ	the/this/who	<the>	NA28+NA27+Tyn+SBL+WH+Treg+TR+Byz	
2	10	7	NKO	πάντα	panta	G3956	A-NPN	πᾶς	all	all things	NA28+NA27+Tyn+SBL+WH+Treg+TR+Byz	
2	10	8	NKO	καὶ	kai	G2532	CONJ	καί	and	and	NA28+NA27+Tyn+SBL+WH+Treg+TR+Byz	
2	10	9	NKO	δι᾽	di᾽	G1223	PREP	διά	through/because of	through	NA28+NA27+Tyn+SBL+WH+Treg+TR+Byz	
2	10	10	NKO	οὗ	hou	G3739	R-GSM	ὅς, ἥ	which	whom [are]	NA28+NA27+Tyn+SBL+WH+Treg+TR+Byz	
2	10	11	NKO	τὰ	ta	G3588	T-NPN	ὁ	the/this/who	<the>	NA28+NA27+Tyn+SBL+WH+Treg+TR+Byz	
2	10	12	NKO	πάντα,	panta	G3956	A-NPN	πᾶς	all	all things,	NA28+NA27+Tyn+SBL+WH+Treg+TR+Byz	
2	10	13	NKO	πολλοὺς	pollous	G4183	A-APM	πολύς	much	many	NA28+NA27+Tyn+SBL+WH+Treg+TR+Byz	
2	10	14	NKO	υἱοὺς	huious	G5207	N-APM	υἱός	son	sons	NA28+NA27+Tyn+SBL+WH+Treg+TR+Byz	
2	10	15	NKO	εἰς	eis	G1519	PREP	εἰς	toward	to	NA28+NA27+Tyn+SBL+WH+Treg+TR+Byz	
2	10	16	NKO	δόξαν	doxan	G1391	N-ASF	δόξα	glory	glory	NA28+NA27+Tyn+SBL+WH+Treg+TR+Byz	
2	10	17	NKO	ἀγαγόντα,	agagonta	G0071	V-2AAP-ASM	ἄγω	to bring	having brought,	NA28+NA27+Tyn+SBL+WH+Treg+TR+Byz	
2	10	18	NKO	τὸν	ton	G3588	T-ASM	ὁ	the/this/who	the	NA28+NA27+Tyn+SBL+WH+Treg+TR+Byz	
2	10	19	NKO	ἀρχηγὸν	archēgon	G0747	N-ASM	ἀρχηγός	founder	archetype	NA28+NA27+Tyn+SBL+WH+Treg+TR+Byz	
2	10	20	NKO	τῆς	tēs	G3588	T-GSF	ὁ	the/this/who	of the	NA28+NA27+Tyn+SBL+WH+Treg+TR+Byz	
2	10	21	NKO	σωτηρίας	sōtērias	G4991	N-GSF	σωτηρία	salvation	salvation	NA28+NA27+Tyn+SBL+WH+Treg+TR+Byz	
2	10	22	NKO	αὐτῶν	autōn	G0846	P-GPM	αὐτός	he/she/it/self	of them	NA28+NA27+Tyn+SBL+WH+Treg+TR+Byz	
2	10	23	NKO	διὰ	dia	G1223	PREP	διά	through/because of	through	NA28+NA27+Tyn+SBL+WH+Treg+TR+Byz	
2	10	24	NKO	παθημάτων	pathēmatōn	G3804	N-GPN	πάθημα	suffering	sufferings	NA28+NA27+Tyn+SBL+WH+Treg+TR+Byz	
2	10	25	NKO	τελειῶσαι.	teleiōsai	G5048	V-AAN	τελειόω	to perfect	to make perfect.	NA28+NA27+Tyn+SBL+WH+Treg+TR+Byz	
2	11	1	NKO	ὅ	ho	G3588	T-NSM	ὁ	the/this/who	The [One]	NA28+NA27+Tyn+SBL+WH+Treg+TR+Byz	
2	11	2	NKO	τε	te	G5037	CONJ	τε	and/both	both	NA28+NA27+Tyn+SBL+WH+Treg+TR+Byz	
2	11	3	NKO	γὰρ	gar	G1063	CONJ	γάρ	for	for	NA28+NA27+Tyn+SBL+WH+Treg+TR+Byz	
2	11	4	NKO	ἁγιάζων	hagiazōn	G0037	V-PAP-NSM	ἁγιάζω	to sanctify	sanctifying	NA28+NA27+Tyn+SBL+WH+Treg+TR+Byz	
2	11	5	NKO	καὶ	kai	G2532	CONJ	καί	and	and	NA28+NA27+Tyn+SBL+WH+Treg+TR+Byz	
2	11	6	NKO	οἱ	hoi	G3588	T-NPM	ὁ	the/this/who	those	NA28+NA27+Tyn+SBL+WH+Treg+TR+Byz	
2	11	7	NKO	ἁγιαζόμενοι	hagiazomenoi	G0037	V-PPP-NPM	ἁγιάζω	to sanctify	being sanctified	NA28+NA27+Tyn+SBL+WH+Treg+TR+Byz	
2	11	8	NKO	ἐξ	ex	G1537	PREP	ἐκ	out from	of	NA28+NA27+Tyn+SBL+WH+Treg+TR+Byz	
2	11	9	NKO	ἑνὸς	henos	G1520	A-GSM	εἷς	one	one	NA28+NA27+Tyn+SBL+WH+Treg+TR+Byz	
2	11	10	NKO	πάντες·	pantes	G3956	A-NPM	πᾶς	all	[are] all;	NA28+NA27+Tyn+SBL+WH+Treg+TR+Byz	
2	11	11	NKO	δι᾽	di᾽	G1223	PREP	διά	through/because of	for	NA28+NA27+Tyn+SBL+WH+Treg+TR+Byz	
2	11	12	NKO	ἣν	hēn	G3739	R-ASF	ὅς, ἥ	which	which	NA28+NA27+Tyn+SBL+WH+Treg+TR+Byz	
2	11	13	NKO	αἰτίαν	aitian	G0156	N-ASF	αἰτία	cause/charge	reason	NA28+NA27+Tyn+SBL+WH+Treg+TR+Byz	
2	11	14	NKO	οὐκ	ouk	G3756	PRT-N	οὐ	no	not	NA28+NA27+Tyn+SBL+WH+Treg+TR+Byz	
2	11	15	NKO	ἐπαισχύνεται	epaischunetai	G1870	V-PNI-3S	ἐπαισχύνομαι	be ashamed of	He is ashamed	NA28+NA27+Tyn+SBL+WH+Treg+TR+Byz	
2	11	16	NKO	ἀδελφοὺς	adelphous	G0080	N-APM	ἀδελφός	brother	brothers	NA28+NA27+Tyn+SBL+WH+Treg+TR+Byz	
2	11	17	NKO	αὐτοὺς	autous	G0846	P-APM	αὐτός	he/she/it/self	them	NA28+NA27+Tyn+SBL+WH+Treg+TR+Byz	
2	11	18	NKO	καλεῖν	kalein	G2564G	V-PAN	καλέω	to call	to call	NA28+NA27+Tyn+SBL+WH+Treg+TR+Byz	
2	12	1	NKO	λέγων·	legōn	G3004G	V-PAP-NSM	λέγω	to speak	saying:	NA28+NA27+Tyn+SBL+WH+Treg+TR+Byz	
2	12	2	NKO	ἀπαγγελῶ	apangelō	G0518	V-FAI-1S	ἀπαγγέλλω	to announce	I will declare	NA28+NA27+Tyn+SBL+WH+Treg+TR+Byz	
2	12	3	NKO	τὸ	to	G3588	T-ASN	ὁ	the/this/who	the	NA28+NA27+Tyn+SBL+WH+Treg+TR+Byz	
2	12	4	NKO	ὄνομά	onoma	G3686	N-ASN	ὄνομα	name	name	NA28+NA27+Tyn+SBL+WH+Treg+TR+Byz	
2	12	5	NKO	σου	sou	G4771	P-2GS	σύ	you	of You	NA28+NA27+Tyn+SBL+WH+Treg+TR+Byz	
2	12	6	NKO	τοῖς	tois	G3588	T-DPM	ὁ	the/this/who	to the	NA28+NA27+Tyn+SBL+WH+Treg+TR+Byz	
2	12	7	NKO	ἀδελφοῖς	adelphois	G0080	N-DPM	ἀδελφός	brother	brothers	NA28+NA27+Tyn+SBL+WH+Treg+TR+Byz	
2	12	8	NKO	μου,	mou	G3165	P-1GS	ἐγώ	I/we	of Mine,	NA28+NA27+Tyn+SBL+WH+Treg+TR+Byz	
2	12	9	NKO	ἐν	en	G1722	PREP	ἐν	in/on/among	in	NA28+NA27+Tyn+SBL+WH+Treg+TR+Byz	
2	12	10	NKO	μέσῳ	mesō	G3319	A-DSN	μέσος	midst	[the] midst	NA28+NA27+Tyn+SBL+WH+Treg+TR+Byz	
2	12	11	NKO	ἐκκλησίας	ekklēsias	G1577	N-GSF	ἐκκλησία	assembly	of [the] congregation	NA28+NA27+Tyn+SBL+WH+Treg+TR+Byz	
2	12	12	NKO	ὑμνήσω	humnēsō	G5214	V-FAI-1S	ὑμνέω	to praise	I will sing praises	NA28+NA27+Tyn+SBL+WH+Treg+TR+Byz	
2	12	13	NKO	σε.	se	G4771	P-2AS	σύ	you	of you.	NA28+NA27+Tyn+SBL+WH+Treg+TR+Byz	
2	13	1	NKO	καὶ	kai	G2532	CONJ	καί	and	And	NA28+NA27+Tyn+SBL+WH+Treg+TR+Byz	
2	13	2	NKO	πάλιν·	palin	G3825	ADV	πάλιν	again	again:	NA28+NA27+Tyn+SBL+WH+Treg+TR+Byz	
2	13	3	NKO	ἐγὼ	egō	G1473	P-1NS	ἐγώ	I/we	I myself	NA28+NA27+Tyn+SBL+WH+Treg+TR+Byz	
2	13	4	NKO	ἔσομαι	esomai	G1510	V-FDI-1S	εἰμί	to be	will be	NA28+NA27+Tyn+SBL+WH+Treg+TR+Byz	
2	13	5	NKO	πεποιθὼς	pepoithōs	G3982	V-2RAP-NSM	πείθω	to persuade	already trusting	NA28+NA27+Tyn+SBL+WH+Treg+TR+Byz	
2	13	6	NKO	ἐπ᾽	ep᾽	G1909	PREP	ἐπί	upon/to/against	in	NA28+NA27+Tyn+SBL+WH+Treg+TR+Byz	
2	13	7	NKO	αὐτῷ.	autō	G0846	P-DSM	αὐτός	he/she/it/self	Him.	NA28+NA27+Tyn+SBL+WH+Treg+TR+Byz	
2	13	8	NKO	καὶ	kai	G2532	CONJ	καί	and	And	NA28+NA27+Tyn+SBL+WH+Treg+TR+Byz	
2	13	9	NKO	πάλιν·	palin	G3825	ADV	πάλιν	again	again:	NA28+NA27+Tyn+SBL+WH+Treg+TR+Byz	
2	13	10	NKO	ἰδοὺ	idou	G2400	INJ	ἰδού	look!	Behold	NA28+NA27+Tyn+SBL+WH+Treg+TR+Byz	
2	13	11	NKO	ἐγὼ	egō	G1473	P-1NS	ἐγώ	I/we	I myself	NA28+NA27+Tyn+SBL+WH+Treg+TR+Byz	
2	13	12	NKO	καὶ	kai	G2532	CONJ	καί	and	and	NA28+NA27+Tyn+SBL+WH+Treg+TR+Byz	
2	13	13	NKO	τὰ	ta	G3588	T-NPN	ὁ	the/this/who	the	NA28+NA27+Tyn+SBL+WH+Treg+TR+Byz	
2	13	14	NKO	παιδία	paidia	G3813	N-NPN	παιδίον	child	children	NA28+NA27+Tyn+SBL+WH+Treg+TR+Byz	
2	13	15	NKO	ἅ	ha	G3739	R-APN	ὅς, ἥ	which	whom	NA28+NA27+Tyn+SBL+WH+Treg+TR+Byz	
2	13	16	NKO	μοι	moi	G3165	P-1DS	ἐγώ	I/we	to Me	NA28+NA27+Tyn+SBL+WH+Treg+TR+Byz	
2	13	17	NKO	ἔδωκεν	edōken	G1325	V-AAI-3S	δίδωμι	to give	has given	NA28+NA27+Tyn+SBL+WH+Treg+TR+Byz	
2	13	18	NKO	ὁ	ho	G3588	T-NSM	ὁ	the/this/who	<the>	NA28+NA27+Tyn+SBL+WH+Treg+TR+Byz	
2	13	19	NKO	θεός.¶	theos	G2316	N-NSM-T	θεός	God	God.	NA28+NA27+Tyn+SBL+WH+Treg+TR+Byz	
2	14	1	NKO	Ἐπεὶ	Epei	G1893	CONJ	ἐπεί	since	Since	NA28+NA27+Tyn+SBL+WH+Treg+TR+Byz	
2	14	2	NKO	οὖν	oun	G3767	CONJ	οὖν	therefore/then	therefore	NA28+NA27+Tyn+SBL+WH+Treg+TR+Byz	
2	14	3	NKO	τὰ	ta	G3588	T-NPN	ὁ	the/this/who	the	NA28+NA27+Tyn+SBL+WH+Treg+TR+Byz	
2	14	4	NKO	παιδία	paidia	G3813	N-NPN	παιδίον	child	children	NA28+NA27+Tyn+SBL+WH+Treg+TR+Byz	
2	14	5	NKO	κεκοινώνηκεν	kekoinōnēken	G2841	V-RAI-3S	κοινωνέω	to participate	have partaken	NA28+NA27+Tyn+SBL+WH+Treg+TR+Byz	
2	14	6	NKO	αἵματος	aimatos	G0129G	N-GSN	αἷμα	blood	of blood	NA28+NA27+Tyn+SBL+WH+Treg+TR»2+Byz»2	
2	14	7	NKO	καὶ	kai	G2532	CONJ	καί	and	and	NA28+NA27+Tyn+SBL+WH+Treg+TR+Byz	
2	14	8	NKO	σαρκός,	sarkos	G4561	N-GSF	σάρξ	flesh	of flesh	NA28+NA27+Tyn+SBL+WH+Treg+TR«2+Byz«2	
2	14	9	NKO	καὶ	kai	G2532	CONJ	καί	and	also	NA28+NA27+Tyn+SBL+WH+Treg+TR+Byz	
2	14	10	NKO	αὐτὸς	autos	G0846	P-NSM	αὐτός	he/she/it/self	He himself	NA28+NA27+Tyn+SBL+WH+Treg+TR+Byz	
2	14	11	NKO	παραπλησίως	paraplēsiōs	G3898	ADV	παραπλησίως	similarly	likewise	NA28+NA27+Tyn+SBL+WH+Treg+TR+Byz	
2	14	12	NKO	μετέσχεν	meteschen	G3348	V-2AAI-3S	μετέχω	to share	took part	NA28+NA27+Tyn+SBL+WH+Treg+TR+Byz	
2	14	13	NKO	τῶν	tōn	G3588	T-GPN	ὁ	the/this/who	in the	NA28+NA27+Tyn+SBL+WH+Treg+TR+Byz	
2	14	14	NKO	αὐτῶν,	autōn	G0846	P-GPN	αὐτός	he/she/it/self	same things,	NA28+NA27+Tyn+SBL+WH+Treg+TR+Byz	
2	14	15	NKO	ἵνα	ina	G2443	CONJ	ἵνα	in order that/to	so that	NA28+NA27+Tyn+SBL+WH+Treg+TR+Byz	
2	14	16	NKO	διὰ	dia	G1223	PREP	διά	through/because of	through	NA28+NA27+Tyn+SBL+WH+Treg+TR+Byz	
2	14	17	NKO	τοῦ	tou	G3588	T-GSM	ὁ	the/this/who	<the>	NA28+NA27+Tyn+SBL+WH+Treg+TR+Byz	
2	14	18	NKO	θανάτου	thanatou	G2288	N-GSM	θάνατος	death	[His] death	NA28+NA27+Tyn+SBL+WH+Treg+TR+Byz	
2	14	19	NKO	καταργήσῃ	katargēsē	G2673	V-AAS-3S	καταργέω	to abate	He may destroy	NA28+NA27+Tyn+SBL+WH+Treg+TR+Byz	
2	14	20	NKO	τὸν	ton	G3588	T-ASM	ὁ	the/this/who	the [one]	NA28+NA27+Tyn+SBL+WH+Treg+TR+Byz	
2	14	21	NKO	τὸ	to	G3588	T-ASN	ὁ	the/this/who	the	NA28+NA27+Tyn+SBL+WH+Treg+TR+Byz	
2	14	22	NKO	κράτος	kratos	G2904	N-ASN	κράτος	power	power	NA28+NA27+Tyn+SBL+WH+Treg+TR+Byz	
2	14	23	NKO	ἔχοντα	echonta	G2192	V-PAP-ASM	ἔχω	to have/be	holding	NA28+NA27+Tyn+SBL+WH+Treg+TR+Byz	
2	14	24	NKO	τοῦ	tou	G3588	T-GSM	ὁ	the/this/who	<the>	NA28+NA27+Tyn+SBL+WH+Treg+TR+Byz	
2	14	25	NKO	θανάτου,	thanatou	G2288	N-GSM	θάνατος	death	of death,	NA28+NA27+Tyn+SBL+WH+Treg+TR+Byz	
2	14	26	NKO	τοῦτ᾽	tout᾽	G3778	D-NSN	οὗτος	this/he/she/it	That	NA28+NA27+Tyn»1+SBL»1+WH»1+Treg»1+TR»1+Byz»1	
2	14	27	NKO	ἔστιν	estin	G1510	V-PAI-3S	εἰμί	to be	is	NA28+NA27+Tyn+SBL+WH+Treg+TR+Byz	
2	14	28	NKO	τὸν	ton	G3588	T-ASM	ὁ	the/this/who	the	NA28+NA27+Tyn+SBL+WH+Treg+TR+Byz	
2	14	29	NKO	διάβολον,	diabolon	G1228	A-ASM	διάβολος	devilish/the Devil	devil,	NA28+NA27+Tyn+SBL+WH+Treg+TR+Byz	
2	15	1	NKO	καὶ	kai	G2532	CONJ	καί	and	and	NA28+NA27+Tyn+SBL+WH+Treg+TR+Byz	
2	15	2	NKO	ἀπαλλάξῃ	apallaxē	G0525	V-AAS-3S	ἀπαλλάσσω	to release	may set free	NA28+NA27+Tyn+SBL+WH+Treg+TR+Byz	
2	15	3	NKO	τούτους	toutous	G3778	D-APM	οὗτος	this/he/she/it	those	NA28+NA27+Tyn+SBL+WH+Treg+TR+Byz	
2	15	4	NKO	ὅσοι	hosoi	G3745	K-NPM	ὅσος	just as/how much	as many as	NA28+NA27+Tyn+SBL+WH+Treg+TR+Byz	
2	15	5	NKO	φόβῳ	phobō	G5401	N-DSM	φόβος	fear	fear	NA28+NA27+Tyn+SBL+WH+Treg+TR+Byz	
2	15	6	NKO	θανάτου	thanatou	G2288	N-GSM	θάνατος	death	of death	NA28+NA27+Tyn+SBL+WH+Treg+TR+Byz	
2	15	7	NKO	διὰ	dia	G1223	PREP	διά	through/because of	through	NA28+NA27+Tyn+SBL+WH+Treg+TR+Byz	
2	15	8	NKO	παντὸς	pantos	G3956	A-GSN	πᾶς	all	all [times]	NA28+NA27+Tyn+SBL+WH+Treg+TR+Byz	
2	15	9	NKO	τοῦ	tou	G3588	T-GSN	ὁ	the/this/who	of them	NA28+NA27+Tyn+SBL+WH+Treg+TR+Byz	
2	15	10	NKO	ζῆν	zēn	G2198	V-PAN	ζάω	to live	to live	NA28+NA27+Tyn+SBL+WH+Treg+TR+Byz	
2	15	11	NKO	ἔνοχοι	enochoi	G1777	A-NPM	ἔνοχος	liable for	subject	NA28+NA27+Tyn+SBL+WH+Treg+TR+Byz	
2	15	12	NKO	ἦσαν	ēsan	G1510	V-IAI-3P	εἰμί	to be	they were	NA28+NA27+Tyn+SBL+WH+Treg+TR+Byz	
2	15	13	NKO	δουλείας.	douleias	G1397	N-GSF	δουλεία	slavery	to slavery.	NA28+NA27+Tyn+SBL+WH+Treg+TR+Byz	
2	16	1	NKO	οὐ	ou	G3756	PRT-N	οὐ	no	Not	NA28+NA27+Tyn+SBL+WH+Treg+TR+Byz	
2	16	2	NKO	γὰρ	gar	G1063	CONJ	γάρ	for	for	NA28+NA27+Tyn+SBL+WH+Treg+TR+Byz	
2	16	3	NKO	δήπου	dēpou	G1211	PRT + G4225=ADV	δή	so + πού=somewhere	surely somewhere	NA28+NA27+Tyn+SBL+WH+Treg+TR+Byz	
2	16	4	NKO	ἀγγέλων	angelōn	G0032G	N-GPM	ἄγγελος	angel	[the] angels	NA28+NA27+Tyn+SBL+WH+Treg+TR+Byz	
2	16	5	NKO	ἐπιλαμβάνεται,	epilambanetai	G1949	V-PNI-3S	ἐπιλαμβάνω	to catch	He helps,	NA28+NA27+Tyn+SBL+WH+Treg+TR+Byz	
2	16	6	NKO	ἀλλὰ	alla	G0235	CONJ	ἀλλά	but	but	NA28+NA27+Tyn+SBL+WH+Treg+TR+Byz	
2	16	7	NKO	σπέρματος	spermatos	G4690G	N-GSN	σπέρμα	seed	[the] seed	NA28+NA27+Tyn+SBL+WH+Treg+TR+Byz	
2	16	8	NKO	Ἀβραὰμ	Abraam	G0011	N-GSM-P	Ἀβραάμ	Abraham	of Abraham	NA28+NA27+Tyn+SBL+WH+Treg+TR+Byz	
2	16	9	NKO	ἐπιλαμβάνεται.	epilambanetai	G1949	V-PNI-3S	ἐπιλαμβάνω	to catch	He helps.	NA28+NA27+Tyn+SBL+WH+Treg+TR+Byz	
2	17	1	NKO	ὅθεν	hothen	G3606	CONJ	ὅθεν	whence	Therefore	NA28+NA27+Tyn+SBL+WH+Treg+TR+Byz	
2	17	2	NKO	ὤφειλεν	ōpheilen	G3784	V-IAI-3S	ὀφείλω	to owe	it was necessary	NA28+NA27+Tyn+SBL+WH+Treg+TR+Byz	
2	17	3	NKO	κατὰ	kata	G2596	PREP	κατά	according to	in	NA28+NA27+Tyn+SBL+WH+Treg+TR+Byz	
2	17	4	NKO	πάντα	panta	G3956	A-APN	πᾶς	all	all things	NA28+NA27+Tyn+SBL+WH+Treg+TR+Byz	
2	17	5	NKO	τοῖς	tois	G3588	T-DPM	ὁ	the/this/who	<the>	NA28+NA27+Tyn+SBL+WH+Treg+TR+Byz	
2	17	6	NKO	ἀδελφοῖς	adelphois	G0080	N-DPM	ἀδελφός	brother	[His] brothers	NA28+NA27+Tyn+SBL+WH+Treg+TR+Byz	
2	17	7	NKO	ὁμοιωθῆναι,	homoiōthēnai	G3666	V-APN	ὁμοιόω	to liken	to be made like,	NA28+NA27+Tyn+SBL+WH+Treg+TR+Byz	
2	17	8	NKO	ἵνα	ina	G2443	CONJ	ἵνα	in order that/to	so that	NA28+NA27+Tyn+SBL+WH+Treg+TR+Byz	
2	17	9	NKO	ἐλεήμων	eleēmōn	G1655	A-NSM	ἐλεήμων	merciful	a merciful	NA28+NA27+Tyn+SBL+WH+Treg+TR+Byz	
2	17	10	NKO	γένηται	genētai	G1096	V-2ADS-3S	γίνομαι	to be	He may become	NA28+NA27+Tyn+SBL+WH+Treg+TR+Byz	
2	17	11	NKO	καὶ	kai	G2532	CONJ	καί	and	and	NA28+NA27+Tyn+SBL+WH+Treg+TR+Byz	
2	17	12	NKO	πιστὸς	pistos	G4103	A-NSM	πιστός	faithful	faithful	NA28+NA27+Tyn+SBL+WH+Treg+TR+Byz	
2	17	13	NKO	ἀρχιερεὺς	archiereus	G0749	N-NSM	ἀρχιερεύς	high-priest	high priest	NA28+NA27+Tyn+SBL+WH+Treg+TR+Byz	
2	17	14	NKO	τὰ	ta	G3588	T-APN	ὁ	the/this/who	[in] <the> [things]	NA28+NA27+Tyn+SBL+WH+Treg+TR+Byz	
2	17	15	NKO	πρὸς	pros	G4314	PREP	πρός	to/with	relating to	NA28+NA27+Tyn+SBL+WH+Treg+TR+Byz	
2	17	16	NKO	τὸν	ton	G3588	T-ASM	ὁ	the/this/who	<the>	NA28+NA27+Tyn+SBL+WH+Treg+TR+Byz	
2	17	17	NKO	θεὸν	theon	G2316	N-ASM-T	θεός	God	God	NA28+NA27+Tyn+SBL+WH+Treg+TR+Byz	
2	17	18	NKO	εἰς	eis	G1519	PREP	εἰς	toward	in order	NA28+NA27+Tyn+SBL+WH+Treg+TR+Byz	
2	17	19	NKO	τὸ	to	G3588	T-ASN	ὁ	the/this/who	<the>	NA28+NA27+Tyn+SBL+WH+Treg+TR+Byz	
2	17	20	NKO	ἱλάσκεσθαι	hilaskesthai	G2433	V-PPN	ἱλάσκομαι	to propitiate	to make propitiation for	NA28+NA27+Tyn+SBL+WH+Treg+TR+Byz	
2	17	21	NKO	τὰς	tas	G3588	T-APF	ὁ	the/this/who	the	NA28+NA27+Tyn+SBL+WH+Treg+TR+Byz	
2	17	22	NKO	ἁμαρτίας	hamartias	G0266	N-APF	ἁμαρτία	sin	sins	NA28+NA27+Tyn+SBL+WH+Treg+TR+Byz	
2	17	23	NKO	τοῦ	tou	G3588	T-GSM	ὁ	the/this/who	of the	NA28+NA27+Tyn+SBL+WH+Treg+TR+Byz	
2	17	24	NKO	λαοῦ.	laou	G2992	N-GSM	λαός	a people	people.	NA28+NA27+Tyn+SBL+WH+Treg+TR+Byz	
2	18	1	NKO	ἐν	en	G1722	PREP	ἐν	in/on/among	In	NA28+NA27+Tyn+SBL+WH+Treg+TR+Byz	
2	18	2	NKO	ᾧ	hō	G3739	R-DSN	ὅς, ἥ	which	that	NA28+NA27+Tyn+SBL+WH+Treg+TR+Byz	
2	18	3	NKO	γὰρ	gar	G1063	CONJ	γάρ	for	for	NA28+NA27+Tyn+SBL+WH+Treg+TR+Byz	
2	18	4	NKO	πέπονθεν	peponthen	G3958	V-2RAI-3S	πάσχω	to suffer	has suffered	NA28+NA27+Tyn+SBL+WH+Treg+TR+Byz	
2	18	5	NKO	αὐτὸς	autos	G0846	P-NSM	αὐτός	he/she/it/self	He Himself	NA28+NA27+Tyn+SBL+WH+Treg+TR+Byz	
2	18	6	NKO	πειρασθείς,	peirastheis	G3985G	V-APP-NSM	πειράζω	to test/tempt	having been tempted,	NA28+NA27+Tyn+SBL+WH+Treg+TR+Byz	
2	18	7	NKO	δύναται	dunatai	G1410	V-PNI-3S	δύναμαι	be able	He is able	NA28+NA27+Tyn+SBL+WH+Treg+TR+Byz	
2	18	8	NKO	τοῖς	tois	G3588	T-DPM	ὁ	the/this/who	those	NA28+NA27+Tyn+SBL+WH+Treg+TR+Byz	
2	18	9	NKO	πειραζομένοις	peirazomenois	G3985G	V-PPP-DPM	πειράζω	to test/tempt	being tempted	NA28+NA27+Tyn+SBL+WH+Treg+TR+Byz	
2	18	10	NKO	βοηθῆσαι.¶	boēthēsai	G0997	V-AAN	βοηθέω	to help	to help.	NA28+NA27+Tyn+SBL+WH+Treg+TR+Byz	
3	1	1	NKO	Ὅθεν,	Hothen	G3606	CONJ	ὅθεν	whence	Therefore,	NA28+NA27+Tyn+SBL+WH+Treg+TR+Byz	
3	1	2	NKO	ἀδελφοὶ	adelphoi	G0080	N-VPM	ἀδελφός	brother	brothers	NA28+NA27+Tyn+SBL+WH+Treg+TR+Byz	
3	1	3	NKO	ἅγιοι,	hagioi	G0040G	A-VPM	ἅγιος	holy	holy,	NA28+NA27+Tyn+SBL+WH+Treg+TR+Byz	
3	1	4	NKO	κλήσεως	klēseōs	G2821	N-GSF	κλῆσις	calling	of [the] calling	NA28+NA27+Tyn+SBL+WH+Treg+TR+Byz	
3	1	5	NKO	ἐπουρανίου	epouraniou	G2032	A-GSF	ἐπουράνιος	heavenly	heavenly	NA28+NA27+Tyn+SBL+WH+Treg+TR+Byz	
3	1	6	NKO	μέτοχοι,	metochoi	G3353	N-VPM	μέτοχος	partaker	partakers,	NA28+NA27+Tyn+SBL+WH+Treg+TR+Byz	
3	1	7	NKO	κατανοήσατε	katanoēsate	G2657	V-AAM-2P	κατανοέω	to observe	do carefully consider	NA28+NA27+Tyn+SBL+WH+Treg+TR+Byz	
3	1	8	NKO	τὸν	ton	G3588	T-ASM	ὁ	the/this/who	the	NA28+NA27+Tyn+SBL+WH+Treg+TR+Byz	
3	1	9	NKO	ἀπόστολον	apostolon	G0652	N-ASM	ἀπόστολος	apostle	apostle	NA28+NA27+Tyn+SBL+WH+Treg+TR+Byz	
3	1	10	NKO	καὶ	kai	G2532	CONJ	καί	and	and	NA28+NA27+Tyn+SBL+WH+Treg+TR+Byz	
3	1	11	NKO	ἀρχιερέα	archierea	G0749	N-ASM	ἀρχιερεύς	high-priest	high priest	NA28+NA27+Tyn+SBL+WH+Treg+TR+Byz	
3	1	12	NKO	τῆς	tēs	G3588	T-GSF	ὁ	the/this/who	of the	NA28+NA27+Tyn+SBL+WH+Treg+TR+Byz	
3	1	13	NKO	ὁμολογίας	homologias	G3671	N-GSF	ὁμολογία	confession	confession	NA28+NA27+Tyn+SBL+WH+Treg+TR+Byz	
3	1	14	NKO	ἡμῶν	hēmōn	G3165	P-1GP	ἐγώ	I/we	of us	NA28+NA27+Tyn+SBL+WH+Treg+TR+Byz	
3	1	15	K	Χριστόν	Christon	G5547	N-ASM-T	Χριστός	Christ	Christ	TR+Byz	
3	1	16	NKO	Ἰησοῦν	Iēsoun	G2424G	N-ASM-P	Ἰησοῦς	Jesus/Joshua	Jesus	NA28+NA27+Tyn+SBL+WH+Treg+TR+Byz	
3	2	1	NKO	πιστὸν	piston	G4103	A-ASM	πιστός	faithful	faithful	NA28+NA27+Tyn+SBL+WH+Treg+TR+Byz	
3	2	2	NKO	ὄντα	onta	G1510	V-PAP-ASM	εἰμί	to be	being	NA28+NA27+Tyn+SBL+WH+Treg+TR+Byz	
3	2	3	NKO	τῷ	tō	G3588	T-DSM	ὁ	the/this/who	to the [One]	NA28+NA27+Tyn+SBL+WH+Treg+TR+Byz	
3	2	4	NKO	ποιήσαντι	poiēsanti	G4160I	V-AAP-DSM	ποιέω	to do/make	having appointed	NA28+NA27+Tyn+SBL+WH+Treg+TR+Byz	
3	2	5	NKO	αὐτὸν	auton	G0846	P-ASM	αὐτός	he/she/it/self	Him	NA28+NA27+Tyn+SBL+WH+Treg+TR+Byz	
3	2	6	NKO	ὡς	hōs	G5613	PRT	ὡς	which/how	as	NA28+NA27+Tyn+SBL+WH+Treg+TR+Byz	
3	2	7	NKO	καὶ	kai	G2532	CONJ	καί	and	also	NA28+NA27+Tyn+SBL+WH+Treg+TR+Byz	
3	2	8	NKO	Μωϋσῆς	Mōusēs	G3475	N-NSM-P	Μωϋσῆς, Μωσῆς	Moses	Moses	NA28+NA27+Tyn+SBL+WH+Treg+TR+Byz	
3	2	9	NKO	ἐν	en	G1722	PREP	ἐν	in/on/among	in	NA28+NA27+Tyn+SBL+WH+Treg+TR+Byz	
3	2	10	NKO	ὅλῳ	holō	G3650	A-DSM	ὅλος	all	all	NA28+NA27+Tyn+WH+Treg+TR+Byz	
3	2	11	NKO	τῷ	tō	G3588	T-DSM	ὁ	the/this/who	the	NA28+NA27+Tyn+SBL+WH+Treg+TR+Byz	
3	2	12	NKO	οἴκῳ	oikō	G3624H	N-DSM	οἶκος	house	house	NA28+NA27+Tyn+SBL+WH+Treg+TR+Byz	
3	2	13	NKO	αὐτοῦ.	autou	G0846	P-GSM	αὐτός	he/she/it/self	of Him.	NA28+NA27+Tyn+SBL+WH+Treg+TR+Byz	
3	3	1	NKO	πλείονος	pleionos	G4119	A-GSF-C	πλείων, πλεῖον	greater	Of greater	NA28+NA27+Tyn+SBL+WH+Treg+TR+Byz	
3	3	2	NKO	γὰρ	gar	G1063	CONJ	γάρ	for	for	NA28+NA27+Tyn+SBL+WH+Treg+TR+Byz	
3	3	3	NKO	οὗτος	houtos	G3778	D-NSM	οὗτος	this/he/she/it	He	NA28+NA27+Tyn+SBL+WH+Treg+TR»1+Byz»1	
3	3	4	NKO	δόξης	doxēs	G1391	N-GSF	δόξα	glory	glory	NA28+NA27+Tyn+SBL+WH+Treg+TR+Byz	
3	3	5	NKO	παρὰ	para	G3844	PREP	παρά	from with	than	NA28+NA27+Tyn+SBL+WH+Treg+TR+Byz	
3	3	6	NKO	Μωϋσῆν	Mōusēn	G3475	N-ASM-P	Μωϋσῆς, Μωσῆς	Moses	Moses	NA28+NA27+Tyn+SBL+WH+Treg+TR+Byz	
3	3	7	NKO	ἠξίωται,	ēxiōtai	G0515	V-RPI-3S	ἀξιόω	to deem worthy	has been counted worthy,	NA28+NA27+Tyn+SBL+WH+Treg+TR+Byz	
3	3	8	NKO	καθ᾽	kath᾽	G2596	PREP	κατά	according to	by	NA28+NA27+Tyn+SBL+WH+Treg+TR+Byz	
3	3	9	NKO	ὅσον	hoson	G3745	K-ASN	ὅσος	just as/how much	so much as	NA28+NA27+Tyn+SBL+WH+Treg+TR+Byz	
3	3	10	NKO	πλείονα	pleiona	G4119	A-ASF-C	πλείων, πλεῖον	greater	greater	NA28+NA27+Tyn+SBL+WH+Treg+TR+Byz	
3	3	11	NKO	τιμὴν	timēn	G5092	N-ASF	τιμή	honor	honor	NA28+NA27+Tyn+SBL+WH+Treg+TR+Byz	
3	3	12	NKO	ἔχει	echei	G2192	V-PAI-3S	ἔχω	to have/be	has	NA28+NA27+Tyn+SBL+WH+Treg+TR+Byz	
3	3	13	NKO	τοῦ	tou	G3588	T-GSM	ὁ	the/this/who	than the	NA28+NA27+Tyn+SBL+WH+Treg+TR+Byz	
3	3	14	NKO	οἴκου	oikou	G3624G	N-GSM	οἶκος	house	house [itself]	NA28+NA27+Tyn+SBL+WH+Treg+TR+Byz	
3	3	15	NKO	ὁ	ho	G3588	T-NSM	ὁ	the/this/who	the [one]	NA28+NA27+Tyn+SBL+WH+Treg+TR+Byz	
3	3	16	NKO	κατασκευάσας	kataskeuasas	G2680	V-AAP-NSM	κατασκευάζω	to prepare	having built	NA28+NA27+Tyn+SBL+WH+Treg+TR+Byz	
3	3	17	NKO	αὐτόν·	auton	G0846	P-ASM	αὐτός	he/she/it/self	it;	NA28+NA27+Tyn+SBL+WH+Treg+TR+Byz	
3	4	1	NKO	πᾶς	pas	G3956	A-NSM	πᾶς	all	Every	NA28+NA27+Tyn+SBL+WH+Treg+TR+Byz	
3	4	2	NKO	γὰρ	gar	G1063	CONJ	γάρ	for	for	NA28+NA27+Tyn+SBL+WH+Treg+TR+Byz	
3	4	3	NKO	οἶκος	oikos	G3624G	N-NSM	οἶκος	house	house	NA28+NA27+Tyn+SBL+WH+Treg+TR+Byz	
3	4	4	NKO	κατασκευάζεται	kataskeuazetai	G2680	V-PPI-3S	κατασκευάζω	to prepare	is built	NA28+NA27+Tyn+SBL+WH+Treg+TR+Byz	
3	4	5	NKO	ὑπό	hupo	G5259G	PREP	ὑπό	by/under	by	NA28+NA27+Tyn+SBL+WH+Treg+TR+Byz	
3	4	6	NKO	τινος,	tinos	G5100	X-GSM	τις	one	someone,	NA28+NA27+Tyn+SBL+WH+Treg+TR+Byz	
3	4	7	NKO	ὁ	ho	G3588	T-NSM	ὁ	the/this/who	the [One]	NA28+NA27+Tyn+SBL+WH+Treg+TR+Byz	
3	4	8	NKO	δὲ	de	G1161	CONJ	δέ	but/and	however	NA28+NA27+Tyn+SBL+WH+Treg+TR+Byz	
3	4	9	k	τὰ	ta	G3588	T-APN	ὁ	the/this/who	<the>	TR+Byz	
3	4	10	NKO	πάντα	panta	G3956	A-APN	πᾶς	all	everything	NA28+NA27+Tyn+SBL+WH+Treg+TR+Byz	
3	4	11	NKO	κατασκευάσας	kataskeuasas	G2680	V-AAP-NSM	κατασκευάζω	to prepare	having built [is]	NA28+NA27+Tyn+SBL+WH+Treg+TR+Byz	
3	4	12	NKO	θεός.	theos	G2316	N-NSM-T	θεός	God	God.	NA28+NA27+Tyn+SBL+WH+Treg+TR+Byz	
3	5	1	NKO	καὶ	kai	G2532	CONJ	καί	and	And	NA28+NA27+Tyn+SBL+WH+Treg+TR+Byz	
3	5	2	NKO	Μωϋσῆς	Mōusēs	G3475	N-NSM-P	Μωϋσῆς, Μωσῆς	Moses	Moses	NA28+NA27+Tyn+SBL+WH+Treg+TR+Byz	
3	5	3	NKO	μὲν	men	G3303	PRT	μέν	on one hand	indeed	NA28+NA27+Tyn+SBL+WH+Treg+TR+Byz	
3	5	4	NKO	πιστὸς	pistos	G4103	A-NSM	πιστός	faithful	[was] faithful	NA28+NA27+Tyn+SBL+WH+Treg+TR+Byz	
3	5	5	NKO	ἐν	en	G1722	PREP	ἐν	in/on/among	in	NA28+NA27+Tyn+SBL+WH+Treg+TR+Byz	
3	5	6	NKO	ὅλῳ	holō	G3650	A-DSM	ὅλος	all	all	NA28+NA27+Tyn+SBL+WH+Treg+TR+Byz	
3	5	7	NKO	τῷ	tō	G3588	T-DSM	ὁ	the/this/who	the	NA28+NA27+Tyn+SBL+WH+Treg+TR+Byz	
3	5	8	NKO	οἴκῳ	oikō	G3624H	N-DSM	οἶκος	house	house	NA28+NA27+Tyn+SBL+WH+Treg+TR+Byz	
3	5	9	NKO	αὐτοῦ	autou	G0846	P-GSM	αὐτός	he/she/it/self	of Him	NA28+NA27+Tyn+SBL+WH+Treg+TR+Byz	
3	5	10	NKO	ὡς	hōs	G5613	PRT	ὡς	which/how	as	NA28+NA27+Tyn+SBL+WH+Treg+TR+Byz	
3	5	11	NKO	θεράπων	therapōn	G2324	N-NSM	θεράπων	servant	a servant	NA28+NA27+Tyn+SBL+WH+Treg+TR+Byz	
3	5	12	NKO	εἰς	eis	G1519	PREP	εἰς	toward	unto	NA28+NA27+Tyn+SBL+WH+Treg+TR+Byz	
3	5	13	NKO	μαρτύριον	marturion	G3142	N-ASN	μαρτύριον	testimony	a testimony	NA28+NA27+Tyn+SBL+WH+Treg+TR+Byz	
3	5	14	NKO	τῶν	tōn	G3588	T-GPN	ὁ	the/this/who	of the [things]	NA28+NA27+Tyn+SBL+WH+Treg+TR+Byz	
3	5	15	NKO	λαληθησομένων,	lalēthēsomenōn	G2980	V-FPP-GPN	λαλέω	to speak	to be spoken,	NA28+NA27+Tyn+SBL+WH+Treg+TR+Byz	
3	6	1	NKO	Χριστὸς	Christos	G5547	N-NSM-T	Χριστός	Christ	Christ	NA28+NA27+Tyn+SBL+WH+Treg+TR+Byz	
3	6	2	NKO	δὲ	de	G1161	CONJ	δέ	but/and	however	NA28+NA27+Tyn+SBL+WH+Treg+TR+Byz	
3	6	3	NKO	ὡς	hōs	G5613	PRT	ὡς	which/how	as	NA28+NA27+Tyn+SBL+WH+Treg+TR+Byz	
3	6	4	NKO	υἱὸς	huios	G5207	N-NSM	υἱός	son	[the] Son	NA28+NA27+Tyn+SBL+WH+Treg+TR+Byz	
3	6	5	NKO	ἐπὶ	epi	G1909	PREP	ἐπί	upon/to/against	over	NA28+NA27+Tyn+SBL+WH+Treg+TR+Byz	
3	6	6	NKO	τὸν	ton	G3588	T-ASM	ὁ	the/this/who	the	NA28+NA27+Tyn+SBL+WH+Treg+TR+Byz	
3	6	7	NKO	οἶκον	oikon	G3624H	N-ASM	οἶκος	house	house	NA28+NA27+Tyn+SBL+WH+Treg+TR+Byz	
3	6	8	NKO	αὐτοῦ,	autou	G0846	P-GSM	αὐτός	he/she/it/self	of Him,	NA28+NA27+Tyn+SBL+WH+Treg+TR+Byz	
3	6	9	NK(o)	οὗ	hou	G3739	R-GSM	ὅς, ἥ	which	whose	NA28+NA27+Tyn+WH+Treg+TR+Byz	
3	6	10	NKO	οἶκός	oikos	G3624H	N-NSM	οἶκος	house	house	NA28+NA27+Tyn+SBL+WH+Treg+TR+Byz	
3	6	11	NKO	ἐσμεν	esmen	G1510	V-PAI-1P	εἰμί	to be	are	NA28+NA27+Tyn+SBL+WH+Treg+TR+Byz	
3	6	12	NKO	ἡμεῖς	hēmeis	G3165	P-1NP	ἐγώ	I/we	we ourselves	NA28+NA27+Tyn+SBL+WH+Treg+TR+Byz	
3	6	13	NK(o)	ἐάνπερ	eanper	G1437	COND + G4007=CONJ	ἐάν	if + περ=fully	if indeed	NA28+NA27+TR+Byz	
3	6	14	NKO	τὴν	tēn	G3588	T-ASF	ὁ	the/this/who	<the>	NA28+NA27+Tyn+SBL+WH+Treg+TR+Byz	
3	6	15	NKO	παρρησίαν	parrēsian	G3954	N-ASF	παρρησία	boldness	[our] confidence	NA28+NA27+Tyn+SBL+WH+Treg+TR+Byz	
3	6	16	NKO	καὶ	kai	G2532	CONJ	καί	and	and	NA28+NA27+Tyn+SBL+WH+Treg+TR+Byz	
3	6	17	NKO	τὸ	to	G3588	T-ASN	ὁ	the/this/who	the	NA28+NA27+Tyn+SBL+WH+Treg+TR+Byz	
3	6	18	NKO	καύχημα	kauchēma	G2745	N-ASN	καύχημα	pride	boast	NA28+NA27+Tyn+SBL+WH+Treg+TR+Byz	
3	6	19	NKO	τῆς	tēs	G3588	T-GSF	ὁ	the/this/who	<the>	NA28+NA27+Tyn+SBL+WH+Treg+TR+Byz	
3	6	20	NKO	ἐλπίδος	elpidos	G1680	N-GSF	ἐλπίς	hope	of [our] hope	NA28+NA27+Tyn+SBL+WH+Treg+TR+Byz	
3	6	21	KO	μέχρι	mechri	G3360	PREP	μέχρι	until	until	WH+Treg+TR+Byz	
3	6	22	KO	τέλους	telous	G5056	N-GSN	τέλος	goal/tax	end	WH+Treg+TR+Byz	
3	6	23	KO	βεβαίαν	bebaian	G0949	A-ASF	βέβαιος	firm	unshakable	WH+Treg+TR+Byz	
3	6	24	NKO	κατάσχωμεν.¶	kataschōmen	G2722	V-2AAS-1P	κατέχω	to hold back/fast	we may hold.	NA28+NA27+Tyn+SBL+WH+Treg+TR+Byz	
3	7	1	NKO	Διό,	Dio	G1352	CONJ	διό	for	Therefore,	NA28+NA27+Tyn+SBL+WH+Treg+TR+Byz	
3	7	2	NKO	καθὼς	kathōs	G2531	CONJ	καθώς	as/just as	even as	NA28+NA27+Tyn+SBL+WH+Treg+TR+Byz	
3	7	3	NKO	λέγει	legei	G3004G	V-PAI-3S	λέγω	to speak	says	NA28+NA27+Tyn+SBL+WH+Treg+TR+Byz	
3	7	4	NKO	τὸ	to	G3588	T-NSN	ὁ	the/this/who	the	NA28+NA27+Tyn+SBL+WH+Treg+TR+Byz	
3	7	5	NKO	πνεῦμα	pneuma	G4151G	N-NSN	πνεῦμα	spirit/breath	Spirit	NA28+NA27+Tyn+SBL+WH+Treg+TR+Byz	
3	7	6	NKO	τὸ	to	G3588	T-NSN	ὁ	the/this/who	<the>	NA28+NA27+Tyn+SBL+WH+Treg+TR+Byz	
3	7	7	NKO	ἅγιον,	hagion	G0040G	A-NSN	ἅγιος	holy	Holy:	NA28+NA27+Tyn+SBL+WH+Treg+TR+Byz	
3	7	8	NKO	σήμερον	sēmeron	G4594	ADV	σήμερον	today	Today	NA28+NA27+Tyn+SBL+WH+Treg+TR+Byz	
3	7	9	NKO	ἐὰν	ean	G1437	COND	ἐάν	if	if	NA28+NA27+Tyn+SBL+WH+Treg+TR+Byz	
3	7	10	NKO	τῆς	tēs	G3588	T-GSF	ὁ	the/this/who	the	NA28+NA27+Tyn+SBL+WH+Treg+TR+Byz	
3	7	11	NKO	φωνῆς	phōnēs	G5456G	N-GSF	φωνή	voice/sound	voice	NA28+NA27+Tyn+SBL+WH+Treg+TR+Byz	
3	7	12	NKO	αὐτοῦ	autou	G0846	P-GSM	αὐτός	he/she/it/self	of Him	NA28+NA27+Tyn+SBL+WH+Treg+TR+Byz	
3	7	13	NKO	ἀκούσητε,	akousēte	G0191	V-AAS-2P	ἀκούω	to hear	you shall hear,	NA28+NA27+Tyn+SBL+WH+Treg+TR+Byz	
3	8	1	NKO	μὴ	mē	G3361	PRT-N	μή	not	not	NA28+NA27+Tyn+SBL+WH+Treg+TR+Byz	
3	8	2	NKO	σκληρύνητε	sklērunēte	G4645	V-AAS-2P	σκληρύνω	to harden	shall harden	NA28+NA27+Tyn+SBL+WH+Treg+TR+Byz	
3	8	3	NKO	τὰς	tas	G3588	T-APF	ὁ	the/this/who	the	NA28+NA27+Tyn+SBL+WH+Treg+TR+Byz	
3	8	4	NKO	καρδίας	kardias	G2588	N-APF	καρδία	heart	hearts	NA28+NA27+Tyn+SBL+WH+Treg+TR+Byz	
3	8	5	NKO	ὑμῶν	humōn	G4771	P-2GP	σύ	you	of you	NA28+NA27+Tyn+SBL+WH+Treg+TR+Byz	
3	8	6	NKO	ὡς	hōs	G5613	PRT	ὡς	which/how	as	NA28+NA27+Tyn+SBL+WH+Treg+TR+Byz	
3	8	7	NKO	ἐν	en	G1722	PREP	ἐν	in/on/among	in	NA28+NA27+Tyn+SBL+WH+Treg+TR+Byz	
3	8	8	NKO	τῷ	tō	G3588	T-DSM	ὁ	the/this/who	the	NA28+NA27+Tyn+SBL+WH+Treg+TR+Byz	
3	8	9	NKO	παραπικρασμῷ	parapikrasmō	G3894	N-DSM	παραπικρασμός	rebellion	rebellion	NA28+NA27+Tyn+SBL+WH+Treg+TR+Byz	
3	8	10	NKO	κατὰ	kata	G2596	PREP	κατά	according to	in	NA28+NA27+Tyn+SBL+WH+Treg+TR+Byz	
3	8	11	NKO	τὴν	tēn	G3588	T-ASF	ὁ	the/this/who	the	NA28+NA27+Tyn+SBL+WH+Treg+TR+Byz	
3	8	12	NKO	ἡμέραν	hēmeran	G2250	N-ASF	ἡμέρα	day	day	NA28+NA27+Tyn+SBL+WH+Treg+TR+Byz	
3	8	13	NKO	τοῦ	tou	G3588	T-GSM	ὁ	the/this/who	<the>	NA28+NA27+Tyn+SBL+WH+Treg+TR+Byz	
3	8	14	NKO	πειρασμοῦ	peirasmou	G3986H	N-GSM	πειρασμός	temptation/testing	of testing	NA28+NA27+Tyn+SBL+WH+Treg+TR+Byz	
3	8	15	NKO	ἐν	en	G1722	PREP	ἐν	in/on/among	in	NA28+NA27+Tyn+SBL+WH+Treg+TR+Byz	
3	8	16	NKO	τῇ	tēa	G3588	T-DSF	ὁ	the/this/who	the	NA28+NA27+Tyn+SBL+WH+Treg+TR+Byz	
3	8	17	NKO	ἐρήμῳ,	erēmō	G2048	A-DSF	ἔρημος	deserted	wilderness,	NA28+NA27+Tyn+SBL+WH+Treg+TR+Byz	
3	9	1	NKO	οὗ	hou	G3757	ADV	οὗ	whither	where	NA28+NA27+Tyn+SBL+WH+Treg+TR+Byz	
3	9	2	NKO	ἐπείρασαν	epeirasan	G3985H	V-AAI-3P	πειράζω	to test/tempt	tried	NA28+NA27+Tyn+SBL+WH+Treg+TR+Byz	
3	9	3	K	με	me	G3165	P-1AS	ἐγώ	I/we	me	TR+Byz	
3	9	4	NKO	οἱ	hoi	G3588	T-NPM	ὁ	the/this/who	the	NA28+NA27+Tyn+SBL+WH+Treg+TR+Byz	
3	9	5	NKO	πατέρες	pateres	G3962	N-NPM	πατήρ	father	fathers	NA28+NA27+Tyn+SBL+WH+Treg+TR+Byz	
3	9	6	NKO	ὑμῶν	humōn	G4771	P-2GP	σύ	you	of you	NA28+NA27+Tyn+SBL+WH+Treg+TR+Byz	
3	9	7	no	ἐν	en	G1722	PREP	ἐν	in/on/among	by	NA28+NA27+Tyn+SBL+WH+Treg	
3	9	8	N(k)O	δοκιμασίᾳ	dokimasia	G6020	N-DSF	δοκιμασία	examination	testing	NA28+NA27+Tyn+SBL+WH+Treg	
3	9	9	K	με	me	G3165	P-1AS	ἐγώ	I/we	me	TR+Byz	
3	9	10	NKO	καὶ	kai	G2532	CONJ	καί	and	and	NA28+NA27+Tyn+SBL+WH+Treg+TR+Byz	
3	9	11	NKO	εἶδον	eidon	G1492H	V-2AAI-3P	εἴδω	to perceive	saw	NA28+NA27+Tyn+SBL+WH+Treg+TR+Byz	
3	9	12	NKO	τὰ	ta	G3588	T-APN	ὁ	the/this/who	the	NA28+NA27+Tyn+SBL+WH+Treg+TR+Byz	
3	9	13	NKO	ἔργα	erga	G2041	N-APN	ἔργον	work	works	NA28+NA27+Tyn+SBL+WH+Treg+TR+Byz	
3	9	14	NKO	μου	mou	G3165	P-1GS	ἐγώ	I/we	of Mine	NA28+NA27+Tyn+SBL+WH+Treg+TR+Byz	
3	10	1	NKO	τεσσεράκοντα	tesserakonta	G5062	A-NUI	τεσσαράκοντα	forty	forty	NA28+NA27+Tyn+SBL+WH+Treg+TR+Byz	3.10[3.9]
3	10	2	NKO	ἔτη·	etē	G2094	N-APN	ἔτος	year	years;	NA28+NA27+Tyn+SBL+WH+Treg+TR+Byz	3.10[3.9]
3	10	3	NKO	διὸ	dio	G1352	CONJ	διό	for	[10] Therefore	NA28+NA27+Tyn+SBL+WH+Treg+TR+Byz	
3	10	4	NKO	προσώχθισα	prosōchthisa	G4360	V-AAI-1S	προσοχθίζω	be angry	I was angry	NA28+NA27+Tyn+SBL+WH+Treg+TR+Byz	
3	10	5	NKO	τῇ	tēa	G3588	T-DSF	ὁ	the/this/who	with the	NA28+NA27+Tyn+SBL+WH+Treg+TR+Byz	
3	10	6	NKO	γενεᾷ	genea	G1074	N-DSF	γενεά	generation	generation	NA28+NA27+Tyn+SBL+WH+Treg+TR+Byz	
3	10	7	N(k)O	ταύτῃ	tautē	G3778	D-DSF	οὗτος	this/he/she/it	that	NA28+NA27+Tyn+SBL+WH+Treg	
3	10	8	NKO	καὶ	kai	G2532	CONJ	καί	and	and	NA28+NA27+Tyn+SBL+WH+Treg+TR+Byz	
3	10	9	NKO	εἶπον·	eipon	G2036	V-2AAI-1S	ἔπω, ἐρῶ, εἶπον	to say	I said;	NA28+NA27+Tyn+SBL+WH+Treg+TR+Byz	
3	10	10	NKO	ἀεὶ	aei	G0104	ADV	ἀεί	always	Always	NA28+NA27+Tyn+SBL+WH+Treg+TR+Byz	
3	10	11	NKO	πλανῶνται	planōntai	G4105	V-PPI-3P	πλανάω	to lead astray	they go astray	NA28+NA27+Tyn+SBL+WH+Treg+TR+Byz	
3	10	12	NKO	τῇ	tēa	G3588	T-DSF	ὁ	the/this/who	in the	NA28+NA27+Tyn+SBL+WH+Treg+TR+Byz	
3	10	13	NKO	καρδίᾳ·	kardia	G2588	N-DSF	καρδία	heart	heart;	NA28+NA27+Tyn+SBL+WH+Treg+TR+Byz	
3	10	14	NKO	αὐτοὶ	autoi	G0846	P-NPM	αὐτός	he/she/it/self	they themselves	NA28+NA27+Tyn+SBL+WH+Treg+TR+Byz	
3	10	15	NKO	δὲ	de	G1161	CONJ	δέ	but/and	and	NA28+NA27+Tyn+SBL+WH+Treg+TR+Byz	
3	10	16	NKO	οὐκ	ouk	G3756	PRT-N	οὐ	no	not	NA28+NA27+Tyn+SBL+WH+Treg+TR+Byz	
3	10	17	NKO	ἔγνωσαν	egnōsan	G1097	V-2AAI-3P	γινώσκω	to know	have they known	NA28+NA27+Tyn+SBL+WH+Treg+TR+Byz	
3	10	18	NKO	τὰς	tas	G3588	T-APF	ὁ	the/this/who	the	NA28+NA27+Tyn+SBL+WH+Treg+TR+Byz	
3	10	19	NKO	ὁδούς	hodous	G3598	N-APF	ὁδός	road	ways	NA28+NA27+Tyn+SBL+WH+Treg+TR+Byz	
3	10	20	NKO	μου·	mou	G3165	P-1GS	ἐγώ	I/we	of Mine;	NA28+NA27+Tyn+SBL+WH+Treg+TR+Byz	
3	11	1	NKO	ὡς	hōs	G5613	PRT	ὡς	which/how	so	NA28+NA27+Tyn+SBL+WH+Treg+TR+Byz	
3	11	2	NKO	ὤμοσα	ōmosa	G3660	V-AAI-1S	ὄμνυμι	to swear	I swore	NA28+NA27+Tyn+SBL+WH+Treg+TR+Byz	
3	11	3	NKO	ἐν	en	G1722	PREP	ἐν	in/on/among	in	NA28+NA27+Tyn+SBL+WH+Treg+TR+Byz	
3	11	4	NKO	τῇ	tēa	G3588	T-DSF	ὁ	the/this/who	the	NA28+NA27+Tyn+SBL+WH+Treg+TR+Byz	
3	11	5	NKO	ὀργῇ	orgēa	G3709	N-DSF	ὀργή	wrath	wrath	NA28+NA27+Tyn+SBL+WH+Treg+TR+Byz	
3	11	6	NKO	μου·	mou	G3165	P-1GS	ἐγώ	I/we	of Mine;	NA28+NA27+Tyn+SBL+WH+Treg+TR+Byz	
3	11	7	NKO	εἰ	ei	G1487H	COND	εἰ	if	[not]	NA28+NA27+Tyn+SBL+WH+Treg+TR+Byz	
3	11	8	NKO	εἰσελεύσονται	eiseleusontai	G1525	V-FDI-3P	εἰσέρχομαι	to enter	will they enter	NA28+NA27+Tyn+SBL+WH+Treg+TR+Byz	
3	11	9	NKO	εἰς	eis	G1519	PREP	εἰς	toward	into	NA28+NA27+Tyn+SBL+WH+Treg+TR+Byz	
3	11	10	NKO	τὴν	tēn	G3588	T-ASF	ὁ	the/this/who	the	NA28+NA27+Tyn+SBL+WH+Treg+TR+Byz	
3	11	11	NKO	κατάπαυσίν	katapausin	G2663	N-ASF	κατάπαυσις	rest	rest	NA28+NA27+Tyn+SBL+WH+Treg+TR+Byz	
3	11	12	NKO	μου.¶	mou	G3165	P-1GS	ἐγώ	I/we	of Mine.	NA28+NA27+Tyn+SBL+WH+Treg+TR+Byz	
3	12	1	NKO	Βλέπετε,	Blepete	G0991	V-PAM-2P	βλέπω	to see	do take heed,	NA28+NA27+Tyn+SBL+WH+Treg+TR+Byz	
3	12	2	NKO	ἀδελφοί,	adelphoi	G0080	N-VPM	ἀδελφός	brother	brothers,	NA28+NA27+Tyn+SBL+WH+Treg+TR+Byz	
3	12	3	NKO	μήποτε	mēpote	G3361	PRT-N + G4218=PRT	μήποτε	lest + πότε=when	otherwise	NA28+NA27+Tyn+SBL+WH+Treg+TR+Byz	
3	12	4	NKO	ἔσται	estai	G1510	V-FDI-3S	εἰμί	to be	there will be	NA28+NA27+Tyn+SBL+WH+Treg+TR+Byz	
3	12	5	NKO	ἔν	en	G1722	PREP	ἐν	in/on/among	in	NA28+NA27+Tyn+SBL+WH+Treg+TR+Byz	
3	12	6	NKO	τινι	tini	G5100	X-DSM	τις	one	any	NA28+NA27+Tyn+SBL+WH+Treg+TR+Byz	
3	12	7	NKO	ὑμῶν	humōn	G4771	P-2GP	σύ	you	of you	NA28+NA27+Tyn+SBL+WH+Treg+TR+Byz	
3	12	8	NKO	καρδία	kardia	G2588	N-NSF	καρδία	heart	a heart	NA28+NA27+Tyn+SBL+WH+Treg+TR+Byz	
3	12	9	NKO	πονηρὰ	ponēra	G4190	A-NSF	πονηρός	evil/bad	evil	NA28+NA27+Tyn+SBL+WH+Treg+TR+Byz	
3	12	10	NKO	ἀπιστίας	apistias	G0570	N-GSF	ἀπιστία	unbelief	of unbelief	NA28+NA27+Tyn+SBL+WH+Treg+TR+Byz	
3	12	11	NKO	ἐν	en	G1722	PREP	ἐν	in/on/among	into	NA28+NA27+Tyn+SBL+WH+Treg+TR+Byz	
3	12	12	NKO	τῷ	tō	G3588	T-DSN	ὁ	the/this/who	<the>	NA28+NA27+Tyn+SBL+WH+Treg+TR+Byz	
3	12	13	NKO	ἀποστῆναι	apostēnai	G0868	V-2AAN	ἀφίστημι	to leave	falling away	NA28+NA27+Tyn+SBL+WH+Treg+TR+Byz	
3	12	14	NKO	ἀπὸ	apo	G0575	PREP	ἀπό	away from	from	NA28+NA27+Tyn+SBL+WH+Treg+TR+Byz	
3	12	15	NKO	θεοῦ	theou	G2316	N-GSM-T	θεός	God	God	NA28+NA27+Tyn+SBL+WH+Treg+TR+Byz	
3	12	16	NKO	ζῶντος·	zōntos	G2198	V-PAP-GSM	ζάω	to live	[the] living;	NA28+NA27+Tyn+SBL+WH+Treg+TR+Byz	
3	13	1	NKO	ἀλλὰ	alla	G0235	CONJ	ἀλλά	but	But	NA28+NA27+Tyn+SBL+WH+Treg+TR+Byz	
3	13	2	NKO	παρακαλεῖτε	parakaleite	G3870	V-PAM-2P	παρακαλέω	to plead/comfort	do encourage	NA28+NA27+Tyn+SBL+WH+Treg+TR+Byz	
3	13	3	NKO	ἑαυτοὺς	he'autous	G1438	F-2APM	ἑαυτοῦ	my/your/him-self	each other	NA28+NA27+Tyn+SBL+WH+Treg+TR+Byz	
3	13	4	NKO	καθ᾽	kath᾽	G2596	PREP	κατά	according to	each	NA28+NA27+Tyn+SBL+WH+Treg+TR+Byz	
3	13	5	NKO	ἑκάστην	hekastēn	G1538	A-ASF	ἕκαστος	each	every	NA28+NA27+Tyn+SBL+WH+Treg+TR+Byz	
3	13	6	NKO	ἡμέραν	hēmeran	G2250	N-ASF	ἡμέρα	day	day	NA28+NA27+Tyn+SBL+WH+Treg+TR+Byz	
3	13	7	NKO	ἄχρις	achris	G0891	PREP	ἄχρι	until	while	NA28+NA27+Tyn+SBL+WH+Treg+TR+Byz	
3	13	8	NKO	οὗ	hou	G3739	R-GSM	ὅς, ἥ	which	this	NA28+NA27+Tyn+SBL+WH+Treg+TR+Byz	
3	13	9	NKO	τὸ	to	G3588	T-NSN	ὁ	the/this/who	<the>	NA28+NA27+Tyn+SBL+WH+Treg+TR+Byz	
3	13	10	NKO	σήμερον	sēmeron	G4594	ADV	σήμερον	today	today	NA28+NA27+Tyn+SBL+WH+Treg+TR+Byz	
3	13	11	NKO	καλεῖται	kaleitai	G2564G	V-PPI-3S	καλέω	to call	it is called	NA28+NA27+Tyn+SBL+WH+Treg+TR+Byz	
3	13	12	NKO	ἵνα	ina	G2443	CONJ	ἵνα	in order that/to	so that	NA28+NA27+Tyn+SBL+WH+Treg+TR+Byz	
3	13	13	NKO	μὴ	mē	G3361	PRT-N	μή	not	not	NA28+NA27+Tyn+SBL+WH+Treg+TR+Byz	
3	13	14	NKO	σκληρυνθῇ	sklērunthēa	G4645	V-APS-3S	σκληρύνω	to harden	may be hardened	NA28+NA27+Tyn+SBL+WH+Treg+TR+Byz	
3	13	15	NK(o)	τις	tis	G5100	X-NSM	τις	one	one	NA28+NA27+SBL+WH+Treg+TR+Byz	
3	13	16	NKO	ἐξ	ex	G1537	PREP	ἐκ	out from	of	NA28+NA27+Tyn«2+SBL+WH+Treg+TR+Byz«2	
3	13	17	NKO	ὑμῶν	humōn	G4771	P-2GP	σύ	you	you	NA28+NA27+Tyn«3+SBL+WH+Treg+TR+Byz«3	
3	13	18	NKO	ἀπάτῃ	apatē	G0539	N-DSF	ἀπάτη	deceit	by [the] deceitfulness	NA28+NA27+Tyn+SBL+WH+Treg+TR+Byz	
3	13	19	NKO	τῆς	tēs	G3588	T-GSF	ὁ	the/this/who	<the>	NA28+NA27+Tyn+SBL+WH+Treg+TR+Byz	
3	13	20	NKO	ἁμαρτίας·	hamartias	G0266	N-GSF	ἁμαρτία	sin	of sin;	NA28+NA27+Tyn+SBL+WH+Treg+TR+Byz	
3	14	1	NKO	μέτοχοι	metochoi	G3353	N-NPM	μέτοχος	partaker	Partakers	NA28+NA27+Tyn+SBL+WH+Treg+TR+Byz	
3	14	2	NKO	γὰρ	gar	G1063	CONJ	γάρ	for	for	NA28+NA27+Tyn+SBL+WH+Treg+TR+Byz	
3	14	3	NKO	τοῦ	tou	G3588	T-GSM	ὁ	the/this/who	<the>	NA28+NA27+Tyn+SBL+WH+Treg+TR+Byz	
3	14	4	NKO	Χριστοῦ	Christou	G5547	N-GSM-T	Χριστός	Christ	of Christ	NA28+NA27+Tyn+SBL+WH+Treg+TR+Byz	
3	14	5	NKO	γεγόναμεν	gegonamen	G1096	V-2RAI-1P	γίνομαι	to be	we have become	NA28+NA27+Tyn+SBL+WH+Treg+TR«3+Byz«3	
3	14	6	NKO	ἐάνπερ	eanper	G1437	COND + G4007=CONJ	ἐάν	if + περ=fully	if indeed	NA28+NA27+Tyn+SBL+WH+Treg+TR+Byz	
3	14	7	NKO	τὴν	tēn	G3588	T-ASF	ὁ	the/this/who	from the	NA28+NA27+Tyn+SBL+WH+Treg+TR+Byz	
3	14	8	NKO	ἀρχὴν	archēn	G0746	N-ASF	ἀρχή	beginning	beginning	NA28+NA27+Tyn+SBL+WH+Treg+TR+Byz	
3	14	9	NKO	τῆς	tēs	G3588	T-GSF	ὁ	the/this/who	of the	NA28+NA27+Tyn+SBL+WH+Treg+TR+Byz	
3	14	10	NKO	ὑποστάσεως	hupostaseōs	G5287	N-GSF	ὑπόστασις	confidence/essence	assurance	NA28+NA27+Tyn+SBL+WH+Treg+TR+Byz	
3	14	11	NKO	μέχρι	mechri	G3360	PREP	μέχρι	until	unto	NA28+NA27+Tyn+SBL+WH+Treg+TR+Byz	
3	14	12	NKO	τέλους	telous	G5056	N-GSN	τέλος	goal/tax	[the] end	NA28+NA27+Tyn+SBL+WH+Treg+TR+Byz	
3	14	13	NKO	βεβαίαν	bebaian	G0949	A-ASF	βέβαιος	firm	firm	NA28+NA27+Tyn+SBL+WH+Treg+TR+Byz	
3	14	14	NKO	κατάσχωμεν·	kataschōmen	G2722	V-2AAS-1P	κατέχω	to hold back/fast	we shall hold;	NA28+NA27+Tyn+SBL+WH+Treg+TR+Byz	
3	15	1	NKO	ἐν	en	G1722	PREP	ἐν	in/on/among	As	NA28+NA27+Tyn+SBL+WH+Treg+TR+Byz	
3	15	2	NKO	τῷ	tō	G3588	T-DSN	ὁ	the/this/who	the	NA28+NA27+Tyn+SBL+WH+Treg+TR+Byz	
3	15	3	NKO	λέγεσθαι·	legesthai	G3004G	V-PPN	λέγω	to speak	saying:	NA28+NA27+Tyn+SBL+WH+Treg+TR+Byz	
3	15	4	NKO	σήμερον	sēmeron	G4594	ADV	σήμερον	today	Today	NA28+NA27+Tyn+SBL+WH+Treg+TR+Byz	
3	15	5	NKO	ἐὰν	ean	G1437	COND	ἐάν	if	if	NA28+NA27+Tyn+SBL+WH+Treg+TR+Byz	
3	15	6	NKO	τῆς	tēs	G3588	T-GSF	ὁ	the/this/who	the	NA28+NA27+Tyn+SBL+WH+Treg+TR+Byz	
3	15	7	NKO	φωνῆς	phōnēs	G5456G	N-GSF	φωνή	voice/sound	voice	NA28+NA27+Tyn+SBL+WH+Treg+TR+Byz	
3	15	8	NKO	αὐτοῦ	autou	G0846	P-GSM	αὐτός	he/she/it/self	of Him	NA28+NA27+Tyn+SBL+WH+Treg+TR+Byz	
3	15	9	NKO	ἀκούσητε,	akousēte	G0191	V-AAS-2P	ἀκούω	to hear	you shall hear,	NA28+NA27+Tyn+SBL+WH+Treg+TR+Byz	
3	15	10	NKO	μὴ	mē	G3361	PRT-N	μή	not	not	NA28+NA27+Tyn+SBL+WH+Treg+TR+Byz	
3	15	11	NKO	σκληρύνητε	sklērunēte	G4645	V-AAS-2P	σκληρύνω	to harden	shall harden	NA28+NA27+Tyn+SBL+WH+Treg+TR+Byz	
3	15	12	NKO	τὰς	tas	G3588	T-APF	ὁ	the/this/who	the	NA28+NA27+Tyn+SBL+WH+Treg+TR+Byz	
3	15	13	NKO	καρδίας	kardias	G2588	N-APF	καρδία	heart	hearts	NA28+NA27+Tyn+SBL+WH+Treg+TR+Byz	
3	15	14	NKO	ὑμῶν	humōn	G4771	P-2GP	σύ	you	of you	NA28+NA27+Tyn+SBL+WH+Treg+TR+Byz	
3	15	15	NKO	ὡς	hōs	G5613	PRT	ὡς	which/how	as	NA28+NA27+Tyn+SBL+WH+Treg+TR+Byz	
3	15	16	NKO	ἐν	en	G1722	PREP	ἐν	in/on/among	in	NA28+NA27+Tyn+SBL+WH+Treg+TR+Byz	
3	15	17	NKO	τῷ	tō	G3588	T-DSM	ὁ	the/this/who	the	NA28+NA27+Tyn+SBL+WH+Treg+TR+Byz	
3	15	18	NKO	παραπικρασμῷ.	parapikrasmō	G3894	N-DSM	παραπικρασμός	rebellion	rebellion.	NA28+NA27+Tyn+SBL+WH+Treg+TR+Byz	
3	16	1	NKO	τίνες	tines	G5101	I-NPM	τίς	which?	Who	NA28+NA27+Tyn+SBL+WH+Treg+TR+Byz	
3	16	2	NKO	γὰρ	gar	G1063	CONJ	γάρ	for	for	NA28+NA27+Tyn+SBL+WH+Treg+TR+Byz	
3	16	3	NKO	ἀκούσαντες	akousantes	G0191	V-AAP-NPM	ἀκούω	to hear	[were those] having heard	NA28+NA27+Tyn+SBL+WH+Treg+TR+Byz	
3	16	4	NKO	παρεπίκραναν;	parepikranan	G3893	V-AAI-3P	παραπικραίνω	to rebel	rebelled?	NA28+NA27+Tyn+SBL+WH+Treg+TR+Byz	
3	16	5	NKO	ἀλλ᾽	all᾽	G0235	CONJ	ἀλλά	but	but	NA28+NA27+Tyn+SBL+WH+Treg+TR+Byz	
3	16	6	NKO	οὐ	ou	G3756	PRT-N	οὐ	no	surely	NA28+NA27+Tyn+SBL+WH+Treg+TR+Byz	
3	16	7	NKO	πάντες	pantes	G3956	A-NPM	πᾶς	all	all	NA28+NA27+Tyn+SBL+WH+Treg+TR+Byz	
3	16	8	NKO	οἱ	hoi	G3588	T-NPM	ὁ	the/this/who	those	NA28+NA27+Tyn+SBL+WH+Treg+TR+Byz	
3	16	9	NKO	ἐξελθόντες	exelthontes	G1831	V-2AAP-NPM	ἐξέρχομαι	to go out	having come	NA28+NA27+Tyn+SBL+WH+Treg+TR+Byz	
3	16	10	NKO	ἐξ	ex	G1537	PREP	ἐκ	out from	out of	NA28+NA27+Tyn+SBL+WH+Treg+TR+Byz	
3	16	11	NKO	Αἰγύπτου	Aiguptou	G0125	N-GSF-L	Αἴγυπτος	Egypt	Egypt	NA28+NA27+Tyn+SBL+WH+Treg+TR+Byz	
3	16	12	NKO	διὰ	dia	G1223	PREP	διά	through/because of	through	NA28+NA27+Tyn+SBL+WH+Treg+TR+Byz	
3	16	13	NKO	Μωϋσέως;	Mōuseōs	G3475	N-GSM-P	Μωϋσῆς, Μωσῆς	Moses	Moses?	NA28+NA27+Tyn+SBL+WH+Treg+TR+Byz	
3	17	1	NKO	τίσιν	tisin	G5101	I-DPM	τίς	which?	With whom	NA28+NA27+Tyn+SBL+WH+Treg+TR+Byz	
3	17	2	NKO	δὲ	de	G1161	CONJ	δέ	but/and	now	NA28+NA27+Tyn+SBL+WH+Treg+TR+Byz	
3	17	3	NKO	προσώχθισεν	prosōchthisen	G4360	V-AAI-3S	προσοχθίζω	be angry	was He indignant	NA28+NA27+Tyn+SBL+WH+Treg+TR+Byz	
3	17	4	NKO	τεσσεράκοντα	tesserakonta	G5062	A-NUI	τεσσαράκοντα	forty	forty	NA28+NA27+Tyn+SBL+WH+Treg+TR+Byz	
3	17	5	NKO	ἔτη;	etē	G2094	N-APN	ἔτος	year	years?	NA28+NA27+Tyn+SBL+WH+Treg+TR+Byz	
3	17	6	NKO	οὐχὶ	ouchi	G3780	PRT-N	οὐχί	not	Surely	NA28+NA27+Tyn+SBL+WH+Treg+TR+Byz	
3	17	7	NKO	τοῖς	tois	G3588	T-DPM	ὁ	the/this/who	with those	NA28+NA27+Tyn+SBL+WH+Treg+TR+Byz	
3	17	8	NKO	ἁμαρτήσασιν	hamartēsasin	G0264	V-AAP-DPM	ἁμαρτάνω	to sin	having sinned	NA28+NA27+Tyn+SBL+WH+Treg+TR+Byz	
3	17	9	NKO	ὧν	hōn	G3739	R-GPM	ὅς, ἥ	which	whose	NA28+NA27+Tyn+SBL+WH+Treg+TR+Byz	
3	17	10	NKO	τὰ	ta	G3588	T-NPN	ὁ	the/this/who	<the>	NA28+NA27+Tyn+SBL+WH+Treg+TR+Byz	
3	17	11	NKO	κῶλα	kōla	G2966	N-NPN	κῶλον	corpse	bodies	NA28+NA27+Tyn+SBL+WH+Treg+TR+Byz	
3	17	12	NKO	ἔπεσεν	epesen	G4098	V-2AAI-3S	πίπτω	to collapse	fell	NA28+NA27+Tyn+SBL+WH+Treg+TR+Byz	
3	17	13	NKO	ἐν	en	G1722	PREP	ἐν	in/on/among	in	NA28+NA27+Tyn+SBL+WH+Treg+TR+Byz	
3	17	14	NKO	τῇ	tēa	G3588	T-DSF	ὁ	the/this/who	the	NA28+NA27+Tyn+SBL+WH+Treg+TR+Byz	
3	17	15	NKO	ἐρήμῳ;	erēmō	G2048	A-DSF	ἔρημος	deserted	wilderness?	NA28+NA27+Tyn+SBL+WH+Treg+TR+Byz	
3	18	1	NKO	τίσιν	tisin	G5101	I-DPM	τίς	which?	To whom	NA28+NA27+Tyn+SBL+WH+Treg+TR+Byz	
3	18	2	NKO	δὲ	de	G1161	CONJ	δέ	but/and	then	NA28+NA27+Tyn+SBL+WH+Treg+TR+Byz	
3	18	3	NKO	ὤμοσεν	ōmosen	G3660	V-AAI-3S	ὄμνυμι	to swear	did He swear that	NA28+NA27+Tyn+SBL+WH+Treg+TR+Byz	
3	18	4	NKO	μὴ	mē	G3361	PRT-N	μή	not	not	NA28+NA27+Tyn+SBL+WH+Treg+TR+Byz	
3	18	5	NKO	εἰσελεύσεσθαι	eiseleusesthai	G1525	V-FDN	εἰσέρχομαι	to enter	to enter	NA28+NA27+Tyn+SBL+WH+Treg+TR+Byz	
3	18	6	NKO	εἰς	eis	G1519	PREP	εἰς	toward	into	NA28+NA27+Tyn+SBL+WH+Treg+TR+Byz	
3	18	7	NKO	τὴν	tēn	G3588	T-ASF	ὁ	the/this/who	the	NA28+NA27+Tyn+SBL+WH+Treg+TR+Byz	
3	18	8	NKO	κατάπαυσιν	katapausin	G2663	N-ASF	κατάπαυσις	rest	rest	NA28+NA27+Tyn+SBL+WH+Treg+TR+Byz	
3	18	9	NKO	αὐτοῦ	autou	G0846	P-GSM	αὐτός	he/she/it/self	of Him	NA28+NA27+Tyn+SBL+WH+Treg+TR+Byz	
3	18	10	NKO	εἰ	ei	G1487H	COND	εἰ	if	only	NA28+NA27+Tyn+SBL+WH+Treg+TR+Byz	
3	18	11	NKO	μὴ	mē	G3361	PRT-N	μή	not	except	NA28+NA27+Tyn+SBL+WH+Treg+TR+Byz	
3	18	12	NKO	τοῖς	tois	G3588	T-DPM	ὁ	the/this/who	to those	NA28+NA27+Tyn+SBL+WH+Treg+TR+Byz	
3	18	13	NKO	ἀπειθήσασιν;	apeithēsasin	G0544	V-AAP-DPM	ἀπειθέω	to disobey	having disobeyed?	NA28+NA27+Tyn+SBL+WH+Treg+TR+Byz	
3	19	1	NKO	καὶ	kai	G2532	CONJ	καί	and	And	NA28+NA27+Tyn+SBL+WH+Treg+TR+Byz	
3	19	2	NKO	βλέπομεν	blepomen	G0991	V-PAI-1P	βλέπω	to see	we see	NA28+NA27+Tyn+SBL+WH+Treg+TR+Byz	
3	19	3	NKO	ὅτι	hoti	G3754G	CONJ	ὅτι	that/since	that	NA28+NA27+Tyn+SBL+WH+Treg+TR+Byz	
3	19	4	NKO	οὐκ	ouk	G3756	PRT-N	οὐ	no	not	NA28+NA27+Tyn+SBL+WH+Treg+TR+Byz	
3	19	5	NKO	ἠδυνήθησαν	ēdunēthēsan	G1410	V-AOI-3P	δύναμαι	be able	they were able	NA28+NA27+Tyn+SBL+WH+Treg+TR+Byz	
3	19	6	NKO	εἰσελθεῖν	eiselthein	G1525	V-2AAN	εἰσέρχομαι	to enter	to enter in	NA28+NA27+Tyn+SBL+WH+Treg+TR+Byz	
3	19	7	NKO	δι᾽	di᾽	G1223	PREP	διά	through/because of	because of	NA28+NA27+Tyn+SBL+WH+Treg+TR+Byz	
3	19	8	NKO	ἀπιστίαν.¶	apistian	G0570	N-ASF	ἀπιστία	unbelief	unbelief.	NA28+NA27+Tyn+SBL+WH+Treg+TR+Byz	
4	1	1	NKO	Φοβηθῶμεν	Phobēthōmen	G5399	V-AOS-1P	φοβέω	to fear	We may fear	NA28+NA27+Tyn+SBL+WH+Treg+TR+Byz	
4	1	2	NKO	οὖν	oun	G3767	CONJ	οὖν	therefore/then	therefore	NA28+NA27+Tyn+SBL+WH+Treg+TR+Byz	
4	1	3	NKO	μήποτε	mēpote	G3361	PRT-N + G4218=PRT	μήποτε	lest + πότε=when	otherwise	NA28+NA27+Tyn+SBL+WH+Treg+TR+Byz	
4	1	4	NKO	καταλειπομένης	kataleipomenēs	G2641	V-PPP-GSF	καταλείπω	to leave behind	while is left remaining	NA28+NA27+Tyn+SBL+WH+Treg+TR+Byz	
4	1	5	NKO	ἐπαγγελίας	epangelias	G1860	N-GSF	ἐπαγγελία	promise	[the] promise	NA28+NA27+Tyn+SBL+WH+Treg+TR+Byz	
4	1	6	NKO	εἰσελθεῖν	eiselthein	G1525	V-2AAN	εἰσέρχομαι	to enter	to enter	NA28+NA27+Tyn+SBL+WH+Treg+TR+Byz	
4	1	7	NKO	εἰς	eis	G1519	PREP	εἰς	toward	into	NA28+NA27+Tyn+SBL+WH+Treg+TR+Byz	
4	1	8	NKO	τὴν	tēn	G3588	T-ASF	ὁ	the/this/who	the	NA28+NA27+Tyn+SBL+WH+Treg+TR+Byz	
4	1	9	NKO	κατάπαυσιν	katapausin	G2663	N-ASF	κατάπαυσις	rest	rest	NA28+NA27+Tyn+SBL+WH+Treg+TR+Byz	
4	1	10	NKO	αὐτοῦ,	autou	G0846	P-GSM	αὐτός	he/she/it/self	of Him,	NA28+NA27+Tyn+SBL+WH+Treg+TR+Byz	
4	1	11	NKO	δοκῇ	dokēa	G1380	V-PAS-3S	δοκέω	to think	may seem	NA28+NA27+Tyn+SBL+WH+Treg+TR+Byz	
4	1	12	NKO	τις	tis	G5100	X-NSM	τις	one	any	NA28+NA27+Tyn+SBL+WH+Treg+TR+Byz	
4	1	13	NKO	ἐξ	ex	G1537	PREP	ἐκ	out from	of	NA28+NA27+Tyn+SBL+WH+Treg+TR+Byz	
4	1	14	NKO	ὑμῶν	humōn	G4771	P-2GP	σύ	you	you	NA28+NA27+Tyn+SBL+WH+Treg+TR+Byz	
4	1	15	NKO	ὑστερηκέναι.	husterēkenai	G5302	V-RAN	ὑστερέω	to lack	to have fallen short.	NA28+NA27+Tyn+SBL+WH+Treg+TR+Byz	
4	2	1	NKO	καὶ	kai	G2532	CONJ	καί	and	And	NA28+NA27+Tyn+SBL+WH+Treg+TR+Byz	
4	2	2	NKO	γάρ	gar	G1063	CONJ	γάρ	for	for	NA28+NA27+Tyn+SBL+WH+Treg+TR+Byz	
4	2	3	NKO	ἐσμεν	esmen	G1510	V-PAI-1P	εἰμί	to be	we are	NA28+NA27+Tyn+SBL+WH+Treg+TR+Byz	
4	2	4	NKO	εὐηγγελισμένοι	euēngelismenoi	G2097	V-RPP-NPM	εὐαγγελίζομαι	to speak good news	evangelised	NA28+NA27+Tyn+SBL+WH+Treg+TR+Byz	
4	2	5	NKO	καθάπερ	kathaper	G2509	CONJ	καθάπερ	just as	just as	NA28+NA27+Tyn+SBL+WH+Treg+TR+Byz	
4	2	6	NKO	κἀκεῖνοι·	kakeinoi	G1565	D-NPM + G2532=CONJ	κἀκεῖνος	and that one	also they [were];	NA28+NA27+Tyn+SBL+WH+Treg+TR+Byz	
4	2	7	NKO	ἀλλ᾽	all᾽	G0235	CONJ	ἀλλά	but	but	NA28+NA27+Tyn+SBL+WH+Treg+TR+Byz	
4	2	8	NKO	οὐκ	ouk	G3756	PRT-N	οὐ	no	not	NA28+NA27+Tyn+SBL+WH+Treg+TR+Byz	
4	2	9	NKO	ὠφέλησεν	ōphelēsen	G5623	V-AAI-3S	ὠφελέω	to help	did profit	NA28+NA27+Tyn+SBL+WH+Treg+TR+Byz	
4	2	10	NKO	ὁ	ho	G3588	T-NSM	ὁ	the/this/who	the	NA28+NA27+Tyn+SBL+WH+Treg+TR+Byz	
4	2	11	NKO	λόγος	logos	G3056	N-NSM	λόγος	word	message	NA28+NA27+Tyn+SBL+WH+Treg+TR+Byz	
4	2	12	NKO	τῆς	tēs	G3588	T-GSF	ὁ	the/this/who	<the>	NA28+NA27+Tyn+SBL+WH+Treg+TR+Byz	
4	2	13	NKO	ἀκοῆς	akoēs	G0189	N-GSF	ἀκοή	hearing	of [their] hearing	NA28+NA27+Tyn+SBL+WH+Treg+TR+Byz	
4	2	14	NKO	ἐκείνους	ekeinous	G1565	D-APM	ἐκεῖνος	that	them	NA28+NA27+Tyn+SBL+WH+Treg+TR+Byz	
4	2	15	NKO	μὴ	mē	G3361	PRT-N	μή	not	not	NA28+NA27+Tyn+SBL+WH+Treg+TR+Byz	
4	2	16	N(k)O	συγκεκερασμένους	sugkekerasmenous	G4786	V-RPP-APM	συγκεράννυμι	to unite	united with	NA28+NA27+Tyn+SBL+WH+Treg+Byz	
4	2	17	NKO	τῇ	tēa	G3588	T-DSF	ὁ	the/this/who	the	NA28+NA27+Tyn+SBL+WH+Treg+TR+Byz	
4	2	18	NKO	πίστει	pistei	G4102G	N-DSF	πίστις	faith	faith	NA28+NA27+Tyn+SBL+WH+Treg+TR+Byz	
4	2	19	NKO	τοῖς	tois	G3588	T-DPM	ὁ	the/this/who	of those	NA28+NA27+Tyn+SBL+WH+Treg+TR+Byz	
4	2	20	NKO	ἀκούσασιν.	akousasin	G0191	V-AAP-DPM	ἀκούω	to hear	having heard.	NA28+NA27+Tyn+SBL+WH+Treg+TR+Byz	
4	3	1	NKO	Εἰσερχόμεθα	Eiserchometha	G1525	V-PNI-1P	εἰσέρχομαι	to enter	We enter	NA28+NA27+Tyn+SBL+WH+Treg+TR+Byz	
4	3	2	NKO	γὰρ	gar	G1063	CONJ	γάρ	for	for	NA28+NA27+Tyn+SBL+WH+Treg+TR+Byz	
4	3	3	NKO	εἰς	eis	G1519	PREP	εἰς	toward	into	NA28+NA27+Tyn+SBL+WH+Treg+TR+Byz	
4	3	4	NKO	τὴν	tēn	G3588	T-ASF	ὁ	the/this/who	the	NA28+NA27+Tyn+WH+Treg+TR+Byz	
4	3	5	NKO	κατάπαυσιν	katapausin	G2663	N-ASF	κατάπαυσις	rest	rest	NA28+NA27+Tyn+SBL+WH+Treg+TR+Byz	
4	3	6	NKO	οἱ	hoi	G3588	T-NPM	ὁ	the/this/who	those	NA28+NA27+Tyn+SBL+WH+Treg+TR+Byz	
4	3	7	NKO	πιστεύσαντες	pisteusantes	G4100	V-AAP-NPM	πιστεύω	to trust (in)	having believed	NA28+NA27+Tyn+SBL+WH+Treg+TR+Byz	
4	3	8	NKO	καθὼς	kathōs	G2531	CONJ	καθώς	as/just as	even as	NA28+NA27+Tyn+SBL+WH+Treg+TR+Byz	
4	3	9	NKO	εἴρηκεν·	eirēken	G2046	V-RAI-3S	ἔπω, ἐρῶ, εἶπον	to say	He has said:	NA28+NA27+Tyn+SBL+WH+Treg+TR+Byz	
4	3	10	NKO	ὡς	hōs	G5613	PRT	ὡς	which/how	So	NA28+NA27+Tyn+SBL+WH+Treg+TR+Byz	
4	3	11	NKO	ὤμοσα	ōmosa	G3660	V-AAI-1S	ὄμνυμι	to swear	I swore	NA28+NA27+Tyn+SBL+WH+Treg+TR+Byz	
4	3	12	NKO	ἐν	en	G1722	PREP	ἐν	in/on/among	in	NA28+NA27+Tyn+SBL+WH+Treg+TR+Byz	
4	3	13	NKO	τῇ	tēa	G3588	T-DSF	ὁ	the/this/who	the	NA28+NA27+Tyn+SBL+WH+Treg+TR+Byz	
4	3	14	NKO	ὀργῇ	orgēa	G3709	N-DSF	ὀργή	wrath	wrath	NA28+NA27+Tyn+SBL+WH+Treg+TR+Byz	
4	3	15	NKO	μου·	mou	G3165	P-1GS	ἐγώ	I/we	of mine;	NA28+NA27+Tyn+SBL+WH+Treg+TR+Byz	
4	3	16	NKO	εἰ	ei	G1487H	COND	εἰ	if	Not	NA28+NA27+Tyn+SBL+WH+Treg+TR+Byz	
4	3	17	NKO	εἰσελεύσονται	eiseleusontai	G1525	V-FDI-3P	εἰσέρχομαι	to enter	will they enter	NA28+NA27+Tyn+SBL+WH+Treg+TR+Byz	
4	3	18	NKO	εἰς	eis	G1519	PREP	εἰς	toward	into	NA28+NA27+Tyn+SBL+WH+Treg+TR+Byz	
4	3	19	NKO	τὴν	tēn	G3588	T-ASF	ὁ	the/this/who	the	NA28+NA27+Tyn+SBL+WH+Treg+TR+Byz	
4	3	20	NKO	κατάπαυσίν	katapausin	G2663	N-ASF	κατάπαυσις	rest	rest	NA28+NA27+Tyn+SBL+WH+Treg+TR+Byz	
4	3	21	NKO	μου·	mou	G3165	P-1GS	ἐγώ	I/we	of Mine;	NA28+NA27+Tyn+SBL+WH+Treg+TR+Byz	
4	3	22	NKO	καίτοι	kaitoi	G2532	CONJ + G5104=PRT	καί	and + τοι=yet	and yet	NA28+NA27+Tyn+SBL+WH+Treg+TR+Byz	
4	3	23	NKO	τῶν	tōn	G3588	T-GPN	ὁ	the/this/who	the	NA28+NA27+Tyn+SBL+WH+Treg+TR+Byz	
4	3	24	NKO	ἔργων	ergōn	G2041	N-GPN	ἔργον	work	works	NA28+NA27+Tyn+SBL+WH+Treg+TR+Byz	
4	3	25	NKO	ἀπὸ	apo	G0575	PREP	ἀπό	away from	from	NA28+NA27+Tyn+SBL+WH+Treg+TR+Byz	
4	3	26	NKO	καταβολῆς	katabolēs	G2602	N-GSF	καταβολή	beginning	[the] foundation	NA28+NA27+Tyn+SBL+WH+Treg+TR+Byz	
4	3	27	NKO	κόσμου	kosmou	G2889	N-GSM	κόσμος	world	of [the] world	NA28+NA27+Tyn+SBL+WH+Treg+TR+Byz	
4	3	28	NKO	γενηθέντων.	genēthentōn	G1096	V-AOP-GPN	γίνομαι	to be	have been finished.	NA28+NA27+Tyn+SBL+WH+Treg+TR+Byz	
4	4	1	NKO	εἴρηκεν	eirēken	G2046	V-RAI-3S	ἔπω, ἐρῶ, εἶπον	to say	He has spoken	NA28+NA27+Tyn+SBL+WH+Treg+TR+Byz	
4	4	2	NKO	γάρ	gar	G1063	CONJ	γάρ	for	for	NA28+NA27+Tyn+SBL+WH+Treg+TR+Byz	
4	4	3	NKO	που	pou	G4225	ADV	πού	somewhere	somewhere	NA28+NA27+Tyn+SBL+WH+Treg+TR+Byz	
4	4	4	NKO	περὶ	peri	G4012	PREP	περί	about	concerning	NA28+NA27+Tyn+SBL+WH+Treg+TR+Byz	
4	4	5	NKO	τῆς	tēs	G3588	T-GSF	ὁ	the/this/who	the	NA28+NA27+Tyn+SBL+WH+Treg+TR+Byz	
4	4	6	NKO	ἑβδόμης	hebdomēs	G1442	A-GSF	ἕβδομος	seventh	seventh [day]	NA28+NA27+Tyn+SBL+WH+Treg+TR+Byz	
4	4	7	NKO	οὕτως·	houtōs	G3779	ADV	οὕτω, οὕτως	thus(-ly)	in this way;	NA28+NA27+Tyn+SBL+WH+Treg+TR+Byz	
4	4	8	NKO	καὶ	kai	G2532	CONJ	καί	and	And	NA28+NA27+Tyn+SBL+WH+Treg+TR+Byz	
4	4	9	NKO	κατέπαυσεν	katepausen	G2664	V-AAI-3S	καταπαύω	to keep from	rested	NA28+NA27+Tyn+SBL+WH+Treg+TR+Byz	
4	4	10	NKO	ὁ	ho	G3588	T-NSM	ὁ	the/this/who	<the>	NA28+NA27+Tyn+SBL+WH+Treg+TR+Byz	
4	4	11	NKO	θεὸς	theos	G2316	N-NSM-T	θεός	God	God	NA28+NA27+Tyn+SBL+WH+Treg+TR+Byz	
4	4	12	NKO	ἐν	en	G1722	PREP	ἐν	in/on/among	on	NA28+NA27+Tyn+SBL+WH+Treg+TR+Byz	
4	4	13	NKO	τῇ	tēa	G3588	T-DSF	ὁ	the/this/who	the	NA28+NA27+Tyn+SBL+WH+Treg+TR+Byz	
4	4	14	NKO	ἡμέρᾳ	hēmera	G2250	N-DSF	ἡμέρα	day	day	NA28+NA27+Tyn+SBL+WH+Treg+TR+Byz	
4	4	15	NKO	τῇ	tēa	G3588	T-DSF	ὁ	the/this/who	<the>	NA28+NA27+Tyn+SBL+WH+Treg+TR+Byz	
4	4	16	NKO	ἑβδόμῃ	hebdomē	G1442	A-DSF	ἕβδομος	seventh	seventh	NA28+NA27+Tyn+SBL+WH+Treg+TR+Byz	
4	4	17	NKO	ἀπὸ	apo	G0575	PREP	ἀπό	away from	from	NA28+NA27+Tyn+SBL+WH+Treg+TR+Byz	
4	4	18	NKO	πάντων	pantōn	G3956	A-GPN	πᾶς	all	all	NA28+NA27+Tyn+SBL+WH+Treg+TR+Byz	
4	4	19	NKO	τῶν	tōn	G3588	T-GPN	ὁ	the/this/who	the	NA28+NA27+Tyn+SBL+WH+Treg+TR+Byz	
4	4	20	NKO	ἔργων	ergōn	G2041	N-GPN	ἔργον	work	works	NA28+NA27+Tyn+SBL+WH+Treg+TR+Byz	
4	4	21	NKO	αὐτοῦ.	autou	G0846	P-GSM	αὐτός	he/she/it/self	of Him.	NA28+NA27+Tyn+SBL+WH+Treg+TR+Byz	
4	5	1	NKO	καὶ	kai	G2532	CONJ	καί	and	And	NA28+NA27+Tyn+SBL+WH+Treg+TR+Byz	
4	5	2	NKO	ἐν	en	G1722	PREP	ἐν	in/on/among	in	NA28+NA27+Tyn+SBL+WH+Treg+TR+Byz	
4	5	3	NKO	τούτῳ	toutō	G3778	D-DSM	οὗτος	this/he/she/it	this [passage]	NA28+NA27+Tyn+SBL+WH+Treg+TR+Byz	
4	5	4	NKO	πάλιν·	palin	G3825	ADV	πάλιν	again	again;	NA28+NA27+Tyn+SBL+WH+Treg+TR+Byz	
4	5	5	NKO	εἰ	ei	G1487H	COND	εἰ	if	[Not]	NA28+NA27+Tyn+SBL+WH+Treg+TR+Byz	
4	5	6	NKO	εἰσελεύσονται	eiseleusontai	G1525	V-FDI-3P	εἰσέρχομαι	to enter	will they enter	NA28+NA27+Tyn+SBL+WH+Treg+TR+Byz	
4	5	7	NKO	εἰς	eis	G1519	PREP	εἰς	toward	into	NA28+NA27+Tyn+SBL+WH+Treg+TR+Byz	
4	5	8	NKO	τὴν	tēn	G3588	T-ASF	ὁ	the/this/who	the	NA28+NA27+Tyn+SBL+WH+Treg+TR+Byz	
4	5	9	NKO	κατάπαυσίν	katapausin	G2663	N-ASF	κατάπαυσις	rest	rest	NA28+NA27+Tyn+SBL+WH+Treg+TR+Byz	
4	5	10	NKO	μου.	mou	G3165	P-1GS	ἐγώ	I/we	of Mine.	NA28+NA27+Tyn+SBL+WH+Treg+TR+Byz	
4	6	1	NKO	ἐπεὶ	epei	G1893	CONJ	ἐπεί	since	Since	NA28+NA27+Tyn+SBL+WH+Treg+TR+Byz	
4	6	2	NKO	οὖν	oun	G3767	CONJ	οὖν	therefore/then	therefore	NA28+NA27+Tyn+SBL+WH+Treg+TR+Byz	
4	6	3	NKO	ἀπολείπεται	apoleipetai	G0620	V-PPI-3S	ἀπολείπω	to leave	it remains [for]	NA28+NA27+Tyn+SBL+WH+Treg+TR+Byz	
4	6	4	NKO	τινὰς	tinas	G5100	X-APM	τις	one	some	NA28+NA27+Tyn+SBL+WH+Treg+TR+Byz	
4	6	5	NKO	εἰσελθεῖν	eiselthein	G1525	V-2AAN	εἰσέρχομαι	to enter	to enter	NA28+NA27+Tyn+SBL+WH+Treg+TR+Byz	
4	6	6	NKO	εἰς	eis	G1519	PREP	εἰς	toward	into	NA28+NA27+Tyn+SBL+WH+Treg+TR+Byz	
4	6	7	NKO	αὐτὴν	autēn	G0846	P-ASF	αὐτός	he/she/it/self	it	NA28+NA27+Tyn+SBL+WH+Treg+TR+Byz	
4	6	8	NKO	καὶ	kai	G2532	CONJ	καί	and	and	NA28+NA27+Tyn+SBL+WH+Treg+TR+Byz	
4	6	9	NKO	οἱ	hoi	G3588	T-NPM	ὁ	the/this/who	those	NA28+NA27+Tyn+SBL+WH+Treg+TR+Byz	
4	6	10	NKO	πρότερον	proteron	G4386	ADV-C	πρότερον	previously	formerly	NA28+NA27+Tyn+SBL+WH+Treg+TR+Byz	
4	6	11	NKO	εὐαγγελισθέντες	euangelisthentes	G2097	V-APP-NPM	εὐαγγελίζομαι	to speak good news	having been evangelised	NA28+NA27+Tyn+SBL+WH+Treg+TR+Byz	
4	6	12	NKO	οὐκ	ouk	G3756	PRT-N	οὐ	no	not	NA28+NA27+Tyn+SBL+WH+Treg+TR+Byz	
4	6	13	NKO	εἰσῆλθον	eisēlthon	G1525	V-2AAI-3P	εἰσέρχομαι	to enter	they did enter in	NA28+NA27+Tyn+SBL+WH+Treg+TR+Byz	
4	6	14	NKO	δι᾽	di᾽	G1223	PREP	διά	through/because of	because of	NA28+NA27+Tyn+SBL+WH+Treg+TR+Byz	
4	6	15	NKO	ἀπείθειαν,	apeitheian	G0543	N-ASF	ἀπείθεια	disobedience	disobedience,	NA28+NA27+Tyn+SBL+WH+Treg+TR+Byz	
4	7	1	NKO	πάλιν	palin	G3825	ADV	πάλιν	again	again	NA28+NA27+Tyn+SBL+WH+Treg+TR+Byz	
4	7	2	NKO	τινὰ	tina	G5100	X-ASF	τις	one	a certain	NA28+NA27+Tyn+SBL+WH+Treg+TR+Byz	
4	7	3	NKO	ὁρίζει	horizei	G3724	V-PAI-3S	ὁρίζω	to determine	He appoints	NA28+NA27+Tyn+SBL+WH+Treg+TR+Byz	
4	7	4	NKO	ἡμέραν·	hēmeran	G2250	N-ASF	ἡμέρα	day	day:	NA28+NA27+Tyn+SBL+WH+Treg+TR+Byz	
4	7	5	NKO	σήμερον,	sēmeron	G4594	ADV	σήμερον	today	Today,	NA28+NA27+Tyn+SBL+WH+Treg+TR+Byz	
4	7	6	NKO	ἐν	en	G1722	PREP	ἐν	in/on/among	through	NA28+NA27+Tyn+SBL+WH+Treg+TR+Byz	
4	7	7	NKO	Δαυὶδ	Dauid	G1138	N-DSM-P	Δαυείδ, Δαυίδ, Δαβίδ	David	David	NA28+NA27+Tyn+SBL+WH+Treg+TR+Byz	
4	7	8	NKO	λέγων·	legōn	G3004G	V-PAP-NSM	λέγω	to speak	saying:	NA28+NA27+Tyn+SBL+WH+Treg+TR+Byz	
4	7	9	NKO	μετὰ	meta	G3326	PREP	μετά	with/after	after	NA28+NA27+Tyn+SBL+WH+Treg+TR+Byz	
4	7	10	NKO	τοσοῦτον	tosouton	G5118	K-ASM	τοσοῦτος	so great	so long	NA28+NA27+Tyn+SBL+WH+Treg+TR+Byz	
4	7	11	NKO	χρόνον,	chronon	G5550	N-ASM	χρόνος	time	a time,	NA28+NA27+Tyn+SBL+WH+Treg+TR+Byz	
4	7	12	NKO	καθὼς	kathōs	G2531	CONJ	καθώς	as/just as	even as	NA28+NA27+Tyn+SBL+WH+Treg+TR+Byz	
4	7	13	N(K)O	προείρηται,	proeirētai	G4280	V-RPI-3S	προερέω	to predict	it has been predicted,	NA28+NA27+Tyn+SBL+WH+Treg	
4	7	14	NKO	σήμερον	sēmeron	G4594	ADV	σήμερον	today	Today	NA28+NA27+Tyn+SBL+WH+Treg+TR+Byz	
4	7	15	NKO	ἐὰν	ean	G1437	COND	ἐάν	if	if	NA28+NA27+Tyn+SBL+WH+Treg+TR+Byz	
4	7	16	NKO	τῆς	tēs	G3588	T-GSF	ὁ	the/this/who	the	NA28+NA27+Tyn+SBL+WH+Treg+TR+Byz	
4	7	17	NKO	φωνῆς	phōnēs	G5456G	N-GSF	φωνή	voice/sound	voice	NA28+NA27+Tyn+SBL+WH+Treg+TR+Byz	
4	7	18	NKO	αὐτοῦ	autou	G0846	P-GSM	αὐτός	he/she/it/self	of Him	NA28+NA27+Tyn+SBL+WH+Treg+TR+Byz	
4	7	19	NKO	ἀκούσητε,	akousēte	G0191	V-AAS-2P	ἀκούω	to hear	you shall hear,	NA28+NA27+Tyn+SBL+WH+Treg+TR+Byz	
4	7	20	NKO	μὴ	mē	G3361	PRT-N	μή	not	not	NA28+NA27+Tyn+SBL+WH+Treg+TR+Byz	
4	7	21	NKO	σκληρύνητε	sklērunēte	G4645	V-AAS-2P	σκληρύνω	to harden	shall harden	NA28+NA27+Tyn+SBL+WH+Treg+TR+Byz	
4	7	22	NKO	τὰς	tas	G3588	T-APF	ὁ	the/this/who	the	NA28+NA27+Tyn+SBL+WH+Treg+TR+Byz	
4	7	23	NKO	καρδίας	kardias	G2588	N-APF	καρδία	heart	hearts	NA28+NA27+Tyn+SBL+WH+Treg+TR+Byz	
4	7	24	NKO	ὑμῶν.¶	humōn	G4771	P-2GP	σύ	you	of you.	NA28+NA27+Tyn+SBL+WH+Treg+TR+Byz	
4	8	1	NKO	Εἰ	Ei	G1487G	COND	εἰ	if	If	NA28+NA27+Tyn+SBL+WH+Treg+TR+Byz	
4	8	2	NKO	γὰρ	gar	G1063	CONJ	γάρ	for	for	NA28+NA27+Tyn+SBL+WH+Treg+TR+Byz	
4	8	3	NKO	αὐτοὺς	autous	G0846	P-APM	αὐτός	he/she/it/self	to them	NA28+NA27+Tyn+SBL+WH+Treg+TR+Byz	
4	8	4	NKO	Ἰησοῦς	Iēsous	G2424I	N-NSM-P	Ἰησοῦς	Jesus/Joshua	Joshua	NA28+NA27+Tyn+SBL+WH+Treg+TR+Byz	
4	8	5	NKO	κατέπαυσεν,	katepausen	G2664	V-AAI-3S	καταπαύω	to keep from	gave rest,	NA28+NA27+Tyn+SBL+WH+Treg+TR+Byz	
4	8	6	NKO	οὐκ	ouk	G3756	PRT-N	οὐ	no	not	NA28+NA27+Tyn+SBL+WH+Treg+TR+Byz	
4	8	7	NKO	ἂν	an	G0302	PRT	ἄν	if	then would	NA28+NA27+Tyn+SBL+WH+Treg+TR+Byz	
4	8	8	NKO	περὶ	peri	G4012	PREP	περί	about	about	NA28+NA27+Tyn+SBL+WH+Treg+TR+Byz	
4	8	9	NKO	ἄλλης	allēs	G0243	A-GSF	ἄλλος	another	another	NA28+NA27+Tyn+SBL+WH+Treg+TR+Byz	
4	8	10	NKO	ἐλάλει	elalei	G2980	V-IAI-3S	λαλέω	to speak	was he speaking	NA28+NA27+Tyn+SBL+WH+Treg+TR+Byz	
4	8	11	NKO	μετὰ	meta	G3326	PREP	μετά	with/after	after	NA28+NA27+Tyn+SBL+WH+Treg+TR+Byz	
4	8	12	NKO	ταῦτα	tauta	G3778	D-APN	οὗτος	this/he/she/it	this	NA28+NA27+Tyn+SBL+WH+Treg+TR+Byz	
4	8	13	NKO	ἡμέρας·	hēmeras	G2250	N-GSF	ἡμέρα	day	day;	NA28+NA27+Tyn+SBL+WH+Treg+TR+Byz	
4	9	1	NKO	ἄρα	ara	G0686	CONJ	ἄρα	therefore	So then	NA28+NA27+Tyn+SBL+WH+Treg+TR+Byz	
4	9	2	NKO	ἀπολείπεται	apoleipetai	G0620	V-PPI-3S	ἀπολείπω	to leave	there remains	NA28+NA27+Tyn+SBL+WH+Treg+TR+Byz	
4	9	3	NKO	σαββατισμὸς	sabbatismos	G4520	N-NSM	σαββατισμός	Sabbath	a Sabbath rest	NA28+NA27+Tyn+SBL+WH+Treg+TR+Byz	
4	9	4	NKO	τῷ	tō	G3588	T-DSM	ὁ	the/this/who	for the	NA28+NA27+Tyn+SBL+WH+Treg+TR+Byz	
4	9	5	NKO	λαῷ	laō	G2992	N-DSM	λαός	a people	people	NA28+NA27+Tyn+SBL+WH+Treg+TR+Byz	
4	9	6	NKO	τοῦ	tou	G3588	T-GSM	ὁ	the/this/who	<the>	NA28+NA27+Tyn+SBL+WH+Treg+TR+Byz	
4	9	7	NKO	θεοῦ.	theou	G2316	N-GSM-T	θεός	God	of God.	NA28+NA27+Tyn+SBL+WH+Treg+TR+Byz	
4	10	1	NKO	ὁ	ho	G3588	T-NSM	ὁ	the/this/who	The [one]	NA28+NA27+Tyn+SBL+WH+Treg+TR+Byz	
4	10	2	NKO	γὰρ	gar	G1063	CONJ	γάρ	for	for	NA28+NA27+Tyn+SBL+WH+Treg+TR+Byz	
4	10	3	NKO	εἰσελθὼν	eiselthōn	G1525	V-2AAP-NSM	εἰσέρχομαι	to enter	having entered	NA28+NA27+Tyn+SBL+WH+Treg+TR+Byz	
4	10	4	NKO	εἰς	eis	G1519	PREP	εἰς	toward	into	NA28+NA27+Tyn+SBL+WH+Treg+TR+Byz	
4	10	5	NKO	τὴν	tēn	G3588	T-ASF	ὁ	the/this/who	the	NA28+NA27+Tyn+SBL+WH+Treg+TR+Byz	
4	10	6	NKO	κατάπαυσιν	katapausin	G2663	N-ASF	κατάπαυσις	rest	rest	NA28+NA27+Tyn+SBL+WH+Treg+TR+Byz	
4	10	7	NKO	αὐτοῦ	autou	G0846	P-GSM	αὐτός	he/she/it/self	of Him	NA28+NA27+Tyn+SBL+WH+Treg+TR+Byz	
4	10	8	NKO	καὶ	kai	G2532	CONJ	καί	and	also	NA28+NA27+Tyn+SBL+WH+Treg+TR+Byz	
4	10	9	NKO	αὐτὸς	autos	G0846	P-NSM	αὐτός	he/she/it/self	he himself	NA28+NA27+Tyn+SBL+WH+Treg+TR+Byz	
4	10	10	NKO	κατέπαυσεν	katepausen	G2664	V-AAI-3S	καταπαύω	to keep from	rested	NA28+NA27+Tyn+SBL+WH+Treg+TR+Byz	
4	10	11	NKO	ἀπὸ	apo	G0575	PREP	ἀπό	away from	from	NA28+NA27+Tyn+SBL+WH+Treg+TR+Byz	
4	10	12	NKO	τῶν	tōn	G3588	T-GPN	ὁ	the/this/who	the	NA28+NA27+Tyn+SBL+WH+Treg+TR+Byz	
4	10	13	NKO	ἔργων	ergōn	G2041	N-GPN	ἔργον	work	works	NA28+NA27+Tyn+SBL+WH+Treg+TR+Byz	
4	10	14	NKO	αὐτοῦ	autou	G0846	P-GSM	αὐτός	he/she/it/self	of him	NA28+NA27+Tyn+SBL+WH+Treg+TR+Byz	
4	10	15	NKO	ὥσπερ	hōsper	G5618	CONJ	ὥσπερ	just as	as	NA28+NA27+Tyn+SBL+WH+Treg+TR+Byz	
4	10	16	NKO	ἀπὸ	apo	G0575	PREP	ἀπό	away from	from	NA28+NA27+Tyn+SBL+WH+Treg+TR+Byz	
4	10	17	NKO	τῶν	tōn	G3588	T-GPN	ὁ	the/this/who	<the>	NA28+NA27+Tyn+SBL+WH+Treg+TR+Byz	
4	10	18	NKO	ἰδίων	idiōn	G2398	A-GPN	ἴδιος	one's own/private	[His] own	NA28+NA27+Tyn+SBL+WH+Treg+TR+Byz	
4	10	19	NKO	ὁ	ho	G3588	T-NSM	ὁ	the/this/who	<the>	NA28+NA27+Tyn+SBL+WH+Treg+TR+Byz	
4	10	20	NKO	θεός.¶	theos	G2316	N-NSM-T	θεός	God	God [did].	NA28+NA27+Tyn+SBL+WH+Treg+TR+Byz	
4	11	1	NKO	Σπουδάσωμεν	Spoudasōmen	G4704	V-AAS-1P	σπουδάζω	be eager	We may be diligent	NA28+NA27+Tyn+SBL+WH+Treg+TR+Byz	
4	11	2	NKO	οὖν	oun	G3767	CONJ	οὖν	therefore/then	therefore	NA28+NA27+Tyn+SBL+WH+Treg+TR+Byz	
4	11	3	NKO	εἰσελθεῖν	eiselthein	G1525	V-2AAN	εἰσέρχομαι	to enter	to enter	NA28+NA27+Tyn+SBL+WH+Treg+TR+Byz	
4	11	4	NKO	εἰς	eis	G1519	PREP	εἰς	toward	into	NA28+NA27+Tyn+SBL+WH+Treg+TR+Byz	
4	11	5	NKO	ἐκείνην	ekeinēn	G1565	D-ASF	ἐκεῖνος	that	that [very]	NA28+NA27+Tyn+SBL+WH+Treg+TR+Byz	
4	11	6	NKO	τὴν	tēn	G3588	T-ASF	ὁ	the/this/who	<the>	NA28+NA27+Tyn+SBL+WH+Treg+TR+Byz	
4	11	7	NKO	κατάπαυσιν,	katapausin	G2663	N-ASF	κατάπαυσις	rest	rest,	NA28+NA27+Tyn+SBL+WH+Treg+TR+Byz	
4	11	8	NKO	ἵνα	ina	G2443	CONJ	ἵνα	in order that/to	so that	NA28+NA27+Tyn+SBL+WH+Treg+TR+Byz	
4	11	9	NKO	μὴ	mē	G3361	PRT-N	μή	not	not	NA28+NA27+Tyn+SBL+WH+Treg+TR+Byz	
4	11	10	NKO	ἐν	en	G1722	PREP	ἐν	in/on/among	by	NA28+NA27+Tyn+SBL+WH+Treg+TR+Byz	
4	11	11	NKO	τῷ	tō	G3588	T-DSN	ὁ	the/this/who	the	NA28+NA27+Tyn+SBL+WH+Treg+TR+Byz	
4	11	12	NKO	αὐτῷ	autō	G0846	P-DSN	αὐτός	he/she/it/self	same	NA28+NA27+Tyn+SBL+WH+Treg+TR+Byz	
4	11	13	NKO	τις	tis	G5100	X-NSM	τις	one	anyone	NA28+NA27+Tyn+SBL+WH+Treg+TR+Byz	
4	11	14	NKO	ὑποδείγματι	hupodeigmati	G5262	N-DSN	ὑπόδειγμα	example	example	NA28+NA27+Tyn+SBL+WH+Treg+TR+Byz	
4	11	15	NKO	πέσῃ	pesē	G4098	V-2AAS-3S	πίπτω	to collapse	may fall	NA28+NA27+Tyn+SBL+WH+Treg+TR+Byz	
4	11	16	NKO	τῆς	tēs	G3588	T-GSF	ὁ	the/this/who	<the>	NA28+NA27+Tyn+SBL+WH+Treg+TR+Byz	
4	11	17	NKO	ἀπειθείας.	apeitheias	G0543	N-GSF	ἀπείθεια	disobedience	of disobedience.	NA28+NA27+Tyn+SBL+WH+Treg+TR+Byz	
4	12	1	NKO	ζῶν	zōn	G2198	V-PAP-NSM	ζάω	to live	Living [is]	NA28+NA27+Tyn+SBL+WH+Treg+TR+Byz	
4	12	2	NKO	γὰρ	gar	G1063	CONJ	γάρ	for	for	NA28+NA27+Tyn+SBL+WH+Treg+TR+Byz	
4	12	3	NKO	ὁ	ho	G3588	T-NSM	ὁ	the/this/who	the	NA28+NA27+Tyn+SBL+WH+Treg+TR+Byz	
4	12	4	NKO	λόγος	logos	G3056	N-NSM	λόγος	word	word	NA28+NA27+Tyn+SBL+WH+Treg+TR+Byz	
4	12	5	NKO	τοῦ	tou	G3588	T-GSM	ὁ	the/this/who	<the>	NA28+NA27+Tyn+SBL+WH+Treg+TR+Byz	
4	12	6	NKO	θεοῦ	theou	G2316	N-GSM-T	θεός	God	of God	NA28+NA27+Tyn+SBL+WH+Treg+TR+Byz	
4	12	7	NKO	καὶ	kai	G2532	CONJ	καί	and	and	NA28+NA27+Tyn+SBL+WH+Treg+TR+Byz	
4	12	8	NKO	ἐνεργὴς	energēs	G1756	A-NSM	ἐνεργής, ἐναργής	effective	active	NA28+NA27+Tyn+SBL+WH+Treg+TR+Byz	
4	12	9	NKO	καὶ	kai	G2532	CONJ	καί	and	and	NA28+NA27+Tyn+SBL+WH+Treg+TR+Byz	
4	12	10	NKO	τομώτερος	tomōteros	G5114	A-NSM-C	τομώτερος	sharper	sharper	NA28+NA27+Tyn+SBL+WH+Treg+TR+Byz	
4	12	11	NKO	ὑπὲρ	huper	G5228	PREP	ὑπέρ	above/for	than	NA28+NA27+Tyn+SBL+WH+Treg+TR+Byz	
4	12	12	NKO	πᾶσαν	pasan	G3956	A-ASF	πᾶς	all	any	NA28+NA27+Tyn+SBL+WH+Treg+TR+Byz	
4	12	13	NKO	μάχαιραν	machairan	G3162	N-ASF	μάχαιρα	sword	sword	NA28+NA27+Tyn+SBL+WH+Treg+TR+Byz	
4	12	14	NKO	δίστομον	distomon	G1366	A-ASF	δίστομος	double-edged	two-edged	NA28+NA27+Tyn+SBL+WH+Treg+TR+Byz	
4	12	15	NKO	καὶ	kai	G2532	CONJ	καί	and	even	NA28+NA27+Tyn+SBL+WH+Treg+TR+Byz	
4	12	16	NKO	διϊκνούμενος	diiknoumenos	G1338	V-PNP-NSM	διϊκνέομαι	to penetrate	penetrating	NA28+NA27+Tyn+SBL+WH+Treg+TR+Byz	
4	12	17	NKO	ἄχρι	achri	G0891	PREP	ἄχρι	until	as far as	NA28+NA27+Tyn+SBL+WH+Treg+TR+Byz	
4	12	18	NKO	μερισμοῦ	merismou	G3311	N-GSM	μερισμός	division	[the] division	NA28+NA27+Tyn+SBL+WH+Treg+TR+Byz	
4	12	19	NKO	ψυχῆς	psuchēs	G5590G	N-GSF	ψυχή	soul	of soul	NA28+NA27+Tyn+SBL+WH+Treg+TR+Byz	
4	12	20	k	τε	te	G5037	CONJ	τε	and/both	then	TR+Byz	
4	12	21	NKO	καὶ	kai	G2532	CONJ	καί	and	and	NA28+NA27+Tyn+SBL+WH+Treg+TR+Byz	
4	12	22	NKO	πνεύματος,	pneumatos	G4151G	N-GSN	πνεῦμα	spirit/breath	spirit,	NA28+NA27+Tyn+SBL+WH+Treg+TR+Byz	
4	12	23	NKO	ἁρμῶν	harmōn	G0719	N-GPM	ἁρμός	joint	of joints	NA28+NA27+Tyn+SBL+WH+Treg+TR+Byz	
4	12	24	NKO	τε	te	G5037	CONJ	τε	and/both	and	NA28+NA27+Tyn+SBL+WH+Treg+TR+Byz	
4	12	25	NKO	καὶ	kai	G2532	CONJ	καί	and	also	NA28+NA27+Tyn+SBL+WH+Treg+TR+Byz	
4	12	26	NKO	μυελῶν,	muelōn	G3452	N-GPM	μυελός	marrow	marrows,	NA28+NA27+Tyn+SBL+WH+Treg+TR+Byz	
4	12	27	NKO	καὶ	kai	G2532	CONJ	καί	and	and	NA28+NA27+Tyn+SBL+WH+Treg+TR+Byz	
4	12	28	NKO	κριτικὸς	kritikos	G2924	A-NSM	κριτικός	discerning	able to judge	NA28+NA27+Tyn+SBL+WH+Treg+TR+Byz	
4	12	29	NKO	ἐνθυμήσεων	enthumēseōn	G1761	N-GPF	ἐνθύμησις	reflection	[the] thoughts	NA28+NA27+Tyn+SBL+WH+Treg+TR+Byz	
4	12	30	NKO	καὶ	kai	G2532	CONJ	καί	and	and	NA28+NA27+Tyn+SBL+WH+Treg+TR+Byz	
4	12	31	NKO	ἐννοιῶν	ennoiōn	G1771	N-GPF	ἔννοια	thought/purpose	intentions	NA28+NA27+Tyn+SBL+WH+Treg+TR+Byz	
4	12	32	NKO	καρδίας·	kardias	G2588	N-GSF	καρδία	heart	of [the] heart;	NA28+NA27+Tyn+SBL+WH+Treg+TR+Byz	
4	13	1	NKO	καὶ	kai	G2532	CONJ	καί	and	And	NA28+NA27+Tyn+SBL+WH+Treg+TR+Byz	
4	13	2	NKO	οὐκ	ouk	G3756	PRT-N	οὐ	no	not	NA28+NA27+Tyn+SBL+WH+Treg+TR+Byz	
4	13	3	NKO	ἔστιν	estin	G1510	V-PAI-3S	εἰμί	to be	there is	NA28+NA27+Tyn+SBL+WH+Treg+TR+Byz	
4	13	4	NKO	κτίσις	ktisis	G2937	N-NSF	κτίσις	creation	creature	NA28+NA27+Tyn+SBL+WH+Treg+TR+Byz	
4	13	5	NKO	ἀφανὴς	aphanēs	G0852	A-NSF	ἀφανής	hidden	hidden	NA28+NA27+Tyn+SBL+WH+Treg+TR+Byz	
4	13	6	NKO	ἐνώπιον	enōpion	G1799	PREP	ἐνώπιον	before	before	NA28+NA27+Tyn+SBL+WH+Treg+TR+Byz	
4	13	7	NKO	αὐτοῦ·	autou	G0846	P-GSM	αὐτός	he/she/it/self	Him;	NA28+NA27+Tyn+SBL+WH+Treg+TR+Byz	
4	13	8	NKO	πάντα	panta	G3956	A-NPN	πᾶς	all	all things	NA28+NA27+Tyn+SBL+WH+Treg+TR+Byz	
4	13	9	NKO	δὲ	de	G1161	CONJ	δέ	but/and	however	NA28+NA27+Tyn+SBL+WH+Treg+TR+Byz	
4	13	10	NKO	γυμνὰ	gumna	G1131	A-NPN	γυμνός	naked	[are] uncovered	NA28+NA27+Tyn+SBL+WH+Treg+TR+Byz	
4	13	11	NKO	καὶ	kai	G2532	CONJ	καί	and	and	NA28+NA27+Tyn+SBL+WH+Treg+TR+Byz	
4	13	12	NKO	τετραχηλισμένα	tetrachēlismena	G5136	V-RPP-NPN	τραχηλίζω	to lay bare	laid bare	NA28+NA27+Tyn+SBL+WH+Treg+TR+Byz	
4	13	13	NKO	τοῖς	tois	G3588	T-DPM	ὁ	the/this/who	to the	NA28+NA27+Tyn+SBL+WH+Treg+TR+Byz	
4	13	14	NKO	ὀφθαλμοῖς	ophthalmois	G3788	N-DPM	ὀφθαλμός	eye	eyes	NA28+NA27+Tyn+SBL+WH+Treg+TR+Byz	
4	13	15	NKO	αὐτοῦ	autou	G0846	P-GSM	αὐτός	he/she/it/self	of Him	NA28+NA27+Tyn+SBL+WH+Treg+TR+Byz	
4	13	16	NKO	πρὸς	pros	G4314	PREP	πρός	to/with	to	NA28+NA27+Tyn+SBL+WH+Treg+TR+Byz	
4	13	17	NKO	ὃν	hon	G3739	R-ASM	ὅς, ἥ	which	whom	NA28+NA27+Tyn+SBL+WH+Treg+TR+Byz	
4	13	18	NKO	ἡμῖν	hēmin	G3165	P-1DP	ἐγώ	I/we	[is] our	NA28+NA27+Tyn+SBL+WH+Treg+TR+Byz	
4	13	19	NKO	ὁ	ho	G3588	T-NSM	ὁ	the/this/who	<the>	NA28+NA27+Tyn+SBL+WH+Treg+TR+Byz	
4	13	20	NKO	λόγος.¶	logos	G3056	N-NSM	λόγος	word	reckoning.	NA28+NA27+Tyn+SBL+WH+Treg+TR+Byz	
4	14	1	NKO	Ἔχοντες	Echontes	G2192	V-PAP-NPM	ἔχω	to have/be	Having	NA28+NA27+Tyn+SBL+WH+Treg+TR+Byz	
4	14	2	NKO	οὖν	oun	G3767	CONJ	οὖν	therefore/then	therefore	NA28+NA27+Tyn+SBL+WH+Treg+TR+Byz	
4	14	3	NKO	ἀρχιερέα	archierea	G0749	N-ASM	ἀρχιερεύς	high-priest	a high priest	NA28+NA27+Tyn+SBL+WH+Treg+TR+Byz	
4	14	4	NKO	μέγαν	megan	G3173	A-ASM	μέγας	great	great	NA28+NA27+Tyn+SBL+WH+Treg+TR+Byz	
4	14	5	NKO	διεληλυθότα	dielēluthota	G1330	V-2RAP-ASM	διέρχομαι	to pass through	having passed through	NA28+NA27+Tyn+SBL+WH+Treg+TR+Byz	
4	14	6	NKO	τοὺς	tous	G3588	T-APM	ὁ	the/this/who	the	NA28+NA27+Tyn+SBL+WH+Treg+TR+Byz	
4	14	7	NKO	οὐρανούς,	ouranous	G3772	N-APM	οὐρανός	heaven	heavens,	NA28+NA27+Tyn+SBL+WH+Treg+TR+Byz	
4	14	8	NKO	Ἰησοῦν	Iēsoun	G2424G	N-ASM-P	Ἰησοῦς	Jesus/Joshua	Jesus	NA28+NA27+Tyn+SBL+WH+Treg+TR+Byz	
4	14	9	NKO	τὸν	ton	G3588	T-ASM	ὁ	the/this/who	the	NA28+NA27+Tyn+SBL+WH+Treg+TR+Byz	
4	14	10	NKO	υἱὸν	huion	G5207	N-ASM	υἱός	son	Son	NA28+NA27+Tyn+SBL+WH+Treg+TR+Byz	
4	14	11	NKO	τοῦ	tou	G3588	T-GSM	ὁ	the/this/who	<the>	NA28+NA27+Tyn+SBL+WH+Treg+TR+Byz	
4	14	12	NKO	θεοῦ,	theou	G2316	N-GSM-T	θεός	God	of God,	NA28+NA27+Tyn+SBL+WH+Treg+TR+Byz	
4	14	13	NKO	κρατῶμεν	kratōmen	G2902	V-PAS-1P	κρατέω	to grasp/seize	we may hold firmly	NA28+NA27+Tyn+SBL+WH+Treg+TR+Byz	
4	14	14	NKO	τῆς	tēs	G3588	T-GSF	ὁ	the/this/who	<the>	NA28+NA27+Tyn+SBL+WH+Treg+TR+Byz	
4	14	15	NKO	ὁμολογίας.	homologias	G3671	N-GSF	ὁμολογία	confession	to [our] confession.	NA28+NA27+Tyn+SBL+WH+Treg+TR+Byz	
4	15	1	NKO	οὐ	ou	G3756	PRT-N	οὐ	no	Not	NA28+NA27+Tyn+SBL+WH+Treg+TR+Byz	
4	15	2	NKO	γὰρ	gar	G1063	CONJ	γάρ	for	for	NA28+NA27+Tyn+SBL+WH+Treg+TR+Byz	
4	15	3	NKO	ἔχομεν	echomen	G2192	V-PAI-1P	ἔχω	to have/be	have we	NA28+NA27+Tyn+SBL+WH+Treg+TR+Byz	
4	15	4	NKO	ἀρχιερέα	archierea	G0749	N-ASM	ἀρχιερεύς	high-priest	a high priest	NA28+NA27+Tyn+SBL+WH+Treg+TR+Byz	
4	15	5	NKO	μὴ	mē	G3361	PRT-N	μή	not	not	NA28+NA27+Tyn+SBL+WH+Treg+TR+Byz	
4	15	6	NKO	δυνάμενον	dunamenon	G1410	V-PNP-ASM	δύναμαι	be able	being able	NA28+NA27+Tyn+SBL+WH+Treg+TR+Byz	
4	15	7	NKO	συμπαθῆσαι	sumpathēsai	G4834	V-AAN	συμπαθέω	to sympathize	to sympathize	NA28+NA27+Tyn+SBL+WH+Treg+TR+Byz	
4	15	8	NKO	ταῖς	tais	G3588	T-DPF	ὁ	the/this/who	with the	NA28+NA27+Tyn+SBL+WH+Treg+TR+Byz	
4	15	9	NKO	ἀσθενείαις	astheneiais	G0769G	N-DPF	ἀσθένεια	weakness	weaknesses	NA28+NA27+Tyn+SBL+WH+Treg+TR+Byz	
4	15	10	NKO	ἡμῶν,	hēmōn	G3165	P-1GP	ἐγώ	I/we	of us,	NA28+NA27+Tyn+SBL+WH+Treg+TR+Byz	
4	15	11	N(k)O	πεπειρασμένον	pepeirasmenon	G3985G	V-RPP-ASM	πειράζω	to test/tempt	tempted	NA28+NA27+Tyn+SBL+WH+Treg	
4	15	12	NKO	δὲ	de	G1161	CONJ	δέ	but/and	however	NA28+NA27+Tyn+SBL+WH+Treg+TR+Byz	
4	15	13	NKO	κατὰ	kata	G2596	PREP	κατά	according to	in	NA28+NA27+Tyn+SBL+WH+Treg+TR+Byz	
4	15	14	NKO	πάντα	panta	G3956	A-APN	πᾶς	all	all things	NA28+NA27+Tyn+SBL+WH+Treg+TR+Byz	
4	15	15	NKO	καθ᾽	kath᾽	G2596	PREP	κατά	according to	by	NA28+NA27+Tyn+SBL+WH+Treg+TR+Byz	
4	15	16	NKO	ὁμοιότητα	homoiotēta	G3665	N-ASF	ὁμοιότης	likeness	[the] same way	NA28+NA27+Tyn+SBL+WH+Treg+TR+Byz	
4	15	17	NKO	χωρὶς	chōris	G5565	PREP	χωρίς	without	without	NA28+NA27+Tyn+SBL+WH+Treg+TR+Byz	
4	15	18	NKO	ἁμαρτίας.	hamartias	G0266	N-GSF	ἁμαρτία	sin	sin.	NA28+NA27+Tyn+SBL+WH+Treg+TR+Byz	
4	16	1	NKO	προσερχώμεθα	proserchōmetha	G4334	V-PNS-1P	προσέρχομαι	to come near/agree	We may come	NA28+NA27+Tyn+SBL+WH+Treg+TR+Byz	
4	16	2	NKO	οὖν	oun	G3767	CONJ	οὖν	therefore/then	therefore	NA28+NA27+Tyn+SBL+WH+Treg+TR+Byz	
4	16	3	NKO	μετὰ	meta	G3326	PREP	μετά	with/after	with	NA28+NA27+Tyn+SBL+WH+Treg+TR+Byz	
4	16	4	NKO	παρρησίας	parrēsias	G3954	N-GSF	παρρησία	boldness	boldness	NA28+NA27+Tyn+SBL+WH+Treg+TR+Byz	
4	16	5	NKO	τῷ	tō	G3588	T-DSM	ὁ	the/this/who	to the	NA28+NA27+Tyn+SBL+WH+Treg+TR+Byz	
4	16	6	NKO	θρόνῳ	thronō	G2362	N-DSM	θρόνος	throne	throne	NA28+NA27+Tyn+SBL+WH+Treg+TR+Byz	
4	16	7	NKO	τῆς	tēs	G3588	T-GSF	ὁ	the/this/who	<the>	NA28+NA27+Tyn+SBL+WH+Treg+TR+Byz	
4	16	8	NKO	χάριτος,	charitos	G5485	N-GSF	χάρις	grace	of grace,	NA28+NA27+Tyn+SBL+WH+Treg+TR+Byz	
4	16	9	NKO	ἵνα	ina	G2443	CONJ	ἵνα	in order that/to	so that	NA28+NA27+Tyn+SBL+WH+Treg+TR+Byz	
4	16	10	NKO	λάβωμεν	labōmen	G2983	V-2AAS-1P	λαμβάνω	to take	we may receive	NA28+NA27+Tyn+SBL+WH+Treg+TR+Byz	
4	16	11	N(k)O	ἔλεος	eleos	G1656	N-ASN	ἔλεος	mercy	mercy	NA28+NA27+Tyn+SBL+WH+Treg+Byz	
4	16	12	NKO	καὶ	kai	G2532	CONJ	καί	and	and	NA28+NA27+Tyn+SBL+WH+Treg+TR+Byz	
4	16	13	NKO	χάριν	charin	G5485	N-ASF	χάρις	grace	grace	NA28+NA27+Tyn+SBL+WH+Treg+TR+Byz	
4	16	14	NKO	εὕρωμεν	heurōmen	G2147	V-2AAS-1P	εὑρίσκω	to find/meet	may find	NA28+NA27+Tyn+SBL+WH+Treg+TR+Byz	
4	16	15	NKO	εἰς	eis	G1519	PREP	εἰς	toward	for	NA28+NA27+Tyn+SBL+WH+Treg+TR+Byz	
4	16	16	NKO	εὔκαιρον	eukairon	G2121	A-ASF	εὔκαιρος	opportune	in time of need	NA28+NA27+Tyn+SBL+WH+Treg+TR+Byz	
4	16	17	NKO	βοήθειαν.¶	boētheian	G0996	N-ASF	βοήθεια	help	help.	NA28+NA27+Tyn+SBL+WH+Treg+TR+Byz	
5	1	1	NKO	Πᾶς	Pas	G3956	A-NSM	πᾶς	all	Every	NA28+NA27+Tyn+SBL+WH+Treg+TR+Byz	
5	1	2	NKO	γὰρ	gar	G1063	CONJ	γάρ	for	for	NA28+NA27+Tyn+SBL+WH+Treg+TR+Byz	
5	1	3	NKO	ἀρχιερεὺς	archiereus	G0749	N-NSM	ἀρχιερεύς	high-priest	high priest	NA28+NA27+Tyn+SBL+WH+Treg+TR+Byz	
5	1	4	NKO	ἐξ	ex	G1537	PREP	ἐκ	out from	from among	NA28+NA27+Tyn+SBL+WH+Treg+TR+Byz	
5	1	5	NKO	ἀνθρώπων	anthrōpōn	G0444	N-GPM	ἄνθρωπος	a human	men	NA28+NA27+Tyn+SBL+WH+Treg+TR+Byz	
5	1	6	NKO	λαμβανόμενος	lambanomenos	G2983	V-PPP-NSM	λαμβάνω	to take	being taken	NA28+NA27+Tyn+SBL+WH+Treg+TR+Byz	
5	1	7	NKO	ὑπὲρ	huper	G5228	PREP	ὑπέρ	above/for	on behalf of	NA28+NA27+Tyn+SBL+WH+Treg+TR+Byz	
5	1	8	NKO	ἀνθρώπων	anthrōpōn	G0444	N-GPM	ἄνθρωπος	a human	men	NA28+NA27+Tyn+SBL+WH+Treg+TR+Byz	
5	1	9	NKO	καθίσταται	kathistatai	G2525	V-PPI-3S	καθίστημι	to appoint/conduct	is appointed	NA28+NA27+Tyn+SBL+WH+Treg+TR+Byz	
5	1	10	NKO	τὰ	ta	G3588	T-APN	ὁ	the/this/who	[in] the [things]	NA28+NA27+Tyn+SBL+WH+Treg+TR+Byz	
5	1	11	NKO	πρὸς	pros	G4314	PREP	πρός	to/with	relating to	NA28+NA27+Tyn+SBL+WH+Treg+TR+Byz	
5	1	12	NKO	τὸν	ton	G3588	T-ASM	ὁ	the/this/who	<the>	NA28+NA27+Tyn+SBL+WH+Treg+TR+Byz	
5	1	13	NKO	θεόν,	theon	G2316	N-ASM-T	θεός	God	God	NA28+NA27+Tyn+SBL+WH+Treg+TR+Byz	
5	1	14	NKO	ἵνα	ina	G2443	CONJ	ἵνα	in order that/to	that	NA28+NA27+Tyn+SBL+WH+Treg+TR+Byz	
5	1	15	NKO	προσφέρῃ	prospherē	G4374	V-PAS-3S	προσφέρω	to bring to	he may offer	NA28+NA27+Tyn+SBL+WH+Treg+TR+Byz	
5	1	16	NKO	δῶρά	dōra	G1435	N-APN	δῶρον	gift	gifts	NA28+NA27+Tyn+SBL+WH+Treg+TR+Byz	
5	1	17	NKO	τε	te	G5037	CONJ	τε	and/both	both	NA28+NA27+Tyn+SBL+WH+Treg+TR+Byz	
5	1	18	NKO	καὶ	kai	G2532	CONJ	καί	and	and	NA28+NA27+Tyn+SBL+WH+Treg+TR+Byz	
5	1	19	NKO	θυσίας	thusias	G2378	N-APF	θυσία	sacrifice	sacrifices	NA28+NA27+Tyn+SBL+WH+Treg+TR+Byz	
5	1	20	NKO	ὑπὲρ	huper	G5228	PREP	ὑπέρ	above/for	for	NA28+NA27+Tyn+SBL+WH+Treg+TR+Byz	
5	1	21	NKO	ἁμαρτιῶν,	hamartiōn	G0266	N-GPF	ἁμαρτία	sin	sins,	NA28+NA27+Tyn+SBL+WH+Treg+TR+Byz	
5	2	1	NKO	μετριοπαθεῖν	metriopathein	G3356	V-PAN	μετριοπαθέω	be gentle	to exercise forbearance	NA28+NA27+Tyn+SBL+WH+Treg+TR+Byz	
5	2	2	NKO	δυνάμενος	dunamenos	G1410	V-PNP-NSM	δύναμαι	be able	being able	NA28+NA27+Tyn+SBL+WH+Treg+TR+Byz	
5	2	3	NKO	τοῖς	tois	G3588	T-DPM	ὁ	the/this/who	with those	NA28+NA27+Tyn+SBL+WH+Treg+TR+Byz	
5	2	4	NKO	ἀγνοοῦσιν	agnoousin	G0050	V-PAP-DPM	ἀγνοέω	be ignorant	being ignorant	NA28+NA27+Tyn+SBL+WH+Treg+TR+Byz	
5	2	5	NKO	καὶ	kai	G2532	CONJ	καί	and	and	NA28+NA27+Tyn+SBL+WH+Treg+TR+Byz	
5	2	6	NKO	πλανωμένοις,	planōmenois	G4105	V-PPP-DPM	πλανάω	to lead astray	with those going astray,	NA28+NA27+Tyn+SBL+WH+Treg+TR+Byz	
5	2	7	NKO	ἐπεὶ	epei	G1893	CONJ	ἐπεί	since	since	NA28+NA27+Tyn+SBL+WH+Treg+TR+Byz	
5	2	8	NKO	καὶ	kai	G2532	CONJ	καί	and	also	NA28+NA27+Tyn+SBL+WH+Treg+TR+Byz	
5	2	9	NKO	αὐτὸς	autos	G0846	P-NSM	αὐτός	he/she/it/self	he himself	NA28+NA27+Tyn+SBL+WH+Treg+TR+Byz	
5	2	10	NKO	περίκειται	perikeitai	G4029	V-PNI-3S	περίκειμαι	to surround	is encompassed by	NA28+NA27+Tyn+SBL+WH+Treg+TR+Byz	
5	2	11	NKO	ἀσθένειαν·	astheneian	G0769G	N-ASF	ἀσθένεια	weakness	weakness;	NA28+NA27+Tyn+SBL+WH+Treg+TR+Byz	
5	3	1	NKO	καὶ	kai	G2532	CONJ	καί	and	and	NA28+NA27+Tyn+SBL+WH+Treg+TR+Byz	
5	3	2	NKO	δι᾽	di᾽	G1223	PREP	διά	through/because of	because of	NA28+NA27+Tyn+SBL+WH+Treg+TR+Byz	
5	3	3	N(k)O	αὐτὴν	autēn	G0846	P-ASF	αὐτός	he/she/it/self	this	NA28+NA27+Tyn+SBL+WH+Treg	
5	3	4	NKO	ὀφείλει,	opheilei	G3784	V-PAI-3S	ὀφείλω	to owe	he is obligated,	NA28+NA27+Tyn+SBL+WH+Treg+TR+Byz	
5	3	5	NKO	καθὼς	kathōs	G2531	CONJ	καθώς	as/just as	even as	NA28+NA27+Tyn+SBL+WH+Treg+TR+Byz	
5	3	6	NKO	περὶ	peri	G4012	PREP	περί	about	for	NA28+NA27+Tyn+SBL+WH+Treg+TR+Byz	
5	3	7	NKO	τοῦ	tou	G3588	T-GSM	ὁ	the/this/who	the	NA28+NA27+Tyn+SBL+WH+Treg+TR+Byz	
5	3	8	NKO	λαοῦ	laou	G2992	N-GSM	λαός	a people	people	NA28+NA27+Tyn+SBL+WH+Treg+TR+Byz	
5	3	9	NKO	οὕτως	houtōs	G3779	ADV	οὕτω, οὕτως	thus(-ly)	so	NA28+NA27+Tyn+SBL+WH+Treg+TR+Byz	
5	3	10	NKO	καὶ	kai	G2532	CONJ	καί	and	also	NA28+NA27+Tyn+SBL+WH+Treg+TR+Byz	
5	3	11	NKO	περὶ	peri	G4012	PREP	περί	about	for	NA28+NA27+Tyn+SBL+WH+Treg+TR+Byz	
5	3	12	NKO	αὐτοῦ	autou	G1438	F-3GSM	ἑαυτοῦ	my/your/him-self	himself	NA28+NA27+Tyn+SBL+WH+Treg+TR+Byz	
5	3	13	NKO	προσφέρειν	prospherein	G4374	V-PAN	προσφέρω	to bring to	to offer sacrifices	NA28+NA27+Tyn+SBL+WH+Treg+TR+Byz	
5	3	14	N(k)O	περὶ	peri	G4012	PREP	περί	about	for	NA28+NA27+Tyn+SBL+WH+Treg	
5	3	15	NKO	ἁμαρτιῶν.	hamartiōn	G0266	N-GPF	ἁμαρτία	sin	sins.	NA28+NA27+Tyn+SBL+WH+Treg+TR+Byz	
5	4	1	NKO	καὶ	kai	G2532	CONJ	καί	and	And	NA28+NA27+Tyn+SBL+WH+Treg+TR+Byz	
5	4	2	NKO	οὐχ	ouch	G3756	PRT-N	οὐ	no	not	NA28+NA27+Tyn+SBL+WH+Treg+TR+Byz	
5	4	3	NKO	ἑαυτῷ	he'autō	G1438	F-3DSM	ἑαυτοῦ	my/your/him-self	upon himself	NA28+NA27+Tyn+SBL+WH+Treg+TR+Byz	
5	4	4	NKO	τις	tis	G5100	X-NSM	τις	one	anyone	NA28+NA27+Tyn+SBL+WH+Treg+TR+Byz	
5	4	5	NKO	λαμβάνει	lambanei	G2983	V-PAI-3S	λαμβάνω	to take	takes	NA28+NA27+Tyn+SBL+WH+Treg+TR+Byz	
5	4	6	NKO	τὴν	tēn	G3588	T-ASF	ὁ	the/this/who	the	NA28+NA27+Tyn+SBL+WH+Treg+TR+Byz	
5	4	7	NKO	τιμὴν	timēn	G5092	N-ASF	τιμή	honor	honor	NA28+NA27+Tyn+SBL+WH+Treg+TR+Byz	
5	4	8	NKO	ἀλλὰ	alla	G0235	CONJ	ἀλλά	but	but rather	NA28+NA27+Tyn+SBL+WH+Treg+TR+Byz	
5	4	9	k	ὁ	ho	G3588	T-NSM	ὁ	the/this/who	the [one]	TR	
5	4	10	NKO	καλούμενος	kaloumenos	G2564G	V-PPP-NSM	καλέω	to call	being called	NA28+NA27+Tyn+SBL+WH+Treg+TR+Byz	
5	4	11	NKO	ὑπὸ	hupo	G5259G	PREP	ὑπό	by/under	by	NA28+NA27+Tyn+SBL+WH+Treg+TR+Byz	
5	4	12	NKO	τοῦ	tou	G3588	T-GSM	ὁ	the/this/who	<the>	NA28+NA27+Tyn+SBL+WH+Treg+TR+Byz	
5	4	13	NKO	θεοῦ	theou	G2316	N-GSM-T	θεός	God	God	NA28+NA27+Tyn+SBL+WH+Treg+TR+Byz	
5	4	14	N(k)O	καθώσπερ	kathōsper	G6045	CONJ	καθώσπερ	as	just as	NA28+NA27+Tyn+SBL+WH+Treg	
5	4	15	NKO	καὶ	kai	G2532	CONJ	καί	and	also	NA28+NA27+Tyn+SBL+WH+Treg+TR+Byz	
5	4	16	k	ὁ	ho	G3588	T-NSM	ὁ	the/this/who	<the>	TR	
5	4	17	NKO	Ἀαρών.	Aarōn	G0002	N-NSM-P	Ἀαρών	Aaron	Aaron.	NA28+NA27+Tyn+SBL+WH+Treg+TR+Byz	
5	5	1	NKO	οὕτως	houtōs	G3779	ADV	οὕτω, οὕτως	thus(-ly)	So	NA28+NA27+Tyn+SBL+WH+Treg+TR+Byz	
5	5	2	NKO	καὶ	kai	G2532	CONJ	καί	and	also	NA28+NA27+Tyn+SBL+WH+Treg+TR+Byz	
5	5	3	NKO	ὁ	ho	G3588	T-NSM	ὁ	the/this/who	<the>	NA28+NA27+Tyn+SBL+WH+Treg+TR+Byz	
5	5	4	NKO	Χριστὸς	Christos	G5547	N-NSM-T	Χριστός	Christ	Christ	NA28+NA27+Tyn+SBL+WH+Treg+TR+Byz	
5	5	5	NKO	οὐχ	ouch	G3756	PRT-N	οὐ	no	not	NA28+NA27+Tyn+SBL+WH+Treg+TR+Byz	
5	5	6	NKO	ἑαυτὸν	he'auton	G1438	F-3ASM	ἑαυτοῦ	my/your/him-self	Himself	NA28+NA27+Tyn+SBL+WH+Treg+TR+Byz	
5	5	7	NKO	ἐδόξασεν	edoxasen	G1392	V-AAI-3S	δοξάζω	to glorify	did glorify	NA28+NA27+Tyn+SBL+WH+Treg+TR+Byz	
5	5	8	NKO	γενηθῆναι	genēthēnai	G1096	V-AON	γίνομαι	to be	to become	NA28+NA27+Tyn+SBL+WH+Treg+TR+Byz	
5	5	9	NKO	ἀρχιερέα	archierea	G0749	N-ASM	ἀρχιερεύς	high-priest	a high priest	NA28+NA27+Tyn+SBL+WH+Treg+TR+Byz	
5	5	10	NKO	ἀλλ᾽	all᾽	G0235	CONJ	ἀλλά	but	but	NA28+NA27+Tyn+SBL+WH+Treg+TR+Byz	
5	5	11	NKO	ὁ	ho	G3588	T-NSM	ὁ	the/this/who	the [One]	NA28+NA27+Tyn+SBL+WH+Treg+TR+Byz	
5	5	12	NKO	λαλήσας	lalēsas	G2980	V-AAP-NSM	λαλέω	to speak	having said	NA28+NA27+Tyn+SBL+WH+Treg+TR+Byz	
5	5	13	NKO	πρὸς	pros	G4314	PREP	πρός	to/with	to	NA28+NA27+Tyn+SBL+WH+Treg+TR+Byz	
5	5	14	NKO	αὐτόν·	auton	G0846	P-ASM	αὐτός	he/she/it/self	Him:	NA28+NA27+Tyn+SBL+WH+Treg+TR+Byz	
5	5	15	NKO	υἱός	huios	G5207	N-NSM	υἱός	son	Son	NA28+NA27+Tyn+SBL+WH+Treg+TR+Byz	
5	5	16	NKO	μου	mou	G3165	P-1GS	ἐγώ	I/we	of Mine	NA28+NA27+Tyn+SBL+WH+Treg+TR+Byz	
5	5	17	NKO	εἶ	ei	G1510	V-PAI-2S	εἰμί	to be	are	NA28+NA27+Tyn+SBL+WH+Treg+TR+Byz	
5	5	18	NKO	σύ,	su	G4771	P-2NS	σύ	you	You yourself,	NA28+NA27+Tyn+SBL+WH+Treg+TR+Byz	
5	5	19	NKO	ἐγὼ	egō	G1473	P-1NS	ἐγώ	I/we	I myself	NA28+NA27+Tyn+SBL+WH+Treg+TR+Byz	
5	5	20	NKO	σήμερον	sēmeron	G4594	ADV	σήμερον	today	today	NA28+NA27+Tyn+SBL+WH+Treg+TR+Byz	
5	5	21	NKO	γεγέννηκά	gegennēka	G1080	V-RAI-1S	γεννάω	to beget	have begotten	NA28+NA27+Tyn+SBL+WH+Treg+TR+Byz	
5	5	22	NKO	σε.	se	G4771	P-2AS	σύ	you	You.	NA28+NA27+Tyn+SBL+WH+Treg+TR+Byz	
5	6	1	NKO	καθὼς	kathōs	G2531	CONJ	καθώς	as/just as	even as	NA28+NA27+Tyn+SBL+WH+Treg+TR+Byz	
5	6	2	NKO	καὶ	kai	G2532	CONJ	καί	and	also	NA28+NA27+Tyn+SBL+WH+Treg+TR+Byz	
5	6	3	NKO	ἐν	en	G1722	PREP	ἐν	in/on/among	in	NA28+NA27+Tyn+SBL+WH+Treg+TR+Byz	
5	6	4	NKO	ἑτέρῳ	heterō	G2087	A-DSM	ἕτερος	other	another [place]	NA28+NA27+Tyn+SBL+WH+Treg+TR+Byz	
5	6	5	NKO	λέγει·	legei	G3004G	V-PAI-3S	λέγω	to speak	He says:	NA28+NA27+Tyn+SBL+WH+Treg+TR+Byz	
5	6	6	NKO	σὺ	su	G4771	P-2NS	σύ	you	You [are]	NA28+NA27+Tyn+SBL+WH+Treg+TR+Byz	
5	6	7	NKO	ἱερεὺς	hi'ereus	G2409	N-NSM	ἱερεύς	priest	a priest	NA28+NA27+Tyn+SBL+WH+Treg+TR+Byz	
5	6	8	NKO	εἰς	eis	G1519	PREP	εἰς	toward	to	NA28+NA27+Tyn+SBL+WH+Treg+TR+Byz	
5	6	9	NKO	τὸν	ton	G3588	T-ASM	ὁ	the/this/who	the	NA28+NA27+Tyn+SBL+WH+Treg+TR+Byz	
5	6	10	NKO	αἰῶνα	aiōna	G0165H	N-ASM	αἰών	an age	age	NA28+NA27+Tyn+SBL+WH+Treg+TR+Byz	
5	6	11	NKO	κατὰ	kata	G2596	PREP	κατά	according to	according to	NA28+NA27+Tyn+SBL+WH+Treg+TR+Byz	
5	6	12	NKO	τὴν	tēn	G3588	T-ASF	ὁ	the/this/who	the	NA28+NA27+Tyn+SBL+WH+Treg+TR+Byz	
5	6	13	NKO	τάξιν	taxin	G5010	N-ASF	τάξις	order	order	NA28+NA27+Tyn+SBL+WH+Treg+TR+Byz	
5	6	14	NKO	Μελχισέδεκ.	Melchisedek	G3198	N-GSM-P	Μελχισεδέκ	Melchizedek	of Melchizedek.	NA28+NA27+Tyn+SBL+WH+Treg+TR+Byz	
5	7	1	NKO	ὃς	hos	G3739	R-NSM	ὅς, ἥ	which	[He]	NA28+NA27+Tyn+SBL+WH+Treg+TR+Byz	
5	7	2	NKO	ἐν	en	G1722	PREP	ἐν	in/on/among	in	NA28+NA27+Tyn+SBL+WH+Treg+TR+Byz	
5	7	3	NKO	ταῖς	tais	G3588	T-DPF	ὁ	the/this/who	the	NA28+NA27+Tyn+SBL+WH+Treg+TR+Byz	
5	7	4	NKO	ἡμέραις	hēmerais	G2250	N-DPF	ἡμέρα	day	days	NA28+NA27+Tyn+SBL+WH+Treg+TR+Byz	
5	7	5	NKO	τῆς	tēs	G3588	T-GSF	ὁ	the/this/who	of the	NA28+NA27+Tyn+SBL+WH+Treg+TR+Byz	
5	7	6	NKO	σαρκὸς	sarkos	G4561	N-GSF	σάρξ	flesh	flesh	NA28+NA27+Tyn+SBL+WH+Treg+TR+Byz	
5	7	7	NKO	αὐτοῦ	autou	G0846	P-GSM	αὐτός	he/she/it/self	of Him	NA28+NA27+Tyn+SBL+WH+Treg+TR+Byz	
5	7	8	NKO	δεήσεις	deēseis	G1162	N-APF	δέησις	petition	prayers	NA28+NA27+Tyn+SBL+WH+Treg+TR+Byz	
5	7	9	NKO	τε	te	G5037	CONJ	τε	and/both	both	NA28+NA27+Tyn+SBL+WH+Treg+TR+Byz	
5	7	10	NKO	καὶ	kai	G2532	CONJ	καί	and	and	NA28+NA27+Tyn+SBL+WH+Treg+TR+Byz	
5	7	11	NKO	ἱκετηρίας	hiketērias	G2428	N-APF	ἱκετηρία	supplication	supplications	NA28+NA27+Tyn+SBL+WH+Treg+TR+Byz	
5	7	12	NKO	πρὸς	pros	G4314	PREP	πρός	to/with	to	NA28+NA27+Tyn+SBL+WH+Treg+TR+Byz	
5	7	13	NKO	τὸν	ton	G3588	T-ASM	ὁ	the/this/who	the [One]	NA28+NA27+Tyn+SBL+WH+Treg+TR+Byz	
5	7	14	NKO	δυνάμενον	dunamenon	G1410	V-PNP-ASM	δύναμαι	be able	being able	NA28+NA27+Tyn+SBL+WH+Treg+TR+Byz	
5	7	15	NKO	σῴζειν	sōzein	G4982	V-PAN	σῴζω	to save	to save	NA28+NA27+Tyn+SBL+WH+Treg+TR+Byz	
5	7	16	NKO	αὐτὸν	auton	G0846	P-ASM	αὐτός	he/she/it/self	Him	NA28+NA27+Tyn+SBL+WH+Treg+TR+Byz	
5	7	17	NKO	ἐκ	ek	G1537	PREP	ἐκ	out from	from	NA28+NA27+Tyn+SBL+WH+Treg+TR+Byz	
5	7	18	NKO	θανάτου	thanatou	G2288	N-GSM	θάνατος	death	death	NA28+NA27+Tyn+SBL+WH+Treg+TR+Byz	
5	7	19	NKO	μετὰ	meta	G3326	PREP	μετά	with/after	with	NA28+NA27+Tyn+SBL+WH+Treg+TR+Byz	
5	7	20	NKO	κραυγῆς	kraugēs	G2906	N-GSF	κραυγή	shouting	crying	NA28+NA27+Tyn+SBL+WH+Treg+TR+Byz	
5	7	21	NKO	ἰσχυρᾶς	ischuras	G2478	A-GSF	ἰσχυρός	strong	loud	NA28+NA27+Tyn+SBL+WH+Treg+TR+Byz	
5	7	22	NKO	καὶ	kai	G2532	CONJ	καί	and	and	NA28+NA27+Tyn+SBL+WH+Treg+TR+Byz	
5	7	23	NKO	δακρύων	dakruōn	G1144	N-GPN	δάκρυ, δάκρυον	teardrop	tears	NA28+NA27+Tyn+SBL+WH+Treg+TR+Byz	
5	7	24	NKO	προσενέγκας	prosenegkas	G4374	V-2AAP-NSM	προσφέρω	to bring to	having offered up	NA28+NA27+Tyn+SBL+WH+Treg+TR+Byz	
5	7	25	NKO	καὶ	kai	G2532	CONJ	καί	and	and	NA28+NA27+Tyn+SBL+WH+Treg+TR+Byz	
5	7	26	NKO	εἰσακουσθεὶς	eisakoustheis	G1522	V-APP-NSM	εἰσακούω	to listen to	having been heard	NA28+NA27+Tyn+SBL+WH+Treg+TR+Byz	
5	7	27	NKO	ἀπὸ	apo	G0575	PREP	ἀπό	away from	because of	NA28+NA27+Tyn+SBL+WH+Treg+TR+Byz	
5	7	28	NKO	τῆς	tēs	G3588	T-GSF	ὁ	the/this/who	<the>	NA28+NA27+Tyn+SBL+WH+Treg+TR+Byz	
5	7	29	NKO	εὐλαβείας,	eulabeias	G2124	N-GSF	εὐλάβεια	reverence	reverence,	NA28+NA27+Tyn+SBL+WH+Treg+TR+Byz	
5	8	1	NKO	καίπερ	kaiper	G2539	CONJ	καίπερ	although	though	NA28+NA27+Tyn+SBL+WH+Treg+TR+Byz	
5	8	2	NKO	ὢν	ōn	G1510	V-PAP-NSM	εἰμί	to be	being	NA28+NA27+Tyn+SBL+WH+Treg+TR+Byz	
5	8	3	NKO	υἱός,	huios	G5207	N-NSM	υἱός	son	a Son,	NA28+NA27+Tyn+SBL+WH+Treg+TR+Byz	
5	8	4	NKO	ἔμαθεν	emathen	G3129	V-2AAI-3S	μανθάνω	to learn	He learned	NA28+NA27+Tyn+SBL+WH+Treg+TR+Byz	
5	8	5	NKO	ἀφ᾽	aph᾽	G0575	PREP	ἀπό	away from	from	NA28+NA27+Tyn+SBL+WH+Treg+TR+Byz	
5	8	6	NKO	ὧν	hōn	G3739	R-GPN	ὅς, ἥ	which	[the] things	NA28+NA27+Tyn+SBL+WH+Treg+TR+Byz	
5	8	7	NKO	ἔπαθεν	epathen	G3958	V-2AAI-3S	πάσχω	to suffer	He suffered	NA28+NA27+Tyn+SBL+WH+Treg+TR+Byz	
5	8	8	NKO	τὴν	tēn	G3588	T-ASF	ὁ	the/this/who	<the>	NA28+NA27+Tyn+SBL+WH+Treg+TR+Byz	
5	8	9	NKO	ὑπακοήν,	hupakoēn	G5218	N-ASF	ὑπακοή	obedience	obedience,	NA28+NA27+Tyn+SBL+WH+Treg+TR+Byz	
5	9	1	NKO	καὶ	kai	G2532	CONJ	καί	and	and	NA28+NA27+Tyn+SBL+WH+Treg+TR+Byz	
5	9	2	NKO	τελειωθεὶς	teleiōtheis	G5048	V-APP-NSM	τελειόω	to perfect	having been perfected	NA28+NA27+Tyn+SBL+WH+Treg+TR+Byz	
5	9	3	NKO	ἐγένετο	egeneto	G1096	V-2ADI-3S	γίνομαι	to be	He became	NA28+NA27+Tyn+SBL+WH+Treg+TR+Byz	
5	9	4	NKO	πᾶσιν	pasin	G3956	A-DPM	πᾶς	all	to all	NA28+NA27+Tyn+SBL+WH+Treg+TR»3+Byz»3	
5	9	5	NKO	τοῖς	tois	G3588	T-DPM	ὁ	the/this/who	those	NA28+NA27+Tyn+SBL+WH+Treg+TR+Byz	
5	9	6	NKO	ὑπακούουσιν	hupakouousin	G5219	V-PAP-DPM	ὑπακούω	to obey	obeying	NA28+NA27+Tyn+SBL+WH+Treg+TR+Byz	
5	9	7	NKO	αὐτῷ	autō	G0846	P-DSM	αὐτός	he/she/it/self	Him	NA28+NA27+Tyn+SBL+WH+Treg+TR+Byz	
5	9	8	NKO	αἴτιος	aitios	G0159	A-NSM	αἴτιος	causer	[the] author	NA28+NA27+Tyn+SBL+WH+Treg+TR+Byz	
5	9	9	NKO	σωτηρίας	sōtērias	G4991	N-GSF	σωτηρία	salvation	of salvation	NA28+NA27+Tyn+SBL+WH+Treg+TR+Byz	
5	9	10	NKO	αἰωνίου,	aiōniou	G0166	A-GSF	αἰώνιος	eternal	eternal,	NA28+NA27+Tyn+SBL+WH+Treg+TR+Byz	
5	10	1	NKO	προσαγορευθεὶς	prosagoreutheis	G4316	V-APP-NSM	προσαγορεύω	to designate	having been designated	NA28+NA27+Tyn+SBL+WH+Treg+TR+Byz	
5	10	2	NKO	ὑπὸ	hupo	G5259G	PREP	ὑπό	by/under	by	NA28+NA27+Tyn+SBL+WH+Treg+TR+Byz	
5	10	3	NKO	τοῦ	tou	G3588	T-GSM	ὁ	the/this/who	<the>	NA28+NA27+Tyn+SBL+WH+Treg+TR+Byz	
5	10	4	NKO	θεοῦ	theou	G2316	N-GSM-T	θεός	God	God	NA28+NA27+Tyn+SBL+WH+Treg+TR+Byz	
5	10	5	NKO	ἀρχιερεὺς	archiereus	G0749	N-NSM	ἀρχιερεύς	high-priest	a high priest	NA28+NA27+Tyn+SBL+WH+Treg+TR+Byz	
5	10	6	NKO	κατὰ	kata	G2596	PREP	κατά	according to	according to	NA28+NA27+Tyn+SBL+WH+Treg+TR+Byz	
5	10	7	NKO	τὴν	tēn	G3588	T-ASF	ὁ	the/this/who	the	NA28+NA27+Tyn+SBL+WH+Treg+TR+Byz	
5	10	8	NKO	τάξιν	taxin	G5010	N-ASF	τάξις	order	order	NA28+NA27+Tyn+SBL+WH+Treg+TR+Byz	
5	10	9	NKO	Μελχισέδεκ.	Melchisedek	G3198	N-GSM-P	Μελχισεδέκ	Melchizedek	of Melchizedek.	NA28+NA27+Tyn+SBL+WH+Treg+TR+Byz	
5	11	1	NKO	περὶ	peri	G4012	PREP	περί	about	Concerning	NA28+NA27+Tyn+SBL+WH+Treg+TR+Byz	
5	11	2	NKO	οὗ	hou	G3739	R-GSM	ὅς, ἥ	which	this	NA28+NA27+Tyn+SBL+WH+Treg+TR+Byz	
5	11	3	NKO	πολὺς	polus	G4183	A-NSM	πολύς	much	[there is] much	NA28+NA27+Tyn+SBL+WH+Treg+TR+Byz	
5	11	4	NKO	ἡμῖν	hēmin	G3165	P-1DP	ἐγώ	I/we	from us	NA28+NA27+Tyn+SBL+WH+Treg+TR+Byz	
5	11	5	NKO	ὁ	ho	G3588	T-NSM	ὁ	the/this/who	<the>	NA28+NA27+Tyn+SBL+WH+Treg+TR+Byz	
5	11	6	NKO	λόγος	logos	G3056	N-NSM	λόγος	word	speech	NA28+NA27+Tyn+SBL+WH+Treg+TR+Byz	
5	11	7	NKO	καὶ	kai	G2532	CONJ	καί	and	and	NA28+NA27+Tyn+SBL+WH+Treg+TR+Byz	
5	11	8	NKO	δυσερμήνευτος	dusermēneutos	G1421	A-NSM	δυσερμήνευτος	hard to interpret	difficult in interpretation	NA28+NA27+Tyn+SBL+WH+Treg+TR+Byz	
5	11	9	NKO	λέγειν,	legein	G3004G	V-PAN	λέγω	to speak	to speak,	NA28+NA27+Tyn+SBL+WH+Treg+TR+Byz	
5	11	10	NKO	ἐπεὶ	epei	G1893	CONJ	ἐπεί	since	since	NA28+NA27+Tyn+SBL+WH+Treg+TR+Byz	
5	11	11	NKO	νωθροὶ	nōthroi	G3576	A-NPM	νωθρός	dull	sluggish	NA28+NA27+Tyn+SBL+WH+Treg+TR+Byz	
5	11	12	NKO	γεγόνατε	gegonate	G1096	V-2RAI-2P	γίνομαι	to be	you have become	NA28+NA27+Tyn+SBL+WH+Treg+TR+Byz	
5	11	13	NKO	ταῖς	tais	G3588	T-DPF	ὁ	the/this/who	in the	NA28+NA27+Tyn+SBL+WH+Treg+TR+Byz	
5	11	14	NKO	ἀκοαῖς.	akoais	G0189	N-DPF	ἀκοή	hearing	hearings.	NA28+NA27+Tyn+SBL+WH+Treg+TR+Byz	
5	12	1	NKO	καὶ	kai	G2532	CONJ	καί	and	Even	NA28+NA27+Tyn+SBL+WH+Treg+TR+Byz	
5	12	2	NKO	γὰρ	gar	G1063	CONJ	γάρ	for	for	NA28+NA27+Tyn+SBL+WH+Treg+TR+Byz	
5	12	3	NKO	ὀφείλοντες	opheilontes	G3784	V-PAP-NPM	ὀφείλω	to owe	you ought	NA28+NA27+Tyn+SBL+WH+Treg+TR+Byz	
5	12	4	NKO	εἶναι	einai	G1511	V-PAN	εἰμί	to be	to be	NA28+NA27+Tyn+SBL+WH+Treg+TR+Byz	
5	12	5	NKO	διδάσκαλοι	didaskaloi	G1320	N-NPM	διδάσκαλος	teacher	teachers	NA28+NA27+Tyn+SBL+WH+Treg+TR+Byz	
5	12	6	NKO	διὰ	dia	G1223	PREP	διά	through/because of	by	NA28+NA27+Tyn+SBL+WH+Treg+TR+Byz	
5	12	7	NKO	τὸν	ton	G3588	T-ASM	ὁ	the/this/who	the	NA28+NA27+Tyn+SBL+WH+Treg+TR+Byz	
5	12	8	NKO	χρόνον,	chronon	G5550	N-ASM	χρόνος	time	time,	NA28+NA27+Tyn+SBL+WH+Treg+TR+Byz	
5	12	9	NKO	πάλιν	palin	G3825	ADV	πάλιν	again	again	NA28+NA27+Tyn+SBL+WH+Treg+TR+Byz	
5	12	10	NKO	χρείαν	chreian	G5532	N-ASF	χρεία	need	need of	NA28+NA27+Tyn+SBL+WH+Treg+TR+Byz	
5	12	11	NKO	ἔχετε	echete	G2192	V-PAI-2P	ἔχω	to have/be	you have	NA28+NA27+Tyn+SBL+WH+Treg+TR+Byz	
5	12	12	NKO	τοῦ	tou	G3588	T-GSN	ὁ	the/this/who	[one]	NA28+NA27+Tyn+SBL+WH+Treg+TR+Byz	
5	12	13	NKO	διδάσκειν	didaskein	G1321	V-PAN	διδάσκω	to teach	to teach	NA28+NA27+Tyn+SBL+WH+Treg+TR+Byz	
5	12	14	NKO	ὑμᾶς	humas	G4771	P-2AP	σύ	you	you	NA28+NA27+Tyn+SBL+WH+Treg+TR+Byz	
5	12	15	N(k)O	τινὰ	tina	G5100	X-ASM	τις	one	what [is]	NA28+NA27+SBL+WH	
5	12	16	NKO	τὰ	ta	G3588	T-APN	ὁ	the/this/who	the	NA28+NA27+Tyn+SBL+WH+Treg+TR+Byz	
5	12	17	NKO	στοιχεῖα	stoicheia	G4747	N-APN	στοιχεῖον	principle	principles	NA28+NA27+Tyn+SBL+WH+Treg+TR+Byz	
5	12	18	NKO	τῆς	tēs	G3588	T-GSF	ὁ	the/this/who	of the	NA28+NA27+Tyn+SBL+WH+Treg+TR+Byz	
5	12	19	NKO	ἀρχῆς	archēs	G0746	N-GSF	ἀρχή	beginning	beginning	NA28+NA27+Tyn+SBL+WH+Treg+TR+Byz	
5	12	20	NKO	τῶν	tōn	G3588	T-GPN	ὁ	the/this/who	of the	NA28+NA27+Tyn+SBL+WH+Treg+TR+Byz	
5	12	21	NKO	λογίων	logiōn	G3051	N-GPN	λόγιον	oracles	oracles	NA28+NA27+Tyn+SBL+WH+Treg+TR+Byz	
5	12	22	NKO	τοῦ	tou	G3588	T-GSM	ὁ	the/this/who	<the>	NA28+NA27+Tyn+SBL+WH+Treg+TR+Byz	
5	12	23	NKO	θεοῦ	theou	G2316	N-GSM-T	θεός	God	of God	NA28+NA27+Tyn+SBL+WH+Treg+TR+Byz	
5	12	24	NKO	καὶ	kai	G2532	CONJ	καί	and	and	NA28+NA27+Tyn+SBL+WH+Treg+TR+Byz	
5	12	25	NKO	γεγόνατε	gegonate	G1096	V-2RAI-2P	γίνομαι	to be	you have become	NA28+NA27+Tyn+SBL+WH+Treg+TR+Byz	
5	12	26	NKO	χρείαν	chreian	G5532	N-ASF	χρεία	need	need	NA28+NA27+Tyn+SBL+WH+Treg+TR+Byz	
5	12	27	NKO	ἔχοντες	echontes	G2192	V-PAP-NPM	ἔχω	to have/be	[those] having	NA28+NA27+Tyn+SBL+WH+Treg+TR+Byz	
5	12	28	NKO	γάλακτος	galaktos	G1051	N-GSN	γάλα	milk	of milk	NA28+NA27+Tyn+SBL+WH+Treg+TR+Byz	
5	12	29	NKO	καὶ	kai	G2532	CONJ	καί	and	and	NA28+NA27+Treg+TR+Byz	
5	12	30	NKO	οὐ	ou	G3756	PRT-N	οὐ	no	not	NA28+NA27+Tyn+SBL+WH+Treg+TR+Byz	
5	12	31	NKO	στερεᾶς	stereas	G4731	A-GSF	στερεός	strong	of solid	NA28+NA27+Tyn+SBL+WH+Treg+TR+Byz	
5	12	32	NKO	τροφῆς.	trophēs	G5160	N-GSF	τροφή	food	food.	NA28+NA27+Tyn+SBL+WH+Treg+TR+Byz	
5	13	1	NKO	πᾶς	pas	G3956	A-NSM	πᾶς	all	Everyone	NA28+NA27+Tyn+SBL+WH+Treg+TR+Byz	
5	13	2	NKO	γὰρ	gar	G1063	CONJ	γάρ	for	for	NA28+NA27+Tyn+SBL+WH+Treg+TR+Byz	
5	13	3	NKO	ὁ	ho	G3588	T-NSM	ὁ	the/this/who	who	NA28+NA27+Tyn+SBL+WH+Treg+TR+Byz	
5	13	4	NKO	μετέχων	metechōn	G3348	V-PAP-NSM	μετέχω	to share	is partaking [only]	NA28+NA27+Tyn+SBL+WH+Treg+TR+Byz	
5	13	5	NKO	γάλακτος	galaktos	G1051	N-GSN	γάλα	milk	of milk	NA28+NA27+Tyn+SBL+WH+Treg+TR+Byz	
5	13	6	NKO	ἄπειρος	apeiros	G0552	A-NSM	ἄπειρος	unacquainted	[is] inexperienced	NA28+NA27+Tyn+SBL+WH+Treg+TR+Byz	
5	13	7	NKO	λόγου	logou	G3056	N-GSM	λόγος	word	in [the] word	NA28+NA27+Tyn+SBL+WH+Treg+TR+Byz	
5	13	8	NKO	δικαιοσύνης·	dikaiosunēs	G1343	N-GSF	δικαιοσύνη	righteousness	of righteousness;	NA28+NA27+Tyn+SBL+WH+Treg+TR+Byz	
5	13	9	NKO	νήπιος	nēpios	G3516	A-NSM	νήπιος	child	an infant	NA28+NA27+Tyn+SBL+WH+Treg+TR+Byz	
5	13	10	NKO	γάρ	gar	G1063	CONJ	γάρ	for	for	NA28+NA27+Tyn+SBL+WH+Treg+TR+Byz	
5	13	11	NKO	ἐστιν·	estin	G1510	V-PAI-3S	εἰμί	to be	he is;	NA28+NA27+Tyn+SBL+WH+Treg+TR+Byz	
5	14	1	NKO	τελείων	teleiōn	G5046	A-GPM	τέλειος	perfect	[for the] mature	NA28+NA27+Tyn+SBL+WH+Treg+TR+Byz	
5	14	2	NKO	δέ	de	G1161	CONJ	δέ	but/and	however	NA28+NA27+Tyn+SBL+WH+Treg+TR+Byz	
5	14	3	NKO	ἐστιν	estin	G1510	V-PAI-3S	εἰμί	to be	is	NA28+NA27+Tyn+SBL+WH+Treg+TR+Byz	
5	14	4	NKO	ἡ	hē	G3588	T-NSF	ὁ	the/this/who	the	NA28+NA27+Tyn+SBL+WH+Treg+TR+Byz	
5	14	5	NKO	στερεὰ	sterea	G4731	A-NSF	στερεός	strong	solid	NA28+NA27+Tyn+SBL+WH+Treg+TR+Byz	
5	14	6	NKO	τροφὴ	trophē	G5160	N-NSF	τροφή	food	food	NA28+NA27+Tyn+SBL+WH+Treg+TR+Byz	
5	14	7	NKO	τῶν	tōn	G3588	T-GPM	ὁ	the/this/who	for those	NA28+NA27+Tyn+SBL+WH+Treg+TR+Byz	
5	14	8	NKO	διὰ	dia	G1223	PREP	διά	through/because of	through	NA28+NA27+Tyn+SBL+WH+Treg+TR+Byz	
5	14	9	NKO	τὴν	tēn	G3588	T-ASF	ὁ	the/this/who	<the>	NA28+NA27+Tyn+SBL+WH+Treg+TR+Byz	
5	14	10	NKO	ἕξιν	hexin	G1838	N-ASF	ἕξις	habit/practice	constant use	NA28+NA27+Tyn+SBL+WH+Treg+TR+Byz	
5	14	11	NKO	τὰ	ta	G3588	T-APN	ὁ	the/this/who	the	NA28+NA27+Tyn+SBL+WH+Treg+TR+Byz	
5	14	12	NKO	αἰσθητήρια	aisthētēria	G0145	N-APN	αἰσθητήριον	sense	senses	NA28+NA27+Tyn+SBL+WH+Treg+TR+Byz	
5	14	13	NKO	γεγυμνασμένα	gegumnasmena	G1128	V-RPP-APN	γυμνάζω	to train	trained	NA28+NA27+Tyn+SBL+WH+Treg+TR+Byz	
5	14	14	NKO	ἐχόντων	echontōn	G2192	V-PAP-GPM	ἔχω	to have/be	who are having	NA28+NA27+Tyn+SBL+WH+Treg+TR+Byz	
5	14	15	NKO	πρὸς	pros	G4314	PREP	πρός	to/with	[ability] to	NA28+NA27+Tyn+SBL+WH+Treg+TR+Byz	
5	14	16	NKO	διάκρισιν	diakrisin	G1253	N-ASF	διάκρισις	discernment	distinguish	NA28+NA27+Tyn+SBL+WH+Treg+TR+Byz	
5	14	17	NKO	καλοῦ	kalou	G2570G	A-GSN	καλός	good	good	NA28+NA27+Tyn+SBL+WH+Treg+TR+Byz	
5	14	18	NKO	τε	te	G5037	CONJ	τε	and/both	both	NA28+NA27+Tyn+SBL+WH+Treg+TR+Byz	
5	14	19	NKO	καὶ	kai	G2532	CONJ	καί	and	and	NA28+NA27+Tyn+SBL+WH+Treg+TR+Byz	
5	14	20	NKO	κακοῦ.¶	kakou	G2556G	A-GSN	κακός	evil/harm	evil.	NA28+NA27+Tyn+SBL+WH+Treg+TR+Byz	
6	1	1	NKO	Διὸ	Dio	G1352	CONJ	διό	for	Therefore	NA28+NA27+Tyn+SBL+WH+Treg+TR+Byz	
6	1	2	NKO	ἀφέντες	aphentes	G0863G	V-2AAP-NPM	ἀφίημι	to release	having left	NA28+NA27+Tyn+SBL+WH+Treg+TR+Byz	
6	1	3	NKO	τὸν	ton	G3588	T-ASM	ὁ	the/this/who	<the>	NA28+NA27+Tyn+SBL+WH+Treg+TR+Byz	
6	1	4	NKO	τῆς	tēs	G3588	T-GSF	ὁ	the/this/who	the	NA28+NA27+Tyn+SBL+WH+Treg+TR+Byz	
6	1	5	NKO	ἀρχῆς	archēs	G0746	N-GSF	ἀρχή	beginning	beginning	NA28+NA27+Tyn+SBL+WH+Treg+TR+Byz	
6	1	6	NKO	τοῦ	tou	G3588	T-GSM	ὁ	the/this/who	<the>	NA28+NA27+Tyn+SBL+WH+Treg+TR+Byz	
6	1	7	NKO	Χριστοῦ	Christou	G5547	N-GSM-T	Χριστός	Christ	of Christ	NA28+NA27+Tyn+SBL+WH+Treg+TR+Byz	
6	1	8	NKO	λόγον	logon	G3056	N-ASM	λόγος	word	[of the] teaching	NA28+NA27+Tyn+SBL+WH+Treg+TR+Byz	
6	1	9	NKO	ἐπὶ	epi	G1909	PREP	ἐπί	upon/to/against	to	NA28+NA27+Tyn+SBL+WH+Treg+TR+Byz	
6	1	10	NKO	τὴν	tēn	G3588	T-ASF	ὁ	the/this/who	<the>	NA28+NA27+Tyn+SBL+WH+Treg+TR+Byz	
6	1	11	NKO	τελειότητα	teleiotēta	G5047	N-ASF	τελειότης	perfection	maturity	NA28+NA27+Tyn+SBL+WH+Treg+TR+Byz	
6	1	12	NKO	φερώμεθα	pherōmetha	G5342	V-PPS-1P	φέρω	to bear/lead	we may go on	NA28+NA27+Tyn+SBL+WH+Treg+TR+Byz	
6	1	13	NKO	μὴ	mē	G3361	PRT-N	μή	not	not	NA28+NA27+Tyn+SBL+WH+Treg+TR+Byz	
6	1	14	NKO	πάλιν	palin	G3825	ADV	πάλιν	again	again	NA28+NA27+Tyn+SBL+WH+Treg+TR+Byz	
6	1	15	NKO	θεμέλιον	themelion	G2310	N-ASM	θεμέλιος	foundation	a foundation	NA28+NA27+Tyn+SBL+WH+Treg+TR+Byz	
6	1	16	NKO	καταβαλλόμενοι	kataballomenoi	G2598	V-PEP-NPM	καταβάλλω	to lay/throw down	laying	NA28+NA27+Tyn+SBL+WH+Treg+TR+Byz	
6	1	17	NKO	μετανοίας	metanoias	G3341	N-GSF	μετάνοια	repentance	of repentance	NA28+NA27+Tyn+SBL+WH+Treg+TR+Byz	
6	1	18	NKO	ἀπὸ	apo	G0575	PREP	ἀπό	away from	from	NA28+NA27+Tyn+SBL+WH+Treg+TR+Byz	
6	1	19	NKO	νεκρῶν	nekrōn	G3498	A-GPN	νεκρός	dead	dead	NA28+NA27+Tyn+SBL+WH+Treg+TR+Byz	
6	1	20	NKO	ἔργων	ergōn	G2041	N-GPN	ἔργον	work	works	NA28+NA27+Tyn+SBL+WH+Treg+TR+Byz	
6	1	21	NKO	καὶ	kai	G2532	CONJ	καί	and	and	NA28+NA27+Tyn+SBL+WH+Treg+TR+Byz	
6	1	22	NKO	πίστεως	pisteōs	G4102G	N-GSF	πίστις	faith	faith	NA28+NA27+Tyn+SBL+WH+Treg+TR+Byz	
6	1	23	NKO	ἐπὶ	epi	G1909	PREP	ἐπί	upon/to/against	in	NA28+NA27+Tyn+SBL+WH+Treg+TR+Byz	
6	1	24	NKO	θεόν,	theon	G2316	N-ASM-T	θεός	God	God,	NA28+NA27+Tyn+SBL+WH+Treg+TR+Byz	
6	2	1	NKO	βαπτισμῶν	baptismōn	G0909	N-GPM	βαπτισμός	baptism	about baptisms	NA28+NA27+Tyn+SBL+WH+Treg+TR+Byz	
6	2	2	NK(o)	διδαχῆς,	didachēs	G1322	N-GSF	διδαχή	teaching	about teaching,	NA28+NA27+Tyn+Treg+TR+Byz	
6	2	3	NKO	ἐπιθέσεώς	epitheseōs	G1936	N-GSF	ἐπίθεσις	laying on	about laying on	NA28+NA27+Tyn+SBL+WH+Treg+TR+Byz	
6	2	4	NKO	τε	te	G5037	CONJ	τε	and/both	then	NA28+NA27+Tyn+SBL+WH+Treg+TR+Byz	
6	2	5	NKO	χειρῶν,	cheirōn	G5495	N-GPF	χείρ	hand	of hands,	NA28+NA27+Tyn+SBL+WH+Treg+TR+Byz	
6	2	6	NKO	ἀναστάσεώς	anastaseōs	G0386	N-GSF	ἀνάστασις	resurrection	about [the] resurrection	NA28+NA27+Tyn+SBL+WH+Treg+TR+Byz	
6	2	7	NKO	τε	te	G5037	CONJ	τε	and/both	both	NA28+NA27+Tyn+SBL+Treg+TR+Byz	
6	2	8	NKO	νεκρῶν,	nekrōn	G3498	A-GPM	νεκρός	dead	of [the] dead	NA28+NA27+Tyn+SBL+WH+Treg+TR+Byz	
6	2	9	NKO	καὶ	kai	G2532	CONJ	καί	and	and	NA28+NA27+Tyn+SBL+WH+Treg+TR+Byz	
6	2	10	NKO	κρίματος	krimatos	G2917	N-GSN	κρίμα	judgment	about judgment	NA28+NA27+Tyn+SBL+WH+Treg+TR+Byz	
6	2	11	NKO	αἰωνίου.	aiōniou	G0166	A-GSN	αἰώνιος	eternal	eternal.	NA28+NA27+Tyn+SBL+WH+Treg+TR+Byz	
6	3	1	NKO	καὶ	kai	G2532	CONJ	καί	and	And	NA28+NA27+Tyn+SBL+WH+Treg+TR+Byz	
6	3	2	NKO	τοῦτο	touto	G3778	D-ASN	οὗτος	this/he/she/it	this	NA28+NA27+Tyn+SBL+WH+Treg+TR+Byz	
6	3	3	NK(o)	ποιήσομεν	poiēsomen	G4160G	V-FAI-1P	ποιέω	to do/make	we will do	NA28+NA27+Tyn+SBL+WH+Treg+TR	
6	3	4	NKO	ἐάνπερ	eanper	G1437	COND + G4007=CONJ	ἐάν	if + περ=fully	if indeed	NA28+NA27+Tyn+SBL+WH+Treg+TR+Byz	
6	3	5	NKO	ἐπιτρέπῃ	epitrepē	G2010	V-PAS-3S	ἐπιτρέπω	to permit	shall permit	NA28+NA27+Tyn+SBL+WH+Treg+TR+Byz	
6	3	6	NKO	ὁ	ho	G3588	T-NSM	ὁ	the/this/who	<the>	NA28+NA27+Tyn+SBL+WH+Treg+TR+Byz	
6	3	7	NKO	θεός.	theos	G2316	N-NSM-T	θεός	God	God.	NA28+NA27+Tyn+SBL+WH+Treg+TR+Byz	
6	4	1	NKO	ἀδύνατον	adunaton	G0102	A-NSN	ἀδύνατος	unable	[It is] impossible	NA28+NA27+Tyn+SBL+WH+Treg+TR+Byz	
6	4	2	NKO	γὰρ	gar	G1063	CONJ	γάρ	for	for	NA28+NA27+Tyn+SBL+WH+Treg+TR+Byz	
6	4	3	NKO	τοὺς	tous	G3588	T-APM	ὁ	the/this/who	to those	NA28+NA27+Tyn+SBL+WH+Treg+TR+Byz	
6	4	4	NKO	ἅπαξ	hapax	G0530	ADV	ἅπαξ	once	once	NA28+NA27+Tyn+SBL+WH+Treg+TR+Byz	
6	4	5	NKO	φωτισθέντας,	phōtisthentas	G5461	V-APP-APM	φωτίζω	to illuminate	having been enlightened,	NA28+NA27+Tyn+SBL+WH+Treg+TR+Byz	
6	4	6	NKO	γευσαμένους	geusamenous	G1089	V-ADP-APM	γεύω	to taste	having tasted	NA28+NA27+Tyn+SBL+WH+Treg+TR+Byz	
6	4	7	NKO	τε	te	G5037	CONJ	τε	and/both	then	NA28+NA27+Tyn+SBL+WH+Treg+TR+Byz	
6	4	8	NKO	τῆς	tēs	G3588	T-GSF	ὁ	the/this/who	of the	NA28+NA27+Tyn+SBL+WH+Treg+TR+Byz	
6	4	9	NKO	δωρεᾶς	dōreas	G1431	N-GSF	δωρεά	free gift	gift	NA28+NA27+Tyn+SBL+WH+Treg+TR+Byz	
6	4	10	NKO	τῆς	tēs	G3588	T-GSF	ὁ	the/this/who	<the>	NA28+NA27+Tyn+SBL+WH+Treg+TR+Byz	
6	4	11	NKO	ἐπουρανίου	epouraniou	G2032	A-GSF	ἐπουράνιος	heavenly	heavenly	NA28+NA27+Tyn+SBL+WH+Treg+TR+Byz	
6	4	12	NKO	καὶ	kai	G2532	CONJ	καί	and	and	NA28+NA27+Tyn+SBL+WH+Treg+TR+Byz	
6	4	13	NKO	μετόχους	metochous	G3353	N-APM	μέτοχος	partaker	partakers	NA28+NA27+Tyn+SBL+WH+Treg+TR+Byz	
6	4	14	NKO	γενηθέντας	genēthentas	G1096	V-AOP-APM	γίνομαι	to be	having become	NA28+NA27+Tyn+SBL+WH+Treg+TR+Byz	
6	4	15	NKO	πνεύματος	pneumatos	G4151G	N-GSN	πνεῦμα	spirit/breath	of [the] Spirit	NA28+NA27+Tyn+SBL+WH+Treg+TR+Byz	
6	4	16	NKO	ἁγίου	hagiou	G0040G	A-GSN	ἅγιος	holy	Holy	NA28+NA27+Tyn+SBL+WH+Treg+TR+Byz	
6	5	1	NKO	καὶ	kai	G2532	CONJ	καί	and	and	NA28+NA27+Tyn+SBL+WH+Treg+TR+Byz	
6	5	2	NKO	καλὸν	kalon	G2570G	A-ASN	καλός	good	[the] goodness	NA28+NA27+Tyn+SBL+WH+Treg+TR+Byz	
6	5	3	NKO	γευσαμένους	geusamenous	G1089	V-ADP-APM	γεύω	to taste	having tasted	NA28+NA27+Tyn+SBL+WH+Treg+TR+Byz	
6	5	4	NKO	θεοῦ	theou	G2316	N-GSM-T	θεός	God	of God’s	NA28+NA27+Tyn+SBL+WH+Treg+TR+Byz	
6	5	5	NKO	ῥῆμα,	rhēma	G4487	N-ASN	ῥῆμα	declaration	declaration	NA28+NA27+Tyn+SBL+WH+Treg+TR+Byz	
6	5	6	NKO	δυνάμεις	dunameis	G1411	N-APF	δύναμις	power	[the] power	NA28+NA27+Tyn+SBL+WH+Treg+TR+Byz	
6	5	7	NKO	τε	te	G5037	CONJ	τε	and/both	also	NA28+NA27+Tyn+SBL+WH+Treg+TR+Byz	
6	5	8	NKO	μέλλοντος	mellontos	G3195	V-PAP-GSM	μέλλω	to ensue	[of the] coming	NA28+NA27+Tyn+SBL+WH+Treg+TR+Byz	
6	5	9	NKO	αἰῶνος,	aiōnos	G0165G	N-GSM	αἰών	an age	age —	NA28+NA27+Tyn+SBL+WH+Treg+TR+Byz	
6	6	1	NKO	καὶ	kai	G2532	CONJ	καί	and	and then	NA28+NA27+Tyn+SBL+WH+Treg+TR+Byz	
6	6	2	NKO	παραπεσόντας	parapesontas	G3895	V-2AAP-APM	παραπίπτω	to defect	having fallen away —	NA28+NA27+Tyn+SBL+WH+Treg+TR+Byz	
6	6	3	NKO	πάλιν	palin	G3825	ADV	πάλιν	again	again	NA28+NA27+Tyn+SBL+WH+Treg+TR+Byz	
6	6	4	NKO	ἀνακαινίζειν	anakainizein	G0340	V-PAN	ἀνακαινίζω	to restore	to restore [them]	NA28+NA27+Tyn+SBL+WH+Treg+TR+Byz	
6	6	5	NKO	εἰς	eis	G1519	PREP	εἰς	toward	to	NA28+NA27+Tyn+SBL+WH+Treg+TR+Byz	
6	6	6	NKO	μετάνοιαν	metanoian	G3341	N-ASF	μετάνοια	repentance	repentance	NA28+NA27+Tyn+SBL+WH+Treg+TR+Byz	
6	6	7	NKO	ἀνασταυροῦντας	anastaurountas	G0388	V-PAP-APM	ἀνασταυρόω	to recrucify	crucifying	NA28+NA27+Tyn+SBL+WH+Treg+TR+Byz	
6	6	8	NKO	ἑαυτοῖς	he'autois	G1438	F-3DPM	ἑαυτοῦ	my/your/him-self	in themselves	NA28+NA27+Tyn+SBL+WH+Treg+TR+Byz	
6	6	9	NKO	τὸν	ton	G3588	T-ASM	ὁ	the/this/who	the	NA28+NA27+Tyn+SBL+WH+Treg+TR+Byz	
6	6	10	NKO	υἱὸν	huion	G5207	N-ASM	υἱός	son	Son	NA28+NA27+Tyn+SBL+WH+Treg+TR+Byz	
6	6	11	NKO	τοῦ	tou	G3588	T-GSM	ὁ	the/this/who	<the>	NA28+NA27+Tyn+SBL+WH+Treg+TR+Byz	
6	6	12	NKO	θεοῦ	theou	G2316	N-GSM-T	θεός	God	of God	NA28+NA27+Tyn+SBL+WH+Treg+TR+Byz	
6	6	13	NKO	καὶ	kai	G2532	CONJ	καί	and	and	NA28+NA27+Tyn+SBL+WH+Treg+TR+Byz	
6	6	14	NKO	παραδειγματίζοντας.¶	paradeigmatizontas	G3856	V-PAP-APM	παραδειγματίζω	to disgrace	subjecting [Him] to open shame.	NA28+NA27+Tyn+SBL+WH+Treg+TR+Byz	
6	7	1	NKO	Γῆ	Gē	G1093H	N-NSF	γῆ	earth	Land	NA28+NA27+Tyn+SBL+WH+Treg+TR+Byz	
6	7	2	NKO	γὰρ	gar	G1063	CONJ	γάρ	for	for	NA28+NA27+Tyn+SBL+WH+Treg+TR+Byz	
6	7	3	NKO	ἡ	hē	G3588	T-NSF	ὁ	the/this/who	<the>	NA28+NA27+Tyn+SBL+WH+Treg+TR+Byz	
6	7	4	NKO	πιοῦσα	piousa	G4095	V-2AAP-NSF	πίνω	to drink	having drunk in	NA28+NA27+Tyn+SBL+WH+Treg+TR+Byz	
6	7	5	NKO	τὸν	ton	G3588	T-ASM	ὁ	the/this/who	the	NA28+NA27+Tyn+SBL+WH+Treg+TR+Byz	
6	7	6	NKO	ἐπ᾽	ep᾽	G1909	PREP	ἐπί	upon/to/against	upon	NA28+NA27+Tyn+SBL+WH+Treg+TR+Byz	
6	7	7	NKO	αὐτῆς	autēs	G0846	P-GSF	αὐτός	he/she/it/self	it	NA28+NA27+Tyn+SBL+WH+Treg+TR+Byz	
6	7	8	NKO	ἐρχόμενον	erchomenon	G2064	V-PNP-ASM	ἔρχομαι	to come/go	coming	NA28+NA27+Tyn+SBL+WH+Treg+TR»1+Byz»1	
6	7	9	NKO	πολλάκις	pollakis	G4178	ADV	πολλάκις	often	often	NA28+NA27+Tyn+SBL+WH+Treg+TR+Byz	
6	7	10	NKO	ὑετὸν	hu'eton	G5205	N-ASM	ὑετός	rain	rain	NA28+NA27+Tyn+SBL+WH+Treg+TR+Byz	
6	7	11	NKO	καὶ	kai	G2532	CONJ	καί	and	and	NA28+NA27+Tyn+SBL+WH+Treg+TR+Byz	
6	7	12	NKO	τίκτουσα	tiktousa	G5088	V-PAP-NSF	τίκτω	to give birth to	producing	NA28+NA27+Tyn+SBL+WH+Treg+TR+Byz	
6	7	13	NKO	βοτάνην	botanēn	G1008	N-ASF	βοτάνη	crop	vegetation	NA28+NA27+Tyn+SBL+WH+Treg+TR+Byz	
6	7	14	NKO	εὔθετον	eutheton	G2111	A-ASF	εὔθετος	suitable	useful	NA28+NA27+Tyn+SBL+WH+Treg+TR+Byz	
6	7	15	NKO	ἐκείνοις	ekeinois	G1565	D-DPM	ἐκεῖνος	that	for those	NA28+NA27+Tyn+SBL+WH+Treg+TR+Byz	
6	7	16	NKO	δι᾽	di᾽	G1223	PREP	διά	through/because of	for the sake of	NA28+NA27+Tyn+SBL+WH+Treg+TR+Byz	
6	7	17	NKO	οὓς	hous	G3739	R-APM	ὅς, ἥ	which	whom	NA28+NA27+Tyn+SBL+WH+Treg+TR+Byz	
6	7	18	NKO	καὶ	kai	G2532	CONJ	καί	and	also	NA28+NA27+Tyn+SBL+WH+Treg+TR+Byz	
6	7	19	NKO	γεωργεῖται,	geōrgeitai	G1090	V-PPI-3S	γεωργέω	to farm	it is tilled,	NA28+NA27+Tyn+SBL+WH+Treg+TR+Byz	
6	7	20	NKO	μεταλαμβάνει	metalambanei	G3335	V-PAI-3S	μεταλαμβάνω	to partake	partakes	NA28+NA27+Tyn+SBL+WH+Treg+TR+Byz	
6	7	21	NKO	εὐλογίας	eulogias	G2129	N-GSF	εὐλογία	praise	of blessing	NA28+NA27+Tyn+SBL+WH+Treg+TR+Byz	
6	7	22	NKO	ἀπὸ	apo	G0575	PREP	ἀπό	away from	from	NA28+NA27+Tyn+SBL+WH+Treg+TR+Byz	
6	7	23	NKO	τοῦ	tou	G3588	T-GSM	ὁ	the/this/who	<the>	NA28+NA27+Tyn+SBL+WH+Treg+TR+Byz	
6	7	24	NKO	θεοῦ·	theou	G2316	N-GSM-T	θεός	God	God;	NA28+NA27+Tyn+SBL+WH+Treg+TR+Byz	
6	8	1	NKO	ἐκφέρουσα	ekpherousa	G1627	V-PAP-NSF	ἐκφέρω	to bring/carry out	[That] bringing forth	NA28+NA27+Tyn+SBL+WH+Treg+TR+Byz	
6	8	2	NKO	δὲ	de	G1161	CONJ	δέ	but/and	however	NA28+NA27+Tyn+SBL+WH+Treg+TR+Byz	
6	8	3	NKO	ἀκάνθας	akanthas	G0173	N-APF	ἄκανθα	a thorn	thorns	NA28+NA27+Tyn+SBL+WH+Treg+TR+Byz	
6	8	4	NKO	καὶ	kai	G2532	CONJ	καί	and	and	NA28+NA27+Tyn+SBL+WH+Treg+TR+Byz	
6	8	5	NKO	τριβόλους	tribolous	G5146	N-APM	τρίβολος	thistle	thistles	NA28+NA27+Tyn+SBL+WH+Treg+TR+Byz	
6	8	6	NKO	ἀδόκιμος	adokimos	G0096	A-NSF	ἀδόκιμος	failing	[is] worthless	NA28+NA27+Tyn+SBL+WH+Treg+TR+Byz	
6	8	7	NKO	καὶ	kai	G2532	CONJ	καί	and	and	NA28+NA27+Tyn+SBL+WH+Treg+TR+Byz	
6	8	8	NKO	κατάρας	kataras	G2671	N-GSF	κατάρα	curse	a curse	NA28+NA27+Tyn+SBL+WH+Treg+TR+Byz	
6	8	9	NKO	ἐγγύς,	engus	G1451	PREP	ἐγγύς	near	near to,	NA28+NA27+Tyn+SBL+WH+Treg+TR+Byz	
6	8	10	NKO	ἧς	hēs	G3739	R-GSF	ὅς, ἥ	which	of which	NA28+NA27+Tyn+SBL+WH+Treg+TR+Byz	
6	8	11	NKO	τὸ	to	G3588	T-NSN	ὁ	the/this/who	the	NA28+NA27+Tyn+SBL+WH+Treg+TR+Byz	
6	8	12	NKO	τέλος	telos	G5056	N-NSN	τέλος	goal/tax	end [is]	NA28+NA27+Tyn+SBL+WH+Treg+TR+Byz	
6	8	13	NKO	εἰς	eis	G1519	PREP	εἰς	toward	unto	NA28+NA27+Tyn+SBL+WH+Treg+TR+Byz	
6	8	14	NKO	καῦσιν.¶	kausin	G2740	N-ASF	καῦσις	burning	burning.	NA28+NA27+Tyn+SBL+WH+Treg+TR+Byz	
6	9	1	NKO	Πεπείσμεθα	Pepeismetha	G3982	V-RPI-1P	πείθω	to persuade	We have been persuaded	NA28+NA27+Tyn+SBL+WH+Treg+TR+Byz	
6	9	2	NKO	δὲ	de	G1161	CONJ	δέ	but/and	however	NA28+NA27+Tyn+SBL+WH+Treg+TR+Byz	
6	9	3	NKO	περὶ	peri	G4012	PREP	περί	about	concerning	NA28+NA27+Tyn+SBL+WH+Treg+TR+Byz	
6	9	4	NKO	ὑμῶν,	humōn	G4771	P-2GP	σύ	you	you,	NA28+NA27+Tyn+SBL+WH+Treg+TR+Byz	
6	9	5	NKO	ἀγαπητοί,	agapētoi	G0027	A-VPM	ἀγαπητός	beloved	beloved,	NA28+NA27+Tyn+SBL+WH+Treg+TR+Byz	
6	9	6	NKO	τὰ	ta	G3588	T-APN	ὁ	the/this/who	[of] <the> [things]	NA28+NA27+Tyn+SBL+WH+Treg+TR+Byz	
6	9	7	NKO	κρείσσονα	kreissona	G2908	A-APN-C	κρείσσων	greater	better	NA28+NA27+Tyn+SBL+WH+Treg+TR+Byz	
6	9	8	NKO	καὶ	kai	G2532	CONJ	καί	and	and	NA28+NA27+Tyn+SBL+WH+Treg+TR+Byz	
6	9	9	NKO	ἐχόμενα	echomena	G2192	V-PMP-APN	ἔχω	to have/be	[things] accompanying	NA28+NA27+Tyn+SBL+WH+Treg+TR+Byz	
6	9	10	NKO	σωτηρίας,	sōtērias	G4991	N-GSF	σωτηρία	salvation	salvation,	NA28+NA27+Tyn+SBL+WH+Treg+TR+Byz	
6	9	11	NKO	εἰ	ei	G1487M	COND	εἰ	if	if	NA28+NA27+Tyn+SBL+WH+Treg+TR+Byz	
6	9	12	NKO	καὶ	kai	G2532	CONJ	καί	and	even	NA28+NA27+Tyn+SBL+WH+Treg+TR+Byz	
6	9	13	NKO	οὕτως	houtōs	G3779	ADV	οὕτω, οὕτως	thus(-ly)	like this	NA28+NA27+Tyn+SBL+WH+Treg+TR+Byz	
6	9	14	NKO	λαλοῦμεν.	laloumen	G2980	V-PAI-1P	λαλέω	to speak	we speak.	NA28+NA27+Tyn+SBL+WH+Treg+TR+Byz	
6	10	1	NKO	οὐ	ou	G3756	PRT-N	οὐ	no	Not	NA28+NA27+Tyn+SBL+WH+Treg+TR+Byz	
6	10	2	NKO	γὰρ	gar	G1063	CONJ	γάρ	for	for	NA28+NA27+Tyn+SBL+WH+Treg+TR+Byz	
6	10	3	NKO	ἄδικος	adikos	G0094	A-NSM	ἄδικος	unjust	unjust [is]	NA28+NA27+Tyn+SBL+WH+Treg+TR+Byz	
6	10	4	NKO	ὁ	ho	G3588	T-NSM	ὁ	the/this/who	<the>	NA28+NA27+Tyn+SBL+WH+Treg+TR+Byz	
6	10	5	NKO	θεὸς	theos	G2316	N-NSM-T	θεός	God	God	NA28+NA27+Tyn+SBL+WH+Treg+TR+Byz	
6	10	6	NKO	ἐπιλαθέσθαι	epilathesthai	G1950	V-2ADN	ἐπιλανθάνω	to forget	to forget	NA28+NA27+Tyn+SBL+WH+Treg+TR+Byz	
6	10	7	NKO	τοῦ	tou	G3588	T-GSN	ὁ	the/this/who	the	NA28+NA27+Tyn+SBL+WH+Treg+TR+Byz	
6	10	8	NKO	ἔργου	ergou	G2041	N-GSN	ἔργον	work	work	NA28+NA27+Tyn+SBL+WH+Treg+TR+Byz	
6	10	9	NKO	ὑμῶν	humōn	G4771	P-2GP	σύ	you	of you	NA28+NA27+Tyn+SBL+WH+Treg+TR+Byz	
6	10	10	NKO	καὶ	kai	G2532	CONJ	καί	and	and	NA28+NA27+Tyn+SBL+WH+Treg+TR+Byz	
6	10	11	K	τοῦ	tou	G3588	T-GSM	ὁ	the/this/who	the	TR+Byz	
6	10	12	K	κόπου	kopou	G2873	N-GSM	κόπος	labor	labor	TR+Byz	
6	10	13	NKO	τῆς	tēs	G3588	T-GSF	ὁ	the/this/who	the	NA28+NA27+Tyn+SBL+WH+Treg+TR+Byz	
6	10	14	NKO	ἀγάπης	agapēs	G0026	N-GSF	ἀγάπη	love	love	NA28+NA27+Tyn+SBL+WH+Treg+TR+Byz	
6	10	15	NKO	ἧς	hēs	G3739	R-GSF	ὅς, ἥ	which	that	NA28+NA27+Tyn+SBL+WH+Treg+TR+Byz	
6	10	16	NKO	ἐνεδείξασθε	enedeixasthe	G1731	V-AMI-2P	ἐνδείκνυμι	to show	you have shown	NA28+NA27+Tyn+SBL+WH+Treg+TR+Byz	
6	10	17	NKO	εἰς	eis	G1519	PREP	εἰς	toward	toward	NA28+NA27+Tyn+SBL+WH+Treg+TR+Byz	
6	10	18	NKO	τὸ	to	G3588	T-ASN	ὁ	the/this/who	the	NA28+NA27+Tyn+SBL+WH+Treg+TR+Byz	
6	10	19	NKO	ὄνομα	onoma	G3686	N-ASN	ὄνομα	name	name	NA28+NA27+Tyn+SBL+WH+Treg+TR+Byz	
6	10	20	NKO	αὐτοῦ	autou	G0846	P-GSM	αὐτός	he/she/it/self	of Him	NA28+NA27+Tyn+SBL+WH+Treg+TR+Byz	
6	10	21	NKO	διακονήσαντες	diakonēsantes	G1247	V-AAP-NPM	διακονέω	to serve	having ministered	NA28+NA27+Tyn+SBL+WH+Treg+TR+Byz	
6	10	22	NKO	τοῖς	tois	G3588	T-DPM	ὁ	the/this/who	to the	NA28+NA27+Tyn+SBL+WH+Treg+TR+Byz	
6	10	23	NKO	ἁγίοις	hagiois	G0040H	A-DPM	ἅγιος	holy	saints	NA28+NA27+Tyn+SBL+WH+Treg+TR+Byz	
6	10	24	NKO	καὶ	kai	G2532	CONJ	καί	and	and	NA28+NA27+Tyn+SBL+WH+Treg+TR+Byz	
6	10	25	NKO	διακονοῦντες.	diakonountes	G1247	V-PAP-NPM	διακονέω	to serve	[still] ministering.	NA28+NA27+Tyn+SBL+WH+Treg+TR+Byz	
6	11	1	NKO	ἐπιθυμοῦμεν	epithumoumen	G1937	V-PAI-1P	ἐπιθυμέω	to long for	We desire	NA28+NA27+Tyn+SBL+WH+Treg+TR+Byz	
6	11	2	NKO	δὲ	de	G1161	CONJ	δέ	but/and	now	NA28+NA27+Tyn+SBL+WH+Treg+TR+Byz	
6	11	3	NKO	ἕκαστον	hekaston	G1538	A-ASM	ἕκαστος	each	each	NA28+NA27+Tyn+SBL+WH+Treg+TR+Byz	
6	11	4	NKO	ὑμῶν	humōn	G4771	P-2GP	σύ	you	of you	NA28+NA27+Tyn+SBL+WH+Treg+TR+Byz	
6	11	5	NKO	τὴν	tēn	G3588	T-ASF	ὁ	the/this/who	the	NA28+NA27+Tyn+SBL+WH+Treg+TR+Byz	
6	11	6	NKO	αὐτὴν	autēn	G0846	P-ASF	αὐτός	he/she/it/self	same	NA28+NA27+Tyn+SBL+WH+Treg+TR+Byz	
6	11	7	NKO	ἐνδείκνυσθαι	endeiknusthai	G1731	V-PMN	ἐνδείκνυμι	to show	to show	NA28+NA27+Tyn+SBL+WH+Treg+TR+Byz	
6	11	8	NKO	σπουδὴν	spoudēn	G4710	N-ASF	σπουδή	diligence	earnestness	NA28+NA27+Tyn+SBL+WH+Treg+TR+Byz	
6	11	9	NKO	πρὸς	pros	G4314	PREP	πρός	to/with	toward	NA28+NA27+Tyn+SBL+WH+Treg+TR+Byz	
6	11	10	NKO	τὴν	tēn	G3588	T-ASF	ὁ	the/this/who	the	NA28+NA27+Tyn+SBL+WH+Treg+TR+Byz	
6	11	11	NKO	πληροφορίαν	plērophorian	G4136	N-ASF	πληροφορία	assurance	full assurance	NA28+NA27+Tyn+SBL+WH+Treg+TR+Byz	
6	11	12	NKO	τῆς	tēs	G3588	T-GSF	ὁ	the/this/who	of the	NA28+NA27+Tyn+SBL+WH+Treg+TR+Byz	
6	11	13	NKO	ἐλπίδος	elpidos	G1680	N-GSF	ἐλπίς	hope	hope	NA28+NA27+Tyn+SBL+WH+Treg+TR+Byz	
6	11	14	NKO	ἄχρι	achri	G0891	PREP	ἄχρι	until	unto	NA28+NA27+Tyn+SBL+WH+Treg+TR+Byz	
6	11	15	NKO	τέλους·	telous	G5056	N-GSN	τέλος	goal/tax	[the] end;	NA28+NA27+Tyn+SBL+WH+Treg+TR+Byz	
6	12	1	NKO	ἵνα	ina	G2443	CONJ	ἵνα	in order that/to	so that	NA28+NA27+Tyn+SBL+WH+Treg+TR+Byz	
6	12	2	NKO	μὴ	mē	G3361	PRT-N	μή	not	not	NA28+NA27+Tyn+SBL+WH+Treg+TR+Byz	
6	12	3	NKO	νωθροὶ	nōthroi	G3576	A-NPM	νωθρός	dull	sluggish	NA28+NA27+Tyn+SBL+WH+Treg+TR+Byz	
6	12	4	NKO	γένησθε,	genēsthe	G1096	V-2ADS-2P	γίνομαι	to be	you may be,	NA28+NA27+Tyn+SBL+WH+Treg+TR+Byz	
6	12	5	NKO	μιμηταὶ	mimētai	G3402	N-NPM	μιμητής	imitator	imitators	NA28+NA27+Tyn+SBL+WH+Treg+TR+Byz	
6	12	6	NKO	δὲ	de	G1161	CONJ	δέ	but/and	however	NA28+NA27+Tyn+SBL+WH+Treg+TR+Byz	
6	12	7	NKO	τῶν	tōn	G3588	T-GPM	ὁ	the/this/who	of those	NA28+NA27+Tyn+SBL+WH+Treg+TR+Byz	
6	12	8	NKO	διὰ	dia	G1223	PREP	διά	through/because of	through	NA28+NA27+Tyn+SBL+WH+Treg+TR+Byz	
6	12	9	NKO	πίστεως	pisteōs	G4102G	N-GSF	πίστις	faith	faith	NA28+NA27+Tyn+SBL+WH+Treg+TR+Byz	
6	12	10	NKO	καὶ	kai	G2532	CONJ	καί	and	and	NA28+NA27+Tyn+SBL+WH+Treg+TR+Byz	
6	12	11	NKO	μακροθυμίας	makrothumias	G3115	N-GSF	μακροθυμία	patience	patience	NA28+NA27+Tyn+SBL+WH+Treg+TR+Byz	
6	12	12	NKO	κληρονομούντων	klēronomountōn	G2816	V-PAP-GPM	κληρονομέω	to inherit	inheriting	NA28+NA27+Tyn+SBL+WH+Treg+TR+Byz	
6	12	13	NKO	τὰς	tas	G3588	T-APF	ὁ	the/this/who	the	NA28+NA27+Tyn+SBL+WH+Treg+TR+Byz	
6	12	14	NKO	ἐπαγγελίας.	epangelias	G1860	N-APF	ἐπαγγελία	promise	promises.	NA28+NA27+Tyn+SBL+WH+Treg+TR+Byz	
6	13	1	NKO	τῷ	tō	G3588	T-DSM	ὁ	the/this/who	<the>	NA28+NA27+Tyn+SBL+WH+Treg+TR+Byz	
6	13	2	NKO	γὰρ	gar	G1063	CONJ	γάρ	for	For	NA28+NA27+Tyn+SBL+WH+Treg+TR+Byz	
6	13	3	NKO	Ἀβραὰμ	Abraam	G0011	N-DSM-P	Ἀβραάμ	Abraham	to Abraham	NA28+NA27+Tyn+SBL+WH+Treg+TR+Byz	
6	13	4	NKO	ἐπαγγειλάμενος	epangeilamenos	G1861	V-ADP-NSM	ἐπαγγέλλω	to profess	having made His promise	NA28+NA27+Tyn+SBL+WH+Treg+TR+Byz	
6	13	5	NKO	ὁ	ho	G3588	T-NSM	ὁ	the/this/who	<the>	NA28+NA27+Tyn+SBL+WH+Treg+TR+Byz	
6	13	6	NKO	θεός,	theos	G2316	N-NSM-T	θεός	God	God,	NA28+NA27+Tyn+SBL+WH+Treg+TR+Byz	
6	13	7	NKO	ἐπεὶ	epei	G1893	CONJ	ἐπεί	since	since	NA28+NA27+Tyn+SBL+WH+Treg+TR+Byz	
6	13	8	NKO	κατ᾽	kat᾽	G2596	PREP	κατά	according to	by	NA28+NA27+Tyn+SBL+WH+Treg+TR+Byz	
6	13	9	NKO	οὐδενὸς	oudenos	G3762	A-GSM	οὐδείς	none	no [one]	NA28+NA27+Tyn+SBL+WH+Treg+TR+Byz	
6	13	10	NKO	εἶχεν	eichen	G2192	V-IAI-3S	ἔχω	to have/be	He had	NA28+NA27+Tyn+SBL+WH+Treg+TR+Byz	
6	13	11	NKO	μείζονος	meizonos	G3173	A-GSM-C	μέγας	great	greater	NA28+NA27+Tyn+SBL+WH+Treg+TR+Byz	
6	13	12	NKO	ὀμόσαι,	omosai	G3660	V-AAN	ὄμνυμι	to swear	to swear,	NA28+NA27+Tyn+SBL+WH+Treg+TR+Byz	
6	13	13	NKO	ὤμοσεν	ōmosen	G3660	V-AAI-3S	ὄμνυμι	to swear	He swore	NA28+NA27+Tyn+SBL+WH+Treg+TR+Byz	
6	13	14	NKO	καθ᾽	kath᾽	G2596	PREP	κατά	according to	by	NA28+NA27+Tyn+SBL+WH+Treg+TR+Byz	
6	13	15	NKO	ἑαυτοῦ	he'autou	G1438	F-3GSM	ἑαυτοῦ	my/your/him-self	Himself	NA28+NA27+Tyn+SBL+WH+Treg+TR+Byz	
6	14	1	NKO	λέγων·	legōn	G3004G	V-PAP-NSM	λέγω	to speak	saying;	NA28+NA27+Tyn+SBL+WH+Treg+TR+Byz	
6	14	2	N(k)O	εἰ	ei	G1487K	COND	εἰ	if	If	NA28+NA27+Tyn+SBL+WH+Treg	
6	14	3	NKO	μὴν	mēn	G3375	PRT	μήν	certainly	surely	NA28+NA27+Tyn+SBL+WH+Treg+TR+Byz	
6	14	4	NKO	εὐλογῶν	eulogōn	G2127	V-PAP-NSM	εὐλογέω	to praise/bless	blessing	NA28+NA27+Tyn+SBL+WH+Treg+TR+Byz	
6	14	5	NKO	εὐλογήσω	eulogēsō	G2127	V-FAI-1S	εὐλογέω	to praise/bless	I will bless	NA28+NA27+Tyn+SBL+WH+Treg+TR+Byz	
6	14	6	NKO	σε	se	G4771	P-2AS	σύ	you	you	NA28+NA27+Tyn+SBL+WH+Treg+TR+Byz	
6	14	7	NKO	καὶ	kai	G2532	CONJ	καί	and	and	NA28+NA27+Tyn+SBL+WH+Treg+TR+Byz	
6	14	8	NKO	πληθύνων	plēthunōn	G4129	V-PAP-NSM	πληθύνω	to multiply	multiplying	NA28+NA27+Tyn+SBL+WH+Treg+TR+Byz	
6	14	9	NKO	πληθυνῶ	plēthunō	G4129	V-FAI-1S	πληθύνω	to multiply	I will multiply	NA28+NA27+Tyn+SBL+WH+Treg+TR+Byz	
6	14	10	NKO	σε·	se	G4771	P-2AS	σύ	you	you;	NA28+NA27+Tyn+SBL+WH+Treg+TR+Byz	
6	15	1	NKO	καὶ	kai	G2532	CONJ	καί	and	And	NA28+NA27+Tyn+SBL+WH+Treg+TR+Byz	
6	15	2	NKO	οὕτως	houtōs	G3779	ADV	οὕτω, οὕτως	thus(-ly)	thus	NA28+NA27+Tyn+SBL+WH+Treg+TR+Byz	
6	15	3	NKO	μακροθυμήσας	makrothumēsas	G3114	V-AAP-NSM	μακροθυμέω	to have patience	having waited patiently	NA28+NA27+Tyn+SBL+WH+Treg+TR+Byz	
6	15	4	NKO	ἐπέτυχεν	epetuchen	G2013	V-2AAI-3S	ἐπιτυγχάνω	to obtain	he obtained	NA28+NA27+Tyn+SBL+WH+Treg+TR+Byz	
6	15	5	NKO	τῆς	tēs	G3588	T-GSF	ὁ	the/this/who	the	NA28+NA27+Tyn+SBL+WH+Treg+TR+Byz	
6	15	6	NKO	ἐπαγγελίας.	epangelias	G1860	N-GSF	ἐπαγγελία	promise	promise.	NA28+NA27+Tyn+SBL+WH+Treg+TR+Byz	
6	16	1	NKO	ἄνθρωποι	anthrōpoi	G0444	N-NPM	ἄνθρωπος	a human	Men	NA28+NA27+Tyn+SBL+WH+Treg+TR+Byz	
6	16	2	k	μὲν	men	G3303	PRT	μέν	on one hand	indeed	TR+Byz	
6	16	3	NKO	γὰρ	gar	G1063	CONJ	γάρ	for	for	NA28+NA27+Tyn+SBL+WH+Treg+TR+Byz	
6	16	4	NKO	κατὰ	kata	G2596	PREP	κατά	according to	by	NA28+NA27+Tyn+SBL+WH+Treg+TR+Byz	
6	16	5	NKO	τοῦ	tou	G3588	T-GSM	ὁ	the/this/who	[one]	NA28+NA27+Tyn+SBL+WH+Treg+TR+Byz	
6	16	6	NKO	μείζονος	meizonos	G3173	A-GSM-C	μέγας	great	greater	NA28+NA27+Tyn+SBL+WH+Treg+TR+Byz	
6	16	7	NKO	ὀμνύουσιν,	omnuousin	G3660	V-PAI-3P	ὄμνυμι	to swear	swear,	NA28+NA27+Tyn+SBL+WH+Treg+TR+Byz	
6	16	8	NKO	καὶ	kai	G2532	CONJ	καί	and	and	NA28+NA27+Tyn+SBL+WH+Treg+TR+Byz	
6	16	9	NKO	πάσης	pasēs	G3956	A-GSF	πᾶς	all	in all	NA28+NA27+Tyn+SBL+WH+Treg+TR+Byz	
6	16	10	NKO	αὐτοῖς	autois	G0846	P-DPM	αὐτός	he/she/it/self	their	NA28+NA27+Tyn+SBL+WH+Treg+TR+Byz	
6	16	11	NKO	ἀντιλογίας	antilogias	G0485	N-GSF	ἀντιλογία	dispute	disputes	NA28+NA27+Tyn+SBL+WH+Treg+TR+Byz	
6	16	12	NKO	πέρας	peras	G4009	N-NSN	πέρας	end	finally	NA28+NA27+Tyn+SBL+WH+Treg+TR+Byz	
6	16	13	NKO	εἰς	eis	G1519	PREP	εἰς	toward	[comes] to	NA28+NA27+Tyn+SBL+WH+Treg+TR+Byz	
6	16	14	NKO	βεβαίωσιν	bebaiōsin	G0951	N-ASF	βεβαίωσις	confirmation	confirmation	NA28+NA27+Tyn+SBL+WH+Treg+TR+Byz	
6	16	15	NKO	ὁ	ho	G3588	T-NSM	ὁ	the/this/who	in the	NA28+NA27+Tyn+SBL+WH+Treg+TR+Byz	
6	16	16	NKO	ὅρκος·	horkos	G3727	N-NSM	ὅρκος	oath	oath;	NA28+NA27+Tyn+SBL+WH+Treg+TR+Byz	
6	17	1	NKO	ἐν	en	G1722	PREP	ἐν	in/on/among	In	NA28+NA27+Tyn+SBL+WH+Treg+TR+Byz	
6	17	2	NKO	ᾧ	hō	G3739	R-DSN	ὅς, ἥ	which	which	NA28+NA27+Tyn+SBL+WH+Treg+TR+Byz	
6	17	3	NKO	περισσότερον	perissoteron	G4054	ADV-C	περισσότερον	more-abundantly	more excessive	NA28+NA27+Tyn+SBL+WH+Treg+TR+Byz	
6	17	4	NKO	βουλόμενος	boulomenos	G1014	V-PNP-NSM	βούλομαι	to plan	desiring	NA28+NA27+Tyn+SBL+WH+Treg+TR+Byz	
6	17	5	NKO	ὁ	ho	G3588	T-NSM	ὁ	the/this/who	<the>	NA28+NA27+Tyn+SBL+WH+Treg+TR+Byz	
6	17	6	NKO	θεὸς	theos	G2316	N-NSM-T	θεός	God	God	NA28+NA27+Tyn+SBL+WH+Treg+TR+Byz	
6	17	7	NKO	ἐπιδεῖξαι	epideixai	G1925	V-AAN	ἐπιδείκνυμι	to show/prove	to show	NA28+NA27+Tyn+SBL+WH+Treg+TR+Byz	
6	17	8	NKO	τοῖς	tois	G3588	T-DPM	ὁ	the/this/who	to the	NA28+NA27+Tyn+SBL+WH+Treg+TR+Byz	
6	17	9	NKO	κληρονόμοις	klēronomois	G2818	N-DPM	κληρονόμος	heir	heirs	NA28+NA27+Tyn+SBL+WH+Treg+TR+Byz	
6	17	10	NKO	τῆς	tēs	G3588	T-GSF	ὁ	the/this/who	of the	NA28+NA27+Tyn+SBL+WH+Treg+TR+Byz	
6	17	11	NKO	ἐπαγγελίας	epangelias	G1860	N-GSF	ἐπαγγελία	promise	promise	NA28+NA27+Tyn+SBL+WH+Treg+TR+Byz	
6	17	12	NKO	τὸ	to	G3588	T-ASN	ὁ	the/this/who	the	NA28+NA27+Tyn+SBL+WH+Treg+TR+Byz	
6	17	13	NKO	ἀμετάθετον	ametatheton	G0276	A-ASN	ἀμετάθετος	unchangeable	unchangeableness	NA28+NA27+Tyn+SBL+WH+Treg+TR+Byz	
6	17	14	NKO	τῆς	tēs	G3588	T-GSF	ὁ	the/this/who	of the	NA28+NA27+Tyn+SBL+WH+Treg+TR+Byz	
6	17	15	NKO	βουλῆς	boulēs	G1012	N-GSF	βουλή	plan	purpose	NA28+NA27+Tyn+SBL+WH+Treg+TR+Byz	
6	17	16	NKO	αὐτοῦ	autou	G0846	P-GSM	αὐτός	he/she/it/self	of Him	NA28+NA27+Tyn+SBL+WH+Treg+TR+Byz	
6	17	17	NKO	ἐμεσίτευσεν	emesiteusen	G3315	V-AAI-3S	μεσιτεύω	to guarantee	guaranteed [it]	NA28+NA27+Tyn+SBL+WH+Treg+TR+Byz	
6	17	18	NKO	ὅρκῳ,	horkō	G3727	N-DSM	ὅρκος	oath	by an oath,	NA28+NA27+Tyn+SBL+WH+Treg+TR+Byz	
6	18	1	NKO	ἵνα	ina	G2443	CONJ	ἵνα	in order that/to	so that	NA28+NA27+Tyn+SBL+WH+Treg+TR+Byz	
6	18	2	NKO	διὰ	dia	G1223	PREP	διά	through/because of	through	NA28+NA27+Tyn+SBL+WH+Treg+TR+Byz	
6	18	3	NKO	δύο	duo	G1417	A-NUI	δύο	two	two	NA28+NA27+Tyn+SBL+WH+Treg+TR+Byz	
6	18	4	NKO	πραγμάτων	pragmatōn	G4229	N-GPN	πρᾶγμα	thing	things	NA28+NA27+Tyn+SBL+WH+Treg+TR+Byz	
6	18	5	NKO	ἀμεταθέτων,	ametathetōn	G0276	A-GPN	ἀμετάθετος	unchangeable	unchangeable,	NA28+NA27+Tyn+SBL+WH+Treg+TR+Byz	
6	18	6	NKO	ἐν	en	G1722	PREP	ἐν	in/on/among	in	NA28+NA27+Tyn+SBL+WH+Treg+TR+Byz	
6	18	7	NKO	οἷς	hois	G3739	R-DPN	ὅς, ἥ	which	which	NA28+NA27+Tyn+SBL+WH+Treg+TR+Byz	
6	18	8	NKO	ἀδύνατον	adunaton	G0102	A-NSN	ἀδύνατος	unable	[it is] impossible	NA28+NA27+Tyn+SBL+WH+Treg+TR+Byz	
6	18	9	NKO	ψεύσασθαι	pseusasthai	G5574	V-ADN	ψεύδομαι	to lie	to lie	NA28+NA27+Tyn+SBL+WH+Treg+TR+Byz	
6	18	10	n	τὸν	ton	G3588	T-ASM	ὁ	the/this/who	<the>	NA28+NA27	
6	18	11	NKO	θεόν,	theon	G2316	N-ASM-T	θεός	God	[for] God,	NA28+NA27+Tyn+SBL+WH+Treg+TR+Byz	
6	18	12	NKO	ἰσχυρὰν	ischuran	G2478	A-ASF	ἰσχυρός	strong	strong	NA28+NA27+Tyn+SBL+WH+Treg+TR+Byz	
6	18	13	NKO	παράκλησιν	paraklēsin	G3874	N-ASF	παράκλησις	encouragement	encouragement	NA28+NA27+Tyn+SBL+WH+Treg+TR+Byz	
6	18	14	NKO	ἔχωμεν	echōmen	G2192	V-PAS-1P	ἔχω	to have/be	we may have	NA28+NA27+Tyn+SBL+WH+Treg+TR+Byz	
6	18	15	NKO	οἱ	hoi	G3588	T-NPM	ὁ	the/this/who	<the>	NA28+NA27+Tyn+SBL+WH+Treg+TR+Byz	
6	18	16	NKO	καταφυγόντες	kataphugontes	G2703	V-2AAP-NPM	καταφεύγω	to flee	having fled for refuge	NA28+NA27+Tyn+SBL+WH+Treg+TR+Byz	
6	18	17	NKO	κρατῆσαι	kratēsai	G2902	V-AAN	κρατέω	to grasp/seize	to take hold	NA28+NA27+Tyn+SBL+WH+Treg+TR+Byz	
6	18	18	NKO	τῆς	tēs	G3588	T-GSF	ὁ	the/this/who	of what	NA28+NA27+Tyn+SBL+WH+Treg+TR+Byz	
6	18	19	NKO	προκειμένης	prokeimenēs	G4295	V-PNP-GSF	πρόκειμαι	to set before	is being set before [us]	NA28+NA27+Tyn+SBL+WH+Treg+TR+Byz	
6	18	20	NKO	ἐλπίδος·	elpidos	G1680	N-GSF	ἐλπίς	hope	hope;	NA28+NA27+Tyn+SBL+WH+Treg+TR+Byz	
6	19	1	NKO	ἣν	hēn	G3739	R-ASF	ὅς, ἥ	which	which	NA28+NA27+Tyn+SBL+WH+Treg+TR+Byz	
6	19	2	NKO	ὡς	hōs	G5613	PRT	ὡς	which/how	as	NA28+NA27+Tyn+SBL+WH+Treg+TR+Byz	
6	19	3	NKO	ἄγκυραν	agkuran	G0045	N-ASF	ἄγκυρα	anchor	an anchor	NA28+NA27+Tyn+SBL+WH+Treg+TR+Byz	
6	19	4	NKO	ἔχομεν	echomen	G2192	V-PAI-1P	ἔχω	to have/be	we have	NA28+NA27+Tyn+SBL+WH+Treg+TR+Byz	
6	19	5	NKO	τῆς	tēs	G3588	T-GSF	ὁ	the/this/who	of the	NA28+NA27+Tyn+SBL+WH+Treg+TR+Byz	
6	19	6	NKO	ψυχῆς	psuchēs	G5590G	N-GSF	ψυχή	soul	soul	NA28+NA27+Tyn+SBL+WH+Treg+TR+Byz	
6	19	7	NKO	ἀσφαλῆ	asphalē	G0804	A-ASF	ἀσφαλής	secure	sure	NA28+NA27+Tyn+SBL+WH+Treg+TR+Byz	
6	19	8	NKO	τε	te	G5037	CONJ	τε	and/both	both	NA28+NA27+Tyn+SBL+WH+Treg+TR+Byz	
6	19	9	NKO	καὶ	kai	G2532	CONJ	καί	and	and	NA28+NA27+Tyn+SBL+WH+Treg+TR+Byz	
6	19	10	NKO	βεβαίαν	bebaian	G0949	A-ASF	βέβαιος	firm	unshakable	NA28+NA27+Tyn+SBL+WH+Treg+TR+Byz	
6	19	11	NKO	καὶ	kai	G2532	CONJ	καί	and	and	NA28+NA27+Tyn+SBL+WH+Treg+TR+Byz	
6	19	12	NKO	εἰσερχομένην	eiserchomenēn	G1525	V-PNP-ASF	εἰσέρχομαι	to enter	entering	NA28+NA27+Tyn+SBL+WH+Treg+TR+Byz	
6	19	13	NKO	εἰς	eis	G1519	PREP	εἰς	toward	into	NA28+NA27+Tyn+SBL+WH+Treg+TR+Byz	
6	19	14	NKO	τὸ	to	G3588	T-ASN	ὁ	the/this/who	that	NA28+NA27+Tyn+SBL+WH+Treg+TR+Byz	
6	19	15	NKO	ἐσώτερον	esōteron	G2082	A-ASN-C	ἐσωτέρω	inner	within	NA28+NA27+Tyn+SBL+WH+Treg+TR+Byz	
6	19	16	NKO	τοῦ	tou	G3588	T-GSN	ὁ	the/this/who	the	NA28+NA27+Tyn+SBL+WH+Treg+TR+Byz	
6	19	17	NKO	καταπετάσματος,	katapetasmatos	G2665	N-GSN	καταπέτασμα	curtain	veil,	NA28+NA27+Tyn+SBL+WH+Treg+TR+Byz	
6	20	1	NKO	ὅπου	hopou	G3699	PREP	ὅπου	where(-ever)	where	NA28+NA27+Tyn+SBL+WH+Treg+TR+Byz	
6	20	2	NKO	πρόδρομος	prodromos	G4274	N-NSM	πρόδρομος	forerunner	[the] forerunner	NA28+NA27+Tyn+SBL+WH+Treg+TR+Byz	
6	20	3	NKO	ὑπὲρ	huper	G5228	PREP	ὑπέρ	above/for	for	NA28+NA27+Tyn+SBL+WH+Treg+TR+Byz	
6	20	4	NKO	ἡμῶν	hēmōn	G3165	P-1GP	ἐγώ	I/we	us	NA28+NA27+Tyn+SBL+WH+Treg+TR+Byz	
6	20	5	NKO	εἰσῆλθεν	eisēlthen	G1525	V-2AAI-3S	εἰσέρχομαι	to enter	has entered	NA28+NA27+Tyn+SBL+WH+Treg+TR+Byz	
6	20	6	NKO	Ἰησοῦς	Iēsous	G2424G	N-NSM-P	Ἰησοῦς	Jesus/Joshua	Jesus	NA28+NA27+Tyn+SBL+WH+Treg+TR+Byz	
6	20	7	NKO	κατὰ	kata	G2596	PREP	κατά	according to	according to	NA28+NA27+Tyn+SBL+WH+Treg+TR+Byz	
6	20	8	NKO	τὴν	tēn	G3588	T-ASF	ὁ	the/this/who	the	NA28+NA27+Tyn+SBL+WH+Treg+TR+Byz	
6	20	9	NKO	τάξιν	taxin	G5010	N-ASF	τάξις	order	order	NA28+NA27+Tyn+SBL+WH+Treg+TR+Byz	
6	20	10	NKO	Μελχισέδεκ	Melchisedek	G3198	N-GSM-P	Μελχισεδέκ	Melchizedek	of Melchizedek	NA28+NA27+Tyn+SBL+WH+Treg+TR+Byz	
6	20	11	NKO	ἀρχιερεὺς	archiereus	G0749	N-NSM	ἀρχιερεύς	high-priest	a high priest	NA28+NA27+Tyn+SBL+WH+Treg+TR+Byz	
6	20	12	NKO	γενόμενος	genomenos	G1096	V-2ADP-NSM	γίνομαι	to be	having become	NA28+NA27+Tyn+SBL+WH+Treg+TR+Byz	
6	20	13	NKO	εἰς	eis	G1519	PREP	εἰς	toward	to	NA28+NA27+Tyn+SBL+WH+Treg+TR+Byz	
6	20	14	NKO	τὸν	ton	G3588	T-ASM	ὁ	the/this/who	the	NA28+NA27+Tyn+SBL+WH+Treg+TR+Byz	
6	20	15	NKO	αἰῶνα.¶	aiōna	G0165H	N-ASM	αἰών	an age	age.	NA28+NA27+Tyn+SBL+WH+Treg+TR+Byz	
7	1	1	NKO	Οὗτος	Houtos	G3778	D-NSM	οὗτος	this/he/she/it	This	NA28+NA27+Tyn+SBL+WH+Treg+TR+Byz	
7	1	2	NKO	γὰρ	gar	G1063	CONJ	γάρ	for	for	NA28+NA27+Tyn+SBL+WH+Treg+TR+Byz	
7	1	3	NKO	ὁ	ho	G3588	T-NSM	ὁ	the/this/who	<the>	NA28+NA27+Tyn+SBL+WH+Treg+TR+Byz	
7	1	4	NKO	Μελχισέδεκ,	Melchisedek	G3198	N-NSM-P	Μελχισεδέκ	Melchizedek	Melchizedek,	NA28+NA27+Tyn+SBL+WH+Treg+TR+Byz	
7	1	5	NKO	βασιλεὺς	basileus	G0935	N-NSM	βασιλεύς	king	king	NA28+NA27+Tyn+SBL+WH+Treg+TR+Byz	
7	1	6	NKO	Σαλήμ,	Salēm	G4532	N-GSF-L	Σαλήμ	Salem	of Salem,	NA28+NA27+Tyn+SBL+WH+Treg+TR+Byz	
7	1	7	NKO	ἱερεὺς	hi'ereus	G2409	N-NSM	ἱερεύς	priest	priest	NA28+NA27+Tyn+SBL+WH+Treg+TR+Byz	
7	1	8	NKO	τοῦ	tou	G3588	T-GSM	ὁ	the/this/who	<the>	NA28+NA27+Tyn+SBL+WH+Treg+TR+Byz	
7	1	9	NKO	θεοῦ	theou	G2316	N-GSM-T	θεός	God	of God	NA28+NA27+Tyn+SBL+WH+Treg+TR+Byz	
7	1	10	NKO	τοῦ	tou	G3588	T-GSM	ὁ	the/this/who	<the>	NA28+NA27+Tyn+SBL+WH+Treg+TR+Byz	
7	1	11	NKO	ὑψίστου,	hupsistou	G5310	A-GSM-S	ὕψιστος	highest	Most High,	NA28+NA27+Tyn+SBL+WH+Treg+TR+Byz	
7	1	12	N(k)O	ὁ	ho	G3588	T-NSM	ὁ	the/this/who	who	NA28+NA27+Tyn+SBL+WH+Byz	
7	1	13	NKO	συναντήσας	sunantēsas	G4876	V-AAP-NSM	συναντάω	to meet	having met	NA28+NA27+Tyn+SBL+WH+Treg+TR+Byz	
7	1	14	NKO	Ἀβραὰμ	Abraam	G0011	N-DSM-P	Ἀβραάμ	Abraham	with Abraham	NA28+NA27+Tyn+SBL+WH+Treg+TR+Byz	
7	1	15	NKO	ὑποστρέφοντι	hupostrephonti	G5290	V-PAP-DSM	ὑποστρέφω	to return	returning	NA28+NA27+Tyn+SBL+WH+Treg+TR+Byz	
7	1	16	NKO	ἀπὸ	apo	G0575	PREP	ἀπό	away from	from	NA28+NA27+Tyn+SBL+WH+Treg+TR+Byz	
7	1	17	NKO	τῆς	tēs	G3588	T-GSF	ὁ	the/this/who	the	NA28+NA27+Tyn+SBL+WH+Treg+TR+Byz	
7	1	18	NKO	κοπῆς	kopēs	G2871	N-GSF	κοπή	slaughter	slaughter	NA28+NA27+Tyn+SBL+WH+Treg+TR+Byz	
7	1	19	NKO	τῶν	tōn	G3588	T-GPM	ὁ	the/this/who	of the	NA28+NA27+Tyn+SBL+WH+Treg+TR+Byz	
7	1	20	NKO	βασιλέων	basileōn	G0935	N-GPM	βασιλεύς	king	kings	NA28+NA27+Tyn+SBL+WH+Treg+TR+Byz	
7	1	21	NKO	καὶ	kai	G2532	CONJ	καί	and	and	NA28+NA27+Tyn+SBL+WH+Treg+TR+Byz	
7	1	22	NKO	εὐλογήσας	eulogēsas	G2127	V-AAP-NSM	εὐλογέω	to praise/bless	having blessed	NA28+NA27+Tyn+SBL+WH+Treg+TR+Byz	
7	1	23	NKO	αὐτόν,	auton	G0846	P-ASM	αὐτός	he/she/it/self	him,	NA28+NA27+Tyn+SBL+WH+Treg+TR+Byz	
7	2	1	NKO	ᾧ	hō	G3739	R-DSM	ὅς, ἥ	which	to whom	NA28+NA27+Tyn+SBL+WH+Treg+TR+Byz	
7	2	2	NKO	καὶ	kai	G2532	CONJ	καί	and	also	NA28+NA27+Tyn+SBL+WH+Treg+TR+Byz	
7	2	3	NKO	δεκάτην	dekatēn	G1182	A-ASF	δέκατος	tenth	a tenth	NA28+NA27+Tyn+SBL+WH+Treg+TR+Byz	
7	2	4	NKO	ἀπὸ	apo	G0575	PREP	ἀπό	away from	of	NA28+NA27+Tyn+SBL+WH+Treg+TR+Byz	
7	2	5	NKO	πάντων	pantōn	G3956	A-GPN	πᾶς	all	all	NA28+NA27+Tyn+SBL+WH+Treg+TR+Byz	
7	2	6	NKO	ἐμέρισεν	emerisen	G3307	V-AAI-3S	μερίζω	to divide	apportioned	NA28+NA27+Tyn+SBL+WH+Treg+TR+Byz	
7	2	7	NKO	Ἀβραάμ,	Abraam	G0011	N-NSM-P	Ἀβραάμ	Abraham	Abraham,	NA28+NA27+Tyn+SBL+WH+Treg+TR+Byz	
7	2	8	NKO	πρῶτον	prōton	G4413G	A-ASN	πρῶτος	first	first	NA28+NA27+Tyn+SBL+WH+Treg+TR+Byz	
7	2	9	NKO	μὲν	men	G3303	PRT	μέν	on one hand	indeed	NA28+NA27+Tyn+SBL+WH+Treg+TR+Byz	
7	2	10	NKO	ἑρμηνευόμενος	hermēneuomenos	G2059	V-PPP-NSM	ἑρμηνεύω	to interpret	being translated	NA28+NA27+Tyn+SBL+WH+Treg+TR+Byz	
7	2	11	NKO	βασιλεὺς	basileus	G0935	N-NSM	βασιλεύς	king	king	NA28+NA27+Tyn+SBL+WH+Treg+TR+Byz	
7	2	12	NKO	δικαιοσύνης	dikaiosunēs	G1343	N-GSF	δικαιοσύνη	righteousness	of righteousness	NA28+NA27+Tyn+SBL+WH+Treg+TR+Byz	
7	2	13	NKO	ἔπειτα	epeita	G1899	ADV	ἔπειτα	then	then	NA28+NA27+Tyn+SBL+WH+Treg+TR+Byz	
7	2	14	NKO	δὲ	de	G1161	CONJ	δέ	but/and	however	NA28+NA27+Tyn+SBL+WH+Treg+TR+Byz	
7	2	15	NKO	καὶ	kai	G2532	CONJ	καί	and	also	NA28+NA27+Tyn+SBL+WH+Treg+TR+Byz	
7	2	16	NKO	βασιλεὺς	basileus	G0935	N-NSM	βασιλεύς	king	king	NA28+NA27+Tyn+SBL+WH+Treg+TR+Byz	
7	2	17	NKO	Σαλήμ,	Salēm	G4532	N-GSF-L	Σαλήμ	Salem	of Salem,	NA28+NA27+Tyn+SBL+WH+Treg+TR+Byz	
7	2	18	NKO	ὅ	ho	G3739	R-NSN	ὅς, ἥ	which	which	NA28+NA27+Tyn+SBL+WH+Treg+TR+Byz	
7	2	19	NKO	ἐστιν	estin	G1510	V-PAI-3S	εἰμί	to be	is	NA28+NA27+Tyn+SBL+WH+Treg+TR+Byz	
7	2	20	NKO	βασιλεὺς	basileus	G0935	N-NSM	βασιλεύς	king	king	NA28+NA27+Tyn+SBL+WH+Treg+TR+Byz	
7	2	21	NKO	εἰρήνης,	eirēnēs	G1515	N-GSF	εἰρήνη	peace	of peace,	NA28+NA27+Tyn+SBL+WH+Treg+TR+Byz	
7	3	1	NKO	ἀπάτωρ,	apatōr	G0540	A-NSM	ἀπάτωρ	fatherless	Without father,	NA28+NA27+Tyn+SBL+WH+Treg+TR+Byz	
7	3	2	NKO	ἀμήτωρ,	amētōr	G0282	A-NSM	ἀμήτωρ	motherless	without mother,	NA28+NA27+Tyn+SBL+WH+Treg+TR+Byz	
7	3	3	NKO	ἀγενεαλόγητος,	agenealogētos	G0035	A-NSM	ἀγενεαλόγητος	without genealogy	without genealogy,	NA28+NA27+Tyn+SBL+WH+Treg+TR+Byz	
7	3	4	NKO	μήτε	mēte	G3383	CONJ-N	μήτε	neither	neither	NA28+NA27+Tyn+SBL+WH+Treg+TR+Byz	
7	3	5	NKO	ἀρχὴν	archēn	G0746	N-ASF	ἀρχή	beginning	beginning	NA28+NA27+Tyn+SBL+WH+Treg+TR+Byz	
7	3	6	NKO	ἡμερῶν,	hēmerōn	G2250	N-GPF	ἡμέρα	day	of days	NA28+NA27+Tyn+SBL+WH+Treg+TR+Byz	
7	3	7	NKO	μήτε	mēte	G3383	CONJ-N	μήτε	neither	nor	NA28+NA27+Tyn+SBL+WH+Treg+TR+Byz	
7	3	8	NKO	ζωῆς	zōēs	G2222	N-GSF	ζωή	life	of life	NA28+NA27+Tyn+SBL+WH+Treg+TR+Byz	
7	3	9	NKO	τέλος	telos	G5056	N-ASN	τέλος	goal/tax	end	NA28+NA27+Tyn+SBL+WH+Treg+TR+Byz	
7	3	10	NKO	ἔχων,	echōn	G2192	V-PAP-NSM	ἔχω	to have/be	having,	NA28+NA27+Tyn+SBL+WH+Treg+TR+Byz	
7	3	11	NKO	ἀφωμοιωμένος	aphōmoiōmenos	G0871	V-RPP-NSM	ἀφομοιόω	to make like	made like	NA28+NA27+Tyn+SBL+WH+Treg+TR+Byz	
7	3	12	NKO	δὲ	de	G1161	CONJ	δέ	but/and	however	NA28+NA27+Tyn+SBL+WH+Treg+TR+Byz	
7	3	13	NKO	τῷ	tō	G3588	T-DSM	ὁ	the/this/who	as the	NA28+NA27+Tyn+SBL+WH+Treg+TR+Byz	
7	3	14	NKO	υἱῷ	huiō	G5207	N-DSM	υἱός	son	Son	NA28+NA27+Tyn+SBL+WH+Treg+TR+Byz	
7	3	15	NKO	τοῦ	tou	G3588	T-GSM	ὁ	the/this/who	<the>	NA28+NA27+Tyn+SBL+WH+Treg+TR+Byz	
7	3	16	NKO	θεοῦ	theou	G2316	N-GSM-T	θεός	God	of God	NA28+NA27+Tyn+SBL+WH+Treg+TR+Byz	
7	3	17	NKO	μένει	menei	G3306	V-PAI-3S	μένω	to stay	he remains	NA28+NA27+Tyn+SBL+WH+Treg+TR+Byz	
7	3	18	NKO	ἱερεὺς	hi'ereus	G2409	N-NSM	ἱερεύς	priest	a priest	NA28+NA27+Tyn+SBL+WH+Treg+TR+Byz	
7	3	19	NKO	εἰς	eis	G1519	PREP	εἰς	toward	unto	NA28+NA27+Tyn+SBL+WH+Treg+TR+Byz	
7	3	20	NKO	τὸ	to	G3588	T-ASN	ὁ	the/this/who	<the>	NA28+NA27+Tyn+SBL+WH+Treg+TR+Byz	
7	3	21	NKO	διηνεκές.¶	diēnekes	G1336	A-ASN	διηνεκής	perpetual	all time.	NA28+NA27+Tyn+SBL+WH+Treg+TR+Byz	
7	4	1	NKO	Θεωρεῖτε	Theōreite	G2334	V-PAM-2P	θεωρέω	to see/experience	do consider	NA28+NA27+Tyn+SBL+WH+Treg+TR+Byz	
7	4	2	NKO	δὲ	de	G1161	CONJ	δέ	but/and	now	NA28+NA27+Tyn+SBL+WH+Treg+TR+Byz	
7	4	3	NKO	πηλίκος	pēlikos	G4080	A-NSM	πηλίκος	how great	how great	NA28+NA27+Tyn+SBL+WH+Treg+TR+Byz	
7	4	4	NKO	οὗτος,	houtos	G3778	D-NSM	οὗτος	this/he/she/it	this one [was],	NA28+NA27+Tyn+SBL+WH+Treg+TR+Byz	
7	4	5	NKO	ᾧ	hō	G3739	R-DSM	ὅς, ἥ	which	to whom	NA28+NA27+Tyn+SBL+WH+Treg+TR+Byz	
7	4	6	NKO	καὶ	kai	G2532	CONJ	καί	and	even	NA28+NA27+Tyn+TR+Byz	
7	4	7	NKO	δεκάτην	dekatēn	G1182	A-ASF	δέκατος	tenth	a tenth	NA28+NA27+Tyn+SBL+WH+Treg+TR+Byz	
7	4	8	NKO	Ἀβραὰμ	Abraam	G0011	N-NSM-P	Ἀβραάμ	Abraham	Abraham	NA28+NA27+Tyn+SBL+WH+Treg+TR+Byz	
7	4	9	NKO	ἔδωκεν	edōken	G1325	V-AAI-3S	δίδωμι	to give	gave	NA28+NA27+Tyn+SBL+WH+Treg+TR+Byz	
7	4	10	NKO	ἐκ	ek	G1537	PREP	ἐκ	out from	out of	NA28+NA27+Tyn+SBL+WH+Treg+TR+Byz	
7	4	11	NKO	τῶν	tōn	G3588	T-GPN	ὁ	the/this/who	the	NA28+NA27+Tyn+SBL+WH+Treg+TR+Byz	
7	4	12	NKO	ἀκροθινίων	akrothiniōn	G0205	N-GPN	ἀκροθίνιον	fine spoils	best spoils	NA28+NA27+Tyn+SBL+WH+Treg+TR+Byz	
7	4	13	NKO	ὁ	ho	G3588	T-NSM	ὁ	the/this/who	the	NA28+NA27+Tyn+SBL+WH+Treg+TR+Byz	
7	4	14	NKO	πατριάρχης.	patriarchēs	G3966	N-NSM	πατριάρχης	patriarch	patriarch.	NA28+NA27+Tyn+SBL+WH+Treg+TR+Byz	
7	5	1	NKO	καὶ	kai	G2532	CONJ	καί	and	And	NA28+NA27+Tyn+SBL+WH+Treg+TR+Byz	
7	5	2	NKO	οἱ	hoi	G3588	T-NPM	ὁ	the/this/who	those	NA28+NA27+Tyn+SBL+WH+Treg+TR+Byz	
7	5	3	NKO	μὲν	men	G3303	PRT	μέν	on one hand	indeed	NA28+NA27+Tyn+SBL+WH+Treg+TR+Byz	
7	5	4	NKO	ἐκ	ek	G1537	PREP	ἐκ	out from	out from	NA28+NA27+Tyn+SBL+WH+Treg+TR+Byz	
7	5	5	NKO	τῶν	tōn	G3588	T-GPM	ὁ	the/this/who	the	NA28+NA27+Tyn+SBL+WH+Treg+TR+Byz	
7	5	6	NKO	υἱῶν	huiōn	G5207	N-GPM	υἱός	son	sons	NA28+NA27+Tyn+SBL+WH+Treg+TR+Byz	
7	5	7	NKO	Λευὶ	Leui	G3017J	N-GSM-P	Λευΐ	Levi	of Levi	NA28+NA27+Tyn+SBL+WH+Treg+TR+Byz	
7	5	8	NKO	τὴν	tēn	G3588	T-ASF	ὁ	the/this/who	the	NA28+NA27+Tyn+SBL+WH+Treg+TR+Byz	
7	5	9	NKO	ἱερατείαν	hi'erateian	G2405	N-ASF	ἱερατεία	priesthood	priestly office	NA28+NA27+Tyn+SBL+WH+Treg+TR+Byz	
7	5	10	NKO	λαμβάνοντες	lambanontes	G2983	V-PAP-NPM	λαμβάνω	to take	receiving	NA28+NA27+Tyn+SBL+WH+Treg+TR+Byz	
7	5	11	NKO	ἐντολὴν	entolēn	G1785	N-ASF	ἐντολή	commandment	a commandment	NA28+NA27+Tyn+SBL+WH+Treg+TR+Byz	
7	5	12	NKO	ἔχουσιν	echousin	G2192	V-PAI-3P	ἔχω	to have/be	have	NA28+NA27+Tyn+SBL+WH+Treg+TR+Byz	
7	5	13	NKO	ἀποδεκατοῦν	apodekatoun	G0586	V-PAN	ἀποδεκατόω	to tithe	to take a tenth	NA28+NA27+Tyn+SBL+WH+Treg+TR+Byz	
7	5	14	NKO	τὸν	ton	G3588	T-ASM	ὁ	the/this/who	from the	NA28+NA27+Tyn+SBL+WH+Treg+TR+Byz	
7	5	15	NKO	λαὸν	laon	G2992	N-ASM	λαός	a people	people	NA28+NA27+Tyn+SBL+WH+Treg+TR+Byz	
7	5	16	NKO	κατὰ	kata	G2596	PREP	κατά	according to	according to	NA28+NA27+Tyn+SBL+WH+Treg+TR+Byz	
7	5	17	NKO	τὸν	ton	G3588	T-ASM	ὁ	the/this/who	the	NA28+NA27+Tyn+SBL+WH+Treg+TR+Byz	
7	5	18	NKO	νόμον,	nomon	G3551	N-ASM	νόμος	law	law,	NA28+NA27+Tyn+SBL+WH+Treg+TR+Byz	
7	5	19	NKO	τοῦτ᾽	tout᾽	G3778	D-NSN	οὗτος	this/he/she/it	That	NA28+NA27+Tyn»1+SBL+WH+Treg+TR+Byz	
7	5	20	NKO	ἔστιν	estin	G1510	V-PAI-3S	εἰμί	to be	is	NA28+NA27+Tyn+SBL+WH+Treg+TR+Byz	
7	5	21	NKO	τοὺς	tous	G3588	T-APM	ὁ	the/this/who	from the	NA28+NA27+Tyn+SBL+WH+Treg+TR+Byz	
7	5	22	NKO	ἀδελφοὺς	adelphous	G0080	N-APM	ἀδελφός	brother	brothers	NA28+NA27+Tyn+SBL+WH+Treg+TR+Byz	
7	5	23	NKO	αὐτῶν,	autōn	G0846	P-GPM	αὐτός	he/she/it/self	of them,	NA28+NA27+Tyn+SBL+WH+Treg+TR+Byz	
7	5	24	NKO	καίπερ	kaiper	G2539	CONJ	καίπερ	although	though	NA28+NA27+Tyn+SBL+WH+Treg+TR+Byz	
7	5	25	NKO	ἐξεληλυθότας	exelēluthotas	G1831	V-2RAP-APM	ἐξέρχομαι	to go out	having come	NA28+NA27+Tyn+SBL+WH+Treg+TR+Byz	
7	5	26	NKO	ἐκ	ek	G1537	PREP	ἐκ	out from	out of	NA28+NA27+Tyn+SBL+WH+Treg+TR+Byz	
7	5	27	NKO	τῆς	tēs	G3588	T-GSF	ὁ	the/this/who	the	NA28+NA27+Tyn+SBL+WH+Treg+TR+Byz	
7	5	28	NKO	ὀσφύος	osphuos	G3751	N-GSF	ὀσφῦς	loins	loin	NA28+NA27+Tyn+SBL+WH+Treg+TR+Byz	
7	5	29	NKO	Ἀβραάμ.	Abraam	G0011	N-GSM-P	Ἀβραάμ	Abraham	of Abraham.	NA28+NA27+Tyn+SBL+WH+Treg+TR+Byz	
7	6	1	NKO	ὁ	ho	G3588	T-NSM	ὁ	the/this/who	The [one]	NA28+NA27+Tyn+SBL+WH+Treg+TR+Byz	
7	6	2	NKO	δὲ	de	G1161	CONJ	δέ	but/and	however	NA28+NA27+Tyn+SBL+WH+Treg+TR+Byz	
7	6	3	NKO	μὴ	mē	G3361	PRT-N	μή	not	not	NA28+NA27+Tyn+SBL+WH+Treg+TR+Byz	
7	6	4	NKO	γενεαλογούμενος	genealogoumenos	G1075	V-PPP-NSM	γενεαλογέω	to trace genealogy	tracing his ancestry	NA28+NA27+Tyn+SBL+WH+Treg+TR+Byz	
7	6	5	NKO	ἐξ	ex	G1537	PREP	ἐκ	out from	from	NA28+NA27+Tyn+SBL+WH+Treg+TR+Byz	
7	6	6	NKO	αὐτῶν	autōn	G0846	P-GPM	αὐτός	he/she/it/self	them	NA28+NA27+Tyn+SBL+WH+Treg+TR+Byz	
7	6	7	NKO	δεδεκάτωκεν	dedekatōken	G1183	V-RAI-3S	δεκατόω	to tithe	he has collected a tenth	NA28+NA27+Tyn+SBL+WH+Treg+TR+Byz	
7	6	8	k	τὸν	ton	G3588	T-ASM	ὁ	the/this/who	<the>	TR+Byz	
7	6	9	NKO	Ἀβραάμ·	Abraam	G0011	N-ASM-P	Ἀβραάμ	Abraham	from Abraham;	NA28+NA27+Tyn+SBL+WH+Treg+TR+Byz	
7	6	10	NKO	καὶ	kai	G2532	CONJ	καί	and	and	NA28+NA27+Tyn+SBL+WH+Treg+TR+Byz	
7	6	11	NKO	τὸν	ton	G3588	T-ASM	ὁ	the/this/who	the [one who]	NA28+NA27+Tyn+SBL+WH+Treg+TR+Byz	
7	6	12	NKO	ἔχοντα	echonta	G2192	V-PAP-ASM	ἔχω	to have/be	is having	NA28+NA27+Tyn+SBL+WH+Treg+TR+Byz	
7	6	13	NKO	τὰς	tas	G3588	T-APF	ὁ	the/this/who	the	NA28+NA27+Tyn+SBL+WH+Treg+TR+Byz	
7	6	14	NKO	ἐπαγγελίας	epangelias	G1860	N-APF	ἐπαγγελία	promise	promises	NA28+NA27+Tyn+SBL+WH+Treg+TR+Byz	
7	6	15	NKO	εὐλόγηκεν.	eulogēken	G2127	V-RAI-3S	εὐλογέω	to praise/bless	He has blessed.	NA28+NA27+Tyn+SBL+WH+Treg+TR+Byz	
7	7	1	NKO	χωρὶς	chōris	G5565	PREP	χωρίς	without	Apart from	NA28+NA27+Tyn+SBL+WH+Treg+TR+Byz	
7	7	2	NKO	δὲ	de	G1161	CONJ	δέ	but/and	now	NA28+NA27+Tyn+SBL+WH+Treg+TR+Byz	
7	7	3	NKO	πάσης	pasēs	G3956	A-GSF	πᾶς	all	all	NA28+NA27+Tyn+SBL+WH+Treg+TR+Byz	
7	7	4	NKO	ἀντιλογίας·	antilogias	G0485	N-GSF	ἀντιλογία	dispute	dispute;	NA28+NA27+Tyn+SBL+WH+Treg+TR+Byz	
7	7	5	NKO	τὸ	to	G3588	T-NSN	ὁ	the/this/who	the	NA28+NA27+Tyn+SBL+WH+Treg+TR+Byz	
7	7	6	NKO	ἔλαττον	elatton	G1640	A-NSN-C	ἐλάσσων	lesser	inferior	NA28+NA27+Tyn+SBL+WH+Treg+TR+Byz	
7	7	7	NKO	ὑπὸ	hupo	G5259G	PREP	ὑπό	by/under	by	NA28+NA27+Tyn+SBL+WH+Treg+TR+Byz	
7	7	8	NKO	τοῦ	tou	G3588	T-GSM	ὁ	the/this/who	the	NA28+NA27+Tyn+SBL+WH+Treg+TR+Byz	
7	7	9	NKO	κρείττονος	kreittonos	G2908	A-GSM-C	κρείσσων	greater	superior	NA28+NA27+Tyn+SBL+WH+Treg+TR+Byz	
7	7	10	NKO	εὐλογεῖται.	eulogeitai	G2127	V-PPI-3S	εὐλογέω	to praise/bless	is blessed.	NA28+NA27+Tyn+SBL+WH+Treg+TR+Byz	
7	8	1	NKO	καὶ	kai	G2532	CONJ	καί	and	And	NA28+NA27+Tyn+SBL+WH+Treg+TR+Byz	
7	8	2	NKO	ὧδε	hōde	G5602	ADV	ὧδε	here	here	NA28+NA27+Tyn+SBL+WH+Treg+TR+Byz	
7	8	3	NKO	μὲν	men	G3303	PRT	μέν	on one hand	indeed	NA28+NA27+Tyn+SBL+WH+Treg+TR+Byz	
7	8	4	NKO	δεκάτας	dekatas	G1182	A-APF	δέκατος	tenth	tithes	NA28+NA27+Tyn+SBL+WH+Treg+TR+Byz	
7	8	5	NKO	ἀποθνῄσκοντες	apothnēskontes	G0599	V-PAP-NPM	ἀποθνήσκω	to die	dying	NA28+NA27+Tyn+SBL+WH+Treg+TR+Byz	
7	8	6	NKO	ἄνθρωποι	anthrōpoi	G0444	N-NPM	ἄνθρωπος	a human	men	NA28+NA27+Tyn+SBL+WH+Treg+TR+Byz	
7	8	7	NKO	λαμβάνουσιν	lambanousin	G2983	V-PAI-3P	λαμβάνω	to take	receive	NA28+NA27+Tyn+SBL+WH+Treg+TR+Byz	
7	8	8	NKO	ἐκεῖ	ekei	G1563	ADV	ἐκεῖ	there	in that place	NA28+NA27+Tyn+SBL+WH+Treg+TR+Byz	
7	8	9	NKO	δὲ	de	G1161	CONJ	δέ	but/and	however	NA28+NA27+Tyn+SBL+WH+Treg+TR+Byz	
7	8	10	NKO	μαρτυρούμενος	marturoumenos	G3140	V-PPP-NSM	μαρτυρέω	to testify	it is testified	NA28+NA27+Tyn+SBL+WH+Treg+TR+Byz	
7	8	11	NKO	ὅτι	hoti	G3754G	CONJ	ὅτι	that/since	that	NA28+NA27+Tyn+SBL+WH+Treg+TR+Byz	
7	8	12	NKO	ζῇ.	zēa	G2198	V-PAI-3S	ζάω	to live	he lives on.	NA28+NA27+Tyn+SBL+WH+Treg+TR+Byz	
7	9	1	NKO	καὶ	kai	G2532	CONJ	καί	and	And	NA28+NA27+Tyn+SBL+WH+Treg+TR+Byz	
7	9	2	NKO	ὡς	hōs	G5613	PRT	ὡς	which/how	so	NA28+NA27+Tyn+SBL+WH+Treg+TR+Byz	
7	9	3	NKO	ἔπος	epos	G2031	N-ASN	ἔπος	a word	a word	NA28+NA27+Tyn+SBL+WH+Treg+TR+Byz	
7	9	4	NKO	εἰπεῖν·	eipein	G2036	V-2AAN	ἔπω, ἐρῶ, εἶπον	to say	to speak;	NA28+NA27+Tyn+SBL+WH+Treg+TR+Byz	
7	9	5	NKO	δι᾽	di᾽	G1223	PREP	διά	through/because of	through	NA28+NA27+Tyn+SBL+WH+Treg+TR+Byz	
7	9	6	NKO	Ἀβραὰμ	Abraam	G0011	N-GSM-P	Ἀβραάμ	Abraham	Abraham	NA28+NA27+Tyn+SBL+WH+Treg+TR+Byz	
7	9	7	NKO	καὶ	kai	G2532	CONJ	καί	and	also	NA28+NA27+Tyn+SBL+WH+Treg+TR+Byz	
7	9	8	NKO	Λευὶ	Leui	G3017J	N-NSM-P	Λευΐ	Levi	Levi	NA28+NA27+Tyn+SBL+WH+Treg+TR+Byz	
7	9	9	NKO	ὁ	ho	G3588	T-NSM	ὁ	the/this/who	the [one]	NA28+NA27+Tyn+SBL+WH+Treg+TR+Byz	
7	9	10	NKO	δεκάτας	dekatas	G1182	A-APF	δέκατος	tenth	tithes	NA28+NA27+Tyn+SBL+WH+Treg+TR+Byz	
7	9	11	NKO	λαμβάνων	lambanōn	G2983	V-PAP-NSM	λαμβάνω	to take	receiving	NA28+NA27+Tyn+SBL+WH+Treg+TR+Byz	
7	9	12	NKO	δεδεκάτωται.	dedekatōtai	G1183	V-RPI-3S	δεκατόω	to tithe	has paid the tithe.	NA28+NA27+Tyn+SBL+WH+Treg+TR+Byz	
7	10	1	NKO	ἔτι	eti	G2089	ADV	ἔτι	still	Still	NA28+NA27+Tyn+SBL+WH+Treg+TR+Byz	
7	10	2	NKO	γὰρ	gar	G1063	CONJ	γάρ	for	for	NA28+NA27+Tyn+SBL+WH+Treg+TR+Byz	
7	10	3	NKO	ἐν	en	G1722	PREP	ἐν	in/on/among	in	NA28+NA27+Tyn+SBL+WH+Treg+TR+Byz	
7	10	4	NKO	τῇ	tēa	G3588	T-DSF	ὁ	the/this/who	the	NA28+NA27+Tyn+SBL+WH+Treg+TR+Byz	
7	10	5	NKO	ὀσφύϊ	osphui	G3751	N-DSF	ὀσφῦς	loins	loin	NA28+NA27+Tyn+SBL+WH+Treg+TR+Byz	
7	10	6	NKO	τοῦ	tou	G3588	T-GSM	ὁ	the/this/who	<the>	NA28+NA27+Tyn+SBL+WH+Treg+TR+Byz	
7	10	7	NKO	πατρὸς	patros	G3962	N-GSM	πατήρ	father	of [his] father	NA28+NA27+Tyn+SBL+WH+Treg+TR+Byz	
7	10	8	NKO	ἦν	ēn	G1510	V-IAI-3S	εἰμί	to be	he was	NA28+NA27+Tyn+SBL+WH+Treg+TR+Byz	
7	10	9	NKO	ὅτε	hote	G3753	CONJ	ὅτε	when	when	NA28+NA27+Tyn+SBL+WH+Treg+TR+Byz	
7	10	10	NKO	συνήντησεν	sunēntēsen	G4876	V-AAI-3S	συναντάω	to meet	he met	NA28+NA27+Tyn+SBL+WH+Treg+TR+Byz	
7	10	11	NKO	αὐτῷ	autō	G0846	P-DSM	αὐτός	he/she/it/self	with him	NA28+NA27+Tyn+SBL+WH+Treg+TR+Byz	
7	10	12	k	ὁ	ho	G3588	T-NSM	ὁ	the/this/who	<the>	TR+Byz	
7	10	13	NKO	Μελχισέδεκ.¶	Melchisedek	G3198	N-NSM-P	Μελχισεδέκ	Melchizedek	Melchizedek.	NA28+NA27+Tyn+SBL+WH+Treg+TR+Byz	
7	11	1	NKO	Εἰ	Ei	G1487G	COND	εἰ	if	If	NA28+NA27+Tyn+SBL+WH+Treg+TR+Byz	
7	11	2	NKO	μὲν	men	G3303	PRT	μέν	on one hand	indeed	NA28+NA27+Tyn+SBL+WH+Treg+TR+Byz	
7	11	3	NKO	οὖν	oun	G3767	CONJ	οὖν	therefore/then	then	NA28+NA27+Tyn+SBL+WH+Treg+TR+Byz	
7	11	4	NKO	τελείωσις	teleiōsis	G5050	N-NSF	τελείωσις	perfection	perfection	NA28+NA27+Tyn+SBL+WH+Treg+TR+Byz	
7	11	5	NKO	διὰ	dia	G1223	PREP	διά	through/because of	through	NA28+NA27+Tyn+SBL+WH+Treg+TR+Byz	
7	11	6	NKO	τῆς	tēs	G3588	T-GSF	ὁ	the/this/who	the	NA28+NA27+Tyn+SBL+WH+Treg+TR+Byz	
7	11	7	NKO	Λευιτικῆς	Leuitikēs	G3020	A-GSF-PG	Λευϊτικός	Levitical	Levitical	NA28+NA27+Tyn+SBL+WH+Treg+TR+Byz	
7	11	8	NKO	ἱερωσύνης	hi'erōsunēs	G2420	N-GSF	ἱερωσύνη	priesthood	priesthood	NA28+NA27+Tyn+SBL+WH+Treg+TR+Byz	
7	11	9	NKO	ἦν,	ēn	G1510	V-IAI-3S	εἰμί	to be	were —	NA28+NA27+Tyn+SBL+WH+Treg+TR+Byz	
7	11	10	NKO	ὁ	ho	G3588	T-NSM	ὁ	the/this/who	the	NA28+NA27+Tyn+SBL+WH+Treg+TR+Byz	
7	11	11	NKO	λαὸς	laos	G2992	N-NSM	λαός	a people	people	NA28+NA27+Tyn+SBL+WH+Treg+TR+Byz	
7	11	12	NKO	γὰρ	gar	G1063	CONJ	γάρ	for	for	NA28+NA27+Tyn+SBL+WH+Treg+TR+Byz	
7	11	13	NKO	ἐπ᾽	ep᾽	G1909	PREP	ἐπί	upon/to/against	upon	NA28+NA27+Tyn+SBL+WH+Treg+TR+Byz	
7	11	14	N(k)O	αὐτῆς	autēs	G0846	P-GSF	αὐτός	he/she/it/self	it	NA28+NA27+Tyn+SBL+WH+Treg	
7	11	15	N(k)O	νενομοθέτηται,	nenomothetētai	G3549	V-RPI-3S	νομοθετέω	to give laws	has received [the] Law —	NA28+NA27+Tyn+SBL+WH+Treg	
7	11	16	NKO	τίς	tis	G5101	I-NSF	τίς	which?	what	NA28+NA27+Tyn+SBL+WH+Treg+TR+Byz	
7	11	17	NKO	ἔτι	eti	G2089	ADV	ἔτι	still	still	NA28+NA27+Tyn+SBL+WH+Treg+TR+Byz	
7	11	18	NKO	χρεία	chreia	G5532	N-NSF	χρεία	need	need [was there]	NA28+NA27+Tyn+SBL+WH+Treg+TR+Byz	
7	11	19	NKO	κατὰ	kata	G2596	PREP	κατά	according to	according to	NA28+NA27+Tyn+SBL+WH+Treg+TR+Byz	
7	11	20	NKO	τὴν	tēn	G3588	T-ASF	ὁ	the/this/who	the	NA28+NA27+Tyn+SBL+WH+Treg+TR+Byz	
7	11	21	NKO	τάξιν	taxin	G5010	N-ASF	τάξις	order	order	NA28+NA27+Tyn+SBL+WH+Treg+TR+Byz	
7	11	22	NKO	Μελχισέδεκ	Melchisedek	G3198	N-GSM-P	Μελχισεδέκ	Melchizedek	of Melchizedek	NA28+NA27+Tyn+SBL+WH+Treg+TR+Byz	
7	11	23	NKO	ἕτερον	heteron	G2087	A-ASM	ἕτερος	other	[for] another	NA28+NA27+Tyn+SBL+WH+Treg+TR+Byz	
7	11	24	NKO	ἀνίστασθαι	anistasthai	G0450	V-PMN	ἀνίστημι	to arise	to arise	NA28+NA27+Tyn+SBL+WH+Treg+TR+Byz	
7	11	25	NKO	ἱερέα	hi'erea	G2409	N-ASM	ἱερεύς	priest	priest	NA28+NA27+Tyn+SBL+WH+Treg+TR+Byz	
7	11	26	NKO	καὶ	kai	G2532	CONJ	καί	and	and	NA28+NA27+Tyn+SBL+WH+Treg+TR+Byz	
7	11	27	NKO	οὐ	ou	G3756	PRT-N	οὐ	no	not	NA28+NA27+Tyn+SBL+WH+Treg+TR+Byz	
7	11	28	NKO	κατὰ	kata	G2596	PREP	κατά	according to	according to	NA28+NA27+Tyn+SBL+WH+Treg+TR+Byz	
7	11	29	NKO	τὴν	tēn	G3588	T-ASF	ὁ	the/this/who	the	NA28+NA27+Tyn+SBL+WH+Treg+TR+Byz	
7	11	30	NKO	τάξιν	taxin	G5010	N-ASF	τάξις	order	order	NA28+NA27+Tyn+SBL+WH+Treg+TR+Byz	
7	11	31	NKO	Ἀαρὼν	Aarōn	G0002	N-GSM-P	Ἀαρών	Aaron	of Aaron	NA28+NA27+Tyn+SBL+WH+Treg+TR+Byz	
7	11	32	NKO	λέγεσθαι;	legesthai	G3004H	V-PPN	λέγω	to speak	to be named?	NA28+NA27+Tyn+SBL+WH+Treg+TR+Byz	
7	12	1	NKO	μετατιθεμένης	metatithemenēs	G3346	V-PPP-GSF	μετατίθημι	to transport	When is being changed	NA28+NA27+Tyn+SBL+WH+Treg+TR+Byz	
7	12	2	NKO	γὰρ	gar	G1063	CONJ	γάρ	for	for	NA28+NA27+Tyn+SBL+WH+Treg+TR+Byz	
7	12	3	NKO	τῆς	tēs	G3588	T-GSF	ὁ	the/this/who	the	NA28+NA27+Tyn+SBL+WH+Treg+TR+Byz	
7	12	4	NKO	ἱερωσύνης	hi'erōsunēs	G2420	N-GSF	ἱερωσύνη	priesthood	priesthood	NA28+NA27+Tyn+SBL+WH+Treg+TR+Byz	
7	12	5	NKO	ἐξ	ex	G1537	PREP	ἐκ	out from	from	NA28+NA27+Tyn+SBL+WH+Treg+TR+Byz	
7	12	6	NKO	ἀνάγκης	anagkēs	G0318	N-GSF	ἀνάγκη	necessity	necessity	NA28+NA27+Tyn+SBL+WH+Treg+TR+Byz	
7	12	7	NKO	καὶ	kai	G2532	CONJ	καί	and	also	NA28+NA27+Tyn+SBL+WH+Treg+TR+Byz	
7	12	8	NKO	νόμου	nomou	G3551	N-GSM	νόμος	law	of law	NA28+NA27+Tyn+SBL+WH+Treg+TR+Byz	
7	12	9	NKO	μετάθεσις	metathesis	G3331	N-NSF	μετάθεσις	removal/change	a change	NA28+NA27+Tyn+SBL+WH+Treg+TR+Byz	
7	12	10	NKO	γίνεται.	ginetai	G1096	V-PNI-3S	γίνομαι	to be	takes place.	NA28+NA27+Tyn+SBL+WH+Treg+TR+Byz	
7	13	1	NKO	ἐφ᾽	eph᾽	G1909	PREP	ἐπί	upon/to/against	[He] concerning	NA28+NA27+Tyn+SBL+WH+Treg+TR+Byz	
7	13	2	NKO	ὃν	hon	G3739	R-ASM	ὅς, ἥ	which	whom	NA28+NA27+Tyn+SBL+WH+Treg+TR+Byz	
7	13	3	NKO	γὰρ	gar	G1063	CONJ	γάρ	for	for	NA28+NA27+Tyn+SBL+WH+Treg+TR+Byz	
7	13	4	NKO	λέγεται	legetai	G3004G	V-PPI-3S	λέγω	to speak	are spoken	NA28+NA27+Tyn+SBL+WH+Treg+TR+Byz	
7	13	5	NKO	ταῦτα,	tauta	G3778	D-NPN	οὗτος	this/he/she/it	these things	NA28+NA27+Tyn+SBL+WH+Treg+TR+Byz	
7	13	6	NKO	φυλῆς	phulēs	G5443	N-GSF	φυλή	tribe	to a tribe	NA28+NA27+Tyn+SBL+WH+Treg+TR+Byz	
7	13	7	NKO	ἑτέρας	heteras	G2087	A-GSF	ἕτερος	other	another	NA28+NA27+Tyn+SBL+WH+Treg+TR+Byz	
7	13	8	NKO	μετέσχηκεν,	meteschēken	G3348	V-RAI-3S	μετέχω	to share	has belonged to,	NA28+NA27+Tyn+SBL+WH+Treg+TR+Byz	
7	13	9	NKO	ἀφ᾽	aph᾽	G0575	PREP	ἀπό	away from	from	NA28+NA27+Tyn+SBL+WH+Treg+TR+Byz	
7	13	10	NKO	ἧς	hēs	G3739	R-GSF	ὅς, ἥ	which	which	NA28+NA27+Tyn+SBL+WH+Treg+TR+Byz	
7	13	11	NKO	οὐδεὶς	oudeis	G3762	A-NSM	οὐδείς	none	no [one]	NA28+NA27+Tyn+SBL+WH+Treg+TR+Byz	
7	13	12	NKO	προσέσχηκεν	proseschēken	G4337	V-RAI-3S	προσέχω	to watch out	has served	NA28+NA27+Tyn+SBL+WH+Treg+TR+Byz	
7	13	13	NKO	τῷ	tō	G3588	T-DSN	ὁ	the/this/who	at the	NA28+NA27+Tyn+SBL+WH+Treg+TR+Byz	
7	13	14	NKO	θυσιαστηρίῳ.	thusiastēriō	G2379	N-DSN	θυσιαστήριον	altar	altar.	NA28+NA27+Tyn+SBL+WH+Treg+TR+Byz	
7	14	1	NKO	πρόδηλον	prodēlon	G4271	A-NSN	πρόδηλος	obvious	[It is] evident	NA28+NA27+Tyn+SBL+WH+Treg+TR+Byz	
7	14	2	NKO	γὰρ	gar	G1063	CONJ	γάρ	for	for	NA28+NA27+Tyn+SBL+WH+Treg+TR+Byz	
7	14	3	NKO	ὅτι	hoti	G3754G	CONJ	ὅτι	that/since	that	NA28+NA27+Tyn+SBL+WH+Treg+TR+Byz	
7	14	4	NKO	ἐξ	ex	G1537	PREP	ἐκ	out from	out of	NA28+NA27+Tyn+SBL+WH+Treg+TR+Byz	
7	14	5	NKO	Ἰούδα	Iouda	G2455N	N-GSM-P	Ἰούδας	Judah/Judas/Jude	Judah	NA28+NA27+Tyn+SBL+WH+Treg+TR+Byz	
7	14	6	NKO	ἀνατέταλκεν	anatetalken	G0393	V-RAI-3S	ἀνατέλλω	to rise	has sprung	NA28+NA27+Tyn+SBL+WH+Treg+TR+Byz	
7	14	7	NKO	ὁ	ho	G3588	T-NSM	ὁ	the/this/who	the	NA28+NA27+Tyn+SBL+WH+Treg+TR+Byz	
7	14	8	NKO	κύριος	kurios	G2962G	N-NSM-T	κύριος	lord	Lord	NA28+NA27+Tyn+SBL+WH+Treg+TR+Byz	
7	14	9	NKO	ἡμῶν	hēmōn	G3165	P-1GP	ἐγώ	I/we	of us	NA28+NA27+Tyn+SBL+WH+Treg+TR+Byz	
7	14	10	NKO	εἰς	eis	G1519	PREP	εἰς	toward	as to	NA28+NA27+Tyn+SBL+WH+Treg+TR+Byz	
7	14	11	NKO	ἣν	hēn	G3739	R-ASF	ὅς, ἥ	which	which	NA28+NA27+Tyn+SBL+WH+Treg+TR+Byz	
7	14	12	NKO	φυλὴν	phulēn	G5443	N-ASF	φυλή	tribe	a tribe	NA28+NA27+Tyn+SBL+WH+Treg+TR+Byz	
7	14	13	NKO	περὶ	peri	G4012	PREP	περί	about	concerning	NA28+NA27+Tyn+SBL+WH+Treg+TR+Byz	
7	14	14	N(K)O	ἱερέων	hi'ereōn	G2409	N-GPM	ἱερεύς	priest	priests	NA28+NA27+Tyn+SBL+WH+Treg	
7	14	15	NKO	οὐδὲν	ouden	G3762	A-ASN	οὐδείς	none	no [thing]	NA28+NA27+Tyn+SBL+WH+Treg+TR«3+Byz«3	
7	14	16	NKO	Μωϋσῆς	Mōusēs	G3475	N-NSM-P	Μωϋσῆς, Μωσῆς	Moses	Moses	NA28+NA27+Tyn+SBL+WH+Treg+TR+Byz	
7	14	17	NKO	ἐλάλησεν.¶	elalēsen	G2980	V-AAI-3S	λαλέω	to speak	spoke.	NA28+NA27+Tyn+SBL+WH+Treg+TR+Byz	
7	15	1	NKO	Καὶ	Kai	G2532	CONJ	καί	and	And	NA28+NA27+Tyn+SBL+WH+Treg+TR+Byz	
7	15	2	NKO	περισσότερον	perissoteron	G4054	ADV-C	περισσότερον	more-abundantly	more excessive	NA28+NA27+Tyn+SBL+WH+Treg+TR+Byz	
7	15	3	NKO	ἔτι	eti	G2089	ADV	ἔτι	still	yet	NA28+NA27+Tyn+SBL+WH+Treg+TR+Byz	
7	15	4	NKO	κατάδηλόν	katadēlon	G2612	A-NSN	κατάδηλος	evident	evident	NA28+NA27+Tyn+SBL+WH+Treg+TR+Byz	
7	15	5	NKO	ἐστιν,	estin	G1510	V-PAI-3S	εἰμί	to be	it is,	NA28+NA27+Tyn+SBL+WH+Treg+TR+Byz	
7	15	6	NKO	εἰ	ei	G1487G	COND	εἰ	if	if	NA28+NA27+Tyn+SBL+WH+Treg+TR+Byz	
7	15	7	NKO	κατὰ	kata	G2596	PREP	κατά	according to	according to	NA28+NA27+Tyn+SBL+WH+Treg+TR+Byz	
7	15	8	NKO	τὴν	tēn	G3588	T-ASF	ὁ	the/this/who	the	NA28+NA27+Tyn+SBL+WH+Treg+TR+Byz	
7	15	9	NKO	ὁμοιότητα	homoiotēta	G3665	N-ASF	ὁμοιότης	likeness	likeness	NA28+NA27+Tyn+SBL+WH+Treg+TR+Byz	
7	15	10	NKO	Μελχισέδεκ	Melchisedek	G3198	N-GSM-P	Μελχισεδέκ	Melchizedek	of Melchizedek	NA28+NA27+Tyn+SBL+WH+Treg+TR+Byz	
7	15	11	NKO	ἀνίσταται	anistatai	G0450	V-PMI-3S	ἀνίστημι	to arise	arises	NA28+NA27+Tyn+SBL+WH+Treg+TR+Byz	
7	15	12	NKO	ἱερεὺς	hi'ereus	G2409	N-NSM	ἱερεύς	priest	a priest	NA28+NA27+Tyn+SBL+WH+Treg+TR+Byz	
7	15	13	NKO	ἕτερος,	heteros	G2087	A-NSM	ἕτερος	other	another,	NA28+NA27+Tyn+SBL+WH+Treg+TR+Byz	
7	16	1	NKO	ὃς	hos	G3739	R-NSM	ὅς, ἥ	which	who	NA28+NA27+Tyn+SBL+WH+Treg+TR+Byz	
7	16	2	NKO	οὐ	ou	G3756	PRT-N	οὐ	no	not	NA28+NA27+Tyn+SBL+WH+Treg+TR+Byz	
7	16	3	NKO	κατὰ	kata	G2596	PREP	κατά	according to	according to	NA28+NA27+Tyn+SBL+WH+Treg+TR+Byz	
7	16	4	NKO	νόμον	nomon	G3551	N-ASM	νόμος	law	a law	NA28+NA27+Tyn+SBL+WH+Treg+TR+Byz	
7	16	5	NKO	ἐντολῆς	entolēs	G1785	N-GSF	ἐντολή	commandment	of a commandment	NA28+NA27+Tyn+SBL+WH+Treg+TR+Byz	
7	16	6	N(k)O	σαρκίνης	sarkinēs	G4560	A-GSF	σάρκινος	fleshly	fleshly	NA28+NA27+Tyn+SBL+WH+Treg	
7	16	7	NKO	γέγονεν	gegonen	G1096	V-2RAI-3S	γίνομαι	to be	has been constituted	NA28+NA27+Tyn+SBL+WH+Treg+TR+Byz	
7	16	8	NKO	ἀλλὰ	alla	G0235	CONJ	ἀλλά	but	but	NA28+NA27+Tyn+SBL+WH+Treg+TR+Byz	
7	16	9	NKO	κατὰ	kata	G2596	PREP	κατά	according to	according to	NA28+NA27+Tyn+SBL+WH+Treg+TR+Byz	
7	16	10	NKO	δύναμιν	dunamin	G1411	N-ASF	δύναμις	power	[the] power	NA28+NA27+Tyn+SBL+WH+Treg+TR+Byz	
7	16	11	NKO	ζωῆς	zōēs	G2222	N-GSF	ζωή	life	of a life	NA28+NA27+Tyn+SBL+WH+Treg+TR+Byz	
7	16	12	NKO	ἀκαταλύτου·	akatalutou	G0179	A-GSF	ἀκατάλυτος	indestructible	indestructible;	NA28+NA27+Tyn+SBL+WH+Treg+TR+Byz	
7	17	1	N(k)O	μαρτυρεῖται	martureitai	G3140	V-PPI-3S	μαρτυρέω	to testify	It is testified	NA28+NA27+Tyn+SBL+WH+Treg	
7	17	2	NKO	γὰρ	gar	G1063	CONJ	γάρ	for	for	NA28+NA27+Tyn+SBL+WH+Treg+TR+Byz	
7	17	3	NKO	ὅτι	hoti	G3754G	CONJ	ὅτι	that/since	that	NA28+NA27+Tyn+SBL+WH+Treg+TR+Byz	
7	17	4	NKO	σὺ	su	G4771	P-2NS	σύ	you	You [are]	NA28+NA27+Tyn+SBL+WH+Treg+TR+Byz	
7	17	5	NKO	ἱερεὺς	hi'ereus	G2409	N-NSM	ἱερεύς	priest	a priest	NA28+NA27+Tyn+SBL+WH+Treg+TR+Byz	
7	17	6	NKO	εἰς	eis	G1519	PREP	εἰς	toward	to	NA28+NA27+Tyn+SBL+WH+Treg+TR+Byz	
7	17	7	NKO	τὸν	ton	G3588	T-ASM	ὁ	the/this/who	the	NA28+NA27+Tyn+SBL+WH+Treg+TR+Byz	
7	17	8	NKO	αἰῶνα	aiōna	G0165H	N-ASM	αἰών	an age	age	NA28+NA27+Tyn+SBL+WH+Treg+TR+Byz	
7	17	9	NKO	κατὰ	kata	G2596	PREP	κατά	according to	according to	NA28+NA27+Tyn+SBL+WH+Treg+TR+Byz	
7	17	10	NKO	τὴν	tēn	G3588	T-ASF	ὁ	the/this/who	the	NA28+NA27+Tyn+SBL+WH+Treg+TR+Byz	
7	17	11	NKO	τάξιν	taxin	G5010	N-ASF	τάξις	order	order	NA28+NA27+Tyn+SBL+WH+Treg+TR+Byz	
7	17	12	NKO	Μελχισέδεκ.¶	Melchisedek	G3198	N-GSM-P	Μελχισεδέκ	Melchizedek	of Melchizedek.	NA28+NA27+Tyn+SBL+WH+Treg+TR+Byz	
7	18	1	NKO	Ἀθέτησις	Athetēsis	G0115	N-NSF	ἀθέτησις	nullification	A putting away	NA28+NA27+Tyn+SBL+WH+Treg+TR+Byz	
7	18	2	NKO	μὲν	men	G3303	PRT	μέν	on one hand	indeed	NA28+NA27+Tyn+SBL+WH+Treg+TR+Byz	
7	18	3	NKO	γὰρ	gar	G1063	CONJ	γάρ	for	for	NA28+NA27+Tyn+SBL+WH+Treg+TR+Byz	
7	18	4	NKO	γίνεται	ginetai	G1096	V-PNI-3S	γίνομαι	to be	there is	NA28+NA27+Tyn+SBL+WH+Treg+TR+Byz	
7	18	5	NKO	προαγούσης	proagousēs	G4254	V-PAP-GSF	προάγω	to go/bring before	while is preceding	NA28+NA27+Tyn+SBL+WH+Treg+TR+Byz	
7	18	6	NKO	ἐντολῆς	entolēs	G1785	N-GSF	ἐντολή	commandment	[the] commandment	NA28+NA27+Tyn+SBL+WH+Treg+TR+Byz	
7	18	7	NKO	διὰ	dia	G1223	PREP	διά	through/because of	because of	NA28+NA27+Tyn+SBL+WH+Treg+TR+Byz	
7	18	8	NKO	τὸ	to	G3588	T-ASN	ὁ	the/this/who	<the>	NA28+NA27+Tyn+SBL+WH+Treg+TR+Byz	
7	18	9	NKO	αὐτῆς	autēs	G0846	P-GSF	αὐτός	he/she/it/self	its	NA28+NA27+Tyn+SBL+WH+Treg+TR+Byz	
7	18	10	NKO	ἀσθενὲς	asthenes	G0772G	A-ASN	ἀσθενής	weak	weakness	NA28+NA27+Tyn+SBL+WH+Treg+TR+Byz	
7	18	11	NKO	καὶ	kai	G2532	CONJ	καί	and	and	NA28+NA27+Tyn+SBL+WH+Treg+TR+Byz	
7	18	12	NKO	ἀνωφελές,	anōpheles	G0512	A-ASN	ἀνωφελής	useless	uselessness —	NA28+NA27+Tyn+SBL+WH+Treg+TR+Byz	
7	19	1	NKO	οὐδὲν	ouden	G3762	A-ASN	οὐδείς	none	no [thing]	NA28+NA27+Tyn+SBL+WH+Treg+TR+Byz	
7	19	2	NKO	γὰρ	gar	G1063	CONJ	γάρ	for	for	NA28+NA27+Tyn+SBL+WH+Treg+TR+Byz	
7	19	3	NKO	ἐτελείωσεν	eteleiōsen	G5048	V-AAI-3S	τελειόω	to perfect	perfected	NA28+NA27+Tyn+SBL+WH+Treg+TR+Byz	
7	19	4	NKO	ὁ	ho	G3588	T-NSM	ὁ	the/this/who	the	NA28+NA27+Tyn+SBL+WH+Treg+TR+Byz	
7	19	5	NKO	νόμος,	nomos	G3551	N-NSM	νόμος	law	law —	NA28+NA27+Tyn+SBL+WH+Treg+TR+Byz	
7	19	6	NKO	ἐπεισαγωγὴ	epeisagōgē	G1898	N-NSF	ἐπεισαγωγή	introduction	[the] introduction	NA28+NA27+Tyn+SBL+WH+Treg+TR+Byz	
7	19	7	NKO	δὲ	de	G1161	CONJ	δέ	but/and	then	NA28+NA27+Tyn+SBL+WH+Treg+TR+Byz	
7	19	8	NKO	κρείττονος	kreittonos	G2908	A-GSF-C	κρείσσων	greater	of a better	NA28+NA27+Tyn+SBL+WH+Treg+TR+Byz	
7	19	9	NKO	ἐλπίδος	elpidos	G1680	N-GSF	ἐλπίς	hope	hope	NA28+NA27+Tyn+SBL+WH+Treg+TR+Byz	
7	19	10	NKO	δι᾽	di᾽	G1223	PREP	διά	through/because of	through	NA28+NA27+Tyn+SBL+WH+Treg+TR+Byz	
7	19	11	NKO	ἧς	hēs	G3739	R-GSF	ὅς, ἥ	which	which	NA28+NA27+Tyn+SBL+WH+Treg+TR+Byz	
7	19	12	NKO	ἐγγίζομεν	engizomen	G1448	V-PAI-1P	ἐγγίζω	to come near	we draw near	NA28+NA27+Tyn+SBL+WH+Treg+TR+Byz	
7	19	13	NKO	τῷ	tō	G3588	T-DSM	ὁ	the/this/who	<the>	NA28+NA27+Tyn+SBL+WH+Treg+TR+Byz	
7	19	14	NKO	θεῷ.	theō	G2316	N-DSM-T	θεός	God	to God.	NA28+NA27+Tyn+SBL+WH+Treg+TR+Byz	
7	20	1	NKO	καὶ	kai	G2532	CONJ	καί	and	And	NA28+NA27+Tyn+SBL+WH+Treg+TR+Byz	
7	20	2	NKO	καθ᾽	kath᾽	G2596	PREP	κατά	according to	to	NA28+NA27+Tyn+SBL+WH+Treg+TR+Byz	
7	20	3	NKO	ὅσον	hoson	G3745	K-ASN	ὅσος	just as/how much	as much as	NA28+NA27+Tyn+SBL+WH+Treg+TR+Byz	
7	20	4	NKO	οὐ	ou	G3756	PRT-N	οὐ	no	not	NA28+NA27+Tyn+SBL+WH+Treg+TR+Byz	
7	20	5	NKO	χωρὶς	chōris	G5565	PREP	χωρίς	without	apart from	NA28+NA27+Tyn+SBL+WH+Treg+TR+Byz	
7	20	6	NKO	ὁρκωμοσίας.	horkōmosias	G3728	N-GSF	ὁρκωμοσία	oath	an oath.	NA28+NA27+Tyn+SBL+WH+Treg+TR+Byz	
7	20	7	NKO	οἱ	hoi	G3588	T-NPM	ὁ	the/this/who	[21] those ones	NA28+NA27+Tyn+SBL+WH+Treg+TR+Byz	7.20[7.21]
7	20	8	NKO	μὲν	men	G3303	PRT	μέν	on one hand	truly	NA28+NA27+Tyn+SBL+WH+Treg+TR+Byz	7.20[7.21]
7	20	9	NKO	γὰρ	gar	G1063	CONJ	γάρ	for	for	NA28+NA27+Tyn+SBL+WH+Treg+TR+Byz	7.20[7.21]
7	20	10	NKO	χωρὶς	chōris	G5565	PREP	χωρίς	without	without	NA28+NA27+Tyn+SBL+WH+Treg+TR+Byz	7.20[7.21]
7	20	11	NKO	ὁρκωμοσίας	horkōmosias	G3728	N-GSF	ὁρκωμοσία	oath	an oath	NA28+NA27+Tyn+SBL+WH+Treg+TR+Byz	7.20[7.21]
7	20	12	NKO	εἰσὶν	eisin	G1510	V-PAI-3P	εἰμί	to be	are	NA28+NA27+Tyn+SBL+WH+Treg+TR+Byz	7.20[7.21]
7	20	13	NKO	ἱερεῖς	hi'ereis	G2409	N-NPM	ἱερεύς	priest	priests	NA28+NA27+Tyn+SBL+WH+Treg+TR+Byz	7.20[7.21]
7	20	14	NKO	γεγονότες,	gegonotes	G1096	V-2RAP-NPM	γίνομαι	to be	having become,	NA28+NA27+Tyn+SBL+WH+Treg+TR+Byz	7.20[7.21]
7	21	1	NKO	ὁ	ho	G3588	T-NSM	ὁ	the/this/who	[He]	NA28+NA27+Tyn+SBL+WH+Treg+TR+Byz	
7	21	2	NKO	δὲ	de	G1161	CONJ	δέ	but/and	however	NA28+NA27+Tyn+SBL+WH+Treg+TR+Byz	
7	21	3	NKO	μετὰ	meta	G3326	PREP	μετά	with/after	with	NA28+NA27+Tyn+SBL+WH+Treg+TR+Byz	
7	21	4	NKO	ὁρκωμοσίας	horkōmosias	G3728	N-GSF	ὁρκωμοσία	oath	an oath	NA28+NA27+Tyn+SBL+WH+Treg+TR+Byz	
7	21	5	NKO	διὰ	dia	G1223	PREP	διά	through/because of	through	NA28+NA27+Tyn+SBL+WH+Treg+TR+Byz	
7	21	6	NKO	τοῦ	tou	G3588	T-GSM	ὁ	the/this/who	the [One] who	NA28+NA27+Tyn+SBL+WH+Treg+TR+Byz	
7	21	7	NKO	λέγοντος	legontos	G3004G	V-PAP-GSM	λέγω	to speak	is saying	NA28+NA27+Tyn+SBL+WH+Treg+TR+Byz	
7	21	8	NKO	πρὸς	pros	G4314	PREP	πρός	to/with	to	NA28+NA27+Tyn+SBL+WH+Treg+TR+Byz	
7	21	9	NKO	αὐτόν·	auton	G0846	P-ASM	αὐτός	he/she/it/self	Him:	NA28+NA27+Tyn+SBL+WH+Treg+TR+Byz	
7	21	10	NKO	ὤμοσεν	ōmosen	G3660	V-AAI-3S	ὄμνυμι	to swear	Has sworn	NA28+NA27+Tyn+SBL+WH+Treg+TR+Byz	
7	21	11	NKO	κύριος	kurios	G2962G	N-NSM-T	κύριος	lord	[the] Lord	NA28+NA27+Tyn+SBL+WH+Treg+TR+Byz	
7	21	12	NKO	καὶ	kai	G2532	CONJ	καί	and	and	NA28+NA27+Tyn+SBL+WH+Treg+TR+Byz	
7	21	13	NKO	οὐ	ou	G3756	PRT-N	οὐ	no	not	NA28+NA27+Tyn+SBL+WH+Treg+TR+Byz	
7	21	14	NKO	μεταμεληθήσεται·	metamelēthēsetai	G3338	V-FOI-3S	μεταμέλλομαι	to repent	will change His mind;	NA28+NA27+Tyn+SBL+WH+Treg+TR+Byz	
7	21	15	NKO	σὺ	su	G4771	P-2NS	σύ	you	You [are]	NA28+NA27+Tyn+SBL+WH+Treg+TR+Byz	
7	21	16	NKO	ἱερεὺς	hi'ereus	G2409	N-NSM	ἱερεύς	priest	a priest	NA28+NA27+Tyn+SBL+WH+Treg+TR+Byz	
7	21	17	NKO	εἰς	eis	G1519	PREP	εἰς	toward	to	NA28+NA27+Tyn+SBL+WH+Treg+TR+Byz	
7	21	18	NKO	τὸν	ton	G3588	T-ASM	ὁ	the/this/who	the	NA28+NA27+Tyn+SBL+WH+Treg+TR+Byz	
7	21	19	NKO	αἰῶνα	aiōna	G0165H	N-ASM	αἰών	an age	age	NA28+NA27+Tyn+SBL+WH+Treg+TR+Byz	
7	21	20	K	κατὰ	kata	G2596	PREP	κατά	according to	according to	TR+Byz	
7	21	21	K	τὴν	tēn	G3588	T-ASF	ὁ	the/this/who	the	TR+Byz	
7	21	22	K	τάξιν	taxin	G5010	N-ASF	τάξις	order	order	TR+Byz	
7	21	23	K	Μελχισεδέκ·	Melchisedek	G3198	N-GSM-P	Μελχισεδέκ	Melchizedek	of Melchizedek;	TR+Byz	
7	22	1	NKO	κατὰ	kata	G2596	PREP	κατά	according to	By	NA28+NA27+Tyn+SBL+WH+Treg+TR+Byz	
7	22	2	NKO	τοσοῦτο	tosouto	G5118	K-ASN	τοσοῦτος	so great	so much	NA28+NA27+Tyn+SBL+WH+Treg+TR+Byz	
7	22	3	no	καὶ	kai	G2532	CONJ	καί	and	also	NA28+NA27+Tyn+WH	
7	22	4	NKO	κρείττονος	kreittonos	G2908	A-GSF-C	κρείσσων	greater	of a better	NA28+NA27+Tyn+SBL+WH+Treg+TR+Byz	
7	22	5	NKO	διαθήκης	diathēkēs	G1242	N-GSF	διαθήκη	covenant	covenant	NA28+NA27+Tyn+SBL+WH+Treg+TR+Byz	
7	22	6	NKO	γέγονεν	gegonen	G1096	V-2RAI-3S	γίνομαι	to be	has become	NA28+NA27+Tyn+SBL+WH+Treg+TR+Byz	
7	22	7	NKO	ἔγγυος	enguos	G1450	A-NSM	ἔγγυος	guarantor	[the] guarantee	NA28+NA27+Tyn+SBL+WH+Treg+TR+Byz	
7	22	8	NKO	Ἰησοῦς.¶	Iēsous	G2424G	N-NSM-P	Ἰησοῦς	Jesus/Joshua	Jesus.	NA28+NA27+Tyn+SBL+WH+Treg+TR+Byz	
7	23	1	NKO	Καὶ	Kai	G2532	CONJ	καί	and	And	NA28+NA27+Tyn+SBL+WH+Treg+TR+Byz	
7	23	2	NKO	οἱ	hoi	G3588	T-NPM	ὁ	the/this/who	those	NA28+NA27+Tyn+SBL+WH+Treg+TR+Byz	
7	23	3	NKO	μὲν	men	G3303	PRT	μέν	on one hand	indeed	NA28+NA27+Tyn+SBL+WH+Treg+TR+Byz	
7	23	4	NKO	πλείονές	pleiones	G4119	A-NPM-C	πλείων, πλεῖον	greater	many	NA28+NA27+Tyn+SBL+WH+Treg+TR+Byz	
7	23	5	NKO	εἰσιν	eisin	G1510	V-PAI-3P	εἰμί	to be	are	NA28+NA27+Tyn+SBL+WH+Treg+TR+Byz	
7	23	6	NKO	γεγονότες	gegonotes	G1096	V-2RAP-NPM	γίνομαι	to be	having become	NA28+NA27+Tyn+SBL+WH+Treg+TR+Byz	
7	23	7	NKO	ἱερεῖς	hi'ereis	G2409	N-NPM	ἱερεύς	priest	priests	NA28+NA27+Tyn+SBL+WH+Treg+TR+Byz	
7	23	8	NKO	διὰ	dia	G1223	PREP	διά	through/because of	because of	NA28+NA27+Tyn+SBL+WH+Treg+TR+Byz	
7	23	9	NKO	τὸ	to	G3588	T-ASN	ὁ	the/this/who	<the>	NA28+NA27+Tyn+SBL+WH+Treg+TR+Byz	
7	23	10	NKO	θανάτῳ	thanatō	G2288	N-DSM	θάνατος	death	by death	NA28+NA27+Tyn+SBL+WH+Treg+TR+Byz	
7	23	11	NKO	κωλύεσθαι	kōluesthai	G2967	V-PPN	κωλύω	to prevent	being prevented from	NA28+NA27+Tyn+SBL+WH+Treg+TR+Byz	
7	23	12	NKO	παραμένειν·	paramenein	G3887	V-PAN	παραμένω	to continue	continuing;	NA28+NA27+Tyn+SBL+WH+Treg+TR+Byz	
7	24	1	NKO	ὁ	ho	G3588	T-NSM	ὁ	the/this/who	<the>	NA28+NA27+Tyn+SBL+WH+Treg+TR+Byz	
7	24	2	NKO	δὲ	de	G1161	CONJ	δέ	but/and	However	NA28+NA27+Tyn+SBL+WH+Treg+TR+Byz	
7	24	3	NKO	διὰ	dia	G1223	PREP	διά	through/because of	because of	NA28+NA27+Tyn+SBL+WH+Treg+TR+Byz	
7	24	4	NKO	τὸ	to	G3588	T-ASN	ὁ	the/this/who	the	NA28+NA27+Tyn+SBL+WH+Treg+TR+Byz	
7	24	5	NKO	μένειν	menein	G3306	V-PAN	μένω	to stay	abiding	NA28+NA27+Tyn+SBL+WH+Treg+TR+Byz	
7	24	6	NKO	αὐτὸν	auton	G0846	P-ASM	αὐτός	he/she/it/self	of Him	NA28+NA27+Tyn+SBL+WH+Treg+TR+Byz	
7	24	7	NKO	εἰς	eis	G1519	PREP	εἰς	toward	to	NA28+NA27+Tyn+SBL+WH+Treg+TR+Byz	
7	24	8	NKO	τὸν	ton	G3588	T-ASM	ὁ	the/this/who	the	NA28+NA27+Tyn+SBL+WH+Treg+TR+Byz	
7	24	9	NKO	αἰῶνα	aiōna	G0165H	N-ASM	αἰών	an age	age	NA28+NA27+Tyn+SBL+WH+Treg+TR+Byz	
7	24	10	NKO	ἀπαράβατον	aparabaton	G0531	A-ASF	ἀπαράβατος	permanent	a permanent	NA28+NA27+Tyn+SBL+WH+Treg+TR+Byz	
7	24	11	NKO	ἔχει	echei	G2192	V-PAI-3S	ἔχω	to have/be	He holds	NA28+NA27+Tyn+SBL+WH+Treg+TR+Byz	
7	24	12	NKO	τὴν	tēn	G3588	T-ASF	ὁ	the/this/who	<the>	NA28+NA27+Tyn+SBL+WH+Treg+TR+Byz	
7	24	13	NKO	ἱερωσύνην·	hi'erōsunēn	G2420	N-ASF	ἱερωσύνη	priesthood	priesthood;	NA28+NA27+Tyn+SBL+WH+Treg+TR+Byz	
7	25	1	NKO	ὅθεν	hothen	G3606	CONJ	ὅθεν	whence	wherefore	NA28+NA27+Tyn+SBL+WH+Treg+TR+Byz	
7	25	2	NKO	καὶ	kai	G2532	CONJ	καί	and	also	NA28+NA27+Tyn+SBL+WH+Treg+TR+Byz	
7	25	3	NKO	σῴζειν	sōzein	G4982	V-PAN	σῴζω	to save	to save	NA28+NA27+Tyn+SBL+WH+Treg+TR+Byz	
7	25	4	NKO	εἰς	eis	G1519	PREP	εἰς	toward	to	NA28+NA27+Tyn+SBL+WH+Treg+TR+Byz	
7	25	5	NKO	τὸ	to	G3588	T-ASN	ὁ	the/this/who	the	NA28+NA27+Tyn+SBL+WH+Treg+TR+Byz	
7	25	6	NKO	παντελὲς	panteles	G3838	A-ASN	παντελής	completely	uttermost	NA28+NA27+Tyn+SBL+WH+Treg+TR+Byz	
7	25	7	NKO	δύναται	dunatai	G1410	V-PNI-3S	δύναμαι	be able	He is able	NA28+NA27+Tyn+SBL+WH+Treg+TR+Byz	
7	25	8	NKO	τοὺς	tous	G3588	T-APM	ὁ	the/this/who	those	NA28+NA27+Tyn+SBL+WH+Treg+TR+Byz	
7	25	9	NKO	προσερχομένους	proserchomenous	G4334	V-PNP-APM	προσέρχομαι	to come near/agree	drawing near	NA28+NA27+Tyn+SBL+WH+Treg+TR+Byz	
7	25	10	NKO	δι᾽	di᾽	G1223	PREP	διά	through/because of	through	NA28+NA27+Tyn+SBL+WH+Treg+TR+Byz	
7	25	11	NKO	αὐτοῦ	autou	G0846	P-GSM	αὐτός	he/she/it/self	Him	NA28+NA27+Tyn+SBL+WH+Treg+TR+Byz	
7	25	12	NKO	τῷ	tō	G3588	T-DSM	ὁ	the/this/who	<the>	NA28+NA27+Tyn+SBL+WH+Treg+TR+Byz	
7	25	13	NKO	θεῷ	theō	G2316	N-DSM-T	θεός	God	to God	NA28+NA27+Tyn+SBL+WH+Treg+TR+Byz	
7	25	14	NKO	πάντοτε	pantote	G3842	ADV	πάντοτε	always	always	NA28+NA27+Tyn+SBL+WH+Treg+TR+Byz	
7	25	15	NKO	ζῶν	zōn	G2198	V-PAP-NSM	ζάω	to live	living	NA28+NA27+Tyn+SBL+WH+Treg+TR+Byz	
7	25	16	NKO	εἰς	eis	G1519	PREP	εἰς	toward	for	NA28+NA27+Tyn+SBL+WH+Treg+TR+Byz	
7	25	17	NKO	τὸ	to	G3588	T-ASN	ὁ	the/this/who	<the>	NA28+NA27+Tyn+SBL+WH+Treg+TR+Byz	
7	25	18	NKO	ἐντυγχάνειν	entugchanein	G1793	V-PAN	ἐντυγχάνω	to call on	to intercede	NA28+NA27+Tyn+SBL+WH+Treg+TR+Byz	
7	25	19	NKO	ὑπὲρ	huper	G5228	PREP	ὑπέρ	above/for	for	NA28+NA27+Tyn+SBL+WH+Treg+TR+Byz	
7	25	20	NKO	αὐτῶν.¶	autōn	G0846	P-GPM	αὐτός	he/she/it/self	them.	NA28+NA27+Tyn+SBL+WH+Treg+TR+Byz	
7	26	1	NKO	Τοιοῦτος	Toioutos	G5108	D-NSM	τοιοῦτος	such as this	Such	NA28+NA27+Tyn+SBL+WH+Treg+TR+Byz	
7	26	2	NKO	γὰρ	gar	G1063	CONJ	γάρ	for	indeed	NA28+NA27+Tyn+SBL+WH+Treg+TR+Byz	
7	26	3	NKO	ἡμῖν	hēmin	G3165	P-1DP	ἐγώ	I/we	for us	NA28+NA27+Tyn+SBL+WH+Treg+TR+Byz	
7	26	4	no	καὶ	kai	G2532	CONJ	καί	and	also	NA28+NA27+Tyn+SBL+WH+Treg	
7	26	5	NKO	ἔπρεπεν	eprepen	G4241	V-IAI-3S	πρέπω	be proper	was fitting	NA28+NA27+Tyn+SBL+WH+Treg+TR+Byz	
7	26	6	NKO	ἀρχιερεύς,	archiereus	G0749	N-NSM	ἀρχιερεύς	high-priest	a high priest,	NA28+NA27+Tyn+SBL+WH+Treg+TR+Byz	
7	26	7	NKO	ὅσιος,	hosios	G3741	A-NSM	ὅσιος	sacred	holy,	NA28+NA27+Tyn+SBL+WH+Treg+TR+Byz	
7	26	8	NKO	ἄκακος,	akakos	G0172	A-NSM	ἄκακος	innocent	innocent,	NA28+NA27+Tyn+SBL+WH+Treg+TR+Byz	
7	26	9	NKO	ἀμίαντος,	amiantos	G0283	A-NSM	ἀμίαντος	pure	undefiled,	NA28+NA27+Tyn+SBL+WH+Treg+TR+Byz	
7	26	10	NKO	κεχωρισμένος	kechōrismenos	G5563	V-RPP-NSM	χωρίζω	to separate/leave	separated	NA28+NA27+Tyn+SBL+WH+Treg+TR+Byz	
7	26	11	NKO	ἀπὸ	apo	G0575	PREP	ἀπό	away from	from	NA28+NA27+Tyn+SBL+WH+Treg+TR+Byz	
7	26	12	NKO	τῶν	tōn	G3588	T-GPM	ὁ	the/this/who	<the>	NA28+NA27+Tyn+SBL+WH+Treg+TR+Byz	
7	26	13	NKO	ἁμαρτωλῶν,	hamartōlōn	G0268	A-GPM	ἁμαρτωλός	sinful	sinners,	NA28+NA27+Tyn+SBL+WH+Treg+TR+Byz	
7	26	14	NKO	καὶ	kai	G2532	CONJ	καί	and	and	NA28+NA27+Tyn+SBL+WH+Treg+TR+Byz	
7	26	15	NKO	ὑψηλότερος	hupsēloteros	G5308	A-NSM-C	ὑψηλός	high	higher	NA28+NA27+Tyn+SBL+WH+Treg+TR+Byz	
7	26	16	NKO	τῶν	tōn	G3588	T-GPM	ὁ	the/this/who	than the	NA28+NA27+Tyn+SBL+WH+Treg+TR+Byz	
7	26	17	NKO	οὐρανῶν	ouranōn	G3772	N-GPM	οὐρανός	heaven	heavens	NA28+NA27+Tyn+SBL+WH+Treg+TR+Byz	
7	26	18	NKO	γενόμενος·	genomenos	G1096	V-2ADP-NSM	γίνομαι	to be	having become;	NA28+NA27+Tyn+SBL+WH+Treg+TR+Byz	
7	27	1	NKO	ὃς	hos	G3739	R-NSM	ὅς, ἥ	which	who	NA28+NA27+Tyn+SBL+WH+Treg+TR+Byz	
7	27	2	NKO	οὐκ	ouk	G3756	PRT-N	οὐ	no	not	NA28+NA27+Tyn+SBL+WH+Treg+TR+Byz	
7	27	3	NKO	ἔχει	echei	G2192	V-PAI-3S	ἔχω	to have/be	has	NA28+NA27+Tyn+SBL+WH+Treg+TR+Byz	
7	27	4	NKO	καθ᾽	kath᾽	G2596	PREP	κατά	according to	every	NA28+NA27+Tyn+SBL+WH+Treg+TR+Byz	
7	27	5	NKO	ἡμέραν	hēmeran	G2250	N-ASF	ἡμέρα	day	day	NA28+NA27+Tyn+SBL+WH+Treg+TR+Byz	
7	27	6	NKO	ἀνάγκην	anagkēn	G0318	N-ASF	ἀνάγκη	necessity	need	NA28+NA27+Tyn+SBL+WH+Treg+TR+Byz	
7	27	7	NKO	ὥσπερ	hōsper	G5618	CONJ	ὥσπερ	just as	as	NA28+NA27+Tyn+SBL+WH+Treg+TR+Byz	
7	27	8	NKO	οἱ	hoi	G3588	T-NPM	ὁ	the/this/who	the	NA28+NA27+Tyn+SBL+WH+Treg+TR+Byz	
7	27	9	NKO	ἀρχιερεῖς	archiereis	G0749	N-NPM	ἀρχιερεύς	high-priest	high priests	NA28+NA27+Tyn+SBL+WH+Treg+TR+Byz	
7	27	10	NKO	πρότερον	proteron	G4386	ADV-C	πρότερον	previously	first	NA28+NA27+Tyn+SBL+WH+Treg+TR+Byz	
7	27	11	NKO	ὑπὲρ	huper	G5228	PREP	ὑπέρ	above/for	for	NA28+NA27+Tyn+SBL+WH+Treg+TR+Byz	
7	27	12	NKO	τῶν	tōn	G3588	T-GPF	ὁ	the/this/who	<the>	NA28+NA27+Tyn+SBL+WH+Treg+TR+Byz	
7	27	13	NKO	ἰδίων	idiōn	G2398	A-GPF	ἴδιος	one's own/private	[their] own	NA28+NA27+Tyn+SBL+WH+Treg+TR+Byz	
7	27	14	NKO	ἁμαρτιῶν	hamartiōn	G0266	N-GPF	ἁμαρτία	sin	sins	NA28+NA27+Tyn+SBL+WH+Treg+TR+Byz	
7	27	15	NKO	θυσίας	thusias	G2378	N-APF	θυσία	sacrifice	sacrifices	NA28+NA27+Tyn+SBL+WH+Treg+TR+Byz	
7	27	16	NKO	ἀναφέρειν	anapherein	G0399	V-PAN	ἀναφέρω	to carry up	to offer up	NA28+NA27+Tyn+SBL+WH+Treg+TR+Byz	
7	27	17	NKO	ἔπειτα	epeita	G1899	ADV	ἔπειτα	then	then	NA28+NA27+Tyn+SBL+WH+Treg+TR+Byz	
7	27	18	NKO	τῶν	tōn	G3588	T-GPF	ὁ	the/this/who	for those	NA28+NA27+Tyn+SBL+WH+Treg+TR+Byz	
7	27	19	NKO	τοῦ	tou	G3588	T-GSM	ὁ	the/this/who	of the	NA28+NA27+Tyn+SBL+WH+Treg+TR+Byz	
7	27	20	NKO	λαοῦ·	laou	G2992	N-GSM	λαός	a people	people;	NA28+NA27+Tyn+SBL+WH+Treg+TR+Byz	
7	27	21	NKO	τοῦτο	touto	G3778	D-ASN	οὗτος	this/he/she/it	this	NA28+NA27+Tyn+SBL+WH+Treg+TR+Byz	
7	27	22	NKO	γὰρ	gar	G1063	CONJ	γάρ	for	for	NA28+NA27+Tyn+SBL+WH+Treg+TR+Byz	
7	27	23	NKO	ἐποίησεν	epoiēsen	G4160G	V-AAI-3S	ποιέω	to do/make	He did	NA28+NA27+Tyn+SBL+WH+Treg+TR+Byz	
7	27	24	NKO	ἐφάπαξ	ephapax	G2178	ADV	ἐφάπαξ	once/at once	once for all	NA28+NA27+Tyn+SBL+WH+Treg+TR+Byz	
7	27	25	NKO	ἑαυτὸν	he'auton	G1438	F-3ASM	ἑαυτοῦ	my/your/him-self	Himself	NA28+NA27+Tyn+SBL+WH+Treg+TR+Byz	
7	27	26	NKO	ἀνενέγκας.	anenegkas	G0399	V-AAP-NSM	ἀναφέρω	to carry up	having offered up.	NA28+NA27+Tyn+SBL+WH+Treg+TR+Byz	
7	28	1	NKO	ὁ	ho	G3588	T-NSM	ὁ	the/this/who	The	NA28+NA27+Tyn+SBL+WH+Treg+TR+Byz	
7	28	2	NKO	νόμος	nomos	G3551	N-NSM	νόμος	law	law	NA28+NA27+Tyn+SBL+WH+Treg+TR+Byz	
7	28	3	NKO	γὰρ	gar	G1063	CONJ	γάρ	for	for	NA28+NA27+Tyn+SBL+WH+Treg+TR+Byz	
7	28	4	NKO	ἀνθρώπους	anthrōpous	G0444	N-APM	ἄνθρωπος	a human	men	NA28+NA27+Tyn+SBL+WH+Treg+TR+Byz	
7	28	5	NKO	καθίστησιν	kathistēsin	G2525	V-PAI-3S	καθίστημι	to appoint/conduct	appoints	NA28+NA27+Tyn+SBL+WH+Treg+TR+Byz	
7	28	6	NKO	ἀρχιερεῖς	archiereis	G0749	N-APM	ἀρχιερεύς	high-priest	as high priests	NA28+NA27+Tyn+SBL+WH+Treg+TR+Byz	
7	28	7	NKO	ἔχοντας	echontas	G2192	V-PAP-APM	ἔχω	to have/be	having	NA28+NA27+Tyn+SBL+WH+Treg+TR+Byz	
7	28	8	NKO	ἀσθένειαν,	astheneian	G0769G	N-ASF	ἀσθένεια	weakness	weakness,	NA28+NA27+Tyn+SBL+WH+Treg+TR+Byz	
7	28	9	NKO	ὁ	ho	G3588	T-NSM	ὁ	the/this/who	the	NA28+NA27+Tyn+SBL+WH+Treg+TR+Byz	
7	28	10	NKO	λόγος	logos	G3056	N-NSM	λόγος	word	word	NA28+NA27+Tyn+SBL+WH+Treg+TR+Byz	
7	28	11	NKO	δὲ	de	G1161	CONJ	δέ	but/and	however	NA28+NA27+Tyn+SBL+WH+Treg+TR+Byz	
7	28	12	NKO	τῆς	tēs	G3588	T-GSF	ὁ	the/this/who	of the	NA28+NA27+Tyn+SBL+WH+Treg+TR+Byz	
7	28	13	NKO	ὁρκωμοσίας	horkōmosias	G3728	N-GSF	ὁρκωμοσία	oath	oath	NA28+NA27+Tyn+SBL+WH+Treg+TR+Byz	
7	28	14	NKO	τῆς	tēs	G3588	T-GSF	ὁ	the/this/who	which [is]	NA28+NA27+Tyn+SBL+WH+Treg+TR+Byz	
7	28	15	NKO	μετὰ	meta	G3326	PREP	μετά	with/after	after	NA28+NA27+Tyn+SBL+WH+Treg+TR+Byz	
7	28	16	NKO	τὸν	ton	G3588	T-ASM	ὁ	the/this/who	the	NA28+NA27+Tyn+SBL+WH+Treg+TR+Byz	
7	28	17	NKO	νόμον	nomon	G3551	N-ASM	νόμος	law	law	NA28+NA27+Tyn+SBL+WH+Treg+TR+Byz	
7	28	18	NKO	υἱὸν	huion	G5207	N-ASM	υἱός	son	a Son	NA28+NA27+Tyn+SBL+WH+Treg+TR+Byz	
7	28	19	NKO	εἰς	eis	G1519	PREP	εἰς	toward	to	NA28+NA27+Tyn+SBL+WH+Treg+TR+Byz	
7	28	20	NKO	τὸν	ton	G3588	T-ASM	ὁ	the/this/who	the	NA28+NA27+Tyn+SBL+WH+Treg+TR+Byz	
7	28	21	NKO	αἰῶνα	aiōna	G0165H	N-ASM	αἰών	an age	age	NA28+NA27+Tyn+SBL+WH+Treg+TR+Byz	
7	28	22	NKO	τετελειωμένον.¶	teteleiōmenon	G5048	V-RPP-ASM	τελειόω	to perfect	perfected.	NA28+NA27+Tyn+SBL+WH+Treg+TR+Byz	
8	1	1	NKO	Κεφάλαιον	Kephalaion	G2774	N-NSN	κεφάλαιος	sum	[The] sum	NA28+NA27+Tyn+SBL+WH+Treg+TR+Byz	
8	1	2	NKO	δὲ	de	G1161	CONJ	δέ	but/and	now	NA28+NA27+Tyn+SBL+WH+Treg+TR+Byz	
8	1	3	NKO	ἐπὶ	epi	G1909	PREP	ἐπί	upon/to/against	of	NA28+NA27+Tyn+SBL+WH+Treg+TR+Byz	
8	1	4	NKO	τοῖς	tois	G3588	T-DPN	ὁ	the/this/who	the [things]	NA28+NA27+Tyn+SBL+WH+Treg+TR+Byz	
8	1	5	NKO	λεγομένοις,	legomenois	G3004G	V-PPP-DPN	λέγω	to speak	being spoken of [is that]	NA28+NA27+Tyn+SBL+WH+Treg+TR+Byz	
8	1	6	NKO	τοιοῦτον	toiouton	G5108	D-ASM	τοιοῦτος	such as this	such	NA28+NA27+Tyn+SBL+WH+Treg+TR+Byz	
8	1	7	NKO	ἔχομεν	echomen	G2192	V-PAI-1P	ἔχω	to have/be	we have	NA28+NA27+Tyn+SBL+WH+Treg+TR+Byz	
8	1	8	NKO	ἀρχιερέα	archierea	G0749	N-ASM	ἀρχιερεύς	high-priest	a high priest	NA28+NA27+Tyn+SBL+WH+Treg+TR+Byz	
8	1	9	NKO	ὃς	hos	G3739	R-NSM	ὅς, ἥ	which	who	NA28+NA27+Tyn+SBL+WH+Treg+TR+Byz	
8	1	10	NKO	ἐκάθισεν	ekathisen	G2523	V-AAI-3S	καθίζω	to seat	sat down	NA28+NA27+Tyn+SBL+WH+Treg+TR+Byz	
8	1	11	NKO	ἐν	en	G1722	PREP	ἐν	in/on/among	at	NA28+NA27+Tyn+SBL+WH+Treg+TR+Byz	
8	1	12	NKO	δεξιᾷ	dexia	G1188	A-DSF	δεξιός	right	[the] right hand	NA28+NA27+Tyn+SBL+WH+Treg+TR+Byz	
8	1	13	NKO	τοῦ	tou	G3588	T-GSM	ὁ	the/this/who	of the	NA28+NA27+Tyn+SBL+WH+Treg+TR+Byz	
8	1	14	NKO	θρόνου	thronou	G2362	N-GSM	θρόνος	throne	throne	NA28+NA27+Tyn+SBL+WH+Treg+TR+Byz	
8	1	15	NKO	τῆς	tēs	G3588	T-GSF	ὁ	the/this/who	of the	NA28+NA27+Tyn+SBL+WH+Treg+TR+Byz	
8	1	16	NKO	μεγαλωσύνης	megalōsunēs	G3172	N-GSF	μεγαλωσύνη	majesty	Majesty	NA28+NA27+Tyn+SBL+WH+Treg+TR+Byz	
8	1	17	NKO	ἐν	en	G1722	PREP	ἐν	in/on/among	in	NA28+NA27+Tyn+SBL+WH+Treg+TR+Byz	
8	1	18	NKO	τοῖς	tois	G3588	T-DPM	ὁ	the/this/who	the	NA28+NA27+Tyn+SBL+WH+Treg+TR+Byz	
8	1	19	NKO	οὐρανοῖς,	ouranois	G3772	N-DPM	οὐρανός	heaven	heavens,	NA28+NA27+Tyn+SBL+WH+Treg+TR+Byz	
8	2	1	NKO	τῶν	tōn	G3588	T-GPN	ὁ	the/this/who	in the	NA28+NA27+Tyn+SBL+WH+Treg+TR+Byz	
8	2	2	NKO	ἁγίων	hagiōn	G0039G	A-GPN	ἅγιος	holy	Holy [Places]	NA28+NA27+Tyn+SBL+WH+Treg+TR+Byz	
8	2	3	NKO	λειτουργὸς	leitourgos	G3011	N-NSM	λειτουργός	minister	a minister	NA28+NA27+Tyn+SBL+WH+Treg+TR+Byz	
8	2	4	NKO	καὶ	kai	G2532	CONJ	καί	and	and	NA28+NA27+Tyn+SBL+WH+Treg+TR+Byz	
8	2	5	NKO	τῆς	tēs	G3588	T-GSF	ὁ	the/this/who	in the	NA28+NA27+Tyn+SBL+WH+Treg+TR+Byz	
8	2	6	NKO	σκηνῆς	skēnēs	G4633	N-GSF	σκηνή	tent	tabernacle	NA28+NA27+Tyn+SBL+WH+Treg+TR+Byz	
8	2	7	NKO	τῆς	tēs	G3588	T-GSF	ὁ	the/this/who	<the>	NA28+NA27+Tyn+SBL+WH+Treg+TR+Byz	
8	2	8	NKO	ἀληθινῆς,	alēthinēs	G0228	A-GSF	ἀληθινός	true	true,	NA28+NA27+Tyn+SBL+WH+Treg+TR+Byz	
8	2	9	NKO	ἣν	hēn	G3739	R-ASF	ὅς, ἥ	which	which	NA28+NA27+Tyn+SBL+WH+Treg+TR+Byz	
8	2	10	NKO	ἔπηξεν	epēxen	G4078	V-AAI-3S	πήγνυμι	to set up	has pitched	NA28+NA27+Tyn+SBL+WH+Treg+TR+Byz	
8	2	11	NKO	ὁ	ho	G3588	T-NSM	ὁ	the/this/who	the	NA28+NA27+Tyn+SBL+WH+Treg+TR+Byz	
8	2	12	NKO	κύριος,	kurios	G2962G	N-NSM-T	κύριος	lord	Lord,	NA28+NA27+Tyn+SBL+WH+Treg+TR+Byz	
8	2	13	k	καὶ	kai	G2532	CONJ	καί	and	and	TR+Byz	
8	2	14	NKO	οὐκ	ouk	G3756	PRT-N	οὐ	no	not	NA28+NA27+Tyn+SBL+WH+Treg+TR+Byz	
8	2	15	NKO	ἄνθρωπος.	anthrōpos	G0444	N-NSM	ἄνθρωπος	a human	man.	NA28+NA27+Tyn+SBL+WH+Treg+TR+Byz	
8	3	1	NKO	πᾶς	pas	G3956	A-NSM	πᾶς	all	Every	NA28+NA27+Tyn+SBL+WH+Treg+TR+Byz	
8	3	2	NKO	γὰρ	gar	G1063	CONJ	γάρ	for	for	NA28+NA27+Tyn+SBL+WH+Treg+TR+Byz	
8	3	3	NKO	ἀρχιερεὺς	archiereus	G0749	N-NSM	ἀρχιερεύς	high-priest	high priest	NA28+NA27+Tyn+SBL+WH+Treg+TR+Byz	
8	3	4	NKO	εἰς	eis	G1519	PREP	εἰς	toward	in order	NA28+NA27+Tyn+SBL+WH+Treg+TR+Byz	
8	3	5	NKO	τὸ	to	G3588	T-ASN	ὁ	the/this/who	<the>	NA28+NA27+Tyn+SBL+WH+Treg+TR+Byz	
8	3	6	NKO	προσφέρειν	prospherein	G4374	V-PAN	προσφέρω	to bring to	to offer	NA28+NA27+Tyn+SBL+WH+Treg+TR+Byz	
8	3	7	NKO	δῶρά	dōra	G1435	N-APN	δῶρον	gift	gifts	NA28+NA27+Tyn+SBL+WH+Treg+TR+Byz	
8	3	8	NKO	τε	te	G5037	CONJ	τε	and/both	both	NA28+NA27+Tyn+SBL+WH+Treg+TR+Byz	
8	3	9	NKO	καὶ	kai	G2532	CONJ	καί	and	and	NA28+NA27+Tyn+SBL+WH+Treg+TR+Byz	
8	3	10	NKO	θυσίας	thusias	G2378	N-APF	θυσία	sacrifice	sacrifices	NA28+NA27+Tyn+SBL+WH+Treg+TR+Byz	
8	3	11	NKO	καθίσταται·	kathistatai	G2525	V-PPI-3S	καθίστημι	to appoint/conduct	is appointed;	NA28+NA27+Tyn+SBL+WH+Treg+TR+Byz	
8	3	12	NKO	ὅθεν	hothen	G3606	CONJ	ὅθεν	whence	wherefore [it was]	NA28+NA27+Tyn+SBL+WH+Treg+TR+Byz	
8	3	13	NKO	ἀναγκαῖον	anagkaion	G0316	A-NSN	ἀναγκαῖος	necessary	necessary	NA28+NA27+Tyn+SBL+WH+Treg+TR+Byz	
8	3	14	NKO	ἔχειν	echein	G2192	V-PAN	ἔχω	to have/be	to have	NA28+NA27+Tyn+SBL+WH+Treg+TR+Byz	
8	3	15	NKO	τι	ti	G5100	X-ASN	τις	one	something	NA28+NA27+Tyn+SBL+WH+Treg+TR+Byz	
8	3	16	NKO	καὶ	kai	G2532	CONJ	καί	and	also	NA28+NA27+Tyn+SBL+WH+Treg+TR+Byz	
8	3	17	NKO	τοῦτον	touton	G3778	D-ASM	οὗτος	this/he/she/it	[for] this One	NA28+NA27+Tyn+SBL+WH+Treg+TR+Byz	
8	3	18	NKO	ὃ	ho	G3739	R-ASN	ὅς, ἥ	which	that	NA28+NA27+Tyn+SBL+WH+Treg+TR+Byz	
8	3	19	NKO	προσενέγκῃ.¶	prosenegkē	G4374	V-2AAS-3S	προσφέρω	to bring to	He may offer.	NA28+NA27+Tyn+SBL+WH+Treg+TR+Byz	
8	4	1	NKO	Εἰ	Ei	G1487G	COND	εἰ	if	If	NA28+NA27+Tyn+SBL+WH+Treg+TR+Byz	
8	4	2	NKO	μὲν	men	G3303	PRT	μέν	on one hand	certainly	NA28+NA27+Tyn+SBL+WH+Treg+TR+Byz	
8	4	3	N(K)O	οὖν	oun	G3767	CONJ	οὖν	therefore/then	then	NA28+NA27+Tyn+SBL+WH+Treg	
8	4	4	NKO	ἦν	ēn	G1510	V-IAI-3S	εἰμί	to be	He were	NA28+NA27+Tyn+SBL+WH+Treg+TR+Byz	
8	4	5	NKO	ἐπὶ	epi	G1909	PREP	ἐπί	upon/to/against	on	NA28+NA27+Tyn+SBL+WH+Treg+TR+Byz	
8	4	6	NKO	γῆς,	gēs	G1093G	N-GSF	γῆ	earth	earth,	NA28+NA27+Tyn+SBL+WH+Treg+TR+Byz	
8	4	7	NKO	οὐδ᾽	oud᾽	G3761	CONJ-N	οὐδέ	and not	not even	NA28+NA27+Tyn+SBL+WH+Treg+TR+Byz	
8	4	8	NKO	ἂν	an	G0302	PRT	ἄν	if	then would	NA28+NA27+Tyn+SBL+WH+Treg+TR+Byz	
8	4	9	NKO	ἦν	ēn	G1510	V-IAI-3S	εἰμί	to be	He was being	NA28+NA27+Tyn+SBL+WH+Treg+TR+Byz	
8	4	10	NKO	ἱερεὺς	hi'ereus	G2409	N-NSM	ἱερεύς	priest	a priest	NA28+NA27+Tyn+SBL+WH+Treg+TR+Byz	
8	4	11	NKO	ὄντων	ontōn	G1510	V-PAP-GPM	εἰμί	to be	while are being	NA28+NA27+Tyn+SBL+WH+Treg+TR+Byz	
8	4	12	k	τῶν	tōn	G3588	T-GPM	ὁ	the/this/who	<the>	TR+Byz	
8	4	13	K	ἱερέων	hi'ereōn	G2409	N-GPM	ἱερεύς	priest	priests	TR+Byz	
8	4	14	NKO	τῶν	tōn	G3588	T-GPM	ὁ	the/this/who	those	NA28+NA27+Tyn+SBL+WH+Treg+TR+Byz	
8	4	15	NKO	προσφερόντων	prospherontōn	G4374	V-PAP-GPM	προσφέρω	to bring to	offering	NA28+NA27+Tyn+SBL+WH+Treg+TR+Byz	
8	4	16	NKO	κατὰ	kata	G2596	PREP	κατά	according to	according to	NA28+NA27+Tyn+SBL+WH+Treg+TR+Byz	
8	4	17	k	τὸν	ton	G3588	T-ASM	ὁ	the/this/who	<the>	TR+Byz	
8	4	18	NKO	νόμον	nomon	G3551	N-ASM	νόμος	law	law	NA28+NA27+Tyn+SBL+WH+Treg+TR+Byz	
8	4	19	NKO	τὰ	ta	G3588	T-APN	ὁ	the/this/who	the	NA28+NA27+Tyn+SBL+WH+Treg+TR+Byz	
8	4	20	NKO	δῶρα,	dōra	G1435	N-APN	δῶρον	gift	gifts,	NA28+NA27+Tyn+SBL+WH+Treg+TR+Byz	
8	5	1	NKO	οἵτινες	oitines	G3748	R-NPM	ὅστις	who/which	who	NA28+NA27+Tyn+SBL+WH+Treg+TR+Byz	
8	5	2	NKO	ὑποδείγματι	hupodeigmati	G5262	N-DSN	ὑπόδειγμα	example	to a copy	NA28+NA27+Tyn+SBL+WH+Treg+TR+Byz	
8	5	3	NKO	καὶ	kai	G2532	CONJ	καί	and	and	NA28+NA27+Tyn+SBL+WH+Treg+TR+Byz	
8	5	4	NKO	σκιᾷ	skia	G4639	N-DSF	σκιά	shadow	shadow	NA28+NA27+Tyn+SBL+WH+Treg+TR+Byz	
8	5	5	NKO	λατρεύουσιν	latreuousin	G3000	V-PAI-3P	λατρεύω	to minister	minster	NA28+NA27+Tyn+SBL+WH+Treg+TR+Byz	
8	5	6	NKO	τῶν	tōn	G3588	T-GPN	ὁ	the/this/who	of the	NA28+NA27+Tyn+SBL+WH+Treg+TR+Byz	
8	5	7	NKO	ἐπουρανίων,	epouraniōn	G2032	A-GPN	ἐπουράνιος	heavenly	heavenly,	NA28+NA27+Tyn+SBL+WH+Treg+TR+Byz	
8	5	8	NKO	καθὼς	kathōs	G2531	CONJ	καθώς	as/just as	even as	NA28+NA27+Tyn+SBL+WH+Treg+TR+Byz	
8	5	9	NKO	κεχρημάτισται	kechrēmatistai	G5537	V-RPI-3S	χρηματίζω	to announce	has been divinely instructed	NA28+NA27+Tyn+SBL+WH+Treg+TR+Byz	
8	5	10	NKO	Μωϋσῆς	Mōusēs	G3475	N-NSM-P	Μωϋσῆς, Μωσῆς	Moses	Moses	NA28+NA27+Tyn+SBL+WH+Treg+TR+Byz	
8	5	11	NKO	μέλλων	mellōn	G3195	V-PAP-NSM	μέλλω	to ensue	being about	NA28+NA27+Tyn+SBL+WH+Treg+TR+Byz	
8	5	12	NKO	ἐπιτελεῖν	epitelein	G2005	V-PAN	ἐπιτελέω	to complete	to complete	NA28+NA27+Tyn+SBL+WH+Treg+TR+Byz	
8	5	13	NKO	τὴν	tēn	G3588	T-ASF	ὁ	the/this/who	the	NA28+NA27+Tyn+SBL+WH+Treg+TR+Byz	
8	5	14	NKO	σκηνήν·	skēnēn	G4633	N-ASF	σκηνή	tent	tabernacle;	NA28+NA27+Tyn+SBL+WH+Treg+TR+Byz	
8	5	15	NKO	ὅρα	hora	G3708	V-PAM-2S	ὁράω	to see	do see that	NA28+NA27+Tyn+SBL+WH+Treg+TR+Byz	
8	5	16	NKO	γάρ	gar	G1063	CONJ	γάρ	for	for	NA28+NA27+Tyn+SBL+WH+Treg+TR+Byz	
8	5	17	NKO	φησιν	phēsin	G5346	V-PAI-3S	φημί	to say	He says	NA28+NA27+Tyn+SBL+WH+Treg+TR+Byz	
8	5	18	N(k)O	ποιήσεις	poiēseis	G4160G	V-FAI-2S	ποιέω	to do/make	you will make	NA28+NA27+Tyn+SBL+WH+Treg+Byz	
8	5	19	NKO	πάντα	panta	G3956	A-APN	πᾶς	all	all things	NA28+NA27+Tyn+SBL+WH+Treg+TR+Byz	
8	5	20	NKO	κατὰ	kata	G2596	PREP	κατά	according to	according to	NA28+NA27+Tyn+SBL+WH+Treg+TR+Byz	
8	5	21	NKO	τὸν	ton	G3588	T-ASM	ὁ	the/this/who	the	NA28+NA27+Tyn+SBL+WH+Treg+TR+Byz	
8	5	22	NKO	τύπον	tupon	G5179	N-ASM	τύπος	mark/example	pattern	NA28+NA27+Tyn+SBL+WH+Treg+TR+Byz	
8	5	23	NKO	τὸν	ton	G3588	T-ASM	ὁ	the/this/who	which	NA28+NA27+Tyn+SBL+WH+Treg+TR+Byz	
8	5	24	NKO	δειχθέντα	deichthenta	G1166	V-APP-ASM	δεικνύω	to show	having been shown	NA28+NA27+Tyn+SBL+WH+Treg+TR+Byz	
8	5	25	NKO	σοι	soi	G4771	P-2DS	σύ	you	you	NA28+NA27+Tyn+SBL+WH+Treg+TR+Byz	
8	5	26	NKO	ἐν	en	G1722	PREP	ἐν	in/on/among	in	NA28+NA27+Tyn+SBL+WH+Treg+TR+Byz	
8	5	27	NKO	τῷ	tō	G3588	T-DSN	ὁ	the/this/who	the	NA28+NA27+Tyn+SBL+WH+Treg+TR+Byz	
8	5	28	NKO	ὄρει·	orei	G3735	N-DSN	ὄρος	mountain	mountain;	NA28+NA27+Tyn+SBL+WH+Treg+TR+Byz	
8	6	1	NK(o)	νυνὶ	nuni	G3570	ADV	νυνί	now	now	NA28+NA27+Tyn+SBL+Treg+TR+Byz	
8	6	2	NKO	δὲ	de	G1161	CONJ	δέ	but/and	however	NA28+NA27+Tyn+SBL+WH+Treg+TR+Byz	
8	6	3	NKO	διαφορωτέρας	diaphorōteras	G1313	A-GSF-C	διάφορος	different	more excellent	NA28+NA27+Tyn+SBL+WH+Treg+TR+Byz	
8	6	4	N(k)O	τέτυχεν	tetuchen	G5177	V-2RAI-3S	τυγχάνω	to obtain/happen	He has obtained	NA28+NA27+SBL+WH+Treg+Byz	
8	6	5	NKO	λειτουργίας,	leitourgias	G3009	N-GSF	λειτουργία	ministry	a ministry,	NA28+NA27+Tyn+SBL+WH+Treg+TR+Byz	
8	6	6	NKO	ὅσῳ	hosō	G3745	K-DSN	ὅσος	just as/how much	as much as	NA28+NA27+Tyn+SBL+WH+Treg+TR+Byz	
8	6	7	NKO	καὶ	kai	G2532	CONJ	καί	and	also	NA28+NA27+Tyn+SBL+WH+Treg+TR+Byz	
8	6	8	NKO	κρείττονός	kreittonos	G2908	A-GSF-C	κρείσσων	greater	of a better	NA28+NA27+Tyn+SBL+WH+Treg+TR+Byz	
8	6	9	NKO	ἐστιν	estin	G1510	V-PAI-3S	εἰμί	to be	He is	NA28+NA27+Tyn+SBL+WH+Treg+TR+Byz	
8	6	10	NKO	διαθήκης	diathēkēs	G1242	N-GSF	διαθήκη	covenant	covenant	NA28+NA27+Tyn+SBL+WH+Treg+TR+Byz	
8	6	11	NKO	μεσίτης,	mesitēs	G3316	N-NSM	μεσίτης	mediator	[the] mediator,	NA28+NA27+Tyn+SBL+WH+Treg+TR+Byz	
8	6	12	NKO	ἥτις	hētis	G3748	R-NSF	ὅστις	who/which	which	NA28+NA27+Tyn+SBL+WH+Treg+TR+Byz	
8	6	13	NKO	ἐπὶ	epi	G1909	PREP	ἐπί	upon/to/against	upon	NA28+NA27+Tyn+SBL+WH+Treg+TR+Byz	
8	6	14	NKO	κρείττοσιν	kreittosin	G2908	A-DPF-C	κρείσσων	greater	better	NA28+NA27+Tyn+SBL+WH+Treg+TR+Byz	
8	6	15	NKO	ἐπαγγελίαις	epangeliais	G1860	N-DPF	ἐπαγγελία	promise	promises	NA28+NA27+Tyn+SBL+WH+Treg+TR+Byz	
8	6	16	NKO	νενομοθέτηται.	nenomothetētai	G3549	V-RPI-3S	νομοθετέω	to give laws	has been enacted.	NA28+NA27+Tyn+SBL+WH+Treg+TR+Byz	
8	7	1	NKO	εἰ	ei	G1487G	COND	εἰ	if	If	NA28+NA27+Tyn+SBL+WH+Treg+TR+Byz	
8	7	2	NKO	γὰρ	gar	G1063	CONJ	γάρ	for	for	NA28+NA27+Tyn+SBL+WH+Treg+TR+Byz	
8	7	3	NKO	ἡ	hē	G3588	T-NSF	ὁ	the/this/who	the	NA28+NA27+Tyn+SBL+WH+Treg+TR+Byz	
8	7	4	NKO	πρώτη	prōtē	G4413G	A-NSF	πρῶτος	first	first	NA28+NA27+Tyn+SBL+WH+Treg+TR+Byz	
8	7	5	NKO	ἐκείνη	ekeinē	G1565	D-NSF	ἐκεῖνος	that	that [one]	NA28+NA27+Tyn+SBL+WH+Treg+TR+Byz	
8	7	6	NKO	ἦν	ēn	G1510	V-IAI-3S	εἰμί	to be	was	NA28+NA27+Tyn+SBL+WH+Treg+TR+Byz	
8	7	7	NKO	ἄμεμπτος,	amemptos	G0273	A-NSF	ἄμεμπτος	blameless	faultless,	NA28+NA27+Tyn+SBL+WH+Treg+TR+Byz	
8	7	8	NKO	οὐκ	ouk	G3756	PRT-N	οὐ	no	not	NA28+NA27+Tyn+SBL+WH+Treg+TR+Byz	
8	7	9	NKO	ἂν	an	G0302	PRT	ἄν	if	then would	NA28+NA27+Tyn+SBL+WH+Treg+TR+Byz	
8	7	10	NKO	δευτέρας	deuteras	G1208	A-GSF	δεύτερος	secondly	for a second	NA28+NA27+Tyn+SBL+WH+Treg+TR+Byz	
8	7	11	NKO	ἐζητεῖτο	ezēteito	G2212	V-IPI-3S	ζητέω	to seek	was being sought	NA28+NA27+Tyn+SBL+WH+Treg+TR+Byz	
8	7	12	NKO	τόπος.	topos	G5117	N-NSM	τόπος	place	a place.	NA28+NA27+Tyn+SBL+WH+Treg+TR+Byz	
8	8	1	NKO	μεμφόμενος	memphomenos	G3201	V-PNP-NSM	μέμφομαι	to blame	Finding fault	NA28+NA27+Tyn+SBL+WH+Treg+TR+Byz	
8	8	2	NKO	γὰρ	gar	G1063	CONJ	γάρ	for	for	NA28+NA27+Tyn+SBL+WH+Treg+TR+Byz	
8	8	3	N(k)O	αὐτοὺς	autous	G0846	P-APM	αὐτός	he/she/it/self	with them	NA28+NA27+SBL+WH	
8	8	4	NKO	λέγει·	legei	G3004G	V-PAI-3S	λέγω	to speak	He says:	NA28+NA27+Tyn+SBL+WH+Treg+TR+Byz	
8	8	5	NKO	ἰδοὺ	idou	G2400	INJ	ἰδού	look!	Behold	NA28+NA27+Tyn+SBL+WH+Treg+TR+Byz	
8	8	6	NKO	ἡμέραι	hēmerai	G2250	N-NPF	ἡμέρα	day	[the] days	NA28+NA27+Tyn+SBL+WH+Treg+TR+Byz	
8	8	7	NKO	ἔρχονται,	erchontai	G2064	V-PNI-3P	ἔρχομαι	to come/go	are coming,	NA28+NA27+Tyn+SBL+WH+Treg+TR+Byz	
8	8	8	NKO	λέγει	legei	G3004G	V-PAI-3S	λέγω	to speak	says	NA28+NA27+Tyn+SBL+WH+Treg+TR+Byz	
8	8	9	NKO	κύριος,	kurios	G2962G	N-NSM-T	κύριος	lord	[the] Lord,	NA28+NA27+Tyn+SBL+WH+Treg+TR+Byz	
8	8	10	NKO	καὶ	kai	G2532	CONJ	καί	and	and	NA28+NA27+Tyn+SBL+WH+Treg+TR+Byz	
8	8	11	NKO	συντελέσω	suntelesō	G4931	V-FAI-1S	συντελέω	to complete	I will ratify	NA28+NA27+Tyn+SBL+WH+Treg+TR+Byz	
8	8	12	NKO	ἐπὶ	epi	G1909	PREP	ἐπί	upon/to/against	with	NA28+NA27+Tyn+SBL+WH+Treg+TR+Byz	
8	8	13	NKO	τὸν	ton	G3588	T-ASM	ὁ	the/this/who	the	NA28+NA27+Tyn+SBL+WH+Treg+TR+Byz	
8	8	14	NKO	οἶκον	oikon	G3624H	N-ASM	οἶκος	house	house	NA28+NA27+Tyn+SBL+WH+Treg+TR+Byz	
8	8	15	NKO	Ἰσραὴλ	Israēl	G2474	N-GSM-L	Ἰσραήλ	Israel	of Israel	NA28+NA27+Tyn+SBL+WH+Treg+TR+Byz	
8	8	16	NKO	καὶ	kai	G2532	CONJ	καί	and	and	NA28+NA27+Tyn+SBL+WH+Treg+TR+Byz	
8	8	17	NKO	ἐπὶ	epi	G1909	PREP	ἐπί	upon/to/against	with	NA28+NA27+Tyn+SBL+WH+Treg+TR+Byz	
8	8	18	NKO	τὸν	ton	G3588	T-ASM	ὁ	the/this/who	the	NA28+NA27+Tyn+SBL+WH+Treg+TR+Byz	
8	8	19	NKO	οἶκον	oikon	G3624H	N-ASM	οἶκος	house	house	NA28+NA27+Tyn+SBL+WH+Treg+TR+Byz	
8	8	20	NKO	Ἰούδα	Iouda	G2455N	N-GSM-P	Ἰούδας	Judah/Judas/Jude	of Judah	NA28+NA27+Tyn+SBL+WH+Treg+TR+Byz	
8	8	21	NKO	διαθήκην	diathēkēn	G1242	N-ASF	διαθήκη	covenant	a covenant	NA28+NA27+Tyn+SBL+WH+Treg+TR+Byz	
8	8	22	NKO	καινήν,	kainēn	G2537	A-ASF	καινός	new	new,	NA28+NA27+Tyn+SBL+WH+Treg+TR+Byz	
8	9	1	NKO	οὐ	ou	G3756	PRT-N	οὐ	no	not	NA28+NA27+Tyn+SBL+WH+Treg+TR+Byz	
8	9	2	NKO	κατὰ	kata	G2596	PREP	κατά	according to	according to	NA28+NA27+Tyn+SBL+WH+Treg+TR+Byz	
8	9	3	NKO	τὴν	tēn	G3588	T-ASF	ὁ	the/this/who	the	NA28+NA27+Tyn+SBL+WH+Treg+TR+Byz	
8	9	4	NKO	διαθήκην	diathēkēn	G1242	N-ASF	διαθήκη	covenant	covenant	NA28+NA27+Tyn+SBL+WH+Treg+TR+Byz	
8	9	5	NKO	ἣν	hēn	G3739	R-ASF	ὅς, ἥ	which	that	NA28+NA27+Tyn+SBL+WH+Treg+TR+Byz	
8	9	6	NKO	ἐποίησα	epoiēsa	G4160G	V-AAI-1S	ποιέω	to do/make	I made	NA28+NA27+Tyn+SBL+WH+Treg+TR+Byz	
8	9	7	NKO	τοῖς	tois	G3588	T-DPM	ὁ	the/this/who	the	NA28+NA27+Tyn+SBL+WH+Treg+TR+Byz	
8	9	8	NKO	πατράσιν	patrasin	G3962	N-DPM	πατήρ	father	with fathers	NA28+NA27+Tyn+SBL+WH+Treg+TR+Byz	
8	9	9	NKO	αὐτῶν	autōn	G0846	P-GPM	αὐτός	he/she/it/self	of them	NA28+NA27+Tyn+SBL+WH+Treg+TR+Byz	
8	9	10	NKO	ἐν	en	G1722	PREP	ἐν	in/on/among	in	NA28+NA27+Tyn+SBL+WH+Treg+TR+Byz	
8	9	11	NKO	ἡμέρᾳ	hēmera	G2250	N-DSF	ἡμέρα	day	[the] day	NA28+NA27+Tyn+SBL+WH+Treg+TR+Byz	
8	9	12	NKO	ἐπιλαβομένου	epilabomenou	G1949	V-2ADP-GSM	ἐπιλαμβάνω	to catch	of having taken hold of	NA28+NA27+Tyn+SBL+WH+Treg+TR+Byz	
8	9	13	NKO	μου	mou	G3165	P-1GS	ἐγώ	I/we	by Me	NA28+NA27+Tyn+SBL+WH+Treg+TR+Byz	
8	9	14	NKO	τῆς	tēs	G3588	T-GSF	ὁ	the/this/who	the	NA28+NA27+Tyn+SBL+WH+Treg+TR+Byz	
8	9	15	NKO	χειρὸς	cheiros	G5495	N-GSF	χείρ	hand	hand	NA28+NA27+Tyn+SBL+WH+Treg+TR+Byz	
8	9	16	NKO	αὐτῶν	autōn	G0846	P-GPM	αὐτός	he/she/it/self	of them	NA28+NA27+Tyn+SBL+WH+Treg+TR+Byz	
8	9	17	NKO	ἐξαγαγεῖν	exagagein	G1806	V-2AAN	ἐξάγω	to lead out	to lead	NA28+NA27+Tyn+SBL+WH+Treg+TR+Byz	
8	9	18	NKO	αὐτοὺς	autous	G0846	P-APM	αὐτός	he/she/it/self	them	NA28+NA27+Tyn+SBL+WH+Treg+TR+Byz	
8	9	19	NKO	ἐκ	ek	G1537	PREP	ἐκ	out from	out of	NA28+NA27+Tyn+SBL+WH+Treg+TR+Byz	
8	9	20	NKO	γῆς	gēs	G1093H	N-GSF	γῆ	earth	[the] land	NA28+NA27+Tyn+SBL+WH+Treg+TR+Byz	
8	9	21	NKO	Αἰγύπτου,	Aiguptou	G0125	N-GSF-L	Αἴγυπτος	Egypt	of Egypt,	NA28+NA27+Tyn+SBL+WH+Treg+TR+Byz	
8	9	22	NKO	ὅτι	hoti	G3754H	CONJ	ὅτι	that/since	because	NA28+NA27+Tyn+SBL+WH+Treg+TR+Byz	
8	9	23	NKO	αὐτοὶ	autoi	G0846	P-NPM	αὐτός	he/she/it/self	they themselves	NA28+NA27+Tyn+SBL+WH+Treg+TR+Byz	
8	9	24	NKO	οὐκ	ouk	G3756	PRT-N	οὐ	no	not	NA28+NA27+Tyn+SBL+WH+Treg+TR+Byz	
8	9	25	NKO	ἐνέμειναν	enemeinan	G1696	V-AAI-3P	ἐμμένω	to abide in/by	did continue	NA28+NA27+Tyn+SBL+WH+Treg+TR+Byz	
8	9	26	NKO	ἐν	en	G1722	PREP	ἐν	in/on/among	in	NA28+NA27+Tyn+SBL+WH+Treg+TR+Byz	
8	9	27	NKO	τῇ	tēa	G3588	T-DSF	ὁ	the/this/who	the	NA28+NA27+Tyn+SBL+WH+Treg+TR+Byz	
8	9	28	NKO	διαθήκῃ	diathēkē	G1242	N-DSF	διαθήκη	covenant	covenant	NA28+NA27+Tyn+SBL+WH+Treg+TR+Byz	
8	9	29	NKO	μου,	mou	G3165	P-1GS	ἐγώ	I/we	of Mine,	NA28+NA27+Tyn+SBL+WH+Treg+TR+Byz	
8	9	30	NKO	κἀγὼ	kagō	G1473	P-1NS + G2532=CONJ	κἀγώ	and I	and I myself	NA28+NA27+Tyn+SBL+WH+Treg+TR+Byz	
8	9	31	NKO	ἠμέλησα	ēmelēsa	G0272	V-AAI-1S	ἀμελέω	to neglect	disregarded	NA28+NA27+Tyn+SBL+WH+Treg+TR+Byz	
8	9	32	NKO	αὐτῶν,	autōn	G0846	P-GPM	αὐτός	he/she/it/self	them,	NA28+NA27+Tyn+SBL+WH+Treg+TR+Byz	
8	9	33	NKO	λέγει	legei	G3004G	V-PAI-3S	λέγω	to speak	says	NA28+NA27+Tyn+SBL+WH+Treg+TR+Byz	
8	9	34	NKO	κύριος.	kurios	G2962G	N-NSM-T	κύριος	lord	[the] Lord.	NA28+NA27+Tyn+SBL+WH+Treg+TR+Byz	
8	10	1	NKO	ὅτι	hoti	G3754H	CONJ	ὅτι	that/since	For	NA28+NA27+Tyn+SBL+WH+Treg+TR+Byz	
8	10	2	NKO	αὕτη	hautē	G3778	D-NSF	οὗτος	this/he/she/it	this [is]	NA28+NA27+Tyn+SBL+WH+Treg+TR+Byz	
8	10	3	NKO	ἡ	hē	G3588	T-NSF	ὁ	the/this/who	the	NA28+NA27+Tyn+SBL+WH+Treg+TR+Byz	
8	10	4	NKO	διαθήκη	diathēkē	G1242	N-NSF	διαθήκη	covenant	covenant	NA28+NA27+Tyn+SBL+WH+Treg+TR+Byz	
8	10	5	NKO	ἣν	hēn	G3739	R-ASF	ὅς, ἥ	which	that	NA28+NA27+Tyn+SBL+WH+Treg+TR+Byz	
8	10	6	NKO	διαθήσομαι	diathēsomai	G1303	V-FDI-1S	διατίθημι	to make a covenant	I will make	NA28+NA27+Tyn+SBL+WH+Treg+TR+Byz	
8	10	7	NKO	τῷ	tō	G3588	T-DSM	ὁ	the/this/who	with the	NA28+NA27+Tyn+SBL+WH+Treg+TR+Byz	
8	10	8	NKO	οἴκῳ	oikō	G3624H	N-DSM	οἶκος	house	house	NA28+NA27+Tyn+SBL+WH+Treg+TR+Byz	
8	10	9	NKO	Ἰσραὴλ	Israēl	G2474	N-GSM-L	Ἰσραήλ	Israel	of Israel	NA28+NA27+Tyn+SBL+WH+Treg+TR+Byz	
8	10	10	NKO	μετὰ	meta	G3326	PREP	μετά	with/after	after	NA28+NA27+Tyn+SBL+WH+Treg+TR+Byz	
8	10	11	NKO	τὰς	tas	G3588	T-APF	ὁ	the/this/who	the	NA28+NA27+Tyn+SBL+WH+Treg+TR+Byz	
8	10	12	NKO	ἡμέρας	hēmeras	G2250	N-APF	ἡμέρα	day	days	NA28+NA27+Tyn+SBL+WH+Treg+TR+Byz	
8	10	13	NKO	ἐκείνας,	ekeinas	G1565	D-APF	ἐκεῖνος	that	those,	NA28+NA27+Tyn+SBL+WH+Treg+TR+Byz	
8	10	14	NKO	λέγει	legei	G3004G	V-PAI-3S	λέγω	to speak	says	NA28+NA27+Tyn+SBL+WH+Treg+TR+Byz	
8	10	15	NKO	κύριος,	kurios	G2962G	N-NSM-T	κύριος	lord	[the] Lord,	NA28+NA27+Tyn+SBL+WH+Treg+TR+Byz	
8	10	16	NKO	διδοὺς	didous	G1325	V-PAP-NSM	δίδωμι	to give	putting	NA28+NA27+Tyn+SBL+WH+Treg+TR+Byz	
8	10	17	NKO	νόμους	nomous	G3551	N-APM	νόμος	law	Laws	NA28+NA27+Tyn+SBL+WH+Treg+TR+Byz	
8	10	18	NKO	μου	mou	G3165	P-1GS	ἐγώ	I/we	of Mine	NA28+NA27+Tyn+SBL+WH+Treg+TR+Byz	
8	10	19	NKO	εἰς	eis	G1519	PREP	εἰς	toward	into	NA28+NA27+Tyn+SBL+WH+Treg+TR+Byz	
8	10	20	NKO	τὴν	tēn	G3588	T-ASF	ὁ	the/this/who	the	NA28+NA27+Tyn+SBL+WH+Treg+TR+Byz	
8	10	21	NKO	διάνοιαν	dianoian	G1271	N-ASF	διάνοια	mind	mind	NA28+NA27+Tyn+SBL+WH+Treg+TR+Byz	
8	10	22	NKO	αὐτῶν	autōn	G0846	P-GPM	αὐτός	he/she/it/self	of them	NA28+NA27+Tyn+SBL+WH+Treg+TR+Byz	
8	10	23	NKO	καὶ	kai	G2532	CONJ	καί	and	and	NA28+NA27+Tyn+SBL+WH+Treg+TR+Byz	
8	10	24	NKO	ἐπὶ	epi	G1909	PREP	ἐπί	upon/to/against	upon	NA28+NA27+Tyn+SBL+WH+Treg+TR+Byz	
8	10	25	NKO	καρδίας	kardias	G2588	N-APF	καρδία	heart	hearts	NA28+NA27+Tyn+SBL+WH+Treg+TR+Byz	
8	10	26	NKO	αὐτῶν	autōn	G0846	P-GPM	αὐτός	he/she/it/self	of them	NA28+NA27+Tyn+SBL+WH+Treg+TR+Byz	
8	10	27	NKO	ἐπιγράψω	epigrapsō	G1924	V-FAI-1S	ἐπιγράφω	to write on	I will inscribe	NA28+NA27+Tyn+SBL+WH+Treg+TR+Byz	
8	10	28	NKO	αὐτούς·	autous	G0846	P-APM	αὐτός	he/she/it/self	them;	NA28+NA27+Tyn+SBL+WH+Treg+TR+Byz	
8	10	29	NKO	καὶ	kai	G2532	CONJ	καί	and	and	NA28+NA27+Tyn+SBL+WH+Treg+TR+Byz	
8	10	30	NKO	ἔσομαι	esomai	G1510	V-FDI-1S	εἰμί	to be	I will be	NA28+NA27+Tyn+SBL+WH+Treg+TR+Byz	
8	10	31	NKO	αὐτοῖς	autois	G0846	P-DPM	αὐτός	he/she/it/self	to them	NA28+NA27+Tyn+SBL+WH+Treg+TR+Byz	
8	10	32	NKO	εἰς	eis	G1519	PREP	εἰς	toward	for	NA28+NA27+Tyn+SBL+WH+Treg+TR+Byz	
8	10	33	NKO	θεόν,	theon	G2316	N-ASM-T	θεός	God	God,	NA28+NA27+Tyn+SBL+WH+Treg+TR+Byz	
8	10	34	NKO	καὶ	kai	G2532	CONJ	καί	and	and	NA28+NA27+Tyn+SBL+WH+Treg+TR+Byz	
8	10	35	NKO	αὐτοὶ	autoi	G0846	P-NPM	αὐτός	he/she/it/self	they themselves	NA28+NA27+Tyn+SBL+WH+Treg+TR+Byz	
8	10	36	NKO	ἔσονταί	esontai	G1510	V-FDI-3P	εἰμί	to be	will be	NA28+NA27+Tyn+SBL+WH+Treg+TR+Byz	
8	10	37	NKO	μοι	moi	G3165	P-1DS	ἐγώ	I/we	to Me	NA28+NA27+Tyn+SBL+WH+Treg+TR+Byz	
8	10	38	NKO	εἰς	eis	G1519	PREP	εἰς	toward	for	NA28+NA27+Tyn+SBL+WH+Treg+TR+Byz	
8	10	39	NKO	λαόν.	laon	G2992	N-ASM	λαός	a people	a people.	NA28+NA27+Tyn+SBL+WH+Treg+TR+Byz	
8	11	1	NKO	καὶ	kai	G2532	CONJ	καί	and	And	NA28+NA27+Tyn+SBL+WH+Treg+TR+Byz	
8	11	2	NKO	οὐ	ou	G3756	PRT-N	οὐ	no	certainly	NA28+NA27+Tyn+SBL+WH+Treg+TR+Byz	
8	11	3	NKO	μὴ	mē	G3361	PRT-N	μή	not	not	NA28+NA27+Tyn+SBL+WH+Treg+TR+Byz	
8	11	4	NKO	διδάξωσιν	didaxōsin	G1321	V-AAS-3P	διδάσκω	to teach	shall they teach	NA28+NA27+Tyn+SBL+WH+Treg+TR+Byz	
8	11	5	NKO	ἕκαστος	hekastos	G1538	A-NSM	ἕκαστος	each	each	NA28+NA27+Tyn+SBL+WH+Treg+TR+Byz	
8	11	6	NKO	τὸν	ton	G3588	T-ASM	ὁ	the/this/who	the	NA28+NA27+Tyn+SBL+WH+Treg+TR+Byz	
8	11	7	N(k)O	πολίτην	politēn	G4177	N-ASM	πολίτης	citizen	comrade	NA28+NA27+Tyn+SBL+WH+Treg+Byz	
8	11	8	NKO	αὐτοῦ	autou	G0846	P-GSM	αὐτός	he/she/it/self	of him	NA28+NA27+Tyn+SBL+WH+Treg+TR+Byz	
8	11	9	NKO	καὶ	kai	G2532	CONJ	καί	and	and	NA28+NA27+Tyn+SBL+WH+Treg+TR+Byz	
8	11	10	NKO	ἕκαστος	hekastos	G1538	A-NSM	ἕκαστος	each	each	NA28+NA27+Tyn+SBL+WH+Treg+TR+Byz	
8	11	11	NKO	τὸν	ton	G3588	T-ASM	ὁ	the/this/who	the	NA28+NA27+Tyn+SBL+WH+Treg+TR+Byz	
8	11	12	NKO	ἀδελφὸν	adelphon	G0080	N-ASM	ἀδελφός	brother	brother	NA28+NA27+Tyn+SBL+WH+Treg+TR+Byz	
8	11	13	NKO	αὐτοῦ	autou	G0846	P-GSM	αὐτός	he/she/it/self	of him	NA28+NA27+Tyn+SBL+WH+Treg+TR+Byz	
8	11	14	NKO	λέγων·	legōn	G3004G	V-PAP-NSM	λέγω	to speak	saying;	NA28+NA27+Tyn+SBL+WH+Treg+TR+Byz	
8	11	15	NKO	γνῶθι	gnōthi	G1097	V-2AAM-2S	γινώσκω	to know	do know	NA28+NA27+Tyn+SBL+WH+Treg+TR+Byz	
8	11	16	NKO	τὸν	ton	G3588	T-ASM	ὁ	the/this/who	the	NA28+NA27+Tyn+SBL+WH+Treg+TR+Byz	
8	11	17	NKO	κύριον,	kurion	G2962G	N-ASM-T	κύριος	lord	Lord,’	NA28+NA27+Tyn+SBL+WH+Treg+TR+Byz	
8	11	18	NKO	ὅτι	hoti	G3754H	CONJ	ὅτι	that/since	because	NA28+NA27+Tyn+SBL+WH+Treg+TR+Byz	
8	11	19	NKO	πάντες	pantes	G3956	A-NPM	πᾶς	all	all	NA28+NA27+Tyn+SBL+WH+Treg+TR+Byz	
8	11	20	NKO	εἰδήσουσίν	eidēsousin	G1492I	V-FAI-3P	εἴδω	to perceive	will know	NA28+NA27+Tyn+SBL+WH+Treg+TR+Byz	
8	11	21	NKO	με,	me	G3165	P-1AS	ἐγώ	I/we	Me,	NA28+NA27+Tyn+SBL+WH+Treg+TR+Byz	
8	11	22	NKO	ἀπὸ	apo	G0575	PREP	ἀπό	away from	from	NA28+NA27+Tyn+SBL+WH+Treg+TR+Byz	
8	11	23	NKO	μικροῦ	mikrou	G3398	A-GSM	μικρός	small	[the] least	NA28+NA27+Tyn+SBL+WH+Treg+TR+Byz	
8	11	24	k	αὐτῶν	autōn	G0846	P-GPM	αὐτός	he/she/it/self	of them	TR+Byz	
8	11	25	NKO	ἕως	he'ōs	G2193	PREP	ἕως	until	to [the]	NA28+NA27+Tyn+SBL+WH+Treg+TR+Byz	
8	11	26	NKO	μεγάλου	megalou	G3173	A-GSM	μέγας	great	greatest	NA28+NA27+Tyn+SBL+WH+Treg+TR+Byz	
8	11	27	NKO	αὐτῶν·	autōn	G0846	P-GPM	αὐτός	he/she/it/self	of them;	NA28+NA27+Tyn+SBL+WH+Treg+TR+Byz	
8	12	1	NKO	ὅτι	hoti	G3754H	CONJ	ὅτι	that/since	because	NA28+NA27+Tyn+SBL+WH+Treg+TR+Byz	
8	12	2	NKO	ἵλεως	ileōs	G2436	A-NSM	ἵλεως	propitious/gracious	merciful	NA28+NA27+Tyn+SBL+WH+Treg+TR+Byz	
8	12	3	NKO	ἔσομαι	esomai	G1510	V-FDI-1S	εἰμί	to be	I will be	NA28+NA27+Tyn+SBL+WH+Treg+TR+Byz	
8	12	4	NKO	ταῖς	tais	G3588	T-DPF	ὁ	the/this/who	toward the	NA28+NA27+Tyn+SBL+WH+Treg+TR+Byz	
8	12	5	NKO	ἀδικίαις	adikiais	G0093	N-DPF	ἀδικία	unrighteousness	iniquities	NA28+NA27+Tyn+SBL+WH+Treg+TR+Byz	
8	12	6	NKO	αὐτῶν	autōn	G0846	P-GPM	αὐτός	he/she/it/self	of them	NA28+NA27+Tyn+SBL+WH+Treg+TR+Byz	
8	12	7	NKO	καὶ	kai	G2532	CONJ	καί	and	and	NA28+NA27+Tyn+SBL+WH+Treg+TR+Byz	
8	12	8	NKO	τῶν	tōn	G3588	T-GPF	ὁ	the/this/who	the	NA28+NA27+Tyn+SBL+WH+Treg+TR+Byz	
8	12	9	NKO	ἁμαρτιῶν	hamartiōn	G0266	N-GPF	ἁμαρτία	sin	sins	NA28+NA27+Tyn+SBL+WH+Treg+TR+Byz	
8	12	10	NKO	αὐτῶν	autōn	G0846	P-GPM	αὐτός	he/she/it/self	of them	NA28+NA27+Tyn+SBL+WH+Treg+TR+Byz	
8	12	11	K	καὶ	kai	G2532	CONJ	καί	and	and	TR+Byz	
8	12	12	K	τῶν	tōn	G3588	T-GPF	ὁ	the/this/who	the	TR+Byz	
8	12	13	K	ἀνομιῶν	anomiōn	G0458	N-GPF	ἀνομία	lawlessness	lawless acts	TR+Byz	
8	12	14	K	αὐτῶν	autōn	G0846	P-GPM	αὐτός	he/she/it/self	of them	TR+Byz	
8	12	15	NKO	οὐ	ou	G3756	PRT-N	οὐ	no	certainly	NA28+NA27+Tyn+SBL+WH+Treg+TR+Byz	
8	12	16	NKO	μὴ	mē	G3361	PRT-N	μή	not	not	NA28+NA27+Tyn+SBL+WH+Treg+TR+Byz	
8	12	17	NKO	μνησθῶ	mnēsthō	G3403	V-APS-1S	μιμνήσκω	to remember	I may remember	NA28+NA27+Tyn+SBL+WH+Treg+TR+Byz	
8	12	18	NKO	ἔτι.¶	eti	G2089	ADV	ἔτι	still	more.	NA28+NA27+Tyn+SBL+WH+Treg+TR+Byz	
8	13	1	NKO	ἐν	en	G1722	PREP	ἐν	in/on/among	In	NA28+NA27+Tyn+SBL+WH+Treg+TR+Byz	
8	13	2	NKO	τῷ	tō	G3588	T-DSN	ὁ	the/this/who	<the>	NA28+NA27+Tyn+SBL+WH+Treg+TR+Byz	
8	13	3	NKO	λέγειν	legein	G3004G	V-PAN	λέγω	to speak	saying	NA28+NA27+Tyn+SBL+WH+Treg+TR+Byz	
8	13	4	NKO	καινὴν	kainēn	G2537	A-ASF	καινός	new	new	NA28+NA27+Tyn+SBL+WH+Treg+TR+Byz	
8	13	5	NKO	πεπαλαίωκεν	pepalaiōken	G3822	V-RAI-3S	παλαιόω	to make old	He has made obsolete	NA28+NA27+Tyn+SBL+WH+Treg+TR+Byz	
8	13	6	NKO	τὴν	tēn	G3588	T-ASF	ὁ	the/this/who	the	NA28+NA27+Tyn+SBL+WH+Treg+TR+Byz	
8	13	7	NKO	πρώτην·	prōtēn	G4413G	A-ASF	πρῶτος	first	first;	NA28+NA27+Tyn+SBL+WH+Treg+TR+Byz	
8	13	8	NKO	τὸ	to	G3588	T-NSN	ὁ	the/this/who	that	NA28+NA27+Tyn+SBL+WH+Treg+TR+Byz	
8	13	9	NKO	δὲ	de	G1161	CONJ	δέ	but/and	then	NA28+NA27+Tyn+SBL+WH+Treg+TR+Byz	
8	13	10	NKO	παλαιούμενον	palaioumenon	G3822	V-PPP-NSN	παλαιόω	to make old	growing old	NA28+NA27+Tyn+SBL+WH+Treg+TR+Byz	
8	13	11	NKO	καὶ	kai	G2532	CONJ	καί	and	and	NA28+NA27+Tyn+SBL+WH+Treg+TR+Byz	
8	13	12	NKO	γηράσκον	gēraskon	G1095	V-PAP-NSN	γηράσκω	to grow old	aging	NA28+NA27+Tyn+SBL+WH+Treg+TR+Byz	
8	13	13	NKO	ἐγγὺς	engus	G1451	PREP	ἐγγύς	near	[is] near	NA28+NA27+Tyn+SBL+WH+Treg+TR+Byz	
8	13	14	NKO	ἀφανισμοῦ.¶	aphanismou	G0854	N-GSM	ἀφανισμός	disappearance	vanishing.	NA28+NA27+Tyn+SBL+WH+Treg+TR+Byz	
9	1	1	NKO	Εἶχεν	Eichen	G2192	V-IAI-3S	ἔχω	to have/be	Had	NA28+NA27+Tyn+SBL+WH+Treg+TR+Byz	
9	1	2	NKO	μὲν	men	G3303	PRT	μέν	on one hand	indeed	NA28+NA27+Tyn+SBL+WH+Treg+TR+Byz	
9	1	3	NKO	οὖν	oun	G3767	CONJ	οὖν	therefore/then	therefore	NA28+NA27+Tyn+SBL+WH+Treg+TR+Byz	
9	1	4	NKO	καὶ	kai	G2532	CONJ	καί	and	also	NA28+NA27+Tyn+WH+Treg+TR+Byz	
9	1	5	NKO	ἡ	hē	G3588	T-NSF	ὁ	the/this/who	the	NA28+NA27+Tyn+SBL+WH+Treg+TR+Byz	
9	1	6	NKO	πρώτη	prōtē	G4413G	A-NSF	πρῶτος	first	first	NA28+NA27+Tyn+SBL+WH+Treg+TR+Byz	
9	1	7	K	σκηνή	skēnē	G4633	N-NSF	σκηνή	tent	tabernacle	TR	
9	1	8	NKO	δικαιώματα	dikaiōmata	G1345	N-APN	δικαίωμα	righteous act	regulations	NA28+NA27+Tyn+SBL+WH+Treg+TR+Byz	
9	1	9	NKO	λατρείας,	latreias	G2999	N-GSF	λατρεία	ministry	of worship	NA28+NA27+Tyn+SBL+WH+Treg+TR+Byz	
9	1	10	NKO	τό	to	G3588	T-ASN	ὁ	the/this/who	<the>	NA28+NA27+Tyn+SBL+WH+Treg+TR+Byz	
9	1	11	NKO	τε	te	G5037	CONJ	τε	and/both	and	NA28+NA27+Tyn+SBL+WH+Treg+TR+Byz	
9	1	12	NKO	ἅγιον	hagion	G0039G	A-ASN	ἅγιος	holy	Holy [Place]	NA28+NA27+Tyn+SBL+WH+Treg+TR+Byz	
9	1	13	NKO	κοσμικόν.	kosmikon	G2886	A-ASN	κοσμικός	earthly	earthly.	NA28+NA27+Tyn+SBL+WH+Treg+TR+Byz	
9	2	1	NKO	σκηνὴ	skēnē	G4633	N-NSF	σκηνή	tent	A tabernacle	NA28+NA27+Tyn+SBL+WH+Treg+TR+Byz	
9	2	2	NKO	γὰρ	gar	G1063	CONJ	γάρ	for	for	NA28+NA27+Tyn+SBL+WH+Treg+TR+Byz	
9	2	3	NKO	κατεσκευάσθη	kateskeuasthē	G2680	V-API-3S	κατασκευάζω	to prepare	was prepared	NA28+NA27+Tyn+SBL+WH+Treg+TR+Byz	
9	2	4	NKO	ἡ	hē	G3588	T-NSF	ὁ	the/this/who	the	NA28+NA27+Tyn+SBL+WH+Treg+TR+Byz	
9	2	5	NKO	πρώτη	prōtē	G4413G	A-NSF	πρῶτος	first	first [room] —	NA28+NA27+Tyn+SBL+WH+Treg+TR+Byz	
9	2	6	NKO	ἐν	en	G1722	PREP	ἐν	in/on/among	in	NA28+NA27+Tyn+SBL+WH+Treg+TR+Byz	
9	2	7	NKO	ᾗ	hē	G3739	R-DSF	ὅς, ἥ	which	which [were]	NA28+NA27+Tyn+SBL+WH+Treg+TR+Byz	
9	2	8	NKO	ἥ	hē	G3588	T-NSF	ὁ	the/this/who	<the>	NA28+NA27+Tyn+SBL+WH+Treg+TR+Byz	
9	2	9	NKO	τε	te	G5037	CONJ	τε	and/both	both	NA28+NA27+Tyn+SBL+WH+Treg+TR+Byz	
9	2	10	NKO	λυχνία	luchnia	G3087	N-NSF	λυχνία	lampstand	the lampstand	NA28+NA27+Tyn+SBL+WH+Treg+TR+Byz	
9	2	11	NKO	καὶ	kai	G2532	CONJ	καί	and	and	NA28+NA27+Tyn+SBL+WH+Treg+TR+Byz	
9	2	12	NKO	ἡ	hē	G3588	T-NSF	ὁ	the/this/who	the	NA28+NA27+Tyn+SBL+WH+Treg+TR+Byz	
9	2	13	NKO	τράπεζα	trapeza	G5132	N-NSF	τράπεζα	table	table	NA28+NA27+Tyn+SBL+WH+Treg+TR+Byz	
9	2	14	NKO	καὶ	kai	G2532	CONJ	καί	and	and	NA28+NA27+Tyn+SBL+WH+Treg+TR+Byz	
9	2	15	NKO	ἡ	hē	G3588	T-NSF	ὁ	the/this/who	of the	NA28+NA27+Tyn+SBL+WH+Treg+TR+Byz	
9	2	16	NKO	πρόθεσις	prothesis	G4286	N-NSF	πρόθεσις	purpose	presentation	NA28+NA27+Tyn+SBL+WH+Treg+TR+Byz	
9	2	17	NKO	τῶν	tōn	G3588	T-GPM	ὁ	the/this/who	the	NA28+NA27+Tyn+SBL+WH+Treg+TR+Byz	
9	2	18	NKO	ἄρτων,	artōn	G0740	N-GPM	ἄρτος	bread	bread —	NA28+NA27+Tyn+SBL+WH+Treg+TR+Byz	
9	2	19	NKO	ἥτις	hētis	G3748	R-NSF	ὅστις	who/which	which	NA28+NA27+Tyn+SBL+WH+Treg+TR+Byz	
9	2	20	NKO	λέγεται	legetai	G3004H	V-PPI-3S	λέγω	to speak	is named	NA28+NA27+Tyn+SBL+WH+Treg+TR+Byz	
9	2	21	NKO	ἅγια.	hagia	G0039G	A-NPN-L	ἅγιος	holy	[the] Holy [Places].	NA28+NA27+Tyn+SBL+WH+Treg+TR+Byz	
9	3	1	NKO	μετὰ	meta	G3326	PREP	μετά	with/after	Behind	NA28+NA27+Tyn+SBL+WH+Treg+TR+Byz	
9	3	2	NKO	δὲ	de	G1161	CONJ	δέ	but/and	now	NA28+NA27+Tyn+SBL+WH+Treg+TR+Byz	
9	3	3	NKO	τὸ	to	G3588	T-ASN	ὁ	the/this/who	the	NA28+NA27+Tyn+SBL+WH+Treg+TR+Byz	
9	3	4	NKO	δεύτερον	deuteron	G1208	A-ASN	δεύτερος	secondly	second	NA28+NA27+Tyn+SBL+WH+Treg+TR+Byz	
9	3	5	NKO	καταπέτασμα	katapetasma	G2665	N-ASN	καταπέτασμα	curtain	veil	NA28+NA27+Tyn+SBL+WH+Treg+TR+Byz	
9	3	6	NKO	σκηνὴ	skēnē	G4633	N-NSF	σκηνή	tent	[was] a tabernacle	NA28+NA27+Tyn+SBL+WH+Treg+TR+Byz	
9	3	7	NKO	ἡ	hē	G3588	T-NSF	ὁ	the/this/who	which	NA28+NA27+Tyn+SBL+WH+Treg+TR+Byz	
9	3	8	NKO	λεγομένη	legomenē	G3004H	V-PPP-NSF	λέγω	to speak	is being named	NA28+NA27+Tyn+SBL+WH+Treg+TR+Byz	
9	3	9	o	τὰ	ta	G3588	T-NPN	ὁ	the/this/who	the	Treg	
9	3	10	NKO	ἅγια	hagia	G0039H	A-NPN-L	ἅγιος	holy	Holies	NA28+NA27+Tyn+SBL+WH+Treg+TR+Byz	
9	3	11	o	τῶν	tōn	G3588	T-GPN	ὁ	the/this/who	<the>	Treg	
9	3	12	NKO	ἁγίων	hagiōn	G0039H	A-GPN-L	ἅγιος	holy	of Holies	NA28+NA27+Tyn+SBL+WH+Treg+TR+Byz	
9	4	1	NKO	χρυσοῦν	chrusoun	G5552	A-ASN	χρύσεος	golden	[the] golden	NA28+NA27+Tyn+SBL+WH+Treg+TR+Byz	
9	4	2	NKO	ἔχουσα	echousa	G2192	V-PAP-NSF	ἔχω	to have/be	having	NA28+NA27+Tyn+SBL+WH+Treg+TR+Byz	
9	4	3	NKO	θυμιατήριον	thumiatērion	G2369	N-ASN	θυμιατήριον	incense altar	altar of incense	NA28+NA27+Tyn+SBL+WH+Treg+TR+Byz	
9	4	4	NKO	καὶ	kai	G2532	CONJ	καί	and	and	NA28+NA27+Tyn+SBL+WH+Treg+TR+Byz	
9	4	5	NKO	τὴν	tēn	G3588	T-ASF	ὁ	the/this/who	the	NA28+NA27+Tyn+SBL+WH+Treg+TR+Byz	
9	4	6	NKO	κιβωτὸν	kibōton	G2787G	N-ASF	κιβωτός	ark	ark	NA28+NA27+Tyn+SBL+WH+Treg+TR+Byz	
9	4	7	NKO	τῆς	tēs	G3588	T-GSF	ὁ	the/this/who	of the	NA28+NA27+Tyn+SBL+WH+Treg+TR+Byz	
9	4	8	NKO	διαθήκης	diathēkēs	G1242	N-GSF	διαθήκη	covenant	covenant	NA28+NA27+Tyn+SBL+WH+Treg+TR+Byz	
9	4	9	NKO	περικεκαλυμμένην	perikekalummenēn	G4028	V-RPP-ASF	περικαλύπτω	to cover	covered around	NA28+NA27+Tyn+SBL+WH+Treg+TR+Byz	
9	4	10	NKO	πάντοθεν	pantothen	G3840	ADV	πάντοθεν	from all sides	in every part	NA28+NA27+Tyn+SBL+WH+Treg+TR+Byz	
9	4	11	NKO	χρυσίῳ,	chrusiō	G5553	N-DSN	χρυσίον	gold	with gold,	NA28+NA27+Tyn+SBL+WH+Treg+TR+Byz	
9	4	12	NKO	ἐν	en	G1722	PREP	ἐν	in/on/among	in	NA28+NA27+Tyn+SBL+WH+Treg+TR+Byz	
9	4	13	NKO	ᾗ	hē	G3739	R-DSF	ὅς, ἥ	which	which	NA28+NA27+Tyn+SBL+WH+Treg+TR+Byz	
9	4	14	NKO	στάμνος	stamnos	G4713	N-NSF	στάμνος	jar	[was the] jar	NA28+NA27+Tyn+SBL+WH+Treg+TR+Byz	
9	4	15	NKO	χρυσῆ	chrusē	G5552	A-NSF	χρύσεος	golden	golden	NA28+NA27+Tyn+SBL+WH+Treg+TR+Byz	
9	4	16	NKO	ἔχουσα	echousa	G2192	V-PAP-NSF	ἔχω	to have/be	having	NA28+NA27+Tyn+SBL+WH+Treg+TR+Byz	
9	4	17	NKO	τὸ	to	G3588	T-ASN	ὁ	the/this/who	the	NA28+NA27+Tyn+SBL+WH+Treg+TR+Byz	
9	4	18	NKO	μάννα	manna	G3131	N-ASN-HEB	μάννα	manna	manna	NA28+NA27+Tyn+SBL+WH+Treg+TR+Byz	
9	4	19	NKO	καὶ	kai	G2532	CONJ	καί	and	and	NA28+NA27+Tyn+SBL+WH+Treg+TR+Byz	
9	4	20	NKO	ἡ	hē	G3588	T-NSF	ὁ	the/this/who	the	NA28+NA27+Tyn+SBL+WH+Treg+TR+Byz	
9	4	21	NKO	ῥάβδος	rhabdos	G4464	N-NSF	ῥάβδος	rod	staff	NA28+NA27+Tyn+SBL+WH+Treg+TR+Byz	
9	4	22	NKO	Ἀαρὼν	Aarōn	G0002	N-GSM-P	Ἀαρών	Aaron	of Aaron	NA28+NA27+Tyn+SBL+WH+Treg+TR+Byz	
9	4	23	NKO	ἡ	hē	G3588	T-NSF	ὁ	the/this/who	which	NA28+NA27+Tyn+SBL+WH+Treg+TR+Byz	
9	4	24	NKO	βλαστήσασα	blastēsasa	G0985	V-AAP-NSF	βλαστάνω	to sprout	having budded	NA28+NA27+Tyn+SBL+WH+Treg+TR+Byz	
9	4	25	NKO	καὶ	kai	G2532	CONJ	καί	and	and	NA28+NA27+Tyn+SBL+WH+Treg+TR+Byz	
9	4	26	NKO	αἱ	hai	G3588	T-NPF	ὁ	the/this/who	the	NA28+NA27+Tyn+SBL+WH+Treg+TR+Byz	
9	4	27	NKO	πλάκες	plakes	G4109	N-NPF	πλάξ	tablet	tablets	NA28+NA27+Tyn+SBL+WH+Treg+TR+Byz	
9	4	28	NKO	τῆς	tēs	G3588	T-GSF	ὁ	the/this/who	of the	NA28+NA27+Tyn+SBL+WH+Treg+TR+Byz	
9	4	29	NKO	διαθήκης·	diathēkēs	G1242	N-GSF	διαθήκη	covenant	covenant;	NA28+NA27+Tyn+SBL+WH+Treg+TR+Byz	
9	5	1	NKO	ὑπεράνω	huperanō	G5231	PREP	ὑπεράνω	above	Above	NA28+NA27+Tyn+SBL+WH+Treg+TR+Byz	
9	5	2	NKO	δὲ	de	G1161	CONJ	δέ	but/and	then	NA28+NA27+Tyn+SBL+WH+Treg+TR+Byz	
9	5	3	NKO	αὐτῆς	autēs	G0846	P-GSF	αὐτός	he/she/it/self	it	NA28+NA27+Tyn+SBL+WH+Treg+TR+Byz	
9	5	4	NKO	Χερουβὶν	Cheroubin	G5502	N-NPN-T	χερουβίμ	Cherub	[were the] cherubim	NA28+NA27+Tyn+SBL+WH+Treg+TR+Byz	
9	5	5	NKO	δόξης	doxēs	G1391	N-GSF	δόξα	glory	of glory	NA28+NA27+Tyn+SBL+WH+Treg+TR+Byz	
9	5	6	NKO	κατασκιάζοντα	kataskiazonta	G2683	V-PAP-NPN	κατασκιάζω	to overshadow	overshadowing	NA28+NA27+Tyn+SBL+WH+Treg+TR+Byz	
9	5	7	NKO	τὸ	to	G3588	T-ASN	ὁ	the/this/who	the	NA28+NA27+Tyn+SBL+WH+Treg+TR+Byz	
9	5	8	NKO	ἱλαστήριον,	hilastērion	G2435	N-ASN	ἱλαστήριος	propitiation	mercy seat,	NA28+NA27+Tyn+SBL+WH+Treg+TR+Byz	
9	5	9	NKO	περὶ	peri	G4012	PREP	περί	about	concerning	NA28+NA27+Tyn+SBL+WH+Treg+TR+Byz	
9	5	10	NKO	ὧν	hōn	G3739	R-GPN	ὅς, ἥ	which	which	NA28+NA27+Tyn+SBL+WH+Treg+TR+Byz	
9	5	11	NKO	οὐκ	ouk	G3756	PRT-N	οὐ	no	not	NA28+NA27+Tyn+SBL+WH+Treg+TR+Byz	
9	5	12	NKO	ἔστιν	estin	G1510	V-PAI-3S	εἰμί	to be	it is	NA28+NA27+Tyn+SBL+WH+Treg+TR+Byz	
9	5	13	NKO	νῦν	nun	G3568	ADV	νῦν	now	now [the time]	NA28+NA27+Tyn+SBL+WH+Treg+TR+Byz	
9	5	14	NKO	λέγειν	legein	G3004G	V-PAN	λέγω	to speak	to speak	NA28+NA27+Tyn+SBL+WH+Treg+TR+Byz	
9	5	15	NKO	κατὰ	kata	G2596	PREP	κατά	according to	in	NA28+NA27+Tyn+SBL+WH+Treg+TR+Byz	
9	5	16	NKO	μέρος.	meros	G3313	N-ASN	μέρος	part	detail.	NA28+NA27+Tyn+SBL+WH+Treg+TR+Byz	
9	6	1	NKO	τούτων	toutōn	G3778	D-GPN	οὗτος	this/he/she/it	These things	NA28+NA27+Tyn+SBL+WH+Treg+TR+Byz	
9	6	2	NKO	δὲ	de	G1161	CONJ	δέ	but/and	now	NA28+NA27+Tyn+SBL+WH+Treg+TR+Byz	
9	6	3	NKO	οὕτως	houtōs	G3779	ADV	οὕτω, οὕτως	thus(-ly)	thus	NA28+NA27+Tyn+SBL+WH+Treg+TR+Byz	
9	6	4	NKO	κατεσκευασμένων	kateskeuasmenōn	G2680	V-RPP-GPN	κατασκευάζω	to prepare	prepared	NA28+NA27+Tyn+SBL+WH+Treg+TR+Byz	
9	6	5	NKO	εἰς	eis	G1519	PREP	εἰς	toward	into	NA28+NA27+Tyn+SBL+WH+Treg+TR+Byz	
9	6	6	NKO	μὲν	men	G3303	PRT	μέν	on one hand	indeed	NA28+NA27+Tyn+SBL+WH+Treg+TR+Byz	
9	6	7	NKO	τὴν	tēn	G3588	T-ASF	ὁ	the/this/who	the	NA28+NA27+Tyn+SBL+WH+Treg+TR+Byz	
9	6	8	NKO	πρώτην	prōtēn	G4413G	A-ASF	πρῶτος	first	first	NA28+NA27+Tyn+SBL+WH+Treg+TR+Byz	
9	6	9	NKO	σκηνὴν	skēnēn	G4633	N-ASF	σκηνή	tent	tabernacle	NA28+NA27+Tyn+SBL+WH+Treg+TR+Byz	
9	6	10	N(K)O	διὰ	dia	G1223	PREP	διά	through/because of	at	NA28+NA27+Tyn+SBL+WH+Treg+TR»1+Byz	
9	6	11	N(k)O	παντὸς	pantos	G3956	A-GSM	πᾶς	all	all [times]	NA28+NA27+Tyn+SBL+WH+Treg+Byz	
9	6	12	NKO	εἰσίασιν	eisiasin	G1524	V-PAI-3P	εἴσειμι	to enter	enter	NA28+NA27+Tyn+SBL+WH+Treg+TR+Byz	
9	6	13	NKO	οἱ	hoi	G3588	T-NPM	ὁ	the/this/who	the	NA28+NA27+Tyn+SBL+WH+Treg+TR+Byz	
9	6	14	NKO	ἱερεῖς	hi'ereis	G2409	N-NPM	ἱερεύς	priest	priests	NA28+NA27+Tyn+SBL+WH+Treg+TR+Byz	
9	6	15	NKO	τὰς	tas	G3588	T-APF	ὁ	the/this/who	the	NA28+NA27+Tyn+SBL+WH+Treg+TR+Byz	
9	6	16	NKO	λατρείας	latreias	G2999	N-APF	λατρεία	ministry	sacred services	NA28+NA27+Tyn+SBL+WH+Treg+TR+Byz	
9	6	17	NKO	ἐπιτελοῦντες·	epitelountes	G2005	V-PAP-NPM	ἐπιτελέω	to complete	accomplishing;	NA28+NA27+Tyn+SBL+WH+Treg+TR+Byz	
9	7	1	NKO	εἰς	eis	G1519	PREP	εἰς	toward	[Enters] into	NA28+NA27+Tyn+SBL+WH+Treg+TR+Byz	
9	7	2	NKO	δὲ	de	G1161	CONJ	δέ	but/and	however	NA28+NA27+Tyn+SBL+WH+Treg+TR+Byz	
9	7	3	NKO	τὴν	tēn	G3588	T-ASF	ὁ	the/this/who	the	NA28+NA27+Tyn+SBL+WH+Treg+TR+Byz	
9	7	4	NKO	δευτέραν	deuteran	G1208	A-ASF	δεύτερος	secondly	second	NA28+NA27+Tyn+SBL+WH+Treg+TR+Byz	
9	7	5	NKO	ἅπαξ	hapax	G0530	ADV	ἅπαξ	once	once	NA28+NA27+Tyn+SBL+WH+Treg+TR+Byz	
9	7	6	NKO	τοῦ	tou	G3588	T-GSM	ὁ	the/this/who	in the	NA28+NA27+Tyn+SBL+WH+Treg+TR+Byz	
9	7	7	NKO	ἐνιαυτοῦ	eniautou	G1763	N-GSM	ἐνιαυτός	year	year	NA28+NA27+Tyn+SBL+WH+Treg+TR+Byz	
9	7	8	NKO	μόνος	monos	G3441	A-NSM	μόνος	alone	only	NA28+NA27+Tyn+SBL+WH+Treg+TR+Byz	
9	7	9	NKO	ὁ	ho	G3588	T-NSM	ὁ	the/this/who	the	NA28+NA27+Tyn+SBL+WH+Treg+TR+Byz	
9	7	10	NKO	ἀρχιερεὺς	archiereus	G0749	N-NSM	ἀρχιερεύς	high-priest	high priest	NA28+NA27+Tyn+SBL+WH+Treg+TR+Byz	
9	7	11	NKO	οὐ	ou	G3756	PRT-N	οὐ	no	not	NA28+NA27+Tyn+SBL+WH+Treg+TR+Byz	
9	7	12	NKO	χωρὶς	chōris	G5565	PREP	χωρίς	without	without	NA28+NA27+Tyn+SBL+WH+Treg+TR+Byz	
9	7	13	NKO	αἵματος	aimatos	G0129G	N-GSN	αἷμα	blood	blood	NA28+NA27+Tyn+SBL+WH+Treg+TR+Byz	
9	7	14	NKO	ὃ	ho	G3739	R-ASN	ὅς, ἥ	which	which	NA28+NA27+Tyn+SBL+WH+Treg+TR+Byz	
9	7	15	NKO	προσφέρει	prospherei	G4374	V-PAI-3S	προσφέρω	to bring to	he offers	NA28+NA27+Tyn+SBL+WH+Treg+TR+Byz	
9	7	16	NKO	ὑπὲρ	huper	G5228	PREP	ὑπέρ	above/for	for	NA28+NA27+Tyn+SBL+WH+Treg+TR+Byz	
9	7	17	NKO	ἑαυτοῦ	he'autou	G1438	F-3GSM	ἑαυτοῦ	my/your/him-self	himself	NA28+NA27+Tyn+SBL+WH+Treg+TR+Byz	
9	7	18	NKO	καὶ	kai	G2532	CONJ	καί	and	and	NA28+NA27+Tyn+SBL+WH+Treg+TR+Byz	
9	7	19	NKO	τῶν	tōn	G3588	T-GPN	ὁ	the/this/who	the	NA28+NA27+Tyn+SBL+WH+Treg+TR+Byz	
9	7	20	NKO	τοῦ	tou	G3588	T-GSM	ὁ	the/this/who	of the	NA28+NA27+Tyn+SBL+WH+Treg+TR+Byz	
9	7	21	NKO	λαοῦ	laou	G2992	N-GSM	λαός	a people	people	NA28+NA27+Tyn+SBL+WH+Treg+TR+Byz	
9	7	22	NKO	ἀγνοημάτων·	agnoēmatōn	G0051	N-GPN	ἀγνόημα	error	sins of ignorance;	NA28+NA27+Tyn+SBL+WH+Treg+TR+Byz	
9	8	1	NKO	τοῦτο	touto	G3778	D-ASN	οὗτος	this/he/she/it	By this	NA28+NA27+Tyn+SBL+WH+Treg+TR+Byz	
9	8	2	NKO	δηλοῦντος	dēlountos	G1213	V-PAP-GSN	δηλόω	to make clear	was signifying	NA28+NA27+Tyn+SBL+WH+Treg+TR+Byz	
9	8	3	NKO	τοῦ	tou	G3588	T-GSN	ὁ	the/this/who	the	NA28+NA27+Tyn+SBL+WH+Treg+TR+Byz	
9	8	4	NKO	πνεύματος	pneumatos	G4151G	N-GSN	πνεῦμα	spirit/breath	Spirit	NA28+NA27+Tyn+SBL+WH+Treg+TR+Byz	
9	8	5	NKO	τοῦ	tou	G3588	T-GSN	ὁ	the/this/who	<the>	NA28+NA27+Tyn+SBL+WH+Treg+TR+Byz	
9	8	6	NKO	ἁγίου,	hagiou	G0040G	A-GSN	ἅγιος	holy	Holy	NA28+NA27+Tyn+SBL+WH+Treg+TR+Byz	
9	8	7	NKO	μήπω	mēpō	G3361	PRT-N + G4452=PRT	μή	not + πω=somehow	[that] not yet	NA28+NA27+Tyn+SBL+WH+Treg+TR+Byz	
9	8	8	NKO	πεφανερῶσθαι	pephanerōsthai	G5319	V-RPN	φανερόω	to manifest	to have been made manifest	NA28+NA27+Tyn+SBL+WH+Treg+TR+Byz	
9	8	9	NKO	τὴν	tēn	G3588	T-ASF	ὁ	the/this/who	the	NA28+NA27+Tyn+SBL+WH+Treg+TR+Byz	
9	8	10	NKO	τῶν	tōn	G3588	T-GPN	ὁ	the/this/who	into the	NA28+NA27+Tyn+SBL+WH+Treg+TR+Byz	
9	8	11	NKO	ἁγίων	hagiōn	G0039G	A-GPN	ἅγιος	holy	Holy [Places]	NA28+NA27+Tyn+SBL+WH+Treg+TR+Byz	
9	8	12	NKO	ὁδὸν	hodon	G3598	N-ASF	ὁδός	road	a way	NA28+NA27+Tyn+SBL+WH+Treg+TR+Byz	
9	8	13	NKO	ἔτι	eti	G2089	ADV	ἔτι	still	while still	NA28+NA27+Tyn+SBL+WH+Treg+TR+Byz	
9	8	14	NKO	τῆς	tēs	G3588	T-GSF	ὁ	the/this/who	the	NA28+NA27+Tyn+SBL+WH+Treg+TR+Byz	
9	8	15	NKO	πρώτης	prōtēs	G4413G	A-GSF	πρῶτος	first	first	NA28+NA27+Tyn+SBL+WH+Treg+TR+Byz	
9	8	16	NKO	σκηνῆς	skēnēs	G4633	N-GSF	σκηνή	tent	tabernacle	NA28+NA27+Tyn+SBL+WH+Treg+TR+Byz	
9	8	17	NKO	ἐχούσης	echousēs	G2192	V-PAP-GSF	ἔχω	to have/be	having	NA28+NA27+Tyn+SBL+WH+Treg+TR+Byz	
9	8	18	NKO	στάσιν·	stasin	G4714	N-ASF	στάσις	uprising	a standing;	NA28+NA27+Tyn+SBL+WH+Treg+TR+Byz	
9	9	1	NKO	ἥτις	hētis	G3748	R-NSF	ὅστις	who/which	which [is]	NA28+NA27+Tyn+SBL+WH+Treg+TR+Byz	
9	9	2	NKO	παραβολὴ	parabolē	G3850	N-NSF	παραβολή	parable	a symbol	NA28+NA27+Tyn+SBL+WH+Treg+TR+Byz	
9	9	3	NKO	εἰς	eis	G1519	PREP	εἰς	toward	for	NA28+NA27+Tyn+SBL+WH+Treg+TR+Byz	
9	9	4	NKO	τὸν	ton	G3588	T-ASM	ὁ	the/this/who	the	NA28+NA27+Tyn+SBL+WH+Treg+TR+Byz	
9	9	5	NKO	καιρὸν	kairon	G2540	N-ASM	καιρός	time/right time	time	NA28+NA27+Tyn+SBL+WH+Treg+TR+Byz	
9	9	6	NKO	τὸν	ton	G3588	T-ASM	ὁ	the/this/who	which	NA28+NA27+Tyn+SBL+WH+Treg+TR+Byz	
9	9	7	NKO	ἐνεστηκότα,	enestēkota	G1764	V-RAP-ASM	ἐνίστημι	be present	being present,	NA28+NA27+Tyn+SBL+WH+Treg+TR+Byz	
9	9	8	NKO	καθ᾽	kath᾽	G2596	PREP	κατά	according to	in	NA28+NA27+Tyn+SBL+WH+Treg+TR+Byz	
9	9	9	N(k)O	ἣν	hēn	G3739	R-ASF	ὅς, ἥ	which	which	NA28+NA27+Tyn+SBL+WH+Treg	
9	9	10	NKO	δῶρά	dōra	G1435	N-NPN	δῶρον	gift	gifts	NA28+NA27+Tyn+SBL+WH+Treg+TR+Byz	
9	9	11	NKO	τε	te	G5037	CONJ	τε	and/both	both	NA28+NA27+Tyn+SBL+WH+Treg+TR+Byz	
9	9	12	NKO	καὶ	kai	G2532	CONJ	καί	and	and	NA28+NA27+Tyn+SBL+WH+Treg+TR+Byz	
9	9	13	NKO	θυσίαι	thusiai	G2378	N-NPF	θυσία	sacrifice	sacrifices	NA28+NA27+Tyn+SBL+WH+Treg+TR+Byz	
9	9	14	NKO	προσφέρονται	prospherontai	G4374	V-PPI-3P	προσφέρω	to bring to	are offered	NA28+NA27+Tyn+SBL+WH+Treg+TR+Byz	
9	9	15	NKO	μὴ	mē	G3361	PRT-N	μή	not	not	NA28+NA27+Tyn+SBL+WH+Treg+TR+Byz	
9	9	16	NKO	δυνάμεναι	dunamenai	G1410	V-PNP-NPF	δύναμαι	be able	being able	NA28+NA27+Tyn+SBL+WH+Treg+TR+Byz	
9	9	17	NKO	κατὰ	kata	G2596	PREP	κατά	according to	in regard to	NA28+NA27+Tyn+SBL+WH+Treg+TR+Byz	
9	9	18	NKO	συνείδησιν	suneidēsin	G4893	N-ASF	συνείδησις	conscience	conscience	NA28+NA27+Tyn+SBL+WH+Treg+TR+Byz	
9	9	19	NKO	τελειῶσαι	teleiōsai	G5048	V-AAN	τελειόω	to perfect	to make perfect	NA28+NA27+Tyn+SBL+WH+Treg+TR+Byz	
9	9	20	NKO	τὸν	ton	G3588	T-ASM	ὁ	the/this/who	who	NA28+NA27+Tyn+SBL+WH+Treg+TR+Byz	
9	9	21	NKO	λατρεύοντα,	latreuonta	G3000	V-PAP-ASM	λατρεύω	to minister	is worshiping,	NA28+NA27+Tyn+SBL+WH+Treg+TR+Byz	
9	10	1	NKO	μόνον	monon	G3441	A-ASN	μόνος	alone	[consisting] only	NA28+NA27+Tyn+SBL+WH+Treg+TR+Byz	
9	10	2	NKO	ἐπὶ	epi	G1909	PREP	ἐπί	upon/to/against	in	NA28+NA27+Tyn+SBL+WH+Treg+TR+Byz	
9	10	3	NKO	βρώμασιν	brōmasin	G1033	N-DPN	βρῶμα	food	foods	NA28+NA27+Tyn+SBL+WH+Treg+TR+Byz	
9	10	4	NKO	καὶ	kai	G2532	CONJ	καί	and	and	NA28+NA27+Tyn+SBL+WH+Treg+TR+Byz	
9	10	5	NKO	πόμασιν	pomasin	G4188	N-DPN	πόμα	drink	in drinks	NA28+NA27+Tyn+SBL+WH+Treg+TR+Byz	
9	10	6	NKO	καὶ	kai	G2532	CONJ	καί	and	and	NA28+NA27+Tyn+SBL+WH+Treg+TR+Byz	
9	10	7	NKO	διαφόροις	diaphorois	G1313	A-DPM	διάφορος	different	in various	NA28+NA27+Tyn+SBL+WH+Treg+TR+Byz	
9	10	8	NKO	βαπτισμοῖς,	baptismois	G0909	N-DPM	βαπτισμός	baptism	washings,	NA28+NA27+Tyn+SBL+WH+Treg+TR+Byz	
9	10	9	ko	καὶ	kai	G2532	CONJ	καί	and	and	Treg+TR+Byz	
9	10	10	N(k)O	δικαιώματα	dikaiōmata	G1345	N-NPN	δικαίωμα	righteous act	ordinances	NA28+NA27+Tyn+SBL+WH+Treg	
9	10	11	NKO	σαρκὸς	sarkos	G4561	N-GSF	σάρξ	flesh	of [the] flesh	NA28+NA27+Tyn+SBL+WH+Treg+TR+Byz	
9	10	12	NKO	μέχρι	mechri	G3360	PREP	μέχρι	until	until	NA28+NA27+Tyn+SBL+WH+Treg+TR+Byz	
9	10	13	NKO	καιροῦ	kairou	G2540	N-GSM	καιρός	time/right time	[the] time	NA28+NA27+Tyn+SBL+WH+Treg+TR+Byz	
9	10	14	NKO	διορθώσεως	diorthōseōs	G1357	N-GSF	διόρθωσις	reformation	of reformation	NA28+NA27+Tyn+SBL+WH+Treg+TR+Byz	
9	10	15	NKO	ἐπικείμενα.¶	epikeimena	G1945	V-PNP-NPN	ἐπίκειμαι	to lay on	being imposed.	NA28+NA27+Tyn+SBL+WH+Treg+TR+Byz	
9	11	1	NKO	Χριστὸς	Christos	G5547	N-NSM-T	Χριστός	Christ	Christ	NA28+NA27+Tyn+SBL+WH+Treg+TR+Byz	
9	11	2	NKO	δὲ	de	G1161	CONJ	δέ	but/and	however	NA28+NA27+Tyn+SBL+WH+Treg+TR+Byz	
9	11	3	NKO	παραγενόμενος	paragenomenos	G3854	V-2ADP-NSM	παραγίνομαι	to come	having appeared as	NA28+NA27+Tyn+SBL+WH+Treg+TR+Byz	
9	11	4	NKO	ἀρχιερεὺς	archiereus	G0749	N-NSM	ἀρχιερεύς	high-priest	high priest	NA28+NA27+Tyn+SBL+WH+Treg+TR+Byz	
9	11	5	NKO	τῶν	tōn	G3588	T-GPN	ὁ	the/this/who	of the	NA28+NA27+Tyn+SBL+WH+Treg+TR+Byz	
9	11	6	N(k)O	γενομένων	genomenōn	G1096	V-2ADP-GPN	γίνομαι	to be	having come	NA28+NA27+SBL+WH	
9	11	7	NKO	ἀγαθῶν	agathōn	G0018	A-GPN	ἀγαθός	good-doer	good things	NA28+NA27+Tyn+SBL+WH+Treg+TR+Byz	
9	11	8	NKO	διὰ	dia	G1223	PREP	διά	through/because of	through	NA28+NA27+Tyn+SBL+WH+Treg+TR+Byz	
9	11	9	NKO	τῆς	tēs	G3588	T-GSF	ὁ	the/this/who	the	NA28+NA27+Tyn+SBL+WH+Treg+TR+Byz	
9	11	10	NKO	μείζονος	meizonos	G3173	A-GSF-C	μέγας	great	greater	NA28+NA27+Tyn+SBL+WH+Treg+TR+Byz	
9	11	11	NKO	καὶ	kai	G2532	CONJ	καί	and	and	NA28+NA27+Tyn+SBL+WH+Treg+TR+Byz	
9	11	12	NKO	τελειοτέρας	teleioteras	G5046	A-GSF-C	τέλειος	perfect	more perfect	NA28+NA27+Tyn+SBL+WH+Treg+TR+Byz	
9	11	13	NKO	σκηνῆς	skēnēs	G4633	N-GSF	σκηνή	tent	tabernacle	NA28+NA27+Tyn+SBL+WH+Treg+TR+Byz	
9	11	14	NKO	οὐ	ou	G3756	PRT-N	οὐ	no	not	NA28+NA27+Tyn+SBL+WH+Treg+TR+Byz	
9	11	15	NKO	χειροποιήτου,	cheiropoiētou	G5499	A-GSF	χειροποίητος	hand-made	made by hands,	NA28+NA27+Tyn+SBL+WH+Treg+TR+Byz	
9	11	16	NKO	τοῦτ᾽	tout᾽	G3778	D-NSN	οὗτος	this/he/she/it	That	NA28+NA27+Tyn»1+SBL+WH+Treg+TR+Byz	
9	11	17	NKO	ἔστιν	estin	G1510	V-PAI-3S	εἰμί	to be	is	NA28+NA27+Tyn+SBL+WH+Treg+TR+Byz	
9	11	18	NKO	οὐ	ou	G3756	PRT-N	οὐ	no	not	NA28+NA27+Tyn+SBL+WH+Treg+TR+Byz	
9	11	19	NKO	ταύτης	tautēs	G3778	D-GSF	οὗτος	this/he/she/it	of this	NA28+NA27+Tyn+SBL+WH+Treg+TR+Byz	
9	11	20	NKO	τῆς	tēs	G3588	T-GSF	ὁ	the/this/who	<the>	NA28+NA27+Tyn+SBL+WH+Treg+TR+Byz	
9	11	21	NKO	κτίσεως,	ktiseōs	G2937	N-GSF	κτίσις	creation	creation,	NA28+NA27+Tyn+SBL+WH+Treg+TR+Byz	
9	12	1	NKO	οὐδὲ	oude	G3761	CONJ-N	οὐδέ	and not	nor	NA28+NA27+Tyn+SBL+WH+Treg+TR+Byz	
9	12	2	NKO	δι᾽	di᾽	G1223	PREP	διά	through/because of	through	NA28+NA27+Tyn+SBL+WH+Treg+TR+Byz	
9	12	3	NKO	αἵματος	aimatos	G0129G	N-GSN	αἷμα	blood	blood	NA28+NA27+Tyn+SBL+WH+Treg+TR+Byz	
9	12	4	NKO	τράγων	tragōn	G5131	N-GPM	τράγος	he-goat	of goats	NA28+NA27+Tyn+SBL+WH+Treg+TR+Byz	
9	12	5	NKO	καὶ	kai	G2532	CONJ	καί	and	and	NA28+NA27+Tyn+SBL+WH+Treg+TR+Byz	
9	12	6	NKO	μόσχων	moschōn	G3448	N-GPM	μόσχος	calf	calves	NA28+NA27+Tyn+SBL+WH+Treg+TR+Byz	
9	12	7	NKO	διὰ	dia	G1223	PREP	διά	through/because of	through	NA28+NA27+Tyn+SBL+WH+Treg+TR+Byz	
9	12	8	NKO	δὲ	de	G1161	CONJ	δέ	but/and	however	NA28+NA27+Tyn+SBL+WH+Treg+TR+Byz	
9	12	9	NKO	τοῦ	tou	G3588	T-GSN	ὁ	the/this/who	the	NA28+NA27+Tyn+SBL+WH+Treg+TR+Byz	
9	12	10	NKO	ἰδίου	idiou	G2398	A-GSN	ἴδιος	one's own/private	own	NA28+NA27+Tyn+SBL+WH+Treg+TR+Byz	
9	12	11	NKO	αἵματος	aimatos	G0129G	N-GSN	αἷμα	blood	blood	NA28+NA27+Tyn+SBL+WH+Treg+TR+Byz	
9	12	12	NKO	εἰσῆλθεν	eisēlthen	G1525	V-2AAI-3S	εἰσέρχομαι	to enter	He entered	NA28+NA27+Tyn+SBL+WH+Treg+TR+Byz	
9	12	13	NKO	ἐφάπαξ	ephapax	G2178	ADV	ἐφάπαξ	once/at once	once for all	NA28+NA27+Tyn+SBL+WH+Treg+TR+Byz	
9	12	14	NKO	εἰς	eis	G1519	PREP	εἰς	toward	into	NA28+NA27+Tyn+SBL+WH+Treg+TR+Byz	
9	12	15	NKO	τὰ	ta	G3588	T-APN	ὁ	the/this/who	the	NA28+NA27+Tyn+SBL+WH+Treg+TR+Byz	
9	12	16	NKO	ἅγια	hagia	G0039G	A-APN	ἅγιος	holy	Holy [Places]	NA28+NA27+Tyn+SBL+WH+Treg+TR+Byz	
9	12	17	NKO	αἰωνίαν	aiōnian	G0166	A-ASF	αἰώνιος	eternal	eternal	NA28+NA27+Tyn+SBL+WH+Treg+TR+Byz	
9	12	18	NKO	λύτρωσιν	lutrōsin	G3085	N-ASF	λύτρωσις	redemption	redemption	NA28+NA27+Tyn+SBL+WH+Treg+TR+Byz	
9	12	19	NKO	εὑράμενος.	heuramenos	G2147	V-2AMP-NSM	εὑρίσκω	to find/meet	having obtained.	NA28+NA27+Tyn+SBL+WH+Treg+TR+Byz	
9	13	1	NKO	εἰ	ei	G1487G	COND	εἰ	if	If	NA28+NA27+Tyn+SBL+WH+Treg+TR+Byz	
9	13	2	NKO	γὰρ	gar	G1063	CONJ	γάρ	for	for	NA28+NA27+Tyn+SBL+WH+Treg+TR+Byz	
9	13	3	NKO	τὸ	to	G3588	T-NSN	ὁ	the/this/who	the	NA28+NA27+Tyn+SBL+WH+Treg+TR+Byz	
9	13	4	NKO	αἷμα	haima	G0129G	N-NSN	αἷμα	blood	blood	NA28+NA27+Tyn+SBL+WH+Treg+TR+Byz	
9	13	5	NKO	τράγων	tragōn	G5131	N-GPM	τράγος	he-goat	of goats	NA28+NA27+Tyn+SBL+WH+Treg+TR»2+Byz»2	
9	13	6	NKO	καὶ	kai	G2532	CONJ	καί	and	and	NA28+NA27+Tyn+SBL+WH+Treg+TR+Byz	
9	13	7	NKO	ταύρων	taurōn	G5022	N-GPM	ταῦρος	bull	of bulls	NA28+NA27+Tyn+SBL+WH+Treg+TR«2+Byz«2	
9	13	8	NKO	καὶ	kai	G2532	CONJ	καί	and	and	NA28+NA27+Tyn+SBL+WH+Treg+TR+Byz	
9	13	9	NKO	σποδὸς	spodos	G4700	N-NSF	σποδός	ashes	[the] ashes	NA28+NA27+Tyn+SBL+WH+Treg+TR+Byz	
9	13	10	NKO	δαμάλεως	damaleōs	G1151	N-GSF	δάμαλις	heifer	of a heifer	NA28+NA27+Tyn+SBL+WH+Treg+TR+Byz	
9	13	11	NKO	ῥαντίζουσα	rhantizousa	G4472	V-PAP-NSF	ῥαντίζω	to sprinkle	sprinkling	NA28+NA27+Tyn+SBL+WH+Treg+TR+Byz	
9	13	12	NKO	τοὺς	tous	G3588	T-APM	ὁ	the/this/who	the	NA28+NA27+Tyn+SBL+WH+Treg+TR+Byz	
9	13	13	NKO	κεκοινωμένους	kekoinōmenous	G2840	V-RPP-APM	κοινόω	to profane	defiled	NA28+NA27+Tyn+SBL+WH+Treg+TR+Byz	
9	13	14	NKO	ἁγιάζει	hagiazei	G0037	V-PAI-3S	ἁγιάζω	to sanctify	it sanctifies	NA28+NA27+Tyn+SBL+WH+Treg+TR+Byz	
9	13	15	NKO	πρὸς	pros	G4314	PREP	πρός	to/with	for	NA28+NA27+Tyn+SBL+WH+Treg+TR+Byz	
9	13	16	NKO	τὴν	tēn	G3588	T-ASF	ὁ	the/this/who	the	NA28+NA27+Tyn+SBL+WH+Treg+TR+Byz	
9	13	17	NKO	τῆς	tēs	G3588	T-GSF	ὁ	the/this/who	of the	NA28+NA27+Tyn+SBL+WH+Treg+TR+Byz	
9	13	18	NKO	σαρκὸς	sarkos	G4561	N-GSF	σάρξ	flesh	flesh	NA28+NA27+Tyn+SBL+WH+Treg+TR+Byz	
9	13	19	NKO	καθαρότητα,	katharotēta	G2514	N-ASF	καθαρότης	cleanness	purification,	NA28+NA27+Tyn+SBL+WH+Treg+TR+Byz	
9	14	1	NKO	πόσῳ	posō	G4214	Q-DSN	πόσος	how much/many	how much	NA28+NA27+Tyn+SBL+WH+Treg+TR+Byz	
9	14	2	NKO	μᾶλλον	mallon	G3123G	ADV	μᾶλλον	more	more	NA28+NA27+Tyn+SBL+WH+Treg+TR+Byz	
9	14	3	NKO	τὸ	to	G3588	T-NSN	ὁ	the/this/who	the	NA28+NA27+Tyn+SBL+WH+Treg+TR+Byz	
9	14	4	NKO	αἷμα	haima	G0129G	N-NSN	αἷμα	blood	blood	NA28+NA27+Tyn+SBL+WH+Treg+TR+Byz	
9	14	5	NKO	τοῦ	tou	G3588	T-GSM	ὁ	the/this/who	<the>	NA28+NA27+Tyn+SBL+WH+Treg+TR+Byz	
9	14	6	NKO	Χριστοῦ,	Christou	G5547	N-GSM-T	Χριστός	Christ	of Christ,	NA28+NA27+Tyn+SBL+WH+Treg+TR+Byz	
9	14	7	NKO	ὃς	hos	G3739	R-NSM	ὅς, ἥ	which	who	NA28+NA27+Tyn+SBL+WH+Treg+TR+Byz	
9	14	8	NKO	διὰ	dia	G1223	PREP	διά	through/because of	through	NA28+NA27+Tyn+SBL+WH+Treg+TR+Byz	
9	14	9	NKO	πνεύματος	pneumatos	G4151G	N-GSN	πνεῦμα	spirit/breath	[the] Spirit	NA28+NA27+Tyn+SBL+WH+Treg+TR+Byz	
9	14	10	NKO	αἰωνίου	aiōniou	G0166	A-GSN	αἰώνιος	eternal	eternal	NA28+NA27+Tyn+SBL+WH+Treg+TR+Byz	
9	14	11	NKO	ἑαυτὸν	he'auton	G1438	F-3ASM	ἑαυτοῦ	my/your/him-self	Himself	NA28+NA27+Tyn+SBL+WH+Treg+TR+Byz	
9	14	12	NKO	προσήνεγκεν	prosēnegken	G4374	V-AAI-3S	προσφέρω	to bring to	offered	NA28+NA27+Tyn+SBL+WH+Treg+TR+Byz	
9	14	13	NKO	ἄμωμον	amōmon	G0299	A-ASM	ἄμωμος	blameless	unblemished	NA28+NA27+Tyn+SBL+WH+Treg+TR+Byz	
9	14	14	NKO	τῷ	tō	G3588	T-DSM	ὁ	the/this/who	<the>	NA28+NA27+Tyn+SBL+WH+Treg+TR+Byz	
9	14	15	NKO	θεῷ,	theō	G2316	N-DSM-T	θεός	God	to God,	NA28+NA27+Tyn+SBL+WH+Treg+TR+Byz	
9	14	16	NKO	καθαριεῖ	kathariei	G2511	V-FAI-3S	καθαρίζω	to clean	will purify	NA28+NA27+Tyn+SBL+WH+Treg+TR+Byz	
9	14	17	NKO	τὴν	tēn	G3588	T-ASF	ὁ	the/this/who	the	NA28+NA27+Tyn+SBL+WH+Treg+TR+Byz	
9	14	18	NKO	συνείδησιν	suneidēsin	G4893	N-ASF	συνείδησις	conscience	conscience	NA28+NA27+Tyn+SBL+WH+Treg+TR+Byz	
9	14	19	N(K)O	ἡμῶν	hēmōn	G3165	P-1GP	ἐγώ	I/we	of us	NA28+NA27+SBL+WH	
9	14	20	NKO	ἀπὸ	apo	G0575	PREP	ἀπό	away from	from	NA28+NA27+Tyn+SBL+WH+Treg+TR+Byz	
9	14	21	NKO	νεκρῶν	nekrōn	G3498	A-GPN	νεκρός	dead	dead	NA28+NA27+Tyn+SBL+WH+Treg+TR+Byz	
9	14	22	NKO	ἔργων	ergōn	G2041	N-GPN	ἔργον	work	works	NA28+NA27+Tyn+SBL+WH+Treg+TR+Byz	
9	14	23	NKO	εἰς	eis	G1519	PREP	εἰς	toward	in order	NA28+NA27+Tyn+SBL+WH+Treg+TR+Byz	
9	14	24	NKO	τὸ	to	G3588	T-ASN	ὁ	the/this/who	<the>	NA28+NA27+Tyn+SBL+WH+Treg+TR+Byz	
9	14	25	NKO	λατρεύειν	latreuein	G3000	V-PAN	λατρεύω	to minister	to serve	NA28+NA27+Tyn+SBL+WH+Treg+TR+Byz	
9	14	26	NKO	θεῷ	theō	G2316	N-DSM-T	θεός	God	God	NA28+NA27+Tyn+SBL+WH+Treg+TR+Byz	
9	14	27	NKO	ζῶντι;¶	zōnti	G2198	V-PAP-DSM	ζάω	to live	[the] living?	NA28+NA27+Tyn+SBL+WH+Treg+TR+Byz	
9	15	1	NKO	Καὶ	Kai	G2532	CONJ	καί	and	And	NA28+NA27+Tyn+SBL+WH+Treg+TR+Byz	
9	15	2	NKO	διὰ	dia	G1223	PREP	διά	through/because of	because of	NA28+NA27+Tyn+SBL+WH+Treg+TR+Byz	
9	15	3	NKO	τοῦτο	touto	G3778	D-ASN	οὗτος	this/he/she/it	this	NA28+NA27+Tyn+SBL+WH+Treg+TR+Byz	
9	15	4	NKO	διαθήκης	diathēkēs	G1242	N-GSF	διαθήκη	covenant	of a covenant	NA28+NA27+Tyn+SBL+WH+Treg+TR+Byz	
9	15	5	NKO	καινῆς	kainēs	G2537	A-GSF	καινός	new	new	NA28+NA27+Tyn+SBL+WH+Treg+TR+Byz	
9	15	6	NKO	μεσίτης	mesitēs	G3316	N-NSM	μεσίτης	mediator	[the] mediator	NA28+NA27+Tyn+SBL+WH+Treg+TR+Byz	
9	15	7	NKO	ἐστίν,	estin	G1510	V-PAI-3S	εἰμί	to be	He is,	NA28+NA27+Tyn+SBL+WH+Treg+TR+Byz	
9	15	8	NKO	ὅπως	hopōs	G3704	CONJ	ὅπως	that	so that	NA28+NA27+Tyn+SBL+WH+Treg+TR+Byz	
9	15	9	NKO	θανάτου	thanatou	G2288	N-GSM	θάνατος	death	death	NA28+NA27+Tyn+SBL+WH+Treg+TR+Byz	
9	15	10	NKO	γενομένου	genomenou	G1096	V-2ADP-GSM	γίνομαι	to be	having taken place	NA28+NA27+Tyn+SBL+WH+Treg+TR+Byz	
9	15	11	NKO	εἰς	eis	G1519	PREP	εἰς	toward	for	NA28+NA27+Tyn+SBL+WH+Treg+TR+Byz	
9	15	12	NKO	ἀπολύτρωσιν	apolutrōsin	G0629	N-ASF	ἀπολύτρωσις	redemption	redemption	NA28+NA27+Tyn+SBL+WH+Treg+TR+Byz	
9	15	13	NKO	τῶν	tōn	G3588	T-GPF	ὁ	the/this/who	of the	NA28+NA27+Tyn+SBL+WH+Treg+TR+Byz	
9	15	14	NKO	ἐπὶ	epi	G1909	PREP	ἐπί	upon/to/against	under	NA28+NA27+Tyn+SBL+WH+Treg+TR+Byz	
9	15	15	NKO	τῇ	tēa	G3588	T-DSF	ὁ	the/this/who	the	NA28+NA27+Tyn+SBL+WH+Treg+TR+Byz	
9	15	16	NKO	πρώτῃ	prōtē	G4413G	A-DSF	πρῶτος	first	first	NA28+NA27+Tyn+SBL+WH+Treg+TR+Byz	
9	15	17	NKO	διαθήκῃ	diathēkē	G1242	N-DSF	διαθήκη	covenant	covenant	NA28+NA27+Tyn+SBL+WH+Treg+TR+Byz	
9	15	18	NKO	παραβάσεων	parabaseōn	G3847	N-GPF	παράβασις	transgression	transgressions	NA28+NA27+Tyn+SBL+WH+Treg+TR+Byz	
9	15	19	NKO	τὴν	tēn	G3588	T-ASF	ὁ	the/this/who	the	NA28+NA27+Tyn+SBL+WH+Treg+TR+Byz	
9	15	20	NKO	ἐπαγγελίαν	epangelian	G1860	N-ASF	ἐπαγγελία	promise	promise	NA28+NA27+Tyn+SBL+WH+Treg+TR+Byz	
9	15	21	NKO	λάβωσιν	labōsin	G2983	V-2AAS-3P	λαμβάνω	to take	may receive	NA28+NA27+Tyn+SBL+WH+Treg+TR+Byz	
9	15	22	NKO	οἱ	hoi	G3588	T-NPM	ὁ	the/this/who	those	NA28+NA27+Tyn+SBL+WH+Treg+TR+Byz	
9	15	23	NKO	κεκλημένοι	keklēmenoi	G2564G	V-RPP-NPM	καλέω	to call	called	NA28+NA27+Tyn+SBL+WH+Treg+TR+Byz	
9	15	24	NKO	τῆς	tēs	G3588	T-GSF	ὁ	the/this/who	of the	NA28+NA27+Tyn+SBL+WH+Treg+TR+Byz	
9	15	25	NKO	αἰωνίου	aiōniou	G0166	A-GSF	αἰώνιος	eternal	eternal	NA28+NA27+Tyn+SBL+WH+Treg+TR+Byz	
9	15	26	NKO	κληρονομίας.	klēronomias	G2817	N-GSF	κληρονομία	inheritance	inheritance.	NA28+NA27+Tyn+SBL+WH+Treg+TR+Byz	
9	16	1	NKO	ὅπου	hopou	G3699	CONJ	ὅπου	where(-ever)	Where	NA28+NA27+Tyn+SBL+WH+Treg+TR+Byz	
9	16	2	NKO	γὰρ	gar	G1063	CONJ	γάρ	for	for	NA28+NA27+Tyn+SBL+WH+Treg+TR+Byz	
9	16	3	NKO	διαθήκη,	diathēkē	G1242	N-NSF	διαθήκη	covenant	[there is] a will,	NA28+NA27+Tyn+SBL+WH+Treg+TR+Byz	
9	16	4	NKO	θάνατον	thanaton	G2288	N-ASM	θάνατος	death	[the] death	NA28+NA27+Tyn+SBL+WH+Treg+TR+Byz	
9	16	5	NKO	ἀνάγκη	anagkē	G0318	N-NSF	ἀνάγκη	necessity	[it is] necessary	NA28+NA27+Tyn+SBL+WH+Treg+TR+Byz	
9	16	6	NKO	φέρεσθαι	pheresthai	G5342	V-PPN	φέρω	to bear/lead	to establish	NA28+NA27+Tyn+SBL+WH+Treg+TR+Byz	
9	16	7	NKO	τοῦ	tou	G3588	T-GSM	ὁ	the/this/who	of the [one]	NA28+NA27+Tyn+SBL+WH+Treg+TR+Byz	
9	16	8	NKO	διαθεμένου·	diathemenou	G1303	V-2AMP-GSM	διατίθημι	to make a covenant	having made [it];	NA28+NA27+Tyn+SBL+WH+Treg+TR+Byz	
9	17	1	NKO	διαθήκη	diathēkē	G1242	N-NSF	διαθήκη	covenant	A will	NA28+NA27+Tyn+SBL+WH+Treg+TR+Byz	
9	17	2	NKO	γὰρ	gar	G1063	CONJ	γάρ	for	for	NA28+NA27+Tyn+SBL+WH+Treg+TR+Byz	
9	17	3	NKO	ἐπὶ	epi	G1909	PREP	ἐπί	upon/to/against	after	NA28+NA27+Tyn+SBL+WH+Treg+TR+Byz	
9	17	4	NKO	νεκροῖς	nekrois	G3498	A-DPM	νεκρός	dead	death	NA28+NA27+Tyn+SBL+WH+Treg+TR+Byz	
9	17	5	NKO	βεβαία,	bebaia	G0949	A-NSF	βέβαιος	firm	[is] affirmed,	NA28+NA27+Tyn+SBL+WH+Treg+TR+Byz	
9	17	6	NKO	ἐπεὶ	epei	G1893	CONJ	ἐπεί	since	since	NA28+NA27+Tyn+SBL+WH+Treg+TR+Byz	
9	17	7	NK(o)	μήποτε	mēpote	G3361	PRT-N + G4218=PRT	μήποτε	lest + πότε=when	otherwise	NA28+NA27+Tyn+SBL+Treg+TR+Byz	
9	17	8	NKO	ἰσχύει	ischuei	G2480	V-PAI-3S	ἰσχύω	be strong	it is in force	NA28+NA27+Tyn+SBL+WH+Treg+TR+Byz	
9	17	9	NKO	ὅτε	hote	G3753	CONJ	ὅτε	when	when	NA28+NA27+Tyn+SBL+WH+Treg+TR+Byz	
9	17	10	NKO	ζῇ	zēa	G2198	V-PAI-3S	ζάω	to live	is living	NA28+NA27+Tyn+SBL+WH+Treg+TR+Byz	
9	17	11	NKO	ὁ	ho	G3588	T-NSM	ὁ	the/this/who	the [one]	NA28+NA27+Tyn+SBL+WH+Treg+TR+Byz	
9	17	12	NKO	διαθέμενος.	diathemenos	G1303	V-2AMP-NSM	διατίθημι	to make a covenant	having made [it].	NA28+NA27+Tyn+SBL+WH+Treg+TR+Byz	
9	18	1	NKO	ὅθεν	hothen	G3606	CONJ	ὅθεν	whence	wherefore	NA28+NA27+Tyn+SBL+WH+Treg+TR+Byz	
9	18	2	NKO	οὐδὲ	oude	G3761	CONJ-N	οὐδέ	and not	neither	NA28+NA27+Tyn+SBL+WH+Treg+TR+Byz	
9	18	3	NKO	ἡ	hē	G3588	T-NSF	ὁ	the/this/who	the	NA28+NA27+Tyn+SBL+WH+Treg+TR+Byz	
9	18	4	NKO	πρώτη	prōtē	G4413G	A-NSF	πρῶτος	first	first	NA28+NA27+Tyn+SBL+WH+Treg+TR+Byz	
9	18	5	NKO	χωρὶς	chōris	G5565	PREP	χωρίς	without	apart from	NA28+NA27+Tyn+SBL+WH+Treg+TR+Byz	
9	18	6	NKO	αἵματος	aimatos	G0129G	N-GSN	αἷμα	blood	blood	NA28+NA27+Tyn+SBL+WH+Treg+TR+Byz	
9	18	7	NKO	ἐγκεκαίνισται.	egkekainistai	G1457	V-RPI-3S	ἐγκαινίζω	to inaugurate	has been inaugurated.	NA28+NA27+Tyn+SBL+WH+Treg+TR+Byz	
9	19	1	NKO	λαληθείσης	lalētheisēs	G2980	V-APP-GSF	λαλέω	to speak	When was being spoken	NA28+NA27+Tyn+SBL+WH+Treg+TR+Byz	
9	19	2	NKO	γὰρ	gar	G1063	CONJ	γάρ	for	for	NA28+NA27+Tyn+SBL+WH+Treg+TR+Byz	
9	19	3	NKO	πάσης	pasēs	G3956	A-GSF	πᾶς	all	every	NA28+NA27+Tyn+SBL+WH+Treg+TR+Byz	
9	19	4	NKO	ἐντολῆς	entolēs	G1785	N-GSF	ἐντολή	commandment	commandment	NA28+NA27+Tyn+SBL+WH+Treg+TR+Byz	
9	19	5	NKO	κατὰ	kata	G2596	PREP	κατά	according to	according to	NA28+NA27+Tyn+SBL+WH+Treg+TR+Byz	
9	19	6	no	τὸν	ton	G3588	T-ASM	ὁ	the/this/who	the	NA28+NA27+Tyn+SBL+WH+Treg	
9	19	7	NKO	νόμον	nomon	G3551	N-ASM	νόμος	law	law	NA28+NA27+Tyn+SBL+WH+Treg+TR+Byz	
9	19	8	NKO	ὑπὸ	hupo	G5259G	PREP	ὑπό	by/under	under	NA28+NA27+Tyn+SBL+WH+Treg+TR+Byz	
9	19	9	NKO	Μωϋσέως	Mōuseōs	G3475	N-GSM-P	Μωϋσῆς, Μωσῆς	Moses	Moses	NA28+NA27+Tyn+SBL+WH+Treg+TR+Byz	
9	19	10	NKO	παντὶ	panti	G3956	A-DSM	πᾶς	all	to all	NA28+NA27+Tyn+SBL+WH+Treg+TR+Byz	
9	19	11	NKO	τῷ	tō	G3588	T-DSM	ὁ	the/this/who	the	NA28+NA27+Tyn+SBL+WH+Treg+TR+Byz	
9	19	12	NKO	λαῷ,	laō	G2992	N-DSM	λαός	a people	people,	NA28+NA27+Tyn+SBL+WH+Treg+TR+Byz	
9	19	13	NKO	λαβὼν	labōn	G2983	V-2AAP-NSM	λαμβάνω	to take	having taken	NA28+NA27+Tyn+SBL+WH+Treg+TR+Byz	
9	19	14	NKO	τὸ	to	G3588	T-ASN	ὁ	the/this/who	the	NA28+NA27+Tyn+SBL+WH+Treg+TR+Byz	
9	19	15	NKO	αἷμα	haima	G0129G	N-ASN	αἷμα	blood	blood	NA28+NA27+Tyn+SBL+WH+Treg+TR+Byz	
9	19	16	NKO	τῶν	tōn	G3588	T-GPM	ὁ	the/this/who	<the>	NA28+NA27+Tyn+SBL+WH+Treg+TR+Byz	
9	19	17	NKO	μόσχων	moschōn	G3448	N-GPM	μόσχος	calf	of calves	NA28+NA27+Tyn+SBL+WH+Treg+TR	
9	19	18	NKO	καὶ	kai	G2532	CONJ	καί	and	and	NA28+NA27+Tyn+WH+Treg+TR+Byz	
9	19	19	no	τῶν	tōn	G3588	T-GPM	ὁ	the/this/who	<the>	NA28+NA27+Tyn+WH+Treg	
9	19	20	NKO	τράγων	tragōn	G5131	N-GPM	τράγος	he-goat	of goats	NA28+NA27+Tyn+WH+Treg+TR+Byz	
9	19	21	NKO	μετὰ	meta	G3326	PREP	μετά	with/after	with	NA28+NA27+Tyn+SBL+WH+Treg+TR+Byz	
9	19	22	NKO	ὕδατος	hudatos	G5204	N-GSN	ὕδωρ, ὕδατος	water	water	NA28+NA27+Tyn+SBL+WH+Treg+TR+Byz	
9	19	23	NKO	καὶ	kai	G2532	CONJ	καί	and	and	NA28+NA27+Tyn+SBL+WH+Treg+TR+Byz	
9	19	24	NKO	ἐρίου	eriou	G2053	N-GSN	ἔριον	wool	wool	NA28+NA27+Tyn+SBL+WH+Treg+TR+Byz	
9	19	25	NKO	κοκκίνου	kokkinou	G2847	A-GSN	κόκκινος	scarlet	scarlet	NA28+NA27+Tyn+SBL+WH+Treg+TR+Byz	
9	19	26	NKO	καὶ	kai	G2532	CONJ	καί	and	and	NA28+NA27+Tyn+SBL+WH+Treg+TR+Byz	
9	19	27	NKO	ὑσσώπου,	hussōpou	G5301	N-GSF	ὕσσωπος	hyssop	hyssop,	NA28+NA27+Tyn+SBL+WH+Treg+TR+Byz	
9	19	28	NKO	αὐτό	auto	G0846	P-ASN	αὐτός	he/she/it/self	itself	NA28+NA27+Tyn+SBL+WH+Treg+TR+Byz	
9	19	29	NKO	τε	te	G5037	CONJ	τε	and/both	both	NA28+NA27+Tyn+SBL+WH+Treg+TR+Byz	
9	19	30	NKO	τὸ	to	G3588	T-ASN	ὁ	the/this/who	the	NA28+NA27+Tyn+SBL+WH+Treg+TR+Byz	
9	19	31	NKO	βιβλίον	biblion	G0975	N-ASN	βιβλίον	scroll	book	NA28+NA27+Tyn+SBL+WH+Treg+TR+Byz	
9	19	32	NKO	καὶ	kai	G2532	CONJ	καί	and	and	NA28+NA27+Tyn+SBL+WH+Treg+TR+Byz	
9	19	33	NKO	πάντα	panta	G3956	A-ASM	πᾶς	all	all	NA28+NA27+Tyn+SBL+WH+Treg+TR+Byz	
9	19	34	NKO	τὸν	ton	G3588	T-ASM	ὁ	the/this/who	the	NA28+NA27+Tyn+SBL+WH+Treg+TR+Byz	
9	19	35	NKO	λαὸν	laon	G2992	N-ASM	λαός	a people	people	NA28+NA27+Tyn+SBL+WH+Treg+TR+Byz	
9	19	36	NKO	ἐρράντισεν	errantisen	G4472	V-AAI-3S	ῥαντίζω	to sprinkle	he sprinkled	NA28+NA27+Tyn+SBL+WH+Treg+TR+Byz	
9	20	1	NKO	λέγων·	legōn	G3004G	V-PAP-NSM	λέγω	to speak	saying;	NA28+NA27+Tyn+SBL+WH+Treg+TR+Byz	
9	20	2	NKO	τοῦτο	touto	G3778	D-NSN	οὗτος	this/he/she/it	This [is]	NA28+NA27+Tyn+SBL+WH+Treg+TR+Byz	
9	20	3	NKO	τὸ	to	G3588	T-NSN	ὁ	the/this/who	the	NA28+NA27+Tyn+SBL+WH+Treg+TR+Byz	
9	20	4	NKO	αἷμα	haima	G0129G	N-NSN	αἷμα	blood	blood	NA28+NA27+Tyn+SBL+WH+Treg+TR+Byz	
9	20	5	NKO	τῆς	tēs	G3588	T-GSF	ὁ	the/this/who	of the	NA28+NA27+Tyn+SBL+WH+Treg+TR+Byz	
9	20	6	NKO	διαθήκης	diathēkēs	G1242	N-GSF	διαθήκη	covenant	covenant	NA28+NA27+Tyn+SBL+WH+Treg+TR+Byz	
9	20	7	NKO	ἧς	hēs	G3739	R-GSF	ὅς, ἥ	which	which	NA28+NA27+Tyn+SBL+WH+Treg+TR+Byz	
9	20	8	NKO	ἐνετείλατο	eneteilato	G1781	V-ADI-3S	ἐντέλλω	to order	commanded	NA28+NA27+Tyn+SBL+WH+Treg+TR+Byz	
9	20	9	NKO	πρὸς	pros	G4314	PREP	πρός	to/with	unto	NA28+NA27+Tyn+SBL+WH+Treg+TR+Byz	
9	20	10	NKO	ὑμᾶς	humas	G4771	P-2AP	σύ	you	you	NA28+NA27+Tyn+SBL+WH+Treg+TR+Byz	
9	20	11	NKO	ὁ	ho	G3588	T-NSM	ὁ	the/this/who	<the>	NA28+NA27+Tyn+SBL+WH+Treg+TR+Byz	
9	20	12	NKO	θεός·	theos	G2316	N-NSM-T	θεός	God	God;	NA28+NA27+Tyn+SBL+WH+Treg+TR+Byz	
9	21	1	NKO	καὶ	kai	G2532	CONJ	καί	and	And	NA28+NA27+Tyn+SBL+WH+Treg+TR+Byz	
9	21	2	NKO	τὴν	tēn	G3588	T-ASF	ὁ	the/this/who	the	NA28+NA27+Tyn+SBL+WH+Treg+TR+Byz	
9	21	3	NKO	σκηνὴν	skēnēn	G4633	N-ASF	σκηνή	tent	tabernacle	NA28+NA27+Tyn+SBL+WH+Treg+TR+Byz	
9	21	4	NKO	δὲ	de	G1161	CONJ	δέ	but/and	then	NA28+NA27+Tyn+SBL+WH+Treg+TR+Byz	
9	21	5	NKO	καὶ	kai	G2532	CONJ	καί	and	and	NA28+NA27+Tyn+SBL+WH+Treg+TR+Byz	
9	21	6	NKO	πάντα	panta	G3956	A-APN	πᾶς	all	all	NA28+NA27+Tyn+SBL+WH+Treg+TR+Byz	
9	21	7	NKO	τὰ	ta	G3588	T-APN	ὁ	the/this/who	the	NA28+NA27+Tyn+SBL+WH+Treg+TR+Byz	
9	21	8	NKO	σκεύη	skeuē	G4632	N-APN	σκεῦος	vessel	vessels	NA28+NA27+Tyn+SBL+WH+Treg+TR+Byz	
9	21	9	NKO	τῆς	tēs	G3588	T-GSF	ὁ	the/this/who	of the	NA28+NA27+Tyn+SBL+WH+Treg+TR+Byz	
9	21	10	NKO	λειτουργίας	leitourgias	G3009	N-GSF	λειτουργία	ministry	ministry	NA28+NA27+Tyn+SBL+WH+Treg+TR+Byz	
9	21	11	NKO	τῷ	tō	G3588	T-DSN	ὁ	the/this/who	<the>	NA28+NA27+Tyn+SBL+WH+Treg+TR+Byz	
9	21	12	NKO	αἵματι	aimati	G0129G	N-DSN	αἷμα	blood	with blood	NA28+NA27+Tyn+SBL+WH+Treg+TR+Byz	
9	21	13	NKO	ὁμοίως	homoiōs	G3668	ADV	ὁμοίως	similarly	likewise	NA28+NA27+Tyn+SBL+WH+Treg+TR+Byz	
9	21	14	NKO	ἐρράντισεν.	errantisen	G4472	V-AAI-3S	ῥαντίζω	to sprinkle	he sprinkled.	NA28+NA27+Tyn+SBL+WH+Treg+TR+Byz	
9	22	1	NKO	καὶ	kai	G2532	CONJ	καί	and	And	NA28+NA27+Tyn+SBL+WH+Treg+TR+Byz	
9	22	2	NKO	σχεδὸν	schedon	G4975	ADV	σχεδόν	nearly	almost	NA28+NA27+Tyn+SBL+WH+Treg+TR+Byz	
9	22	3	NKO	ἐν	en	G1722	PREP	ἐν	in/on/among	with	NA28+NA27+Tyn+SBL+WH+Treg+TR+Byz	
9	22	4	NKO	αἵματι	aimati	G0129G	N-DSN	αἷμα	blood	blood	NA28+NA27+Tyn+SBL+WH+Treg+TR+Byz	
9	22	5	NKO	πάντα	panta	G3956	A-NPN	πᾶς	all	all things	NA28+NA27+Tyn+SBL+WH+Treg+TR+Byz	
9	22	6	NKO	καθαρίζεται	katharizetai	G2511	V-PPI-3S	καθαρίζω	to clean	are purified	NA28+NA27+Tyn+SBL+WH+Treg+TR+Byz	
9	22	7	NKO	κατὰ	kata	G2596	PREP	κατά	according to	according to	NA28+NA27+Tyn+SBL+WH+Treg+TR+Byz	
9	22	8	NKO	τὸν	ton	G3588	T-ASM	ὁ	the/this/who	the	NA28+NA27+Tyn+SBL+WH+Treg+TR+Byz	
9	22	9	NKO	νόμον	nomon	G3551	N-ASM	νόμος	law	law	NA28+NA27+Tyn+SBL+WH+Treg+TR+Byz	
9	22	10	NKO	καὶ	kai	G2532	CONJ	καί	and	and	NA28+NA27+Tyn+SBL+WH+Treg+TR+Byz	
9	22	11	NKO	χωρὶς	chōris	G5565	PREP	χωρίς	without	apart from	NA28+NA27+Tyn+SBL+WH+Treg+TR+Byz	
9	22	12	NKO	αἱματεκχυσίας	haimatekchusias	G0130	N-GSF	αἱματεκχυσία	bloodshed	blood-shedding	NA28+NA27+Tyn+SBL+WH+Treg+TR+Byz	
9	22	13	NKO	οὐ	ou	G3756	PRT-N	οὐ	no	not	NA28+NA27+Tyn+SBL+WH+Treg+TR+Byz	
9	22	14	NKO	γίνεται	ginetai	G1096	V-PNI-3S	γίνομαι	to be	there is	NA28+NA27+Tyn+SBL+WH+Treg+TR+Byz	
9	22	15	NKO	ἄφεσις.¶	aphesis	G0859	N-NSF	ἄφεσις	forgiveness	forgiveness.	NA28+NA27+Tyn+SBL+WH+Treg+TR+Byz	
9	23	1	NKO	Ἀνάγκη	Anagkē	G0318	N-NSF	ἀνάγκη	necessity	[It was] necessary	NA28+NA27+Tyn+SBL+WH+Treg+TR+Byz	
9	23	2	NKO	οὖν	oun	G3767	CONJ	οὖν	therefore/then	then [for]	NA28+NA27+Tyn+SBL+WH+Treg+TR+Byz	
9	23	3	NKO	τὰ	ta	G3588	T-APN	ὁ	the/this/who	the	NA28+NA27+Tyn+SBL+WH+Treg+TR+Byz	
9	23	4	NKO	μὲν	men	G3303	PRT	μέν	on one hand	indeed	NA28+NA27+Tyn+SBL+WH+Treg+TR+Byz	
9	23	5	NKO	ὑποδείγματα	hupodeigmata	G5262	N-APN	ὑπόδειγμα	example	representations	NA28+NA27+Tyn+SBL+WH+Treg+TR+Byz	
9	23	6	NKO	τῶν	tōn	G3588	T-GPN	ὁ	the/this/who	of the [things]	NA28+NA27+Tyn+SBL+WH+Treg+TR+Byz	
9	23	7	NKO	ἐν	en	G1722	PREP	ἐν	in/on/among	in	NA28+NA27+Tyn+SBL+WH+Treg+TR+Byz	
9	23	8	NKO	τοῖς	tois	G3588	T-DPM	ὁ	the/this/who	the	NA28+NA27+Tyn+SBL+WH+Treg+TR+Byz	
9	23	9	NKO	οὐρανοῖς	ouranois	G3772	N-DPM	οὐρανός	heaven	heavens	NA28+NA27+Tyn+SBL+WH+Treg+TR+Byz	
9	23	10	NKO	τούτοις	toutois	G3778	D-DPN	οὗτος	this/he/she/it	with these	NA28+NA27+Tyn+SBL+WH+Treg+TR+Byz	
9	23	11	NKO	καθαρίζεσθαι	katharizesthai	G2511	V-PPN	καθαρίζω	to clean	to be purified	NA28+NA27+Tyn+SBL+WH+Treg+TR+Byz	
9	23	12	NKO	αὐτὰ	auta	G0846	P-APN	αὐτός	he/she/it/self	themselves	NA28+NA27+Tyn+SBL+WH+Treg+TR+Byz	
9	23	13	NKO	δὲ	de	G1161	CONJ	δέ	but/and	however	NA28+NA27+Tyn+SBL+WH+Treg+TR+Byz	
9	23	14	NKO	τὰ	ta	G3588	T-APN	ὁ	the/this/who	the	NA28+NA27+Tyn+SBL+WH+Treg+TR+Byz	
9	23	15	NKO	ἐπουράνια	epourania	G2032	A-APN	ἐπουράνιος	heavenly	heavenly things	NA28+NA27+Tyn+SBL+WH+Treg+TR+Byz	
9	23	16	NKO	κρείττοσιν	kreittosin	G2908	A-DPF-C	κρείσσων	greater	with better	NA28+NA27+Tyn+SBL+WH+Treg+TR+Byz	
9	23	17	NKO	θυσίαις	thusiais	G2378	N-DPF	θυσία	sacrifice	sacrifices	NA28+NA27+Tyn+SBL+WH+Treg+TR+Byz	
9	23	18	NKO	παρὰ	para	G3844	PREP	παρά	from with	than	NA28+NA27+Tyn+SBL+WH+Treg+TR+Byz	
9	23	19	NKO	ταύτας.	tautas	G3778	D-APF	οὗτος	this/he/she/it	these.	NA28+NA27+Tyn+SBL+WH+Treg+TR+Byz	
9	24	1	NKO	οὐ	ou	G3756	PRT-N	οὐ	no	Not	NA28+NA27+Tyn+SBL+WH+Treg+TR+Byz	
9	24	2	NKO	γὰρ	gar	G1063	CONJ	γάρ	for	for	NA28+NA27+Tyn+SBL+WH+Treg+TR+Byz	
9	24	3	NKO	εἰς	eis	G1519	PREP	εἰς	toward	into	NA28+NA27+Tyn+SBL+WH+Treg+TR+Byz	
9	24	4	NKO	χειροποίητα	cheiropoiēta	G5499	A-APN	χειροποίητος	hand-made	made by hands	NA28+NA27+Tyn+SBL+WH+Treg+TR+Byz	
9	24	5	NKO	εἰσῆλθεν	eisēlthen	G1525	V-2AAI-3S	εἰσέρχομαι	to enter	has entered	NA28+NA27+Tyn+SBL+WH+Treg+TR»1+Byz»1	
9	24	6	NKO	ἅγια	hagia	G0039G	A-APN	ἅγιος	holy	Holy [Places]	NA28+NA27+Tyn+SBL+WH+Treg+TR+Byz	
9	24	7	k	ὁ	ho	G3588	T-NSM	ὁ	the/this/who	<the>	TR+Byz	
9	24	8	NKO	Χριστός,	Christos	G5547	N-NSM-T	Χριστός	Christ	Christ,	NA28+NA27+Tyn+SBL+WH+Treg+TR+Byz	
9	24	9	NKO	ἀντίτυπα	antitupa	G0499	A-APN	ἀντίτυπος	representation	copies	NA28+NA27+Tyn+SBL+WH+Treg+TR+Byz	
9	24	10	NKO	τῶν	tōn	G3588	T-GPN	ὁ	the/this/who	of the	NA28+NA27+Tyn+SBL+WH+Treg+TR+Byz	
9	24	11	NKO	ἀληθινῶν,	alēthinōn	G0228	A-GPN	ἀληθινός	true	true [ones],	NA28+NA27+Tyn+SBL+WH+Treg+TR+Byz	
9	24	12	NKO	ἀλλ᾽	all᾽	G0235	CONJ	ἀλλά	but	but	NA28+NA27+Tyn+SBL+WH+Treg+TR+Byz	
9	24	13	NKO	εἰς	eis	G1519	PREP	εἰς	toward	into	NA28+NA27+Tyn+SBL+WH+Treg+TR+Byz	
9	24	14	NKO	αὐτὸν	auton	G0846	P-ASM	αὐτός	he/she/it/self	itself	NA28+NA27+Tyn+SBL+WH+Treg+TR+Byz	
9	24	15	NKO	τὸν	ton	G3588	T-ASM	ὁ	the/this/who	<the>	NA28+NA27+Tyn+SBL+WH+Treg+TR+Byz	
9	24	16	NKO	οὐρανόν,	ouranon	G3772	N-ASM	οὐρανός	heaven	heaven,	NA28+NA27+Tyn+SBL+WH+Treg+TR+Byz	
9	24	17	NKO	νῦν	nun	G3568	ADV	νῦν	now	now	NA28+NA27+Tyn+SBL+WH+Treg+TR+Byz	
9	24	18	NKO	ἐμφανισθῆναι	emphanisthēnai	G1718	V-APN	ἐμφανίζω	to show	to appear	NA28+NA27+Tyn+SBL+WH+Treg+TR+Byz	
9	24	19	NKO	τῷ	tō	G3588	T-DSN	ὁ	the/this/who	in the	NA28+NA27+Tyn+SBL+WH+Treg+TR+Byz	
9	24	20	NKO	προσώπῳ	prosōpō	G4383	N-DSN	πρόσωπον	face	presence	NA28+NA27+Tyn+SBL+WH+Treg+TR+Byz	
9	24	21	NKO	τοῦ	tou	G3588	T-GSM	ὁ	the/this/who	<the>	NA28+NA27+Tyn+SBL+WH+Treg+TR+Byz	
9	24	22	NKO	θεοῦ	theou	G2316	N-GSM-T	θεός	God	of God	NA28+NA27+Tyn+SBL+WH+Treg+TR+Byz	
9	24	23	NKO	ὑπὲρ	huper	G5228	PREP	ὑπέρ	above/for	for	NA28+NA27+Tyn+SBL+WH+Treg+TR+Byz	
9	24	24	NKO	ἡμῶν·	hēmōn	G3165	P-1GP	ἐγώ	I/we	us;	NA28+NA27+Tyn+SBL+WH+Treg+TR+Byz	
9	25	1	NKO	οὐδ᾽	oud᾽	G3761	CONJ-N	οὐδέ	and not	nor	NA28+NA27+Tyn+SBL+WH+Treg+TR+Byz	
9	25	2	NKO	ἵνα	ina	G2443	CONJ	ἵνα	in order that/to	that	NA28+NA27+Tyn+SBL+WH+Treg+TR+Byz	
9	25	3	NKO	πολλάκις	pollakis	G4178	ADV	πολλάκις	often	repeatedly	NA28+NA27+Tyn+SBL+WH+Treg+TR+Byz	
9	25	4	NKO	προσφέρῃ	prospherē	G4374	V-PAS-3S	προσφέρω	to bring to	He may offer	NA28+NA27+Tyn+SBL+WH+Treg+TR+Byz	
9	25	5	NKO	ἑαυτόν,	he'auton	G1438	F-3ASM	ἑαυτοῦ	my/your/him-self	Himself,	NA28+NA27+Tyn+SBL+WH+Treg+TR+Byz	
9	25	6	NKO	ὥσπερ	hōsper	G5618	CONJ	ὥσπερ	just as	just as	NA28+NA27+Tyn+SBL+WH+Treg+TR+Byz	
9	25	7	NKO	ὁ	ho	G3588	T-NSM	ὁ	the/this/who	the	NA28+NA27+Tyn+SBL+WH+Treg+TR+Byz	
9	25	8	NKO	ἀρχιερεὺς	archiereus	G0749	N-NSM	ἀρχιερεύς	high-priest	high priest	NA28+NA27+Tyn+SBL+WH+Treg+TR+Byz	
9	25	9	NKO	εἰσέρχεται	eiserchetai	G1525	V-PNI-3S	εἰσέρχομαι	to enter	enters	NA28+NA27+Tyn+SBL+WH+Treg+TR+Byz	
9	25	10	NKO	εἰς	eis	G1519	PREP	εἰς	toward	into	NA28+NA27+Tyn+SBL+WH+Treg+TR+Byz	
9	25	11	NKO	τὰ	ta	G3588	T-APN	ὁ	the/this/who	the	NA28+NA27+Tyn+SBL+WH+Treg+TR+Byz	
9	25	12	NKO	ἅγια	hagia	G0039G	A-APN	ἅγιος	holy	Holy [Places]	NA28+NA27+Tyn+SBL+WH+Treg+TR+Byz	
9	25	13	NKO	κατ᾽	kat᾽	G2596	PREP	κατά	according to	every	NA28+NA27+Tyn+SBL+WH+Treg+TR+Byz	
9	25	14	NKO	ἐνιαυτὸν	eniauton	G1763	N-ASM	ἐνιαυτός	year	year	NA28+NA27+Tyn+SBL+WH+Treg+TR+Byz	
9	25	15	NKO	ἐν	en	G1722	PREP	ἐν	in/on/among	with	NA28+NA27+Tyn+SBL+WH+Treg+TR+Byz	
9	25	16	NKO	αἵματι	aimati	G0129G	N-DSN	αἷμα	blood	[the] blood	NA28+NA27+Tyn+SBL+WH+Treg+TR+Byz	
9	25	17	NKO	ἀλλοτρίῳ·	allotriō	G0245	A-DSN	ἀλλότριος	another’s	of another;	NA28+NA27+Tyn+SBL+WH+Treg+TR+Byz	
9	26	1	NKO	ἐπεὶ	epei	G1893	CONJ	ἐπεί	since	Otherwise	NA28+NA27+Tyn+SBL+WH+Treg+TR+Byz	
9	26	2	NKO	ἔδει	edei	G1163	V-IAI-3S	δεῖ	be necessary	it was necessary for	NA28+NA27+Tyn+SBL+WH+Treg+TR+Byz	
9	26	3	NKO	αὐτὸν	auton	G0846	P-ASM	αὐτός	he/she/it/self	Him	NA28+NA27+Tyn+SBL+WH+Treg+TR+Byz	
9	26	4	NKO	πολλάκις	pollakis	G4178	ADV	πολλάκις	often	repeatedly	NA28+NA27+Tyn+SBL+WH+Treg+TR+Byz	
9	26	5	NKO	παθεῖν	pathein	G3958	V-2AAN	πάσχω	to suffer	to have suffered	NA28+NA27+Tyn+SBL+WH+Treg+TR+Byz	
9	26	6	NKO	ἀπὸ	apo	G0575	PREP	ἀπό	away from	from	NA28+NA27+Tyn+SBL+WH+Treg+TR+Byz	
9	26	7	NKO	καταβολῆς	katabolēs	G2602	N-GSF	καταβολή	beginning	[the] foundation	NA28+NA27+Tyn+SBL+WH+Treg+TR+Byz	
9	26	8	NKO	κόσμου,	kosmou	G2889	N-GSM	κόσμος	world	of [the] world,	NA28+NA27+Tyn+SBL+WH+Treg+TR+Byz	
9	26	9	N(k)O	νυνὶ	nuni	G3570	ADV	νυνί	now	now	NA28+NA27+Tyn+SBL+WH+Treg	
9	26	10	NKO	δὲ	de	G1161	CONJ	δέ	but/and	however	NA28+NA27+Tyn+SBL+WH+Treg+TR+Byz	
9	26	11	NKO	ἅπαξ	hapax	G0530	ADV	ἅπαξ	once	once	NA28+NA27+Tyn+SBL+WH+Treg+TR+Byz	
9	26	12	NKO	ἐπὶ	epi	G1909	PREP	ἐπί	upon/to/against	in	NA28+NA27+Tyn+SBL+WH+Treg+TR+Byz	
9	26	13	NKO	συντελείᾳ	sunteleia	G4930	N-DSF	συντέλεια	consummation	[the] consummation	NA28+NA27+Tyn+SBL+WH+Treg+TR+Byz	
9	26	14	NKO	τῶν	tōn	G3588	T-GPM	ὁ	the/this/who	of the	NA28+NA27+Tyn+SBL+WH+Treg+TR+Byz	
9	26	15	NKO	αἰώνων	aiōnōn	G0165G	N-GPM	αἰών	an age	ages	NA28+NA27+Tyn+SBL+WH+Treg+TR+Byz	
9	26	16	NKO	εἰς	eis	G1519	PREP	εἰς	toward	for	NA28+NA27+Tyn+SBL+WH+Treg+TR+Byz	
9	26	17	NKO	ἀθέτησιν	athetēsin	G0115	N-ASF	ἀθέτησις	nullification	[the] putting away	NA28+NA27+Tyn+SBL+WH+Treg+TR+Byz	
9	26	18	no	τῆς	tēs	G3588	T-GSF	ὁ	the/this/who	<the>	NA28+NA27+WH+Treg	
9	26	19	NKO	ἁμαρτίας	hamartias	G0266	N-GSF	ἁμαρτία	sin	of sin	NA28+NA27+Tyn+SBL+WH+Treg+TR+Byz	
9	26	20	NKO	διὰ	dia	G1223	PREP	διά	through/because of	through	NA28+NA27+Tyn+SBL+WH+Treg+TR+Byz	
9	26	21	NKO	τῆς	tēs	G3588	T-GSF	ὁ	the/this/who	the	NA28+NA27+Tyn+SBL+WH+Treg+TR+Byz	
9	26	22	NKO	θυσίας	thusias	G2378	N-GSF	θυσία	sacrifice	sacrifice	NA28+NA27+Tyn+SBL+WH+Treg+TR+Byz	
9	26	23	NKO	αὐτοῦ	autou	G0846	P-GSM	αὐτός	he/she/it/self	of Himself	NA28+NA27+Tyn+SBL+WH+Treg+TR+Byz	
9	26	24	NKO	πεφανέρωται.	pephanerōtai	G5319	V-RPI-3S	φανερόω	to manifest	He has been revealed.	NA28+NA27+Tyn+SBL+WH+Treg+TR+Byz	
9	27	1	NKO	καὶ	kai	G2532	CONJ	καί	and	And	NA28+NA27+Tyn+SBL+WH+Treg+TR+Byz	
9	27	2	NKO	καθ᾽	kath᾽	G2596	PREP	κατά	according to	in	NA28+NA27+Tyn+SBL+WH+Treg+TR+Byz	
9	27	3	NKO	ὅσον	hoson	G3745	K-ASN	ὅσος	just as/how much	as much as	NA28+NA27+Tyn+SBL+WH+Treg+TR+Byz	
9	27	4	NKO	ἀπόκειται	apokeitai	G0606	V-PNI-3S	ἀπόκειμαι	to lay up	it is apportioned	NA28+NA27+Tyn+SBL+WH+Treg+TR+Byz	
9	27	5	NKO	τοῖς	tois	G3588	T-DPM	ὁ	the/this/who	<the>	NA28+NA27+Tyn+SBL+WH+Treg+TR+Byz	
9	27	6	NKO	ἀνθρώποις	anthrōpois	G0444	N-DPM	ἄνθρωπος	a human	to men	NA28+NA27+Tyn+SBL+WH+Treg+TR+Byz	
9	27	7	NKO	ἅπαξ	hapax	G0530	ADV	ἅπαξ	once	once	NA28+NA27+Tyn+SBL+WH+Treg+TR+Byz	
9	27	8	NKO	ἀποθανεῖν	apothanein	G0599	V-2AAN	ἀποθνήσκω	to die	to die	NA28+NA27+Tyn+SBL+WH+Treg+TR+Byz	
9	27	9	NKO	μετὰ	meta	G3326	PREP	μετά	with/after	after	NA28+NA27+Tyn+SBL+WH+Treg+TR+Byz	
9	27	10	NKO	δὲ	de	G1161	CONJ	δέ	but/and	then	NA28+NA27+Tyn+SBL+WH+Treg+TR+Byz	
9	27	11	NKO	τοῦτο	touto	G3778	D-ASN	οὗτος	this/he/she/it	this	NA28+NA27+Tyn+SBL+WH+Treg+TR+Byz	
9	27	12	NKO	κρίσις,	krisis	G2920	N-NSF	κρίσις	judgment	[to face] judgment,	NA28+NA27+Tyn+SBL+WH+Treg+TR+Byz	
9	28	1	NKO	οὕτως	houtōs	G3779	ADV	οὕτω, οὕτως	thus(-ly)	so	NA28+NA27+Tyn+SBL+WH+Treg+TR+Byz	
9	28	2	no	καὶ	kai	G2532	CONJ	καί	and	also	NA28+NA27+Tyn+SBL+WH+Treg+Byz	
9	28	3	NKO	ὁ	ho	G3588	T-NSM	ὁ	the/this/who	<the>	NA28+NA27+Tyn+SBL+WH+Treg+TR+Byz	
9	28	4	NKO	Χριστὸς	Christos	G5547	N-NSM-T	Χριστός	Christ	Christ	NA28+NA27+Tyn+SBL+WH+Treg+TR+Byz	
9	28	5	NKO	ἅπαξ	hapax	G0530	ADV	ἅπαξ	once	once	NA28+NA27+Tyn+SBL+WH+Treg+TR+Byz	
9	28	6	NKO	προσενεχθεὶς	prosenechtheis	G4374	V-2APP-NSM	προσφέρω	to bring to	having been offered	NA28+NA27+Tyn+SBL+WH+Treg+TR+Byz	
9	28	7	NKO	εἰς	eis	G1519	PREP	εἰς	toward	in order	NA28+NA27+Tyn+SBL+WH+Treg+TR+Byz	
9	28	8	NKO	τὸ	to	G3588	T-ASN	ὁ	the/this/who	<the>	NA28+NA27+Tyn+SBL+WH+Treg+TR+Byz	
9	28	9	NKO	πολλῶν	pollōn	G4183	A-GPM	πολύς	much	of many	NA28+NA27+Tyn+SBL+WH+Treg+TR+Byz	
9	28	10	NKO	ἀνενεγκεῖν	anenegkein	G0399	V-2AAN	ἀναφέρω	to carry up	to bear	NA28+NA27+Tyn+SBL+WH+Treg+TR+Byz	
9	28	11	NKO	ἁμαρτίας	hamartias	G0266	N-APF	ἁμαρτία	sin	[the] sins	NA28+NA27+Tyn+SBL+WH+Treg+TR+Byz	
9	28	12	NKO	ἐκ	ek	G1537	PREP	ἐκ	out from	for	NA28+NA27+Tyn+SBL+WH+Treg+TR+Byz	
9	28	13	NKO	δευτέρου	deuterou	G1208	A-GSM	δεύτερος	secondly	a second time	NA28+NA27+Tyn+SBL+WH+Treg+TR+Byz	
9	28	14	NKO	χωρὶς	chōris	G5565	PREP	χωρίς	without	apart from	NA28+NA27+Tyn+SBL+WH+Treg+TR+Byz	
9	28	15	NKO	ἁμαρτίας	hamartias	G0266	N-GSF	ἁμαρτία	sin	sin	NA28+NA27+Tyn+SBL+WH+Treg+TR+Byz	
9	28	16	NKO	ὀφθήσεται	ophthēsetai	G3700H	V-FPI-3S	ὁράω	to see	will appear	NA28+NA27+Tyn+SBL+WH+Treg+TR+Byz	
9	28	17	NKO	τοῖς	tois	G3588	T-DPM	ὁ	the/this/who	to those	NA28+NA27+Tyn+SBL+WH+Treg+TR+Byz	
9	28	18	NKO	αὐτὸν	auton	G0846	P-ASM	αὐτός	he/she/it/self	Him	NA28+NA27+Tyn+SBL+WH+Treg+TR+Byz	
9	28	19	NKO	ἀπεκδεχομένοις	apekdechomenois	G0553	V-PNP-DPM	ἀπεκδέχομαι	to expect	awaiting	NA28+NA27+Tyn+SBL+WH+Treg+TR+Byz	
9	28	20	NKO	εἰς	eis	G1519	PREP	εἰς	toward	for	NA28+NA27+Tyn+SBL+WH+Treg+TR+Byz	
9	28	21	NKO	σωτηρίαν.¶	sōtērian	G4991	N-ASF	σωτηρία	salvation	salvation.	NA28+NA27+Tyn+SBL+WH+Treg+TR+Byz	
10	1	1	NKO	Σκιὰν	Skian	G4639	N-ASF	σκιά	shadow	A shadow	NA28+NA27+Tyn+SBL+WH+Treg+TR+Byz	
10	1	2	NKO	γὰρ	gar	G1063	CONJ	γάρ	for	for	NA28+NA27+Tyn+SBL+WH+Treg+TR+Byz	
10	1	3	NKO	ἔχων	echōn	G2192	V-PAP-NSM	ἔχω	to have/be	having	NA28+NA27+Tyn+SBL+WH+Treg+TR+Byz	
10	1	4	NKO	ὁ	ho	G3588	T-NSM	ὁ	the/this/who	the	NA28+NA27+Tyn+SBL+WH+Treg+TR+Byz	
10	1	5	NKO	νόμος	nomos	G3551	N-NSM	νόμος	law	law	NA28+NA27+Tyn+SBL+WH+Treg+TR+Byz	
10	1	6	NKO	τῶν	tōn	G3588	T-GPN	ὁ	the/this/who	of the	NA28+NA27+Tyn+SBL+WH+Treg+TR+Byz	
10	1	7	NKO	μελλόντων	mellontōn	G3195	V-PAP-GPN	μέλλω	to ensue	coming	NA28+NA27+Tyn+SBL+WH+Treg+TR+Byz	
10	1	8	NKO	ἀγαθῶν,	agathōn	G0018	A-GPN	ἀγαθός	good-doer	good things,	NA28+NA27+Tyn+SBL+WH+Treg+TR+Byz	
10	1	9	NKO	οὐκ	ouk	G3756	PRT-N	οὐ	no	not	NA28+NA27+Tyn+SBL+WH+Treg+TR+Byz	
10	1	10	NKO	αὐτὴν	autēn	G0846	P-ASF	αὐτός	he/she/it/self	themselves	NA28+NA27+Tyn+SBL+WH+Treg+TR+Byz	
10	1	11	NKO	τὴν	tēn	G3588	T-ASF	ὁ	the/this/who	the	NA28+NA27+Tyn+SBL+WH+Treg+TR+Byz	
10	1	12	NKO	εἰκόνα	eikona	G1504	N-ASF	εἰκών	image	form	NA28+NA27+Tyn+SBL+WH+Treg+TR+Byz	
10	1	13	NKO	τῶν	tōn	G3588	T-GPN	ὁ	the/this/who	of the	NA28+NA27+Tyn+SBL+WH+Treg+TR+Byz	
10	1	14	NKO	πραγμάτων,	pragmatōn	G4229	N-GPN	πρᾶγμα	thing	things,	NA28+NA27+Tyn+SBL+WH+Treg+TR+Byz	
10	1	15	NKO	κατ᾽	kat᾽	G2596	PREP	κατά	according to	each	NA28+NA27+Tyn+SBL+WH+Treg+TR+Byz	
10	1	16	NKO	ἐνιαυτὸν	eniauton	G1763	N-ASM	ἐνιαυτός	year	year	NA28+NA27+Tyn+SBL+WH+Treg+TR+Byz	
10	1	17	NKO	ταῖς	tais	G3588	T-DPF	ὁ	the/this/who	with the	NA28+NA27+Tyn+SBL+WH+Treg+TR+Byz	
10	1	18	NKO	αὐταῖς	autais	G0846	P-DPF	αὐτός	he/she/it/self	same	NA28+NA27+Tyn+SBL+WH+Treg+TR+Byz	
10	1	19	NKO	θυσίαις	thusiais	G2378	N-DPF	θυσία	sacrifice	sacrifices	NA28+NA27+Tyn+SBL+WH+Treg+TR+Byz	
10	1	20	NKO	ἃς	has	G3739	R-APF	ὅς, ἥ	which	which	NA28+NA27+Tyn+SBL+WH+Treg+TR+Byz	
10	1	21	NKO	προσφέρουσιν	prospherousin	G4374	V-PAI-3P	προσφέρω	to bring to	they offer	NA28+NA27+Tyn+SBL+WH+Treg+TR+Byz	
10	1	22	NKO	εἰς	eis	G1519	PREP	εἰς	toward	to	NA28+NA27+Tyn+SBL+WH+Treg+TR+Byz	
10	1	23	NKO	τὸ	to	G3588	T-ASN	ὁ	the/this/who	the	NA28+NA27+Tyn+SBL+WH+Treg+TR+Byz	
10	1	24	NKO	διηνεκὲς	diēnekes	G1336	A-ASN	διηνεκής	perpetual	continuous	NA28+NA27+Tyn+SBL+WH+Treg+TR+Byz	
10	1	25	NKO	οὐδέποτε	oudepote	G3763	ADV-N	οὐδέποτε	never	never	NA28+NA27+Tyn+SBL+WH+Treg+TR+Byz	
10	1	26	NK(o)	δύναται	dunatai	G1410	V-PNI-3S	δύναμαι	be able	is able	NA28+NA27+SBL+TR	
10	1	27	NKO	τοὺς	tous	G3588	T-APM	ὁ	the/this/who	those	NA28+NA27+Tyn+SBL+WH+Treg+TR+Byz	
10	1	28	NKO	προσερχομένους	proserchomenous	G4334	V-PNP-APM	προσέρχομαι	to come near/agree	drawing near	NA28+NA27+Tyn+SBL+WH+Treg+TR+Byz	
10	1	29	NKO	τελειῶσαι·	teleiōsai	G5048	V-AAN	τελειόω	to perfect	to perfect;	NA28+NA27+Tyn+SBL+WH+Treg+TR+Byz	
10	2	1	NKO	ἐπεὶ	epei	G1893	CONJ	ἐπεί	since	Otherwise	NA28+NA27+Tyn+SBL+WH+Treg+TR+Byz	
10	2	2	NKO	οὐκ	ouk	G3756	PRT-N	οὐ	no	not	NA28+NA27+Tyn+SBL+WH+Treg+TR+Byz	
10	2	3	NKO	ἂν	an	G0302	PRT	ἄν	if	would	NA28+NA27+Tyn+SBL+WH+Treg+TR+Byz	
10	2	4	NKO	ἐπαύσαντο	epausanto	G3973	V-AMI-3P	παύω	to cease	they have ceased	NA28+NA27+Tyn+SBL+WH+Treg+TR+Byz	
10	2	5	NKO	προσφερόμεναι	prospheromenai	G4374	V-PPP-NPF	προσφέρω	to bring to	being offered	NA28+NA27+Tyn+SBL+WH+Treg+TR+Byz	
10	2	6	NKO	διὰ	dia	G1223	PREP	διά	through/because of	because of	NA28+NA27+Tyn+SBL+WH+Treg+TR+Byz	
10	2	7	NKO	τὸ	to	G3588	T-ASN	ὁ	the/this/who	<the>	NA28+NA27+Tyn+SBL+WH+Treg+TR+Byz	
10	2	8	NKO	μηδεμίαν	mēdemian	G3367	A-ASF	μηδείς	nothing	none	NA28+NA27+Tyn+SBL+WH+Treg+TR+Byz	
10	2	9	NKO	ἔχειν	echein	G2192	V-PAN	ἔχω	to have/be	having	NA28+NA27+Tyn+SBL+WH+Treg+TR+Byz	
10	2	10	NKO	ἔτι	eti	G2089	ADV	ἔτι	still	any longer	NA28+NA27+Tyn+SBL+WH+Treg+TR+Byz	
10	2	11	NKO	συνείδησιν	suneidēsin	G4893	N-ASF	συνείδησις	conscience	conscience	NA28+NA27+Tyn+SBL+WH+Treg+TR+Byz	
10	2	12	NKO	ἁμαρτιῶν	hamartiōn	G0266	N-GPF	ἁμαρτία	sin	of sins	NA28+NA27+Tyn+SBL+WH+Treg+TR+Byz	
10	2	13	NKO	τοὺς	tous	G3588	T-APM	ὁ	the/this/who	those	NA28+NA27+Tyn+SBL+WH+Treg+TR+Byz	
10	2	14	NKO	λατρεύοντας	latreuontas	G3000	V-PAP-APM	λατρεύω	to minister	serving	NA28+NA27+Tyn+SBL+WH+Treg+TR+Byz	
10	2	15	NKO	ἅπαξ	hapax	G0530	ADV	ἅπαξ	once	once	NA28+NA27+Tyn+SBL+WH+Treg+TR+Byz	
10	2	16	N(K)O	κεκαθαρισμένους.	kekatharismenous	G2511	V-RPP-APM	καθαρίζω	to clean	cleansed!	NA28+NA27+Tyn+SBL+WH+Treg	
10	3	1	NKO	ἀλλ᾽	all᾽	G0235	CONJ	ἀλλά	but	But	NA28+NA27+Tyn+SBL+WH+Treg+TR+Byz	
10	3	2	NKO	ἐν	en	G1722	PREP	ἐν	in/on/among	in	NA28+NA27+Tyn+SBL+WH+Treg+TR+Byz	
10	3	3	NKO	αὐταῖς	autais	G0846	P-DPF	αὐτός	he/she/it/self	these	NA28+NA27+Tyn+SBL+WH+Treg+TR+Byz	
10	3	4	NKO	ἀνάμνησις	anamnēsis	G0364	N-NSF	ἀνάμνησις	remembrance	[there is] a reminder	NA28+NA27+Tyn+SBL+WH+Treg+TR+Byz	
10	3	5	NKO	ἁμαρτιῶν	hamartiōn	G0266	N-GPF	ἁμαρτία	sin	of sins	NA28+NA27+Tyn+SBL+WH+Treg+TR+Byz	
10	3	6	NKO	κατ᾽	kat᾽	G2596	PREP	κατά	according to	every	NA28+NA27+Tyn+SBL+WH+Treg+TR+Byz	
10	3	7	NKO	ἐνιαυτόν·	eniauton	G1763	N-ASM	ἐνιαυτός	year	year;	NA28+NA27+Tyn+SBL+WH+Treg+TR+Byz	
10	4	1	NKO	ἀδύνατον	adunaton	G0102	A-NSN	ἀδύνατος	unable	Impossible [it is]	NA28+NA27+Tyn+SBL+WH+Treg+TR+Byz	
10	4	2	NKO	γὰρ	gar	G1063	CONJ	γάρ	for	indeed	NA28+NA27+Tyn+SBL+WH+Treg+TR+Byz	
10	4	3	NKO	αἷμα	haima	G0129G	N-ASN	αἷμα	blood	[for the] blood	NA28+NA27+Tyn+SBL+WH+Treg+TR+Byz	
10	4	4	NKO	ταύρων	taurōn	G5022	N-GPM	ταῦρος	bull	of bulls	NA28+NA27+Tyn+SBL+WH+Treg+TR+Byz	
10	4	5	NKO	καὶ	kai	G2532	CONJ	καί	and	and	NA28+NA27+Tyn+SBL+WH+Treg+TR+Byz	
10	4	6	NKO	τράγων	tragōn	G5131	N-GPM	τράγος	he-goat	of goats	NA28+NA27+Tyn+SBL+WH+Treg+TR+Byz	
10	4	7	NKO	ἀφαιρεῖν	aphairein	G0851	V-PAN	ἀφαιρέω	to remove	to take away	NA28+NA27+Tyn+SBL+WH+Treg+TR+Byz	
10	4	8	NKO	ἁμαρτίας.¶	hamartias	G0266	N-APF	ἁμαρτία	sin	sins.	NA28+NA27+Tyn+SBL+WH+Treg+TR+Byz	
10	5	1	NKO	Διὸ	Dio	G1352	CONJ	διό	for	Therefore	NA28+NA27+Tyn+SBL+WH+Treg+TR+Byz	
10	5	2	NKO	εἰσερχόμενος	eiserchomenos	G1525	V-PNP-NSM	εἰσέρχομαι	to enter	coming	NA28+NA27+Tyn+SBL+WH+Treg+TR+Byz	
10	5	3	NKO	εἰς	eis	G1519	PREP	εἰς	toward	into	NA28+NA27+Tyn+SBL+WH+Treg+TR+Byz	
10	5	4	NKO	τὸν	ton	G3588	T-ASM	ὁ	the/this/who	the	NA28+NA27+Tyn+SBL+WH+Treg+TR+Byz	
10	5	5	NKO	κόσμον	kosmon	G2889	N-ASM	κόσμος	world	world	NA28+NA27+Tyn+SBL+WH+Treg+TR+Byz	
10	5	6	NKO	λέγει·	legei	G3004G	V-PAI-3S	λέγω	to speak	He says:	NA28+NA27+Tyn+SBL+WH+Treg+TR+Byz	
10	5	7	NKO	θυσίαν	thusian	G2378	N-ASF	θυσία	sacrifice	Sacrifice	NA28+NA27+Tyn+SBL+WH+Treg+TR+Byz	
10	5	8	NKO	καὶ	kai	G2532	CONJ	καί	and	and	NA28+NA27+Tyn+SBL+WH+Treg+TR+Byz	
10	5	9	NKO	προσφορὰν	prosphoran	G4376	N-ASF	προσφορά	offering	offering	NA28+NA27+Tyn+SBL+WH+Treg+TR+Byz	
10	5	10	NKO	οὐκ	ouk	G3756	PRT-N	οὐ	no	not	NA28+NA27+Tyn+SBL+WH+Treg+TR+Byz	
10	5	11	NKO	ἠθέλησας,	ēthelēsas	G2309	V-AAI-2S	θέλω	to will/desire	You have desired,	NA28+NA27+Tyn+SBL+WH+Treg+TR+Byz	
10	5	12	NKO	σῶμα	sōma	G4983	N-ASN	σῶμα	body	a body	NA28+NA27+Tyn+SBL+WH+Treg+TR+Byz	
10	5	13	NKO	δὲ	de	G1161	CONJ	δέ	but/and	however	NA28+NA27+Tyn+SBL+WH+Treg+TR+Byz	
10	5	14	NKO	κατηρτίσω	katērtisō	G2675	V-AMI-2S	καταρτίζω	to complete	You have prepared	NA28+NA27+Tyn+SBL+WH+Treg+TR+Byz	
10	5	15	NKO	μοι·	moi	G3165	P-1DS	ἐγώ	I/we	me;	NA28+NA27+Tyn+SBL+WH+Treg+TR+Byz	
10	6	1	NKO	ὁλοκαυτώματα	holokautōmata	G3646	N-APN	ὁλοκαύτωμα	burnt offering	Burnt offerings	NA28+NA27+Tyn+SBL+WH+Treg+TR+Byz	
10	6	2	NKO	καὶ	kai	G2532	CONJ	καί	and	and	NA28+NA27+Tyn+SBL+WH+Treg+TR+Byz	
10	6	3	NKO	περὶ	peri	G4012	PREP	περί	about	[offerings] for	NA28+NA27+Tyn+SBL+WH+Treg+TR+Byz	
10	6	4	NKO	ἁμαρτίας	hamartias	G0266	N-GSF	ἁμαρτία	sin	sin	NA28+NA27+Tyn+SBL+WH+Treg+TR+Byz	
10	6	5	NKO	οὐκ	ouk	G3756	PRT-N	οὐ	no	not	NA28+NA27+Tyn+SBL+WH+Treg+TR+Byz	
10	6	6	NKO	εὐδόκησας·	eudokēsas	G2106	V-AAI-2S	εὐδοκέω	to delight	You have delighted in;	NA28+NA27+Tyn+SBL+WH+Treg+TR+Byz	
10	7	1	NKO	τότε	tote	G5119	ADV	τότε	then	Then	NA28+NA27+Tyn+SBL+WH+Treg+TR+Byz	
10	7	2	NKO	εἶπον·	eipon	G2036	V-2AAI-1S	ἔπω, ἐρῶ, εἶπον	to say	I said;	NA28+NA27+Tyn+SBL+WH+Treg+TR+Byz	
10	7	3	NKO	ἰδοὺ	idou	G2400	INJ	ἰδού	look!	Behold	NA28+NA27+Tyn+SBL+WH+Treg+TR+Byz	
10	7	4	NKO	ἥκω,	hēkō	G2240	V-PAI-1S	ἥκω	to come/be present	I have come —	NA28+NA27+Tyn+SBL+WH+Treg+TR+Byz	
10	7	5	NKO	ἐν	en	G1722	PREP	ἐν	in/on/among	in	NA28+NA27+Tyn+SBL+WH+Treg+TR+Byz	
10	7	6	NKO	κεφαλίδι	kephalidi	G2777	N-DSF	κεφαλίς	scroll	[the] scroll	NA28+NA27+Tyn+SBL+WH+Treg+TR+Byz	
10	7	7	NKO	βιβλίου	bibliou	G0975	N-GSN	βιβλίον	scroll	of [the] book	NA28+NA27+Tyn+SBL+WH+Treg+TR+Byz	
10	7	8	NKO	γέγραπται	gegraptai	G1125	V-RPI-3S	γράφω	to write	it has been written	NA28+NA27+Tyn+SBL+WH+Treg+TR+Byz	
10	7	9	NKO	περὶ	peri	G4012	PREP	περί	about	of	NA28+NA27+Tyn+SBL+WH+Treg+TR+Byz	
10	7	10	NKO	ἐμοῦ,	emou	G1473	S-1SGSN	ἐγώ	I/we	Me —	NA28+NA27+Tyn+SBL+WH+Treg+TR+Byz	
10	7	11	NKO	τοῦ	tou	G3588	T-GSN	ὁ	the/this/who	<the>	NA28+NA27+Tyn+SBL+WH+Treg+TR+Byz	
10	7	12	NKO	ποιῆσαι,	poiēsai	G4160G	V-AAN	ποιέω	to do/make	to do,	NA28+NA27+Tyn+SBL+WH+Treg+TR+Byz	
10	7	13	NKO	ὁ	ho	G3588	T-VSM	ὁ	the/this/who	O	NA28+NA27+Tyn+SBL+WH+Treg+TR+Byz	
10	7	14	NKO	θεός,	theos	G2316	N-VSM-T	θεός	God	God,	NA28+NA27+Tyn+SBL+WH+Treg+TR+Byz	
10	7	15	NKO	τὸ	to	G3588	T-ASN	ὁ	the/this/who	the	NA28+NA27+Tyn+SBL+WH+Treg+TR+Byz	
10	7	16	NKO	θέλημά	thelēma	G2307	N-ASN	θέλημα	will/desire	will	NA28+NA27+Tyn+SBL+WH+Treg+TR+Byz	
10	7	17	NKO	σου.	sou	G4771	P-2GS	σύ	you	of You.	NA28+NA27+Tyn+SBL+WH+Treg+TR+Byz	
10	8	1	NKO	ἀνώτερον	anōteron	G0511	A-ASN-C	ἀνώτερος	higher	Above	NA28+NA27+Tyn+SBL+WH+Treg+TR+Byz	
10	8	2	NKO	λέγων	legōn	G3004G	V-PAP-NSM	λέγω	to speak	saying	NA28+NA27+Tyn+SBL+WH+Treg+TR+Byz	
10	8	3	NKO	ὅτι	hoti	G3754G	CONJ	ὅτι	that/since	that	NA28+NA27+Tyn+SBL+WH+Treg+TR+Byz	
10	8	4	N(K)O	θυσίας	thusias	G2378	N-APF	θυσία	sacrifice	sacrifices	NA28+NA27+Tyn+SBL+WH+Treg	
10	8	5	NKO	καὶ	kai	G2532	CONJ	καί	and	and	NA28+NA27+Tyn+SBL+WH+Treg+TR+Byz	
10	8	6	N(K)O	προσφορὰς	prosphoras	G4376	N-APF	προσφορά	offering	offerings	NA28+NA27+Tyn+SBL+WH+Treg	
10	8	7	NKO	καὶ	kai	G2532	CONJ	καί	and	and	NA28+NA27+Tyn+SBL+WH+Treg+TR+Byz	
10	8	8	NKO	ὁλοκαυτώματα	holokautōmata	G3646	N-APN	ὁλοκαύτωμα	burnt offering	burnt offerings	NA28+NA27+Tyn+SBL+WH+Treg+TR+Byz	
10	8	9	NKO	καὶ	kai	G2532	CONJ	καί	and	and	NA28+NA27+Tyn+SBL+WH+Treg+TR+Byz	
10	8	10	NKO	περὶ	peri	G4012	PREP	περί	about	[offerings] for	NA28+NA27+Tyn+SBL+WH+Treg+TR+Byz	
10	8	11	NKO	ἁμαρτίας	hamartias	G0266	N-GSF	ἁμαρτία	sin	sin	NA28+NA27+Tyn+SBL+WH+Treg+TR+Byz	
10	8	12	NKO	οὐκ	ouk	G3756	PRT-N	οὐ	no	not	NA28+NA27+Tyn+SBL+WH+Treg+TR+Byz	
10	8	13	NKO	ἠθέλησας	ēthelēsas	G2309	V-AAI-2S	θέλω	to will/desire	You have desired	NA28+NA27+Tyn+SBL+WH+Treg+TR+Byz	
10	8	14	NKO	οὐδὲ	oude	G3761	CONJ-N	οὐδέ	and not	nor	NA28+NA27+Tyn+SBL+WH+Treg+TR+Byz	
10	8	15	NKO	εὐδόκησας,	eudokēsas	G2106	V-AAI-2S	εὐδοκέω	to delight	You delighted in,	NA28+NA27+Tyn+SBL+WH+Treg+TR+Byz	
10	8	16	NKO	αἵτινες	aitines	G3748	R-NPF	ὅστις	who/which	which	NA28+NA27+Tyn+SBL+WH+Treg+TR+Byz	
10	8	17	NKO	κατὰ	kata	G2596	PREP	κατά	according to	according to	NA28+NA27+Tyn+SBL+WH+Treg+TR+Byz	
10	8	18	k	τόν	ton	G3588	T-ASM	ὁ	the/this/who	the	TR+Byz	
10	8	19	NKO	νόμον	nomon	G3551	N-ASM	νόμος	law	Law	NA28+NA27+Tyn+SBL+WH+Treg+TR+Byz	
10	8	20	NKO	προσφέρονται,	prospherontai	G4374	V-PPI-3P	προσφέρω	to bring to	are offered,	NA28+NA27+Tyn+SBL+WH+Treg+TR+Byz	
10	9	1	NKO	τότε	tote	G5119	ADV	τότε	then	then	NA28+NA27+Tyn+SBL+WH+Treg+TR+Byz	
10	9	2	NKO	εἴρηκεν·	eirēken	G2046	V-RAI-3S	ἔπω, ἐρῶ, εἶπον	to say	He has said;	NA28+NA27+Tyn+SBL+WH+Treg+TR+Byz	
10	9	3	NKO	ἰδοὺ	idou	G2400	INJ	ἰδού	look!	Behold	NA28+NA27+Tyn+SBL+WH+Treg+TR+Byz	
10	9	4	NKO	ἥκω	hēkō	G2240	V-PAI-1S	ἥκω	to come/be present	I have come	NA28+NA27+Tyn+SBL+WH+Treg+TR+Byz	
10	9	5	NKO	τοῦ	tou	G3588	T-GSN	ὁ	the/this/who	<the>	NA28+NA27+Tyn+SBL+WH+Treg+TR+Byz	
10	9	6	NKO	ποιῆσαι	poiēsai	G4160G	V-AAN	ποιέω	to do/make	to do	NA28+NA27+Tyn+SBL+WH+Treg+TR+Byz	
10	9	7	K	ὁ	ho	G3588	T-NSM	ὁ	the/this/who	of the	TR+Byz	
10	9	8	K	θεός	theos	G2316	N-NSM-T	θεός	God	God	TR+Byz	
10	9	9	NKO	τὸ	to	G3588	T-ASN	ὁ	the/this/who	the	NA28+NA27+Tyn+SBL+WH+Treg+TR+Byz	
10	9	10	NKO	θέλημά	thelēma	G2307	N-ASN	θέλημα	will/desire	will	NA28+NA27+Tyn+SBL+WH+Treg+TR+Byz	
10	9	11	NKO	σου.	sou	G4771	P-2GS	σύ	you	of You.	NA28+NA27+Tyn+SBL+WH+Treg+TR+Byz	
10	9	12	NKO	ἀναιρεῖ	anairei	G0337	V-PAI-3S	ἀναιρέω	to do away with	He takes away	NA28+NA27+Tyn+SBL+WH+Treg+TR+Byz	
10	9	13	NKO	τὸ	to	G3588	T-ASN	ὁ	the/this/who	the	NA28+NA27+Tyn+SBL+WH+Treg+TR+Byz	
10	9	14	NKO	πρῶτον	prōton	G4413G	A-ASN	πρῶτος	first	first	NA28+NA27+Tyn+SBL+WH+Treg+TR+Byz	
10	9	15	NKO	ἵνα	ina	G2443	CONJ	ἵνα	in order that/to	that	NA28+NA27+Tyn+SBL+WH+Treg+TR+Byz	
10	9	16	NKO	τὸ	to	G3588	T-ASN	ὁ	the/this/who	the	NA28+NA27+Tyn+SBL+WH+Treg+TR+Byz	
10	9	17	NKO	δεύτερον	deuteron	G1208	A-ASN	δεύτερος	secondly	second	NA28+NA27+Tyn+SBL+WH+Treg+TR+Byz	
10	9	18	NKO	στήσῃ·	stēsē	G2476	V-AAS-3S	ἵστημι	to stand	He may establish;	NA28+NA27+Tyn+SBL+WH+Treg+TR+Byz	
10	10	1	NKO	ἐν	en	G1722	PREP	ἐν	in/on/among	By	NA28+NA27+Tyn+SBL+WH+Treg+TR+Byz	
10	10	2	NKO	ᾧ	hō	G3739	R-DSN	ὅς, ἥ	which	that	NA28+NA27+Tyn+SBL+WH+Treg+TR+Byz	
10	10	3	NKO	θελήματι	thelēmati	G2307	N-DSN	θέλημα	will/desire	will	NA28+NA27+Tyn+SBL+WH+Treg+TR+Byz	
10	10	4	NKO	ἡγιασμένοι	hēgiasmenoi	G0037	V-RPP-NPM	ἁγιάζω	to sanctify	sanctified	NA28+NA27+Tyn+SBL+WH+Treg+TR+Byz	
10	10	5	NKO	ἐσμὲν	esmen	G1510	V-PAI-1P	εἰμί	to be	we are	NA28+NA27+Tyn+SBL+WH+Treg+TR+Byz	
10	10	6	k	οἱ	hoi	G3588	T-NPM	ὁ	the/this/who	<the>	TR+Byz	
10	10	7	NKO	διὰ	dia	G1223	PREP	διά	through/because of	through	NA28+NA27+Tyn+SBL+WH+Treg+TR+Byz	
10	10	8	NKO	τῆς	tēs	G3588	T-GSF	ὁ	the/this/who	the	NA28+NA27+Tyn+SBL+WH+Treg+TR+Byz	
10	10	9	NKO	προσφορᾶς	prosphoras	G4376	N-GSF	προσφορά	offering	offering	NA28+NA27+Tyn+SBL+WH+Treg+TR+Byz	
10	10	10	NKO	τοῦ	tou	G3588	T-GSN	ὁ	the/this/who	of the	NA28+NA27+Tyn+SBL+WH+Treg+TR+Byz	
10	10	11	NKO	σώματος	sōmatos	G4983	N-GSN	σῶμα	body	body	NA28+NA27+Tyn+SBL+WH+Treg+TR+Byz	
10	10	12	k	τοῦ	tou	G3588	T-GSM	ὁ	the/this/who	<the>	TR	
10	10	13	NKO	Ἰησοῦ	Iēsou	G2424G	N-GSM-P	Ἰησοῦς	Jesus/Joshua	of Jesus	NA28+NA27+Tyn+SBL+WH+Treg+TR+Byz	
10	10	14	NKO	Χριστοῦ	Christou	G5547	N-GSM-T	Χριστός	Christ	Christ	NA28+NA27+Tyn+SBL+WH+Treg+TR+Byz	
10	10	15	NKO	ἐφάπαξ.¶	ephapax	G2178	ADV	ἐφάπαξ	once/at once	once for all.	NA28+NA27+Tyn+SBL+WH+Treg+TR+Byz	
10	11	1	NKO	Καὶ	Kai	G2532	CONJ	καί	and	And	NA28+NA27+Tyn+SBL+WH+Treg+TR+Byz	
10	11	2	NKO	πᾶς	pas	G3956	A-NSM	πᾶς	all	every	NA28+NA27+Tyn+SBL+WH+Treg+TR+Byz	
10	11	3	NKO	μὲν	men	G3303	PRT	μέν	on one hand	indeed	NA28+NA27+Tyn+SBL+WH+Treg+TR+Byz	
10	11	4	NKO	ἱερεὺς	hi'ereus	G2409	N-NSM	ἱερεύς	priest	priest	NA28+NA27+Tyn+SBL+WH+Treg+TR+Byz	
10	11	5	NKO	ἕστηκεν	hestēken	G2476	V-RAI-3S	ἵστημι	to stand	has stood	NA28+NA27+Tyn+SBL+WH+Treg+TR+Byz	
10	11	6	NKO	καθ᾽	kath᾽	G2596	PREP	κατά	according to	every	NA28+NA27+Tyn+SBL+WH+Treg+TR+Byz	
10	11	7	NKO	ἡμέραν	hēmeran	G2250	N-ASF	ἡμέρα	day	day	NA28+NA27+Tyn+SBL+WH+Treg+TR+Byz	
10	11	8	NKO	λειτουργῶν	leitourgōn	G3008	V-PAP-NSM	λειτουργέω	to minister	ministering	NA28+NA27+Tyn+SBL+WH+Treg+TR+Byz	
10	11	9	NKO	καὶ	kai	G2532	CONJ	καί	and	and	NA28+NA27+Tyn+SBL+WH+Treg+TR+Byz	
10	11	10	NKO	τὰς	tas	G3588	T-APF	ὁ	the/this/who	the	NA28+NA27+Tyn+SBL+WH+Treg+TR+Byz	
10	11	11	NKO	αὐτὰς	autas	G0846	P-APF	αὐτός	he/she/it/self	same	NA28+NA27+Tyn+SBL+WH+Treg+TR+Byz	
10	11	12	NKO	πολλάκις	pollakis	G4178	ADV	πολλάκις	often	repeatedly	NA28+NA27+Tyn+SBL+WH+Treg+TR+Byz	
10	11	13	NKO	προσφέρων	prospherōn	G4374	V-PAP-NSM	προσφέρω	to bring to	offering	NA28+NA27+Tyn+SBL+WH+Treg+TR+Byz	
10	11	14	NKO	θυσίας,	thusias	G2378	N-APF	θυσία	sacrifice	sacrifices,	NA28+NA27+Tyn+SBL+WH+Treg+TR+Byz	
10	11	15	NKO	αἵτινες	aitines	G3748	R-NPF	ὅστις	who/which	which	NA28+NA27+Tyn+SBL+WH+Treg+TR+Byz	
10	11	16	NKO	οὐδέποτε	oudepote	G3763	ADV-N	οὐδέποτε	never	never	NA28+NA27+Tyn+SBL+WH+Treg+TR+Byz	
10	11	17	NKO	δύνανται	dunantai	G1410	V-PNI-3P	δύναμαι	be able	are able	NA28+NA27+Tyn+SBL+WH+Treg+TR+Byz	
10	11	18	NKO	περιελεῖν	perielein	G4014	V-2AAN	περιαιρέω	to take away	to take away	NA28+NA27+Tyn+SBL+WH+Treg+TR+Byz	
10	11	19	NKO	ἁμαρτίας·	hamartias	G0266	N-APF	ἁμαρτία	sin	sins;	NA28+NA27+Tyn+SBL+WH+Treg+TR+Byz	
10	12	1	N(k)O	οὗτος	houtos	G3778	D-NSM	οὗτος	this/he/she/it	This [One]	NA28+NA27+Tyn+SBL+WH+Treg	
10	12	2	NKO	δὲ	de	G1161	CONJ	δέ	but/and	however	NA28+NA27+Tyn+SBL+WH+Treg+TR+Byz	
10	12	3	NKO	μίαν	mian	G1520	A-ASF	εἷς	one	one	NA28+NA27+Tyn+SBL+WH+Treg+TR+Byz	
10	12	4	NKO	ὑπὲρ	huper	G5228	PREP	ὑπέρ	above/for	for	NA28+NA27+Tyn+SBL+WH+Treg+TR+Byz	
10	12	5	NKO	ἁμαρτιῶν	hamartiōn	G0266	N-GPF	ἁμαρτία	sin	sins	NA28+NA27+Tyn+SBL+WH+Treg+TR+Byz	
10	12	6	NKO	προσενέγκας	prosenegkas	G4374	V-2AAP-NSM	προσφέρω	to bring to	having offered	NA28+NA27+Tyn+SBL+WH+Treg+TR+Byz	
10	12	7	NKO	θυσίαν	thusian	G2378	N-ASF	θυσία	sacrifice	sacrifice	NA28+NA27+Tyn+SBL+WH+Treg+TR+Byz	
10	12	8	NKO	εἰς	eis	G1519	PREP	εἰς	toward	in	NA28+NA27+Tyn+SBL+WH+Treg+TR+Byz	
10	12	9	NKO	τὸ	to	G3588	T-ASN	ὁ	the/this/who	<the>	NA28+NA27+Tyn+SBL+WH+Treg+TR+Byz	
10	12	10	NKO	διηνεκὲς	diēnekes	G1336	A-ASN	διηνεκής	perpetual	perpetuity	NA28+NA27+Tyn+SBL+WH+Treg+TR+Byz	
10	12	11	NKO	ἐκάθισεν	ekathisen	G2523	V-AAI-3S	καθίζω	to seat	sat down	NA28+NA27+Tyn+SBL+WH+Treg+TR+Byz	
10	12	12	NKO	ἐν	en	G1722	PREP	ἐν	in/on/among	at	NA28+NA27+Tyn+SBL+WH+Treg+TR+Byz	
10	12	13	NKO	δεξιᾷ	dexia	G1188	A-DSF	δεξιός	right	[the] right hand	NA28+NA27+Tyn+SBL+WH+Treg+TR+Byz	
10	12	14	NKO	τοῦ	tou	G3588	T-GSM	ὁ	the/this/who	<the>	NA28+NA27+Tyn+SBL+WH+Treg+TR+Byz	
10	12	15	NKO	θεοῦ,	theou	G2316	N-GSM-T	θεός	God	of God,	NA28+NA27+Tyn+SBL+WH+Treg+TR+Byz	
10	13	1	NKO	τὸ	to	G3588	T-ASN	ὁ	the/this/who	the	NA28+NA27+Tyn+SBL+WH+Treg+TR+Byz	
10	13	2	NKO	λοιπὸν	loipon	G3063	A-ASN	λοιπόν	henceforth	henceforth	NA28+NA27+Tyn+SBL+WH+Treg+TR+Byz	
10	13	3	NKO	ἐκδεχόμενος	ekdechomenos	G1551	V-PNP-NSM	ἐκδέχομαι	to wait for	awaiting	NA28+NA27+Tyn+SBL+WH+Treg+TR+Byz	
10	13	4	NKO	ἕως	he'ōs	G2193	PREP	ἕως	until	until	NA28+NA27+Tyn+SBL+WH+Treg+TR+Byz	
10	13	5	NKO	τεθῶσιν	tethōsin	G5087	V-APS-3P	τίθημι	to place	may be placed	NA28+NA27+Tyn+SBL+WH+Treg+TR+Byz	
10	13	6	NKO	οἱ	hoi	G3588	T-NPM	ὁ	the/this/who	the	NA28+NA27+Tyn+SBL+WH+Treg+TR+Byz	
10	13	7	NKO	ἐχθροὶ	echthroi	G2190	N-NPM	ἐχθρός	enemy	enemies	NA28+NA27+Tyn+SBL+WH+Treg+TR+Byz	
10	13	8	NKO	αὐτοῦ	autou	G0846	P-GSM	αὐτός	he/she/it/self	of Him	NA28+NA27+Tyn+SBL+WH+Treg+TR+Byz	
10	13	9	NKO	ὑποπόδιον	hupopodion	G5286	N-NSN	ὑποπόδιον	footstool	[as] a footstool	NA28+NA27+Tyn+SBL+WH+Treg+TR+Byz	
10	13	10	NKO	τῶν	tōn	G3588	T-GPM	ὁ	the/this/who	for the	NA28+NA27+Tyn+SBL+WH+Treg+TR+Byz	
10	13	11	NKO	ποδῶν	podōn	G4228	N-GPM	πούς	foot	feet	NA28+NA27+Tyn+SBL+WH+Treg+TR+Byz	
10	13	12	NKO	αὐτοῦ.	autou	G0846	P-GSM	αὐτός	he/she/it/self	of Him.	NA28+NA27+Tyn+SBL+WH+Treg+TR+Byz	
10	14	1	NKO	μιᾷ	mia	G1520	A-DSF	εἷς	one	By one	NA28+NA27+Tyn+SBL+WH+Treg+TR+Byz	
10	14	2	NKO	γὰρ	gar	G1063	CONJ	γάρ	for	for	NA28+NA27+Tyn+SBL+WH+Treg+TR+Byz	
10	14	3	NKO	προσφορᾷ	prosphora	G4376	N-DSF	προσφορά	offering	offering	NA28+NA27+Tyn+SBL+WH+Treg+TR+Byz	
10	14	4	NKO	τετελείωκεν	teteleiōken	G5048	V-RAI-3S	τελειόω	to perfect	He has perfected	NA28+NA27+Tyn+SBL+WH+Treg+TR+Byz	
10	14	5	NKO	εἰς	eis	G1519	PREP	εἰς	toward	for	NA28+NA27+Tyn+SBL+WH+Treg+TR+Byz	
10	14	6	NKO	τὸ	to	G3588	T-ASN	ὁ	the/this/who	<the>	NA28+NA27+Tyn+SBL+WH+Treg+TR+Byz	
10	14	7	NKO	διηνεκὲς	diēnekes	G1336	A-ASN	διηνεκής	perpetual	all time	NA28+NA27+Tyn+SBL+WH+Treg+TR+Byz	
10	14	8	NKO	τοὺς	tous	G3588	T-APM	ὁ	the/this/who	those	NA28+NA27+Tyn+SBL+WH+Treg+TR+Byz	
10	14	9	NKO	ἁγιαζομένους.	hagiazomenous	G0037	V-PPP-APM	ἁγιάζω	to sanctify	being sanctified.	NA28+NA27+Tyn+SBL+WH+Treg+TR+Byz	
10	15	1	NKO	μαρτυρεῖ	marturei	G3140	V-PAI-3S	μαρτυρέω	to testify	Bears witness	NA28+NA27+Tyn+SBL+WH+Treg+TR+Byz	
10	15	2	NKO	δὲ	de	G1161	CONJ	δέ	but/and	now	NA28+NA27+Tyn+SBL+WH+Treg+TR+Byz	
10	15	3	NKO	ἡμῖν	hēmin	G3165	P-1DP	ἐγώ	I/we	to us	NA28+NA27+Tyn+SBL+WH+Treg+TR+Byz	
10	15	4	NKO	καὶ	kai	G2532	CONJ	καί	and	also	NA28+NA27+Tyn+SBL+WH+Treg+TR+Byz	
10	15	5	NKO	τὸ	to	G3588	T-NSN	ὁ	the/this/who	the	NA28+NA27+Tyn+SBL+WH+Treg+TR+Byz	
10	15	6	NKO	πνεῦμα	pneuma	G4151G	N-NSN	πνεῦμα	spirit/breath	Spirit	NA28+NA27+Tyn+SBL+WH+Treg+TR+Byz	
10	15	7	NKO	τὸ	to	G3588	T-NSN	ὁ	the/this/who	<the>	NA28+NA27+Tyn+SBL+WH+Treg+TR+Byz	
10	15	8	NKO	ἅγιον·	hagion	G0040G	A-NSN	ἅγιος	holy	Holy;	NA28+NA27+Tyn+SBL+WH+Treg+TR+Byz	
10	15	9	NKO	μετὰ	meta	G3326	PREP	μετά	with/after	after	NA28+NA27+Tyn+SBL+WH+Treg+TR+Byz	
10	15	10	NKO	γὰρ	gar	G1063	CONJ	γάρ	for	for	NA28+NA27+Tyn+SBL+WH+Treg+TR+Byz	
10	15	11	NKO	τὸ	to	G3588	T-ASN	ὁ	the/this/who	<the>	NA28+NA27+Tyn+SBL+WH+Treg+TR+Byz	
10	15	12	N(K)O	εἰρηκέναι·	eirēkenai	G2046	V-RAN	ἔπω, ἐρῶ, εἶπον	to say	to have said:	NA28+NA27+Tyn+SBL+WH+Treg	
10	16	1	NKO	αὕτη	hautē	G3778	D-NSF	οὗτος	this/he/she/it	This [is]	NA28+NA27+Tyn+SBL+WH+Treg+TR+Byz	
10	16	2	NKO	ἡ	hē	G3588	T-NSF	ὁ	the/this/who	the	NA28+NA27+Tyn+SBL+WH+Treg+TR+Byz	
10	16	3	NKO	διαθήκη	diathēkē	G1242	N-NSF	διαθήκη	covenant	covenant	NA28+NA27+Tyn+SBL+WH+Treg+TR+Byz	
10	16	4	NKO	ἣν	hēn	G3739	R-ASF	ὅς, ἥ	which	that	NA28+NA27+Tyn+SBL+WH+Treg+TR+Byz	
10	16	5	NKO	διαθήσομαι	diathēsomai	G1303	V-FDI-1S	διατίθημι	to make a covenant	I will make	NA28+NA27+Tyn+SBL+WH+Treg+TR+Byz	
10	16	6	NKO	πρὸς	pros	G4314	PREP	πρός	to/with	with	NA28+NA27+Tyn+SBL+WH+Treg+TR+Byz	
10	16	7	NKO	αὐτοὺς	autous	G0846	P-APM	αὐτός	he/she/it/self	them	NA28+NA27+Tyn+SBL+WH+Treg+TR+Byz	
10	16	8	NKO	μετὰ	meta	G3326	PREP	μετά	with/after	after	NA28+NA27+Tyn+SBL+WH+Treg+TR+Byz	
10	16	9	NKO	τὰς	tas	G3588	T-APF	ὁ	the/this/who	the	NA28+NA27+Tyn+SBL+WH+Treg+TR+Byz	
10	16	10	NKO	ἡμέρας	hēmeras	G2250	N-APF	ἡμέρα	day	days	NA28+NA27+Tyn+SBL+WH+Treg+TR+Byz	
10	16	11	NKO	ἐκείνας,	ekeinas	G1565	D-APF	ἐκεῖνος	that	those,	NA28+NA27+Tyn+SBL+WH+Treg+TR+Byz	
10	16	12	NKO	λέγει	legei	G3004G	V-PAI-3S	λέγω	to speak	says	NA28+NA27+Tyn+SBL+WH+Treg+TR+Byz	
10	16	13	NKO	κύριος,	kurios	G2962G	N-NSM-T	κύριος	lord	[the] Lord,	NA28+NA27+Tyn+SBL+WH+Treg+TR+Byz	
10	16	14	NKO	διδοὺς	didous	G1325	V-PAP-NSM	δίδωμι	to give	putting	NA28+NA27+Tyn+SBL+WH+Treg+TR+Byz	
10	16	15	NKO	νόμους	nomous	G3551	N-APM	νόμος	law	[the] laws	NA28+NA27+Tyn+SBL+WH+Treg+TR+Byz	
10	16	16	NKO	μου	mou	G3165	P-1GS	ἐγώ	I/we	of Mine	NA28+NA27+Tyn+SBL+WH+Treg+TR+Byz	
10	16	17	NKO	ἐπὶ	epi	G1909	PREP	ἐπί	upon/to/against	into	NA28+NA27+Tyn+SBL+WH+Treg+TR+Byz	
10	16	18	NKO	καρδίας	kardias	G2588	N-APF	καρδία	heart	[the] hearts	NA28+NA27+Tyn+SBL+WH+Treg+TR+Byz	
10	16	19	NKO	αὐτῶν	autōn	G0846	P-GPM	αὐτός	he/she/it/self	of them	NA28+NA27+Tyn+SBL+WH+Treg+TR+Byz	
10	16	20	NKO	καὶ	kai	G2532	CONJ	καί	and	and	NA28+NA27+Tyn+SBL+WH+Treg+TR+Byz	
10	16	21	NKO	ἐπὶ	epi	G1909	PREP	ἐπί	upon/to/against	into	NA28+NA27+Tyn+SBL+WH+Treg+TR+Byz	
10	16	22	N(k)O	τὴν	tēn	G3588	T-ASF	ὁ	the/this/who	the	NA28+NA27+Tyn+SBL+WH+Treg	
10	16	23	N(k)O	διάνοιαν	dianoian	G1271	N-ASF	διάνοια	mind	mind	NA28+NA27+Tyn+SBL+WH+Treg	
10	16	24	NKO	αὐτῶν	autōn	G0846	P-GPM	αὐτός	he/she/it/self	of them	NA28+NA27+Tyn+SBL+WH+Treg+TR+Byz	
10	16	25	NKO	ἐπιγράψω	epigrapsō	G1924	V-FAI-1S	ἐπιγράφω	to write on	I will inscribe	NA28+NA27+Tyn+SBL+WH+Treg+TR+Byz	
10	16	26	NKO	αὐτούς·	autous	G0846	P-APM	αὐτός	he/she/it/self	them;	NA28+NA27+Tyn+SBL+WH+Treg+TR+Byz	
10	17	1	NKO	καὶ	kai	G2532	CONJ	καί	and	and	NA28+NA27+Tyn+SBL+WH+Treg+TR+Byz	
10	17	2	NKO	τῶν	tōn	G3588	T-GPF	ὁ	the/this/who	The	NA28+NA27+Tyn+SBL+WH+Treg+TR+Byz	
10	17	3	NKO	ἁμαρτιῶν	hamartiōn	G0266	N-GPF	ἁμαρτία	sin	sins	NA28+NA27+Tyn+SBL+WH+Treg+TR+Byz	
10	17	4	NKO	αὐτῶν	autōn	G0846	P-GPM	αὐτός	he/she/it/self	of them	NA28+NA27+Tyn+SBL+WH+Treg+TR+Byz	
10	17	5	NKO	καὶ	kai	G2532	CONJ	καί	and	and	NA28+NA27+Tyn+SBL+WH+Treg+TR+Byz	
10	17	6	NKO	τῶν	tōn	G3588	T-GPF	ὁ	the/this/who	the	NA28+NA27+Tyn+SBL+WH+Treg+TR+Byz	
10	17	7	NKO	ἀνομιῶν	anomiōn	G0458	N-GPF	ἀνομία	lawlessness	lawless acts	NA28+NA27+Tyn+SBL+WH+Treg+TR+Byz	
10	17	8	NKO	αὐτῶν	autōn	G0846	P-GPM	αὐτός	he/she/it/self	of them	NA28+NA27+Tyn+SBL+WH+Treg+TR+Byz	
10	17	9	NKO	οὐ	ou	G3756	PRT-N	οὐ	no	certainly	NA28+NA27+Tyn+SBL+WH+Treg+TR+Byz	
10	17	10	NKO	μὴ	mē	G3361	PRT-N	μή	not	not	NA28+NA27+Tyn+SBL+WH+Treg+TR+Byz	
10	17	11	N(k)O	μνησθήσομαι	mnēsthēsomai	G3403	V-FPI-1S	μιμνήσκω	to remember	will I remember	NA28+NA27+Tyn+SBL+WH+Treg	
10	17	12	NKO	ἔτι.	eti	G2089	ADV	ἔτι	still	any more.	NA28+NA27+Tyn+SBL+WH+Treg+TR+Byz	
10	18	1	NKO	ὅπου	hopou	G3699	CONJ	ὅπου	where(-ever)	Where	NA28+NA27+Tyn+SBL+WH+Treg+TR+Byz	
10	18	2	NKO	δὲ	de	G1161	CONJ	δέ	but/and	now	NA28+NA27+Tyn+SBL+WH+Treg+TR+Byz	
10	18	3	NKO	ἄφεσις	aphesis	G0859	N-NSF	ἄφεσις	forgiveness	forgiveness	NA28+NA27+Tyn+SBL+WH+Treg+TR+Byz	
10	18	4	NKO	τούτων,	toutōn	G3778	D-GPF	οὗτος	this/he/she/it	of these [is],	NA28+NA27+Tyn+SBL+WH+Treg+TR+Byz	
10	18	5	NKO	οὐκέτι	ouketi	G3756	PRT-N + G2089=ADV	οὐ	no + ἔτι=still	no longer	NA28+NA27+Tyn+SBL+WH+Treg+TR+Byz	
10	18	6	NKO	προσφορὰ	prosphora	G4376	N-NSF	προσφορά	offering	an offering	NA28+NA27+Tyn+SBL+WH+Treg+TR+Byz	
10	18	7	NKO	περὶ	peri	G4012	PREP	περί	about	for	NA28+NA27+Tyn+SBL+WH+Treg+TR+Byz	
10	18	8	NKO	ἁμαρτίας.¶	hamartias	G0266	N-GSF	ἁμαρτία	sin	sin.	NA28+NA27+Tyn+SBL+WH+Treg+TR+Byz	
10	19	1	NKO	Ἔχοντες	Echontes	G2192	V-PAP-NPM	ἔχω	to have/be	Having	NA28+NA27+Tyn+SBL+WH+Treg+TR+Byz	
10	19	2	NKO	οὖν,	oun	G3767	CONJ	οὖν	therefore/then	therefore,	NA28+NA27+Tyn+SBL+WH+Treg+TR+Byz	
10	19	3	NKO	ἀδελφοί,	adelphoi	G0080	N-VPM	ἀδελφός	brother	brothers,	NA28+NA27+Tyn+SBL+WH+Treg+TR+Byz	
10	19	4	NKO	παρρησίαν	parrēsian	G3954	N-ASF	παρρησία	boldness	confidence	NA28+NA27+Tyn+SBL+WH+Treg+TR+Byz	
10	19	5	NKO	εἰς	eis	G1519	PREP	εἰς	toward	for	NA28+NA27+Tyn+SBL+WH+Treg+TR+Byz	
10	19	6	NKO	τὴν	tēn	G3588	T-ASF	ὁ	the/this/who	the	NA28+NA27+Tyn+SBL+WH+Treg+TR+Byz	
10	19	7	NKO	εἴσοδον	eisodon	G1529	N-ASF	εἴσοδος	entry	entering	NA28+NA27+Tyn+SBL+WH+Treg+TR+Byz	
10	19	8	NKO	τῶν	tōn	G3588	T-GPN	ὁ	the/this/who	to the	NA28+NA27+Tyn+SBL+WH+Treg+TR+Byz	
10	19	9	NKO	ἁγίων	hagiōn	G0039G	A-GPN	ἅγιος	holy	Holy [Places]	NA28+NA27+Tyn+SBL+WH+Treg+TR+Byz	
10	19	10	NKO	ἐν	en	G1722	PREP	ἐν	in/on/among	by	NA28+NA27+Tyn+SBL+WH+Treg+TR+Byz	
10	19	11	NKO	τῷ	tō	G3588	T-DSN	ὁ	the/this/who	the	NA28+NA27+Tyn+SBL+WH+Treg+TR+Byz	
10	19	12	NKO	αἵματι	aimati	G0129G	N-DSN	αἷμα	blood	blood	NA28+NA27+Tyn+SBL+WH+Treg+TR+Byz	
10	19	13	NKO	Ἰησοῦ,	Iēsou	G2424G	N-GSM-P	Ἰησοῦς	Jesus/Joshua	of Jesus,	NA28+NA27+Tyn+SBL+WH+Treg+TR+Byz	
10	20	1	NKO	ἣν	hēn	G3739	R-ASF	ὅς, ἥ	which	which	NA28+NA27+Tyn+SBL+WH+Treg+TR+Byz	
10	20	2	NKO	ἐνεκαίνισεν	enekainisen	G1457	V-AAI-3S	ἐγκαινίζω	to inaugurate	He dedicated	NA28+NA27+Tyn+SBL+WH+Treg+TR+Byz	
10	20	3	NKO	ἡμῖν	hēmin	G3165	P-1DP	ἐγώ	I/we	for us	NA28+NA27+Tyn+SBL+WH+Treg+TR+Byz	
10	20	4	NKO	ὁδὸν	hodon	G3598	N-ASF	ὁδός	road	a way	NA28+NA27+Tyn+SBL+WH+Treg+TR+Byz	
10	20	5	NKO	πρόσφατον	prosphaton	G4372	A-ASF	πρόσφατος	new	new	NA28+NA27+Tyn+SBL+WH+Treg+TR+Byz	
10	20	6	NKO	καὶ	kai	G2532	CONJ	καί	and	and	NA28+NA27+Tyn+SBL+WH+Treg+TR+Byz	
10	20	7	NKO	ζῶσαν	zōsan	G2198	V-PAP-ASF	ζάω	to live	living	NA28+NA27+Tyn+SBL+WH+Treg+TR+Byz	
10	20	8	NKO	διὰ	dia	G1223	PREP	διά	through/because of	through	NA28+NA27+Tyn+SBL+WH+Treg+TR+Byz	
10	20	9	NKO	τοῦ	tou	G3588	T-GSN	ὁ	the/this/who	the	NA28+NA27+Tyn+SBL+WH+Treg+TR+Byz	
10	20	10	NKO	καταπετάσματος,	katapetasmatos	G2665	N-GSN	καταπέτασμα	curtain	veil,	NA28+NA27+Tyn+SBL+WH+Treg+TR+Byz	
10	20	11	NKO	τοῦτ᾽	tout᾽	G3778	D-NSN	οὗτος	this/he/she/it	That	NA28+NA27+Tyn»1+SBL+WH+Treg+TR+Byz	
10	20	12	NKO	ἔστιν	estin	G1510	V-PAI-3S	εἰμί	to be	is	NA28+NA27+Tyn+SBL+WH+Treg+TR+Byz	
10	20	13	NKO	τῆς	tēs	G3588	T-GSF	ὁ	the/this/who	through the	NA28+NA27+Tyn+SBL+WH+Treg+TR+Byz	
10	20	14	NKO	σαρκὸς	sarkos	G4561	N-GSF	σάρξ	flesh	flesh	NA28+NA27+Tyn+SBL+WH+Treg+TR+Byz	
10	20	15	NKO	αὐτοῦ,	autou	G0846	P-GSM	αὐτός	he/she/it/self	of Him,	NA28+NA27+Tyn+SBL+WH+Treg+TR+Byz	
10	21	1	NKO	καὶ	kai	G2532	CONJ	καί	and	and [having]	NA28+NA27+Tyn+SBL+WH+Treg+TR+Byz	
10	21	2	NKO	ἱερέα	hi'erea	G2409	N-ASM	ἱερεύς	priest	a priest	NA28+NA27+Tyn+SBL+WH+Treg+TR+Byz	
10	21	3	NKO	μέγαν	megan	G3173	A-ASM	μέγας	great	great	NA28+NA27+Tyn+SBL+WH+Treg+TR+Byz	
10	21	4	NKO	ἐπὶ	epi	G1909	PREP	ἐπί	upon/to/against	over	NA28+NA27+Tyn+SBL+WH+Treg+TR+Byz	
10	21	5	NKO	τὸν	ton	G3588	T-ASM	ὁ	the/this/who	the	NA28+NA27+Tyn+SBL+WH+Treg+TR+Byz	
10	21	6	NKO	οἶκον	oikon	G3624G	N-ASM	οἶκος	house	house	NA28+NA27+Tyn+SBL+WH+Treg+TR+Byz	
10	21	7	NKO	τοῦ	tou	G3588	T-GSM	ὁ	the/this/who	<the>	NA28+NA27+Tyn+SBL+WH+Treg+TR+Byz	
10	21	8	NKO	θεοῦ,	theou	G2316	N-GSM-T	θεός	God	of God,	NA28+NA27+Tyn+SBL+WH+Treg+TR+Byz	
10	22	1	NKO	προσερχώμεθα	proserchōmetha	G4334	V-PNS-1P	προσέρχομαι	to come near/agree	we may draw near	NA28+NA27+Tyn+SBL+WH+Treg+TR+Byz	
10	22	2	NKO	μετὰ	meta	G3326	PREP	μετά	with/after	with	NA28+NA27+Tyn+SBL+WH+Treg+TR+Byz	
10	22	3	NKO	ἀληθινῆς	alēthinēs	G0228	A-GSF	ἀληθινός	true	a sincere	NA28+NA27+Tyn+SBL+WH+Treg+TR+Byz	
10	22	4	NKO	καρδίας	kardias	G2588	N-GSF	καρδία	heart	heart	NA28+NA27+Tyn+SBL+WH+Treg+TR+Byz	
10	22	5	NKO	ἐν	en	G1722	PREP	ἐν	in/on/among	in	NA28+NA27+Tyn+SBL+WH+Treg+TR+Byz	
10	22	6	NKO	πληροφορίᾳ	plērophoria	G4136	N-DSF	πληροφορία	assurance	full assurance	NA28+NA27+Tyn+SBL+WH+Treg+TR+Byz	
10	22	7	NKO	πίστεως	pisteōs	G4102G	N-GSF	πίστις	faith	of faith	NA28+NA27+Tyn+SBL+WH+Treg+TR+Byz	
10	22	8	NKO	ῥεραντισμένοι	rherantismenoi	G4472	V-RPP-NPM	ῥαντίζω	to sprinkle	sprinkled clean	NA28+NA27+Tyn+SBL+WH+Treg+TR+Byz	
10	22	9	NKO	τὰς	tas	G3588	T-APF	ὁ	the/this/who	<the>	NA28+NA27+Tyn+SBL+WH+Treg+TR+Byz	
10	22	10	NKO	καρδίας	kardias	G2588	N-APF	καρδία	heart	[our] hearts	NA28+NA27+Tyn+SBL+WH+Treg+TR+Byz	
10	22	11	NKO	ἀπὸ	apo	G0575	PREP	ἀπό	away from	from	NA28+NA27+Tyn+SBL+WH+Treg+TR+Byz	
10	22	12	NKO	συνειδήσεως	suneidēseōs	G4893	N-GSF	συνείδησις	conscience	a conscience	NA28+NA27+Tyn+SBL+WH+Treg+TR+Byz	
10	22	13	NKO	πονηρᾶς	ponēras	G4190	A-GSF	πονηρός	evil/bad	evil	NA28+NA27+Tyn+SBL+WH+Treg+TR+Byz	
10	22	14	NKO	καὶ	kai	G2532	CONJ	καί	and	and	NA28+NA27+Tyn+SBL+WH+Treg+TR+Byz	
10	22	15	N(k)O	λελουσμένοι	lelousmenoi	G3068	V-RMP-NPM	λούω	to wash	having ourselves washed	NA28+NA27+SBL+WH+Treg+Byz	
10	22	16	NKO	τὸ	to	G3588	T-ASN	ὁ	the/this/who	<the>	NA28+NA27+Tyn+SBL+WH+Treg+TR+Byz	
10	22	17	NKO	σῶμα	sōma	G4983	N-ASN	σῶμα	body	[our] body	NA28+NA27+Tyn+SBL+WH+Treg+TR+Byz	
10	22	18	NKO	ὕδατι	hudati	G5204	N-DSN	ὕδωρ, ὕδατος	water	with water	NA28+NA27+Tyn+SBL+WH+Treg+TR+Byz	
10	22	19	NKO	καθαρῷ.	katharō	G2513	A-DSN	καθαρός	clean	pure.	NA28+NA27+Tyn+SBL+WH+Treg+TR+Byz	
10	23	1	NKO	κατέχωμεν	katechōmen	G2722	V-PAS-1P	κατέχω	to hold back/fast	We may hold fast	NA28+NA27+Tyn+SBL+WH+Treg+TR+Byz	
10	23	2	NKO	τὴν	tēn	G3588	T-ASF	ὁ	the/this/who	to the	NA28+NA27+Tyn+SBL+WH+Treg+TR+Byz	
10	23	3	NKO	ὁμολογίαν	homologian	G3671	N-ASF	ὁμολογία	confession	confession	NA28+NA27+Tyn+SBL+WH+Treg+TR+Byz	
10	23	4	NKO	τῆς	tēs	G3588	T-GSF	ὁ	the/this/who	<the>	NA28+NA27+Tyn+SBL+WH+Treg+TR+Byz	
10	23	5	NKO	ἐλπίδος	elpidos	G1680	N-GSF	ἐλπίς	hope	of [our] hope	NA28+NA27+Tyn+SBL+WH+Treg+TR+Byz	
10	23	6	NKO	ἀκλινῆ,	aklinē	G0186	A-ASF	ἀκλινής	unwavering	firmly,	NA28+NA27+Tyn+SBL+WH+Treg+TR+Byz	
10	23	7	NKO	πιστὸς	pistos	G4103	A-NSM	πιστός	faithful	faithful	NA28+NA27+Tyn+SBL+WH+Treg+TR+Byz	
10	23	8	NKO	γὰρ	gar	G1063	CONJ	γάρ	for	for [is]	NA28+NA27+Tyn+SBL+WH+Treg+TR+Byz	
10	23	9	NKO	ὁ	ho	G3588	T-NSM	ὁ	the/this/who	the [One]	NA28+NA27+Tyn+SBL+WH+Treg+TR+Byz	
10	23	10	NKO	ἐπαγγειλάμενος,	epangeilamenos	G1861	V-ADP-NSM	ἐπαγγέλλω	to profess	having promised,	NA28+NA27+Tyn+SBL+WH+Treg+TR+Byz	
10	24	1	NKO	καὶ	kai	G2532	CONJ	καί	and	And	NA28+NA27+Tyn+SBL+WH+Treg+TR+Byz	
10	24	2	NKO	κατανοῶμεν	katanoōmen	G2657	V-PAS-1P	κατανοέω	to observe	we may think	NA28+NA27+Tyn+SBL+WH+Treg+TR+Byz	
10	24	3	NKO	ἀλλήλους	allēlous	G0240	C-APM	ἀλλήλων	one another	one another	NA28+NA27+Tyn+SBL+WH+Treg+TR+Byz	
10	24	4	NKO	εἰς	eis	G1519	PREP	εἰς	toward	toward	NA28+NA27+Tyn+SBL+WH+Treg+TR+Byz	
10	24	5	NKO	παροξυσμὸν	paroxusmon	G3948	N-ASM	παροξυσμός	stirring up	stirring up	NA28+NA27+Tyn+SBL+WH+Treg+TR+Byz	
10	24	6	NKO	ἀγάπης	agapēs	G0026	N-GSF	ἀγάπη	love	to love	NA28+NA27+Tyn+SBL+WH+Treg+TR+Byz	
10	24	7	NKO	καὶ	kai	G2532	CONJ	καί	and	and	NA28+NA27+Tyn+SBL+WH+Treg+TR+Byz	
10	24	8	NKO	καλῶν	kalōn	G2570G	A-GPN	καλός	good	to good	NA28+NA27+Tyn+SBL+WH+Treg+TR+Byz	
10	24	9	NKO	ἔργων	ergōn	G2041	N-GPN	ἔργον	work	works	NA28+NA27+Tyn+SBL+WH+Treg+TR+Byz	
10	25	1	NKO	μὴ	mē	G3361	PRT-N	μή	not	not	NA28+NA27+Tyn+SBL+WH+Treg+TR+Byz	
10	25	2	NKO	ἐγκαταλείποντες	egkataleipontes	G1459	V-PAP-NPM	ἐγκαταλείπω	to leave behind	forsaking	NA28+NA27+Tyn+SBL+WH+Treg+TR+Byz	
10	25	3	NKO	τὴν	tēn	G3588	T-ASF	ὁ	the/this/who	the	NA28+NA27+Tyn+SBL+WH+Treg+TR+Byz	
10	25	4	NKO	ἐπισυναγωγὴν	episunagōgēn	G1997	N-ASF	ἐπισυναγωγή	gathering	assembling together	NA28+NA27+Tyn+SBL+WH+Treg+TR+Byz	
10	25	5	NKO	ἑαυτῶν	he'autōn	G1438	F-1GPM	ἑαυτοῦ	my/your/him-self	of ourselves	NA28+NA27+Tyn+SBL+WH+Treg+TR+Byz	
10	25	6	NKO	καθὼς	kathōs	G2531	CONJ	καθώς	as/just as	even as	NA28+NA27+Tyn+SBL+WH+Treg+TR+Byz	
10	25	7	NKO	ἔθος	ethos	G1485	N-NSN	ἔθος	custom	[is the] custom	NA28+NA27+Tyn+SBL+WH+Treg+TR+Byz	
10	25	8	NKO	τισίν,	tisin	G5100	X-DPM	τις	one	with some,	NA28+NA27+Tyn+SBL+WH+Treg+TR+Byz	
10	25	9	NKO	ἀλλὰ	alla	G0235	CONJ	ἀλλά	but	but	NA28+NA27+Tyn+SBL+WH+Treg+TR+Byz	
10	25	10	NKO	παρακαλοῦντες,	parakalountes	G3870	V-PAP-NPM	παρακαλέω	to plead/comfort	encouraging [one another],	NA28+NA27+Tyn+SBL+WH+Treg+TR+Byz	
10	25	11	NKO	καὶ	kai	G2532	CONJ	καί	and	and	NA28+NA27+Tyn+SBL+WH+Treg+TR+Byz	
10	25	12	NKO	τοσούτῳ	tosoutō	G5118	K-DSN	τοσοῦτος	so great	so much	NA28+NA27+Tyn+SBL+WH+Treg+TR+Byz	
10	25	13	NKO	μᾶλλον	mallon	G3123G	ADV	μᾶλλον	more	more	NA28+NA27+Tyn+SBL+WH+Treg+TR+Byz	
10	25	14	NKO	ὅσῳ	hosō	G3745	K-DSN	ὅσος	just as/how much	as much as	NA28+NA27+Tyn+SBL+WH+Treg+TR+Byz	
10	25	15	NKO	βλέπετε	blepete	G0991	V-PAI-2P	βλέπω	to see	you see	NA28+NA27+Tyn+SBL+WH+Treg+TR+Byz	
10	25	16	NKO	ἐγγίζουσαν	engizousan	G1448	V-PAP-ASF	ἐγγίζω	to come near	drawing near	NA28+NA27+Tyn+SBL+WH+Treg+TR+Byz	
10	25	17	NKO	τὴν	tēn	G3588	T-ASF	ὁ	the/this/who	the	NA28+NA27+Tyn+SBL+WH+Treg+TR+Byz	
10	25	18	NKO	ἡμέραν.¶	hēmeran	G2250	N-ASF	ἡμέρα	day	Day.	NA28+NA27+Tyn+SBL+WH+Treg+TR+Byz	
10	26	1	NKO	Ἑκουσίως	Hekousiōs	G1596	ADV	ἑκουσίως	voluntarily	[If] willingly	NA28+NA27+Tyn+SBL+WH+Treg+TR+Byz	
10	26	2	NKO	γὰρ	gar	G1063	CONJ	γάρ	for	for	NA28+NA27+Tyn+SBL+WH+Treg+TR+Byz	
10	26	3	NKO	ἁμαρτανόντων	hamartanontōn	G0264	V-PAP-GPM	ἁμαρτάνω	to sin	sin	NA28+NA27+Tyn+SBL+WH+Treg+TR+Byz	
10	26	4	NKO	ἡμῶν	hēmōn	G3165	P-1GP	ἐγώ	I/we	we	NA28+NA27+Tyn+SBL+WH+Treg+TR+Byz	
10	26	5	NKO	μετὰ	meta	G3326	PREP	μετά	with/after	after [we are]	NA28+NA27+Tyn+SBL+WH+Treg+TR+Byz	
10	26	6	NKO	τὸ	to	G3588	T-ASN	ὁ	the/this/who	<the>	NA28+NA27+Tyn+SBL+WH+Treg+TR+Byz	
10	26	7	NKO	λαβεῖν	labein	G2983	V-2AAN	λαμβάνω	to take	to receive	NA28+NA27+Tyn+SBL+WH+Treg+TR+Byz	
10	26	8	NKO	τὴν	tēn	G3588	T-ASF	ὁ	the/this/who	the	NA28+NA27+Tyn+SBL+WH+Treg+TR+Byz	
10	26	9	NKO	ἐπίγνωσιν	epignōsin	G1922	N-ASF	ἐπίγνωσις	knowledge	knowledge	NA28+NA27+Tyn+SBL+WH+Treg+TR+Byz	
10	26	10	NKO	τῆς	tēs	G3588	T-GSF	ὁ	the/this/who	of the	NA28+NA27+Tyn+SBL+WH+Treg+TR+Byz	
10	26	11	NKO	ἀληθείας	alētheias	G0225	N-GSF	ἀλήθεια	truth	truth	NA28+NA27+Tyn+SBL+WH+Treg+TR+Byz	
10	26	12	NKO	οὐκέτι	ouketi	G3756	PRT-N + G2089=ADV	οὐ	no + ἔτι=still	no longer	NA28+NA27+Tyn+SBL+WH+Treg+TR+Byz	
10	26	13	NKO	περὶ	peri	G4012	PREP	περί	about	for	NA28+NA27+Tyn+SBL+WH+Treg+TR+Byz	
10	26	14	NKO	ἁμαρτιῶν	hamartiōn	G0266	N-GPF	ἁμαρτία	sin	sins	NA28+NA27+Tyn+SBL+WH+Treg+TR+Byz	
10	26	15	NKO	ἀπολείπεται	apoleipetai	G0620	V-PPI-3S	ἀπολείπω	to leave	remains	NA28+NA27+Tyn+SBL+WH+Treg+TR+Byz	
10	26	16	NKO	θυσία,	thusia	G2378	N-NSF	θυσία	sacrifice	a sacrifice,	NA28+NA27+Tyn+SBL+WH+Treg+TR+Byz	
10	27	1	NKO	φοβερὰ	phobera	G5398	A-NSF	φοβερός	fearful	terrifying	NA28+NA27+Tyn+SBL+WH+Treg+TR+Byz	
10	27	2	NKO	δέ	de	G1161	CONJ	δέ	but/and	however	NA28+NA27+Tyn+SBL+WH+Treg+TR+Byz	
10	27	3	NKO	τις	tis	G5100	X-NSF	τις	one	a certain	NA28+NA27+Tyn+SBL+WH+Treg+TR+Byz	
10	27	4	NKO	ἐκδοχὴ	ekdochē	G1561	N-NSF	ἐκδοχή	expectation	expectation	NA28+NA27+Tyn+SBL+WH+Treg+TR+Byz	
10	27	5	NKO	κρίσεως	kriseōs	G2920	N-GSF	κρίσις	judgment	of judgment	NA28+NA27+Tyn+SBL+WH+Treg+TR+Byz	
10	27	6	NKO	καὶ	kai	G2532	CONJ	καί	and	and	NA28+NA27+Tyn+SBL+WH+Treg+TR+Byz	
10	27	7	NKO	πυρὸς	puros	G4442	N-GSN	πῦρ	fire	of fire	NA28+NA27+Tyn+SBL+WH+Treg+TR+Byz	
10	27	8	NKO	ζῆλος	zēlos	G2205	N-NSM	ζῆλος	zeal	fury	NA28+NA27+Tyn+SBL+WH+Treg+TR+Byz	
10	27	9	NKO	ἐσθίειν	esthiein	G2068	V-PAN	ἐσθίω	to eat	to devour	NA28+NA27+Tyn+SBL+WH+Treg+TR+Byz	
10	27	10	NKO	μέλλοντος	mellontos	G3195	V-PAP-GSN	μέλλω	to ensue	being about	NA28+NA27+Tyn+SBL+WH+Treg+TR+Byz	
10	27	11	NKO	τοὺς	tous	G3588	T-APM	ὁ	the/this/who	the	NA28+NA27+Tyn+SBL+WH+Treg+TR+Byz	
10	27	12	NKO	ὑπεναντίους.	hupenantious	G5227	A-APM	ὑπεναντίος	opposed	adversaries.	NA28+NA27+Tyn+SBL+WH+Treg+TR+Byz	
10	28	1	NKO	ἀθετήσας	athetēsas	G0114	V-AAP-NSM	ἀθετέω	to reject	Having set aside	NA28+NA27+Tyn+SBL+WH+Treg+TR+Byz	
10	28	2	NKO	τις	tis	G5100	X-NSM	τις	one	anyone	NA28+NA27+Tyn+SBL+WH+Treg+TR+Byz	
10	28	3	NKO	νόμον	nomon	G3551	N-ASM	νόμος	law	[the] law	NA28+NA27+Tyn+SBL+WH+Treg+TR+Byz	
10	28	4	NKO	Μωϋσέως	Mōuseōs	G3475	N-GSM-P	Μωϋσῆς, Μωσῆς	Moses	of Moses	NA28+NA27+Tyn+SBL+WH+Treg+TR+Byz	
10	28	5	NKO	χωρὶς	chōris	G5565	PREP	χωρίς	without	without	NA28+NA27+Tyn+SBL+WH+Treg+TR+Byz	
10	28	6	NKO	οἰκτιρμῶν	oiktirmōn	G3628	N-GPM	οἰκτιρμός	compassion	mercies	NA28+NA27+Tyn+SBL+WH+Treg+TR+Byz	
10	28	7	NKO	ἐπὶ	epi	G1909	PREP	ἐπί	upon/to/against	on the basis of	NA28+NA27+Tyn+SBL+WH+Treg+TR+Byz	
10	28	8	NKO	δυσὶν	dusin	G1417	A-DPM	δύο	two	two	NA28+NA27+Tyn+SBL+WH+Treg+TR+Byz	
10	28	9	NKO	ἢ	ē	G2228	CONJ	ἤ	or/than	or	NA28+NA27+Tyn+SBL+WH+Treg+TR+Byz	
10	28	10	NKO	τρισὶν	trisin	G5140	A-DPM	τρεῖς, τρία	three	three	NA28+NA27+Tyn+SBL+WH+Treg+TR+Byz	
10	28	11	NKO	μάρτυσιν	martusin	G3144	N-DPM	μάρτυς	witness	witnesses	NA28+NA27+Tyn+SBL+WH+Treg+TR+Byz	
10	28	12	NKO	ἀποθνῄσκει·	apothnēskei	G0599	V-PAI-3S	ἀποθνήσκω	to die	he dies;	NA28+NA27+Tyn+SBL+WH+Treg+TR+Byz	
10	29	1	NKO	πόσῳ,	posō	G4214	Q-DSN	πόσος	how much/many	How much	NA28+NA27+Tyn+SBL+WH+Treg+TR+Byz	
10	29	2	NKO	δοκεῖτε,	dokeite	G1380	V-PAI-2P	δοκέω	to think	think you	NA28+NA27+Tyn+SBL+WH+Treg+TR+Byz	
10	29	3	NKO	χείρονος	cheironos	G5501	A-GSF-C	χείρων	worse than	worse	NA28+NA27+Tyn+SBL+WH+Treg+TR+Byz	
10	29	4	NKO	ἀξιωθήσεται	axiōthēsetai	G0515	V-FPI-3S	ἀξιόω	to deem worthy	will he deserve	NA28+NA27+Tyn+SBL+WH+Treg+TR+Byz	
10	29	5	NKO	τιμωρίας	timōrias	G5098	N-GSF	τιμωρία	punishment	punishment	NA28+NA27+Tyn+SBL+WH+Treg+TR+Byz	
10	29	6	NKO	ὁ	ho	G3588	T-NSM	ὁ	the/this/who	the [one]	NA28+NA27+Tyn+SBL+WH+Treg+TR+Byz	
10	29	7	NKO	τὸν	ton	G3588	T-ASM	ὁ	the/this/who	the	NA28+NA27+Tyn+SBL+WH+Treg+TR+Byz	
10	29	8	NKO	υἱὸν	huion	G5207	N-ASM	υἱός	son	Son	NA28+NA27+Tyn+SBL+WH+Treg+TR+Byz	
10	29	9	NKO	τοῦ	tou	G3588	T-GSM	ὁ	the/this/who	<the>	NA28+NA27+Tyn+SBL+WH+Treg+TR+Byz	
10	29	10	NKO	θεοῦ	theou	G2316	N-GSM-T	θεός	God	of God	NA28+NA27+Tyn+SBL+WH+Treg+TR+Byz	
10	29	11	NKO	καταπατήσας	katapatēsas	G2662	V-AAP-NSM	καταπατέω	to trample	having trampled upon	NA28+NA27+Tyn+SBL+WH+Treg+TR+Byz	
10	29	12	NKO	καὶ	kai	G2532	CONJ	καί	and	and	NA28+NA27+Tyn+SBL+WH+Treg+TR+Byz	
10	29	13	NKO	τὸ	to	G3588	T-ASN	ὁ	the/this/who	the	NA28+NA27+Tyn+SBL+WH+Treg+TR+Byz	
10	29	14	NKO	αἷμα	haima	G0129G	N-ASN	αἷμα	blood	blood	NA28+NA27+Tyn+SBL+WH+Treg+TR+Byz	
10	29	15	NKO	τῆς	tēs	G3588	T-GSF	ὁ	the/this/who	of the	NA28+NA27+Tyn+SBL+WH+Treg+TR+Byz	
10	29	16	NKO	διαθήκης	diathēkēs	G1242	N-GSF	διαθήκη	covenant	covenant	NA28+NA27+Tyn+SBL+WH+Treg+TR+Byz	
10	29	17	NKO	κοινὸν	koinon	G2839G	A-ASN	κοινός	common	ordinary	NA28+NA27+Tyn+SBL+WH+Treg+TR+Byz	
10	29	18	NKO	ἡγησάμενος	hēgēsamenos	G2233	V-ADP-NSM	ἡγέομαι	to govern	having esteemed	NA28+NA27+Tyn+SBL+WH+Treg+TR+Byz	
10	29	19	NKO	ἐν	en	G1722	PREP	ἐν	in/on/among	by	NA28+NA27+Tyn+SBL+WH+Treg+TR+Byz	
10	29	20	NKO	ᾧ	hō	G3739	R-DSN	ὅς, ἥ	which	which	NA28+NA27+Tyn+SBL+WH+Treg+TR+Byz	
10	29	21	NKO	ἡγιάσθη	hēgiasthē	G0037	V-API-3S	ἁγιάζω	to sanctify	he was sanctified	NA28+NA27+Tyn+SBL+WH+Treg+TR+Byz	
10	29	22	NKO	καὶ	kai	G2532	CONJ	καί	and	and	NA28+NA27+Tyn+SBL+WH+Treg+TR+Byz	
10	29	23	NKO	τὸ	to	G3588	T-ASN	ὁ	the/this/who	the	NA28+NA27+Tyn+SBL+WH+Treg+TR+Byz	
10	29	24	NKO	πνεῦμα	pneuma	G4151G	N-ASN	πνεῦμα	spirit/breath	Spirit	NA28+NA27+Tyn+SBL+WH+Treg+TR+Byz	
10	29	25	NKO	τῆς	tēs	G3588	T-GSF	ὁ	the/this/who	<the>	NA28+NA27+Tyn+SBL+WH+Treg+TR+Byz	
10	29	26	NKO	χάριτος	charitos	G5485	N-GSF	χάρις	grace	of grace	NA28+NA27+Tyn+SBL+WH+Treg+TR+Byz	
10	29	27	NKO	ἐνυβρίσας;	enubrisas	G1796	V-AAP-NSM	ἐνυβρίζω	to insult	having insulted?	NA28+NA27+Tyn+SBL+WH+Treg+TR+Byz	
10	30	1	NKO	οἴδαμεν	oidamen	G6063	V-RAI-1P	εἴδω	to perceive	We know	NA28+NA27+Tyn+SBL+WH+Treg+TR+Byz	
10	30	2	NKO	γὰρ	gar	G1063	CONJ	γάρ	for	for	NA28+NA27+Tyn+SBL+WH+Treg+TR+Byz	
10	30	3	NKO	τὸν	ton	G3588	T-ASM	ὁ	the/this/who	the [One]	NA28+NA27+Tyn+SBL+WH+Treg+TR+Byz	
10	30	4	NKO	εἰπόντα·	eiponta	G2036	V-2AAP-ASM	ἔπω, ἐρῶ, εἶπον	to say	having said;	NA28+NA27+Tyn+SBL+WH+Treg+TR+Byz	
10	30	5	NKO	ἐμοὶ	emoi	G1473	P-1DS	ἐγώ	I/we	Mine	NA28+NA27+Tyn+SBL+WH+Treg+TR+Byz	
10	30	6	NKO	ἐκδίκησις,	ekdikēsis	G1557	N-NSF	ἐκδίκησις	vengeance	[is] vengeance ,	NA28+NA27+Tyn+SBL+WH+Treg+TR+Byz	
10	30	7	NKO	ἐγὼ	egō	G1473	P-1NS	ἐγώ	I/we	I myself	NA28+NA27+Tyn+SBL+WH+Treg+TR+Byz	
10	30	8	NKO	ἀνταποδώσω	antapodōsō	G0467	V-FAI-1S	ἀνταποδίδωμι	to repay	will repay	NA28+NA27+Tyn+SBL+WH+Treg+TR+Byz	
10	30	9	K	λέγει	legei	G3004G	V-PAI-3S	λέγω	to speak	says	TR+Byz	
10	30	10	K	κύριος·	kurios	G2962G	N-NSM-T	κύριος	lord	Lord;	TR+Byz	
10	30	11	NKO	καὶ	kai	G2532	CONJ	καί	and	and	NA28+NA27+Tyn+SBL+WH+Treg+TR+Byz	
10	30	12	NKO	πάλιν·	palin	G3825	ADV	πάλιν	again	again:	NA28+NA27+Tyn+SBL+WH+Treg+TR+Byz	
10	30	13	NKO	κρινεῖ	krinei	G2919	V-FAI-3S	κρίνω	to judge	Will judge	NA28+NA27+Tyn+SBL+WH+Treg+TR»1+Byz»1	
10	30	14	NKO	κύριος	kurios	G2962G	N-NSM-T	κύριος	lord	[the] Lord	NA28+NA27+Tyn+SBL+WH+Treg+TR+Byz	
10	30	15	NKO	τὸν	ton	G3588	T-ASM	ὁ	the/this/who	the	NA28+NA27+Tyn+SBL+WH+Treg+TR+Byz	
10	30	16	NKO	λαὸν	laon	G2992	N-ASM	λαός	a people	people	NA28+NA27+Tyn+SBL+WH+Treg+TR+Byz	
10	30	17	NKO	αὐτοῦ.	autou	G0846	P-GSM	αὐτός	he/she/it/self	of Him.	NA28+NA27+Tyn+SBL+WH+Treg+TR+Byz	
10	31	1	NKO	φοβερὸν	phoberon	G5398	A-NSN	φοβερός	fearful	[It is] a fearful thing	NA28+NA27+Tyn+SBL+WH+Treg+TR+Byz	
10	31	2	NKO	τὸ	to	G3588	T-NSN	ὁ	the/this/who	<the>	NA28+NA27+Tyn+SBL+WH+Treg+TR+Byz	
10	31	3	NKO	ἐμπεσεῖν	empesein	G1706	V-2AAN	ἐμπίπτω	to fall into	to fall	NA28+NA27+Tyn+SBL+WH+Treg+TR+Byz	
10	31	4	NKO	εἰς	eis	G1519	PREP	εἰς	toward	into	NA28+NA27+Tyn+SBL+WH+Treg+TR+Byz	
10	31	5	NKO	χεῖρας	cheiras	G5495	N-APF	χείρ	hand	[the] hands	NA28+NA27+Tyn+SBL+WH+Treg+TR+Byz	
10	31	6	NKO	θεοῦ	theou	G2316	N-GSM-T	θεός	God	of God	NA28+NA27+Tyn+SBL+WH+Treg+TR+Byz	
10	31	7	NKO	ζῶντος.¶	zōntos	G2198	V-PAP-GSM	ζάω	to live	[the] living.	NA28+NA27+Tyn+SBL+WH+Treg+TR+Byz	
10	32	1	NKO	Ἀναμιμνῄσκεσθε	Anamimnēskesthe	G0363	V-PPM-2P	ἀναμιμνήσκω	to remind	do remember	NA28+NA27+Tyn+SBL+WH+Treg+TR+Byz	
10	32	2	NKO	δὲ	de	G1161	CONJ	δέ	but/and	however	NA28+NA27+Tyn+SBL+WH+Treg+TR+Byz	
10	32	3	NKO	τὰς	tas	G3588	T-APF	ὁ	the/this/who	the	NA28+NA27+Tyn+SBL+WH+Treg+TR+Byz	
10	32	4	NKO	πρότερον	proteron	G4386	ADV-C	πρότερον	previously	former	NA28+NA27+Tyn+SBL+WH+Treg+TR+Byz	
10	32	5	NKO	ἡμέρας,	hēmeras	G2250	N-APF	ἡμέρα	day	days	NA28+NA27+Tyn+SBL+WH+Treg+TR+Byz	
10	32	6	NKO	ἐν	en	G1722	PREP	ἐν	in/on/among	in	NA28+NA27+Tyn+SBL+WH+Treg+TR+Byz	
10	32	7	NKO	αἷς	hais	G3739	R-DPF	ὅς, ἥ	which	which	NA28+NA27+Tyn+SBL+WH+Treg+TR+Byz	
10	32	8	NKO	φωτισθέντες	phōtisthentes	G5461	V-APP-NPM	φωτίζω	to illuminate	having been enlightened	NA28+NA27+Tyn+SBL+WH+Treg+TR+Byz	
10	32	9	NKO	πολλὴν	pollēn	G4183	A-ASF	πολύς	much	a great	NA28+NA27+Tyn+SBL+WH+Treg+TR+Byz	
10	32	10	NKO	ἄθλησιν	athlēsin	G0119	N-ASF	ἄθλησις	struggle	conflict	NA28+NA27+Tyn+SBL+WH+Treg+TR+Byz	
10	32	11	NKO	ὑπεμείνατε	hupemeinate	G5278	V-AAI-2P	ὑπομένω	to remain/endure	you endured	NA28+NA27+Tyn+SBL+WH+Treg+TR+Byz	
10	32	12	NKO	παθημάτων,	pathēmatōn	G3804	N-GPN	πάθημα	suffering	of sufferings,	NA28+NA27+Tyn+SBL+WH+Treg+TR+Byz	
10	33	1	NKO	τοῦτο	touto	G3778	D-ASN	οὗτος	this/he/she/it	this	NA28+NA27+Tyn+SBL+WH+Treg+TR+Byz	
10	33	2	NKO	μὲν	men	G3303	PRT	μέν	on one hand	indeed	NA28+NA27+Tyn+SBL+WH+Treg+TR+Byz	
10	33	3	NKO	ὀνειδισμοῖς	oneidismois	G3680	N-DPM	ὀνειδισμός	reproach	by revilings	NA28+NA27+Tyn+SBL+WH+Treg+TR+Byz	
10	33	4	NKO	τε	te	G5037	CONJ	τε	and/both	both	NA28+NA27+Tyn+SBL+WH+Treg+TR+Byz	
10	33	5	NKO	καὶ	kai	G2532	CONJ	καί	and	and	NA28+NA27+Tyn+SBL+WH+Treg+TR+Byz	
10	33	6	NKO	θλίψεσιν	thlipsesin	G2347	N-DPF	θλῖψις	pressure	by tribulations	NA28+NA27+Tyn+SBL+WH+Treg+TR+Byz	
10	33	7	NKO	θεατριζόμενοι,	theatrizomenoi	G2301	V-PPP-NPM	θεατρίζω	to expose	being made a spectacle,	NA28+NA27+Tyn+SBL+WH+Treg+TR+Byz	
10	33	8	NKO	τοῦτο	touto	G3778	D-ASN	οὗτος	this/he/she/it	this	NA28+NA27+Tyn+SBL+WH+Treg+TR+Byz	
10	33	9	NKO	δὲ	de	G1161	CONJ	δέ	but/and	however	NA28+NA27+Tyn+SBL+WH+Treg+TR+Byz	
10	33	10	NKO	κοινωνοὶ	koinōnoi	G2844	N-NPM	κοινωνός	participant	partners	NA28+NA27+Tyn+SBL+WH+Treg+TR+Byz	
10	33	11	NKO	τῶν	tōn	G3588	T-GPM	ὁ	the/this/who	of those	NA28+NA27+Tyn+SBL+WH+Treg+TR+Byz	
10	33	12	NKO	οὕτως	houtōs	G3779	ADV	οὕτω, οὕτως	thus(-ly)	thus	NA28+NA27+Tyn+SBL+WH+Treg+TR+Byz	
10	33	13	NKO	ἀναστρεφομένων	anastrephomenōn	G0390	V-PPP-GPM	ἀναστρέφω	to live/return	passing through [them]	NA28+NA27+Tyn+SBL+WH+Treg+TR+Byz	
10	33	14	NKO	γενηθέντες·	genēthentes	G1096	V-AOP-NPM	γίνομαι	to be	having become;	NA28+NA27+Tyn+SBL+WH+Treg+TR+Byz	
10	34	1	NKO	καὶ	kai	G2532	CONJ	καί	and	Both	NA28+NA27+Tyn+SBL+WH+Treg+TR+Byz	
10	34	2	NKO	γὰρ	gar	G1063	CONJ	γάρ	for	for	NA28+NA27+Tyn+SBL+WH+Treg+TR+Byz	
10	34	3	NKO	τοῖς	tois	G3588	T-DPM	ὁ	the/this/who	with the	NA28+NA27+Tyn+SBL+WH+Treg+TR+Byz	
10	34	4	N(K)O	δεσμίοις	desmiois	G1198	N-DPM	δέσμιος	prisoner	prisoners	NA28+NA27+Tyn+SBL+WH+Treg	
10	34	5	NKO	συνεπαθήσατε	sunepathēsate	G4834	V-AAI-2P	συμπαθέω	to sympathize	you sympathized	NA28+NA27+Tyn+SBL+WH+Treg+TR+Byz	
10	34	6	NKO	καὶ	kai	G2532	CONJ	καί	and	and	NA28+NA27+Tyn+SBL+WH+Treg+TR+Byz	
10	34	7	NKO	τὴν	tēn	G3588	T-ASF	ὁ	the/this/who	the	NA28+NA27+Tyn+SBL+WH+Treg+TR+Byz	
10	34	8	NKO	ἁρπαγὴν	harpagēn	G0724	N-ASF	ἁρπαγή	plunder	plundering	NA28+NA27+Tyn+SBL+WH+Treg+TR+Byz	
10	34	9	NKO	τῶν	tōn	G3588	T-GPN	ὁ	the/this/who	of the	NA28+NA27+Tyn+SBL+WH+Treg+TR+Byz	
10	34	10	NKO	ὑπαρχόντων	huparchontōn	G5225	V-PAP-GPN	ὑπάρχω	to be	possessions	NA28+NA27+Tyn+SBL+WH+Treg+TR+Byz	
10	34	11	NKO	ὑμῶν	humōn	G4771	P-2GP	σύ	you	of you	NA28+NA27+Tyn+SBL+WH+Treg+TR+Byz	
10	34	12	NKO	μετὰ	meta	G3326	PREP	μετά	with/after	with	NA28+NA27+Tyn+SBL+WH+Treg+TR+Byz	
10	34	13	NKO	χαρᾶς	charas	G5479	N-GSF	χαρά	joy	joy	NA28+NA27+Tyn+SBL+WH+Treg+TR+Byz	
10	34	14	NKO	προσεδέξασθε	prosedexasthe	G4327	V-ADI-2P	προσδέχομαι	to wait for/welcome	you accepted	NA28+NA27+Tyn+SBL+WH+Treg+TR+Byz	
10	34	15	NKO	γινώσκοντες	ginōskontes	G1097	V-PAP-NPM	γινώσκω	to know	knowing	NA28+NA27+Tyn+SBL+WH+Treg+TR+Byz	
10	34	16	NKO	ἔχειν	echein	G2192	V-PAN	ἔχω	to have/be	to have	NA28+NA27+Tyn+SBL+WH+Treg+TR+Byz	
10	34	17	k	ἐν	en	G1722	PREP	ἐν	in/on/among	in	TR	
10	34	18	N(k)O	ἑαυτοὺς	he'autous	G1438	F-2APM	ἑαυτοῦ	my/your/him-self	yourselves	NA28+NA27+Tyn+SBL+WH+Treg	
10	34	19	NK(o)	κρείττονα	kreittona	G2908	A-ASF-C	κρείσσων	greater	a better	NA28+NA27+SBL+Treg+TR+Byz	
10	34	20	NKO	ὕπαρξιν	huparxin	G5223	N-ASF	ὕπαρξις	property	possession	NA28+NA27+Tyn+SBL+WH+Treg+TR+Byz	
10	34	21	K	ἐν	en	G1722	PREP	ἐν	in/on/among	in	TR+Byz	
10	34	22	K	οὐρανοῖς	ouranois	G3772	N-DPM	οὐρανός	heaven	heavens	TR+Byz	
10	34	23	NKO	καὶ	kai	G2532	CONJ	καί	and	and	NA28+NA27+Tyn+SBL+WH+Treg+TR+Byz	
10	34	24	NKO	μένουσαν.	menousan	G3306	V-PAP-ASF	μένω	to stay	abiding.	NA28+NA27+Tyn+SBL+WH+Treg+TR+Byz	
10	35	1	NKO	μὴ	mē	G3361	PRT-N	μή	not	Not	NA28+NA27+Tyn+SBL+WH+Treg+TR+Byz	
10	35	2	NKO	ἀποβάλητε	apobalēte	G0577	V-2AAS-2P	ἀποβάλλω	to throw away	may throw away	NA28+NA27+Tyn+SBL+WH+Treg+TR+Byz	
10	35	3	NKO	οὖν	oun	G3767	CONJ	οὖν	therefore/then	therefore	NA28+NA27+Tyn+SBL+WH+Treg+TR+Byz	
10	35	4	NKO	τὴν	tēn	G3588	T-ASF	ὁ	the/this/who	the	NA28+NA27+Tyn+SBL+WH+Treg+TR+Byz	
10	35	5	NKO	παρρησίαν	parrēsian	G3954	N-ASF	παρρησία	boldness	boldness	NA28+NA27+Tyn+SBL+WH+Treg+TR+Byz	
10	35	6	NKO	ὑμῶν,	humōn	G4771	P-2GP	σύ	you	of you,	NA28+NA27+Tyn+SBL+WH+Treg+TR+Byz	
10	35	7	NKO	ἥτις	hētis	G3748	R-NSF	ὅστις	who/which	which	NA28+NA27+Tyn+SBL+WH+Treg+TR+Byz	
10	35	8	NKO	ἔχει	echei	G2192	V-PAI-3S	ἔχω	to have/be	has	NA28+NA27+Tyn+SBL+WH+Treg+TR+Byz	
10	35	9	NKO	μεγάλην	megalēn	G3173	A-ASF	μέγας	great	a great	NA28+NA27+Tyn+SBL+WH+Treg+TR»1+Byz»1	
10	35	10	NKO	μισθαποδοσίαν.	misthapodosian	G3405	N-ASF	μισθαποδοσία	recompense	reward.	NA28+NA27+Tyn+SBL+WH+Treg+TR+Byz	
10	36	1	NKO	ὑπομονῆς	hupomonēs	G5281	N-GSF	ὑπομονή	perseverance	Of endurance	NA28+NA27+Tyn+SBL+WH+Treg+TR+Byz	
10	36	2	NKO	γὰρ	gar	G1063	CONJ	γάρ	for	for	NA28+NA27+Tyn+SBL+WH+Treg+TR+Byz	
10	36	3	NKO	ἔχετε	echete	G2192	V-PAI-2P	ἔχω	to have/be	You have	NA28+NA27+Tyn+SBL+WH+Treg+TR+Byz	
10	36	4	NKO	χρείαν,	chreian	G5532	N-ASF	χρεία	need	need,	NA28+NA27+Tyn+SBL+WH+Treg+TR+Byz	
10	36	5	NKO	ἵνα	ina	G2443	CONJ	ἵνα	in order that/to	so that	NA28+NA27+Tyn+SBL+WH+Treg+TR+Byz	
10	36	6	NKO	τὸ	to	G3588	T-ASN	ὁ	the/this/who	the	NA28+NA27+Tyn+SBL+WH+Treg+TR+Byz	
10	36	7	NKO	θέλημα	thelēma	G2307	N-ASN	θέλημα	will/desire	will	NA28+NA27+Tyn+SBL+WH+Treg+TR+Byz	
10	36	8	NKO	τοῦ	tou	G3588	T-GSM	ὁ	the/this/who	<the>	NA28+NA27+Tyn+SBL+WH+Treg+TR+Byz	
10	36	9	NKO	θεοῦ	theou	G2316	N-GSM-T	θεός	God	of God	NA28+NA27+Tyn+SBL+WH+Treg+TR+Byz	
10	36	10	NKO	ποιήσαντες	poiēsantes	G4160G	V-AAP-NPM	ποιέω	to do/make	having done	NA28+NA27+Tyn+SBL+WH+Treg+TR+Byz	
10	36	11	NKO	κομίσησθε	komisēsthe	G2865	V-AMS-2P	κομίζω	to bring/be repaid	you may receive	NA28+NA27+Tyn+SBL+WH+Treg+TR+Byz	
10	36	12	NKO	τὴν	tēn	G3588	T-ASF	ὁ	the/this/who	the	NA28+NA27+Tyn+SBL+WH+Treg+TR+Byz	
10	36	13	NKO	ἐπαγγελίαν.	epangelian	G1860	N-ASF	ἐπαγγελία	promise	promise.	NA28+NA27+Tyn+SBL+WH+Treg+TR+Byz	
10	37	1	NKO	ἔτι	eti	G2089	ADV	ἔτι	still	Yet	NA28+NA27+Tyn+SBL+WH+Treg+TR+Byz	
10	37	2	NKO	γὰρ	gar	G1063	CONJ	γάρ	for	for	NA28+NA27+Tyn+SBL+WH+Treg+TR+Byz	
10	37	3	NKO	μικρὸν	mikron	G3398	A-ASM	μικρός	small	A little	NA28+NA27+Tyn+SBL+WH+Treg+TR+Byz	
10	37	4	NKO	ὅσον	hoson	G3745	K-ASM	ὅσος	just as/how much	very	NA28+NA27+Tyn+SBL+WH+Treg+TR+Byz	
10	37	5	NKO	ὅσον,	hoson	G3745	K-ASM	ὅσος	just as/how much	while,	NA28+NA27+Tyn+SBL+WH+Treg+TR+Byz	
10	37	6	NKO	ὁ	ho	G3588	T-NSM	ὁ	the/this/who	the [One] who	NA28+NA27+Tyn+SBL+WH+Treg+TR+Byz	
10	37	7	NKO	ἐρχόμενος	erchomenos	G2064	V-PNP-NSM	ἔρχομαι	to come/go	is coming	NA28+NA27+Tyn+SBL+WH+Treg+TR+Byz	
10	37	8	NKO	ἥξει	hēxei	G2240	V-FAI-3S	ἥκω	to come/be present	will come	NA28+NA27+Tyn+SBL+WH+Treg+TR+Byz	
10	37	9	NKO	καὶ	kai	G2532	CONJ	καί	and	and	NA28+NA27+Tyn+SBL+WH+Treg+TR+Byz	
10	37	10	NKO	οὐ	ou	G3756	PRT-N	οὐ	no	not	NA28+NA27+Tyn+SBL+WH+Treg+TR+Byz	
10	37	11	NKO	χρονίσει.	chronisei	G5549	V-FAI-3S	χρονίζω	to delay	will delay.	NA28+NA27+Tyn+SBL+WH+Treg+TR+Byz	
10	38	1	NKO	ὁ	ho	G3588	T-NSM	ὁ	the/this/who	The one	NA28+NA27+Tyn+SBL+WH+Treg+TR+Byz	
10	38	2	NKO	δὲ	de	G1161	CONJ	δέ	but/and	however	NA28+NA27+Tyn+SBL+WH+Treg+TR+Byz	
10	38	3	NKO	δίκαιός	dikaios	G1342	A-NSM	δίκαιος	just	righteous	NA28+NA27+Tyn+SBL+WH+Treg+TR+Byz	
10	38	4	NO	μου	mou	G3165	P-1GS	ἐγώ	I/we	of Mine	NA28+NA27+Tyn+SBL+WH+Treg	
10	38	5	NKO	ἐκ	ek	G1537	PREP	ἐκ	out from	by	NA28+NA27+Tyn+SBL+WH+Treg+TR+Byz	
10	38	6	NKO	πίστεως	pisteōs	G4102G	N-GSF	πίστις	faith	faith	NA28+NA27+Tyn+SBL+WH+Treg+TR+Byz	
10	38	7	NKO	ζήσεται·	zēsetai	G2198	V-FDI-3S	ζάω	to live	will live;	NA28+NA27+Tyn+SBL+WH+Treg+TR+Byz	
10	38	8	NKO	καὶ	kai	G2532	CONJ	καί	and	and	NA28+NA27+Tyn+SBL+WH+Treg+TR+Byz	
10	38	9	NKO	ἐὰν	ean	G1437	COND	ἐάν	if	if	NA28+NA27+Tyn+SBL+WH+Treg+TR+Byz	
10	38	10	NKO	ὑποστείληται,	huposteilētai	G5288	V-AMS-3S	ὑποστέλλω	to withdraw	he shall shrink back,	NA28+NA27+Tyn+SBL+WH+Treg+TR+Byz	
10	38	11	NKO	οὐκ	ouk	G3756	PRT-N	οὐ	no	not	NA28+NA27+Tyn+SBL+WH+Treg+TR+Byz	
10	38	12	NKO	εὐδοκεῖ	eudokei	G2106	V-PAI-3S	εὐδοκέω	to delight	takes pleasure	NA28+NA27+Tyn+SBL+WH+Treg+TR+Byz	
10	38	13	NKO	ἡ	hē	G3588	T-NSF	ὁ	the/this/who	the	NA28+NA27+Tyn+SBL+WH+Treg+TR+Byz	
10	38	14	NKO	ψυχή	psuchē	G5590I	N-NSF	ψυχή	soul	soul	NA28+NA27+Tyn+SBL+WH+Treg+TR+Byz	
10	38	15	NKO	μου	mou	G3165	P-1GS	ἐγώ	I/we	of Mine	NA28+NA27+Tyn+SBL+WH+Treg+TR+Byz	
10	38	16	NKO	ἐν	en	G1722	PREP	ἐν	in/on/among	in	NA28+NA27+Tyn+SBL+WH+Treg+TR+Byz	
10	38	17	NKO	αὐτῷ.	autō	G0846	P-DSM	αὐτός	he/she/it/self	him.	NA28+NA27+Tyn+SBL+WH+Treg+TR+Byz	
10	39	1	NKO	ἡμεῖς	hēmeis	G3165	P-1NP	ἐγώ	I/we	We ourselves	NA28+NA27+Tyn+SBL+WH+Treg+TR+Byz	
10	39	2	NKO	δὲ	de	G1161	CONJ	δέ	but/and	however	NA28+NA27+Tyn+SBL+WH+Treg+TR+Byz	
10	39	3	NKO	οὐκ	ouk	G3756	PRT-N	οὐ	no	not	NA28+NA27+Tyn+SBL+WH+Treg+TR+Byz	
10	39	4	NKO	ἐσμὲν	esmen	G1510	V-PAI-1P	εἰμί	to be	are	NA28+NA27+Tyn+SBL+WH+Treg+TR+Byz	
10	39	5	NKO	ὑποστολῆς	hupostolēs	G5289	N-GSF	ὑποστολή	shrinking	of [those] drawing back	NA28+NA27+Tyn+SBL+WH+Treg+TR+Byz	
10	39	6	NKO	εἰς	eis	G1519	PREP	εἰς	toward	to	NA28+NA27+Tyn+SBL+WH+Treg+TR+Byz	
10	39	7	NKO	ἀπώλειαν	apōleian	G0684	N-ASF	ἀπώλεια	destruction	destruction	NA28+NA27+Tyn+SBL+WH+Treg+TR+Byz	
10	39	8	NKO	ἀλλὰ	alla	G0235	CONJ	ἀλλά	but	but	NA28+NA27+Tyn+SBL+WH+Treg+TR+Byz	
10	39	9	NKO	πίστεως	pisteōs	G4102G	N-GSF	πίστις	faith	of faith	NA28+NA27+Tyn+SBL+WH+Treg+TR+Byz	
10	39	10	NKO	εἰς	eis	G1519	PREP	εἰς	toward	to	NA28+NA27+Tyn+SBL+WH+Treg+TR+Byz	
10	39	11	NKO	περιποίησιν	peripoiēsin	G4047	N-ASF	περιποίησις	acquiring	[the] preserving	NA28+NA27+Tyn+SBL+WH+Treg+TR+Byz	
10	39	12	NKO	ψυχῆς.¶	psuchēs	G5590G	N-GSF	ψυχή	soul	[of the] soul.	NA28+NA27+Tyn+SBL+WH+Treg+TR+Byz	
11	1	1	NKO	Ἔστιν	Estin	G1510	V-PAI-3S	εἰμί	to be	Is	NA28+NA27+Tyn+SBL+WH+Treg+TR+Byz	
11	1	2	NKO	δὲ	de	G1161	CONJ	δέ	but/and	now	NA28+NA27+Tyn+SBL+WH+Treg+TR+Byz	
11	1	3	NKO	πίστις	pistis	G4102G	N-NSF	πίστις	faith	faith	NA28+NA27+Tyn+SBL+WH+Treg+TR+Byz	
11	1	4	NKO	ἐλπιζομένων	elpizomenōn	G1679	V-PPP-GPN	ἐλπίζω	to hope/expect	of [things] hoped for	NA28+NA27+Tyn+SBL+WH+Treg+TR+Byz	
11	1	5	NKO	ὑπόστασις,	hupostasis	G5287	N-NSF	ὑπόστασις	confidence/essence	[the] assurance,	NA28+NA27+Tyn+SBL+WH+Treg+TR+Byz	
11	1	6	NKO	πραγμάτων	pragmatōn	G4229	N-GPN	πρᾶγμα	thing	of things	NA28+NA27+Tyn+SBL+WH+Treg+TR+Byz	
11	1	7	NKO	ἔλεγχος	elegchos	G1650	N-NSM	ἔλεγχος, ἐλεγμός	rebuke	[the] conviction	NA28+NA27+Tyn+SBL+WH+Treg+TR+Byz	
11	1	8	NKO	οὐ	ou	G3756	PRT-N	οὐ	no	not	NA28+NA27+Tyn+SBL+WH+Treg+TR+Byz	
11	1	9	NKO	βλεπομένων.	blepomenōn	G0991	V-PPP-GPN	βλέπω	to see	being seen.	NA28+NA27+Tyn+SBL+WH+Treg+TR+Byz	
11	2	1	NKO	ἐν	en	G1722	PREP	ἐν	in/on/among	In	NA28+NA27+Tyn+SBL+WH+Treg+TR+Byz	
11	2	2	NKO	ταύτῃ	tautē	G3778	D-DSF	οὗτος	this/he/she/it	this	NA28+NA27+Tyn+SBL+WH+Treg+TR+Byz	
11	2	3	NKO	γὰρ	gar	G1063	CONJ	γάρ	for	for	NA28+NA27+Tyn+SBL+WH+Treg+TR+Byz	
11	2	4	NKO	ἐμαρτυρήθησαν	emarturēthēsan	G3140	V-API-3P	μαρτυρέω	to testify	were commended	NA28+NA27+Tyn+SBL+WH+Treg+TR+Byz	
11	2	5	NKO	οἱ	hoi	G3588	T-NPM	ὁ	the/this/who	the	NA28+NA27+Tyn+SBL+WH+Treg+TR+Byz	
11	2	6	NKO	πρεσβύτεροι.¶	presbuteroi	G4245H	N-NPM	πρεσβύτερος	elder	ancients.	NA28+NA27+Tyn+SBL+WH+Treg+TR+Byz	
11	3	1	NKO	Πίστει	Pistei	G4102G	N-DSF	πίστις	faith	By faith	NA28+NA27+Tyn+SBL+WH+Treg+TR+Byz	
11	3	2	NKO	νοοῦμεν	nooumen	G3539	V-PAI-1P	νοέω	to understand	we understand	NA28+NA27+Tyn+SBL+WH+Treg+TR+Byz	
11	3	3	NKO	κατηρτίσθαι	katērtisthai	G2675	V-RPN	καταρτίζω	to complete	to have been formed	NA28+NA27+Tyn+SBL+WH+Treg+TR+Byz	
11	3	4	NKO	τοὺς	tous	G3588	T-APM	ὁ	the/this/who	the	NA28+NA27+Tyn+SBL+WH+Treg+TR+Byz	
11	3	5	NKO	αἰῶνας	aiōnas	G0165G	N-APM	αἰών	an age	ages	NA28+NA27+Tyn+SBL+WH+Treg+TR+Byz	
11	3	6	NKO	ῥήματι	rhēmati	G4487	N-DSN	ῥῆμα	declaration	by declaration	NA28+NA27+Tyn+SBL+WH+Treg+TR+Byz	
11	3	7	NKO	θεοῦ	theou	G2316	N-GSM-T	θεός	God	of God	NA28+NA27+Tyn+SBL+WH+Treg+TR+Byz	
11	3	8	NKO	εἰς	eis	G1519	PREP	εἰς	toward	so that	NA28+NA27+Tyn+SBL+WH+Treg+TR+Byz	
11	3	9	NKO	τὸ	to	G3588	T-ASN	ὁ	the/this/who	which	NA28+NA27+Tyn+SBL+WH+Treg+TR+Byz	
11	3	10	NKO	μὴ	mē	G3361	PRT-N	μή	not	not	NA28+NA27+Tyn+SBL+WH+Treg+TR+Byz	
11	3	11	NKO	ἐκ	ek	G1537	PREP	ἐκ	out from	out of [things]	NA28+NA27+Tyn+SBL+WH+Treg+TR+Byz	
11	3	12	NKO	φαινομένων	phainomenōn	G5316	V-PEP-GPN	φαίνω	to shine/appear	being visible	NA28+NA27+Tyn+SBL+WH+Treg+TR+Byz	
11	3	13	N(k)O	τὸ	to	G3588	T-ASN	ὁ	the/this/who	the [thing]	NA28+NA27+Tyn+SBL+WH+Treg	
11	3	14	N(k)O	βλεπόμενον	blepomenon	G0991	V-PPP-ASN	βλέπω	to see	being seen	NA28+NA27+Tyn+SBL+WH+Treg	
11	3	15	NKO	γεγονέναι.¶	gegonenai	G1096	V-2RAN	γίνομαι	to be	becoming.	NA28+NA27+Tyn+SBL+WH+Treg+TR+Byz	
11	4	1	NKO	Πίστει	Pistei	G4102G	N-DSF	πίστις	faith	By faith	NA28+NA27+Tyn+SBL+WH+Treg+TR+Byz	
11	4	2	NKO	πλείονα	pleiona	G4119	A-ASF-C	πλείων, πλεῖον	greater	a more excellent	NA28+NA27+Tyn+SBL+WH+Treg+TR+Byz	
11	4	3	NKO	θυσίαν	thusian	G2378	N-ASF	θυσία	sacrifice	sacrifice	NA28+NA27+Tyn+SBL+WH+Treg+TR+Byz	
11	4	4	NKO	Ἅβελ	Habel	G0006	N-NSM-P	Ἄβελ	Abel	Abel	NA28+NA27+Tyn+SBL+WH+Treg+TR+Byz	
11	4	5	NKO	παρὰ	para	G3844	PREP	παρά	from with	than	NA28+NA27+Tyn+SBL+WH+Treg+TR+Byz	
11	4	6	NKO	Κάϊν	Kain	G2535	N-ASM-P	Κάϊν	Cain	Cain	NA28+NA27+Tyn+SBL+WH+Treg+TR+Byz	
11	4	7	NKO	προσήνεγκεν	prosēnegken	G4374	V-AAI-3S	προσφέρω	to bring to	offered	NA28+NA27+Tyn+SBL+WH+Treg+TR+Byz	
11	4	8	NKO	τῷ	tō	G3588	T-DSM	ὁ	the/this/who	<the>	NA28+NA27+Tyn+SBL+WH+Treg+TR+Byz	
11	4	9	NKO	θεῷ,	theō	G2316	N-DSM-T	θεός	God	to God,	NA28+NA27+Tyn+SBL+WH+Treg+TR+Byz	
11	4	10	NKO	δι᾽	di᾽	G1223	PREP	διά	through/because of	through	NA28+NA27+Tyn+SBL+WH+Treg+TR+Byz	
11	4	11	NKO	ἧς	hēs	G3739	R-GSF	ὅς, ἥ	which	which	NA28+NA27+Tyn+SBL+WH+Treg+TR+Byz	
11	4	12	NKO	ἐμαρτυρήθη	emarturēthē	G3140	V-API-3S	μαρτυρέω	to testify	he was testified	NA28+NA27+Tyn+SBL+WH+Treg+TR+Byz	
11	4	13	NKO	εἶναι	einai	G1511	V-PAN	εἰμί	to be	to be	NA28+NA27+Tyn+SBL+WH+Treg+TR+Byz	
11	4	14	NKO	δίκαιος	dikaios	G1342	A-NSM	δίκαιος	just	righteous	NA28+NA27+Tyn+SBL+WH+Treg+TR+Byz	
11	4	15	NKO	μαρτυροῦντος	marturountos	G3140	V-PAP-GSM	μαρτυρέω	to testify	bearing witness	NA28+NA27+Tyn+SBL+WH+Treg+TR+Byz	
11	4	16	NKO	ἐπὶ	epi	G1909	PREP	ἐπί	upon/to/against	to	NA28+NA27+Tyn+SBL+WH+Treg+TR+Byz	
11	4	17	NKO	τοῖς	tois	G3588	T-DPN	ὁ	the/this/who	the	NA28+NA27+Tyn+SBL+WH+Treg+TR+Byz	
11	4	18	NKO	δώροις	dōrois	G1435	N-DPN	δῶρον	gift	gifts	NA28+NA27+Tyn+SBL+WH+Treg+TR+Byz	
11	4	19	NKO	αὐτοῦ	autou	G0846	P-GSM	αὐτός	he/she/it/self	of him	NA28+NA27+Tyn+SBL+WH+Treg+TR+Byz	
11	4	20	NK(o)	τοῦ	tou	G3588	T-GSM	ὁ	the/this/who	<the>	NA28+NA27+Tyn+SBL+WH+TR+Byz	
11	4	21	NK(o)	θεοῦ·	theou	G2316	N-GSM-T	θεός	God	God;	NA28+NA27+Tyn+SBL+WH+TR+Byz	
11	4	22	NKO	καὶ	kai	G2532	CONJ	καί	and	and	NA28+NA27+Tyn+SBL+WH+Treg+TR+Byz	
11	4	23	NKO	δι᾽	di᾽	G1223	PREP	διά	through/because of	through	NA28+NA27+Tyn+SBL+WH+Treg+TR+Byz	
11	4	24	NKO	αὐτῆς	autēs	G0846	P-GSF	αὐτός	he/she/it/self	it	NA28+NA27+Tyn+SBL+WH+Treg+TR+Byz	
11	4	25	NKO	ἀποθανὼν	apothanōn	G0599	V-2AAP-NSM	ἀποθνήσκω	to die	having died	NA28+NA27+Tyn+SBL+WH+Treg+TR+Byz	
11	4	26	NKO	ἔτι	eti	G2089	ADV	ἔτι	still	still	NA28+NA27+Tyn+SBL+WH+Treg+TR+Byz	
11	4	27	N(k)O	λαλεῖ.¶	lalei	G2980	V-PAI-3S	λαλέω	to speak	he speaks.	NA28+NA27+Tyn+SBL+WH+Treg	
11	5	1	NKO	Πίστει	Pistei	G4102G	N-DSF	πίστις	faith	By faith	NA28+NA27+Tyn+SBL+WH+Treg+TR+Byz	
11	5	2	NKO	Ἑνὼχ	Henōch	G1802	N-NSM-P	Ἐνώχ	Enoch	Enoch	NA28+NA27+Tyn+SBL+WH+Treg+TR+Byz	
11	5	3	NKO	μετετέθη	metetethē	G3346	V-API-3S	μετατίθημι	to transport	was translated	NA28+NA27+Tyn+SBL+WH+Treg+TR+Byz	
11	5	4	NKO	τοῦ	tou	G3588	T-GSN	ὁ	the/this/who	<the>	NA28+NA27+Tyn+SBL+WH+Treg+TR+Byz	
11	5	5	NKO	μὴ	mē	G3361	PRT-N	μή	not	not	NA28+NA27+Tyn+SBL+WH+Treg+TR+Byz	
11	5	6	NKO	ἰδεῖν	idein	G1492H	V-2AAN	εἴδω	to perceive	to see	NA28+NA27+Tyn+SBL+WH+Treg+TR+Byz	
11	5	7	NKO	θάνατον	thanaton	G2288	N-ASM	θάνατος	death	death	NA28+NA27+Tyn+SBL+WH+Treg+TR+Byz	
11	5	8	NKO	καὶ	kai	G2532	CONJ	καί	and	and	NA28+NA27+Tyn+SBL+WH+Treg+TR+Byz	
11	5	9	NKO	οὐχ	ouch	G3756	PRT-N	οὐ	no	not	NA28+NA27+Tyn+SBL+WH+Treg+TR+Byz	
11	5	10	NKO	ηὑρίσκετο	hēurisketo	G2147	V-IPI-3S	εὑρίσκω	to find/meet	was he found	NA28+NA27+Tyn+SBL+WH+Treg+TR+Byz	
11	5	11	NKO	διότι	dioti	G1360	CONJ	διότι	because	because	NA28+NA27+Tyn+SBL+WH+Treg+TR+Byz	
11	5	12	NKO	μετέθηκεν	metethēken	G3346	V-AAI-3S	μετατίθημι	to transport	took up	NA28+NA27+Tyn+SBL+WH+Treg+TR+Byz	
11	5	13	NKO	αὐτὸν	auton	G0846	P-ASM	αὐτός	he/she/it/self	him	NA28+NA27+Tyn+SBL+WH+Treg+TR+Byz	
11	5	14	NKO	ὁ	ho	G3588	T-NSM	ὁ	the/this/who	<the>	NA28+NA27+Tyn+SBL+WH+Treg+TR+Byz	
11	5	15	NKO	θεός·	theos	G2316	N-NSM-T	θεός	God	God;	NA28+NA27+Tyn+SBL+WH+Treg+TR+Byz	
11	5	16	NKO	πρὸ	pro	G4253	PREP	πρό	before	Before	NA28+NA27+Tyn+SBL+WH+Treg+TR+Byz	
11	5	17	NKO	γὰρ	gar	G1063	CONJ	γάρ	for	for	NA28+NA27+Tyn+SBL+WH+Treg+TR+Byz	
11	5	18	NKO	τῆς	tēs	G3588	T-GSF	ὁ	the/this/who	the	NA28+NA27+Tyn+SBL+WH+Treg+TR+Byz	
11	5	19	NKO	μεταθέσεως	metatheseōs	G3331	N-GSF	μετάθεσις	removal/change	translation	NA28+NA27+Tyn+SBL+WH+Treg+TR+Byz	
11	5	20	k	αὐτοῦ	autou	G0846	P-GSM	αὐτός	he/she/it/self	of him	TR+Byz	
11	5	21	NKO	μεμαρτύρηται	memarturētai	G3140	V-RPI-3S	μαρτυρέω	to testify	he has been commended	NA28+NA27+Tyn+SBL+WH+Treg+TR+Byz	
11	5	22	NKO	εὐαρεστηκέναι	euarestēkenai	G2100	V-RAN	εὐαρεστέω	to please	to have pleased	NA28+NA27+Tyn+SBL+WH+Treg+TR+Byz	
11	5	23	NKO	τῷ	tō	G3588	T-DSM	ὁ	the/this/who	<the>	NA28+NA27+Tyn+SBL+WH+Treg+TR+Byz	
11	5	24	NKO	θεῷ·	theō	G2316	N-DSM-T	θεός	God	God;	NA28+NA27+Tyn+SBL+WH+Treg+TR+Byz	
11	6	1	NKO	χωρὶς	chōris	G5565	PREP	χωρίς	without	Without	NA28+NA27+Tyn+SBL+WH+Treg+TR+Byz	
11	6	2	NKO	δὲ	de	G1161	CONJ	δέ	but/and	now	NA28+NA27+Tyn+SBL+WH+Treg+TR+Byz	
11	6	3	NKO	πίστεως	pisteōs	G4102G	N-GSF	πίστις	faith	faith	NA28+NA27+Tyn+SBL+WH+Treg+TR+Byz	
11	6	4	NKO	ἀδύνατον	adunaton	G0102	A-NSN	ἀδύνατος	unable	[it is] impossible	NA28+NA27+Tyn+SBL+WH+Treg+TR+Byz	
11	6	5	NKO	εὐαρεστῆσαι·	euarestēsai	G2100	V-AAN	εὐαρεστέω	to please	to please [Him];	NA28+NA27+Tyn+SBL+WH+Treg+TR+Byz	
11	6	6	NKO	πιστεῦσαι	pisteusai	G4100	V-AAN	πιστεύω	to trust (in)	To believe	NA28+NA27+Tyn+SBL+WH+Treg+TR+Byz	
11	6	7	NKO	γὰρ	gar	G1063	CONJ	γάρ	for	for	NA28+NA27+Tyn+SBL+WH+Treg+TR+Byz	
11	6	8	NKO	δεῖ	dei	G1163	V-PAI-3S	δεῖ	be necessary	it behooves	NA28+NA27+Tyn+SBL+WH+Treg+TR+Byz	
11	6	9	NKO	τὸν	ton	G3588	T-ASM	ὁ	the/this/who	the one	NA28+NA27+Tyn+SBL+WH+Treg+TR+Byz	
11	6	10	NKO	προσερχόμενον	proserchomenon	G4334	V-PNP-ASM	προσέρχομαι	to come near/agree	drawing near	NA28+NA27+Tyn+SBL+WH+Treg+TR+Byz	
11	6	11	NKO	τῷ	tō	G3588	T-DSM	ὁ	the/this/who	<the>	NA28+NA27+Tyn+SBL+WH+Treg+TR+Byz	
11	6	12	NKO	θεῷ	theō	G2316	N-DSM-T	θεός	God	to God	NA28+NA27+Tyn+SBL+WH+Treg+TR+Byz	
11	6	13	NKO	ὅτι	hoti	G3754G	CONJ	ὅτι	that/since	that	NA28+NA27+Tyn+SBL+WH+Treg+TR+Byz	
11	6	14	NKO	ἔστιν	estin	G1510	V-PAI-3S	εἰμί	to be	He exists	NA28+NA27+Tyn+SBL+WH+Treg+TR+Byz	
11	6	15	NKO	καὶ	kai	G2532	CONJ	καί	and	and [that]	NA28+NA27+Tyn+SBL+WH+Treg+TR+Byz	
11	6	16	NKO	τοῖς	tois	G3588	T-DPM	ὁ	the/this/who	to those	NA28+NA27+Tyn+SBL+WH+Treg+TR+Byz	
11	6	17	NKO	ἐκζητοῦσιν	ekzētousin	G1567	V-PAP-DPM	ἐκζητέω	to seek out	earnestly seeking out	NA28+NA27+Tyn+SBL+WH+Treg+TR+Byz	
11	6	18	NKO	αὐτὸν	auton	G0846	P-ASM	αὐτός	he/she/it/self	Him	NA28+NA27+Tyn+SBL+WH+Treg+TR+Byz	
11	6	19	NKO	μισθαποδότης	misthapodotēs	G3406	N-NSM	μισθαποδότης	rewarder	a rewarder	NA28+NA27+Tyn+SBL+WH+Treg+TR+Byz	
11	6	20	NKO	γίνεται.¶	ginetai	G1096	V-PNI-3S	γίνομαι	to be	He becomes.	NA28+NA27+Tyn+SBL+WH+Treg+TR+Byz	
11	7	1	NKO	Πίστει	Pistei	G4102G	N-DSF	πίστις	faith	By faith	NA28+NA27+Tyn+SBL+WH+Treg+TR+Byz	
11	7	2	NKO	χρηματισθεὶς	chrēmatistheis	G5537	V-APP-NSM	χρηματίζω	to announce	having been divinely instructed	NA28+NA27+Tyn+SBL+WH+Treg+TR+Byz	
11	7	3	NKO	Νῶε	Nōe	G3575	N-NSM-P	Νῶε	Noah	Noah	NA28+NA27+Tyn+SBL+WH+Treg+TR+Byz	
11	7	4	NKO	περὶ	peri	G4012	PREP	περί	about	concerning	NA28+NA27+Tyn+SBL+WH+Treg+TR+Byz	
11	7	5	NKO	τῶν	tōn	G3588	T-GPN	ὁ	the/this/who	the [things]	NA28+NA27+Tyn+SBL+WH+Treg+TR+Byz	
11	7	6	NKO	μηδέπω	mēdepō	G3369	ADV-N	μηδέπω	not yet	not yet	NA28+NA27+Tyn+SBL+WH+Treg+TR+Byz	
11	7	7	NKO	βλεπομένων	blepomenōn	G0991	V-PPP-GPN	βλέπω	to see	seen	NA28+NA27+Tyn+SBL+WH+Treg+TR+Byz	
11	7	8	NKO	εὐλαβηθεὶς	eulabētheis	G2125	V-AOP-NSM	εὐλαβέομαι	to revere	having been moved with fear	NA28+NA27+Tyn+SBL+WH+Treg+TR+Byz	
11	7	9	NKO	κατεσκεύασεν	kateskeuasen	G2680	V-AAI-3S	κατασκευάζω	to prepare	he prepared	NA28+NA27+Tyn+SBL+WH+Treg+TR+Byz	
11	7	10	NKO	κιβωτὸν	kibōton	G2787G	N-ASF	κιβωτός	ark	an ark	NA28+NA27+Tyn+SBL+WH+Treg+TR+Byz	
11	7	11	NKO	εἰς	eis	G1519	PREP	εἰς	toward	for	NA28+NA27+Tyn+SBL+WH+Treg+TR+Byz	
11	7	12	NKO	σωτηρίαν	sōtērian	G4991	N-ASF	σωτηρία	salvation	[the] salvation	NA28+NA27+Tyn+SBL+WH+Treg+TR+Byz	
11	7	13	NKO	τοῦ	tou	G3588	T-GSM	ὁ	the/this/who	of the	NA28+NA27+Tyn+SBL+WH+Treg+TR+Byz	
11	7	14	NKO	οἴκου	oikou	G3624H	N-GSM	οἶκος	house	household	NA28+NA27+Tyn+SBL+WH+Treg+TR+Byz	
11	7	15	NKO	αὐτοῦ,	autou	G0846	P-GSM	αὐτός	he/she/it/self	of him,	NA28+NA27+Tyn+SBL+WH+Treg+TR+Byz	
11	7	16	NKO	δι᾽	di᾽	G1223	PREP	διά	through/because of	through	NA28+NA27+Tyn+SBL+WH+Treg+TR+Byz	
11	7	17	NKO	ἧς	hēs	G3739	R-GSF	ὅς, ἥ	which	which	NA28+NA27+Tyn+SBL+WH+Treg+TR+Byz	
11	7	18	NKO	κατέκρινεν	katekrinen	G2632	V-AAI-3S	κατακρίνω	to condemn	he condemned	NA28+NA27+Tyn+SBL+WH+Treg+TR+Byz	
11	7	19	NKO	τὸν	ton	G3588	T-ASM	ὁ	the/this/who	the	NA28+NA27+Tyn+SBL+WH+Treg+TR+Byz	
11	7	20	NKO	κόσμον	kosmon	G2889	N-ASM	κόσμος	world	world	NA28+NA27+Tyn+SBL+WH+Treg+TR+Byz	
11	7	21	NKO	καὶ	kai	G2532	CONJ	καί	and	and	NA28+NA27+Tyn+SBL+WH+Treg+TR+Byz	
11	7	22	NKO	τῆς	tēs	G3588	T-GSF	ὁ	the/this/who	of the	NA28+NA27+Tyn+SBL+WH+Treg+TR+Byz	
11	7	23	NKO	κατὰ	kata	G2596	PREP	κατά	according to	according to	NA28+NA27+Tyn+SBL+WH+Treg+TR+Byz	
11	7	24	NKO	πίστιν	pistin	G4102G	N-ASF	πίστις	faith	faith	NA28+NA27+Tyn+SBL+WH+Treg+TR+Byz	
11	7	25	NKO	δικαιοσύνης	dikaiosunēs	G1343	N-GSF	δικαιοσύνη	righteousness	righteousness [that is]	NA28+NA27+Tyn+SBL+WH+Treg+TR+Byz	
11	7	26	NKO	ἐγένετο	egeneto	G1096	V-2ADI-3S	γίνομαι	to be	he became	NA28+NA27+Tyn+SBL+WH+Treg+TR+Byz	
11	7	27	NKO	κληρονόμος.¶	klēronomos	G2818	N-NSM	κληρονόμος	heir	heir.	NA28+NA27+Tyn+SBL+WH+Treg+TR+Byz	
11	8	1	NKO	Πίστει	Pistei	G4102G	N-DSF	πίστις	faith	By faith	NA28+NA27+Tyn+SBL+WH+Treg+TR+Byz	
11	8	2	o	ὁ	ho	G3588	T-NSM	ὁ	the/this/who	the [one]	Treg	
11	8	3	NKO	καλούμενος	kaloumenos	G2564G	V-PPP-NSM	καλέω	to call	being called	NA28+NA27+Tyn+SBL+WH+Treg+TR+Byz	
11	8	4	NKO	Ἀβραὰμ	Abraam	G0011	N-NSM-P	Ἀβραάμ	Abraham	Abraham	NA28+NA27+Tyn+SBL+WH+Treg+TR+Byz	
11	8	5	NKO	ὑπήκουσεν	hupēkousen	G5219	V-AAI-3S	ὑπακούω	to obey	obeyed	NA28+NA27+Tyn+SBL+WH+Treg+TR+Byz	
11	8	6	NKO	ἐξελθεῖν	exelthein	G1831	V-2AAN	ἐξέρχομαι	to go out	to go out	NA28+NA27+Tyn+SBL+WH+Treg+TR+Byz	
11	8	7	NKO	εἰς	eis	G1519	PREP	εἰς	toward	into	NA28+NA27+Tyn+SBL+WH+Treg+TR+Byz	
11	8	8	k	τὸν	ton	G3588	T-ASM	ὁ	the/this/who	<the>	TR+Byz	
11	8	9	NKO	τόπον	topon	G5117	N-ASM	τόπος	place	a place	NA28+NA27+Tyn+SBL+WH+Treg+TR+Byz	
11	8	10	NKO	ὃν	hon	G3739	R-ASM	ὅς, ἥ	which	that	NA28+NA27+Tyn+SBL+WH+Treg+TR+Byz	
11	8	11	NKO	ἤμελλεν	ēmellen	G3195	V-IAI-3S	μέλλω	to ensue	he was going	NA28+NA27+Tyn+SBL+WH+Treg+TR+Byz	
11	8	12	NKO	λαμβάνειν	lambanein	G2983	V-PAN	λαμβάνω	to take	to receive	NA28+NA27+Tyn+SBL+WH+Treg+TR+Byz	
11	8	13	NKO	εἰς	eis	G1519	PREP	εἰς	toward	for	NA28+NA27+Tyn+SBL+WH+Treg+TR+Byz	
11	8	14	NKO	κληρονομίαν	klēronomian	G2817	N-ASF	κληρονομία	inheritance	an inheritance	NA28+NA27+Tyn+SBL+WH+Treg+TR+Byz	
11	8	15	NKO	καὶ	kai	G2532	CONJ	καί	and	and	NA28+NA27+Tyn+SBL+WH+Treg+TR+Byz	
11	8	16	NKO	ἐξῆλθεν	exēlthen	G1831	V-2AAI-3S	ἐξέρχομαι	to go out	went out	NA28+NA27+Tyn+SBL+WH+Treg+TR+Byz	
11	8	17	NKO	μὴ	mē	G3361	PRT-N	μή	not	not	NA28+NA27+Tyn+SBL+WH+Treg+TR+Byz	
11	8	18	NKO	ἐπιστάμενος	epistamenos	G1987	V-PNP-NSM	ἐπίσταμαι	to know/understand	knowing	NA28+NA27+Tyn+SBL+WH+Treg+TR+Byz	
11	8	19	NKO	ποῦ	pou	G4226	ADV-I	ποῦ	where?	where	NA28+NA27+Tyn+SBL+WH+Treg+TR+Byz	
11	8	20	NKO	ἔρχεται.¶	erchetai	G2064	V-PNI-3S	ἔρχομαι	to come/go	he is going.	NA28+NA27+Tyn+SBL+WH+Treg+TR+Byz	
11	9	1	NKO	Πίστει	Pistei	G4102G	N-DSF	πίστις	faith	By faith	NA28+NA27+Tyn+SBL+WH+Treg+TR+Byz	
11	9	2	NKO	παρῴκησεν	parōkēsen	G3939	V-AAI-3S	παροικέω	be a stranger	he sojourned	NA28+NA27+Tyn+SBL+WH+Treg+TR+Byz	
11	9	3	NKO	εἰς	eis	G1519	PREP	εἰς	toward	in	NA28+NA27+Tyn+SBL+WH+Treg+TR+Byz	
11	9	4	k	τὴν	tēn	G3588	T-ASF	ὁ	the/this/who	the	TR	
11	9	5	NKO	γῆν	gēn	G1093H	N-ASF	γῆ	earth	land	NA28+NA27+Tyn+SBL+WH+Treg+TR+Byz	
11	9	6	NKO	τῆς	tēs	G3588	T-GSF	ὁ	the/this/who	of the	NA28+NA27+Tyn+SBL+WH+Treg+TR+Byz	
11	9	7	NKO	ἐπαγγελίας	epangelias	G1860	N-GSF	ἐπαγγελία	promise	promise	NA28+NA27+Tyn+SBL+WH+Treg+TR+Byz	
11	9	8	NKO	ὡς	hōs	G5613	PRT	ὡς	which/how	as [in]	NA28+NA27+Tyn+SBL+WH+Treg+TR+Byz	
11	9	9	NKO	ἀλλοτρίαν	allotrian	G0245	A-ASF	ἀλλότριος	another’s	a foreign [country]	NA28+NA27+Tyn+SBL+WH+Treg+TR+Byz	
11	9	10	NKO	ἐν	en	G1722	PREP	ἐν	in/on/among	in	NA28+NA27+Tyn+SBL+WH+Treg+TR+Byz	
11	9	11	NKO	σκηναῖς	skēnais	G4633	N-DPF	σκηνή	tent	tents	NA28+NA27+Tyn+SBL+WH+Treg+TR+Byz	
11	9	12	NKO	κατοικήσας	katoikēsas	G2730	V-AAP-NSM	κατοικέω	to dwell	having dwelt	NA28+NA27+Tyn+SBL+WH+Treg+TR+Byz	
11	9	13	NKO	μετὰ	meta	G3326	PREP	μετά	with/after	with	NA28+NA27+Tyn+SBL+WH+Treg+TR+Byz	
11	9	14	NKO	Ἰσαὰκ	Isaak	G2464	N-GSM-P	Ἰσαάκ	Isaac	Isaac	NA28+NA27+Tyn+SBL+WH+Treg+TR+Byz	
11	9	15	NKO	καὶ	kai	G2532	CONJ	καί	and	and	NA28+NA27+Tyn+SBL+WH+Treg+TR+Byz	
11	9	16	NKO	Ἰακὼβ	Iakōb	G2384H	N-GSM-P	Ἰακώβ	Jacob	Jacob	NA28+NA27+Tyn+SBL+WH+Treg+TR+Byz	
11	9	17	NKO	τῶν	tōn	G3588	T-GPM	ὁ	the/this/who	the	NA28+NA27+Tyn+SBL+WH+Treg+TR+Byz	
11	9	18	NKO	συγκληρονόμων	sugklēronomōn	G4789	A-GPM	συγκληρονόμος	co-heir	joint-heirs	NA28+NA27+Tyn+SBL+WH+Treg+TR+Byz	
11	9	19	NKO	τῆς	tēs	G3588	T-GSF	ὁ	the/this/who	of the	NA28+NA27+Tyn+SBL+WH+Treg+TR+Byz	
11	9	20	NKO	ἐπαγγελίας	epangelias	G1860	N-GSF	ἐπαγγελία	promise	promise	NA28+NA27+Tyn+SBL+WH+Treg+TR+Byz	
11	9	21	NKO	τῆς	tēs	G3588	T-GSF	ὁ	the/this/who	<the>	NA28+NA27+Tyn+SBL+WH+Treg+TR+Byz	
11	9	22	NKO	αὐτῆς·	autēs	G0846	P-GSF	αὐτός	he/she/it/self	same;	NA28+NA27+Tyn+SBL+WH+Treg+TR+Byz	
11	10	1	NKO	ἐξεδέχετο	exedecheto	G1551	V-INI-3S	ἐκδέχομαι	to wait for	He was awaiting	NA28+NA27+Tyn+SBL+WH+Treg+TR+Byz	
11	10	2	NKO	γὰρ	gar	G1063	CONJ	γάρ	for	for	NA28+NA27+Tyn+SBL+WH+Treg+TR+Byz	
11	10	3	NKO	τὴν	tēn	G3588	T-ASF	ὁ	the/this/who	the	NA28+NA27+Tyn+SBL+WH+Treg+TR+Byz	
11	10	4	NKO	τοὺς	tous	G3588	T-APM	ὁ	the/this/who	<the>	NA28+NA27+Tyn+SBL+WH+Treg+TR+Byz	
11	10	5	NKO	θεμελίους	themelious	G2310	N-APM	θεμέλιος	foundation	foundations	NA28+NA27+Tyn+SBL+WH+Treg+TR+Byz	
11	10	6	NKO	ἔχουσαν	echousan	G2192	V-PAP-ASF	ἔχω	to have/be	having	NA28+NA27+Tyn+SBL+WH+Treg+TR+Byz	
11	10	7	NKO	πόλιν	polin	G4172	N-ASF	πόλις	city	city	NA28+NA27+Tyn+SBL+WH+Treg+TR+Byz	
11	10	8	NKO	ἧς	hēs	G3739	R-GSF	ὅς, ἥ	which	of which	NA28+NA27+Tyn+SBL+WH+Treg+TR+Byz	
11	10	9	NKO	τεχνίτης	technitēs	G5079	N-NSM	τεχνίτης	craftsman	[the] architect	NA28+NA27+Tyn+SBL+WH+Treg+TR+Byz	
11	10	10	NKO	καὶ	kai	G2532	CONJ	καί	and	and	NA28+NA27+Tyn+SBL+WH+Treg+TR+Byz	
11	10	11	NKO	δημιουργὸς	dēmiourgos	G1217	N-NSM	δημιουργός	builder	builder [is]	NA28+NA27+Tyn+SBL+WH+Treg+TR+Byz	
11	10	12	NKO	ὁ	ho	G3588	T-NSM	ὁ	the/this/who	<the>	NA28+NA27+Tyn+SBL+WH+Treg+TR+Byz	
11	10	13	NKO	θεός.¶	theos	G2316	N-NSM-T	θεός	God	God.	NA28+NA27+Tyn+SBL+WH+Treg+TR+Byz	
11	11	1	NKO	Πίστει	Pistei	G4102G	N-DSF	πίστις	faith	By faith	NA28+NA27+Tyn+SBL+WH+Treg+TR+Byz	
11	11	2	NKO	καὶ	kai	G2532	CONJ	καί	and	also	NA28+NA27+Tyn+SBL+WH+Treg+TR+Byz	
11	11	3	NKO	αὐτὴ	autē	G0846	P-NSF	αὐτός	he/she/it/self	herself	NA28+NA27+Tyn+SBL+WH+Treg+TR+Byz	
11	11	4	NKO	Σάρρα	Sarra	G4564	N-NSF-P	Σάρρα	Sarah	Sarah	NA28+NA27+Tyn+SBL+WH+Treg+TR+Byz	
11	11	5	N	στεῖρα	steira	G4723	N-NSF	στεῖρα	infertility	[being] barren	NA28+NA27	
11	11	6	NKO	δύναμιν	dunamin	G1411	N-ASF	δύναμις	power	power	NA28+NA27+Tyn+SBL+WH+Treg+TR+Byz	
11	11	7	NKO	εἰς	eis	G1519	PREP	εἰς	toward	for	NA28+NA27+Tyn+SBL+WH+Treg+TR+Byz	
11	11	8	NKO	καταβολὴν	katabolēn	G2602	N-ASF	καταβολή	beginning	[the] conception	NA28+NA27+Tyn+SBL+WH+Treg+TR+Byz	
11	11	9	NKO	σπέρματος	spermatos	G4690G	N-GSN	σπέρμα	seed	of seed	NA28+NA27+Tyn+SBL+WH+Treg+TR+Byz	
11	11	10	NKO	ἔλαβεν	elaben	G2983	V-2AAI-3S	λαμβάνω	to take	received	NA28+NA27+Tyn+SBL+WH+Treg+TR+Byz	
11	11	11	NKO	καὶ	kai	G2532	CONJ	καί	and	even	NA28+NA27+Tyn+SBL+WH+Treg+TR+Byz	
11	11	12	NKO	παρὰ	para	G3844	PREP	παρά	from with	beyond	NA28+NA27+Tyn+SBL+WH+Treg+TR+Byz	
11	11	13	NKO	καιρὸν	kairon	G2540	N-ASM	καιρός	time/right time	[the] opportune	NA28+NA27+Tyn+SBL+WH+Treg+TR+Byz	
11	11	14	NKO	ἡλικίας	hēlikias	G2244	N-GSF	ἡλικία	age/height	age	NA28+NA27+Tyn+SBL+WH+Treg+TR+Byz	
11	11	15	K	ἔτεκεν,	eteken	G5088	V-2AAI-3S	τίκτω	to give birth to	she brought forth	TR+Byz	
11	11	16	NKO	ἐπεὶ	epei	G1893	CONJ	ἐπεί	since	since	NA28+NA27+Tyn+SBL+WH+Treg+TR+Byz	
11	11	17	NKO	πιστὸν	piston	G4103	A-ASM	πιστός	faithful	faithful	NA28+NA27+Tyn+SBL+WH+Treg+TR+Byz	
11	11	18	NKO	ἡγήσατο	hēgēsato	G2233	V-ADI-3S	ἡγέομαι	to govern	she considered	NA28+NA27+Tyn+SBL+WH+Treg+TR+Byz	
11	11	19	NKO	τὸν	ton	G3588	T-ASM	ὁ	the/this/who	the [One]	NA28+NA27+Tyn+SBL+WH+Treg+TR+Byz	
11	11	20	NKO	ἐπαγγειλάμενον.	epangeilamenon	G1861	V-ADP-ASM	ἐπαγγέλλω	to profess	having promised.	NA28+NA27+Tyn+SBL+WH+Treg+TR+Byz	
11	12	1	NKO	διὸ	dio	G1352	CONJ	διό	for	Therefore	NA28+NA27+Tyn+SBL+WH+Treg+TR+Byz	
11	12	2	NKO	καὶ	kai	G2532	CONJ	καί	and	also	NA28+NA27+Tyn+SBL+WH+Treg+TR+Byz	
11	12	3	NKO	ἀφ᾽	aph᾽	G0575	PREP	ἀπό	away from	from	NA28+NA27+Tyn+SBL+WH+Treg+TR+Byz	
11	12	4	NKO	ἑνὸς	henos	G1520	A-GSM	εἷς	one	one man	NA28+NA27+Tyn+SBL+WH+Treg+TR+Byz	
11	12	5	NKO	ἐγεννήθησαν,	egennēthēsan	G1080	V-API-3P	γεννάω	to beget	were born,	NA28+NA27+Tyn+SBL+WH+Treg+TR+Byz	
11	12	6	NKO	καὶ	kai	G2532	CONJ	καί	and	and	NA28+NA27+Tyn+SBL+WH+Treg+TR+Byz	
11	12	7	NKO	ταῦτα	tauta	G3778	D-APN	οὗτος	this/he/she/it	he	NA28+NA27+Tyn+SBL+WH+Treg+TR+Byz	
11	12	8	NKO	νενεκρωμένου,	nenekrōmenou	G3499	V-RPP-GSM	νεκρόω	to put to death	as good as dead,	NA28+NA27+Tyn+SBL+WH+Treg+TR+Byz	
11	12	9	NKO	καθὼς	kathōs	G2531	CONJ	καθώς	as/just as	even as	NA28+NA27+Tyn+SBL+WH+Treg+TR+Byz	
11	12	10	NKO	τὰ	ta	G3588	T-NPN	ὁ	the/this/who	the	NA28+NA27+Tyn+SBL+WH+Treg+TR+Byz	
11	12	11	NKO	ἄστρα	astra	G0798	N-NPN	ἄστρον	star	stars	NA28+NA27+Tyn+SBL+WH+Treg+TR+Byz	
11	12	12	NKO	τοῦ	tou	G3588	T-GSM	ὁ	the/this/who	<the>	NA28+NA27+Tyn+SBL+WH+Treg+TR+Byz	
11	12	13	NKO	οὐρανοῦ	ouranou	G3772	N-GSM	οὐρανός	heaven	of heaven	NA28+NA27+Tyn+SBL+WH+Treg+TR+Byz	
11	12	14	NKO	τῷ	tō	G3588	T-DSN	ὁ	the/this/who	<the>	NA28+NA27+Tyn+SBL+WH+Treg+TR+Byz	
11	12	15	NKO	πλήθει	plēthei	G4128	N-DSN	πλῆθος	multitude	in multitude	NA28+NA27+Tyn+SBL+WH+Treg+TR+Byz	
11	12	16	NKO	καὶ	kai	G2532	CONJ	καί	and	and	NA28+NA27+Tyn+SBL+WH+Treg+TR+Byz	
11	12	17	N(k)O	ὡς	hōs	G5613	PRT	ὡς	which/how	as	NA28+NA27+Tyn+SBL+WH+Treg+Byz	
11	12	18	NKO	ἡ	hē	G3588	T-NSF	ὁ	the/this/who	the	NA28+NA27+Tyn+SBL+WH+Treg+Byz+KJV	
11	12	19	NKO	ἄμμος	ammos	G0285	N-NSF	ἄμμος	sand	sand	NA28+NA27+Tyn+SBL+WH+Treg+TR+Byz	
11	12	20	NKO	ἡ	hē	G3588	T-NSF	ὁ	the/this/who	<the>	NA28+NA27+Tyn+SBL+WH+Treg+TR+Byz	
11	12	21	NKO	παρὰ	para	G3844	PREP	παρά	from with	by	NA28+NA27+Tyn+SBL+WH+Treg+TR+Byz	
11	12	22	NKO	τὸ	to	G3588	T-ASN	ὁ	the/this/who	the	NA28+NA27+Tyn+SBL+WH+Treg+TR+Byz	
11	12	23	NKO	χεῖλος	cheilos	G5491	N-ASN	χεῖλος	lip	shore	NA28+NA27+Tyn+SBL+WH+Treg+TR+Byz	
11	12	24	NKO	τῆς	tēs	G3588	T-GSF	ὁ	the/this/who	of the	NA28+NA27+Tyn+SBL+WH+Treg+TR+Byz	
11	12	25	NKO	θαλάσσης	thalassēs	G2281	N-GSF	θάλασσα	sea	sea	NA28+NA27+Tyn+SBL+WH+Treg+TR+Byz	
11	12	26	NKO	ἡ	hē	G3588	T-NSF	ὁ	the/this/who	<the>	NA28+NA27+Tyn+SBL+WH+Treg+TR+Byz	
11	12	27	NKO	ἀναρίθμητος.¶	anarithmētos	G0382	A-NSF	ἀναρίθμητος	countless	countless.	NA28+NA27+Tyn+SBL+WH+Treg+TR+Byz	
11	13	1	NKO	Κατὰ	Kata	G2596	PREP	κατά	according to	In	NA28+NA27+Tyn+SBL+WH+Treg+TR+Byz	
11	13	2	NKO	πίστιν	pistin	G4102G	N-ASF	πίστις	faith	faith	NA28+NA27+Tyn+SBL+WH+Treg+TR+Byz	
11	13	3	NKO	ἀπέθανον	apethanon	G0599	V-2AAI-3P	ἀποθνήσκω	to die	died	NA28+NA27+Tyn+SBL+WH+Treg+TR+Byz	
11	13	4	NKO	οὗτοι	houtoi	G3778	D-NPM	οὗτος	this/he/she/it	these	NA28+NA27+Tyn+SBL+WH+Treg+TR+Byz	
11	13	5	NKO	πάντες	pantes	G3956	A-NPM	πᾶς	all	all	NA28+NA27+Tyn+SBL+WH+Treg+TR+Byz	
11	13	6	NKO	μὴ	mē	G3361	PRT-N	μή	not	not	NA28+NA27+Tyn+SBL+WH+Treg+TR+Byz	
11	13	7	NK(O)	λαβόντες	labontes	G2983	V-2AAP-NPM	λαμβάνω	to take	having received	NA28+NA27+Tyn+SBL+TR+Byz	
11	13	8	NKO	τὰς	tas	G3588	T-APF	ὁ	the/this/who	the	NA28+NA27+Tyn+SBL+WH+Treg+TR+Byz	
11	13	9	NKO	ἐπαγγελίας	epangelias	G1860	N-APF	ἐπαγγελία	promise	promises	NA28+NA27+Tyn+SBL+WH+Treg+TR+Byz	
11	13	10	NKO	ἀλλὰ	alla	G0235	CONJ	ἀλλά	but	but	NA28+NA27+Tyn+SBL+WH+Treg+TR+Byz	
11	13	11	NKO	πόρρωθεν	porrōthen	G4207	ADV-C	πόρρωθεν	afar off	from afar	NA28+NA27+Tyn+SBL+WH+Treg+TR+Byz	
11	13	12	NKO	αὐτὰς	autas	G0846	P-APF	αὐτός	he/she/it/self	them	NA28+NA27+Tyn+SBL+WH+Treg+TR+Byz	
11	13	13	NKO	ἰδόντες	idontes	G1492H	V-2AAP-NPM	εἴδω	to perceive	having seen	NA28+NA27+Tyn+SBL+WH+Treg+TR+Byz	
11	13	14	NKO	καὶ	kai	G2532	CONJ	καί	and	and	NA28+NA27+Tyn+SBL+WH+Treg+TR+Byz	
11	13	15	K	πεισθέντες	peisthentes	G3982	V-APP-NPM	πείθω	to persuade	having been persuaded	TR	
11	13	16	K	καὶ	kai	G2532	CONJ	καί	and	and	TR	
11	13	17	NKO	ἀσπασάμενοι	aspasamenoi	G0782	V-ADP-NPM	ἀσπάζομαι	to pay respects to	having embraced [them]	NA28+NA27+Tyn+SBL+WH+Treg+TR+Byz	
11	13	18	NKO	καὶ	kai	G2532	CONJ	καί	and	and	NA28+NA27+Tyn+SBL+WH+Treg+TR+Byz	
11	13	19	NKO	ὁμολογήσαντες	homologēsantes	G3670	V-AAP-NPM	ὁμολογέω	to confess/profess	having confessed	NA28+NA27+Tyn+SBL+WH+Treg+TR+Byz	
11	13	20	NKO	ὅτι	hoti	G3754G	CONJ	ὅτι	that/since	that	NA28+NA27+Tyn+SBL+WH+Treg+TR+Byz	
11	13	21	NKO	ξένοι	xenoi	G3581	A-NPM	ξένος	foreign	strangers	NA28+NA27+Tyn+SBL+WH+Treg+TR+Byz	
11	13	22	NKO	καὶ	kai	G2532	CONJ	καί	and	and	NA28+NA27+Tyn+SBL+WH+Treg+TR+Byz	
11	13	23	NKO	παρεπίδημοί	parepidēmoi	G3927	A-NPM	παρεπίδημος	stranger	sojourners	NA28+NA27+Tyn+SBL+WH+Treg+TR+Byz	
11	13	24	NKO	εἰσιν	eisin	G1510	V-PAI-3P	εἰμί	to be	they are	NA28+NA27+Tyn+SBL+WH+Treg+TR+Byz	
11	13	25	NKO	ἐπὶ	epi	G1909	PREP	ἐπί	upon/to/against	on	NA28+NA27+Tyn+SBL+WH+Treg+TR+Byz	
11	13	26	NKO	τῆς	tēs	G3588	T-GSF	ὁ	the/this/who	the	NA28+NA27+Tyn+SBL+WH+Treg+TR+Byz	
11	13	27	NKO	γῆς.	gēs	G1093G	N-GSF	γῆ	earth	earth.	NA28+NA27+Tyn+SBL+WH+Treg+TR+Byz	
11	14	1	NKO	οἱ	hoi	G3588	T-NPM	ὁ	the/this/who	Those	NA28+NA27+Tyn+SBL+WH+Treg+TR+Byz	
11	14	2	NKO	γὰρ	gar	G1063	CONJ	γάρ	for	for	NA28+NA27+Tyn+SBL+WH+Treg+TR+Byz	
11	14	3	NKO	τοιαῦτα	toiauta	G5108	D-APN	τοιοῦτος	such as this	such things	NA28+NA27+Tyn+SBL+WH+Treg+TR+Byz	
11	14	4	NKO	λέγοντες	legontes	G3004G	V-PAP-NPM	λέγω	to speak	saying	NA28+NA27+Tyn+SBL+WH+Treg+TR+Byz	
11	14	5	NKO	ἐμφανίζουσιν	emphanizousin	G1718	V-PAI-3P	ἐμφανίζω	to show	make manifest	NA28+NA27+Tyn+SBL+WH+Treg+TR+Byz	
11	14	6	NKO	ὅτι	hoti	G3754G	CONJ	ὅτι	that/since	that	NA28+NA27+Tyn+SBL+WH+Treg+TR+Byz	
11	14	7	NKO	πατρίδα	patrida	G3968	N-ASF	πατρίς	fatherland	their country	NA28+NA27+Tyn+SBL+WH+Treg+TR+Byz	
11	14	8	NKO	ἐπιζητοῦσιν.	epizētousin	G1934	V-PAI-3P	ἐπιζητέω	to seek after	they are seeking.	NA28+NA27+Tyn+SBL+WH+Treg+TR+Byz	
11	15	1	NKO	καὶ	kai	G2532	CONJ	καί	and	And	NA28+NA27+Tyn+SBL+WH+Treg+TR+Byz	
11	15	2	NKO	εἰ	ei	G1487G	COND	εἰ	if	if	NA28+NA27+Tyn+SBL+WH+Treg+TR+Byz	
11	15	3	NKO	μὲν	men	G3303	PRT	μέν	on one hand	indeed	NA28+NA27+Tyn+SBL+WH+Treg+TR+Byz	
11	15	4	NKO	ἐκείνης	ekeinēs	G1565	D-GSF	ἐκεῖνος	that	that [one]	NA28+NA27+Tyn+SBL+WH+Treg+TR+Byz	
11	15	5	NK(o)	ἐμνημόνευον	emnēmoneuon	G3421	V-IAI-3P	μνημονεύω	to remember	they were remembering	NA28+NA27+Tyn+WH+TR+Byz	
11	15	6	NKO	ἀφ᾽	aph᾽	G0575	PREP	ἀπό	away from	from	NA28+NA27+Tyn+SBL+WH+Treg+TR+Byz	
11	15	7	NKO	ἧς	hēs	G3739	R-GSF	ὅς, ἥ	which	where	NA28+NA27+Tyn+SBL+WH+Treg+TR+Byz	
11	15	8	N(k)O	ἐξέβησαν,	exebēsan	G6092	V-2AAI-3P	ἐκβαίνω	to_step_out	they came out,	NA28+NA27+Tyn+SBL+WH+Treg	
11	15	9	NKO	εἶχον	eichon	G2192	V-IAI-3P	ἔχω	to have/be	they had	NA28+NA27+Tyn+SBL+WH+Treg+TR+Byz	
11	15	10	NKO	ἂν	an	G0302	PRT	ἄν	if	then would	NA28+NA27+Tyn+SBL+WH+Treg+TR+Byz	
11	15	11	NKO	καιρὸν	kairon	G2540	N-ASM	καιρός	time/right time	opportunity	NA28+NA27+Tyn+SBL+WH+Treg+TR+Byz	
11	15	12	NKO	ἀνακάμψαι·	anakampsai	G0344	V-AAN	ἀνακάμπτω	to return	to return;	NA28+NA27+Tyn+SBL+WH+Treg+TR+Byz	
11	16	1	N(k)O	νῦν	nun	G3568	ADV	νῦν	now	now	NA28+NA27+Tyn+SBL+WH+Treg+Byz	
11	16	2	NKO	δὲ	de	G1161	CONJ	δέ	but/and	however	NA28+NA27+Tyn+SBL+WH+Treg+TR+Byz	
11	16	3	NKO	κρείττονος	kreittonos	G2908	A-GSF-C	κρείσσων	greater	to a better [one]	NA28+NA27+Tyn+SBL+WH+Treg+TR+Byz	
11	16	4	NKO	ὀρέγονται,	oregontai	G3713	V-PMI-3P	ὀρέγω	to aspire	they stretch forward to,	NA28+NA27+Tyn+SBL+WH+Treg+TR+Byz	
11	16	5	NKO	τοῦτ᾽	tout᾽	G3778	D-NSN	οὗτος	this/he/she/it	That	NA28+NA27+Tyn»1+SBL+WH+Treg+TR+Byz	
11	16	6	NKO	ἔστιν	estin	G1510	V-PAI-3S	εἰμί	to be	is	NA28+NA27+Tyn+SBL+WH+Treg+TR+Byz	
11	16	7	NKO	ἐπουρανίου·	epouraniou	G2032	A-GSF	ἐπουράνιος	heavenly	to a heavenly [one];	NA28+NA27+Tyn+SBL+WH+Treg+TR+Byz	
11	16	8	NKO	διὸ	dio	G1352	CONJ	διό	for	Therefore	NA28+NA27+Tyn+SBL+WH+Treg+TR+Byz	
11	16	9	NKO	οὐκ	ouk	G3756	PRT-N	οὐ	no	not	NA28+NA27+Tyn+SBL+WH+Treg+TR+Byz	
11	16	10	NKO	ἐπαισχύνεται	epaischunetai	G1870	V-PNI-3S	ἐπαισχύνομαι	be ashamed of	is ashamed of	NA28+NA27+Tyn+SBL+WH+Treg+TR+Byz	
11	16	11	NKO	αὐτοὺς	autous	G0846	P-APM	αὐτός	he/she/it/self	them	NA28+NA27+Tyn+SBL+WH+Treg+TR+Byz	
11	16	12	NKO	ὁ	ho	G3588	T-NSM	ὁ	the/this/who	<the>	NA28+NA27+Tyn+SBL+WH+Treg+TR+Byz	
11	16	13	NKO	θεὸς	theos	G2316	N-NSM-T	θεός	God	God	NA28+NA27+Tyn+SBL+WH+Treg+TR+Byz	
11	16	14	NKO	θεὸς	theos	G2316	N-NSM-T	θεός	God	God	NA28+NA27+Tyn+SBL+WH+Treg+TR+Byz	
11	16	15	NKO	ἐπικαλεῖσθαι	epikaleisthai	G1941	V-PPN	ἐπικαλέω	to call (on)/name	to be called	NA28+NA27+Tyn+SBL+WH+Treg+TR+Byz	
11	16	16	NKO	αὐτῶν·	autōn	G0846	P-GPM	αὐτός	he/she/it/self	of them;	NA28+NA27+Tyn+SBL+WH+Treg+TR+Byz	
11	16	17	NKO	ἡτοίμασεν	hētoimasen	G2090	V-AAI-3S	ἑτοιμάζω	to make ready	He has prepared	NA28+NA27+Tyn+SBL+WH+Treg+TR+Byz	
11	16	18	NKO	γὰρ	gar	G1063	CONJ	γάρ	for	indeed	NA28+NA27+Tyn+SBL+WH+Treg+TR+Byz	
11	16	19	NKO	αὐτοῖς	autois	G0846	P-DPM	αὐτός	he/she/it/self	for them	NA28+NA27+Tyn+SBL+WH+Treg+TR+Byz	
11	16	20	NKO	πόλιν.¶	polin	G4172	N-ASF	πόλις	city	a city.	NA28+NA27+Tyn+SBL+WH+Treg+TR+Byz	
11	17	1	NKO	Πίστει	Pistei	G4102G	N-DSF	πίστις	faith	By faith	NA28+NA27+Tyn+SBL+WH+Treg+TR+Byz	
11	17	2	NKO	προσενήνοχεν	prosenēnochen	G4374	V-2RAI-3S	προσφέρω	to bring to	has offered up	NA28+NA27+Tyn+SBL+WH+Treg+TR+Byz	
11	17	3	NKO	Ἀβραὰμ	Abraam	G0011	N-NSM-P	Ἀβραάμ	Abraham	Abraham	NA28+NA27+Tyn+SBL+WH+Treg+TR+Byz	
11	17	4	NKO	τὸν	ton	G3588	T-ASM	ὁ	the/this/who	<the>	NA28+NA27+Tyn+SBL+WH+Treg+TR+Byz	
11	17	5	NKO	Ἰσαὰκ	Isaak	G2464	N-ASM-P	Ἰσαάκ	Isaac	Isaac	NA28+NA27+Tyn+SBL+WH+Treg+TR+Byz	
11	17	6	NKO	πειραζόμενος,	peirazomenos	G3985H	V-PPP-NSM	πειράζω	to test/tempt	Being tested,	NA28+NA27+Tyn+SBL+WH+Treg+TR+Byz	
11	17	7	NKO	καὶ	kai	G2532	CONJ	καί	and	even	NA28+NA27+Tyn+SBL+WH+Treg+TR+Byz	
11	17	8	NKO	τὸν	ton	G3588	T-ASM	ὁ	the/this/who	<the>	NA28+NA27+Tyn+SBL+WH+Treg+TR+Byz	
11	17	9	NKO	μονογενῆ	monogenē	G3439	A-ASM	μονογενής	unique	[his] only begotten [son]	NA28+NA27+Tyn+SBL+WH+Treg+TR+Byz	
11	17	10	NKO	προσέφερεν	prosepheren	G4374	V-IAI-3S	προσφέρω	to bring to	was offering up	NA28+NA27+Tyn+SBL+WH+Treg+TR+Byz	
11	17	11	NKO	ὁ	ho	G3588	T-NSM	ὁ	the/this/who	the [one]	NA28+NA27+Tyn+SBL+WH+Treg+TR+Byz	
11	17	12	NKO	τὰς	tas	G3588	T-APF	ὁ	the/this/who	the	NA28+NA27+Tyn+SBL+WH+Treg+TR+Byz	
11	17	13	NKO	ἐπαγγελίας	epangelias	G1860	N-APF	ἐπαγγελία	promise	promises	NA28+NA27+Tyn+SBL+WH+Treg+TR+Byz	
11	17	14	NKO	ἀναδεξάμενος,	anadexamenos	G0324	V-ADP-NSM	ἀναδέχομαι	to receive	having received,	NA28+NA27+Tyn+SBL+WH+Treg+TR+Byz	
11	18	1	NKO	πρὸς	pros	G4314	PREP	πρός	to/with	as to	NA28+NA27+Tyn+SBL+WH+Treg+TR+Byz	
11	18	2	NKO	ὃν	hon	G3739	R-ASM	ὅς, ἥ	which	whom	NA28+NA27+Tyn+SBL+WH+Treg+TR+Byz	
11	18	3	NKO	ἐλαλήθη	elalēthē	G2980	V-API-3S	λαλέω	to speak	it was said	NA28+NA27+Tyn+SBL+WH+Treg+TR+Byz	
11	18	4	NKO	ὅτι	hoti	G3754G	CONJ	ὅτι	that/since	that	NA28+NA27+Tyn+SBL+WH+Treg+TR+Byz	
11	18	5	NKO	ἐν	en	G1722	PREP	ἐν	in/on/among	In	NA28+NA27+Tyn+SBL+WH+Treg+TR+Byz	
11	18	6	NKO	Ἰσαὰκ	Isaak	G2464	N-DSM-P	Ἰσαάκ	Isaac	Isaac	NA28+NA27+Tyn+SBL+WH+Treg+TR+Byz	
11	18	7	NKO	κληθήσεταί	klēthēsetai	G2564H	V-FPI-3S	καλέω	to call	will be reckoned	NA28+NA27+Tyn+SBL+WH+Treg+TR+Byz	
11	18	8	NKO	σοι	soi	G4771	P-2DS	σύ	you	your	NA28+NA27+Tyn+SBL+WH+Treg+TR+Byz	
11	18	9	NKO	σπέρμα·	sperma	G4690G	N-NSN	σπέρμα	seed	offspring;	NA28+NA27+Tyn+SBL+WH+Treg+TR+Byz	
11	19	1	NKO	λογισάμενος	logisamenos	G3049	V-ADP-NSM	λογίζομαι	to count	having reasoned	NA28+NA27+Tyn+SBL+WH+Treg+TR+Byz	
11	19	2	NKO	ὅτι	hoti	G3754G	CONJ	ὅτι	that/since	that	NA28+NA27+Tyn+SBL+WH+Treg+TR+Byz	
11	19	3	NKO	καὶ	kai	G2532	CONJ	καί	and	even	NA28+NA27+Tyn+SBL+WH+Treg+TR+Byz	
11	19	4	NKO	ἐκ	ek	G1537	PREP	ἐκ	out from	out from	NA28+NA27+Tyn+SBL+WH+Treg+TR+Byz	
11	19	5	NKO	νεκρῶν	nekrōn	G3498	A-GPM	νεκρός	dead	[the] dead	NA28+NA27+Tyn+SBL+WH+Treg+TR+Byz	
11	19	6	NKO	ἐγείρειν	egeirein	G1453	V-PAN	ἐγείρω	to arise	to raise	NA28+NA27+Tyn+SBL+WH+Treg+TR+Byz	
11	19	7	NKO	δυνατὸς	dunatos	G1415	A-NSM	δυνατός	able	able [was]	NA28+NA27+Tyn+SBL+WH+Treg+TR+Byz	
11	19	8	NKO	ὁ	ho	G3588	T-NSM	ὁ	the/this/who	<the>	NA28+NA27+Tyn+SBL+WH+Treg+TR+Byz	
11	19	9	NKO	θεός,	theos	G2316	N-NSM-T	θεός	God	God,	NA28+NA27+Tyn+SBL+WH+Treg+TR+Byz	
11	19	10	NKO	ὅθεν	hothen	G3606	PREP	ὅθεν	whence	from where	NA28+NA27+Tyn+SBL+WH+Treg+TR+Byz	
11	19	11	NKO	αὐτὸν	auton	G0846	P-ASM	αὐτός	he/she/it/self	him	NA28+NA27+Tyn+SBL+WH+Treg+TR+Byz	
11	19	12	NKO	καὶ	kai	G2532	CONJ	καί	and	also	NA28+NA27+Tyn+SBL+WH+Treg+TR+Byz	
11	19	13	NKO	ἐν	en	G1722	PREP	ἐν	in/on/among	in	NA28+NA27+Tyn+SBL+WH+Treg+TR+Byz	
11	19	14	NKO	παραβολῇ	parabolēa	G3850	N-DSF	παραβολή	parable	a simile	NA28+NA27+Tyn+SBL+WH+Treg+TR+Byz	
11	19	15	NKO	ἐκομίσατο.¶	ekomisato	G2865	V-AMI-3S	κομίζω	to bring/be repaid	he received.	NA28+NA27+Tyn+SBL+WH+Treg+TR+Byz	
11	20	1	NKO	Πίστει	Pistei	G4102G	N-DSF	πίστις	faith	By faith	NA28+NA27+Tyn+SBL+WH+Treg+TR+Byz	
11	20	2	no	καὶ	kai	G2532	CONJ	καί	and	also	NA28+NA27+Tyn+SBL+WH+Treg	
11	20	3	NKO	περὶ	peri	G4012	PREP	περί	about	concerning	NA28+NA27+Tyn+SBL+WH+Treg+TR+Byz	
11	20	4	NKO	μελλόντων	mellontōn	G3195	V-PAP-GPN	μέλλω	to ensue	[the things] coming	NA28+NA27+Tyn+SBL+WH+Treg+TR+Byz	
11	20	5	NKO	εὐλόγησεν	eulogēsen	G2127	V-AAI-3S	εὐλογέω	to praise/bless	blessed	NA28+NA27+Tyn+SBL+WH+Treg+TR+Byz	
11	20	6	NKO	Ἰσαὰκ	Isaak	G2464	N-NSM-P	Ἰσαάκ	Isaac	Isaac	NA28+NA27+Tyn+SBL+WH+Treg+TR+Byz	
11	20	7	NKO	τὸν	ton	G3588	T-ASM	ὁ	the/this/who	<the>	NA28+NA27+Tyn+SBL+WH+Treg+TR+Byz	
11	20	8	NKO	Ἰακὼβ	Iakōb	G2384H	N-ASM-P	Ἰακώβ	Jacob	Jacob	NA28+NA27+Tyn+SBL+WH+Treg+TR+Byz	
11	20	9	NKO	καὶ	kai	G2532	CONJ	καί	and	and	NA28+NA27+Tyn+SBL+WH+Treg+TR+Byz	
11	20	10	NKO	τὸν	ton	G3588	T-ASM	ὁ	the/this/who	<the>	NA28+NA27+Tyn+SBL+WH+Treg+TR+Byz	
11	20	11	NKO	Ἠσαῦ.¶	Ēsau	G2269G	N-ASM-P	Ἠσαῦ	Esau	Esau.	NA28+NA27+Tyn+SBL+WH+Treg+TR+Byz	
11	21	1	NKO	Πίστει	Pistei	G4102G	N-DSF	πίστις	faith	By faith	NA28+NA27+Tyn+SBL+WH+Treg+TR+Byz	
11	21	2	NKO	Ἰακὼβ	Iakōb	G2384H	N-NSM-P	Ἰακώβ	Jacob	Jacob	NA28+NA27+Tyn+SBL+WH+Treg+TR+Byz	
11	21	3	NKO	ἀποθνῄσκων	apothnēskōn	G0599	V-PAP-NSM	ἀποθνήσκω	to die	dying	NA28+NA27+Tyn+SBL+WH+Treg+TR+Byz	
11	21	4	NKO	ἕκαστον	hekaston	G1538	A-ASM	ἕκαστος	each	each	NA28+NA27+Tyn+SBL+WH+Treg+TR+Byz	
11	21	5	NKO	τῶν	tōn	G3588	T-GPM	ὁ	the/this/who	of the	NA28+NA27+Tyn+SBL+WH+Treg+TR+Byz	
11	21	6	NKO	υἱῶν	huiōn	G5207	N-GPM	υἱός	son	sons	NA28+NA27+Tyn+SBL+WH+Treg+TR+Byz	
11	21	7	NKO	Ἰωσὴφ	Iōsēph	G2501N	N-GSM-P	Ἰωσήφ	Joseph	of Joseph	NA28+NA27+Tyn+SBL+WH+Treg+TR+Byz	
11	21	8	NKO	εὐλόγησεν	eulogēsen	G2127	V-AAI-3S	εὐλογέω	to praise/bless	blessed	NA28+NA27+Tyn+SBL+WH+Treg+TR+Byz	
11	21	9	NKO	καὶ	kai	G2532	CONJ	καί	and	and	NA28+NA27+Tyn+SBL+WH+Treg+TR+Byz	
11	21	10	NKO	προσεκύνησεν	prosekunēsen	G4352	V-AAI-3S	προσκυνέω	to worship	worshiped	NA28+NA27+Tyn+SBL+WH+Treg+TR+Byz	
11	21	11	NKO	ἐπὶ	epi	G1909	PREP	ἐπί	upon/to/against	on	NA28+NA27+Tyn+SBL+WH+Treg+TR+Byz	
11	21	12	NKO	τὸ	to	G3588	T-ASN	ὁ	the/this/who	the	NA28+NA27+Tyn+SBL+WH+Treg+TR+Byz	
11	21	13	NKO	ἄκρον	akron	G0206	N-ASN	ἄκρον	end	top	NA28+NA27+Tyn+SBL+WH+Treg+TR+Byz	
11	21	14	NKO	τῆς	tēs	G3588	T-GSF	ὁ	the/this/who	of the	NA28+NA27+Tyn+SBL+WH+Treg+TR+Byz	
11	21	15	NKO	ῥάβδου	rhabdou	G4464	N-GSF	ῥάβδος	rod	staff	NA28+NA27+Tyn+SBL+WH+Treg+TR+Byz	
11	21	16	NKO	αὐτοῦ.¶	autou	G0846	P-GSM	αὐτός	he/she/it/self	of him.	NA28+NA27+Tyn+SBL+WH+Treg+TR+Byz	
11	22	1	NKO	Πίστει	Pistei	G4102G	N-DSF	πίστις	faith	By faith	NA28+NA27+Tyn+SBL+WH+Treg+TR+Byz	
11	22	2	NKO	Ἰωσὴφ	Iōsēph	G2501N	N-NSM-P	Ἰωσήφ	Joseph	Joseph	NA28+NA27+Tyn+SBL+WH+Treg+TR+Byz	
11	22	3	NKO	τελευτῶν	teleutōn	G5053	V-PAP-NSM	τελευτάω	to decease	dying	NA28+NA27+Tyn+SBL+WH+Treg+TR+Byz	
11	22	4	NKO	περὶ	peri	G4012	PREP	περί	about	concerning	NA28+NA27+Tyn+SBL+WH+Treg+TR+Byz	
11	22	5	NKO	τῆς	tēs	G3588	T-GSF	ὁ	the/this/who	the	NA28+NA27+Tyn+SBL+WH+Treg+TR+Byz	
11	22	6	NKO	ἐξόδου	exodou	G1841	N-GSF	ἔξοδος	departure	exodus	NA28+NA27+Tyn+SBL+WH+Treg+TR+Byz	
11	22	7	NKO	τῶν	tōn	G3588	T-GPM	ὁ	the/this/who	of the	NA28+NA27+Tyn+SBL+WH+Treg+TR+Byz	
11	22	8	NKO	υἱῶν	huiōn	G5207	N-GPM	υἱός	son	sons	NA28+NA27+Tyn+SBL+WH+Treg+TR+Byz	
11	22	9	NKO	Ἰσραὴλ	Israēl	G2474	N-GSM-L	Ἰσραήλ	Israel	of Israel	NA28+NA27+Tyn+SBL+WH+Treg+TR+Byz	
11	22	10	NKO	ἐμνημόνευσεν	emnēmoneusen	G3421	V-AAI-3S	μνημονεύω	to remember	made mention	NA28+NA27+Tyn+SBL+WH+Treg+TR+Byz	
11	22	11	NKO	καὶ	kai	G2532	CONJ	καί	and	and	NA28+NA27+Tyn+SBL+WH+Treg+TR+Byz	
11	22	12	NKO	περὶ	peri	G4012	PREP	περί	about	concerning	NA28+NA27+Tyn+SBL+WH+Treg+TR+Byz	
11	22	13	NKO	τῶν	tōn	G3588	T-GPN	ὁ	the/this/who	the	NA28+NA27+Tyn+SBL+WH+Treg+TR+Byz	
11	22	14	NKO	ὀστέων	osteōn	G3747	N-GPN	ὀστέον	bone	bones	NA28+NA27+Tyn+SBL+WH+Treg+TR+Byz	
11	22	15	NKO	αὐτοῦ	autou	G0846	P-GSM	αὐτός	he/she/it/self	of him	NA28+NA27+Tyn+SBL+WH+Treg+TR+Byz	
11	22	16	NKO	ἐνετείλατο.¶	eneteilato	G1781	V-ADI-3S	ἐντέλλω	to order	gave instructions.	NA28+NA27+Tyn+SBL+WH+Treg+TR+Byz	
11	23	1	NKO	Πίστει	Pistei	G4102G	N-DSF	πίστις	faith	By faith	NA28+NA27+Tyn+SBL+WH+Treg+TR+Byz	
11	23	2	NKO	Μωϋσῆς	Mōusēs	G3475	N-NSM-P	Μωϋσῆς, Μωσῆς	Moses	Moses	NA28+NA27+Tyn+SBL+WH+Treg+TR+Byz	
11	23	3	NKO	γεννηθεὶς	gennētheis	G1080	V-APP-NSM	γεννάω	to beget	having been born	NA28+NA27+Tyn+SBL+WH+Treg+TR+Byz	
11	23	4	NKO	ἐκρύβη	ekrubē	G2928	V-2API-3S	κρύπτω	to hide	he was hidden	NA28+NA27+Tyn+SBL+WH+Treg+TR+Byz	
11	23	5	NKO	τρίμηνον	trimēnon	G5150	N-ASN	τρίμηνος	three months	three months	NA28+NA27+Tyn+SBL+WH+Treg+TR+Byz	
11	23	6	NKO	ὑπὸ	hupo	G5259G	PREP	ὑπό	by/under	by	NA28+NA27+Tyn+SBL+WH+Treg+TR+Byz	
11	23	7	NKO	τῶν	tōn	G3588	T-GPM	ὁ	the/this/who	the	NA28+NA27+Tyn+SBL+WH+Treg+TR+Byz	
11	23	8	NKO	πατέρων	paterōn	G3962	N-GPM	πατήρ	father	parents	NA28+NA27+Tyn+SBL+WH+Treg+TR+Byz	
11	23	9	NKO	αὐτοῦ	autou	G0846	P-GSM	αὐτός	he/she/it/self	of him	NA28+NA27+Tyn+SBL+WH+Treg+TR+Byz	
11	23	10	NKO	διότι	dioti	G1360	CONJ	διότι	because	because	NA28+NA27+Tyn+SBL+WH+Treg+TR+Byz	
11	23	11	NKO	εἶδον	eidon	G1492H	V-2AAI-3P	εἴδω	to perceive	they saw	NA28+NA27+Tyn+SBL+WH+Treg+TR+Byz	
11	23	12	NKO	ἀστεῖον	asteion	G0791	A-ASN	ἀστεῖος	beautiful	[was] beautiful	NA28+NA27+Tyn+SBL+WH+Treg+TR+Byz	
11	23	13	NKO	τὸ	to	G3588	T-ASN	ὁ	the/this/who	the	NA28+NA27+Tyn+SBL+WH+Treg+TR+Byz	
11	23	14	NKO	παιδίον	paidion	G3813	N-ASN	παιδίον	child	little child	NA28+NA27+Tyn+SBL+WH+Treg+TR+Byz	
11	23	15	NKO	καὶ	kai	G2532	CONJ	καί	and	and	NA28+NA27+Tyn+SBL+WH+Treg+TR+Byz	
11	23	16	NKO	οὐκ	ouk	G3756	PRT-N	οὐ	no	not	NA28+NA27+Tyn+SBL+WH+Treg+TR+Byz	
11	23	17	NKO	ἐφοβήθησαν	ephobēthēsan	G5399	V-AOI-3P	φοβέω	to fear	they did fear	NA28+NA27+Tyn+SBL+WH+Treg+TR+Byz	
11	23	18	NKO	τὸ	to	G3588	T-ASN	ὁ	the/this/who	the	NA28+NA27+Tyn+SBL+WH+Treg+TR+Byz	
11	23	19	NKO	διάταγμα	diatagma	G1297	N-ASN	διάταγμα	edict	edict	NA28+NA27+Tyn+SBL+WH+Treg+TR+Byz	
11	23	20	NKO	τοῦ	tou	G3588	T-GSM	ὁ	the/this/who	of the	NA28+NA27+Tyn+SBL+WH+Treg+TR+Byz	
11	23	21	NKO	βασιλέως.¶	basileōs	G0935	N-GSM	βασιλεύς	king	king.	NA28+NA27+Tyn+SBL+WH+Treg+TR+Byz	
11	24	1	NKO	Πίστει	Pistei	G4102G	N-DSF	πίστις	faith	By faith	NA28+NA27+Tyn+SBL+WH+Treg+TR+Byz	
11	24	2	NKO	Μωϋσῆς	Mōusēs	G3475	N-NSM-P	Μωϋσῆς, Μωσῆς	Moses	Moses	NA28+NA27+Tyn+SBL+WH+Treg+TR+Byz	
11	24	3	NKO	μέγας	megas	G3173	A-NSM	μέγας	great	grown	NA28+NA27+Tyn+SBL+WH+Treg+TR+Byz	
11	24	4	NKO	γενόμενος	genomenos	G1096	V-2ADP-NSM	γίνομαι	to be	having become	NA28+NA27+Tyn+SBL+WH+Treg+TR+Byz	
11	24	5	NKO	ἠρνήσατο	ērnēsato	G0720	V-ADI-3S	ἀρνέομαι	to deny	he refused	NA28+NA27+Tyn+SBL+WH+Treg+TR+Byz	
11	24	6	NKO	λέγεσθαι	legesthai	G3004H	V-PPN	λέγω	to speak	to be named	NA28+NA27+Tyn+SBL+WH+Treg+TR+Byz	
11	24	7	NKO	υἱὸς	huios	G5207	N-NSM	υἱός	son	[the] son	NA28+NA27+Tyn+SBL+WH+Treg+TR+Byz	
11	24	8	NKO	θυγατρὸς	thugatros	G2364	N-GSF	θυγάτηρ	daughter	of [the] daughter	NA28+NA27+Tyn+SBL+WH+Treg+TR+Byz	
11	24	9	NKO	Φαραώ,	Pharaō	G5328H	N-GSM-T	Φαραώ	Pharaoh	of Pharaoh,	NA28+NA27+Tyn+SBL+WH+Treg+TR+Byz	
11	25	1	NKO	μᾶλλον	mallon	G3123H	ADV	μᾶλλον	more	rather	NA28+NA27+Tyn+SBL+WH+Treg+TR+Byz	
11	25	2	NKO	ἑλόμενος	helomenos	G0138	V-2AMP-NSM	αἱρέω	to choose	having chosen	NA28+NA27+Tyn+SBL+WH+Treg+TR+Byz	
11	25	3	NKO	συγκακουχεῖσθαι	sugkakoucheisthai	G4778	V-PNN	συγκακουχέομαι	to suffer with	to suffer affliction with	NA28+NA27+Tyn+SBL+WH+Treg+TR+Byz	
11	25	4	NKO	τῷ	tō	G3588	T-DSM	ὁ	the/this/who	the	NA28+NA27+Tyn+SBL+WH+Treg+TR+Byz	
11	25	5	NKO	λαῷ	laō	G2992	N-DSM	λαός	a people	people	NA28+NA27+Tyn+SBL+WH+Treg+TR+Byz	
11	25	6	NKO	τοῦ	tou	G3588	T-GSM	ὁ	the/this/who	<the>	NA28+NA27+Tyn+SBL+WH+Treg+TR+Byz	
11	25	7	NKO	θεοῦ	theou	G2316	N-GSM-T	θεός	God	of God	NA28+NA27+Tyn+SBL+WH+Treg+TR+Byz	
11	25	8	NKO	ἢ	ē	G2228	CONJ	ἤ	or/than	than	NA28+NA27+Tyn+SBL+WH+Treg+TR+Byz	
11	25	9	NKO	πρόσκαιρον	proskairon	G4340	A-ASF	πρόσκαιρος	temporary	[the] temporary	NA28+NA27+Tyn+SBL+WH+Treg+TR+Byz	
11	25	10	NKO	ἔχειν	echein	G2192	V-PAN	ἔχω	to have/be	to have	NA28+NA27+Tyn+SBL+WH+Treg+TR+Byz	
11	25	11	NKO	ἁμαρτίας	hamartias	G0266	N-GSF	ἁμαρτία	sin	of sin	NA28+NA27+Tyn+SBL+WH+Treg+TR+Byz	
11	25	12	NKO	ἀπόλαυσιν·	apolausin	G0619	N-ASF	ἀπόλαυσις	enjoyment	enjoyment;	NA28+NA27+Tyn+SBL+WH+Treg+TR+Byz	
11	26	1	NKO	μείζονα	meizona	G3173	A-ASM-C	μέγας	great	greater	NA28+NA27+Tyn+SBL+WH+Treg+TR+Byz	
11	26	2	NKO	πλοῦτον	plouton	G4149	N-ASM	πλοῦτος	riches	wealth	NA28+NA27+Tyn+SBL+WH+Treg+TR+Byz	
11	26	3	NKO	ἡγησάμενος	hēgēsamenos	G2233	V-ADP-NSM	ἡγέομαι	to govern	having esteemed	NA28+NA27+Tyn+SBL+WH+Treg+TR+Byz	
11	26	4	NKO	τῶν	tōn	G3588	T-GPM	ὁ	the/this/who	than that	NA28+NA27+Tyn+SBL+WH+Treg+TR+Byz	
11	26	5	k	ἐν	en	G1722	PREP	ἐν	in/on/among	in	TR	
11	26	6	N(k)O	Αἰγύπτου	Aiguptou	G0125	N-GSF-L	Αἴγυπτος	Egypt	Egypt	NA28+NA27+Tyn+SBL+WH+Treg+Byz	
11	26	7	NKO	θησαυρῶν	thēsaurōn	G2344	N-GPM	θησαυρός	treasure	treasures	NA28+NA27+Tyn+SBL+WH+Treg+TR+Byz	
11	26	8	NKO	τὸν	ton	G3588	T-ASM	ὁ	the/this/who	the	NA28+NA27+Tyn+SBL+WH+Treg+TR+Byz	
11	26	9	NKO	ὀνειδισμὸν	oneidismon	G3680	N-ASM	ὀνειδισμός	reproach	reproach	NA28+NA27+Tyn+SBL+WH+Treg+TR+Byz	
11	26	10	NKO	τοῦ	tou	G3588	T-GSM	ὁ	the/this/who	<the>	NA28+NA27+Tyn+SBL+WH+Treg+TR+Byz	
11	26	11	NKO	Χριστοῦ·	Christou	G5547	N-GSM-T	Χριστός	Christ	of Christ;	NA28+NA27+Tyn+SBL+WH+Treg+TR+Byz	
11	26	12	NKO	ἀπέβλεπεν	apeblepen	G0578	V-IAI-3S	ἀποβλέπω	to look ahead	he was looking	NA28+NA27+Tyn+SBL+WH+Treg+TR+Byz	
11	26	13	NKO	γὰρ	gar	G1063	CONJ	γάρ	for	for	NA28+NA27+Tyn+SBL+WH+Treg+TR+Byz	
11	26	14	NKO	εἰς	eis	G1519	PREP	εἰς	toward	toward	NA28+NA27+Tyn+SBL+WH+Treg+TR+Byz	
11	26	15	NKO	τὴν	tēn	G3588	T-ASF	ὁ	the/this/who	the	NA28+NA27+Tyn+SBL+WH+Treg+TR+Byz	
11	26	16	NKO	μισθαποδοσίαν.¶	misthapodosian	G3405	N-ASF	μισθαποδοσία	recompense	reward.	NA28+NA27+Tyn+SBL+WH+Treg+TR+Byz	
11	27	1	NKO	Πίστει	Pistei	G4102G	N-DSF	πίστις	faith	By faith	NA28+NA27+Tyn+SBL+WH+Treg+TR+Byz	
11	27	2	NKO	κατέλιπεν	katelipen	G2641	V-2AAI-3S	καταλείπω	to leave behind	he left	NA28+NA27+Tyn+SBL+WH+Treg+TR+Byz	
11	27	3	NKO	Αἴγυπτον	Aigupton	G0125	N-ASF-L	Αἴγυπτος	Egypt	Egypt	NA28+NA27+Tyn+SBL+WH+Treg+TR+Byz	
11	27	4	NKO	μὴ	mē	G3361	PRT-N	μή	not	not	NA28+NA27+Tyn+SBL+WH+Treg+TR+Byz	
11	27	5	NKO	φοβηθεὶς	phobētheis	G5399	V-AOP-NSM	φοβέω	to fear	having feared	NA28+NA27+Tyn+SBL+WH+Treg+TR+Byz	
11	27	6	NKO	τὸν	ton	G3588	T-ASM	ὁ	the/this/who	the	NA28+NA27+Tyn+SBL+WH+Treg+TR+Byz	
11	27	7	NKO	θυμὸν	thumon	G2372	N-ASM	θυμός	wrath	anger	NA28+NA27+Tyn+SBL+WH+Treg+TR+Byz	
11	27	8	NKO	τοῦ	tou	G3588	T-GSM	ὁ	the/this/who	of the	NA28+NA27+Tyn+SBL+WH+Treg+TR+Byz	
11	27	9	NKO	βασιλέως·	basileōs	G0935	N-GSM	βασιλεύς	king	king;	NA28+NA27+Tyn+SBL+WH+Treg+TR+Byz	
11	27	10	NKO	τὸν	ton	G3588	T-ASM	ὁ	the/this/who	the	NA28+NA27+Tyn+SBL+WH+Treg+TR+Byz	
11	27	11	NKO	γὰρ	gar	G1063	CONJ	γάρ	for	for	NA28+NA27+Tyn+SBL+WH+Treg+TR+Byz	
11	27	12	NKO	ἀόρατον	aoraton	G0517	A-ASM	ἀόρατος	invisible	Invisible [One]	NA28+NA27+Tyn+SBL+WH+Treg+TR+Byz	
11	27	13	NKO	ὡς	hōs	G5613	PRT	ὡς	which/how	as	NA28+NA27+Tyn+SBL+WH+Treg+TR+Byz	
11	27	14	NKO	ὁρῶν	horōn	G3708	V-PAP-NSM	ὁράω	to see	seeing	NA28+NA27+Tyn+SBL+WH+Treg+TR+Byz	
11	27	15	NKO	ἐκαρτέρησεν.¶	ekarterēsen	G2594	V-AAI-3S	καρτερέω	to endure	he persevered.	NA28+NA27+Tyn+SBL+WH+Treg+TR+Byz	
11	28	1	NKO	Πίστει	Pistei	G4102G	N-DSF	πίστις	faith	By faith	NA28+NA27+Tyn+SBL+WH+Treg+TR+Byz	
11	28	2	NKO	πεποίηκεν	pepoiēken	G4160G	V-RAI-3S	ποιέω	to do/make	he has kept	NA28+NA27+Tyn+SBL+WH+Treg+TR+Byz	
11	28	3	NKO	τὸ	to	G3588	T-ASN	ὁ	the/this/who	the	NA28+NA27+Tyn+SBL+WH+Treg+TR+Byz	
11	28	4	NKO	πάσχα	pascha	G3957	N-ASN	πάσχα	Passover	Passover	NA28+NA27+Tyn+SBL+WH+Treg+TR+Byz	
11	28	5	NKO	καὶ	kai	G2532	CONJ	καί	and	and	NA28+NA27+Tyn+SBL+WH+Treg+TR+Byz	
11	28	6	NKO	τὴν	tēn	G3588	T-ASF	ὁ	the/this/who	the	NA28+NA27+Tyn+SBL+WH+Treg+TR+Byz	
11	28	7	NKO	πρόσχυσιν	proschusin	G4378	N-ASF	πρόσχυσις	sprinkling	sprinkling	NA28+NA27+Tyn+SBL+WH+Treg+TR+Byz	
11	28	8	NKO	τοῦ	tou	G3588	T-GSN	ὁ	the/this/who	of the	NA28+NA27+Tyn+SBL+WH+Treg+TR+Byz	
11	28	9	NKO	αἵματος,	aimatos	G0129G	N-GSN	αἷμα	blood	blood,	NA28+NA27+Tyn+SBL+WH+Treg+TR+Byz	
11	28	10	NKO	ἵνα	ina	G2443	CONJ	ἵνα	in order that/to	so that	NA28+NA27+Tyn+SBL+WH+Treg+TR+Byz	
11	28	11	NKO	μὴ	mē	G3361	PRT-N	μή	not	not	NA28+NA27+Tyn+SBL+WH+Treg+TR+Byz	
11	28	12	NKO	ὁ	ho	G3588	T-NSM	ὁ	the/this/who	the [one]	NA28+NA27+Tyn+SBL+WH+Treg+TR+Byz	
11	28	13	NKO	ὀλοθρεύων	olothreuōn	G3645	V-PAP-NSM	ὀλοθρεύω	to destroy	destroying	NA28+NA27+Tyn+SBL+WH+Treg+TR+Byz	
11	28	14	NKO	τὰ	ta	G3588	T-APN	ὁ	the/this/who	the	NA28+NA27+Tyn+SBL+WH+Treg+TR+Byz	
11	28	15	NKO	πρωτότοκα	prōtotoka	G4416	A-APN	πρωτότοκος	firstborn	firstborn	NA28+NA27+Tyn+SBL+WH+Treg+TR+Byz	
11	28	16	NKO	θίγῃ	thigē	G2345	V-2AAS-3S	θιγγάνω	to touch	may touch	NA28+NA27+Tyn+SBL+WH+Treg+TR+Byz	
11	28	17	NKO	αὐτῶν.¶	autōn	G0846	P-GPM	αὐτός	he/she/it/self	them.	NA28+NA27+Tyn+SBL+WH+Treg+TR+Byz	
11	29	1	NKO	Πίστει	Pistei	G4102G	N-DSF	πίστις	faith	By faith	NA28+NA27+Tyn+SBL+WH+Treg+TR+Byz	
11	29	2	NKO	διέβησαν	diebēsan	G1224	V-2AAI-3P	διαβαίνω	to cross	they passed through	NA28+NA27+Tyn+SBL+WH+Treg+TR+Byz	
11	29	3	NKO	τὴν	tēn	G3588	T-ASF	ὁ	the/this/who	the	NA28+NA27+Tyn+SBL+WH+Treg+TR+Byz	
11	29	4	NKO	ἐρυθρὰν	eruthran	G2063	A-ASF	ἐρυθρός	red	Red	NA28+NA27+Tyn+SBL+WH+Treg+TR+Byz	
11	29	5	NKO	θάλασσαν	thalassan	G2281	N-ASF-L	θάλασσα	sea	Sea	NA28+NA27+Tyn+SBL+WH+Treg+TR+Byz	
11	29	6	NKO	ὡς	hōs	G5613	PRT	ὡς	which/how	as	NA28+NA27+Tyn+SBL+WH+Treg+TR+Byz	
11	29	7	NKO	διὰ	dia	G1223	PREP	διά	through/because of	through	NA28+NA27+Tyn+SBL+WH+Treg+TR+Byz	
11	29	8	NKO	ξηρᾶς	xēras	G3584	A-GSF	ξηρός	dried up/withered	dry	NA28+NA27+Tyn+SBL+WH+Treg+TR+Byz	
11	29	9	no	γῆς,	gēs	G1093H	N-GSF	γῆ	earth	land,	NA28+NA27+Tyn+SBL+WH+Treg+KJV	
11	29	10	NKO	ἧς	hēs	G3739	R-GSF	ὅς, ἥ	which	which	NA28+NA27+Tyn+SBL+WH+Treg+TR+Byz	
11	29	11	NKO	πεῖραν	peiran	G3984	N-ASF	πεῖρα	test	an attempt	NA28+NA27+Tyn+SBL+WH+Treg+TR+Byz	
11	29	12	NKO	λαβόντες	labontes	G2983	V-2AAP-NPM	λαμβάνω	to take	having made	NA28+NA27+Tyn+SBL+WH+Treg+TR+Byz	
11	29	13	NKO	οἱ	hoi	G3588	T-NPM	ὁ	the/this/who	the	NA28+NA27+Tyn+SBL+WH+Treg+TR+Byz	
11	29	14	NKO	Αἰγύπτιοι	Aiguptioi	G0124	A-NPM-LG	Αἰγύπτιος	Egyptian	Egyptians	NA28+NA27+Tyn+SBL+WH+Treg+TR+Byz	
11	29	15	NKO	κατεπόθησαν.¶	katepothēsan	G2666	V-API-3P	καταπίνω	to swallow	were swallowed up.	NA28+NA27+Tyn+SBL+WH+Treg+TR+Byz	
11	30	1	NKO	Πίστει	Pistei	G4102G	N-DSF	πίστις	faith	By faith	NA28+NA27+Tyn+SBL+WH+Treg+TR+Byz	
11	30	2	NKO	τὰ	ta	G3588	T-NPN	ὁ	the/this/who	the	NA28+NA27+Tyn+SBL+WH+Treg+TR+Byz	
11	30	3	NKO	τείχη	teichē	G5038	N-NPN	τεῖχος	wall	walls	NA28+NA27+Tyn+SBL+WH+Treg+TR+Byz	
11	30	4	NKO	Ἰεριχὼ	Ierichō	G2410	N-GSF-L	Ἱεριχώ	Jericho	of Jericho	NA28+NA27+Tyn+SBL+WH+Treg+TR+Byz	
11	30	5	N(k)O	ἔπεσαν	epesan	G4098	V-2AAI-3P	πίπτω	to collapse	fell	NA28+NA27+Tyn+SBL+WH+Treg	
11	30	6	NKO	κυκλωθέντα	kuklōthenta	G2944	V-APP-NPN	κυκλόω	to surround	having been encircled	NA28+NA27+Tyn+SBL+WH+Treg+TR+Byz	
11	30	7	NKO	ἐπὶ	epi	G1909	PREP	ἐπί	upon/to/against	for	NA28+NA27+Tyn+SBL+WH+Treg+TR+Byz	
11	30	8	NKO	ἑπτὰ	hepta	G2033	A-NUI	ἑπτά	seven	seven	NA28+NA27+Tyn+SBL+WH+Treg+TR+Byz	
11	30	9	NKO	ἡμέρας.¶	hēmeras	G2250	N-APF	ἡμέρα	day	days.	NA28+NA27+Tyn+SBL+WH+Treg+TR+Byz	
11	31	1	NKO	Πίστει	Pistei	G4102G	N-DSF	πίστις	faith	By faith	NA28+NA27+Tyn+SBL+WH+Treg+TR+Byz	
11	31	2	NKO	Ῥαὰβ	Rhaab	G4460	N-NSF-P	Ῥαάβ	Rahab	Rahab	NA28+NA27+Tyn+SBL+WH+Treg+TR+Byz	
11	31	3	NKO	ἡ	hē	G3588	T-NSF	ὁ	the/this/who	the	NA28+NA27+Tyn+SBL+WH+Treg+TR+Byz	
11	31	4	NKO	πόρνη	pornē	G4204	N-NSF	πόρνη	prostitute	prostitute	NA28+NA27+Tyn+SBL+WH+Treg+TR+Byz	
11	31	5	NKO	οὐ	ou	G3756	PRT-N	οὐ	no	not	NA28+NA27+Tyn+SBL+WH+Treg+TR+Byz	
11	31	6	NKO	συναπώλετο	sunapōleto	G4881	V-2AMI-3S	συναπόλλυμι	to die/destroy with	did perish with	NA28+NA27+Tyn+SBL+WH+Treg+TR+Byz	
11	31	7	NKO	τοῖς	tois	G3588	T-DPM	ὁ	the/this/who	those	NA28+NA27+Tyn+SBL+WH+Treg+TR+Byz	
11	31	8	NKO	ἀπειθήσασιν	apeithēsasin	G0544	V-AAP-DPM	ἀπειθέω	to disobey	having disobeyed	NA28+NA27+Tyn+SBL+WH+Treg+TR+Byz	
11	31	9	NKO	δεξαμένη	dexamenē	G1209	V-ADP-NSF	δέχομαι	to receive	having received	NA28+NA27+Tyn+SBL+WH+Treg+TR+Byz	
11	31	10	NKO	τοὺς	tous	G3588	T-APM	ὁ	the/this/who	the	NA28+NA27+Tyn+SBL+WH+Treg+TR+Byz	
11	31	11	NKO	κατασκόπους	kataskopous	G2685	N-APM	κατάσκοπος	spy	spies	NA28+NA27+Tyn+SBL+WH+Treg+TR+Byz	
11	31	12	NKO	μετ᾽	met᾽	G3326	PREP	μετά	with/after	with	NA28+NA27+Tyn+SBL+WH+Treg+TR+Byz	
11	31	13	NKO	εἰρήνης.¶	eirēnēs	G1515	N-GSF	εἰρήνη	peace	peace.	NA28+NA27+Tyn+SBL+WH+Treg+TR+Byz	
11	32	1	NKO	Καὶ	Kai	G2532	CONJ	καί	and	And	NA28+NA27+Tyn+SBL+WH+Treg+TR+Byz	
11	32	2	NKO	τί	ti	G5101	I-ASN	τίς	which?	what	NA28+NA27+Tyn+SBL+WH+Treg+TR+Byz	
11	32	3	NKO	ἔτι	eti	G2089	ADV	ἔτι	still	more	NA28+NA27+Tyn+SBL+WH+Treg+TR+Byz	
11	32	4	NKO	λέγω;	legō	G3004G	V-PAS-1S	λέγω	to speak	shall I say?	NA28+NA27+Tyn+SBL+WH+Treg+TR+Byz	
11	32	5	NKO	ἐπιλείψει	epileipsei	G1952	V-FAI-3S	ἐπιλείπω	be insufficient	Will fail	NA28+NA27+Tyn+SBL+WH+Treg+TR+Byz	
11	32	6	NKO	με	me	G3165	P-1AS	ἐγώ	I/we	me	NA28+NA27+Tyn+SBL+WH+Treg+TR»1+Byz»1	
11	32	7	NKO	γὰρ	gar	G1063	CONJ	γάρ	for	for	NA28+NA27+Tyn+SBL+WH+Treg+TR+Byz	
11	32	8	NKO	διηγούμενον	diēgoumenon	G1334	V-PNP-ASM	διηγέομαι	to relate fully	telling	NA28+NA27+Tyn+SBL+WH+Treg+TR+Byz	
11	32	9	NKO	ὁ	ho	G3588	T-NSM	ὁ	the/this/who	the	NA28+NA27+Tyn+SBL+WH+Treg+TR+Byz	
11	32	10	NKO	χρόνος	chronos	G5550	N-NSM	χρόνος	time	time	NA28+NA27+Tyn+SBL+WH+Treg+TR+Byz	
11	32	11	NKO	περὶ	peri	G4012	PREP	περί	about	of	NA28+NA27+Tyn+SBL+WH+Treg+TR+Byz	
11	32	12	NKO	Γεδεών,	Gedeōn	G1066	N-GSM-P	Γεδεών	Gideon	Gideon,	NA28+NA27+Tyn+SBL+WH+Treg+TR+Byz	
11	32	13	NKO	Βαράκ,	Barak	G0913	N-GSM-P	Βαράκ	Barak	Barak,	NA28+NA27+Tyn+SBL+WH+Treg+TR+Byz	
11	32	14	k	τε	te	G5037	CONJ	τε	and/both	both	TR+Byz	
11	32	15	k	καὶ	kai	G2532	CONJ	καί	and	and	TR+Byz	
11	32	16	NKO	Σαμψών,	Sampsōn	G4546	N-GSM-P	Σαμψών	Samson	Samson,	NA28+NA27+Tyn+SBL+WH+Treg+TR+Byz	
11	32	17	k	καὶ	kai	G2532	CONJ	καί	and	and	TR+Byz	
11	32	18	NKO	Ἰεφθάε,	Iephthae	G2422	N-GSM-P	Ἰεφθάε	Jephthah	Jephthah,	NA28+NA27+Tyn+SBL+WH+Treg+TR+Byz	
11	32	19	NKO	Δαυίδ	Dauid	G1138	N-GSM-P	Δαυείδ, Δαυίδ, Δαβίδ	David	David	NA28+NA27+Tyn+SBL+WH+Treg+TR+Byz	
11	32	20	NKO	τε	te	G5037	CONJ	τε	and/both	also	NA28+NA27+Tyn+SBL+WH+Treg+TR+Byz	
11	32	21	NKO	καὶ	kai	G2532	CONJ	καί	and	and	NA28+NA27+Tyn+SBL+WH+Treg+TR+Byz	
11	32	22	NKO	Σαμουὴλ	Samouēl	G4545	N-GSM-P	Σαμουήλ	Samuel	Samuel	NA28+NA27+Tyn+SBL+WH+Treg+TR+Byz	
11	32	23	NKO	καὶ	kai	G2532	CONJ	καί	and	and	NA28+NA27+Tyn+SBL+WH+Treg+TR+Byz	
11	32	24	NKO	τῶν	tōn	G3588	T-GPM	ὁ	the/this/who	the	NA28+NA27+Tyn+SBL+WH+Treg+TR+Byz	
11	32	25	NKO	προφητῶν·	prophētōn	G4396	N-GPM	προφήτης	prophet	prophets;	NA28+NA27+Tyn+SBL+WH+Treg+TR+Byz	
11	33	1	NKO	οἳ	hoi	G3739	R-NPM	ὅς, ἥ	which	who	NA28+NA27+Tyn+SBL+WH+Treg+TR+Byz	
11	33	2	NKO	διὰ	dia	G1223	PREP	διά	through/because of	through	NA28+NA27+Tyn+SBL+WH+Treg+TR+Byz	
11	33	3	NKO	πίστεως	pisteōs	G4102G	N-GSF	πίστις	faith	faith	NA28+NA27+Tyn+SBL+WH+Treg+TR+Byz	
11	33	4	NKO	κατηγωνίσαντο	katēgōnisanto	G2610	V-ADI-3P	καταγωνίζομαι	to conquer	conquered	NA28+NA27+Tyn+SBL+WH+Treg+TR+Byz	
11	33	5	NKO	βασιλείας,	basileias	G0932	N-APF	βασιλεία	kingdom	kingdoms,	NA28+NA27+Tyn+SBL+WH+Treg+TR+Byz	
11	33	6	NKO	εἰργάσαντο	eirgasanto	G2038	V-ADI-3P	ἐργάζομαι	to work	administered	NA28+NA27+Tyn+SBL+WH+Treg+TR+Byz	
11	33	7	NKO	δικαιοσύνην,	dikaiosunēn	G1343	N-ASF	δικαιοσύνη	righteousness	justice,	NA28+NA27+Tyn+SBL+WH+Treg+TR+Byz	
11	33	8	NKO	ἐπέτυχον	epetuchon	G2013	V-2AAI-3P	ἐπιτυγχάνω	to obtain	obtained	NA28+NA27+Tyn+SBL+WH+Treg+TR+Byz	
11	33	9	NKO	ἐπαγγελιῶν,	epangeliōn	G1860	N-GPF	ἐπαγγελία	promise	promises,	NA28+NA27+Tyn+SBL+WH+Treg+TR+Byz	
11	33	10	NKO	ἔφραξαν	ephraxan	G5420	V-AAI-3P	φράσσω	to stop	shut	NA28+NA27+Tyn+SBL+WH+Treg+TR+Byz	
11	33	11	NKO	στόματα	stomata	G4750	N-APN	στόμα	mouth	[the] mouths	NA28+NA27+Tyn+SBL+WH+Treg+TR+Byz	
11	33	12	NKO	λεόντων,	leontōn	G3023	N-GPM	λέων	lion	of lions,	NA28+NA27+Tyn+SBL+WH+Treg+TR+Byz	
11	34	1	NKO	ἔσβεσαν	esbesan	G4570	V-AAI-3P	σβέννυμι	to extinguish	quenched	NA28+NA27+Tyn+SBL+WH+Treg+TR+Byz	
11	34	2	NKO	δύναμιν	dunamin	G1411	N-ASF	δύναμις	power	[the] power	NA28+NA27+Tyn+SBL+WH+Treg+TR+Byz	
11	34	3	NKO	πυρός,	puros	G4442	N-GSN	πῦρ	fire	of fire,	NA28+NA27+Tyn+SBL+WH+Treg+TR+Byz	
11	34	4	NKO	ἔφυγον	ephugon	G5343	V-2AAI-3P	φεύγω	to flee	escaped	NA28+NA27+Tyn+SBL+WH+Treg+TR+Byz	
11	34	5	NKO	στόματα	stomata	G4750	N-APN	στόμα	mouth	[the] blades	NA28+NA27+Tyn+SBL+WH+Treg+TR+Byz	
11	34	6	NKO	μαχαίρης,	machairēs	G3162	N-GSF	μάχαιρα	sword	of [the] sword,	NA28+NA27+Tyn+SBL+WH+Treg+TR+Byz	
11	34	7	N(k)O	ἐδυναμώθησαν	edunamōthēsan	G1412	V-API-3P	δυναμόω	to empower	be empowered	NA28+NA27+Tyn+SBL+WH+Treg	
11	34	8	NKO	ἀπὸ	apo	G0575	PREP	ἀπό	away from	out of	NA28+NA27+Tyn+SBL+WH+Treg+TR+Byz	
11	34	9	NKO	ἀσθενείας,	astheneias	G0769G	N-GSF	ἀσθένεια	weakness	weakness,	NA28+NA27+Tyn+SBL+WH+Treg+TR+Byz	
11	34	10	NKO	ἐγενήθησαν	egenēthēsan	G1096	V-2AOI-3P	γίνομαι	to be	became	NA28+NA27+Tyn+SBL+WH+Treg+TR+Byz	
11	34	11	NKO	ἰσχυροὶ	ischuroi	G2478	A-NPM	ἰσχυρός	strong	mighty	NA28+NA27+Tyn+SBL+WH+Treg+TR+Byz	
11	34	12	NKO	ἐν	en	G1722	PREP	ἐν	in/on/among	in	NA28+NA27+Tyn+SBL+WH+Treg+TR+Byz	
11	34	13	NKO	πολέμῳ,	polemō	G4171	N-DSM	πόλεμος	war	war,	NA28+NA27+Tyn+SBL+WH+Treg+TR+Byz	
11	34	14	NKO	παρεμβολὰς	parembolas	G3925	N-APF	παρεμβολή	barracks	[the] armies	NA28+NA27+Tyn+SBL+WH+Treg+TR+Byz	
11	34	15	NKO	ἔκλιναν	eklinan	G2827	V-AAI-3P	κλίνω	to bow/lay down	put to flight	NA28+NA27+Tyn+SBL+WH+Treg+TR+Byz	
11	34	16	NKO	ἀλλοτρίων.	allotriōn	G0245	A-GPM	ἀλλότριος	another’s	of foreigners.	NA28+NA27+Tyn+SBL+WH+Treg+TR+Byz	
11	35	1	NKO	ἔλαβον	elabon	G2983	V-2AAI-3P	λαμβάνω	to take	Received back	NA28+NA27+Tyn+SBL+WH+Treg+TR+Byz	
11	35	2	NKO	γυναῖκες	gunaikes	G1135G	N-NPF	γυνή	woman	women	NA28+NA27+Tyn+SBL+WH+Treg+TR+Byz	
11	35	3	NKO	ἐξ	ex	G1537	PREP	ἐκ	out from	by	NA28+NA27+Tyn+SBL+WH+Treg+TR+Byz	
11	35	4	NKO	ἀναστάσεως	anastaseōs	G0386	N-GSF	ἀνάστασις	resurrection	resurrection	NA28+NA27+Tyn+SBL+WH+Treg+TR+Byz	
11	35	5	NKO	τοὺς	tous	G3588	T-APM	ὁ	the/this/who	the	NA28+NA27+Tyn+SBL+WH+Treg+TR+Byz	
11	35	6	NKO	νεκροὺς	nekrous	G3498	A-APM	νεκρός	dead	dead	NA28+NA27+Tyn+SBL+WH+Treg+TR+Byz	
11	35	7	NKO	αὐτῶν·	autōn	G0846	P-GPF	αὐτός	he/she/it/self	of them;	NA28+NA27+Tyn+SBL+WH+Treg+TR+Byz	
11	35	8	NKO	ἄλλοι	alloi	G0243	A-NPM	ἄλλος	another	others	NA28+NA27+Tyn+SBL+WH+Treg+TR+Byz	
11	35	9	NKO	δὲ	de	G1161	CONJ	δέ	but/and	then	NA28+NA27+Tyn+SBL+WH+Treg+TR+Byz	
11	35	10	NKO	ἐτυμπανίσθησαν	etumpanisthēsan	G5178	V-API-3P	τυμπανίζω	to torture	were tortured	NA28+NA27+Tyn+SBL+WH+Treg+TR+Byz	
11	35	11	NKO	οὐ	ou	G3756	PRT-N	οὐ	no	not	NA28+NA27+Tyn+SBL+WH+Treg+TR+Byz	
11	35	12	NKO	προσδεξάμενοι	prosdexamenoi	G4327	V-ADP-NPM	προσδέχομαι	to wait for/welcome	having accepted	NA28+NA27+Tyn+SBL+WH+Treg+TR+Byz	
11	35	13	NKO	τὴν	tēn	G3588	T-ASF	ὁ	the/this/who	<the>	NA28+NA27+Tyn+SBL+WH+Treg+TR+Byz	
11	35	14	NKO	ἀπολύτρωσιν,	apolutrōsin	G0629	N-ASF	ἀπολύτρωσις	redemption	release,	NA28+NA27+Tyn+SBL+WH+Treg+TR+Byz	
11	35	15	NKO	ἵνα	ina	G2443	CONJ	ἵνα	in order that/to	so that	NA28+NA27+Tyn+SBL+WH+Treg+TR+Byz	
11	35	16	NKO	κρείττονος	kreittonos	G2908	A-GSF-C	κρείσσων	greater	a better	NA28+NA27+Tyn+SBL+WH+Treg+TR+Byz	
11	35	17	NKO	ἀναστάσεως	anastaseōs	G0386	N-GSF	ἀνάστασις	resurrection	resurrection	NA28+NA27+Tyn+SBL+WH+Treg+TR+Byz	
11	35	18	NKO	τύχωσιν·	tuchōsin	G5177	V-2AAS-3P	τυγχάνω	to obtain/happen	they may obtain;	NA28+NA27+Tyn+SBL+WH+Treg+TR+Byz	
11	36	1	NKO	ἕτεροι	heteroi	G2087	A-NPM	ἕτερος	other	Others	NA28+NA27+Tyn+SBL+WH+Treg+TR+Byz	
11	36	2	NKO	δὲ	de	G1161	CONJ	δέ	but/and	then	NA28+NA27+Tyn+SBL+WH+Treg+TR+Byz	
11	36	3	NKO	ἐμπαιγμῶν	empaigmōn	G1701	N-GPM	ἐμπαιγμός	jeering	of mockings	NA28+NA27+Tyn+SBL+WH+Treg+TR+Byz	
11	36	4	NKO	καὶ	kai	G2532	CONJ	καί	and	and	NA28+NA27+Tyn+SBL+WH+Treg+TR+Byz	
11	36	5	NKO	μαστίγων	mastigōn	G3148	N-GPF	μάστιξ	whip	of scourgings	NA28+NA27+Tyn+SBL+WH+Treg+TR+Byz	
11	36	6	NKO	πεῖραν	peiran	G3984	N-ASF	πεῖρα	test	trial	NA28+NA27+Tyn+SBL+WH+Treg+TR+Byz	
11	36	7	NKO	ἔλαβον,	elabon	G2983	V-2AAI-3P	λαμβάνω	to take	received,	NA28+NA27+Tyn+SBL+WH+Treg+TR+Byz	
11	36	8	NKO	ἔτι	eti	G2089	ADV	ἔτι	still	in addition	NA28+NA27+Tyn+SBL+WH+Treg+TR+Byz	
11	36	9	NKO	δὲ	de	G1161	CONJ	δέ	but/and	also	NA28+NA27+Tyn+SBL+WH+Treg+TR+Byz	
11	36	10	NKO	δεσμῶν	desmōn	G1199	N-GPM	δεσμός	chain	of chains	NA28+NA27+Tyn+SBL+WH+Treg+TR+Byz	
11	36	11	NKO	καὶ	kai	G2532	CONJ	καί	and	and	NA28+NA27+Tyn+SBL+WH+Treg+TR+Byz	
11	36	12	NKO	φυλακῆς·	phulakēs	G5438G	N-GSF	φυλακή	prison/watch	imprisonment;	NA28+NA27+Tyn+SBL+WH+Treg+TR+Byz	
11	37	1	NKO	ἐλιθάσθησαν,	elithasthēsan	G3034	V-API-3P	λιθάζω	to stone	They were stoned,	NA28+NA27+Tyn+SBL+WH+Treg+TR+Byz	
11	37	2	NKO	ἐπρίσθησαν,	epristhēsan	G4249	V-API-3P	πρίζω	to saw (in two)	they were sawed in two	NA28+NA27+Tyn+SBL+WH»1+Treg+TR+Byz	
11	37	3	KO	ἐπειράσθησαν,	epeirasthēsan	G3985H	V-API-3P	πειράζω	to test/tempt	tested	Tyn+WH+TR+Byz	
11	37	4	NKO	ἐν	en	G1722	PREP	ἐν	in/on/among	by	NA28+NA27+Tyn+SBL+WH+Treg+TR+Byz	
11	37	5	NKO	φόνῳ	phonō	G5408	N-DSM	φόνος	murder	slaughter	NA28+NA27+Tyn+SBL+WH+Treg+TR+Byz	
11	37	6	NKO	μαχαίρης	machairēs	G3162	N-GSF	μάχαιρα	sword	of [the] sword	NA28+NA27+Tyn+SBL+WH+Treg+TR+Byz	
11	37	7	NKO	ἀπέθανον·	apethanon	G0599	V-2AAI-3P	ἀποθνήσκω	to die	they were killed;	NA28+NA27+Tyn+SBL+WH+Treg+TR+Byz	
11	37	8	NKO	περιῆλθον	periēlthon	G4022	V-2AAI-3P	περιέρχομαι	to go around	they wandered	NA28+NA27+Tyn+SBL+WH+Treg+TR+Byz	
11	37	9	NKO	ἐν	en	G1722	PREP	ἐν	in/on/among	in	NA28+NA27+Tyn+SBL+WH+Treg+TR+Byz	
11	37	10	NKO	μηλωταῖς,	mēlōtais	G3374	N-DPF	μηλωτή	sheepskin	sheepskins,	NA28+NA27+Tyn+SBL+WH+Treg+TR+Byz	
11	37	11	NKO	ἐν	en	G1722	PREP	ἐν	in/on/among	in	NA28+NA27+Tyn+SBL+WH+Treg+TR+Byz	
11	37	12	NKO	αἰγείοις	aigeiois	G0122	A-DPN	αἴγειος	goat's	goats’	NA28+NA27+Tyn+SBL+WH+Treg+TR+Byz	
11	37	13	NKO	δέρμασιν,	dermasin	G1192	N-DPN	δέρμα	leather	skins,	NA28+NA27+Tyn+SBL+WH+Treg+TR+Byz	
11	37	14	NKO	ὑστερούμενοι,	husteroumenoi	G5302	V-PPP-NPM	ὑστερέω	to lack	being destitute,	NA28+NA27+Tyn+SBL+WH+Treg+TR+Byz	
11	37	15	NKO	θλιβόμενοι,	thlibomenoi	G2346	V-PPP-NPM	θλίβω	to press on	being oppressed,	NA28+NA27+Tyn+SBL+WH+Treg+TR+Byz	
11	37	16	NKO	κακουχούμενοι,	kakouchoumenoi	G2558	V-PPP-NPM	κακουχέω	to torment	being mistreated,	NA28+NA27+Tyn+SBL+WH+Treg+TR+Byz	
11	38	1	NKO	ὧν	hōn	G3739	R-GPM	ὅς, ἥ	which	of whom	NA28+NA27+Tyn+SBL+WH+Treg+TR+Byz	
11	38	2	NKO	οὐκ	ouk	G3756	PRT-N	οὐ	no	not	NA28+NA27+Tyn+SBL+WH+Treg+TR+Byz	
11	38	3	NKO	ἦν	ēn	G1510	V-IAI-3S	εἰμί	to be	was	NA28+NA27+Tyn+SBL+WH+Treg+TR+Byz	
11	38	4	NKO	ἄξιος	axios	G0514	A-NSM	ἄξιος	worthy	worthy	NA28+NA27+Tyn+SBL+WH+Treg+TR+Byz	
11	38	5	NKO	ὁ	ho	G3588	T-NSM	ὁ	the/this/who	the	NA28+NA27+Tyn+SBL+WH+Treg+TR+Byz	
11	38	6	NKO	κόσμος·	kosmos	G2889	N-NSM	κόσμος	world	world;	NA28+NA27+Tyn+SBL+WH+Treg+TR+Byz	
11	38	7	N(k)O	ἐπὶ	epi	G1909	PREP	ἐπί	upon/to/against	in	NA28+NA27+Tyn+SBL+WH+Treg	
11	38	8	NKO	ἐρημίαις	erēmiais	G2047	N-DPF	ἐρημία	desert	deserts	NA28+NA27+Tyn+SBL+WH+Treg+TR+Byz	
11	38	9	NKO	πλανώμενοι	planōmenoi	G4105	V-PPP-NPM	πλανάω	to lead astray	wandering	NA28+NA27+Tyn+SBL+WH+Treg+TR+Byz	
11	38	10	NKO	καὶ	kai	G2532	CONJ	καί	and	and	NA28+NA27+Tyn+SBL+WH+Treg+TR+Byz	
11	38	11	NKO	ὄρεσιν	oresin	G3735	N-DPN	ὄρος	mountain	in mountains	NA28+NA27+Tyn+SBL+WH+Treg+TR+Byz	
11	38	12	NKO	καὶ	kai	G2532	CONJ	καί	and	and	NA28+NA27+Tyn+SBL+WH+Treg+TR+Byz	
11	38	13	NKO	σπηλαίοις	spēlaiois	G4693	N-DPN	σπήλαιον	cave	in caves	NA28+NA27+Tyn+SBL+WH+Treg+TR+Byz	
11	38	14	NKO	καὶ	kai	G2532	CONJ	καί	and	and	NA28+NA27+Tyn+SBL+WH+Treg+TR+Byz	
11	38	15	NKO	ταῖς	tais	G3588	T-DPF	ὁ	the/this/who	in the	NA28+NA27+Tyn+SBL+WH+Treg+TR+Byz	
11	38	16	NKO	ὀπαῖς	opais	G3692	N-DPF	ὀπή	hole	holes	NA28+NA27+Tyn+SBL+WH+Treg+TR+Byz	
11	38	17	NKO	τῆς	tēs	G3588	T-GSF	ὁ	the/this/who	of the	NA28+NA27+Tyn+SBL+WH+Treg+TR+Byz	
11	38	18	NKO	γῆς.¶	gēs	G1093G	N-GSF	γῆ	earth	earth.	NA28+NA27+Tyn+SBL+WH+Treg+TR+Byz	
11	39	1	NKO	Καὶ	Kai	G2532	CONJ	καί	and	And	NA28+NA27+Tyn+SBL+WH+Treg+TR+Byz	
11	39	2	NKO	οὗτοι	houtoi	G3778	D-NPM	οὗτος	this/he/she/it	these	NA28+NA27+Tyn+WH+Treg+TR+Byz	
11	39	3	NKO	πάντες	pantes	G3956	A-NPM	πᾶς	all	all	NA28+NA27+Tyn+SBL+WH+Treg+TR+Byz	
11	39	4	NKO	μαρτυρηθέντες	marturēthentes	G3140	V-APP-NPM	μαρτυρέω	to testify	having been commended	NA28+NA27+Tyn+SBL+WH+Treg+TR+Byz	
11	39	5	NKO	διὰ	dia	G1223	PREP	διά	through/because of	through	NA28+NA27+Tyn+SBL+WH+Treg+TR+Byz	
11	39	6	NKO	τῆς	tēs	G3588	T-GSF	ὁ	the/this/who	the	NA28+NA27+Tyn+SBL+WH+Treg+TR+Byz	
11	39	7	NKO	πίστεως	pisteōs	G4102G	N-GSF	πίστις	faith	faith	NA28+NA27+Tyn+SBL+WH+Treg+TR+Byz	
11	39	8	NKO	οὐκ	ouk	G3756	PRT-N	οὐ	no	not	NA28+NA27+Tyn+SBL+WH+Treg+TR+Byz	
11	39	9	NKO	ἐκομίσαντο	ekomisanto	G2865	V-AMI-3P	κομίζω	to bring/be repaid	did receive	NA28+NA27+Tyn+SBL+WH+Treg+TR+Byz	
11	39	10	NKO	τὴν	tēn	G3588	T-ASF	ὁ	the/this/who	the	NA28+NA27+Tyn+SBL+WH+Treg+TR+Byz	
11	39	11	NKO	ἐπαγγελίαν	epangelian	G1860	N-ASF	ἐπαγγελία	promise	promise	NA28+NA27+Tyn+SBL+WH+Treg+TR+Byz	
11	40	1	NKO	τοῦ	tou	G3588	T-GSM	ὁ	the/this/who	<the>	NA28+NA27+Tyn+SBL+WH+Treg+TR+Byz	
11	40	2	NKO	θεοῦ	theou	G2316	N-GSM-T	θεός	God	God	NA28+NA27+Tyn+SBL+WH+Treg+TR+Byz	
11	40	3	NKO	περὶ	peri	G4012	PREP	περί	about	for	NA28+NA27+Tyn+SBL+WH+Treg+TR+Byz	
11	40	4	NKO	ἡμῶν	hēmōn	G3165	P-1GP	ἐγώ	I/we	us	NA28+NA27+Tyn+SBL+WH+Treg+TR+Byz	
11	40	5	NKO	κρεῖττόν	kreitton	G2908	A-ASN-C	κρείσσων	greater	better	NA28+NA27+Tyn+SBL+WH+Treg+TR+Byz	
11	40	6	NKO	τι	ti	G5100	X-ASN	τις	one	something	NA28+NA27+Tyn+SBL+WH+Treg+TR+Byz	
11	40	7	NKO	προβλεψαμένου,	problepsamenou	G4265	V-AMP-GSM	προβλέπω	to foresee/plan	having planned,	NA28+NA27+Tyn+SBL+WH+Treg+TR+Byz	
11	40	8	NKO	ἵνα	ina	G2443	CONJ	ἵνα	in order that/to	so that	NA28+NA27+Tyn+SBL+WH+Treg+TR+Byz	
11	40	9	NKO	μὴ	mē	G3361	PRT-N	μή	not	not	NA28+NA27+Tyn+SBL+WH+Treg+TR+Byz	
11	40	10	NKO	χωρὶς	chōris	G5565	PREP	χωρίς	without	apart from	NA28+NA27+Tyn+SBL+WH+Treg+TR+Byz	
11	40	11	NKO	ἡμῶν	hēmōn	G3165	P-1GP	ἐγώ	I/we	us	NA28+NA27+Tyn+SBL+WH+Treg+TR+Byz	
11	40	12	NKO	τελειωθῶσιν.¶	teleiōthōsin	G5048	V-APS-3P	τελειόω	to perfect	they may be made perfect.	NA28+NA27+Tyn+SBL+WH+Treg+TR+Byz	
12	1	1	NKO	Τοιγαροῦν	Toigaroun	G5105	CONJ	τοιγαροῦν	therefore	Therefore	NA28+NA27+Tyn+SBL+WH+Treg+TR+Byz	
12	1	2	NKO	καὶ	kai	G2532	CONJ	καί	and	also	NA28+NA27+Tyn+SBL+WH+Treg+TR+Byz	
12	1	3	NKO	ἡμεῖς	hēmeis	G3165	P-1NP	ἐγώ	I/we	we ourselves	NA28+NA27+Tyn+SBL+WH+Treg+TR+Byz	
12	1	4	NKO	τοσοῦτον	tosouton	G5118	K-ASN	τοσοῦτος	so great	such a great	NA28+NA27+Tyn+SBL+WH+Treg+TR+Byz	
12	1	5	NKO	ἔχοντες	echontes	G2192	V-PAP-NPM	ἔχω	to have/be	having	NA28+NA27+Tyn+SBL+WH+Treg+TR+Byz	
12	1	6	NKO	περικείμενον	perikeimenon	G4029	V-PNP-ASN	περίκειμαι	to surround	encompassing	NA28+NA27+Tyn+SBL+WH+Treg+TR+Byz	
12	1	7	NKO	ἡμῖν	hēmin	G3165	P-1DP	ἐγώ	I/we	us	NA28+NA27+Tyn+SBL+WH+Treg+TR+Byz	
12	1	8	NKO	νέφος	nephos	G3509	N-ASN	νέφος	cloud	a cloud	NA28+NA27+Tyn+SBL+WH+Treg+TR+Byz	
12	1	9	NKO	μαρτύρων,	marturōn	G3144	N-GPM	μάρτυς	witness	of witnesses,	NA28+NA27+Tyn+SBL+WH+Treg+TR+Byz	
12	1	10	NKO	ὄγκον	ogkon	G3591	N-ASM	ὄγκος	impediment	weight	NA28+NA27+Tyn+SBL+WH+Treg+TR+Byz	
12	1	11	NKO	ἀποθέμενοι	apothemenoi	G0659	V-2AMP-NPM	ἀποτίθημι	to put aside	having laid aside	NA28+NA27+Tyn+SBL+WH+Treg+TR+Byz	
12	1	12	NKO	πάντα	panta	G3956	A-ASM	πᾶς	all	every	NA28+NA27+Tyn+SBL+WH+Treg+TR+Byz	
12	1	13	NKO	καὶ	kai	G2532	CONJ	καί	and	and	NA28+NA27+Tyn+SBL+WH+Treg+TR+Byz	
12	1	14	NKO	τὴν	tēn	G3588	T-ASF	ὁ	the/this/who	the	NA28+NA27+Tyn+SBL+WH+Treg+TR+Byz	
12	1	15	NKO	εὐπερίστατον	euperistaton	G2139	A-ASF	εὐπερίστατος	thwarting	easily entangling	NA28+NA27+Tyn+SBL+WH+Treg+TR+Byz	
12	1	16	NKO	ἁμαρτίαν,	hamartian	G0266	N-ASF	ἁμαρτία	sin	sin,	NA28+NA27+Tyn+SBL+WH+Treg+TR+Byz	
12	1	17	NKO	δι᾽	di᾽	G1223	PREP	διά	through/because of	with	NA28+NA27+Tyn+SBL+WH+Treg+TR+Byz	
12	1	18	NKO	ὑπομονῆς	hupomonēs	G5281	N-GSF	ὑπομονή	perseverance	endurance	NA28+NA27+Tyn+SBL+WH+Treg+TR+Byz	
12	1	19	NKO	τρέχωμεν	trechōmen	G5143	V-PAS-1P	τρέχω	to run	may run	NA28+NA27+Tyn+SBL+WH+Treg+TR+Byz	
12	1	20	NKO	τὸν	ton	G3588	T-ASM	ὁ	the/this/who	the	NA28+NA27+Tyn+SBL+WH+Treg+TR+Byz	
12	1	21	NKO	προκείμενον	prokeimenon	G4295	V-PNP-ASM	πρόκειμαι	to set before	lying before	NA28+NA27+Tyn+SBL+WH+Treg+TR+Byz	
12	1	22	NKO	ἡμῖν	hēmin	G3165	P-1DP	ἐγώ	I/we	us	NA28+NA27+Tyn+SBL+WH+Treg+TR+Byz	
12	1	23	NKO	ἀγῶνα	agōna	G0073	N-ASM	ἀγών	fight	race	NA28+NA27+Tyn+SBL+WH+Treg+TR+Byz	
12	2	1	NKO	ἀφορῶντες	aphorōntes	G0872	V-PAP-NPM	ἀφοράω	to consider	looking	NA28+NA27+Tyn+SBL+WH+Treg+TR+Byz	
12	2	2	NKO	εἰς	eis	G1519	PREP	εἰς	toward	to	NA28+NA27+Tyn+SBL+WH+Treg+TR+Byz	
12	2	3	NKO	τὸν	ton	G3588	T-ASM	ὁ	the/this/who	the	NA28+NA27+Tyn+SBL+WH+Treg+TR+Byz	
12	2	4	NKO	τῆς	tēs	G3588	T-GSF	ὁ	the/this/who	<the>	NA28+NA27+Tyn+SBL+WH+Treg+TR+Byz	
12	2	5	NKO	πίστεως	pisteōs	G4102G	N-GSF	πίστις	faith	of [our] faith	NA28+NA27+Tyn+SBL+WH+Treg+TR+Byz	
12	2	6	NKO	ἀρχηγὸν	archēgon	G0747	N-ASM	ἀρχηγός	founder	founder	NA28+NA27+Tyn+SBL+WH+Treg+TR+Byz	
12	2	7	NKO	καὶ	kai	G2532	CONJ	καί	and	and	NA28+NA27+Tyn+SBL+WH+Treg+TR+Byz	
12	2	8	NKO	τελειωτὴν	teleiōtēn	G5051	N-ASM	τελειωτής	finisher	perfecter	NA28+NA27+Tyn+SBL+WH+Treg+TR+Byz	
12	2	9	NKO	Ἰησοῦν,	Iēsoun	G2424G	N-ASM-P	Ἰησοῦς	Jesus/Joshua	Jesus,	NA28+NA27+Tyn+SBL+WH+Treg+TR+Byz	
12	2	10	NKO	ὃς	hos	G3739	R-NSM	ὅς, ἥ	which	who	NA28+NA27+Tyn+SBL+WH+Treg+TR+Byz	
12	2	11	NKO	ἀντὶ	anti	G0473	PREP	ἀντί	for	in view of	NA28+NA27+Tyn+SBL+WH+Treg+TR+Byz	
12	2	12	NKO	τῆς	tēs	G3588	T-GSF	ὁ	the/this/who	what	NA28+NA27+Tyn+SBL+WH+Treg+TR+Byz	
12	2	13	NKO	προκειμένης	prokeimenēs	G4295	V-PNP-GSF	πρόκειμαι	to set before	is lying before	NA28+NA27+Tyn+SBL+WH+Treg+TR+Byz	
12	2	14	NKO	αὐτῷ	autō	G0846	P-DSM	αὐτός	he/she/it/self	Him	NA28+NA27+Tyn+SBL+WH+Treg+TR+Byz	
12	2	15	NKO	χαρᾶς	charas	G5479	N-GSF	χαρά	joy	joy	NA28+NA27+Tyn+SBL+WH+Treg+TR+Byz	
12	2	16	NKO	ὑπέμεινεν	hupemeinen	G5278	V-AAI-3S	ὑπομένω	to remain/endure	endured	NA28+NA27+Tyn+SBL+WH+Treg+TR+Byz	
12	2	17	NKO	σταυρὸν	stauron	G4716	N-ASM	σταυρός	cross	[the] cross	NA28+NA27+Tyn+SBL+WH+Treg+TR+Byz	
12	2	18	NKO	αἰσχύνης	aischunēs	G0152	N-GSF	αἰσχύνη	shame	[its] shame	NA28+NA27+Tyn+SBL+WH+Treg+TR+Byz	
12	2	19	NKO	καταφρονήσας,	kataphronēsas	G2706	V-AAP-NSM	καταφρονέω	to despise	having despised,	NA28+NA27+Tyn+SBL+WH+Treg+TR+Byz	
12	2	20	NKO	ἐν	en	G1722	PREP	ἐν	in/on/among	at	NA28+NA27+Tyn+SBL+WH+Treg+TR+Byz	
12	2	21	NKO	δεξιᾷ	dexia	G1188	A-DSF	δεξιός	right	right hand	NA28+NA27+Tyn+SBL+WH+Treg+TR+Byz	
12	2	22	NKO	τε	te	G5037	CONJ	τε	and/both	and	NA28+NA27+Tyn+SBL+WH+Treg+TR+Byz	
12	2	23	NKO	τοῦ	tou	G3588	T-GSM	ὁ	the/this/who	of the	NA28+NA27+Tyn+SBL+WH+Treg+TR+Byz	
12	2	24	NKO	θρόνου	thronou	G2362	N-GSM	θρόνος	throne	throne	NA28+NA27+Tyn+SBL+WH+Treg+TR+Byz	
12	2	25	NKO	τοῦ	tou	G3588	T-GSM	ὁ	the/this/who	<the>	NA28+NA27+Tyn+SBL+WH+Treg+TR+Byz	
12	2	26	NKO	θεοῦ	theou	G2316	N-GSM-T	θεός	God	of God	NA28+NA27+Tyn+SBL+WH+Treg+TR+Byz	
12	2	27	N(k)O	κεκάθικεν.¶	kekathiken	G2523	V-RAI-3S	καθίζω	to seat	has sat down.	NA28+NA27+Tyn+SBL+WH+Treg+Byz	
12	3	1	NKO	ἀναλογίσασθε	analogisasthe	G0357	V-ADM-2P	ἀναλογίζομαι	to consider	do consider fully	NA28+NA27+Tyn+SBL+WH+Treg+TR+Byz	
12	3	2	NKO	γὰρ	gar	G1063	CONJ	γάρ	for	for	NA28+NA27+Tyn+SBL+WH+Treg+TR+Byz	
12	3	3	NKO	τὸν	ton	G3588	T-ASM	ὁ	the/this/who	the [One]	NA28+NA27+Tyn+SBL+WH+Treg+TR+Byz	
12	3	4	NKO	τοιαύτην	toiautēn	G5108	D-ASF	τοιοῦτος	such as this	such great	NA28+NA27+Tyn+SBL+WH+Treg+TR+Byz	
12	3	5	NKO	ὑπομεμενηκότα	hupomemenēkota	G5278	V-RAP-ASM	ὑπομένω	to remain/endure	having endured	NA28+NA27+Tyn+SBL+WH+Treg+TR+Byz	
12	3	6	NKO	ὑπὸ	hupo	G5259G	PREP	ὑπό	by/under	from	NA28+NA27+Tyn+SBL+WH+Treg+TR+Byz	
12	3	7	NKO	τῶν	tōn	G3588	T-GPM	ὁ	the/this/who	<the>	NA28+NA27+Tyn+SBL+WH+Treg+TR+Byz	
12	3	8	NKO	ἁμαρτωλῶν	hamartōlōn	G0268	A-GPM	ἁμαρτωλός	sinful	sinners	NA28+NA27+Tyn+SBL+WH+Treg+TR+Byz	
12	3	9	NKO	εἰς	eis	G1519	PREP	εἰς	toward	against	NA28+NA27+Tyn+SBL+WH+Treg+TR+Byz	
12	3	10	N(k)(O)	ἑαυτὸν	he'auton	G1438	F-3ASM	ἑαυτοῦ	my/your/him-self	Himself	NA28+NA27+Tyn+Treg	
12	3	11	NKO	ἀντιλογίαν,	antilogian	G0485	N-ASF	ἀντιλογία	dispute	hostility,	NA28+NA27+Tyn+SBL+WH+Treg+TR+Byz	
12	3	12	NKO	ἵνα	ina	G2443	CONJ	ἵνα	in order that/to	so that	NA28+NA27+Tyn+SBL+WH+Treg+TR+Byz	
12	3	13	NKO	μὴ	mē	G3361	PRT-N	μή	not	not	NA28+NA27+Tyn+SBL+WH+Treg+TR+Byz	
12	3	14	NKO	κάμητε	kamēte	G2577G	V-2AAS-2P	κάμνω	be weary/sick	you may grow weary	NA28+NA27+Tyn+SBL+WH+Treg+TR+Byz	
12	3	15	NKO	ταῖς	tais	G3588	T-DPF	ὁ	the/this/who	in the	NA28+NA27+Tyn+SBL+WH+Treg+TR+Byz	
12	3	16	NKO	ψυχαῖς	psuchais	G5590G	N-DPF	ψυχή	soul	souls	NA28+NA27+Tyn+SBL+WH+Treg+TR+Byz	
12	3	17	NKO	ὑμῶν	humōn	G4771	P-2GP	σύ	you	of you	NA28+NA27+Tyn+SBL+WH+Treg+TR+Byz	
12	3	18	NKO	ἐκλυόμενοι.	ekluomenoi	G1590	V-PPP-NPM	ἐκλύω	to faint	fainting.	NA28+NA27+Tyn+SBL+WH+Treg+TR+Byz	
12	4	1	NKO	οὔπω	oupō	G3768	ADV-N	οὔπω	not yet	Not yet	NA28+NA27+Tyn+SBL+WH+Treg+TR+Byz	
12	4	2	NKO	μέχρις	mechris	G3360	PREP	μέχρι	until	unto	NA28+NA27+Tyn+SBL+WH+Treg+TR+Byz	
12	4	3	NKO	αἵματος	aimatos	G0129G	N-GSN	αἷμα	blood	blood	NA28+NA27+Tyn+SBL+WH+Treg+TR+Byz	
12	4	4	NKO	ἀντικατέστητε	antikatestēte	G0478	V-2AAI-2P	ἀντικαθίστημι	to resist	have you resisted	NA28+NA27+Tyn+SBL+WH+Treg+TR+Byz	
12	4	5	NKO	πρὸς	pros	G4314	PREP	πρός	to/with	against	NA28+NA27+Tyn+SBL+WH+Treg+TR+Byz	
12	4	6	NKO	τὴν	tēn	G3588	T-ASF	ὁ	the/this/who	<the>	NA28+NA27+Tyn+SBL+WH+Treg+TR+Byz	
12	4	7	NKO	ἁμαρτίαν	hamartian	G0266	N-ASF	ἁμαρτία	sin	sin	NA28+NA27+Tyn+SBL+WH+Treg+TR+Byz	
12	4	8	NKO	ἀνταγωνιζόμενοι	antagōnizomenoi	G0464	V-PNP-NPM	ἀνταγωνίζομαι	to struggle	struggling	NA28+NA27+Tyn+SBL+WH+Treg+TR+Byz	
12	5	1	NKO	καὶ	kai	G2532	CONJ	καί	and	and	NA28+NA27+Tyn+SBL+WH+Treg+TR+Byz	
12	5	2	NKO	ἐκλέλησθε	eklelēsthe	G1585	V-RMI-2P	ἐκλανθάνω	to forget	you have forgotten	NA28+NA27+Tyn+SBL+WH+Treg+TR+Byz	
12	5	3	NKO	τῆς	tēs	G3588	T-GSF	ὁ	the/this/who	the	NA28+NA27+Tyn+SBL+WH+Treg+TR+Byz	
12	5	4	NKO	παρακλήσεως	paraklēseōs	G3874	N-GSF	παράκλησις	encouragement	exhortation	NA28+NA27+Tyn+SBL+WH+Treg+TR+Byz	
12	5	5	NKO	ἥτις	hētis	G3748	R-NSF	ὅστις	who/which	that	NA28+NA27+Tyn+SBL+WH+Treg+TR+Byz	
12	5	6	NKO	ὑμῖν	humin	G4771	P-2DP	σύ	you	you	NA28+NA27+Tyn+SBL+WH+Treg+TR+Byz	
12	5	7	NKO	ὡς	hōs	G5613	PRT	ὡς	which/how	as	NA28+NA27+Tyn+SBL+WH+Treg+TR+Byz	
12	5	8	NKO	υἱοῖς	huiois	G5207	N-DPM	υἱός	son	to sons	NA28+NA27+Tyn+SBL+WH+Treg+TR+Byz	
12	5	9	NKO	διαλέγεται·	dialegetai	G1256	V-PNI-3S	διαλέγω	to dispute	addresses:	NA28+NA27+Tyn+SBL+WH+Treg+TR+Byz	
12	5	10	NKO	υἱέ	huie	G5207	N-VSM	υἱός	son	Son	NA28+NA27+Tyn+SBL+WH+Treg+TR+Byz	
12	5	11	NKO	μου,	mou	G3165	P-1GS	ἐγώ	I/we	of Mine,	NA28+NA27+Tyn+SBL+WH+Treg+TR+Byz	
12	5	12	NKO	μὴ	mē	G3361	PRT-N	μή	not	not	NA28+NA27+Tyn+SBL+WH+Treg+TR+Byz	
12	5	13	NKO	ὀλιγώρει	oligōrei	G3643	V-PAM-2S	ὀλιγωρέω	to despise	do regard lightly	NA28+NA27+Tyn+SBL+WH+Treg+TR+Byz	
12	5	14	NKO	παιδείας	paideias	G3809	N-GSF	παιδεία	discipline	[the] discipline	NA28+NA27+Tyn+SBL+WH+Treg+TR+Byz	
12	5	15	NKO	κυρίου,	kuriou	G2962G	N-GSM-T	κύριος	lord	of [the] Lord,	NA28+NA27+Tyn+SBL+WH+Treg+TR+Byz	
12	5	16	NKO	μηδὲ	mēde	G3366	CONJ-N	μηδέ	nor	nor	NA28+NA27+Tyn+SBL+WH+Treg+TR+Byz	
12	5	17	NKO	ἐκλύου	ekluou	G1590	V-PPM-2S	ἐκλύω	to faint	do faint	NA28+NA27+Tyn+SBL+WH+Treg+TR+Byz	
12	5	18	NKO	ὑπ᾽	hup᾽	G5259G	PREP	ὑπό	by/under	by	NA28+NA27+Tyn+SBL+WH+Treg+TR+Byz	
12	5	19	NKO	αὐτοῦ	autou	G0846	P-GSM	αὐτός	he/she/it/self	Him	NA28+NA27+Tyn+SBL+WH+Treg+TR+Byz	
12	5	20	NKO	ἐλεγχόμενος.	elegchomenos	G1651	V-PPP-NSM	ἐλέγχω	to rebuke	being reproved.	NA28+NA27+Tyn+SBL+WH+Treg+TR+Byz	
12	6	1	NKO	ὃν	hon	G3739	R-ASM	ὅς, ἥ	which	Whom	NA28+NA27+Tyn+SBL+WH+Treg+TR+Byz	
12	6	2	NKO	γὰρ	gar	G1063	CONJ	γάρ	for	for	NA28+NA27+Tyn+SBL+WH+Treg+TR+Byz	
12	6	3	NKO	ἀγαπᾷ	agapa	G0025	V-PAI-3S	ἀγαπάω	to love	He loves	NA28+NA27+Tyn+SBL+WH+Treg+TR+Byz	
12	6	4	NKO	κύριος,	kurios	G2962G	N-NSM-T	κύριος	lord	[the] Lord	NA28+NA27+Tyn+SBL+WH+Treg+TR+Byz	
12	6	5	NKO	παιδεύει,	paideuei	G3811	V-PAI-3S	παιδεύω	to instruct	disciplines,	NA28+NA27+Tyn+SBL+WH+Treg+TR+Byz	
12	6	6	NKO	μαστιγοῖ	mastigoi	G3146	V-PAI-3S	μαστιγόω	to whip	He scourges	NA28+NA27+Tyn+SBL+WH+Treg+TR+Byz	
12	6	7	NKO	δὲ	de	G1161	CONJ	δέ	but/and	now	NA28+NA27+Tyn+SBL+WH+Treg+TR+Byz	
12	6	8	NKO	πάντα	panta	G3956	A-ASM	πᾶς	all	every	NA28+NA27+Tyn+SBL+WH+Treg+TR+Byz	
12	6	9	NKO	υἱὸν	huion	G5207	N-ASM	υἱός	son	son	NA28+NA27+Tyn+SBL+WH+Treg+TR+Byz	
12	6	10	NKO	ὃν	hon	G3739	R-ASM	ὅς, ἥ	which	whom	NA28+NA27+Tyn+SBL+WH+Treg+TR+Byz	
12	6	11	NKO	παραδέχεται.	paradechetai	G3858	V-PNI-3S	παραδέχομαι	to welcome	He receives.	NA28+NA27+Tyn+SBL+WH+Treg+TR+Byz	
12	7	1	NKO	εἰς	eis	G1519	PREP	εἰς	toward	As	NA28+NA27+Tyn+SBL+WH+Treg+TR+Byz	
12	7	2	NKO	παιδείαν	paideian	G3809	N-ASF	παιδεία	discipline	discipline	NA28+NA27+Tyn+SBL+WH+Treg+TR+Byz	
12	7	3	NKO	ὑπομένετε,	hupomenete	G5278	V-PAI-2P	ὑπομένω	to remain/endure	endure,	NA28+NA27+Tyn+SBL+WH+Treg+TR+Byz	
12	7	4	NKO	ὡς	hōs	G5613	PRT	ὡς	which/how	as	NA28+NA27+Tyn+SBL+WH+Treg+TR+Byz	
12	7	5	NKO	υἱοῖς	huiois	G5207	N-DPM	υἱός	son	sons	NA28+NA27+Tyn+SBL+WH+Treg+TR+Byz	
12	7	6	NKO	ὑμῖν	humin	G4771	P-2DP	σύ	you	you	NA28+NA27+Tyn+SBL+WH+Treg+TR+Byz	
12	7	7	NKO	προσφέρεται	prospheretai	G4374	V-PPI-3S	προσφέρω	to bring to	is treating	NA28+NA27+Tyn+SBL+WH+Treg+TR+Byz	
12	7	8	NKO	ὁ	ho	G3588	T-NSM	ὁ	the/this/who	<the>	NA28+NA27+Tyn+SBL+WH+Treg+TR+Byz	
12	7	9	NKO	θεός·	theos	G2316	N-NSM-T	θεός	God	God;	NA28+NA27+Tyn+SBL+WH+Treg+TR+Byz	
12	7	10	NKO	τίς	tis	G5101	I-NSM	τίς	which?	what	NA28+NA27+Tyn+SBL+WH+Treg+TR+Byz	
12	7	11	NKO	γὰρ	gar	G1063	CONJ	γάρ	for	for	NA28+NA27+Tyn+SBL+WH+Treg+TR+Byz	
12	7	12	k	ἐστιν	estin	G1510	V-PAI-3S	εἰμί	to be	is	TR+Byz	
12	7	13	NKO	υἱὸς	huios	G5207	N-NSM	υἱός	son	son [is there]	NA28+NA27+Tyn+SBL+WH+Treg+TR+Byz	
12	7	14	NKO	ὃν	hon	G3739	R-ASM	ὅς, ἥ	which	whom	NA28+NA27+Tyn+SBL+WH+Treg+TR+Byz	
12	7	15	NKO	οὐ	ou	G3756	PRT-N	οὐ	no	not	NA28+NA27+Tyn+SBL+WH+Treg+TR+Byz	
12	7	16	NKO	παιδεύει	paideuei	G3811	V-PAI-3S	παιδεύω	to instruct	disciplines	NA28+NA27+Tyn+SBL+WH+Treg+TR+Byz	
12	7	17	NKO	πατήρ;	patēr	G3962	N-NSM	πατήρ	father	[his] father?	NA28+NA27+Tyn+SBL+WH+Treg+TR+Byz	
12	8	1	NKO	εἰ	ei	G1487G	COND	εἰ	if	If	NA28+NA27+Tyn+SBL+WH+Treg+TR+Byz	
12	8	2	NKO	δὲ	de	G1161	CONJ	δέ	but/and	however	NA28+NA27+Tyn+SBL+WH+Treg+TR+Byz	
12	8	3	NKO	χωρίς	chōris	G5565	PREP	χωρίς	without	without	NA28+NA27+Tyn+SBL+WH+Treg+TR+Byz	
12	8	4	NKO	ἐστε	este	G1510	V-PAI-2P	εἰμί	to be	you are	NA28+NA27+Tyn+SBL+WH+Treg+TR+Byz	
12	8	5	NKO	παιδείας	paideias	G3809	N-GSF	παιδεία	discipline	of discipline	NA28+NA27+Tyn+SBL+WH+Treg+TR+Byz	
12	8	6	NKO	ἧς	hēs	G3739	R-GSF	ὅς, ἥ	which	of which	NA28+NA27+Tyn+SBL+WH+Treg+TR+Byz	
12	8	7	NKO	μέτοχοι	metochoi	G3353	N-NPM	μέτοχος	partaker	partakers	NA28+NA27+Tyn+SBL+WH+Treg+TR+Byz	
12	8	8	NKO	γεγόνασιν	gegonasin	G1096	V-2RAI-3P	γίνομαι	to be	they have become	NA28+NA27+Tyn+SBL+WH+Treg+TR+Byz	
12	8	9	NKO	πάντες,	pantes	G3956	A-NPM	πᾶς	all	all,	NA28+NA27+Tyn+SBL+WH+Treg+TR+Byz	
12	8	10	NKO	ἄρα	ara	G0686	CONJ	ἄρα	therefore	then	NA28+NA27+Tyn+SBL+WH+Treg+TR+Byz	
12	8	11	NKO	νόθοι	nothoi	G3541	A-NPM	νόθος	illegitimate	illegitimate children	NA28+NA27+Tyn+SBL+WH+Treg+TR+Byz	
12	8	12	NKO	καὶ	kai	G2532	CONJ	καί	and	and	NA28+NA27+Tyn+SBL+WH+Treg+TR»3+Byz»3	
12	8	13	NKO	οὐχ	ouch	G3756	PRT-N	οὐ	no	not	NA28+NA27+Tyn+SBL+WH+Treg+TR»2+Byz»2	
12	8	14	NKO	υἱοί	huioi	G5207	N-NPM	υἱός	son	sons	NA28+NA27+Tyn+SBL+WH+Treg+TR»1+Byz»1	
12	8	15	NKO	ἐστε.	este	G1510	V-PAI-2P	εἰμί	to be	you are.	NA28+NA27+Tyn+SBL+WH+Treg+TR+Byz	
12	9	1	NKO	εἶτα	eita	G1534	ADV	εἶτα	then	Furthermore	NA28+NA27+Tyn+SBL+WH+Treg+TR+Byz	
12	9	2	NKO	τοὺς	tous	G3588	T-APM	ὁ	the/this/who	<the>	NA28+NA27+Tyn+SBL+WH+Treg+TR+Byz	
12	9	3	NKO	μὲν	men	G3303	PRT	μέν	on one hand	indeed	NA28+NA27+Tyn+SBL+WH+Treg+TR+Byz	
12	9	4	NKO	τῆς	tēs	G3588	T-GSF	ὁ	the/this/who	of the	NA28+NA27+Tyn+SBL+WH+Treg+TR+Byz	
12	9	5	NKO	σαρκὸς	sarkos	G4561	N-GSF	σάρξ	flesh	flesh	NA28+NA27+Tyn+SBL+WH+Treg+TR+Byz	
12	9	6	NKO	ἡμῶν	hēmōn	G3165	P-1GP	ἐγώ	I/we	of us	NA28+NA27+Tyn+SBL+WH+Treg+TR+Byz	
12	9	7	NKO	πατέρας	pateras	G3962	N-APM	πατήρ	father	fathers	NA28+NA27+Tyn+SBL+WH+Treg+TR+Byz	
12	9	8	NKO	εἴχομεν	eichomen	G2192	V-IAI-1P	ἔχω	to have/be	we were having	NA28+NA27+Tyn+SBL+WH+Treg+TR+Byz	
12	9	9	NKO	παιδευτὰς	paideutas	G3810	N-APM	παιδευτής	instructor	correctors	NA28+NA27+Tyn+SBL+WH+Treg+TR+Byz	
12	9	10	NKO	καὶ	kai	G2532	CONJ	καί	and	and	NA28+NA27+Tyn+SBL+WH+Treg+TR+Byz	
12	9	11	NKO	ἐνετρεπόμεθα·	enetrepometha	G1788	V-IPI-1P	ἐντρέπω	to cause shame	we were respecting [them];	NA28+NA27+Tyn+SBL+WH+Treg+TR+Byz	
12	9	12	NKO	οὐ	ou	G3756	PRT-N	οὐ	no	not	NA28+NA27+Tyn+SBL+WH+Treg+TR+Byz	
12	9	13	N(k)O	πολὺ	polu	G4183	A-ASN	πολύς	much	much	NA28+NA27+Tyn+SBL+WH+Treg	
12	9	14	n	δὲ	de	G1161	CONJ	δέ	but/and	however	NA28+NA27	
12	9	15	NKO	μᾶλλον	mallon	G3123G	ADV	μᾶλλον	more	more	NA28+NA27+Tyn+SBL+WH+Treg+TR+Byz	
12	9	16	NKO	ὑποταγησόμεθα	hupotagēsometha	G5293	V-2FPI-1P	ὑποτάσσω	to subject	will we be in subjection	NA28+NA27+Tyn+SBL+WH+Treg+TR+Byz	
12	9	17	NKO	τῷ	tō	G3588	T-DSM	ὁ	the/this/who	to the	NA28+NA27+Tyn+SBL+WH+Treg+TR+Byz	
12	9	18	NKO	πατρὶ	patri	G3962	N-DSM-T	πατήρ	father	Father	NA28+NA27+Tyn+SBL+WH+Treg+TR+Byz	
12	9	19	NKO	τῶν	tōn	G3588	T-GPN	ὁ	the/this/who	<the>	NA28+NA27+Tyn+SBL+WH+Treg+TR+Byz	
12	9	20	NKO	πνευμάτων	pneumatōn	G4151G	N-GPN	πνεῦμα	spirit/breath	of spirits	NA28+NA27+Tyn+SBL+WH+Treg+TR+Byz	
12	9	21	NKO	καὶ	kai	G2532	CONJ	καί	and	and	NA28+NA27+Tyn+SBL+WH+Treg+TR+Byz	
12	9	22	NKO	ζήσομεν;	zēsomen	G2198	V-FAI-1P	ζάω	to live	will live?	NA28+NA27+Tyn+SBL+WH+Treg+TR+Byz	
12	10	1	NKO	οἱ	hoi	G3588	T-NPM	ὁ	the/this/who	<the>	NA28+NA27+Tyn+SBL+WH+Treg+TR+Byz	
12	10	2	NKO	μὲν	men	G3303	PRT	μέν	on one hand	Indeed	NA28+NA27+Tyn+SBL+WH+Treg+TR+Byz	
12	10	3	NKO	γὰρ	gar	G1063	CONJ	γάρ	for	for	NA28+NA27+Tyn+SBL+WH+Treg+TR+Byz	
12	10	4	NKO	πρὸς	pros	G4314	PREP	πρός	to/with	during	NA28+NA27+Tyn+SBL+WH+Treg+TR+Byz	
12	10	5	NKO	ὀλίγας	oligas	G3641	A-APF	ὀλίγος	little/few	a few	NA28+NA27+Tyn+SBL+WH+Treg+TR+Byz	
12	10	6	NKO	ἡμέρας	hēmeras	G2250	N-APF	ἡμέρα	day	days	NA28+NA27+Tyn+SBL+WH+Treg+TR+Byz	
12	10	7	NKO	κατὰ	kata	G2596	PREP	κατά	according to	according to	NA28+NA27+Tyn+SBL+WH+Treg+TR+Byz	
12	10	8	NKO	τὸ	to	G3588	T-ASN	ὁ	the/this/who	which	NA28+NA27+Tyn+SBL+WH+Treg+TR+Byz	
12	10	9	NKO	δοκοῦν	dokoun	G1380	V-PAP-ASN	δοκέω	to think	is seeming good	NA28+NA27+Tyn+SBL+WH+Treg+TR+Byz	
12	10	10	NKO	αὐτοῖς	autois	G0846	P-DPM	αὐτός	he/she/it/self	to them	NA28+NA27+Tyn+SBL+WH+Treg+TR+Byz	
12	10	11	NKO	ἐπαίδευον,	epaideuon	G3811	V-IAI-3P	παιδεύω	to instruct	they were disciplining [us],	NA28+NA27+Tyn+SBL+WH+Treg+TR+Byz	
12	10	12	NKO	ὁ	ho	G3588	T-NSM	ὁ	the/this/who	[He]	NA28+NA27+Tyn+SBL+WH+Treg+TR+Byz	
12	10	13	NKO	δὲ	de	G1161	CONJ	δέ	but/and	however	NA28+NA27+Tyn+SBL+WH+Treg+TR+Byz	
12	10	14	NKO	ἐπὶ	epi	G1909	PREP	ἐπί	upon/to/against	for	NA28+NA27+Tyn+SBL+WH+Treg+TR+Byz	
12	10	15	NKO	τὸ	to	G3588	T-ASN	ὁ	the/this/who	which	NA28+NA27+Tyn+SBL+WH+Treg+TR+Byz	
12	10	16	NKO	συμφέρον	sumpheron	G4851	V-PAP-ASN	συμφέρω	to be profitable	is [our] benefitting	NA28+NA27+Tyn+SBL+WH+Treg+TR+Byz	
12	10	17	NKO	εἰς	eis	G1519	PREP	εἰς	toward	in order	NA28+NA27+Tyn+SBL+WH+Treg+TR+Byz	
12	10	18	NKO	τὸ	to	G3588	T-ASN	ὁ	the/this/who	<the>	NA28+NA27+Tyn+SBL+WH+Treg+TR+Byz	
12	10	19	NKO	μεταλαβεῖν	metalabein	G3335	V-2AAN	μεταλαμβάνω	to partake	to share	NA28+NA27+Tyn+SBL+WH+Treg+TR+Byz	
12	10	20	NKO	τῆς	tēs	G3588	T-GSF	ὁ	the/this/who	of the	NA28+NA27+Tyn+SBL+WH+Treg+TR+Byz	
12	10	21	NKO	ἁγιότητος	hagiotētos	G0041	N-GSF	ἁγιότης	holiness	holiness	NA28+NA27+Tyn+SBL+WH+Treg+TR+Byz	
12	10	22	NKO	αὐτοῦ.	autou	G0846	P-GSM	αὐτός	he/she/it/self	of Him.	NA28+NA27+Tyn+SBL+WH+Treg+TR+Byz	
12	11	1	NKO	πᾶσα	pasa	G3956	A-NSF	πᾶς	all	All	NA28+NA27+Tyn+SBL+WH+Treg+TR+Byz	
12	11	2	NK(o)	δὲ	de	G1161	CONJ	δέ	but/and	now	NA28+NA27+Tyn+SBL+Treg+TR+Byz	
12	11	3	NKO	παιδεία	paideia	G3809	N-NSF	παιδεία	discipline	discipline	NA28+NA27+Tyn+SBL+WH+Treg+TR+Byz	
12	11	4	NKO	πρὸς	pros	G4314	PREP	πρός	to/with	for	NA28+NA27+Tyn+SBL+WH+Treg+TR+Byz	
12	11	5	NKO	μὲν	men	G3303	PRT	μέν	on one hand	indeed	NA28+NA27+Tyn+SBL+WH+Treg+TR+Byz	
12	11	6	NKO	τὸ	to	G3588	T-ASN	ὁ	the/this/who	those	NA28+NA27+Tyn+SBL+WH+Treg+TR+Byz	
12	11	7	NKO	παρὸν	paron	G3918	V-PAP-ASN	πάρειμι	be present	being present	NA28+NA27+Tyn+SBL+WH+Treg+TR+Byz	
12	11	8	NKO	οὐ	ou	G3756	PRT-N	οὐ	no	not	NA28+NA27+Tyn+SBL+WH+Treg+TR+Byz	
12	11	9	NKO	δοκεῖ	dokei	G1380	V-PAI-3S	δοκέω	to think	it seems	NA28+NA27+Tyn+SBL+WH+Treg+TR+Byz	
12	11	10	NKO	χαρᾶς	charas	G5479	N-GSF	χαρά	joy	of joy	NA28+NA27+Tyn+SBL+WH+Treg+TR+Byz	
12	11	11	NKO	εἶναι	einai	G1511	V-PAN	εἰμί	to be	to be	NA28+NA27+Tyn+SBL+WH+Treg+TR+Byz	
12	11	12	NKO	ἀλλὰ	alla	G0235	CONJ	ἀλλά	but	but	NA28+NA27+Tyn+SBL+WH+Treg+TR+Byz	
12	11	13	NKO	λύπης,	lupēs	G3077	N-GSF	λύπη	grief	of grief,	NA28+NA27+Tyn+SBL+WH+Treg+TR+Byz	
12	11	14	NKO	ὕστερον	husteron	G5306	A-ASN-C	ὕστερος	later	afterward	NA28+NA27+Tyn+SBL+WH+Treg+TR+Byz	
12	11	15	NKO	δὲ	de	G1161	CONJ	δέ	but/and	however	NA28+NA27+Tyn+SBL+WH+Treg+TR+Byz	
12	11	16	NKO	καρπὸν	karpon	G2590	N-ASM	καρπός	fruit	[the] fruit	NA28+NA27+Tyn+SBL+WH+Treg+TR+Byz	
12	11	17	NKO	εἰρηνικὸν	eirēnikon	G1516	A-ASM	εἰρηνικός	peaceful	peaceable	NA28+NA27+Tyn+SBL+WH+Treg+TR+Byz	
12	11	18	NKO	τοῖς	tois	G3588	T-DPM	ὁ	the/this/who	to those	NA28+NA27+Tyn+SBL+WH+Treg+TR+Byz	
12	11	19	NKO	δι᾽	di᾽	G1223	PREP	διά	through/because of	through	NA28+NA27+Tyn+SBL+WH+Treg+TR+Byz	
12	11	20	NKO	αὐτῆς	autēs	G0846	P-GSF	αὐτός	he/she/it/self	it	NA28+NA27+Tyn+SBL+WH+Treg+TR+Byz	
12	11	21	NKO	γεγυμνασμένοις	gegumnasmenois	G1128	V-RPP-DPM	γυμνάζω	to train	trained	NA28+NA27+Tyn+SBL+WH+Treg+TR+Byz	
12	11	22	NKO	ἀποδίδωσιν	apodidōsin	G0591	V-PAI-3S	ἀποδίδωμι	to pay	it yields	NA28+NA27+Tyn+SBL+WH+Treg+TR+Byz	
12	11	23	NKO	δικαιοσύνης.¶	dikaiosunēs	G1343	N-GSF	δικαιοσύνη	righteousness	of righteousness.	NA28+NA27+Tyn+SBL+WH+Treg+TR+Byz	
12	12	1	NKO	Διὸ	Dio	G1352	CONJ	διό	for	Therefore	NA28+NA27+Tyn+SBL+WH+Treg+TR+Byz	
12	12	2	NKO	τὰς	tas	G3588	T-APF	ὁ	the/this/who	the	NA28+NA27+Tyn+SBL+WH+Treg+TR+Byz	
12	12	3	NKO	παρειμένας	pareimenas	G3935	V-RPP-APF	παρίημι	to neglect	drooped	NA28+NA27+Tyn+SBL+WH+Treg+TR+Byz	
12	12	4	NKO	χεῖρας	cheiras	G5495	N-APF	χείρ	hand	hands	NA28+NA27+Tyn+SBL+WH+Treg+TR+Byz	
12	12	5	NKO	καὶ	kai	G2532	CONJ	καί	and	and	NA28+NA27+Tyn+SBL+WH+Treg+TR+Byz	
12	12	6	NKO	τὰ	ta	G3588	T-APN	ὁ	the/this/who	the	NA28+NA27+Tyn+SBL+WH+Treg+TR+Byz	
12	12	7	NKO	παραλελυμένα	paralelumena	G3886	V-RPP-APN	παραλύω	to paralyze	enfeebled	NA28+NA27+Tyn+SBL+WH+Treg+TR+Byz	
12	12	8	NKO	γόνατα	gonata	G1119	N-APN	γόνυ	a knee	knees	NA28+NA27+Tyn+SBL+WH+Treg+TR+Byz	
12	12	9	NKO	ἀνορθώσατε,	anorthōsate	G0461	V-AAM-2P	ἀνορθόω	to restore	do lift up,	NA28+NA27+Tyn+SBL+WH+Treg+TR+Byz	
12	13	1	NKO	καὶ	kai	G2532	CONJ	καί	and	and	NA28+NA27+Tyn+SBL+WH+Treg+TR+Byz	
12	13	2	NKO	τροχιὰς	trochias	G5163	N-APF	τροχιά	track	paths	NA28+NA27+Tyn+SBL+WH+Treg+TR+Byz	
12	13	3	NKO	ὀρθὰς	orthas	G3717	A-APF	ὀρθός	upright	straight	NA28+NA27+Tyn+SBL+WH+Treg+TR+Byz	
12	13	4	N(k)O	ποιεῖτε	poieite	G4160G	V-PAM-2P	ποιέω	to do/make	do make	NA28+NA27+Tyn+SBL+WH+Treg	
12	13	5	NKO	τοῖς	tois	G3588	T-DPM	ὁ	the/this/who	for the	NA28+NA27+Tyn+SBL+WH+Treg+TR+Byz	
12	13	6	NKO	ποσὶν	posin	G4228	N-DPM	πούς	foot	feet	NA28+NA27+Tyn+SBL+WH+Treg+TR+Byz	
12	13	7	NKO	ὑμῶν,	humōn	G4771	P-2GP	σύ	you	of you,	NA28+NA27+Tyn+SBL+WH+Treg+TR+Byz	
12	13	8	NKO	ἵνα	ina	G2443	CONJ	ἵνα	in order that/to	so that	NA28+NA27+Tyn+SBL+WH+Treg+TR+Byz	
12	13	9	NKO	μὴ	mē	G3361	PRT-N	μή	not	not	NA28+NA27+Tyn+SBL+WH+Treg+TR+Byz	
12	13	10	NKO	τὸ	to	G3588	T-NSN	ὁ	the/this/who	the	NA28+NA27+Tyn+SBL+WH+Treg+TR+Byz	
12	13	11	NKO	χωλὸν	chōlon	G5560	A-NSN	χωλός	lame	lame	NA28+NA27+Tyn+SBL+WH+Treg+TR+Byz	
12	13	12	NKO	ἐκτραπῇ,	ektrapēa	G1624	V-2APS-3S	ἐκτρέπω	to turn/wander away	may be disabled,	NA28+NA27+Tyn+SBL+WH+Treg+TR+Byz	
12	13	13	NKO	ἰαθῇ	iathēa	G2390	V-APS-3S	ἰάομαι	to heal	may be healed	NA28+NA27+Tyn+SBL+WH+Treg+TR+Byz	
12	13	14	NKO	δὲ	de	G1161	CONJ	δέ	but/and	however	NA28+NA27+Tyn+SBL+WH+Treg+TR+Byz	
12	13	15	NKO	μᾶλλον.	mallon	G3123H	ADV	μᾶλλον	more	rather.	NA28+NA27+Tyn+SBL+WH+Treg+TR+Byz	
12	14	1	NKO	εἰρήνην	eirēnēn	G1515	N-ASF	εἰρήνη	peace	Peace	NA28+NA27+Tyn+SBL+WH+Treg+TR+Byz	
12	14	2	NKO	διώκετε	diōkete	G1377	V-PAM-2P	διώκω	to pursue	do pursue	NA28+NA27+Tyn+SBL+WH+Treg+TR+Byz	
12	14	3	NKO	μετὰ	meta	G3326	PREP	μετά	with/after	with	NA28+NA27+Tyn+SBL+WH+Treg+TR+Byz	
12	14	4	NKO	πάντων	pantōn	G3956	A-GPM	πᾶς	all	all	NA28+NA27+Tyn+SBL+WH+Treg+TR+Byz	
12	14	5	NKO	καὶ	kai	G2532	CONJ	καί	and	and	NA28+NA27+Tyn+SBL+WH+Treg+TR+Byz	
12	14	6	NKO	τὸν	ton	G3588	T-ASM	ὁ	the/this/who	<the>	NA28+NA27+Tyn+SBL+WH+Treg+TR+Byz	
12	14	7	NKO	ἁγιασμόν,	hagiasmon	G0038	N-ASM	ἁγιασμός	holiness	holiness,	NA28+NA27+Tyn+SBL+WH+Treg+TR+Byz	
12	14	8	NKO	οὗ	hou	G3739	R-GSM	ὅς, ἥ	which	which	NA28+NA27+Tyn+SBL+WH+Treg+TR+Byz	
12	14	9	NKO	χωρὶς	chōris	G5565	PREP	χωρίς	without	without	NA28+NA27+Tyn+SBL+WH+Treg+TR+Byz	
12	14	10	NKO	οὐδεὶς	oudeis	G3762	A-NSM	οὐδείς	none	no [one]	NA28+NA27+Tyn+SBL+WH+Treg+TR+Byz	
12	14	11	NKO	ὄψεται	opsetai	G3700G	V-FDI-3S	ὁράω	to see	will behold	NA28+NA27+Tyn+SBL+WH+Treg+TR+Byz	
12	14	12	NKO	τὸν	ton	G3588	T-ASM	ὁ	the/this/who	the	NA28+NA27+Tyn+SBL+WH+Treg+TR+Byz	
12	14	13	NKO	κύριον·	kurion	G2962G	N-ASM-T	κύριος	lord	Lord;	NA28+NA27+Tyn+SBL+WH+Treg+TR+Byz	
12	15	1	NKO	ἐπισκοποῦντες	episkopountes	G1983	V-PAP-NPM	ἐπισκοπέω	to oversee/care for	observing	NA28+NA27+Tyn+SBL+WH+Treg+TR+Byz	
12	15	2	NKO	μή	mē	G3361	PRT-N	μή	not	lest	NA28+NA27+Tyn+SBL+WH+Treg+TR+Byz	
12	15	3	NKO	τις	tis	G5100	X-NSM	τις	one	any	NA28+NA27+Tyn+SBL+WH+Treg+TR+Byz	
12	15	4	NKO	ὑστερῶν	husterōn	G5302	V-PAP-NSM	ὑστερέω	to lack	be failing	NA28+NA27+Tyn+SBL+WH+Treg+TR+Byz	
12	15	5	NKO	ἀπὸ	apo	G0575	PREP	ἀπό	away from	of	NA28+NA27+Tyn+SBL+WH+Treg+TR+Byz	
12	15	6	NKO	τῆς	tēs	G3588	T-GSF	ὁ	the/this/who	the	NA28+NA27+Tyn+SBL+WH+Treg+TR+Byz	
12	15	7	NKO	χάριτος	charitos	G5485	N-GSF	χάρις	grace	grace	NA28+NA27+Tyn+SBL+WH+Treg+TR+Byz	
12	15	8	NKO	τοῦ	tou	G3588	T-GSM	ὁ	the/this/who	<the>	NA28+NA27+Tyn+SBL+WH+Treg+TR+Byz	
12	15	9	NKO	θεοῦ,	theou	G2316	N-GSM-T	θεός	God	of God,	NA28+NA27+Tyn+SBL+WH+Treg+TR+Byz	
12	15	10	NKO	μή	mē	G3361	PRT-N	μή	not	lest	NA28+NA27+Tyn+SBL+WH+Treg+TR+Byz	
12	15	11	NKO	τις	tis	G5100	X-NSF	τις	one	any	NA28+NA27+Tyn+SBL+WH+Treg+TR+Byz	
12	15	12	NKO	ῥίζα	rhiza	G4491	N-NSF	ῥίζα	root	root	NA28+NA27+Tyn+SBL+WH+Treg+TR+Byz	
12	15	13	NKO	πικρίας	pikrias	G4088	N-GSF	πικρία	bitterness	of bitterness	NA28+NA27+Tyn+SBL+WH+Treg+TR+Byz	
12	15	14	NKO	ἄνω	anō	G0507	ADV	ἄνω	above	up	NA28+NA27+Tyn+SBL+WH+Treg+TR+Byz	
12	15	15	NKO	φύουσα	phuousa	G5453	V-PAP-NSF	φύω	to grow	springing	NA28+NA27+Tyn+SBL+WH+Treg+TR+Byz	
12	15	16	NKO	ἐνοχλῇ,	enochlēa	G1776	V-PAS-3S	ἐνοχλέω	to trouble	may trouble [you],	NA28+NA27+Tyn+SBL+WH+Treg+TR+Byz	
12	15	17	NKO	καὶ	kai	G2532	CONJ	καί	and	and	NA28+NA27+Tyn+SBL+WH+Treg+TR+Byz	
12	15	18	NKO	δι᾽	di᾽	G1223	PREP	διά	through/because of	through	NA28+NA27+Tyn+SBL+WH+Treg+TR+Byz	
12	15	19	N(k)O	αὐτῆς	autēs	G0846	P-GSF	αὐτός	he/she/it/self	this	NA28+NA27+Tyn+SBL+WH	
12	15	20	NKO	μιανθῶσιν	mianthōsin	G3392	V-APS-3P	μιαίνω	to stain	may be defiled	NA28+NA27+Tyn+SBL+WH+Treg+TR+Byz	
12	15	21	o	οἱ	hoi	G3588	T-NPM	ὁ	the/this/who	<the>	WH+Treg	
12	15	22	NKO	πολλοί·	polloi	G4183	A-NPM	πολύς	much	many;	NA28+NA27+Tyn+SBL+WH+Treg+TR+Byz	
12	16	1	NKO	μή	mē	G3361	PRT-N	μή	not	lest [there be]	NA28+NA27+Tyn+SBL+WH+Treg+TR+Byz	
12	16	2	NKO	τις	tis	G5100	X-NSM	τις	one	any	NA28+NA27+Tyn+SBL+WH+Treg+TR+Byz	
12	16	3	NKO	πόρνος	pornos	G4205	N-NSM	πόρνος	sexual sinner	fornicator	NA28+NA27+Tyn+SBL+WH+Treg+TR+Byz	
12	16	4	NKO	ἢ	ē	G2228	CONJ	ἤ	or/than	or	NA28+NA27+Tyn+SBL+WH+Treg+TR+Byz	
12	16	5	NKO	βέβηλος	bebēlos	G0952	A-NSM	βέβηλος	profane	profane person	NA28+NA27+Tyn+SBL+WH+Treg+TR+Byz	
12	16	6	NKO	ὡς	hōs	G5613	PRT	ὡς	which/how	as	NA28+NA27+Tyn+SBL+WH+Treg+TR+Byz	
12	16	7	NKO	Ἠσαῦ,	Ēsau	G2269G	N-NSM-P	Ἠσαῦ	Esau	Esau,	NA28+NA27+Tyn+SBL+WH+Treg+TR+Byz	
12	16	8	NKO	ὃς	hos	G3739	R-NSM	ὅς, ἥ	which	who	NA28+NA27+Tyn+SBL+WH+Treg+TR+Byz	
12	16	9	NKO	ἀντὶ	anti	G0473	PREP	ἀντί	for	for	NA28+NA27+Tyn+SBL+WH+Treg+TR+Byz	
12	16	10	NKO	βρώσεως	brōseōs	G1035	N-GSF	βρῶσις	eating	meal	NA28+NA27+Tyn+SBL+WH+Treg+TR+Byz	
12	16	11	NKO	μιᾶς	mias	G1520	A-GSF	εἷς	one	one	NA28+NA27+Tyn+SBL+WH+Treg+TR+Byz	
12	16	12	NKO	ἀπέδετο	apedeto	G0591	V-2AMI-3S	ἀποδίδωμι	to pay	sold	NA28+NA27+Tyn+SBL+WH+Treg+TR+Byz	
12	16	13	NKO	τὰ	ta	G3588	T-APN	ὁ	the/this/who	the	NA28+NA27+Tyn+SBL+WH+Treg+TR+Byz	
12	16	14	NKO	πρωτοτόκια	prōtotokia	G4415	N-APN	πρωτοτόκια	birthright	birthright	NA28+NA27+Tyn+SBL+WH+Treg+TR+Byz	
12	16	15	N(k)O	ἑαυτοῦ.	he'autou	G1438	F-3GSM	ἑαυτοῦ	my/your/him-self	of himself.	NA28+NA27+Tyn+SBL+WH+Treg	
12	17	1	NKO	ἴστε	iste	G6063	V-RAI-2P	εἴδω	to perceive	You know	NA28+NA27+Tyn+SBL+WH+Treg+TR+Byz	
12	17	2	NKO	γὰρ	gar	G1063	CONJ	γάρ	for	for	NA28+NA27+Tyn+SBL+WH+Treg+TR+Byz	
12	17	3	NKO	ὅτι	hoti	G3754G	CONJ	ὅτι	that/since	that	NA28+NA27+Tyn+SBL+WH+Treg+TR+Byz	
12	17	4	NKO	καὶ	kai	G2532	CONJ	καί	and	even	NA28+NA27+Tyn+SBL+WH+Treg+TR+Byz	
12	17	5	NKO	μετέπειτα	metepeita	G3347	ADV	μετέπειτα	afterward	afterward	NA28+NA27+Tyn+SBL+WH+Treg+TR+Byz	
12	17	6	NKO	θέλων	thelōn	G2309	V-PAP-NSM	θέλω	to will/desire	wishing	NA28+NA27+Tyn+SBL+WH+Treg+TR+Byz	
12	17	7	NKO	κληρονομῆσαι	klēronomēsai	G2816	V-AAN	κληρονομέω	to inherit	to inherit	NA28+NA27+Tyn+SBL+WH+Treg+TR+Byz	
12	17	8	NKO	τὴν	tēn	G3588	T-ASF	ὁ	the/this/who	the	NA28+NA27+Tyn+SBL+WH+Treg+TR+Byz	
12	17	9	NKO	εὐλογίαν	eulogian	G2129	N-ASF	εὐλογία	praise	blessing	NA28+NA27+Tyn+SBL+WH+Treg+TR+Byz	
12	17	10	NKO	ἀπεδοκιμάσθη·	apedokimasthē	G0593	V-API-3S	ἀποδοκιμάζω	to reject	he was rejected;	NA28+NA27+Tyn+SBL+WH+Treg+TR+Byz	
12	17	11	NKO	μετανοίας	metanoias	G3341	N-GSF	μετάνοια	repentance	of repentance	NA28+NA27+Tyn+SBL+WH+Treg+TR+Byz	
12	17	12	NKO	γὰρ	gar	G1063	CONJ	γάρ	for	for	NA28+NA27+Tyn+SBL+WH+Treg+TR+Byz	
12	17	13	NKO	τόπον	topon	G5117	N-ASM	τόπος	place	place	NA28+NA27+Tyn+SBL+WH+Treg+TR+Byz	
12	17	14	NKO	οὐχ	ouch	G3756	PRT-N	οὐ	no	not	NA28+NA27+Tyn+SBL+WH+Treg+TR+Byz	
12	17	15	NKO	εὗρεν	heuren	G2147	V-2AAI-3S	εὑρίσκω	to find/meet	he found	NA28+NA27+Tyn+SBL+WH+Treg+TR+Byz	
12	17	16	NKO	καίπερ	kaiper	G2539	CONJ	καίπερ	although	although	NA28+NA27+Tyn+SBL+WH+Treg+TR+Byz	
12	17	17	NKO	μετὰ	meta	G3326	PREP	μετά	with/after	with	NA28+NA27+Tyn+SBL+WH+Treg+TR+Byz	
12	17	18	NKO	δακρύων	dakruōn	G1144	N-GPN	δάκρυ, δάκρυον	teardrop	tears	NA28+NA27+Tyn+SBL+WH+Treg+TR+Byz	
12	17	19	NKO	ἐκζητήσας	ekzētēsas	G1567	V-AAP-NSM	ἐκζητέω	to seek out	having earnestly sought	NA28+NA27+Tyn+SBL+WH+Treg+TR+Byz	
12	17	20	NKO	αὐτήν.¶	autēn	G0846	P-ASF	αὐτός	he/she/it/self	it.	NA28+NA27+Tyn+SBL+WH+Treg+TR+Byz	
12	18	1	NKO	Οὐ	Ou	G3756	PRT-N	οὐ	no	Not	NA28+NA27+Tyn+SBL+WH+Treg+TR+Byz	
12	18	2	NKO	γὰρ	gar	G1063	CONJ	γάρ	for	for	NA28+NA27+Tyn+SBL+WH+Treg+TR+Byz	
12	18	3	NKO	προσεληλύθατε	proselēluthate	G4334	V-2RAI-2P	προσέρχομαι	to come near/agree	you have come to	NA28+NA27+Tyn+SBL+WH+Treg+TR+Byz	
12	18	4	NKO	ψηλαφωμένῳ	psēlaphōmenō	G5584	V-PPP-DSN	ψηλαφάω	to touch	[that] being touched	NA28+NA27+Tyn+SBL+WH+Treg+TR+Byz	
12	18	5	K	ὄρει	orei	G3735	N-DSN	ὄρος	mountain	mountain	TR+Byz	
12	18	6	NKO	καὶ	kai	G2532	CONJ	καί	and	and	NA28+NA27+Tyn+SBL+WH+Treg+TR+Byz	
12	18	7	NKO	κεκαυμένῳ	kekaumenō	G2545	V-RPP-DSN	καίω	to kindle/burn	kindled	NA28+NA27+Tyn+SBL+WH+Treg+TR+Byz	
12	18	8	NKO	πυρὶ	puri	G4442	N-DSN	πῦρ	fire	with fire	NA28+NA27+Tyn+SBL+WH+Treg+TR+Byz	
12	18	9	NKO	καὶ	kai	G2532	CONJ	καί	and	and	NA28+NA27+Tyn+SBL+WH+Treg+TR+Byz	
12	18	10	NKO	γνόφῳ	gnophō	G1105	N-DSM	γνόφος	darkness	to darkness	NA28+NA27+Tyn+SBL+WH+Treg+TR+Byz	
12	18	11	NKO	καὶ	kai	G2532	CONJ	καί	and	and	NA28+NA27+Tyn+SBL+WH+Treg+TR+Byz	
12	18	12	N(k)O	ζόφῳ	zophō	G2217	N-DSM	ζόφος	darkness	to gloom	NA28+NA27+Tyn+SBL+WH+Treg	
12	18	13	NKO	καὶ	kai	G2532	CONJ	καί	and	and	NA28+NA27+Tyn+SBL+WH+Treg+TR+Byz	
12	18	14	NKO	θυέλλῃ	thuellē	G2366	N-DSF	θύελλα	storm	to storm	NA28+NA27+Tyn+SBL+WH+Treg+TR+Byz	
12	19	1	NKO	καὶ	kai	G2532	CONJ	καί	and	and	NA28+NA27+Tyn+SBL+WH+Treg+TR+Byz	
12	19	2	NKO	σάλπιγγος	salpingos	G4536	N-GSF	σάλπιγξ	trumpet	of a trumpet	NA28+NA27+Tyn+SBL+WH+Treg+TR+Byz	
12	19	3	NKO	ἤχῳ	ēchō	G2279	N-DSM	ἦχος	sound	to [the] sound	NA28+NA27+Tyn+SBL+WH+Treg+TR+Byz	
12	19	4	NKO	καὶ	kai	G2532	CONJ	καί	and	and	NA28+NA27+Tyn+SBL+WH+Treg+TR+Byz	
12	19	5	NKO	φωνῇ	phōnēa	G5456G	N-DSF	φωνή	voice/sound	to a voice	NA28+NA27+Tyn+SBL+WH+Treg+TR+Byz	
12	19	6	NKO	ῥημάτων,	rhēmatōn	G4487	N-GPN	ῥῆμα	declaration	of declaration	NA28+NA27+Tyn+SBL+WH+Treg+TR+Byz	
12	19	7	NKO	ἧς	hēs	G3739	R-GSF	ὅς, ἥ	which	which	NA28+NA27+Tyn+SBL+WH+Treg+TR+Byz	
12	19	8	NKO	οἱ	hoi	G3588	T-NPM	ὁ	the/this/who	those	NA28+NA27+Tyn+SBL+WH+Treg+TR+Byz	
12	19	9	NKO	ἀκούσαντες	akousantes	G0191	V-AAP-NPM	ἀκούω	to hear	having heard	NA28+NA27+Tyn+SBL+WH+Treg+TR+Byz	
12	19	10	NKO	παρῃτήσαντο	parētēsanto	G3868	V-ADI-3P	παραιτέομαι	to refuse/excuse	they excused themselves	NA28+NA27+Tyn+SBL+WH+Treg+TR+Byz	
12	19	11	NKO	μὴ	mē	G3361	PRT-N	μή	not	[asking] not	NA28+NA27+Tyn+SBL+Treg+TR+Byz	
12	19	12	NKO	προστεθῆναι	prostethēnai	G4369	V-APN	προστίθημι	to add (to)	to be addressed	NA28+NA27+Tyn+SBL+WH+Treg+TR+Byz	
12	19	13	NKO	αὐτοῖς	autois	G0846	P-DPM	αὐτός	he/she/it/self	to them	NA28+NA27+Tyn+SBL+WH+Treg+TR+Byz	
12	19	14	NKO	λόγον·	logon	G3056	N-ASM	λόγος	word	[the] word;	NA28+NA27+Tyn+SBL+WH+Treg+TR+Byz	
12	20	1	NKO	οὐκ	ouk	G3756	PRT-N	οὐ	no	not [able]	NA28+NA27+Tyn+SBL+WH+Treg+TR+Byz	
12	20	2	NKO	ἔφερον	epheron	G5342	V-IAI-3P	φέρω	to bear/lead	they were bearing	NA28+NA27+Tyn+SBL+WH+Treg+TR+Byz	
12	20	3	NKO	γὰρ	gar	G1063	CONJ	γάρ	for	for	NA28+NA27+Tyn+SBL+WH+Treg+TR+Byz	
12	20	4	NKO	τὸ	to	G3588	T-ASN	ὁ	the/this/who	which	NA28+NA27+Tyn+SBL+WH+Treg+TR+Byz	
12	20	5	NKO	διαστελλόμενον·	diastellomenon	G1291	V-PPP-ASN	διαστέλλω	to give orders	is being commanded:	NA28+NA27+Tyn+SBL+WH+Treg+TR+Byz	
12	20	6	NKO	κἂν	kan	G2532	CONJ + G1437=COND	κἄν	and/even if	If even	NA28+NA27+Tyn+SBL+WH+Treg+TR+Byz	
12	20	7	NKO	θηρίον	thērion	G2342	N-NSN	θηρίον	wild animal	a beast	NA28+NA27+Tyn+SBL+WH+Treg+TR+Byz	
12	20	8	NKO	θίγῃ	thigē	G2345	V-2AAS-3S	θιγγάνω	to touch	shall touch	NA28+NA27+Tyn+SBL+WH+Treg+TR+Byz	
12	20	9	NKO	τοῦ	tou	G3588	T-GSN	ὁ	the/this/who	the	NA28+NA27+Tyn+SBL+WH+Treg+TR+Byz	
12	20	10	NKO	ὄρους,	orous	G3735	N-GSN	ὄρος	mountain	mountain,	NA28+NA27+Tyn+SBL+WH+Treg+TR+Byz	
12	20	11	NKO	λιθοβοληθήσεται	lithobolēthēsetai	G3036	V-FPI-3S	λιθοβολέω	to stone	it will be stoned	NA28+NA27+Tyn+SBL+WH+Treg+TR+Byz	
12	20	12	K	ἢ	ē	G2228	CONJ	ἤ	or/than	or	TR	
12	20	13	K	βολίδι	bolidi	G1002	N-DSF	βολίς	arrow	with arrow	TR	
12	20	14	K	κατατοξευθήσεται,	katatoxeuthēsetai	G2700	V-FPI-3S	κατατοξεύω	to shoot down	will be shot down	TR	
12	21	1	NKO	καὶ	kai	G2532	CONJ	καί	and	And	NA28+NA27+Tyn+SBL+WH+Treg+TR+Byz	
12	21	2	NKO	οὕτω	houtō	G3779	ADV	οὕτω, οὕτως	thus(-ly)	thus	NA28+NA27+Tyn+SBL+WH+Treg+TR+Byz	
12	21	3	NKO	φοβερὸν	phoberon	G5398	A-NSN	φοβερός	fearful	fearful	NA28+NA27+Tyn+SBL+WH+Treg+TR+Byz	
12	21	4	NKO	ἦν	ēn	G1510	V-IAI-3S	εἰμί	to be	was	NA28+NA27+Tyn+SBL+WH+Treg+TR+Byz	
12	21	5	NKO	τὸ	to	G3588	T-NSN	ὁ	the/this/who	the [thing]	NA28+NA27+Tyn+SBL+WH+Treg+TR+Byz	
12	21	6	NKO	φανταζόμενον,	phantazomenon	G5324	V-PPP-NSN	φαντάζω	to make visible	appearing [that]	NA28+NA27+Tyn+SBL+WH+Treg+TR+Byz	
12	21	7	NKO	Μωϋσῆς	Mōusēs	G3475	N-NSM-P	Μωϋσῆς, Μωσῆς	Moses	Moses	NA28+NA27+Tyn+SBL+WH+Treg+TR+Byz	
12	21	8	NKO	εἶπεν·	eipen	G2036	V-2AAI-3S	ἔπω, ἐρῶ, εἶπον	to say	said;	NA28+NA27+Tyn+SBL+WH+Treg+TR+Byz	
12	21	9	NKO	ἔκφοβός	ekphobos	G1630	A-NSM	ἔκφοβος	terrified	Greatly afraid	NA28+NA27+Tyn+SBL+WH+Treg+TR+Byz	
12	21	10	NKO	εἰμι	eimi	G1510	V-PAI-1S	εἰμί	to be	I am	NA28+NA27+Tyn+SBL+WH+Treg+TR+Byz	
12	21	11	NKO	καὶ	kai	G2532	CONJ	καί	and	and	NA28+NA27+Tyn+SBL+WH+Treg+TR+Byz	
12	21	12	NKO	ἔντρομος·	entromos	G1790	A-NSM	ἔντρομος	trembling	trembling;	NA28+NA27+Tyn+SBL+WH+Treg+TR+Byz	
12	22	1	NKO	ἀλλὰ	alla	G0235	CONJ	ἀλλά	but	But	NA28+NA27+Tyn+SBL+WH+Treg+TR+Byz	
12	22	2	NKO	προσεληλύθατε	proselēluthate	G4334	V-2RAI-2P	προσέρχομαι	to come near/agree	you have come to	NA28+NA27+Tyn+SBL+WH+Treg+TR+Byz	
12	22	3	NKO	Σιὼν	Siōn	G4622	N-DSF-L	Σιών	Zion	Zion	NA28+NA27+Tyn+SBL+WH+Treg+TR+Byz	
12	22	4	NKO	ὄρει	orei	G3735	N-DSN-L	ὄρος	mountain	Mount	NA28+NA27+Tyn+SBL+WH+Treg+TR+Byz	
12	22	5	NKO	καὶ	kai	G2532	CONJ	καί	and	and	NA28+NA27+Tyn+SBL+WH+Treg+TR+Byz	
12	22	6	NKO	πόλει	polei	G4172	N-DSF	πόλις	city	to [the] city	NA28+NA27+Tyn+SBL+WH+Treg+TR+Byz	
12	22	7	NKO	θεοῦ	theou	G2316	N-GSM-T	θεός	God	of God	NA28+NA27+Tyn+SBL+WH+Treg+TR+Byz	
12	22	8	NKO	ζῶντος,	zōntos	G2198	V-PAP-GSM	ζάω	to live	[the] living,	NA28+NA27+Tyn+SBL+WH+Treg+TR+Byz	
12	22	9	NKO	Ἰερουσαλὴμ	Ierousalēm	G2419	N-DSF-L	Ἱερουσαλήμ	Jerusalem	to Jerusalem	NA28+NA27+Tyn+SBL+WH+Treg+TR+Byz	
12	22	10	NKO	ἐπουρανίῳ	epouraniō	G2032	A-DSF	ἐπουράνιος	heavenly	[the] heavenly	NA28+NA27+Tyn+SBL+WH+Treg+TR+Byz	
12	22	11	NKO	καὶ	kai	G2532	CONJ	καί	and	and	NA28+NA27+Tyn+SBL+WH+Treg+TR+Byz	
12	22	12	NKO	μυριάσιν	muriasin	G3461	N-DPF	μυριάς	myriad	to myriads	NA28+NA27+Tyn+SBL+WH+Treg+TR+Byz	
12	22	13	NKO	ἀγγέλων	angelōn	G0032G	N-GPM	ἄγγελος	angel	of angels	NA28+NA27+Tyn+SBL+WH+Treg+TR+Byz	
12	22	14	NKO	πανηγύρει	panēgurei	G3831	N-DSF	πανήγυρις	assembly	[23] to [the] assembly	NA28+NA27+Tyn+SBL+WH+Treg+TR+Byz	12.22[12.23]
12	23	1	NKO	καὶ	kai	G2532	CONJ	καί	and	and	NA28+NA27+Tyn+SBL+WH+Treg+TR+Byz	
12	23	2	NKO	ἐκκλησίᾳ	ekklēsia	G1577	N-DSF	ἐκκλησία	assembly	to [the] church	NA28+NA27+Tyn+SBL+WH+Treg+TR+Byz	
12	23	3	NKO	πρωτοτόκων	prōtotokōn	G4416	A-GPM	πρωτότοκος	firstborn	of [the] firstborn	NA28+NA27+Tyn+SBL+WH+Treg+TR+Byz	
12	23	4	NKO	ἀπογεγραμμένων	apogegrammenōn	G0583	V-RPP-GPM	ἀπογράφω	to register	enrolled	NA28+NA27+Tyn+SBL+WH+Treg+TR»2+Byz»2	
12	23	5	NKO	ἐν	en	G1722	PREP	ἐν	in/on/among	in	NA28+NA27+Tyn+SBL+WH+Treg+TR+Byz	
12	23	6	NKO	οὐρανοῖς	ouranois	G3772	N-DPM	οὐρανός	heaven	[the] heavens	NA28+NA27+Tyn+SBL+WH+Treg+TR+Byz	
12	23	7	NKO	καὶ	kai	G2532	CONJ	καί	and	and	NA28+NA27+Tyn+SBL+WH+Treg+TR+Byz	
12	23	8	NKO	κριτῇ	kritēa	G2923	N-DSM	κριτής	judge	to [the] judge	NA28+NA27+Tyn+SBL+WH+Treg+TR+Byz	
12	23	9	NKO	θεῷ	theō	G2316	N-DSM-T	θεός	God	God	NA28+NA27+Tyn+SBL+WH+Treg+TR+Byz	
12	23	10	NKO	πάντων	pantōn	G3956	A-GPM	πᾶς	all	of all	NA28+NA27+Tyn+SBL+WH+Treg+TR+Byz	
12	23	11	NKO	καὶ	kai	G2532	CONJ	καί	and	and	NA28+NA27+Tyn+SBL+WH+Treg+TR+Byz	
12	23	12	NKO	πνεύμασιν	pneumasin	G4151G	N-DPN	πνεῦμα	spirit/breath	to [the] spirits	NA28+NA27+Tyn+SBL+WH+Treg+TR+Byz	
12	23	13	NKO	δικαίων	dikaiōn	G1342	A-GPM	δίκαιος	just	of [the] righteous	NA28+NA27+Tyn+SBL+WH+Treg+TR+Byz	
12	23	14	NKO	τετελειωμένων	teteleiōmenōn	G5048	V-RPP-GPM	τελειόω	to perfect	perfected	NA28+NA27+Tyn+SBL+WH+Treg+TR+Byz	
12	24	1	NKO	καὶ	kai	G2532	CONJ	καί	and	and	NA28+NA27+Tyn+SBL+WH+Treg+TR+Byz	
12	24	2	NKO	διαθήκης	diathēkēs	G1242	N-GSF	διαθήκη	covenant	of a covenant	NA28+NA27+Tyn+SBL+WH+Treg+TR+Byz	
12	24	3	NKO	νέας	neas	G3501	A-GSF	νέος	new	new	NA28+NA27+Tyn+SBL+WH+Treg+TR+Byz	
12	24	4	NKO	μεσίτῃ	mesitē	G3316	N-DSM	μεσίτης	mediator	[the] mediator	NA28+NA27+Tyn+SBL+WH+Treg+TR+Byz	
12	24	5	NKO	Ἰησοῦ	Iēsou	G2424G	N-DSM-P	Ἰησοῦς	Jesus/Joshua	to Jesus	NA28+NA27+Tyn+SBL+WH+Treg+TR+Byz	
12	24	6	NKO	καὶ	kai	G2532	CONJ	καί	and	and	NA28+NA27+Tyn+SBL+WH+Treg+TR+Byz	
12	24	7	NKO	αἵματι	aimati	G0129G	N-DSN	αἷμα	blood	to [the] blood	NA28+NA27+Tyn+SBL+WH+Treg+TR+Byz	
12	24	8	NKO	ῥαντισμοῦ	rhantismou	G4473	N-GSM	ῥαντισμός	sprinkling	of sprinkling	NA28+NA27+Tyn+SBL+WH+Treg+TR+Byz	
12	24	9	N(K)O	κρεῖττον	kreitton	G2908	A-ASN-C	κρείσσων	greater	better thing	NA28+NA27+Tyn+SBL+WH+Treg+Byz	
12	24	10	NKO	λαλοῦντι	lalounti	G2980	V-PAP-DSM	λαλέω	to speak	speaking	NA28+NA27+Tyn+SBL+WH+Treg+TR+Byz	
12	24	11	NKO	παρὰ	para	G3844	PREP	παρά	from with	than	NA28+NA27+Tyn+SBL+WH+Treg+TR+Byz	
12	24	12	NKO	τὸν	ton	G3588	T-ASM	ὁ	the/this/who	that of	NA28+NA27+Tyn+SBL+WH+Treg+TR+Byz	
12	24	13	NKO	Ἅβελ.¶	Habel	G0006	N-ASM-P	Ἄβελ	Abel	Abel.	NA28+NA27+Tyn+SBL+WH+Treg+TR+Byz	
12	25	1	NKO	Βλέπετε	Blepete	G0991	V-PAM-2P	βλέπω	to see	do take heed	NA28+NA27+Tyn+SBL+WH+Treg+TR+Byz	
12	25	2	NKO	μὴ	mē	G3361	PRT-N	μή	not	lest	NA28+NA27+Tyn+SBL+WH+Treg+TR+Byz	
12	25	3	NKO	παραιτήσησθε	paraitēsēsthe	G3868	V-ADS-2P	παραιτέομαι	to refuse/excuse	you may refuse	NA28+NA27+Tyn+SBL+WH+Treg+TR+Byz	
12	25	4	NKO	τὸν	ton	G3588	T-ASM	ὁ	the/this/who	the [One]	NA28+NA27+Tyn+SBL+WH+Treg+TR+Byz	
12	25	5	NKO	λαλοῦντα·	lalounta	G2980	V-PAP-ASM	λαλέω	to speak	speaking;	NA28+NA27+Tyn+SBL+WH+Treg+TR+Byz	
12	25	6	NKO	εἰ	ei	G1487G	COND	εἰ	if	If	NA28+NA27+Tyn+SBL+WH+Treg+TR+Byz	
12	25	7	NKO	γὰρ	gar	G1063	CONJ	γάρ	for	for	NA28+NA27+Tyn+SBL+WH+Treg+TR+Byz	
12	25	8	NKO	ἐκεῖνοι	ekeinoi	G1565	D-NPM	ἐκεῖνος	that	they	NA28+NA27+Tyn+SBL+WH+Treg+TR+Byz	
12	25	9	NKO	οὐκ	ouk	G3756	PRT-N	οὐ	no	not	NA28+NA27+Tyn+SBL+WH+Treg+TR+Byz	
12	25	10	N(k)O	ἐξέφυγον	exephugon	G1628	V-2AAI-3P	ἐκφεύγω	to escape	escaped	NA28+NA27+Tyn+SBL+WH+Treg	
12	25	11	NKO	ἐπὶ	epi	G1909	PREP	ἐπί	upon/to/against	on	NA28+NA27+Tyn+SBL+WH+Treg+TR+Byz	
12	25	12	k	τῆς	tēs	G3588	T-GSF	ὁ	the/this/who	<the>	TR	
12	25	13	NKO	γῆς	gēs	G1093G	N-GSF	γῆ	earth	earth	NA28+NA27+Tyn+SBL+WH+Treg+TR+Byz	
12	25	14	NKO	παραιτησάμενοι	paraitēsamenoi	G3868	V-ADP-NPM	παραιτέομαι	to refuse/excuse	having refused	NA28+NA27+Tyn+SBL+WH+Treg+TR+Byz	
12	25	15	NKO	τὸν	ton	G3588	T-ASM	ὁ	the/this/who	the [One]	NA28+NA27+Tyn+SBL+WH+Treg+TR«4+Byz«4	
12	25	16	NKO	χρηματίζοντα,	chrēmatizonta	G5537	V-PAP-ASM	χρηματίζω	to announce	divinely instructing [them],	NA28+NA27+Tyn+SBL+WH+Treg+TR+Byz	
12	25	17	N(k)O	πολὺ	polu	G4183	A-ASN	πολύς	much	much	NA28+NA27+Tyn+SBL+WH+Treg	
12	25	18	NKO	μᾶλλον	mallon	G3123G	ADV	μᾶλλον	more	less	NA28+NA27+Tyn+SBL+WH+Treg+TR+Byz	
12	25	19	NKO	ἡμεῖς	hēmeis	G3165	P-1NP	ἐγώ	I/we	we ourselves	NA28+NA27+Tyn+SBL+WH+Treg+TR+Byz	
12	25	20	NKO	οἱ	hoi	G3588	T-NPM	ὁ	the/this/who	<the>	NA28+NA27+Tyn+SBL+WH+Treg+TR+Byz	
12	25	21	NKO	τὸν	ton	G3588	T-ASM	ὁ	the/this/who	the [One]	NA28+NA27+Tyn+SBL+WH+Treg+TR+Byz	
12	25	22	NKO	ἀπ᾽	ap᾽	G0575	PREP	ἀπό	away from	from	NA28+NA27+Tyn+SBL+WH+Treg+TR+Byz	
12	25	23	NKO	οὐρανῶν	ouranōn	G3772	N-GPM	οὐρανός	heaven	[the] heavens	NA28+NA27+Tyn+SBL+WH+Treg+TR+Byz	
12	25	24	NKO	ἀποστρεφόμενοι,	apostrephomenoi	G0654	V-PPP-NPM	ἀποστρέφω	to turn away	turning away from,	NA28+NA27+Tyn+SBL+WH+Treg+TR+Byz	
12	26	1	NKO	οὗ	hou	G3739	R-GSM	ὅς, ἥ	which	whose	NA28+NA27+Tyn+SBL+WH+Treg+TR+Byz	
12	26	2	NKO	ἡ	hē	G3588	T-NSF	ὁ	the/this/who	<the>	NA28+NA27+Tyn+SBL+WH+Treg+TR+Byz	
12	26	3	NKO	φωνὴ	phōnē	G5456G	N-NSF	φωνή	voice/sound	voice	NA28+NA27+Tyn+SBL+WH+Treg+TR+Byz	
12	26	4	NKO	τὴν	tēn	G3588	T-ASF	ὁ	the/this/who	the	NA28+NA27+Tyn+SBL+WH+Treg+TR+Byz	
12	26	5	NKO	γῆν	gēn	G1093G	N-ASF	γῆ	earth	earth	NA28+NA27+Tyn+SBL+WH+Treg+TR+Byz	
12	26	6	NKO	ἐσάλευσεν	esaleusen	G4531	V-AAI-3S	σαλεύω	to shake	shook	NA28+NA27+Tyn+SBL+WH+Treg+TR+Byz	
12	26	7	NKO	τότε,	tote	G5119	ADV	τότε	then	at that time,	NA28+NA27+Tyn+SBL+WH+Treg+TR+Byz	
12	26	8	NKO	νῦν	nun	G3568	ADV	νῦν	now	now	NA28+NA27+Tyn+SBL+WH+Treg+TR+Byz	
12	26	9	NKO	δὲ	de	G1161	CONJ	δέ	but/and	however	NA28+NA27+Tyn+SBL+WH+Treg+TR+Byz	
12	26	10	NKO	ἐπήγγελται	epēngeltai	G1861	V-RNI-3S	ἐπαγγέλλω	to profess	He has promised	NA28+NA27+Tyn+SBL+WH+Treg+TR+Byz	
12	26	11	NKO	λέγων·	legōn	G3004G	V-PAP-NSM	λέγω	to speak	saying;	NA28+NA27+Tyn+SBL+WH+Treg+TR+Byz	
12	26	12	NKO	ἔτι	eti	G2089	ADV	ἔτι	still	Yet	NA28+NA27+Tyn+SBL+WH+Treg+TR+Byz	
12	26	13	NKO	ἅπαξ	hapax	G0530	ADV	ἅπαξ	once	once [more]	NA28+NA27+Tyn+SBL+WH+Treg+TR+Byz	
12	26	14	NKO	ἐγὼ	egō	G1473	P-1NS	ἐγώ	I/we	I myself	NA28+NA27+Tyn+SBL+WH+Treg+TR+Byz	
12	26	15	N(k)O	σείσω	seisō	G4579	V-FAI-1S	σείω	to shake	will shake	NA28+NA27+Tyn+SBL+WH+Treg	
12	26	16	NKO	οὐ	ou	G3756	PRT-N	οὐ	no	not	NA28+NA27+Tyn+SBL+WH+Treg+TR+Byz	
12	26	17	NKO	μόνον	monon	G3441	A-ASN	μόνος	alone	only	NA28+NA27+Tyn+SBL+WH+Treg+TR+Byz	
12	26	18	NKO	τὴν	tēn	G3588	T-ASF	ὁ	the/this/who	the	NA28+NA27+Tyn+SBL+WH+Treg+TR+Byz	
12	26	19	NKO	γῆν	gēn	G1093G	N-ASF	γῆ	earth	earth	NA28+NA27+Tyn+SBL+WH+Treg+TR+Byz	
12	26	20	NKO	ἀλλὰ	alla	G0235	CONJ	ἀλλά	but	but	NA28+NA27+Tyn+SBL+WH+Treg+TR+Byz	
12	26	21	NKO	καὶ	kai	G2532	CONJ	καί	and	also	NA28+NA27+Tyn+SBL+WH+Treg+TR+Byz	
12	26	22	NKO	τὸν	ton	G3588	T-ASM	ὁ	the/this/who	<the>	NA28+NA27+Tyn+SBL+WH+Treg+TR+Byz	
12	26	23	NKO	οὐρανόν.	ouranon	G3772	N-ASM	οὐρανός	heaven	heaven.	NA28+NA27+Tyn+SBL+WH+Treg+TR+Byz	
12	27	1	NKO	τὸ	to	G3588	T-NSN	ὁ	the/this/who	This	NA28+NA27+Tyn+SBL+WH+Treg+TR+Byz	
12	27	2	NKO	δὲ	de	G1161	CONJ	δέ	but/and	now	NA28+NA27+Tyn+SBL+WH+Treg+TR+Byz	
12	27	3	NKO	ἔτι	eti	G2089	ADV	ἔτι	still	Yet	NA28+NA27+Tyn+SBL+WH+Treg+TR+Byz	
12	27	4	NKO	ἅπαξ,	hapax	G0530	ADV	ἅπαξ	once	once [more],	NA28+NA27+Tyn+SBL+WH+Treg+TR+Byz	
12	27	5	NKO	δηλοῖ	dēloi	G1213	V-PAI-3S	δηλόω	to make clear	signifies	NA28+NA27+Tyn+SBL+WH+Treg+TR+Byz	
12	27	6	NKO	τὴν	tēn	G3588	T-ASF	ὁ	the/this/who	that	NA28+NA27+Tyn+WH+Treg+TR»2+Byz»2	
12	27	7	NKO	τῶν	tōn	G3588	T-GPN	ὁ	the/this/who	of the [things]	NA28+NA27+Tyn+SBL+WH+Treg+TR+Byz	
12	27	8	NKO	σαλευομένων	saleuomenōn	G4531	V-PPP-GPN	σαλεύω	to shake	being shaken	NA28+NA27+Tyn+SBL+WH+Treg+TR+Byz	
12	27	9	NKO	μετάθεσιν	metathesin	G3331	N-ASF	μετάθεσις	removal/change	removing	NA28+NA27+Tyn+SBL+WH+Treg+TR+Byz	
12	27	10	NKO	ὡς	hōs	G5613	PRT	ὡς	which/how	as	NA28+NA27+Tyn+SBL+WH+Treg+TR+Byz	
12	27	11	NKO	πεποιημένων,	pepoiēmenōn	G4160G	V-RPP-GPN	ποιέω	to do/make	created,	NA28+NA27+Tyn+SBL+WH+Treg+TR+Byz	
12	27	12	NKO	ἵνα	ina	G2443	CONJ	ἵνα	in order that/to	so that	NA28+NA27+Tyn+SBL+WH+Treg+TR+Byz	
12	27	13	NKO	μείνῃ	meinē	G3306	V-AAS-3S	μένω	to stay	may remain	NA28+NA27+Tyn+SBL+WH+Treg+TR+Byz	
12	27	14	NKO	τὰ	ta	G3588	T-NPN	ὁ	the/this/who	the [things]	NA28+NA27+Tyn+SBL+WH+Treg+TR+Byz	
12	27	15	NKO	μὴ	mē	G3361	PRT-N	μή	not	not	NA28+NA27+Tyn+SBL+WH+Treg+TR+Byz	
12	27	16	NKO	σαλευόμενα.	saleuomena	G4531	V-PPP-NPN	σαλεύω	to shake	being shaken.	NA28+NA27+Tyn+SBL+WH+Treg+TR+Byz	
12	28	1	NKO	διὸ	dio	G1352	CONJ	διό	for	Therefore	NA28+NA27+Tyn+SBL+WH+Treg+TR+Byz	
12	28	2	NKO	βασιλείαν	basileian	G0932	N-ASF	βασιλεία	kingdom	a kingdom	NA28+NA27+Tyn+SBL+WH+Treg+TR+Byz	
12	28	3	NKO	ἀσάλευτον	asaleuton	G0761	A-ASF	ἀσάλευτος	unshakable	not to be shaken	NA28+NA27+Tyn+SBL+WH+Treg+TR+Byz	
12	28	4	NKO	παραλαμβάνοντες	paralambanontes	G3880	V-PAP-NPM	παραλαμβάνω	to take	receiving	NA28+NA27+Tyn+SBL+WH+Treg+TR+Byz	
12	28	5	NKO	ἔχωμεν	echōmen	G2192	V-PAS-1P	ἔχω	to have/be	we may have	NA28+NA27+Tyn+SBL+WH+Treg+TR+Byz	
12	28	6	NKO	χάριν	charin	G5485	N-ASF	χάρις	grace	grace	NA28+NA27+Tyn+SBL+WH+Treg+TR+Byz	
12	28	7	NKO	δι᾽	di᾽	G1223	PREP	διά	through/because of	through	NA28+NA27+Tyn+SBL+WH+Treg+TR+Byz	
12	28	8	NKO	ἧς	hēs	G3739	R-GSF	ὅς, ἥ	which	which	NA28+NA27+Tyn+SBL+WH+Treg+TR+Byz	
12	28	9	NK(o)	λατρεύωμεν	latreuōmen	G3000	V-PAS-1P	λατρεύω	to minister	we may serve	NA28+NA27+SBL+WH+Treg+TR	
12	28	10	NKO	εὐαρέστως	euarestōs	G2102	ADV	εὐαρέστως	acceptably	well pleasingly	NA28+NA27+Tyn+SBL+WH+Treg+TR+Byz	
12	28	11	NKO	τῷ	tō	G3588	T-DSM	ὁ	the/this/who	<the>	NA28+NA27+Tyn+SBL+WH+Treg+TR+Byz	
12	28	12	NKO	θεῷ	theō	G2316	N-DSM-T	θεός	God	God	NA28+NA27+Tyn+SBL+WH+Treg+TR+Byz	
12	28	13	NKO	μετὰ	meta	G3326	PREP	μετά	with/after	with	NA28+NA27+Tyn+SBL+WH+Treg+TR+Byz	
12	28	14	NKO	εὐλαβείας	eulabeias	G2124	N-GSF	εὐλάβεια	reverence	reverence	NA28+NA27+Tyn+SBL+WH+Treg+TR»2+Byz»2	
12	28	15	NKO	καὶ	kai	G2532	CONJ	καί	and	and	NA28+NA27+Tyn+SBL+WH+Treg+TR+Byz	
12	28	16	N(k)O	δέους·	deous	G6015	N-GSN	δέος	fear	fear;	NA28+NA27+Tyn+SBL+WH+Treg	
12	29	1	NKO	καὶ	kai	G2532	CONJ	καί	and	Also	NA28+NA27+Tyn+SBL+WH+Treg+TR+Byz	
12	29	2	NKO	γὰρ	gar	G1063	CONJ	γάρ	for	for	NA28+NA27+Tyn+SBL+WH+Treg+TR+Byz	
12	29	3	NKO	ὁ	ho	G3588	T-NSM	ὁ	the/this/who	the	NA28+NA27+Tyn+SBL+WH+Treg+TR+Byz	
12	29	4	NKO	θεὸς	theos	G2316	N-NSM-T	θεός	God	God	NA28+NA27+Tyn+SBL+WH+Treg+TR+Byz	
12	29	5	NKO	ἡμῶν	hēmōn	G3165	P-1GP	ἐγώ	I/we	of us	NA28+NA27+Tyn+SBL+WH+Treg+TR+Byz	
12	29	6	NKO	πῦρ	pur	G4442	N-NSN	πῦρ	fire	[is] a fire	NA28+NA27+Tyn+SBL+WH+Treg+TR+Byz	
12	29	7	NKO	καταναλίσκον.¶	katanaliskon	G2654	V-PAP-NSN	καταναλίσκω	to consume	consuming.	NA28+NA27+Tyn+SBL+WH+Treg+TR+Byz	
13	1	1	NKO	Ἡ	Hē	G3588	T-NSF	ὁ	the/this/who	<the>	NA28+NA27+Tyn+SBL+WH+Treg+TR+Byz	
13	1	2	NKO	φιλαδελφία	philadelphia	G5360	N-NSF	φιλαδελφία	brotherly love	Brotherly love	NA28+NA27+Tyn+SBL+WH+Treg+TR+Byz	
13	1	3	NKO	μενέτω.	menetō	G3306	V-PAM-3S	μένω	to stay	should abide.	NA28+NA27+Tyn+SBL+WH+Treg+TR+Byz	
13	2	1	NKO	τῆς	tēs	G3588	T-GSF	ὁ	the/this/who	<the>	NA28+NA27+Tyn+SBL+WH+Treg+TR+Byz	
13	2	2	NKO	φιλοξενίας	philoxenias	G5381	N-GSF	φιλοξενία	hospitality	Of hospitality	NA28+NA27+Tyn+SBL+WH+Treg+TR+Byz	
13	2	3	NKO	μὴ	mē	G3361	PRT-N	μή	not	not	NA28+NA27+Tyn+SBL+WH+Treg+TR+Byz	
13	2	4	NKO	ἐπιλανθάνεσθε·	epilanthanesthe	G1950	V-PNM-2P	ἐπιλανθάνω	to forget	do forget;	NA28+NA27+Tyn+SBL+WH+Treg+TR+Byz	
13	2	5	NKO	διὰ	dia	G1223	PREP	διά	through/because of	through	NA28+NA27+Tyn+SBL+WH+Treg+TR+Byz	
13	2	6	NKO	ταύτης	tautēs	G3778	D-GSF	οὗτος	this/he/she/it	this	NA28+NA27+Tyn+SBL+WH+Treg+TR+Byz	
13	2	7	NKO	γὰρ	gar	G1063	CONJ	γάρ	for	for	NA28+NA27+Tyn+SBL+WH+Treg+TR+Byz	
13	2	8	NKO	ἔλαθόν	elathon	G2990	V-2AAI-3P	λανθάνω	be hidden	unawares	NA28+NA27+Tyn+SBL+WH+Treg+TR+Byz	
13	2	9	NKO	τινες	tines	G5100	X-NPM	τις	one	some	NA28+NA27+Tyn+SBL+WH+Treg+TR+Byz	
13	2	10	NKO	ξενίσαντες	xenisantes	G3579	V-AAP-NPM	ξενίζω	to host	have entertained	NA28+NA27+Tyn+SBL+WH+Treg+TR+Byz	
13	2	11	NKO	ἀγγέλους.	angelous	G0032G	N-APM	ἄγγελος	angel	angels.	NA28+NA27+Tyn+SBL+WH+Treg+TR+Byz	
13	3	1	NKO	μιμνῄσκεσθε	mimnēskesthe	G3403	V-PNM-2P	μιμνήσκω	to remember	do remember	NA28+NA27+Tyn+SBL+WH+Treg+TR+Byz	
13	3	2	NKO	τῶν	tōn	G3588	T-GPM	ὁ	the/this/who	<the>	NA28+NA27+Tyn+SBL+WH+Treg+TR+Byz	
13	3	3	NKO	δεσμίων	desmiōn	G1198	N-GPM	δέσμιος	prisoner	prisoners	NA28+NA27+Tyn+SBL+WH+Treg+TR+Byz	
13	3	4	NKO	ὡς	hōs	G5613	PRT	ὡς	which/how	as	NA28+NA27+Tyn+SBL+WH+Treg+TR+Byz	
13	3	5	NKO	συνδεδεμένοι,	sundedemenoi	G4887	V-RPP-NPM	συνδέω	to bind with	bound with [them],	NA28+NA27+Tyn+SBL+WH+Treg+TR+Byz	
13	3	6	NKO	τῶν	tōn	G3588	T-GPM	ὁ	the/this/who	[and] those	NA28+NA27+Tyn+SBL+WH+Treg+TR+Byz	
13	3	7	NKO	κακουχουμένων	kakouchoumenōn	G2558	V-PPP-GPM	κακουχέω	to torment	being mistreated	NA28+NA27+Tyn+SBL+WH+Treg+TR+Byz	
13	3	8	NKO	ὡς	hōs	G5613	PRT	ὡς	which/how	as	NA28+NA27+Tyn+SBL+WH+Treg+TR+Byz	
13	3	9	NKO	καὶ	kai	G2532	CONJ	καί	and	also	NA28+NA27+Tyn+SBL+WH+Treg+TR+Byz	
13	3	10	NKO	αὐτοὶ	autoi	G0846	P-NPM	αὐτός	he/she/it/self	yourselves	NA28+NA27+Tyn+SBL+WH+Treg+TR+Byz	
13	3	11	NKO	ὄντες	ontes	G1510	V-PAP-NPM	εἰμί	to be	being	NA28+NA27+Tyn+SBL+WH+Treg+TR+Byz	
13	3	12	NKO	ἐν	en	G1722	PREP	ἐν	in/on/among	in	NA28+NA27+Tyn+SBL+WH+Treg+TR+Byz	
13	3	13	NKO	σώματι.¶	sōmati	G4983	N-DSN	σῶμα	body	[the] body.	NA28+NA27+Tyn+SBL+WH+Treg+TR+Byz	
13	4	1	NKO	Τίμιος	Timios	G5093	A-NSM	τίμιος	precious	Honorable [let]	NA28+NA27+Tyn+SBL+WH+Treg+TR+Byz	
13	4	2	NKO	ὁ	ho	G3588	T-NSM	ὁ	the/this/who	<the>	NA28+NA27+Tyn+SBL+WH+Treg+TR+Byz	
13	4	3	NKO	γάμος	gamos	G1062	N-NSM	γάμος	wedding	marriage [be]	NA28+NA27+Tyn+SBL+WH+Treg+TR+Byz	
13	4	4	NKO	ἐν	en	G1722	PREP	ἐν	in/on/among	in	NA28+NA27+Tyn+SBL+WH+Treg+TR+Byz	
13	4	5	NKO	πᾶσιν	pasin	G3956	A-DPM	πᾶς	all	all	NA28+NA27+Tyn+SBL+WH+Treg+TR+Byz	
13	4	6	NKO	καὶ	kai	G2532	CONJ	καί	and	and	NA28+NA27+Tyn+SBL+WH+Treg+TR+Byz	
13	4	7	NKO	ἡ	hē	G3588	T-NSF	ὁ	the/this/who	the	NA28+NA27+Tyn+SBL+WH+Treg+TR+Byz	
13	4	8	NKO	κοίτη	koitē	G2845	N-NSF	κοίτη	bed	marriage bed	NA28+NA27+Tyn+SBL+WH+Treg+TR+Byz	
13	4	9	NKO	ἀμίαντος·	amiantos	G0283	A-NSF	ἀμίαντος	pure	undefiled;	NA28+NA27+Tyn+SBL+WH+Treg+TR+Byz	
13	4	10	NKO	πόρνους	pornous	G4205	N-APM	πόρνος	sexual sinner	[the] sexually immoral	NA28+NA27+Tyn+SBL+WH+Treg+TR+Byz	
13	4	11	N(k)O	γὰρ	gar	G1063	CONJ	γάρ	for	for	NA28+NA27+Tyn+SBL+WH+Treg	
13	4	12	NKO	καὶ	kai	G2532	CONJ	καί	and	and	NA28+NA27+Tyn+SBL+WH+Treg+TR+Byz	
13	4	13	NKO	μοιχοὺς	moichous	G3432	N-APM	μοιχός	adulterer	adulterers	NA28+NA27+Tyn+SBL+WH+Treg+TR+Byz	
13	4	14	NKO	κρινεῖ	krinei	G2919	V-FAI-3S	κρίνω	to judge	will judge	NA28+NA27+Tyn+SBL+WH+Treg+TR+Byz	
13	4	15	NKO	ὁ	ho	G3588	T-NSM	ὁ	the/this/who	<the>	NA28+NA27+Tyn+SBL+WH+Treg+TR+Byz	
13	4	16	NKO	θεός.¶	theos	G2316	N-NSM-T	θεός	God	God.	NA28+NA27+Tyn+SBL+WH+Treg+TR+Byz	
13	5	1	NKO	Ἀφιλάργυρος	Aphilarguros	G0866	A-NSM	ἀφιλάργυρος	not greedy	[Let be] without covetousness	NA28+NA27+Tyn+SBL+WH+Treg+TR+Byz	
13	5	2	NKO	ὁ	ho	G3588	T-NSM	ὁ	the/this/who	<the>	NA28+NA27+Tyn+SBL+WH+Treg+TR+Byz	
13	5	3	NKO	τρόπος·	tropos	G5158	N-NSM	τρόπος	way	[your] manner of life;	NA28+NA27+Tyn+SBL+WH+Treg+TR+Byz	
13	5	4	NKO	ἀρκούμενοι	arkoumenoi	G0714	V-PPP-NPM	ἀρκέω	be sufficient	being satisfied	NA28+NA27+Tyn+SBL+WH+Treg+TR+Byz	
13	5	5	NKO	τοῖς	tois	G3588	T-DPN	ὁ	the/this/who	with the	NA28+NA27+Tyn+SBL+WH+Treg+TR+Byz	
13	5	6	NKO	παροῦσιν·	parousin	G3918	V-PAP-DPN	πάρειμι	be present	present;	NA28+NA27+Tyn+SBL+WH+Treg+TR+Byz	
13	5	7	NKO	αὐτὸς	autos	G0846	P-NSM	αὐτός	he/she/it/self	He Himself	NA28+NA27+Tyn+SBL+WH+Treg+TR+Byz	
13	5	8	NKO	γὰρ	gar	G1063	CONJ	γάρ	for	for	NA28+NA27+Tyn+SBL+WH+Treg+TR+Byz	
13	5	9	NKO	εἴρηκεν·	eirēken	G2046	V-RAI-3S	ἔπω, ἐρῶ, εἶπον	to say	has said:	NA28+NA27+Tyn+SBL+WH+Treg+TR+Byz	
13	5	10	NKO	οὐ	ou	G3756	PRT-N	οὐ	no	Certainly	NA28+NA27+Tyn+SBL+WH+Treg+TR+Byz	
13	5	11	NKO	μή	mē	G3361	PRT-N	μή	not	not	NA28+NA27+Tyn+SBL+WH+Treg+TR+Byz	
13	5	12	NKO	σε	se	G4771	P-2AS	σύ	you	you	NA28+NA27+Tyn+SBL+WH+Treg+TR+Byz	
13	5	13	NKO	ἀνῶ,	anō	G0447	V-2AAS-1S	ἀνίημι	to loosen/leave	shall I leave,	NA28+NA27+Tyn+SBL+WH+Treg+TR+Byz	
13	5	14	NKO	οὐδ᾽	oud᾽	G3761	CONJ-N	οὐδέ	and not	nor	NA28+NA27+Tyn+SBL+WH+Treg+TR+Byz	
13	5	15	NKO	οὐ	ou	G3756	PRT-N	οὐ	no	certainly	NA28+NA27+Tyn+SBL+WH+Treg+TR+Byz	
13	5	16	NKO	μή	mē	G3361	PRT-N	μή	not	not	NA28+NA27+Tyn+SBL+WH+Treg+TR+Byz	
13	5	17	NKO	σε	se	G4771	P-2AS	σύ	you	you	NA28+NA27+Tyn+SBL+WH+Treg+TR+Byz	
13	5	18	NK(o)	ἐγκαταλίπω·	egkatalipō	G1459	V-2AAS-1S	ἐγκαταλείπω	to leave behind	shall I forsake;	NA28+NA27+SBL+WH+Treg+TR	
13	6	1	NKO	ὥστε	hōste	G5620	CONJ	ὥστε	so	So	NA28+NA27+Tyn+SBL+WH+Treg+TR+Byz	
13	6	2	NKO	θαρροῦντας	tharrountas	G2292	V-PAP-APM	θαρρέω	be confident	are confident	NA28+NA27+Tyn+SBL+WH+Treg+TR+Byz	
13	6	3	NKO	ἡμᾶς	hēmas	G3165	P-1AP	ἐγώ	I/we	we	NA28+NA27+Tyn+SBL+WH+Treg+TR+Byz	
13	6	4	NKO	λέγειν·	legein	G3004G	V-PAN	λέγω	to speak	to say:	NA28+NA27+Tyn+SBL+WH+Treg+TR+Byz	
13	6	5	NKO	κύριος	kurios	G2962G	N-NSM-T	κύριος	lord	[The] Lord [is]	NA28+NA27+Tyn+SBL+WH+Treg+TR+Byz	
13	6	6	NKO	ἐμοὶ	emoi	G1473	P-1DS	ἐγώ	I/we	my	NA28+NA27+Tyn+SBL+WH+Treg+TR+Byz	
13	6	7	NKO	βοηθός,	boēthos	G0998	N-NSM	βοηθός	a helper	helper,	NA28+NA27+Tyn+SBL+WH+Treg+TR+Byz	
13	6	8	NKO	καὶ	kai	G2532	CONJ	καί	and	and	NA28+NA27+Tyn+Treg+TR+Byz	
13	6	9	NKO	οὐ	ou	G3756	PRT-N	οὐ	no	not	NA28+NA27+Tyn+SBL+WH+Treg+TR+Byz	
13	6	10	NKO	φοβηθήσομαι·	phobēthēsomai	G5399	V-FOI-1S	φοβέω	to fear	I will be afraid;	NA28+NA27+Tyn+SBL+WH+Treg+TR+Byz	
13	6	11	NKO	τί	ti	G5101	I-ASN	τίς	which?	what	NA28+NA27+Tyn+SBL+WH+Treg+TR+Byz	
13	6	12	NKO	ποιήσει	poiēsei	G4160G	V-FAI-3S	ποιέω	to do/make	will do	NA28+NA27+Tyn+SBL+WH+Treg+TR+Byz	
13	6	13	NKO	μοι	moi	G3165	P-1DS	ἐγώ	I/we	to me	NA28+NA27+Tyn+SBL+WH+Treg+TR+Byz	
13	6	14	NKO	ἄνθρωπος;	anthrōpos	G0444	N-NSM	ἄνθρωπος	a human	man?	NA28+NA27+Tyn+SBL+WH+Treg+TR+Byz	
13	7	1	NKO	Μνημονεύετε	Mnēmoneuete	G3421	V-PAM-2P	μνημονεύω	to remember	do remember	NA28+NA27+Tyn+SBL+WH+Treg+TR+Byz	
13	7	2	NKO	τῶν	tōn	G3588	T-GPM	ὁ	the/this/who	those	NA28+NA27+Tyn+SBL+WH+Treg+TR+Byz	
13	7	3	NKO	ἡγουμένων	hēgoumenōn	G2233	V-PNP-GPM	ἡγέομαι	to govern	leading	NA28+NA27+Tyn+SBL+WH+Treg+TR+Byz	
13	7	4	NKO	ὑμῶν,	humōn	G4771	P-2GP	σύ	you	you,	NA28+NA27+Tyn+SBL+WH+Treg+TR+Byz	
13	7	5	NKO	οἵτινες	oitines	G3748	R-NPM	ὅστις	who/which	who	NA28+NA27+Tyn+SBL+WH+Treg+TR+Byz	
13	7	6	NKO	ἐλάλησαν	elalēsan	G2980	V-AAI-3P	λαλέω	to speak	spoke	NA28+NA27+Tyn+SBL+WH+Treg+TR+Byz	
13	7	7	NKO	ὑμῖν	humin	G4771	P-2DP	σύ	you	to you	NA28+NA27+Tyn+SBL+WH+Treg+TR+Byz	
13	7	8	NKO	τὸν	ton	G3588	T-ASM	ὁ	the/this/who	the	NA28+NA27+Tyn+SBL+WH+Treg+TR+Byz	
13	7	9	NKO	λόγον	logon	G3056	N-ASM	λόγος	word	word	NA28+NA27+Tyn+SBL+WH+Treg+TR+Byz	
13	7	10	NKO	τοῦ	tou	G3588	T-GSM	ὁ	the/this/who	of the	NA28+NA27+Tyn+SBL+WH+Treg+TR+Byz	
13	7	11	NKO	θεοῦ,	theou	G2316	N-GSM-T	θεός	God	God,	NA28+NA27+Tyn+SBL+WH+Treg+TR+Byz	
13	7	12	NKO	ὧν	hōn	G3739	R-GPM	ὅς, ἥ	which	of whom	NA28+NA27+Tyn+SBL+WH+Treg+TR+Byz	
13	7	13	NKO	ἀναθεωροῦντες	anatheōrountes	G0333	V-PAP-NPM	ἀναθεωρέω	to contemplate	considering	NA28+NA27+Tyn+SBL+WH+Treg+TR+Byz	
13	7	14	NKO	τὴν	tēn	G3588	T-ASF	ὁ	the/this/who	the	NA28+NA27+Tyn+SBL+WH+Treg+TR+Byz	
13	7	15	NKO	ἔκβασιν	ekbasin	G1545	N-ASF	ἔκβασις	way out	outcome	NA28+NA27+Tyn+SBL+WH+Treg+TR+Byz	
13	7	16	NKO	τῆς	tēs	G3588	T-GSF	ὁ	the/this/who	of [their]	NA28+NA27+Tyn+SBL+WH+Treg+TR+Byz	
13	7	17	NKO	ἀναστροφῆς,	anastrophēs	G0391	N-GSF	ἀναστροφή	behaviour	way of life,	NA28+NA27+Tyn+SBL+WH+Treg+TR+Byz	
13	7	18	NKO	μιμεῖσθε	mimeisthe	G3401	V-PNM-2P	μιμέομαι	to imitate	do imitate	NA28+NA27+Tyn+SBL+WH+Treg+TR+Byz	
13	7	19	NKO	τὴν	tēn	G3588	T-ASF	ὁ	the/this/who	the	NA28+NA27+Tyn+SBL+WH+Treg+TR+Byz	
13	7	20	NKO	πίστιν.¶	pistin	G4102G	N-ASF	πίστις	faith	faith.	NA28+NA27+Tyn+SBL+WH+Treg+TR+Byz	
13	8	1	NKO	Ἰησοῦς	Iēsous	G2424G	N-NSM-P	Ἰησοῦς	Jesus/Joshua	Jesus	NA28+NA27+Tyn+SBL+WH+Treg+TR+Byz	
13	8	2	NKO	Χριστὸς	Christos	G5547	N-NSM-T	Χριστός	Christ	Christ	NA28+NA27+Tyn+SBL+WH+Treg+TR+Byz	
13	8	3	NKO	ἐχθὲς	echthes	G5504	ADV	χθές	yesterday	yesterday	NA28+NA27+Tyn+SBL+WH+Treg+TR+Byz	
13	8	4	NKO	καὶ	kai	G2532	CONJ	καί	and	and	NA28+NA27+Tyn+SBL+WH+Treg+TR+Byz	
13	8	5	NKO	σήμερον	sēmeron	G4594	ADV	σήμερον	today	today	NA28+NA27+Tyn+SBL+WH+Treg+TR+Byz	
13	8	6	NKO	ὁ	ho	G3588	T-NSM	ὁ	the/this/who	[is] the	NA28+NA27+Tyn+SBL+WH+Treg+TR+Byz	
13	8	7	NKO	αὐτὸς	autos	G0846	P-NSM	αὐτός	he/she/it/self	same	NA28+NA27+Tyn+SBL+WH+Treg+TR+Byz	
13	8	8	NKO	καὶ	kai	G2532	CONJ	καί	and	and	NA28+NA27+Tyn+SBL+WH+Treg+TR+Byz	
13	8	9	NKO	εἰς	eis	G1519	PREP	εἰς	toward	to	NA28+NA27+Tyn+SBL+WH+Treg+TR+Byz	
13	8	10	NKO	τοὺς	tous	G3588	T-APM	ὁ	the/this/who	the	NA28+NA27+Tyn+SBL+WH+Treg+TR+Byz	
13	8	11	NKO	αἰῶνας.	aiōnas	G0165H	N-APM	αἰών	an age	ages.	NA28+NA27+Tyn+SBL+WH+Treg+TR+Byz	
13	9	1	NKO	διδαχαῖς	didachais	G1322	N-DPF	διδαχή	teaching	by teachings	NA28+NA27+Tyn+SBL+WH+Treg+TR+Byz	
13	9	2	NKO	ποικίλαις	poikilais	G4164	A-DPF	ποικίλος	various	various	NA28+NA27+Tyn+SBL+WH+Treg+TR+Byz	
13	9	3	NKO	καὶ	kai	G2532	CONJ	καί	and	and	NA28+NA27+Tyn+SBL+WH+Treg+TR+Byz	
13	9	4	NKO	ξέναις	xenais	G3581	A-DPF	ξένος	foreign	strange	NA28+NA27+Tyn+SBL+WH+Treg+TR+Byz	
13	9	5	NKO	μὴ	mē	G3361	PRT-N	μή	not	not	NA28+NA27+Tyn+SBL+WH+Treg+TR+Byz	
13	9	6	N(k)O	παραφέρεσθε·	parapheresthe	G3911	V-PPM-2P	παραφέρω	to take away	do be taken away;	NA28+NA27+Tyn+SBL+WH+Treg+Byz	
13	9	7	NKO	καλὸν	kalon	G2570G	A-NSN	καλός	good	[it is] good	NA28+NA27+Tyn+SBL+WH+Treg+TR+Byz	
13	9	8	NKO	γὰρ	gar	G1063	CONJ	γάρ	for	for	NA28+NA27+Tyn+SBL+WH+Treg+TR+Byz	
13	9	9	NKO	χάριτι	chariti	G5485	N-DSF	χάρις	grace	by grace	NA28+NA27+Tyn+SBL+WH+Treg+TR+Byz	
13	9	10	NKO	βεβαιοῦσθαι	bebaiousthai	G0950	V-PPN	βεβαιόω	to confirm	to be strengthened	NA28+NA27+Tyn+SBL+WH+Treg+TR+Byz	
13	9	11	NKO	τὴν	tēn	G3588	T-ASF	ὁ	the/this/who	for the	NA28+NA27+Tyn+SBL+WH+Treg+TR+Byz	
13	9	12	NKO	καρδίαν	kardian	G2588	N-ASF	καρδία	heart	heart	NA28+NA27+Tyn+SBL+WH+Treg+TR+Byz	
13	9	13	NKO	οὐ	ou	G3756	PRT-N	οὐ	no	not	NA28+NA27+Tyn+SBL+WH+Treg+TR+Byz	
13	9	14	NKO	βρώμασιν	brōmasin	G1033	N-DPN	βρῶμα	food	by foods	NA28+NA27+Tyn+SBL+WH+Treg+TR+Byz	
13	9	15	NKO	ἐν	en	G1722	PREP	ἐν	in/on/among	in	NA28+NA27+Tyn+SBL+WH+Treg+TR+Byz	
13	9	16	NKO	οἷς	hois	G3739	R-DPN	ὅς, ἥ	which	which	NA28+NA27+Tyn+SBL+WH+Treg+TR+Byz	
13	9	17	NKO	οὐκ	ouk	G3756	PRT-N	οὐ	no	not	NA28+NA27+Tyn+SBL+WH+Treg+TR+Byz	
13	9	18	NKO	ὠφελήθησαν	ōphelēthēsan	G5623	V-API-3P	ὠφελέω	to help	they profited	NA28+NA27+Tyn+SBL+WH+Treg+TR+Byz	
13	9	19	NKO	οἱ	hoi	G3588	T-NPM	ὁ	the/this/who	those	NA28+NA27+Tyn+SBL+WH+Treg+TR+Byz	
13	9	20	N(k)O	περιπατοῦντες.¶	peripatountes	G4043	V-PAP-NPM	περιπατέω	to walk	being devoted.	NA28+NA27+Tyn+SBL+WH+Treg	
13	10	1	NKO	ἔχομεν	echomen	G2192	V-PAI-1P	ἔχω	to have/be	We have	NA28+NA27+Tyn+SBL+WH+Treg+TR+Byz	
13	10	2	NKO	θυσιαστήριον	thusiastērion	G2379	N-ASN	θυσιαστήριον	altar	an altar	NA28+NA27+Tyn+SBL+WH+Treg+TR+Byz	
13	10	3	NKO	ἐξ	ex	G1537	PREP	ἐκ	out from	from	NA28+NA27+Tyn+SBL+WH+Treg+TR+Byz	
13	10	4	NKO	οὗ	hou	G3739	R-GSN	ὅς, ἥ	which	which	NA28+NA27+Tyn+SBL+WH+Treg+TR+Byz	
13	10	5	NKO	φαγεῖν	phagein	G5315	V-AAN	φαγεῖν	to eat	to eat	NA28+NA27+Tyn+SBL+WH+Treg+TR+Byz	
13	10	6	NKO	οὐκ	ouk	G3756	PRT-N	οὐ	no	not	NA28+NA27+Tyn+SBL+WH+Treg+TR+Byz	
13	10	7	NKO	ἔχουσιν	echousin	G2192	V-PAI-3P	ἔχω	to have/be	they have	NA28+NA27+Tyn+SBL+WH+Treg+TR+Byz	
13	10	8	NKO	ἐξουσίαν	exousian	G1849	N-ASF	ἐξουσία	authority	authority	NA28+NA27+Tyn+SBL+WH+Treg+TR+Byz	
13	10	9	NKO	οἱ	hoi	G3588	T-NPM	ὁ	the/this/who	those	NA28+NA27+Tyn+SBL+WH+Treg+TR+Byz	
13	10	10	NKO	τῇ	tēa	G3588	T-DSF	ὁ	the/this/who	in the	NA28+NA27+Tyn+SBL+WH+Treg+TR+Byz	
13	10	11	NKO	σκηνῇ	skēnēa	G4633	N-DSF	σκηνή	tent	tabernacle	NA28+NA27+Tyn+SBL+WH+Treg+TR+Byz	
13	10	12	NKO	λατρεύοντες.	latreuontes	G3000	V-PAP-NPM	λατρεύω	to minister	serving.	NA28+NA27+Tyn+SBL+WH+Treg+TR+Byz	
13	11	1	NKO	ὧν	hōn	G3739	R-GPN	ὅς, ἥ	which	Whose	NA28+NA27+Tyn+SBL+WH+Treg+TR+Byz	
13	11	2	NKO	γὰρ	gar	G1063	CONJ	γάρ	for	for	NA28+NA27+Tyn+SBL+WH+Treg+TR+Byz	
13	11	3	NKO	εἰσφέρεται	eispheretai	G1533	V-PPI-3S	εἰσφέρω	to bring in	is brought	NA28+NA27+Tyn+SBL+WH+Treg+TR+Byz	
13	11	4	NKO	ζῴων	zōōn	G2226	N-GPN	ζῷον	living thing	of animals	NA28+NA27+Tyn+SBL+WH+Treg+TR+Byz	
13	11	5	NKO	τὸ	to	G3588	T-NSN	ὁ	the/this/who	the	NA28+NA27+Tyn+SBL+WH+Treg+TR+Byz	
13	11	6	NKO	αἷμα	haima	G0129G	N-NSN	αἷμα	blood	blood [as sacrifices]	NA28+NA27+Tyn+SBL+WH+Treg+TR+Byz	
13	11	7	NKO	περὶ	peri	G4012	PREP	περί	about	for	NA28+NA27+Tyn+SBL+WH+Treg+TR+Byz	
13	11	8	NKO	ἁμαρτίας	hamartias	G0266	N-GSF	ἁμαρτία	sin	sin	NA28+NA27+Tyn+SBL+WH+Treg+TR+Byz	
13	11	9	NKO	εἰς	eis	G1519	PREP	εἰς	toward	into	NA28+NA27+Tyn+SBL+WH+Treg+TR+Byz	
13	11	10	NKO	τὰ	ta	G3588	T-APN	ὁ	the/this/who	the	NA28+NA27+Tyn+SBL+WH+Treg+TR+Byz	
13	11	11	NKO	ἅγια	hagia	G0039G	A-APN	ἅγιος	holy	Holy [Places]	NA28+NA27+Tyn+SBL+WH+Treg+TR+Byz	
13	11	12	NKO	διὰ	dia	G1223	PREP	διά	through/because of	through	NA28+NA27+Tyn+SBL+WH+Treg+TR+Byz	
13	11	13	NKO	τοῦ	tou	G3588	T-GSM	ὁ	the/this/who	the	NA28+NA27+Tyn+SBL+WH+Treg+TR+Byz	
13	11	14	NKO	ἀρχιερέως,	archiereōs	G0749	N-GSM	ἀρχιερεύς	high-priest	high priest,	NA28+NA27+Tyn+SBL+WH+Treg+TR+Byz	
13	11	15	NKO	τούτων	toutōn	G3778	D-GPN	οὗτος	this/he/she/it	of those	NA28+NA27+Tyn+SBL+WH+Treg+TR+Byz	
13	11	16	NKO	τὰ	ta	G3588	T-NPN	ὁ	the/this/who	the	NA28+NA27+Tyn+SBL+WH+Treg+TR+Byz	
13	11	17	NKO	σώματα	sōmata	G4983	N-NPN	σῶμα	body	bodies	NA28+NA27+Tyn+SBL+WH+Treg+TR+Byz	
13	11	18	NKO	κατακαίεται	katakaietai	G2618	V-PPI-3S	κατακαίω	to burn	are burned	NA28+NA27+Tyn+SBL+WH+Treg+TR+Byz	
13	11	19	NKO	ἔξω	exō	G1854	PREP	ἔξω	out/outside(r)	outside	NA28+NA27+Tyn+SBL+WH+Treg+TR+Byz	
13	11	20	NKO	τῆς	tēs	G3588	T-GSF	ὁ	the/this/who	the	NA28+NA27+Tyn+SBL+WH+Treg+TR+Byz	
13	11	21	NKO	παρεμβολῆς.¶	parembolēs	G3925	N-GSF	παρεμβολή	barracks	camp.	NA28+NA27+Tyn+SBL+WH+Treg+TR+Byz	
13	12	1	NKO	Διὸ	Dio	G1352	CONJ	διό	for	Therefore	NA28+NA27+Tyn+SBL+WH+Treg+TR+Byz	
13	12	2	NKO	καὶ	kai	G2532	CONJ	καί	and	also	NA28+NA27+Tyn+SBL+WH+Treg+TR+Byz	
13	12	3	NKO	Ἰησοῦς,	Iēsous	G2424G	N-NSM-P	Ἰησοῦς	Jesus/Joshua	Jesus,	NA28+NA27+Tyn+SBL+WH+Treg+TR+Byz	
13	12	4	NKO	ἵνα	ina	G2443	CONJ	ἵνα	in order that/to	so that	NA28+NA27+Tyn+SBL+WH+Treg+TR+Byz	
13	12	5	NKO	ἁγιάσῃ	hagiasē	G0037	V-AAS-3S	ἁγιάζω	to sanctify	he may sanctify	NA28+NA27+Tyn+SBL+WH+Treg+TR+Byz	
13	12	6	NKO	διὰ	dia	G1223	PREP	διά	through/because of	through	NA28+NA27+Tyn+SBL+WH+Treg+TR+Byz	
13	12	7	NKO	τοῦ	tou	G3588	T-GSN	ὁ	the/this/who	the	NA28+NA27+Tyn+SBL+WH+Treg+TR+Byz	
13	12	8	NKO	ἰδίου	idiou	G2398	A-GSN	ἴδιος	one's own/private	own	NA28+NA27+Tyn+SBL+WH+Treg+TR+Byz	
13	12	9	NKO	αἵματος	aimatos	G0129G	N-GSN	αἷμα	blood	blood	NA28+NA27+Tyn+SBL+WH+Treg+TR+Byz	
13	12	10	NKO	τὸν	ton	G3588	T-ASM	ὁ	the/this/who	the	NA28+NA27+Tyn+SBL+WH+Treg+TR+Byz	
13	12	11	NKO	λαόν,	laon	G2992	N-ASM	λαός	a people	people,	NA28+NA27+Tyn+SBL+WH+Treg+TR+Byz	
13	12	12	NKO	ἔξω	exō	G1854	PREP	ἔξω	out/outside(r)	outside	NA28+NA27+Tyn+SBL+WH+Treg+TR+Byz	
13	12	13	NKO	τῆς	tēs	G3588	T-GSF	ὁ	the/this/who	the	NA28+NA27+Tyn+SBL+WH+Treg+TR+Byz	
13	12	14	NKO	πύλης	pulēs	G4439	N-GSF	πύλη	gate	gate	NA28+NA27+Tyn+SBL+WH+Treg+TR+Byz	
13	12	15	NKO	ἔπαθεν.	epathen	G3958	V-2AAI-3S	πάσχω	to suffer	suffered.	NA28+NA27+Tyn+SBL+WH+Treg+TR+Byz	
13	13	1	NKO	τοίνυν	toinun	G5106	CONJ	τοίνυν	then	Therefore	NA28+NA27+Tyn+SBL+WH+Treg+TR+Byz	
13	13	2	NKO	ἐξερχώμεθα	exerchōmetha	G1831	V-PNS-1P	ἐξέρχομαι	to go out	we may go forth	NA28+NA27+Tyn+SBL+WH+Treg+TR+Byz	
13	13	3	NKO	πρὸς	pros	G4314	PREP	πρός	to/with	to	NA28+NA27+Tyn+SBL+WH+Treg+TR+Byz	
13	13	4	NKO	αὐτὸν	auton	G0846	P-ASM	αὐτός	he/she/it/self	Him	NA28+NA27+Tyn+SBL+WH+Treg+TR+Byz	
13	13	5	NKO	ἔξω	exō	G1854	PREP	ἔξω	out/outside(r)	outside	NA28+NA27+Tyn+SBL+WH+Treg+TR+Byz	
13	13	6	NKO	τῆς	tēs	G3588	T-GSF	ὁ	the/this/who	the	NA28+NA27+Tyn+SBL+WH+Treg+TR+Byz	
13	13	7	NKO	παρεμβολῆς	parembolēs	G3925	N-GSF	παρεμβολή	barracks	camp	NA28+NA27+Tyn+SBL+WH+Treg+TR+Byz	
13	13	8	NKO	τὸν	ton	G3588	T-ASM	ὁ	the/this/who	the	NA28+NA27+Tyn+SBL+WH+Treg+TR+Byz	
13	13	9	NKO	ὀνειδισμὸν	oneidismon	G3680	N-ASM	ὀνειδισμός	reproach	reproach	NA28+NA27+Tyn+SBL+WH+Treg+TR+Byz	
13	13	10	NKO	αὐτοῦ	autou	G0846	P-GSM	αὐτός	he/she/it/self	of Him	NA28+NA27+Tyn+SBL+WH+Treg+TR+Byz	
13	13	11	NKO	φέροντες·	pherontes	G5342	V-PAP-NPM	φέρω	to bear/lead	bearing;	NA28+NA27+Tyn+SBL+WH+Treg+TR+Byz	
13	14	1	NKO	οὐ	ou	G3756	PRT-N	οὐ	no	Not	NA28+NA27+Tyn+SBL+WH+Treg+TR+Byz	
13	14	2	NKO	γὰρ	gar	G1063	CONJ	γάρ	for	for	NA28+NA27+Tyn+SBL+WH+Treg+TR+Byz	
13	14	3	NKO	ἔχομεν	echomen	G2192	V-PAI-1P	ἔχω	to have/be	we have	NA28+NA27+Tyn+SBL+WH+Treg+TR+Byz	
13	14	4	NKO	ὧδε	hōde	G5602	ADV	ὧδε	here	here	NA28+NA27+Tyn+SBL+WH+Treg+TR+Byz	
13	14	5	NKO	μένουσαν	menousan	G3306	V-PAP-ASF	μένω	to stay	an abiding	NA28+NA27+Tyn+SBL+WH+Treg+TR+Byz	
13	14	6	NKO	πόλιν,	polin	G4172	N-ASF	πόλις	city	city,	NA28+NA27+Tyn+SBL+WH+Treg+TR+Byz	
13	14	7	NKO	ἀλλὰ	alla	G0235	CONJ	ἀλλά	but	but	NA28+NA27+Tyn+SBL+WH+Treg+TR+Byz	
13	14	8	NKO	τὴν	tēn	G3588	T-ASF	ὁ	the/this/who	the	NA28+NA27+Tyn+SBL+WH+Treg+TR+Byz	
13	14	9	NKO	μέλλουσαν	mellousan	G3195	V-PAP-ASF	μέλλω	to ensue	coming [one]	NA28+NA27+Tyn+SBL+WH+Treg+TR+Byz	
13	14	10	NKO	ἐπιζητοῦμεν.	epizētoumen	G1934	V-PAI-1P	ἐπιζητέω	to seek after	we are seeking for.	NA28+NA27+Tyn+SBL+WH+Treg+TR+Byz	
13	15	1	NKO	δι᾽	di᾽	G1223	PREP	διά	through/because of	Through	NA28+NA27+Tyn+SBL+WH+Treg+TR+Byz	
13	15	2	NKO	αὐτοῦ	autou	G0846	P-GSM	αὐτός	he/she/it/self	Him	NA28+NA27+Tyn+SBL+WH+Treg+TR+Byz	
13	15	3	NKO	οὖν	oun	G3767	CONJ	οὖν	therefore/then	then	NA28+NA27+Tyn+SBL+Treg+TR+Byz	
13	15	4	NKO	ἀναφέρωμεν	anapherōmen	G0399	V-PAS-1P	ἀναφέρω	to carry up	we may offer	NA28+NA27+Tyn+SBL+WH+Treg+TR+Byz	
13	15	5	NKO	θυσίαν	thusian	G2378	N-ASF	θυσία	sacrifice	[the] sacrifice	NA28+NA27+Tyn+SBL+WH+Treg+TR+Byz	
13	15	6	NKO	αἰνέσεως	aineseōs	G0133	N-GSF	αἴνεσις	praise	of praise	NA28+NA27+Tyn+SBL+WH+Treg+TR+Byz	
13	15	7	N(K)O	διὰ	dia	G1223	PREP	διά	through/because of	through	NA28+NA27+Tyn+SBL+WH+Treg+TR»1+Byz	
13	15	8	N(k)O	παντὸς	pantos	G3956	A-GSM	πᾶς	all	all [times]	NA28+NA27+Tyn+SBL+WH+Treg+Byz	
13	15	9	NKO	τῷ	tō	G3588	T-DSM	ὁ	the/this/who	<the>	NA28+NA27+Tyn+SBL+WH+Treg+TR+Byz	
13	15	10	NKO	θεῷ,	theō	G2316	N-DSM-T	θεός	God	to God,	NA28+NA27+Tyn+SBL+WH+Treg+TR+Byz	
13	15	11	NKO	τοῦτ᾽	tout᾽	G3778	D-NSN	οὗτος	this/he/she/it	That	NA28+NA27+Tyn»1+SBL+WH+Treg+TR+Byz	
13	15	12	NKO	ἔστιν	estin	G1510	V-PAI-3S	εἰμί	to be	is	NA28+NA27+Tyn+SBL+WH+Treg+TR+Byz	
13	15	13	NKO	καρπὸν	karpon	G2590	N-ASM	καρπός	fruit	[the] fruit	NA28+NA27+Tyn+SBL+WH+Treg+TR+Byz	
13	15	14	NKO	χειλέων	cheileōn	G5491	N-GPN	χεῖλος	lip	of [the] lips	NA28+NA27+Tyn+SBL+WH+Treg+TR+Byz	
13	15	15	NKO	ὁμολογούντων	homologountōn	G3670	V-PAP-GPM	ὁμολογέω	to confess/profess	confessing	NA28+NA27+Tyn+SBL+WH+Treg+TR+Byz	
13	15	16	NKO	τῷ	tō	G3588	T-DSN	ὁ	the/this/who	the	NA28+NA27+Tyn+SBL+WH+Treg+TR+Byz	
13	15	17	NKO	ὀνόματι	onomati	G3686	N-DSN	ὄνομα	name	name	NA28+NA27+Tyn+SBL+WH+Treg+TR+Byz	
13	15	18	NKO	αὐτοῦ.	autou	G0846	P-GSM	αὐτός	he/she/it/self	of Him.	NA28+NA27+Tyn+SBL+WH+Treg+TR+Byz	
13	16	1	NKO	τῆς	tēs	G3588	T-GSF	ὁ	the/this/who	<the>	NA28+NA27+Tyn+SBL+WH+Treg+TR+Byz	
13	16	2	NKO	δὲ	de	G1161	CONJ	δέ	but/and	And	NA28+NA27+Tyn+SBL+WH+Treg+TR+Byz	
13	16	3	NKO	εὐποιΐας	eupoiias	G2140	N-GSF	εὐποιΐα	doing good	the good	NA28+NA27+Tyn+SBL+WH+Treg+TR+Byz	
13	16	4	NKO	καὶ	kai	G2532	CONJ	καί	and	and	NA28+NA27+Tyn+SBL+WH+Treg+TR+Byz	
13	16	5	NKO	κοινωνίας	koinōnias	G2842	N-GSF	κοινωνία	participation	of sharing	NA28+NA27+Tyn+SBL+WH+Treg+TR+Byz	
13	16	6	NKO	μὴ	mē	G3361	PRT-N	μή	not	not	NA28+NA27+Tyn+SBL+WH+Treg+TR+Byz	
13	16	7	NKO	ἐπιλανθάνεσθε·	epilanthanesthe	G1950	V-PNM-2P	ἐπιλανθάνω	to forget	do be forgetful;	NA28+NA27+Tyn+SBL+WH+Treg+TR+Byz	
13	16	8	NKO	τοιαύταις	toiautais	G5108	D-DPF	τοιοῦτος	such as this	with such	NA28+NA27+Tyn+SBL+WH+Treg+TR+Byz	
13	16	9	NKO	γὰρ	gar	G1063	CONJ	γάρ	for	for	NA28+NA27+Tyn+SBL+WH+Treg+TR+Byz	
13	16	10	NKO	θυσίαις	thusiais	G2378	N-DPF	θυσία	sacrifice	sacrifices	NA28+NA27+Tyn+SBL+WH+Treg+TR+Byz	
13	16	11	NKO	εὐαρεστεῖται	euaresteitai	G2100	V-PPI-3S	εὐαρεστέω	to please	is well pleased	NA28+NA27+Tyn+SBL+WH+Treg+TR+Byz	
13	16	12	NKO	ὁ	ho	G3588	T-NSM	ὁ	the/this/who	<the>	NA28+NA27+Tyn+SBL+WH+Treg+TR+Byz	
13	16	13	NKO	θεός.¶	theos	G2316	N-NSM-T	θεός	God	God.	NA28+NA27+Tyn+SBL+WH+Treg+TR+Byz	
13	17	1	NKO	Πείθεσθε	Peithesthe	G3982	V-PPM-2P	πείθω	to persuade	do obey	NA28+NA27+Tyn+SBL+WH+Treg+TR+Byz	
13	17	2	NKO	τοῖς	tois	G3588	T-DPM	ὁ	the/this/who	to those	NA28+NA27+Tyn+SBL+WH+Treg+TR+Byz	
13	17	3	NKO	ἡγουμένοις	hēgoumenois	G2233	V-PNP-DPM	ἡγέομαι	to govern	leading	NA28+NA27+Tyn+SBL+WH+Treg+TR+Byz	
13	17	4	NKO	ὑμῶν	humōn	G4771	P-2GP	σύ	you	you	NA28+NA27+Tyn+SBL+WH+Treg+TR+Byz	
13	17	5	NKO	καὶ	kai	G2532	CONJ	καί	and	and	NA28+NA27+Tyn+SBL+WH+Treg+TR+Byz	
13	17	6	NKO	ὑπείκετε·	hupeikete	G5226	V-PAM-2P	ὑπείκω	to submit	do be submissive;	NA28+NA27+Tyn+SBL+WH+Treg+TR+Byz	
13	17	7	NKO	αὐτοὶ	autoi	G0846	P-NPM	αὐτός	he/she/it/self	they themselves	NA28+NA27+Tyn+SBL+WH+Treg+TR+Byz	
13	17	8	NKO	γὰρ	gar	G1063	CONJ	γάρ	for	for	NA28+NA27+Tyn+SBL+WH+Treg+TR+Byz	
13	17	9	NKO	ἀγρυπνοῦσιν	agrupnousin	G0069	V-PAI-3P	ἀγρυπνέω	be watchful	watch	NA28+NA27+Tyn+SBL+WH+Treg+TR+Byz	
13	17	10	NKO	ὑπὲρ	huper	G5228	PREP	ὑπέρ	above/for	over	NA28+NA27+Tyn+SBL+WH+Treg+TR+Byz	
13	17	11	NKO	τῶν	tōn	G3588	T-GPF	ὁ	the/this/who	the	NA28+NA27+Tyn+SBL+WH+Treg+TR+Byz	
13	17	12	NKO	ψυχῶν	psuchōn	G5590G	N-GPF	ψυχή	soul	souls	NA28+NA27+Tyn+SBL+WH+Treg+TR+Byz	
13	17	13	NKO	ὑμῶν	humōn	G4771	P-2GP	σύ	you	of you	NA28+NA27+Tyn+SBL+WH+Treg+TR+Byz	
13	17	14	NKO	ὡς	hōs	G5613	PRT	ὡς	which/how	as	NA28+NA27+Tyn+SBL+WH+Treg+TR+Byz	
13	17	15	NKO	λόγον	logon	G3056	N-ASM	λόγος	word	an account	NA28+NA27+Tyn+SBL+WH+Treg+TR+Byz	
13	17	16	NKO	ἀποδώσοντες,	apodōsontes	G0591	V-FAP-NPM	ἀποδίδωμι	to pay	to be giving	NA28+NA27+Tyn+SBL+WH+Treg+TR+Byz	
13	17	17	NKO	ἵνα	ina	G2443	CONJ	ἵνα	in order that/to	that	NA28+NA27+Tyn+SBL+WH+Treg+TR+Byz	
13	17	18	NKO	μετὰ	meta	G3326	PREP	μετά	with/after	with	NA28+NA27+Tyn+SBL+WH+Treg+TR+Byz	
13	17	19	NKO	χαρᾶς	charas	G5479	N-GSF	χαρά	joy	joy	NA28+NA27+Tyn+SBL+WH+Treg+TR+Byz	
13	17	20	NKO	τοῦτο	touto	G3778	D-ASN	οὗτος	this/he/she/it	this	NA28+NA27+Tyn+SBL+WH+Treg+TR+Byz	
13	17	21	NKO	ποιῶσιν	poiōsin	G4160G	V-PAS-3P	ποιέω	to do/make	they may do	NA28+NA27+Tyn+SBL+WH+Treg+TR+Byz	
13	17	22	NKO	καὶ	kai	G2532	CONJ	καί	and	and	NA28+NA27+Tyn+SBL+WH+Treg+TR+Byz	
13	17	23	NKO	μὴ	mē	G3361	PRT-N	μή	not	not	NA28+NA27+Tyn+SBL+WH+Treg+TR+Byz	
13	17	24	NKO	στενάζοντες·	stenazontes	G4727	V-PAP-NPM	στενάζω	to groan	groaning;	NA28+NA27+Tyn+SBL+WH+Treg+TR+Byz	
13	17	25	NKO	ἀλυσιτελὲς	alusiteles	G0255	A-NSN	ἀλυσιτελής	unprofitable	unprofitable	NA28+NA27+Tyn+SBL+WH+Treg+TR+Byz	
13	17	26	NKO	γὰρ	gar	G1063	CONJ	γάρ	for	indeed	NA28+NA27+Tyn+SBL+WH+Treg+TR+Byz	
13	17	27	NKO	ὑμῖν	humin	G4771	P-2DP	σύ	you	for you [is]	NA28+NA27+Tyn+SBL+WH+Treg+TR+Byz	
13	17	28	NKO	τοῦτο.¶	touto	G3778	D-NSN	οὗτος	this/he/she/it	this.	NA28+NA27+Tyn+SBL+WH+Treg+TR+Byz	
13	18	1	NKO	Προσεύχεσθε	Proseuchesthe	G4336	V-PNM-2P	προσεύχομαι	to pray	do pray	NA28+NA27+Tyn+SBL+WH+Treg+TR+Byz	
13	18	2	NKO	περὶ	peri	G4012	PREP	περί	about	for	NA28+NA27+Tyn+SBL+WH+Treg+TR+Byz	
13	18	3	NKO	ἡμῶν·	hēmōn	G3165	P-1GP	ἐγώ	I/we	us;	NA28+NA27+Tyn+SBL+WH+Treg+TR+Byz	
13	18	4	N(k)O	πειθόμεθα	peithometha	G3982	V-PPI-1P	πείθω	to persuade	we are assured	NA28+NA27+Tyn+SBL+WH+Treg	
13	18	5	NKO	γὰρ	gar	G1063	CONJ	γάρ	for	for	NA28+NA27+Tyn+SBL+WH+Treg+TR+Byz	
13	18	6	NKO	ὅτι	hoti	G3754G	CONJ	ὅτι	that/since	that	NA28+NA27+Tyn+SBL+WH+Treg+TR+Byz	
13	18	7	NKO	καλὴν	kalēn	G2570G	A-ASF	καλός	good	a good	NA28+NA27+Tyn+SBL+WH+Treg+TR+Byz	
13	18	8	NKO	συνείδησιν	suneidēsin	G4893	N-ASF	συνείδησις	conscience	conscience	NA28+NA27+Tyn+SBL+WH+Treg+TR+Byz	
13	18	9	NKO	ἔχομεν	echomen	G2192	V-PAI-1P	ἔχω	to have/be	we have	NA28+NA27+Tyn+SBL+WH+Treg+TR+Byz	
13	18	10	NKO	ἐν	en	G1722	PREP	ἐν	in/on/among	in	NA28+NA27+Tyn+SBL+WH+Treg+TR+Byz	
13	18	11	NKO	πᾶσιν	pasin	G3956	A-DPN	πᾶς	all	all things	NA28+NA27+Tyn+SBL+WH+Treg+TR+Byz	
13	18	12	NKO	καλῶς	kalōs	G2573	ADV	καλῶς	well	well	NA28+NA27+Tyn+SBL+WH+Treg+TR+Byz	
13	18	13	NKO	θέλοντες	thelontes	G2309	V-PAP-NPM	θέλω	to will/desire	desiring	NA28+NA27+Tyn+SBL+WH+Treg+TR+Byz	
13	18	14	NKO	ἀναστρέφεσθαι.	anastrephesthai	G0390	V-PPN	ἀναστρέφω	to live/return	to conduct ourselves.	NA28+NA27+Tyn+SBL+WH+Treg+TR+Byz	
13	19	1	NKO	περισσοτέρως	perissoterōs	G4056	ADV-C	περισσοτέρως	more-abundantly	More abundantly	NA28+NA27+Tyn+SBL+WH+Treg+TR+Byz	
13	19	2	NKO	δὲ	de	G1161	CONJ	δέ	but/and	now	NA28+NA27+Tyn+SBL+WH+Treg+TR+Byz	
13	19	3	NKO	παρακαλῶ	parakalō	G3870	V-PAI-1S	παρακαλέω	to plead/comfort	I exhort [you]	NA28+NA27+Tyn+SBL+WH+Treg+TR+Byz	
13	19	4	NKO	τοῦτο	touto	G3778	D-ASN	οὗτος	this/he/she/it	this	NA28+NA27+Tyn+SBL+WH+Treg+TR+Byz	
13	19	5	NKO	ποιῆσαι,	poiēsai	G4160G	V-AAN	ποιέω	to do/make	to do,	NA28+NA27+Tyn+SBL+WH+Treg+TR+Byz	
13	19	6	NKO	ἵνα	ina	G2443	CONJ	ἵνα	in order that/to	so that	NA28+NA27+Tyn+SBL+WH+Treg+TR+Byz	
13	19	7	NKO	τάχιον	tachion	G5032	A-ASN-C	τάχιον	more quickly	quicker	NA28+NA27+Tyn+SBL+WH+Treg+TR+Byz	
13	19	8	NKO	ἀποκατασταθῶ	apokatastathō	G0600	V-APS-1S	ἀποκαθίστημι	to restore	I may be restored	NA28+NA27+Tyn+SBL+WH+Treg+TR+Byz	
13	19	9	NKO	ὑμῖν.¶	humin	G4771	P-2DP	σύ	you	to you.	NA28+NA27+Tyn+SBL+WH+Treg+TR+Byz	
13	20	1	NKO	Ὁ	Ho	G3588	T-NSM	ὁ	the/this/who	[May] the	NA28+NA27+Tyn+SBL+WH+Treg+TR+Byz	
13	20	2	NKO	δὲ	de	G1161	CONJ	δέ	but/and	now	NA28+NA27+Tyn+SBL+WH+Treg+TR+Byz	
13	20	3	NKO	θεὸς	theos	G2316	N-NSM-T	θεός	God	God	NA28+NA27+Tyn+SBL+WH+Treg+TR+Byz	
13	20	4	NKO	τῆς	tēs	G3588	T-GSF	ὁ	the/this/who	<the>	NA28+NA27+Tyn+SBL+WH+Treg+TR+Byz	
13	20	5	NKO	εἰρήνης,	eirēnēs	G1515	N-GSF	εἰρήνη	peace	of peace,	NA28+NA27+Tyn+SBL+WH+Treg+TR+Byz	
13	20	6	NKO	ὁ	ho	G3588	T-NSM	ὁ	the/this/who	<the>	NA28+NA27+Tyn+SBL+WH+Treg+TR+Byz	
13	20	7	NKO	ἀναγαγὼν	anagagōn	G0321	V-2AAP-NSM	ἀνάγω	to lead	having brought	NA28+NA27+Tyn+SBL+WH+Treg+TR+Byz	
13	20	8	NKO	ἐκ	ek	G1537	PREP	ἐκ	out from	out from	NA28+NA27+Tyn+SBL+WH+Treg+TR+Byz	
13	20	9	NKO	νεκρῶν	nekrōn	G3498	A-GPM	νεκρός	dead	[the] dead	NA28+NA27+Tyn+SBL+WH+Treg+TR+Byz	
13	20	10	NKO	τὸν	ton	G3588	T-ASM	ὁ	the/this/who	the	NA28+NA27+Tyn+SBL+WH+Treg+TR+Byz	
13	20	11	NKO	ποιμένα	poimena	G4166	N-ASM	ποιμήν	shepherd	Shepherd	NA28+NA27+Tyn+SBL+WH+Treg+TR+Byz	
13	20	12	NKO	τῶν	tōn	G3588	T-GPN	ὁ	the/this/who	of the	NA28+NA27+Tyn+SBL+WH+Treg+TR+Byz	
13	20	13	NKO	προβάτων	probatōn	G4263	N-GPN	πρόβατον	sheep	sheep	NA28+NA27+Tyn+SBL+WH+Treg+TR+Byz	
13	20	14	NKO	τὸν	ton	G3588	T-ASM	ὁ	the/this/who	<the>	NA28+NA27+Tyn+SBL+WH+Treg+TR+Byz	
13	20	15	NKO	μέγαν	megan	G3173	A-ASM	μέγας	great	great	NA28+NA27+Tyn+SBL+WH+Treg+TR+Byz	
13	20	16	NKO	ἐν	en	G1722	PREP	ἐν	in/on/among	by	NA28+NA27+Tyn+SBL+WH+Treg+TR+Byz	
13	20	17	NKO	αἵματι	aimati	G0129G	N-DSN	αἷμα	blood	[the] blood	NA28+NA27+Tyn+SBL+WH+Treg+TR+Byz	
13	20	18	NKO	διαθήκης	diathēkēs	G1242	N-GSF	διαθήκη	covenant	of [the] covenant	NA28+NA27+Tyn+SBL+WH+Treg+TR+Byz	
13	20	19	NKO	αἰωνίου,	aiōniou	G0166	A-GSF	αἰώνιος	eternal	eternal,	NA28+NA27+Tyn+SBL+WH+Treg+TR+Byz	
13	20	20	NKO	τὸν	ton	G3588	T-ASM	ὁ	the/this/who	the	NA28+NA27+Tyn+SBL+WH+Treg+TR+Byz	
13	20	21	NKO	κύριον	kurion	G2962G	N-ASM-T	κύριος	lord	Lord	NA28+NA27+Tyn+SBL+WH+Treg+TR+Byz	
13	20	22	NKO	ἡμῶν	hēmōn	G3165	P-1GP	ἐγώ	I/we	of us	NA28+NA27+Tyn+SBL+WH+Treg+TR+Byz	
13	20	23	NKO	Ἰησοῦν,	Iēsoun	G2424G	N-ASM-P	Ἰησοῦς	Jesus/Joshua	Jesus,	NA28+NA27+Tyn+SBL+WH+Treg+TR+Byz	
13	21	1	NKO	καταρτίσαι	katartisai	G2675	V-AAO-3S	καταρτίζω	to complete	would he equip	NA28+NA27+Tyn+SBL+WH+Treg+TR+Byz	
13	21	2	NKO	ὑμᾶς	humas	G4771	P-2AP	σύ	you	you	NA28+NA27+Tyn+SBL+WH+Treg+TR+Byz	
13	21	3	NKO	ἐν	en	G1722	PREP	ἐν	in/on/among	in	NA28+NA27+Tyn+SBL+WH+Treg+TR+Byz	
13	21	4	NKO	παντὶ	panti	G3956	A-DSN	πᾶς	all	everything	NA28+NA27+Tyn+SBL+WH+Treg+TR+Byz	
13	21	5	KO	ἔργῳ	ergō	G2041	N-DSN	ἔργον	work	work	Treg+TR+Byz	
13	21	6	NKO	ἀγαθῷ	agathō	G0018	A-DSN	ἀγαθός	good-doer	good	NA28+NA27+Tyn+SBL+WH+Treg+TR+Byz	
13	21	7	NKO	εἰς	eis	G1519	PREP	εἰς	toward	in order	NA28+NA27+Tyn+SBL+WH+Treg+TR+Byz	
13	21	8	NKO	τὸ	to	G3588	T-ASN	ὁ	the/this/who	<the>	NA28+NA27+Tyn+SBL+WH+Treg+TR+Byz	
13	21	9	NKO	ποιῆσαι	poiēsai	G4160G	V-AAN	ποιέω	to do/make	to do	NA28+NA27+Tyn+SBL+WH+Treg+TR+Byz	
13	21	10	NKO	τὸ	to	G3588	T-ASN	ὁ	the/this/who	the	NA28+NA27+Tyn+SBL+WH+Treg+TR+Byz	
13	21	11	NKO	θέλημα	thelēma	G2307	N-ASN	θέλημα	will/desire	will	NA28+NA27+Tyn+SBL+WH+Treg+TR+Byz	
13	21	12	NKO	αὐτοῦ	autou	G0846	P-GSM	αὐτός	he/she/it/self	of Him	NA28+NA27+Tyn+SBL+WH+Treg+TR+Byz	
13	21	13	NKO	ποιῶν	poiōn	G4160G	V-PAP-NSM	ποιέω	to do/make	working	NA28+NA27+Tyn+SBL+WH+Treg+TR+Byz	
13	21	14	NKO	ἐν	en	G1722	PREP	ἐν	in/on/among	in	NA28+NA27+Tyn+SBL+WH+Treg+TR+Byz	
13	21	15	N(K)O	ἡμῖν	hēmin	G3165	P-1DP	ἐγώ	I/we	us	NA28+NA27+Tyn+SBL+WH	
13	21	16	NKO	τὸ	to	G3588	T-ASN	ὁ	the/this/who	that which [is]	NA28+NA27+Tyn+SBL+WH+Treg+TR+Byz	
13	21	17	NKO	εὐάρεστον	euareston	G2101	A-ASN	εὐάρεστος	well-pleasing	well pleasing	NA28+NA27+Tyn+SBL+WH+Treg+TR+Byz	
13	21	18	NKO	ἐνώπιον	enōpion	G1799	PREP	ἐνώπιον	before	before	NA28+NA27+Tyn+SBL+WH+Treg+TR+Byz	
13	21	19	NKO	αὐτοῦ	autou	G0846	P-GSM	αὐτός	he/she/it/self	Him	NA28+NA27+Tyn+SBL+WH+Treg+TR+Byz	
13	21	20	NKO	διὰ	dia	G1223	PREP	διά	through/because of	through	NA28+NA27+Tyn+SBL+WH+Treg+TR+Byz	
13	21	21	NKO	Ἰησοῦ	Iēsou	G2424G	N-GSM-P	Ἰησοῦς	Jesus/Joshua	Jesus	NA28+NA27+Tyn+SBL+WH+Treg+TR+Byz	
13	21	22	NKO	Χριστοῦ·	Christou	G5547	N-GSM-T	Χριστός	Christ	Christ;	NA28+NA27+Tyn+SBL+WH+Treg+TR+Byz	
13	21	23	NKO	ᾧ	hō	G3739	R-DSM	ὅς, ἥ	which	to whom [be]	NA28+NA27+Tyn+SBL+WH+Treg+TR+Byz	
13	21	24	NKO	ἡ	hē	G3588	T-NSF	ὁ	the/this/who	the	NA28+NA27+Tyn+SBL+WH+Treg+TR+Byz	
13	21	25	NKO	δόξα	doxa	G1391	N-NSF	δόξα	glory	glory	NA28+NA27+Tyn+SBL+WH+Treg+TR+Byz	
13	21	26	NKO	εἰς	eis	G1519	PREP	εἰς	toward	to	NA28+NA27+Tyn+SBL+WH+Treg+TR+Byz	
13	21	27	NKO	τοὺς	tous	G3588	T-APM	ὁ	the/this/who	the	NA28+NA27+Tyn+SBL+WH+Treg+TR+Byz	
13	21	28	NKO	αἰῶνας	aiōnas	G0165H	N-APM	αἰών	an age	ages	NA28+NA27+Tyn+SBL+WH+Treg+TR+Byz	
13	21	29	NKO	τῶν	tōn	G3588	T-GPM	ὁ	the/this/who	of the	NA28+NA27+Tyn+WH+Treg+TR+Byz	
13	21	30	NKO	αἰώνων,	aiōnōn	G0165H	N-GPM	αἰών	an age	ages,	NA28+NA27+Tyn+WH+Treg+TR+Byz	
13	21	31	NKO	ἀμήν.¶	amēn	G0281	INJ-HEB	ἀμήν	amen	Amen.	NA28+NA27+Tyn+SBL+WH+Treg+TR+Byz	
13	22	1	NKO	Παρακαλῶ	Parakalō	G3870	V-PAI-1S	παρακαλέω	to plead/comfort	I exhort	NA28+NA27+Tyn+SBL+WH+Treg+TR+Byz	
13	22	2	NKO	δὲ	de	G1161	CONJ	δέ	but/and	now	NA28+NA27+Tyn+SBL+WH+Treg+TR+Byz	
13	22	3	NKO	ὑμᾶς,	humas	G4771	P-2AP	σύ	you	you,	NA28+NA27+Tyn+SBL+WH+Treg+TR+Byz	
13	22	4	NKO	ἀδελφοί,	adelphoi	G0080	N-VPM	ἀδελφός	brother	brothers,	NA28+NA27+Tyn+SBL+WH+Treg+TR+Byz	
13	22	5	NKO	ἀνέχεσθε	anechesthe	G0430	V-PNM-2P	ἀνέχω	to endure	do bear with	NA28+NA27+Tyn+SBL+WH+Treg+TR+Byz	
13	22	6	NKO	τοῦ	tou	G3588	T-GSM	ὁ	the/this/who	the	NA28+NA27+Tyn+SBL+WH+Treg+TR+Byz	
13	22	7	NKO	λόγου	logou	G3056	N-GSM	λόγος	word	word	NA28+NA27+Tyn+SBL+WH+Treg+TR+Byz	
13	22	8	NKO	τῆς	tēs	G3588	T-GSF	ὁ	the/this/who	<the>	NA28+NA27+Tyn+SBL+WH+Treg+TR+Byz	
13	22	9	NKO	παρακλήσεως·	paraklēseōs	G3874	N-GSF	παράκλησις	encouragement	of exhortation;	NA28+NA27+Tyn+SBL+WH+Treg+TR+Byz	
13	22	10	NKO	καὶ	kai	G2532	CONJ	καί	and	only	NA28+NA27+Tyn+SBL+WH+Treg+TR+Byz	
13	22	11	NKO	γὰρ	gar	G1063	CONJ	γάρ	for	for	NA28+NA27+Tyn+SBL+WH+Treg+TR+Byz	
13	22	12	NKO	διὰ	dia	G1223	PREP	διά	through/because of	in	NA28+NA27+Tyn+SBL+WH+Treg+TR+Byz	
13	22	13	NKO	βραχέων	bracheōn	G1024	A-GPM	βραχύς	little	few words	NA28+NA27+Tyn+SBL+WH+Treg+TR+Byz	
13	22	14	NKO	ἐπέστειλα	epesteila	G1989	V-AAI-1S	ἐπιστέλλω	to write to	I have written	NA28+NA27+Tyn+SBL+WH+Treg+TR+Byz	
13	22	15	NKO	ὑμῖν.¶	humin	G4771	P-2DP	σύ	you	to you.	NA28+NA27+Tyn+SBL+WH+Treg+TR+Byz	
13	23	1	NKO	Γινώσκετε	Ginōskete	G1097	V-PAI-2P	γινώσκω	to know	You know	NA28+NA27+Tyn+SBL+WH+Treg+TR+Byz	
13	23	2	NKO	τὸν	ton	G3588	T-ASM	ὁ	the/this/who	the	NA28+NA27+Tyn+SBL+WH+Treg+TR+Byz	
13	23	3	NKO	ἀδελφὸν	adelphon	G0080	N-ASM	ἀδελφός	brother	brother	NA28+NA27+Tyn+SBL+WH+Treg+TR+Byz	
13	23	4	no	ἡμῶν	hēmōn	G3165	P-1GP	ἐγώ	I/we	of us	NA28+NA27+Tyn+SBL+WH+Treg+KJV	
13	23	5	NKO	Τιμόθεον	Timotheon	G5095	N-ASM-P	Τιμόθεος	Timothy	Timothy	NA28+NA27+Tyn+SBL+WH+Treg+TR+Byz	
13	23	6	NKO	ἀπολελυμένον	apolelumenon	G0630G	V-RPP-ASM	ἀπολύω	to release	released	NA28+NA27+Tyn+SBL+WH+Treg+TR+Byz	
13	23	7	NKO	μεθ᾽	meth᾽	G3326	PREP	μετά	with/after	with	NA28+NA27+Tyn+SBL+WH+Treg+TR+Byz	
13	23	8	NKO	οὗ,	hou	G3739	R-GSM	ὅς, ἥ	which	whom	NA28+NA27+Tyn+SBL+WH+Treg+TR+Byz	
13	23	9	NKO	ἐὰν	ean	G1437	COND	ἐάν	if	if	NA28+NA27+Tyn+SBL+WH+Treg+TR+Byz	
13	23	10	NKO	τάχιον	tachion	G5032	A-ASN-C	τάχιον	more quickly	quicker	NA28+NA27+Tyn+SBL+WH+Treg+TR+Byz	
13	23	11	NKO	ἔρχηται,	erchētai	G2064	V-PNS-3S	ἔρχομαι	to come/go	he shall come,	NA28+NA27+Tyn+SBL+WH+Treg+TR+Byz	
13	23	12	NKO	ὄψομαι	opsomai	G3708	V-FDI-1S	ὁράω	to see	I will see	NA28+NA27+Tyn+SBL+WH+Treg+TR+Byz	
13	23	13	NKO	ὑμᾶς.¶	humas	G4771	P-2AP	σύ	you	you.	NA28+NA27+Tyn+SBL+WH+Treg+TR+Byz	
13	24	1	NKO	Ἀσπάσασθε	Aspasasthe	G0782	V-ADM-2P	ἀσπάζομαι	to pay respects to	do greet	NA28+NA27+Tyn+SBL+WH+Treg+TR+Byz	
13	24	2	NKO	πάντας	pantas	G3956	A-APM	πᾶς	all	all	NA28+NA27+Tyn+SBL+WH+Treg+TR+Byz	
13	24	3	NKO	τοὺς	tous	G3588	T-APM	ὁ	the/this/who	those	NA28+NA27+Tyn+SBL+WH+Treg+TR+Byz	
13	24	4	NKO	ἡγουμένους	hēgoumenous	G2233	V-PNP-APM	ἡγέομαι	to govern	leading	NA28+NA27+Tyn+SBL+WH+Treg+TR+Byz	
13	24	5	NKO	ὑμῶν	humōn	G4771	P-2GP	σύ	you	you	NA28+NA27+Tyn+SBL+WH+Treg+TR+Byz	
13	24	6	NKO	καὶ	kai	G2532	CONJ	καί	and	and	NA28+NA27+Tyn+SBL+WH+Treg+TR+Byz	
13	24	7	NKO	πάντας	pantas	G3956	A-APM	πᾶς	all	all	NA28+NA27+Tyn+SBL+WH+Treg+TR+Byz	
13	24	8	NKO	τοὺς	tous	G3588	T-APM	ὁ	the/this/who	the	NA28+NA27+Tyn+SBL+WH+Treg+TR+Byz	
13	24	9	NKO	ἁγίους.¶	hagious	G0040H	A-APM	ἅγιος	holy	saints.	NA28+NA27+Tyn+SBL+WH+Treg+TR+Byz	
13	24	10	NKO	Ἀσπάζονται	Aspazontai	G0782	V-PNI-3P	ἀσπάζομαι	to pay respects to	Greet	NA28+NA27+Tyn+SBL+WH+Treg+TR+Byz	
13	24	11	NKO	ὑμᾶς	humas	G4771	P-2AP	σύ	you	you	NA28+NA27+Tyn+SBL+WH+Treg+TR+Byz	
13	24	12	NKO	οἱ	hoi	G3588	T-NPM	ὁ	the/this/who	those	NA28+NA27+Tyn+SBL+WH+Treg+TR+Byz	
13	24	13	NKO	ἀπὸ	apo	G0575	PREP	ἀπό	away from	from	NA28+NA27+Tyn+SBL+WH+Treg+TR+Byz	
13	24	14	NKO	τῆς	tēs	G3588	T-GSF	ὁ	the/this/who	<the>	NA28+NA27+Tyn+SBL+WH+Treg+TR+Byz	
13	24	15	NKO	Ἰταλίας.	Italias	G2482	N-GSF-L	Ἰταλία	Italy	Italy.	NA28+NA27+Tyn+SBL+WH+Treg+TR+Byz	
13	25	1	NKO	ἡ	hē	G3588	T-NSF	ὁ	the/this/who	<the>	NA28+NA27+Tyn+SBL+WH+Treg+TR+Byz	
13	25	2	NKO	χάρις	charis	G5485	N-NSF	χάρις	grace	Grace [be]	NA28+NA27+Tyn+SBL+WH+Treg+TR+Byz	
13	25	3	NKO	μετὰ	meta	G3326	PREP	μετά	with/after	with	NA28+NA27+Tyn+SBL+WH+Treg+TR+Byz	
13	25	4	NKO	πάντων	pantōn	G3956	A-GPM	πᾶς	all	all	NA28+NA27+Tyn+SBL+WH+Treg+TR+Byz	
13	25	5	NKO	ὑμῶν.	humōn	G4771	P-2GP	σύ	you	of you.	NA28+NA27+Tyn+SBL+WH+Treg+TR+Byz	
13	25	6	KO	ἀμήν.	amēn	G0281	INJ-HEB	ἀμήν	amen	Amen.	Tyn+Treg+TR+Byz	
13	25	7	K	πρός	pros	G4314	PREP	πρός	to/with	to	TR	
13	25	8	K	Ἑβραίους	Hebraious	G1445	N-APM-PG	Ἑβραῖος	a Hebrew	Hebrews	TR	
13	25	9	K	ἐγράφη	egraphē	G1125	V-2API-3S	γράφω	to write	it was written	TR	
13	25	10	K	ἀπό	apo	G0575	PREP	ἀπό	away from	from	TR	
13	25	11	K	τῆς	tēs	G3588	T-GSF	ὁ	the/this/who	<the>	TR	
13	25	12	K	Ἰταλίας	Italias	G2482	N-GSF-L	Ἰταλία	Italy	Italy	TR	
13	25	13	K	διά	dia	G1223	PREP	διά	through/because of	through	TR	
13	25	14	K	Τιμοθέου.¶	Timotheou	G5095	N-GSM-P	Τιμόθεος	Timothy	Timothy.	TR	
