chapter	verse	word	type	surface	lemma	morph	id
1	1	1		אָדָ֥ם	121	HNp	13xeN
1	1	2		שֵׁ֖ת	8352	HNp	13Nvk
1	1	3		אֱנֽוֹשׁ	583	HNp	13TyA
1	2	1		קֵינָ֥ן	7018	HNp	13vuQ
1	2	2		מַהֲלַלְאֵ֖ל	4111	HNp	13TSc
1	2	3		יָֽרֶד	3382	HNp	13k5P
1	3	1		חֲנ֥וֹךְ	2585	HNp	13nPh
1	3	2		מְתוּשֶׁ֖לַח	4968	HNp	13LN3
1	3	3		לָֽמֶךְ	3929	HNp	13Qzf
1	4	1		נֹ֥חַ	5146	HNp	13aPd
1	4	2		שֵׁ֖ם	8035	HNp	13eYX
1	4	3		חָ֥ם	2526	HNp	13C5U
1	4	4		וָ/יָֽפֶת	c/3315	HC/Np	13qNN
1	5	1		בְּנֵ֣י	1121 a	HNcmpc	13EVS
1	5	2		יֶ֔פֶת	3315	HNp	13PB6
1	5	3		גֹּ֣מֶר	1586	HNp	1337c
1	5	4		וּ/מָג֔וֹג	c/4031	HC/Np	13x9c
1	5	5		וּ/מָדַ֖י	c/4074	HC/Np	13yNB
1	5	6		וְ/יָוָ֣ן	c/3120	HC/Np	1329t
1	5	7		וְ/תֻבָ֑ל	c/8422	HC/Np	13KZG
1	5	8		וּ/מֶ֖שֶׁךְ	c/4902	HC/Np	13TZE
1	5	9		וְ/תִירָֽס	c/8494	HC/Np	13thY
1	6	1		וּ/בְנֵ֖י	c/1121 a	HC/Ncmpc	13JM7
1	6	2		גֹּ֑מֶר	1586	HNp	13fpo
1	6	3		אַשְׁכֲּנַ֥ז	813	HNp	13W26
1	6	4		וְ/דִיפַ֖ת	c/7384 a	HC/Np	13yw4
1	6	5		וְ/תוֹגַרְמָֽה	c/8425	HC/Np	13jbg
1	7	1		וּ/בְנֵ֥י	c/1121 a	HC/Ncmpc	13USR
1	7	2		יָוָ֖ן	3120	HNp	13v6U
1	7	3		אֱלִישָׁ֣ה	473	HNp	135SS
1	7	4		וְ/תַרְשִׁ֑ישָׁ/ה	c/8659	HC/Np/Sh	13GzE
1	7	5		כִּתִּ֖ים	3794	HNp	13qCU
1	7	6		וְ/רוֹדָנִֽים	c/1721	HC/Np	13g2y
1	8	1		בְּנֵ֖י	1121 a	HNcmpc	13jQb
1	8	2		חָ֑ם	2526	HNp	13794
1	8	3		כּ֥וּשׁ	3568 a	HNp	13CsU
1	8	4		וּ/מִצְרַ֖יִם	c/4714	HC/Np	13XR4
1	8	5		פּ֥וּט	6316	HNp	13KvS
1	8	6		וּ/כְנָֽעַן	c/3667 a	HC/Np	13dBc
1	9	1		וּ/בְנֵ֣י	c/1121 a	HC/Ncmpc	13nAB
1	9	2		כ֔וּשׁ	3568 a	HNp	13kfX
1	9	3		סְבָא֙	5434	HNp	13Wkf
1	9	4		וַ/חֲוִילָ֔ה	c/2341	HC/Np	13wrL
1	9	5		וְ/סַבְתָּ֥א	c/5454	HC/Np	133TL
1	9	6		וְ/רַעְמָ֖א	c/7484	HC/Np	13LeN
1	9	7		וְ/סַבְתְּכָ֑א	c/5455	HC/Np	13sMn
1	9	8		וּ/בְנֵ֥י	c/1121 a	HC/Ncmpc	13Y3z
1	9	9		רַעְמָ֖א	7484	HNp	13NQN
1	9	10		שְׁבָ֥א	7614	HNp	13uLf
1	9	11		וּ/דְדָֽן	c/1719 a	HC/Np	13kA7
1	10	1		וְ/כ֖וּשׁ	c/3568 a	HC/Np	133TS
1	10	2		יָלַ֣ד	3205	HVqp3ms	13NFp
1	10	3		אֶת	853	HTo	137am
1	10	4		נִמְר֑וֹד	5248	HNp	13hh7
1	10	5		ה֣וּא	1931	HPp3ms	13BsK
1	10	6		הֵחֵ֔ל	2490 c	HVhp3ms	13fsu
1	10	7		לִ/הְי֥וֹת	l/1961	HR/Vqc	138M6
1	10	8		גִּבּ֖וֹר	1368	HAamsa	13wM5
1	10	9		בָּ/אָֽרֶץ	b/776	HRd/Ncbsa	13qty
1	11	1		וּ/מִצְרַ֡יִם	c/4714	HC/Np	135gQ
1	11	2		יָלַ֞ד	3205	HVqp3ms	13Xw6
1	11	3		אֶת	853	HTo	13eHJ
1	11	4	x-ketiv	לודיים	3866	HNp	13H6L
1	11	5		לוּדִ֧ים	3866	HNp	13bmv
1	11	6		וְ/אֶת	c/853	HC/To	13FV9
1	11	7		עֲנָמִ֛ים	6047	HNp	13Xm1
1	11	8		וְ/אֶת	c/853	HC/To	13UE6
1	11	9		לְהָבִ֖ים	3853	HNp	13goK
1	11	10		וְ/אֶת	c/853	HC/To	13CyH
1	11	11		נַפְתֻּחִֽים	5320	HNp	13A4a
1	12	1		וְֽ/אֶת	c/853	HC/To	135Pr
1	12	2		פַּתְרֻסִ֞ים	6625	HNp	13L4k
1	12	3		וְ/אֶת	c/853	HC/To	13Mnv
1	12	4		כַּסְלֻחִ֗ים	3695	HNp	13mwU
1	12	5		אֲשֶׁ֨ר	834 a	HTr	13tKT
1	12	6		יָצְא֥וּ	3318	HVqp3cp	13NRT
1	12	7		מִ/שָּׁ֛ם	m/8033	HR/D	13sRU
1	12	8		פְּלִשְׁתִּ֖ים	6430	HNgmpa	13Wxq
1	12	9		וְ/אֶת	c/853	HC/To	139qY
1	12	10		כַּפְתֹּרִֽים	3732	HNgmpa	13n5f
1	13	1		וּ/כְנַ֗עַן	c/3667 a	HC/Np	13YUq
1	13	2		יָלַ֛ד	3205	HVqp3ms	13fQr
1	13	3		אֶת	853	HTo	13L7t
1	13	4		צִיד֥וֹן	6721	HNp	13A74
1	13	5		בְּכֹר֖/וֹ	1060	HNcmsc/Sp3ms	13dNE
1	13	6		וְ/אֶת	c/853	HC/To	13xdF
1	13	7		חֵֽת	2845	HNp	13AYg
1	14	1		וְ/אֶת	c/853	HC/To	13Ls9
1	14	2		הַ/יְבוּסִי֙	d/2983	HTd/Ngmsa	13Snp
1	14	3		וְ/אֶת	c/853	HC/To	1387B
1	14	4		הָ֣/אֱמֹרִ֔י	d/567	HTd/Ngmsa	13nLp
1	14	5		וְ/אֵ֖ת	c/853	HC/To	13PzC
1	14	6		הַ/גִּרְגָּשִֽׁי	d/1622	HTd/Ngmsa	13NPq
1	15	1		וְ/אֶת	c/853	HC/To	13d5m
1	15	2		הַ/חִוִּ֥י	d/2340	HTd/Ngmsa	13BYa
1	15	3		וְ/אֶת	c/853	HC/To	13LJh
1	15	4		הַֽ/עַרְקִ֖י	d/6208	HTd/Ngmsa	13tRR
1	15	5		וְ/אֶת	c/853	HC/To	13Q7E
1	15	6		הַ/סִּינִֽי	d/5513	HTd/Ngmsa	13dv1
1	16	1		וְ/אֶת	c/853	HC/To	13QwM
1	16	2		הָ/אַרְוָדִ֥י	d/721	HTd/Ngmsa	13a62
1	16	3		וְ/אֶת	c/853	HC/To	13KvD
1	16	4		הַ/צְּמָרִ֖י	d/6786	HTd/Ngmsa	13GLz
1	16	5		וְ/אֶת	c/853	HC/To	13BU7
1	16	6		הַֽ/חֲמָתִֽי	d/2577	HTd/Ngmsa	13iy2
1	17	1		בְּנֵ֣י	1121 a	HNcmpc	13zQ2
1	17	2		שֵׁ֔ם	8035	HNp	13Wxx
1	17	3		עֵילָ֣ם	5867 a	HNp	13jQ8
1	17	4		וְ/אַשּׁ֔וּר	c/804	HC/Np	13Haa
1	17	5		וְ/אַרְפַּכְשַׁ֖ד	c/775	HC/Np	13fJN
1	17	6		וְ/ל֣וּד	c/3865	HC/Np	139KV
1	17	7		וַ/אֲרָ֑ם	c/758	HC/Np	13F1s
1	17	8		וְ/ע֥וּץ	c/5780	HC/Np	13dns
1	17	9		וְ/ח֖וּל	c/2343	HC/Np	13GK3
1	17	10		וְ/גֶ֥תֶר	c/1666	HC/Np	13nRZ
1	17	11		וָ/מֶֽשֶׁךְ	c/4902	HC/Np	13cpb
1	18	1		וְ/אַרְפַּכְשַׁ֖ד	c/775	HC/Np	13zio
1	18	2		יָלַ֣ד	3205	HVqp3ms	13Qsh
1	18	3		אֶת	853	HTo	13zTj
1	18	4		שָׁ֑לַח	7974	HNp	13fPi
1	18	5		וְ/שֶׁ֖לַח	c/7974	HC/Np	13GYe
1	18	6		יָלַ֥ד	3205	HVqp3ms	13Bbz
1	18	7		אֶת	853	HTo	13VA9
1	18	8		עֵֽבֶר	5677	HNp	13fV3
1	19	1		וּ/לְ/עֵ֥בֶר	c/l/5677	HC/R/Np	13Sov
1	19	2		יֻלַּ֖ד	3205	HVPp3ms	13V27
1	19	3		שְׁנֵ֣י	8147	HAcmdc	13ifp
1	19	4		בָנִ֑ים	1121 a	HNcmpa	137ZG
1	19	5		שֵׁ֣ם	8034	HNcmsc	13B2d
1	19	6		הָ/אֶחָ֞ד	d/259	HTd/Acmsa	13ewe
1	19	7		פֶּ֗לֶג	6389	HNp	13SV6
1	19	8		כִּ֤י	3588 a	HC	13G83
1	19	9		בְ/יָמָי/ו֙	b/3117	HR/Ncmpc/Sp3ms	13vzS
1	19	10		נִפְלְגָ֣ה	6385	HVNp3fs	13Gq9
1	19	11		הָ/אָ֔רֶץ	d/776	HTd/Ncbsa	133y8
1	19	12		וְ/שֵׁ֥ם	c/8034	HC/Ncmsc	13TXw
1	19	13		אָחִ֖י/ו	251	HNcmsc/Sp3ms	13Y4K
1	19	14		יָקְטָֽן	3355	HNp	13C32
1	20	1		וְ/יָקְטָ֣ן	c/3355	HC/Np	13aMT
1	20	2		יָלַ֔ד	3205	HVqp3ms	13Cof
1	20	3		אֶת	853	HTo	13YWU
1	20	4		אַלְמוֹדָ֖ד	486	HNp	13rAQ
1	20	5		וְ/אֶת	c/853	HC/To	13fLi
1	20	6		שָׁ֑לֶף	8026	HNp	13Ptj
1	20	7		וְ/אֶת	c/853	HC/To	13AJj
1	20	8		חֲצַרְמָ֖וֶת	2700	HNp	139Hv
1	20	9		וְ/אֶת	c/853	HC/To	13j1i
1	20	10		יָֽרַח	3392	HNp	13J9J
1	21	1		וְ/אֶת	c/853	HC/To	13U4n
1	21	2		הֲדוֹרָ֥ם	1913 a	HNp	132Kt
1	21	3		וְ/אֶת	c/853	HC/To	13RmH
1	21	4		אוּזָ֖ל	187	HNp	13SWL
1	21	5		וְ/אֶת	c/853	HC/To	1375P
1	21	6		דִּקְלָֽה	1853	HNp	133Lj
1	22	1		וְ/אֶת	c/853	HC/To	13Qa3
1	22	2		עֵיבָ֥ל	5858 a	HNp	13WTe
1	22	3		וְ/אֶת	c/853	HC/To	136VM
1	22	4		אֲבִימָאֵ֖ל	39	HNp	13sKn
1	22	5		וְ/אֶת	c/853	HC/To	13oAj
1	22	6		שְׁבָֽא	7614	HNp	13AxB
1	23	1		וְ/אֶת	c/853	HC/To	13Ap3
1	23	2		אוֹפִ֥יר	211	HNp	13CEu
1	23	3		וְ/אֶת	c/853	HC/To	13zpy
1	23	4		חֲוִילָ֖ה	2341	HNp	13FiN
1	23	5		וְ/אֶת	c/853	HC/To	13cLk
1	23	6		יוֹבָ֑ב	3103	HNp	1392v
1	23	7		כָּל	3605	HNcmsc	13j63
1	23	8		אֵ֖לֶּה	428	HPdxcp	13LFW
1	23	9		בְּנֵ֥י	1121 a	HNcmpc	13FbT
1	23	10		יָקְטָֽן	3355	HNp	13Bx7
1	24	1		שֵׁ֥ם	8035	HNp	13btu
1	24	2		אַרְפַּכְשַׁ֖ד	775	HNp	13rTK
1	24	3		שָֽׁלַח	7974	HNp	13SHw
1	25	1		עֵ֥בֶר	5677	HNp	13VuH
1	25	2		פֶּ֖לֶג	6389	HNp	13Axb
1	25	3		רְעֽוּ	7466	HNp	13xva
1	26	1		שְׂר֥וּג	8286	HNp	13NrT
1	26	2		נָח֖וֹר	5152	HNp	13iAD
1	26	3		תָּֽרַח	8646	HNp	13372
1	27	1		אַבְרָ֖ם	87	HNp	13FMU
1	27	2		ה֥וּא	1931	HPp3ms	13SaV
1	27	3		אַבְרָהָֽם	85	HNp	134W9
1	28	1		בְּנֵי֙	1121 a	HNcmpc	13MmM
1	28	2		אַבְרָהָ֔ם	85	HNp	13wJn
1	28	3		יִצְחָ֖ק	3327	HNp	13CQo
1	28	4		וְ/יִשְׁמָעֵֽאל	c/3458	HC/Np	13XyU
1	29	1		אֵ֖לֶּה	428	HPdxcp	13BG4
1	29	2		תֹּלְדוֹתָ֑/ם	8435	HNcfpc/Sp3mp	13YHH
1	29	3		בְּכ֤וֹר	1060	HNcmsc	13sHf
1	29	4		יִשְׁמָעֵאל֙	3458	HNp	13iee
1	29	5		נְבָי֔וֹת	5032	HNp	133eS
1	29	6		וְ/קֵדָ֥ר	c/6938	HC/Np	13ddd
1	29	7		וְ/אַדְבְּאֵ֖ל	c/110	HC/Np	13hxo
1	29	8		וּ/מִבְשָֽׂם	c/4017	HC/Np	13TW6
1	30	1		מִשְׁמָ֣ע	4927	HNp	13PVx
1	30	2		וְ/דוּמָ֔ה	c/1746	HC/Np	13PGK
1	30	3		מַשָּׂ֖א	4854	HNp	13U4a
1	30	4		חֲדַ֥ד	2301	HNp	13dSQ
1	30	5		וְ/תֵימָֽא	c/8485	HC/Np	13Qbs
1	31	1		יְט֥וּר	3195	HNp	13ndZ
1	31	2		נָפִ֖ישׁ	5305	HNp	13Xa1
1	31	3		וָ/קֵ֑דְמָה	c/6929	HC/Np	133yJ
1	31	4		אֵ֥לֶּה	428	HPdxcp	13B6c
1	31	5		הֵ֖ם	1992	HPp3mp	13bju
1	31	6		בְּנֵ֥י	1121 a	HNcmpc	13cn3
1	31	7		יִשְׁמָעֵֽאל	3458	HNp	137mS
1	32	1		וּ/בְנֵ֨י	c/1121 a	HC/Ncmpc	13dJe
1	32	2		קְטוּרָ֜ה	6989	HNp	13WvG
1	32	3		פִּילֶ֣גֶשׁ	6370	HNcfsc	13RXg
1	32	4		אַבְרָהָ֗ם	85	HNp	13pqY
1	32	5		יָלְדָ֞ה	3205	HVqp3fs	13n9v
1	32	6		אֶת	853	HTo	13gYe
1	32	7		זִמְרָ֧ן	2175	HNp	13eXj
1	32	8		וְ/יָקְשָׁ֛ן	c/3370	HC/Np	138ro
1	32	9		וּ/מְדָ֥ן	c/4091	HC/Np	13v5z
1	32	10		וּ/מִדְיָ֖ן	c/4080	HC/Np	13bCC
1	32	11		וְ/יִשְׁבָּ֣ק	c/3435	HC/Np	136By
1	32	12		וְ/שׁ֑וּחַ	c/7744	HC/Np	13CZB
1	32	13		וּ/בְנֵ֥י	c/1121 a	HC/Ncmpc	13VTb
1	32	14		יָקְשָׁ֖ן	3370	HNp	136qf
1	32	15		שְׁבָ֥א	7614	HNp	13efz
1	32	16		וּ/דְדָֽן	c/1719 a	HC/Np	13QG5
1	33	1		וּ/בְנֵ֣י	c/1121 a	HC/Ncmpc	133k3
1	33	2		מִדְיָ֗ן	4080	HNp	131rL
1	33	3		עֵיפָ֤ה	5891	HNp	13W2c
1	33	4		וָ/עֵ֨פֶר֙	c/6081	HC/Np	13mL3
1	33	5		וַ/חֲנ֔וֹךְ	c/2585	HC/Np	13zfc
1	33	6		וַ/אֲבִידָ֖ע	c/28	HC/Np	13sYp
1	33	7		וְ/אֶלְדָּעָ֑ה	c/420	HC/Np	13GvF
1	33	8		כָּל	3605	HNcmsc	13dAC
1	33	9		אֵ֖לֶּה	428	HPdxcp	13i4W
1	33	10		בְּנֵ֥י	1121 a	HNcmpc	13chR
1	33	11		קְטוּרָֽה	6989	HNp	13Ddq
1	34	1		וַ/יּ֥וֹלֶד	c/3205	HC/Vhw3ms	13dSp
1	34	2		אַבְרָהָ֖ם	85	HNp	13ecS
1	34	3		אֶת	853	HTo	132tG
1	34	4		יִצְחָ֑ק	3327	HNp	13Xzm
1	34	5		בְּנֵ֣י	1121 a	HNcmpc	13CCj
1	34	6		יִצְחָ֔ק	3327	HNp	13gV8
1	34	7		עֵשָׂ֖ו	6215	HNp	13Czz
1	34	8		וְ/יִשְׂרָאֵֽל	c/3478	HC/Np	13uXX
1	35	1		בְּנֵ֖י	1121 a	HNcmpc	13xCL
1	35	2		עֵשָׂ֑ו	6215	HNp	13Qnr
1	35	3		אֱלִיפַ֛ז	464	HNp	136kU
1	35	4		רְעוּאֵ֥ל	7467	HNp	13qry
1	35	5		וִ/יע֖וּשׁ	c/3266	HC/Np	13bvP
1	35	6		וְ/יַעְלָ֥ם	c/3281	HC/Np	13wjj
1	35	7		וְ/קֹֽרַח	c/7141	HC/Np	13Tn7
1	36	1		בְּנֵ֖י	1121 a	HNcmpc	13hEs
1	36	2		אֱלִיפָ֑ז	464	HNp	13xAF
1	36	3		תֵּימָ֤ן	8487	HNp	13qg1
1	36	4		וְ/אוֹמָר֙	c/201	HC/Np	136w9
1	36	5		צְפִ֣י	6825	HNp	13wA4
1	36	6		וְ/גַעְתָּ֔ם	c/1609	HC/Np	13ibe
1	36	7		קְנַ֖ז	7073	HNp	13v8V
1	36	8		וְ/תִמְנָ֥ע	c/8555	HC/Np	13T2S
1	36	9		וַ/עֲמָלֵֽק	c/6002	HC/Np	13tkJ
1	37	1		בְּנֵ֖י	1121 a	HNcmpc	13EXL
1	37	2		רְעוּאֵ֑ל	7467	HNp	13ZPN
1	37	3		נַ֥חַת	5184	HNp	13q1G
1	37	4		זֶ֖רַח	2226	HNp	13bYD
1	37	5		שַׁמָּ֥ה	8048	HNp	13v2F
1	37	6		וּ/מִזָּֽה	c/4199	HC/Np	137vt
1	38	1		וּ/בְנֵ֣י	c/1121 a	HC/Ncmpc	13kDm
1	38	2		שֵׂעִ֔יר	8165 b	HNp	13doW
1	38	3		לוֹטָ֥ן	3877	HNp	13eRa
1	38	4		וְ/שׁוֹבָ֖ל	c/7732	HC/Np	13kDf
1	38	5		וְ/צִבְע֣וֹן	c/6649	HC/Np	1363G
1	38	6		וַֽ/עֲנָ֑ה	c/6034	HC/Np	13WPn
1	38	7		וְ/דִישֹׁ֥ן	c/1787	HC/Np	131jv
1	38	8		וְ/אֵ֖צֶר	c/687	HC/Np	13cK8
1	38	9		וְ/דִישָֽׁן	c/1789	HC/Np	13DDb
1	39	1		וּ/בְנֵ֥י	c/1121 a	HC/Ncmpc	13RCg
1	39	2		לוֹטָ֖ן	3877	HNp	135KE
1	39	3		חֹרִ֣י	2753	HNp	13qVd
1	39	4		וְ/הוֹמָ֑ם	c/1950	HC/Np	13koG
1	39	5		וַ/אֲח֥וֹת	c/269	HC/Ncfsc	13e6B
1	39	6		לוֹטָ֖ן	3877	HNp	138GY
1	39	7		תִּמְנָֽע	8555	HNp	13GpK
1	40	1		בְּנֵ֣י	1121 a	HNcmpc	1368C
1	40	2		שׁוֹבָ֔ל	7732	HNp	13CMz
1	40	3		עַלְיָ֧ן	5935	HNp	13D4c
1	40	4		וּ/מָנַ֛חַת	c/4506 b	HC/Np	13ta1
1	40	5		וְ/עֵיבָ֖ל	c/5858 b	HC/Np	13JnD
1	40	6		שְׁפִ֣י	8195	HNp	13jfz
1	40	7		וְ/אוֹנָ֑ם	c/208	HC/Np	13ErQ
1	40	8		וּ/בְנֵ֥י	c/1121 a	HC/Ncmpc	134fv
1	40	9		צִבְע֖וֹן	6649	HNp	13yDv
1	40	10		אַיָּ֥ה	345	HNp	13jyT
1	40	11		וַ/עֲנָֽה	c/6034	HC/Np	13Unh
1	41	1		בְּנֵ֥י	1121 a	HNcmpc	13QH2
1	41	2		עֲנָ֖ה	6034	HNp	13xxn
1	41	3		דִּישׁ֑וֹן	1787	HNp	13ou4
1	41	4		וּ/בְנֵ֣י	c/1121 a	HC/Ncmpc	133KZ
1	41	5		דִישׁ֔וֹן	1787	HNp	13jNE
1	41	6		חַמְרָ֥ן	2566	HNp	13hj3
1	41	7		וְ/אֶשְׁבָּ֖ן	c/790	HC/Np	13iDs
1	41	8		וְ/יִתְרָ֥ן	c/3506	HC/Np	136Lo
1	41	9		וּ/כְרָֽן	c/3763	HC/Np	13JZq
1	42	1		בְּֽנֵי	1121 a	HNcmpc	13ZpQ
1	42	2		אֵ֔צֶר	687	HNp	139gS
1	42	3		בִּלְהָ֥ן	1092	HNp	13LAe
1	42	4		וְ/זַעֲוָ֖ן	c/2190	HC/Np	13qK3
1	42	5		יַעֲקָ֑ן	3292	HNp	131Cv
1	42	6		בְּנֵ֥י	1121 a	HNcmpc	13PBQ
1	42	7		דִישׁ֖וֹן	1787	HNp	13mr5
1	42	8		ע֥וּץ	5780	HNp	13QDu
1	42	9		וַ/אֲרָֽן	c/765	HC/Np	13PbY
1	43	1		וְ/אֵ֣לֶּה	c/428	HC/Pdxcp	13Ew6
1	43	2		הַ/מְּלָכִ֗ים	d/4428	HTd/Ncmpa	1374R
1	43	3		אֲשֶׁ֤ר	834 a	HTr	136zt
1	43	4		מָלְכוּ֙	4427 a	HVqp3cp	13zEm
1	43	5		בְּ/אֶ֣רֶץ	b/776	HR/Ncbsc	132dm
1	43	6		אֱד֔וֹם	123	HNp	13uYh
1	43	7		לִ/פְנֵ֥י	l/6440	HR/Ncbpc	13YxK
1	43	8		מְלָךְ	4427 a	HVqc	13aSJ
1	43	9		מֶ֖לֶךְ	4428	HNcmsa	13Kz2
1	43	10		לִ/בְנֵ֣י	l/1121 a	HR/Ncmpc	13YhQ
1	43	11		יִשְׂרָאֵ֑ל	3478	HNp	13azZ
1	43	12		בֶּ֚לַע	1106 a	HNp	13oiy
1	43	13		בֶּן	1121 a	HNcmsc	13gPX
1	43	14		בְּע֔וֹר	1160	HNp	13gtq
1	43	15		וְ/שֵׁ֥ם	c/8034	HC/Ncmsc	13HSQ
1	43	16		עִיר֖/וֹ	5892 b	HNcfsc/Sp3ms	13fbB
1	43	17		דִּנְהָֽבָה	1838	HNp	13k1L
1	44	1		וַ/יָּ֖מָת	c/4191	HC/Vqw3ms	132tS
1	44	2		בָּ֑לַע	1106 a	HNp	13EVu
1	44	3		וַ/יִּמְלֹ֣ךְ	c/4427 a	HC/Vqw3ms	13ygU
1	44	4		תַּחְתָּ֔י/ו	8478	HR/Sp3ms	13swV
1	44	5		יוֹבָ֥ב	3103	HNp	13HjU
1	44	6		בֶּן	1121 a	HNcmsc	13d3U
1	44	7		זֶ֖רַח	2226	HNp	13NtK
1	44	8		מִ/בָּצְרָֽה	m/1224	HR/Np	13U94
1	45	1		וַ/יָּ֖מָת	c/4191	HC/Vqw3ms	13zqr
1	45	2		יוֹבָ֑ב	3103	HNp	136JA
1	45	3		וַ/יִּמְלֹ֣ךְ	c/4427 a	HC/Vqw3ms	13JyD
1	45	4		תַּחְתָּ֔י/ו	8478	HR/Sp3ms	13jjy
1	45	5		חוּשָׁ֖ם	2367	HNp	1379E
1	45	6		מֵ/אֶ֥רֶץ	m/776	HR/Ncbsc	13Zuo
1	45	7		הַ/תֵּימָנִֽי	d/8489	HTd/Ngmsa	13LXS
1	46	1		וַ/יָּ֖מָת	c/4191	HC/Vqw3ms	13mR4
1	46	2		חוּשָׁ֑ם	2367	HNp	13MC8
1	46	3		וַ/יִּמְלֹ֨ךְ	c/4427 a	HC/Vqw3ms	13BnR
1	46	4		תַּחְתָּ֜י/ו	8478	HR/Sp3ms	13PUg
1	46	5		הֲדַ֣ד	1908	HNp	13pUN
1	46	6		בֶּן	1121 a	HNcmsc	13gc8
1	46	7		בְּדַ֗ד	911	HNp	13Lsp
1	46	8		הַ/מַּכֶּ֤ה	d/5221	HTd/Vhrmsa	13SAE
1	46	9		אֶת	853	HTo	133gY
1	46	10		מִדְיָן֙	4080	HNp	13RuM
1	46	11		בִּ/שְׂדֵ֣ה	b/7704 b	HR/Ncmsc	13WFU
1	46	12		מוֹאָ֔ב	4124	HNp	13BJv
1	46	13		וְ/שֵׁ֥ם	c/8034	HC/Ncmsc	13ExP
1	46	14		עִיר֖/וֹ	5892 b	HNcfsc/Sp3ms	13ypu
1	46	15	x-ketiv	עיות	5762	HNp	13mP3
1	46	16		עֲוִֽית	5762	HNp	13V8b
1	47	1		וַ/יָּ֖מָת	c/4191	HC/Vqw3ms	13suQ
1	47	2		הֲדָ֑ד	1908	HNp	131Su
1	47	3		וַ/יִּמְלֹ֣ךְ	c/4427 a	HC/Vqw3ms	13MEz
1	47	4		תַּחְתָּ֔י/ו	8478	HR/Sp3ms	13Q2u
1	47	5		שַׂמְלָ֖ה	8072	HNp	13yT5
1	47	6		מִ/מַּשְׂרֵקָֽה	m/4957	HR/Np	13b5Q
1	48	1		וַ/יָּ֖מָת	c/4191	HC/Vqw3ms	13F88
1	48	2		שַׂמְלָ֑ה	8072	HNp	13AXb
1	48	3		וַ/יִּמְלֹ֣ךְ	c/4427 a	HC/Vqw3ms	13Wjz
1	48	4		תַּחְתָּ֔י/ו	8478	HR/Sp3ms	13bPJ
1	48	5		שָׁא֖וּל	7586	HNp	13hS1
1	48	6		מֵ/רְחֹב֥וֹת	m/7344	HR/Np	13h53
1	48	7		הַ/נָּהָֽר	d/5104	HTd/Ncmsa	13vpK
1	49	1		וַ/יָּ֖מָת	c/4191	HC/Vqw3ms	13G6E
1	49	2		שָׁא֑וּל	7586	HNp	134vX
1	49	3		וַ/יִּמְלֹ֣ךְ	c/4427 a	HC/Vqw3ms	13X1R
1	49	4		תַּחְתָּ֔י/ו	8478	HR/Sp3ms	13bsu
1	49	5		בַּ֥עַל	1177+	HNp	13Ygn
1	49	6		חָנָ֖ן	1177	HNp	132gM
1	49	7		בֶּן	1121 a	HNcmsc	13pAw
1	49	8		עַכְבּֽוֹר	5907	HNp	13mVV
1	50	1		וַ/יָּ֨מָת֙	c/4191	HC/Vqw3ms	13FMa
1	50	2		בַּ֣עַל	1177+	HNp	13KPU
1	50	3		חָנָ֔ן	1177	HNp	13ki2
1	50	4		וַ/יִּמְלֹ֤ךְ	c/4427 a	HC/Vqw3ms	135pZ
1	50	5		תַּחְתָּי/ו֙	8478	HR/Sp3ms	13HWo
1	50	6		הֲדַ֔ד	1908	HNp	13zkA
1	50	7		וְ/שֵׁ֥ם	c/8034	HC/Ncmsc	13JMT
1	50	8		עִיר֖/וֹ	5892 b	HNcfsc/Sp3ms	13jEX
1	50	9		פָּ֑עִי	6464	HNp	13uUA
1	50	10		וְ/שֵׁ֨ם	c/8034	HC/Ncmsc	13tKf
1	50	11		אִשְׁתּ֤/וֹ	802	HNcfsc/Sp3ms	13awE
1	50	12		מְהֵיטַבְאֵל֙	4105	HNp	13yNT
1	50	13		בַּת	1323	HNcfsc	13Azu
1	50	14		מַטְרֵ֔ד	4308	HNp	13884
1	50	15		בַּ֖ת	1323	HNcfsc	13XMu
1	50	16		מֵ֥י	4314+	HNp	13mrn
1	50	17		זָהָֽב	4314	HNp	13Xh9
1	51	1		וַ/יָּ֖מָת	c/4191	HC/Vqw3ms	13D3a
1	51	2		הֲדָ֑ד	1908	HNp	13wEr
1	51	3		וַ/יִּהְיוּ֙	c/1961	HC/Vqw3mp	13Rvc
1	51	4		אַלּוּפֵ֣י	441 b	HNcmpc	13c6V
1	51	5		אֱד֔וֹם	123	HNp	138eM
1	51	6		אַלּ֥וּף	441 b	HNcmsa	13xkK
1	51	7		תִּמְנָ֛ע	8555	HNp	13rGa
1	51	8		אַלּ֥וּף	441 b	HNcmsa	13fp1
1	51	9	x-ketiv	עליה	5933	HNp	13Y9g
1	51	10		עַֽלְוָ֖ה	5933	HNp	13mGU
1	51	11		אַלּ֥וּף	441 b	HNcmsa	13gBW
1	51	12		יְתֵֽת	3509	HNp	13eLD
1	52	1		אַלּ֧וּף	441 b	HNcmsa	1393F
1	52	2		אָהֳלִיבָמָ֛ה	173	HNp	13eyL
1	52	3		אַלּ֥וּף	441 b	HNcmsa	13pm7
1	52	4		אֵלָ֖ה	425	HNp	13teU
1	52	5		אַלּ֥וּף	441 b	HNcmsa	13c58
1	52	6		פִּינֹֽן	6373	HNp	13MRA
1	53	1		אַלּ֥וּף	441 b	HNcmsa	13xp4
1	53	2		קְנַ֛ז	7073	HNp	13Hki
1	53	3		אַלּ֥וּף	441 b	HNcmsa	13QvZ
1	53	4		תֵּימָ֖ן	8487	HNp	13S38
1	53	5		אַלּ֣וּף	441 b	HNcmsa	13eN1
1	53	6		מִבְצָֽר	4014	HNp	13HoD
1	54	1		אַלּ֥וּף	441 b	HNcmsa	13P5s
1	54	2		מַגְדִּיאֵ֖ל	4025	HNp	135QX
1	54	3		אַלּ֣וּף	441 b	HNcmsa	13Mxy
1	54	4		עִירָ֑ם	5902	HNp	13w6u
1	54	5		אֵ֖לֶּה	428	HPdxcp	13e3z
1	54	6		אַלּוּפֵ֥י	441 b	HNcmpc	132c6
1	54	7		אֱדֽוֹם	123	HNp	133RL
2	1	1		אֵ֖לֶּה	428	HPdxcp	13JUf
2	1	2		בְּנֵ֣י	1121 a	HNcmpc	13ce9
2	1	3		יִשְׂרָאֵ֑ל	3478	HNp	13dPK
2	1	4		רְאוּבֵ֤ן	7205	HNp	13vLv
2	1	5		שִׁמְעוֹן֙	8095	HNp	13UrG
2	1	6		לֵוִ֣י	3878	HNp	13Sxc
2	1	7		וִ/יהוּדָ֔ה	c/3063	HC/Np	13xwN
2	1	8		יִשָׂשכָ֖ר	3485	HNp	13GjY
2	1	9		וּ/זְבֻלֽוּן	c/2074	HC/Np	13KNo
2	2	1		דָּ֚ן	1835	HNp	13NLD
2	2	2		יוֹסֵ֣ף	3130	HNp	13GUh
2	2	3		וּ/בִנְיָמִ֔ן	c/1144	HC/Np	135aF
2	2	4		נַפְתָּלִ֖י	5321	HNp	13taY
2	2	5		גָּ֥ד	1410	HNp	13EZz
2	2	6		וְ/אָשֵֽׁר	c/836	HC/Np	13Hnw
2	3	1		בְּנֵ֣י	1121 a	HNcmpc	13pXi
2	3	2		יְהוּדָ֗ה	3063	HNp	13Nq4
2	3	3		עֵ֤ר	6147	HNp	13rZH
2	3	4		וְ/אוֹנָן֙	c/209	HC/Np	13GtT
2	3	5		וְ/שֵׁלָ֔ה	c/7956	HC/Np	13kwz
2	3	6		שְׁלוֹשָׁה֙	7969	HAcmsa	13tc4
2	3	7		נ֣וֹלַד	3205	HVNp3ms	13CMD
2	3	8		ל֔/וֹ	l	HR/Sp3ms	135eq
2	3	9		מִ/בַּת	m/1323	HR/Ncfsc	13Cj2
2	3	10		שׁ֖וּעַ	7774	HNp	13Ttm
2	3	11		הַֽ/כְּנַעֲנִ֑ית	d/3669 a	HTd/Ngfsa	136Vi
2	3	12		וַ/יְהִ֞י	c/1961	HC/Vqw3ms	13V8W
2	3	13		עֵ֣ר	6147	HNp	13zg2
2	3	14		בְּכ֣וֹר	1060	HNcmsc	13gXh
2	3	15		יְהוּדָ֗ה	3063	HNp	133iR
2	3	16		רַ֛ע	7451 a	HAamsa	13RoG
2	3	17		בְּ/עֵינֵ֥י	b/5869 a	HR/Ncbdc	13jP7
2	3	18		יְהוָ֖ה	3068	HNp	13vCn
2	3	19		וַ/יְמִיתֵֽ/הוּ	c/4191	HC/Vhw3ms/Sp3ms	13jv3
2	4	1		וְ/תָמָר֙	c/8559	HC/Np	13ggL
2	4	2		כַּלָּת֔/וֹ	3618	HNcfsc/Sp3ms	13MVq
2	4	3		יָ֥לְדָה	3205	HVqp3fs	13g1y
2	4	4		לּ֖/וֹ	l	HR/Sp3ms	13CBH
2	4	5		אֶת	853	HTo	133t6
2	4	6		פֶּ֣רֶץ	6557	HNp	13g33
2	4	7		וְ/אֶת	c/853	HC/To	13LDn
2	4	8		זָ֑רַח	2226	HNp	133jG
2	4	9		כָּל	3605	HNcmsc	13WDP
2	4	10		בְּנֵ֥י	1121 a	HNcmpc	13eeF
2	4	11		יְהוּדָ֖ה	3063	HNp	13idA
2	4	12		חֲמִשָּֽׁה	2568	HAcmsa	13Z4D
2	5	1		בְּנֵי	1121 a	HNcmpc	13VMC
2	5	2		פֶ֖רֶץ	6557	HNp	13K8W
2	5	3		חֶצְר֥וֹן	2696	HNp	136RX
2	5	4		וְ/חָמֽוּל	c/2538	HC/Np	13bYm
2	6	1		וּ/בְנֵ֣י	c/1121 a	HC/Ncmpc	13M7H
2	6	2		זֶ֗רַח	2226	HNp	13gcK
2	6	3		זִ֠מְרִי	2174 a	HNp	13p7s
2	6	4		וְ/אֵיתָ֧ן	c/387	HC/Np	13ZBR
2	6	5		וְ/הֵימָ֛ן	c/1968	HC/Np	13ACh
2	6	6		וְ/כַלְכֹּ֥ל	c/3633	HC/Np	13mnL
2	6	7		וָ/דָ֖רַע	c/1873	HC/Np	1389r
2	6	8		כֻּלָּ֥/ם	3605	HNcmsc/Sp3mp	13GmF
2	6	9		חֲמִשָּֽׁה	2568	HAcmsa	13fcv
2	7	1		וּ/בְנֵ֖י	c/1121 a	HC/Ncmpc	13knb
2	7	2		כַּרְמִ֑י	3756	HNp	13Qpj
2	7	3		עָכָר֙	5917	HNp	13MDS
2	7	4		עוֹכֵ֣ר	5916	HVqrmsa	13YBx
2	7	5		יִשְׂרָאֵ֔ל	3478	HNp	13kMZ
2	7	6		אֲשֶׁ֥ר	834 a	HTr	13uqC
2	7	7		מָעַ֖ל	4603	HVqp3ms	13VY5
2	7	8		בַּ/חֵֽרֶם	b/2764 a	HRd/Ncmsa	13WJY
2	8	1		וּ/בְנֵ֥י	c/1121 a	HC/Ncmpc	13brh
2	8	2		אֵיתָ֖ן	387	HNp	13w1U
2	8	3		עֲזַרְיָֽה	5838	HNp	13aqT
2	9	1		וּ/בְנֵ֥י	c/1121 a	HC/Ncmpc	13zXi
2	9	2		חֶצְר֖וֹן	2696	HNp	13H8a
2	9	3		אֲשֶׁ֣ר	834 a	HTr	13Sjh
2	9	4		נוֹלַד	3205	HVNp3ms	13oYp
2	9	5		ל֑/וֹ	l	HR/Sp3ms	13Pht
2	9	6		אֶת	853	HTo	13idy
2	9	7		יְרַחְמְאֵ֥ל	3396	HNp	13PU6
2	9	8		וְ/אֶת	c/853	HC/To	13FCP
2	9	9		רָ֖ם	7410	HNp	13YuY
2	9	10		וְ/אֶת	c/853	HC/To	138Js
2	9	11		כְּלוּבָֽי	3621	HNp	13FyK
2	10	1		וְ/רָ֖ם	c/7410	HC/Np	13XjR
2	10	2		הוֹלִ֣יד	3205	HVhp3ms	13jaD
2	10	3		אֶת	853	HTo	13W7V
2	10	4		עַמִּינָדָ֑ב	5992	HNp	13U2Y
2	10	5		וְ/עַמִּינָדָב֙	c/5992	HC/Np	138na
2	10	6		הוֹלִ֣יד	3205	HVhp3ms	13sgw
2	10	7		אֶת	853	HTo	13MDX
2	10	8		נַחְשׁ֔וֹן	5177	HNp	13pPp
2	10	9		נְשִׂ֖יא	5387 a	HNcmsc	13ieN
2	10	10		בְּנֵ֥י	1121 a	HNcmpc	13Csj
2	10	11		יְהוּדָֽה	3063	HNp	13rHn
2	11	1		וְ/נַחְשׁוֹן֙	c/5177	HC/Np	13ViB
2	11	2		הוֹלִ֣יד	3205	HVhp3ms	13CFo
2	11	3		אֶת	853	HTo	135Ja
2	11	4		שַׂלְמָ֔א	8007	HNp	13UXS
2	11	5		וְ/שַׂלְמָ֖א	c/8007	HC/Np	13YQ8
2	11	6		הוֹלִ֥יד	3205	HVhp3ms	13Abd
2	11	7		אֶת	853	HTo	132UV
2	11	8		בֹּֽעַז	1162	HNp	13ZtS
2	12	1		וּ/בֹ֨עַז֙	c/1162	HC/Np	13gMU
2	12	2		הוֹלִ֣יד	3205	HVhp3ms	13nWb
2	12	3		אֶת	853	HTo	13GXk
2	12	4		עוֹבֵ֔ד	5744	HNp	13TZa
2	12	5		וְ/עוֹבֵ֖ד	c/5744	HC/Np	135qp
2	12	6		הוֹלִ֥יד	3205	HVhp3ms	13uHZ
2	12	7		אֶת	853	HTo	13pAL
2	12	8		יִשָֽׁי	3448	HNp	13hSr
2	13	1		וְ/אִישַׁ֛י	c/3448	HC/Np	13ZMk
2	13	2		הוֹלִ֥יד	3205	HVhp3ms	13irW
2	13	3		אֶת	853	HTo	13x72
2	13	4		בְּכֹר֖/וֹ	1060	HNcmsc/Sp3ms	13FYV
2	13	5		אֶת	853	HTo	13Uoo
2	13	6		אֱלִיאָ֑ב	446	HNp	13sC3
2	13	7		וַ/אֲבִינָדָב֙	c/41	HC/Np	134CS
2	13	8		הַ/שֵּׁנִ֔י	d/8145	HTd/Aomsa	136n2
2	13	9		וְ/שִׁמְעָ֖א	c/8092	HC/Np	13HqY
2	13	10		הַ/שְּׁלִישִֽׁי	d/7992	HTd/Aomsa	13BFZ
2	14	1		נְתַנְאֵל֙	5417	HNp	13shy
2	14	2		הָֽ/רְבִיעִ֔י	d/7243	HTd/Aomsa	13nzj
2	14	3		רַדַּ֖י	7288	HNp	13vpT
2	14	4		הַ/חֲמִישִֽׁי	d/2549	HTd/Aomsa	133Sx
2	15	1		אֹ֚צֶם	684	HNp	13qVv
2	15	2		הַ/שִּׁשִּׁ֔י	d/8345	HTd/Aomsa	13Kov
2	15	3		דָּוִ֖יד	1732	HNp	13HNy
2	15	4		הַ/שְּׁבִעִֽי	d/7637	HTd/Aomsa	13Ta6
2	16	1	x-ketiv	ו/אחיתי/הם	c/269	HC/Ncfpc/Sp3mp	13ER2
2	16	2		וְ/אַחְיוֹתֵי/הֶ֖ם	c/269	HC/Ncfpc/Sp3mp	13yP1
2	16	3		צְרוּיָ֣ה	6870	HNp	13w4T
2	16	4		וַ/אֲבִיגָ֑יִל	c/26	HC/Np	13Cyx
2	16	5		וּ/בְנֵ֣י	c/1121 a	HC/Ncmpc	13qTT
2	16	6		צְרוּיָ֗ה	6870	HNp	13m55
2	16	7		אַבְשַׁ֛י	52	HNp	13AF1
2	16	8		וְ/יוֹאָ֥ב	c/3097	HC/Np	135ED
2	16	9		וַ/עֲשָׂה	c/6214+	HC/Np	13zCS
2	16	10		אֵ֖ל	6214	HNp	13LsC
2	16	11		שְׁלֹשָֽׁה	7969	HAcmsa	13B4x
2	17	1		וַ/אֲבִיגַ֕יִל	c/26	HC/Np	13JB6
2	17	2		יָלְדָ֖ה	3205	HVqp3fs	13LzS
2	17	3		אֶת	853	HTo	1383E
2	17	4		עֲמָשָׂ֑א	6021	HNp	13hQD
2	17	5		וַ/אֲבִ֣י	c/1	HC/Ncmsc	13LZD
2	17	6		עֲמָשָׂ֔א	6021	HNp	136bH
2	17	7		יֶ֖תֶר	3500	HNp	13Ekx
2	17	8		הַ/יִּשְׁמְעֵאלִֽי	d/3459	HTd/Ngmsa	13PG7
2	18	1		וְ/כָלֵ֣ב	c/3612	HC/Np	13EL8
2	18	2		בֶּן	1121 a	HNcmsc	13ufm
2	18	3		חֶצְר֗וֹן	2696	HNp	13XSi
2	18	4		הוֹלִ֛יד	3205	HVhp3ms	13ELV
2	18	5		אֶת	853	HTo	13Y6w
2	18	6		עֲזוּבָ֥ה	5806	HNp	13qLR
2	18	7		אִשָּׁ֖ה	802	HNcfsa	13vfq
2	18	8		וְ/אֶת	c/854	HC/R	13Qsx
2	18	9		יְרִיע֑וֹת	3408	HNp	138KZ
2	18	10		וְ/אֵ֣לֶּה	c/428	HC/Pdxcp	13GXq
2	18	11		בָנֶ֔י/הָ	1121 a	HNcmpc/Sp3fs	13iCi
2	18	12		יֵ֥שֶׁר	3475	HNp	13vwH
2	18	13		וְ/שׁוֹבָ֖ב	c/7727	HC/Np	13dbM
2	18	14		וְ/אַרְדּֽוֹן	c/715	HC/Np	13Dqb
2	19	1		וַ/תָּ֖מָת	c/4191	HC/Vqw3fs	13kCD
2	19	2		עֲזוּבָ֑ה	5806	HNp	13XgW
2	19	3		וַ/יִּֽקַּֽח	c/3947	HC/Vqw3ms	136PV
2	19	4		ל֤/וֹ	l	HR/Sp3ms	13qGs
2	19	5		כָלֵב֙	3612	HNp	13w7p
2	19	6		אֶת	853	HTo	13k7H
2	19	7		אֶפְרָ֔ת	672	HNp	13r6F
2	19	8		וַ/תֵּ֥לֶד	c/3205	HC/Vqw3fs	13Ugz
2	19	9		ל֖/וֹ	l	HR/Sp3ms	13Mjg
2	19	10		אֶת	853	HTo	13mdR
2	19	11		חֽוּר	2354	HNp	13eWA
2	20	1		וְ/חוּר֙	c/2354	HC/Np	13CqN
2	20	2		הוֹלִ֣יד	3205	HVhp3ms	13Cpt
2	20	3		אֶת	853	HTo	13aSi
2	20	4		אוּרִ֔י	221	HNp	137VU
2	20	5		וְ/אוּרִ֖י	c/221	HC/Np	13eK3
2	20	6		הוֹלִ֥יד	3205	HVhp3ms	13c63
2	20	7		אֶת	853	HTo	13TuL
2	20	8		בְּצַלְאֵֽל	1212	HNp	13emQ
2	21	1		וְ/אַחַ֗ר	c/310 a	HC/D	13uf4
2	21	2		בָּ֤א	935	HVqp3ms	13jQv
2	21	3		חֶצְרוֹן֙	2696	HNp	13ME1
2	21	4		אֶל	413	HR	13ht4
2	21	5		בַּת	1323	HNcfsc	133Yo
2	21	6		מָכִיר֙	4353	HNp	13pYb
2	21	7		אֲבִ֣י	1	HNcmsc	13g5u
2	21	8		גִלְעָ֔ד	1568	HNp	13w6U
2	21	9		וְ/ה֣וּא	c/1931	HC/Pp3ms	13ifL
2	21	10		לְקָחָ֔/הּ	3947	HVqp3ms/Sp3fs	13LZU
2	21	11		וְ/ה֖וּא	c/1931	HC/Pp3ms	13yHT
2	21	12		בֶּן	1121 a	HNcmsc	139Dq
2	21	13		שִׁשִּׁ֣ים	8346	HAcbpa	137Vg
2	21	14		שָׁנָ֑ה	8141	HNcfsa	133LR
2	21	15		וַ/תֵּ֥לֶד	c/3205	HC/Vqw3fs	13vdQ
2	21	16		ל֖/וֹ	l	HR/Sp3ms	13zAa
2	21	17		אֶת	853	HTo	13HK3
2	21	18		שְׂגֽוּב	7687	HNp	13sCi
2	22	1		וּ/שְׂג֖וּב	c/7687	HC/Np	13S3d
2	22	2		הוֹלִ֣יד	3205	HVhp3ms	13RFe
2	22	3		אֶת	853	HTo	13PfQ
2	22	4		יָאִ֑יר	2971	HNp	13AwN
2	22	5		וַֽ/יְהִי	c/1961	HC/Vqw3ms	13khc
2	22	6		ל֗/וֹ	l	HR/Sp3ms	13kYA
2	22	7		עֶשְׂרִ֤ים	6242	HAcbpa	13u6F
2	22	8		וְ/שָׁלוֹשׁ֙	c/7969	HC/Acfsa	13PYJ
2	22	9		עָרִ֔ים	5892 b	HNcfpa	131Za
2	22	10		בְּ/אֶ֖רֶץ	b/776	HR/Ncbsc	13gam
2	22	11		הַ/גִּלְעָֽד	d/1568	HTd/Np	13un5
2	23	1		וַ/יִּקַּ֣ח	c/3947	HC/Vqw3ms	13WSe
2	23	2		גְּשֽׁוּר	1650	HNp	13AFs
2	23	3		וַ֠/אֲרָם	c/758	HC/Np	13aJe
2	23	4		אֶת	853	HTo	13g2t
2	23	5		חַוֺּ֨ת	2333	HNcfpc	138HV
2	23	6		יָאִ֧יר	2971	HNp	13j8W
2	23	7		מֵ/אִתָּ֛/ם	m/854	HR/R/Sp3mp	13h73
2	23	8		אֶת	854	HR	139Yh
2	23	9		קְנָ֥ת	7079	HNp	13SkM
2	23	10		וְ/אֶת	c/853	HC/To	13yXK
2	23	11		בְּנֹתֶ֖י/הָ	1323	HNcfpc/Sp3fs	13hDf
2	23	12		שִׁשִּׁ֣ים	8346	HAcbpa	13PuA
2	23	13		עִ֑יר	5892 b	HNcfsa	13myi
2	23	14		כָּל	3605	HNcmsc	13YLn
2	23	15		אֵ֕לֶּה	428	HPdxcp	13AXU
2	23	16		בְּנֵ֖י	1121 a	HNcmpc	13reD
2	23	17		מָכִ֥יר	4353	HNp	13VFM
2	23	18		אֲבִי	1	HNcmsc	13SGf
2	23	19		גִלְעָֽד	1568	HNp	139jX
2	24	1		וְ/אַחַ֥ר	c/310 a	HC/R	136t4
2	24	2		מוֹת	4194	HNcmsc	13Yu7
2	24	3		חֶצְר֖וֹן	2696	HNp	13vL9
2	24	4		בְּ/כָלֵ֣ב	b/3613+	HR/Np	13G2d
2	24	5		אֶפְרָ֑תָה	3613	HNp	13xY3
2	24	6		וְ/אֵ֤שֶׁת	c/802	HC/Ncfsc	13Zmd
2	24	7		חֶצְרוֹן֙	2696	HNp	13Wyn
2	24	8		אֲבִיָּ֔ה	29	HNp	13njg
2	24	9		וַ/תֵּ֣לֶד	c/3205	HC/Vqw3fs	13L6G
2	24	10		ל֔/וֹ	l	HR/Sp3ms	13EDP
2	24	11		אֶת	853	HTo	13QUP
2	24	12		אַשְׁח֖וּר	806	HNp	13fv8
2	24	13		אֲבִ֥י	1	HNcmsc	132SX
2	24	14		תְקֽוֹעַ	8620	HNp	13pwZ
2	25	1		וַ/יִּהְי֧וּ	c/1961	HC/Vqw3mp	13KKJ
2	25	2		בְנֵי	1121 a	HNcmpc	13U9v
2	25	3		יְרַחְמְאֵ֛ל	3396	HNp	133V4
2	25	4		בְּכ֥וֹר	1060	HNcmsc	13gJ1
2	25	5		חֶצְר֖וֹן	2696	HNp	13rWk
2	25	6		הַ/בְּכ֣וֹר	d/1060	HTd/Ncmsa	136gQ
2	25	7		רָ֑ם	7410	HNp	13mSF
2	25	8		וּ/בוּנָ֥ה	c/946	HC/Np	13awX
2	25	9		וָ/אֹ֛רֶן	c/767	HC/Np	13wik
2	25	10		וָ/אֹ֖צֶם	c/684	HC/Np	13CVM
2	25	11		אֲחִיָּֽה	281	HNp	13gbT
2	26	1		וַ/תְּהִ֨י	c/1961	HC/Vqw3fs	13wMq
2	26	2		אִשָּׁ֥ה	802	HNcfsa	132GY
2	26	3		אַחֶ֛רֶת	312	HAafsa	13Doj
2	26	4		לִֽ/ירַחְמְאֵ֖ל	l/3396	HR/Np	13m3h
2	26	5		וּ/שְׁמָ֣/הּ	c/8034	HC/Ncmsc/Sp3fs	13Djb
2	26	6		עֲטָרָ֑ה	5851	HNp	13F5r
2	26	7		הִ֖יא	1931	HPp3fs	13V4p
2	26	8		אֵ֥ם	517	HNcfsc	13HsZ
2	26	9		אוֹנָֽם	208	HNp	13DgA
2	27	1		וַ/יִּהְי֥וּ	c/1961	HC/Vqw3mp	13QCa
2	27	2		בְנֵי	1121 a	HNcmpc	13nps
2	27	3		רָ֖ם	7410	HNp	13oA2
2	27	4		בְּכ֣וֹר	1060	HNcmsc	13CYW
2	27	5		יְרַחְמְאֵ֑ל	3396	HNp	13TDs
2	27	6		מַ֥עַץ	4619	HNp	13fhx
2	27	7		וְ/יָמִ֖ין	c/3226	HC/Np	13JPp
2	27	8		וָ/עֵֽקֶר	c/6134	HC/Np	13dWm
2	28	1		וַ/יִּהְי֥וּ	c/1961	HC/Vqw3mp	13BYg
2	28	2		בְנֵי	1121 a	HNcmpc	139by
2	28	3		אוֹנָ֖ם	208	HNp	13VRt
2	28	4		שַׁמַּ֣י	8060	HNp	13CPS
2	28	5		וְ/יָדָ֑ע	c/3047	HC/Np	13fiV
2	28	6		וּ/בְנֵ֣י	c/1121 a	HC/Ncmpc	13vAa
2	28	7		שַׁמַּ֔י	8060	HNp	138Na
2	28	8		נָדָ֖ב	5070	HNp	13RZN
2	28	9		וַ/אֲבִישֽׁוּר	c/51	HC/Np	13krV
2	29	1		וְ/שֵׁ֛ם	c/8034	HC/Ncmsc	13sQy
2	29	2		אֵ֥שֶׁת	802	HNcfsc	13asy
2	29	3		אֲבִישׁ֖וּר	51	HNp	13rxG
2	29	4		אֲבִיהָ֑יִל	32	HNp	136fj
2	29	5		וַ/תֵּ֣לֶד	c/3205	HC/Vqw3fs	13oGi
2	29	6		ל֔/וֹ	l	HR/Sp3ms	13PrG
2	29	7		אֶת	853	HTo	13Ao4
2	29	8		אַחְבָּ֖ן	257	HNp	13fjK
2	29	9		וְ/אֶת	c/853	HC/To	13Dwm
2	29	10		מוֹלִֽיד	4140	HNp	1331Z
2	30	1		וּ/בְנֵ֥י	c/1121 a	HC/Ncmpc	13nRw
2	30	2		נָדָ֖ב	5070	HNp	13qjY
2	30	3		סֶ֣לֶד	5540	HNp	132oH
2	30	4		וְ/אַפָּ֑יִם	c/649	HC/Np	13H3W
2	30	5		וַ/יָּ֥מָת	c/4191	HC/Vqw3ms	13wQL
2	30	6		סֶ֖לֶד	5540	HNp	134LW
2	30	7		לֹ֥א	3808	HTn	13q4j
2	30	8		בָנִֽים	1121 a	HNcmpa	13Jdu
2	31	1		וּ/בְנֵ֥י	c/1121 a	HC/Ncmpc	13cgg
2	31	2		אַפַּ֖יִם	649	HNp	13x5W
2	31	3		יִשְׁעִ֑י	3469	HNp	13s3h
2	31	4		וּ/בְנֵ֤י	c/1121 a	HC/Ncmpc	13ymv
2	31	5		יִשְׁעִי֙	3469	HNp	1362T
2	31	6		שֵׁשָׁ֔ן	8348	HNp	13NmZ
2	31	7		וּ/בְנֵ֥י	c/1121 a	HC/Ncmpc	13RD4
2	31	8		שֵׁשָׁ֖ן	8348	HNp	13Xjv
2	31	9		אַחְלָֽי	304	HNp	13WVH
2	32	1		וּ/בְנֵ֤י	c/1121 a	HC/Ncmpc	13WMK
2	32	2		יָדָע֙	3047	HNp	13ctU
2	32	3		אֲחִ֣י	251	HNcmsc	13CmP
2	32	4		שַׁמַּ֔י	8060	HNp	13LY2
2	32	5		יֶ֖תֶר	3500	HNp	13k7w
2	32	6		וְ/יוֹנָתָ֑ן	c/3129	HC/Np	13JFy
2	32	7		וַ/יָּ֥מָת	c/4191	HC/Vqw3ms	13Amf
2	32	8		יֶ֖תֶר	3500	HNp	13i9m
2	32	9		לֹ֥א	3808	HTn	13FCo
2	32	10		בָנִֽים	1121 a	HNcmpa	13wNS
2	33	1		וּ/בְנֵ֥י	c/1121 a	HC/Ncmpc	13XPV
2	33	2		יוֹנָתָ֖ן	3129	HNp	13K9E
2	33	3		פֶּ֣לֶת	6431	HNp	13sNR
2	33	4		וְ/זָזָ֑א	c/2117	HC/Np	13pww
2	33	5		אֵ֥לֶּה	428	HPdxcp	13d1k
2	33	6		הָי֖וּ	1961	HVqp3cp	13Gpp
2	33	7		בְּנֵ֥י	1121 a	HNcmpc	13T85
2	33	8		יְרַחְמְאֵֽל	3396	HNp	13E2x
2	34	1		וְ/לֹֽא	c/3808	HC/Tn	13vUM
2	34	2		הָיָ֧ה	1961	HVqp3ms	13pMW
2	34	3		לְ/שֵׁשָׁ֛ן	l/8348	HR/Np	13fiZ
2	34	4		בָּנִ֖ים	1121 a	HNcmpa	13FQf
2	34	5		כִּ֣י	3588 b	HC	13Gbx
2	34	6		אִם	518 b	HC	13H82
2	34	7		בָּנ֑וֹת	1323	HNcfpa	13XaZ
2	34	8		וּ/לְ/שֵׁשָׁ֛ן	c/l/8348	HC/R/Np	13RGz
2	34	9		עֶ֥בֶד	5650	HNcmsa	13tQ1
2	34	10		מִצְרִ֖י	4713	HNgmsa	13oSR
2	34	11		וּ/שְׁמ֥/וֹ	c/8034	HC/Ncmsc/Sp3ms	13rUR
2	34	12		יַרְחָֽע	3398	HNp	13NME
2	35	1		וַ/יִּתֵּ֨ן	c/5414	HC/Vqw3ms	13eQs
2	35	2		שֵׁשָׁ֧ן	8348	HNp	13fE2
2	35	3		אֶת	853	HTo	13rio
2	35	4		בִּתּ֛/וֹ	1323	HNcfsc/Sp3ms	13hum
2	35	5		לְ/יַרְחָ֥ע	l/3398	HR/Np	13UG5
2	35	6		עַבְדּ֖/וֹ	5650	HNcmsc/Sp3ms	13tZb
2	35	7		לְ/אִשָּׁ֑ה	l/802	HR/Ncfsa	13UEd
2	35	8		וַ/תֵּ֥לֶד	c/3205	HC/Vqw3fs	13zit
2	35	9		ל֖/וֹ	l	HR/Sp3ms	13pcg
2	35	10		אֶת	853	HTo	131pD
2	35	11		עַתָּֽי	6262	HNp	13UCh
2	36	1		וְ/עַתַּי֙	c/6262	HC/Np	13jZZ
2	36	2		הֹלִ֣יד	3205	HVhp3ms	137a3
2	36	3		אֶת	853	HTo	13k23
2	36	4		נָתָ֔ן	5416	HNp	13nxs
2	36	5		וְ/נָתָ֖ן	c/5416	HC/Np	13Rs7
2	36	6		הוֹלִ֥יד	3205	HVhp3ms	13x1q
2	36	7		אֶת	853	HTo	13ozK
2	36	8		זָבָֽד	2066	HNp	136Tj
2	37	1		וְ/זָבָד֙	c/2066	HC/Np	13Wp4
2	37	2		הוֹלִ֣יד	3205	HVhp3ms	13ayu
2	37	3		אֶת	853	HTo	13izi
2	37	4		אֶפְלָ֔ל	654	HNp	13cNi
2	37	5		וְ/אֶפְלָ֖ל	c/654	HC/Np	132Z3
2	37	6		הוֹלִ֥יד	3205	HVhp3ms	13bTo
2	37	7		אֶת	853	HTo	13hvK
2	37	8		עוֹבֵֽד	5744	HNp	13XQw
2	38	1		וְ/עוֹבֵד֙	c/5744	HC/Np	13Ssi
2	38	2		הוֹלִ֣יד	3205	HVhp3ms	13UtQ
2	38	3		אֶת	853	HTo	13MVx
2	38	4		יֵה֔וּא	3058	HNp	134dp
2	38	5		וְ/יֵה֖וּא	c/3058	HC/Np	13nsw
2	38	6		הוֹלִ֥יד	3205	HVhp3ms	13KGj
2	38	7		אֶת	853	HTo	138xz
2	38	8		עֲזַרְיָֽה	5838	HNp	13y1Z
2	39	1		וַ/עֲזַרְיָה֙	c/5838	HC/Np	13Uq9
2	39	2		הֹלִ֣יד	3205	HVhp3ms	13TiM
2	39	3		אֶת	853	HTo	13NqW
2	39	4		חָ֔לֶץ	2503	HNp	13emv
2	39	5		וְ/חֶ֖לֶץ	c/2503	HC/Np	133r3
2	39	6		הֹלִ֥יד	3205	HVhp3ms	13sEP
2	39	7		אֶת	853	HTo	13BYi
2	39	8		אֶלְעָשָֽׂה	501	HNp	13K78
2	40	1		וְ/אֶלְעָשָׂה֙	c/501	HC/Np	13LG5
2	40	2		הֹלִ֣יד	3205	HVhp3ms	13pvY
2	40	3		אֶת	853	HTo	13B6g
2	40	4		סִֽסְמָ֔י	5581	HNp	13UDg
2	40	5		וְ/סִסְמַ֖י	c/5581	HC/Np	13Baw
2	40	6		הֹלִ֥יד	3205	HVhp3ms	13MZ9
2	40	7		אֶת	853	HTo	13Svn
2	40	8		שַׁלּֽוּם	7967	HNp	13x62
2	41	1		וְ/שַׁלּוּם֙	c/7967	HC/Np	13dQK
2	41	2		הוֹלִ֣יד	3205	HVhp3ms	13dDm
2	41	3		אֶת	853	HTo	13XwG
2	41	4		יְקַמְיָ֔ה	3359	HNp	13iPC
2	41	5		וִֽ/יקַמְיָ֖ה	c/3359	HC/Np	138E1
2	41	6		הֹלִ֥יד	3205	HVhp3ms	134vF
2	41	7		אֶת	853	HTo	13y7z
2	41	8		אֱלִישָׁמָֽע	476	HNp	13bvs
2	42	1		וּ/בְנֵ֤י	c/1121 a	HC/Ncmpc	13Gxe
2	42	2		כָלֵב֙	3612	HNp	13Qjd
2	42	3		אֲחִ֣י	251	HNcmsc	13t98
2	42	4		יְרַחְמְאֵ֔ל	3396	HNp	13YfW
2	42	5		מֵישָׁ֥ע	4337	HNp	13P1s
2	42	6		בְּכֹר֖/וֹ	1060	HNcmsc/Sp3ms	13a9X
2	42	7		ה֣וּא	1931	HPp3ms	13RUp
2	42	8		אֲבִי	1	HNcmsc	137Kw
2	42	9		זִ֑יף	2128	HNp	13E6n
2	42	10		וּ/בְנֵ֥י	c/1121 a	HC/Ncmpc	134YU
2	42	11		מָרֵשָׁ֖ה	4762	HNp	13yMS
2	42	12		אֲבִ֥י	1	HNcmsc	13RZD
2	42	13		חֶבְרֽוֹן	2275 b	HNp	13T97
2	43	1		וּ/בְנֵ֖י	c/1121 a	HC/Ncmpc	135L1
2	43	2		חֶבְר֑וֹן	2275 b	HNp	13nY7
2	43	3		קֹ֥רַח	7141	HNp	13S83
2	43	4		וְ/תַפֻּ֖חַ	c/8599 a	HC/Np	13SDb
2	43	5		וְ/רֶ֥קֶם	c/7552	HC/Np	13DKS
2	43	6		וָ/שָֽׁמַע	c/8087	HC/Np	13YKr
2	44	1		וְ/שֶׁ֣מַע	c/8087	HC/Np	13r66
2	44	2		הוֹלִ֔יד	3205	HVhp3ms	13TW5
2	44	3		אֶת	853	HTo	13KaN
2	44	4		רַ֖חַם	7357	HNp	13FsE
2	44	5		אֲבִ֣י	1	HNcmsc	137Np
2	44	6		יָרְקֳעָ֑ם	3421	HNp	13965
2	44	7		וְ/רֶ֖קֶם	c/7552	HC/Np	13MeK
2	44	8		הוֹלִ֥יד	3205	HVhp3ms	13Pw8
2	44	9		אֶת	853	HTo	13Bxn
2	44	10		שַׁמָּֽי	8060	HNp	13Gne
2	45	1		וּ/בֶן	c/1121 a	HC/Ncmsc	13uXm
2	45	2		שַׁמַּ֖י	8060	HNp	13Cmf
2	45	3		מָע֑וֹן	4584	HNp	13K6T
2	45	4		וּ/מָע֖וֹן	c/4584	HC/Np	13XFF
2	45	5		אֲבִ֥י	1	HNcmsc	13gKP
2	45	6		בֵֽית	1049+	HNp	13YUv
2	45	7		צֽוּר	1049	HNp	13HQ9
2	46	1		וְ/עֵיפָה֙	c/5891	HC/Np	13D5P
2	46	2		פִּילֶ֣גֶשׁ	6370	HNcfsc	13pVx
2	46	3		כָּלֵ֔ב	3612	HNp	13WAq
2	46	4		יָֽלְדָ֛ה	3205	HVqp3fs	13PxM
2	46	5		אֶת	853	HTo	13oCH
2	46	6		חָרָ֥ן	2771 b	HNp	13tQE
2	46	7		וְ/אֶת	c/853	HC/To	13wtX
2	46	8		מוֹצָ֖א	4162	HNp	13Hso
2	46	9		וְ/אֶת	c/853	HC/To	13yS3
2	46	10		גָּזֵ֑ז	1495	HNp	13PHG
2	46	11		וְ/חָרָ֖ן	c/2771 b	HC/Np	131go
2	46	12		הֹלִ֥יד	3205	HVhp3ms	13XLB
2	46	13		אֶת	853	HTo	13KTJ
2	46	14		גָּזֵֽז	1495	HNp	13twL
2	47	1		וּ/בְנֵ֖י	c/1121 a	HC/Ncmpc	133MS
2	47	2		יָהְדָּ֑י	3056	HNp	13GnD
2	47	3		רֶ֧גֶם	7276	HNp	13rVJ
2	47	4		וְ/יוֹתָ֛ם	c/3147	HC/Np	13w2R
2	47	5		וְ/גֵישָׁ֥ן	c/1529	HC/Np	13JsR
2	47	6		וָ/פֶ֖לֶט	c/6404	HC/Np	13Sv8
2	47	7		וְ/עֵיפָ֥ה	c/5891	HC/Np	13adR
2	47	8		וָ/שָֽׁעַף	c/8174	HC/Np	13xek
2	48	1		פִּלֶ֤גֶשׁ	6370	HNcfsc	13UEH
2	48	2		כָּלֵב֙	3612	HNp	13L2G
2	48	3		מַעֲכָ֔ה	4601	HNp	13oPm
2	48	4		יָ֥לַד	3205	HVqp3ms	13azH
2	48	5		שֶׁ֖בֶר	7669	HNp	13fZA
2	48	6		וְ/אֶֽת	c/853	HC/To	136Hj
2	48	7		תִּרְחֲנָֽה	8647	HNp	13UCE
2	49	1		וַ/תֵּ֗לֶד	c/3205	HC/Vqw3fs	13dvY
2	49	2		שַׁ֚עַף	8174	HNp	13YkN
2	49	3		אֲבִ֣י	1	HNcmsc	13k6s
2	49	4		מַדְמַנָּ֔ה	4089	HNp	13awY
2	49	5		אֶת	853	HTo	13Wb1
2	49	6		שְׁוָ֛א	7724	HNp	13EAT
2	49	7		אֲבִ֥י	1	HNcmsc	13MzG
2	49	8		מַכְבֵּנָ֖ה	4343	HNp	13RBM
2	49	9		וַ/אֲבִ֣י	c/1	HC/Ncmsc	13wzx
2	49	10		גִבְעָ֑א	1388	HNp	137Vm
2	49	11		וּ/בַת	c/1323	HC/Ncfsc	13vSy
2	49	12		כָּלֵ֖ב	3612	HNp	13qgp
2	49	13		עַכְסָֽה	5915	HNp	13bcQ
2	50	1		אֵ֤לֶּה	428	HPdxcp	13GFP
2	50	2		הָיוּ֙	1961	HVqp3cp	13QZx
2	50	3		בְּנֵ֣י	1121 a	HNcmpc	13JH9
2	50	4		כָלֵ֔ב	3612	HNp	13Cdg
2	50	5		בֶּן	1121 a	HNcmsc	13Uv6
2	50	6		ח֖וּר	2354	HNp	13eec
2	50	7		בְּכ֣וֹר	1060	HNcmsc	13bea
2	50	8		אֶפְרָ֑תָה	672	HNp	13zx5
2	50	9		שׁוֹבָ֕ל	7732	HNp	13SMW
2	50	10		אֲבִ֖י	1	HNcmsc	13GYp
2	50	11		קִרְיַ֥ת	7157+	HNp	131GH
2	50	12		יְעָרִֽים	7157	HNp	133QW
2	51	1		שַׂלְמָא֙	8007	HNp	13tAW
2	51	2		אֲבִ֣י	1	HNcmsc	13DCB
2	51	3		בֵֽית	1035+	HNp	13r2Z
2	51	4		לָ֔חֶם	1035	HNp	13don
2	51	5		חָרֵ֖ף	2780	HNp	13cdc
2	51	6		אֲבִ֥י	1	HNcmsc	13Ybs
2	51	7		בֵית	1013+	HNp	13iFe
2	51	8		גָּדֵֽר	1013	HNp	139w8
2	52	1		וַ/יִּהְי֤וּ	c/1961	HC/Vqw3mp	139fJ
2	52	2		בָנִים֙	1121 a	HNcmpa	13rMg
2	52	3		לְ/שׁוֹבָ֔ל	l/7732	HR/Np	13T3v
2	52	4		אֲבִ֖י	1	HNcmsc	13e37
2	52	5		קִרְיַ֣ת	7157+	HNp	13F5j
2	52	6		יְעָרִ֑ים	7157	HNp	13drK
2	52	7		הָרֹאֶ֖ה	7204	HNp	131TS
2	52	8		חֲצִ֥י	2679+	HNcmsc	13e65
2	52	9		הַ/מְּנֻחֽוֹת	d/2679	HTd/Np	13Fkx
2	53	1		וּ/מִשְׁפְּחוֹת֙	c/4940	HC/Ncfpc	13ZVs
2	53	2		קִרְיַ֣ת	7157+	HNp	13bmu
2	53	3		יְעָרִ֔ים	7157	HNp	13eis
2	53	4		הַ/יִּתְרִי֙	d/3505	HTd/Ngmsa	13B8V
2	53	5		וְ/הַ/פּוּתִ֔י	c/d/6336	HC/Td/Ngmsa	13gjk
2	53	6		וְ/הַ/שֻּׁמָתִ֖י	c/d/8126	HC/Td/Ngmsa	13tiD
2	53	7		וְ/הַ/מִּשְׁרָעִ֑י	c/d/4954	HC/Td/Ngmsa	13kXw
2	53	8		מֵ/אֵ֗לֶּה	m/428	HR/Pdxcp	13cHm
2	53	9		יָצְאוּ֙	3318	HVqp3cp	13Loa
2	53	10		הַ/צָּ֣רְעָתִ֔י	d/6882	HTd/Ngmsa	13NW8
2	53	11		וְ/הָ/אֶשְׁתָּ֖אֻֽלִֽי	c/d/848	HC/Td/Ngmsa	13Ufy
2	54	1		בְּנֵ֣י	1121 a	HNcmpc	13FCe
2	54	2		שַׂלְמָ֗א	8007	HNp	13CBn
2	54	3		בֵּ֥ית	1035+	HNp	13QFm
2	54	4		לֶ֨חֶם֙	1035	HNp	132st
2	54	5		וּ/נְט֣וֹפָתִ֔י	c/5200	HC/Ngmsa	13rCW
2	54	6		עַטְר֖וֹת	5854+	HNp	137gm
2	54	7		בֵּ֣ית	5854+	HNp	13zkf
2	54	8		יוֹאָ֑ב	5854	HNp	13941
2	54	9		וַ/חֲצִ֥י	c/2680+	HC/Ncmsc	136C3
2	54	10		הַ/מָּנַחְתִּ֖י	d/2680	HTd/Ngmsa	13WMb
2	54	11		הַ/צָּרְעִֽי	d/6882	HTd/Ngmsa	13ZgJ
2	55	1		וּ/מִשְׁפְּח֤וֹת	c/4940	HC/Ncfpc	13Ft4
2	55	2		סֹפְרִים֙	5608 b	HNcmpa	13iMP
2	55	3	x-ketiv	ישבו	3427	HVqp3cp	13aom
2	55	4		יֹשְׁבֵ֣י	3427	HVqrmpc	13xKf
2	55	5		יַעְבֵּ֔ץ	3258	HNp	13EnU
2	55	6		תִּרְעָתִ֥ים	8654	HNgmpa	13Zax
2	55	7		שִׁמְעָתִ֖ים	8101	HNgmpa	13Q2e
2	55	8		שׂוּכָתִ֑ים	7756	HNgmpa	13ZRJ
2	55	9		הֵ֚מָּה	1992	HPp3mp	13YEi
2	55	10		הַ/קִּינִ֣ים	d/7017	HTd/Ngmpa	13gvb
2	55	11		הַ/בָּאִ֔ים	d/935	HTd/Vqrmpa	13bJa
2	55	12		מֵ/חַמַּ֖ת	m/2575 b	HR/Np	1389f
2	55	13		אֲבִ֥י	1	HNcmsc	13re5
2	55	14		בֵית	1004 b	HNcmsc	13Xh3
2	55	15		רֵכָֽב	7394	HNp	13EyU
3	1	1		וְ/אֵ֤לֶּה	c/428	HC/Pdxcp	13aci
3	1	2		הָיוּ֙	1961	HVqp3cp	13kbc
3	1	3		בְּנֵ֣י	1121 a	HNcmpc	13baF
3	1	4		דָויִ֔ד	1732	HNp	13ZNU
3	1	5		אֲשֶׁ֥ר	834 a	HTr	13KqQ
3	1	6		נֽוֹלַד	3205	HVNp3ms	13gLV
3	1	7		ל֖/וֹ	l	HR/Sp3ms	13KTp
3	1	8		בְּ/חֶבְר֑וֹן	b/2275 a	HR/Np	13rzR
3	1	9		הַ/בְּכ֣וֹר	d/1060	HTd/Ncmsa	13bh3
3	1	10		אַמְנֹ֗ן	550	HNp	13duZ
3	1	11		לַ/אֲחִינֹ֨עַם֙	l/293	HR/Np	13YHi
3	1	12		הַ/יִּזְרְעֵאלִ֔ית	d/3159	HTd/Ngfsa	13GV7
3	1	13		שֵׁנִי֙	8145	HAomsa	13A76
3	1	14		דָּנִיֵּ֔אל	1840	HNp	13eHZ
3	1	15		לַ/אֲבִיגַ֖יִל	l/26	HR/Np	13ycY
3	1	16		הַֽ/כַּרְמְלִֽית	d/3762	HTd/Ngfsa	13ejK
3	2	1		הַ/שְּׁלִשִׁי֙	d/7992	HTd/Aomsa	13Jb3
3	2	2		לְ/אַבְשָׁל֣וֹם	l/53	HR/Np	13XXt
3	2	3		בֶּֽן	1121 a	HNcmsc	13rKT
3	2	4		מַעֲכָ֔ה	4601	HNp	13Q8c
3	2	5		בַּת	1323	HNcfsc	13rHh
3	2	6		תַּלְמַ֖י	8526	HNp	13mUo
3	2	7		מֶ֣לֶךְ	4428	HNcmsc	13Hfj
3	2	8		גְּשׁ֑וּר	1650	HNp	13ACV
3	2	9		הָ/רְבִיעִ֖י	d/7243	HTd/Aomsa	13ioH
3	2	10		אֲדֹנִיָּ֥ה	138	HNp	13FCG
3	2	11		בֶן	1121 a	HNcmsc	137Jo
3	2	12		חַגִּֽית	2294	HNp	13wKF
3	3	1		הַ/חֲמִישִׁ֥י	d/2549	HTd/Aomsa	13YU5
3	3	2		שְׁפַטְיָ֖ה	8203	HNp	13xmV
3	3	3		לַ/אֲבִיטָ֑ל	l/37	HR/Np	13ZvX
3	3	4		הַ/שִּׁשִּׁ֥י	d/8345	HTd/Aomsa	137Ch
3	3	5		יִתְרְעָ֖ם	3507	HNp	13S67
3	3	6		לְ/עֶגְלָ֥ה	l/5698	HR/Np	13Hmd
3	3	7		אִשְׁתּֽ/וֹ	802	HNcfsc/Sp3ms	134Yz
3	4	1		שִׁשָּׁה֙	8337	HAcmsa	13zbA
3	4	2		נֽוֹלַד	3205	HVNp3ms	13koP
3	4	3		ל֣/וֹ	l	HR/Sp3ms	13Mdv
3	4	4		בְ/חֶבְר֔וֹן	b/2275 a	HR/Np	13TXv
3	4	5		וַ/יִּ֨מְלָךְ	c/4427 a	HC/Vqw3ms	13pbV
3	4	6		שָׁ֔ם	8033	HD	13MSY
3	4	7		שֶׁ֥בַע	7651	HAcfsa	13GXC
3	4	8		שָׁנִ֖ים	8141	HNcfpa	13Y6k
3	4	9		וְ/שִׁשָּׁ֣ה	c/8337	HC/Acmsa	13ctR
3	4	10		חֳדָשִׁ֑ים	2320	HNcmpa	13Qq3
3	4	11		וּ/שְׁלֹשִׁ֤ים	c/7970	HC/Acbpa	13GdR
3	4	12		וְ/שָׁלוֹשׁ֙	c/7969	HC/Acfsa	13kV4
3	4	13		שָׁנָ֔ה	8141	HNcfsa	13Zy7
3	4	14		מָלַ֖ךְ	4427 a	HVqp3ms	13ozy
3	4	15		בִּ/ירוּשָׁלִָֽם	b/3389	HR/Np	13H6W
3	5	1		וְ/אֵ֥לֶּה	c/428	HC/Pdxcp	13297
3	5	2		נוּלְּדוּ	3205	HVNp3cp	13Eyi
3	5	3		ל֖/וֹ	l	HR/Sp3ms	13kz6
3	5	4		בִּ/ירוּשָׁלָ֑יִם	b/3389	HR/Np	13PZP
3	5	5		שִׁ֠מְעָא	8092	HNp	13tkv
3	5	6		וְ/שׁוֹבָ֞ב	c/7727	HC/Np	13YJk
3	5	7		וְ/נָתָ֤ן	c/5416	HC/Np	13zp3
3	5	8		וּ/שְׁלֹמֹה֙	c/8010	HC/Np	13GVz
3	5	9		אַרְבָּעָ֔ה	702	HAcmsa	13MRd
3	5	10		לְ/בַת	l/1340+	HR/Np	13Ci2
3	5	11		שׁ֖וּעַ	1340	HNp	13TD8
3	5	12		בַּת	1323	HNcfsc	136R1
3	5	13		עַמִּיאֵֽל	5988	HNp	13c7o
3	6	1		וְ/יִבְחָ֥ר	c/2984	HC/Np	132Ss
3	6	2		וֶ/אֱלִישָׁמָ֖ע	c/476	HC/Np	13JyU
3	6	3		וֶ/אֱלִיפָֽלֶט	c/467	HC/Np	13uF7
3	7	1		וְ/נֹ֥גַהּ	c/5052	HC/Np	13fbk
3	7	2		וְ/נֶ֖פֶג	c/5298	HC/Np	13RxS
3	7	3		וְ/יָפִֽיעַ	c/3309	HC/Np	13PTT
3	8	1		וֶ/אֱלִישָׁמָ֧ע	c/476	HC/Np	131bY
3	8	2		וְ/אֶלְיָדָ֛ע	c/450	HC/Np	13GMz
3	8	3		וֶ/אֱלִיפֶ֖לֶט	c/467	HC/Np	13uCN
3	8	4		תִּשְׁעָֽה	8672	HAcmsa	13Wmn
3	9	1		כֹּ֖ל	3605	HNcmsc	13Lri
3	9	2		בְּנֵ֣י	1121 a	HNcmpc	13ymB
3	9	3		דָוִ֑יד	1732	HNp	13fac
3	9	4		מִ/לְּ/בַ֥ד	m/l/905	HR/R/Ncmsc	13X2q
3	9	5		בְּֽנֵי	1121 a	HNcmpc	139d7
3	9	6		פִֽילַגְשִׁ֖ים	6370	HNcfpa	13bj4
3	9	7		וְ/תָמָ֥ר	c/8559	HC/Np	13ZRD
3	9	8		אֲחוֹתָֽ/ם	269	HNcfsc/Sp3mp	13iFV
3	10	1		וּ/בֶן	c/1121 a	HC/Ncmsc	13JzQ
3	10	2		שְׁלֹמֹ֖ה	8010	HNp	13qbn
3	10	3		רְחַבְעָ֑ם	7346	HNp	13WeU
3	10	4		אֲבִיָּ֥ה	29	HNp	13TMW
3	10	5		בְנ֛/וֹ	1121 a	HNcmsc/Sp3ms	13KvW
3	10	6		אָסָ֥א	609	HNp	13wz5
3	10	7		בְנ֖/וֹ	1121 a	HNcmsc/Sp3ms	13g5b
3	10	8		יְהוֹשָׁפָ֥ט	3092	HNp	136Cg
3	10	9		בְּנֽ/וֹ	1121 a	HNcmsc/Sp3ms	13cqw
3	11	1		יוֹרָ֥ם	3141	HNp	1376C
3	11	2		בְּנ֛/וֹ	1121 a	HNcmsc/Sp3ms	13t1W
3	11	3		אֲחַזְיָ֥הוּ	274	HNp	13vfm
3	11	4		בְנ֖/וֹ	1121 a	HNcmsc/Sp3ms	13pjd
3	11	5		יוֹאָ֥שׁ	3101	HNp	13Atm
3	11	6		בְּנֽ/וֹ	1121 a	HNcmsc/Sp3ms	13vFb
3	12	1		אֲמַצְיָ֧הוּ	558	HNp	13sFr
3	12	2		בְנ֛/וֹ	1121 a	HNcmsc/Sp3ms	13Q98
3	12	3		עֲזַרְיָ֥ה	5838	HNp	13e6Q
3	12	4		בְנ֖/וֹ	1121 a	HNcmsc/Sp3ms	13Zzk
3	12	5		יוֹתָ֥ם	3147	HNp	13Ynf
3	12	6		בְּנֽ/וֹ	1121 a	HNcmsc/Sp3ms	135pP
3	13	1		אָחָ֥ז	271	HNp	13Xxj
3	13	2		בְּנ֛/וֹ	1121 a	HNcmsc/Sp3ms	13eNB
3	13	3		חִזְקִיָּ֥הוּ	2396	HNp	13r8g
3	13	4		בְנ֖/וֹ	1121 a	HNcmsc/Sp3ms	13sJk
3	13	5		מְנַשֶּׁ֥ה	4519	HNp	13wBJ
3	13	6		בְנֽ/וֹ	1121 a	HNcmsc/Sp3ms	13tvR
3	14	1		אָמ֥וֹן	526	HNp	13Uoi
3	14	2		בְּנ֖/וֹ	1121 a	HNcmsc/Sp3ms	13H29
3	14	3		יֹאשִׁיָּ֥הוּ	2977	HNp	13m2e
3	14	4		בְנֽ/וֹ	1121 a	HNcmsc/Sp3ms	13WQ1
3	15	1		וּ/בְנֵי֙	c/1121 a	HC/Ncmpc	137uv
3	15	2		יֹאשִׁיָּ֔הוּ	2977	HNp	13Z1J
3	15	3		הַ/בְּכוֹר֙	d/1060	HTd/Ncmsa	13KZa
3	15	4		יוֹחָנָ֔ן	3110	HNp	132u6
3	15	5		הַ/שֵּׁנִ֖י	d/8145	HTd/Aomsa	13CGY
3	15	6		יְהוֹיָקִ֑ים	3079	HNp	13cy3
3	15	7		הַ/שְּׁלִשִׁי֙	d/7992	HTd/Aomsa	135EE
3	15	8		צִדְקִיָּ֔הוּ	6667	HNp	137yo
3	15	9		הָ/רְבִיעִ֖י	d/7243	HTd/Aomsa	136ot
3	15	10		שַׁלּֽוּם	7967	HNp	132Sx
3	16	1		וּ/בְנֵ֖י	c/1121 a	HC/Ncmpc	134mo
3	16	2		יְהוֹיָקִ֑ים	3079	HNp	13RqC
3	16	3		יְכָנְיָ֥ה	3204	HNp	13ESM
3	16	4		בְנ֖/וֹ	1121 a	HNcmsc/Sp3ms	13mCp
3	16	5		צִדְקִיָּ֥ה	6667	HNp	13DCR
3	16	6		בְנֽ/וֹ	1121 a	HNcmsc/Sp3ms	139jq
3	17	1		וּ/בְנֵי֙	c/1121 a	HC/Ncmpc	13uFy
3	17	2		יְכָנְיָ֣ה	3204	HNp	13rnW
3	17	3		אַסִּ֔ר	617	HNcmsa	13to2
3	17	4		שְׁאַלְתִּיאֵ֖ל	7597 a	HNp	13XrY
3	17	5		בְּנֽ/וֹ	1121 a	HNcmsc/Sp3ms	134De
3	18	1		וּ/מַלְכִּירָ֥ם	c/4443	HC/Np	13dPn
3	18	2		וּ/פְדָיָ֖ה	c/6305	HC/Np	13Qve
3	18	3		וְ/שֶׁנְאַצַּ֑ר	c/8137	HC/Np	133dz
3	18	4		יְקַמְיָ֥ה	3359	HNp	13vcq
3	18	5		הוֹשָׁמָ֖ע	1953	HNp	134Ed
3	18	6		וּ/נְדַבְיָֽה	c/5072	HC/Np	13kfR
3	19	1		וּ/בְנֵ֣י	c/1121 a	HC/Ncmpc	13FUa
3	19	2		פְדָיָ֔ה	6305	HNp	13RZP
3	19	3		זְרֻבָּבֶ֖ל	2216	HNp	13qLo
3	19	4		וְ/שִׁמְעִ֑י	c/8096	HC/Np	13UwQ
3	19	5		וּ/בֶן	c/1121 a	HC/Ncmsc	13EG9
3	19	6		זְרֻבָּבֶל֙	2216	HNp	13fSj
3	19	7		מְשֻׁלָּ֣ם	4918	HNp	13LGP
3	19	8		וַ/חֲנַנְיָ֔ה	c/2608 a	HC/Np	13oYa
3	19	9		וּ/שְׁלֹמִ֖ית	c/8019 b	HC/Np	13L3V
3	19	10		אֲחוֹתָֽ/ם	269	HNcfsc/Sp3mp	13Nkc
3	20	1		וַ/חֲשֻׁבָ֡ה	c/2807	HC/Np	138qm
3	20	2		וָ֠/אֹהֶל	c/169	HC/Np	13XRb
3	20	3		וּ/בֶרֶכְיָ֧ה	c/1296	HC/Np	13AkY
3	20	4		וַֽ/חֲסַדְיָ֛ה	c/2619	HC/Np	13e5T
3	20	5		י֥וּשַׁב	3142+	HNp	13MGG
3	20	6		חֶ֖סֶד	3142	HNp	136q3
3	20	7		חָמֵֽשׁ	2568	HAcfsa	13MDa
3	21	1		וּ/בֶן	c/1121 a	HC/Ncmsc	13WBd
3	21	2		חֲנַנְיָ֖ה	2608 a	HNp	13jGt
3	21	3		פְּלַטְיָ֣ה	6410	HNp	13tyS
3	21	4		וִ/ישַֽׁעְיָ֑ה	c/3470 b	HC/Np	13k6N
3	21	5		בְּנֵ֤י	1121 a	HNcmpc	13mY8
3	21	6		רְפָיָה֙	7509	HNp	13Hod
3	21	7		בְּנֵ֣י	1121 a	HNcmpc	13LbG
3	21	8		אַרְנָ֔ן	770	HNp	13jJf
3	21	9		בְּנֵ֥י	1121 a	HNcmpc	13zJw
3	21	10		עֹבַדְיָ֖ה	5662	HNp	13Sho
3	21	11		בְּנֵ֥י	1121 a	HNcmpc	138zu
3	21	12		שְׁכַנְיָֽה	7935	HNp	136TZ
3	22	1		וּ/בְנֵ֥י	c/1121 a	HC/Ncmpc	13mQU
3	22	2		שְׁכַנְיָ֖ה	7935	HNp	135oN
3	22	3		שְׁמַעְיָ֑ה	8098	HNp	13HQC
3	22	4		וּ/בְנֵ֣י	c/1121 a	HC/Ncmpc	13tFU
3	22	5		שְׁמַעְיָ֗ה	8098	HNp	13QHV
3	22	6		חַטּ֡וּשׁ	2407	HNp	13ot3
3	22	7		וְ֠/יִגְאָל	c/3008	HC/Np	13HBY
3	22	8		וּ/בָרִ֧יחַ	c/1282	HC/Np	135H9
3	22	9		וּ/נְעַרְיָ֛ה	c/5294	HC/Np	13eWk
3	22	10		וְ/שָׁפָ֖ט	c/8202	HC/Np	13UNQ
3	22	11		שִׁשָּֽׁה	8337	HAcmsa	13GX8
3	23	1		וּ/בֶן	c/1121 a	HC/Ncmsc	13pky
3	23	2		נְעַרְיָ֗ה	5294	HNp	133N5
3	23	3		אֶלְיוֹעֵינַ֧י	454 b	HNp	13gv9
3	23	4		וְ/חִזְקִיָּ֛ה	c/2396	HC/Np	1328H
3	23	5		וְ/עַזְרִיקָ֖ם	c/5840	HC/Np	13cog
3	23	6		שְׁלֹשָֽׁה	7969	HAcmsa	13dVq
3	24	1		וּ/בְנֵ֣י	c/1121 a	HC/Ncmpc	13SmU
3	24	2		אֶלְיוֹעֵינַ֗י	454 b	HNp	13xRR
3	24	3	x-ketiv	הדיוהו	1939	HNp	13NYp
3	24	4		הוֹדַוְיָ֡הוּ	1938	HNp	13Gjw
3	24	5		וְ/אֶלְיָשִׁ֡יב	c/475	HC/Np	139Na
3	24	6		וּ/פְלָיָ֡ה	c/6411 b	HC/Np	13xjb
3	24	7		וְ֠/עַקּוּב	c/6126	HC/Np	1378y
3	24	8		וְ/יוֹחָנָ֧ן	c/3110	HC/Np	13Vgg
3	24	9		וּ/דְלָיָ֛ה	c/1806	HC/Np	13F1H
3	24	10		וַ/עֲנָ֖נִי	c/6054	HC/Np	13j2J
3	24	11		שִׁבְעָֽה	7651	HAcmsa	13ch4
4	1	1		בְּנֵ֖י	1121 a	HNcmpc	13etU
4	1	2		יְהוּדָ֑ה	3063	HNp	13ean
4	1	3		פֶּ֧רֶץ	6557	HNp	13aJG
4	1	4		חֶצְר֛וֹן	2696	HNp	13nF8
4	1	5		וְ/כַרְמִ֖י	c/3756	HC/Np	13wEW
4	1	6		וְ/ח֥וּר	c/2354	HC/Np	13fJd
4	1	7		וְ/שׁוֹבָֽל	c/7732	HC/Np	13eEh
4	2	1		וּ/רְאָיָ֤ה	c/7211	HC/Np	13K1s
4	2	2		בֶן	1121 a	HNcmsc	1376o
4	2	3		שׁוֹבָל֙	7732	HNp	13omx
4	2	4		הוֹלִ֣יד	3205	HVhp3ms	13XBe
4	2	5		אֶת	853	HTo	138A2
4	2	6		יַ֔חַת	3189	HNp	133Qm
4	2	7		וְ/יַ֣חַת	c/3189	HC/Np	13yeG
4	2	8		הֹלִ֔יד	3205	HVhp3ms	131NW
4	2	9		אֶת	853	HTo	13f13
4	2	10		אֲחוּמַ֖י	267	HNp	135on
4	2	11		וְ/אֶת	c/853	HC/To	13b2J
4	2	12		לָ֑הַד	3855	HNp	13MnD
4	2	13		אֵ֖לֶּה	428	HPdxcp	132B3
4	2	14		מִשְׁפְּח֥וֹת	4940	HNcfpc	13eAA
4	2	15		הַ/צָּֽרְעָתִֽי	d/6882	HTd/Ngmsa	13usA
4	3	1		וְ/אֵ֨לֶּה֙	c/428	HC/Pdxcp	13bmL
4	3	2		אֲבִ֣י	1	HNcmsc	13DK9
4	3	3		עֵיטָ֔ם	5862	HNp	137vQ
4	3	4		יִזְרְעֶ֥אל	3157	HNp	13JoL
4	3	5		וְ/יִשְׁמָ֖א	c/3457	HC/Np	13Zzg
4	3	6		וְ/יִדְבָּ֑שׁ	c/3031	HC/Np	13k3m
4	3	7		וְ/שֵׁ֥ם	c/8034	HC/Ncmsc	13Q2N
4	3	8		אֲחוֹתָ֖/ם	269	HNcfsc/Sp3mp	13Ggr
4	3	9		הַצְלֶלְפּֽוֹנִי	6753	HNp	13hnA
4	4	1		וּ/פְנוּאֵל֙	c/6439	HC/Np	137tY
4	4	2		אֲבִ֣י	1	HNcmsc	132Dp
4	4	3		גְדֹ֔ר	1446	HNp	13BQa
4	4	4		וְ/עֵ֖זֶר	c/5829	HC/Np	13qNm
4	4	5		אֲבִ֣י	1	HNcmsc	134xx
4	4	6		חוּשָׁ֑ה	2364	HNp	13E57
4	4	7		אֵ֤לֶּה	428	HPdxcp	13zfG
4	4	8		בְנֵי	1121 a	HNcmpc	13y3Z
4	4	9		חוּר֙	2354	HNp	13vtM
4	4	10		בְּכ֣וֹר	1060	HNcmsc	13BNu
4	4	11		אֶפְרָ֔תָה	672	HNp	13QTj
4	4	12		אֲבִ֖י	1	HNcmsc	13Tgd
4	4	13		בֵּ֥ית	1035+	HNp	13hAp
4	4	14		לָֽחֶם	1035	HNp	13KNK
4	5	1		וּ/לְ/אַשְׁחוּר֙	c/l/806	HC/R/Np	13nk3
4	5	2		אֲבִ֣י	1	HNcmsc	13wj3
4	5	3		תְק֔וֹעַ	8620	HNp	13vFK
4	5	4		הָי֖וּ	1961	HVqp3cp	13QNk
4	5	5		שְׁתֵּ֣י	8147	HAcfdc	13h1i
4	5	6		נָשִׁ֑ים	802	HNcfpa	13c5a
4	5	7		חֶלְאָ֖ה	2458	HNp	13MZK
4	5	8		וְ/נַעֲרָֽה	c/5292 b	HC/Np	13Hx4
4	6	1		וַ/תֵּ֨לֶד	c/3205	HC/Vqw3fs	13f6t
4	6	2		ל֤/וֹ	l	HR/Sp3ms	13BzF
4	6	3		נַעֲרָה֙	5292 b	HNp	13mrv
4	6	4		אֶת	853	HTo	13TVv
4	6	5		אֲחֻזָּ֣ם	275	HNp	13ZUH
4	6	6		וְ/אֶת	c/853	HC/To	13HWF
4	6	7		חֵ֔פֶר	2660 a	HNp	13rhu
4	6	8		וְ/אֶת	c/853	HC/To	137YX
4	6	9		תֵּימְנִ֖י	8488	HNp	13caE
4	6	10		וְ/אֶת	c/853	HC/To	13w2r
4	6	11		הָ/אֲחַשְׁתָּרִ֑י	d/326	HTd/Np	13j2a
4	6	12		אֵ֖לֶּה	428	HPdxcp	134ei
4	6	13		בְּנֵ֥י	1121 a	HNcmpc	13iQS
4	6	14		נַעֲרָֽה	5292 b	HNp	13pu1
4	7	1		וּ/בְנֵ֖י	c/1121 a	HC/Ncmpc	139Gr
4	7	2		חֶלְאָ֑ה	2458	HNp	13jGA
4	7	3		צֶ֥רֶת	6889	HNp	13Q9B
4	7	4	x-ketiv	יצחר	3328	HNp	138LK
4	7	5		וְ/צֹ֖חַר	c/6714	HC/Np	13aWe
4	7	6		וְ/אֶתְנָֽן	c/869	HC/Np	13JRh
4	8	1		וְ/ק֣וֹץ	c/6976	HC/Np	13iqH
4	8	2		הוֹלִ֔יד	3205	HVhp3ms	134ze
4	8	3		אֶת	853	HTo	13Eur
4	8	4		עָנ֖וּב	6036	HNp	13e9g
4	8	5		וְ/אֶת	c/853	HC/To	13hHu
4	8	6		הַ/צֹּבֵבָ֑ה	d/6637	HTd/Np	13C47
4	8	7		וּ/מִשְׁפְּח֥וֹת	c/4940	HC/Ncfpc	13TWu
4	8	8		אֲחַרְחֵ֖ל	316	HNp	13EWV
4	8	9		בֶּן	1121 a	HNcmsc	13nDr
4	8	10		הָרֽוּם	2037	HNp	13NH6
4	9	1		וַ/יְהִ֣י	c/1961	HC/Vqw3ms	13PP2
4	9	2		יַעְבֵּ֔ץ	3258	HNp	13sgH
4	9	3		נִכְבָּ֖ד	3513	HVNrmsa	137YZ
4	9	4		מֵ/אֶחָ֑י/ו	m/251	HR/Ncmpc/Sp3ms	13DLP
4	9	5		וְ/אִמּ֗/וֹ	c/517	HC/Ncfsc/Sp3ms	13Wgd
4	9	6		קָרְאָ֨ה	7121	HVqp3fs	13tA5
4	9	7		שְׁמ֤/וֹ	8034	HNcmsc/Sp3ms	13FQu
4	9	8		יַעְבֵּץ֙	3258	HNp	13rxc
4	9	9		לֵ/אמֹ֔ר	l/559	HR/Vqc	13185
4	9	10		כִּ֥י	3588 a	HC	13ssA
4	9	11		יָלַ֖דְתִּי	3205	HVqp1cs	13un2
4	9	12		בְּ/עֹֽצֶב	b/6090 a	HR/Ncmsa	134Ei
4	10	1		וַ/יִּקְרָ֣א	c/7121	HC/Vqw3ms	13wp8
4	10	2		יַ֠עְבֵּץ	3258	HNp	13fZr
4	10	3		לֵ/אלֹהֵ֨י	l/430	HR/Ncmpc	13qsm
4	10	4		יִשְׂרָאֵ֜ל	3478	HNp	13Yvd
4	10	5		לֵ/אמֹ֗ר	l/559	HR/Vqc	13qo8
4	10	6		אִם	518 a	HC	13Rvz
4	10	7		בָּרֵ֨ךְ	1288	HVpa	13UiP
4	10	8		תְּבָרֲכֵ֜/נִי	1288	HVpi2ms/Sp1cs	13zc2
4	10	9		וְ/הִרְבִּ֤יתָ	c/7235 a	HC/Vhq2ms	13jWU
4	10	10		אֶת	853	HTo	13WRL
4	10	11		גְּבוּלִ/י֙	1366	HNcmsc/Sp1cs	13MEe
4	10	12		וְ/הָיְתָ֤ה	c/1961	HC/Vqq3fs	13Lz7
4	10	13		יָדְ/ךָ֙	3027	HNcbsc/Sp2ms	13C5b
4	10	14		עִמִּ֔/י	5973 a	HR/Sp1cs	13KGK
4	10	15		וְ/עָשִׂ֥יתָ	c/6213 a	HC/Vqq2ms	13V8j
4	10	16		מֵּ/רָעָ֖ה	m/7451 c	HR/Ncfsa	13PaR
4	10	17		לְ/בִלְתִּ֣י	l/1115	HR/C	13Env
4	10	18		עָצְבִּ֑/י	6087 a	HVqc/Sp1cs	138Dt
4	10	19		וַ/יָּבֵ֥א	c/935	HC/Vhw3ms	13iSw
4	10	20		אֱלֹהִ֖ים	430	HNcmpa	13cX6
4	10	21		אֵ֥ת	853	HTo	13nM3
4	10	22		אֲשֶׁר	834 a	HTr	137Xe
4	10	23		שָׁאָֽל	7592	HVqp3ms	13noN
4	11	1		וּ/כְל֥וּב	c/3620	HC/Np	13hHR
4	11	2		אֲחִֽי	251	HNcmsc	13CoS
4	11	3		שׁוּחָ֖ה	7746	HNp	13KXg
4	11	4		הוֹלִ֣יד	3205	HVhp3ms	13Gq2
4	11	5		אֶת	853	HTo	13sk8
4	11	6		מְחִ֑יר	4243	HNp	13Vfr
4	11	7		ה֖וּא	1931	HPp3ms	13tkY
4	11	8		אֲבִ֥י	1	HNcmsc	13r5i
4	11	9		אֶשְׁתּֽוֹן	850	HNp	132bH
4	12	1		וְ/אֶשְׁתּ֗וֹן	c/850	HC/Np	13wCy
4	12	2		הוֹלִ֞יד	3205	HVhp3ms	132ee
4	12	3		אֶת	853	HTo	13b7E
4	12	4		בֵּ֤ית	1051+	HNp	1345a
4	12	5		רָפָא֙	1051	HNp	13Gby
4	12	6		וְ/אֶת	c/853	HC/To	13t6e
4	12	7		פָּסֵ֔חַ	6454	HNp	134wi
4	12	8		וְ/אֶת	c/853	HC/To	13LNA
4	12	9		תְּחִנָּ֖ה	8468	HNp	13bU4
4	12	10		אֲבִ֣י	1	HNcmsc	13R6Q
4	12	11		עִ֣יר	5904+	HNp	13LiE
4	12	12		נָחָ֑שׁ	5904	HNp	13uCS
4	12	13		אֵ֖לֶּה	428	HPdxcp	13taS
4	12	14		אַנְשֵׁ֥י	376	HNcmpc	13Erp
4	12	15		רֵכָֽה	7397 b	HNp	13azc
4	13	1		וּ/בְנֵ֣י	c/1121 a	HC/Ncmpc	13HpH
4	13	2		קְנַ֔ז	7073	HNp	13wcd
4	13	3		עָתְנִיאֵ֖ל	6274	HNp	13DR2
4	13	4		וּ/שְׂרָיָ֑ה	c/8304	HC/Np	138MF
4	13	5		וּ/בְנֵ֥י	c/1121 a	HC/Ncmpc	135wJ
4	13	6		עָתְנִיאֵ֖ל	6274	HNp	13AuA
4	13	7		חֲתַֽת	2867	HNp	13pa7
4	14	1		וּ/מְעוֹנֹתַ֖י	c/4587	HC/Np	131Q7
4	14	2		הוֹלִ֣יד	3205	HVhp3ms	13147
4	14	3		אֶת	853	HTo	13qpX
4	14	4		עָפְרָ֑ה	6084	HNp	13eEg
4	14	5		וּ/שְׂרָיָ֗ה	c/8304	HC/Np	13FHa
4	14	6		הוֹלִ֤יד	3205	HVhp3ms	13ExS
4	14	7		אֶת	853	HTo	1316M
4	14	8		יוֹאָב֙	3097	HNp	13nj6
4	14	9		אֲבִי֙	1	HNcmsc	137hm
4	14	10		גֵּ֣יא	1516	HNcbsc	13yrZ
4	14	11		חֲרָשִׁ֔ים	2798	HNp	13cpd
4	14	12		כִּ֥י	3588 a	HC	13QR7
4	14	13		חֲרָשִׁ֖ים	2796	HNcmpa	13388
4	14	14		הָיֽוּ	1961	HVqp3cp	13D9B
4	15	1		וּ/בְנֵי֙	c/1121 a	HC/Ncmpc	13KQr
4	15	2		כָּלֵ֣ב	3612	HNp	13bRM
4	15	3		בֶּן	1121 a	HNcmsc	13TPs
4	15	4		יְפֻנֶּ֔ה	3312	HNp	13Mef
4	15	5		עִ֥ירוּ	5900	HNp	13UeD
4	15	6		אֵלָ֖ה	425	HNp	13Ddz
4	15	7		וָ/נָ֑עַם	c/5277	HC/Np	13VYG
4	15	8		וּ/בְנֵ֥י	c/1121 a	HC/Ncmpc	13zd1
4	15	9		אֵלָ֖ה	425	HNp	13mw6
4	15	10		וּ/קְנַֽז	c/7073	HC/Np	134AV
4	16	1		וּ/בְנֵ֖י	c/1121 a	HC/Ncmpc	13RJM
4	16	2		יְהַלֶּלְאֵ֑ל	3094	HNp	13ZPm
4	16	3		זִ֣יף	2128	HNp	13aZX
4	16	4		וְ/זִיפָ֔ה	c/2129	HC/Np	13QJg
4	16	5		תִּירְיָ֖א	8493	HNp	13P5E
4	16	6		וַ/אֲשַׂרְאֵֽל	c/840	HC/Np	13yrH
4	17	1		וּ/בֶן	c/1121 a	HC/Ncmsc	13sud
4	17	2		עֶזְרָ֔ה	5834	HNp	13id4
4	17	3		יֶ֥תֶר	3500	HNp	13rbK
4	17	4		וּ/מֶ֖רֶד	c/4778	HC/Np	13fQG
4	17	5		וְ/עֵ֣פֶר	c/6081	HC/Np	13HAz
4	17	6		וְ/יָל֑וֹן	c/3210	HC/Np	13J4B
4	17	7		וַ/תַּ֨הַר֙	c/2029	HC/Vqw3fs	13cc4
4	17	8		אֶת	853	HTo	13oRq
4	17	9		מִרְיָ֣ם	4813	HNp	13cUw
4	17	10		וְ/אֶת	c/853	HC/To	13MVU
4	17	11		שַׁמַּ֔י	8060	HNp	13CE4
4	17	12		וְ/אֶת	c/853	HC/To	13Li4
4	17	13		יִשְׁבָּ֖ח	3431	HNp	13L6s
4	17	14		אֲבִ֥י	1	HNcmsc	13g5n
4	17	15		אֶשְׁתְּמֹֽעַ	851	HNp	13jmB
4	18	1		וְ/אִשְׁתּ֣/וֹ	c/802	HC/Ncfsc/Sp3ms	13kmE
4	18	2		הַ/יְהֻדִיָּ֗ה	d/3057	HTd/Ngfsa	13hyH
4	18	3		יָלְדָ֞ה	3205	HVqp3fs	13DMx
4	18	4		אֶת	853	HTo	13D1c
4	18	5		יֶ֨רֶד	3382	HNp	13sgn
4	18	6		אֲבִ֤י	1	HNcmsc	13cLA
4	18	7		גְדוֹר֙	1446	HNp	13Jrt
4	18	8		וְ/אֶת	c/853	HC/To	13jwP
4	18	9		חֶ֨בֶר֙	2268	HNp	13XZe
4	18	10		אֲבִ֣י	1	HNcmsc	13dip
4	18	11		שׂוֹכ֔וֹ	7755	HNp	13f7v
4	18	12		וְ/אֶת	c/853	HC/To	135hr
4	18	13		יְקֽוּתִיאֵ֖ל	3354	HNp	13RDs
4	18	14		אֲבִ֣י	1	HNcmsc	13Tvm
4	18	15		זָנ֑וֹחַ	2182	HNp	131vy
4	18	16		וְ/אֵ֗לֶּה	c/428	HC/Pdxcp	13JzC
4	18	17		בְּנֵי֙	1121 a	HNcmpc	13Pv9
4	18	18		בִּתְיָ֣ה	1332	HNp	13u6Y
4	18	19		בַת	1323	HNcfsc	13iTM
4	18	20		פַּרְעֹ֔ה	6547	HNp	13jDe
4	18	21		אֲשֶׁ֥ר	834 a	HTr	13uHz
4	18	22		לָקַ֖ח	3947	HVqp3ms	132iJ
4	18	23		מָֽרֶד	4778	HNp	13evD
4	19	1		וּ/בְנֵי֙	c/1121 a	HC/Ncmpc	13vKo
4	19	2		אֵ֣שֶׁת	802	HNcfsc	13mvJ
4	19	3		הֽוֹדִיָּ֔ה	1940	HNp	13pDQ
4	19	4		אֲח֣וֹת	269	HNcfsc	13deG
4	19	5		נַ֔חַם	5163	HNp	13Nvj
4	19	6		אֲבִ֥י	1	HNcmsc	13Gye
4	19	7		קְעִילָ֖ה	7084	HNp	13qCo
4	19	8		הַ/גַּרְמִ֑י	d/1636	HTd/Ngmsa	13h3K
4	19	9		וְ/אֶשְׁתְּמֹ֖עַ	c/851	HC/Np	13USJ
4	19	10		הַ/מַּעֲכָתִֽי	d/4602	HTd/Ngmsa	13rMp
4	20	1		וּ/בְנֵ֣י	c/1121 a	HC/Ncmpc	13sd2
4	20	2		שִׁימ֔וֹן	7889	HNp	13Ssu
4	20	3		אַמְנ֣וֹן	550	HNp	13x1x
4	20	4		וְ/רִנָּ֔ה	c/7441	HC/Np	13w5T
4	20	5		בֶּן	1135+	HNp	13FrL
4	20	6		חָנָ֖ן	1135	HNp	13q3X
4	20	7	x-ketiv	ו/תולון	c/8436	HC/Np	13YjW
4	20	8		וְ/תִיל֑וֹן	c/8436	HC/Np	134i9
4	20	9		וּ/בְנֵ֣י	c/1121 a	HC/Ncmpc	13Afw
4	20	10		יִשְׁעִ֔י	3469	HNp	13Vcq
4	20	11		זוֹחֵ֖ת	2105	HNp	13eF7
4	20	12		וּ/בֶן	c/1132+	HC/Np	13wPX
4	20	13		זוֹחֵֽת	1132	HNp	13tUi
4	21	1		בְּנֵי֙	1121 a	HNcmpc	13S6i
4	21	2		שֵׁלָ֣ה	7956	HNp	13KNH
4	21	3		בֶן	1121 a	HNcmsc	13XUc
4	21	4		יְהוּדָ֔ה	3063	HNp	13KGa
4	21	5		עֵ֚ר	6147	HNp	13jzU
4	21	6		אֲבִ֣י	1	HNcmsc	133ws
4	21	7		לֵכָ֔ה	3922	HNp	13nkE
4	21	8		וְ/לַעְדָּ֖ה	c/3935	HC/Np	13UeK
4	21	9		אֲבִ֣י	1	HNcmsc	13CYD
4	21	10		מָרֵשָׁ֑ה	4762	HNp	139gs
4	21	11		וּ/מִשְׁפְּח֛וֹת	c/4940	HC/Ncfpc	13GTQ
4	21	12		בֵּית	1004 b	HNcmsc	13gKo
4	21	13		עֲבֹדַ֥ת	5656	HNcfsc	13oZb
4	21	14		הַ/בֻּ֖ץ	d/948	HTd/Ncmsa	13KCy
4	21	15		לְ/בֵ֥ית	l/1004 b	HR/Ncmsc	13juz
4	21	16		אַשְׁבֵּֽעַ	791	HNp	13DH2
4	22	1		וְ/יוֹקִ֞ים	c/3137	HC/Np	134VF
4	22	2		וְ/אַנְשֵׁ֣י	c/376	HC/Ncmpc	1372H
4	22	3		כֹזֵבָ֗א	3578	HNp	1325j
4	22	4		וְ/יוֹאָ֧שׁ	c/3101	HC/Np	13Vo3
4	22	5		וְ/שָׂרָ֛ף	c/8315	HC/Np	13dhD
4	22	6		אֲשֶׁר	834 a	HTr	136uw
4	22	7		בָּעֲל֥וּ	1166	HVqp3cp	13zjv
4	22	8		לְ/מוֹאָ֖ב	l/4124	HR/Np	131Mn
4	22	9		וְ/יָשֻׁ֣בִי	c/3433+	HC/Np	136qW
4	22	10		לָ֑חֶם	3433	HNp	13Zjx
4	22	11		וְ/הַ/דְּבָרִ֖ים	c/d/1697	HC/Td/Ncmpa	13aoZ
4	22	12		עַתִּיקִֽים	6267	HAampa	13EJP
4	23	1		הֵ֚מָּה	1992	HPp3mp	134HM
4	23	2		הַ/יּ֣וֹצְרִ֔ים	d/3335	HTd/Vqrmpa	13EjA
4	23	3		וְ/יֹשְׁבֵ֥י	c/3427	HC/Vqrmpc	13E1f
4	23	4		נְטָעִ֖ים	5196	HNp	13Hwq
4	23	5		וּ/גְדֵרָ֑ה	c/1448	HC/Np	13MWU
4	23	6		עִם	5973 a	HR	13vD2
4	23	7		הַ/מֶּ֥לֶךְ	d/4428	HTd/Ncmsa	13ygZ
4	23	8		בִּ/מְלַאכְתּ֖/וֹ	b/4399	HR/Ncfsc/Sp3ms	136YP
4	23	9		יָ֥שְׁבוּ	3427	HVqp3cp	13UhH
4	23	10		שָֽׁם	8033	HD	13MSM
4	24	1		בְּנֵ֖י	1121 a	HNcmpc	13TYN
4	24	2		שִׁמְע֑וֹן	8095	HNp	13cMr
4	24	3		נְמוּאֵ֣ל	5241	HNp	134Up
4	24	4		וְ/יָמִ֔ין	c/3226	HC/Np	13pa1
4	24	5		יָרִ֖יב	3402	HNp	13GDg
4	24	6		זֶ֥רַח	2226	HNp	13ZxK
4	24	7		שָׁאֽוּל	7586	HNp	13KpZ
4	25	1		שַׁלֻּ֥ם	7967	HNp	13nwq
4	25	2		בְּנ֛/וֹ	1121 a	HNcmsc/Sp3ms	13Lgy
4	25	3		מִבְשָׂ֥ם	4017	HNp	135AY
4	25	4		בְּנ֖/וֹ	1121 a	HNcmsc/Sp3ms	13HUX
4	25	5		מִשְׁמָ֥ע	4927	HNp	13RYU
4	25	6		בְּנֽ/וֹ	1121 a	HNcmsc/Sp3ms	133Q1
4	26	1		וּ/בְנֵ֖י	c/1121 a	HC/Ncmpc	13ikx
4	26	2		מִשְׁמָ֑ע	4927	HNp	135Xt
4	26	3		חַמּוּאֵ֥ל	2536	HNp	138jj
4	26	4		בְּנ֛/וֹ	1121 a	HNcmsc/Sp3ms	133v4
4	26	5		זַכּ֥וּר	2139	HNp	13hFh
4	26	6		בְּנ֖/וֹ	1121 a	HNcmsc/Sp3ms	133it
4	26	7		שִׁמְעִ֥י	8096	HNp	13pf7
4	26	8		בְנֽ/וֹ	1121 a	HNcmsc/Sp3ms	13Dne
4	27	1		וּ/לְ/שִׁמְעִ֞י	c/l/8096	HC/R/Np	13fqZ
4	27	2		בָּנִ֨ים	1121 a	HNcmpa	137ev
4	27	3		שִׁשָּׁ֤ה	8337	HAcmsa	13eWV
4	27	4		עָשָׂר֙	6240	HAcmsa	13DUZ
4	27	5		וּ/בָנ֣וֹת	c/1323	HC/Ncfpa	13abv
4	27	6		שֵׁ֔שׁ	8337	HAcfsa	139XH
4	27	7		וּ/לְ/אֶחָ֕י/ו	c/l/251	HC/R/Ncmpc/Sp3ms	13tui
4	27	8		אֵ֖ין	369	HTn	135mW
4	27	9		בָּנִ֣ים	1121 a	HNcmpa	139p4
4	27	10		רַבִּ֑ים	7227 a	HAampa	131AP
4	27	11		וְ/כֹל֙	c/3605	HC/Ncmsc	13Dh6
4	27	12		מִשְׁפַּחְתָּ֔/ם	4940	HNcfsc/Sp3mp	13q22
4	27	13		לֹ֥א	3808	HTn	13Z1p
4	27	14		הִרְבּ֖וּ	7235 a	HVhp3cp	134mF
4	27	15		עַד	5704	HR	13PJU
4	27	16		בְּנֵ֥י	1121 a	HNcmpc	13eKG
4	27	17		יְהוּדָֽה	3063	HNp	13Anx
4	28	1		וַ/יֵּֽשְׁב֛וּ	c/3427	HC/Vqw3mp	13kWB
4	28	2		בִּ/בְאֵֽר	b/884+	HR/Np	1326j
4	28	3		שֶׁ֥בַע	884	HAcfsa	13ZiN
4	28	4		וּ/מוֹלָדָ֖ה	c/4137	HC/Np	13NAb
4	28	5		וַ/חֲצַ֥ר	c/2705+	HC/Np	13NJS
4	28	6		שׁוּעָֽל	2705	HNp	13S4e
4	29	1		וּ/בְ/בִלְהָ֥ה	c/b/1090 b	HC/R/Np	13cZG
4	29	2		וּ/בְ/עֶ֖צֶם	c/b/6107	HC/R/Np	13Nqf
4	29	3		וּ/בְ/תוֹלָֽד	c/b/8434	HC/R/Np	13tKV
4	30	1		וּ/בִ/בְתוּאֵ֥ל	c/b/1328 b	HC/R/Np	13hpd
4	30	2		וּ/בְ/חָרְמָ֖ה	c/b/2767	HC/R/Np	13CAC
4	30	3		וּ/בְ/צִֽיקְלָֽג	c/b/6860	HC/R/Np	13MBs
4	31	1		וּ/בְ/בֵ֤ית	c/b/1024+	HC/R/Np	13uCk
4	31	2		מַרְכָּבוֹת֙	1024	HNp	13KHf
4	31	3		וּ/בַ/חֲצַ֣ר	c/b/2702+	HC/R/Np	13bcM
4	31	4		סוּסִ֔ים	2702	HNp	13mry
4	31	5		וּ/בְ/בֵ֥ית	c/b/1011+	HC/R/Np	13e4r
4	31	6		בִּרְאִ֖י	1011	HNp	13rFe
4	31	7		וּֽ/בְ/שַׁעֲרָ֑יִם	c/b/8189	HC/R/Np	13bu5
4	31	8		אֵ֥לֶּה	428	HPdxcp	13nfi
4	31	9		עָרֵי/הֶ֖ם	5892 b	HNcfpc/Sp3mp	13kkD
4	31	10		עַד	5704	HR	13EPr
4	31	11		מְלֹ֥ךְ	4427 a	HVqc	13KoZ
4	31	12		דָּוִֽיד	1732	HNp	13A4n
4	32	1		וְ/חַצְרֵי/הֶם֙	c/2691 a	HC/Ncbpc/Sp3mp	13Eq3
4	32	2		עֵיטָ֣ם	5862	HNp	134c8
4	32	3		וָ/עַ֔יִן	c/5871	HC/Np	13Npb
4	32	4		רִמּ֥וֹן	7417 c	HNp	13ETF
4	32	5		וְ/תֹ֖כֶן	c/8507	HC/Np	13TmV
4	32	6		וְ/עָשָׁ֑ן	c/6228	HC/Np	13tBT
4	32	7		עָרִ֖ים	5892 b	HNcfpa	13BBm
4	32	8		חָמֵֽשׁ	2568	HAcfsa	13qKL
4	33	1		וְ/כָל	c/3605	HC/Ncmsc	13qip
4	33	2		חַצְרֵי/הֶ֗ם	2691 a	HNcbpc/Sp3mp	13p4D
4	33	3		אֲשֶׁ֧ר	834 a	HTr	13G5R
4	33	4		סְבִיב֛וֹת	5439	HNcbpc	13GXr
4	33	5		הֶ/עָרִ֥ים	d/5892 b	HTd/Ncfpa	13XSa
4	33	6		הָ/אֵ֖לֶּה	d/428	HTd/Pdxcp	13bsA
4	33	7		עַד	5704	HR	13nnJ
4	33	8		בָּ֑עַל	1168 b	HNp	13b2r
4	33	9		זֹ֚את	2063	HPdxfs	13Tzx
4	33	10		מוֹשְׁבֹתָ֔/ם	4186	HNcmpc/Sp3mp	13fTQ
4	33	11		וְ/הִתְיַחְשָׂ֖/ם	c/3187	HC/Vtc/Sp3mp	13nCu
4	33	12		לָ/הֶֽם	l	HR/Sp3mp	13Gds
4	34	1		וּ/מְשׁוֹבָ֣ב	c/4877	HC/Np	139cC
4	34	2		וְ/יַמְלֵ֔ךְ	c/3230	HC/Np	13Y4b
4	34	3		וְ/יוֹשָׁ֖ה	c/3144	HC/Np	13RWu
4	34	4		בֶּן	1121 a	HNcmsc	13MLc
4	34	5		אֲמַצְיָֽה	558	HNp	13DKB
4	35	1		וְ/יוֹאֵ֑ל	c/3100	HC/Np	13h2V
4	35	2		וְ/יֵהוּא֙	c/3058	HC/Np	13Z2k
4	35	3		בֶּן	1121 a	HNcmsc	135VT
4	35	4		י֣וֹשִׁבְיָ֔ה	3143	HNp	138JC
4	35	5		בֶּן	1121 a	HNcmsc	13Lqq
4	35	6		שְׂרָיָ֖ה	8304	HNp	13qDM
4	35	7		בֶּן	1121 a	HNcmsc	13qqx
4	35	8		עֲשִׂיאֵֽל	6221	HNp	13Q3F
4	36	1		וְ/אֶלְיוֹעֵינַ֡י	c/454 b	HC/Np	132Kw
4	36	2		וְֽ/יַעֲקֹ֡בָה	c/3291	HC/Np	13jCk
4	36	3		וִ֠/ישׁוֹחָיָה	c/3439	HC/Np	13jJB
4	36	4		וַ/עֲשָׂיָ֧ה	c/6222	HC/Np	132Ur
4	36	5		וַ/עֲדִיאֵ֛ל	c/5717	HC/Np	13bTz
4	36	6		וִ/ישִׂימִאֵ֖ל	c/3450	HC/Np	13CfS
4	36	7		וּ/בְנָיָֽה	c/1141	HC/Np	13RZe
4	37	1		וְ/זִיזָ֨א	c/2124	HC/Np	13jDT
4	37	2		בֶן	1121 a	HNcmsc	13euw
4	37	3		שִׁפְעִ֧י	8230	HNp	13WXb
4	37	4		בֶן	1121 a	HNcmsc	13KPQ
4	37	5		אַלּ֛וֹן	438	HNp	13wNE
4	37	6		בֶּן	1121 a	HNcmsc	13rtc
4	37	7		יְדָיָ֥ה	3042	HNp	13xpP
4	37	8		בֶן	1121 a	HNcmsc	13yvH
4	37	9		שִׁמְרִ֖י	8113	HNp	13456
4	37	10		בֶּן	1121 a	HNcmsc	13neV
4	37	11		שְׁמַֽעְיָֽה	8098	HNp	13bEv
4	38	1		אֵ֚לֶּה	428	HPdxcp	13yWa
4	38	2		הַ/בָּאִ֣ים	d/935	HTd/Vqrmpa	13PL3
4	38	3		בְּ/שֵׁמ֔וֹת	b/8034	HR/Ncmpa	131SP
4	38	4		נְשִׂיאִ֖ים	5387 a	HNcmpa	13TZB
4	38	5		בְּ/מִשְׁפְּחוֹתָ֑/ם	b/4940	HR/Ncfpc/Sp3mp	13fd5
4	38	6		וּ/בֵית֙	c/1004 b	HC/Ncmsc	13GYA
4	38	7		אֲב֣וֹתֵי/הֶ֔ם	1	HNcmpc/Sp3mp	13K5D
4	38	8		פָּרְצ֖וּ	6555	HVqp3cp	137rm
4	38	9		לָ/רֽוֹב	l/7230	HR/Ncbsa	13aFY
4	39	1		וַ/יֵּלְכוּ֙	c/3212	HC/Vqw3mp	13F4N
4	39	2		לִ/מְב֣וֹא	l/3996	HR/Ncmsc	13Q12
4	39	3		גְדֹ֔ר	1446	HNp	13EF4
4	39	4		עַ֖ד	5704	HR	13pmF
4	39	5		לְ/מִזְרַ֣ח	l/4217	HR/Ncmsc	13124
4	39	6		הַ/גָּ֑יְא	d/1516	HTd/Ncbsa	13rtz
4	39	7		לְ/בַקֵּ֥שׁ	l/1245	HR/Vpc	13H8n
4	39	8		מִרְעֶ֖ה	4829	HNcmsa	13dV3
4	39	9		לְ/צֹאנָֽ/ם	l/6629	HR/Ncbsc/Sp3mp	13QKM
4	40	1		וַֽ/יִּמְצְא֤וּ	c/4672	HC/Vqw3mp	137pu
4	40	2		מִרְעֶה֙	4829	HNcmsa	13dwS
4	40	3		שָׁמֵ֣ן	8082	HAamsa	13A8T
4	40	4		וָ/ט֔וֹב	c/2896 a	HC/Aamsa	13eKy
4	40	5		וְ/הָ/אָ֨רֶץ֙	c/d/776	HC/Td/Ncbsa	1399H
4	40	6		רַחֲבַ֣ת	7342	HAafsc	13Eat
4	40	7		יָדַ֔יִם	3027	HNcbda	13GJt
4	40	8		וְ/שֹׁקֶ֖טֶת	c/8252	HC/Vqrfsa	13aUT
4	40	9		וּ/שְׁלֵוָ֑ה	c/7961	HC/Aafsa	13thm
4	40	10		כִּ֣י	3588 a	HC	13o4f
4	40	11		מִן	4480 a	HR	13iaj
4	40	12		חָ֔ם	2526	HNp	13BKq
4	40	13		הַ/יֹּשְׁבִ֥ים	d/3427	HTd/Vqrmpa	13zK3
4	40	14		שָׁ֖ם	8033	HD	13rJJ
4	40	15		לְ/פָנִֽים	l/6440	HR/Ncbpa	13uEK
4	41	1		וַ/יָּבֹ֡אוּ	c/935	HC/Vqw3mp	1331Q
4	41	2		אֵלֶּה֩	428	HPdxcp	138XT
4	41	3		הַ/כְּתוּבִ֨ים	d/3789	HTd/Vqsmpa	13KRB
4	41	4		בְּ/שֵׁמ֜וֹת	b/8034	HR/Ncmpa	13Vir
4	41	5		בִּ/ימֵ֣י	b/3117	HR/Ncmpc	13Bi2
4	41	6		יְחִזְקִיָּ֣הוּ	2396	HNp	13DdX
4	41	7		מֶֽלֶךְ	4428	HNcmsc	13FaQ
4	41	8		יְהוּדָ֗ה	3063	HNp	13MTx
4	41	9		וַ/יַּכּ֨וּ	c/5221	HC/Vhw3mp	13eeu
4	41	10		אֶת	853	HTo	13u2K
4	41	11		אָהֳלֵי/הֶ֜ם	168	HNcmpc/Sp3mp	13Ji5
4	41	12		וְ/אֶת	c/853	HC/To	13sRx
4	41	13	x-ketiv	ה/מעינים	d/4586	HTd/Ngmpa	13oGS
4	41	14		הַ/מְּעוּנִ֨ים	d/4586	HTd/Ngmpa	13ojQ
4	41	15		אֲשֶׁ֤ר	834 a	HTr	138eL
4	41	16		נִמְצְאוּ	4672	HVNp3cp	13JUj
4	41	17		שָׁ֨מָּ/ה֙	8033	HD/Sd	13Gmx
4	41	18		וַ/יַּחֲרִימֻ/ם֙	c/2763 a	HC/Vhw3mp/Sp3mp	13zqp
4	41	19		עַד	5704	HR	13Z4n
4	41	20		הַ/יּ֣וֹם	d/3117	HTd/Ncmsa	13EBC
4	41	21		הַ/זֶּ֔ה	d/2088	HTd/Pdxms	13Qrj
4	41	22		וַ/יֵּשְׁב֖וּ	c/3427	HC/Vqw3mp	13zcn
4	41	23		תַּחְתֵּי/הֶ֑ם	8478	HR/Sp3mp	13htk
4	41	24		כִּֽי	3588 a	HC	13mPM
4	41	25		מִרְעֶ֥ה	4829	HNcmsa	13rNM
4	41	26		לְ/צֹאנָ֖/ם	l/6629	HR/Ncbsc/Sp3mp	13mxT
4	41	27		שָֽׁם	8033	HD	13JFY
4	42	1		וּ/מֵ/הֶ֣ם	c/m	HC/R/Sp3mp	13tNW
4	42	2		מִן	4480 a	HR	13vVg
4	42	3		בְּנֵ֣י	1121 a	HNcmpc	13GsN
4	42	4		שִׁמְע֗וֹן	8095	HNp	13ESe
4	42	5		הָלְכוּ֙	1980	HVqp3cp	132xq
4	42	6		לְ/הַ֣ר	l/2022	HR/Ncmsc	13Gta
4	42	7		שֵׂעִ֔יר	8165 a	HNp	13NA7
4	42	8		אֲנָשִׁ֖ים	376	HNcmpa	139KR
4	42	9		חֲמֵ֣שׁ	2568	HAcfsa	13R5N
4	42	10		מֵא֑וֹת	3967	HAcbpa	13Rom
4	42	11		וּ/פְלַטְיָ֡ה	c/6410	HC/Np	13L7X
4	42	12		וּ֠/נְעַרְיָה	c/5294	HC/Np	13ZEr
4	42	13		וּ/רְפָיָ֧ה	c/7509	HC/Np	13G6B
4	42	14		וְ/עֻזִּיאֵ֛ל	c/5816	HC/Np	13a5r
4	42	15		בְּנֵ֥י	1121 a	HNcmpc	13CBu
4	42	16		יִשְׁעִ֖י	3469	HNp	13h7x
4	42	17		בְּ/רֹאשָֽׁ/ם	b/7218 a	HR/Ncmsc/Sp3mp	13vJb
4	43	1		וַ/יַּכּ֕וּ	c/5221	HC/Vhw3mp	13aNN
4	43	2		אֶת	853	HTo	13kZd
4	43	3		שְׁאֵרִ֥ית	7611	HNcfsc	13p5b
4	43	4		הַ/פְּלֵטָ֖ה	d/6413	HTd/Ncfsa	13X2y
4	43	5		לַ/עֲמָלֵ֑ק	l/6002	HR/Np	13PMj
4	43	6		וַ/יֵּ֣שְׁבוּ	c/3427	HC/Vqw3mp	13ZCR
4	43	7		שָׁ֔ם	8033	HD	13m4e
4	43	8		עַ֖ד	5704	HR	13PRD
4	43	9		הַ/יּ֥וֹם	d/3117	HTd/Ncmsa	13kKo
4	43	10		הַ/זֶּֽה	d/2088	HTd/Pdxms	132fb
5	1	1		וּ/בְנֵ֨י	c/1121 a	HC/Ncmpc	13NeN
5	1	2		רְאוּבֵ֥ן	7205	HNp	135Jm
5	1	3		בְּכֽוֹר	1060	HNcmsc	13GUj
5	1	4		יִשְׂרָאֵל֮	3478	HNp	13aUh
5	1	5		כִּ֣י	3588 a	HC	13ik6
5	1	6		ה֣וּא	1931	HPp3ms	13R15
5	1	7		הַ/בְּכוֹר֒	d/1060	HTd/Ncmsa	13fmL
5	1	8		וּֽ/בְ/חַלְּל/וֹ֙	c/b/2490 c	HC/R/Vpc/Sp3ms	13Vez
5	1	9		יְצוּעֵ֣י	3326 a	HNcmpc	135sh
5	1	10		אָבִ֔י/ו	1	HNcmsc/Sp3ms	13Dmo
5	1	11		נִתְּנָה֙	5414	HVNp3fs	13S76
5	1	12		בְּכֹ֣רָת֔/וֹ	1062	HNcbsc/Sp3ms	133U9
5	1	13		לִ/בְנֵ֥י	l/1121 a	HR/Ncmpc	133iN
5	1	14		יוֹסֵ֖ף	3130	HNp	135vj
5	1	15		בֶּן	1121 a	HNcmsc	13iTL
5	1	16		יִשְׂרָאֵ֑ל	3478	HNp	13Vwr
5	1	17		וְ/לֹ֥א	c/3808	HC/Tn	13Qra
5	1	18		לְ/הִתְיַחֵ֖שׂ	l/3187	HR/Vtc	13aLf
5	1	19		לַ/בְּכֹרָֽה	l/1062	HRd/Ncbsa	13B4a
5	2	1		כִּ֤י	3588 a	HC	13KJD
5	2	2		יְהוּדָה֙	3063	HNp	13wfG
5	2	3		גָּבַ֣ר	1396	HVqp3ms	13QVj
5	2	4		בְּ/אֶחָ֔י/ו	b/251	HR/Ncmpc/Sp3ms	13tLr
5	2	5		וּ/לְ/נָגִ֖יד	c/l/5057	HC/R/Ncmsa	13xhW
5	2	6		מִמֶּ֑/נּוּ	4480 a	HR/Sp1cp	13UrB
5	2	7		וְ/הַ/בְּכֹרָ֖ה	c/d/1062	HC/Td/Ncbsa	13NGV
5	2	8		לְ/יוֹסֵֽף	l/3130	HR/Np	13GWv
5	3	1		בְּנֵ֥י	1121 a	HNcmpc	13Eei
5	3	2		רְאוּבֵ֖ן	7205	HNp	13L97
5	3	3		בְּכ֣וֹר	1060	HNcmsc	13uSP
5	3	4		יִשְׂרָאֵ֑ל	3478	HNp	13vkL
5	3	5		חֲנ֥וֹךְ	2585	HNp	1364X
5	3	6		וּ/פַלּ֖וּא	c/6396	HC/Np	13UXX
5	3	7		חֶצְר֥וֹן	2696	HNp	13mec
5	3	8		וְ/כַרְמִֽי	c/3756	HC/Np	13oQV
5	4	1		בְּנֵ֖י	1121 a	HNcmpc	13NrV
5	4	2		יוֹאֵ֑ל	3100	HNp	13am3
5	4	3		שְׁמַֽעְיָ֥ה	8098	HNp	13pwA
5	4	4		בְנ֛/וֹ	1121 a	HNcmsc/Sp3ms	13tJ1
5	4	5		גּ֥וֹג	1463	HNp	13wT4
5	4	6		בְּנ֖/וֹ	1121 a	HNcmsc/Sp3ms	134QP
5	4	7		שִׁמְעִ֥י	8096	HNp	13esN
5	4	8		בְנֽ/וֹ	1121 a	HNcmsc/Sp3ms	13tos
5	5	1		מִיכָ֥ה	4318	HNp	13YNQ
5	5	2		בְנ֛/וֹ	1121 a	HNcmsc/Sp3ms	13H41
5	5	3		רְאָיָ֥ה	7211	HNp	13uyq
5	5	4		בְנ֖/וֹ	1121 a	HNcmsc/Sp3ms	13i8S
5	5	5		בַּ֥עַל	1168 b	HNp	136z9
5	5	6		בְּנֽ/וֹ	1121 a	HNcmsc/Sp3ms	135Py
5	6	1		בְּאֵרָ֣ה	880	HNp	13AHL
5	6	2		בְנ֔/וֹ	1121 a	HNcmsc/Sp3ms	13xF2
5	6	3		אֲשֶׁ֣ר	834 a	HTr	13rbR
5	6	4		הֶגְלָ֔ה	1540	HVhp3ms	13deN
5	6	5		תִּלְּגַ֥ת	8407+	HNp	13m4c
5	6	6		פִּלְנְאֶ֖סֶר	8407	HNp	13Lrp
5	6	7		מֶ֣לֶךְ	4428	HNcmsc	13c4q
5	6	8		אַשֻּׁ֑ר	804	HNp	13xqq
5	6	9		ה֥וּא	1931	HPp3ms	13XdH
5	6	10		נָשִׂ֖יא	5387 a	HNcmsa	13NvG
5	6	11		לָ/רֽאוּבֵנִֽי	l/7206	HRd/Ngmsa	13vnB
5	7	1		וְ/אֶחָי/ו֙	c/251	HC/Ncmpc/Sp3ms	13U2p
5	7	2		לְ/מִשְׁפְּחֹתָ֔י/ו	l/4940	HR/Ncfpc/Sp3ms	13SG8
5	7	3		בְּ/הִתְיַחֵ֖שׂ	b/3187	HR/Vtc	13kbN
5	7	4		לְ/תֹלְדוֹתָ֑/ם	l/8435	HR/Ncfpc/Sp3mp	136mC
5	7	5		הָ/רֹ֥אשׁ	d/7218 a	HTd/Ncmsa	13jug
5	7	6		יְעִיאֵ֖ל	3273	HNp	13Vkq
5	7	7		וּ/זְכַרְיָֽהוּ	c/2148 a	HC/Np	13kRy
5	8	1		וּ/בֶ֨לַע֙	c/1106 a	HC/Np	134Jr
5	8	2		בֶּן	1121 a	HNcmsc	13AJD
5	8	3		עָזָ֔ז	5811	HNp	13w7S
5	8	4		בֶּן	1121 a	HNcmsc	13bwc
5	8	5		שֶׁ֖מַע	8087	HNp	13tSL
5	8	6		בֶּן	1121 a	HNcmsc	13HZZ
5	8	7		יוֹאֵ֑ל	3100	HNp	13Bo3
5	8	8		ה֚וּא	1931	HPp3ms	13Mos
5	8	9		יוֹשֵׁ֣ב	3427	HVqrmsa	13JJB
5	8	10		בַּ/עֲרֹעֵ֔ר	b/6177	HR/Np	13yAj
5	8	11		וְ/עַד	c/5704	HC/R	13Gon
5	8	12		נְב֖וֹ	5015 a	HNp	13Fu4
5	8	13		וּ/בַ֥עַל	c/1186+	HC/Np	13UxF
5	8	14		מְעֽוֹן	1186	HNp	13u5M
5	9	1		וְ/לַ/מִּזְרָ֗ח	c/l/4217	HC/Rd/Ncmsa	13jQ2
5	9	2		יָשַׁב֙	3427	HVqp3ms	1326m
5	9	3		עַד	5704	HR	13pu5
5	9	4		לְ/ב֣וֹא	l/935	HR/Vqc	13eof
5	9	5		מִדְבָּ֔רָ/ה	4057 b	HNcmsa/Sd	134Th
5	9	6		לְ/מִן	l/4480 a	HR/R	13x6W
5	9	7		הַ/נָּהָ֖ר	d/5104	HTd/Ncmsa	13Dux
5	9	8		פְּרָ֑ת	6578	HNp	13txJ
5	9	9		כִּ֧י	3588 a	HC	13pBm
5	9	10		מִקְנֵי/הֶ֛ם	4735	HNcmsc/Sp3mp	13HLf
5	9	11		רָב֖וּ	7235 a	HVqp3cp	13gJx
5	9	12		בְּ/אֶ֥רֶץ	b/776	HR/Ncbsc	13rPn
5	9	13		גִּלְעָֽד	1568	HNp	13BPG
5	10	1		וּ/בִ/ימֵ֣י	c/b/3117	HC/R/Ncmpc	13jZJ
5	10	2		שָׁא֗וּל	7586	HNp	13xoW
5	10	3		עָשׂ֤וּ	6213 a	HVqp3cp	13ZXZ
5	10	4		מִלְחָמָה֙	4421	HNcfsa	13ybM
5	10	5		עִם	5973 a	HR	13JT8
5	10	6		הַֽ/הַגְרִאִ֔ים	d/1905	HTd/Ngmpa	13T2X
5	10	7		וַֽ/יִּפְּל֖וּ	c/5307	HC/Vqw3mp	132GL
5	10	8		בְּ/יָדָ֑/ם	b/3027	HR/Ncbsc/Sp3mp	13e2V
5	10	9		וַ/יֵּשְׁבוּ֙	c/3427	HC/Vqw3mp	13dGs
5	10	10		בְּ/אָ֣הֳלֵי/הֶ֔ם	b/168	HR/Ncmpc/Sp3mp	132Mh
5	10	11		עַֽל	5921 a	HR	13J1i
5	10	12		כָּל	3605	HNcmsc	13xua
5	10	13		פְּנֵ֖י	6440	HNcbpc	137BX
5	10	14		מִזְרָ֥ח	4217	HNcmsa	13mim
5	10	15		לַ/גִּלְעָֽד	l/1568	HRd/Np	13Hbd
5	11	1		וּ/בְנֵי	c/1121 a	HC/Ncmpc	13SSi
5	11	2		גָ֣ד	1410	HNp	13iS2
5	11	3		לְ/נֶגְדָּ֗/ם	l/5048	HR/R/Sp3mp	13Ua3
5	11	4		יָֽשְׁב֛וּ	3427	HVqp3cp	13X8d
5	11	5		בְּ/אֶ֥רֶץ	b/776	HR/Ncbsc	13ASF
5	11	6		הַ/בָּשָׁ֖ן	d/1316	HTd/Np	13qNw
5	11	7		עַד	5704	HR	133PW
5	11	8		סַלְכָֽה	5548	HNp	13ZDB
5	12	1		יוֹאֵ֣ל	3100	HNp	13Fr5
5	12	2		הָ/רֹ֔אשׁ	d/7218 a	HTd/Ncmsa	1331V
5	12	3		וְ/שָׁפָ֖ם	c/8223	HC/Np	13iWv
5	12	4		הַ/מִּשְׁנֶ֑ה	d/4932	HTd/Ncmsa	13vzh
5	12	5		וְ/יַעְנַ֥י	c/3285	HC/Np	13G27
5	12	6		וְ/שָׁפָ֖ט	c/8202	HC/Np	13Jbv
5	12	7		בַּ/בָּשָֽׁן	b/1316	HRd/Np	13oWA
5	13	1		וַ/אֲחֵי/הֶ֞ם	c/251	HC/Ncmpc/Sp3mp	13ZK9
5	13	2		לְ/בֵ֣ית	l/1004 b	HR/Ncmsc	13yjm
5	13	3		אֲבוֹתֵי/הֶ֗ם	1	HNcmpc/Sp3mp	13yxA
5	13	4		מִֽיכָאֵ֡ל	4317	HNp	137ug
5	13	5		וּ/מְשֻׁלָּ֡ם	c/4918	HC/Np	13PGz
5	13	6		וְ֠/שֶׁבַע	c/7652 a	HC/Acfsa	13wpp
5	13	7		וְ/יוֹרַ֧י	c/3140	HC/Np	13PeV
5	13	8		וְ/יַעְכָּ֛ן	c/3275	HC/Np	13zGh
5	13	9		וְ/זִ֥יעַ	c/2127	HC/Np	138sY
5	13	10		וָ/עֵ֖בֶר	c/5677	HC/Np	13Jdo
5	13	11		שִׁבְעָֽה	7651	HAcmsa	136E3
5	14	1		אֵ֣לֶּה	428	HPdxcp	136P5
5	14	2		בְּנֵ֣י	1121 a	HNcmpc	13apQ
5	14	3		אֲבִיחַ֗יִל	32	HNp	13BqY
5	14	4		בֶּן	1121 a	HNcmsc	1349o
5	14	5		חוּרִ֡י	2359	HNp	13fF6
5	14	6		בֶּן	1121 a	HNcmsc	1392K
5	14	7		יָ֠רוֹחַ	3386	HNp	13tGz
5	14	8		בֶּן	1121 a	HNcmsc	13YrC
5	14	9		גִּלְעָ֧ד	1568	HNp	13VrZ
5	14	10		בֶּן	1121 a	HNcmsc	13C6S
5	14	11		מִיכָאֵ֛ל	4317	HNp	13vxb
5	14	12		בֶּן	1121 a	HNcmsc	13kjb
5	14	13		יְשִׁישַׁ֥י	3454	HNp	132Vu
5	14	14		בֶּן	1121 a	HNcmsc	13L3Q
5	14	15		יַחְדּ֖וֹ	3163	HNp	13HGZ
5	14	16		בֶּן	1121 a	HNcmsc	1364C
5	14	17		בּֽוּז	938	HNp	136RY
5	15	1		אֲחִי֙	277	HNp	13fA1
5	15	2		בֶּן	1121 a	HNcmsc	13pXr
5	15	3		עַבְדִּיאֵ֣ל	5661	HNp	13WEX
5	15	4		בֶּן	1121 a	HNcmsc	13e9D
5	15	5		גּוּנִ֔י	1476	HNp	13peZ
5	15	6		רֹ֖אשׁ	7218 a	HNcmsa	13CNe
5	15	7		לְ/בֵ֥ית	l/1004 b	HR/Ncmsc	13nm5
5	15	8		אֲבוֹתָֽ/ם	1	HNcmpc/Sp3mp	13orh
5	16	1		וַ/יֵּֽשְׁב֛וּ	c/3427	HC/Vqw3mp	13Acg
5	16	2		בַּ/גִּלְעָ֥ד	b/1568	HRd/Np	13D85
5	16	3		בַּ/בָּשָׁ֖ן	b/1316	HRd/Np	13BUn
5	16	4		וּ/בִ/בְנֹתֶ֑י/הָ	c/b/1323	HC/R/Ncfpc/Sp3fs	13UF1
5	16	5		וּ/בְ/כָֽל	c/b/3605	HC/R/Ncmsc	13zco
5	16	6		מִגְרְשֵׁ֥י	4054	HNcmpc	13GBT
5	16	7		שָׁר֖וֹן	8289	HNp	13h66
5	16	8		עַל	5921 a	HR	136Dk
5	16	9		תּוֹצְאוֹתָֽ/ם	8444	HNcfpc/Sp3mp	13r7r
5	17	1		כֻּלָּ/ם֙	3605	HNcmsc/Sp3mp	13oJg
5	17	2		הִתְיַחְשׂ֔וּ	3187	HVtp3cp	13me1
5	17	3		בִּ/ימֵ֖י	b/3117	HR/Ncmpc	13oxa
5	17	4		יוֹתָ֣ם	3147	HNp	13YiJ
5	17	5		מֶֽלֶךְ	4428	HNcmsc	13Ypk
5	17	6		יְהוּדָ֑ה	3063	HNp	13C33
5	17	7		וּ/בִ/ימֵ֖י	c/b/3117	HC/R/Ncmpc	13W8V
5	17	8		יָרָבְעָ֥ם	3379	HNp	132Z4
5	17	9		מֶֽלֶךְ	4428	HNcmsc	13uX2
5	17	10		יִשְׂרָאֵֽל	3478	HNp	13TPk
5	18	1		בְּנֵֽי	1121 a	HNcmpc	13hdw
5	18	2		רְאוּבֵ֨ן	7205	HNp	13LaJ
5	18	3		וְ/גָדִ֜י	c/1425	HC/Ngmsa	13ZkJ
5	18	4		וַ/חֲצִ֥י	c/2677	HC/Ncmsc	13rrP
5	18	5		שֵֽׁבֶט	7626	HNcmsc	13fqW
5	18	6		מְנַשֶּׁה֮	4519	HNp	13sNS
5	18	7		מִן	4480 a	HR	13Rij
5	18	8		בְּנֵי	1121 a	HNcmpc	13rq9
5	18	9		חַיִל֒	2428	HNcmsa	132pQ
5	18	10		אֲ֠נָשִׁים	376	HNcmpa	13hDH
5	18	11		נֹשְׂאֵ֨י	5375	HVqrmpc	13zCX
5	18	12		מָגֵ֤ן	4043	HNcbsa	13BTq
5	18	13		וְ/חֶ֨רֶב֙	c/2719	HC/Ncfsa	13qmD
5	18	14		וְ/דֹ֣רְכֵי	c/1869	HC/Vqrmpc	13T54
5	18	15		קֶ֔שֶׁת	7198	HNcfsa	13KK7
5	18	16		וּ/לְמוּדֵ֖י	c/3925	HC/Vqsmpc	13xrB
5	18	17		מִלְחָמָ֑ה	4421	HNcfsa	132tb
5	18	18		אַרְבָּעִ֨ים	705	HAcbpa	13AAU
5	18	19		וְ/אַרְבָּעָ֥ה	c/702	HC/Acmsa	13fKo
5	18	20		אֶ֛לֶף	505	HAcbsa	13hrP
5	18	21		וּ/שְׁבַע	c/7651	HC/Acfsa	13NXB
5	18	22		מֵא֥וֹת	3967	HAcbpa	13cv9
5	18	23		וְ/שִׁשִּׁ֖ים	c/8346	HC/Acbpa	138HL
5	18	24		יֹצְאֵ֥י	3318	HVqrmpc	13sDr
5	18	25		צָבָֽא	6635 a	HNcbsa	13Xyc
5	19	1		וַ/יַּעֲשׂ֥וּ	c/6213 a	HC/Vqw3mp	13nYo
5	19	2		מִלְחָמָ֖ה	4421	HNcfsa	13pow
5	19	3		עִם	5973 a	HR	13j9W
5	19	4		הַֽ/הַגְרִיאִ֑ים	d/1905	HTd/Ngmpa	13c3J
5	19	5		וִ/יט֥וּר	c/3195	HC/Np	13a5b
5	19	6		וְ/נָפִ֖ישׁ	c/5305	HC/Np	13wEY
5	19	7		וְ/נוֹדָֽב	c/5114	HC/Np	13EQ4
5	20	1		וַ/יֵּעָזְר֣וּ	c/5826	HC/VNw3mp	13avL
5	20	2		עֲלֵי/הֶ֔ם	5921 a	HR/Sp3mp	137ej
5	20	3		וַ/יִּנָּתְנ֤וּ	c/5414	HC/VNw3mp	13amD
5	20	4		בְ/יָדָ/ם֙	b/3027	HR/Ncbsc/Sp3mp	13VUr
5	20	5		הַֽ/הַגְרִיאִ֔ים	d/1905	HTd/Ngmpa	13yB6
5	20	6		וְ/כֹ֖ל	c/3605	HC/Ncmsa	13c5N
5	20	7		שֶׁ֣/עִמָּ/הֶ֑ם	s/5973 a	HTr/R/Sp3mp	13T55
5	20	8		כִּ֠י	3588 a	HC	13peT
5	20	9		לֵ/אלֹהִ֤ים	l/430	HR/Ncmpa	13Ksj
5	20	10		זָעֲקוּ֙	2199	HVqp3cp	13Z3e
5	20	11		בַּ/מִּלְחָמָ֔ה	b/4421	HRd/Ncfsa	13Kzf
5	20	12		וְ/נַעְתּ֥וֹר	c/6279	HC/VNa	13orc
5	20	13		לָ/הֶ֖ם	l	HR/Sp3mp	1362Y
5	20	14		כִּי	3588 a	HC	13k5t
5	20	15		בָ֥טְחוּ	982	HVqp3cp	13KZM
5	20	16		בֽ/וֹ	b	HR/Sp3ms	13rez
5	21	1		וַ/יִּשְׁבּ֣וּ	c/7617	HC/Vqw3mp	13HUJ
5	21	2		מִקְנֵי/הֶ֗ם	4735	HNcmsc/Sp3mp	13psq
5	21	3		גְּֽמַלֵּי/הֶ֞ם	1581	HNcmpc/Sp3mp	13WRG
5	21	4		חֲמִשִּׁ֥ים	2572	HAcbpa	13wbu
5	21	5		אֶ֨לֶף֙	505	HAcbsa	13Bav
5	21	6		וְ/צֹ֗אן	c/6629	HC/Ncbsa	13GVi
5	21	7		מָאתַ֤יִם	3967	HAcbda	13Csn
5	21	8		וַ/חֲמִשִּׁים֙	c/2572	HC/Acbpa	13R9z
5	21	9		אֶ֔לֶף	505	HAcbsa	13tn3
5	21	10		וַ/חֲמוֹרִ֖ים	c/2543	HC/Ncbpa	13uiF
5	21	11		אַלְפָּ֑יִם	505	HAcbpa	13hmQ
5	21	12		וְ/נֶ֥פֶשׁ	c/5315	HC/Ncbsc	13pj9
5	21	13		אָדָ֖ם	120	HNcmsa	13gza
5	21	14		מֵ֥אָה	3967	HAcbsa	13nh4
5	21	15		אָֽלֶף	505	HAcbsa	13yip
5	22	1		כִּֽי	3588 a	HC	13yhX
5	22	2		חֲלָלִ֤ים	2491 a	HAampa	13Rr8
5	22	3		רַבִּים֙	7227 a	HAampa	13q3q
5	22	4		נָפָ֔לוּ	5307	HVqp3cp	13zBj
5	22	5		כִּ֥י	3588 a	HC	13mM8
5	22	6		מֵ/הָ/אֱלֹהִ֖ים	m/d/430	HR/Td/Ncmpa	13Boi
5	22	7		הַ/מִּלְחָמָ֑ה	d/4421	HTd/Ncfsa	139tu
5	22	8		וַ/יֵּשְׁב֥וּ	c/3427	HC/Vqw3mp	13cJ2
5	22	9		תַחְתֵּי/הֶ֖ם	8478	HR/Sp3mp	13qwa
5	22	10		עַד	5704	HR	13U6p
5	22	11		הַ/גֹּלָֽה	d/1473	HTd/Ncfsa	13gi1
5	23	1		וּ/בְנֵ֗י	c/1121 a	HC/Ncmpc	13zuP
5	23	2		חֲצִי֙	2677	HNcmsc	13RH3
5	23	3		שֵׁ֣בֶט	7626	HNcmsc	13tap
5	23	4		מְנַשֶּׁ֔ה	4519	HNp	13dpu
5	23	5		יָשְׁב֖וּ	3427	HVqp3cp	13bEm
5	23	6		בָּ/אָ֑רֶץ	b/776	HRd/Ncbsa	13jsC
5	23	7		מִ/בָּשָׁ֞ן	m/1316	HR/Np	13VLV
5	23	8		עַד	5704	HR	13RYi
5	23	9		בַּ֧עַל	1179+	HNp	13VMS
5	23	10		חֶרְמ֛וֹן	1179	HNp	13WwP
5	23	11		וּ/שְׂנִ֥יר	c/8149	HC/Np	139hJ
5	23	12		וְ/הַר	c/2022	HC/Ncmsc	13wDc
5	23	13		חֶרְמ֖וֹן	2768	HNp	131ME
5	23	14		הֵ֥מָּה	1992	HPp3mp	13bxs
5	23	15		רָבֽוּ	7235 a	HVqp3cp	13Eya
5	24	1		וְ/אֵ֖לֶּה	c/428	HC/Pdxcp	13bTU
5	24	2		רָאשֵׁ֣י	7218 a	HNcmpc	13Wzj
5	24	3		בֵית	1004 b	HNcmsc	13xVG
5	24	4		אֲבוֹתָ֑/ם	1	HNcmpc/Sp3mp	13Ehm
5	24	5		וְ/עֵ֡פֶר	c/6081	HC/Np	13CAK
5	24	6		וְ/יִשְׁעִ֡י	c/3469	HC/Np	13o3f
5	24	7		וֶ/אֱלִיאֵ֡ל	c/447	HC/Np	13e88
5	24	8		וְ֠/עַזְרִיאֵל	c/5837	HC/Np	13f25
5	24	9		וְ/יִרְמְיָ֨ה	c/3414	HC/Np	13Hww
5	24	10		וְ/הוֹדַוְיָ֜ה	c/1938	HC/Np	13TVz
5	24	11		וְ/יַחְדִּיאֵ֗ל	c/3164	HC/Np	13LRb
5	24	12		אֲנָשִׁים֙	376	HNcmpa	13HAt
5	24	13		גִּבּ֣וֹרֵי	1368	HAampc	13nGv
5	24	14		חַ֔יִל	2428	HNcmsa	13iiv
5	24	15		אַנְשֵׁ֣י	376	HNcmpc	13CVL
5	24	16		שֵׁמ֔וֹת	8034	HNcmpa	139vz
5	24	17		רָאשִׁ֖ים	7218 a	HNcmpa	13NTb
5	24	18		לְ/בֵ֥ית	l/1004 b	HR/Ncmsc	13cvb
5	24	19		אֲבוֹתָֽ/ם	1	HNcmpc/Sp3mp	13B7J
5	25	1		וַ/יִּֽמְעֲל֔וּ	c/4603	HC/Vqw3mp	13XBu
5	25	2		בֵּ/אלֹהֵ֖י	b/430	HR/Ncmpc	13uMM
5	25	3		אֲבוֹתֵי/הֶ֑ם	1	HNcmpc/Sp3mp	13XBy
5	25	4		וַ/יִּזְנ֗וּ	c/2181	HC/Vqw3mp	13Gch
5	25	5		אַחֲרֵי֙	310 a	HR	13tZs
5	25	6		אֱלֹהֵ֣י	430	HNcmpc	13Sx5
5	25	7		עַמֵּי	5971 a	HNcmpc	13mYa
5	25	8		הָ/אָ֔רֶץ	d/776	HTd/Ncbsa	13Fc9
5	25	9		אֲשֶׁר	834 a	HTr	1363V
5	25	10		הִשְׁמִ֥יד	8045	HVhp3ms	13xVx
5	25	11		אֱלֹהִ֖ים	430	HNcmpa	13ZMa
5	25	12		מִ/פְּנֵי/הֶֽם	m/6440	HR/Ncbpc/Sp3mp	13K9n
5	26	1		וַ/יָּעַר֩	c/5782	HC/Vhw3ms	13rsj
5	26	2		אֱלֹהֵ֨י	430	HNcmpc	13QzN
5	26	3		יִשְׂרָאֵ֜ל	3478	HNp	13zQg
5	26	4		אֶת	853	HTo	13s54
5	26	5		ר֣וּחַ	7307	HNcbsc	13ZxQ
5	26	6		פּ֣וּל	6322	HNp	13mBQ
5	26	7		מֶֽלֶךְ	4428	HNcmsc	13kmu
5	26	8		אַשּׁ֗וּר	804	HNp	13Rpd
5	26	9		וְ/אֶת	c/853	HC/To	132xG
5	26	10		ר֨וּחַ֙	7307	HNcbsc	13ex2
5	26	11		תִּלְּגַ֤ת	8407+	HNp	133VA
5	26	12		פִּלְנֶ֨סֶר֙	8407	HNp	13XVR
5	26	13		מֶ֣לֶךְ	4428	HNcmsc	13Lx1
5	26	14		אַשּׁ֔וּר	804	HNp	137zA
5	26	15		וַ/יַּגְלֵ/ם֙	c/1540	HC/Vhw3ms/Sp3mp	13bE4
5	26	16		לָ/ראוּבֵנִ֣י	l/7206	HRd/Ngmsa	13qcU
5	26	17		וְ/לַ/גָּדִ֔י	c/l/1425	HC/Rd/Ngmsa	138e9
5	26	18		וְ/לַ/חֲצִ֖י	c/l/2677	HC/R/Ncmsc	13iuc
5	26	19		שֵׁ֣בֶט	7626	HNcmsc	134pW
5	26	20		מְנַשֶּׁ֑ה	4519	HNp	13tDy
5	26	21		וַ֠/יְבִיאֵ/ם	c/935	HC/Vhw3ms/Sp3mp	13NLe
5	26	22		לַ/חְלַ֨ח	l/2477	HR/Np	13GtD
5	26	23		וְ/חָב֤וֹר	c/2249	HC/Np	13mwz
5	26	24		וְ/הָרָא֙	c/2024	HC/Np	13v4c
5	26	25		וּ/נְהַ֣ר	c/5104	HC/Ncmsc	13SkK
5	26	26		גּוֹזָ֔ן	1470	HNp	135xn
5	26	27		עַ֖ד	5704	HR	13U8y
5	26	28		הַ/יּ֥וֹם	d/3117	HTd/Ncmsa	13G3b
5	26	29		הַ/זֶּֽה	d/2088	HTd/Pdxms	13i4K
5	27	1		בְּנֵ֖י	1121 a	HNcmpc	13Vhq
5	27	2		לֵוִ֑י	3878	HNp	138w5
5	27	3		גֵּרְשׁ֕וֹן	1648	HNp	13XKu
5	27	4		קְהָ֖ת	6955	HNp	13N3Z
5	27	5		וּ/מְרָרִֽי	c/4847	HC/Np	1372P
5	28	1		וּ/בְנֵ֖י	c/1121 a	HC/Ncmpc	13u1j
5	28	2		קְהָ֑ת	6955	HNp	13DBw
5	28	3		עַמְרָ֣ם	6019	HNp	13KyH
5	28	4		יִצְהָ֔ר	3324	HNp	13sK9
5	28	5		וְ/חֶבְר֖וֹן	c/2275 b	HC/Np	13soG
5	28	6		וְ/עֻזִּיאֵֽל	c/5816	HC/Np	13Ggv
5	29	1		וּ/בְנֵ֣י	c/1121 a	HC/Ncmpc	13NRv
5	29	2		עַמְרָ֔ם	6019	HNp	13fdT
5	29	3		אַהֲרֹ֥ן	175	HNp	13qex
5	29	4		וּ/מֹשֶׁ֖ה	c/4872	HC/Np	13GE5
5	29	5		וּ/מִרְיָ֑ם	c/4813	HC/Np	134oz
5	29	6		וּ/בְנֵ֣י	c/1121 a	HC/Ncmpc	136kG
5	29	7		אַהֲרֹ֔ן	175	HNp	13Wuj
5	29	8		נָדָב֙	5070	HNp	136jv
5	29	9		וַ/אֲבִיה֔וּא	c/30	HC/Np	13WSR
5	29	10		אֶלְעָזָ֖ר	499	HNp	13xRq
5	29	11		וְ/אִיתָמָֽר	c/385	HC/Np	13xiv
5	30	1		אֶלְעָזָר֙	499	HNp	13Vhb
5	30	2		הוֹלִ֣יד	3205	HVhp3ms	13Kra
5	30	3		אֶת	853	HTo	13FB9
5	30	4		פִּֽינְחָ֔ס	6372	HNp	13WPN
5	30	5		פִּֽינְחָ֖ס	6372	HNp	13zbb
5	30	6		הֹלִ֥יד	3205	HVhp3ms	13W6k
5	30	7		אֶת	853	HTo	13dcc
5	30	8		אֲבִישֽׁוּעַ	50	HNp	133fz
5	31	1		וַ/אֲבִישׁ֨וּעַ֙	c/50	HC/Np	13pV4
5	31	2		הוֹלִ֣יד	3205	HVhp3ms	13K76
5	31	3		אֶת	853	HTo	13Xvh
5	31	4		בֻּקִּ֔י	1231	HNp	13F23
5	31	5		וּ/בֻקִּ֖י	c/1231	HC/Np	13t9z
5	31	6		הוֹלִ֥יד	3205	HVhp3ms	13whu
5	31	7		אֶת	853	HTo	13ose
5	31	8		עֻזִּֽי	5813	HNp	13min
5	32	1		וְ/עֻזִּי֙	c/5813	HC/Np	13iic
5	32	2		הוֹלִ֣יד	3205	HVhp3ms	13uQX
5	32	3		אֶת	853	HTo	13fqr
5	32	4		זְרַֽחְיָ֔ה	2228	HNp	13gRQ
5	32	5		וּֽ/זְרַֽחְיָ֖ה	c/2228	HC/Np	13oC6
5	32	6		הוֹלִ֥יד	3205	HVhp3ms	13AB9
5	32	7		אֶת	853	HTo	136Bi
5	32	8		מְרָיֽוֹת	4812	HNp	13TKQ
5	33	1		מְרָיוֹת֙	4812	HNp	13sX9
5	33	2		הוֹלִ֣יד	3205	HVhp3ms	13CNX
5	33	3		אֶת	853	HTo	135Jx
5	33	4		אֲמַרְיָ֔ה	568	HNp	13K8B
5	33	5		וַ/אֲמַרְיָ֖ה	c/568	HC/Np	13qTM
5	33	6		הוֹלִ֥יד	3205	HVhp3ms	13kST
5	33	7		אֶת	853	HTo	139ok
5	33	8		אֲחִיטֽוּב	285	HNp	13G8f
5	34	1		וַ/אֲחִיטוּב֙	c/285	HC/Np	13bjL
5	34	2		הוֹלִ֣יד	3205	HVhp3ms	13ant
5	34	3		אֶת	853	HTo	134aq
5	34	4		צָד֔וֹק	6659	HNp	13xLT
5	34	5		וְ/צָד֖וֹק	c/6659	HC/Np	13fns
5	34	6		הוֹלִ֥יד	3205	HVhp3ms	13p9L
5	34	7		אֶת	853	HTo	13ZUC
5	34	8		אֲחִימָֽעַץ	290	HNp	13JCj
5	35	1		וַ/אֲחִימַ֨עַץ֙	c/290	HC/Np	13cTb
5	35	2		הוֹלִ֣יד	3205	HVhp3ms	13EZX
5	35	3		אֶת	853	HTo	13Y8E
5	35	4		עֲזַרְיָ֔ה	5838	HNp	13WfP
5	35	5		וַ/עֲזַרְיָ֖ה	c/5838	HC/Np	13EHX
5	35	6		הוֹלִ֥יד	3205	HVhp3ms	13htV
5	35	7		אֶת	853	HTo	13dnq
5	35	8		יוֹחָנָֽן	3110	HNp	13Bfr
5	36	1		וְ/יוֹחָנָ֖ן	c/3110	HC/Np	13n3U
5	36	2		הוֹלִ֣יד	3205	HVhp3ms	13UYs
5	36	3		אֶת	853	HTo	13T4t
5	36	4		עֲזַרְיָ֑ה	5838	HNp	13CXn
5	36	5		ה֚וּא	1931	HPp3ms	13eoV
5	36	6		אֲשֶׁ֣ר	834 a	HTr	13z2s
5	36	7		כִּהֵ֔ן	3547	HVpp3ms	13eW4
5	36	8		בַּ/בַּ֕יִת	b/1004 b	HRd/Ncmsa	13Kox
5	36	9		אֲשֶׁר	834 a	HTr	13RGB
5	36	10		בָּנָ֥ה	1129	HVqp3ms	13Upn
5	36	11		שְׁלֹמֹ֖ה	8010	HNp	13dXz
5	36	12		בִּ/ירוּשָׁלִָֽם	b/3389	HR/Np	13Bbn
5	37	1		וַ/יּ֥וֹלֶד	c/3205	HC/Vhw3ms	131Zv
5	37	2		עֲזַרְיָ֖ה	5838	HNp	13TB4
5	37	3		אֶת	853	HTo	13oG9
5	37	4		אֲמַרְיָ֑ה	568	HNp	13prm
5	37	5		וַ/אֲמַרְיָ֖ה	c/568	HC/Np	13rwi
5	37	6		הוֹלִ֥יד	3205	HVhp3ms	13EAA
5	37	7		אֶת	853	HTo	13LxY
5	37	8		אֲחִיטֽוּב	285	HNp	13Frb
5	38	1		וַ/אֲחִיטוּב֙	c/285	HC/Np	13HJn
5	38	2		הוֹלִ֣יד	3205	HVhp3ms	13LuD
5	38	3		אֶת	853	HTo	13XnL
5	38	4		צָד֔וֹק	6659	HNp	13sUy
5	38	5		וְ/צָד֖וֹק	c/6659	HC/Np	137nT
5	38	6		הוֹלִ֥יד	3205	HVhp3ms	13yyf
5	38	7		אֶת	853	HTo	134Zw
5	38	8		שַׁלּֽוּם	7967	HNp	13JqE
5	39	1		וְ/שַׁלּוּם֙	c/7967	HC/Np	13rnt
5	39	2		הוֹלִ֣יד	3205	HVhp3ms	13DiF
5	39	3		אֶת	853	HTo	13eUy
5	39	4		חִלְקִיָּ֔ה	2518	HNp	13Vak
5	39	5		וְ/חִלְקִיָּ֖ה	c/2518	HC/Np	13oiN
5	39	6		הוֹלִ֥יד	3205	HVhp3ms	13vnQ
5	39	7		אֶת	853	HTo	13gEr
5	39	8		עֲזַרְיָֽה	5838	HNp	13WLF
5	40	1		וַ/עֲזַרְיָה֙	c/5838	HC/Np	13wGZ
5	40	2		הוֹלִ֣יד	3205	HVhp3ms	13HVd
5	40	3		אֶת	853	HTo	13Fze
5	40	4		שְׂרָיָ֔ה	8304	HNp	13ZHY
5	40	5		וּ/שְׂרָיָ֖ה	c/8304	HC/Np	131sU
5	40	6		הוֹלִ֥יד	3205	HVhp3ms	13CGv
5	40	7		אֶת	853	HTo	13xTA
5	40	8		יְהוֹצָדָֽק	3087	HNp	13isH
5	41	1		וִ/יהוֹצָדָ֣ק	c/3087	HC/Np	13nJS
5	41	2		הָלַ֔ךְ	1980	HVqp3ms	13cUx
5	41	3		בְּ/הַגְל֣וֹת	b/1540	HR/Vhc	13a6i
5	41	4		יְהוָ֔ה	3068	HNp	13Jfc
5	41	5		אֶת	853	HTo	13hEY
5	41	6		יְהוּדָ֖ה	3063	HNp	13ijZ
5	41	7		וִ/ירוּשָׁלִָ֑ם	c/3389	HC/Np	13u83
5	41	8		בְּ/יַ֖ד	b/3027	HR/Ncbsc	13NzX
5	41	9		נְבֻכַדְנֶאצַּֽר	5019	HNp	1317r
6	1	1		בְּנֵ֖י	1121 a	HNcmpc	13ZU1
6	1	2		לֵוִ֑י	3878	HNp	13otL
6	1	3		גֵּרְשֹׁ֕ם	1647	HNp	13um7
6	1	4		קְהָ֖ת	6955	HNp	13KjJ
6	1	5		וּ/מְרָרִֽי	c/4847	HC/Np	13fiM
6	2	1		וְ/אֵ֛לֶּה	c/428	HC/Pdxcp	13dcf
6	2	2		שְׁמ֥וֹת	8034	HNcmpc	13KEb
6	2	3		בְּֽנֵי	1121 a	HNcmpc	13hC2
6	2	4		גֵרְשׁ֖וֹם	1647	HNp	134fq
6	2	5		לִבְנִ֥י	3845	HNp	13sEG
6	2	6		וְ/שִׁמְעִֽי	c/8096	HC/Np	13HuD
6	3	1		וּ/בְנֵ֖י	c/1121 a	HC/Ncmpc	133KB
6	3	2		קְהָ֑ת	6955	HNp	13q7m
6	3	3		עַמְרָ֣ם	6019	HNp	13bTg
6	3	4		וְ/יִצְהָ֔ר	c/3324	HC/Np	13Aw1
6	3	5		וְ/חֶבְר֖וֹן	c/2275 b	HC/Np	13AqN
6	3	6		וְ/עֻזִּיאֵֽל	c/5816	HC/Np	1376m
6	4	1		בְּנֵ֥י	1121 a	HNcmpc	136a2
6	4	2		מְרָרִ֖י	4847	HNp	13g5k
6	4	3		מַחְלִ֣י	4249	HNp	13wJN
6	4	4		וּ/מֻשִׁ֑י	c/4187	HC/Np	13bGZ
6	4	5		וְ/אֵ֛לֶּה	c/428	HC/Pdxcp	13pX4
6	4	6		מִשְׁפְּח֥וֹת	4940	HNcfpc	13J7k
6	4	7		הַ/לֵּוִ֖י	d/3881	HTd/Ngmsa	13AuP
6	4	8		לַ/אֲבוֹתֵי/הֶֽם	l/1	HR/Ncmpc/Sp3mp	13syM
6	5	1		לְֽ/גֵרְשׁ֑וֹם	l/1647	HR/Np	13ayp
6	5	2		לִבְנִ֥י	3845	HNp	13zG9
6	5	3		בְנ֛/וֹ	1121 a	HNcmsc/Sp3ms	13DUx
6	5	4		יַ֥חַת	3189	HNp	13G26
6	5	5		בְּנ֖/וֹ	1121 a	HNcmsc/Sp3ms	13r7o
6	5	6		זִמָּ֥ה	2155	HNp	13kDi
6	5	7		בְנֽ/וֹ	1121 a	HNcmsc/Sp3ms	13VnV
6	6	1		יוֹאָ֤ח	3098	HNp	13J24
6	6	2		בְּנ/וֹ֙	1121 a	HNcmsc/Sp3ms	13s9A
6	6	3		עִדּ֣וֹ	5714	HNp	13vhV
6	6	4		בְנ֔/וֹ	1121 a	HNcmsc/Sp3ms	13kFL
6	6	5		זֶ֥רַח	2226	HNp	13xfx
6	6	6		בְּנ֖/וֹ	1121 a	HNcmsc/Sp3ms	13aHo
6	6	7		יְאָתְרַ֥י	2979	HNp	13pSV
6	6	8		בְּנֽ/וֹ	1121 a	HNcmsc/Sp3ms	13LrK
6	7	1		בְּנֵ֖י	1121 a	HNcmpc	133sH
6	7	2		קְהָ֑ת	6955	HNp	13vzR
6	7	3		עַמִּינָדָ֣ב	5992	HNp	13ZCZ
6	7	4		בְּנ֔/וֹ	1121 a	HNcmsc/Sp3ms	13SJf
6	7	5		קֹ֥רַח	7141	HNp	13wVm
6	7	6		בְּנ֖/וֹ	1121 a	HNcmsc/Sp3ms	13Qmg
6	7	7		אַסִּ֥יר	617	HNp	13n9A
6	7	8		בְּנֽ/וֹ	1121 a	HNcmsc/Sp3ms	13dXa
6	8	1		אֶלְקָנָ֥ה	511	HNp	139Nr
6	8	2		בְנ֛/וֹ	1121 a	HNcmsc/Sp3ms	13FSa
6	8	3		וְ/אֶבְיָסָ֥ף	c/43	HC/Np	131UN
6	8	4		בְּנ֖/וֹ	1121 a	HNcmsc/Sp3ms	13cin
6	8	5		וְ/אַסִּ֥יר	c/617	HC/Np	13bE5
6	8	6		בְּנֽ/וֹ	1121 a	HNcmsc/Sp3ms	13qW4
6	9	1		תַּ֤חַת	8480	HR	13S49
6	9	2		בְּנ/וֹ֙	1121 a	HNcmsc/Sp3ms	13TSp
6	9	3		אוּרִיאֵ֣ל	222	HNp	13Vea
6	9	4		בְּנ֔/וֹ	1121 a	HNcmsc/Sp3ms	13Ca6
6	9	5		עֻזִּיָּ֥ה	5818	HNp	13tEM
6	9	6		בְנ֖/וֹ	1121 a	HNcmsc/Sp3ms	13qkk
6	9	7		וְ/שָׁא֥וּל	c/7586	HC/Np	13CTn
6	9	8		בְּנֽ/וֹ	1121 a	HNcmsc/Sp3ms	13EJ6
6	10	1		וּ/בְנֵי֙	c/1121 a	HC/Ncmpc	13bDE
6	10	2		אֶלְקָנָ֔ה	511	HNp	13Q8d
6	10	3		עֲמָשַׂ֖י	6022	HNp	13vNa
6	10	4		וַ/אֲחִימֽוֹת	c/287	HC/Np	133VZ
6	11	1		אֶלְקָנָ֑ה	511	HNp	13WTF
6	11	2	x-ketiv	בנ/ו	1121 a	HNcmsc/Sp3ms	13Cbt
6	11	3		בְּנֵי֙	1121 a	HNcmpc	13cnB
6	11	4		אֶלְקָנָ֔ה	511	HNp	13dS2
6	11	5		צוֹפַ֥י	6689	HNp	13ckH
6	11	6		בְּנ֖/וֹ	1121 a	HNcmsc/Sp3ms	13rGf
6	11	7		וְ/נַ֥חַת	c/5184	HC/Np	13NLP
6	11	8		בְּנֽ/וֹ	1121 a	HNcmsc/Sp3ms	13aVA
6	12	1		אֱלִיאָ֥ב	446	HNp	13FZ7
6	12	2		בְּנ֛/וֹ	1121 a	HNcmsc/Sp3ms	13ML5
6	12	3		יְרֹחָ֥ם	3395	HNp	13vua
6	12	4		בְּנ֖/וֹ	1121 a	HNcmsc/Sp3ms	13v3n
6	12	5		אֶלְקָנָ֥ה	511	HNp	13zNk
6	12	6		בְנֽ/וֹ	1121 a	HNcmsc/Sp3ms	13W9D
6	13	1		וּ/בְנֵ֧י	c/1121 a	HC/Ncmpc	13yYE
6	13	2		שְׁמוּאֵ֛ל	8050	HNp	13Aok
6	13	3		הַ/בְּכֹ֥ר	d/1060	HTd/Ncmsa	13uxn
6	13	4		וַשְׁנִ֖י	2059	HNp	137cw
6	13	5		וַ/אֲבִיָּֽה	c/29	HC/Np	13JhN
6	14	1		בְּנֵ֥י	1121 a	HNcmpc	132Xh
6	14	2		מְרָרִ֖י	4847	HNp	13oMP
6	14	3		מַחְלִ֑י	4249	HNp	13fMQ
6	14	4		לִבְנִ֥י	3845	HNp	13ngx
6	14	5		בְנ֛/וֹ	1121 a	HNcmsc/Sp3ms	139eB
6	14	6		שִׁמְעִ֥י	8096	HNp	13cbT
6	14	7		בְנ֖/וֹ	1121 a	HNcmsc/Sp3ms	13u2m
6	14	8		עֻזָּ֥ה	5798 b	HNp	13mwg
6	14	9		בְנֽ/וֹ	1121 a	HNcmsc/Sp3ms	13YcV
6	15	1		שִׁמְעָ֥א	8092	HNp	13Yny
6	15	2		בְנ֛/וֹ	1121 a	HNcmsc/Sp3ms	13orY
6	15	3		חַגִּיָּ֥ה	2293	HNp	132jV
6	15	4		בְנ֖/וֹ	1121 a	HNcmsc/Sp3ms	13w3o
6	15	5		עֲשָׂיָ֥ה	6222	HNp	13qch
6	15	6		בְנֽ/וֹ	1121 a	HNcmsc/Sp3ms	13VmY
6	16	1		וְ/אֵ֗לֶּה	c/428	HC/Pdxcp	13uLw
6	16	2		אֲשֶׁ֨ר	834 a	HTr	13eWY
6	16	3		הֶעֱמִ֥יד	5975	HVhp3ms	13BaQ
6	16	4		דָּוִ֛יד	1732	HNp	1398x
6	16	5		עַל	5921 a	HR	13jFf
6	16	6		יְדֵי	3027	HNcbdc	13GR3
6	16	7		שִׁ֖יר	7892 a	HNcbsa	13qQN
6	16	8		בֵּ֣ית	1004 b	HNcmsc	13aee
6	16	9		יְהוָ֑ה	3068	HNp	13CqB
6	16	10		מִ/מְּנ֖וֹחַ	m/4494	HR/Ncbsc	13UWF
6	16	11		הָ/אָרֽוֹן	d/727	HTd/Ncbsa	132Ha
6	17	1		וַ/יִּהְי֨וּ	c/1961	HC/Vqw3mp	13EnP
6	17	2		מְשָׁרְתִ֜ים	8334	HVprmpa	13nb6
6	17	3		לִ/פְנֵ֨י	l/6440	HR/Ncbpc	13YMF
6	17	4		מִשְׁכַּ֤ן	4908	HNcmsc	13BAm
6	17	5		אֹֽהֶל	168	HNcmsc	13xLv
6	17	6		מוֹעֵד֙	4150	HNcmsa	13ENs
6	17	7		בַּ/שִּׁ֔יר	b/7892 a	HRd/Ncbsa	13f29
6	17	8		עַד	5704	HR	13nbb
6	17	9		בְּנ֧וֹת	1129	HVqc	133zy
6	17	10		שְׁלֹמֹ֛ה	8010	HNp	13UBC
6	17	11		אֶת	853	HTo	132Bp
6	17	12		בֵּ֥ית	1004 b	HNcmsc	13YVx
6	17	13		יְהוָ֖ה	3068	HNp	132iX
6	17	14		בִּ/ירוּשָׁלִָ֑ם	b/3389	HR/Np	13kav
6	17	15		וַ/יַּעַמְד֥וּ	c/5975	HC/Vqw3mp	13enN
6	17	16		כְ/מִשְׁפָּטָ֖/ם	k/4941	HR/Ncmsc/Sp3mp	13vBq
6	17	17		עַל	5921 a	HR	13xhr
6	17	18		עֲבוֹדָתָֽ/ם	5656	HNcfsc/Sp3mp	1392H
6	18	1		וְ/אֵ֥לֶּה	c/428	HC/Pdxcp	13xhx
6	18	2		הָ/עֹמְדִ֖ים	d/5975	HTd/Vqrmpa	13TLE
6	18	3		וּ/בְנֵי/הֶ֑ם	c/1121 a	HC/Ncmpc/Sp3mp	136mu
6	18	4		מִ/בְּנֵי֙	m/1121 a	HR/Ncmpc	13zyy
6	18	5		הַ/קְּהָתִ֔י	d/6956	HTd/Ngmsa	13KhN
6	18	6		הֵימָן֙	1968	HNp	13zbv
6	18	7		הַ/מְשׁוֹרֵ֔ר	d/7891	HTd/Vormsa	13nXx
6	18	8		בֶּן	1121 a	HNcmsc	13RhB
6	18	9		יוֹאֵ֖ל	3100	HNp	13HmR
6	18	10		בֶּן	1121 a	HNcmsc	13XWV
6	18	11		שְׁמוּאֵֽל	8050	HNp	13jR8
6	19	1		בֶּן	1121 a	HNcmsc	137jg
6	19	2		אֶלְקָנָה֙	511	HNp	13m9m
6	19	3		בֶּן	1121 a	HNcmsc	13aDj
6	19	4		יְרֹחָ֔ם	3395	HNp	13oib
6	19	5		בֶּן	1121 a	HNcmsc	13sBE
6	19	6		אֱלִיאֵ֖ל	447	HNp	134BE
6	19	7		בֶּן	1121 a	HNcmsc	13t8g
6	19	8		תּֽוֹחַ	8430	HNp	13gsX
6	20	1		בֶּן	1121 a	HNcmsc	13yBx
6	20	2	x-ketiv	ציף	6689	HNp	13vE1
6	20	3		צוּף֙	6689	HNp	13896
6	20	4		בֶּן	1121 a	HNcmsc	13Xy3
6	20	5		אֶלְקָנָ֔ה	511	HNp	13TH8
6	20	6		בֶּן	1121 a	HNcmsc	135Ve
6	20	7		מַ֖חַת	4287	HNp	13t5T
6	20	8		בֶּן	1121 a	HNcmsc	13ssX
6	20	9		עֲמָשָֽׂי	6022	HNp	137TK
6	21	1		בֶּן	1121 a	HNcmsc	13wiu
6	21	2		אֶלְקָנָה֙	511	HNp	13gBQ
6	21	3		בֶּן	1121 a	HNcmsc	13gVx
6	21	4		יוֹאֵ֔ל	3100	HNp	13Q1t
6	21	5		בֶּן	1121 a	HNcmsc	13pZm
6	21	6		עֲזַרְיָ֖ה	5838	HNp	13qGV
6	21	7		בֶּן	1121 a	HNcmsc	13TBs
6	21	8		צְפַנְיָֽה	6846	HNp	13sYk
6	22	1		בֶּן	1121 a	HNcmsc	13yZ9
6	22	2		תַּ֨חַת֙	8480	HR	13Ee6
6	22	3		בֶּן	1121 a	HNcmsc	13LvK
6	22	4		אַסִּ֔יר	617	HNp	13NsV
6	22	5		בֶּן	1121 a	HNcmsc	13spB
6	22	6		אֶבְיָסָ֖ף	43	HNp	13QM1
6	22	7		בֶּן	1121 a	HNcmsc	13WMi
6	22	8		קֹֽרַח	7141	HNp	13p5C
6	23	1		בֶּן	1121 a	HNcmsc	13pLh
6	23	2		יִצְהָ֣ר	3324	HNp	135n2
6	23	3		בֶּן	1121 a	HNcmsc	13WG2
6	23	4		קְהָ֔ת	6955	HNp	13ddN
6	23	5		בֶּן	1121 a	HNcmsc	13oga
6	23	6		לֵוִ֖י	3878	HNp	13yLm
6	23	7		בֶּן	1121 a	HNcmsc	13mAF
6	23	8		יִשְׂרָאֵֽל	3478	HNp	1393w
6	24	1		וְ/אָחִ֣י/ו	c/251	HC/Ncmsc/Sp3ms	13XGn
6	24	2		אָסָ֔ף	623	HNp	13gnt
6	24	3		הָ/עֹמֵ֖ד	d/5975	HTd/Vqrmsa	13Ycp
6	24	4		עַל	5921 a	HR	13kGw
6	24	5		יְמִינ֑/וֹ	3225	HNcfsc/Sp3ms	138xG
6	24	6		אָסָ֥ף	623	HNp	13X9f
6	24	7		בֶּן	1121 a	HNcmsc	13gBY
6	24	8		בֶּרֶכְיָ֖הוּ	1296	HNp	13JSS
6	24	9		בֶּן	1121 a	HNcmsc	13hzi
6	24	10		שִׁמְעָֽא	8092	HNp	13xKZ
6	25	1		בֶּן	1121 a	HNcmsc	13GD6
6	25	2		מִיכָאֵ֥ל	4317	HNp	13e1w
6	25	3		בֶּן	1121 a	HNcmsc	13fK1
6	25	4		בַּעֲשֵׂיָ֖ה	1202	HNp	13UV1
6	25	5		בֶּן	1121 a	HNcmsc	13pJ8
6	25	6		מַלְכִּיָּֽה	4441	HNp	13d2D
6	26	1		בֶּן	1121 a	HNcmsc	13pY9
6	26	2		אֶתְנִ֥י	867	HNp	13GAq
6	26	3		בֶן	1121 a	HNcmsc	13ViK
6	26	4		זֶ֖רַח	2226	HNp	13bs2
6	26	5		בֶּן	1121 a	HNcmsc	1365v
6	26	6		עֲדָיָֽה	5718	HNp	13ULQ
6	27	1		בֶּן	1121 a	HNcmsc	13B9j
6	27	2		אֵיתָ֥ן	387	HNp	13bWi
6	27	3		בֶּן	1121 a	HNcmsc	13xoF
6	27	4		זִמָּ֖ה	2155	HNp	13hCv
6	27	5		בֶּן	1121 a	HNcmsc	13Mci
6	27	6		שִׁמְעִֽי	8096	HNp	13f9n
6	28	1		בֶּן	1121 a	HNcmsc	134Rf
6	28	2		יַ֥חַת	3189	HNp	13Qyd
6	28	3		בֶּן	1121 a	HNcmsc	13C76
6	28	4		גֵּרְשֹׁ֖ם	1647	HNp	13CYo
6	28	5		בֶּן	1121 a	HNcmsc	13Bra
6	28	6		לֵוִֽי	3878	HNp	1359X
6	29	1		וּ/בְנֵ֧י	c/1121 a	HC/Ncmpc	13j6b
6	29	2		מְרָרִ֛י	4847	HNp	13KgL
6	29	3		אֲחֵי/הֶ֖ם	251	HNcmpc/Sp3mp	13BFU
6	29	4		עַֽל	5921 a	HR	13Js9
6	29	5		הַ/שְּׂמֹ֑אול	d/8040	HTd/Ncmsa	138Do
6	29	6		אֵיתָן֙	387	HNp	13m6D
6	29	7		בֶּן	1121 a	HNcmsc	13agh
6	29	8		קִישִׁ֔י	7029	HNp	13xGb
6	29	9		בֶּן	1121 a	HNcmsc	13Vmg
6	29	10		עַבְדִּ֖י	5660	HNp	13GWL
6	29	11		בֶּן	1121 a	HNcmsc	13adp
6	29	12		מַלּֽוּךְ	4409 a	HNp	13mEM
6	30	1		בֶּן	1121 a	HNcmsc	13t5b
6	30	2		חֲשַׁבְיָ֥ה	2811	HNp	13MmC
6	30	3		בֶן	1121 a	HNcmsc	13VtE
6	30	4		אֲמַצְיָ֖ה	558	HNp	138yT
6	30	5		בֶּן	1121 a	HNcmsc	13YE4
6	30	6		חִלְקִיָּֽה	2518	HNp	13gwY
6	31	1		בֶּן	1121 a	HNcmsc	13um2
6	31	2		אַמְצִ֥י	557	HNp	13WPk
6	31	3		בֶן	1121 a	HNcmsc	13J9S
6	31	4		בָּנִ֖י	1137	HNp	13Uh6
6	31	5		בֶּן	1121 a	HNcmsc	13kWu
6	31	6		שָֽׁמֶר	8106	HNp	13r5S
6	32	1		בֶּן	1121 a	HNcmsc	13q8B
6	32	2		מַחְלִי֙	4249	HNp	13HNg
6	32	3		בֶּן	1121 a	HNcmsc	13hZZ
6	32	4		מוּשִׁ֔י	4187	HNp	13n3Z
6	32	5		בֶּן	1121 a	HNcmsc	13nVk
6	32	6		מְרָרִ֖י	4847	HNp	13cwR
6	32	7		בֶּן	1121 a	HNcmsc	13JQf
6	32	8		לֵוִֽי	3878	HNp	13aoK
6	33	1		וַ/אֲחֵי/הֶ֖ם	c/251	HC/Ncmpc/Sp3mp	13HF8
6	33	2		הַ/לְוִיִּ֑ם	d/3881	HTd/Ngmpa	13WMt
6	33	3		נְתוּנִ֕ים	5414	HVqsmpa	13tCm
6	33	4		לְ/כָ֨ל	l/3605	HR/Ncmsc	13ibj
6	33	5		עֲבוֹדַ֔ת	5656	HNcfsc	13KiT
6	33	6		מִשְׁכַּ֖ן	4908	HNcmsc	13ovU
6	33	7		בֵּ֥ית	1004 b	HNcmsc	13H8i
6	33	8		הָ/אֱלֹהִֽים	d/430	HTd/Ncmpa	13kBK
6	34	1		וְֽ/אַהֲרֹ֨ן	c/175	HC/Np	138p9
6	34	2		וּ/בָנָ֜י/ו	c/1121 a	HC/Ncmpc/Sp3ms	13Vib
6	34	3		מַקְטִירִ֨ים	6999 a	HVhrmpa	13FXw
6	34	4		עַל	5921 a	HR	13ZWD
6	34	5		מִזְבַּ֤ח	4196	HNcmsc	13roj
6	34	6		הָֽ/עוֹלָה֙	d/5930 a	HTd/Ncfsa	13dta
6	34	7		וְ/עַל	c/5921 a	HC/R	13vv9
6	34	8		מִזְבַּ֣ח	4196	HNcmsc	13bPu
6	34	9		הַ/קְּטֹ֔רֶת	d/7004	HTd/Ncfsa	13t52
6	34	10		לְ/כֹ֕ל	l/3605	HR/Ncmsc	132qG
6	34	11		מְלֶ֖אכֶת	4399	HNcfsc	13naz
6	34	12		קֹ֣דֶשׁ	6944	HNcmsc	13QW6
6	34	13		הַ/קֳּדָשִׁ֑ים	d/6944	HTd/Ncmpa	13vQm
6	34	14		וּ/לְ/כַפֵּר֙	c/l/3722 a	HC/R/Vpc	13gSo
6	34	15		עַל	5921 a	HR	13ToF
6	34	16		יִשְׂרָאֵ֔ל	3478	HNp	13R76
6	34	17		כְּ/כֹל֙	k/3605	HR/Ncmsa	135TM
6	34	18		אֲשֶׁ֣ר	834 a	HTr	13cH4
6	34	19		צִוָּ֔ה	6680	HVpp3ms	13ygk
6	34	20		מֹשֶׁ֖ה	4872	HNp	1372b
6	34	21		עֶ֥בֶד	5650	HNcmsc	13Qs2
6	34	22		הָ/אֱלֹהִֽים	d/430	HTd/Ncmpa	13X1j
6	35	1		וְ/אֵ֖לֶּה	c/428	HC/Pdxcp	13pMk
6	35	2		בְּנֵ֣י	1121 a	HNcmpc	13E9Z
6	35	3		אַהֲרֹ֑ן	175	HNp	13DJR
6	35	4		אֶלְעָזָ֥ר	499	HNp	13ov1
6	35	5		בְּנ֛/וֹ	1121 a	HNcmsc/Sp3ms	13wXN
6	35	6		פִּֽינְחָ֥ס	6372	HNp	13Nnf
6	35	7		בְּנ֖/וֹ	1121 a	HNcmsc/Sp3ms	13eJu
6	35	8		אֲבִישׁ֥וּעַ	50	HNp	13uoD
6	35	9		בְּנֽ/וֹ	1121 a	HNcmsc/Sp3ms	13vu4
6	36	1		בֻּקִּ֥י	1231	HNp	13YQo
6	36	2		בְנ֛/וֹ	1121 a	HNcmsc/Sp3ms	13f8m
6	36	3		עֻזִּ֥י	5813	HNp	13BZr
6	36	4		בְנ֖/וֹ	1121 a	HNcmsc/Sp3ms	13k2R
6	36	5		זְרַֽחְיָ֥ה	2228	HNp	13cC4
6	36	6		בְנֽ/וֹ	1121 a	HNcmsc/Sp3ms	13f6y
6	37	1		מְרָי֥וֹת	4812	HNp	13Gy9
6	37	2		בְּנ֛/וֹ	1121 a	HNcmsc/Sp3ms	13etw
6	37	3		אֲמַרְיָ֥ה	568	HNp	13GQd
6	37	4		בְנ֖/וֹ	1121 a	HNcmsc/Sp3ms	13tAQ
6	37	5		אֲחִיט֥וּב	285	HNp	13Yrt
6	37	6		בְּנֽ/וֹ	1121 a	HNcmsc/Sp3ms	13SbN
6	38	1		צָד֥וֹק	6659	HNp	13B2y
6	38	2		בְּנ֖/וֹ	1121 a	HNcmsc/Sp3ms	13PYY
6	38	3		אֲחִימַ֥עַץ	290	HNp	13bZi
6	38	4		בְּנֽ/וֹ	1121 a	HNcmsc/Sp3ms	13fXs
6	39	1		וְ/אֵ֨לֶּה֙	c/428	HC/Pdxcp	13dHg
6	39	2		מוֹשְׁבוֹתָ֔/ם	4186	HNcmpc/Sp3mp	13Cdu
6	39	3		לְ/טִירוֹתָ֖/ם	l/2918	HR/Ncfpc/Sp3mp	13s9p
6	39	4		בִּ/גְבוּלָ֑/ם	b/1366	HR/Ncmsc/Sp3mp	13Bxx
6	39	5		לִ/בְנֵ֤י	l/1121 a	HR/Ncmpc	13wPL
6	39	6		אַהֲרֹן֙	175	HNp	13YXi
6	39	7		לְ/מִשְׁפַּחַ֣ת	l/4940	HR/Ncfsc	136gk
6	39	8		הַ/קְּהָתִ֔י	d/6956	HTd/Ngmsa	13YsR
6	39	9		כִּ֥י	3588 a	HC	13YJ7
6	39	10		לָ/הֶ֖ם	l	HR/Sp3mp	13xNg
6	39	11		הָיָ֥ה	1961	HVqp3ms	13SPi
6	39	12		הַ/גּוֹרָֽל	d/1486	HTd/Ncmsa	13dr4
6	40	1		וַֽ/יִּתְּנ֥וּ	c/5414	HC/Vqw3mp	13ynz
6	40	2		לָ/הֶ֛ם	l	HR/Sp3mp	13oiU
6	40	3		אֶת	853	HTo	13uRP
6	40	4		חֶבְר֖וֹן	2275 a	HNp	13bJx
6	40	5		בְּ/אֶ֣רֶץ	b/776	HR/Ncbsc	13etm
6	40	6		יְהוּדָ֑ה	3063	HNp	134jW
6	40	7		וְ/אֶת	c/853	HC/To	13M3G
6	40	8		מִגְרָשֶׁ֖י/הָ	4054	HNcmpc/Sp3fs	13FQm
6	40	9		סְבִיבֹתֶֽי/הָ	5439	HNcbpc/Sp3fs	13DYw
6	41	1		וְ/אֶת	c/853	HC/To	13oAy
6	41	2		שְׂדֵ֥ה	7704 b	HNcmsc	133Rx
6	41	3		הָ/עִ֖יר	d/5892 b	HTd/Ncfsa	13rH2
6	41	4		וְ/אֶת	c/853	HC/To	132rT
6	41	5		חֲצֵרֶ֑י/הָ	2691 b	HNcbpc/Sp3fs	13jsw
6	41	6		נָתְנ֖וּ	5414	HVqp3cp	13VR2
6	41	7		לְ/כָלֵ֥ב	l/3612	HR/Np	13MrQ
6	41	8		בֶּן	1121 a	HNcmsc	13Fu8
6	41	9		יְפֻנֶּֽה	3312	HNp	13QCB
6	42	1		וְ/לִ/בְנֵ֣י	c/l/1121 a	HC/R/Ncmpc	13VcL
6	42	2		אַהֲרֹ֗ן	175	HNp	13YS7
6	42	3		נָתְנוּ֙	5414	HVqp3cp	13ST2
6	42	4		אֶת	853	HTo	13FHd
6	42	5		עָרֵ֣י	5892 b	HNcfpc	13WGC
6	42	6		הַ/מִּקְלָ֔ט	d/4733	HTd/Ncmsa	138Jt
6	42	7		אֶת	853	HTo	13s3S
6	42	8		חֶבְר֥וֹן	2275 a	HNp	13QE7
6	42	9		וְ/אֶת	c/853	HC/To	13JPF
6	42	10		לִבְנָ֖ה	3841	HNp	13t2f
6	42	11		וְ/אֶת	c/853	HC/To	13AAs
6	42	12		מִגְרָשֶׁ֑י/הָ	4054	HNcmpc/Sp3fs	13yit
6	42	13		וְ/אֶת	c/853	HC/To	13wBS
6	42	14		יַתִּ֥ר	3492	HNp	132sV
6	42	15		וְ/אֶֽת	c/853	HC/To	13FwG
6	42	16		אֶשְׁתְּמֹ֖עַ	851	HNp	13dCM
6	42	17		וְ/אֶת	c/853	HC/To	13H1T
6	42	18		מִגְרָשֶֽׁי/הָ	4054	HNcmpc/Sp3fs	13P6r
6	43	1		וְ/אֶת	c/853	HC/To	13tD1
6	43	2		חִילֵז֙	2432	HNp	136AA
6	43	3		וְ/אֶת	c/853	HC/To	13RNc
6	43	4		מִגְרָשֶׁ֔י/הָ	4054	HNcmpc/Sp3fs	13veg
6	43	5		אֶת	853	HTo	137W8
6	43	6		דְּבִ֖יר	1688 a	HNp	13zSa
6	43	7		וְ/אֶת	c/853	HC/To	13BQz
6	43	8		מִגְרָשֶֽׁי/הָ	4054	HNcmpc/Sp3fs	13GKS
6	44	1		וְ/אֶת	c/853	HC/To	13Mwc
6	44	2		עָשָׁן֙	6228	HNp	13kPm
6	44	3		וְ/אֶת	c/853	HC/To	13Gtv
6	44	4		מִגְרָשֶׁ֔י/הָ	4054	HNcmpc/Sp3fs	13wvJ
6	44	5		וְ/אֶת	c/853	HC/To	13HWW
6	44	6		בֵּ֥ית	1053+	HNp	13fR1
6	44	7		שֶׁ֖מֶשׁ	1053	HNp	13Z4q
6	44	8		וְ/אֶת	c/853	HC/To	13qyW
6	44	9		מִגְרָשֶֽׁי/הָ	4054	HNcmpc/Sp3fs	131vK
6	45	1		וּ/מִ/מַּטֵּ֣ה	c/m/4294	HC/R/Ncmsc	13vcs
6	45	2		בִנְיָמִ֗ן	1144	HNp	13jVW
6	45	3		אֶת	853	HTo	13q6h
6	45	4		גֶּ֤בַע	1387	HNp	13TXT
6	45	5		וְ/אֶת	c/853	HC/To	13i5i
6	45	6		מִגְרָשֶׁ֨י/הָ֙	4054	HNcmpc/Sp3fs	13n6o
6	45	7		וְ/אֶת	c/853	HC/To	13V2Z
6	45	8		עָלֶ֣מֶת	5964	HNp	13vB3
6	45	9		וְ/אֶת	c/853	HC/To	13h8U
6	45	10		מִגְרָשֶׁ֔י/הָ	4054	HNcmpc/Sp3fs	13HP6
6	45	11		וְ/אֶת	c/853	HC/To	13qeA
6	45	12		עֲנָת֖וֹת	6068	HNp	133Hf
6	45	13		וְ/אֶת	c/853	HC/To	137G6
6	45	14		מִגְרָשֶׁ֑י/הָ	4054	HNcmpc/Sp3fs	132aw
6	45	15		כָּל	3605	HNcmsc	13G9q
6	45	16		עָרֵי/הֶ֛ם	5892 b	HNcfpc/Sp3mp	13TE9
6	45	17		שְׁלֹשׁ	7969	HAcfsa	135ne
6	45	18		עֶשְׂרֵ֥ה	6240	HAcfsa	13Pq7
6	45	19		עִ֖יר	5892 b	HNcfsa	132XE
6	45	20		בְּ/מִשְׁפְּחוֹתֵי/הֶֽם	b/4940	HR/Ncfpc/Sp3mp	13k2P
6	46	1		וְ/לִ/בְנֵ֨י	c/l/1121 a	HC/R/Ncmpc	13bQB
6	46	2		קְהָ֜ת	6955	HNp	13hLv
6	46	3		הַ/נּוֹתָרִ֗ים	d/3498	HTd/VNrmpa	13FwW
6	46	4		מִ/מִּשְׁפַּ֣חַת	m/4940	HR/Ncfsc	13ZCU
6	46	5		הַ/מַּטֶּ֡ה	d/4294	HTd/Ncmsa	13f6s
6	46	6		מִֽ֠/מַּחֲצִית	m/4276	HR/Ncfsc	1362L
6	46	7		מַטֵּ֨ה	4294	HNcmsc	13apE
6	46	8		חֲצִ֧י	2677	HNcmsc	137uo
6	46	9		מְנַשֶּׁ֛ה	4519	HNp	13io8
6	46	10		בַּ/גּוֹרָ֖ל	b/1486	HRd/Ncmsa	13wub
6	46	11		עָרִ֥ים	5892 b	HNcfpa	137qB
6	46	12		עָֽשֶׂר	6235	HAcfsa	13BM6
6	47	1		וְ/לִ/בְנֵ֨י	c/l/1121 a	HC/R/Ncmpc	139ci
6	47	2		גֵרְשׁ֜וֹם	1647	HNp	13wpi
6	47	3		לְ/מִשְׁפְּחוֹתָ֗/ם	l/4940	HR/Ncfpc/Sp3mp	13JEg
6	47	4		מִ/מַּטֵּ֣ה	m/4294	HR/Ncmsc	13pMT
6	47	5		יִ֠שָׂשכָר	3485	HNp	13kMd
6	47	6		וּ/מִ/מַּטֵּ֨ה	c/m/4294	HC/R/Ncmsc	13Bqk
6	47	7		אָשֵׁ֜ר	836	HNp	13hjj
6	47	8		וּ/מִ/מַּטֵּ֣ה	c/m/4294	HC/R/Ncmsc	13QL7
6	47	9		נַפְתָּלִ֗י	5321	HNp	13cRW
6	47	10		וּ/מִ/מַּטֵּ֤ה	c/m/4294	HC/R/Ncmsc	13iWB
6	47	11		מְנַשֶּׁה֙	4519	HNp	13u7g
6	47	12		בַּ/בָּשָׁ֔ן	b/1316	HRd/Np	13F46
6	47	13		עָרִ֖ים	5892 b	HNcfpa	13AFT
6	47	14		שְׁלֹ֥שׁ	7969	HAcfsa	13c3h
6	47	15		עֶשְׂרֵֽה	6240	HAcfsa	13L9o
6	48	1		לִ/בְנֵ֨י	l/1121 a	HR/Ncmpc	13JVQ
6	48	2		מְרָרִ֜י	4847	HNp	13xdb
6	48	3		לְ/מִשְׁפְּחוֹתָ֗/ם	l/4940	HR/Ncfpc/Sp3mp	13Moi
6	48	4		מִ/מַּטֵּ֣ה	m/4294	HR/Ncmsc	13eqW
6	48	5		רְ֠אוּבֵן	7205	HNp	13x8B
6	48	6		וּֽ/מִ/מַּטֵּה	c/m/4294	HC/R/Ncmsc	13WgT
6	48	7		גָ֞ד	1410	HNp	13e9Z
6	48	8		וּ/מִ/מַּטֵּ֤ה	c/m/4294	HC/R/Ncmsc	13fc3
6	48	9		זְבוּלֻן֙	2074	HNp	13Ucu
6	48	10		בַּ/גּוֹרָ֔ל	b/1486	HRd/Ncmsa	138Vy
6	48	11		עָרִ֖ים	5892 b	HNcfpa	13rKw
6	48	12		שְׁתֵּ֥ים	8147	HAcfda	13S1Z
6	48	13		עֶשְׂרֵֽה	6240	HAcfsa	13mBn
6	49	1		וַ/יִּתְּנ֥וּ	c/5414	HC/Vqw3mp	13Ney
6	49	2		בְנֵי	1121 a	HNcmpc	132Bq
6	49	3		יִשְׂרָאֵ֖ל	3478	HNp	13nKy
6	49	4		לַ/לְוִיִּ֑ם	l/3881	HRd/Ngmpa	13aC7
6	49	5		אֶת	853	HTo	13Sxm
6	49	6		הֶ/עָרִ֖ים	d/5892 b	HTd/Ncfpa	133Cx
6	49	7		וְ/אֶת	c/853	HC/To	1353W
6	49	8		מִגְרְשֵׁי/הֶֽם	4054	HNcmpc/Sp3mp	13nTK
6	50	1		וַ/יִּתְּנ֣וּ	c/5414	HC/Vqw3mp	13sBD
6	50	2		בַ/גּוֹרָ֗ל	b/1486	HRd/Ncmsa	13ztw
6	50	3		מִ/מַּטֵּ֤ה	m/4294	HR/Ncmsc	13jaw
6	50	4		בְנֵי	1121 a	HNcmpc	13zfC
6	50	5		יְהוּדָה֙	3063	HNp	13y6N
6	50	6		וּ/מִ/מַּטֵּ֣ה	c/m/4294	HC/R/Ncmsc	13cUK
6	50	7		בְנֵי	1121 a	HNcmpc	13F7R
6	50	8		שִׁמְע֔וֹן	8095	HNp	13YQ7
6	50	9		וּ/מִ/מַּטֵּ֖ה	c/m/4294	HC/R/Ncmsc	135UP
6	50	10		בְּנֵ֣י	1121 a	HNcmpc	13cDe
6	50	11		בִנְיָמִ֑ן	1144	HNp	13BtX
6	50	12		אֵ֚ת	853	HTo	138bP
6	50	13		הֶ/עָרִ֣ים	d/5892 b	HTd/Ncfpa	13rbM
6	50	14		הָ/אֵ֔לֶּה	d/428	HTd/Pdxcp	13gcX
6	50	15		אֲשֶׁר	834 a	HTr	13VzD
6	50	16		יִקְרְא֥וּ	7121	HVqi3mp	13Lnv
6	50	17		אֶתְ/הֶ֖ם	853	HTo/Sp3mp	13FN2
6	50	18		בְּ/שֵׁמֽוֹת	b/8034	HR/Ncmpa	13kTA
6	51	1		וּ/מִֽ/מִּשְׁפְּח֖וֹת	c/m/4940	HC/R/Ncfpc	13bQM
6	51	2		בְּנֵ֣י	1121 a	HNcmpc	13rRy
6	51	3		קְהָ֑ת	6955	HNp	13HcR
6	51	4		וַ/יְהִי֙	c/1961	HC/Vqw3ms	139vS
6	51	5		עָרֵ֣י	5892 b	HNcfpc	13mbL
6	51	6		גְבוּלָ֔/ם	1366	HNcmsc/Sp3mp	134U9
6	51	7		מִ/מַּטֵּ֖ה	m/4294	HR/Ncmsc	13Vvg
6	51	8		אֶפְרָֽיִם	669	HNp	13oYz
6	52	1		וַ/יִּתְּנ֨וּ	c/5414	HC/Vqw3mp	13dD2
6	52	2		לָ/הֶ֜ם	l	HR/Sp3mp	132t9
6	52	3		אֶת	853	HTo	13fou
6	52	4		עָרֵ֧י	5892 b	HNcfpc	13DL4
6	52	5		הַ/מִּקְלָ֛ט	d/4733	HTd/Ncmsa	13vkx
6	52	6		אֶת	853	HTo	13SdW
6	52	7		שְׁכֶ֥ם	7927	HNp	139jg
6	52	8		וְ/אֶת	c/853	HC/To	13mAC
6	52	9		מִגְרָשֶׁ֖י/הָ	4054	HNcmpc/Sp3fs	13LKt
6	52	10		בְּ/הַ֣ר	b/2022	HR/Ncmsc	13Q5x
6	52	11		אֶפְרָ֑יִם	669	HNp	13TaA
6	52	12		וְ/אֶת	c/853	HC/To	134d7
6	52	13		גֶּ֖זֶר	1507	HNp	13jMY
6	52	14		וְ/אֶת	c/853	HC/To	13eip
6	52	15		מִגְרָשֶֽׁי/הָ	4054	HNcmpc/Sp3fs	13jhu
6	53	1		וְ/אֶֽת	c/853	HC/To	132fr
6	53	2		יָקְמְעָם֙	3361	HNp	135Aa
6	53	3		וְ/אֶת	c/853	HC/To	13zuz
6	53	4		מִגְרָשֶׁ֔י/הָ	4054	HNcmpc/Sp3fs	13BTS
6	53	5		וְ/אֶת	c/853	HC/To	13Hdk
6	53	6		בֵּ֥ית	1032+	HNp	13tbG
6	53	7		חוֹר֖וֹן	1032	HNp	138hT
6	53	8		וְ/אֶת	c/853	HC/To	131EK
6	53	9		מִגְרָשֶֽׁי/הָ	4054	HNcmpc/Sp3fs	13UYd
6	54	1		וְ/אֶת	c/853	HC/To	13w2J
6	54	2		אַיָּלוֹן֙	357	HNp	13UcZ
6	54	3		וְ/אֶת	c/853	HC/To	13SZA
6	54	4		מִגְרָשֶׁ֔י/הָ	4054	HNcmpc/Sp3fs	13WeX
6	54	5		וְ/אֶת	c/853	HC/To	13FoN
6	54	6		גַּת	1667+	HNp	13BK2
6	54	7		רִמּ֖וֹן	1667	HNp	13qoQ
6	54	8		וְ/אֶת	c/853	HC/To	13DV4
6	54	9		מִגְרָשֶֽׁי/הָ	4054	HNcmpc/Sp3fs	13iex
6	55	1		וּ/מִֽ/מַּחֲצִית֙	c/m/4276	HC/R/Ncfsc	13LMe
6	55	2		מַטֵּ֣ה	4294	HNcmsc	13zuk
6	55	3		מְנַשֶּׁ֔ה	4519	HNp	135hm
6	55	4		אֶת	853	HTo	13a8a
6	55	5		עָנֵר֙	6063	HNp	13Avd
6	55	6		וְ/אֶת	c/853	HC/To	136nG
6	55	7		מִגְרָשֶׁ֔י/הָ	4054	HNcmpc/Sp3fs	13p6C
6	55	8		וְ/אֶת	c/853	HC/To	13Dn5
6	55	9		בִּלְעָ֖ם	1109 b	HNp	137mc
6	55	10		וְ/אֶת	c/853	HC/To	13icW
6	55	11		מִגְרָשֶׁ֑י/הָ	4054	HNcmpc/Sp3fs	13WQu
6	55	12		לְ/מִשְׁפַּ֥חַת	l/4940	HR/Ncfsc	13rMa
6	55	13		לִ/בְנֵי	l/1121 a	HR/Ncmpc	13H5x
6	55	14		קְהָ֖ת	6955	HNp	13Lft
6	55	15		הַ/נּוֹתָרִֽים	d/3498	HTd/VNrmpa	13bTD
6	56	1		לִ/בְנֵי֮	l/1121 a	HR/Ncmpc	13W19
6	56	2		גֵּרְשׁוֹם֒	1647	HNp	13CUd
6	56	3		מִ/מִּשְׁפַּ֗חַת	m/4940	HR/Ncfsc	13dBb
6	56	4		חֲצִי֙	2677	HNcmsc	13oQH
6	56	5		מַטֵּ֣ה	4294	HNcmsc	13FgV
6	56	6		מְנַשֶּׁ֔ה	4519	HNp	13sAH
6	56	7		אֶת	853	HTo	13fPE
6	56	8		גּוֹלָ֥ן	1474	HNp	13kFY
6	56	9		בַּ/בָּשָׁ֖ן	b/1316	HRd/Np	13oVM
6	56	10		וְ/אֶת	c/853	HC/To	13DD6
6	56	11		מִגְרָשֶׁ֑י/הָ	4054	HNcmpc/Sp3fs	13T6s
6	56	12		וְ/אֶת	c/853	HC/To	13UTG
6	56	13		עַשְׁתָּר֖וֹת	6252	HNp	13TjC
6	56	14		וְ/אֶת	c/853	HC/To	13B7W
6	56	15		מִגְרָשֶֽׁי/הָ	4054	HNcmpc/Sp3fs	13ggZ
6	57	1		וּ/מִ/מַּטֵּ֣ה	c/m/4294	HC/R/Ncmsc	13sDo
6	57	2		יִשָׂשכָ֔ר	3485	HNp	13hQe
6	57	3		אֶת	853	HTo	13Fmq
6	57	4		קֶ֖דֶשׁ	6943	HNp	134ga
6	57	5		וְ/אֶת	c/853	HC/To	13qZF
6	57	6		מִגְרָשֶׁ֑י/הָ	4054	HNcmpc/Sp3fs	13o7p
6	57	7		אֶת	853	HTo	13BQB
6	57	8		דָּבְרַ֖ת	1705	HNp	13dbJ
6	57	9		וְ/אֶת	c/853	HC/To	135tL
6	57	10		מִגְרָשֶֽׁי/הָ	4054	HNcmpc/Sp3fs	13Pj9
6	58	1		וְ/אֶת	c/853	HC/To	13YJJ
6	58	2		רָאמוֹת֙	7216	HNp	133Kp
6	58	3		וְ/אֶת	c/853	HC/To	13YWx
6	58	4		מִגְרָשֶׁ֔י/הָ	4054	HNcmpc/Sp3fs	13d4u
6	58	5		וְ/אֶת	c/853	HC/To	136vh
6	58	6		עָנֵ֖ם	6046	HNp	13rLV
6	58	7		וְ/אֶת	c/853	HC/To	13PfL
6	58	8		מִגְרָשֶֽׁי/הָ	4054	HNcmpc/Sp3fs	13YQQ
6	59	1		וּ/מִ/מַּטֵּ֣ה	c/m/4294	HC/R/Ncmsc	13Dr2
6	59	2		אָשֵׁ֔ר	836	HNp	13AAN
6	59	3		אֶת	853	HTo	13FAQ
6	59	4		מָשָׁ֖ל	4913	HNp	13bz3
6	59	5		וְ/אֶת	c/853	HC/To	13VeC
6	59	6		מִגְרָשֶׁ֑י/הָ	4054	HNcmpc/Sp3fs	13gEf
6	59	7		וְ/אֶת	c/853	HC/To	131Vr
6	59	8		עַבְדּ֖וֹן	5658	HNp	13gUg
6	59	9		וְ/אֶת	c/853	HC/To	13xr5
6	59	10		מִגְרָשֶֽׁי/הָ	4054	HNcmpc/Sp3fs	13G11
6	60	1		וְ/אֶת	c/853	HC/To	13D9v
6	60	2		חוּקֹק֙	2712 b	HNp	13ZoM
6	60	3		וְ/אֶת	c/853	HC/To	13bCV
6	60	4		מִגְרָשֶׁ֔י/הָ	4054	HNcmpc/Sp3fs	13fVR
6	60	5		וְ/אֶת	c/853	HC/To	13aDa
6	60	6		רְחֹ֖ב	7340	HNp	13ZXK
6	60	7		וְ/אֶת	c/853	HC/To	13frz
6	60	8		מִגְרָשֶֽׁי/הָ	4054	HNcmpc/Sp3fs	13EPL
6	61	1		וּ/מִ/מַּטֵּ֣ה	c/m/4294	HC/R/Ncmsc	13zXD
6	61	2		נַפְתָּלִ֗י	5321	HNp	134tD
6	61	3		אֶת	853	HTo	1364m
6	61	4		קֶ֤דֶשׁ	6943	HNp	13juf
6	61	5		בַּ/גָּלִיל֙	b/1551	HRd/Np	131Wx
6	61	6		וְ/אֶת	c/853	HC/To	13FjT
6	61	7		מִגְרָשֶׁ֔י/הָ	4054	HNcmpc/Sp3fs	13fFL
6	61	8		וְ/אֶת	c/853	HC/To	13iyy
6	61	9		חַמּ֖וֹן	2540	HNp	13fXN
6	61	10		וְ/אֶת	c/853	HC/To	13L79
6	61	11		מִגְרָשֶׁ֑י/הָ	4054	HNcmpc/Sp3fs	132g9
6	61	12		וְ/אֶת	c/853	HC/To	13PUa
6	61	13		קִרְיָתַ֖יִם	7156	HNp	13r3q
6	61	14		וְ/אֶת	c/853	HC/To	13i7e
6	61	15		מִגְרָשֶֽׁי/הָ	4054	HNcmpc/Sp3fs	13Mem
6	62	1		לִ/בְנֵ֣י	l/1121 a	HR/Ncmpc	13wNK
6	62	2		מְרָרִי֮	4847	HNp	13bwY
6	62	3		הַ/נּוֹתָרִים֒	d/3498	HTd/VNrmpa	135e6
6	62	4		מִ/מַּטֵּ֣ה	m/4294	HR/Ncmsc	13yr6
6	62	5		זְבוּלֻ֔ן	2074	HNp	13ckn
6	62	6		אֶת	853	HTo	13vA4
6	62	7		רִמּוֹנ֖וֹ	7417 c	HNp	13KEn
6	62	8		וְ/אֶת	c/853	HC/To	13cPC
6	62	9		מִגְרָשֶׁ֑י/הָ	4054	HNcmpc/Sp3fs	13Eoc
6	62	10		אֶת	853	HTo	13Pdv
6	62	11		תָּב֖וֹר	8396	HNp	13S7t
6	62	12		וְ/אֶת	c/853	HC/To	138F2
6	62	13		מִגְרָשֶֽׁי/הָ	4054	HNcmpc/Sp3fs	13T2K
6	63	1		וּ/מֵ/עֵ֜בֶר	c/m/5676	HC/R/Ncmsa	13ouG
6	63	2		לְ/יַרְדֵּ֣ן	l/3383	HR/Np	13xxG
6	63	3		יְרֵחוֹ֮	3405	HNp	13vin
6	63	4		לְ/מִזְרַ֣ח	l/4217	HR/Ncmsc	13KSD
6	63	5		הַ/יַּרְדֵּן֒	d/3383	HTd/Np	13Eiv
6	63	6		מִ/מַּטֵּ֣ה	m/4294	HR/Ncmsc	13xpK
6	63	7		רְאוּבֵ֔ן	7205	HNp	13Nix
6	63	8		אֶת	853	HTo	13q1J
6	63	9		בֶּ֥צֶר	1221	HNp	13Vg9
6	63	10		בַּ/מִּדְבָּ֖ר	b/4057 b	HRd/Ncmsa	13642
6	63	11		וְ/אֶת	c/853	HC/To	13sWs
6	63	12		מִגְרָשֶׁ֑י/הָ	4054	HNcmpc/Sp3fs	13mUy
6	63	13		וְ/אֶת	c/853	HC/To	13v3c
6	63	14		יַ֖הְצָ/ה	3096	HNp/Sd	13m6p
6	63	15		וְ/אֶת	c/853	HC/To	13BZu
6	63	16		מִגְרָשֶֽׁי/הָ	4054	HNcmpc/Sp3fs	13bwe
6	64	1		וְ/אֶת	c/853	HC/To	13AWj
6	64	2		קְדֵמוֹת֙	6932	HNp	13z96
6	64	3		וְ/אֶת	c/853	HC/To	13ufK
6	64	4		מִגְרָשֶׁ֔י/הָ	4054	HNcmpc/Sp3fs	133CT
6	64	5		וְ/אֶת	c/853	HC/To	13Uhd
6	64	6		מֵיפַ֖עַת	4158	HNp	131i2
6	64	7		וְ/אֶת	c/853	HC/To	13Lzv
6	64	8		מִגְרָשֶֽׁי/הָ	4054	HNcmpc/Sp3fs	13Lun
6	65	1		וּ/מִ֨/מַּטֵּה	c/m/4294	HC/R/Ncmsc	13PbF
6	65	2		גָ֔ד	1410	HNp	13suR
6	65	3		אֶת	853	HTo	13LXw
6	65	4		רָאמ֥וֹת	7216	HNp	13una
6	65	5		בַּ/גִּלְעָ֖ד	b/1568	HRd/Np	13em6
6	65	6		וְ/אֶת	c/853	HC/To	13157
6	65	7		מִגְרָשֶׁ֑י/הָ	4054	HNcmpc/Sp3fs	13quT
6	65	8		וְ/אֶֽת	c/853	HC/To	136Vo
6	65	9		מַחֲנַ֖יִם	4266	HNp	13E91
6	65	10		וְ/אֶת	c/853	HC/To	133Cf
6	65	11		מִגְרָשֶֽׁי/הָ	4054	HNcmpc/Sp3fs	13bsi
6	66	1		וְ/אֶת	c/853	HC/To	13MWq
6	66	2		חֶשְׁבּוֹן֙	2809	HNp	1334f
6	66	3		וְ/אֶת	c/853	HC/To	13aVY
6	66	4		מִגְרָשֶׁ֔י/הָ	4054	HNcmpc/Sp3fs	13hNg
6	66	5		וְ/אֶת	c/853	HC/To	13G8o
6	66	6		יַעְזֵ֖יר	3270	HNp	133Gd
6	66	7		וְ/אֶת	c/853	HC/To	13iWk
6	66	8		מִגְרָשֶֽׁי/הָ	4054	HNcmpc/Sp3fs	13mCg
7	1	1		וְ/לִ/בְנֵ֣י	c/l/1121 a	HC/R/Ncmpc	13tq2
7	1	2		יִשָׂשכָ֗ר	3485	HNp	13V3N
7	1	3		תּוֹלָ֧ע	8439	HNp	13hKH
7	1	4		וּ/פוּאָ֛ה	c/6312	HC/Np	13NHj
7	1	5	x-ketiv	ישיב	3437	HNp	13Pym
7	1	6		יָשׁ֥וּב	3437	HNp	13D5E
7	1	7		וְ/שִׁמְר֖וֹן	c/8110 b	HC/Np	13rsU
7	1	8		אַרְבָּעָֽה	702	HAcmsa	13nrb
7	2	1		וּ/בְנֵ֣י	c/1121 a	HC/Ncmpc	13hgT
7	2	2		תוֹלָ֗ע	8439	HNp	13ycN
7	2	3		עֻזִּ֡י	5813	HNp	138Zr
7	2	4		וּ/רְפָיָ֡ה	c/7509	HC/Np	13Lrg
7	2	5		וִֽ֠/ירִיאֵל	c/3400	HC/Np	131L6
7	2	6		וְ/יַחְמַ֨י	c/3181	HC/Np	13159
7	2	7		וְ/יִבְשָׂ֜ם	c/3005	HC/Np	13yeC
7	2	8		וּ/שְׁמוּאֵ֗ל	c/8050	HC/Np	13Wj8
7	2	9		רָאשִׁ֤ים	7218 a	HNcmpa	13reX
7	2	10		לְ/בֵית	l/1004 b	HR/Ncmsc	13Lng
7	2	11		אֲבוֹתָ/ם֙	1	HNcmpc/Sp3mp	13CzS
7	2	12		לְ/תוֹלָ֔ע	l/8439	HR/Np	13RCv
7	2	13		גִּבּ֥וֹרֵי	1368	HAampc	13x1h
7	2	14		חַ֖יִל	2428	HNcmsa	13YBK
7	2	15		לְ/תֹלְדוֹתָ֑/ם	l/8435	HR/Ncfpc/Sp3mp	13GL3
7	2	16		מִסְפָּרָ/ם֙	4557	HNcmsc/Sp3mp	13r2t
7	2	17		בִּ/ימֵ֣י	b/3117	HR/Ncmpc	13rWe
7	2	18		דָוִ֔יד	1732	HNp	13zto
7	2	19		עֶשְׂרִֽים	6242	HAcbpa	13pCR
7	2	20		וּ/שְׁנַ֥יִם	c/8147	HC/Acmda	137YV
7	2	21		אֶ֖לֶף	505	HAcbsa	13K4a
7	2	22		וְ/שֵׁ֥שׁ	c/8337	HC/Acfsa	13N17
7	2	23		מֵאֽוֹת	3967	HAcbpa	133Nb
7	3	1		וּ/בְנֵ֥י	c/1121 a	HC/Ncmpc	13AES
7	3	2		עֻזִּ֖י	5813	HNp	13hh3
7	3	3		יִֽזְרַֽחְיָ֑ה	3156	HNp	138xp
7	3	4		וּ/בְנֵ֣י	c/1121 a	HC/Ncmpc	13wfD
7	3	5		יִֽזְרַֽחְיָ֗ה	3156	HNp	13Lka
7	3	6		מִֽיכָאֵ֡ל	4317	HNp	13irT
7	3	7		וְ֠/עֹבַדְיָה	c/5662	HC/Np	1322j
7	3	8		וְ/יוֹאֵ֧ל	c/3100	HC/Np	132eE
7	3	9		יִשִּׁיָּ֛ה	3449	HNp	13sGR
7	3	10		חֲמִשָּׁ֖ה	2568	HAcmsa	13FKm
7	3	11		רָאשִׁ֥ים	7218 a	HNcmpa	13eb4
7	3	12		כֻּלָּֽ/ם	3605	HNcmsc/Sp3mp	13fqb
7	4	1		וַ/עֲלֵי/הֶ֨ם	c/5921 a	HC/R/Sp3mp	13DUs
7	4	2		לְ/תֹלְדוֹתָ֜/ם	l/8435	HR/Ncfpc/Sp3mp	13NwS
7	4	3		לְ/בֵ֣ית	l/1004 b	HR/Ncmsc	13SdY
7	4	4		אֲבוֹתָ֗/ם	1	HNcmpc/Sp3mp	131bU
7	4	5		גְּדוּדֵי֙	1416	HNcmpc	13jno
7	4	6		צְבָ֣א	6635 a	HNcbsc	13E7d
7	4	7		מִלְחָמָ֔ה	4421	HNcfsa	13z2B
7	4	8		שְׁלֹשִׁ֥ים	7970	HAcbpa	13WGp
7	4	9		וְ/שִׁשָּׁ֖ה	c/8337	HC/Acmsa	13CRu
7	4	10		אָ֑לֶף	505	HAcbsa	13fwL
7	4	11		כִּֽי	3588 a	HC	13FAr
7	4	12		הִרְבּ֥וּ	7235 a	HVhp3cp	13TtK
7	4	13		נָשִׁ֖ים	802	HNcfpa	13Bqs
7	4	14		וּ/בָנִֽים	c/1121 a	HC/Ncmpa	13UA1
7	5	1		וַ/אֲחֵי/הֶ֗ם	c/251	HC/Ncmpc/Sp3mp	13gLR
7	5	2		לְ/כֹל֙	l/3605	HR/Ncmsc	13T3A
7	5	3		מִשְׁפְּח֣וֹת	4940	HNcfpc	13tvs
7	5	4		יִשָׂשכָ֔ר	3485	HNp	13gbJ
7	5	5		גִּבּוֹרֵ֖י	1368	HAampc	13pr6
7	5	6		חֲיָלִ֑ים	2428	HNcmpa	13T9M
7	5	7		שְׁמוֹנִ֤ים	8084	HAcbpa	13P1q
7	5	8		וְ/שִׁבְעָה֙	c/7651	HC/Acmsa	13LYS
7	5	9		אֶ֔לֶף	505	HAcbsa	13SKN
7	5	10		הִתְיַחְשָׂ֖/ם	3187	HVtc/Sp3mp	13BbD
7	5	11		לַ/כֹּֽל	l/3605	HRd/Ncmsa	13VEJ
7	6	1		בִּנְיָמִ֗ן	1144	HNp	13yhg
7	6	2		בֶּ֧לַע	1106 a	HNp	13T7C
7	6	3		וָ/בֶ֛כֶר	c/1071	HC/Np	13smW
7	6	4		וִ/ידִֽיעֲאֵ֖ל	c/3043	HC/Np	13DB1
7	6	5		שְׁלֹשָֽׁה	7969	HAcmsa	13Uz3
7	7	1		וּ/בְנֵ֣י	c/1121 a	HC/Ncmpc	137xd
7	7	2		בֶ֗לַע	1106 a	HNp	13We7
7	7	3		אֶצְבּ֡וֹן	675	HNp	13ab8
7	7	4		וְ/עֻזִּ֡י	c/5813	HC/Np	13umg
7	7	5		וְ֠/עֻזִּיאֵל	c/5816	HC/Np	13DQn
7	7	6		וִ/ירִימ֨וֹת	c/3406	HC/Np	13Pv1
7	7	7		וְ/עִירִ֜י	c/5901	HC/Np	13qti
7	7	8		חֲמִשָּׁ֗ה	2568	HAcmsa	13y7b
7	7	9		רָאשֵׁי֙	7218 a	HNcmpc	13mPV
7	7	10		בֵּ֣ית	1004 b	HNcmsc	13X7Q
7	7	11		אָב֔וֹת	1	HNcmpa	13Ls7
7	7	12		גִּבּוֹרֵ֖י	1368	HAampc	13pbK
7	7	13		חֲיָלִ֑ים	2428	HNcmpa	13bd9
7	7	14		וְ/הִתְיַחְשָׂ֗/ם	c/3187	HC/Vtc/Sp3mp	1366B
7	7	15		עֶשְׂרִ֤ים	6242	HAcbpa	13UxB
7	7	16		וּ/שְׁנַ֨יִם֙	c/8147	HC/Acmda	13EQ6
7	7	17		אֶ֔לֶף	505	HAcbsa	13Hsg
7	7	18		וּ/שְׁלֹשִׁ֖ים	c/7970	HC/Acbpa	13CV5
7	7	19		וְ/אַרְבָּעָֽה	c/702	HC/Acmsa	13KuH
7	8	1		וּ/בְנֵ֣י	c/1121 a	HC/Ncmpc	13174
7	8	2		בֶ֗כֶר	1071	HNp	13Nyn
7	8	3		זְמִירָ֡ה	2160	HNp	13L6v
7	8	4		וְ/יוֹעָ֡שׁ	c/3135	HC/Np	13mn4
7	8	5		וֶ֠/אֱלִיעֶזֶר	c/461	HC/Np	13Sga
7	8	6		וְ/אֶלְיוֹעֵינַ֤י	c/454 b	HC/Np	13zPm
7	8	7		וְ/עָמְרִי֙	c/6018	HC/Np	13dP1
7	8	8		וִ/ירֵמ֣וֹת	c/3406	HC/Np	13G4w
7	8	9		וַ/אֲבִיָּ֔ה	c/29	HC/Np	13bsJ
7	8	10		וַ/עֲנָת֖וֹת	c/6068	HC/Np	13WFx
7	8	11		וְ/עָלָ֑מֶת	c/5964	HC/Np	13fnp
7	8	12		כָּל	3605	HNcmsc	1331T
7	8	13		אֵ֖לֶּה	428	HPdxcp	13CPt
7	8	14		בְּנֵי	1121 a	HNcmpc	13beX
7	8	15		בָֽכֶר	1071	HNp	13RAc
7	9	1		וְ/הִתְיַחְשָׂ֣/ם	c/3187	HC/Vtc/Sp3mp	131AV
7	9	2		לְ/תֹלְדוֹתָ֗/ם	l/8435	HR/Ncfpc/Sp3mp	134TA
7	9	3		רָאשֵׁי֙	7218 a	HNcmpc	13Dxr
7	9	4		בֵּ֣ית	1004 b	HNcmsc	13Xre
7	9	5		אֲבוֹתָ֔/ם	1	HNcmpc/Sp3mp	139xv
7	9	6		גִּבּוֹרֵ֖י	1368	HAampc	13wci
7	9	7		חָ֑יִל	2428	HNcmsa	13MpA
7	9	8		עֶשְׂרִ֥ים	6242	HAcbpa	13Una
7	9	9		אֶ֖לֶף	505	HAcbsa	13jgC
7	9	10		וּ/מָאתָֽיִם	c/3967	HC/Acbda	13EC9
7	10	1		וּ/בְנֵ֥י	c/1121 a	HC/Ncmpc	13Ati
7	10	2		יְדִיעֲאֵ֖ל	3043	HNp	13BDF
7	10	3		בִּלְהָ֑ן	1092	HNp	13cw6
7	10	4		וּ/בְנֵ֣י	c/1121 a	HC/Ncmpc	13xcg
7	10	5		בִלְהָ֗ן	1092	HNp	133hZ
7	10	6	x-ketiv	יעיש	3266	HNp	13Gh2
7	10	7		יְע֡וּשׁ	3266	HNp	13tTX
7	10	8		וּ֠/בִנְיָמִן	c/1144	HC/Np	13Khz
7	10	9		וְ/אֵה֤וּד	c/164	HC/Np	13A9P
7	10	10		וּֽ/כְנַעֲנָה֙	c/3668	HC/Np	13kHE
7	10	11		וְ/זֵיתָ֔ן	c/2133	HC/Np	133yK
7	10	12		וְ/תַרְשִׁ֖ישׁ	c/8659	HC/Np	138ib
7	10	13		וַ/אֲחִישָֽׁחַר	c/300	HC/Np	13cZW
7	11	1		כָּל	3605	HNcmsc	13qur
7	11	2		אֵ֜לֶּה	428	HPdxcp	13kHk
7	11	3		בְּנֵ֤י	1121 a	HNcmpc	136Dh
7	11	4		יְדִֽיעֲאֵל֙	3043	HNp	13oAs
7	11	5		לְ/רָאשֵׁ֣י	l/7218 a	HR/Ncmpc	139eG
7	11	6		הָ/אָב֔וֹת	d/1	HTd/Ncmpa	13PZV
7	11	7		גִּבּוֹרֵ֖י	1368	HAampc	13GDR
7	11	8		חֲיָלִ֑ים	2428	HNcmpa	1383x
7	11	9		שִׁבְעָֽה	7651	HAcmsa	13JGH
7	11	10		עָשָׂ֥ר	6240	HAcmsa	13XV5
7	11	11		אֶ֨לֶף֙	505	HAcbsa	139Xx
7	11	12		וּ/מָאתַ֔יִם	c/3967	HC/Acbda	13hrb
7	11	13		יֹצְאֵ֥י	3318	HVqrmpc	131hG
7	11	14		צָבָ֖א	6635 a	HNcbsa	13qmG
7	11	15		לַ/מִּלְחָמָֽה	l/4421	HRd/Ncfsa	13VX8
7	12	1		וְ/שֻׁפִּ֤ם	c/8206	HC/Np	139yf
7	12	2		וְ/חֻפִּם֙	c/2650	HC/Np	134wk
7	12	3		בְּנֵ֣י	1121 a	HNcmpc	13wip
7	12	4		עִ֔יר	5893	HNp	13cyY
7	12	5		חֻשִׁ֖ם	2366 b	HNp	13vHx
7	12	6		בְּנֵ֥י	1121 a	HNcmpc	13FX1
7	12	7		אַחֵֽר	313	HNp	13eb2
7	13	1		בְּנֵ֣י	1121 a	HNcmpc	13c6H
7	13	2		נַפְתָּלִ֗י	5321	HNp	13aZW
7	13	3		יַחֲצִיאֵ֧ל	3185	HNp	135aX
7	13	4		וְ/גוּנִ֛י	c/1476	HC/Np	13U87
7	13	5		וְ/יֵ֥צֶר	c/3337	HC/Np	13NqP
7	13	6		וְ/שַׁלּ֖וּם	c/7967	HC/Np	13mnj
7	13	7		בְּנֵ֥י	1121 a	HNcmpc	133KS
7	13	8		בִלְהָֽה	1090 a	HNp	13MZD
7	14	1		בְּנֵ֣י	1121 a	HNcmpc	138qW
7	14	2		מְנַשֶּׁ֔ה	4519	HNp	13FvR
7	14	3		אַשְׂרִיאֵ֖ל	844	HNp	13G9D
7	14	4		אֲשֶׁ֣ר	834 a	HTr	13VL7
7	14	5		יָלָ֑דָה	3205	HVqp3fs	136Zy
7	14	6		פִּֽילַגְשׁ/וֹ֙	6370	HNcfsc/Sp3ms	13S9D
7	14	7		הָֽ/אֲרַמִּיָּ֔ה	d/761	HTd/Ngfsa	13PJd
7	14	8		יָלְדָ֕ה	3205	HVqp3fs	13nWN
7	14	9		אֶת	853	HTo	13Jus
7	14	10		מָכִ֖יר	4353	HNp	13WyJ
7	14	11		אֲבִ֥י	1	HNcmsc	13AS9
7	14	12		גִלְעָֽד	1568	HNp	13Kp3
7	15	1		וּ/מָכִ֞יר	c/4353	HC/Np	139db
7	15	2		לָקַ֤ח	3947	HVqp3ms	13o7X
7	15	3		אִשָּׁה֙	802	HNcfsa	13WoY
7	15	4		לְ/חֻפִּ֣ים	l/2650	HR/Np	131bu
7	15	5		וּ/לְ/שֻׁפִּ֔ים	c/l/8206	HC/R/Np	13cWZ
7	15	6		וְ/שֵׁ֤ם	c/8034	HC/Ncmsc	13c5u
7	15	7		אֲחֹת/וֹ֙	269	HNcfsc/Sp3ms	13LeR
7	15	8		מַעֲכָ֔ה	4601	HNp	13vkF
7	15	9		וְ/שֵׁ֥ם	c/8034	HC/Ncmsc	13skP
7	15	10		הַ/שֵּׁנִ֖י	d/8145	HTd/Aomsa	13MnR
7	15	11		צְלָפְחָ֑ד	6765	HNp	136Ze
7	15	12		וַ/תִּהְיֶ֥נָה	c/1961	HC/Vqw3fp	13oeq
7	15	13		לִ/צְלָפְחָ֖ד	l/6765	HR/Np	13XJ4
7	15	14		בָּנֽוֹת	1323	HNcfpa	13VLE
7	16	1		וַ/תֵּ֨לֶד	c/3205	HC/Vqw3fs	13RRT
7	16	2		מַעֲכָ֤ה	4601	HNp	131WQ
7	16	3		אֵֽשֶׁת	802	HNcfsc	13GpM
7	16	4		מָכִיר֙	4353	HNp	13sbU
7	16	5		בֵּ֔ן	1121 a	HNcmsa	13WbS
7	16	6		וַ/תִּקְרָ֤א	c/7121	HC/Vqw3fs	13JSM
7	16	7		שְׁמ/וֹ֙	8034	HNcmsc/Sp3ms	13LLT
7	16	8		פֶּ֔רֶשׁ	6570	HNp	139QD
7	16	9		וְ/שֵׁ֥ם	c/8034	HC/Ncmsc	13Wuu
7	16	10		אָחִ֖י/ו	251	HNcmsc/Sp3ms	13Pyy
7	16	11		שָׁ֑רֶשׁ	8329	HNp	13pqj
7	16	12		וּ/בָנָ֖י/ו	c/1121 a	HC/Ncmpc/Sp3ms	132yD
7	16	13		אוּלָ֥ם	198	HNp	13ydy
7	16	14		וָ/רָֽקֶם	c/7552	HC/Np	13Au7
7	17	1		וּ/בְנֵ֥י	c/1121 a	HC/Ncmpc	13GwZ
7	17	2		אוּלָ֖ם	198	HNp	13dXD
7	17	3		בְּדָ֑ן	917	HNp	133Wn
7	17	4		אֵ֚לֶּה	428	HPdxcp	136dK
7	17	5		בְּנֵ֣י	1121 a	HNcmpc	13sKp
7	17	6		גִלְעָ֔ד	1568	HNp	13icY
7	17	7		בֶּן	1121 a	HNcmsc	13bVT
7	17	8		מָכִ֖יר	4353	HNp	13Vdb
7	17	9		בֶּן	1121 a	HNcmsc	13GEn
7	17	10		מְנַשֶּֽׁה	4519	HNp	13JcF
7	18	1		וַ/אֲחֹת֖/וֹ	c/269	HC/Ncfsc/Sp3ms	13GWd
7	18	2		הַ/מֹּלֶ֑כֶת	d/4447	HTd/Np	13S7b
7	18	3		יָלְדָה֙	3205	HVqp3fs	13FMA
7	18	4		אֶת	853	HTo	137jb
7	18	5		אִישְׁה֔וֹד	379	HNp	13acY
7	18	6		וְ/אֶת	c/853	HC/To	13kuq
7	18	7		אֲבִיעֶ֖זֶר	44	HNp	1376D
7	18	8		וְ/אֶת	c/853	HC/To	13sYV
7	18	9		מַחְלָֽה	4244	HNp	13fgo
7	19	1		וַ/יִּהְי֖וּ	c/1961	HC/Vqw3mp	13C3i
7	19	2		בְּנֵ֣י	1121 a	HNcmpc	13K31
7	19	3		שְׁמִידָ֑ע	8061	HNp	13Mxg
7	19	4		אַחְיָ֣ן	291	HNp	13UVY
7	19	5		וָ/שֶׁ֔כֶם	c/7928	HC/Np	13ive
7	19	6		וְ/לִקְחִ֖י	c/3949	HC/Np	13m9N
7	19	7		וַ/אֲנִיעָֽם	c/593	HC/Np	13Gyf
7	20	1		וּ/בְנֵ֥י	c/1121 a	HC/Ncmpc	13j6U
7	20	2		אֶפְרַ֖יִם	669	HNp	13T8G
7	20	3		שׁוּתָ֑לַח	7803	HNp	13h69
7	20	4		וּ/בֶ֤רֶד	c/1260	HC/Np	13Hpm
7	20	5		בְּנ/וֹ֙	1121 a	HNcmsc/Sp3ms	13U2e
7	20	6		וְ/תַ֣חַת	c/8480	HC/Np	13UaK
7	20	7		בְּנ֔/וֹ	1121 a	HNcmsc/Sp3ms	13FLe
7	20	8		וְ/אֶלְעָדָ֥ה	c/497	HC/Np	13TjF
7	20	9		בְנ֖/וֹ	1121 a	HNcmsc/Sp3ms	13tFS
7	20	10		וְ/תַ֥חַת	c/8480	HC/Np	13wv4
7	20	11		בְּנֽ/וֹ	1121 a	HNcmsc/Sp3ms	131QE
7	21	1		וְ/זָבָ֥ד	c/2066	HC/Np	13HFk
7	21	2		בְּנ֛/וֹ	1121 a	HNcmsc/Sp3ms	13bMt
7	21	3		וְ/שׁוּתֶ֥לַח	c/7803	HC/Np	13fjp
7	21	4		בְּנ֖/וֹ	1121 a	HNcmsc/Sp3ms	13hSe
7	21	5		וְ/עֵ֣זֶר	c/5827	HC/Np	13JDi
7	21	6		וְ/אֶלְעָ֑ד	c/496	HC/Np	13pLR
7	21	7		וַ/הֲרָג֗וּ/ם	c/2026	HC/Vqp3cp/Sp3mp	13UUk
7	21	8		אַנְשֵׁי	376	HNcmpc	13FGD
7	21	9		גַת֙	1661	HNp	13cjX
7	21	10		הַ/נּוֹלָדִ֣ים	d/3205	HTd/VNrmpa	13BD2
7	21	11		בָּ/אָ֔רֶץ	b/776	HRd/Ncbsa	13fQf
7	21	12		כִּ֣י	3588 a	HC	13cFY
7	21	13		יָרְד֔וּ	3381	HVqp3cp	13czF
7	21	14		לָ/קַ֖חַת	l/3947	HR/Vqc	13BK6
7	21	15		אֶת	853	HTo	13drG
7	21	16		מִקְנֵי/הֶֽם	4735	HNcmsc/Sp3mp	13tUv
7	22	1		וַ/יִּתְאַבֵּ֛ל	c/56	HC/Vtw3ms	13VQ4
7	22	2		אֶפְרַ֥יִם	669	HNp	13S5J
7	22	3		אֲבִי/הֶ֖ם	1	HNcmsc/Sp3mp	13bwb
7	22	4		יָמִ֣ים	3117	HNcmpa	13gNm
7	22	5		רַבִּ֑ים	7227 a	HAampa	13ZtA
7	22	6		וַ/יָּבֹ֥אוּ	c/935	HC/Vqw3mp	13u1F
7	22	7		אֶחָ֖י/ו	251	HNcmpc/Sp3ms	13agt
7	22	8		לְ/נַחֲמֽ/וֹ	l/5162	HR/Vpc/Sp3ms	13csz
7	23	1		וַ/יָּבֹא֙	c/935	HC/Vqw3ms	13wNM
7	23	2		אֶל	413	HR	13rRN
7	23	3		אִשְׁתּ֔/וֹ	802	HNcfsc/Sp3ms	13Ade
7	23	4		וַ/תַּ֖הַר	c/2029	HC/Vqw3fs	13KH4
7	23	5		וַ/תֵּ֣לֶד	c/3205	HC/Vqw3fs	13kAt
7	23	6		בֵּ֑ן	1121 a	HNcmsa	13JGi
7	23	7		וַ/יִּקְרָ֤א	c/7121	HC/Vqw3ms	13KWf
7	23	8		אֶת	853	HTo	13mD6
7	23	9		שְׁמ/וֹ֙	8034	HNcmsc/Sp3ms	13xhB
7	23	10		בְּרִיעָ֔ה	1283	HNp	1375Z
7	23	11		כִּ֥י	3588 a	HC	13vHP
7	23	12		בְ/רָעָ֖ה	b/7451 c	HR/Ncfsa	13CmX
7	23	13		הָיְתָ֥ה	1961	HVqp3fs	13rpF
7	23	14		בְּ/בֵיתֽ/וֹ	b/1004 b	HR/Ncmsc/Sp3ms	1317V
7	24	1		וּ/בִתּ֣/וֹ	c/1323	HC/Ncfsc/Sp3ms	13qbi
7	24	2		שֶׁאֱרָ֔ה	7609	HNp	13WH5
7	24	3		וַ/תִּ֧בֶן	c/1129	HC/Vqw3fs	13Wu9
7	24	4		אֶת	853	HTo	13Wfj
7	24	5		בֵּית	1032+	HNp	13MRr
7	24	6		חוֹר֛וֹן	1032	HNp	13d46
7	24	7		הַ/תַּחְתּ֖וֹן	d/8481	HTd/Aamsa	13vGY
7	24	8		וְ/אֶת	c/853	HC/To	13MDm
7	24	9		הָ/עֶלְי֑וֹן	d/5945 a	HTd/Aamsa	13dCq
7	24	10		וְ/אֵ֖ת	c/853	HC/To	13cAA
7	24	11		אֻזֵּ֥ן	242+	HNp	13UYM
7	24	12		שֶׁאֱרָֽה	242	HNp	13NZQ
7	25	1		וְ/רֶ֣פַח	c/7506	HC/Np	13afe
7	25	2		בְּנ֗/וֹ	1121 a	HNcmsc/Sp3ms	13jFT
7	25	3		וְ/רֶ֧שֶׁף	c/7566	HC/Np	13VEv
7	25	4		וְ/תֶ֛לַח	c/8520	HC/Np	13dWK
7	25	5		בְּנ֖/וֹ	1121 a	HNcmsc/Sp3ms	13MeB
7	25	6		וְ/תַ֥חַן	c/8465	HC/Np	13kAx
7	25	7		בְּנֽ/וֹ	1121 a	HNcmsc/Sp3ms	13cC6
7	26	1		לַעְדָּ֥ן	3936	HNp	13AoQ
7	26	2		בְּנ֛/וֹ	1121 a	HNcmsc/Sp3ms	13TQ4
7	26	3		עַמִּיה֥וּד	5989	HNp	13pM2
7	26	4		בְּנ֖/וֹ	1121 a	HNcmsc/Sp3ms	13fTE
7	26	5		אֱלִישָׁמָ֥ע	476	HNp	13BxX
7	26	6		בְּנֽ/וֹ	1121 a	HNcmsc/Sp3ms	133b7
7	27	1		נ֥וֹן	5126	HNp	1362B
7	27	2		בְּנ֖/וֹ	1121 a	HNcmsc/Sp3ms	13MnE
7	27	3		יְהוֹשֻׁ֥עַ	3091	HNp	135dP
7	27	4		בְּנֽ/וֹ	1121 a	HNcmsc/Sp3ms	13sJH
7	28	1		וַ/אֲחֻזָּתָ/ם֙	c/272	HC/Ncfsc/Sp3mp	13Wke
7	28	2		וּ/מֹ֣שְׁבוֹתָ֔/ם	c/4186	HC/Ncmpc/Sp3mp	138Vg
7	28	3		בֵּֽית	1008+	HNp	13NwX
7	28	4		אֵ֖ל	1008	HNp	13VVb
7	28	5		וּ/בְנֹתֶ֑י/הָ	c/1323	HC/Ncfpc/Sp3fs	13BJi
7	28	6		וְ/לַ/מִּזְרָ֣ח	c/l/4217	HC/Rd/Ncmsa	13dp9
7	28	7		נַעֲרָ֔ן	5295	HNp	13ERi
7	28	8		וְ/לַֽ/מַּעֲרָ֗ב	c/l/4628	HC/Rd/Ncmsa	13riL
7	28	9		גֶּ֤זֶר	1507	HNp	13qeW
7	28	10		וּ/בְנֹתֶ֨י/הָ֙	c/1323	HC/Ncfpc/Sp3fs	132Cm
7	28	11		וּ/שְׁכֶ֣ם	c/7927	HC/Np	13juK
7	28	12		וּ/בְנֹתֶ֔י/הָ	c/1323	HC/Ncfpc/Sp3fs	13CyD
7	28	13		עַד	5704	HR	13CuU
7	28	14		עַיָּ֖ה	5804	HNp	13fge
7	28	15		וּ/בְנֹתֶֽי/הָ	c/1323	HC/Ncfpc/Sp3fs	136Q1
7	29	1		וְ/עַל	c/5921 a	HC/R	13zHR
7	29	2		יְדֵ֣י	3027	HNcbdc	13tip
7	29	3		בְנֵי	1121 a	HNcmpc	13KkZ
7	29	4		מְנַשֶּׁ֗ה	4519	HNp	13hTx
7	29	5		בֵּית	1052+	HNp	13ZqW
7	29	6		שְׁאָ֤ן	1052	HNp	13kWc
7	29	7		וּ/בְנֹתֶ֨י/הָ֙	c/1323	HC/Ncfpc/Sp3fs	13gXQ
7	29	8		תַּעְנַ֣ךְ	8590	HNp	13qr9
7	29	9		וּ/בְנֹתֶ֔י/הָ	c/1323	HC/Ncfpc/Sp3fs	13TFW
7	29	10		מְגִדּ֥וֹ	4023	HNp	132cg
7	29	11		וּ/בְנוֹתֶ֖י/הָ	c/1323	HC/Ncfpc/Sp3fs	13G6q
7	29	12		דּ֣וֹר	1756	HNp	13E2j
7	29	13		וּ/בְנוֹתֶ֑י/הָ	c/1323	HC/Ncfpc/Sp3fs	13tXV
7	29	14		בְּ/אֵ֨לֶּה֙	b/428	HR/Pdxcp	137Ee
7	29	15		יָשְׁב֔וּ	3427	HVqp3cp	134LF
7	29	16		בְּנֵ֥י	1121 a	HNcmpc	138Ur
7	29	17		יוֹסֵ֖ף	3130	HNp	13UB3
7	29	18		בֶּן	1121 a	HNcmsc	135iK
7	29	19		יִשְׂרָאֵֽל	3478	HNp	13Der
7	30	1		בְּנֵ֣י	1121 a	HNcmpc	13e1m
7	30	2		אָשֵׁ֗ר	836	HNp	13JA6
7	30	3		יִמְנָ֧ה	3232	HNp	13ZJi
7	30	4		וְ/יִשְׁוָ֛ה	c/3438	HC/Np	13gKV
7	30	5		וְ/יִשְׁוִ֥י	c/3440	HC/Np	134qd
7	30	6		וּ/בְרִיעָ֖ה	c/1283	HC/Np	13LEv
7	30	7		וְ/שֶׂ֥רַח	c/8294	HC/Np	13N84
7	30	8		אֲחוֹתָֽ/ם	269	HNcfsc/Sp3mp	13rBZ
7	31	1		וּ/בְנֵ֣י	c/1121 a	HC/Ncmpc	13uki
7	31	2		בְרִיעָ֔ה	1283	HNp	13uaL
7	31	3		חֶ֖בֶר	2268	HNp	137ay
7	31	4		וּ/מַלְכִּיאֵ֑ל	c/4439	HC/Np	13VmT
7	31	5		ה֖וּא	1931	HPp3ms	13f8e
7	31	6		אֲבִ֥י	1	HNcmsc	13rZF
7	31	7	x-ketiv	ברזות	1269	HNp	13HRi
7	31	8		בִרְזָֽיִת	1269	HNp	13cpy
7	32	1		וְ/חֶ֨בֶר֙	c/2268	HC/Np	13N1Q
7	32	2		הוֹלִ֣יד	3205	HVhp3ms	13g1a
7	32	3		אֶת	853	HTo	13sKY
7	32	4		יַפְלֵ֔ט	3310	HNp	13CQw
7	32	5		וְ/אֶת	c/853	HC/To	13C3C
7	32	6		שׁוֹמֵ֖ר	7763	HNp	13bgL
7	32	7		וְ/אֶת	c/853	HC/To	13NPP
7	32	8		חוֹתָ֑ם	2369	HNp	13son
7	32	9		וְ/אֵ֖ת	c/853	HC/To	13g5s
7	32	10		שׁוּעָ֥א	7774	HNp	13xyw
7	32	11		אֲחוֹתָֽ/ם	269	HNcfsc/Sp3mp	13UeH
7	33	1		וּ/בְנֵ֣י	c/1121 a	HC/Ncmpc	13LdR
7	33	2		יַפְלֵ֔ט	3310	HNp	13LmR
7	33	3		פָּסַ֥ךְ	6457	HNp	13NJs
7	33	4		וּ/בִמְהָ֖ל	c/1118	HC/Np	13AjX
7	33	5		וְ/עַשְׁוָ֑ת	c/6220	HC/Np	134wq
7	33	6		אֵ֖לֶּה	428	HPdxcp	13Xv2
7	33	7		בְּנֵ֥י	1121 a	HNcmpc	13sVg
7	33	8		יַפְלֵֽט	3310	HNp	13qDj
7	34	1		וּ/בְנֵ֖י	c/1121 a	HC/Ncmpc	13A47
7	34	2		שָׁ֑מֶר	8106	HNp	13zoe
7	34	3		אֲחִ֥י	277	HNp	13hNP
7	34	4	x-ketiv	ו/רוהגה	c/7303	HC/Np	13vwy
7	34	5		וְ/רָהְגָּ֖ה	c/7303	HC/Np	13grp
7	34	6	x-ketiv	יחבה	3160	HNp	1362m
7	34	7		וְ/חֻבָּ֥ה	c/3160	HC/Np	133iU
7	34	8		וַ/אֲרָֽם	c/758	HC/Np	13VM7
7	35	1		וּ/בֶן	c/1121 a	HC/Ncmsc	13MLL
7	35	2		הֵ֖לֶם	1987	HNp	134Gd
7	35	3		אָחִ֑י/ו	251	HNcmsc/Sp3ms	13KJT
7	35	4		צוֹפַ֥ח	6690	HNp	13usd
7	35	5		וְ/יִמְנָ֖ע	c/3234	HC/Np	131WV
7	35	6		וְ/שֵׁ֥לֶשׁ	c/8028	HC/Np	13BBr
7	35	7		וְ/עָמָֽל	c/6000	HC/Np	13mUf
7	36	1		בְּנֵ֖י	1121 a	HNcmpc	13KL5
7	36	2		צוֹפָ֑ח	6690	HNp	13ry1
7	36	3		ס֧וּחַ	5477	HNp	13C5C
7	36	4		וְ/חַרְנֶ֛פֶר	c/2774	HC/Np	13hY2
7	36	5		וְ/שׁוּעָ֖ל	c/7777 b	HC/Np	13dNn
7	36	6		וּ/בֵרִ֥י	c/1275	HC/Np	13T9N
7	36	7		וְ/יִמְרָֽה	c/3236	HC/Np	13Fig
7	37	1		בֶּ֣צֶר	1221	HNp	13h9t
7	37	2		וָ/ה֗וֹד	c/1936	HC/Np	136vs
7	37	3		וְ/שַׁמָּ֧א	c/8037	HC/Np	13Neq
7	37	4		וְ/שִׁלְשָׁ֛ה	c/8030	HC/Np	13ESF
7	37	5		וְ/יִתְרָ֖ן	c/3506	HC/Np	134Rb
7	37	6		וּ/בְאֵרָֽא	c/878	HC/Np	13f3R
7	38	1		וּ/בְנֵ֖י	c/1121 a	HC/Ncmpc	13eYe
7	38	2		יֶ֑תֶר	3500	HNp	13tse
7	38	3		יְפֻנֶּ֥ה	3312	HNp	13T7X
7	38	4		וּ/פִסְפָּ֖ה	c/6462	HC/Np	13Ao9
7	38	5		וַ/אְרָֽא	c/690	HC/Np	13dNk
7	39	1		וּ/בְנֵ֖י	c/1121 a	HC/Ncmpc	136Vu
7	39	2		עֻלָּ֑א	5925	HNp	13UqP
7	39	3		אָרַ֥ח	733	HNp	13y9h
7	39	4		וְ/חַנִּיאֵ֖ל	c/2592	HC/Np	131wY
7	39	5		וְ/רִצְיָֽא	c/7525	HC/Np	13eab
7	40	1		כָּל	3605	HNcmsc	13woG
7	40	2		אֵ֣לֶּה	428	HPdxcp	139sB
7	40	3		בְנֵי	1121 a	HNcmpc	13Sgi
7	40	4		אָ֠שֵׁר	836	HNp	13CEB
7	40	5		רָאשֵׁ֨י	7218 a	HNcmpc	132MH
7	40	6		בֵית	1004 b	HNcmsc	13mz9
7	40	7		הָ/אָב֤וֹת	d/1	HTd/Ncmpa	13HHZ
7	40	8		בְּרוּרִים֙	1305	HVqsmpa	13JA2
7	40	9		גִּבּוֹרֵ֣י	1368	HAampc	13Scx
7	40	10		חֲיָלִ֔ים	2428	HNcmpa	13gFo
7	40	11		רָאשֵׁ֖י	7218 a	HNcmpc	136MJ
7	40	12		הַ/נְּשִׂיאִ֑ים	d/5387 a	HTd/Ncmpa	13ybQ
7	40	13		וְ/הִתְיַחְשָׂ֤/ם	c/3187	HC/Vtc/Sp3mp	1346t
7	40	14		בַּ/צָּבָא֙	b/6635 a	HRd/Ncbsa	13vWK
7	40	15		בַּ/מִּלְחָמָ֔ה	b/4421	HRd/Ncfsa	13B91
7	40	16		מִסְפָּרָ֣/ם	4557	HNcmsc/Sp3mp	13GeY
7	40	17		אֲנָשִׁ֔ים	376	HNcmpa	13WDj
7	40	18		עֶשְׂרִ֥ים	6242	HAcbpa	13HnC
7	40	19		וְ/שִׁשָּׁ֖ה	c/8337	HC/Acmsa	13y8y
7	40	20		אָֽלֶף	505	HAcbsa	13b5P
8	1	1		וּ/בִ֨נְיָמִ֔ן	c/1144	HC/Np	13adv
8	1	2		הוֹלִ֖יד	3205	HVhp3ms	13tpc
8	1	3		אֶת	853	HTo	139g8
8	1	4		בֶּ֣לַע	1106 a	HNp	13ud1
8	1	5		בְּכֹר֑/וֹ	1060	HNcmsc/Sp3ms	13ZMC
8	1	6		אַשְׁבֵּל֙	788	HNp	13EHt
8	1	7		הַ/שֵּׁנִ֔י	d/8145	HTd/Aomsa	13YsZ
8	1	8		וְ/אַחְרַ֖ח	c/315	HC/Np	136p4
8	1	9		הַ/שְּׁלִישִֽׁי	d/7992	HTd/Aomsa	133FP
8	2	1		נוֹחָה֙	5119	HNp	13GfA
8	2	2		הָֽ/רְבִיעִ֔י	d/7243	HTd/Aomsa	13eA1
8	2	3		וְ/רָפָ֖א	c/7498	HC/Np	13cQD
8	2	4		הַ/חֲמִישִֽׁי	d/2549	HTd/Aomsa	13RMQ
8	3	1		וַ/יִּהְי֥וּ	c/1961	HC/Vqw3mp	13WdN
8	3	2		בָנִ֖ים	1121 a	HNcmpa	13jG1
8	3	3		לְ/בָ֑לַע	l/1106 a	HR/Np	1385m
8	3	4		אַדָּ֥ר	146	HNp	13iMR
8	3	5		וְ/גֵרָ֖א	c/1617	HC/Np	133NL
8	3	6		וַ/אֲבִיהֽוּד	c/31	HC/Np	13YEU
8	4	1		וַ/אֲבִישׁ֥וּעַ	c/50	HC/Np	13Cch
8	4	2		וְ/נַעֲמָ֖ן	c/5283	HC/Np	13gkB
8	4	3		וַ/אֲחֽוֹחַ	c/265	HC/Np	13Kpe
8	5	1		וְ/גֵרָ֥א	c/1617	HC/Np	137Zk
8	5	2		וּ/שְׁפוּפָ֖ן	c/8197 b	HC/Np	13Ajz
8	5	3		וְ/חוּרָֽם	c/2361	HC/Np	13UQk
8	6	1		וְ/אֵ֖לֶּה	c/428	HC/Pdxcp	13tfV
8	6	2		בְּנֵ֣י	1121 a	HNcmpc	1343s
8	6	3		אֵח֑וּד	261	HNp	13Ghn
8	6	4		אֵ֣לֶּה	428	HPdxcp	13ZYn
8	6	5		הֵ֞ם	1992	HPp3mp	139F4
8	6	6		רָאשֵׁ֤י	7218 a	HNcmpc	1362h
8	6	7		אָבוֹת֙	1	HNcmpa	13huk
8	6	8		לְ/י֣וֹשְׁבֵי	l/3427	HR/Vqrmpc	13UDk
8	6	9		גֶ֔בַע	1387	HNp	13QuN
8	6	10		וַ/יַּגְל֖וּ/ם	c/1540	HC/Vhw3mp/Sp3mp	13VQo
8	6	11		אֶל	413	HR	137dP
8	6	12		מָנָֽחַת	4506 a	HNp	13CUv
8	7	1		וְ/נַעֲמָ֧ן	c/5283	HC/Np	13JqX
8	7	2		וַ/אֲחִיָּ֛ה	c/281	HC/Np	13iVc
8	7	3		וְ/גֵרָ֖א	c/1617	HC/Np	13z3B
8	7	4		ה֣וּא	1931	HPp3ms	13GFA
8	7	5		הֶגְלָ֑/ם	1540	HVhp3ms/Sp3mp	13Wq6
8	7	6		וְ/הוֹלִ֥יד	c/3205	HC/Vhp3ms	13hEi
8	7	7		אֶת	853	HTo	13NJx
8	7	8		עֻזָּ֖א	5798 a	HNp	13YXv
8	7	9		וְ/אֶת	c/853	HC/To	13dTc
8	7	10		אֲחִיחֻֽד	284	HNp	133yW
8	8	1		וְ/שַׁחֲרַ֗יִם	c/7842	HC/Np	131Xj
8	8	2		הוֹלִיד֙	3205	HVhp3ms	13gCC
8	8	3		בִּ/שְׂדֵ֣ה	b/7704 b	HR/Ncmsc	13nPn
8	8	4		מוֹאָ֔ב	4124	HNp	13men
8	8	5		מִן	4480 a	HR	13Uos
8	8	6		שִׁלְח֖/וֹ	7971	HVpc/Sp3ms	13gzF
8	8	7		אֹתָ֑/ם	853	HTo/Sp3mp	13z6v
8	8	8		חוּשִׁ֥ים	2366 a	HNp	13o1v
8	8	9		וְ/אֶֽת	c/853	HC/To	138kX
8	8	10		בַּעֲרָ֖א	1199	HNp	13VLR
8	8	11		נָשָֽׁי/ו	802	HNcfpc/Sp3ms	13PN4
8	9	1		וַ/יּ֖וֹלֶד	c/3205	HC/Vhw3ms	13T6a
8	9	2		מִן	4480 a	HR	13ywW
8	9	3		חֹ֣דֶשׁ	2321	HNp	13aNz
8	9	4		אִשְׁתּ֑/וֹ	802	HNcfsc/Sp3ms	13f9a
8	9	5		אֶת	853	HTo	1365i
8	9	6		יוֹבָב֙	3103	HNp	13fh4
8	9	7		וְ/אֶת	c/853	HC/To	13Zxj
8	9	8		צִבְיָ֔א	6644	HNp	13byd
8	9	9		וְ/אֶת	c/853	HC/To	134Ma
8	9	10		מֵישָׁ֖א	4331	HNp	13gyw
8	9	11		וְ/אֶת	c/853	HC/To	13M2C
8	9	12		מַלְכָּֽם	4445 a	HNp	13CL8
8	10	1		וְ/אֶת	c/853	HC/To	13uZX
8	10	2		יְע֥וּץ	3263	HNp	13NYw
8	10	3		וְ/אֶת	c/853	HC/To	13NKz
8	10	4		שָֽׂכְיָ֖ה	7634	HNp	13V99
8	10	5		וְ/אֶת	c/853	HC/To	13o3Y
8	10	6		מִרְמָ֑ה	4821	HNp	13n3z
8	10	7		אֵ֥לֶּה	428	HPdxcp	13hkq
8	10	8		בָנָ֖י/ו	1121 a	HNcmpc/Sp3ms	13vp6
8	10	9		רָאשֵׁ֥י	7218 a	HNcmpc	13NvP
8	10	10		אָבֽוֹת	1	HNcmpa	13ciJ
8	11	1		וּ/מֵ/חֻשִׁ֛ים	c/m/2366 a	HC/R/Np	135L4
8	11	2		הוֹלִ֥יד	3205	HVhp3ms	13i2j
8	11	3		אֶת	853	HTo	13YPx
8	11	4		אֲבִיט֖וּב	36	HNp	13FHp
8	11	5		וְ/אֶת	c/853	HC/To	13AKQ
8	11	6		אֶלְפָּֽעַל	508	HNp	13c7n
8	12	1		וּ/בְנֵ֣י	c/1121 a	HC/Ncmpc	13qqw
8	12	2		אֶלְפַּ֔עַל	508	HNp	13tnE
8	12	3		עֵ֥בֶר	5677	HNp	13M4D
8	12	4		וּ/מִשְׁעָ֖ם	c/4936	HC/Np	13kz5
8	12	5		וָ/שָׁ֑מֶד	c/8106	HC/Np	131Pz
8	12	6		ה֚וּא	1931	HPp3ms	13fz6
8	12	7		בָּנָ֣ה	1129	HVqp3ms	13EX2
8	12	8		אֶת	853	HTo	13j2V
8	12	9		אוֹנ֔וֹ	207	HNp	139Bj
8	12	10		וְ/אֶת	c/853	HC/To	134gZ
8	12	11		לֹ֖ד	3850	HNp	13Zbw
8	12	12		וּ/בְנֹתֶֽי/הָ	c/1323	HC/Ncfpc/Sp3fs	13dMH
8	13	1		וּ/בְרִעָ֣ה	c/1283	HC/Np	13agv
8	13	2		וָ/שֶׁ֔מַע	c/8087	HC/Np	13n4g
8	13	3		הֵ֚מָּה	1992	HPp3mp	13JoF
8	13	4		רָאשֵׁ֣י	7218 a	HNcmpc	13f82
8	13	5		הָ/אָב֔וֹת	d/1	HTd/Ncmpa	13YnB
8	13	6		לְ/יוֹשְׁבֵ֖י	l/3427	HR/Vqrmpc	13wpu
8	13	7		אַיָּל֑וֹן	357	HNp	13E97
8	13	8		הֵ֥מָּה	1992	HPp3mp	139vy
8	13	9		הִבְרִ֖יחוּ	1272	HVhp3cp	13q1D
8	13	10		אֶת	853	HTo	13RyE
8	13	11		י֥וֹשְׁבֵי	3427	HVqrmpc	13iBM
8	13	12		גַֽת	1661	HNp	13HhJ
8	14	1		וְ/אַחְי֥וֹ	c/283	HC/Np	13H6z
8	14	2		שָׁשָׁ֖ק	8349	HNp	13UDW
8	14	3		וִ/ירֵמֽוֹת	c/3406	HC/Np	13TRf
8	15	1		וּ/זְבַדְיָ֥ה	c/2069	HC/Np	13LcF
8	15	2		וַ/עֲרָ֖ד	c/6166 b	HC/Np	13xJK
8	15	3		וָ/עָֽדֶר	c/5738	HC/Np	13kBm
8	16	1		וּ/מִיכָאֵ֧ל	c/4317	HC/Np	13yGN
8	16	2		וְ/יִשְׁפָּ֛ה	c/3472	HC/Np	13GMF
8	16	3		וְ/יוֹחָ֖א	c/3109	HC/Np	13CG8
8	16	4		בְּנֵ֥י	1121 a	HNcmpc	133jX
8	16	5		בְרִיעָֽה	1283	HNp	13DX8
8	17	1		וּ/זְבַדְיָ֥ה	c/2069	HC/Np	13yZK
8	17	2		וּ/מְשֻׁלָּ֖ם	c/4918	HC/Np	13Ps4
8	17	3		וְ/חִזְקִ֥י	c/2395	HC/Np	13jCy
8	17	4		וָ/חָֽבֶר	c/2268	HC/Np	13gAT
8	18	1		וְ/יִשְׁמְרַ֧י	c/3461	HC/Np	13Lva
8	18	2		וְ/יִזְלִיאָ֛ה	c/3152	HC/Np	13sCe
8	18	3		וְ/יוֹבָ֖ב	c/3103	HC/Np	13tYs
8	18	4		בְּנֵ֥י	1121 a	HNcmpc	13SFu
8	18	5		אֶלְפָּֽעַל	508	HNp	13TPm
8	19	1		וְ/יָקִ֥ים	c/3356	HC/Np	13VnF
8	19	2		וְ/זִכְרִ֖י	c/2147	HC/Np	13mUe
8	19	3		וְ/זַבְדִּֽי	c/2067	HC/Np	13EBm
8	20	1		וֶ/אֱלִיעֵנַ֥י	c/462	HC/Np	13xzw
8	20	2		וְ/צִלְּתַ֖י	c/6769	HC/Np	13Mj5
8	20	3		וֶ/אֱלִיאֵֽל	c/447	HC/Np	13JHF
8	21	1		וַ/עֲדָיָ֧ה	c/5718	HC/Np	136fJ
8	21	2		וּ/בְרָאיָ֛ה	c/1256	HC/Np	13TPR
8	21	3		וְ/שִׁמְרָ֖ת	c/8119	HC/Np	13N8B
8	21	4		בְּנֵ֥י	1121 a	HNcmpc	13LP1
8	21	5		שִׁמְעִֽי	8096	HNp	13T1d
8	22	1		וְ/יִשְׁפָּ֥ן	c/3473	HC/Np	13i6M
8	22	2		וָ/עֵ֖בֶר	c/5677	HC/Np	13YXc
8	22	3		וֶ/אֱלִיאֵֽל	c/447	HC/Np	13feJ
8	23	1		וְ/עַבְדּ֥וֹן	c/5658	HC/Np	132oS
8	23	2		וְ/זִכְרִ֖י	c/2147	HC/Np	13iQ7
8	23	3		וְ/חָנָֽן	c/2605	HC/Np	13etD
8	24	1		וַ/חֲנַנְיָ֥ה	c/2608 a	HC/Np	13AJ9
8	24	2		וְ/עֵילָ֖ם	c/5867 b	HC/Np	13Y2o
8	24	3		וְ/עַנְתֹתִיָּֽה	c/6070	HC/Np	13zZV
8	25	1		וְ/יִפְדְיָ֥ה	c/3301	HC/Np	13Mcm
8	25	2	x-ketiv	ו/פניאל	c/6439	HC/Np	13NSu
8	25	3		וּ/פְנוּאֵ֖ל	c/6439	HC/Np	13KVb
8	25	4		בְּנֵ֥י	1121 a	HNcmpc	13KEV
8	25	5		שָׁשָֽׁק	8349	HNp	131pu
8	26	1		וְ/שַׁמְשְׁרַ֥י	c/8125	HC/Np	13fNB
8	26	2		וּ/שְׁחַרְיָ֖ה	c/7841	HC/Np	13uQ9
8	26	3		וַ/עֲתַלְיָֽה	c/6271	HC/Np	13SCW
8	27	1		וְ/יַעֲרֶשְׁיָ֧ה	c/3298	HC/Np	137iT
8	27	2		וְ/אֵלִיָּ֛ה	c/452	HC/Np	13aZB
8	27	3		וְ/זִכְרִ֖י	c/2147	HC/Np	13Jjb
8	27	4		בְּנֵ֥י	1121 a	HNcmpc	13DZq
8	27	5		יְרֹחָֽם	3395	HNp	13iNw
8	28	1		אֵ֣לֶּה	428	HPdxcp	13edn
8	28	2		רָאשֵׁ֥י	7218 a	HNcmpc	138b9
8	28	3		אָב֛וֹת	1	HNcmpa	132Bh
8	28	4		לְ/תֹלְדוֹתָ֖/ם	l/8435	HR/Ncfpc/Sp3mp	135eC
8	28	5		רָאשִׁ֑ים	7218 a	HNcmpa	1344r
8	28	6		אֵ֖לֶּה	428	HPdxcp	135CX
8	28	7		יָשְׁב֥וּ	3427	HVqp3cp	13pdB
8	28	8		בִ/ירוּשָׁלִָֽם	b/3389	HR/Np	13NS8
8	29	1		וּ/בְ/גִבְע֥וֹן	c/b/1391	HC/R/Np	137ET
8	29	2		יָשְׁב֖וּ	3427	HVqp3cp	134Jq
8	29	3		אֲבִ֣י	1	HNcmsc	13hA6
8	29	4		גִבְע֑וֹן	1391	HNp	13Lzj
8	29	5		וְ/שֵׁ֥ם	c/8034	HC/Ncmsc	13QZt
8	29	6		אִשְׁתּ֖/וֹ	802	HNcfsc/Sp3ms	13FUV
8	29	7		מַעֲכָֽה	4601	HNp	13eDe
8	30	1		וּ/בְנ֥/וֹ	c/1121 a	HC/Ncmsc/Sp3ms	133fc
8	30	2		הַ/בְּכ֖וֹר	d/1060	HTd/Ncmsa	13TYP
8	30	3		עַבְדּ֑וֹן	5658	HNp	13pVN
8	30	4		וְ/צ֥וּר	c/6698	HC/Np	13Nku
8	30	5		וְ/קִ֖ישׁ	c/7027	HC/Np	13ypK
8	30	6		וּ/בַ֥עַל	c/1168 b	HC/Np	13Yts
8	30	7		וְ/נָדָֽב	c/5070	HC/Np	131in
8	31	1		וּ/גְד֥וֹר	c/1446	HC/Np	13JDW
8	31	2		וְ/אַחְי֖וֹ	c/283	HC/Np	13wBA
8	31	3		וָ/זָֽכֶר	c/2144	HC/Np	13Jon
8	32	1		וּ/מִקְל֖וֹת	c/4732	HC/Np	13eep
8	32	2		הוֹלִ֣יד	3205	HVhp3ms	13548
8	32	3		אֶת	853	HTo	13Wut
8	32	4		שִׁמְאָ֑ה	8039	HNp	13pLk
8	32	5		וְ/אַף	c/637	HC/D	13DJ2
8	32	6		הֵ֗מָּה	1992	HPp3mp	13gco
8	32	7		נֶ֧גֶד	5048	HR	13kQS
8	32	8		אֲחֵי/הֶ֛ם	251	HNcmpc/Sp3mp	13tuE
8	32	9		יָשְׁב֥וּ	3427	HVqp3cp	13uja
8	32	10		בִ/ירוּשָׁלִַ֖ם	b/3389	HR/Np	13GwE
8	32	11		עִם	5973 a	HR	13XRt
8	32	12		אֲחֵי/הֶֽם	251	HNcmpc/Sp3mp	13Wxh
8	33	1		וְ/נֵר֙	c/5369	HC/Np	13bfm
8	33	2		הוֹלִ֣יד	3205	HVhp3ms	13my2
8	33	3		אֶת	853	HTo	13Cn7
8	33	4		קִ֔ישׁ	7027	HNp	1343d
8	33	5		וְ/קִ֖ישׁ	c/7027	HC/Np	13KUk
8	33	6		הוֹלִ֣יד	3205	HVhp3ms	13ssc
8	33	7		אֶת	853	HTo	13EV7
8	33	8		שָׁא֑וּל	7586	HNp	138aA
8	33	9		וְ/שָׁא֗וּל	c/7586	HC/Np	13xWZ
8	33	10		הוֹלִ֤יד	3205	HVhp3ms	13cXS
8	33	11		אֶת	853	HTo	13tBh
8	33	12		יְהֽוֹנָתָן֙	3083	HNp	13eyN
8	33	13		וְ/אֶת	c/853	HC/To	13SSh
8	33	14		מַלְכִּי	4444+	HNp	1363d
8	33	15		שׁ֔וּעַ	4444	HNp	13R11
8	33	16		וְ/אֶת	c/853	HC/To	13pNu
8	33	17		אֲבִֽינָדָ֖ב	41	HNp	137VF
8	33	18		וְ/אֶת	c/853	HC/To	13zUM
8	33	19		אֶשְׁבָּֽעַל	792	HNp	13zd9
8	34	1		וּ/בֶן	c/1121 a	HC/Ncmsc	13FAY
8	34	2		יְהוֹנָתָ֖ן	3083	HNp	13Pfc
8	34	3		מְרִ֣יב	4807+	HNp	13iza
8	34	4		בָּ֑עַל	4807	HNp	13AYM
8	34	5		וּ/מְרִ֥יב	c/4807+	HC/Np	13GmN
8	34	6		בַּ֖עַל	4807	HNp	13pSh
8	34	7		הוֹלִ֥יד	3205	HVhp3ms	13C37
8	34	8		אֶת	853	HTo	13yoT
8	34	9		מִיכָֽה	4318	HNp	13LMx
8	35	1		וּ/בְנֵ֖י	c/1121 a	HC/Ncmpc	1323n
8	35	2		מִיכָ֑ה	4318	HNp	13Cb2
8	35	3		פִּית֥וֹן	6377	HNp	137qP
8	35	4		וָ/מֶ֖לֶךְ	c/4429	HC/Np	13FVN
8	35	5		וְ/תַאְרֵ֥עַ	c/8390	HC/Np	13jaF
8	35	6		וְ/אָחָֽז	c/271	HC/Np	13rR2
8	36	1		וְ/אָחָז֙	c/271	HC/Np	13BLG
8	36	2		הוֹלִ֣יד	3205	HVhp3ms	13bNh
8	36	3		אֶת	853	HTo	1361z
8	36	4		יְהוֹעַדָּ֔ה	3085	HNp	13Qhh
8	36	5		וִ/יהֽוֹעַדָּ֗ה	c/3085	HC/Np	13VkB
8	36	6		הוֹלִ֛יד	3205	HVhp3ms	13NxJ
8	36	7		אֶת	853	HTo	13u2w
8	36	8		עָלֶ֥מֶת	5964	HNp	13s85
8	36	9		וְ/אֶת	c/853	HC/To	1354v
8	36	10		עַזְמָ֖וֶת	5820	HNp	13xWQ
8	36	11		וְ/אֶת	c/853	HC/To	13ksV
8	36	12		זִמְרִ֑י	2174 a	HNp	13k9V
8	36	13		וְ/זִמְרִ֖י	c/2174 a	HC/Np	13isA
8	36	14		הוֹלִ֥יד	3205	HVhp3ms	136cS
8	36	15		אֶת	853	HTo	13KP7
8	36	16		מוֹצָֽא	4162	HNp	13sYq
8	37	1		וּ/מוֹצָ֖א	c/4162	HC/Np	13dVu
8	37	2		הוֹלִ֣יד	3205	HVhp3ms	13erv
8	37	3		אֶת	853	HTo	13BBL
8	37	4		בִּנְעָ֑א	1150	HNp	13JW8
8	37	5		רָפָ֥ה	7498	HNp	13uiW
8	37	6		בְנ֛/וֹ	1121 a	HNcmsc/Sp3ms	13dve
8	37	7		אֶלְעָשָׂ֥ה	501	HNp	13xj3
8	37	8		בְנ֖/וֹ	1121 a	HNcmsc/Sp3ms	1342S
8	37	9		אָצֵ֥ל	682 a	HNp	13rNq
8	37	10		בְּנֽ/וֹ	1121 a	HNcmsc/Sp3ms	13iqd
8	38	1		וּ/לְ/אָצֵל֮	c/l/682 a	HC/R/Np	13QZU
8	38	2		שִׁשָּׁ֣ה	8337	HAcmsa	13Fnj
8	38	3		בָנִים֒	1121 a	HNcmpa	13F7f
8	38	4		וְ/אֵ֣לֶּה	c/428	HC/Pdxcp	13aPG
8	38	5		שְׁמוֹתָ֗/ם	8034	HNcmpc/Sp3mp	13k2V
8	38	6		עַזְרִיקָ֥ם	5840	HNp	13fyM
8	38	7		בֹּ֨כְרוּ֙	1074	HNp	13LMG
8	38	8		וְ/יִשְׁמָעֵ֣אל	c/3458	HC/Np	133Ju
8	38	9		וּ/שְׁעַרְיָ֔ה	c/8187	HC/Np	133rQ
8	38	10		וְ/עֹבַדְיָ֖ה	c/5662	HC/Np	13DaL
8	38	11		וְ/חָנָ֑ן	c/2605	HC/Np	13Y6J
8	38	12		כָּל	3605	HNcmsc	13pyb
8	38	13		אֵ֖לֶּה	428	HPdxcp	13wLg
8	38	14		בְּנֵ֥י	1121 a	HNcmpc	13cAP
8	38	15		אָצַֽל	682 a	HNp	13cSt
8	39	1		וּ/בְנֵ֖י	c/1121 a	HC/Ncmpc	13D4i
8	39	2		עֵ֣שֶׁק	6232	HNp	13qRk
8	39	3		אָחִ֑י/ו	251	HNcmsc/Sp3ms	13n62
8	39	4		אוּלָ֣ם	198	HNp	13jjF
8	39	5		בְּכֹר֔/וֹ	1060	HNcmsc/Sp3ms	13ygr
8	39	6		יְעוּשׁ֙	3266	HNp	13qTN
8	39	7		הַ/שֵּׁנִ֔י	d/8145	HTd/Aomsa	13Wwg
8	39	8		וֶֽ/אֱלִיפֶ֖לֶט	c/467	HC/Np	13eyj
8	39	9		הַ/שְּׁלִשִֽׁי	d/7992	HTd/Aomsa	13JBd
8	40	1		וַֽ/יִּהְי֣וּ	c/1961	HC/Vqw3mp	13CYn
8	40	2		בְנֵי	1121 a	HNcmpc	13fze
8	40	3		א֠וּלָם	198	HNp	13bKv
8	40	4		אֲנָשִׁ֨ים	376	HNcmpa	13MUZ
8	40	5		גִּבֹּרֵי	1368	HAampc	13W4g
8	40	6		חַ֜יִל	2428	HNcmsa	13Dz4
8	40	7		דֹּ֣רְכֵי	1869	HVqrmpc	137Fu
8	40	8		קֶ֗שֶׁת	7198	HNcfsa	136Dy
8	40	9		וּ/מַרְבִּ֤ים	c/7235 a	HC/Vhrmpa	13Zik
8	40	10		בָּנִים֙	1121 a	HNcmpa	13G5G
8	40	11		וּ/בְנֵ֣י	c/1121 a	HC/Ncmpc	137C8
8	40	12		בָנִ֔ים	1121 a	HNcmpa	13KjQ
8	40	13		מֵאָ֖ה	3967	HAcbsa	13wVX
8	40	14		וַ/חֲמִשִּׁ֑ים	c/2572	HC/Acbpa	13FD2
8	40	15		כָּל	3605	HNcmsc	13wMc
8	40	16		אֵ֖לֶּה	428	HPdxcp	13srH
8	40	17		מִ/בְּנֵ֥י	m/1121 a	HR/Ncmpc	13Fvm
8	40	18		בִנְיָמִֽן	1144	HNp	13wn4
9	1	1		וְ/כָל	c/3605	HC/Ncmsc	131w4
9	1	2		יִשְׂרָאֵל֙	3478	HNp	13cem
9	1	3		הִתְיַחְשׂ֔וּ	3187	HVtp3cp	13ngH
9	1	4		וְ/הִנָּ֣/ם	c/2009	HC/Tm/Sp3mp	13vGA
9	1	5		כְּתוּבִ֔ים	3789	HVqsmpa	13nx3
9	1	6		עַל	5921 a	HR	13tVG
9	1	7		סֵ֖פֶר	5612 a	HNcmsc	134Qa
9	1	8		מַלְכֵ֣י	4428	HNcmpc	13WJt
9	1	9		יִשְׂרָאֵ֑ל	3478	HNp	13L5d
9	1	10		וִ/יהוּדָ֛ה	c/3063	HC/Np	13ZeR
9	1	11		הָגְל֥וּ	1540	HVHp3cp	13hgx
9	1	12		לְ/בָבֶ֖ל	l/894	HR/Np	13og7
9	1	13		בְּ/מַעֲלָֽ/ם	b/4604	HR/Ncmsc/Sp3mp	13egd
9	2	1		וְ/הַ/יּוֹשְׁבִים֙	c/d/3427	HC/Td/Vqrmpa	13LrY
9	2	2		הָ/רִ֣אשֹׁנִ֔ים	d/7223	HTd/Aampa	13WQT
9	2	3		אֲשֶׁ֥ר	834 a	HTr	13m63
9	2	4		בַּ/אֲחֻזָּתָ֖/ם	b/272	HR/Ncfsc/Sp3mp	13pfS
9	2	5		בְּ/עָרֵי/הֶ֑ם	b/5892 b	HR/Ncfpc/Sp3mp	133aE
9	2	6		יִשְׂרָאֵל֙	3478	HNp	133rZ
9	2	7		הַ/כֹּ֣הֲנִ֔ים	d/3548	HTd/Ncmpa	13Utw
9	2	8		הַ/לְוִיִּ֖ם	d/3881	HTd/Ngmpa	13fdq
9	2	9		וְ/הַ/נְּתִינִֽים	c/d/5411	HC/Td/Ncmpa	13sSt
9	3	1		וּ/בִ/ירוּשָׁלִַ֨ם֙	c/b/3389	HC/R/Np	13o26
9	3	2		יָשְׁב֔וּ	3427	HVqp3cp	13hex
9	3	3		מִן	4480 a	HR	13uGG
9	3	4		בְּנֵ֥י	1121 a	HNcmpc	132V5
9	3	5		יְהוּדָ֖ה	3063	HNp	13UQx
9	3	6		וּ/מִן	c/4480 a	HC/R	13rB8
9	3	7		בְּנֵ֣י	1121 a	HNcmpc	13SGD
9	3	8		בִנְיָמִ֑ן	1144	HNp	13YJd
9	3	9		וּ/מִן	c/4480 a	HC/R	13v6S
9	3	10		בְּנֵ֥י	1121 a	HNcmpc	13v1o
9	3	11		אֶפְרַ֖יִם	669	HNp	13JVz
9	3	12		וּ/מְנַשֶּֽׁה	c/4519	HC/Np	13bm5
9	4	1		עוּתַ֨י	5793	HNp	13WDC
9	4	2		בֶּן	1121 a	HNcmsc	13ZQ7
9	4	3		עַמִּיה֤וּד	5989	HNp	13Xbu
9	4	4		בֶּן	1121 a	HNcmsc	13JZB
9	4	5		עָמְרִי֙	6018	HNp	137QY
9	4	6		בֶּן	1121 a	HNcmsc	13o5y
9	4	7		אִמְרִ֣י	566	HNp	13mvb
9	4	8		בֶן	1121 a	HNcmsc	13W2N
9	4	9	x-ketiv	בני/מן	1144	HNcmpc/R	1339a
9	4	10		בָּנִ֔י	1137	HNp	132VQ
9	4	11		מִן	4480 a	HR	13gJa
9	4	12		בְּנֵי	1121 a	HNcmpc	13fqt
9	4	13		פֶ֖רֶץ	6557	HNp	13JGt
9	4	14		בֶּן	1121 a	HNcmsc	13Us4
9	4	15		יְהוּדָֽה	3063	HNp	13Bwu
9	5	1		וּ/מִן	c/4480 a	HC/R	132RT
9	5	2		הַ/שִּׁ֣ילוֹנִ֔י	d/7888	HTd/Ngmsa	13tgM
9	5	3		עֲשָׂיָ֥ה	6222	HNp	13d4t
9	5	4		הַ/בְּכ֖וֹר	d/1060	HTd/Ncmsa	13jU8
9	5	5		וּ/בָנָֽי/ו	c/1121 a	HC/Ncmpc/Sp3ms	13raX
9	6	1		וּ/מִן	c/4480 a	HC/R	13dm8
9	6	2		בְּנֵי	1121 a	HNcmpc	13L5p
9	6	3		זֶ֖רַח	2226	HNp	13vru
9	6	4		יְעוּאֵ֑ל	3262	HNp	13Kbe
9	6	5		וַ/אֲחֵי/הֶ֖ם	c/251	HC/Ncmpc/Sp3mp	13tHL
9	6	6		שֵׁשׁ	8337	HAcfsa	13qZL
9	6	7		מֵא֥וֹת	3967	HAcbpa	13qwh
9	6	8		וְ/תִשְׁעִֽים	c/8673	HC/Acbpa	13iMv
9	7	1		וּ/מִן	c/4480 a	HC/R	13DuZ
9	7	2		בְּנֵ֖י	1121 a	HNcmpc	13fLk
9	7	3		בִּנְיָמִ֑ן	1144	HNp	13ACT
9	7	4		סַלּוּא֙	5543 d	HNp	134RB
9	7	5		בֶּן	1121 a	HNcmsc	13pid
9	7	6		מְשֻׁלָּ֔ם	4918	HNp	13uiv
9	7	7		בֶּן	1121 a	HNcmsc	13HVX
9	7	8		הוֹדַוְיָ֖ה	1938	HNp	13Mk2
9	7	9		בֶּן	1121 a	HNcmsc	13aoG
9	7	10		הַ/סְּנֻאָֽה	d/5574	HTd/Np	13c8D
9	8	1		וְ/יִבְנְיָה֙	c/2997	HC/Np	139se
9	8	2		בֶּן	1121 a	HNcmsc	13rn8
9	8	3		יְרֹחָ֔ם	3395	HNp	13nqT
9	8	4		וְ/אֵלָ֥ה	c/425	HC/Np	13wMG
9	8	5		בֶן	1121 a	HNcmsc	13MNS
9	8	6		עֻזִּ֖י	5813	HNp	13Y7c
9	8	7		בֶּן	1121 a	HNcmsc	13ohk
9	8	8		מִכְרִ֑י	4381	HNp	13ujT
9	8	9		וּ/מְשֻׁלָּם֙	c/4918	HC/Np	13sac
9	8	10		בֶּן	1121 a	HNcmsc	13URC
9	8	11		שְׁפַטְיָ֔ה	8203	HNp	13uyH
9	8	12		בֶּן	1121 a	HNcmsc	139oK
9	8	13		רְעוּאֵ֖ל	7467	HNp	13nuG
9	8	14		בֶּן	1121 a	HNcmsc	13Uae
9	8	15		יִבְנִיָּֽה	2998	HNp	135P4
9	9	1		וַ/אֲחֵי/הֶם֙	c/251	HC/Ncmpc/Sp3mp	13pNa
9	9	2		לְ/תֹ֣לְדוֹתָ֔/ם	l/8435	HR/Ncfpc/Sp3mp	13xdk
9	9	3		תְּשַׁ֥ע	8672	HAcfsa	13aQh
9	9	4		מֵא֖וֹת	3967	HAcbpa	136HC
9	9	5		וַ/חֲמִשִּׁ֣ים	c/2572	HC/Acbpa	13Pz9
9	9	6		וְ/שִׁשָּׁ֑ה	c/8337	HC/Acmsa	13Hq3
9	9	7		כָּל	3605	HNcmsc	13Rne
9	9	8		אֵ֣לֶּה	428	HPdxcp	13AFm
9	9	9		אֲנָשִׁ֔ים	376	HNcmpa	13CqQ
9	9	10		רָאשֵׁ֥י	7218 a	HNcmpc	134pF
9	9	11		אָב֖וֹת	1	HNcmpa	13uJp
9	9	12		לְ/בֵ֥ית	l/1004 b	HR/Ncmsc	13TaS
9	9	13		אֲבֹתֵי/הֶֽם	1	HNcmpc/Sp3mp	13LLF
9	10	1		וּ/מִן	c/4480 a	HC/R	13bDy
9	10	2		הַֽ/כֹּהֲנִ֑ים	d/3548	HTd/Ncmpa	13iov
9	10	3		יְדַֽעְיָ֥ה	3048	HNp	13sPA
9	10	4		וִ/יהוֹיָרִ֖יב	c/3080	HC/Np	13CJX
9	10	5		וְ/יָכִֽין	c/3199	HC/Np	13ANN
9	11	1		וַ/עֲזַרְיָ֨ה	c/5838	HC/Np	1395S
9	11	2		בֶן	1121 a	HNcmsc	138xm
9	11	3		חִלְקִיָּ֜ה	2518	HNp	13gX2
9	11	4		בֶּן	1121 a	HNcmsc	13r7E
9	11	5		מְשֻׁלָּ֣ם	4918	HNp	13bzy
9	11	6		בֶּן	1121 a	HNcmsc	13Zd9
9	11	7		צָד֗וֹק	6659	HNp	138Dv
9	11	8		בֶּן	1121 a	HNcmsc	13NTZ
9	11	9		מְרָיוֹת֙	4812	HNp	13775
9	11	10		בֶּן	1121 a	HNcmsc	13Fmt
9	11	11		אֲחִיט֔וּב	285	HNp	13eCW
9	11	12		נְגִ֖יד	5057	HNcmsc	132pa
9	11	13		בֵּ֥ית	1004 b	HNcmsc	13kxp
9	11	14		הָ/אֱלֹהִֽים	d/430	HTd/Ncmpa	13vnr
9	12	1		וַ/עֲדָיָה֙	c/5718	HC/Np	13SfR
9	12	2		בֶּן	1121 a	HNcmsc	13PA5
9	12	3		יְרֹחָ֔ם	3395	HNp	136gb
9	12	4		בֶּן	1121 a	HNcmsc	13or6
9	12	5		פַּשְׁח֖וּר	6583	HNp	13Zed
9	12	6		בֶּן	1121 a	HNcmsc	13u6X
9	12	7		מַלְכִּיָּ֑ה	4441	HNp	13nm9
9	12	8		וּ/מַעְשַׂ֨י	c/4640	HC/Np	133PJ
9	12	9		בֶּן	1121 a	HNcmsc	135ZM
9	12	10		עֲדִיאֵ֧ל	5717	HNp	13fYy
9	12	11		בֶּן	1121 a	HNcmsc	13UBS
9	12	12		יַחְזֵ֛רָה	3170	HNp	131iG
9	12	13		בֶּן	1121 a	HNcmsc	13ZqA
9	12	14		מְשֻׁלָּ֥ם	4918	HNp	13dKb
9	12	15		בֶּן	1121 a	HNcmsc	13qiR
9	12	16		מְשִׁלֵּמִ֖ית	4921	HNp	13amo
9	12	17		בֶּן	1121 a	HNcmsc	134Xh
9	12	18		אִמֵּֽר	564	HNp	135e5
9	13	1		וַ/אֲחֵי/הֶ֗ם	c/251	HC/Ncmpc/Sp3mp	13p9R
9	13	2		רָאשִׁים֙	7218 a	HNcmpa	13dTq
9	13	3		לְ/בֵ֣ית	l/1004 b	HR/Ncmsc	13wep
9	13	4		אֲבוֹתָ֔/ם	1	HNcmpc/Sp3mp	13Uo7
9	13	5		אֶ֕לֶף	505	HAcbsa	13Y7e
9	13	6		וּ/שְׁבַ֥ע	c/7651	HC/Acfsa	13Hgx
9	13	7		מֵא֖וֹת	3967	HAcbpa	13G3x
9	13	8		וְ/שִׁשִּׁ֑ים	c/8346	HC/Acbpa	13s67
9	13	9		גִּבּ֣וֹרֵי	1368	HAampc	13YC8
9	13	10		חֵ֔יל	2428	HNcmsc	13krY
9	13	11		מְלֶ֖אכֶת	4399	HNcfsc	13Cym
9	13	12		עֲבוֹדַ֥ת	5656	HNcfsc	13jbf
9	13	13		בֵּית	1004 b	HNcmsc	13VGV
9	13	14		הָ/אֱלֹהִֽים	d/430	HTd/Ncmpa	13PMB
9	14	1		וּ/מִֽן	c/4480 a	HC/R	13NJt
9	14	2		הַ/לְוִיִּ֑ם	d/3881	HTd/Ngmpa	13vsz
9	14	3		שְׁמַֽעְיָ֧ה	8098	HNp	13mgi
9	14	4		בֶן	1121 a	HNcmsc	13nDb
9	14	5		חַשּׁ֛וּב	2815	HNp	13gDS
9	14	6		בֶּן	1121 a	HNcmsc	13Efv
9	14	7		עַזְרִיקָ֥ם	5840	HNp	13DVj
9	14	8		בֶּן	1121 a	HNcmsc	13YCE
9	14	9		חֲשַׁבְיָ֖ה	2811	HNp	13JsT
9	14	10		מִן	4480 a	HR	134Jj
9	14	11		בְּנֵ֥י	1121 a	HNcmpc	13FjR
9	14	12		מְרָרִֽי	4847	HNp	13h6T
9	15	1		וּ/בַקְבַּקַּ֥ר	c/1230	HC/Np	13wu9
9	15	2		חֶ֖רֶשׁ	2792	HNp	134Gx
9	15	3		וְ/גָלָ֑ל	c/1559	HC/Np	13Bj7
9	15	4		וּ/מַתַּנְיָה֙	c/4983	HC/Np	13sAN
9	15	5		בֶּן	1121 a	HNcmsc	13MhW
9	15	6		מִיכָ֔א	4316	HNp	13b4t
9	15	7		בֶּן	1121 a	HNcmsc	13KbS
9	15	8		זִכְרִ֖י	2147	HNp	13ymY
9	15	9		בֶּן	1121 a	HNcmsc	131iQ
9	15	10		אָסָֽף	623	HNp	13zDJ
9	16	1		וְ/עֹבַדְיָה֙	c/5662	HC/Np	13bUs
9	16	2		בֶּֽן	1121 a	HNcmsc	13dcV
9	16	3		שְׁמַֽעְיָ֔ה	8098	HNp	13gAL
9	16	4		בֶּן	1121 a	HNcmsc	13VXy
9	16	5		גָּלָ֖ל	1559	HNp	13GXL
9	16	6		בֶּן	1121 a	HNcmsc	13KEX
9	16	7		יְדוּת֑וּן	3038	HNp	13Try
9	16	8		וּ/בֶרֶכְיָ֤ה	c/1296	HC/Np	13d7i
9	16	9		בֶן	1121 a	HNcmsc	13512
9	16	10		אָסָא֙	609	HNp	13MzY
9	16	11		בֶּן	1121 a	HNcmsc	13kXM
9	16	12		אֶלְקָנָ֔ה	511	HNp	13Hj8
9	16	13		הַ/יּוֹשֵׁ֖ב	d/3427	HTd/Vqrmsa	13zFY
9	16	14		בְּ/חַצְרֵ֥י	b/2691 b	HR/Ncbpc	13Rhm
9	16	15		נְטוֹפָתִֽי	5200	HNgmsa	13hnf
9	17	1		וְ/הַ/שֹּׁעֲרִים֙	c/d/7778	HC/Td/Ncmpa	13eM1
9	17	2		שַׁלּ֣וּם	7967	HNp	13hk3
9	17	3		וְ/עַקּ֔וּב	c/6126	HC/Np	13W1U
9	17	4		וְ/טַלְמֹ֖ן	c/2929	HC/Np	138Um
9	17	5		וַ/אֲחִימָ֑ן	c/289	HC/Np	13G4t
9	17	6		וַ/אֲחִי/הֶ֥ם	c/251	HC/Ncmsc/Sp3mp	13VzB
9	17	7		שַׁלּ֖וּם	7967	HNp	131ou
9	17	8		הָ/רֹֽאשׁ	d/7218 a	HTd/Ncmsa	13bjQ
9	18	1		וְֽ/עַד	c/5704	HC/R	13A2U
9	18	2		הֵ֔נָּה	2008	HD	13ZM7
9	18	3		בְּ/שַׁ֥עַר	b/8179	HR/Ncmsc	13jY6
9	18	4		הַ/מֶּ֖לֶךְ	d/4428	HTd/Ncmsa	13XbX
9	18	5		מִזְרָ֑חָ/ה	4217	HNcmsa/Sd	13jxp
9	18	6		הֵ֚מָּה	1992	HPp3mp	13ox4
9	18	7		הַ/שֹּׁ֣עֲרִ֔ים	d/7778	HTd/Ncmpa	13gSB
9	18	8		לְ/מַחֲנ֖וֹת	l/4264	HR/Ncbpc	13mv8
9	18	9		בְּנֵ֥י	1121 a	HNcmpc	13xW5
9	18	10		לֵוִֽי	3878	HNp	13X8c
9	19	1		וְ/שַׁלּ֣וּם	c/7967	HC/Np	13Kyc
9	19	2		בֶּן	1121 a	HNcmsc	13MpC
9	19	3		ק֠וֹרֵא	6981	HNp	13s71
9	19	4		בֶּן	1121 a	HNcmsc	1378H
9	19	5		אֶבְיָסָ֨ף	43	HNp	13BwW
9	19	6		בֶּן	1121 a	HNcmsc	13xmm
9	19	7		קֹ֜רַח	7141	HNp	13QWv
9	19	8		וְֽ/אֶחָ֧י/ו	c/251	HC/Ncmpc/Sp3ms	13onS
9	19	9		לְ/בֵית	l/1004 b	HR/Ncmsc	133CX
9	19	10		אָבִ֣י/ו	1	HNcmsc/Sp3ms	13kSN
9	19	11		הַ/קָּרְחִ֗ים	d/7145	HTd/Ngmpa	13M79
9	19	12		עַ֚ל	5921 a	HR	139PJ
9	19	13		מְלֶ֣אכֶת	4399	HNcfsc	13psZ
9	19	14		הָ/עֲבוֹדָ֔ה	d/5656	HTd/Ncfsa	13jXT
9	19	15		שֹׁמְרֵ֥י	8104	HVqrmpc	133i9
9	19	16		הַ/סִּפִּ֖ים	d/5592 b	HTd/Ncmpa	1386G
9	19	17		לָ/אֹ֑הֶל	l/168	HRd/Ncmsa	139x4
9	19	18		וַ/אֲבֹֽתֵי/הֶם֙	c/1	HC/Ncmpc/Sp3mp	13FES
9	19	19		עַל	5921 a	HR	13f4y
9	19	20		מַחֲנֵ֣ה	4264	HNcbsc	13H8b
9	19	21		יְהוָ֔ה	3068	HNp	13C81
9	19	22		שֹׁמְרֵ֖י	8104	HVqrmpc	13G5J
9	19	23		הַ/מָּבֽוֹא	d/3996	HTd/Ncmsa	136Fc
9	20	1		וּ/פִֽינְחָ֣ס	c/6372	HC/Np	13x3P
9	20	2		בֶּן	1121 a	HNcmsc	131wp
9	20	3		אֶלְעָזָ֗ר	499	HNp	13aq2
9	20	4		נָגִ֨יד	5057	HNcmsa	13U9g
9	20	5		הָיָ֧ה	1961	HVqp3ms	13D2c
9	20	6		עֲלֵי/הֶ֛ם	5921 a	HR/Sp3mp	13EMa
9	20	7		לְ/פָנִ֖ים	l/6440	HR/Ncbpa	13ef3
9	20	8		יְהוָ֥ה	3068	HNp	13saN
9	20	9		עִמּֽ/וֹ	5973 a	HR/Sp3ms	13U8A
9	21	1		זְכַרְיָה֙	2148 a	HNp	13Pdw
9	21	2		בֶּ֣ן	1121 a	HNcmsc	13c8h
9	21	3		מְשֶֽׁלֶמְיָ֔ה	4920	HNp	13vjE
9	21	4		שֹׁעֵ֥ר	7778	HNcmsa	13JgM
9	21	5		פֶּ֖תַח	6607	HNcmsa	13Tmi
9	21	6		לְ/אֹ֥הֶל	l/168	HR/Ncmsc	13eRQ
9	21	7		מוֹעֵֽד	4150	HNcmsa	13Ky8
9	22	1		כֻּלָּ֤/ם	3605	HNcmsc/Sp3mp	13Xnm
9	22	2		הַ/בְּרוּרִים֙	d/1305	HTd/Vqsmpa	13V6c
9	22	3		לְ/שֹׁעֲרִ֣ים	l/7778	HR/Ncmpa	1383z
9	22	4		בַּ/סִּפִּ֔ים	b/5592 b	HRd/Ncmpa	13gBP
9	22	5		מָאתַ֖יִם	3967	HAcbda	13PP6
9	22	6		וּ/שְׁנֵ֣ים	c/8147	HC/Acmda	13rfQ
9	22	7		עָשָׂ֑ר	6240	HAcmsa	131kz
9	22	8		הֵ֤מָּה	1992	HPp3mp	13qBP
9	22	9		בְ/חַצְרֵי/הֶם֙	b/2691 b	HR/Ncbpc/Sp3mp	132rB
9	22	10		הִתְיַחְשָׂ֔/ם	3187	HVtc/Sp3mp	13Hxg
9	22	11		הֵ֣מָּה	1992	HPp3mp	139fZ
9	22	12		יִסַּ֥ד	3245	HVpp3ms	13SCH
9	22	13		דָּוִ֛יד	1732	HNp	13anU
9	22	14		וּ/שְׁמוּאֵ֥ל	c/8050	HC/Np	13DJC
9	22	15		הָ/רֹאֶ֖ה	d/7200	HTd/Ncmsa	13u5x
9	22	16		בֶּ/אֱמוּנָתָֽ/ם	b/530	HR/Ncfsc/Sp3mp	13YgF
9	23	1		וְ/הֵ֨ם	c/1992	HC/Pp3mp	13p1g
9	23	2		וּ/בְנֵי/הֶ֜ם	c/1121 a	HC/Ncmpc/Sp3mp	13g1i
9	23	3		עַל	5921 a	HR	13Wdi
9	23	4		הַ/שְּׁעָרִ֧ים	d/8179	HTd/Ncmpa	13YMa
9	23	5		לְ/בֵית	l/1004 b	HR/Ncmsc	13xEe
9	23	6		יְהוָ֛ה	3068	HNp	13z48
9	23	7		לְ/בֵ֥ית	l/1004 b	HR/Ncmsc	13fDm
9	23	8		הָ/אֹ֖הֶל	d/168	HTd/Ncmsa	13FEx
9	23	9		לְ/מִשְׁמָרֽוֹת	l/4931	HR/Ncfpa	13aSS
9	24	1		לְ/אַרְבַּ֣ע	l/702	HR/Acfsa	13iAj
9	24	2		רוּח֔וֹת	7307	HNcbpa	13aWd
9	24	3		יִהְי֖וּ	1961	HVqi3mp	13Vuh
9	24	4		הַ/שֹּׁעֲרִ֑ים	d/7778	HTd/Ncmpa	134nG
9	24	5		מִזְרָ֥ח	4217	HNcmsa	13D7R
9	24	6		יָ֖מָּ/ה	3220	HNcmsa/Sd	13fw9
9	24	7		צָפ֥וֹנָ/ה	6828	HNcfsa/Sd	13znQ
9	24	8		וָ/נֶֽגְבָּ/ה	c/5045	HC/Ncmsa/Sd	13ZdC
9	25	1		וַ/אֲחֵי/הֶ֨ם	c/251	HC/Ncmpc/Sp3mp	132MP
9	25	2		בְּ/חַצְרֵי/הֶ֜ם	b/2691 b	HR/Ncbpc/Sp3mp	13Exz
9	25	3		לָ/ב֨וֹא	l/935	HR/Vqc	133Cy
9	25	4		לְ/שִׁבְעַ֧ת	l/7651	HR/Acmsc	13EDb
9	25	5		הַ/יָּמִ֛ים	d/3117	HTd/Ncmpa	13xv7
9	25	6		מֵ/עֵ֥ת	m/6256	HR/Ncbsa	13r5Y
9	25	7		אֶל	413	HR	13nEK
9	25	8		עֵ֖ת	6256	HNcbsa	13B86
9	25	9		עִם	5973 a	HR	13CK1
9	25	10		אֵֽלֶּה	428	HPdxcp	13jAF
9	26	1		כִּ֣י	3588 a	HC	13Gr7
9	26	2		בֶ/אֱמוּנָ֞ה	b/530	HR/Ncfsa	13sWN
9	26	3		הֵ֗מָּה	1992	HPp3mp	13DbU
9	26	4		אַרְבַּ֨עַת֙	702	HAcmsc	13eDs
9	26	5		גִּבֹּרֵ֣י	1368	HAampc	13M1k
9	26	6		הַ/שֹּׁעֲרִ֔ים	d/7778	HTd/Ncmpa	13nt9
9	26	7		הֵ֖ם	1992	HPp3mp	13uo8
9	26	8		הַ/לְוִיִּ֑ם	d/3881	HTd/Ngmpa	13wi3
9	26	9		וְ/הָיוּ֙	c/1961	HC/Vqq3cp	13mK4
9	26	10		עַל	5921 a	HR	13dSA
9	26	11		הַ/לְּשָׁכ֔וֹת	d/3957	HTd/Ncfpa	13P8j
9	26	12		וְ/עַ֥ל	c/5921 a	HC/R	13b9e
9	26	13		הָ/אֹצְר֖וֹת	d/214	HTd/Ncmpc	137pd
9	26	14		בֵּ֥ית	1004 b	HNcmsc	13B4V
9	26	15		הָ/אֱלֹהִֽים	d/430	HTd/Ncmpa	13ikF
9	27	1		וּ/סְבִיב֥וֹת	c/5439	HC/Ncbpc	1366C
9	27	2		בֵּית	1004 b	HNcmsc	134bg
9	27	3		הָ/אֱלֹהִ֖ים	d/430	HTd/Ncmpa	13Kgg
9	27	4		יָלִ֑ינוּ	3885 a	HVqi3mp	13M2B
9	27	5		כִּֽי	3588 a	HC	13NU6
9	27	6		עֲלֵי/הֶ֣ם	5921 a	HR/Sp3mp	13ukR
9	27	7		מִשְׁמֶ֔רֶת	4931	HNcfsa	13ojb
9	27	8		וְ/הֵ֥ם	c/1992	HC/Pp3mp	13Ft6
9	27	9		עַל	5921 a	HR	13fja
9	27	10		הַ/מַּפְתֵּ֖חַ	d/4669	HTd/Ncmsa	13phB
9	27	11		וְ/לַ/בֹּ֥קֶר	c/l/1242	HC/Rd/Ncmsa	13Fww
9	27	12		לַ/בֹּֽקֶר	l/1242	HRd/Ncmsa	13wY4
9	28	1		וּ/מֵ/הֶ֖ם	c/m	HC/R/Sp3mp	1391B
9	28	2		עַל	5921 a	HR	13qim
9	28	3		כְּלֵ֣י	3627	HNcmpc	13bDb
9	28	4		הָ/עֲבוֹדָ֑ה	d/5656	HTd/Ncfsa	13bJB
9	28	5		כִּֽי	3588 a	HC	13LbJ
9	28	6		בְ/מִסְפָּ֣ר	b/4557	HR/Ncmsa	13pwG
9	28	7		יְבִיא֔וּ/ם	935	HVhi3mp/Sp3mp	13pBV
9	28	8		וּ/בְ/מִסְפָּ֖ר	c/b/4557	HC/R/Ncmsa	13mui
9	28	9		יוֹצִיאֽוּ/ם	3318	HVhi3mp/Sp3mp	1311H
9	29	1		וּ/מֵ/הֶ֗ם	c/m	HC/R/Sp3mp	13Yer
9	29	2		מְמֻנִּים֙	4487	HVPsmpa	13Ua5
9	29	3		עַל	5921 a	HR	13drz
9	29	4		הַ/כֵּלִ֔ים	d/3627	HTd/Ncmpa	13mWC
9	29	5		וְ/עַ֖ל	c/5921 a	HC/R	13euh
9	29	6		כָּל	3605	HNcmsc	13iWd
9	29	7		כְּלֵ֣י	3627	HNcmpc	13tJY
9	29	8		הַ/קֹּ֑דֶשׁ	d/6944	HTd/Ncmsa	13wX7
9	29	9		וְ/עַל	c/5921 a	HC/R	13264
9	29	10		הַ/סֹּ֨לֶת֙	d/5560	HTd/Ncfsa	13nWK
9	29	11		וְ/הַ/יַּ֣יִן	c/d/3196	HC/Td/Ncmsa	13FhW
9	29	12		וְ/הַ/שֶּׁ֔מֶן	c/d/8081	HC/Td/Ncmsa	13xwC
9	29	13		וְ/הַ/לְּבוֹנָ֖ה	c/d/3828	HC/Td/Ncfsa	13Gfv
9	29	14		וְ/הַ/בְּשָׂמִֽים	c/d/1314	HC/Td/Ncmpa	13pu7
9	30	1		וּ/מִן	c/4480 a	HC/R	13NZd
9	30	2		בְּנֵי֙	1121 a	HNcmpc	13SP9
9	30	3		הַ/כֹּ֣הֲנִ֔ים	d/3548	HTd/Ncmpa	138M7
9	30	4		רֹקְחֵ֥י	7543	HVqrmpc	13dJj
9	30	5		הַ/מִּרְקַ֖חַת	d/4842	HTd/Ncfsa	13edC
9	30	6		לַ/בְּשָׂמִֽים	l/1314	HRd/Ncmpa	13mRn
9	31	1		וּ/מַתִּתְיָה֙	c/4993	HC/Np	13axV
9	31	2		מִן	4480 a	HR	13o7u
9	31	3		הַ/לְוִיִּ֔ם	d/3881	HTd/Ngmpa	13ihd
9	31	4		ה֥וּא	1931	HPp3ms	13vRG
9	31	5		הַ/בְּכ֖וֹר	d/1060	HTd/Ncmsa	13fGs
9	31	6		לְ/שַׁלֻּ֣ם	l/7967	HR/Np	135QH
9	31	7		הַ/קָּרְחִ֑י	d/7145	HTd/Ngmsa	13R1Q
9	31	8		בֶּ/אֱמוּנָ֕ה	b/530	HR/Ncfsa	13ckh
9	31	9		עַ֖ל	5921 a	HR	13z9U
9	31	10		מַעֲשֵׂ֥ה	4639	HNcmsc	13ySc
9	31	11		הַ/חֲבִתִּֽים	d/2281	HTd/Ncmpa	13hPW
9	32	1		וּ/מִן	c/4480 a	HC/R	13CfY
9	32	2		בְּנֵ֧י	1121 a	HNcmpc	13b31
9	32	3		הַ/קְּהָתִ֛י	d/6956	HTd/Ngmsa	13PmK
9	32	4		מִן	4480 a	HR	13DVx
9	32	5		אֲחֵי/הֶ֖ם	251	HNcmpc/Sp3mp	13XEf
9	32	6		עַל	5921 a	HR	1356w
9	32	7		לֶ֣חֶם	3899	HNcbsc	13h2d
9	32	8		הַֽ/מַּעֲרָ֑כֶת	d/4635	HTd/Ncfsa	13GLn
9	32	9		לְ/הָכִ֖ין	l/3559 a	HR/Vhc	132mU
9	32	10		שַׁבַּ֥ת	7676	HNcbsc	13gjo
9	32	11		שַׁבָּֽת	7676	HNcbsa	13jvq
9	33	1		וְ/אֵ֣לֶּה	c/428	HC/Pdxcp	13kmi
9	33	2		הַ֠/מְשֹׁרְרִים	d/7891	HTd/Vormpa	13uRv
9	33	3		רָאשֵׁ֨י	7218 a	HNcmpc	13YCW
9	33	4		אָב֧וֹת	1	HNcmpa	13uJ1
9	33	5		לַ/לְוִיִּ֛ם	l/3881	HRd/Ngmpa	1371E
9	33	6		בַּ/לְּשָׁכֹ֖ת	b/3957	HRd/Ncfpa	13kBH
9	33	7	x-ketiv	פטירים	6359	HNcmpa	13tFR
9	33	8		פְּטוּרִ֑ים	6362	HVqsmpa	13oGq
9	33	9		כִּֽי	3588 a	HC	13REV
9	33	10		יוֹמָ֥ם	3119	HD	13XBk
9	33	11		וָ/לַ֛יְלָה	c/3915	HC/Ncmsa	13WEz
9	33	12		עֲלֵי/הֶ֖ם	5921 a	HR/Sp3mp	13b9h
9	33	13		בַּ/מְּלָאכָֽה	b/4399	HRd/Ncfsa	13jKo
9	34	1		אֵלֶּה֩	428	HPdxcp	135EL
9	34	2		רָאשֵׁ֨י	7218 a	HNcmpc	13CTs
9	34	3		הָ/אָב֧וֹת	d/1	HTd/Ncmpa	13Cz7
9	34	4		לַ/לְוִיִּ֛ם	l/3881	HRd/Ngmpa	134NJ
9	34	5		לְ/תֹלְדוֹתָ֖/ם	l/8435	HR/Ncfpc/Sp3mp	13nWS
9	34	6		רָאשִׁ֑ים	7218 a	HNcmpa	13CJ3
9	34	7		אֵ֖לֶּה	428	HPdxcp	13Ymk
9	34	8		יָשְׁב֥וּ	3427	HVqp3cp	13fAS
9	34	9		בִ/ירוּשָׁלִָֽם	b/3389	HR/Np	13x3S
9	35	1		וּ/בְ/גִבְע֛וֹן	c/b/1391	HC/R/Np	134tb
9	35	2		יָשְׁב֥וּ	3427	HVqp3cp	13a6P
9	35	3		אֲבִֽי	1	HNcmsc	13nWj
9	35	4		גִבְע֖וֹן	1391	HNp	13eKZ
9	35	5	x-ketiv	יעואל	3273	HNp	13tM8
9	35	6		יְעִיאֵ֑ל	3273	HNp	13CrC
9	35	7		וְ/שֵׁ֥ם	c/8034	HC/Ncmsc	13q3W
9	35	8		אִשְׁתּ֖/וֹ	802	HNcfsc/Sp3ms	13yMr
9	35	9		מַעֲכָֽה	4601	HNp	138Ci
9	36	1		וּ/בְנ֥/וֹ	c/1121 a	HC/Ncmsc/Sp3ms	13jsc
9	36	2		הַ/בְּכ֖וֹר	d/1060	HTd/Ncmsa	13kGg
9	36	3		עַבְדּ֑וֹן	5658	HNp	13miQ
9	36	4		וְ/צ֣וּר	c/6698	HC/Np	13Q6Z
9	36	5		וְ/קִ֔ישׁ	c/7027	HC/Np	13auq
9	36	6		וּ/בַ֥עַל	c/1168 b	HC/Np	13Nmy
9	36	7		וְ/נֵ֖ר	c/5369	HC/Np	13HXq
9	36	8		וְ/נָדָֽב	c/5070	HC/Np	13Prq
9	37	1		וּ/גְד֣וֹר	c/1446	HC/Np	13GoM
9	37	2		וְ/אַחְי֔וֹ	c/283	HC/Np	13Qit
9	37	3		וּ/זְכַרְיָ֖ה	c/2148 a	HC/Np	13EWH
9	37	4		וּ/מִקְלֽוֹת	c/4732	HC/Np	13v1C
9	38	1		וּ/מִקְל֖וֹת	c/4732	HC/Np	13tNG
9	38	2		הוֹלִ֣יד	3205	HVhp3ms	13Hag
9	38	3		אֶת	853	HTo	13n52
9	38	4		שִׁמְאָ֑ם	8043	HNp	13eDt
9	38	5		וְ/אַף	c/637	HC/D	138jm
9	38	6		הֵ֗ם	1992	HPp3mp	13o98
9	38	7		נֶ֧גֶד	5048	HR	135ax
9	38	8		אֲחֵי/הֶ֛ם	251	HNcmpc/Sp3mp	13ce1
9	38	9		יָשְׁב֥וּ	3427	HVqp3cp	13iyi
9	38	10		בִ/ירֽוּשָׁלִַ֖ם	b/3389	HR/Np	139mB
9	38	11		עִם	5973 a	HR	131yE
9	38	12		אֲחֵי/הֶֽם	251	HNcmpc/Sp3mp	13kZi
9	39	1		וְ/נֵר֙	c/5369	HC/Np	13XWn
9	39	2		הוֹלִ֣יד	3205	HVhp3ms	13N3v
9	39	3		אֶת	853	HTo	13WjB
9	39	4		קִ֔ישׁ	7027	HNp	13z8A
9	39	5		וְ/קִ֖ישׁ	c/7027	HC/Np	13CqV
9	39	6		הוֹלִ֣יד	3205	HVhp3ms	13gaD
9	39	7		אֶת	853	HTo	13iXd
9	39	8		שָׁא֑וּל	7586	HNp	13MD3
9	39	9		וְ/שָׁא֗וּל	c/7586	HC/Np	13HgW
9	39	10		הוֹלִ֤יד	3205	HVhp3ms	13ns5
9	39	11		אֶת	853	HTo	13jBp
9	39	12		יְהֽוֹנָתָן֙	3083	HNp	13YWJ
9	39	13		וְ/אֶת	c/853	HC/To	13SNT
9	39	14		מַלְכִּי	4444+	HNp	133ye
9	39	15		שׁ֔וּעַ	4444	HNp	13sN7
9	39	16		וְ/אֶת	c/853	HC/To	13X85
9	39	17		אֲבִינָדָ֖ב	41	HNp	13oVd
9	39	18		וְ/אֶת	c/853	HC/To	13Qiq
9	39	19		אֶשְׁבָּֽעַל	792	HNp	13hE4
9	40	1		וּ/בֶן	c/1121 a	HC/Ncmsc	13pej
9	40	2		יְהוֹנָתָ֖ן	3083	HNp	13Y5A
9	40	3		מְרִ֣יב	4807+	HNp	13ti3
9	40	4		בָּ֑עַל	4807	HNp	13XtY
9	40	5		וּ/מְרִי	c/4810+	HC/Np	13kBb
9	40	6		בַ֖עַל	4810	HNp	13CAc
9	40	7		הוֹלִ֥יד	3205	HVhp3ms	13dWV
9	40	8		אֶת	853	HTo	13atD
9	40	9		מִיכָֽה	4318	HNp	13Uit
9	41	1		וּ/בְנֵ֖י	c/1121 a	HC/Ncmpc	13mrd
9	41	2		מִיכָ֑ה	4318	HNp	138NY
9	41	3		פִּית֥וֹן	6377	HNp	13BdS
9	41	4		וָ/מֶ֖לֶךְ	c/4429	HC/Np	137d1
9	41	5		וְ/תַחְרֵֽעַ	c/8475	HC/Np	13iGP
9	42	1		וְ/אָחָז֙	c/271	HC/Np	13LXv
9	42	2		הוֹלִ֣יד	3205	HVhp3ms	13YrG
9	42	3		אֶת	853	HTo	13SBB
9	42	4		יַעְרָ֔ה	3294	HNp	13EcU
9	42	5		וְ/יַעְרָ֗ה	c/3294	HC/Np	13Yth
9	42	6		הוֹלִ֛יד	3205	HVhp3ms	13fZb
9	42	7		אֶת	853	HTo	13G6t
9	42	8		עָלֶ֥מֶת	5964	HNp	134zB
9	42	9		וְ/אֶת	c/853	HC/To	13DaG
9	42	10		עַזְמָ֖וֶת	5820	HNp	13USD
9	42	11		וְ/אֶת	c/853	HC/To	132W4
9	42	12		זִמְרִ֑י	2174 a	HNp	13Uzr
9	42	13		וְ/זִמְרִ֖י	c/2174 a	HC/Np	135bQ
9	42	14		הוֹלִ֥יד	3205	HVhp3ms	13whG
9	42	15		אֶת	853	HTo	13Ztm
9	42	16		מוֹצָֽא	4162	HNp	13gob
9	43	1		וּ/מוֹצָ֖א	c/4162	HC/Np	13QLb
9	43	2		הוֹלִ֣יד	3205	HVhp3ms	13CzH
9	43	3		אֶת	853	HTo	13SRf
9	43	4		בִּנְעָ֑א	1150	HNp	13aUL
9	43	5		וּ/רְפָיָ֥ה	c/7509	HC/Np	13ABu
9	43	6		בְנ֛/וֹ	1121 a	HNcmsc/Sp3ms	13Qno
9	43	7		אֶלְעָשָׂ֥ה	501	HNp	13faU
9	43	8		בְנ֖/וֹ	1121 a	HNcmsc/Sp3ms	13xJG
9	43	9		אָצֵ֥ל	682 a	HNp	13mUS
9	43	10		בְּנֽ/וֹ	1121 a	HNcmsc/Sp3ms	13rbb
9	44	1		וּ/לְ/אָצֵל֮	c/l/682 a	HC/R/Np	137s1
9	44	2		שִׁשָּׁ֣ה	8337	HAcmsa	13g7p
9	44	3		בָנִים֒	1121 a	HNcmpa	13SNp
9	44	4		וְ/אֵ֣לֶּה	c/428	HC/Pdxcp	13Fjh
9	44	5		שְׁמוֹתָ֗/ם	8034	HNcmpc/Sp3mp	13aH9
9	44	6		עַזְרִיקָ֥ם	5840	HNp	13kv5
9	44	7		בֹּ֨כְרוּ֙	1074	HNp	13RUm
9	44	8		וְ/יִשְׁמָעֵ֣אל	c/3458	HC/Np	13NJw
9	44	9		וּ/שְׁעַרְיָ֔ה	c/8187	HC/Np	13pgX
9	44	10		וְ/עֹבַדְיָ֖ה	c/5662	HC/Np	13pvp
9	44	11		וְ/חָנָ֑ן	c/2605	HC/Np	13g9e
9	44	12		אֵ֖לֶּה	428	HPdxcp	13qtY
9	44	13		בְּנֵ֥י	1121 a	HNcmpc	13mno
9	44	14		אָצַֽל	682 a	HNp	135Ne
10	1	1		וּ/פְלִשְׁתִּ֖ים	c/6430	HC/Ngmpa	13kfA
10	1	2		נִלְחֲמ֣וּ	3898 a	HVNp3cp	13o9X
10	1	3		בְ/יִשְׂרָאֵ֑ל	b/3478	HR/Np	13qEq
10	1	4		וַ/יָּ֑נָס	c/5127	HC/Vqw3ms	13FMs
10	1	5		אִֽישׁ	376	HNcmsc	13uss
10	1	6		יִשְׂרָאֵל֙	3478	HNp	13LSu
10	1	7		מִ/פְּנֵ֣י	m/6440	HR/Ncbpc	13X7L
10	1	8		פְלִשְׁתִּ֔ים	6430	HNgmpa	13acK
10	1	9		וַ/יִּפְּל֥וּ	c/5307	HC/Vqw3mp	13Bfx
10	1	10		חֲלָלִ֖ים	2491 a	HAampa	13Jcq
10	1	11		בְּ/הַ֥ר	b/2022	HR/Ncmsc	13yxB
10	1	12		גִּלְבֹּֽעַ	1533	HNp	13EMh
10	2	1		וַ/יַּדְבְּק֣וּ	c/1692	HC/Vhw3mp	13oSC
10	2	2		פְלִשְׁתִּ֔ים	6430	HNgmpa	13x6j
10	2	3		אַחֲרֵ֥י	310 a	HR	13sqj
10	2	4		שָׁא֖וּל	7586	HNp	13U8L
10	2	5		וְ/אַחֲרֵ֣י	c/310 a	HC/R	13N1A
10	2	6		בָנָ֑י/ו	1121 a	HNcmpc/Sp3ms	13S7G
10	2	7		וַ/יַּכּ֣וּ	c/5221	HC/Vhw3mp	13jyn
10	2	8		פְלִשְׁתִּ֗ים	6430	HNgmpa	13K1A
10	2	9		אֶת	853	HTo	13uDX
10	2	10		יוֹנָתָ֧ן	3129	HNp	13xoq
10	2	11		וְ/אֶת	c/853	HC/To	13p8s
10	2	12		אֲבִינָדָ֛ב	41	HNp	13u7q
10	2	13		וְ/אֶת	c/853	HC/To	13WtS
10	2	14		מַלְכִּי	4444+	HNp	13PiF
10	2	15		שׁ֖וּעַ	4444	HNp	13wyB
10	2	16		בְּנֵ֥י	1121 a	HNcmpc	13uBF
10	2	17		שָׁאֽוּל	7586	HNp	13wqi
10	3	1		וַ/תִּכְבַּ֤ד	c/3513	HC/Vqw3fs	13Fm8
10	3	2		הַ/מִּלְחָמָה֙	d/4421	HTd/Ncfsa	135Sy
10	3	3		עַל	5921 a	HR	132gS
10	3	4		שָׁא֔וּל	7586	HNp	13Jut
10	3	5		וַ/יִּמְצָאֻ֖/הוּ	c/4672	HC/Vqw3mp/Sp3ms	13p3n
10	3	6		הַ/מּוֹרִ֣ים	d/3384 b	HTd/Vhrmpa	13d68
10	3	7		בַּ/קָּ֑שֶׁת	b/7198	HRd/Ncfsa	13qeT
10	3	8		וַ/יָּ֖חֶל	c/2342 a	HC/Vqw3ms	132pY
10	3	9		מִן	4480 a	HR	13hYY
10	3	10		הַ/יּוֹרִֽים	d/3384 b	HTd/Vqrmpa	13gz6
10	4	1		וַ/יֹּ֣אמֶר	c/559	HC/Vqw3ms	13YKe
10	4	2		שָׁאוּל֩	7586	HNp	13LnX
10	4	3		אֶל	413	HR	13fBS
10	4	4		נֹשֵׂ֨א	5375	HVqrmsc	13r2p
10	4	5		כֵלָ֜י/ו	3627	HNcmpc/Sp3ms	13RiY
10	4	6		שְׁלֹ֥ף	8025	HVqv2ms	13ZhF
10	4	7		חַרְבְּ/ךָ֣	2719	HNcfsc/Sp2ms	13M4z
10	4	8		וְ/דָקְרֵ֣/נִי	c/1856	HC/Vqv2ms/Sp1cs	13t9s
10	4	9		בָ֗/הּ	b	HR/Sp3fs	13ubY
10	4	10		פֶּן	6435	HC	13hDs
10	4	11		יָבֹ֜אוּ	935	HVqi3mp	13tti
10	4	12		הָ/עֲרֵלִ֤ים	d/6189	HTd/Aampa	13Ht3
10	4	13		הָ/אֵ֨לֶּה֙	d/428	HTd/Pdxcp	1337A
10	4	14		וְ/הִתְעַלְּלוּ	c/5953 a	HC/Vtq3cp	13ZhJ
10	4	15		בִ֔/י	b	HR/Sp1cs	13SmQ
10	4	16		וְ/לֹ֤א	c/3808	HC/Tn	13MZa
10	4	17		אָבָה֙	14	HVqp3ms	13zKB
10	4	18		נֹשֵׂ֣א	5375	HVqrmsc	13eLd
10	4	19		כֵלָ֔י/ו	3627	HNcmpc/Sp3ms	13o5N
10	4	20		כִּ֥י	3588 a	HC	13S8J
10	4	21		יָרֵ֖א	3372	HVqp3ms	13wdY
10	4	22		מְאֹ֑ד	3966	HD	134qA
10	4	23		וַ/יִּקַּ֤ח	c/3947	HC/Vqw3ms	13vHo
10	4	24		שָׁאוּל֙	7586	HNp	13JGD
10	4	25		אֶת	853	HTo	136uD
10	4	26		הַ/חֶ֔רֶב	d/2719	HTd/Ncfsa	13CXt
10	4	27		וַ/יִּפֹּ֖ל	c/5307	HC/Vqw3ms	13Pwy
10	4	28		עָלֶֽי/הָ	5921 a	HR/Sp3fs	138Dn
10	5	1		וַ/יַּ֥רְא	c/7200	HC/Vqw3ms	13avv
10	5	2		נֹשֵֽׂא	5375	HVqrmsc	13bKm
10	5	3		כֵלָ֖י/ו	3627	HNcmpc/Sp3ms	134Vj
10	5	4		כִּ֣י	3588 a	HC	131Ae
10	5	5		מֵ֣ת	4191	HVqp3ms	13Kmu
10	5	6		שָׁא֑וּל	7586	HNp	13yUJ
10	5	7		וַ/יִּפֹּ֥ל	c/5307	HC/Vqw3ms	13UZY
10	5	8		גַּם	1571	HTa	13t13
10	5	9		ה֛וּא	1931	HPp3ms	13SW7
10	5	10		עַל	5921 a	HR	13znf
10	5	11		הַ/חֶ֖רֶב	d/2719	HTd/Ncfsa	1312R
10	5	12		וַ/יָּמֹֽת	c/4191	HC/Vqw3ms	13Wm7
10	6	1		וַ/יָּ֤מָת	c/4191	HC/Vqw3ms	13Jxk
10	6	2		שָׁאוּל֙	7586	HNp	13zc3
10	6	3		וּ/שְׁלֹ֣שֶׁת	c/7969	HC/Acmsc	13hE9
10	6	4		בָּנָ֔י/ו	1121 a	HNcmpc/Sp3ms	13NHf
10	6	5		וְ/כָל	c/3605	HC/Ncmsc	13d3H
10	6	6		בֵּית֖/וֹ	1004 b	HNcmsc/Sp3ms	13hmj
10	6	7		יַחְדָּ֥ו	3162 b	HD	13GSJ
10	6	8		מֵֽתוּ	4191	HVqp3cp	13RMB
10	7	1		וַ֠/יִּרְאוּ	c/7200	HC/Vqw3mp	132am
10	7	2		כָּל	3605	HNcmsc	13Pwx
10	7	3		אִ֨ישׁ	376	HNcmsc	13sNu
10	7	4		יִשְׂרָאֵ֤ל	3478	HNp	13SGp
10	7	5		אֲשֶׁר	834 a	HTr	13AKE
10	7	6		בָּ/עֵ֨מֶק֙	b/6010	HRd/Ncmsa	13BdE
10	7	7		כִּ֣י	3588 a	HC	13Z58
10	7	8		נָ֔סוּ	5127	HVqp3cp	13sXJ
10	7	9		וְ/כִי	c/3588 a	HC/C	13nEL
10	7	10		מֵ֖תוּ	4191	HVqp3cp	13LDB
10	7	11		שָׁא֣וּל	7586	HNp	13Lsc
10	7	12		וּ/בָנָ֑י/ו	c/1121 a	HC/Ncmpc/Sp3ms	134Se
10	7	13		וַ/יַּעַזְב֤וּ	c/5800 a	HC/Vqw3mp	13KM8
10	7	14		עָרֵי/הֶם֙	5892 b	HNcfpc/Sp3mp	139DU
10	7	15		וַ/יָּנֻ֔סוּ	c/5127	HC/Vqw3mp	134Q5
10	7	16		וַ/יָּבֹ֣אוּ	c/935	HC/Vqw3mp	13NAz
10	7	17		פְלִשְׁתִּ֔ים	6430	HNgmpa	13xWi
10	7	18		וַ/יֵּשְׁב֖וּ	c/3427	HC/Vqw3mp	13kqa
10	7	19		בָּ/הֶֽם	b	HR/Sp3mp	13Awb
10	8	1		וַ/יְהִי֙	c/1961	HC/Vqw3ms	13Us6
10	8	2		מִֽ/מָּחֳרָ֔ת	m/4283	HR/Ncfsa	13XWb
10	8	3		וַ/יָּבֹ֣אוּ	c/935	HC/Vqw3mp	13AzE
10	8	4		פְלִשְׁתִּ֔ים	6430	HNgmpa	13zMc
10	8	5		לְ/פַשֵּׁ֖ט	l/6584	HR/Vpc	13f4L
10	8	6		אֶת	853	HTo	13zMh
10	8	7		הַֽ/חֲלָלִ֑ים	d/2491 a	HTd/Aampa	13uRx
10	8	8		וַֽ/יִּמְצְא֤וּ	c/4672	HC/Vqw3mp	13u5G
10	8	9		אֶת	853	HTo	13V2c
10	8	10		שָׁאוּל֙	7586	HNp	13GoD
10	8	11		וְ/אֶת	c/853	HC/To	13Euf
10	8	12		בָּנָ֔י/ו	1121 a	HNcmpc/Sp3ms	13hmw
10	8	13		נֹפְלִ֖ים	5307	HVqrmpa	13Hme
10	8	14		בְּ/הַ֥ר	b/2022	HR/Ncmsc	13pDV
10	8	15		גִּלְבֹּֽעַ	1533	HNp	13zCP
10	9	1		וַ/יַּ֨פְשִׁיטֻ֔/הוּ	c/6584	HC/Vhw3mp/Sp3ms	13QxP
10	9	2		וַ/יִּשְׂא֥וּ	c/5375	HC/Vqw3mp	13ihJ
10	9	3		אֶת	853	HTo	13NR3
10	9	4		רֹאשׁ֖/וֹ	7218 a	HNcmsc/Sp3ms	13Wsp
10	9	5		וְ/אֶת	c/853	HC/To	13eVQ
10	9	6		כֵּלָ֑י/ו	3627	HNcmpc/Sp3ms	13upN
10	9	7		וַ/יְשַׁלְּח֨וּ	c/7971	HC/Vpw3mp	13Zh8
10	9	8		בְ/אֶֽרֶץ	b/776	HR/Ncbsc	13Pf6
10	9	9		פְלִשְׁתִּ֜ים	6430	HNgmpa	13kEn
10	9	10		סָבִ֗יב	5439	HNcbsa	13det
10	9	11		לְ/בַשֵּׂ֛ר	l/1319	HR/Vpc	13peM
10	9	12		אֶת	853	HTo	13dMe
10	9	13		עֲצַבֵּי/הֶ֖ם	6091	HNcmpc/Sp3mp	13VmC
10	9	14		וְ/אֶת	c/853	HC/To	13wQx
10	9	15		הָ/עָֽם	d/5971 a	HTd/Ncmsa	13VMV
10	10	1		וַ/יָּשִׂ֨ימוּ֙	c/7760 a	HC/Vqw3mp	13GSm
10	10	2		אֶת	853	HTo	135sF
10	10	3		כֵּלָ֔י/ו	3627	HNcmpc/Sp3ms	13Rdh
10	10	4		בֵּ֖ית	1004 b	HNcmsc	13V35
10	10	5		אֱלֹהֵי/הֶ֑ם	430	HNcmpc/Sp3mp	13iQU
10	10	6		וְ/אֶת	c/853	HC/To	134GK
10	10	7		גֻּלְגָּלְתּ֥/וֹ	1538	HNcfsc/Sp3ms	137A7
10	10	8		תָקְע֖וּ	8628	HVqp3cp	13W71
10	10	9		בֵּ֥ית	1004 b	HNcmsc	1388E
10	10	10		דָּגֽוֹן	1712	HNp	13Gdj
10	11	1		וַֽ/יִּשְׁמְע֔וּ	c/8085	HC/Vqw3mp	13h3q
10	11	2		כֹּ֖ל	3605	HNcmsc	13fkU
10	11	3		יָבֵ֣ישׁ	3003	HNp	13Ass
10	11	4		גִּלְעָ֑ד	1568	HNp	1397U
10	11	5		אֵ֛ת	853	HTo	13YSa
10	11	6		כָּל	3605	HNcmsc	13FHj
10	11	7		אֲשֶׁר	834 a	HTr	138ZH
10	11	8		עָשׂ֥וּ	6213 a	HVqp3cp	13vK2
10	11	9		פְלִשְׁתִּ֖ים	6430	HNgmpa	13SNW
10	11	10		לְ/שָׁאֽוּל	l/7586	HR/Np	13Mrd
10	12	1		וַ/יָּקוּמוּ֮	c/6965 b	HC/Vqw3mp	13mxr
10	12	2		כָּל	3605	HNcmsc	13Rm3
10	12	3		אִ֣ישׁ	376	HNcmsc	13JFe
10	12	4		חַיִל֒	2428	HNcmsa	13Vat
10	12	5		וַ/יִּשְׂא֞וּ	c/5375	HC/Vqw3mp	134Nu
10	12	6		אֶת	853	HTo	1359s
10	12	7		גּוּפַ֣ת	1480	HNcfsc	13yAS
10	12	8		שָׁא֗וּל	7586	HNp	13Drk
10	12	9		וְ/אֵת֙	c/853	HC/To	13kox
10	12	10		גּוּפֹ֣ת	1480	HNcfpc	13qHe
10	12	11		בָּנָ֔י/ו	1121 a	HNcmpc/Sp3ms	13bLP
10	12	12		וַ/יְבִיא֖וּ/ם	c/935	HC/Vhw3mp/Sp3mp	13VkX
10	12	13		יָבֵ֑ישָׁ/ה	3003	HNp/Sd	13Cjp
10	12	14		וַ/יִּקְבְּר֨וּ	c/6912	HC/Vqw3mp	139dQ
10	12	15		אֶת	853	HTo	13VAa
10	12	16		עַצְמוֹתֵי/הֶ֜ם	6106	HNcfpc/Sp3mp	13PY4
10	12	17		תַּ֤חַת	8478	HR	13N7X
10	12	18		הָ/אֵלָה֙	d/424	HTd/Ncfsa	139vs
10	12	19		בְּ/יָבֵ֔שׁ	b/3003	HR/Np	13C5h
10	12	20		וַ/יָּצ֖וּמוּ	c/6684	HC/Vqw3mp	13a7n
10	12	21		שִׁבְעַ֥ת	7651	HAcmsc	13zJe
10	12	22		יָמִֽים	3117	HNcmpa	13PcK
10	13	1		וַ/יָּ֣מָת	c/4191	HC/Vqw3ms	13c4r
10	13	2		שָׁא֗וּל	7586	HNp	131zb
10	13	3		בְּ/מַֽעֲל/וֹ֙	b/4604	HR/Ncmsc/Sp3ms	1389i
10	13	4		אֲשֶׁ֣ר	834 a	HTr	13sCL
10	13	5		מָעַ֣ל	4603	HVqp3ms	13faF
10	13	6		בַּֽ/יהוָ֔ה	b/3068	HR/Np	13kqz
10	13	7		עַל	5921 a	HR	1396q
10	13	8		דְּבַ֥ר	1697	HNcmsc	13ret
10	13	9		יְהוָ֖ה	3068	HNp	13C7D
10	13	10		אֲשֶׁ֣ר	834 a	HTr	132md
10	13	11		לֹא	3808	HTn	13XGJ
10	13	12		שָׁמָ֑ר	8104	HVqp3ms	13hPa
10	13	13		וְ/גַם	c/1571	HC/Ta	13vef
10	13	14		לִ/שְׁא֥וֹל	l/7592	HR/Vqc	13cJJ
10	13	15		בָּ/א֖וֹב	b/178	HRd/Ncmsa	13rbT
10	13	16		לִ/דְרֽוֹשׁ	l/1875	HR/Vqc	138Ea
10	14	1		וְ/לֹֽא	c/3808	HC/Tn	13gVK
10	14	2		דָרַ֥שׁ	1875	HVqp3ms	134HS
10	14	3		בַּֽ/יהוָ֖ה	b/3068	HR/Np	13mj8
10	14	4		וַ/יְמִיתֵ֑/הוּ	c/4191	HC/Vhw3ms/Sp3ms	13bJu
10	14	5		וַ/יַּסֵּב֙	c/5437	HC/Vhw3ms	13MwN
10	14	6		אֶת	853	HTo	13wWB
10	14	7		הַ/מְּלוּכָ֔ה	d/4410	HTd/Ncfsa	13trS
10	14	8		לְ/דָוִ֖יד	l/1732	HR/Np	13i8H
10	14	9		בֶּן	1121 a	HNcmsc	13rzM
10	14	10		יִשָֽׁי	3448	HNp	13wUo
11	1	1		וַ/יִּקָּבְצ֧וּ	c/6908	HC/VNw3mp	13R7j
11	1	2		כָֽל	3605	HNcmsc	13qgv
11	1	3		יִשְׂרָאֵ֛ל	3478	HNp	132zb
11	1	4		אֶל	413	HR	139RY
11	1	5		דָּוִ֖יד	1732	HNp	13sqX
11	1	6		חֶבְר֣וֹנָ/ה	2275 a	HNp/Sd	13aqQ
11	1	7		לֵ/אמֹ֑ר	l/559	HR/Vqc	13rK8
11	1	8		הִנֵּ֛ה	2009	HTm	13LMs
11	1	9		עַצְמְ/ךָ֥	6106	HNcfsc/Sp2ms	13SGP
11	1	10		וּֽ/בְשָׂרְ/ךָ֖	c/1320	HC/Ncmsc/Sp2ms	13wyN
11	1	11		אֲנָֽחְנוּ	587	HPp1cp	133Wk
11	2	1		גַּם	1571	HTa	13MKh
11	2	2		תְּמ֣וֹל	8543	HD	13xqJ
11	2	3		גַּם	1571	HTa	13aoc
11	2	4		שִׁלְשׁ֗וֹם	8032	HNcmsa	13aM6
11	2	5		גַּ֚ם	1571	HTa	13ujL
11	2	6		בִּ/הְי֣וֹת	b/1961	HR/Vqc	13i5Y
11	2	7		שָׁא֣וּל	7586	HNp	13npa
11	2	8		מֶ֔לֶךְ	4428	HNcmsa	13E9M
11	2	9		אַתָּ֛ה	859 a	HPp2ms	13x2c
11	2	10		הַ/מּוֹצִ֥יא	d/3318	HTd/Vhrmsa	13Y2D
11	2	11		וְ/הַ/מֵּבִ֖יא	c/d/935	HC/Td/Vhrmsa	13Meo
11	2	12		אֶת	853	HTo	13h5c
11	2	13		יִשְׂרָאֵ֑ל	3478	HNp	13Nsn
11	2	14		וַ/יֹּאמֶר֩	c/559	HC/Vqw3ms	13Pej
11	2	15		יְהוָ֨ה	3068	HNp	13tYz
11	2	16		אֱלֹהֶ֜י/ךָ	430	HNcmpc/Sp2ms	13Pcn
11	2	17		לְ/ךָ֗	l	HR/Sp2ms	13SiH
11	2	18		אַתָּ֨ה	859 a	HPp2ms	135cU
11	2	19		תִרְעֶ֤ה	7462 b	HVqi2ms	13Eeo
11	2	20		אֶת	853	HTo	13mie
11	2	21		עַמִּ/י֙	5971 a	HNcmsc/Sp1cs	13Unm
11	2	22		אֶת	853	HTo	13kSG
11	2	23		יִשְׂרָאֵ֔ל	3478	HNp	13gGY
11	2	24		וְ/אַתָּה֙	c/859 a	HC/Pp2ms	13wFV
11	2	25		תִּהְיֶ֣ה	1961	HVqi2ms	13RCx
11	2	26		נָגִ֔יד	5057	HNcmsa	13ti5
11	2	27		עַ֖ל	5921 a	HR	13rN3
11	2	28		עַמִּ֥/י	5971 a	HNcmsc/Sp1cs	13BLX
11	2	29		יִשְׂרָאֵֽל	3478	HNp	13boU
11	3	1		וַ֠/יָּבֹאוּ	c/935	HC/Vqw3mp	13d1n
11	3	2		כָּל	3605	HNcmsc	13b8r
11	3	3		זִקְנֵ֨י	2205	HAampc	13PBA
11	3	4		יִשְׂרָאֵ֤ל	3478	HNp	13V4e
11	3	5		אֶל	413	HR	13Es6
11	3	6		הַ/מֶּ֨לֶךְ֙	d/4428	HTd/Ncmsa	13Uhs
11	3	7		חֶבְר֔וֹנָ/ה	2275 a	HNp/Sd	13aMR
11	3	8		וַ/יִּכְרֹת֩	c/3772	HC/Vqw3ms	13UuW
11	3	9		לָ/הֶ֨ם	l	HR/Sp3mp	13RPy
11	3	10		דָּוִ֥יד	1732	HNp	13udF
11	3	11		בְּרִ֛ית	1285	HNcfsa	13Sy4
11	3	12		בְּ/חֶבְר֖וֹן	b/2275 a	HR/Np	13jnZ
11	3	13		לִ/פְנֵ֣י	l/6440	HR/Ncbpc	13jnF
11	3	14		יְהוָ֑ה	3068	HNp	137ss
11	3	15		וַ/יִּמְשְׁח֨וּ	c/4886	HC/Vqw3mp	13ino
11	3	16		אֶת	853	HTo	13XLt
11	3	17		דָּוִ֤יד	1732	HNp	13ZsF
11	3	18		לְ/מֶ֨לֶךְ֙	l/4428	HR/Ncmsa	131cW
11	3	19		עַל	5921 a	HR	13AjK
11	3	20		יִשְׂרָאֵ֔ל	3478	HNp	13pFJ
11	3	21		כִּ/דְבַ֥ר	k/1697	HR/Ncmsc	13K1X
11	3	22		יְהוָ֖ה	3068	HNp	13mKX
11	3	23		בְּ/יַד	b/3027	HR/Ncbsc	13Mpt
11	3	24		שְׁמוּאֵֽל	8050	HNp	13wP4
11	4	1		וַ/יֵּ֨לֶךְ	c/3212	HC/Vqw3ms	13jmU
11	4	2		דָּוִ֧יד	1732	HNp	13eRW
11	4	3		וְ/כָל	c/3605	HC/Ncmsc	13tQY
11	4	4		יִשְׂרָאֵ֛ל	3478	HNp	13R4T
11	4	5		יְרוּשָׁלִַ֖ם	3389	HNp	134cT
11	4	6		הִ֣יא	1931	HPp3fs	13m9t
11	4	7		יְב֑וּס	2982	HNp	13MxN
11	4	8		וְ/שָׁם֙	c/8033	HC/D	13HKE
11	4	9		הַ/יְבוּסִ֔י	d/2983	HTd/Ngmsa	13HTT
11	4	10		יֹשְׁבֵ֖י	3427	HVqrmpc	13V1j
11	4	11		הָ/אָֽרֶץ	d/776	HTd/Ncbsa	132Js
11	5	1		וַ/יֹּ֨אמְר֜וּ	c/559	HC/Vqw3mp	13W9E
11	5	2		יֹשְׁבֵ֤י	3427	HVqrmpc	13T7b
11	5	3		יְבוּס֙	2982	HNp	132vK
11	5	4		לְ/דָוִ֔יד	l/1732	HR/Np	13uMy
11	5	5		לֹ֥א	3808	HTn	13686
11	5	6		תָב֖וֹא	935	HVqi2ms	13afp
11	5	7		הֵ֑נָּה	2008	HD	13kV5
11	5	8		וַ/יִּלְכֹּ֤ד	c/3920	HC/Vqw3ms	13yK5
11	5	9		דָּוִיד֙	1732	HNp	13kcg
11	5	10		אֶת	853	HTo	13RRm
11	5	11		מְצֻדַ֣ת	4686 b	HNcbsc	137pV
11	5	12		צִיּ֔וֹן	6726	HNp	13HhQ
11	5	13		הִ֖יא	1931	HPp3fs	13zX3
11	5	14		עִ֥יר	5892 b	HNcfsc	13qit
11	5	15		דָּוִֽיד	1732	HNp	13mju
11	6	1		וַ/יֹּ֣אמֶר	c/559	HC/Vqw3ms	13XGi
11	6	2		דָּוִ֔יד	1732	HNp	13UFc
11	6	3		כָּל	3605	HNcmsc	137B8
11	6	4		מַכֵּ֤ה	5221	HVhrmsc	13a34
11	6	5		יְבוּסִי֙	2983	HNgmsa	13aKv
11	6	6		בָּ/רִ֣אשׁוֹנָ֔ה	b/7223	HRd/Aafsa	13v9T
11	6	7		יִהְיֶ֥ה	1961	HVqi3ms	132tz
11	6	8		לְ/רֹ֖אשׁ	l/7218 a	HR/Ncmsa	132y9
11	6	9		וּ/לְ/שָׂ֑ר	c/l/8269	HC/R/Ncmsa	13swM
11	6	10		וַ/יַּ֧עַל	c/5927	HC/Vqw3ms	13wiK
11	6	11		בָּ/רִאשׁוֹנָ֛ה	b/7223	HRd/Aafsa	13sDy
11	6	12		יוֹאָ֥ב	3097	HNp	13crC
11	6	13		בֶּן	1121 a	HNcmsc	13Bwp
11	6	14		צְרוּיָ֖ה	6870	HNp	13yNo
11	6	15		וַ/יְהִ֥י	c/1961	HC/Vqw3ms	13zMn
11	6	16		לְ/רֹֽאשׁ	l/7218 a	HR/Ncmsa	13TXQ
11	7	1		וַ/יֵּ֥שֶׁב	c/3427	HC/Vqw3ms	13hfV
11	7	2		דָּוִ֖יד	1732	HNp	13K2f
11	7	3		בַּ/מְצָ֑ד	b/4679	HRd/Ncfsa	13hMA
11	7	4		עַל	5921 a	HR	13g6w
11	7	5		כֵּ֥ן	3651 c	HTm	13Dxg
11	7	6		קָרְאוּ	7121	HVqp3cp	13hDt
11	7	7		ל֖/וֹ	l	HR/Sp3ms	13JoU
11	7	8		עִ֥יר	5892 b	HNcfsc	13zcL
11	7	9		דָּוִֽיד	1732	HNp	135eb
11	8	1		וַ/יִּ֤בֶן	c/1129	HC/Vqw3ms	13E5V
11	8	2		הָ/עִיר֙	d/5892 b	HTd/Ncfsa	13shT
11	8	3		מִ/סָּבִ֔יב	m/5439	HR/Ncbsa	13Gxb
11	8	4		מִן	4480 a	HR	13xdy
11	8	5		הַ/מִּלּ֖וֹא	d/4407	HTd/Np	13xcf
11	8	6		וְ/עַד	c/5704	HC/R	13R9X
11	8	7		הַ/סָּבִ֑יב	d/5439	HTd/Ncbsa	13gMk
11	8	8		וְ/יוֹאָ֕ב	c/3097	HC/Np	13wFk
11	8	9		יְחַיֶּ֖ה	2421	HVpi3ms	131yV
11	8	10		אֶת	853	HTo	13UKs
11	8	11		שְׁאָ֥ר	7605	HNcmsc	13mMQ
11	8	12		הָ/עִֽיר	d/5892 b	HTd/Ncfsa	13akU
11	9	1		וַ/יֵּ֥לֶךְ	c/3212	HC/Vqw3ms	13FdP
11	9	2		דָּוִ֖יד	1732	HNp	13fBN
11	9	3		הָל֣וֹךְ	1980	HVqa	13QgK
11	9	4		וְ/גָד֑וֹל	c/1419 a	HC/Vqa	13aPN
11	9	5		וַ/יהוָ֥ה	c/3068	HC/Np	13XHx
11	9	6		צְבָא֖וֹת	6635 b	HNcbpa	13xxk
11	9	7		עִמּֽ/וֹ	5973 a	HR/Sp3ms	13ShD
11	10	1		וְ/אֵ֨לֶּה	c/428	HC/Pdxcp	13MEx
11	10	2		רָאשֵׁ֤י	7218 a	HNcmpc	1386V
11	10	3		הַ/גִּבּוֹרִים֙	d/1368	HTd/Aampa	134gS
11	10	4		אֲשֶׁ֣ר	834 a	HTr	13X5d
11	10	5		לְ/דָוִ֔יד	l/1732	HR/Np	132oP
11	10	6		הַ/מִּתְחַזְּקִ֨ים	d/2388	HTd/Vtrmpa	13fEW
11	10	7		עִמּ֧/וֹ	5973 a	HR/Sp3ms	13mbg
11	10	8		בְ/מַלְכוּת֛/וֹ	b/4438	HR/Ncfsc/Sp3ms	13uda
11	10	9		עִם	5973 a	HR	13fci
11	10	10		כָּל	3605	HNcmsc	13FqG
11	10	11		יִשְׂרָאֵ֖ל	3478	HNp	13LVx
11	10	12		לְ/הַמְלִיכ֑/וֹ	l/4427 a	HR/Vhc/Sp3ms	131w8
11	10	13		כִּ/דְבַ֥ר	k/1697	HR/Ncmsc	13wEJ
11	10	14		יְהוָ֖ה	3068	HNp	13X5H
11	10	15		עַל	5921 a	HR	13Zhq
11	10	16		יִשְׂרָאֵֽל	3478	HNp	13b1X
11	11	1		וְ/אֵ֛לֶּה	c/428	HC/Pdxcp	13w8M
11	11	2		מִסְפַּ֥ר	4557	HNcmsc	13tdz
11	11	3		הַ/גִּבֹּרִ֖ים	d/1368	HTd/Aampa	13giU
11	11	4		אֲשֶׁ֣ר	834 a	HTr	13iXF
11	11	5		לְ/דָוִ֑יד	l/1732	HR/Np	13ssa
11	11	6		יָשָׁבְעָ֣ם	3434	HNp	13REu
11	11	7		בֶּן	1121 a	HNcmsc	13Tdr
11	11	8		חַכְמוֹנִ֗י	2453	HNp	13BFg
11	11	9		רֹ֚אשׁ	7218 a	HNcmsc	13T8E
11	11	10	x-ketiv	ה/שלושים	d/7970	HTd/Acbpa	13WQf
11	11	11		הַ/שָּׁ֣לִישִׁ֔ים	d/7991 c	HTd/Acbpa	13eUm
11	11	12		הֽוּא	1931	HPp3ms	136Tw
11	11	13		עוֹרֵ֧ר	5782	HVop3ms	13ywr
11	11	14		אֶת	853	HTo	13oym
11	11	15		חֲנִית֛/וֹ	2595	HNcfsc/Sp3ms	13Di6
11	11	16		עַל	5921 a	HR	13AXZ
11	11	17		שְׁלֹשׁ	7969	HAcfsa	13o2H
11	11	18		מֵא֥וֹת	3967	HAcbpa	13MaF
11	11	19		חָלָ֖ל	2491 a	HAamsa	135PZ
11	11	20		בְּ/פַ֥עַם	b/6471	HR/Ncfsa	13Gcz
11	11	21		אֶחָֽת	259	HAcfsa	13kjt
11	12	1		וְ/אַחֲרָ֛י/ו	c/310 a	HC/R/Sp3ms	13nTA
11	12	2		אֶלְעָזָ֥ר	499	HNp	13Xw7
11	12	3		בֶּן	1121 a	HNcmsc	13X3d
11	12	4		דּוֹד֖וֹ	1734	HNp	135Mw
11	12	5		הָ/אֲחוֹחִ֑י	d/266	HTd/Ngmsa	13uvu
11	12	6		ה֖וּא	1931	HPp3ms	13z1m
11	12	7		בִּ/שְׁלוֹשָׁ֥ה	b/7969	HR/Acmsa	13BYB
11	12	8		הַ/גִּבֹּרִֽים	d/1368	HTd/Aampa	13fDj
11	13	1		הֽוּא	1931	HPp3ms	13UXN
11	13	2		הָיָ֨ה	1961	HVqp3ms	13wXa
11	13	3		עִם	5973 a	HR	13CmE
11	13	4		דָּוִ֜יד	1732	HNp	13bdC
11	13	5		בַּ/פַּ֣ס	b/6450+	HRd/Np	13gUj
11	13	6		דַּמִּ֗ים	6450	HNp	13kJL
11	13	7		וְ/הַ/פְּלִשְׁתִּים֙	c/d/6430	HC/Td/Ngmpa	13SLq
11	13	8		נֶאֱסְפוּ	622	HVNp3cp	13W3H
11	13	9		שָׁ֣ם	8033	HD	13qJ4
11	13	10		לַ/מִּלְחָמָ֔ה	l/4421	HRd/Ncfsa	13aVp
11	13	11		וַ/תְּהִ֛י	c/1961	HC/Vqw3fs	13JGF
11	13	12		חֶלְקַ֥ת	2513 a	HNcfsc	139aY
11	13	13		הַ/שָּׂדֶ֖ה	d/7704 b	HTd/Ncmsa	139pt
11	13	14		מְלֵאָ֣ה	4392	HAafsa	1324k
11	13	15		שְׂעוֹרִ֑ים	8184	HNcfpa	131M6
11	13	16		וְ/הָ/עָ֥ם	c/d/5971 a	HC/Td/Ncmsa	139Dg
11	13	17		נָ֖סוּ	5127	HVqp3cp	13RHw
11	13	18		מִ/פְּנֵ֥י	m/6440	HR/Ncbpc	13J9s
11	13	19		פְלִשְׁתִּֽים	6430	HNgmpa	13t9t
11	14	1		וַ/יִּֽתְיַצְּב֤וּ	c/3320	HC/Vtw3mp	13ZqP
11	14	2		בְ/תוֹךְ	b/8432	HR/Ncmsc	138Fu
11	14	3		הַ/חֶלְקָה֙	d/2513 a	HTd/Ncfsa	13JNs
11	14	4		וַ/יַּצִּיל֔וּ/הָ	c/5337	HC/Vhw3mp/Sp3fs	13xmF
11	14	5		וַ/יַּכּ֖וּ	c/5221	HC/Vhw3mp	13vVj
11	14	6		אֶת	853	HTo	13pPj
11	14	7		פְּלִשְׁתִּ֑ים	6430	HNgmpa	13n48
11	14	8		וַ/יּ֥וֹשַׁע	c/3467	HC/Vhw3ms	13LQQ
11	14	9		יְהוָ֖ה	3068	HNp	13nFs
11	14	10		תְּשׁוּעָ֥ה	8668	HNcfsa	13zKb
11	14	11		גְדוֹלָֽה	1419 a	HAafsa	13M2G
11	15	1		וַ/יֵּרְד֡וּ	c/3381	HC/Vqw3mp	13p7o
11	15	2		שְֽׁלוֹשָׁה֩	7969	HAcmsa	13cvy
11	15	3		מִן	4480 a	HR	13uTh
11	15	4		הַ/שְּׁלוֹשִׁ֨ים	d/7970	HTd/Acbpa	1362r
11	15	5		רֹ֤אשׁ	7218 a	HNcmsa	13XAc
11	15	6		עַל	5921 a	HR	13XMh
11	15	7		הַ/צֻּר֙	d/6697	HTd/Ncmsa	13Pm6
11	15	8		אֶל	413	HR	13Exh
11	15	9		דָּוִ֔יד	1732	HNp	13Mhm
11	15	10		אֶל	413	HR	13k8r
11	15	11		מְעָרַ֖ת	4631	HNcfsc	13U2q
11	15	12		עֲדֻלָּ֑ם	5725	HNp	13f9x
11	15	13		וּ/מַחֲנֵ֣ה	c/4264	HC/Ncbsc	13F3B
11	15	14		פְלִשְׁתִּ֔ים	6430	HNgmpa	13u6M
11	15	15		חֹנָ֖ה	2583	HVqrfsa	13ttW
11	15	16		בְּ/עֵ֥מֶק	b/6010	HR/Ncmsc	13Not
11	15	17		רְפָאִֽים	7497 b	HNp	13QoS
11	16	1		וְ/דָוִ֖יד	c/1732	HC/Np	13MfC
11	16	2		אָ֣ז	227 a	HD	13KoV
11	16	3		בַּ/מְּצוּדָ֑ה	b/4686 b	HRd/Ncbsa	13592
11	16	4		וּ/נְצִ֣יב	c/5333	HC/Ncmsc	13Vfx
11	16	5		פְּלִשְׁתִּ֔ים	6430	HNgmpa	13QkU
11	16	6		אָ֖ז	227 a	HD	136L9
11	16	7		בְּ/בֵ֥ית	b/1035+	HR/Np	13cpC
11	16	8		לָֽחֶם	1035	HNp	132Ki
11	17	1	x-ketiv	ו/יתאו	c/183	HC/Vtw3ms	13XhP
11	17	2		וַ/יִּתְאָ֥יו	c/183	HC/Vtw3ms	13yML
11	17	3		דָּוִ֖יד	1732	HNp	13Kk2
11	17	4		וַ/יֹּאמַ֑ר	c/559	HC/Vqw3ms	13XAP
11	17	5		מִ֚י	4310	HTi	13DJo
11	17	6		יַשְׁקֵ֣/נִי	8248	HVhi3ms/Sp1cs	13iXN
11	17	7		מַ֔יִם	4325	HNcmpa	13czB
11	17	8		מִ/בּ֥וֹר	m/953 a	HR/Ncmsc	13QBD
11	17	9		בֵּֽית	1035+	HNp	13Gxu
11	17	10		לֶ֖חֶם	1035	HNp	13BQ9
11	17	11		אֲשֶׁ֥ר	834 a	HTr	13y8v
11	17	12		בַּ/שָּֽׁעַר	b/8179	HRd/Ncmsa	13wtg
11	18	1		וַ/יִּבְקְע֨וּ	c/1234	HC/Vqw3mp	13Seg
11	18	2		הַ/שְּׁלֹשָׁ֜ה	d/7969	HTd/Acmsa	13Kcz
11	18	3		בְּ/מַחֲנֵ֣ה	b/4264	HR/Ncbsc	135MF
11	18	4		פְלִשְׁתִּ֗ים	6430	HNgmpa	13eUp
11	18	5		וַ/יִּֽשְׁאֲבוּ	c/7579	HC/Vqw3mp	13tEh
11	18	6		מַ֨יִם֙	4325	HNcmpa	13x2S
11	18	7		מִ/בּ֤וֹר	m/953 a	HR/Ncmsc	13Npq
11	18	8		בֵּֽית	1035+	HNp	133ti
11	18	9		לֶ֨חֶם֙	1035	HNp	13QoP
11	18	10		אֲשֶׁ֣ר	834 a	HTr	13i6S
11	18	11		בַּ/שַּׁ֔עַר	b/8179	HRd/Ncmsa	132mi
11	18	12		וַ/יִּשְׂא֖וּ	c/5375	HC/Vqw3mp	13HbP
11	18	13		וַ/יָּבִ֣אוּ	c/935	HC/Vhw3mp	13Wi1
11	18	14		אֶל	413	HR	13beE
11	18	15		דָּוִ֑יד	1732	HNp	13DvH
11	18	16		וְ/לֹֽא	c/3808	HC/Tn	136BE
11	18	17		אָבָ֤ה	14	HVqp3ms	13r7k
11	18	18		דָוִיד֙	1732	HNp	133kE
11	18	19		לִ/שְׁתּוֹתָ֔/ם	l/8354	HR/Vqc/Sp3mp	13UUW
11	18	20		וַ/יְנַסֵּ֥ךְ	c/5258 a	HC/Vpw3ms	13Jqs
11	18	21		אֹתָ֖/ם	853	HTo/Sp3mp	1387K
11	18	22		לַ/יהוָֽה	l/3068	HR/Np	13gvN
11	19	1		וַ/יֹּ֡אמֶר	c/559	HC/Vqw3ms	13Cye
11	19	2		חָלִילָ/ה֩	2486	HTj/Sh	13tsb
11	19	3		לִּ֨/י	l	HR/Sp1cs	13RaB
11	19	4		מֵ/אֱלֹהַ֜/י	m/430	HR/Ncmpc/Sp1cs	132a9
11	19	5		מֵ/עֲשׂ֣וֹת	m/6213 a	HR/Vqc	13ob2
11	19	6		זֹ֗את	2063	HPdxfs	13jU7
11	19	7		הֲ/דַ֣ם	i/1818	HTi/Ncmsc	13w2C
11	19	8		הָ/אֲנָשִׁים֩	d/376	HTd/Ncmpa	132VS
11	19	9		הָ/אֵ֨לֶּה	d/428	HTd/Pdxcp	134Jz
11	19	10		אֶשְׁתֶּ֤ה	8354	HVqi1cs	13C9r
11	19	11		בְ/נַפְשׁוֹתָ/ם֙	b/5315	HR/Ncbpc/Sp3mp	13yLe
11	19	12		כִּ֣י	3588 a	HC	13Ww8
11	19	13		בְ/נַפְשׁוֹתָ֣/ם	b/5315	HR/Ncbpc/Sp3mp	13HGy
11	19	14		הֱבִיא֔וּ/ם	935	HVhp3cp/Sp3mp	13hGK
11	19	15		וְ/לֹ֥א	c/3808	HC/Tn	136pK
11	19	16		אָבָ֖ה	14	HVqp3ms	13VQD
11	19	17		לִ/שְׁתּוֹתָ֑/ם	l/8354	HR/Vqc/Sp3mp	13T3u
11	19	18		אֵ֣לֶּה	428	HPdxcp	13c96
11	19	19		עָשׂ֔וּ	6213 a	HVqp3cp	13YiK
11	19	20		שְׁלֹ֖שֶׁת	7969	HAcmsc	13Lof
11	19	21		הַ/גִּבּוֹרִֽים	d/1368	HTd/Aampa	13ZT8
11	20	1		וְ/אַבְשַׁ֣י	c/52	HC/Np	13s7k
11	20	2		אֲחִֽי	251	HNcmsc	133HC
11	20	3		יוֹאָ֗ב	3097	HNp	13P6z
11	20	4		ה֤וּא	1931	HPp3ms	131W5
11	20	5		הָיָה֙	1961	HVqp3ms	13q9w
11	20	6		רֹ֣אשׁ	7218 a	HNcmsc	13UE1
11	20	7		הַ/שְּׁלוֹשָׁ֔ה	d/7969	HTd/Acmsa	13Rps
11	20	8		וְ/הוּא֙	c/1931	HC/Pp3ms	13Vbn
11	20	9		עוֹרֵ֣ר	5782	HVop3ms	13Fm5
11	20	10		אֶת	853	HTo	13Wct
11	20	11		חֲנִית֔/וֹ	2595	HNcfsc/Sp3ms	13KQn
11	20	12		עַל	5921 a	HR	13TLX
11	20	13		שְׁלֹ֥שׁ	7969	HAcfsa	13xcH
11	20	14		מֵא֖וֹת	3967	HAcbpa	13LG4
11	20	15		חָלָ֑ל	2491 a	HAamsa	13Vcf
11	20	16	x-ketiv	ו/לא	c/3808	HC/Tn	13yU7
11	20	17		וְ/ל/וֹ	c/l	HC/R/Sp3ms	13WV1
11	20	18		שֵׁ֖ם	8034	HNcmsa	13bXb
11	20	19		בַּ/שְּׁלוֹשָֽׁה	b/7969	HRd/Acmsa	136sJ
11	21	1		מִן	4480 a	HR	13t4v
11	21	2		הַ/שְּׁלוֹשָׁ֤ה	d/7969	HTd/Acmsa	13ofA
11	21	3		בַ/שְּׁנַ֨יִם֙	b/8147	HRd/Acmda	13VgJ
11	21	4		נִכְבָּ֔ד	3513	HVNrmsa	13wSa
11	21	5		וַ/יְהִ֥י	c/1961	HC/Vqw3ms	1322e
11	21	6		לָ/הֶ֖ם	l	HR/Sp3mp	13jsX
11	21	7		לְ/שָׂ֑ר	l/8269	HR/Ncmsa	13V1h
11	21	8		וְ/עַד	c/5704	HC/R	13awv
11	21	9		הַ/שְּׁלוֹשָׁ֖ה	d/7969	HTd/Acmsa	13bdJ
11	21	10		לֹֽא	3808	HTn	13ixo
11	21	11		בָֽא	935	HVqp3ms	13iXs
11	22	1		בְּנָיָ֨ה	1141	HNp	13sdj
11	22	2		בֶן	1121 a	HNcmsc	13GqS
11	22	3		יְהוֹיָדָ֧ע	3077	HNp	13umc
11	22	4		בֶּן	1121 a	HNcmsc	13B2L
11	22	5		אִֽישׁ	376	HNcmsc	13zE3
11	22	6		חַ֛יִל	2428	HNcmsa	13Y5f
11	22	7		רַב	7227 a	HAamsc	13YWA
11	22	8		פְּעָלִ֖ים	6467	HNcmpa	13mHM
11	22	9		מִֽן	4480 a	HR	13SDB
11	22	10		קַבְצְאֵ֑ל	6909	HNp	13DuR
11	22	11		ה֣וּא	1931	HPp3ms	13VTa
11	22	12		הִכָּ֗ה	5221	HVhp3ms	135ZG
11	22	13		אֵ֣ת	853	HTo	13Wzi
11	22	14		שְׁנֵ֤י	8147	HAcmdc	13Rvo
11	22	15		אֲרִיאֵל֙	739	HNp	13TdV
11	22	16		מוֹאָ֔ב	4124	HNp	13wCZ
11	22	17		וְ֠/הוּא	c/1931	HC/Pp3ms	13rRa
11	22	18		יָרַ֞ד	3381	HVqp3ms	13UgC
11	22	19		וְ/הִכָּ֧ה	c/5221	HC/Vhp3ms	13qBN
11	22	20		אֶֽת	853	HTo	135VV
11	22	21		הָ/אֲרִ֛י	d/738 a	HTd/Ncmsa	13Mo9
11	22	22		בְּ/ת֥וֹךְ	b/8432	HR/Ncmsc	13C5P
11	22	23		הַ/בּ֖וֹר	d/953 a	HTd/Ncmsa	13hyy
11	22	24		בְּ/י֥וֹם	b/3117	HR/Ncmsc	13yJd
11	22	25		הַ/שָּֽׁלֶג	d/7950	HTd/Ncmsa	137h8
11	23	1		וְ/הֽוּא	c/1931	HC/Pp3ms	13EAv
11	23	2		הִכָּה֩	5221	HVhp3ms	13D1Z
11	23	3		אֶת	853	HTo	131Cu
11	23	4		הָ/אִ֨ישׁ	d/376	HTd/Ncmsa	13j6C
11	23	5		הַ/מִּצְרִ֜י	d/4713	HTd/Ngmsa	13aRN
11	23	6		אִ֥ישׁ	376	HNcmsc	13C3d
11	23	7		מִדָּ֣ה	4060 a	HNcfsa	13Lmq
11	23	8		חָמֵ֣שׁ	2568	HAcfsa	13EVf
11	23	9		בָּ/אַמָּ֗ה	b/520 a	HRd/Ncfsa	13eQX
11	23	10		וּ/בְ/יַ֨ד	c/b/3027	HC/R/Ncbsc	13YNf
11	23	11		הַ/מִּצְרִ֤י	d/4713	HTd/Ngmsa	1383b
11	23	12		חֲנִית֙	2595	HNcfsa	135fs
11	23	13		כִּ/מְנ֣וֹר	k/4500	HR/Ncmsc	13ACe
11	23	14		אֹרְגִ֔ים	707	HVqrmpa	13rv7
11	23	15		וַ/יֵּ֥רֶד	c/3381	HC/Vqw3ms	131YK
11	23	16		אֵלָ֖י/ו	413	HR/Sp3ms	13kVU
11	23	17		בַּ/שָּׁ֑בֶט	b/7626	HRd/Ncmsa	13nXq
11	23	18		וַ/יִּגְזֹ֤ל	c/1497	HC/Vqw3ms	13Dcn
11	23	19		אֶֽת	853	HTo	13WDZ
11	23	20		הַ/חֲנִית֙	d/2595	HTd/Ncfsa	13UzN
11	23	21		מִ/יַּ֣ד	m/3027	HR/Ncbsc	13v4E
11	23	22		הַ/מִּצְרִ֔י	d/4713	HTd/Ngmsa	13MrG
11	23	23		וַ/יַּהַרְגֵ֖/הוּ	c/2026	HC/Vqw3ms/Sp3ms	13HT2
11	23	24		בַּ/חֲנִיתֽ/וֹ	b/2595	HR/Ncfsc/Sp3ms	136Qq
11	24	1		אֵ֣לֶּה	428	HPdxcp	13XYe
11	24	2		עָשָׂ֔ה	6213 a	HVqp3ms	1376X
11	24	3		בְּנָיָ֖הוּ	1141	HNp	135Ua
11	24	4		בֶּן	1121 a	HNcmsc	13ebC
11	24	5		יְהוֹיָדָ֑ע	3077	HNp	139hc
11	24	6		וְ/ל/וֹ	c/l	HC/R/Sp3ms	13ovC
11	24	7		שֵׁ֖ם	8034	HNcmsa	13XE9
11	24	8		בִּ/שְׁלוֹשָׁ֥ה	b/7969	HR/Acmsa	136iw
11	24	9		הַ/גִּבֹּרִֽים	d/1368	HTd/Aampa	13eUw
11	25	1		מִן	4480 a	HR	13VkU
11	25	2		הַ/שְּׁלוֹשִׁ֗ים	d/7970	HTd/Acbpa	13dYi
11	25	3		הִנּ֤/וֹ	2005	HTj/Sp3ms	13dMc
11	25	4		נִכְבָּד֙	3513	HVNrmsa	13S8k
11	25	5		ה֔וּא	1931	HPp3ms	13Yf4
11	25	6		וְ/אֶל	c/413	HC/R	131w3
11	25	7		הַ/שְּׁלוֹשָׁ֖ה	d/7969	HTd/Acmsa	13rcB
11	25	8		לֹא	3808	HTn	13pbQ
11	25	9		בָ֑א	935	HVqp3ms	13N9a
11	25	10		וַ/יְשִׂימֵ֥/הוּ	c/7760 a	HC/Vqw3ms/Sp3ms	13kiJ
11	25	11		דָוִ֖יד	1732	HNp	13MRj
11	25	12		עַל	5921 a	HR	13j3M
11	25	13		מִשְׁמַעְתּֽ/וֹ	4928	HNcfsc/Sp3ms	13GBU
11	26	1		וְ/גִבּוֹרֵ֖י	c/1368	HC/Aampc	13bgt
11	26	2		הַ/חֲיָלִ֑ים	d/2428	HTd/Ncmpa	13T6V
11	26	3		עֲשָׂה	6214+	HNp	13yRs
11	26	4		אֵל֙	6214	HNp	13Gbm
11	26	5		אֲחִ֣י	251	HNcmsc	13YSC
11	26	6		יוֹאָ֔ב	3097	HNp	13s2X
11	26	7		אֶלְחָנָ֥ן	445	HNp	13bSC
11	26	8		בֶּן	1121 a	HNcmsc	13bHu
11	26	9		דּוֹד֖וֹ	1734	HNp	13h5C
11	26	10		מִ/בֵּ֥ית	m/1035+	HR/Np	13z6J
11	26	11		לָֽחֶם	1035	HNp	13Hqt
11	27	1		שַׁמּוֹת֙	8054	HNp	13ey4
11	27	2		הַ/הֲרוֹרִ֔י	d/2033	HTd/Ngmsa	13QMs
11	27	3		חֶ֖לֶץ	2503	HNp	13Afb
11	27	4		הַ/פְּלוֹנִֽי	d/6397	HTd/Ngmsa	1327y
11	28	1		עִירָ֤א	5896	HNp	13sEu
11	28	2		בֶן	1121 a	HNcmsc	13rF3
11	28	3		עִקֵּשׁ֙	6142	HNp	13VF8
11	28	4		הַ/תְּקוֹעִ֔י	d/8621	HTd/Ngmsa	13jDj
11	28	5		אֲבִיעֶ֖זֶר	44	HNp	13eBr
11	28	6		הָ/עֲנְּתוֹתִֽי	d/6069	HTd/Ngmsa	13GCu
11	29	1		סִבְּכַי֙	5444	HNp	13rbd
11	29	2		הַ/חֻ֣שָׁתִ֔י	d/2843	HTd/Ngmsa	13YG2
11	29	3		עִילַ֖י	5866	HNp	13kwy
11	29	4		הָ/אֲחוֹחִֽי	d/266	HTd/Ngmsa	133qw
11	30	1		מַהְרַי֙	4121	HNp	13iWa
11	30	2		הַ/נְּטֹ֣פָתִ֔י	d/5200	HTd/Ngmsa	13cUQ
11	30	3		חֵ֥לֶד	2466	HNp	134xN
11	30	4		בֶּֽן	1121 a	HNcmsc	13rXs
11	30	5		בַּֽעֲנָ֖ה	1196	HNp	13M3R
11	30	6		הַ/נְּטוֹפָתִֽי	d/5200	HTd/Ngmsa	13d8N
11	31	1		אִיתַ֣י	863	HNp	13oTd
11	31	2		בֶּן	1121 a	HNcmsc	13owL
11	31	3		רִיבַ֗י	7380	HNp	13QQs
11	31	4		מִ/גִּבְעַת֙	m/1390	HR/Np	132bu
11	31	5		בְּנֵ֣י	1121 a	HNcmpc	13Cj3
11	31	6		בִנְיָמִ֔ן	1144	HNp	13SKp
11	31	7		בְּנָיָ֖ה	1141	HNp	13yJh
11	31	8		הַ/פִּרְעָתֹנִֽי	d/6553	HTd/Ngmsa	13RYV
11	32	1		חוּרַי֙	2360	HNp	13EW6
11	32	2		מִ/נַּ֣חֲלֵי	m/5158 a	HR/Ncmpc	13sNB
11	32	3		גָ֔עַשׁ	1608	HNp	13mk1
11	32	4		אֲבִיאֵ֖ל	22	HNp	13myk
11	32	5		הָ/עַרְבָתִֽי	d/6164	HTd/Ngmsa	13mjE
11	33	1		עַזְמָ֨וֶת֙	5820	HNp	13QJA
11	33	2		הַ/בַּ֣חֲרוּמִ֔י	d/978	HTd/Ngmsa	13CPB
11	33	3		אֶלְיַחְבָּ֖א	455	HNp	13113
11	33	4		הַ/שַּׁעַלְבֹנִֽי	d/8170	HTd/Ngmsa	13wq8
11	34	1		בְּנֵ֗י	1121 a	HNcmpc	13FGW
11	34	2		הָשֵׁם֙	2044	HNp	13Ld7
11	34	3		הַ/גִּ֣זוֹנִ֔י	d/1493	HTd/Ngmsa	13Xo3
11	34	4		יוֹנָתָ֥ן	3129	HNp	13RHX
11	34	5		בֶּן	1121 a	HNcmsc	13BCV
11	34	6		שָׁגֵ֖ה	7681	HNp	13oTL
11	34	7		הַ/הֲרָרִֽי	d/2043	HTd/Ngmsa	13DoL
11	35	1		אֲחִיאָ֧ם	279	HNp	134pE
11	35	2		בֶּן	1121 a	HNcmsc	13DFj
11	35	3		שָׂכָ֛ר	7940	HNp	13rYe
11	35	4		הַ/הֲרָרִ֖י	d/2043	HTd/Ngmsa	13b8e
11	35	5		אֱלִיפַ֥ל	465	HNp	13jni
11	35	6		בֶּן	1121 a	HNcmsc	13Y7m
11	35	7		אֽוּר	218 a	HNp	13sPR
11	36	1		חֵ֚פֶר	2660 a	HNp	135tD
11	36	2		הַ/מְּכֵ֣רָתִ֔י	d/4382	HTd/Ngmsa	13m39
11	36	3		אֲחִיָּ֖ה	281	HNp	13ZsB
11	36	4		הַ/פְּלֹנִֽי	d/6397	HTd/Ngmsa	13VXi
11	37	1		חֶצְרוֹ֙	2695	HNp	13QxV
11	37	2		הַֽ/כַּרְמְלִ֔י	d/3761	HTd/Ngmsa	13c9a
11	37	3		נַעֲרַ֖י	5293	HNp	13v9b
11	37	4		בֶּן	1121 a	HNcmsc	13Sw9
11	37	5		אֶזְבָּֽי	229	HNp	13in2
11	38	1		יוֹאֵל֙	3100	HNp	13cdx
11	38	2		אֲחִ֣י	251	HNcmsc	136gi
11	38	3		נָתָ֔ן	5416	HNp	139nq
11	38	4		מִבְחָ֖ר	4006	HNp	13tmJ
11	38	5		בֶּן	1121 a	HNcmsc	13WgN
11	38	6		הַגְרִֽי	1905	HNp	13m7K
11	39	1		צֶ֖לֶק	6768	HNp	13Qzb
11	39	2		הָ/עַמּוֹנִ֑י	d/5984	HTd/Ngmsa	13DPt
11	39	3		נַחְרַי֙	5171	HNp	13AAx
11	39	4		הַ/בֵּ֣רֹתִ֔י	d/1307	HTd/Ngmsa	13HFs
11	39	5		נֹשֵׂ֕א	5375	HVqrmsa	13duL
11	39	6		כְּלֵ֖י	3627	HNcmpc	13Bdx
11	39	7		יוֹאָ֥ב	3097	HNp	13o2X
11	39	8		בֶּן	1121 a	HNcmsc	13rWy
11	39	9		צְרוּיָֽה	6870	HNp	138Pg
11	40	1		עִירָא֙	5896	HNp	13FxB
11	40	2		הַ/יִּתְרִ֔י	d/3505	HTd/Ngmsa	13eMv
11	40	3		גָּרֵ֖ב	1619	HNp	13DrT
11	40	4		הַ/יִּתְרִֽי	d/3505	HTd/Ngmsa	13uHY
11	41	1		אֽוּרִיָּה֙	223 a	HNp	13F9W
11	41	2		הַ/חִתִּ֔י	d/2850	HTd/Ngmsa	13mRM
11	41	3		זָבָ֖ד	2066	HNp	13aY7
11	41	4		בֶּן	1121 a	HNcmsc	13r3M
11	41	5		אַחְלָֽי	304	HNp	13nzk
11	42	1		עֲדִינָ֨א	5721	HNp	134we
11	42	2		בֶן	1121 a	HNcmsc	13YKJ
11	42	3		שִׁיזָ֜א	7877	HNp	1331a
11	42	4		הָ/רֽאוּבֵנִ֗י	d/7206	HTd/Ngmsa	13yFv
11	42	5		רֹ֛אשׁ	7218 a	HNcmsa	137a7
11	42	6		לָ/רֽאוּבֵנִ֖י	l/7206	HRd/Ngmsa	13wMY
11	42	7		וְ/עָלָ֥י/ו	c/5921 a	HC/R/Sp3ms	13rQi
11	42	8		שְׁלוֹשִֽׁים	7970	HAcbpa	131TM
11	43	1		חָנָן֙	2605	HNp	139HW
11	43	2		בֶּֽן	1121 a	HNcmsc	13Yoz
11	43	3		מַעֲכָ֔ה	4601	HNp	13KFq
11	43	4		וְ/יוֹשָׁפָ֖ט	c/3146	HC/Np	13efx
11	43	5		הַ/מִּתְנִֽי	d/4981	HTd/Ngmsa	13Tt9
11	44	1		עֻזִיָּ֖א	5814	HNp	13yQh
11	44	2		הָ/עֲשְׁתְּרָתִ֑י	d/6254	HTd/Ngmsa	13CAN
11	44	3		שָׁמָע֙	8091	HNp	13Xva
11	44	4	x-ketiv	ו/יעואל	c/3273	HC/Np	13ef9
11	44	5		וִֽ/יעִיאֵ֔ל	c/3273	HC/Np	13JnZ
11	44	6		בְּנֵ֖י	1121 a	HNcmpc	13qg7
11	44	7		חוֹתָ֥ם	2369	HNp	13cSo
11	44	8		הָ/עֲרֹעֵרִֽי	d/6200	HTd/Ngmsa	13Yyj
11	45	1		יְדִֽיעֲאֵל֙	3043	HNp	13opb
11	45	2		בֶּן	1121 a	HNcmsc	133dA
11	45	3		שִׁמְרִ֔י	8113	HNp	13m49
11	45	4		וְ/יֹחָ֥א	c/3109	HC/Np	13HAZ
11	45	5		אָחִ֖י/ו	251	HNcmsc/Sp3ms	1318S
11	45	6		הַ/תִּיצִֽי	d/8491	HTd/Ngmsa	13pvu
11	46	1		אֱלִיאֵל֙	447	HNp	13RzD
11	46	2		הַֽ/מַּחֲוִ֔ים	d/4233	HTd/Ngmpa	13b9d
11	46	3		וִ/ירִיבַ֥י	c/3403	HC/Np	13yKt
11	46	4		וְ/יוֹשַׁוְיָ֖ה	c/3145	HC/Np	13kTv
11	46	5		בְּנֵ֣י	1121 a	HNcmpc	133Zu
11	46	6		אֶלְנָ֑עַם	493	HNp	13cNU
11	46	7		וְ/יִתְמָ֖ה	c/3495	HC/Np	13w93
11	46	8		הַ/מּוֹאָבִֽי	d/4125	HTd/Ngmsa	13hRC
11	47	1		אֱלִיאֵ֣ל	447	HNp	13y8q
11	47	2		וְ/עוֹבֵ֔ד	c/5744	HC/Np	136Us
11	47	3		וְ/יַעֲשִׂיאֵ֖ל	c/3300	HC/Np	137EH
11	47	4		הַ/מְּצֹבָיָֽה	d/4677	HTd/Np	13xEy
12	1	1		וְ/אֵ֗לֶּה	c/428	HC/Pdxcp	13dYW
12	1	2		הַ/בָּאִ֤ים	d/935	HTd/Vqrmpa	13Dbu
12	1	3		אֶל	413	HR	13biE
12	1	4		דָּוִיד֙	1732	HNp	131oc
12	1	5		לְ/צִ֣יקְלַ֔ג	l/6860	HR/Np	13X8S
12	1	6		ע֣וֹד	5750	HD	13spk
12	1	7		עָצ֔וּר	6113	HVqsmsa	13tvc
12	1	8		מִ/פְּנֵ֖י	m/6440	HR/Ncbpc	13Xj8
12	1	9		שָׁא֣וּל	7586	HNp	133ho
12	1	10		בֶּן	1121 a	HNcmsc	13u8J
12	1	11		קִ֑ישׁ	7027	HNp	13pVY
12	1	12		וְ/הֵ֨מָּה֙	c/1992	HC/Pp3mp	13biG
12	1	13		בַּ/גִּבּוֹרִ֔ים	b/1368	HRd/Aampa	13pZy
12	1	14		עֹזְרֵ֖י	5826	HVqrmpc	13q48
12	1	15		הַ/מִּלְחָמָֽה	d/4421	HTd/Ncfsa	13s4E
12	2	1		נֹ֣שְׁקֵי	5401 b	HVqrmpc	13h3h
12	2	2		קֶ֗שֶׁת	7198	HNcfsa	13918
12	2	3		מַיְמִינִ֤ים	3231	HVhrmpa	13oD9
12	2	4		וּ/מַשְׂמִאלִים֙	c/8041	HC/Vhrmpa	13iih
12	2	5		בָּֽ/אֲבָנִ֔ים	b/68	HRd/Ncfpa	13vUK
12	2	6		וּ/בַ/חִצִּ֖ים	c/b/2671	HC/Rd/Ncmpa	13ZDx
12	2	7		בַּ/קָּ֑שֶׁת	b/7198	HRd/Ncfsa	13YCX
12	2	8		מֵ/אֲחֵ֥י	m/251	HR/Ncmpc	13YWB
12	2	9		שָׁא֖וּל	7586	HNp	13tQU
12	2	10		מִ/בִּנְיָמִֽן	m/1144	HR/Np	13CJW
12	3	1		הָ/רֹ֨אשׁ	d/7218 a	HTd/Ncmsa	13Y86
12	3	2		אֲחִיעֶ֜זֶר	295	HNp	139vU
12	3	3		וְ/יוֹאָ֗שׁ	c/3101	HC/Np	139R8
12	3	4		בְּנֵי֙	1121 a	HNcmpc	13moo
12	3	5		הַ/שְּׁמָעָ֣ה	d/8094	HTd/Np	13gAE
12	3	6		הַ/גִּבְעָתִ֔י	d/1395	HTd/Ngmsa	13ZAq
12	3	7	x-ketiv	ו/יזואל	c/3149	HC/Np	13ubx
12	3	8		וִ/יזִיאֵ֥ל	c/3149	HC/Np	13cLd
12	3	9		וָ/פֶ֖לֶט	c/6404	HC/Np	13fc7
12	3	10		בְּנֵ֣י	1121 a	HNcmpc	13zLa
12	3	11		עַזְמָ֑וֶת	5820	HNp	13Dcd
12	3	12		וּ/בְרָכָ֕ה	c/1294	HC/Np	13sHq
12	3	13		וְ/יֵה֖וּא	c/3058	HC/Np	13Z4P
12	3	14		הָ/עֲנְּתֹתִֽי	d/6069	HTd/Ngmsa	13n76
12	4	1		וְ/יִֽשְׁמַֽעְיָ֧ה	c/3460	HC/Np	13bD6
12	4	2		הַ/גִּבְעוֹנִ֛י	d/1393	HTd/Ngmsa	13wcG
12	4	3		גִּבּ֥וֹר	1368	HAamsa	13S4Y
12	4	4		בַּ/שְּׁלֹשִׁ֖ים	b/7970	HRd/Acbpa	13pJA
12	4	5		וְ/עַל	c/5921 a	HC/R	13T7j
12	4	6		הַ/שְּׁלֹשִֽׁים	d/7970	HTd/Acbpa	13fBv
12	5	1		וְ/יִרְמְיָ֤ה	c/3414	HC/Np	13mGL
12	5	2		וְ/יַחֲזִיאֵל֙	c/3166	HC/Np	13m4P
12	5	3		וְ/י֣וֹחָנָ֔ן	c/3076	HC/Np	13YX6
12	5	4		וְ/יוֹזָבָ֖ד	c/3107	HC/Np	13aYb
12	5	5		הַ/גְּדֵרָתִֽי	d/1452	HTd/Ngmsa	13M4g
12	6	1		אֶלְעוּזַ֤י	498	HNp	13WUC
12	6	2		וִ/ירִימוֹת֙	c/3406	HC/Np	13pov
12	6	3		וּ/בְעַלְיָ֣ה	c/1183	HC/Np	133VU
12	6	4		וּ/שְׁמַרְיָ֔הוּ	c/8114	HC/Np	138qr
12	6	5		וּ/שְׁפַטְיָ֖הוּ	c/8203	HC/Np	13Sag
12	6	6	x-ketiv	ה/חריפי	d/2741	HTd/Ngmsa	13awo
12	6	7		הַ/חֲרוּפִֽי	d/2741	HTd/Ngmsa	13FpW
12	7	1		אֶלְקָנָ֡ה	511	HNp	13Q3M
12	7	2		וְ֠/יִשִּׁיָּהוּ	c/3449	HC/Np	13ztj
12	7	3		וַ/עֲזַרְאֵ֧ל	c/5832	HC/Np	13uxE
12	7	4		וְ/יוֹעֶ֛זֶר	c/3134	HC/Np	138qh
12	7	5		וְ/יָשָׁבְעָ֖ם	c/3434	HC/Np	13zk3
12	7	6		הַ/קָּרְחִֽים	d/7145	HTd/Ngmpa	13art
12	8	1		וְ/יוֹעֵאלָ֧ה	c/3132	HC/Np	13XTQ
12	8	2		וּ/זְבַדְיָ֛ה	c/2069	HC/Np	13pgc
12	8	3		בְּנֵ֥י	1121 a	HNcmpc	13nnX
12	8	4		יְרֹחָ֖ם	3395	HNp	139fu
12	8	5		מִן	4480 a	HR	13gcE
12	8	6		הַ/גְּדֽוֹר	d/1446	HTd/Np	13EgB
12	9	1		וּ/מִן	c/4480 a	HC/R	13NgL
12	9	2		הַ/גָּדִ֡י	d/1425	HTd/Ngmsa	13oX6
12	9	3		נִבְדְּל֣וּ	914	HVNp3cp	13JwH
12	9	4		אֶל	413	HR	13LPw
12	9	5		דָּוִיד֩	1732	HNp	13enA
12	9	6		לַ/מְצַ֨ד	l/4679	HRd/Ncfsa	13YX2
12	9	7		מִדְבָּ֜רָ/ה	4057 b	HNcmsa/Sd	13TkZ
12	9	8		גִּבֹּרֵ֣י	1368	HAampc	13VP3
12	9	9		הַ/חַ֗יִל	d/2428	HTd/Ncmsa	139LC
12	9	10		אַנְשֵׁ֤י	376	HNcmpc	136ty
12	9	11		צָבָא֙	6635 a	HNcbsa	13u6K
12	9	12		לַ/מִּלְחָמָ֔ה	l/4421	HRd/Ncfsa	13PQd
12	9	13		עֹרְכֵ֥י	6186 a	HVqrmpc	13MHe
12	9	14		צִנָּ֖ה	6793 c	HNcfsa	13Q1Y
12	9	15		וָ/רֹ֑מַח	c/7420	HC/Ncmsa	13Y4x
12	9	16		וּ/פְנֵ֤י	c/6440	HC/Ncbpc	13RLf
12	9	17		אַרְיֵה֙	738	HNcmsa	13R79
12	9	18		פְּנֵי/הֶ֔ם	6440	HNcbpc/Sp3mp	13xRL
12	9	19		וְ/כִ/צְבָאיִ֥ם	c/k/6643 b	HC/R/Ncbpa	13vxt
12	9	20		עַל	5921 a	HR	1326U
12	9	21		הֶ/הָרִ֖ים	d/2022	HTd/Ncmpa	13ZvP
12	9	22		לְ/מַהֵֽר	l/4116 a	HR/Vpc	132eu
12	10	1		עֵ֖זֶר	5829	HNp	13Xfm
12	10	2		הָ/רֹ֑אשׁ	d/7218 a	HTd/Ncmsa	13sGE
12	10	3		עֹבַדְיָה֙	5662	HNp	136g8
12	10	4		הַ/שֵּׁנִ֔י	d/8145	HTd/Aomsa	13BrJ
12	10	5		אֱלִיאָ֖ב	446	HNp	135mG
12	10	6		הַ/שְּׁלִשִֽׁי	d/7992	HTd/Aomsa	13wJu
12	11	1		מִשְׁמַנָּה֙	4925	HNp	13gKD
12	11	2		הָ/רְבִיעִ֔י	d/7243	HTd/Aomsa	13hca
12	11	3		יִרְמְיָ֖ה	3414	HNp	13khN
12	11	4		הַ/חֲמִשִֽׁי	d/2549	HTd/Aomsa	13nJG
12	12	1		עַתַּי֙	6262	HNp	132W7
12	12	2		הַ/שִּׁשִּׁ֔י	d/8345	HTd/Aomsa	138pa
12	12	3		אֱלִיאֵ֖ל	447	HNp	13QNM
12	12	4		הַ/שְּׁבִעִֽי	d/7637	HTd/Aomsa	13KBD
12	13	1		יֽוֹחָנָן֙	3076	HNp	13i6P
12	13	2		הַ/שְּׁמִינִ֔י	d/8066	HTd/Aomsa	13TCC
12	13	3		אֶלְזָבָ֖ד	443	HNp	136Em
12	13	4		הַ/תְּשִׁיעִֽי	d/8671	HTd/Aomsa	135S4
12	14	1		יִרְמְיָ֨הוּ֙	3414	HNp	13MAJ
12	14	2		הָ/עֲשִׂירִ֔י	d/6224	HTd/Aomsa	13eFY
12	14	3		מַכְבַּנַּ֖י	4344	HNp	139CN
12	14	4		עַשְׁתֵּ֥י	6249	HAobpc	133M5
12	14	5		עָשָֽׂר	6240	HAcmsa	135Ar
12	15	1		אֵ֥לֶּה	428	HPdxcp	13315
12	15	2		מִ/בְּנֵי	m/1121 a	HR/Ncmpc	13EMQ
12	15	3		גָ֖ד	1410	HNp	131qL
12	15	4		רָאשֵׁ֣י	7218 a	HNcmpc	13sHh
12	15	5		הַ/צָּבָ֑א	d/6635 a	HTd/Ncbsa	13nw3
12	15	6		אֶחָ֤ד	259	HAcmsa	13hip
12	15	7		לְ/מֵאָה֙	l/3967	HR/Acbsa	13qKh
12	15	8		הַ/קָּטָ֔ן	d/6996 b	HTd/Aamsa	13K3s
12	15	9		וְ/הַ/גָּד֖וֹל	c/d/1419 a	HC/Td/Aamsa	13Udm
12	15	10		לְ/אָֽלֶף	l/505	HR/Acbsa	13pSF
12	16	1		אֵ֣לֶּה	428	HPdxcp	13wfx
12	16	2		הֵ֗ם	1992	HPp3mp	13rqa
12	16	3		אֲשֶׁ֨ר	834 a	HTr	13ZRa
12	16	4		עָבְר֤וּ	5674 a	HVqp3cp	13XtJ
12	16	5		אֶת	853	HTo	13D2e
12	16	6		הַ/יַּרְדֵּן֙	d/3383	HTd/Np	13Mu5
12	16	7		בַּ/חֹ֣דֶשׁ	b/2320	HRd/Ncmsa	13nSW
12	16	8		הָ/רִאשׁ֔וֹן	d/7223	HTd/Aomsa	138m3
12	16	9		וְ/ה֥וּא	c/1931	HC/Pp3ms	13fBz
12	16	10		מְמַלֵּ֖א	4390	HVprmsa	13yf4
12	16	11		עַל	5921 a	HR	13kib
12	16	12		כָּל	3605	HNcmsc	13yQw
12	16	13	x-ketiv	גדיתי/ו	1428	HNcfpc/Sp3ms	13vAd
12	16	14		גְּדוֹתָ֑י/ו	1415	HNcfpc/Sp3ms	13hNu
12	16	15		וַ/יַּבְרִ֨יחוּ֙	c/1272	HC/Vhw3mp	1393D
12	16	16		אֶת	853	HTo	13Evy
12	16	17		כָּל	3605	HNcmsc	13qSH
12	16	18		הָ֣/עֲמָקִ֔ים	d/6010	HTd/Ncmpa	13vYV
12	16	19		לַ/מִּזְרָ֖ח	l/4217	HRd/Ncmsa	13rDA
12	16	20		וְ/לַֽ/מַּעֲרָֽב	c/l/4628	HC/Rd/Ncmsa	13Z3T
12	17	1		וַ/יָּבֹ֗אוּ	c/935	HC/Vqw3mp	13fn2
12	17	2		מִן	4480 a	HR	134nS
12	17	3		בְּנֵ֤י	1121 a	HNcmpc	139p2
12	17	4		בִנְיָמִן֙	1144	HNp	135Sr
12	17	5		וִֽ/יהוּדָ֔ה	c/3063	HC/Np	13np9
12	17	6		עַד	5704	HR	13au6
12	17	7		לַ/מְצָ֖ד	l/4679	HRd/Ncfsa	13Yj4
12	17	8		לְ/דָוִֽיד	l/1732	HR/Np	13P4Y
12	18	1		וַ/יֵּצֵ֣א	c/3318	HC/Vqw3ms	133AT
12	18	2		דָוִיד֮	1732	HNp	13MMh
12	18	3		לִ/פְנֵי/הֶם֒	l/6440	HR/Ncbpc/Sp3mp	13C6R
12	18	4		וַ/יַּ֨עַן֙	c/6030 b	HC/Vqw3ms	13Tsm
12	18	5		וַ/יֹּ֣אמֶר	c/559	HC/Vqw3ms	13C4T
12	18	6		לָ/הֶ֔ם	l	HR/Sp3mp	13ErU
12	18	7		אִם	518 a	HC	13b1D
12	18	8		לְ/שָׁל֞וֹם	l/7965	HR/Ncmsa	13RBu
12	18	9		בָּאתֶ֤ם	935	HVqp2mp	13DAW
12	18	10		אֵלַ/י֙	413	HR/Sp1cs	13Hip
12	18	11		לְ/עָזְרֵ֔/נִי	l/5826	HR/Vqc/Sp1cs	13rvf
12	18	12		יִֽהְיֶה	1961	HVqi3ms	13EUu
12	18	13		לִּ֧/י	l	HR/Sp1cs	13MRq
12	18	14		עֲלֵי/כֶ֛ם	5921 a	HR/Sp2mp	13Rrp
12	18	15		לֵבָ֖ב	3824	HNcmsa	1317A
12	18	16		לְ/יָ֑חַד	l/3162 a	HR/Ncmsa	13Q4z
12	18	17		וְ/אִֽם	c/518 a	HC/C	13FYp
12	18	18		לְ/רַמּוֹתַ֣/נִי	l/7411 b	HR/Vpc/Sp1cs	138m1
12	18	19		לְ/צָרַ֗/י	l/6862 c	HR/Ncmpc/Sp1cs	138mf
12	18	20		בְּ/לֹ֤א	b/3808	HR/Tn	133kw
12	18	21		חָמָס֙	2555	HNcmsa	13wCh
12	18	22		בְּ/כַפַּ֔/י	b/3709	HR/Ncfdc/Sp1cs	13zrv
12	18	23		יֵ֛רֶא	7200	HVqi3ms	13zCn
12	18	24		אֱלֹהֵ֥י	430	HNcmpc	133zp
12	18	25		אֲבוֹתֵ֖י/נוּ	1	HNcmpc/Sp1cp	13QAE
12	18	26		וְ/יוֹכַֽח	c/3198	HC/Vhi3ms	13jpx
12	19	1		וְ/ר֣וּחַ	c/7307	HC/Ncbsa	13i8q
12	19	2		לָבְשָׁ֗ה	3847	HVqp3fs	13TP4
12	19	3		אֶת	853	HTo	139Ng
12	19	4		עֲמָשַׂי֮	6022	HNp	134MJ
12	19	5		רֹ֣אשׁ	7218 a	HNcmsc	13efU
12	19	6	x-ketiv	ה/שלושים	d/7970	HTd/Acbpa	13R3h
12	19	7		הַ/שָּׁלִישִׁים֒	d/7970	HTd/Acbpa	13icS
12	19	8		לְ/ךָ֤	l	HR/Sp2ms	13hwb
12	19	9		דָוִיד֙	1732	HNp	13rTr
12	19	10		וְ/עִמְּ/ךָ֣	c/5973 a	HC/R/Sp2ms	13bfb
12	19	11		בֶן	1121 a	HNcmsc	13mEa
12	19	12		יִשַׁ֔י	3448	HNp	13ydN
12	19	13		שָׁל֨וֹם	7965	HNcmsa	13HVK
12	19	14		שָׁל֜וֹם	7965	HNcmsa	13jiK
12	19	15		לְ/ךָ֗	l	HR/Sp2ms	13Vqg
12	19	16		וְ/שָׁלוֹם֙	c/7965	HC/Ncmsa	13yTL
12	19	17		לְ/עֹ֣זְרֶ֔/ךָ	l/5826	HR/Vqrmsc/Sp2ms	133Xt
12	19	18		כִּ֥י	3588 a	HC	13dTm
12	19	19		עֲזָרְ/ךָ֖	5826	HVqp3ms/Sp2ms	136o3
12	19	20		אֱלֹהֶ֑י/ךָ	430	HNcmpc/Sp2ms	13cZp
12	19	21		וַ/יְקַבְּלֵ֣/ם	c/6901	HC/Vpw3ms/Sp3mp	13diR
12	19	22		דָּוִ֔יד	1732	HNp	13kEs
12	19	23		וַֽ/יִּתְּנֵ֖/ם	c/5414	HC/Vqw3ms/Sp3mp	13bvu
12	19	24		בְּ/רָאשֵׁ֥י	b/7218 a	HR/Ncmpc	13a1T
12	19	25		הַ/גְּדֽוּד	d/1416	HTd/Ncmsa	13TnP
12	20	1		וּ/מִֽ/מְּנַשֶּׁ֞ה	c/m/4519	HC/R/Np	13JjK
12	20	2		נָפְל֣וּ	5307	HVqp3cp	13PFs
12	20	3		עַל	5921 a	HR	133pH
12	20	4		דָּוִ֗יד	1732	HNp	13eEz
12	20	5		בְּ/בֹא֨/וֹ	b/935	HR/Vqc/Sp3ms	13RwK
12	20	6		עִם	5973 a	HR	13vTf
12	20	7		פְּלִשְׁתִּ֧ים	6430	HNgmpa	13jRy
12	20	8		עַל	5921 a	HR	13kAg
12	20	9		שָׁא֛וּל	7586	HNp	136JK
12	20	10		לַ/מִּלְחָמָ֖ה	l/4421	HRd/Ncfsa	13ibz
12	20	11		וְ/לֹ֣א	c/3808	HC/Tn	136Zt
12	20	12		עֲזָרֻ֑/ם	5826	HVqp3cp/Sp3mp	13Ywk
12	20	13		כִּ֣י	3588 a	HC	132Ag
12	20	14		בְ/עֵצָ֗ה	b/6098	HR/Ncfsa	13Saf
12	20	15		שִׁלְּחֻ֜/הוּ	7971	HVpp3cp/Sp3ms	13KVW
12	20	16		סַרְנֵ֤י	5633 a	HNcmpc	13ybr
12	20	17		פְלִשְׁתִּים֙	6430	HNgmpa	13Rgy
12	20	18		לֵ/אמֹ֔ר	l/559	HR/Vqc	13CDd
12	20	19		בְּ/רָאשֵׁ֕י/נוּ	b/7218 a	HR/Ncmpc/Sp1cp	13Li1
12	20	20		יִפּ֖וֹל	5307	HVqi3ms	13pYz
12	20	21		אֶל	413	HR	13mTQ
12	20	22		אֲדֹנָ֥י/ו	113	HNcmpc/Sp3ms	13yeW
12	20	23		שָׁאֽוּל	7586	HNp	135vv
12	21	1		בְּ/לֶכְתּ֣/וֹ	b/3212	HR/Vqc/Sp3ms	13V6s
12	21	2		אֶל	413	HR	13FCH
12	21	3		צִֽיקְלַ֗ג	6860	HNp	131f5
12	21	4		נָפְל֣וּ	5307	HVqp3cp	13Z5P
12	21	5		עָלָ֣י/ו	5921 a	HR/Sp3ms	135KP
12	21	6		מִֽ/מְּנַשֶּׁ֡ה	m/4519	HR/Np	13qVV
12	21	7		עַ֠דְנַח	5734	HNp	13Pg2
12	21	8		וְ/יוֹזָבָ֤ד	c/3107	HC/Np	13Zue
12	21	9		וִ/ידִֽיעֲאֵל֙	c/3043	HC/Np	13ncc
12	21	10		וּ/מִיכָאֵ֣ל	c/4317	HC/Np	132Dc
12	21	11		וְ/יוֹזָבָ֔ד	c/3107	HC/Np	13gKj
12	21	12		וֶ/אֱלִיה֖וּא	c/453	HC/Np	13fDt
12	21	13		וְ/צִלְּתָ֑י	c/6769	HC/Np	13Zsb
12	21	14		רָאשֵׁ֥י	7218 a	HNcmpc	137ZE
12	21	15		הָ/אֲלָפִ֖ים	d/505	HTd/Acbpa	13zWF
12	21	16		אֲשֶׁ֥ר	834 a	HTr	13XPk
12	21	17		לִ/מְנַשֶּֽׁה	l/4519	HR/Np	13G2M
12	22	1		וְ/הֵ֗מָּה	c/1992	HC/Pp3mp	13hHK
12	22	2		עָזְר֤וּ	5826	HVqp3cp	13a8K
12	22	3		עִם	5973 a	HR	13uiR
12	22	4		דָּוִיד֙	1732	HNp	13sWP
12	22	5		עַֽל	5921 a	HR	13GBG
12	22	6		הַ/גְּד֔וּד	d/1416	HTd/Ncmsa	13acQ
12	22	7		כִּֽי	3588 a	HC	13t1b
12	22	8		גִבּ֥וֹרֵי	1368	HAampc	13aWG
12	22	9		חַ֖יִל	2428	HNcmsa	13G7R
12	22	10		כֻּלָּ֑/ם	3605	HNcmsc/Sp3mp	13AZv
12	22	11		וַ/יִּהְי֥וּ	c/1961	HC/Vqw3mp	13ZFu
12	22	12		שָׂרִ֖ים	8269	HNcmpa	13qRc
12	22	13		בַּ/צָּבָֽא	b/6635 a	HRd/Ncbsa	13882
12	23	1		כִּ֚י	3588 a	HC	13JzX
12	23	2		לְ/עֶת	l/6256	HR/Ncbsc	13EPM
12	23	3		י֣וֹם	3117	HNcmsa	138LY
12	23	4		בְּ/י֔וֹם	b/3117	HR/Ncmsa	13TcQ
12	23	5		יָבֹ֥אוּ	935	HVqi3mp	13CiQ
12	23	6		עַל	5921 a	HR	13PJ7
12	23	7		דָּוִ֖יד	1732	HNp	13kht
12	23	8		לְ/עָזְר֑/וֹ	l/5826	HR/Vqc/Sp3ms	13JpD
12	23	9		עַד	5704	HR	13mnM
12	23	10		לְ/מַחֲנֶ֥ה	l/4264	HR/Ncbsa	13wHF
12	23	11		גָד֖וֹל	1419 a	HAamsa	13yhp
12	23	12		כְּ/מַחֲנֵ֥ה	k/4264	HR/Ncbsc	13U6B
12	23	13		אֱלֹהִֽים	430	HNcmpa	136Li
12	24	1		וְ֠/אֵלֶּה	c/428	HC/Pdxcp	13hin
12	24	2		מִסְפְּרֵ֞י	4557	HNcmpc	13JVU
12	24	3		רָאשֵׁ֤י	7218 a	HNcmpc	13YsH
12	24	4		הֶֽ/חָלוּץ֙	d/2502 b	HTd/Vqsmsa	13Y6g
12	24	5		לַ/צָּבָ֔א	l/6635 a	HRd/Ncbsa	13mjQ
12	24	6		בָּ֥אוּ	935	HVqp3cp	13gFP
12	24	7		עַל	5921 a	HR	13oHn
12	24	8		דָּוִ֖יד	1732	HNp	133wd
12	24	9		חֶבְר֑וֹנָ/ה	2275 a	HNp/Sd	13HXV
12	24	10		לְ/הָסֵ֞ב	l/5437	HR/Vhc	13fTJ
12	24	11		מַלְכ֥וּת	4438	HNcfsc	13gq4
12	24	12		שָׁא֛וּל	7586	HNp	1396j
12	24	13		אֵלָ֖י/ו	413	HR/Sp3ms	13apg
12	24	14		כְּ/פִ֥י	k/6310	HR/Ncmsc	13m2R
12	24	15		יְהוָֽה	3068	HNp	13xro
12	25	1		בְּנֵ֣י	1121 a	HNcmpc	13GFp
12	25	2		יְהוּדָ֔ה	3063	HNp	13rbG
12	25	3		נֹשְׂאֵ֥י	5375	HVqrmpc	139Fz
12	25	4		צִנָּ֖ה	6793 c	HNcfsa	137pF
12	25	5		וָ/רֹ֑מַח	c/7420	HC/Ncmsa	132K9
12	25	6		שֵׁ֧שֶׁת	8337	HAcmsc	13Xqr
12	25	7		אֲלָפִ֛ים	505	HAcbpa	13WuJ
12	25	8		וּ/שְׁמוֹנֶ֥ה	c/8083	HC/Acfsa	13ZHe
12	25	9		מֵא֖וֹת	3967	HAcbpa	13K24
12	25	10		חֲלוּצֵ֥י	2502 b	HVqsmpc	13t3M
12	25	11		צָבָֽא	6635 a	HNcbsa	13nLn
12	26	1		מִן	4480 a	HR	13byF
12	26	2		בְּנֵ֣י	1121 a	HNcmpc	13NQV
12	26	3		שִׁמְע֗וֹן	8095	HNp	13RhE
12	26	4		גִּבּ֤וֹרֵי	1368	HAampc	13JDU
12	26	5		חַ֨יִל֙	2428	HNcmsa	13JCR
12	26	6		לַ/צָּבָ֔א	l/6635 a	HRd/Ncbsa	13D4D
12	26	7		שִׁבְעַ֥ת	7651	HAcmsc	13XqW
12	26	8		אֲלָפִ֖ים	505	HAcbpa	13FeL
12	26	9		וּ/מֵאָֽה	c/3967	HC/Acbsa	13urP
12	27	1		מִן	4480 a	HR	136hR
12	27	2		בְּנֵי֙	1121 a	HNcmpc	13sJT
12	27	3		הַ/לֵּוִ֔י	d/3878	HTd/Np	13eix
12	27	4		אַרְבַּ֥עַת	702	HAcmsc	134SZ
12	27	5		אֲלָפִ֖ים	505	HAcbpa	13ujg
12	27	6		וְ/שֵׁ֥שׁ	c/8337	HC/Acfsa	13n8U
12	27	7		מֵאֽוֹת	3967	HAcbpa	13KFN
12	28	1		וִ/יהוֹיָדָ֖ע	c/3077	HC/Np	13ee6
12	28	2		הַ/נָּגִ֣יד	d/5057	HTd/Ncmsa	13L7f
12	28	3		לְ/אַהֲרֹ֑ן	l/175	HR/Np	13Nkz
12	28	4		וְ/עִמּ֕/וֹ	c/5973 a	HC/R/Sp3ms	13e66
12	28	5		שְׁלֹ֥שֶׁת	7969	HAcmsc	13Xic
12	28	6		אֲלָפִ֖ים	505	HAcbpa	139VK
12	28	7		וּ/שְׁבַ֥ע	c/7651	HC/Acfsa	13MHN
12	28	8		מֵאֽוֹת	3967	HAcbpa	13zWe
12	29	1		וְ/צָד֥וֹק	c/6659	HC/Np	13Toi
12	29	2		נַ֖עַר	5288	HNcmsa	138VV
12	29	3		גִּבּ֣וֹר	1368	HAamsc	13K1b
12	29	4		חָ֑יִל	2428	HNcmsa	13Lgi
12	29	5		וּ/בֵית	c/1004 b	HC/Ncmsc	136Yk
12	29	6		אָבִ֥י/ו	1	HNcmsc/Sp3ms	13yaX
12	29	7		שָׂרִ֖ים	8269	HNcmpa	13LmW
12	29	8		עֶשְׂרִ֥ים	6242	HAcbpa	13YUT
12	29	9		וּ/שְׁנָֽיִם	c/8147	HC/Acmda	13Cts
12	30	1		וּ/מִן	c/4480 a	HC/R	13yqG
12	30	2		בְּנֵ֧י	1121 a	HNcmpc	136ev
12	30	3		בִנְיָמִ֛ן	1144	HNp	13MDh
12	30	4		אֲחֵ֥י	251	HNcmpc	13gZp
12	30	5		שָׁא֖וּל	7586	HNp	13dmq
12	30	6		שְׁלֹ֣שֶׁת	7969	HAcmsc	13RFy
12	30	7		אֲלָפִ֑ים	505	HAcbpa	13U5A
12	30	8		וְ/עַד	c/5704	HC/R	13YEo
12	30	9		הֵ֨נָּה֙	2008	HD	13WW5
12	30	10		מַרְבִּיתָ֔/ם	4768	HNcfsc/Sp3mp	13xB1
12	30	11		שֹׁמְרִ֕ים	8104	HVqrmpa	13Dut
12	30	12		מִשְׁמֶ֖רֶת	4931	HNcfsc	13aAs
12	30	13		בֵּ֥ית	1004 b	HNcmsc	13iR4
12	30	14		שָׁאֽוּל	7586	HNp	13WD5
12	31	1		וּ/מִן	c/4480 a	HC/R	13QVS
12	31	2		בְּנֵ֣י	1121 a	HNcmpc	13Byp
12	31	3		אֶפְרַ֔יִם	669	HNp	13WT7
12	31	4		עֶשְׂרִ֥ים	6242	HAcbpa	13mgg
12	31	5		אֶ֖לֶף	505	HAcbsa	13FtA
12	31	6		וּ/שְׁמוֹנֶ֣ה	c/8083	HC/Acfsa	13Wy2
12	31	7		מֵא֑וֹת	3967	HAcbpa	13LWF
12	31	8		גִּבּ֣וֹרֵי	1368	HAampc	1343f
12	31	9		חַ֔יִל	2428	HNcmsa	13DKG
12	31	10		אַנְשֵׁ֥י	376	HNcmpc	13Zqk
12	31	11		שֵׁמ֖וֹת	8034	HNcmpa	13JHu
12	31	12		לְ/בֵ֥ית	l/1004 b	HR/Ncmsc	13TX2
12	31	13		אֲבוֹתָֽ/ם	1	HNcmpc/Sp3mp	13BVw
12	32	1		וּ/מֵ/חֲצִי֙	c/m/2677	HC/R/Ncmsc	13As7
12	32	2		מַטֵּ֣ה	4294	HNcmsc	135kf
12	32	3		מְנַשֶּׁ֔ה	4519	HNp	13nnm
12	32	4		שְׁמוֹנָ֥ה	8083	HAcmsa	13Skh
12	32	5		עָשָׂ֖ר	6240	HAcmsa	13hML
12	32	6		אָ֑לֶף	505	HAcbsa	13brS
12	32	7		אֲשֶׁ֤ר	834 a	HTr	13wJM
12	32	8		נִקְּבוּ֙	5344 a	HVNp3cp	13H8d
12	32	9		בְּ/שֵׁמ֔וֹת	b/8034	HR/Ncmpa	1348z
12	32	10		לָ/ב֖וֹא	l/935	HR/Vqc	13M8d
12	32	11		לְ/הַמְלִ֥יךְ	l/4427 a	HR/Vhc	13WKe
12	32	12		אֶת	853	HTo	132KH
12	32	13		דָּוִֽיד	1732	HNp	13HGY
12	33	1		וּ/מִ/בְּנֵ֣י	c/m/1121 a	HC/R/Ncmpc	13NxF
12	33	2		יִשָּׂשכָ֗ר	3485	HNp	1362X
12	33	3		יוֹדְעֵ֤י	3045	HVqrmpc	13hQZ
12	33	4		בִינָה֙	998	HNcfsa	131B3
12	33	5		לַֽ/עִתִּ֔ים	l/6256	HRd/Ncbpa	13imA
12	33	6		לָ/דַ֖עַת	l/3045	HR/Vqc	13eZb
12	33	7		מַה	4100	HTi	13Kg3
12	33	8		יַּעֲשֶׂ֣ה	6213 a	HVqi3ms	13L37
12	33	9		יִשְׂרָאֵ֑ל	3478	HNp	13Dbh
12	33	10		רָאשֵׁי/הֶ֣ם	7218 a	HNcmpc/Sp3mp	13GXn
12	33	11		מָאתַ֔יִם	3967	HAcbda	13mmj
12	33	12		וְ/כָל	c/3605	HC/Ncmsc	13vT5
12	33	13		אֲחֵי/הֶ֖ם	251	HNcmpc/Sp3mp	13ia1
12	33	14		עַל	5921 a	HR	13Lgd
12	33	15		פִּי/הֶֽם	6310	HNcmsc/Sp3mp	13GhB
12	34	1		מִ/זְּבֻל֞וּן	m/2074	HR/Np	135PW
12	34	2		יוֹצְאֵ֣י	3318	HVqrmpc	133FW
12	34	3		צָבָ֗א	6635 a	HNcbsa	13jwC
12	34	4		עֹרְכֵ֧י	6186 a	HVqrmpc	13GmR
12	34	5		מִלְחָמָ֛ה	4421	HNcfsa	13xun
12	34	6		בְּ/כָל	b/3605	HR/Ncmsc	13zAv
12	34	7		כְּלֵ֥י	3627	HNcmpc	131c2
12	34	8		מִלְחָמָ֖ה	4421	HNcfsa	13q28
12	34	9		חֲמִשִּׁ֣ים	2572	HAcbpa	138oG
12	34	10		אָ֑לֶף	505	HAcbsa	132L1
12	34	11		וְ/לַ/עֲדֹ֖ר	c/l/5737 a	HC/R/Vqc	13e3V
12	34	12		בְּ/לֹא	b/3808	HR/Tn	13Ae1
12	34	13		לֵ֥ב	3820 a	HNcmsa	13PFr
12	34	14		וָ/לֵֽב	c/3820 a	HC/Ncmsa	13YKm
12	35	1		וּ/מִ/נַּפְתָּלִ֖י	c/m/5321	HC/R/Np	13WHq
12	35	2		שָׂרִ֣ים	8269	HNcmpa	13KxQ
12	35	3		אָ֑לֶף	505	HAcbsa	13NKr
12	35	4		וְ/עִמָּ/הֶם֙	c/5973 a	HC/R/Sp3mp	13LsJ
12	35	5		בְּ/צִנָּ֣ה	b/6793 c	HR/Ncfsa	13bhZ
12	35	6		וַ/חֲנִ֔ית	c/2595	HC/Ncfsa	138nK
12	35	7		שְׁלֹשִׁ֥ים	7970	HAcbpa	13tSz
12	35	8		וְ/שִׁבְעָ֖ה	c/7651	HC/Acmsa	13FE5
12	35	9		אָֽלֶף	505	HAcbsa	13Hxz
12	36	1		וּ/מִן	c/4480 a	HC/R	13B3z
12	36	2		הַ/דָּנִי֙	d/1839	HTd/Ngmsa	13XLq
12	36	3		עֹרְכֵ֣י	6186 a	HVqrmpc	13nB1
12	36	4		מִלְחָמָ֔ה	4421	HNcfsa	13h14
12	36	5		עֶשְׂרִֽים	6242	HAcbpa	13vMU
12	36	6		וּ/שְׁמוֹנָ֥ה	c/8083	HC/Acmsa	13112
12	36	7		אֶ֖לֶף	505	HAcbsa	133fE
12	36	8		וְ/שֵׁ֥שׁ	c/8337	HC/Acfsa	13zMp
12	36	9		מֵאֽוֹת	3967	HAcbpa	13mxd
12	37	1		וּ/מֵ/אָשֵׁ֗ר	c/m/836	HC/R/Np	134ir
12	37	2		יוֹצְאֵ֥י	3318	HVqrmpc	136mr
12	37	3		צָבָ֛א	6635 a	HNcbsa	13bXr
12	37	4		לַ/עֲרֹ֥ךְ	l/6186 a	HR/Vqc	13CCa
12	37	5		מִלְחָמָ֖ה	4421	HNcfsa	13XzH
12	37	6		אַרְבָּעִ֥ים	705	HAcbpa	13DHa
12	37	7		אָֽלֶף	505	HAcbsa	13B8t
12	38	1		וּ/מֵ/עֵ֣בֶר	c/m/5676	HC/R/Ncmsa	13SYU
12	38	2		לַ֠/יַּרְדֵּן	l/3383	HRd/Np	13YnQ
12	38	3		מִן	4480 a	HR	13Z2g
12	38	4		הָ/ראוּבֵנִ֨י	d/7206	HTd/Ngmsa	136oJ
12	38	5		וְ/הַ/גָּדִ֜י	c/d/1425	HC/Td/Ngmsa	13mxb
12	38	6		וַ/חֲצִ֣י	c/2677	HC/Ncmsc	13cxS
12	38	7		שֵׁ֣בֶט	7626	HNcmsc	13YtD
12	38	8		מְנַשֶּׁ֗ה	4519	HNp	13uia
12	38	9		בְּ/כֹל֙	b/3605	HR/Ncmsc	13B8N
12	38	10		כְּלֵי֙	3627	HNcmpc	138DB
12	38	11		צְבָ֣א	6635 a	HNcbsc	13tUc
12	38	12		מִלְחָמָ֔ה	4421	HNcfsa	13w3D
12	38	13		מֵאָ֥ה	3967	HAcbsa	13gJP
12	38	14		וְ/עֶשְׂרִ֖ים	c/6242	HC/Acbpa	13j3e
12	38	15		אָֽלֶף	505	HAcbsa	13Cfv
12	39	1		כָּל	3605	HNcmsc	13q1p
12	39	2		אֵ֜לֶּה	428	HPdxcp	13g8J
12	39	3		אַנְשֵׁ֣י	376	HNcmpc	139QM
12	39	4		מִלְחָמָה֮	4421	HNcfsa	13Sgb
12	39	5		עֹדְרֵ֣י	6186 a	HVqrmpc	13t8Y
12	39	6		מַעֲרָכָה֒	4634	HNcfsa	13KTA
12	39	7		בְּ/לֵבָ֤ב	b/8003	HR/Ncmsa	13nVn
12	39	8		שָׁלֵם֙	3824	HAamsa	13rN2
12	39	9		בָּ֣אוּ	935	HVqp3cp	13tXE
12	39	10		חֶבְר֔וֹנָ/ה	2275 a	HNp/Sd	13Amo
12	39	11		לְ/הַמְלִ֥יךְ	l/4427 a	HR/Vhc	13tLv
12	39	12		אֶת	853	HTo	13z69
12	39	13		דָּוִ֖יד	1732	HNp	13ync
12	39	14		עַל	5921 a	HR	138fH
12	39	15		כָּל	3605	HNcmsc	13t7b
12	39	16		יִשְׂרָאֵ֑ל	3478	HNp	138o8
12	39	17		וְ֠/גַם	c/1571	HC/Ta	136Wa
12	39	18		כָּל	3605	HNcmsc	13uj4
12	39	19		שֵׁרִ֧ית	7611	HNcfsc	13Rhy
12	39	20		יִשְׂרָאֵ֛ל	3478	HNp	136gh
12	39	21		לֵ֥ב	3820 a	HNcmsa	132w9
12	39	22		אֶחָ֖ד	259	HAcmsa	13y4p
12	39	23		לְ/הַמְלִ֥יךְ	l/4427 a	HR/Vhc	13bSv
12	39	24		אֶת	853	HTo	13LRa
12	39	25		דָּוִֽיד	1732	HNp	13mX8
12	40	1		וַ/יִּהְיוּ	c/1961	HC/Vqw3mp	13mV2
12	40	2		שָׁ֤ם	8033	HD	13t7q
12	40	3		עִם	5973 a	HR	13cXi
12	40	4		דָּוִיד֙	1732	HNp	13d7W
12	40	5		יָמִ֣ים	3117	HNcmpa	13Sin
12	40	6		שְׁלוֹשָׁ֔ה	7969	HAcmsa	135Jk
12	40	7		אֹכְלִ֖ים	398	HVqrmpa	13iSM
12	40	8		וְ/שׁוֹתִ֑ים	c/8354	HC/Vqrmpa	13vpV
12	40	9		כִּֽי	3588 a	HC	13gVD
12	40	10		הֵכִ֥ינוּ	3559 a	HVhp3cp	13kVy
12	40	11		לָ/הֶ֖ם	l	HR/Sp3mp	13S4D
12	40	12		אֲחֵי/הֶֽם	251	HNcmpc/Sp3mp	13SxU
12	41	1		וְ/גַ֣ם	c/1571	HC/Ta	13Z54
12	41	2		הַ/קְּרֽוֹבִים	d/7138	HTd/Aampa	133Xf
12	41	3		אֲ֠לֵי/הֶם	413	HR/Sp3mp	13JWr
12	41	4		עַד	5704	HR	13f43
12	41	5		יִשָׂשכָ֨ר	3485	HNp	13hFp
12	41	6		וּ/זְבֻל֜וּן	c/2074	HC/Np	13fgh
12	41	7		וְ/נַפְתָּלִ֗י	c/5321	HC/Np	13YsB
12	41	8		מְבִיאִ֣ים	935	HVhrmpa	13PRQ
12	41	9		לֶ֡חֶם	3899	HNcbsa	13dUa
12	41	10		בַּ/חֲמוֹרִ֣ים	b/2543	HRd/Ncbpa	13sYy
12	41	11		וּ/בַ/גְּמַלִּ֣ים	c/b/1581	HC/Rd/Ncmpa	13fdJ
12	41	12		וּ/בַ/פְּרָדִ֣ים	c/b/6505	HC/Rd/Ncmpa	13Bkg
12	41	13		וּֽ/בַ/בָּקָ֡ר	c/b/1241	HC/Rd/Ncbsa	133kt
12	41	14		מַאֲכָ֡ל	3978	HNcmsa	13zPh
12	41	15		קֶ֠מַח	7058	HNcmsa	1328Z
12	41	16		דְּבֵלִ֨ים	1690	HNcfpa	13scJ
12	41	17		וְ/צִמּוּקִ֧ים	c/6778	HC/Ncmpa	13U5T
12	41	18		וְ/יַֽיִן	c/3196	HC/Ncmsa	13cuM
12	41	19		וְ/שֶׁ֛מֶן	c/8081	HC/Ncmsa	13Js8
12	41	20		וּ/בָקָ֥ר	c/1241	HC/Ncbsa	13nt3
12	41	21		וְ/צֹ֖אן	c/6629	HC/Ncbsa	13VkC
12	41	22		לָ/רֹ֑ב	l/7230	HR/Ncbsa	13nou
12	41	23		כִּ֥י	3588 a	HC	13P34
12	41	24		שִׂמְחָ֖ה	8057	HNcfsa	13xcW
12	41	25		בְּ/יִשְׂרָאֵֽל	b/3478	HR/Np	13vsd
13	1	1		וַ/יִּוָּעַ֣ץ	c/3289	HC/VNw3ms	13evR
13	1	2		דָּוִ֗יד	1732	HNp	134vP
13	1	3		עִם	5973 a	HR	13wdA
13	1	4		שָׂרֵ֧י	8269	HNcmpc	13RZq
13	1	5		הָ/אֲלָפִ֛ים	d/505	HTd/Acbpa	13tWF
13	1	6		וְ/הַ/מֵּא֖וֹת	c/d/3967	HC/Td/Acbpa	13n2n
13	1	7		לְ/כָל	l/3605	HR/Ncmsc	13Ycg
13	1	8		נָגִֽיד	5057	HNcmsa	13TCv
13	2	1		וַ/יֹּ֨אמֶר	c/559	HC/Vqw3ms	13QXK
13	2	2		דָּוִ֜יד	1732	HNp	135zK
13	2	3		לְ/כֹ֣ל	l/3605	HR/Ncmsc	13kjj
13	2	4		קְהַ֣ל	6951	HNcmsc	13Ja6
13	2	5		יִשְׂרָאֵ֗ל	3478	HNp	134n4
13	2	6		אִם	518 a	HC	138MY
13	2	7		עֲלֵי/כֶ֨ם	5921 a	HR/Sp2mp	13wqE
13	2	8		ט֜וֹב	2895	HAamsa	13agQ
13	2	9		וּ/מִן	c/4480 a	HC/R	13TdF
13	2	10		יְהוָ֣ה	3068	HNp	136uC
13	2	11		אֱלֹהֵ֗י/נוּ	430	HNcmpc/Sp1cp	13hdS
13	2	12		נִפְרְצָה֙	6555	HVqh1cp	13Prc
13	2	13		נִשְׁלְחָ֞ה	7971	HVqh1cp	137wA
13	2	14		עַל	5921 a	HR	13mxY
13	2	15		אַחֵ֣י/נוּ	251	HNcmpc/Sp1cp	13F8v
13	2	16		הַ/נִּשְׁאָרִ֗ים	d/7604	HTd/VNrmpa	136CL
13	2	17		בְּ/כֹל֙	b/3605	HR/Ncmsc	13mjS
13	2	18		אַרְצ֣וֹת	776	HNcbpc	13dzV
13	2	19		יִשְׂרָאֵ֔ל	3478	HNp	13G8J
13	2	20		וְ/עִמָּ/הֶ֛ם	c/5973 a	HC/R/Sp3mp	13pBn
13	2	21		הַ/כֹּהֲנִ֥ים	d/3548	HTd/Ncmpa	13Ecc
13	2	22		וְ/הַ/לְוִיִּ֖ם	c/d/3881	HC/Td/Ngmpa	13WaP
13	2	23		בְּ/עָרֵ֣י	b/5892 b	HR/Ncfpc	13x2T
13	2	24		מִגְרְשֵׁי/הֶ֑ם	4054	HNcmpc/Sp3mp	13HSC
13	2	25		וְ/יִקָּבְצ֖וּ	c/6908	HC/VNi3mp	13sU3
13	2	26		אֵלֵֽי/נוּ	413	HR/Sp1cp	13mBa
13	3	1		וְ/נָסֵ֛בָּה	c/5437	HC/Vhh1cp	13XXV
13	3	2		אֶת	853	HTo	13vSJ
13	3	3		אֲר֥וֹן	727	HNcbsc	13VpS
13	3	4		אֱלֹהֵ֖י/נוּ	430	HNcmpc/Sp1cp	13hub
13	3	5		אֵלֵ֑י/נוּ	413	HR/Sp1cp	13NfR
13	3	6		כִּי	3588 a	HC	139bN
13	3	7		לֹ֥א	3808	HTn	13k15
13	3	8		דְרַשְׁנֻ֖/הוּ	1875	HVqp1cp/Sp3ms	13UXx
13	3	9		בִּ/ימֵ֥י	b/3117	HR/Ncmpc	13hup
13	3	10		שָׁאֽוּל	7586	HNp	137an
13	4	1		וַ/יֹּאמְר֥וּ	c/559	HC/Vqw3mp	13MJY
13	4	2		כָֽל	3605	HNcmsc	13yhT
13	4	3		הַ/קָּהָ֖ל	d/6951	HTd/Ncmsa	13PxD
13	4	4		לַ/עֲשׂ֣וֹת	l/6213 a	HR/Vqc	13H1z
13	4	5		כֵּ֑ן	3651 c	HTm	13kYj
13	4	6		כִּֽי	3588 a	HC	13RHd
13	4	7		יָשַׁ֥ר	3474	HVqp3ms	13LYs
13	4	8		הַ/דָּבָ֖ר	d/1697	HTd/Ncmsa	135iP
13	4	9		בְּ/עֵינֵ֥י	b/5869 a	HR/Ncbdc	13Wm3
13	4	10		כָל	3605	HNcmsc	13TsQ
13	4	11		הָ/עָֽם	d/5971 a	HTd/Ncmsa	13fuL
13	5	1		וַ/יַּקְהֵ֤ל	c/6950	HC/Vhw3ms	13HAP
13	5	2		דָּוִיד֙	1732	HNp	13jLC
13	5	3		אֶת	853	HTo	13adr
13	5	4		כָּל	3605	HNcmsc	13f5u
13	5	5		יִשְׂרָאֵ֔ל	3478	HNp	13cU4
13	5	6		מִן	4480 a	HR	13TnS
13	5	7		שִׁיח֥וֹר	7883	HNp	13odJ
13	5	8		מִצְרַ֖יִם	4714	HNp	13bVo
13	5	9		וְ/עַד	c/5704	HC/R	13tkF
13	5	10		לְב֣וֹא	935	HNp	13xeK
13	5	11		חֲמָ֑ת	2574	HNp	137FR
13	5	12		לְ/הָבִיא֙	l/935	HR/Vhc	133fY
13	5	13		אֶת	853	HTo	134sy
13	5	14		אֲר֣וֹן	727	HNcbsc	13xWC
13	5	15		הָ/אֱלֹהִ֔ים	d/430	HTd/Ncmpa	13Kn3
13	5	16		מִ/קִּרְיַ֖ת	m/7157+	HR/Np	13ifk
13	5	17		יְעָרִֽים	7157	HNp	13TaB
13	6	1		וַ/יַּ֨עַל	c/5927	HC/Vqw3ms	13gyf
13	6	2		דָּוִ֤יד	1732	HNp	13aga
13	6	3		וְ/כָל	c/3605	HC/Ncmsc	13Vy3
13	6	4		יִשְׂרָאֵל֙	3478	HNp	13A9Y
13	6	5		בַּעֲלָ֔תָ/ה	1173	HNp/Sd	13D7i
13	6	6		אֶל	413	HR	13ing
13	6	7		קִרְיַ֥ת	7157+	HNp	13meH
13	6	8		יְעָרִ֖ים	7157	HNp	13Do2
13	6	9		אֲשֶׁ֣ר	834 a	HTr	13CBX
13	6	10		לִ/יהוּדָ֑ה	l/3063	HR/Np	131D5
13	6	11		לְ/הַעֲל֣וֹת	l/5927	HR/Vhc	13xwi
13	6	12		מִ/שָּׁ֗ם	m/8033	HR/D	13SM8
13	6	13		אֵת֩	853	HTo	13vUR
13	6	14		אֲר֨וֹן	727	HNcbsc	13PNk
13	6	15		הָ/אֱלֹהִ֧ים	d/430	HTd/Ncmpa	13tL1
13	6	16		יְהוָ֛ה	3068	HNp	13jNR
13	6	17		יוֹשֵׁ֥ב	3427	HVqrmsa	13zpg
13	6	18		הַ/כְּרוּבִ֖ים	d/3742	HTd/Ncmpa	13HB7
13	6	19		אֲשֶׁר	834 a	HTr	13BkQ
13	6	20		נִקְרָ֥א	7121	HVNp3ms	13PD3
13	6	21		שֵֽׁם	8034	HNcmsa	13FWp
13	7	1		וַ/יַּרְכִּ֜יבוּ	c/7392	HC/Vhw3mp	132oV
13	7	2		אֶת	853	HTo	13ghg
13	7	3		אֲר֤וֹן	727	HNcbsc	13x5M
13	7	4		הָ/אֱלֹהִים֙	d/430	HTd/Ncmpa	13ViT
13	7	5		עַל	5921 a	HR	13jka
13	7	6		עֲגָלָ֣ה	5699	HNcfsa	13Hyg
13	7	7		חֲדָשָׁ֔ה	2319	HAafsa	133BN
13	7	8		מִ/בֵּ֖ית	m/1004 b	HR/Ncmsc	13Gqg
13	7	9		אֲבִינָדָ֑ב	41	HNp	136Rj
13	7	10		וְ/עֻזָּ֣א	c/5798 a	HC/Np	13bzr
13	7	11		וְ/אַחְי֔וֹ	c/283	HC/Np	13nXP
13	7	12		נֹהֲגִ֖ים	5090 a	HVqrmpa	13ceA
13	7	13		בָּ/עֲגָלָֽה	b/5699	HRd/Ncfsa	13Baa
13	8	1		וְ/דָוִ֣יד	c/1732	HC/Np	13rR7
13	8	2		וְ/כָל	c/3605	HC/Ncmsc	135jH
13	8	3		יִשְׂרָאֵ֗ל	3478	HNp	135us
13	8	4		מְשַׂחֲקִ֛ים	7832	HVprmpa	13Kgs
13	8	5		לִ/פְנֵ֥י	l/6440	HR/Ncbpc	13Zij
13	8	6		הָ/אֱלֹהִ֖ים	d/430	HTd/Ncmpa	13VE6
13	8	7		בְּ/כָל	b/3605	HR/Ncmsc	13iDE
13	8	8		עֹ֑ז	5797	HNcmsa	13dza
13	8	9		וּ/בְ/שִׁירִ֤ים	c/b/7892 a	HC/R/Ncbpa	13FBM
13	8	10		וּ/בְ/כִנֹּרוֹת֙	c/b/3658	HC/R/Ncmpa	13RBD
13	8	11		וּ/בִ/נְבָלִ֣ים	c/b/5035 b	HC/R/Ncmpa	13u19
13	8	12		וּ/בְ/תֻפִּ֔ים	c/b/8596	HC/R/Ncmpa	13cT3
13	8	13		וּ/בִ/מְצִלְתַּ֖יִם	c/b/4700	HC/R/Ncfda	13KA6
13	8	14		וּ/בַ/חֲצֹצְרֽוֹת	c/b/2689	HC/R/Ncfpa	13c6h
13	9	1		וַ/יָּבֹ֖אוּ	c/935	HC/Vqw3mp	13oqA
13	9	2		עַד	5704	HR	13FwU
13	9	3		גֹּ֣רֶן	1637	HNcbsc	139Yo
13	9	4		כִּידֹ֑ן	3592	HNp	13jBe
13	9	5		וַ/יִּשְׁלַ֨ח	c/7971	HC/Vqw3ms	13t1Z
13	9	6		עֻזָּ֜א	5798 a	HNp	13hvs
13	9	7		אֶת	853	HTo	13J2L
13	9	8		יָד֗/וֹ	3027	HNcbsc/Sp3ms	13c7R
13	9	9		לֶ/אֱחֹז֙	l/270	HR/Vqc	13Yoy
13	9	10		אֶת	853	HTo	13HqH
13	9	11		הָ֣/אָר֔וֹן	d/727	HTd/Ncbsa	13fWw
13	9	12		כִּ֥י	3588 a	HC	13HSo
13	9	13		שָֽׁמְט֖וּ	8058	HVqp3cp	135Sv
13	9	14		הַ/בָּקָֽר	d/1241	HTd/Ncbsa	13jaB
13	10	1		וַ/יִּֽחַר	c/2734	HC/Vqw3ms	13wNv
13	10	2		אַ֤ף	639	HTa	13V6g
13	10	3		יְהוָה֙	3068	HNp	13jfK
13	10	4		בְּ/עֻזָּ֔א	b/5798 a	HR/Np	13yXw
13	10	5		וַ/יַּכֵּ֕/הוּ	c/5221	HC/Vhw3ms/Sp3ms	13x5y
13	10	6		עַ֛ל	5921 a	HR	13b7a
13	10	7		אֲשֶׁר	834 a	HTr	13TNv
13	10	8		שָׁלַ֥ח	7971	HVqp3ms	13Eb5
13	10	9		יָד֖/וֹ	3027	HNcbsc/Sp3ms	13hZ8
13	10	10		עַל	5921 a	HR	13iYK
13	10	11		הָ/אָר֑וֹן	d/727	HTd/Ncbsa	13z3c
13	10	12		וַ/יָּ֥מָת	c/4191	HC/Vqw3ms	13B7n
13	10	13		שָׁ֖ם	8033	HD	13C22
13	10	14		לִ/פְנֵ֥י	l/6440	HR/Ncbpc	13kX9
13	10	15		אֱלֹהִֽים	430	HNcmpa	133n3
13	11	1		וַ/יִּ֣חַר	c/2734	HC/Vqw3ms	13cMk
13	11	2		לְ/דָוִ֔יד	l/1732	HR/Np	13Jpy
13	11	3		כִּֽי	3588 a	HC	13Nka
13	11	4		פָרַ֧ץ	6555	HVqp3ms	138Wu
13	11	5		יְהוָ֛ה	3068	HNp	13Jgp
13	11	6		פֶּ֖רֶץ	6556	HNcmsa	13CXM
13	11	7		בְּ/עֻזָּ֑א	b/5798 a	HR/Np	133R8
13	11	8		וַ/יִּקְרָ֞א	c/7121	HC/Vqw3ms	13d1m
13	11	9		לַ/מָּק֤וֹם	l/4725	HRd/Ncmsa	13EHw
13	11	10		הַ/הוּא֙	d/1931	HTd/Pp3ms	13hPq
13	11	11		פֶּ֣רֶץ	6560+	HNp	13oBv
13	11	12		עֻזָּ֔א	6560	HNp	13FXM
13	11	13		עַ֖ד	5704	HR	13qQy
13	11	14		הַ/יּ֥וֹם	d/3117	HTd/Ncmsa	13vXa
13	11	15		הַ/זֶּֽה	d/2088	HTd/Pdxms	136pa
13	12	1		וַ/יִּירָ֤א	c/3372	HC/Vqw3ms	13XBs
13	12	2		דָוִיד֙	1732	HNp	134Sd
13	12	3		אֶת	853	HTo	13ic3
13	12	4		הָ֣/אֱלֹהִ֔ים	d/430	HTd/Ncmpa	13Wo6
13	12	5		בַּ/יּ֥וֹם	b/3117	HRd/Ncmsa	13EGe
13	12	6		הַ/ה֖וּא	d/1931	HTd/Pp3ms	13D3g
13	12	7		לֵ/אמֹ֑ר	l/559	HR/Vqc	13ZxC
13	12	8		הֵ֚יךְ	1963	HTi	13ocE
13	12	9		אָבִ֣יא	935	HVhi1cs	135NY
13	12	10		אֵלַ֔/י	413	HR/Sp1cs	13ZXC
13	12	11		אֵ֖ת	853	HTo	13bW5
13	12	12		אֲר֥וֹן	727	HNcbsc	13ahu
13	12	13		הָ/אֱלֹהִֽים	d/430	HTd/Ncmpa	13wEv
13	13	1		וְ/לֹֽא	c/3808	HC/Tn	13owX
13	13	2		הֵסִ֨יר	5493	HVhp3ms	13ece
13	13	3		דָּוִ֧יד	1732	HNp	13cUM
13	13	4		אֶת	853	HTo	13K7y
13	13	5		הָ/אָר֛וֹן	d/727	HTd/Ncbsa	13zfg
13	13	6		אֵלָ֖י/ו	413	HR/Sp3ms	13eSi
13	13	7		אֶל	413	HR	13Rkx
13	13	8		עִ֣יר	5892 b	HNcfsc	13WU8
13	13	9		דָּוִ֑יד	1732	HNp	13FCx
13	13	10		וַ/יַּטֵּ֕/הוּ	c/5186	HC/Vhw3ms/Sp3ms	13zYs
13	13	11		אֶל	413	HR	13t82
13	13	12		בֵּ֥ית	1004 b	HNcmsc	13Lnu
13	13	13		עֹבֵֽד	5654+	HNp	13ko3
13	13	14		אֱדֹ֖ם	5654	HNp	13LAQ
13	13	15		הַ/גִּתִּֽי	d/1663	HTd/Ngmsa	13kre
13	14	1		וַ/יֵּשֶׁב֩	c/3427	HC/Vqw3ms	134VQ
13	14	2		אֲר֨וֹן	727	HNcbsc	13vXv
13	14	3		הָ/אֱלֹהִ֜ים	d/430	HTd/Ncmpa	13aca
13	14	4		עִם	5973 a	HR	13B8J
13	14	5		בֵּ֨ית	1004 b	HNcmsc	136iZ
13	14	6		עֹבֵ֥ד	5654+	HNp	13qCy
13	14	7		אֱדֹ֛ם	5654	HNp	13jG7
13	14	8		בְּ/בֵית֖/וֹ	b/1004 b	HR/Ncmsc/Sp3ms	13C4J
13	14	9		שְׁלֹשָׁ֣ה	7969	HAcmsa	13Xc8
13	14	10		חֳדָשִׁ֑ים	2320	HNcmpa	13q7V
13	14	11		וַ/יְבָ֧רֶךְ	c/1288	HC/Vpw3ms	133hw
13	14	12		יְהוָ֛ה	3068	HNp	13qQm
13	14	13		אֶת	853	HTo	13tA2
13	14	14		בֵּ֥ית	1004 b	HNcmsc	139ZJ
13	14	15		עֹבֵֽד	5654+	HNp	138mZ
13	14	16		אֱדֹ֖ם	5654	HNp	133dL
13	14	17		וְ/אֶת	c/853	HC/To	13nqx
13	14	18		כָּל	3605	HNcmsc	13kZH
13	14	19		אֲשֶׁר	834 a	HTr	136Ly
13	14	20		לֽ/וֹ	l	HR/Sp3ms	13Azm
14	1	1		וַ֠/יִּשְׁלַח	c/7971	HC/Vqw3ms	13AuX
14	1	2	x-ketiv	חירם	2438	HNp	13gS3
14	1	3		חוּרָ֨ם	2438	HNp	13WLs
14	1	4		מֶֽלֶךְ	4428	HNcmsc	1372j
14	1	5		צֹ֥ר	6865	HNp	13JA8
14	1	6		מַלְאָכִים֮	4397	HNcmpa	1333v
14	1	7		אֶל	413	HR	13cuG
14	1	8		דָּוִיד֒	1732	HNp	13F8H
14	1	9		וַ/עֲצֵ֣י	c/6086	HC/Ncmpc	132fZ
14	1	10		אֲרָזִ֔ים	730	HNcmpa	139FM
14	1	11		וְ/חָרָשֵׁ֣י	c/2796	HC/Ncmpc	139zz
14	1	12		קִ֔יר	7023	HNcmsa	138WW
14	1	13		וְ/חָרָשֵׁ֖י	c/2796	HC/Ncmpc	13Ztw
14	1	14		עֵצִ֑ים	6086	HNcmpa	13Rro
14	1	15		לִ/בְנ֥וֹת	l/1129	HR/Vqc	13ymu
14	1	16		ל֖/וֹ	l	HR/Sp3ms	13RrX
14	1	17		בָּֽיִת	1004 b	HNcmsa	13omm
14	2	1		וַ/יֵּ֣דַע	c/3045	HC/Vqw3ms	13LfE
14	2	2		דָּוִ֔יד	1732	HNp	13KT7
14	2	3		כִּֽי	3588 a	HC	13fGo
14	2	4		הֱכִינ֧/וֹ	3559 a	HVhp3ms/Sp3ms	13EoR
14	2	5		יְהוָ֛ה	3068	HNp	13LQH
14	2	6		לְ/מֶ֖לֶךְ	l/4428	HR/Ncmsa	13bmm
14	2	7		עַל	5921 a	HR	13oHh
14	2	8		יִשְׂרָאֵ֑ל	3478	HNp	13Wc4
14	2	9		כִּֽי	3588 a	HC	13Khc
14	2	10		נִשֵּׂ֤את	5375	HVNp3fs	13Ghm
14	2	11		לְ/מַ֨עְלָ/ה֙	l/4605	HR/D/Sd	13FVs
14	2	12		מַלְכוּת֔/וֹ	4438	HNcfsc/Sp3ms	13fZC
14	2	13		בַּ/עֲב֖וּר	b/5668	HR/Ncmsc	13jvx
14	2	14		עַמּ֥/וֹ	5971 a	HNcmsc/Sp3ms	13qwG
14	2	15		יִשְׂרָאֵֽל	3478	HNp	13k7i
14	3	1		וַ/יִּקַּ֨ח	c/3947	HC/Vqw3ms	13Yp6
14	3	2		דָּוִ֥יד	1732	HNp	13VcG
14	3	3		ע֛וֹד	5750	HD	13ehE
14	3	4		נָשִׁ֖ים	802	HNcfpa	13hvg
14	3	5		בִּ/ירוּשָׁלִָ֑ם	b/3389	HR/Np	135Zp
14	3	6		וַ/יּ֧וֹלֶד	c/3205	HC/Vhw3ms	13Nw9
14	3	7		דָּוִ֛יד	1732	HNp	13MNP
14	3	8		ע֖וֹד	5750	HD	13kig
14	3	9		בָּנִ֥ים	1121 a	HNcmpa	13rHR
14	3	10		וּ/בָנֽוֹת	c/1323	HC/Ncfpa	13vq2
14	4	1		וְ/אֵ֨לֶּה֙	c/428	HC/Pdxcp	13Exx
14	4	2		שְׁמ֣וֹת	8034	HNcmpc	13vaE
14	4	3		הַ/יְלוּדִ֔ים	d/3205	HTd/Vqsmpa	13H2u
14	4	4		אֲשֶׁ֥ר	834 a	HTr	13iog
14	4	5		הָיוּ	1961	HVqp3cp	13ZR9
14	4	6		ל֖/וֹ	l	HR/Sp3ms	13z2U
14	4	7		בִּ/ירוּשָׁלִָ֑ם	b/3389	HR/Np	13rrY
14	4	8		שַׁמּ֣וּעַ	8051	HNp	13bPn
14	4	9		וְ/שׁוֹבָ֔ב	c/7727	HC/Np	13cD3
14	4	10		נָתָ֖ן	5416	HNp	13cLr
14	4	11		וּ/שְׁלֹמֹֽה	c/8010	HC/Np	13Qpi
14	5	1		וְ/יִבְחָ֥ר	c/2984	HC/Np	13p6Q
14	5	2		וֶ/אֱלִישׁ֖וּעַ	c/474	HC/Np	13dvn
14	5	3		וְ/אֶלְפָּֽלֶט	c/467	HC/Np	13eV2
14	6	1		וְ/נֹ֥גַהּ	c/5052	HC/Np	13Juw
14	6	2		וְ/נֶ֖פֶג	c/5298	HC/Np	13f7A
14	6	3		וְ/יָפִֽיעַ	c/3309	HC/Np	13nU3
14	7	1		וֶ/אֱלִישָׁמָ֥ע	c/476	HC/Np	13i3X
14	7	2		וּ/בְעֶלְיָדָ֖ע	c/1182	HC/Np	13cws
14	7	3		וֶ/אֱלִיפָֽלֶט	c/467	HC/Np	13jKx
14	8	1		וַ/יִּשְׁמְע֣וּ	c/8085	HC/Vqw3mp	13wes
14	8	2		פְלִשְׁתִּ֗ים	6430	HNgmpa	13i2Q
14	8	3		כִּי	3588 a	HC	13PGa
14	8	4		נִמְשַׁ֨ח	4886	HVNp3ms	13qpS
14	8	5		דָּוִ֤יד	1732	HNp	13TaF
14	8	6		לְ/מֶ֨לֶךְ֙	l/4428	HR/Ncmsa	13d9X
14	8	7		עַל	5921 a	HR	13DJK
14	8	8		כָּל	3605	HNcmsc	13yuf
14	8	9		יִשְׂרָאֵ֔ל	3478	HNp	13BaE
14	8	10		וַ/יַּעֲל֥וּ	c/5927	HC/Vqw3mp	13N7A
14	8	11		כָל	3605	HNcmsc	139MH
14	8	12		פְּלִשְׁתִּ֖ים	6430	HNgmpa	13k2Q
14	8	13		לְ/בַקֵּ֣שׁ	l/1245	HR/Vpc	13Wgg
14	8	14		אֶת	853	HTo	13RXq
14	8	15		דָּוִ֑יד	1732	HNp	13xUt
14	8	16		וַ/יִּשְׁמַ֣ע	c/8085	HC/Vqw3ms	13dQH
14	8	17		דָּוִ֔יד	1732	HNp	1353j
14	8	18		וַ/יֵּצֵ֖א	c/3318	HC/Vqw3ms	13ubQ
14	8	19		לִ/פְנֵי/הֶֽם	l/6440	HR/Ncbpc/Sp3mp	13H2p
14	9	1		וּ/פְלִשְׁתִּ֖ים	c/6430	HC/Ngmpa	13Snw
14	9	2		בָּ֑אוּ	935	HVqp3cp	13RgS
14	9	3		וַֽ/יִּפְשְׁט֖וּ	c/6584	HC/Vqw3mp	1373F
14	9	4		בְּ/עֵ֥מֶק	b/6010	HR/Ncmsc	13vYe
14	9	5		רְפָאִֽים	7497 b	HNp	13VX2
14	10	1		וַ/יִּשְׁאַ֨ל	c/7592	HC/Vqw3ms	13nt7
14	10	2		דָּוִ֤יד	1732	HNp	13Pk3
14	10	3		בֵּ/אלֹהִים֙	b/430	HR/Ncmpa	13sGy
14	10	4		לֵ/אמֹ֔ר	l/559	HR/Vqc	13g9J
14	10	5		הַ/אֶֽעֱלֶה֙	i/5927	HTi/Vqi1cs	13ZYF
14	10	6		עַל	5921 a	HR	13mjh
14	10	7	x-ketiv	פלשתיים	6430	HNgmpa	13ugU
14	10	8		פְּלִשְׁתִּ֔ים	6430	HNgmpa	13XTu
14	10	9		וּ/נְתַתָּ֖/ם	c/5414	HC/Vqq2ms/Sp3mp	13aA5
14	10	10		בְּ/יָדִ֑/י	b/3027	HR/Ncbsc/Sp1cs	136n5
14	10	11		וַ/יֹּ֨אמֶר	c/559	HC/Vqw3ms	13bTj
14	10	12		ל֤/וֹ	l	HR/Sp3ms	13HCK
14	10	13		יְהוָה֙	3068	HNp	13ixD
14	10	14		עֲלֵ֔ה	5927	HVqv2ms	13DL7
14	10	15		וּ/נְתַתִּ֖י/ם	c/5414	HC/Vqq1cs/Sp3mp	13Dmt
14	10	16		בְּ/יָדֶֽ/ךָ	b/3027	HR/Ncbsc/Sp2ms	13EEj
14	11	1		וַ/יַּעֲל֥וּ	c/5927	HC/Vqw3mp	13NKN
14	11	2		בְּ/בַֽעַל	b/1188+	HR/Np	133zR
14	11	3		פְּרָצִים֮	1188	HNp	13Bet
14	11	4		וַ/יַּכֵּ֣/ם	c/5221	HC/Vhw3ms/Sp3mp	13FJy
14	11	5		שָׁ֣ם	8033	HD	138Bw
14	11	6		דָּוִיד֒	1732	HNp	13kHD
14	11	7		וַ/יֹּ֣אמֶר	c/559	HC/Vqw3ms	13AAn
14	11	8		דָּוִ֔יד	1732	HNp	13cJF
14	11	9		פָּרַ֨ץ	6555	HVqp3ms	13mxn
14	11	10		הָֽ/אֱלֹהִ֧ים	d/430	HTd/Ncmpa	13SYo
14	11	11		אֶת	853	HTo	13caP
14	11	12		אוֹיְבַ֛/י	341	HVqrmpc/Sp1cs	13PX1
14	11	13		בְּ/יָדִ֖/י	b/3027	HR/Ncbsc/Sp1cs	13fnW
14	11	14		כְּ/פֶ֣רֶץ	k/6556	HR/Ncmsc	13nre
14	11	15		מָ֑יִם	4325	HNcmpa	131gq
14	11	16		עַל	5921 a	HR	13DYk
14	11	17		כֵּ֗ן	3651 c	HTm	13Xfy
14	11	18		קָֽרְא֛וּ	7121	HVqp3cp	13RES
14	11	19		שֵֽׁם	8034	HNcmsc	13D4F
14	11	20		הַ/מָּק֥וֹם	d/4725	HTd/Ncmsa	13mUK
14	11	21		הַ/ה֖וּא	d/1931	HTd/Pp3ms	13bdm
14	11	22		בַּ֥עַל	1188+	HNp	13qiM
14	11	23		פְּרָצִֽים	1188	HNp	13gyj
14	12	1		וַ/יַּעַזְבוּ	c/5800 a	HC/Vqw3mp	13sDg
14	12	2		שָׁ֖ם	8033	HD	13cHs
14	12	3		אֶת	853	HTo	13qfb
14	12	4		אֱלֹֽהֵי/הֶ֑ם	430	HNcmpc/Sp3mp	13mjr
14	12	5		וַ/יֹּ֣אמֶר	c/559	HC/Vqw3ms	136PC
14	12	6		דָּוִ֔יד	1732	HNp	13CsK
14	12	7		וַ/יִּשָּׂרְפ֖וּ	c/8313	HC/VNw3mp	13Nr9
14	12	8		בָּ/אֵֽשׁ	b/784	HRd/Ncbsa	13Njp
14	13	1		וַ/יֹּסִ֤יפוּ	c/3254	HC/Vhw3mp	13U8E
14	13	2		עוֹד֙	5750	HD	13ov7
14	13	3		פְּלִשְׁתִּ֔ים	6430	HNgmpa	13mps
14	13	4		וַֽ/יִּפְשְׁט֖וּ	c/6584	HC/Vqw3mp	13Wm8
14	13	5		בָּ/עֵֽמֶק	b/6010	HRd/Ncmsa	13Xgr
14	14	1		וַ/יִּשְׁאַ֨ל	c/7592	HC/Vqw3ms	13a9y
14	14	2		ע֤וֹד	5750	HD	13am8
14	14	3		דָּוִיד֙	1732	HNp	13CQM
14	14	4		בֵּֽ/אלֹהִ֔ים	b/430	HR/Ncmpa	13MHE
14	14	5		וַ/יֹּ֤אמֶר	c/559	HC/Vqw3ms	13c8L
14	14	6		ל/וֹ֙	l	HR/Sp3ms	13EeM
14	14	7		הָֽ/אֱלֹהִ֔ים	d/430	HTd/Ncmpa	13hEP
14	14	8		לֹ֥א	3808	HTn	132mG
14	14	9		תַֽעֲלֶ֖ה	5927	HVqi2ms	13wzt
14	14	10		אַֽחֲרֵי/הֶ֑ם	310 a	HR/Sp3mp	13ApD
14	14	11		הָסֵב֙	5437	HVhv2ms	13NDi
14	14	12		מֵֽ/עֲלֵי/הֶ֔ם	m/5921 a	HR/R/Sp3mp	13UJ3
14	14	13		וּ/בָ֥אתָ	c/935	HC/Vqq2ms	131ZR
14	14	14		לָ/הֶ֖ם	l	HR/Sp3mp	13iDJ
14	14	15		מִ/מּ֥וּל	m/4136	HR/R	13yW9
14	14	16		הַ/בְּכָאִֽים	d/1057	HTd/Ncmpa	13Cwi
14	15	1		וִ֠/יהִי	c/1961	HC/Vqj3ms	13SkB
14	15	2		כְּֽ/שָׁמְעֲ/ךָ֞	k/8085	HR/Vqc/Sp2ms	13Y5x
14	15	3		אֶת	853	HTo	13fJm
14	15	4		ק֤וֹל	6963 a	HNcmsc	13W9C
14	15	5		הַ/צְּעָדָה֙	d/6807 a	HTd/Ncfsa	13QFL
14	15	6		בְּ/רָאשֵׁ֣י	b/7218 a	HR/Ncmpc	13nWY
14	15	7		הַ/בְּכָאִ֔ים	d/1057	HTd/Ncmpa	13HDj
14	15	8		אָ֖ז	227 a	HD	132um
14	15	9		תֵּצֵ֣א	3318	HVqi2ms	13vdB
14	15	10		בַ/מִּלְחָמָ֑ה	b/4421	HRd/Ncfsa	131vw
14	15	11		כִּֽי	3588 a	HC	13khp
14	15	12		יָצָ֤א	3318	HVqp3ms	139T8
14	15	13		הָֽ/אֱלֹהִים֙	d/430	HTd/Ncmpa	13Sk2
14	15	14		לְ/פָנֶ֔י/ךָ	l/6440	HR/Ncbpc/Sp2ms	13RFY
14	15	15		לְ/הַכּ֖וֹת	l/5221	HR/Vhc	133DM
14	15	16		אֶת	853	HTo	13xjx
14	15	17		מַחֲנֵ֥ה	4264	HNcbsc	13XTG
14	15	18		פְלִשְׁתִּֽים	6430	HNgmpa	13gmz
14	16	1		וַ/יַּ֣עַשׂ	c/6213 a	HC/Vqw3ms	13bsU
14	16	2		דָּוִ֔יד	1732	HNp	13KEw
14	16	3		כַּֽ/אֲשֶׁ֥ר	k/834 d	HR/Tr	136nN
14	16	4		צִוָּ֖/הוּ	6680	HVpp3ms/Sp3ms	13rRm
14	16	5		הָֽ/אֱלֹהִ֑ים	d/430	HTd/Ncmpa	13Hkb
14	16	6		וַ/יַּכּוּ֙	c/5221	HC/Vhw3mp	13o2L
14	16	7		אֶת	853	HTo	13eif
14	16	8		מַחֲנֵ֣ה	4264	HNcbsc	13cpk
14	16	9		פְלִשְׁתִּ֔ים	6430	HNgmpa	13mqu
14	16	10		מִ/גִּבְע֖וֹן	m/1391	HR/Np	13vky
14	16	11		וְ/עַד	c/5704	HC/R	13b22
14	16	12		גָּֽזְרָ/ה	1507	HNp/Sd	13y1q
14	17	1		וַ/יֵּצֵ֥א	c/3318	HC/Vqw3ms	13XBR
14	17	2		שֵׁם	8034	HNcmsc	13RKz
14	17	3		דָּוִ֖יד	1732	HNp	135Qt
14	17	4		בְּ/כָל	b/3605	HR/Ncmsc	13HJA
14	17	5		הָֽ/אֲרָצ֑וֹת	d/776	HTd/Ncbpa	13ixu
14	17	6		וַֽ/יהוָ֛ה	c/3068	HC/Np	13mUN
14	17	7		נָתַ֥ן	5414	HVqp3ms	13pZF
14	17	8		אֶת	853	HTo	13q4S
14	17	9		פַּחְדּ֖/וֹ	6343	HNcmsc/Sp3ms	13rMH
14	17	10		עַל	5921 a	HR	13GcS
14	17	11		כָּל	3605	HNcmsc	13VEY
14	17	12		הַ/גּוֹיִֽם	d/1471 a	HTd/Ncmpa	13neC
15	1	1		וַ/יַּֽעַשׂ	c/6213 a	HC/Vqw3ms	134J2
15	1	2		ל֥/וֹ	l	HR/Sp3ms	1358T
15	1	3		בָתִּ֖ים	1004 b	HNcmpa	13jfT
15	1	4		בְּ/עִ֣יר	b/5892 b	HR/Ncfsc	13Dvx
15	1	5		דָּוִ֑יד	1732	HNp	13rfH
15	1	6		וַ/יָּ֤כֶן	c/3559 a	HC/Vhw3ms	13VZS
15	1	7		מָקוֹם֙	4725	HNcmsa	13Dd4
15	1	8		לַֽ/אֲר֣וֹן	l/727	HR/Ncbsc	13sUM
15	1	9		הָֽ/אֱלֹהִ֔ים	d/430	HTd/Ncmpa	137mw
15	1	10		וַ/יֶּט	c/5186	HC/Vqw3ms	13kxi
15	1	11		ל֖/וֹ	l	HR/Sp3ms	13Zo4
15	1	12		אֹֽהֶל	168	HNcmsa	13Ps1
15	2	1		אָ֚ז	227 a	HD	13x3o
15	2	2		אָמַ֣ר	559	HVqp3ms	13GdL
15	2	3		דָּוִ֔יד	1732	HNp	13ikj
15	2	4		לֹ֤א	3808	HTn	13Yxf
15	2	5		לָ/שֵׂאת֙	l/5375	HR/Vqc	13Jji
15	2	6		אֶת	853	HTo	13vF1
15	2	7		אֲר֣וֹן	727	HNcbsc	13baH
15	2	8		הָֽ/אֱלֹהִ֔ים	d/430	HTd/Ncmpa	13DYG
15	2	9		כִּ֖י	3588 b	HC	13wMm
15	2	10		אִם	518 b	HC	136Bv
15	2	11		הַ/לְוִיִּ֑ם	d/3881	HTd/Ngmpa	13GsM
15	2	12		כִּי	3588 a	HC	13asE
15	2	13		בָ֣/ם	b	HR/Sp3mp	13ZC1
15	2	14		בָּחַ֣ר	977	HVqp3ms	13QkY
15	2	15		יְהוָ֗ה	3068	HNp	13ViX
15	2	16		לָ/שֵׂ֞את	l/5375	HR/Vqc	13uKa
15	2	17		אֶת	853	HTo	133zX
15	2	18		אֲר֧וֹן	727	HNcbsc	13H8Z
15	2	19		יְהוָ֛ה	3068	HNp	13tg6
15	2	20		וּֽ/לְ/שָׁרְת֖/וֹ	c/l/8334	HC/R/Vpc/Sp3ms	139wB
15	2	21		עַד	5704	HR	13i2Y
15	2	22		עוֹלָֽם	5769	HNcmsa	13JU3
15	3	1		וַ/יַּקְהֵ֥ל	c/6950	HC/Vhw3ms	13gmt
15	3	2		דָּוִ֛יד	1732	HNp	13jqR
15	3	3		אֶת	853	HTo	13rFY
15	3	4		כָּל	3605	HNcmsc	13zTW
15	3	5		יִשְׂרָאֵ֖ל	3478	HNp	1318W
15	3	6		אֶל	413	HR	138Ad
15	3	7		יְרֽוּשָׁלִָ֑ם	3389	HNp	13RQy
15	3	8		לְ/הַעֲלוֹת֙	l/5927	HR/Vhc	13exE
15	3	9		אֶת	853	HTo	13kDB
15	3	10		אֲר֣וֹן	727	HNcbsc	13c5h
15	3	11		יְהוָ֔ה	3068	HNp	13MWC
15	3	12		אֶל	413	HR	134HD
15	3	13		מְקוֹמ֖/וֹ	4725	HNcmsc/Sp3ms	13NTC
15	3	14		אֲשֶׁר	834 a	HTr	13SsZ
15	3	15		הֵכִ֥ין	3559 a	HVhp3ms	13gHx
15	3	16		לֽ/וֹ	l	HR/Sp3ms	139Gq
15	4	1		וַ/יֶּאֱסֹ֥ף	c/622	HC/Vqw3ms	13z1r
15	4	2		דָּוִ֛יד	1732	HNp	13qiE
15	4	3		אֶת	853	HTo	13Pbx
15	4	4		בְּנֵ֥י	1121 a	HNcmpc	13iu9
15	4	5		אַֽהֲרֹ֖ן	175	HNp	13v6K
15	4	6		וְ/אֶת	c/853	HC/To	13Zfe
15	4	7		הַ/לְוִיִּֽם	d/3881	HTd/Ngmpa	13XqJ
15	5	1		לִ/בְנֵ֖י	l/1121 a	HR/Ncmpc	13zba
15	5	2		קְהָ֑ת	6955	HNp	13bCg
15	5	3		אוּרִיאֵ֣ל	222	HNp	13rcS
15	5	4		הַ/שָּׂ֔ר	d/8269	HTd/Ncmsa	13kPb
15	5	5		וְ/אֶחָ֖י/ו	c/251	HC/Ncmpc/Sp3ms	13jmq
15	5	6		מֵאָ֥ה	3967	HAcbsa	13L8L
15	5	7		וְ/עֶשְׂרִֽים	c/6242	HC/Acbpa	13Qdn
15	6	1		לִ/בְנֵ֖י	l/1121 a	HR/Ncmpc	13zXy
15	6	2		מְרָרִ֑י	4847	HNp	13BE6
15	6	3		עֲשָׂיָ֣ה	6222	HNp	134Hh
15	6	4		הַ/שָּׂ֔ר	d/8269	HTd/Ncmsa	13wqg
15	6	5		וְ/אֶחָ֖י/ו	c/251	HC/Ncmpc/Sp3ms	13wyc
15	6	6		מָאתַ֥יִם	3967	HAcbda	13wXU
15	6	7		וְ/עֶשְׂרִֽים	c/6242	HC/Acbpa	13Kzw
15	7	1		לִ/בְנֵ֖י	l/1121 a	HR/Ncmpc	13RDi
15	7	2		גֵּרְשׁ֑וֹם	1648	HNp	13t9h
15	7	3		יוֹאֵ֣ל	3100	HNp	13VYa
15	7	4		הַ/שָּׂ֔ר	d/8269	HTd/Ncmsa	13TZK
15	7	5		וְ/אֶחָ֖י/ו	c/251	HC/Ncmpc/Sp3ms	139yY
15	7	6		מֵאָ֥ה	3967	HAcbsa	13yyS
15	7	7		וּ/שְׁלֹשִֽׁים	c/7970	HC/Acbpa	13i6F
15	8	1		לִ/בְנֵ֖י	l/1121 a	HR/Ncmpc	13gag
15	8	2		אֱלִֽיצָפָ֑ן	469	HNp	13ocU
15	8	3		שְׁמַֽעְיָ֥ה	8098	HNp	13E6L
15	8	4		הַ/שָּׂ֖ר	d/8269	HTd/Ncmsa	13nAX
15	8	5		וְ/אֶחָ֥י/ו	c/251	HC/Ncmpc/Sp3ms	138Kr
15	8	6		מָאתָֽיִם	3967	HAcbda	1398g
15	9	1		לִ/בְנֵ֖י	l/1121 a	HR/Ncmpc	13QQU
15	9	2		חֶבְר֑וֹן	2275 b	HNp	13dJi
15	9	3		אֱלִיאֵ֥ל	447	HNp	13G5x
15	9	4		הַ/שָּׂ֖ר	d/8269	HTd/Ncmsa	135MG
15	9	5		וְ/אֶחָ֥י/ו	c/251	HC/Ncmpc/Sp3ms	13BCd
15	9	6		שְׁמוֹנִֽים	8084	HAcbpa	13WHx
15	10	1		לִ/בְנֵ֖י	l/1121 a	HR/Ncmpc	13E2T
15	10	2		עֻזִּיאֵ֑ל	5816	HNp	13C8V
15	10	3		עַמִּינָדָ֣ב	5992	HNp	13Cn5
15	10	4		הַ/שָּׂ֔ר	d/8269	HTd/Ncmsa	13wzb
15	10	5		וְ/אֶחָ֕י/ו	c/251	HC/Ncmpc/Sp3ms	13Mdh
15	10	6		מֵאָ֖ה	3967	HAcbsa	13TmA
15	10	7		וּ/שְׁנֵ֥ים	c/8147	HC/Acmda	132ni
15	10	8		עָשָֽׂר	6240	HAcmsa	13yrG
15	11	1		וַ/יִּקְרָ֣א	c/7121	HC/Vqw3ms	13cnY
15	11	2		דָוִ֔יד	1732	HNp	13B32
15	11	3		לְ/צָד֥וֹק	l/6659	HR/Np	13mFz
15	11	4		וּ/לְ/אֶבְיָתָ֖ר	c/l/54	HC/R/Np	13AU3
15	11	5		הַ/כֹּֽהֲנִ֑ים	d/3548	HTd/Ncmpa	13Ljo
15	11	6		וְ/לַ/לְוִיִּ֗ם	c/l/3881	HC/Rd/Ngmpa	13zHu
15	11	7		לְ/אֽוּרִיאֵ֤ל	l/222	HR/Np	13EH3
15	11	8		עֲשָׂיָה֙	6222	HNp	13APw
15	11	9		וְ/יוֹאֵ֣ל	c/3100	HC/Np	134ud
15	11	10		שְׁמַֽעְיָ֔ה	8098	HNp	13oke
15	11	11		וֶ/אֱלִיאֵ֖ל	c/447	HC/Np	13Wom
15	11	12		וְ/עַמִּינָדָֽב	c/5992	HC/Np	13K1g
15	12	1		וַ/יֹּ֣אמֶר	c/559	HC/Vqw3ms	13q4F
15	12	2		לָ/הֶ֔ם	l	HR/Sp3mp	13sh2
15	12	3		אַתֶּ֛ם	859 d	HPp2mp	13A1q
15	12	4		רָאשֵׁ֥י	7218 a	HNcmpc	137mG
15	12	5		הָ/אָב֖וֹת	d/1	HTd/Ncmpa	135fE
15	12	6		לַ/לְוִיִּ֑ם	l/3881	HRd/Ngmpa	13JNN
15	12	7		הִֽתְקַדְּשׁוּ֙	6942	HVtv2mp	13TRZ
15	12	8		אַתֶּ֣ם	859 d	HPp2mp	13c1k
15	12	9		וַ/אֲחֵי/כֶ֔ם	c/251	HC/Ncmpc/Sp2mp	13KKG
15	12	10		וְ/הַֽעֲלִיתֶ֗ם	c/5927	HC/Vhq2mp	1331M
15	12	11		אֵ֣ת	853	HTo	13PE3
15	12	12		אֲר֤וֹן	727	HNcbsc	136Da
15	12	13		יְהוָה֙	3068	HNp	13C4U
15	12	14		אֱלֹהֵ֣י	430	HNcmpc	13VPw
15	12	15		יִשְׂרָאֵ֔ל	3478	HNp	13kTf
15	12	16		אֶל	413	HR	13tqR
15	12	17		הֲכִינ֖וֹתִי	3559 a	HVhp1cs	13jzx
15	12	18		לֽ/וֹ	l	HR/Sp3ms	13qj6
15	13	1		כִּ֛י	3588 a	HC	13pus
15	13	2		לְ/מַ	l/4100	HR/Ti	13Z5a
15	13	3		בָּ/רִ֥אשׁוֹנָ֖ה	b/7223	HRd/Aafsa	1391p
15	13	4		לֹ֣א	3808	HTn	13N2d
15	13	5		אַתֶּ֑ם	859 d	HPp2mp	13fmp
15	13	6		פָּרַ֨ץ	6555	HVqp3ms	13zva
15	13	7		יְהוָ֤ה	3068	HNp	13dUC
15	13	8		אֱלֹהֵ֨י/נוּ֙	430	HNcmpc/Sp1cp	13NuL
15	13	9		בָּ֔/נוּ	b	HR/Sp1cp	13f26
15	13	10		כִּי	3588 a	HC	133cG
15	13	11		לֹ֥א	3808	HTn	13DF8
15	13	12		דְרַשְׁנֻ֖/הוּ	1875	HVqp1cp/Sp3ms	13Ao5
15	13	13		כַּ/מִּשְׁפָּֽט	k/4941	HRd/Ncmsa	13kni
15	14	1		וַ/יִּֽתְקַדְּשׁ֔וּ	c/6942	HC/Vtw3mp	13yRm
15	14	2		הַ/כֹּהֲנִ֖ים	d/3548	HTd/Ncmpa	138gB
15	14	3		וְ/הַ/לְוִיִּ֑ם	c/d/3881	HC/Td/Ngmpa	13oEM
15	14	4		לְ/הַעֲל֕וֹת	l/5927	HR/Vhc	13p3B
15	14	5		אֶת	853	HTo	13FcZ
15	14	6		אֲר֥וֹן	727	HNcbsc	13WG5
15	14	7		יְהוָ֖ה	3068	HNp	13FnR
15	14	8		אֱלֹהֵ֥י	430	HNcmpc	13zxj
15	14	9		יִשְׂרָאֵֽל	3478	HNp	13jnw
15	15	1		וַ/יִּשְׂא֣וּ	c/5375	HC/Vqw3mp	13UjJ
15	15	2		בְנֵֽי	1121 a	HNcmpc	13wmR
15	15	3		הַ/לְוִיִּ֗ם	d/3881	HTd/Ngmpa	13Xsc
15	15	4		אֵ֚ת	853	HTo	13qCb
15	15	5		אֲר֣וֹן	727	HNcbsc	13rDe
15	15	6		הָֽ/אֱלֹהִ֔ים	d/430	HTd/Ncmpa	13LQN
15	15	7		כַּ/אֲשֶׁ֛ר	k/834 d	HR/Tr	13gWC
15	15	8		צִוָּ֥ה	6680	HVpp3ms	13c6U
15	15	9		מֹשֶׁ֖ה	4872	HNp	13PAw
15	15	10		כִּ/דְבַ֣ר	k/1697	HR/Ncmsc	13hXi
15	15	11		יְהוָ֑ה	3068	HNp	13jjb
15	15	12		בִּ/כְתֵפָ֥/ם	b/3802	HR/Ncfsc/Sp3mp	13gpQ
15	15	13		בַּ/מֹּט֖וֹת	b/4133	HRd/Ncfpa	13EiV
15	15	14		עֲלֵי/הֶֽם	5921 a	HR/Sp3mp	13dY1
15	16	1		וַ/יֹּ֣אמֶר	c/559	HC/Vqw3ms	13iDg
15	16	2		דָּוִיד֮	1732	HNp	13dB9
15	16	3		לְ/שָׂרֵ֣י	l/8269	HR/Ncmpc	13CcA
15	16	4		הַ/לְוִיִּם֒	d/3881	HTd/Ngmpa	13R2m
15	16	5		לְ/הַֽעֲמִ֗יד	l/5975	HR/Vhc	13ryM
15	16	6		אֶת	853	HTo	13evQ
15	16	7		אֲחֵי/הֶם֙	251	HNcmpc/Sp3mp	13jkP
15	16	8		הַ/מְשֹׁ֣רְרִ֔ים	d/7891	HTd/Vormpa	13NA8
15	16	9		בִּ/כְלֵי	b/3627	HR/Ncmpc	13Zrf
15	16	10		שִׁ֛יר	7892 a	HNcbsa	13cEv
15	16	11		נְבָלִ֥ים	5035 b	HNcmpa	13KV2
15	16	12		וְ/כִנֹּר֖וֹת	c/3658	HC/Ncmpa	13c59
15	16	13		וּ/מְצִלְתָּ֑יִם	c/4700	HC/Ncfda	13d4U
15	16	14		מַשְׁמִיעִ֥ים	8085	HVhrmpa	13nLr
15	16	15		לְ/הָרִֽים	l/7311 a	HR/Vhc	13Qb5
15	16	16		בְּ/ק֖וֹל	b/6963 a	HR/Ncmsa	13tTy
15	16	17		לְ/שִׂמְחָֽה	l/8057	HR/Ncfsa	13T78
15	17	1		וַ/יַּעֲמִ֣ידוּ	c/5975	HC/Vhw3mp	13q8b
15	17	2		הַ/לְוִיִּ֗ם	d/3881	HTd/Ngmpa	13ehU
15	17	3		אֵ֚ת	853	HTo	136io
15	17	4		הֵימָ֣ן	1968	HNp	13WEE
15	17	5		בֶּן	1121 a	HNcmsc	13dDG
15	17	6		יוֹאֵ֔ל	3100	HNp	13iLp
15	17	7		וּ/מִ֨ן	c/4480 a	HC/R	13HkZ
15	17	8		אֶחָ֔י/ו	251	HNcmpc/Sp3ms	13RLR
15	17	9		אָסָ֖ף	623	HNp	13nDg
15	17	10		בֶּן	1121 a	HNcmsc	13A6M
15	17	11		בֶּֽרֶכְיָ֑הוּ	1296	HNp	13RP4
15	17	12		וּ/מִן	c/4480 a	HC/R	13D9w
15	17	13		בְּנֵ֤י	1121 a	HNcmpc	13TJQ
15	17	14		מְרָרִי֙	4847	HNp	136yq
15	17	15		אֲחֵי/הֶ֔ם	251	HNcmpc/Sp3mp	13Kqr
15	17	16		אֵיתָ֖ן	387	HNp	13248
15	17	17		בֶּן	1121 a	HNcmsc	135vz
15	17	18		קֽוּשָׁיָֽהוּ	6984	HNp	13cN2
15	18	1		וְ/עִמָּ/הֶ֖ם	c/5973 a	HC/R/Sp3mp	132jd
15	18	2		אֲחֵי/הֶ֣ם	251	HNcmpc/Sp3mp	13K5Z
15	18	3		הַ/מִּשְׁנִ֑ים	d/4932	HTd/Ncmpa	13n6n
15	18	4		זְכַרְיָ֡הוּ	2148 a	HNp	13T41
15	18	5		בֵּ֡ן	1122	HNp	13Bjn
15	18	6		וְ/יַֽעֲזִיאֵ֡ל	c/3268	HC/Np	1399z
15	18	7		וּ/שְׁמִֽירָמ֡וֹת	c/8070	HC/Np	13zYd
15	18	8		וִ/יחִיאֵ֣ל	c/3171	HC/Np	13scM
15	18	9		וְ/עֻנִּ֡י	c/6042	HC/Np	13cPY
15	18	10		אֱלִיאָ֡ב	446	HNp	13juj
15	18	11		וּ/בְנָיָ֡הוּ	c/1141	HC/Np	13pkn
15	18	12		וּ/מַֽעֲשֵׂיָ֡הוּ	c/4641	HC/Np	13dgR
15	18	13		וּ/מַתִּתְיָהוּ֩	c/4993	HC/Np	13uxz
15	18	14		וֶ/אֱלִ֨יפְלֵ֜הוּ	c/466	HC/Np	13Mge
15	18	15		וּ/מִקְנֵיָ֨הוּ	c/4737	HC/Np	13Ymi
15	18	16		וְ/עֹבֵ֥ד	c/5654+	HC/Np	13h2b
15	18	17		אֱדֹ֛ם	5654	HNp	13E7Q
15	18	18		וִֽ/יעִיאֵ֖ל	c/3273	HC/Np	13g5W
15	18	19		הַ/שֹּׁעֲרִֽים	d/7778	HTd/Ncmpa	136FM
15	19	1		וְ/הַ/מְשֹׁ֣רְרִ֔ים	c/d/7891	HC/Td/Vormpa	135yw
15	19	2		הֵימָ֥ן	1968	HNp	13YRc
15	19	3		אָסָ֖ף	623	HNp	13zfB
15	19	4		וְ/אֵיתָ֑ן	c/387	HC/Np	13jg4
15	19	5		בִּ/מְצִלְתַּ֥יִם	b/4700	HR/Ncfda	131yU
15	19	6		נְחֹ֖שֶׁת	5178 a	HNcfsa	133fd
15	19	7		לְ/הַשְׁמִֽיעַ	l/8085	HR/Vhc	13CvK
15	20	1		וּ/זְכַרְיָ֨ה	c/2148 a	HC/Np	13Vio
15	20	2		וַ/עֲזִיאֵ֜ל	c/5815	HC/Np	13pZB
15	20	3		וּ/שְׁמִֽירָמ֤וֹת	c/8070	HC/Np	13S2M
15	20	4		וִֽ/יחִיאֵל֙	c/3171	HC/Np	13eZE
15	20	5		וְ/עֻנִּ֣י	c/6042	HC/Np	13W4S
15	20	6		וֶֽ/אֱלִיאָ֔ב	c/446	HC/Np	13Gbr
15	20	7		וּ/מַעֲשֵׂיָ֖הוּ	c/4641	HC/Np	13v99
15	20	8		וּ/בְנָיָ֑הוּ	c/1141	HC/Np	13djw
15	20	9		בִּ/נְבָלִ֖ים	b/5035 b	HR/Ncmpa	13cqT
15	20	10		עַל	5921 a	HR	13pWC
15	20	11		עֲלָמֽוֹת	5961	HNcfpa	13RLz
15	21	1		וּ/מַתִּתְיָ֣הוּ	c/4993	HC/Np	13YXn
15	21	2		וֶ/אֱלִֽיפְלֵ֗הוּ	c/466	HC/Np	13XT1
15	21	3		וּ/מִקְנֵיָ֨הוּ֙	c/4737	HC/Np	133Mm
15	21	4		וְ/עֹבֵ֣ד	c/5654+	HC/Np	13zXt
15	21	5		אֱדֹ֔ם	5654	HNp	1367g
15	21	6		וִֽ/יעִיאֵ֖ל	c/3273	HC/Np	13C2M
15	21	7		וַ/עֲזַזְיָ֑הוּ	c/5812	HC/Np	13Nec
15	21	8		בְּ/כִנֹּר֥וֹת	b/3658	HR/Ncmpa	1345R
15	21	9		עַל	5921 a	HR	13SEN
15	21	10		הַ/שְּׁמִינִ֖ית	d/8067	HTd/Aofsa	13JQg
15	21	11		לְ/נַצֵּֽחַ	l/5329	HR/Vpc	13TGg
15	22	1		וּ/כְנַנְיָ֥הוּ	c/3663	HC/Np	13HrY
15	22	2		שַֽׂר	8269	HNcmsc	138tv
15	22	3		הַ/לְוִיִּ֖ם	d/3881	HTd/Ngmpa	133zJ
15	22	4		בְּ/מַשָּׂ֑א	b/4853 a	HR/Ncmsa	13odd
15	22	5		יָסֹר֙	3256	HVqa	13eJm
15	22	6		בַּ/מַּשָּׂ֔א	b/4853 a	HRd/Ncmsa	13t8y
15	22	7		כִּ֥י	3588 a	HC	137q4
15	22	8		מֵבִ֖ין	995	HVhrmsa	13c2v
15	22	9		הֽוּא	1931	HPp3ms	13gth
15	23	1		וּ/בֶֽרֶכְיָה֙	c/1296	HC/Np	13qe3
15	23	2		וְ/אֶלְקָנָ֔ה	c/511	HC/Np	13vvb
15	23	3		שֹׁעֲרִ֖ים	7778	HNcmpa	13HZL
15	23	4		לָ/אָרֽוֹן	l/727	HRd/Ncbsa	13JP4
15	24	1		וּ/שְׁבַנְיָ֡הוּ	c/7645	HC/Np	13Lke
15	24	2		וְ/יֽוֹשָׁפָ֡ט	c/3146	HC/Np	13udG
15	24	3		וּ/נְתַנְאֵ֡ל	c/5417	HC/Np	13xji
15	24	4		וַ/עֲמָשַׂ֡י	c/6022	HC/Np	13AfZ
15	24	5		וּ֠/זְכַרְיָהוּ	c/2148 a	HC/Np	13MKo
15	24	6		וּ/בְנָיָ֤הוּ	c/1141	HC/Np	131BC
15	24	7		וֶֽ/אֱלִיעֶ֨זֶר֙	c/461	HC/Np	13wuh
15	24	8		הַ/כֹּ֣הֲנִ֔ים	d/3548	HTd/Ncmpa	13jPW
15	24	9	x-ketiv	מחצצרים	2690	HVhrmpa	13aG2
15	24	10		מַחְצְרִים֙	2690	HVhrmpa	13r8i
15	24	11		בַּ/חֲצֹ֣צְר֔וֹת	b/2689	HR/Ncfpa	13QpT
15	24	12		לִ/פְנֵ֖י	l/6440	HR/Ncbpc	13TzY
15	24	13		אֲר֣וֹן	727	HNcbsc	13XbD
15	24	14		הָֽ/אֱלֹהִ֑ים	d/430	HTd/Ncmpa	13gh4
15	24	15		וְ/עֹבֵ֤ד	c/5654+	HC/Np	135ho
15	24	16		אֱדֹם֙	5654	HNp	13FP9
15	24	17		וִֽ/יחִיָּ֔ה	c/3174	HC/Np	137DJ
15	24	18		שֹׁעֲרִ֖ים	7778	HNcmpa	13Wku
15	24	19		לָ/אָרֽוֹן	l/727	HRd/Ncbsa	135xN
15	25	1		וַ/יְהִ֥י	c/1961	HC/Vqw3ms	13wtE
15	25	2		דָוִ֛יד	1732	HNp	13g1M
15	25	3		וְ/זִקְנֵ֥י	c/2205	HC/Aampc	13Ja2
15	25	4		יִשְׂרָאֵ֖ל	3478	HNp	13sUc
15	25	5		וְ/שָׂרֵ֣י	c/8269	HC/Ncmpc	13SSP
15	25	6		הָ/אֲלָפִ֑ים	d/505	HTd/Acbpa	13XF1
15	25	7		הַ/הֹֽלְכִ֗ים	d/1980	HTd/Vqrmpa	13Mig
15	25	8		לְֽ/הַעֲל֞וֹת	l/5927	HR/Vhc	13HwW
15	25	9		אֶת	853	HTo	13YeZ
15	25	10		אֲר֧וֹן	727	HNcbsc	13fwr
15	25	11		בְּרִית	1285	HNcfsc	13suC
15	25	12		יְהוָ֛ה	3068	HNp	13Px1
15	25	13		מִן	4480 a	HR	13AYP
15	25	14		בֵּ֥ית	1004 b	HNcmsc	13DRn
15	25	15		עֹבֵֽד	5654+	HNp	13eu8
15	25	16		אֱדֹ֖ם	5654	HNp	13Gvf
15	25	17		בְּ/שִׂמְחָֽה	b/8057	HR/Ncfsa	13rUH
15	26	1		וַֽ/יְהִי֙	c/1961	HC/Vqw3ms	13Ndd
15	26	2		בֶּ/עְזֹ֣ר	b/5826	HR/Vqc	13AS3
15	26	3		הָֽ/אֱלֹהִ֔ים	d/430	HTd/Ncmpa	13NNB
15	26	4		אֶ֨ת	853	HTo	13ooW
15	26	5		הַ/לְוִיִּ֔ם	d/3881	HTd/Ngmpa	1344e
15	26	6		נֹשְׂאֵ֖י	5375	HVqrmpc	131ML
15	26	7		אֲר֣וֹן	727	HNcbsc	13Lr5
15	26	8		בְּרִית	1285	HNcfsc	13V22
15	26	9		יְהוָ֑ה	3068	HNp	13aa5
15	26	10		וַ/יִּזְבְּח֥וּ	c/2076	HC/Vqw3mp	13Pbw
15	26	11		שִׁבְעָֽה	7651	HAcmsa	135M6
15	26	12		פָרִ֖ים	6499	HNcmpa	13Fdk
15	26	13		וְ/שִׁבְעָ֥ה	c/7651	HC/Acmsa	13Pwi
15	26	14		אֵילִֽים	352 a	HNcmpa	13kSx
15	27	1		וְ/דָוִ֞יד	c/1732	HC/Np	13488
15	27	2		מְכֻרְבָּ֣ל	3736	HVPsmsa	13Mix
15	27	3		בִּ/מְעִ֣יל	b/4598	HR/Ncmsc	13Nt6
15	27	4		בּ֗וּץ	948	HNcmsa	13JC3
15	27	5		וְ/כָל	c/3605	HC/Ncmsc	13ieh
15	27	6		הַ/לְוִיִּם֙	d/3881	HTd/Ngmpa	13ASQ
15	27	7		הַ/נֹּשְׂאִ֣ים	d/5375	HTd/Vqrmpa	13NoG
15	27	8		אֶת	853	HTo	13CEp
15	27	9		הָ/אָר֔וֹן	d/727	HTd/Ncbsa	13ngB
15	27	10		וְ/הַ/מְשֹׁ֣רְרִ֔ים	c/d/7891	HC/Td/Vormpa	13yLn
15	27	11		וּ/כְנַנְיָ֛ה	c/3663	HC/Np	13akE
15	27	12		הַ/שַּׂ֥ר	d/8269	HTd/Ncmsa	13QRH
15	27	13		הַ/מַּשָּׂ֖א	d/4853 a	HTd/Ncmsa	13G4s
15	27	14		הַ/מְשֹֽׁרְרִ֑ים	d/7891	HTd/Vormpa	13mzP
15	27	15		וְ/עַל	c/5921 a	HC/R	13VHe
15	27	16		דָּוִ֖יד	1732	HNp	136MU
15	27	17		אֵפ֥וֹד	646	HNcmsc	13DbG
15	27	18		בָּֽד	906	HNcmsa	13ecu
15	28	1		וְ/כָל	c/3605	HC/Ncmsc	13jQu
15	28	2		יִשְׂרָאֵ֗ל	3478	HNp	13Bcc
15	28	3		מַעֲלִים֙	5927	HVhrmpa	13EVD
15	28	4		אֶת	853	HTo	13yJE
15	28	5		אֲר֣וֹן	727	HNcbsc	13cfw
15	28	6		בְּרִית	1285	HNcfsc	136j8
15	28	7		יְהוָ֔ה	3068	HNp	13EEK
15	28	8		בִּ/תְרוּעָה֙	b/8643	HR/Ncfsa	132ZK
15	28	9		וּ/בְ/ק֣וֹל	c/b/6963 a	HC/R/Ncmsc	13T4o
15	28	10		שׁוֹפָ֔ר	7782	HNcmsa	13SGX
15	28	11		וּ/בַ/חֲצֹצְר֖וֹת	c/b/2689	HC/R/Ncfpa	13ExA
15	28	12		וּ/בִ/מְצִלְתָּ֑יִם	c/b/4700	HC/R/Ncfda	13kGa
15	28	13		מַשְׁמִעִ֕ים	8085	HVhrmpa	13wwe
15	28	14		בִּ/נְבָלִ֖ים	b/5035 b	HR/Ncmpa	13ej6
15	28	15		וְ/כִנֹּרֽוֹת	c/3658	HC/Ncmpa	13iJP
15	29	1		וַ/יְהִ֗י	c/1961	HC/Vqw3ms	13MEP
15	29	2		אֲרוֹן֙	727	HNcbsc	13BRP
15	29	3		בְּרִ֣ית	1285	HNcfsc	13q73
15	29	4		יְהוָ֔ה	3068	HNp	13SDq
15	29	5		בָּ֖א	935	HVqp3ms	13kXh
15	29	6		עַד	5704	HR	13URX
15	29	7		עִ֣יר	5892 b	HNcfsc	13gMf
15	29	8		דָּוִ֑יד	1732	HNp	13E6M
15	29	9		וּ/מִיכַ֨ל	c/4324	HC/Np	131A6
15	29	10		בַּת	1323	HNcfsc	13BJQ
15	29	11		שָׁא֜וּל	7586	HNp	13XqG
15	29	12		נִשְׁקְפָ֣ה	8259	HVNp3fs	13nEn
15	29	13		בְּעַ֣ד	1157	HR	13ket
15	29	14		הַ/חַלּ֗וֹן	d/2474	HTd/Ncbsa	13V6E
15	29	15		וַ/תֵּ֨רֶא	c/7200	HC/Vqw3fs	13UwW
15	29	16		אֶת	853	HTo	13RnX
15	29	17		הַ/מֶּ֤לֶךְ	d/4428	HTd/Ncmsa	137PA
15	29	18		דָּוִיד֙	1732	HNp	13bf2
15	29	19		מְרַקֵּ֣ד	7540	HVprmsa	13mxX
15	29	20		וּ/מְשַׂחֵ֔ק	c/7832	HC/Vprmsa	13Fbc
15	29	21		וַ/תִּ֥בֶז	c/959	HC/Vqw3fs	13B6k
15	29	22		ל֖/וֹ	l	HR/Sp3ms	131Kb
15	29	23		בְּ/לִבָּֽ/הּ	b/3820 a	HR/Ncmsc/Sp3fs	13Ue8
16	1	1		וַ/יָּבִ֨יאוּ֙	c/935	HC/Vhw3mp	13oJZ
16	1	2		אֶת	853	HTo	13vaQ
16	1	3		אֲר֣וֹן	727	HNcbsc	1339o
16	1	4		הָֽ/אֱלֹהִ֔ים	d/430	HTd/Ncmpa	13RyG
16	1	5		וַ/יַּצִּ֣יגוּ	c/3322	HC/Vhw3mp	13y4Q
16	1	6		אֹת֔/וֹ	853	HTo/Sp3ms	13xya
16	1	7		בְּ/ת֣וֹךְ	b/8432	HR/Ncmsc	13gpN
16	1	8		הָ/אֹ֔הֶל	d/168	HTd/Ncmsa	13wiL
16	1	9		אֲשֶׁ֥ר	834 a	HTr	13Qu5
16	1	10		נָֽטָה	5186	HVqp3ms	13L3T
16	1	11		ל֖/וֹ	l	HR/Sp3ms	13dpv
16	1	12		דָּוִ֑יד	1732	HNp	136Kf
16	1	13		וַ/יַּקְרִ֛יבוּ	c/7126	HC/Vhw3mp	135Nn
16	1	14		עֹל֥וֹת	5930 a	HNcfpa	13R25
16	1	15		וּ/שְׁלָמִ֖ים	c/8002	HC/Ncmpa	13d3e
16	1	16		לִ/פְנֵ֥י	l/6440	HR/Ncbpc	13jsg
16	1	17		הָ/אֱלֹהִֽים	d/430	HTd/Ncmpa	13H7t
16	2	1		וַ/יְכַ֣ל	c/3615	HC/Vpw3ms	13mvX
16	2	2		דָּוִ֔יד	1732	HNp	13RMf
16	2	3		מֵ/הַעֲל֥וֹת	m/5927	HR/Vhc	13Lmi
16	2	4		הָ/עֹלָ֖ה	d/5930 a	HTd/Ncfsa	13frn
16	2	5		וְ/הַ/שְּׁלָמִ֑ים	c/d/8002	HC/Td/Ncmpa	13ukw
16	2	6		וַ/יְבָ֥רֶךְ	c/1288	HC/Vpw3ms	13VKd
16	2	7		אֶת	853	HTo	13tjY
16	2	8		הָ/עָ֖ם	d/5971 a	HTd/Ncmsa	13L7A
16	2	9		בְּ/שֵׁ֥ם	b/8034	HR/Ncmsc	13CiC
16	2	10		יְהוָֽה	3068	HNp	135Lz
16	3	1		וַ/יְחַלֵּק֙	c/2505 a	HC/Vpw3ms	137uH
16	3	2		לְ/כָל	l/3605	HR/Ncmsc	13pEG
16	3	3		אִ֣ישׁ	376	HNcmsc	13m4Z
16	3	4		יִשְׂרָאֵ֔ל	3478	HNp	13Cmt
16	3	5		מֵ/אִ֖ישׁ	m/376	HR/Ncmsa	13hg2
16	3	6		וְ/עַד	c/5704	HC/R	13MDe
16	3	7		אִשָּׁ֑ה	802	HNcfsa	13ezg
16	3	8		לְ/אִישׁ֙	l/376	HR/Ncmsa	13pE4
16	3	9		כִּכַּר	3603	HNcbsc	13p3k
16	3	10		לֶ֔חֶם	3899	HNcbsa	13d1y
16	3	11		וְ/אֶשְׁפָּ֖ר	c/829	HC/Ncmsa	13xV8
16	3	12		וַ/אֲשִׁישָֽׁה	c/809	HC/Ncfsa	137xo
16	4	1		וַ/יִּתֵּ֞ן	c/5414	HC/Vqw3ms	13PPv
16	4	2		לִ/פְנֵ֨י	l/6440	HR/Ncbpc	13Eci
16	4	3		אֲר֧וֹן	727	HNcbsc	13PW7
16	4	4		יְהוָ֛ה	3068	HNp	13kag
16	4	5		מִן	4480 a	HR	13ne1
16	4	6		הַ/לְוִיִּ֖ם	d/3881	HTd/Ngmpa	1374j
16	4	7		מְשָׁרְתִ֑ים	8334	HVprmpa	13Cip
16	4	8		וּ/לְ/הַזְכִּיר֙	c/l/2142	HC/R/Vhc	1343X
16	4	9		וּ/לְ/הוֹד֣וֹת	c/l/3034	HC/R/Vhc	133p9
16	4	10		וּ/לְ/הַלֵּ֔ל	c/l/1984 b	HC/R/Vpc	13fiw
16	4	11		לַ/יהוָ֖ה	l/3068	HR/Np	13vHw
16	4	12		אֱלֹהֵ֥י	430	HNcmpc	13s8T
16	4	13		יִשְׂרָאֵֽל	3478	HNp	13ZaN
16	5	1		אָסָ֥ף	623	HNp	13nYc
16	5	2		הָ/רֹ֖אשׁ	d/7218 a	HTd/Ncmsa	13u3e
16	5	3		וּ/מִשְׁנֵ֣/הוּ	c/4932	HC/Ncmsc/Sp3ms	1339m
16	5	4		זְכַרְיָ֑ה	2148 a	HNp	13dJf
16	5	5		יְעִיאֵ֡ל	3273	HNp	13mri
16	5	6		וּ/שְׁמִֽירָמ֡וֹת	c/8070	HC/Np	13QxH
16	5	7		וִֽ/יחִיאֵ֡ל	c/3171	HC/Np	13U84
16	5	8		וּ/מַתִּתְיָ֡ה	c/4993	HC/Np	13Jy2
16	5	9		וֶ/אֱלִיאָ֡ב	c/446	HC/Np	13HnU
16	5	10		וּ/בְנָיָהוּ֩	c/1141	HC/Np	13zRD
16	5	11		וְ/עֹבֵ֨ד	c/5654+	HC/Np	132v1
16	5	12		אֱדֹ֜ם	5654	HNp	13zJL
16	5	13		וִֽ/יעִיאֵ֗ל	c/3273	HC/Np	13RMN
16	5	14		בִּ/כְלֵ֤י	b/3627	HR/Ncmpc	13eF6
16	5	15		נְבָלִים֙	5035 b	HNcmpa	133VC
16	5	16		וּ/בְ/כִנֹּר֔וֹת	c/b/3658	HC/R/Ncmpa	134tQ
16	5	17		וְ/אָסָ֖ף	c/623	HC/Np	13mn8
16	5	18		בַּֽ/מְצִלְתַּ֥יִם	b/4700	HRd/Ncfda	13k1n
16	5	19		מַשְׁמִֽיעַ	8085	HVhrmsa	13LbT
16	6	1		וּ/בְנָיָ֥הוּ	c/1141	HC/Np	1318q
16	6	2		וְ/יַחֲזִיאֵ֖ל	c/3166	HC/Np	13MDc
16	6	3		הַ/כֹּהֲנִ֑ים	d/3548	HTd/Ncmpa	13Yeh
16	6	4		בַּ/חֲצֹצְר֣וֹת	b/2689	HR/Ncfpa	13khD
16	6	5		תָּמִ֔יד	8548	HNcmsa	131Qt
16	6	6		לִ/פְנֵ֖י	l/6440	HR/Ncbpc	13onH
16	6	7		אֲר֥וֹן	727	HNcbsc	132Kd
16	6	8		בְּרִית	1285	HNcfsc	13LPE
16	6	9		הָ/אֱלֹהִֽים	d/430	HTd/Ncmpa	13Anu
16	7	1		בַּ/יּ֣וֹם	b/3117	HRd/Ncmsa	13YWY
16	7	2		הַ/ה֗וּא	d/1931	HTd/Pp3ms	13FkQ
16	7	3		אָ֣ז	227 a	HD	13vf3
16	7	4		נָתַ֤ן	5414	HVqp3ms	13y8F
16	7	5		דָּוִיד֙	1732	HNp	13uwa
16	7	6		בָּ/רֹ֔אשׁ	b/7218 a	HRd/Ncmsa	13quH
16	7	7		לְ/הֹד֖וֹת	l/3034	HR/Vhc	13FKK
16	7	8		לַ/יהוָ֑ה	l/3068	HR/Np	13EY9
16	7	9		בְּ/יַד	b/3027	HR/Ncbsc	133bJ
16	7	10		אָסָ֖ף	623	HNp	13Euh
16	7	11		וְ/אֶחָֽי/ו	c/251	HC/Ncmpc/Sp3ms	13cUS
16	8	1		הוֹד֤וּ	3034	HVhv2mp	13Kn2
16	8	2		לַֽ/יהוָה֙	l/3068	HR/Np	13VLr
16	8	3		קִרְא֣וּ	7121	HVqv2mp	13esu
16	8	4		בִ/שְׁמ֔/וֹ	b/8034	HR/Ncmsc/Sp3ms	13FiZ
16	8	5		הוֹדִ֥יעוּ	3045	HVhv2mp	13RZJ
16	8	6		בָ/עַמִּ֖ים	b/5971 a	HRd/Ncmpa	138Zb
16	8	7		עֲלִילֹתָֽי/ו	5949	HNcfpc/Sp3ms	13Lat
16	9	1		שִׁ֤ירוּ	7891	HVqv2mp	13dYo
16	9	2		ל/וֹ֙	l	HR/Sp3ms	13b1b
16	9	3		זַמְּרוּ	2167	HVpv2mp	13HdC
16	9	4		ל֔/וֹ	l	HR/Sp3ms	13wTV
16	9	5		שִׂ֖יחוּ	7878	HVqv2mp	13dAy
16	9	6		בְּ/כָל	b/3605	HR/Ncmsc	13HvE
16	9	7		נִפְלְאֹתָֽי/ו	6381	HVNrfpc/Sp3ms	138ac
16	10	1		הִֽתְהַֽלְלוּ֙	1984 b	HVtv2mp	13fZx
16	10	2		בְּ/שֵׁ֣ם	b/8034	HR/Ncmsc	13zSb
16	10	3		קָדְשׁ֔/וֹ	6944	HNcmsc/Sp3ms	136FX
16	10	4		יִשְׂמַ֕ח	8055	HVqi3ms	13yVJ
16	10	5		לֵ֖ב	3820 a	HNcmsc	13Jp4
16	10	6		מְבַקְשֵׁ֥י	1245	HVprmpc	1347f
16	10	7		יְהוָֽה	3068	HNp	13sbC
16	11	1		דִּרְשׁ֤וּ	1875	HVqv2mp	138UN
16	11	2		יְהוָה֙	3068	HNp	13cbJ
16	11	3		וְ/עֻזּ֔/וֹ	c/5797	HC/Ncmsc/Sp3ms	13wTH
16	11	4		בַּקְּשׁ֥וּ	1245	HVpv2mp	13sDn
16	11	5		פָנָ֖י/ו	6440	HNcbpc/Sp3ms	131fa
16	11	6		תָּמִֽיד	8548	HNcmsa	134Hx
16	12	1		זִכְר֗וּ	2142	HVqv2mp	13J4p
16	12	2		נִפְלְאֹתָי/ו֙	6381	HVNrfpc/Sp3ms	13eKA
16	12	3		אֲשֶׁ֣ר	834 a	HTr	13kof
16	12	4		עָשָׂ֔ה	6213 a	HVqp3ms	13oxJ
16	12	5		מֹפְתָ֖י/ו	4159	HNcmpc/Sp3ms	13Lkz
16	12	6		וּ/מִשְׁפְּטֵי	c/4941	HC/Ncmpc	13a35
16	12	7		פִֽי/הוּ	6310	HNcmsc/Sp3ms	1385C
16	13	1		זֶ֚רַע	2233	HNcmsc	13duB
16	13	2		יִשְׂרָאֵ֣ל	3478	HNp	13Dd8
16	13	3		עַבְדּ֔/וֹ	5650	HNcmsc/Sp3ms	132Ez
16	13	4		בְּנֵ֥י	1121 a	HNcmpc	13zgP
16	13	5		יַעֲקֹ֖ב	3290	HNp	13K1F
16	13	6		בְּחִירָֽי/ו	972	HNcmpc/Sp3ms	13F8k
16	14	1		ה֚וּא	1931	HPp3ms	13yie
16	14	2		יְהוָ֣ה	3068	HNp	13AGX
16	14	3		אֱלֹהֵ֔י/נוּ	430	HNcmpc/Sp1cp	13QZQ
16	14	4		בְּ/כָל	b/3605	HR/Ncmsc	13iJj
16	14	5		הָ/אָ֖רֶץ	d/776	HTd/Ncbsa	139tK
16	14	6		מִשְׁפָּטָֽי/ו	4941	HNcmpc/Sp3ms	13cdf
16	15	1		זִכְר֤וּ	2142	HVqv2mp	13ViQ
16	15	2		לְ/עוֹלָם֙	l/5769	HR/Ncmsa	136Gq
16	15	3		בְּרִית֔/וֹ	1285	HNcfsc/Sp3ms	13xzK
16	15	4		דָּבָ֥ר	1697	HNcmsa	13M3A
16	15	5		צִוָּ֖ה	6680	HVpp3ms	13ixU
16	15	6		לְ/אֶ֥לֶף	l/505	HR/Acbsa	13grk
16	15	7		דּֽוֹר	1755	HNcmsa	13cot
16	16	1		אֲשֶׁ֤ר	834 a	HTr	13K5A
16	16	2		כָּרַת֙	3772	HVqp3ms	13EZv
16	16	3		אֶת	854	HR	13z5E
16	16	4		אַבְרָהָ֔ם	85	HNp	13V3V
16	16	5		וּ/שְׁבוּעָת֖/וֹ	c/7621	HC/Ncfsc/Sp3ms	13SE1
16	16	6		לְ/יִצְחָֽק	l/3327	HR/Np	13thM
16	17	1		וַ/יַּעֲמִידֶ֤/הָ	c/5975	HC/Vhw3ms/Sp3fs	132ww
16	17	2		לְ/יַעֲקֹב֙	l/3290	HR/Np	13GEX
16	17	3		לְ/חֹ֔ק	l/2706	HR/Ncmsa	13V1p
16	17	4		לְ/יִשְׂרָאֵ֖ל	l/3478	HR/Np	13bZG
16	17	5		בְּרִ֥ית	1285	HNcfsc	13mCK
16	17	6		עוֹלָֽם	5769	HNcmsa	13t2E
16	18	1		לֵ/אמֹ֗ר	l/559	HR/Vqc	13vxV
16	18	2		לְ/ךָ֙	l	HR/Sp2ms	13Jbi
16	18	3		אֶתֵּ֣ן	5414	HVqi1cs	13Cwm
16	18	4		אֶֽרֶץ	776	HNcbsc	13ugN
16	18	5		כְּנָ֔עַן	3667 a	HNp	133S6
16	18	6		חֶ֖בֶל	2256 a	HNcbsc	13Zpg
16	18	7		נַחֲלַתְ/כֶֽם	5159	HNcfsc/Sp2mp	13XbK
16	19	1		בִּֽ/הְיֽוֹתְ/כֶם֙	b/1961	HR/Vqc/Sp2mp	13Rfy
16	19	2		מְתֵ֣י	4962	HNcmpc	13nMK
16	19	3		מִסְפָּ֔ר	4557	HNcmsa	13igt
16	19	4		כִּ/מְעַ֖ט	k/4592	HR/Ncmsa	13J8d
16	19	5		וְ/גָרִ֥ים	c/1481 a	HC/Vqrmpa	13Zuf
16	19	6		בָּֽ/הּ	b	HR/Sp3fs	13Vtr
16	20	1		וַ/יִּֽתְהַלְּכוּ֙	c/1980	HC/Vtw3mp	13qwE
16	20	2		מִ/גּ֣וֹי	m/1471 a	HR/Ncmsa	13KNV
16	20	3		אֶל	413	HR	13wr4
16	20	4		גּ֔וֹי	1471 a	HNcmsa	13vZL
16	20	5		וּ/מִ/מַּמְלָכָ֖ה	c/m/4467	HC/R/Ncfsa	13SzL
16	20	6		אֶל	413	HR	13vye
16	20	7		עַ֥ם	5971 a	HNcmsa	13mzs
16	20	8		אַחֵֽר	312	HAamsa	13RUB
16	21	1		לֹא	3808	HTn	13b16
16	21	2		הִנִּ֤יחַ	3240	HVhp3ms	131Se
16	21	3		לְ/אִישׁ֙	l/376	HR/Ncmsa	13s9f
16	21	4		לְ/עָשְׁקָ֔/ם	l/6231	HR/Vqc/Sp3mp	131Z5
16	21	5		וַ/יּ֥וֹכַח	c/3198	HC/Vhw3ms	13Wis
16	21	6		עֲלֵי/הֶ֖ם	5921 a	HR/Sp3mp	13yWu
16	21	7		מְלָכִֽים	4428	HNcmpa	13MU6
16	22	1		אַֽל	408	HTn	13xmE
16	22	2		תִּגְּעוּ֙	5060	HVqj2mp	13TLt
16	22	3		בִּ/מְשִׁיחָ֔/י	b/4899	HR/Aampc/Sp1cs	13Gim
16	22	4		וּ/בִ/נְבִיאַ֖/י	c/b/5030	HC/R/Ncmpc/Sp1cs	13Jv1
16	22	5		אַל	408	HTn	13hKn
16	22	6		תָּרֵֽעוּ	7489 a	HVhj2mp	13poz
16	23	1		שִׁ֤ירוּ	7891	HVqv2mp	13h7D
16	23	2		לַֽ/יהוָה֙	l/3068	HR/Np	13W2Y
16	23	3		כָּל	3605	HNcmsc	13BHc
16	23	4		הָ/אָ֔רֶץ	d/776	HTd/Ncbsa	13zPq
16	23	5		בַּשְּׂר֥וּ	1319	HVpv2mp	138Mb
16	23	6		מִ/יּֽוֹם	m/3117	HR/Ncmsa	13DU5
16	23	7		אֶל	413	HR	13GoH
16	23	8		י֖וֹם	3117	HNcmsa	13Rco
16	23	9		יְשׁוּעָתֽ/וֹ	3444	HNcfsc/Sp3ms	13qxv
16	24	1		סַפְּר֤וּ	5608 a	HVpv2mp	13teJ
16	24	2		בַ/גּוֹיִם֙	b/1471 a	HRd/Ncmpa	13Yjt
16	24	3		אֶת	853	HTo	13RDD
16	24	4		כְּבוֹד֔/וֹ	3519	HNcbsc/Sp3ms	13Y1A
16	24	5		בְּ/כָל	b/3605	HR/Ncmsc	139gc
16	24	6		הָ/עַמִּ֖ים	d/5971 a	HTd/Ncmpa	13DDp
16	24	7		נִפְלְאֹתָֽי/ו	6381	HVNrfpc/Sp3ms	13w2a
16	25	1		כִּי֩	3588 a	HC	1352N
16	25	2		גָד֨וֹל	1419 a	HAamsa	133Jb
16	25	3		יְהוָ֤ה	3068	HNp	13AaT
16	25	4		וּ/מְהֻלָּל֙	c/1984 b	HC/VPsmsa	13rmh
16	25	5		מְאֹ֔ד	3966	HD	13M5h
16	25	6		וְ/נוֹרָ֥א	c/3372	HC/VNrmsa	13SLw
16	25	7		ה֖וּא	1931	HPp3ms	13mzL
16	25	8		עַל	5921 a	HR	13s1q
16	25	9		כָּל	3605	HNcmsc	13L75
16	25	10		אֱלֹהִֽים	430	HNcmpa	13hfu
16	26	1		כִּ֠י	3588 a	HC	13JV9
16	26	2		כָּל	3605	HNcmsc	13Luf
16	26	3		אֱלֹהֵ֤י	430	HNcmpc	13dyW
16	26	4		הָ/עַמִּים֙	d/5971 a	HTd/Ncmpa	13cfy
16	26	5		אֱלִילִ֔ים	457	HNcmpa	13bm3
16	26	6		וַ/יהוָ֖ה	c/3068	HC/Np	13X1G
16	26	7		שָׁמַ֥יִם	8064	HNcmpa	13DAz
16	26	8		עָשָֽׂה	6213 a	HVqp3ms	13cG2
16	27	1		ה֤וֹד	1935	HNcmsa	13SiW
16	27	2		וְ/הָדָר֙	c/1926	HC/Ncmsa	133KU
16	27	3		לְ/פָנָ֔י/ו	l/6440	HR/Ncbpc/Sp3ms	13HCz
16	27	4		עֹ֥ז	5797	HNcmsa	13uez
16	27	5		וְ/חֶדְוָ֖ה	c/2304	HC/Ncfsa	13t7Z
16	27	6		בִּ/מְקֹמֽ/וֹ	b/4725	HR/Ncmsc/Sp3ms	13KG3
16	28	1		הָב֤וּ	3051	HVqv2mp	13BNm
16	28	2		לַֽ/יהוָה֙	l/3068	HR/Np	13S39
16	28	3		מִשְׁפְּח֣וֹת	4940	HNcfpc	1366Y
16	28	4		עַמִּ֔ים	5971 a	HNcmpa	131wE
16	28	5		הָב֥וּ	3051	HVqv2mp	13LNG
16	28	6		לַ/יהוָ֖ה	l/3068	HR/Np	131VD
16	28	7		כָּב֥וֹד	3519	HNcbsa	13Sti
16	28	8		וָ/עֹֽז	c/5797	HC/Ncmsa	139UL
16	29	1		הָב֥וּ	3051	HVqv2mp	13jTj
16	29	2		לַ/יהוָ֖ה	l/3068	HR/Np	13yoM
16	29	3		כְּב֣וֹד	3519	HNcbsc	13u9c
16	29	4		שְׁמ֑/וֹ	8034	HNcmsc/Sp3ms	13npB
16	29	5		שְׂא֤וּ	5375	HVqv2mp	13nhG
16	29	6		מִנְחָה֙	4503	HNcfsa	13FcX
16	29	7		וּ/בֹ֣אוּ	c/935	HC/Vqv2mp	13fZ4
16	29	8		לְ/פָנָ֔י/ו	l/6440	HR/Ncbpc/Sp3ms	1356D
16	29	9		הִשְׁתַּחֲו֥וּ	7812	HVvv2mp	133Lr
16	29	10		לַ/יהוָ֖ה	l/3068	HR/Np	13NnT
16	29	11		בְּ/הַדְרַת	b/1927	HR/Ncfsc	13TQz
16	29	12		קֹֽדֶשׁ	6944	HNcmsa	13rfK
16	30	1		חִ֤ילוּ	2342 a	HVqv2mp	13fa5
16	30	2		מִ/לְּ/פָנָי/ו֙	m/l/6440	HR/R/Ncbpc/Sp3ms	13cLe
16	30	3		כָּל	3605	HNcmsc	13b9p
16	30	4		הָ/אָ֔רֶץ	d/776	HTd/Ncbsa	13iWG
16	30	5		אַף	637	HTa	13v6C
16	30	6		תִּכּ֥וֹן	3559 a	HVNi3fs	13nag
16	30	7		תֵּבֵ֖ל	8398	HNcfsa	13gmi
16	30	8		בַּל	1077	HTn	13ERU
16	30	9		תִּמּֽוֹט	4131	HVNi3fs	13t7c
16	31	1		יִשְׂמְח֤וּ	8056	HVqi3mp	13Y1F
16	31	2		הַ/שָּׁמַ֨יִם֙	d/8064	HTd/Ncmpa	13JXq
16	31	3		וְ/תָגֵ֣ל	c/1523	HC/Vqj3fs	13W2g
16	31	4		הָ/אָ֔רֶץ	d/776	HTd/Ncbsa	13M8k
16	31	5		וְ/יֹאמְר֥וּ	c/559	HC/Vqi3mp	13KnE
16	31	6		בַ/גּוֹיִ֖ם	b/1471 a	HRd/Ncmpa	13hDB
16	31	7		יְהוָ֥ה	3068	HNp	13LFh
16	31	8		מָלָֽךְ	4427 a	HVqp3ms	13EWr
16	32	1		יִרְעַ֤ם	7481	HVqi3ms	13rHN
16	32	2		הַ/יָּם֙	d/3220	HTd/Ncmsa	13LDD
16	32	3		וּ/מְלוֹא֔/וֹ	c/4393	HC/Ncmsc/Sp3ms	13dAG
16	32	4		יַעֲלֹ֥ץ	5970	HVqi3ms	13B9T
16	32	5		הַ/שָּׂדֶ֖ה	d/7704 b	HTd/Ncmsa	13m7U
16	32	6		וְ/כָל	c/3605	HC/Ncmsc	13coZ
16	32	7		אֲשֶׁר	834 a	HTr	13pkN
16	32	8		בּֽ/וֹ	b	HR/Sp3ms	132TP
16	33	1		אָ֥ז	227 a	HD	13p9B
16	33	2		יְרַנְּנ֖וּ	7442 b	HVpi3mp	13Wz8
16	33	3		עֲצֵ֣י	6086	HNcmpc	13CFE
16	33	4		הַ/יָּ֑עַר	d/3293 a	HTd/Ncmsa	13wi9
16	33	5		מִ/לִּ/פְנֵ֣י	m/l/6440	HR/R/Ncbpc	13T67
16	33	6		יְהוָ֔ה	3068	HNp	13biA
16	33	7		כִּי	3588 a	HC	13u4V
16	33	8		בָ֖א	935	HVqp3ms	13wS9
16	33	9		לִ/שְׁפּ֥וֹט	l/8199	HR/Vqc	13rAC
16	33	10		אֶת	853	HTo	13jq8
16	33	11		הָ/אָֽרֶץ	d/776	HTd/Ncbsa	13R4y
16	34	1		הוֹד֤וּ	3034	HVhv2mp	13EfW
16	34	2		לַ/יהוָה֙	l/3068	HR/Np	13U9o
16	34	3		כִּ֣י	3588 a	HC	13VJW
16	34	4		ט֔וֹב	2896 a	HAamsa	13c6w
16	34	5		כִּ֥י	3588 a	HC	13RJ6
16	34	6		לְ/עוֹלָ֖ם	l/5769	HR/Ncmsa	13mKe
16	34	7		חַסְדּֽ/וֹ	2617 a	HNcmsc/Sp3ms	13Z2i
16	35	1		וְ/אִמְר֕וּ	c/559	HC/Vqv2mp	13e3B
16	35	2		הוֹשִׁיעֵ֨/נוּ֙	3467	HVhv2ms/Sp1cp	137Pd
16	35	3		אֱלֹהֵ֣י	430	HNcmpc	13Lgc
16	35	4		יִשְׁעֵ֔/נוּ	3468	HNcmsc/Sp1cp	13RLL
16	35	5		וְ/קַבְּצֵ֥/נוּ	c/6908	HC/Vpv2ms/Sp1cp	13XTN
16	35	6		וְ/הַצִּילֵ֖/נוּ	c/5337	HC/Vhv2ms/Sp1cp	139j9
16	35	7		מִן	4480 a	HR	13xRk
16	35	8		הַ/גּוֹיִ֑ם	d/1471 a	HTd/Ncmpa	13agE
16	35	9		לְ/הֹדוֹת֙	l/3034	HR/Vhc	1399n
16	35	10		לְ/שֵׁ֣ם	l/8034	HR/Ncmsc	13SnR
16	35	11		קָדְשֶׁ֔/ךָ	6944	HNcmsc/Sp2ms	13aw2
16	35	12		לְ/הִשְׁתַּבֵּ֖חַ	l/7623 b	HR/Vtc	13x3j
16	35	13		בִּ/תְהִלָּתֶֽ/ךָ	b/8416	HR/Ncfsc/Sp2ms	138ZD
16	36	1		בָּר֤וּךְ	1288	HVqsmsa	13hyj
16	36	2		יְהוָה֙	3068	HNp	13ADU
16	36	3		אֱלֹהֵ֣י	430	HNcmpc	13shc
16	36	4		יִשְׂרָאֵ֔ל	3478	HNp	13uS9
16	36	5		מִן	4480 a	HR	13bxp
16	36	6		הָ/עוֹלָ֖ם	d/5769	HTd/Ncmsa	13TxD
16	36	7		וְ/עַ֣ד	c/5704	HC/R	13Txd
16	36	8		הָ/עֹלָ֑ם	d/5769	HTd/Ncmsa	13Zqo
16	36	9		וַ/יֹּאמְר֤וּ	c/559	HC/Vqw3mp	13eXv
16	36	10		כָל	3605	HNcmsc	1374M
16	36	11		הָ/עָם֙	d/5971 a	HTd/Ncmsa	13KQd
16	36	12		אָמֵ֔ן	543	HD	13QLn
16	36	13		וְ/הַלֵּ֖ל	c/1984 b	HC/Vpa	13Rz1
16	36	14		לַֽ/יהוָֽה	l/3068	HR/Np	13AR3
16	37	1		וַ/יַּֽעֲזָב	c/5800 a	HC/Vqw3ms	136J4
16	37	2		שָׁ֗ם	8033	HD	137AJ
16	37	3		לִ/פְנֵי֙	l/6440	HR/Ncbpc	13rrT
16	37	4		אֲר֣וֹן	727	HNcbsc	13zc1
16	37	5		בְּרִית	1285	HNcfsa	13t1p
16	37	6		יְהוָ֔ה	3068	HNp	13Nsw
16	37	7		לְ/אָסָ֖ף	l/623	HR/Np	13H4B
16	37	8		וּ/לְ/אֶחָ֑י/ו	c/l/251	HC/R/Ncmpc/Sp3ms	13yhE
16	37	9		לְ/שָׁרֵ֞ת	l/8334	HR/Vpc	13TCJ
16	37	10		לִ/פְנֵ֧י	l/6440	HR/Ncbpc	13HLL
16	37	11		הָ/אָר֛וֹן	d/727	HTd/Ncbsa	13VMR
16	37	12		תָּמִ֖יד	8548	HNcmsa	13nHt
16	37	13		לִ/דְבַר	l/1697	HR/Ncmsc	13uVh
16	37	14		י֥וֹם	3117	HNcmsa	13j46
16	37	15		בְּ/יוֹמֽ/וֹ	b/3117	HR/Ncmsc/Sp3ms	13tWx
16	38	1		וְ/עֹבֵ֥ד	c/5654+	HC/Np	133VF
16	38	2		אֱדֹ֛ם	5654	HNp	13a9R
16	38	3		וַ/אֲחֵי/הֶ֖ם	c/251	HC/Ncmpc/Sp3mp	13BUv
16	38	4		שִׁשִּׁ֣ים	8346	HAcbpa	136Ay
16	38	5		וּ/שְׁמוֹנָ֑ה	c/8083	HC/Acmsa	13buH
16	38	6		וְ/עֹבֵ֨ד	c/5654+	HC/Np	13s74
16	38	7		אֱדֹ֧ם	5654	HNp	13Qem
16	38	8		בֶּן	1121 a	HNcmsc	13okp
16	38	9		יְדִית֛וּן	3038	HNp	135Q5
16	38	10		וְ/חֹסָ֖ה	c/2621	HC/Np	13qJK
16	38	11		לְ/שֹׁעֲרִֽים	l/7778	HR/Ncmpa	13QZB
16	39	1		וְ/אֵ֣ת	c/853	HC/To	13Br9
16	39	2		צָד֣וֹק	6659	HNp	13CaP
16	39	3		הַ/כֹּהֵ֗ן	d/3548	HTd/Ncmsa	132Jq
16	39	4		וְ/אֶחָי/ו֙	c/251	HC/Ncmpc/Sp3ms	13UQf
16	39	5		הַ/כֹּ֣הֲנִ֔ים	d/3548	HTd/Ncmpa	13koC
16	39	6		לִ/פְנֵ֖י	l/6440	HR/Ncbpc	13xyV
16	39	7		מִשְׁכַּ֣ן	4908	HNcmsc	13Leq
16	39	8		יְהוָ֑ה	3068	HNp	13RrD
16	39	9		בַּ/בָּמָ֖ה	b/1116	HRd/Ncfsa	13Kv1
16	39	10		אֲשֶׁ֥ר	834 a	HTr	13S8w
16	39	11		בְּ/גִבְעֽוֹן	b/1391	HR/Np	13hEe
16	40	1		לְֽ/הַעֲלוֹת֩	l/5927	HR/Vhc	13PTn
16	40	2		עֹל֨וֹת	5930 a	HNcfpa	13T7k
16	40	3		לַ/יהוָ֜ה	l/3068	HR/Np	13vKW
16	40	4		עַל	5921 a	HR	13quk
16	40	5		מִזְבַּ֧ח	4196	HNcmsc	13Qsp
16	40	6		הָ/עֹלָ֛ה	d/5930 a	HTd/Ncfsa	13q5z
16	40	7		תָּמִ֖יד	8548	HNcmsa	13rTe
16	40	8		לַ/בֹּ֣קֶר	l/1242	HRd/Ncmsa	13CMT
16	40	9		וְ/לָ/עָ֑רֶב	c/l/6153	HC/Rd/Ncmsa	13npi
16	40	10		וּ/לְ/כָל	c/l/3605	HC/R/Ncmsc	13f16
16	40	11		הַ/כָּתוּב֙	d/3789	HTd/Vqsmsa	137Yx
16	40	12		בְּ/תוֹרַ֣ת	b/8451	HR/Ncfsc	134CA
16	40	13		יְהוָ֔ה	3068	HNp	13bwy
16	40	14		אֲשֶׁ֥ר	834 a	HTr	13gtP
16	40	15		צִוָּ֖ה	6680	HVpp3ms	13QYM
16	40	16		עַל	5921 a	HR	13NXX
16	40	17		יִשְׂרָאֵֽל	3478	HNp	13JFS
16	41	1		וְ/עִמָּ/הֶם֙	c/5973 a	HC/R/Sp3mp	13vz1
16	41	2		הֵימָ֣ן	1968	HNp	133P6
16	41	3		וִֽ/ידוּת֔וּן	c/3038	HC/Np	138so
16	41	4		וּ/שְׁאָר֙	c/7605	HC/Ncmsc	13YUp
16	41	5		הַ/בְּרוּרִ֔ים	d/1305	HTd/Vqsmpa	13N5y
16	41	6		אֲשֶׁ֥ר	834 a	HTr	13G2c
16	41	7		נִקְּב֖וּ	5344 a	HVNp3cp	13MUh
16	41	8		בְּ/שֵׁמ֑וֹת	b/8034	HR/Ncmpa	13rRV
16	41	9		לְ/הֹדוֹת֙	l/3034	HR/Vhc	13y81
16	41	10		לַֽ/יהוָ֔ה	l/3068	HR/Np	13oA4
16	41	11		כִּ֥י	3588 a	HC	13f9w
16	41	12		לְ/עוֹלָ֖ם	l/5769	HR/Ncmsa	13PwW
16	41	13		חַסְדּֽ/וֹ	2617 a	HNcmsc/Sp3ms	13Fkn
16	42	1		וְ/עִמָּ/הֶם֩	c/5973 a	HC/R/Sp3mp	13bpn
16	42	2		הֵימָ֨ן	1968	HNp	13ywD
16	42	3		וִֽ/ידוּת֜וּן	c/3038	HC/Np	13hBi
16	42	4		חֲצֹצְר֤וֹת	2689	HNcfpa	139jd
16	42	5		וּ/מְצִלְתַּ֨יִם֙	c/4700	HC/Ncfda	13NGN
16	42	6		לְ/מַשְׁמִיעִ֔ים	l/8085	HR/Vhrmpa	1331w
16	42	7		וּ/כְלֵ֖י	c/3627	HC/Ncmpc	13nHz
16	42	8		שִׁ֣יר	7892 a	HNcbsc	13yym
16	42	9		הָ/אֱלֹהִ֑ים	d/430	HTd/Ncmpa	13yHv
16	42	10		וּ/בְנֵ֥י	c/1121 a	HC/Ncmpc	13D9G
16	42	11		יְדוּת֖וּן	3038	HNp	13ZkS
16	42	12		לַ/שָּֽׁעַר	l/8179	HRd/Ncmsa	137eY
16	43	1		וַ/יֵּלְכ֥וּ	c/3212	HC/Vqw3mp	135KS
16	43	2		כָל	3605	HNcmsc	13QMc
16	43	3		הָ/עָ֖ם	d/5971 a	HTd/Ncmsa	13vNk
16	43	4		אִ֣ישׁ	376	HNcmsa	13Rs6
16	43	5		לְ/בֵית֑/וֹ	l/1004 b	HR/Ncmsc/Sp3ms	13aq4
16	43	6		וַ/יִּסֹּ֥ב	c/5437	HC/Vqw3ms	13yyt
16	43	7		דָּוִ֖יד	1732	HNp	13J2d
16	43	8		לְ/בָרֵ֥ךְ	l/1288	HR/Vpc	13CqT
16	43	9		אֶת	853	HTo	13MTY
16	43	10		בֵּיתֽ/וֹ	1004 b	HNcmsc/Sp3ms	13VoC
17	1	1		וַ/יְהִ֕י	c/1961	HC/Vqw3ms	13Vpi
17	1	2		כַּ/אֲשֶׁ֛ר	k/834 d	HR/Tr	13PBT
17	1	3		יָשַׁ֥ב	3427	HVqp3ms	13HGR
17	1	4		דָּוִ֖יד	1732	HNp	136sk
17	1	5		בְּ/בֵית֑/וֹ	b/1004 b	HR/Ncmsc/Sp3ms	13k8E
17	1	6		וַ/יֹּ֨אמֶר	c/559	HC/Vqw3ms	132HU
17	1	7		דָּוִ֜יד	1732	HNp	13ULv
17	1	8		אֶל	413	HR	13eXZ
17	1	9		נָתָ֣ן	5416	HNp	13pUs
17	1	10		הַ/נָּבִ֗יא	d/5030	HTd/Ncmsa	1392R
17	1	11		הִנֵּ֨ה	2009	HTm	13M7V
17	1	12		אָנֹכִ֤י	595	HPp1cs	13N33
17	1	13		יוֹשֵׁב֙	3427	HVqrmsa	13wN2
17	1	14		בְּ/בֵ֣ית	b/1004 b	HR/Ncmsc	1368n
17	1	15		הָֽ/אֲרָזִ֔ים	d/730	HTd/Ncmpa	13GAD
17	1	16		וַ/אֲר֥וֹן	c/727	HC/Ncbsc	131ee
17	1	17		בְּרִית	1285	HNcfsc	13dZh
17	1	18		יְהוָ֖ה	3068	HNp	13cKU
17	1	19		תַּ֥חַת	8478	HR	13bSE
17	1	20		יְרִיעֽוֹת	3407	HNcfpa	13EWA
17	2	1		וַ/יֹּ֤אמֶר	c/559	HC/Vqw3ms	13zWo
17	2	2		נָתָן֙	5416	HNp	13djv
17	2	3		אֶל	413	HR	13Ukr
17	2	4		דָּוִ֔יד	1732	HNp	13UM1
17	2	5		כֹּ֛ל	3605	HNcmsa	13Ubd
17	2	6		אֲשֶׁ֥ר	834 a	HTr	13oqY
17	2	7		בִּֽ/לְבָבְ/ךָ֖	b/3824	HR/Ncmsc/Sp2ms	13HYy
17	2	8		עֲשֵׂ֑ה	6213 a	HVqv2ms	13dH2
17	2	9		כִּ֥י	3588 a	HC	13SSn
17	2	10		הָ/אֱלֹהִ֖ים	d/430	HTd/Ncmpa	139WF
17	2	11		עִמָּֽ/ךְ	5973 a	HR/Sp2fs	13Ddt
17	3	1		וַֽ/יְהִ֖י	c/1961	HC/Vqw3ms	13xK2
17	3	2		בַּ/לַּ֣יְלָה	b/3915	HRd/Ncmsa	13DPi
17	3	3		הַ/ה֑וּא	d/1931	HTd/Pp3ms	13D8e
17	3	4		וַ/יְהִי֙	c/1961	HC/Vqw3ms	13Sx9
17	3	5		דְּבַר	1697	HNcmsc	13im8
17	3	6		אֱלֹהִ֔ים	430	HNcmpa	13Enx
17	3	7		אֶל	413	HR	133mF
17	3	8		נָתָ֖ן	5416	HNp	13Lmj
17	3	9		לֵ/אמֹֽר	l/559	HR/Vqc	13Wuy
17	4	1		לֵ֤ךְ	3212	HVqv2ms	13SLZ
17	4	2		וְ/אָמַרְתָּ֙	c/559	HC/Vqq2ms	13ooD
17	4	3		אֶל	413	HR	13wcw
17	4	4		דָּוִ֣יד	1732	HNp	13c32
17	4	5		עַבְדִּ֔/י	5650	HNcmsc/Sp1cs	13Xsg
17	4	6		כֹּ֖ה	3541	HD	13sZv
17	4	7		אָמַ֣ר	559	HVqp3ms	13S9x
17	4	8		יְהוָ֑ה	3068	HNp	13CfQ
17	4	9		לֹ֥א	3808	HTn	13ZGT
17	4	10		אַתָּ֛ה	859 a	HPp2ms	13zLW
17	4	11		תִּבְנֶה	1129	HVqi2ms	13tDQ
17	4	12		לִּ֥/י	l	HR/Sp1cs	13oNh
17	4	13		הַ/בַּ֖יִת	d/1004 b	HTd/Ncmsa	13S1Y
17	4	14		לָ/שָֽׁבֶת	l/3427	HR/Vqc	13DG9
17	5	1		כִּ֣י	3588 a	HC	13BDe
17	5	2		לֹ֤א	3808	HTn	13D2q
17	5	3		יָשַׁ֨בְתִּי֙	3427	HVqp1cs	13qAx
17	5	4		בְּ/בַ֔יִת	b/1004 b	HR/Ncmsa	13axC
17	5	5		מִן	4480 a	HR	13o6W
17	5	6		הַ/יּ֗וֹם	d/3117	HTd/Ncmsa	13x5r
17	5	7		אֲשֶׁ֤ר	834 a	HTr	138x6
17	5	8		הֶעֱלֵ֨יתִי֙	5927	HVhp1cs	13LnD
17	5	9		אֶת	853	HTo	13iU5
17	5	10		יִשְׂרָאֵ֔ל	3478	HNp	13HeA
17	5	11		עַ֖ד	5704	HR	13FnB
17	5	12		הַ/יּ֣וֹם	d/3117	HTd/Ncmsa	13fF5
17	5	13		הַ/זֶּ֑ה	d/2088	HTd/Pdxms	13hRX
17	5	14		וָֽ/אֶהְיֶ֛ה	c/1961	HC/Vqw1cs	13Rdj
17	5	15		מֵ/אֹ֥הֶל	m/168	HR/Ncmsa	13FNm
17	5	16		אֶל	413	HR	13HZS
17	5	17		אֹ֖הֶל	168	HNcmsa	13UKW
17	5	18		וּ/מִ/מִּשְׁכָּֽן	c/m/4908	HC/R/Ncmsa	134RJ
17	6	1		בְּ/כֹ֥ל	b/3605	HR/Ncmsa	13EPF
17	6	2		אֲשֶֽׁר	834 a	HTr	13BNN
17	6	3		הִתְהַלַּכְתִּי֮	1980	HVtp1cs	13osb
17	6	4		בְּ/כָל	b/3605	HR/Ncmsc	13xWk
17	6	5		יִשְׂרָאֵל֒	3478	HNp	13Kkd
17	6	6		הֲ/דָבָ֣ר	i/1697	HTi/Ncmsa	13M8D
17	6	7		דִּבַּ֗רְתִּי	1696	HVpp1cs	133w9
17	6	8		אֶת	854	HR	13TQy
17	6	9		אַחַד֙	259	HAcmsa	13cG9
17	6	10		שֹׁפְטֵ֣י	8199	HVqrmpc	13nVF
17	6	11		יִשְׂרָאֵ֔ל	3478	HNp	136xK
17	6	12		אֲשֶׁ֥ר	834 a	HTr	13MQy
17	6	13		צִוִּ֛יתִי	6680	HVpp1cs	13Cnn
17	6	14		לִ/רְע֥וֹת	l/7462 b	HR/Vqc	13rZz
17	6	15		אֶת	853	HTo	13LLu
17	6	16		עַמִּ֖/י	5971 a	HNcmsc/Sp1cs	13frk
17	6	17		לֵ/אמֹ֑ר	l/559	HR/Vqc	13e6d
17	6	18		לָ֛/מָּה	l/4100	HR/Ti	13qrz
17	6	19		לֹא	3808	HTn	13yUB
17	6	20		בְנִיתֶ֥ם	1129	HVqp2mp	13Qko
17	6	21		לִ֖/י	l	HR/Sp1cs	13Kxd
17	6	22		בֵּ֥ית	1004 b	HNcmsc	136Gp
17	6	23		אֲרָזִֽים	730	HNcmpa	13pHy
17	7	1		וְ֠/עַתָּה	c/6258	HC/D	139px
17	7	2		כֹּֽה	3541	HD	13YdZ
17	7	3		תֹאמַ֞ר	559	HVqi2ms	13GfP
17	7	4		לְ/עַבְדִּ֣/י	l/5650	HR/Ncmsc/Sp1cs	138ms
17	7	5		לְ/דָוִ֗יד	l/1732	HR/Np	134aE
17	7	6		כֹּ֤ה	3541	HD	13c85
17	7	7		אָמַר֙	559	HVqp3ms	136SP
17	7	8		יְהוָ֣ה	3068	HNp	13njU
17	7	9		צְבָא֔וֹת	6635 b	HNcbpa	13zbT
17	7	10		אֲנִ֤י	589	HPp1cs	13PX2
17	7	11		לְקַחְתִּ֨י/ךָ֙	3947	HVqp1cs/Sp2ms	13UJ6
17	7	12		מִן	4480 a	HR	134rn
17	7	13		הַ/נָּוֶ֔ה	d/5116 a	HTd/Ncbsa	13mdG
17	7	14		מִֽן	4480 a	HR	13tVz
17	7	15		אַחֲרֵ֖י	310 a	HR	13GRj
17	7	16		הַ/צֹּ֑אן	d/6629	HTd/Ncbsa	13J6b
17	7	17		לִ/הְי֣וֹת	l/1961	HR/Vqc	13K5C
17	7	18		נָגִ֔יד	5057	HNcmsa	13xen
17	7	19		עַ֖ל	5921 a	HR	13t7j
17	7	20		עַמִּ֥/י	5971 a	HNcmsc/Sp1cs	13nDA
17	7	21		יִשְׂרָאֵֽל	3478	HNp	13KhP
17	8	1		וָֽ/אֶהְיֶ֣ה	c/1961	HC/Vqw1cs	13cj2
17	8	2		עִמְּ/ךָ֗	5973 a	HR/Sp2ms	13wEK
17	8	3		בְּ/כֹל֙	b/3605	HR/Ncmsa	13h2t
17	8	4		אֲשֶׁ֣ר	834 a	HTr	138ES
17	8	5		הָלַ֔כְתָּ	1980	HVqp2ms	13Qv8
17	8	6		וָ/אַכְרִ֥ית	c/3772	HC/Vhw1cs	139rU
17	8	7		אֶת	853	HTo	13bak
17	8	8		כָּל	3605	HNcmsc	139uw
17	8	9		אוֹיְבֶ֖י/ךָ	341	HVqrmpc/Sp2ms	13M4p
17	8	10		מִ/פָּנֶ֑י/ךָ	m/6440	HR/Ncbpc/Sp2ms	138MU
17	8	11		וְ/עָשִׂ֤יתִֽי	c/6213 a	HC/Vqq1cs	13PGb
17	8	12		לְ/ךָ֙	l	HR/Sp2ms	13VUp
17	8	13		שֵׁ֔ם	8034	HNcmsa	13E1n
17	8	14		כְּ/שֵׁ֥ם	k/8034	HR/Ncmsc	13Y2Y
17	8	15		הַ/גְּדוֹלִ֖ים	d/1419 a	HTd/Aampa	135sD
17	8	16		אֲשֶׁ֥ר	834 a	HTr	13mZV
17	8	17		בָּ/אָֽרֶץ	b/776	HRd/Ncbsa	13XL9
17	9	1		וְ/שַׂמְתִּ֣י	c/7760 a	HC/Vqq1cs	13dgp
17	9	2		מָ֠קוֹם	4725	HNcmsa	13P1D
17	9	3		לְ/עַמִּ֨/י	l/5971 a	HR/Ncmsc/Sp1cs	13Voq
17	9	4		יִשְׂרָאֵ֤ל	3478	HNp	13cuR
17	9	5		וּ/נְטַעְתִּ֨י/הוּ֙	c/5193	HC/Vqq1cs/Sp3ms	13nKb
17	9	6		וְ/שָׁכַ֣ן	c/7931	HC/Vqq3ms	13zRe
17	9	7		תַּחְתָּ֔י/ו	8478	HR/Sp3ms	13cp8
17	9	8		וְ/לֹ֥א	c/3808	HC/Tn	13ubs
17	9	9		יִרְגַּ֖ז	7264	HVqi3ms	13TwC
17	9	10		ע֑וֹד	5750	HD	13Eio
17	9	11		וְ/לֹא	c/3808	HC/Tn	13tLC
17	9	12		יוֹסִ֤יפוּ	3254	HVhi3mp	137Pm
17	9	13		בְנֵי	1121 a	HNcmpc	13CaG
17	9	14		עַוְלָה֙	5766 b	HNcbsa	131Ux
17	9	15		לְ/בַלֹּת֔/וֹ	l/1086	HR/Vpc/Sp3ms	13uTK
17	9	16		כַּ/אֲשֶׁ֖ר	k/834 d	HR/Tr	13RC9
17	9	17		בָּ/רִאשׁוֹנָֽה	b/7223	HRd/Aafsa	13chV
17	10	1		וּ/לְ/מִ/יָּמִ֗ים	c/l/m/3117	HC/R/R/Ncmpa	13p9U
17	10	2		אֲשֶׁ֨ר	834 a	HTr	13hWs
17	10	3		צִוִּ֤יתִי	6680	HVpp1cs	13SiP
17	10	4		שֹֽׁפְטִים֙	8199	HVqrmpa	13kzz
17	10	5		עַל	5921 a	HR	13G6H
17	10	6		עַמִּ֣/י	5971 a	HNcmsc/Sp1cs	13e1Q
17	10	7		יִשְׂרָאֵ֔ל	3478	HNp	13wM8
17	10	8		וְ/הִכְנַ֖עְתִּי	c/3665	HC/Vhq1cs	13xaJ
17	10	9		אֶת	853	HTo	13M8s
17	10	10		כָּל	3605	HNcmsc	13TuB
17	10	11		אוֹיְבֶ֑י/ךָ	341	HVqrmpc/Sp2ms	13h4J
17	10	12		וָ/אַגִּ֣ד	c/5046	HC/Vhw1cs	13MMi
17	10	13		לָ֔/ךְ	l	HR/Sp2fs	13g3H
17	10	14		וּ/בַ֖יִת	c/1004 b	HC/Ncmsa	13fBm
17	10	15		יִֽבְנֶה	1129	HVqi3ms	13uR2
17	10	16		לְּ/ךָ֥	l	HR/Sp2ms	13Z42
17	10	17		יְהוָֽה	3068	HNp	13feu
17	11	1		וְ/הָיָ֗ה	c/1961	HC/Vqq3ms	13SCB
17	11	2		כִּֽי	3588 a	HC	132V8
17	11	3		מָלְא֤וּ	4390	HVqp3cp	13QjH
17	11	4		יָמֶ֨י/ךָ֙	3117	HNcmpc/Sp2ms	136H5
17	11	5		לָ/לֶ֣כֶת	l/3212	HR/Vqc	13pdZ
17	11	6		עִם	5973 a	HR	13UsU
17	11	7		אֲבֹתֶ֔י/ךָ	1	HNcmpc/Sp2ms	13AAw
17	11	8		וַ/הֲקִֽימוֹתִ֤י	c/6965 b	HC/Vhq1cs	13rhN
17	11	9		אֶֽת	853	HTo	13mL7
17	11	10		זַרְעֲ/ךָ֙	2233	HNcmsc/Sp2ms	13Lfy
17	11	11		אַחֲרֶ֔י/ךָ	310 a	HR/Sp2ms	134Um
17	11	12		אֲשֶׁ֥ר	834 a	HTr	13Eu9
17	11	13		יִהְיֶ֖ה	1961	HVqi3ms	13VP9
17	11	14		מִ/בָּנֶ֑י/ךָ	m/1121 a	HR/Ncmpc/Sp2ms	13iXa
17	11	15		וַ/הֲכִינוֹתִ֖י	c/3559 a	HC/Vhq1cs	13tSV
17	11	16		אֶת	853	HTo	134Lt
17	11	17		מַלְכוּתֽ/וֹ	4438	HNcfsc/Sp3ms	13pjx
17	12	1		ה֥וּא	1931	HPp3ms	13Kdb
17	12	2		יִבְנֶה	1129	HVqi3ms	137GA
17	12	3		לִּ֖/י	l	HR/Sp1cs	13UrQ
17	12	4		בָּ֑יִת	1004 b	HNcmsa	13oMw
17	12	5		וְ/כֹנַנְתִּ֥י	c/3559 a	HC/Voq1cs	137Ey
17	12	6		אֶת	853	HTo	13sR9
17	12	7		כִּסְא֖/וֹ	3678	HNcmsc/Sp3ms	13Upo
17	12	8		עַד	5704	HR	13tV7
17	12	9		עוֹלָֽם	5769	HNcmsa	13X4N
17	13	1		אֲנִי֙	589	HPp1cs	13BMP
17	13	2		אֶֽהְיֶה	1961	HVqi1cs	13XQZ
17	13	3		לּ֣/וֹ	l	HR/Sp3ms	13AgV
17	13	4		לְ/אָ֔ב	l/1	HR/Ncmsa	1342a
17	13	5		וְ/ה֖וּא	c/1931	HC/Pp3ms	131bX
17	13	6		יִֽהְיֶה	1961	HVqi3ms	13DmX
17	13	7		לִּ֣/י	l	HR/Sp1cs	13uSY
17	13	8		לְ/בֵ֑ן	l/1121 a	HR/Ncmsa	13J6k
17	13	9		וְ/חַסְדִּ/י֙	c/2617 a	HC/Ncmsc/Sp1cs	13J8W
17	13	10		לֹא	3808	HTn	13q9y
17	13	11		אָסִ֣יר	5493	HVhi1cs	13VHs
17	13	12		מֵֽ/עִמּ֔/וֹ	m/5973 b	HR/R/Sp3ms	13vXK
17	13	13		כַּ/אֲשֶׁ֣ר	k/834 d	HR/Tr	13Fyg
17	13	14		הֲסִיר֔וֹתִי	5493	HVhp1cs	13BF8
17	13	15		מֵ/אֲשֶׁ֥ר	m/834 c	HR/Tr	136WH
17	13	16		הָיָ֖ה	1961	HVqp3ms	13pnb
17	13	17		לְ/פָנֶֽי/ךָ	l/6440	HR/Ncbpc/Sp2ms	138Sp
17	14	1		וְ/הַֽעֲמַדְתִּ֛י/הוּ	c/5975	HC/Vhq1cs/Sp3ms	13e6W
17	14	2		בְּ/בֵיתִ֥/י	b/1004 b	HR/Ncmsc/Sp1cs	13X9H
17	14	3		וּ/בְ/מַלְכוּתִ֖/י	c/b/4438	HC/R/Ncfsc/Sp1cs	13TGD
17	14	4		עַד	5704	HR	13FoJ
17	14	5		הָ/עוֹלָ֑ם	d/5769	HTd/Ncmsa	135Ay
17	14	6		וְ/כִסְא֕/וֹ	c/3678	HC/Ncmsc/Sp3ms	13BSJ
17	14	7		יִהְיֶ֥ה	1961	HVqi3ms	13j9y
17	14	8		נָכ֖וֹן	3559 a	HVNrmsa	13FZn
17	14	9		עַד	5704	HR	13HhN
17	14	10		עוֹלָֽם	5769	HNcmsa	13gtJ
17	15	1		כְּ/כֹל֙	k/3605	HR/Ncmsc	13ZC2
17	15	2		הַ/דְּבָרִ֣ים	d/1697	HTd/Ncmpa	13h7b
17	15	3		הָ/אֵ֔לֶּה	d/428	HTd/Pdxcp	13sWn
17	15	4		וּ/כְ/כֹ֖ל	c/k/3605	HC/R/Ncmsc	13diL
17	15	5		הֶ/חָז֣וֹן	d/2377	HTd/Ncmsa	13MzP
17	15	6		הַ/זֶּ֑ה	d/2088	HTd/Pdxms	13soR
17	15	7		כֵּ֛ן	3651 c	HTm	13oJs
17	15	8		דִּבֶּ֥ר	1696	HVpp3ms	13P7Z
17	15	9		נָתָ֖ן	5416	HNp	13UMk
17	15	10		אֶל	413	HR	13yqU
17	15	11		דָּוִֽיד	1732	HNp	13zhi
17	16	1		וַ/יָּבֹא֙	c/935	HC/Vqw3ms	13HwR
17	16	2		הַ/מֶּ֣לֶךְ	d/4428	HTd/Ncmsa	13vo1
17	16	3		דָּוִ֔יד	1732	HNp	13jQT
17	16	4		וַ/יֵּ֖שֶׁב	c/3427	HC/Vqw3ms	13hL8
17	16	5		לִ/פְנֵ֣י	l/6440	HR/Ncbpc	13PSr
17	16	6		יְהוָ֑ה	3068	HNp	13A7A
17	16	7		וַ/יֹּ֗אמֶר	c/559	HC/Vqw3ms	13Yn7
17	16	8		מִֽי	4310	HTi	13LGS
17	16	9		אֲנִ֞י	589	HPp1cs	137gX
17	16	10		יְהוָ֤ה	3068	HNp	13uwj
17	16	11		אֱלֹהִים֙	430	HNcmpa	13jLM
17	16	12		וּ/מִ֣י	c/4310	HC/Ti	13kdj
17	16	13		בֵיתִ֔/י	1004 b	HNcmsc/Sp1cs	13adQ
17	16	14		כִּ֥י	3588 a	HC	134iK
17	16	15		הֲבִיאֹתַ֖/נִי	935	HVhp2ms/Sp1cs	13bj1
17	16	16		עַד	5704	HR	13MWz
17	16	17		הֲלֹֽם	1988	HD	13TaW
17	17	1		וַ/תִּקְטַ֨ן	c/6994	HC/Vqw3fs	13KZY
17	17	2		זֹ֤את	2063	HPdxfs	13moJ
17	17	3		בְּ/עֵינֶ֨י/ךָ֙	b/5869 a	HR/Ncbdc/Sp2ms	13TJS
17	17	4		אֱלֹהִ֔ים	430	HNcmpa	13A6D
17	17	5		וַ/תְּדַבֵּ֥ר	c/1696	HC/Vpw2ms	13hwz
17	17	6		עַל	5921 a	HR	13ZqD
17	17	7		בֵּֽית	1004 b	HNcmsc	13p4s
17	17	8		עַבְדְּ/ךָ֖	5650	HNcmsc/Sp2ms	13a92
17	17	9		לְ/מֵ/רָח֑וֹק	l/m/7350	HR/R/Aamsa	13hmo
17	17	10		וּ/רְאִיתַ֗/נִי	c/7200	HC/Vqp2ms/Sp1cs	13wap
17	17	11		כְּ/ת֧וֹר	k/8448	HR/Ncmsc	13vyW
17	17	12		הָ/אָדָ֛ם	d/120	HTd/Ncmsa	13qms
17	17	13		הַֽ/מַּעֲלָ֖ה	d/4609 b	HTd/Ncfsa	13RqS
17	17	14		יְהוָ֥ה	3068	HNp	13gaG
17	17	15		אֱלֹהִֽים	430	HNcmpa	139eX
17	18	1		מַה	4100	HTi	13yVb
17	18	2		יּוֹסִ֨יף	3254	HVhi3ms	133o4
17	18	3		ע֥וֹד	5750	HD	137ZM
17	18	4		דָּוִ֛יד	1732	HNp	13xJt
17	18	5		אֵלֶ֖י/ךָ	413	HR/Sp2ms	13UR1
17	18	6		לְ/כָב֣וֹד	l/3519	HR/Ncbsa	132ps
17	18	7		אֶת	853	HTo	13DM4
17	18	8		עַבְדֶּ֑/ךָ	5650	HNcmsc/Sp2ms	13XS5
17	18	9		וְ/אַתָּ֖ה	c/859 a	HC/Pp2ms	1346A
17	18	10		אֶֽת	853	HTo	13SS8
17	18	11		עַבְדְּ/ךָ֥	5650	HNcmsc/Sp2ms	13Ynk
17	18	12		יָדָֽעְתָּ	3045	HVqp2ms	132XA
17	19	1		יְהוָ֕ה	3068	HNp	13K7p
17	19	2		בַּ/עֲב֤וּר	b/5668	HR/Ncmsc	13uM1
17	19	3		עַבְדְּ/ךָ֙	5650	HNcmsc/Sp2ms	139Xs
17	19	4		וּֽ/כְ/לִבְּ/ךָ֔	c/k/3820 a	HC/R/Ncmsc/Sp2ms	139Qh
17	19	5		עָשִׂ֕יתָ	6213 a	HVqp2ms	13XmE
17	19	6		אֵ֥ת	853	HTo	13uzM
17	19	7		כָּל	3605	HNcmsc	13XRp
17	19	8		הַ/גְּדוּלָּ֖ה	d/1420	HTd/Ncfsa	13yp2
17	19	9		הַ/זֹּ֑את	d/2063	HTd/Pdxfs	13DJM
17	19	10		לְ/הֹדִ֖יעַ	l/3045	HR/Vhc	13vQR
17	19	11		אֶת	853	HTo	13cab
17	19	12		כָּל	3605	HNcmsc	13A5y
17	19	13		הַ/גְּדֻלּֽוֹת	d/1420	HTd/Ncfpa	13BKA
17	20	1		יְהוָה֙	3068	HNp	13B6D
17	20	2		אֵ֣ין	369	HTn	13bx9
17	20	3		כָּמ֔וֹ/ךָ	3644	HR/Sp2ms	13kw8
17	20	4		וְ/אֵ֥ין	c/369	HC/Tn	13ugJ
17	20	5		אֱלֹהִ֖ים	430	HNcmpa	13oT3
17	20	6		זוּלָתֶ֑/ךָ	2108	HR/Sp2ms	137n5
17	20	7		בְּ/כֹ֥ל	b/3605	HR/Ncmsa	13zjF
17	20	8		אֲשֶׁר	834 a	HTr	132wq
17	20	9		שָׁמַ֖עְנוּ	8085	HVqp1cp	13TKy
17	20	10		בְּ/אָזְנֵֽי/נוּ	b/241	HR/Ncfdc/Sp1cp	13Zvg
17	21	1		וּ/מִי֙	c/4310	HC/Ti	13Xdn
17	21	2		כְּ/עַמְּ/ךָ֣	k/5971 a	HR/Ncmsc/Sp2ms	13ewY
17	21	3		יִשְׂרָאֵ֔ל	3478	HNp	13wyg
17	21	4		גּ֥וֹי	1471 a	HNcmsa	13V4B
17	21	5		אֶחָ֖ד	259	HAcmsa	13Noa
17	21	6		בָּ/אָ֑רֶץ	b/776	HRd/Ncbsa	13gYC
17	21	7		אֲשֶׁר֩	834 a	HTr	13QQa
17	21	8		הָלַ֨ךְ	1980	HVqp3ms	13q6Z
17	21	9		הָ/אֱלֹהִ֜ים	d/430	HTd/Ncmpa	13ZLy
17	21	10		לִ/פְדּ֧וֹת	l/6299	HR/Vqc	13BzT
17	21	11		ל֣/וֹ	l	HR/Sp3ms	13TJK
17	21	12		עָ֗ם	5971 a	HNcmsa	139kM
17	21	13		לָ/שׂ֤וּם	l/7760 a	HR/Vqc	13ZPK
17	21	14		לְ/ךָ֙	l	HR/Sp2ms	13Gh3
17	21	15		שֵׁ֚ם	8034	HNcmsa	13SCi
17	21	16		גְּדֻלּ֣וֹת	1420	HNcfpa	138NS
17	21	17		וְ/נֹרָא֔וֹת	c/3372	HC/VNrfpa	13MPG
17	21	18		לְ/גָרֵ֗שׁ	l/1644	HR/Vpc	13SXf
17	21	19		מִ/פְּנֵ֧י	m/6440	HR/Ncbpc	13cJc
17	21	20		עַמְּ/ךָ֛	5971 a	HNcmsc/Sp2ms	133Fn
17	21	21		אֲשֶׁר	834 a	HTr	13eQR
17	21	22		פָּדִ֥יתָ	6299	HVqp2ms	13RFU
17	21	23		מִ/מִּצְרַ֖יִם	m/4714	HR/Np	13bpA
17	21	24		גּוֹיִֽם	1471 a	HNcmpa	13PmA
17	22	1		וַ֠/תִּתֵּן	c/5414	HC/Vqw2ms	13nc7
17	22	2		אֶת	853	HTo	138xD
17	22	3		עַמְּ/ךָ֨	5971 a	HNcmsc/Sp2ms	13QjA
17	22	4		יִשְׂרָאֵ֧ל	3478	HNp	13Wov
17	22	5		לְ/ךָ֛	l	HR/Sp2ms	13p1C
17	22	6		לְ/עָ֖ם	l/5971 a	HR/Ncmsa	134eP
17	22	7		עַד	5704	HR	13dDU
17	22	8		עוֹלָ֑ם	5769	HNcmsa	13kxg
17	22	9		וְ/אַתָּ֣ה	c/859 a	HC/Pp2ms	13H7a
17	22	10		יְהוָ֔ה	3068	HNp	13fjj
17	22	11		הָיִ֥יתָ	1961	HVqp2ms	13KgW
17	22	12		לָ/הֶ֖ם	l	HR/Sp3mp	13kLe
17	22	13		לֵ/אלֹהִֽים	l/430	HR/Ncmpa	13uDV
17	23	1		וְ/עַתָּ֣ה	c/6258	HC/D	13pK1
17	23	2		יְהוָ֔ה	3068	HNp	1364b
17	23	3		הַ/דָּבָ֗ר	d/1697	HTd/Ncmsa	13QEA
17	23	4		אֲשֶׁ֨ר	834 a	HTr	13Wni
17	23	5		דִּבַּ֤רְתָּ	1696	HVpp2ms	13GKY
17	23	6		עַֽל	5921 a	HR	136E7
17	23	7		עַבְדְּ/ךָ֙	5650	HNcmsc/Sp2ms	13TuK
17	23	8		וְ/עַל	c/5921 a	HC/R	13i6E
17	23	9		בֵּית֔/וֹ	1004 b	HNcmsc/Sp3ms	13awb
17	23	10		יֵאָמֵ֖ן	539	HVNi3ms	13h2S
17	23	11		עַד	5704	HR	1327e
17	23	12		עוֹלָ֑ם	5769	HNcmsa	13sak
17	23	13		וַ/עֲשֵׂ֖ה	c/6213 a	HC/Vqv2ms	13wGN
17	23	14		כַּ/אֲשֶׁ֥ר	k/834 d	HR/Tr	13RFf
17	23	15		דִּבַּֽרְתָּ	1696	HVpp2ms	13RrN
17	24	1		וְ֠/יֵֽאָמֵן	c/539	HC/VNi3ms	13FyN
17	24	2		וְ/יִגְדַּ֨ל	c/1431	HC/Vqi3ms	13Sg8
17	24	3		שִׁמְ/ךָ֤	8034	HNcmsc/Sp2ms	13c8R
17	24	4		עַד	5704	HR	13vBx
17	24	5		עוֹלָם֙	5769	HNcmsa	13JJb
17	24	6		לֵ/אמֹ֔ר	l/559	HR/Vqc	13bNi
17	24	7		יְהוָ֤ה	3068	HNp	13CxL
17	24	8		צְבָאוֹת֙	6635 b	HNcbpa	1328i
17	24	9		אֱלֹהֵ֣י	430	HNcmpc	13nDC
17	24	10		יִשְׂרָאֵ֔ל	3478	HNp	135Fi
17	24	11		אֱלֹהִ֖ים	430	HNcmpa	13hhf
17	24	12		לְ/יִשְׂרָאֵ֑ל	l/3478	HR/Np	13ZDv
17	24	13		וּ/בֵית	c/1004 b	HC/Ncmsc	13txZ
17	24	14		דָּוִ֥יד	1732	HNp	13XQ4
17	24	15		עַבְדְּ/ךָ֖	5650	HNcmsc/Sp2ms	13kdH
17	24	16		נָכ֥וֹן	3559 a	HVNrmsa	131eg
17	24	17		לְ/פָנֶֽי/ךָ	l/6440	HR/Ncbpc/Sp2ms	13rkQ
17	25	1		כִּ֣י	3588 a	HC	13mc9
17	25	2		אַתָּ֣ה	859 a	HPp2ms	13AEf
17	25	3		אֱלֹהַ֗/י	430	HNcmpc/Sp1cs	13xhg
17	25	4		גָּלִ֨יתָ֙	1540	HVqp2ms	13PdT
17	25	5		אֶת	853	HTo	13VCX
17	25	6		אֹ֣זֶן	241	HNcfsc	13UQS
17	25	7		עַבְדְּ/ךָ֔	5650	HNcmsc/Sp2ms	13o3z
17	25	8		לִ/בְנ֥וֹת	l/1129	HR/Vqc	13nTn
17	25	9		ל֖/וֹ	l	HR/Sp3ms	13qNT
17	25	10		בָּ֑יִת	1004 b	HNcmsa	13K7g
17	25	11		עַל	5921 a	HR	133up
17	25	12		כֵּן֙	3651 c	HTm	13BXk
17	25	13		מָצָ֣א	4672	HVqp3ms	13Aab
17	25	14		עַבְדְּ/ךָ֔	5650	HNcmsc/Sp2ms	13KR4
17	25	15		לְ/הִתְפַּלֵּ֖ל	l/6419	HR/Vtc	13LRP
17	25	16		לְ/פָנֶֽי/ךָ	l/6440	HR/Ncbpc/Sp2ms	13Cx2
17	26	1		וְ/עַתָּ֣ה	c/6258	HC/D	138nk
17	26	2		יְהוָ֔ה	3068	HNp	13qNH
17	26	3		אַתָּה	859 a	HPp2ms	13oFf
17	26	4		ה֖וּא	1931	HPp3ms	13wN9
17	26	5		הָ/אֱלֹהִ֑ים	d/430	HTd/Ncmpa	13Thc
17	26	6		וַ/תְּדַבֵּר֙	c/1696	HC/Vpw2ms	139iL
17	26	7		עַֽל	5921 a	HR	132si
17	26	8		עַבְדְּ/ךָ֔	5650	HNcmsc/Sp2ms	13e2d
17	26	9		הַ/טּוֹבָ֖ה	d/2896 c	HTd/Aafsa	13N3B
17	26	10		הַ/זֹּֽאת	d/2063	HTd/Pdxfs	13k8w
17	27	1		וְ/עַתָּ֗ה	c/6258	HC/D	13Jo5
17	27	2		הוֹאַ֨לְתָּ֙	2974	HVhp2ms	13vsG
17	27	3		לְ/בָרֵךְ֙	l/1288	HR/Vpc	13cQX
17	27	4		אֶת	853	HTo	13dSa
17	27	5		בֵּ֣ית	1004 b	HNcmsc	13mJB
17	27	6		עַבְדְּ/ךָ֔	5650	HNcmsc/Sp2ms	132J5
17	27	7		לִ/הְי֥וֹת	l/1961	HR/Vqc	13jmo
17	27	8		לְ/עוֹלָ֖ם	l/5769	HR/Ncmsa	13wTD
17	27	9		לְ/פָנֶ֑י/ךָ	l/6440	HR/Ncbpc/Sp2ms	13opn
17	27	10		כִּֽי	3588 a	HC	13PWA
17	27	11		אַתָּ֤ה	859 a	HPp2ms	13wQ5
17	27	12		יְהוָה֙	3068	HNp	13tNN
17	27	13		בֵּרַ֔כְתָּ	1288	HVpp2ms	135Eg
17	27	14		וּ/מְבֹרָ֖ךְ	c/1288	HC/VPsmsa	13z7h
17	27	15		לְ/עוֹלָֽם	l/5769	HR/Ncmsa	13YUB
18	1	1		וַ/יְהִי֙	c/1961	HC/Vqw3ms	13iFz
18	1	2		אַחֲרֵי	310 a	HR	13ZxT
18	1	3		כֵ֔ן	3651 c	HD	13vGq
18	1	4		וַ/יַּ֥ךְ	c/5221	HC/Vhw3ms	13n94
18	1	5		דָּוִ֛יד	1732	HNp	13Jbo
18	1	6		אֶת	853	HTo	13Jem
18	1	7		פְּלִשְׁתִּ֖ים	6430	HNgmpa	13wE2
18	1	8		וַ/יַּכְנִיעֵ֑/ם	c/3665	HC/Vhw3ms/Sp3mp	13S6s
18	1	9		וַ/יִּקַּ֛ח	c/3947	HC/Vqw3ms	13Cn1
18	1	10		אֶת	853	HTo	13KtS
18	1	11		גַּ֥ת	1661	HNp	13E8Y
18	1	12		וּ/בְנֹתֶ֖י/הָ	c/1323	HC/Ncfpc/Sp3fs	13ugs
18	1	13		מִ/יַּ֥ד	m/3027	HR/Ncbsc	13GYh
18	1	14		פְּלִשְׁתִּֽים	6430	HNgmpa	13ftp
18	2	1		וַ/יַּ֖ךְ	c/5221	HC/Vhw3ms	1391N
18	2	2		אֶת	853	HTo	13tsr
18	2	3		מוֹאָ֑ב	4124	HNp	131N3
18	2	4		וַ/יִּהְי֤וּ	c/1961	HC/Vqw3mp	13LSS
18	2	5		מוֹאָב֙	4124	HNp	13Vya
18	2	6		עֲבָדִ֣ים	5650	HNcmpa	13h6D
18	2	7		לְ/דָוִ֔יד	l/1732	HR/Np	13na2
18	2	8		נֹשְׂאֵ֖י	5375	HVqrmpc	13YS9
18	2	9		מִנְחָֽה	4503	HNcfsa	13X37
18	3	1		וַ/יַּ֥ךְ	c/5221	HC/Vhw3ms	13eaF
18	3	2		דָּוִ֛יד	1732	HNp	1313E
18	3	3		אֶת	853	HTo	13jXA
18	3	4		הֲדַדְעֶ֥זֶר	1909	HNp	134KF
18	3	5		מֶֽלֶךְ	4428	HNcmsc	13MSd
18	3	6		צוֹבָ֖ה	6678	HNp	13J4L
18	3	7		חֲמָ֑תָ/ה	2574	HNp/Sd	13Qq5
18	3	8		בְּ/לֶכְתּ֕/וֹ	b/3212	HR/Vqc/Sp3ms	13sC8
18	3	9		לְ/הַצִּ֥יב	l/5324	HR/Vhc	13nHM
18	3	10		יָד֖/וֹ	3027	HNcbsc/Sp3ms	13Cyg
18	3	11		בִּֽ/נְהַר	b/5104	HR/Ncmsc	13tYe
18	3	12		פְּרָֽת	6578	HNp	13uk3
18	4	1		וַ/יִּלְכֹּד֩	c/3920	HC/Vqw3ms	13DWE
18	4	2		דָּוִ֨יד	1732	HNp	13xSK
18	4	3		מִמֶּ֜/נּוּ	4480 a	HR/Sp1cp	132gY
18	4	4		אֶ֣לֶף	505	HAcbsa	13c69
18	4	5		רֶ֗כֶב	7393	HNcmsa	13yGC
18	4	6		וְ/שִׁבְעַ֤ת	c/7651	HC/Acmsc	13qSK
18	4	7		אֲלָפִים֙	505	HAcbpa	13afN
18	4	8		פָּֽרָשִׁ֔ים	6571 b	HNcmpa	13URv
18	4	9		וְ/עֶשְׂרִ֥ים	c/6242	HC/Acbpa	137xX
18	4	10		אֶ֖לֶף	505	HAcbsa	13oAZ
18	4	11		אִ֣ישׁ	376	HNcmsa	13Fof
18	4	12		רַגְלִ֑י	7273	HAamsa	13sYs
18	4	13		וַ/יְעַקֵּ֤ר	c/6131 b	HC/Vpw3ms	13kHd
18	4	14		דָּוִיד֙	1732	HNp	13uF9
18	4	15		אֶת	853	HTo	13omp
18	4	16		כָּל	3605	HNcmsc	13N5F
18	4	17		הָ/רֶ֔כֶב	d/7393	HTd/Ncmsa	13Zmp
18	4	18		וַ/יּוֹתֵ֥ר	c/3498	HC/Vhw3ms	13FFZ
18	4	19		מִמֶּ֖/נּוּ	4480 a	HR/Sp1cp	13zfi
18	4	20		מֵ֥אָה	3967	HAcbsa	13eh8
18	4	21		רָֽכֶב	7393	HNcmsa	13Ded
18	5	1		וַ/יָּבֹא֙	c/935	HC/Vqw3ms	13nTB
18	5	2		אֲרַ֣ם	758	HNp	13Njh
18	5	3		דַּרְמֶ֔שֶׂק	1834	HNp	13F1o
18	5	4		לַ/עְז֕וֹר	l/5826	HR/Vqc	13SBw
18	5	5		לַ/הֲדַדְעֶ֖זֶר	l/1909	HR/Np	13imY
18	5	6		מֶ֣לֶךְ	4428	HNcmsc	13EFd
18	5	7		צוֹבָ֑ה	6678	HNp	13anA
18	5	8		וַ/יַּ֤ךְ	c/5221	HC/Vhw3ms	13rk4
18	5	9		דָּוִיד֙	1732	HNp	13iG5
18	5	10		בַּ/אֲרָ֔ם	b/758	HR/Np	136id
18	5	11		עֶשְׂרִֽים	6242	HAcbpa	13Nbz
18	5	12		וּ/שְׁנַ֥יִם	c/8147	HC/Acmda	13Dh7
18	5	13		אֶ֖לֶף	505	HAcbsa	13M6f
18	5	14		אִֽישׁ	376	HNcmsa	13rpM
18	6	1		וַ/יָּ֤שֶׂם	c/7760 a	HC/Vqw3ms	13GYX
18	6	2		דָּוִיד֙	1732	HNp	13mHQ
18	6	3		בַּ/אֲרַ֣ם	b/758	HR/Np	13Q6S
18	6	4		דַּרְמֶ֔שֶׂק	1834	HNp	132UC
18	6	5		וַ/יְהִ֤י	c/1961	HC/Vqw3ms	13jkK
18	6	6		אֲרָם֙	758	HNp	13Xn7
18	6	7		לְ/דָוִ֔יד	l/1732	HR/Np	132xh
18	6	8		עֲבָדִ֖ים	5650	HNcmpa	13CSf
18	6	9		נֹשְׂאֵ֣י	5375	HVqrmpc	13vz3
18	6	10		מִנְחָ֑ה	4503	HNcfsa	13uJ5
18	6	11		וַ/יּ֤וֹשַׁע	c/3467	HC/Vhw3ms	13DkJ
18	6	12		יְהוָה֙	3068	HNp	13tHJ
18	6	13		לְ/דָוִ֔יד	l/1732	HR/Np	13bUa
18	6	14		בְּ/כֹ֖ל	b/3605	HR/Ncmsa	13L1P
18	6	15		אֲשֶׁ֥ר	834 a	HTr	13fz2
18	6	16		הָלָֽךְ	1980	HVqp3ms	13cSL
18	7	1		וַ/יִּקַּ֣ח	c/3947	HC/Vqw3ms	13NCu
18	7	2		דָּוִ֗יד	1732	HNp	13Jty
18	7	3		אֵ֚ת	853	HTo	13VA7
18	7	4		שִׁלְטֵ֣י	7982	HNcmpc	13zaC
18	7	5		הַ/זָּהָ֔ב	d/2091	HTd/Ncmsa	13cd3
18	7	6		אֲשֶׁ֣ר	834 a	HTr	13L4J
18	7	7		הָי֔וּ	1961	HVqp3cp	132q5
18	7	8		עַ֖ל	5921 a	HR	13UVp
18	7	9		עַבְדֵ֣י	5650	HNcmpc	13SeE
18	7	10		הֲדַדְעָ֑זֶר	1909	HNp	1353z
18	7	11		וַ/יְבִיאֵ֖/ם	c/935	HC/Vhw3ms/Sp3mp	13uUZ
18	7	12		יְרוּשָׁלִָֽם	3389	HNp	135WT
18	8	1		וּ/מִ/טִּבְחַ֤ת	c/m/2880	HC/R/Np	136vQ
18	8	2		וּ/מִ/כּוּן֙	c/m/3560	HC/R/Np	13GZQ
18	8	3		עָרֵ֣י	5892 b	HNcfpc	13T81
18	8	4		הֲדַדְעֶ֔זֶר	1909	HNp	136mf
18	8	5		לָקַ֥ח	3947	HVqp3ms	13mfQ
18	8	6		דָּוִ֛יד	1732	HNp	13DE4
18	8	7		נְחֹ֖שֶׁת	5178 a	HNcfsa	13GHd
18	8	8		רַבָּ֣ה	7227 a	HAafsa	13CbA
18	8	9		מְאֹ֑ד	3966	HD	13KAe
18	8	10		בָּ֣/הּ	b	HR/Sp3fs	13Qvc
18	8	11		עָשָׂ֣ה	6213 a	HVqp3ms	13sjF
18	8	12		שְׁלֹמֹ֗ה	8010	HNp	13rmr
18	8	13		אֶת	853	HTo	13Psc
18	8	14		יָ֤ם	3220	HNcmsc	13Ab6
18	8	15		הַ/נְּחֹ֨שֶׁת֙	d/5178 a	HTd/Ncfsa	131TR
18	8	16		וְ/אֶת	c/853	HC/To	13u5H
18	8	17		הָֽ/עַמּוּדִ֔ים	d/5982	HTd/Ncmpa	13MQc
18	8	18		וְ/אֵ֖ת	c/853	HC/To	13Wfn
18	8	19		כְּלֵ֥י	3627	HNcmpc	13d4o
18	8	20		הַ/נְּחֹֽשֶׁת	d/5178 a	HTd/Ncfsa	13ATh
18	9	1		וַ/יִּשְׁמַ֕ע	c/8085	HC/Vqw3ms	13iSY
18	9	2		תֹּ֖עוּ	8583	HNp	13DkE
18	9	3		מֶ֣לֶךְ	4428	HNcmsc	13nMZ
18	9	4		חֲמָ֑ת	2574	HNp	134iz
18	9	5		כִּ֚י	3588 a	HC	13qd4
18	9	6		הִכָּ֣ה	5221	HVhp3ms	13nru
18	9	7		דָוִ֔יד	1732	HNp	13Pxa
18	9	8		אֶת	853	HTo	13bkq
18	9	9		כָּל	3605	HNcmsc	13HHt
18	9	10		חֵ֖יל	2426	HNcmsc	13q1a
18	9	11		הֲדַדְעֶ֥זֶר	1909	HNp	13o7T
18	9	12		מֶֽלֶךְ	4428	HNcmsc	138B7
18	9	13		צוֹבָֽה	6678	HNp	13e4G
18	10	1		וַ/יִּשְׁלַ֣ח	c/7971	HC/Vqw3ms	13UMb
18	10	2		אֶת	853	HTo	13sBg
18	10	3		הֲדֽוֹרָם	1913 a	HNp	13mtF
18	10	4		בְּנ֣/וֹ	1121 a	HNcmsc/Sp3ms	13saW
18	10	5		אֶל	413	HR	13s5y
18	10	6		הַ/מֶּֽלֶךְ	d/4428	HTd/Ncmsa	13Ccr
18	10	7		דָּ֠וִיד	1732	HNp	13Q6y
18	10	8	x-ketiv	ל/שאול	l/7592	HR/Vqc	13F3m
18	10	9		לִ/שְׁאָל	l/7592	HR/Vqc	13Qnx
18	10	10		ל֨/וֹ	l/7592	HR/Sp3ms	134CQ
18	10	11		לְ/שָׁל֜וֹם	l/7965	HR/Ncmsa	13BgX
18	10	12		וּֽ/לְ/בָרֲכ֗/וֹ	c/l/1288	HC/R/Vpc/Sp3ms	13i2o
18	10	13		עַל֩	5921 a	HR	13oyG
18	10	14		אֲשֶׁ֨ר	834 a	HTr	132nn
18	10	15		נִלְחַ֤ם	3898 a	HVNp3ms	13nqZ
18	10	16		בַּ/הֲדַדְעֶ֨זֶר֙	b/1909	HR/Np	13xBh
18	10	17		וַ/יַּכֵּ֔/הוּ	c/5221	HC/Vhw3ms/Sp3ms	136MB
18	10	18		כִּי	3588 a	HC	13fQv
18	10	19		אִ֛ישׁ	376	HNcmsc	13Dvr
18	10	20		מִלְחֲמ֥וֹת	4421	HNcfpc	13tYy
18	10	21		תֹּ֖עוּ	8583	HNp	13Zje
18	10	22		הָיָ֣ה	1961	HVqp3ms	134VK
18	10	23		הֲדַדְעָ֑זֶר	1909	HNp	13M3S
18	10	24		וְ/כֹ֗ל	c/3605	HC/Ncmsc	13nqN
18	10	25		כְּלֵ֛י	3627	HNcmpc	13dMv
18	10	26		זָהָ֥ב	2091	HNcmsa	132HZ
18	10	27		וָ/כֶ֖סֶף	c/3701	HC/Ncmsa	133Fv
18	10	28		וּ/נְחֹֽשֶׁת	c/5178 a	HC/Ncfsa	137bG
18	11	1		גַּם	1571	HTa	13yr8
18	11	2		אֹתָ֗/ם	853	HTo/Sp3mp	13Q4E
18	11	3		הִקְדִּ֞ישׁ	6942	HVhp3ms	13EKG
18	11	4		הַ/מֶּ֤לֶךְ	d/4428	HTd/Ncmsa	135cJ
18	11	5		דָּוִיד֙	1732	HNp	13yrN
18	11	6		לַ/יהוָ֔ה	l/3068	HR/Np	13SNL
18	11	7		עִם	5973 a	HR	13xBx
18	11	8		הַ/כֶּ֨סֶף֙	d/3701	HTd/Ncmsa	134M4
18	11	9		וְ/הַ/זָּהָ֔ב	c/d/2091	HC/Td/Ncmsa	13rdY
18	11	10		אֲשֶׁ֥ר	834 a	HTr	13ktS
18	11	11		נָשָׂ֖א	5375	HVqp3ms	13T7P
18	11	12		מִ/כָּל	m/3605	HR/Ncmsc	13Snb
18	11	13		הַ/גּוֹיִ֑ם	d/1471 a	HTd/Ncmpa	135Ln
18	11	14		מֵֽ/אֱד֤וֹם	m/123	HR/Np	13uoT
18	11	15		וּ/מִ/מּוֹאָב֙	c/m/4124	HC/R/Np	13x2u
18	11	16		וּ/מִ/בְּנֵ֣י	c/m/1121 a	HC/R/Ncmpc	13hib
18	11	17		עַמּ֔וֹן	5983	HNp	13RnE
18	11	18		וּ/מִ/פְּלִשְׁתִּ֖ים	c/m/6430	HC/R/Ngmpa	13oQP
18	11	19		וּ/מֵֽ/עֲמָלֵֽק	c/m/6002	HC/R/Np	13MWb
18	12	1		וְ/אַבְשַׁ֣י	c/52	HC/Np	13G4R
18	12	2		בֶּן	1121 a	HNcmsc	13b15
18	12	3		צְרוּיָ֗ה	6870	HNp	13Xye
18	12	4		הִכָּ֤ה	5221	HVhp3ms	13meh
18	12	5		אֶת	853	HTo	13Uxw
18	12	6		אֱדוֹם֙	123	HNp	13jYS
18	12	7		בְּ/גֵ֣יא	b/1516	HR/Np	13S6n
18	12	8		הַמֶּ֔לַח	4417	HNp	13CZt
18	12	9		שְׁמוֹנָ֥ה	8083	HAcmsa	13ZFR
18	12	10		עָשָׂ֖ר	6240	HAcmsa	13te8
18	12	11		אָֽלֶף	505	HAcbsa	13V7Q
18	13	1		וַ/יָּ֤שֶׂם	c/7760 a	HC/Vqw3ms	13LQP
18	13	2		בֶּֽ/אֱדוֹם֙	b/123	HR/Np	13aiP
18	13	3		נְצִיבִ֔ים	5333	HNcmpa	13QFp
18	13	4		וַ/יִּהְי֥וּ	c/1961	HC/Vqw3mp	13TJ7
18	13	5		כָל	3605	HNcmsc	135YU
18	13	6		אֱד֖וֹם	123	HNp	13W6q
18	13	7		עֲבָדִ֣ים	5650	HNcmpa	132XS
18	13	8		לְ/דָוִ֑יד	l/1732	HR/Np	13dMu
18	13	9		וַ/יּ֤וֹשַׁע	c/3467	HC/Vhw3ms	136Rv
18	13	10		יְהוָה֙	3068	HNp	13Suh
18	13	11		אֶת	853	HTo	13GJe
18	13	12		דָּוִ֔יד	1732	HNp	13XKM
18	13	13		בְּ/כֹ֖ל	b/3605	HR/Ncmsa	13KTE
18	13	14		אֲשֶׁ֥ר	834 a	HTr	13JAR
18	13	15		הָלָֽךְ	1980	HVqp3ms	13Fuj
18	14	1		וַ/יִּמְלֹ֥ךְ	c/4427 a	HC/Vqw3ms	136ni
18	14	2		דָּוִ֖יד	1732	HNp	13Txv
18	14	3		עַל	5921 a	HR	13fYi
18	14	4		כָּל	3605	HNcmsc	13rqP
18	14	5		יִשְׂרָאֵ֑ל	3478	HNp	13r7x
18	14	6		וַ/יְהִ֗י	c/1961	HC/Vqw3ms	13K4Y
18	14	7		עֹשֶׂ֛ה	6213 a	HVqrmsa	13mRC
18	14	8		מִשְׁפָּ֥ט	4941	HNcmsa	13ekW
18	14	9		וּ/צְדָקָ֖ה	c/6666	HC/Ncfsa	13TdN
18	14	10		לְ/כָל	l/3605	HR/Ncmsc	13b8z
18	14	11		עַמּֽ/וֹ	5971 a	HNcmsc/Sp3ms	13C3m
18	15	1		וְ/יוֹאָ֥ב	c/3097	HC/Np	13dM6
18	15	2		בֶּן	1121 a	HNcmsc	13YiE
18	15	3		צְרוּיָ֖ה	6870	HNp	13ysi
18	15	4		עַל	5921 a	HR	139hE
18	15	5		הַ/צָּבָ֑א	d/6635 a	HTd/Ncbsa	13BLQ
18	15	6		וִ/יהוֹשָׁפָ֥ט	c/3092	HC/Np	13cxB
18	15	7		בֶּן	1121 a	HNcmsc	13vpM
18	15	8		אֲחִיל֖וּד	286	HNp	1377U
18	15	9		מַזְכִּֽיר	2142	HVhrmsa	13soC
18	16	1		וְ/צָד֧וֹק	c/6659	HC/Np	13KuJ
18	16	2		בֶּן	1121 a	HNcmsc	13Bms
18	16	3		אֲחִיט֛וּב	285	HNp	13Yx3
18	16	4		וַ/אֲבִימֶ֥לֶךְ	c/40	HC/Np	13M8R
18	16	5		בֶּן	1121 a	HNcmsc	13sKN
18	16	6		אֶבְיָתָ֖ר	54	HNp	13rif
18	16	7		כֹּהֲנִ֑ים	3548	HNcmpa	13N8y
18	16	8		וְ/שַׁוְשָׁ֖א	c/7798	HC/Np	136Mt
18	16	9		סוֹפֵֽר	5608 b	HNcmsa	13GDp
18	17	1		וּ/בְנָיָ֨הוּ֙	c/1141	HC/Np	13vom
18	17	2		בֶּן	1121 a	HNcmsc	13oMx
18	17	3		יְה֣וֹיָדָ֔ע	3077	HNp	13Gmc
18	17	4		עַל	5921 a	HR	13Foo
18	17	5		הַ/כְּרֵתִ֖י	d/3774	HTd/Ngmsa	13yqJ
18	17	6		וְ/הַ/פְּלֵתִ֑י	c/d/6432	HC/Td/Ngmsa	13mjf
18	17	7		וּ/בְנֵי	c/1121 a	HC/Ncmpc	131pQ
18	17	8		דָוִ֥יד	1732	HNp	13wkA
18	17	9		הָ/רִאשֹׁנִ֖ים	d/7223	HTd/Aampa	13HpE
18	17	10		לְ/יַ֥ד	l/3027	HR/Ncbsc	13QRf
18	17	11		הַ/מֶּֽלֶךְ	d/4428	HTd/Ncmsa	13Ywy
19	1	1		וַ/יְהִי֙	c/1961	HC/Vqw3ms	13oei
19	1	2		אַחֲרֵי	310 a	HR	13AmM
19	1	3		כֵ֔ן	3651 c	HD	13LQY
19	1	4		וַ/יָּ֕מָת	c/4191	HC/Vqw3ms	136XT
19	1	5		נָחָ֖שׁ	5176	HNp	13cNh
19	1	6		מֶ֣לֶךְ	4428	HNcmsc	13tUA
19	1	7		בְּנֵי	1121 a	HNcmpc	13EwY
19	1	8		עַמּ֑וֹן	5983	HNp	13yE6
19	1	9		וַ/יִּמְלֹ֥ךְ	c/4427 a	HC/Vqw3ms	13bJR
19	1	10		בְּנ֖/וֹ	1121 a	HNcmsc/Sp3ms	136kx
19	1	11		תַּחְתָּֽי/ו	8478	HR/Sp3ms	13jXc
19	2	1		וַ/יֹּ֨אמֶר	c/559	HC/Vqw3ms	13YZS
19	2	2		דָּוִ֜יד	1732	HNp	13v51
19	2	3		אֶֽעֱשֶׂה	6213 a	HVqi1cs	132Q9
19	2	4		חֶ֣סֶד	2617 a	HNcmsa	135Zv
19	2	5		עִם	5973 a	HR	132n8
19	2	6		חָנ֣וּן	2586	HNp	13XMf
19	2	7		בֶּן	1121 a	HNcmsc	13vjy
19	2	8		נָחָ֗שׁ	5176	HNp	1376d
19	2	9		כִּֽי	3588 a	HC	135wy
19	2	10		עָשָׂ֨ה	6213 a	HVqp3ms	13Sfp
19	2	11		אָבִ֤י/ו	1	HNcmsc/Sp3ms	13w2M
19	2	12		עִמִּ/י֙	5973 a	HR/Sp1cs	13N4i
19	2	13		חֶ֔סֶד	2617 a	HNcmsa	1319Y
19	2	14		וַ/יִּשְׁלַ֥ח	c/7971	HC/Vqw3ms	139mG
19	2	15		דָּוִ֛יד	1732	HNp	13a7q
19	2	16		מַלְאָכִ֖ים	4397	HNcmpa	13cvq
19	2	17		לְ/נַחֲמ֣/וֹ	l/5162	HR/Vpc/Sp3ms	13rxp
19	2	18		עַל	5921 a	HR	13wPK
19	2	19		אָבִ֑י/ו	1	HNcmsc/Sp3ms	13fvj
19	2	20		וַ/יָּבֹאוּ֩	c/935	HC/Vqw3mp	13w3p
19	2	21		עַבְדֵ֨י	5650	HNcmpc	13Wk4
19	2	22		דָוִ֜יד	1732	HNp	13Axf
19	2	23		אֶל	413	HR	13puY
19	2	24		אֶ֧רֶץ	776	HNcbsc	133Fa
19	2	25		בְּנֵי	1121 a	HNcmpc	13PGg
19	2	26		עַמּ֛וֹן	5983	HNp	13fPg
19	2	27		אֶל	413	HR	13PNH
19	2	28		חָנ֖וּן	2586	HNp	13u5F
19	2	29		לְ/נַחֲמֽ/וֹ	l/5162	HR/Vpc/Sp3ms	13czP
19	3	1		וַ/יֹּאמְרוּ֩	c/559	HC/Vqw3mp	13ktp
19	3	2		שָׂרֵ֨י	8269	HNcmpc	13zBm
19	3	3		בְנֵי	1121 a	HNcmpc	13DPD
19	3	4		עַמּ֜וֹן	5983	HNp	13KfD
19	3	5		לְ/חָנ֗וּן	l/2586	HR/Np	134D8
19	3	6		הַֽ/מְכַבֵּ֨ד	d/3513	HTi/Vprmsa	13h9p
19	3	7		דָּוִ֤יד	1732	HNp	13ofC
19	3	8		אֶת	853	HTo	13qYG
19	3	9		אָבִ֨י/ךָ֙	1	HNcmsc/Sp2ms	13k3C
19	3	10		בְּ/עֵינֶ֔י/ךָ	b/5869 a	HR/Ncbdc/Sp2ms	1344D
19	3	11		כִּֽי	3588 a	HC	13JuG
19	3	12		שָׁלַ֥ח	7971	HVqp3ms	13Std
19	3	13		לְ/ךָ֖	l	HR/Sp2ms	13V7p
19	3	14		מְנַחֲמִ֑ים	5162	HVprmpa	13sEg
19	3	15		הֲ/לֹ֡א	i/3808	HTi/Tn	13qYw
19	3	16		בַּ֠/עֲבוּר	b/5668	HR/Ncmsc	13gBf
19	3	17		לַ/חְקֹ֨ר	l/2713	HR/Vqc	13Uoj
19	3	18		וְ/לַ/הֲפֹ֤ךְ	c/l/2015	HC/R/Vqc	13LLg
19	3	19		וּ/לְ/רַגֵּל֙	c/l/7270	HC/R/Vpc	13pyP
19	3	20		הָ/אָ֔רֶץ	d/776	HTd/Ncbsa	13Eyr
19	3	21		בָּ֥אוּ	935	HVqp3cp	13g2a
19	3	22		עֲבָדָ֖י/ו	5650	HNcmpc/Sp3ms	133Lw
19	3	23		אֵלֶֽי/ךָ	413	HR/Sp2ms	13YMk
19	4	1		וַ/יִּקַּ֨ח	c/3947	HC/Vqw3ms	13wTg
19	4	2		חָנ֜וּן	2586	HNp	13csp
19	4	3		אֶת	853	HTo	13573
19	4	4		עַבְדֵ֤י	5650	HNcmpc	13xK6
19	4	5		דָוִיד֙	1732	HNp	13YnE
19	4	6		וַֽ/יְגַלְּחֵ֔/ם	c/1548	HC/Vpw3ms/Sp3mp	13HbH
19	4	7		וַ/יִּכְרֹ֧ת	c/3772	HC/Vqw3ms	13eZp
19	4	8		אֶת	853	HTo	13ZC6
19	4	9		מַדְוֵי/הֶ֛ם	4063	HNcmpc/Sp3mp	13bR3
19	4	10		בַּ/חֵ֖צִי	b/2677	HRd/Ncmsa	13sVc
19	4	11		עַד	5704	HR	133cA
19	4	12		הַ/מִּפְשָׂעָ֑ה	d/4667	HTd/Ncfsa	13SNK
19	4	13		וַֽ/יְשַׁלְּחֵֽ/ם	c/7971	HC/Vpw3ms/Sp3mp	13cHp
19	5	1		וַ/יֵּלְכוּ֩	c/3212	HC/Vqw3mp	13uat
19	5	2		וַ/יַּגִּ֨ידוּ	c/5046	HC/Vhw3mp	13oHU
19	5	3		לְ/דָוִ֤יד	l/1732	HR/Np	138Rs
19	5	4		עַל	5921 a	HR	13H3i
19	5	5		הָֽ/אֲנָשִׁים֙	d/376	HTd/Ncmpa	136TM
19	5	6		וַ/יִּשְׁלַ֣ח	c/7971	HC/Vqw3ms	13hob
19	5	7		לִ/קְרָאתָ֔/ם	l/7125	HR/Vqc/Sp3mp	13BWa
19	5	8		כִּי	3588 a	HC	13kxc
19	5	9		הָי֥וּ	1961	HVqp3cp	135bN
19	5	10		הָ/אֲנָשִׁ֖ים	d/376	HTd/Ncmpa	13Djm
19	5	11		נִכְלָמִ֣ים	3637	HVNrmpa	13Qy5
19	5	12		מְאֹ֑ד	3966	HD	139mQ
19	5	13		וַ/יֹּ֤אמֶר	c/559	HC/Vqw3ms	13Lyh
19	5	14		הַ/מֶּ֨לֶךְ֙	d/4428	HTd/Ncmsa	13jPZ
19	5	15		שְׁב֣וּ	3427	HVqv2mp	13gKU
19	5	16		בִֽ/ירֵח֔וֹ	b/3405	HR/Np	13ErM
19	5	17		עַ֛ד	5704	HR	13p8S
19	5	18		אֲשֶׁר	834 a	HTr	13sub
19	5	19		יְצַמַּ֥ח	6779	HVpi3ms	13nQZ
19	5	20		זְקַנְ/כֶ֖ם	2206	HNcbsc/Sp2mp	13iuA
19	5	21		וְ/שַׁבְתֶּֽם	c/7725	HC/Vqq2mp	138or
19	6	1		וַ/יִּרְאוּ֙	c/7200	HC/Vqw3mp	13w6p
19	6	2		בְּנֵ֣י	1121 a	HNcmpc	13zvK
19	6	3		עַמּ֔וֹן	5983	HNp	13WN3
19	6	4		כִּ֥י	3588 a	HC	13pAG
19	6	5		הִֽתְבָּאֲשׁ֖וּ	887	HVtp3cp	13EQq
19	6	6		עִם	5973 a	HR	13sau
19	6	7		דָּוִ֑יד	1732	HNp	131Ky
19	6	8		וַ/יִּשְׁלַ֣ח	c/7971	HC/Vqw3ms	13biF
19	6	9		חָ֠נוּן	2586	HNp	13ZBP
19	6	10		וּ/בְנֵ֨י	c/1121 a	HC/Ncmpc	13eMk
19	6	11		עַמּ֜וֹן	5983	HNp	13PGV
19	6	12		אֶ֣לֶף	505	HAcbsa	13g5K
19	6	13		כִּכַּר	3603	HNcbsc	134mW
19	6	14		כֶּ֗סֶף	3701	HNcmsa	13ubw
19	6	15		לִ/שְׂכֹּ֣ר	l/7936 b	HR/Vqc	139CS
19	6	16		לָ֠/הֶם	l	HR/Sp3mp	13ozE
19	6	17		מִן	4480 a	HR	13UZ9
19	6	18		אֲרַ֨ם	763+	HNp	13mVu
19	6	19		נַהֲרַ֜יִם	763	HNp	13yA5
19	6	20		וּ/מִן	c/4480 a	HC/R	13ReA
19	6	21		אֲרַ֤ם	758	HNp	13uFV
19	6	22		מַעֲכָה֙	4601	HNp	135Ba
19	6	23		וּ/מִ/צּוֹבָ֔ה	c/m/6678	HC/R/Np	13c29
19	6	24		רֶ֖כֶב	7393	HNcmsa	13wMd
19	6	25		וּ/פָרָשִֽׁים	c/6571 b	HC/Ncmpa	13YwG
19	7	1		וַ/יִּשְׂכְּר֣וּ	c/7936 b	HC/Vqw3mp	13eQh
19	7	2		לָ/הֶ֡ם	l	HR/Sp3mp	13k7y
19	7	3		שְׁנַיִם֩	8147	HAcmda	134Sa
19	7	4		וּ/שְׁלֹשִׁ֨ים	c/7970	HC/Acbpa	13p3t
19	7	5		אֶ֜לֶף	505	HAcbsa	13rzT
19	7	6		רֶ֗כֶב	7393	HNcmsa	13y5y
19	7	7		וְ/אֶת	c/853	HC/To	13BAD
19	7	8		מֶ֤לֶךְ	4428	HNcmsc	13MMc
19	7	9		מַעֲכָה֙	4601	HNp	13MJT
19	7	10		וְ/אֶת	c/853	HC/To	13w2K
19	7	11		עַמּ֔/וֹ	5971 a	HNcmsc/Sp3ms	13NL7
19	7	12		וַ/יָּבֹ֕אוּ	c/935	HC/Vqw3mp	13d52
19	7	13		וַֽ/יַּחֲנ֖וּ	c/2583	HC/Vqw3mp	13JUY
19	7	14		לִ/פְנֵ֣י	l/6440	HR/Ncbpc	13Be7
19	7	15		מֵידְבָ֑א	4311	HNp	13shA
19	7	16		וּ/בְנֵ֣י	c/1121 a	HC/Ncmpc	13Hye
19	7	17		עַמּ֗וֹן	5983	HNp	13r3P
19	7	18		נֶאֶסְפוּ֙	622	HVNp3cp	13va1
19	7	19		מֵ/עָ֣רֵי/הֶ֔ם	m/5892 b	HR/Ncfpc/Sp3mp	13oPC
19	7	20		וַ/יָּבֹ֖אוּ	c/935	HC/Vqw3mp	13Psb
19	7	21		לַ/מִּלְחָמָֽה	l/4421	HRd/Ncfsa	13wFt
19	8	1		וַ/יִּשְׁמַ֖ע	c/8085	HC/Vqw3ms	13PpB
19	8	2		דָּוִ֑יד	1732	HNp	13qNE
19	8	3		וַ/יִּשְׁלַח֙	c/7971	HC/Vqw3ms	13Y2L
19	8	4		אֶת	853	HTo	13yLU
19	8	5		יוֹאָ֔ב	3097	HNp	138gt
19	8	6		וְ/אֵ֥ת	c/853	HC/To	13JUV
19	8	7		כָּל	3605	HNcmsc	13ygy
19	8	8		צָבָ֖א	6635 a	HNcbsa	139Tr
19	8	9		הַ/גִּבּוֹרִֽים	d/1368	HTd/Aampa	13HZA
19	9	1		וַ/יֵּצְאוּ֙	c/3318	HC/Vqw3mp	13N8P
19	9	2		בְּנֵ֣י	1121 a	HNcmpc	13XGD
19	9	3		עַמּ֔וֹן	5983	HNp	13mBS
19	9	4		וַ/יַּֽעַרְכ֥וּ	c/6186 a	HC/Vqw3mp	13LeT
19	9	5		מִלְחָמָ֖ה	4421	HNcfsa	13TvU
19	9	6		פֶּ֣תַח	6607	HNcmsc	13xHn
19	9	7		הָ/עִ֑יר	d/5892 b	HTd/Ncfsa	13B3s
19	9	8		וְ/הַ/מְּלָכִ֣ים	c/d/4428	HC/Td/Ncmpa	13CNE
19	9	9		אֲשֶׁר	834 a	HTr	13gKa
19	9	10		בָּ֔אוּ	935	HVqp3cp	13whP
19	9	11		לְ/בַדָּ֖/ם	l/905	HR/Ncmsc/Sp3mp	13xd8
19	9	12		בַּ/שָּׂדֶֽה	b/7704 b	HRd/Ncmsa	13TR3
19	10	1		וַ/יַּ֣רְא	c/7200	HC/Vqw3ms	13mba
19	10	2		יוֹאָ֗ב	3097	HNp	13X9z
19	10	3		כִּֽי	3588 a	HC	13fix
19	10	4		הָיְתָ֧ה	1961	HVqp3fs	13zu5
19	10	5		פְנֵי	6440	HNcbpc	13jSS
19	10	6		הַ/מִּלְחָמָ֛ה	d/4421	HTd/Ncfsa	13B98
19	10	7		אֵלָ֖י/ו	413	HR/Sp3ms	13tji
19	10	8		פָּנִ֣ים	6440	HNcbpa	13Jsw
19	10	9		וְ/אָח֑וֹר	c/268	HC/Ncmsa	131GA
19	10	10		וַ/יִּבְחַ֗ר	c/977	HC/Vqw3ms	13p7f
19	10	11		מִ/כָּל	m/3605	HR/Ncmsc	13E93
19	10	12		בָּחוּר֙	977	HVqsmsa	13kqX
19	10	13		בְּ/יִשְׂרָאֵ֔ל	b/3478	HR/Np	131je
19	10	14		וַֽ/יַּעֲרֹ֖ךְ	c/6186 a	HC/Vqw3ms	13zEj
19	10	15		לִ/קְרַ֥את	l/7125	HR/Vqc	13w3L
19	10	16		אֲרָֽם	758	HNp	13FBV
19	11	1		וְ/אֵת֙	c/853	HC/To	13tZu
19	11	2		יֶ֣תֶר	3499 a	HNcmsc	13ANB
19	11	3		הָ/עָ֔ם	d/5971 a	HTd/Ncmsa	13m5d
19	11	4		נָתַ֕ן	5414	HVqp3ms	13wc3
19	11	5		בְּ/יַ֖ד	b/3027	HR/Ncbsc	13dLM
19	11	6		אַבְשַׁ֣י	52	HNp	13Sk6
19	11	7		אָחִ֑י/ו	251	HNcmsc/Sp3ms	13H1q
19	11	8		וַ/יַּ֣עַרְכ֔וּ	c/6186 a	HC/Vqw3mp	13RMp
19	11	9		לִ/קְרַ֖את	l/7125	HR/Vqc	13DE1
19	11	10		בְּנֵ֥י	1121 a	HNcmpc	13JXW
19	11	11		עַמּֽוֹן	5983	HNp	13PJn
19	12	1		וַ/יֹּ֗אמֶר	c/559	HC/Vqw3ms	13dXu
19	12	2		אִם	518 a	HC	138oD
19	12	3		תֶּחֱזַ֤ק	2388	HVqi3fs	13YAs
19	12	4		מִמֶּ֨/נִּי֙	4480 a	HR/Sp1cs	13W4q
19	12	5		אֲרָ֔ם	758	HNp	13N6D
19	12	6		וְ/הָיִ֥יתָ	c/1961	HC/Vqq2ms	13r3j
19	12	7		לִּ֖/י	l	HR/Sp1cs	13RbR
19	12	8		לִ/תְשׁוּעָ֑ה	l/8668	HR/Ncfsa	13mrh
19	12	9		וְ/אִם	c/518 a	HC/C	13KDc
19	12	10		בְּנֵ֥י	1121 a	HNcmpc	13dmB
19	12	11		עַמּ֛וֹן	5983	HNp	13Fg5
19	12	12		יֶֽחֶזְק֥וּ	2388	HVqi3mp	13D4Y
19	12	13		מִמְּ/ךָ֖	4480 a	HR/Sp2ms	131yC
19	12	14		וְ/הוֹשַׁעְתִּֽי/ךָ	c/3467	HC/Vhq1cs/Sp2ms	13rrj
19	13	1		חֲזַ֤ק	2388	HVqv2ms	13Rn4
19	13	2		וְ/נִֽתְחַזְּקָה֙	c/2388	HC/Vth1cp	13nrC
19	13	3		בְּעַד	1157	HR	13USe
19	13	4		עַמֵּ֔/נוּ	5971 a	HNcmsc/Sp1cp	13jJP
19	13	5		וּ/בְעַ֖ד	c/1157	HC/R	13Ds4
19	13	6		עָרֵ֣י	5892 b	HNcfpc	13YfC
19	13	7		אֱלֹהֵ֑י/נוּ	430	HNcmpc/Sp1cp	13jFh
19	13	8		וַֽ/יהוָ֔ה	c/3068	HC/Np	13h2q
19	13	9		הַ/טּ֥וֹב	d/2896 a	HTd/Aamsa	13VfW
19	13	10		בְּ/עֵינָ֖י/ו	b/5869 a	HR/Ncbdc/Sp3ms	13ESV
19	13	11		יַעֲשֶֽׂה	6213 a	HVqi3ms	138Fj
19	14	1		וַ/יִּגַּ֨שׁ	c/5066	HC/Vqw3ms	13zrr
19	14	2		יוֹאָ֜ב	3097	HNp	13qEt
19	14	3		וְ/הָ/עָ֧ם	c/d/5971 a	HC/Td/Ncmsa	135gq
19	14	4		אֲשֶׁר	834 a	HTr	13hDV
19	14	5		עִמּ֛/וֹ	5973 a	HR/Sp3ms	13HYt
19	14	6		לִ/פְנֵ֥י	l/6440	HR/Ncbpc	13FAv
19	14	7		אֲרָ֖ם	758	HNp	13TWN
19	14	8		לַ/מִּלְחָמָ֑ה	l/4421	HRd/Ncfsa	13BfY
19	14	9		וַ/יָּנ֖וּסוּ	c/5127	HC/Vqw3mp	13Rad
19	14	10		מִ/פָּנָֽי/ו	m/6440	HR/Ncbpc/Sp3ms	13Gcy
19	15	1		וּ/בְנֵ֨י	c/1121 a	HC/Ncmpc	13BLC
19	15	2		עַמּ֤וֹן	5983	HNp	13uvq
19	15	3		רָאוּ֙	7200	HVqp3cp	13fwV
19	15	4		כִּי	3588 a	HC	13vpD
19	15	5		נָ֣ס	5127	HVqp3ms	132F5
19	15	6		אֲרָ֔ם	758	HNp	13dHB
19	15	7		וַ/יָּנ֣וּסוּ	c/5127	HC/Vqw3mp	13A8D
19	15	8		גַם	1571	HD	13hrv
19	15	9		הֵ֗ם	1992	HPp3mp	13vzq
19	15	10		מִ/פְּנֵי֙	m/6440	HR/Ncbpc	13RTB
19	15	11		אַבְשַׁ֣י	52	HNp	13rDJ
19	15	12		אָחִ֔י/ו	251	HNcmsc/Sp3ms	13ZbD
19	15	13		וַ/יָּבֹ֖אוּ	c/935	HC/Vqw3mp	13pe5
19	15	14		הָ/עִ֑ירָ/ה	d/5892 b	HTd/Ncfsa/Sd	13Gfh
19	15	15		וַ/יָּבֹ֥א	c/935	HC/Vqw3ms	13sZ7
19	15	16		יוֹאָ֖ב	3097	HNp	13xT5
19	15	17		יְרוּשָׁלִָֽם	3389	HNp	13PfR
19	16	1		וַ/יַּ֣רְא	c/7200	HC/Vqw3ms	13oeK
19	16	2		אֲרָ֗ם	758	HNp	13poP
19	16	3		כִּ֣י	3588 a	HC	13ZRV
19	16	4		נִגְּפוּ֮	5062	HVNp3cp	1385A
19	16	5		לִ/פְנֵ֣י	l/6440	HR/Ncbpc	13NbA
19	16	6		יִשְׂרָאֵל֒	3478	HNp	13XRR
19	16	7		וַֽ/יִּשְׁלְחוּ֙	c/7971	HC/Vqw3mp	13cYP
19	16	8		מַלְאָכִ֔ים	4397	HNcmpa	13gVU
19	16	9		וַ/יּוֹצִ֣יאוּ	c/3318	HC/Vhw3mp	13r2X
19	16	10		אֶת	853	HTo	13Zzp
19	16	11		אֲרָ֔ם	758	HNp	13qoq
19	16	12		אֲשֶׁ֖ר	834 a	HTr	13w9K
19	16	13		מֵ/עֵ֣בֶר	m/5676	HR/Ncmsc	13dir
19	16	14		הַ/נָּהָ֑ר	d/5104	HTd/Ncmsa	13E6H
19	16	15		וְ/שׁוֹפַ֛ךְ	c/7780	HC/Np	139ov
19	16	16		שַׂר	8269	HNcmsc	13BYz
19	16	17		צְבָ֥א	6635 a	HNcbsc	13HXB
19	16	18		הֲדַדְעֶ֖זֶר	1909	HNp	13TmX
19	16	19		לִ/פְנֵי/הֶֽם	l/6440	HR/Ncbpc/Sp3mp	13LiC
19	17	1		וַ/יֻּגַּ֣ד	c/5046	HC/VHw3ms	138kj
19	17	2		לְ/דָוִ֗יד	l/1732	HR/Np	13mCW
19	17	3		וַ/יֶּאֱסֹ֤ף	c/622	HC/Vqw3ms	13gqX
19	17	4		אֶת	853	HTo	13Df6
19	17	5		כָּל	3605	HNcmsc	13oMA
19	17	6		יִשְׂרָאֵל֙	3478	HNp	13Mcf
19	17	7		וַ/יַּעֲבֹ֣ר	c/5674 a	HC/Vqw3ms	13uXp
19	17	8		הַ/יַּרְדֵּ֔ן	d/3383	HTd/Np	138qn
19	17	9		וַ/יָּבֹ֣א	c/935	HC/Vqw3ms	13DX6
19	17	10		אֲלֵ/הֶ֔ם	413	HR/Sp3mp	13A18
19	17	11		וַֽ/יַּעֲרֹ֖ךְ	c/6186 a	HC/Vqw3ms	13iSv
19	17	12		אֲלֵ/הֶ֑ם	413	HR/Sp3mp	13qx9
19	17	13		וַ/יַּעֲרֹ֨ךְ	c/6186 a	HC/Vqw3ms	13qBT
19	17	14		דָּוִ֜יד	1732	HNp	13jYZ
19	17	15		לִ/קְרַ֤את	l/7125	HR/Vqc	13Az7
19	17	16		אֲרָם֙	758	HNp	13d3f
19	17	17		מִלְחָמָ֔ה	4421	HNcfsa	13byp
19	17	18		וַ/יִּֽלָּחֲמ֖וּ	c/3898 a	HC/VNw3mp	13pWc
19	17	19		עִמּֽ/וֹ	5973 a	HR/Sp3ms	13GcR
19	18	1		וַ/יָּ֣נָס	c/5127	HC/Vqw3ms	13NKo
19	18	2		אֲרָם֮	758	HNp	13qzH
19	18	3		מִ/לִּ/פְנֵ֣י	m/l/6440	HR/R/Ncbpc	13ADc
19	18	4		יִשְׂרָאֵל֒	3478	HNp	13p3z
19	18	5		וַ/יַּהֲרֹ֨ג	c/2026	HC/Vqw3ms	138BY
19	18	6		דָּוִ֜יד	1732	HNp	13g6B
19	18	7		מֵ/אֲרָ֗ם	m/758	HR/Np	134LX
19	18	8		שִׁבְעַ֤ת	7651	HAcmsc	13kze
19	18	9		אֲלָפִים֙	505	HAcbpa	13CJA
19	18	10		רֶ֔כֶב	7393	HNcmsa	13FmZ
19	18	11		וְ/אַרְבָּעִ֥ים	c/705	HC/Acbpa	13nZ5
19	18	12		אֶ֖לֶף	505	HAcbsa	13q5L
19	18	13		אִ֣ישׁ	376	HNcmsa	13htW
19	18	14		רַגְלִ֑י	7273	HAamsa	13YCR
19	18	15		וְ/אֵ֛ת	c/853	HC/To	13Tng
19	18	16		שׁוֹפַ֥ךְ	7780	HNp	13AG9
19	18	17		שַֽׂר	8269	HNcmsc	13veU
19	18	18		הַ/צָּבָ֖א	d/6635 a	HTd/Ncbsa	13CoA
19	18	19		הֵמִֽית	4191	HVhp3ms	13rKD
19	19	1		וַ/יִּרְא֞וּ	c/7200	HC/Vqw3mp	137RJ
19	19	2		עַבְדֵ֣י	5650	HNcmpc	1357Q
19	19	3		הֲדַדְעֶ֗זֶר	1909	HNp	13SqN
19	19	4		כִּ֤י	3588 a	HC	13AMy
19	19	5		נִגְּפוּ֙	5062	HVNp3cp	13U3z
19	19	6		לִ/פְנֵ֣י	l/6440	HR/Ncbpc	13SGK
19	19	7		יִשְׂרָאֵ֔ל	3478	HNp	13Qtc
19	19	8		וַ/יַּשְׁלִ֥ימוּ	c/7999 b	HC/Vhw3mp	13MiW
19	19	9		עִם	5973 a	HR	13LQC
19	19	10		דָּוִ֖יד	1732	HNp	133df
19	19	11		וַ/יַּֽעַבְדֻ֑/הוּ	c/5647	HC/Vqw3mp/Sp3ms	1361t
19	19	12		וְ/לֹא	c/3808	HC/Tn	13g9U
19	19	13		אָבָ֣ה	14	HVqp3ms	13J78
19	19	14		אֲרָ֔ם	758	HNp	13Mf9
19	19	15		לְ/הוֹשִׁ֥יעַ	l/3467	HR/Vhc	13ARq
19	19	16		אֶת	853	HTo	13W24
19	19	17		בְּנֵי	1121 a	HNcmpc	13Sau
19	19	18		עַמּ֖וֹן	5983	HNp	13sbY
19	19	19		עֽוֹד	5750	HD	13oxz
20	1	1		וַ/יְהִ֡י	c/1961	HC/Vqw3ms	13ZpB
20	1	2		לְ/עֵת֩	l/6256	HR/Ncbsc	131bx
20	1	3		תְּשׁוּבַ֨ת	8666	HNcfsc	13xRA
20	1	4		הַ/שָּׁנָ֜ה	d/8141	HTd/Ncfsa	13CvE
20	1	5		לְ/עֵ֣ת	l/6256	HR/Ncbsc	13Naj
20	1	6		צֵ֣את	3318	HVqc	13mc7
20	1	7		הַ/מְּלָכִ֗ים	d/4428	HTd/Ncmpa	13HDd
20	1	8		וַ/יִּנְהַ֣ג	c/5090 a	HC/Vqw3ms	136Lu
20	1	9		יוֹאָב֩	3097	HNp	13Bre
20	1	10		אֶת	853	HTo	13wyD
20	1	11		חֵ֨יל	2426	HNcmsc	139v5
20	1	12		הַ/צָּבָ֜א	d/6635 a	HTd/Ncbsa	13uBa
20	1	13		וַ/יַּשְׁחֵ֣ת	c/7843	HC/Vhw3ms	136e3
20	1	14		אֶת	853	HTo	13Gmz
20	1	15		אֶ֣רֶץ	776	HNcbsc	134Zj
20	1	16		בְּנֵֽי	1121 a	HNcmpc	135jS
20	1	17		עַמּ֗וֹן	5983	HNp	132oN
20	1	18		וַ/יָּבֹא֙	c/935	HC/Vqw3ms	13xTt
20	1	19		וַ/יָּ֣צַר	c/6696 a	HC/Vqw3ms	139sn
20	1	20		אֶת	853	HTo	13Hwe
20	1	21		רַבָּ֔ה	7237	HNp	13pQs
20	1	22		וְ/דָוִ֖יד	c/1732	HC/Np	136DP
20	1	23		יֹשֵׁ֣ב	3427	HVqrmsa	13t2h
20	1	24		בִּ/ירֽוּשָׁלִָ֑ם	b/3389	HR/Np	132HK
20	1	25		וַ/יַּ֥ךְ	c/5221	HC/Vhw3ms	13Ews
20	1	26		יוֹאָ֛ב	3097	HNp	13PUW
20	1	27		אֶת	853	HTo	13zuK
20	1	28		רַבָּ֖ה	7237	HNp	13JQu
20	1	29		וַ/יֶּֽהֶרְסֶֽ/הָ	c/2040	HC/Vqw3ms/Sp3fs	13ErE
20	2	1		וַ/יִּקַּ֣ח	c/3947	HC/Vqw3ms	13Lcm
20	2	2		דָּוִ֣יד	1732	HNp	131X7
20	2	3		אֶת	853	HTo	1389D
20	2	4		עֲטֶֽרֶת	5850	HNcfsc	13GQ6
20	2	5		מַלְכָּ/ם֩	4428	HNcmsc/Sp3mp	13qbK
20	2	6		מֵ/עַ֨ל	m/5921 a	HR/R	13iS8
20	2	7		רֹאשׁ֜/וֹ	7218 a	HNcmsc/Sp3ms	13dHp
20	2	8		וַֽ/יִּמְצָאָ֣/הּ	c/4672	HC/Vqw3ms/Sp3fs	13p5f
20	2	9		מִשְׁקַ֣ל	4948	HNcmsc	13DJ7
20	2	10		כִּכַּר	3603	HNcbsc	13cbQ
20	2	11		זָהָ֗ב	2091	HNcmsa	13xRe
20	2	12		וּ/בָ/הּ֙	c/b	HC/R/Sp3fs	13ZFs
20	2	13		אֶ֣בֶן	68	HNcfsa	13H6b
20	2	14		יְקָרָ֔ה	3368	HAafsa	13JGX
20	2	15		וַ/תְּהִ֖י	c/1961	HC/Vqw3fs	13rb5
20	2	16		עַל	5921 a	HR	13saF
20	2	17		רֹ֣אשׁ	7218 a	HNcmsc	13URH
20	2	18		דָּוִ֑יד	1732	HNp	134Bm
20	2	19		וּ/שְׁלַ֥ל	c/7998	HC/Ncmsc	13AEb
20	2	20		הָ/עִ֛יר	d/5892 b	HTd/Ncfsa	13aam
20	2	21		הוֹצִ֖יא	3318	HVhp3ms	13LQ5
20	2	22		הַרְבֵּ֥ה	7235 a	HVha	13sB6
20	2	23		מְאֹֽד	3966	HD	13AD1
20	3	1		וְ/אֶת	c/853	HC/To	13VV7
20	3	2		הָ/עָ֨ם	d/5971 a	HTd/Ncmsa	13trR
20	3	3		אֲשֶׁר	834 a	HTr	13xPR
20	3	4		בָּ֜/הּ	b	HR/Sp3fs	13oKK
20	3	5		הוֹצִ֗יא	3318	HVhp3ms	13yyH
20	3	6		וַ/יָּ֨שַׂר	c/7787	HC/Vqw3ms	13LPs
20	3	7		בַּ/מְּגֵרָ֜ה	b/4050	HRd/Ncfsa	13XWM
20	3	8		וּ/בַ/חֲרִיצֵ֤י	c/b/2757	HC/R/Ncmpc	13jwr
20	3	9		הַ/בַּרְזֶל֙	d/1270	HTd/Ncmsa	13qua
20	3	10		וּ/בַ/מְּגֵר֔וֹת	c/b/4050	HC/Rd/Ncfpa	13ky1
20	3	11		וְ/כֵן֙	c/3651 c	HC/Tm	13Ag3
20	3	12		יַעֲשֶׂ֣ה	6213 a	HVqi3ms	13PK4
20	3	13		דָוִ֔יד	1732	HNp	13Dyz
20	3	14		לְ/כֹ֖ל	l/3605	HR/Ncmsc	13zxQ
20	3	15		עָרֵ֣י	5892 b	HNcfpc	13TqK
20	3	16		בְנֵי	1121 a	HNcmpc	13bn2
20	3	17		עַמּ֑וֹן	5983	HNp	13ySt
20	3	18		וַ/יָּ֧שָׁב	c/7725	HC/Vqw3ms	13hyc
20	3	19		דָּוִ֛יד	1732	HNp	13vka
20	3	20		וְ/כָל	c/3605	HC/Ncmsc	13NTY
20	3	21		הָ/עָ֖ם	d/5971 a	HTd/Ncmsa	13nfk
20	3	22		יְרוּשָׁלִָֽם	3389	HNp	13pd3
20	4	1		וַ/יְהִי֙	c/1961	HC/Vqw3ms	13Ash
20	4	2		אַחֲרֵי	310 a	HD	139UV
20	4	3		כֵ֔ן	3651 c	HD	13B6v
20	4	4		וַ/תַּעֲמֹ֧ד	c/5975	HC/Vqw3fs	13n7q
20	4	5		מִלְחָמָ֛ה	4421	HNcfsa	138XN
20	4	6		בְּ/גֶ֖זֶר	b/1507	HR/Np	13bGY
20	4	7		עִם	5973 a	HR	13Sqa
20	4	8		פְּלִשְׁתִּ֑ים	6430	HNgmpa	13QV1
20	4	9		אָ֣ז	227 a	HD	13CDj
20	4	10		הִכָּ֞ה	5221	HVhp3ms	13XFL
20	4	11		סִבְּכַ֣י	5444	HNp	1397C
20	4	12		הַ/חֻֽשָׁתִ֗י	d/2843	HTd/Ngmsa	13SXF
20	4	13		אֶת	853	HTo	13gSv
20	4	14		סִפַּ֛י	5598	HNp	13GF5
20	4	15		מִ/ילִדֵ֥י	m/3211	HR/Ncmpc	13XX2
20	4	16		הָ/רְפָאִ֖ים	d/7497 b	HTd/Np	13rFn
20	4	17		וַ/יִּכָּנֵֽעוּ	c/3665	HC/VNw3mp	139SJ
20	5	1		וַ/תְּהִי	c/1961	HC/Vqw3fs	132Ps
20	5	2		ע֥וֹד	5750	HD	135gH
20	5	3		מִלְחָמָ֖ה	4421	HNcfsa	13uuJ
20	5	4		אֶת	854	HR	13FMm
20	5	5		פְּלִשְׁתִּ֑ים	6430	HNgmpa	13kNs
20	5	6		וַ/יַּ֞ךְ	c/5221	HC/Vhw3ms	13Rxh
20	5	7		אֶלְחָנָ֣ן	445	HNp	13atm
20	5	8		בֶּן	1121 a	HNcmsc	13XKf
20	5	9	x-ketiv	יעור	3265	HNp	13vNz
20	5	10		יָעִ֗יר	3265	HNp	13oQN
20	5	11		אֶת	853	HTo	136xQ
20	5	12		לַחְמִי֙	3902	HNp	13zcE
20	5	13		אֲחִי֙	251	HNcmsc	13rj8
20	5	14		גָּלְיָ֣ת	1555	HNp	13Ap9
20	5	15		הַ/גִּתִּ֔י	d/1663	HTd/Ngmsa	13s51
20	5	16		וְ/עֵ֣ץ	c/6086	HC/Ncmsc	13Xxq
20	5	17		חֲנִית֔/וֹ	2595	HNcfsc/Sp3ms	13Hio
20	5	18		כִּ/מְנ֖וֹר	k/4500	HR/Ncmsc	13mRW
20	5	19		אֹרְגִֽים	707	HVqrmpa	13BBb
20	6	1		וַ/תְּהִי	c/1961	HC/Vqw3fs	1351b
20	6	2		ע֥וֹד	5750	HD	13rJW
20	6	3		מִלְחָמָ֖ה	4421	HNcfsa	134Xf
20	6	4		בְּ/גַ֑ת	b/1661	HR/Np	13c89
20	6	5		וַ/יְהִ֣י	c/1961	HC/Vqw3ms	13AVx
20	6	6		אִ֣ישׁ	376	HNcmsc	13cVH
20	6	7		מִדָּ֗ה	4060 a	HNcfsa	13xda
20	6	8		וְ/אֶצְבְּעֹתָ֤י/ו	c/676	HC/Ncfpc/Sp3ms	13bZh
20	6	9		שֵׁשׁ	8337	HAcfsa	13j6W
20	6	10		וָ/שֵׁשׁ֙	c/8337	HC/Acfsa	13wgp
20	6	11		עֶשְׂרִ֣ים	6242	HAcbpa	13cfF
20	6	12		וְ/אַרְבַּ֔ע	c/702	HC/Acfsa	13UXY
20	6	13		וְ/גַם	c/1571	HC/Ta	13iwQ
20	6	14		ה֖וּא	1931	HPp3ms	13A33
20	6	15		נוֹלַ֥ד	3205	HVNp3ms	13BF1
20	6	16		לְ/הָ/רָפָֽא	l/d/7497 a	HR/Td/Ngmsa	13xsk
20	7	1		וַ/יְחָרֵ֖ף	c/2778 a	HC/Vpw3ms	13CmJ
20	7	2		אֶת	853	HTo	13Q6h
20	7	3		יִשְׂרָאֵ֑ל	3478	HNp	13RXX
20	7	4		וַ/יַּכֵּ֨/הוּ֙	c/5221	HC/Vhw3ms/Sp3ms	133ku
20	7	5		יְה֣וֹנָתָ֔ן	3083	HNp	13VvV
20	7	6		בֶּן	1121 a	HNcmsc	1352W
20	7	7		שִׁמְעָ֖א	8092	HNp	13FHV
20	7	8		אֲחִ֥י	251	HNcmsc	13vLx
20	7	9		דָוִֽיד	1732	HNp	13E9J
20	8	1		אֵ֛ל	411	HPdxcp	13Ywv
20	8	2		נוּלְּד֥וּ	3205	HVNp3cp	13XxP
20	8	3		לְ/הָ/רָפָ֖א	l/d/7497 a	HR/Td/Ngmsa	13NpM
20	8	4		בְּ/גַ֑ת	b/1661	HR/Np	136bK
20	8	5		וַ/יִּפְּל֥וּ	c/5307	HC/Vqw3mp	13Xp8
20	8	6		בְ/יַד	b/3027	HR/Ncbsc	13Ec1
20	8	7		דָּוִ֖יד	1732	HNp	13WDd
20	8	8		וּ/בְ/יַד	c/b/3027	HC/R/Ncbsc	13H54
20	8	9		עֲבָדָֽי/ו	5650	HNcmpc/Sp3ms	13UQb
21	1	1		וַ/יַּֽעֲמֹ֥ד	c/5975	HC/Vqw3ms	131hg
21	1	2		שָׂטָ֖ן	7854	HNcmsa	13Fdw
21	1	3		עַל	5921 a	HR	132kE
21	1	4		יִשְׂרָאֵ֑ל	3478	HNp	13Spd
21	1	5		וַ/יָּ֨סֶת֙	c/5496	HC/Vhw3ms	13dd7
21	1	6		אֶת	853	HTo	13153
21	1	7		דָּוִ֔יד	1732	HNp	13hYW
21	1	8		לִ/מְנ֖וֹת	l/4487	HR/Vqc	13QQR
21	1	9		אֶת	853	HTo	13j1m
21	1	10		יִשְׂרָאֵֽל	3478	HNp	13iCq
21	2	1		וַ/יֹּ֨אמֶר	c/559	HC/Vqw3ms	137jm
21	2	2		דָּוִ֤יד	1732	HNp	13aBh
21	2	3		אֶל	413	HR	13PWQ
21	2	4		יוֹאָב֙	3097	HNp	1311E
21	2	5		וְ/אֶל	c/413	HC/R	13Qi4
21	2	6		שָׂרֵ֣י	8269	HNcmpc	13J3C
21	2	7		הָ/עָ֔ם	d/5971 a	HTd/Ncmsa	13JvL
21	2	8		לְכ֗וּ	3212	HVqv2mp	13kuj
21	2	9		סִפְרוּ֙	5608 a	HVqv2mp	13Eg2
21	2	10		אֶת	853	HTo	13MeU
21	2	11		יִשְׂרָאֵ֔ל	3478	HNp	13Ap7
21	2	12		מִ/בְּאֵ֥ר	m/884+	HR/Np	13SX8
21	2	13		שֶׁ֖בַע	884	HAcfsa	13VEh
21	2	14		וְ/עַד	c/5704	HC/R	137PM
21	2	15		דָּ֑ן	1835	HNp	13S3p
21	2	16		וְ/הָבִ֣יאוּ	c/935	HC/Vhv2mp	13Cjf
21	2	17		אֵלַ֔/י	413	HR/Sp1cs	139Hn
21	2	18		וְ/אֵדְעָ֖ה	c/3045	HC/Vqh1cs	13ATZ
21	2	19		אֶת	853	HTo	13sm7
21	2	20		מִסְפָּרָֽ/ם	4557	HNcmsc/Sp3mp	13KBq
21	3	1		וַ/יֹּ֣אמֶר	c/559	HC/Vqw3ms	13444
21	3	2		יוֹאָ֗ב	3097	HNp	13af4
21	3	3		יוֹסֵף֩	3254	HVhj3ms	13aur
21	3	4		יְהוָ֨ה	3068	HNp	13miR
21	3	5		עַל	5921 a	HR	13SkN
21	3	6		עַמּ֤/וֹ	5971 a	HNcmsc/Sp3ms	13REw
21	3	7		כָּ/הֵם֙	k/1992	HR/Pp3mp	13Jvd
21	3	8		מֵאָ֣ה	3967	HAcbsa	13or5
21	3	9		פְעָמִ֔ים	6471	HNcfpa	132gE
21	3	10		הֲ/לֹא֙	i/3808	HTi/Tn	13TCm
21	3	11		אֲדֹנִ֣/י	113	HNcmsc/Sp1cs	133Fz
21	3	12		הַ/מֶּ֔לֶךְ	d/4428	HTd/Ncmsa	13vxS
21	3	13		כֻּלָּ֥/ם	3605	HNcmsc/Sp3mp	13QBy
21	3	14		לַ/אדֹנִ֖/י	l/113	HR/Ncmsc/Sp1cs	13HPx
21	3	15		לַ/עֲבָדִ֑ים	l/5650	HR/Ncmpa	13K2T
21	3	16		לָ֣/מָּה	l/4100	HR/Ti	13JVT
21	3	17		יְבַקֵּ֥שׁ	1245	HVpi3ms	13HN7
21	3	18		זֹאת֙	2063	HPdxfs	13VhQ
21	3	19		אֲדֹנִ֔/י	113	HNcmsc/Sp1cs	13uUs
21	3	20		לָ֛/מָּה	l/4100	HR/Ti	13YLv
21	3	21		יִהְיֶ֥ה	1961	HVqi3ms	13yjM
21	3	22		לְ/אַשְׁמָ֖ה	l/819	HR/Ncfsa	13CzW
21	3	23		לְ/יִשְׂרָאֵֽל	l/3478	HR/Np	13ewW
21	4	1		וּ/דְבַר	c/1697	HC/Ncmsc	139mZ
21	4	2		הַ/מֶּ֖לֶךְ	d/4428	HTd/Ncmsa	13rYQ
21	4	3		חָזַ֣ק	2388	HVqp3ms	139hw
21	4	4		עַל	5921 a	HR	13bTH
21	4	5		יוֹאָ֑ב	3097	HNp	13gBC
21	4	6		וַ/יֵּצֵ֣א	c/3318	HC/Vqw3ms	13kqr
21	4	7		יוֹאָ֗ב	3097	HNp	13Lp8
21	4	8		וַ/יִּתְהַלֵּךְ֙	c/1980	HC/Vtw3ms	13d64
21	4	9		בְּ/כָל	b/3605	HR/Ncmsc	13iFq
21	4	10		יִשְׂרָאֵ֔ל	3478	HNp	13vxK
21	4	11		וַ/יָּבֹ֖א	c/935	HC/Vqw3ms	13yof
21	4	12		יְרוּשָׁלִָֽם	3389	HNp	13oDp
21	5	1		וַ/יִּתֵּ֥ן	c/5414	HC/Vqw3ms	13QAJ
21	5	2		יוֹאָ֛ב	3097	HNp	13bhk
21	5	3		אֶת	853	HTo	13CGK
21	5	4		מִסְפַּ֥ר	4557	HNcmsc	13XkE
21	5	5		מִפְקַד	4662	HNcmsc	13LaG
21	5	6		הָ/עָ֖ם	d/5971 a	HTd/Ncmsa	133RD
21	5	7		אֶל	413	HR	13rid
21	5	8		דָּוִ֑יד	1732	HNp	13Evb
21	5	9		וַ/יְהִ֣י	c/1961	HC/Vqw3ms	13fAh
21	5	10		כָֽל	3605	HNcmsc	13VTn
21	5	11		יִשְׂרָאֵ֡ל	3478	HNp	131Ff
21	5	12		אֶ֣לֶף	505	HAcbsa	13TqE
21	5	13		אֲלָפִים֩	505	HAcbpa	1358v
21	5	14		וּ/מֵאָ֨ה	c/3967	HC/Acbsa	13f5S
21	5	15		אֶ֤לֶף	505	HAcbsa	13R8R
21	5	16		אִישׁ֙	376	HNcmsa	133G3
21	5	17		שֹׁ֣לֵֽף	8025	HVqrmsa	13ShE
21	5	18		חֶ֔רֶב	2719	HNcfsa	13xk4
21	5	19		וִֽ/יהוּדָ֕ה	c/3063	HC/Np	13SvA
21	5	20		אַרְבַּע֩	702	HAcfsa	13cZL
21	5	21		מֵא֨וֹת	3967	HAcbpa	13wcc
21	5	22		וְ/שִׁבְעִ֥ים	c/7657	HC/Acbpa	135Bn
21	5	23		אֶ֛לֶף	505	HAcbsa	13mD7
21	5	24		אִ֖ישׁ	376	HNcmsa	13jiL
21	5	25		שֹׁ֥לֵֽף	8025	HVqrmsa	13id5
21	5	26		חָֽרֶב	2719	HNcfsa	13UWS
21	6	1		וְ/לֵוִי֙	c/3878	HC/Np	13oQp
21	6	2		וּ/בִנְיָמִ֔ן	c/1144	HC/Np	13yDf
21	6	3		לֹ֥א	3808	HTn	13zJN
21	6	4		פָקַ֖ד	6485 a	HVqp3ms	13Wfy
21	6	5		בְּ/תוֹכָ֑/ם	b/8432	HR/Ncmsc/Sp3mp	13f69
21	6	6		כִּֽי	3588 a	HC	13hnq
21	6	7		נִתְעַ֥ב	8581	HVNp3ms	139UP
21	6	8		דְּבַר	1697	HNcmsc	13WgV
21	6	9		הַ/מֶּ֖לֶךְ	d/4428	HTd/Ncmsa	13cVd
21	6	10		אֶת	854	HR	132xb
21	6	11		יוֹאָֽב	3097	HNp	13yF8
21	7	1		וַ/יֵּ֨רַע֙	c/7489 a	HC/Vqw3ms	13aHR
21	7	2		בְּ/עֵינֵ֣י	b/5869 a	HR/Ncbdc	138sC
21	7	3		הָ/אֱלֹהִ֔ים	d/430	HTd/Ncmpa	13ure
21	7	4		עַל	5921 a	HR	13RJK
21	7	5		הַ/דָּבָ֖ר	d/1697	HTd/Ncmsa	13uCp
21	7	6		הַ/זֶּ֑ה	d/2088	HTd/Pdxms	13iNC
21	7	7		וַ/יַּ֖ךְ	c/5221	HC/Vhw3ms	139jD
21	7	8		אֶת	853	HTo	13DTS
21	7	9		יִשְׂרָאֵֽל	3478	HNp	13LQV
21	8	1		וַ/יֹּ֤אמֶר	c/559	HC/Vqw3ms	13fA6
21	8	2		דָּוִיד֙	1732	HNp	137Rw
21	8	3		אֶל	413	HR	13XN3
21	8	4		הָ֣/אֱלֹהִ֔ים	d/430	HTd/Ncmpa	13PHo
21	8	5		חָטָ֣אתִֽי	2398	HVqp1cs	13RKm
21	8	6		מְאֹ֔ד	3966	HD	13PbU
21	8	7		אֲשֶׁ֥ר	834 a	HTr	13rD6
21	8	8		עָשִׂ֖יתִי	6213 a	HVqp1cs	13dL6
21	8	9		אֶת	853	HTo	13ZyC
21	8	10		הַ/דָּבָ֣ר	d/1697	HTd/Ncmsa	13pxD
21	8	11		הַ/זֶּ֑ה	d/2088	HTd/Pdxms	13NTM
21	8	12		וְ/עַתָּ֗ה	c/6258	HC/D	13BVM
21	8	13		הַֽעֲבֶר	5674 a	HVhv2ms	131Fv
21	8	14		נָא֙	4994	HTe	13G37
21	8	15		אֶת	853	HTo	13GtA
21	8	16		עֲו֣וֹן	5771	HNcbsc	136Lg
21	8	17		עַבְדְּ/ךָ֔	5650	HNcmsc/Sp2ms	13m6w
21	8	18		כִּ֥י	3588 a	HC	13ioA
21	8	19		נִסְכַּ֖לְתִּי	5528	HVNp1cs	13BVU
21	8	20		מְאֹֽד	3966	HD	131vd
21	9	1		וַ/יְדַבֵּ֤ר	c/1696	HC/Vpw3ms	13FE1
21	9	2		יְהוָה֙	3068	HNp	13FQw
21	9	3		אֶל	413	HR	137J8
21	9	4		גָּ֔ד	1410	HNp	13qCk
21	9	5		חֹזֵ֥ה	2374	HNcmsc	13Y7B
21	9	6		דָוִ֖יד	1732	HNp	13pJg
21	9	7		לֵ/אמֹֽר	l/559	HR/Vqc	13ePU
21	10	1		לֵךְ֩	3212	HVqv2ms	13QRm
21	10	2		וְ/דִבַּרְתָּ֨	c/1696	HC/Vpq2ms	13sjY
21	10	3		אֶל	413	HR	13LFe
21	10	4		דָּוִ֜יד	1732	HNp	13HZs
21	10	5		לֵ/אמֹ֗ר	l/559	HR/Vqc	13MMZ
21	10	6		כֹּ֚ה	3541	HD	13iuh
21	10	7		אָמַ֣ר	559	HVqp3ms	131TP
21	10	8		יְהוָ֔ה	3068	HNp	13Muu
21	10	9		שָׁל֕וֹשׁ	7969	HAcfsa	13JXG
21	10	10		אֲנִ֖י	589	HPp1cs	13V7e
21	10	11		נֹטֶ֣ה	5186	HVqrmsa	13zEv
21	10	12		עָלֶ֑י/ךָ	5921 a	HR/Sp2ms	13Az9
21	10	13		בְּחַר	977	HVqv2ms	13KsP
21	10	14		לְ/ךָ֛	l	HR/Sp2ms	1357u
21	10	15		אַחַ֥ת	259	HAcfsa	13XUn
21	10	16		מֵ/הֵ֖נָּה	m/2007	HR/Pp3fp	13mnU
21	10	17		וְ/אֶֽעֱשֶׂה	c/6213 a	HC/Vqi1cs	133uB
21	10	18		לָּֽ/ךְ	l	HR/Sp2fs	13bE2
21	11	1		וַ/יָּ֥בֹא	c/935	HC/Vqw3ms	13kyK
21	11	2		גָ֖ד	1410	HNp	13AcS
21	11	3		אֶל	413	HR	13Ui1
21	11	4		דָּוִ֑יד	1732	HNp	13qzt
21	11	5		וַ/יֹּ֥אמֶר	c/559	HC/Vqw3ms	131Yv
21	11	6		ל֛/וֹ	l	HR/Sp3ms	13unw
21	11	7		כֹּֽה	3541	HD	13xed
21	11	8		אָמַ֥ר	559	HVqp3ms	13Ld9
21	11	9		יְהוָ֖ה	3068	HNp	13mVS
21	11	10		קַבֶּל	6901	HVpv2ms	13LHh
21	11	11		לָֽ/ךְ	l	HR/Sp2fs	13vvz
21	12	1		אִם	518 a	HC	13h7f
21	12	2		שָׁל֨וֹשׁ	7969	HAcfsa	13ai6
21	12	3		שָׁנִ֜ים	8141	HNcfpa	13PHM
21	12	4		רָעָ֗ב	7458	HNcmsa	13Loh
21	12	5		וְ/אִם	c/518 a	HC/C	13jbt
21	12	6		שְׁלֹשָׁ֨ה	7969	HAcmsa	13whp
21	12	7		חֳדָשִׁ֜ים	2320	HNcmpa	13DeS
21	12	8		נִסְפֶּ֥ה	5595	HVNrmsa	13TDX
21	12	9		מִ/פְּנֵי	m/6440	HR/Ncbpc	13kew
21	12	10		צָרֶי/ךָ֮	6862 c	HNcmpc/Sp2ms	134a7
21	12	11		וְ/חֶ֣רֶב	c/2719	HC/Ncfsc	13Vw1
21	12	12		אוֹיְבֶ֣/ךָ	341	HVqrmpc/Sp2ms	13AbP
21	12	13		לְ/מַשֶּׂגֶת֒	l/5381	HR/Vhrfsa	13XC7
21	12	14		וְ/אִם	c/518 a	HC/C	13kSM
21	12	15		שְׁלֹ֣שֶׁת	7969	HAcmsc	137Wp
21	12	16		יָ֠מִים	3117	HNcmpa	13i1E
21	12	17		חֶ֣רֶב	2719	HNcfsc	13Aby
21	12	18		יְהוָ֤ה	3068	HNp	13dEB
21	12	19		וְ/דֶ֨בֶר֙	c/1698	HC/Ncmsa	13fQk
21	12	20		בָּ/אָ֔רֶץ	b/776	HRd/Ncbsa	13bgn
21	12	21		וּ/מַלְאַ֣ךְ	c/4397	HC/Ncmsc	13TM2
21	12	22		יְהוָ֔ה	3068	HNp	13k7d
21	12	23		מַשְׁחִ֖ית	7843	HVhrmsa	13WXj
21	12	24		בְּ/כָל	b/3605	HR/Ncmsc	13Dkb
21	12	25		גְּב֣וּל	1366	HNcmsc	13JBA
21	12	26		יִשְׂרָאֵ֑ל	3478	HNp	13ZFp
21	12	27		וְ/עַתָּ֣ה	c/6258	HC/D	13jzs
21	12	28		רְאֵ֔ה	7200	HVqv2ms	13SJc
21	12	29		מָֽה	4100	HTi	13drC
21	12	30		אָשִׁ֥יב	7725	HVhi1cs	13UiC
21	12	31		אֶת	854	HR	13qKv
21	12	32		שֹׁלְחִ֖/י	7971	HVqrmsc/Sp1cs	13CuC
21	12	33		דָּבָֽר	1697	HNcmsa	13CZ7
21	13	1		וַ/יֹּ֧אמֶר	c/559	HC/Vqw3ms	13vXD
21	13	2		דָּוִ֛יד	1732	HNp	13Ph4
21	13	3		אֶל	413	HR	13YV4
21	13	4		גָּ֖ד	1410	HNp	13XUH
21	13	5		צַר	6862 c	HVqp3ms	131ZZ
21	13	6		לִ֣/י	l	HR/Sp1cs	13QGw
21	13	7		מְאֹ֑ד	3966	HD	13phZ
21	13	8		אֶפְּלָה	5307	HVqh1cs	13ytA
21	13	9		נָּ֣א	4994	HTj	13dor
21	13	10		בְ/יַד	b/3027	HR/Ncbsc	13kRt
21	13	11		יְהוָ֗ה	3068	HNp	13p5S
21	13	12		כִּֽי	3588 a	HC	136AX
21	13	13		רַבִּ֤ים	7227 a	HAampa	13rCA
21	13	14		רַחֲמָי/ו֙	7356 b	HNcmpc/Sp3ms	13st4
21	13	15		מְאֹ֔ד	3966	HD	13xDN
21	13	16		וּ/בְ/יַד	c/b/3027	HC/R/Ncbsc	13uhF
21	13	17		אָדָ֖ם	120	HNcmsa	13Feh
21	13	18		אַל	408	HTn	13Uiv
21	13	19		אֶפֹּֽל	5307	HVqh1cs	13qY1
21	14	1		וַ/יִּתֵּ֧ן	c/5414	HC/Vqw3ms	13Eh1
21	14	2		יְהוָ֛ה	3068	HNp	13TcL
21	14	3		דֶּ֖בֶר	1698	HNcmsa	1357W
21	14	4		בְּ/יִשְׂרָאֵ֑ל	b/3478	HR/Np	138WE
21	14	5		וַ/יִּפֹּל֙	c/5307	HC/Vqw3ms	13sZh
21	14	6		מִ/יִּשְׂרָאֵ֔ל	m/3478	HR/Np	13hW6
21	14	7		שִׁבְעִ֥ים	7657	HAcbpa	13Fjn
21	14	8		אֶ֖לֶף	505	HAcbsa	13NMJ
21	14	9		אִֽישׁ	376	HNcmsa	13KgD
21	15	1		וַ/יִּשְׁלַח֩	c/7971	HC/Vqw3ms	13o41
21	15	2		הָ/אֱלֹהִ֨ים	d/430	HTd/Ncmpa	13Q19
21	15	3		מַלְאָ֥ךְ	4397	HNcmsa	13M82
21	15	4		לִֽ/ירוּשָׁלִַם֮	l/3389	HR/Np	13FQt
21	15	5		לְ/הַשְׁחִיתָ/הּ֒	l/7843	HR/Vhc/Sp3fs	136U3
21	15	6		וּ/כְ/הַשְׁחִ֗ית	c/k/7843	HC/R/Vhc	1377g
21	15	7		רָאָ֤ה	7200	HVqp3ms	13Njc
21	15	8		יְהוָה֙	3068	HNp	13vvs
21	15	9		וַ/יִּנָּ֣חֶם	c/5162	HC/VNw3ms	13kh1
21	15	10		עַל	5921 a	HR	13HfB
21	15	11		הָֽ/רָעָ֔ה	d/7451 c	HTd/Ncfsa	131Hv
21	15	12		וַ/יֹּ֨אמֶר	c/559	HC/Vqw3ms	13y4b
21	15	13		לַ/מַּלְאָ֤ךְ	l/4397	HRd/Ncmsa	13ULW
21	15	14		הַ/מַּשְׁחִית֙	d/7843	HTd/Vhrmsa	13GUN
21	15	15		רַ֔ב	7227 a	HAamsa	13yfp
21	15	16		עַתָּ֖ה	6258	HD	13szn
21	15	17		הֶ֣רֶף	7503	HVhv2ms	13334
21	15	18		יָדֶ֑/ךָ	3027	HNcbsc/Sp2ms	13Qde
21	15	19		וּ/מַלְאַ֤ךְ	c/4397	HC/Ncmsc	13K62
21	15	20		יְהוָה֙	3068	HNp	13dBK
21	15	21		עֹמֵ֔ד	5975	HVqrmsa	13J89
21	15	22		עִם	5973 a	HR	13iLi
21	15	23		גֹּ֖רֶן	1637	HNcbsc	13tFm
21	15	24		אָרְנָ֥ן	771	HNp	13kxU
21	15	25		הַ/יְבוּסִֽי	d/2983	HTd/Ngmsa	13Wsw
21	16	1		וַ/יִּשָּׂ֨א	c/5375	HC/Vqw3ms	13BjS
21	16	2		דָוִ֜יד	1732	HNp	13Xcv
21	16	3		אֶת	853	HTo	13PRu
21	16	4		עֵינָ֗י/ו	5869 a	HNcbdc/Sp3ms	13mZG
21	16	5		וַ/יַּ֞רְא	c/7200	HC/Vqw3ms	13BVn
21	16	6		אֶת	853	HTo	13FZr
21	16	7		מַלְאַ֤ךְ	4397	HNcmsc	13upQ
21	16	8		יְהוָה֙	3068	HNp	13VzQ
21	16	9		עֹמֵ֗ד	5975	HVqrmsa	13Ym9
21	16	10		בֵּ֤ין	996	HR	13xhV
21	16	11		הָ/אָ֨רֶץ֙	d/776	HTd/Ncbsa	13rLw
21	16	12		וּ/בֵ֣ין	c/996	HC/R	13tc3
21	16	13		הַ/שָּׁמַ֔יִם	d/8064	HTd/Ncmpa	13Asj
21	16	14		וְ/חַרְבּ֤/וֹ	c/2719	HC/Ncfsc/Sp3ms	13ZFJ
21	16	15		שְׁלוּפָה֙	8025	HVqsfsa	13G2v
21	16	16		בְּ/יָד֔/וֹ	b/3027	HR/Ncbsc/Sp3ms	13pGd
21	16	17		נְטוּיָ֖ה	5186	HVqsfsa	13S8b
21	16	18		עַל	5921 a	HR	13QfR
21	16	19		יְרוּשָׁלִָ֑ם	3389	HNp	13a9L
21	16	20		וַ/יִּפֹּ֨ל	c/5307	HC/Vqw3ms	1387i
21	16	21		דָּוִ֧יד	1732	HNp	13HbV
21	16	22		וְ/הַ/זְּקֵנִ֛ים	c/d/2205	HC/Td/Aampa	138Ef
21	16	23		מְכֻסִּ֥ים	3680	HVPsmpa	13Jx8
21	16	24		בַּ/שַּׂקִּ֖ים	b/8242	HRd/Ncmpa	13BdY
21	16	25		עַל	5921 a	HR	13Wgk
21	16	26		פְּנֵי/הֶֽם	6440	HNcbpc/Sp3mp	137KL
21	17	1		וַ/יֹּ֣אמֶר	c/559	HC/Vqw3ms	13uD3
21	17	2		דָּוִ֣יד	1732	HNp	13Chs
21	17	3		אֶֽל	413	HR	13yyk
21	17	4		הָ/אֱלֹהִ֡ים	d/430	HTd/Ncmpa	13hcZ
21	17	5		הֲ/לֹא֩	i/3808	HTi/Tn	13dNA
21	17	6		אֲנִ֨י	589	HPp1cs	13RpE
21	17	7		אָמַ֜רְתִּי	559	HVqp1cs	13q3b
21	17	8		לִ/מְנ֣וֹת	l/4487	HR/Vqc	13PeM
21	17	9		בָּ/עָ֗ם	b/5971 a	HRd/Ncmsa	13RXz
21	17	10		וַ/אֲנִי	c/589	HC/Pp1cs	13aju
21	17	11		ה֤וּא	1931	HPp3ms	139mk
21	17	12		אֲשֶׁר	834 a	HTr	13dWz
21	17	13		חָטָ֨אתִי֙	2398	HVqp1cs	13hpc
21	17	14		וְ/הָרֵ֣עַ	c/7489 a	HC/Vha	1365B
21	17	15		הֲרֵע֔וֹתִי	7489 a	HVhp1cs	1359k
21	17	16		וְ/אֵ֥לֶּה	c/428	HC/Pdxcp	13G4x
21	17	17		הַ/צֹּ֖אן	d/6629	HTd/Ncbsa	13D9r
21	17	18		מֶ֣ה	4100	HTi	13Fn5
21	17	19		עָשׂ֑וּ	6213 a	HVqp3cp	13u2c
21	17	20		יְהוָ֣ה	3068	HNp	13aLU
21	17	21		אֱלֹהַ֗/י	430	HNcmpc/Sp1cs	13zxD
21	17	22		תְּהִ֨י	1961	HVqj3fs	13qCS
21	17	23		נָ֤א	4994	HTe	13Rt6
21	17	24		יָֽדְ/ךָ֙	3027	HNcbsc/Sp2ms	13fKp
21	17	25		בִּ֚/י	b	HR/Sp1cs	13Zcg
21	17	26		וּ/בְ/בֵ֣ית	c/b/1004 b	HC/R/Ncmsc	13ySA
21	17	27		אָבִ֔/י	1	HNcmsc/Sp1cs	13qsK
21	17	28		וּֽ/בְ/עַמְּ/ךָ֖	c/b/5971 a	HC/R/Ncmsc/Sp2ms	13dUR
21	17	29		לֹ֥א	3808	HTn	13Xge
21	17	30		לְ/מַגֵּפָֽה	l/4046	HR/Ncfsa	13cxE
21	18	1		וּ/מַלְאַ֧ךְ	c/4397	HC/Ncmsc	13NhT
21	18	2		יְהוָ֛ה	3068	HNp	138rt
21	18	3		אָמַ֥ר	559	HVqp3ms	13FSn
21	18	4		אֶל	413	HR	13ABP
21	18	5		גָּ֖ד	1410	HNp	1375p
21	18	6		לֵ/אמֹ֣ר	l/559	HR/Vqc	13Zaf
21	18	7		לְ/דָוִ֑יד	l/1732	HR/Np	13PSe
21	18	8		כִּ֣י	3588 a	HC	13xN1
21	18	9		יַעֲלֶ֣ה	5927	HVqi3ms	13Xkg
21	18	10		דָוִ֗יד	1732	HNp	13vQX
21	18	11		לְ/הָקִ֤ים	l/6965 b	HR/Vhc	13Vn9
21	18	12		מִזְבֵּ֨חַ֙	4196	HNcmsa	13GiN
21	18	13		לַ/יהוָ֔ה	l/3068	HR/Np	13c4u
21	18	14		בְּ/גֹ֖רֶן	b/1637	HR/Ncbsc	13ukD
21	18	15		אָרְנָ֥ן	771	HNp	13Cqq
21	18	16		הַ/יְבֻסִֽי	d/2983	HTd/Ngmsa	13GM2
21	19	1		וַ/יַּ֤עַל	c/5927	HC/Vqw3ms	13Nac
21	19	2		דָּוִיד֙	1732	HNp	137qo
21	19	3		בִּ/דְבַר	b/1697	HR/Ncmsc	13htN
21	19	4		גָּ֔ד	1410	HNp	139N7
21	19	5		אֲשֶׁ֥ר	834 a	HTr	13vNp
21	19	6		דִּבֶּ֖ר	1696	HVpp3ms	13vJK
21	19	7		בְּ/שֵׁ֥ם	b/8034	HR/Ncmsc	13ZQ4
21	19	8		יְהוָֽה	3068	HNp	13Aoa
21	20	1		וַ/יָּ֣שָׁב	c/7725	HC/Vqw3ms	13g1p
21	20	2		אָרְנָ֗ן	771	HNp	13xBa
21	20	3		וַ/יַּרְא֙	c/7200	HC/Vqw3ms	13av2
21	20	4		אֶת	853	HTo	13cwV
21	20	5		הַ/מַּלְאָ֔ךְ	d/4397	HTd/Ncmsa	13TAc
21	20	6		וְ/אַרְבַּ֧עַת	c/702	HC/Acmsc	13WW6
21	20	7		בָּנָ֛י/ו	1121 a	HNcmpc/Sp3ms	13hnS
21	20	8		עִמּ֖/וֹ	5973 a	HR/Sp3ms	13w1B
21	20	9		מִֽתְחַבְּאִ֑ים	2244	HVtrmpa	13gSp
21	20	10		וְ/אָרְנָ֖ן	c/771	HC/Np	13HpS
21	20	11		דָּ֥שׁ	1758	HVqrmsa	131h7
21	20	12		חִטִּֽים	2406	HNcfpa	13yT7
21	21	1		וַ/יָּבֹ֥א	c/935	HC/Vqw3ms	13YRx
21	21	2		דָוִ֖יד	1732	HNp	13FHT
21	21	3		עַד	5704	HR	13dPE
21	21	4		אָרְנָ֑ן	771	HNp	13XrC
21	21	5		וַ/יַּבֵּ֤ט	c/5027	HC/Vhw3ms	13uiX
21	21	6		אָרְנָן֙	771	HNp	1325p
21	21	7		וַ/יַּ֣רְא	c/7200	HC/Vqw3ms	13HVF
21	21	8		אֶת	853	HTo	13m2K
21	21	9		דָּוִ֔יד	1732	HNp	1367o
21	21	10		וַ/יֵּצֵא֙	c/3318	HC/Vqw3ms	13njm
21	21	11		מִן	4480 a	HR	13b7Q
21	21	12		הַ/גֹּ֔רֶן	d/1637	HTd/Ncbsa	13SVW
21	21	13		וַ/יִּשְׁתַּ֧חוּ	c/7812	HC/Vtw3ms	13ZYw
21	21	14		לְ/דָוִ֛יד	l/1732	HR/Np	139yq
21	21	15		אַפַּ֖יִם	639	HNcmda	13dWR
21	21	16		אָֽרְצָ/ה	776	HNcbsa/Sd	13hto
21	22	1		וַ/יֹּ֨אמֶר	c/559	HC/Vqw3ms	13d9Z
21	22	2		דָּוִ֜יד	1732	HNp	13G9m
21	22	3		אֶל	413	HR	13io6
21	22	4		אָרְנָ֗ן	771	HNp	13xWm
21	22	5		תְּנָ/ה	5414	HVqv2ms/Sh	13dsU
21	22	6		לִּ/י֙	l	HR/Sp1cs	13bYp
21	22	7		מְק֣וֹם	4725	HNcmsc	135Qo
21	22	8		הַ/גֹּ֔רֶן	d/1637	HTd/Ncbsa	13Ayf
21	22	9		וְ/אֶבְנֶה	c/1129	HC/Vqh1cs	13XSV
21	22	10		בּ֥/וֹ	b	HR/Sp3ms	13tA7
21	22	11		מִזְבֵּ֖חַ	4196	HNcmsa	138UE
21	22	12		לַ/יהוָ֑ה	l/3068	HR/Np	13vD9
21	22	13		בְּ/כֶ֤סֶף	b/3701	HR/Ncmsa	13c2q
21	22	14		מָלֵא֙	4392	HAamsa	13ArC
21	22	15		תְּנֵ֣/הוּ	5414	HVqv2ms/Sp3ms	13L4t
21	22	16		לִ֔/י	l	HR/Sp1cs	13tBV
21	22	17		וְ/תֵעָצַ֥ר	c/6113	HC/VNj3fs	13sP7
21	22	18		הַ/מַּגֵּפָ֖ה	d/4046	HTd/Ncfsa	13HaF
21	22	19		מֵ/עַ֥ל	m/5921 a	HR/R	13r1k
21	22	20		הָ/עָֽם	d/5971 a	HTd/Ncmsa	13S4c
21	23	1		וַ/יֹּ֨אמֶר	c/559	HC/Vqw3ms	13nw6
21	23	2		אָרְנָ֤ן	771	HNp	13sz1
21	23	3		אֶל	413	HR	13dYv
21	23	4		דָּוִיד֙	1732	HNp	13geX
21	23	5		קַֽח	3947	HVqv2ms	13CP6
21	23	6		לָ֔/ךְ	l	HR/Sp2fs	13zkp
21	23	7		וְ/יַ֛עַשׂ	c/6213 a	HC/Vqj3ms	13w5g
21	23	8		אֲדֹנִ֥/י	113	HNcmsc/Sp1cs	13xko
21	23	9		הַ/מֶּ֖לֶךְ	d/4428	HTd/Ncmsa	13Xb8
21	23	10		הַ/טּ֣וֹב	d/2896 a	HTd/Aamsa	13vEK
21	23	11		בְּ/עֵינָ֑י/ו	b/5869 a	HR/Ncbdc/Sp3ms	13BUo
21	23	12		רְאֵה֩	7200	HVqv2ms	13Tkw
21	23	13		נָתַ֨תִּי	5414	HVqp1cs	13mH6
21	23	14		הַ/בָּקָ֜ר	d/1241	HTd/Ncbsa	132dU
21	23	15		לָֽ/עֹל֗וֹת	l/5930 a	HRd/Ncfpa	13Xtc
21	23	16		וְ/הַ/מּוֹרִגִּ֧ים	c/d/4173	HC/Td/Ncmpa	13GjZ
21	23	17		לָ/עֵצִ֛ים	l/6086	HRd/Ncmpa	13zYY
21	23	18		וְ/הַ/חִטִּ֥ים	c/d/2406	HC/Td/Ncfpa	13D36
21	23	19		לַ/מִּנְחָ֖ה	l/4503	HRd/Ncfsa	132Ri
21	23	20		הַ/כֹּ֥ל	d/3605	HTd/Ncmsa	13HWE
21	23	21		נָתָֽתִּי	5414	HVqp1cs	13TXG
21	24	1		וַ/יֹּ֨אמֶר	c/559	HC/Vqw3ms	13z6T
21	24	2		הַ/מֶּ֤לֶךְ	d/4428	HTd/Ncmsa	13CnF
21	24	3		דָּוִיד֙	1732	HNp	13yqC
21	24	4		לְ/אָרְנָ֔ן	l/771	HR/Np	13RVq
21	24	5		לֹ֕א	3808	HTn	13SUy
21	24	6		כִּֽי	3588 a	HC	13Z4u
21	24	7		קָנֹ֥ה	7069	HVqa	13zem
21	24	8		אֶקְנֶ֖ה	7069	HVqi1cs	13ULr
21	24	9		בְּ/כֶ֣סֶף	b/3701	HR/Ncmsa	13RgZ
21	24	10		מָלֵ֑א	4392	HAamsa	13JuZ
21	24	11		כִּ֠י	3588 a	HC	13Cxh
21	24	12		לֹא	3808	HTn	13sBP
21	24	13		אֶשָּׂ֤א	5375	HVqi1cs	13CNj
21	24	14		אֲשֶׁר	834 a	HTr	13X8a
21	24	15		לְ/ךָ֙	l	HR/Sp2ms	13N8o
21	24	16		לַ/יהוָ֔ה	l/3068	HR/Np	13x8G
21	24	17		וְ/הַעֲל֥וֹת	c/5927	HC/Vhc	13PWT
21	24	18		עוֹלָ֖ה	5930 a	HNcfsa	13RGg
21	24	19		חִנָּֽם	2600	HD	13PN9
21	25	1		וַ/יִּתֵּ֥ן	c/5414	HC/Vqw3ms	13QQH
21	25	2		דָּוִ֛יד	1732	HNp	13Nk6
21	25	3		לְ/אָרְנָ֖ן	l/771	HR/Np	13bqe
21	25	4		בַּ/מָּק֑וֹם	b/4725	HRd/Ncmsa	13Lo7
21	25	5		שִׁקְלֵ֣י	8255	HNcmpc	13XkF
21	25	6		זָהָ֔ב	2091	HNcmsa	13fzP
21	25	7		מִשְׁקָ֖ל	4948	HNcmsa	13Se7
21	25	8		שֵׁ֥שׁ	8337	HAcfsa	13xP3
21	25	9		מֵאֽוֹת	3967	HAcbpa	13Hqs
21	26	1		וַ/יִּבֶן֩	c/1129	HC/Vqw3ms	13WCC
21	26	2		שָׁ֨ם	8033	HD	13MNb
21	26	3		דָּוִ֤יד	1732	HNp	13BW3
21	26	4		מִזְבֵּ֨חַ֙	4196	HNcmsa	13fHF
21	26	5		לַ/יהוָ֔ה	l/3068	HR/Np	13RME
21	26	6		וַ/יַּ֥עַל	c/5927	HC/Vhw3ms	139JG
21	26	7		עֹל֖וֹת	5930 a	HNcfpa	13Gt3
21	26	8		וּ/שְׁלָמִ֑ים	c/8002	HC/Ncmpa	13H48
21	26	9		וַ/יִּקְרָא֙	c/7121	HC/Vqw3ms	131jx
21	26	10		אֶל	413	HR	13AkN
21	26	11		יְהוָ֔ה	3068	HNp	1344o
21	26	12		וַ/יַּֽעֲנֵ֤/הוּ	c/6030 b	HC/Vqw3ms/Sp3ms	13FRQ
21	26	13		בָ/אֵשׁ֙	b/784	HRd/Ncbsa	13vJw
21	26	14		מִן	4480 a	HR	13HX9
21	26	15		הַ/שָּׁמַ֔יִם	d/8064	HTd/Ncmpa	13SHe
21	26	16		עַ֖ל	5921 a	HR	13HRn
21	26	17		מִזְבַּ֥ח	4196	HNcmsc	13pmD
21	26	18		הָ/עֹלָֽה	d/5930 a	HTd/Ncfsa	133Kj
21	27	1		וַ/יֹּ֤אמֶר	c/559	HC/Vqw3ms	13YyV
21	27	2		יְהוָה֙	3068	HNp	132m6
21	27	3		לַ/מַּלְאָ֔ךְ	l/4397	HRd/Ncmsa	13AHo
21	27	4		וַ/יָּ֥שֶׁב	c/7725	HC/Vhw3ms	13PYm
21	27	5		חַרְבּ֖/וֹ	2719	HNcfsc/Sp3ms	13CnX
21	27	6		אֶל	413	HR	13zv9
21	27	7		נְדָנָֽ/הּ	5084	HNcmsc/Sp3fs	13UjU
21	28	1		בָּ/עֵ֣ת	b/6256	HRd/Ncbsa	13XMJ
21	28	2		הַ/הִ֔יא	d/1931	HTd/Pp3fs	134cS
21	28	3		בִּ/רְא֤וֹת	b/7200	HR/Vqc	13Pez
21	28	4		דָּוִיד֙	1732	HNp	13Tmw
21	28	5		כִּי	3588 a	HC	13B17
21	28	6		עָנָ֣/הוּ	6030 b	HVqp3ms/Sp3ms	13m7v
21	28	7		יְהוָ֔ה	3068	HNp	13mbr
21	28	8		בְּ/גֹ֖רֶן	b/1637	HR/Ncbsc	13d8A
21	28	9		אָרְנָ֣ן	771	HNp	13LDp
21	28	10		הַ/יְבוּסִ֑י	d/2983	HTd/Ngmsa	13EbD
21	28	11		וַ/יִּזְבַּ֖ח	c/2076	HC/Vqw3ms	13vmr
21	28	12		שָֽׁם	8033	HD	13gPA
21	29	1		וּ/מִשְׁכַּ֣ן	c/4908	HC/Ncmsc	13yrj
21	29	2		יְ֠הוָה	3068	HNp	13rW3
21	29	3		אֲשֶׁר	834 a	HTr	137nu
21	29	4		עָשָׂ֨ה	6213 a	HVqp3ms	13GmY
21	29	5		מֹשֶׁ֧ה	4872	HNp	13V5Z
21	29	6		בַ/מִּדְבָּ֛ר	b/4057 b	HRd/Ncmsa	13Rks
21	29	7		וּ/מִזְבַּ֥ח	c/4196	HC/Ncmsc	13PFv
21	29	8		הָ/עוֹלָ֖ה	d/5930 a	HTd/Ncfsa	13YrJ
21	29	9		בָּ/עֵ֣ת	b/6256	HRd/Ncbsa	13a9C
21	29	10		הַ/הִ֑יא	d/1931	HTd/Pp3fs	13y3g
21	29	11		בַּ/בָּמָ֖ה	b/1116	HRd/Ncfsa	13N47
21	29	12		בְּ/גִבְעֽוֹן	b/1391	HR/Np	13jS9
21	30	1		וְ/לֹא	c/3808	HC/Tn	138nc
21	30	2		יָכֹ֥ל	3201	HVqp3ms	13kG8
21	30	3		דָּוִ֛יד	1732	HNp	13tqG
21	30	4		לָ/לֶ֥כֶת	l/3212	HR/Vqc	139Yc
21	30	5		לְ/פָנָ֖י/ו	l/6440	HR/Ncbpc/Sp3ms	13DCA
21	30	6		לִ/דְרֹ֣שׁ	l/1875	HR/Vqc	13znP
21	30	7		אֱלֹהִ֑ים	430	HNcmpa	13tys
21	30	8		כִּ֣י	3588 a	HC	13w77
21	30	9		נִבְעַ֔ת	1204	HVNp3ms	139HF
21	30	10		מִ/פְּנֵ֕י	m/6440	HR/Ncbpc	13b78
21	30	11		חֶ֖רֶב	2719	HNcfsc	13eSY
21	30	12		מַלְאַ֥ךְ	4397	HNcmsc	13Q54
21	30	13		יְהוָֽה	3068	HNp	13eVt
22	1	1		וַ/יֹּ֣אמֶר	c/559	HC/Vqw3ms	137yH
22	1	2		דָּוִ֔יד	1732	HNp	13th9
22	1	3		זֶ֣ה	2088	HPdxms	136p7
22	1	4		ה֔וּא	1931	HPp3ms	13DuL
22	1	5		בֵּ֖ית	1004 b	HNcmsc	1369b
22	1	6		יְהוָ֣ה	3068	HNp	13P68
22	1	7		הָ/אֱלֹהִ֑ים	d/430	HTd/Ncmpa	13bdj
22	1	8		וְ/זֶה	c/2088	HC/Pdxms	13GT8
22	1	9		מִּזְבֵּ֥חַ	4196	HNcmsa	13f7H
22	1	10		לְ/עֹלָ֖ה	l/5930 a	HR/Ncfsa	13o5p
22	1	11		לְ/יִשְׂרָאֵֽל	l/3478	HR/Np	13Cxf
22	2	1		וַ/יֹּ֣אמֶר	c/559	HC/Vqw3ms	132gP
22	2	2		דָּוִ֔יד	1732	HNp	131iN
22	2	3		לִ/כְנוֹס֙	l/3664	HR/Vqc	13vsF
22	2	4		אֶת	853	HTo	13KFH
22	2	5		הַ/גֵּרִ֔ים	d/1616	HTd/Ncmpa	138ey
22	2	6		אֲשֶׁ֖ר	834 a	HTr	13m3Q
22	2	7		בְּ/אֶ֣רֶץ	b/776	HR/Ncbsc	138Fp
22	2	8		יִשְׂרָאֵ֑ל	3478	HNp	13QVD
22	2	9		וַ/יַּעֲמֵ֣ד	c/5975	HC/Vhw3ms	133Yr
22	2	10		חֹֽצְבִ֗ים	2672	HVqrmpa	134rB
22	2	11		לַ/חְצוֹב֙	l/2672	HR/Vqc	137j5
22	2	12		אַבְנֵ֣י	68	HNcfpc	13vMk
22	2	13		גָזִ֔ית	1496	HNcfsa	13yXY
22	2	14		לִ/בְנ֖וֹת	l/1129	HR/Vqc	13TFT
22	2	15		בֵּ֥ית	1004 b	HNcmsc	139n8
22	2	16		הָ/אֱלֹהִֽים	d/430	HTd/Ncmpa	135kG
22	3	1		וּ/בַרְזֶ֣ל	c/1270	HC/Ncmsa	13XLv
22	3	2		לָ֠/רֹב	l/7230	HR/Ncbsa	13SPD
22	3	3		לַֽ/מִּסְמְרִ֞ים	l/4548	HRd/Ncbpa	131jw
22	3	4		לְ/דַלְת֧וֹת	l/1817 c	HR/Ncfpc	13j1A
22	3	5		הַ/שְּׁעָרִ֛ים	d/8179	HTd/Ncmpa	13k9b
22	3	6		וְ/לַֽ/מְחַבְּר֖וֹת	c/l/4226	HC/Rd/Ncfpa	13xFg
22	3	7		הֵכִ֣ין	3559 a	HVhp3ms	13TPh
22	3	8		דָּוִ֑יד	1732	HNp	13PzZ
22	3	9		וּ/נְחֹ֥שֶׁת	c/5178 a	HC/Ncfsa	13wVu
22	3	10		לָ/רֹ֖ב	l/7230	HR/Ncbsa	13Y2m
22	3	11		אֵ֥ין	369	HTn	13vpr
22	3	12		מִשְׁקָֽל	4948	HNcmsa	13SwR
22	4	1		וַ/עֲצֵ֥י	c/6086	HC/Ncmpc	13DQF
22	4	2		אֲרָזִ֖ים	730	HNcmpa	13m8G
22	4	3		לְ/אֵ֣ין	l/369	HR/Tn	13iFH
22	4	4		מִסְפָּ֑ר	4557	HNcmsa	13UVR
22	4	5		כִּֽי	3588 a	HC	13hK6
22	4	6		הֵ֠בִיאוּ	935	HVhp3cp	13P5i
22	4	7		הַ/צִּֽידֹנִ֨ים	d/6722	HTd/Ngmpa	13Zuk
22	4	8		וְ/הַ/צֹּרִ֜ים	c/d/6876	HC/Td/Ngmpa	13Xpa
22	4	9		עֲצֵ֧י	6086	HNcmpc	13F6v
22	4	10		אֲרָזִ֛ים	730	HNcmpa	13jek
22	4	11		לָ/רֹ֖ב	l/7230	HR/Ncbsa	13NjL
22	4	12		לְ/דָוִֽיד	l/1732	HR/Np	13QhZ
22	5	1		וַ/יֹּ֣אמֶר	c/559	HC/Vqw3ms	138Y2
22	5	2		דָּוִ֗יד	1732	HNp	13wSY
22	5	3		שְׁלֹמֹ֣ה	8010	HNp	13sGn
22	5	4		בְנִ/י֮	1121 a	HNcmsc/Sp1cs	13EVR
22	5	5		נַ֣עַר	5288	HNcmsa	13xHF
22	5	6		וָ/רָךְ֒	c/7390	HC/Aamsa	13E6X
22	5	7		וְ/הַ/בַּ֜יִת	c/d/1004 b	HC/Td/Ncmsa	13CmY
22	5	8		לִ/בְנ֣וֹת	l/1129	HR/Vqc	13zBD
22	5	9		לַ/יהוָ֗ה	l/3068	HR/Np	13H4G
22	5	10		לְ/הַגְדִּ֨יל	l/1431	HR/Vhc	13gFy
22	5	11		לְ/מַ֜עְלָ/ה	l/4605	HR/D/Sd	13111
22	5	12		לְ/שֵׁ֤ם	l/8034	HR/Ncmsa	13Tu3
22	5	13		וּ/לְ/תִפְאֶ֨רֶת֙	c/l/8597	HC/R/Ncfsa	13otC
22	5	14		לְ/כָל	l/3605	HR/Ncmsc	13YDM
22	5	15		הָ֣/אֲרָצ֔וֹת	d/776	HTd/Ncbpa	13ru7
22	5	16		אָכִ֥ינָה	3559 a	HVhh1cs	13rHU
22	5	17		נָּ֖א	4994	HTj	13t3d
22	5	18		ל֑/וֹ	l	HR/Sp3ms	13k6B
22	5	19		וַ/יָּ֧כֶן	c/3559 a	HC/Vhw3ms	1372o
22	5	20		דָּוִ֛יד	1732	HNp	13eAa
22	5	21		לָ/רֹ֖ב	l/7230	HR/Ncbsa	13RTe
22	5	22		לִ/פְנֵ֥י	l/6440	HR/Ncbpc	133Ca
22	5	23		מוֹתֽ/וֹ	4194	HNcmsc/Sp3ms	13zDb
22	6	1		וַ/יִּקְרָ֖א	c/7121	HC/Vqw3ms	13qQV
22	6	2		לִ/שְׁלֹמֹ֣ה	l/8010	HR/Np	13V8A
22	6	3		בְנ֑/וֹ	1121 a	HNcmsc/Sp3ms	138Z7
22	6	4		וַ/יְצַוֵּ֨/הוּ֙	c/6680	HC/Vpw3ms/Sp3ms	13UPz
22	6	5		לִ/בְנ֣וֹת	l/1129	HR/Vqc	13x31
22	6	6		בַּ֔יִת	1004 b	HNcmsa	135NB
22	6	7		לַ/יהוָ֖ה	l/3068	HR/Np	13pyv
22	6	8		אֱלֹהֵ֥י	430	HNcmpc	13tbn
22	6	9		יִשְׂרָאֵֽל	3478	HNp	13eu1
22	7	1		וַ/יֹּ֥אמֶר	c/559	HC/Vqw3ms	138af
22	7	2		דָּוִ֖יד	1732	HNp	13Bpw
22	7	3		לִ/שְׁלֹמֹ֑ה	l/8010	HR/Np	133Hw
22	7	4	x-ketiv	בנ/ו	1121 a	HNcmsc/Sp3ms	13mhm
22	7	5		בְּנִ֕/י	1121 a	HNcmsc/Sp1cs	13W2d
22	7	6		אֲנִי֙	589	HPp1cs	133Mv
22	7	7		הָיָ֣ה	1961	HVqp3ms	13aJE
22	7	8		עִם	5973 a	HR	13HVc
22	7	9		לְבָבִ֔/י	3824	HNcmsc/Sp1cs	13zeo
22	7	10		לִ/בְנ֣וֹת	l/1129	HR/Vqc	13Enp
22	7	11		בַּ֔יִת	1004 b	HNcmsa	13kf1
22	7	12		לְ/שֵׁ֖ם	l/8034	HR/Ncmsc	13ZPC
22	7	13		יְהוָ֥ה	3068	HNp	13qxU
22	7	14		אֱלֹהָֽ/י	430	HNcmpc/Sp1cs	13Pgi
22	8	1		וַ/יְהִ֨י	c/1961	HC/Vqw3ms	13MkP
22	8	2		עָלַ֤/י	5921 a	HR/Sp1cs	135hP
22	8	3		דְּבַר	1697	HNcmsc	13zD4
22	8	4		יְהוָה֙	3068	HNp	13KEB
22	8	5		לֵ/אמֹ֔ר	l/559	HR/Vqc	13cZY
22	8	6		דָּ֤ם	1818	HNcmsa	1322d
22	8	7		לָ/רֹב֙	l/7230	HR/Ncbsa	13CRW
22	8	8		שָׁפַ֔כְתָּ	8210	HVqp2ms	13wv6
22	8	9		וּ/מִלְחָמ֥וֹת	c/4421	HC/Ncfpa	13GZn
22	8	10		גְּדֹל֖וֹת	1419 a	HAafpa	13Jwq
22	8	11		עָשִׂ֑יתָ	6213 a	HVqp2ms	13wkd
22	8	12		לֹֽא	3808	HTn	13eKd
22	8	13		תִבְנֶ֥ה	1129	HVqi2ms	13goP
22	8	14		בַ֨יִת֙	1004 b	HNcmsa	132Lj
22	8	15		לִ/שְׁמִ֔/י	l/8034	HR/Ncmsc/Sp1cs	13H2i
22	8	16		כִּ֚י	3588 a	HC	13iMH
22	8	17		דָּמִ֣ים	1818	HNcmpa	13SHu
22	8	18		רַבִּ֔ים	7227 a	HAampa	13xJc
22	8	19		שָׁפַ֥כְתָּ	8210	HVqp2ms	13zu3
22	8	20		אַ֖רְצָ/ה	776	HNcbsa/Sd	13srN
22	8	21		לְ/פָנָֽ/י	l/6440	HR/Ncbpc/Sp1cs	13cPD
22	9	1		הִנֵּה	2009	HTm	13rfv
22	9	2		בֵ֞ן	1121 a	HNcmsa	13HSf
22	9	3		נוֹלָ֣ד	3205	HVNrmsa	13dMJ
22	9	4		לָ֗/ךְ	l	HR/Sp2fs	13Q3W
22	9	5		ה֤וּא	1931	HPp3ms	139nC
22	9	6		יִהְיֶה֙	1961	HVqi3ms	13Es7
22	9	7		אִ֣ישׁ	376	HNcmsc	13WgU
22	9	8		מְנוּחָ֔ה	4496	HNcbsa	13y3p
22	9	9		וַ/הֲנִח֥וֹתִי	c/5117	HC/Vhq1cs	13Um9
22	9	10		ל֛/וֹ	l	HR/Sp3ms	13r8S
22	9	11		מִ/כָּל	m/3605	HR/Ncmsc	13XS1
22	9	12		אוֹיְבָ֖י/ו	341	HVqrmpc/Sp3ms	13HHu
22	9	13		מִ/סָּבִ֑יב	m/5439	HR/Ncbsa	1334B
22	9	14		כִּ֤י	3588 a	HC	13tQL
22	9	15		שְׁלֹמֹה֙	8010	HNp	13qz3
22	9	16		יִהְיֶ֣ה	1961	HVqi3ms	13PBZ
22	9	17		שְׁמ֔/וֹ	8034	HNcmsc/Sp3ms	13JhC
22	9	18		וְ/שָׁל֥וֹם	c/7965	HC/Ncmsa	1357q
22	9	19		וָ/שֶׁ֛קֶט	c/8253	HC/Ncmsa	13tgx
22	9	20		אֶתֵּ֥ן	5414	HVqi1cs	13b5Z
22	9	21		עַל	5921 a	HR	13gH8
22	9	22		יִשְׂרָאֵ֖ל	3478	HNp	13ktM
22	9	23		בְּ/יָמָֽי/ו	b/3117	HR/Ncmpc/Sp3ms	13tnx
22	10	1		הֽוּא	1931	HPp3ms	13Eje
22	10	2		יִבְנֶ֥ה	1129	HVqi3ms	134XJ
22	10	3		בַ֨יִת֙	1004 b	HNcmsa	13Zod
22	10	4		לִ/שְׁמִ֔/י	l/8034	HR/Ncmsc/Sp1cs	13HWG
22	10	5		וְ/הוּא֙	c/1931	HC/Pp3ms	13Kq8
22	10	6		יִהְיֶה	1961	HVqi3ms	13HEQ
22	10	7		לִּ֣/י	l	HR/Sp1cs	13Zrg
22	10	8		לְ/בֵ֔ן	l/1121 a	HR/Ncmsa	13Jb7
22	10	9		וַ/אֲנִי	c/589	HC/Pp1cs	13gGi
22	10	10		ל֖/וֹ	l	HR/Sp3ms	13ETT
22	10	11		לְ/אָ֑ב	l/1	HR/Ncmsa	13uax
22	10	12		וַ/הֲכִ֨ינוֹתִ֜י	c/3559 a	HC/Vhq1cs	13gN6
22	10	13		כִּסֵּ֧א	3678	HNcmsc	13Jyu
22	10	14		מַלְכוּת֛/וֹ	4438	HNcfsc/Sp3ms	13RyA
22	10	15		עַל	5921 a	HR	13UFq
22	10	16		יִשְׂרָאֵ֖ל	3478	HNp	13LyZ
22	10	17		עַד	5704	HR	13E3h
22	10	18		עוֹלָֽם	5769	HNcmsa	1363g
22	11	1		עַתָּ֣ה	6258	HD	13ST5
22	11	2		בְנִ֔/י	1121 a	HNcmsc/Sp1cs	13tJf
22	11	3		יְהִ֥י	1961	HVqj3ms	138fM
22	11	4		יְהוָ֖ה	3068	HNp	13QTt
22	11	5		עִמָּ֑/ךְ	5973 a	HR/Sp2fs	132C1
22	11	6		וְ/הִצְלַחְתָּ֗	c/6743 b	HC/Vhq2ms	13o84
22	11	7		וּ/בָנִ֨יתָ֙	c/1129	HC/Vqq2ms	13f8Y
22	11	8		בֵּ֚ית	1004 b	HNcmsc	13Nun
22	11	9		יְהוָ֣ה	3068	HNp	139u1
22	11	10		אֱלֹהֶ֔י/ךָ	430	HNcmpc/Sp2ms	13xHm
22	11	11		כַּ/אֲשֶׁ֖ר	k/834 d	HR/Tr	13otK
22	11	12		דִּבֶּ֥ר	1696	HVpp3ms	13syA
22	11	13		עָלֶֽי/ךָ	5921 a	HR/Sp2ms	13dfy
22	12	1		אַ֣ךְ	389	HTa	13Wm4
22	12	2		יִֽתֶּן	5414	HVqi3ms	13g9f
22	12	3		לְּ/ךָ֤	l	HR/Sp2ms	13f8Q
22	12	4		יְהוָה֙	3068	HNp	13fFA
22	12	5		שֵׂ֣כֶל	7922	HNcmsa	132XW
22	12	6		וּ/בִינָ֔ה	c/998	HC/Ncfsa	13QWt
22	12	7		וִֽ/יצַוְּ/ךָ֖	c/6680	HC/Vpi3ms/Sp2ms	13Qzv
22	12	8		עַל	5921 a	HR	13buk
22	12	9		יִשְׂרָאֵ֑ל	3478	HNp	13qeo
22	12	10		וְ/לִ/שְׁמ֕וֹר	c/l/8104	HC/R/Vqc	13ZHC
22	12	11		אֶת	853	HTo	13fDd
22	12	12		תּוֹרַ֖ת	8451	HNcfsc	13318
22	12	13		יְהוָ֥ה	3068	HNp	13jLb
22	12	14		אֱלֹהֶֽי/ךָ	430	HNcmpc/Sp2ms	13nNQ
22	13	1		אָ֣ז	227 a	HD	13BXH
22	13	2		תַּצְלִ֔יחַ	6743 b	HVhi2ms	13ZqU
22	13	3		אִם	518 a	HC	13nj3
22	13	4		תִּשְׁמ֗וֹר	8104	HVqi2ms	13FvS
22	13	5		לַ/עֲשׂוֹת֙	l/6213 a	HR/Vqc	13xim
22	13	6		אֶת	853	HTo	13akA
22	13	7		הַֽ/חֻקִּ֣ים	d/2706	HTd/Ncmpa	13gKu
22	13	8		וְ/אֶת	c/853	HC/To	13TzQ
22	13	9		הַ/מִּשְׁפָּטִ֔ים	d/4941	HTd/Ncmpa	131UE
22	13	10		אֲשֶׁ֨ר	834 a	HTr	13kxv
22	13	11		צִוָּ֧ה	6680	HVpp3ms	13UMS
22	13	12		יְהוָ֛ה	3068	HNp	137xb
22	13	13		אֶת	853	HTo	13sKH
22	13	14		מֹשֶׁ֖ה	4872	HNp	13tFA
22	13	15		עַל	5921 a	HR	13Mpf
22	13	16		יִשְׂרָאֵ֑ל	3478	HNp	13Ceq
22	13	17		חֲזַ֣ק	2388	HVqv2ms	134dQ
22	13	18		וֶ/אֱמָ֔ץ	c/553	HC/Vqv2ms	13GWt
22	13	19		אַל	408	HTn	13NBj
22	13	20		תִּירָ֖א	3372	HVqj2ms	13rsf
22	13	21		וְ/אַל	c/408	HC/Tn	13z6Y
22	13	22		תֵּחָֽת	2865	HVNj2ms	13ySf
22	14	1		וְ/הִנֵּ֨ה	c/2009	HC/Tm	13j6t
22	14	2		בְ/עָנְיִ֜/י	b/6040	HR/Ncmsc/Sp1cs	13LMf
22	14	3		הֲכִינ֣וֹתִי	3559 a	HVhp1cs	13siY
22	14	4		לְ/בֵית	l/1004 b	HR/Ncmsc	13c4n
22	14	5		יְהוָ֗ה	3068	HNp	13emA
22	14	6		זָהָ֞ב	2091	HNcmsa	13WwD
22	14	7		כִּכָּרִ֤ים	3603	HNcbpa	13Tfb
22	14	8		מֵֽאָה	3967	HAcbsa	1358Y
22	14	9		אֶ֨לֶף֙	505	HAcbsa	131kr
22	14	10		וְ/כֶ֗סֶף	c/3701	HC/Ncmsa	13yuD
22	14	11		אֶ֤לֶף	505	HAcbsa	13yRp
22	14	12		אֲלָפִים֙	505	HAcbpa	13qob
22	14	13		כִּכָּרִ֔ים	3603	HNcbpa	13DQR
22	14	14		וְ/לַ/נְּחֹ֤שֶׁת	c/l/5178 a	HC/Rd/Ncfsa	13gtv
22	14	15		וְ/לַ/בַּרְזֶל֙	c/l/1270	HC/Rd/Ncmsa	13nHJ
22	14	16		אֵ֣ין	369	HTn	138D6
22	14	17		מִשְׁקָ֔ל	4948	HNcmsa	13LCy
22	14	18		כִּ֥י	3588 a	HC	13KvZ
22	14	19		לָ/רֹ֖ב	l/7230	HR/Ncbsa	1336n
22	14	20		הָיָ֑ה	1961	HVqp3ms	135Yk
22	14	21		וְ/עֵצִ֤ים	c/6086	HC/Ncmpa	136As
22	14	22		וַ/אֲבָנִים֙	c/68	HC/Ncfpa	13egP
22	14	23		הֲכִינ֔וֹתִי	3559 a	HVhp1cs	13NbF
22	14	24		וַ/עֲלֵי/הֶ֖ם	c/5921 a	HC/R/Sp3mp	13krR
22	14	25		תּוֹסִֽיף	3254	HVhi2ms	13Mee
22	15	1		וְ/עִמְּ/ךָ֤	c/5973 a	HC/R/Sp2ms	13VBQ
22	15	2		לָ/רֹב֙	l/7230	HR/Ncbsa	13yb7
22	15	3		עֹשֵׂ֣י	6213 a	HVqrmpc	13qX2
22	15	4		מְלָאכָ֔ה	4399	HNcfsa	13ePf
22	15	5		חֹצְבִ֕ים	2672	HVqrmpa	13yfj
22	15	6		וְ/חָרָשֵׁ֥י	c/2796	HC/Ncmpc	13YM9
22	15	7		אֶ֖בֶן	68	HNcfsa	13R56
22	15	8		וָ/עֵ֑ץ	c/6086	HC/Ncmsa	13wHB
22	15	9		וְ/כָל	c/3605	HC/Ncmsc	13qAN
22	15	10		חָכָ֖ם	2450	HAamsa	13KVq
22	15	11		בְּ/כָל	b/3605	HR/Ncmsc	13S4L
22	15	12		מְלָאכָֽה	4399	HNcfsa	13rwC
22	16	1		לַ/זָּהָ֥ב	l/2091	HRd/Ncmsa	13MHW
22	16	2		לַ/כֶּ֛סֶף	l/3701	HRd/Ncmsa	136Qv
22	16	3		וְ/לַ/נְּחֹ֥שֶׁת	c/l/5178 a	HC/Rd/Ncfsa	13pjb
22	16	4		וְ/לַ/בַּרְזֶ֖ל	c/l/1270	HC/Rd/Ncmsa	13Jy1
22	16	5		אֵ֣ין	369	HTn	13eQ5
22	16	6		מִסְפָּ֑ר	4557	HNcmsa	13jEY
22	16	7		ק֣וּם	6965 b	HVqv2ms	13ew3
22	16	8		וַ/עֲשֵׂ֔ה	c/6213 a	HC/Vqv2ms	13y2D
22	16	9		וִ/יהִ֥י	c/1961	HC/Vqj3ms	13T4z
22	16	10		יְהוָ֖ה	3068	HNp	13Q7m
22	16	11		עִמָּֽ/ךְ	5973 a	HR/Sp2fs	13E1U
22	17	1		וַ/יְצַ֤ו	c/6680	HC/Vpw3ms	13kbD
22	17	2		דָּוִיד֙	1732	HNp	138qD
22	17	3		לְ/כָל	l/3605	HR/Ncmsc	13Zxt
22	17	4		שָׂרֵ֣י	8269	HNcmpc	13uHA
22	17	5		יִשְׂרָאֵ֔ל	3478	HNp	132kF
22	17	6		לַ/עְזֹ֖ר	l/5826	HR/Vqc	13mSY
22	17	7		לִ/שְׁלֹמֹ֥ה	l/8010	HR/Np	132Fo
22	17	8		בְנֽ/וֹ	1121 a	HNcmsc/Sp3ms	13ac8
22	18	1		הֲ/לֹ֨א	i/3808	HTi/Tn	1352Z
22	18	2		יְהוָ֤ה	3068	HNp	13UX4
22	18	3		אֱלֹֽהֵי/כֶם֙	430	HNcmpc/Sp2mp	13EnX
22	18	4		עִמָּ/כֶ֔ם	5973 a	HR/Sp2mp	13NXR
22	18	5		וְ/הֵנִ֥יחַ	c/5117	HC/Vhq3ms	1325M
22	18	6		לָ/כֶ֖ם	l	HR/Sp2mp	13YtX
22	18	7		מִ/סָּבִ֑יב	m/5439	HR/Ncbsa	13DG3
22	18	8		כִּ֣י	3588 a	HC	13cWY
22	18	9		נָתַ֣ן	5414	HVqp3ms	13yj6
22	18	10		בְּ/יָדִ֗/י	b/3027	HR/Ncbsc/Sp1cs	13hqz
22	18	11		אֵ֚ת	853	HTo	13x8M
22	18	12		יֹשְׁבֵ֣י	3427	HVqrmpc	13Vk7
22	18	13		הָ/אָ֔רֶץ	d/776	HTd/Ncbsa	13JRg
22	18	14		וְ/נִכְבְּשָׁ֥ה	c/3533	HC/VNq3fs	13CgK
22	18	15		הָ/אָ֛רֶץ	d/776	HTd/Ncbsa	13G3o
22	18	16		לִ/פְנֵ֥י	l/6440	HR/Ncbpc	135n7
22	18	17		יְהוָ֖ה	3068	HNp	13fm1
22	18	18		וְ/לִ/פְנֵ֥י	c/l/6440	HC/R/Ncbpc	13Vwa
22	18	19		עַמּֽ/וֹ	5971 a	HNcmsc/Sp3ms	13FK5
22	19	1		עַתָּ֗ה	6258	HD	13ZFM
22	19	2		תְּנ֤וּ	5414	HVqv2mp	138dM
22	19	3		לְבַבְ/כֶם֙	3824	HNcmsc/Sp2mp	13rPP
22	19	4		וְ/נַפְשְׁ/כֶ֔ם	c/5315	HC/Ncbsc/Sp2mp	13d5t
22	19	5		לִ/דְר֖וֹשׁ	l/1875	HR/Vqc	13eig
22	19	6		לַ/יהוָ֣ה	l/3068	HR/Np	13yZT
22	19	7		אֱלֹהֵי/כֶ֑ם	430	HNcmpc/Sp2mp	13jXo
22	19	8		וְ/ק֗וּמוּ	c/6965 b	HC/Vqv2mp	13e9S
22	19	9		וּ/בְנוּ֙	c/1129	HC/Vqv2mp	13Gak
22	19	10		אֶת	853	HTo	13BhZ
22	19	11		מִקְדַּשׁ֙	4720	HNcmsc	13D7r
22	19	12		יְהוָ֣ה	3068	HNp	13QUi
22	19	13		הָֽ/אֱלֹהִ֔ים	d/430	HTd/Ncmpa	13Zjd
22	19	14		לְ/הָבִ֞יא	l/935	HR/Vhc	136hx
22	19	15		אֶת	853	HTo	133oP
22	19	16		אֲר֣וֹן	727	HNcbsc	13ZFG
22	19	17		בְּרִית	1285	HNcfsc	13AVy
22	19	18		יְהוָ֗ה	3068	HNp	13isj
22	19	19		וּ/כְלֵי֙	c/3627	HC/Ncmpc	13fLM
22	19	20		קֹ֣דֶשׁ	6944	HNcmsc	13Pwu
22	19	21		הָֽ/אֱלֹהִ֔ים	d/430	HTd/Ncmpa	13oJA
22	19	22		לַ/בַּ֖יִת	l/1004 b	HRd/Ncmsa	13RZU
22	19	23		הַ/נִּבְנֶ֥ה	d/1129	HTd/VNsmsa	13APK
22	19	24		לְ/שֵׁם	l/8034	HR/Ncmsc	136iD
22	19	25		יְהוָֽה	3068	HNp	133AW
23	1	1		וְ/דָוִ֥יד	c/1732	HC/Np	13WiP
23	1	2		זָקֵ֖ן	2204	HVqp3ms	13RPe
23	1	3		וְ/שָׂבַ֣ע	c/7646	HC/Vqp3ms	131Rt
23	1	4		יָמִ֑ים	3117	HNcmpa	137PY
23	1	5		וַ/יַּמְלֵ֛ךְ	c/4427 a	HC/Vhw3ms	13gp2
23	1	6		אֶת	853	HTo	13kRK
23	1	7		שְׁלֹמֹ֥ה	8010	HNp	13z8t
23	1	8		בְנ֖/וֹ	1121 a	HNcmsc/Sp3ms	13DXo
23	1	9		עַל	5921 a	HR	13kTz
23	1	10		יִשְׂרָאֵֽל	3478	HNp	13zyZ
23	2	1		וַ/יֶּאֱסֹף֙	c/622	HC/Vqw3ms	138Ge
23	2	2		אֶת	853	HTo	13uzy
23	2	3		כָּל	3605	HNcmsc	137TQ
23	2	4		שָׂרֵ֣י	8269	HNcmpc	13gzf
23	2	5		יִשְׂרָאֵ֔ל	3478	HNp	13xP8
23	2	6		וְ/הַ/כֹּהֲנִ֖ים	c/d/3548	HC/Td/Ncmpa	13d3M
23	2	7		וְ/הַ/לְוִיִּֽם	c/d/3881	HC/Td/Ngmpa	13wz6
23	3	1		וַ/יִּסָּֽפְרוּ֙	c/5608 a	HC/VNw3mp	13BnH
23	3	2		הַ/לְוִיִּ֔ם	d/3881	HTd/Ngmpa	13Sc6
23	3	3		מִ/בֶּ֛ן	m/1121 a	HR/Ncmsc	13Qvj
23	3	4		שְׁלֹשִׁ֥ים	7970	HAcbpa	13e1v
23	3	5		שָׁנָ֖ה	8141	HNcfsa	13yKb
23	3	6		וָ/מָ֑עְלָ/ה	c/4605	HC/D/Sd	13wjA
23	3	7		וַ/יְהִ֨י	c/1961	HC/Vqw3ms	13CZm
23	3	8		מִסְפָּרָ֤/ם	4557	HNcmsc/Sp3mp	13RaU
23	3	9		לְ/גֻלְגְּלֹתָ/ם֙	l/1538	HR/Ncfpc/Sp3mp	13wXH
23	3	10		לִ/גְבָרִ֔ים	l/1397	HR/Ncmpa	13ixz
23	3	11		שְׁלֹשִׁ֥ים	7970	HAcbpa	139hY
23	3	12		וּ/שְׁמוֹנָ֖ה	c/8083	HC/Acmsa	13Lhc
23	3	13		אָֽלֶף	505	HAcbsa	13vCf
23	4	1		מֵ/אֵ֗לֶּה	m/428	HR/Pdxcp	13SiU
23	4	2		לְ/נַצֵּ֨חַ֙	l/5329	HR/Vpc	13bU3
23	4	3		עַל	5921 a	HR	13JaA
23	4	4		מְלֶ֣אכֶת	4399	HNcfsc	131ae
23	4	5		בֵּית	1004 b	HNcmsc	13ubD
23	4	6		יְהוָ֔ה	3068	HNp	13kzF
23	4	7		עֶשְׂרִ֥ים	6242	HAcbpa	13aBg
23	4	8		וְ/אַרְבָּעָ֖ה	c/702	HC/Acmsa	13R3u
23	4	9		אָ֑לֶף	505	HAcbsa	13KmF
23	4	10		וְ/שֹׁטְרִ֥ים	c/7860	HC/Vqrmpa	13gPB
23	4	11		וְ/שֹׁפְטִ֖ים	c/8199	HC/Vqrmpa	13GJ8
23	4	12		שֵׁ֥שֶׁת	8337	HAcmsc	13gum
23	4	13		אֲלָפִֽים	505	HAcbpa	139V4
23	5	1		וְ/אַרְבַּ֥עַת	c/702	HC/Acmsc	13WkP
23	5	2		אֲלָפִ֖ים	505	HAcbpa	136SH
23	5	3		שֹׁעֲרִ֑ים	7778	HNcmpa	13iNA
23	5	4		וְ/אַרְבַּ֤עַת	c/702	HC/Acmsc	13zke
23	5	5		אֲלָפִים֙	505	HAcbpa	13KMi
23	5	6		מְהַֽלְלִ֣ים	1984 b	HVprmpa	131aB
23	5	7		לַ/יהוָ֔ה	l/3068	HR/Np	13xtz
23	5	8		בַּ/כֵּלִ֕ים	b/3627	HRd/Ncmpa	13ZPR
23	5	9		אֲשֶׁ֥ר	834 a	HTr	13eLB
23	5	10		עָשִׂ֖יתִי	6213 a	HVqp1cs	138iz
23	5	11		לְ/הַלֵּֽל	l/1984 b	HR/Vpc	13hdN
23	6	1		וַ/יֶּֽחָלְקֵ֥/ם	c/2505 a	HC/Vqw3ms/Sp3mp	13YSj
23	6	2		דָּוִ֖יד	1732	HNp	13x1r
23	6	3		מַחְלְק֑וֹת	4256	HNcfpa	13uoq
23	6	4		לִ/בְנֵ֣י	l/1121 a	HR/Ncmpc	13Fee
23	6	5		לֵוִ֔י	3878	HNp	13WAp
23	6	6		לְ/גֵרְשׁ֖וֹן	l/1647	HR/Np	13YL7
23	6	7		קְהָ֥ת	6955	HNp	13fvw
23	6	8		וּ/מְרָרִֽי	c/4847	HC/Np	13tJb
23	7	1		לַ/גֵּרְשֻׁנִּ֖י	l/1649	HRd/Ngmsa	13qHY
23	7	2		לַעְדָּ֥ן	3936	HNp	13kgH
23	7	3		וְ/שִׁמְעִֽי	c/8096	HC/Np	13fN2
23	8	1		בְּנֵ֣י	1121 a	HNcmpc	13Tmv
23	8	2		לַעְדָּ֗ן	3936	HNp	134gc
23	8	3		הָ/רֹ֧אשׁ	d/7218 a	HTd/Ncmsa	13ay9
23	8	4		יְחִיאֵ֛ל	3171	HNp	13RHm
23	8	5		וְ/זֵתָ֥ם	c/2241	HC/Np	13EWb
23	8	6		וְ/יוֹאֵ֖ל	c/3100	HC/Np	13R77
23	8	7		שְׁלֹשָֽׁה	7969	HAcmsa	13rin
23	9	1		בְּנֵ֣י	1121 a	HNcmpc	13kCJ
23	9	2		שִׁמְעִ֗י	8096	HNp	13b5f
23	9	3	x-ketiv	שלמות	8013	HNp	131nK
23	9	4		שְׁלוֹמִ֧ית	8019 a	HNp	13UFD
23	9	5		וַ/חֲזִיאֵ֛ל	c/2381	HC/Np	13atM
23	9	6		וְ/הָרָ֖ן	c/2039	HC/Np	13uGu
23	9	7		שְׁלֹשָׁ֑ה	7969	HAcmsa	13dRu
23	9	8		אֵ֛לֶּה	428	HPdxcp	13QWF
23	9	9		רָאשֵׁ֥י	7218 a	HNcmpc	132qL
23	9	10		הָ/אָב֖וֹת	d/1	HTd/Ncmpa	13MLC
23	9	11		לְ/לַעְדָּֽן	l/3936	HR/Np	13pwa
23	10	1		וּ/בְנֵ֣י	c/1121 a	HC/Ncmpc	13VCM
23	10	2		שִׁמְעִ֔י	8096	HNp	13wd2
23	10	3		יַ֣חַת	3189	HNp	13w5p
23	10	4		זִינָ֔א	2126	HNp	13ggE
23	10	5		וִ/יע֖וּשׁ	c/3266	HC/Np	13iH4
23	10	6		וּ/בְרִיעָ֑ה	c/1283	HC/Np	136kT
23	10	7		אֵ֥לֶּה	428	HPdxcp	13qxT
23	10	8		בְנֵי	1121 a	HNcmpc	135Zi
23	10	9		שִׁמְעִ֖י	8096	HNp	13j2Z
23	10	10		אַרְבָּעָֽה	702	HAcmsa	13si1
23	11	1		וַֽ/יְהִי	c/1961	HC/Vqw3ms	135mE
23	11	2		יַ֣חַת	3189	HNp	13NUe
23	11	3		הָ/רֹ֔אשׁ	d/7218 a	HTd/Ncmsa	13YnH
23	11	4		וְ/זִיזָ֖ה	c/2125	HC/Np	13mvF
23	11	5		הַ/שֵּׁנִ֑י	d/8145	HTd/Aomsa	13gWv
23	11	6		וִ/יע֤וּשׁ	c/3266	HC/Np	13Pco
23	11	7		וּ/בְרִיעָה֙	c/1283	HC/Np	13bxG
23	11	8		לֹֽא	3808	HTn	139Ks
23	11	9		הִרְבּ֣וּ	7235 a	HVhp3cp	13jNp
23	11	10		בָנִ֔ים	1121 a	HNcmpa	13Cs2
23	11	11		וַ/יִּֽהְיוּ֙	c/1961	HC/Vqw3mp	13QCd
23	11	12		לְ/בֵ֣ית	l/1004 b	HR/Ncmsc	13ipi
23	11	13		אָ֔ב	1	HNcmsa	13p7W
23	11	14		לִ/פְקֻדָּ֖ה	l/6486	HR/Ncfsa	13Rpq
23	11	15		אֶחָֽת	259	HAcfsa	13NFY
23	12	1		בְּנֵ֣י	1121 a	HNcmpc	13hGE
23	12	2		קְהָ֗ת	6955	HNp	133dF
23	12	3		עַמְרָ֥ם	6019	HNp	13ACo
23	12	4		יִצְהָ֛ר	3324	HNp	13zvW
23	12	5		חֶבְר֥וֹן	2275 b	HNp	13UPx
23	12	6		וְ/עֻזִּיאֵ֖ל	c/5816	HC/Np	1324M
23	12	7		אַרְבָּעָֽה	702	HAcmsa	13bRo
23	13	1		בְּנֵ֥י	1121 a	HNcmpc	13V6f
23	13	2		עַמְרָ֖ם	6019	HNp	13RjS
23	13	3		אַהֲרֹ֣ן	175	HNp	139dt
23	13	4		וּ/מֹשֶׁ֑ה	c/4872	HC/Np	13V52
23	13	5		וַ/יִּבָּדֵ֣ל	c/914	HC/VNw3ms	133Tm
23	13	6		אַהֲרֹ֡ן	175	HNp	13JSL
23	13	7		לְֽ/הַקְדִּישׁ/וֹ֩	l/6942	HR/Vhc/Sp3ms	13qWL
23	13	8		קֹ֨דֶשׁ	6944	HNcmsc	13DWU
23	13	9		קָֽדָשִׁ֤ים	6944	HNcmpa	13d1L
23	13	10		הֽוּא	1931	HPp3ms	13e96
23	13	11		וּ/בָנָי/ו֙	c/1121 a	HC/Ncmpc/Sp3ms	13Ci6
23	13	12		עַד	5704	HR	13ixh
23	13	13		עוֹלָ֔ם	5769	HNcmsa	1322x
23	13	14		לְ/הַקְטִיר֩	l/6999 a	HR/Vhc	13ogz
23	13	15		לִ/פְנֵ֨י	l/6440	HR/Ncbpc	13z7X
23	13	16		יְהוָ֧ה	3068	HNp	13MjR
23	13	17		לְ/שָׁרְת֛/וֹ	l/8334	HR/Vpc/Sp3ms	13Tk7
23	13	18		וּ/לְ/בָרֵ֥ךְ	c/l/1288	HC/R/Vpc	13ZGJ
23	13	19		בִּ/שְׁמ֖/וֹ	b/8034	HR/Ncmsc/Sp3ms	13apP
23	13	20		עַד	5704	HR	13dPF
23	13	21		עוֹלָֽם	5769	HNcmsa	13nAe
23	14	1		וּ/מֹשֶׁ֖ה	c/4872	HC/Np	136WC
23	14	2		אִ֣ישׁ	376	HNcmsc	13Q3p
23	14	3		הָ/אֱלֹהִ֑ים	d/430	HTd/Ncmpa	13dRx
23	14	4		בָּנָ֕י/ו	1121 a	HNcmpc/Sp3ms	136GF
23	14	5		יִקָּרְא֖וּ	7121	HVNi3mp	13ZWf
23	14	6		עַל	5921 a	HR	13dZw
23	14	7		שֵׁ֥בֶט	7626	HNcmsc	13Xd5
23	14	8		הַ/לֵּוִֽי	d/3878	HTd/Ngmsa	13Whs
23	15	1		בְּנֵ֣י	1121 a	HNcmpc	13CUw
23	15	2		מֹשֶׁ֔ה	4872	HNp	13vVC
23	15	3		גֵּרְשֹׁ֖ם	1647	HNp	13L9j
23	15	4		וֶ/אֱלִיעֶֽזֶר	c/461	HC/Np	132gb
23	16	1		בְּנֵ֥י	1121 a	HNcmpc	13GFh
23	16	2		גֵרְשׁ֖וֹם	1647	HNp	13X7A
23	16	3		שְׁבוּאֵ֥ל	7619	HNp	13YA6
23	16	4		הָ/רֹֽאשׁ	d/7218 a	HTd/Ncmsa	13rtE
23	17	1		וַ/יִּֽהְי֥וּ	c/1961	HC/Vqw3mp	13T58
23	17	2		בְנֵי	1121 a	HNcmpc	13XAY
23	17	3		אֱלִיעֶ֖זֶר	461	HNp	13TZ6
23	17	4		רְחַבְיָ֣ה	7345	HNp	13ohW
23	17	5		הָ/רֹ֑אשׁ	d/7218 a	HTd/Ncmsa	13UQ9
23	17	6		וְ/לֹא	c/3808	HC/Tn	13ywh
23	17	7		הָיָ֤ה	1961	HVqp3ms	13By2
23	17	8		לֶ/אֱלִיעֶ֨זֶר֙	l/461	HR/Np	132R1
23	17	9		בָּנִ֣ים	1121 a	HNcmpa	13sSY
23	17	10		אֲחֵרִ֔ים	312	HAampa	13eEK
23	17	11		וּ/בְנֵ֥י	c/1121 a	HC/Ncmpc	13Yuc
23	17	12		רְחַבְיָ֖ה	7345	HNp	13nhh
23	17	13		רָב֥וּ	7235 a	HVqp3cp	13Z5T
23	17	14		לְ/מָֽעְלָ/ה	l/4605	HR/D/Sd	13qvz
23	18	1		בְּנֵ֥י	1121 a	HNcmpc	13uU8
23	18	2		יִצְהָ֖ר	3324	HNp	13L9Z
23	18	3		שְׁלֹמִ֥ית	8019 a	HNp	13Dv8
23	18	4		הָ/רֹֽאשׁ	d/7218 a	HTd/Ncmsa	13FjK
23	19	1		בְּנֵ֖י	1121 a	HNcmpc	13WrB
23	19	2		חֶבְר֑וֹן	2275 b	HNp	13Q3V
23	19	3		יְרִיָּ֤הוּ	3404	HNp	13zt3
23	19	4		הָ/רֹאשׁ֙	d/7218 a	HTd/Ncmsa	13Tmz
23	19	5		אֲמַרְיָ֣ה	568	HNp	13fYG
23	19	6		הַ/שֵּׁנִ֔י	d/8145	HTd/Aomsa	13UXL
23	19	7		יַחֲזִיאֵל֙	3166	HNp	13orU
23	19	8		הַ/שְּׁלִישִׁ֔י	d/7992	HTd/Aomsa	13X89
23	19	9		וִֽ/יקַמְעָ֖ם	c/3360	HC/Np	13KD4
23	19	10		הָ/רְבִיעִֽי	d/7243	HTd/Aomsa	13yLC
23	20	1		בְּנֵ֖י	1121 a	HNcmpc	138jE
23	20	2		עֻזִּיאֵ֑ל	5816	HNp	135Lc
23	20	3		מִיכָ֣ה	4318	HNp	13ppu
23	20	4		הָ/רֹ֔אשׁ	d/7218 a	HTd/Ncmsa	13S27
23	20	5		וְ/יִשִּׁיָּ֖ה	c/3449	HC/Np	13ADR
23	20	6		הַ/שֵּׁנִֽי	d/8145	HTd/Aomsa	13zFe
23	21	1		בְּנֵ֤י	1121 a	HNcmpc	13WSq
23	21	2		מְרָרִי֙	4847	HNp	13wBi
23	21	3		מַחְלִ֣י	4249	HNp	13FVU
23	21	4		וּ/מוּשִׁ֔י	c/4187	HC/Np	13WCj
23	21	5		בְּנֵ֥י	1121 a	HNcmpc	13Rdm
23	21	6		מַחְלִ֖י	4249	HNp	13dVT
23	21	7		אֶלְעָזָ֥ר	499	HNp	13zkS
23	21	8		וְ/קִֽישׁ	c/7027	HC/Np	13G57
23	22	1		וַ/יָּ֨מָת֙	c/4191	HC/Vqw3ms	13gHw
23	22	2		אֶלְעָזָ֔ר	499	HNp	13gCw
23	22	3		וְ/לֹא	c/3808	HC/Tn	13gTK
23	22	4		הָ֥יוּ	1961	HVqp3cp	1335b
23	22	5		ל֛/וֹ	l	HR/Sp3ms	13HND
23	22	6		בָּנִ֖ים	1121 a	HNcmpa	13TcE
23	22	7		כִּ֣י	3588 b	HC	13LkG
23	22	8		אִם	518 b	HC	13xf6
23	22	9		בָּנ֑וֹת	1323	HNcfpa	136cM
23	22	10		וַ/יִּשָּׂא֥וּ/ם	c/5375	HC/Vqw3mp/Sp3mp	13CWb
23	22	11		בְּנֵי	1121 a	HNcmpc	13DAv
23	22	12		קִ֖ישׁ	7027	HNp	13CSF
23	22	13		אֲחֵי/הֶֽם	251	HNcmpc/Sp3mp	13PJu
23	23	1		בְּנֵ֣י	1121 a	HNcmpc	136EF
23	23	2		מוּשִׁ֗י	4187	HNp	13ght
23	23	3		מַחְלִ֥י	4249	HNp	13oxR
23	23	4		וְ/עֵ֛דֶר	c/5740 a	HC/Np	13aNV
23	23	5		וִ/ירֵמ֖וֹת	c/3406	HC/Np	13uoi
23	23	6		שְׁלֹשָֽׁה	7969	HAcmsa	13ZxN
23	24	1		אֵ֣לֶּה	428	HPdxcp	13bFj
23	24	2		בְנֵֽי	1121 a	HNcmpc	13DVM
23	24	3		לֵוִי֩	3878	HNp	138FT
23	24	4		לְ/בֵ֨ית	l/1004 b	HR/Ncmsc	137kB
23	24	5		אֲבֹתֵי/הֶ֜ם	1	HNcmpc/Sp3mp	13S3j
23	24	6		רָאשֵׁ֧י	7218 a	HNcmpc	13GQs
23	24	7		הָ/אָב֣וֹת	d/1	HTd/Ncmpa	137QS
23	24	8		לִ/פְקוּדֵי/הֶ֗ם	l/6485 a	HR/Vqsmpc/Sp3mp	136GA
23	24	9		בְּ/מִסְפַּ֤ר	b/4557	HR/Ncmsc	13xy2
23	24	10		שֵׁמוֹת֙	8034	HNcmpa	13Tpm
23	24	11		לְ/גֻלְגְּלֹתָ֔/ם	l/1538	HR/Ncfpc/Sp3mp	13mRw
23	24	12		עֹשֵׂה֙	6213 a	HVqrmsc	139gE
23	24	13		הַ/מְּלָאכָ֔ה	d/4399	HTd/Ncfsa	13ZcM
23	24	14		לַ/עֲבֹדַ֖ת	l/5656	HR/Ncfsc	13snj
23	24	15		בֵּ֣ית	1004 b	HNcmsc	135m9
23	24	16		יְהוָ֑ה	3068	HNp	13wK9
23	24	17		מִ/בֶּ֛ן	m/1121 a	HR/Ncmsc	13iQj
23	24	18		עֶשְׂרִ֥ים	6242	HAcbpa	1314x
23	24	19		שָׁנָ֖ה	8141	HNcfsa	13v37
23	24	20		וָ/מָֽעְלָ/ה	c/4605	HC/D/Sd	134jJ
23	25	1		כִּ֚י	3588 a	HC	13fGp
23	25	2		אָמַ֣ר	559	HVqp3ms	13zrt
23	25	3		דָּוִ֔יד	1732	HNp	13Epq
23	25	4		הֵנִ֛יחַ	5117	HVhp3ms	137Ry
23	25	5		יְהוָ֥ה	3068	HNp	13wFC
23	25	6		אֱלֹהֵֽי	430	HNcmpc	13HBS
23	25	7		יִשְׂרָאֵ֖ל	3478	HNp	13sf2
23	25	8		לְ/עַמּ֑/וֹ	l/5971 a	HR/Ncmsc/Sp3ms	139dX
23	25	9		וַ/יִּשְׁכֹּ֥ן	c/7931	HC/Vqw3ms	13N7N
23	25	10		בִּ/ירוּשָׁלִַ֖ם	b/3389	HR/Np	13gKc
23	25	11		עַד	5704	HR	13vJ4
23	25	12		לְ/עוֹלָֽם	l/5769	HR/Ncmsa	13LTG
23	26	1		וְ/גַ֖ם	c/1571	HC/Ta	13iWP
23	26	2		לַ/לְוִיִּ֑ם	l/3881	HRd/Ngmpa	13L1p
23	26	3		אֵין	369	HTn	13b2b
23	26	4		לָ/שֵׂ֧את	l/5375	HR/Vqc	137zY
23	26	5		אֶת	853	HTo	13wcC
23	26	6		הַ/מִּשְׁכָּ֛ן	d/4908	HTd/Ncmsa	13U2K
23	26	7		וְ/אֶת	c/853	HC/To	13oxn
23	26	8		כָּל	3605	HNcmsc	13gDj
23	26	9		כֵּלָ֖י/ו	3627	HNcmpc/Sp3ms	13AUo
23	26	10		לַ/עֲבֹדָתֽ/וֹ	l/5656	HR/Ncfsc/Sp3ms	139Ye
23	27	1		כִּ֣י	3588 a	HC	13kJo
23	27	2		בְ/דִבְרֵ֤י	b/1697	HR/Ncmpc	13rtp
23	27	3		דָוִיד֙	1732	HNp	13xVb
23	27	4		הָ/אַ֣חֲרֹנִ֔ים	d/314	HTd/Aampa	13qqs
23	27	5		הֵ֖מָּה	1992	HPp3mp	13Kcb
23	27	6		מִסְפַּ֣ר	4557	HNcmsc	13VGc
23	27	7		בְּנֵי	1121 a	HNcmpc	13aTW
23	27	8		לֵוִ֑י	3881	HNp	13is8
23	27	9		מִ/בֶּ֛ן	m/1121 a	HR/Ncmsc	133ZA
23	27	10		עֶשְׂרִ֥ים	6242	HAcbpa	13aWZ
23	27	11		שָׁנָ֖ה	8141	HNcfsa	138CG
23	27	12		וּ/לְ/מָֽעְלָ/ה	c/l/4605	HC/R/D/Sd	133aP
23	28	1		כִּ֣י	3588 a	HC	13j7r
23	28	2		מַעֲמָדָ֞/ם	4612	HNcmsc/Sp3mp	13MkY
23	28	3		לְ/יַד	l/3027	HR/Ncbsc	13hnM
23	28	4		בְּנֵ֣י	1121 a	HNcmpc	13zWi
23	28	5		אַהֲרֹ֗ן	175	HNp	13FDw
23	28	6		לַ/עֲבֹדַת֙	l/5656	HR/Ncfsc	13vPq
23	28	7		בֵּ֣ית	1004 b	HNcmsc	13v7k
23	28	8		יְהוָ֔ה	3068	HNp	13tyX
23	28	9		עַל	5921 a	HR	13J26
23	28	10		הַ/חֲצֵרוֹת֙	d/2691 a	HTd/Ncbpa	13o8v
23	28	11		וְ/עַל	c/5921 a	HC/R	13Lae
23	28	12		הַ/לְּשָׁכ֔וֹת	d/3957	HTd/Ncfpa	13ZKD
23	28	13		וְ/עַֽל	c/5921 a	HC/R	13JMK
23	28	14		טָהֳרַ֖ת	2893	HNcbsc	13tNx
23	28	15		לְ/כָל	l/3605	HR/Ncmsc	13BWE
23	28	16		קֹ֑דֶשׁ	6944	HNcmsa	13ZXU
23	28	17		וּ/מַֽעֲשֵׂ֔ה	c/4639	HC/Ncmsc	13ap1
23	28	18		עֲבֹדַ֖ת	5656	HNcfsc	13pu2
23	28	19		בֵּ֥ית	1004 b	HNcmsc	13uYm
23	28	20		הָ/אֱלֹהִֽים	d/430	HTd/Ncmpa	13LPR
23	29	1		וּ/לְ/לֶ֨חֶם	c/l/3899	HC/R/Ncbsc	13B9g
23	29	2		הַֽ/מַּעֲרֶ֜כֶת	d/4635	HTd/Ncfsa	13ELn
23	29	3		וּ/לְ/סֹ֤לֶת	c/l/5560	HC/R/Ncfsa	139mo
23	29	4		לְ/מִנְחָה֙	l/4503	HR/Ncfsa	13xiQ
23	29	5		וְ/לִ/רְקִיקֵ֣י	c/l/7550	HC/R/Ncmpc	13AzY
23	29	6		הַ/מַּצּ֔וֹת	d/4682	HTd/Ncfpa	13pRM
23	29	7		וְ/לַֽ/מַּחֲבַ֖ת	c/l/4227	HC/Rd/Ncfsa	13gvr
23	29	8		וְ/לַ/מֻּרְבָּ֑כֶת	c/l/7246	HC/Rd/VHsfsa	13es7
23	29	9		וּ/לְ/כָל	c/l/3605	HC/R/Ncmsc	13k9R
23	29	10		מְשׂוּרָ֖ה	4884	HNcfsa	13HmZ
23	29	11		וּ/מִדָּֽה	c/4060 a	HC/Ncfsa	13dQE
23	30	1		וְ/לַ/עֲמֹד֙	c/l/5975	HC/R/Vqc	13EzE
23	30	2		בַּ/בֹּ֣קֶר	b/1242	HRd/Ncmsa	13Qxp
23	30	3		בַּ/בֹּ֔קֶר	b/1242	HRd/Ncmsa	13xRK
23	30	4		לְ/הֹד֥וֹת	l/3034	HR/Vhc	136mk
23	30	5		וּ/לְ/הַלֵּ֖ל	c/l/1984 b	HC/R/Vpc	13kf6
23	30	6		לַ/יהוָ֑ה	l/3068	HR/Np	13CLp
23	30	7		וְ/כֵ֖ן	c/3651 c	HC/Tm	137ZV
23	30	8		לָ/עָֽרֶב	l/6153	HRd/Ncmsa	13skE
23	31	1		וּ/לְ/כֹ֨ל	c/l/3605	HC/R/Ncmsc	13DHK
23	31	2		הַעֲל֤וֹת	5927	HVhc	13LmD
23	31	3		עֹלוֹת֙	5930 a	HNcfpa	13T9L
23	31	4		לַ/יהוָ֔ה	l/3068	HR/Np	13QVr
23	31	5		לַ/שַּׁבָּת֔וֹת	l/7676	HRd/Ncbpa	13ZMf
23	31	6		לֶ/חֳדָשִׁ֖ים	l/2320	HRd/Ncmpa	13a5C
23	31	7		וְ/לַ/מֹּעֲדִ֑ים	c/l/4150	HC/Rd/Ncmpa	13cK2
23	31	8		בְּ/מִסְפָּ֨ר	b/4557	HR/Ncmsa	13FHD
23	31	9		כְּ/מִשְׁפָּ֧ט	k/4941	HR/Ncmsa	13BcP
23	31	10		עֲלֵי/הֶ֛ם	5921 a	HR/Sp3mp	13cFA
23	31	11		תָּמִ֖יד	8548	HNcmsa	139Bv
23	31	12		לִ/פְנֵ֥י	l/6440	HR/Ncbpc	13ktn
23	31	13		יְהוָֽה	3068	HNp	13AWZ
23	32	1		וְ/שָׁמְר֞וּ	c/8104	HC/Vqq3cp	13wYq
23	32	2		אֶת	853	HTo	13F4E
23	32	3		מִשְׁמֶ֣רֶת	4931	HNcfsc	13wMa
23	32	4		אֹֽהֶל	168	HNcmsc	13M16
23	32	5		מוֹעֵ֗ד	4150	HNcmsa	13uKB
23	32	6		וְ/אֵת֙	c/853	HC/To	134cr
23	32	7		מִשְׁמֶ֣רֶת	4931	HNcfsc	131Ro
23	32	8		הַ/קֹּ֔דֶשׁ	d/6944	HTd/Ncmsa	13a1a
23	32	9		וּ/מִשְׁמֶ֕רֶת	c/4931	HC/Ncfsc	137rf
23	32	10		בְּנֵ֥י	1121 a	HNcmpc	1311j
23	32	11		אַהֲרֹ֖ן	175	HNp	13evk
23	32	12		אֲחֵי/הֶ֑ם	251	HNcmpc/Sp3mp	13bGa
23	32	13		לַ/עֲבֹדַ֖ת	l/5656	HR/Ncfsc	1338u
23	32	14		בֵּ֥ית	1004 b	HNcmsc	13XYz
23	32	15		יְהוָֽה	3068	HNp	13aaD
24	1	1		וְ/לִ/בְנֵ֥י	c/l/1121 a	HC/R/Ncmpc	13zLt
24	1	2		אַהֲרֹ֖ן	175	HNp	13yNH
24	1	3		מַחְלְקוֹתָ֑/ם	4256	HNcfpc/Sp3mp	13MrT
24	1	4		בְּנֵ֣י	1121 a	HNcmpc	13gkr
24	1	5		אַהֲרֹ֔ן	175	HNp	133BK
24	1	6		נָדָב֙	5070	HNp	13Rzg
24	1	7		וַ/אֲבִיה֔וּא	c/30	HC/Np	13Tho
24	1	8		אֶלְעָזָ֖ר	499	HNp	13aV8
24	1	9		וְ/אִיתָמָֽר	c/385	HC/Np	136XG
24	2	1		וַ/יָּ֨מָת	c/4191	HC/Vqw3ms	13gQc
24	2	2		נָדָ֤ב	5070	HNp	13YoM
24	2	3		וַ/אֲבִיהוּא֙	c/30	HC/Np	13jQn
24	2	4		לִ/פְנֵ֣י	l/6440	HR/Ncbpc	135jv
24	2	5		אֲבִי/הֶ֔ם	1	HNcmsc/Sp3mp	13Xs5
24	2	6		וּ/בָנִ֖ים	c/1121 a	HC/Ncmpa	13GPZ
24	2	7		לֹא	3808	HTn	13PVy
24	2	8		הָי֣וּ	1961	HVqp3cp	13HwJ
24	2	9		לָ/הֶ֑ם	l	HR/Sp3mp	13nRk
24	2	10		וַֽ/יְכַהֲנ֔וּ	c/3547	HC/Vpw3mp	13UmV
24	2	11		אֶלְעָזָ֖ר	499	HNp	13PHe
24	2	12		וְ/אִיתָמָֽר	c/385	HC/Np	13nv5
24	3	1		וַ/יֶּֽחָלְקֵ֣/ם	c/2505 a	HC/Vqw3ms/Sp3mp	134NA
24	3	2		דָּוִ֔יד	1732	HNp	13iaF
24	3	3		וְ/צָדוֹק֙	c/6659	HC/Np	13tCw
24	3	4		מִן	4480 a	HR	13miU
24	3	5		בְּנֵ֣י	1121 a	HNcmpc	13NyE
24	3	6		אֶלְעָזָ֔ר	499	HNp	13KyB
24	3	7		וַ/אֲחִימֶ֖לֶךְ	c/288	HC/Np	13vG4
24	3	8		מִן	4480 a	HR	13Ns5
24	3	9		בְּנֵ֣י	1121 a	HNcmpc	13nEy
24	3	10		אִיתָמָ֑ר	385	HNp	131j4
24	3	11		לִ/פְקֻדָּתָ֖/ם	l/6486	HR/Ncfsc/Sp3mp	13xWY
24	3	12		בַּ/עֲבֹדָתָֽ/ם	b/5656	HR/Ncfsc/Sp3mp	13d6q
24	4	1		וַ/יִּמָּצְא֣וּ	c/4672	HC/VNw3mp	13DwY
24	4	2		בְֽנֵי	1121 a	HNcmpc	13k8D
24	4	3		אֶלְעָזָ֡ר	499	HNp	13uXu
24	4	4		רַבִּ֞ים	7227 a	HAampa	133vW
24	4	5		לְ/רָאשֵׁ֧י	l/7218 a	HR/Ncmpc	136UE
24	4	6		הַ/גְּבָרִ֛ים	d/1397	HTd/Ncmpa	13KoW
24	4	7		מִן	4480 a	HR	13Upi
24	4	8		בְּנֵ֥י	1121 a	HNcmpc	13SLS
24	4	9		אִיתָמָ֖ר	385	HNp	135nj
24	4	10		וַֽ/יַּחְלְק֑וּ/ם	c/2505 a	HC/Vqw3mp/Sp3mp	13UuS
24	4	11		לִ/בְנֵ֨י	l/1121 a	HR/Ncmpc	13aYa
24	4	12		אֶלְעָזָ֜ר	499	HNp	13yCU
24	4	13		רָאשִׁ֤ים	7218 a	HNcmpa	13HwX
24	4	14		לְ/בֵית	l/1004 b	HR/Ncmsc	13Lda
24	4	15		אָבוֹת֙	1	HNcmpa	135iw
24	4	16		שִׁשָּׁ֣ה	8337	HAcmsa	13A1N
24	4	17		עָשָׂ֔ר	6240	HAcmsa	13Upk
24	4	18		וְ/לִ/בְנֵ֧י	c/l/1121 a	HC/R/Ncmpc	131QC
24	4	19		אִיתָמָ֛ר	385	HNp	13uTF
24	4	20		לְ/בֵ֥ית	l/1004 b	HR/Ncmsc	13sj2
24	4	21		אֲבוֹתָ֖/ם	1	HNcmpc/Sp3mp	13Cya
24	4	22		שְׁמוֹנָֽה	8083	HAcmsa	13Lsr
24	5	1		וַ/יַּחְלְק֥וּ/ם	c/2505 a	HC/Vqw3mp/Sp3mp	13xMt
24	5	2		בְּ/גוֹרָל֖וֹת	b/1486	HR/Ncmpa	13xzT
24	5	3		אֵ֣לֶּה	428	HPdxcp	13G9z
24	5	4		עִם	5973 a	HR	13M9j
24	5	5		אֵ֑לֶּה	428	HPdxcp	13mDn
24	5	6		כִּי	3588 a	HC	13GEL
24	5	7		הָי֤וּ	1961	HVqp3cp	13MW7
24	5	8		שָֽׂרֵי	8269	HNcmpc	13T65
24	5	9		קֹ֨דֶשׁ֙	6944	HNcmsa	13EzH
24	5	10		וְ/שָׂרֵ֣י	c/8269	HC/Ncmpc	13u8d
24	5	11		הָ/אֱלֹהִ֔ים	d/430	HTd/Ncmpa	13jiv
24	5	12		מִ/בְּנֵ֥י	m/1121 a	HR/Ncmpc	13jP8
24	5	13		אֶלְעָזָ֖ר	499	HNp	13QQx
24	5	14		וּ/בִ/בְנֵ֥י	c/b/1121 a	HC/R/Ncmpc	13MZC
24	5	15		אִיתָמָֽר	385	HNp	13TjS
24	6	1		וַֽ/יִּכְתְּבֵ֡/ם	c/3789	HC/Vqw3ms/Sp3mp	13aLy
24	6	2		שְֽׁמַֽעְיָה֩	8098	HNp	13av1
24	6	3		בֶן	1121 a	HNcmsc	13GHs
24	6	4		נְתַנְאֵ֨ל	5417	HNp	13Y8d
24	6	5		הַ/סּוֹפֵ֜ר	d/5608 b	HTd/Ncmsa	13bn6
24	6	6		מִן	4480 a	HR	13En5
24	6	7		הַ/לֵּוִ֗י	d/3881	HTd/Ngmsa	13AfW
24	6	8		לִ/פְנֵ֨י	l/6440	HR/Ncbpc	13UL8
24	6	9		הַ/מֶּ֤לֶךְ	d/4428	HTd/Ncmsa	13qni
24	6	10		וְ/הַ/שָּׂרִים֙	c/d/8269	HC/Td/Ncmpa	13pdR
24	6	11		וְ/צָד֣וֹק	c/6659	HC/Np	131MW
24	6	12		הַ/כֹּהֵ֗ן	d/3548	HTd/Ncmsa	13C96
24	6	13		וַ/אֲחִימֶ֨לֶךְ֙	c/288	HC/Np	13zcK
24	6	14		בֶּן	1121 a	HNcmsc	13Zir
24	6	15		אֶבְיָתָ֔ר	54	HNp	13L6T
24	6	16		וְ/רָאשֵׁי֙	c/7218 a	HC/Ncmpc	13m8E
24	6	17		הָֽ/אָב֔וֹת	d/1	HTd/Ncmpa	132bM
24	6	18		לַ/כֹּהֲנִ֖ים	l/3548	HRd/Ncmpa	13H2r
24	6	19		וְ/לַ/לְוִיִּ֑ם	c/l/3881	HC/Rd/Ngmpa	13fya
24	6	20		בֵּֽית	1004 b	HNcmsc	13zuE
24	6	21		אָ֣ב	1	HNcmsa	13cYr
24	6	22		אֶחָ֗ד	259	HAcmsa	13vyC
24	6	23		אָחֻז֙	270	HVqsmsa	131Qy
24	6	24		לְ/אֶלְעָזָ֔ר	l/499	HR/Np	13mev
24	6	25		וְ/אָחֻ֥ז	c/270	HC/Vqsmsa	13veC
24	6	26		אָחֻ֖ז	270	HVqsmsa	13eid
24	6	27		לְ/אִיתָמָֽר	l/385	HR/Np	13gkQ
24	7	1		וַ/יֵּצֵ֞א	c/3318	HC/Vqw3ms	13rMj
24	7	2		הַ/גּוֹרָ֤ל	d/1486	HTd/Ncmsa	13Qme
24	7	3		הָ/רִאשׁוֹן֙	d/7223	HTd/Aomsa	13KFR
24	7	4		לִ/יה֣וֹיָרִ֔יב	l/3080	HR/Np	13bf6
24	7	5		לִֽ/ידַעְיָ֖ה	l/3048	HR/Np	13kBj
24	7	6		הַ/שֵּׁנִֽי	d/8145	HTd/Aomsa	13zZ2
24	8	1		לְ/חָרִם֙	l/2766	HR/Np	13oKC
24	8	2		הַ/שְּׁלִישִׁ֔י	d/7992	HTd/Aomsa	136uo
24	8	3		לִ/שְׂעֹרִ֖ים	l/8188	HR/Np	13PCg
24	8	4		הָ/רְבִעִֽי	d/7243	HTd/Aomsa	13Gd9
24	9	1		לְ/מַלְכִּיָּה֙	l/4441	HR/Np	1325K
24	9	2		הַ/חֲמִישִׁ֔י	d/2549	HTd/Aomsa	132bQ
24	9	3		לְ/מִיָּמִ֖ן	l/4326	HR/Np	13jVz
24	9	4		הַ/שִּׁשִּֽׁי	d/8345	HTd/Aomsa	139Rn
24	10	1		לְ/הַקּוֹץ֙	l/6976	HR/Np	13KbM
24	10	2		הַ/שְּׁבִעִ֔י	d/7637	HTd/Aomsa	13i8D
24	10	3		לַ/אֲבִיָּ֖ה	l/29	HR/Np	13EYu
24	10	4		הַ/שְּׁמִינִֽי	d/8066	HTd/Aomsa	13CvC
24	11	1		לְ/יֵשׁ֨וּעַ֙	l/3442	HR/Np	13tb1
24	11	2		הַ/תְּשִׁעִ֔י	d/8671	HTd/Aomsa	135ZR
24	11	3		לִ/שְׁכַנְיָ֖הוּ	l/7935	HR/Np	13Rir
24	11	4		הָ/עֲשִׂרִֽי	d/6224	HTd/Aomsa	13gdi
24	12	1		לְ/אֶלְיָשִׁיב֙	l/475	HR/Np	13DFa
24	12	2		עַשְׁתֵּ֣י	6249	HAobpc	13MxK
24	12	3		עָשָׂ֔ר	6240	HAcmsa	13fex
24	12	4		לְ/יָקִ֖ים	l/3356	HR/Np	1313D
24	12	5		שְׁנֵ֥ים	8147	HAcmda	13Zvs
24	12	6		עָשָֽׂר	6240	HAcmsa	13hfY
24	13	1		לְ/חֻפָּה֙	l/2647	HR/Np	133sw
24	13	2		שְׁלֹשָׁ֣ה	7969	HAcmsa	138Ew
24	13	3		עָשָׂ֔ר	6240	HAcmsa	13Mwj
24	13	4		לְ/יֶֽשֶׁבְאָ֖ב	l/3428	HR/Np	138g1
24	13	5		אַרְבָּעָ֥ה	702	HAcmsa	13Lk1
24	13	6		עָשָֽׂר	6240	HAcmsa	13Uwg
24	14	1		לְ/בִלְגָּה֙	l/1083	HR/Np	135dD
24	14	2		חֲמִשָּׁ֣ה	2568	HAcmsa	13eHM
24	14	3		עָשָׂ֔ר	6240	HAcmsa	13w49
24	14	4		לְ/אִמֵּ֖ר	l/564	HR/Np	13acX
24	14	5		שִׁשָּׁ֥ה	8337	HAcmsa	13Xwc
24	14	6		עָשָֽׂר	6240	HAcmsa	13D7S
24	15	1		לְ/חֵזִיר֙	l/2387	HR/Np	13BLU
24	15	2		שִׁבְעָ֣ה	7651	HAcmsa	13o6z
24	15	3		עָשָׂ֔ר	6240	HAcmsa	133aw
24	15	4		לְ/הַ/פִּצֵּ֖ץ	l/d/6483	HR/Td/Np	133YR
24	15	5		שְׁמוֹנָ֥ה	8083	HAcmsa	13Swj
24	15	6		עָשָֽׂר	6240	HAcmsa	132zp
24	16	1		לִֽ/פְתַחְיָה֙	l/6611	HR/Np	13x4M
24	16	2		תִּשְׁעָ֣ה	8672	HAcmsa	13f2j
24	16	3		עָשָׂ֔ר	6240	HAcmsa	13ESw
24	16	4		לִֽ/יחֶזְקֵ֖אל	l/3168	HR/Np	13uNE
24	16	5		הָ/עֶשְׂרִֽים	d/6242	HTd/Acbpa	13czx
24	17	1		לְ/יָכִין֙	l/3199	HR/Np	13gNf
24	17	2		אֶחָ֣ד	259	HAcmsa	135gm
24	17	3		וְ/עֶשְׂרִ֔ים	c/6242	HC/Acbpa	13sA2
24	17	4		לְ/גָמ֖וּל	l/1577	HR/Np	13nQw
24	17	5		שְׁנַ֥יִם	8147	HAcmda	13KS7
24	17	6		וְ/עֶשְׂרִֽים	c/6242	HC/Acbpa	13vk1
24	18	1		לִ/דְלָיָ֨הוּ֙	l/1806	HR/Np	13azB
24	18	2		שְׁלֹשָׁ֣ה	7969	HAcmsa	13wZA
24	18	3		וְ/עֶשְׂרִ֔ים	c/6242	HC/Acbpa	13WhD
24	18	4		לְ/מַֽעַזְיָ֖הוּ	l/4590	HR/Np	13AwF
24	18	5		אַרְבָּעָ֥ה	702	HAcmsa	138k8
24	18	6		וְ/עֶשְׂרִֽים	c/6242	HC/Acbpa	13SpG
24	19	1		אֵ֣לֶּה	428	HPdxcp	13S8F
24	19	2		פְקֻדָּתָ֞/ם	6486	HNcfsc/Sp3mp	13msz
24	19	3		לַ/עֲבֹדָתָ֗/ם	l/5656	HR/Ncfsc/Sp3mp	13bTw
24	19	4		לָ/ב֤וֹא	l/935	HR/Vqc	13QiX
24	19	5		לְ/בֵית	l/1004 b	HR/Ncmsc	13Xuu
24	19	6		יְהוָה֙	3068	HNp	13KTQ
24	19	7		כְּ/מִשְׁפָּטָ֔/ם	k/4941	HR/Ncmsc/Sp3mp	13r46
24	19	8		בְּ/יַ֖ד	b/3027	HR/Ncbsc	133dV
24	19	9		אַהֲרֹ֣ן	175	HNp	13Rjs
24	19	10		אֲבִי/הֶ֑ם	1	HNcmsc/Sp3mp	13A9E
24	19	11		כַּ/אֲשֶׁ֣ר	k/834 d	HR/Tr	13AnP
24	19	12		צִוָּ֔/הוּ	6680	HVpp3ms/Sp3ms	13Qsw
24	19	13		יְהוָ֖ה	3068	HNp	13CF2
24	19	14		אֱלֹהֵ֥י	430	HNcmpc	138VA
24	19	15		יִשְׂרָאֵֽל	3478	HNp	13Yfd
24	20	1		וְ/לִ/בְנֵ֥י	c/l/1121 a	HC/R/Ncmpc	13Ngi
24	20	2		לֵוִ֖י	3878	HNp	13Ksy
24	20	3		הַ/נּוֹתָרִ֑ים	d/3498	HTd/VNrmpa	13cKK
24	20	4		לִ/בְנֵ֤י	l/1121 a	HR/Ncmpc	13Dnr
24	20	5		עַמְרָם֙	6019	HNp	13CPM
24	20	6		שֽׁוּבָאֵ֔ל	7619	HNp	13uYg
24	20	7		לִ/בְנֵ֥י	l/1121 a	HR/Ncmpc	136yA
24	20	8		שׁוּבָאֵ֖ל	7619	HNp	134tC
24	20	9		יֶחְדְּיָֽהוּ	3165	HNp	13LkV
24	21	1		לִ/רְחַבְיָ֑הוּ	l/7345	HR/Np	13cmM
24	21	2		לִ/בְנֵ֣י	l/1121 a	HR/Ncmpc	13AKe
24	21	3		רְחַבְיָ֔הוּ	7345	HNp	135V1
24	21	4		הָ/רֹ֖אשׁ	d/7218 a	HTd/Ncmsa	13rXz
24	21	5		יִשִּׁיָּֽה	3449	HNp	135XE
24	22	1		לַ/יִּצְהָרִ֣י	l/3325	HRd/Ngmsa	13VhT
24	22	2		שְׁלֹמ֔וֹת	8013	HNp	13aN4
24	22	3		לִ/בְנֵ֥י	l/1121 a	HR/Ncmpc	13Sax
24	22	4		שְׁלֹמ֖וֹת	8013	HNp	13yVm
24	22	5		יָֽחַת	3189	HNp	13bhd
24	23	1		וּ/בְנָ֖י	c/1121 a	HC/Ncmpc	13jJJ
24	23	2		יְרִיָּ֑הוּ	3404	HNp	13tDj
24	23	3		אֲמַרְיָ֨הוּ֙	568	HNp	13eVj
24	23	4		הַ/שֵּׁנִ֔י	d/8145	HTd/Aomsa	13yuP
24	23	5		יַחֲזִיאֵל֙	3166	HNp	13yVg
24	23	6		הַ/שְּׁלִישִׁ֔י	d/7992	HTd/Aomsa	138uc
24	23	7		יְקַמְעָ֖ם	3360	HNp	13Tx7
24	23	8		הָ/רְבִיעִֽי	d/7243	HTd/Aomsa	13Nf9
24	24	1		בְּנֵ֤י	1121 a	HNcmpc	13ErY
24	24	2		עֻזִּיאֵל֙	5816	HNp	13SDV
24	24	3		מִיכָ֔ה	4318	HNp	13S5U
24	24	4		לִ/בְנֵ֥י	l/1121 a	HR/Ncmpc	13rBc
24	24	5		מִיכָ֖ה	4318	HNp	13n6K
24	24	6	x-ketiv	שמור	8053	HNp	13KR8
24	24	7		שָׁמִֽיר	8069	HNp	13bXf
24	25	1		אֲחִ֤י	251	HNcmsc	137He
24	25	2		מִיכָה֙	4318	HNp	13NPm
24	25	3		יִשִּׁיָּ֔ה	3449	HNp	13KYN
24	25	4		לִ/בְנֵ֥י	l/1121 a	HR/Ncmpc	138Bi
24	25	5		יִשִּׁיָּ֖ה	3449	HNp	131Mj
24	25	6		זְכַרְיָֽהוּ	2148 a	HNp	13d5X
24	26	1		בְּנֵ֤י	1121 a	HNcmpc	13Yp1
24	26	2		מְרָרִי֙	4847	HNp	13iSP
24	26	3		מַחְלִ֣י	4249	HNp	13ZfK
24	26	4		וּ/מוּשִׁ֔י	c/4187	HC/Np	13u5B
24	26	5		בְּנֵ֖י	1121 a	HNcmpc	13p96
24	26	6		יַעֲזִיָּ֥הֽוּ	3269	HNp	13KKx
24	26	7		בְנֽ/וֹ	1121 b	HNcmsc/Sp3ms	13YfM
24	27	1		בְּנֵ֖י	1121 a	HNcmpc	135ro
24	27	2		מְרָרִ֑י	4847	HNp	135AM
24	27	3		לְ/יַֽעֲזִיָּ֣הֽוּ	l/3269	HR/Np	13Rp4
24	27	4		בְנ֔/וֹ	1121 b	HNcmsc/Sp3ms	13wKU
24	27	5		וְ/שֹׁ֥הַם	c/7719	HC/Np	13dbh
24	27	6		וְ/זַכּ֖וּר	c/2139	HC/Np	13YA5
24	27	7		וְ/עִבְרִֽי	c/5681	HC/Np	13xjv
24	28	1		לְ/מַחְלִי֙	l/4249	HR/Np	131dS
24	28	2		אֶלְעָזָ֔ר	499	HNp	13E92
24	28	3		וְ/לֹא	c/3808	HC/Tn	13Fys
24	28	4		הָ֥יָה	1961	HVqp3ms	13Xse
24	28	5		ל֖/וֹ	l	HR/Sp3ms	13aEj
24	28	6		בָּנִֽים	1121 a	HNcmpa	13mGS
24	29	1		לְ/קִ֖ישׁ	l/7027	HR/Np	133Lv
24	29	2		בְּנֵי	1121 a	HNcmpc	13vrK
24	29	3		קִ֥ישׁ	7027	HNp	13k1r
24	29	4		יְרַחְמְאֵֽל	3396	HNp	13CZZ
24	30	1		וּ/בְנֵ֣י	c/1121 a	HC/Ncmpc	13bCc
24	30	2		מוּשִׁ֔י	4187	HNp	13Bmn
24	30	3		מַחְלִ֥י	4249	HNp	13XMv
24	30	4		וְ/עֵ֖דֶר	c/5740 a	HC/Np	13cFV
24	30	5		וִ/ירִימ֑וֹת	c/3406	HC/Np	13RQq
24	30	6		אֵ֛לֶּה	428	HPdxcp	13Ppj
24	30	7		בְּנֵ֥י	1121 a	HNcmpc	13PXw
24	30	8		הַ/לְוִיִּ֖ם	d/3881	HTd/Ngmpa	13ZSs
24	30	9		לְ/בֵ֥ית	l/1004 b	HR/Ncmsc	13kid
24	30	10		אֲבֹתֵי/הֶֽם	1	HNcmpc/Sp3mp	13ECC
24	31	1		וַ/יַּפִּילוּ֩	c/5307	HC/Vhw3mp	138aX
24	31	2		גַם	1571	HD	13dCA
24	31	3		הֵ֨ם	1992	HPp3mp	13iYJ
24	31	4		גּוֹרָל֜וֹת	1486	HNcmpa	134MR
24	31	5		לְ/עֻמַּ֣ת	l/5980	HR/Ncfsc	13ZFU
24	31	6		אֲחֵי/הֶ֣ם	251	HNcmpc/Sp3mp	13JTf
24	31	7		בְּנֵֽי	1121 a	HNcmpc	13NEZ
24	31	8		אַהֲרֹ֗ן	175	HNp	13VWk
24	31	9		לִ/פְנֵ֨י	l/6440	HR/Ncbpc	13MRM
24	31	10		דָוִ֤יד	1732	HNp	133Az
24	31	11		הַ/מֶּ֨לֶךְ֙	d/4428	HTd/Ncmsa	13Xvk
24	31	12		וְ/צָד֣וֹק	c/6659	HC/Np	13hrr
24	31	13		וַ/אֲחִימֶ֔לֶךְ	c/288	HC/Np	13Zna
24	31	14		וְ/רָאשֵׁי֙	c/7218 a	HC/Ncmpc	1347T
24	31	15		הָֽ/אָב֔וֹת	d/1	HTd/Ncmpa	13uEs
24	31	16		לַ/כֹּהֲנִ֖ים	l/3548	HRd/Ncmpa	13UhF
24	31	17		וְ/לַ/לְוִיִּ֑ם	c/l/3881	HC/Rd/Ngmpa	13AsV
24	31	18		אָב֣וֹת	1	HNcmpa	13cPo
24	31	19		הָ/רֹ֔אשׁ	d/7218 a	HTd/Ncmsa	13HCo
24	31	20		לְ/עֻמַּ֖ת	l/5980	HR/Ncfsc	13Ncd
24	31	21		אָחִ֥י/ו	251	HNcmsc/Sp3ms	13fkM
24	31	22		הַ/קָּטָֽן	d/6996 a	HTd/Aamsa	13Y5W
25	1	1		וַ/יַּבְדֵּ֣ל	c/914	HC/Vhw3ms	13cWe
25	1	2		דָּוִיד֩	1732	HNp	1378Q
25	1	3		וְ/שָׂרֵ֨י	c/8269	HC/Ncmpc	13QMC
25	1	4		הַ/צָּבָ֜א	d/6635 a	HTd/Ncbsa	139FS
25	1	5		לַ/עֲבֹדָ֗ה	l/5656	HR/Ncfsa	13UgZ
25	1	6		לִ/בְנֵ֤י	l/1121 a	HR/Ncmpc	13dCx
25	1	7		אָסָף֙	623	HNp	13t8E
25	1	8		וְ/הֵימָ֣ן	c/1968	HC/Np	13bHQ
25	1	9		וִֽ/ידוּת֔וּן	c/3038	HC/Np	13Vqr
25	1	10	x-ketiv	ה/נביאים	d/5030	HTd/Ncmpa	13zDY
25	1	11		הַֽ/נִּבְּאִ֛ים	d/5012	HTd/VNsmpa	13veq
25	1	12		בְּ/כִנֹּר֥וֹת	b/3658	HR/Ncmpa	132Ug
25	1	13		בִּ/נְבָלִ֖ים	b/5035 b	HR/Ncmpa	13LXA
25	1	14		וּ/בִ/מְצִלְתָּ֑יִם	c/b/4700	HC/R/Ncfda	13Kqi
25	1	15		וַֽ/יְהִי֙	c/1961	HC/Vqw3ms	1314n
25	1	16		מִסְפָּרָ֔/ם	4557	HNcmsc/Sp3mp	13yHy
25	1	17		אַנְשֵׁ֥י	376	HNcmpc	13Umo
25	1	18		מְלָאכָ֖ה	4399	HNcfsa	137NW
25	1	19		לַ/עֲבֹדָתָֽ/ם	l/5656	HR/Ncfsc/Sp3mp	13KG2
25	2	1		לִ/בְנֵ֣י	l/1121 a	HR/Ncmpc	13fYJ
25	2	2		אָסָ֗ף	623	HNp	139d8
25	2	3		זַכּ֧וּר	2139	HNp	13Sfn
25	2	4		וְ/יוֹסֵ֛ף	c/3130	HC/Np	13uWk
25	2	5		וּ/נְתַנְיָ֥ה	c/5418	HC/Np	13Tgm
25	2	6		וַ/אֲשַׂרְאֵ֖לָה	c/841	HC/Np	13YMi
25	2	7		בְּנֵ֣י	1121 a	HNcmpc	13iJh
25	2	8		אָסָ֑ף	623	HNp	13LXs
25	2	9		עַ֚ל	5921 a	HR	13rYT
25	2	10		יַד	3027	HNcbsc	13RR8
25	2	11		אָסָ֔ף	623	HNp	136Re
25	2	12		הַ/נִּבָּ֖א	d/5012	HTd/VNrmsa	135kQ
25	2	13		עַל	5921 a	HR	13F1e
25	2	14		יְדֵ֥י	3027	HNcbdc	13sxD
25	2	15		הַ/מֶּֽלֶךְ	d/4428	HTd/Ncmsa	135qt
25	3	1		לִ/ידוּת֑וּן	l/3038	HR/Np	13xfJ
25	3	2		בְּנֵ֣י	1121 a	HNcmpc	137fv
25	3	3		יְדוּת֡וּן	3038	HNp	13GTF
25	3	4		גְּדַלְיָ֡הוּ	1436 b	HNp	13xxY
25	3	5		וּ/צְרִ֡י	c/6874	HC/Np	138D3
25	3	6		וִֽ֠/ישַׁעְיָהוּ	c/3470 a	HC/Np	13H6s
25	3	7		חֲשַׁבְיָ֨הוּ	2811	HNp	13Q3u
25	3	8		וּ/מַתִּתְיָ֜הוּ	c/4993	HC/Np	13g4E
25	3	9		שִׁשָּׁ֗ה	8337	HAcmsa	13nHP
25	3	10		עַל֩	5921 a	HR	13Npf
25	3	11		יְדֵ֨י	3027	HNcbdc	13TSC
25	3	12		אֲבִי/הֶ֤ם	1	HNcmsc/Sp3mp	136Gr
25	3	13		יְדוּתוּן֙	3038	HNp	13HFG
25	3	14		בַּ/כִּנּ֔וֹר	b/3658	HRd/Ncmsa	13UML
25	3	15		הַ/נִּבָּ֕א	d/5012	HTd/VNrmsa	13KFu
25	3	16		עַל	5921 a	HR	13oBq
25	3	17		הֹד֥וֹת	3034	HVhc	13zF2
25	3	18		וְ/הַלֵּ֖ל	c/1984 b	HC/Vpa	13gEd
25	3	19		לַ/יהוָֽה	l/3068	HR/Np	13oyj
25	4	1		לְ/הֵימָ֑ן	l/1968	HR/Np	13zVA
25	4	2		בְּנֵ֣י	1121 a	HNcmpc	13JNz
25	4	3		הֵימָ֡ן	1968	HNp	13BYL
25	4	4		בֻּקִּיָּ֡הוּ	1232	HNp	13kq6
25	4	5		מַתַּנְיָ֡הוּ	4983	HNp	13MnH
25	4	6		עֻ֠זִּיאֵל	5816	HNp	13bQw
25	4	7		שְׁבוּאֵ֨ל	7619	HNp	13y6n
25	4	8		וִֽ/ירִימ֜וֹת	c/3406	HC/Np	13xa7
25	4	9		חֲנַנְיָ֣ה	2608 a	HNp	13cGb
25	4	10		חֲנָ֗נִי	2607	HNp	13YGx
25	4	11		אֱלִיאָ֤תָה	448	HNp	13pa3
25	4	12		גִדַּ֨לְתִּי֙	1437	HNp	13ibA
25	4	13		וְ/רֹמַ֣מְתִּי	c/7320+	HC/Np	13dvZ
25	4	14		עֶ֔זֶר	7320	HNp	13hFJ
25	4	15		יָשְׁבְּקָ֣שָׁה	3436	HNp	1366z
25	4	16		מַלּ֔וֹתִי	4413	HNp	13AeZ
25	4	17		הוֹתִ֖יר	1956	HNp	13Dsp
25	4	18		מַחֲזִיאֽוֹת	4238	HNp	13ELA
25	5	1		כָּל	3605	HNcmsc	137dA
25	5	2		אֵ֨לֶּה	428	HPdxcp	13PXX
25	5	3		בָנִ֜ים	1121 a	HNcmpa	13yyV
25	5	4		לְ/הֵימָ֗ן	l/1968	HR/Np	13fQB
25	5	5		חֹזֵ֥ה	2374	HNcmsc	13Nkg
25	5	6		הַ/מֶּ֛לֶךְ	d/4428	HTd/Ncmsa	13WHz
25	5	7		בְּ/דִבְרֵ֥י	b/1697	HR/Ncmpc	13xTn
25	5	8		הָ/אֱלֹהִ֖ים	d/430	HTd/Ncmpa	13XYy
25	5	9		לְ/הָרִ֣ים	l/7311 a	HR/Vhc	13nbe
25	5	10		קָ֑רֶן	7161 a	HNcbsa	13kUz
25	5	11		וַ/יִּתֵּ֨ן	c/5414	HC/Vqw3ms	13Amk
25	5	12		הָ/אֱלֹהִ֜ים	d/430	HTd/Ncmpa	13edi
25	5	13		לְ/הֵימָ֗ן	l/1968	HR/Np	13U5m
25	5	14		בָּנִ֛ים	1121 a	HNcmpa	138hf
25	5	15		אַרְבָּעָ֥ה	702	HAcmsa	13yYd
25	5	16		עָשָׂ֖ר	6240	HAcmsa	13WnW
25	5	17		וּ/בָנ֥וֹת	c/1323	HC/Ncfpa	13K8G
25	5	18		שָׁלֽוֹשׁ	7969	HAcfsa	13gEG
25	6	1		כָּל	3605	HNcmsc	1384A
25	6	2		אֵ֣לֶּה	428	HPdxcp	13Sgy
25	6	3		עַל	5921 a	HR	134Ny
25	6	4		יְדֵי֩	3027	HNcbdc	13Kvd
25	6	5		אֲבִי/הֶ֨ם	1	HNcmsc/Sp3mp	13ZUS
25	6	6		בַּ/שִּׁ֜יר	b/7892 a	HRd/Ncbsa	13XoQ
25	6	7		בֵּ֣ית	1004 b	HNcmsc	13Ujv
25	6	8		יְהוָ֗ה	3068	HNp	13i5h
25	6	9		בִּ/מְצִלְתַּ֨יִם֙	b/4700	HR/Ncfda	13oNy
25	6	10		נְבָלִ֣ים	5035 b	HNcmpa	136c6
25	6	11		וְ/כִנֹּר֔וֹת	c/3658	HC/Ncmpa	13mRY
25	6	12		לַ/עֲבֹדַ֖ת	l/5656	HR/Ncfsc	13Qjx
25	6	13		בֵּ֣ית	1004 b	HNcmsc	13UQH
25	6	14		הָ/אֱלֹהִ֑ים	d/430	HTd/Ncmpa	13TXE
25	6	15		עַ֚ל	5921 a	HR	13h72
25	6	16		יְדֵ֣י	3027	HNcbdc	13f14
25	6	17		הַ/מֶּ֔לֶךְ	d/4428	HTd/Ncmsa	13XZo
25	6	18		אָסָ֥ף	623	HNp	13Fsc
25	6	19		וִ/ידוּת֖וּן	c/3038	HC/Np	13rP9
25	6	20		וְ/הֵימָֽן	c/1968	HC/Np	13L9q
25	7	1		וַ/יְהִ֤י	c/1961	HC/Vqw3ms	13hD9
25	7	2		מִסְפָּרָ/ם֙	4557	HNcmsc/Sp3mp	13R7s
25	7	3		עִם	5973 a	HR	13U9m
25	7	4		אֲחֵי/הֶ֔ם	251	HNcmpc/Sp3mp	13X96
25	7	5		מְלֻמְּדֵי	3925	HVPsmpc	13ZEe
25	7	6		שִׁ֖יר	7892 a	HNcbsa	13svc
25	7	7		לַ/יהוָ֑ה	l/3068	HR/Np	13Ffh
25	7	8		כָּל	3605	HNcmsc	13wmm
25	7	9		הַ֨/מֵּבִ֔ין	d/995	HTd/Vhrmsa	13Sw7
25	7	10		מָאתַ֖יִם	3967	HAcbda	13eV6
25	7	11		שְׁמוֹנִ֥ים	8084	HAcbpa	133Hv
25	7	12		וּ/שְׁמוֹנָֽה	c/8083	HC/Acmsa	13Q4W
25	8	1		וַ/יַּפִּ֜ילוּ	c/5307	HC/Vhw3mp	13UFn
25	8	2		גּוֹרָל֣וֹת	1486	HNcmpa	13YNC
25	8	3		מִשְׁמֶ֗רֶת	4931	HNcfsa	13aR8
25	8	4		לְ/עֻמַּת֙	l/5980	HR/Ncfsc	13LkN
25	8	5		כַּ/קָּטֹ֣ן	k/6996 b	HRd/Aamsa	13sNT
25	8	6		כַּ/גָּד֔וֹל	k/1419 a	HRd/Aamsa	13tBw
25	8	7		מֵבִ֖ין	995	HVhrmsa	138Ka
25	8	8		עִם	5973 a	HR	1335Y
25	8	9		תַּלְמִֽיד	8527	HNcmsa	139MC
25	9	1		וַ/יֵּצֵ֞א	c/3318	HC/Vqw3ms	13L8B
25	9	2		הַ/גּוֹרָ֧ל	d/1486	HTd/Ncmsa	13S9i
25	9	3		הָ/רִאשׁ֛וֹן	d/7223	HTd/Aomsa	13Mv3
25	9	4		לְ/אָסָ֖ף	l/623	HR/Np	13wVV
25	9	5		לְ/יוֹסֵ֑ף	l/3130	HR/Np	13g4n
25	9	6		גְּדַלְיָ֨הוּ֙	1436 b	HNp	13kQp
25	9	7		הַ/שֵּׁנִ֔י	d/8145	HTd/Aomsa	13Kb6
25	9	8		הֽוּא	1931	HPp3ms	13b2m
25	9	9		וְ/אֶחָ֥י/ו	c/251	HC/Ncmpc/Sp3ms	13ydG
25	9	10		וּ/בָנָ֖י/ו	c/1121 a	HC/Ncmpc/Sp3ms	135Fz
25	9	11		שְׁנֵ֥ים	8147	HAcmda	13fdx
25	9	12		עָשָֽׂר	6240	HAcmsa	13nbJ
25	10	1		הַ/שְּׁלִשִׁ֣י	d/7992	HTd/Aomsa	13kFR
25	10	2		זַכּ֔וּר	2139	HNp	13bdT
25	10	3		בָּנָ֥י/ו	1121 a	HNcmpc/Sp3ms	13198
25	10	4		וְ/אֶחָ֖י/ו	c/251	HC/Ncmpc/Sp3ms	13zXN
25	10	5		שְׁנֵ֥ים	8147	HAcmda	13GsJ
25	10	6		עָשָֽׂר	6240	HAcmsa	13Ygk
25	11	1		הָ/רְבִיעִי֙	d/7243	HTd/Aomsa	13pvb
25	11	2		לַ/יִּצְרִ֔י	l/3339	HRd/Np	13ikT
25	11	3		בָּנָ֥י/ו	1121 a	HNcmpc/Sp3ms	13hkL
25	11	4		וְ/אֶחָ֖י/ו	c/251	HC/Ncmpc/Sp3ms	13Zkg
25	11	5		שְׁנֵ֥ים	8147	HAcmda	13rjG
25	11	6		עָשָֽׂר	6240	HAcmsa	13Zr3
25	12	1		הַ/חֲמִישִׁ֣י	d/2549	HTd/Aomsa	13wyh
25	12	2		נְתַנְיָ֔הוּ	5418	HNp	13ptA
25	12	3		בָּנָ֥י/ו	1121 a	HNcmpc/Sp3ms	13eWf
25	12	4		וְ/אֶחָ֖י/ו	c/251	HC/Ncmpc/Sp3ms	13CPj
25	12	5		שְׁנֵ֥ים	8147	HAcmda	1375q
25	12	6		עָשָֽׂר	6240	HAcmsa	13ZEp
25	13	1		הַ/שִּׁשִּׁ֣י	d/8345	HTd/Aomsa	13ujr
25	13	2		בֻקִּיָּ֔הוּ	1232	HNp	13YAj
25	13	3		בָּנָ֥י/ו	1121 a	HNcmpc/Sp3ms	13vTy
25	13	4		וְ/אֶחָ֖י/ו	c/251	HC/Ncmpc/Sp3ms	13uRq
25	13	5		שְׁנֵ֥ים	8147	HAcmda	13ZEw
25	13	6		עָשָֽׂר	6240	HAcmsa	13WYA
25	14	1		הַ/שְּׁבִעִ֣י	d/7637	HTd/Aomsa	13qhb
25	14	2		יְשַׂרְאֵ֔לָה	3480	HNp	13GDP
25	14	3		בָּנָ֥י/ו	1121 a	HNcmpc/Sp3ms	13APs
25	14	4		וְ/אֶחָ֖י/ו	c/251	HC/Ncmpc/Sp3ms	13qXw
25	14	5		שְׁנֵ֥ים	8147	HAcmda	13Gh9
25	14	6		עָשָֽׂר	6240	HAcmsa	13n4y
25	15	1		הַ/שְּׁמִינִ֣י	d/8066	HTd/Aomsa	136i6
25	15	2		יְשַֽׁעְיָ֔הוּ	3470 a	HNp	13squ
25	15	3		בָּנָ֥י/ו	1121 a	HNcmpc/Sp3ms	13Kgq
25	15	4		וְ/אֶחָ֖י/ו	c/251	HC/Ncmpc/Sp3ms	13v4i
25	15	5		שְׁנֵ֥ים	8147	HAcmda	13RbN
25	15	6		עָשָֽׂר	6240	HAcmsa	139LN
25	16	1		הַ/תְּשִׁיעִ֣י	d/8671	HTd/Aomsa	13dof
25	16	2		מַתַּנְיָ֔הוּ	4983	HNp	13jCu
25	16	3		בָּנָ֥י/ו	1121 a	HNcmpc/Sp3ms	13RA2
25	16	4		וְ/אֶחָ֖י/ו	c/251	HC/Ncmpc/Sp3ms	1322L
25	16	5		שְׁנֵ֥ים	8147	HAcmda	13eJb
25	16	6		עָשָֽׂר	6240	HAcmsa	13TCo
25	17	1		הָ/עֲשִׂירִ֣י	d/6224	HTd/Aomsa	131DL
25	17	2		שִׁמְעִ֔י	8096	HNp	13U11
25	17	3		בָּנָ֥י/ו	1121 a	HNcmpc/Sp3ms	13wAB
25	17	4		וְ/אֶחָ֖י/ו	c/251	HC/Ncmpc/Sp3ms	13Jdr
25	17	5		שְׁנֵ֥ים	8147	HAcmda	13kds
25	17	6		עָשָֽׂר	6240	HAcmsa	13VhE
25	18	1		עַשְׁתֵּֽי	6249	HAobpc	13XYi
25	18	2		עָשָׂ֣ר	6240	HAcmsa	13ejz
25	18	3		עֲזַרְאֵ֔ל	5832	HNp	13etA
25	18	4		בָּנָ֥י/ו	1121 a	HNcmpc/Sp3ms	13DcB
25	18	5		וְ/אֶחָ֖י/ו	c/251	HC/Ncmpc/Sp3ms	13pEu
25	18	6		שְׁנֵ֥ים	8147	HAcmda	13Xoa
25	18	7		עָשָֽׂר	6240	HAcmsa	13EWC
25	19	1		הַ/שְּׁנֵ֤ים	d/8147	HTd/Acmda	13yDn
25	19	2		עָשָׂר֙	6240	HAcmsa	13bJ2
25	19	3		לַ/חֲשַׁבְיָ֔ה	l/2811	HR/Np	13YKT
25	19	4		בָּנָ֥י/ו	1121 a	HNcmpc/Sp3ms	13URj
25	19	5		וְ/אֶחָ֖י/ו	c/251	HC/Ncmpc/Sp3ms	136mo
25	19	6		שְׁנֵ֥ים	8147	HAcmda	13yxJ
25	19	7		עָשָֽׂר	6240	HAcmsa	13NM4
25	20	1		לִ/שְׁלֹשָׁ֤ה	l/7969	HR/Acmsa	13fhU
25	20	2		עָשָׂר֙	6240	HAcmsa	13xuo
25	20	3		שֽׁוּבָאֵ֔ל	7619	HNp	13UEp
25	20	4		בָּנָ֥י/ו	1121 a	HNcmpc/Sp3ms	13MDn
25	20	5		וְ/אֶחָ֖י/ו	c/251	HC/Ncmpc/Sp3ms	13ju9
25	20	6		שְׁנֵ֥ים	8147	HAcmda	13YEm
25	20	7		עָשָֽׂר	6240	HAcmsa	133xG
25	21	1		לְ/אַרְבָּעָ֤ה	l/702	HR/Acmsa	13ZgR
25	21	2		עָשָׂר֙	6240	HAcmsa	133qk
25	21	3		מַתִּתְיָ֔הוּ	4993	HNp	13pGx
25	21	4		בָּנָ֥י/ו	1121 a	HNcmpc/Sp3ms	13hv5
25	21	5		וְ/אֶחָ֖י/ו	c/251	HC/Ncmpc/Sp3ms	13QGv
25	21	6		שְׁנֵ֥ים	8147	HAcmda	13L7y
25	21	7		עָשָֽׂר	6240	HAcmsa	13nu8
25	22	1		לַ/חֲמִשָּׁ֤ה	l/2568	HR/Acmsa	13n1y
25	22	2		עָשָׂר֙	6240	HAcmsa	13Zkm
25	22	3		לִֽ/ירֵמ֔וֹת	l/3406	HR/Np	13qVK
25	22	4		בָּנָ֥י/ו	1121 a	HNcmpc/Sp3ms	13jBr
25	22	5		וְ/אֶחָ֖י/ו	c/251	HC/Ncmpc/Sp3ms	13cgK
25	22	6		שְׁנֵ֥ים	8147	HAcmda	13Nqr
25	22	7		עָשָֽׂר	6240	HAcmsa	13LxX
25	23	1		לְ/שִׁשָּׁ֤ה	l/8337	HR/Acmsa	13Ljx
25	23	2		עָשָׂר֙	6240	HAcmsa	13bus
25	23	3		לַ/חֲנַנְיָ֔הוּ	l/2608 a	HR/Np	13NNv
25	23	4		בָּנָ֥י/ו	1121 a	HNcmpc/Sp3ms	13M37
25	23	5		וְ/אֶחָ֖י/ו	c/251	HC/Ncmpc/Sp3ms	13f1x
25	23	6		שְׁנֵ֥ים	8147	HAcmda	133r7
25	23	7		עָשָֽׂר	6240	HAcmsa	13Zw5
25	24	1		לְ/שִׁבְעָ֤ה	l/7651	HR/Acmsa	13nu3
25	24	2		עָשָׂר֙	6240	HAcmsa	13VNP
25	24	3		לְ/יָשְׁבְּקָ֔שָׁה	l/3436	HR/Np	13jsx
25	24	4		בָּנָ֥י/ו	1121 a	HNcmpc/Sp3ms	13JD3
25	24	5		וְ/אֶחָ֖י/ו	c/251	HC/Ncmpc/Sp3ms	134eU
25	24	6		שְׁנֵ֥ים	8147	HAcmda	13ypB
25	24	7		עָשָֽׂר	6240	HAcmsa	13svx
25	25	1		לִ/שְׁמוֹנָ֤ה	l/8083	HR/Acmsa	13mrL
25	25	2		עָשָׂר֙	6240	HAcmsa	13d8S
25	25	3		לַ/חֲנָ֔נִי	l/2607	HR/Np	13tSP
25	25	4		בָּנָ֥י/ו	1121 a	HNcmpc/Sp3ms	13bjP
25	25	5		וְ/אֶחָ֖י/ו	c/251	HC/Ncmpc/Sp3ms	13aKU
25	25	6		שְׁנֵ֥ים	8147	HAcmda	13iBY
25	25	7		עָשָֽׂר	6240	HAcmsa	13gw3
25	26	1		לְ/תִשְׁעָ֤ה	l/8672	HR/Acmsa	13Wee
25	26	2		עָשָׂר֙	6240	HAcmsa	13Zc7
25	26	3		לְ/מַלּ֔וֹתִי	l/4413	HR/Np	13Ee2
25	26	4		בָּנָ֥י/ו	1121 a	HNcmpc/Sp3ms	13ZHm
25	26	5		וְ/אֶחָ֖י/ו	c/251	HC/Ncmpc/Sp3ms	13ofL
25	26	6		שְׁנֵ֥ים	8147	HAcmda	13GhY
25	26	7		עָשָֽׂר	6240	HAcmsa	139n6
25	27	1		לְ/עֶשְׂרִים֙	l/6242	HR/Acbpa	13TPj
25	27	2		לֶֽ/אֱלִיָּ֔תָה	l/448	HR/Np	13rvH
25	27	3		בָּנָ֥י/ו	1121 a	HNcmpc/Sp3ms	13nVc
25	27	4		וְ/אֶחָ֖י/ו	c/251	HC/Ncmpc/Sp3ms	13Yqo
25	27	5		שְׁנֵ֥ים	8147	HAcmda	13uKG
25	27	6		עָשָֽׂר	6240	HAcmsa	13KoS
25	28	1		לְ/אֶחָ֤ד	l/259	HR/Acmsa	13y1v
25	28	2		וְ/עֶשְׂרִים֙	c/6242	HC/Acbpa	13nD3
25	28	3		לְ/הוֹתִ֔יר	l/1956	HR/Np	13aDh
25	28	4		בָּנָ֥י/ו	1121 a	HNcmpc/Sp3ms	13XXA
25	28	5		וְ/אֶחָ֖י/ו	c/251	HC/Ncmpc/Sp3ms	13BRn
25	28	6		שְׁנֵ֥ים	8147	HAcmda	13BCo
25	28	7		עָשָֽׂר	6240	HAcmsa	13jY8
25	29	1		לִ/שְׁנַ֤יִם	l/8147	HR/Acmda	13ANE
25	29	2		וְ/עֶשְׂרִים֙	c/6242	HC/Acbpa	13ss1
25	29	3		לְ/גִדַּ֔לְתִּי	l/1437	HR/Np	13kyF
25	29	4		בָּנָ֥י/ו	1121 a	HNcmpc/Sp3ms	13AkE
25	29	5		וְ/אֶחָ֖י/ו	c/251	HC/Ncmpc/Sp3ms	13cyn
25	29	6		שְׁנֵ֥ים	8147	HAcmda	13TX5
25	29	7		עָשָֽׂר	6240	HAcmsa	13awA
25	30	1		לִ/שְׁלֹשָׁ֤ה	l/7969	HR/Acmsa	135Ga
25	30	2		וְ/עֶשְׂרִים֙	c/6242	HC/Acbpa	13jvj
25	30	3		לְ/מַ֣חֲזִיא֔וֹת	l/4238	HR/Np	13bfj
25	30	4		בָּנָ֥י/ו	1121 a	HNcmpc/Sp3ms	13ZMA
25	30	5		וְ/אֶחָ֖י/ו	c/251	HC/Ncmpc/Sp3ms	13mWA
25	30	6		שְׁנֵ֥ים	8147	HAcmda	13rm7
25	30	7		עָשָֽׂר	6240	HAcmsa	13yug
25	31	1		לְ/אַרְבָּעָ֤ה	l/702	HR/Acmsa	13Bpi
25	31	2		וְ/עֶשְׂרִים֙	c/6242	HC/Acbpa	13HGn
25	31	3		לְ/רוֹמַ֣מְתִּי	l/7320+	HR/Np	131u6
25	31	4		עָ֔זֶר	7320	HNp	13jE7
25	31	5		בָּנָ֥י/ו	1121 a	HNcmpc/Sp3ms	137Ws
25	31	6		וְ/אֶחָ֖י/ו	c/251	HC/Ncmpc/Sp3ms	13WPv
25	31	7		שְׁנֵ֥ים	8147	HAcmda	13and
25	31	8		עָשָֽׂר	6240	HAcmsa	13q86
26	1	1		לְ/מַחְלְק֖וֹת	l/4256	HR/Ncfpa	13JYX
26	1	2		לְ/שֹׁעֲרִ֑ים	l/7778	HR/Ncmpa	13dzt
26	1	3		לַ/קָּרְחִ֕ים	l/7145	HRd/Ngmpa	13Wat
26	1	4		מְשֶֽׁלֶמְיָ֥הוּ	4920	HNp	13cpA
26	1	5		בֶן	1121 a	HNcmsc	13RUY
26	1	6		קֹרֵ֖א	6981	HNp	13h1u
26	1	7		מִן	4480 a	HR	13Zs6
26	1	8		בְּנֵ֥י	1121 a	HNcmpc	13yap
26	1	9		אָסָֽף	623	HNp	13ioT
26	2	1		וְ/לִ/מְשֶֽׁלֶמְיָ֖הוּ	c/l/4920	HC/R/Np	13bLg
26	2	2		בָּנִ֑ים	1121 a	HNcmpa	13WPW
26	2	3		זְכַרְיָ֤הוּ	2148 a	HNp	13p3p
26	2	4		הַ/בְּכוֹר֙	d/1060	HTd/Ncmsa	13ehS
26	2	5		יְדִֽיעֲאֵ֣ל	3043	HNp	13Rwe
26	2	6		הַ/שֵּׁנִ֔י	d/8145	HTd/Aomsa	13RFg
26	2	7		זְבַדְיָ֨הוּ֙	2069	HNp	13x37
26	2	8		הַ/שְּׁלִישִׁ֔י	d/7992	HTd/Aomsa	13Sni
26	2	9		יַתְנִיאֵ֖ל	3496	HNp	13KYM
26	2	10		הָ/רְבִיעִֽי	d/7243	HTd/Aomsa	13138
26	3	1		עֵילָ֤ם	5867 b	HNp	13t9r
26	3	2		הַ/חֲמִישִׁי֙	d/2549	HTd/Aomsa	13A87
26	3	3		יְהוֹחָנָ֣ן	3076	HNp	13Qfw
26	3	4		הַ/שִּׁשִּׁ֔י	d/8345	HTd/Aomsa	13Ny9
26	3	5		אֶלְיְהוֹעֵינַ֖י	454 a	HNp	13kpB
26	3	6		הַ/שְּׁבִיעִֽי	d/7637	HTd/Aomsa	13Gka
26	4	1		וּ/לְ/עֹבֵ֥ד	c/l/5654+	HC/R/Np	135s2
26	4	2		אֱדֹ֖ם	5654	HNp	13oD3
26	4	3		בָּנִ֑ים	1121 a	HNcmpa	13FpP
26	4	4		שְׁמַֽעְיָ֤ה	8098	HNp	13T11
26	4	5		הַ/בְּכוֹר֙	d/1060	HTd/Ncmsa	13Kt2
26	4	6		יְהוֹזָבָ֣ד	3075	HNp	13pVF
26	4	7		הַ/שֵּׁנִ֔י	d/8145	HTd/Aomsa	1346N
26	4	8		יוֹאָ֤ח	3098	HNp	13g7R
26	4	9		הַ/שְּׁלִשִׁי֙	d/7992	HTd/Aomsa	13hVa
26	4	10		וְ/שָׂכָ֣ר	c/7940	HC/Np	13gaf
26	4	11		הָ/רְבִיעִ֔י	d/7243	HTd/Aomsa	13MGb
26	4	12		וּ/נְתַנְאֵ֖ל	c/5417	HC/Np	13BsP
26	4	13		הַ/חֲמִישִֽׁי	d/2549	HTd/Aomsa	13x9n
26	5	1		עַמִּיאֵ֤ל	5988	HNp	13e4W
26	5	2		הַ/שִּׁשִּׁי֙	d/8345	HTd/Aomsa	13ukG
26	5	3		יִשָׂשכָ֣ר	3485	HNp	13P19
26	5	4		הַ/שְּׁבִיעִ֔י	d/7637	HTd/Aomsa	13YBg
26	5	5		פְּעֻלְּתַ֖י	6469	HNp	13tJt
26	5	6		הַ/שְּׁמִינִ֑י	d/8066	HTd/Aomsa	13T3b
26	5	7		כִּ֥י	3588 a	HC	13zpd
26	5	8		בֵרֲכ֖/וֹ	1288	HVpp3ms/Sp3ms	13fo4
26	5	9		אֱלֹהִֽים	430	HNcmpa	13JcQ
26	6	1		וְ/לִֽ/שְׁמַֽעְיָ֤ה	c/l/8098	HC/R/Np	13nsG
26	6	2		בְנ/וֹ֙	1121 a	HNcmsc/Sp3ms	13gsU
26	6	3		נוֹלַ֣ד	3205	HVNp3ms	137qg
26	6	4		בָּנִ֔ים	1121 a	HNcmpa	13e5s
26	6	5		הַ/מִּמְשָׁלִ֖ים	d/4474	HTd/Ncbpa	13W55
26	6	6		לְ/בֵ֣ית	l/1004 b	HR/Ncmsc	13M2X
26	6	7		אֲבִי/הֶ֑ם	1	HNcmsc/Sp3mp	13n34
26	6	8		כִּֽי	3588 a	HC	13mvp
26	6	9		גִבּ֥וֹרֵי	1368	HAampc	13sxM
26	6	10		חַ֖יִל	2428	HNcmsa	13DwN
26	6	11		הֵֽמָּה	1992	HPp3mp	13geR
26	7	1		בְּנֵ֣י	1121 a	HNcmpc	13XSs
26	7	2		שְׁמַֽעְיָ֗ה	8098	HNp	13gF9
26	7	3		עָ֠תְנִי	6273	HNp	13jPg
26	7	4		וּ/רְפָאֵ֨ל	c/7501	HC/Np	13fmE
26	7	5		וְ/עוֹבֵ֧ד	c/5744	HC/Np	138Jb
26	7	6		אֶלְזָבָ֛ד	443	HNp	13ow7
26	7	7		אֶחָ֖י/ו	251	HNcmpc/Sp3ms	13FpJ
26	7	8		בְּנֵי	1121 a	HNcmpc	13oHD
26	7	9		חָ֑יִל	2428	HNcmsa	13Gyh
26	7	10		אֱלִיה֖וּ	453	HNp	13uZa
26	7	11		וּ/סְמַכְיָֽהוּ	c/5565	HC/Np	13Y9V
26	8	1		כָּל	3605	HNcmsc	13n71
26	8	2		אֵ֜לֶּה	428	HPdxcp	13qj9
26	8	3		מִ/בְּנֵ֣י	m/1121 a	HR/Ncmpc	13Yip
26	8	4		עֹבֵ֣ד	5654+	HNp	13Bjm
26	8	5		אֱדֹ֗ם	5654	HNp	13LJT
26	8	6		הֵ֤מָּה	1992	HPp3mp	137Tg
26	8	7		וּ/בְנֵי/הֶם֙	c/1121 a	HC/Ncmpc/Sp3mp	13owQ
26	8	8		וַ/אֲחֵי/הֶ֔ם	c/251	HC/Ncmpc/Sp3mp	13G3J
26	8	9		אִֽישׁ	376	HNcmsc	13WoZ
26	8	10		חַ֥יִל	2428	HNcmsa	13W2r
26	8	11		בַּ/כֹּ֖חַ	b/3581 b	HRd/Ncmsa	13KPR
26	8	12		לַ/עֲבֹדָ֑ה	l/5656	HR/Ncfsa	13cee
26	8	13		שִׁשִּׁ֥ים	8346	HAcbpa	13tND
26	8	14		וּ/שְׁנַ֖יִם	c/8147	HC/Acmda	13eZx
26	8	15		לְ/עֹבֵ֥ד	l/5654+	HR/Np	13nbw
26	8	16		אֱדֹֽם	5654	HNp	13Ucv
26	9	1		וְ/לִ/מְשֶֽׁלֶמְיָ֗הוּ	c/l/4920	HC/R/Np	131j8
26	9	2		בָּנִ֧ים	1121 a	HNcmpa	13Vh8
26	9	3		וְ/אַחִ֛ים	c/251	HC/Ncmpa	13eFt
26	9	4		בְּנֵי	1121 a	HNcmpc	13Mgt
26	9	5		חָ֖יִל	2428	HNcmsa	13tCS
26	9	6		שְׁמוֹנָ֥ה	8083	HAcmsa	13PrL
26	9	7		עָשָֽׂר	6240	HAcmsa	13q8X
26	10	1		וּ/לְ/חֹסָ֥ה	c/l/2621	HC/R/Np	13VGa
26	10	2		מִן	4480 a	HR	13bMM
26	10	3		בְּנֵי	1121 a	HNcmpc	13GSx
26	10	4		מְרָרִ֖י	4847	HNp	139dP
26	10	5		בָּנִ֑ים	1121 a	HNcmpa	13dvk
26	10	6		שִׁמְרִ֤י	8113	HNp	13uUS
26	10	7		הָ/רֹאשׁ֙	d/7218 a	HTd/Ncmsa	13EjV
26	10	8		כִּ֣י	3588 a	HC	13Sps
26	10	9		לֹא	3808	HTn	13keq
26	10	10		הָיָ֣ה	1961	HVqp3ms	13BSE
26	10	11		בְכ֔וֹר	1060	HNcmsa	13JVW
26	10	12		וַ/יְשִׂימֵ֥/הוּ	c/7760 a	HC/Vqw3ms/Sp3ms	13u6J
26	10	13		אָבִ֖י/הוּ	1	HNcmsc/Sp3ms	133Hq
26	10	14		לְ/רֹֽאשׁ	l/7218 a	HR/Ncmsa	13Unp
26	11	1		חִלְקִיָּ֤הוּ	2518	HNp	13oNu
26	11	2		הַ/שֵּׁנִי֙	d/8145	HTd/Aomsa	132ZC
26	11	3		טְבַלְיָ֣הוּ	2882	HNp	132Pn
26	11	4		הַ/שְּׁלִשִׁ֔י	d/7992	HTd/Aomsa	13Jw6
26	11	5		זְכַרְיָ֖הוּ	2148 a	HNp	13qYt
26	11	6		הָ/רְבִעִ֑י	d/7243	HTd/Aomsa	13BnB
26	11	7		כָּל	3605	HNcmsc	13Vap
26	11	8		בָּנִ֧ים	1121 a	HNcmpa	13tB6
26	11	9		וְ/אַחִ֛ים	c/251	HC/Ncmpa	13oC1
26	11	10		לְ/חֹסָ֖ה	l/2621	HR/Np	13bst
26	11	11		שְׁלֹשָׁ֥ה	7969	HAcmsa	135iT
26	11	12		עָשָֽׂר	6240	HAcmsa	13Jmq
26	12	1		לְ֠/אֵלֶּה	l/428	HR/Pdxcp	13z9m
26	12	2		מַחְלְק֨וֹת	4256	HNcfpc	13XNh
26	12	3		הַ/שֹּֽׁעֲרִ֜ים	d/7778	HTd/Ncmpa	13Xxb
26	12	4		לְ/רָאשֵׁ֧י	l/7218 a	HR/Ncmpc	13j3N
26	12	5		הַ/גְּבָרִ֛ים	d/1397	HTd/Ncmpa	13KhX
26	12	6		מִשְׁמָר֖וֹת	4931	HNcfpa	13WPh
26	12	7		לְ/עֻמַּ֣ת	l/5980	HR/Ncfsc	13K6n
26	12	8		אֲחֵי/הֶ֑ם	251	HNcmpc/Sp3mp	1378e
26	12	9		לְ/שָׁרֵ֖ת	l/8334	HR/Vpc	13Xdw
26	12	10		בְּ/בֵ֥ית	b/1004 b	HR/Ncmsc	13EPY
26	12	11		יְהוָֽה	3068	HNp	13FRd
26	13	1		וַ/יַּפִּ֨ילוּ	c/5307	HC/Vhw3mp	13k4p
26	13	2		גוֹרָל֜וֹת	1486	HNcmpa	13ZJp
26	13	3		כַּ/קָּטֹ֧ן	k/6996 b	HRd/Aamsa	13TTa
26	13	4		כַּ/גָּד֛וֹל	k/1419 a	HRd/Aamsa	13sCD
26	13	5		לְ/בֵ֥ית	l/1004 b	HR/Ncmsc	13hCJ
26	13	6		אֲבוֹתָ֖/ם	1	HNcmpc/Sp3mp	13siM
26	13	7		לְ/שַׁ֥עַר	l/8179	HR/Ncmsa	1312P
26	13	8		וָ/שָֽׁעַר	c/8179	HC/Ncmsa	13yb4
26	14	1		וַ/יִּפֹּ֧ל	c/5307	HC/Vqw3ms	13Qer
26	14	2		הַ/גּוֹרָ֛ל	d/1486	HTd/Ncmsa	13LfY
26	14	3		מִזְרָ֖חָ/ה	4217	HNcmsa/Sd	13ENP
26	14	4		לְ/שֶֽׁלֶמְיָ֑הוּ	l/8018	HR/Np	13ZoA
26	14	5		וּ/זְכַרְיָ֨הוּ	c/2148 a	HC/Np	13Suu
26	14	6		בְנ֜/וֹ	1121 a	HNcmsc/Sp3ms	13oPW
26	14	7		יוֹעֵ֣ץ	3289	HVqrmsa	13iAu
26	14	8		בְּ/שֶׂ֗כֶל	b/7922	HR/Ncmsa	13oPN
26	14	9		הִפִּ֨ילוּ֙	5307	HVhp3cp	13pDT
26	14	10		גּֽוֹרָל֔וֹת	1486	HNcmpa	13HJm
26	14	11		וַ/יֵּצֵ֥א	c/3318	HC/Vqw3ms	13fTU
26	14	12		גוֹרָל֖/וֹ	1486	HNcmsc/Sp3ms	13t8B
26	14	13		צָפֽוֹנָ/ה	6828	HNcfsa/Sd	13eaq
26	15	1		לְ/עֹבֵ֥ד	l/5654+	HR/Np	13azR
26	15	2		אֱדֹ֖ם	5654	HNp	13jQQ
26	15	3		נֶ֑גְבָּ/ה	5045	HNcmsa/Sd	13sDb
26	15	4		וּ/לְ/בָנָ֖י/ו	c/l/1121 a	HC/R/Ncmpc/Sp3ms	13s1w
26	15	5		בֵּ֥ית	1004 b	HNcmsc	13DPf
26	15	6		הָ/אֲסֻפִּֽים	d/624	HTd/Ncmpa	13rWo
26	16	1		לְ/שֻׁפִּ֤ים	l/8206	HR/Np	13sKc
26	16	2		וּ/לְ/חֹסָה֙	c/l/2621	HC/R/Np	136fn
26	16	3		לַֽ/מַּעֲרָ֔ב	l/4628	HRd/Ncmsa	13Cf5
26	16	4		עִ֚ם	5973 a	HR	13WAB
26	16	5		שַׁ֣עַר	8179	HNcmsc	13jth
26	16	6		שַׁלֶּ֔כֶת	7996	HNp	13Rbd
26	16	7		בַּֽ/מְסִלָּ֖ה	b/4546	HRd/Ncfsa	13XCe
26	16	8		הָ/עוֹלָ֑ה	d/5927	HTd/Vqrfsa	1397G
26	16	9		מִשְׁמָ֖ר	4929	HNcmsa	135qf
26	16	10		לְ/עֻמַּ֥ת	l/5980	HR/Ncfsc	13UBZ
26	16	11		מִשְׁמָֽר	4929	HNcmsa	139h4
26	17	1		לַ/מִּזְרָח֮	l/4217	HRd/Ncmsa	13axx
26	17	2		הַ/לְוִיִּ֣ם	d/3881	HTd/Ngmpa	13jdG
26	17	3		שִׁשָּׁה֒	8337	HAcmsa	13J4J
26	17	4		לַ/צָּפ֤וֹנָ/ה	l/6828	HRd/Ncfsa/Sd	13PWn
26	17	5		לַ/יּוֹם֙	l/3117	HRd/Ncmsa	13HsD
26	17	6		אַרְבָּעָ֔ה	702	HAcmsa	13ph7
26	17	7		לַ/נֶּ֥גְבָּ/ה	l/5045	HRd/Ncmsa/Sd	13XFJ
26	17	8		לַ/יּ֖וֹם	l/3117	HRd/Ncmsa	133iH
26	17	9		אַרְבָּעָ֑ה	702	HAcmsa	13uY4
26	17	10		וְ/לָ/אֲסֻפִּ֖ים	c/l/624	HC/Rd/Ncmpa	13H5C
26	17	11		שְׁנַ֥יִם	8147	HAcmda	13gut
26	17	12		שְׁנָֽיִם	8147	HAcmda	136rs
26	18	1		לַ/פַּרְבָּ֖ר	l/6503	HRd/Ncmsa	13iU2
26	18	2		לַֽ/מַּעֲרָ֑ב	l/4628	HRd/Ncmsa	13KDJ
26	18	3		אַרְבָּעָה֙	702	HAcmsa	13Yko
26	18	4		לַֽ/מְסִלָּ֔ה	l/4546	HRd/Ncfsa	13TbR
26	18	5		שְׁנַ֖יִם	8147	HAcmda	13ytT
26	18	6		לַ/פַּרְבָּֽר	l/6503	HRd/Ncmsa	13ATb
26	19	1		אֵ֗לֶּה	428	HPdxcp	13ETp
26	19	2		מַחְלְקוֹת֙	4256	HNcfpc	13VmE
26	19	3		הַ/שֹּׁ֣עֲרִ֔ים	d/7778	HTd/Ncmpa	13UNE
26	19	4		לִ/בְנֵ֥י	l/1121 a	HR/Ncmpc	13uJA
26	19	5		הַ/קָּרְחִ֖י	d/7145	HTd/Ngmsa	1328S
26	19	6		וְ/לִ/בְנֵ֥י	c/l/1121 a	HC/R/Ncmpc	13cLf
26	19	7		מְרָרִֽי	4847	HNp	139FC
26	20	1		וְֽ/הַ/לְוִיִּ֑ם	c/d/3881	HC/Td/Ngmpa	13vyf
26	20	2		אֲחִיָּ֗ה	281	HNp	13joM
26	20	3		עַל	5921 a	HR	1316u
26	20	4		אֽוֹצְרוֹת֙	214	HNcmpc	13Sac
26	20	5		בֵּ֣ית	1004 b	HNcmsc	13UsZ
26	20	6		הָ/אֱלֹהִ֔ים	d/430	HTd/Ncmpa	135AU
26	20	7		וּ/לְ/אֹֽצְר֖וֹת	c/l/214	HC/R/Ncmpc	131ZY
26	20	8		הַ/קֳּדָשִֽׁים	d/6944	HTd/Ncmpa	13e8V
26	21	1		בְּנֵ֣י	1121 a	HNcmpc	13XGf
26	21	2		לַ֠עְדָּן	3936	HNp	133kn
26	21	3		בְּנֵ֨י	1121 a	HNcmpc	137pC
26	21	4		הַ/גֵּרְשֻׁנִּ֜י	d/1649	HTd/Ngmsa	13CY7
26	21	5		לְ/לַעְדָּ֗ן	l/3936	HR/Np	13opR
26	21	6		רָאשֵׁ֧י	7218 a	HNcmpc	13VdB
26	21	7		הָ/אָב֛וֹת	d/1	HTd/Ncmpa	13Qwa
26	21	8		לְ/לַעְדָּ֥ן	l/3936	HR/Np	13FaZ
26	21	9		הַ/גֵּרְשֻׁנִּ֖י	d/1649	HTd/Ngmsa	13XSd
26	21	10		יְחִיאֵלִֽי	3172	HNp	13SgK
26	22	1		בְּנֵ֖י	1121 a	HNcmpc	13VX4
26	22	2		יְחִֽיאֵלִ֑י	3172	HNp	13KjA
26	22	3		זֵתָם֙	2241	HNp	13N2F
26	22	4		וְ/יוֹאֵ֣ל	c/3100	HC/Np	13bfN
26	22	5		אָחִ֔י/ו	251	HNcmsc/Sp3ms	13Bkn
26	22	6		עַל	5921 a	HR	13KyM
26	22	7		אֹצְר֖וֹת	214	HNcmpc	136D5
26	22	8		בֵּ֥ית	1004 b	HNcmsc	13mrF
26	22	9		יְהוָֽה	3068	HNp	13fKs
26	23	1		לַֽ/עַמְרָמִי֙	l/6020	HRd/Ngmsa	13vsB
26	23	2		לַ/יִּצְהָרִ֔י	l/3325	HRd/Ngmsa	131TK
26	23	3		לַֽ/חֶבְרוֹנִ֖י	l/2276	HRd/Ngmsa	13JSH
26	23	4		לָֽ/עָזִּיאֵלִֽי	l/5817	HRd/Ngmsa	13hTk
26	24	1		וּ/שְׁבֻאֵל֙	c/7619	HC/Np	13buz
26	24	2		בֶּן	1121 a	HNcmsc	13Le9
26	24	3		גֵּרְשׁ֣וֹם	1647	HNp	13RkQ
26	24	4		בֶּן	1121 a	HNcmsc	13Z5v
26	24	5		מֹשֶׁ֔ה	4872	HNp	13ajx
26	24	6		נָגִ֖יד	5057	HNcmsa	13vVb
26	24	7		עַל	5921 a	HR	13SPW
26	24	8		הָ/אֹצָרֽוֹת	d/214	HTd/Ncmpa	13Y3a
26	25	1		וְ/אֶחָ֖י/ו	c/251	HC/Ncmpc/Sp3ms	13T6R
26	25	2		לֶֽ/אֱלִיעֶ֑זֶר	l/461	HR/Np	13h5B
26	25	3		רְחַבְיָ֨הוּ	7345	HNp	13ABc
26	25	4		בְנ֜/וֹ	1121 a	HNcmsc/Sp3ms	13hAZ
26	25	5		וִֽ/ישַׁעְיָ֤הוּ	c/3470 a	HC/Np	13VjZ
26	25	6		בְנ/וֹ֙	1121 a	HNcmsc/Sp3ms	13XCY
26	25	7		וְ/יֹרָ֣ם	c/3141	HC/Np	13Q6t
26	25	8		בְּנ֔/וֹ	1121 a	HNcmsc/Sp3ms	13CNu
26	25	9		וְ/זִכְרִ֥י	c/2147	HC/Np	13bNQ
26	25	10		בְנ֖/וֹ	1121 a	HNcmsc/Sp3ms	13YTX
26	25	11	x-ketiv	ו/שלמות	c/8013	HC/Np	13yK8
26	25	12		וּ/שְׁלֹמִ֥ית	c/8013	HC/Np	13F7i
26	25	13		בְּנֽ/וֹ	1121 a	HNcmsc/Sp3ms	13x1o
26	26	1		ה֧וּא	1931	HPp3ms	13Ju6
26	26	2		שְׁלֹמ֣וֹת	8013	HNp	13iac
26	26	3		וְ/אֶחָ֗י/ו	c/251	HC/Ncmpc/Sp3ms	13KGC
26	26	4		עַ֣ל	5921 a	HR	139p6
26	26	5		כָּל	3605	HNcmsc	13cBd
26	26	6		אֹצְר֤וֹת	214	HNcmpc	13mi6
26	26	7		הַ/קֳּדָשִׁים֙	d/6944	HTd/Ncmpa	13xQQ
26	26	8		אֲשֶׁ֨ר	834 a	HTr	13piH
26	26	9		הִקְדִּ֜ישׁ	6942	HVhp3ms	13wZ1
26	26	10		דָּוִ֣יד	1732	HNp	13Gog
26	26	11		הַ/מֶּ֗לֶךְ	d/4428	HTd/Ncmsa	13wpw
26	26	12		וְ/רָאשֵׁ֧י	c/7218 a	HC/Ncmpc	13dQ2
26	26	13		הָ/אָב֛וֹת	d/1	HTd/Ncmpa	13rq5
26	26	14		לְ/שָׂרֵֽי	l/8269	HR/Ncmpc	13TKr
26	26	15		הָ/אֲלָפִ֥ים	d/505	HTd/Acbpa	13KZ6
26	26	16		וְ/הַ/מֵּא֖וֹת	c/d/3967	HC/Td/Acbpa	13gGN
26	26	17		וְ/שָׂרֵ֥י	c/8269	HC/Ncmpc	13LF1
26	26	18		הַ/צָּבָֽא	d/6635 a	HTd/Ncbsa	13os3
26	27	1		מִן	4480 a	HR	13bZo
26	27	2		הַ/מִּלְחָמ֥וֹת	d/4421	HTd/Ncfpa	1337i
26	27	3		וּ/מִן	c/4480 a	HC/R	13WkH
26	27	4		הַ/שָּׁלָ֖ל	d/7998	HTd/Ncmsa	13oxo
26	27	5		הִקְדִּ֑ישׁוּ	6942	HVhp3cp	13xrs
26	27	6		לְ/חַזֵּ֖ק	l/2388	HR/Vpc	132Yq
26	27	7		לְ/בֵ֥ית	l/1004 b	HR/Ncmsc	1326h
26	27	8		יְהוָֽה	3068	HNp	13v8s
26	28	1		וְ/כֹ֨ל	c/3605	HC/Ncmsa	139V6
26	28	2		הַֽ/הִקְדִּ֜ישׁ	d/6942	HTd/Vhp3ms	13hN7
26	28	3		שְׁמוּאֵ֤ל	8050	HNp	13p9V
26	28	4		הָ/רֹאֶה֙	d/7200	HTd/Ncmsa	13cdq
26	28	5		וְ/שָׁא֣וּל	c/7586	HC/Np	13VtC
26	28	6		בֶּן	1121 a	HNcmsc	13epZ
26	28	7		קִ֔ישׁ	7027	HNp	131xJ
26	28	8		וְ/אַבְנֵ֣ר	c/74	HC/Np	13XbU
26	28	9		בֶּן	1121 a	HNcmsc	13ou6
26	28	10		נֵ֔ר	5369	HNp	13kMS
26	28	11		וְ/יוֹאָ֖ב	c/3097	HC/Np	13NAE
26	28	12		בֶּן	1121 a	HNcmsc	13xRx
26	28	13		צְרוּיָ֑ה	6870	HNp	13252
26	28	14		כֹּ֚ל	3605	HNcmsc	13Unw
26	28	15		הַ/מַּקְדִּ֔ישׁ	d/6942	HTd/Vhrmsa	13u7Y
26	28	16		עַ֥ל	5921 a	HR	132Eo
26	28	17		יַד	3027	HNcbsc	13mbv
26	28	18		שְׁלֹמִ֖ית	8019 a	HNp	13vVi
26	28	19		וְ/אֶחָֽי/ו	c/251	HC/Ncmpc/Sp3ms	13iaN
26	29	1		לַ/יִּצְהָרִ֞י	l/3325	HRd/Ngmsa	132EZ
26	29	2		כְּנַנְיָ֣הוּ	3663	HNp	13yTw
26	29	3		וּ/בָנָ֗י/ו	c/1121 a	HC/Ncmpc/Sp3ms	132hV
26	29	4		לַ/מְּלָאכָ֤ה	l/4399	HRd/Ncfsa	13BrS
26	29	5		הַ/חִֽיצוֹנָה֙	d/2435	HTd/Aafsa	13RC3
26	29	6		עַל	5921 a	HR	136NZ
26	29	7		יִשְׂרָאֵ֔ל	3478	HNp	13WEx
26	29	8		לְ/שֹׁטְרִ֖ים	l/7860	HR/Ncmpa	13ew1
26	29	9		וּ/לְ/שֹׁפְטִֽים	c/l/8199	HC/R/Vqrmpa	13Bo9
26	30	1		לַֽ/חֶבְרוֹנִ֡י	l/2276	HRd/Ngmsa	13HfX
26	30	2		חֲשַׁבְיָהוּ֩	2811	HNp	13RCH
26	30	3		וְ/אֶחָ֨י/ו	c/251	HC/Ncmpc/Sp3ms	13YUj
26	30	4		בְּנֵי	1121 a	HNcmpc	13ykU
26	30	5		חַ֜יִל	2428	HNcmsa	13qFt
26	30	6		אֶ֣לֶף	505	HAcbsa	13njs
26	30	7		וּ/שְׁבַע	c/7651	HC/Acfsa	13zi5
26	30	8		מֵא֗וֹת	3967	HAcbpa	13ce6
26	30	9		עַ֚ל	5921 a	HR	1355V
26	30	10		פְּקֻדַּ֣ת	6486	HNcfsc	13SQT
26	30	11		יִשְׂרָאֵ֔ל	3478	HNp	13bba
26	30	12		מֵ/עֵ֥בֶר	m/5676	HR/Ncmsa	13WaL
26	30	13		לַ/יַּרְדֵּ֖ן	l/3383	HRd/Np	13huJ
26	30	14		מַעְרָ֑בָ/ה	4628	HNcmsa/Sd	13nnW
26	30	15		לְ/כֹל֙	l/3605	HR/Ncmsc	131Sg
26	30	16		מְלֶ֣אכֶת	4399	HNcfsc	13Pka
26	30	17		יְהוָ֔ה	3068	HNp	13tvr
26	30	18		וְ/לַ/עֲבֹדַ֖ת	c/l/5656	HC/R/Ncfsc	1369q
26	30	19		הַ/מֶּֽלֶךְ	d/4428	HTd/Ncmsa	13qn3
26	31	1		לַֽ/חֶבְרוֹנִי֙	l/2276	HRd/Ngmsa	13Am6
26	31	2		יְרִיָּ֣ה	3404	HNp	1363o
26	31	3		הָ/רֹ֔אשׁ	d/7218 a	HTd/Ncmsa	13u1x
26	31	4		לַֽ/חֶבְרוֹנִ֥י	l/2276	HRd/Ngmsa	13jKB
26	31	5		לְ/תֹלְדֹתָ֖י/ו	l/8435	HR/Ncfpc/Sp3ms	13GPt
26	31	6		לְ/אָב֑וֹת	l/1	HR/Ncmpa	13bCn
26	31	7		בִּ/שְׁנַ֨ת	b/8141	HR/Ncfsc	13a55
26	31	8		הָֽ/אַרְבָּעִ֜ים	d/705	HTd/Acbpa	13AqG
26	31	9		לְ/מַלְכ֤וּת	l/4438	HR/Ncfsc	13Syq
26	31	10		דָּוִיד֙	1732	HNp	13pqU
26	31	11		נִדְרָ֔שׁוּ	1875	HVNp3cp	13c7F
26	31	12		וַ/יִּמָּצֵ֥א	c/4672	HC/VNw3ms	13jKd
26	31	13		בָ/הֶ֛ם	b	HR/Sp3mp	139Bt
26	31	14		גִּבּ֥וֹרֵי	1368	HAampc	13uvE
26	31	15		חַ֖יִל	2428	HNcmsa	13WNh
26	31	16		בְּ/יַעְזֵ֥יר	b/3270	HR/Np	13jWN
26	31	17		גִּלְעָֽד	1568	HNp	131QH
26	32	1		וְ/אֶחָ֣י/ו	c/251	HC/Ncmpc/Sp3ms	13sKq
26	32	2		בְּנֵי	1121 a	HNcmpc	13xYX
26	32	3		חַ֗יִל	2428	HNcmsa	13YGC
26	32	4		אַלְפַּ֛יִם	505	HAcbpa	13YiZ
26	32	5		וּ/שְׁבַ֥ע	c/7651	HC/Acfsa	13v4S
26	32	6		מֵא֖וֹת	3967	HAcbpa	13ixP
26	32	7		רָאשֵׁ֣י	7218 a	HNcmpc	1372Q
26	32	8		הָ/אָב֑וֹת	d/1	HTd/Ncmpa	13yNu
26	32	9		וַ/יַּפְקִידֵ֞/ם	c/6485 a	HC/Vhw3ms/Sp3mp	13ywz
26	32	10		דָּוִ֣יד	1732	HNp	13eEP
26	32	11		הַ/מֶּ֗לֶךְ	d/4428	HTd/Ncmsa	13KTK
26	32	12		עַל	5921 a	HR	13cFs
26	32	13		הָ/ראוּבֵנִ֤י	d/7206	HTd/Ngmsa	13Aox
26	32	14		וְ/הַ/גָּדִי֙	c/d/1425	HC/Td/Ngmsa	13cAM
26	32	15		וַ/חֲצִי֙	c/2677	HC/Ncmsc	13bHj
26	32	16		שֵׁ֣בֶט	7626	HNcmsc	13aPQ
26	32	17		הַֽ/מְנַשִּׁ֔י	d/4520	HTd/Ngmsa	134WN
26	32	18		לְ/כָל	l/3605	HR/Ncmsc	13RRf
26	32	19		דְּבַ֥ר	1697	HNcmsc	13nVC
26	32	20		הָ/אֱלֹהִ֖ים	d/430	HTd/Ncmpa	13Bcy
26	32	21		וּ/דְבַ֥ר	c/1697	HC/Ncmsc	13P5c
26	32	22		הַ/מֶּֽלֶךְ	d/4428	HTd/Ncmsa	13W37
27	1	1		וּ/בְנֵ֣י	c/1121 a	HC/Ncmpc	138F5
27	1	2		יִשְׂרָאֵ֣ל	3478	HNp	13enF
27	1	3		לְֽ/מִסְפָּרָ֡/ם	l/4557	HR/Ncmsc/Sp3mp	13npz
27	1	4		רָאשֵׁ֣י	7218 a	HNcmpc	13jFk
27	1	5		הָ/אָב֣וֹת	d/1	HTd/Ncmpa	13aad
27	1	6		וְ/שָׂרֵ֣י	c/8269	HC/Ncmpc	13kTe
27	1	7		הָֽ/אֲלָפִ֣ים	d/505	HTd/Acbpa	135Vw
27	1	8		וְ/הַ/מֵּא֡וֹת	c/d/3967	HC/Td/Acbpa	13GqA
27	1	9		וְ/שֹׁטְרֵי/הֶם֩	c/7860	HC/Ncmpc/Sp3mp	13Nhq
27	1	10		הַ/מְשָׁרְתִ֨ים	d/8334	HTd/Vprmpa	13LLK
27	1	11		אֶת	853	HTo	13VUz
27	1	12		הַ/מֶּ֜לֶךְ	d/4428	HTd/Ncmsa	13xTu
27	1	13		לְ/כֹ֣ל	l/3605	HR/Ncmsc	13hya
27	1	14		דְּבַ֣ר	1697	HNcmsc	13yiC
27	1	15		הַֽ/מַּחְלְק֗וֹת	d/4256	HTd/Ncfpa	13DCf
27	1	16		הַ/בָּאָ֤ה	d/935	HTd/Vqrfsa	13SHs
27	1	17		וְ/הַ/יֹּצֵאת֙	c/d/3318	HC/Td/Vqrfsa	13FE8
27	1	18		חֹ֣דֶשׁ	2320	HNcmsa	13NwY
27	1	19		בְּ/חֹ֔דֶשׁ	b/2320	HR/Ncmsa	13YtK
27	1	20		לְ/כֹ֖ל	l/3605	HR/Ncmsc	138yx
27	1	21		חָדְשֵׁ֣י	2320	HNcmpc	13CJy
27	1	22		הַ/שָּׁנָ֑ה	d/8141	HTd/Ncfsa	13shv
27	1	23		הַֽ/מַּחֲלֹ֨קֶת֙	d/4256	HTd/Ncfsa	13xJC
27	1	24		הָֽ/אַחַ֔ת	d/259	HTd/Acfsa	13XH9
27	1	25		עֶשְׂרִ֥ים	6242	HAcbpa	13kx4
27	1	26		וְ/אַרְבָּעָ֖ה	c/702	HC/Acmsa	13Qv7
27	1	27		אָֽלֶף	505	HAcbsa	135SQ
27	2	1		עַ֞ל	5921 a	HR	134Wf
27	2	2		הַ/מַּחֲלֹ֤קֶת	d/4256	HTd/Ncfsa	134P8
27	2	3		הָ/רִֽאשׁוֹנָה֙	d/7223	HTd/Aafsa	13VEq
27	2	4		לַ/חֹ֣דֶשׁ	l/2320	HRd/Ncmsa	13Lpu
27	2	5		הָ/רִאשׁ֔וֹן	d/7223	HTd/Aomsa	13nMq
27	2	6		יָֽשָׁבְעָ֖ם	3434	HNp	13tPt
27	2	7		בֶּן	1121 a	HNcmsc	13nAY
27	2	8		זַבְדִּיאֵ֑ל	2068	HNp	132iL
27	2	9		וְ/עַל֙	c/5921 a	HC/R	13t4y
27	2	10		מַֽחֲלֻקְתּ֔/וֹ	4256	HNcfsc/Sp3ms	13UF7
27	2	11		עֶשְׂרִ֥ים	6242	HAcbpa	13jvH
27	2	12		וְ/אַרְבָּעָ֖ה	c/702	HC/Acmsa	13EZh
27	2	13		אָֽלֶף	505	HAcbsa	13GNQ
27	3	1		מִן	4480 a	HR	13csG
27	3	2		בְּנֵי	1121 a	HNcmpc	13SCo
27	3	3		פֶ֗רֶץ	6557	HNp	13okV
27	3	4		הָ/רֹ֛אשׁ	d/7218 a	HTd/Ncmsa	13Paf
27	3	5		לְ/כָל	l/3605	HR/Ncmsc	13VDs
27	3	6		שָׂרֵ֥י	8269	HNcmpc	13HKK
27	3	7		הַ/צְּבָא֖וֹת	d/6635 b	HTd/Ncbpa	137Gj
27	3	8		לַ/חֹ֥דֶשׁ	l/2320	HRd/Ncmsa	13SGr
27	3	9		הָ/רִאשֽׁוֹן	d/7223	HTd/Aomsa	13uo7
27	4	1		וְ/עַ֞ל	c/5921 a	HC/R	13CVH
27	4	2		מַחֲלֹ֣קֶת	4256	HNcfsc	13syj
27	4	3		הַ/חֹ֣דֶשׁ	d/2320	HTd/Ncmsa	13o59
27	4	4		הַ/שֵּׁנִ֗י	d/8145	HTd/Aomsa	13g86
27	4	5		דּוֹדַ֤י	1737	HNp	13fvv
27	4	6		הָ/אֲחוֹחִי֙	d/266	HTd/Ngmsa	13ZbA
27	4	7		וּ/מַ֣חֲלֻקְתּ֔/וֹ	c/4256	HC/Ncfsc/Sp3ms	13SU6
27	4	8		וּ/מִקְל֖וֹת	c/4732	HC/Np	13A7F
27	4	9		הַ/נָּגִ֑יד	d/5057	HTd/Ncmsa	13qvD
27	4	10		וְ/עַל֙	c/5921 a	HC/R	1375H
27	4	11		מַחֲלֻקְתּ֔/וֹ	4256	HNcfsc/Sp3ms	13wax
27	4	12		עֶשְׂרִ֥ים	6242	HAcbpa	13zBH
27	4	13		וְ/אַרְבָּעָ֖ה	c/702	HC/Acmsa	139wJ
27	4	14		אָֽלֶף	505	HAcbsa	13gj3
27	5	1		שַׂ֣ר	8269	HNcmsc	13dJx
27	5	2		הַ/צָּבָ֤א	d/6635 a	HTd/Ncbsa	13WBR
27	5	3		הַ/שְּׁלִישִׁי֙	d/7992	HTd/Aomsa	13uB9
27	5	4		לַ/חֹ֣דֶשׁ	l/2320	HRd/Ncmsa	13UW8
27	5	5		הַ/שְּׁלִישִׁ֔י	d/7992	HTd/Aomsa	13rzJ
27	5	6		בְּנָיָ֧הוּ	1141	HNp	136Sa
27	5	7		בֶן	1121 a	HNcmsc	136Dm
27	5	8		יְהוֹיָדָ֛ע	3077	HNp	13z6r
27	5	9		הַ/כֹּהֵ֖ן	d/3548	HTd/Ncmsa	13R8k
27	5	10		רֹ֑אשׁ	7218 a	HNcmsa	13YYk
27	5	11		וְ/עַל֙	c/5921 a	HC/R	13C3M
27	5	12		מַחֲלֻקְתּ֔/וֹ	4256	HNcfsc/Sp3ms	13Yqe
27	5	13		עֶשְׂרִ֥ים	6242	HAcbpa	138UA
27	5	14		וְ/אַרְבָּעָ֖ה	c/702	HC/Acmsa	131Yr
27	5	15		אָֽלֶף	505	HAcbsa	1322K
27	6	1		ה֧וּא	1931	HPp3ms	13nkg
27	6	2		בְנָיָ֛הוּ	1141	HNp	13bfa
27	6	3		גִּבּ֥וֹר	1368	HAamsc	13kcM
27	6	4		הַ/שְּׁלֹשִׁ֖ים	d/7970	HTd/Acbpa	13xy3
27	6	5		וְ/עַל	c/5921 a	HC/R	13xFB
27	6	6		הַ/שְּׁלֹשִׁ֑ים	d/7970	HTd/Acbpa	13Xob
27	6	7		וּ/מַ֣חֲלֻקְתּ֔/וֹ	c/4256	HC/Ncfsc/Sp3ms	13q44
27	6	8		עַמִּיזָבָ֖ד	5990	HNp	13fiU
27	6	9		בְּנֽ/וֹ	1121 a	HNcmsc/Sp3ms	13U1v
27	7	1		הָֽ/רְבִיעִ֞י	d/7243	HTd/Aomsa	13uR9
27	7	2		לַ/חֹ֣דֶשׁ	l/2320	HRd/Ncmsa	13fSv
27	7	3		הָ/רְבִיעִ֗י	d/7243	HTd/Aomsa	13RW8
27	7	4		עֲשָׂה	6214+	HNp	13B4r
27	7	5		אֵל֙	6214	HNp	13qJg
27	7	6		אֲחִ֣י	251	HNcmsc	13u3u
27	7	7		יוֹאָ֔ב	3097	HNp	13Sbb
27	7	8		וּ/זְבַדְיָ֥ה	c/2069	HC/Np	13DTC
27	7	9		בְנ֖/וֹ	1121 a	HNcmsc/Sp3ms	13Z4W
27	7	10		אַחֲרָ֑י/ו	310 a	HR/Sp3ms	13ULz
27	7	11		וְ/עַל֙	c/5921 a	HC/R	13423
27	7	12		מַחֲלֻקְתּ֔/וֹ	4256	HNcfsc/Sp3ms	13x3A
27	7	13		עֶשְׂרִ֥ים	6242	HAcbpa	13uR1
27	7	14		וְ/אַרְבָּעָ֖ה	c/702	HC/Acmsa	13RBt
27	7	15		אָֽלֶף	505	HAcbsa	13sPD
27	8	1		הַ/חַמִישִׁי֙	d/2549	HTd/Aomsa	13ngQ
27	8	2		לַ/חֹ֣דֶשׁ	l/2320	HRd/Ncmsa	136FS
27	8	3		הַ/חֲמִישִׁ֔י	d/2549	HTd/Aomsa	136U7
27	8	4		הַ/שַּׂ֖ר	d/8269	HTd/Ncmsa	1375S
27	8	5		שַׁמְה֣וּת	8049	HNp	13Fo2
27	8	6		הַ/יִּזְרָ֑ח	d/3155	HTd/Ngmsa	13Cb1
27	8	7		וְ/עַל֙	c/5921 a	HC/R	13z1M
27	8	8		מַחֲלֻקְתּ֔/וֹ	4256	HNcfsc/Sp3ms	13e7f
27	8	9		עֶשְׂרִ֥ים	6242	HAcbpa	13pst
27	8	10		וְ/אַרְבָּעָ֖ה	c/702	HC/Acmsa	13THR
27	8	11		אָֽלֶף	505	HAcbsa	13aXS
27	9	1		הַ/שִּׁשִּׁי֙	d/8345	HTd/Aomsa	13JeL
27	9	2		לַ/חֹ֣דֶשׁ	l/2320	HRd/Ncmsa	13Kff
27	9	3		הַ/שִּׁשִּׁ֔י	d/8345	HTd/Aomsa	13YxZ
27	9	4		עִירָ֥א	5896	HNp	13jf2
27	9	5		בֶן	1121 a	HNcmsc	13cuN
27	9	6		עִקֵּ֖שׁ	6142	HNp	139eN
27	9	7		הַ/תְּקוֹעִ֑י	d/8621	HTd/Ngmsa	13rVU
27	9	8		וְ/עַל֙	c/5921 a	HC/R	133wq
27	9	9		מַחֲלֻקְתּ֔/וֹ	4256	HNcfsc/Sp3ms	13aNE
27	9	10		עֶשְׂרִ֥ים	6242	HAcbpa	135nE
27	9	11		וְ/אַרְבָּעָ֖ה	c/702	HC/Acmsa	134P3
27	9	12		אָֽלֶף	505	HAcbsa	132PP
27	10	1		הַ/שְּׁבִיעִי֙	d/7637	HTd/Aomsa	13nn6
27	10	2		לַ/חֹ֣דֶשׁ	l/2320	HRd/Ncmsa	13srQ
27	10	3		הַ/שְּׁבִיעִ֔י	d/7637	HTd/Aomsa	13gnL
27	10	4		חֶ֥לֶץ	2503	HNp	13u2Q
27	10	5		הַ/פְּלוֹנִ֖י	d/6397	HTd/Ngmsa	13Dcb
27	10	6		מִן	4480 a	HR	13iUb
27	10	7		בְּנֵ֣י	1121 a	HNcmpc	13oaE
27	10	8		אֶפְרָ֑יִם	669	HNp	13obW
27	10	9		וְ/עַל֙	c/5921 a	HC/R	134zD
27	10	10		מַחֲלֻקְתּ֔/וֹ	4256	HNcfsc/Sp3ms	13KUn
27	10	11		עֶשְׂרִ֥ים	6242	HAcbpa	13FxF
27	10	12		וְ/אַרְבָּעָ֖ה	c/702	HC/Acmsa	132Q3
27	10	13		אָֽלֶף	505	HAcbsa	13wuo
27	11	1		הַ/שְּׁמִינִי֙	d/8066	HTd/Aomsa	13yM6
27	11	2		לַ/חֹ֣דֶשׁ	l/2320	HRd/Ncmsa	13tm1
27	11	3		הַ/שְּׁמִינִ֔י	d/8066	HTd/Aomsa	13NiH
27	11	4		סִבְּכַ֥י	5444	HNp	13KAR
27	11	5		הַ/חֻשָׁתִ֖י	d/2843	HTd/Ngmsa	13nHu
27	11	6		לַ/זַּרְחִ֑י	l/2227	HRd/Ngmsa	13BP8
27	11	7		וְ/עַל֙	c/5921 a	HC/R	13cVb
27	11	8		מַחֲלֻקְתּ֔/וֹ	4256	HNcfsc/Sp3ms	1363a
27	11	9		עֶשְׂרִ֥ים	6242	HAcbpa	13jqf
27	11	10		וְ/אַרְבָּעָ֖ה	c/702	HC/Acmsa	13b3r
27	11	11		אָֽלֶף	505	HAcbsa	13GuX
27	12	1		הַ/תְּשִׁיעִי֙	d/8671	HTd/Aomsa	13gg9
27	12	2		לַ/חֹ֣דֶשׁ	l/2320	HRd/Ncmsa	13oR8
27	12	3		הַ/תְּשִׁיעִ֔י	d/8671	HTd/Aomsa	13j2Y
27	12	4		אֲבִיעֶ֥זֶר	44	HNp	13dHk
27	12	5		הָ/עַנְּתֹתִ֖י	d/6069	HTd/Ngmsa	13ydd
27	12	6	x-ketiv	ל/בנימיני	l/1145	HRd/Ngmsa	13kL7
27	12	7		לַ/בֵּ֣ן	l/1121 a	HRd/Ngmsa	13mHz
27	12	8		יְמִינִ֑י	3227	HNgmsa	13Eb6
27	12	9		וְ/עַל֙	c/5921 a	HC/R	13EtY
27	12	10		מַחֲלֻקְתּ֔/וֹ	4256	HNcfsc/Sp3ms	13Q7b
27	12	11		עֶשְׂרִ֥ים	6242	HAcbpa	13Cpc
27	12	12		וְ/אַרְבָּעָ֖ה	c/702	HC/Acmsa	13PyF
27	12	13		אָֽלֶף	505	HAcbsa	13h7X
27	13	1		הָ/עֲשִׂירִי֙	d/6224	HTd/Aomsa	139bc
27	13	2		לַ/חֹ֣דֶשׁ	l/2320	HRd/Ncmsa	13fXq
27	13	3		הָ/עֲשִׂירִ֔י	d/6224	HTd/Aomsa	13eqC
27	13	4		מַהְרַ֥י	4121	HNp	13ya6
27	13	5		הַ/נְּטֽוֹפָתִ֖י	d/5200	HTd/Ngmsa	13vRc
27	13	6		לַ/זַּרְחִ֑י	l/2227	HRd/Ngmsa	13kYz
27	13	7		וְ/עַל֙	c/5921 a	HC/R	137v5
27	13	8		מַֽחֲלֻקְתּ֔/וֹ	4256	HNcfsc/Sp3ms	13iKp
27	13	9		עֶשְׂרִ֥ים	6242	HAcbpa	132WG
27	13	10		וְ/אַרְבָּעָ֖ה	c/702	HC/Acmsa	137mg
27	13	11		אָֽלֶף	505	HAcbsa	133Sf
27	14	1		עַשְׁתֵּֽי	6249	HAobpc	13CwR
27	14	2		עָשָׂר֙	6240	HAcmsa	13S6e
27	14	3		לְ/עַשְׁתֵּ֣י	l/6249	HR/Aobpc	13dmo
27	14	4		עָשָׂ֣ר	6240	HAcmsa	135zx
27	14	5		הַ/חֹ֔דֶשׁ	d/2320	HTd/Ncmsa	13PLr
27	14	6		בְּנָיָ֥ה	1141	HNp	13Ykn
27	14	7		הַ/פִּרְעָתוֹנִ֖י	d/6553	HTd/Ngmsa	13fNQ
27	14	8		מִן	4480 a	HR	13yf8
27	14	9		בְּנֵ֣י	1121 a	HNcmpc	13127
27	14	10		אֶפְרָ֑יִם	669	HNp	13wA6
27	14	11		וְ/עַל֙	c/5921 a	HC/R	131Xd
27	14	12		מַחֲלֻקְתּ֔/וֹ	4256	HNcfsc/Sp3ms	13t1J
27	14	13		עֶשְׂרִ֥ים	6242	HAcbpa	13vAz
27	14	14		וְ/אַרְבָּעָ֖ה	c/702	HC/Acmsa	1379S
27	14	15		אָֽלֶף	505	HAcbsa	13qij
27	15	1		הַ/שְּׁנֵ֤ים	d/8147	HTd/Acmda	13nzF
27	15	2		עָשָׂר֙	6240	HAcmsa	13bme
27	15	3		לִ/שְׁנֵ֣ים	l/8147	HR/Acmda	138Bh
27	15	4		עָשָׂ֣ר	6240	HAcmsa	13vZf
27	15	5		הַ/חֹ֔דֶשׁ	d/2320	HTd/Ncmsa	13B7r
27	15	6		חֶלְדַּ֥י	2469	HNp	13AD6
27	15	7		הַ/נְּטוֹפָתִ֖י	d/5200	HTd/Ngmsa	1395X
27	15	8		לְ/עָתְנִיאֵ֑ל	l/6274	HR/Np	13HLu
27	15	9		וְ/עַל֙	c/5921 a	HC/R	13cmp
27	15	10		מַחֲלֻקְתּ֔/וֹ	4256	HNcfsc/Sp3ms	13zaG
27	15	11		עֶשְׂרִ֥ים	6242	HAcbpa	13zG6
27	15	12		וְ/אַרְבָּעָ֖ה	c/702	HC/Acmsa	13xpy
27	15	13		אָֽלֶף	505	HAcbsa	13QQj
27	16	1		וְ/עַל֙	c/5921 a	HC/R	13fPe
27	16	2		שִׁבְטֵ֣י	7626	HNcmpc	13Rk4
27	16	3		יִשְׂרָאֵ֔ל	3478	HNp	13m8F
27	16	4		לָ/רֽאוּבֵנִ֣י	l/7206	HRd/Ngmsa	13XSc
27	16	5		נָגִ֔יד	5057	HNcmsa	135qi
27	16	6		אֱלִיעֶ֖זֶר	461	HNp	139bH
27	16	7		בֶּן	1121 a	HNcmsc	13BJ3
27	16	8		זִכְרִ֑י	2147	HNp	13ivp
27	16	9		לַ/שִּׁ֨מְעוֹנִ֔י	l/8099	HRd/Ngmsa	13KFK
27	16	10		שְׁפַטְיָ֖הוּ	8203	HNp	13Ssv
27	16	11		בֶּֽן	1121 a	HNcmsc	138SP
27	16	12		מַעֲכָֽה	4601	HNp	13mJF
27	17	1		לְ/לֵוִ֛י	l/3881	HR/Np	13LUU
27	17	2		חֲשַׁבְיָ֥ה	2811	HNp	13AxS
27	17	3		בֶן	1121 a	HNcmsc	13GNx
27	17	4		קְמוּאֵ֖ל	7055	HNp	13Aue
27	17	5		לְ/אַהֲרֹ֥ן	l/175	HR/Np	13BXp
27	17	6		צָדֽוֹק	6659	HNp	13Jzb
27	18	1		לִֽ/יהוּדָ֕ה	l/3063	HR/Np	1343V
27	18	2		אֱלִיה֖וּ	453	HNp	13oXA
27	18	3		מֵ/אֲחֵ֣י	m/251	HR/Ncmpc	132vn
27	18	4		דָוִ֑יד	1732	HNp	13uUg
27	18	5		לְ/יִ֨שָׂשכָ֔ר	l/3485	HR/Np	13Rdv
27	18	6		עָמְרִ֖י	6018	HNp	13gWa
27	18	7		בֶּן	1121 a	HNcmsc	13FNo
27	18	8		מִיכָאֵֽל	4317	HNp	135HU
27	19	1		לִ/זְבוּלֻ֕ן	l/2074	HR/Np	13Lsb
27	19	2		יִֽשְׁמַֽעְיָ֖הוּ	3460	HNp	13giK
27	19	3		בֶּן	1121 a	HNcmsc	13XTv
27	19	4		עֹבַדְיָ֑הוּ	5662	HNp	13tEP
27	19	5		לְ/נַ֨פְתָּלִ֔י	l/5321	HR/Np	1362a
27	19	6		יְרִימ֖וֹת	3406	HNp	1311V
27	19	7		בֶּן	1121 a	HNcmsc	13JY8
27	19	8		עַזְרִיאֵֽל	5837	HNp	13mpW
27	20	1		לִ/בְנֵ֣י	l/1121 a	HR/Ncmpc	13Dzw
27	20	2		אֶפְרַ֔יִם	669	HNp	13VdU
27	20	3		הוֹשֵׁ֖עַ	1954	HNp	13vhf
27	20	4		בֶּן	1121 a	HNcmsc	13Ywb
27	20	5		עֲזַזְיָ֑הוּ	5812	HNp	133qC
27	20	6		לַ/חֲצִי֙	l/2677	HR/Ncmsc	13Dxs
27	20	7		שֵׁ֣בֶט	7626	HNcmsc	13G7M
27	20	8		מְנַשֶּׁ֔ה	4519	HNp	131Mo
27	20	9		יוֹאֵ֖ל	3100	HNp	13DKw
27	20	10		בֶּן	1121 a	HNcmsc	13JzG
27	20	11		פְּדָיָֽהוּ	6305	HNp	137iD
27	21	1		לַ/חֲצִ֤י	l/2677	HR/Ncmsc	13vN5
27	21	2		הַֽ/מְנַשֶּׁה֙	d/4519	HTd/Np	13r2K
27	21	3		גִּלְעָ֔דָ/ה	1568	HNp/Sd	13dfs
27	21	4		יִדּ֖וֹ	3035	HNp	13EtH
27	21	5		בֶּן	1121 a	HNcmsc	135KR
27	21	6		זְכַרְיָ֑הוּ	2148 a	HNp	13rum
27	21	7		לְ/בִנְיָמִ֔ן	l/1144	HR/Np	13R73
27	21	8		יַעֲשִׂיאֵ֖ל	3300	HNp	13r8Z
27	21	9		בֶּן	1121 a	HNcmsc	13Fzq
27	21	10		אַבְנֵֽר	74	HNp	13gPK
27	22	1		לְ/דָ֕ן	l/1835	HR/Np	13K8b
27	22	2		עֲזַרְאֵ֖ל	5832	HNp	13bBS
27	22	3		בֶּן	1121 a	HNcmsc	13rPV
27	22	4		יְרֹחָ֑ם	3395	HNp	13tM6
27	22	5		אֵ֕לֶּה	428	HPdxcp	13HQy
27	22	6		שָׂרֵ֖י	8269	HNcmpc	13N4G
27	22	7		שִׁבְטֵ֥י	7626	HNcmpc	13BMM
27	22	8		יִשְׂרָאֵֽל	3478	HNp	13rhp
27	23	1		וְ/לֹא	c/3808	HC/Tn	13vtD
27	23	2		נָשָׂ֤א	5375	HVqp3ms	13JWe
27	23	3		דָוִיד֙	1732	HNp	13CZN
27	23	4		מִסְפָּרָ֔/ם	4557	HNcmsc/Sp3mp	13Yh5
27	23	5		לְ/מִ/בֶּ֛ן	l/m/1121 a	HR/R/Ncmsc	13CBW
27	23	6		עֶשְׂרִ֥ים	6242	HAcbpa	13Xsp
27	23	7		שָׁנָ֖ה	8141	HNcfsa	133JX
27	23	8		וּ/לְ/מָ֑טָּה	c/l/4295	HC/R/D	13EbA
27	23	9		כִּ֚י	3588 a	HC	13obf
27	23	10		אָמַ֣ר	559	HVqp3ms	13YzW
27	23	11		יְהוָ֔ה	3068	HNp	13FaA
27	23	12		לְ/הַרְבּ֥וֹת	l/7235 a	HR/Vhc	13E6Y
27	23	13		אֶת	853	HTo	13twK
27	23	14		יִשְׂרָאֵ֖ל	3478	HNp	13xXA
27	23	15		כְּ/כוֹכְבֵ֥י	k/3556	HR/Ncmpc	13BZb
27	23	16		הַ/שָּׁמָֽיִם	d/8064	HTd/Ncmpa	13gs8
27	24	1		יוֹאָ֨ב	3097	HNp	135eB
27	24	2		בֶּן	1121 a	HNcmsc	134Zt
27	24	3		צְרוּיָ֜ה	6870	HNp	13kPr
27	24	4		הֵחֵ֤ל	2490 c	HVhp3ms	13Z6v
27	24	5		לִ/מְנוֹת֙	l/4487	HR/Vqc	13M9m
27	24	6		וְ/לֹ֣א	c/3808	HC/Tn	139fx
27	24	7		כִלָּ֔ה	3615	HVpp3ms	134gn
27	24	8		וַ/יְהִ֥י	c/1961	HC/Vqw3ms	13Uvg
27	24	9		בָ/זֹ֛את	b/2063	HR/Pdxfs	13boM
27	24	10		קֶ֖צֶף	7110 a	HNcmsa	13Dza
27	24	11		עַל	5921 a	HR	13X3B
27	24	12		יִשְׂרָאֵ֑ל	3478	HNp	13St2
27	24	13		וְ/לֹ֤א	c/3808	HC/Tn	13VKr
27	24	14		עָלָה֙	5927	HVqp3ms	13Pjg
27	24	15		הַ/מִּסְפָּ֔ר	d/4557	HTd/Ncmsa	13wJx
27	24	16		בְּ/מִסְפַּ֥ר	b/4557	HR/Ncmsc	133y6
27	24	17		דִּבְרֵֽי	1697	HNcmpc	13xas
27	24	18		הַ/יָּמִ֖ים	d/3117	HTd/Ncmpa	13K2P
27	24	19		לַ/מֶּ֥לֶךְ	l/4428	HRd/Ncmsa	13jRn
27	24	20		דָּוִֽיד	1732	HNp	13QrB
27	25	1		וְ/עַל֙	c/5921 a	HC/R	13rc3
27	25	2		אֹצְר֣וֹת	214	HNcmpc	13ZuC
27	25	3		הַ/מֶּ֔לֶךְ	d/4428	HTd/Ncmsa	13ftE
27	25	4		עַזְמָ֖וֶת	5820	HNp	13gXP
27	25	5		בֶּן	1121 a	HNcmsc	138oS
27	25	6		עֲדִיאֵ֑ל	5717	HNp	135jD
27	25	7		וְ/עַ֣ל	c/5921 a	HC/R	13nts
27	25	8		הָֽ/אֹצָר֡וֹת	d/214	HTd/Ncmpa	13LBK
27	25	9		בַּ/שָּׂדֶ֞ה	b/7704 b	HRd/Ncmsa	13QAB
27	25	10		בֶּ/עָרִ֤ים	b/5892 b	HRd/Ncfpa	13Bjt
27	25	11		וּ/בַ/כְּפָרִים֙	c/b/3723	HC/Rd/Ncmpa	134H2
27	25	12		וּ/בַ/מִּגְדָּל֔וֹת	c/b/4026	HC/Rd/Ncbpa	13MmJ
27	25	13		יְהוֹנָתָ֖ן	3083	HNp	13rWR
27	25	14		בֶּן	1121 a	HNcmsc	13EVJ
27	25	15		עֻזִּיָּֽהוּ	5818	HNp	137Kc
27	26	1		וְ/עַ֗ל	c/5921 a	HC/R	13Wij
27	26	2		עֹשֵׂי֙	6213 a	HVqrmpc	13DSB
27	26	3		מְלֶ֣אכֶת	4399	HNcfsc	13oAR
27	26	4		הַ/שָּׂדֶ֔ה	d/7704 b	HTd/Ncmsa	13Pib
27	26	5		לַ/עֲבֹדַ֖ת	l/5656	HR/Ncfsc	131aY
27	26	6		הָ/אֲדָמָ֑ה	d/127	HTd/Ncfsa	132Mj
27	26	7		עֶזְרִ֖י	5836	HNp	13YVq
27	26	8		בֶּן	1121 a	HNcmsc	13r5m
27	26	9		כְּלֽוּב	3620	HNp	132oJ
27	27	1		וְ/עַל	c/5921 a	HC/R	13Ev1
27	27	2		הַ֨/כְּרָמִ֔ים	d/3754	HTd/Ncbpa	1398F
27	27	3		שִׁמְעִ֖י	8096	HNp	1374y
27	27	4		הָ/רָֽמָתִ֑י	d/7435	HTd/Ngmsa	1352H
27	27	5		וְ/עַ֤ל	c/5921 a	HC/R	13xAC
27	27	6		שֶׁ/בַּ/כְּרָמִים֙	s/b/3754	HTr/Rd/Ncbpa	138JG
27	27	7		לְ/אֹצְר֣וֹת	l/214	HR/Ncmpc	13nzC
27	27	8		הַ/יַּ֔יִן	d/3196	HTd/Ncmsa	13nLz
27	27	9		זַבְדִּ֖י	2067	HNp	13yHH
27	27	10		הַ/שִּׁפְמִֽי	d/8225	HTd/Ngmsa	137my
27	28	1		וְ/עַל	c/5921 a	HC/R	13t1k
27	28	2		הַ/זֵּיתִ֤ים	d/2132	HTd/Ncmpa	13YQA
27	28	3		וְ/הַ/שִּׁקְמִים֙	c/d/8256	HC/Td/Ncfpa	13b5H
27	28	4		אֲשֶׁ֣ר	834 a	HTr	13G7D
27	28	5		בַּ/שְּׁפֵלָ֔ה	b/8219	HRd/Ncfsa	13wAJ
27	28	6		בַּ֥עַל	1177+	HNp	13oje
27	28	7		חָנָ֖ן	1177	HNp	13fWJ
27	28	8		הַ/גְּדֵרִ֑י	d/1451	HTd/Ngmsa	13fpQ
27	28	9		וְ/עַל	c/5921 a	HC/R	13Ygv
27	28	10		אֹצְר֥וֹת	214	HNcmpc	13Nge
27	28	11		הַ/שֶּׁ֖מֶן	d/8081	HTd/Ncmsa	13Yp9
27	28	12		יוֹעָֽשׁ	3135	HNp	13wLi
27	29	1		וְ/עַל	c/5921 a	HC/R	1388S
27	29	2		הַ/בָּקָר֙	d/1241	HTd/Ncbsa	13KAU
27	29	3		הָ/רֹעִ֣ים	d/7462 b	HTd/Vqrmpa	13Xxi
27	29	4		בַּ/שָּׁר֔וֹן	b/8289	HRd/Np	13xb7
27	29	5	x-ketiv	שטרי	7861	HNp	13DtU
27	29	6		שִׁרְטַ֖י	7861	HNp	13poL
27	29	7		הַ/שָּׁרוֹנִ֑י	d/8290	HTd/Ngmsa	13KEx
27	29	8		וְ/עַל	c/5921 a	HC/R	13YMD
27	29	9		הַ/בָּקָר֙	d/1241	HTd/Ncbsa	13TF6
27	29	10		בָּֽ/עֲמָקִ֔ים	b/6010	HRd/Ncmpa	13YB7
27	29	11		שָׁפָ֖ט	8202	HNp	13hR3
27	29	12		בֶּן	1121 a	HNcmsc	13kGQ
27	29	13		עַדְלָֽי	5724	HNp	13jYh
27	30	1		וְ/עַל	c/5921 a	HC/R	13jtu
27	30	2		הַ֨/גְּמַלִּ֔ים	d/1581	HTd/Ncmpa	13EBN
27	30	3		אוֹבִ֖יל	179	HNp	13PYi
27	30	4		הַ/יִּשְׁמְעֵלִ֑י	d/3459	HTd/Ngmsa	13KSQ
27	30	5		וְ/עַל	c/5921 a	HC/R	13yN8
27	30	6		הָ֣/אֲתֹנ֔וֹת	d/860	HTd/Ncfpa	13AVR
27	30	7		יֶחְדְּיָ֖הוּ	3165	HNp	13fjn
27	30	8		הַ/מֵּרֹנֹתִֽי	d/4824	HTd/Ngmsa	13CTb
27	31	1		וְ/עַל	c/5921 a	HC/R	13k9N
27	31	2		הַ/צֹּ֖אן	d/6629	HTd/Ncbsa	131M5
27	31	3		יָזִ֣יז	3151	HNp	13Mcv
27	31	4		הַֽ/הַגְרִ֑י	d/1905	HTd/Ngmsa	13Jkx
27	31	5		כָּל	3605	HNcmsc	13bzS
27	31	6		אֵ֨לֶּה֙	428	HPdxcp	13VrM
27	31	7		שָׂרֵ֣י	8269	HNcmpc	13TCd
27	31	8		הָ/רְכ֔וּשׁ	d/7399	HTd/Ncmsa	13acR
27	31	9		אֲשֶׁ֖ר	834 a	HTr	1388f
27	31	10		לַ/מֶּ֥לֶךְ	l/4428	HRd/Ncmsa	13zKH
27	31	11		דָּוִֽיד	1732	HNp	13EkC
27	32	1		וִֽ/יהוֹנָתָ֤ן	c/3083	HC/Np	13XXd
27	32	2		דּוֹד	1730	HNcmsc	13v2Y
27	32	3		דָּוִיד֙	1732	HNp	13w1p
27	32	4		יוֹעֵ֔ץ	3289	HVqrmsa	13MPM
27	32	5		אִישׁ	376	HNcmsc	13TLb
27	32	6		מֵבִ֥ין	995	HVhrmsa	13hPU
27	32	7		וְ/סוֹפֵ֖ר	c/5608 b	HC/Ncmsa	13Qrn
27	32	8		ה֑וּא	1931	HPp3ms	13ttx
27	32	9		וִֽ/יחִיאֵ֥ל	c/3171	HC/Np	13izd
27	32	10		בֶּן	1121 a	HNcmsc	13GNT
27	32	11		חַכְמוֹנִ֖י	2453	HNp	13BW1
27	32	12		עִם	5973 a	HR	13XHh
27	32	13		בְּנֵ֥י	1121 a	HNcmpc	13d51
27	32	14		הַ/מֶּֽלֶךְ	d/4428	HTd/Ncmsa	13M9Z
27	33	1		וַ/אֲחִיתֹ֖פֶל	c/302	HC/Np	13EZY
27	33	2		יוֹעֵ֣ץ	3289	HVqrmsa	13zaH
27	33	3		לַ/מֶּ֑לֶךְ	l/4428	HRd/Ncmsa	13tqU
27	33	4		וְ/חוּשַׁ֥י	c/2365	HC/Np	13sL7
27	33	5		הָ/אַרְכִּ֖י	d/757	HTd/Ngmsa	1362z
27	33	6		רֵ֥עַ	7453	HNcmsc	13p4B
27	33	7		הַ/מֶּֽלֶךְ	d/4428	HTd/Ncmsa	13QVp
27	34	1		וְ/אַחֲרֵ֣י	c/310 a	HC/R	13ERj
27	34	2		אֲחִיתֹ֗פֶל	302	HNp	13zLy
27	34	3		יְהוֹיָדָ֤ע	3077	HNp	131Qm
27	34	4		בֶּן	1121 a	HNcmsc	13PWq
27	34	5		בְּנָיָ֨הוּ֙	1141	HNp	13tdk
27	34	6		וְ/אֶבְיָתָ֔ר	c/54	HC/Np	13jqe
27	34	7		וְ/שַׂר	c/8269	HC/Ncmsc	13heh
27	34	8		צָבָ֥א	6635 a	HNcbsa	13mnk
27	34	9		לַ/מֶּ֖לֶךְ	l/4428	HRd/Ncmsa	13GDi
27	34	10		יוֹאָֽב	3097	HNp	134kY
28	1	1		וַ/יַּקְהֵ֣ל	c/6950	HC/Vhw3ms	13SP6
28	1	2		דָּוִ֣יד	1732	HNp	13Uf2
28	1	3		אֶת	853	HTo	132yh
28	1	4		כָּל	3605	HNcmsc	13b44
28	1	5		שָׂרֵ֣י	8269	HNcmpc	13T19
28	1	6		יִשְׂרָאֵ֡ל	3478	HNp	13h46
28	1	7		שָׂרֵ֣י	8269	HNcmpc	13SrF
28	1	8		הַ/שְּׁבָטִ֣ים	d/7626	HTd/Ncmpa	13qdx
28	1	9		וְ/שָׂרֵ֣י	c/8269	HC/Ncmpc	13Wbq
28	1	10		הַ/מַּחְלְק֣וֹת	d/4256	HTd/Ncfpa	131Ku
28	1	11		הַ/מְשָׁרְתִ֪ים	d/8334	HTd/Vprmpa	13g1S
28	1	12		אֶת	853	HTo	137SA
28	1	13		הַ/מֶּ֟לֶךְ	d/4428	HTd/Ncmsa	132Q5
28	1	14		וְ/שָׂרֵ֣י	c/8269	HC/Ncmpc	13rRg
28	1	15		הָ/אֲלָפִ֣ים	d/505	HTd/Acbpa	13rGq
28	1	16		וְ/שָׂרֵ֣י	c/8269	HC/Ncmpc	13JHg
28	1	17		הַ/מֵּא֡וֹת	d/3967	HTd/Acbpa	13Qew
28	1	18		וְ/שָׂרֵ֣י	c/8269	HC/Ncmpc	13anf
28	1	19		כָל	3605	HNcmsc	13J27
28	1	20		רְכוּשׁ	7399	HNcmsa	13NmU
28	1	21		וּ/מִקְנֶה֩	c/4735	HC/Ncmsa	13h9C
28	1	22		לַ/מֶּ֨לֶךְ	l/4428	HRd/Ncmsa	13GDr
28	1	23		וּ/לְ/בָנָ֜י/ו	c/l/1121 a	HC/R/Ncmpc/Sp3ms	13vF8
28	1	24		עִם	5973 a	HR	13DVe
28	1	25		הַ/סָּרִיסִ֧ים	d/5631	HTd/Ncmpa	13E3T
28	1	26		וְ/הַ/גִּבּוֹרִ֛ים	c/d/1368	HC/Td/Aampa	137v8
28	1	27		וּֽ/לְ/כָל	c/l/3605	HC/R/Ncmsc	13HxH
28	1	28		גִּבּ֥וֹר	1368	HAamsc	13F8P
28	1	29		חָ֖יִל	2428	HNcmsa	133Ed
28	1	30		אֶל	413	HR	13km3
28	1	31		יְרוּשָׁלִָֽם	3389	HNp	13xjC
28	2	1		וַ/יָּ֨קָם	c/6965 b	HC/Vqw3ms	13qun
28	2	2		דָּוִ֤יד	1732	HNp	135kJ
28	2	3		הַ/מֶּ֨לֶךְ֙	d/4428	HTd/Ncmsa	13ezp
28	2	4		עַל	5921 a	HR	13sfU
28	2	5		רַגְלָ֔י/ו	7272	HNcfdc/Sp3ms	13RQw
28	2	6		וַ/יֹּ֕אמֶר	c/559	HC/Vqw3ms	13FDq
28	2	7		שְׁמָע֖וּ/נִי	8085	HVqv2mp/Sp1cs	13vbV
28	2	8		אַחַ֣/י	251	HNcmpc/Sp1cs	13dtZ
28	2	9		וְ/עַמִּ֑/י	c/5971 a	HC/Ncmsc/Sp1cs	13oGC
28	2	10		אֲנִ֣י	589	HPp1cs	13zVE
28	2	11		עִם	5973 a	HR	1363D
28	2	12		לְבָבִ֡/י	3824	HNcmsc/Sp1cs	13aVU
28	2	13		לִ/בְנוֹת֩	l/1129	HR/Vqc	13RiQ
28	2	14		בֵּ֨ית	1004 b	HNcmsc	13A4d
28	2	15		מְנוּחָ֜ה	4496	HNcbsa	139G4
28	2	16		לַ/אֲר֣וֹן	l/727	HR/Ncbsc	13vJQ
28	2	17		בְּרִית	1285	HNcfsc	13Svx
28	2	18		יְהוָ֗ה	3068	HNp	13fdR
28	2	19		וְ/לַ/הֲדֹם֙	c/l/1916	HC/R/Ncmsc	13QnD
28	2	20		רַגְלֵ֣י	7272	HNcfdc	13Np6
28	2	21		אֱלֹהֵ֔י/נוּ	430	HNcmpc/Sp1cp	139D7
28	2	22		וַ/הֲכִינ֖וֹתִי	c/3559 a	HC/Vhp1cs	13Zzo
28	2	23		לִ/בְנֽוֹת	l/1129	HR/Vqc	13kr3
28	3	1		וְ/הָ/אֱלֹהִים֙	c/d/430	HC/Td/Ncmpa	13wiP
28	3	2		אָ֣מַר	559	HVqp3ms	13MA8
28	3	3		לִ֔/י	l	HR/Sp1cs	13DTM
28	3	4		לֹא	3808	HTn	13pcc
28	3	5		תִבְנֶ֥ה	1129	HVqi2ms	13HG2
28	3	6		בַ֖יִת	1004 b	HNcmsa	13A13
28	3	7		לִ/שְׁמִ֑/י	l/8034	HR/Ncmsc/Sp1cs	13vHy
28	3	8		כִּ֣י	3588 a	HC	13717
28	3	9		אִ֧ישׁ	376	HNcmsc	13k6g
28	3	10		מִלְחָמ֛וֹת	4421	HNcfpa	13eGQ
28	3	11		אַ֖תָּה	859 a	HPp2ms	13Pk7
28	3	12		וְ/דָמִ֥ים	c/1818	HC/Ncmpa	13R3Z
28	3	13		שָׁפָֽכְתָּ	8210	HVqp2ms	13Ky7
28	4	1		וַ/יִּבְחַ֡ר	c/977	HC/Vqw3ms	137pW
28	4	2		יְהוָ֣ה	3068	HNp	13ubK
28	4	3		אֱלֹהֵי֩	430	HNcmpc	13weN
28	4	4		יִשְׂרָאֵ֨ל	3478	HNp	13oFq
28	4	5		בִּ֜/י	b	HR/Sp1cs	13pDi
28	4	6		מִ/כֹּ֣ל	m/3605	HR/Ncmsc	13NHC
28	4	7		בֵּית	1004 b	HNcmsc	136Cr
28	4	8		אָבִ֗/י	1	HNcmsc/Sp1cs	13NUj
28	4	9		לִ/הְי֨וֹת	l/1961	HR/Vqc	13PJg
28	4	10		לְ/מֶ֤לֶךְ	l/4428	HR/Ncmsa	13E7S
28	4	11		עַל	5921 a	HR	13KKi
28	4	12		יִשְׂרָאֵל֙	3478	HNp	13uCx
28	4	13		לְ/עוֹלָ֔ם	l/5769	HR/Ncmsa	13K9C
28	4	14		כִּ֤י	3588 a	HC	13nZx
28	4	15		בִֽ/יהוּדָה֙	b/3063	HR/Np	13KVG
28	4	16		בָּחַ֣ר	977	HVqp3ms	13gtm
28	4	17		לְ/נָגִ֔יד	l/5057	HR/Ncmsa	13KY7
28	4	18		וּ/בְ/בֵ֥ית	c/b/1004 b	HC/R/Ncmsc	13uJV
28	4	19		יְהוּדָ֖ה	3063	HNp	13EYJ
28	4	20		בֵּ֣ית	1004 b	HNcmsc	13fzq
28	4	21		אָבִ֑/י	1	HNcmsc/Sp1cs	13Zpp
28	4	22		וּ/בִ/בְנֵ֣י	c/b/1121 a	HC/R/Ncmpc	13GvP
28	4	23		אָבִ֔/י	1	HNcmsc/Sp1cs	13xb5
28	4	24		בִּ֣/י	b	HR/Sp1cs	13xSy
28	4	25		רָצָ֔ה	7521	HVqp3ms	13z29
28	4	26		לְ/הַמְלִ֖יךְ	l/4427 a	HR/Vhc	136ip
28	4	27		עַל	5921 a	HR	13Dv2
28	4	28		כָּל	3605	HNcmsc	13GCo
28	4	29		יִשְׂרָאֵֽל	3478	HNp	13tFN
28	5	1		וּ/מִ/כָּ֨ל	c/m/3605	HC/R/Ncmsc	13pf3
28	5	2		בָּנַ֔/י	1121 a	HNcmpc/Sp1cs	139LD
28	5	3		כִּ֚י	3588 a	HC	13MnJ
28	5	4		רַבִּ֣ים	7227 a	HAampa	13a4D
28	5	5		בָּנִ֔ים	1121 a	HNcmpa	13yxF
28	5	6		נָ֥תַן	5414	HVqp3ms	13Rb8
28	5	7		לִ֖/י	l	HR/Sp1cs	13CN5
28	5	8		יְהוָ֑ה	3068	HNp	13u25
28	5	9		וַ/יִּבְחַר֙	c/977	HC/Vqw3ms	13qSq
28	5	10		בִּ/שְׁלֹמֹ֣ה	b/8010	HR/Np	13AMc
28	5	11		בְנִ֔/י	1121 a	HNcmsc/Sp1cs	13Adu
28	5	12		לָ/שֶׁ֗בֶת	l/3427	HR/Vqc	13sh6
28	5	13		עַל	5921 a	HR	13Az8
28	5	14		כִּסֵּ֛א	3678	HNcmsc	13z7z
28	5	15		מַלְכ֥וּת	4438	HNcfsc	13Gyr
28	5	16		יְהוָ֖ה	3068	HNp	139AQ
28	5	17		עַל	5921 a	HR	13FMj
28	5	18		יִשְׂרָאֵֽל	3478	HNp	13VET
28	6	1		וַ/יֹּ֣אמֶר	c/559	HC/Vqw3ms	13pwL
28	6	2		לִ֔/י	l	HR/Sp1cs	13Ap2
28	6	3		שְׁלֹמֹ֣ה	8010	HNp	13ZZu
28	6	4		בִנְ/ךָ֔	1121 a	HNcmsc/Sp2ms	13Gw5
28	6	5		הֽוּא	1931	HPp3ms	134uN
28	6	6		יִבְנֶ֥ה	1129	HVqi3ms	13Tau
28	6	7		בֵיתִ֖/י	1004 b	HNcmsc/Sp1cs	13tv5
28	6	8		וַ/חֲצֵרוֹתָ֑/י	c/2691 a	HC/Ncbpc/Sp1cs	13zV6
28	6	9		כִּי	3588 a	HC	13DF1
28	6	10		בָחַ֨רְתִּי	977	HVqp1cs	13UwN
28	6	11		ב֥/וֹ	b	HR/Sp3ms	13wi6
28	6	12		לִ/י֙	l	HR/Sp1cs	13p3S
28	6	13		לְ/בֵ֔ן	l/1121 a	HR/Ncmsa	13eBV
28	6	14		וַ/אֲנִ֖י	c/589	HC/Pp1cs	13xzL
28	6	15		אֶֽהְיֶה	1961	HVqi1cs	13khJ
28	6	16		לּ֥/וֹ	l	HR/Sp3ms	13ftY
28	6	17		לְ/אָֽב	l/1	HR/Ncmsa	13opc
28	7	1		וַ/הֲכִינוֹתִ֥י	c/3559 a	HC/Vhq1cs	13oMo
28	7	2		אֶת	853	HTo	13dqs
28	7	3		מַלְכוּת֖/וֹ	4438	HNcfsc/Sp3ms	134Bp
28	7	4		עַד	5704	HR	13G2P
28	7	5		לְ/עוֹלָ֑ם	l/5769	HR/Ncmsa	1316d
28	7	6		אִם	518 a	HC	134RU
28	7	7		יֶחֱזַ֗ק	2388	HVqi3ms	13uUK
28	7	8		לַ/עֲשׂ֛וֹת	l/6213 a	HR/Vqc	13Tyx
28	7	9		מִצְוֺתַ֥/י	4687	HNcfpc/Sp1cs	13eU2
28	7	10		וּ/מִשְׁפָּטַ֖/י	c/4941	HC/Ncmpc/Sp1cs	13CCe
28	7	11		כַּ/יּ֥וֹם	k/3117	HRd/Ncmsa	13fFD
28	7	12		הַ/זֶּֽה	d/2088	HTd/Pdxms	13dpH
28	8	1		וְ֠/עַתָּה	c/6258	HC/D	13wBW
28	8	2		לְ/עֵינֵ֨י	l/5869 a	HR/Ncbdc	13JYr
28	8	3		כָל	3605	HNcmsc	13hNG
28	8	4		יִשְׂרָאֵ֤ל	3478	HNp	13tbb
28	8	5		קְהַל	6951	HNcmsc	13Ve8
28	8	6		יְהוָה֙	3068	HNp	13qLd
28	8	7		וּ/בְ/אָזְנֵ֣י	c/b/241	HC/R/Ncfdc	137Jc
28	8	8		אֱלֹהֵ֔י/נוּ	430	HNcmpc/Sp1cp	13p5E
28	8	9		שִׁמְר֣וּ	8104	HVqv2mp	138nB
28	8	10		וְ/דִרְשׁ֔וּ	c/1875	HC/Vqv2mp	13EvJ
28	8	11		כָּל	3605	HNcmsc	1347G
28	8	12		מִצְוֺ֖ת	4687	HNcfpc	13QcW
28	8	13		יְהוָ֣ה	3068	HNp	13TMj
28	8	14		אֱלֹהֵי/כֶ֑ם	430	HNcmpc/Sp2mp	13g4h
28	8	15		לְמַ֤עַן	4616	HR	13NYF
28	8	16		תִּֽירְשׁוּ֙	3423	HVqi2mp	139MF
28	8	17		אֶת	853	HTo	13WTP
28	8	18		הָ/אָ֣רֶץ	d/776	HTd/Ncbsa	13Fx8
28	8	19		הַ/טּוֹבָ֔ה	d/2896 a	HTd/Aafsa	13LH8
28	8	20		וְ/הִנְחַלְתֶּ֛ם	c/5157	HC/Vhq2mp	13ZZJ
28	8	21		לִ/בְנֵי/כֶ֥ם	l/1121 a	HR/Ncmpc/Sp2mp	134Mw
28	8	22		אַחֲרֵי/כֶ֖ם	310 a	HR/Sp2mp	13VZW
28	8	23		עַד	5704	HR	139Qr
28	8	24		עוֹלָֽם	5769	HNcmsa	13x8X
28	9	1		וְ/אַתָּ֣ה	c/859 a	HC/Pp2ms	13wtH
28	9	2		שְׁלֹמֹֽה	8010	HNp	13FP1
28	9	3		בְנִ֡/י	1121 a	HNcmsc/Sp1cs	13esS
28	9	4		דַּע֩	3045	HVqv2ms	13mJE
28	9	5		אֶת	853	HTo	13YmQ
28	9	6		אֱלֹהֵ֨י	430	HNcmpc	1364j
28	9	7		אָבִ֜י/ךָ	1	HNcmsc/Sp2ms	13ofm
28	9	8		וְ/עָבְדֵ֗/הוּ	c/5647	HC/Vqv2ms/Sp3ms	13Pb4
28	9	9		בְּ/לֵ֤ב	b/3820 a	HR/Ncmsa	13mKf
28	9	10		שָׁלֵם֙	8003	HAamsa	13Q4h
28	9	11		וּ/בְ/נֶ֣פֶשׁ	c/b/5315	HC/R/Ncbsa	13en1
28	9	12		חֲפֵצָ֔ה	2655	HAafsa	13YBb
28	9	13		כִּ֤י	3588 a	HC	138ej
28	9	14		כָל	3605	HNcmsc	13DXD
28	9	15		לְבָבוֹת֙	3824	HNcmpa	13fbp
28	9	16		דּוֹרֵ֣שׁ	1875	HVqrmsa	13EFU
28	9	17		יְהוָ֔ה	3068	HNp	13xhY
28	9	18		וְ/כָל	c/3605	HC/Ncmsc	13t7t
28	9	19		יֵ֥צֶר	3336	HNcmsc	13JFH
28	9	20		מַחֲשָׁב֖וֹת	4284	HNcfpa	131sQ
28	9	21		מֵבִ֑ין	995	HVhrmsa	13x92
28	9	22		אִֽם	518 a	HC	13qhm
28	9	23		תִּדְרְשֶׁ֨/נּוּ֙	1875	HVqi2ms/Sp3ms	13b3m
28	9	24		יִמָּ֣צֵא	4672	HVNi3ms	13t8x
28	9	25		לָ֔/ךְ	l	HR/Sp2fs	13nzh
28	9	26		וְ/אִם	c/518 a	HC/C	131Tt
28	9	27		תַּֽעַזְבֶ֖/נּוּ	5800 a	HVqi2ms/Sp3ms	13kGT
28	9	28		יַזְנִיחֲ/ךָ֥	2186 a	HVhi3ms/Sp2ms	13jpS
28	9	29		לָ/עַֽד	l/5703	HR/Ncmsa	13osK
28	10	1		רְאֵ֣ה	7200	HVqv2ms	13MPv
28	10	2		עַתָּ֗ה	6258	HD	1345N
28	10	3		כִּֽי	3588 a	HC	13SxS
28	10	4		יְהוָ֛ה	3068	HNp	13oRe
28	10	5		בָּ֧חַר	977	HVqp3ms	13z8R
28	10	6		בְּ/ךָ֛	b	HR/Sp2ms	13RSo
28	10	7		לִ/בְנֽוֹת	l/1129	HR/Vqc	13Bvw
28	10	8		בַּ֥יִת	1004 b	HNcmsa	13yx4
28	10	9		לַ/מִּקְדָּ֖שׁ	l/4720	HRd/Ncmsa	132ju
28	10	10		חֲזַ֥ק	2388	HVqv2ms	13h8h
28	10	11		וַ/עֲשֵֽׂה	c/6213 a	HC/Vqv2ms	13BoQ
28	11	1		וַ/יִּתֵּ֣ן	c/5414	HC/Vqw3ms	13gZL
28	11	2		דָּוִ֣יד	1732	HNp	13Vdn
28	11	3		לִ/שְׁלֹמֹ֣ה	l/8010	HR/Np	13H9q
28	11	4		בְנ֡/וֹ	1121 a	HNcmsc/Sp3ms	13ZUX
28	11	5		אֶת	853	HTo	13wmf
28	11	6		תַּבְנִ֣ית	8403	HNcfsc	13Ai6
28	11	7		הָ/אוּלָם֩	d/197	HTd/Ncmsa	13f3s
28	11	8		וְֽ/אֶת	c/853	HC/To	13kgg
28	11	9		בָּ֨תָּ֜י/ו	1004 b	HNcmpc/Sp3ms	13JkP
28	11	10		וְ/גַנְזַכָּ֧י/ו	c/1597	HC/Ncmpc/Sp3ms	13Quh
28	11	11		וַ/עֲלִיֹּתָ֛י/ו	c/5944	HC/Ncfpc/Sp3ms	13F3o
28	11	12		וַ/חֲדָרָ֥י/ו	c/2315	HC/Ncmpc/Sp3ms	13QpL
28	11	13		הַ/פְּנִימִ֖ים	d/6442	HTd/Aampa	13k19
28	11	14		וּ/בֵ֥ית	c/1004 b	HC/Ncmsc	13smZ
28	11	15		הַ/כַּפֹּֽרֶת	d/3727	HTd/Ncfsa	13Ahp
28	12	1		וְ/תַבְנִ֗ית	c/8403	HC/Ncfsc	13oZP
28	12	2		כֹּל֩	3605	HNcmsa	13vJZ
28	12	3		אֲשֶׁ֨ר	834 a	HTr	13N4g
28	12	4		הָיָ֤ה	1961	HVqp3ms	13vAC
28	12	5		בָ/ר֨וּחַ֙	b/7307	HRd/Ncbsa	13HhV
28	12	6		עִמּ֔/וֹ	5973 a	HR/Sp3ms	13Prb
28	12	7		לְ/חַצְר֧וֹת	l/2691 a	HR/Ncbpc	13rAT
28	12	8		בֵּית	1004 b	HNcmsc	13BC4
28	12	9		יְהוָ֛ה	3068	HNp	13DKf
28	12	10		וּ/לְ/כָל	c/l/3605	HC/R/Ncmsc	13uYL
28	12	11		הַ/לְּשָׁכ֖וֹת	d/3957	HTd/Ncfpa	13m2P
28	12	12		סָבִ֑יב	5439	HNcbsa	13wGB
28	12	13		לְ/אֹֽצְרוֹת֙	l/214	HR/Ncmpc	131AN
28	12	14		בֵּ֣ית	1004 b	HNcmsc	134iw
28	12	15		הָ/אֱלֹהִ֔ים	d/430	HTd/Ncmpa	138TL
28	12	16		וּ/לְ/אֹצְר֖וֹת	c/l/214	HC/R/Ncmpc	13iQ3
28	12	17		הַ/קֳּדָשִֽׁים	d/6944	HTd/Ncmpa	13qvq
28	13	1		וּֽ/לְ/מַחְלְקוֹת֙	c/l/4256	HC/R/Ncfpc	13R1y
28	13	2		הַ/כֹּהֲנִ֣ים	d/3548	HTd/Ncmpa	13xR5
28	13	3		וְ/הַ/לְוִיִּ֔ם	c/d/3881	HC/Td/Ngmpa	13AR8
28	13	4		וּֽ/לְ/כָל	c/l/3605	HC/R/Ncmsc	13rgE
28	13	5		מְלֶ֖אכֶת	4399	HNcfsc	13SDe
28	13	6		עֲבוֹדַ֣ת	5656	HNcfsc	13byL
28	13	7		בֵּית	1004 b	HNcmsc	13jnA
28	13	8		יְהוָ֑ה	3068	HNp	1313g
28	13	9		וּֽ/לְ/כָל	c/l/3605	HC/R/Ncmsc	13Pkt
28	13	10		כְּלֵ֖י	3627	HNcmpc	13FsX
28	13	11		עֲבוֹדַ֥ת	5656	HNcfsc	13VnZ
28	13	12		בֵּית	1004 b	HNcmsc	13mHA
28	13	13		יְהוָֽה	3068	HNp	13vfE
28	14	1		לַ/זָּהָ֤ב	l/2091	HRd/Ncmsa	13mgu
28	14	2		בַּ/מִּשְׁקָל֙	b/4948	HRd/Ncmsa	13pjw
28	14	3		לַ/זָּהָ֔ב	l/2091	HRd/Ncmsa	13VhF
28	14	4		לְ/כָל	l/3605	HR/Ncmsc	13XDK
28	14	5		כְּלֵ֖י	3627	HNcmpc	137GS
28	14	6		עֲבוֹדָ֣ה	5656	HNcfsa	13Zgu
28	14	7		וַ/עֲבוֹדָ֑ה	c/5656	HC/Ncfsa	13R1C
28	14	8		לְ/כֹ֨ל	l/3605	HR/Ncmsc	13Rfs
28	14	9		כְּלֵ֤י	3627	HNcmpc	13ws8
28	14	10		הַ/כֶּ֨סֶף֙	d/3701	HTd/Ncmsa	13qM7
28	14	11		בְּ/מִשְׁקָ֔ל	b/4948	HR/Ncmsa	13jBM
28	14	12		לְ/כָל	l/3605	HR/Ncmsc	13rTz
28	14	13		כְּלֵ֖י	3627	HNcmpc	13mMu
28	14	14		עֲבוֹדָ֥ה	5656	HNcfsa	13HBg
28	14	15		וַ/עֲבוֹדָֽה	c/5656	HC/Ncfsa	13SXD
28	15	1		וּ/מִשְׁקָ֞ל	c/4948	HC/Ncmsa	13bLz
28	15	2		לִ/מְנֹר֣וֹת	l/4501	HR/Ncfpc	13hLM
28	15	3		הַ/זָּהָ֗ב	d/2091	HTd/Ncmsa	13xrN
28	15	4		וְ/נֵרֹֽתֵי/הֶם֙	c/5216 a	HC/Ncmpc/Sp3mp	13yrm
28	15	5		זָהָ֔ב	2091	HNcmsa	13UCQ
28	15	6		בְּ/מִשְׁקַל	b/4948	HR/Ncmsc	13KjR
28	15	7		מְנוֹרָ֥ה	4501	HNcfsa	13CLi
28	15	8		וּ/מְנוֹרָ֖ה	c/4501	HC/Ncfsa	13Qav
28	15	9		וְ/נֵרֹתֶ֑י/הָ	c/5216 a	HC/Ncmpc/Sp3fs	13M8b
28	15	10		וְ/לִ/מְנֹר֨וֹת	c/l/4501	HC/R/Ncfpc	13Dzp
28	15	11		הַ/כֶּ֤סֶף	d/3701	HTd/Ncmsa	13HLK
28	15	12		בְּ/מִשְׁקָל֙	b/4948	HR/Ncmsa	13BX2
28	15	13		לִ/מְנוֹרָ֣ה	l/4501	HR/Ncfsa	13hgh
28	15	14		וְ/נֵרֹתֶ֔י/הָ	c/5216 a	HC/Ncmpc/Sp3fs	13S2v
28	15	15		כַּ/עֲבוֹדַ֖ת	k/5656	HR/Ncfsc	132Ys
28	15	16		מְנוֹרָ֥ה	4501	HNcfsa	13s9h
28	15	17		וּ/מְנוֹרָֽה	c/4501	HC/Ncfsa	13fMZ
28	16	1		וְ/אֶת	c/853	HC/To	13H3v
28	16	2		הַ/זָּהָ֥ב	d/2091	HTd/Ncmsa	13U8c
28	16	3		מִשְׁקָ֛ל	4948	HNcmsa	13zAY
28	16	4		לְ/שֻׁלְחֲנ֥וֹת	l/7979	HR/Ncmpc	13gMV
28	16	5		הַֽ/מַּעֲרֶ֖כֶת	d/4635	HTd/Ncfsa	13ZDb
28	16	6		לְ/שֻׁלְחַ֣ן	l/7979	HR/Ncmsa	13Jo8
28	16	7		וְ/שֻׁלְחָ֑ן	c/7979	HC/Ncmsa	13Q6C
28	16	8		וְ/כֶ֖סֶף	c/3701	HC/Ncmsa	13gzJ
28	16	9		לְ/שֻׁלְחֲנ֥וֹת	l/7979	HR/Ncmpc	13C4c
28	16	10		הַ/כָּֽסֶף	d/3701	HTd/Ncmsa	134oi
28	17	1		וְ/הַ/מִּזְלָג֧וֹת	c/d/4207 b	HC/Td/Ncfpa	13eTd
28	17	2		וְ/הַ/מִּזְרָק֛וֹת	c/d/4219	HC/Td/Ncmpa	13aZd
28	17	3		וְ/הַ/קְּשָׂוֺ֖ת	c/d/7184	HC/Td/Ncfpa	13fbe
28	17	4		זָהָ֣ב	2091	HNcmsa	13ihX
28	17	5		טָה֑וֹר	2889	HAamsa	13UxC
28	17	6		וְ/לִ/כְפוֹרֵ֨י	c/l/3713 a	HC/R/Ncmpc	13BkJ
28	17	7		הַ/זָּהָ֤ב	d/2091	HTd/Ncmsa	13dAv
28	17	8		בְּ/מִשְׁקָל֙	b/4948	HR/Ncmsa	13C2a
28	17	9		לִ/כְפ֣וֹר	l/3713 a	HR/Ncmsa	13FGj
28	17	10		וּ/כְפ֔וֹר	c/3713 a	HC/Ncmsa	13qYv
28	17	11		וְ/לִ/כְפוֹרֵ֥י	c/l/3713 a	HC/R/Ncmpc	13rLz
28	17	12		הַ/כֶּ֛סֶף	d/3701	HTd/Ncmsa	13dGK
28	17	13		בְּ/מִשְׁקָ֖ל	b/4948	HR/Ncmsa	1311C
28	17	14		לִ/כְפ֥וֹר	l/3713 a	HR/Ncmsa	13W6u
28	17	15		וּ/כְפֽוֹר	c/3713 a	HC/Ncmsa	13tTE
28	18	1		וּ/לְ/מִזְבַּ֧ח	c/l/4196	HC/R/Ncmsc	13PEr
28	18	2		הַ/קְּטֹ֛רֶת	d/7004	HTd/Ncfsa	13XWu
28	18	3		זָהָ֥ב	2091	HNcmsa	133zr
28	18	4		מְזֻקָּ֖ק	2212	HVPsmsa	13PN6
28	18	5		בַּ/מִּשְׁקָ֑ל	b/4948	HRd/Ncmsa	13q7s
28	18	6		וּ/לְ/תַבְנִ֣ית	c/l/8403	HC/R/Ncfsc	13HjF
28	18	7		הַ/מֶּרְכָּבָ֗ה	d/4818	HTd/Ncfsa	13D3W
28	18	8		הַ/כְּרֻבִ֤ים	d/3742	HTd/Ncmpa	13vNC
28	18	9		זָהָב֙	2091	HNcmsa	13e2W
28	18	10		לְ/פֹ֣רְשִׂ֔ים	l/6566	HR/Vqrmpa	13Rj3
28	18	11		וְ/סֹכְכִ֖ים	c/5526 b	HC/Vqrmpa	13Yn8
28	18	12		עַל	5921 a	HR	13EY5
28	18	13		אֲר֥וֹן	727	HNcbsc	13xfB
28	18	14		בְּרִית	1285	HNcfsc	13m3t
28	18	15		יְהוָֽה	3068	HNp	13thv
28	19	1		הַ/כֹּ֥ל	d/3605	HTd/Ncmsa	13yvt
28	19	2		בִּ/כְתָ֛ב	b/3791	HR/Ncmsa	13wJq
28	19	3		מִ/יַּ֥ד	m/3027	HR/Ncbsc	13Wsa
28	19	4		יְהוָ֖ה	3068	HNp	131Gp
28	19	5		עָלַ֣/י	5921 a	HR/Sp1cs	13XsR
28	19	6		הִשְׂכִּ֑יל	7919 a	HVhp3ms	13tsw
28	19	7		כֹּ֖ל	3605	HNcmsc	13LKV
28	19	8		מַלְאֲכ֥וֹת	4399	HNcfpc	13ZJj
28	19	9		הַ/תַּבְנִֽית	d/8403	HTd/Ncfsa	131uH
28	20	1		וַ/יֹּ֨אמֶר	c/559	HC/Vqw3ms	13mQr
28	20	2		דָּוִ֜יד	1732	HNp	13Mry
28	20	3		לִ/שְׁלֹמֹ֣ה	l/8010	HR/Np	13Df2
28	20	4		בְנ֗/וֹ	1121 a	HNcmsc/Sp3ms	13ZKi
28	20	5		חֲזַ֤ק	2388	HVqv2ms	13A59
28	20	6		וֶ/אֱמַץ֙	c/553	HC/Vqv2ms	13R8x
28	20	7		וַ/עֲשֵׂ֔ה	c/6213 a	HC/Vqv2ms	13AwL
28	20	8		אַל	408	HTn	13bmt
28	20	9		תִּירָ֖א	3372	HVqj2ms	132jp
28	20	10		וְ/אַל	c/408	HC/Tn	13dFU
28	20	11		תֵּחָ֑ת	2865	HVNj2ms	13q2b
28	20	12		כִּי֩	3588 a	HC	13Gra
28	20	13		יְהוָ֨ה	3068	HNp	13nq3
28	20	14		אֱלֹהִ֤ים	430	HNcmpa	13Jrh
28	20	15		אֱלֹהַ/י֙	430	HNcmpc/Sp1cs	13zKZ
28	20	16		עִמָּ֔/ךְ	5973 a	HR/Sp2ms	13Vbm
28	20	17		לֹ֤א	3808	HTn	13kZ4
28	20	18		יַרְפְּ/ךָ֙	7503	HVhi3ms/Sp2ms	13CAy
28	20	19		וְ/לֹ֣א	c/3808	HC/Tn	13Lb3
28	20	20		יַֽעַזְבֶ֔/ךָּ	5800 a	HVqi3ms/Sp2ms	138jU
28	20	21		עַד	5704	HR	13vqf
28	20	22		לִ/כְל֕וֹת	l/3615	HR/Vqc	13JsK
28	20	23		כָּל	3605	HNcmsc	13637
28	20	24		מְלֶ֖אכֶת	4399	HNcfsc	13x6p
28	20	25		עֲבוֹדַ֥ת	5656	HNcfsc	13RxD
28	20	26		בֵּית	1004 b	HNcmsc	13cJM
28	20	27		יְהוָֽה	3068	HNp	13DDk
28	21	1		וְ/הִנֵּ֗ה	c/2009	HC/Tm	134ht
28	21	2		מַחְלְקוֹת֙	4256	HNcfpc	13D8o
28	21	3		הַ/כֹּהֲנִ֣ים	d/3548	HTd/Ncmpa	13rUt
28	21	4		וְ/הַ/לְוִיִּ֔ם	c/d/3881	HC/Td/Ngmpa	13BgS
28	21	5		לְ/כָל	l/3605	HR/Ncmsc	13Q13
28	21	6		עֲבוֹדַ֖ת	5656	HNcfsc	13ZT5
28	21	7		בֵּ֣ית	1004 b	HNcmsc	13NYK
28	21	8		הָ/אֱלֹהִ֑ים	d/430	HTd/Ncmpa	13poM
28	21	9		וְ/עִמְּ/ךָ֙	c/5973 a	HC/R/Sp2ms	13GrK
28	21	10		בְ/כָל	b/3605	HR/Ncmsc	13BFS
28	21	11		מְלָאכָ֜ה	4399	HNcfsa	13VSb
28	21	12		לְ/כָל	l/3605	HR/Ncmsc	13win
28	21	13		נָדִ֤יב	5081	HAamsa	13vTu
28	21	14		בַּֽ/חָכְמָה֙	b/2451	HRd/Ncfsa	13bFF
28	21	15		לְ/כָל	l/3605	HR/Ncmsc	13RPu
28	21	16		עֲבוֹדָ֔ה	5656	HNcfsa	13i4Q
28	21	17		וְ/הַ/שָּׂרִ֥ים	c/d/8269	HC/Td/Ncmpa	13eeb
28	21	18		וְ/כָל	c/3605	HC/Ncmsc	13DzJ
28	21	19		הָ/עָ֖ם	d/5971 a	HTd/Ncmsa	13otG
28	21	20		לְ/כָל	l/3605	HR/Ncmsc	13uVF
28	21	21		דְּבָרֶֽי/ךָ	1697	HNcmpc/Sp2ms	13JuV
29	1	1		וַ/יֹּ֨אמֶר	c/559	HC/Vqw3ms	13WJN
29	1	2		דָּוִ֤יד	1732	HNp	13BZ4
29	1	3		הַ/מֶּ֨לֶךְ֙	d/4428	HTd/Ncmsa	13TCU
29	1	4		לְ/כָל	l/3605	HR/Ncmsc	13qjr
29	1	5		הַ/קָּהָ֔ל	d/6951	HTd/Ncmsa	13wRN
29	1	6		שְׁלֹמֹ֨ה	8010	HNp	1384p
29	1	7		בְנִ֥/י	1121 a	HNcmsc/Sp1cs	13Mw5
29	1	8		אֶחָ֛ד	259	HAcmsa	138Qr
29	1	9		בָּֽחַר	977	HVqp3ms	13mR9
29	1	10		בּ֥/וֹ	b	HR/Sp3ms	13ZAQ
29	1	11		אֱלֹהִ֖ים	430	HNcmpa	13PsY
29	1	12		נַ֣עַר	5288	HNcmsa	13W8e
29	1	13		וָ/רָ֑ךְ	c/7390	HC/Aamsa	13D63
29	1	14		וְ/הַ/מְּלָאכָ֣ה	c/d/4399	HC/Td/Ncfsa	13m1b
29	1	15		גְדוֹלָ֔ה	1419 a	HAafsa	13b1k
29	1	16		כִּ֣י	3588 a	HC	134Jh
29	1	17		לֹ֤א	3808	HTn	13D47
29	1	18		לְ/אָדָם֙	l/120	HR/Ncmsa	13koV
29	1	19		הַ/בִּירָ֔ה	d/1002	HTd/Ncfsa	13FRD
29	1	20		כִּ֖י	3588 a	HC	13BuR
29	1	21		לַ/יהוָ֥ה	l/3068	HR/Np	13k5H
29	1	22		אֱלֹהִֽים	430	HNcmpa	13tGq
29	2	1		וּֽ/כְ/כָל	c/k/3605	HC/R/Ncmsc	13NLd
29	2	2		כֹּחִ֞/י	3581 b	HNcmsc/Sp1cs	13J1k
29	2	3		הֲכִינ֣וֹתִי	3559 a	HVhp1cs	13uUr
29	2	4		לְ/בֵית	l/1004 b	HR/Ncmsc	13ri9
29	2	5		אֱלֹהַ֗/י	430	HNcmpc/Sp1cs	13niN
29	2	6		הַ/זָּהָ֣ב	d/2091	HTd/Ncmsa	13Wxt
29	2	7		לַ֠/זָּהָב	l/2091	HRd/Ncmsa	13J7S
29	2	8		וְ/הַ/כֶּ֨סֶף	c/d/3701	HC/Td/Ncmsa	13BM3
29	2	9		לַ/כֶּ֜סֶף	l/3701	HRd/Ncmsa	133MM
29	2	10		וְ/הַ/נְּחֹ֣שֶׁת	c/d/5178 a	HC/Td/Ncfsa	13oxD
29	2	11		לַ/נְּחֹ֗שֶׁת	l/5178 a	HRd/Ncfsa	13xrp
29	2	12		הַ/בַּרְזֶל֙	d/1270	HTd/Ncmsa	139HN
29	2	13		לַ/בַּרְזֶ֔ל	l/1270	HRd/Ncmsa	136Y7
29	2	14		וְ/הָ/עֵצִ֖ים	c/d/6086	HC/Td/Ncmpa	13RHW
29	2	15		לָ/עֵצִ֑ים	l/6086	HRd/Ncmpa	13r5s
29	2	16		אַבְנֵי	68	HNcfpc	1397A
29	2	17		שֹׁ֨הַם	7718	HNcmsa	13Vqm
29	2	18		וּ/מִלּוּאִ֜ים	c/4394	HC/Ncmpa	13u4c
29	2	19		אַבְנֵי	68	HNcfpc	13ztB
29	2	20		פ֣וּךְ	6320	HNcmsa	13Azr
29	2	21		וְ/רִקְמָ֗ה	c/7553	HC/Ncfsa	133eC
29	2	22		וְ/כֹ֨ל	c/3605	HC/Ncmsc	13KxK
29	2	23		אֶ֧בֶן	68	HNcfsa	134q4
29	2	24		יְקָרָ֛ה	3368	HAafsa	13fh6
29	2	25		וְ/אַבְנֵי	c/68	HC/Ncfpc	13esn
29	2	26		שַׁ֖יִשׁ	7893	HNcmsa	13ZQR
29	2	27		לָ/רֹֽב	l/7230	HR/Ncbsa	13XLc
29	3	1		וְ/ע֗וֹד	c/5750	HC/D	13Cq3
29	3	2		בִּ/רְצוֹתִ/י֙	b/7521	HR/Vqc/Sp1cs	13Csz
29	3	3		בְּ/בֵ֣ית	b/1004 b	HR/Ncmsc	13GeH
29	3	4		אֱלֹהַ֔/י	430	HNcmpc/Sp1cs	13Hch
29	3	5		יֶשׁ	3426	HTm	13AEo
29	3	6		לִ֥/י	l	HR/Sp1cs	13BVz
29	3	7		סְגֻלָּ֖ה	5459	HNcfsa	13AKh
29	3	8		זָהָ֣ב	2091	HNcmsa	13u24
29	3	9		וָ/כָ֑סֶף	c/3701	HC/Ncmsa	1351o
29	3	10		נָתַ֤תִּי	5414	HVqp1cs	13Uib
29	3	11		לְ/בֵית	l/1004 b	HR/Ncmsc	13FwK
29	3	12		אֱלֹהַ/י֙	430	HNcmpc/Sp1cs	136PS
29	3	13		לְ/מַ֔עְלָ/ה	l/4605	HR/D/Sd	13rWd
29	3	14		מִ/כָּל	m/3605	HR/Ncmsc	13DYp
29	3	15		הֲכִינ֖וֹתִי	3559 a	HVhp1cs	13u96
29	3	16		לְ/בֵ֥ית	l/1004 b	HR/Ncmsc	13Jp3
29	3	17		הַ/קֹּֽדֶשׁ	d/6944	HTd/Ncmsa	13ev7
29	4	1		שְׁלֹ֧שֶׁת	7969	HAcmsc	13vDp
29	4	2		אֲלָפִ֛ים	505	HAcbpa	13Rgs
29	4	3		כִּכְּרֵ֥י	3603	HNcbpc	13i2V
29	4	4		זָהָ֖ב	2091	HNcmsa	13pD9
29	4	5		מִ/זְּהַ֣ב	m/2091	HR/Ncmsc	13Sww
29	4	6		אוֹפִ֑יר	211	HNp	13PTy
29	4	7		וְ/שִׁבְעַ֨ת	c/7651	HC/Acmsc	13hMo
29	4	8		אֲלָפִ֤ים	505	HAcbpa	13WpC
29	4	9		כִּכַּר	3603	HNcbsc	13AFj
29	4	10		כֶּ֨סֶף֙	3701	HNcmsa	13aSt
29	4	11		מְזֻקָּ֔ק	2212	HVPsmsa	13Sqe
29	4	12		לָ/ט֖וּחַ	l/2902 a	HR/Vqc	13oYo
29	4	13		קִיר֥וֹת	7023	HNcmpc	13scu
29	4	14		הַ/בָּתִּֽים	d/1004 b	HTd/Ncmpa	13JMM
29	5	1		לַ/זָּהָ֤ב	l/2091	HRd/Ncmsa	131sJ
29	5	2		לַ/זָּהָב֙	l/2091	HRd/Ncmsa	13Uxz
29	5	3		וְ/לַ/כֶּ֣סֶף	c/l/3701	HC/Rd/Ncmsa	13NGU
29	5	4		לַ/כֶּ֔סֶף	l/3701	HRd/Ncmsa	13bvJ
29	5	5		וּ/לְ/כָל	c/l/3605	HC/R/Ncmsc	13G8n
29	5	6		מְלָאכָ֖ה	4399	HNcfsa	13WY7
29	5	7		בְּ/יַ֣ד	b/3027	HR/Ncbsc	13BC3
29	5	8		חָרָשִׁ֑ים	2796	HNcmpa	13sBo
29	5	9		וּ/מִ֣י	c/4310	HC/Ti	13RKW
29	5	10		מִתְנַדֵּ֔ב	5068	HVtrmsa	13tAq
29	5	11		לְ/מַלֹּ֥אות	l/4390	HR/Vpc	13Uw1
29	5	12		יָד֛/וֹ	3027	HNcbsc/Sp3ms	132wg
29	5	13		הַ/יּ֖וֹם	d/3117	HTd/Ncmsa	13AiD
29	5	14		לַ/יהוָֽה	l/3068	HR/Np	13saZ
29	6	1		וַ/יִּֽתְנַדְּבוּ֩	c/5068	HC/Vtw3mp	136Zs
29	6	2		שָׂרֵ֨י	8269	HNcmpc	13AfV
29	6	3		הָ/אָב֜וֹת	d/1	HTd/Ncmpa	13Lcd
29	6	4		וְ/שָׂרֵ֣י	c/8269	HC/Ncmpc	13rpk
29	6	5		שִׁבְטֵ֣י	7626	HNcmpc	13nkG
29	6	6		יִשְׂרָאֵ֗ל	3478	HNp	13DzG
29	6	7		וְ/שָׂרֵ֤י	c/8269	HC/Ncmpc	13pEh
29	6	8		הָ/אֲלָפִים֙	d/505	HTd/Acbpa	134k4
29	6	9		וְ/הַ/מֵּא֔וֹת	c/d/3967	HC/Td/Acbpa	13fR6
29	6	10		וּ/לְ/שָׂרֵ֖י	c/l/8269	HC/R/Ncmpc	13Hpv
29	6	11		מְלֶ֥אכֶת	4399	HNcfsc	13PZ2
29	6	12		הַ/מֶּֽלֶךְ	d/4428	HTd/Ncmsa	13Fw3
29	7	1		וַֽ/יִּתְּנ֞וּ	c/5414	HC/Vqw3mp	13gyJ
29	7	2		לַ/עֲבוֹדַ֣ת	l/5656	HR/Ncfsc	13g5y
29	7	3		בֵּית	1004 b	HNcmsc	13Dfx
29	7	4		הָ/אֱלֹהִ֗ים	d/430	HTd/Ncmpa	13NAF
29	7	5		זָהָ֞ב	2091	HNcmsa	13EeP
29	7	6		כִּכָּרִ֣ים	3603	HNcbpa	13BqM
29	7	7		חֲמֵֽשֶׁת	2568	HAcmsc	13UCM
29	7	8		אֲלָפִים֮	505	HAcbpa	13ftT
29	7	9		וַ/אֲדַרְכֹנִ֣ים	c/150	HC/Ncmpa	13FKy
29	7	10		רִבּוֹ֒	7239	HAcbsa	13cV9
29	7	11		וְ/כֶ֗סֶף	c/3701	HC/Ncmsa	13X4w
29	7	12		כִּכָּרִים֙	3603	HNcbpa	13J5D
29	7	13		עֲשֶׂ֣רֶת	6235	HAcmsc	13yY2
29	7	14		אֲלָפִ֔ים	505	HAcbpa	13Tg5
29	7	15		וּ/נְחֹ֕שֶׁת	c/5178 a	HC/Ncfsa	13hV5
29	7	16		רִבּ֛וֹ	7239	HAcbsa	133vf
29	7	17		וּ/שְׁמוֹנַ֥ת	c/8083	HC/Acmsc	13cC7
29	7	18		אֲלָפִ֖ים	505	HAcbpa	13cM2
29	7	19		כִּכָּרִ֑ים	3603	HNcbpa	13AeC
29	7	20		וּ/בַרְזֶ֖ל	c/1270	HC/Ncmsa	13hiZ
29	7	21		מֵֽאָה	3967	HAcbsa	13NFM
29	7	22		אֶ֥לֶף	505	HAcbsa	13Q9d
29	7	23		כִּכָּרִֽים	3603	HNcbpa	13Z4d
29	8	1		וְ/הַ/נִּמְצָ֤א	c/d/4672	HC/Td/VNrmsa	13bij
29	8	2		אִתּ/וֹ֙	854	HR/Sp3ms	134dx
29	8	3		אֲבָנִ֔ים	68	HNcfpa	133PX
29	8	4		נָתְנ֖וּ	5414	HVqp3cp	13iyq
29	8	5		לְ/אוֹצַ֣ר	l/214	HR/Ncmsc	13zn9
29	8	6		בֵּית	1004 b	HNcmsc	13Mha
29	8	7		יְהוָ֑ה	3068	HNp	13N7b
29	8	8		עַ֥ל	5921 a	HR	13d2k
29	8	9		יַד	3027	HNcbsc	134SL
29	8	10		יְחִיאֵ֖ל	3171	HNp	13mgz
29	8	11		הַ/גֵּרְשֻׁנִּֽי	d/1649	HTd/Ngmsa	13EqE
29	9	1		וַ/יִּשְׂמְח֤וּ	c/8055	HC/Vqw3mp	13hRU
29	9	2		הָ/עָם֙	d/5971 a	HTd/Ncmsa	13fkK
29	9	3		עַל	5921 a	HR	13G6m
29	9	4		הִֽתְנַדְּבָ֔/ם	5068	HVtc/Sp3mp	13KKj
29	9	5		כִּ֚י	3588 a	HC	13wRc
29	9	6		בְּ/לֵ֣ב	b/3820 a	HR/Ncmsa	137oV
29	9	7		שָׁלֵ֔ם	8003	HAamsa	13w65
29	9	8		הִֽתְנַדְּב֖וּ	5068	HVtp3cp	13WrZ
29	9	9		לַ/יהוָ֑ה	l/3068	HR/Np	13by8
29	9	10		וְ/גַם֙	c/1571	HC/Ta	13W3R
29	9	11		דָּוִ֣יד	1732	HNp	13nzB
29	9	12		הַ/מֶּ֔לֶךְ	d/4428	HTd/Ncmsa	13g2B
29	9	13		שָׂמַ֖ח	8055	HVqp3ms	13And
29	9	14		שִׂמְחָ֥ה	8057	HNcfsa	13VNa
29	9	15		גְדוֹלָֽה	1419 a	HAafsa	13J2H
29	10	1		וַ/יְבָ֤רֶךְ	c/1288	HC/Vpw3ms	13Y4B
29	10	2		דָּוִיד֙	1732	HNp	13DWM
29	10	3		אֶת	853	HTo	13Rxp
29	10	4		יְהוָ֔ה	3068	HNp	13Awt
29	10	5		לְ/עֵינֵ֖י	l/5869 a	HR/Ncbdc	13bTZ
29	10	6		כָּל	3605	HNcmsc	13dzx
29	10	7		הַ/קָּהָ֑ל	d/6951	HTd/Ncmsa	13fU1
29	10	8		וַ/יֹּ֣אמֶר	c/559	HC/Vqw3ms	13qg2
29	10	9		דָּוִ֗יד	1732	HNp	13Uja
29	10	10		בָּר֨וּךְ	1288	HVqsmsa	13z9S
29	10	11		אַתָּ֤ה	859 a	HPp2ms	139ST
29	10	12		יְהוָה֙	3068	HNp	13pbz
29	10	13		אֱלֹהֵי֙	430	HNcmpc	13FE3
29	10	14		יִשְׂרָאֵ֣ל	3478	HNp	1335f
29	10	15		אָבִ֔י/נוּ	1	HNcmsc/Sp1cp	13aPC
29	10	16		מֵ/עוֹלָ֖ם	m/5769	HR/Ncmsa	13ReZ
29	10	17		וְ/עַד	c/5704	HC/R	13MTm
29	10	18		עוֹלָֽם	5769	HNcmsa	13YQH
29	11	1		לְ/ךָ֣	l	HR/Sp2ms	13M6y
29	11	2		יְ֠הוָה	3068	HNp	131bL
29	11	3		הַ/גְּדֻלָּ֨ה	d/1420	HTd/Ncfsa	13aPi
29	11	4		וְ/הַ/גְּבוּרָ֤ה	c/d/1369	HC/Td/Ncfsa	13Qxz
29	11	5		וְ/הַ/תִּפְאֶ֨רֶת֙	c/d/8597	HC/Td/Ncfsa	136ku
29	11	6		וְ/הַ/נֵּ֣צַח	c/d/5331	HC/Td/Ncmsa	139BK
29	11	7		וְ/הַ/ה֔וֹד	c/d/1935	HC/Td/Ncmsa	1346z
29	11	8		כִּי	3588 a	HC	13g6h
29	11	9		כֹ֖ל	3605	HNcmsa	13R4n
29	11	10		בַּ/שָּׁמַ֣יִם	b/8064	HRd/Ncmpa	13X5Q
29	11	11		וּ/בָ/אָ֑רֶץ	c/b/776	HC/Rd/Ncbsa	13EQ1
29	11	12		לְ/ךָ֤	l	HR/Sp2ms	13LRR
29	11	13		יְהוָה֙	3068	HNp	13npT
29	11	14		הַ/מַּמְלָכָ֔ה	d/4467	HTd/Ncfsa	13AXe
29	11	15		וְ/הַ/מִּתְנַשֵּׂ֖א	c/d/4984	HC/Td/Vtrmsa	13Tvz
29	11	16		לְ/כֹ֥ל	l/3605	HR/Ncmsa	13GqM
29	11	17		לְ/רֹֽאשׁ	l/7218 a	HR/Ncmsa	13ANY
29	12	1		וְ/הָ/עֹ֤שֶׁר	c/d/6239	HC/Td/Ncmsa	13Kwy
29	12	2		וְ/הַ/כָּבוֹד֙	c/d/3519	HC/Td/Ncbsa	13crs
29	12	3		מִ/לְּ/פָנֶ֔י/ךָ	m/l/6440	HR/R/Ncbpc/Sp2ms	13bQJ
29	12	4		וְ/אַתָּה֙	c/859 a	HC/Pp2ms	13HL8
29	12	5		מוֹשֵׁ֣ל	4910	HVqrmsa	13Cho
29	12	6		בַּ/כֹּ֔ל	b/3605	HRd/Ncmsa	13Jv8
29	12	7		וּ/בְ/יָדְ/ךָ֖	c/b/3027	HC/R/Ncbsc/Sp2ms	13E6o
29	12	8		כֹּ֣חַ	3581 b	HNcmsa	13UqT
29	12	9		וּ/גְבוּרָ֑ה	c/1369	HC/Ncfsa	13EiW
29	12	10		וּ/בְ/יָ֣דְ/ךָ֔	c/b/3027	HC/R/Ncbsc/Sp2ms	13kmx
29	12	11		לְ/גַדֵּ֥ל	l/1431	HR/Vpc	13gLK
29	12	12		וּ/לְ/חַזֵּ֖ק	c/l/2388	HC/R/Vpc	13JMe
29	12	13		לַ/כֹּֽל	l/3605	HRd/Ncmsa	136MW
29	13	1		וְ/עַתָּ֣ה	c/6258	HC/D	13i6u
29	13	2		אֱלֹהֵ֔י/נוּ	430	HNcmpc/Sp1cp	13KNk
29	13	3		מוֹדִ֥ים	3034	HVhrmpa	13uu2
29	13	4		אֲנַ֖חְנוּ	587	HPp1cp	13acM
29	13	5		לָ֑/ךְ	l	HR/Sp2fs	133PG
29	13	6		וּֽ/מְהַֽלְלִ֖ים	c/1984 b	HC/Vprmpa	13KfS
29	13	7		לְ/שֵׁ֥ם	l/8034	HR/Ncmsc	13xJZ
29	13	8		תִּפְאַרְתֶּֽ/ךָ	8597	HNcfsc/Sp2ms	13y5e
29	14	1		וְ/כִ֨י	c/3588 a	HC/C	13cRM
29	14	2		מִ֤י	4310	HTi	13Fr3
29	14	3		אֲנִי֙	589	HPp1cs	13gzM
29	14	4		וּ/מִ֣י	c/4310	HC/Ti	13qJp
29	14	5		עַמִּ֔/י	5971 a	HNcmsc/Sp1cs	13P5o
29	14	6		כִּֽי	3588 a	HC	13Kek
29	14	7		נַעְצֹ֣ר	6113	HVqi1cp	13c3K
29	14	8		כֹּ֔חַ	3581 b	HNcmsa	13yPs
29	14	9		לְ/הִתְנַדֵּ֖ב	l/5068	HR/Vtc	13zyS
29	14	10		כָּ/זֹ֑את	k/2063	HR/Pdxfs	13KqH
29	14	11		כִּֽי	3588 a	HC	13MMn
29	14	12		מִמְּ/ךָ֣	4480 a	HR/Sp2ms	133eY
29	14	13		הַ/כֹּ֔ל	d/3605	HTd/Ncmsa	13HEf
29	14	14		וּ/מִ/יָּדְ/ךָ֖	c/m/3027	HC/R/Ncbsc/Sp2ms	13y91
29	14	15		נָתַ֥נּוּ	5414	HVqp1cp	13TVM
29	14	16		לָֽ/ךְ	l	HR/Sp2fs	13kD4
29	15	1		כִּֽי	3588 a	HC	13Nmt
29	15	2		גֵרִ֨ים	1616	HNcmpa	13Akg
29	15	3		אֲנַ֧חְנוּ	587	HPp1cp	13B7Q
29	15	4		לְ/פָנֶ֛י/ךָ	l/6440	HR/Ncbpc/Sp2ms	13ycr
29	15	5		וְ/תוֹשָׁבִ֖ים	c/8453 a	HC/Ncmpa	1397o
29	15	6		כְּ/כָל	k/3605	HR/Ncmsc	13wny
29	15	7		אֲבֹתֵ֑י/נוּ	1	HNcmpc/Sp1cp	13iRd
29	15	8		כַּ/צֵּ֧ל	k/6738	HRd/Ncmsa	13Hqm
29	15	9		יָמֵ֛י/נוּ	3117	HNcmpc/Sp1cp	134yB
29	15	10		עַל	5921 a	HR	13eBM
29	15	11		הָ/אָ֖רֶץ	d/776	HTd/Ncbsa	13sGZ
29	15	12		וְ/אֵ֥ין	c/369	HC/Tn	13maq
29	15	13		מִקְוֶֽה	4723 b	HNcmsa	13PDc
29	16	1		יְהוָ֣ה	3068	HNp	137ta
29	16	2		אֱלֹהֵ֔י/נוּ	430	HNcmpc/Sp1cp	13PrJ
29	16	3		כֹ֣ל	3605	HNcmsc	13SiG
29	16	4		הֶ/הָמ֤וֹן	d/1995 a	HTd/Ncmsa	13D8c
29	16	5		הַ/זֶּה֙	d/2088	HTd/Pdxms	13z2c
29	16	6		אֲשֶׁ֣ר	834 a	HTr	13VvA
29	16	7		הֲכִינֹ֔נוּ	3559 a	HVhp1cp	13oTD
29	16	8		לִ/בְנֽוֹת	l/1129	HR/Vqc	13hhK
29	16	9		לְ/ךָ֥	l	HR/Sp2ms	135UZ
29	16	10		בַ֖יִת	1004 b	HNcmsa	13VkY
29	16	11		לְ/שֵׁ֣ם	l/8034	HR/Ncmsc	132u2
29	16	12		קָדְשֶׁ֑/ךָ	6944	HNcmsc/Sp2ms	13uxY
29	16	13		מִ/יָּדְ/ךָ֥	m/3027	HR/Ncbsc/Sp2ms	13GJC
29	16	14	x-ketiv	היא	1931	HPp3fs	138WP
29	16	15		ה֖וּא	1931	HPp3ms	139Vh
29	16	16		וּ/לְ/ךָ֥	c/l	HC/R/Sp2ms	13Ntu
29	16	17		הַ/כֹּֽל	d/3605	HTd/Ncmsa	13ikR
29	17	1		וְ/יָדַ֣עְתִּי	c/3045	HC/Vqq1cs	13vkY
29	17	2		אֱלֹהַ֔/י	430	HNcmpc/Sp1cs	13F8A
29	17	3		כִּ֤י	3588 a	HC	13yB5
29	17	4		אַתָּה֙	859 a	HPp2ms	13RhF
29	17	5		בֹּחֵ֣ן	974	HVqrmsa	13weY
29	17	6		לֵבָ֔ב	3824	HNcmsa	13jmK
29	17	7		וּ/מֵישָׁרִ֖ים	c/4339	HC/Ncmpa	134m9
29	17	8		תִּרְצֶ֑ה	7521	HVqi2ms	13HZJ
29	17	9		אֲנִ֗י	589	HPp1cs	13M1s
29	17	10		בְּ/יֹ֤שֶׁר	b/3476	HR/Ncmsc	13BYD
29	17	11		לְבָבִ/י֙	3824	HNcmsc/Sp1cs	13ynr
29	17	12		הִתְנַדַּ֣בְתִּי	5068	HVtp1cs	13VJd
29	17	13		כָל	3605	HNcmsc	13nCA
29	17	14		אֵ֔לֶּה	428	HPdxcp	132ke
29	17	15		וְ/עַתָּ֗ה	c/6258	HC/D	134YR
29	17	16		עַמְּ/ךָ֙	5971 a	HNcmsc/Sp2ms	13784
29	17	17		הַ/נִּמְצְאוּ	d/4672	HTd/VNp3cp	13dpR
29	17	18		פֹ֔ה	6311	HD	13aBk
29	17	19		רָאִ֥יתִי	7200	HVqp1cs	13Ewf
29	17	20		בְ/שִׂמְחָ֖ה	b/8057	HR/Ncfsa	132i9
29	17	21		לְ/הִֽתְנַדֶּב	l/5068	HR/Vtc	13f2b
29	17	22		לָֽ/ךְ	l	HR/Sp2fs	13AkM
29	18	1		יְהוָ֗ה	3068	HNp	13KYx
29	18	2		אֱ֠לֹהֵי	430	HNcmpc	13JEq
29	18	3		אַבְרָהָ֞ם	85	HNp	13hMV
29	18	4		יִצְחָ֤ק	3327	HNp	13A8N
29	18	5		וְ/יִשְׂרָאֵל֙	c/3478	HC/Np	137ro
29	18	6		אֲבֹתֵ֔י/נוּ	1	HNcmpc/Sp1cp	13qJz
29	18	7		שֳׁמְרָ/ה	8104	HVqv2ms/Sh	13mN4
29	18	8		זֹּ֣את	2063	HPdxfs	13c1S
29	18	9		לְ/עוֹלָ֔ם	l/5769	HR/Ncmsa	13E8w
29	18	10		לְ/יֵ֥צֶר	l/3336	HR/Ncmsc	13QNv
29	18	11		מַחְשְׁב֖וֹת	4284	HNcfpc	13GG4
29	18	12		לְבַ֣ב	3824	HNcmsc	13tsA
29	18	13		עַמֶּ֑/ךָ	5971 a	HNcmsc/Sp2ms	13WvW
29	18	14		וְ/הָכֵ֥ן	c/3559 a	HC/Vhv2ms	13Cyq
29	18	15		לְבָבָ֖/ם	3824	HNcmsc/Sp3mp	139nW
29	18	16		אֵלֶֽי/ךָ	413	HR/Sp2ms	13goR
29	19	1		וְ/לִ/שְׁלֹמֹ֣ה	c/l/8010	HC/R/Np	13C48
29	19	2		בְנִ֗/י	1121 a	HNcmsc/Sp1cs	13naT
29	19	3		תֵּ֚ן	5414	HVqv2ms	13rJY
29	19	4		לֵבָ֣ב	3824	HNcmsa	13X3v
29	19	5		שָׁלֵ֔ם	8003	HAamsa	13c1w
29	19	6		לִ/שְׁמוֹר֙	l/8104	HR/Vqc	131qK
29	19	7		מִצְוֺתֶ֔י/ךָ	4687	HNcfpc/Sp2ms	13oBj
29	19	8		עֵדְוֺתֶ֖י/ךָ	5715	HNcfpc/Sp2ms	131LX
29	19	9		וְ/חֻקֶּ֑י/ךָ	c/2708	HC/Ncbpc/Sp2ms	13Xd2
29	19	10		וְ/לַ/עֲשׂ֣וֹת	c/l/6213 a	HC/R/Vqc	13VuX
29	19	11		הַ/כֹּ֔ל	d/3605	HTd/Ncmsa	13ieM
29	19	12		וְ/לִ/בְנ֖וֹת	c/l/1129	HC/R/Vqc	13YQK
29	19	13		הַ/בִּירָ֥ה	d/1002	HTd/Ncfsa	135kM
29	19	14		אֲשֶׁר	834 a	HTr	13XLS
29	19	15		הֲכִינֽוֹתִי	3559 a	HVhp1cs	139qt
29	20	1		וַ/יֹּ֤אמֶר	c/559	HC/Vqw3ms	13MkQ
29	20	2		דָּוִיד֙	1732	HNp	13Nkt
29	20	3		לְ/כָל	l/3605	HR/Ncmsc	13ezn
29	20	4		הַ/קָּהָ֔ל	d/6951	HTd/Ncmsa	13nRq
29	20	5		בָּֽרְכוּ	1288	HVpv2mp	134Gt
29	20	6		נָ֖א	4994	HTe	13GnH
29	20	7		אֶת	853	HTo	135Da
29	20	8		יְהוָ֣ה	3068	HNp	13G2S
29	20	9		אֱלֹהֵי/כֶ֑ם	430	HNcmpc/Sp2mp	135V3
29	20	10		וַ/יְבָרֲכ֣וּ	c/1288	HC/Vpw3mp	13HKm
29	20	11		כָֽל	3605	HNcmsc	13v6o
29	20	12		הַ/קָּהָ֗ל	d/6951	HTd/Ncmsa	13BkX
29	20	13		לַ/יהוָה֙	l/3068	HR/Np	13mYk
29	20	14		אֱלֹהֵ֣י	430	HNcmpc	13atE
29	20	15		אֲבֹֽתֵי/הֶ֔ם	1	HNcmpc/Sp3mp	13Unu
29	20	16		וַ/יִּקְּד֧וּ	c/6915	HC/Vqw3mp	13G7H
29	20	17		וַ/יִּֽשְׁתַּחֲו֛וּ	c/7812	HC/Vtw3mp	13MJC
29	20	18		לַ/יהוָ֖ה	l/3068	HR/Np	132cN
29	20	19		וְ/לַ/מֶּֽלֶךְ	c/l/4428	HC/Rd/Ncmsa	13NZs
29	21	1		וַ/יִּזְבְּח֣וּ	c/2076	HC/Vqw3mp	13zEq
29	21	2		לַ/יהוָ֣ה	l/3068	HR/Np	13ijB
29	21	3		זְ֠בָחִים	2077	HNcmpa	137Ls
29	21	4		וַ/יַּעֲל֨וּ	c/5927	HC/Vhw3mp	13xCM
29	21	5		עֹל֜וֹת	5930 a	HNcfpa	136Eo
29	21	6		לַ/יהוָ֗ה	l/3068	HR/Np	13Rhi
29	21	7		לְֽ/מָחֳרַת֮	l/4283	HR/Ncfsc	13W8h
29	21	8		הַ/יּ֣וֹם	d/3117	HTd/Ncmsa	134RF
29	21	9		הַ/הוּא֒	d/1931	HTd/Pp3ms	13Ufi
29	21	10		פָּרִ֨ים	6499	HNcmpa	13WE7
29	21	11		אֶ֜לֶף	505	HAcbsa	13ZnA
29	21	12		אֵילִ֥ים	352 a	HNcmpa	13pWY
29	21	13		אֶ֛לֶף	505	HAcbsa	13Kny
29	21	14		כְּבָשִׂ֥ים	3532	HNcmpa	13vJY
29	21	15		אֶ֖לֶף	505	HAcbsa	13qdD
29	21	16		וְ/נִסְכֵּי/הֶ֑ם	c/5262	HC/Ncmpc/Sp3mp	13gdS
29	21	17		וּ/זְבָחִ֥ים	c/2077	HC/Ncmpa	13shu
29	21	18		לָ/רֹ֖ב	l/7230	HR/Ncbsa	13Zyd
29	21	19		לְ/כָל	l/3605	HR/Ncmsc	13quq
29	21	20		יִשְׂרָאֵֽל	3478	HNp	13r3e
29	22	1		וַ/יֹּאכְל֨וּ	c/398	HC/Vqw3mp	13Ucz
29	22	2		וַ/יִּשְׁתּ֜וּ	c/8354	HC/Vqw3mp	13v7h
29	22	3		לִ/פְנֵ֧י	l/6440	HR/Ncbpc	13hgJ
29	22	4		יְהוָ֛ה	3068	HNp	13ziM
29	22	5		בַּ/יּ֥וֹם	b/3117	HRd/Ncmsa	13bt2
29	22	6		הַ/ה֖וּא	d/1931	HTd/Pp3ms	13euf
29	22	7		בְּ/שִׂמְחָ֣ה	b/8057	HR/Ncfsa	13fGn
29	22	8		גְדוֹלָ֑ה	1419 a	HAafsa	133CJ
29	22	9		וַ/יַּמְלִ֤יכוּ	c/4427 a	HC/Vhw3mp	13GHc
29	22	10		שֵׁנִית֙	8145	HAofsa	13eq3
29	22	11		לִ/שְׁלֹמֹ֣ה	l/8010	HR/Np	13wmT
29	22	12		בֶן	1121 a	HNcmsc	13uRX
29	22	13		דָּוִ֔יד	1732	HNp	1321k
29	22	14		וַ/יִּמְשְׁח֧וּ	c/4886	HC/Vqw3mp	13da6
29	22	15		לַ/יהוָ֛ה	l/3068	HR/Np	135rU
29	22	16		לְ/נָגִ֥יד	l/5057	HR/Ncmsa	1334U
29	22	17		וּ/לְ/צָד֖וֹק	c/l/6659	HC/R/Np	13KTR
29	22	18		לְ/כֹהֵֽן	l/3548	HR/Ncmsa	13axk
29	23	1		וַ/יֵּ֣שֶׁב	c/3427	HC/Vqw3ms	13pvS
29	23	2		שְׁ֠לֹמֹה	8010	HNp	13rWX
29	23	3		עַל	5921 a	HR	13wo4
29	23	4		כִּסֵּ֨א	3678	HNcmsc	13pet
29	23	5		יְהוָ֧ה	3068	HNp	13yqx
29	23	6		לְ/מֶ֛לֶךְ	l/4428	HR/Ncmsa	139r4
29	23	7		תַּֽחַת	8478	HR	13S2Q
29	23	8		דָּוִ֥יד	1732	HNp	1389S
29	23	9		אָבִ֖י/ו	1	HNcmsc/Sp3ms	13fVm
29	23	10		וַ/יַּצְלַ֑ח	c/6743 b	HC/Vhw3ms	134Q2
29	23	11		וַ/יִּשְׁמְע֥וּ	c/8085	HC/Vqw3mp	13bpv
29	23	12		אֵלָ֖י/ו	413	HR/Sp3ms	13YHJ
29	23	13		כָּל	3605	HNcmsc	13XXo
29	23	14		יִשְׂרָאֵֽל	3478	HNp	136qR
29	24	1		וְ/כָל	c/3605	HC/Ncmsc	13F4e
29	24	2		הַ/שָּׂרִים֙	d/8269	HTd/Ncmpa	13Smn
29	24	3		וְ/הַ/גִּבֹּרִ֔ים	c/d/1368	HC/Td/Aampa	131wx
29	24	4		וְ/גַ֕ם	c/1571	HC/Ta	13yQG
29	24	5		כָּל	3605	HNcmsc	13Eoh
29	24	6		בְּנֵ֖י	1121 a	HNcmpc	1376k
29	24	7		הַ/מֶּ֣לֶךְ	d/4428	HTd/Ncmsa	13Yke
29	24	8		דָּוִ֑יד	1732	HNp	13aaE
29	24	9		נָ֣תְנוּ	5414	HVqp3cp	132GC
29	24	10		יָ֔ד	3027	HNcbsa	135SW
29	24	11		תַּ֖חַת	8478	HR	134Vz
29	24	12		שְׁלֹמֹ֥ה	8010	HNp	131at
29	24	13		הַ/מֶּֽלֶךְ	d/4428	HTd/Ncmsa	13kw4
29	25	1		וַ/יְגַדֵּ֨ל	c/1431	HC/Vpw3ms	13fq2
29	25	2		יְהוָ֤ה	3068	HNp	13d4b
29	25	3		אֶת	853	HTo	13nKX
29	25	4		שְׁלֹמֹה֙	8010	HNp	13dbk
29	25	5		לְ/מַ֔עְלָ/ה	l/4605	HR/D/Sd	137P4
29	25	6		לְ/עֵינֵ֖י	l/5869 a	HR/Ncbdc	13qFQ
29	25	7		כָּל	3605	HNcmsc	139xW
29	25	8		יִשְׂרָאֵ֑ל	3478	HNp	13LUW
29	25	9		וַ/יִּתֵּ֤ן	c/5414	HC/Vqw3ms	131Dv
29	25	10		עָלָי/ו֙	5921 a	HR/Sp3ms	13EXG
29	25	11		ה֣וֹד	1935	HNcmsc	13XEv
29	25	12		מַלְכ֔וּת	4438	HNcfsa	13Foc
29	25	13		אֲ֠שֶׁר	834 a	HTr	13DyD
29	25	14		לֹֽא	3808	HTn	13gvY
29	25	15		הָיָ֧ה	1961	HVqp3ms	13pUw
29	25	16		עַל	5921 a	HR	13h4r
29	25	17		כָּל	3605	HNcmsc	132Wz
29	25	18		מֶ֛לֶךְ	4428	HNcmsa	131ca
29	25	19		לְ/פָנָ֖י/ו	l/6440	HR/Ncbpc/Sp3ms	13Pq6
29	25	20		עַל	5921 a	HR	13ghD
29	25	21		יִשְׂרָאֵֽל	3478	HNp	13ekQ
29	26	1		וְ/דָוִיד֙	c/1732	HC/Np	13iL8
29	26	2		בֶּן	1121 a	HNcmsc	13BkD
29	26	3		יִשָׁ֔י	3448	HNp	13swo
29	26	4		מָלַ֖ךְ	4427 a	HVqp3ms	13jPv
29	26	5		עַל	5921 a	HR	135kF
29	26	6		כָּל	3605	HNcmsc	13sVL
29	26	7		יִשְׂרָאֵֽל	3478	HNp	13rz1
29	27	1		וְ/הַ/יָּמִ֗ים	c/d/3117	HC/Td/Ncmpa	13tLP
29	27	2		אֲשֶׁ֤ר	834 a	HTr	133aA
29	27	3		מָלַךְ֙	4427 a	HVqp3ms	13WcW
29	27	4		עַל	5921 a	HR	13SyK
29	27	5		יִשְׂרָאֵ֔ל	3478	HNp	13QHi
29	27	6		אַרְבָּעִ֖ים	705	HAcbpa	13S3y
29	27	7		שָׁנָ֑ה	8141	HNcfsa	13sv5
29	27	8		בְּ/חֶבְר֤וֹן	b/2275 a	HR/Np	13jUF
29	27	9		מָלַךְ֙	4427 a	HVqp3ms	13Ntk
29	27	10		שֶׁ֣בַע	7651	HAcfsa	13Jdw
29	27	11		שָׁנִ֔ים	8141	HNcfpa	13xwE
29	27	12		וּ/בִ/ירוּשָׁלִַ֥ם	c/b/3389	HC/R/Np	13izn
29	27	13		מָלַ֖ךְ	4427 a	HVqp3ms	13YRB
29	27	14		שְׁלֹשִׁ֥ים	7970	HAcbpa	13bSb
29	27	15		וְ/שָׁלֽוֹשׁ	c/7969	HC/Acfsa	137gs
29	28	1		וַ/יָּ֨מָת֙	c/4191	HC/Vqw3ms	13gwm
29	28	2		בְּ/שֵׂיבָ֣ה	b/7872	HR/Ncfsa	13mpL
29	28	3		טוֹבָ֔ה	2896 a	HAafsa	13r1J
29	28	4		שְׂבַ֥ע	7649	HAamsc	132J1
29	28	5		יָמִ֖ים	3117	HNcmpa	134w6
29	28	6		עֹ֣שֶׁר	6239	HNcmsa	13VPz
29	28	7		וְ/כָב֑וֹד	c/3519	HC/Ncbsa	13BcV
29	28	8		וַ/יִּמְלֹ֛ךְ	c/4427 a	HC/Vqw3ms	13mhn
29	28	9		שְׁלֹמֹ֥ה	8010	HNp	13Rec
29	28	10		בְנ֖/וֹ	1121 a	HNcmsc/Sp3ms	13DcM
29	28	11		תַּחְתָּֽי/ו	8478	HR/Sp3ms	13z9F
29	29	1		וְ/דִבְרֵי֙	c/1697	HC/Ncmpc	133eG
29	29	2		דָּוִ֣יד	1732	HNp	13ZD6
29	29	3		הַ/מֶּ֔לֶךְ	d/4428	HTd/Ncmsa	13eAx
29	29	4		הָ/רִאשֹׁנִ֖ים	d/7223	HTd/Aompa	13MpT
29	29	5		וְ/הָ/אֲחרֹנִ֑ים	c/d/314	HC/Td/Aampa	13Nnr
29	29	6		הִנָּ֣/ם	2009	HTm/Sp3mp	13k38
29	29	7		כְּתוּבִ֗ים	3789	HVqsmpa	13C29
29	29	8		עַל	5921 a	HR	13BGq
29	29	9		דִּבְרֵי֙	1697	HNcmpc	13Xgy
29	29	10		שְׁמוּאֵ֣ל	8050	HNp	13Esn
29	29	11		הָ/רֹאֶ֔ה	d/7200	HTd/Ncmsa	13Mqr
29	29	12		וְ/עַל	c/5921 a	HC/R	131Vs
29	29	13		דִּבְרֵי֙	1697	HNcmpc	13eZF
29	29	14		נָתָ֣ן	5416	HNp	136dt
29	29	15		הַ/נָּבִ֔יא	d/5030	HTd/Ncmsa	13VgD
29	29	16		וְ/עַל	c/5921 a	HC/R	13Jos
29	29	17		דִּבְרֵ֖י	1697	HNcmpc	13PCA
29	29	18		גָּ֥ד	1410	HNp	13xxS
29	29	19		הַ/חֹזֶֽה	d/2374	HTd/Ncmsa	13KHG
29	30	1		עִ֥ם	5973 a	HR	13iBr
29	30	2		כָּל	3605	HNcmsc	13qiL
29	30	3		מַלְכוּת֖/וֹ	4438	HNcfsc/Sp3ms	13YQt
29	30	4		וּ/גְבוּרָת֑/וֹ	c/1369	HC/Ncfsc/Sp3ms	13zj2
29	30	5		וְ/הָ/עִתִּ֗ים	c/d/6256	HC/Td/Ncbpa	13SvN
29	30	6		אֲשֶׁ֨ר	834 a	HTr	13HNH
29	30	7		עָבְר֤וּ	5674 a	HVqp3cp	13bC8
29	30	8		עָלָי/ו֙	5921 a	HR/Sp3ms	138fP
29	30	9		וְ/עַל	c/5921 a	HC/R	13Xps
29	30	10		יִשְׂרָאֵ֔ל	3478	HNp	13RTb
29	30	11		וְ/עַ֖ל	c/5921 a	HC/R	13eWx
29	30	12		כָּל	3605	HNcmsc	13ByR
29	30	13		מַמְלְכ֥וֹת	4467	HNcfpc	13je3
29	30	14		הָ/אֲרָצֽוֹת	d/776	HTd/Ncbpa	13ZMS
