chapter	verse	word	type	surface	lemma	morph	id
1	1	1		וַ/יְהִ֗י	c/1961	HC/Vqw3ms	10xeN
1	1	2		אַֽחֲרֵי֙	310 a	HR	10Nvk
1	1	3		מ֣וֹת	4194	HNcmsc	10TyA
1	1	4		שָׁא֔וּל	7586	HNp	10vuQ
1	1	5		וְ/דָוִ֣ד	c/1732	HC/Np	10TSc
1	1	6		שָׁ֔ב	7725	HVqp3ms	10k5P
1	1	7		מֵ/הַכּ֖וֹת	m/5221	HR/Vhc	10nPh
1	1	8		אֶת	853	HTo	10LN3
1	1	9		הָ/עֲמָלֵ֑ק	d/6002	HTd/Np	10Qzf
1	1	10		וַ/יֵּ֧שֶׁב	c/3427	HC/Vqw3ms	10aPd
1	1	11		דָּוִ֛ד	1732	HNp	10eYX
1	1	12		בְּ/צִקְלָ֖ג	b/6860	HR/Np	10C5U
1	1	13		יָמִ֥ים	3117	HNcmpa	10qNN
1	1	14		שְׁנָֽיִם	8147	HAcmda	10EVS
1	2	1		וַ/יְהִ֣י	c/1961	HC/Vqw3ms	10PB6
1	2	2		בַּ/יּ֣וֹם	b/3117	HRd/Ncmsa	1037c
1	2	3		הַ/שְּׁלִישִׁ֗י	d/7992	HTd/Aomsa	10x9c
1	2	4		וְ/הִנֵּה֩	c/2009	HC/Tm	10yNB
1	2	5		אִ֨ישׁ	376	HNcmsa	1029t
1	2	6		בָּ֤א	935	HVqp3ms	10KZG
1	2	7		מִן	4480 a	HR	10TZE
1	2	8		הַֽ/מַּחֲנֶה֙	d/4264	HTd/Ncbsa	10thY
1	2	9		מֵ/עִ֣ם	m/5973 b	HR/R	10JM7
1	2	10		שָׁא֔וּל	7586	HNp	10fpo
1	2	11		וּ/בְגָדָ֣י/ו	c/899 b	HC/Ncmpc/Sp3ms	10W26
1	2	12		קְרֻעִ֔ים	7167	HVqsmpa	10yw4
1	2	13		וַ/אֲדָמָ֖ה	c/127	HC/Ncfsa	10jbg
1	2	14		עַל	5921 a	HR	10USR
1	2	15		רֹאשׁ֑/וֹ	7218 a	HNcmsc/Sp3ms	10v6U
1	2	16		וַ/יְהִי֙	c/1961	HC/Vqw3ms	105SS
1	2	17		בְּ/בֹא֣/וֹ	b/935	HR/Vqc/Sp3ms	10GzE
1	2	18		אֶל	413	HR	10qCU
1	2	19		דָּוִ֔ד	1732	HNp	10g2y
1	2	20		וַ/יִּפֹּ֥ל	c/5307	HC/Vqw3ms	10jQb
1	2	21		אַ֖רְצָ/ה	776	HNcbsa/Sd	10794
1	2	22		וַ/יִּשְׁתָּֽחוּ	c/7812	HC/Vtw3ms	10CsU
1	3	1		וַ/יֹּ֤אמֶר	c/559	HC/Vqw3ms	10XR4
1	3	2		ל/וֹ֙	l	HR/Sp3ms	10KvS
1	3	3		דָּוִ֔ד	1732	HNp	10dBc
1	3	4		אֵ֥י	335	HTi	10nAB
1	3	5		מִ/זֶּ֖ה	m/2088	HR/Pdxms	10kfX
1	3	6		תָּב֑וֹא	935	HVqi2ms	10Wkf
1	3	7		וַ/יֹּ֣אמֶר	c/559	HC/Vqw3ms	10wrL
1	3	8		אֵלָ֔י/ו	413	HR/Sp3ms	103TL
1	3	9		מִ/מַּחֲנֵ֥ה	m/4264	HR/Ncbsc	10LeN
1	3	10		יִשְׂרָאֵ֖ל	3478	HNp	10sMn
1	3	11		נִמְלָֽטְתִּי	4422	HVNp1cs	10Y3z
1	4	1		וַ/יֹּ֨אמֶר	c/559	HC/Vqw3ms	10NQN
1	4	2		אֵלָ֥י/ו	413	HR/Sp3ms	10uLf
1	4	3		דָּוִ֛ד	1732	HNp	10kA7
1	4	4		מֶה	4100	HTi	103TS
1	4	5		הָיָ֥ה	1961	HVqp3ms	10NFp
1	4	6		הַ/דָּבָ֖ר	d/1697	HTd/Ncmsa	107am
1	4	7		הַגֶּד	5046	HVhv2ms	10hh7
1	4	8		נָ֣א	4994	HTe	10BsK
1	4	9		לִ֑/י	l	HR/Sp1cs	10fsu
1	4	10		וַ֠/יֹּאמֶר	c/559	HC/Vqw3ms	108M6
1	4	11		אֲשֶׁר	834 a	HTr	10wM5
1	4	12		נָ֨ס	5127	HVqp3ms	10qty
1	4	13		הָ/עָ֜ם	d/5971 a	HTd/Ncmsa	105gQ
1	4	14		מִן	4480 a	HR	10Xw6
1	4	15		הַ/מִּלְחָמָ֗ה	d/4421	HTd/Ncfsa	10eHJ
1	4	16		וְ/גַם	c/1571	HC/Ta	10H6L
1	4	17		הַרְבֵּ֞ה	7235 a	HVha	10bmv
1	4	18		נָפַ֤ל	5307	HVqp3ms	10FV9
1	4	19		מִן	4480 a	HR	10Xm1
1	4	20		הָ/עָם֙	d/5971 a	HTd/Ncmsa	10UE6
1	4	21		וַ/יָּמֻ֔תוּ	c/4191	HC/Vqw3mp	10goK
1	4	22		וְ/גַ֗ם	c/1571	HC/Ta	10CyH
1	4	23		שָׁא֛וּל	7586	HNp	10A4a
1	4	24		וִ/יהוֹנָתָ֥ן	c/3083	HC/Np	105Pr
1	4	25		בְּנ֖/וֹ	1121 a	HNcmsc/Sp3ms	10L4k
1	4	26		מֵֽתוּ	4191	HVqp3cp	10Mnv
1	5	1		וַ/יֹּ֣אמֶר	c/559	HC/Vqw3ms	10mwU
1	5	2		דָּוִ֔ד	1732	HNp	10tKT
1	5	3		אֶל	413	HR	10NRT
1	5	4		הַ/נַּ֖עַר	d/5288	HTd/Ncmsa	10sRU
1	5	5		הַ/מַּגִּ֣יד	d/5046	HTd/Vhrmsa	10Wxq
1	5	6		ל֑/וֹ	l	HR/Sp3ms	109qY
1	5	7		אֵ֣יךְ	349 a	HTi	10n5f
1	5	8		יָדַ֔עְתָּ	3045	HVqp2ms	10YUq
1	5	9		כִּי	3588 a	HC	10fQr
1	5	10		מֵ֥ת	4191	HVqp3ms	10L7t
1	5	11		שָׁא֖וּל	7586	HNp	10A74
1	5	12		וִ/יהֽוֹנָתָ֥ן	c/3083	HC/Np	10dNE
1	5	13		בְּנֽ/וֹ	1121 a	HNcmsc/Sp3ms	10xdF
1	6	1		וַ/יֹּ֜אמֶר	c/559	HC/Vqw3ms	10AYg
1	6	2		הַ/נַּ֣עַר	d/5288	HTd/Ncmsa	10Ls9
1	6	3		הַ/מַּגִּ֣יד	d/5046	HTd/Vhrmsa	10Snp
1	6	4		ל֗/וֹ	l	HR/Sp3ms	1087B
1	6	5		נִקְרֹ֤א	7122	HVNa	10nLp
1	6	6		נִקְרֵ֨יתִי֙	7136 a	HVNp1cs	10PzC
1	6	7		בְּ/הַ֣ר	b/2022	HR/Ncmsc	10NPq
1	6	8		הַ/גִּלְבֹּ֔עַ	d/1533	HTd/Np	10d5m
1	6	9		וְ/הִנֵּ֥ה	c/2009	HC/Tm	10BYa
1	6	10		שָׁא֖וּל	7586	HNp	10LJh
1	6	11		נִשְׁעָ֣ן	8172	HVNrmsa	10tRR
1	6	12		עַל	5921 a	HR	10Q7E
1	6	13		חֲנִית֑/וֹ	2595	HNcfsc/Sp3ms	10dv1
1	6	14		וְ/הִנֵּ֥ה	c/2009	HC/Tm	10QwM
1	6	15		הָ/רֶ֛כֶב	d/7393	HTd/Ncmsa	10a62
1	6	16		וּ/בַעֲלֵ֥י	c/1167	HC/Ncmpc	10KvD
1	6	17		הַ/פָּרָשִׁ֖ים	d/6571 b	HTd/Ncmpa	10GLz
1	6	18		הִדְבִּקֻֽ/הוּ	1692	HVhp3cp/Sp3ms	10BU7
1	7	1		וַ/יִּ֥פֶן	c/6437	HC/Vqw3ms	10iy2
1	7	2		אַחֲרָ֖י/ו	310 a	HR/Sp3ms	10zQ2
1	7	3		וַ/יִּרְאֵ֑/נִי	c/7200	HC/Vqw3ms/Sp1cs	10Wxx
1	7	4		וַ/יִּקְרָ֣א	c/7121	HC/Vqw3ms	10jQ8
1	7	5		אֵלָ֔/י	413	HR/Sp1cs	10Haa
1	7	6		וָ/אֹמַ֖ר	c/559	HC/Vqw1cs	10fJN
1	7	7		הִנֵּֽ/נִי	2005	HTm/Sp1cs	109KV
1	8	1		וַ/יֹּ֥אמֶר	c/559	HC/Vqw3ms	10F1s
1	8	2		לִ֖/י	l	HR/Sp1cs	10dns
1	8	3		מִי	4310	HTi	10GK3
1	8	4		אָ֑תָּה	859 a	HPp2ms	10nRZ
1	8	5	x-ketiv	ו/יאמר	c/559	HC/Vqw3ms	10cpb
1	8	6		וָ/אֹמַ֣ר	c/559	HC/Vqw1cs	10zio
1	8	7		אֵלָ֔י/ו	413	HR/Sp3ms	10Qsh
1	8	8		עֲמָלֵקִ֖י	6003	HNgmsa	10zTj
1	8	9		אָנֹֽכִי	595	HPp1cs	10fPi
1	9	1		וַ/יֹּ֣אמֶר	c/559	HC/Vqw3ms	10GYe
1	9	2		אֵלַ֗/י	413	HR/Sp1cs	10Bbz
1	9	3		עֲמָד	5975	HVqv2ms	10VA9
1	9	4		נָ֤א	4994	HTe	10fV3
1	9	5		עָלַ/י֙	5921 a	HR/Sp1cs	10Sov
1	9	6		וּ/מֹ֣תְתֵ֔/נִי	c/4191	HC/Vov2ms/Sp1cs	10V27
1	9	7		כִּ֥י	3588 a	HC	10ifp
1	9	8		אֲחָזַ֖/נִי	270	HVqp3ms/Sp1cs	107ZG
1	9	9		הַ/שָּׁבָ֑ץ	d/7661	HTd/Ncmsa	10B2d
1	9	10		כִּֽי	3588 a	HC	10ewe
1	9	11		כָל	3605	HNcmsc	10SV6
1	9	12		ע֥וֹד	5750	HD	10G83
1	9	13		נַפְשִׁ֖/י	5315	HNcbsc/Sp1cs	10vzS
1	9	14		בִּֽ/י	b	HR/Sp1cs	10Gq9
1	10	1		וָ/אֶעֱמֹ֤ד	c/5975	HC/Vqw1cs	103y8
1	10	2		עָלָי/ו֙	5921 a	HR/Sp3ms	10TXw
1	10	3		וַ/אֲמֹ֣תְתֵ֔/הוּ	c/4191	HC/Vow1cs/Sp3ms	10Y4K
1	10	4		כִּ֣י	3588 a	HC	10C32
1	10	5		יָדַ֔עְתִּי	3045	HVqp1cs	10aMT
1	10	6		כִּ֛י	3588 a	HC	10Cof
1	10	7		לֹ֥א	3808	HTn	10YWU
1	10	8		יִֽחְיֶ֖ה	2421	HVqi3ms	10rAQ
1	10	9		אַחֲרֵ֣י	310 a	HR	10fLi
1	10	10		נִפְל֑/וֹ	5307	HVqc/Sp3ms	10Ptj
1	10	11		וָ/אֶקַּ֞ח	c/3947	HC/Vqw1cs	10AJj
1	10	12		הַ/נֵּ֣זֶר	d/5145	HTd/Ncmsa	109Hv
1	10	13		אֲשֶׁ֣ר	834 a	HTr	10j1i
1	10	14		עַל	5921 a	HR	10J9J
1	10	15		רֹאשׁ֗/וֹ	7218 a	HNcmsc/Sp3ms	10U4n
1	10	16		וְ/אֶצְעָדָה֙	c/685	HC/Ncfsa	102Kt
1	10	17		אֲשֶׁ֣ר	834 a	HTr	10RmH
1	10	18		עַל	5921 a	HR	10SWL
1	10	19		זְרֹע֔/וֹ	2220	HNcbsc/Sp3ms	1075P
1	10	20		וָ/אֲבִיאֵ֥/ם	c/935	HC/Vhw1cs/Sp3mp	103Lj
1	10	21		אֶל	413	HR	10Qa3
1	10	22		אֲדֹנִ֖/י	113	HNcmsc/Sp1cs	10WTe
1	10	23		הֵֽנָּה	2008	HD	106VM
1	11	1		וַ/יַּחֲזֵ֥ק	c/2388	HC/Vhw3ms	10sKn
1	11	2		דָּוִ֛ד	1732	HNp	10oAj
1	11	3	x-ketiv	ב/בגד/ו	b/899 b	HR/Ncmsc/Sp3ms	10AxB
1	11	4		בִּ/בְגָדָ֖י/ו	b/899 b	HR/Ncmpc/Sp3ms	10Ap3
1	11	5		וַ/יִּקְרָעֵ֑/ם	c/7167	HC/Vqw3ms/Sp3mp	10CEu
1	11	6		וְ/גַ֥ם	c/1571	HC/Ta	10zpy
1	11	7		כָּל	3605	HNcmsc	10FiN
1	11	8		הָ/אֲנָשִׁ֖ים	d/376	HTd/Ncmpa	10cLk
1	11	9		אֲשֶׁ֥ר	834 a	HTr	1092v
1	11	10		אִתּֽ/וֹ	854	HR/Sp3ms	10j63
1	12	1		וַֽ/יִּסְפְּדוּ֙	c/5594	HC/Vqw3mp	10LFW
1	12	2		וַ/יִּבְכּ֔וּ	c/1058	HC/Vqw3mp	10FbT
1	12	3		וַ/יָּצֻ֖מוּ	c/6684	HC/Vqw3mp	10Bx7
1	12	4		עַד	5704	HR	10btu
1	12	5		הָ/עָ֑רֶב	d/6153	HTd/Ncmsa	10rTK
1	12	6		עַל	5921 a	HR	10SHw
1	12	7		שָׁא֞וּל	7586	HNp	10VuH
1	12	8		וְ/עַל	c/5921 a	HC/R	10Axb
1	12	9		יְהוֹנָתָ֣ן	3083	HNp	10xva
1	12	10		בְּנ֗/וֹ	1121 a	HNcmsc/Sp3ms	10NrT
1	12	11		וְ/עַל	c/5921 a	HC/R	10iAD
1	12	12		עַ֤ם	5971 a	HNcmsc	10372
1	12	13		יְהוָה֙	3068	HNp	10FMU
1	12	14		וְ/עַל	c/5921 a	HC/R	10SaV
1	12	15		בֵּ֣ית	1004 b	HNcmsc	104W9
1	12	16		יִשְׂרָאֵ֔ל	3478	HNp	10MmM
1	12	17		כִּ֥י	3588 a	HC	10wJn
1	12	18		נָפְל֖וּ	5307	HVqp3cp	10CQo
1	12	19		בֶּ/חָֽרֶב	b/2719	HRd/Ncfsa	10XyU
1	13	1		וַ/יֹּ֣אמֶר	c/559	HC/Vqw3ms	10BG4
1	13	2		דָּוִ֗ד	1732	HNp	10YHH
1	13	3		אֶל	413	HR	10sHf
1	13	4		הַ/נַּ֨עַר֙	d/5288	HTd/Ncmsa	10iee
1	13	5		הַ/מַּגִּ֣יד	d/5046	HTd/Vhrmsa	103eS
1	13	6		ל֔/וֹ	l	HR/Sp3ms	10ddd
1	13	7		אֵ֥י	335	HTi	10hxo
1	13	8		מִ/זֶּ֖ה	m/2088	HR/Pdxms	10TW6
1	13	9		אָ֑תָּה	859 a	HPp2ms	10PVx
1	13	10		וַ/יֹּ֕אמֶר	c/559	HC/Vqw3ms	10PGK
1	13	11		בֶּן	1121 a	HNcmsc	10U4a
1	13	12		אִ֛ישׁ	376	HNcmsa	10dSQ
1	13	13		גֵּ֥ר	1616	HNcmsa	10Qbs
1	13	14		עֲמָלֵקִ֖י	6003	HNgmsa	10ndZ
1	13	15		אָנֹֽכִי	595	HPp1cs	10Xa1
1	14	1		וַ/יֹּ֥אמֶר	c/559	HC/Vqw3ms	103yJ
1	14	2		אֵלָ֖י/ו	413	HR/Sp3ms	10B6c
1	14	3		דָּוִ֑ד	1732	HNp	10bju
1	14	4		אֵ֚יךְ	349 a	HTi	10cn3
1	14	5		לֹ֣א	3808	HTn	107mS
1	14	6		יָרֵ֔אתָ	3372	HVqp2ms	10dJe
1	14	7		לִ/שְׁלֹ֨חַ֙	l/7971	HR/Vqc	10WvG
1	14	8		יָֽדְ/ךָ֔	3027	HNcbsc/Sp2ms	10RXg
1	14	9		לְ/שַׁחֵ֖ת	l/7843	HR/Vpc	10pqY
1	14	10		אֶת	853	HTo	10n9v
1	14	11		מְשִׁ֥יחַ	4899	HNcmsc	10gYe
1	14	12		יְהוָֽה	3068	HNp	10eXj
1	15	1		וַ/יִּקְרָ֣א	c/7121	HC/Vqw3ms	108ro
1	15	2		דָוִ֗ד	1732	HNp	10v5z
1	15	3		לְ/אַחַד֙	l/259	HR/Acmsa	10bCC
1	15	4		מֵֽ/הַ/נְּעָרִ֔ים	m/d/5288	HR/Td/Ncmpa	106By
1	15	5		וַ/יֹּ֖אמֶר	c/559	HC/Vqw3ms	10CZB
1	15	6		גַּ֣שׁ	5066	HVqv2ms	10VTb
1	15	7		פְּגַע	6293	HVqv2ms	106qf
1	15	8		בּ֑/וֹ	b	HR/Sp3ms	10efz
1	15	9		וַ/יַּכֵּ֖/הוּ	c/5221	HC/Vhw3ms/Sp3ms	10QG5
1	15	10		וַ/יָּמֹֽת	c/4191	HC/Vqw3ms	103k3
1	16	1		וַ/יֹּ֤אמֶר	c/559	HC/Vqw3ms	101rL
1	16	2		אֵלָי/ו֙	413	HR/Sp3ms	10W2c
1	16	3		דָּוִ֔ד	1732	HNp	10mL3
1	16	4	x-ketiv	דמי/ך	1818	HNcmpc/Sp2ms	10zfc
1	16	5		דָּמְ/ךָ֖	1818	HNcmsc/Sp2ms	10sYp
1	16	6		עַל	5921 a	HR	10GvF
1	16	7		רֹאשֶׁ֑/ךָ	7218 a	HNcmsc/Sp2ms	10dAC
1	16	8		כִּ֣י	3588 a	HC	10i4W
1	16	9		פִ֗י/ךָ	6310	HNcmsc/Sp2ms	10chR
1	16	10		עָנָ֤ה	6030 b	HVqp3ms	10Ddq
1	16	11		בְ/ךָ֙	b	HR/Sp2ms	10dSp
1	16	12		לֵ/אמֹ֔ר	l/559	HR/Vqc	10ecS
1	16	13		אָנֹכִ֥י	595	HPp1cs	102tG
1	16	14		מֹתַ֖תִּי	4191	HVop1cs	10Xzm
1	16	15		אֶת	853	HTo	10CCj
1	16	16		מְשִׁ֥יחַ	4899	HNcmsc	10gV8
1	16	17		יְהוָֽה	3068	HNp	10Czz
1	17	1		וַ/יְקֹנֵ֣ן	c/6969	HC/Vow3ms	10uXX
1	17	2		דָּוִ֔ד	1732	HNp	10xCL
1	17	3		אֶת	853	HTo	10Qnr
1	17	4		הַ/קִּינָ֖ה	d/7015	HTd/Ncfsa	106kU
1	17	5		הַ/זֹּ֑את	d/2063	HTd/Pdxfs	10qry
1	17	6		עַל	5921 a	HR	10bvP
1	17	7		שָׁא֖וּל	7586	HNp	10wjj
1	17	8		וְ/עַל	c/5921 a	HC/R	10Tn7
1	17	9		יְהוֹנָתָ֥ן	3083	HNp	10hEs
1	17	10		בְּנֽ/וֹ	1121 a	HNcmsc/Sp3ms	10xAF
1	18	1		וַ/יֹּ֕אמֶר	c/559	HC/Vqw3ms	10qg1
1	18	2		לְ/לַמֵּ֥ד	l/3925	HR/Vpc	106w9
1	18	3		בְּנֵֽי	1121 a	HNcmpc	10wA4
1	18	4		יְהוּדָ֖ה	3063	HNp	10ibe
1	18	5		קָ֑שֶׁת	7198	HNcfsa	10v8V
1	18	6		הִנֵּ֥ה	2009	HTm	10T2S
1	18	7		כְתוּבָ֖ה	3789	HVqsfsa	10tkJ
1	18	8		עַל	5921 a	HR	10EXL
1	18	9		סֵ֥פֶר	5612 a	HNcmsc	10ZPN
1	18	10		הַ/יָּשָֽׁר	d/3477	HTd/Aamsa	10q1G
1	19	1		הַ/צְּבִי֙	d/6643 a	HTd/Ncmsa	10bYD
1	19	2		יִשְׂרָאֵ֔ל	3478	HNp	10v2F
1	19	3		עַל	5921 a	HR	107vt
1	19	4		בָּמוֹתֶ֖י/ךָ	1116	HNcfpc/Sp2ms	10kDm
1	19	5		חָלָ֑ל	2491 a	HAamsa	10doW
1	19	6		אֵ֖יךְ	349 a	HTi	10eRa
1	19	7		נָפְל֥וּ	5307	HVqp3cp	10kDf
1	19	8		גִבּוֹרִֽים	1368	HAampa	1063G
1	20	1		אַל	408	HTn	10WPn
1	20	2		תַּגִּ֣ידוּ	5046	HVhj2mp	101jv
1	20	3		בְ/גַ֔ת	b/1661	HR/Np	10cK8
1	20	4		אַֽל	408	HTn	10DDb
1	20	5		תְּבַשְּׂר֖וּ	1319	HVpj2mp	10RCg
1	20	6		בְּ/חוּצֹ֣ת	b/2351	HR/Ncmpc	105KE
1	20	7		אַשְׁקְל֑וֹן	831	HNp	10qVd
1	20	8		פֶּן	6435	HC	10koG
1	20	9		תִּשְׂמַ֨חְנָה֙	8055	HVqi3fp	10e6B
1	20	10		בְּנ֣וֹת	1323	HNcfpc	108GY
1	20	11		פְּלִשְׁתִּ֔ים	6430	HNgmpa	10GpK
1	20	12		פֶּֽן	6435	HC	1068C
1	20	13		תַּעֲלֹ֖זְנָה	5937	HVqi3fp	10CMz
1	20	14		בְּנ֥וֹת	1323	HNcfpc	10D4c
1	20	15		הָ/עֲרֵלִֽים	d/6189	HTd/Aampa	10ta1
1	21	1		הָרֵ֣י	2022	HNcmpc	10JnD
1	21	2		בַ/גִּלְבֹּ֗עַ	b/1533	HRd/Np	10jfz
1	21	3		אַל	408	HTn	10ErQ
1	21	4		טַ֧ל	2919	HNcmsa	104fv
1	21	5		וְ/אַל	c/408	HC/Tn	10yDv
1	21	6		מָטָ֛ר	4306	HNcmsa	10jyT
1	21	7		עֲלֵי/כֶ֖ם	5921 a	HR/Sp2mp	10Unh
1	21	8		וּ/שְׂדֵ֣י	c/7704 b	HC/Ncmpc	10QH2
1	21	9		תְרוּמֹ֑ת	8641	HNcfpa	10xxn
1	21	10		כִּ֣י	3588 a	HC	10ou4
1	21	11		שָׁ֤ם	8033	HD	103KZ
1	21	12		נִגְעַל֙	1602	HVNp3ms	10jNE
1	21	13		מָגֵ֣ן	4043	HNcbsc	10hj3
1	21	14		גִּבּוֹרִ֔ים	1368	HAampa	10iDs
1	21	15		מָגֵ֣ן	4043	HNcbsc	106Lo
1	21	16		שָׁא֔וּל	7586	HNp	10JZq
1	21	17		בְּלִ֖י	1097	HTn	10ZpQ
1	21	18		מָשִׁ֥יחַ	4899	HNcmsa	109gS
1	21	19		בַּ/שָּֽׁמֶן	b/8081	HRd/Ncmsa	10LAe
1	22	1		מִ/דַּ֣ם	m/1818	HR/Ncmsc	10qK3
1	22	2		חֲלָלִ֗ים	2491 a	HAampa	101Cv
1	22	3		מֵ/חֵ֨לֶב֙	m/2459	HR/Ncmsc	10PBQ
1	22	4		גִּבּוֹרִ֔ים	1368	HAampa	10mr5
1	22	5		קֶ֚שֶׁת	7198	HNcfsc	10QDu
1	22	6		יְה֣וֹנָתָ֔ן	3083	HNp	10PbY
1	22	7		לֹ֥א	3808	HTn	10Ew6
1	22	8		נָשׂ֖וֹג	7734	HVNp3ms	1074R
1	22	9		אָח֑וֹר	268	HNcmsa	106zt
1	22	10		וְ/חֶ֣רֶב	c/2719	HC/Ncfsc	10zEm
1	22	11		שָׁא֔וּל	7586	HNp	102dm
1	22	12		לֹ֥א	3808	HTn	10uYh
1	22	13		תָשׁ֖וּב	7725	HVqi3fs	10YxK
1	22	14		רֵיקָֽם	7387	HD	10aSJ
1	23	1		שָׁא֣וּל	7586	HNp	10Kz2
1	23	2		וִ/יהוֹנָתָ֗ן	c/3083	HC/Np	10YhQ
1	23	3		הַ/נֶּאֱהָבִ֤ים	d/157	HTd/VNrmpa	10azZ
1	23	4		וְ/הַ/נְּעִימִם֙	c/d/5273 a	HC/Td/Aampa	10oiy
1	23	5		בְּ/חַיֵּי/הֶ֔ם	b/2416 e	HR/Ncmpc/Sp3mp	10gPX
1	23	6		וּ/בְ/מוֹתָ֖/ם	c/b/4194	HC/R/Ncmsc/Sp3mp	10gtq
1	23	7		לֹ֣א	3808	HTn	10HSQ
1	23	8		נִפְרָ֑דוּ	6504	HVNp3cp	10fbB
1	23	9		מִ/נְּשָׁרִ֣ים	m/5404	HR/Ncmpa	10k1L
1	23	10		קַ֔לּוּ	7043	HVqp3cp	102tS
1	23	11		מֵ/אֲרָי֖וֹת	m/738 a	HR/Ncmpa	10EVu
1	23	12		גָּבֵֽרוּ	1396	HVqp3cp	10ygU
1	24	1		בְּנוֹת֙	1323	HNcfpc	10swV
1	24	2		יִשְׂרָאֵ֔ל	3478	HNp	10HjU
1	24	3		אֶל	413	HR	10d3U
1	24	4		שָׁא֖וּל	7586	HNp	10NtK
1	24	5		בְּכֶ֑ינָה	1058	HVqv2fp	10U94
1	24	6		הַ/מַּלְבִּֽשְׁ/כֶ֤ם	d/3847	HTd/Vhrmsc/Sp2mp	10zqr
1	24	7		שָׁנִי֙	8144	HNcmsa	106JA
1	24	8		עִם	5973 a	HR	10JyD
1	24	9		עֲדָנִ֔ים	5730 a	HNcmpa	10jjy
1	24	10		הַֽ/מַּעֲלֶה֙	d/5927	HTd/Vhrmsa	1079E
1	24	11		עֲדִ֣י	5716	HNcmsc	10Zuo
1	24	12		זָהָ֔ב	2091	HNcmsa	10LXS
1	24	13		עַ֖ל	5921 a	HR	10mR4
1	24	14		לְבוּשְׁ/כֶֽן	3830	HNcmsc/Sp2fp	10MC8
1	25	1		אֵ֚יךְ	349 a	HTi	10BnR
1	25	2		נָפְל֣וּ	5307	HVqp3cp	10PUg
1	25	3		גִבֹּרִ֔ים	1368	HAampa	10pUN
1	25	4		בְּ/ת֖וֹךְ	b/8432	HR/Ncmsc	10gc8
1	25	5		הַ/מִּלְחָמָ֑ה	d/4421	HTd/Ncfsa	10Lsp
1	25	6		יְה֣וֹנָתָ֔ן	3083	HNp	10SAE
1	25	7		עַל	5921 a	HR	103gY
1	25	8		בָּמוֹתֶ֖י/ךָ	1116	HNcfpc/Sp2ms	10RuM
1	25	9		חָלָֽל	2491 a	HAamsa	10WFU
1	26	1		צַר	6887 b	HVqp3ms	10BJv
1	26	2		לִ֣/י	l	HR/Sp1cs	10ExP
1	26	3		עָלֶ֗י/ךָ	5921 a	HR/Sp2ms	10ypu
1	26	4		אָחִ/י֙	251	HNcmsc/Sp1cs	10mP3
1	26	5		יְה֣וֹנָתָ֔ן	3083	HNp	10V8b
1	26	6		נָעַ֥מְתָּ	5276	HVqp2ms	10suQ
1	26	7		לִּ֖/י	l	HR/Sp1cs	101Su
1	26	8		מְאֹ֑ד	3966	HD	10MEz
1	26	9		נִפְלְאַ֤תָה	6381	HVNp3fs	10Q2u
1	26	10		אַהֲבָֽתְ/ךָ֙	160	HNcfsc/Sp2ms	10yT5
1	26	11		לִ֔/י	l	HR/Sp1cs	10b5Q
1	26	12		מֵ/אַהֲבַ֖ת	m/160	HR/Ncfsc	10F88
1	26	13		נָשִֽׁים	802	HNcfpa	10AXb
1	27	1		אֵ֚יךְ	349 a	HTi	10Wjz
1	27	2		נָפְל֣וּ	5307	HVqp3cp	10bPJ
1	27	3		גִבּוֹרִ֔ים	1368	HAampa	10hS1
1	27	4		וַ/יֹּאבְד֖וּ	c/6	HC/Vqw3mp	10h53
1	27	5		כְּלֵ֥י	3627	HNcmpc	10vpK
1	27	6		מִלְחָמָֽה	4421	HNcfsa	10G6E
2	1	1		וַ/יְהִ֣י	c/1961	HC/Vqw3ms	104vX
2	1	2		אַֽחֲרֵי	310 a	HR	10X1R
2	1	3		כֵ֗ן	3651 c	HD	10bsu
2	1	4		וַ/יִּשְׁאַל֩	c/7592	HC/Vqw3ms	10Ygn
2	1	5		דָּוִ֨ד	1732	HNp	102gM
2	1	6		בַּֽ/יהוָ֤ה	b/3068	HR/Np	10pAw
2	1	7		לֵ/אמֹר֙	l/559	HR/Vqc	10mVV
2	1	8		הַ/אֶעֱלֶ֗ה	i/5927	HTi/Vqi1cs	10FMa
2	1	9		בְּ/אַחַת֙	b/259	HR/Acfsc	10KPU
2	1	10		עָרֵ֣י	5892 b	HNcfpc	10ki2
2	1	11		יְהוּדָ֔ה	3063	HNp	105pZ
2	1	12		וַ/יֹּ֧אמֶר	c/559	HC/Vqw3ms	10HWo
2	1	13		יְהוָ֛ה	3068	HNp	10zkA
2	1	14		אֵלָ֖י/ו	413	HR/Sp3ms	10JMT
2	1	15		עֲלֵ֑ה	5927	HVqv2ms	10jEX
2	1	16		וַ/יֹּ֧אמֶר	c/559	HC/Vqw3ms	10uUA
2	1	17		דָּוִ֛ד	1732	HNp	10tKf
2	1	18		אָ֥נָה	575	HD	10awE
2	1	19		אֶעֱלֶ֖ה	5927	HVqi1cs	10yNT
2	1	20		וַ/יֹּ֥אמֶר	c/559	HC/Vqw3ms	10Azu
2	1	21		חֶבְרֹֽנָ/ה	2275 a	HNp/Sd	10884
2	2	1		וַ/יַּ֤עַל	c/5927	HC/Vqw3ms	10XMu
2	2	2		שָׁם֙	8033	HD	10mrn
2	2	3		דָּוִ֔ד	1732	HNp	10Xh9
2	2	4		וְ/גַ֖ם	c/1571	HC/Ta	10D3a
2	2	5		שְׁתֵּ֣י	8147	HAcfdc	10wEr
2	2	6		נָשָׁ֑י/ו	802	HNcfpc/Sp3ms	10Rvc
2	2	7		אֲחִינֹ֨עַם֙	293	HNp	10c6V
2	2	8		הַ/יִּזְרְעֵלִ֔ית	d/3159	HTd/Ngfsa	108eM
2	2	9		וַ/אֲבִיגַ֕יִל	c/26	HC/Np	10xkK
2	2	10		אֵ֖שֶׁת	802	HNcfsc	10rGa
2	2	11		נָבָ֥ל	5037	HNp	10fp1
2	2	12		הַֽ/כַּרְמְלִֽי	d/3761	HTd/Ngmsa	10Y9g
2	3	1		וַ/אֲנָשָׁ֧י/ו	c/376	HC/Ncmpc/Sp3ms	10mGU
2	3	2		אֲשֶׁר	834 a	HTr	10gBW
2	3	3		עִמּ֛/וֹ	5973 a	HR/Sp3ms	10eLD
2	3	4		הֶעֱלָ֥ה	5927	HVhp3ms	1093F
2	3	5		דָוִ֖ד	1732	HNp	10eyL
2	3	6		אִ֣ישׁ	376	HNcmsa	10pm7
2	3	7		וּ/בֵית֑/וֹ	c/1004 b	HC/Ncmsc/Sp3ms	10teU
2	3	8		וַ/יֵּשְׁב֖וּ	c/3427	HC/Vqw3mp	10c58
2	3	9		בְּ/עָרֵ֥י	b/5892 b	HR/Ncfpc	10MRA
2	3	10		חֶבְרֽוֹן	2275 a	HNp	10xp4
2	4	1		וַ/יָּבֹ֨אוּ֙	c/935	HC/Vqw3mp	10Hki
2	4	2		אַנְשֵׁ֣י	376	HNcmpc	10QvZ
2	4	3		יְהוּדָ֔ה	3063	HNp	10S38
2	4	4		וַ/יִּמְשְׁחוּ	c/4886	HC/Vqw3mp	10eN1
2	4	5		שָׁ֧ם	8033	HD	10HoD
2	4	6		אֶת	853	HTo	10P5s
2	4	7		דָּוִ֛ד	1732	HNp	105QX
2	4	8		לְ/מֶ֖לֶךְ	l/4428	HR/Ncmsa	10Mxy
2	4	9		עַל	5921 a	HR	10w6u
2	4	10		בֵּ֣ית	1004 b	HNcmsc	10e3z
2	4	11		יְהוּדָ֑ה	3063	HNp	102c6
2	4	12		וַ/יַּגִּ֤דוּ	c/5046	HC/Vhw3mp	103RL
2	4	13		לְ/דָוִד֙	l/1732	HR/Np	10JUf
2	4	14		לֵ/אמֹ֔ר	l/559	HR/Vqc	10ce9
2	4	15		אַנְשֵׁי֙	376	HNcmpc	10dPK
2	4	16		יָבֵ֣ישׁ	3003	HNp	10vLv
2	4	17		גִּלְעָ֔ד	1568	HNp	10UrG
2	4	18		אֲשֶׁ֥ר	834 a	HTr	10Sxc
2	4	19		קָבְר֖וּ	6912	HVqp3cp	10xwN
2	4	20		אֶת	853	HTo	10GjY
2	4	21		שָׁאֽוּל	7586	HNp	10KNo
2	5	1		וַ/יִּשְׁלַ֤ח	c/7971	HC/Vqw3ms	10NLD
2	5	2		דָּוִד֙	1732	HNp	10GUh
2	5	3		מַלְאָכִ֔ים	4397	HNcmpa	105aF
2	5	4		אֶל	413	HR	10taY
2	5	5		אַנְשֵׁ֖י	376	HNcmpc	10EZz
2	5	6		יָבֵ֣ישׁ	3003	HNp	10Hnw
2	5	7		גִּלְעָ֑ד	1568	HNp	10pXi
2	5	8		וַ/יֹּ֣אמֶר	c/559	HC/Vqw3ms	10Nq4
2	5	9		אֲלֵי/הֶ֗ם	413	HR/Sp3mp	10rZH
2	5	10		בְּרֻכִ֤ים	1288	HVqsmpa	10GtT
2	5	11		אַתֶּם֙	859 d	HPp2mp	10kwz
2	5	12		לַֽ/יהוָ֔ה	l/3068	HR/Np	10tc4
2	5	13		אֲשֶׁ֨ר	834 a	HTr	10CMD
2	5	14		עֲשִׂיתֶ֜ם	6213 a	HVqp2mp	105eq
2	5	15		הַ/חֶ֣סֶד	d/2617 a	HTd/Ncmsa	10Cj2
2	5	16		הַ/זֶּ֗ה	d/2088	HTd/Pdxms	10Ttm
2	5	17		עִם	5973 a	HR	106Vi
2	5	18		אֲדֹֽנֵי/כֶם֙	113	HNcmpc/Sp2mp	10V8W
2	5	19		עִם	5973 a	HR	10zg2
2	5	20		שָׁא֔וּל	7586	HNp	10gXh
2	5	21		וַֽ/תִּקְבְּר֖וּ	c/6912	HC/Vqw2mp	103iR
2	5	22		אֹתֽ/וֹ	853	HTo/Sp3ms	10RoG
2	6	1		וְ/עַתָּ֕ה	c/6258	HC/D	10jP7
2	6	2		יַֽעַשׂ	6213 a	HVqj3ms	10vCn
2	6	3		יְהוָ֥ה	3068	HNp	10jv3
2	6	4		עִמָּ/כֶ֖ם	5973 a	HR/Sp2mp	10ggL
2	6	5		חֶ֣סֶד	2617 a	HNcmsa	10MVq
2	6	6		וֶ/אֱמֶ֑ת	c/571	HC/Ncfsa	10g1y
2	6	7		וְ/גַ֣ם	c/1571	HC/Ta	10CBH
2	6	8		אָנֹכִ֗י	595	HPp1cs	103t6
2	6	9		אֶעֱשֶׂ֤ה	6213 a	HVqi1cs	10g33
2	6	10		אִתְּ/כֶם֙	854	HR/Sp2mp	10LDn
2	6	11		הַ/טּוֹבָ֣ה	d/2896 c	HTd/Aafsa	103jG
2	6	12		הַ/זֹּ֔את	d/2063	HTd/Pdxfs	10WDP
2	6	13		אֲשֶׁ֥ר	834 a	HTr	10eeF
2	6	14		עֲשִׂיתֶ֖ם	6213 a	HVqp2mp	10idA
2	6	15		הַ/דָּבָ֥ר	d/1697	HTd/Ncmsa	10Z4D
2	6	16		הַ/זֶּֽה	d/2088	HTd/Pdxms	10VMC
2	7	1		וְ/עַתָּ֣ה	c/6258	HC/D	10K8W
2	7	2		תֶּחֱזַ֣קְנָה	2388	HVqj3fp	106RX
2	7	3		יְדֵי/כֶ֗ם	3027	HNcbdc/Sp2mp	10bYm
2	7	4		וִֽ/הְיוּ֙	c/1961	HC/Vqv2mp	10M7H
2	7	5		לִ/בְנֵי	l/1121 a	HR/Ncmpc	10gcK
2	7	6		חַ֔יִל	2428	HNcmsa	10p7s
2	7	7		כִּי	3588 a	HC	10ZBR
2	7	8		מֵ֖ת	4191	HVqp3ms	10ACh
2	7	9		אֲדֹנֵי/כֶ֣ם	113	HNcmpc/Sp2mp	10mnL
2	7	10		שָׁא֑וּל	7586	HNp	1089r
2	7	11		וְ/גַם	c/1571	HC/Ta	10GmF
2	7	12		אֹתִ֗/י	853	HTo/Sp1cs	10fcv
2	7	13		מָשְׁח֧וּ	4886	HVqp3cp	10knb
2	7	14		בֵית	1004 b	HNcmsc	10Qpj
2	7	15		יְהוּדָ֛ה	3063	HNp	10MDS
2	7	16		לְ/מֶ֖לֶךְ	l/4428	HR/Ncmsa	10YBx
2	7	17		עֲלֵי/הֶֽם	5921 a	HR/Sp3mp	10kMZ
2	8	1		וְ/אַבְנֵ֣ר	c/74	HC/Np	10uqC
2	8	2		בֶּן	1121 a	HNcmsc	10VY5
2	8	3		נֵ֔ר	5369	HNp	10WJY
2	8	4		שַׂר	8269	HNcmsc	10brh
2	8	5		צָבָ֖א	6635 a	HNcbsa	10w1U
2	8	6		אֲשֶׁ֣ר	834 a	HTr	10aqT
2	8	7		לְ/שָׁא֑וּל	l/7586	HR/Np	10zXi
2	8	8		לָקַ֗ח	3947	HVqp3ms	10H8a
2	8	9		אֶת	853	HTo	10Sjh
2	8	10		אִ֥ישׁ	378+	HNp	10oYp
2	8	11		בֹּ֨שֶׁת֙	378	HNp	10Pht
2	8	12		בֶּן	1121 a	HNcmsc	10idy
2	8	13		שָׁא֔וּל	7586	HNp	10PU6
2	8	14		וַ/יַּעֲבִרֵ֖/הוּ	c/5674 a	HC/Vhw3ms/Sp3ms	10FCP
2	8	15		מַחֲנָֽיִם	4266	HNp	10YuY
2	9	1		וַ/יַּמְלִכֵ֨/הוּ֙	c/4427 a	HC/Vhw3ms/Sp3ms	108Js
2	9	2		אֶל	413	HR	10FyK
2	9	3		הַ/גִּלְעָ֔ד	d/1568	HTd/Np	10XjR
2	9	4		וְ/אֶל	c/413	HC/R	10jaD
2	9	5		הָ/אֲשׁוּרִ֖י	d/805 b	HTd/Ngmsa	10W7V
2	9	6		וְ/אֶֽל	c/413	HC/R	10U2Y
2	9	7		יִזְרְעֶ֑אל	3157	HNp	108na
2	9	8		וְ/עַל	c/5921 a	HC/R	10sgw
2	9	9		אֶפְרַ֨יִם֙	669	HNp	10MDX
2	9	10		וְ/עַל	c/5921 a	HC/R	10pPp
2	9	11		בִּנְיָמִ֔ן	1144	HNp	10ieN
2	9	12		וְ/עַל	c/5921 a	HC/R	10Csj
2	9	13		יִשְׂרָאֵ֖ל	3478	HNp	10rHn
2	9	14		כֻּלֹּֽ/ה	3605	HNcmsc/Sp3ms	10ViB
2	10	1		בֶּן	1121 a	HNcmsc	10CFo
2	10	2		אַרְבָּעִ֨ים	705	HAcbpa	105Ja
2	10	3		שָׁנָ֜ה	8141	HNcfsa	10UXS
2	10	4		אִֽישׁ	378+	HNp	10YQ8
2	10	5		בֹּ֣שֶׁת	378	HNp	10Abd
2	10	6		בֶּן	1121 a	HNcmsc	102UV
2	10	7		שָׁא֗וּל	7586	HNp	10ZtS
2	10	8		בְּ/מָלְכ/וֹ֙	b/4427 a	HR/Vqc/Sp3ms	10gMU
2	10	9		עַל	5921 a	HR	10nWb
2	10	10		יִשְׂרָאֵ֔ל	3478	HNp	10GXk
2	10	11		וּ/שְׁתַּ֥יִם	c/8147	HC/Acfda	10TZa
2	10	12		שָׁנִ֖ים	8141	HNcfpa	105qp
2	10	13		מָלָ֑ךְ	4427 a	HVqp3ms	10uHZ
2	10	14		אַ֚ךְ	389	HTa	10pAL
2	10	15		בֵּ֣ית	1004 b	HNcmsc	10hSr
2	10	16		יְהוּדָ֔ה	3063	HNp	10ZMk
2	10	17		הָי֖וּ	1961	HVqp3cp	10irW
2	10	18		אַחֲרֵ֥י	310 a	HR	10x72
2	10	19		דָוִֽד	1732	HNp	10FYV
2	11	1		וַֽ/יְהִי֙	c/1961	HC/Vqw3ms	10Uoo
2	11	2		מִסְפַּ֣ר	4557	HNcmsc	10sC3
2	11	3		הַ/יָּמִ֔ים	d/3117	HTd/Ncmpa	104CS
2	11	4		אֲשֶׁר֩	834 a	HTr	106n2
2	11	5		הָיָ֨ה	1961	HVqp3ms	10HqY
2	11	6		דָוִ֥ד	1732	HNp	10BFZ
2	11	7		מֶ֛לֶךְ	4428	HNcmsa	10shy
2	11	8		בְּ/חֶבְר֖וֹן	b/2275 a	HR/Np	10nzj
2	11	9		עַל	5921 a	HR	10vpT
2	11	10		בֵּ֣ית	1004 b	HNcmsc	103Sx
2	11	11		יְהוּדָ֑ה	3063	HNp	10qVv
2	11	12		שֶׁ֥בַע	7651	HAcfsa	10Kov
2	11	13		שָׁנִ֖ים	8141	HNcfpa	10HNy
2	11	14		וְ/שִׁשָּׁ֥ה	c/8337	HC/Acmsa	10Ta6
2	11	15		חֳדָשִֽׁים	2320	HNcmpa	10ER2
2	12	1		וַ/יֵּצֵא֙	c/3318	HC/Vqw3ms	10yP1
2	12	2		אַבְנֵ֣ר	74	HNp	10w4T
2	12	3		בֶּן	1121 a	HNcmsc	10Cyx
2	12	4		נֵ֔ר	5369	HNp	10qTT
2	12	5		וְ/עַבְדֵ֖י	c/5650	HC/Ncmpc	10m55
2	12	6		אִֽישׁ	378+	HNp	10AF1
2	12	7		בֹּ֣שֶׁת	378	HNp	105ED
2	12	8		בֶּן	1121 a	HNcmsc	10zCS
2	12	9		שָׁא֑וּל	7586	HNp	10LsC
2	12	10		מִֽ/מַּחֲנַ֖יִם	m/4266	HR/Np	10B4x
2	12	11		גִּבְעֽוֹנָ/ה	1391	HNp/Sd	10JB6
2	13	1		וְ/יוֹאָ֨ב	c/3097	HC/Np	10LzS
2	13	2		בֶּן	1121 a	HNcmsc	1083E
2	13	3		צְרוּיָ֜ה	6870	HNp	10hQD
2	13	4		וְ/עַבְדֵ֤י	c/5650	HC/Ncmpc	10LZD
2	13	5		דָוִד֙	1732	HNp	106bH
2	13	6		יָֽצְא֔וּ	3318	HVqp3cp	10Ekx
2	13	7		וַֽ/יִּפְגְּשׁ֛וּ/ם	c/6298	HC/Vqw3mp/Sp3mp	10PG7
2	13	8		עַל	5921 a	HR	10EL8
2	13	9		בְּרֵכַ֥ת	1295	HNcfsc	10ufm
2	13	10		גִּבְע֖וֹן	1391	HNp	10XSi
2	13	11		יַחְדָּ֑ו	3162 b	HD	10ELV
2	13	12		וַ/יֵּ֨שְׁב֜וּ	c/3427	HC/Vqw3mp	10Y6w
2	13	13		אֵ֤לֶּה	428	HPdxcp	10qLR
2	13	14		עַל	5921 a	HR	10vfq
2	13	15		הַ/בְּרֵכָה֙	d/1295	HTd/Ncfsa	10Qsx
2	13	16		מִ/זֶּ֔ה	m/2088	HR/Pdxms	108KZ
2	13	17		וְ/אֵ֥לֶּה	c/428	HC/Pdxcp	10GXq
2	13	18		עַל	5921 a	HR	10iCi
2	13	19		הַ/בְּרֵכָ֖ה	d/1295	HTd/Ncfsa	10vwH
2	13	20		מִ/זֶּֽה	m/2088	HR/Pdxms	10dbM
2	14	1		וַ/יֹּ֤אמֶר	c/559	HC/Vqw3ms	10Dqb
2	14	2		אַבְנֵר֙	74	HNp	10kCD
2	14	3		אֶל	413	HR	10XgW
2	14	4		יוֹאָ֔ב	3097	HNp	106PV
2	14	5		יָק֤וּמוּ	6965 b	HVqj3mp	10qGs
2	14	6		נָא֙	4994	HTe	10w7p
2	14	7		הַ/נְּעָרִ֔ים	d/5288	HTd/Ncmpa	10k7H
2	14	8		וִֽ/ישַׂחֲק֖וּ	c/7832	HC/Vpi3mp	10r6F
2	14	9		לְ/פָנֵ֑י/נוּ	l/6440	HR/Ncbpc/Sp1cp	10Ugz
2	14	10		וַ/יֹּ֥אמֶר	c/559	HC/Vqw3ms	10Mjg
2	14	11		יוֹאָ֖ב	3097	HNp	10mdR
2	14	12		יָקֻֽמוּ	6965 b	HVqj3mp	10eWA
2	15	1		וַ/יָּקֻ֖מוּ	c/6965 b	HC/Vqw3mp	10CqN
2	15	2		וַ/יַּעַבְר֣וּ	c/5674 a	HC/Vqw3mp	10Cpt
2	15	3		בְ/מִסְפָּ֑ר	b/4557	HR/Ncmsa	10aSi
2	15	4		שְׁנֵ֧ים	8147	HAcmda	107VU
2	15	5		עָשָׂ֣ר	6240	HAcmsa	10eK3
2	15	6		לְ/בִנְיָמִ֗ן	l/1144	HR/Np	10c63
2	15	7		וּ/לְ/אִ֥ישׁ	c/l/378+	HC/R/Np	10TuL
2	15	8		בֹּ֨שֶׁת֙	378	HNp	10emQ
2	15	9		בֶּן	1121 a	HNcmsc	10uf4
2	15	10		שָׁא֔וּל	7586	HNp	10jQv
2	15	11		וּ/שְׁנֵ֥ים	c/8147	HC/Acmda	10ME1
2	15	12		עָשָׂ֖ר	6240	HAcmsa	10ht4
2	15	13		מֵ/עַבְדֵ֥י	m/5650	HR/Ncmpc	103Yo
2	15	14		דָוִֽד	1732	HNp	10pYb
2	16	1		וַֽ/יַּחֲזִ֜קוּ	c/2388	HC/Vhw3mp	10g5u
2	16	2		אִ֣ישׁ	376	HNcmsa	10w6U
2	16	3		בְּ/רֹ֣אשׁ	b/7218 a	HR/Ncmsc	10ifL
2	16	4		רֵעֵ֗/הוּ	7453	HNcmsc/Sp3ms	10LZU
2	16	5		וְ/חַרְבּ/וֹ֙	c/2719	HC/Ncfsc/Sp3ms	10yHT
2	16	6		בְּ/צַ֣ד	b/6654	HR/Ncmsc	109Dq
2	16	7		רֵעֵ֔/הוּ	7453	HNcmsc/Sp3ms	107Vg
2	16	8		וַֽ/יִּפְּל֖וּ	c/5307	HC/Vqw3mp	103LR
2	16	9		יַחְדָּ֑ו	3162 b	HD	10vdQ
2	16	10		וַ/יִּקְרָא֙	c/7121	HC/Vqw3ms	10zAa
2	16	11		לַ/מָּק֣וֹם	l/4725	HRd/Ncmsa	10HK3
2	16	12		הַ/ה֔וּא	d/1931	HTd/Pp3ms	10sCi
2	16	13		חֶלְקַ֥ת	2521+	HNp	10S3d
2	16	14		הַצֻּרִ֖ים	2521	HNp	10RFe
2	16	15		אֲשֶׁ֥ר	834 a	HTr	10PfQ
2	16	16		בְּ/גִבְעֽוֹן	b/1391	HR/Np	10AwN
2	17	1		וַ/תְּהִ֧י	c/1961	HC/Vqw3fs	10khc
2	17	2		הַ/מִּלְחָמָ֛ה	d/4421	HTd/Ncfsa	10kYA
2	17	3		קָשָׁ֥ה	7186	HAafsa	10u6F
2	17	4		עַד	5704	HR	10PYJ
2	17	5		מְאֹ֖ד	3966	HD	101Za
2	17	6		בַּ/יּ֣וֹם	b/3117	HRd/Ncmsa	10gam
2	17	7		הַ/ה֑וּא	d/1931	HTd/Pp3ms	10un5
2	17	8		וַ/יִּנָּ֤גֶף	c/5062	HC/VNw3ms	10WSe
2	17	9		אַבְנֵר֙	74	HNp	10AFs
2	17	10		וְ/אַנְשֵׁ֣י	c/376	HC/Ncmpc	10aJe
2	17	11		יִשְׂרָאֵ֔ל	3478	HNp	10g2t
2	17	12		לִ/פְנֵ֖י	l/6440	HR/Ncbpc	108HV
2	17	13		עַבְדֵ֥י	5650	HNcmpc	10j8W
2	17	14		דָוִֽד	1732	HNp	10h73
2	18	1		וַ/יִּֽהְיוּ	c/1961	HC/Vqw3mp	109Yh
2	18	2		שָׁ֗ם	8033	HD	10SkM
2	18	3		שְׁלֹשָׁה֙	7969	HAcmsa	10yXK
2	18	4		בְּנֵ֣י	1121 a	HNcmpc	10hDf
2	18	5		צְרוּיָ֔ה	6870	HNp	10PuA
2	18	6		יוֹאָ֥ב	3097	HNp	10myi
2	18	7		וַ/אֲבִישַׁ֖י	c/52	HC/Np	10YLn
2	18	8		וַ/עֲשָׂהאֵ֑ל	c/6214	HC/Np	10AXU
2	18	9		וַ/עֲשָׂהאֵל֙	c/6214	HC/Np	10reD
2	18	10		קַ֣ל	7031	HAamsa	10VFM
2	18	11		בְּ/רַגְלָ֔י/ו	b/7272	HR/Ncfdc/Sp3ms	10SGf
2	18	12		כְּ/אַחַ֥ד	k/259	HR/Acmsc	109jX
2	18	13		הַ/צְּבָיִ֖ם	d/6643 b	HTd/Ncbpa	106t4
2	18	14		אֲשֶׁ֥ר	834 a	HTr	10Yu7
2	18	15		בַּ/שָּׂדֶֽה	b/7704 b	HRd/Ncmsa	10vL9
2	19	1		וַ/יִּרְדֹּ֥ף	c/7291	HC/Vqw3ms	10G2d
2	19	2		עֲשָׂהאֵ֖ל	6214	HNp	10xY3
2	19	3		אַחֲרֵ֣י	310 a	HR	10Zmd
2	19	4		אַבְנֵ֑ר	74	HNp	10Wyn
2	19	5		וְ/לֹֽא	c/3808	HC/Tn	10njg
2	19	6		נָטָ֣ה	5186	HVqp3ms	10L6G
2	19	7		לָ/לֶ֗כֶת	l/3212	HR/Vqc	10EDP
2	19	8		עַל	5921 a	HR	10QUP
2	19	9		הַ/יָּמִין֙	d/3225	HTd/Ncfsa	10fv8
2	19	10		וְ/עַֽל	c/5921 a	HC/R	102SX
2	19	11		הַ/שְּׂמֹ֔אול	d/8040	HTd/Ncmsa	10pwZ
2	19	12		מֵ/אַחֲרֵ֖י	m/310 a	HR/R	10KKJ
2	19	13		אַבְנֵֽר	74	HNp	10U9v
2	20	1		וַ/יִּ֤פֶן	c/6437	HC/Vqw3ms	103V4
2	20	2		אַבְנֵר֙	74	HNp	10gJ1
2	20	3		אַֽחֲרָ֔י/ו	310 a	HR/Sp3ms	10rWk
2	20	4		וַ/יֹּ֕אמֶר	c/559	HC/Vqw3ms	106gQ
2	20	5		הַ/אַתָּ֥ה	i/859 a	HTi/Pp2ms	10mSF
2	20	6		זֶ֖ה	2088	HPdxms	10awX
2	20	7		עֲשָׂהאֵ֑ל	6214	HNp	10wik
2	20	8		וַ/יֹּ֖אמֶר	c/559	HC/Vqw3ms	10CVM
2	20	9		אָנֹֽכִי	595	HPp1cs	10gbT
2	21	1		וַ/יֹּ֧אמֶר	c/559	HC/Vqw3ms	10wMq
2	21	2		ל֣/וֹ	l	HR/Sp3ms	102GY
2	21	3		אַבְנֵ֗ר	74	HNp	10Doj
2	21	4		נְטֵ֤ה	5186	HVqv2ms	10m3h
2	21	5		לְ/ךָ֙	l	HR/Sp2ms	10Djb
2	21	6		עַל	5921 a	HR	10F5r
2	21	7		יְמִֽינְ/ךָ֙	3225	HNcfsc/Sp2ms	10V4p
2	21	8		א֣וֹ	176 a	HC	10HsZ
2	21	9		עַל	5921 a	HR	10DgA
2	21	10		שְׂמֹאלֶ֔/ךָ	8040	HNcmsc/Sp2ms	10QCa
2	21	11		וֶ/אֱחֹ֣ז	c/270	HC/Vqv2ms	10nps
2	21	12		לְ/ךָ֗	l	HR/Sp2ms	10oA2
2	21	13		אֶחָד֙	259	HAcmsa	10CYW
2	21	14		מֵֽ/הַ/נְּעָרִ֔ים	m/d/5288	HR/Td/Ncmpa	10TDs
2	21	15		וְ/קַח	c/3947	HC/Vqv2ms	10fhx
2	21	16		לְ/ךָ֖	l	HR/Sp2ms	10JPp
2	21	17		אֶת	853	HTo	10dWm
2	21	18		חֲלִצָת֑/וֹ	2488	HNcfsc/Sp3ms	10BYg
2	21	19		וְ/לֹֽא	c/3808	HC/Tn	109by
2	21	20		אָבָ֣ה	14	HVqp3ms	10VRt
2	21	21		עֲשָׂהאֵ֔ל	6214	HNp	10CPS
2	21	22		לָ/ס֖וּר	l/5493	HR/Vqc	10fiV
2	21	23		מֵ/אַחֲרָֽי/ו	m/310 a	HR/R/Sp3ms	10vAa
2	22	1		וַ/יֹּ֧סֶף	c/3254	HC/Vhw3ms	108Na
2	22	2		ע֣וֹד	5750	HD	10RZN
2	22	3		אַבְנֵ֗ר	74	HNp	10krV
2	22	4		לֵ/אמֹר֙	l/559	HR/Vqc	10sQy
2	22	5		אֶל	413	HR	10asy
2	22	6		עֲשָׂהאֵ֔ל	6214	HNp	10rxG
2	22	7		ס֥וּר	5493	HVqv2ms	106fj
2	22	8		לְ/ךָ֖	l	HR/Sp2ms	10oGi
2	22	9		מֵ/אַֽחֲרָ֑/י	m/310 a	HR/R/Sp1cs	10PrG
2	22	10		לָ֤/מָּה	l/4100	HR/Ti	10Ao4
2	22	11		אַכֶּ֨/כָּה֙	5221	HVhi1cs/Sp2ms	10fjK
2	22	12		אַ֔רְצָ/ה	776	HNcbsa/Sd	10Dwm
2	22	13		וְ/אֵיךְ֙	c/349 a	HC/Ti	1031Z
2	22	14		אֶשָּׂ֣א	5375	HVqi1cs	10nRw
2	22	15		פָנַ֔/י	6440	HNcbpc/Sp1cs	10qjY
2	22	16		אֶל	413	HR	102oH
2	22	17		יוֹאָ֖ב	3097	HNp	10H3W
2	22	18		אָחִֽי/ךָ	251	HNcmsc/Sp2ms	10wQL
2	23	1		וַ/יְמָאֵ֣ן	c/3985	HC/Vpw3ms	104LW
2	23	2		לָ/ס֗וּר	l/5493	HR/Vqc	10q4j
2	23	3		וַ/יַּכֵּ֣/הוּ	c/5221	HC/Vhw3ms/Sp3ms	10Jdu
2	23	4		אַבְנֵר֩	74	HNp	10cgg
2	23	5		בְּ/אַחֲרֵ֨י	b/310 a	HR/Ncmpc	10x5W
2	23	6		הַ/חֲנִ֜ית	d/2595	HTd/Ncfsa	10s3h
2	23	7		אֶל	413	HR	10ymv
2	23	8		הַ/חֹ֗מֶשׁ	d/2570	HTd/Ncmsa	1062T
2	23	9		וַ/תֵּצֵ֤א	c/3318	HC/Vqw3fs	10NmZ
2	23	10		הַֽ/חֲנִית֙	d/2595	HTd/Ncfsa	10RD4
2	23	11		מֵ/אַחֲרָ֔י/ו	m/310 a	HR/R/Sp3ms	10Xjv
2	23	12		וַ/יִּפָּל	c/5307	HC/Vqw3ms	10WVH
2	23	13		שָׁ֖ם	8033	HD	10WMK
2	23	14		וַ/יָּ֣מָת	c/4191	HC/Vqw3ms	10ctU
2	23	15	x-ketiv	תחת/ו	8478	HR/Sp3ms	10CmP
2	23	16		תַּחְתָּ֑י/ו	8478	HR/Sp3ms	10LY2
2	23	17		וַ/יְהִ֡י	c/1961	HC/Vqw3ms	10k7w
2	23	18		כָּל	3605	HNcmsc	10JFy
2	23	19		הַ/בָּ֣א	d/935	HTd/Vqrmsa	10Amf
2	23	20		אֶֽל	413	HR	10i9m
2	23	21		הַ/מָּקוֹם֩	d/4725	HTd/Ncmsa	10FCo
2	23	22		אֲשֶׁר	834 a	HTr	10wNS
2	23	23		נָ֨פַל	5307	HVqp3ms	10XPV
2	23	24		שָׁ֧ם	8033	HD	10K9E
2	23	25		עֲשָׂהאֵ֛ל	6214	HNp	10sNR
2	23	26		וַ/יָּמֹ֖ת	c/4191	HC/Vqw3ms	10pww
2	23	27		וַֽ/יַּעֲמֹֽדוּ	c/5975	HC/Vqw3mp	10d1k
2	24	1		וַֽ/יִּרְדְּפ֛וּ	c/7291	HC/Vqw3mp	10Gpp
2	24	2		יוֹאָ֥ב	3097	HNp	10T85
2	24	3		וַ/אֲבִישַׁ֖י	c/52	HC/Np	10E2x
2	24	4		אַחֲרֵ֣י	310 a	HR	10vUM
2	24	5		אַבְנֵ֑ר	74	HNp	10pMW
2	24	6		וְ/הַ/שֶּׁ֣מֶשׁ	c/d/8121	HC/Td/Ncbsa	10fiZ
2	24	7		בָּ֔אָה	935	HVqp3fs	10FQf
2	24	8		וְ/הֵ֗מָּה	c/1992	HC/Pp3mp	10Gbx
2	24	9		בָּ֚אוּ	935	HVqp3cp	10H82
2	24	10		עַד	5704	HR	10XaZ
2	24	11		גִּבְעַ֣ת	1389	HNcfsc	10RGz
2	24	12		אַמָּ֔ה	522	HNp	10tQ1
2	24	13		אֲשֶׁר֙	834 a	HTr	10oSR
2	24	14		עַל	5921 a	HR	10rUR
2	24	15		פְּנֵי	6440	HNcbpc	10NME
2	24	16		גִ֔יחַ	1520	HNp	10eQs
2	24	17		דֶּ֖רֶךְ	1870	HNcbsc	10fE2
2	24	18		מִדְבַּ֥ר	4057 b	HNcmsc	10rio
2	24	19		גִּבְעֽוֹן	1391	HNp	10hum
2	25	1		וַ/יִּֽתְקַבְּצ֤וּ	c/6908	HC/Vtw3mp	10UG5
2	25	2		בְנֵֽי	1121 a	HNcmpc	10tZb
2	25	3		בִנְיָמִן֙	1144	HNp	10UEd
2	25	4		אַחֲרֵ֣י	310 a	HR	10zit
2	25	5		אַבְנֵ֔ר	74	HNp	10pcg
2	25	6		וַ/יִּהְי֖וּ	c/1961	HC/Vqw3mp	101pD
2	25	7		לַ/אֲגֻדָּ֣ה	l/92	HR/Ncfsa	10UCh
2	25	8		אֶחָ֑ת	259	HAcfsa	10jZZ
2	25	9		וַ/יַּ֣עַמְד֔וּ	c/5975	HC/Vqw3mp	107a3
2	25	10		עַ֥ל	5921 a	HR	10k23
2	25	11		רֹאשׁ	7218 a	HNcmsc	10nxs
2	25	12		גִּבְעָ֖ה	1389	HNcfsa	10Rs7
2	25	13		אֶחָֽת	259	HAcfsa	10x1q
2	26	1		וַ/יִּקְרָ֨א	c/7121	HC/Vqw3ms	10ozK
2	26	2		אַבְנֵ֜ר	74	HNp	106Tj
2	26	3		אֶל	413	HR	10Wp4
2	26	4		יוֹאָ֗ב	3097	HNp	10ayu
2	26	5		וַ/יֹּ֨אמֶר֙	c/559	HC/Vqw3ms	10izi
2	26	6		הֲ/לָ/נֶ֨צַח֙	i/l/5331	HTi/R/Ncmsa	10cNi
2	26	7		תֹּ֣אכַל	398	HVqi3fs	102Z3
2	26	8		חֶ֔רֶב	2719	HNcfsa	10bTo
2	26	9		הֲ/ל֣וֹא	i/3808	HTi/Tn	10hvK
2	26	10		יָדַ֔עְתָּה	3045	HVqp2ms	10XQw
2	26	11		כִּֽי	3588 a	HC	10Ssi
2	26	12		מָרָ֥ה	4751	HAafsa	10UtQ
2	26	13		תִהְיֶ֖ה	1961	HVqi3fs	10MVx
2	26	14		בָּ/אַחֲרוֹנָ֑ה	b/314	HRd/Aafsa	104dp
2	26	15		וְ/עַד	c/5704	HC/R	10nsw
2	26	16		מָתַי֙	4970	HTi	10KGj
2	26	17		לֹֽא	3808	HTn	108xz
2	26	18		תֹאמַ֣ר	559	HVqi2ms	10y1Z
2	26	19		לָ/עָ֔ם	l/5971 a	HRd/Ncmsa	10Uq9
2	26	20		לָ/שׁ֖וּב	l/7725	HR/Vqc	10TiM
2	26	21		מֵ/אַחֲרֵ֥י	m/310 a	HR/R	10NqW
2	26	22		אֲחֵי/הֶֽם	251	HNcmpc/Sp3mp	10emv
2	27	1		וַ/יֹּ֣אמֶר	c/559	HC/Vqw3ms	103r3
2	27	2		יוֹאָ֔ב	3097	HNp	10sEP
2	27	3		חַ֚י	2416 a	HAamsa	10BYi
2	27	4		הָֽ/אֱלֹהִ֔ים	d/430	HTd/Ncmpa	10K78
2	27	5		כִּ֥י	3588 a	HC	10LG5
2	27	6		לוּלֵ֖א	3884	HC	10pvY
2	27	7		דִּבַּ֑רְתָּ	1696	HVpp2ms	10B6g
2	27	8		כִּ֣י	3588 a	HC	10UDg
2	27	9		אָ֤ז	227 a	HD	10Baw
2	27	10		מֵֽ/הַ/בֹּ֨קֶר֙	m/d/1242	HR/Td/Ncmsa	10MZ9
2	27	11		נַעֲלָ֣ה	5927	HVNp3ms	10Svn
2	27	12		הָ/עָ֔ם	d/5971 a	HTd/Ncmsa	10x62
2	27	13		אִ֖ישׁ	376	HNcmsa	10dQK
2	27	14		מֵ/אַחֲרֵ֥י	m/310 a	HR/R	10dDm
2	27	15		אָחִֽי/ו	251	HNcmsc/Sp3ms	10XwG
2	28	1		וַ/יִּתְקַ֤ע	c/8628	HC/Vqw3ms	10iPC
2	28	2		יוֹאָב֙	3097	HNp	108E1
2	28	3		בַּ/שּׁוֹפָ֔ר	b/7782	HRd/Ncmsa	104vF
2	28	4		וַ/יַּֽעַמְדוּ֙	c/5975	HC/Vqw3mp	10y7z
2	28	5		כָּל	3605	HNcmsc	10bvs
2	28	6		הָ/עָ֔ם	d/5971 a	HTd/Ncmsa	10Gxe
2	28	7		וְ/לֹֽא	c/3808	HC/Tn	10Qjd
2	28	8		יִרְדְּפ֥וּ	7291	HVqi3mp	10t98
2	28	9		ע֖וֹד	5750	HD	10YfW
2	28	10		אַחֲרֵ֣י	310 a	HR	10P1s
2	28	11		יִשְׂרָאֵ֑ל	3478	HNp	10a9X
2	28	12		וְ/לֹֽא	c/3808	HC/Tn	10RUp
2	28	13		יָסְפ֥וּ	3254	HVqp3cp	107Kw
2	28	14		ע֖וֹד	5750	HD	10E6n
2	28	15		לְ/הִלָּחֵֽם	l/3898 a	HR/VNc	104YU
2	29	1		וְ/אַבְנֵ֣ר	c/74	HC/Np	10yMS
2	29	2		וַֽ/אֲנָשָׁ֗י/ו	c/376	HC/Ncmpc/Sp3ms	10RZD
2	29	3		הָֽלְכוּ֙	1980	HVqp3cp	10T97
2	29	4		בָּֽ/עֲרָבָ֔ה	b/6160	HRd/Ncfsa	105L1
2	29	5		כֹּ֖ל	3605	HNcmsc	10nY7
2	29	6		הַ/לַּ֣יְלָה	d/3915	HTd/Ncmsa	10S83
2	29	7		הַ/ה֑וּא	d/1931	HTd/Pp3ms	10SDb
2	29	8		וַ/יַּעַבְר֣וּ	c/5674 a	HC/Vqw3mp	10DKS
2	29	9		אֶת	853	HTo	10YKr
2	29	10		הַ/יַּרְדֵּ֗ן	d/3383	HTd/Np	10r66
2	29	11		וַ/יֵּֽלְכוּ֙	c/3212	HC/Vqw3mp	10TW5
2	29	12		כָּל	3605	HNcmsc	10KaN
2	29	13		הַ/בִּתְר֔וֹן	d/1338	HTd/Np	10FsE
2	29	14		וַ/יָּבֹ֖אוּ	c/935	HC/Vqw3mp	107Np
2	29	15		מַחֲנָֽיִם	4266	HNp	10965
2	30	1		וְ/יוֹאָ֗ב	c/3097	HC/Np	10MeK
2	30	2		שָׁ֚ב	7725	HVqp3ms	10Pw8
2	30	3		מֵ/אַחֲרֵ֣י	m/310 a	HR/R	10Bxn
2	30	4		אַבְנֵ֔ר	74	HNp	10Gne
2	30	5		וַ/יִּקְבֹּ֖ץ	c/6908	HC/Vqw3ms	10uXm
2	30	6		אֶת	853	HTo	10Cmf
2	30	7		כָּל	3605	HNcmsc	10K6T
2	30	8		הָ/עָ֑ם	d/5971 a	HTd/Ncmsa	10XFF
2	30	9		וַ/יִּפָּ֨קְד֜וּ	c/6485 a	HC/VNw3mp	10gKP
2	30	10		מֵ/עַבְדֵ֥י	m/5650	HR/Ncmpc	10YUv
2	30	11		דָוִ֛ד	1732	HNp	10HQ9
2	30	12		תִּשְׁעָֽה	8672	HAcmsa	10D5P
2	30	13		עָשָׂ֥ר	6240	HAcmsa	10pVx
2	30	14		אִ֖ישׁ	376	HNcmsa	10WAq
2	30	15		וַ/עֲשָׂה	c/6214	HC/Np	10PxM
2	30	16		אֵֽל	410	HNp	10oCH
2	31	1		וְ/עַבְדֵ֣י	c/5650	HC/Ncmpc	10tQE
2	31	2		דָוִ֗ד	1732	HNp	10wtX
2	31	3		הִכּוּ֙	5221	HVhp3cp	10Hso
2	31	4		מִ/בִּנְיָמִ֔ן	m/1144	HR/Np	10yS3
2	31	5		וּ/בְ/אַנְשֵׁ֖י	c/b/376	HC/R/Ncmpc	10PHG
2	31	6		אַבְנֵ֑ר	74	HNp	101go
2	31	7		שְׁלֹשׁ	7969	HAcfsa	10XLB
2	31	8		מֵא֧וֹת	3967	HAcbpa	10KTJ
2	31	9		וְ/שִׁשִּׁ֛ים	c/8346	HC/Acbpa	10twL
2	31	10		אִ֖ישׁ	376	HNcmsa	103MS
2	31	11		מֵֽתוּ	4191	HVqp3cp	10GnD
2	32	1		וַ/יִּשְׂאוּ֙	c/5375	HC/Vqw3mp	10rVJ
2	32	2		אֶת	853	HTo	10w2R
2	32	3		עֲשָׂהאֵ֔ל	6214	HNp	10JsR
2	32	4		וַֽ/יִּקְבְּרֻ֨/הוּ֙	c/6912	HC/Vqw3mp/Sp3ms	10Sv8
2	32	5		בְּ/קֶ֣בֶר	b/6913	HR/Ncmsc	10adR
2	32	6		אָבִ֔י/ו	1	HNcmsc/Sp3ms	10xek
2	32	7		אֲשֶׁ֖ר	834 a	HTr	10UEH
2	32	8		בֵּ֣ית	1035+	HNp	10L2G
2	32	9		לָ֑חֶם	1035	HNp	10oPm
2	32	10		וַ/יֵּלְכ֣וּ	c/3212	HC/Vqw3mp	10azH
2	32	11		כָל	3605	HNcmsc	10fZA
2	32	12		הַ/לַּ֗יְלָה	d/3915	HTd/Ncmsa	106Hj
2	32	13		יוֹאָב֙	3097	HNp	10UCE
2	32	14		וַֽ/אֲנָשָׁ֔י/ו	c/376	HC/Ncmpc/Sp3ms	10dvY
2	32	15		וַ/יֵּאֹ֥ר	c/215	HC/Vqw3ms	10YkN
2	32	16		לָ/הֶ֖ם	l	HR/Sp3mp	10k6s
2	32	17		בְּ/חֶבְרֽוֹן	b/2275 a	HR/Np	10awY
3	1	1		וַ/תְּהִ֤י	c/1961	HC/Vqw3fs	10Wb1
3	1	2		הַ/מִּלְחָמָה֙	d/4421	HTd/Ncfsa	10EAT
3	1	3		אֲרֻכָּ֔ה	752	HAafsa	10MzG
3	1	4		בֵּ֚ין	996	HR	10RBM
3	1	5		בֵּ֣ית	1004 b	HNcmsc	10wzx
3	1	6		שָׁא֔וּל	7586	HNp	107Vm
3	1	7		וּ/בֵ֖ין	c/996	HC/R	10vSy
3	1	8		בֵּ֣ית	1004 b	HNcmsc	10qgp
3	1	9		דָּוִ֑ד	1732	HNp	10bcQ
3	1	10		וְ/דָוִד֙	c/1732	HC/Np	10GFP
3	1	11		הֹלֵ֣ךְ	1980	HVqrmsa	10QZx
3	1	12		וְ/חָזֵ֔ק	c/2390	HC/Aamsa	10JH9
3	1	13		וּ/בֵ֥ית	c/1004 b	HC/Ncmsc	10Cdg
3	1	14		שָׁא֖וּל	7586	HNp	10Uv6
3	1	15		הֹלְכִ֥ים	1980	HVqrmpa	10eec
3	1	16		וְ/דַלִּֽים	c/1800	HC/Aampa	10bea
3	2	1	x-ketiv	ו/ילדו	c/3205	HC/Vqw3mp	10zx5
3	2	2		וַ/יִּוָּלְד֧וּ	c/3205	HC/VNw3mp	10SMW
3	2	3		לְ/דָוִ֛ד	l/1732	HR/Np	10GYp
3	2	4		בָּנִ֖ים	1121 a	HNcmpa	101GH
3	2	5		בְּ/חֶבְר֑וֹן	b/2275 a	HR/Np	103QW
3	2	6		וַ/יְהִ֤י	c/1961	HC/Vqw3ms	10tAW
3	2	7		בְכוֹר/וֹ֙	1060	HNcmsc/Sp3ms	10DCB
3	2	8		אַמְנ֔וֹן	550	HNp	10r2Z
3	2	9		לַ/אֲחִינֹ֖עַם	l/293	HR/Np	10don
3	2	10		הַ/יִּזְרְעֵאלִֽת	d/3159	HTd/Ngfsa	10cdc
3	3	1		וּ/מִשְׁנֵ֣/הוּ	c/4932	HC/Ncmsc/Sp3ms	10Ybs
3	3	2		כִלְאָ֔ב	3609	HNp	10iFe
3	3	3	x-ketiv	ל/אביגל	l/26	HR/Np	109w8
3	3	4		לַ/אֲֽבִיגַ֕יִל	l/26	HR/Np	109fJ
3	3	5		אֵ֖שֶׁת	802	HNcfsc	10rMg
3	3	6		נָבָ֣ל	5037	HNp	10T3v
3	3	7		הַֽ/כַּרְמְלִ֑י	d/3761	HTd/Ngmsa	10e37
3	3	8		וְ/הַ/שְּׁלִשִׁי֙	c/d/7992	HC/Td/Aomsa	10F5j
3	3	9		אַבְשָׁל֣וֹם	53	HNp	10drK
3	3	10		בֶּֽן	1121 a	HNcmsc	101TS
3	3	11		מַעֲכָ֔ה	4601	HNp	10e65
3	3	12		בַּת	1323	HNcfsc	10Fkx
3	3	13		תַּלְמַ֖י	8526	HNp	10ZVs
3	3	14		מֶ֥לֶךְ	4428	HNcmsc	10bmu
3	3	15		גְּשֽׁוּר	1650	HNp	10eis
3	4	1		וְ/הָ/רְבִיעִ֖י	c/d/7243	HC/Td/Aomsa	10B8V
3	4	2		אֲדֹנִיָּ֣ה	138	HNp	10gjk
3	4	3		בֶן	1121 a	HNcmsc	10tiD
3	4	4		חַגִּ֑ית	2294	HNp	10kXw
3	4	5		וְ/הַ/חֲמִישִׁ֖י	c/d/2549	HC/Td/Aomsa	10cHm
3	4	6		שְׁפַטְיָ֥ה	8203	HNp	10Loa
3	4	7		בֶן	1121 a	HNcmsc	10NW8
3	4	8		אֲבִיטָֽל	37	HNp	10Ufy
3	5	1		וְ/הַ/שִּׁשִּׁ֣י	c/d/8345	HC/Td/Aomsa	10FCe
3	5	2		יִתְרְעָ֔ם	3507	HNp	10CBn
3	5	3		לְ/עֶגְלָ֖ה	l/5698	HR/Np	10QFm
3	5	4		אֵ֣שֶׁת	802	HNcfsc	102st
3	5	5		דָּוִ֑ד	1732	HNp	10rCW
3	5	6		אֵ֛לֶּה	428	HPdxcp	107gm
3	5	7		יֻלְּד֥וּ	3205	HVPp3cp	10zkf
3	5	8		לְ/דָוִ֖ד	l/1732	HR/Np	10941
3	5	9		בְּ/חֶבְרֽוֹן	b/2275 a	HR/Np	106C3
3	6	1		וַ/יְהִ֗י	c/1961	HC/Vqw3ms	10WMb
3	6	2		בִּֽ/הְיוֹת֙	b/1961	HR/Vqc	10ZgJ
3	6	3		הַ/מִּלְחָמָ֔ה	d/4421	HTd/Ncfsa	10Ft4
3	6	4		בֵּ֚ין	996	HR	10iMP
3	6	5		בֵּ֣ית	1004 b	HNcmsc	10aom
3	6	6		שָׁא֔וּל	7586	HNp	10xKf
3	6	7		וּ/בֵ֖ין	c/996	HC/R	10EnU
3	6	8		בֵּ֣ית	1004 b	HNcmsc	10Zax
3	6	9		דָּוִ֑ד	1732	HNp	10Q2e
3	6	10		וְ/אַבְנֵ֛ר	c/74	HC/Np	10ZRJ
3	6	11		הָיָ֥ה	1961	HVqp3ms	10YEi
3	6	12		מִתְחַזֵּ֖ק	2388	HVtrmsa	10gvb
3	6	13		בְּ/בֵ֥ית	b/1004 b	HR/Ncmsc	10bJa
3	6	14		שָׁאֽוּל	7586	HNp	1089f
3	7	1		וּ/לְ/שָׁא֣וּל	c/l/7586	HC/R/Np	10re5
3	7	2		פִּלֶ֔גֶשׁ	6370	HNcfsa	10Xh3
3	7	3		וּ/שְׁמָ֖/הּ	c/8034	HC/Ncmsc/Sp3fs	10EyU
3	7	4		רִצְפָּ֣ה	7532	HNp	10aci
3	7	5		בַת	1323	HNcfsc	10kbc
3	7	6		אַיָּ֑ה	345	HNp	10baF
3	7	7		וַ/יֹּ֨אמֶר֙	c/559	HC/Vqw3ms	10ZNU
3	7	8		אֶל	413	HR	10KqQ
3	7	9		אַבְנֵ֔ר	74	HNp	10gLV
3	7	10		מַדּ֥וּעַ	4069	HTi	10KTp
3	7	11		בָּ֖אתָה	935	HVqp2ms	10rzR
3	7	12		אֶל	413	HR	10bh3
3	7	13		פִּילֶ֥גֶשׁ	6370	HNcfsc	10duZ
3	7	14		אָבִֽ/י	1	HNcmsc/Sp1cs	10YHi
3	8	1		וַ/יִּחַר֩	c/2734	HC/Vqw3ms	10GV7
3	8	2		לְ/אַבְנֵ֨ר	l/74	HR/Np	10A76
3	8	3		מְאֹ֜ד	3966	HD	10eHZ
3	8	4		עַל	5921 a	HR	10ycY
3	8	5		דִּבְרֵ֣י	1697	HNcmpc	10ejK
3	8	6		אִֽישׁ	378+	HNp	10Jb3
3	8	7		בֹּ֗שֶׁת	378	HNp	10XXt
3	8	8		וַ/יֹּ֨אמֶר֙	c/559	HC/Vqw3ms	10rKT
3	8	9		הֲ/רֹ֨אשׁ	i/7218 a	HTi/Ncmsc	10Q8c
3	8	10		כֶּ֥לֶב	3611	HNcmsa	10rHh
3	8	11		אָנֹ֘כִי֮	595	HPp1cs	10mUo
3	8	12		אֲשֶׁ֣ר	834 a	HTr	10Hfj
3	8	13		לִֽ/יהוּדָה֒	l/3063	HR/Np	10ACV
3	8	14		הַ/יּ֨וֹם	d/3117	HTd/Ncmsa	10ioH
3	8	15		אֶֽעֱשֶׂה	6213 a	HVqi1cs	10FCG
3	8	16		חֶ֜סֶד	2617 a	HNcmsa	107Jo
3	8	17		עִם	5973 a	HR	10wKF
3	8	18		בֵּ֣ית	1004 b	HNcmsc	10YU5
3	8	19		שָׁא֣וּל	7586	HNp	10xmV
3	8	20		אָבִ֗י/ךָ	1	HNcmsc/Sp2ms	10ZvX
3	8	21		אֶל	413	HR	107Ch
3	8	22		אֶחָי/ו֙	251	HNcmpc/Sp3ms	10S67
3	8	23		וְ/אֶל	c/413	HC/R	10Hmd
3	8	24		מֵ֣רֵעֵ֔/הוּ	4828	HNcmsc/Sp3ms	104Yz
3	8	25		וְ/לֹ֥א	c/3808	HC/Tn	10zbA
3	8	26		הִמְצִיתִ֖/ךָ	4672	HVhp1cs/Sp2ms	10koP
3	8	27		בְּ/יַד	b/3027	HR/Ncbsc	10Mdv
3	8	28		דָּוִ֑ד	1732	HNp	10TXv
3	8	29		וַ/תִּפְקֹ֥ד	c/6485 a	HC/Vqw2ms	10pbV
3	8	30		עָלַ֛/י	5921 a	HR/Sp1cs	10MSY
3	8	31		עֲוֺ֥ן	5771	HNcbsc	10GXC
3	8	32		הָ/אִשָּׁ֖ה	d/802	HTd/Ncfsa	10Y6k
3	8	33		הַ/יּֽוֹם	d/3117	HTd/Ncmsa	10ctR
3	9	1		כֹּֽה	3541	HD	10Qq3
3	9	2		יַעֲשֶׂ֤ה	6213 a	HVqj3ms	10GdR
3	9	3		אֱלֹהִים֙	430	HNcmpa	10kV4
3	9	4		לְ/אַבְנֵ֔ר	l/74	HR/Np	10Zy7
3	9	5		וְ/כֹ֖ה	c/3541	HC/D	10ozy
3	9	6		יֹסִ֣יף	3254	HVhj3ms	10H6W
3	9	7		ל֑/וֹ	l	HR/Sp3ms	10297
3	9	8		כִּ֗י	3588 a	HC	10Eyi
3	9	9		כַּ/אֲשֶׁ֨ר	k/834 d	HR/Tr	10kz6
3	9	10		נִשְׁבַּ֤ע	7650	HVNp3ms	10PZP
3	9	11		יְהוָה֙	3068	HNp	10tkv
3	9	12		לְ/דָוִ֔ד	l/1732	HR/Np	10YJk
3	9	13		כִּֽי	3588 a	HC	10zp3
3	9	14		כֵ֖ן	3651 c	HD	10GVz
3	9	15		אֶֽעֱשֶׂה	6213 a	HVqi1cs	10MRd
3	9	16		לּֽ/וֹ	l	HR/Sp3ms	10Ci2
3	10	1		לְ/הַֽעֲבִ֥יר	l/5674 a	HR/Vhc	10TD8
3	10	2		הַ/מַּמְלָכָ֖ה	d/4467	HTd/Ncfsa	106R1
3	10	3		מִ/בֵּ֣ית	m/1004 b	HR/Ncmsc	10c7o
3	10	4		שָׁא֑וּל	7586	HNp	102Ss
3	10	5		וּ/לְ/הָקִ֞ים	c/l/6965 b	HC/R/Vhc	10JyU
3	10	6		אֶת	853	HTo	10uF7
3	10	7		כִּסֵּ֣א	3678	HNcmsc	10fbk
3	10	8		דָוִ֗ד	1732	HNp	10RxS
3	10	9		עַל	5921 a	HR	10PTT
3	10	10		יִשְׂרָאֵל֙	3478	HNp	101bY
3	10	11		וְ/עַל	c/5921 a	HC/R	10GMz
3	10	12		יְהוּדָ֔ה	3063	HNp	10uCN
3	10	13		מִ/דָּ֖ן	m/1835	HR/Np	10Wmn
3	10	14		וְ/עַד	c/5704	HC/R	10Lri
3	10	15		בְּאֵ֥ר	884+	HNp	10ymB
3	10	16		שָֽׁבַע	884	HNp	10fac
3	11	1		וְ/לֹֽא	c/3808	HC/Tn	10X2q
3	11	2		יָכֹ֣ל	3201	HVqp3ms	109d7
3	11	3		ע֔וֹד	5750	HD	10bj4
3	11	4		לְ/הָשִׁ֥יב	l/7725	HR/Vhc	10ZRD
3	11	5		אֶת	853	HTo	10iFV
3	11	6		אַבְנֵ֖ר	74	HNp	10JzQ
3	11	7		דָּבָ֑ר	1697	HNcmsa	10qbn
3	11	8		מִ/יִּרְאָת֖/וֹ	m/3372	HR/Vqc/Sp3ms	10WeU
3	11	9		אֹתֽ/וֹ	853	HTo/Sp3ms	10TMW
3	12	1		וַ/יִּשְׁלַח֩	c/7971	HC/Vqw3ms	10KvW
3	12	2		אַבְנֵ֨ר	74	HNp	10wz5
3	12	3		מַלְאָכִ֧ים	4397	HNcmpa	10g5b
3	12	4		אֶל	413	HR	106Cg
3	12	5		דָּוִ֛ד	1732	HNp	10cqw
3	12	6	x-ketiv	תחת/ו	8478	HR/Sp3ms	1076C
3	12	7		תַּחְתָּ֥י/ו	8478	HR/Sp3ms	10t1W
3	12	8		לֵ/אמֹ֖ר	l/559	HR/Vqc	10vfm
3	12	9		לְ/מִי	l/4310	HR/Ti	10pjd
3	12	10		אָ֑רֶץ	776	HNcbsa	10Atm
3	12	11		לֵ/אמֹ֗ר	l/559	HR/Vqc	10vFb
3	12	12		כָּרְתָ֤/ה	3772	HVqv2ms/Sh	10sFr
3	12	13		בְרִֽיתְ/ךָ֙	1285	HNcfsc/Sp2ms	10Q98
3	12	14		אִתִּ֔/י	854	HR/Sp1cs	10e6Q
3	12	15		וְ/הִנֵּה֙	c/2009	HC/Tm	10Zzk
3	12	16		יָדִ֣/י	3027	HNcbsc/Sp1cs	10Ynf
3	12	17		עִמָּ֔/ךְ	5973 a	HR/Sp2fs	105pP
3	12	18		לְ/הָסֵ֥ב	l/5437	HR/Vhc	10Xxj
3	12	19		אֵלֶ֖י/ךָ	413	HR/Sp2ms	10eNB
3	12	20		אֶת	853	HTo	10r8g
3	12	21		כָּל	3605	HNcmsc	10sJk
3	12	22		יִשְׂרָאֵֽל	3478	HNp	10wBJ
3	13	1		וַ/יֹּ֣אמֶר	c/559	HC/Vqw3ms	10tvR
3	13	2		ט֔וֹב	2896 a	HAamsa	10Uoi
3	13	3		אֲנִ֕י	589	HPp1cs	10H29
3	13	4		אֶכְרֹ֥ת	3772	HVqi1cs	10m2e
3	13	5		אִתְּ/ךָ֖	854	HR/Sp2ms	10WQ1
3	13	6		בְּרִ֑ית	1285	HNcfsa	107uv
3	13	7		אַ֣ךְ	389	HTa	10Z1J
3	13	8		דָּבָ֣ר	1697	HNcmsa	10KZa
3	13	9		אֶחָ֡ד	259	HAcmsa	102u6
3	13	10		אָנֹכִי֩	595	HPp1cs	10CGY
3	13	11		שֹׁאֵ֨ל	7592	HVqrmsa	10cy3
3	13	12		מֵ/אִתְּ/ךָ֤	m/854	HR/R/Sp2ms	105EE
3	13	13		לֵ/אמֹר֙	l/559	HR/Vqc	107yo
3	13	14		לֹא	3808	HTn	106ot
3	13	15		תִרְאֶ֣ה	7200	HVqi2ms	102Sx
3	13	16		אֶת	853	HTo	104mo
3	13	17		פָּנַ֔/י	6440	HNcbpc/Sp1cs	10RqC
3	13	18		כִּ֣י	3588 b	HC	10ESM
3	13	19		אִם	518 b	HC	10mCp
3	13	20		לִ/פְנֵ֣י	l/6440	HR/Ncbpc	10DCR
3	13	21		הֱבִיאֲ/ךָ֗	935	HVhp3ms/Sp2ms	109jq
3	13	22		אֵ֚ת	853	HTo	10uFy
3	13	23		מִיכַ֣ל	4324	HNp	10rnW
3	13	24		בַּת	1323	HNcfsc	10to2
3	13	25		שָׁא֔וּל	7586	HNp	10XrY
3	13	26		בְּ/בֹאֲ/ךָ֖	b/935	HR/Vqc/Sp2ms	104De
3	13	27		לִ/רְא֥וֹת	l/7200	HR/Vqc	10dPn
3	13	28		אֶת	853	HTo	10Qve
3	13	29		פָּנָֽ/י	6440	HNcbpc/Sp1cs	103dz
3	14	1		וַ/יִּשְׁלַ֤ח	c/7971	HC/Vqw3ms	10vcq
3	14	2		דָּוִד֙	1732	HNp	104Ed
3	14	3		מַלְאָכִ֔ים	4397	HNcmpa	10kfR
3	14	4		אֶל	413	HR	10FUa
3	14	5		אִֽישׁ	378+	HNp	10RZP
3	14	6		בֹּ֥שֶׁת	378	HNp	10qLo
3	14	7		בֶּן	1121 a	HNcmsc	10UwQ
3	14	8		שָׁא֖וּל	7586	HNp	10EG9
3	14	9		לֵ/אמֹ֑ר	l/559	HR/Vqc	10fSj
3	14	10		תְּנָ֤/ה	5414	HVqv2ms/Sh	10LGP
3	14	11		אֶת	853	HTo	10oYa
3	14	12		אִשְׁתִּ/י֙	802	HNcfsc/Sp1cs	10L3V
3	14	13		אֶת	853	HTo	10Nkc
3	14	14		מִיכַ֔ל	4324	HNp	108qm
3	14	15		אֲשֶׁר֙	834 a	HTr	10XRb
3	14	16		אֵרַ֣שְׂתִּי	781	HVpp1cs	10AkY
3	14	17		לִ֔/י	l	HR/Sp1cs	10e5T
3	14	18		בְּ/מֵאָ֖ה	b/3967	HR/Acbsa	10MGG
3	14	19		עָרְל֥וֹת	6190	HNcfpc	106q3
3	14	20		פְּלִשְׁתִּֽים	6430	HNgmpa	10MDa
3	15	1		וַ/יִּשְׁלַח֙	c/7971	HC/Vqw3ms	10WBd
3	15	2		אִ֣ישׁ	378+	HNp	10jGt
3	15	3		בֹּ֔שֶׁת	378	HNp	10tyS
3	15	4		וַ/יִּקָּחֶ֖/הָ	c/3947	HC/Vqw3ms/Sp3fs	10k6N
3	15	5		מֵ֣/עִֽם	m/5973 b	HR/R	10mY8
3	15	6		אִ֑ישׁ	376	HNcmsa	10Hod
3	15	7		מֵ/עִ֖ם	m/5973 b	HR/R	10LbG
3	15	8		פַּלְטִיאֵ֥ל	6409	HNp	10jJf
3	15	9		בֶּן	1121 a	HNcmsc	10zJw
3	15	10	x-ketiv	לוש	3889	HNp	10Sho
3	15	11		לָֽיִשׁ	3919 b	HNp	108zu
3	16	1		וַ/יֵּ֨לֶךְ	c/3212	HC/Vqw3ms	106TZ
3	16	2		אִתָּ֜/הּ	854	HR/Sp3fs	10mQU
3	16	3		אִישָׁ֗/הּ	376	HNcmsc/Sp3fs	105oN
3	16	4		הָל֧וֹךְ	1980	HVqa	10HQC
3	16	5		וּ/בָכֹ֛ה	c/1058	HC/Vqa	10tFU
3	16	6		אַחֲרֶ֖י/הָ	310 a	HR/Sp3fs	10QHV
3	16	7		עַד	5704	HR	10ot3
3	16	8		בַּֽחֻרִ֑ים	980	HNp	10HBY
3	16	9		וַ/יֹּ֨אמֶר	c/559	HC/Vqw3ms	105H9
3	16	10		אֵלָ֥י/ו	413	HR/Sp3ms	10eWk
3	16	11		אַבְנֵ֛ר	74	HNp	10UNQ
3	16	12		לֵ֥ךְ	3212	HVqv2ms	10GX8
3	16	13		שׁ֖וּב	7725	HVqv2ms	10pky
3	16	14		וַ/יָּשֹֽׁב	c/7725	HC/Vqw3ms	103N5
3	17	1		וּ/דְבַר	c/1697	HC/Ncmsc	10gv9
3	17	2		אַבְנֵ֣ר	74	HNp	1028H
3	17	3		הָיָ֔ה	1961	HVqp3ms	10cog
3	17	4		עִם	5973 a	HR	10dVq
3	17	5		זִקְנֵ֥י	2205	HAampc	10SmU
3	17	6		יִשְׂרָאֵ֖ל	3478	HNp	10xRR
3	17	7		לֵ/אמֹ֑ר	l/559	HR/Vqc	10NYp
3	17	8		גַּם	1571	HTa	10Gjw
3	17	9		תְּמוֹל֙	8543	HD	109Na
3	17	10		גַּם	1571	HTa	10xjb
3	17	11		שִׁלְשֹׁ֔ם	8032	HNcmsa	1078y
3	17	12		הֱיִיתֶ֞ם	1961	HVqp2mp	10Vgg
3	17	13		מְבַקְשִׁ֧ים	1245	HVprmpa	10F1H
3	17	14		אֶת	853	HTo	10j2J
3	17	15		דָּוִ֛ד	1732	HNp	10ch4
3	17	16		לְ/מֶ֖לֶךְ	l/4428	HR/Ncmsa	10etU
3	17	17		עֲלֵי/כֶֽם	5921 a	HR/Sp2mp	10ean
3	18	1		וְ/עַתָּ֖ה	c/6258	HC/D	10aJG
3	18	2		עֲשׂ֑וּ	6213 a	HVqv2mp	10nF8
3	18	3		כִּ֣י	3588 a	HC	10wEW
3	18	4		יְהוָ֗ה	3068	HNp	10fJd
3	18	5		אָמַ֤ר	559	HVqp3ms	10eEh
3	18	6		אֶל	413	HR	10K1s
3	18	7		דָּוִד֙	1732	HNp	1076o
3	18	8		לֵ/אמֹ֔ר	l/559	HR/Vqc	10omx
3	18	9		בְּ/יַ֣ד	b/3027	HR/Ncbsc	10XBe
3	18	10		דָּוִ֣ד	1732	HNp	108A2
3	18	11		עַבְדִּ֗/י	5650	HNcmsc/Sp1cs	103Qm
3	18	12		הוֹשִׁ֜יעַ	3467	HVhp3ms	10yeG
3	18	13		אֶת	853	HTo	101NW
3	18	14		עַמִּ֤/י	5971 a	HNcmsc/Sp1cs	10f13
3	18	15		יִשְׂרָאֵל֙	3478	HNp	105on
3	18	16		מִ/יַּ֣ד	m/3027	HR/Ncbsc	10b2J
3	18	17		פְּלִשְׁתִּ֔ים	6430	HNgmpa	10MnD
3	18	18		וּ/מִ/יַּ֖ד	c/m/3027	HC/R/Ncbsc	102B3
3	18	19		כָּל	3605	HNcmsc	10eAA
3	18	20		אֹיְבֵי/הֶֽם	341	HVqrmpc/Sp3mp	10usA
3	19	1		וַ/יְדַבֵּ֥ר	c/1696	HC/Vpw3ms	10bmL
3	19	2		גַּם	1571	HTa	10DK9
3	19	3		אַבְנֵ֖ר	74	HNp	107vQ
3	19	4		בְּ/אָזְנֵ֣י	b/241	HR/Ncfdc	10JoL
3	19	5		בִנְיָמִ֑ין	1144	HNp	10Zzg
3	19	6		וַ/יֵּ֣לֶךְ	c/3212	HC/Vqw3ms	10k3m
3	19	7		גַּם	1571	HTa	10Q2N
3	19	8		אַבְנֵ֗ר	74	HNp	10Ggr
3	19	9		לְ/דַבֵּ֞ר	l/1696	HR/Vpc	10hnA
3	19	10		בְּ/אָזְנֵ֤י	b/241	HR/Ncfdc	107tY
3	19	11		דָוִד֙	1732	HNp	102Dp
3	19	12		בְּ/חֶבְר֔וֹן	b/2275 a	HR/Np	10BQa
3	19	13		אֵ֤ת	853	HTo	10qNm
3	19	14		כָּל	3605	HNcmsc	104xx
3	19	15		אֲשֶׁר	834 a	HTr	10E57
3	19	16		טוֹב֙	2896 a	HVqp3ms	10zfG
3	19	17		בְּ/עֵינֵ֣י	b/5869 a	HR/Ncbdc	10y3Z
3	19	18		יִשְׂרָאֵ֔ל	3478	HNp	10vtM
3	19	19		וּ/בְ/עֵינֵ֖י	c/b/5869 a	HC/R/Ncbdc	10BNu
3	19	20		כָּל	3605	HNcmsc	10QTj
3	19	21		בֵּ֥ית	1004 b	HNcmsc	10Tgd
3	19	22		בִּנְיָמִֽן	1144	HNp	10hAp
3	20	1		וַ/יָּבֹ֨א	c/935	HC/Vqw3ms	10KNK
3	20	2		אַבְנֵ֤ר	74	HNp	10nk3
3	20	3		אֶל	413	HR	10wj3
3	20	4		דָּוִד֙	1732	HNp	10vFK
3	20	5		חֶבְר֔וֹן	2275 a	HNp	10QNk
3	20	6		וְ/אִתּ֖/וֹ	c/854	HC/R/Sp3ms	10h1i
3	20	7		עֶשְׂרִ֣ים	6242	HAcbpa	10c5a
3	20	8		אֲנָשִׁ֑ים	376	HNcmpa	10MZK
3	20	9		וַ/יַּ֨עַשׂ	c/6213 a	HC/Vqw3ms	10Hx4
3	20	10		דָּוִ֧ד	1732	HNp	10f6t
3	20	11		לְ/אַבְנֵ֛ר	l/74	HR/Np	10BzF
3	20	12		וְ/לַ/אֲנָשִׁ֥ים	c/l/376	HC/R/Ncmpa	10mrv
3	20	13		אֲשֶׁר	834 a	HTr	10TVv
3	20	14		אִתּ֖/וֹ	854	HR/Sp3ms	10ZUH
3	20	15		מִשְׁתֶּֽה	4960	HNcmsa	10HWF
3	21	1		וַ/יֹּ֣אמֶר	c/559	HC/Vqw3ms	10rhu
3	21	2		אַבְנֵ֣ר	74	HNp	107YX
3	21	3		אֶל	413	HR	10caE
3	21	4		דָּוִ֡ד	1732	HNp	10w2r
3	21	5		אָק֣וּמָה	6965 b	HVqh1cs	10j2a
3	21	6		וְֽ/אֵלֵ֡כָה	c/3212	HC/Vqh1cs	104ei
3	21	7		וְ/אֶקְבְּצָה֩	c/6908	HC/Vqh1cs	10iQS
3	21	8		אֶל	413	HR	10pu1
3	21	9		אֲדֹנִ֨/י	113	HNcmsc/Sp1cs	109Gr
3	21	10		הַ/מֶּ֜לֶךְ	d/4428	HTd/Ncmsa	10jGA
3	21	11		אֶת	853	HTo	10Q9B
3	21	12		כָּל	3605	HNcmsc	108LK
3	21	13		יִשְׂרָאֵ֗ל	3478	HNp	10aWe
3	21	14		וְ/יִכְרְת֤וּ	c/3772	HC/Vqi3mp	10JRh
3	21	15		אִתְּ/ךָ֙	854	HR/Sp2ms	10iqH
3	21	16		בְּרִ֔ית	1285	HNcfsa	104ze
3	21	17		וּ/מָ֣לַכְתָּ֔	c/4427 a	HC/Vqq2ms	10Eur
3	21	18		בְּ/כֹ֥ל	b/3605	HR/Ncmsa	10e9g
3	21	19		אֲשֶׁר	834 a	HTr	10hHu
3	21	20		תְּאַוֶּ֖ה	183	HVpi3fs	10C47
3	21	21		נַפְשֶׁ֑/ךָ	5315	HNcbsc/Sp2ms	10TWu
3	21	22		וַ/יְּשַׁלַּ֥ח	c/7971	HC/Vpw3ms	10EWV
3	21	23		דָּוִ֛ד	1732	HNp	10nDr
3	21	24		אֶת	853	HTo	10NH6
3	21	25		אַבְנֵ֖ר	74	HNp	10PP2
3	21	26		וַ/יֵּ֥לֶךְ	c/3212	HC/Vqw3ms	10sgH
3	21	27		בְּ/שָׁלֽוֹם	b/7965	HR/Ncmsa	107YZ
3	22	1		וְ/הִנֵּה֩	c/2009	HC/Tm	10DLP
3	22	2		עַבְדֵ֨י	5650	HNcmpc	10Wgd
3	22	3		דָוִ֤ד	1732	HNp	10tA5
3	22	4		וְ/יוֹאָב֙	c/3097	HC/Np	10FQu
3	22	5		בָּ֣א	935	HVqp3ms	10rxc
3	22	6		מֵֽ/הַ/גְּד֔וּד	m/d/1416	HR/Td/Ncmsa	10185
3	22	7		וְ/שָׁלָ֥ל	c/7998	HC/Ncmsa	10ssA
3	22	8		רָ֖ב	7227 a	HAamsa	10un2
3	22	9		עִמָּ֣/ם	5973 a	HR/Sp3mp	104Ei
3	22	10		הֵבִ֑יאוּ	935	HVhp3cp	10wp8
3	22	11		וְ/אַבְנֵ֗ר	c/74	HC/Np	10fZr
3	22	12		אֵינֶ֤/נּוּ	369	HTn/Sp3ms	10qsm
3	22	13		עִם	5973 a	HR	10Yvd
3	22	14		דָּוִד֙	1732	HNp	10qo8
3	22	15		בְּ/חֶבְר֔וֹן	b/2275 a	HR/Np	10Rvz
3	22	16		כִּ֥י	3588 a	HC	10UiP
3	22	17		שִׁלְּח֖/וֹ	7971	HVpp3ms/Sp3ms	10zc2
3	22	18		וַ/יֵּ֥לֶךְ	c/3212	HC/Vqw3ms	10jWU
3	22	19		בְּ/שָׁלֽוֹם	b/7965	HR/Ncmsa	10WRL
3	23	1		וְ/יוֹאָ֛ב	c/3097	HC/Np	10MEe
3	23	2		וְ/כָל	c/3605	HC/Ncmsc	10Lz7
3	23	3		הַ/צָּבָ֥א	d/6635 a	HTd/Ncbsa	10C5b
3	23	4		אֲשֶׁר	834 a	HTr	10KGK
3	23	5		אִתּ֖/וֹ	854	HR/Sp3ms	10V8j
3	23	6		בָּ֑אוּ	935	HVqp3cp	10PaR
3	23	7		וַ/יַּגִּ֤דוּ	c/5046	HC/Vhw3mp	10Env
3	23	8		לְ/יוֹאָב֙	l/3097	HR/Np	108Dt
3	23	9		לֵ/אמֹ֔ר	l/559	HR/Vqc	10iSw
3	23	10		בָּֽא	935	HVqp3ms	10cX6
3	23	11		אַבְנֵ֤ר	74	HNp	10nM3
3	23	12		בֶּן	1121 a	HNcmsc	107Xe
3	23	13		נֵר֙	5369	HNp	10noN
3	23	14		אֶל	413	HR	10hHR
3	23	15		הַ/מֶּ֔לֶךְ	d/4428	HTd/Ncmsa	10CoS
3	23	16		וַֽ/יְשַׁלְּחֵ֖/הוּ	c/7971	HC/Vpw3ms/Sp3ms	10KXg
3	23	17		וַ/יֵּ֥לֶךְ	c/3212	HC/Vqw3ms	10Gq2
3	23	18		בְּ/שָׁלֽוֹם	b/7965	HR/Ncmsa	10sk8
3	24	1		וַ/יָּבֹ֤א	c/935	HC/Vqw3ms	10Vfr
3	24	2		יוֹאָב֙	3097	HNp	10tkY
3	24	3		אֶל	413	HR	10r5i
3	24	4		הַ/מֶּ֔לֶךְ	d/4428	HTd/Ncmsa	102bH
3	24	5		וַ/יֹּ֖אמֶר	c/559	HC/Vqw3ms	10wCy
3	24	6		מֶ֣ה	4100	HTi	102ee
3	24	7		עָשִׂ֑יתָה	6213 a	HVqp2ms	10b7E
3	24	8		הִנֵּה	2009	HTm	1045a
3	24	9		בָ֤א	935	HVqp3ms	10Gby
3	24	10		אַבְנֵר֙	74	HNp	10t6e
3	24	11		אֵלֶ֔י/ךָ	413	HR/Sp2ms	104wi
3	24	12		לָ/מָּה	l/4100	HR/Ti	10LNA
3	24	13		זֶּ֥ה	2088	HPdxms	10bU4
3	24	14		שִׁלַּחְתּ֖/וֹ	7971	HVpp2ms/Sp3ms	10R6Q
3	24	15		וַ/יֵּ֥לֶךְ	c/3212	HC/Vqw3ms	10LiE
3	24	16		הָלֽוֹךְ	1980	HVqa	10uCS
3	25	1		יָדַ֨עְתָּ֙	3045	HVqp2ms	10taS
3	25	2		אֶת	853	HTo	10Erp
3	25	3		אַבְנֵ֣ר	74	HNp	10azc
3	25	4		בֶּן	1121 a	HNcmsc	10HpH
3	25	5		נֵ֔ר	5369	HNp	10wcd
3	25	6		כִּ֥י	3588 a	HC	10DR2
3	25	7		לְ/פַתֹּתְ/ךָ֖	l/6601 b	HR/Vpc/Sp2ms	108MF
3	25	8		בָּ֑א	935	HVqp3ms	105wJ
3	25	9		וְ/לָ/דַ֜עַת	c/l/3045	HC/R/Vqc	10AuA
3	25	10		אֶת	853	HTo	10pa7
3	25	11		מוֹצָֽאֲ/ךָ֙	4161	HNcmsc/Sp2ms	101Q7
3	25	12		וְ/אֶת	c/853	HC/To	10147
3	25	13	x-ketiv	מבוא/ך	4126	HNcmsc/Sp2ms	10qpX
3	25	14		מ֣וֹבָאֶ֔/ךָ	4126	HNcmpc/Sp2ms	10eEg
3	25	15		וְ/לָ/דַ֕עַת	c/l/3045	HC/R/Vqc	10FHa
3	25	16		אֵ֛ת	853	HTo	10ExS
3	25	17		כָּל	3605	HNcmsc	1016M
3	25	18		אֲשֶׁ֥ר	834 a	HTr	10nj6
3	25	19		אַתָּ֖ה	859 a	HPp2ms	107hm
3	25	20		עֹשֶֽׂה	6213 a	HVqrmsa	10yrZ
3	26	1		וַ/יֵּצֵ֤א	c/3318	HC/Vqw3ms	10cpd
3	26	2		יוֹאָב֙	3097	HNp	10QR7
3	26	3		מֵ/עִ֣ם	m/5973 b	HR/R	10388
3	26	4		דָּוִ֔ד	1732	HNp	10D9B
3	26	5		וַ/יִּשְׁלַ֤ח	c/7971	HC/Vqw3ms	10KQr
3	26	6		מַלְאָכִים֙	4397	HNcmpa	10bRM
3	26	7		אַחֲרֵ֣י	310 a	HR	10TPs
3	26	8		אַבְנֵ֔ר	74	HNp	10Mef
3	26	9		וַ/יָּשִׁ֥בוּ	c/7725	HC/Vhw3mp	10UeD
3	26	10		אֹת֖/וֹ	853	HTo/Sp3ms	10Ddz
3	26	11		מִ/בּ֣וֹר	m/953 b	HR/Np	10VYG
3	26	12		הַסִּרָ֑ה	5626	HNp	10zd1
3	26	13		וְ/דָוִ֖ד	c/1732	HC/Np	10mw6
3	26	14		לֹ֥א	3808	HTn	104AV
3	26	15		יָדָֽע	3045	HVqp3ms	10RJM
3	27	1		וַ/יָּ֤שָׁב	c/7725	HC/Vqw3ms	10ZPm
3	27	2		אַבְנֵר֙	74	HNp	10aZX
3	27	3		חֶבְר֔וֹן	2275 a	HNp	10QJg
3	27	4		וַ/יַּטֵּ֤/הוּ	c/5186	HC/Vhw3ms/Sp3ms	10P5E
3	27	5		יוֹאָב֙	3097	HNp	10yrH
3	27	6		אֶל	413	HR	10sud
3	27	7		תּ֣וֹךְ	8432	HNcmsc	10id4
3	27	8		הַ/שַּׁ֔עַר	d/8179	HTd/Ncmsa	10rbK
3	27	9		לְ/דַבֵּ֥ר	l/1696	HR/Vpc	10fQG
3	27	10		אִתּ֖/וֹ	854	HR/Sp3ms	10HAz
3	27	11		בַּ/שֶּׁ֑לִי	b/7987	HRd/Ncmsa	10J4B
3	27	12		וַ/יַּכֵּ֤/הוּ	c/5221	HC/Vhw3ms/Sp3ms	10cc4
3	27	13		שָׁם֙	8033	HD	10oRq
3	27	14		הַ/חֹ֔מֶשׁ	d/2570	HTd/Ncmsa	10cUw
3	27	15		וַ/יָּ֕מָת	c/4191	HC/Vqw3ms	10MVU
3	27	16		בְּ/דַ֖ם	b/1818	HR/Ncmsc	10CE4
3	27	17		עֲשָׂה	6214+	HNp	10Li4
3	27	18		אֵ֥ל	6214	HNp	10L6s
3	27	19		אָחִֽי/ו	251	HNcmsc/Sp3ms	10g5n
3	28	1		וַ/יִּשְׁמַ֤ע	c/8085	HC/Vqw3ms	10jmB
3	28	2		דָּוִד֙	1732	HNp	10kmE
3	28	3		מֵ/אַ֣חֲרֵי	m/310 a	HR/R	10hyH
3	28	4		כֵ֔ן	3651 c	HD	10DMx
3	28	5		וַ/יֹּ֗אמֶר	c/559	HC/Vqw3ms	10D1c
3	28	6		נָקִ֨י	5355 a	HAamsa	10sgn
3	28	7		אָנֹכִ֧י	595	HPp1cs	10cLA
3	28	8		וּ/מַמְלַכְתִּ֛/י	c/4467	HC/Ncfsc/Sp1cs	10Jrt
3	28	9		מֵ/עִ֥ם	m/5973 b	HR/R	10jwP
3	28	10		יְהוָ֖ה	3068	HNp	10XZe
3	28	11		עַד	5703	HR	10dip
3	28	12		עוֹלָ֑ם	5769	HNcmsa	10f7v
3	28	13		מִ/דְּמֵ֖י	m/1818	HR/Ncmpc	105hr
3	28	14		אַבְנֵ֥ר	74	HNp	10RDs
3	28	15		בֶּן	1121 a	HNcmsc	10Tvm
3	28	16		נֵֽר	5369	HNp	101vy
3	29	1		יָחֻ֨לוּ֙	2342 a	HVqi3mp	10JzC
3	29	2		עַל	5921 a	HR	10Pv9
3	29	3		רֹ֣אשׁ	7218 a	HNcmsc	10u6Y
3	29	4		יוֹאָ֔ב	3097	HNp	10iTM
3	29	5		וְ/אֶ֖ל	c/413	HC/R	10jDe
3	29	6		כָּל	3605	HNcmsc	10uHz
3	29	7		בֵּ֣ית	1004 b	HNcmsc	102iJ
3	29	8		אָבִ֑י/ו	1	HNcmsc/Sp3ms	10evD
3	29	9		וְֽ/אַל	c/408	HC/Tn	10vKo
3	29	10		יִכָּרֵ֣ת	3772	HVNj3ms	10mvJ
3	29	11		מִ/בֵּ֣ית	m/1004 b	HR/Ncmsc	10pDQ
3	29	12		יוֹאָ֡ב	3097	HNp	10deG
3	29	13		זָ֠ב	2100	HVqrmsa	10Nvj
3	29	14		וּ/מְצֹרָ֞ע	c/6879	HC/VPsmsa	10Gye
3	29	15		וּ/מַחֲזִ֥יק	c/2388	HC/Vhrmsa	10qCo
3	29	16		בַּ/פֶּ֛לֶךְ	b/6418	HRd/Ncmsa	10h3K
3	29	17		וְ/נֹפֵ֥ל	c/5307	HC/Vqrmsa	10USJ
3	29	18		בַּ/חֶ֖רֶב	b/2719	HRd/Ncfsa	10rMp
3	29	19		וַ/חֲסַר	c/2638	HC/Aamsc	10sd2
3	29	20		לָֽחֶם	3899	HNcbsa	10Ssu
3	30	1		וְ/יוֹאָב֙	c/3097	HC/Np	10x1x
3	30	2		וַ/אֲבִישַׁ֣י	c/52	HC/Np	10w5T
3	30	3		אָחִ֔י/ו	251	HNcmsc/Sp3ms	10FrL
3	30	4		הָרְג֖וּ	2026	HVqp3cp	10q3X
3	30	5		לְ/אַבְנֵ֑ר	l/74	HR/Np	10YjW
3	30	6		עַל֩	5921 a	HR	104i9
3	30	7		אֲשֶׁ֨ר	834 a	HTr	10Afw
3	30	8		הֵמִ֜ית	4191	HVhp3ms	10Vcq
3	30	9		אֶת	853	HTo	10eF7
3	30	10		עֲשָׂהאֵ֧ל	6214	HNp	10wPX
3	30	11		אֲחִי/הֶ֛ם	251	HNcmsc/Sp3mp	10tUi
3	30	12		בְּ/גִבְע֖וֹן	b/1391	HR/Np	10S6i
3	30	13		בַּ/מִּלְחָמָֽה	b/4421	HRd/Ncfsa	10KNH
3	31	1		וַ/יֹּאמֶר֩	c/559	HC/Vqw3ms	10XUc
3	31	2		דָּוִ֨ד	1732	HNp	10KGa
3	31	3		אֶל	413	HR	10jzU
3	31	4		יוֹאָ֜ב	3097	HNp	103ws
3	31	5		וְ/אֶל	c/413	HC/R	10nkE
3	31	6		כָּל	3605	HNcmsc	10UeK
3	31	7		הָ/עָ֣ם	d/5971 a	HTd/Ncmsa	10CYD
3	31	8		אֲשֶׁר	834 a	HTr	109gs
3	31	9		אִתּ֗/וֹ	854	HR/Sp3ms	10GTQ
3	31	10		קִרְע֤וּ	7167	HVqv2mp	10gKo
3	31	11		בִגְדֵי/כֶם֙	899 b	HNcmpc/Sp2mp	10oZb
3	31	12		וְ/חִגְר֣וּ	c/2296	HC/Vqv2mp	10KCy
3	31	13		שַׂקִּ֔ים	8242	HNcmpa	10juz
3	31	14		וְ/סִפְד֖וּ	c/5594	HC/Vqv2mp	10DH2
3	31	15		לִ/פְנֵ֣י	l/6440	HR/Ncbpc	104VF
3	31	16		אַבְנֵ֑ר	74	HNp	1072H
3	31	17		וְ/הַ/מֶּ֣לֶךְ	c/d/4428	HC/Td/Ncmsa	1025j
3	31	18		דָּוִ֔ד	1732	HNp	10Vo3
3	31	19		הֹלֵ֖ךְ	1980	HVqrmsa	10dhD
3	31	20		אַחֲרֵ֥י	310 a	HR	106uw
3	31	21		הַ/מִּטָּֽה	d/4296	HTd/Ncfsa	10zjv
3	32	1		וַ/יִּקְבְּר֥וּ	c/6912	HC/Vqw3mp	101Mn
3	32	2		אֶת	853	HTo	106qW
3	32	3		אַבְנֵ֖ר	74	HNp	10Zjx
3	32	4		בְּ/חֶבְר֑וֹן	b/2275 a	HR/Np	10aoZ
3	32	5		וַ/יִשָּׂ֧א	c/5375	HC/Vqw3ms	10EJP
3	32	6		הַ/מֶּ֣לֶךְ	d/4428	HTd/Ncmsa	104HM
3	32	7		אֶת	853	HTo	10EjA
3	32	8		קוֹל֗/וֹ	6963 a	HNcmsc/Sp3ms	10E1f
3	32	9		וַ/יֵּבְךְּ֙	c/1058	HC/Vqw3ms	10Hwq
3	32	10		אֶל	413	HR	10MWU
3	32	11		קֶ֣בֶר	6913	HNcmsc	10vD2
3	32	12		אַבְנֵ֔ר	74	HNp	10ygZ
3	32	13		וַ/יִּבְכּ֖וּ	c/1058	HC/Vqw3mp	106YP
3	32	14		כָּל	3605	HNcmsc	10UhH
3	32	15		הָ/עָֽם	d/5971 a	HTd/Ncmsa	10MSM
3	33	1		וַ/יְקֹנֵ֥ן	c/6969	HC/Vow3ms	10TYN
3	33	2		הַ/מֶּ֛לֶךְ	d/4428	HTd/Ncmsa	10cMr
3	33	3		אֶל	413	HR	104Up
3	33	4		אַבְנֵ֖ר	74	HNp	10pa1
3	33	5		וַ/יֹּאמַ֑ר	c/559	HC/Vqw3ms	10GDg
3	33	6		הַ/כְּ/מ֥וֹת	d/k/4194	HTi/R/Ncmsc	10ZxK
3	33	7		נָבָ֖ל	5036	HAamsa	10KpZ
3	33	8		יָמ֥וּת	4191	HVqi3ms	10nwq
3	33	9		אַבְנֵֽר	74	HNp	10Lgy
3	34	1		יָדֶ֣/ךָ	3027	HNcbdc/Sp2ms	105AY
3	34	2		לֹֽא	3808	HTn	10HUX
3	34	3		אֲסֻר֗וֹת	631	HVqsfpa	10RYU
3	34	4		וְ/רַגְלֶ֨י/ךָ֙	c/7272	HC/Ncfdc/Sp2ms	103Q1
3	34	5		לֹא	3808	HTn	10ikx
3	34	6		לִ/נְחֻשְׁתַּ֣יִם	l/5178 a	HR/Ncfda	105Xt
3	34	7		הֻגָּ֔שׁוּ	5066	HVHp3cp	108jj
3	34	8		כִּ/נְפ֛וֹל	k/5307	HR/Vqc	103v4
3	34	9		לִ/פְנֵ֥י	l/6440	HR/Ncbpc	10hFh
3	34	10		בְנֵֽי	1121 a	HNcmpc	103it
3	34	11		עַוְלָ֖ה	5766 b	HNcbsa	10pf7
3	34	12		נָפָ֑לְתָּ	5307	HVqp2ms	10Dne
3	34	13		וַ/יֹּסִ֥פוּ	c/3254	HC/Vhw3mp	10fqZ
3	34	14		כָל	3605	HNcmsc	107ev
3	34	15		הָ/עָ֖ם	d/5971 a	HTd/Ncmsa	10eWV
3	34	16		לִ/בְכּ֥וֹת	l/1058	HR/Vqc	10DUZ
3	34	17		עָלָֽי/ו	5921 a	HR/Sp3ms	10abv
3	35	1		וַ/יָּבֹ֣א	c/935	HC/Vqw3ms	109XH
3	35	2		כָל	3605	HNcmsc	10tui
3	35	3		הָ/עָ֗ם	d/5971 a	HTd/Ncmsa	105mW
3	35	4		לְ/הַבְר֧וֹת	l/1262	HR/Vhc	109p4
3	35	5		אֶת	853	HTo	101AP
3	35	6		דָּוִ֛ד	1732	HNp	10Dh6
3	35	7		לֶ֖חֶם	3899	HNcbsa	10q22
3	35	8		בְּ/ע֣וֹד	b/5750	HR/D	10Z1p
3	35	9		הַ/יּ֑וֹם	d/3117	HTd/Ncmsa	104mF
3	35	10		וַ/יִּשָּׁבַ֨ע	c/7650	HC/VNw3ms	10PJU
3	35	11		דָּוִ֜ד	1732	HNp	10eKG
3	35	12		לֵ/אמֹ֗ר	l/559	HR/Vqc	10Anx
3	35	13		כֹּ֣ה	3541	HD	10kWB
3	35	14		יַעֲשֶׂה	6213 a	HVqj3ms	1026j
3	35	15		לִּ֤/י	l	HR/Sp1cs	10ZiN
3	35	16		אֱלֹהִים֙	430	HNcmpa	10NAb
3	35	17		וְ/כֹ֣ה	c/3541	HC/D	10NJS
3	35	18		יֹסִ֔יף	3254	HVhj3ms	10S4e
3	35	19		כִּ֣י	3588 b	HC	10cZG
3	35	20		אִם	518 b	HC	10Nqf
3	35	21		לִ/פְנֵ֧י	l/6440	HR/Ncbpc	10tKV
3	35	22		בֽוֹא	935	HVqc	10hpd
3	35	23		הַ/שֶּׁ֛מֶשׁ	d/8121	HTd/Ncbsa	10CAC
3	35	24		אֶטְעַם	2938	HVqi1cs	10MBs
3	35	25		לֶ֖חֶם	3899	HNcbsa	10uCk
3	35	26		א֥וֹ	176 a	HC	10KHf
3	35	27		כָל	3605	HNcmsc	10bcM
3	35	28		מְאֽוּמָה	3972	HNcfsa	10mry
3	36	1		וְ/כָל	c/3605	HC/Ncmsc	10e4r
3	36	2		הָ/עָ֣ם	d/5971 a	HTd/Ncmsa	10rFe
3	36	3		הִכִּ֔ירוּ	5234 a	HVhp3cp	10bu5
3	36	4		וַ/יִּיטַ֖ב	c/3190	HC/Vqw3ms	10nfi
3	36	5		בְּ/עֵֽינֵי/הֶ֑ם	b/5869 a	HR/Ncbdc/Sp3mp	10kkD
3	36	6		כְּ/כֹל֙	k/3605	HR/Ncmsa	10EPr
3	36	7		אֲשֶׁ֣ר	834 a	HTr	10KoZ
3	36	8		עָשָׂ֣ה	6213 a	HVqp3ms	10A4n
3	36	9		הַ/מֶּ֔לֶךְ	d/4428	HTd/Ncmsa	10Eq3
3	36	10		בְּ/עֵינֵ֥י	b/5869 a	HR/Ncbdc	104c8
3	36	11		כָל	3605	HNcmsc	10Npb
3	36	12		הָ/עָ֖ם	d/5971 a	HTd/Ncmsa	10ETF
3	36	13		טֽוֹב	2896 a	HVqp3ms	10TmV
3	37	1		וַ/יֵּדְע֧וּ	c/3045	HC/Vqw3mp	10tBT
3	37	2		כָל	3605	HNcmsc	10BBm
3	37	3		הָ/עָ֛ם	d/5971 a	HTd/Ncmsa	10qKL
3	37	4		וְ/כָל	c/3605	HC/Ncmsc	10qip
3	37	5		יִשְׂרָאֵ֖ל	3478	HNp	10p4D
3	37	6		בַּ/יּ֣וֹם	b/3117	HRd/Ncmsa	10G5R
3	37	7		הַ/ה֑וּא	d/1931	HTd/Pp3ms	10GXr
3	37	8		כִּ֣י	3588 a	HC	10XSa
3	37	9		לֹ֤א	3808	HTn	10bsA
3	37	10		הָיְתָה֙	1961	HVqp3fs	10nnJ
3	37	11		מֵֽ/הַ/מֶּ֔לֶךְ	m/d/4428	HR/Td/Ncmsa	10b2r
3	37	12		לְ/הָמִ֖ית	l/4191	HR/Vhc	10Tzx
3	37	13		אֶת	853	HTo	10fTQ
3	37	14		אַבְנֵ֥ר	74	HNp	10nCu
3	37	15		בֶּן	1121 a	HNcmsc	10Gds
3	37	16		נֵֽר	5369	HNp	109cC
3	38	1		וַ/יֹּ֥אמֶר	c/559	HC/Vqw3ms	10Y4b
3	38	2		הַ/מֶּ֖לֶךְ	d/4428	HTd/Ncmsa	10RWu
3	38	3		אֶל	413	HR	10MLc
3	38	4		עֲבָדָ֑י/ו	5650	HNcmpc/Sp3ms	10DKB
3	38	5		הֲ/ל֣וֹא	i/3808	HTi/Tn	10h2V
3	38	6		תֵדְע֔וּ	3045	HVqi2mp	10Z2k
3	38	7		כִּי	3588 a	HC	105VT
3	38	8		שַׂ֣ר	8269	HNcmsa	108JC
3	38	9		וְ/גָד֗וֹל	c/1419 a	HC/Aamsa	10Lqq
3	38	10		נָפַ֛ל	5307	HVqp3ms	10qDM
3	38	11		הַ/יּ֥וֹם	d/3117	HTd/Ncmsa	10qqx
3	38	12		הַ/זֶּ֖ה	d/2088	HTd/Pdxms	10Q3F
3	38	13		בְּ/יִשְׂרָאֵֽל	b/3478	HR/Np	102Kw
3	39	1		וְ/אָנֹכִ֨י	c/595	HC/Pp1cs	10jCk
3	39	2		הַ/יּ֥וֹם	d/3117	HTd/Ncmsa	10jJB
3	39	3		רַךְ֙	7390	HAamsa	102Ur
3	39	4		וּ/מָשׁ֣וּחַ	c/4886	HC/Vqsmsa	10bTz
3	39	5		מֶ֔לֶךְ	4428	HNcmsa	10CfS
3	39	6		וְ/הָ/אֲנָשִׁ֥ים	c/d/376	HC/Td/Ncmpa	10RZe
3	39	7		הָ/אֵ֛לֶּה	d/428	HTd/Pdxcp	10jDT
3	39	8		בְּנֵ֥י	1121 a	HNcmpc	10euw
3	39	9		צְרוּיָ֖ה	6870	HNp	10WXb
3	39	10		קָשִׁ֣ים	7186	HAampa	10KPQ
3	39	11		מִמֶּ֑/נִּי	4480 a	HR/Sp1cs	10wNE
3	39	12		יְשַׁלֵּ֧ם	7999 a	HVpj3ms	10rtc
3	39	13		יְהוָ֛ה	3068	HNp	10xpP
3	39	14		לְ/עֹשֵׂ֥ה	l/6213 a	HR/Vqrmsc	10yvH
3	39	15		הָ/רָעָ֖ה	d/7451 c	HTd/Ncfsa	10456
3	39	16		כְּ/רָעָתֽ/וֹ	k/7451 c	HR/Ncfsc/Sp3ms	10neV
4	1	1		וַ/יִּשְׁמַ֣ע	c/8085	HC/Vqw3ms	10bEv
4	1	2		בֶּן	1121 a	HNcmsc	10yWa
4	1	3		שָׁא֗וּל	7586	HNp	10PL3
4	1	4		כִּ֣י	3588 a	HC	101SP
4	1	5		מֵ֤ת	4191	HVqp3ms	10TZB
4	1	6		אַבְנֵר֙	74	HNp	10fd5
4	1	7		בְּ/חֶבְר֔וֹן	b/2275 a	HR/Np	10GYA
4	1	8		וַ/יִּרְפּ֖וּ	c/7503	HC/Vqw3mp	10K5D
4	1	9		יָדָ֑י/ו	3027	HNcbdc/Sp3ms	107rm
4	1	10		וְ/כָל	c/3605	HC/Ncmsc	10aFY
4	1	11		יִשְׂרָאֵ֖ל	3478	HNp	10F4N
4	1	12		נִבְהָֽלוּ	926	HVNp3cp	10Q12
4	2	1		וּ/שְׁנֵ֣י	c/8147	HC/Acmdc	10EF4
4	2	2		אֲנָשִׁ֣ים	376	HNcmpa	10pmF
4	2	3		שָׂרֵֽי	8269	HNcmpc	10124
4	2	4		גְדוּדִ֣ים	1416	HNcmpa	10rtz
4	2	5		הָי֪וּ	1961	HVqp3cp	10H8n
4	2	6		בֶן	1121 a	HNcmsc	10dV3
4	2	7		שָׁא֟וּל	7586	HNp	10QKM
4	2	8		שֵׁם֩	8034	HNcmsc	107pu
4	2	9		הָ/אֶחָ֨ד	d/259	HTd/Acmsa	10dwS
4	2	10		בַּֽעֲנָ֜ה	1196	HNp	10A8T
4	2	11		וְ/שֵׁ֧ם	c/8034	HC/Ncmsc	10eKy
4	2	12		הַ/שֵּׁנִ֣י	d/8145	HTd/Aomsa	1099H
4	2	13		רֵכָ֗ב	7394	HNp	10Eat
4	2	14		בְּנֵ֛י	1121 a	HNcmpc	10GJt
4	2	15		רִמּ֥וֹן	7417 b	HNp	10aUT
4	2	16		הַ/בְּאֶֽרֹתִ֖י	d/886	HTd/Ngmsa	10thm
4	2	17		מִ/בְּנֵ֣י	m/1121 a	HR/Ncmpc	10o4f
4	2	18		בִנְיָמִ֑ן	1144	HNp	10iaj
4	2	19		כִּ֚י	3588 a	HC	10BKq
4	2	20		גַּם	1571	HTa	10zK3
4	2	21		בְּאֵר֔וֹת	881	HNp	10rJJ
4	2	22		תֵּחָשֵׁ֖ב	2803	HVNi3fs	10uEK
4	2	23		עַל	5921 a	HR	1031Q
4	2	24		בִּנְיָמִֽן	1144	HNp	108XT
4	3	1		וַ/יִּבְרְח֥וּ	c/1272	HC/Vqw3mp	10KRB
4	3	2		הַ/בְּאֵרֹתִ֖ים	d/886	HTd/Ngmpa	10Vir
4	3	3		גִּתָּ֑יְמָ/ה	1664	HNp/Sd	10Bi2
4	3	4		וַֽ/יִּהְיוּ	c/1961	HC/Vqw3mp	10DdX
4	3	5		שָׁ֣ם	8033	HD	10FaQ
4	3	6		גָּרִ֔ים	1481 a	HVqrmpa	10MTx
4	3	7		עַ֖ד	5704	HR	10eeu
4	3	8		הַ/יּ֥וֹם	d/3117	HTd/Ncmsa	10u2K
4	3	9		הַ/זֶּֽה	d/2088	HTd/Pdxms	10Ji5
4	4	1		וְ/לִ/יהֽוֹנָתָן֙	c/l/3083	HC/R/Np	10sRx
4	4	2		בֶּן	1121 a	HNcmsc	10oGS
4	4	3		שָׁא֔וּל	7586	HNp	10ojQ
4	4	4		בֵּ֖ן	1121 a	HNcmsa	108eL
4	4	5		נְכֵ֣ה	5223	HAamsc	10JUj
4	4	6		רַגְלָ֑יִם	7272	HNcfda	10Gmx
4	4	7		בֶּן	1121 a	HNcmsc	10zqp
4	4	8		חָמֵ֣שׁ	2568	HAcfsa	10Z4n
4	4	9		שָׁנִ֣ים	8141	HNcfpa	10EBC
4	4	10		הָיָ֡ה	1961	HVqp3ms	10Qrj
4	4	11		בְּ/בֹ֣א	b/935	HR/Vqc	10zcn
4	4	12		שְׁמֻעַת֩	8052	HNcfsc	10htk
4	4	13		שָׁא֨וּל	7586	HNp	10mPM
4	4	14		וִ/יהֽוֹנָתָ֜ן	c/3083	HC/Np	10rNM
4	4	15		מִֽ/יִּזְרְעֶ֗אל	m/3157	HR/Np	10mxT
4	4	16		וַ/תִּשָּׂאֵ֤/הוּ	c/5375	HC/Vqw3fs/Sp3ms	10JFY
4	4	17		אֹֽמַנְתּ/וֹ֙	539	HVqrfsc/Sp3ms	10tNW
4	4	18		וַ/תָּנֹ֔ס	c/5127	HC/Vqw3fs	10vVg
4	4	19		וַ/יְהִ֞י	c/1961	HC/Vqw3ms	10GsN
4	4	20		בְּ/חָפְזָ֥/הּ	b/2648	HR/Vqc/Sp3fs	10ESe
4	4	21		לָ/נ֛וּס	l/5127	HR/Vqc	102xq
4	4	22		וַ/יִּפֹּ֥ל	c/5307	HC/Vqw3ms	10Gta
4	4	23		וַ/יִּפָּסֵ֖חַ	c/6452 b	HC/VNw3ms	10NA7
4	4	24		וּ/שְׁמ֥/וֹ	c/8034	HC/Ncmsc/Sp3ms	109KR
4	4	25		מְפִיבֹֽשֶׁת	4648	HNp	10R5N
4	5	1		וַ/יֵּ֨לְכ֜וּ	c/3212	HC/Vqw3mp	10Rom
4	5	2		בְּנֵֽי	1121 a	HNcmpc	10L7X
4	5	3		רִמּ֤וֹן	7417 b	HNp	10ZEr
4	5	4		הַ/בְּאֵֽרֹתִי֙	d/886	HTd/Ngmsa	10G6B
4	5	5		רֵכָ֣ב	7394	HNp	10a5r
4	5	6		וּ/בַעֲנָ֔ה	c/1196	HC/Np	10CBu
4	5	7		וַ/יָּבֹ֨אוּ֙	c/935	HC/Vqw3mp	10h7x
4	5	8		כְּ/חֹ֣ם	k/2527	HR/Ncmsc	10vJb
4	5	9		הַ/יּ֔וֹם	d/3117	HTd/Ncmsa	10aNN
4	5	10		אֶל	413	HR	10kZd
4	5	11		בֵּ֖ית	1004 b	HNcmsc	10p5b
4	5	12		אִ֣ישׁ	378+	HNp	10X2y
4	5	13		בֹּ֑שֶׁת	378	HNp	10PMj
4	5	14		וְ/ה֣וּא	c/1931	HC/Pp3ms	10ZCR
4	5	15		שֹׁכֵ֔ב	7901	HVqrmsa	10m4e
4	5	16		אֵ֖ת	853	HTo	10PRD
4	5	17		מִשְׁכַּ֥ב	4904	HNcmsc	10kKo
4	5	18		הַֽ/צָּהֳרָֽיִם	d/6672 a	HTd/Ncmpa	102fb
4	6	1		וְ֠/הֵנָּה	c/2007	HC/Pp3fp	10NeN
4	6	2		בָּ֜אוּ	935	HVqp3cp	105Jm
4	6	3		עַד	5704	HR	10GUj
4	6	4		תּ֤וֹךְ	8432	HNcmsc	10aUh
4	6	5		הַ/בַּ֨יִת֙	d/1004 b	HTd/Ncmsa	10ik6
4	6	6		לֹקְחֵ֣י	3947	HVqrmpc	10R15
4	6	7		חִטִּ֔ים	2406	HNcfpa	10fmL
4	6	8		וַ/יַּכֻּ֖/הוּ	c/5221	HC/Vhw3mp/Sp3ms	10Vez
4	6	9		אֶל	413	HR	105sh
4	6	10		הַ/חֹ֑מֶשׁ	d/2570	HTd/Ncmsa	10Dmo
4	6	11		וְ/רֵכָ֛ב	c/7394	HC/Np	10S76
4	6	12		וּ/בַעֲנָ֥ה	c/1196	HC/Np	103U9
4	6	13		אָחִ֖י/ו	251	HNcmsc/Sp3ms	103iN
4	6	14		נִמְלָֽטוּ	4422	HVNp3cp	105vj
4	7	1		וַ/יָּבֹ֣אוּ	c/935	HC/Vqw3mp	10iTL
4	7	2		הַ/בַּ֗יִת	d/1004 b	HTd/Ncmsa	10Vwr
4	7	3		וְ/הֽוּא	c/1931	HC/Pp3ms	10Qra
4	7	4		שֹׁכֵ֤ב	7901	HVqrmsa	10aLf
4	7	5		עַל	5921 a	HR	10B4a
4	7	6		מִטָּת/וֹ֙	4296	HNcfsc/Sp3ms	10KJD
4	7	7		בַּ/חֲדַ֣ר	b/2315	HR/Ncmsc	10wfG
4	7	8		מִשְׁכָּב֔/וֹ	4904	HNcmsc/Sp3ms	10QVj
4	7	9		וַ/יַּכֻּ֨/הוּ֙	c/5221	HC/Vhw3mp/Sp3ms	10tLr
4	7	10		וַ/יְמִתֻ֔/הוּ	c/4191	HC/Vhw3mp/Sp3ms	10xhW
4	7	11		וַ/יָּסִ֖ירוּ	c/5493	HC/Vhw3mp	10UrB
4	7	12		אֶת	853	HTo	10NGV
4	7	13		רֹאשׁ֑/וֹ	7218 a	HNcmsc/Sp3ms	10GWv
4	7	14		וַ/יִּקְחוּ֙	c/3947	HC/Vqw3mp	10Eei
4	7	15		אֶת	853	HTo	10L97
4	7	16		רֹאשׁ֔/וֹ	7218 a	HNcmsc/Sp3ms	10uSP
4	7	17		וַ/יֵּֽלְכ֛וּ	c/3212	HC/Vqw3mp	10vkL
4	7	18		דֶּ֥רֶךְ	1870	HNcbsc	1064X
4	7	19		הָ/עֲרָבָ֖ה	d/6160	HTd/Ncfsa	10UXX
4	7	20		כָּל	3605	HNcmsc	10mec
4	7	21		הַ/לָּֽיְלָה	d/3915	HTd/Ncmsa	10oQV
4	8	1		וַ֠/יָּבִאוּ	c/935	HC/Vhw3mp	10NrV
4	8	2		אֶת	853	HTo	10am3
4	8	3		רֹ֨אשׁ	7218 a	HNcmsc	10pwA
4	8	4		אִֽישׁ	378+	HNcmsc	10tJ1
4	8	5		בֹּ֥שֶׁת	378	HNp	10wT4
4	8	6		אֶל	413	HR	104QP
4	8	7		דָּוִד֮	1732	HNp	10esN
4	8	8		חֶבְרוֹן֒	2275 a	HNp	10tos
4	8	9		וַ/יֹּֽאמְרוּ֙	c/559	HC/Vqw3mp	10YNQ
4	8	10		אֶל	413	HR	10H41
4	8	11		הַ/מֶּ֔לֶךְ	d/4428	HTd/Ncmsa	10uyq
4	8	12		הִנֵּֽה	2009	HTm	10i8S
4	8	13		רֹ֣אשׁ	7218 a	HNcmsc	106z9
4	8	14		אִֽישׁ	378+	HNp	105Py
4	8	15		בֹּ֗שֶׁת	378	HNp	10AHL
4	8	16		בֶּן	1121 a	HNcmsc	10xF2
4	8	17		שָׁאוּל֙	7586	HNp	10rbR
4	8	18		אֹֽיִבְ/ךָ֔	341	HVqrmsc/Sp2ms	10deN
4	8	19		אֲשֶׁ֥ר	834 a	HTr	10m4c
4	8	20		בִּקֵּ֖שׁ	1245	HVpp3ms	10Lrp
4	8	21		אֶת	853	HTo	10c4q
4	8	22		נַפְשֶׁ֑/ךָ	5315	HNcbsc/Sp2ms	10xqq
4	8	23		וַ/יִּתֵּ֣ן	c/5414	HC/Vqw3ms	10XdH
4	8	24		יְ֠הוָה	3068	HNp	10NvG
4	8	25		לַֽ/אדֹנִ֨/י	l/113	HR/Ncmsc/Sp1cs	10vnB
4	8	26		הַ/מֶּ֤לֶךְ	d/4428	HTd/Ncmsa	10U2p
4	8	27		נְקָמוֹת֙	5360	HNcfpa	10SG8
4	8	28		הַ/יּ֣וֹם	d/3117	HTd/Ncmsa	10kbN
4	8	29		הַ/זֶּ֔ה	d/2088	HTd/Pdxms	106mC
4	8	30		מִ/שָּׁא֖וּל	m/7586	HR/Np	10jug
4	8	31		וּ/מִ/זַּרְעֽ/וֹ	c/m/2233	HC/R/Ncmsc/Sp3ms	10Vkq
4	9	1		וַ/יַּ֨עַן	c/6030 b	HC/Vqw3ms	10kRy
4	9	2		דָּוִ֜ד	1732	HNp	104Jr
4	9	3		אֶת	853	HTo	10AJD
4	9	4		רֵכָ֣ב	7394	HNp	10w7S
4	9	5		וְ/אֶת	c/853	HC/To	10bwc
4	9	6		בַּעֲנָ֣ה	1196	HNp	10tSL
4	9	7		אָחִ֗י/ו	251	HNcmsc/Sp3ms	10HZZ
4	9	8		בְּנֵ֛י	1121 a	HNcmpc	10Bo3
4	9	9		רִמּ֥וֹן	7417 b	HNp	10Mos
4	9	10		הַ/בְּאֵֽרֹתִ֖י	d/886	HTd/Ngmsa	10JJB
4	9	11		וַ/יֹּ֣אמֶר	c/559	HC/Vqw3ms	10yAj
4	9	12		לָ/הֶ֑ם	l	HR/Sp3mp	10Gon
4	9	13		חַי	2416 a	HAamsa	10Fu4
4	9	14		יְהוָ֕ה	3068	HNp	10UxF
4	9	15		אֲשֶׁר	834 a	HTr	10u5M
4	9	16		פָּדָ֥ה	6299	HVqp3ms	10jQ2
4	9	17		אֶת	853	HTo	1026m
4	9	18		נַפְשִׁ֖/י	5315	HNcbsc/Sp1cs	10pu5
4	9	19		מִ/כָּל	m/3605	HR/Ncmsc	10eof
4	9	20		צָרָֽה	6869 b	HNcfsa	104Th
4	10	1		כִּ֣י	3588 a	HC	10x6W
4	10	2		הַ/מַּגִּיד֩	d/5046	HTd/Vhrmsa	10Dux
4	10	3		לִ֨/י	l	HR/Sp1cs	10txJ
4	10	4		לֵ/אמֹ֜ר	l/559	HR/Vqc	10pBm
4	10	5		הִנֵּה	2009	HTm	10HLf
4	10	6		מֵ֣ת	4191	HVqp3ms	10gJx
4	10	7		שָׁא֗וּל	7586	HNp	10rPn
4	10	8		וְ/הֽוּא	c/1931	HC/Pp3ms	10BPG
4	10	9		הָיָ֤ה	1961	HVqp3ms	10jZJ
4	10	10		כִ/מְבַשֵּׂר֙	k/1319	HR/Vprmsa	10xoW
4	10	11		בְּ/עֵינָ֔י/ו	b/5869 a	HR/Ncbdc/Sp3ms	10ZXZ
4	10	12		וָ/אֹחֲזָ֣/ה	c/270	HC/Vqw1cs/Sh	10ybM
4	10	13		ב֔/וֹ	b	HR/Sp3ms	10JT8
4	10	14		וָ/אֶהְרְגֵ֖/הוּ	c/2026	HC/Vqw1cs/Sp3ms	10T2X
4	10	15		בְּ/צִֽקְלָ֑ג	b/6860	HR/Np	102GL
4	10	16		אֲשֶׁ֥ר	834 a	HTr	10e2V
4	10	17		לְ/תִתִּ/י	l/5414	HR/Vqc/Sp1cs	10dGs
4	10	18		ל֖/וֹ	l	HR/Sp3ms	102Mh
4	10	19		בְּשֹׂרָֽה	1309	HNcfsa	10J1i
4	11	1		אַ֞ף	637	HTa	10xua
4	11	2		כִּֽי	3588 a	HC	107BX
4	11	3		אֲנָשִׁ֣ים	376	HNcmpa	10mim
4	11	4		רְשָׁעִ֗ים	7563	HAampa	10Hbd
4	11	5		הָרְג֧וּ	2026	HVqp3cp	10SSi
4	11	6		אֶת	853	HTo	10iS2
4	11	7		אִישׁ	376	HNcmsa	10Ua3
4	11	8		צַדִּ֛יק	6662	HAamsa	10X8d
4	11	9		בְּ/בֵית֖/וֹ	b/1004 b	HR/Ncmsc/Sp3ms	10ASF
4	11	10		עַל	5921 a	HR	10qNw
4	11	11		מִשְׁכָּב֑/וֹ	4904	HNcmsc/Sp3ms	103PW
4	11	12		וְ/עַתָּ֗ה	c/6258	HC/D	10ZDB
4	11	13		הֲ/ל֨וֹא	i/3808	HTi/Tn	10Fr5
4	11	14		אֲבַקֵּ֤שׁ	1245	HVpi1cs	1031V
4	11	15		אֶת	853	HTo	10iWv
4	11	16		דָּמ/וֹ֙	1818	HNcmsc/Sp3ms	10vzh
4	11	17		מִ/יֶּדְ/כֶ֔ם	m/3027	HR/Ncbsc/Sp2mp	10G27
4	11	18		וּ/בִעַרְתִּ֥י	c/1197 a	HC/Vpq1cs	10Jbv
4	11	19		אֶתְ/כֶ֖ם	853	HTo/Sp2mp	10oWA
4	11	20		מִן	4480 a	HR	10ZK9
4	11	21		הָ/אָֽרֶץ	d/776	HTd/Ncbsa	10yjm
4	12	1		וַ/יְצַו֩	c/6680	HC/Vpw3ms	10yxA
4	12	2		דָּוִ֨ד	1732	HNp	107ug
4	12	3		אֶת	853	HTo	10PGz
4	12	4		הַ/נְּעָרִ֜ים	d/5288	HTd/Ncmpa	10wpp
4	12	5		וַ/יַּהַרְג֗וּ/ם	c/2026	HC/Vqw3mp/Sp3mp	10PeV
4	12	6		וַֽ/יְקַצְּצ֤וּ	c/7112	HC/Vpw3mp	10zGh
4	12	7		אֶת	853	HTo	108sY
4	12	8		יְדֵי/הֶם֙	3027	HNcbdc/Sp3mp	10Jdo
4	12	9		וְ/אֶת	c/853	HC/To	106E3
4	12	10		רַגְלֵי/הֶ֔ם	7272	HNcfdc/Sp3mp	106P5
4	12	11		וַ/יִּתְל֥וּ	c/8518	HC/Vqw3mp	10apQ
4	12	12		עַל	5921 a	HR	10BqY
4	12	13		הַ/בְּרֵכָ֖ה	d/1295	HTd/Ncfsa	1049o
4	12	14		בְּ/חֶבְר֑וֹן	b/2275 a	HR/Np	10fF6
4	12	15		וְ/אֵ֨ת	c/853	HC/To	1092K
4	12	16		רֹ֤אשׁ	7218 a	HNcmsc	10tGz
4	12	17		אִֽישׁ	378+	HNp	10YrC
4	12	18		בֹּ֨שֶׁת֙	378	HNp	10VrZ
4	12	19		לָקָ֔חוּ	3947	HVqp3cp	10C6S
4	12	20		וַ/יִּקְבְּר֥וּ	c/6912	HC/Vqw3mp	10vxb
4	12	21		בְ/קֶֽבֶר	b/6913	HR/Ncmsc	10kjb
4	12	22		אַבְנֵ֖ר	74	HNp	102Vu
4	12	23		בְּ/חֶבְרֽוֹן	b/2275 a	HR/Np	10L3Q
5	1	1		וַ/יָּבֹ֜אוּ	c/935	HC/Vqw3mp	10HGZ
5	1	2		כָּל	3605	HNcmsc	1064C
5	1	3		שִׁבְטֵ֧י	7626	HNcmpc	106RY
5	1	4		יִשְׂרָאֵ֛ל	3478	HNp	10fA1
5	1	5		אֶל	413	HR	10pXr
5	1	6		דָּוִ֖ד	1732	HNp	10WEX
5	1	7		חֶבְר֑וֹנָ/ה	2275 a	HNp/Sd	10e9D
5	1	8		וַ/יֹּאמְר֣וּ	c/559	HC/Vqw3mp	10peZ
5	1	9		לֵ/אמֹ֔ר	l/559	HR/Vqc	10CNe
5	1	10		הִנְ/נ֛וּ	2005	HTj/Sp1cp	10nm5
5	1	11		עַצְמְ/ךָ֥	6106	HNcfsc/Sp2ms	10orh
5	1	12		וּֽ/בְשָׂרְ/ךָ֖	c/1320	HC/Ncmsc/Sp2ms	10Acg
5	1	13		אֲנָֽחְנוּ	587	HPp1cp	10D85
5	2	1		גַּם	1571	HTa	10BUn
5	2	2		אֶתְמ֣וֹל	865	HNcmsa	10UF1
5	2	3		גַּם	1571	HTa	10zco
5	2	4		שִׁלְשׁ֗וֹם	8032	HNcmsa	10GBT
5	2	5		בִּ/הְי֨וֹת	b/1961	HR/Vqc	10h66
5	2	6		שָׁא֥וּל	7586	HNp	106Dk
5	2	7		מֶ֨לֶךְ֙	4428	HNcmsa	10r7r
5	2	8		עָלֵ֔י/נוּ	5921 a	HR/Sp1cp	10oJg
5	2	9		אַתָּ֗ה	859 a	HPp2ms	10me1
5	2	10	x-ketiv	הייתה	1961	HVqp2ms	10oxa
5	2	11		הָיִ֛יתָ	1961	HVqp2ms	10YiJ
5	2	12	x-ketiv	מוציא	3318	HVhrmsa	10Ypk
5	2	13		הַ/מּוֹצִ֥יא	d/3318	HTd/Vhrmsa	10C33
5	2	14	x-ketiv	ו/ה/מבי	c/d/935	HC/Td/Vhrmsa	10W8V
5	2	15		וְ/הַ/מֵּבִ֖יא	c/d/935	HC/Td/Vhrmsa	102Z4
5	2	16		אֶת	853	HTo	10uX2
5	2	17		יִשְׂרָאֵ֑ל	3478	HNp	10TPk
5	2	18		וַ/יֹּ֨אמֶר	c/559	HC/Vqw3ms	10hdw
5	2	19		יְהוָ֜ה	3068	HNp	10LaJ
5	2	20		לְ/ךָ֗	l	HR/Sp2ms	10ZkJ
5	2	21		אַתָּ֨ה	859 a	HPp2ms	10rrP
5	2	22		תִרְעֶ֤ה	7462 b	HVqi2ms	10fqW
5	2	23		אֶת	853	HTo	10sNS
5	2	24		עַמִּ/י֙	5971 a	HNcmsc/Sp1cs	10Rij
5	2	25		אֶת	853	HTo	10rq9
5	2	26		יִשְׂרָאֵ֔ל	3478	HNp	102pQ
5	2	27		וְ/אַתָּ֛ה	c/859 a	HC/Pp2ms	10hDH
5	2	28		תִּהְיֶ֥ה	1961	HVqi2ms	10zCX
5	2	29		לְ/נָגִ֖יד	l/5057	HR/Ncmsa	10BTq
5	2	30		עַל	5921 a	HR	10qmD
5	2	31		יִשְׂרָאֵֽל	3478	HNp	10T54
5	3	1		וַ֠/יָּבֹאוּ	c/935	HC/Vqw3mp	10KK7
5	3	2		כָּל	3605	HNcmsc	10xrB
5	3	3		זִקְנֵ֨י	2205	HAampc	102tb
5	3	4		יִשְׂרָאֵ֤ל	3478	HNp	10AAU
5	3	5		אֶל	413	HR	10fKo
5	3	6		הַ/מֶּ֨לֶךְ֙	d/4428	HTd/Ncmsa	10hrP
5	3	7		חֶבְר֔וֹנָ/ה	2275 a	HNp/Sd	10NXB
5	3	8		וַ/יִּכְרֹ֣ת	c/3772	HC/Vqw3ms	10cv9
5	3	9		לָ/הֶם֩	l	HR/Sp3mp	108HL
5	3	10		הַ/מֶּ֨לֶךְ	d/4428	HTd/Ncmsa	10sDr
5	3	11		דָּוִ֥ד	1732	HNp	10Xyc
5	3	12		בְּרִ֛ית	1285	HNcfsa	10nYo
5	3	13		בְּ/חֶבְר֖וֹן	b/2275 a	HR/Np	10pow
5	3	14		לִ/פְנֵ֣י	l/6440	HR/Ncbpc	10j9W
5	3	15		יְהוָ֑ה	3068	HNp	10c3J
5	3	16		וַ/יִּמְשְׁח֧וּ	c/4886	HC/Vqw3mp	10a5b
5	3	17		אֶת	853	HTo	10wEY
5	3	18		דָּוִ֛ד	1732	HNp	10EQ4
5	3	19		לְ/מֶ֖לֶךְ	l/4428	HR/Ncmsa	10avL
5	3	20		עַל	5921 a	HR	107ej
5	3	21		יִשְׂרָאֵֽל	3478	HNp	10amD
5	4	1		בֶּן	1121 a	HNcmsc	10VUr
5	4	2		שְׁלֹשִׁ֥ים	7970	HAcbpa	10yB6
5	4	3		שָׁנָ֛ה	8141	HNcfsa	10c5N
5	4	4		דָּוִ֖ד	1732	HNp	10T55
5	4	5		בְּ/מָלְכ֑/וֹ	b/4427 a	HR/Vqc/Sp3ms	10peT
5	4	6		אַרְבָּעִ֥ים	705	HAcbpa	10Ksj
5	4	7		שָׁנָ֖ה	8141	HNcfsa	10Z3e
5	4	8		מָלָֽךְ	4427 a	HVqp3ms	10Kzf
5	5	1		בְּ/חֶבְרוֹן֙	b/2275 b	HR/Np	10orc
5	5	2		מָלַ֣ךְ	4427 a	HVqp3ms	1062Y
5	5	3		עַל	5921 a	HR	10k5t
5	5	4		יְהוּדָ֔ה	3063	HNp	10KZM
5	5	5		שֶׁ֥בַע	7651	HAcfsa	10rez
5	5	6		שָׁנִ֖ים	8141	HNcfpa	10HUJ
5	5	7		וְ/שִׁשָּׁ֣ה	c/8337	HC/Acmsa	10psq
5	5	8		חֳדָשִׁ֑ים	2320	HNcmpa	10WRG
5	5	9		וּ/בִ/ירוּשָׁלִַ֣ם	c/b/3389	HC/R/Np	10wbu
5	5	10		מָלַ֗ךְ	4427 a	HVqp3ms	10Bav
5	5	11		שְׁלֹשִׁ֤ים	7970	HAcbpa	10GVi
5	5	12		וְ/שָׁלֹשׁ֙	c/7969	HC/Acfsa	10Csn
5	5	13		שָׁנָ֔ה	8141	HNcfsa	10R9z
5	5	14		עַ֥ל	5921 a	HR	10tn3
5	5	15		כָּל	3605	HNcmsc	10uiF
5	5	16		יִשְׂרָאֵ֖ל	3478	HNp	10hmQ
5	5	17		וִ/יהוּדָֽה	c/3063	HC/Np	10pj9
5	6	1		וַ/יֵּ֨לֶךְ	c/3212	HC/Vqw3ms	10gza
5	6	2		הַ/מֶּ֤לֶךְ	d/4428	HTd/Ncmsa	10nh4
5	6	3		וַֽ/אֲנָשָׁי/ו֙	c/376	HC/Ncmpc/Sp3ms	10yip
5	6	4		יְר֣וּשָׁלִַ֔ם	3389	HNp	10yhX
5	6	5		אֶל	413	HR	10Rr8
5	6	6		הַ/יְבֻסִ֖י	d/2983	HTd/Ngmsa	10q3q
5	6	7		יוֹשֵׁ֣ב	3427	HVqrmsc	10zBj
5	6	8		הָ/אָ֑רֶץ	d/776	HTd/Ncbsa	10mM8
5	6	9		וַ/יֹּ֨אמֶר	c/559	HC/Vqw3ms	10Boi
5	6	10		לְ/דָוִ֤ד	l/1732	HR/Np	109tu
5	6	11		לֵ/אמֹר֙	l/559	HR/Vqc	10cJ2
5	6	12		לֹא	3808	HTn	10qwa
5	6	13		תָב֣וֹא	935	HVqi2ms	10U6p
5	6	14		הֵ֔נָּה	2008	HD	10gi1
5	6	15		כִּ֣י	3588 b	HC	10zuP
5	6	16		אִם	518 b	HC	10RH3
5	6	17		הֱסִֽירְ/ךָ֗	5493	HVhp3ms/Sp2ms	10tap
5	6	18		הַ/עִוְרִ֤ים	d/5787	HTd/Aampa	10dpu
5	6	19		וְ/הַ/פִּסְחִים֙	c/d/6452 b	HC/Td/Aampa	10bEm
5	6	20		לֵ/אמֹ֔ר	l/559	HR/Vqc	10jsC
5	6	21		לֹֽא	3808	HTn	10VLV
5	6	22		יָב֥וֹא	935	HVqi3ms	10RYi
5	6	23		דָוִ֖ד	1732	HNp	10VMS
5	6	24		הֵֽנָּה	2008	HD	10WwP
5	7	1		וַ/יִּלְכֹּ֣ד	c/3920	HC/Vqw3ms	109hJ
5	7	2		דָּוִ֔ד	1732	HNp	10wDc
5	7	3		אֵ֖ת	853	HTo	101ME
5	7	4		מְצֻדַ֣ת	4686 b	HNcbsc	10bxs
5	7	5		צִיּ֑וֹן	6726	HNp	10Eya
5	7	6		הִ֖יא	1931	HPp3fs	10bTU
5	7	7		עִ֥יר	5892 b	HNcfsc	10Wzj
5	7	8		דָּוִֽד	1732	HNp	10xVG
5	8	1		וַ/יֹּ֨אמֶר	c/559	HC/Vqw3ms	10Ehm
5	8	2		דָּוִ֜ד	1732	HNp	10CAK
5	8	3		בַּ/יּ֣וֹם	b/3117	HRd/Ncmsa	10o3f
5	8	4		הַ/ה֗וּא	d/1931	HTd/Pp3ms	10e88
5	8	5		כָּל	3605	HNcmsc	10f25
5	8	6		מַכֵּ֤ה	5221	HVhrmsc	10Hww
5	8	7		יְבֻסִי֙	2983	HNgmsa	10TVz
5	8	8		וְ/יִגַּ֣ע	c/5060	HC/Vqi3ms	10LRb
5	8	9		בַּ/צִּנּ֔וֹר	b/6794	HRd/Ncmsa	10HAt
5	8	10		וְ/אֶת	c/853	HC/To	10nGv
5	8	11		הַ/פִּסְחִים֙	d/6455	HTd/Aampa	10iiv
5	8	12		וְ/אֶת	c/853	HC/To	10CVL
5	8	13		הַ֣/עִוְרִ֔ים	d/5787	HTd/Aampa	109vz
5	8	14	x-ketiv	שנאו	8130	HVqp3cp	10NTb
5	8	15		שְׂנֻאֵ֖י	8130	HVqsmpc	10cvb
5	8	16		נֶ֣פֶשׁ	5315	HNcbsc	10B7J
5	8	17		דָּוִ֑ד	1732	HNp	10XBu
5	8	18		עַל	5921 a	HR	10uMM
5	8	19		כֵּן֙	3651 c	HTm	10XBy
5	8	20		יֹֽאמְר֔וּ	559	HVqi3mp	10Gch
5	8	21		עִוֵּ֣ר	5787	HAamsa	10tZs
5	8	22		וּ/פִסֵּ֔חַ	c/6455	HC/Aamsa	10Sx5
5	8	23		לֹ֥א	3808	HTn	10mYa
5	8	24		יָב֖וֹא	935	HVqi3ms	10Fc9
5	8	25		אֶל	413	HR	1063V
5	8	26		הַ/בָּֽיִת	d/1004 b	HTd/Ncmsa	10xVx
5	9	1		וַ/יֵּ֤שֶׁב	c/3427	HC/Vqw3ms	10ZMa
5	9	2		דָּוִד֙	1732	HNp	10K9n
5	9	3		בַּ/מְּצֻדָ֔ה	b/4686 b	HRd/Ncbsa	10rsj
5	9	4		וַ/יִּקְרָא	c/7121	HC/Vqw3ms	10QzN
5	9	5		לָ֖/הּ	l	HR/Sp3fs	10zQg
5	9	6		עִ֣יר	5892 b	HNcfsc	10s54
5	9	7		דָּוִ֑ד	1732	HNp	10ZxQ
5	9	8		וַ/יִּ֤בֶן	c/1129	HC/Vqw3ms	10mBQ
5	9	9		דָּוִד֙	1732	HNp	10kmu
5	9	10		סָבִ֔יב	5439	HNcbsa	10Rpd
5	9	11		מִן	4480 a	HR	102xG
5	9	12		הַ/מִּלּ֖וֹא	d/4407	HTd/Np	10ex2
5	9	13		וָ/בָֽיְתָ/ה	c/1004 b	HC/Ncmsa/Sd	103VA
5	10	1		וַ/יֵּ֥לֶךְ	c/3212	HC/Vqw3ms	10XVR
5	10	2		דָּוִ֖ד	1732	HNp	10Lx1
5	10	3		הָל֣וֹךְ	1980	HVqa	107zA
5	10	4		וְ/גָד֑וֹל	c/1419 a	HC/Vqa	10bE4
5	10	5		וַ/יהוָ֛ה	c/3068	HC/Np	10qcU
5	10	6		אֱלֹהֵ֥י	430	HNcmpc	108e9
5	10	7		צְבָא֖וֹת	6635 b	HNcbpa	10iuc
5	10	8		עִמּֽ/וֹ	5973 a	HR/Sp3ms	104pW
5	11	1		וַ֠/יִּשְׁלַח	c/7971	HC/Vqw3ms	10tDy
5	11	2		חִירָ֨ם	2438	HNp	10NLe
5	11	3		מֶֽלֶךְ	4428	HNcmsc	10GtD
5	11	4		צֹ֥ר	6865	HNp	10mwz
5	11	5		מַלְאָכִים֮	4397	HNcmpa	10v4c
5	11	6		אֶל	413	HR	10SkK
5	11	7		דָּוִד֒	1732	HNp	105xn
5	11	8		וַ/עֲצֵ֣י	c/6086	HC/Ncmpc	10U8y
5	11	9		אֲרָזִ֔ים	730	HNcmpa	10G3b
5	11	10		וְ/חָרָשֵׁ֣י	c/2796	HC/Ncmpc	10i4K
5	11	11		עֵ֔ץ	6086	HNcmsa	10Vhq
5	11	12		וְ/חָֽרָשֵׁ֖י	c/2796	HC/Ncmpc	108w5
5	11	13		אֶ֣בֶן	68	HNcfsc	10XKu
5	11	14		קִ֑יר	7023	HNcmsa	10N3Z
5	11	15		וַ/יִּבְנֽוּ	c/1129	HC/Vqw3mp	1072P
5	11	16		בַ֖יִת	1004 b	HNcmsa	10u1j
5	11	17		לְ/דָוִֽד	l/1732	HR/Np	10DBw
5	12	1		וַ/יֵּ֣דַע	c/3045	HC/Vqw3ms	10KyH
5	12	2		דָּוִ֔ד	1732	HNp	10sK9
5	12	3		כִּֽי	3588 a	HC	10soG
5	12	4		הֱכִינ֧/וֹ	3559 a	HVhp3ms/Sp3ms	10Ggv
5	12	5		יְהוָ֛ה	3068	HNp	10NRv
5	12	6		לְ/מֶ֖לֶךְ	l/4428	HR/Ncmsa	10fdT
5	12	7		עַל	5921 a	HR	10qex
5	12	8		יִשְׂרָאֵ֑ל	3478	HNp	10GE5
5	12	9		וְ/כִי֙	c/3588 a	HC/C	104oz
5	12	10		נִשֵּׂ֣א	5375	HVpp3ms	106kG
5	12	11		מַמְלַכְתּ֔/וֹ	4467	HNcfsc/Sp3ms	10Wuj
5	12	12		בַּ/עֲב֖וּר	b/5668	HR/Ncmsc	106jv
5	12	13		עַמּ֥/וֹ	5971 a	HNcmsc/Sp3ms	10WSR
5	12	14		יִשְׂרָאֵֽל	3478	HNp	10xRq
5	13	1		וַ/יִּקַּח֩	c/3947	HC/Vqw3ms	10xiv
5	13	2		דָּוִ֨ד	1732	HNp	10Vhb
5	13	3		ע֜וֹד	5750	HD	10Kra
5	13	4		פִּֽלַגְשִׁ֤ים	6370	HNcfpa	10FB9
5	13	5		וְ/נָשִׁים֙	c/802	HC/Ncfpa	10WPN
5	13	6		מִ/יר֣וּשָׁלִַ֔ם	m/3389	HR/Np	10zbb
5	13	7		אַחֲרֵ֖י	310 a	HR	10W6k
5	13	8		בֹּא֣/וֹ	935	HVqc/Sp3ms	10dcc
5	13	9		מֵ/חֶבְר֑וֹן	m/2275 a	HR/Np	103fz
5	13	10		וַ/יִּוָּ֥לְדּוּ	c/3205	HC/VNw3mp	10pV4
5	13	11		ע֛וֹד	5750	HD	10K76
5	13	12		לְ/דָוִ֖ד	l/1732	HR/Np	10Xvh
5	13	13		בָּנִ֥ים	1121 a	HNcmpa	10F23
5	13	14		וּ/בָנֽוֹת	c/1323	HC/Ncfpa	10t9z
5	14	1		וְ/אֵ֗לֶּה	c/428	HC/Pdxcp	10whu
5	14	2		שְׁמ֛וֹת	8034	HNcmpc	10ose
5	14	3		הַ/יִּלֹּדִ֥ים	d/3209	HTd/Aampa	10min
5	14	4		ל֖/וֹ	l	HR/Sp3ms	10iic
5	14	5		בִּ/ירוּשָׁלִָ֑ם	b/3389	HR/Np	10uQX
5	14	6		שַׁמּ֣וּעַ	8051	HNp	10fqr
5	14	7		וְ/שׁוֹבָ֔ב	c/7727	HC/Np	10gRQ
5	14	8		וְ/נָתָ֖ן	c/5416	HC/Np	10oC6
5	14	9		וּ/שְׁלֹמֹֽה	c/8010	HC/Np	10AB9
5	15	1		וְ/יִבְחָ֥ר	c/2984	HC/Np	106Bi
5	15	2		וֶ/אֱלִישׁ֖וּעַ	c/474	HC/Np	10TKQ
5	15	3		וְ/נֶ֥פֶג	c/5298	HC/Np	10sX9
5	15	4		וְ/יָפִֽיעַ	c/3309	HC/Np	10CNX
5	16	1		וֶ/אֱלִישָׁמָ֥ע	c/476	HC/Np	105Jx
5	16	2		וְ/אֶלְיָדָ֖ע	c/450	HC/Np	10K8B
5	16	3		וֶ/אֱלִיפָֽלֶט	c/467	HC/Np	10qTM
5	17	1		וַ/יִּשְׁמְע֣וּ	c/8085	HC/Vqw3mp	10kST
5	17	2		פְלִשְׁתִּ֗ים	6430	HNgmpa	109ok
5	17	3		כִּי	3588 a	HC	10G8f
5	17	4		מָשְׁח֨וּ	4886	HVqp3cp	10bjL
5	17	5		אֶת	853	HTo	10ant
5	17	6		דָּוִ֤ד	1732	HNp	104aq
5	17	7		לְ/מֶ֨לֶךְ֙	l/4428	HR/Ncmsa	10xLT
5	17	8		עַל	5921 a	HR	10fns
5	17	9		יִשְׂרָאֵ֔ל	3478	HNp	10p9L
5	17	10		וַ/יַּעֲל֥וּ	c/5927	HC/Vqw3mp	10ZUC
5	17	11		כָל	3605	HNcmsc	10JCj
5	17	12		פְּלִשְׁתִּ֖ים	6430	HNgmpa	10cTb
5	17	13		לְ/בַקֵּ֣שׁ	l/1245	HR/Vpc	10EZX
5	17	14		אֶת	853	HTo	10Y8E
5	17	15		דָּוִ֑ד	1732	HNp	10WfP
5	17	16		וַ/יִּשְׁמַ֣ע	c/8085	HC/Vqw3ms	10EHX
5	17	17		דָּוִ֔ד	1732	HNp	10htV
5	17	18		וַ/יֵּ֖רֶד	c/3381	HC/Vqw3ms	10dnq
5	17	19		אֶל	413	HR	10Bfr
5	17	20		הַ/מְּצוּדָֽה	d/4686 b	HTd/Ncbsa	10n3U
5	18	1		וּ/פְלִשְׁתִּ֖ים	c/6430	HC/Ngmpa	10UYs
5	18	2		בָּ֑אוּ	935	HVqp3cp	10T4t
5	18	3		וַ/יִּנָּטְשׁ֖וּ	c/5203	HC/VNw3mp	10CXn
5	18	4		בְּ/עֵ֥מֶק	b/6010	HR/Ncmsc	10eoV
5	18	5		רְפָאִֽים	7497 b	HNp	10z2s
5	19	1		וַ/יִּשְׁאַ֨ל	c/7592	HC/Vqw3ms	10eW4
5	19	2		דָּוִ֤ד	1732	HNp	10Kox
5	19	3		בַּֽ/יהוָה֙	b/3068	HR/Np	10RGB
5	19	4		לֵ/אמֹ֔ר	l/559	HR/Vqc	10Upn
5	19	5		הַ/אֶֽעֱלֶה֙	i/5927	HTi/Vqi1cs	10dXz
5	19	6		אֶל	413	HR	10Bbn
5	19	7		פְּלִשְׁתִּ֔ים	6430	HNgmpa	101Zv
5	19	8		הֲ/תִתְּנֵ֖/ם	i/5414	HTi/Vqi2ms/Sp3mp	10TB4
5	19	9		בְּ/יָדִ֑/י	b/3027	HR/Ncbsc/Sp1cs	10oG9
5	19	10		וַ/יֹּ֨אמֶר	c/559	HC/Vqw3ms	10prm
5	19	11		יְהוָ֤ה	3068	HNp	10rwi
5	19	12		אֶל	413	HR	10EAA
5	19	13		דָּוִד֙	1732	HNp	10LxY
5	19	14		עֲלֵ֔ה	5927	HVqv2ms	10Frb
5	19	15		כִּֽי	3588 a	HC	10HJn
5	19	16		נָתֹ֥ן	5414	HVqa	10LuD
5	19	17		אֶתֵּ֛ן	5414	HVqi1cs	10XnL
5	19	18		אֶת	853	HTo	10sUy
5	19	19		הַ/פְּלִשְׁתִּ֖ים	d/6430	HTd/Ngmpa	107nT
5	19	20		בְּ/יָדֶֽ/ךָ	b/3027	HR/Ncbsc/Sp2ms	10yyf
5	20	1		וַ/יָּבֹ֨א	c/935	HC/Vqw3ms	104Zw
5	20	2		דָוִ֥ד	1732	HNp	10JqE
5	20	3		בְּ/בַֽעַל	b/1188+	HR/Np	10rnt
5	20	4		פְּרָצִים֮	1188	HNp	10DiF
5	20	5		וַ/יַּכֵּ֣/ם	c/5221	HC/Vhw3ms/Sp3mp	10eUy
5	20	6		שָׁ֣ם	8033	HD	10Vak
5	20	7		דָּוִד֒	1732	HNp	10oiN
5	20	8		וַ/יֹּ֕אמֶר	c/559	HC/Vqw3ms	10vnQ
5	20	9		פָּרַ֨ץ	6555	HVqp3ms	10gEr
5	20	10		יְהוָ֧ה	3068	HNp	10WLF
5	20	11		אֶת	853	HTo	10wGZ
5	20	12		אֹיְבַ֛/י	341	HVqrmpc/Sp1cs	10HVd
5	20	13		לְ/פָנַ֖/י	l/6440	HR/Ncbpc/Sp1cs	10Fze
5	20	14		כְּ/פֶ֣רֶץ	k/6556	HR/Ncmsc	10ZHY
5	20	15		מָ֑יִם	4325	HNcmpa	101sU
5	20	16		עַל	5921 a	HR	10CGv
5	20	17		כֵּ֗ן	3651 c	HTm	10xTA
5	20	18		קָרָ֛א	7121	HVqp3ms	10isH
5	20	19		שֵֽׁם	8034	HNcmsc	10nJS
5	20	20		הַ/מָּק֥וֹם	d/4725	HTd/Ncmsa	10cUx
5	20	21		הַ/ה֖וּא	d/1931	HTd/Pp3ms	10a6i
5	20	22		בַּ֥עַל	1188+	HNp	10Jfc
5	20	23		פְּרָצִֽים	1188	HNp	10hEY
5	21	1		וַ/יַּעַזְבוּ	c/5800 a	HC/Vqw3mp	10ijZ
5	21	2		שָׁ֖ם	8033	HD	10u83
5	21	3		אֶת	853	HTo	10NzX
5	21	4		עֲצַבֵּי/הֶ֑ם	6091	HNcmpc/Sp3mp	1017r
5	21	5		וַ/יִּשָּׂאֵ֥/ם	c/5375	HC/Vqw3ms/Sp3mp	10ZU1
5	21	6		דָּוִ֖ד	1732	HNp	10otL
5	21	7		וַ/אֲנָשָֽׁי/ו	c/376	HC/Ncmpc/Sp3ms	10um7
5	22	1		וַ/יֹּסִ֥פוּ	c/3254	HC/Vhw3mp	10KjJ
5	22	2		ע֛וֹד	5750	HD	10fiM
5	22	3		פְּלִשְׁתִּ֖ים	6430	HNgmpa	10dcf
5	22	4		לַֽ/עֲל֑וֹת	l/5927	HR/Vqc	10KEb
5	22	5		וַ/יִּנָּֽטְשׁ֖וּ	c/5203	HC/VNw3mp	10hC2
5	22	6		בְּ/עֵ֥מֶק	b/6010	HR/Ncmsc	104fq
5	22	7		רְפָאִֽים	7497 b	HNp	10sEG
5	23	1		וַ/יִּשְׁאַ֤ל	c/7592	HC/Vqw3ms	10HuD
5	23	2		דָּוִד֙	1732	HNp	103KB
5	23	3		בַּֽ/יהוָ֔ה	b/3068	HR/Np	10q7m
5	23	4		וַ/יֹּ֖אמֶר	c/559	HC/Vqw3ms	10bTg
5	23	5		לֹ֣א	3808	HTn	10Aw1
5	23	6		תַעֲלֶ֑ה	5927	HVqi2ms	10AqN
5	23	7		הָסֵב֙	5437	HVhv2ms	1076m
5	23	8		אֶל	413	HR	106a2
5	23	9		אַ֣חֲרֵי/הֶ֔ם	310 a	HR/Sp3mp	10g5k
5	23	10		וּ/בָ֥אתָ	c/935	HC/Vqq2ms	10wJN
5	23	11		לָ/הֶ֖ם	l	HR/Sp3mp	10bGZ
5	23	12		מִ/מּ֥וּל	m/4136	HR/R	10pX4
5	23	13		בְּכָאִֽים	1057	HNcmpa	10J7k
5	24	1		וִ֠/יהִי	c/1961	HC/Vqj3ms	10AuP
5	24	2	x-ketiv	ב/שמע/ך	b/8085	HR/Vqc/Sp2ms	10syM
5	24	3		כְּֽ/שָׁמְעֲ/ךָ֞	k/8085	HR/Vqc/Sp2ms	10ayp
5	24	4		אֶת	853	HTo	10zG9
5	24	5		ק֧וֹל	6963 a	HNcmsc	10DUx
5	24	6		צְעָדָ֛ה	6807 a	HNcfsa	10G26
5	24	7		בְּ/רָאשֵׁ֥י	b/7218 a	HR/Ncmpc	10r7o
5	24	8		הַ/בְּכָאִ֖ים	d/1057	HTd/Ncmpa	10kDi
5	24	9		אָ֣ז	227 a	HD	10VnV
5	24	10		תֶּחֱרָ֑ץ	2782	HVqi2ms	10J24
5	24	11		כִּ֣י	3588 a	HC	10s9A
5	24	12		אָ֗ז	227 a	HD	10vhV
5	24	13		יָצָ֤א	3318	HVqp3ms	10kFL
5	24	14		יְהוָה֙	3068	HNp	10xfx
5	24	15		לְ/פָנֶ֔י/ךָ	l/6440	HR/Ncbpc/Sp2ms	10aHo
5	24	16		לְ/הַכּ֖וֹת	l/5221	HR/Vhc	10pSV
5	24	17		בְּ/מַחֲנֵ֥ה	b/4264	HR/Ncbsc	10LrK
5	24	18		פְלִשְׁתִּֽים	6430	HNgmpa	103sH
5	25	1		וַ/יַּ֤עַשׂ	c/6213 a	HC/Vqw3ms	10vzR
5	25	2		דָּוִד֙	1732	HNp	10ZCZ
5	25	3		כֵּ֔ן	3651 c	HTm	10SJf
5	25	4		כַּ/אֲשֶׁ֥ר	k/834 d	HR/Tr	10wVm
5	25	5		צִוָּ֖/הוּ	6680	HVpp3ms/Sp3ms	10Qmg
5	25	6		יְהוָ֑ה	3068	HNp	10n9A
5	25	7		וַ/יַּךְ֙	c/5221	HC/Vhw3ms	10dXa
5	25	8		אֶת	853	HTo	109Nr
5	25	9		פְּלִשְׁתִּ֔ים	6430	HNgmpa	10FSa
5	25	10		מִ/גֶּ֖בַע	m/1387	HR/Np	101UN
5	25	11		עַד	5704	HR	10cin
5	25	12		בֹּאֲ/ךָ֥	935	HVqc/Sp2ms	10bE5
5	25	13		גָֽזֶר	1507	HNp	10qW4
6	1	1		וַ/יֹּ֨סֶף	c/622	HC/Vqw3ms	10S49
6	1	2		ע֥וֹד	5750	HD	10TSp
6	1	3		דָּוִ֛ד	1732	HNp	10Vea
6	1	4		אֶת	853	HTo	10Ca6
6	1	5		כָּל	3605	HNcmsc	10tEM
6	1	6		בָּח֥וּר	977	HVqsmsa	10qkk
6	1	7		בְּ/יִשְׂרָאֵ֖ל	b/3478	HR/Np	10CTn
6	1	8		שְׁלֹשִׁ֥ים	7970	HAcbpa	10EJ6
6	1	9		אָֽלֶף	505	HAcbsa	10bDE
6	2	1		וַ/יָּ֣קָם	c/6965 b	HC/Vqw3ms	10Q8d
6	2	2		וַ/יֵּ֣לֶךְ	c/3212	HC/Vqw3ms	10vNa
6	2	3		דָּוִ֗ד	1732	HNp	103VZ
6	2	4		וְ/כָל	c/3605	HC/Ncmsc	10WTF
6	2	5		הָ/עָם֙	d/5971 a	HTd/Ncmsa	10Cbt
6	2	6		אֲשֶׁ֣ר	834 a	HTr	10cnB
6	2	7		אִתּ֔/וֹ	854	HR/Sp3ms	10dS2
6	2	8		מִֽ/בַּעֲלֵ֖י	m/1184+	HR/Np	10ckH
6	2	9		יְהוּדָ֑ה	1184	HNp	10rGf
6	2	10		לְ/הַעֲל֣וֹת	l/5927	HR/Vhc	10NLP
6	2	11		מִ/שָּׁ֗ם	m/8033	HR/D	10aVA
6	2	12		אֵ֚ת	853	HTo	10FZ7
6	2	13		אֲר֣וֹן	727	HNcbsc	10ML5
6	2	14		הָ/אֱלֹהִ֔ים	d/430	HTd/Ncmpa	10vua
6	2	15		אֲשֶׁר	834 a	HTr	10v3n
6	2	16		נִקְרָ֣א	7121	HVNp3ms	10zNk
6	2	17		שֵׁ֗ם	8034	HNcmsa	10W9D
6	2	18		שֵׁ֣ם	8034	HNcmsc	10yYE
6	2	19		יְהוָ֧ה	3068	HNp	10Aok
6	2	20		צְבָא֛וֹת	6635 b	HNcbpa	10uxn
6	2	21		יֹשֵׁ֥ב	3427	HVqrmsa	107cw
6	2	22		הַ/כְּרֻבִ֖ים	d/3742	HTd/Ncmpa	10JhN
6	2	23		עָלָֽי/ו	5921 a	HR/Sp3ms	102Xh
6	3	1		וַ/יַּרְכִּ֜בוּ	c/7392	HC/Vhw3mp	10oMP
6	3	2		אֶת	853	HTo	10fMQ
6	3	3		אֲר֤וֹן	727	HNcbsc	10ngx
6	3	4		הָֽ/אֱלֹהִים֙	d/430	HTd/Ncmpa	109eB
6	3	5		אֶל	413	HR	10cbT
6	3	6		עֲגָלָ֣ה	5699	HNcfsa	10u2m
6	3	7		חֲדָשָׁ֔ה	2319	HAafsa	10mwg
6	3	8		וַ/יִּשָּׂאֻ֔/הוּ	c/5375	HC/Vqw3mp/Sp3ms	10YcV
6	3	9		מִ/בֵּ֥ית	m/1004 b	HR/Ncmsc	10Yny
6	3	10		אֲבִינָדָ֖ב	41	HNp	10orY
6	3	11		אֲשֶׁ֣ר	834 a	HTr	102jV
6	3	12		בַּ/גִּבְעָ֑ה	b/1389	HRd/Ncfsa	10w3o
6	3	13		וְ/עֻזָּ֣א	c/5798 a	HC/Np	10qch
6	3	14		וְ/אַחְי֗וֹ	c/283	HC/Np	10VmY
6	3	15		בְּנֵי֙	1121 a	HNcmpc	10uLw
6	3	16		אֲבִ֣ינָדָ֔ב	41	HNp	10eWY
6	3	17		נֹהֲגִ֖ים	5090 a	HVqrmpa	10BaQ
6	3	18		אֶת	853	HTo	1098x
6	3	19		הָ/עֲגָלָ֥ה	d/5699	HTd/Ncfsa	10jFf
6	3	20		חֲדָשָֽׁה	2319	HAafsa	10GR3
6	4	1		וַ/יִּשָּׂאֻ֗/הוּ	c/5375	HC/Vqw3mp/Sp3ms	10qQN
6	4	2		מִ/בֵּ֤ית	m/1004 b	HR/Ncmsc	10aee
6	4	3		אֲבִֽינָדָב֙	41	HNp	10CqB
6	4	4		אֲשֶׁ֣ר	834 a	HTr	10UWF
6	4	5		בַּ/גִּבְעָ֔ה	b/1389	HRd/Ncfsa	102Ha
6	4	6		עִ֖ם	5973 a	HR	10EnP
6	4	7		אֲר֣וֹן	727	HNcbsc	10nb6
6	4	8		הָ/אֱלֹהִ֑ים	d/430	HTd/Ncmpa	10YMF
6	4	9		וְ/אַחְי֕וֹ	c/283	HC/Np	10BAm
6	4	10		הֹלֵ֖ךְ	1980	HVqrmsa	10xLv
6	4	11		לִ/פְנֵ֥י	l/6440	HR/Ncbpc	10ENs
6	4	12		הָ/אָרֽוֹן	d/727	HTd/Ncbsa	10f29
6	5	1		וְ/דָוִ֣ד	c/1732	HC/Np	10nbb
6	5	2		וְ/כָל	c/3605	HC/Ncmsc	103zy
6	5	3		בֵּ֣ית	1004 b	HNcmsc	10UBC
6	5	4		יִשְׂרָאֵ֗ל	3478	HNp	102Bp
6	5	5		מְשַֽׂחֲקִים֙	7832	HVprmpa	10YVx
6	5	6		לִ/פְנֵ֣י	l/6440	HR/Ncbpc	102iX
6	5	7		יְהוָ֔ה	3068	HNp	10kav
6	5	8		בְּ/כֹ֖ל	b/3605	HR/Ncmsc	10enN
6	5	9		עֲצֵ֣י	6086	HNcmpc	10vBq
6	5	10		בְרוֹשִׁ֑ים	1265	HNcmpa	10xhr
6	5	11		וּ/בְ/כִנֹּר֤וֹת	c/b/3658	HC/R/Ncmpa	1092H
6	5	12		וּ/בִ/נְבָלִים֙	c/b/5035 b	HC/R/Ncmpa	10xhx
6	5	13		וּ/בְ/תֻפִּ֔ים	c/b/8596	HC/R/Ncmpa	10TLE
6	5	14		וּ/בִ/מְנַֽעַנְעִ֖ים	c/b/4517	HC/R/Ncmpa	106mu
6	5	15		וּֽ/בְ/צֶלְצֶלִֽים	c/b/6767 d	HC/R/Ncmpa	10zyy
6	6	1		וַ/יָּבֹ֖אוּ	c/935	HC/Vqw3mp	10KhN
6	6	2		עַד	5704	HR	10zbv
6	6	3		גֹּ֣רֶן	1637	HNcbsc	10nXx
6	6	4		נָכ֑וֹן	5225	HNp	10RhB
6	6	5		וַ/יִּשְׁלַ֨ח	c/7971	HC/Vqw3ms	10HmR
6	6	6		עֻזָּ֜א	5798 a	HNp	10XWV
6	6	7		אֶל	413	HR	10jR8
6	6	8		אֲר֤וֹן	727	HNcbsc	107jg
6	6	9		הָֽ/אֱלֹהִים֙	d/430	HTd/Ncmpa	10m9m
6	6	10		וַ/יֹּ֣אחֶז	c/270	HC/Vqw3ms	10aDj
6	6	11		בּ֔/וֹ	b	HR/Sp3ms	10oib
6	6	12		כִּ֥י	3588 a	HC	10sBE
6	6	13		שָׁמְט֖וּ	8058	HVqp3cp	104BE
6	6	14		הַ/בָּקָֽר	d/1241	HTd/Ncbsa	10t8g
6	7	1		וַ/יִּֽחַר	c/2734	HC/Vqw3ms	10gsX
6	7	2		אַ֤ף	639	HTa	10yBx
6	7	3		יְהוָה֙	3068	HNp	10vE1
6	7	4		בְּ/עֻזָּ֔ה	b/5798 a	HR/Np	10896
6	7	5		וַ/יַּכֵּ֥/הוּ	c/5221	HC/Vhw3ms/Sp3ms	10Xy3
6	7	6		שָׁ֛ם	8033	HD	10TH8
6	7	7		הָ/אֱלֹהִ֖ים	d/430	HTd/Ncmpa	105Ve
6	7	8		עַל	5921 a	HR	10t5T
6	7	9		הַ/שַּׁ֑ל	d/7944	HTd/Ncmsa	10ssX
6	7	10		וַ/יָּ֣מָת	c/4191	HC/Vqw3ms	107TK
6	7	11		שָׁ֔ם	8033	HD	10wiu
6	7	12		עִ֖ם	5973 a	HR	10gBQ
6	7	13		אֲר֥וֹן	727	HNcbsc	10gVx
6	7	14		הָ/אֱלֹהִֽים	d/430	HTd/Ncmpa	10Q1t
6	8	1		וַ/יִּ֣חַר	c/2734	HC/Vqw3ms	10pZm
6	8	2		לְ/דָוִ֔ד	l/1732	HR/Np	10qGV
6	8	3		עַל֩	5921 a	HR	10TBs
6	8	4		אֲשֶׁ֨ר	834 a	HTr	10sYk
6	8	5		פָּרַ֧ץ	6555	HVqp3ms	10yZ9
6	8	6		יְהוָ֛ה	3068	HNp	10Ee6
6	8	7		פֶּ֖רֶץ	6556	HNcmsa	10LvK
6	8	8		בְּ/עֻזָּ֑ה	b/5798 a	HR/Np	10NsV
6	8	9		וַ/יִּקְרָ֞א	c/7121	HC/Vqw3ms	10spB
6	8	10		לַ/מָּק֤וֹם	l/4725	HRd/Ncmsa	10QM1
6	8	11		הַ/הוּא֙	d/1931	HTd/Pp3ms	10WMi
6	8	12		פֶּ֣רֶץ	6560+	HNp	10p5C
6	8	13		עֻזָּ֔ה	6560	HNp	10pLh
6	8	14		עַ֖ד	5704	HR	105n2
6	8	15		הַ/יּ֥וֹם	d/3117	HTd/Ncmsa	10WG2
6	8	16		הַ/זֶּֽה	d/2088	HTd/Pdxms	10ddN
6	9	1		וַ/יִּרָ֥א	c/3372	HC/Vqw3ms	10oga
6	9	2		דָוִ֛ד	1732	HNp	10yLm
6	9	3		אֶת	853	HTo	10mAF
6	9	4		יְהוָ֖ה	3068	HNp	1093w
6	9	5		בַּ/יּ֣וֹם	b/3117	HRd/Ncmsa	10XGn
6	9	6		הַ/ה֑וּא	d/1931	HTd/Pp3ms	10gnt
6	9	7		וַ/יֹּ֕אמֶר	c/559	HC/Vqw3ms	10Ycp
6	9	8		אֵ֛יךְ	349 a	HTi	10kGw
6	9	9		יָב֥וֹא	935	HVqi3ms	108xG
6	9	10		אֵלַ֖/י	413	HR/Sp1cs	10X9f
6	9	11		אֲר֥וֹן	727	HNcbsc	10gBY
6	9	12		יְהוָֽה	3068	HNp	10JSS
6	10	1		וְ/לֹֽא	c/3808	HC/Tn	10hzi
6	10	2		אָבָ֣ה	14	HVqp3ms	10xKZ
6	10	3		דָוִ֗ד	1732	HNp	10GD6
6	10	4		לְ/הָסִ֥יר	l/5493	HR/Vhc	10e1w
6	10	5		אֵלָ֛י/ו	413	HR/Sp3ms	10fK1
6	10	6		אֶת	853	HTo	10UV1
6	10	7		אֲר֥וֹן	727	HNcbsc	10pJ8
6	10	8		יְהוָ֖ה	3068	HNp	10d2D
6	10	9		עַל	5921 a	HR	10pY9
6	10	10		עִ֣יר	5892 b	HNcfsc	10GAq
6	10	11		דָּוִ֑ד	1732	HNp	10ViK
6	10	12		וַ/יַּטֵּ֣/הוּ	c/5186	HC/Vhw3ms/Sp3ms	10bs2
6	10	13		דָוִ֔ד	1732	HNp	1065v
6	10	14		בֵּ֥ית	1004 b	HNcmsc	10ULQ
6	10	15		עֹבֵֽד	5654+	HNp	10B9j
6	10	16		אֱד֖וֹם	5654	HNp	10bWi
6	10	17		הַ/גִּתִּֽי	d/1663	HTd/Ngmsa	10xoF
6	11	1		וַ/יֵּשֶׁב֩	c/3427	HC/Vqw3ms	10hCv
6	11	2		אֲר֨וֹן	727	HNcbsc	10Mci
6	11	3		יְהוָ֜ה	3068	HNp	10f9n
6	11	4		בֵּ֣ית	1004 b	HNcmsc	104Rf
6	11	5		עֹבֵ֥ד	5654+	HNp	10Qyd
6	11	6		אֱדֹ֛ם	5654	HNp	10C76
6	11	7		הַ/גִּתִּ֖י	d/1663	HTd/Ngmsa	10CYo
6	11	8		שְׁלֹשָׁ֣ה	7969	HAcmsa	10Bra
6	11	9		חֳדָשִׁ֑ים	2320	HNcmpa	1059X
6	11	10		וַ/יְבָ֧רֶךְ	c/1288	HC/Vpw3ms	10j6b
6	11	11		יְהוָ֛ה	3068	HNp	10KgL
6	11	12		אֶת	853	HTo	10BFU
6	11	13		עֹבֵ֥ד	5654+	HNp	10Js9
6	11	14		אֱדֹ֖ם	5654	HNp	108Do
6	11	15		וְ/אֶת	c/853	HC/To	10m6D
6	11	16		כָּל	3605	HNcmsc	10agh
6	11	17		בֵּיתֽ/וֹ	1004 b	HNcmsc/Sp3ms	10xGb
6	12	1		וַ/יֻּגַּ֗ד	c/5046	HC/VHw3ms	10Vmg
6	12	2		לַ/מֶּ֣לֶךְ	l/4428	HRd/Ncmsa	10GWL
6	12	3		דָּוִד֮	1732	HNp	10adp
6	12	4		לֵ/אמֹר֒	l/559	HR/Vqc	10mEM
6	12	5		בֵּרַ֣ךְ	1288	HVpp3ms	10t5b
6	12	6		יְהוָ֗ה	3068	HNp	10MmC
6	12	7		אֶת	853	HTo	10VtE
6	12	8		בֵּ֨ית	1004 b	HNcmsc	108yT
6	12	9		עֹבֵ֤ד	5654+	HNp	10YE4
6	12	10		אֱדֹם֙	5654	HNp	10gwY
6	12	11		וְ/אֶת	c/853	HC/To	10um2
6	12	12		כָּל	3605	HNcmsc	10WPk
6	12	13		אֲשֶׁר	834 a	HTr	10J9S
6	12	14		ל֔/וֹ	l	HR/Sp3ms	10Uh6
6	12	15		בַּ/עֲב֖וּר	b/5668	HR/Ncmsc	10kWu
6	12	16		אֲר֣וֹן	727	HNcbsc	10r5S
6	12	17		הָ/אֱלֹהִ֑ים	d/430	HTd/Ncmpa	10q8B
6	12	18		וַ/יֵּ֣לֶךְ	c/3212	HC/Vqw3ms	10HNg
6	12	19		דָּוִ֗ד	1732	HNp	10hZZ
6	12	20		וַ/יַּעַל֩	c/5927	HC/Vhw3ms	10n3Z
6	12	21		אֶת	853	HTo	10nVk
6	12	22		אֲר֨וֹן	727	HNcbsc	10cwR
6	12	23		הָ/אֱלֹהִ֜ים	d/430	HTd/Ncmpa	10JQf
6	12	24		מִ/בֵּ֨ית	m/1004 b	HR/Ncmsc	10aoK
6	12	25		עֹבֵ֥ד	5654+	HNp	10HF8
6	12	26		אֱדֹ֛ם	5654	HNp	10WMt
6	12	27		עִ֥יר	5892 b	HNcfsc	10tCm
6	12	28		דָּוִ֖ד	1732	HNp	10ibj
6	12	29		בְּ/שִׂמְחָֽה	b/8057	HR/Ncfsa	10KiT
6	13	1		וַ/יְהִ֗י	c/1961	HC/Vqw3ms	10ovU
6	13	2		כִּ֧י	3588 a	HC	10H8i
6	13	3		צָעֲד֛וּ	6805	HVqp3cp	10kBK
6	13	4		נֹשְׂאֵ֥י	5375	HVqrmpc	108p9
6	13	5		אֲרוֹן	727	HNcbsc	10Vib
6	13	6		יְהוָ֖ה	3068	HNp	10FXw
6	13	7		שִׁשָּׁ֣ה	8337	HAcmsa	10ZWD
6	13	8		צְעָדִ֑ים	6806	HNcmpa	10roj
6	13	9		וַ/יִּזְבַּ֥ח	c/2076	HC/Vqw3ms	10dta
6	13	10		שׁ֖וֹר	7794	HNcmsa	10vv9
6	13	11		וּ/מְרִֽיא	c/4806	HC/Ncmsa	10bPu
6	14	1		וְ/דָוִ֛ד	c/1732	HC/Np	10t52
6	14	2		מְכַרְכֵּ֥ר	3769	HVlrmsa	102qG
6	14	3		בְּ/כָל	b/3605	HR/Ncmsc	10naz
6	14	4		עֹ֖ז	5797	HNcmsa	10QW6
6	14	5		לִ/פְנֵ֣י	l/6440	HR/Ncbpc	10vQm
6	14	6		יְהוָ֑ה	3068	HNp	10gSo
6	14	7		וְ/דָוִ֕ד	c/1732	HC/Np	10ToF
6	14	8		חָג֖וּר	2296	HVqsmsa	10R76
6	14	9		אֵפ֥וֹד	646	HNcmsc	105TM
6	14	10		בָּֽד	906	HNcmsa	10cH4
6	15	1		וְ/דָוִד֙	c/1732	HC/Np	10ygk
6	15	2		וְ/כָל	c/3605	HC/Ncmsc	1072b
6	15	3		בֵּ֣ית	1004 b	HNcmsc	10Qs2
6	15	4		יִשְׂרָאֵ֔ל	3478	HNp	10X1j
6	15	5		מַעֲלִ֖ים	5927	HVhrmpa	10pMk
6	15	6		אֶת	853	HTo	10E9Z
6	15	7		אֲר֣וֹן	727	HNcbsc	10DJR
6	15	8		יְהוָ֑ה	3068	HNp	10ov1
6	15	9		בִּ/תְרוּעָ֖ה	b/8643	HR/Ncfsa	10wXN
6	15	10		וּ/בְ/ק֥וֹל	c/b/6963 a	HC/R/Ncmsc	10Nnf
6	15	11		שׁוֹפָֽר	7782	HNcmsa	10eJu
6	16	1		וְ/הָיָה֙	c/1961	HC/Vqp3ms	10uoD
6	16	2		אֲר֣וֹן	727	HNcbsc	10vu4
6	16	3		יְהוָ֔ה	3068	HNp	10YQo
6	16	4		בָּ֖א	935	HVqp3ms	10f8m
6	16	5		עִ֣יר	5892 b	HNcfsc	10BZr
6	16	6		דָּוִ֑ד	1732	HNp	10k2R
6	16	7		וּ/מִיכַ֨ל	c/4324	HC/Np	10cC4
6	16	8		בַּת	1323	HNcfsc	10f6y
6	16	9		שָׁא֜וּל	7586	HNp	10Gy9
6	16	10		נִשְׁקְפָ֣ה	8259	HVNp3fs	10etw
6	16	11		בְּעַ֣ד	1157	HR	10GQd
6	16	12		הַ/חַלּ֗וֹן	d/2474	HTd/Ncbsa	10tAQ
6	16	13		וַ/תֵּ֨רֶא	c/7200	HC/Vqw3fs	10Yrt
6	16	14		אֶת	853	HTo	10SbN
6	16	15		הַ/מֶּ֤לֶךְ	d/4428	HTd/Ncmsa	10B2y
6	16	16		דָּוִד֙	1732	HNp	10PYY
6	16	17		מְפַזֵּ֤ז	6339	HVprmsa	10bZi
6	16	18		וּ/מְכַרְכֵּר֙	c/3769	HC/Vlrmsa	10fXs
6	16	19		לִ/פְנֵ֣י	l/6440	HR/Ncbpc	10dHg
6	16	20		יְהוָ֔ה	3068	HNp	10Cdu
6	16	21		וַ/תִּ֥בֶז	c/959	HC/Vqw3fs	10s9p
6	16	22		ל֖/וֹ	l	HR/Sp3ms	10Bxx
6	16	23		בְּ/לִבָּֽ/הּ	b/3820 a	HR/Ncmsc/Sp3fs	10wPL
6	17	1		וַ/יָּבִ֜אוּ	c/935	HC/Vhw3mp	10YXi
6	17	2		אֶת	853	HTo	106gk
6	17	3		אֲר֣וֹן	727	HNcbsc	10YsR
6	17	4		יְהוָ֗ה	3068	HNp	10YJ7
6	17	5		וַ/יַּצִּ֤גוּ	c/3322	HC/Vhw3mp	10xNg
6	17	6		אֹת/וֹ֙	853	HTo/Sp3ms	10SPi
6	17	7		בִּ/מְקוֹמ֔/וֹ	b/4725	HR/Ncmsc/Sp3ms	10dr4
6	17	8		בְּ/ת֣וֹךְ	b/8432	HR/Ncmsc	10ynz
6	17	9		הָ/אֹ֔הֶל	d/168	HTd/Ncmsa	10oiU
6	17	10		אֲשֶׁ֥ר	834 a	HTr	10uRP
6	17	11		נָטָה	5186	HVqp3ms	10bJx
6	17	12		ל֖/וֹ	l	HR/Sp3ms	10etm
6	17	13		דָּוִ֑ד	1732	HNp	104jW
6	17	14		וַ/יַּ֨עַל	c/5927	HC/Vhw3ms	10M3G
6	17	15		דָּוִ֥ד	1732	HNp	10FQm
6	17	16		עֹל֛וֹת	5930 a	HNcfpa	10DYw
6	17	17		לִ/פְנֵ֥י	l/6440	HR/Ncbpc	10oAy
6	17	18		יְהוָ֖ה	3068	HNp	103Rx
6	17	19		וּ/שְׁלָמִֽים	c/8002	HC/Ncmpa	10rH2
6	18	1		וַ/יְכַ֣ל	c/3615	HC/Vpw3ms	102rT
6	18	2		דָּוִ֔ד	1732	HNp	10jsw
6	18	3		מֵ/הַעֲל֥וֹת	m/5927	HR/Vhc	10VR2
6	18	4		הָ/עוֹלָ֖ה	d/5930 a	HTd/Ncfsa	10MrQ
6	18	5		וְ/הַ/שְּׁלָמִ֑ים	c/d/8002	HC/Td/Ncmpa	10Fu8
6	18	6		וַ/יְבָ֣רֶךְ	c/1288	HC/Vpw3ms	10QCB
6	18	7		אֶת	853	HTo	10VcL
6	18	8		הָ/עָ֔ם	d/5971 a	HTd/Ncmsa	10YS7
6	18	9		בְּ/שֵׁ֖ם	b/8034	HR/Ncmsc	10ST2
6	18	10		יְהוָ֥ה	3068	HNp	10FHd
6	18	11		צְבָאֽוֹת	6635 b	HNcbpa	10WGC
6	19	1		וַ/יְחַלֵּ֨ק	c/2505 a	HC/Vpw3ms	108Jt
6	19	2		לְ/כָל	l/3605	HR/Ncmsc	10s3S
6	19	3		הָ/עָ֜ם	d/5971 a	HTd/Ncmsa	10QE7
6	19	4		לְ/כָל	l/3605	HR/Ncmsc	10JPF
6	19	5		הֲמ֣וֹן	1995 a	HNcmsc	10t2f
6	19	6		יִשְׂרָאֵל֮	3478	HNp	10AAs
6	19	7		לְ/מֵ/אִ֣ישׁ	l/m/376	HR/R/Ncmsa	10yit
6	19	8		וְ/עַד	c/5704	HC/R	10wBS
6	19	9		אִשָּׁה֒	802	HNcfsa	102sV
6	19	10		לְ/אִ֗ישׁ	l/376	HR/Ncmsa	10FwG
6	19	11		חַלַּ֥ת	2471	HNcfsc	10dCM
6	19	12		לֶ֨חֶם֙	3899	HNcbsa	10H1T
6	19	13		אַחַ֔ת	259	HAcfsa	10P6r
6	19	14		וְ/אֶשְׁפָּ֣ר	c/829	HC/Ncmsa	10tD1
6	19	15		אֶחָ֔ד	259	HAcmsa	106AA
6	19	16		וַ/אֲשִׁישָׁ֖ה	c/809	HC/Ncfsa	10RNc
6	19	17		אֶחָ֑ת	259	HAcfsa	10veg
6	19	18		וַ/יֵּ֥לֶךְ	c/3212	HC/Vqw3ms	107W8
6	19	19		כָּל	3605	HNcmsc	10zSa
6	19	20		הָ/עָ֖ם	d/5971 a	HTd/Ncmsa	10BQz
6	19	21		אִ֥ישׁ	376	HNcmsa	10GKS
6	19	22		לְ/בֵיתֽ/וֹ	l/1004 b	HR/Ncmsc/Sp3ms	10Mwc
6	20	1		וַ/יָּ֥שָׁב	c/7725	HC/Vqw3ms	10kPm
6	20	2		דָּוִ֖ד	1732	HNp	10Gtv
6	20	3		לְ/בָרֵ֣ךְ	l/1288	HR/Vpc	10wvJ
6	20	4		אֶת	853	HTo	10HWW
6	20	5		בֵּית֑/וֹ	1004 b	HNcmsc/Sp3ms	10fR1
6	20	6		וַ/תֵּצֵ֞א	c/3318	HC/Vqw3fs	10Z4q
6	20	7		מִיכַ֤ל	4324	HNp	10qyW
6	20	8		בַּת	1323	HNcfsc	101vK
6	20	9		שָׁאוּל֙	7586	HNp	10vcs
6	20	10		לִ/קְרַ֣את	l/7125	HR/Vqc	10jVW
6	20	11		דָּוִ֔ד	1732	HNp	10q6h
6	20	12		וַ/תֹּ֗אמֶר	c/559	HC/Vqw3fs	10TXT
6	20	13		מַה	4100	HTi	10i5i
6	20	14		נִּכְבַּ֨ד	3513	HVNp3ms	10n6o
6	20	15		הַ/יּ֜וֹם	d/3117	HTd/Ncmsa	10V2Z
6	20	16		מֶ֣לֶךְ	4428	HNcmsc	10vB3
6	20	17		יִשְׂרָאֵ֗ל	3478	HNp	10h8U
6	20	18		אֲשֶׁ֨ר	834 a	HTr	10HP6
6	20	19		נִגְלָ֤ה	1540	HVNp3ms	10qeA
6	20	20		הַ/יּוֹם֙	d/3117	HTd/Ncmsa	103Hf
6	20	21		לְ/עֵינֵ֨י	l/5869 a	HR/Ncbdc	107G6
6	20	22		אַמְה֣וֹת	519	HNcfpc	102aw
6	20	23		עֲבָדָ֔י/ו	5650	HNcmpc/Sp3ms	10G9q
6	20	24		כְּ/הִגָּל֥וֹת	k/1540	HR/VNc	10TE9
6	20	25		נִגְל֖וֹת	1540	HVNc	105ne
6	20	26		אַחַ֥ד	259	HAcmsa	10Pq7
6	20	27		הָ/רֵקִֽים	d/7386	HTd/Aampa	102XE
6	21	1		וַ/יֹּ֣אמֶר	c/559	HC/Vqw3ms	10k2P
6	21	2		דָּוִד֮	1732	HNp	10bQB
6	21	3		אֶל	413	HR	10hLv
6	21	4		מִיכַל֒	4324	HNp	10FwW
6	21	5		לִ/פְנֵ֣י	l/6440	HR/Ncbpc	10ZCU
6	21	6		יְהוָ֗ה	3068	HNp	10f6s
6	21	7		אֲשֶׁ֨ר	834 a	HTr	1062L
6	21	8		בָּֽחַר	977	HVqp3ms	10apE
6	21	9		בִּ֤/י	b	HR/Sp1cs	107uo
6	21	10		מֵֽ/אָבִי/ךְ֙	m/1	HR/Ncmsc/Sp2fs	10io8
6	21	11		וּ/מִ/כָּל	c/m/3605	HC/R/Ncmsc	10wub
6	21	12		בֵּית֔/וֹ	1004 b	HNcmsc/Sp3ms	107qB
6	21	13		לְ/צַוֺּ֨ת	l/6680	HR/Vpc	10BM6
6	21	14		אֹתִ֥/י	853	HTo/Sp1cs	109ci
6	21	15		נָגִ֛יד	5057	HNcmsa	10wpi
6	21	16		עַל	5921 a	HR	10JEg
6	21	17		עַ֥ם	5971 a	HNcmsc	10pMT
6	21	18		יְהוָ֖ה	3068	HNp	10kMd
6	21	19		עַל	5921 a	HR	10Bqk
6	21	20		יִשְׂרָאֵ֑ל	3478	HNp	10hjj
6	21	21		וְ/שִׂחַקְתִּ֖י	c/7832	HC/Vpq1cs	10QL7
6	21	22		לִ/פְנֵ֥י	l/6440	HR/Ncbpc	10cRW
6	21	23		יְהוָֽה	3068	HNp	10iWB
6	22	1		וּ/נְקַלֹּ֤תִי	c/7043	HC/VNq1cs	10u7g
6	22	2		עוֹד֙	5750	HD	10F46
6	22	3		מִ/זֹּ֔את	m/2063	HR/Pdxfs	10AFT
6	22	4		וְ/הָיִ֥יתִי	c/1961	HC/Vqq1cs	10c3h
6	22	5		שָׁפָ֖ל	8217	HAamsa	10L9o
6	22	6		בְּ/עֵינָ֑/י	b/5869 a	HR/Ncbdc/Sp1cs	10JVQ
6	22	7		וְ/עִם	c/5973 a	HC/R	10xdb
6	22	8		הָֽ/אֲמָהוֹת֙	d/519	HTd/Ncfpa	10Moi
6	22	9		אֲשֶׁ֣ר	834 a	HTr	10eqW
6	22	10		אָמַ֔רְתְּ	559	HVqp2fs	10x8B
6	22	11		עִמָּ֖/ם	5973 a	HR/Sp3mp	10WgT
6	22	12		אִכָּבֵֽדָה	3513	HVNh1cs	10e9Z
6	23	1		וּ/לְ/מִיכַל֙	c/l/4324	HC/R/Np	10fc3
6	23	2		בַּת	1323	HNcfsc	10Ucu
6	23	3		שָׁא֔וּל	7586	HNp	108Vy
6	23	4		לֹֽא	3808	HTn	10rKw
6	23	5		הָ֥יָה	1961	HVqp3ms	10S1Z
6	23	6		לָ֖/הּ	l	HR/Sp3fs	10mBn
6	23	7		יָ֑לֶד	3206	HNcmsa	10Ney
6	23	8		עַ֖ד	5704	HR	102Bq
6	23	9		י֥וֹם	3117	HNcmsc	10nKy
6	23	10		מוֹתָֽ/הּ	4194	HNcmsc/Sp3fs	10aC7
7	1	1		וַ/יְהִ֕י	c/1961	HC/Vqw3ms	10Sxm
7	1	2		כִּי	3588 a	HC	103Cx
7	1	3		יָשַׁ֥ב	3427	HVqp3ms	1053W
7	1	4		הַ/מֶּ֖לֶךְ	d/4428	HTd/Ncmsa	10nTK
7	1	5		בְּ/בֵית֑/וֹ	b/1004 b	HR/Ncmsc/Sp3ms	10sBD
7	1	6		וַ/יהוָ֛ה	c/3068	HC/Np	10ztw
7	1	7		הֵנִֽיחַ	5117	HVhp3ms	10jaw
7	1	8		ל֥/וֹ	l	HR/Sp3ms	10zfC
7	1	9		מִ/סָּבִ֖יב	m/5439	HR/Ncbsa	10y6N
7	1	10		מִ/כָּל	m/3605	HR/Ncmsc	10cUK
7	1	11		אֹיְבָֽי/ו	341	HVqrmpc/Sp3ms	10F7R
7	2	1		וַ/יֹּ֤אמֶר	c/559	HC/Vqw3ms	10YQ7
7	2	2		הַ/מֶּ֨לֶךְ֙	d/4428	HTd/Ncmsa	105UP
7	2	3		אֶל	413	HR	10cDe
7	2	4		נָתָ֣ן	5416	HNp	10BtX
7	2	5		הַ/נָּבִ֔יא	d/5030	HTd/Ncmsa	108bP
7	2	6		רְאֵ֣ה	7200	HVqv2ms	10rbM
7	2	7		נָ֔א	4994	HTe	10gcX
7	2	8		אָנֹכִ֥י	595	HPp1cs	10VzD
7	2	9		יוֹשֵׁ֖ב	3427	HVqrmsa	10Lnv
7	2	10		בְּ/בֵ֣ית	b/1004 b	HR/Ncmsc	10FN2
7	2	11		אֲרָזִ֑ים	730	HNcmpa	10kTA
7	2	12		וַֽ/אֲרוֹן֙	c/727	HC/Ncbsc	10bQM
7	2	13		הָֽ/אֱלֹהִ֔ים	d/430	HTd/Ncmpa	10rRy
7	2	14		יֹשֵׁ֖ב	3427	HVqrmsa	10HcR
7	2	15		בְּ/ת֥וֹךְ	b/8432	HR/Ncmsc	109vS
7	2	16		הַ/יְרִיעָֽה	d/3407	HTd/Ncfsa	10mbL
7	3	1		וַ/יֹּ֤אמֶר	c/559	HC/Vqw3ms	104U9
7	3	2		נָתָן֙	5416	HNp	10Vvg
7	3	3		אֶל	413	HR	10oYz
7	3	4		הַ/מֶּ֔לֶךְ	d/4428	HTd/Ncmsa	10dD2
7	3	5		כֹּ֛ל	3605	HNcmsc	102t9
7	3	6		אֲשֶׁ֥ר	834 a	HTr	10fou
7	3	7		בִּֽ/לְבָבְ/ךָ֖	b/3824	HR/Ncmsc/Sp2ms	10DL4
7	3	8		לֵ֣ךְ	3212	HVqv2ms	10vkx
7	3	9		עֲשֵׂ֑ה	6213 a	HVqv2ms	10SdW
7	3	10		כִּ֥י	3588 a	HC	109jg
7	3	11		יְהוָ֖ה	3068	HNp	10mAC
7	3	12		עִמָּֽ/ךְ	5973 a	HR/Sp2fs	10LKt
7	4	1		וַ/יְהִ֖י	c/1961	HC/Vqw3ms	10Q5x
7	4	2		בַּ/לַּ֣יְלָה	b/3915	HRd/Ncmsa	10TaA
7	4	3		הַ/ה֑וּא	d/1931	HTd/Pp3ms	104d7
7	4	4		וַֽ/יְהִי֙	c/1961	HC/Vqw3ms	10jMY
7	4	5		דְּבַר	1697	HNcmsc	10eip
7	4	6		יְהוָ֔ה	3068	HNp	10jhu
7	4	7		אֶל	413	HR	102fr
7	4	8		נָתָ֖ן	5416	HNp	105Aa
7	4	9		לֵ/אמֹֽר	l/559	HR/Vqc	10zuz
7	5	1		לֵ֤ךְ	3212	HVqv2ms	10BTS
7	5	2		וְ/אָֽמַרְתָּ֙	c/559	HC/Vqp2ms	10Hdk
7	5	3		אֶל	413	HR	10tbG
7	5	4		עַבְדִּ֣/י	5650	HNcmsc/Sp1cs	108hT
7	5	5		אֶל	413	HR	101EK
7	5	6		דָּוִ֔ד	1732	HNp	10UYd
7	5	7		כֹּ֖ה	3541	HD	10w2J
7	5	8		אָמַ֣ר	559	HVqp3ms	10UcZ
7	5	9		יְהוָ֑ה	3068	HNp	10SZA
7	5	10		הַ/אַתָּ֛ה	i/859 a	HTi/Pp2ms	10WeX
7	5	11		תִּבְנֶה	1129	HVqi2ms	10FoN
7	5	12		לִּ֥/י	l	HR/Sp1cs	10BK2
7	5	13		בַ֖יִת	1004 b	HNcmsa	10qoQ
7	5	14		לְ/שִׁבְתִּֽ/י	l/3427	HR/Vqc/Sp1cs	10DV4
7	6	1		כִּ֣י	3588 a	HC	10iex
7	6	2		לֹ֤א	3808	HTn	10LMe
7	6	3		יָשַׁ֨בְתִּי֙	3427	HVqp1cs	10zuk
7	6	4		בְּ/בַ֔יִת	b/1004 b	HR/Ncmsa	105hm
7	6	5		לְ֠/מִ/יּוֹם	l/m/3117	HR/R/Ncmsc	10a8a
7	6	6		הַעֲלֹתִ֞/י	5927	HVhc/Sp1cs	10Avd
7	6	7		אֶת	853	HTo	106nG
7	6	8		בְּנֵ֤י	1121 a	HNcmpc	10p6C
7	6	9		יִשְׂרָאֵל֙	3478	HNp	10Dn5
7	6	10		מִ/מִּצְרַ֔יִם	m/4714	HR/Np	107mc
7	6	11		וְ/עַ֖ד	c/5704	HC/R	10icW
7	6	12		הַ/יּ֣וֹם	d/3117	HTd/Ncmsa	10WQu
7	6	13		הַ/זֶּ֑ה	d/2088	HTd/Pdxms	10rMa
7	6	14		וָ/אֶֽהְיֶה֙	c/1961	HC/Vqw1cs	10H5x
7	6	15		מִתְהַלֵּ֔ךְ	1980	HVtrmsa	10Lft
7	6	16		בְּ/אֹ֖הֶל	b/168	HR/Ncmsa	10bTD
7	6	17		וּ/בְ/מִשְׁכָּֽן	c/b/4908	HC/R/Ncmsa	10W19
7	7	1		בְּ/כֹ֥ל	b/3605	HR/Ncmsa	10CUd
7	7	2		אֲשֶֽׁר	834 a	HTr	10dBb
7	7	3		הִתְהַלַּכְתִּי֮	1980	HVtp1cs	10oQH
7	7	4		בְּ/כָל	b/3605	HR/Ncmsc	10FgV
7	7	5		בְּנֵ֣י	1121 a	HNcmpc	10sAH
7	7	6		יִשְׂרָאֵל֒	3478	HNp	10fPE
7	7	7		הֲ/דָבָ֣ר	i/1697	HTi/Ncmsa	10kFY
7	7	8		דִּבַּ֗רְתִּי	1696	HVpp1cs	10oVM
7	7	9		אֶת	854	HR	10DD6
7	7	10		אַחַד֙	259	HAcmsa	10T6s
7	7	11		שִׁבְטֵ֣י	7626	HNcmpc	10UTG
7	7	12		יִשְׂרָאֵ֔ל	3478	HNp	10TjC
7	7	13		אֲשֶׁ֣ר	834 a	HTr	10B7W
7	7	14		צִוִּ֗יתִי	6680	HVpp1cs	10ggZ
7	7	15		לִ/רְע֛וֹת	l/7462 b	HR/Vqc	10sDo
7	7	16		אֶת	853	HTo	10hQe
7	7	17		עַמִּ֥/י	5971 a	HNcmsc/Sp1cs	10Fmq
7	7	18		אֶת	853	HTo	104ga
7	7	19		יִשְׂרָאֵ֖ל	3478	HNp	10qZF
7	7	20		לֵ/אמֹ֑ר	l/559	HR/Vqc	10o7p
7	7	21		לָ֛/מָּה	l/4100	HR/Ti	10BQB
7	7	22		לֹֽא	3808	HTn	10dbJ
7	7	23		בְנִיתֶ֥ם	1129	HVqp2mp	105tL
7	7	24		לִ֖/י	l	HR/Sp1cs	10Pj9
7	7	25		בֵּ֥ית	1004 b	HNcmsc	10YJJ
7	7	26		אֲרָזִֽים	730	HNcmpa	103Kp
7	8	1		וְ֠/עַתָּה	c/6258	HC/D	10YWx
7	8	2		כֹּֽה	3541	HD	10d4u
7	8	3		תֹאמַ֞ר	559	HVqi2ms	106vh
7	8	4		לְ/עַבְדִּ֣/י	l/5650	HR/Ncmsc/Sp1cs	10rLV
7	8	5		לְ/דָוִ֗ד	l/1732	HR/Np	10PfL
7	8	6		כֹּ֤ה	3541	HD	10YQQ
7	8	7		אָמַר֙	559	HVqp3ms	10Dr2
7	8	8		יְהוָ֣ה	3068	HNp	10AAN
7	8	9		צְבָא֔וֹת	6635 b	HNcbpa	10FAQ
7	8	10		אֲנִ֤י	589	HPp1cs	10bz3
7	8	11		לְקַחְתִּ֨י/ךָ֙	3947	HVqp1cs/Sp2ms	10VeC
7	8	12		מִן	4480 a	HR	10gEf
7	8	13		הַ/נָּוֶ֔ה	d/5116 a	HTd/Ncbsa	101Vr
7	8	14		מֵ/אַחַ֖ר	m/310 a	HR/R	10gUg
7	8	15		הַ/צֹּ֑אן	d/6629	HTd/Ncbsa	10xr5
7	8	16		לִֽ/הְי֣וֹת	l/1961	HR/Vqc	10G11
7	8	17		נָגִ֔יד	5057	HNcmsa	10D9v
7	8	18		עַל	5921 a	HR	10ZoM
7	8	19		עַמִּ֖/י	5971 a	HNcmsc/Sp1cs	10bCV
7	8	20		עַל	5921 a	HR	10fVR
7	8	21		יִשְׂרָאֵֽל	3478	HNp	10aDa
7	9	1		וָ/אֶהְיֶ֣ה	c/1961	HC/Vqw1cs	10ZXK
7	9	2		עִמְּ/ךָ֗	5973 a	HR/Sp2ms	10frz
7	9	3		בְּ/כֹל֙	b/3605	HR/Ncmsa	10EPL
7	9	4		אֲשֶׁ֣ר	834 a	HTr	10zXD
7	9	5		הָלַ֔כְתָּ	1980	HVqp2ms	104tD
7	9	6		וָ/אַכְרִ֥תָ/ה	c/3772	HC/Vhw1cs/Sd	1064m
7	9	7		אֶת	853	HTo	10juf
7	9	8		כָּל	3605	HNcmsc	101Wx
7	9	9		אֹיְבֶ֖י/ךָ	341	HVqrmpc/Sp2ms	10FjT
7	9	10		מִ/פָּנֶ֑י/ךָ	m/6440	HR/Ncbpc/Sp2ms	10fFL
7	9	11		וְ/עָשִׂ֤תִֽי	c/6213 a	HC/Vqq1cs	10iyy
7	9	12		לְ/ךָ֙	l	HR/Sp2ms	10fXN
7	9	13		שֵׁ֣ם	8034	HNcmsa	10L79
7	9	14		גָּד֔וֹל	1419 a	HAamsa	102g9
7	9	15		כְּ/שֵׁ֥ם	k/8034	HR/Ncmsc	10PUa
7	9	16		הַ/גְּדֹלִ֖ים	d/1419 a	HTd/Aampa	10r3q
7	9	17		אֲשֶׁ֥ר	834 a	HTr	10i7e
7	9	18		בָּ/אָֽרֶץ	b/776	HRd/Ncbsa	10Mem
7	10	1		וְ/שַׂמְתִּ֣י	c/7760 a	HC/Vqq1cs	10wNK
7	10	2		מָ֠קוֹם	4725	HNcmsa	10bwY
7	10	3		לְ/עַמִּ֨/י	l/5971 a	HR/Ncmsc/Sp1cs	105e6
7	10	4		לְ/יִשְׂרָאֵ֤ל	l/3478	HR/Np	10yr6
7	10	5		וּ/נְטַעְתִּי/ו֙	c/5193	HC/Vqq1cs/Sp3ms	10ckn
7	10	6		וְ/שָׁכַ֣ן	c/7931	HC/Vqq3ms	10vA4
7	10	7		תַּחְתָּ֔י/ו	8478	HR/Sp3ms	10KEn
7	10	8		וְ/לֹ֥א	c/3808	HC/Tn	10cPC
7	10	9		יִרְגַּ֖ז	7264	HVqi3ms	10Eoc
7	10	10		ע֑וֹד	5750	HD	10Pdv
7	10	11		וְ/לֹֽא	c/3808	HC/Tn	10S7t
7	10	12		יֹסִ֤יפוּ	3254	HVhi3mp	108F2
7	10	13		בְנֵֽי	1121 a	HNcmpc	10T2K
7	10	14		עַוְלָה֙	5766 b	HNcbsa	10ouG
7	10	15		לְ/עַנּוֹת֔/וֹ	l/6031 b	HR/Vpc/Sp3ms	10xxG
7	10	16		כַּ/אֲשֶׁ֖ר	k/834 d	HR/Tr	10vin
7	10	17		בָּ/רִאשׁוֹנָֽה	b/7223	HRd/Aafsa	10KSD
7	11	1		וּ/לְ/מִן	c/l/4480 a	HC/R/R	10Eiv
7	11	2		הַ/יּ֗וֹם	d/3117	HTd/Ncmsa	10xpK
7	11	3		אֲשֶׁ֨ר	834 a	HTr	10Nix
7	11	4		צִוִּ֤יתִי	6680	HVpp1cs	10q1J
7	11	5		שֹֽׁפְטִים֙	8199	HVqrmpa	10Vg9
7	11	6		עַל	5921 a	HR	10642
7	11	7		עַמִּ֣/י	5971 a	HNcmsc/Sp1cs	10sWs
7	11	8		יִשְׂרָאֵ֔ל	3478	HNp	10mUy
7	11	9		וַ/הֲנִיחֹ֥תִי	c/5117	HC/Vhq1cs	10v3c
7	11	10		לְ/ךָ֖	l	HR/Sp2ms	10m6p
7	11	11		מִ/כָּל	m/3605	HR/Ncmsc	10BZu
7	11	12		אֹיְבֶ֑י/ךָ	341	HVqrmpc/Sp2ms	10bwe
7	11	13		וְ/הִגִּ֤יד	c/5046	HC/Vhq3ms	10AWj
7	11	14		לְ/ךָ֙	l	HR/Sp2ms	10z96
7	11	15		יְהוָ֔ה	3068	HNp	10ufK
7	11	16		כִּי	3588 a	HC	103CT
7	11	17		בַ֖יִת	1004 b	HNcmsa	10Uhd
7	11	18		יַעֲשֶׂה	6213 a	HVqi3ms	101i2
7	11	19		לְּ/ךָ֥	l	HR/Sp2ms	10Lzv
7	11	20		יְהוָֽה	3068	HNp	10Lun
7	12	1		כִּ֣י	3588 a	HC	10PbF
7	12	2		יִמְלְא֣וּ	4390	HVqi3mp	10suR
7	12	3		יָמֶ֗י/ךָ	3117	HNcmpc/Sp2ms	10LXw
7	12	4		וְ/שָֽׁכַבְתָּ֙	c/7901	HC/Vqq2ms	10una
7	12	5		אֶת	854	HR	10em6
7	12	6		אֲבֹתֶ֔י/ךָ	1	HNcmpc/Sp2ms	10157
7	12	7		וַ/הֲקִימֹתִ֤י	c/6965 b	HC/Vhq1cs	10quT
7	12	8		אֶֽת	853	HTo	106Vo
7	12	9		זַרְעֲ/ךָ֙	2233	HNcmsc/Sp2ms	10E91
7	12	10		אַחֲרֶ֔י/ךָ	310 a	HR/Sp2ms	103Cf
7	12	11		אֲשֶׁ֥ר	834 a	HTr	10bsi
7	12	12		יֵצֵ֖א	3318	HVqi3ms	10MWq
7	12	13		מִ/מֵּעֶ֑י/ךָ	m/4578	HR/Ncmpc/Sp2ms	1034f
7	12	14		וַ/הֲכִינֹתִ֖י	c/3559 a	HC/Vhq1cs	10aVY
7	12	15		אֶת	853	HTo	10hNg
7	12	16		מַמְלַכְתּֽ/וֹ	4467	HNcfsc/Sp3ms	10G8o
7	13	1		ה֥וּא	1931	HPp3ms	103Gd
7	13	2		יִבְנֶה	1129	HVqi3ms	10iWk
7	13	3		בַּ֖יִת	1004 b	HNcmsa	10mCg
7	13	4		לִ/שְׁמִ֑/י	l/8034	HR/Ncmsc/Sp1cs	10tq2
7	13	5		וְ/כֹנַנְתִּ֛י	c/3559 a	HC/Voq1cs	10V3N
7	13	6		אֶת	853	HTo	10hKH
7	13	7		כִּסֵּ֥א	3678	HNcmsc	10NHj
7	13	8		מַמְלַכְתּ֖/וֹ	4467	HNcfsc/Sp3ms	10Pym
7	13	9		עַד	5704	HR	10D5E
7	13	10		עוֹלָֽם	5769	HNcmsa	10rsU
7	14	1		אֲנִי֙	589	HPp1cs	10nrb
7	14	2		אֶהְיֶה	1961	HVqi1cs	10hgT
7	14	3		לּ֣/וֹ	l	HR/Sp3ms	10ycN
7	14	4		לְ/אָ֔ב	l/1	HR/Ncmsa	108Zr
7	14	5		וְ/ה֖וּא	c/1931	HC/Pp3ms	10Lrg
7	14	6		יִהְיֶה	1961	HVqi3ms	101L6
7	14	7		לִּ֣/י	l	HR/Sp1cs	10159
7	14	8		לְ/בֵ֑ן	l/1121 a	HR/Ncmsa	10yeC
7	14	9		אֲשֶׁר֙	834 a	HTr	10Wj8
7	14	10		בְּ/הַ֣עֲוֺת֔/וֹ	b/5753 b	HR/Vhc/Sp3ms	10reX
7	14	11		וְ/הֹֽכַחְתִּי/ו֙	c/3198	HC/Vhq1cs/Sp3ms	10Lng
7	14	12		בְּ/שֵׁ֣בֶט	b/7626	HR/Ncmsc	10CzS
7	14	13		אֲנָשִׁ֔ים	376	HNcmpa	10RCv
7	14	14		וּ/בְ/נִגְעֵ֖י	c/b/5061	HC/R/Ncmpc	10x1h
7	14	15		בְּנֵ֥י	1121 a	HNcmpc	10YBK
7	14	16		אָדָֽם	120	HNcmsa	10GL3
7	15	1		וְ/חַסְדִּ֖/י	c/2617 a	HC/Ncmsc/Sp1cs	10r2t
7	15	2		לֹא	3808	HTn	10rWe
7	15	3		יָס֣וּר	5493	HVqi3ms	10zto
7	15	4		מִמֶּ֑/נּוּ	4480 a	HR/Sp1cp	10pCR
7	15	5		כַּ/אֲשֶׁ֤ר	k/834 d	HR/Tr	107YV
7	15	6		הֲסִרֹ֨תִי֙	5493	HVhp1cs	10K4a
7	15	7		מֵ/עִ֣ם	m/5973 b	HR/R	10N17
7	15	8		שָׁא֔וּל	7586	HNp	103Nb
7	15	9		אֲשֶׁ֥ר	834 a	HTr	10AES
7	15	10		הֲסִרֹ֖תִי	5493	HVhp1cs	10hh3
7	15	11		מִ/לְּ/פָנֶֽי/ךָ	m/l/6440	HR/R/Ncbpc/Sp2ms	108xp
7	16	1		וְ/נֶאְמַ֨ן	c/539	HC/VNq3ms	10wfD
7	16	2		בֵּיתְ/ךָ֧	1004 b	HNcmsc/Sp2ms	10Lka
7	16	3		וּ/מַֽמְלַכְתְּ/ךָ֛	c/4467	HC/Ncfsc/Sp2ms	10irT
7	16	4		עַד	5704	HR	1022j
7	16	5		עוֹלָ֖ם	5769	HNcmsa	102eE
7	16	6		לְ/פָנֶ֑י/ךָ	l/6440	HR/Ncbpc/Sp2ms	10sGR
7	16	7		כִּֽסְאֲ/ךָ֔	3678	HNcmsc/Sp2ms	10FKm
7	16	8		יִהְיֶ֥ה	1961	HVqi3ms	10eb4
7	16	9		נָכ֖וֹן	3559 a	HVNrmsa	10fqb
7	16	10		עַד	5704	HR	10DUs
7	16	11		עוֹלָֽם	5769	HNcmsa	10NwS
7	17	1		כְּ/כֹל֙	k/3605	HR/Ncmsc	10SdY
7	17	2		הַ/דְּבָרִ֣ים	d/1697	HTd/Ncmpa	101bU
7	17	3		הָ/אֵ֔לֶּה	d/428	HTd/Pdxcp	10jno
7	17	4		וּ/כְ/כֹ֖ל	c/k/3605	HC/R/Ncmsc	10E7d
7	17	5		הַ/חִזָּי֣וֹן	d/2384	HTd/Ncmsa	10z2B
7	17	6		הַ/זֶּ֑ה	d/2088	HTd/Pdxms	10WGp
7	17	7		כֵּ֛ן	3651 c	HTm	10CRu
7	17	8		דִּבֶּ֥ר	1696	HVpp3ms	10fwL
7	17	9		נָתָ֖ן	5416	HNp	10FAr
7	17	10		אֶל	413	HR	10TtK
7	17	11		דָּוִֽד	1732	HNp	10Bqs
7	18	1		וַ/יָּבֹא֙	c/935	HC/Vqw3ms	10UA1
7	18	2		הַ/מֶּ֣לֶךְ	d/4428	HTd/Ncmsa	10gLR
7	18	3		דָּוִ֔ד	1732	HNp	10T3A
7	18	4		וַ/יֵּ֖שֶׁב	c/3427	HC/Vqw3ms	10tvs
7	18	5		לִ/פְנֵ֣י	l/6440	HR/Ncbpc	10gbJ
7	18	6		יְהוָ֑ה	3068	HNp	10pr6
7	18	7		וַ/יֹּ֗אמֶר	c/559	HC/Vqw3ms	10T9M
7	18	8		מִ֣י	4310	HTi	10P1q
7	18	9		אָנֹכִ֞י	595	HPp1cs	10LYS
7	18	10		אֲדֹנָ֤/י	136	HNcmpc/Sp1cs	10SKN
7	18	11		יְהוִה֙	3069	HNp	10BbD
7	18	12		וּ/מִ֣י	c/4310	HC/Ti	10VEJ
7	18	13		בֵיתִ֔/י	1004 b	HNcmsc/Sp1cs	10yhg
7	18	14		כִּ֥י	3588 a	HC	10T7C
7	18	15		הֲבִיאֹתַ֖/נִי	935	HVhp2ms/Sp1cs	10smW
7	18	16		עַד	5704	HR	10DB1
7	18	17		הֲלֹֽם	1988	HD	10Uz3
7	19	1		וַ/תִּקְטַן֩	c/6994	HC/Vqw3fs	107xd
7	19	2		ע֨וֹד	5750	HD	10We7
7	19	3		זֹ֤את	2063	HPdxfs	10ab8
7	19	4		בְּ/עֵינֶ֨י/ךָ֙	b/5869 a	HR/Ncbdc/Sp2ms	10umg
7	19	5		אֲדֹנָ֣/י	136	HNcmpc/Sp1cs	10DQn
7	19	6		יְהוִ֔ה	3069	HNp	10Pv1
7	19	7		וַ/תְּדַבֵּ֛ר	c/1696	HC/Vpw2ms	10qti
7	19	8		גַּ֥ם	1571	HTa	10y7b
7	19	9		אֶל	413	HR	10mPV
7	19	10		בֵּֽית	1004 b	HNcmsc	10X7Q
7	19	11		עַבְדְּ/ךָ֖	5650	HNcmsc/Sp2ms	10Ls7
7	19	12		לְ/מֵֽ/רָח֑וֹק	l/m/7350	HR/R/Aamsa	10pbK
7	19	13		וְ/זֹ֛את	c/2063	HC/Pdxfs	10bd9
7	19	14		תּוֹרַ֥ת	8452	HNcfsc	1066B
7	19	15		הָ/אָדָ֖ם	d/120	HTd/Ncmsa	10UxB
7	19	16		אֲדֹנָ֥/י	136	HNcmpc/Sp1cs	10EQ6
7	19	17		יְהוִֽה	3069	HNp	10Hsg
7	20	1		וּ/מַה	c/4100	HC/Ti	10CV5
7	20	2		יּוֹסִ֥יף	3254	HVhi3ms	10KuH
7	20	3		דָּוִ֛ד	1732	HNp	10174
7	20	4		ע֖וֹד	5750	HD	10Nyn
7	20	5		לְ/דַבֵּ֣ר	l/1696	HR/Vpc	10L6v
7	20	6		אֵלֶ֑י/ךָ	413	HR/Sp2ms	10mn4
7	20	7		וְ/אַתָּ֛ה	c/859 a	HC/Pp2ms	10Sga
7	20	8		יָדַ֥עְתָּ	3045	HVqp2ms	10zPm
7	20	9		אֶֽת	853	HTo	10dP1
7	20	10		עַבְדְּ/ךָ֖	5650	HNcmsc/Sp2ms	10G4w
7	20	11		אֲדֹנָ֥/י	136	HNcmpc/Sp1cs	10bsJ
7	20	12		יְהוִֽה	3069	HNp	10WFx
7	21	1		בַּ/עֲב֤וּר	b/5668	HR/Ncmsc	10fnp
7	21	2		דְּבָֽרְ/ךָ֙	1697	HNcmsc/Sp2ms	1031T
7	21	3		וּֽ/כְ/לִבְּ/ךָ֔	c/k/3820 a	HC/R/Ncmsc/Sp2ms	10CPt
7	21	4		עָשִׂ֕יתָ	6213 a	HVqp2ms	10beX
7	21	5		אֵ֥ת	853	HTo	10RAc
7	21	6		כָּל	3605	HNcmsc	101AV
7	21	7		הַ/גְּדוּלָּ֖ה	d/1420	HTd/Ncfsa	104TA
7	21	8		הַ/זֹּ֑את	d/2063	HTd/Pdxfs	10Dxr
7	21	9		לְ/הוֹדִ֖יעַ	l/3045	HR/Vhc	10Xre
7	21	10		אֶת	853	HTo	109xv
7	21	11		עַבְדֶּֽ/ךָ	5650	HNcmsc/Sp2ms	10wci
7	22	1		עַל	5921 a	HR	10MpA
7	22	2		כֵּ֥ן	3651 c	HTm	10Una
7	22	3		גָּדַ֖לְתָּ	1431	HVqp2ms	10jgC
7	22	4		אֲדֹנָ֣/י	136	HNcmpc/Sp1cs	10EC9
7	22	5		יְהוִ֑ה	3069	HNp	10Ati
7	22	6		כִּֽי	3588 a	HC	10BDF
7	22	7		אֵ֣ין	369	HTn	10cw6
7	22	8		כָּמ֗וֹ/ךָ	3644	HR/Sp2ms	10xcg
7	22	9		וְ/אֵ֤ין	c/369	HC/Tn	103hZ
7	22	10		אֱלֹהִים֙	430	HNcmpa	10Gh2
7	22	11		זֽוּלָתֶ֔/ךָ	2108	HR/Sp2ms	10tTX
7	22	12		בְּ/כֹ֥ל	b/3605	HR/Ncmsa	10Khz
7	22	13		אֲשֶׁר	834 a	HTr	10A9P
7	22	14		שָׁמַ֖עְנוּ	8085	HVqp1cp	10kHE
7	22	15		בְּ/אָזְנֵֽי/נוּ	b/241	HR/Ncfdc/Sp1cp	103yK
7	23	1		וּ/מִ֤י	c/4310	HC/Ti	108ib
7	23	2		כְ/עַמְּ/ךָ֙	k/5971 a	HR/Ncmsc/Sp2ms	10cZW
7	23	3		כְּ/יִשְׂרָאֵ֔ל	k/3478	HR/Np	10qur
7	23	4		גּ֥וֹי	1471 a	HNcmsa	10kHk
7	23	5		אֶחָ֖ד	259	HAcmsa	106Dh
7	23	6		בָּ/אָ֑רֶץ	b/776	HRd/Ncbsa	10oAs
7	23	7		אֲשֶׁ֣ר	834 a	HTr	109eG
7	23	8		הָלְכֽוּ	1980	HVqp3cp	10PZV
7	23	9		אֱ֠לֹהִים	430	HNcmpa	10GDR
7	23	10		לִ/פְדּֽוֹת	l/6299	HR/Vqc	1083x
7	23	11		ל֨/וֹ	l	HR/Sp3ms	10JGH
7	23	12		לְ/עָ֜ם	l/5971 a	HR/Ncmsa	10XV5
7	23	13		וְ/לָ/שׂ֧וּם	c/l/7760 a	HC/R/Vqc	109Xx
7	23	14		ל֣/וֹ	l	HR/Sp3ms	10hrb
7	23	15		שֵׁ֗ם	8034	HNcmsa	101hG
7	23	16		וְ/לַ/עֲשׂ֨וֹת	c/l/6213 a	HC/R/Vqc	10qmG
7	23	17		לָ/כֶ֜ם	l	HR/Sp2mp	10VX8
7	23	18		הַ/גְּדוּלָּ֤ה	d/1420	HTd/Ncfsa	109yf
7	23	19		וְ/נֹֽרָאוֹת֙	c/3372	HC/VNrfpa	104wk
7	23	20		לְ/אַרְצֶ֔/ךָ	l/776	HR/Ncbsc/Sp2ms	10wip
7	23	21		מִ/פְּנֵ֣י	m/6440	HR/Ncbpc	10cyY
7	23	22		עַמְּ/ךָ֗	5971 a	HNcmsc/Sp2ms	10vHx
7	23	23		אֲשֶׁ֨ר	834 a	HTr	10FX1
7	23	24		פָּדִ֤יתָ	6299	HVqp2ms	10eb2
7	23	25		לְּ/ךָ֙	l	HR/Sp2ms	10c6H
7	23	26		מִ/מִּצְרַ֔יִם	m/4714	HR/Np	10aZW
7	23	27		גּוֹיִ֖ם	1471 a	HNcmpa	105aX
7	23	28		וֵ/אלֹהָֽי/ו	c/430	HC/Ncmpc/Sp3ms	10U87
7	24	1		וַ/תְּכ֣וֹנֵֽן	c/3559 a	HC/Vow2ms	10NqP
7	24	2		לְ֠/ךָ	l	HR/Sp2ms	10mnj
7	24	3		אֶת	853	HTo	103KS
7	24	4		עַמְּ/ךָ֨	5971 a	HNcmsc/Sp2ms	10MZD
7	24	5		יִשְׂרָאֵ֧ל	3478	HNp	108qW
7	24	6		לְ/ךָ֛	l	HR/Sp2ms	10FvR
7	24	7		לְ/עָ֖ם	l/5971 a	HR/Ncmsa	10G9D
7	24	8		עַד	5704	HR	10VL7
7	24	9		עוֹלָ֑ם	5769	HNcmsa	106Zy
7	24	10		וְ/אַתָּ֣ה	c/859 a	HC/Pp2ms	10S9D
7	24	11		יְהוָ֔ה	3068	HNp	10PJd
7	24	12		הָיִ֥יתָ	1961	HVqp2ms	10nWN
7	24	13		לָ/הֶ֖ם	l	HR/Sp3mp	10Jus
7	24	14		לֵ/אלֹהִֽים	l/430	HR/Ncmpa	10WyJ
7	25	1		וְ/עַתָּה֙	c/6258	HC/D	10AS9
7	25	2		יְהוָ֣ה	3068	HNp	10Kp3
7	25	3		אֱלֹהִ֔ים	430	HNcmpa	109db
7	25	4		הַ/דָּבָ֗ר	d/1697	HTd/Ncmsa	10o7X
7	25	5		אֲשֶׁ֨ר	834 a	HTr	10WoY
7	25	6		דִּבַּ֤רְתָּ	1696	HVpp2ms	101bu
7	25	7		עַֽל	5921 a	HR	10cWZ
7	25	8		עַבְדְּ/ךָ֙	5650	HNcmsc/Sp2ms	10c5u
7	25	9		וְ/עַל	c/5921 a	HC/R	10LeR
7	25	10		בֵּית֔/וֹ	1004 b	HNcmsc/Sp3ms	10vkF
7	25	11		הָקֵ֖ם	6965 b	HVhv2ms	10skP
7	25	12		עַד	5704	HR	10MnR
7	25	13		עוֹלָ֑ם	5769	HNcmsa	106Ze
7	25	14		וַ/עֲשֵׂ֖ה	c/6213 a	HC/Vqv2ms	10oeq
7	25	15		כַּ/אֲשֶׁ֥ר	k/834 d	HR/Tr	10XJ4
7	25	16		דִּבַּֽרְתָּ	1696	HVpp2ms	10VLE
7	26	1		וְ/יִגְדַּ֨ל	c/1431	HC/Vqi3ms	10RRT
7	26	2		שִׁמְ/ךָ֤	8034	HNcmsc/Sp2ms	101WQ
7	26	3		עַד	5704	HR	10GpM
7	26	4		עוֹלָם֙	5769	HNcmsa	10sbU
7	26	5		לֵ/אמֹ֔ר	l/559	HR/Vqc	10WbS
7	26	6		יְהוָ֣ה	3068	HNp	10JSM
7	26	7		צְבָא֔וֹת	6635 b	HNcbpa	10LLT
7	26	8		אֱלֹהִ֖ים	430	HNcmpa	109QD
7	26	9		עַל	5921 a	HR	10Wuu
7	26	10		יִשְׂרָאֵ֑ל	3478	HNp	10Pyy
7	26	11		וּ/בֵית֙	c/1004 b	HC/Ncmsc	10pqj
7	26	12		עַבְדְּ/ךָ֣	5650	HNcmsc/Sp2ms	102yD
7	26	13		דָוִ֔ד	1732	HNp	10ydy
7	26	14		יִהְיֶ֥ה	1961	HVqi3ms	10Au7
7	26	15		נָכ֖וֹן	3559 a	HVNrmsa	10GwZ
7	26	16		לְ/פָנֶֽי/ךָ	l/6440	HR/Ncbpc/Sp2ms	10dXD
7	27	1		כִּֽי	3588 a	HC	103Wn
7	27	2		אַתָּה֩	859 a	HPp2ms	106dK
7	27	3		יְהוָ֨ה	3068	HNp	10sKp
7	27	4		צְבָא֜וֹת	6635 b	HNcbpa	10icY
7	27	5		אֱלֹהֵ֣י	430	HNcmpc	10bVT
7	27	6		יִשְׂרָאֵ֗ל	3478	HNp	10Vdb
7	27	7		גָּלִ֜יתָה	1540	HVqp2ms	10GEn
7	27	8		אֶת	853	HTo	10JcF
7	27	9		אֹ֤זֶן	241	HNcfsc	10GWd
7	27	10		עַבְדְּ/ךָ֙	5650	HNcmsc/Sp2ms	10S7b
7	27	11		לֵ/אמֹ֔ר	l/559	HR/Vqc	10FMA
7	27	12		בַּ֖יִת	1004 b	HNcmsa	107jb
7	27	13		אֶבְנֶה	1129	HVqi1cs	10acY
7	27	14		לָּ֑/ךְ	l	HR/Sp2fs	10kuq
7	27	15		עַל	5921 a	HR	1076D
7	27	16		כֵּ֗ן	3651 c	HTm	10sYV
7	27	17		מָצָ֤א	4672	HVqp3ms	10fgo
7	27	18		עַבְדְּ/ךָ֙	5650	HNcmsc/Sp2ms	10C3i
7	27	19		אֶת	853	HTo	10K31
7	27	20		לִבּ֔/וֹ	3820 a	HNcmsc/Sp3ms	10Mxg
7	27	21		לְ/הִתְפַּלֵּ֣ל	l/6419	HR/Vtc	10UVY
7	27	22		אֵלֶ֔י/ךָ	413	HR/Sp2ms	10ive
7	27	23		אֶת	853	HTo	10m9N
7	27	24		הַ/תְּפִלָּ֖ה	d/8605	HTd/Ncfsa	10Gyf
7	27	25		הַ/זֹּֽאת	d/2063	HTd/Pdxfs	10j6U
7	28	1		וְ/עַתָּ֣ה	c/6258	HC/D	10T8G
7	28	2		אֲדֹנָ֣/י	136	HNcmpc/Sp1cs	10h69
7	28	3		יְהוִ֗ה	3069	HNp	10Hpm
7	28	4		אַתָּה	859 a	HPp2ms	10U2e
7	28	5		הוּא֙	1931	HPp3ms	10UaK
7	28	6		הָֽ/אֱלֹהִ֔ים	d/430	HTd/Ncmpa	10FLe
7	28	7		וּ/דְבָרֶ֖י/ךָ	c/1697	HC/Ncmpc/Sp2ms	10TjF
7	28	8		יִהְי֣וּ	1961	HVqi3mp	10tFS
7	28	9		אֱמֶ֑ת	571	HNcfsa	10wv4
7	28	10		וַ/תְּדַבֵּר֙	c/1696	HC/Vpw2ms	101QE
7	28	11		אֶֽל	413	HR	10HFk
7	28	12		עַבְדְּ/ךָ֔	5650	HNcmsc/Sp2ms	10bMt
7	28	13		אֶת	853	HTo	10fjp
7	28	14		הַ/טּוֹבָ֖ה	d/2896 c	HTd/Aafsa	10hSe
7	28	15		הַ/זֹּֽאת	d/2063	HTd/Pdxfs	10JDi
7	29	1		וְ/עַתָּ֗ה	c/6258	HC/D	10pLR
7	29	2		הוֹאֵל֙	2974	HVhv2ms	10UUk
7	29	3		וּ/בָרֵךְ֙	c/1288	HC/Vpv2ms	10FGD
7	29	4		אֶת	853	HTo	10cjX
7	29	5		בֵּ֣ית	1004 b	HNcmsc	10BD2
7	29	6		עַבְדְּ/ךָ֔	5650	HNcmsc/Sp2ms	10fQf
7	29	7		לִ/הְי֥וֹת	l/1961	HR/Vqc	10cFY
7	29	8		לְ/עוֹלָ֖ם	l/5769	HR/Ncmsa	10czF
7	29	9		לְ/פָנֶ֑י/ךָ	l/6440	HR/Ncbpc/Sp2ms	10BK6
7	29	10		כִּֽי	3588 a	HC	10drG
7	29	11		אַתָּ֞ה	859 a	HPp2ms	10tUv
7	29	12		אֲדֹנָ֤/י	136	HNcmpc/Sp1cs	10VQ4
7	29	13		יְהוִה֙	3069	HNp	10S5J
7	29	14		דִּבַּ֔רְתָּ	1696	HVpp2ms	10bwb
7	29	15		וּ/מִ/בִּרְכָ֣תְ/ךָ֔	c/m/1293	HC/R/Ncfsc/Sp2ms	10gNm
7	29	16		יְבֹרַ֥ךְ	1288	HVPi3ms	10ZtA
7	29	17		בֵּֽית	1004 b	HNcmsc	10u1F
7	29	18		עַבְדְּ/ךָ֖	5650	HNcmsc/Sp2ms	10agt
7	29	19		לְ/עוֹלָֽם	l/5769	HR/Ncmsa	10csz
8	1	1		וַֽ/יְהִי֙	c/1961	HC/Vqw3ms	10wNM
8	1	2		אַֽחֲרֵי	310 a	HR	10rRN
8	1	3		כֵ֔ן	3651 c	HD	10Ade
8	1	4		וַ/יַּ֥ךְ	c/5221	HC/Vhw3ms	10KH4
8	1	5		דָּוִ֛ד	1732	HNp	10kAt
8	1	6		אֶת	853	HTo	10JGi
8	1	7		פְּלִשְׁתִּ֖ים	6430	HNgmpa	10KWf
8	1	8		וַ/יַּכְנִיעֵ֑/ם	c/3665	HC/Vhw3ms/Sp3mp	10mD6
8	1	9		וַ/יִּקַּ֥ח	c/3947	HC/Vqw3ms	10xhB
8	1	10		דָּוִ֛ד	1732	HNp	1075Z
8	1	11		אֶת	853	HTo	10vHP
8	1	12		מֶ֥תֶג	4965+	HNcmsc	10CmX
8	1	13		הָ/אַמָּ֖ה	d/4965	HTd/Ncfsa	10rpF
8	1	14		מִ/יַּ֥ד	m/3027	HR/Ncbsc	1017V
8	1	15		פְּלִשְׁתִּֽים	6430	HNgmpa	10qbi
8	2	1		וַ/יַּ֣ךְ	c/5221	HC/Vhw3ms	10WH5
8	2	2		אֶת	853	HTo	10Wu9
8	2	3		מוֹאָ֗ב	4124	HNp	10Wfj
8	2	4		וַֽ/יְמַדְּדֵ֤/ם	c/4058	HC/Vpw3ms/Sp3mp	10MRr
8	2	5		בַּ/חֶ֨בֶל֙	b/2256 a	HRd/Ncbsa	10d46
8	2	6		הַשְׁכֵּ֣ב	7901	HVha	10vGY
8	2	7		אוֹתָ֣/ם	853	HTo/Sp3mp	10MDm
8	2	8		אַ֔רְצָ/ה	776	HNcbsa/Sd	10dCq
8	2	9		וַ/יְמַדֵּ֤ד	c/4058	HC/Vpw3ms	10cAA
8	2	10		שְׁנֵֽי	8147	HAcmdc	10UYM
8	2	11		חֲבָלִים֙	2256 a	HNcbpa	10NZQ
8	2	12		לְ/הָמִ֔ית	l/4191	HR/Vhc	10afe
8	2	13		וּ/מְלֹ֥א	c/4393	HC/Ncmsc	10jFT
8	2	14		הַ/חֶ֖בֶל	d/2256 a	HTd/Ncbsa	10VEv
8	2	15		לְ/הַחֲי֑וֹת	l/2421	HR/Vhc	10dWK
8	2	16		וַ/תְּהִ֤י	c/1961	HC/Vqw3fs	10MeB
8	2	17		מוֹאָב֙	4124	HNp	10kAx
8	2	18		לְ/דָוִ֔ד	l/1732	HR/Np	10cC6
8	2	19		לַ/עֲבָדִ֖ים	l/5650	HR/Ncmpa	10AoQ
8	2	20		נֹשְׂאֵ֥י	5375	HVqrmpc	10TQ4
8	2	21		מִנְחָֽה	4503	HNcfsa	10pM2
8	3	1		וַ/יַּ֣ךְ	c/5221	HC/Vhw3ms	10fTE
8	3	2		דָּוִ֔ד	1732	HNp	10BxX
8	3	3		אֶת	853	HTo	103b7
8	3	4		הֲדַדְעֶ֥זֶר	1909	HNp	1062B
8	3	5		בֶּן	1121 a	HNcmsc	10MnE
8	3	6		רְחֹ֖ב	7340	HNp	105dP
8	3	7		מֶ֣לֶךְ	4428	HNcmsc	10sJH
8	3	8		צוֹבָ֑ה	6678	HNp	10Wke
8	3	9		בְּ/לֶכְתּ֕/וֹ	b/3212	HR/Vqc/Sp3ms	108Vg
8	3	10		לְ/הָשִׁ֥יב	l/7725	HR/Vhc	10NwX
8	3	11		יָד֖/וֹ	3027	HNcbsc/Sp3ms	10VVb
8	3	12		בִּֽ/נְהַר	b/5104	HR/Ncmsc	10BJi
8	3	13		פְּרָֽת	6578	HNp	10dp9
8	4	1		וַ/יִּלְכֹּ֨ד	c/3920	HC/Vqw3ms	10ERi
8	4	2		דָּוִ֜ד	1732	HNp	10riL
8	4	3		מִמֶּ֗/נּוּ	4480 a	HR/Sp1cp	10qeW
8	4	4		אֶ֤לֶף	505	HAcbsa	102Cm
8	4	5		וּ/שְׁבַע	c/7651	HC/Acfsa	10juK
8	4	6		מֵאוֹת֙	3967	HAcbpa	10CyD
8	4	7		פָּרָשִׁ֔ים	6571 b	HNcmpa	10CuU
8	4	8		וְ/עֶשְׂרִ֥ים	c/6242	HC/Acbpa	10fge
8	4	9		אֶ֖לֶף	505	HAcbsa	106Q1
8	4	10		אִ֣ישׁ	376	HNcmsa	10zHR
8	4	11		רַגְלִ֑י	7273	HAamsa	10tip
8	4	12		וַ/יְעַקֵּ֤ר	c/6131 b	HC/Vpw3ms	10KkZ
8	4	13		דָּוִד֙	1732	HNp	10hTx
8	4	14		אֶת	853	HTo	10ZqW
8	4	15		כָּל	3605	HNcmsc	10kWc
8	4	16		הָ/רֶ֔כֶב	d/7393	HTd/Ncmsa	10gXQ
8	4	17		וַ/יּוֹתֵ֥ר	c/3498	HC/Vhw3ms	10qr9
8	4	18		מִמֶּ֖/נּוּ	4480 a	HR/Sp1cp	10TFW
8	4	19		מֵ֥אָה	3967	HAcbsa	102cg
8	4	20		רָֽכֶב	7393	HNcmsa	10G6q
8	5	1		וַ/תָּבֹא֙	c/935	HC/Vqw3fs	10E2j
8	5	2		אֲרַ֣ם	758	HNp	10tXV
8	5	3		דַּמֶּ֔שֶׂק	1834	HNp	107Ee
8	5	4		לַ/עְזֹ֕ר	l/5826	HR/Vqc	104LF
8	5	5		לַ/הֲדַדְעֶ֖זֶר	l/1909	HR/Np	108Ur
8	5	6		מֶ֣לֶךְ	4428	HNcmsc	10UB3
8	5	7		צוֹבָ֑ה	6678	HNp	105iK
8	5	8		וַ/יַּ֤ךְ	c/5221	HC/Vhw3ms	10Der
8	5	9		דָּוִד֙	1732	HNp	10e1m
8	5	10		בַּֽ/אֲרָ֔ם	b/758	HR/Np	10JA6
8	5	11		עֶשְׂרִֽים	6242	HAcbpa	10ZJi
8	5	12		וּ/שְׁנַ֥יִם	c/8147	HC/Acmda	10gKV
8	5	13		אֶ֖לֶף	505	HAcbsa	104qd
8	5	14		אִֽישׁ	376	HNcmsa	10LEv
8	6	1		וַ/יָּ֨שֶׂם	c/7760 a	HC/Vqw3ms	10N84
8	6	2		דָּוִ֤ד	1732	HNp	10rBZ
8	6	3		נְצִבִים֙	5333	HNcmpa	10uki
8	6	4		בַּ/אֲרַ֣ם	b/758	HR/Np	10uaL
8	6	5		דַּמֶּ֔שֶׂק	1834	HNp	107ay
8	6	6		וַ/תְּהִ֤י	c/1961	HC/Vqw3fs	10VmT
8	6	7		אֲרָם֙	758	HNp	10f8e
8	6	8		לְ/דָוִ֔ד	l/1732	HR/Np	10rZF
8	6	9		לַ/עֲבָדִ֖ים	l/5650	HR/Ncmpa	10HRi
8	6	10		נוֹשְׂאֵ֣י	5375	HVqrmpc	10cpy
8	6	11		מִנְחָ֑ה	4503	HNcfsa	10N1Q
8	6	12		וַ/יֹּ֤שַׁע	c/3467	HC/Vhw3ms	10g1a
8	6	13		יְהוָה֙	3068	HNp	10sKY
8	6	14		אֶת	853	HTo	10CQw
8	6	15		דָּוִ֔ד	1732	HNp	10C3C
8	6	16		בְּ/כֹ֖ל	b/3605	HR/Ncmsa	10bgL
8	6	17		אֲשֶׁ֥ר	834 a	HTr	10NPP
8	6	18		הָלָֽךְ	1980	HVqp3ms	10son
8	7	1		וַ/יִּקַּ֣ח	c/3947	HC/Vqw3ms	10g5s
8	7	2		דָּוִ֗ד	1732	HNp	10xyw
8	7	3		אֵ֚ת	853	HTo	10UeH
8	7	4		שִׁלְטֵ֣י	7982	HNcmpc	10LdR
8	7	5		הַ/זָּהָ֔ב	d/2091	HTd/Ncmsa	10LmR
8	7	6		אֲשֶׁ֣ר	834 a	HTr	10NJs
8	7	7		הָי֔וּ	1961	HVqp3cp	10AjX
8	7	8		אֶ֖ל	413	HR	104wq
8	7	9		עַבְדֵ֣י	5650	HNcmpc	10Xv2
8	7	10		הֲדַדְעָ֑זֶר	1909	HNp	10sVg
8	7	11		וַ/יְבִיאֵ֖/ם	c/935	HC/Vhw3ms/Sp3mp	10qDj
8	7	12		יְרוּשָׁלִָֽם	3389	HNp	10A47
8	8	1		וּ/מִ/בֶּ֥טַח	c/m/984	HC/R/Np	10zoe
8	8	2		וּ/מִ/בֵּֽרֹתַ֖י	c/m/1268 b	HC/R/Np	10hNP
8	8	3		עָרֵ֣י	5892 b	HNcfpc	10vwy
8	8	4		הֲדַדְעָ֑זֶר	1909	HNp	10grp
8	8	5		לָקַ֞ח	3947	HVqp3ms	1062m
8	8	6		הַ/מֶּ֧לֶךְ	d/4428	HTd/Ncmsa	103iU
8	8	7		דָּוִ֛ד	1732	HNp	10VM7
8	8	8		נְחֹ֖שֶׁת	5178 a	HNcfsa	10MLL
8	8	9		הַרְבֵּ֥ה	7235 a	HVha	104Gd
8	8	10		מְאֹֽד	3966	HD	10KJT
8	9	1		וַ/יִּשְׁמַ֕ע	c/8085	HC/Vqw3ms	10usd
8	9	2		תֹּ֖עִי	8583	HNp	101WV
8	9	3		מֶ֣לֶךְ	4428	HNcmsc	10BBr
8	9	4		חֲמָ֑ת	2574	HNp	10mUf
8	9	5		כִּ֚י	3588 a	HC	10KL5
8	9	6		הִכָּ֣ה	5221	HVhp3ms	10ry1
8	9	7		דָוִ֔ד	1732	HNp	10C5C
8	9	8		אֵ֖ת	853	HTo	10hY2
8	9	9		כָּל	3605	HNcmsc	10dNn
8	9	10		חֵ֥יל	2426	HNcmsc	10T9N
8	9	11		הֲדַדְעָֽזֶר	1909	HNp	10Fig
8	10	1		וַ/יִּשְׁלַ֣ח	c/7971	HC/Vqw3ms	10h9t
8	10	2		תֹּ֣עִי	8583	HNp	106vs
8	10	3		אֶת	853	HTo	10Neq
8	10	4		יֽוֹרָם	3141	HNp	10ESF
8	10	5		בְּנ֣/וֹ	1121 a	HNcmsc/Sp3ms	104Rb
8	10	6		אֶל	413	HR	10f3R
8	10	7		הַ/מֶּֽלֶךְ	d/4428	HTd/Ncmsa	10eYe
8	10	8		דָּ֠וִד	1732	HNp	10tse
8	10	9		לִ/שְׁאָל	l/7592	HR/Vqc	10T7X
8	10	10		ל֨/וֹ	l	HR/Sp3ms	10Ao9
8	10	11		לְ/שָׁל֜וֹם	l/7965	HR/Ncmsa	10dNk
8	10	12		וּֽ/לְ/בָרֲכ֗/וֹ	c/l/1288	HC/R/Vpc/Sp3ms	106Vu
8	10	13		עַל֩	5921 a	HR	10UqP
8	10	14		אֲשֶׁ֨ר	834 a	HTr	10y9h
8	10	15		נִלְחַ֤ם	3898 a	HVNp3ms	101wY
8	10	16		בַּ/הֲדַדְעֶ֨זֶר֙	b/1909	HR/Np	10eab
8	10	17		וַ/יַּכֵּ֔/הוּ	c/5221	HC/Vhw3ms/Sp3ms	10woG
8	10	18		כִּי	3588 a	HC	109sB
8	10	19		אִ֛ישׁ	376	HNcmsc	10Sgi
8	10	20		מִלְחֲמ֥וֹת	4421	HNcfpc	10CEB
8	10	21		תֹּ֖עִי	8583	HNp	102MH
8	10	22		הָיָ֣ה	1961	HVqp3ms	10mz9
8	10	23		הֲדַדְעָ֑זֶר	1909	HNp	10HHZ
8	10	24		וּ/בְ/יָד֗/וֹ	c/b/3027	HC/R/Ncbsc/Sp3ms	10JA2
8	10	25		הָי֛וּ	1961	HVqp3cp	10Scx
8	10	26		כְּלֵֽי	3627	HNcmpc	10gFo
8	10	27		כֶ֥סֶף	3701	HNcmsa	106MJ
8	10	28		וּ/כְלֵֽי	c/3627	HC/Ncmpc	10ybQ
8	10	29		זָהָ֖ב	2091	HNcmsa	1046t
8	10	30		וּ/כְלֵ֥י	c/3627	HC/Ncmpc	10vWK
8	10	31		נְחֹֽשֶׁת	5178 a	HNcfsa	10B91
8	11	1		גַּם	1571	HTa	10GeY
8	11	2		אֹתָ֕/ם	853	HTo/Sp3mp	10WDj
8	11	3		הִקְדִּ֛ישׁ	6942	HVhp3ms	10HnC
8	11	4		הַ/מֶּ֥לֶךְ	d/4428	HTd/Ncmsa	10y8y
8	11	5		דָּוִ֖ד	1732	HNp	10b5P
8	11	6		לַֽ/יהוָ֑ה	l/3068	HR/Np	10adv
8	11	7		עִם	5973 a	HR	10tpc
8	11	8		הַ/כֶּ֤סֶף	d/3701	HTd/Ncmsa	109g8
8	11	9		וְ/הַ/זָּהָב֙	c/d/2091	HC/Td/Ncmsa	10ud1
8	11	10		אֲשֶׁ֣ר	834 a	HTr	10ZMC
8	11	11		הִקְדִּ֔ישׁ	6942	HVhp3ms	10EHt
8	11	12		מִ/כָּל	m/3605	HR/Ncmsc	10YsZ
8	11	13		הַ/גּוֹיִ֖ם	d/1471 a	HTd/Ncmpa	106p4
8	11	14		אֲשֶׁ֥ר	834 a	HTr	103FP
8	11	15		כִּבֵּֽשׁ	3533	HVpp3ms	10GfA
8	12	1		מֵ/אֲרָ֤ם	m/758	HR/Np	10eA1
8	12	2		וּ/מִ/מּוֹאָב֙	c/m/4124	HC/R/Np	10cQD
8	12	3		וּ/מִ/בְּנֵ֣י	c/m/1121 a	HC/R/Ncmpc	10RMQ
8	12	4		עַמּ֔וֹן	5983	HNp	10WdN
8	12	5		וּ/מִ/פְּלִשְׁתִּ֖ים	c/m/6430	HC/R/Ngmpa	10jG1
8	12	6		וּ/מֵֽ/עֲמָלֵ֑ק	c/m/6002	HC/R/Np	1085m
8	12	7		וּ/מִ/שְּׁלַ֛ל	c/m/7998	HC/R/Ncmsc	10iMR
8	12	8		הֲדַדְעֶ֥זֶר	1909	HNp	103NL
8	12	9		בֶּן	1121 a	HNcmsc	10YEU
8	12	10		רְחֹ֖ב	7340	HNp	10Cch
8	12	11		מֶ֥לֶךְ	4428	HNcmsc	10gkB
8	12	12		צוֹבָֽה	6678	HNp	10Kpe
8	13	1		וַ/יַּ֤עַשׂ	c/6213 a	HC/Vqw3ms	107Zk
8	13	2		דָּוִד֙	1732	HNp	10Ajz
8	13	3		שֵׁ֔ם	8034	HNcmsa	10UQk
8	13	4		בְּ/שֻׁב֕/וֹ	b/7725	HR/Vqc/Sp3ms	10tfV
8	13	5		מֵ/הַכּוֹת֥/וֹ	m/5221	HR/Vhc/Sp3ms	1043s
8	13	6		אֶת	853	HTo	10Ghn
8	13	7		אֲרָ֖ם	758	HNp	10ZYn
8	13	8		בְּ/גֵיא	b/1516	HR/Np	109F4
8	13	9		מֶ֑לַח	4417	HNp	1062h
8	13	10		שְׁמוֹנָ֥ה	8083	HAcmsa	10huk
8	13	11		עָשָׂ֖ר	6240	HAcmsa	10UDk
8	13	12		אָֽלֶף	505	HAcbsa	10QuN
8	14	1		וַ/יָּ֨שֶׂם	c/7760 a	HC/Vqw3ms	10VQo
8	14	2		בֶּ/אֱד֜וֹם	b/123	HR/Np	107dP
8	14	3		נְצִבִ֗ים	5333	HNcmpa	10CUv
8	14	4		בְּ/כָל	b/3605	HR/Ncmsc	10JqX
8	14	5		אֱדוֹם֙	123	HNp	10iVc
8	14	6		שָׂ֣ם	7760 a	HVqp3ms	10z3B
8	14	7		נְצִבִ֔ים	5333	HNcmpa	10GFA
8	14	8		וַ/יְהִ֥י	c/1961	HC/Vqw3ms	10Wq6
8	14	9		כָל	3605	HNcmsc	10hEi
8	14	10		אֱד֖וֹם	123	HNp	10NJx
8	14	11		עֲבָדִ֣ים	5650	HNcmpa	10YXv
8	14	12		לְ/דָוִ֑ד	l/1732	HR/Np	10dTc
8	14	13		וַ/יּ֤וֹשַׁע	c/3467	HC/Vhw3ms	103yW
8	14	14		יְהוָה֙	3068	HNp	101Xj
8	14	15		אֶת	853	HTo	10gCC
8	14	16		דָּוִ֔ד	1732	HNp	10nPn
8	14	17		בְּ/כֹ֖ל	b/3605	HR/Ncmsa	10men
8	14	18		אֲשֶׁ֥ר	834 a	HTr	10Uos
8	14	19		הָלָֽךְ	1980	HVqp3ms	10gzF
8	15	1		וַ/יִּמְלֹ֥ךְ	c/4427 a	HC/Vqw3ms	10z6v
8	15	2		דָּוִ֖ד	1732	HNp	10o1v
8	15	3		עַל	5921 a	HR	108kX
8	15	4		כָּל	3605	HNcmsc	10VLR
8	15	5		יִשְׂרָאֵ֑ל	3478	HNp	10PN4
8	15	6		וַ/יְהִ֣י	c/1961	HC/Vqw3ms	10T6a
8	15	7		דָוִ֗ד	1732	HNp	10ywW
8	15	8		עֹשֶׂ֛ה	6213 a	HVqrmsa	10aNz
8	15	9		מִשְׁפָּ֥ט	4941	HNcmsa	10f9a
8	15	10		וּ/צְדָקָ֖ה	c/6666	HC/Ncfsa	1065i
8	15	11		לְ/כָל	l/3605	HR/Ncmsc	10fh4
8	15	12		עַמּֽ/וֹ	5971 a	HNcmsc/Sp3ms	10Zxj
8	16	1		וְ/יוֹאָ֥ב	c/3097	HC/Np	10byd
8	16	2		בֶּן	1121 a	HNcmsc	104Ma
8	16	3		צְרוּיָ֖ה	6870	HNp	10gyw
8	16	4		עַל	5921 a	HR	10M2C
8	16	5		הַ/צָּבָ֑א	d/6635 a	HTd/Ncbsa	10CL8
8	16	6		וִ/יהוֹשָׁפָ֥ט	c/3092	HC/Np	10uZX
8	16	7		בֶּן	1121 a	HNcmsc	10NYw
8	16	8		אֲחִיל֖וּד	286	HNp	10NKz
8	16	9		מַזְכִּֽיר	2142	HVhrmsa	10V99
8	17	1		וְ/צָד֧וֹק	c/6659	HC/Np	10o3Y
8	17	2		בֶּן	1121 a	HNcmsc	10n3z
8	17	3		אֲחִיט֛וּב	285	HNp	10hkq
8	17	4		וַ/אֲחִימֶ֥לֶךְ	c/288	HC/Np	10vp6
8	17	5		בֶּן	1121 a	HNcmsc	10NvP
8	17	6		אֶבְיָתָ֖ר	54	HNp	10ciJ
8	17	7		כֹּהֲנִ֑ים	3548	HNcmpa	105L4
8	17	8		וּ/שְׂרָיָ֖ה	c/8304	HC/Np	10i2j
8	17	9		סוֹפֵֽר	5608 b	HNcmsa	10YPx
8	18	1		וּ/בְנָיָ֨הוּ֙	c/1141	HC/Np	10FHp
8	18	2		בֶּן	1121 a	HNcmsc	10AKQ
8	18	3		יְה֣וֹיָדָ֔ע	3077	HNp	10c7n
8	18	4		וְ/הַ/כְּרֵתִ֖י	c/d/3774	HC/Td/Ngmsa	10qqw
8	18	5		וְ/הַ/פְּלֵתִ֑י	c/d/6432	HC/Td/Ngmsa	10tnE
8	18	6		וּ/בְנֵ֥י	c/1121 a	HC/Ncmpc	10M4D
8	18	7		דָוִ֖ד	1732	HNp	10kz5
8	18	8		כֹּהֲנִ֥ים	3548	HNcmpa	101Pz
8	18	9		הָיֽוּ	1961	HVqp3cp	10fz6
9	1	1		וַ/יֹּ֣אמֶר	c/559	HC/Vqw3ms	10EX2
9	1	2		דָּוִ֔ד	1732	HNp	10j2V
9	1	3		הֲ/כִ֣י	i/3588 a	HTi/C	109Bj
9	1	4		יֶשׁ	3426	HTm	104gZ
9	1	5		ע֔וֹד	5750	HD	10Zbw
9	1	6		אֲשֶׁ֥ר	834 a	HTr	10dMH
9	1	7		נוֹתַ֖ר	3498	HVNp3ms	10agv
9	1	8		לְ/בֵ֣ית	l/1004 b	HR/Ncmsc	10n4g
9	1	9		שָׁא֑וּל	7586	HNp	10JoF
9	1	10		וְ/אֶעֱשֶׂ֤ה	c/6213 a	HC/Vqi1cs	10f82
9	1	11		עִמּ/וֹ֙	5973 a	HR/Sp3ms	10YnB
9	1	12		חֶ֔סֶד	2617 a	HNcmsa	10wpu
9	1	13		בַּ/עֲב֖וּר	b/5668	HR/Ncmsc	10E97
9	1	14		יְהוֹנָתָֽן	3083	HNp	109vy
9	2	1		וּ/לְ/בֵ֨ית	c/l/1004 b	HC/R/Ncmsc	10q1D
9	2	2		שָׁא֥וּל	7586	HNp	10RyE
9	2	3		עֶ֨בֶד֙	5650	HNcmsa	10iBM
9	2	4		וּ/שְׁמ֣/וֹ	c/8034	HC/Ncmsc/Sp3ms	10HhJ
9	2	5		צִיבָ֔א	6717	HNp	10H6z
9	2	6		וַ/יִּקְרְאוּ	c/7121	HC/Vqw3mp	10UDW
9	2	7		ל֖/וֹ	l	HR/Sp3ms	10TRf
9	2	8		אֶל	413	HR	10LcF
9	2	9		דָּוִ֑ד	1732	HNp	10xJK
9	2	10		וַ/יֹּ֨אמֶר	c/559	HC/Vqw3ms	10kBm
9	2	11		הַ/מֶּ֧לֶךְ	d/4428	HTd/Ncmsa	10yGN
9	2	12		אֵלָ֛י/ו	413	HR/Sp3ms	10GMF
9	2	13		הַ/אַתָּ֥ה	i/859 a	HTi/Pp2ms	10CG8
9	2	14		צִיבָ֖א	6717	HNp	103jX
9	2	15		וַ/יֹּ֥אמֶר	c/559	HC/Vqw3ms	10DX8
9	2	16		עַבְדֶּֽ/ךָ	5650	HNcmsc/Sp2ms	10yZK
9	3	1		וַ/יֹּ֣אמֶר	c/559	HC/Vqw3ms	10Ps4
9	3	2		הַ/מֶּ֗לֶךְ	d/4428	HTd/Ncmsa	10jCy
9	3	3		הַ/אֶ֨פֶס	i/657 a	HTi/Ncmsa	10gAT
9	3	4		ע֥וֹד	5750	HD	10Lva
9	3	5		אִישׁ֙	376	HNcmsa	10sCe
9	3	6		לְ/בֵ֣ית	l/1004 b	HR/Ncmsc	10tYs
9	3	7		שָׁא֔וּל	7586	HNp	10SFu
9	3	8		וְ/אֶעֱשֶׂ֥ה	c/6213 a	HC/Vqi1cs	10TPm
9	3	9		עִמּ֖/וֹ	5973 a	HR/Sp3ms	10VnF
9	3	10		חֶ֣סֶד	2617 a	HNcmsc	10mUe
9	3	11		אֱלֹהִ֑ים	430	HNcmpa	10EBm
9	3	12		וַ/יֹּ֤אמֶר	c/559	HC/Vqw3ms	10xzw
9	3	13		צִיבָא֙	6717	HNp	10Mj5
9	3	14		אֶל	413	HR	10JHF
9	3	15		הַ/מֶּ֔לֶךְ	d/4428	HTd/Ncmsa	106fJ
9	3	16		ע֛וֹד	5750	HD	10TPR
9	3	17		בֵּ֥ן	1121 a	HNcmsa	10N8B
9	3	18		לִ/יהוֹנָתָ֖ן	l/3083	HR/Np	10LP1
9	3	19		נְכֵ֥ה	5223	HAamsc	10T1d
9	3	20		רַגְלָֽיִם	7272	HNcfda	10i6M
9	4	1		וַ/יֹּֽאמֶר	c/559	HC/Vqw3ms	10YXc
9	4	2		ל֥/וֹ	l	HR/Sp3ms	10feJ
9	4	3		הַ/מֶּ֖לֶךְ	d/4428	HTd/Ncmsa	102oS
9	4	4		אֵיפֹ֣ה	375	HTi	10iQ7
9	4	5		ה֑וּא	1931	HPp3ms	10etD
9	4	6		וַ/יֹּ֤אמֶר	c/559	HC/Vqw3ms	10AJ9
9	4	7		צִיבָא֙	6717	HNp	10Y2o
9	4	8		אֶל	413	HR	10zZV
9	4	9		הַ/מֶּ֔לֶךְ	d/4428	HTd/Ncmsa	10Mcm
9	4	10		הִנֵּה	2009	HTm	10NSu
9	4	11		ה֗וּא	1931	HPp3ms	10KVb
9	4	12		בֵּ֛ית	1004 b	HNcmsc	10KEV
9	4	13		מָכִ֥יר	4353	HNp	101pu
9	4	14		בֶּן	1121 a	HNcmsc	10fNB
9	4	15		עַמִּיאֵ֖ל	5988	HNp	10uQ9
9	4	16		בְּ/ל֥וֹ	b/3810+	HR/Np	10SCW
9	4	17		דְבָֽר	3810	HNp	107iT
9	5	1		וַ/יִּשְׁלַ֖ח	c/7971	HC/Vqw3ms	10aZB
9	5	2		הַ/מֶּ֣לֶךְ	d/4428	HTd/Ncmsa	10Jjb
9	5	3		דָּוִ֑ד	1732	HNp	10DZq
9	5	4		וַ/יִּקָּחֵ֗/הוּ	c/3947	HC/Vqw3ms/Sp3ms	10iNw
9	5	5		מִ/בֵּ֛ית	m/1004 b	HR/Ncmsc	10edn
9	5	6		מָכִ֥יר	4353	HNp	108b9
9	5	7		בֶּן	1121 a	HNcmsc	102Bh
9	5	8		עַמִּיאֵ֖ל	5988	HNp	105eC
9	5	9		מִ/לּ֥וֹ	m/3810+	HR/Np	1044r
9	5	10		דְבָֽר	3810	HNp	105CX
9	6	1		וַ֠/יָּבֹא	c/935	HC/Vqw3ms	10pdB
9	6	2		מְפִיבֹ֨שֶׁת	4648	HNp	10NS8
9	6	3		בֶּן	1121 a	HNcmsc	107ET
9	6	4		יְהוֹנָתָ֤ן	3083	HNp	104Jq
9	6	5		בֶּן	1121 a	HNcmsc	10hA6
9	6	6		שָׁאוּל֙	7586	HNp	10Lzj
9	6	7		אֶל	413	HR	10QZt
9	6	8		דָּוִ֔ד	1732	HNp	10FUV
9	6	9		וַ/יִּפֹּ֥ל	c/5307	HC/Vqw3ms	10eDe
9	6	10		עַל	5921 a	HR	103fc
9	6	11		פָּנָ֖י/ו	6440	HNcbpc/Sp3ms	10TYP
9	6	12		וַ/יִּשְׁתָּ֑חוּ	c/7812	HC/Vtw3ms	10pVN
9	6	13		וַ/יֹּ֤אמֶר	c/559	HC/Vqw3ms	10Nku
9	6	14		דָּוִד֙	1732	HNp	10ypK
9	6	15		מְפִיבֹ֔שֶׁת	4648	HNp	10Yts
9	6	16		וַ/יֹּ֖אמֶר	c/559	HC/Vqw3ms	101in
9	6	17		הִנֵּ֥ה	2009	HTm	10JDW
9	6	18		עַבְדֶּֽ/ךָ	5650	HNcmsc/Sp2ms	10wBA
9	7	1		וַ/יֹּאמֶר֩	c/559	HC/Vqw3ms	10Jon
9	7	2		ל֨/וֹ	l	HR/Sp3ms	10eep
9	7	3		דָוִ֜ד	1732	HNp	10548
9	7	4		אַל	408	HTn	10Wut
9	7	5		תִּירָ֗א	3372	HVqj2ms	10pLk
9	7	6		כִּ֣י	3588 a	HC	10DJ2
9	7	7		עָשֹׂה֩	6213 a	HVqa	10gco
9	7	8		אֶעֱשֶׂ֨ה	6213 a	HVqi1cs	10kQS
9	7	9		עִמְּ/ךָ֥	5973 a	HR/Sp2ms	10tuE
9	7	10		חֶ֨סֶד֙	2617 a	HNcmsa	10uja
9	7	11		בַּֽ/עֲבוּר֙	b/5668	HR/Ncmsc	10GwE
9	7	12		יְהוֹנָתָ֣ן	3083	HNp	10XRt
9	7	13		אָבִ֔י/ךָ	1	HNcmsc/Sp2ms	10Wxh
9	7	14		וַ/הֲשִׁבֹתִ֣י	c/7725	HC/Vhq1cs	10bfm
9	7	15		לְ/ךָ֔	l	HR/Sp2ms	10my2
9	7	16		אֶֽת	853	HTo	10Cn7
9	7	17		כָּל	3605	HNcmsc	1043d
9	7	18		שְׂדֵ֖ה	7704 b	HNcmsc	10KUk
9	7	19		שָׁא֣וּל	7586	HNp	10ssc
9	7	20		אָבִ֑י/ךָ	1	HNcmsc/Sp2ms	10EV7
9	7	21		וְ/אַתָּ֗ה	c/859 a	HC/Pp2ms	108aA
9	7	22		תֹּ֥אכַל	398	HVqi2ms	10xWZ
9	7	23		לֶ֛חֶם	3899	HNcbsa	10cXS
9	7	24		עַל	5921 a	HR	10tBh
9	7	25		שֻׁלְחָנִ֖/י	7979	HNcmsc/Sp1cs	10eyN
9	7	26		תָּמִֽיד	8548	HNcmsa	10SSh
9	8	1		וַ/יִּשְׁתַּ֕חוּ	c/7812	HC/Vtw3ms	1063d
9	8	2		וַ/יֹּ֖אמֶר	c/559	HC/Vqw3ms	10R11
9	8	3		מֶ֣ה	4100	HTi	10pNu
9	8	4		עַבְדֶּ֑/ךָ	5650	HNcmsc/Sp2ms	107VF
9	8	5		כִּ֣י	3588 a	HC	10zUM
9	8	6		פָנִ֔יתָ	6437	HVqp2ms	10zd9
9	8	7		אֶל	413	HR	10FAY
9	8	8		הַ/כֶּ֥לֶב	d/3611	HTd/Ncmsa	10Pfc
9	8	9		הַ/מֵּ֖ת	d/4191	HTd/Vqrmsa	10iza
9	8	10		אֲשֶׁ֥ר	834 a	HTr	10AYM
9	8	11		כָּמֽוֹ/נִי	3644	HR/Sp1cs	10GmN
9	9	1		וַ/יִּקְרָ֣א	c/7121	HC/Vqw3ms	10pSh
9	9	2		הַ/מֶּ֗לֶךְ	d/4428	HTd/Ncmsa	10C37
9	9	3		אֶל	413	HR	10yoT
9	9	4		צִיבָ֛א	6717	HNp	10LMx
9	9	5		נַ֥עַר	5288	HNcmsc	1023n
9	9	6		שָׁא֖וּל	7586	HNp	10Cb2
9	9	7		וַ/יֹּ֣אמֶר	c/559	HC/Vqw3ms	107qP
9	9	8		אֵלָ֑י/ו	413	HR/Sp3ms	10FVN
9	9	9		כֹּל֩	3605	HNcmsc	10jaF
9	9	10		אֲשֶׁ֨ר	834 a	HTr	10rR2
9	9	11		הָיָ֤ה	1961	HVqp3ms	10BLG
9	9	12		לְ/שָׁאוּל֙	l/7586	HR/Np	10bNh
9	9	13		וּ/לְ/כָל	c/l/3605	HC/R/Ncmsc	1061z
9	9	14		בֵּית֔/וֹ	1004 b	HNcmsc/Sp3ms	10Qhh
9	9	15		נָתַ֖תִּי	5414	HVqp1cs	10VkB
9	9	16		לְ/בֶן	l/1121 a	HR/Ncmsc	10NxJ
9	9	17		אֲדֹנֶֽי/ךָ	113	HNcmpc/Sp2ms	10u2w
9	10	1		וְ/עָבַ֣דְתָּ	c/5647	HC/Vqq2ms	10s85
9	10	2		לּ֣/וֹ	l	HR/Sp3ms	1054v
9	10	3		אֶֽת	853	HTo	10xWQ
9	10	4		הָ/אֲדָמָ֡ה	d/127	HTd/Ncfsa	10ksV
9	10	5		אַתָּה֩	859 a	HPp2ms	10k9V
9	10	6		וּ/בָנֶ֨י/ךָ	c/1121 a	HC/Ncmpc/Sp2ms	10isA
9	10	7		וַ/עֲבָדֶ֜י/ךָ	c/5650	HC/Ncmpc/Sp2ms	106cS
9	10	8		וְ/הֵבֵ֗אתָ	c/935	HC/Vhq2ms	10KP7
9	10	9		וְ/הָיָ֨ה	c/1961	HC/Vqq3ms	10sYq
9	10	10		לְ/בֶן	l/1121 a	HR/Ncmsc	10dVu
9	10	11		אֲדֹנֶ֤י/ךָ	113	HNcmpc/Sp2ms	10erv
9	10	12		לֶּ֨חֶם֙	3899	HNcbsa	10BBL
9	10	13		וַ/אֲכָל֔/וֹ	c/398	HC/Vqq3ms/Sp3ms	10JW8
9	10	14		וּ/מְפִיבֹ֨שֶׁת֙	c/4648	HC/Np	10uiW
9	10	15		בֶּן	1121 a	HNcmsc	10dve
9	10	16		אֲדֹנֶ֔י/ךָ	113	HNcmpc/Sp2ms	10xj3
9	10	17		יֹאכַ֥ל	398	HVqi3ms	1042S
9	10	18		תָּמִ֛יד	8548	HNcmsa	10rNq
9	10	19		לֶ֖חֶם	3899	HNcbsa	10iqd
9	10	20		עַל	5921 a	HR	10QZU
9	10	21		שֻׁלְחָנִ֑/י	7979	HNcmsc/Sp1cs	10Fnj
9	10	22		וּ/לְ/צִיבָ֗א	c/l/6717	HC/R/Np	10F7f
9	10	23		חֲמִשָּׁ֥ה	2568	HAcmsa	10aPG
9	10	24		עָשָׂ֛ר	6240	HAcmsa	10k2V
9	10	25		בָּנִ֖ים	1121 a	HNcmpa	10fyM
9	10	26		וְ/עֶשְׂרִ֥ים	c/6242	HC/Acbpa	10LMG
9	10	27		עֲבָדִֽים	5650	HNcmpa	103Ju
9	11	1		וַ/יֹּ֤אמֶר	c/559	HC/Vqw3ms	103rQ
9	11	2		צִיבָא֙	6717	HNp	10DaL
9	11	3		אֶל	413	HR	10Y6J
9	11	4		הַ/מֶּ֔לֶךְ	d/4428	HTd/Ncmsa	10pyb
9	11	5		כְּ/כֹל֩	k/3605	HR/Ncmsa	10wLg
9	11	6		אֲשֶׁ֨ר	834 a	HTr	10cAP
9	11	7		יְצַוֶּ֜ה	6680	HVpi3ms	10cSt
9	11	8		אֲדֹנִ֤/י	113	HNcmsc/Sp1cs	10D4i
9	11	9		הַ/מֶּ֨לֶךְ֙	d/4428	HTd/Ncmsa	10qRk
9	11	10		אֶת	853	HTo	10n62
9	11	11		עַבְדּ֔/וֹ	5650	HNcmsc/Sp3ms	10jjF
9	11	12		כֵּ֖ן	3651 c	HTm	10ygr
9	11	13		יַעֲשֶׂ֣ה	6213 a	HVqi3ms	10qTN
9	11	14		עַבְדֶּ֑/ךָ	5650	HNcmsc/Sp2ms	10Wwg
9	11	15		וּ/מְפִיבֹ֗שֶׁת	c/4648	HC/Np	10eyj
9	11	16		אֹכֵל֙	398	HVqrmsa	10JBd
9	11	17		עַל	5921 a	HR	10CYn
9	11	18		שֻׁלְחָנִ֔/י	7979	HNcmsc/Sp1cs	10fze
9	11	19		כְּ/אַחַ֖ד	k/259	HR/Acmsc	10bKv
9	11	20		מִ/בְּנֵ֥י	m/1121 a	HR/Ncmpc	10MUZ
9	11	21		הַ/מֶּֽלֶךְ	d/4428	HTd/Ncmsa	10W4g
9	12	1		וְ/לִ/מְפִיבֹ֥שֶׁת	c/l/4648	HC/R/Np	10Dz4
9	12	2		בֵּן	1121 a	HNcmsa	107Fu
9	12	3		קָטָ֖ן	6996 a	HAamsa	106Dy
9	12	4		וּ/שְׁמ֣/וֹ	c/8034	HC/Ncmsc/Sp3ms	10Zik
9	12	5		מִיכָ֑א	4316	HNp	10G5G
9	12	6		וְ/כֹל֙	c/3605	HC/Ncmsc	107C8
9	12	7		מוֹשַׁ֣ב	4186	HNcmsc	10KjQ
9	12	8		בֵּית	1004 b	HNcmsc	10wVX
9	12	9		צִיבָ֔א	6717	HNp	10FD2
9	12	10		עֲבָדִ֖ים	5650	HNcmpa	10wMc
9	12	11		לִ/מְפִיבֹֽשֶׁת	l/4648	HR/Np	10srH
9	13	1		וּ/מְפִיבֹ֗שֶׁת	c/4648	HC/Np	10Fvm
9	13	2		יֹשֵׁב֙	3427	HVqrmsa	10wn4
9	13	3		בִּ/יר֣וּשָׁלִַ֔ם	b/3389	HR/Np	101w4
9	13	4		כִּ֣י	3588 a	HC	10cem
9	13	5		עַל	5921 a	HR	10ngH
9	13	6		שֻׁלְחַ֥ן	7979	HNcmsc	10vGA
9	13	7		הַ/מֶּ֛לֶךְ	d/4428	HTd/Ncmsa	10nx3
9	13	8		תָּמִ֖יד	8548	HNcmsa	10tVG
9	13	9		ה֣וּא	1931	HPp3ms	104Qa
9	13	10		אֹכֵ֑ל	398	HVqrmsa	10WJt
9	13	11		וְ/ה֥וּא	c/1931	HC/Pp3ms	10L5d
9	13	12		פִסֵּ֖חַ	6455	HAamsa	10ZeR
9	13	13		שְׁתֵּ֥י	8147	HAcfdc	10hgx
9	13	14		רַגְלָֽי/ו	7272	HNcfdc/Sp3ms	10og7
10	1	1		וַֽ/יְהִי֙	c/1961	HC/Vqw3ms	10egd
10	1	2		אַֽחֲרֵי	310 a	HR	10LrY
10	1	3		כֵ֔ן	3651 c	HD	10WQT
10	1	4		וַ/יָּ֕מָת	c/4191	HC/Vqw3ms	10m63
10	1	5		מֶ֖לֶךְ	4428	HNcmsc	10pfS
10	1	6		בְּנֵ֣י	1121 a	HNcmpc	103aE
10	1	7		עַמּ֑וֹן	5983	HNp	103rZ
10	1	8		וַ/יִּמְלֹ֛ךְ	c/4427 a	HC/Vqw3ms	10Utw
10	1	9		חָנ֥וּן	2586	HNp	10fdq
10	1	10		בְּנ֖/וֹ	1121 a	HNcmsc/Sp3ms	10sSt
10	1	11		תַּחְתָּֽי/ו	8478	HR/Sp3ms	10o26
10	2	1		וַ/יֹּ֨אמֶר	c/559	HC/Vqw3ms	10hex
10	2	2		דָּוִ֜ד	1732	HNp	10uGG
10	2	3		אֶעֱשֶׂה	6213 a	HVqi1cs	102V5
10	2	4		חֶ֣סֶד	2617 a	HNcmsa	10UQx
10	2	5		עִם	5973 a	HR	10rB8
10	2	6		חָנ֣וּן	2586	HNp	10SGD
10	2	7		בֶּן	1121 a	HNcmsc	10YJd
10	2	8		נָחָ֗שׁ	5176	HNp	10v6S
10	2	9		כַּ/אֲשֶׁר֩	k/834 d	HR/Tr	10v1o
10	2	10		עָשָׂ֨ה	6213 a	HVqp3ms	10JVz
10	2	11		אָבִ֤י/ו	1	HNcmsc/Sp3ms	10bm5
10	2	12		עִמָּדִ/י֙	5978	HR/Sp1cs	10WDC
10	2	13		חֶ֔סֶד	2617 a	HNcmsa	10ZQ7
10	2	14		וַ/יִּשְׁלַ֨ח	c/7971	HC/Vqw3ms	10Xbu
10	2	15		דָּוִ֧ד	1732	HNp	10JZB
10	2	16		לְ/נַחֲמ֛/וֹ	l/5162	HR/Vpc/Sp3ms	107QY
10	2	17		בְּ/יַד	b/3027	HR/Ncbsc	10o5y
10	2	18		עֲבָדָ֖י/ו	5650	HNcmpc/Sp3ms	10mvb
10	2	19		אֶל	413	HR	10W2N
10	2	20		אָבִ֑י/ו	1	HNcmsc/Sp3ms	1039a
10	2	21		וַ/יָּבֹ֨אוּ֙	c/935	HC/Vqw3mp	102VQ
10	2	22		עַבְדֵ֣י	5650	HNcmpc	10gJa
10	2	23		דָוִ֔ד	1732	HNp	10fqt
10	2	24		אֶ֖רֶץ	776	HNcbsc	10JGt
10	2	25		בְּנֵ֥י	1121 a	HNcmpc	10Us4
10	2	26		עַמּֽוֹן	5983	HNp	10Bwu
10	3	1		וַ/יֹּאמְרוּ֩	c/559	HC/Vqw3mp	102RT
10	3	2		שָׂרֵ֨י	8269	HNcmpc	10tgM
10	3	3		בְנֵֽי	1121 a	HNcmpc	10d4t
10	3	4		עַמּ֜וֹן	5983	HNp	10jU8
10	3	5		אֶל	413	HR	10raX
10	3	6		חָנ֣וּן	2586	HNp	10dm8
10	3	7		אֲדֹֽנֵי/הֶ֗ם	113	HNcmpc/Sp3mp	10L5p
10	3	8		הַֽ/מְכַבֵּ֨ד	d/3513	HTi/Vprmsa	10vru
10	3	9		דָּוִ֤ד	1732	HNp	10Kbe
10	3	10		אֶת	853	HTo	10tHL
10	3	11		אָבִ֨י/ךָ֙	1	HNcmsc/Sp2ms	10qZL
10	3	12		בְּ/עֵינֶ֔י/ךָ	b/5869 a	HR/Ncbdc/Sp2ms	10qwh
10	3	13		כִּֽי	3588 a	HC	10iMv
10	3	14		שָׁלַ֥ח	7971	HVqp3ms	10DuZ
10	3	15		לְ/ךָ֖	l	HR/Sp2ms	10fLk
10	3	16		מְנַֽחֲמִ֑ים	5162	HVprmpa	10ACT
10	3	17		הֲ֠/לוֹא	i/3808	HTi/Tn	104RB
10	3	18		בַּ/עֲב֞וּר	b/5668	HR/Ncmsc	10pid
10	3	19		חֲק֤וֹר	2713	HVqc	10uiv
10	3	20		אֶת	853	HTo	10HVX
10	3	21		הָ/עִיר֙	d/5892 b	HTd/Ncfsa	10Mk2
10	3	22		וּ/לְ/רַגְּלָ֣/הּ	c/l/7270	HC/R/Vpc/Sp3fs	10aoG
10	3	23		וּ/לְ/הָפְכָ֔/הּ	c/l/2015	HC/R/Vqc/Sp3fs	10c8D
10	3	24		שָׁלַ֥ח	7971	HVqp3ms	109se
10	3	25		דָּוִ֛ד	1732	HNp	10rn8
10	3	26		אֶת	853	HTo	10nqT
10	3	27		עֲבָדָ֖י/ו	5650	HNcmpc/Sp3ms	10wMG
10	3	28		אֵלֶֽי/ךָ	413	HR/Sp2ms	10MNS
10	4	1		וַ/יִּקַּ֨ח	c/3947	HC/Vqw3ms	10Y7c
10	4	2		חָנ֜וּן	2586	HNp	10ohk
10	4	3		אֶת	853	HTo	10ujT
10	4	4		עַבְדֵ֣י	5650	HNcmpc	10sac
10	4	5		דָוִ֗ד	1732	HNp	10URC
10	4	6		וַ/יְגַלַּח֙	c/1548	HC/Vpw3ms	10uyH
10	4	7		אֶת	853	HTo	109oK
10	4	8		חֲצִ֣י	2677	HNcmsc	10nuG
10	4	9		זְקָנָ֔/ם	2206	HNcbsc/Sp3mp	10Uae
10	4	10		וַ/יִּכְרֹ֧ת	c/3772	HC/Vqw3ms	105P4
10	4	11		אֶת	853	HTo	10pNa
10	4	12		מַדְוֵי/הֶ֛ם	4063	HNcmpc/Sp3mp	10xdk
10	4	13		בַּ/חֵ֖צִי	b/2677	HRd/Ncmsa	10aQh
10	4	14		עַ֣ד	5704	HR	106HC
10	4	15		שְׁתֽוֹתֵי/הֶ֑ם	8357	HNcmpc/Sp3mp	10Pz9
10	4	16		וַֽ/יְשַׁלְּחֵֽ/ם	c/7971	HC/Vpw3ms/Sp3mp	10Hq3
10	5	1		וַ/יַּגִּ֤דוּ	c/5046	HC/Vhw3mp	10Rne
10	5	2		לְ/דָוִד֙	l/1732	HR/Np	10AFm
10	5	3		וַ/יִּשְׁלַ֣ח	c/7971	HC/Vqw3ms	10CqQ
10	5	4		לִ/קְרָאתָ֔/ם	l/7125	HR/Vqc/Sp3mp	104pF
10	5	5		כִּֽי	3588 a	HC	10uJp
10	5	6		הָי֥וּ	1961	HVqp3cp	10TaS
10	5	7		הָ/אֲנָשִׁ֖ים	d/376	HTd/Ncmpa	10LLF
10	5	8		נִכְלָמִ֣ים	3637	HVNrmpa	10bDy
10	5	9		מְאֹ֑ד	3966	HD	10iov
10	5	10		וַ/יֹּ֤אמֶר	c/559	HC/Vqw3ms	10sPA
10	5	11		הַ/מֶּ֨לֶךְ֙	d/4428	HTd/Ncmsa	10CJX
10	5	12		שְׁב֣וּ	3427	HVqv2mp	10ANN
10	5	13		בִֽ/ירֵח֔וֹ	b/3405	HR/Np	1095S
10	5	14		עַד	5704	HR	108xm
10	5	15		יְצַמַּ֥ח	6779	HVpi3ms	10gX2
10	5	16		זְקַנְ/כֶ֖ם	2206	HNcbsc/Sp2mp	10r7E
10	5	17		וְ/שַׁבְתֶּֽם	c/7725	HC/Vqq2mp	10bzy
10	6	1		וַ/יִּרְאוּ֙	c/7200	HC/Vqw3mp	10Zd9
10	6	2		בְּנֵ֣י	1121 a	HNcmpc	108Dv
10	6	3		עַמּ֔וֹן	5983	HNp	10NTZ
10	6	4		כִּ֥י	3588 a	HC	10775
10	6	5		נִבְאֲשׁ֖וּ	887	HVNp3cp	10Fmt
10	6	6		בְּ/דָוִ֑ד	b/1732	HR/Np	10eCW
10	6	7		וַ/יִּשְׁלְח֣וּ	c/7971	HC/Vqw3mp	102pa
10	6	8		בְנֵֽי	1121 a	HNcmpc	10kxp
10	6	9		עַמּ֡וֹן	5983	HNp	10vnr
10	6	10		וַ/יִּשְׂכְּרוּ֩	c/7936 b	HC/Vqw3mp	10SfR
10	6	11		אֶת	853	HTo	10PA5
10	6	12		אֲרַ֨ם	758	HNp	106gb
10	6	13		בֵּית	1050+	HNp	10or6
10	6	14		רְח֜וֹב	1050	HNp	10Zed
10	6	15		וְ/אֶת	c/853	HC/To	10u6X
10	6	16		אֲרַ֣ם	758	HNp	10nm9
10	6	17		צוֹבָ֗א	6678	HNp	103PJ
10	6	18		עֶשְׂרִ֥ים	6242	HAcbpa	105ZM
10	6	19		אֶ֨לֶף֙	505	HAcbsa	10fYy
10	6	20		רַגְלִ֔י	7273	HAamsa	10UBS
10	6	21		וְ/אֶת	c/853	HC/To	101iG
10	6	22		מֶ֤לֶךְ	4428	HNcmsc	10ZqA
10	6	23		מַֽעֲכָה֙	4601	HNp	10dKb
10	6	24		אֶ֣לֶף	505	HAcbsa	10qiR
10	6	25		אִ֔ישׁ	376	HNcmsa	10amo
10	6	26		וְ/אִ֣ישׁ	c/376	HC/Ncmsc	104Xh
10	6	27		ט֔וֹב	2897	HNp	105e5
10	6	28		שְׁנֵים	8147	HAcmda	10p9R
10	6	29		עָשָׂ֥ר	6240	HAcmsa	10dTq
10	6	30		אֶ֖לֶף	505	HAcbsa	10wep
10	6	31		אִֽישׁ	376	HNcmsa	10Uo7
10	7	1		וַ/יִּשְׁמַ֖ע	c/8085	HC/Vqw3ms	10Y7e
10	7	2		דָּוִ֑ד	1732	HNp	10Hgx
10	7	3		וַ/יִּשְׁלַח֙	c/7971	HC/Vqw3ms	10G3x
10	7	4		אֶת	853	HTo	10s67
10	7	5		יוֹאָ֔ב	3097	HNp	10YC8
10	7	6		וְ/אֵ֥ת	c/853	HC/To	10krY
10	7	7		כָּל	3605	HNcmsc	10Cym
10	7	8		הַ/צָּבָ֖א	d/6635 a	HTd/Ncbsa	10jbf
10	7	9		הַ/גִּבֹּרִֽים	d/1368	HTd/Aampa	10VGV
10	8	1		וַ/יֵּֽצְאוּ֙	c/3318	HC/Vqw3mp	10PMB
10	8	2		בְּנֵ֣י	1121 a	HNcmpc	10NJt
10	8	3		עַמּ֔וֹן	5983	HNp	10vsz
10	8	4		וַ/יַּעַרְכ֥וּ	c/6186 a	HC/Vqw3mp	10mgi
10	8	5		מִלְחָמָ֖ה	4421	HNcfsa	10nDb
10	8	6		פֶּ֣תַח	6607	HNcmsc	10gDS
10	8	7		הַ/שָּׁ֑עַר	d/8179	HTd/Ncmsa	10Efv
10	8	8		וַ/אֲרַ֨ם	c/758	HC/Np	10DVj
10	8	9		צוֹבָ֤א	6678	HNp	10YCE
10	8	10		וּ/רְחוֹב֙	c/7340	HC/Np	10JsT
10	8	11		וְ/אִֽישׁ	c/376	HC/Ncmsc	104Jj
10	8	12		ט֣וֹב	2897	HNp	10FjR
10	8	13		וּ/מַֽעֲכָ֔ה	c/4601	HC/Np	10h6T
10	8	14		לְ/בַדָּ֖/ם	l/905	HR/Ncmsc/Sp3mp	10wu9
10	8	15		בַּ/שָּׂדֶֽה	b/7704 b	HRd/Ncmsa	104Gx
10	9	1		וַ/יַּ֣רְא	c/7200	HC/Vqw3ms	10Bj7
10	9	2		יוֹאָ֗ב	3097	HNp	10sAN
10	9	3		כִּֽי	3588 a	HC	10MhW
10	9	4		הָיְתָ֤ה	1961	HVqp3fs	10b4t
10	9	5		אֵלָי/ו֙	413	HR/Sp3ms	10KbS
10	9	6		פְּנֵ֣י	6440	HNcbpc	10ymY
10	9	7		הַ/מִּלְחָמָ֔ה	d/4421	HTd/Ncfsa	101iQ
10	9	8		מִ/פָּנִ֖ים	m/6440	HR/Ncbpa	10zDJ
10	9	9		וּ/מֵֽ/אָח֑וֹר	c/m/268	HC/R/Ncmsa	10bUs
10	9	10		וַ/יִּבְחַ֗ר	c/977	HC/Vqw3ms	10dcV
10	9	11		מִ/כֹּל֙	m/3605	HR/Ncmsc	10gAL
10	9	12		בְּחוּרֵ֣י	977	HVqsmpc	10VXy
10	9	13	x-ketiv	ב/ישראל	b/3478	HR/Np	10GXL
10	9	14		יִשְׂרָאֵ֔ל	3478	HNp	10KEX
10	9	15		וַֽ/יַּעֲרֹ֖ךְ	c/6186 a	HC/Vqw3ms	10Try
10	9	16		לִ/קְרַ֥את	l/7125	HR/Vqc	10d7i
10	9	17		אֲרָֽם	758	HNp	10512
10	10	1		וְ/אֵת֙	c/853	HC/To	10MzY
10	10	2		יֶ֣תֶר	3499 a	HNcmsc	10kXM
10	10	3		הָ/עָ֔ם	d/5971 a	HTd/Ncmsa	10Hj8
10	10	4		נָתַ֕ן	5414	HVqp3ms	10zFY
10	10	5		בְּ/יַ֖ד	b/3027	HR/Ncbsc	10Rhm
10	10	6		אַבְשַׁ֣י	52	HNp	10hnf
10	10	7		אָחִ֑י/ו	251	HNcmsc/Sp3ms	10eM1
10	10	8		וַֽ/יַּעֲרֹ֕ךְ	c/6186 a	HC/Vqw3ms	10hk3
10	10	9		לִ/קְרַ֖את	l/7125	HR/Vqc	10W1U
10	10	10		בְּנֵ֥י	1121 a	HNcmpc	108Um
10	10	11		עַמּֽוֹן	5983	HNp	10G4t
10	11	1		וַ/יֹּ֗אמֶר	c/559	HC/Vqw3ms	10VzB
10	11	2		אִם	518 a	HC	101ou
10	11	3		תֶּחֱזַ֤ק	2388	HVqi3fs	10bjQ
10	11	4		אֲרָם֙	758	HNp	10A2U
10	11	5		מִמֶּ֔/נִּי	4480 a	HR/Sp1cs	10ZM7
10	11	6		וְ/הָיִ֥תָה	c/1961	HC/Vqq3fs	10jY6
10	11	7		לִּ֖/י	l	HR/Sp1cs	10XbX
10	11	8		לִֽ/ישׁוּעָ֑ה	l/3467	HR/Ncfsa	10jxp
10	11	9		וְ/אִם	c/518 a	HC/C	10ox4
10	11	10		בְּנֵ֤י	1121 a	HNcmpc	10gSB
10	11	11		עַמּוֹן֙	5983	HNp	10mv8
10	11	12		יֶחֱזְק֣וּ	2388	HVqi3mp	10xW5
10	11	13		מִמְּ/ךָ֔	4480 a	HR/Sp2ms	10X8c
10	11	14		וְ/הָלַכְתִּ֖י	c/1980	HC/Vqq1cs	10Kyc
10	11	15		לְ/הוֹשִׁ֥יעַֽ	l/3467	HR/Vhc	10MpC
10	11	16		לָֽ/ךְ	l	HR/Sp2fs	10s71
10	12	1		חֲזַ֤ק	2388	HVqv2ms	1078H
10	12	2		וְ/נִתְחַזַּק֙	c/2388	HC/Vth1cp	10BwW
10	12	3		בְּעַד	1157	HR	10xmm
10	12	4		עַמֵּ֔/נוּ	5971 a	HNcmsc/Sp1cp	10QWv
10	12	5		וּ/בְעַ֖ד	c/1157	HC/R	10onS
10	12	6		עָרֵ֣י	5892 b	HNcfpc	103CX
10	12	7		אֱלֹהֵ֑י/נוּ	430	HNcmpc/Sp1cp	10kSN
10	12	8		וַֽ/יהוָ֔ה	c/3068	HC/Np	10M79
10	12	9		יַעֲשֶׂ֥ה	6213 a	HVqi3ms	109PJ
10	12	10		הַ/טּ֖וֹב	d/2896 a	HTd/Aamsa	10psZ
10	12	11		בְּ/עֵינָֽי/ו	b/5869 a	HR/Ncbdc/Sp3ms	10jXT
10	13	1		וַ/יִּגַּ֣שׁ	c/5066	HC/Vqw3ms	103i9
10	13	2		יוֹאָ֗ב	3097	HNp	1086G
10	13	3		וְ/הָ/עָם֙	c/d/5971 a	HC/Td/Ncmsa	109x4
10	13	4		אֲשֶׁ֣ר	834 a	HTr	10FES
10	13	5		עִמּ֔/וֹ	5973 a	HR/Sp3ms	10f4y
10	13	6		לַ/מִּלְחָמָ֖ה	l/4421	HRd/Ncfsa	10H8b
10	13	7		בַּֽ/אֲרָ֑ם	b/758	HR/Np	10C81
10	13	8		וַ/יָּנֻ֖סוּ	c/5127	HC/Vqw3mp	10G5J
10	13	9		מִ/פָּנָֽי/ו	m/6440	HR/Ncbpc/Sp3ms	106Fc
10	14	1		וּ/בְנֵ֨י	c/1121 a	HC/Ncmpc	10x3P
10	14	2		עַמּ֤וֹן	5983	HNp	101wp
10	14	3		רָאוּ֙	7200	HVqp3cp	10aq2
10	14	4		כִּי	3588 a	HC	10U9g
10	14	5		נָ֣ס	5127	HVqp3ms	10D2c
10	14	6		אֲרָ֔ם	758	HNp	10EMa
10	14	7		וַ/יָּנֻ֨סוּ֙	c/5127	HC/Vqw3mp	10ef3
10	14	8		מִ/פְּנֵ֣י	m/6440	HR/Ncbpc	10saN
10	14	9		אֲבִישַׁ֔י	52	HNp	10U8A
10	14	10		וַ/יָּבֹ֖אוּ	c/935	HC/Vqw3mp	10Pdw
10	14	11		הָ/עִ֑יר	d/5892 b	HTd/Ncfsa	10c8h
10	14	12		וַ/יָּ֣שָׁב	c/7725	HC/Vqw3ms	10vjE
10	14	13		יוֹאָ֗ב	3097	HNp	10JgM
10	14	14		מֵ/עַל֙	m/5921 a	HR/R	10Tmi
10	14	15		בְּנֵ֣י	1121 a	HNcmpc	10eRQ
10	14	16		עַמּ֔וֹן	5983	HNp	10Ky8
10	14	17		וַ/יָּבֹ֖א	c/935	HC/Vqw3ms	10Xnm
10	14	18		יְרוּשָׁלִָֽם	3389	HNp	10V6c
10	15	1		וַ/יַּ֣רְא	c/7200	HC/Vqw3ms	1083z
10	15	2		אֲרָ֔ם	758	HNp	10gBP
10	15	3		כִּ֥י	3588 a	HC	10PP6
10	15	4		נִגַּ֖ף	5062	HVNp3ms	10rfQ
10	15	5		לִ/פְנֵ֣י	l/6440	HR/Ncbpc	101kz
10	15	6		יִשְׂרָאֵ֑ל	3478	HNp	10qBP
10	15	7		וַ/יֵּאָסְפ֖וּ	c/622	HC/VNw3mp	102rB
10	15	8		יָֽחַד	3162 a	HNcmsa	10Hxg
10	16	1		וַ/יִּשְׁלַ֣ח	c/7971	HC/Vqw3ms	109fZ
10	16	2		הֲדַדְעֶ֗זֶר	1909	HNp	10SCH
10	16	3		וַ/יֹּצֵ֤א	c/3318	HC/Vhw3ms	10anU
10	16	4		אֶת	853	HTo	10DJC
10	16	5		אֲרָם֙	758	HNp	10u5x
10	16	6		אֲשֶׁר֙	834 a	HTr	10YgF
10	16	7		מֵ/עֵ֣בֶר	m/5676	HR/Ncmsc	10p1g
10	16	8		הַ/נָּהָ֔ר	d/5104	HTd/Ncmsa	10g1i
10	16	9		וַ/יָּבֹ֖אוּ	c/935	HC/Vqw3mp	10Wdi
10	16	10		חֵילָ֑ם	2431	HNp	10YMa
10	16	11		וְ/שׁוֹבַ֛ךְ	c/7731	HC/Np	10xEe
10	16	12		שַׂר	8269	HNcmsc	10z48
10	16	13		צְבָ֥א	6635 a	HNcbsc	10fDm
10	16	14		הֲדַדְעֶ֖זֶר	1909	HNp	10FEx
10	16	15		לִ/פְנֵי/הֶֽם	l/6440	HR/Ncbpc/Sp3mp	10aSS
10	17	1		וַ/יֻּגַּ֣ד	c/5046	HC/VHw3ms	10iAj
10	17	2		לְ/דָוִ֗ד	l/1732	HR/Np	10aWd
10	17	3		וַ/יֶּאֱסֹ֤ף	c/622	HC/Vqw3ms	10Vuh
10	17	4		אֶת	853	HTo	104nG
10	17	5		כָּל	3605	HNcmsc	10D7R
10	17	6		יִשְׂרָאֵל֙	3478	HNp	10fw9
10	17	7		וַ/יַּעֲבֹ֣ר	c/5674 a	HC/Vqw3ms	10znQ
10	17	8		אֶת	853	HTo	10ZdC
10	17	9		הַ/יַּרְדֵּ֔ן	d/3383	HTd/Np	102MP
10	17	10		וַ/יָּבֹ֖א	c/935	HC/Vqw3ms	10Exz
10	17	11		חֵלָ֑אמָ/ה	2431	HNp/Sd	103Cy
10	17	12		וַ/יַּעַרְכ֤וּ	c/6186 a	HC/Vqw3mp	10EDb
10	17	13		אֲרָם֙	758	HNp	10xv7
10	17	14		לִ/קְרַ֣את	l/7125	HR/Vqc	10r5Y
10	17	15		דָּוִ֔ד	1732	HNp	10nEK
10	17	16		וַ/יִּלָּחֲמ֖וּ	c/3898 a	HC/VNw3mp	10B86
10	17	17		עִמּֽ/וֹ	5973 a	HR/Sp3ms	10CK1
10	18	1		וַ/יָּ֣נָס	c/5127	HC/Vqw3ms	10jAF
10	18	2		אֲרָם֮	758	HNp	10Gr7
10	18	3		מִ/פְּנֵ֣י	m/6440	HR/Ncbpc	10sWN
10	18	4		יִשְׂרָאֵל֒	3478	HNp	10DbU
10	18	5		וַ/יַּהֲרֹ֨ג	c/2026	HC/Vqw3ms	10eDs
10	18	6		דָּוִ֜ד	1732	HNp	10M1k
10	18	7		מֵ/אֲרָ֗ם	m/758	HR/Np	10nt9
10	18	8		שְׁבַ֤ע	7651	HAcfsa	10uo8
10	18	9		מֵאוֹת֙	3967	HAcbpa	10wi3
10	18	10		רֶ֔כֶב	7393	HNcmsa	10mK4
10	18	11		וְ/אַרְבָּעִ֥ים	c/705	HC/Acbpa	10dSA
10	18	12		אֶ֖לֶף	505	HAcbsa	10P8j
10	18	13		פָּרָשִׁ֑ים	6571 b	HNcmpa	10b9e
10	18	14		וְ/אֵ֨ת	c/853	HC/To	107pd
10	18	15		שׁוֹבַ֧ךְ	7731	HNp	10B4V
10	18	16		שַׂר	8269	HNcmsc	10ikF
10	18	17		צְבָא֛/וֹ	6635 a	HNcbsc/Sp3ms	1066C
10	18	18		הִכָּ֖ה	5221	HVhp3ms	104bg
10	18	19		וַ/יָּ֥מָת	c/4191	HC/Vqw3ms	10Kgg
10	18	20		שָֽׁם	8033	HD	10M2B
10	19	1		וַ/יִּרְא֨וּ	c/7200	HC/Vqw3mp	10NU6
10	19	2		כָֽל	3605	HNcmsc	10ukR
10	19	3		הַ/מְּלָכִ֜ים	d/4428	HTd/Ncmpa	10ojb
10	19	4		עַבְדֵ֣י	5650	HNcmpc	10Ft6
10	19	5		הֲדַדְעֶ֗זֶר	1909	HNp	10fja
10	19	6		כִּ֤י	3588 a	HC	10phB
10	19	7		נִגְּפוּ֙	5062	HVNp3cp	10Fww
10	19	8		לִ/פְנֵ֣י	l/6440	HR/Ncbpc	10wY4
10	19	9		יִשְׂרָאֵ֔ל	3478	HNp	1091B
10	19	10		וַ/יַּשְׁלִ֥מוּ	c/7999 a	HC/Vhw3mp	10qim
10	19	11		אֶת	854	HR	10bDb
10	19	12		יִשְׂרָאֵ֖ל	3478	HNp	10bJB
10	19	13		וַ/יַּֽעַבְד֑וּ/ם	c/5647	HC/Vqw3mp/Sp3mp	10LbJ
10	19	14		וַ/יִּֽרְא֣וּ	c/3372	HC/Vqw3mp	10pwG
10	19	15		אֲרָ֔ם	758	HNp	10pBV
10	19	16		לְ/הוֹשִׁ֥יעַ	l/3467	HR/Vhc	10mui
10	19	17		ע֖וֹד	5750	HD	1011H
10	19	18		אֶת	853	HTo	10Yer
10	19	19		בְּנֵ֥י	1121 a	HNcmpc	10Ua5
10	19	20		עַמּֽוֹן	5983	HNp	10drz
11	1	1		וַ/יְהִי֩	c/1961	HC/Vqw3ms	10mWC
11	1	2		לִ/תְשׁוּבַ֨ת	l/8666	HR/Ncfsc	10euh
11	1	3		הַ/שָּׁנָ֜ה	d/8141	HTd/Ncfsa	10iWd
11	1	4		לְ/עֵ֣ת	l/6256	HR/Ncbsc	10tJY
11	1	5		צֵ֣את	3318	HVqc	10wX7
11	1	6		הַ/מַּלְאֿכִ֗ים	d/4428	HTd/Ncmpa	10264
11	1	7		וַ/יִּשְׁלַ֣ח	c/7971	HC/Vqw3ms	10nWK
11	1	8		דָּוִ֡ד	1732	HNp	10FhW
11	1	9		אֶת	853	HTo	10xwC
11	1	10		יוֹאָב֩	3097	HNp	10Gfv
11	1	11		וְ/אֶת	c/853	HC/To	10pu7
11	1	12		עֲבָדָ֨י/ו	5650	HNcmpc/Sp3ms	10NZd
11	1	13		עִמּ֜/וֹ	5973 a	HR/Sp3ms	10SP9
11	1	14		וְ/אֶת	c/853	HC/To	108M7
11	1	15		כָּל	3605	HNcmsc	10dJj
11	1	16		יִשְׂרָאֵ֗ל	3478	HNp	10edC
11	1	17		וַ/יַּשְׁחִ֨תוּ֙	c/7843	HC/Vhw3mp	10mRn
11	1	18		אֶת	853	HTo	10axV
11	1	19		בְּנֵ֣י	1121 a	HNcmpc	10o7u
11	1	20		עַמּ֔וֹן	5983	HNp	10ihd
11	1	21		וַ/יָּצֻ֖רוּ	c/6696 a	HC/Vqw3mp	10vRG
11	1	22		עַל	5921 a	HR	10fGs
11	1	23		רַבָּ֑ה	7237	HNp	105QH
11	1	24		וְ/דָוִ֖ד	c/1732	HC/Np	10R1Q
11	1	25		יוֹשֵׁ֥ב	3427	HVqrmsa	10ckh
11	1	26		בִּ/ירוּשָׁלִָֽם	b/3389	HR/Np	10z9U
11	2	1		וַ/יְהִ֣י	c/1961	HC/Vqw3ms	10ySc
11	2	2		לְ/עֵ֣ת	l/6256	HR/Ncbsc	10hPW
11	2	3		הָ/עֶ֗רֶב	d/6153	HTd/Ncmsa	10CfY
11	2	4		וַ/יָּ֨קָם	c/6965 b	HC/Vqw3ms	10b31
11	2	5		דָּוִ֜ד	1732	HNp	10PmK
11	2	6		מֵ/עַ֤ל	m/5921 a	HR/R	10DVx
11	2	7		מִשְׁכָּב/וֹ֙	4904	HNcmsc/Sp3ms	10XEf
11	2	8		וַ/יִּתְהַלֵּךְ֙	c/1980	HC/Vtw3ms	1056w
11	2	9		עַל	5921 a	HR	10h2d
11	2	10		גַּ֣ג	1406	HNcmsc	10GLn
11	2	11		בֵּית	1004 b	HNcmsc	102mU
11	2	12		הַ/מֶּ֔לֶךְ	d/4428	HTd/Ncmsa	10gjo
11	2	13		וַ/יַּ֥רְא	c/7200	HC/Vqw3ms	10jvq
11	2	14		אִשָּׁ֛ה	802	HNcfsa	10kmi
11	2	15		רֹחֶ֖צֶת	7364	HVqrfsa	10uRv
11	2	16		מֵ/עַ֣ל	m/5921 a	HR/R	10YCW
11	2	17		הַ/גָּ֑ג	d/1406	HTd/Ncmsa	10uJ1
11	2	18		וְ/הָ֣/אִשָּׁ֔ה	c/d/802	HC/Td/Ncfsa	1071E
11	2	19		טוֹבַ֥ת	2896 a	HAafsc	10kBH
11	2	20		מַרְאֶ֖ה	4758	HNcmsa	10tFR
11	2	21		מְאֹֽד	3966	HD	10oGq
11	3	1		וַ/יִּשְׁלַ֣ח	c/7971	HC/Vqw3ms	10REV
11	3	2		דָּוִ֔ד	1732	HNp	10XBk
11	3	3		וַ/יִּדְרֹ֖שׁ	c/1875	HC/Vqw3ms	10WEz
11	3	4		לָֽ/אִשָּׁ֑ה	l/802	HRd/Ncfsa	10b9h
11	3	5		וַ/יֹּ֗אמֶר	c/559	HC/Vqw3ms	10jKo
11	3	6		הֲ/לוֹא	i/3808	HTi/Tn	105EL
11	3	7		זֹאת֙	2063	HPdxfs	10CTs
11	3	8		בַּת	1339+	HNp	10Cz7
11	3	9		שֶׁ֣בַע	1339	HAcfsa	104NJ
11	3	10		בַּת	1323	HNcfsc	10nWS
11	3	11		אֱלִיעָ֔ם	463	HNp	10CJ3
11	3	12		אֵ֖שֶׁת	802	HNcfsc	10Ymk
11	3	13		אוּרִיָּ֥ה	223 a	HNp	10fAS
11	3	14		הַ/חִתִּֽי	d/2850	HTd/Ngmsa	10x3S
11	4	1		וַ/יִּשְׁלַח֩	c/7971	HC/Vqw3ms	104tb
11	4	2		דָּוִ֨ד	1732	HNp	10a6P
11	4	3		מַלְאָכִ֜ים	4397	HNcmpa	10nWj
11	4	4		וַ/יִּקָּחֶ֗/הָ	c/3947	HC/Vqw3ms/Sp3fs	10eKZ
11	4	5		וַ/תָּב֤וֹא	c/935	HC/Vqw3fs	10tM8
11	4	6		אֵלָי/ו֙	413	HR/Sp3ms	10CrC
11	4	7		וַ/יִּשְׁכַּ֣ב	c/7901	HC/Vqw3ms	10q3W
11	4	8		עִמָּ֔/הּ	5973 a	HR/Sp3fs	10yMr
11	4	9		וְ/הִ֥יא	c/1931	HC/Pp3fs	108Ci
11	4	10		מִתְקַדֶּ֖שֶׁת	6942	HVtrfsa	10jsc
11	4	11		מִ/טֻּמְאָתָ֑/הּ	m/2932	HR/Ncfsc/Sp3fs	10kGg
11	4	12		וַ/תָּ֖שָׁב	c/7725	HC/Vqw3fs	10miQ
11	4	13		אֶל	413	HR	10Q6Z
11	4	14		בֵּיתָֽ/הּ	1004 b	HNcmsc/Sp3fs	10auq
11	5	1		וַ/תַּ֖הַר	c/2029	HC/Vqw3fs	10Nmy
11	5	2		הָֽ/אִשָּׁ֑ה	d/802	HTd/Ncfsa	10HXq
11	5	3		וַ/תִּשְׁלַח֙	c/7971	HC/Vqw3fs	10Prq
11	5	4		וַ/תַּגֵּ֣ד	c/5046	HC/Vhw3fs	10GoM
11	5	5		לְ/דָוִ֔ד	l/1732	HR/Np	10Qit
11	5	6		וַ/תֹּ֖אמֶר	c/559	HC/Vqw3fs	10EWH
11	5	7		הָרָ֥ה	2030 a	HAafsa	10v1C
11	5	8		אָנֹֽכִי	595	HPp1cs	10tNG
11	6	1		וַ/יִּשְׁלַ֤ח	c/7971	HC/Vqw3ms	10Hag
11	6	2		דָּוִד֙	1732	HNp	10n52
11	6	3		אֶל	413	HR	10eDt
11	6	4		יוֹאָ֔ב	3097	HNp	108jm
11	6	5		שְׁלַ֣ח	7971	HVqv2ms	10o98
11	6	6		אֵלַ֔/י	413	HR/Sp1cs	105ax
11	6	7		אֶת	853	HTo	10ce1
11	6	8		אֽוּרִיָּ֖ה	223 a	HNp	10iyi
11	6	9		הַ/חִתִּ֑י	d/2850	HTd/Ngmsa	109mB
11	6	10		וַ/יִּשְׁלַ֥ח	c/7971	HC/Vqw3ms	101yE
11	6	11		יוֹאָ֛ב	3097	HNp	10kZi
11	6	12		אֶת	853	HTo	10XWn
11	6	13		אֽוּרִיָּ֖ה	223 a	HNp	10N3v
11	6	14		אֶל	413	HR	10WjB
11	6	15		דָּוִֽד	1732	HNp	10z8A
11	7	1		וַ/יָּבֹ֥א	c/935	HC/Vqw3ms	10CqV
11	7	2		אוּרִיָּ֖ה	223 a	HNp	10gaD
11	7	3		אֵלָ֑י/ו	413	HR/Sp3ms	10iXd
11	7	4		וַ/יִּשְׁאַ֣ל	c/7592	HC/Vqw3ms	10MD3
11	7	5		דָּוִ֗ד	1732	HNp	10HgW
11	7	6		לִ/שְׁל֤וֹם	l/7965	HR/Ncmsc	10ns5
11	7	7		יוֹאָב֙	3097	HNp	10jBp
11	7	8		וְ/לִ/שְׁל֣וֹם	c/l/7965	HC/R/Ncmsc	10YWJ
11	7	9		הָ/עָ֔ם	d/5971 a	HTd/Ncmsa	10SNT
11	7	10		וְ/לִ/שְׁל֖וֹם	c/l/7965	HC/R/Ncmsc	103ye
11	7	11		הַ/מִּלְחָמָֽה	d/4421	HTd/Ncfsa	10sN7
11	8	1		וַ/יֹּ֤אמֶר	c/559	HC/Vqw3ms	10X85
11	8	2		דָּוִד֙	1732	HNp	10oVd
11	8	3		לְ/א֣וּרִיָּ֔ה	l/223 a	HR/Np	10Qiq
11	8	4		רֵ֥ד	3381	HVqv2ms	10hE4
11	8	5		לְ/בֵיתְ/ךָ֖	l/1004 b	HR/Ncmsc/Sp2ms	10pej
11	8	6		וּ/רְחַ֣ץ	c/7364	HC/Vqv2ms	10Y5A
11	8	7		רַגְלֶ֑י/ךָ	7272	HNcfdc/Sp2ms	10ti3
11	8	8		וַ/יֵּצֵ֤א	c/3318	HC/Vqw3ms	10XtY
11	8	9		אֽוּרִיָּה֙	223 a	HNp	10kBb
11	8	10		מִ/בֵּ֣ית	m/1004 b	HR/Ncmsc	10CAc
11	8	11		הַ/מֶּ֔לֶךְ	d/4428	HTd/Ncmsa	10dWV
11	8	12		וַ/תֵּצֵ֥א	c/3318	HC/Vqw3fs	10atD
11	8	13		אַחֲרָ֖י/ו	310 a	HR/Sp3ms	10Uit
11	8	14		מַשְׂאַ֥ת	4864	HNcfsc	10mrd
11	8	15		הַ/מֶּֽלֶךְ	d/4428	HTd/Ncmsa	108NY
11	9	1		וַ/יִּשְׁכַּ֣ב	c/7901	HC/Vqw3ms	10BdS
11	9	2		אוּרִיָּ֗ה	223 a	HNp	107d1
11	9	3		פֶּ֚תַח	6607	HNcmsc	10iGP
11	9	4		בֵּ֣ית	1004 b	HNcmsc	10LXv
11	9	5		הַ/מֶּ֔לֶךְ	d/4428	HTd/Ncmsa	10YrG
11	9	6		אֵ֖ת	854	HR	10SBB
11	9	7		כָּל	3605	HNcmsc	10EcU
11	9	8		עַבְדֵ֣י	5650	HNcmpc	10Yth
11	9	9		אֲדֹנָ֑י/ו	113	HNcmpc/Sp3ms	10fZb
11	9	10		וְ/לֹ֥א	c/3808	HC/Tn	10G6t
11	9	11		יָרַ֖ד	3381	HVqp3ms	104zB
11	9	12		אֶל	413	HR	10DaG
11	9	13		בֵּיתֽ/וֹ	1004 b	HNcmsc/Sp3ms	10USD
11	10	1		וַ/יַּגִּ֤דוּ	c/5046	HC/Vhw3mp	102W4
11	10	2		לְ/דָוִד֙	l/1732	HR/Np	10Uzr
11	10	3		לֵ/אמֹ֔ר	l/559	HR/Vqc	105bQ
11	10	4		לֹֽא	3808	HTn	10whG
11	10	5		יָרַ֥ד	3381	HVqp3ms	10Ztm
11	10	6		אוּרִיָּ֖ה	223 a	HNp	10gob
11	10	7		אֶל	413	HR	10QLb
11	10	8		בֵּית֑/וֹ	1004 b	HNcmsc/Sp3ms	10CzH
11	10	9		וַ/יֹּ֨אמֶר	c/559	HC/Vqw3ms	10SRf
11	10	10		דָּוִ֜ד	1732	HNp	10aUL
11	10	11		אֶל	413	HR	10ABu
11	10	12		אוּרִיָּ֗ה	223 a	HNp	10Qno
11	10	13		הֲ/ל֤וֹא	i/3808	HTi/Tn	10faU
11	10	14		מִ/דֶּ֨רֶךְ֙	m/1870	HR/Ncbsa	10xJG
11	10	15		אַתָּ֣ה	859 a	HPp2ms	10mUS
11	10	16		בָ֔א	935	HVqrmsa	10rbb
11	10	17		מַדּ֖וּעַ	4069	HTi	107s1
11	10	18		לֹֽא	3808	HTn	10g7p
11	10	19		יָרַ֥דְתָּ	3381	HVqp2ms	10SNp
11	10	20		אֶל	413	HR	10Fjh
11	10	21		בֵּיתֶֽ/ךָ	1004 b	HNcmsc/Sp2ms	10aH9
11	11	1		וַ/יֹּ֨אמֶר	c/559	HC/Vqw3ms	10kv5
11	11	2		אוּרִיָּ֜ה	223 a	HNp	10RUm
11	11	3		אֶל	413	HR	10NJw
11	11	4		דָּוִ֗ד	1732	HNp	10pgX
11	11	5		הָ֠/אָרוֹן	d/727	HTd/Ncbsa	10pvp
11	11	6		וְ/יִשְׂרָאֵ֨ל	c/3478	HC/Np	10g9e
11	11	7		וִֽ/יהוּדָ֜ה	c/3063	HC/Np	10qtY
11	11	8		יֹשְׁבִ֣ים	3427	HVqrmpa	10mno
11	11	9		בַּ/סֻּכּ֗וֹת	b/5521	HRd/Ncfpa	105Ne
11	11	10		וַ/אדֹנִ֨/י	c/113	HC/Ncmsc/Sp1cs	10kfA
11	11	11		יוֹאָ֜ב	3097	HNp	10o9X
11	11	12		וְ/עַבְדֵ֤י	c/5650	HC/Ncmpc	10qEq
11	11	13		אֲדֹנִ֨/י	113	HNcmsc/Sp1cs	10FMs
11	11	14		עַל	5921 a	HR	10uss
11	11	15		פְּנֵ֤י	6440	HNcbpc	10LSu
11	11	16		הַ/שָּׂדֶה֙	d/7704 b	HTd/Ncmsa	10X7L
11	11	17		חֹנִ֔ים	2583	HVqrmpa	10acK
11	11	18		וַ/אֲנִ֞י	c/589	HC/Pp1cs	10Bfx
11	11	19		אָב֧וֹא	935	HVqi1cs	10Jcq
11	11	20		אֶל	413	HR	10yxB
11	11	21		בֵּיתִ֛/י	1004 b	HNcmsc/Sp1cs	10EMh
11	11	22		לֶ/אֱכֹ֥ל	l/398	HR/Vqc	10oSC
11	11	23		וְ/לִ/שְׁתּ֖וֹת	c/l/8354	HC/R/Vqc	10x6j
11	11	24		וְ/לִ/שְׁכַּ֣ב	c/l/7901	HC/R/Vqc	10sqj
11	11	25		עִם	5973 a	HR	10U8L
11	11	26		אִשְׁתִּ֑/י	802	HNcfsc/Sp1cs	10N1A
11	11	27		חַיֶּ֨/ךָ֙	2416 a	HNcbpc/Sp2ms	10S7G
11	11	28		וְ/חֵ֣י	c/2416 a	HC/Ncbsc	10jyn
11	11	29		נַפְשֶׁ֔/ךָ	5315	HNcbsc/Sp2ms	10K1A
11	11	30		אִֽם	518 a	HC	10uDX
11	11	31		אֶעֱשֶׂ֖ה	6213 a	HVqi1cs	10xoq
11	11	32		אֶת	853	HTo	10p8s
11	11	33		הַ/דָּבָ֥ר	d/1697	HTd/Ncmsa	10u7q
11	11	34		הַ/זֶּֽה	d/2088	HTd/Pdxms	10WtS
11	12	1		וַ/יֹּ֨אמֶר	c/559	HC/Vqw3ms	10PiF
11	12	2		דָּוִ֜ד	1732	HNp	10wyB
11	12	3		אֶל	413	HR	10uBF
11	12	4		אוּרִיָּ֗ה	223 a	HNp	10wqi
11	12	5		שֵׁ֥ב	3427	HVqv2ms	10Fm8
11	12	6		בָּ/זֶ֛ה	b/2088	HR/Pdxms	105Sy
11	12	7		גַּם	1571	HTa	102gS
11	12	8		הַ/יּ֖וֹם	d/3117	HTd/Ncmsa	10Jut
11	12	9		וּ/מָחָ֣ר	c/4279	HC/Ncmsa	10p3n
11	12	10		אֲשַׁלְּחֶ֑/ךָּ	7971	HVpi1cs/Sp2cs	10d68
11	12	11		וַ/יֵּ֨שֶׁב	c/3427	HC/Vqw3ms	10qeT
11	12	12		אוּרִיָּ֧ה	223 a	HNp	102pY
11	12	13		בִ/ירוּשָׁלִַ֛ם	b/3389	HR/Np	10hYY
11	12	14		בַּ/יּ֥וֹם	b/3117	HRd/Ncmsa	10gz6
11	12	15		הַ/ה֖וּא	d/1931	HTd/Pp3ms	10YKe
11	12	16		וּ/מִֽ/מָּחֳרָֽת	c/m/4283	HC/R/Ncfsa	10LnX
11	13	1		וַ/יִּקְרָא	c/7121	HC/Vqw3ms	10fBS
11	13	2		ל֣/וֹ	l	HR/Sp3ms	10r2p
11	13	3		דָוִ֗ד	1732	HNp	10RiY
11	13	4		וַ/יֹּ֧אכַל	c/398	HC/Vqw3ms	10ZhF
11	13	5		לְ/פָנָ֛י/ו	l/6440	HR/Ncbpc/Sp3ms	10M4z
11	13	6		וַ/יֵּ֖שְׁתְּ	c/8354	HC/Vqw3ms	10t9s
11	13	7		וַֽ/יְשַׁכְּרֵ֑/הוּ	c/7937	HC/Vpw3ms/Sp3ms	10ubY
11	13	8		וַ/יֵּצֵ֣א	c/3318	HC/Vqw3ms	10hDs
11	13	9		בָ/עֶ֗רֶב	b/6153	HRd/Ncmsa	10tti
11	13	10		לִ/שְׁכַּ֤ב	l/7901	HR/Vqc	10Ht3
11	13	11		בְּ/מִשְׁכָּב/וֹ֙	b/4904	HR/Ncmsc/Sp3ms	1037A
11	13	12		עִם	5973 a	HR	10ZhJ
11	13	13		עַבְדֵ֣י	5650	HNcmpc	10SmQ
11	13	14		אֲדֹנָ֔י/ו	113	HNcmpc/Sp3ms	10MZa
11	13	15		וְ/אֶל	c/413	HC/R	10zKB
11	13	16		בֵּית֖/וֹ	1004 b	HNcmsc/Sp3ms	10eLd
11	13	17		לֹ֥א	3808	HTn	10o5N
11	13	18		יָרָֽד	3381	HVqp3ms	10S8J
11	14	1		וַ/יְהִ֣י	c/1961	HC/Vqw3ms	10wdY
11	14	2		בַ/בֹּ֔קֶר	b/1242	HRd/Ncmsa	104qA
11	14	3		וַ/יִּכְתֹּ֥ב	c/3789	HC/Vqw3ms	10vHo
11	14	4		דָּוִ֛ד	1732	HNp	10JGD
11	14	5		סֵ֖פֶר	5612 a	HNcmsa	106uD
11	14	6		אֶל	413	HR	10CXt
11	14	7		יוֹאָ֑ב	3097	HNp	10Pwy
11	14	8		וַ/יִּשְׁלַ֖ח	c/7971	HC/Vqw3ms	108Dn
11	14	9		בְּ/יַ֥ד	b/3027	HR/Ncbsc	10avv
11	14	10		אוּרִיָּֽה	223 a	HNp	10bKm
11	15	1		וַ/יִּכְתֹּ֥ב	c/3789	HC/Vqw3ms	104Vj
11	15	2		בַּ/סֵּ֖פֶר	b/5612 a	HRd/Ncmsa	101Ae
11	15	3		לֵ/אמֹ֑ר	l/559	HR/Vqc	10Kmu
11	15	4		הָב֣וּ	3051	HVqv2mp	10yUJ
11	15	5		אֶת	853	HTo	10UZY
11	15	6		אֽוּרִיָּ֗ה	223 a	HNp	10t13
11	15	7		אֶל	413	HR	10SW7
11	15	8		מוּל֙	4136	HR	10znf
11	15	9		פְּנֵ֤י	6440	HNcbpc	1012R
11	15	10		הַ/מִּלְחָמָה֙	d/4421	HTd/Ncfsa	10Wm7
11	15	11		הַֽ/חֲזָקָ֔ה	d/2389	HTd/Aafsa	10Jxk
11	15	12		וְ/שַׁבְתֶּ֥ם	c/7725	HC/Vqq2mp	10zc3
11	15	13		מֵ/אַחֲרָ֖י/ו	m/310 a	HR/R/Sp3ms	10hE9
11	15	14		וְ/נִכָּ֥ה	c/5221	HC/VNq3ms	10NHf
11	15	15		וָ/מֵֽת	c/4191	HC/Vqq3ms	10d3H
11	16	1		וַ/יְהִ֕י	c/1961	HC/Vqw3ms	10hmj
11	16	2		בִּ/שְׁמ֥וֹר	b/8104	HR/Vqc	10GSJ
11	16	3		יוֹאָ֖ב	3097	HNp	10RMB
11	16	4		אֶל	413	HR	102am
11	16	5		הָ/עִ֑יר	d/5892 b	HTd/Ncfsa	10Pwx
11	16	6		וַ/יִּתֵּן֙	c/5414	HC/Vqw3ms	10sNu
11	16	7		אֶת	853	HTo	10SGp
11	16	8		א֣וּרִיָּ֔ה	223 a	HNp	10AKE
11	16	9		אֶל	413	HR	10BdE
11	16	10		הַ/מָּקוֹם֙	d/4725	HTd/Ncmsa	10Z58
11	16	11		אֲשֶׁ֣ר	834 a	HTr	10sXJ
11	16	12		יָדַ֔ע	3045	HVqp3ms	10nEL
11	16	13		כִּ֥י	3588 a	HC	10LDB
11	16	14		אַנְשֵׁי	376	HNcmpc	10Lsc
11	16	15		חַ֖יִל	2428	HNcmsa	104Se
11	16	16		שָֽׁם	8033	HD	10KM8
11	17	1		וַ/יֵּ֨צְא֜וּ	c/3318	HC/Vqw3mp	109DU
11	17	2		אַנְשֵׁ֤י	376	HNcmpc	104Q5
11	17	3		הָ/עִיר֙	d/5892 b	HTd/Ncfsa	10NAz
11	17	4		וַ/יִּלָּחֲמ֣וּ	c/3898 a	HC/VNw3mp	10xWi
11	17	5		אֶת	854	HR	10kqa
11	17	6		יוֹאָ֔ב	3097	HNp	10Awb
11	17	7		וַ/יִּפֹּ֥ל	c/5307	HC/Vqw3ms	10Us6
11	17	8		מִן	4480 a	HR	10XWb
11	17	9		הָ/עָ֖ם	d/5971 a	HTd/Ncmsa	10AzE
11	17	10		מֵ/עַבְדֵ֣י	m/5650	HR/Ncmpc	10zMc
11	17	11		דָוִ֑ד	1732	HNp	10f4L
11	17	12		וַ/יָּ֕מָת	c/4191	HC/Vqw3ms	10zMh
11	17	13		גַּ֖ם	1571	HTa	10uRx
11	17	14		אוּרִיָּ֥ה	223 a	HNp	10u5G
11	17	15		הַ/חִתִּֽי	d/2850	HTd/Ngmsa	10V2c
11	18	1		וַ/יִּשְׁלַ֖ח	c/7971	HC/Vqw3ms	10GoD
11	18	2		יוֹאָ֑ב	3097	HNp	10Euf
11	18	3		וַ/יַּגֵּ֣ד	c/5046	HC/Vhw3ms	10hmw
11	18	4		לְ/דָוִ֔ד	l/1732	HR/Np	10Hme
11	18	5		אֶת	853	HTo	10pDV
11	18	6		כָּל	3605	HNcmsc	10zCP
11	18	7		דִּבְרֵ֖י	1697	HNcmpc	10QxP
11	18	8		הַ/מִּלְחָמָֽה	d/4421	HTd/Ncfsa	10ihJ
11	19	1		וַ/יְצַ֥ו	c/6680	HC/Vpw3ms	10NR3
11	19	2		אֶת	853	HTo	10Wsp
11	19	3		הַ/מַּלְאָ֖ךְ	d/4397	HTd/Ncmsa	10eVQ
11	19	4		לֵ/אמֹ֑ר	l/559	HR/Vqc	10upN
11	19	5		כְּ/כַלּוֹתְ/ךָ֗	k/3615	HR/Vpc/Sp2ms	10Zh8
11	19	6		אֵ֛ת	853	HTo	10Pf6
11	19	7		כָּל	3605	HNcmsc	10kEn
11	19	8		דִּבְרֵ֥י	1697	HNcmpc	10det
11	19	9		הַ/מִּלְחָמָ֖ה	d/4421	HTd/Ncfsa	10peM
11	19	10		לְ/דַבֵּ֥ר	l/1696	HR/Vpc	10dMe
11	19	11		אֶל	413	HR	10VmC
11	19	12		הַ/מֶּֽלֶךְ	d/4428	HTd/Ncmsa	10wQx
11	20	1		וְ/הָיָ֗ה	c/1961	HC/Vqq3ms	10VMV
11	20	2		אִֽם	518 a	HC	10GSm
11	20	3		תַּעֲלֶה֙	5927	HVqi3fs	105sF
11	20	4		חֲמַ֣ת	2534	HNcfsc	10Rdh
11	20	5		הַ/מֶּ֔לֶךְ	d/4428	HTd/Ncmsa	10V35
11	20	6		וְ/אָמַ֣ר	c/559	HC/Vqq3ms	10iQU
11	20	7		לְ/ךָ֔	l	HR/Sp2ms	104GK
11	20	8		מַדּ֛וּעַ	4069	HTi	107A7
11	20	9		נִגַּשְׁתֶּ֥ם	5066	HVNp2mp	10W71
11	20	10		אֶל	413	HR	1088E
11	20	11		הָ/עִ֖יר	d/5892 b	HTd/Ncfsa	10Gdj
11	20	12		לְ/הִלָּחֵ֑ם	l/3898 a	HR/VNc	10h3q
11	20	13		הֲ/ל֣וֹא	i/3808	HTi/Tn	10fkU
11	20	14		יְדַעְתֶּ֔ם	3045	HVqp2mp	10Ass
11	20	15		אֵ֥ת	853	HTo	1097U
11	20	16		אֲשֶׁר	834 a	HTr	10YSa
11	20	17		יֹר֖וּ	3384 a	HVhi3mp	10FHj
11	20	18		מֵ/עַ֥ל	m/5921 a	HR/R	108ZH
11	20	19		הַ/חוֹמָֽה	d/2346	HTd/Ncfsa	10vK2
11	21	1		מִֽי	4310	HTi	10SNW
11	21	2		הִכָּ֞ה	5221	HVhp3ms	10Mrd
11	21	3		אֶת	853	HTo	10mxr
11	21	4		אֲבִימֶ֣לֶךְ	40	HNp	10Rm3
11	21	5		בֶּן	1121 a	HNcmsc	10JFe
11	21	6		יְרֻבֶּ֗שֶׁת	3380	HNp	10Vat
11	21	7		הֲ/לֽוֹא	i/3808	HTi/Tn	104Nu
11	21	8		אִשָּׁ֡ה	802	HNcfsa	1059s
11	21	9		הִשְׁלִ֣יכָה	7993	HVhp3fs	10yAS
11	21	10		עָלָי/ו֩	5921 a	HR/Sp3ms	10Drk
11	21	11		פֶּ֨לַח	6400	HNcfsc	10kox
11	21	12		רֶ֜כֶב	7393	HNcmsa	10qHe
11	21	13		מֵ/עַ֤ל	m/5921 a	HR/R	10bLP
11	21	14		הַֽ/חוֹמָה֙	d/2346	HTd/Ncfsa	10VkX
11	21	15		וַ/יָּ֣מָת	c/4191	HC/Vqw3ms	10Cjp
11	21	16		בְּ/תֵבֵ֔ץ	b/8405	HR/Np	109dQ
11	21	17		לָ֥/מָּה	l/4100	HR/Ti	10VAa
11	21	18		נִגַּשְׁתֶּ֖ם	5066	HVNp2mp	10PY4
11	21	19		אֶל	413	HR	10N7X
11	21	20		הַֽ/חוֹמָ֑ה	d/2346	HTd/Ncfsa	109vs
11	21	21		וְ/אָ֣מַרְתָּ֔	c/559	HC/Vqq2ms	10C5h
11	21	22		גַּ֗ם	1571	HTa	10a7n
11	21	23		עַבְדְּ/ךָ֛	5650	HNcmsc/Sp2ms	10zJe
11	21	24		אוּרִיָּ֥ה	223 a	HNp	10PcK
11	21	25		הַ/חִתִּ֖י	d/2850	HTd/Ngmsa	10c4r
11	21	26		מֵֽת	4191	HVqp3ms	101zb
11	22	1		וַ/יֵּ֖לֶךְ	c/3212	HC/Vqw3ms	1089i
11	22	2		הַ/מַּלְאָ֑ךְ	d/4397	HTd/Ncmsa	10sCL
11	22	3		וַ/יָּבֹא֙	c/935	HC/Vqw3ms	10faF
11	22	4		וַ/יַּגֵּ֣ד	c/5046	HC/Vhw3ms	10kqz
11	22	5		לְ/דָוִ֔ד	l/1732	HR/Np	1096q
11	22	6		אֵ֛ת	853	HTo	10ret
11	22	7		כָּל	3605	HNcmsc	10C7D
11	22	8		אֲשֶׁ֥ר	834 a	HTr	102md
11	22	9		שְׁלָח֖/וֹ	7971	HVqp3ms/Sp3ms	10XGJ
11	22	10		יוֹאָֽב	3097	HNp	10hPa
11	23	1		וַ/יֹּ֤אמֶר	c/559	HC/Vqw3ms	10vef
11	23	2		הַ/מַּלְאָךְ֙	d/4397	HTd/Ncmsa	10cJJ
11	23	3		אֶל	413	HR	10rbT
11	23	4		דָּוִ֔ד	1732	HNp	108Ea
11	23	5		כִּֽי	3588 a	HC	10gVK
11	23	6		גָבְר֤וּ	1396	HVqp3cp	104HS
11	23	7		עָלֵ֨י/נוּ֙	5921 a	HR/Sp1cp	10mj8
11	23	8		הָֽ/אֲנָשִׁ֔ים	d/376	HTd/Ncmpa	10bJu
11	23	9		וַ/יֵּצְא֥וּ	c/3318	HC/Vqw3mp	10MwN
11	23	10		אֵלֵ֖י/נוּ	413	HR/Sp1cp	10wWB
11	23	11		הַ/שָּׂדֶ֑ה	d/7704 b	HTd/Ncmsa	10trS
11	23	12		וַ/נִּהְיֶ֥ה	c/1961	HC/Vqw1cp	10i8H
11	23	13		עֲלֵי/הֶ֖ם	5921 a	HR/Sp3mp	10rzM
11	23	14		עַד	5704	HR	10wUo
11	23	15		פֶּ֥תַח	6607	HNcmsc	10R7j
11	23	16		הַ/שָּֽׁעַר	d/8179	HTd/Ncmsa	10qgv
11	24	1	x-ketiv	ו/יראו	c/3384 a	HC/Vhw3mp	102zb
11	24	2		וַ/יֹּר֨וּ	c/3384 a	HC/Vhw3mp	109RY
11	24	3	x-ketiv	ה/מוראים	d/3384 a	HTd/Vhrmpa	10sqX
11	24	4		הַ/מּוֹרִ֤ים	d/3384 a	HTd/Vhrmpa	10aqQ
11	24	5		אֶל	413	HR	10rK8
11	24	6		עֲבָדֶ֨/ךָ֙	5650	HNcmpc/Sp2ms	10LMs
11	24	7		מֵ/עַ֣ל	m/5921 a	HR/R	10SGP
11	24	8		הַ/חוֹמָ֔ה	d/2346	HTd/Ncfsa	10wyN
11	24	9		וַ/יָּמ֖וּתוּ	c/4191	HC/Vqw3mp	103Wk
11	24	10		מֵ/עַבְדֵ֣י	m/5650	HR/Ncmpc	10MKh
11	24	11		הַ/מֶּ֑לֶךְ	d/4428	HTd/Ncmsa	10xqJ
11	24	12		וְ/גַ֗ם	c/1571	HC/Ta	10aoc
11	24	13		עַבְדְּ/ךָ֛	5650	HNcmsc/Sp2ms	10aM6
11	24	14		אוּרִיָּ֥ה	223 a	HNp	10ujL
11	24	15		הַ/חִתִּ֖י	d/2850	HTd/Ngmsa	10i5Y
11	24	16		מֵֽת	4191	HVqp3ms	10npa
11	25	1		וַ/יֹּ֨אמֶר	c/559	HC/Vqw3ms	10E9M
11	25	2		דָּוִ֜ד	1732	HNp	10x2c
11	25	3		אֶל	413	HR	10Y2D
11	25	4		הַ/מַּלְאָ֗ךְ	d/4397	HTd/Ncmsa	10Meo
11	25	5		כֹּֽה	3541	HD	10h5c
11	25	6		תֹאמַ֤ר	559	HVqi2ms	10Nsn
11	25	7		אֶל	413	HR	10Pej
11	25	8		יוֹאָב֙	3097	HNp	10tYz
11	25	9		אַל	408	HTn	10Pcn
11	25	10		יֵרַ֤ע	7489 a	HVqj3ms	10SiH
11	25	11		בְּ/עֵינֶ֨י/ךָ֙	b/5869 a	HR/Ncbdc/Sp2ms	105cU
11	25	12		אֶת	853	HTo	10Eeo
11	25	13		הַ/דָּבָ֣ר	d/1697	HTd/Ncmsa	10mie
11	25	14		הַ/זֶּ֔ה	d/2088	HTd/Pdxms	10Unm
11	25	15		כִּֽי	3588 a	HC	10kSG
11	25	16		כָ/זֹ֥ה	k/2090	HR/Pdxfs	10gGY
11	25	17		וְ/כָ/זֶ֖ה	c/k/2088	HC/R/Pdxms	10wFV
11	25	18		תֹּאכַ֣ל	398	HVqi3fs	10RCx
11	25	19		הֶ/חָ֑רֶב	d/2719	HTd/Ncfsa	10ti5
11	25	20		הַחֲזֵ֨ק	2388	HVhv2ms	10rN3
11	25	21		מִלְחַמְתְּ/ךָ֧	4421	HNcfsc/Sp2ms	10BLX
11	25	22		אֶל	413	HR	10boU
11	25	23		הָ/עִ֛יר	d/5892 b	HTd/Ncfsa	10d1n
11	25	24		וְ/הָרְסָ֖/הּ	c/2040	HC/Vqv2ms/Sp3fs	10b8r
11	25	25		וְ/חַזְּקֵֽ/הוּ	c/2388	HC/Vpv2ms/Sp3ms	10PBA
11	26	1		וַ/תִּשְׁמַע֙	c/8085	HC/Vqw3fs	10V4e
11	26	2		אֵ֣שֶׁת	802	HNcfsc	10Es6
11	26	3		אֽוּרִיָּ֔ה	223 a	HNp	10Uhs
11	26	4		כִּי	3588 a	HC	10aMR
11	26	5		מֵ֖ת	4191	HVqp3ms	10UuW
11	26	6		אוּרִיָּ֣ה	223 a	HNp	10RPy
11	26	7		אִישָׁ֑/הּ	376	HNcmsc/Sp3fs	10udF
11	26	8		וַ/תִּסְפֹּ֖ד	c/5594	HC/Vqw3fs	10Sy4
11	26	9		עַל	5921 a	HR	10jnZ
11	26	10		בַּעְלָֽ/הּ	1167	HNcmsc/Sp3fs	10jnF
11	27	1		וַ/יַּעֲבֹ֣ר	c/5674 a	HC/Vqw3ms	107ss
11	27	2		הָ/אֵ֗בֶל	d/60	HTd/Ncmsa	10ino
11	27	3		וַ/יִּשְׁלַ֨ח	c/7971	HC/Vqw3ms	10XLt
11	27	4		דָּוִ֜ד	1732	HNp	10ZsF
11	27	5		וַ/יַּאַסְפָ֤/הּ	c/622	HC/Vqw3ms/Sp3fs	101cW
11	27	6		אֶל	413	HR	10AjK
11	27	7		בֵּית/וֹ֙	1004 b	HNcmsc/Sp3ms	10pFJ
11	27	8		וַ/תְּהִי	c/1961	HC/Vqw3fs	10K1X
11	27	9		ל֣/וֹ	l	HR/Sp3ms	10mKX
11	27	10		לְ/אִשָּׁ֔ה	l/802	HR/Ncfsa	10Mpt
11	27	11		וַ/תֵּ֥לֶד	c/3205	HC/Vqw3fs	10wP4
11	27	12		ל֖/וֹ	l	HR/Sp3ms	10jmU
11	27	13		בֵּ֑ן	1121 a	HNcmsa	10eRW
11	27	14		וַ/יֵּ֧רַע	c/7489 a	HC/Vqw3ms	10tQY
11	27	15		הַ/דָּבָ֛ר	d/1697	HTd/Ncmsa	10R4T
11	27	16		אֲשֶׁר	834 a	HTr	104cT
11	27	17		עָשָׂ֥ה	6213 a	HVqp3ms	10m9t
11	27	18		דָוִ֖ד	1732	HNp	10MxN
11	27	19		בְּ/עֵינֵ֥י	b/5869 a	HR/Ncbdc	10HKE
11	27	20		יְהוָֽה	3068	HNp	10HTT
12	1	1		וַ/יִּשְׁלַ֧ח	c/7971	HC/Vqw3ms	10V1j
12	1	2		יְהוָ֛ה	3068	HNp	102Js
12	1	3		אֶת	853	HTo	10W9E
12	1	4		נָתָ֖ן	5416	HNp	10T7b
12	1	5		אֶל	413	HR	102vK
12	1	6		דָּוִ֑ד	1732	HNp	10uMy
12	1	7		וַ/יָּבֹ֣א	c/935	HC/Vqw3ms	10686
12	1	8		אֵלָ֗י/ו	413	HR/Sp3ms	10afp
12	1	9		וַ/יֹּ֤אמֶר	c/559	HC/Vqw3ms	10kV5
12	1	10		ל/וֹ֙	l	HR/Sp3ms	10yK5
12	1	11		שְׁנֵ֣י	8147	HAcmdc	10kcg
12	1	12		אֲנָשִׁ֗ים	376	HNcmpa	10RRm
12	1	13		הָיוּ֙	1961	HVqp3cp	107pV
12	1	14		בְּ/עִ֣יר	b/5892 b	HR/Ncfsa	10HhQ
12	1	15		אֶחָ֔ת	259	HAcfsa	10zX3
12	1	16		אֶחָ֥ד	259	HAcmsa	10qit
12	1	17		עָשִׁ֖יר	6223	HAamsa	10mju
12	1	18		וְ/אֶחָ֥ד	c/259	HC/Acmsa	10XGi
12	1	19		רָֽאשׁ	7326	HVqrmsa	10UFc
12	2	1		לְ/עָשִׁ֗יר	l/6223	HR/Aamsa	107B8
12	2	2		הָיָ֛ה	1961	HVqp3ms	10a34
12	2	3		צֹ֥אן	6629	HNcbsa	10aKv
12	2	4		וּ/בָקָ֖ר	c/1241	HC/Ncbsa	10v9T
12	2	5		הַרְבֵּ֥ה	7235 a	HVha	102tz
12	2	6		מְאֹֽד	3966	HD	102y9
12	3	1		וְ/לָ/רָ֣שׁ	c/l/7326	HC/Rd/Vqrmsa	10swM
12	3	2		אֵֽין	369	HTn	10wiK
12	3	3		כֹּ֗ל	3605	HNcmsa	10sDy
12	3	4		כִּי֩	3588 b	HC	10crC
12	3	5		אִם	518 b	HC	10Bwp
12	3	6		כִּבְשָׂ֨ה	3535	HNcfsa	10yNo
12	3	7		אַחַ֤ת	259	HAcfsa	10zMn
12	3	8		קְטַנָּה֙	6996 a	HAafsa	10TXQ
12	3	9		אֲשֶׁ֣ר	834 a	HTr	10hfV
12	3	10		קָנָ֔ה	7069	HVqp3ms	10K2f
12	3	11		וַ/יְחַיֶּ֕/הָ	c/2421	HC/Vpw3ms/Sp3fs	10hMA
12	3	12		וַ/תִּגְדַּ֥ל	c/1431	HC/Vqw3fs	10g6w
12	3	13		עִמּ֛/וֹ	5973 a	HR/Sp3ms	10Dxg
12	3	14		וְ/עִם	c/5973 a	HC/R	10hDt
12	3	15		בָּנָ֖י/ו	1121 a	HNcmpc/Sp3ms	10JoU
12	3	16		יַחְדָּ֑ו	3162 b	HD	10zcL
12	3	17		מִ/פִּתּ֨/וֹ	m/6595 a	HR/Ncfsc/Sp3ms	105eb
12	3	18		תֹאכַ֜ל	398	HVqi3fs	10E5V
12	3	19		וּ/מִ/כֹּס֤/וֹ	c/m/3563 a	HC/R/Ncfsc/Sp3ms	10shT
12	3	20		תִשְׁתֶּה֙	8354	HVqi3fs	10Gxb
12	3	21		וּ/בְ/חֵיק֣/וֹ	c/b/2436	HC/R/Ncmsc/Sp3ms	10xdy
12	3	22		תִשְׁכָּ֔ב	7901	HVqi3fs	10xcf
12	3	23		וַ/תְּהִי	c/1961	HC/Vqw3fs	10R9X
12	3	24		ל֖/וֹ	l	HR/Sp3ms	10gMk
12	3	25		כְּ/בַֽת	k/1323	HR/Ncfsa	10wFk
12	4	1		וַ/יָּ֣בֹא	c/935	HC/Vqw3ms	101yV
12	4	2		הֵלֶךְ֮	1982	HNcmsa	10UKs
12	4	3		לְ/אִ֣ישׁ	l/376	HR/Ncmsc	10mMQ
12	4	4		הֶֽ/עָשִׁיר֒	d/6223	HTd/Aamsa	10akU
12	4	5		וַ/יַּחְמֹ֗ל	c/2550	HC/Vqw3ms	10FdP
12	4	6		לָ/קַ֤חַת	l/3947	HR/Vqc	10fBN
12	4	7		מִ/צֹּאנ/וֹ֙	m/6629	HR/Ncbsc/Sp3ms	10QgK
12	4	8		וּ/מִ/בְּקָר֔/וֹ	c/m/1241	HC/R/Ncbsc/Sp3ms	10aPN
12	4	9		לַ/עֲשׂ֕וֹת	l/6213 a	HR/Vqc	10XHx
12	4	10		לָ/אֹרֵ֖חַ	l/732	HRd/Vqrmsa	10xxk
12	4	11		הַ/בָּא	d/935	HTd/Vqrmsa	10ShD
12	4	12		ל֑/וֹ	l	HR/Sp3ms	10MEx
12	4	13		וַ/יִּקַּ֗ח	c/3947	HC/Vqw3ms	1086V
12	4	14		אֶת	853	HTo	104gS
12	4	15		כִּבְשַׂת֙	3535	HNcfsc	10X5d
12	4	16		הָ/אִ֣ישׁ	d/376	HTd/Ncmsa	102oP
12	4	17		הָ/רָ֔אשׁ	d/7326	HTd/Vqrmsa	10fEW
12	4	18		וַֽ/יַּעֲשֶׂ֔/הָ	c/6213 a	HC/Vqw3ms/Sp3fs	10mbg
12	4	19		לָ/אִ֖ישׁ	l/376	HRd/Ncmsa	10uda
12	4	20		הַ/בָּ֥א	d/935	HTd/Vqrmsa	10fci
12	4	21		אֵלָֽי/ו	413	HR/Sp3ms	10FqG
12	5	1		וַ/יִּֽחַר	c/2734	HC/Vqw3ms	10LVx
12	5	2		אַ֥ף	639	HTa	101w8
12	5	3		דָּוִ֛ד	1732	HNp	10wEJ
12	5	4		בָּ/אִ֖ישׁ	b/376	HRd/Ncmsa	10X5H
12	5	5		מְאֹ֑ד	3966	HD	10Zhq
12	5	6		וַ/יֹּ֨אמֶר֙	c/559	HC/Vqw3ms	10b1X
12	5	7		אֶל	413	HR	10w8M
12	5	8		נָתָ֔ן	5416	HNp	10tdz
12	5	9		חַי	2416 a	HAamsa	10giU
12	5	10		יְהוָ֕ה	3068	HNp	10iXF
12	5	11		כִּ֣י	3588 a	HC	10ssa
12	5	12		בֶן	1121 a	HNcmsc	10REu
12	5	13		מָ֔וֶת	4194	HNcmsa	10Tdr
12	5	14		הָ/אִ֖ישׁ	d/376	HTd/Ncmsa	10BFg
12	5	15		הָ/עֹשֶׂ֥ה	d/6213 a	HTd/Vqrmsa	10T8E
12	5	16		זֹֽאת	2063	HPdxfs	10WQf
12	6	1		וְ/אֶת	c/853	HC/To	10eUm
12	6	2		הַ/כִּבְשָׂ֖ה	d/3535	HTd/Ncfsa	106Tw
12	6	3		יְשַׁלֵּ֣ם	7999 a	HVpi3ms	10ywr
12	6	4		אַרְבַּעְתָּ֑יִם	706	HAcfda	10oym
12	6	5		עֵ֗קֶב	6118	HNcmsc	10Di6
12	6	6		אֲשֶׁ֤ר	834 a	HTr	10AXZ
12	6	7		עָשָׂה֙	6213 a	HVqp3ms	10o2H
12	6	8		אֶת	853	HTo	10MaF
12	6	9		הַ/דָּבָ֣ר	d/1697	HTd/Ncmsa	105PZ
12	6	10		הַ/זֶּ֔ה	d/2088	HTd/Pdxms	10Gcz
12	6	11		וְ/עַ֖ל	c/5921 a	HC/R	10kjt
12	6	12		אֲשֶׁ֥ר	834 a	HTr	10nTA
12	6	13		לֹֽא	3808	HTn	10Xw7
12	6	14		חָמָֽל	2550	HVqp3ms	10X3d
12	7	1		וַ/יֹּ֧אמֶר	c/559	HC/Vqw3ms	105Mw
12	7	2		נָתָ֛ן	5416	HNp	10uvu
12	7	3		אֶל	413	HR	10z1m
12	7	4		דָּוִ֖ד	1732	HNp	10BYB
12	7	5		אַתָּ֣ה	859 a	HPp2ms	10fDj
12	7	6		הָ/אִ֑ישׁ	d/376	HTd/Ncmsa	10UXN
12	7	7		כֹּה	3541	HD	10wXa
12	7	8		אָמַ֨ר	559	HVqp3ms	10CmE
12	7	9		יְהוָ֜ה	3068	HNp	10bdC
12	7	10		אֱלֹהֵ֣י	430	HNcmpc	10gUj
12	7	11		יִשְׂרָאֵ֗ל	3478	HNp	10kJL
12	7	12		אָנֹכִ֞י	595	HPp1cs	10SLq
12	7	13		מְשַׁחְתִּ֤י/ךָֽ	4886	HVqp1cs/Sp2ms	10W3H
12	7	14		לְ/מֶ֨לֶךְ֙	l/4428	HR/Ncmsa	10qJ4
12	7	15		עַל	5921 a	HR	10aVp
12	7	16		יִשְׂרָאֵ֔ל	3478	HNp	10JGF
12	7	17		וְ/אָנֹכִ֥י	c/595	HC/Pp1cs	109aY
12	7	18		הִצַּלְתִּ֖י/ךָ	5337	HVhp1cs/Sp2ms	109pt
12	7	19		מִ/יַּ֥ד	m/3027	HR/Ncbsc	1024k
12	7	20		שָׁאֽוּל	7586	HNp	101M6
12	8	1		וָ/אֶתְּנָ֨/ה	c/5414	HC/Vqw1cs/Sh	109Dg
12	8	2		לְ/ךָ֜	l	HR/Sp2ms	10RHw
12	8	3		אֶת	853	HTo	10J9s
12	8	4		בֵּ֣ית	1004 b	HNcmsc	10t9t
12	8	5		אֲדֹנֶ֗י/ךָ	113	HNcmpc/Sp2ms	10ZqP
12	8	6		וְ/אֶת	c/853	HC/To	108Fu
12	8	7		נְשֵׁ֤י	802	HNcfpc	10JNs
12	8	8		אֲדֹנֶ֨י/ךָ֙	113	HNcmpc/Sp2ms	10xmF
12	8	9		בְּ/חֵיקֶ֔/ךָ	b/2436	HR/Ncmsc/Sp2ms	10vVj
12	8	10		וָ/אֶתְּנָ֣/ה	c/5414	HC/Vqw1cs/Sh	10pPj
12	8	11		לְ/ךָ֔	l	HR/Sp2ms	10n48
12	8	12		אֶת	853	HTo	10LQQ
12	8	13		בֵּ֥ית	1004 b	HNcmsc	10nFs
12	8	14		יִשְׂרָאֵ֖ל	3478	HNp	10zKb
12	8	15		וִֽ/יהוּדָ֑ה	c/3063	HC/Np	10M2G
12	8	16		וְ/אִ֨ם	c/518 a	HC/C	10p7o
12	8	17		מְעָ֔ט	4592	HNcmsa	10cvy
12	8	18		וְ/אֹסִ֥פָה	c/3254	HC/Vhh1cs	10uTh
12	8	19		לְּ/ךָ֖	l	HR/Sp2ms	1062r
12	8	20		כָּ/הֵ֥נָּה	k/2007	HR/Pp3fs	10XAc
12	8	21		וְ/כָ/הֵֽנָּה	c/k/2007	HC/R/Pp3fp	10XMh
12	9	1		מַדּ֜וּעַ	4069	HTi	10Pm6
12	9	2		בָּזִ֣יתָ	959	HVqp2ms	10Exh
12	9	3		אֶת	853	HTo	10Mhm
12	9	4		דְּבַ֣ר	1697	HNcmsc	10k8r
12	9	5		יְהוָ֗ה	3068	HNp	10U2q
12	9	6		לַ/עֲשׂ֣וֹת	l/6213 a	HR/Vqc	10f9x
12	9	7		הָ/רַע֮	d/7451 a	HTd/Aamsa	10F3B
12	9	8	x-ketiv	ב/עינ/ו	b/5869 a	HR/Ncbdc/Sp3ms	10u6M
12	9	9		בְּ/עֵינַ/י֒	b/5869 a	HR/Ncbdc/Sp1cs	10ttW
12	9	10		אֵ֣ת	853	HTo	10Not
12	9	11		אוּרִיָּ֤ה	223 a	HNp	10QoS
12	9	12		הַֽ/חִתִּי֙	d/2850	HTd/Ngmsa	10MfC
12	9	13		הִכִּ֣יתָ	5221	HVhp2ms	10KoV
12	9	14		בַ/חֶ֔רֶב	b/2719	HRd/Ncfsa	10592
12	9	15		וְ/אֶ֨ת	c/853	HC/To	10Vfx
12	9	16		אִשְׁתּ֔/וֹ	802	HNcfsc/Sp3ms	10QkU
12	9	17		לָקַ֥חְתָּ	3947	HVqp2ms	106L9
12	9	18		לְּ/ךָ֖	l	HR/Sp2ms	10cpC
12	9	19		לְ/אִשָּׁ֑ה	l/802	HR/Ncfsa	102Ki
12	9	20		וְ/אֹת֣/וֹ	c/853	HC/To/Sp3ms	10XhP
12	9	21		הָרַ֔גְתָּ	2026	HVqp2ms	10yML
12	9	22		בְּ/חֶ֖רֶב	b/2719	HR/Ncfsc	10Kk2
12	9	23		בְּנֵ֥י	1121 a	HNcmpc	10XAP
12	9	24		עַמּֽוֹן	5983	HNp	10DJo
12	10	1		וְ/עַתָּ֗ה	c/6258	HC/D	10iXN
12	10	2		לֹא	3808	HTn	10czB
12	10	3		תָס֥וּר	5493	HVqi3fs	10QBD
12	10	4		חֶ֛רֶב	2719	HNcfsa	10Gxu
12	10	5		מִ/בֵּיתְ/ךָ֖	m/1004 b	HR/Ncmsc/Sp2ms	10BQ9
12	10	6		עַד	5704	HR	10y8v
12	10	7		עוֹלָ֑ם	5769	HNcmsa	10wtg
12	10	8		עֵ֚קֶב	6118	HNcmsa	10Seg
12	10	9		כִּ֣י	3588 a	HC	10Kcz
12	10	10		בְזִתָ֔/נִי	959	HVqp2ms/Sp1cs	105MF
12	10	11		וַ/תִּקַּ֗ח	c/3947	HC/Vqw2ms	10eUp
12	10	12		אֶת	853	HTo	10tEh
12	10	13		אֵ֨שֶׁת֙	802	HNcfsc	10x2S
12	10	14		אוּרִיָּ֣ה	223 a	HNp	10Npq
12	10	15		הַ/חִתִּ֔י	d/2850	HTd/Ngmsa	103ti
12	10	16		לִ/הְי֥וֹת	l/1961	HR/Vqc	10QoP
12	10	17		לְ/ךָ֖	l	HR/Sp2ms	10i6S
12	10	18		לְ/אִשָּֽׁה	l/802	HR/Ncfsa	102mi
12	11	1		כֹּ֣ה	3541	HD	10HbP
12	11	2		אָמַ֣ר	559	HVqp3ms	10Wi1
12	11	3		יְהוָ֗ה	3068	HNp	10beE
12	11	4		הִנְ/נִי֩	2005	HTm/Sp1cs	10DvH
12	11	5		מֵקִ֨ים	6965 b	HVhrmsa	106BE
12	11	6		עָלֶ֤י/ךָ	5921 a	HR/Sp2ms	10r7k
12	11	7		רָעָה֙	7451 c	HNcfsa	103kE
12	11	8		מִ/בֵּיתֶ֔/ךָ	m/1004 b	HR/Ncmsc/Sp2ms	10UUW
12	11	9		וְ/לָקַחְתִּ֤י	c/3947	HC/Vqq1cs	10Jqs
12	11	10		אֶת	853	HTo	1087K
12	11	11		נָשֶׁ֨י/ךָ֙	802	HNcfpc/Sp2ms	10gvN
12	11	12		לְ/עֵינֶ֔י/ךָ	l/5869 a	HR/Ncbdc/Sp2ms	10Cye
12	11	13		וְ/נָתַתִּ֖י	c/5414	HC/Vqq1cs	10tsb
12	11	14		לְ/רֵעֶ֑י/ךָ	l/7453	HR/Ncmpc/Sp2ms	10RaB
12	11	15		וְ/שָׁכַב֙	c/7901	HC/Vqq3ms	102a9
12	11	16		עִם	5973 a	HR	10ob2
12	11	17		נָשֶׁ֔י/ךָ	802	HNcfpc/Sp2ms	10jU7
12	11	18		לְ/עֵינֵ֖י	l/5869 a	HR/Ncbdc	10w2C
12	11	19		הַ/שֶּׁ֥מֶשׁ	d/8121	HTd/Ncbsa	102VS
12	11	20		הַ/זֹּֽאת	d/2063	HTd/Pdxfs	104Jz
12	12	1		כִּ֥י	3588 a	HC	10C9r
12	12	2		אַתָּ֖ה	859 a	HPp2ms	10yLe
12	12	3		עָשִׂ֣יתָ	6213 a	HVqp2ms	10Ww8
12	12	4		בַ/סָּ֑תֶר	b/5643 a	HRd/Ncmsa	10HGy
12	12	5		וַ/אֲנִ֗י	c/589	HC/Pp1cs	10hGK
12	12	6		אֶעֱשֶׂה֙	6213 a	HVqi1cs	106pK
12	12	7		אֶת	853	HTo	10VQD
12	12	8		הַ/דָּבָ֣ר	d/1697	HTd/Ncmsa	10T3u
12	12	9		הַ/זֶּ֔ה	d/2088	HTd/Pdxms	10c96
12	12	10		נֶ֥גֶד	5048	HR	10YiK
12	12	11		כָּל	3605	HNcmsc	10Lof
12	12	12		יִשְׂרָאֵ֖ל	3478	HNp	10ZT8
12	12	13		וְ/נֶ֥גֶד	c/5048	HC/R	10s7k
12	12	14		הַ/שָּֽׁמֶשׁ	d/8121	HTd/Ncbsa	103HC
12	13	1		וַ/יֹּ֤אמֶר	c/559	HC/Vqw3ms	10P6z
12	13	2		דָּוִד֙	1732	HNp	101W5
12	13	3		אֶל	413	HR	10q9w
12	13	4		נָתָ֔ן	5416	HNp	10UE1
12	13	5		חָטָ֖אתִי	2398	HVqp1cs	10Rps
12	13	6		לַֽ/יהוָ֑ה	l/3068	HR/Np	10Vbn
12	13	7		וַ/יֹּ֨אמֶר	c/559	HC/Vqw3ms	10Fm5
12	13	8		נָתָ֜ן	5416	HNp	10Wct
12	13	9		אֶל	413	HR	10KQn
12	13	10		דָּוִ֗ד	1732	HNp	10TLX
12	13	11		גַּם	1571	HTa	10xcH
12	13	12		יְהוָ֛ה	3068	HNp	10LG4
12	13	13		הֶעֱבִ֥יר	5674 a	HVhp3ms	10Vcf
12	13	14		חַטָּאתְ/ךָ֖	2403 b	HNcfsc/Sp2ms	10yU7
12	13	15		לֹ֥א	3808	HTn	10WV1
12	13	16		תָמֽוּת	4191	HVqi2ms	10bXb
12	14	1		אֶ֗פֶס	657 a	HNcmsa	106sJ
12	14	2		כִּֽי	3588 a	HC	10t4v
12	14	3		נִאֵ֤ץ	5006	HVpa	10ofA
12	14	4		נִאַ֨צְתָּ֙	5006	HVpp2ms	10VgJ
12	14	5		אֶת	853	HTo	10wSa
12	14	6		אֹיְבֵ֣י	341	HVqrmpc	1022e
12	14	7		יְהוָ֔ה	3068	HNp	10jsX
12	14	8		בַּ/דָּבָ֖ר	b/1697	HRd/Ncmsa	10V1h
12	14	9		הַ/זֶּ֑ה	d/2088	HTd/Pdxms	10awv
12	14	10		גַּ֗ם	1571	HTa	10bdJ
12	14	11		הַ/בֵּ֛ן	d/1121 a	HTd/Ncmsa	10ixo
12	14	12		הַ/יִּלּ֥וֹד	d/3209	HTd/Aamsa	10iXs
12	14	13		לְ/ךָ֖	l	HR/Sp2ms	10sdj
12	14	14		מ֥וֹת	4191	HVqa	10GqS
12	14	15		יָמֽוּת	4191	HVqi3ms	10umc
12	15	1		וַ/יֵּ֥לֶךְ	c/3212	HC/Vqw3ms	10B2L
12	15	2		נָתָ֖ן	5416	HNp	10zE3
12	15	3		אֶל	413	HR	10Y5f
12	15	4		בֵּית֑/וֹ	1004 b	HNcmsc/Sp3ms	10YWA
12	15	5		וַ/יִּגֹּ֣ף	c/5062	HC/Vqw3ms	10mHM
12	15	6		יְהוָ֗ה	3068	HNp	10SDB
12	15	7		אֶת	853	HTo	10DuR
12	15	8		הַ/יֶּ֜לֶד	d/3206	HTd/Ncmsa	10VTa
12	15	9		אֲשֶׁ֨ר	834 a	HTr	105ZG
12	15	10		יָלְדָ֧ה	3205	HVqp3fs	10Wzi
12	15	11		אֵֽשֶׁת	802	HNcfsc	10Rvo
12	15	12		אוּרִיָּ֛ה	223 a	HNp	10TdV
12	15	13		לְ/דָוִ֖ד	l/1732	HR/Np	10wCZ
12	15	14		וַ/יֵּאָנַֽשׁ	c/605	HC/VNw3ms	10rRa
12	16	1		וַ/יְבַקֵּ֥שׁ	c/1245	HC/Vpw3ms	10UgC
12	16	2		דָּוִ֛ד	1732	HNp	10qBN
12	16	3		אֶת	853	HTo	105VV
12	16	4		הָ/אֱלֹהִ֖ים	d/430	HTd/Ncmpa	10Mo9
12	16	5		בְּעַ֣ד	1157	HR	10C5P
12	16	6		הַ/נָּ֑עַר	d/5288	HTd/Ncmsa	10hyy
12	16	7		וַ/יָּ֤צָם	c/6684	HC/Vqw3ms	10yJd
12	16	8		דָּוִד֙	1732	HNp	107h8
12	16	9		צ֔וֹם	6685	HNcmsa	10EAv
12	16	10		וּ/בָ֥א	c/935	HC/Vqp3ms	10D1Z
12	16	11		וְ/לָ֖ן	c/3885 a	HC/Vqp3ms	101Cu
12	16	12		וְ/שָׁכַ֥ב	c/7901	HC/Vqp3ms	10j6C
12	16	13		אָֽרְצָ/ה	776	HNcbsa/Sd	10aRN
12	17	1		וַ/יָּקֻ֜מוּ	c/6965 b	HC/Vqw3mp	10C3d
12	17	2		זִקְנֵ֤י	2205	HAampc	10Lmq
12	17	3		בֵית/וֹ֙	1004 b	HNcmsc/Sp3ms	10EVf
12	17	4		עָלָ֔י/ו	5921 a	HR/Sp3ms	10eQX
12	17	5		לַ/הֲקִימ֖/וֹ	l/6965 b	HR/Vhc/Sp3ms	10YNf
12	17	6		מִן	4480 a	HR	1083b
12	17	7		הָ/אָ֑רֶץ	d/776	HTd/Ncbsa	105fs
12	17	8		וְ/לֹ֣א	c/3808	HC/Tn	10ACe
12	17	9		אָבָ֔ה	14	HVqp3ms	10rv7
12	17	10		וְ/לֹֽא	c/3808	HC/Tn	101YK
12	17	11		בָרָ֥א	1262	HVqp3ms	10kVU
12	17	12		אִתָּ֖/ם	854	HR/Sp3mp	10nXq
12	17	13		לָֽחֶם	3899	HNcbsa	10Dcn
12	18	1		וַ/יְהִ֛י	c/1961	HC/Vqw3ms	10WDZ
12	18	2		בַּ/יּ֥וֹם	b/3117	HRd/Ncmsa	10UzN
12	18	3		הַ/שְּׁבִיעִ֖י	d/7637	HTd/Aomsa	10v4E
12	18	4		וַ/יָּ֣מָת	c/4191	HC/Vqw3ms	10MrG
12	18	5		הַ/יָּ֑לֶד	d/3206	HTd/Ncmsa	10HT2
12	18	6		וַ/יִּֽרְאוּ֩	c/3372	HC/Vqw3mp	106Qq
12	18	7		עַבְדֵ֨י	5650	HNcmpc	10XYe
12	18	8		דָוִ֜ד	1732	HNp	1076X
12	18	9		לְ/הַגִּ֥יד	l/5046	HR/Vhc	105Ua
12	18	10		ל֣/וֹ	l	HR/Sp3ms	10ebC
12	18	11		כִּי	3588 a	HC	109hc
12	18	12		מֵ֣ת	4191	HVqp3ms	10ovC
12	18	13		הַ/יֶּ֗לֶד	d/3206	HTd/Ncmsa	10XE9
12	18	14		כִּ֤י	3588 a	HC	106iw
12	18	15		אָֽמְרוּ֙	559	HVqp3cp	10eUw
12	18	16		הִנֵּה֩	2009	HTm	10VkU
12	18	17		בִ/הְי֨וֹת	b/1961	HR/Vqc	10dYi
12	18	18		הַ/יֶּ֜לֶד	d/3206	HTd/Ncmsa	10dMc
12	18	19		חַ֗י	2416 a	HAamsa	10S8k
12	18	20		דִּבַּ֤רְנוּ	1696	HVpp1cp	10Yf4
12	18	21		אֵלָי/ו֙	413	HR/Sp3ms	101w3
12	18	22		וְ/לֹא	c/3808	HC/Tn	10rcB
12	18	23		שָׁמַ֣ע	8085	HVqp3ms	10pbQ
12	18	24		בְּ/קוֹלֵ֔/נוּ	b/6963 a	HR/Ncmsc/Sp1cp	10N9a
12	18	25		וְ/אֵ֨יךְ	c/349 a	HC/Ti	10kiJ
12	18	26		נֹאמַ֥ר	559	HVqi1cp	10MRj
12	18	27		אֵלָ֛י/ו	413	HR/Sp3ms	10j3M
12	18	28		מֵ֥ת	4191	HVqp3ms	10GBU
12	18	29		הַ/יֶּ֖לֶד	d/3206	HTd/Ncmsa	10bgt
12	18	30		וְ/עָשָׂ֥ה	c/6213 a	HC/Vqq3ms	10T6V
12	18	31		רָעָֽה	7451 c	HNcfsa	10yRs
12	19	1		וַ/יַּ֣רְא	c/7200	HC/Vqw3ms	10Gbm
12	19	2		דָּוִ֗ד	1732	HNp	10YSC
12	19	3		כִּ֤י	3588 a	HC	10s2X
12	19	4		עֲבָדָי/ו֙	5650	HNcmpc/Sp3ms	10bSC
12	19	5		מִֽתְלַחֲשִׁ֔ים	3907	HVtrmpa	10bHu
12	19	6		וַ/יָּ֥בֶן	c/995	HC/Vqw3ms	10h5C
12	19	7		דָּוִ֖ד	1732	HNp	10z6J
12	19	8		כִּ֣י	3588 a	HC	10Hqt
12	19	9		מֵ֣ת	4191	HVqp3ms	10ey4
12	19	10		הַ/יָּ֑לֶד	d/3206	HTd/Ncmsa	10QMs
12	19	11		וַ/יֹּ֨אמֶר	c/559	HC/Vqw3ms	10Afb
12	19	12		דָּוִ֧ד	1732	HNp	1027y
12	19	13		אֶל	413	HR	10sEu
12	19	14		עֲבָדָ֛י/ו	5650	HNcmpc/Sp3ms	10rF3
12	19	15		הֲ/מֵ֥ת	i/4191	HTi/Vqp3ms	10VF8
12	19	16		הַ/יֶּ֖לֶד	d/3206	HTd/Ncmsa	10jDj
12	19	17		וַ/יֹּ֥אמְרוּ	c/559	HC/Vqw3mp	10eBr
12	19	18		מֵֽת	4191	HVqp3ms	10GCu
12	20	1		וַ/יָּקָם֩	c/6965 b	HC/Vqw3ms	10rbd
12	20	2		דָּוִ֨ד	1732	HNp	10YG2
12	20	3		מֵ/הָ/אָ֜רֶץ	m/d/776	HR/Td/Ncbsa	10kwy
12	20	4		וַ/יִּרְחַ֣ץ	c/7364	HC/Vqw3ms	103qw
12	20	5		וַ/יָּ֗סֶךְ	c/5480	HC/Vqw3ms	10iWa
12	20	6		וַ/יְחַלֵּף֙	c/2498	HC/Vpw3ms	10cUQ
12	20	7	x-ketiv	שמלת/ו	8071	HNcfsc/Sp3ms	104xN
12	20	8		שִׂמְלֹתָ֔י/ו	8071	HNcfpc/Sp3ms	10rXs
12	20	9		וַ/יָּבֹ֥א	c/935	HC/Vqw3ms	10M3R
12	20	10		בֵית	1004 b	HNcmsc	10d8N
12	20	11		יְהוָ֖ה	3068	HNp	10oTd
12	20	12		וַ/יִּשְׁתָּ֑חוּ	c/7812	HC/Vtw3ms	10owL
12	20	13		וַ/יָּבֹא֙	c/935	HC/Vqw3ms	10QQs
12	20	14		אֶל	413	HR	102bu
12	20	15		בֵּית֔/וֹ	1004 b	HNcmsc/Sp3ms	10Cj3
12	20	16		וַ/יִּשְׁאַ֕ל	c/7592	HC/Vqw3ms	10SKp
12	20	17		וַ/יָּשִׂ֥ימוּ	c/7760 a	HC/Vqw3mp	10yJh
12	20	18		ל֛/וֹ	l	HR/Sp3ms	10RYV
12	20	19		לֶ֖חֶם	3899	HNcbsa	10EW6
12	20	20		וַ/יֹּאכַֽל	c/398	HC/Vqw3ms	10sNB
12	21	1		וַ/יֹּאמְר֤וּ	c/559	HC/Vqw3mp	10mk1
12	21	2		עֲבָדָי/ו֙	5650	HNcmpc/Sp3ms	10myk
12	21	3		אֵלָ֔י/ו	413	HR/Sp3ms	10mjE
12	21	4		מָֽה	4100	HTi	10QJA
12	21	5		הַ/דָּבָ֥ר	d/1697	HTd/Ncmsa	10CPB
12	21	6		הַ/זֶּ֖ה	d/2088	HTd/Pdxms	10113
12	21	7		אֲשֶׁ֣ר	834 a	HTr	10wq8
12	21	8		עָשִׂ֑יתָה	6213 a	HVqp2ms	10FGW
12	21	9		בַּ/עֲב֞וּר	b/5668	HR/Ncmsc	10Ld7
12	21	10		הַ/יֶּ֤לֶד	d/3206	HTd/Ncmsa	10Xo3
12	21	11		חַי֙	2416 a	HAamsa	10RHX
12	21	12		צַ֣מְתָּ	6684	HVqp2ms	10BCV
12	21	13		וַ/תֵּ֔בְךְּ	c/1058	HC/Vqw2ms	10oTL
12	21	14		וְ/כַֽ/אֲשֶׁר֙	c/k/834 d	HC/R/Tr	10DoL
12	21	15		מֵ֣ת	4191	HVqp3ms	104pE
12	21	16		הַ/יֶּ֔לֶד	d/3206	HTd/Ncmsa	10DFj
12	21	17		קַ֖מְתָּ	6965 b	HVqp2ms	10rYe
12	21	18		וַ/תֹּ֥אכַל	c/398	HC/Vqw2ms	10b8e
12	21	19		לָֽחֶם	3899	HNcbsa	10jni
12	22	1		וַ/יֹּ֕אמֶר	c/559	HC/Vqw3ms	10Y7m
12	22	2		בְּ/עוֹד֙	b/5750	HR/D	10sPR
12	22	3		הַ/יֶּ֣לֶד	d/3206	HTd/Ncmsa	105tD
12	22	4		חַ֔י	2416 a	HAamsa	10m39
12	22	5		צַ֖מְתִּי	6684	HVqp1cs	10ZsB
12	22	6		וָֽ/אֶבְכֶּ֑ה	c/1058	HC/Vqw1cs	10VXi
12	22	7		כִּ֤י	3588 a	HC	10QxV
12	22	8		אָמַ֨רְתִּי֙	559	HVqp1cs	10c9a
12	22	9		מִ֣י	4310	HTi	10v9b
12	22	10		יוֹדֵ֔עַ	3045	HVqrmsa	10Sw9
12	22	11	x-ketiv	יחנ/ני	2603 a	HVqi3ms/Sp1cs	10in2
12	22	12		וְ/חַנַּ֥/נִי	c/2603 a	HC/Vqq3ms/Sp1cs	10cdx
12	22	13		יְהוָ֖ה	3068	HNp	106gi
12	22	14		וְ/חַ֥י	c/2416 a	HC/Vqq3ms	109nq
12	22	15		הַ/יָּֽלֶד	d/3206	HTd/Ncmsa	10tmJ
12	23	1		וְ/עַתָּ֣ה	c/6258	HC/D	10WgN
12	23	2		מֵ֗ת	4191	HVqp3ms	10m7K
12	23	3		לָ֤/מָּה	l/4100	HR/Ti	10Qzb
12	23	4		זֶּה֙	2088	HPdxms	10DPt
12	23	5		אֲנִ֣י	589	HPp1cs	10AAx
12	23	6		צָ֔ם	6684	HVqrmsa	10HFs
12	23	7		הַ/אוּכַ֥ל	i/3201	HTi/Vqi1cs	10duL
12	23	8		לַ/הֲשִׁיב֖/וֹ	l/7725	HR/Vhc/Sp3ms	10Bdx
12	23	9		ע֑וֹד	5750	HD	10o2X
12	23	10		אֲנִי֙	589	HPp1cs	10rWy
12	23	11		הֹלֵ֣ךְ	1980	HVqrmsa	108Pg
12	23	12		אֵלָ֔י/ו	413	HR/Sp3ms	10FxB
12	23	13		וְ/ה֖וּא	c/1931	HC/Pp3ms	10eMv
12	23	14		לֹֽא	3808	HTn	10DrT
12	23	15		יָשׁ֥וּב	7725	HVqi3ms	10uHY
12	23	16		אֵלָֽ/י	413	HR/Sp1cs	10F9W
12	24	1		וַ/יְנַחֵ֣ם	c/5162	HC/Vpw3ms	10mRM
12	24	2		דָּוִ֗ד	1732	HNp	10aY7
12	24	3		אֵ֚ת	853	HTo	10r3M
12	24	4		בַּת	1339+	HNp	10nzk
12	24	5		שֶׁ֣בַע	1339	HAcfsa	104we
12	24	6		אִשְׁתּ֔/וֹ	802	HNcfsc/Sp3ms	10YKJ
12	24	7		וַ/יָּבֹ֥א	c/935	HC/Vqw3ms	1031a
12	24	8		אֵלֶ֖י/הָ	413	HR/Sp3fs	10yFv
12	24	9		וַ/יִּשְׁכַּ֣ב	c/7901	HC/Vqw3ms	107a7
12	24	10		עִמָּ֑/הּ	5973 a	HR/Sp3fs	10wMY
12	24	11		וַ/תֵּ֣לֶד	c/3205	HC/Vqw3fs	10rQi
12	24	12		בֵּ֗ן	1121 a	HNcmsa	101TM
12	24	13	x-ketiv	ו/יקרא	c/7121	HC/Vqw3ms	109HW
12	24	14		וַ/תִּקְרָ֤א	c/7121	HC/Vqw3fs	10Yoz
12	24	15		אֶת	853	HTo	10KFq
12	24	16		שְׁמ/וֹ֙	8034	HNcmsc/Sp3ms	10efx
12	24	17		שְׁלֹמֹ֔ה	8010	HNp	10Tt9
12	24	18		וַ/יהוָ֖ה	c/3068	HC/Np	10yQh
12	24	19		אֲהֵבֽ/וֹ	157	HVqp3ms/Sp3ms	10CAN
12	25	1		וַ/יִּשְׁלַ֗ח	c/7971	HC/Vqw3ms	10Xva
12	25	2		בְּ/יַד֙	b/3027	HR/Ncbsc	10ef9
12	25	3		נָתָ֣ן	5416	HNp	10JnZ
12	25	4		הַ/נָּבִ֔יא	d/5030	HTd/Ncmsa	10qg7
12	25	5		וַ/יִּקְרָ֥א	c/7121	HC/Vqw3ms	10cSo
12	25	6		אֶת	853	HTo	10Yyj
12	25	7		שְׁמ֖/וֹ	8034	HNcmsc/Sp3ms	10opb
12	25	8		יְדִ֣ידְיָ֑הּ	3041	HNp	103dA
12	25	9		בַּ/עֲב֖וּר	b/5668	HR/Ncmsc	10m49
12	25	10		יְהוָֽה	3068	HNp	10HAZ
12	26	1		וַ/יִּלָּ֣חֶם	c/3898 a	HC/VNw3ms	1018S
12	26	2		יוֹאָ֔ב	3097	HNp	10pvu
12	26	3		בְּ/רַבַּ֖ת	b/7237	HR/Np	10RzD
12	26	4		בְּנֵ֣י	1121 a	HNcmpc	10b9d
12	26	5		עַמּ֑וֹן	5983	HNp	10yKt
12	26	6		וַ/יִּלְכֹּ֖ד	c/3920	HC/Vqw3ms	10kTv
12	26	7		אֶת	853	HTo	103Zu
12	26	8		עִ֥יר	5892 b	HNcfsc	10cNU
12	26	9		הַ/מְּלוּכָֽה	d/4410	HTd/Ncfsa	10w93
12	27	1		וַ/יִּשְׁלַ֥ח	c/7971	HC/Vqw3ms	10hRC
12	27	2		יוֹאָ֛ב	3097	HNp	10y8q
12	27	3		מַלְאָכִ֖ים	4397	HNcmpa	106Us
12	27	4		אֶל	413	HR	107EH
12	27	5		דָּוִ֑ד	1732	HNp	10xEy
12	27	6		וַ/יֹּ֨אמֶר֙	c/559	HC/Vqw3ms	10dYW
12	27	7		נִלְחַ֣מְתִּי	3898 a	HVNp1cs	10Dbu
12	27	8		בְ/רַבָּ֔ה	b/7237	HR/Np	10biE
12	27	9		גַּם	1571	HTa	101oc
12	27	10		לָכַ֖דְתִּי	3920	HVqp1cs	10X8S
12	27	11		אֶת	853	HTo	10spk
12	27	12		עִ֥יר	5892 b	HNcfsc	10tvc
12	27	13		הַ/מָּֽיִם	d/4325	HTd/Ncmpa	10Xj8
12	28	1		וְ/עַתָּ֗ה	c/6258	HC/D	103ho
12	28	2		אֱסֹף֙	622	HVqv2ms	10u8J
12	28	3		אֶת	853	HTo	10pVY
12	28	4		יֶ֣תֶר	3499 a	HNcmsc	10biG
12	28	5		הָ/עָ֔ם	d/5971 a	HTd/Ncmsa	10pZy
12	28	6		וַ/חֲנֵ֥ה	c/2583	HC/Vqv2ms	10q48
12	28	7		עַל	5921 a	HR	10s4E
12	28	8		הָ/עִ֖יר	d/5892 b	HTd/Ncfsa	10h3h
12	28	9		וְ/לָכְדָ֑/הּ	c/3920	HC/Vqv2ms/Sp3fs	10918
12	28	10		פֶּן	6435	HC	10oD9
12	28	11		אֶלְכֹּ֤ד	3920	HVqi1cs	10iih
12	28	12		אֲנִי֙	589	HPp1cs	10vUK
12	28	13		אֶת	853	HTo	10ZDx
12	28	14		הָ/עִ֔יר	d/5892 b	HTd/Ncfsa	10YCX
12	28	15		וְ/נִקְרָ֥א	c/7121	HC/VNq3ms	10YWB
12	28	16		שְׁמִ֖/י	8034	HNcmsc/Sp1cs	10tQU
12	28	17		עָלֶֽי/הָ	5921 a	HR/Sp3fs	10CJW
12	29	1		וַ/יֶּאֱסֹ֥ף	c/622	HC/Vqw3ms	10Y86
12	29	2		דָּוִ֛ד	1732	HNp	109vU
12	29	3		אֶת	853	HTo	109R8
12	29	4		כָּל	3605	HNcmsc	10moo
12	29	5		הָ/עָ֖ם	d/5971 a	HTd/Ncmsa	10gAE
12	29	6		וַ/יֵּ֣לֶךְ	c/3212	HC/Vqw3ms	10ZAq
12	29	7		רַבָּ֑תָ/ה	7237	HNp/Sd	10ubx
12	29	8		וַ/יִּלָּ֥חֶם	c/3898 a	HC/VNw3ms	10cLd
12	29	9		בָּ֖/הּ	b	HR/Sp3fs	10fc7
12	29	10		וַֽ/יִּלְכְּדָֽ/הּ	c/3920	HC/Vqw3ms/Sp3fs	10zLa
12	30	1		וַ/יִּקַּ֣ח	c/3947	HC/Vqw3ms	10Dcd
12	30	2		אֶת	853	HTo	10sHq
12	30	3		עֲטֶֽרֶת	5850	HNcfsc	10Z4P
12	30	4		מַלְכָּ/ם֩	4428	HNcmsc/Sp3mp	10n76
12	30	5		מֵ/עַ֨ל	m/5921 a	HR/R	10bD6
12	30	6		רֹאשׁ֜/וֹ	7218 a	HNcmsc/Sp3ms	10wcG
12	30	7		וּ/מִשְׁקָלָ֨/הּ	c/4948	HC/Ncmsc/Sp3fs	10S4Y
12	30	8		כִּכַּ֤ר	3603	HNcbsc	10pJA
12	30	9		זָהָב֙	2091	HNcmsa	10T7j
12	30	10		וְ/אֶ֣בֶן	c/68	HC/Ncfsa	10fBv
12	30	11		יְקָרָ֔ה	3368	HAafsa	10mGL
12	30	12		וַ/תְּהִ֖י	c/1961	HC/Vqw3fs	10m4P
12	30	13		עַל	5921 a	HR	10YX6
12	30	14		רֹ֣אשׁ	7218 a	HNcmsc	10aYb
12	30	15		דָּוִ֑ד	1732	HNp	10M4g
12	30	16		וּ/שְׁלַ֥ל	c/7998	HC/Ncmsc	10WUC
12	30	17		הָ/עִ֛יר	d/5892 b	HTd/Ncfsa	10pov
12	30	18		הוֹצִ֖יא	3318	HVhp3ms	103VU
12	30	19		הַרְבֵּ֥ה	7235 a	HVha	108qr
12	30	20		מְאֹֽד	3966	HD	10Sag
12	31	1		וְ/אֶת	c/853	HC/To	10awo
12	31	2		הָ/עָ֨ם	d/5971 a	HTd/Ncmsa	10FpW
12	31	3		אֲשֶׁר	834 a	HTr	10Q3M
12	31	4		בָּ֜/הּ	b	HR/Sp3fs	10ztj
12	31	5		הוֹצִ֗יא	3318	HVhp3ms	10uxE
12	31	6		וַ/יָּ֣שֶׂם	c/7760 a	HC/Vqw3ms	108qh
12	31	7		בַּ֠/מְּגֵרָה	b/4050	HRd/Ncfsa	10zk3
12	31	8		וּ/בַ/חֲרִצֵ֨י	c/b/2757	HC/R/Ncmpc	10art
12	31	9		הַ/בַּרְזֶ֜ל	d/1270	HTd/Ncmsa	10XTQ
12	31	10		וּֽ/בְ/מַגְזְרֹ֣ת	c/b/4037	HC/R/Ncfpc	10pgc
12	31	11		הַ/בַּרְזֶ֗ל	d/1270	HTd/Ncmsa	10nnX
12	31	12		וְ/הֶעֱבִ֤יר	c/5674 a	HC/Vhp3ms	109fu
12	31	13		אוֹתָ/ם֙	853	HTo/Sp3mp	10gcE
12	31	14	x-ketiv	ב/מלכן	b/4404	HRd/Ncmsa	10EgB
12	31	15		בַּ/מַּלְבֵּ֔ן	b/4404	HRd/Ncmsa	10NgL
12	31	16		וְ/כֵ֣ן	c/3651 c	HC/Tm	10oX6
12	31	17		יַעֲשֶׂ֔ה	6213 a	HVqi3ms	10JwH
12	31	18		לְ/כֹ֖ל	l/3605	HR/Ncmsc	10LPw
12	31	19		עָרֵ֣י	5892 b	HNcfpc	10enA
12	31	20		בְנֵֽי	1121 a	HNcmpc	10YX2
12	31	21		עַמּ֑וֹן	5983	HNp	10TkZ
12	31	22		וַ/יָּ֧שָׁב	c/7725	HC/Vqw3ms	10VP3
12	31	23		דָּוִ֛ד	1732	HNp	109LC
12	31	24		וְ/כָל	c/3605	HC/Ncmsc	106ty
12	31	25		הָ/עָ֖ם	d/5971 a	HTd/Ncmsa	10u6K
12	31	26		יְרוּשָׁלִָֽם	3389	HNp	10PQd
13	1	1		וַ/יְהִ֣י	c/1961	HC/Vqw3ms	10MHe
13	1	2		אַֽחֲרֵי	310 a	HR	10Q1Y
13	1	3		כֵ֗ן	3651 c	HD	10Y4x
13	1	4		וּ/לְ/אַבְשָׁל֧וֹם	c/l/53	HC/R/Np	10RLf
13	1	5		בֶּן	1121 a	HNcmsc	10R79
13	1	6		דָּוִ֛ד	1732	HNp	10xRL
13	1	7		אָח֥וֹת	269	HNcfsa	10vxt
13	1	8		יָפָ֖ה	3303	HAafsa	1026U
13	1	9		וּ/שְׁמָ֣/הּ	c/8034	HC/Ncmsc/Sp3fs	10ZvP
13	1	10		תָּמָ֑ר	8559	HNp	102eu
13	1	11		וַ/יֶּאֱהָבֶ֖/הָ	c/157	HC/Vqw3ms/Sp3fs	10Xfm
13	1	12		אַמְנ֥וֹן	550	HNp	10sGE
13	1	13		בֶּן	1121 a	HNcmsc	106g8
13	1	14		דָּוִֽד	1732	HNp	10BrJ
13	2	1		וַ/יֵּ֨צֶר	c/3334	HC/Vqw3ms	105mG
13	2	2		לְ/אַמְנ֜וֹן	l/550	HR/Np	10wJu
13	2	3		לְ/הִתְחַלּ֗וֹת	l/2470 a	HR/Vtc	10gKD
13	2	4		בַּֽ/עֲבוּר֙	b/5668	HR/Ncmsc	10hca
13	2	5		תָּמָ֣ר	8559	HNp	10khN
13	2	6		אֲחֹת֔/וֹ	269	HNcfsc/Sp3ms	10nJG
13	2	7		כִּ֥י	3588 a	HC	102W7
13	2	8		בְתוּלָ֖ה	1330	HNcfsa	108pa
13	2	9		הִ֑יא	1931	HPp3fs	10QNM
13	2	10		וַ/יִּפָּלֵא֙	c/6381	HC/VNw3ms	10KBD
13	2	11		בְּ/עֵינֵ֣י	b/5869 a	HR/Ncbdc	10i6P
13	2	12		אַמְנ֔וֹן	550	HNp	10TCC
13	2	13		לַ/עֲשׂ֥וֹת	l/6213 a	HR/Vqc	106Em
13	2	14		לָ֖/הּ	l	HR/Sp3fs	105S4
13	2	15		מְאֽוּמָה	3972	HNcfsa	10MAJ
13	3	1		וּ/לְ/אַמְנ֣וֹן	c/l/550	HC/R/Np	10eFY
13	3	2		רֵ֗עַ	7453	HNcmsa	109CN
13	3	3		וּ/שְׁמ/וֹ֙	c/8034	HC/Ncmsc/Sp3ms	103M5
13	3	4		יֽוֹנָדָ֔ב	3122	HNp	105Ar
13	3	5		בֶּן	1121 a	HNcmsc	10315
13	3	6		שִׁמְעָ֖ה	8093	HNp	10EMQ
13	3	7		אֲחִ֣י	251	HNcmsc	101qL
13	3	8		דָוִ֑ד	1732	HNp	10sHh
13	3	9		וְ/י֣וֹנָדָ֔ב	c/3122	HC/Np	10nw3
13	3	10		אִ֥ישׁ	376	HNcmsa	10hip
13	3	11		חָכָ֖ם	2450	HAamsa	10qKh
13	3	12		מְאֹֽד	3966	HD	10K3s
13	4	1		וַ/יֹּ֣אמֶר	c/559	HC/Vqw3ms	10Udm
13	4	2		ל֗/וֹ	l	HR/Sp3ms	10pSF
13	4	3		מַדּ֣וּעַ	4069	HTi	10wfx
13	4	4		אַ֠תָּה	859 a	HPp2ms	10rqa
13	4	5		כָּ֣כָה	3602	HD	10ZRa
13	4	6		דַּ֤ל	1800	HAamsa	10XtJ
13	4	7		בֶּן	1121 a	HNcmsc	10D2e
13	4	8		הַ/מֶּ֨לֶךְ֙	d/4428	HTd/Ncmsa	10Mu5
13	4	9		בַּ/בֹּ֣קֶר	b/1242	HRd/Ncmsa	10nSW
13	4	10		בַּ/בֹּ֔קֶר	b/1242	HRd/Ncmsa	108m3
13	4	11		הֲ/ל֖וֹא	i/3808	HTi/Tn	10fBz
13	4	12		תַּגִּ֣יד	5046	HVhi2ms	10yf4
13	4	13		לִ֑/י	l	HR/Sp1cs	10kib
13	4	14		וַ/יֹּ֤אמֶר	c/559	HC/Vqw3ms	10yQw
13	4	15		ל/וֹ֙	l	HR/Sp3ms	10vAd
13	4	16		אַמְנ֔וֹן	550	HNp	10hNu
13	4	17		אֶת	853	HTo	1093D
13	4	18		תָּמָ֗ר	8559	HNp	10Evy
13	4	19		אֲח֛וֹת	269	HNcfsc	10qSH
13	4	20		אַבְשָׁלֹ֥ם	53	HNp	10vYV
13	4	21		אָחִ֖/י	251	HNcmsc/Sp1cs	10rDA
13	4	22		אֲנִ֥י	589	HPp1cs	10Z3T
13	4	23		אֹהֵֽב	157	HVqrmsa	10fn2
13	5	1		וַ/יֹּ֤אמֶר	c/559	HC/Vqw3ms	104nS
13	5	2		ל/וֹ֙	l	HR/Sp3ms	109p2
13	5	3		יְה֣וֹנָדָ֔ב	3082	HNp	105Sr
13	5	4		שְׁכַ֥ב	7901	HVqv2ms	10np9
13	5	5		עַל	5921 a	HR	10au6
13	5	6		מִשְׁכָּבְ/ךָ֖	4904	HNcmsc/Sp2ms	10Yj4
13	5	7		וְ/הִתְחָ֑ל	c/2470 a	HC/Vtv2ms	10P4Y
13	5	8		וּ/בָ֧א	c/935	HC/Vqq3ms	103AT
13	5	9		אָבִ֣י/ךָ	1	HNcmsc/Sp2ms	10MMh
13	5	10		לִ/רְאוֹתֶ֗/ךָ	l/7200	HR/Vqc/Sp2ms	10C6R
13	5	11		וְ/אָמַרְתָּ֣	c/559	HC/Vqq2ms	10Tsm
13	5	12		אֵלָ֡י/ו	413	HR/Sp3ms	10C4T
13	5	13		תָּ֣בֹא	935	HVqj3fs	10ErU
13	5	14		נָא֩	4994	HTe	10b1D
13	5	15		תָמָ֨ר	8559	HNp	10RBu
13	5	16		אֲחוֹתִ֜/י	269	HNcfsc/Sp1cs	10DAW
13	5	17		וְ/תַבְרֵ֣/נִי	c/1262	HC/Vhj3fs/Sp1cs	10Hip
13	5	18		לֶ֗חֶם	3899	HNcbsa	10rvf
13	5	19		וְ/עָשְׂתָ֤ה	c/6213 a	HC/Vqq3fs	10EUu
13	5	20		לְ/עֵינַ/י֙	l/5869 a	HR/Ncbdc/Sp1cs	10MRq
13	5	21		אֶת	853	HTo	10Rrp
13	5	22		הַ/בִּרְיָ֔ה	d/1279	HTd/Ncfsa	1017A
13	5	23		לְמַ֨עַן֙	4616	HR	10Q4z
13	5	24		אֲשֶׁ֣ר	834 a	HTr	10FYp
13	5	25		אֶרְאֶ֔ה	7200	HVqi1cs	108m1
13	5	26		וְ/אָכַלְתִּ֖י	c/398	HC/Vqq1cs	108mf
13	5	27		מִ/יָּדָֽ/הּ	m/3027	HR/Ncbsc/Sp3fs	103kw
13	6	1		וַ/יִּשְׁכַּ֥ב	c/7901	HC/Vqw3ms	10wCh
13	6	2		אַמְנ֖וֹן	550	HNp	10zrv
13	6	3		וַ/יִּתְחָ֑ל	c/2470 a	HC/Vtw3ms	10zCn
13	6	4		וַ/יָּבֹ֨א	c/935	HC/Vqw3ms	103zp
13	6	5		הַ/מֶּ֜לֶךְ	d/4428	HTd/Ncmsa	10QAE
13	6	6		לִ/רְאֹת֗/וֹ	l/7200	HR/Vqc/Sp3ms	10jpx
13	6	7		וַ/יֹּ֨אמֶר	c/559	HC/Vqw3ms	10i8q
13	6	8		אַמְנ֤וֹן	550	HNp	10TP4
13	6	9		אֶל	413	HR	109Ng
13	6	10		הַ/מֶּ֨לֶךְ֙	d/4428	HTd/Ncmsa	104MJ
13	6	11		תָּֽבוֹא	935	HVqj3fs	10efU
13	6	12		נָ֞א	4994	HTe	10R3h
13	6	13		תָּמָ֣ר	8559	HNp	10icS
13	6	14		אֲחֹתִ֗/י	269	HNcfsc/Sp1cs	10hwb
13	6	15		וּ/תְלַבֵּ֤ב	c/3823 b	HC/Vpi3fs	10rTr
13	6	16		לְ/עֵינַ/י֙	l/5869 a	HR/Ncbdc/Sp1cs	10bfb
13	6	17		שְׁתֵּ֣י	8147	HAcfdc	10mEa
13	6	18		לְבִב֔וֹת	3834	HNcfpa	10ydN
13	6	19		וְ/אֶבְרֶ֖ה	c/1262	HC/Vqi1cs	10HVK
13	6	20		מִ/יָּדָֽ/הּ	m/3027	HR/Ncbsc/Sp3fs	10jiK
13	7	1		וַ/יִּשְׁלַ֥ח	c/7971	HC/Vqw3ms	10Vqg
13	7	2		דָּוִ֛ד	1732	HNp	10yTL
13	7	3		אֶל	413	HR	103Xt
13	7	4		תָּמָ֖ר	8559	HNp	10dTm
13	7	5		הַ/בַּ֣יְתָ/ה	d/1004 b	HTd/Ncmsa/Sd	106o3
13	7	6		לֵ/אמֹ֑ר	l/559	HR/Vqc	10cZp
13	7	7		לְכִ֣י	3212	HVqv2fs	10diR
13	7	8		נָ֗א	4994	HTe	10kEs
13	7	9		בֵּ֚ית	1004 b	HNcmsc	10bvu
13	7	10		אַמְנ֣וֹן	550	HNp	10a1T
13	7	11		אָחִ֔י/ךְ	251	HNcmsc/Sp2fs	10TnP
13	7	12		וַ/עֲשִׂי	c/6213 a	HC/Vqv2fs	10JjK
13	7	13		ל֖/וֹ	l	HR/Sp3ms	10PFs
13	7	14		הַ/בִּרְיָֽה	d/1279	HTd/Ncfsa	103pH
13	8	1		וַ/תֵּ֣לֶךְ	c/3212	HC/Vqw3fs	10eEz
13	8	2		תָּמָ֗ר	8559	HNp	10RwK
13	8	3		בֵּ֛ית	1004 b	HNcmsc	10vTf
13	8	4		אַמְנ֥וֹן	550	HNp	10jRy
13	8	5		אָחִ֖י/הָ	251	HNcmsc/Sp3fs	10kAg
13	8	6		וְ/ה֣וּא	c/1931	HC/Pp3ms	106JK
13	8	7		שֹׁכֵ֑ב	7901	HVqrmsa	10ibz
13	8	8		וַ/תִּקַּ֨ח	c/3947	HC/Vqw3fs	106Zt
13	8	9		אֶת	853	HTo	10Ywk
13	8	10		הַ/בָּצֵ֤ק	d/1217	HTd/Ncmsa	102Ag
13	8	11	x-ketiv	ו/תלוש	c/3888	HC/Vqw3fs	10Saf
13	8	12		וַ/תָּ֨לָשׁ֙	c/3888	HC/Vqw3fs	10KVW
13	8	13		וַ/תְּלַבֵּ֣ב	c/3823 b	HC/Vpw3fs	10ybr
13	8	14		לְ/עֵינָ֔י/ו	l/5869 a	HR/Ncbdc/Sp3ms	10Rgy
13	8	15		וַ/תְּבַשֵּׁ֖ל	c/1310	HC/Vpw3fs	10CDd
13	8	16		אֶת	853	HTo	10Li1
13	8	17		הַ/לְּבִבֽוֹת	d/3834	HTd/Ncfpa	10pYz
13	9	1		וַ/תִּקַּ֤ח	c/3947	HC/Vqw3fs	10mTQ
13	9	2		אֶת	853	HTo	10yeW
13	9	3		הַ/מַּשְׂרֵת֙	d/4958	HTd/Ncfsa	105vv
13	9	4		וַ/תִּצֹ֣ק	c/3332	HC/Vqw3fs	10V6s
13	9	5		לְ/פָנָ֔י/ו	l/6440	HR/Ncbpc/Sp3ms	10FCH
13	9	6		וַ/יְמָאֵ֖ן	c/3985	HC/Vpw3ms	101f5
13	9	7		לֶ/אֱכ֑וֹל	l/398	HR/Vqc	10Z5P
13	9	8		וַ/יֹּ֣אמֶר	c/559	HC/Vqw3ms	105KP
13	9	9		אַמְנ֗וֹן	550	HNp	10qVV
13	9	10		הוֹצִ֤יאוּ	3318	HVhv2mp	10Pg2
13	9	11		כָל	3605	HNcmsc	10Zue
13	9	12		אִישׁ֙	376	HNcmsa	10ncc
13	9	13		מֵֽ/עָלַ֔/י	m/5921 a	HR/R/Sp1cs	102Dc
13	9	14		וַ/יֵּצְא֥וּ	c/3318	HC/Vqw3mp	10gKj
13	9	15		כָל	3605	HNcmsc	10fDt
13	9	16		אִ֖ישׁ	376	HNcmsa	10Zsb
13	9	17		מֵ/עָלָֽי/ו	m/5921 a	HR/R/Sp3ms	107ZE
13	10	1		וַ/יֹּ֨אמֶר	c/559	HC/Vqw3ms	10zWF
13	10	2		אַמְנ֜וֹן	550	HNp	10XPk
13	10	3		אֶל	413	HR	10G2M
13	10	4		תָּמָ֗ר	8559	HNp	10hHK
13	10	5		הָבִ֤יאִי	935	HVhv2fs	10a8K
13	10	6		הַ/בִּרְיָה֙	d/1279	HTd/Ncfsa	10uiR
13	10	7		הַ/חֶ֔דֶר	d/2315	HTd/Ncmsa	10sWP
13	10	8		וְ/אֶבְרֶ֖ה	c/1262	HC/Vqi1cs	10GBG
13	10	9		מִ/יָּדֵ֑/ךְ	m/3027	HR/Ncbsc/Sp2fs	10acQ
13	10	10		וַ/תִּקַּ֣ח	c/3947	HC/Vqw3fs	10t1b
13	10	11		תָּמָ֗ר	8559	HNp	10aWG
13	10	12		אֶת	853	HTo	10G7R
13	10	13		הַ/לְּבִבוֹת֙	d/3834	HTd/Ncfpa	10AZv
13	10	14		אֲשֶׁ֣ר	834 a	HTr	10ZFu
13	10	15		עָשָׂ֔תָה	6213 a	HVqp3fs	10qRc
13	10	16		וַ/תָּבֵ֛א	c/935	HC/Vhw3fs	10882
13	10	17		לְ/אַמְנ֥וֹן	l/550	HR/Np	10JzX
13	10	18		אָחִ֖י/הָ	251	HNcmsc/Sp3fs	10EPM
13	10	19		הֶ/חָֽדְרָ/ה	d/2315	HTd/Ncmsa/Sd	108LY
13	11	1		וַ/תַּגֵּ֥שׁ	c/5066	HC/Vhw3fs	10TcQ
13	11	2		אֵלָ֖י/ו	413	HR/Sp3ms	10CiQ
13	11	3		לֶֽ/אֱכֹ֑ל	l/398	HR/Vqc	10PJ7
13	11	4		וַ/יַּֽחֲזֶק	c/2388	HC/Vhw3ms	10kht
13	11	5		בָּ/הּ֙	b	HR/Sp3fs	10JpD
13	11	6		וַ/יֹּ֣אמֶר	c/559	HC/Vqw3ms	10mnM
13	11	7		לָ֔/הּ	l	HR/Sp3fs	10wHF
13	11	8		בּ֛וֹאִי	935	HVqv2fs	10yhp
13	11	9		שִׁכְבִ֥י	7901	HVqv2fs	10U6B
13	11	10		עִמִּ֖/י	5973 a	HR/Sp1cs	106Li
13	11	11		אֲחוֹתִֽ/י	269	HNcfsc/Sp1cs	10hin
13	12	1		וַ/תֹּ֣אמֶר	c/559	HC/Vqw3fs	10JVU
13	12	2		ל֗/וֹ	l	HR/Sp3ms	10YsH
13	12	3		אַל	408	HTn	10Y6g
13	12	4		אָחִ/י֙	251	HNcmsc/Sp1cs	10mjQ
13	12	5		אַל	408	HTn	10gFP
13	12	6		תְּעַנֵּ֔/נִי	6031 b	HVpj2ms/Sp1cs	10oHn
13	12	7		כִּ֛י	3588 a	HC	103wd
13	12	8		לֹא	3808	HTn	10HXV
13	12	9		יֵֽעָשֶׂ֥ה	6213 a	HVNi3ms	10fTJ
13	12	10		כֵ֖ן	3651 c	HD	10gq4
13	12	11		בְּ/יִשְׂרָאֵ֑ל	b/3478	HR/Np	1096j
13	12	12		אַֽל	408	HTn	10apg
13	12	13		תַּעֲשֵׂ֖ה	6213 a	HVqj2ms	10m2R
13	12	14		אֶת	853	HTo	10xro
13	12	15		הַ/נְּבָלָ֥ה	d/5039	HTd/Ncfsa	10GFp
13	12	16		הַ/זֹּֽאת	d/2063	HTd/Pdxfs	10rbG
13	13	1		וַ/אֲנִ֗י	c/589	HC/Pp1cs	109Fz
13	13	2		אָ֤נָה	575	HD	107pF
13	13	3		אוֹלִיךְ֙	3212	HVhi1cs	102K9
13	13	4		אֶת	853	HTo	10Xqr
13	13	5		חֶרְפָּתִ֔/י	2781	HNcfsc/Sp1cs	10WuJ
13	13	6		וְ/אַתָּ֗ה	c/859 a	HC/Pp2ms	10ZHe
13	13	7		תִּהְיֶ֛ה	1961	HVqi2ms	10K24
13	13	8		כְּ/אַחַ֥ד	k/259	HR/Acmsc	10t3M
13	13	9		הַ/נְּבָלִ֖ים	d/5036	HTd/Aampa	10nLn
13	13	10		בְּ/יִשְׂרָאֵ֑ל	b/3478	HR/Np	10byF
13	13	11		וְ/עַתָּה֙	c/6258	HC/D	10NQV
13	13	12		דַּבֶּר	1696	HVpv2ms	10RhE
13	13	13		נָ֣א	4994	HTe	10JDU
13	13	14		אֶל	413	HR	10JCR
13	13	15		הַ/מֶּ֔לֶךְ	d/4428	HTd/Ncmsa	10D4D
13	13	16		כִּ֛י	3588 a	HC	10XqW
13	13	17		לֹ֥א	3808	HTn	10FeL
13	13	18		יִמְנָעֵ֖/נִי	4513	HVqi3ms/Sp1cs	10urP
13	13	19		מִמֶּֽ/ךָּ	4480 a	HR/Sp2ms	106hR
13	14	1		וְ/לֹ֥א	c/3808	HC/Tn	10sJT
13	14	2		אָבָ֖ה	14	HVqp3ms	10eix
13	14	3		לִ/שְׁמֹ֣עַ	l/8085	HR/Vqc	104SZ
13	14	4		בְּ/קוֹלָ֑/הּ	b/6963 a	HR/Ncmsc/Sp3fs	10ujg
13	14	5		וַ/יֶּחֱזַ֤ק	c/2388	HC/Vqw3ms	10n8U
13	14	6		מִמֶּ֨/נָּה֙	4480 a	HR/Sp3fs	10KFN
13	14	7		וַ/יְעַנֶּ֔/הָ	c/6031 b	HC/Vpw3ms/Sp3fs	10ee6
13	14	8		וַ/יִּשְׁכַּ֖ב	c/7901	HC/Vqw3ms	10L7f
13	14	9		אֹתָֽ/הּ	853	HTo/Sp3fs	10Nkz
13	15	1		וַ/יִּשְׂנָאֶ֣/הָ	c/8130	HC/Vqw3ms/Sp3fs	10e66
13	15	2		אַמְנ֗וֹן	550	HNp	10Xic
13	15	3		שִׂנְאָה֙	8135	HNcfsa	109VK
13	15	4		גְּדוֹלָ֣ה	1419 a	HAafsa	10MHN
13	15	5		מְאֹ֔ד	3966	HD	10zWe
13	15	6		כִּ֣י	3588 a	HC	10Toi
13	15	7		גְדוֹלָ֗ה	1419 a	HAafsa	108VV
13	15	8		הַ/שִּׂנְאָה֙	d/8135	HTd/Ncfsa	10K1b
13	15	9		אֲשֶׁ֣ר	834 a	HTr	10Lgi
13	15	10		שְׂנֵאָ֔/הּ	8130	HVqp3ms/Sp3fs	106Yk
13	15	11		מֵ/אַהֲבָ֖ה	m/160	HR/Ncfsa	10yaX
13	15	12		אֲשֶׁ֣ר	834 a	HTr	10LmW
13	15	13		אֲהֵבָ֑/הּ	157	HVqp3ms/Sp3fs	10YUT
13	15	14		וַֽ/יֹּאמֶר	c/559	HC/Vqw3ms	10Cts
13	15	15		לָ֥/הּ	l	HR/Sp3fs	10yqG
13	15	16		אַמְנ֖וֹן	550	HNp	106ev
13	15	17		ק֥וּמִי	6965 b	HVqv2fs	10MDh
13	15	18		לֵֽכִי	3212	HVqv2fs	10gZp
13	16	1		וַ/תֹּ֣אמֶר	c/559	HC/Vqw3fs	10dmq
13	16	2		ל֗/וֹ	l	HR/Sp3ms	10RFy
13	16	3		אַל	408	HTn	10U5A
13	16	4		אוֹדֹ֞ת	182	HNcfpc	10YEo
13	16	5		הָ/רָעָ֤ה	d/7451 c	HTd/Ncfsa	10WW5
13	16	6		הַ/גְּדוֹלָה֙	d/1419 a	HTd/Aafsa	10xB1
13	16	7		הַ/זֹּ֔את	d/2063	HTd/Pdxfs	10Dut
13	16	8		מֵ/אַחֶ֛רֶת	m/312	HR/Aafsa	10aAs
13	16	9		אֲשֶׁר	834 a	HTr	10iR4
13	16	10		עָשִׂ֥יתָ	6213 a	HVqp2ms	10WD5
13	16	11		עִמִּ֖/י	5973 a	HR/Sp1cs	10QVS
13	16	12		לְ/שַׁלְּחֵ֑/נִי	l/7971	HR/Vpc/Sp1cs	10Byp
13	16	13		וְ/לֹ֥א	c/3808	HC/Tn	10WT7
13	16	14		אָבָ֖ה	14	HVqp3ms	10mgg
13	16	15		לִ/שְׁמֹ֥עַֽ	l/8085	HR/Vqc	10FtA
13	16	16		לָֽ/הּ	l	HR/Sp3fs	10Wy2
13	17	1		וַ/יִּקְרָ֗א	c/7121	HC/Vqw3ms	10LWF
13	17	2		אֶֽת	853	HTo	1043f
13	17	3		נַעֲר/וֹ֙	5288	HNcmsc/Sp3ms	10DKG
13	17	4		מְשָׁ֣רְת֔/וֹ	8334	HVprmsc/Sp3ms	10Zqk
13	17	5		וַ/יֹּ֕אמֶר	c/559	HC/Vqw3ms	10JHu
13	17	6		שִׁלְחוּ	7971	HVqv2mp	10TX2
13	17	7		נָ֥א	4994	HTe	10BVw
13	17	8		אֶת	853	HTo	10As7
13	17	9		זֹ֛את	2063	HPdxfs	105kf
13	17	10		מֵ/עָלַ֖/י	m/5921 a	HR/R/Sp1cs	10nnm
13	17	11		הַ/ח֑וּצָ/ה	d/2351	HTd/Ncmsa/Sd	10Skh
13	17	12		וּ/נְעֹ֥ל	c/5274 a	HC/Vqv2ms	10hML
13	17	13		הַ/דֶּ֖לֶת	d/1817 c	HTd/Ncfsa	10brS
13	17	14		אַחֲרֶֽי/הָ	310 a	HR/Sp3fs	10wJM
13	18	1		וְ/עָלֶ֨י/הָ֙	c/5921 a	HC/R/Sp3fs	10H8d
13	18	2		כְּתֹ֣נֶת	3801	HNcfsc	1048z
13	18	3		פַּסִּ֔ים	6446	HNcmpa	10M8d
13	18	4		כִּי֩	3588 a	HC	10WKe
13	18	5		כֵ֨ן	3651 c	HD	102KH
13	18	6		תִּלְבַּ֧שְׁןָ	3847	HVqi3fp	10HGY
13	18	7		בְנוֹת	1323	HNcfpc	10NxF
13	18	8		הַ/מֶּ֛לֶךְ	d/4428	HTd/Ncmsa	1062X
13	18	9		הַ/בְּתוּלֹ֖ת	d/1330	HTd/Ncfpa	10hQZ
13	18	10		מְעִילִ֑ים	4598	HNcmpa	101B3
13	18	11		וַ/יֹּצֵ֨א	c/3318	HC/Vhw3ms	10imA
13	18	12		אוֹתָ֤/הּ	853	HTo/Sp3fs	10eZb
13	18	13		מְשָֽׁרְת/וֹ֙	8334	HVprmsc/Sp3ms	10Kg3
13	18	14		הַ/ח֔וּץ	d/2351	HTd/Ncmsa	10L37
13	18	15		וְ/נָעַ֥ל	c/5274 a	HC/Vqp3ms	10Dbh
13	18	16		הַ/דֶּ֖לֶת	d/1817 c	HTd/Ncfsa	10GXn
13	18	17		אַחֲרֶֽי/הָ	310 a	HR/Sp3fs	10mmj
13	19	1		וַ/תִּקַּ֨ח	c/3947	HC/Vqw3fs	10vT5
13	19	2		תָּמָ֥ר	8559	HNp	10ia1
13	19	3		אֵ֨פֶר֙	665	HNcmsa	10Lgd
13	19	4		עַל	5921 a	HR	10GhB
13	19	5		רֹאשָׁ֔/הּ	7218 a	HNcmsc/Sp3fs	105PW
13	19	6		וּ/כְתֹ֧נֶת	c/3801	HC/Ncfsc	103FW
13	19	7		הַ/פַּסִּ֛ים	d/6446	HTd/Ncmpa	10jwC
13	19	8		אֲשֶׁ֥ר	834 a	HTr	10GmR
13	19	9		עָלֶ֖י/הָ	5921 a	HR/Sp3fs	10xun
13	19	10		קָרָ֑עָה	7167	HVqp3fs	10zAv
13	19	11		וַ/תָּ֤שֶׂם	c/7760 a	HC/Vqw3fs	101c2
13	19	12		יָדָ/הּ֙	3027	HNcbsc/Sp3fs	10q28
13	19	13		עַל	5921 a	HR	108oG
13	19	14		רֹאשָׁ֔/הּ	7218 a	HNcmsc/Sp3fs	102L1
13	19	15		וַ/תֵּ֥לֶךְ	c/3212	HC/Vqw3fs	10e3V
13	19	16		הָל֖וֹךְ	1980	HVqa	10Ae1
13	19	17		וְ/זָעָֽקָה	c/2199	HC/Vqq3fs	10PFr
13	20	1		וַ/יֹּ֨אמֶר	c/559	HC/Vqw3ms	10YKm
13	20	2		אֵלֶ֜י/הָ	413	HR/Sp3fs	10WHq
13	20	3		אַבְשָׁל֣וֹם	53	HNp	10KxQ
13	20	4		אָחִ֗י/הָ	251	HNcmsc/Sp3fs	10NKr
13	20	5		הַ/אֲמִינ֣וֹן	i/550	HTi/Np	10LsJ
13	20	6		אָחִי/ךְ֮	251	HNcmsc/Sp2fs	10bhZ
13	20	7		הָיָ֣ה	1961	HVqp3ms	108nK
13	20	8		עִמָּ/ךְ֒	5973 a	HR/Sp2fs	10tSz
13	20	9		וְ/עַתָּ֞ה	c/6258	HC/D	10FE5
13	20	10		אֲחוֹתִ֤/י	269	HNcfsc/Sp1cs	10Hxz
13	20	11		הַחֲרִ֨ישִׁי֙	2790 b	HVhv2fs	10B3z
13	20	12		אָחִ֣י/ךְ	251	HNcmsc/Sp2fs	10XLq
13	20	13		ה֔וּא	1931	HPp3ms	10nB1
13	20	14		אַל	408	HTn	10h14
13	20	15		תָּשִׁ֥יתִי	7896	HVqj2fs	10vMU
13	20	16		אֶת	853	HTo	10112
13	20	17		לִבֵּ֖/ךְ	3820 a	HNcmsc/Sp2fs	103fE
13	20	18		לַ/דָּבָ֣ר	l/1697	HRd/Ncmsa	10zMp
13	20	19		הַ/זֶּ֑ה	d/2088	HTd/Pdxms	10mxd
13	20	20		וַ/תֵּ֤שֶׁב	c/3427	HC/Vqw3fs	104ir
13	20	21		תָּמָר֙	8559	HNp	106mr
13	20	22		וְ/שֹׁ֣מֵמָ֔ה	c/8076	HC/Vqrfsa	10bXr
13	20	23		בֵּ֖ית	1004 b	HNcmsc	10CCa
13	20	24		אַבְשָׁל֥וֹם	53	HNp	10XzH
13	20	25		אָחִֽי/הָ	251	HNcmsc/Sp3fs	10DHa
13	21	1		וְ/הַ/מֶּ֣לֶךְ	c/d/4428	HC/Td/Ncmsa	10B8t
13	21	2		דָּוִ֔ד	1732	HNp	10SYU
13	21	3		שָׁמַ֕ע	8085	HVqp3ms	10YnQ
13	21	4		אֵ֥ת	853	HTo	10Z2g
13	21	5		כָּל	3605	HNcmsc	106oJ
13	21	6		הַ/דְּבָרִ֖ים	d/1697	HTd/Ncmpa	10mxb
13	21	7		הָ/אֵ֑לֶּה	d/428	HTd/Pdxcp	10cxS
13	21	8		וַ/יִּ֥חַר	c/2734	HC/Vqw3ms	10YtD
13	21	9		ל֖/וֹ	l	HR/Sp3ms	10uia
13	21	10		מְאֹֽד	3966	HD	10B8N
13	22	1		וְ/לֹֽא	c/3808	HC/Tn	108DB
13	22	2		דִבֶּ֧ר	1696	HVpp3ms	10tUc
13	22	3		אַבְשָׁל֛וֹם	53	HNp	10w3D
13	22	4		עִם	5973 a	HR	10gJP
13	22	5		אַמְנ֖וֹן	550	HNp	10j3e
13	22	6		לְ/מֵ/רָ֣ע	l/m/7451 a	HR/R/Aamsa	10Cfv
13	22	7		וְ/עַד	c/5704	HC/R	10q1p
13	22	8		ט֑וֹב	2896 a	HAamsa	10g8J
13	22	9		כִּֽי	3588 a	HC	109QM
13	22	10		שָׂנֵ֤א	8130	HVqp3ms	10Sgb
13	22	11		אַבְשָׁלוֹם֙	53	HNp	10t8Y
13	22	12		אֶת	853	HTo	10KTA
13	22	13		אַמְנ֔וֹן	550	HNp	10nVn
13	22	14		עַל	5921 a	HR	10rN2
13	22	15		דְּבַר֙	1697	HNcmsc	10tXE
13	22	16		אֲשֶׁ֣ר	834 a	HTr	10Amo
13	22	17		עִנָּ֔ה	6031 b	HVpp3ms	10tLv
13	22	18		אֵ֖ת	853	HTo	10z69
13	22	19		תָּמָ֥ר	8559	HNp	10ync
13	22	20		אֲחֹתֽ/וֹ	269	HNcfsc/Sp3ms	108fH
13	23	1		וַֽ/יְהִי֙	c/1961	HC/Vqw3ms	10t7b
13	23	2		לִ/שְׁנָתַ֣יִם	l/8141	HR/Ncfda	108o8
13	23	3		יָמִ֔ים	3117	HNcmpa	106Wa
13	23	4		וַ/יִּהְי֤וּ	c/1961	HC/Vqw3mp	10uj4
13	23	5		גֹֽזְזִים֙	1494	HVqrmpa	10Rhy
13	23	6		לְ/אַבְשָׁל֔וֹם	l/53	HR/Np	106gh
13	23	7		בְּ/בַ֥עַל	b/1178+	HR/Np	102w9
13	23	8		חָצ֖וֹר	1178	HNp	10y4p
13	23	9		אֲשֶׁ֣ר	834 a	HTr	10bSv
13	23	10		עִם	5973 a	HR	10LRa
13	23	11		אֶפְרָ֑יִם	669	HNp	10mX8
13	23	12		וַ/יִּקְרָ֥א	c/7121	HC/Vqw3ms	10mV2
13	23	13		אַבְשָׁל֖וֹם	53	HNp	10t7q
13	23	14		לְ/כָל	l/3605	HR/Ncmsc	10cXi
13	23	15		בְּנֵ֥י	1121 a	HNcmpc	10d7W
13	23	16		הַ/מֶּֽלֶךְ	d/4428	HTd/Ncmsa	10Sin
13	24	1		וַ/יָּבֹ֤א	c/935	HC/Vqw3ms	105Jk
13	24	2		אַבְשָׁלוֹם֙	53	HNp	10iSM
13	24	3		אֶל	413	HR	10vpV
13	24	4		הַ/מֶּ֔לֶךְ	d/4428	HTd/Ncmsa	10gVD
13	24	5		וַ/יֹּ֕אמֶר	c/559	HC/Vqw3ms	10kVy
13	24	6		הִנֵּה	2009	HTm	10S4D
13	24	7		נָ֥א	4994	HTe	10SxU
13	24	8		גֹזְזִ֖ים	1494	HVqrmpa	10Z54
13	24	9		לְ/עַבְדֶּ֑/ךָ	l/5650	HR/Ncmsc/Sp2ms	103Xf
13	24	10		יֵֽלֶךְ	3212	HVqj3ms	10JWr
13	24	11		נָ֥א	4994	HTe	10f43
13	24	12		הַ/מֶּ֛לֶךְ	d/4428	HTd/Ncmsa	10hFp
13	24	13		וַ/עֲבָדָ֖י/ו	c/5650	HC/Ncmpc/Sp3ms	10fgh
13	24	14		עִם	5973 a	HR	10YsB
13	24	15		עַבְדֶּֽ/ךָ	5650	HNcmsc/Sp2ms	10PRQ
13	25	1		וַ/יֹּ֨אמֶר	c/559	HC/Vqw3ms	10dUa
13	25	2		הַ/מֶּ֜לֶךְ	d/4428	HTd/Ncmsa	10sYy
13	25	3		אֶל	413	HR	10fdJ
13	25	4		אַבְשָׁל֗וֹם	53	HNp	10Bkg
13	25	5		אַל	408	HTn	103kt
13	25	6		בְּנִ/י֙	1121 a	HNcmsc/Sp1cs	10zPh
13	25	7		אַל	408	HTn	1028Z
13	25	8		נָ֤א	4994	HTe	10scJ
13	25	9		נֵלֵךְ֙	3212	HVqh1cp	10U5T
13	25	10		כֻּלָּ֔/נוּ	3605	HNcmsc/Sp1cp	10cuM
13	25	11		וְ/לֹ֥א	c/3808	HC/Tn	10Js8
13	25	12		נִכְבַּ֖ד	3513	HVqi1cp	10nt3
13	25	13		עָלֶ֑י/ךָ	5921 a	HR/Sp2ms	10VkC
13	25	14		וַ/יִּפְרָץ	c/6555	HC/Vqw3ms	10nou
13	25	15		בּ֛/וֹ	b	HR/Sp3ms	10P34
13	25	16		וְ/לֹֽא	c/3808	HC/Tn	10xcW
13	25	17		אָבָ֥ה	14	HVqp3ms	10vsd
13	25	18		לָ/לֶ֖כֶת	l/3212	HR/Vqc	10evR
13	25	19		וַֽ/יְבָרֲכֵֽ/הוּ	c/1288	HC/Vpw3ms/Sp3ms	104vP
13	26	1		וַ/יֹּ֨אמֶר֙	c/559	HC/Vqw3ms	10wdA
13	26	2		אַבְשָׁל֔וֹם	53	HNp	10RZq
13	26	3		וָ/לֹ֕א	c/3808	HC/Tn	10tWF
13	26	4		יֵֽלֶךְ	3212	HVqj3ms	10n2n
13	26	5		נָ֥א	4994	HTe	10Ycg
13	26	6		אִתָּ֖/נוּ	854	HR/Sp1cp	10TCv
13	26	7		אַמְנ֣וֹן	550	HNp	10QXK
13	26	8		אָחִ֑/י	251	HNcmsc/Sp1cs	105zK
13	26	9		וַ/יֹּ֤אמֶר	c/559	HC/Vqw3ms	10kjj
13	26	10		ל/וֹ֙	l	HR/Sp3ms	10Ja6
13	26	11		הַ/מֶּ֔לֶךְ	d/4428	HTd/Ncmsa	104n4
13	26	12		לָ֥/מָּה	l/4100	HR/Ti	108MY
13	26	13		יֵלֵ֖ךְ	3212	HVqi3ms	10wqE
13	26	14		עִמָּֽ/ךְ	5973 a	HR/Sp2fs	10agQ
13	27	1		וַ/יִּפְרָץ	c/6555	HC/Vqw3ms	10TdF
13	27	2		בּ֖/וֹ	b	HR/Sp3ms	106uC
13	27	3		אַבְשָׁל֑וֹם	53	HNp	10hdS
13	27	4		וַ/יִּשְׁלַ֤ח	c/7971	HC/Vqw3ms	10Prc
13	27	5		אִתּ/וֹ֙	854	HR/Sp3ms	107wA
13	27	6		אֶת	853	HTo	10mxY
13	27	7		אַמְנ֔וֹן	550	HNp	10F8v
13	27	8		וְ/אֵ֖ת	c/853	HC/To	106CL
13	27	9		כָּל	3605	HNcmsc	10mjS
13	27	10		בְּנֵ֥י	1121 a	HNcmpc	10dzV
13	27	11		הַ/מֶּֽלֶךְ	d/4428	HTd/Ncmsa	10G8J
13	28	1		וַ/יְצַו֩	c/6680	HC/Vpw3ms	10pBn
13	28	2		אַבְשָׁל֨וֹם	53	HNp	10Ecc
13	28	3		אֶת	853	HTo	10WaP
13	28	4		נְעָרָ֜י/ו	5288	HNcmpc/Sp3ms	10x2T
13	28	5		לֵ/אמֹ֗ר	l/559	HR/Vqc	10HSC
13	28	6		רְא֣וּ	7200	HVqv2mp	10sU3
13	28	7		נָ֠א	4994	HTe	10mBa
13	28	8		כְּ/ט֨וֹב	k/2896 a	HR/Vqc	10XXV
13	28	9		לֵב	3820 a	HNcmsc	10vSJ
13	28	10		אַמְנ֤וֹן	550	HNp	10VpS
13	28	11		בַּ/יַּ֨יִן֙	b/3196	HRd/Ncmsa	10hub
13	28	12		וְ/אָמַרְתִּ֣י	c/559	HC/Vqq1cs	10NfR
13	28	13		אֲלֵי/כֶ֔ם	413	HR/Sp2mp	109bN
13	28	14		הַכּ֧וּ	5221	HVhv2mp	10k15
13	28	15		אֶת	853	HTo	10UXx
13	28	16		אַמְנ֛וֹן	550	HNp	10hup
13	28	17		וַ/הֲמִתֶּ֥ם	c/4191	HC/Vhq2mp	107an
13	28	18		אֹת֖/וֹ	853	HTo/Sp3ms	10MJY
13	28	19		אַל	408	HTn	10yhT
13	28	20		תִּירָ֑אוּ	3372	HVqj2mp	10PxD
13	28	21		הֲ/ל֗וֹא	i/3808	HTi/Tn	10H1z
13	28	22		כִּ֤י	3588 a	HC	10kYj
13	28	23		אָֽנֹכִי֙	595	HPp1cs	10RHd
13	28	24		צִוִּ֣יתִי	6680	HVpp1cs	10LYs
13	28	25		אֶתְ/כֶ֔ם	853	HTo/Sp2mp	105iP
13	28	26		חִזְק֖וּ	2388	HVqv2mp	10Wm3
13	28	27		וִ/הְי֥וּ	c/1961	HC/Vqv2mp	10TsQ
13	28	28		לִ/בְנֵי	l/1121 a	HR/Ncmpc	10fuL
13	28	29		חָֽיִל	2428	HNcmsa	10HAP
13	29	1		וַֽ/יַּעֲשׂ֞וּ	c/6213 a	HC/Vqw3mp	10jLC
13	29	2		נַעֲרֵ֤י	5288	HNcmpc	10adr
13	29	3		אַבְשָׁלוֹם֙	53	HNp	10f5u
13	29	4		לְ/אַמְנ֔וֹן	l/550	HR/Np	10cU4
13	29	5		כַּ/אֲשֶׁ֥ר	k/834 d	HR/Tr	10TnS
13	29	6		צִוָּ֖ה	6680	HVpp3ms	10odJ
13	29	7		אַבְשָׁל֑וֹם	53	HNp	10bVo
13	29	8		וַ/יָּקֻ֣מוּ	c/6965 b	HC/Vqw3mp	10tkF
13	29	9		כָּל	3605	HNcmsc	10xeK
13	29	10		בְּנֵ֣י	1121 a	HNcmpc	107FR
13	29	11		הַ/מֶּ֗לֶךְ	d/4428	HTd/Ncmsa	103fY
13	29	12		וַֽ/יִּרְכְּב֛וּ	c/7392	HC/Vqw3mp	104sy
13	29	13		אִ֥ישׁ	376	HNcmsa	10xWC
13	29	14		עַל	5921 a	HR	10Kn3
13	29	15		פִּרְדּ֖/וֹ	6505	HNcmsc/Sp3ms	10ifk
13	29	16		וַ/יָּנֻֽסוּ	c/5127	HC/Vqw3mp	10TaB
13	30	1		וַֽ/יְהִי֙	c/1961	HC/Vqw3ms	10gyf
13	30	2		הֵ֣מָּה	1992	HPp3mp	10aga
13	30	3		בַ/דֶּ֔רֶךְ	b/1870	HRd/Ncbsa	10Vy3
13	30	4		וְ/הַ/שְּׁמֻעָ֣ה	c/d/8052	HC/Td/Ncfsa	10A9Y
13	30	5		בָ֔אָה	935	HVqp3fs	10D7i
13	30	6		אֶל	413	HR	10ing
13	30	7		דָּוִ֖ד	1732	HNp	10meH
13	30	8		לֵ/אמֹ֑ר	l/559	HR/Vqc	10Do2
13	30	9		הִכָּ֤ה	5221	HVhp3ms	10CBX
13	30	10		אַבְשָׁלוֹם֙	53	HNp	101D5
13	30	11		אֶת	853	HTo	10xwi
13	30	12		כָּל	3605	HNcmsc	10SM8
13	30	13		בְּנֵ֣י	1121 a	HNcmpc	10vUR
13	30	14		הַ/מֶּ֔לֶךְ	d/4428	HTd/Ncmsa	10PNk
13	30	15		וְ/לֹֽא	c/3808	HC/Tn	10tL1
13	30	16		נוֹתַ֥ר	3498	HVNp3ms	10jNR
13	30	17		מֵ/הֶ֖ם	m	HR/Sp3mp	10zpg
13	30	18		אֶחָֽד	259	HAcmsa	10HB7
13	31	1		וַ/יָּ֧קָם	c/6965 b	HC/Vqw3ms	10BkQ
13	31	2		הַ/מֶּ֛לֶךְ	d/4428	HTd/Ncmsa	10PD3
13	31	3		וַ/יִּקְרַ֥ע	c/7167	HC/Vqw3ms	10FWp
13	31	4		אֶת	853	HTo	102oV
13	31	5		בְּגָדָ֖י/ו	899 b	HNcmpc/Sp3ms	10ghg
13	31	6		וַ/יִּשְׁכַּ֣ב	c/7901	HC/Vqw3ms	10x5M
13	31	7		אָ֑רְצָ/ה	776	HNcbsa/Sd	10ViT
13	31	8		וְ/כָל	c/3605	HC/Ncmsc	10jka
13	31	9		עֲבָדָ֥י/ו	5650	HNcmpc/Sp3ms	10Hyg
13	31	10		נִצָּבִ֖ים	5324	HVNrmpa	103BN
13	31	11		קְרֻעֵ֥י	7167	HVqsmpc	10Gqg
13	31	12		בְגָדִֽים	899 b	HNcmpa	106Rj
13	32	1		וַ/יַּ֡עַן	c/6030 b	HC/Vqw3ms	10bzr
13	32	2		יוֹנָדָ֣ב	3122	HNp	10nXP
13	32	3		בֶּן	1121 a	HNcmsc	10ceA
13	32	4		שִׁמְעָ֨ה	8093	HNp	10Baa
13	32	5		אֲחִֽי	251	HNcmsc	10rR7
13	32	6		דָוִ֜ד	1732	HNp	105jH
13	32	7		וַ/יֹּ֗אמֶר	c/559	HC/Vqw3ms	105us
13	32	8		אַל	408	HTn	10Kgs
13	32	9		יֹאמַ֤ר	559	HVqj3ms	10Zij
13	32	10		אֲדֹנִ/י֙	113	HNcmsc/Sp1cs	10VE6
13	32	11		אֵ֣ת	853	HTo	10iDE
13	32	12		כָּל	3605	HNcmsc	10dza
13	32	13		הַ/נְּעָרִ֤ים	d/5288	HTd/Ncmpa	10FBM
13	32	14		בְּנֵֽי	1121 a	HNcmpc	10RBD
13	32	15		הַ/מֶּ֨לֶךְ֙	d/4428	HTd/Ncmsa	10u19
13	32	16		הֵמִ֔יתוּ	4191	HVhp3cp	10cT3
13	32	17		כִּֽי	3588 a	HC	10KA6
13	32	18		אַמְנ֥וֹן	550	HNp	10c6h
13	32	19		לְ/בַדּ֖/וֹ	l/905	HR/Ncmsc/Sp3ms	10oqA
13	32	20		מֵ֑ת	4191	HVqp3ms	10FwU
13	32	21		כִּֽי	3588 a	HC	109Yo
13	32	22		עַל	5921 a	HR	10jBe
13	32	23		פִּ֤י	6310	HNcmsc	10t1Z
13	32	24		אַבְשָׁלוֹם֙	53	HNp	10hvs
13	32	25		הָיְתָ֣ה	1961	HVqp3fs	10J2L
13	32	26		שׂוּמָ֔ה	7760 b	HVqsfsa	10c7R
13	32	27		מִ/יּוֹם֙	m/3117	HR/Ncmsc	10Yoy
13	32	28		עַנֹּת֔/וֹ	6031 b	HVpc/Sp3ms	10HqH
13	32	29		אֵ֖ת	853	HTo	10fWw
13	32	30		תָּמָ֥ר	8559	HNp	10HSo
13	32	31		אֲחֹתֽ/וֹ	269	HNcfsc/Sp3ms	105Sv
13	33	1		וְ/עַתָּ֡ה	c/6258	HC/D	10jaB
13	33	2		אַל	408	HTn	10wNv
13	33	3		יָשֵׂם֩	7760 a	HVqj3ms	10V6g
13	33	4		אֲדֹנִ֨/י	113	HNcmsc/Sp1cs	10jfK
13	33	5		הַ/מֶּ֤לֶךְ	d/4428	HTd/Ncmsa	10yXw
13	33	6		אֶל	413	HR	10x5y
13	33	7		לִבּ/וֹ֙	3820 a	HNcmsc/Sp3ms	10b7a
13	33	8		דָּבָ֣ר	1697	HNcmsa	10TNv
13	33	9		לֵ/אמֹ֔ר	l/559	HR/Vqc	10Eb5
13	33	10		כָּל	3605	HNcmsc	10hZ8
13	33	11		בְּנֵ֥י	1121 a	HNcmpc	10iYK
13	33	12		הַ/מֶּ֖לֶךְ	d/4428	HTd/Ncmsa	10z3c
13	33	13		מֵ֑תוּ	4191	HVqp3cp	10B7n
13	33	14		כִּֽי	3588 b	HC	10C22
13	33	15		אִם	518 b	HC	10kX9
13	33	16		אַמְנ֥וֹן	550	HNp	103n3
13	33	17		לְ/בַדּ֖/וֹ	l/905	HR/Ncmsc/Sp3ms	10cMk
13	33	18		מֵֽת	4191	HVqp3ms	10Jpy
13	34	1		וַ/יִּבְרַ֖ח	c/1272	HC/Vqw3ms	10Nka
13	34	2		אַבְשָׁל֑וֹם	53	HNp	108Wu
13	34	3		וַ/יִּשָּׂ֞א	c/5375	HC/Vqw3ms	10Jgp
13	34	4		הַ/נַּ֤עַר	d/5288	HTd/Ncmsa	10CXM
13	34	5		הַ/צֹּפֶה֙	d/6822	HTd/Vqrmsa	103R8
13	34	6		אֶת	853	HTo	10d1m
13	34	7	x-ketiv	עינ/ו	5869 a	HNcbdc/Sp3ms	10EHw
13	34	8		עֵינָ֔י/ו	5869 a	HNcbdc/Sp3ms	10hPq
13	34	9		וַ/יַּ֗רְא	c/7200	HC/Vqw3ms	10oBv
13	34	10		וְ/הִנֵּ֨ה	c/2009	HC/Tm	10FXM
13	34	11		עַם	5971 a	HNcmsa	10qQy
13	34	12		רַ֜ב	7227 a	HAamsa	10vXa
13	34	13		הֹלְכִ֥ים	1980	HVqrmpa	106pa
13	34	14		מִ/דֶּ֛רֶךְ	m/1870	HR/Ncbsa	10XBs
13	34	15		אַחֲרָ֖י/ו	310 a	HR/Sp3ms	104Sd
13	34	16		מִ/צַּ֥ד	m/6654	HR/Ncmsc	10ic3
13	34	17		הָ/הָֽר	d/2022	HTd/Ncmsa	10Wo6
13	35	1		וַ/יֹּ֤אמֶר	c/559	HC/Vqw3ms	10EGe
13	35	2		יֽוֹנָדָב֙	3122	HNp	10D3g
13	35	3		אֶל	413	HR	10ZxC
13	35	4		הַ/מֶּ֔לֶךְ	d/4428	HTd/Ncmsa	10ocE
13	35	5		הִנֵּ֥ה	2009	HTm	105NY
13	35	6		בְנֵֽי	1121 a	HNcmpc	10ZXC
13	35	7		הַ/מֶּ֖לֶךְ	d/4428	HTd/Ncmsa	10bW5
13	35	8		בָּ֑אוּ	935	HVqp3cp	10ahu
13	35	9		כִּ/דְבַ֥ר	k/1697	HR/Ncmsc	10wEv
13	35	10		עַבְדְּ/ךָ֖	5650	HNcmsc/Sp2ms	10owX
13	35	11		כֵּ֥ן	3651 c	HTm	10ece
13	35	12		הָיָֽה	1961	HVqp3ms	10cUM
13	36	1		וַ/יְהִ֣י	c/1961	HC/Vqw3ms	10K7y
13	36	2		כְּ/כַלֹּת֣/וֹ	k/3615	HR/Vpc/Sp3ms	10zfg
13	36	3		לְ/דַבֵּ֗ר	l/1696	HR/Vpc	10eSi
13	36	4		וְ/הִנֵּ֤ה	c/2009	HC/Tm	10Rkx
13	36	5		בְנֵֽי	1121 a	HNcmpc	10WU8
13	36	6		הַ/מֶּ֨לֶךְ֙	d/4428	HTd/Ncmsa	10FCx
13	36	7		בָּ֔אוּ	935	HVqp3cp	10zYs
13	36	8		וַ/יִּשְׂא֥וּ	c/5375	HC/Vqw3mp	10t82
13	36	9		קוֹלָ֖/ם	6963 a	HNcmsc/Sp3mp	10Lnu
13	36	10		וַ/יִּבְכּ֑וּ	c/1058	HC/Vqw3mp	10ko3
13	36	11		וְ/גַם	c/1571	HC/Ta	10LAQ
13	36	12		הַ/מֶּ֨לֶךְ֙	d/4428	HTd/Ncmsa	10kre
13	36	13		וְ/כָל	c/3605	HC/Ncmsc	104VQ
13	36	14		עֲבָדָ֔י/ו	5650	HNcmpc/Sp3ms	10vXv
13	36	15		בָּכ֕וּ	1058	HVqp3cp	10aca
13	36	16		בְּכִ֖י	1065	HNcmsa	10B8J
13	36	17		גָּד֥וֹל	1419 a	HAamsa	106iZ
13	36	18		מְאֹֽד	3966	HD	10qCy
13	37	1		וְ/אַבְשָׁל֣וֹם	c/53	HC/Np	10jG7
13	37	2		בָּרַ֔ח	1272	HVqp3ms	10C4J
13	37	3		וַ/יֵּ֛לֶךְ	c/3212	HC/Vqw3ms	10Xc8
13	37	4		אֶל	413	HR	10q7V
13	37	5		תַּלְמַ֥י	8526	HNp	103hw
13	37	6		בֶּן	1121 a	HNcmsc	10qQm
13	37	7	x-ketiv	עמיחור	5991	HNp	10tA2
13	37	8		עַמִּיה֖וּד	5989	HNp	109ZJ
13	37	9		מֶ֣לֶךְ	4428	HNcmsc	108mZ
13	37	10		גְּשׁ֑וּר	1650	HNp	103dL
13	37	11		וַ/יִּתְאַבֵּ֥ל	c/56	HC/Vtw3ms	10nqx
13	37	12		עַל	5921 a	HR	10kZH
13	37	13		בְּנ֖/וֹ	1121 a	HNcmsc/Sp3ms	106Ly
13	37	14		כָּל	3605	HNcmsc	10Azm
13	37	15		הַ/יָּמִֽים	d/3117	HTd/Ncmpa	10AuX
13	38	1		וְ/אַבְשָׁל֥וֹם	c/53	HC/Np	10gS3
13	38	2		בָּרַ֖ח	1272	HVqp3ms	10WLs
13	38	3		וַ/יֵּ֣לֶךְ	c/3212	HC/Vqw3ms	1072j
13	38	4		גְּשׁ֑וּר	1650	HNp	10JA8
13	38	5		וַ/יְהִי	c/1961	HC/Vqw3ms	1033v
13	38	6		שָׁ֖ם	8033	HD	10cuG
13	38	7		שָׁלֹ֥שׁ	7969	HAcfsa	10F8H
13	38	8		שָׁנִֽים	8141	HNcfpa	102fZ
13	39	1		וַ/תְּכַל֙	c/3615	HC/Vpw3fs	109FM
13	39	2		דָּוִ֣ד	1732	HNp	109zz
13	39	3		הַ/מֶּ֔לֶךְ	d/4428	HTd/Ncmsa	108WW
13	39	4		לָ/צֵ֖את	l/3318	HR/Vqc	10Ztw
13	39	5		אֶל	413	HR	10Rro
13	39	6		אַבְשָׁל֑וֹם	53	HNp	10ymu
13	39	7		כִּֽי	3588 a	HC	10RrX
13	39	8		נִחַ֥ם	5162	HVNp3ms	10omm
13	39	9		עַל	5921 a	HR	10LfE
13	39	10		אַמְנ֖וֹן	550	HNp	10KT7
13	39	11		כִּֽי	3588 a	HC	10fGo
13	39	12		מֵֽת	4191	HVqp3ms	10EoR
14	1	1		וַ/יֵּ֖דַע	c/3045	HC/Vqw3ms	10LQH
14	1	2		יוֹאָ֣ב	3097	HNp	10bmm
14	1	3		בֶּן	1121 a	HNcmsc	10oHh
14	1	4		צְרֻיָ֑ה	6870	HNp	10Wc4
14	1	5		כִּֽי	3588 a	HC	10Khc
14	1	6		לֵ֥ב	3820 a	HNcmsc	10Ghm
14	1	7		הַ/מֶּ֖לֶךְ	d/4428	HTd/Ncmsa	10FVs
14	1	8		עַל	5921 a	HR	10fZC
14	1	9		אַבְשָׁלֽוֹם	53	HNp	10jvx
14	2	1		וַ/יִּשְׁלַ֤ח	c/7971	HC/Vqw3ms	10qwG
14	2	2		יוֹאָב֙	3097	HNp	10k7i
14	2	3		תְּק֔וֹעָ/ה	8620	HNp/Sd	10Yp6
14	2	4		וַ/יִּקַּ֥ח	c/3947	HC/Vqw3ms	10VcG
14	2	5		מִ/שָּׁ֖ם	m/8033	HR/D	10ehE
14	2	6		אִשָּׁ֣ה	802	HNcfsa	10hvg
14	2	7		חֲכָמָ֑ה	2450	HAafsa	105Zp
14	2	8		וַ/יֹּ֣אמֶר	c/559	HC/Vqw3ms	10Nw9
14	2	9		אֵ֠לֶי/הָ	413	HR/Sp3fs	10MNP
14	2	10		הִֽתְאַבְּלִי	56	HVtv2fs	10kig
14	2	11		נָ֞א	4994	HTe	10rHR
14	2	12		וְ/לִבְשִׁי	c/3847	HC/Vqv2fs	10vq2
14	2	13		נָ֣א	4994	HTe	10Exx
14	2	14		בִגְדֵי	899 b	HNcmpc	10vaE
14	2	15		אֵ֗בֶל	60	HNcmsa	10H2u
14	2	16		וְ/אַל	c/408	HC/Tn	10iog
14	2	17		תָּס֨וּכִי֙	5480	HVqj2fs	10ZR9
14	2	18		שֶׁ֔מֶן	8081	HNcmsa	10z2U
14	2	19		וְ/הָיִ֕ית	c/1961	HC/Vqq2fs	10rrY
14	2	20		כְּ/אִשָּׁ֗ה	k/802	HR/Ncfsa	10bPn
14	2	21		זֶ֚ה	2088	HPdxms	10cD3
14	2	22		יָמִ֣ים	3117	HNcmpa	10cLr
14	2	23		רַבִּ֔ים	7227 a	HAampa	10Qpi
14	2	24		מִתְאַבֶּ֖לֶת	56	HVtrfsa	10p6Q
14	2	25		עַל	5921 a	HR	10dvn
14	2	26		מֵֽת	4191	HVqrmsa	10eV2
14	3	1		וּ/בָאת֙	c/935	HC/Vqq2fs	10Juw
14	3	2		אֶל	413	HR	10f7A
14	3	3		הַ/מֶּ֔לֶךְ	d/4428	HTd/Ncmsa	10nU3
14	3	4		וְ/דִבַּ֥רְתְּ	c/1696	HC/Vpq2fs	10i3X
14	3	5		אֵלָ֖י/ו	413	HR/Sp3ms	10cws
14	3	6		כַּ/דָּבָ֣ר	k/1697	HRd/Ncmsa	10jKx
14	3	7		הַ/זֶּ֑ה	d/2088	HTd/Pdxms	10wes
14	3	8		וַ/יָּ֧שֶׂם	c/7760 a	HC/Vqw3ms	10i2Q
14	3	9		יוֹאָ֛ב	3097	HNp	10PGa
14	3	10		אֶת	853	HTo	10qpS
14	3	11		הַ/דְּבָרִ֖ים	d/1697	HTd/Ncmpa	10TaF
14	3	12		בְּ/פִֽי/הָ	b/6310	HR/Ncmsc/Sp3fs	10d9X
14	4	1		וַ֠/תֹּאמֶר	c/559	HC/Vqw3fs	10DJK
14	4	2		הָ/אִשָּׁ֤ה	d/802	HTd/Ncfsa	10yuf
14	4	3		הַ/תְּקֹעִית֙	d/8621	HTd/Ngfsa	10BaE
14	4	4		אֶל	413	HR	10N7A
14	4	5		הַ/מֶּ֔לֶךְ	d/4428	HTd/Ncmsa	109MH
14	4	6		וַ/תִּפֹּ֧ל	c/5307	HC/Vqw3fs	10k2Q
14	4	7		עַל	5921 a	HR	10Wgg
14	4	8		אַפֶּ֛י/הָ	639	HNcmdc/Sp3fs	10RXq
14	4	9		אַ֖רְצָ/ה	776	HNcbsa/Sd	10xUt
14	4	10		וַ/תִּשְׁתָּ֑חוּ	c/7812	HC/Vvw3fs	10dQH
14	4	11		וַ/תֹּ֖אמֶר	c/559	HC/Vqw3fs	1053j
14	4	12		הוֹשִׁ֥עָ/ה	3467	HVhv2ms/Sh	10ubQ
14	4	13		הַ/מֶּֽלֶךְ	d/4428	HTd/Ncmsa	10H2p
14	5	1		וַ/יֹּֽאמֶר	c/559	HC/Vqw3ms	10Snw
14	5	2		לָ֥/הּ	l	HR/Sp3fs	10RgS
14	5	3		הַ/מֶּ֖לֶךְ	d/4428	HTd/Ncmsa	1073F
14	5	4		מַה	4100	HTi	10vYe
14	5	5		לָּ֑/ךְ	l	HR/Sp2fs	10VX2
14	5	6		וַ/תֹּ֗אמֶר	c/559	HC/Vqw3fs	10nt7
14	5	7		אֲבָ֛ל	61	HD	10Pk3
14	5	8		אִשָּֽׁה	802	HNcfsa	10sGy
14	5	9		אַלְמָנָ֥ה	490	HNcfsa	10g9J
14	5	10		אָ֖נִי	589	HPp1cs	10ZYF
14	5	11		וַ/יָּ֥מָת	c/4191	HC/Vqw3ms	10mjh
14	5	12		אִישִֽׁ/י	376	HNcmsc/Sp1cs	10ugU
14	6	1		וּ/לְ/שִׁפְחָֽתְ/ךָ֙	c/l/8198	HC/R/Ncfsc/Sp2ms	10XTu
14	6	2		שְׁנֵ֣י	8147	HAcmdc	10aA5
14	6	3		בָנִ֔ים	1121 a	HNcmpa	106n5
14	6	4		וַ/יִּנָּצ֤וּ	c/5327 a	HC/VNw3mp	10bTj
14	6	5		שְׁנֵי/הֶם֙	8147	HAcmdc/Sp3mp	10HCK
14	6	6		בַּ/שָּׂדֶ֔ה	b/7704 b	HRd/Ncmsa	10ixD
14	6	7		וְ/אֵ֥ין	c/369	HC/Tn	10DL7
14	6	8		מַצִּ֖יל	5337	HVhrmsa	10Dmt
14	6	9		בֵּֽינֵי/הֶ֑ם	996	HR/Sp3mp	10EEj
14	6	10		וַ/יַּכּ֧/וֹ	c/5221	HC/Vhw3ms/Sp3ms	10NKN
14	6	11		הָ/אֶחָ֛ד	d/259	HTd/Acmsa	103zR
14	6	12		אֶת	853	HTo	10Bet
14	6	13		הָ/אֶחָ֖ד	d/259	HTd/Acmsa	10FJy
14	6	14		וַ/יָּ֥מֶת	c/4191	HC/Vhw3ms	108Bw
14	6	15		אֹתֽ/וֹ	853	HTo/Sp3ms	10kHD
14	7	1		וְ/הִנֵּה֩	c/2009	HC/Tm	10AAn
14	7	2		קָ֨מָה	6965 b	HVqp3fs	10cJF
14	7	3		כָֽל	3605	HNcmsc	10mxn
14	7	4		הַ/מִּשְׁפָּחָ֜ה	d/4940	HTd/Ncfsa	10SYo
14	7	5		עַל	5921 a	HR	10caP
14	7	6		שִׁפְחָתֶ֗/ךָ	8198	HNcfsc/Sp2ms	10PX1
14	7	7		וַ/יֹּֽאמְרוּ֙	c/559	HC/Vqw3mp	10fnW
14	7	8		תְּנִ֣י	5414	HVqv2fs	10nre
14	7	9		אֶת	853	HTo	101gq
14	7	10		מַכֵּ֣ה	5221	HVhrmsc	10DYk
14	7	11		אָחִ֗י/ו	251	HNcmsc/Sp3ms	10Xfy
14	7	12		וּ/נְמִתֵ֨/הוּ֙	c/4191	HC/Vhi1cp/Sp3ms	10RES
14	7	13		בְּ/נֶ֤פֶשׁ	b/5315	HR/Ncbsc	10D4F
14	7	14		אָחִי/ו֙	251	HNcmsc/Sp3ms	10mUK
14	7	15		אֲשֶׁ֣ר	834 a	HTr	10bdm
14	7	16		הָרָ֔ג	2026	HVqp3ms	10qiM
14	7	17		וְ/נַשְׁמִ֖ידָה	c/8045	HC/Vhh1cp	10gyj
14	7	18		גַּ֣ם	1571	HTa	10sDg
14	7	19		אֶת	853	HTo	10cHs
14	7	20		הַ/יּוֹרֵ֑שׁ	d/3423	HTd/Vqrmsa	10qfb
14	7	21		וְ/כִבּ֗וּ	c/3518	HC/Vpq3cp	10mjr
14	7	22		אֶת	853	HTo	106PC
14	7	23		גַּֽחַלְתִּ/י֙	1513	HNcbsc/Sp1cs	10CsK
14	7	24		אֲשֶׁ֣ר	834 a	HTr	10Nr9
14	7	25		נִשְׁאָ֔רָה	7604	HVNp3fs	10Njp
14	7	26		לְ/בִלְתִּ֧י	l/1115	HR/C	10U8E
14	7	27	x-ketiv	שום	7760 a	HVqc	10ov7
14	7	28		שִׂים	7760 a	HVqc	10mps
14	7	29		לְ/אִישִׁ֛/י	l/376	HR/Ncmsc/Sp1cs	10Wm8
14	7	30		שֵׁ֥ם	8034	HNcmsa	10Xgr
14	7	31		וּ/שְׁאֵרִ֖ית	c/7611	HC/Ncfsa	10a9y
14	7	32		עַל	5921 a	HR	10am8
14	7	33		פְּנֵ֥י	6440	HNcbpc	10CQM
14	7	34		הָ/אֲדָמָֽה	d/127	HTd/Ncfsa	10MHE
14	8	1		וַ/יֹּ֧אמֶר	c/559	HC/Vqw3ms	10c8L
14	8	2		הַ/מֶּ֛לֶךְ	d/4428	HTd/Ncmsa	10EeM
14	8	3		אֶל	413	HR	10hEP
14	8	4		הָ/אִשָּׁ֖ה	d/802	HTd/Ncfsa	102mG
14	8	5		לְכִ֣י	3212	HVqv2fs	10wzt
14	8	6		לְ/בֵיתֵ֑/ךְ	l/1004 b	HR/Ncmsc/Sp2fs	10ApD
14	8	7		וַ/אֲנִ֖י	c/589	HC/Pp1cs	10NDi
14	8	8		אֲצַוֶּ֥ה	6680	HVpi1cs	10UJ3
14	8	9		עָלָֽיִ/ךְ	5921 a	HR/Sp2fs	101ZR
14	9	1		וַ/תֹּ֜אמֶר	c/559	HC/Vqw3fs	10iDJ
14	9	2		הָ/אִשָּׁ֤ה	d/802	HTd/Ncfsa	10yW9
14	9	3		הַ/תְּקוֹעִית֙	d/8621	HTd/Ngfsa	10Cwi
14	9	4		אֶל	413	HR	10SkB
14	9	5		הַ/מֶּ֔לֶךְ	d/4428	HTd/Ncmsa	10Y5x
14	9	6		עָלַ֞/י	5921 a	HR/Sp1cs	10fJm
14	9	7		אֲדֹנִ֥/י	113	HNcmsc/Sp1cs	10W9C
14	9	8		הַ/מֶּ֛לֶךְ	d/4428	HTd/Ncmsa	10QFL
14	9	9		הֶ/עָוֺ֖ן	d/5771	HTd/Ncbsa	10nWY
14	9	10		וְ/עַל	c/5921 a	HC/R	10HDj
14	9	11		בֵּ֣ית	1004 b	HNcmsc	102um
14	9	12		אָבִ֑/י	1	HNcmsc/Sp1cs	10vdB
14	9	13		וְ/הַ/מֶּ֥לֶךְ	c/d/4428	HC/Td/Ncmsa	101vw
14	9	14		וְ/כִסְא֖/וֹ	c/3678	HC/Ncmsc/Sp3ms	10khp
14	9	15		נָקִֽי	5355 a	HAamsa	109T8
14	10	1		וַ/יֹּ֖אמֶר	c/559	HC/Vqw3ms	10Sk2
14	10	2		הַ/מֶּ֑לֶךְ	d/4428	HTd/Ncmsa	10RFY
14	10	3		הַֽ/מְדַבֵּ֤ר	d/1696	HTd/Vprmsa	103DM
14	10	4		אֵלַ֨יִ/ךְ֙	413	HR/Sp2fs	10xjx
14	10	5		וַֽ/הֲבֵאת֣/וֹ	c/935	HC/Vhp2fs/Sp3ms	10XTG
14	10	6		אֵלַ֔/י	413	HR/Sp1cs	10gmz
14	10	7		וְ/לֹֽא	c/3808	HC/Tn	10bsU
14	10	8		יֹסִ֥יף	3254	HVhi3ms	10KEw
14	10	9		ע֖וֹד	5750	HD	106nN
14	10	10		לָ/גַ֥עַת	l/5060	HR/Vqc	10rRm
14	10	11		בָּֽ/ךְ	b	HR/Sp2fs	10Hkb
14	11	1		וַ/תֹּאמֶר֩	c/559	HC/Vqw3fs	10o2L
14	11	2		יִזְכָּר	2142	HVqj3ms	10eif
14	11	3		נָ֨א	4994	HTe	10cpk
14	11	4		הַ/מֶּ֜לֶךְ	d/4428	HTd/Ncmsa	10mqu
14	11	5		אֶת	853	HTo	10vky
14	11	6		יְהוָ֣ה	3068	HNp	10b22
14	11	7		אֱלֹהֶ֗י/ךָ	430	HNcmpc/Sp2ms	10y1q
14	11	8	x-ketiv	מ/הרבית	m/7235 a	HR/Vhc	10XBR
14	11	9		מֵ/הַרְבַּ֞ת	m/7235 a	HR/Vhc	10RKz
14	11	10		גֹּאֵ֤ל	1350 a	HVqrmsc	105Qt
14	11	11		הַ/דָּם֙	d/1818	HTd/Ncmsa	10HJA
14	11	12		לְ/שַׁחֵ֔ת	l/7843	HR/Vpc	10ixu
14	11	13		וְ/לֹ֥א	c/3808	HC/Tn	10mUN
14	11	14		יַשְׁמִ֖ידוּ	8045	HVhi3mp	10pZF
14	11	15		אֶת	853	HTo	10q4S
14	11	16		בְּנִ֑/י	1121 a	HNcmsc/Sp1cs	10rMH
14	11	17		וַ/יֹּ֨אמֶר֙	c/559	HC/Vqw3ms	10GcS
14	11	18		חַי	2416 a	HAamsa	10VEY
14	11	19		יְהוָ֔ה	3068	HNp	10neC
14	11	20		אִם	518 a	HC	104J2
14	11	21		יִפֹּ֛ל	5307	HVqi3ms	1058T
14	11	22		מִ/שַּׂעֲרַ֥ת	m/8185	HR/Ncfsc	10jfT
14	11	23		בְּנֵ֖/ךְ	1121 a	HNcmsc/Sp2fs	10Dvx
14	11	24		אָֽרְצָ/ה	776	HNcbsa/Sd	10rfH
14	12	1		וַ/תֹּ֨אמֶר֙	c/559	HC/Vqw3fs	10VZS
14	12	2		הָֽ/אִשָּׁ֔ה	d/802	HTd/Ncfsa	10Dd4
14	12	3		תְּדַבֶּר	1696	HVpj3fs	10sUM
14	12	4		נָ֧א	4994	HTe	107mw
14	12	5		שִׁפְחָתְ/ךָ֛	8198	HNcfsc/Sp2ms	10kxi
14	12	6		אֶל	413	HR	10Zo4
14	12	7		אֲדֹנִ֥/י	113	HNcmsc/Sp1cs	10Ps1
14	12	8		הַ/מֶּ֖לֶךְ	d/4428	HTd/Ncmsa	10x3o
14	12	9		דָּבָ֑ר	1697	HNcmsa	10GdL
14	12	10		וַ/יֹּ֖אמֶר	c/559	HC/Vqw3ms	10ikj
14	12	11		דַּבֵּֽרִי	1696	HVpv2fs	10Yxf
14	13	1		וַ/תֹּ֨אמֶר֙	c/559	HC/Vqw3fs	10Jji
14	13	2		הָֽ/אִשָּׁ֔ה	d/802	HTd/Ncfsa	10vF1
14	13	3		וְ/לָ֧/מָּה	c/l/4100	HC/R/Ti	10baH
14	13	4		חָשַׁ֛בְתָּה	2803	HVqp2ms	10DYG
14	13	5		כָּ/זֹ֖את	k/2063	HR/Pdxfs	10wMm
14	13	6		עַל	5921 a	HR	106Bv
14	13	7		עַ֣ם	5971 a	HNcmsc	10GsM
14	13	8		אֱלֹהִ֑ים	430	HNcmpa	10asE
14	13	9		וּ/מִ/דַּבֵּ֨ר	c/m/1696	HC/R/Vpc	10ZC1
14	13	10		הַ/מֶּ֜לֶךְ	d/4428	HTd/Ncmsa	10QkY
14	13	11		הַ/דָּבָ֤ר	d/1697	HTd/Ncmsa	10ViX
14	13	12		הַ/זֶּה֙	d/2088	HTd/Pdxms	10uKa
14	13	13		כְּ/אָשֵׁ֔ם	k/818	HR/Aamsa	103zX
14	13	14		לְ/בִלְתִּ֛י	l/1115	HR/C	10H8Z
14	13	15		הָשִׁ֥יב	7725	HVhc	10tg6
14	13	16		הַ/מֶּ֖לֶךְ	d/4428	HTd/Ncmsa	109wB
14	13	17		אֶֽת	853	HTo	10i2Y
14	13	18		נִדְּחֽ/וֹ	5080	HVNrmsc/Sp3ms	10JU3
14	14	1		כִּי	3588 a	HC	10gmt
14	14	2		מ֣וֹת	4191	HVqa	10jqR
14	14	3		נָמ֔וּת	4191	HVqi1cp	10rFY
14	14	4		וְ/כַ/מַּ֨יִם֙	c/k/4325	HC/Rd/Ncmpa	10zTW
14	14	5		הַ/נִּגָּרִ֣ים	d/5064	HTd/VNrmpa	1018W
14	14	6		אַ֔רְצָ/ה	776	HNcbsa/Sd	108Ad
14	14	7		אֲשֶׁ֖ר	834 a	HTr	10RQy
14	14	8		לֹ֣א	3808	HTn	10exE
14	14	9		יֵאָסֵ֑פוּ	622	HVNi3mp	10kDB
14	14	10		וְ/לֹֽא	c/3808	HC/Tn	10c5h
14	14	11		יִשָּׂ֤א	5375	HVqi3ms	10MWC
14	14	12		אֱלֹהִים֙	430	HNcmpa	104HD
14	14	13		נֶ֔פֶשׁ	5315	HNcbsa	10NTC
14	14	14		וְ/חָשַׁב֙	c/2803	HC/Vqq3ms	10SsZ
14	14	15		מַֽחֲשָׁב֔וֹת	4284	HNcfpa	10gHx
14	14	16		לְ/בִלְתִּ֛י	l/1115	HR/C	109Gq
14	14	17		יִדַּ֥ח	5080	HVNi3ms	10z1r
14	14	18		מִמֶּ֖/נּוּ	4480 a	HR/Sp1cp	10qiE
14	14	19		נִדָּֽח	5080	HVNrmsa	10Pbx
14	15	1		וְ֠/עַתָּה	c/6258	HC/D	10iu9
14	15	2		אֲשֶׁר	834 a	HTr	10v6K
14	15	3		בָּ֜אתִי	935	HVqp1cs	10Zfe
14	15	4		לְ/דַבֵּ֨ר	l/1696	HR/Vpc	10XqJ
14	15	5		אֶל	413	HR	10zba
14	15	6		הַ/מֶּ֤לֶךְ	d/4428	HTd/Ncmsa	10bCg
14	15	7		אֲדֹנִ/י֙	113	HNcmsc/Sp1cs	10rcS
14	15	8		אֶת	853	HTo	10kPb
14	15	9		הַ/דָּבָ֣ר	d/1697	HTd/Ncmsa	10jmq
14	15	10		הַ/זֶּ֔ה	d/2088	HTd/Pdxms	10L8L
14	15	11		כִּ֥י	3588 a	HC	10Qdn
14	15	12		יֵֽרְאֻ֖/נִי	3372	HVpi3mp/Sp1cs	10zXy
14	15	13		הָ/עָ֑ם	d/5971 a	HTd/Ncmsa	10BE6
14	15	14		וַ/תֹּ֤אמֶר	c/559	HC/Vqw3fs	104Hh
14	15	15		שִׁפְחָֽתְ/ךָ֙	8198	HNcfsc/Sp2ms	10wqg
14	15	16		אֲדַבְּרָה	1696	HVph1cs	10wyc
14	15	17		נָּ֣א	4994	HTj	10wXU
14	15	18		אֶל	413	HR	10Kzw
14	15	19		הַ/מֶּ֔לֶךְ	d/4428	HTd/Ncmsa	10RDi
14	15	20		אוּלַ֛י	194	HD	10t9h
14	15	21		יַעֲשֶׂ֥ה	6213 a	HVqi3ms	10VYa
14	15	22		הַ/מֶּ֖לֶךְ	d/4428	HTd/Ncmsa	10TZK
14	15	23		אֶת	853	HTo	109yY
14	15	24		דְּבַ֥ר	1697	HNcmsc	10yyS
14	15	25		אֲמָתֽ/וֹ	519	HNcfsc/Sp3ms	10i6F
14	16	1		כִּ֚י	3588 a	HC	10gag
14	16	2		יִשְׁמַ֣ע	8085	HVqi3ms	10ocU
14	16	3		הַ/מֶּ֔לֶךְ	d/4428	HTd/Ncmsa	10E6L
14	16	4		לְ/הַצִּ֥יל	l/5337	HR/Vhc	10nAX
14	16	5		אֶת	853	HTo	108Kr
14	16	6		אֲמָת֖/וֹ	519	HNcfsc/Sp3ms	1098g
14	16	7		מִ/כַּ֣ף	m/3709	HR/Ncfsc	10QQU
14	16	8		הָ/אִ֑ישׁ	d/376	HTd/Ncmsa	10dJi
14	16	9		לְ/הַשְׁמִ֨יד	l/8045	HR/Vhc	10G5x
14	16	10		אֹתִ֤/י	853	HTo/Sp1cs	105MG
14	16	11		וְ/אֶת	c/853	HC/To	10BCd
14	16	12		בְּנִ/י֙	1121 a	HNcmsc/Sp1cs	10WHx
14	16	13		יַ֔חַד	3162 a	HD	10E2T
14	16	14		מִֽ/נַּחֲלַ֖ת	m/5159	HR/Ncfsc	10C8V
14	16	15		אֱלֹהִֽים	430	HNcmpa	10Cn5
14	17	1		וַ/תֹּ֨אמֶר֙	c/559	HC/Vqw3fs	10wzb
14	17	2		שִׁפְחָ֣תְ/ךָ֔	8198	HNcfsc/Sp2ms	10Mdh
14	17	3		יִֽהְיֶה	1961	HVqj3ms	10TmA
14	17	4		נָּ֛א	4994	HTj	102ni
14	17	5		דְּבַר	1697	HNcmsc	10yrG
14	17	6		אֲדֹנִ֥/י	113	HNcmsc/Sp1cs	10cnY
14	17	7		הַ/מֶּ֖לֶךְ	d/4428	HTd/Ncmsa	10B32
14	17	8		לִ/מְנוּחָ֑ה	l/4496	HR/Ncbsa	10mFz
14	17	9		כִּ֣י	3588 a	HC	10AU3
14	17	10		כְּ/מַלְאַ֣ךְ	k/4397	HR/Ncmsc	10Ljo
14	17	11		הָ/אֱלֹהִ֗ים	d/430	HTd/Ncmpa	10zHu
14	17	12		כֵּ֣ן	3651 c	HTm	10EH3
14	17	13		אֲדֹנִ֤/י	113	HNcmsc/Sp1cs	10APw
14	17	14		הַ/מֶּ֨לֶךְ֙	d/4428	HTd/Ncmsa	104ud
14	17	15		לִ/שְׁמֹ֨עַ֙	l/8085	HR/Vqc	10oke
14	17	16		הַ/טּ֣וֹב	d/2896 b	HTd/Aamsa	10Wom
14	17	17		וְ/הָ/רָ֔ע	c/d/7451 b	HC/Td/Aamsa	10K1g
14	17	18		וַֽ/יהוָ֥ה	c/3068	HC/Np	10q4F
14	17	19		אֱלֹהֶ֖י/ךָ	430	HNcmpc/Sp2ms	10sh2
14	17	20		יְהִ֥י	1961	HVqj3ms	10A1q
14	17	21		עִמָּֽ/ךְ	5973 a	HR/Sp2fs	107mG
14	18	1		וַ/יַּ֣עַן	c/6030 b	HC/Vqw3ms	105fE
14	18	2		הַ/מֶּ֗לֶךְ	d/4428	HTd/Ncmsa	10JNN
14	18	3		וַ/יֹּ֨אמֶר֙	c/559	HC/Vqw3ms	10TRZ
14	18	4		אֶל	413	HR	10c1k
14	18	5		הָ֣/אִשָּׁ֔ה	d/802	HTd/Ncfsa	10KKG
14	18	6		אַל	408	HTn	1031M
14	18	7		נָ֨א	4994	HTe	10PE3
14	18	8		תְכַחֲדִ֤י	3582	HVpj2fs	106Da
14	18	9		מִמֶּ֨/נִּי֙	4480 a	HR/Sp1cs	10C4U
14	18	10		דָּבָ֔ר	1697	HNcmsa	10VPw
14	18	11		אֲשֶׁ֥ר	834 a	HTr	10kTf
14	18	12		אָנֹכִ֖י	595	HPp1cs	10tqR
14	18	13		שֹׁאֵ֣ל	7592	HVqrmsa	10jzx
14	18	14		אֹתָ֑/ךְ	853	HTo/Sp2fs	10qj6
14	18	15		וַ/תֹּ֨אמֶר֙	c/559	HC/Vqw3fs	10pus
14	18	16		הָֽ/אִשָּׁ֔ה	d/802	HTd/Ncfsa	10Z5a
14	18	17		יְדַבֶּר	1696	HVpj3ms	10N2d
14	18	18		נָ֖א	4994	HTe	10fmp
14	18	19		אֲדֹנִ֥/י	113	HNcmsc/Sp1cs	10zva
14	18	20		הַ/מֶּֽלֶךְ	d/4428	HTd/Ncmsa	10dUC
14	19	1		וַ/יֹּ֣אמֶר	c/559	HC/Vqw3ms	10NuL
14	19	2		הַ/מֶּ֔לֶךְ	d/4428	HTd/Ncmsa	10f26
14	19	3		הֲ/יַ֥ד	i/3027	HTi/Ncbsc	103cG
14	19	4		יוֹאָ֛ב	3097	HNp	10DF8
14	19	5		אִתָּ֖/ךְ	854	HR/Sp2fs	10Ao5
14	19	6		בְּ/כָל	b/3605	HR/Ncmsc	10kni
14	19	7		זֹ֑את	2063	HPdxfs	10yRm
14	19	8		וַ/תַּ֣עַן	c/6030 b	HC/Vqw3fs	108gB
14	19	9		הָ/אִשָּׁ֣ה	d/802	HTd/Ncfsa	10oEM
14	19	10		וַ/תֹּ֡אמֶר	c/559	HC/Vqw3fs	10p3B
14	19	11		חֵֽי	2416 a	HAamsa	10FcZ
14	19	12		נַפְשְׁ/ךָ֩	5315	HNcbsc/Sp2ms	10WG5
14	19	13		אֲדֹנִ֨/י	113	HNcmsc/Sp1cs	10FnR
14	19	14		הַ/מֶּ֜לֶךְ	d/4428	HTd/Ncmsa	10zxj
14	19	15		אִם	518 a	HC	10jnw
14	19	16		אִ֣שׁ	786	HTa	10UjJ
14	19	17		לְ/הֵמִ֣ין	l/3231	HR/Vhc	10wmR
14	19	18		וּ/לְ/הַשְׂמִ֗יל	c/l/8041	HC/R/Vhc	10Xsc
14	19	19		מִ/כֹּ֤ל	m/3605	HR/Ncmsa	10qCb
14	19	20		אֲשֶׁר	834 a	HTr	10rDe
14	19	21		דִּבֶּר֙	1696	HVpp3ms	10LQN
14	19	22		אֲדֹנִ֣/י	113	HNcmsc/Sp1cs	10gWC
14	19	23		הַ/מֶּ֔לֶךְ	d/4428	HTd/Ncmsa	10c6U
14	19	24		כִּֽי	3588 a	HC	10PAw
14	19	25		עַבְדְּ/ךָ֤	5650	HNcmsc/Sp2ms	10hXi
14	19	26		יוֹאָב֙	3097	HNp	10jjb
14	19	27		ה֣וּא	1931	HPp3ms	10gpQ
14	19	28		צִוָּ֔/נִי	6680	HVpp3ms/Sp1cs	10EiV
14	19	29		וְ/ה֗וּא	c/1931	HC/Pp3ms	10dY1
14	19	30		שָׂ֚ם	7760 a	HVqp3ms	10iDg
14	19	31		בְּ/פִ֣י	b/6310	HR/Ncmsc	10dB9
14	19	32		שִׁפְחָֽתְ/ךָ֔	8198	HNcfsc/Sp2ms	10CcA
14	19	33		אֵ֥ת	853	HTo	10R2m
14	19	34		כָּל	3605	HNcmsc	10ryM
14	19	35		הַ/דְּבָרִ֖ים	d/1697	HTd/Ncmpa	10evQ
14	19	36		הָ/אֵֽלֶּה	d/428	HTd/Pdxcp	10jkP
14	20	1		לְ/בַ/עֲב֤וּר	l/b/5668	HR/R/R	10NA8
14	20	2		סַבֵּב֙	5437	HVpc	10Zrf
14	20	3		אֶת	853	HTo	10cEv
14	20	4		פְּנֵ֣י	6440	HNcbpc	10KV2
14	20	5		הַ/דָּבָ֔ר	d/1697	HTd/Ncmsa	10c59
14	20	6		עָשָׂ֛ה	6213 a	HVqp3ms	10d4U
14	20	7		עַבְדְּ/ךָ֥	5650	HNcmsc/Sp2ms	10nLr
14	20	8		יוֹאָ֖ב	3097	HNp	10Qb5
14	20	9		אֶת	853	HTo	10tTy
14	20	10		הַ/דָּבָ֣ר	d/1697	HTd/Ncmsa	10T78
14	20	11		הַ/זֶּ֑ה	d/2088	HTd/Pdxms	10q8b
14	20	12		וַ/אדֹנִ֣/י	c/113	HC/Ncmsc/Sp1cs	10ehU
14	20	13		חָכָ֗ם	2450	HAamsa	106io
14	20	14		כְּ/חָכְמַת֙	k/2451	HR/Ncfsc	10WEE
14	20	15		מַלְאַ֣ךְ	4397	HNcmsc	10dDG
14	20	16		הָ/אֱלֹהִ֔ים	d/430	HTd/Ncmpa	10iLp
14	20	17		לָ/דַ֖עַת	l/3045	HR/Vqc	10HkZ
14	20	18		אֶֽת	853	HTo	10RLR
14	20	19		כָּל	3605	HNcmsc	10nDg
14	20	20		אֲשֶׁ֥ר	834 a	HTr	10A6M
14	20	21		בָּ/אָֽרֶץ	b/776	HRd/Ncbsa	10RP4
14	21	1		וַ/יֹּ֤אמֶר	c/559	HC/Vqw3ms	10D9w
14	21	2		הַ/מֶּ֨לֶךְ֙	d/4428	HTd/Ncmsa	10TJQ
14	21	3		אֶל	413	HR	106yq
14	21	4		יוֹאָ֔ב	3097	HNp	10Kqr
14	21	5		הִנֵּה	2009	HTm	10248
14	21	6		נָ֥א	4994	HTe	105vz
14	21	7		עָשִׂ֖יתִי	6213 a	HVqp1cs	10cN2
14	21	8		אֶת	853	HTo	102jd
14	21	9		הַ/דָּבָ֣ר	d/1697	HTd/Ncmsa	10K5Z
14	21	10		הַ/זֶּ֑ה	d/2088	HTd/Pdxms	10n6n
14	21	11		וְ/לֵ֛ךְ	c/3212	HC/Vqv2ms	10T41
14	21	12		הָשֵׁ֥ב	7725	HVhv2ms	10Bjn
14	21	13		אֶת	853	HTo	1099z
14	21	14		הַ/נַּ֖עַר	d/5288	HTd/Ncmsa	10zYd
14	21	15		אֶת	853	HTo	10scM
14	21	16		אַבְשָׁלֽוֹם	53	HNp	10cPY
14	22	1		וַ/יִּפֹּל֩	c/5307	HC/Vqw3ms	10juj
14	22	2		יוֹאָ֨ב	3097	HNp	10pkn
14	22	3		אֶל	413	HR	10dgR
14	22	4		פָּנָ֥י/ו	6440	HNcbpc/Sp3ms	10uxz
14	22	5		אַ֛רְצָ/ה	776	HNcbsa/Sd	10Mge
14	22	6		וַ/יִּשְׁתַּ֖חוּ	c/7812	HC/Vtw3ms	10Ymi
14	22	7		וַ/יְבָ֣רֶךְ	c/1288	HC/Vpw3ms	10h2b
14	22	8		אֶת	853	HTo	10E7Q
14	22	9		הַ/מֶּ֑לֶךְ	d/4428	HTd/Ncmsa	10g5W
14	22	10		וַ/יֹּ֣אמֶר	c/559	HC/Vqw3ms	106FM
14	22	11		יוֹאָ֡ב	3097	HNp	105yw
14	22	12		הַ/יּוֹם֩	d/3117	HTd/Ncmsa	10YRc
14	22	13		יָדַ֨ע	3045	HVqp3ms	10zfB
14	22	14		עַבְדְּ/ךָ֜	5650	HNcmsc/Sp2ms	10jg4
14	22	15		כִּי	3588 a	HC	101yU
14	22	16		מָצָ֨אתִי	4672	HVqp1cs	103fd
14	22	17		חֵ֤ן	2580	HNcmsa	10CvK
14	22	18		בְּ/עֵינֶ֨י/ךָ֙	b/5869 a	HR/Ncbdc/Sp2ms	10Vio
14	22	19		אֲדֹנִ֣/י	113	HNcmsc/Sp1cs	10pZB
14	22	20		הַ/מֶּ֔לֶךְ	d/4428	HTd/Ncmsa	10S2M
14	22	21		אֲשֶׁר	834 a	HTr	10eZE
14	22	22		עָשָׂ֥ה	6213 a	HVqp3ms	10W4S
14	22	23		הַ/מֶּ֖לֶךְ	d/4428	HTd/Ncmsa	10Gbr
14	22	24		אֶת	853	HTo	10v99
14	22	25		דְּבַ֥ר	1697	HNcmsc	10djw
14	22	26	x-ketiv	עבד/ו	5650	HNcmsc/Sp3ms	10cqT
14	22	27		עַבְדֶּֽ/ךָ	5650	HNcmsc/Sp2ms	10pWC
14	23	1		וַ/יָּ֥קָם	c/6965 b	HC/Vqw3ms	10RLz
14	23	2		יוֹאָ֖ב	3097	HNp	10YXn
14	23	3		וַ/יֵּ֣לֶךְ	c/3212	HC/Vqw3ms	10XT1
14	23	4		גְּשׁ֑וּרָ/ה	1650	HNp/Sd	103Mm
14	23	5		וַ/יָּבֵ֥א	c/935	HC/Vhw3ms	10zXt
14	23	6		אֶת	853	HTo	1067g
14	23	7		אַבְשָׁל֖וֹם	53	HNp	10C2M
14	23	8		יְרוּשָׁלִָֽם	3389	HNp	10Nec
14	24	1		וַ/יֹּ֤אמֶר	c/559	HC/Vqw3ms	1045R
14	24	2		הַ/מֶּ֨לֶךְ֙	d/4428	HTd/Ncmsa	10SEN
14	24	3		יִסֹּ֣ב	5437	HVqi3ms	10JQg
14	24	4		אֶל	413	HR	10TGg
14	24	5		בֵּית֔/וֹ	1004 b	HNcmsc/Sp3ms	10HrY
14	24	6		וּ/פָנַ֖/י	c/6440	HC/Ncbpc/Sp1cs	108tv
14	24	7		לֹ֣א	3808	HTn	103zJ
14	24	8		יִרְאֶ֑ה	7200	HVqi3ms	10odd
14	24	9		וַ/יִּסֹּ֤ב	c/5437	HC/Vqw3ms	10eJm
14	24	10		אַבְשָׁלוֹם֙	53	HNp	10t8y
14	24	11		אֶל	413	HR	107q4
14	24	12		בֵּית֔/וֹ	1004 b	HNcmsc/Sp3ms	10c2v
14	24	13		וּ/פְנֵ֥י	c/6440	HC/Ncbpc	10gth
14	24	14		הַ/מֶּ֖לֶךְ	d/4428	HTd/Ncmsa	10qe3
14	24	15		לֹ֥א	3808	HTn	10vvb
14	24	16		רָאָֽה	7200	HVqp3ms	10HZL
14	25	1		וּ/כְ/אַבְשָׁל֗וֹם	c/k/53	HC/R/Np	10JP4
14	25	2		לֹא	3808	HTn	10Lke
14	25	3		הָיָ֧ה	1961	HVqp3ms	10udG
14	25	4		אִישׁ	376	HNcmsa	10xji
14	25	5		יָפֶ֛ה	3303	HAamsa	10AfZ
14	25	6		בְּ/כָל	b/3605	HR/Ncmsc	10MKo
14	25	7		יִשְׂרָאֵ֖ל	3478	HNp	101BC
14	25	8		לְ/הַלֵּ֣ל	l/1984 b	HR/Vpc	10wuh
14	25	9		מְאֹ֑ד	3966	HD	10jPW
14	25	10		מִ/כַּ֤ף	m/3709	HR/Ncfsc	10aG2
14	25	11		רַגְל/וֹ֙	7272	HNcfsc/Sp3ms	10r8i
14	25	12		וְ/עַ֣ד	c/5704	HC/R	10QpT
14	25	13		קָדְקֳד֔/וֹ	6936	HNcmsc/Sp3ms	10TzY
14	25	14		לֹא	3808	HTn	10XbD
14	25	15		הָ֥יָה	1961	HVqp3ms	10gh4
14	25	16		ב֖/וֹ	b	HR/Sp3ms	105ho
14	25	17		מֽוּם	3971 b	HNcmsa	10FP9
14	26	1		וּֽ/בְ/גַלְּח/וֹ֮	c/b/1548	HC/R/Vpc/Sp3ms	107DJ
14	26	2		אֶת	853	HTo	10Wku
14	26	3		רֹאשׁ/וֹ֒	7218 a	HNcmsc/Sp3ms	105xN
14	26	4		וְֽ֠/הָיָה	c/1961	HC/Vqq3ms	10wtE
14	26	5		מִ/קֵּ֨ץ	m/7093	HR/Ncmsc	10g1M
14	26	6		יָמִ֤ים	3117	HNcmpa	10Ja2
14	26	7		לַ/יָּמִים֙	l/3117	HRd/Ncmpa	10sUc
14	26	8		אֲשֶׁ֣ר	834 a	HTr	10SSP
14	26	9		יְגַלֵּ֔חַ	1548	HVpi3ms	10XF1
14	26	10		כִּֽי	3588 a	HC	10Mig
14	26	11		כָבֵ֥ד	3513	HAamsa	10HwW
14	26	12		עָלָ֖י/ו	5921 a	HR/Sp3ms	10YeZ
14	26	13		וְ/גִלְּח֑/וֹ	c/1548	HC/Vpq3ms/Sp3ms	10fwr
14	26	14		וְ/שָׁקַל֙	c/8254	HC/Vqq3ms	10suC
14	26	15		אֶת	853	HTo	10Px1
14	26	16		שְׂעַ֣ר	8181	HNcmsc	10AYP
14	26	17		רֹאשׁ֔/וֹ	7218 a	HNcmsc/Sp3ms	10DRn
14	26	18		מָאתַ֥יִם	3967	HAcbda	10eu8
14	26	19		שְׁקָלִ֖ים	8255	HNcmpa	10Gvf
14	26	20		בְּ/אֶ֥בֶן	b/68	HR/Ncfsc	10rUH
14	26	21		הַ/מֶּֽלֶךְ	d/4428	HTd/Ncmsa	10Ndd
14	27	1		וַ/יִּֽוָּלְד֤וּ	c/3205	HC/VNw3mp	10AS3
14	27	2		לְ/אַבְשָׁלוֹם֙	l/53	HR/Np	10NNB
14	27	3		שְׁלוֹשָׁ֣ה	7969	HAcmsa	10ooW
14	27	4		בָנִ֔ים	1121 a	HNcmpa	1044e
14	27	5		וּ/בַ֥ת	c/1323	HC/Ncfsa	101ML
14	27	6		אַחַ֖ת	259	HAcfsa	10Lr5
14	27	7		וּ/שְׁמָ֣/הּ	c/8034	HC/Ncmsc/Sp3fs	10V22
14	27	8		תָּמָ֑ר	8559	HNp	10aa5
14	27	9		הִ֣יא	1931	HPp3fs	10Pbw
14	27	10		הָיְתָ֔ה	1961	HVqp3fs	105M6
14	27	11		אִשָּׁ֖ה	802	HNcfsa	10Fdk
14	27	12		יְפַ֥ת	3303	HAafsc	10Pwi
14	27	13		מַרְאֶֽה	4758	HNcmsa	10kSx
14	28	1		וַ/יֵּ֧שֶׁב	c/3427	HC/Vqw3ms	10488
14	28	2		אַבְשָׁל֛וֹם	53	HNp	10Mix
14	28	3		בִּ/ירוּשָׁלִַ֖ם	b/3389	HR/Np	10Nt6
14	28	4		שְׁנָתַ֣יִם	8141	HNcfda	10JC3
14	28	5		יָמִ֑ים	3117	HNcmpa	10ieh
14	28	6		וּ/פְנֵ֥י	c/6440	HC/Ncbpc	10ASQ
14	28	7		הַ/מֶּ֖לֶךְ	d/4428	HTd/Ncmsa	10NoG
14	28	8		לֹ֥א	3808	HTn	10CEp
14	28	9		רָאָֽה	7200	HVqp3ms	10ngB
14	29	1		וַ/יִּשְׁלַ֨ח	c/7971	HC/Vqw3ms	10yLn
14	29	2		אַבְשָׁל֜וֹם	53	HNp	10akE
14	29	3		אֶל	413	HR	10QRH
14	29	4		יוֹאָ֗ב	3097	HNp	10G4s
14	29	5		לִ/שְׁלֹ֤חַ	l/7971	HR/Vqc	10mzP
14	29	6		אֹת/וֹ֙	853	HTo/Sp3ms	10VHe
14	29	7		אֶל	413	HR	106MU
14	29	8		הַ/מֶּ֔לֶךְ	d/4428	HTd/Ncmsa	10DbG
14	29	9		וְ/לֹ֥א	c/3808	HC/Tn	10ecu
14	29	10		אָבָ֖ה	14	HVqp3ms	10jQu
14	29	11		לָ/ב֣וֹא	l/935	HR/Vqc	10Bcc
14	29	12		אֵלָ֑י/ו	413	HR/Sp3ms	10EVD
14	29	13		וַ/יִּשְׁלַ֥ח	c/7971	HC/Vqw3ms	10yJE
14	29	14		עוֹד֙	5750	HD	10cfw
14	29	15		שֵׁנִ֔ית	8145	HAofsa	106j8
14	29	16		וְ/לֹ֥א	c/3808	HC/Tn	10EEK
14	29	17		אָבָ֖ה	14	HVqp3ms	102ZK
14	29	18		לָ/בֽוֹא	l/935	HR/Vqc	10T4o
14	30	1		וַ/יֹּ֨אמֶר	c/559	HC/Vqw3ms	10SGX
14	30	2		אֶל	413	HR	10ExA
14	30	3		עֲבָדָ֜י/ו	5650	HNcmpc/Sp3ms	10kGa
14	30	4		רְאוּ֩	7200	HVqv2mp	10wwe
14	30	5		חֶלְקַ֨ת	2513 a	HNcfsc	10ej6
14	30	6		יוֹאָ֤ב	3097	HNp	10iJP
14	30	7		אֶל	413	HR	10MEP
14	30	8		יָדִ/י֙	3027	HNcbsc/Sp1cs	10BRP
14	30	9		וְ/ל/וֹ	c/l	HC/R/Sp3ms	10q73
14	30	10		שָׁ֣ם	8033	HD	10SDq
14	30	11		שְׂעֹרִ֔ים	8184	HNcfpa	10kXh
14	30	12		לְכ֖וּ	3212	HVqv2mp	10URX
14	30	13	x-ketiv	ו/הוצתי/ה	c/3341	HC/Vhq1cs/Sp3fs	10gMf
14	30	14		וְ/הַצִּית֣וּ/הָ	c/3341	HC/Vhv2mp/Sp3fs	10E6M
14	30	15		בָ/אֵ֑שׁ	b/784	HRd/Ncbsa	101A6
14	30	16		וַ/יַּצִּ֜תוּ	c/3341	HC/Vhw3mp	10BJQ
14	30	17		עַבְדֵ֧י	5650	HNcmpc	10XqG
14	30	18		אַבְשָׁל֛וֹם	53	HNp	10nEn
14	30	19		אֶת	853	HTo	10ket
14	30	20		הַ/חֶלְקָ֖ה	d/2513 a	HTd/Ncfsa	10V6E
14	30	21		בָּ/אֵֽשׁ	b/784	HRd/Ncbsa	10UwW
14	31	1		וַ/יָּ֣קָם	c/6965 b	HC/Vqw3ms	10RnX
14	31	2		יוֹאָ֔ב	3097	HNp	107PA
14	31	3		וַ/יָּבֹ֥א	c/935	HC/Vqw3ms	10bf2
14	31	4		אֶל	413	HR	10mxX
14	31	5		אַבְשָׁל֖וֹם	53	HNp	10Fbc
14	31	6		הַ/בָּ֑יְתָ/ה	d/1004 b	HTd/Ncmsa/Sd	10B6k
14	31	7		וַ/יֹּ֣אמֶר	c/559	HC/Vqw3ms	101Kb
14	31	8		אֵלָ֔י/ו	413	HR/Sp3ms	10Ue8
14	31	9		לָ֣/מָּה	l/4100	HR/Ti	10oJZ
14	31	10		הִצִּ֧יתוּ	3341	HVhp3cp	10vaQ
14	31	11		עֲבָדֶ֛/ךָ	5650	HNcmpc/Sp2ms	1039o
14	31	12		אֶת	853	HTo	10RyG
14	31	13		הַ/חֶלְקָ֥ה	d/2513 a	HTd/Ncfsa	10y4Q
14	31	14		אֲשֶׁר	834 a	HTr	10xya
14	31	15		לִ֖/י	l	HR/Sp1cs	10gpN
14	31	16		בָּ/אֵֽשׁ	b/784	HRd/Ncbsa	10wiL
14	32	1		וַ/יֹּ֣אמֶר	c/559	HC/Vqw3ms	10Qu5
14	32	2		אַבְשָׁל֣וֹם	53	HNp	10L3T
14	32	3		אֶל	413	HR	10dpv
14	32	4		יוֹאָ֡ב	3097	HNp	106Kf
14	32	5		הִנֵּ֣ה	2009	HTm	105Nn
14	32	6		שָׁלַ֣חְתִּי	7971	HVqp1cs	10R25
14	32	7		אֵלֶ֣י/ךָ	413	HR/Sp2ms	10d3e
14	32	8		לֵ/אמֹ֡ר	l/559	HR/Vqc	10jsg
14	32	9		בֹּ֣א	935	HVqv2ms	10H7t
14	32	10		הֵ֠נָּה	2008	HD	10mvX
14	32	11		וְ/אֶשְׁלְחָה֩	c/7971	HC/Vqh1cs	10RMf
14	32	12		אֹתְ/ךָ֨	853	HTo/Sp2ms	10Lmi
14	32	13		אֶל	413	HR	10frn
14	32	14		הַ/מֶּ֜לֶךְ	d/4428	HTd/Ncmsa	10ukw
14	32	15		לֵ/אמֹ֗ר	l/559	HR/Vqc	10VKd
14	32	16		לָ֤/מָּה	l/4100	HR/Ti	10tjY
14	32	17		בָּ֨אתִי֙	935	HVqp1cs	10L7A
14	32	18		מִ/גְּשׁ֔וּר	m/1650	HR/Np	10CiC
14	32	19		ט֥וֹב	2896 a	HAamsa	105Lz
14	32	20		לִ֖/י	l	HR/Sp1cs	107uH
14	32	21		עֹ֣ד	5750	HD	10pEG
14	32	22		אֲנִי	589	HPp1cs	10m4Z
14	32	23		שָׁ֑ם	8033	HD	10Cmt
14	32	24		וְ/עַתָּ֗ה	c/6258	HC/D	10hg2
14	32	25		אֶרְאֶה֙	7200	HVqh1cs	10MDe
14	32	26		פְּנֵ֣י	6440	HNcbpc	10ezg
14	32	27		הַ/מֶּ֔לֶךְ	d/4428	HTd/Ncmsa	10pE4
14	32	28		וְ/אִם	c/518 a	HC/C	10p3k
14	32	29		יֶשׁ	3426	HTm	10d1y
14	32	30		בִּ֥/י	b	HR/Sp1cs	10xV8
14	32	31		עָוֺ֖ן	5771	HNcbsa	107xo
14	32	32		וֶ/הֱמִתָֽ/נִי	c/4191	HC/Vhq3ms/Sp1cs	10PPv
14	33	1		וַ/יָּבֹ֨א	c/935	HC/Vqw3ms	10Eci
14	33	2		יוֹאָ֣ב	3097	HNp	10PW7
14	33	3		אֶל	413	HR	10kag
14	33	4		הַ/מֶּלֶךְ֮	d/4428	HTd/Ncmsa	10ne1
14	33	5		וַ/יַּגֶּד	c/5046	HC/Vhw3ms	1074j
14	33	6		ל/וֹ֒	l	HR/Sp3ms	10Cip
14	33	7		וַ/יִּקְרָ֤א	c/7121	HC/Vqw3ms	1043X
14	33	8		אֶל	413	HR	103p9
14	33	9		אַבְשָׁלוֹם֙	53	HNp	10fiw
14	33	10		וַ/יָּבֹ֣א	c/935	HC/Vqw3ms	10vHw
14	33	11		אֶל	413	HR	10s8T
14	33	12		הַ/מֶּ֔לֶךְ	d/4428	HTd/Ncmsa	10ZaN
14	33	13		וַ/יִּשְׁתַּ֨חוּ	c/7812	HC/Vtw3ms	10nYc
14	33	14		ל֧/וֹ	l	HR/Sp3ms	10u3e
14	33	15		עַל	5921 a	HR	1039m
14	33	16		אַפָּ֛י/ו	639	HNcmdc/Sp3ms	10dJf
14	33	17		אַ֖רְצָ/ה	776	HNcbsa/Sd	10mri
14	33	18		לִ/פְנֵ֣י	l/6440	HR/Ncbpc	10QxH
14	33	19		הַ/מֶּ֑לֶךְ	d/4428	HTd/Ncmsa	10U84
14	33	20		וַ/יִּשַּׁ֥ק	c/5401 a	HC/Vqw3ms	10Jy2
14	33	21		הַ/מֶּ֖לֶךְ	d/4428	HTd/Ncmsa	10HnU
14	33	22		לְ/אַבְשָׁלֽוֹם	l/53	HR/Np	10zRD
15	1	1		וַֽ/יְהִי֙	c/1961	HC/Vqw3ms	102v1
15	1	2		מֵ/אַ֣חֲרֵי	m/310 a	HR/R	10zJL
15	1	3		כֵ֔ן	3651 c	HD	10RMN
15	1	4		וַ/יַּ֤עַשׂ	c/6213 a	HC/Vqw3ms	10eF6
15	1	5		ל/וֹ֙	l	HR/Sp3ms	103VC
15	1	6		אַבְשָׁל֔וֹם	53	HNp	104tQ
15	1	7		מֶרְכָּבָ֖ה	4818	HNcfsa	10mn8
15	1	8		וְ/סֻסִ֑ים	c/5483 b	HC/Ncmpa	10k1n
15	1	9		וַ/חֲמִשִּׁ֥ים	c/2572	HC/Acbpa	10LbT
15	1	10		אִ֖ישׁ	376	HNcmsa	1018q
15	1	11		רָצִ֥ים	7323	HVqrmpa	10MDc
15	1	12		לְ/פָנָֽי/ו	l/6440	HR/Ncbpc/Sp3ms	10Yeh
15	2	1		וְ/הִשְׁכִּים֙	c/7925	HC/Vhq3ms	10khD
15	2	2		אַבְשָׁל֔וֹם	53	HNp	101Qt
15	2	3		וְ/עָמַ֕ד	c/5975	HC/Vqq3ms	10onH
15	2	4		עַל	5921 a	HR	102Kd
15	2	5		יַ֖ד	3027	HNcbsc	10LPE
15	2	6		דֶּ֣רֶךְ	1870	HNcbsc	10Anu
15	2	7		הַ/שָּׁ֑עַר	d/8179	HTd/Ncmsa	10YWY
15	2	8		וַ/יְהִ֡י	c/1961	HC/Vqw3ms	10FkQ
15	2	9		כָּל	3605	HNcmsc	10vf3
15	2	10		הָ/אִ֣ישׁ	d/376	HTd/Ncmsa	10y8F
15	2	11		אֲשֶֽׁר	834 a	HTr	10uwa
15	2	12		יִהְיֶה	1961	HVqi3ms	10quH
15	2	13		לּ/וֹ	l	HR/Sp3ms	10FKK
15	2	14		רִיב֩	7379	HNcbsa	10EY9
15	2	15		לָ/ב֨וֹא	l/935	HR/Vqc	103bJ
15	2	16		אֶל	413	HR	10Euh
15	2	17		הַ/מֶּ֜לֶךְ	d/4428	HTd/Ncmsa	10cUS
15	2	18		לַ/מִּשְׁפָּ֗ט	l/4941	HRd/Ncmsa	10Kn2
15	2	19		וַ/יִּקְרָ֨א	c/7121	HC/Vqw3ms	10VLr
15	2	20		אַבְשָׁל֤וֹם	53	HNp	10esu
15	2	21		אֵלָי/ו֙	413	HR/Sp3ms	10FiZ
15	2	22		וַ/יֹּ֗אמֶר	c/559	HC/Vqw3ms	10RZJ
15	2	23		אֵֽי	335	HTi	108Zb
15	2	24		מִ/זֶּ֥ה	m/2088	HR/Pdxms	10Lat
15	2	25		עִיר֙	5892 b	HNcfsa	10dYo
15	2	26		אַ֔תָּה	859 a	HPp2ms	10b1b
15	2	27		וַ/יֹּ֕אמֶר	c/559	HC/Vqw3ms	10HdC
15	2	28		מֵ/אַחַ֥ד	m/259	HR/Acmsc	10wTV
15	2	29		שִׁבְטֵֽי	7626	HNcmpc	10dAy
15	2	30		יִשְׂרָאֵ֖ל	3478	HNp	10HvE
15	2	31		עַבְדֶּֽ/ךָ	5650	HNcmsc/Sp2ms	108ac
15	3	1		וַ/יֹּ֤אמֶר	c/559	HC/Vqw3ms	10fZx
15	3	2		אֵלָי/ו֙	413	HR/Sp3ms	10zSb
15	3	3		אַבְשָׁל֔וֹם	53	HNp	106FX
15	3	4		רְאֵ֥ה	7200	HVqv2ms	10yVJ
15	3	5		דְבָרֶ֖/ךָ	1697	HNcmsc/Sp2ms	10Jp4
15	3	6		טוֹבִ֣ים	2896 a	HAampa	1047f
15	3	7		וּ/נְכֹחִ֑ים	c/5228	HC/Aampa	10sbC
15	3	8		וְ/שֹׁמֵ֥עַ	c/8085	HC/Vqrmsa	108UN
15	3	9		אֵין	369	HTn	10cbJ
15	3	10		לְ/ךָ֖	l	HR/Sp2ms	10wTH
15	3	11		מֵ/אֵ֥ת	m/854	HR/R	10sDn
15	3	12		הַ/מֶּֽלֶךְ	d/4428	HTd/Ncmsa	101fa
15	4	1		וַ/יֹּ֨אמֶר֙	c/559	HC/Vqw3ms	104Hx
15	4	2		אַבְשָׁל֔וֹם	53	HNp	10J4p
15	4	3		מִי	4310	HTi	10eKA
15	4	4		יְשִׂמֵ֥/נִי	7760 a	HVqi3ms/Sp1cs	10kof
15	4	5		שֹׁפֵ֖ט	8199	HVqrmsa	10oxJ
15	4	6		בָּ/אָ֑רֶץ	b/776	HRd/Ncbsa	10Lkz
15	4	7		וְ/עָלַ֗/י	c/5921 a	HC/R/Sp1cs	10a35
15	4	8		יָב֥וֹא	935	HVqi3ms	1085C
15	4	9		כָּל	3605	HNcmsc	10duB
15	4	10		אִ֛ישׁ	376	HNcmsa	10Dd8
15	4	11		אֲשֶֽׁר	834 a	HTr	102Ez
15	4	12		יִהְיֶה	1961	HVqi3ms	10zgP
15	4	13		לּ/וֹ	l	HR/Sp3ms	10K1F
15	4	14		רִ֥יב	7379	HNcbsa	10F8k
15	4	15		וּ/מִשְׁפָּ֖ט	c/4941	HC/Ncmsa	10yie
15	4	16		וְ/הִצְדַּקְתִּֽי/ו	c/6663	HC/Vhp1cs/Sp3ms	10AGX
15	5	1		וְ/הָיָה֙	c/1961	HC/Vqp3ms	10QZQ
15	5	2		בִּ/קְרָב	b/7126	HR/Vqc	10iJj
15	5	3		אִ֔ישׁ	376	HNcmsa	109tK
15	5	4		לְ/הִשְׁתַּחֲוֺ֖ת	l/7812	HR/Vtc	10cdf
15	5	5		ל֑/וֹ	l	HR/Sp3ms	10ViQ
15	5	6		וְ/שָׁלַ֧ח	c/7971	HC/Vqq3ms	106Gq
15	5	7		אֶת	853	HTo	10xzK
15	5	8		יָד֛/וֹ	3027	HNcbsc/Sp3ms	10M3A
15	5	9		וְ/הֶחֱזִ֥יק	c/2388	HC/Vhq3ms	10ixU
15	5	10		ל֖/וֹ	l	HR/Sp3ms	10grk
15	5	11		וְ/נָ֥שַׁק	c/5401 a	HC/Vqp3ms	10cot
15	5	12		לֽ/וֹ	l	HR/Sp3ms	10K5A
15	6	1		וַ/יַּ֨עַשׂ	c/6213 a	HC/Vqw3ms	10EZv
15	6	2		אַבְשָׁל֜וֹם	53	HNp	10z5E
15	6	3		כַּ/דָּבָ֤ר	k/1697	HRd/Ncmsa	10V3V
15	6	4		הַ/זֶּה֙	d/2088	HTd/Pdxms	10SE1
15	6	5		לְ/כָל	l/3605	HR/Ncmsc	10thM
15	6	6		יִשְׂרָאֵ֔ל	3478	HNp	102ww
15	6	7		אֲשֶׁר	834 a	HTr	10GEX
15	6	8		יָבֹ֥אוּ	935	HVqi3mp	10V1p
15	6	9		לַ/מִּשְׁפָּ֖ט	l/4941	HRd/Ncmsa	10bZG
15	6	10		אֶל	413	HR	10mCK
15	6	11		הַ/מֶּ֑לֶךְ	d/4428	HTd/Ncmsa	10t2E
15	6	12		וַ/יְגַנֵּב֙	c/1589	HC/Vpw3ms	10vxV
15	6	13		אַבְשָׁל֔וֹם	53	HNp	10Jbi
15	6	14		אֶת	853	HTo	10Cwm
15	6	15		לֵ֖ב	3820 a	HNcmsc	10ugN
15	6	16		אַנְשֵׁ֥י	376	HNcmpc	103S6
15	6	17		יִשְׂרָאֵֽל	3478	HNp	10Zpg
15	7	1		וַ/יְהִ֕י	c/1961	HC/Vqw3ms	10XbK
15	7	2		מִ/קֵּ֖ץ	m/7093	HR/Ncmsc	10Rfy
15	7	3		אַרְבָּעִ֣ים	705	HAcbpa	10nMK
15	7	4		שָׁנָ֑ה	8141	HNcfsa	10igt
15	7	5		וַ/יֹּ֤אמֶר	c/559	HC/Vqw3ms	10J8d
15	7	6		אַבְשָׁלוֹם֙	53	HNp	10Zuf
15	7	7		אֶל	413	HR	10Vtr
15	7	8		הַ/מֶּ֔לֶךְ	d/4428	HTd/Ncmsa	10qwE
15	7	9		אֵ֣לֲכָה	3212	HVqh1cs	10KNV
15	7	10		נָּ֗א	4994	HTj	10wr4
15	7	11		וַ/אֲשַׁלֵּ֛ם	c/7999 a	HC/Vph1cs	10vZL
15	7	12		אֶת	853	HTo	10SzL
15	7	13		נִדְרִ֛/י	5088	HNcmsc/Sp1cs	10vye
15	7	14		אֲשֶׁר	834 a	HTr	10mzs
15	7	15		נָדַ֥רְתִּי	5087	HVqp1cs	10RUB
15	7	16		לַֽ/יהוָ֖ה	l/3068	HR/Np	10b16
15	7	17		בְּ/חֶבְרֽוֹן	b/2275 a	HR/Np	101Se
15	8	1		כִּי	3588 a	HC	10s9f
15	8	2		נֵ֨דֶר֙	5088	HNcmsa	101Z5
15	8	3		נָדַ֣ר	5087	HVqp3ms	10Wis
15	8	4		עַבְדְּ/ךָ֔	5650	HNcmsc/Sp2ms	10yWu
15	8	5		בְּ/שִׁבְתִּ֥/י	b/3427	HR/Vqc/Sp1cs	10MU6
15	8	6		בִ/גְשׁ֛וּר	b/1650	HR/Np	10xmE
15	8	7		בַּ/אֲרָ֖ם	b/758	HR/Np	10TLt
15	8	8		לֵ/אמֹ֑ר	l/559	HR/Vqc	10Gim
15	8	9		אִם	518 a	HC	10Jv1
15	8	10	x-ketiv	ישיב	7725	HVhi3ms	10hKn
15	8	11		יָשׁ֨וֹב	7725	HVqa	10poz
15	8	12		יְשִׁיבֵ֤/נִי	7725	HVhi3ms/Sp1cs	10h7D
15	8	13		יְהוָה֙	3068	HNp	10W2Y
15	8	14		יְר֣וּשָׁלִַ֔ם	3389	HNp	10BHc
15	8	15		וְ/עָבַדְתִּ֖י	c/5647	HC/Vqp1cs	10zPq
15	8	16		אֶת	853	HTo	108Mb
15	8	17		יְהוָֽה	3068	HNp	10DU5
15	9	1		וַ/יֹּֽאמֶר	c/559	HC/Vqw3ms	10GoH
15	9	2		ל֥/וֹ	l	HR/Sp3ms	10Rco
15	9	3		הַ/מֶּ֖לֶךְ	d/4428	HTd/Ncmsa	10qxv
15	9	4		לֵ֣ךְ	3212	HVqv2ms	10teJ
15	9	5		בְּ/שָׁל֑וֹם	b/7965	HR/Ncmsa	10Yjt
15	9	6		וַ/יָּ֖קָם	c/6965 b	HC/Vqw3ms	10RDD
15	9	7		וַ/יֵּ֥לֶךְ	c/3212	HC/Vqw3ms	10Y1A
15	9	8		חֶבְרֽוֹנָ/ה	2275 a	HNp/Sd	109gc
15	10	1		וַ/יִּשְׁלַ֤ח	c/7971	HC/Vqw3ms	10DDp
15	10	2		אַבְשָׁלוֹם֙	53	HNp	10w2a
15	10	3		מְרַגְּלִ֔ים	7270	HVprmpa	1052N
15	10	4		בְּ/כָל	b/3605	HR/Ncmsc	103Jb
15	10	5		שִׁבְטֵ֥י	7626	HNcmpc	10AaT
15	10	6		יִשְׂרָאֵ֖ל	3478	HNp	10rmh
15	10	7		לֵ/אמֹ֑ר	l/559	HR/Vqc	10M5h
15	10	8		כְּ/שָׁמְעֲ/כֶם֙	k/8085	HR/Vqc/Sp2mp	10SLw
15	10	9		אֶת	853	HTo	10mzL
15	10	10		ק֣וֹל	6963 a	HNcmsc	10s1q
15	10	11		הַ/שֹּׁפָ֔ר	d/7782	HTd/Ncmsa	10L75
15	10	12		וַ/אֲמַרְתֶּ֕ם	c/559	HC/Vqp2mp	10hfu
15	10	13		מָלַ֥ךְ	4427 a	HVqp3ms	10JV9
15	10	14		אַבְשָׁל֖וֹם	53	HNp	10Luf
15	10	15		בְּ/חֶבְרֽוֹן	b/2275 a	HR/Np	10dyW
15	11	1		וְ/אֶת	c/854	HC/R	10cfy
15	11	2		אַבְשָׁל֗וֹם	53	HNp	10bm3
15	11	3		הָלְכ֞וּ	1980	HVqp3cp	10X1G
15	11	4		מָאתַ֤יִם	3967	HAcbda	10DAz
15	11	5		אִישׁ֙	376	HNcmsa	10cG2
15	11	6		מִ/יר֣וּשָׁלִַ֔ם	m/3389	HR/Np	10SiW
15	11	7		קְרֻאִ֖ים	7121	HVqsmpa	103KU
15	11	8		וְ/הֹלְכִ֣ים	c/1980	HC/Vqrmpa	10HCz
15	11	9		לְ/תֻמָּ֑/ם	l/8537	HR/Ncmsc/Sp3mp	10uez
15	11	10		וְ/לֹ֥א	c/3808	HC/Tn	10t7Z
15	11	11		יָדְע֖וּ	3045	HVqp3cp	10KG3
15	11	12		כָּל	3605	HNcmsc	10BNm
15	11	13		דָּבָֽר	1697	HNcmsa	10S39
15	12	1		וַ/יִּשְׁלַ֣ח	c/7971	HC/Vqw3ms	1066Y
15	12	2		אַ֠בְשָׁלוֹם	53	HNp	101wE
15	12	3		אֶת	853	HTo	10LNG
15	12	4		אֲחִיתֹ֨פֶל	302	HNp	101VD
15	12	5		הַ/גִּֽילֹנִ֜י	d/1526	HTd/Ngmsa	10Sti
15	12	6		יוֹעֵ֣ץ	3289	HVqrmsc	109UL
15	12	7		דָּוִ֗ד	1732	HNp	10jTj
15	12	8		מֵֽ/עִיר/וֹ֙	m/5892 b	HR/Ncfsc/Sp3ms	10yoM
15	12	9		מִ/גִּלֹ֔ה	m/1542	HR/Np	10u9c
15	12	10		בְּ/זָבְח֖/וֹ	b/2076	HR/Vqc/Sp3ms	10npB
15	12	11		אֶת	853	HTo	10nhG
15	12	12		הַ/זְּבָחִ֑ים	d/2077	HTd/Ncmpa	10FcX
15	12	13		וַ/יְהִ֤י	c/1961	HC/Vqw3ms	10fZ4
15	12	14		הַ/קֶּ֨שֶׁר֙	d/7195	HTd/Ncmsa	1056D
15	12	15		אַמִּ֔ץ	533	HAamsa	103Lr
15	12	16		וְ/הָ/עָ֛ם	c/d/5971 a	HC/Td/Ncmsa	10NnT
15	12	17		הוֹלֵ֥ךְ	1980	HVqrmsa	10TQz
15	12	18		וָ/רָ֖ב	c/7227 a	HC/Aamsa	10rfK
15	12	19		אֶת	854	HR	10fa5
15	12	20		אַבְשָׁלֽוֹם	53	HNp	10cLe
15	13	1		וַ/יָּבֹא֙	c/935	HC/Vqw3ms	10b9p
15	13	2		הַ/מַּגִּ֔יד	d/5046	HTd/Vhrmsa	10iWG
15	13	3		אֶל	413	HR	10v6C
15	13	4		דָּוִ֖ד	1732	HNp	10nag
15	13	5		לֵ/אמֹ֑ר	l/559	HR/Vqc	10gmi
15	13	6		הָיָ֛ה	1961	HVqp3ms	10ERU
15	13	7		לֶב	3820 a	HNcmsc	10t7c
15	13	8		אִ֥ישׁ	376	HNcmsc	10Y1F
15	13	9		יִשְׂרָאֵ֖ל	3478	HNp	10JXq
15	13	10		אַחֲרֵ֥י	310 a	HR	10W2g
15	13	11		אַבְשָׁלֽוֹם	53	HNp	10M8k
15	14	1		וַ/יֹּ֣אמֶר	c/559	HC/Vqw3ms	10KnE
15	14	2		דָּ֠וִד	1732	HNp	10hDB
15	14	3		לְ/כָל	l/3605	HR/Ncmsc	10LFh
15	14	4		עֲבָדָ֨י/ו	5650	HNcmpc/Sp3ms	10EWr
15	14	5		אֲשֶׁר	834 a	HTr	10rHN
15	14	6		אִתּ֤/וֹ	854	HR/Sp3ms	10LDD
15	14	7		בִ/ירוּשָׁלִַ֨ם֙	b/3389	HR/Np	10dAG
15	14	8		ק֣וּמוּ	6965 b	HVqv2mp	10B9T
15	14	9		וְ/נִבְרָ֔חָה	c/1272	HC/Vqh1cp	10m7U
15	14	10		כִּ֛י	3588 a	HC	10coZ
15	14	11		לֹא	3808	HTn	10pkN
15	14	12		תִֽהְיֶה	1961	HVqi3fs	102TP
15	14	13		לָּ֥/נוּ	l	HR/Sp1cp	10p9B
15	14	14		פְלֵיטָ֖ה	6413	HNcfsa	10Wz8
15	14	15		מִ/פְּנֵ֣י	m/6440	HR/Ncbpc	10CFE
15	14	16		אַבְשָׁל֑וֹם	53	HNp	10wi9
15	14	17		מַהֲר֣וּ	4116 a	HVpv2mp	10T67
15	14	18		לָ/לֶ֗כֶת	l/3212	HR/Vqc	10biA
15	14	19		פֶּן	6435	HC	10u4V
15	14	20		יְמַהֵ֤ר	4116 a	HVpi3ms	10wS9
15	14	21		וְ/הִשִּׂגָ֨/נוּ֙	c/5381	HC/Vhq3ms/Sp1cp	10rAC
15	14	22		וְ/הִדִּ֤יחַ	c/5080	HC/Vhq3ms	10jq8
15	14	23		עָלֵ֨י/נוּ֙	5921 a	HR/Sp1cp	10R4y
15	14	24		אֶת	853	HTo	10EfW
15	14	25		הָ֣/רָעָ֔ה	d/7451 c	HTd/Ncfsa	10U9o
15	14	26		וְ/הִכָּ֥ה	c/5221	HC/Vhq3ms	10VJW
15	14	27		הָ/עִ֖יר	d/5892 b	HTd/Ncfsa	10c6w
15	14	28		לְ/פִי	l/6310	HR/Ncmsc	10RJ6
15	14	29		חָֽרֶב	2719	HNcfsa	10mKe
15	15	1		וַ/יֹּאמְר֥וּ	c/559	HC/Vqw3mp	10Z2i
15	15	2		עַבְדֵֽי	5650	HNcmpc	10e3B
15	15	3		הַ/מֶּ֖לֶךְ	d/4428	HTd/Ncmsa	107Pd
15	15	4		אֶל	413	HR	10Lgc
15	15	5		הַ/מֶּ֑לֶךְ	d/4428	HTd/Ncmsa	10RLL
15	15	6		כְּ/כֹ֧ל	k/3605	HR/Ncmsa	10XTN
15	15	7		אֲשֶׁר	834 a	HTr	109j9
15	15	8		יִבְחַ֛ר	977	HVqi3ms	10xRk
15	15	9		אֲדֹנִ֥/י	113	HNcmsc/Sp1cs	10agE
15	15	10		הַ/מֶּ֖לֶךְ	d/4428	HTd/Ncmsa	1099n
15	15	11		הִנֵּ֥ה	2009	HTm	10SnR
15	15	12		עֲבָדֶֽי/ךָ	5650	HNcmpc/Sp2ms	10aw2
15	16	1		וַ/יֵּצֵ֥א	c/3318	HC/Vqw3ms	10x3j
15	16	2		הַ/מֶּ֛לֶךְ	d/4428	HTd/Ncmsa	108ZD
15	16	3		וְ/כָל	c/3605	HC/Ncmsc	10hyj
15	16	4		בֵּית֖/וֹ	1004 b	HNcmsc/Sp3ms	10ADU
15	16	5		בְּ/רַגְלָ֑י/ו	b/7272	HR/Ncfdc/Sp3ms	10shc
15	16	6		וַ/יַּעֲזֹ֣ב	c/5800 a	HC/Vqw3ms	10uS9
15	16	7		הַ/מֶּ֗לֶךְ	d/4428	HTd/Ncmsa	10bxp
15	16	8		אֵ֣ת	853	HTo	10TxD
15	16	9		עֶ֧שֶׂר	6235	HAcfsa	10Txd
15	16	10		נָשִׁ֛ים	802	HNcfpa	10Zqo
15	16	11		פִּֽלַגְשִׁ֖ים	6370	HNcfpa	10eXv
15	16	12		לִ/שְׁמֹ֥ר	l/8104	HR/Vqc	1074M
15	16	13		הַ/בָּֽיִת	d/1004 b	HTd/Ncmsa	10KQd
15	17	1		וַ/יֵּצֵ֥א	c/3318	HC/Vqw3ms	10QLn
15	17	2		הַ/מֶּ֛לֶךְ	d/4428	HTd/Ncmsa	10Rz1
15	17	3		וְ/כָל	c/3605	HC/Ncmsc	10AR3
15	17	4		הָ/עָ֖ם	d/5971 a	HTd/Ncmsa	106J4
15	17	5		בְּ/רַגְלָ֑י/ו	b/7272	HR/Ncfdc/Sp3ms	107AJ
15	17	6		וַ/יַּעַמְד֖וּ	c/5975	HC/Vqw3mp	10rrT
15	17	7		בֵּ֥ית	1023+	HNcmsc	10zc1
15	17	8		הַ/מֶּרְחָֽק	d/1023	HTd/Ncmsa	10t1p
15	18	1		וְ/כָל	c/3605	HC/Ncmsc	10Nsw
15	18	2		עֲבָדָי/ו֙	5650	HNcmpc/Sp3ms	10H4B
15	18	3		עֹבְרִ֣ים	5674 a	HVqrmpa	10yhE
15	18	4		עַל	5921 a	HR	10TCJ
15	18	5		יָד֔/וֹ	3027	HNcbsc/Sp3ms	10HLL
15	18	6		וְ/כָל	c/3605	HC/Ncmsc	10VMR
15	18	7		הַ/כְּרֵתִ֖י	d/3774	HTd/Ngmsa	10nHt
15	18	8		וְ/כָל	c/3605	HC/Ncmsc	10uVh
15	18	9		הַ/פְּלֵתִ֑י	d/6432	HTd/Ngmsa	10j46
15	18	10		וְ/כָֽל	c/3605	HC/Ncmsc	10tWx
15	18	11		הַ/גִּתִּ֞ים	d/1663	HTd/Ngmsa	103VF
15	18	12		שֵׁשׁ	8337	HAcfsa	10a9R
15	18	13		מֵא֣וֹת	3967	HAcbpa	10BUv
15	18	14		אִ֗ישׁ	376	HNcmsa	106Ay
15	18	15		אֲשֶׁר	834 a	HTr	10buH
15	18	16		בָּ֤אוּ	935	HVqp3cp	10s74
15	18	17		בְ/רַגְל/וֹ֙	b/7272	HR/Ncfsc/Sp3ms	10Qem
15	18	18		מִ/גַּ֔ת	m/1661	HR/Np	10okp
15	18	19		עֹבְרִ֖ים	5674 a	HVqrmpa	105Q5
15	18	20		עַל	5921 a	HR	10qJK
15	18	21		פְּנֵ֥י	6440	HNcbpc	10QZB
15	18	22		הַ/מֶּֽלֶךְ	d/4428	HTd/Ncmsa	10Br9
15	19	1		וַ/יֹּ֤אמֶר	c/559	HC/Vqw3ms	10CaP
15	19	2		הַ/מֶּ֨לֶךְ֙	d/4428	HTd/Ncmsa	102Jq
15	19	3		אֶל	413	HR	10UQf
15	19	4		אִתַּ֣י	863	HNp	10koC
15	19	5		הַ/גִּתִּ֔י	d/1663	HTd/Ngmsa	10xyV
15	19	6		לָ֧/מָּה	l/4100	HR/Ti	10Leq
15	19	7		תֵלֵ֛ךְ	3212	HVqi2ms	10RrD
15	19	8		גַּם	1571	HTa	10Kv1
15	19	9		אַתָּ֖ה	859 a	HPp2ms	10S8w
15	19	10		אִתָּ֑/נוּ	854	HR/Sp1cp	10hEe
15	19	11		שׁ֣וּב	7725	HVqv2ms	10PTn
15	19	12		וְ/שֵׁ֤ב	c/3427	HC/Vqv2ms	10T7k
15	19	13		עִם	5973 a	HR	10vKW
15	19	14		הַ/מֶּ֨לֶךְ֙	d/4428	HTd/Ncmsa	10quk
15	19	15		כִּֽי	3588 a	HC	10Qsp
15	19	16		נָכְרִ֣י	5237	HAamsa	10q5z
15	19	17		אַ֔תָּה	859 a	HPp2ms	10rTe
15	19	18		וְ/גַם	c/1571	HC/Ta	10CMT
15	19	19		גֹּלֶ֥ה	1540	HVqrmsa	10npi
15	19	20		אַתָּ֖ה	859 a	HPp2ms	10f16
15	19	21		לִ/מְקוֹמֶֽ/ךָ	l/4725	HR/Ncmsc/Sp2ms	107Yx
15	20	1		תְּמ֣וֹל	8543	HD	104CA
15	20	2		בּוֹאֶ֗/ךָ	935	HVqc/Sp2ms	10bwy
15	20	3		וְ/הַ/יּ֞וֹם	c/d/3117	HC/Td/Ncmsa	10gtP
15	20	4	x-ketiv	אנוע/ך	5128	HVqi1cs/Sp2ms	10QYM
15	20	5		אֲנִֽיעֲ/ךָ֤	5128	HVhi1cs/Sp2ms	10NXX
15	20	6		עִמָּ֨/נוּ֙	5973 a	HR/Sp1cp	10JFS
15	20	7		לָ/לֶ֔כֶת	l/3212	HR/Vqc	10vz1
15	20	8		וַ/אֲנִ֣י	c/589	HC/Pp1cs	103P6
15	20	9		הוֹלֵ֔ךְ	1980	HVqrmsa	108so
15	20	10		עַ֥ל	5921 a	HR	10YUp
15	20	11		אֲשֶׁר	834 a	HTr	10N5y
15	20	12		אֲנִ֖י	589	HPp1cs	10G2c
15	20	13		הוֹלֵ֑ךְ	1980	HVqrmsa	10MUh
15	20	14		שׁ֣וּב	7725	HVqv2ms	10rRV
15	20	15		וְ/הָשֵׁ֧ב	c/7725	HC/Vhv2ms	10y81
15	20	16		אֶת	853	HTo	10oA4
15	20	17		אַחֶ֛י/ךָ	251	HNcmpc/Sp2ms	10f9w
15	20	18		עִמָּ֖/ךְ	5973 a	HR/Sp2fs	10PwW
15	20	19		חֶ֥סֶד	2617 a	HNcmsa	10Fkn
15	20	20		וֶ/אֱמֶֽת	c/571	HC/Ncfsa	10bpn
15	21	1		וַ/יַּ֧עַן	c/6030 b	HC/Vqw3ms	10ywD
15	21	2		אִתַּ֛י	863	HNp	10hBi
15	21	3		אֶת	853	HTo	109jd
15	21	4		הַ/מֶּ֖לֶךְ	d/4428	HTd/Ncmsa	10NGN
15	21	5		וַ/יֹּאמַ֑ר	c/559	HC/Vqw3ms	1031w
15	21	6		חַי	2416 a	HAamsa	10nHz
15	21	7		יְהוָ֗ה	3068	HNp	10yym
15	21	8		וְ/חֵי֙	c/2416 a	HC/Ncbsc	10yHv
15	21	9		אֲדֹנִ֣/י	113	HNcmsc/Sp1cs	10D9G
15	21	10		הַ/מֶּ֔לֶךְ	d/4428	HTd/Ncmsa	10ZkS
15	21	11		כִּ֠י	3588 b	HC	107eY
15	21	12		אִם	518 b	HC	105KS
15	21	13		בִּ/מְק֞וֹם	b/4725	HR/Ncmsc	10QMc
15	21	14		אֲשֶׁ֥ר	834 a	HTr	10vNk
15	21	15		יִֽהְיֶה	1961	HVqi3ms	10Rs6
15	21	16		שָּׁ֣ם	8033	HD	10aq4
15	21	17		אֲדֹנִ֣/י	113	HNcmsc/Sp1cs	10yyt
15	21	18		הַ/מֶּ֗לֶךְ	d/4428	HTd/Ncmsa	10J2d
15	21	19		אִם	518 a	HC	10CqT
15	21	20		לְ/מָ֨וֶת֙	l/4194	HR/Ncmsa	10MTY
15	21	21		אִם	518 a	HC	10VoC
15	21	22		לְ/חַיִּ֔ים	l/2416 e	HR/Ncmpa	10Vpi
15	21	23		כִּי	3588 a	HC	10PBT
15	21	24		שָׁ֖ם	8033	HD	10HGR
15	21	25		יִהְיֶ֥ה	1961	HVqi3ms	106sk
15	21	26		עַבְדֶּֽ/ךָ	5650	HNcmsc/Sp2ms	10k8E
15	22	1		וַ/יֹּ֧אמֶר	c/559	HC/Vqw3ms	102HU
15	22	2		דָּוִ֛ד	1732	HNp	10ULv
15	22	3		אֶל	413	HR	10eXZ
15	22	4		אִתַּ֖י	863	HNp	10pUs
15	22	5		לֵ֣ךְ	3212	HVqv2ms	1092R
15	22	6		וַ/עֲבֹ֑ר	c/5674 a	HC/Vqv2ms	10M7V
15	22	7		וַֽ/יַּעֲבֹ֞ר	c/5674 a	HC/Vqw3ms	10N33
15	22	8		אִתַּ֤י	863	HNp	10wN2
15	22	9		הַ/גִּתִּי֙	d/1663	HTd/Ngmsa	1068n
15	22	10		וְ/כָל	c/3605	HC/Ncmsc	10GAD
15	22	11		אֲנָשָׁ֔י/ו	376	HNcmpc/Sp3ms	101ee
15	22	12		וְ/כָל	c/3605	HC/Ncmsc	10dZh
15	22	13		הַ/טַּ֖ף	d/2945	HTd/Ncmsa	10cKU
15	22	14		אֲשֶׁ֥ר	834 a	HTr	10bSE
15	22	15		אִתּֽ/וֹ	854	HR/Sp3ms	10EWA
15	23	1		וְ/כָל	c/3605	HC/Ncmsc	10zWo
15	23	2		הָ/אָ֗רֶץ	d/776	HTd/Ncbsa	10djv
15	23	3		בּוֹכִים֙	1058	HVqrmpa	10Ukr
15	23	4		ק֣וֹל	6963 a	HNcmsa	10UM1
15	23	5		גָּד֔וֹל	1419 a	HAamsa	10Ubd
15	23	6		וְ/כָל	c/3605	HC/Ncmsc	10oqY
15	23	7		הָ/עָ֖ם	d/5971 a	HTd/Ncmsa	10HYy
15	23	8		עֹֽבְרִ֑ים	5674 a	HVqrmpa	10dH2
15	23	9		וְ/הַ/מֶּ֗לֶךְ	c/d/4428	HC/Td/Ncmsa	10SSn
15	23	10		עֹבֵר֙	5674 a	HVqrmsa	109WF
15	23	11		בְּ/נַ֣חַל	b/5158 a	HR/Ncmsc	10Ddt
15	23	12		קִדְר֔וֹן	6939	HNp	10xK2
15	23	13		וְ/כָל	c/3605	HC/Ncmsc	10DPi
15	23	14		הָ/עָם֙	d/5971 a	HTd/Ncmsa	10D8e
15	23	15		עֹבְרִ֔ים	5674 a	HVqrmpa	10Sx9
15	23	16		עַל	5921 a	HR	10im8
15	23	17		פְּנֵי	6440	HNcbpc	10Enx
15	23	18		דֶ֖רֶךְ	1870	HNcbsa	103mF
15	23	19		אֶת	853	HTo	10Lmj
15	23	20		הַ/מִּדְבָּֽר	d/4057 b	HTd/Ncmsa	10Wuy
15	24	1		וְ/הִנֵּ֨ה	c/2009	HC/Tm	10SLZ
15	24	2		גַם	1571	HD	10ooD
15	24	3		צָד֜וֹק	6659	HNp	10wcw
15	24	4		וְ/כָֽל	c/3605	HC/Ncmsc	10c32
15	24	5		הַ/לְוִיִּ֣ם	d/3881	HTd/Ngmpa	10Xsg
15	24	6		אִתּ֗/וֹ	854	HR/Sp3ms	10sZv
15	24	7		נֹֽשְׂאִים֙	5375	HVqrmpa	10S9x
15	24	8		אֶת	853	HTo	10CfQ
15	24	9		אֲרוֹן֙	727	HNcbsc	10ZGT
15	24	10		בְּרִ֣ית	1285	HNcfsc	10zLW
15	24	11		הָ/אֱלֹהִ֔ים	d/430	HTd/Ncmpa	10tDQ
15	24	12		וַ/יַּצִּ֨קוּ֙	c/3332	HC/Vhw3mp	10oNh
15	24	13		אֶת	853	HTo	10S1Y
15	24	14		אֲר֣וֹן	727	HNcbsc	10DG9
15	24	15		הָ/אֱלֹהִ֔ים	d/430	HTd/Ncmpa	10BDe
15	24	16		וַ/יַּ֖עַל	c/5927	HC/Vqw3ms	10D2q
15	24	17		אֶבְיָתָ֑ר	54	HNp	10qAx
15	24	18		עַד	5704	HR	10axC
15	24	19		תֹּ֥ם	8552	HVqc	10o6W
15	24	20		כָּל	3605	HNcmsc	10x5r
15	24	21		הָ/עָ֖ם	d/5971 a	HTd/Ncmsa	108x6
15	24	22		לַ/עֲב֥וֹר	l/5674 a	HR/Vqc	10LnD
15	24	23		מִן	4480 a	HR	10iU5
15	24	24		הָ/עִֽיר	d/5892 b	HTd/Ncfsa	10HeA
15	25	1		וַ/יֹּ֤אמֶר	c/559	HC/Vqw3ms	10FnB
15	25	2		הַ/מֶּ֨לֶךְ֙	d/4428	HTd/Ncmsa	10fF5
15	25	3		לְ/צָד֔וֹק	l/6659	HR/Np	10hRX
15	25	4		הָשֵׁ֛ב	7725	HVhv2ms	10Rdj
15	25	5		אֶת	853	HTo	10FNm
15	25	6		אֲר֥וֹן	727	HNcbsc	10HZS
15	25	7		הָ/אֱלֹהִ֖ים	d/430	HTd/Ncmpa	10UKW
15	25	8		הָ/עִ֑יר	d/5892 b	HTd/Ncfsa	104RJ
15	25	9		אִם	518 a	HC	10EPF
15	25	10		אֶמְצָ֥א	4672	HVqi1cs	10BNN
15	25	11		חֵן֙	2580	HNcmsa	10osb
15	25	12		בְּ/עֵינֵ֣י	b/5869 a	HR/Ncbdc	10xWk
15	25	13		יְהוָ֔ה	3068	HNp	10Kkd
15	25	14		וֶ/הֱשִׁבַ֕/נִי	c/7725	HC/Vhp3ms/Sp1cs	10M8D
15	25	15		וְ/הִרְאַ֥/נִי	c/7200	HC/Vhp3ms/Sp1cs	103w9
15	25	16		אֹת֖/וֹ	853	HTo/Sp3ms	10TQy
15	25	17		וְ/אֶת	c/853	HC/To	10cG9
15	25	18		נָוֵֽ/הוּ	5116 a	HNcbsc/Sp3ms	10nVF
15	26	1		וְ/אִם֙	c/518 a	HC/C	106xK
15	26	2		כֹּ֣ה	3541	HD	10MQy
15	26	3		יֹאמַ֔ר	559	HVqi3ms	10Cnn
15	26	4		לֹ֥א	3808	HTn	10rZz
15	26	5		חָפַ֖צְתִּי	2654 a	HVqp1cs	10LLu
15	26	6		בָּ֑/ךְ	b	HR/Sp2fs	10frk
15	26	7		הִנְ/נִ֕י	2005	HTm/Sp1cs	10e6d
15	26	8		יַֽעֲשֶׂה	6213 a	HVqj3ms	10qrz
15	26	9		לִּ֕/י	l	HR/Sp1cs	10yUB
15	26	10		כַּ/אֲשֶׁ֥ר	k/834 d	HR/Tr	10Qko
15	26	11		ט֖וֹב	2896 a	HVqp3ms	10Kxd
15	26	12		בְּ/עֵינָֽי/ו	b/5869 a	HR/Ncbdc/Sp3ms	106Gp
15	27	1		וַ/יֹּ֤אמֶר	c/559	HC/Vqw3ms	10pHy
15	27	2		הַ/מֶּ֨לֶךְ֙	d/4428	HTd/Ncmsa	109px
15	27	3		אֶל	413	HR	10YdZ
15	27	4		צָד֣וֹק	6659	HNp	10GfP
15	27	5		הַ/כֹּהֵ֔ן	d/3548	HTd/Ncmsa	108ms
15	27	6		הֲ/רוֹאֶ֣ה	i/7200	HTd/Vqrmsa	104aE
15	27	7		אַתָּ֔ה	859 a	HPp2ms	10c85
15	27	8		שֻׁ֥בָ/ה	7725	HVqv2ms/Sd	106SP
15	27	9		הָ/עִ֖יר	d/5892 b	HTd/Ncfsa	10njU
15	27	10		בְּ/שָׁל֑וֹם	b/7965	HR/Ncmsa	10zbT
15	27	11		וַ/אֲחִימַ֨עַץ	c/290	HC/Np	10PX2
15	27	12		בִּנְ/ךָ֜	1121 a	HNcmsc/Sp2ms	10UJ6
15	27	13		וִ/יהוֹנָתָ֧ן	c/3083	HC/Np	104rn
15	27	14		בֶּן	1121 a	HNcmsc	10mdG
15	27	15		אֶבְיָתָ֛ר	54	HNp	10tVz
15	27	16		שְׁנֵ֥י	8147	HAcmdc	10GRj
15	27	17		בְנֵי/כֶ֖ם	1121 a	HNcmpc/Sp2mp	10J6b
15	27	18		אִתְּ/כֶֽם	854	HR/Sp2mp	10K5C
15	28	1		רְאוּ֙	7200	HVqv2mp	10xen
15	28	2		אָנֹכִ֣י	595	HPp1cs	10t7j
15	28	3		מִתְמַהְמֵ֔הַּ	4102	HVfrmsa	10nDA
15	28	4	x-ketiv	ב/עברות	b/5679	HR/Ncfpc	10KhP
15	28	5		בְּ/עַֽרְב֖וֹת	b/6160	HR/Ncfpc	10cj2
15	28	6		הַ/מִּדְבָּ֑ר	d/4057 b	HTd/Ncmsa	10wEK
15	28	7		עַ֣ד	5704	HR	10h2t
15	28	8		בּ֥וֹא	935	HVqc	108ES
15	28	9		דָבָ֛ר	1697	HNcmsa	10Qv8
15	28	10		מֵ/עִמָּ/כֶ֖ם	m/5973 b	HR/R/Sp2mp	109rU
15	28	11		לְ/הַגִּ֥יד	l/5046	HR/Vhc	10bak
15	28	12		לִֽ/י	l	HR/Sp1cs	109uw
15	29	1		וַ/יָּ֨שֶׁב	c/7725	HC/Vhw3ms	10M4p
15	29	2		צָד֧וֹק	6659	HNp	108MU
15	29	3		וְ/אֶבְיָתָ֛ר	c/54	HC/Np	10PGb
15	29	4		אֶת	853	HTo	10VUp
15	29	5		אֲר֥וֹן	727	HNcbsc	10E1n
15	29	6		הָ/אֱלֹהִ֖ים	d/430	HTd/Ncmpa	10Y2Y
15	29	7		יְרוּשָׁלִָ֑ם	3389	HNp	105sD
15	29	8		וַ/יֵּשְׁב֖וּ	c/3427	HC/Vqw3mp	10mZV
15	29	9		שָֽׁם	8033	HD	10XL9
15	30	1		וְ/דָוִ֡ד	c/1732	HC/Np	10dgp
15	30	2		עֹלֶה֩	5927	HVqrmsa	10P1D
15	30	3		בְ/מַעֲלֵ֨ה	b/4608	HR/Ncmsc	10Voq
15	30	4		הַ/זֵּיתִ֜ים	d/2132	HTd/Ncmpa	10cuR
15	30	5		עֹלֶ֣ה	5927	HVqrmsa	10nKb
15	30	6		וּ/בוֹכֶ֗ה	c/1058	HC/Vqrmsa	10zRe
15	30	7		וְ/רֹ֥אשׁ	c/7218 a	HC/Ncmsa	10cp8
15	30	8		ל/וֹ֙	l	HR/Sp3ms	10ubs
15	30	9		חָפ֔וּי	2645	HVqsmsa	10TwC
15	30	10		וְ/ה֖וּא	c/1931	HC/Pp3ms	10Eio
15	30	11		הֹלֵ֣ךְ	1980	HVqrmsa	10tLC
15	30	12		יָחֵ֑ף	3182	HAamsa	107Pm
15	30	13		וְ/כָל	c/3605	HC/Ncmsc	10CaG
15	30	14		הָ/עָ֣ם	d/5971 a	HTd/Ncmsa	101Ux
15	30	15		אֲשֶׁר	834 a	HTr	10uTK
15	30	16		אִתּ֗/וֹ	854	HR/Sp3ms	10RC9
15	30	17		חָפוּ֙	2645	HVqp3cp	10chV
15	30	18		אִ֣ישׁ	376	HNcmsa	10p9U
15	30	19		רֹאשׁ֔/וֹ	7218 a	HNcmsc/Sp3ms	10hWs
15	30	20		וְ/עָל֥וּ	c/5927	HC/Vqq3cp	10SiP
15	30	21		עָלֹ֖ה	5927	HVqa	10kzz
15	30	22		וּ/בָכֹֽה	c/1058	HC/Vqa	10G6H
15	31	1		וְ/דָוִד֙	c/1732	HC/Np	10e1Q
15	31	2		הִגִּ֣יד	5046	HVhp3ms	10wM8
15	31	3		לֵ/אמֹ֔ר	l/559	HR/Vqc	10xaJ
15	31	4		אֲחִיתֹ֥פֶל	302	HNp	10M8s
15	31	5		בַּ/קֹּשְׁרִ֖ים	b/7194	HRd/Vqrmpa	10TuB
15	31	6		עִם	5973 a	HR	10h4J
15	31	7		אַבְשָׁל֑וֹם	53	HNp	10MMi
15	31	8		וַ/יֹּ֣אמֶר	c/559	HC/Vqw3ms	10g3H
15	31	9		דָּוִ֔ד	1732	HNp	10fBm
15	31	10		סַכֶּל	5528	HVpv2ms	10uR2
15	31	11		נָ֛א	4994	HTe	10Z42
15	31	12		אֶת	853	HTo	10feu
15	31	13		עֲצַ֥ת	6098	HNcfsc	10SCB
15	31	14		אֲחִיתֹ֖פֶל	302	HNp	102V8
15	31	15		יְהוָֽה	3068	HNp	10QjH
15	32	1		וַ/יְהִ֤י	c/1961	HC/Vqw3ms	106H5
15	32	2		דָוִד֙	1732	HNp	10pdZ
15	32	3		בָּ֣א	935	HVqrmsa	10UsU
15	32	4		עַד	5704	HR	10AAw
15	32	5		הָ/רֹ֔אשׁ	d/7218 a	HTd/Ncmsa	10rhN
15	32	6		אֲשֶֽׁר	834 a	HTr	10mL7
15	32	7		יִשְׁתַּחֲוֶ֥ה	7812	HVvi3ms	10Lfy
15	32	8		שָׁ֖ם	8033	HD	104Um
15	32	9		לֵ/אלֹהִ֑ים	l/430	HR/Ncmpa	10Eu9
15	32	10		וְ/הִנֵּ֤ה	c/2009	HC/Tm	10VP9
15	32	11		לִ/קְרָאת/וֹ֙	l/7125	HR/Vqc/Sp3ms	10iXa
15	32	12		חוּשַׁ֣י	2365	HNp	10tSV
15	32	13		הָ/אַרְכִּ֔י	d/757	HTd/Ngmsa	104Lt
15	32	14		קָר֨וּעַ֙	7167	HVqsmsa	10pjx
15	32	15		כֻּתָּנְתּ֔/וֹ	3801	HNcfsc/Sp3ms	10Kdb
15	32	16		וַ/אֲדָמָ֖ה	c/127	HC/Ncfsa	107GA
15	32	17		עַל	5921 a	HR	10UrQ
15	32	18		רֹאשֽׁ/וֹ	7218 a	HNcmsc/Sp3ms	10oMw
15	33	1		וַ/יֹּ֥אמֶר	c/559	HC/Vqw3ms	107Ey
15	33	2		ל֖/וֹ	l	HR/Sp3ms	10sR9
15	33	3		דָּוִ֑ד	1732	HNp	10Upo
15	33	4		אִ֚ם	518 a	HC	10tV7
15	33	5		עָבַ֣רְתָּ	5674 a	HVqp2ms	10X4N
15	33	6		אִתִּ֔/י	854	HR/Sp1cs	10BMP
15	33	7		וְ/הָיִ֥תָ	c/1961	HC/Vqp2ms	10XQZ
15	33	8		עָלַ֖/י	5921 a	HR/Sp1cs	10AgV
15	33	9		לְ/מַשָּֽׂא	l/4853 a	HR/Ncmsa	1042a
15	34	1		וְ/אִם	c/518 a	HC/C	101bX
15	34	2		הָ/עִ֣יר	d/5892 b	HTd/Ncfsa	10DmX
15	34	3		תָּשׁ֗וּב	7725	HVqi2ms	10uSY
15	34	4		וְ/אָמַרְתָּ֤	c/559	HC/Vqp2ms	10J6k
15	34	5		לְ/אַבְשָׁלוֹם֙	l/53	HR/Np	10J8W
15	34	6		עַבְדְּ/ךָ֨	5650	HNcmsc/Sp2ms	10q9y
15	34	7		אֲנִ֤י	589	HPp1cs	10VHs
15	34	8		הַ/מֶּ֨לֶךְ֙	d/4428	HTd/Ncmsa	10vXK
15	34	9		אֶֽהְיֶ֔ה	1961	HVqi1cs	10Fyg
15	34	10		עֶ֣בֶד	5650	HNcmsc	10BF8
15	34	11		אָבִ֤י/ךָ	1	HNcmsc/Sp2ms	106WH
15	34	12		וַֽ/אֲנִי֙	c/589	HC/Pp1cs	10pnb
15	34	13		מֵ/אָ֔ז	m/227 b	HR/D	108Sp
15	34	14		וְ/עַתָּ֖ה	c/6258	HC/D	10e6W
15	34	15		וַ/אֲנִ֣י	c/589	HC/Pp1cs	10X9H
15	34	16		עַבְדֶּ֑/ךָ	5650	HNcmsc/Sp2ms	10TGD
15	34	17		וְ/הֵפַרְתָּ֣ה	c/6565 a	HC/Vhp2ms	10FoJ
15	34	18		לִ֔/י	l	HR/Sp1cs	105Ay
15	34	19		אֵ֖ת	853	HTo	10BSJ
15	34	20		עֲצַ֥ת	6098	HNcfsc	10j9y
15	34	21		אֲחִיתֹֽפֶל	302	HNp	10FZn
15	35	1		וַ/הֲ/ל֤וֹא	c/i/3808	HC/Ti/Tn	10HhN
15	35	2		עִמְּ/ךָ֙	5973 a	HR/Sp2ms	10gtJ
15	35	3		שָׁ֔ם	8033	HD	10ZC2
15	35	4		צָד֥וֹק	6659	HNp	10h7b
15	35	5		וְ/אֶבְיָתָ֖ר	c/54	HC/Np	10sWn
15	35	6		הַ/כֹּהֲנִ֑ים	d/3548	HTd/Ncmpa	10diL
15	35	7		וְ/הָיָ֗ה	c/1961	HC/Vqp3ms	10MzP
15	35	8		כָּל	3605	HNcmsc	10soR
15	35	9		הַ/דָּבָר֙	d/1697	HTd/Ncmsa	10oJs
15	35	10		אֲשֶׁ֤ר	834 a	HTr	10P7Z
15	35	11		תִּשְׁמַע֙	8085	HVqi2ms	10UMk
15	35	12		מִ/בֵּ֣ית	m/1004 b	HR/Ncmsc	10yqU
15	35	13		הַ/מֶּ֔לֶךְ	d/4428	HTd/Ncmsa	10zhi
15	35	14		תַּגִּ֕יד	5046	HVhi2ms	10HwR
15	35	15		לְ/צָד֥וֹק	l/6659	HR/Np	10vo1
15	35	16		וּ/לְ/אֶבְיָתָ֖ר	c/l/54	HC/R/Np	10jQT
15	35	17		הַ/כֹּהֲנִֽים	d/3548	HTd/Ncmpa	10hL8
15	36	1		הִנֵּה	2009	HTm	10PSr
15	36	2		שָׁ֤ם	8033	HD	10A7A
15	36	3		עִמָּ/ם֙	5973 a	HR/Sp3mp	10Yn7
15	36	4		שְׁנֵ֣י	8147	HAcmdc	10LGS
15	36	5		בְנֵי/הֶ֔ם	1121 a	HNcmpc/Sp3mp	107gX
15	36	6		אֲחִימַ֣עַץ	290	HNp	10uwj
15	36	7		לְ/צָד֔וֹק	l/6659	HR/Np	10jLM
15	36	8		וִ/יהוֹנָתָ֖ן	c/3083	HC/Np	10kdj
15	36	9		לְ/אֶבְיָתָ֑ר	l/54	HR/Np	10adQ
15	36	10		וּ/שְׁלַחְתֶּ֤ם	c/7971	HC/Vqp2mp	104iK
15	36	11		בְּ/יָדָ/ם֙	b/3027	HR/Ncbsc/Sp3mp	10bj1
15	36	12		אֵלַ֔/י	413	HR/Sp1cs	10MWz
15	36	13		כָּל	3605	HNcmsc	10TaW
15	36	14		דָּבָ֖ר	1697	HNcmsa	10KZY
15	36	15		אֲשֶׁ֥ר	834 a	HTr	10moJ
15	36	16		תִּשְׁמָֽעוּ	8085	HVqi2mp	10TJS
15	37	1		וַ/יָּבֹ֥א	c/935	HC/Vqw3ms	10A6D
15	37	2		חוּשַׁ֛י	2365	HNp	10hwz
15	37	3		רֵעֶ֥ה	7463	HNcmsc	10ZqD
15	37	4		דָוִ֖ד	1732	HNp	10p4s
15	37	5		הָ/עִ֑יר	d/5892 b	HTd/Ncfsa	10a92
15	37	6		וְ/אַבְשָׁלֹ֔ם	c/53	HC/Np	10hmo
15	37	7		יָבֹ֖א	935	HVqi3ms	10wap
15	37	8		יְרוּשָׁלִָֽם	3389	HNp	10vyW
16	1	1		וְ/דָוִ֗ד	c/1732	HC/Np	10qms
16	1	2		עָבַ֤ר	5674 a	HVqp3ms	10RqS
16	1	3		מְעַט֙	4592	HNcmsa	10gaG
16	1	4		מֵֽ/הָ/רֹ֔אשׁ	m/d/7218 a	HR/Td/Ncmsa	109eX
16	1	5		וְ/הִנֵּ֥ה	c/2009	HC/Tm	10yVb
16	1	6		צִיבָ֛א	6717	HNp	103o4
16	1	7		נַ֥עַר	5288	HNcmsc	107ZM
16	1	8		מְפִי	4648+	HNp	10xJt
16	1	9		בֹ֖שֶׁת	4648	HNp	10UR1
16	1	10		לִ/קְרָאת֑/וֹ	l/7122	HR/Vqc/Sp3ms	102ps
16	1	11		וְ/צֶ֨מֶד	c/6776	HC/Ncmsc	10DM4
16	1	12		חֲמֹרִ֜ים	2543	HNcbpa	10XS5
16	1	13		חֲבֻשִׁ֗ים	2280	HVqsmpa	1046A
16	1	14		וַ/עֲלֵי/הֶם֩	c/5921 a	HC/R/Sp3mp	10SS8
16	1	15		מָאתַ֨יִם	3967	HAcbda	10Ynk
16	1	16		לֶ֜חֶם	3899	HNcbsa	102XA
16	1	17		וּ/מֵאָ֧ה	c/3967	HC/Acbsa	10K7p
16	1	18		צִמּוּקִ֛ים	6778	HNcmpa	10uM1
16	1	19		וּ/מֵ֥אָה	c/3967	HC/Acbsa	109Xs
16	1	20		קַ֖יִץ	7019	HNcmsa	109Qh
16	1	21		וְ/נֵ֥בֶל	c/5035 a	HC/Ncmsc	10XmE
16	1	22		יָֽיִן	3196	HNcmsa	10uzM
16	2	1		וַ/יֹּ֧אמֶר	c/559	HC/Vqw3ms	10XRp
16	2	2		הַ/מֶּ֛לֶךְ	d/4428	HTd/Ncmsa	10yp2
16	2	3		אֶל	413	HR	10DJM
16	2	4		צִיבָ֖א	6717	HNp	10vQR
16	2	5		מָה	4100	HTi	10cab
16	2	6		אֵ֣לֶּה	428	HPdxcp	10A5y
16	2	7		לָּ֑/ךְ	l	HR/Sp2fs	10BKA
16	2	8		וַ/יֹּ֣אמֶר	c/559	HC/Vqw3ms	10B6D
16	2	9		צִ֠יבָא	6717	HNp	10bx9
16	2	10		הַ/חֲמוֹרִ֨ים	d/2543	HTd/Ncbpa	10kw8
16	2	11		לְ/בֵית	l/1004 b	HR/Ncmsc	10ugJ
16	2	12		הַ/מֶּ֜לֶךְ	d/4428	HTd/Ncmsa	10oT3
16	2	13		לִ/רְכֹּ֗ב	l/7392	HR/Vqc	107n5
16	2	14	x-ketiv	ו/ל/ה/לחם	c/l/d/3899	HC/R/Td/Ncbsa	10zjF
16	2	15		וְ/הַ/לֶּ֤חֶם	c/d/3899	HC/Td/Ncbsa	102wq
16	2	16		וְ/הַ/קַּ֨יִץ֙	c/d/7019	HC/Td/Ncmsa	10TKy
16	2	17		לֶ/אֱכ֣וֹל	l/398	HR/Vqc	10Zvg
16	2	18		הַ/נְּעָרִ֔ים	d/5288	HTd/Ncmpa	10Xdn
16	2	19		וְ/הַ/יַּ֕יִן	c/d/3196	HC/Td/Ncmsa	10ewY
16	2	20		לִ/שְׁתּ֥וֹת	l/8354	HR/Vqc	10wyg
16	2	21		הַ/יָּעֵ֖ף	d/3287	HTd/Aamsa	10V4B
16	2	22		בַּ/מִּדְבָּֽר	b/4057 b	HRd/Ncmsa	10Noa
16	3	1		וַ/יֹּ֣אמֶר	c/559	HC/Vqw3ms	10gYC
16	3	2		הַ/מֶּ֔לֶךְ	d/4428	HTd/Ncmsa	10QQa
16	3	3		וְ/אַיֵּ֖ה	c/346	HC/Ti	10q6Z
16	3	4		בֶּן	1121 a	HNcmsc	10ZLy
16	3	5		אֲדֹנֶ֑י/ךָ	113	HNcmpc/Sp2ms	10BzT
16	3	6		וַ/יֹּ֨אמֶר	c/559	HC/Vqw3ms	10TJK
16	3	7		צִיבָ֜א	6717	HNp	109kM
16	3	8		אֶל	413	HR	10ZPK
16	3	9		הַ/מֶּ֗לֶךְ	d/4428	HTd/Ncmsa	10Gh3
16	3	10		הִנֵּה֙	2009	HTm	10SCi
16	3	11		יוֹשֵׁ֣ב	3427	HVqrmsa	108NS
16	3	12		בִּ/ירוּשָׁלִַ֔ם	b/3389	HR/Np	10MPG
16	3	13		כִּ֣י	3588 a	HC	10SXf
16	3	14		אָמַ֔ר	559	HVqp3ms	10cJc
16	3	15		הַ/יּ֗וֹם	d/3117	HTd/Ncmsa	103Fn
16	3	16		יָשִׁ֤יבוּ	7725	HVhi3mp	10eQR
16	3	17		לִ/י֙	l	HR/Sp1cs	10RFU
16	3	18		בֵּ֣ית	1004 b	HNcmsc	10bpA
16	3	19		יִשְׂרָאֵ֔ל	3478	HNp	10PmA
16	3	20		אֵ֖ת	853	HTo	10nc7
16	3	21		מַמְלְכ֥וּת	4468	HNcfsc	108xD
16	3	22		אָבִֽ/י	1	HNcmsc/Sp1cs	10QjA
16	4	1		וַ/יֹּ֤אמֶר	c/559	HC/Vqw3ms	10Wov
16	4	2		הַ/מֶּ֨לֶךְ֙	d/4428	HTd/Ncmsa	10p1C
16	4	3		לְ/צִבָ֔א	l/6717	HR/Np	104eP
16	4	4		הִנֵּ֣ה	2009	HTm	10dDU
16	4	5		לְ/ךָ֔	l	HR/Sp2ms	10kxg
16	4	6		כֹּ֖ל	3605	HNcmsa	10H7a
16	4	7		אֲשֶׁ֣ר	834 a	HTr	10fjj
16	4	8		לִ/מְפִי	l/4648+	HR/Np	10KgW
16	4	9		בֹ֑שֶׁת	4648	HNp	10kLe
16	4	10		וַ/יֹּ֤אמֶר	c/559	HC/Vqw3ms	10uDV
16	4	11		צִיבָא֙	6717	HNp	10pK1
16	4	12		הִֽשְׁתַּחֲוֵ֔יתִי	7812	HVvp1cs	1064b
16	4	13		אֶמְצָא	4672	HVqi1cs	10QEA
16	4	14		חֵ֥ן	2580	HNcmsa	10Wni
16	4	15		בְּ/עֵינֶ֖י/ךָ	b/5869 a	HR/Ncbdc/Sp2ms	10GKY
16	4	16		אֲדֹנִ֥/י	113	HNcmsc/Sp1cs	106E7
16	4	17		הַ/מֶּֽלֶךְ	d/4428	HTd/Ncmsa	10TuK
16	5	1		וּ/בָ֛א	c/935	HC/Vqp3ms	10i6E
16	5	2		הַ/מֶּ֥לֶךְ	d/4428	HTd/Ncmsa	10awb
16	5	3		דָּוִ֖ד	1732	HNp	10h2S
16	5	4		עַד	5704	HR	1027e
16	5	5		בַּֽחוּרִ֑ים	980	HNp	10sak
16	5	6		וְ/הִנֵּ֣ה	c/2009	HC/Tm	10wGN
16	5	7		מִ/שָּׁם֩	m/8033	HR/D	10RFf
16	5	8		אִ֨ישׁ	376	HNcmsa	10RrN
16	5	9		יוֹצֵ֜א	3318	HVqrmsa	10FyN
16	5	10		מִ/מִּשְׁפַּ֣חַת	m/4940	HR/Ncfsc	10Sg8
16	5	11		בֵּית	1004 b	HNcmsc	10c8R
16	5	12		שָׁא֗וּל	7586	HNp	10vBx
16	5	13		וּ/שְׁמ/וֹ֙	c/8034	HC/Ncmsc/Sp3ms	10JJb
16	5	14		שִׁמְעִ֣י	8096	HNp	10bNi
16	5	15		בֶן	1121 a	HNcmsc	10CxL
16	5	16		גֵּרָ֔א	1617	HNp	1028i
16	5	17		יֹצֵ֥א	3318	HVqrmsa	10nDC
16	5	18		יָצ֖וֹא	3318	HVqa	105Fi
16	5	19		וּ/מְקַלֵּֽל	c/7043	HC/Vprmsa	10hhf
16	6	1		וַ/יְסַקֵּ֤ל	c/5619	HC/Vpw3ms	10ZDv
16	6	2		בָּֽ/אֲבָנִים֙	b/68	HRd/Ncfpa	10txZ
16	6	3		אֶת	853	HTo	10XQ4
16	6	4		דָּוִ֔ד	1732	HNp	10kdH
16	6	5		וְ/אֶת	c/853	HC/To	101eg
16	6	6		כָּל	3605	HNcmsc	10rkQ
16	6	7		עַבְדֵ֖י	5650	HNcmpc	10mc9
16	6	8		הַ/מֶּ֣לֶךְ	d/4428	HTd/Ncmsa	10AEf
16	6	9		דָּוִ֑ד	1732	HNp	10xhg
16	6	10		וְ/כָל	c/3605	HC/Ncmsc	10PdT
16	6	11		הָ/עָם֙	d/5971 a	HTd/Ncmsa	10VCX
16	6	12		וְ/כָל	c/3605	HC/Ncmsc	10UQS
16	6	13		הַ/גִּבֹּרִ֔ים	d/1368	HTd/Aampa	10o3z
16	6	14		מִ/ימִינ֖/וֹ	m/3225	HR/Ncfsc/Sp3ms	10nTn
16	6	15		וּ/מִ/שְּׂמֹאלֽ/וֹ	c/m/8040	HC/R/Ncmsc/Sp3ms	10qNT
16	7	1		וְ/כֹֽה	c/3541	HC/D	10K7g
16	7	2		אָמַ֥ר	559	HVqp3ms	103up
16	7	3		שִׁמְעִ֖י	8096	HNp	10BXk
16	7	4		בְּ/קַֽלְל֑/וֹ	b/7043	HR/Vpc/Sp3ms	10Aab
16	7	5		צֵ֥א	3318	HVqv2ms	10KR4
16	7	6		צֵ֛א	3318	HVqv2ms	10LRP
16	7	7		אִ֥ישׁ	376	HNcmsc	10Cx2
16	7	8		הַ/דָּמִ֖ים	d/1818	HTd/Ncmpa	108nk
16	7	9		וְ/אִ֥ישׁ	c/376	HC/Ncmsc	10qNH
16	7	10		הַ/בְּלִיָּֽעַל	d/1100	HTd/Ncmsa	10oFf
16	8	1		הֵשִׁיב֩	7725	HVhp3ms	10wN9
16	8	2		עָלֶ֨י/ךָ	5921 a	HR/Sp2ms	10Thc
16	8	3		יְהוָ֜ה	3068	HNp	109iL
16	8	4		כֹּ֣ל	3605	HNcmsc	102si
16	8	5		דְּמֵ֣י	1818	HNcmpc	10e2d
16	8	6		בֵית	1004 b	HNcmsc	10N3B
16	8	7		שָׁא֗וּל	7586	HNp	10k8w
16	8	8		אֲשֶׁ֤ר	834 a	HTr	10Jo5
16	8	9		מָלַ֨כְתָּ֙	4427 a	HVqp2ms	10vsG
16	8	10	x-ketiv	תחת/ו	8478	HR/Sp3ms	10cQX
16	8	11		תַּחְתָּ֔י/ו	8478	HR/Sp3ms	10dSa
16	8	12		וַ/יִּתֵּ֤ן	c/5414	HC/Vqw3ms	10mJB
16	8	13		יְהוָה֙	3068	HNp	102J5
16	8	14		אֶת	853	HTo	10jmo
16	8	15		הַ/מְּלוּכָ֔ה	d/4410	HTd/Ncfsa	10wTD
16	8	16		בְּ/יַ֖ד	b/3027	HR/Ncbsc	10opn
16	8	17		אַבְשָׁל֣וֹם	53	HNp	10PWA
16	8	18		בְּנֶ֑/ךָ	1121 a	HNcmsc/Sp2ms	10wQ5
16	8	19		וְ/הִנְּ/ךָ֙	c/2005	HC/Tj/Sp2ms	10tNN
16	8	20		בְּ/רָ֣עָתֶ֔/ךָ	b/7451 c	HR/Ncfsc/Sp2ms	105Eg
16	8	21		כִּ֛י	3588 a	HC	10z7h
16	8	22		אִ֥ישׁ	376	HNcmsc	10YUB
16	8	23		דָּמִ֖ים	1818	HNcmpa	10iFz
16	8	24		אָֽתָּה	859 a	HPp2ms	10ZxT
16	9	1		וַ/יֹּ֨אמֶר	c/559	HC/Vqw3ms	10vGq
16	9	2		אֲבִישַׁ֤י	52	HNp	10n94
16	9	3		בֶּן	1121 a	HNcmsc	10Jbo
16	9	4		צְרוּיָה֙	6870	HNp	10Jem
16	9	5		אֶל	413	HR	10wE2
16	9	6		הַ/מֶּ֔לֶךְ	d/4428	HTd/Ncmsa	10S6s
16	9	7		לָ֣/מָּה	l/4100	HR/Ti	10Cn1
16	9	8		יְקַלֵּ֞ל	7043	HVpi3ms	10KtS
16	9	9		הַ/כֶּ֤לֶב	d/3611	HTd/Ncmsa	10E8Y
16	9	10		הַ/מֵּת֙	d/4191	HTd/Vqrmsa	10ugs
16	9	11		הַ/זֶּ֔ה	d/2088	HTd/Pdxms	10GYh
16	9	12		אֶת	853	HTo	10ftp
16	9	13		אֲדֹנִ֖/י	113	HNcmsc/Sp1cs	1091N
16	9	14		הַ/מֶּ֑לֶךְ	d/4428	HTd/Ncmsa	10tsr
16	9	15		אֶעְבְּרָה	5674 a	HVqh1cs	101N3
16	9	16		נָּ֖א	4994	HTj	10LSS
16	9	17		וְ/אָסִ֥ירָה	c/5493	HC/Vhh1cs	10Vya
16	9	18		אֶת	853	HTo	10h6D
16	9	19		רֹאשֽׁ/וֹ	7218 a	HNcmsc/Sp3ms	10na2
16	10	1		וַ/יֹּ֣אמֶר	c/559	HC/Vqw3ms	10YS9
16	10	2		הַ/מֶּ֔לֶךְ	d/4428	HTd/Ncmsa	10X37
16	10	3		מַה	4100	HTi	10eaF
16	10	4		לִּ֥/י	l	HR/Sp1cs	1013E
16	10	5		וְ/לָ/כֶ֖ם	c/l	HC/R/Sp2mp	10jXA
16	10	6		בְּנֵ֣י	1121 a	HNcmpc	104KF
16	10	7		צְרֻיָ֑ה	6870	HNp	10MSd
16	10	8	x-ketiv	כי	3588 a	HC	10J4L
16	10	9		כֹּ֣ה	3541	HD	10Qq5
16	10	10		יְקַלֵּ֗ל	7043	HVpi3ms	10sC8
16	10	11	x-ketiv	ו/כי	c/3588 a	HC/C	10nHM
16	10	12		כִּ֤י	3588 a	HC	10Cyg
16	10	13		יְהוָה֙	3068	HNp	10tYe
16	10	14		אָ֤מַר	559	HVqp3ms	10uk3
16	10	15		ל/וֹ֙	l	HR/Sp3ms	10DWE
16	10	16		קַלֵּ֣ל	7043	HVpv2ms	10xSK
16	10	17		אֶת	853	HTo	102gY
16	10	18		דָּוִ֔ד	1732	HNp	10c69
16	10	19		וּ/מִ֣י	c/4310	HC/Ti	10yGC
16	10	20		יֹאמַ֔ר	559	HVqi3ms	10qSK
16	10	21		מַדּ֖וּעַ	4069	HTi	10afN
16	10	22		עָשִׂ֥יתָה	6213 a	HVqp2ms	10URv
16	10	23		כֵּֽן	3651 c	HTm	107xX
16	11	1		וַ/יֹּ֨אמֶר	c/559	HC/Vqw3ms	10oAZ
16	11	2		דָּוִ֤ד	1732	HNp	10Fof
16	11	3		אֶל	413	HR	10sYs
16	11	4		אֲבִישַׁי֙	52	HNp	10kHd
16	11	5		וְ/אֶל	c/413	HC/R	10uF9
16	11	6		כָּל	3605	HNcmsc	10omp
16	11	7		עֲבָדָ֔י/ו	5650	HNcmpc/Sp3ms	10N5F
16	11	8		הִנֵּ֥ה	2009	HTm	10Zmp
16	11	9		בְנִ֛/י	1121 a	HNcmsc/Sp1cs	10FFZ
16	11	10		אֲשֶׁר	834 a	HTr	10zfi
16	11	11		יָצָ֥א	3318	HVqp3ms	10eh8
16	11	12		מִ/מֵּעַ֖/י	m/4578	HR/Ncmpc/Sp1cs	10Ded
16	11	13		מְבַקֵּ֣שׁ	1245	HVprmsa	10nTB
16	11	14		אֶת	853	HTo	10Njh
16	11	15		נַפְשִׁ֑/י	5315	HNcbsc/Sp1cs	10F1o
16	11	16		וְ/אַ֨ף	c/637	HC/D	10SBw
16	11	17		כִּֽי	3588 a	HC	10imY
16	11	18		עַתָּ֜ה	6258	HD	10EFd
16	11	19		בֶּן	1145+	HNgmsc	10anA
16	11	20		הַ/יְמִינִ֗י	d/1145	HTd/Ngmsa	10rk4
16	11	21		הַנִּ֤חוּ	3240	HVhv2mp	10iG5
16	11	22		ל/וֹ֙	l	HR/Sp3ms	106id
16	11	23		וִֽ/יקַלֵּ֔ל	c/7043	HC/Vpi3ms	10Nbz
16	11	24		כִּ֥י	3588 a	HC	10Dh7
16	11	25		אָֽמַר	559	HVqp3ms	10M6f
16	11	26		ל֖/וֹ	l	HR/Sp3ms	10rpM
16	11	27		יְהוָֽה	3068	HNp	10GYX
16	12	1		אוּלַ֛י	194	HD	10mHQ
16	12	2		יִרְאֶ֥ה	7200	HVqi3ms	10Q6S
16	12	3		יְהוָ֖ה	3068	HNp	102UC
16	12	4	x-ketiv	ב/עונ/י	b/5771	HR/Ncbsc/Sp1cs	10jkK
16	12	5		בְּ/עֵינִ֑/י	b/5869	HR/Ncmsc/Sp1cs	10Xn7
16	12	6		וְ/הֵשִׁ֨יב	c/7725	HC/Vhq3ms	102xh
16	12	7		יְהוָ֥ה	3068	HNp	10CSf
16	12	8		לִ/י֙	l	HR/Sp1cs	10vz3
16	12	9		טוֹבָ֔ה	2896 c	HAafsa	10uJ5
16	12	10		תַּ֥חַת	8478	HR	10DkJ
16	12	11		קִלְלָת֖/וֹ	7045	HNcfsc/Sp3ms	10tHJ
16	12	12		הַ/יּ֥וֹם	d/3117	HTd/Ncmsa	10bUa
16	12	13		הַ/זֶּֽה	d/2088	HTd/Pdxms	10L1P
16	13	1		וַ/יֵּ֧לֶךְ	c/3212	HC/Vqw3ms	10fz2
16	13	2		דָּוִ֛ד	1732	HNp	10cSL
16	13	3		וַ/אֲנָשָׁ֖י/ו	c/376	HC/Ncmpc/Sp3ms	10NCu
16	13	4		בַּ/דָּ֑רֶךְ	b/1870	HRd/Ncbsa	10Jty
16	13	5		וְ/שִׁמְעִ֡י	c/8096	HC/Np	10VA7
16	13	6		הֹלֵךְ֩	1980	HVqrmsa	10zaC
16	13	7		בְּ/צֵ֨לַע	b/6763	HR/Ncbsc	10cd3
16	13	8		הָ/הָ֜ר	d/2022	HTd/Ncmsa	10L4J
16	13	9		לְ/עֻמָּת֗/וֹ	l/5980	HR/Ncfsc/Sp3ms	102q5
16	13	10		הָלוֹךְ֙	1980	HVqa	10UVp
16	13	11		וַ/יְקַלֵּ֔ל	c/7043	HC/Vpw3ms	10SeE
16	13	12		וַ/יְסַקֵּ֤ל	c/5619	HC/Vpw3ms	1053z
16	13	13		בָּֽ/אֲבָנִים֙	b/68	HRd/Ncfpa	10uUZ
16	13	14		לְ/עֻמָּת֔/וֹ	l/5980	HR/Ncfsc/Sp3ms	105WT
16	13	15		וְ/עִפַּ֖ר	c/6080	HC/Vpq3ms	106vQ
16	13	16		בֶּ/עָפָֽר	b/6083	HRd/Ncmsa	10GZQ
16	14	1		וַ/יָּבֹ֥א	c/935	HC/Vqw3ms	10T81
16	14	2		הַ/מֶּ֛לֶךְ	d/4428	HTd/Ncmsa	106mf
16	14	3		וְ/כָל	c/3605	HC/Ncmsc	10mfQ
16	14	4		הָ/עָ֥ם	d/5971 a	HTd/Ncmsa	10DE4
16	14	5		אֲשֶׁר	834 a	HTr	10GHd
16	14	6		אִתּ֖/וֹ	854	HR/Sp3ms	10CbA
16	14	7		עֲיֵפִ֑ים	5889	HAampa	10KAe
16	14	8		וַ/יִּנָּפֵ֖שׁ	c/5314	HC/VNw3ms	10Qvc
16	14	9		שָֽׁם	8033	HD	10sjF
16	15	1		וְ/אַבְשָׁל֗וֹם	c/53	HC/Np	10rmr
16	15	2		וְ/כָל	c/3605	HC/Ncmsc	10Psc
16	15	3		הָ/עָם֙	d/5971 a	HTd/Ncmsa	10Ab6
16	15	4		אִ֣ישׁ	376	HNcmsc	101TR
16	15	5		יִשְׂרָאֵ֔ל	3478	HNp	10u5H
16	15	6		בָּ֖אוּ	935	HVqp3cp	10MQc
16	15	7		יְרוּשָׁלִָ֑ם	3389	HNp	10Wfn
16	15	8		וַ/אֲחִיתֹ֖פֶל	c/302	HC/Np	10d4o
16	15	9		אִתּֽ/וֹ	854	HR/Sp3ms	10ATh
16	16	1		וַ/יְהִ֗י	c/1961	HC/Vqw3ms	10iSY
16	16	2		כַּֽ/אֲשֶׁר	k/834 d	HR/Tr	10DkE
16	16	3		בָּ֞א	935	HVqp3ms	10nMZ
16	16	4		חוּשַׁ֧י	2365	HNp	104iz
16	16	5		הָ/אַרְכִּ֛י	d/757	HTd/Ngmsa	10qd4
16	16	6		רֵעֶ֥ה	7463	HNcmsc	10nru
16	16	7		דָוִ֖ד	1732	HNp	10Pxa
16	16	8		אֶל	413	HR	10bkq
16	16	9		אַבְשָׁל֑וֹם	53	HNp	10HHt
16	16	10		וַ/יֹּ֤אמֶר	c/559	HC/Vqw3ms	10q1a
16	16	11		חוּשַׁי֙	2365	HNp	10o7T
16	16	12		אֶל	413	HR	108B7
16	16	13		אַבְשָׁלֹ֔ם	53	HNp	10e4G
16	16	14		יְחִ֥י	2421	HVqj3ms	10UMb
16	16	15		הַ/מֶּ֖לֶךְ	d/4428	HTd/Ncmsa	10sBg
16	16	16		יְחִ֥י	2421	HVqj3ms	10mtF
16	16	17		הַ/מֶּֽלֶךְ	d/4428	HTd/Ncmsa	10saW
16	17	1		וַ/יֹּ֤אמֶר	c/559	HC/Vqw3ms	10s5y
16	17	2		אַבְשָׁלוֹם֙	53	HNp	10Ccr
16	17	3		אֶל	413	HR	10Q6y
16	17	4		חוּשַׁ֔י	2365	HNp	10F3m
16	17	5		זֶ֥ה	2088	HPdxms	10Qnx
16	17	6		חַסְדְּ/ךָ֖	2617 a	HNcmsc/Sp2ms	104CQ
16	17	7		אֶת	854	HR	10BgX
16	17	8		רֵעֶ֑/ךָ	7453	HNcmsc/Sp2ms	10i2o
16	17	9		לָ֥/מָּה	l/4100	HR/Ti	10oyG
16	17	10		לֹֽא	3808	HTn	102nn
16	17	11		הָלַ֖כְתָּ	1980	HVqp2ms	10nqZ
16	17	12		אֶת	854	HR	10xBh
16	17	13		רֵעֶֽ/ךָ	7453	HNcmsc/Sp2ms	106MB
16	18	1		וַ/יֹּ֣אמֶר	c/559	HC/Vqw3ms	10fQv
16	18	2		חוּשַׁי֮	2365	HNp	10Dvr
16	18	3		אֶל	413	HR	10tYy
16	18	4		אַבְשָׁלֹם֒	53	HNp	10Zje
16	18	5		לֹ֕א	3808	HTn	104VK
16	18	6		כִּי֩	3588 a	HC	10M3S
16	18	7		אֲשֶׁ֨ר	834 a	HTr	10nqN
16	18	8		בָּחַ֧ר	977	HVqp3ms	10dMv
16	18	9		יְהוָ֛ה	3068	HNp	102HZ
16	18	10		וְ/הָ/עָ֥ם	c/d/5971 a	HC/Td/Ncmsa	103Fv
16	18	11		הַ/זֶּ֖ה	d/2088	HTd/Pdxms	107bG
16	18	12		וְ/כָל	c/3605	HC/Ncmsc	10yr8
16	18	13		אִ֣ישׁ	376	HNcmsc	10Q4E
16	18	14		יִשְׂרָאֵ֑ל	3478	HNp	10EKG
16	18	15	x-ketiv	לא	3808	HTn	105cJ
16	18	16		ל֥/וֹ	l	HR/Sp3ms	10yrN
16	18	17		אֶהְיֶ֖ה	1961	HVqi1cs	10SNL
16	18	18		וְ/אִתּ֥/וֹ	c/854	HC/R/Sp3ms	10xBx
16	18	19		אֵשֵֽׁב	3427	HVqi1cs	104M4
16	19	1		וְ/הַ/שֵּׁנִ֗ית	c/d/8145	HC/Td/Aofsa	10rdY
16	19	2		לְ/מִי֙	l/4310	HR/Ti	10ktS
16	19	3		אֲנִ֣י	589	HPp1cs	10T7P
16	19	4		אֶֽעֱבֹ֔ד	5647	HVqi1cs	10Snb
16	19	5		הֲ/ל֖וֹא	i/3808	HTi/Tn	105Ln
16	19	6		לִ/פְנֵ֣י	l/6440	HR/Ncbpc	10uoT
16	19	7		בְנ֑/וֹ	1121 a	HNcmsc/Sp3ms	10x2u
16	19	8		כַּ/אֲשֶׁ֤ר	k/834 d	HR/Tr	10hib
16	19	9		עָבַ֨דְתִּי֙	5647	HVqp1cs	10RnE
16	19	10		לִ/פְנֵ֣י	l/6440	HR/Ncbpc	10oQP
16	19	11		אָבִ֔י/ךָ	1	HNcmsc/Sp2ms	10MWb
16	19	12		כֵּ֖ן	3651 c	HTm	10G4R
16	19	13		אֶהְיֶ֥ה	1961	HVqi1cs	10b15
16	19	14		לְ/פָנֶֽי/ךָ	l/6440	HR/Ncbpc/Sp2ms	10Xye
16	20	1		וַ/יֹּ֥אמֶר	c/559	HC/Vqw3ms	10meh
16	20	2		אַבְשָׁל֖וֹם	53	HNp	10Uxw
16	20	3		אֶל	413	HR	10jYS
16	20	4		אֲחִיתֹ֑פֶל	302	HNp	10S6n
16	20	5		הָב֥וּ	3051	HVqv2mp	10CZt
16	20	6		לָ/כֶ֛ם	l	HR/Sp2mp	10ZFR
16	20	7		עֵצָ֖ה	6098	HNcfsa	10te8
16	20	8		מַֽה	4100	HTi	10V7Q
16	20	9		נַּעֲשֶֽׂה	6213 a	HVqi1cp	10LQP
16	21	1		וַ/יֹּ֤אמֶר	c/559	HC/Vqw3ms	10aiP
16	21	2		אֲחִיתֹ֨פֶל֙	302	HNp	10QFp
16	21	3		אֶל	413	HR	10TJ7
16	21	4		אַבְשָׁלֹ֔ם	53	HNp	105YU
16	21	5		בּ֚וֹא	935	HVqv2ms	10W6q
16	21	6		אֶל	413	HR	102XS
16	21	7		פִּלַגְשֵׁ֣י	6370	HNcfpc	10dMu
16	21	8		אָבִ֔י/ךָ	1	HNcmsc/Sp2ms	106Rv
16	21	9		אֲשֶׁ֥ר	834 a	HTr	10Suh
16	21	10		הִנִּ֖יחַ	3240	HVhp3ms	10GJe
16	21	11		לִ/שְׁמ֣וֹר	l/8104	HR/Vqc	10XKM
16	21	12		הַ/בָּ֑יִת	d/1004 b	HTd/Ncmsa	10KTE
16	21	13		וְ/שָׁמַ֤ע	c/8085	HC/Vqq3ms	10JAR
16	21	14		כָּל	3605	HNcmsc	10Fuj
16	21	15		יִשְׂרָאֵל֙	3478	HNp	106ni
16	21	16		כִּֽי	3588 a	HC	10Txv
16	21	17		נִבְאַ֣שְׁתָּ	887	HVNp2ms	10fYi
16	21	18		אֶת	854	HR	10rqP
16	21	19		אָבִ֔י/ךָ	1	HNcmsc/Sp2ms	10r7x
16	21	20		וְ/חָ֣זְק֔וּ	c/2388	HC/Vqq3cp	10K4Y
16	21	21		יְדֵ֖י	3027	HNcbdc	10mRC
16	21	22		כָּל	3605	HNcmsc	10ekW
16	21	23		אֲשֶׁ֥ר	834 a	HTr	10TdN
16	21	24		אִתָּֽ/ךְ	854	HR/Sp2fs	10b8z
16	22	1		וַ/יַּטּ֧וּ	c/5186	HC/Vhw3mp	10C3m
16	22	2		לְ/אַבְשָׁל֛וֹם	l/53	HR/Np	10dM6
16	22	3		הָ/אֹ֖הֶל	d/168	HTd/Ncmsa	10YiE
16	22	4		עַל	5921 a	HR	10ysi
16	22	5		הַ/גָּ֑ג	d/1406	HTd/Ncmsa	109hE
16	22	6		וַ/יָּבֹ֤א	c/935	HC/Vqw3ms	10BLQ
16	22	7		אַבְשָׁלוֹם֙	53	HNp	10cxB
16	22	8		אֶל	413	HR	10vpM
16	22	9		פִּֽלַגְשֵׁ֣י	6370	HNcfpc	1077U
16	22	10		אָבִ֔י/ו	1	HNcmsc/Sp3ms	10soC
16	22	11		לְ/עֵינֵ֖י	l/5869 a	HR/Ncbdc	10KuJ
16	22	12		כָּל	3605	HNcmsc	10Bms
16	22	13		יִשְׂרָאֵֽל	3478	HNp	10Yx3
16	23	1		וַ/עֲצַ֣ת	c/6098	HC/Ncfsc	10M8R
16	23	2		אֲחִיתֹ֗פֶל	302	HNp	10sKN
16	23	3		אֲשֶׁ֤ר	834 a	HTr	10rif
16	23	4		יָעַץ֙	3289	HVqp3ms	10N8y
16	23	5		בַּ/יָּמִ֣ים	b/3117	HRd/Ncmpa	106Mt
16	23	6		הָ/הֵ֔ם	d/1992	HTd/Pp3mp	10GDp
16	23	7		כַּ/אֲשֶׁ֥ר	k/834 d	HR/Tr	10vom
16	23	8		יִשְׁאַל	7592	HVqi3ms	10oMx
16	23	9		אִ֖ישׁ	376	HNcmsa	10Gmc
16	23	10		בִּ/דְבַ֣ר	b/1697	HR/Ncmsc	10Foo
16	23	11		הָ/אֱלֹהִ֑ים	d/430	HTd/Ncmpa	10yqJ
16	23	12		כֵּ֚ן	3651 c	HTm	10mjf
16	23	13		כָּל	3605	HNcmsc	101pQ
16	23	14		עֲצַ֣ת	6098	HNcfsc	10wkA
16	23	15		אֲחִיתֹ֔פֶל	302	HNp	10HpE
16	23	16		גַּם	1571	HTa	10QRf
16	23	17		לְ/דָוִ֖ד	l/1732	HR/Np	10Ywy
16	23	18		גַּ֥ם	1571	HTa	10oei
16	23	19		לְ/אַבְשָׁלֹֽם	l/53	HR/Np	10AmM
17	1	1		וַ/יֹּ֥אמֶר	c/559	HC/Vqw3ms	10LQY
17	1	2		אֲחִיתֹ֖פֶל	302	HNp	106XT
17	1	3		אֶל	413	HR	10cNh
17	1	4		אַבְשָׁלֹ֑ם	53	HNp	10tUA
17	1	5		אֶבְחֲרָ֣ה	977	HVqh1cs	10EwY
17	1	6		נָּ֗א	4994	HTj	10yE6
17	1	7		שְׁנֵים	8147	HAcmda	10bJR
17	1	8		עָשָׂ֥ר	6240	HAcmsa	106kx
17	1	9		אֶ֨לֶף֙	505	HAcbsa	10jXc
17	1	10		אִ֔ישׁ	376	HNcmsa	10YZS
17	1	11		וְ/אָק֛וּמָה	c/6965 b	HC/Vqh1cs	10v51
17	1	12		וְ/אֶרְדְּפָ֥ה	c/7291	HC/Vqh1cs	102Q9
17	1	13		אַחֲרֵי	310 a	HR	105Zv
17	1	14		דָוִ֖ד	1732	HNp	102n8
17	1	15		הַ/לָּֽיְלָה	d/3915	HTd/Ncmsa	10XMf
17	2	1		וְ/אָב֣וֹא	c/935	HC/Vqi1cs	10vjy
17	2	2		עָלָ֗י/ו	5921 a	HR/Sp3ms	1076d
17	2	3		וְ/ה֤וּא	c/1931	HC/Pp3ms	105wy
17	2	4		יָגֵ֨עַ֙	3023	HAamsa	10Sfp
17	2	5		וּ/רְפֵ֣ה	c/7504	HC/Aamsc	10w2M
17	2	6		יָדַ֔יִם	3027	HNcbda	10N4i
17	2	7		וְ/הַֽחֲרַדְתִּ֣י	c/2729	HC/Vhq1cs	1019Y
17	2	8		אֹת֔/וֹ	853	HTo/Sp3ms	109mG
17	2	9		וְ/נָ֖ס	c/5127	HC/Vqq3ms	10a7q
17	2	10		כָּל	3605	HNcmsc	10cvq
17	2	11		הָ/עָ֣ם	d/5971 a	HTd/Ncmsa	10rxp
17	2	12		אֲשֶׁר	834 a	HTr	10wPK
17	2	13		אִתּ֑/וֹ	854	HR/Sp3ms	10fvj
17	2	14		וְ/הִכֵּיתִ֥י	c/5221	HC/Vhq1cs	10w3p
17	2	15		אֶת	853	HTo	10Wk4
17	2	16		הַ/מֶּ֖לֶךְ	d/4428	HTd/Ncmsa	10Axf
17	2	17		לְ/בַדּֽ/וֹ	l/905	HR/Ncmsc/Sp3ms	10puY
17	3	1		וְ/אָשִׁ֥יבָה	c/7725	HC/Vhh1cs	103Fa
17	3	2		כָל	3605	HNcmsc	10PGg
17	3	3		הָ/עָ֖ם	d/5971 a	HTd/Ncmsa	10fPg
17	3	4		אֵלֶ֑י/ךָ	413	HR/Sp2ms	10PNH
17	3	5		כְּ/שׁ֣וּב	k/7725	HR/Vqc	10u5F
17	3	6		הַ/כֹּ֔ל	d/3605	HTd/Ncmsa	10czP
17	3	7		הָ/אִישׁ֙	d/376	HTd/Ncmsa	10ktp
17	3	8		אֲשֶׁ֣ר	834 a	HTr	10zBm
17	3	9		אַתָּ֣ה	859 a	HPp2ms	10DPD
17	3	10		מְבַקֵּ֔שׁ	1245	HVprmsa	10KfD
17	3	11		כָּל	3605	HNcmsc	104D8
17	3	12		הָ/עָ֖ם	d/5971 a	HTd/Ncmsa	10h9p
17	3	13		יִהְיֶ֥ה	1961	HVqi3ms	10ofC
17	3	14		שָׁלֽוֹם	7965	HNcmsa	10qYG
17	4	1		וַ/יִּישַׁ֥ר	c/3474	HC/Vqw3ms	10k3C
17	4	2		הַ/דָּבָ֖ר	d/1697	HTd/Ncmsa	1044D
17	4	3		בְּ/עֵינֵ֣י	b/5869 a	HR/Ncbdc	10JuG
17	4	4		אַבְשָׁלֹ֑ם	53	HNp	10Std
17	4	5		וּ/בְ/עֵינֵ֖י	c/b/5869 a	HC/R/Ncbdc	10V7p
17	4	6		כָּל	3605	HNcmsc	10sEg
17	4	7		זִקְנֵ֥י	2205	HAampc	10qYw
17	4	8		יִשְׂרָאֵֽל	3478	HNp	10gBf
17	5	1		וַ/יֹּ֨אמֶר֙	c/559	HC/Vqw3ms	10Uoj
17	5	2		אַבְשָׁל֔וֹם	53	HNp	10LLg
17	5	3		קְרָ֣א	7121	HVqv2ms	10pyP
17	5	4		נָ֔א	4994	HTe	10Eyr
17	5	5		גַּ֖ם	1571	HTa	10g2a
17	5	6		לְ/חוּשַׁ֣י	l/2365	HR/Np	103Lw
17	5	7		הָ/אַרְכִּ֑י	d/757	HTd/Ngmsa	10YMk
17	5	8		וְ/נִשְׁמְעָ֥ה	c/8085	HC/Vqh1cp	10wTg
17	5	9		מַה	4100	HTi	10csp
17	5	10		בְּ/פִ֖י/ו	b/6310	HR/Ncmsc/Sp3ms	10573
17	5	11		גַּם	1571	HTa	10xK6
17	5	12		הֽוּא	1931	HPp3ms	10YnE
17	6	1		וַ/יָּבֹ֣א	c/935	HC/Vqw3ms	10HbH
17	6	2		חוּשַׁי֮	2365	HNp	10eZp
17	6	3		אֶל	413	HR	10ZC6
17	6	4		אַבְשָׁלוֹם֒	53	HNp	10bR3
17	6	5		וַ/יֹּאמֶר֩	c/559	HC/Vqw3ms	10sVc
17	6	6		אַבְשָׁל֨וֹם	53	HNp	103cA
17	6	7		אֵלָ֜י/ו	413	HR/Sp3ms	10SNK
17	6	8		לֵ/אמֹ֗ר	l/559	HR/Vqc	10cHp
17	6	9		כַּ/דָּבָ֤ר	k/1697	HRd/Ncmsa	10uat
17	6	10		הַ/זֶּה֙	d/2088	HTd/Pdxms	10oHU
17	6	11		דִּבֶּ֣ר	1696	HVpp3ms	108Rs
17	6	12		אֲחִיתֹ֔פֶל	302	HNp	10H3i
17	6	13		הֲ/נַעֲשֶׂ֖ה	i/6213 a	HTi/Vqi1cp	106TM
17	6	14		אֶת	853	HTo	10hob
17	6	15		דְּבָר֑/וֹ	1697	HNcmsc/Sp3ms	10BWa
17	6	16		אִם	518 a	HC	10kxc
17	6	17		אַ֖יִן	369	HTn	105bN
17	6	18		אַתָּ֥ה	859 a	HPp2ms	10Djm
17	6	19		דַבֵּֽר	1696	HVpv2ms	10Qy5
17	7	1		וַ/יֹּ֥אמֶר	c/559	HC/Vqw3ms	109mQ
17	7	2		חוּשַׁ֖י	2365	HNp	10Lyh
17	7	3		אֶל	413	HR	10jPZ
17	7	4		אַבְשָׁל֑וֹם	53	HNp	10gKU
17	7	5		לֹֽא	3808	HTn	10ErM
17	7	6		טוֹבָ֧ה	2896 a	HAafsa	10p8S
17	7	7		הָ/עֵצָ֛ה	d/6098	HTd/Ncfsa	10sub
17	7	8		אֲשֶׁר	834 a	HTr	10nQZ
17	7	9		יָעַ֥ץ	3289	HVqp3ms	10iuA
17	7	10		אֲחִיתֹ֖פֶל	302	HNp	108or
17	7	11		בַּ/פַּ֥עַם	b/6471	HRd/Ncfsa	10w6p
17	7	12		הַ/זֹּֽאת	d/2063	HTd/Pdxfs	10zvK
17	8	1		וַ/יֹּ֣אמֶר	c/559	HC/Vqw3ms	10WN3
17	8	2		חוּשַׁ֗י	2365	HNp	10pAG
17	8	3		אַתָּ֣ה	859 a	HPp2ms	10EQq
17	8	4		יָ֠דַעְתָּ	3045	HVqp2ms	10sau
17	8	5		אֶת	853	HTo	101Ky
17	8	6		אָבִ֨י/ךָ	1	HNcmsc/Sp2ms	10biF
17	8	7		וְ/אֶת	c/853	HC/To	10ZBP
17	8	8		אֲנָשָׁ֜י/ו	376	HNcmpc/Sp3ms	10eMk
17	8	9		כִּ֧י	3588 a	HC	10PGV
17	8	10		גִבֹּרִ֣ים	1368	HAampa	10g5K
17	8	11		הֵ֗מָּה	1992	HPp3mp	104mW
17	8	12		וּ/מָרֵ֥י	c/4751	HC/Aampc	10ubw
17	8	13		נֶ֨פֶשׁ֙	5315	HNcbsa	109CS
17	8	14		הֵ֔מָּה	1992	HPp3mp	10ozE
17	8	15		כְּ/דֹ֥ב	k/1677	HR/Ncmsa	10UZ9
17	8	16		שַׁכּ֖וּל	7909	HAamsa	10mVu
17	8	17		בַּ/שָּׂדֶ֑ה	b/7704 b	HRd/Ncmsa	10yA5
17	8	18		וְ/אָבִ֨י/ךָ֙	c/1	HC/Ncmsc/Sp2ms	10ReA
17	8	19		אִ֣ישׁ	376	HNcmsc	10uFV
17	8	20		מִלְחָמָ֔ה	4421	HNcfsa	105Ba
17	8	21		וְ/לֹ֥א	c/3808	HC/Tn	10c29
17	8	22		יָלִ֖ין	3885 a	HVqi3ms	10wMd
17	8	23		אֶת	854	HR	10YwG
17	8	24		הָ/עָֽם	d/5971 a	HTd/Ncmsa	10eQh
17	9	1		הִנֵּ֨ה	2009	HTm	10k7y
17	9	2		עַתָּ֤ה	6258	HD	104Sa
17	9	3		הֽוּא	1931	HPp3ms	10p3t
17	9	4		נֶחְבָּא֙	2244	HVNsmsa	10rzT
17	9	5		בְּ/אַחַ֣ת	b/259	HR/Acfsc	10y5y
17	9	6		הַ/פְּחָתִ֔ים	d/6354	HTd/Ncmpa	10BAD
17	9	7		א֖וֹ	176 a	HC	10MMc
17	9	8		בְּ/אַחַ֣ד	b/259	HR/Acmsc	10MJT
17	9	9		הַ/מְּקוֹמֹ֑ת	d/4725	HTd/Ncmpa	10w2K
17	9	10		וְ/הָיָ֗ה	c/1961	HC/Vqq3ms	10NL7
17	9	11		כִּ/נְפֹ֤ל	k/5307	HR/Vqc	10d52
17	9	12		בָּ/הֶם֙	b	HR/Sp3mp	10JUY
17	9	13		בַּ/תְּחִלָּ֔ה	b/8462	HRd/Ncfsa	10Be7
17	9	14		וְ/שָׁמַ֤ע	c/8085	HC/Vqq3ms	10shA
17	9	15		הַ/שֹּׁמֵ֨עַ֙	d/8085	HTd/Vqrmsa	10Hye
17	9	16		וְ/אָמַ֔ר	c/559	HC/Vqq3ms	10r3P
17	9	17		הָֽיְתָה֙	1961	HVqp3fs	10va1
17	9	18		מַגֵּפָ֔ה	4046	HNcfsa	10oPC
17	9	19		בָּ/עָ֕ם	b/5971 a	HRd/Ncmsa	10Psb
17	9	20		אֲשֶׁ֖ר	834 a	HTr	10wFt
17	9	21		אַחֲרֵ֥י	310 a	HR	10PpB
17	9	22		אַבְשָׁלֹֽם	53	HNp	10qNE
17	10	1		וְ/ה֣וּא	c/1931	HC/Pp3ms	10Y2L
17	10	2		גַם	1571	HD	10yLU
17	10	3		בֶּן	1121 a	HNcmsc	108gt
17	10	4		חַ֗יִל	2428	HNcmsa	10JUV
17	10	5		אֲשֶׁ֥ר	834 a	HTr	10ygy
17	10	6		לִבּ֛/וֹ	3820 a	HNcmsc/Sp3ms	109Tr
17	10	7		כְּ/לֵ֥ב	k/3820 a	HR/Ncmsc	10HZA
17	10	8		הָ/אַרְיֵ֖ה	d/738 b	HTd/Ncmsa	10N8P
17	10	9		הִמֵּ֣ס	4549	HVNa	10XGD
17	10	10		יִמָּ֑ס	4549	HVNi3ms	10mBS
17	10	11		כִּֽי	3588 a	HC	10LeT
17	10	12		יֹדֵ֤עַ	3045	HVqrmsa	10TvU
17	10	13		כָּל	3605	HNcmsc	10xHn
17	10	14		יִשְׂרָאֵל֙	3478	HNp	10B3s
17	10	15		כִּי	3588 a	HC	10CNE
17	10	16		גִבּ֣וֹר	1368	HAamsa	10gKa
17	10	17		אָבִ֔י/ךָ	1	HNcmsc/Sp2ms	10whP
17	10	18		וּ/בְנֵי	c/1121 a	HC/Ncmpc	10xd8
17	10	19		חַ֖יִל	2428	HNcmsa	10TR3
17	10	20		אֲשֶׁ֥ר	834 a	HTr	10mba
17	10	21		אִתּֽ/וֹ	854	HR/Sp3ms	10X9z
17	11	1		כִּ֣י	3588 a	HC	10fix
17	11	2		יָעַ֗צְתִּי	3289	HVqp1cs	10zu5
17	11	3		הֵ֠אָסֹף	622	HVNa	10jSS
17	11	4		יֵאָסֵ֨ף	622	HVNi3ms	10B98
17	11	5		עָלֶ֤י/ךָ	5921 a	HR/Sp2ms	10tji
17	11	6		כָל	3605	HNcmsc	10Jsw
17	11	7		יִשְׂרָאֵל֙	3478	HNp	101GA
17	11	8		מִ/דָּן֙	m/1835	HR/Np	10p7f
17	11	9		וְ/עַד	c/5704	HC/R	10E93
17	11	10		בְּאֵ֣ר	884+	HNp	10kqX
17	11	11		שֶׁ֔בַע	884	HAcfsa	101je
17	11	12		כַּ/ח֥וֹל	k/2344	HRd/Ncmsa	10zEj
17	11	13		אֲשֶׁר	834 a	HTr	10w3L
17	11	14		עַל	5921 a	HR	10FBV
17	11	15		הַ/יָּ֖ם	d/3220	HTd/Ncmsa	10tZu
17	11	16		לָ/רֹ֑ב	l/7230	HR/Ncbsa	10ANB
17	11	17		וּ/פָנֶ֥י/ךָ	c/6440	HC/Ncbpc/Sp2ms	10m5d
17	11	18		הֹלְכִ֖ים	1980	HVqrmpa	10wc3
17	11	19		בַּ/קְרָֽב	b/7128	HRd/Ncmsa	10dLM
17	12	1		וּ/בָ֣אנוּ	c/935	HC/Vqq1cp	10Sk6
17	12	2		אֵלָ֗י/ו	413	HR/Sp3ms	10H1q
17	12	3	x-ketiv	ב/אחת	b/259	HR/Acfsc	10RMp
17	12	4		בְּ/אַחַ֤ד	b/259	HR/Acmsc	10DE1
17	12	5		הַ/מְּקוֹמֹת֙	d/4725	HTd/Ncmpa	10JXW
17	12	6		אֲשֶׁ֣ר	834 a	HTr	10PJn
17	12	7		נִמְצָ֣א	4672	HVNp3ms	10dXu
17	12	8		שָׁ֔ם	8033	HD	108oD
17	12	9		וְ/נַ֣חְנוּ	c/5117	HC/Vqq1cp	10YAs
17	12	10		עָלָ֔י/ו	5921 a	HR/Sp3ms	10W4q
17	12	11		כַּ/אֲשֶׁ֛ר	k/834 d	HR/Tr	10N6D
17	12	12		יִפֹּ֥ל	5307	HVqi3ms	10r3j
17	12	13		הַ/טַּ֖ל	d/2919	HTd/Ncmsa	10RbR
17	12	14		עַל	5921 a	HR	10mrh
17	12	15		הָ/אֲדָמָ֑ה	d/127	HTd/Ncfsa	10KDc
17	12	16		וְ/לֹֽא	c/3808	HC/Tn	10dmB
17	12	17		נ֥וֹתַר	3498	HVNp3ms	10Fg5
17	12	18		בּ֛/וֹ	b	HR/Sp3ms	10D4Y
17	12	19		וּ/בְ/כָל	c/b/3605	HC/R/Ncmsc	101yC
17	12	20		הָ/אֲנָשִׁ֥ים	d/376	HTd/Ncmpa	10rrj
17	12	21		אֲשֶׁר	834 a	HTr	10Rn4
17	12	22		אִתּ֖/וֹ	854	HR/Sp3ms	10nrC
17	12	23		גַּם	1571	HTa	10USe
17	12	24		אֶחָֽד	259	HAcmsa	10jJP
17	13	1		וְ/אִם	c/518 a	HC/C	10Ds4
17	13	2		אֶל	413	HR	10YfC
17	13	3		עִיר֙	5892 b	HNcfsa	10jFh
17	13	4		יֵֽאָסֵ֔ף	622	HVNi3ms	10h2q
17	13	5		וְ/הִשִּׂ֧יאוּ	c/5375	HC/Vhq3cp	10VfW
17	13	6		כָֽל	3605	HNcmsc	10ESV
17	13	7		יִשְׂרָאֵ֛ל	3478	HNp	108Fj
17	13	8		אֶל	413	HR	10zrr
17	13	9		הָ/עִ֥יר	d/5892 b	HTd/Ncfsa	10qEt
17	13	10		הַ/הִ֖יא	d/1931	HTd/Pp3fs	105gq
17	13	11		חֲבָלִ֑ים	2256 a	HNcbpa	10hDV
17	13	12		וְ/סָחַ֤בְנוּ	c/5498	HC/Vqq1cp	10HYt
17	13	13		אֹת/וֹ֙	853	HTo/Sp3ms	10FAv
17	13	14		עַד	5704	HR	10TWN
17	13	15		הַ/נַּ֔חַל	d/5158 a	HTd/Ncmsa	10BfY
17	13	16		עַ֛ד	5704	HR	10Rad
17	13	17		אֲשֶֽׁר	834 a	HTr	10Gcy
17	13	18		לֹא	3808	HTn	10BLC
17	13	19		נִמְצָ֥א	4672	HVNp3ms	10uvq
17	13	20		שָׁ֖ם	8033	HD	10fwV
17	13	21		גַּם	1571	HTa	10vpD
17	13	22		צְרֽוֹר	6872 b	HNcmsa	102F5
17	14	1		וַ/יֹּ֤אמֶר	c/559	HC/Vqw3ms	10dHB
17	14	2		אַבְשָׁלוֹם֙	53	HNp	10A8D
17	14	3		וְ/כָל	c/3605	HC/Ncmsc	10hrv
17	14	4		אִ֣ישׁ	376	HNcmsc	10vzq
17	14	5		יִשְׂרָאֵ֔ל	3478	HNp	10RTB
17	14	6		טוֹבָ֗ה	2896 a	HAafsa	10rDJ
17	14	7		עֲצַת֙	6098	HNcfsc	10ZbD
17	14	8		חוּשַׁ֣י	2365	HNp	10pe5
17	14	9		הָ/אַרְכִּ֔י	d/757	HTd/Ngmsa	10Gfh
17	14	10		מֵ/עֲצַ֖ת	m/6098	HR/Ncfsc	10sZ7
17	14	11		אֲחִיתֹ֑פֶל	302	HNp	10xT5
17	14	12		וַ/יהוָ֣ה	c/3068	HC/Np	10PfR
17	14	13		צִוָּ֗ה	6680	HVpp3ms	10oeK
17	14	14		לְ/הָפֵ֞ר	l/6565 a	HR/Vhc	10poP
17	14	15		אֶת	853	HTo	10ZRV
17	14	16		עֲצַ֤ת	6098	HNcfsc	1085A
17	14	17		אֲחִיתֹ֨פֶל֙	302	HNp	10NbA
17	14	18		הַ/טּוֹבָ֔ה	d/2896 a	HTd/Aafsa	10XRR
17	14	19		לְ/בַ/עֲב֗וּר	l/b/5668	HR/R/C	10cYP
17	14	20		הָבִ֧יא	935	HVhc	10gVU
17	14	21		יְהוָ֛ה	3068	HNp	10r2X
17	14	22		אֶל	413	HR	10Zzp
17	14	23		אַבְשָׁל֖וֹם	53	HNp	10qoq
17	14	24		אֶת	853	HTo	10w9K
17	14	25		הָ/רָעָֽה	d/7451 c	HTd/Ncfsa	10dir
17	15	1		וַ/יֹּ֣אמֶר	c/559	HC/Vqw3ms	10E6H
17	15	2		חוּשַׁ֗י	2365	HNp	109ov
17	15	3		אֶל	413	HR	10BYz
17	15	4		צָד֤וֹק	6659	HNp	10HXB
17	15	5		וְ/אֶל	c/413	HC/R	10TmX
17	15	6		אֶבְיָתָר֙	54	HNp	10LiC
17	15	7		הַ/כֹּ֣הֲנִ֔ים	d/3548	HTd/Ncmpa	108kj
17	15	8		כָּ/זֹ֣את	k/2063	HR/Pdxfs	10mCW
17	15	9		וְ/כָ/זֹ֗את	c/k/2063	HC/R/Pdxfs	10gqX
17	15	10		יָעַ֤ץ	3289	HVqp3ms	10Df6
17	15	11		אֲחִיתֹ֨פֶל֙	302	HNp	10oMA
17	15	12		אֶת	853	HTo	10Mcf
17	15	13		אַבְשָׁלֹ֔ם	53	HNp	10uXp
17	15	14		וְ/אֵ֖ת	c/853	HC/To	108qn
17	15	15		זִקְנֵ֣י	2205	HAampc	10DX6
17	15	16		יִשְׂרָאֵ֑ל	3478	HNp	10A18
17	15	17		וְ/כָ/זֹ֥את	c/k/2063	HC/R/Pdxfs	10iSv
17	15	18		וְ/כָ/זֹ֖את	c/k/2063	HC/R/Pdxfs	10qx9
17	15	19		יָעַ֥צְתִּי	3289	HVqp1cs	10qBT
17	15	20		אָֽנִי	589	HPp1cs	10jYZ
17	16	1		וְ/עַתָּ֡ה	c/6258	HC/D	10Az7
17	16	2		שִׁלְח֣וּ	7971	HVqv2mp	10d3f
17	16	3		מְהֵרָה֩	4120	HNcfsa	10byp
17	16	4		וְ/הַגִּ֨ידוּ	c/5046	HC/Vhv2mp	10pWc
17	16	5		לְ/דָוִ֜ד	l/1732	HR/Np	10GcR
17	16	6		לֵ/אמֹ֗ר	l/559	HR/Vqc	10NKo
17	16	7		אַל	408	HTn	10qzH
17	16	8		תָּ֤לֶן	3885 a	HVqj2ms	10ADc
17	16	9		הַ/לַּ֨יְלָה֙	d/3915	HTd/Ncmsa	10p3z
17	16	10		בְּ/עַֽרְב֣וֹת	b/6160	HR/Ncfpc	108BY
17	16	11		הַ/מִּדְבָּ֔ר	d/4057 b	HTd/Ncmsa	10g6B
17	16	12		וְ/גַ֖ם	c/1571	HC/Ta	104LX
17	16	13		עָב֣וֹר	5674 a	HVqa	10kze
17	16	14		תַּעֲב֑וֹר	5674 a	HVqi2ms	10CJA
17	16	15		פֶּ֚ן	6435	HC	10FmZ
17	16	16		יְבֻלַּ֣ע	1104	HVPi3ms	10nZ5
17	16	17		לַ/מֶּ֔לֶךְ	l/4428	HRd/Ncmsa	10q5L
17	16	18		וּ/לְ/כָל	c/l/3605	HC/R/Ncmsc	10htW
17	16	19		הָ/עָ֖ם	d/5971 a	HTd/Ncmsa	10YCR
17	16	20		אֲשֶׁ֥ר	834 a	HTr	10Tng
17	16	21		אִתּֽ/וֹ	854	HR/Sp3ms	10AG9
17	17	1		וִ/יהוֹנָתָ֨ן	c/3083	HC/Np	10veU
17	17	2		וַ/אֲחִימַ֜עַץ	c/290	HC/Np	10CoA
17	17	3		עֹמְדִ֣ים	5975	HVqrmpa	10rKD
17	17	4		בְּ/עֵין	b/5883+	HR/Np	107RJ
17	17	5		רֹגֵ֗ל	5883	HNp	1057Q
17	17	6		וְ/הָלְכָ֤ה	c/1980	HC/Vqq3fs	10SqN
17	17	7		הַ/שִּׁפְחָה֙	d/8198	HTd/Ncfsa	10AMy
17	17	8		וְ/הִגִּ֣ידָה	c/5046	HC/Vhq3fs	10U3z
17	17	9		לָ/הֶ֔ם	l	HR/Sp3mp	10SGK
17	17	10		וְ/הֵם֙	c/1992	HC/Pp3mp	10Qtc
17	17	11		יֵֽלְכ֔וּ	3212	HVqi3mp	10MiW
17	17	12		וְ/הִגִּ֖ידוּ	c/5046	HC/Vhq3cp	10LQC
17	17	13		לַ/מֶּ֣לֶךְ	l/4428	HRd/Ncmsa	103df
17	17	14		דָּוִ֑ד	1732	HNp	1061t
17	17	15		כִּ֣י	3588 a	HC	10g9U
17	17	16		לֹ֥א	3808	HTn	10J78
17	17	17		יוּכְל֛וּ	3201	HVqi3mp	10Mf9
17	17	18		לְ/הֵרָא֖וֹת	l/7200	HR/VNc	10ARq
17	17	19		לָ/ב֥וֹא	l/935	HR/Vqc	10W24
17	17	20		הָ/עִֽירָ/ה	d/5892 b	HTd/Ncfsa/Sd	10Sau
17	18	1		וַ/יַּ֤רְא	c/7200	HC/Vqw3ms	10sbY
17	18	2		אֹתָ/ם֙	853	HTo/Sp3mp	10oxz
17	18	3		נַ֔עַר	5288	HNcmsa	10ZpB
17	18	4		וַ/יַּגֵּ֖ד	c/5046	HC/Vhw3ms	101bx
17	18	5		לְ/אַבְשָׁלֹ֑ם	l/53	HR/Np	10xRA
17	18	6		וַ/יֵּלְכוּ֩	c/3212	HC/Vqw3mp	10CvE
17	18	7		שְׁנֵי/הֶ֨ם	8147	HAcmdc/Sp3mp	10Naj
17	18	8		מְהֵרָ֜ה	4120	HNcfsa	10mc7
17	18	9		וַ/יָּבֹ֣אוּ	c/935	HC/Vqw3mp	10HDd
17	18	10		אֶל	413	HR	106Lu
17	18	11		בֵּֽית	1004 b	HNcmsc	10Bre
17	18	12		אִ֣ישׁ	376	HNcmsa	10wyD
17	18	13		בְּ/בַחוּרִ֗ים	b/980	HR/Np	109v5
17	18	14		וְ/ל֥/וֹ	c/l	HC/R/Sp3ms	10uBa
17	18	15		בְאֵ֛ר	875	HNcfsa	106e3
17	18	16		בַּ/חֲצֵר֖/וֹ	b/2691 a	HR/Ncbsc/Sp3ms	10Gmz
17	18	17		וַ/יֵּ֥רְדוּ	c/3381	HC/Vqw3mp	104Zj
17	18	18		שָֽׁם	8033	HD	105jS
17	19	1		וַ/תִּקַּ֣ח	c/3947	HC/Vqw3fs	102oN
17	19	2		הָ/אִשָּׁ֗ה	d/802	HTd/Ncfsa	10xTt
17	19	3		וַ/תִּפְרֹ֤שׂ	c/6566	HC/Vqw3fs	109sn
17	19	4		אֶת	853	HTo	10Hwe
17	19	5		הַ/מָּסָךְ֙	d/4539	HTd/Ncmsa	10pQs
17	19	6		עַל	5921 a	HR	106DP
17	19	7		פְּנֵ֣י	6440	HNcbpc	10t2h
17	19	8		הַ/בְּאֵ֔ר	d/875	HTd/Ncfsa	102HK
17	19	9		וַ/תִּשְׁטַ֥ח	c/7849	HC/Vqw3fs	10Ews
17	19	10		עָלָ֖י/ו	5921 a	HR/Sp3ms	10PUW
17	19	11		הָֽ/רִפ֑וֹת	d/7383	HTd/Ncfpa	10zuK
17	19	12		וְ/לֹ֥א	c/3808	HC/Tn	10JQu
17	19	13		נוֹדַ֖ע	3045	HVNp3ms	10ErE
17	19	14		דָּבָֽר	1697	HNcmsa	10Lcm
17	20	1		וַ/יָּבֹ֣אוּ	c/935	HC/Vqw3mp	101X7
17	20	2		עַבְדֵי֩	5650	HNcmpc	1089D
17	20	3		אַבְשָׁל֨וֹם	53	HNp	10GQ6
17	20	4		אֶֽל	413	HR	10qbK
17	20	5		הָ/אִשָּׁ֜ה	d/802	HTd/Ncfsa	10iS8
17	20	6		הַ/בַּ֗יְתָ/ה	d/1004 b	HTd/Ncmsa/Sd	10dHp
17	20	7		וַ/יֹּֽאמְרוּ֙	c/559	HC/Vqw3mp	10p5f
17	20	8		אַיֵּ֗ה	346	HTi	10DJ7
17	20	9		אֲחִימַ֨עַץ֙	290	HNp	10cbQ
17	20	10		וִ/יה֣וֹנָתָ֔ן	c/3083	HC/Np	10xRe
17	20	11		וַ/תֹּ֤אמֶר	c/559	HC/Vqw3fs	10ZFs
17	20	12		לָ/הֶם֙	l	HR/Sp3mp	10H6b
17	20	13		הָֽ/אִשָּׁ֔ה	d/802	HTd/Ncfsa	10JGX
17	20	14		עָבְר֖וּ	5674 a	HVqp3cp	10rb5
17	20	15		מִיכַ֣ל	4323	HNcmsc	10saF
17	20	16		הַ/מָּ֑יִם	d/4325	HTd/Ncmpa	10URH
17	20	17		וַ/יְבַקְשׁוּ֙	c/1245	HC/Vpw3mp	104Bm
17	20	18		וְ/לֹ֣א	c/3808	HC/Tn	10AEb
17	20	19		מָצָ֔אוּ	4672	HVqp3cp	10aam
17	20	20		וַ/יָּשֻׁ֖בוּ	c/7725	HC/Vqw3mp	10LQ5
17	20	21		יְרוּשָׁלִָֽם	3389	HNp	10sB6
17	21	1		וַ/יְהִ֣י	c/1961	HC/Vqw3ms	10AD1
17	21	2		אַחֲרֵ֣י	310 a	HR	10VV7
17	21	3		לֶכְתָּ֗/ם	3212	HVqc/Sp3mp	10trR
17	21	4		וַֽ/יַּעֲלוּ֙	c/5927	HC/Vqw3mp	10xPR
17	21	5		מֵֽ/הַ/בְּאֵ֔ר	m/d/875	HR/Td/Ncfsa	10oKK
17	21	6		וַ/יֵּ֣לְכ֔וּ	c/3212	HC/Vqw3mp	10yyH
17	21	7		וַ/יַּגִּ֖דוּ	c/5046	HC/Vhw3mp	10LPs
17	21	8		לַ/מֶּ֣לֶךְ	l/4428	HRd/Ncmsa	10XWM
17	21	9		דָּוִ֑ד	1732	HNp	10jwr
17	21	10		וַ/יֹּאמְר֣וּ	c/559	HC/Vqw3mp	10qua
17	21	11		אֶל	413	HR	10ky1
17	21	12		דָּוִ֗ד	1732	HNp	10Ag3
17	21	13		ק֣וּמוּ	6965 b	HVqv2mp	10PK4
17	21	14		וְ/עִבְר֤וּ	c/5674 a	HC/Vqv2mp	10Dyz
17	21	15		מְהֵרָה֙	4120	HNcfsa	10zxQ
17	21	16		אֶת	853	HTo	10TqK
17	21	17		הַ/מַּ֔יִם	d/4325	HTd/Ncmpa	10bn2
17	21	18		כִּי	3588 a	HC	10ySt
17	21	19		כָ֛כָה	3602	HD	10hyc
17	21	20		יָעַ֥ץ	3289	HVqp3ms	10vka
17	21	21		עֲלֵי/כֶ֖ם	5921 a	HR/Sp2mp	10NTY
17	21	22		אֲחִיתֹֽפֶל	302	HNp	10nfk
17	22	1		וַ/יָּ֣קָם	c/6965 b	HC/Vqw3ms	10pd3
17	22	2		דָּוִ֗ד	1732	HNp	10Ash
17	22	3		וְ/כָל	c/3605	HC/Ncmsc	109UV
17	22	4		הָ/עָם֙	d/5971 a	HTd/Ncmsa	10n7q
17	22	5		אֲשֶׁ֣ר	834 a	HTr	108XN
17	22	6		אִתּ֔/וֹ	854	HR/Sp3ms	10bGY
17	22	7		וַ/יַּעַבְר֖וּ	c/5674 a	HC/Vqw3mp	10Sqa
17	22	8		אֶת	853	HTo	10QV1
17	22	9		הַ/יַּרְדֵּ֑ן	d/3383	HTd/Np	10CDj
17	22	10		עַד	5704	HR	10XFL
17	22	11		א֣וֹר	216	HNcbsc	1097C
17	22	12		הַ/בֹּ֗קֶר	d/1242	HTd/Ncmsa	10SXF
17	22	13		עַד	5704	HR	10gSv
17	22	14		אַחַד֙	259	HAcmsa	10GF5
17	22	15		לֹ֣א	3808	HTn	10XX2
17	22	16		נֶעְדָּ֔ר	5737 c	HVNp3ms	10rFn
17	22	17		אֲשֶׁ֥ר	834 a	HTr	109SJ
17	22	18		לֹא	3808	HTn	102Ps
17	22	19		עָבַ֖ר	5674 a	HVqp3ms	105gH
17	22	20		אֶת	853	HTo	10uuJ
17	22	21		הַ/יַּרְדֵּֽן	d/3383	HTd/Np	10FMm
17	23	1		וַ/אֲחִיתֹ֣פֶל	c/302	HC/Np	10kNs
17	23	2		רָאָ֗ה	7200	HVqp3ms	10Rxh
17	23	3		כִּ֣י	3588 a	HC	10atm
17	23	4		לֹ֣א	3808	HTn	10XKf
17	23	5		נֶעֶשְׂתָה֮	6213 a	HVNp3fs	10vNz
17	23	6		עֲצָת/וֹ֒	6098	HNcfsc/Sp3ms	10oQN
17	23	7		וַ/יַּחֲבֹ֣שׁ	c/2280	HC/Vqw3ms	106xQ
17	23	8		אֶֽת	853	HTo	10zcE
17	23	9		הַ/חֲמ֗וֹר	d/2543	HTd/Ncbsa	10rj8
17	23	10		וַ/יָּ֜קָם	c/6965 b	HC/Vqw3ms	10Ap9
17	23	11		וַ/יֵּ֤לֶךְ	c/3212	HC/Vqw3ms	10s51
17	23	12		אֶל	413	HR	10Xxq
17	23	13		בֵּית/וֹ֙	1004 b	HNcmsc/Sp3ms	10Hio
17	23	14		אֶל	413	HR	10mRW
17	23	15		עִיר֔/וֹ	5892 b	HNcfsc/Sp3ms	10BBb
17	23	16		וַ/יְצַ֥ו	c/6680	HC/Vpw3ms	1051b
17	23	17		אֶל	413	HR	10rJW
17	23	18		בֵּית֖/וֹ	1004 b	HNcmsc/Sp3ms	104Xf
17	23	19		וַ/יֵּחָנַ֑ק	c/2614	HC/VNw3ms	10c89
17	23	20		וַ/יָּ֕מָת	c/4191	HC/Vqw3ms	10AVx
17	23	21		וַ/יִּקָּבֵ֖ר	c/6912	HC/VNw3ms	10cVH
17	23	22		בְּ/קֶ֥בֶר	b/6913	HR/Ncmsc	10xda
17	23	23		אָבִֽי/ו	1	HNcmsc/Sp3ms	10bZh
17	24	1		וְ/דָוִ֖ד	c/1732	HC/Np	10j6W
17	24	2		בָּ֣א	935	HVqp3ms	10wgp
17	24	3		מַחֲנָ֑יְמָ/ה	4266	HNp/Sd	10cfF
17	24	4		וְ/אַבְשָׁלֹ֗ם	c/53	HC/Np	10UXY
17	24	5		עָבַר֙	5674 a	HVqp3ms	10iwQ
17	24	6		אֶת	853	HTo	10A33
17	24	7		הַ/יַּרְדֵּ֔ן	d/3383	HTd/Np	10BF1
17	24	8		ה֕וּא	1931	HPp3ms	10xsk
17	24	9		וְ/כָל	c/3605	HC/Ncmsc	10CmJ
17	24	10		אִ֥ישׁ	376	HNcmsc	10Q6h
17	24	11		יִשְׂרָאֵ֖ל	3478	HNp	10RXX
17	24	12		עִמּֽ/וֹ	5973 a	HR/Sp3ms	103ku
17	25	1		וְ/אֶת	c/853	HC/To	10VvV
17	25	2		עֲמָשָׂ֗א	6021	HNp	1052W
17	25	3		שָׂ֧ם	7760 a	HVqp3ms	10FHV
17	25	4		אַבְשָׁלֹ֛ם	53	HNp	10vLx
17	25	5		תַּ֥חַת	8478	HR	10E9J
17	25	6		יוֹאָ֖ב	3097	HNp	10Ywv
17	25	7		עַל	5921 a	HR	10XxP
17	25	8		הַ/צָּבָ֑א	d/6635 a	HTd/Ncbsa	10NpM
17	25	9		וַ/עֲמָשָׂ֣א	c/6021	HC/Np	106bK
17	25	10		בֶן	1121 a	HNcmsc	10Xp8
17	25	11		אִ֗ישׁ	376	HNcmsa	10Ec1
17	25	12		וּ/שְׁמ/וֹ֙	c/8034	HC/Ncmsc/Sp3ms	10WDd
17	25	13		יִתְרָ֣א	3501	HNp	10H54
17	25	14		הַ/יִּשְׂרְאֵלִ֔י	d/3481	HTd/Ngmsa	10UQb
17	25	15		אֲשֶׁר	834 a	HTr	101hg
17	25	16		בָּא֙	935	HVqp3ms	10Fdw
17	25	17		אֶל	413	HR	102kE
17	25	18		אֲבִיגַ֣ל	26	HNp	10Spd
17	25	19		בַּת	1323	HNcfsc	10dd7
17	25	20		נָחָ֔שׁ	5176	HNp	10153
17	25	21		אֲח֥וֹת	269	HNcfsc	10hYW
17	25	22		צְרוּיָ֖ה	6870	HNp	10QQR
17	25	23		אֵ֥ם	517	HNcfsc	10j1m
17	25	24		יוֹאָֽב	3097	HNp	10iCq
17	26	1		וַ/יִּ֤חַן	c/2583	HC/Vqw3ms	107jm
17	26	2		יִשְׂרָאֵל֙	3478	HNp	10aBh
17	26	3		וְ/אַבְשָׁלֹ֔ם	c/53	HC/Np	10PWQ
17	26	4		אֶ֖רֶץ	776	HNcbsc	1011E
17	26	5		הַ/גִּלְעָֽד	d/1568	HTd/Np	10Qi4
17	27	1		וַ/יְהִ֕י	c/1961	HC/Vqw3ms	10J3C
17	27	2		כְּ/ב֥וֹא	k/935	HR/Vqc	10JvL
17	27	3		דָוִ֖ד	1732	HNp	10kuj
17	27	4		מַחֲנָ֑יְמָ/ה	4266	HNp/Sd	10Eg2
17	27	5		וְ/שֹׁבִ֨י	c/7629	HC/Np	10MeU
17	27	6		בֶן	1121 a	HNcmsc	10Ap7
17	27	7		נָחָ֜שׁ	5176	HNp	10SX8
17	27	8		מֵ/רַבַּ֣ת	m/7237	HR/Np	10VEh
17	27	9		בְּנֵֽי	1121 a	HNcmpc	107PM
17	27	10		עַמּ֗וֹן	5983	HNp	10S3p
17	27	11		וּ/מָכִ֤יר	c/4353	HC/Np	10Cjf
17	27	12		בֶּן	1121 a	HNcmsc	109Hn
17	27	13		עַמִּיאֵל֙	5988	HNp	10ATZ
17	27	14		מִ/לֹּ֣א	m/3810+	HR/Np	10sm7
17	27	15		דְבָ֔ר	3810	HNp	10KBq
17	27	16		וּ/בַרְזִלַּ֥י	c/1271	HC/Np	10444
17	27	17		הַ/גִּלְעָדִ֖י	d/1569	HTd/Ngmsa	10af4
17	27	18		מֵ/רֹגְלִֽים	m/7274	HR/Np	10aur
17	28	1		מִשְׁכָּ֤ב	4904	HNcmsa	10miR
17	28	2		וְ/סַפּוֹת֙	c/5592 a	HC/Ncmpa	10SkN
17	28	3		וּ/כְלִ֣י	c/3627	HC/Ncmsc	10REw
17	28	4		יוֹצֵ֔ר	3335	HNcmsa	10Jvd
17	28	5		וְ/חִטִּ֥ים	c/2406	HC/Ncfpa	10or5
17	28	6		וּ/שְׂעֹרִ֖ים	c/8184	HC/Ncfpa	102gE
17	28	7		וְ/קֶ֣מַח	c/7058	HC/Ncmsa	10TCm
17	28	8		וְ/קָלִ֑י	c/7039	HC/Ncmsa	103Fz
17	28	9		וּ/פ֥וֹל	c/6321	HC/Ncmsa	10vxS
17	28	10		וַ/עֲדָשִׁ֖ים	c/5742	HC/Ncfpa	10QBy
17	28	11		וְ/קָלִֽי	c/7039	HC/Ncmsa	10HPx
17	29	1		וּ/דְבַ֣שׁ	c/1706	HC/Ncmsa	10K2T
17	29	2		וְ/חֶמְאָ֗ה	c/2529 a	HC/Ncfsa	10JVT
17	29	3		וְ/צֹאן֙	c/6629	HC/Ncbsa	10HN7
17	29	4		וּ/שְׁפ֣וֹת	c/8194	HC/Ncfpc	10VhQ
17	29	5		בָּקָ֔ר	1241	HNcbsa	10uUs
17	29	6		הִגִּ֧ישׁוּ	5066	HVhp3cp	10YLv
17	29	7		לְ/דָוִ֛ד	l/1732	HR/Np	10yjM
17	29	8		וְ/לָ/עָ֥ם	c/l/5971 a	HC/Rd/Ncmsa	10CzW
17	29	9		אֲשֶׁר	834 a	HTr	10ewW
17	29	10		אִתּ֖/וֹ	854	HR/Sp3ms	109mZ
17	29	11		לֶ/אֱכ֑וֹל	l/398	HR/Vqc	10rYQ
17	29	12		כִּ֣י	3588 a	HC	109hw
17	29	13		אָמְר֔וּ	559	HVqp3cp	10bTH
17	29	14		הָ/עָ֗ם	d/5971 a	HTd/Ncmsa	10gBC
17	29	15		רָעֵ֛ב	7457	HAamsa	10kqr
17	29	16		וְ/עָיֵ֥ף	c/5889	HC/Aamsa	10Lp8
17	29	17		וְ/צָמֵ֖א	c/6771	HC/Aamsa	10d64
17	29	18		בַּ/מִּדְבָּֽר	b/4057 b	HRd/Ncmsa	10iFq
18	1	1		וַ/יִּפְקֹ֣ד	c/6485 a	HC/Vqw3ms	10vxK
18	1	2		דָּוִ֔ד	1732	HNp	10yof
18	1	3		אֶת	853	HTo	10oDp
18	1	4		הָ/עָ֖ם	d/5971 a	HTd/Ncmsa	10QAJ
18	1	5		אֲשֶׁ֣ר	834 a	HTr	10bhk
18	1	6		אִתּ֑/וֹ	854	HR/Sp3ms	10CGK
18	1	7		וַ/יָּ֣שֶׂם	c/7760 a	HC/Vqw3ms	10XkE
18	1	8		עֲלֵי/הֶ֔ם	5921 a	HR/Sp3mp	10LaG
18	1	9		שָׂרֵ֥י	8269	HNcmpc	103RD
18	1	10		אֲלָפִ֖ים	505	HAcbpa	10rid
18	1	11		וְ/שָׂרֵ֥י	c/8269	HC/Ncmpc	10Evb
18	1	12		מֵאֽוֹת	3967	HAcbpa	10fAh
18	2	1		וַ/יְשַׁלַּ֨ח	c/7971	HC/Vpw3ms	10VTn
18	2	2		דָּוִ֜ד	1732	HNp	101Ff
18	2	3		אֶת	853	HTo	10TqE
18	2	4		הָ/עָ֗ם	d/5971 a	HTd/Ncmsa	1058v
18	2	5		הַ/שְּׁלִשִׁ֤ית	d/7992	HTd/Ncfsa	10f5S
18	2	6		בְּ/יַד	b/3027	HR/Ncbsc	10R8R
18	2	7		יוֹאָב֙	3097	HNp	103G3
18	2	8		וְ֠/הַ/שְּׁלִשִׁית	c/d/7992	HC/Td/Ncfsa	10ShE
18	2	9		בְּ/יַ֨ד	b/3027	HR/Ncbsc	10xk4
18	2	10		אֲבִישַׁ֤י	52	HNp	10SvA
18	2	11		בֶּן	1121 a	HNcmsc	10cZL
18	2	12		צְרוּיָה֙	6870	HNp	10wcc
18	2	13		אֲחִ֣י	251	HNcmsc	105Bn
18	2	14		יוֹאָ֔ב	3097	HNp	10mD7
18	2	15		וְ/הַ֨/שְּׁלִשִׁ֔ת	c/d/7992	HC/Td/Aofsa	10jiL
18	2	16		בְּ/יַ֖ד	b/3027	HR/Ncbsc	10id5
18	2	17		אִתַּ֣י	863	HNp	10UWS
18	2	18		הַ/גִּתִּ֑י	d/1663	HTd/Ngmsa	10oQp
18	2	19		וַ/יֹּ֤אמֶר	c/559	HC/Vqw3ms	10yDf
18	2	20		הַ/מֶּ֨לֶךְ֙	d/4428	HTd/Ncmsa	10zJN
18	2	21		אֶל	413	HR	10Wfy
18	2	22		הָ/עָ֔ם	d/5971 a	HTd/Ncmsa	10f69
18	2	23		יָצֹ֥א	3318	HVqa	10hnq
18	2	24		אֵצֵ֛א	3318	HVqi1cs	109UP
18	2	25		גַּם	1571	HTa	10WgV
18	2	26		אֲנִ֖י	589	HPp1cs	10cVd
18	2	27		עִמָּ/כֶֽם	5973 a	HR/Sp2mp	102xb
18	3	1		וַ/יֹּ֨אמֶר	c/559	HC/Vqw3ms	10yF8
18	3	2		הָ/עָ֜ם	d/5971 a	HTd/Ncmsa	10aHR
18	3	3		לֹ֣א	3808	HTn	108sC
18	3	4		תֵצֵ֗א	3318	HVqi2ms	10ure
18	3	5		כִּי֩	3588 b	HC	10RJK
18	3	6		אִם	518 b	HC	10uCp
18	3	7		נֹ֨ס	5127	HVqa	10iNC
18	3	8		נָנ֜וּס	5127	HVqi1cp	109jD
18	3	9		לֹא	3808	HTn	10DTS
18	3	10		יָשִׂ֧ימוּ	7760 a	HVqi3mp	10LQV
18	3	11		אֵלֵ֣י/נוּ	413	HR/Sp1cp	10fA6
18	3	12		לֵ֗ב	3820 a	HNcmsa	107Rw
18	3	13		וְ/אִם	c/518 a	HC/C	10XN3
18	3	14		יָמֻ֤תוּ	4191	HVqi3mp	10PHo
18	3	15		חֶצְיֵ֨/נוּ֙	2677	HNcmsc/Sp1cp	10RKm
18	3	16		לֹֽא	3808	HTn	10PbU
18	3	17		יָשִׂ֤ימוּ	7760 a	HVqi3mp	10rD6
18	3	18		אֵלֵ֨י/נוּ֙	413	HR/Sp1cp	10dL6
18	3	19		לֵ֔ב	3820 a	HNcmsa	10ZyC
18	3	20		כִּֽי	3588 a	HC	10pxD
18	3	21		עַתָּ֥ה	6258	HD	10NTM
18	3	22		כָמֹ֖/נוּ	3644	HR/Sp1cp	10BVM
18	3	23		עֲשָׂרָ֣ה	6235	HAcmsa	101Fv
18	3	24		אֲלָפִ֑ים	505	HAcbpa	10G37
18	3	25		וְ/עַתָּ֣ה	c/6258	HC/D	10GtA
18	3	26		ט֔וֹב	2896 a	HAamsa	106Lg
18	3	27		כִּי	3588 a	HC	10m6w
18	3	28		תִֽהְיֶה	1961	HVqi2ms	10ioA
18	3	29		לָּ֥/נוּ	l	HR/Sp1cp	10BVU
18	3	30		מֵ/עִ֖יר	m/5892 b	HR/Ncfsa	101vd
18	3	31	x-ketiv	ל/עזיר	l/5826	HR/Vhc	10FE1
18	3	32		לַ/עְזֽוֹר	l/5826	HR/Vqc	10FQw
18	4	1		וַ/יֹּ֤אמֶר	c/559	HC/Vqw3ms	107J8
18	4	2		אֲלֵי/הֶם֙	413	HR/Sp3mp	10qCk
18	4	3		הַ/מֶּ֔לֶךְ	d/4428	HTd/Ncmsa	10Y7B
18	4	4		אֲשֶׁר	834 a	HTr	10pJg
18	4	5		יִיטַ֥ב	3190	HVqi3ms	10ePU
18	4	6		בְּ/עֵינֵי/כֶ֖ם	b/5869 a	HR/Ncbdc/Sp2mp	10QRm
18	4	7		אֶעֱשֶׂ֑ה	6213 a	HVqi1cs	10sjY
18	4	8		וַ/יַּעֲמֹ֤ד	c/5975	HC/Vqw3ms	10LFe
18	4	9		הַ/מֶּ֨לֶךְ֙	d/4428	HTd/Ncmsa	10HZs
18	4	10		אֶל	413	HR	10MMZ
18	4	11		יַ֣ד	3027	HNcbsc	10iuh
18	4	12		הַ/שַּׁ֔עַר	d/8179	HTd/Ncmsa	101TP
18	4	13		וְ/כָל	c/3605	HC/Ncmsc	10Muu
18	4	14		הָ/עָם֙	d/5971 a	HTd/Ncmsa	10JXG
18	4	15		יָֽצְא֔וּ	3381	HVqp3cp	10V7e
18	4	16		לְ/מֵא֖וֹת	l/3967	HR/Acbpa	10zEv
18	4	17		וְ/לַ/אֲלָפִֽים	c/l/505	HC/R/Acbpa	10Az9
18	5	1		וַ/יְצַ֣ו	c/6680	HC/Vpw3ms	10KsP
18	5	2		הַ/מֶּ֡לֶךְ	d/4428	HTd/Ncmsa	1057u
18	5	3		אֶת	853	HTo	10XUn
18	5	4		י֠וֹאָב	3097	HNp	10mnU
18	5	5		וְ/אֶת	c/853	HC/To	103uB
18	5	6		אֲבִישַׁ֤י	52	HNp	10bE2
18	5	7		וְ/אֶת	c/853	HC/To	10kyK
18	5	8		אִתַּי֙	863	HNp	10AcS
18	5	9		לֵ/אמֹ֔ר	l/559	HR/Vqc	10Ui1
18	5	10		לְ/אַט	l/328 b	HR/D	10qzt
18	5	11		לִ֖/י	l	HR/Sp1cs	101Yv
18	5	12		לַ/נַּ֣עַר	l/5288	HRd/Ncmsa	10unw
18	5	13		לְ/אַבְשָׁל֑וֹם	l/53	HR/Np	10xed
18	5	14		וְ/כָל	c/3605	HC/Ncmsc	10Ld9
18	5	15		הָ/עָ֣ם	d/5971 a	HTd/Ncmsa	10mVS
18	5	16		שָׁמְע֗וּ	8085	HVqp3cp	10LHh
18	5	17		בְּ/צַוֺּ֥ת	b/6680	HR/Vpc	10vvz
18	5	18		הַ/מֶּ֛לֶךְ	d/4428	HTd/Ncmsa	10h7f
18	5	19		אֶת	853	HTo	10ai6
18	5	20		כָּל	3605	HNcmsc	10PHM
18	5	21		הַ/שָּׂרִ֖ים	d/8269	HTd/Ncmpa	10Loh
18	5	22		עַל	5921 a	HR	10jbt
18	5	23		דְּבַ֥ר	1697	HNcmsc	10whp
18	5	24		אַבְשָׁלֽוֹם	53	HNp	10DeS
18	6	1		וַ/יֵּצֵ֥א	c/3318	HC/Vqw3ms	10TDX
18	6	2		הָ/עָ֛ם	d/5971 a	HTd/Ncmsa	10kew
18	6	3		הַ/שָּׂדֶ֖ה	d/7704 b	HTd/Ncmsa	104a7
18	6	4		לִ/קְרַ֣את	l/7125	HR/Vqc	10Vw1
18	6	5		יִשְׂרָאֵ֑ל	3478	HNp	10AbP
18	6	6		וַ/תְּהִ֥י	c/1961	HC/Vqw3fs	10XC7
18	6	7		הַ/מִּלְחָמָ֖ה	d/4421	HTd/Ncfsa	10kSM
18	6	8		בְּ/יַ֥עַר	b/3293 a	HR/Ncmsc	107Wp
18	6	9		אֶפְרָֽיִם	669	HNp	10i1E
18	7	1		וַ/יִּנָּ֤גְפוּ	c/5062	HC/VNw3mp	10Aby
18	7	2		שָׁם֙	8033	HD	10dEB
18	7	3		עַ֣ם	5971 a	HNcmsc	10fQk
18	7	4		יִשְׂרָאֵ֔ל	3478	HNp	10bgn
18	7	5		לִ/פְנֵ֖י	l/6440	HR/Ncbpc	10TM2
18	7	6		עַבְדֵ֣י	5650	HNcmpc	10k7d
18	7	7		דָוִ֑ד	1732	HNp	10WXj
18	7	8		וַ/תְּהִי	c/1961	HC/Vqw3fs	10Dkb
18	7	9		שָׁ֞ם	8033	HD	10JBA
18	7	10		הַ/מַּגֵּפָ֧ה	d/4046	HTd/Ncfsa	10ZFp
18	7	11		גְדוֹלָ֛ה	1419 a	HAafsa	10jzs
18	7	12		בַּ/יּ֥וֹם	b/3117	HRd/Ncmsa	10SJc
18	7	13		הַ/ה֖וּא	d/1931	HTd/Pp3ms	10drC
18	7	14		עֶשְׂרִ֥ים	6242	HAcbpa	10UiC
18	7	15		אָֽלֶף	505	HAcbsa	10qKv
18	8	1		וַ/תְּהִי	c/1961	HC/Vqw3fs	10CuC
18	8	2		שָׁ֧ם	8033	HD	10CZ7
18	8	3		הַ/מִּלְחָמָ֛ה	d/4421	HTd/Ncfsa	10vXD
18	8	4	x-ketiv	נפצית	6327 a	HVNsfpa	10Ph4
18	8	5		נָפֹ֖צֶת	6327 a	HVNsfsa	10YV4
18	8	6		עַל	5921 a	HR	10XUH
18	8	7		פְּנֵ֣י	6440	HNcbpc	101ZZ
18	8	8		כָל	3605	HNcmsc	10QGw
18	8	9		הָ/אָ֑רֶץ	d/776	HTd/Ncbsa	10phZ
18	8	10		וַ/יֶּ֤רֶב	c/7235 a	HC/Vhw3ms	10ytA
18	8	11		הַ/יַּ֨עַר֙	d/3293 a	HTd/Ncmsa	10dor
18	8	12		לֶ/אֱכֹ֣ל	l/398	HR/Vqc	10kRt
18	8	13		בָּ/עָ֔ם	b/5971 a	HRd/Ncmsa	10p5S
18	8	14		מֵ/אֲשֶׁ֥ר	m/834 c	HR/Tr	106AX
18	8	15		אָכְלָ֛ה	398	HVqp3fs	10rCA
18	8	16		הַ/חֶ֖רֶב	d/2719	HTd/Ncfsa	10st4
18	8	17		בַּ/יּ֥וֹם	b/3117	HRd/Ncmsa	10xDN
18	8	18		הַ/הֽוּא	d/1931	HTd/Pp3ms	10uhF
18	9	1		וַ/יִּקָּרֵא֙	c/7122	HC/VNw3ms	10Feh
18	9	2		אַבְשָׁל֔וֹם	53	HNp	10Uiv
18	9	3		לִ/פְנֵ֖י	l/6440	HR/Ncbpc	10qY1
18	9	4		עַבְדֵ֣י	5650	HNcmpc	10Eh1
18	9	5		דָוִ֑ד	1732	HNp	10TcL
18	9	6		וְ/אַבְשָׁל֞וֹם	c/53	HC/Np	1057W
18	9	7		רֹכֵ֣ב	7392	HVqrmsa	108WE
18	9	8		עַל	5921 a	HR	10sZh
18	9	9		הַ/פֶּ֗רֶד	d/6505	HTd/Ncmsa	10hW6
18	9	10		וַ/יָּבֹ֣א	c/935	HC/Vqw3ms	10Fjn
18	9	11		הַ/פֶּ֡רֶד	d/6505	HTd/Ncmsa	10NMJ
18	9	12		תַּ֣חַת	8478	HR	10KgD
18	9	13		שׂוֹבֶךְ֩	7730	HNcmsc	10o41
18	9	14		הָ/אֵלָ֨ה	d/424	HTd/Ncfsa	10Q19
18	9	15		הַ/גְּדוֹלָ֜ה	d/1419 a	HTd/Aafsa	10M82
18	9	16		וַ/יֶּחֱזַ֧ק	c/2388	HC/Vqw3ms	10FQt
18	9	17		רֹאשׁ֣/וֹ	7218 a	HNcmsc/Sp3ms	106U3
18	9	18		בָ/אֵלָ֗ה	b/424	HRd/Ncfsa	1077g
18	9	19		וַ/יֻּתַּן֙	c/5414	HC/VHw3ms	10Njc
18	9	20		בֵּ֤ין	996	HR	10vvs
18	9	21		הַ/שָּׁמַ֨יִם֙	d/8064	HTd/Ncmpa	10kh1
18	9	22		וּ/בֵ֣ין	c/996	HC/R	10HfB
18	9	23		הָ/אָ֔רֶץ	d/776	HTd/Ncbsa	101Hv
18	9	24		וְ/הַ/פֶּ֥רֶד	c/d/6505	HC/Td/Ncmsa	10y4b
18	9	25		אֲשֶׁר	834 a	HTr	10ULW
18	9	26		תַּחְתָּ֖י/ו	8478	HR/Sp3ms	10GUN
18	9	27		עָבָֽר	5674 a	HVqp3ms	10yfp
18	10	1		וַ/יַּרְא֙	c/7200	HC/Vqw3ms	10szn
18	10	2		אִ֣ישׁ	376	HNcmsa	10334
18	10	3		אֶחָ֔ד	259	HAcmsa	10Qde
18	10	4		וַ/יַּגֵּ֖ד	c/5046	HC/Vhw3ms	10K62
18	10	5		לְ/יוֹאָ֑ב	l/3097	HR/Np	10dBK
18	10	6		וַ/יֹּ֗אמֶר	c/559	HC/Vqw3ms	10J89
18	10	7		הִנֵּה֙	2009	HTm	10iLi
18	10	8		רָאִ֣יתִי	7200	HVqp1cs	10tFm
18	10	9		אֶת	853	HTo	10kxU
18	10	10		אַבְשָׁלֹ֔ם	53	HNp	10Wsw
18	10	11		תָּל֖וּי	8518	HVqsmsa	10BjS
18	10	12		בָּ/אֵלָֽה	b/424	HRd/Ncfsa	10Xcv
18	11	1		וַ/יֹּ֣אמֶר	c/559	HC/Vqw3ms	10PRu
18	11	2		יוֹאָ֗ב	3097	HNp	10mZG
18	11	3		לָ/אִישׁ֙	l/376	HRd/Ncmsa	10BVn
18	11	4		הַ/מַּגִּ֣יד	d/5046	HTd/Vhrmsa	10FZr
18	11	5		ל֔/וֹ	l	HR/Sp3ms	10upQ
18	11	6		וְ/הִנֵּ֣ה	c/2009	HC/Tm	10VzQ
18	11	7		רָאִ֔יתָ	7200	HVqp2ms	10Ym9
18	11	8		וּ/מַדּ֛וּעַ	c/4069	HC/Ti	10xhV
18	11	9		לֹֽא	3808	HTn	10rLw
18	11	10		הִכִּית֥/וֹ	5221	HVhp2ms/Sp3ms	10tc3
18	11	11		שָׁ֖ם	8033	HD	10Asj
18	11	12		אָ֑רְצָ/ה	776	HNcbsa/Sd	10ZFJ
18	11	13		וְ/עָלַ֗/י	c/5921 a	HC/R/Sp1cs	10G2v
18	11	14		לָ֤/תֶת	l/5414	HR/Vqc	10pGd
18	11	15		לְ/ךָ֙	l	HR/Sp2ms	10S8b
18	11	16		עֲשָׂ֣רָה	6235	HAcmsa	10QfR
18	11	17		כֶ֔סֶף	3701	HNcmsa	10a9L
18	11	18		וַ/חֲגֹרָ֖ה	c/2290 b	HC/Ncfsa	1087i
18	11	19		אֶחָֽת	259	HAcfsa	10HbV
18	12	1		וַ/יֹּ֤אמֶר	c/559	HC/Vqw3ms	108Ef
18	12	2		הָ/אִישׁ֙	d/376	HTd/Ncmsa	10Jx8
18	12	3		אֶל	413	HR	10BdY
18	12	4		יוֹאָ֔ב	3097	HNp	10Wgk
18	12	5	x-ketiv	ו/לא	c/3863	HC/C	107KL
18	12	6		וְ/ל֨וּא	c/3863	HC/C	10uD3
18	12	7		אָנֹכִ֜י	595	HPp1cs	10Chs
18	12	8		שֹׁקֵ֤ל	8254	HVqrmsa	10yyk
18	12	9		עַל	5921 a	HR	10hcZ
18	12	10		כַּפַּ/י֙	3709	HNcfdc/Sp1cs	10dNA
18	12	11		אֶ֣לֶף	505	HAcbsa	10RpE
18	12	12		כֶּ֔סֶף	3701	HNcmsa	10q3b
18	12	13		לֹֽא	3808	HTn	10PeM
18	12	14		אֶשְׁלַ֥ח	7971	HVqi1cs	10RXz
18	12	15		יָדִ֖/י	3027	HNcbsc/Sp1cs	10aju
18	12	16		אֶל	413	HR	109mk
18	12	17		בֶּן	1121 a	HNcmsc	10dWz
18	12	18		הַ/מֶּ֑לֶךְ	d/4428	HTd/Ncmsa	10hpc
18	12	19		כִּ֣י	3588 a	HC	1065B
18	12	20		בְ/אָזְנֵ֜י/נוּ	b/241	HR/Ncfdc/Sp1cp	1059k
18	12	21		צִוָּ֣ה	6680	HVpp3ms	10G4x
18	12	22		הַ/מֶּ֗לֶךְ	d/4428	HTd/Ncmsa	10D9r
18	12	23		אֹ֠תְ/ךָ	853	HTo/Sp2ms	10Fn5
18	12	24		וְ/אֶת	c/853	HC/To	10u2c
18	12	25		אֲבִישַׁ֤י	52	HNp	10aLU
18	12	26		וְ/אֶת	c/853	HC/To	10zxD
18	12	27		אִתַּי֙	863	HNp	10qCS
18	12	28		לֵ/אמֹ֔ר	l/559	HR/Vqc	10Rt6
18	12	29		שִׁמְרוּ	8104	HVqv2mp	10fKp
18	12	30		מִ֕י	4310	HTi	10Zcg
18	12	31		בַּ/נַּ֖עַר	b/5288	HRd/Ncmsa	10ySA
18	12	32		בְּ/אַבְשָׁלֽוֹם	b/53	HR/Np	10qsK
18	13	1		אֽוֹ	176 a	HC	10dUR
18	13	2		עָשִׂ֤יתִי	6213 a	HVqp1cs	10Xge
18	13	3	x-ketiv	ב/נפש/ו	b/5315	HR/Ncbsc/Sp3ms	10cxE
18	13	4		בְ/נַפְשִׁ/י֙	b/5315	HR/Ncbsc/Sp1cs	10NhT
18	13	5		שֶׁ֔קֶר	8267	HNcmsa	108rt
18	13	6		וְ/כָל	c/3605	HC/Ncmsc	10FSn
18	13	7		דָּבָ֖ר	1697	HNcmsa	10ABP
18	13	8		לֹא	3808	HTn	1075p
18	13	9		יִכָּחֵ֣ד	3582	HVNi3ms	10Zaf
18	13	10		מִן	4480 a	HR	10PSe
18	13	11		הַ/מֶּ֑לֶךְ	d/4428	HTd/Ncmsa	10xN1
18	13	12		וְ/אַתָּ֖ה	c/859 a	HC/Pp2ms	10Xkg
18	13	13		תִּתְיַצֵּ֥ב	3320	HVti2ms	10vQX
18	13	14		מִ/נֶּֽגֶד	m/5048	HR/R	10Vn9
18	14	1		וַ/יֹּ֣אמֶר	c/559	HC/Vqw3ms	10GiN
18	14	2		יוֹאָ֔ב	3097	HNp	10c4u
18	14	3		לֹא	3808	HTn	10ukD
18	14	4		כֵ֖ן	3651 c	HD	10Cqq
18	14	5		אֹחִ֣ילָה	3176	HVhi1cs	10GM2
18	14	6		לְ/פָנֶ֑י/ךָ	l/6440	HR/Ncbpc/Sp2ms	10Nac
18	14	7		וַ/יִּקַּח֩	c/3947	HC/Vqw3ms	107qo
18	14	8		שְׁלֹשָׁ֨ה	7969	HAcmsa	10htN
18	14	9		שְׁבָטִ֜ים	7626	HNcmpa	109N7
18	14	10		בְּ/כַפּ֗/וֹ	b/3709	HR/Ncfsc/Sp3ms	10vNp
18	14	11		וַ/יִּתְקָעֵ/ם֙	c/8628	HC/Vqw3ms/Sp3mp	10vJK
18	14	12		בְּ/לֵ֣ב	b/3820 a	HR/Ncmsc	10ZQ4
18	14	13		אַבְשָׁל֔וֹם	53	HNp	10Aoa
18	14	14		עוֹדֶ֥/נּוּ	5750	HD/Sp3ms	10g1p
18	14	15		חַ֖י	2416 a	HAamsa	10xBa
18	14	16		בְּ/לֵ֥ב	b/3820 a	HR/Ncmsc	10av2
18	14	17		הָ/אֵלָֽה	d/424	HTd/Ncfsa	10cwV
18	15	1		וַ/יָּסֹ֨בּוּ֙	c/5437	HC/Vqw3mp	10TAc
18	15	2		עֲשָׂרָ֣ה	6235	HAcmsa	10WW6
18	15	3		נְעָרִ֔ים	5288	HNcmpa	10hnS
18	15	4		נֹשְׂאֵ֖י	5375	HVqrmpc	10w1B
18	15	5		כְּלֵ֣י	3627	HNcmpc	10gSp
18	15	6		יוֹאָ֑ב	3097	HNp	10HpS
18	15	7		וַ/יַּכּ֥וּ	c/5221	HC/Vhw3mp	101h7
18	15	8		אֶת	853	HTo	10yT7
18	15	9		אַבְשָׁל֖וֹם	53	HNp	10YRx
18	15	10		וַ/יְמִיתֻֽ/הוּ	c/4191	HC/Vhw3mp/Sp3ms	10FHT
18	16	1		וַ/יִּתְקַ֤ע	c/8628	HC/Vqw3ms	10dPE
18	16	2		יוֹאָב֙	3097	HNp	10XrC
18	16	3		בַּ/שֹּׁפָ֔ר	b/7782	HRd/Ncmsa	10uiX
18	16	4		וַ/יָּ֣שָׁב	c/7725	HC/Vqw3ms	1025p
18	16	5		הָ/עָ֔ם	d/5971 a	HTd/Ncmsa	10HVF
18	16	6		מִ/רְדֹ֖ף	m/7291	HR/Vqc	10m2K
18	16	7		אַחֲרֵ֣י	310 a	HR	1067o
18	16	8		יִשְׂרָאֵ֑ל	3478	HNp	10njm
18	16	9		כִּֽי	3588 a	HC	10b7Q
18	16	10		חָשַׂ֥ךְ	2820	HVqp3ms	10SVW
18	16	11		יוֹאָ֖ב	3097	HNp	10ZYw
18	16	12		אֶת	853	HTo	109yq
18	16	13		הָ/עָֽם	d/5971 a	HTd/Ncmsa	10dWR
18	17	1		וַ/יִּקְח֣וּ	c/3947	HC/Vqw3mp	10hto
18	17	2		אֶת	853	HTo	10d9Z
18	17	3		אַבְשָׁל֗וֹם	53	HNp	10G9m
18	17	4		וַ/יַּשְׁלִ֨יכוּ	c/7993	HC/Vhw3mp	10io6
18	17	5		אֹת֤/וֹ	853	HTo/Sp3ms	10xWm
18	17	6		בַ/יַּ֨עַר֙	b/3293 a	HRd/Ncmsa	10dsU
18	17	7		אֶל	413	HR	10bYp
18	17	8		הַ/פַּ֣חַת	d/6354	HTd/Ncmsa	105Qo
18	17	9		הַ/גָּד֔וֹל	d/1419 a	HTd/Aamsa	10Ayf
18	17	10		וַ/יַּצִּ֧בוּ	c/5324	HC/Vhw3mp	10XSV
18	17	11		עָלָ֛י/ו	5921 a	HR/Sp3ms	10tA7
18	17	12		גַּל	1530	HNcmsc	108UE
18	17	13		אֲבָנִ֖ים	68	HNcfpa	10vD9
18	17	14		גָּד֣וֹל	1419 a	HAamsa	10c2q
18	17	15		מְאֹ֑ד	3966	HD	10ArC
18	17	16		וְ/כָל	c/3605	HC/Ncmsc	10L4t
18	17	17		יִשְׂרָאֵ֔ל	3478	HNp	10tBV
18	17	18		נָ֖סוּ	5127	HVqp3cp	10sP7
18	17	19		אִ֥ישׁ	376	HNcmsa	10HaF
18	17	20	x-ketiv	ל/אהל/ו	l/168	HR/Ncmsc/Sp3ms	10r1k
18	17	21		לְ/אֹהָלָֽי/ו	l/168	HR/Ncmsc/Sp3ms	10S4c
18	18	1		וְ/אַבְשָׁלֹ֣ם	c/53	HC/Np	10nw6
18	18	2		לָקַ֗ח	3947	HVqp3ms	10sz1
18	18	3		וַ/יַּצֶּב	c/5324	HC/Vhw3ms	10dYv
18	18	4		ל֤/וֹ	l	HR/Sp3ms	10geX
18	18	5	x-ketiv	ב/חי/ו	b/2416 e	HR/Ncmsc/Sp3ms	10CP6
18	18	6		בְ/חַיָּי/ו֙	b/2416 e	HR/Ncmpc/Sp3ms	10zkp
18	18	7		אֶת	853	HTo	10w5g
18	18	8		מַצֶּ֨בֶת֙	4678	HNcfsa	10xko
18	18	9		אֲשֶׁ֣ר	834 a	HTr	10Xb8
18	18	10		בְּ/עֵֽמֶק	b/6010	HR/Ncmsc	10vEK
18	18	11		הַ/מֶּ֔לֶךְ	d/4428	HTd/Ncmsa	10BUo
18	18	12		כִּ֤י	3588 a	HC	10Tkw
18	18	13		אָמַר֙	559	HVqp3ms	10mH6
18	18	14		אֵֽין	369	HTn	102dU
18	18	15		לִ֣/י	l	HR/Sp1cs	10Xtc
18	18	16		בֵ֔ן	1121 a	HNcmsa	10GjZ
18	18	17		בַּ/עֲב֖וּר	b/5668	HR/Ncmsc	10zYY
18	18	18		הַזְכִּ֣יר	2142	HVhc	10D36
18	18	19		שְׁמִ֑/י	8034	HNcmsc/Sp1cs	102Ri
18	18	20		וַ/יִּקְרָ֤א	c/7121	HC/Vqw3ms	10HWE
18	18	21		לַ/מַּצֶּ֨בֶת֙	l/4678	HRd/Ncfsa	10TXG
18	18	22		עַל	5921 a	HR	10z6T
18	18	23		שְׁמ֔/וֹ	8034	HNcmsc/Sp3ms	10CnF
18	18	24		וַ/יִּקָּ֤רֵא	c/7121	HC/VNw3ms	10yqC
18	18	25		לָ/הּ֙	l	HR/Sp3fs	10RVq
18	18	26		יַ֣ד	3027	HNcbsc	10SUy
18	18	27		אַבְשָׁלֹ֔ם	53	HNp	10Z4u
18	18	28		עַ֖ד	5704	HR	10zem
18	18	29		הַ/יּ֥וֹם	d/3117	HTd/Ncmsa	10ULr
18	18	30		הַ/זֶּֽה	d/2088	HTd/Pdxms	10RgZ
18	19	1		וַ/אֲחִימַ֤עַץ	c/290	HC/Np	10JuZ
18	19	2		בֶּן	1121 a	HNcmsc	10Cxh
18	19	3		צָדוֹק֙	6659	HNp	10sBP
18	19	4		אָמַ֔ר	559	HVqp3ms	10CNj
18	19	5		אָר֣וּצָה	7323	HVqh1cs	10X8a
18	19	6		נָּ֔א	4994	HTj	10N8o
18	19	7		וַ/אֲבַשְּׂרָ֖ה	c/1319	HC/Vph1cs	10x8G
18	19	8		אֶת	853	HTo	10PWT
18	19	9		הַ/מֶּ֑לֶךְ	d/4428	HTd/Ncmsa	10RGg
18	19	10		כִּי	3588 a	HC	10PN9
18	19	11		שְׁפָט֥/וֹ	8199	HVqp3ms/Sp3ms	10QQH
18	19	12		יְהוָ֖ה	3068	HNp	10Nk6
18	19	13		מִ/יַּ֥ד	m/3027	HR/Ncbsc	10bqe
18	19	14		אֹיְבָֽי/ו	341	HVqrmpc/Sp3ms	10Lo7
18	20	1		וַ/יֹּ֧אמֶר	c/559	HC/Vqw3ms	10XkF
18	20	2		ל֣/וֹ	l	HR/Sp3ms	10fzP
18	20	3		יוֹאָ֗ב	3097	HNp	10Se7
18	20	4		לֹא֩	3808	HTn	10xP3
18	20	5		אִ֨ישׁ	376	HNcmsc	10Hqs
18	20	6		בְּשֹׂרָ֤ה	1309	HNcfsa	10WCC
18	20	7		אַתָּה֙	859 a	HPp2ms	10MNb
18	20	8		הַ/יּ֣וֹם	d/3117	HTd/Ncmsa	10BW3
18	20	9		הַ/זֶּ֔ה	d/2088	HTd/Pdxms	10fHF
18	20	10		וּ/בִשַּׂרְתָּ֖	c/1319	HC/Vpq2ms	10RME
18	20	11		בְּ/י֣וֹם	b/3117	HR/Ncmsa	109JG
18	20	12		אַחֵ֑ר	312	HAamsa	10Gt3
18	20	13		וְ/הַ/יּ֤וֹם	c/d/3117	HC/Td/Ncmsa	10H48
18	20	14		הַ/זֶּה֙	d/2088	HTd/Pdxms	101jx
18	20	15		לֹ֣א	3808	HTn	10AkN
18	20	16		תְבַשֵּׂ֔ר	1319	HVpi2ms	1044o
18	20	17		כִּֽי	3588 c	HC	10FRQ
18	20	18	x-ketiv	על	5921 b	HR	10vJw
18	20	19		עַל	5921 b	HR	10HX9
18	20	20		כֵּ֥ן	3651 b	HTm	10SHe
18	20	21		בֶּן	1121 a	HNcmsc	10HRn
18	20	22		הַ/מֶּ֖לֶךְ	d/4428	HTd/Ncmsa	10pmD
18	20	23		מֵֽת	4191	HVqp3ms	103Kj
18	21	1		וַ/יֹּ֤אמֶר	c/559	HC/Vqw3ms	10YyV
18	21	2		יוֹאָב֙	3097	HNp	102m6
18	21	3		לַ/כּוּשִׁ֔י	l/3569	HRd/Ngmsa	10AHo
18	21	4		לֵ֛ךְ	3212	HVqv2ms	10PYm
18	21	5		הַגֵּ֥ד	5046	HVhv2ms	10CnX
18	21	6		לַ/מֶּ֖לֶךְ	l/4428	HRd/Ncmsa	10zv9
18	21	7		אֲשֶׁ֣ר	834 a	HTr	10UjU
18	21	8		רָאִ֑יתָה	7200	HVqp2ms	10XMJ
18	21	9		וַ/יִּשְׁתַּ֧חוּ	c/7812	HC/Vtw3ms	104cS
18	21	10		כוּשִׁ֛י	3569	HNgmsa	10Pez
18	21	11		לְ/יוֹאָ֖ב	l/3097	HR/Np	10Tmw
18	21	12		וַ/יָּרֹֽץ	c/7323	HC/Vqw3ms	10B17
18	22	1		וַ/יֹּ֨סֶף	c/3254	HC/Vhw3ms	10m7v
18	22	2		ע֜וֹד	5750	HD	10mbr
18	22	3		אֲחִימַ֤עַץ	290	HNp	10d8A
18	22	4		בֶּן	1121 a	HNcmsc	10LDp
18	22	5		צָדוֹק֙	6659	HNp	10EbD
18	22	6		וַ/יֹּ֣אמֶר	c/559	HC/Vqw3ms	10vmr
18	22	7		אֶל	413	HR	10gPA
18	22	8		יוֹאָ֔ב	3097	HNp	10yrj
18	22	9		וִ֣/יהִי	c/1961	HC/Vqj3ms	10rW3
18	22	10		מָ֔ה	4100	HTi	107nu
18	22	11		אָרֻֽצָה	7323	HVqh1cs	10GmY
18	22	12		נָּ֥א	4994	HTj	10V5Z
18	22	13		גַם	1571	HD	10Rks
18	22	14		אָ֖נִי	589	HPp1cs	10PFv
18	22	15		אַחֲרֵ֣י	310 a	HR	10YrJ
18	22	16		הַ/כּוּשִׁ֑י	d/3569	HTd/Ngmsa	10a9C
18	22	17		וַ/יֹּ֣אמֶר	c/559	HC/Vqw3ms	10y3g
18	22	18		יוֹאָ֗ב	3097	HNp	10N47
18	22	19		לָֽ/מָּה	l/4100	HR/Ti	10jS9
18	22	20		זֶּ֞ה	2088	HPdxms	108nc
18	22	21		אַתָּ֥ה	859 a	HPp2ms	10kG8
18	22	22		רָץ֙	7323	HVqrmsa	10tqG
18	22	23		בְּנִ֔/י	1121 a	HNcmsc/Sp1cs	109Yc
18	22	24		וּ/לְ/כָ֖ה	c/l	HC/R/Sp2ms	10DCA
18	22	25		אֵין	369	HTn	10znP
18	22	26		בְּשׂוֹרָ֥ה	1309	HNcfsa	10tys
18	22	27		מֹצֵֽאת	4672	HVqrfsa	10w77
18	23	1		וִ/יהִי	c/1961	HC/Vqj3ms	109HF
18	23	2		מָ֣ה	4100	HTi	10b78
18	23	3		אָר֔וּץ	7323	HVqi1cs	10eSY
18	23	4		וַ/יֹּ֥אמֶר	c/559	HC/Vqw3ms	10Q54
18	23	5		ל֖/וֹ	l	HR/Sp3ms	10eVt
18	23	6		ר֑וּץ	7323	HVqv2ms	107yH
18	23	7		וַ/יָּ֤רָץ	c/7323	HC/Vqw3ms	10th9
18	23	8		אֲחִימַ֨עַץ֙	290	HNp	106p7
18	23	9		דֶּ֣רֶךְ	1870	HNcbsc	10DuL
18	23	10		הַ/כִּכָּ֔ר	d/3603	HTd/Ncbsa	1069b
18	23	11		וַֽ/יַּעֲבֹ֖ר	c/5674 a	HC/Vqw3ms	10P68
18	23	12		אֶת	853	HTo	10bdj
18	23	13		הַ/כּוּשִֽׁי	d/3569	HTd/Ngmsa	10GT8
18	24	1		וְ/דָוִ֥ד	c/1732	HC/Np	10f7H
18	24	2		יוֹשֵׁ֖ב	3427	HVqrmsa	10o5p
18	24	3		בֵּין	996	HR	10Cxf
18	24	4		שְׁנֵ֣י	8147	HAcmdc	102gP
18	24	5		הַ/שְּׁעָרִ֑ים	d/8179	HTd/Ncmpa	101iN
18	24	6		וַ/יֵּ֨לֶךְ	c/3212	HC/Vqw3ms	10vsF
18	24	7		הַ/צֹּפֶ֜ה	d/6822	HTd/Vqrmsa	10KFH
18	24	8		אֶל	413	HR	108ey
18	24	9		גַּ֤ג	1406	HNcmsc	10m3Q
18	24	10		הַ/שַּׁ֨עַר֙	d/8179	HTd/Ncmsa	108Fp
18	24	11		אֶל	413	HR	10QVD
18	24	12		הַ֣/חוֹמָ֔ה	d/2346	HTd/Ncfsa	103Yr
18	24	13		וַ/יִּשָּׂ֤א	c/5375	HC/Vqw3ms	104rB
18	24	14		אֶת	853	HTo	107j5
18	24	15		עֵינָי/ו֙	5869 a	HNcbdc/Sp3ms	10vMk
18	24	16		וַ/יַּ֔רְא	c/7200	HC/Vqw3ms	10yXY
18	24	17		וְ/הִנֵּה	c/2009	HC/Tm	10TFT
18	24	18		אִ֖ישׁ	376	HNcmsa	109n8
18	24	19		רָ֥ץ	7323	HVqrmsa	105kG
18	24	20		לְ/בַדּֽ/וֹ	l/905	HR/Ncmsc/Sp3ms	10XLv
18	25	1		וַ/יִּקְרָ֤א	c/7121	HC/Vqw3ms	10SPD
18	25	2		הַ/צֹּפֶה֙	d/6822	HTd/Vqrmsa	101jw
18	25	3		וַ/יַּגֵּ֣ד	c/5046	HC/Vhw3ms	10j1A
18	25	4		לַ/מֶּ֔לֶךְ	l/4428	HRd/Ncmsa	10k9b
18	25	5		וַ/יֹּ֣אמֶר	c/559	HC/Vqw3ms	10xFg
18	25	6		הַ/מֶּ֔לֶךְ	d/4428	HTd/Ncmsa	10TPh
18	25	7		אִם	518 a	HC	10PzZ
18	25	8		לְ/בַדּ֖/וֹ	l/905	HR/Ncmsc/Sp3ms	10wVu
18	25	9		בְּשׂוֹרָ֣ה	1309	HNcfsa	10Y2m
18	25	10		בְּ/פִ֑י/ו	b/6310	HR/Ncmsc/Sp3ms	10vpr
18	25	11		וַ/יֵּ֥לֶךְ	c/3212	HC/Vqw3ms	10SwR
18	25	12		הָל֖וֹךְ	1980	HVqa	10DQF
18	25	13		וְ/קָרֵֽב	c/7131	HC/Aamsa	10m8G
18	26	1		וַ/יַּ֣רְא	c/7200	HC/Vqw3ms	10iFH
18	26	2		הַ/צֹּפֶה֮	d/6822	HTd/Vqrmsa	10UVR
18	26	3		אִישׁ	376	HNcmsa	10hK6
18	26	4		אַחֵ֣ר	312	HAamsa	10P5i
18	26	5		רָץ֒	7323	HVqrmsa	10Zuk
18	26	6		וַ/יִּקְרָ֤א	c/7121	HC/Vqw3ms	10Xpa
18	26	7		הַ/צֹּפֶה֙	d/6822	HTd/Vqrmsa	10F6v
18	26	8		אֶל	413	HR	10jek
18	26	9		הַ/שֹּׁעֵ֔ר	d/7778	HTd/Ncmsa	10NjL
18	26	10		וַ/יֹּ֕אמֶר	c/559	HC/Vqw3ms	10QhZ
18	26	11		הִנֵּה	2009	HTm	108Y2
18	26	12		אִ֖ישׁ	376	HNcmsa	10wSY
18	26	13		רָ֣ץ	7323	HVqrmsa	10sGn
18	26	14		לְ/בַדּ֑/וֹ	l/905	HR/Ncmsc/Sp3ms	10EVR
18	26	15		וַ/יֹּ֥אמֶר	c/559	HC/Vqw3ms	10xHF
18	26	16		הַ/מֶּ֖לֶךְ	d/4428	HTd/Ncmsa	10E6X
18	26	17		גַּם	1571	HTa	10CmY
18	26	18		זֶ֥ה	2088	HPdxms	10zBD
18	26	19		מְבַשֵּֽׂר	1319	HVprmsa	10H4G
18	27	1		וַ/יֹּ֨אמֶר֙	c/559	HC/Vqw3ms	10gFy
18	27	2		הַ/צֹּפֶ֔ה	d/6822	HTd/Vqrmsa	10111
18	27	3		אֲנִ֤י	589	HPp1cs	10Tu3
18	27	4		רֹאֶה֙	7200	HVqrmsa	10otC
18	27	5		אֶת	853	HTo	10YDM
18	27	6		מְרוּצַ֣ת	4794	HNcfsc	10ru7
18	27	7		הָ/רִאשׁ֔וֹן	d/7223	HTd/Aomsa	10rHU
18	27	8		כִּ/מְרֻצַ֖ת	k/4794	HR/Ncfsc	10t3d
18	27	9		אֲחִימַ֣עַץ	290	HNp	10k6B
18	27	10		בֶּן	1121 a	HNcmsc	1072o
18	27	11		צָד֑וֹק	6659	HNp	10eAa
18	27	12		וַ/יֹּ֤אמֶר	c/559	HC/Vqw3ms	10RTe
18	27	13		הַ/מֶּ֨לֶךְ֙	d/4428	HTd/Ncmsa	103Ca
18	27	14		אִֽישׁ	376	HNcmsa	10zDb
18	27	15		ט֣וֹב	2896 a	HAamsa	10qQV
18	27	16		זֶ֔ה	2088	HPdxms	10V8A
18	27	17		וְ/אֶל	c/413	HC/R	108Z7
18	27	18		בְּשׂוֹרָ֥ה	1309	HNcfsa	10UPz
18	27	19		טוֹבָ֖ה	2896 a	HAafsa	10x31
18	27	20		יָבֽוֹא	935	HVqi3ms	105NB
18	28	1		וַ/יִּקְרָ֣א	c/7121	HC/Vqw3ms	10pyv
18	28	2		אֲחִימַ֗עַץ	290	HNp	10tbn
18	28	3		וַ/יֹּ֤אמֶר	c/559	HC/Vqw3ms	10eu1
18	28	4		אֶל	413	HR	108af
18	28	5		הַ/מֶּ֨לֶךְ֙	d/4428	HTd/Ncmsa	10Bpw
18	28	6		שָׁל֔וֹם	7965	HNcmsa	103Hw
18	28	7		וַ/יִּשְׁתַּ֧חוּ	c/7812	HC/Vtw3ms	10mhm
18	28	8		לַ/מֶּ֛לֶךְ	l/4428	HRd/Ncmsa	10W2d
18	28	9		לְ/אַפָּ֖י/ו	l/639	HR/Ncmdc/Sp3ms	103Mv
18	28	10		אָ֑רְצָ/ה	776	HNcbsa/Sd	10aJE
18	28	11		וַ/יֹּ֗אמֶר	c/559	HC/Vqw3ms	10HVc
18	28	12		בָּרוּךְ֙	1288	HVqsmsa	10zeo
18	28	13		יְהוָ֣ה	3068	HNp	10Enp
18	28	14		אֱלֹהֶ֔י/ךָ	430	HNcmpc/Sp2ms	10kf1
18	28	15		אֲשֶׁ֤ר	834 a	HTr	10ZPC
18	28	16		סִגַּר֙	5462	HVpp3ms	10qxU
18	28	17		אֶת	853	HTo	10Pgi
18	28	18		הָ֣/אֲנָשִׁ֔ים	d/376	HTd/Ncmpa	10MkP
18	28	19		אֲשֶׁר	834 a	HTr	105hP
18	28	20		נָשְׂא֥וּ	5375	HVqp3cp	10zD4
18	28	21		אֶת	853	HTo	10KEB
18	28	22		יָדָ֖/ם	3027	HNcbsc/Sp3mp	10cZY
18	28	23		בַּֽ/אדֹנִ֥/י	b/113	HR/Ncmsc/Sp1cs	1022d
18	28	24		הַ/מֶּֽלֶךְ	d/4428	HTd/Ncmsa	10CRW
18	29	1		וַ/יֹּ֣אמֶר	c/559	HC/Vqw3ms	10wv6
18	29	2		הַ/מֶּ֔לֶךְ	d/4428	HTd/Ncmsa	10GZn
18	29	3		שָׁל֥וֹם	7965	HNcmsa	10Jwq
18	29	4		לַ/נַּ֖עַר	l/5288	HRd/Ncmsa	10wkd
18	29	5		לְ/אַבְשָׁל֑וֹם	l/53	HR/Np	10eKd
18	29	6		וַ/יֹּ֣אמֶר	c/559	HC/Vqw3ms	10goP
18	29	7		אֲחִימַ֡עַץ	290	HNp	102Lj
18	29	8		רָאִיתִי֩	7200	HVqp1cs	10H2i
18	29	9		הֶ/הָמ֨וֹן	d/1995 a	HTd/Ncmsa	10iMH
18	29	10		הַ/גָּד֜וֹל	d/1419 a	HTd/Aamsa	10SHu
18	29	11		לִ֠/שְׁלֹחַ	l/7971	HR/Vqc	10xJc
18	29	12		אֶת	853	HTo	10zu3
18	29	13		עֶ֨בֶד	5650	HNcmsc	10srN
18	29	14		הַ/מֶּ֤לֶךְ	d/4428	HTd/Ncmsa	10cPD
18	29	15		יוֹאָב֙	3097	HNp	10rfv
18	29	16		וְ/אֶת	c/853	HC/To	10HSf
18	29	17		עַבְדֶּ֔/ךָ	5650	HNcmsc/Sp2ms	10dMJ
18	29	18		וְ/לֹ֥א	c/3808	HC/Tn	10Q3W
18	29	19		יָדַ֖עְתִּי	3045	HVqp1cs	109nC
18	29	20		מָֽה	4100	HTi	10Es7
18	30	1		וַ/יֹּ֣אמֶר	c/559	HC/Vqw3ms	10WgU
18	30	2		הַ/מֶּ֔לֶךְ	d/4428	HTd/Ncmsa	10y3p
18	30	3		סֹ֖ב	5437	HVqv2ms	10Um9
18	30	4		הִתְיַצֵּ֣ב	3320	HVtv2ms	10r8S
18	30	5		כֹּ֑ה	3541	HD	10XS1
18	30	6		וַ/יִּסֹּ֖ב	c/5437	HC/Vqw3ms	10HHu
18	30	7		וַֽ/יַּעֲמֹֽד	c/5975	HC/Vqw3ms	1034B
18	31	1		וְ/הִנֵּ֥ה	c/2009	HC/Tm	10tQL
18	31	2		הַ/כּוּשִׁ֖י	d/3569	HTd/Ngmsa	10qz3
18	31	3		בָּ֑א	935	HVqp3ms	10PBZ
18	31	4		וַ/יֹּ֣אמֶר	c/559	HC/Vqw3ms	10JhC
18	31	5		הַ/כּוּשִׁ֗י	d/3569	HTd/Ngmsa	1057q
18	31	6		יִתְבַּשֵּׂר֙	1319	HVti3ms	10tgx
18	31	7		אֲדֹנִ֣/י	113	HNcmsc/Sp1cs	10b5Z
18	31	8		הַ/מֶּ֔לֶךְ	d/4428	HTd/Ncmsa	10gH8
18	31	9		כִּֽי	3588 a	HC	10ktM
18	31	10		שְׁפָטְ/ךָ֤	8199	HVqp3ms/Sp2ms	10tnx
18	31	11		יְהוָה֙	3068	HNp	10Eje
18	31	12		הַ/יּ֔וֹם	d/3117	HTd/Ncmsa	104XJ
18	31	13		מִ/יַּ֖ד	m/3027	HR/Ncbsc	10Zod
18	31	14		כָּל	3605	HNcmsc	10HWG
18	31	15		הַ/קָּמִ֥ים	d/6965 b	HTd/Vqrmpa	10Kq8
18	31	16		עָלֶֽי/ךָ	5921 a	HR/Sp2ms	10HEQ
18	32	1		וַ/יֹּ֤אמֶר	c/559	HC/Vqw3ms	10Zrg
18	32	2		הַ/מֶּ֨לֶךְ֙	d/4428	HTd/Ncmsa	10Jb7
18	32	3		אֶל	413	HR	10gGi
18	32	4		הַ/כּוּשִׁ֔י	d/3569	HTd/Ngmsa	10ETT
18	32	5		הֲ/שָׁל֥וֹם	i/7965	HTi/Ncmsa	10uax
18	32	6		לַ/נַּ֖עַר	l/5288	HRd/Ncmsa	10gN6
18	32	7		לְ/אַבְשָׁל֑וֹם	l/53	HR/Np	10Jyu
18	32	8		וַ/יֹּ֣אמֶר	c/559	HC/Vqw3ms	10RyA
18	32	9		הַ/כּוּשִׁ֗י	d/3569	HTd/Ngmsa	10UFq
18	32	10		יִהְי֤וּ	1961	HVqj3mp	10LyZ
18	32	11		כַ/נַּ֨עַר֙	k/5288	HRd/Ncmsa	10E3h
18	32	12		אֹֽיְבֵי֙	341	HVqrmpc	1063g
18	32	13		אֲדֹנִ֣/י	113	HNcmsc/Sp1cs	10ST5
18	32	14		הַ/מֶּ֔לֶךְ	d/4428	HTd/Ncmsa	10tJf
18	32	15		וְ/כֹ֛ל	c/3605	HC/Ncmsa	108fM
18	32	16		אֲשֶׁר	834 a	HTr	10QTt
18	32	17		קָ֥מוּ	6965 b	HVqp3cp	102C1
18	32	18		עָלֶ֖י/ךָ	5921 a	HR/Sp2ms	10o84
18	32	19		לְ/רָעָֽה	l/7451 c	HR/Ncfsa	10f8Y
19	1	1		וַ/יִּרְגַּ֣ז	c/7264	HC/Vqw3ms	10Nun
19	1	2		הַ/מֶּ֗לֶךְ	d/4428	HTd/Ncmsa	109u1
19	1	3		וַ/יַּ֛עַל	c/5927	HC/Vqw3ms	10xHm
19	1	4		עַל	5921 a	HR	10otK
19	1	5		עֲלִיַּ֥ת	5944	HNcfsc	10syA
19	1	6		הַ/שַּׁ֖עַר	d/8179	HTd/Ncmsa	10dfy
19	1	7		וַ/יֵּ֑בְךְּ	c/1058	HC/Vqw3ms	10Wm4
19	1	8		וְ/כֹ֣ה	c/3541	HC/D	10g9f
19	1	9		אָמַ֣ר	559	HVqp3ms	10f8Q
19	1	10		בְּ/לֶכְתּ֗/וֹ	b/3212	HR/Vqc/Sp3ms	10fFA
19	1	11		בְּנִ֤/י	1121 a	HNcmsc/Sp1cs	102XW
19	1	12		אַבְשָׁלוֹם֙	53	HNp	10QWt
19	1	13		בְּנִ֣/י	1121 a	HNcmsc/Sp1cs	10Qzv
19	1	14		בְנִ֣/י	1121 a	HNcmsc/Sp1cs	10buk
19	1	15		אַבְשָׁל֔וֹם	53	HNp	10qeo
19	1	16		מִֽי	4310	HTi	10ZHC
19	1	17		יִתֵּ֤ן	5414	HVqi3ms	10fDd
19	1	18		מוּתִ/י֙	4191	HVqc/Sp1cs	10318
19	1	19		אֲנִ֣י	589	HPp1cs	10jLb
19	1	20		תַחְתֶּ֔י/ךָ	8478	HR/Sp2ms	10nNQ
19	1	21		אַבְשָׁל֖וֹם	53	HNp	10BXH
19	1	22		בְּנִ֥/י	1121 a	HNcmsc/Sp1cs	10ZqU
19	1	23		בְנִֽ/י	1121 a	HNcmsc/Sp1cs	10nj3
19	2	1		וַ/יֻּגַּ֖ד	c/5046	HC/VHw3ms	10FvS
19	2	2		לְ/יוֹאָ֑ב	l/3097	HR/Np	10xim
19	2	3		הִנֵּ֨ה	2009	HTm	10akA
19	2	4		הַ/מֶּ֧לֶךְ	d/4428	HTd/Ncmsa	10gKu
19	2	5		בֹּכֶ֛ה	1058	HVqrmsa	10TzQ
19	2	6		וַ/יִּתְאַבֵּ֖ל	c/56	HC/Vtw3ms	101UE
19	2	7		עַל	5921 a	HR	10kxv
19	2	8		אַבְשָׁלֹֽם	53	HNp	10UMS
19	3	1		וַ/תְּהִ֨י	c/1961	HC/Vqw3fs	107xb
19	3	2		הַ/תְּשֻׁעָ֜ה	d/8668	HTd/Ncfsa	10sKH
19	3	3		בַּ/יּ֥וֹם	b/3117	HRd/Ncmsa	10tFA
19	3	4		הַ/ה֛וּא	d/1931	HTd/Pp3ms	10Mpf
19	3	5		לְ/אֵ֖בֶל	l/60	HR/Ncmsa	10Ceq
19	3	6		לְ/כָל	l/3605	HR/Ncmsc	104dQ
19	3	7		הָ/עָ֑ם	d/5971 a	HTd/Ncmsa	10GWt
19	3	8		כִּֽי	3588 a	HC	10NBj
19	3	9		שָׁמַ֣ע	8085	HVqp3ms	10rsf
19	3	10		הָ/עָ֗ם	d/5971 a	HTd/Ncmsa	10z6Y
19	3	11		בַּ/יּ֤וֹם	b/3117	HRd/Ncmsa	10ySf
19	3	12		הַ/הוּא֙	d/1931	HTd/Pp3ms	10j6t
19	3	13		לֵ/אמֹ֔ר	l/559	HR/Vqc	10LMf
19	3	14		נֶעֱצַ֥ב	6087 a	HVNp3ms	10siY
19	3	15		הַ/מֶּ֖לֶךְ	d/4428	HTd/Ncmsa	10c4n
19	3	16		עַל	5921 a	HR	10emA
19	3	17		בְּנֽ/וֹ	1121 a	HNcmsc/Sp3ms	10WwD
19	4	1		וַ/יִּתְגַּנֵּ֥ב	c/1589	HC/Vtw3ms	10Tfb
19	4	2		הָ/עָ֛ם	d/5971 a	HTd/Ncmsa	1058Y
19	4	3		בַּ/יּ֥וֹם	b/3117	HRd/Ncmsa	101kr
19	4	4		הַ/ה֖וּא	d/1931	HTd/Pp3ms	10yuD
19	4	5		לָ/ב֣וֹא	l/935	HR/Vqc	10yRp
19	4	6		הָ/עִ֑יר	d/5892 b	HTd/Ncfsa	10qob
19	4	7		כַּ/אֲשֶׁ֣ר	k/834 d	HR/Tr	10DQR
19	4	8		יִתְגַּנֵּ֗ב	1589	HVti3ms	10gtv
19	4	9		הָ/עָם֙	d/5971 a	HTd/Ncmsa	10nHJ
19	4	10		הַ/נִּכְלָמִ֔ים	d/3637	HR/VNsmpa	108D6
19	4	11		בְּ/נוּסָ֖/ם	b/5127	HR/Vqc/Sp3mp	10LCy
19	4	12		בַּ/מִּלְחָמָֽה	b/4421	HRd/Ncfsa	10KvZ
19	5	1		וְ/הַ/מֶּ֨לֶךְ֙	c/d/4428	HC/Td/Ncmsa	1036n
19	5	2		לָאַ֣ט	3813	HVqp3ms	105Yk
19	5	3		אֶת	853	HTo	106As
19	5	4		פָּנָ֔י/ו	6440	HNcbpc/Sp3ms	10egP
19	5	5		וַ/יִּזְעַ֥ק	c/2199	HC/Vqw3ms	10NbF
19	5	6		הַ/מֶּ֖לֶךְ	d/4428	HTd/Ncmsa	10krR
19	5	7		ק֣וֹל	6963 a	HNcmsa	10Mee
19	5	8		גָּד֑וֹל	1419 a	HAamsa	10VBQ
19	5	9		בְּנִ/י֙	1121 a	HNcmsc/Sp1cs	10yb7
19	5	10		אַבְשָׁל֔וֹם	53	HNp	10qX2
19	5	11		אַבְשָׁל֖וֹם	53	HNp	10ePf
19	5	12		בְּנִ֥/י	1121 a	HNcmsc/Sp1cs	10yfj
19	5	13		בְנִֽ/י	1121 a	HNcmsc/Sp1cs	10YM9
19	6	1		וַ/יָּבֹ֥א	c/935	HC/Vqw3ms	10R56
19	6	2		יוֹאָ֛ב	3097	HNp	10wHB
19	6	3		אֶל	413	HR	10qAN
19	6	4		הַ/מֶּ֖לֶךְ	d/4428	HTd/Ncmsa	10KVq
19	6	5		הַ/בָּ֑יִת	d/1004 b	HTd/Ncmsa	10S4L
19	6	6		וַ/יֹּאמֶר֩	c/559	HC/Vqw3ms	10rwC
19	6	7		הֹבַ֨שְׁתָּ	3001	HVhp2ms	10MHW
19	6	8		הַ/יּ֜וֹם	d/3117	HTd/Ncmsa	106Qv
19	6	9		אֶת	853	HTo	10pjb
19	6	10		פְּנֵ֣י	6440	HNcbpc	10Jy1
19	6	11		כָל	3605	HNcmsc	10eQ5
19	6	12		עֲבָדֶ֗י/ךָ	5650	HNcmpc/Sp2ms	10jEY
19	6	13		הַֽ/מְמַלְּטִ֤ים	d/4422	HTd/Vprmpa	10ew3
19	6	14		אֶֽת	853	HTo	10y2D
19	6	15		נַפְשְׁ/ךָ֙	5315	HNcbsc/Sp2ms	10T4z
19	6	16		הַ/יּ֔וֹם	d/3117	HTd/Ncmsa	10Q7m
19	6	17		וְ/אֵ֨ת	c/853	HC/To	10E1U
19	6	18		נֶ֤פֶשׁ	5315	HNcbsc	10kbD
19	6	19		בָּנֶ֨י/ךָ֙	1121 a	HNcmpc/Sp2ms	108qD
19	6	20		וּ/בְנֹתֶ֔י/ךָ	c/1323	HC/Ncfpc/Sp2ms	10Zxt
19	6	21		וְ/נֶ֣פֶשׁ	c/5315	HC/Ncbsc	10uHA
19	6	22		נָשֶׁ֔י/ךָ	802	HNcfpc/Sp2ms	102kF
19	6	23		וְ/נֶ֖פֶשׁ	c/5315	HC/Ncbsc	10mSY
19	6	24		פִּלַגְשֶֽׁי/ךָ	6370	HNcfpc/Sp2ms	102Fo
19	7	1		לְ/אַֽהֲבָה֙	l/157	HR/Vqc	10ac8
19	7	2		אֶת	853	HTo	1052Z
19	7	3		שֹׂ֣נְאֶ֔י/ךָ	8130	HVqrmpc/Sp2ms	10UX4
19	7	4		וְ/לִ/שְׂנֹ֖א	c/l/8130	HC/R/Vqc	10EnX
19	7	5		אֶת	853	HTo	10NXR
19	7	6		אֹהֲבֶ֑י/ךָ	157	HVqrmpc/Sp2ms	1025M
19	7	7		כִּ֣י	3588 a	HC	10YtX
19	7	8		הִגַּ֣דְתָּ	5046	HVhp2ms	10DG3
19	7	9		הַ/יּ֗וֹם	d/3117	HTd/Ncmsa	10cWY
19	7	10		כִּ֣י	3588 a	HC	10yj6
19	7	11		אֵ֤ין	369	HTn	10hqz
19	7	12		לְ/ךָ֙	l	HR/Sp2ms	10x8M
19	7	13		שָׂרִ֣ים	8269	HNcmpa	10Vk7
19	7	14		וַ/עֲבָדִ֔ים	c/5650	HC/Ncmpa	10JRg
19	7	15		כִּ֣י	3588 a	HC	10CgK
19	7	16		יָדַ֣עְתִּי	3045	HVqp1cs	10G3o
19	7	17		הַ/יּ֗וֹם	d/3117	HTd/Ncmsa	105n7
19	7	18		כִּ֠י	3588 a	HC	10fm1
19	7	19	x-ketiv	לא	3863	HTn	10Vwa
19	7	20		ל֣וּ	3863	HC	10FK5
19	7	21		אַבְשָׁל֥וֹם	53	HNp	10ZFM
19	7	22		חַי֙	2416 a	HAamsa	108dM
19	7	23		וְ/כֻלָּ֤/נוּ	c/3605	HC/Ncmsc/Sp1cp	10rPP
19	7	24		הַ/יּוֹם֙	d/3117	HTd/Ncmsa	10d5t
19	7	25		מֵתִ֔ים	4191	HVqrmpa	10eig
19	7	26		כִּי	3588 a	HC	10yZT
19	7	27		אָ֖ז	227 a	HD	10jXo
19	7	28		יָשָׁ֥ר	3477	HAamsa	10e9S
19	7	29		בְּ/עֵינֶֽי/ךָ	b/5869 a	HR/Ncbdc/Sp2ms	10Gak
19	8	1		וְ/עַתָּה֙	c/6258	HC/D	10BhZ
19	8	2		ק֣וּם	6965 b	HVqv2ms	10D7r
19	8	3		צֵ֔א	3318	HVqv2ms	10QUi
19	8	4		וְ/דַבֵּ֖ר	c/1696	HC/Vpv2ms	10Zjd
19	8	5		עַל	5921 a	HR	106hx
19	8	6		לֵ֣ב	3820 a	HNcmsc	103oP
19	8	7		עֲבָדֶ֑י/ךָ	5650	HNcmpc/Sp2ms	10ZFG
19	8	8		כִּי֩	3588 a	HC	10AVy
19	8	9		בַ/יהוָ֨ה	b/3068	HR/Np	10isj
19	8	10		נִשְׁבַּ֜עְתִּי	7650	HVNp1cs	10fLM
19	8	11		כִּי	3588 a	HC	10Pwu
19	8	12		אֵינְ/ךָ֣	369	HTn/Sp2ms	10oJA
19	8	13		יוֹצֵ֗א	3318	HVqrmsa	10RZU
19	8	14		אִם	518 a	HC	10APK
19	8	15		יָלִ֨ין	3885 a	HVqi3ms	106iD
19	8	16		אִ֤ישׁ	376	HNcmsa	103AW
19	8	17		אִתְּ/ךָ֙	854	HR/Sp2ms	10WiP
19	8	18		הַ/לַּ֔יְלָה	d/3915	HTd/Ncmsa	10RPe
19	8	19		וְ/רָעָ֧ה	c/7489 a	HC/Vqq3fs	101Rt
19	8	20		לְ/ךָ֣	l	HR/Sp2ms	107PY
19	8	21		זֹ֗את	2063	HPdxfs	10gp2
19	8	22		מִ/כָּל	m/3605	HR/Ncmsc	10kRK
19	8	23		הָ/רָעָה֙	d/7451 a	HTd/Ncfsa	10z8t
19	8	24		אֲשֶׁר	834 a	HTr	10DXo
19	8	25		בָּ֣אָה	935	HVqp3fs	10kTz
19	8	26		עָלֶ֔י/ךָ	5921 a	HR/Sp2ms	10zyZ
19	8	27		מִ/נְּעֻרֶ֖י/ךָ	m/5271 a	HR/Ncbpc/Sp2ms	108Ge
19	8	28		עַד	5704	HR	10uzy
19	8	29		עָֽתָּה	6258	HD	107TQ
19	9	1		וַ/יָּ֥קָם	c/6965 b	HC/Vqw3ms	10gzf
19	9	2		הַ/מֶּ֖לֶךְ	d/4428	HTd/Ncmsa	10xP8
19	9	3		וַ/יֵּ֣שֶׁב	c/3427	HC/Vqw3ms	10d3M
19	9	4		בַּ/שָּׁ֑עַר	b/8179	HRd/Ncmsa	10wz6
19	9	5		וּֽ/לְ/כָל	c/l/3605	HC/R/Ncmsc	10BnH
19	9	6		הָ/עָ֞ם	d/5971 a	HTd/Ncmsa	10Sc6
19	9	7		הִגִּ֣ידוּ	5046	HVhp3cp	10Qvj
19	9	8		לֵ/אמֹ֗ר	l/559	HR/Vqc	10e1v
19	9	9		הִנֵּ֤ה	2009	HTm	10yKb
19	9	10		הַ/מֶּ֨לֶךְ֙	d/4428	HTd/Ncmsa	10wjA
19	9	11		יוֹשֵׁ֣ב	3427	HVqrmsa	10CZm
19	9	12		בַּ/שַּׁ֔עַר	b/8179	HRd/Ncmsa	10RaU
19	9	13		וַ/יָּבֹ֤א	c/935	HC/Vqw3ms	10wXH
19	9	14		כָל	3605	HNcmsc	10ixz
19	9	15		הָ/עָם֙	d/5971 a	HTd/Ncmsa	109hY
19	9	16		לִ/פְנֵ֣י	l/6440	HR/Ncbpc	10Lhc
19	9	17		הַ/מֶּ֔לֶךְ	d/4428	HTd/Ncmsa	10vCf
19	9	18		וְ/יִשְׂרָאֵ֔ל	c/3478	HC/Np	10SiU
19	9	19		נָ֖ס	5127	HVqp3ms	10bU3
19	9	20		אִ֥ישׁ	376	HNcmsa	10JaA
19	9	21		לְ/אֹהָלָֽי/ו	l/168	HR/Ncmpc/Sp3ms	101ae
19	10	1		וַ/יְהִ֤י	c/1961	HC/Vqw3ms	10ubD
19	10	2		כָל	3605	HNcmsc	10kzF
19	10	3		הָ/עָם֙	d/5971 a	HTd/Ncmsa	10aBg
19	10	4		נָד֔וֹן	1777	HVNrmsa	10R3u
19	10	5		בְּ/כָל	b/3605	HR/Ncmsc	10KmF
19	10	6		שִׁבְטֵ֥י	7626	HNcmpc	10gPB
19	10	7		יִשְׂרָאֵ֖ל	3478	HNp	10GJ8
19	10	8		לֵ/אמֹ֑ר	l/559	HR/Vqc	10gum
19	10	9		הַ/מֶּ֜לֶךְ	d/4428	HTd/Ncmsa	109V4
19	10	10		הִצִּילָ֣/נוּ	5337	HVhp3ms/Sp1cp	10WkP
19	10	11		מִ/כַּ֣ף	m/3709	HR/Ncfsc	106SH
19	10	12		אֹיְבֵ֗י/נוּ	341	HVqrmpc/Sp1cp	10iNA
19	10	13		וְ/ה֤וּא	c/1931	HC/Pp3ms	10zke
19	10	14		מִלְּטָ֨/נוּ֙	4422	HVpp3ms/Sp1cp	10KMi
19	10	15		מִ/כַּ֣ף	m/3709	HR/Ncfsc	101aB
19	10	16		פְּלִשְׁתִּ֔ים	6430	HNgmpa	10xtz
19	10	17		וְ/עַתָּ֛ה	c/6258	HC/D	10ZPR
19	10	18		בָּרַ֥ח	1272	HVqp3ms	10eLB
19	10	19		מִן	4480 a	HR	108iz
19	10	20		הָ/אָ֖רֶץ	d/776	HTd/Ncbsa	10hdN
19	10	21		מֵ/עַ֥ל	m/5921 a	HR/R	10YSj
19	10	22		אַבְשָׁלֽוֹם	53	HNp	10x1r
19	11	1		וְ/אַבְשָׁלוֹם֙	c/53	HC/Np	10uoq
19	11	2		אֲשֶׁ֣ר	834 a	HTr	10Fee
19	11	3		מָשַׁ֣חְנוּ	4886	HVqp1cp	10WAp
19	11	4		עָלֵ֔י/נוּ	5921 a	HR/Sp1cp	10YL7
19	11	5		מֵ֖ת	4191	HVqp3ms	10fvw
19	11	6		בַּ/מִּלְחָמָ֑ה	b/4421	HRd/Ncfsa	10tJb
19	11	7		וְ/עַתָּ֗ה	c/6258	HC/D	10qHY
19	11	8		לָ/מָ֥ה	l/4100	HR/Ti	10kgH
19	11	9		אַתֶּ֛ם	859 d	HPp2mp	10fN2
19	11	10		מַחֲרִשִׁ֖ים	2790 b	HVhrmpa	10Tmv
19	11	11		לְ/הָשִׁ֥יב	l/7725	HR/Vhc	104gc
19	11	12		אֶת	853	HTo	10ay9
19	11	13		הַ/מֶּֽלֶךְ	d/4428	HTd/Ncmsa	10RHm
19	12	1		וְ/הַ/מֶּ֣לֶךְ	c/d/4428	HC/Td/Ncmsa	10EWb
19	12	2		דָּוִ֗ד	1732	HNp	10R77
19	12	3		שָׁ֠לַח	7971	HVqp3ms	10rin
19	12	4		אֶל	413	HR	10kCJ
19	12	5		צָד֨וֹק	6659	HNp	10b5f
19	12	6		וְ/אֶל	c/413	HC/R	101nK
19	12	7		אֶבְיָתָ֥ר	54	HNp	10UFD
19	12	8		הַ/כֹּהֲנִים֮	d/3548	HTd/Ncmpa	10atM
19	12	9		לֵ/אמֹר֒	l/559	HR/Vqc	10uGu
19	12	10		דַּבְּר֞וּ	1696	HVpv2mp	10dRu
19	12	11		אֶל	413	HR	10QWF
19	12	12		זִקְנֵ֤י	2205	HAampc	102qL
19	12	13		יְהוּדָה֙	3063	HNp	10MLC
19	12	14		לֵ/אמֹ֔ר	l/559	HR/Vqc	10pwa
19	12	15		לָ֤/מָּה	l/4100	HR/Ti	10VCM
19	12	16		תִֽהְיוּ֙	1961	HVqi2mp	10wd2
19	12	17		אַֽחֲרֹנִ֔ים	314	HAampa	10w5p
19	12	18		לְ/הָשִׁ֥יב	l/7725	HR/Vhc	10ggE
19	12	19		אֶת	853	HTo	10iH4
19	12	20		הַ/מֶּ֖לֶךְ	d/4428	HTd/Ncmsa	106kT
19	12	21		אֶל	413	HR	10qxT
19	12	22		בֵּית֑/וֹ	1004 b	HNcmsc/Sp3ms	105Zi
19	12	23		וּ/דְבַר֙	c/1697	HC/Ncmsc	10j2Z
19	12	24		כָּל	3605	HNcmsc	10si1
19	12	25		יִשְׂרָאֵ֔ל	3478	HNp	105mE
19	12	26		בָּ֥א	935	HVqp3ms	10NUe
19	12	27		אֶל	413	HR	10YnH
19	12	28		הַ/מֶּ֖לֶךְ	d/4428	HTd/Ncmsa	10mvF
19	12	29		אֶל	413	HR	10gWv
19	12	30		בֵּיתֽ/וֹ	1004 b	HNcmsc/Sp3ms	10Pco
19	13	1		אַחַ֣/י	251	HNcmpc/Sp1cs	10bxG
19	13	2		אַתֶּ֔ם	859 d	HPp2mp	109Ks
19	13	3		עַצְמִ֥/י	6106	HNcfsc/Sp1cs	10jNp
19	13	4		וּ/בְשָׂרִ֖/י	c/1320	HC/Ncmsc/Sp1cs	10Cs2
19	13	5		אַתֶּ֑ם	859 d	HPp2mp	10QCd
19	13	6		וְ/לָ֧/מָּה	c/l/4100	HC/R/Ti	10ipi
19	13	7		תִהְי֛וּ	1961	HVqi2mp	10p7W
19	13	8		אַחֲרֹנִ֖ים	314	HAampa	10Rpq
19	13	9		לְ/הָשִׁ֥יב	l/7725	HR/Vhc	10NFY
19	13	10		אֶת	853	HTo	10hGE
19	13	11		הַ/מֶּֽלֶךְ	d/4428	HTd/Ncmsa	103dF
19	14	1		וְ/לַֽ/עֲמָשָׂא֙	c/l/6021	HC/R/Np	10ACo
19	14	2		תֹּֽמְר֔וּ	559	HVqi2mp	10zvW
19	14	3		הֲ/ל֛וֹא	i/3808	HTi/Tn	10UPx
19	14	4		עַצְמִ֥/י	6106	HNcfsc/Sp1cs	1024M
19	14	5		וּ/בְשָׂרִ֖/י	c/1320	HC/Ncmsc/Sp1cs	10bRo
19	14	6		אָ֑תָּה	859 a	HPp2ms	10V6f
19	14	7		כֹּ֣ה	3541	HD	10RjS
19	14	8		יַֽעֲשֶׂה	6213 a	HVqj3ms	109dt
19	14	9		לִּ֤/י	l	HR/Sp1cs	10V52
19	14	10		אֱלֹהִים֙	430	HNcmpa	103Tm
19	14	11		וְ/כֹ֣ה	c/3541	HC/D	10JSL
19	14	12		יוֹסִ֔יף	3254	HVhj3ms	10qWL
19	14	13		אִם	518 a	HC	10DWU
19	14	14		לֹ֠א	3808	HTn	10d1L
19	14	15		שַׂר	8269	HNcmsc	10e96
19	14	16		צָבָ֞א	6635 a	HNcbsa	10Ci6
19	14	17		תִּהְיֶ֧ה	1961	HVqi2ms	10ixh
19	14	18		לְ/פָנַ֛/י	l/6440	HR/Ncbpc/Sp1cs	1022x
19	14	19		כָּל	3605	HNcmsc	10ogz
19	14	20		הַ/יָּמִ֖ים	d/3117	HTd/Ncmpa	10z7X
19	14	21		תַּ֥חַת	8478	HR	10MjR
19	14	22		יוֹאָֽב	3097	HNp	10Tk7
19	15	1		וַ/יַּ֛ט	c/5186	HC/Vhw3ms	10ZGJ
19	15	2		אֶת	853	HTo	10apP
19	15	3		לְבַ֥ב	3824	HNcmsc	10dPF
19	15	4		כָּל	3605	HNcmsc	10nAe
19	15	5		אִישׁ	376	HNcmsc	106WC
19	15	6		יְהוּדָ֖ה	3063	HNp	10Q3p
19	15	7		כְּ/אִ֣ישׁ	k/376	HR/Ncmsa	10dRx
19	15	8		אֶחָ֑ד	259	HAcmsa	106GF
19	15	9		וַֽ/יִּשְׁלְחוּ֙	c/7971	HC/Vqw3mp	10ZWf
19	15	10		אֶל	413	HR	10dZw
19	15	11		הַ/מֶּ֔לֶךְ	d/4428	HTd/Ncmsa	10Xd5
19	15	12		שׁ֥וּב	7725	HVqv2ms	10Whs
19	15	13		אַתָּ֖ה	859 a	HPp2ms	10CUw
19	15	14		וְ/כָל	c/3605	HC/Ncmsc	10vVC
19	15	15		עֲבָדֶֽי/ךָ	5650	HNcmpc/Sp2ms	10L9j
19	16	1		וַ/יָּ֣שָׁב	c/7725	HC/Vqw3ms	102gb
19	16	2		הַ/מֶּ֔לֶךְ	d/4428	HTd/Ncmsa	10GFh
19	16	3		וַ/יָּבֹ֖א	c/935	HC/Vqw3ms	10X7A
19	16	4		עַד	5704	HR	10YA6
19	16	5		הַ/יַּרְדֵּ֑ן	d/3383	HTd/Np	10rtE
19	16	6		וִ/יהוּדָ֞ה	c/3063	HC/Np	10T58
19	16	7		בָּ֣א	935	HVqp3ms	10XAY
19	16	8		הַ/גִּלְגָּ֗לָ/ה	d/1537	HTd/Np/Sd	10TZ6
19	16	9		לָ/לֶ֨כֶת֙	l/3212	HR/Vqc	10ohW
19	16	10		לִ/קְרַ֣את	l/7125	HR/Vqc	10UQ9
19	16	11		הַ/מֶּ֔לֶךְ	d/4428	HTd/Ncmsa	10ywh
19	16	12		לְ/הַעֲבִ֥יר	l/5674 a	HR/Vhc	10By2
19	16	13		אֶת	853	HTo	102R1
19	16	14		הַ/מֶּ֖לֶךְ	d/4428	HTd/Ncmsa	10sSY
19	16	15		אֶת	853	HTo	10eEK
19	16	16		הַ/יַּרְדֵּֽן	d/3383	HTd/Np	10Yuc
19	17	1		וַ/יְמַהֵ֗ר	c/4116 a	HC/Vpw3ms	10nhh
19	17	2		שִׁמְעִ֤י	8096	HNp	10Z5T
19	17	3		בֶן	1121 a	HNcmsc	10qvz
19	17	4		גֵּרָא֙	1617	HNp	10uU8
19	17	5		בֶּן	1145+	HNgmsc	10L9Z
19	17	6		הַ/יְמִינִ֔י	d/1145	HTd/Ngmsa	10Dv8
19	17	7		אֲשֶׁ֖ר	834 a	HTr	10FjK
19	17	8		מִ/בַּֽחוּרִ֑ים	m/980	HR/Np	10WrB
19	17	9		וַ/יֵּ֨רֶד֙	c/3381	HC/Vqw3ms	10Q3V
19	17	10		עִם	5973 a	HR	10zt3
19	17	11		אִ֣ישׁ	376	HNcmsc	10Tmz
19	17	12		יְהוּדָ֔ה	3063	HNp	10fYG
19	17	13		לִ/קְרַ֖את	l/7125	HR/Vqc	10UXL
19	17	14		הַ/מֶּ֥לֶךְ	d/4428	HTd/Ncmsa	10orU
19	17	15		דָּוִֽד	1732	HNp	10X89
19	18	1		וְ/אֶ֨לֶף	c/505	HC/Acbsa	10KD4
19	18	2		אִ֣ישׁ	376	HNcmsa	10yLC
19	18	3		עִמּ/וֹ֮	5973 a	HR/Sp3ms	108jE
19	18	4		מִ/בִּנְיָמִן֒	m/1144	HR/Np	105Lc
19	18	5		וְ/צִיבָ֗א	c/6717	HC/Np	10ppu
19	18	6		נַ֚עַר	5288	HNcmsc	10S27
19	18	7		בֵּ֣ית	1004 b	HNcmsc	10ADR
19	18	8		שָׁא֔וּל	7586	HNp	10zFe
19	18	9		וַ/חֲמֵ֨שֶׁת	c/2568	HC/Acmsc	10WSq
19	18	10		עָשָׂ֥ר	6240	HAcmsa	10wBi
19	18	11		בָּנָ֛י/ו	1121 a	HNcmpc/Sp3ms	10FVU
19	18	12		וְ/עֶשְׂרִ֥ים	c/6242	HC/Acbpa	10WCj
19	18	13		עֲבָדָ֖י/ו	5650	HNcmpc/Sp3ms	10Rdm
19	18	14		אִתּ֑/וֹ	854	HR/Sp3ms	10dVT
19	18	15		וְ/צָלְח֥וּ	c/6743 a	HC/Vqp3cp	10zkS
19	18	16		הַ/יַּרְדֵּ֖ן	d/3383	HTd/Np	10G57
19	18	17		לִ/פְנֵ֥י	l/6440	HR/Ncbpc	10gHw
19	18	18		הַ/מֶּֽלֶךְ	d/4428	HTd/Ncmsa	10gCw
19	19	1		וְ/עָבְרָ֣ה	c/5674 a	HC/Vqp3fs	10gTK
19	19	2		הָ/עֲבָרָ֗ה	d/5679	HTd/Ncfsa	1035b
19	19	3		לַֽ/עֲבִיר֙	l/5674 a	HR/Vhc	10HND
19	19	4		אֶת	853	HTo	10TcE
19	19	5		בֵּ֣ית	1004 b	HNcmsc	10LkG
19	19	6		הַ/מֶּ֔לֶךְ	d/4428	HTd/Ncmsa	10xf6
19	19	7		וְ/לַ/עֲשׂ֥וֹת	c/l/6213 a	HC/R/Vqc	106cM
19	19	8		הַ/טּ֖וֹב	d/2896 a	HTd/Aamsa	10CWb
19	19	9	x-ketiv	ב/עינ/ו	b/5869 a	HR/Ncbdc/Sp3ms	10DAv
19	19	10		בְּ/עֵינָ֑י/ו	b/5869 a	HR/Ncbdc/Sp3ms	10CSF
19	19	11		וְ/שִׁמְעִ֣י	c/8096	HC/Np	10PJu
19	19	12		בֶן	1121 a	HNcmsc	106EF
19	19	13		גֵּרָ֗א	1617	HNp	10ght
19	19	14		נָפַל֙	5307	HVqp3ms	10oxR
19	19	15		לִ/פְנֵ֣י	l/6440	HR/Ncbpc	10aNV
19	19	16		הַ/מֶּ֔לֶךְ	d/4428	HTd/Ncmsa	10uoi
19	19	17		בְּ/עָבְר֖/וֹ	b/5674 a	HR/Vqc/Sp3ms	10ZxN
19	19	18		בַּ/יַּרְדֵּֽן	b/3383	HRd/Np	10bFj
19	20	1		וַ/יֹּ֣אמֶר	c/559	HC/Vqw3ms	10DVM
19	20	2		אֶל	413	HR	108FT
19	20	3		הַ/מֶּ֗לֶךְ	d/4428	HTd/Ncmsa	107kB
19	20	4		אַל	408	HTn	10S3j
19	20	5		יַחֲשָׁב	2803	HVqj3ms	10GQs
19	20	6		לִ֣/י	l	HR/Sp1cs	107QS
19	20	7		אֲדֹנִ/י֮	113	HNcmsc/Sp1cs	106GA
19	20	8		עָוֺן֒	5771	HNcbsa	10xy2
19	20	9		וְ/אַל	c/408	HC/Tn	10Tpm
19	20	10		תִּזְכֹּ֗ר	2142	HVqj2ms	10mRw
19	20	11		אֵ֚ת	853	HTo	109gE
19	20	12		אֲשֶׁ֣ר	834 a	HTr	10ZcM
19	20	13		הֶעֱוָ֣ה	5753 b	HVhp3ms	10snj
19	20	14		עַבְדְּ/ךָ֔	5650	HNcmsc/Sp2ms	105m9
19	20	15		בַּ/יּ֕וֹם	b/3117	HRd/Ncmsa	10wK9
19	20	16		אֲשֶׁר	834 a	HTr	10iQj
19	20	17		יָׄצָ֥ׄאׄ	3318	HVqp3ms	1014x
19	20	18		אֲדֹנִֽ/י	113	HNcmsc/Sp1cs	10v37
19	20	19		הַ/מֶּ֖לֶךְ	d/4428	HTd/Ncmsa	104jJ
19	20	20		מִ/ירֽוּשָׁלִָ֑ם	m/3389	HR/Np	10fGp
19	20	21		לָ/שׂ֥וּם	l/7760 a	HR/Vqc	10zrt
19	20	22		הַ/מֶּ֖לֶךְ	d/4428	HTd/Ncmsa	10Epq
19	20	23		אֶל	413	HR	107Ry
19	20	24		לִבּֽ/וֹ	3820 a	HNcmsc/Sp3ms	10wFC
19	21	1		כִּ֚י	3588 a	HC	10HBS
19	21	2		יָדַ֣ע	3045	HVqp3ms	10sf2
19	21	3		עַבְדְּ/ךָ֔	5650	HNcmsc/Sp2ms	109dX
19	21	4		כִּ֖י	3588 a	HC	10N7N
19	21	5		אֲנִ֣י	589	HPp1cs	10gKc
19	21	6		חָטָ֑אתִי	2398	HVqp1cs	10vJ4
19	21	7		וְ/הִנֵּֽה	c/2009	HC/Tm	10LTG
19	21	8		בָ֣אתִי	935	HVqp1cs	10iWP
19	21	9		הַ/יּ֗וֹם	d/3117	HTd/Ncmsa	10L1p
19	21	10		רִאשׁוֹן֙	7223	HAamsa	10b2b
19	21	11		לְ/כָל	l/3605	HR/Ncmsc	107zY
19	21	12		בֵּ֣ית	1004 b	HNcmsc	10wcC
19	21	13		יוֹסֵ֔ף	3130	HNp	10U2K
19	21	14		לָ/רֶ֕דֶת	l/3381	HR/Vqc	10oxn
19	21	15		לִ/קְרַ֖את	l/7125	HR/Vqc	10gDj
19	21	16		אֲדֹנִ֥/י	113	HNcmsc/Sp1cs	10AUo
19	21	17		הַ/מֶּֽלֶךְ	d/4428	HTd/Ncmsa	109Ye
19	22	1		וַ/יַּ֨עַן	c/6030 b	HC/Vqw3ms	10kJo
19	22	2		אֲבִישַׁ֤י	52	HNp	10rtp
19	22	3		בֶּן	1121 a	HNcmsc	10xVb
19	22	4		צְרוּיָה֙	6870	HNp	10qqs
19	22	5		וַ/יֹּ֔אמֶר	c/559	HC/Vqw3ms	10Kcb
19	22	6		הֲ/תַ֣חַת	i/8478	HTi/R	10VGc
19	22	7		זֹ֔את	2063	HPdxfs	10aTW
19	22	8		לֹ֥א	3808	HTn	10is8
19	22	9		יוּמַ֖ת	4191	HVHi3ms	103ZA
19	22	10		שִׁמְעִ֑י	8096	HNp	10aWZ
19	22	11		כִּ֥י	3588 a	HC	108CG
19	22	12		קִלֵּ֖ל	7043	HVpp3ms	103aP
19	22	13		אֶת	853	HTo	10j7r
19	22	14		מְשִׁ֥יחַ	4899	HNcmsc	10MkY
19	22	15		יְהוָֽה	3068	HNp	10hnM
19	23	1		וַ/יֹּ֣אמֶר	c/559	HC/Vqw3ms	10zWi
19	23	2		דָּוִ֗ד	1732	HNp	10FDw
19	23	3		מַה	4100	HTi	10vPq
19	23	4		לִּ֤/י	l	HR/Sp1cs	10v7k
19	23	5		וְ/לָ/כֶם֙	c/l	HC/R/Sp2mp	10tyX
19	23	6		בְּנֵ֣י	1121 a	HNcmpc	10J26
19	23	7		צְרוּיָ֔ה	6870	HNp	10o8v
19	23	8		כִּי	3588 a	HC	10Lae
19	23	9		תִֽהְיוּ	1961	HVqi2mp	10ZKD
19	23	10		לִ֥/י	l	HR/Sp1cs	10JMK
19	23	11		הַ/יּ֖וֹם	d/3117	HTd/Ncmsa	10tNx
19	23	12		לְ/שָׂטָ֑ן	l/7854	HR/Ncmsa	10BWE
19	23	13		הַ/יּ֗וֹם	d/3117	HTd/Ncmsa	10ZXU
19	23	14		י֤וּמַת	4191	HVHi3ms	10ap1
19	23	15		אִישׁ֙	376	HNcmsa	10pu2
19	23	16		בְּ/יִשְׂרָאֵ֔ל	b/3478	HR/Np	10uYm
19	23	17		כִּ֚י	3588 a	HC	10LPR
19	23	18		הֲ/ל֣וֹא	i/3808	HTi/Tn	10B9g
19	23	19		יָדַ֔עְתִּי	3045	HVqp1cs	10ELn
19	23	20		כִּ֥י	3588 a	HC	109mo
19	23	21		הַ/יּ֖וֹם	d/3117	HTd/Ncmsa	10xiQ
19	23	22		אֲנִי	589	HPp1cs	10AzY
19	23	23		מֶ֥לֶךְ	4428	HNcmsa	10pRM
19	23	24		עַל	5921 a	HR	10gvr
19	23	25		יִשְׂרָאֵֽל	3478	HNp	10es7
19	24	1		וַ/יֹּ֧אמֶר	c/559	HC/Vqw3ms	10k9R
19	24	2		הַ/מֶּ֛לֶךְ	d/4428	HTd/Ncmsa	10HmZ
19	24	3		אֶל	413	HR	10dQE
19	24	4		שִׁמְעִ֖י	8096	HNp	10EzE
19	24	5		לֹ֣א	3808	HTn	10Qxp
19	24	6		תָמ֑וּת	4191	HVqi2ms	10xRK
19	24	7		וַ/יִּשָּׁ֥בַֽע	c/7650	HC/VNw3ms	106mk
19	24	8		ל֖/וֹ	l	HR/Sp3ms	10kf6
19	24	9		הַ/מֶּֽלֶךְ	d/4428	HTd/Ncmsa	10CLp
19	25	1		וּ/מְפִבֹ֨שֶׁת֙	c/4648	HC/Np	107ZV
19	25	2		בֶּן	1121 a	HNcmsc	10skE
19	25	3		שָׁא֔וּל	7586	HNp	10DHK
19	25	4		יָרַ֖ד	3381	HVqp3ms	10LmD
19	25	5		לִ/קְרַ֣את	l/7125	HR/Vqc	10T9L
19	25	6		הַ/מֶּ֑לֶךְ	d/4428	HTd/Ncmsa	10QVr
19	25	7		וְ/לֹא	c/3808	HC/Tn	10ZMf
19	25	8		עָשָׂ֨ה	6213 a	HVqp3ms	10a5C
19	25	9		רַגְלָ֜י/ו	7272	HNcfdc/Sp3ms	10cK2
19	25	10		וְ/לֹא	c/3808	HC/Tn	10FHD
19	25	11		עָשָׂ֣ה	6213 a	HVqp3ms	10BcP
19	25	12		שְׂפָמ֗/וֹ	8222	HNcmsc/Sp3ms	10cFA
19	25	13		וְ/אֶת	c/853	HC/To	109Bv
19	25	14		בְּגָדָי/ו֙	899 b	HNcmpc/Sp3ms	10ktn
19	25	15		לֹ֣א	3808	HTn	10AWZ
19	25	16		כִבֵּ֔ס	3526	HVpp3ms	10wYq
19	25	17		לְ/מִן	l/4480 a	HR/R	10F4E
19	25	18		הַ/יּוֹם֙	d/3117	HTd/Ncmsa	10wMa
19	25	19		לֶ֣כֶת	3212	HVqc	10M16
19	25	20		הַ/מֶּ֔לֶךְ	d/4428	HTd/Ncmsa	10uKB
19	25	21		עַד	5704	HR	104cr
19	25	22		הַ/יּ֖וֹם	d/3117	HTd/Ncmsa	101Ro
19	25	23		אֲשֶׁר	834 a	HTr	10a1a
19	25	24		בָּ֥א	935	HVqp3ms	107rf
19	25	25		בְ/שָׁלֽוֹם	b/7965	HR/Ncmsa	1011j
19	26	1		וַ/יְהִ֛י	c/1961	HC/Vqw3ms	10evk
19	26	2		כִּי	3588 a	HC	10bGa
19	26	3		בָ֥א	935	HVqp3ms	1038u
19	26	4		יְרוּשָׁלִַ֖ם	3389	HNp	10XYz
19	26	5		לִ/קְרַ֣את	l/7125	HR/Vqc	10aaD
19	26	6		הַ/מֶּ֑לֶךְ	d/4428	HTd/Ncmsa	10zLt
19	26	7		וַ/יֹּ֤אמֶר	c/559	HC/Vqw3ms	10yNH
19	26	8		ל/וֹ֙	l	HR/Sp3ms	10MrT
19	26	9		הַ/מֶּ֔לֶךְ	d/4428	HTd/Ncmsa	10gkr
19	26	10		לָ֛/מָּה	l/4100	HR/Ti	103BK
19	26	11		לֹא	3808	HTn	10Rzg
19	26	12		הָלַ֥כְתָּ	1980	HVqp2ms	10Tho
19	26	13		עִמִּ֖/י	5973 a	HR/Sp1cs	10aV8
19	26	14		מְפִיבֹֽשֶׁת	4648	HNp	106XG
19	27	1		וַ/יֹּאמַ֕ר	c/559	HC/Vqw3ms	10gQc
19	27	2		אֲדֹנִ֥/י	113	HNcmsc/Sp1cs	10YoM
19	27	3		הַ/מֶּ֖לֶךְ	d/4428	HTd/Ncmsa	10jQn
19	27	4		עַבְדִּ֣/י	5650	HNcmsc/Sp1cs	105jv
19	27	5		רִמָּ֑/נִי	7411 b	HVpp3ms/Sp1cs	10Xs5
19	27	6		כִּֽי	3588 a	HC	10GPZ
19	27	7		אָמַ֨ר	559	HVqp3ms	10PVy
19	27	8		עַבְדְּ/ךָ֜	5650	HNcmsc/Sp2ms	10HwJ
19	27	9		אֶחְבְּשָׁה	2280	HVqi1cs	10nRk
19	27	10		לִּ/י֩	l	HR/Sp1cs	10UmV
19	27	11		הַ/חֲמ֨וֹר	d/2543	HTd/Ncbsa	10PHe
19	27	12		וְ/אֶרְכַּ֤ב	c/7392	HC/Vqi1cs	10nv5
19	27	13		עָלֶ֨י/הָ֙	5921 a	HR/Sp3fs	104NA
19	27	14		וְ/אֵלֵ֣ךְ	c/3212	HC/Vqi1cs	10iaF
19	27	15		אֶת	854	HR	10tCw
19	27	16		הַ/מֶּ֔לֶךְ	d/4428	HTd/Ncmsa	10miU
19	27	17		כִּ֥י	3588 a	HC	10NyE
19	27	18		פִסֵּ֖חַ	6455	HAamsa	10KyB
19	27	19		עַבְדֶּֽ/ךָ	5650	HNcmsc/Sp2ms	10vG4
19	28	1		וַ/יְרַגֵּ֣ל	c/7270	HC/Vpw3ms	10Ns5
19	28	2		בְּ/עַבְדְּ/ךָ֔	b/5650	HR/Ncmsc/Sp2ms	10nEy
19	28	3		אֶל	413	HR	101j4
19	28	4		אֲדֹנִ֖/י	113	HNcmsc/Sp1cs	10xWY
19	28	5		הַ/מֶּ֑לֶךְ	d/4428	HTd/Ncmsa	10d6q
19	28	6		וַ/אדֹנִ֤/י	c/113	HC/Ncmsc/Sp1cs	10DwY
19	28	7		הַ/מֶּ֨לֶךְ֙	d/4428	HTd/Ncmsa	10k8D
19	28	8		כְּ/מַלְאַ֣ךְ	k/4397	HR/Ncmsc	10uXu
19	28	9		הָ/אֱלֹהִ֔ים	d/430	HTd/Ncmpa	103vW
19	28	10		וַ/עֲשֵׂ֥ה	c/6213 a	HC/Vqv2ms	106UE
19	28	11		הַ/טּ֖וֹב	d/2896 a	HTd/Aamsa	10KoW
19	28	12		בְּ/עֵינֶֽי/ךָ	b/5869 a	HR/Ncbdc/Sp2ms	10Upi
19	29	1		כִּי֩	3588 a	HC	10SLS
19	29	2		לֹ֨א	3808	HTn	105nj
19	29	3		הָיָ֜ה	1961	HVqp3ms	10UuS
19	29	4		כָּל	3605	HNcmsc	10aYa
19	29	5		בֵּ֣ית	1004 b	HNcmsc	10yCU
19	29	6		אָבִ֗/י	1	HNcmsc/Sp1cs	10HwX
19	29	7		כִּ֤י	3588 b	HC	10Lda
19	29	8		אִם	518 b	HC	105iw
19	29	9		אַנְשֵׁי	376	HNcmpc	10A1N
19	29	10		מָ֨וֶת֙	4194	HNcmsa	10Upk
19	29	11		לַ/אדֹנִ֣/י	l/113	HR/Ncmsc/Sp1cs	101QC
19	29	12		הַ/מֶּ֔לֶךְ	d/4428	HTd/Ncmsa	10uTF
19	29	13		וַ/תָּ֨שֶׁת֙	c/7896	HC/Vqw2ms	10sj2
19	29	14		אֶֽת	853	HTo	10Cya
19	29	15		עַבְדְּ/ךָ֔	5650	HNcmsc/Sp2ms	10Lsr
19	29	16		בְּ/אֹכְלֵ֖י	b/398	HR/Vqrmpc	10xMt
19	29	17		שֻׁלְחָנֶ֑/ךָ	7979	HNcmsc/Sp2ms	10xzT
19	29	18		וּ/מַה	c/4100	HC/Ti	10G9z
19	29	19		יֶּשׁ	3426	HTm	10M9j
19	29	20		לִ֥/י	l	HR/Sp1cs	10mDn
19	29	21		עוֹד֙	5750	HD	10GEL
19	29	22		צְדָקָ֔ה	6666	HNcfsa	10MW7
19	29	23		וְ/לִ/זְעֹ֥ק	c/l/2199	HC/R/Vqc	10T65
19	29	24		ע֖וֹד	5750	HD	10EzH
19	29	25		אֶל	413	HR	10u8d
19	29	26		הַ/מֶּֽלֶךְ	d/4428	HTd/Ncmsa	10jiv
19	30	1		וַ/יֹּ֤אמֶר	c/559	HC/Vqw3ms	10jP8
19	30	2		ל/וֹ֙	l	HR/Sp3ms	10QQx
19	30	3		הַ/מֶּ֔לֶךְ	d/4428	HTd/Ncmsa	10MZC
19	30	4		לָ֛/מָּה	l/4100	HR/Ti	10TjS
19	30	5		תְּדַבֵּ֥ר	1696	HVpi2ms	10aLy
19	30	6		ע֖וֹד	5750	HD	10av1
19	30	7		דְּבָרֶ֑י/ךָ	1697	HNcmpc/Sp2ms	10GHs
19	30	8		אָמַ֕רְתִּי	559	HVqp1cs	10Y8d
19	30	9		אַתָּ֣ה	859 a	HPp2ms	10bn6
19	30	10		וְ/צִיבָ֔א	c/6717	HC/Np	10En5
19	30	11		תַּחְלְק֖וּ	2505 a	HVqi2mp	10AfW
19	30	12		אֶת	853	HTo	10UL8
19	30	13		הַ/שָּׂדֶֽה	d/7704 b	HTd/Ncmsa	10qni
19	31	1		וַ/יֹּ֤אמֶר	c/559	HC/Vqw3ms	10pdR
19	31	2		מְפִיבֹ֨שֶׁת֙	4648	HNp	101MW
19	31	3		אֶל	413	HR	10C96
19	31	4		הַ/מֶּ֔לֶךְ	d/4428	HTd/Ncmsa	10zcK
19	31	5		גַּ֥ם	1571	HTa	10Zir
19	31	6		אֶת	853	HTo	10L6T
19	31	7		הַ/כֹּ֖ל	d/3605	HTd/Ncmsa	10m8E
19	31	8		יִקָּ֑ח	3947	HVqj3ms	102bM
19	31	9		אַ֠חֲרֵי	310 a	HR	10H2r
19	31	10		אֲשֶׁר	834 a	HTr	10fya
19	31	11		בָּ֞א	935	HVqp3ms	10zuE
19	31	12		אֲדֹנִ֥/י	113	HNcmsc/Sp1cs	10cYr
19	31	13		הַ/מֶּ֛לֶך	d/4428	HTd/Ncmsa	10vyC
19	31	14		בְּ/שָׁל֖וֹם	b/7965	HR/Ncmsa	101Qy
19	31	15		אֶל	413	HR	10mev
19	31	16		בֵּיתֽ/וֹ	1004 b	HNcmsc/Sp3ms	10veC
19	32	1		וּ/בַרְזִלַּי֙	c/1271	HC/Np	10eid
19	32	2		הַ/גִּלְעָדִ֔י	d/1569	HTd/Ngmsa	10gkQ
19	32	3		יָרַ֖ד	3381	HVqp3ms	10rMj
19	32	4		מֵ/רֹגְלִ֑ים	m/7274	HR/Np	10Qme
19	32	5		וַ/יַּעֲבֹ֤ר	c/5674 a	HC/Vqw3ms	10KFR
19	32	6		אֶת	854	HR	10bf6
19	32	7		הַ/מֶּ֨לֶךְ֙	d/4428	HTd/Ncmsa	10kBj
19	32	8		הַ/יַּרְדֵּ֔ן	d/3383	HTd/Np	10zZ2
19	32	9		לְ/שַׁלְּח֖/וֹ	l/7971	HR/Vpc/Sp3ms	10oKC
19	32	10		אֶת	853	HTo	106uo
19	32	11	x-ketiv	ב/ירדן	b/3383	HR/Np	10PCg
19	32	12		הַ/יַּרְדֵּֽן	d/3383	HTd/Np	10Gd9
19	33	1		וּ/בַרְזִלַּי֙	c/1271	HC/Np	1025K
19	33	2		זָקֵ֣ן	2204	HVqp3ms	102bQ
19	33	3		מְאֹ֔ד	3966	HD	10jVz
19	33	4		בֶּן	1121 a	HNcmsc	109Rn
19	33	5		שְׁמֹנִ֖ים	8084	HAcbpa	10KbM
19	33	6		שָׁנָ֑ה	8141	HNcfsa	10i8D
19	33	7		וְ/הֽוּא	c/1931	HC/Pp3ms	10EYu
19	33	8		כִלְכַּ֤ל	3557	HVlp3ms	10CvC
19	33	9		אֶת	853	HTo	10tb1
19	33	10		הַ/מֶּ֨לֶךְ֙	d/4428	HTd/Ncmsa	105ZR
19	33	11		בְּ/שִׁיבָת֣/וֹ	b/7871	HR/Ncfsc/Sp3ms	10Rir
19	33	12		בְ/מַחֲנַ֔יִם	b/4266	HR/Np	10gdi
19	33	13		כִּֽי	3588 a	HC	10DFa
19	33	14		אִ֛ישׁ	376	HNcmsa	10MxK
19	33	15		גָּד֥וֹל	1419 a	HAamsa	10fex
19	33	16		ה֖וּא	1931	HPp3ms	1013D
19	33	17		מְאֹֽד	3966	HD	10Zvs
19	34	1		וַ/יֹּ֥אמֶר	c/559	HC/Vqw3ms	10hfY
19	34	2		הַ/מֶּ֖לֶךְ	d/4428	HTd/Ncmsa	103sw
19	34	3		אֶל	413	HR	108Ew
19	34	4		בַּרְזִלָּ֑י	1271	HNp	10Mwj
19	34	5		אַתָּה֙	859 a	HPp2ms	108g1
19	34	6		עֲבֹ֣ר	5674 a	HVqv2ms	10Lk1
19	34	7		אִתִּ֔/י	854	HR/Sp1cs	10Uwg
19	34	8		וְ/כִלְכַּלְתִּ֥י	c/3557	HC/Vlq1cs	105dD
19	34	9		אֹתְ/ךָ֛	853	HTo/Sp2ms	10eHM
19	34	10		עִמָּדִ֖/י	5978	HR/Sp1cs	10w49
19	34	11		בִּ/ירוּשָׁלִָֽם	b/3389	HR/Np	10acX
19	35	1		וַ/יֹּ֥אמֶר	c/559	HC/Vqw3ms	10Xwc
19	35	2		בַּרְזִלַּ֖י	1271	HNp	10D7S
19	35	3		אֶל	413	HR	10BLU
19	35	4		הַ/מֶּ֑לֶךְ	d/4428	HTd/Ncmsa	10o6z
19	35	5		כַּ/מָּ֗ה	k/4100	HR/Ti	103aw
19	35	6		יְמֵי֙	3117	HNcmpc	103YR
19	35	7		שְׁנֵ֣י	8141	HAcmdc	10Swj
19	35	8		חַיַּ֔/י	2416 e	HNcmpc/Sp1cs	102zp
19	35	9		כִּי	3588 a	HC	10x4M
19	35	10		אֶעֱלֶ֥ה	5927	HVqi1cs	10f2j
19	35	11		אֶת	854	HR	10ESw
19	35	12		הַ/מֶּ֖לֶךְ	d/4428	HTd/Ncmsa	10uNE
19	35	13		יְרוּשָׁלִָֽם	3389	HNp	10czx
19	36	1		בֶּן	1121 a	HNcmsc	10gNf
19	36	2		שְׁמֹנִ֣ים	8084	HAcbpa	105gm
19	36	3		שָׁנָה֩	8141	HNcfsa	10sA2
19	36	4		אָנֹכִ֨י	595	HPp1cs	10nQw
19	36	5		הַ/יּ֜וֹם	d/3117	HTd/Ncmsa	10KS7
19	36	6		הַ/אֵדַ֣ע	i/3045	HTi/Vqi1cs	10vk1
19	36	7		בֵּין	996	HR	10azB
19	36	8		ט֣וֹב	2896 b	HAamsa	10wZA
19	36	9		לְ/רָ֗ע	l/7451 a	HR/Aamsa	10WhD
19	36	10		אִם	518 a	HC	10AwF
19	36	11		יִטְעַ֤ם	2938	HVqi3ms	108k8
19	36	12		עַבְדְּ/ךָ֙	5650	HNcmsc/Sp2ms	10SpG
19	36	13		אֶת	853	HTo	10S8F
19	36	14		אֲשֶׁ֤ר	834 a	HTr	10msz
19	36	15		אֹכַל֙	398	HVqi1cs	10bTw
19	36	16		וְ/אֶת	c/853	HC/To	10QiX
19	36	17		אֲשֶׁ֣ר	834 a	HTr	10Xuu
19	36	18		אֶשְׁתֶּ֔ה	8354	HVqi1cs	10KTQ
19	36	19		אִם	518 a	HC	10r46
19	36	20		אֶשְׁמַ֣ע	8085	HVqi1cs	103dV
19	36	21		ע֔וֹד	5750	HD	10Rjs
19	36	22		בְּ/ק֖וֹל	b/6963 a	HR/Ncmsc	10A9E
19	36	23		שָׁרִ֣ים	7891	HVqrmpa	10AnP
19	36	24		וְ/שָׁר֑וֹת	c/7891	HC/Vqrfpa	10Qsw
19	36	25		וְ/לָ/מָּה֩	c/l/4100	HC/R/Ti	10CF2
19	36	26		יִֽהְיֶ֨ה	1961	HVqi3ms	108VA
19	36	27		עַבְדְּ/ךָ֥	5650	HNcmsc/Sp2ms	10Yfd
19	36	28		עוֹד֙	5750	HD	10Ngi
19	36	29		לְ/מַשָּׂ֔א	l/4853 a	HR/Ncmsa	10Ksy
19	36	30		אֶל	413	HR	10cKK
19	36	31		אֲדֹנִ֖/י	113	HNcmsc/Sp1cs	10Dnr
19	36	32		הַ/מֶּֽלֶךְ	d/4428	HTd/Ncmsa	10CPM
19	37	1		כִּ/מְעַ֞ט	k/4592	HR/Ncmsa	10uYg
19	37	2		יַעֲבֹ֧ר	5674 a	HVqi3ms	106yA
19	37	3		עַבְדְּ/ךָ֛	5650	HNcmsc/Sp2ms	104tC
19	37	4		אֶת	853	HTo	10LkV
19	37	5		הַ/יַּרְדֵּ֖ן	d/3383	HTd/Np	10cmM
19	37	6		אֶת	854	HR	10AKe
19	37	7		הַ/מֶּ֑לֶךְ	d/4428	HTd/Ncmsa	105V1
19	37	8		וְ/לָ֨/מָּה֙	c/l/4100	HC/R/Ti	10rXz
19	37	9		יִגְמְלֵ֣/נִי	1580	HVqi3ms/Sp1cs	105XE
19	37	10		הַ/מֶּ֔לֶךְ	d/4428	HTd/Ncmsa	10VhT
19	37	11		הַ/גְּמוּלָ֖ה	d/1578	HTd/Ncfsa	10aN4
19	37	12		הַ/זֹּֽאת	d/2063	HTd/Pdxfs	10Sax
19	38	1		יָֽשָׁב	7725	HVqj3ms	10yVm
19	38	2		נָ֤א	4994	HTe	10bhd
19	38	3		עַבְדְּ/ךָ֙	5650	HNcmsc/Sp2ms	10jJJ
19	38	4		וְ/אָמֻ֣ת	c/4191	HC/Vqi1cs	10tDj
19	38	5		בְּ/עִירִ֔/י	b/5892 b	HR/Ncfsc/Sp1cs	10eVj
19	38	6		עִ֛ם	5973 a	HR	10yuP
19	38	7		קֶ֥בֶר	6913	HNcmsc	10yVg
19	38	8		אָבִ֖/י	1	HNcmsc/Sp1cs	108uc
19	38	9		וְ/אִמִּ֑/י	c/517	HC/Ncfsc/Sp1cs	10Tx7
19	38	10		וְ/הִנֵּ֣ה	c/2009	HC/Tm	10Nf9
19	38	11		עַבְדְּ/ךָ֣	5650	HNcmsc/Sp2ms	10ErY
19	38	12		כִמְהָ֗ם	3643	HNp	10SDV
19	38	13		יַֽעֲבֹר֙	5674 a	HVqj3ms	10S5U
19	38	14		עִם	5973 a	HR	10rBc
19	38	15		אֲדֹנִ֣/י	113	HNcmsc/Sp1cs	10n6K
19	38	16		הַ/מֶּ֔לֶךְ	d/4428	HTd/Ncmsa	10KR8
19	38	17		וַ/עֲשֵׂה	c/6213 a	HC/Vqv2ms	10bXf
19	38	18		ל֕/וֹ	l	HR/Sp3ms	107He
19	38	19		אֵ֥ת	853	HTo	10NPm
19	38	20		אֲשֶׁר	834 a	HTr	10KYN
19	38	21		ט֖וֹב	2896 a	HVqp3ms	108Bi
19	38	22		בְּ/עֵינֶֽי/ךָ	b/5869 a	HR/Ncbdc/Sp2ms	101Mj
19	39	1		וַ/יֹּ֣אמֶר	c/559	HC/Vqw3ms	10d5X
19	39	2		הַ/מֶּ֗לֶךְ	d/4428	HTd/Ncmsa	10Yp1
19	39	3		אִתִּ/י֙	854	HR/Sp1cs	10iSP
19	39	4		יַעֲבֹ֣ר	5674 a	HVqi3ms	10ZfK
19	39	5		כִּמְהָ֔ם	3643	HNp	10u5B
19	39	6		וַ/אֲנִי֙	c/589	HC/Pp1cs	10p96
19	39	7		אֶעֱשֶׂה	6213 a	HVqi1cs	10KKx
19	39	8		לּ֔/וֹ	l	HR/Sp3ms	10YfM
19	39	9		אֶת	853	HTo	105ro
19	39	10		הַ/טּ֖וֹב	d/2896 a	HTd/Aamsa	105AM
19	39	11		בְּ/עֵינֶ֑י/ךָ	b/5869 a	HR/Ncbdc/Sp2ms	10Rp4
19	39	12		וְ/כֹ֛ל	c/3605	HC/Ncmsa	10wKU
19	39	13		אֲשֶׁר	834 a	HTr	10dbh
19	39	14		תִּבְחַ֥ר	977	HVqi2ms	10YA5
19	39	15		עָלַ֖/י	5921 a	HR/Sp1cs	10xjv
19	39	16		אֶֽעֱשֶׂה	6213 a	HVqi1cs	101dS
19	39	17		לָּֽ/ךְ	l	HR/Sp2fs	10E92
19	40	1		וַ/יַּעֲבֹ֧ר	c/5674 a	HC/Vqw3ms	10Fys
19	40	2		כָּל	3605	HNcmsc	10Xse
19	40	3		הָ/עָ֛ם	d/5971 a	HTd/Ncmsa	10aEj
19	40	4		אֶת	853	HTo	10mGS
19	40	5		הַ/יַּרְדֵּ֖ן	d/3383	HTd/Np	103Lv
19	40	6		וְ/הַ/מֶּ֣לֶךְ	c/d/4428	HC/Td/Ncmsa	10vrK
19	40	7		עָבָ֑ר	5674 a	HVqp3ms	10k1r
19	40	8		וַ/יִּשַּׁ֨ק	c/5401 a	HC/Vqw3ms	10CZZ
19	40	9		הַ/מֶּ֤לֶךְ	d/4428	HTd/Ncmsa	10bCc
19	40	10		לְ/בַרְזִלַּי֙	l/1271	HR/Np	10Bmn
19	40	11		וַ/יְבָ֣רֲכֵ֔/הוּ	c/1288	HC/Vpw3ms/Sp3ms	10XMv
19	40	12		וַ/יָּ֖שָׁב	c/7725	HC/Vqw3ms	10cFV
19	40	13		לִ/מְקֹמֽ/וֹ	l/4725	HR/Ncmsc/Sp3ms	10RQq
19	41	1		וַ/יַּעֲבֹ֤ר	c/5674 a	HC/Vqw3ms	10Ppj
19	41	2		הַ/מֶּ֨לֶךְ֙	d/4428	HTd/Ncmsa	10PXw
19	41	3		הַ/גִּלְגָּ֔לָ/ה	d/1537	HTd/Np/Sd	10ZSs
19	41	4		וְ/כִמְהָ֖ן	c/3643	HC/Np	10kid
19	41	5		עָבַ֣ר	5674 a	HVqp3ms	10ECC
19	41	6		עִמּ֑/וֹ	5973 a	HR/Sp3ms	108aX
19	41	7		וְ/כָל	c/3605	HC/Ncmsc	10dCA
19	41	8		עַ֤ם	5971 a	HNcmsc	10iYJ
19	41	9		יְהוּדָה֙	3063	HNp	104MR
19	41	10	x-ketiv	ו/יעברו	c/5674 a	HC/Vhw3mp	10ZFU
19	41	11		הֶעֱבִ֣ירוּ	5674 a	HVhp3cp	10JTf
19	41	12		אֶת	853	HTo	10NEZ
19	41	13		הַ/מֶּ֔לֶךְ	d/4428	HTd/Ncmsa	10VWk
19	41	14		וְ/גַ֕ם	c/1571	HC/Ta	10MRM
19	41	15		חֲצִ֖י	2677	HNcmsc	103Az
19	41	16		עַ֥ם	5971 a	HNcmsc	10Xvk
19	41	17		יִשְׂרָאֵֽל	3478	HNp	10hrr
19	42	1		וְ/הִנֵּ֛ה	c/2009	HC/Tm	10Zna
19	42	2		כָּל	3605	HNcmsc	1047T
19	42	3		אִ֥ישׁ	376	HNcmsc	10uEs
19	42	4		יִשְׂרָאֵ֖ל	3478	HNp	10UhF
19	42	5		בָּאִ֣ים	935	HVqrmpa	10AsV
19	42	6		אֶל	413	HR	10cPo
19	42	7		הַ/מֶּ֑לֶךְ	d/4428	HTd/Ncmsa	10HCo
19	42	8		וַ/יֹּאמְר֣וּ	c/559	HC/Vqw3mp	10Ncd
19	42	9		אֶל	413	HR	10fkM
19	42	10		הַ/מֶּ֡לֶךְ	d/4428	HTd/Ncmsa	10Y5W
19	42	11		מַדּוּעַ֩	4069	HTi	10cWe
19	42	12		גְּנָב֨וּ/ךָ	1589	HVqp3cp/Sp2ms	1078Q
19	42	13		אַחֵ֜י/נוּ	251	HNcmpc/Sp1cp	10QMC
19	42	14		אִ֣ישׁ	376	HNcmsc	109FS
19	42	15		יְהוּדָ֗ה	3063	HNp	10UgZ
19	42	16		וַ/יַּעֲבִ֨רוּ	c/5674 a	HC/Vhw3mp	10dCx
19	42	17		אֶת	853	HTo	10t8E
19	42	18		הַ/מֶּ֤לֶךְ	d/4428	HTd/Ncmsa	10bHQ
19	42	19		וְ/אֶת	c/853	HC/To	10Vqr
19	42	20		בֵּית/וֹ֙	1004 b	HNcmsc/Sp3ms	10zDY
19	42	21		אֶת	853	HTo	10veq
19	42	22		הַ/יַּרְדֵּ֔ן	d/3383	HTd/Np	102Ug
19	42	23		וְ/כָל	c/3605	HC/Ncmsc	10LXA
19	42	24		אַנְשֵׁ֥י	376	HNcmpc	10Kqi
19	42	25		דָוִ֖ד	1732	HNp	1014n
19	42	26		עִמּֽ/וֹ	5973 a	HR/Sp3ms	10yHy
19	43	1		וַ/יַּעַן֩	c/6030 b	HC/Vqw3ms	10Umo
19	43	2		כָּל	3605	HNcmsc	107NW
19	43	3		אִ֨ישׁ	376	HNcmsc	10KG2
19	43	4		יְהוּדָ֜ה	3063	HNp	10fYJ
19	43	5		עַל	5921 a	HR	109d8
19	43	6		אִ֣ישׁ	376	HNcmsc	10Sfn
19	43	7		יִשְׂרָאֵ֗ל	3478	HNp	10uWk
19	43	8		כִּֽי	3588 a	HC	10Tgm
19	43	9		קָר֤וֹב	7138	HAamsa	10YMi
19	43	10		הַ/מֶּ֨לֶךְ֙	d/4428	HTd/Ncmsa	10iJh
19	43	11		אֵלַ֔/י	413	HR/Sp1cs	10LXs
19	43	12		וְ/לָ֤/מָּה	c/l/4100	HC/R/Ti	10rYT
19	43	13		זֶּה֙	2088	HPdxms	10RR8
19	43	14		חָרָ֣ה	2734	HVqp3ms	106Re
19	43	15		לְ/ךָ֔	l	HR/Sp2ms	105kQ
19	43	16		עַל	5921 a	HR	10F1e
19	43	17		הַ/דָּבָ֖ר	d/1697	HTd/Ncmsa	10sxD
19	43	18		הַ/זֶּ֑ה	d/2088	HTd/Pdxms	105qt
19	43	19		הֶ/אָכ֤וֹל	d/398	HTi/Vqa	10xfJ
19	43	20		אָכַ֨לְנוּ֙	398	HVqp1cp	107fv
19	43	21		מִן	4480 a	HR	10GTF
19	43	22		הַ/מֶּ֔לֶךְ	d/4428	HTd/Ncmsa	10xxY
19	43	23		אִם	518 a	HC	108D3
19	43	24		נִשֵּׂ֥את	5379	HVNa	10H6s
19	43	25		נִשָּׂ֖א	5375	HVNp3ms	10Q3u
19	43	26		לָֽ/נוּ	l	HR/Sp1cp	10g4E
19	44	1		וַ/יַּ֣עַן	c/6030 b	HC/Vqw3ms	10nHP
19	44	2		אִֽישׁ	376	HNcmsc	10Npf
19	44	3		יִשְׂרָאֵל֩	3478	HNp	10TSC
19	44	4		אֶת	853	HTo	106Gr
19	44	5		אִ֨ישׁ	376	HNcmsc	10HFG
19	44	6		יְהוּדָ֜ה	3063	HNp	10UML
19	44	7		וַ/יֹּ֗אמֶר	c/559	HC/Vqw3ms	10KFu
19	44	8		עֶֽשֶׂר	6235	HAcfsa	10oBq
19	44	9		יָד֨וֹת	3027	HNcbpa	10zF2
19	44	10		לִ֣/י	l	HR/Sp1cs	10gEd
19	44	11		בַ/מֶּלֶךְ֮	b/4428	HRd/Ncmsa	10oyj
19	44	12		וְ/גַם	c/1571	HC/Ta	10zVA
19	44	13		בְּ/דָוִד֮	b/1732	HR/Np	10JNz
19	44	14		אֲנִ֣י	589	HPp1cs	10BYL
19	44	15		מִמְּ/ךָ֒	4480 a	HR/Sp2ms	10kq6
19	44	16		וּ/מַדּ֨וּעַ֙	c/4069	HC/Ti	10MnH
19	44	17		הֱקִלֹּתַ֔/נִי	7043	HVhp2ms/Sp1cs	10bQw
19	44	18		וְ/לֹא	c/3808	HC/Tn	10y6n
19	44	19		הָיָ֨ה	1961	HVqp3ms	10xa7
19	44	20		דְבָרִ֥/י	1697	HNcmsc/Sp1cs	10cGb
19	44	21		רִאשׁ֛וֹן	7223	HAamsa	10YGx
19	44	22		לִ֖/י	l	HR/Sp1cs	10pa3
19	44	23		לְ/הָשִׁ֣יב	l/7725	HR/Vhc	10ibA
19	44	24		אֶת	853	HTo	10dvZ
19	44	25		מַלְכִּ֑/י	4428	HNcmsc/Sp1cs	10hFJ
19	44	26		וַ/יִּ֨קֶשׁ֙	c/7185	HC/Vqw3ms	1066z
19	44	27		דְּבַר	1697	HNcmsc	10AeZ
19	44	28		אִ֣ישׁ	376	HNcmsc	10Dsp
19	44	29		יְהוּדָ֔ה	3063	HNp	10ELA
19	44	30		מִ/דְּבַ֖ר	m/1697	HR/Ncmsc	107dA
19	44	31		אִ֥ישׁ	376	HNcmsc	10PXX
19	44	32		יִשְׂרָאֵֽל	3478	HNp	10yyV
20	1	1		וְ/שָׁ֨ם	c/8033	HC/D	10fQB
20	1	2		נִקְרָ֜א	7122	HVNp3ms	10Nkg
20	1	3		אִ֣ישׁ	376	HNcmsc	10WHz
20	1	4		בְּלִיַּ֗עַל	1100	HNcmsa	10xTn
20	1	5		וּ/שְׁמ֛/וֹ	c/8034	HC/Ncmsc/Sp3ms	10XYy
20	1	6		שֶׁ֥בַע	7652 a	HAcfsa	10nbe
20	1	7		בֶּן	1121 a	HNcmsc	10kUz
20	1	8		בִּכְרִ֖י	1075	HNp	10Amk
20	1	9		אִ֣ישׁ	376	HNcmsa	10edi
20	1	10		יְמִינִ֑י	3228	HNgmsa	10U5m
20	1	11		וַ/יִּתְקַ֣ע	c/8628	HC/Vqw3ms	108hf
20	1	12		בַּ/שֹּׁפָ֗ר	b/7782	HRd/Ncmsa	10yYd
20	1	13		וַ֠/יֹּאמֶר	c/559	HC/Vqw3ms	10WnW
20	1	14		אֵֽין	369	HTn	10K8G
20	1	15		לָ֨/נוּ	l	HR/Sp1cp	10gEG
20	1	16		חֵ֜לֶק	2506 a	HNcmsa	1084A
20	1	17		בְּ/דָוִ֗ד	b/1732	HR/Np	10Sgy
20	1	18		וְ/לֹ֤א	c/3808	HC/Tn	104Ny
20	1	19		נַֽחֲלָה	5159	HNcfsa	10Kvd
20	1	20		לָ֨/נוּ֙	l	HR/Sp1cp	10ZUS
20	1	21		בְּ/בֶן	b/1121 a	HR/Ncmsc	10XoQ
20	1	22		יִשַׁ֔י	3448	HNp	10Ujv
20	1	23		אִ֥ישׁ	376	HNcmsa	10i5h
20	1	24		לְ/אֹהָלָ֖י/ו	l/168	HR/Ncmpc/Sp3ms	10oNy
20	1	25		יִשְׂרָאֵֽל	3478	HNp	106c6
20	2	1		וַ/יַּ֜עַל	c/5927	HC/Vqw3ms	10mRY
20	2	2		כָּל	3605	HNcmsc	10Qjx
20	2	3		אִ֤ישׁ	376	HNcmsc	10UQH
20	2	4		יִשְׂרָאֵל֙	3478	HNp	10TXE
20	2	5		מֵ/אַחֲרֵ֣י	m/310 a	HR/R	10h72
20	2	6		דָוִ֔ד	1732	HNp	10f14
20	2	7		אַחֲרֵ֖י	310 a	HR	10XZo
20	2	8		שֶׁ֣בַע	7652 a	HAcfsa	10Fsc
20	2	9		בֶּן	1121 a	HNcmsc	10rP9
20	2	10		בִּכְרִ֑י	1075	HNp	10L9q
20	2	11		וְ/אִ֤ישׁ	c/376	HC/Ncmsc	10hD9
20	2	12		יְהוּדָה֙	3063	HNp	10R7s
20	2	13		דָּבְק֣וּ	1692	HVqp3cp	10U9m
20	2	14		בְ/מַלְכָּ֔/ם	b/4428	HR/Ncmsc/Sp3mp	10X96
20	2	15		מִן	4480 a	HR	10ZEe
20	2	16		הַ/יַּרְדֵּ֖ן	d/3383	HTd/Np	10svc
20	2	17		וְ/עַד	c/5704	HC/R	10Ffh
20	2	18		יְרוּשָׁלִָֽם	3389	HNp	10wmm
20	3	1		וַ/יָּבֹ֨א	c/935	HC/Vqw3ms	10Sw7
20	3	2		דָוִ֣ד	1732	HNp	10eV6
20	3	3		אֶל	413	HR	103Hv
20	3	4		בֵּית/וֹ֮	1004 b	HNcmsc/Sp3ms	10Q4W
20	3	5		יְרֽוּשָׁלִַם֒	3389	HNp	10UFn
20	3	6		וַ/יִּקַּ֣ח	c/3947	HC/Vqw3ms	10YNC
20	3	7		הַ/מֶּ֡לֶךְ	d/4428	HTd/Ncmsa	10aR8
20	3	8		אֵ֣ת	853	HTo	10LkN
20	3	9		עֶֽשֶׂר	6235	HAcfsa	10sNT
20	3	10		נָשִׁ֣ים	802	HNcfpa	10tBw
20	3	11		פִּלַגְשִׁ֡ים	6370	HNcfpa	108Ka
20	3	12		אֲשֶׁ֣ר	834 a	HTr	1035Y
20	3	13		הִנִּיחַ֩	3240	HVhp3ms	109MC
20	3	14		לִ/שְׁמֹ֨ר	l/8104	HR/Vqc	10L8B
20	3	15		הַ/בַּ֜יִת	d/1004 b	HTd/Ncmsa	10S9i
20	3	16		וַֽ/יִּתְּנֵ֤/ם	c/5414	HC/Vqw3ms/Sp3mp	10Mv3
20	3	17		בֵּית	1004 b	HNcmsc	10wVV
20	3	18		מִשְׁמֶ֨רֶת֙	4931	HNcfsa	10g4n
20	3	19		וַֽ/יְכַלְכְּלֵ֔/ם	c/3557	HC/Vlw3ms/Sp3mp	10kQp
20	3	20		וַ/אֲלֵי/הֶ֖ם	c/413	HC/R/Sp3mp	10Kb6
20	3	21		לֹא	3808	HTn	10b2m
20	3	22		בָ֑א	935	HVqp3ms	10ydG
20	3	23		וַ/תִּהְיֶ֧ינָה	c/1961	HC/Vqw3fp	105Fz
20	3	24		צְרֻר֛וֹת	6887 b	HVqsfpa	10fdx
20	3	25		עַד	5704	HR	10nbJ
20	3	26		י֥וֹם	3117	HNcmsc	10kFR
20	3	27		מֻתָ֖/ן	4194	HVqc/Sp3fp	10bdT
20	3	28		אַלְמְנ֥וּת	491	HNcfsc	10198
20	3	29		חַיּֽוּת	2424	HNcfsa	10zXN
20	4	1		וַ/יֹּ֤אמֶר	c/559	HC/Vqw3ms	10GsJ
20	4	2		הַ/מֶּ֨לֶךְ֙	d/4428	HTd/Ncmsa	10Ygk
20	4	3		אֶל	413	HR	10pvb
20	4	4		עֲמָשָׂ֔א	6021	HNp	10ikT
20	4	5		הַזְעֶק	2199	HVhv2ms	10hkL
20	4	6		לִ֥/י	l	HR/Sp1cs	10Zkg
20	4	7		אֶת	853	HTo	10rjG
20	4	8		אִישׁ	376	HNcmsc	10Zr3
20	4	9		יְהוּדָ֖ה	3063	HNp	10wyh
20	4	10		שְׁלֹ֣שֶׁת	7969	HAcmsc	10ptA
20	4	11		יָמִ֑ים	3117	HNcmpa	10eWf
20	4	12		וְ/אַתָּ֖ה	c/859 a	HC/Pp2ms	10CPj
20	4	13		פֹּ֥ה	6311	HD	1075q
20	4	14		עֲמֹֽד	5975	HVqv2ms	10ZEp
20	5	1		וַ/יֵּ֥לֶךְ	c/3212	HC/Vqw3ms	10ujr
20	5	2		עֲמָשָׂ֖א	6021	HNp	10YAj
20	5	3		לְ/הַזְעִ֣יק	l/2199	HR/Vhc	10vTy
20	5	4		אֶת	853	HTo	10uRq
20	5	5		יְהוּדָ֑ה	3063	HNp	10ZEw
20	5	6	x-ketiv	ו/ייחר	c/3186	HC/Vqw3ms	10WYA
20	5	7		וַ/יּ֕וֹחֶר	c/309	HC/Vhw3ms	10qhb
20	5	8		מִן	4480 a	HR	10GDP
20	5	9		הַ/מּוֹעֵ֖ד	d/4150	HTd/Ncmsa	10APs
20	5	10		אֲשֶׁ֥ר	834 a	HTr	10qXw
20	5	11		יְעָדֽ/וֹ	3259	HVqp3ms/Sp3ms	10Gh9
20	6	1		וַ/יֹּ֤אמֶר	c/559	HC/Vqw3ms	10n4y
20	6	2		דָּוִד֙	1732	HNp	106i6
20	6	3		אֶל	413	HR	10squ
20	6	4		אֲבִישַׁ֔י	52	HNp	10Kgq
20	6	5		עַתָּ֗ה	6258	HD	10v4i
20	6	6		יֵ֧רַֽע	3415	HVqi3ms	10RbN
20	6	7		לָ֛/נוּ	l	HR/Sp1cp	109LN
20	6	8		שֶׁ֥בַע	7652 a	HAcfsa	10dof
20	6	9		בֶּן	1121 a	HNcmsc	10jCu
20	6	10		בִּכְרִ֖י	1075	HNp	10RA2
20	6	11		מִן	4480 a	HR	1022L
20	6	12		אַבְשָׁל֑וֹם	53	HNp	10eJb
20	6	13		אַ֠תָּה	859 a	HPp2ms	10TCo
20	6	14		קַ֞ח	3947	HVqv2ms	101DL
20	6	15		אֶת	853	HTo	10U11
20	6	16		עַבְדֵ֤י	5650	HNcmpc	10wAB
20	6	17		אֲדֹנֶ֨י/ךָ֙	113	HNcmpc/Sp2ms	10Jdr
20	6	18		וּ/רְדֹ֣ף	c/7291	HC/Vqv2ms	10kds
20	6	19		אַחֲרָ֔י/ו	310 a	HR/Sp3ms	10VhE
20	6	20		פֶּן	6435	HC	10XYi
20	6	21		מָ֥צָא	4672	HVqp3ms	10ejz
20	6	22		ל֛/וֹ	l	HR/Sp3ms	10etA
20	6	23		עָרִ֥ים	5892 b	HNcfpa	10DcB
20	6	24		בְּצֻר֖וֹת	1219	HAafpa	10pEu
20	6	25		וְ/הִצִּ֥יל	c/5337	HC/Vhq3ms	10Xoa
20	6	26		עֵינֵֽ/נוּ	5869 a	HNcbsc/Sp1cp	10EWC
20	7	1		וַ/יֵּצְא֤וּ	c/3318	HC/Vqw3mp	10yDn
20	7	2		אַֽחֲרָי/ו֙	310 a	HR/Sp3ms	10bJ2
20	7	3		אַנְשֵׁ֣י	376	HNcmpc	10YKT
20	7	4		יוֹאָ֔ב	3097	HNp	10URj
20	7	5		וְ/הַ/כְּרֵתִ֥י	c/d/3774	HC/Td/Ngmsa	106mo
20	7	6		וְ/הַ/פְּלֵתִ֖י	c/d/6432	HC/Td/Ngmsa	10yxJ
20	7	7		וְ/כָל	c/3605	HC/Ncmsc	10NM4
20	7	8		הַ/גִּבֹּרִ֑ים	d/1368	HTd/Aampa	10fhU
20	7	9		וַ/יֵּֽצְאוּ֙	c/3318	HC/Vqw3mp	10xuo
20	7	10		מִ/יר֣וּשָׁלִַ֔ם	m/3389	HR/Np	10UEp
20	7	11		לִ/רְדֹּ֕ף	l/7291	HR/Vqc	10MDn
20	7	12		אַחֲרֵ֖י	310 a	HR	10ju9
20	7	13		שֶׁ֥בַע	7652 a	HAcfsa	10YEm
20	7	14		בֶּן	1121 a	HNcmsc	103xG
20	7	15		בִּכְרִֽי	1075	HNp	10ZgR
20	8	1		הֵ֗ם	1992	HPp3mp	103qk
20	8	2		עִם	5973 a	HR	10pGx
20	8	3		הָ/אֶ֤בֶן	d/68	HTd/Ncfsa	10hv5
20	8	4		הַ/גְּדוֹלָה֙	d/1419 a	HTd/Aafsa	10QGv
20	8	5		אֲשֶׁ֣ר	834 a	HTr	10L7y
20	8	6		בְּ/גִבְע֔וֹן	b/1391	HR/Np	10nu8
20	8	7		וַ/עֲמָשָׂ֖א	c/6021	HC/Np	10n1y
20	8	8		בָּ֣א	935	HVqp3ms	10Zkm
20	8	9		לִ/פְנֵי/הֶ֑ם	l/6440	HR/Ncbpc/Sp3mp	10qVK
20	8	10		וְ/יוֹאָ֞ב	c/3097	HC/Np	10jBr
20	8	11		חָג֣וּר	2296	HVqsmsa	10cgK
20	8	12		מִדּ֣/וֹ	4055	HNcmsc/Sp3ms	10Nqr
20	8	13		לְבֻשׁ֗/וּ	3830	HNcmsc/Sp3ms	10LxX
20	8	14	x-ketiv	ו/על/ו	c/5921 a	HC/R/Sp3ms	10Ljx
20	8	15		וְ/עָלָ֞י/ו	c/5921 a	HC/R/Sp3ms	10bus
20	8	16		חֲג֥וֹר	2290 a	HNcmsc	10NNv
20	8	17		חֶ֨רֶב֙	2719	HNcfsa	10M37
20	8	18		מְצֻמֶּ֤דֶת	6775	HVPsfsa	10f1x
20	8	19		עַל	5921 a	HR	103r7
20	8	20		מָתְנָי/ו֙	4975	HNcmdc/Sp3ms	10Zw5
20	8	21		בְּ/תַעְרָ֔/הּ	b/8593	HR/Ncbsc/Sp3fs	10nu3
20	8	22		וְ/ה֥וּא	c/1931	HC/Pp3ms	10VNP
20	8	23		יָצָ֖א	3318	HVqp3ms	10jsx
20	8	24		וַ/תִּפֹּֽל	c/5307	HC/Vqw3fs	10JD3
20	9	1		וַ/יֹּ֤אמֶר	c/559	HC/Vqw3ms	104eU
20	9	2		יוֹאָב֙	3097	HNp	10ypB
20	9	3		לַ/עֲמָשָׂ֔א	l/6021	HR/Np	10svx
20	9	4		הֲ/שָׁל֥וֹם	i/7965	HTi/Ncmsa	10mrL
20	9	5		אַתָּ֖ה	859 a	HPp2ms	10d8S
20	9	6		אָחִ֑/י	251	HNcmsc/Sp1cs	10tSP
20	9	7		וַ/תֹּ֜חֶז	c/270	HC/Vqw3fs	10bjP
20	9	8		יַד	3027	HNcbsc	10aKU
20	9	9		יְמִ֥ין	3225	HNcfsc	10iBY
20	9	10		יוֹאָ֛ב	3097	HNp	10gw3
20	9	11		בִּ/זְקַ֥ן	b/2206	HR/Ncbsc	10Wee
20	9	12		עֲמָשָׂ֖א	6021	HNp	10Zc7
20	9	13		לִ/נְשָׁק	l/5401 a	HR/Vqc	10Ee2
20	9	14		לֽ/וֹ	l	HR/Sp3ms	10ZHm
20	10	1		וַ/עֲמָשָׂ֨א	c/6021	HC/Np	10ofL
20	10	2		לֹֽא	3808	HTn	10GhY
20	10	3		נִשְׁמַ֜ר	8104	HVNp3ms	109n6
20	10	4		בַּ/חֶ֣רֶב	b/2719	HRd/Ncfsa	10TPj
20	10	5		אֲשֶׁ֣ר	834 a	HTr	10rvH
20	10	6		בְּ/יַד	b/3027	HR/Ncbsc	10nVc
20	10	7		יוֹאָ֗ב	3097	HNp	10Yqo
20	10	8		וַ/יַּכֵּ/הוּ֩	c/5221	HC/Vhw3ms/Sp3ms	10uKG
20	10	9		בָ֨/הּ	b	HR/Sp3fs	10KoS
20	10	10		אֶל	413	HR	10y1v
20	10	11		הַ/חֹ֜מֶשׁ	d/2570	HTd/Ncmsa	10nD3
20	10	12		וַ/יִּשְׁפֹּ֨ךְ	c/8210	HC/Vqw3ms	10aDh
20	10	13		מֵעָ֥י/ו	4578	HNcmpc/Sp3ms	10XXA
20	10	14		אַ֛רְצָ/ה	776	HNcbsa/Sd	10BRn
20	10	15		וְ/לֹא	c/3808	HC/Tn	10BCo
20	10	16		שָׁ֥נָה	8138 b	HVqp3ms	10jY8
20	10	17		ל֖/וֹ	l	HR/Sp3ms	10ANE
20	10	18		וַ/יָּמֹ֑ת	c/4191	HC/Vqw3ms	10ss1
20	10	19		וְ/יוֹאָב֙	c/3097	HC/Np	10kyF
20	10	20		וַ/אֲבִישַׁ֣י	c/52	HC/Np	10AkE
20	10	21		אָחִ֔י/ו	251	HNcmsc/Sp3ms	10cyn
20	10	22		רָדַ֕ף	7291	HVqp3ms	10TX5
20	10	23		אַחֲרֵ֖י	310 a	HR	10awA
20	10	24		שֶׁ֥בַע	7652 a	HAcfsa	105Ga
20	10	25		בֶּן	1121 a	HNcmsc	10jvj
20	10	26		בִּכְרִֽי	1075	HNp	10bfj
20	11	1		וְ/אִישׁ֙	c/376	HC/Ncmsa	10ZMA
20	11	2		עָמַ֣ד	5975	HVqp3ms	10mWA
20	11	3		עָלָ֔י/ו	5921 a	HR/Sp3ms	10rm7
20	11	4		מִֽ/נַּעֲרֵ֖י	m/5288	HR/Ncmpc	10yug
20	11	5		יוֹאָ֑ב	3097	HNp	10Bpi
20	11	6		וַ/יֹּ֗אמֶר	c/559	HC/Vqw3ms	10HGn
20	11	7		מִי֩	4310	HTi	101u6
20	11	8		אֲשֶׁ֨ר	834 a	HTr	10jE7
20	11	9		חָפֵ֧ץ	2654 a	HVqp3ms	107Ws
20	11	10		בְּ/יוֹאָ֛ב	b/3097	HR/Np	10WPv
20	11	11		וּ/מִ֥י	c/4310	HC/Ti	10and
20	11	12		אֲשֶׁר	834 a	HTr	10q86
20	11	13		לְ/דָוִ֖ד	l/1732	HR/Np	10JYX
20	11	14		אַחֲרֵ֥י	310 a	HR	10dzt
20	11	15		יוֹאָֽב	3097	HNp	10Wat
20	12	1		וַ/עֲמָשָׂ֛א	c/6021	HC/Np	10cpA
20	12	2		מִתְגֹּלֵ֥ל	1556	HVrrmsa	10RUY
20	12	3		בַּ/דָּ֖ם	b/1818	HRd/Ncmsa	10h1u
20	12	4		בְּ/ת֣וֹךְ	b/8432	HR/Ncmsc	10Zs6
20	12	5		הַֽ/מְסִּלָּ֑ה	d/4546	HTd/Ncfsa	10yap
20	12	6		וַ/יַּ֨רְא	c/7200	HC/Vqw3ms	10ioT
20	12	7		הָ/אִ֜ישׁ	d/376	HTd/Ncmsa	10bLg
20	12	8		כִּֽי	3588 a	HC	10WPW
20	12	9		עָמַ֣ד	5975	HVqp3ms	10p3p
20	12	10		כָּל	3605	HNcmsc	10ehS
20	12	11		הָ/עָ֗ם	d/5971 a	HTd/Ncmsa	10Rwe
20	12	12		וַ/יַּסֵּב֩	c/5437	HC/Vhw3ms	10RFg
20	12	13		אֶת	853	HTo	10x37
20	12	14		עֲמָשָׂ֨א	6021	HNp	10Sni
20	12	15		מִן	4480 a	HR	10KYM
20	12	16		הַֽ/מְסִלָּ֤ה	d/4546	HTd/Ncfsa	10138
20	12	17		הַ/שָּׂדֶה֙	d/7704 b	HTd/Ncmsa	10t9r
20	12	18		וַ/יַּשְׁלֵ֤ךְ	c/7993	HC/Vhw3ms	10A87
20	12	19		עָלָי/ו֙	5921 a	HR/Sp3ms	10Qfw
20	12	20		בֶּ֔גֶד	899 b	HNcmsa	10Ny9
20	12	21		כַּ/אֲשֶׁ֣ר	k/834 d	HR/Tr	10kpB
20	12	22		רָאָ֔ה	7200	HVqp3ms	10Gka
20	12	23		כָּל	3605	HNcmsc	105s2
20	12	24		הַ/בָּ֥א	d/935	HTd/Vqrmsa	10oD3
20	12	25		עָלָ֖י/ו	5921 a	HR/Sp3ms	10FpP
20	12	26		וְ/עָמָֽד	c/5975	HC/Vqp3ms	10T11
20	13	1		כַּ/אֲשֶׁ֥ר	k/834 d	HR/Tr	10Kt2
20	13	2		הֹגָ֖ה	3014	HVhp3ms	10pVF
20	13	3		מִן	4480 a	HR	1046N
20	13	4		הַֽ/מְסִלָּ֑ה	d/4546	HTd/Ncfsa	10g7R
20	13	5		עָבַ֤ר	5674 a	HVqp3ms	10hVa
20	13	6		כָּל	3605	HNcmsc	10gaf
20	13	7		אִישׁ֙	376	HNcmsa	10MGb
20	13	8		אַחֲרֵ֣י	310 a	HR	10BsP
20	13	9		יוֹאָ֔ב	3097	HNp	10x9n
20	13	10		לִ/רְדֹּ֕ף	l/7291	HR/Vqc	10e4W
20	13	11		אַחֲרֵ֖י	310 a	HR	10ukG
20	13	12		שֶׁ֥בַע	7652 a	HAcfsa	10P19
20	13	13		בֶּן	1121 a	HNcmsc	10YBg
20	13	14		בִּכְרִֽי	1075	HNp	10tJt
20	14	1		וַֽ/יַּעֲבֹ֞ר	c/5674 a	HC/Vqw3ms	10T3b
20	14	2		בְּ/כָל	b/3605	HR/Ncmsc	10zpd
20	14	3		שִׁבְטֵ֣י	7626	HNcmpc	10fo4
20	14	4		יִשְׂרָאֵ֗ל	3478	HNp	10JcQ
20	14	5		אָבֵ֛לָ/ה	59	HNp/Sd	10nsG
20	14	6		וּ/בֵ֥ית	c/1038+	HC/Np	10gsU
20	14	7		מַעֲכָ֖ה	1038	HNp	107qg
20	14	8		וְ/כָל	c/3605	HC/Ncmsc	10e5s
20	14	9		הַ/בֵּרִ֑ים	d/1276	HTd/Ngmpa	10W55
20	14	10	x-ketiv	ו/יקלהו	c/7035	HC/VNw3mp	10M2X
20	14	11		וַ/יִּקָּ֣הֲל֔וּ	c/6950	HC/VNw3mp	10n34
20	14	12		וַ/יָּבֹ֖אוּ	c/935	HC/Vqw3mp	10mvp
20	14	13		אַף	637	HTa	10sxM
20	14	14		אַחֲרָֽי/ו	310 a	HR/Sp3ms	10DwN
20	15	1		וַ/יָּבֹ֜אוּ	c/935	HC/Vqw3mp	10geR
20	15	2		וַ/יָּצֻ֣רוּ	c/6696 a	HC/Vqw3mp	10XSs
20	15	3		עָלָ֗י/ו	5921 a	HR/Sp3ms	10gF9
20	15	4		בְּ/אָבֵ֨לָ/ה֙	b/59	HR/Np/Sd	10jPg
20	15	5		בֵּ֣ית	1038+	HNp	10fmE
20	15	6		הַֽמַּעֲכָ֔ה	1038	HNp	108Jb
20	15	7		וַ/יִּשְׁפְּכ֤וּ	c/8210	HC/Vqw3mp	10ow7
20	15	8		סֹֽלְלָה֙	5550	HNcfsa	10FpJ
20	15	9		אֶל	413	HR	10oHD
20	15	10		הָ/עִ֔יר	d/5892 b	HTd/Ncfsa	10Gyh
20	15	11		וַֽ/תַּעֲמֹ֖ד	c/5975	HC/Vqw3fs	10uZa
20	15	12		בַּ/חֵ֑ל	b/2426	HRd/Ncmsa	10Y9V
20	15	13		וְ/כָל	c/3605	HC/Ncmsc	10n71
20	15	14		הָ/עָם֙	d/5971 a	HTd/Ncmsa	10qj9
20	15	15		אֲשֶׁ֣ר	834 a	HTr	10Yip
20	15	16		אֶת	854	HR	10Bjm
20	15	17		יוֹאָ֔ב	3097	HNp	10LJT
20	15	18		מַשְׁחִיתִ֖ם	7843	HVhrmpa	107Tg
20	15	19		לְ/הַפִּ֥יל	l/5307	HR/Vhc	10owQ
20	15	20		הַ/חוֹמָֽה	d/2346	HTd/Ncfsa	10G3J
20	16	1		וַ/תִּקְרָ֛א	c/7121	HC/Vqw3fs	10WoZ
20	16	2		אִשָּׁ֥ה	802	HNcfsa	10W2r
20	16	3		חֲכָמָ֖ה	2450	HAafsa	10KPR
20	16	4		מִן	4480 a	HR	10cee
20	16	5		הָ/עִ֑יר	d/5892 b	HTd/Ncfsa	10tND
20	16	6		שִׁמְע֤וּ	8085	HVqv2mp	10eZx
20	16	7		שִׁמְעוּ֙	8085	HVqv2mp	10nbw
20	16	8		אִמְרוּ	559	HVqv2mp	10Ucv
20	16	9		נָ֣א	4994	HTe	101j8
20	16	10		אֶל	413	HR	10Vh8
20	16	11		יוֹאָ֔ב	3097	HNp	10eFt
20	16	12		קְרַ֣ב	7126	HVqv2ms	10Mgt
20	16	13		עַד	5704	HR	10tCS
20	16	14		הֵ֔נָּה	2008	HD	10PrL
20	16	15		וַ/אֲדַבְּרָ֖ה	c/1696	HC/Vph1cs	10q8X
20	16	16		אֵלֶֽי/ךָ	413	HR/Sp2ms	10VGa
20	17	1		וַ/יִּקְרַ֣ב	c/7126	HC/Vqw3ms	10bMM
20	17	2		אֵלֶ֔י/הָ	413	HR/Sp3fs	10GSx
20	17	3		וַ/תֹּ֧אמֶר	c/559	HC/Vqw3fs	109dP
20	17	4		הָ/אִשָּׁ֛ה	d/802	HTd/Ncfsa	10dvk
20	17	5		הַ/אַתָּ֥ה	i/859 a	HTi/Pp2ms	10uUS
20	17	6		יוֹאָ֖ב	3097	HNp	10EjV
20	17	7		וַ/יֹּ֣אמֶר	c/559	HC/Vqw3ms	10Sps
20	17	8		אָ֑נִי	589	HPp1cs	10keq
20	17	9		וַ/תֹּ֣אמֶר	c/559	HC/Vqw3fs	10BSE
20	17	10		ל֗/וֹ	l	HR/Sp3ms	10JVW
20	17	11		שְׁמַע֙	8085	HVqv2ms	10u6J
20	17	12		דִּבְרֵ֣י	1697	HNcmpc	103Hq
20	17	13		אֲמָתֶ֔/ךָ	519	HNcfsc/Sp2ms	10Unp
20	17	14		וַ/יֹּ֖אמֶר	c/559	HC/Vqw3ms	10oNu
20	17	15		שֹׁמֵ֥עַ	8085	HVqrmsa	102ZC
20	17	16		אָנֹֽכִי	595	HPp1cs	102Pn
20	18	1		וַ/תֹּ֖אמֶר	c/559	HC/Vqw3fs	10Jw6
20	18	2		לֵ/אמֹ֑ר	l/559	HR/Vqc	10qYt
20	18	3		דַּבֵּ֨ר	1696	HVpa	10BnB
20	18	4		יְדַבְּר֤וּ	1696	HVpi3mp	10Vap
20	18	5		בָ/רִֽאשֹׁנָה֙	b/7223	HRd/Aafsa	10tB6
20	18	6		לֵ/אמֹ֔ר	l/559	HR/Vqc	10oC1
20	18	7		שָׁאֹ֧ל	7592	HVqa	10bst
20	18	8		יְשָׁאֲל֛וּ	7592	HVpi3mp	105iT
20	18	9		בְּ/אָבֵ֖ל	b/59	HR/Np	10Jmq
20	18	10		וְ/כֵ֥ן	c/3651 c	HC/Tm	10z9m
20	18	11		הֵתַֽמּוּ	8552	HVhp3cp	10XNh
20	19	1		אָנֹכִ֕י	595	HPp1cs	10Xxb
20	19	2		שְׁלֻמֵ֖י	7999 b	HVqsmpc	10j3N
20	19	3		אֱמוּנֵ֣י	539	HAampc	10KhX
20	19	4		יִשְׂרָאֵ֑ל	3478	HNp	10WPh
20	19	5		אַתָּ֣ה	859 a	HPp2ms	10K6n
20	19	6		מְבַקֵּ֗שׁ	1245	HVprmsa	1078e
20	19	7		לְ/הָמִ֨ית	l/4191	HR/Vhc	10Xdw
20	19	8		עִ֤יר	5892 b	HNcfsa	10EPY
20	19	9		וְ/אֵם֙	c/517	HC/Ncfsa	10FRd
20	19	10		בְּ/יִשְׂרָאֵ֔ל	b/3478	HR/Np	10k4p
20	19	11		לָ֥/מָּה	l/4100	HR/Ti	10ZJp
20	19	12		תְבַלַּ֖ע	1104	HVpi2ms	10TTa
20	19	13		נַחֲלַ֥ת	5159	HNcfsc	10sCD
20	19	14		יְהוָֽה	3068	HNp	10hCJ
20	20	1		וַ/יַּ֥עַן	c/6030 b	HC/Vqw3ms	10siM
20	20	2		יוֹאָ֖ב	3097	HNp	1012P
20	20	3		וַ/יֹּאמַ֑ר	c/559	HC/Vqw3ms	10yb4
20	20	4		חָלִ֤ילָ/ה	2486	HTj/Sh	10Qer
20	20	5		חָלִ֨ילָ/ה֙	2486	HTj/Sh	10LfY
20	20	6		לִ֔/י	l	HR/Sp1cs	10ENP
20	20	7		אִם	518 a	HC	10ZoA
20	20	8		אֲבַלַּ֖ע	1104	HVpi1cs	10Suu
20	20	9		וְ/אִם	c/518 a	HC/C	10oPW
20	20	10		אַשְׁחִֽית	7843	HVhi1cs	10iAu
20	21	1		לֹא	3808	HTn	10oPN
20	21	2		כֵ֣ן	3651 c	HD	10pDT
20	21	3		הַ/דָּבָ֗ר	d/1697	HTd/Ncmsa	10HJm
20	21	4		כִּ֡י	3588 a	HC	10fTU
20	21	5		אִישׁ֩	376	HNcmsa	10t8B
20	21	6		מֵ/הַ֨ר	m/2022	HR/Ncmsc	10eaq
20	21	7		אֶפְרַ֜יִם	669	HNp	10azR
20	21	8		שֶׁ֧בַע	7652 a	HAcfsa	10jQQ
20	21	9		בֶּן	1121 a	HNcmsc	10sDb
20	21	10		בִּכְרִ֣י	1075	HNp	10s1w
20	21	11		שְׁמ֗/וֹ	8034	HNcmsc/Sp3ms	10DPf
20	21	12		נָשָׂ֤א	5375	HVqp3ms	10rWo
20	21	13		יָד/וֹ֙	3027	HNcbsc/Sp3ms	10sKc
20	21	14		בַּ/מֶּ֣לֶךְ	b/4428	HRd/Ncmsa	106fn
20	21	15		בְּ/דָוִ֔ד	b/1732	HR/Np	10Cf5
20	21	16		תְּנֽוּ	5414	HVqv2mp	10WAB
20	21	17		אֹת֣/וֹ	853	HTo/Sp3ms	10jth
20	21	18		לְ/בַדּ֔/וֹ	l/905	HR/Ncmsc/Sp3ms	10Rbd
20	21	19		וְ/אֵלְכָ֖ה	c/3212	HC/Vqh1cs	10XCe
20	21	20		מֵ/עַ֣ל	m/5921 a	HR/R	1097G
20	21	21		הָ/עִ֑יר	d/5892 b	HTd/Ncfsa	105qf
20	21	22		וַ/תֹּ֤אמֶר	c/559	HC/Vqw3fs	10UBZ
20	21	23		הָֽ/אִשָּׁה֙	d/802	HTd/Ncfsa	109h4
20	21	24		אֶל	413	HR	10axx
20	21	25		יוֹאָ֔ב	3097	HNp	10jdG
20	21	26		הִנֵּ֥ה	2009	HTm	10J4J
20	21	27		רֹאשׁ֛/וֹ	7218 a	HNcmsc/Sp3ms	10PWn
20	21	28		מֻשְׁלָ֥ךְ	7993	HVHsmsa	10HsD
20	21	29		אֵלֶ֖י/ךָ	413	HR/Sp2ms	10ph7
20	21	30		בְּעַ֥ד	1157	HR	10XFJ
20	21	31		הַ/חוֹמָֽה	d/2346	HTd/Ncfsa	103iH
20	22	1		וַ/תָּבוֹא֩	c/935	HC/Vqw3fs	10uY4
20	22	2		הָ/אִשָּׁ֨ה	d/802	HTd/Ncfsa	10H5C
20	22	3		אֶל	413	HR	10gut
20	22	4		כָּל	3605	HNcmsc	106rs
20	22	5		הָ/עָ֜ם	d/5971 a	HTd/Ncmsa	10iU2
20	22	6		בְּ/חָכְמָתָ֗/הּ	b/2451	HR/Ncfsc/Sp3fs	10KDJ
20	22	7		וַֽ/יִּכְרְת֞וּ	c/3772	HC/Vqw3mp	10Yko
20	22	8		אֶת	853	HTo	10TbR
20	22	9		רֹ֨אשׁ	7218 a	HNcmsc	10ytT
20	22	10		שֶׁ֤בַע	7652 a	HAcfsa	10ATb
20	22	11		בֶּן	1121 a	HNcmsc	10ETp
20	22	12		בִּכְרִי֙	1075	HNp	10VmE
20	22	13		וַ/יַּשְׁלִ֣כוּ	c/7993	HC/Vhw3mp	10UNE
20	22	14		אֶל	413	HR	10uJA
20	22	15		יוֹאָ֔ב	3097	HNp	1028S
20	22	16		וַ/יִּתְקַע֙	c/8628	HC/Vqw3ms	10cLf
20	22	17		בַּ/שּׁוֹפָ֔ר	b/7782	HRd/Ncmsa	109FC
20	22	18		וַ/יָּפֻ֥צוּ	c/6327 a	HC/Vqw3mp	10vyf
20	22	19		מֵֽ/עַל	m/5921 a	HR/R	10joM
20	22	20		הָ/עִ֖יר	d/5892 b	HTd/Ncfsa	1016u
20	22	21		אִ֣ישׁ	376	HNcmsa	10Sac
20	22	22		לְ/אֹהָלָ֑י/ו	l/168	HR/Ncmpc/Sp3ms	10UsZ
20	22	23		וְ/יוֹאָ֛ב	c/3097	HC/Np	105AU
20	22	24		שָׁ֥ב	7725	HVqp3ms	101ZY
20	22	25		יְרוּשָׁלִַ֖ם	3389	HNp	10e8V
20	22	26		אֶל	413	HR	10XGf
20	22	27		הַ/מֶּֽלֶךְ	d/4428	HTd/Ncmsa	103kn
20	23	1		וְ/יוֹאָ֕ב	c/3097	HC/Np	107pC
20	23	2		אֶ֥ל	413	HR	10CY7
20	23	3		כָּל	3605	HNcmsc	10opR
20	23	4		הַ/צָּבָ֖א	d/6635 a	HTd/Ncbsa	10VdB
20	23	5		יִשְׂרָאֵ֑ל	3478	HNp	10Qwa
20	23	6		וּ/בְנָיָה֙	c/1141	HC/Np	10FaZ
20	23	7		בֶּן	1121 a	HNcmsc	10XSd
20	23	8		יְה֣וֹיָדָ֔ע	3077	HNp	10SgK
20	23	9		עַל	5921 a	HR	10VX4
20	23	10	x-ketiv	ה/כרי	d/3746	HTd/Ngmsa	10KjA
20	23	11		הַ/כְּרֵתִ֖י	d/3774	HTd/Ngmsa	10N2F
20	23	12		וְ/עַל	c/5921 a	HC/R	10bfN
20	23	13		הַ/פְּלֵתִֽי	d/6432	HTd/Ngmsa	10Bkn
20	24	1		וַ/אֲדֹרָ֖ם	c/151	HC/Np	10KyM
20	24	2		עַל	5921 a	HR	106D5
20	24	3		הַ/מַּ֑ס	d/4522	HTd/Ncmsa	10mrF
20	24	4		וִ/יהוֹשָׁפָ֥ט	c/3092	HC/Np	10fKs
20	24	5		בֶּן	1121 a	HNcmsc	10vsB
20	24	6		אֲחִיל֖וּד	286	HNp	101TK
20	24	7		הַ/מַּזְכִּֽיר	d/2142	HTd/Vhrmsa	10JSH
20	25	1	x-ketiv	ו/שיא	c/7864	HC/Np	10hTk
20	25	2		וּ/שְׁוָ֖א	c/7724	HC/Np	10buz
20	25	3		סֹפֵ֑ר	5608 b	HNcmsa	10Le9
20	25	4		וְ/צָד֥וֹק	c/6659	HC/Np	10RkQ
20	25	5		וְ/אֶבְיָתָ֖ר	c/54	HC/Np	10Z5v
20	25	6		כֹּהֲנִֽים	3548	HNcmpa	10ajx
20	26	1		וְ/גַ֗ם	c/1571	HC/Ta	10vVb
20	26	2		עִירָא֙	5896	HNp	10SPW
20	26	3		הַ/יָּ֣אִרִ֔י	d/2972	HTd/Ngmsa	10Y3a
20	26	4		הָיָ֥ה	1961	HVqp3ms	10T6R
20	26	5		כֹהֵ֖ן	3548	HNcmsa	10h5B
20	26	6		לְ/דָוִֽד	l/1732	HR/Np	10ABc
21	1	1		וַ/יְהִ֣י	c/1961	HC/Vqw3ms	10hAZ
21	1	2		רָעָב֩	7458	HNcmsa	10VjZ
21	1	3		בִּ/ימֵ֨י	b/3117	HR/Ncmpc	10XCY
21	1	4		דָוִ֜ד	1732	HNp	10Q6t
21	1	5		שָׁלֹ֣שׁ	7969	HAcfsa	10CNu
21	1	6		שָׁנִ֗ים	8141	HNcfpa	10bNQ
21	1	7		שָׁנָה֙	8141	HNcfsa	10YTX
21	1	8		אַחֲרֵ֣י	310 a	HR	10yK8
21	1	9		שָׁנָ֔ה	8141	HNcfsa	10F7i
21	1	10		וַ/יְבַקֵּ֥שׁ	c/1245	HC/Vpw3ms	10x1o
21	1	11		דָּוִ֖ד	1732	HNp	10Ju6
21	1	12		אֶת	853	HTo	10iac
21	1	13		פְּנֵ֣י	6440	HNcbpc	10KGC
21	1	14		יְהוָ֑ה	3068	HNp	109p6
21	1	15		וַ/יֹּ֣אמֶר	c/559	HC/Vqw3ms	10cBd
21	1	16		יְהוָ֗ה	3068	HNp	10mi6
21	1	17		אֶל	413	HR	10xQQ
21	1	18		שָׁאוּל֙	7586	HNp	10piH
21	1	19		וְ/אֶל	c/413	HC/R	10wZ1
21	1	20		בֵּ֣ית	1004 b	HNcmsc	10Gog
21	1	21		הַ/דָּמִ֔ים	d/1818	HTd/Ncmpa	10wpw
21	1	22		עַל	5921 a	HR	10dQ2
21	1	23		אֲשֶׁר	834 a	HTr	10rq5
21	1	24		הֵמִ֖ית	4191	HVhp3ms	10TKr
21	1	25		אֶת	853	HTo	10KZ6
21	1	26		הַ/גִּבְעֹנִֽים	d/1393	HTd/Ngmpa	10gGN
21	2	1		וַ/יִּקְרָ֥א	c/7121	HC/Vqw3ms	10LF1
21	2	2		הַ/מֶּ֛לֶךְ	d/4428	HTd/Ncmsa	10os3
21	2	3		לַ/גִּבְעֹנִ֖ים	l/1393	HRd/Ngmpa	10bZo
21	2	4		וַ/יֹּ֣אמֶר	c/559	HC/Vqw3ms	1037i
21	2	5		אֲלֵי/הֶ֑ם	413	HR/Sp3mp	10WkH
21	2	6		וְ/הַ/גִּבְעֹנִ֞ים	c/d/1393	HC/Td/Ngmpa	10oxo
21	2	7		לֹ֣א	3808	HTn	10xrs
21	2	8		מִ/בְּנֵ֧י	m/1121 a	HR/Ncmpc	102Yq
21	2	9		יִשְׂרָאֵ֣ל	3478	HNp	1026h
21	2	10		הֵ֗מָּה	1992	HPp3mp	10v8s
21	2	11		כִּ֚י	3588 b	HC	109V6
21	2	12		אִם	518 b	HC	10hN7
21	2	13		מִ/יֶּ֣תֶר	m/3499 a	HR/Ncmsc	10p9V
21	2	14		הָ/אֱמֹרִ֔י	d/567	HTd/Ngmsa	10cdq
21	2	15		וּ/בְנֵ֤י	c/1121 a	HC/Ncmpc	10VtC
21	2	16		יִשְׂרָאֵל֙	3478	HNp	10epZ
21	2	17		נִשְׁבְּע֣וּ	7650	HVNp3cp	101xJ
21	2	18		לָ/הֶ֔ם	l	HR/Sp3mp	10XbU
21	2	19		וַ/יְבַקֵּ֤שׁ	c/1245	HC/Vpw3ms	10ou6
21	2	20		שָׁאוּל֙	7586	HNp	10kMS
21	2	21		לְ/הַכֹּתָ֔/ם	l/5221	HR/Vhc/Sp3mp	10NAE
21	2	22		בְּ/קַנֹּאת֥/וֹ	b/7065	HR/Vpc/Sp3ms	10xRx
21	2	23		לִ/בְנֵֽי	l/1121 a	HR/Ncmpc	10252
21	2	24		יִשְׂרָאֵ֖ל	3478	HNp	10Unw
21	2	25		וִ/יהוּדָֽה	c/3063	HC/Np	10u7Y
21	3	1		וַ/יֹּ֤אמֶר	c/559	HC/Vqw3ms	102Eo
21	3	2		דָּוִד֙	1732	HNp	10mbv
21	3	3		אֶל	413	HR	10vVi
21	3	4		הַ/גִּבְעֹנִ֔ים	d/1393	HTd/Ngmpa	10iaN
21	3	5		מָ֥ה	4100	HTi	102EZ
21	3	6		אֶעֱשֶׂ֖ה	6213 a	HVqi1cs	10yTw
21	3	7		לָ/כֶ֑ם	l	HR/Sp2mp	102hV
21	3	8		וּ/בַ/מָּ֣ה	c/b/4100	HC/R/Ti	10BrS
21	3	9		אֲכַפֵּ֔ר	3722 a	HVpi1cs	10RC3
21	3	10		וּ/בָרְכ֖וּ	c/1288	HC/Vpv2mp	106NZ
21	3	11		אֶת	853	HTo	10WEx
21	3	12		נַחֲלַ֥ת	5159	HNcfsc	10ew1
21	3	13		יְהוָֽה	3068	HNp	10Bo9
21	4	1		וַ/יֹּ֧אמְרוּ	c/559	HC/Vqw3mp	10HfX
21	4	2		ל֣/וֹ	l	HR/Sp3ms	10RCH
21	4	3		הַ/גִּבְעֹנִ֗ים	d/1393	HTd/Ngmpa	10YUj
21	4	4		אֵֽין	369	HTn	10ykU
21	4	5	x-ketiv	ל/י	l	HR/Sp1cs	10qFt
21	4	6		לָ֜/נוּ	l	HR/Sp1cp	10njs
21	4	7		כֶּ֤סֶף	3701	HNcmsa	10zi5
21	4	8		וְ/זָהָב֙	c/2091	HC/Ncmsa	10ce6
21	4	9		עִם	5973 a	HR	1055V
21	4	10		שָׁא֣וּל	7586	HNp	10SQT
21	4	11		וְ/עִם	c/5973 a	HC/R	10bba
21	4	12		בֵּית֔/וֹ	1004 b	HNcmsc/Sp3ms	10WaL
21	4	13		וְ/אֵֽין	c/369	HC/Tn	10huJ
21	4	14		לָ֥/נוּ	l	HR/Sp1cp	10nnW
21	4	15		אִ֖ישׁ	376	HNcmsa	101Sg
21	4	16		לְ/הָמִ֣ית	l/4191	HR/Vhc	10Pka
21	4	17		בְּ/יִשְׂרָאֵ֑ל	b/3478	HR/Np	10tvr
21	4	18		וַ/יֹּ֛אמֶר	c/559	HC/Vqw3ms	1069q
21	4	19		מָֽה	4100	HTi	10qn3
21	4	20		אַתֶּ֥ם	859 d	HPp2mp	10Am6
21	4	21		אֹמְרִ֖ים	559	HVqrmpa	1063o
21	4	22		אֶעֱשֶׂ֥ה	6213 a	HVqi1cs	10u1x
21	4	23		לָ/כֶֽם	l	HR/Sp2mp	10jKB
21	5	1		וַ/יֹּֽאמְרוּ֙	c/559	HC/Vqw3mp	10GPt
21	5	2		אֶל	413	HR	10bCn
21	5	3		הַ/מֶּ֔לֶךְ	d/4428	HTd/Ncmsa	10a55
21	5	4		הָ/אִישׁ֙	d/376	HTd/Ncmsa	10AqG
21	5	5		אֲשֶׁ֣ר	834 a	HTr	10Syq
21	5	6		כִּלָּ֔/נוּ	3615	HVpp3ms/Sp1cp	10pqU
21	5	7		וַ/אֲשֶׁ֖ר	c/834 a	HC/Tr	10c7F
21	5	8		דִּמָּה	1819	HVpp3ms	10jKd
21	5	9		לָ֑/נוּ	l	HR/Sp1cp	109Bt
21	5	10		נִשְׁמַ֕דְנוּ	8045	HVNp1cp	10uvE
21	5	11		מֵֽ/הִתְיַצֵּ֖ב	m/3320	HR/Vtc	10WNh
21	5	12		בְּ/כָל	b/3605	HR/Ncmsc	10jWN
21	5	13		גְּבֻ֥ל	1366	HNcmsc	101QH
21	5	14		יִשְׂרָאֵֽל	3478	HNp	10sKq
21	6	1	x-ketiv	ינתן	5414	HVNj3ms	10xYX
21	6	2		יֻתַּן	5414	HVQj3ms	10YGC
21	6	3		לָ֜/נוּ	l	HR/Sp1cp	10YiZ
21	6	4		שִׁבְעָ֤ה	7651	HAcmsa	10v4S
21	6	5		אֲנָשִׁים֙	376	HNcmpa	10ixP
21	6	6		מִ/בָּנָ֔י/ו	m/1121 a	HR/Ncmpc/Sp3ms	1072Q
21	6	7		וְ/הוֹקַֽעֲנוּ/ם֙	c/3363	HC/Vhq1cp/Sp3mp	10yNu
21	6	8		לַֽ/יהוָ֔ה	l/3068	HR/Np	10ywz
21	6	9		בְּ/גִבְעַ֥ת	b/1390	HR/Np	10eEP
21	6	10		שָׁא֖וּל	7586	HNp	10KTK
21	6	11		בְּחִ֣יר	972	HAamsc	10cFs
21	6	12		יְהוָ֑ה	3068	HNp	10Aox
21	6	13		וַ/יֹּ֥אמֶר	c/559	HC/Vqw3ms	10cAM
21	6	14		הַ/מֶּ֖לֶךְ	d/4428	HTd/Ncmsa	10bHj
21	6	15		אֲנִ֥י	589	HPp1cs	10aPQ
21	6	16		אֶתֵּֽן	5414	HVqi1cs	104WN
21	7	1		וַ/יַּחְמֹ֣ל	c/2550	HC/Vqw3ms	10RRf
21	7	2		הַ/מֶּ֔לֶךְ	d/4428	HTd/Ncmsa	10nVC
21	7	3		עַל	5921 a	HR	10Bcy
21	7	4		מְפִי	4648	HNp	10P5c
21	7	5		בֹ֖שֶׁת	1322	HNp	10W37
21	7	6		בֶּן	1121 a	HNcmsc	108F5
21	7	7		יְהוֹנָתָ֣ן	3083	HNp	10enF
21	7	8		בֶּן	1121 a	HNcmsc	10npz
21	7	9		שָׁא֑וּל	7586	HNp	10jFk
21	7	10		עַל	5921 a	HR	10aad
21	7	11		שְׁבֻעַ֤ת	7621	HNcfsc	10kTe
21	7	12		יְהוָה֙	3068	HNp	105Vw
21	7	13		אֲשֶׁ֣ר	834 a	HTr	10GqA
21	7	14		בֵּֽינֹתָ֔/ם	996	HR/Sp3mp	10Nhq
21	7	15		בֵּ֣ין	996	HR	10LLK
21	7	16		דָּוִ֔ד	1732	HNp	10VUz
21	7	17		וּ/בֵ֖ין	c/996	HC/R	10xTu
21	7	18		יְהוֹנָתָ֥ן	3083	HNp	10hya
21	7	19		בֶּן	1121 a	HNcmsc	10yiC
21	7	20		שָׁאֽוּל	7586	HNp	10DCf
21	8	1		וַ/יִּקַּ֣ח	c/3947	HC/Vqw3ms	10SHs
21	8	2		הַ/מֶּ֡לֶךְ	d/4428	HTd/Ncmsa	10FE8
21	8	3		אֶת	853	HTo	10NwY
21	8	4		שְׁ֠נֵי	8147	HAcmdc	10YtK
21	8	5		בְּנֵ֨י	1121 a	HNcmpc	108yx
21	8	6		רִצְפָּ֤ה	7532	HNp	10CJy
21	8	7		בַת	1323	HNcfsc	10shv
21	8	8		אַיָּה֙	345	HNp	10xJC
21	8	9		אֲשֶׁ֣ר	834 a	HTr	10XH9
21	8	10		יָלְדָ֣ה	3205	HVqp3fs	10kx4
21	8	11		לְ/שָׁא֔וּל	l/7586	HR/Np	10Qv7
21	8	12		אֶת	853	HTo	105SQ
21	8	13		אַרְמֹנִ֖י	764	HNp	104Wf
21	8	14		וְ/אֶת	c/853	HC/To	104P8
21	8	15		מְפִבֹ֑שֶׁת	4648	HNp	10VEq
21	8	16		וְ/אֶת	c/853	HC/To	10Lpu
21	8	17		חֲמֵ֗שֶׁת	2568	HAcmsc	10nMq
21	8	18		בְּנֵי֙	1121 a	HNcmpc	10tPt
21	8	19		מִיכַ֣ל	4324	HNp	10nAY
21	8	20		בַּת	1323	HNcfsc	102iL
21	8	21		שָׁא֔וּל	7586	HNp	10t4y
21	8	22		אֲשֶׁ֥ר	834 a	HTr	10UF7
21	8	23		יָלְדָ֛ה	3205	HVqp3fs	10jvH
21	8	24		לְ/עַדְרִיאֵ֥ל	l/5741	HR/Np	10EZh
21	8	25		בֶּן	1121 a	HNcmsc	10GNQ
21	8	26		בַּרְזִלַּ֖י	1271	HNp	10csG
21	8	27		הַ/מְּחֹלָתִֽי	d/4259	HTd/Ngmsa	10SCo
21	9	1		וַֽ/יִּתְּנֵ֞/ם	c/5414	HC/Vqw3ms/Sp3mp	10okV
21	9	2		בְּ/יַ֣ד	b/3027	HR/Ncbsc	10Paf
21	9	3		הַ/גִּבְעֹנִ֗ים	d/1393	HTd/Ngmpa	10VDs
21	9	4		וַ/יֹּקִיעֻ֤/ם	c/3363	HC/Vhw3mp/Sp3mp	10HKK
21	9	5		בָּ/הָר֙	b/2022	HRd/Ncmsa	107Gj
21	9	6		לִ/פְנֵ֣י	l/6440	HR/Ncbpc	10SGr
21	9	7		יְהוָ֔ה	3068	HNp	10uo7
21	9	8		וַ/יִּפְּל֥וּ	c/5307	HC/Vqw3mp	10CVH
21	9	9	x-ketiv	שבעתים	7651	HAcfda	10syj
21	9	10		שְׁבַעְתָּ֖/ם	7651	HAcmsc/Sp3mp	10o59
21	9	11		יָ֑חַד	3162 a	HNcmsa	10g86
21	9	12	x-ketiv	ו/הם	c/1992	HC/Pp3mp	10fvv
21	9	13		וְ/הֵ֨מָּה	c/1992	HC/Pp3mp	10ZbA
21	9	14		הֻמְת֜וּ	4191	HVHp3cp	10SU6
21	9	15		בִּ/ימֵ֤י	b/3117	HR/Ncmpc	10A7F
21	9	16		קָצִיר֙	7105 a	HNcmsa	10qvD
21	9	17		בָּ/רִ֣אשֹׁנִ֔ים	b/7223	HRd/Aampa	1075H
21	9	18	x-ketiv	תחלת	8462	HNcfsc	10wax
21	9	19		בִּ/תְחִלַּ֖ת	b/8462	HR/Ncfsc	10zBH
21	9	20		קְצִ֥יר	7105 a	HNcmsc	109wJ
21	9	21		שְׂעֹרִֽים	8184	HNcfpa	10gj3
21	10	1		וַ/תִּקַּ֣ח	c/3947	HC/Vqw3fs	10dJx
21	10	2		רִצְפָּה֩	7532	HNp	10WBR
21	10	3		בַת	1323	HNcfsc	10uB9
21	10	4		אַיָּ֨ה	345	HNp	10UW8
21	10	5		אֶת	853	HTo	10rzJ
21	10	6		הַ/שַּׂ֜ק	d/8242	HTd/Ncmsa	106Sa
21	10	7		וַ/תַּטֵּ֨/הוּ	c/5186	HC/Vhw3fs/Sp3ms	106Dm
21	10	8		לָ֤/הּ	l	HR/Sp3fs	10z6r
21	10	9		אֶל	413	HR	10R8k
21	10	10		הַ/צּוּר֙	d/6697	HTd/Ncmsa	10YYk
21	10	11		מִ/תְּחִלַּ֣ת	m/8462	HR/Ncfsc	10C3M
21	10	12		קָצִ֔יר	7105 a	HNcmsa	10Yqe
21	10	13		עַ֛ד	5704	HR	108UA
21	10	14		נִתַּךְ	5413	HVNp3ms	101Yr
21	10	15		מַ֥יִם	4325	HNcmpa	1022K
21	10	16		עֲלֵי/הֶ֖ם	5921 a	HR/Sp3mp	10nkg
21	10	17		מִן	4480 a	HR	10bfa
21	10	18		הַ/שָּׁמָ֑יִם	d/8064	HTd/Ncmpa	10kcM
21	10	19		וְ/לֹֽא	c/3808	HC/Tn	10xy3
21	10	20		נָתְנָה֩	5414	HVqp3fs	10xFB
21	10	21		ע֨וֹף	5775	HNcmsc	10Xob
21	10	22		הַ/שָּׁמַ֜יִם	d/8064	HTd/Ncmpa	10q44
21	10	23		לָ/נ֤וּחַ	l/5117	HR/Vqc	10fiU
21	10	24		עֲלֵי/הֶם֙	5921 a	HR/Sp3mp	10U1v
21	10	25		יוֹמָ֔ם	3119	HD	10uR9
21	10	26		וְ/אֶת	c/853	HC/To	10fSv
21	10	27		חַיַּ֥ת	2416 c	HNcfsc	10RW8
21	10	28		הַ/שָּׂדֶ֖ה	d/7704 b	HTd/Ncmsa	10B4r
21	10	29		לָֽיְלָה	3915	HNcmsa	10qJg
21	11	1		וַ/יֻּגַּ֖ד	c/5046	HC/VHw3ms	10u3u
21	11	2		לְ/דָוִ֑ד	l/1732	HR/Np	10Sbb
21	11	3		אֵ֧ת	853	HTo	10DTC
21	11	4		אֲשֶׁר	834 a	HTr	10Z4W
21	11	5		עָשְׂתָ֛ה	6213 a	HVqp3fs	10ULz
21	11	6		רִצְפָּ֥ה	7532	HNp	10423
21	11	7		בַת	1323	HNcfsc	10x3A
21	11	8		אַיָּ֖ה	345	HNp	10uR1
21	11	9		פִּלֶ֥גֶשׁ	6370	HNcfsc	10RBt
21	11	10		שָׁאֽוּל	7586	HNp	10sPD
21	12	1		וַ/יֵּ֣לֶךְ	c/3212	HC/Vqw3ms	10ngQ
21	12	2		דָּוִ֗ד	1732	HNp	106FS
21	12	3		וַ/יִּקַּ֞ח	c/3947	HC/Vqw3ms	106U7
21	12	4		אֶת	853	HTo	1075S
21	12	5		עַצְמ֤וֹת	6106	HNcfpc	10Fo2
21	12	6		שָׁאוּל֙	7586	HNp	10Cb1
21	12	7		וְ/אֶת	c/853	HC/To	10z1M
21	12	8		עַצְמוֹת֙	6106	HNcfpc	10e7f
21	12	9		יְהוֹנָתָ֣ן	3083	HNp	10pst
21	12	10		בְּנ֔/וֹ	1121 a	HNcmsc/Sp3ms	10THR
21	12	11		מֵ/אֵ֕ת	m/854	HR/R	10aXS
21	12	12		בַּעֲלֵ֖י	1167	HNcmpc	10JeL
21	12	13		יָבֵ֣ישׁ	3003	HNp	10Kff
21	12	14		גִּלְעָ֑ד	1568	HNp	10YxZ
21	12	15		אֲשֶׁר֩	834 a	HTr	10jf2
21	12	16		גָּנְב֨וּ	1589	HVqp3cp	10cuN
21	12	17		אֹתָ֜/ם	853	HTo/Sp3mp	109eN
21	12	18		מֵ/רְחֹ֣ב	m/7339	HR/Ncfsc	10rVU
21	12	19		בֵּֽית	1052+	HNp	103wq
21	12	20		שַׁ֗ן	1052	HNp	10aNE
21	12	21		אֲשֶׁ֨ר	834 a	HTr	105nE
21	12	22	x-ketiv	תלו/ם	8518	HVqp3cp/Sp3mp	104P3
21	12	23		תְּלָא֥וּ/ם	8518	HVqp3cp/Sp3mp	102PP
21	12	24	x-ketiv	שם	8033	HD	10nn6
21	12	25	x-ketiv	ה/פלשתים	d/6430	HTd/Ngmpa	10srQ
21	12	26		שָׁ֨מָּ/ה֙	8033	HD/Sd	10gnL
21	12	27		פְּלִשְׁתִּ֔ים	6430	HNgmpa	10u2Q
21	12	28		בְּ/י֨וֹם	b/3117	HR/Ncmsc	10Dcb
21	12	29		הַכּ֧וֹת	5221	HVhc	10iUb
21	12	30		פְּלִשְׁתִּ֛ים	6430	HNgmpa	10oaE
21	12	31		אֶת	853	HTo	10obW
21	12	32		שָׁא֖וּל	7586	HNp	104zD
21	12	33		בַּ/גִּלְבֹּֽעַ	b/1533	HRd/Np	10KUn
21	13	1		וַ/יַּ֤עַל	c/5927	HC/Vhw3ms	10FxF
21	13	2		מִ/שָּׁם֙	m/8033	HR/D	102Q3
21	13	3		אֶת	853	HTo	10wuo
21	13	4		עַצְמ֣וֹת	6106	HNcfpc	10yM6
21	13	5		שָׁא֔וּל	7586	HNp	10tm1
21	13	6		וְ/אֶת	c/853	HC/To	10NiH
21	13	7		עַצְמ֖וֹת	6106	HNcfpc	10KAR
21	13	8		יְהוֹנָתָ֣ן	3083	HNp	10nHu
21	13	9		בְּנ֑/וֹ	1121 a	HNcmsc/Sp3ms	10BP8
21	13	10		וַ/יַּ֣אַסְפ֔וּ	c/622	HC/Vqw3mp	10cVb
21	13	11		אֶת	853	HTo	1063a
21	13	12		עַצְמ֖וֹת	6106	HNcfpc	10jqf
21	13	13		הַ/מּוּקָעִֽים	d/3363	HTd/VHsmpa	10b3r
21	14	1		וַ/יִּקְבְּר֣וּ	c/6912	HC/Vqw3mp	10GuX
21	14	2		אֶת	853	HTo	10gg9
21	14	3		עַצְמוֹת	6106	HNcfpc	10oR8
21	14	4		שָׁא֣וּל	7586	HNp	10j2Y
21	14	5		וִ/יהוֹנָֽתָן	c/3083	HC/Np	10dHk
21	14	6		בְּ֠נ/וֹ	1121 a	HNcmsc/Sp3ms	10ydd
21	14	7		בְּ/אֶ֨רֶץ	b/776	HR/Ncbsc	10kL7
21	14	8		בִּנְיָמִ֜ן	1144	HNp	10mHz
21	14	9		בְּ/צֵלָ֗ע	b/6762	HR/Np	10Eb6
21	14	10		בְּ/קֶ֨בֶר֙	b/6913	HR/Ncmsc	10EtY
21	14	11		קִ֣ישׁ	7027	HNp	10Q7b
21	14	12		אָבִ֔י/ו	1	HNcmsc/Sp3ms	10Cpc
21	14	13		וַֽ/יַּעֲשׂ֔וּ	c/6213 a	HC/Vqw3mp	10PyF
21	14	14		כֹּ֥ל	3605	HNcmsa	10h7X
21	14	15		אֲשֶׁר	834 a	HTr	109bc
21	14	16		צִוָּ֖ה	6680	HVpp3ms	10fXq
21	14	17		הַ/מֶּ֑לֶךְ	d/4428	HTd/Ncmsa	10eqC
21	14	18		וַ/יֵּעָתֵ֧ר	c/6279	HC/VNw3ms	10ya6
21	14	19		אֱלֹהִ֛ים	430	HNcmpa	10vRc
21	14	20		לָ/אָ֖רֶץ	l/776	HRd/Ncbsa	10kYz
21	14	21		אַֽחֲרֵי	310 a	HR	107v5
21	14	22		כֵֽן	3651 c	HD	10iKp
21	15	1		וַ/תְּהִי	c/1961	HC/Vqw3fs	102WG
21	15	2		ע֧וֹד	5750	HD	107mg
21	15	3		מִלְחָמָ֛ה	4421	HNcfsa	103Sf
21	15	4		לַ/פְּלִשְׁתִּ֖ים	l/6430	HRd/Ngmpa	10CwR
21	15	5		אֶת	854	HR	10S6e
21	15	6		יִשְׂרָאֵ֑ל	3478	HNp	10dmo
21	15	7		וַ/יֵּ֨רֶד	c/3381	HC/Vqw3ms	105zx
21	15	8		דָּוִ֜ד	1732	HNp	10PLr
21	15	9		וַ/עֲבָדָ֥י/ו	c/5650	HC/Ncmpc/Sp3ms	10Ykn
21	15	10		עִמּ֛/וֹ	5973 a	HR/Sp3ms	10fNQ
21	15	11		וַ/יִּלָּחֲמ֥וּ	c/3898 a	HC/VNw3mp	10yf8
21	15	12		אֶת	854	HR	10127
21	15	13		פְּלִשְׁתִּ֖ים	6430	HNgmpa	10wA6
21	15	14		וַ/יָּ֥עַף	c/5774 a	HC/Vqw3ms	101Xd
21	15	15		דָּוִֽד	1732	HNp	10t1J
21	16	1	x-ketiv	ו/ישבו	c/3430+	HC/Np	10vAz
21	16	2		וְ/יִשְׁבִּ֨י	c/3430+	HC/Np	1079S
21	16	3		בְּנֹ֜ב	3430	HNp	10qij
21	16	4		אֲשֶׁ֣ר	834 a	HTr	10nzF
21	16	5		בִּ/ילִידֵ֣י	b/3211	HR/Ncmpc	10bme
21	16	6		הָ/רָפָ֗ה	d/7497 a	HTd/Ngmsa	108Bh
21	16	7		וּ/מִשְׁקַ֤ל	c/4948	HC/Ncmsc	10vZf
21	16	8		קֵינ/וֹ֙	7013	HNcmsc/Sp3ms	10B7r
21	16	9		שְׁלֹ֤שׁ	7969	HAcfsa	10AD6
21	16	10		מֵאוֹת֙	3967	HAcbpa	1095X
21	16	11		מִשְׁקַ֣ל	4948	HNcmsc	10HLu
21	16	12		נְחֹ֔שֶׁת	5178 a	HNcfsa	10cmp
21	16	13		וְ/ה֖וּא	c/1931	HC/Pp3ms	10zaG
21	16	14		חָג֣וּר	2296	HVqsmsa	10zG6
21	16	15		חֲדָשָׁ֑ה	2319	HAafsa	10xpy
21	16	16		וַ/יֹּ֖אמֶר	c/559	HC/Vqw3ms	10QQj
21	16	17		לְ/הַכּ֥וֹת	l/5221	HR/Vhc	10fPe
21	16	18		אֶת	853	HTo	10Rk4
21	16	19		דָּוִֽד	1732	HNp	10m8F
21	17	1		וַ/יַּֽעֲזָר	c/5826	HC/Vqw3ms	10XSc
21	17	2		ל/וֹ֙	l	HR/Sp3ms	105qi
21	17	3		אֲבִישַׁ֣י	52	HNp	109bH
21	17	4		בֶּן	1121 a	HNcmsc	10BJ3
21	17	5		צְרוּיָ֔ה	6870	HNp	10ivp
21	17	6		וַ/יַּ֥ךְ	c/5221	HC/Vhw3ms	10KFK
21	17	7		אֶת	853	HTo	10Ssv
21	17	8		הַ/פְּלִשְׁתִּ֖י	d/6430	HTd/Ngmsa	108SP
21	17	9		וַ/יְמִיתֵ֑/הוּ	c/4191	HC/Vhw3ms/Sp3ms	10mJF
21	17	10		אָ֣ז	227 a	HD	10LUU
21	17	11		נִשְׁבְּעוּ֩	7650	HVNp3cp	10AxS
21	17	12		אַנְשֵׁי	376	HNcmpc	10GNx
21	17	13		דָוִ֨ד	1732	HNp	10Aue
21	17	14		ל֜/וֹ	l	HR/Sp3ms	10BXp
21	17	15		לֵ/אמֹ֗ר	l/559	HR/Vqc	10Jzb
21	17	16		לֹא	3808	HTn	1043V
21	17	17		תֵצֵ֨א	3318	HVqi2ms	10oXA
21	17	18		ע֤וֹד	5750	HD	102vn
21	17	19		אִתָּ֨/נוּ֙	854	HR/Sp1cp	10uUg
21	17	20		לַ/מִּלְחָמָ֔ה	l/4421	HRd/Ncfsa	10Rdv
21	17	21		וְ/לֹ֥א	c/3808	HC/Tn	10gWa
21	17	22		תְכַבֶּ֖ה	3518	HVpi2ms	10FNo
21	17	23		אֶת	853	HTo	105HU
21	17	24		נֵ֥ר	5216 a	HNcmsc	10Lsb
21	17	25		יִשְׂרָאֵֽל	3478	HNp	10giK
21	18	1		וַֽ/יְהִי֙	c/1961	HC/Vqw3ms	10XTv
21	18	2		אַֽחֲרֵי	310 a	HR	10tEP
21	18	3		כֵ֔ן	3651 c	HD	1062a
21	18	4		וַ/תְּהִי	c/1961	HC/Vqw3fs	1011V
21	18	5		ע֧וֹד	5750	HD	10JY8
21	18	6		הַ/מִּלְחָמָ֛ה	d/4421	HTd/Ncfsa	10mpW
21	18	7		בְּ/ג֖וֹב	b/1359	HR/Np	10Dzw
21	18	8		עִם	5973 a	HR	10VdU
21	18	9		פְּלִשְׁתִּ֑ים	6430	HNgmpa	10vhf
21	18	10		אָ֣ז	227 a	HD	10Ywb
21	18	11		הִכָּ֗ה	5221	HVhp3ms	103qC
21	18	12		סִבְּכַי֙	5444	HNp	10Dxs
21	18	13		הַ/חֻ֣שָׁתִ֔י	d/2843	HTd/Ngmsa	10G7M
21	18	14		אֶת	853	HTo	101Mo
21	18	15		סַ֕ף	5593	HNp	10DKw
21	18	16		אֲשֶׁ֖ר	834 a	HTr	10JzG
21	18	17		בִּ/ילִדֵ֥י	b/3211	HR/Ncmpc	107iD
21	18	18		הָ/רָפָֽה	d/7497 a	HTd/Ngmsa	10vN5
21	19	1		וַ/תְּהִי	c/1961	HC/Vqw3fs	10r2K
21	19	2		ע֧וֹד	5750	HD	10dfs
21	19	3		הַ/מִּלְחָמָ֛ה	d/4421	HTd/Ncfsa	10EtH
21	19	4		בְּ/ג֖וֹב	b/1359	HR/Np	105KR
21	19	5		עִם	5973 a	HR	10rum
21	19	6		פְּלִשְׁתִּ֑ים	6430	HNgmpa	10R73
21	19	7		וַ/יַּ֡ךְ	c/5221	HC/Vhw3ms	10r8Z
21	19	8		אֶלְחָנָן֩	445	HNp	10Fzq
21	19	9		בֶּן	1121 a	HNcmsc	10gPK
21	19	10		יַעְרֵ֨י	3296+	HNp	10K8b
21	19	11		אֹרְגִ֜ים	3296	HNp	10bBS
21	19	12		בֵּ֣ית	1022+	HNgmsc	10rPV
21	19	13		הַלַּחְמִ֗י	1022	HNgmsa	10tM6
21	19	14		אֵ֚ת	853	HTo	10HQy
21	19	15		גָּלְיָ֣ת	1555	HNp	10N4G
21	19	16		הַ/גִּתִּ֔י	d/1663	HTd/Ngmsa	10BMM
21	19	17		וְ/עֵ֣ץ	c/6086	HC/Ncmsc	10rhp
21	19	18		חֲנִית֔/וֹ	2595	HNcfsc/Sp3ms	10vtD
21	19	19		כִּ/מְנ֖וֹר	k/4500	HR/Ncmsc	10JWe
21	19	20		אֹרְגִֽים	707	HVqrmpa	10CZN
21	20	1		וַ/תְּהִי	c/1961	HC/Vqw3fs	10Yh5
21	20	2		ע֥וֹד	5750	HD	10CBW
21	20	3		מִלְחָמָ֖ה	4421	HNcfsa	10Xsp
21	20	4		בְּ/גַ֑ת	b/1661	HR/Np	103JX
21	20	5		וַ/יְהִ֣י	c/1961	HC/Vqw3ms	10EbA
21	20	6		אִ֣ישׁ	376	HNcmsc	10obf
21	20	7	x-ketiv	מדין	4067	HNcmsa	10YzW
21	20	8		מָד֗וֹן	4067	HNcmsa	10FaA
21	20	9		וְ/אֶצְבְּעֹ֣ת	c/676	HC/Ncfpc	10E6Y
21	20	10		יָדָי/ו֩	3027	HNcbdc/Sp3ms	10twK
21	20	11		וְ/אֶצְבְּעֹ֨ת	c/676	HC/Ncfpc	10xXA
21	20	12		רַגְלָ֜י/ו	7272	HNcfdc/Sp3ms	10BZb
21	20	13		שֵׁ֣שׁ	8337	HAcfsa	10gs8
21	20	14		וָ/שֵׁ֗שׁ	c/8337	HC/Acfsa	105eB
21	20	15		עֶשְׂרִ֤ים	6242	HAcbpa	104Zt
21	20	16		וְ/אַרְבַּע֙	c/702	HC/Acfsa	10kPr
21	20	17		מִסְפָּ֔ר	4557	HNcmsa	10Z6v
21	20	18		וְ/גַם	c/1571	HC/Ta	10M9m
21	20	19		ה֖וּא	1931	HPp3ms	109fx
21	20	20		יֻלַּ֥ד	3205	HVPp3ms	104gn
21	20	21		לְ/הָ/רָפָֽה	l/d/7497 a	HR/Td/Ngmsa	10Uvg
21	21	1		וַ/יְחָרֵ֖ף	c/2778 a	HC/Vpw3ms	10boM
21	21	2		אֶת	853	HTo	10Dza
21	21	3		יִשְׂרָאֵ֑ל	3478	HNp	10X3B
21	21	4		וַ/יַּכֵּ֨/הוּ֙	c/5221	HC/Vhw3ms/Sp3ms	10St2
21	21	5		יְה֣וֹנָתָ֔ן	3083	HNp	10VKr
21	21	6		בֶּן	1121 a	HNcmsc	10Pjg
21	21	7	x-ketiv	שמעי	8096	HNp	10wJx
21	21	8		שִׁמְעָ֖ה	8092	HNp	103y6
21	21	9		אֲחִ֥י	251	HNcmsc	10xas
21	21	10		דָוִֽד	1732	HNp	10K2P
21	22	1		אֶת	853	HTo	10jRn
21	22	2		אַרְבַּ֥עַת	702	HAcmsc	10QrB
21	22	3		אֵ֛לֶּה	428	HPdxcp	10rc3
21	22	4		יֻלְּד֥וּ	3205	HVPp3cp	10ZuC
21	22	5		לְ/הָ/רָפָ֖ה	l/d/7497 a	HR/Td/Ngmsa	10ftE
21	22	6		בְּ/גַ֑ת	b/1661	HR/Np	10gXP
21	22	7		וַ/יִּפְּל֥וּ	c/5307	HC/Vqw3mp	108oS
21	22	8		בְ/יַד	b/3027	HR/Ncbsc	105jD
21	22	9		דָּוִ֖ד	1732	HNp	10nts
21	22	10		וּ/בְ/יַ֥ד	c/b/3027	HC/R/Ncbsc	10LBK
21	22	11		עֲבָדָֽי/ו	5650	HNcmpc/Sp3ms	10QAB
22	1	1		וַ/יְדַבֵּ֤ר	c/1696	HC/Vpw3ms	10Bjt
22	1	2		דָּוִד֙	1732	HNp	104H2
22	1	3		לַֽ/יהוָ֔ה	l/3068	HR/Np	10MmJ
22	1	4		אֶת	853	HTo	10rWR
22	1	5		דִּבְרֵ֖י	1697	HNcmpc	10EVJ
22	1	6		הַ/שִּׁירָ֣ה	d/7892 b	HTd/Ncbsa	107Kc
22	1	7		הַ/זֹּ֑את	d/2063	HTd/Pdxfs	10Wij
22	1	8		בְּ/יוֹם֩	b/3117	HR/Ncmsc	10DSB
22	1	9		הִצִּ֨יל	5337	HVhp3ms	10oAR
22	1	10		יְהוָ֥ה	3068	HNp	10Pib
22	1	11		אֹת֛/וֹ	853	HTo/Sp3ms	101aY
22	1	12		מִ/כַּ֥ף	m/3709	HR/Ncfsc	102Mj
22	1	13		כָּל	3605	HNcmsc	10YVq
22	1	14		אֹיְבָ֖י/ו	341	HVqrmpc/Sp3ms	10r5m
22	1	15		וּ/מִ/כַּ֥ף	c/m/3709	HC/R/Ncfsc	102oJ
22	1	16		שָׁאֽוּל	7586	HNp	10Ev1
22	2	1		וַ/יֹּאמַ֑ר	c/559	HC/Vqw3ms	1098F
22	2	2		יְהוָ֛ה	3068	HNp	1074y
22	2	3		סַֽלְעִ֥/י	5553	HNcmsc/Sp1cs	1052H
22	2	4		וּ/מְצֻדָתִ֖/י	c/4686 b	HC/Ncbsc/Sp1cs	10xAC
22	2	5		וּ/מְפַלְטִ/י	c/6403	HC/Vprmsc/Sp1cs	108JG
22	2	6		לִֽ/י	l	HR/Sp1cs	10nzC
22	3	1		אֱלֹהֵ֥י	430	HNcmpc	10nLz
22	3	2		צוּרִ֖/י	6697	HNcmsc/Sp1cs	10yHH
22	3	3		אֶחֱסֶה	2620	HVqi1cs	107my
22	3	4		בּ֑/וֹ	b	HR/Sp3ms	10t1k
22	3	5		מָגִנִּ֞/י	4043	HNcbsc/Sp1cs	10YQA
22	3	6		וְ/קֶ֣רֶן	c/7161 a	HC/Ncbsc	10b5H
22	3	7		יִשְׁעִ֗/י	3468	HNcmsc/Sp1cs	10G7D
22	3	8		מִשְׂגַּבִּ/י֙	4869 a	HNcmsc/Sp1cs	10wAJ
22	3	9		וּ/מְנוּסִ֔/י	c/4498	HC/Ncmsc/Sp1cs	10oje
22	3	10		מֹשִׁעִ֕/י	3467	HVhrmsc/Sp1cs	10fWJ
22	3	11		מֵ/חָמָ֖ס	m/2555	HR/Ncmsa	10fpQ
22	3	12		תֹּשִׁעֵֽ/נִי	3467	HVhi2ms/Sp1cs	10Ygv
22	4	1		מְהֻלָּ֖ל	1984 b	HVPsmsa	10Nge
22	4	2		אֶקְרָ֣א	7121	HVqi1cs	10Yp9
22	4	3		יְהוָ֑ה	3068	HNp	10wLi
22	4	4		וּ/מֵ/אֹיְבַ֖/י	c/m/341	HC/R/Vqrmpc/Sp1cs	1088S
22	4	5		אִוָּשֵֽׁעַ	3467	HVNi1cs	10KAU
22	5	1		כִּ֥י	3588 a	HC	10Xxi
22	5	2		אֲפָפֻ֖/נִי	661	HVqp3cp/Sp1cs	10xb7
22	5	3		מִשְׁבְּרֵי	4867	HNcmpc	10DtU
22	5	4		מָ֑וֶת	4194	HNcmsa	10poL
22	5	5		נַחֲלֵ֥י	5158 a	HNcmpc	10KEx
22	5	6		בְלִיַּ֖עַל	1100	HNcmsa	10YMD
22	5	7		יְבַעֲתֻֽ/נִי	1204	HVpi3mp/Sp1cs	10TF6
22	6	1		חֶבְלֵ֥י	2256 a	HNcbpc	10YB7
22	6	2		שְׁא֖וֹל	7585	HNp	10hR3
22	6	3		סַבֻּ֑/נִי	5437	HVqp3cp/Sp1cs	10kGQ
22	6	4		קִדְּמֻ֖/נִי	6923	HVpp3cp/Sp1cs	10jYh
22	6	5		מֹֽקְשֵׁי	4170	HNcmpc	10jtu
22	6	6		מָֽוֶת	4194	HNcmsa	10EBN
22	7	1		בַּ/צַּר	b/6862 b	HRd/Aamsa	10PYi
22	7	2		לִ/י֙	l	HR/Sp1cs	10KSQ
22	7	3		אֶקְרָ֣א	7121	HVqi1cs	10yN8
22	7	4		יְהוָ֔ה	3068	HNp	10AVR
22	7	5		וְ/אֶל	c/413	HC/R	10fjn
22	7	6		אֱלֹהַ֖/י	430	HNcmpc/Sp1cs	10CTb
22	7	7		אֶקְרָ֑א	7121	HVqi1cs	10k9N
22	7	8		וַ/יִּשְׁמַ֤ע	c/8085	HC/Vqw3ms	101M5
22	7	9		מֵ/הֵֽיכָל/וֹ֙	m/1964	HR/Ncmsc/Sp3ms	10Mcv
22	7	10		קוֹלִ֔/י	6963 a	HNcmsc/Sp1cs	10Jkx
22	7	11		וְ/שַׁוְעָתִ֖/י	c/7775	HC/Ncfsc/Sp1cs	10bzS
22	7	12		בְּ/אָזְנָֽי/ו	b/241	HR/Ncfdc/Sp3ms	10VrM
22	8	1	x-ketiv	ו/תגעש	c/1607	HC/Vqw3fs	10TCd
22	8	2		וַ/יִּתְגָּעַ֤שׁ	c/1607	HC/Vtw3ms	10acR
22	8	3		וַ/תִּרְעַשׁ֙	c/7493	HC/Vqw3fs	1088f
22	8	4		הָ/אָ֔רֶץ	d/776	HTd/Ncbsa	10zKH
22	8	5		מוֹסְד֥וֹת	4146	HNcbpc	10EkC
22	8	6		הַ/שָּׁמַ֖יִם	d/8064	HTd/Ncmpa	10XXd
22	8	7		יִרְגָּ֑זוּ	7264	HVqi3mp	10v2Y
22	8	8		וַ/יִּֽתְגָּעֲשׁ֖וּ	c/1607	HC/Vtw3mp	10w1p
22	8	9		כִּֽי	3588 a	HC	10MPM
22	8	10		חָ֥רָה	2734	HVqp3ms	10TLb
22	8	11		לֽ/וֹ	l	HR/Sp3ms	10hPU
22	9	1		עָלָ֤ה	5927	HVqp3ms	10Qrn
22	9	2		עָשָׁן֙	6227	HNcmsa	10ttx
22	9	3		בְּ/אַפּ֔/וֹ	b/639	HR/Ncmsc/Sp3ms	10izd
22	9	4		וְ/אֵ֥שׁ	c/784	HC/Ncbsa	10GNT
22	9	5		מִ/פִּ֖י/ו	m/6310	HR/Ncmsc/Sp3ms	10BW1
22	9	6		תֹּאכֵ֑ל	398	HVqi3fs	10XHh
22	9	7		גֶּחָלִ֖ים	1513	HNcbpa	10d51
22	9	8		בָּעֲר֥וּ	1197 a	HVqp3cp	10M9Z
22	9	9		מִמֶּֽ/נּוּ	4480 a	HR/Sp3ms	10EZY
22	10	1		וַ/יֵּ֥ט	c/5186	HC/Vqw3ms	10zaH
22	10	2		שָׁמַ֖יִם	8064	HNcmpa	10tqU
22	10	3		וַ/יֵּרַ֑ד	c/3381	HC/Vqw3ms	10sL7
22	10	4		וַ/עֲרָפֶ֖ל	c/6205	HC/Ncmsa	1062z
22	10	5		תַּ֥חַת	8478	HR	10p4B
22	10	6		רַגְלָֽי/ו	7272	HNcfdc/Sp3ms	10QVp
22	11	1		וַ/יִּרְכַּ֥ב	c/7392	HC/Vqw3ms	10ERj
22	11	2		עַל	5921 a	HR	10zLy
22	11	3		כְּר֖וּב	3742	HNcmsa	101Qm
22	11	4		וַ/יָּעֹ֑ף	c/5774 a	HC/Vqw3ms	10PWq
22	11	5		וַ/יֵּרָ֖א	c/7200	HC/VNw3ms	10tdk
22	11	6		עַל	5921 a	HR	10jqe
22	11	7		כַּנְפֵי	3671	HNcfdc	10heh
22	11	8		רֽוּחַ	7307	HNcbsa	10mnk
22	12	1		וַ/יָּ֥שֶׁת	c/7896	HC/Vqw3ms	10GDi
22	12	2		חֹ֛שֶׁךְ	2822	HNcmsa	104kY
22	12	3		סְבִיבֹתָ֖י/ו	5439	HNcbpc/Sp3ms	10SP6
22	12	4		סֻכּ֑וֹת	5521	HNcfpa	10Uf2
22	12	5		חַֽשְׁרַת	2841	HNcfsc	102yh
22	12	6		מַ֖יִם	4325	HNcmpa	10b44
22	12	7		עָבֵ֥י	5645	HNcbpc	10T19
22	12	8		שְׁחָקִֽים	7834	HNcmpa	10h46
22	13	1		מִ/נֹּ֖גַהּ	m/5051	HR/Ncfsa	10SrF
22	13	2		נֶגְדּ֑/וֹ	5048	HR/Sp3ms	10qdx
22	13	3		בָּעֲר֖וּ	1197 a	HVqp3cp	10Wbq
22	13	4		גַּחֲלֵי	1513	HNcbpc	101Ku
22	13	5		אֵֽשׁ	784	HNcbsa	10g1S
22	14	1		יַרְעֵ֥ם	7481	HVhi3ms	107SA
22	14	2		מִן	4480 a	HR	102Q5
22	14	3		שָׁמַ֖יִם	8064	HNcmpa	10rRg
22	14	4		יְהוָ֑ה	3068	HNp	10rGq
22	14	5		וְ/עֶלְי֖וֹן	c/5945 b	HC/Aamsa	10JHg
22	14	6		יִתֵּ֥ן	5414	HVqi3ms	10Qew
22	14	7		קוֹלֽ/וֹ	6963 a	HNcmsc/Sp3ms	10anf
22	15	1		וַ/יִּשְׁלַ֥ח	c/7971	HC/Vqw3ms	10J27
22	15	2		חִצִּ֖ים	2671	HNcmpa	10NmU
22	15	3		וַ/יְפִיצֵ֑/ם	c/6327 a	HC/Vhw3ms/Sp3mp	10h9C
22	15	4		בָּרָ֖ק	1300 a	HNcmsa	10GDr
22	15	5	x-ketiv	ו/יהמ/ם	c/2000	HC/Vhw3ms/Sp3mp	10vF8
22	15	6		וַ/יָּהֹֽם	c/2000	HC/Vhw3ms	10DVe
22	16	1		וַ/יֵּֽרָאוּ֙	c/7200	HC/VNw3mp	10E3T
22	16	2		אֲפִ֣קֵי	650	HNcmpc	107v8
22	16	3		יָ֔ם	3220	HNcmsa	10HxH
22	16	4		יִגָּל֖וּ	1540	HVNi3mp	10F8P
22	16	5		מֹסְד֣וֹת	4146	HNcbpc	103Ed
22	16	6		תֵּבֵ֑ל	8398	HNcfsa	10km3
22	16	7		בְּ/גַעֲרַ֣ת	b/1606	HR/Ncfsc	10xjC
22	16	8		יְהוָ֔ה	3068	HNp	10qun
22	16	9		מִ/נִּשְׁמַ֖ת	m/5397	HR/Ncfsc	105kJ
22	16	10		ר֥וּחַ	7307	HNcbsc	10ezp
22	16	11		אַפּֽ/וֹ	639	HNcmsc/Sp3ms	10sfU
22	17	1		יִשְׁלַ֥ח	7971	HVqi3ms	10RQw
22	17	2		מִ/מָּר֖וֹם	m/4791	HR/Ncmsa	10FDq
22	17	3		יִקָּחֵ֑/נִי	3947	HVqi3ms/Sp1cs	10vbV
22	17	4		יַֽמְשֵׁ֖/נִי	4871	HVhi3ms/Sp1cs	10dtZ
22	17	5		מִ/מַּ֥יִם	m/4325	HR/Ncmpa	10oGC
22	17	6		רַבִּֽים	7227 a	HAampa	10zVE
22	18	1		יַצִּילֵ֕/נִי	5337	HVhi3ms/Sp1cs	1063D
22	18	2		מֵ/אֹיְבִ֖/י	m/341	HR/Vqrmsc/Sp1cs	10aVU
22	18	3		עָ֑ז	5794	HAamsa	10RiQ
22	18	4		מִ/שֹּׂ֣נְאַ֔/י	m/8130	HR/Vqrmpc/Sp1cs	10A4d
22	18	5		כִּ֥י	3588 a	HC	109G4
22	18	6		אָמְצ֖וּ	553	HVqp3cp	10vJQ
22	18	7		מִמֶּֽ/נִּי	4480 a	HR/Sp1cs	10Svx
22	19	1		יְקַדְּמֻ֖/נִי	6923	HVpi3mp/Sp1cs	10fdR
22	19	2		בְּ/י֣וֹם	b/3117	HR/Ncmsc	10QnD
22	19	3		אֵידִ֑/י	343	HNcmsc/Sp1cs	10Np6
22	19	4		וַ/יְהִ֧י	c/1961	HC/Vqw3ms	109D7
22	19	5		יְהוָ֛ה	3068	HNp	10Zzo
22	19	6		מִשְׁעָ֖ן	4937 a	HNcmsa	10kr3
22	19	7		לִֽ/י	l	HR/Sp1cs	10wiP
22	20	1		וַ/יֹּצֵ֥א	c/3318	HC/Vhw3ms	10MA8
22	20	2		לַ/מֶּרְחָ֖ב	l/4800	HRd/Ncmsa	10DTM
22	20	3		אֹתִ֑/י	853	HTo/Sp1cs	10pcc
22	20	4		יְחַלְּצֵ֖/נִי	2502 a	HVpi3ms/Sp1cs	10HG2
22	20	5		כִּי	3588 a	HC	10A13
22	20	6		חָ֥פֵֽץ	2654 a	HVqp3ms	10vHy
22	20	7		בִּֽ/י	b	HR/Sp1cs	10717
22	21	1		יִגְמְלֵ֥/נִי	1580	HVqi3ms/Sp1cs	10k6g
22	21	2		יְהוָ֖ה	3068	HNp	10eGQ
22	21	3		כְּ/צִדְקָתִ֑/י	k/6666	HR/Ncfsc/Sp1cs	10Pk7
22	21	4		כְּ/בֹ֥ר	k/1252	HR/Ncmsc	10R3Z
22	21	5		יָדַ֖/י	3027	HNcbdc/Sp1cs	10Ky7
22	21	6		יָשִׁ֥יב	7725	HVhi3ms	107pW
22	21	7		לִֽ/י	l	HR/Sp1cs	10ubK
22	22	1		כִּ֥י	3588 a	HC	10weN
22	22	2		שָׁמַ֖רְתִּי	8104	HVqp1cs	10oFq
22	22	3		דַּרְכֵ֣י	1870	HNcbpc	10pDi
22	22	4		יְהוָ֑ה	3068	HNp	10NHC
22	22	5		וְ/לֹ֥א	c/3808	HC/Tn	106Cr
22	22	6		רָשַׁ֖עְתִּי	7561	HVqp1cs	10NUj
22	22	7		מֵ/אֱלֹהָֽ/י	m/430	HR/Ncmpc/Sp1cs	10PJg
22	23	1		כִּ֥י	3588 a	HC	10E7S
22	23	2		כָל	3605	HNcmsc	10KKi
22	23	3	x-ketiv	משפט/ו	4941	HNcmsc/Sp3ms	10uCx
22	23	4		מִשְׁפָּטָ֖י/ו	4941	HNcmpc/Sp3ms	10K9C
22	23	5		לְ/נֶגְדִּ֑/י	l/5048	HR/R/Sp1cs	10nZx
22	23	6		וְ/חֻקֹּתָ֖י/ו	c/2708	HC/Ncbpc/Sp3ms	10KVG
22	23	7		לֹא	3808	HTn	10gtm
22	23	8		אָס֥וּר	5493	HVqi1cs	10KY7
22	23	9		מִמֶּֽ/נָּה	4480 a	HR/Sp3fs	10uJV
22	24	1		וָ/אֶהְיֶ֥ה	c/1961	HC/Vqw1cs	10EYJ
22	24	2		תָמִ֖ים	8549	HAamsa	10fzq
22	24	3		ל֑/וֹ	l	HR/Sp3ms	10Zpp
22	24	4		וָ/אֶשְׁתַּמְּרָ֖/ה	c/8104	HC/Vtw1cs/Sh	10GvP
22	24	5		מֵ/עֲוֺנִֽ/י	m/5771	HR/Ncbsc/Sp1cs	10xb5
22	25	1		וַ/יָּ֧שֶׁב	c/7725	HC/Vhw3ms	10xSy
22	25	2		יְהוָ֛ה	3068	HNp	10z29
22	25	3		לִ֖/י	l	HR/Sp1cs	106ip
22	25	4		כְּ/צִדְקָתִ֑/י	k/6666	HR/Ncfsc/Sp1cs	10Dv2
22	25	5		כְּ/בֹרִ֖/י	k/1252	HR/Ncmsc/Sp1cs	10GCo
22	25	6		לְ/נֶ֥גֶד	l/5048	HR/R	10tFN
22	25	7		עֵינָֽי/ו	5869 a	HNcbdc/Sp3ms	10pf3
22	26	1		עִם	5973 a	HR	109LD
22	26	2		חָסִ֖יד	2623	HAamsa	10MnJ
22	26	3		תִּתְחַסָּ֑ד	2616 a	HVti2ms	10a4D
22	26	4		עִם	5973 a	HR	10yxF
22	26	5		גִּבּ֥וֹר	1368	HAamsa	10Rb8
22	26	6		תָּמִ֖ים	8549	HAamsa	10CN5
22	26	7		תִּתַּמָּֽם	8552	HVti2ms	10u25
22	27	1		עִם	5973 a	HR	10qSq
22	27	2		נָבָ֖ר	1305	HVNrmsa	10AMc
22	27	3		תִּתָּבָ֑ר	1305	HVNi2ms	10Adu
22	27	4		וְ/עִם	c/5973 a	HC/R	10sh6
22	27	5		עִקֵּ֖שׁ	6141	HAamsa	10Az8
22	27	6		תִּתַּפָּֽל	6617	HVti2ms	10z7z
22	28	1		וְ/אֶת	c/853	HC/To	10Gyr
22	28	2		עַ֥ם	5971 a	HNcmsa	109AQ
22	28	3		עָנִ֖י	6041	HAamsa	10FMj
22	28	4		תּוֹשִׁ֑יעַ	3467	HVhi2ms	10VET
22	28	5		וְ/עֵינֶ֖י/ךָ	c/5869 a	HC/Ncbdc/Sp2ms	10pwL
22	28	6		עַל	5921 a	HR	10Ap2
22	28	7		רָמִ֥ים	7311 a	HVqrmpa	10ZZu
22	28	8		תַּשְׁפִּֽיל	8213	HVhi2ms	10Gw5
22	29	1		כִּֽי	3588 a	HC	104uN
22	29	2		אַתָּ֥ה	859 a	HPp2ms	10Tau
22	29	3		נֵירִ֖/י	5216 a	HNcmsc/Sp1cs	10tv5
22	29	4		יְהוָ֑ה	3068	HNp	10zV6
22	29	5		וַ/יהוָ֖ה	c/3068	HC/Np	10DF1
22	29	6		יַגִּ֥יהַּ	5050	HVhi3ms	10UwN
22	29	7		חָשְׁכִּֽ/י	2822	HNcmsc/Sp1cs	10wi6
22	30	1		כִּ֥י	3588 a	HC	10p3S
22	30	2		בְ/כָ֖ה	b	HR/Sp2ms	10eBV
22	30	3		אָר֣וּץ	7323	HVqi1cs	10xzL
22	30	4		גְּד֑וּד	1416	HNcmsa	10khJ
22	30	5		בֵּ/אלֹהַ֖/י	b/430	HR/Ncmpc/Sp1cs	10ftY
22	30	6		אֲדַלֶּג	1801	HVpi1cs	10opc
22	30	7		שֽׁוּר	7791 a	HNcmsa	10oMo
22	31	1		הָ/אֵ֖ל	d/410	HTd/Ncmsa	10dqs
22	31	2		תָּמִ֣ים	8549	HAamsa	104Bp
22	31	3		דַּרְכּ֑/וֹ	1870	HNcbsc/Sp3ms	10G2P
22	31	4		אִמְרַ֤ת	565 a	HNcfsc	1016d
22	31	5		יְהוָה֙	3068	HNp	104RU
22	31	6		צְרוּפָ֔ה	6884	HVqsfsa	10uUK
22	31	7		מָגֵ֣ן	4043	HNcbsa	10Tyx
22	31	8		ה֔וּא	1931	HPp3ms	10eU2
22	31	9		לְ/כֹ֖ל	l/3605	HR/Ncmsc	10CCe
22	31	10		הַ/חֹסִ֥ים	d/2620	HTd/Vqrmpa	10fFD
22	31	11		בּֽ/וֹ	b	HR/Sp3ms	10dpH
22	32	1		כִּ֥י	3588 a	HC	10wBW
22	32	2		מִי	4310	HTi	10JYr
22	32	3		אֵ֖ל	410	HNcmsa	10hNG
22	32	4		מִ/בַּלְעֲדֵ֣י	m/1107	HR/R	10tbb
22	32	5		יְהוָ֑ה	3068	HNp	10Ve8
22	32	6		וּ/מִ֥י	c/4310	HC/Ti	10qLd
22	32	7		צ֖וּר	6697	HNcmsa	107Jc
22	32	8		מִֽ/בַּלְעֲדֵ֥י	m/1107	HR/R	10p5E
22	32	9		אֱלֹהֵֽי/נוּ	430	HNcmpc/Sp1cp	108nB
22	33	1		הָ/אֵ֥ל	d/410	HTd/Ncmsa	10EvJ
22	33	2		מָעוּזִּ֖/י	4581	HNcmsc/Sp1cs	1047G
22	33	3		חָ֑יִל	2428	HNcmsa	10QcW
22	33	4		וַ/יַּתֵּ֥ר	c/5425 b	HC/Vhw3ms	10TMj
22	33	5		תָּמִ֖ים	8549	HAamsa	10g4h
22	33	6	x-ketiv	דרכ/ו	1870	HNcbsc/Sp3ms	10NYF
22	33	7		דַּרְכִּֽ/י	1870	HNcbsc/Sp1cs	109MF
22	34	1		מְשַׁוֶּ֥ה	7737 b	HVprmsa	10WTP
22	34	2	x-ketiv	רגלי/ו	7272	HNcfdc/Sp3ms	10Fx8
22	34	3		רַגְלַ֖/י	7272	HNcfdc/Sp1cs	10LH8
22	34	4		כָּ/אַיָּל֑וֹת	k/355	HRd/Ncfpa	10ZZJ
22	34	5		וְ/עַ֥ל	c/5921 a	HC/R	104Mw
22	34	6		בָּמוֹתַ֖/י	1116	HNcfpc/Sp1cs	10VZW
22	34	7		יַעֲמִדֵֽ/נִי	5975	HVhi3ms/Sp1cs	109Qr
22	35	1		מְלַמֵּ֥ד	3925	HVprmsa	10x8X
22	35	2		יָדַ֖/י	3027	HNcbdc/Sp1cs	10wtH
22	35	3		לַ/מִּלְחָמָ֑ה	l/4421	HRd/Ncfsa	10FP1
22	35	4		וְ/נִחַ֥ת	c/5181	HC/Vpq3ms	10esS
22	35	5		קֶֽשֶׁת	7198	HNcfsc	10mJE
22	35	6		נְחוּשָׁ֖ה	5154	HNcfsa	10YmQ
22	35	7		זְרֹעֹתָֽ/י	2220	HNcbpc/Sp1cs	1064j
22	36	1		וַ/תִּתֶּן	c/5414	HC/Vqw2ms	10ofm
22	36	2		לִ֖/י	l	HR/Sp1cs	10Pb4
22	36	3		מָגֵ֣ן	4043	HNcbsc	10mKf
22	36	4		יִשְׁעֶ֑/ךָ	3468	HNcmsc/Sp2ms	10Q4h
22	36	5		וַ/עֲנֹתְ/ךָ֖	c/6031 b	HC/Vqc/Sp2ms	10en1
22	36	6		תַּרְבֵּֽ/נִי	7235 a	HVhi2ms/Sp1cs	10YBb
22	37	1		תַּרְחִ֥יב	7337	HVhi2ms	108ej
22	37	2		צַעֲדִ֖/י	6806	HNcmsc/Sp1cs	10DXD
22	37	3		תַּחְתֵּ֑/נִי	8478	HR/Sp1cs	10fbp
22	37	4		וְ/לֹ֥א	c/3808	HC/Tn	10EFU
22	37	5		מָעֲד֖וּ	4571	HVqp3cp	10xhY
22	37	6		קַרְסֻלָּֽ/י	7166	HNcfdc/Sp1cs	10t7t
22	38	1		אֶרְדְּפָ֥ה	7291	HVqh1cs	10JFH
22	38	2		אֹיְבַ֖/י	341	HVqrmpc/Sp1cs	101sQ
22	38	3		וָ/אַשְׁמִידֵ֑/ם	c/8045	HC/Vhw1cs/Sp3mp	10x92
22	38	4		וְ/לֹ֥א	c/3808	HC/Tn	10qhm
22	38	5		אָשׁ֖וּב	7725	HVqi1cs	10b3m
22	38	6		עַד	5704	HR	10t8x
22	38	7		כַּלּוֹתָֽ/ם	3615	HVpc/Sp3mp	10nzh
22	39	1		וָ/אֲכַלֵּ֥/ם	c/398	HC/Vpw1cs/Sp3mp	101Tt
22	39	2		וָ/אֶמְחָצֵ֖/ם	c/4272	HC/Vqw1cs/Sp3mp	10kGT
22	39	3		וְ/לֹ֣א	c/3808	HC/Tn	10jpS
22	39	4		יְקוּמ֑וּ/ן	6965 b	HVqi3mp/Sn	10osK
22	39	5		וַֽ/יִּפְּל֖וּ	c/5307	HC/Vqw3mp	10MPv
22	39	6		תַּ֥חַת	8478	HR	1045N
22	39	7		רַגְלָֽ/י	7272	HNcfdc/Sp1cs	10SxS
22	40	1		וַ/תַּזְרֵ֥/נִי	c/247	HC/Vpw2ms/Sp1cs	10oRe
22	40	2		חַ֖יִל	2428	HNcmsa	10z8R
22	40	3		לַ/מִּלְחָמָ֑ה	l/4421	HRd/Ncfsa	10RSo
22	40	4		תַּכְרִ֥יעַ	3766	HVhi2ms	10Bvw
22	40	5		קָמַ֖/י	6965 b	HVqrmpc/Sp1cs	10yx4
22	40	6		תַּחְתֵּֽ/נִי	8478	HR/Sp1cs	102ju
22	41	1		וְ/אֹ֣יְבַ֔/י	c/341	HC/Vqrmpc/Sp1cs	10h8h
22	41	2		תַּ֥תָּה	5414	HVqp2ms	10BoQ
22	41	3		לִּ֖/י	l	HR/Sp1cs	10gZL
22	41	4		עֹ֑רֶף	6203	HNcmsa	10Vdn
22	41	5		מְשַׂנְאַ֖/י	8130	HVprmpc/Sp1cs	10H9q
22	41	6		וָ/אַצְמִיתֵֽ/ם	c/6789	HC/Vhw1cs/Sp3mp	10ZUX
22	42	1		יִשְׁע֖וּ	8159	HVqi3mp	10wmf
22	42	2		וְ/אֵ֣ין	c/369	HC/Tn	10Ai6
22	42	3		מֹשִׁ֑יעַ	3467	HVhrmsa	10f3s
22	42	4		אֶל	413	HR	10kgg
22	42	5		יְהוָ֖ה	3068	HNp	10JkP
22	42	6		וְ/לֹ֥א	c/3808	HC/Tn	10Quh
22	42	7		עָנָֽ/ם	6030 b	HVqp3ms/Sp3mp	10F3o
22	43	1		וְ/אֶשְׁחָקֵ֖/ם	c/7833	HC/Vqi1cs/Sp3mp	10QpL
22	43	2		כַּ/עֲפַר	k/6083	HR/Ncmsc	10k19
22	43	3		אָ֑רֶץ	776	HNcbsa	10smZ
22	43	4		כְּ/טִיט	k/2916	HR/Ncmsc	10Ahp
22	43	5		חוּצ֥וֹת	2351	HNcmpa	10oZP
22	43	6		אֲדִקֵּ֖/ם	1854	HVhi1cs/Sp3mp	10vJZ
22	43	7		אֶרְקָעֵֽ/ם	7554	HVqi1cs/Sp3mp	10N4g
22	44	1		וַֽ/תְּפַלְּטֵ֔/נִי	c/6403	HC/Vpw2ms/Sp1cs	10vAC
22	44	2		מֵ/רִיבֵ֖י	m/7379	HR/Ncbpc	10HhV
22	44	3		עַמִּ֑/י	5971 a	HNcmsc/Sp1cs	10Prb
22	44	4		תִּשְׁמְרֵ֨/נִי֙	8104	HVqi2ms/Sp1cs	10rAT
22	44	5		לְ/רֹ֣אשׁ	l/7218 a	HR/Ncmsc	10BC4
22	44	6		גּוֹיִ֔ם	1471 a	HNcmpa	10DKf
22	44	7		עַ֥ם	5971 a	HNcmsa	10uYL
22	44	8		לֹא	3808	HTn	10m2P
22	44	9		יָדַ֖עְתִּי	3045	HVqp1cs	10wGB
22	44	10		יַעַבְדֻֽ/נִי	5647	HVqi3mp/Sp1cs	101AN
22	45	1		בְּנֵ֥י	1121 a	HNcmpc	104iw
22	45	2		נֵכָ֖ר	5236	HNcmsa	108TL
22	45	3		יִתְכַּֽחֲשׁוּ	3584	HVti3mp	10iQ3
22	45	4		לִ֑/י	l	HR/Sp1cs	10qvq
22	45	5		לִ/שְׁמ֥וֹעַ	l/8085	HR/Vqc	10R1y
22	45	6		אֹ֖זֶן	241	HNcfsa	10xR5
22	45	7		יִשָּׁ֥מְעוּ	8085	HVNi3mp	10AR8
22	45	8		לִֽ/י	l	HR/Sp1cs	10rgE
22	46	1		בְּנֵ֥י	1121 a	HNcmpc	10SDe
22	46	2		נֵכָ֖ר	5236	HNcmsa	10byL
22	46	3		יִבֹּ֑לוּ	5034 b	HVqi3mp	10jnA
22	46	4		וְ/יַחְגְּר֖וּ	c/2296	HC/Vqi3mp	1013g
22	46	5		מִ/מִּסְגְּרוֹתָֽ/ם	m/4526	HR/Ncfpc/Sp3mp	10Pkt
22	47	1		חַי	2416 a	HAamsa	10FsX
22	47	2		יְהוָ֖ה	3068	HNp	10VnZ
22	47	3		וּ/בָר֣וּךְ	c/1288	HC/Vqsmsa	10mHA
22	47	4		צוּרִ֑/י	6697	HNcmsc/Sp1cs	10vfE
22	47	5		וְ/יָרֻ֕ם	c/7311 a	HC/Vqj3ms	10mgu
22	47	6		אֱלֹהֵ֖י	430	HNcmpc	10pjw
22	47	7		צ֥וּר	6697	HNcmsc	10VhF
22	47	8		יִשְׁעִֽ/י	3468	HNcmsc/Sp1cs	10XDK
22	48	1		הָ/אֵ֕ל	d/410	HTd/Ncmsa	107GS
22	48	2		הַ/נֹּתֵ֥ן	d/5414	HTd/Vqrmsa	10Zgu
22	48	3		נְקָמֹ֖ת	5360	HNcfpa	10R1C
22	48	4		לִ֑/י	l	HR/Sp1cs	10Rfs
22	48	5		וּ/מוֹרִ֥יד	c/3381	HC/Vhrmsa	10ws8
22	48	6		עַמִּ֖ים	5971 a	HNcmpa	10qM7
22	48	7		תַּחְתֵּֽ/נִי	8478	HR/Sp1cs	10jBM
22	49	1		וּ/מוֹצִיאִ֖/י	c/3318	HC/Vhrmsc/Sp1cs	10rTz
22	49	2		מֵ/אֹֽיְבָ֑/י	m/341	HR/Vqrmpc/Sp1cs	10mMu
22	49	3		וּ/מִ/קָּמַ/י֙	c/m/6965 b	HC/R/Vqrmpc/Sp1cs	10HBg
22	49	4		תְּר֣וֹמְמֵ֔/נִי	7311 a	HVoi2ms/Sp1cs	10SXD
22	49	5		מֵ/אִ֥ישׁ	m/376	HR/Ncmsc	10bLz
22	49	6		חֲמָסִ֖ים	2555	HNcmpa	10hLM
22	49	7		תַּצִּילֵֽ/נִי	5337	HVhi2ms/Sp1cs	10xrN
22	50	1		עַל	5921 a	HR	10yrm
22	50	2		כֵּ֛ן	3651 c	HTm	10UCQ
22	50	3		אוֹדְ/ךָ֥	3034	HVhi1cs/Sp2ms	10KjR
22	50	4		יְהוָ֖ה	3068	HNp	10CLi
22	50	5		בַּ/גּוֹיִ֑ם	b/1471 a	HRd/Ncmpa	10Qav
22	50	6		וּ/לְ/שִׁמְ/ךָ֖	c/l/8034	HC/R/Ncmsc/Sp2ms	10M8b
22	50	7		אֲזַמֵּֽר	2167	HVpi1cs	10Dzp
22	51	1	x-ketiv	מגדיל	1431	HVhrmsc	10HLK
22	51	2		מִגְדּ֖וֹל	4024 a	HNcmsc	10BX2
22	51	3		יְשׁוּע֣וֹת	3444	HNcfpc	10hgh
22	51	4		מַלְכּ֑/וֹ	4428	HNcmsc/Sp3ms	10S2v
22	51	5		וְ/עֹֽשֶׂה	c/6213 a	HC/Vqrmsa	102Ys
22	51	6		חֶ֧סֶד	2617 a	HNcmsa	10s9h
22	51	7		לִ/מְשִׁיח֛/וֹ	l/4899	HR/Ncmsc/Sp3ms	10fMZ
22	51	8		לְ/דָוִ֥ד	l/1732	HR/Np	10H3v
22	51	9		וּ/לְ/זַרְע֖/וֹ	c/l/2233	HC/R/Ncmsc/Sp3ms	10U8c
22	51	10		עַד	5704	HR	10zAY
22	51	11		עוֹלָֽם	5769	HNcmsa	10gMV
23	1	1		וְ/אֵ֛לֶּה	c/428	HC/Pdxcp	10ZDb
23	1	2		דִּבְרֵ֥י	1697	HNcmpc	10Jo8
23	1	3		דָוִ֖ד	1732	HNp	10Q6C
23	1	4		הָ/אַֽחֲרֹנִ֑ים	d/314	HTd/Aampa	10gzJ
23	1	5		נְאֻ֧ם	5002	HNcmsc	10C4c
23	1	6		דָּוִ֣ד	1732	HNp	104oi
23	1	7		בֶּן	1121 a	HNcmsc	10eTd
23	1	8		יִשַׁ֗י	3448	HNp	10aZd
23	1	9		וּ/נְאֻ֤ם	c/5002	HC/Ncmsc	10fbe
23	1	10		הַ/גֶּ֨בֶר֙	d/1397	HTd/Ncmsa	10ihX
23	1	11		הֻ֣קַם	6965 b	HVHp3ms	10UxC
23	1	12		עָ֔ל	5920	HNcmsa	10BkJ
23	1	13		מְשִׁ֨יחַ֙	4899	HNcmsc	10dAv
23	1	14		אֱלֹהֵ֣י	430	HNcmpc	10C2a
23	1	15		יַֽעֲקֹ֔ב	3290	HNp	10FGj
23	1	16		וּ/נְעִ֖ים	c/5273 b	HC/Aamsc	10qYv
23	1	17		זְמִר֥וֹת	2158	HNcmpc	10rLz
23	1	18		יִשְׂרָאֵֽל	3478	HNp	10dGK
23	2	1		ר֥וּחַ	7307	HNcbsc	1011C
23	2	2		יְהוָ֖ה	3068	HNp	10W6u
23	2	3		דִּבֶּר	1696	HVpp3ms	10tTE
23	2	4		בִּ֑/י	b	HR/Sp1cs	10PEr
23	2	5		וּ/מִלָּת֖/וֹ	c/4405	HC/Ncfsc/Sp3ms	10XWu
23	2	6		עַל	5921 a	HR	103zr
23	2	7		לְשׁוֹנִֽ/י	3956	HNcbsc/Sp1cs	10PN6
23	3	1		אָמַר֙	559	HVqp3ms	10q7s
23	3	2		אֱלֹהֵ֣י	430	HNcmpc	10HjF
23	3	3		יִשְׂרָאֵ֔ל	3478	HNp	10D3W
23	3	4		לִ֥/י	l	HR/Sp1cs	10vNC
23	3	5		דִבֶּ֖ר	1696	HVpp3ms	10e2W
23	3	6		צ֣וּר	6697	HNcmsc	10Rj3
23	3	7		יִשְׂרָאֵ֑ל	3478	HNp	10Yn8
23	3	8		מוֹשֵׁל֙	4910	HVqrmsa	10EY5
23	3	9		בָּ/אָדָ֔ם	b/120	HRd/Ncmsa	10xfB
23	3	10		צַדִּ֕יק	6662	HAamsa	10m3t
23	3	11		מוֹשֵׁ֖ל	4910	HVqrmsa	10thv
23	3	12		יִרְאַ֥ת	3374	HNcfsc	10yvt
23	3	13		אֱלֹהִֽים	430	HNcmpa	10wJq
23	4	1		וּ/כְ/א֥וֹר	c/k/216	HC/R/Ncbsc	10Wsa
23	4	2		בֹּ֖קֶר	1242	HNcmsa	101Gp
23	4	3		יִזְרַח	2224	HVqi3ms	10XsR
23	4	4		שָׁ֑מֶשׁ	8121	HNcbsa	10tsw
23	4	5		בֹּ֚קֶר	1242	HNcmsa	10LKV
23	4	6		לֹ֣א	3808	HTn	10ZJj
23	4	7		עָב֔וֹת	5645	HNcbpa	101uH
23	4	8		מִ/נֹּ֥גַהּ	m/5051	HR/Ncfsa	10mQr
23	4	9		מִ/מָּטָ֖ר	m/4306	HR/Ncmsa	10Mry
23	4	10		דֶּ֥שֶׁא	1877	HNcmsa	10Df2
23	4	11		מֵ/אָֽרֶץ	m/776	HR/Ncbsa	10ZKi
23	5	1		כִּֽי	3588 a	HC	10A59
23	5	2		לֹא	3808	HTn	10R8x
23	5	3		כֵ֥ן	3651 c	HD	10AwL
23	5	4		בֵּיתִ֖/י	1004 b	HNcmsc/Sp1cs	10bmt
23	5	5		עִם	5973 a	HR	102jp
23	5	6		אֵ֑ל	410	HNcmsa	10dFU
23	5	7		כִּי֩	3588 a	HC	10q2b
23	5	8		בְרִ֨ית	1285	HNcfsc	10Gra
23	5	9		עוֹלָ֜ם	5769	HNcmsa	10nq3
23	5	10		שָׂ֣ם	7760 a	HVqp3ms	10Jrh
23	5	11		לִ֗/י	l	HR/Sp1cs	10zKZ
23	5	12		עֲרוּכָ֤ה	6186 a	HVqsfsa	10Vbm
23	5	13		בַ/כֹּל֙	b/3605	HRd/Ncmsa	10kZ4
23	5	14		וּ/שְׁמֻרָ֔ה	c/8104	HC/Vqsfsa	10CAy
23	5	15		כִּֽי	3588 a	HC	10Lb3
23	5	16		כָל	3605	HNcmsc	108jU
23	5	17		יִשְׁעִ֥/י	3468	HNcmsc/Sp1cs	10vqf
23	5	18		וְ/כָל	c/3605	HC/Ncmsc	10JsK
23	5	19		חֵ֖פֶץ	2656	HNcmsa	10637
23	5	20		כִּֽי	3588 a	HC	10x6p
23	5	21		לֹ֥א	3808	HTn	10RxD
23	5	22		יַצְמִֽיחַ	6779	HVhi3ms	10cJM
23	6	1		וּ/בְלִיַּ֕עַל	c/1100	HC/Ncmsa	10DDk
23	6	2		כְּ/ק֥וֹץ	k/6975	HR/Ncmsa	104ht
23	6	3		מֻנָ֖ד	5074	HVHsmsa	10D8o
23	6	4		כֻּלָּ֑/הַם	3605	HNcmsc/Sp3mp	10rUt
23	6	5		כִּֽי	3588 a	HC	10BgS
23	6	6		לֹ֥א	3808	HTn	10Q13
23	6	7		בְ/יָ֖ד	b/3027	HR/Ncbsa	10ZT5
23	6	8		יִקָּֽחוּ	3947	HVNi3mp	10NYK
23	7	1		וְ/אִישׁ֙	c/376	HC/Ncmsa	10poM
23	7	2		יִגַּ֣ע	5060	HVqi3ms	10GrK
23	7	3		בָּ/הֶ֔ם	b	HR/Sp3mp	10BFS
23	7	4		יִמָּלֵ֥א	4390	HVNi3ms	10VSb
23	7	5		בַרְזֶ֖ל	1270	HNcmsa	10win
23	7	6		וְ/עֵ֣ץ	c/6086	HC/Ncmsc	10vTu
23	7	7		חֲנִ֑ית	2595	HNcfsa	10bFF
23	7	8		וּ/בָ/אֵ֕שׁ	c/b/784	HC/Rd/Ncbsa	10RPu
23	7	9		שָׂר֥וֹף	8313	HVqa	10i4Q
23	7	10		יִשָּׂרְפ֖וּ	8313	HVNi3mp	10eeb
23	7	11		בַּ/שָּֽׁבֶת	b/7675	HRd/Ncfsa	10DzJ
23	8	1		אֵ֛לֶּה	428	HPdxcp	10otG
23	8	2		שְׁמ֥וֹת	8034	HNcmpc	10uVF
23	8	3		הַ/גִּבֹּרִ֖ים	d/1368	HTd/Aampa	10JuV
23	8	4		אֲשֶׁ֣ר	834 a	HTr	10WJN
23	8	5		לְ/דָוִ֑ד	l/1732	HR/Np	10BZ4
23	8	6		יֹשֵׁ֨ב	3429+	HVqrmsa	10TCU
23	8	7		בַּשֶּׁ֜בֶת	3429	HNp	10qjr
23	8	8		תַּחְכְּמֹנִ֣י	8461	HNgmsa	10wRN
23	8	9		רֹ֣אשׁ	7218 a	HNcmsc	1084p
23	8	10		הַ/שָּׁלִשִׁ֗י	d/7991 c	HTd/Acbpa	10Mw5
23	8	11		ה֚וּא	1931	HPp3ms	108Qr
23	8	12		עֲדִינ֣/וֹ	5722	HNp/Sp3ms	10mR9
23	8	13	x-ketiv	ה/עצנ/ו	d/6112	HTd/Ngmsc/Sp3ms	10ZAQ
23	8	14		הָֽ/עֶצְנִ֔י	d/6112	HTd/Ngmsa	10PsY
23	8	15		עַל	5921 a	HR	10W8e
23	8	16		שְׁמֹנֶ֥ה	8083	HAcfsa	10D63
23	8	17		מֵא֛וֹת	3967	HAcbpa	10m1b
23	8	18		חָלָ֖ל	2491 a	HAamsa	10b1k
23	8	19		בְּ/פַ֥עַם	b/6471	HR/Ncfsa	104Jh
23	8	20	x-ketiv	אחד	259	HAcmsa	10D47
23	8	21		אֶחָֽת	259	HAcfsa	10koV
23	9	1	x-ketiv	ו/אחר/ו	c/310 a	HC/R/Sp3ms	10FRD
23	9	2		וְ/אַחֲרָ֛י/ו	c/310 a	HC/R/Sp3ms	10BuR
23	9	3		אֶלְעָזָ֥ר	499	HNp	10k5H
23	9	4		בֶּן	1121 a	HNcmsc	10tGq
23	9	5	x-ketiv	דדי	1734	HNp	10NLd
23	9	6		דֹּד֖וֹ	1734	HNp	10J1k
23	9	7		בֶּן	1121 a	HNcmsc	10uUr
23	9	8		אֲחֹחִ֑י	266	HNgmsa	10ri9
23	9	9		בִּ/שְׁלֹשָׁ֨ה	b/7969	HR/Acmsa	10niN
23	9	10	x-ketiv	גברים	1368	HAampa	10Wxt
23	9	11		הַ/גִּבֹּרִ֜ים	d/1368	HTd/Aampa	10J7S
23	9	12		עִם	5973 a	HR	10BM3
23	9	13		דָּוִ֗ד	1732	HNp	103MM
23	9	14		בְּ/חָֽרְפָ֤/ם	b/2778 a	HR/Vpc/Sp3mp	10oxD
23	9	15		בַּ/פְּלִשְׁתִּים	b/6430	HRd/Ngmpa	10xrp
23	9	16		נֶאֶסְפוּ	622	HVNp3cp	109HN
23	9	17		שָׁ֣ם	8033	HD	106Y7
23	9	18		לַ/מִּלְחָמָ֔ה	l/4421	HRd/Ncfsa	10RHW
23	9	19		וַֽ/יַּעֲל֖וּ	c/5927	HC/Vqw3mp	10r5s
23	9	20		אִ֥ישׁ	376	HNcmsc	1097A
23	9	21		יִשְׂרָאֵֽל	3478	HNp	10Vqm
23	10	1		ה֣וּא	1931	HPp3ms	10u4c
23	10	2		קָם֩	6965 b	HVqp3ms	10ztB
23	10	3		וַ/יַּ֨ךְ	c/5221	HC/Vhw3ms	10Azr
23	10	4		בַּ/פְּלִשְׁתִּ֜ים	b/6430	HRd/Ngmpa	103eC
23	10	5		עַ֣ד	5704	HR	10KxK
23	10	6		כִּֽי	3588 a	HC	104q4
23	10	7		יָגְעָ֣ה	3021	HVqp3fs	10fh6
23	10	8		יָד֗/וֹ	3027	HNcbsc/Sp3ms	10esn
23	10	9		וַ/תִּדְבַּ֤ק	c/1692	HC/Vqw3fs	10ZQR
23	10	10		יָד/וֹ֙	3027	HNcbsc/Sp3ms	10XLc
23	10	11		אֶל	413	HR	10Cq3
23	10	12		הַ/חֶ֔רֶב	d/2719	HTd/Ncfsa	10Csz
23	10	13		וַ/יַּ֧עַשׂ	c/6213 a	HC/Vqw3ms	10GeH
23	10	14		יְהוָ֛ה	3068	HNp	10Hch
23	10	15		תְּשׁוּעָ֥ה	8668	HNcfsa	10AEo
23	10	16		גְדוֹלָ֖ה	1419 a	HAafsa	10BVz
23	10	17		בַּ/יּ֣וֹם	b/3117	HRd/Ncmsa	10AKh
23	10	18		הַ/ה֑וּא	d/1931	HTd/Pp3ms	10u24
23	10	19		וְ/הָ/עָ֛ם	c/d/5971 a	HC/Td/Ncmsa	1051o
23	10	20		יָשֻׁ֥בוּ	7725	HVqi3mp	10Uib
23	10	21		אַחֲרָ֖י/ו	310 a	HR/Sp3ms	10FwK
23	10	22		אַךְ	389	HTa	106PS
23	10	23		לְ/פַשֵּֽׁט	l/6584	HR/Vpc	10rWd
23	11	1		וְ/אַחֲרָ֛י/ו	c/310 a	HC/R/Sp3ms	10DYp
23	11	2		שַׁמָּ֥א	8037	HNp	10u96
23	11	3		בֶן	1121 a	HNcmsc	10Jp3
23	11	4		אָגֵ֖א	89	HNp	10ev7
23	11	5		הָרָרִ֑י	2043	HNgmsa	10vDp
23	11	6		וַ/יֵּאָסְפ֨וּ	c/622	HC/VNw3mp	10Rgs
23	11	7		פְלִשְׁתִּ֜ים	6430	HNgmpa	10i2V
23	11	8		לַ/חַיָּ֗ה	l/2416 d	HRd/Ncfsa	10pD9
23	11	9		וַ/תְּהִי	c/1961	HC/Vqw3fs	10Sww
23	11	10		שָׁ֞ם	8033	HD	10PTy
23	11	11		חֶלְקַ֤ת	2513 a	HNcfsc	10hMo
23	11	12		הַ/שָּׂדֶה֙	d/7704 b	HTd/Ncmsa	10WpC
23	11	13		מְלֵאָ֣ה	4395	HAafsa	10AFj
23	11	14		עֲדָשִׁ֔ים	5742	HNcfpa	10aSt
23	11	15		וְ/הָ/עָ֥ם	c/d/5971 a	HC/Td/Ncmsa	10Sqe
23	11	16		נָ֖ס	5127	HVqp3ms	10oYo
23	11	17		מִ/פְּנֵ֥י	m/6440	HR/Ncbpc	10scu
23	11	18		פְלִשְׁתִּֽים	6430	HNgmpa	10JMM
23	12	1		וַ/יִּתְיַצֵּ֤ב	c/3320	HC/Vtw3ms	101sJ
23	12	2		בְּ/תוֹךְ	b/8432	HR/Ncmsc	10Uxz
23	12	3		הַֽ/חֶלְקָה֙	d/2513 a	HTd/Ncfsa	10NGU
23	12	4		וַ/יַּצִּילֶ֔/הָ	c/5337	HC/Vhw3ms/Sp3fs	10bvJ
23	12	5		וַ/יַּ֖ךְ	c/5221	HC/Vhw3ms	10G8n
23	12	6		אֶת	853	HTo	10WY7
23	12	7		פְּלִשְׁתִּ֑ים	6430	HNgmpa	10BC3
23	12	8		וַ/יַּ֥עַשׂ	c/6213 a	HC/Vqw3ms	10sBo
23	12	9		יְהוָ֖ה	3068	HNp	10RKW
23	12	10		תְּשׁוּעָ֥ה	8668	HNcfsa	10tAq
23	12	11		גְדוֹלָֽה	1419 a	HAafsa	10Uw1
23	13	1		וַ/יֵּרְד֨וּ	c/3381	HC/Vqw3mp	102wg
23	13	2	x-ketiv	שלשים	7970	HAcbpa	10AiD
23	13	3		שְׁלֹשָׁ֜ה	7969	HAcmsa	10saZ
23	13	4		מֵ/הַ/שְּׁלֹשִׁ֣ים	m/d/7970	HR/Td/Acbpa	106Zs
23	13	5		רֹ֗אשׁ	7218 a	HNcmsa	10AfV
23	13	6		וַ/יָּבֹ֤אוּ	c/935	HC/Vqw3mp	10Lcd
23	13	7		אֶל	413	HR	10rpk
23	13	8		קָצִיר֙	7105 a	HNcmsa	10nkG
23	13	9		אֶל	413	HR	10DzG
23	13	10		דָּוִ֔ד	1732	HNp	10pEh
23	13	11		אֶל	413	HR	104k4
23	13	12		מְעָרַ֖ת	4631	HNcfsc	10fR6
23	13	13		עֲדֻלָּ֑ם	5725	HNp	10Hpv
23	13	14		וְ/חַיַּ֣ת	c/2416 d	HC/Ncfsc	10PZ2
23	13	15		פְּלִשְׁתִּ֔ים	6430	HNgmpa	10Fw3
23	13	16		חֹנָ֖ה	2583	HVqrfsa	10gyJ
23	13	17		בְּ/עֵ֥מֶק	b/6010	HR/Ncmsc	10g5y
23	13	18		רְפָאִֽים	7497 b	HNp	10Dfx
23	14	1		וְ/דָוִ֖ד	c/1732	HC/Np	10NAF
23	14	2		אָ֣ז	227 a	HD	10EeP
23	14	3		בַּ/מְּצוּדָ֑ה	b/4686 b	HRd/Ncbsa	10BqM
23	14	4		וּ/מַצַּ֣ב	c/4673	HC/Ncmsc	10UCM
23	14	5		פְּלִשְׁתִּ֔ים	6430	HNgmpa	10ftT
23	14	6		אָ֖ז	227 a	HD	10FKy
23	14	7		בֵּ֥ית	1035+	HNp	10cV9
23	14	8		לָֽחֶם	1035	HNp	10X4w
23	15	1		וַ/יִּתְאַוֶּ֥ה	c/183	HC/Vtw3ms	10J5D
23	15	2		דָוִ֖ד	1732	HNp	10yY2
23	15	3		וַ/יֹּאמַ֑ר	c/559	HC/Vqw3ms	10Tg5
23	15	4		מִ֚י	4310	HTi	10hV5
23	15	5		יַשְׁקֵ֣/נִי	8248	HVhi3ms/Sp1cs	103vf
23	15	6		מַ֔יִם	4325	HNcmpa	10cC7
23	15	7		מִ/בֹּ֥אר	m/877	HR/Ncmsc	10cM2
23	15	8		בֵּֽית	1035+	HNp	10AeC
23	15	9		לֶ֖חֶם	1035	HNp	10hiZ
23	15	10		אֲשֶׁ֥ר	834 a	HTr	10NFM
23	15	11		בַּ/שָּֽׁעַר	b/8179	HRd/Ncmsa	10Q9d
23	16	1		וַ/יִּבְקְעוּ֩	c/1234	HC/Vqw3mp	10Z4d
23	16	2		שְׁלֹ֨שֶׁת	7969	HAcmsc	10bij
23	16	3		הַ/גִּבֹּרִ֜ים	d/1368	HTd/Aampa	104dx
23	16	4		בְּ/מַחֲנֵ֣ה	b/4264	HR/Ncbsc	103PX
23	16	5		פְלִשְׁתִּ֗ים	6430	HNgmpa	10iyq
23	16	6		וַ/יִּֽשְׁאֲבוּ	c/7579	HC/Vqw3mp	10zn9
23	16	7		מַ֨יִם֙	4325	HNcmpa	10Mha
23	16	8		מִ/בֹּ֤אר	m/877	HR/Ncmsc	10N7b
23	16	9		בֵּֽית	1035+	HNp	10d2k
23	16	10		לֶ֨חֶם֙	1035	HNp	104SL
23	16	11		אֲשֶׁ֣ר	834 a	HTr	10mgz
23	16	12		בַּ/שַּׁ֔עַר	b/8179	HRd/Ncmsa	10EqE
23	16	13		וַ/יִּשְׂא֖וּ	c/5375	HC/Vqw3mp	10hRU
23	16	14		וַ/יָּבִ֣אוּ	c/935	HC/Vhw3mp	10fkK
23	16	15		אֶל	413	HR	10G6m
23	16	16		דָּוִ֑ד	1732	HNp	10KKj
23	16	17		וְ/לֹ֤א	c/3808	HC/Tn	10wRc
23	16	18		אָבָה֙	14	HVqp3ms	107oV
23	16	19		לִ/שְׁתּוֹתָ֔/ם	l/8354	HR/Vqc/Sp3mp	10w65
23	16	20		וַ/יַּסֵּ֥ךְ	c/5258 a	HC/Vhw3ms	10WrZ
23	16	21		אֹתָ֖/ם	853	HTo/Sp3mp	10by8
23	16	22		לַֽ/יהוָֽה	l/3068	HR/Np	10W3R
23	17	1		וַ/יֹּ֡אמֶר	c/559	HC/Vqw3ms	10nzB
23	17	2		חָלִילָ/ה֩	2486	HTj/Sh	10g2B
23	17	3		לִּ֨/י	l	HR/Sp1cs	10And
23	17	4		יְהוָ֜ה	3068	HNp	10VNa
23	17	5		מֵ/עֲשֹׂ֣תִ/י	m/6213 a	HR/Vqc/Sp1cs	10J2H
23	17	6		זֹ֗את	2063	HPdxfs	10Y4B
23	17	7		הֲ/דַ֤ם	i/1818	HTi/Ncmsc	10DWM
23	17	8		הָֽ/אֲנָשִׁים֙	d/376	HTd/Ncmpa	10Rxp
23	17	9		הַ/הֹלְכִ֣ים	d/1980	HTd/Vqrmpa	10Awt
23	17	10		בְּ/נַפְשׁוֹתָ֔/ם	b/5315	HR/Ncbpc/Sp3mp	10bTZ
23	17	11		וְ/לֹ֥א	c/3808	HC/Tn	10dzx
23	17	12		אָבָ֖ה	14	HVqp3ms	10fU1
23	17	13		לִ/שְׁתּוֹתָ֑/ם	l/8354	HR/Vqc/Sp3mp	10qg2
23	17	14		אֵ֣לֶּה	428	HPdxcp	10Uja
23	17	15		עָשׂ֔וּ	6213 a	HVqp3cp	10z9S
23	17	16		שְׁלֹ֖שֶׁת	7969	HAcmsc	109ST
23	17	17		הַ/גִּבֹּרִֽים	d/1368	HTd/Aampa	10pbz
23	18	1		וַ/אֲבִישַׁ֞י	c/52	HC/Np	10FE3
23	18	2		אֲחִ֣י	251	HNcmsc	1035f
23	18	3		יוֹאָ֣ב	3097	HNp	10aPC
23	18	4		בֶּן	1121 a	HNcmsc	10ReZ
23	18	5		צְרוּיָ֗ה	6870	HNp	10MTm
23	18	6		ה֚וּא	1931	HPp3ms	10YQH
23	18	7		רֹ֣אשׁ	7218 a	HNcmsc	10M6y
23	18	8	x-ketiv	ה/שלשי	d/7992	HTd/Aomsa	101bL
23	18	9		הַ/שְּׁלֹשָׁ֔ה	d/7969	HTd/Acmsa	10aPi
23	18	10		וְ/הוּא֙	c/1931	HC/Pp3ms	10Qxz
23	18	11		עוֹרֵ֣ר	5782	HVop3ms	106ku
23	18	12		אֶת	853	HTo	109BK
23	18	13		חֲנִית֔/וֹ	2595	HNcfsc/Sp3ms	1046z
23	18	14		עַל	5921 a	HR	10g6h
23	18	15		שְׁלֹ֥שׁ	7969	HAcfsa	10R4n
23	18	16		מֵא֖וֹת	3967	HAcbpa	10X5Q
23	18	17		חָלָ֑ל	2491 a	HAamsa	10EQ1
23	18	18		וְ/ל/וֹ	c/l	HC/R/Sp3ms	10LRR
23	18	19		שֵׁ֖ם	8034	HNcmsa	10npT
23	18	20		בַּ/שְּׁלֹשָֽׁה	b/7969	HRd/Acmsa	10AXe
23	19	1		מִן	4480 a	HR	10Tvz
23	19	2		הַ/שְּׁלֹשָׁה֙	d/7969	HTd/Acmsa	10GqM
23	19	3		הֲ/כִ֣י	i/3588 a	HTi/C	10ANY
23	19	4		נִכְבָּ֔ד	3513	HVNrmsa	10Kwy
23	19	5		וַ/יְהִ֥י	c/1961	HC/Vqw3ms	10crs
23	19	6		לָ/הֶ֖ם	l	HR/Sp3mp	10bQJ
23	19	7		לְ/שָׂ֑ר	l/8269	HR/Ncmsa	10HL8
23	19	8		וְ/עַד	c/5704	HC/R	10Cho
23	19	9		הַ/שְּׁלֹשָׁ֖ה	d/7969	HTd/Acmsa	10Jv8
23	19	10		לֹא	3808	HTn	10E6o
23	19	11		בָֽא	935	HVqp3ms	10UqT
23	20	1		וּ/בְנָיָ֨הוּ	c/1141	HC/Np	10EiW
23	20	2		בֶן	1121 a	HNcmsc	10kmx
23	20	3		יְהוֹיָדָ֧ע	3077	HNp	10gLK
23	20	4		בֶּן	1121 a	HNcmsc	10JMe
23	20	5		אִֽישׁ	376	HNcmsc	106MW
23	20	6	x-ketiv	חי	2416 a	HAamsa	10i6u
23	20	7		חַ֛יִל	2428	HNcmsa	10KNk
23	20	8		רַב	7227 a	HAamsc	10uu2
23	20	9		פְּעָלִ֖ים	6467	HNcmpa	10acM
23	20	10		מִֽ/קַּבְצְאֵ֑ל	m/6909	HR/Np	103PG
23	20	11		ה֣וּא	1931	HPp3ms	10KfS
23	20	12		הִכָּ֗ה	5221	HVhp3ms	10xJZ
23	20	13		אֵ֣ת	853	HTo	10y5e
23	20	14		שְׁנֵ֤י	8147	HAcmdc	10cRM
23	20	15		אֲרִאֵל֙	739	HNp	10Fr3
23	20	16		מוֹאָ֔ב	4124	HNp	10gzM
23	20	17		וְ֠/הוּא	c/1931	HC/Pp3ms	10qJp
23	20	18		יָרַ֞ד	3381	HVqp3ms	10P5o
23	20	19		וְ/הִכָּ֧ה	c/5221	HC/Vhp3ms	10Kek
23	20	20		אֶֽת	853	HTo	10c3K
23	20	21	x-ketiv	ה/אריה	d/738 b	HTd/Ncmsa	10yPs
23	20	22		הָ/אֲרִ֛י	d/738 a	HTd/Ncmsa	10zyS
23	20	23		בְּ/ת֥וֹךְ	b/8432	HR/Ncmsc	10KqH
23	20	24		הַ/בֹּ֖אר	d/953 a	HTd/Ncmsa	10MMn
23	20	25		בְּ/י֥וֹם	b/3117	HR/Ncmsc	103eY
23	20	26		הַ/שָּֽׁלֶג	d/7950	HTd/Ncmsa	10HEf
23	21	1		וְ/הוּא	c/1931	HC/Pp3ms	10y91
23	21	2		הִכָּה֩	5221	HVhp3ms	10TVM
23	21	3		אֶת	853	HTo	10kD4
23	21	4		אִ֨ישׁ	376	HNcmsa	10Nmt
23	21	5		מִצְרִ֜י	4713	HNgmsa	10Akg
23	21	6	x-ketiv	אשר	834 a	HTr	10B7Q
23	21	7		אִ֣ישׁ	376	HNcmsc	10ycr
23	21	8		מַרְאֶ֗ה	4758	HNcmsa	1097o
23	21	9		וּ/בְ/יַ֤ד	c/b/3027	HC/R/Ncbsc	10wny
23	21	10		הַ/מִּצְרִי֙	d/4713	HTd/Ngmsa	10iRd
23	21	11		חֲנִ֔ית	2595	HNcfsa	10Hqm
23	21	12		וַ/יֵּ֥רֶד	c/3381	HC/Vqw3ms	104yB
23	21	13		אֵלָ֖י/ו	413	HR/Sp3ms	10eBM
23	21	14		בַּ/שָּׁ֑בֶט	b/7626	HRd/Ncmsa	10sGZ
23	21	15		וַ/יִּגְזֹ֤ל	c/1497	HC/Vqw3ms	10maq
23	21	16		אֶֽת	853	HTo	10PDc
23	21	17		הַ/חֲנִית֙	d/2595	HTd/Ncfsa	107ta
23	21	18		מִ/יַּ֣ד	m/3027	HR/Ncbsc	10PrJ
23	21	19		הַ/מִּצְרִ֔י	d/4713	HTd/Ngmsa	10SiG
23	21	20		וַ/יַּהַרְגֵ֖/הוּ	c/2026	HC/Vqw3ms/Sp3ms	10D8c
23	21	21		בַּ/חֲנִיתֽ/וֹ	b/2595	HR/Ncfsc/Sp3ms	10z2c
23	22	1		אֵ֣לֶּה	428	HPdxcp	10VvA
23	22	2		עָשָׂ֔ה	6213 a	HVqp3ms	10oTD
23	22	3		בְּנָיָ֖הוּ	1141	HNp	10hhK
23	22	4		בֶּן	1121 a	HNcmsc	105UZ
23	22	5		יְהוֹיָדָ֑ע	3077	HNp	10VkY
23	22	6		וְ/ל/וֹ	c/l	HC/R/Sp3ms	102u2
23	22	7		שֵׁ֖ם	8034	HNcmsa	10uxY
23	22	8		בִּ/שְׁלֹשָׁ֥ה	b/7969	HR/Acmsa	10GJC
23	22	9		הַ/גִּבֹּרִֽים	d/1368	HTd/Aampa	108WP
23	23	1		מִן	4480 a	HR	109Vh
23	23	2		הַ/שְּׁלֹשִׁ֣ים	d/7970	HTd/Acbpa	10Ntu
23	23	3		נִכְבָּ֔ד	3513	HVNrmsa	10ikR
23	23	4		וְ/אֶל	c/413	HC/R	10vkY
23	23	5		הַ/שְּׁלֹשָׁ֖ה	d/7969	HTd/Acmsa	10F8A
23	23	6		לֹא	3808	HTn	10yB5
23	23	7		בָ֑א	935	HVqp3ms	10RhF
23	23	8		וַ/יְשִׂמֵ֥/הוּ	c/7760 a	HC/Vqw3ms/Sp3ms	10weY
23	23	9		דָוִ֖ד	1732	HNp	10jmK
23	23	10		אֶל	413	HR	104m9
23	23	11		מִשְׁמַעְתּֽ/וֹ	4928	HNcfsc/Sp3ms	10HZJ
23	24	1		עֲשָׂה	6214+	HNp	10M1s
23	24	2		אֵ֥ל	6214	HNp	10BYD
23	24	3		אֲחִֽי	251	HNcmsc	10ynr
23	24	4		יוֹאָ֖ב	3097	HNp	10VJd
23	24	5		בַּ/שְּׁלֹשִׁ֑ים	b/7970	HRd/Acbpa	10nCA
23	24	6		אֶלְחָנָ֥ן	445	HNp	102ke
23	24	7		בֶּן	1121 a	HNcmsc	104YR
23	24	8		דֹּד֖וֹ	1734	HNp	10784
23	24	9		בֵּ֥ית	1035+	HNp	10dpR
23	24	10		לָֽחֶם	1035	HNp	10aBk
23	25	1		שַׁמָּה֙	8048	HNp	10Ewf
23	25	2		הַֽ/חֲרֹדִ֔י	d/2733	HTd/Ngmsa	102i9
23	25	3		אֱלִיקָ֖א	470	HNp	10f2b
23	25	4		הַ/חֲרֹדִֽי	d/2733	HTd/Ngmsa	10AkM
23	26	1		חֶ֚לֶץ	2503	HNp	10KYx
23	26	2		הַ/פַּלְטִ֔י	d/6407	HTd/Ngmsa	10JEq
23	26	3		עִירָ֥א	5896	HNp	10hMV
23	26	4		בֶן	1121 a	HNcmsc	10A8N
23	26	5		עִקֵּ֖שׁ	6142	HNp	107ro
23	26	6		הַ/תְּקוֹעִֽי	d/8621	HTd/Ngmsa	10qJz
23	27	1		אֲבִיעֶ֨זֶר֙	44	HNp	10mN4
23	27	2		הָֽ/עַנְּתֹתִ֔י	d/6069	HTd/Ngmsa	10c1S
23	27	3		מְבֻנַּ֖י	4012	HNp	10E8w
23	27	4		הַ/חֻשָׁתִֽי	d/2843	HTd/Ngmsa	10QNv
23	28	1		צַלְמוֹן֙	6756 b	HNp	10GG4
23	28	2		הָֽ/אֲחֹחִ֔י	d/266	HTd/Ngmsa	10tsA
23	28	3		מַהְרַ֖י	4121	HNp	10WvW
23	28	4		הַ/נְּטֹפָתִֽי	d/5200	HTd/Ngmsa	10Cyq
23	29	1		חֵ֥לֶב	2460	HNp	109nW
23	29	2		בֶּֽן	1121 a	HNcmsc	10goR
23	29	3		בַּעֲנָ֖ה	1196	HNp	10C48
23	29	4		הַ/נְּטֹפָתִ֑י	d/5200	HTd/Ngmsa	10naT
23	29	5		אִתַּי֙	863	HNp	10rJY
23	29	6		בֶּן	1121 a	HNcmsc	10X3v
23	29	7		רִיבַ֔י	7380	HNp	10c1w
23	29	8		מִ/גִּבְעַ֖ת	m/1390	HR/Np	101qK
23	29	9		בְּנֵ֥י	1121 a	HNcmpc	10oBj
23	29	10		בִנְיָמִֽן	1144	HNp	101LX
23	30	1		בְּנָיָ֨הוּ֙	1141	HNp	10Xd2
23	30	2		פִּרְעָ֣תֹנִ֔י	6553	HNgmsa	10VuX
23	30	3		הִדַּ֖י	1914	HNp	10ieM
23	30	4		מִ/נַּ֥חֲלֵי	m/5158 a	HR/Ncmpc	10YQK
23	30	5		גָֽעַשׁ	1608	HNp	105kM
23	31	1		אֲבִֽי	45+	HNp	10XLS
23	31	2		עַלְבוֹן֙	45	HNp	109qt
23	31	3		הָֽ/עַרְבָתִ֔י	d/6164	HTd/Ngmsa	10MkQ
23	31	4		עַזְמָ֖וֶת	5820	HNp	10Nkt
23	31	5		הַ/בַּרְחֻמִֽי	d/1273	HTd/Ngmsa	10ezn
23	32	1		אֶלְיַחְבָּא֙	455	HNp	10nRq
23	32	2		הַ/שַּׁ֣עַלְבֹנִ֔י	d/8170	HTd/Ngmsa	104Gt
23	32	3		בְּנֵ֥י	1121 a	HNcmpc	10GnH
23	32	4		יָשֵׁ֖ן	3464	HNp	105Da
23	32	5		יְהוֹנָתָֽן	3083	HNp	10G2S
23	33	1		שַׁמָּה֙	8048	HNp	105V3
23	33	2		הַֽ/הֲרָרִ֔י	d/2043	HTd/Ngmsa	10HKm
23	33	3		אֲחִיאָ֥ם	279	HNp	10v6o
23	33	4		בֶּן	1121 a	HNcmsc	10BkX
23	33	5		שָׁרָ֖ר	8325	HNp	10mYk
23	33	6		הָארָרִֽי	2043	HNgmsa	10atE
23	34	1		אֱלִיפֶ֥לֶט	467	HNp	10Unu
23	34	2		בֶּן	1121 a	HNcmsc	10G7H
23	34	3		אֲחַסְבַּ֖י	308	HNp	10MJC
23	34	4		בֶּן	1121 a	HNcmsc	102cN
23	34	5		הַ/מַּֽעֲכָתִ֑י	d/4602	HTd/Ngmsa	10NZs
23	34	6		אֱלִיעָ֥ם	463	HNp	10zEq
23	34	7		בֶּן	1121 a	HNcmsc	10ijB
23	34	8		אֲחִיתֹ֖פֶל	302	HNp	107Ls
23	34	9		הַ/גִּלֹנִֽי	d/1526	HTd/Ngmsa	10xCM
23	35	1	x-ketiv	חצרו	2695	HNp	106Eo
23	35	2		חֶצְרַי֙	2695	HNp	10Rhi
23	35	3		הַֽ/כַּרְמְלִ֔י	d/3761	HTd/Ngmsa	10W8h
23	35	4		פַּעֲרַ֖י	6474	HNp	104RF
23	35	5		הָ/אַרְבִּֽי	d/701	HTd/Ngmsa	10Ufi
23	36	1		יִגְאָ֤ל	3008	HNp	10WE7
23	36	2		בֶּן	1121 a	HNcmsc	10ZnA
23	36	3		נָתָן֙	5416	HNp	10pWY
23	36	4		מִ/צֹּבָ֔ה	m/6678	HR/Np	10Kny
23	36	5		בָּנִ֖י	1137	HNp	10vJY
23	36	6		הַ/גָּדִֽי	d/1425	HTd/Ngmsa	10qdD
23	37	1		צֶ֖לֶק	6768	HNp	10gdS
23	37	2		הָ/עַמֹּנִ֑י	d/5984	HTd/Ngmsa	10shu
23	37	3		נַחְרַי֙	5171	HNp	10Zyd
23	37	4		הַ/בְּאֵ֣רֹתִ֔י	d/886	HTd/Ngmsa	10quq
23	37	5	x-ketiv	נשאי	5375	HVqrmpc	10r3e
23	37	6		נֹשֵׂ֕א	5375	HVqrmsc	10Ucz
23	37	7		כְּלֵ֖י	3627	HNcmpc	10v7h
23	37	8		יוֹאָ֥ב	3097	HNp	10hgJ
23	37	9		בֶּן	1121 a	HNcmsc	10ziM
23	37	10		צְרֻיָֽה	6870	HNp	10bt2
23	38	1		עִירָא֙	5896	HNp	10euf
23	38	2		הַ/יִּתְרִ֔י	d/3505	HTd/Ngmsa	10fGn
23	38	3		גָּרֵ֖ב	1619	HNp	103CJ
23	38	4		הַ/יִּתְרִֽי	d/3505	HTd/Ngmsa	10GHc
23	39	1		אֽוּרִיָּה֙	223 a	HNp	10eq3
23	39	2		הַֽ/חִתִּ֔י	d/2850	HTd/Ngmsa	10wmT
23	39	3		כֹּ֖ל	3605	HNcmsc	10uRX
23	39	4		שְׁלֹשִׁ֥ים	7970	HAcbpa	1021k
23	39	5		וְ/שִׁבְעָֽה	c/7651	HC/Acmsa	10da6
24	1	1		וַ/יֹּ֨סֶף֙	c/3254	HC/Vhw3ms	105rU
24	1	2		אַף	639	HTa	1034U
24	1	3		יְהוָ֔ה	3068	HNp	10KTR
24	1	4		לַ/חֲר֖וֹת	l/2734	HR/Vqc	10axk
24	1	5		בְּ/יִשְׂרָאֵ֑ל	b/3478	HR/Np	10pvS
24	1	6		וַ/יָּ֨סֶת	c/5496	HC/Vhw3ms	10rWX
24	1	7		אֶת	853	HTo	10wo4
24	1	8		דָּוִ֤ד	1732	HNp	10pet
24	1	9		בָּ/הֶם֙	b	HR/Sp3mp	10yqx
24	1	10		לֵ/אמֹ֔ר	l/559	HR/Vqc	109r4
24	1	11		לֵ֛ךְ	3212	HVqv2ms	10S2Q
24	1	12		מְנֵ֥ה	4487	HVqv2ms	1089S
24	1	13		אֶת	853	HTo	10fVm
24	1	14		יִשְׂרָאֵ֖ל	3478	HNp	104Q2
24	1	15		וְ/אֶת	c/853	HC/To	10bpv
24	1	16		יְהוּדָֽה	3063	HNp	10YHJ
24	2	1		וַ/יֹּ֨אמֶר	c/559	HC/Vqw3ms	10XXo
24	2	2		הַ/מֶּ֜לֶךְ	d/4428	HTd/Ncmsa	106qR
24	2	3		אֶל	413	HR	10F4e
24	2	4		יוֹאָ֣ב	3097	HNp	10Smn
24	2	5		שַׂר	8269	HNcmsc	101wx
24	2	6		הַ/חַ֣יִל	d/2428	HTd/Ncmsa	10yQG
24	2	7		אֲשֶׁר	834 a	HTr	10Eoh
24	2	8		אִתּ֗/וֹ	854	HR/Sp3ms	1076k
24	2	9		שֽׁוּט	7751 a	HVqv2ms	10Yke
24	2	10		נָ֞א	4994	HTe	10aaE
24	2	11		בְּ/כָל	b/3605	HR/Ncmsc	102GC
24	2	12		שִׁבְטֵ֤י	7626	HNcmpc	105SW
24	2	13		יִשְׂרָאֵל֙	3478	HNp	104Vz
24	2	14		מִ/דָּן֙	m/1835	HR/Np	101at
24	2	15		וְ/עַד	c/5704	HC/R	10kw4
24	2	16		בְּאֵ֣ר	884+	HNp	10fq2
24	2	17		שֶׁ֔בַע	884	HAcfsa	10d4b
24	2	18		וּ/פִקְד֖וּ	c/6485 a	HC/Vqv2mp	10nKX
24	2	19		אֶת	853	HTo	10dbk
24	2	20		הָ/עָ֑ם	d/5971 a	HTd/Ncmsa	107P4
24	2	21		וְ/יָ֣דַעְתִּ֔י	c/3045	HC/Vqq1cs	10qFQ
24	2	22		אֵ֖ת	853	HTo	109xW
24	2	23		מִסְפַּ֥ר	4557	HNcmsc	10LUW
24	2	24		הָ/עָֽם	d/5971 a	HTd/Ncmsa	101Dv
24	3	1		וַ/יֹּ֨אמֶר	c/559	HC/Vqw3ms	10EXG
24	3	2		יוֹאָ֜ב	3097	HNp	10XEv
24	3	3		אֶל	413	HR	10Foc
24	3	4		הַ/מֶּ֗לֶךְ	d/4428	HTd/Ncmsa	10DyD
24	3	5		וְ/יוֹסֵ֣ף	c/3254	HC/Vhj3ms	10gvY
24	3	6		יְהוָה֩	3068	HNp	10pUw
24	3	7		אֱלֹהֶ֨י/ךָ	430	HNcmpc/Sp2ms	10h4r
24	3	8		אֶל	413	HR	102Wz
24	3	9		הָ/עָ֜ם	d/5971 a	HTd/Ncmsa	101ca
24	3	10		כָּ/הֵ֤ם	k/1992	HR/Pp3mp	10Pq6
24	3	11		וְ/כָ/הֵם֙	c/k/1992	HC/R/Pp3mp	10ghD
24	3	12		מֵאָ֣ה	3967	HAcbsa	10ekQ
24	3	13		פְעָמִ֔ים	6471	HNcfpa	10iL8
24	3	14		וְ/עֵינֵ֥י	c/5869 a	HC/Ncbdc	10BkD
24	3	15		אֲדֹנִֽ/י	113	HNcmsc/Sp1cs	10swo
24	3	16		הַ/מֶּ֖לֶךְ	d/4428	HTd/Ncmsa	10jPv
24	3	17		רֹא֑וֹת	7200	HVqrfpa	105kF
24	3	18		וַ/אדֹנִ֣/י	c/113	HC/Ncmsc/Sp1cs	10sVL
24	3	19		הַ/מֶּ֔לֶךְ	d/4428	HTd/Ncmsa	10rz1
24	3	20		לָ֥/מָּה	l/4100	HR/Ti	10tLP
24	3	21		חָפֵ֖ץ	2654 a	HVqp3ms	103aA
24	3	22		בַּ/דָּבָ֥ר	b/1697	HRd/Ncmsa	10WcW
24	3	23		הַ/זֶּֽה	d/2088	HTd/Pdxms	10SyK
24	4	1		וַ/יֶּחֱזַ֤ק	c/2388	HC/Vqw3ms	10QHi
24	4	2		דְּבַר	1697	HNcmsc	10S3y
24	4	3		הַ/מֶּ֨לֶךְ֙	d/4428	HTd/Ncmsa	10sv5
24	4	4		אֶל	413	HR	10jUF
24	4	5		יוֹאָ֔ב	3097	HNp	10Ntk
24	4	6		וְ/עַ֖ל	c/5921 a	HC/R	10Jdw
24	4	7		שָׂרֵ֣י	8269	HNcmpc	10xwE
24	4	8		הֶ/חָ֑יִל	d/2428	HTd/Ncmsa	10izn
24	4	9		וַ/יֵּצֵ֨א	c/3318	HC/Vqw3ms	10YRB
24	4	10		יוֹאָ֜ב	3097	HNp	10bSb
24	4	11		וְ/שָׂרֵ֤י	c/8269	HC/Ncmpc	107gs
24	4	12		הַ/חַ֨יִל֙	d/2428	HTd/Ncmsa	10gwm
24	4	13		לִ/פְנֵ֣י	l/6440	HR/Ncbpc	10mpL
24	4	14		הַ/מֶּ֔לֶךְ	d/4428	HTd/Ncmsa	10r1J
24	4	15		לִ/פְקֹ֥ד	l/6485 a	HR/Vqc	102J1
24	4	16		אֶת	853	HTo	104w6
24	4	17		הָ/עָ֖ם	d/5971 a	HTd/Ncmsa	10VPz
24	4	18		אֶת	853	HTo	10BcV
24	4	19		יִשְׂרָאֵֽל	3478	HNp	10mhn
24	5	1		וַ/יַּעַבְר֖וּ	c/5674 a	HC/Vqw3mp	10Rec
24	5	2		אֶת	853	HTo	10DcM
24	5	3		הַ/יַּרְדֵּ֑ן	d/3383	HTd/Np	10z9F
24	5	4		וַ/יַּחֲנ֣וּ	c/2583	HC/Vqw3mp	103eG
24	5	5		בַ/עֲרוֹעֵ֗ר	b/6177	HR/Np	10ZD6
24	5	6		יְמִ֥ין	3225	HNcfsc	10eAx
24	5	7		הָ/עִ֛יר	d/5892 b	HTd/Ncfsa	10MpT
24	5	8		אֲשֶׁ֛ר	834 a	HTr	10Nnr
24	5	9		בְּ/תוֹךְ	b/8432	HR/Ncmsc	10k38
24	5	10		הַ/נַּ֥חַל	d/5158 a	HTd/Ncmsa	10C29
24	5	11		הַ/גָּ֖ד	d/1410	HTd/Np	10BGq
24	5	12		וְ/אֶל	c/413	HC/R	10Xgy
24	5	13		יַעְזֵֽר	3270	HNp	10Esn
24	6	1		וַ/יָּבֹ֨אוּ֙	c/935	HC/Vqw3mp	10Mqr
24	6	2		הַ/גִּלְעָ֔דָ/ה	d/1568	HTd/Np/Sd	101Vs
24	6	3		וְ/אֶל	c/413	HC/R	10eZF
24	6	4		אֶ֥רֶץ	776	HNcbsc	106dt
24	6	5		תַּחְתִּ֖ים	8483+	HNp	10VgD
24	6	6		חָדְשִׁ֑י	8483	HNp	10Jos
24	6	7		וַ/יָּבֹ֨אוּ֙	c/935	HC/Vqw3mp	10PCA
24	6	8		דָּ֣נָ/ה	1842+	HNp/Sd	10xxS
24	6	9		יַּ֔עַן	1842	HNp	10KHG
24	6	10		וְ/סָבִ֖יב	c/5439	HC/Ncbsa	10iBr
24	6	11		אֶל	413	HR	10qiL
24	6	12		צִידֽוֹן	6721	HNp	10YQt
24	7	1		וַ/יָּבֹ֨אוּ֙	c/935	HC/Vqw3mp	10zj2
24	7	2		מִבְצַר	4013	HNcmsc	10SvN
24	7	3		צֹ֔ר	6865	HNp	10HNH
24	7	4		וְ/כָל	c/3605	HC/Ncmsc	10bC8
24	7	5		עָרֵ֥י	5892 b	HNcfpc	108fP
24	7	6		הַ/חִוִּ֖י	d/2340	HTd/Ngmsa	10Xps
24	7	7		וְ/הַֽ/כְּנַעֲנִ֑י	c/d/3669 a	HC/Td/Ngmsa	10RTb
24	7	8		וַ/יֵּֽצְא֛וּ	c/3318	HC/Vqw3mp	10eWx
24	7	9		אֶל	413	HR	10ByR
24	7	10		נֶ֥גֶב	5045	HNcmsc	10je3
24	7	11		יְהוּדָ֖ה	3063	HNp	10ZMS
24	7	12		בְּאֵ֥ר	884+	HNp	1091p
24	7	13		שָֽׁבַע	884	HNp	10B6v
24	8	1		וַ/יָּשֻׁ֖טוּ	c/7751 a	HC/Vqw3mp	10cs8
24	8	2		בְּ/כָל	b/3605	HR/Ncmsc	10nAb
24	8	3		הָ/אָ֑רֶץ	d/776	HTd/Ncbsa	10mte
24	8	4		וַ/יָּבֹ֜אוּ	c/935	HC/Vqw3mp	10mTx
24	8	5		מִ/קְצֵ֨ה	m/7097 a	HR/Ncbsc	10Lo3
24	8	6		תִשְׁעָ֧ה	8672	HAcmsa	10WUq
24	8	7		חֳדָשִׁ֛ים	2320	HNcmpa	10u3y
24	8	8		וְ/עֶשְׂרִ֥ים	c/6242	HC/Acbpa	10qyS
24	8	9		י֖וֹם	3117	HNcmsa	106h1
24	8	10		יְרוּשָׁלִָֽם	3389	HNp	10xNu
24	9	1		וַ/יִּתֵּ֥ן	c/5414	HC/Vqw3ms	10g2u
24	9	2		יוֹאָ֛ב	3097	HNp	10cTt
24	9	3		אֶת	853	HTo	108tB
24	9	4		מִסְפַּ֥ר	4557	HNcmsc	10sBn
24	9	5		מִפְקַד	4662	HNcmsc	10mS3
24	9	6		הָ/עָ֖ם	d/5971 a	HTd/Ncmsa	10WeA
24	9	7		אֶל	413	HR	101MQ
24	9	8		הַ/מֶּ֑לֶךְ	d/4428	HTd/Ncmsa	104cW
24	9	9		וַ/תְּהִ֣י	c/1961	HC/Vqw3fs	10mbQ
24	9	10		יִשְׂרָאֵ֡ל	3478	HNp	10cKv
24	9	11		שְׁמֹנֶה֩	8083	HAcfsa	10vtQ
24	9	12		מֵא֨וֹת	3967	HAcbpa	103SD
24	9	13		אֶ֤לֶף	505	HAcbsa	10vCA
24	9	14		אִֽישׁ	376	HNcmsc	10ZNs
24	9	15		חַ֨יִל֙	2428	HNcmsa	10kkz
24	9	16		שֹׁ֣לֵֽף	8025	HVqrmsa	10UDD
24	9	17		חֶ֔רֶב	2719	HNcfsa	10LRU
24	9	18		וְ/אִ֣ישׁ	c/376	HC/Ncmsc	10kC1
24	9	19		יְהוּדָ֔ה	3063	HNp	10Vgt
24	9	20		חֲמֵשׁ	2568	HAcfsa	10eAg
24	9	21		מֵא֥וֹת	3967	HAcbpa	108eY
24	9	22		אֶ֖לֶף	505	HAcbsa	10Ngr
24	9	23		אִֽישׁ	376	HNcmsa	10Re9
24	10	1		וַ/יַּ֤ךְ	c/5221	HC/Vhw3ms	10EhP
24	10	2		לֵב	3820 a	HNcmsc	10enZ
24	10	3		דָּוִד֙	1732	HNp	1083T
24	10	4		אֹת֔/וֹ	853	HTo/Sp3ms	107Wn
24	10	5		אַחֲרֵי	310 a	HR	10FwM
24	10	6		כֵ֖ן	3651 c	HD	10tU5
24	10	7		סָפַ֣ר	5608 a	HVqp3ms	10wpC
24	10	8		אֶת	853	HTo	103Gj
24	10	9		הָ/עָ֑ם	d/5971 a	HTd/Ncmsa	10YPi
24	10	10		וַ/יֹּ֨אמֶר	c/559	HC/Vqw3ms	10PMM
24	10	11		דָּוִ֜ד	1732	HNp	10a6j
24	10	12		אֶל	413	HR	10riQ
24	10	13		יְהוָ֗ה	3068	HNp	10yQ4
24	10	14		חָטָ֤אתִי	2398	HVqp1cs	10J61
24	10	15		מְאֹד֙	3966	HD	10cLP
24	10	16		אֲשֶׁ֣ר	834 a	HTr	10UTh
24	10	17		עָשִׂ֔יתִי	6213 a	HVqp1cs	10JWG
24	10	18		וְ/עַתָּ֣ה	c/6258	HC/D	10wWW
24	10	19		יְהוָ֔ה	3068	HNp	10n44
24	10	20		הַֽעֲבֶר	5674 a	HVhv2ms	10bzf
24	10	21		נָא֙	4994	HTe	10KxH
24	10	22		אֶת	853	HTo	10DSc
24	10	23		עֲוֺ֣ן	5771	HNcbsc	10Qqp
24	10	24		עַבְדְּ/ךָ֔	5650	HNcmsc/Sp2ms	10JkH
24	10	25		כִּ֥י	3588 a	HC	105cW
24	10	26		נִסְכַּ֖לְתִּי	5528	HVNp1cs	10vFM
24	10	27		מְאֹֽד	3966	HD	1086m
24	11	1		וַ/יָּ֥קָם	c/6965 b	HC/Vqw3ms	106sH
24	11	2		דָּוִ֖ד	1732	HNp	10yAv
24	11	3		בַּ/בֹּ֑קֶר	b/1242	HRd/Ncmsa	10N79
24	11	4		וּ/דְבַר	c/1697	HC/Ncmsc	10YHd
24	11	5		יְהוָ֗ה	3068	HNp	10yvx
24	11	6		הָיָה֙	1961	HVqp3ms	10rkx
24	11	7		אֶל	413	HR	10E7h
24	11	8		גָּ֣ד	1410	HNp	103TM
24	11	9		הַ/נָּבִ֔יא	d/5030	HTd/Ncmsa	106E1
24	11	10		חֹזֵ֥ה	2374	HNcmsc	10V4j
24	11	11		דָוִ֖ד	1732	HNp	10VUM
24	11	12		לֵ/אמֹֽר	l/559	HR/Vqc	10JDt
24	12	1		הָל֞וֹךְ	1980	HVqa	10Ve9
24	12	2		וְ/דִבַּרְתָּ֣	c/1696	HC/Vpq2ms	10YbF
24	12	3		אֶל	413	HR	10ro5
24	12	4		דָּוִ֗ד	1732	HNp	10oBt
24	12	5		כֹּ֚ה	3541	HD	10TXs
24	12	6		אָמַ֣ר	559	HVqp3ms	10w4o
24	12	7		יְהוָ֔ה	3068	HNp	10Dk3
24	12	8		שָׁלֹ֕שׁ	7969	HAcfsa	10xTm
24	12	9		אָנֹכִ֖י	595	HPp1cs	10KAk
24	12	10		נוֹטֵ֣ל	5190	HVqrmsa	10kR1
24	12	11		עָלֶ֑י/ךָ	5921 a	HR/Sp2ms	10e7R
24	12	12		בְּחַר	977	HVqv2ms	10gmT
24	12	13		לְ/ךָ֥	l	HR/Sp2ms	10rjP
24	12	14		אַֽחַת	259	HAcfsa	101TU
24	12	15		מֵ/הֶ֖ם	m	HR/Sp3mp	10meA
24	12	16		וְ/אֶֽעֱשֶׂה	c/6213 a	HC/Vqi1cs	10HXd
24	12	17		לָּֽ/ךְ	l	HR/Sp2fs	10mqX
24	13	1		וַ/יָּבֹא	c/935	HC/Vqw3ms	1071a
24	13	2		גָ֥ד	1410	HNp	103Ep
24	13	3		אֶל	413	HR	10Lox
24	13	4		דָּוִ֖ד	1732	HNp	10Shk
24	13	5		וַ/יַּגֶּד	c/5046	HC/Vhw3ms	106qj
24	13	6		ל֑/וֹ	l	HR/Sp3ms	1043Q
24	13	7		וַ/יֹּ֣אמֶר	c/559	HC/Vqw3ms	10s7c
24	13	8		ל֡/וֹ	l	HR/Sp3ms	108H3
24	13	9		הֲ/תָב֣וֹא	i/935	HTi/Vqi3fs	10H8Q
24	13	10		לְ/ךָ֣	l	HR/Sp2ms	10eBo
24	13	11		שֶֽׁבַע	7651	HAcfsa	10yuH
24	13	12		שָׁנִ֣ים	8141	HNcfpa	10WKs
24	13	13		רָעָ֣ב	7458	HNcmsa	10jTE
24	13	14		בְּ/אַרְצֶ֡/ךָ	b/776	HR/Ncbsc/Sp2ms	10WZT
24	13	15		אִם	518 a	HC	10M8j
24	13	16		שְׁלֹשָׁ֣ה	7969	HAcmsa	10rEs
24	13	17		חֳ֠דָשִׁים	2320	HNcmpa	10vPm
24	13	18		נֻסְ/ךָ֨	5127	HVqc/Sp2ms	10aQ8
24	13	19		לִ/פְנֵֽי	l/6440	HR/Ncbpc	10oUN
24	13	20		צָרֶ֜י/ךָ	6862 c	HNcmpc/Sp2ms	10FuQ
24	13	21		וְ/ה֣וּא	c/1931	HC/Pp3ms	10ZTj
24	13	22		רֹדְפֶ֗/ךָ	7291	HVqrmsc/Sp2ms	10MLh
24	13	23		וְ/אִם	c/518 a	HC/C	10KtN
24	13	24		הֱ֠יוֹת	1961	HVqc	10393
24	13	25		שְׁלֹ֨שֶׁת	7969	HAcmsc	10NhG
24	13	26		יָמִ֥ים	3117	HNcmpa	10i4G
24	13	27		דֶּ֨בֶר֙	1698	HNcmsa	10S4t
24	13	28		בְּ/אַרְצֶ֔/ךָ	b/776	HR/Ncbsc/Sp2ms	10dVC
24	13	29		עַתָּה֙	6258	HD	10Cpo
24	13	30		דַּ֣ע	3045	HVqv2ms	10SyT
24	13	31		וּ/רְאֵ֔ה	c/7200	HC/Vqv2ms	10W9M
24	13	32		מָה	4100	HTi	10s5V
24	13	33		אָשִׁ֥יב	7725	HVhi1cs	10EUr
24	13	34		שֹׁלְחִ֖/י	7971	HVqrmsc/Sp1cs	104DD
24	13	35		דָּבָֽר	1697	HNcmsa	10fka
24	14	1		וַ/יֹּ֧אמֶר	c/559	HC/Vqw3ms	104KL
24	14	2		דָּוִ֛ד	1732	HNp	104NK
24	14	3		אֶל	413	HR	10Akt
24	14	4		גָּ֖ד	1410	HNp	10U9k
24	14	5		צַר	6862 c	HVqp3ms	1056X
24	14	6		לִ֣/י	l	HR/Sp1cs	10unZ
24	14	7		מְאֹ֑ד	3966	HD	105Dq
24	14	8		נִפְּלָה	5307	HVqh1cp	1085t
24	14	9		נָּ֤א	4994	HTj	10Nb7
24	14	10		בְ/יַד	b/3027	HR/Ncbsc	101so
24	14	11		יְהוָה֙	3068	HNp	10HhT
24	14	12		כִּֽי	3588 a	HC	10V5v
24	14	13		רַבִּ֣ים	7227 a	HAampa	10eFH
24	14	14	x-ketiv	רחמ/ו	7356 b	HNcmsc/Sp3ms	10vaj
24	14	15		רַֽחֲמָ֔י/ו	7356 b	HNcmpc/Sp3ms	10MWL
24	14	16		וּ/בְ/יַד	c/b/3027	HC/R/Ncbsc	10ZzQ
24	14	17		אָדָ֖ם	120	HNcmsa	10ywq
24	14	18		אַל	408	HTn	10Gj1
24	14	19		אֶפֹּֽלָה	5307	HVqh1cs	10nZ9
24	15	1		וַ/יִּתֵּ֨ן	c/5414	HC/Vqw3ms	10AFQ
24	15	2		יְהוָ֥ה	3068	HNp	10HB6
24	15	3		דֶּ֨בֶר֙	1698	HNcmsa	10Uaj
24	15	4		בְּ/יִשְׂרָאֵ֔ל	b/3478	HR/Np	10WgL
24	15	5		מֵ/הַ/בֹּ֖קֶר	m/d/1242	HR/Td/Ncmsa	103Aj
24	15	6		וְ/עַד	c/5704	HC/R	10TcW
24	15	7		עֵ֣ת	6256	HNcbsc	10yhZ
24	15	8		מוֹעֵ֑ד	4150	HNcmsa	10nYd
24	15	9		וַ/יָּ֣מָת	c/4191	HC/Vqw3ms	10yCA
24	15	10		מִן	4480 a	HR	10JC4
24	15	11		הָ/עָ֗ם	d/5971 a	HTd/Ncmsa	10fap
24	15	12		מִ/דָּן֙	m/1835	HR/Np	10dQh
24	15	13		וְ/עַד	c/5704	HC/R	10B24
24	15	14		בְּאֵ֣ר	884+	HNp	10aw8
24	15	15		שֶׁ֔בַע	884	HAcfsa	10TMX
24	15	16		שִׁבְעִ֥ים	7657	HAcbpa	10xGT
24	15	17		אֶ֖לֶף	505	HAcbsa	10ipC
24	15	18		אִֽישׁ	376	HNcmsa	10pPf
24	16	1		וַ/יִּשְׁלַח֩	c/7971	HC/Vqw3ms	10nAZ
24	16	2		יָד֨/וֹ	3027	HNcbsc/Sp3ms	10g6L
24	16	3		הַ/מַּלְאָ֥ךְ	d/4397	HTd/Ncmsa	10iVr
24	16	4		יְרֽוּשָׁלִַם֮	3389	HNp	10EPm
24	16	5		לְ/שַׁחֲתָ/הּ֒	l/7843	HR/Vpc/Sp3fs	10QTX
24	16	6		וַ/יִּנָּ֤חֶם	c/5162	HC/VNw3ms	10Rf7
24	16	7		יְהוָה֙	3068	HNp	10AzS
24	16	8		אֶל	413	HR	10p1w
24	16	9		הָ֣/רָעָ֔ה	d/7451 c	HTd/Ncfsa	104Ca
24	16	10		וַ֠/יֹּאמֶר	c/559	HC/Vqw3ms	10Kuy
24	16	11		לַ/מַּלְאָ֞ךְ	l/4397	HRd/Ncmsa	10fS1
24	16	12		הַ/מַּשְׁחִ֤ית	d/7843	HTd/Vhrmsa	10jFs
24	16	13		בָּ/עָם֙	b/5971 a	HRd/Ncmsa	103Qg
24	16	14		רַ֔ב	7227 a	HAamsa	10QdS
24	16	15		עַתָּ֖ה	6258	HD	107uD
24	16	16		הֶ֣רֶף	7503	HVhv2ms	10qYT
24	16	17		יָדֶ֑/ךָ	3027	HNcbsc/Sp2ms	10EqV
24	16	18		וּ/מַלְאַ֤ךְ	c/4397	HC/Ncmsc	10eWg
24	16	19		יְהוָה֙	3068	HNp	10X2W
24	16	20		הָיָ֔ה	1961	HVqp3ms	10w3U
24	16	21		עִם	5973 a	HR	10Fyk
24	16	22		גֹּ֖רֶן	1637	HNcbsc	101hJ
24	16	23	x-ketiv	ה/אורנה	d/728	HTd/Np	10Ecu
24	16	24		הָ/אֲרַ֥וְנָה	d/728	HTd/Np	10dix
24	16	25		הַ/יְבֻסִֽי	d/2983	HTd/Ngmsa	1073K
24	17	1		וַ/יֹּאמֶר֩	c/559	HC/Vqw3ms	10Z6E
24	17	2		דָּוִ֨ד	1732	HNp	108D4
24	17	3		אֶל	413	HR	10AMd
24	17	4		יְהוָ֜ה	3068	HNp	10LLS
24	17	5		בִּ/רְאֹת֣/וֹ	b/7200	HR/Vqc/Sp3ms	10VTY
24	17	6		אֶֽת	853	HTo	10Drm
24	17	7		הַ/מַּלְאָ֣ךְ	d/4397	HTd/Ncmsa	10oic
24	17	8		הַ/מַּכֶּ֣ה	d/5221	HTd/Vhrmsa	10rix
24	17	9		בָ/עָ֗ם	b/5971 a	HRd/Ncmsa	10UMe
24	17	10		וַ/יֹּ֨אמֶר֙	c/559	HC/Vqw3ms	10NjT
24	17	11		הִנֵּ֨ה	2009	HTm	10V8J
24	17	12		אָנֹכִ֤י	595	HPp1cs	10WDX
24	17	13		חָטָ֨אתִי֙	2398	HVqp1cs	10cnp
24	17	14		וְ/אָנֹכִ֣י	c/595	HC/Pp1cs	10YPb
24	17	15		הֶעֱוֵ֔יתִי	5753 b	HVhp1cs	10GoU
24	17	16		וְ/אֵ֥לֶּה	c/428	HC/Pdxcp	1044h
24	17	17		הַ/צֹּ֖אן	d/6629	HTd/Ncbsa	10ngp
24	17	18		מֶ֣ה	4100	HTi	106re
24	17	19		עָשׂ֑וּ	6213 a	HVqp3cp	10y1p
24	17	20		תְּהִ֨י	1961	HVqj3fs	10NZg
24	17	21		נָ֥א	4994	HTe	10y8C
24	17	22		יָדְ/ךָ֛	3027	HNcbsc/Sp2ms	10phb
24	17	23		בִּ֖/י	b	HR/Sp1cs	109XQ
24	17	24		וּ/בְ/בֵ֥ית	c/b/1004 b	HC/R/Ncmsc	10hGH
24	17	25		אָבִֽ/י	1	HNcmsc/Sp1cs	10U9B
24	18	1		וַ/יָּבֹא	c/935	HC/Vqw3ms	10Q8W
24	18	2		גָ֥ד	1410	HNp	10h9z
24	18	3		אֶל	413	HR	10XJt
24	18	4		דָּוִ֖ד	1732	HNp	103x6
24	18	5		בַּ/יּ֣וֹם	b/3117	HRd/Ncmsa	10QaV
24	18	6		הַ/ה֑וּא	d/1931	HTd/Pp3ms	10REv
24	18	7		וַ/יֹּ֣אמֶר	c/559	HC/Vqw3ms	10LFa
24	18	8		ל֗/וֹ	l	HR/Sp3ms	10mgb
24	18	9		עֲלֵה֙	5927	HVqv2ms	102po
24	18	10		הָקֵ֤ם	6965 b	HVhv2ms	102qF
24	18	11		לַֽ/יהוָה֙	l/3068	HR/Np	10SRD
24	18	12		מִזְבֵּ֔חַ	4196	HNcmsa	10akG
24	18	13		בְּ/גֹ֖רֶן	b/1637	HR/Ncbsc	10eJV
24	18	14	x-ketiv	ארניה	728	HNp	10x76
24	18	15		אֲרַ֥וְנָה	728	HNp	10TEw
24	18	16		הַ/יְבֻסִֽי	d/2983	HTd/Ngmsa	10qdE
24	19	1		וַ/יַּ֤עַל	c/5927	HC/Vqw3ms	10ZwS
24	19	2		דָּוִד֙	1732	HNp	10Nkv
24	19	3		כִּ/דְבַר	k/1697	HR/Ncmsc	104pA
24	19	4		גָּ֔ד	1410	HNp	10PBw
24	19	5		כַּ/אֲשֶׁ֖ר	k/834 d	HR/Tr	10JNR
24	19	6		צִוָּ֥ה	6680	HVpp3ms	106Wp
24	19	7		יְהוָֽה	3068	HNp	10Cr7
24	20	1		וַ/יַּשְׁקֵ֣ף	c/8259	HC/Vhw3ms	10sdW
24	20	2		אֲרַ֗וְנָה	728	HNp	10mV5
24	20	3		וַ/יַּ֤רְא	c/7200	HC/Vqw3ms	10MjN
24	20	4		אֶת	853	HTo	10u4q
24	20	5		הַ/מֶּ֨לֶךְ֙	d/4428	HTd/Ncmsa	10J16
24	20	6		וְ/אֶת	c/853	HC/To	10upz
24	20	7		עֲבָדָ֔י/ו	5650	HNcmpc/Sp3ms	10Wnn
24	20	8		עֹבְרִ֖ים	5674 a	HVqrmpa	10X1p
24	20	9		עָלָ֑י/ו	5921 a	HR/Sp3ms	10xds
24	20	10		וַ/יֵּצֵ֣א	c/3318	HC/Vqw3ms	10yxa
24	20	11		אֲרַ֔וְנָה	728	HNp	10E1r
24	20	12		וַ/יִּשְׁתַּ֧חוּ	c/7812	HC/Vtw3ms	10DYV
24	20	13		לַ/מֶּ֛לֶךְ	l/4428	HRd/Ncmsa	108h8
24	20	14		אַפָּ֖י/ו	639	HNcmdc/Sp3ms	10uZb
24	20	15		אָֽרְצָ/ה	776	HNcbsa/Sd	10X8e
24	21	1		וַ/יֹּ֣אמֶר	c/559	HC/Vqw3ms	1052a
24	21	2		אֲרַ֔וְנָה	728	HNp	10TZ2
24	21	3		מַדּ֛וּעַ	4069	HTi	106KN
24	21	4		בָּ֥א	935	HVqp3ms	10FnH
24	21	5		אֲדֹנִֽ/י	113	HNcmsc/Sp1cs	10YHB
24	21	6		הַ/מֶּ֖לֶךְ	d/4428	HTd/Ncmsa	10PjK
24	21	7		אֶל	413	HR	10fcZ
24	21	8		עַבְדּ֑/וֹ	5650	HNcmsc/Sp3ms	1079F
24	21	9		וַ/יֹּ֨אמֶר	c/559	HC/Vqw3ms	10Rrw
24	21	10		דָּוִ֜ד	1732	HNp	10f5v
24	21	11		לִ/קְנ֧וֹת	l/7069	HR/Vqc	106yp
24	21	12		מֵ/עִמְּ/ךָ֣	m/5973 b	HR/R/Sp2ms	10yef
24	21	13		אֶת	853	HTo	10sqv
24	21	14		הַ/גֹּ֗רֶן	d/1637	HTd/Ncbsa	104wn
24	21	15		לִ/בְנ֤וֹת	l/1129	HR/Vqc	10b77
24	21	16		מִזְבֵּ֨חַ֙	4196	HNcmsa	10djh
24	21	17		לַֽ/יהוָ֔ה	l/3068	HR/Np	10iM5
24	21	18		וְ/תֵעָצַ֥ר	c/6113	HC/VNi3fs	10nGF
24	21	19		הַ/מַּגֵּפָ֖ה	d/4046	HTd/Ncfsa	10hti
24	21	20		מֵ/עַ֥ל	m/5921 a	HR/R	10dfE
24	21	21		הָ/עָֽם	d/5971 a	HTd/Ncmsa	10KTs
24	22	1		וַ/יֹּ֤אמֶר	c/559	HC/Vqw3ms	101Fx
24	22	2		אֲרַ֨וְנָה֙	728	HNp	10j6R
24	22	3		אֶל	413	HR	10bjF
24	22	4		דָּוִ֔ד	1732	HNp	10QsQ
24	22	5		יִקַּ֥ח	3947	HVqj3ms	10uoQ
24	22	6		וְ/יַ֛עַל	c/5927	HC/Vhj3ms	10AWm
24	22	7		אֲדֹנִ֥/י	113	HNcmsc/Sp1cs	10Aqs
24	22	8		הַ/מֶּ֖לֶךְ	d/4428	HTd/Ncmsa	10gnX
24	22	9		הַ/טּ֣וֹב	d/2896 a	HTd/Aamsa	108gj
24	22	10	x-ketiv	ב/עינ/ו	b/5869 a	HR/Ncbdc/Sp3ms	10QPb
24	22	11		בְּ/עֵינָ֑י/ו	b/5869 a	HR/Ncbdc/Sp3ms	10pLt
24	22	12		רְאֵה֙	7200	HVqv2ms	10aGy
24	22	13		הַ/בָּקָ֣ר	d/1241	HTd/Ncbsa	10DS3
24	22	14		לָ/עֹלָ֔ה	l/5930 a	HRd/Ncfsa	10arS
24	22	15		וְ/הַ/מֹּרִגִּ֛ים	c/d/4173	HC/Td/Ncmpa	102v2
24	22	16		וּ/כְלֵ֥י	c/3627	HC/Ncmpc	10R8C
24	22	17		הַ/בָּקָ֖ר	d/1241	HTd/Ncbsa	10kLk
24	22	18		לָ/עֵצִֽים	l/6086	HRd/Ncmpa	10tii
24	23	1		הַ/כֹּ֗ל	d/3605	HTd/Ncmsa	108rB
24	23	2		נָתַ֛ן	5414	HVqp3ms	10MKX
24	23	3		אֲרַ֥וְנָה	728	HNp	107jV
24	23	4		הַ/מֶּ֖לֶךְ	d/4428	HTd/Ncmsa	10NxU
24	23	5		לַ/מֶּ֑לֶךְ	l/4428	HRd/Ncmsa	10Jei
24	23	6		וַ/יֹּ֤אמֶר	c/559	HC/Vqw3ms	10YkH
24	23	7		אֲרַ֨וְנָה֙	728	HNp	10uCy
24	23	8		אֶל	413	HR	107tF
24	23	9		הַ/מֶּ֔לֶךְ	d/4428	HTd/Ncmsa	10q6U
24	23	10		יְהוָ֥ה	3068	HNp	10ooR
24	23	11		אֱלֹהֶ֖י/ךָ	430	HNcmpc/Sp2ms	10Duu
24	23	12		יִרְצֶֽ/ךָ	7521	HVqi3ms/Sp2ms	10hGZ
24	24	1		וַ/יֹּ֨אמֶר	c/559	HC/Vqw3ms	10Qpf
24	24	2		הַ/מֶּ֜לֶךְ	d/4428	HTd/Ncmsa	108Eg
24	24	3		אֶל	413	HR	10Ncu
24	24	4		אֲרַ֗וְנָה	728	HNp	109a9
24	24	5		לֹ֚א	3808	HTn	10hNY
24	24	6		כִּֽי	3588 a	HC	10Liz
24	24	7		קָנ֨וֹ	7069	HVqa	10QZ8
24	24	8		אֶקְנֶ֤ה	7069	HVqi1cs	10HDJ
24	24	9		מֵ/אֽוֹתְ/ךָ֙	m/854	HR/R/Sp2ms	10gUV
24	24	10		בִּ/מְחִ֔יר	b/4242	HR/Ncmsa	101gQ
24	24	11		וְ/לֹ֧א	c/3808	HC/Tn	10ud4
24	24	12		אַעֲלֶ֛ה	5927	HVhi1cs	10XPm
24	24	13		לַ/יהוָ֥ה	l/3068	HR/Np	10wL1
24	24	14		אֱלֹהַ֖/י	430	HNcmpc/Sp1cs	10AYk
24	24	15		עֹל֣וֹת	5930 a	HNcfpa	10r8a
24	24	16		חִנָּ֑ם	2600	HD	107iq
24	24	17		וַ/יִּ֨קֶן	c/7069	HC/Vqw3ms	10EkW
24	24	18		דָּוִ֤ד	1732	HNp	10wME
24	24	19		אֶת	853	HTo	10Mb3
24	24	20		הַ/גֹּ֨רֶן֙	d/1637	HTd/Ncbsa	10Vto
24	24	21		וְ/אֶת	c/853	HC/To	10YhB
24	24	22		הַ/בָּקָ֔ר	d/1241	HTd/Ncbsa	10u4x
24	24	23		בְּ/כֶ֖סֶף	b/3701	HR/Ncmsa	10mAq
24	24	24		שְׁקָלִ֥ים	8255	HNcmpa	10Gmk
24	24	25		חֲמִשִּֽׁים	2572	HAcbpa	10V4z
24	25	1		וַ/יִּבֶן֩	c/1129	HC/Vqw3ms	10Pqn
24	25	2		שָׁ֨ם	8033	HD	10qYH
24	25	3		דָּוִ֤ד	1732	HNp	10pw5
24	25	4		מִזְבֵּ֨חַ֙	4196	HNcmsa	10Tb6
24	25	5		לַֽ/יהוָ֔ה	l/3068	HR/Np	10eVZ
24	25	6		וַ/יַּ֥עַל	c/5927	HC/Vhw3ms	10jfU
24	25	7		עֹל֖וֹת	5930 a	HNcfpa	10qAP
24	25	8		וּ/שְׁלָמִ֑ים	c/8002	HC/Ncmpa	10bbv
24	25	9		וַ/יֵּעָתֵ֤ר	c/6279	HC/VNw3ms	10YSF
24	25	10		יְהוָה֙	3068	HNp	10vDG
24	25	11		לָ/אָ֔רֶץ	l/776	HRd/Ncbsa	10qSh
24	25	12		וַ/תֵּעָצַ֥ר	c/6113	HC/VNw3fs	10Cm9
24	25	13		הַ/מַּגֵּפָ֖ה	d/4046	HTd/Ncfsa	10mhw
24	25	14		מֵ/עַ֥ל	m/5921 a	HR/R	10Xcc
24	25	15		יִשְׂרָאֵֽל	3478	HNp	106mj
