chapter	verse	word	type	surface	lemma	morph	id
1	1	1		בִּ/שְׁנַ֣ת	b/8141	HR/Ncfsc	27xeN
1	1	2		שָׁל֔וֹשׁ	7969	HAcfsa	27Nvk
1	1	3		לְ/מַלְכ֖וּת	l/4438	HR/Ncfsc	27TyA
1	1	4		יְהוֹיָקִ֣ים	3079	HNp	27vuQ
1	1	5		מֶֽלֶךְ	4428	HNcmsc	27TSc
1	1	6		יְהוּדָ֑ה	3063	HNp	27k5P
1	1	7		בָּ֣א	935	HVqp3ms	27nPh
1	1	8		נְבוּכַדְנֶאצַּ֧ר	5019	HNp	27LN3
1	1	9		מֶֽלֶךְ	4428	HNcmsc	27Qzf
1	1	10		בָּבֶ֛ל	894	HNp	27aPd
1	1	11		יְרוּשָׁלִַ֖ם	3389	HNp	27eYX
1	1	12		וַ/יָּ֥צַר	c/6696 a	HC/Vqw3ms	27C5U
1	1	13		עָלֶֽי/הָ	5921 a	HR/Sp3fs	27qNN
1	2	1		וַ/יִּתֵּן֩	c/5414	HC/Vqw3ms	27EVS
1	2	2		אֲדֹנָ֨/י	136	HNcmpc/Sp1cs	27PB6
1	2	3		בְּ/יָד֜/וֹ	b/3027	HR/Ncbsc/Sp3ms	2737c
1	2	4		אֶת	853	HTo	27x9c
1	2	5		יְהוֹיָקִ֣ים	3079	HNp	27yNB
1	2	6		מֶֽלֶךְ	4428	HNcmsc	2729t
1	2	7		יְהוּדָ֗ה	3063	HNp	27KZG
1	2	8		וּ/מִ/קְצָת֙	c/m/7117	HC/R/Ncfsc	27TZE
1	2	9		כְּלֵ֣י	3627	HNcmpc	27thY
1	2	10		בֵית	1004 b	HNcmsc	27JM7
1	2	11		הָֽ/אֱלֹהִ֔ים	d/430	HTd/Ncmpa	27fpo
1	2	12		וַ/יְבִיאֵ֥/ם	c/935	HC/Vhw3ms/Sp3mp	27W26
1	2	13		אֶֽרֶץ	776	HNcbsc	27yw4
1	2	14		שִׁנְעָ֖ר	8152	HNp	27jbg
1	2	15		בֵּ֣ית	1004 b	HNcmsc	27USR
1	2	16		אֱלֹהָ֑י/ו	430	HNcmpc/Sp3ms	27v6U
1	2	17		וְ/אֶת	c/853	HC/To	275SS
1	2	18		הַ/כֵּלִ֣ים	d/3627	HTd/Ncmpa	27GzE
1	2	19		הֵבִ֔יא	935	HVhp3ms	27qCU
1	2	20		בֵּ֖ית	1004 b	HNcmsc	27g2y
1	2	21		אוֹצַ֥ר	214	HNcmsc	27jQb
1	2	22		אֱלֹהָֽי/ו	430	HNcmpc/Sp3ms	27794
1	3	1		וַ/יֹּ֣אמֶר	c/559	HC/Vqw3ms	27CsU
1	3	2		הַ/מֶּ֔לֶךְ	d/4428	HTd/Ncmsa	27XR4
1	3	3		לְ/אַשְׁפְּנַ֖ז	l/828	HR/Np	27KvS
1	3	4		רַ֣ב	7227 b	HNcmsc	27dBc
1	3	5		סָרִיסָ֑י/ו	5631	HNcmpc/Sp3ms	27nAB
1	3	6		לְ/הָבִ֞יא	l/935	HR/Vhc	27kfX
1	3	7		מִ/בְּנֵ֧י	m/1121 a	HR/Ncmpc	27Wkf
1	3	8		יִשְׂרָאֵ֛ל	3478	HNp	27wrL
1	3	9		וּ/מִ/זֶּ֥רַע	c/m/2233	HC/R/Ncmsc	273TL
1	3	10		הַ/מְּלוּכָ֖ה	d/4410	HTd/Ncfsa	27LeN
1	3	11		וּ/מִן	c/4480 a	HC/R	27sMn
1	3	12		הַֽ/פַּרְתְּמִֽים	d/6579	HTd/Ncmpa	27Y3z
1	4	1		יְלָדִ֣ים	3206	HNcmpa	27NQN
1	4	2		אֲשֶׁ֣ר	834 a	HTr	27uLf
1	4	3		אֵֽין	369	HTn	27kA7
1	4	4		בָּ/הֶ֣ם	b	HR/Sp3mp	273TS
1	4	5		כָּל	3605	HNcmsc	27NFp
1	4	6	x-ketiv	מאום	3971 a	HNcmsa	277am
1	4	7		מוּם֩	3971 a	HNcmsa	27hh7
1	4	8		וְ/טוֹבֵ֨י	c/2896 a	HC/Aampc	27BsK
1	4	9		מַרְאֶ֜ה	4758	HNcmsa	27fsu
1	4	10		וּ/מַשְׂכִּילִ֣ים	c/7919 a	HC/Vhrmpa	278M6
1	4	11		בְּ/כָל	b/3605	HR/Ncmsc	27wM5
1	4	12		חָכְמָ֗ה	2451	HNcfsa	27qty
1	4	13		וְ/יֹ֤דְעֵי	c/3045	HC/Vqrmpc	275gQ
1	4	14		דַ֨עַת֙	1847	HNcfsa	27Xw6
1	4	15		וּ/מְבִינֵ֣י	c/995	HC/Vhrmpc	27eHJ
1	4	16		מַדָּ֔ע	4093	HNcmsa	27H6L
1	4	17		וַ/אֲשֶׁר֙	c/834 a	HC/Tr	27bmv
1	4	18		כֹּ֣חַ	3581 b	HNcmsa	27FV9
1	4	19		בָּ/הֶ֔ם	b	HR/Sp3mp	27Xm1
1	4	20		לַ/עֲמֹ֖ד	l/5975	HR/Vqc	27UE6
1	4	21		בְּ/הֵיכַ֣ל	b/1964	HR/Ncmsc	27goK
1	4	22		הַ/מֶּ֑לֶךְ	d/4428	HTd/Ncmsa	27CyH
1	4	23		וּֽ/לֲ/לַמְּדָ֥/ם	c/l/3925	HC/R/Vpc/Sp3mp	27A4a
1	4	24		סֵ֖פֶר	5612 a	HNcmsa	275Pr
1	4	25		וּ/לְשׁ֥וֹן	c/3956	HC/Ncbsc	27L4k
1	4	26		כַּשְׂדִּֽים	3778	HNp	27Mnv
1	5	1		וַ/יְמַן֩	c/4487	HC/Vpw3ms	27mwU
1	5	2		לָ/הֶ֨ם	l	HR/Sp3mp	27tKT
1	5	3		הַ/מֶּ֜לֶךְ	d/4428	HTd/Ncmsa	27NRT
1	5	4		דְּבַר	1697	HNcmsc	27sRU
1	5	5		י֣וֹם	3117	HNcmsa	27Wxq
1	5	6		בְּ/יוֹמ֗/וֹ	b/3117	HR/Ncmsc/Sp3ms	279qY
1	5	7		מִ/פַּת	m/6598+	HR/Ncmsc	27n5f
1	5	8		בַּ֤ג	6598	HNcmsc	27YUq
1	5	9		הַ/מֶּ֨לֶךְ֙	d/4428	HTd/Ncmsa	27fQr
1	5	10		וּ/מִ/יֵּ֣ין	c/m/3196	HC/R/Ncmsc	27L7t
1	5	11		מִשְׁתָּ֔י/ו	4960	HNcmsc/Sp3ms	27A74
1	5	12		וּֽ/לְ/גַדְּלָ֖/ם	c/l/1431	HC/R/Vpc/Sp3mp	27dNE
1	5	13		שָׁנִ֣ים	8141	HNcfpa	27xdF
1	5	14		שָׁל֑וֹשׁ	7969	HAcfsa	27AYg
1	5	15		וּ/מִ֨/קְצָתָ֔/ם	c/m/7117	HC/R/Ncfsc/Sp3mp	27Ls9
1	5	16		יַֽעַמְד֖וּ	5975	HVqi3mp	27Snp
1	5	17		לִ/פְנֵ֥י	l/6440	HR/Ncbpc	2787B
1	5	18		הַ/מֶּֽלֶךְ	d/4428	HTd/Ncmsa	27nLp
1	6	1		וַ/יְהִ֥י	c/1961	HC/Vqw3ms	27PzC
1	6	2		בָ/הֶ֖ם	b	HR/Sp3mp	27NPq
1	6	3		מִ/בְּנֵ֣י	m/1121 a	HR/Ncmpc	27d5m
1	6	4		יְהוּדָ֑ה	3063	HNp	27BYa
1	6	5		דָּנִיֵּ֣אל	1840	HNp	27LJh
1	6	6		חֲנַנְיָ֔ה	2608 a	HNp	27tRR
1	6	7		מִֽישָׁאֵ֖ל	4332	HNp	27Q7E
1	6	8		וַ/עֲזַרְיָֽה	c/5838	HC/Np	27dv1
1	7	1		וַ/יָּ֧שֶׂם	c/7760 a	HC/Vqw3ms	27QwM
1	7	2		לָ/הֶ֛ם	l	HR/Sp3mp	27a62
1	7	3		שַׂ֥ר	8269	HNcmsc	27KvD
1	7	4		הַ/סָּרִיסִ֖ים	d/5631	HTd/Ncmpa	27GLz
1	7	5		שֵׁמ֑וֹת	8034	HNcmpa	27BU7
1	7	6		וַ/יָּ֨שֶׂם	c/7760 a	HC/Vqw3ms	27iy2
1	7	7		לְ/דָֽנִיֵּ֜אל	l/1840	HR/Np	27zQ2
1	7	8		בֵּ֣לְטְשַׁאצַּ֗ר	1095	HNp	27Wxx
1	7	9		וְ/לַֽ/חֲנַנְיָה֙	c/l/2608 a	HC/R/Np	27jQ8
1	7	10		שַׁדְרַ֔ךְ	7714	HNp	27Haa
1	7	11		וּ/לְ/מִֽישָׁאֵ֣ל	c/l/4332	HC/R/Np	27fJN
1	7	12		מֵישַׁ֔ךְ	4335	HNp	279KV
1	7	13		וְ/לַ/עֲזַרְיָ֖ה	c/l/5838	HC/R/Np	27F1s
1	7	14		עֲבֵ֥ד	5664+	HNp	27dns
1	7	15		נְגֽוֹ	5664	HNp	27GK3
1	8	1		וַ/יָּ֤שֶׂם	c/7760 a	HC/Vqw3ms	27nRZ
1	8	2		דָּנִיֵּאל֙	1840	HNp	27cpb
1	8	3		עַל	5921 a	HR	27zio
1	8	4		לִבּ֔/וֹ	3820 a	HNcmsc/Sp3ms	27Qsh
1	8	5		אֲשֶׁ֧ר	834 a	HTr	27zTj
1	8	6		לֹֽא	3808	HTn	27fPi
1	8	7		יִתְגָּאַ֛ל	1351	HVti3ms	27GYe
1	8	8		בְּ/פַתְבַּ֥ג	b/6598	HR/Ncmsc	27Bbz
1	8	9		הַ/מֶּ֖לֶךְ	d/4428	HTd/Ncmsa	27VA9
1	8	10		וּ/בְ/יֵ֣ין	c/b/3196	HC/R/Ncmsc	27fV3
1	8	11		מִשְׁתָּ֑י/ו	4960	HNcmsc/Sp3ms	27Sov
1	8	12		וַ/יְבַקֵּשׁ֙	c/1245	HC/Vpw3ms	27V27
1	8	13		מִ/שַּׂ֣ר	m/8269	HR/Ncmsc	27ifp
1	8	14		הַ/סָּרִיסִ֔ים	d/5631	HTd/Ncmpa	277ZG
1	8	15		אֲשֶׁ֖ר	834 a	HTr	27B2d
1	8	16		לֹ֥א	3808	HTn	27ewe
1	8	17		יִתְגָּאָֽל	1351	HVti3ms	27SV6
1	9	1		וַ/יִּתֵּ֤ן	c/5414	HC/Vqw3ms	27G83
1	9	2		הָֽ/אֱלֹהִים֙	d/430	HTd/Ncmpa	27vzS
1	9	3		אֶת	853	HTo	27Gq9
1	9	4		דָּ֣נִיֵּ֔אל	1840	HNp	273y8
1	9	5		לְ/חֶ֖סֶד	l/2617 a	HR/Ncmsa	27TXw
1	9	6		וּֽ/לְ/רַחֲמִ֑ים	c/l/7356 b	HC/R/Ncmpa	27Y4K
1	9	7		לִ/פְנֵ֖י	l/6440	HR/Ncbpc	27C32
1	9	8		שַׂ֥ר	8269	HNcmsc	27aMT
1	9	9		הַ/סָּרִיסִֽים	d/5631	HTd/Ncmpa	27Cof
1	10	1		וַ/יֹּ֜אמֶר	c/559	HC/Vqw3ms	27YWU
1	10	2		שַׂ֤ר	8269	HNcmsc	27rAQ
1	10	3		הַ/סָּרִיסִים֙	d/5631	HTd/Ncmpa	27fLi
1	10	4		לְ/דָ֣נִיֵּ֔אל	l/1840	HR/Np	27Ptj
1	10	5		יָרֵ֤א	3373	HVqrmsa	27AJj
1	10	6		אֲנִי֙	589	HPp1cs	279Hv
1	10	7		אֶת	853	HTo	27j1i
1	10	8		אֲדֹנִ֣/י	113	HNcmsc/Sp1cs	27J9J
1	10	9		הַ/מֶּ֔לֶךְ	d/4428	HTd/Ncmsa	27U4n
1	10	10		אֲשֶׁ֣ר	834 a	HTr	272Kt
1	10	11		מִנָּ֔ה	4487	HVpp3ms	27RmH
1	10	12		אֶת	853	HTo	27SWL
1	10	13		מַאֲכַלְ/כֶ֖ם	3978	HNcmsc/Sp2mp	2775P
1	10	14		וְ/אֶת	c/853	HC/To	273Lj
1	10	15		מִשְׁתֵּי/כֶ֑ם	4960	HNcmsc/Sp2mp	27Qa3
1	10	16		אֲשֶׁ֡ר	834 a	HTr	27WTe
1	10	17		לָ/מָּה֩	l/4100	HR/Ti	276VM
1	10	18		יִרְאֶ֨ה	7200	HVqi3ms	27sKn
1	10	19		אֶת	853	HTo	27oAj
1	10	20		פְּנֵי/כֶ֜ם	6440	HNcbpc/Sp2mp	27AxB
1	10	21		זֹֽעֲפִ֗ים	2196	HVqrmpa	27Ap3
1	10	22		מִן	4480 a	HR	27CEu
1	10	23		הַ/יְלָדִים֙	d/3206	HTd/Ncmpa	27zpy
1	10	24		אֲשֶׁ֣ר	834 a	HTr	27FiN
1	10	25		כְּ/גִֽילְ/כֶ֔ם	k/1524 b	HR/Ncmsc/Sp2mp	27cLk
1	10	26		וְ/חִיַּבְתֶּ֥ם	c/2325	HC/Vpq2mp	2792v
1	10	27		אֶת	853	HTo	27j63
1	10	28		רֹאשִׁ֖/י	7218 a	HNcmsc/Sp1cs	27LFW
1	10	29		לַ/מֶּֽלֶךְ	l/4428	HRd/Ncmsa	27FbT
1	11	1		וַ/יֹּ֥אמֶר	c/559	HC/Vqw3ms	27Bx7
1	11	2		דָּנִיֵּ֖אל	1840	HNp	27btu
1	11	3		אֶל	413	HR	27rTK
1	11	4		הַ/מֶּלְצַ֑ר	d/4453	HTd/Ncmsa	27SHw
1	11	5		אֲשֶׁ֤ר	834 a	HTr	27VuH
1	11	6		מִנָּה֙	4487	HVpp3ms	27Axb
1	11	7		שַׂ֣ר	8269	HNcmsc	27xva
1	11	8		הַ/סָּֽרִיסִ֔ים	d/5631	HTd/Ncmpa	27NrT
1	11	9		עַל	5921 a	HR	27iAD
1	11	10		דָּנִיֵּ֣אל	1840	HNp	27372
1	11	11		חֲנַנְיָ֔ה	2608 a	HNp	27FMU
1	11	12		מִֽישָׁאֵ֖ל	4332	HNp	27SaV
1	11	13		וַ/עֲזַרְיָֽה	c/5838	HC/Np	274W9
1	12	1		נַס	5254	HVpv2ms	27MmM
1	12	2		נָ֥א	4994	HTe	27wJn
1	12	3		אֶת	853	HTo	27CQo
1	12	4		עֲבָדֶ֖י/ךָ	5650	HNcmpc/Sp2ms	27XyU
1	12	5		יָמִ֣ים	3117	HNcmpa	27BG4
1	12	6		עֲשָׂרָ֑ה	6235	HAcmsa	27YHH
1	12	7		וְ/יִתְּנוּ	c/5414	HC/Vqj3mp	27sHf
1	12	8		לָ֜/נוּ	l	HR/Sp1cp	27iee
1	12	9		מִן	4480 a	HR	273eS
1	12	10		הַ/זֵּרֹעִ֛ים	d/2235 a	HTd/Ncmpa	27ddd
1	12	11		וְ/נֹאכְלָ֖ה	c/398	HC/Vqh1cp	27hxo
1	12	12		וּ/מַ֥יִם	c/4325	HC/Ncmpa	27TW6
1	12	13		וְ/נִשְׁתֶּֽה	c/8354	HC/Vqh1cp	27PVx
1	13	1		וְ/יֵרָא֤וּ	c/7200	HC/VNj3mp	27PGK
1	13	2		לְ/פָנֶ֨י/ךָ֙	l/6440	HR/Ncbpc/Sp2ms	27U4a
1	13	3		מַרְאֵ֔י/נוּ	4758	HNcmsc/Sp1cp	27dSQ
1	13	4		וּ/מַרְאֵה֙	c/4758	HC/Ncmsc	27Qbs
1	13	5		הַ/יְלָדִ֔ים	d/3206	HTd/Ncmpa	27ndZ
1	13	6		הָ/אֹ֣כְלִ֔ים	d/398	HTd/Vqrmpa	27Xa1
1	13	7		אֵ֖ת	853	HTo	273yJ
1	13	8		פַּתְבַּ֣ג	6598	HNcmsc	27B6c
1	13	9		הַ/מֶּ֑לֶךְ	d/4428	HTd/Ncmsa	27bju
1	13	10		וְ/כַ/אֲשֶׁ֣ר	c/k/834 d	HC/R/Tr	27cn3
1	13	11		תִּרְאֵ֔ה	7200	HVqi2ms	277mS
1	13	12		עֲשֵׂ֖ה	6213 a	HVqv2ms	27dJe
1	13	13		עִם	5973 a	HR	27WvG
1	13	14		עֲבָדֶֽי/ךָ	5650	HNcmpc/Sp2ms	27RXg
1	14	1		וַ/יִּשְׁמַ֥ע	c/8085	HC/Vqw3ms	27pqY
1	14	2		לָ/הֶ֖ם	l	HR/Sp3mp	27n9v
1	14	3		לַ/דָּבָ֣ר	l/1697	HRd/Ncmsa	27gYe
1	14	4		הַ/זֶּ֑ה	d/2088	HTd/Pdxms	27eXj
1	14	5		וַ/יְנַסֵּ֖/ם	c/5254	HC/Vpw3ms/Sp3mp	278ro
1	14	6		יָמִ֥ים	3117	HNcmpa	27v5z
1	14	7		עֲשָׂרָֽה	6235	HAcmsa	27bCC
1	15	1		וּ/מִ/קְצָת֙	c/m/7117	HC/R/Ncfsc	276By
1	15	2		יָמִ֣ים	3117	HNcmpa	27CZB
1	15	3		עֲשָׂרָ֔ה	6235	HAcmsa	27VTb
1	15	4		נִרְאָ֤ה	7200	HVNp3ms	276qf
1	15	5		מַרְאֵי/הֶם֙	4758	HNcmsc/Sp3mp	27efz
1	15	6		ט֔וֹב	2896 a	HAamsa	27QG5
1	15	7		וּ/בְרִיאֵ֖י	c/1277	HC/Aampc	273k3
1	15	8		בָּשָׂ֑ר	1320	HNcmsa	271rL
1	15	9		מִן	4480 a	HR	27W2c
1	15	10		כָּל	3605	HNcmsc	27mL3
1	15	11		הַ/יְלָדִ֔ים	d/3206	HTd/Ncmpa	27zfc
1	15	12		הָ/אֹ֣כְלִ֔ים	d/398	HTd/Vqrmpa	27sYp
1	15	13		אֵ֖ת	853	HTo	27GvF
1	15	14		פַּתְבַּ֥ג	6598	HNcmsc	27dAC
1	15	15		הַ/מֶּֽלֶךְ	d/4428	HTd/Ncmsa	27i4W
1	16	1		וַ/יְהִ֣י	c/1961	HC/Vqw3ms	27chR
1	16	2		הַ/מֶּלְצַ֗ר	d/4453	HTd/Ncmsa	27Ddq
1	16	3		נֹשֵׂא֙	5375	HVqrmsa	27dSp
1	16	4		אֶת	853	HTo	27ecS
1	16	5		פַּתְבָּגָ֔/ם	6598	HNcmsc/Sp3mp	272tG
1	16	6		וְ/יֵ֖ין	c/3196	HC/Ncmsc	27Xzm
1	16	7		מִשְׁתֵּי/הֶ֑ם	4960	HNcmsc/Sp3mp	27CCj
1	16	8		וְ/נֹתֵ֥ן	c/5414	HC/Vqrmsa	27gV8
1	16	9		לָ/הֶ֖ם	l	HR/Sp3mp	27Czz
1	16	10		זֵרְעֹנִֽים	2235 b	HNcmpa	27uXX
1	17	1		וְ/הַ/יְלָדִ֤ים	c/d/3206	HC/Td/Ncmpa	27xCL
1	17	2		הָ/אֵ֨לֶּה֙	d/428	HTd/Pdxcp	27Qnr
1	17	3		אַרְבַּעְתָּ֔/ם	702	HAcmsc/Sp3mp	276kU
1	17	4		נָתַ֨ן	5414	HVqp3ms	27qry
1	17	5		לָ/הֶ֧ם	l	HR/Sp3mp	27bvP
1	17	6		הָֽ/אֱלֹהִ֛ים	d/430	HTd/Ncmpa	27wjj
1	17	7		מַדָּ֥ע	4093	HNcmsa	27Tn7
1	17	8		וְ/הַשְׂכֵּ֖ל	c/7919 a	HC/Vha	27hEs
1	17	9		בְּ/כָל	b/3605	HR/Ncmsc	27xAF
1	17	10		סֵ֣פֶר	5612 a	HNcmsa	27qg1
1	17	11		וְ/חָכְמָ֑ה	c/2451	HC/Ncfsa	276w9
1	17	12		וְ/דָנִיֵּ֣אל	c/1840	HC/Np	27wA4
1	17	13		הֵבִ֔ין	995	HVhp3ms	27ibe
1	17	14		בְּ/כָל	b/3605	HR/Ncmsc	27v8V
1	17	15		חָז֖וֹן	2377	HNcmsa	27T2S
1	17	16		וַ/חֲלֹמֽוֹת	c/2472	HC/Ncmpa	27tkJ
1	18	1		וּ/לְ/מִ/קְצָת֙	c/l/m/7117	HC/R/R/Ncfsc	27EXL
1	18	2		הַ/יָּמִ֔ים	d/3117	HTd/Ncmpa	27ZPN
1	18	3		אֲשֶׁר	834 a	HTr	27q1G
1	18	4		אָמַ֥ר	559	HVqp3ms	27bYD
1	18	5		הַ/מֶּ֖לֶךְ	d/4428	HTd/Ncmsa	27v2F
1	18	6		לַ/הֲבִיאָ֑/ם	l/935	HR/Vhc/Sp3mp	277vt
1	18	7		וַ/יְבִיאֵ/ם֙	c/935	HC/Vhw3ms/Sp3mp	27kDm
1	18	8		שַׂ֣ר	8269	HNcmsc	27doW
1	18	9		הַ/סָּרִיסִ֔ים	d/5631	HTd/Ncmpa	27eRa
1	18	10		לִ/פְנֵ֖י	l/6440	HR/Ncbpc	27kDf
1	18	11		נְבֻכַדְנֶצַּֽר	5019	HNp	2763G
1	19	1		וַ/יְדַבֵּ֣ר	c/1696	HC/Vpw3ms	27WPn
1	19	2		אִתָּ/ם֮	854	HR/Sp3mp	271jv
1	19	3		הַ/מֶּלֶךְ֒	d/4428	HTd/Ncmsa	27cK8
1	19	4		וְ/לֹ֤א	c/3808	HC/Tn	27DDb
1	19	5		נִמְצָא֙	4672	HVNp3ms	27RCg
1	19	6		מִ/כֻּלָּ֔/ם	m/3605	HR/Ncmsc/Sp3mp	275KE
1	19	7		כְּ/דָנִיֵּ֣אל	k/1840	HR/Np	27qVd
1	19	8		חֲנַנְיָ֔ה	2608 a	HNp	27koG
1	19	9		מִֽישָׁאֵ֖ל	4332	HNp	27e6B
1	19	10		וַ/עֲזַרְיָ֑ה	c/5838	HC/Np	278GY
1	19	11		וַ/יַּֽעַמְד֖וּ	c/5975	HC/Vqw3mp	27GpK
1	19	12		לִ/פְנֵ֥י	l/6440	HR/Ncbpc	2768C
1	19	13		הַ/מֶּֽלֶךְ	d/4428	HTd/Ncmsa	27CMz
1	20	1		וְ/כֹ֗ל	c/3605	HC/Ncmsc	27D4c
1	20	2		דְּבַר֙	1697	HNcmsc	27ta1
1	20	3		חָכְמַ֣ת	2451	HNcfsc	27JnD
1	20	4		בִּינָ֔ה	998	HNcfsa	27jfz
1	20	5		אֲשֶׁר	834 a	HTr	27ErQ
1	20	6		בִּקֵּ֥שׁ	1245	HVpp3ms	274fv
1	20	7		מֵ/הֶ֖ם	m	HR/Sp3mp	27yDv
1	20	8		הַ/מֶּ֑לֶךְ	d/4428	HTd/Ncmsa	27jyT
1	20	9		וַֽ/יִּמְצָאֵ֞/ם	c/4672	HC/Vqw3ms/Sp3mp	27Unh
1	20	10		עֶ֣שֶׂר	6235	HAcfsa	27QH2
1	20	11		יָד֗וֹת	3027	HNcbpa	27xxn
1	20	12		עַ֤ל	5921 a	HR	27ou4
1	20	13		כָּל	3605	HNcmsc	273KZ
1	20	14		הַֽ/חַרְטֻמִּים֙	d/2748	HTd/Ncmpa	27jNE
1	20	15		הָֽ/אַשָּׁפִ֔ים	d/825	HTd/Ncmpa	27hj3
1	20	16		אֲשֶׁ֖ר	834 a	HTr	27iDs
1	20	17		בְּ/כָל	b/3605	HR/Ncmsc	276Lo
1	20	18		מַלְכוּתֽ/וֹ	4438	HNcfsc/Sp3ms	27JZq
1	21	1		וַֽ/יְהִי֙	c/1961	HC/Vqw3ms	27ZpQ
1	21	2		דָּֽנִיֵּ֔אל	1840	HNp	279gS
1	21	3		עַד	5704	HR	27LAe
1	21	4		שְׁנַ֥ת	8141	HNcfsc	27qK3
1	21	5		אַחַ֖ת	259	HAcfsa	271Cv
1	21	6		לְ/כ֥וֹרֶשׁ	l/3566	HR/Np	27PBQ
1	21	7		הַ/מֶּֽלֶךְ	d/4428	HTd/Ncmsa	27mr5
2	1	1		וּ/בִ/שְׁנַ֣ת	c/b/8141	HC/R/Ncfsc	27QDu
2	1	2		שְׁתַּ֗יִם	8147	HAcfda	27PbY
2	1	3		לְ/מַלְכוּת֙	l/4438	HR/Ncfsc	27Ew6
2	1	4		נְבֻֽכַדְנֶצַּ֔ר	5019	HNp	2774R
2	1	5		חָלַ֥ם	2492 b	HVqp3ms	276zt
2	1	6		נְבֻֽכַדְנֶצַּ֖ר	5019	HNp	27zEm
2	1	7		חֲלֹמ֑וֹת	2472	HNcmpa	272dm
2	1	8		וַ/תִּתְפָּ֣עֶם	c/6470	HC/Vtw3fs	27uYh
2	1	9		רוּח֔/וֹ	7307	HNcbsc/Sp3ms	27YxK
2	1	10		וּ/שְׁנָת֖/וֹ	c/8142	HC/Ncfsc/Sp3ms	27aSJ
2	1	11		נִהְיְתָ֥ה	1961	HVNp3fs	27Kz2
2	1	12		עָלָֽי/ו	5921 a	HR/Sp3ms	27YhQ
2	2	1		וַ/יֹּ֣אמֶר	c/559	HC/Vqw3ms	27azZ
2	2	2		הַ֠/מֶּלֶךְ	d/4428	HTd/Ncmsa	27oiy
2	2	3		לִ/קְרֹ֨א	l/7121	HR/Vqc	27gPX
2	2	4		לַֽ/חַרְטֻמִּ֜ים	l/2748	HRd/Ncmpa	27gtq
2	2	5		וְ/לָֽ/אַשָּׁפִ֗ים	c/l/825	HC/Rd/Ncmpa	27HSQ
2	2	6		וְ/לַֽ/מְכַשְּׁפִים֙	c/l/3784	HC/Rd/Vprmpa	27fbB
2	2	7		וְ/לַ/כַּשְׂדִּ֔ים	c/l/3778	HC/Rd/Ngmpa	27k1L
2	2	8		לְ/הַגִּ֥יד	l/5046	HR/Vhc	272tS
2	2	9		לַ/מֶּ֖לֶךְ	l/4428	HRd/Ncmsa	27EVu
2	2	10		חֲלֹמֹתָ֑י/ו	2472	HNcmpc/Sp3ms	27ygU
2	2	11		וַ/יָּבֹ֕אוּ	c/935	HC/Vqw3mp	27swV
2	2	12		וַ/יַּֽעַמְד֖וּ	c/5975	HC/Vqw3mp	27HjU
2	2	13		לִ/פְנֵ֥י	l/6440	HR/Ncbpc	27d3U
2	2	14		הַ/מֶּֽלֶךְ	d/4428	HTd/Ncmsa	27NtK
2	3	1		וַ/יֹּ֧אמֶר	c/559	HC/Vqw3ms	27U94
2	3	2		לָ/הֶ֛ם	l	HR/Sp3mp	27zqr
2	3	3		הַ/מֶּ֖לֶךְ	d/4428	HTd/Ncmsa	276JA
2	3	4		חֲל֣וֹם	2472	HNcmsa	27JyD
2	3	5		חָלָ֑מְתִּי	2492 b	HVqp1cs	27jjy
2	3	6		וַ/תִּפָּ֣עֶם	c/6470	HC/VNw3fs	2779E
2	3	7		רוּחִ֔/י	7307	HNcbsc/Sp1cs	27Zuo
2	3	8		לָ/דַ֖עַת	l/3045	HR/Vqc	27LXS
2	3	9		אֶֽת	853	HTo	27mR4
2	3	10		הַ/חֲלֽוֹם	d/2472	HTd/Ncmsa	27MC8
2	4	1		וַֽ/יְדַבְּר֧וּ	c/1696	HC/Vpw3mp	27BnR
2	4	2		הַ/כַּשְׂדִּ֛ים	d/3778	HTd/Ngmpa	27PUg
2	4	3		לַ/מֶּ֖לֶךְ	l/4428	HRd/Ncmsa	27pUN
2	4	4		אֲרָמִ֑ית	762	HNgfsa	27gc8
2	4	5		מַלְכָּ/א֙	4430	ANcmsd/Td	27Lsp
2	4	6		לְ/עָלְמִ֣ין	l/5957	AR/Ncmpa	27SAE
2	4	7		חֱיִ֔י	2418	AVqv2ms	273gY
2	4	8		אֱמַ֥ר	560	AVqv2ms	27RuM
2	4	9		חֶלְמָ֛/א	2493	ANcmsd/Td	27WFU
2	4	10	x-ketiv	ל/עבדי/ך	l/5649	AR/Ncmpc/Sp2ms	27BJv
2	4	11		לְ/עַבְדָ֖/ךְ	l/5649	AR/Ncmsc/Sp2ms	27ExP
2	4	12		וּ/פִשְׁרָ֥/א	c/6591	AC/Ncmsd/Td	27ypu
2	4	13		נְחַוֵּֽא	2324	AVpi1cp	27mP3
2	5	1		עָנֵ֤ה	6032	AVqrmsa	27V8b
2	5	2		מַלְכָּ/א֙	4430	ANcmsd/Td	27suQ
2	5	3		וְ/אָמַ֣ר	c/560	AC/Vqrmsa	271Su
2	5	4	x-ketiv	ל/כשדי/א	l/3779	AR/Ngmsd/Td	27MEz
2	5	5		לְ/כַשְׂדָּאֵ֔/י	l/3779	AR/Ngmpa/Sp1cs	27Q2u
2	5	6		מִלְּתָ֖/א	4406	ANcfsd/Td	27yT5
2	5	7		מִנִּ֣/י	4481	AR/Sp1cs	27b5Q
2	5	8		אַזְדָּ֑א	230	AAafsa	27F88
2	5	9		הֵ֣ן	2006 a	AC	27AXb
2	5	10		לָ֤א	3809	ATn	27Wjz
2	5	11		תְהֽוֹדְעוּנַּ֨/נִי֙	3046	AVhi2mp/Sp1cs	27bPJ
2	5	12		חֶלְמָ֣/א	2493	ANcmsd/Td	27hS1
2	5	13		וּ/פִשְׁרֵ֔/הּ	c/6591	AC/Ncmsc/Sp3ms	27h53
2	5	14		הַדָּמִין֙	1917	ANcmpa	27vpK
2	5	15		תִּתְעַבְד֔וּן	5648	AVui2mp	27G6E
2	5	16		וּ/בָתֵּי/כ֖וֹן	c/1005	AC/Ncmpc/Sp2mp	274vX
2	5	17		נְוָלִ֥י	5122	ANcfsa	27X1R
2	5	18		יִתְּשָׂמֽוּן	7761	AVui3mp	27bsu
2	6	1		וְ/הֵ֨ן	c/2006 a	AC/Tm	27Ygn
2	6	2		חֶלְמָ֤/א	2493	ANcmsd/Td	272gM
2	6	3		וּ/פִשְׁרֵ/הּ֙	c/6591	AC/Ncmsc/Sp3ms	27pAw
2	6	4		תְּֽהַחֲוֺ֔ן	2324	AVhi2mp	27mVV
2	6	5		מַתְּנָ֤ן	4978	ANcfpa	27FMa
2	6	6		וּ/נְבִזְבָּה֙	c/5023	AC/Ncfsa	27KPU
2	6	7		וִ/יקָ֣ר	c/3367	AC/Ncmsa	27ki2
2	6	8		שַׂגִּ֔יא	7690	AAamsa	275pZ
2	6	9		תְּקַבְּל֖וּן	6902	AVpi2mp	27HWo
2	6	10		מִן	4481	AR	27zkA
2	6	11		קֳדָמָ֑/י	6925	AR/Sp1cs	27JMT
2	6	12		לָהֵ֕ן	2006 b	AC	27jEX
2	6	13		חֶלְמָ֥/א	2493	ANcmsd/Td	27uUA
2	6	14		וּ/פִשְׁרֵ֖/הּ	c/6591	AC/Ncmsc/Sp3ms	27tKf
2	6	15		הַחֲוֺֽ/נִי	2324	AVhv2mp/Sp1cs	27awE
2	7	1		עֲנ֥וֹ	6032	AVqp3mp	27yNT
2	7	2		תִנְיָנ֖וּת	8579	AAobpa	27Azu
2	7	3		וְ/אָמְרִ֑ין	c/560	AC/Vqrmpa	27884
2	7	4		מַלְכָּ֕/א	4430	ANcmsd/Td	27XMu
2	7	5		חֶלְמָ֛/א	2493	ANcmsd/Td	27mrn
2	7	6		יֵאמַ֥ר	560	AVqi3ms	27Xh9
2	7	7		לְ/עַבְד֖וֹ/הִי	l/5649	AR/Ncmpc/Sp3ms	27D3a
2	7	8		וּ/פִשְׁרָ֥/ה	c/6591	AC/Ncmsc/Sp3ms	27wEr
2	7	9		נְהַחֲוֵֽה	2324	AVhi1cp	27Rvc
2	8	1		עָנֵ֤ה	6032	AVqrmsa	27c6V
2	8	2		מַלְכָּ/א֙	4430	ANcmsd/Td	278eM
2	8	3		וְ/אָמַ֔ר	c/560	AC/Vqrmsa	27xkK
2	8	4		מִן	4481	AR	27rGa
2	8	5		יַצִּיב֙	3330	AAamsa	27fp1
2	8	6		יָדַ֣ע	3046	AVqrmsa	27Y9g
2	8	7		אֲנָ֔ה	576 a	APp1cs	27mGU
2	8	8		דִּ֥י	1768	ATr	27gBW
2	8	9		עִדָּנָ֖/א	5732	ANcmsd/Td	27eLD
2	8	10		אַנְתּ֣וּן	608	APp2mp	2793F
2	8	11		זָבְנִ֑ין	2084	AVqrmpa	27eyL
2	8	12		כָּ/ל	k/3606	AC/C	27pm7
2	8	13		קֳבֵל֙	6903	AC	27teU
2	8	14		דִּ֣י	1768	AC	27c58
2	8	15		חֲזֵית֔וֹן	2370	AVqp2mp	27MRA
2	8	16		דִּ֥י	1768	ATr	27xp4
2	8	17		אַזְדָּ֖א	230	AAafsa	27Hki
2	8	18		מִנִּ֥/י	4481	AR/Sp1cs	27QvZ
2	8	19		מִלְּתָֽ/א	4406	ANcfsd/Td	27S38
2	9	1		דִּ֣י	1768	ATr	27eN1
2	9	2		הֵן	2006 a	AC	27HoD
2	9	3		חֶלְמָ/א֩	2493	ANcmsd/Td	27P5s
2	9	4		לָ֨א	3809	ATn	275QX
2	9	5		תְהֽוֹדְעֻנַּ֜/נִי	3046	AVhi2mp/Sp1cs	27Mxy
2	9	6		חֲדָה	2298	AAcfsa	27w6u
2	9	7		הִ֣יא	1932	APp3fs	27e3z
2	9	8		דָֽתְ/כ֗וֹן	1882	ANcfsc/Sp2mp	272c6
2	9	9		וּ/מִלָּ֨ה	c/4406	AC/Ncfsa	273RL
2	9	10		כִדְבָ֤ה	3538	AAafsa	27JUf
2	9	11		וּ/שְׁחִיתָה֙	c/7844	AC/VQsfsa	27ce9
2	9	12	x-ketiv	הזמנתון	2164	AVhp2mp	27dPK
2	9	13		הִזְדְּמִנְתּוּן֙	2164	AVMp3mp	27vLv
2	9	14		לְ/מֵאמַ֣ר	l/560	AR/Vqc	27UrG
2	9	15		קָֽדָמַ֔/י	6925	AR/Sp1cs	27Sxc
2	9	16		עַ֛ד	5705	AR	27xwN
2	9	17		דִּ֥י	1768	ATr	27GjY
2	9	18		עִדָּנָ֖/א	5732	ANcmsd/Td	27KNo
2	9	19		יִשְׁתַּנֵּ֑א	8133	AVMi3ms	27NLD
2	9	20		לָהֵ֗ן	2006 b	AC	27GUh
2	9	21		חֶלְמָ/א֙	2493	ANcmsd/Td	275aF
2	9	22		אֱמַ֣רוּ	560	AVqv2mp	27taY
2	9	23		לִ֔/י	l	AR/Sp1cs	27EZz
2	9	24		וְֽ/אִנְדַּ֕ע	c/3046	AC/Vqi1cs	27Hnw
2	9	25		דִּ֥י	1768	ATr	27pXi
2	9	26		פִשְׁרֵ֖/הּ	6591	ANcmsc/Sp3ms	27Nq4
2	9	27		תְּהַחֲוֻנַּֽ/נִי	2324	AVhi2mp/Sp1cs	27rZH
2	10	1		עֲנ֨וֹ	6032	AVqp3mp	27GtT
2	10	2	x-ketiv	כשדי/א	3779	ANgmsd/Td	27kwz
2	10	3		כַשְׂדָּאֵ֤/י	3779	ANgmpc/Sp1cs	27tc4
2	10	4		קֳדָם	6925	AR	27CMD
2	10	5		מַלְכָּ/א֙	4430	ANcmsd/Td	275eq
2	10	6		וְ/אָ֣מְרִ֔ין	c/560	AC/Vqrmpa	27Cj2
2	10	7		לָֽא	3809	ATn	27Ttm
2	10	8		אִיתַ֤י	383	ATa	276Vi
2	10	9		אֲנָשׁ֙	606	ANcmsa	27V8W
2	10	10		עַל	5922	AR	27zg2
2	10	11		יַבֶּשְׁתָּ֔/א	3007	ANcfsd/Td	27gXh
2	10	12		דִּ֚י	1768	ATr	273iR
2	10	13		מִלַּ֣ת	4406	ANcfsc	27RoG
2	10	14		מַלְכָּ֔/א	4430	ANcmsd/Td	27jP7
2	10	15		יוּכַ֖ל	3202	AVqi3ms	27vCn
2	10	16		לְ/הַחֲוָיָ֑ה	l/2324	AR/Vhc	27jv3
2	10	17		כָּ/ל	k/3606	AC/C	27ggL
2	10	18		קֳבֵ֗ל	6903	AC	27MVq
2	10	19		דִּ֚י	1768	AC	27g1y
2	10	20		כָּל	3606	ANcmsc	27CBH
2	10	21		מֶ֨לֶךְ֙	4430	ANcmsa	273t6
2	10	22		רַ֣ב	7229	AAamsa	27g33
2	10	23		וְ/שַׁלִּ֔יט	c/7990	AC/Aamsa	27LDn
2	10	24		מִלָּ֤ה	4406	ANcfsa	273jG
2	10	25		כִ/דְנָה֙	k/1836	AR/Pdxms	27WDP
2	10	26		לָ֣א	3809	ATn	27eeF
2	10	27		שְׁאֵ֔ל	7593	AVqp3ms	27idA
2	10	28		לְ/כָל	l/3606	AR/Ncmsc	27Z4D
2	10	29		חַרְטֹּ֖ם	2749	ANcmsa	27VMC
2	10	30		וְ/אָשַׁ֥ף	c/826	AC/Ncmsa	27K8W
2	10	31		וְ/כַשְׂדָּֽי	c/3779	AC/Ngbsa	276RX
2	11	1		וּ/מִלְּתָ֨/א	c/4406	AC/Ncfsd/Td	27bYm
2	11	2		דִֽי	1768	ATr	27M7H
2	11	3		מַלְכָּ֤/ה	4430	ANcmsd/Td	27gcK
2	11	4		שָׁאֵל֙	7593	AVqrmsa	27p7s
2	11	5		יַקִּירָ֔ה	3358	AAafsa	27ZBR
2	11	6		וְ/אָחֳרָן֙	c/321	AC/Aamsa	27ACh
2	11	7		לָ֣א	3809	ATn	27mnL
2	11	8		אִיתַ֔י	383	ATa	2789r
2	11	9		דִּ֥י	1768	ATr	27GmF
2	11	10		יְחַוִּנַּ֖/הּ	2324	AVpi3ms/Sp3fs	27fcv
2	11	11		קֳדָ֣ם	6925	AR	27knb
2	11	12		מַלְכָּ֑/א	4430	ANcmsd/Td	27Qpj
2	11	13		לָהֵ֣ן	3861	AC	27MDS
2	11	14		אֱלָהִ֔ין	426	ANcmpa	27YBx
2	11	15		דִּ֚י	1768	ATr	27kMZ
2	11	16		מְדָ֣רְ/ה֔וֹן	4070 b	ANcmsc/Sp3mp	27uqC
2	11	17		עִם	5974	AR	27VY5
2	11	18		בִּשְׂרָ֖/א	1321	ANcmsd/Td	27WJY
2	11	19		לָ֥א	3809	ATn	27brh
2	11	20		אִיתֽוֹ/הִי	383	ATa/Sp3ms	27w1U
2	12	1		כָּ/ל	k/3606	AC/C	27aqT
2	12	2		קֳבֵ֣ל	6903	AC	27zXi
2	12	3		דְּנָ֔ה	1836	AC	27H8a
2	12	4		מַלְכָּ֕/א	4430	ANcmsd/Td	27Sjh
2	12	5		בְּנַ֖ס	1149	AVqp3ms	27oYp
2	12	6		וּ/קְצַ֣ף	c/7108	AC/Vqp3ms	27Pht
2	12	7		שַׂגִּ֑יא	7690	AAamsa	27idy
2	12	8		וַ/אֲמַר֙	c/560	AC/Vqp3ms	27PU6
2	12	9		לְ/ה֣וֹבָדָ֔ה	l/7	AR/Vhc	27FCP
2	12	10		לְ/כֹ֖ל	l/3606	ATo/Ncmsc	27YuY
2	12	11		חַכִּימֵ֥י	2445	ANcmpc	278Js
2	12	12		בָבֶֽל	895	ANp	27FyK
2	13	1		וְ/דָתָ֣/א	c/1882	AC/Ncfsd/Td	27XjR
2	13	2		נֶפְקַ֔ת	5312	AVqp3fs	27jaD
2	13	3		וְ/חַכִּֽימַיָּ֖/א	c/2445	AC/Ncmpd/Td	27W7V
2	13	4		מִֽתְקַטְּלִ֑ין	6992	AVMrmpa	27U2Y
2	13	5		וּ/בְע֛וֹ	c/1156	AC/Vqp3mp	278na
2	13	6		דָּנִיֵּ֥אל	1841	ANp	27sgw
2	13	7		וְ/חַבְר֖וֹ/הִי	c/2269	AC/Ncmpc/Sp3ms	27MDX
2	13	8		לְ/הִתְקְטָלָֽה	l/6992	AR/VMc	27pPp
2	14	1		בֵּ/אדַ֣יִן	b/116	AR/D	27ieN
2	14	2		דָּנִיֵּ֗אל	1841	ANp	27Csj
2	14	3		הֲתִיב֙	8421	AVhp3ms	27rHn
2	14	4		עֵטָ֣א	5843	ANcfsa	27ViB
2	14	5		וּ/טְעֵ֔ם	c/2942	AC/Ncmsa	27CFo
2	14	6		לְ/אַרְי֕וֹךְ	l/746 b	AR/Np	275Ja
2	14	7		רַב	7229	AAamsc	27UXS
2	14	8		טַבָּחַיָּ֖/א	2877	ANcmpd/Td	27YQ8
2	14	9		דִּ֣י	1768	ATr	27Abd
2	14	10		מַלְכָּ֑/א	4430	ANcmsd/Td	272UV
2	14	11		דִּ֚י	1768	ATr	27ZtS
2	14	12		נְפַ֣ק	5312	AVqp3ms	27gMU
2	14	13		לְ/קַטָּלָ֔ה	l/6992	AR/Vpc	27nWb
2	14	14		לְ/חַכִּימֵ֖י	l/2445	ATo/Ncmpc	27GXk
2	14	15		בָּבֶֽל	895	ANp	27TZa
2	15	1		עָנֵ֣ה	6032	AVqrmsa	275qp
2	15	2		וְ/אָמַ֗ר	c/560	AC/Vqrmsa	27uHZ
2	15	3		לְ/אַרְיוֹךְ֙	l/746 b	AR/Np	27pAL
2	15	4		שַׁלִּיטָ֣/א	7990	AAamsd/Td	27hSr
2	15	5		דִֽי	1768	ATr	27ZMk
2	15	6		מַלְכָּ֔/א	4430	ANcmsd/Td	27irW
2	15	7		עַל	5922	AR	27x72
2	15	8		מָ֥ה	4101	ATi	27FYV
2	15	9		דָתָ֛/א	1882	ANcfsd/Td	27Uoo
2	15	10		מְהַחְצְפָ֖ה	2685	AVhrfsa	27sC3
2	15	11		מִן	4481	AR	274CS
2	15	12		קֳדָ֣ם	6925	AR	276n2
2	15	13		מַלְכָּ֑/א	4430	ANcmsd/Td	27HqY
2	15	14		אֱדַ֣יִן	116	AD	27BFZ
2	15	15		מִלְּתָ֔/א	4406	ANcfsd/Td	27shy
2	15	16		הוֹדַ֥ע	3046	AVhp3ms	27nzj
2	15	17		אַרְי֖וֹךְ	746 b	ANp	27vpT
2	15	18		לְ/דָנִיֵּֽאל	l/1841	AR/Np	273Sx
2	16	1		וְ/דָ֣נִיֵּ֔אל	c/1841	AC/Np	27qVv
2	16	2		עַ֖ל	5954	AVqp3ms	27Kov
2	16	3		וּ/בְעָ֣ה	c/1156	AC/Vqp3ms	27HNy
2	16	4		מִן	4481	AR	27Ta6
2	16	5		מַלְכָּ֑/א	4430	ANcmsd/Td	27ER2
2	16	6		דִּ֚י	1768	ATr	27yP1
2	16	7		זְמָ֣ן	2166	ANcmsa	27w4T
2	16	8		יִנְתֵּן	5415	AVqi3ms	27Cyx
2	16	9		לֵ֔/הּ	l	AR/Sp3ms	27qTT
2	16	10		וּ/פִשְׁרָ֖/א	c/6591	AC/Ncmsd/Td	27m55
2	16	11		לְ/הַֽחֲוָיָ֥ה	l/2324	AR/Vhc	27AF1
2	16	12		לְ/מַלְכָּֽ/א	l/4430	AR/Ncmsd/Td	275ED
2	17	1		אֱדַ֥יִן	116	AD	27zCS
2	17	2		דָּֽנִיֵּ֖אל	1841	ANp	27LsC
2	17	3		לְ/בַיְתֵ֣/הּ	l/1005	AR/Ncmsc/Sp3ms	27B4x
2	17	4		אֲזַ֑ל	236	AVqp3ms	27JB6
2	17	5		וְ֠/לַ/חֲנַנְיָה	c/l/2608 b	AC/R/Np	27LzS
2	17	6		מִֽישָׁאֵ֧ל	4333	ANp	2783E
2	17	7		וַ/עֲזַרְיָ֛ה	c/5839	AC/Np	27hQD
2	17	8		חַבְר֖וֹ/הִי	2269	ANcmpc/Sp3ms	27LZD
2	17	9		מִלְּתָ֥/א	4406	ANcfsd/Td	276bH
2	17	10		הוֹדַֽע	3046	AVhp3ms	27Ekx
2	18	1		וְ/רַחֲמִ֗ין	c/7359	AC/Ncmpa	27PG7
2	18	2		לְ/מִבְעֵא֙	l/1156	AR/Vqc	27EL8
2	18	3		מִן	4481	AR	27ufm
2	18	4		קֳדָם֙	6925	AR	27XSi
2	18	5		אֱלָ֣הּ	426	ANcmsc	27ELV
2	18	6		שְׁמַיָּ֔/א	8065	ANcmpd/Td	27Y6w
2	18	7		עַל	5922	AR	27qLR
2	18	8		רָזָ֖/ה	7328	ANcmsd/Td	27vfq
2	18	9		דְּנָ֑ה	1836	APdxms	27Qsx
2	18	10		דִּ֣י	1768	AC	278KZ
2	18	11		לָ֤א	3809	ATn	27GXq
2	18	12		יְהֹֽבְדוּן֙	7	AVhi3mp	27iCi
2	18	13		דָּנִיֵּ֣אל	1841	ANp	27vwH
2	18	14		וְ/חַבְר֔וֹ/הִי	c/2269	AC/Ncmpc/Sp3ms	27dbM
2	18	15		עִם	5974	AR	27Dqb
2	18	16		שְׁאָ֖ר	7606	ANcmsc	27kCD
2	18	17		חַכִּימֵ֥י	2445	ANcmpc	27XgW
2	18	18		בָבֶֽל	895	ANp	276PV
2	19	1		אֱדַ֗יִן	116	AD	27qGs
2	19	2		לְ/דָנִיֵּ֛אל	l/1841	AR/Np	27w7p
2	19	3		בְּ/חֶזְוָ֥/א	b/2376	AR/Ncmsd/Td	27k7H
2	19	4		דִֽי	1768	ATr	27r6F
2	19	5		לֵילְיָ֖/א	3916	ANcmsd/Td	27Ugz
2	19	6		רָזָ֣/ה	7328	ANcmsd/Td	27Mjg
2	19	7		גֲלִ֑י	1541	AVQp3ms	27mdR
2	19	8		אֱדַ֨יִן֙	116	AD	27eWA
2	19	9		דָּֽנִיֵּ֔אל	1841	ANp	27CqN
2	19	10		בָּרִ֖ךְ	1289	AVpp3ms	27Cpt
2	19	11		לֶ/אֱלָ֥הּ	l/426	ATo/Ncmsc	27aSi
2	19	12		שְׁמַיָּֽ/א	8065	ANcmpd/Td	277VU
2	20	1		עָנֵ֤ה	6032	AVqrmsa	27eK3
2	20	2		דָֽנִיֵּאל֙	1841	ANp	27c63
2	20	3		וְ/אָמַ֔ר	c/560	AC/Vqrmsa	27TuL
2	20	4		לֶהֱוֵ֨א	1934	AVqi3ms	27emQ
2	20	5		שְׁמֵ֤/הּ	8036	ANcmsc/Sp3ms	27uf4
2	20	6		דִּֽי	1768	ATr	27jQv
2	20	7		אֱלָהָ/א֙	426	ANcmsd/Td	27ME1
2	20	8		מְבָרַ֔ךְ	1289	AVpsmsa	27ht4
2	20	9		מִן	4481	AR	273Yo
2	20	10		עָלְמָ֖/א	5957	ANcmsd/Td	27pYb
2	20	11		וְ/עַ֣ד	c/5705	AC/R	27g5u
2	20	12		עָלְמָ֑/א	5957	ANcmsd/Td	27w6U
2	20	13		דִּ֧י	1768	AC	27ifL
2	20	14		חָכְמְתָ֛/א	2452	ANcfsd/Td	27LZU
2	20	15		וּ/גְבוּרְתָ֖/א	c/1370	AC/Ncfsd/Td	27yHT
2	20	16		דִּ֥י	1768	ATr	279Dq
2	20	17		לֵֽ/הּ	l	AR/Sp3ms	277Vg
2	20	18		הִֽיא	1932	ATa	273LR
2	21	1		וְ֠/הוּא	c/1932	AC/Pp3ms	27vdQ
2	21	2		מְהַשְׁנֵ֤א	8133	AVhrmsa	27zAa
2	21	3		עִדָּנַיָּ/א֙	5732	ANcmpd/Td	27HK3
2	21	4		וְ/זִמְנַיָּ֔/א	c/2166	AC/Ncmpd/Td	27sCi
2	21	5		מְהַעְדֵּ֥ה	5709	AVhrmsa	27S3d
2	21	6		מַלְכִ֖ין	4430	ANcmpa	27RFe
2	21	7		וּ/מְהָקֵ֣ים	c/6966	AC/Vhrmsa	27PfQ
2	21	8		מַלְכִ֑ין	4430	ANcmpa	27AwN
2	21	9		יָהֵ֤ב	3052	AVqrmsa	27khc
2	21	10		חָכְמְתָ/א֙	2452	ANcfsd/Td	27kYA
2	21	11		לְ/חַכִּימִ֔ין	l/2445	AR/Ncmpa	27u6F
2	21	12		וּ/מַנְדְּעָ֖/א	c/4486	AC/Ncmsd/Td	27PYJ
2	21	13		לְ/יָדְעֵ֥י	l/3046	AR/Vqrmpc	271Za
2	21	14		בִינָֽה	999	ANcfsa	27gam
2	22	1		ה֛וּא	1932	APp3ms	27un5
2	22	2		גָּלֵ֥א	1541	AVqrmsa	27WSe
2	22	3		עַמִּיקָתָ֖/א	5994	AAafpd/Td	27AFs
2	22	4		וּ/מְסַתְּרָתָ֑/א	c/5642 a	AC/Vpsfpd/Td	27aJe
2	22	5		יָדַע֙	3046	AVqrmsa	27g2t
2	22	6		מָ֣ה	4101	APfxbs	278HV
2	22	7		בַ/חֲשׁוֹכָ֔/א	b/2816	AR/Ncmsd/Td	27j8W
2	22	8	x-ketiv	ו/נהיר/א	c/5094 a	AC/Ncmsd/Td	27h73
2	22	9		וּ/נְהוֹרָ֖/א	c/5094 a	AC/Ncmsd/Td	279Yh
2	22	10		עִמֵּ֥/הּ	5974	AR/Sp3ms	27SkM
2	22	11		שְׁרֵֽא	8271	AVqsmsa	27yXK
2	23	1		לָ֣/ךְ	l	AR/Sp2ms	27hDf
2	23	2		אֱלָ֣הּ	426	ANcmsc	27PuA
2	23	3		אֲבָהָתִ֗/י	2	ANcmpc/Sp1cs	27myi
2	23	4		מְהוֹדֵ֤א	3029	AVhrmsa	27YLn
2	23	5		וּ/מְשַׁבַּח֙	c/7624	AC/Vprmsa	27AXU
2	23	6		אֲנָ֔ה	576 b	APp1cs	27reD
2	23	7		דִּ֧י	1768	ATr	27VFM
2	23	8		חָכְמְתָ֛/א	2452	ANcfsd/Td	27SGf
2	23	9		וּ/גְבוּרְתָ֖/א	c/1370	AC/Ncfsd/Td	279jX
2	23	10		יְהַ֣בְתְּ	3052	AVqp2ms	276t4
2	23	11		לִ֑/י	l	AR/Sp1cs	27Yu7
2	23	12		וּ/כְעַ֤ן	c/3705	AC/D	27vL9
2	23	13		הֽוֹדַעְתַּ֨/נִי֙	3046	AVhp2ms/Sp1cs	27G2d
2	23	14		דִּֽי	1768	ATr	27xY3
2	23	15		בְעֵ֣ינָא	1156	AVqp1cp	27Zmd
2	23	16		מִנָּ֔/ךְ	4481	AR/Sp2ms	27Wyn
2	23	17		דִּֽי	1768	AC	27njg
2	23	18		מִלַּ֥ת	4406	ANcfsc	27L6G
2	23	19		מַלְכָּ֖/א	4430	ANcmsd/Td	27EDP
2	23	20		הוֹדַעְתֶּֽ/נָא	3046	AVhp2ms/Sp1cp	27QUP
2	24	1		כָּ/ל	k/3606	AC/C	27fv8
2	24	2		קֳבֵ֣ל	6903	AC	272SX
2	24	3		דְּנָ֗ה	1836	AC	27pwZ
2	24	4		דָּֽנִיֵּאל֙	1841	ANp	27KKJ
2	24	5		עַ֣ל	5954	AVqp3ms	27U9v
2	24	6		עַל	5922	AR	273V4
2	24	7		אַרְי֔וֹךְ	746 b	ANp	27gJ1
2	24	8		דִּ֚י	1768	ATr	27rWk
2	24	9		מַנִּ֣י	4483	AVpp3ms	276gQ
2	24	10		מַלְכָּ֔/א	4430	ANcmsd/Td	27mSF
2	24	11		לְ/הוֹבָדָ֖ה	l/7	AR/Vhc	27awX
2	24	12		לְ/חַכִּימֵ֣י	l/2445	ATo/Ncmpc	27wik
2	24	13		בָבֶ֑ל	895	ANp	27CVM
2	24	14		אֲזַ֣ל	236	AVqrmsa	27gbT
2	24	15		וְ/כֵ֣ן	c/3652	AC/D	27wMq
2	24	16		אֲמַר	560	AVqrmsa	272GY
2	24	17		לֵ֗/הּ	l	AR/Sp3ms	27Doj
2	24	18		לְ/חַכִּימֵ֤י	l/2445	ATo/Ncmpc	27m3h
2	24	19		בָבֶל֙	895	ANp	27Djb
2	24	20		אַל	409	ATn	27F5r
2	24	21		תְּהוֹבֵ֔ד	7	AVhi2ms	27V4p
2	24	22		הַעֵ֨לְ/נִי֙	5954	AVhv2ms/Sp1cs	27HsZ
2	24	23		קֳדָ֣ם	6925	AR	27DgA
2	24	24		מַלְכָּ֔/א	4430	ANcmsd/Td	27QCa
2	24	25		וּ/פִשְׁרָ֖/א	c/6591	AC/Ncmsd/Td	27nps
2	24	26		לְ/מַלְכָּ֥/א	l/4430	AR/Ncmsd/Td	27oA2
2	24	27		אֲחַוֵּֽא	2324	AVpi1cs	27CYW
2	25	1		אֱדַ֤יִן	116	AD	27TDs
2	25	2		אַרְיוֹךְ֙	746 b	ANp	27fhx
2	25	3		בְּ/הִתְבְּהָלָ֔ה	b/927	AR/Vuc	27JPp
2	25	4		הַנְעֵ֥ל	5954	AVhp3ms	27dWm
2	25	5		לְ/דָנִיֵּ֖אל	l/1841	ATo/Np	27BYg
2	25	6		קֳדָ֣ם	6925	AR	279by
2	25	7		מַלְכָּ֑/א	4430	ANcmsd/Td	27VRt
2	25	8		וְ/כֵ֣ן	c/3652	AC/D	27CPS
2	25	9		אֲמַר	560	AVqp3ms	27fiV
2	25	10		לֵ֗/הּ	l	AR/Sp3ms	27vAa
2	25	11		דִּֽי	1768	ATr	278Na
2	25	12		הַשְׁכַּ֤חַת	7912	AVhp1cs	27RZN
2	25	13		גְּבַר֙	1400	ANcmsa	27krV
2	25	14		מִן	4481	AR	27sQy
2	25	15		בְּנֵ֤י	1123	ANcmpc	27asy
2	25	16		גָֽלוּתָ/א֙	1547	ANcfsd/Td	27rxG
2	25	17		דִּ֣י	1768	ATr	276fj
2	25	18		יְה֔וּד	3061	ANp	27oGi
2	25	19		דִּ֥י	1768	ATr	27PrG
2	25	20		פִשְׁרָ֖/א	6591	ANcmsd/Td	27Ao4
2	25	21		לְ/מַלְכָּ֥/א	l/4430	AR/Ncmsd/Td	27fjK
2	25	22		יְהוֹדַֽע	3046	AVhi3ms	27Dwm
2	26	1		עָנֵ֤ה	6032	AVqrmsa	2731Z
2	26	2		מַלְכָּ/א֙	4430	ANcmsd/Td	27nRw
2	26	3		וְ/אָמַ֣ר	c/560	AC/Vqrmsa	27qjY
2	26	4		לְ/דָנִיֵּ֔אל	l/1841	AR/Np	272oH
2	26	5		דִּ֥י	1768	ATr	27H3W
2	26	6		שְׁמֵ֖/הּ	8036	ANcmsc/Sp3ms	27wQL
2	26	7		בֵּלְטְשַׁאצַּ֑ר	1096	ANp	274LW
2	26	8	x-ketiv	ה/איתי/ך	d/383	ATi/Ta/Sp2ms	27q4j
2	26	9		הַֽ/אִיתָ֣/ךְ	d/383	ATi/Ta/Sp2ms	27Jdu
2	26	10		כָּהֵ֗ל	3546	AVqrmsa	27cgg
2	26	11		לְ/הוֹדָעֻתַ֛/נִי	l/3046	AR/Vhc/Sp1cs	27x5W
2	26	12		חֶלְמָ֥/א	2493	ANcmsd/Td	27s3h
2	26	13		דִֽי	1768	ATr	27ymv
2	26	14		חֲזֵ֖ית	2370	ATr	2762T
2	26	15		וּ/פִשְׁרֵֽ/הּ	c/6591	AC/Ncmsc/Sp3ms	27NmZ
2	27	1		עָנֵ֧ה	6032	AVqrmsa	27RD4
2	27	2		דָנִיֵּ֛אל	1841	ANp	27Xjv
2	27	3		קֳדָ֥ם	6925	AR	27WVH
2	27	4		מַלְכָּ֖/א	4430	ANcmsd/Td	27WMK
2	27	5		וְ/אָמַ֑ר	c/560	AC/Vqrmsa	27ctU
2	27	6		רָזָ/ה֙	7328	ANcmsd/Td	27CmP
2	27	7		דִּֽי	1768	ATr	27LY2
2	27	8		מַלְכָּ֣/א	4430	ANcmsd/Td	27k7w
2	27	9		שָׁאֵ֔ל	7593	AVqrmsa	27JFy
2	27	10		לָ֧א	3809	ATn	27Amf
2	27	11		חַכִּימִ֣ין	2445	ANcmpa	27i9m
2	27	12		אָֽשְׁפִ֗ין	826	ANcmpa	27FCo
2	27	13		חַרְטֻמִּין֙	2749	ANcmpa	27wNS
2	27	14		גָּזְרִ֔ין	1505	AVqrmpa	27XPV
2	27	15		יָכְלִ֖ין	3202	AVqrmpa	27K9E
2	27	16		לְ/הַֽחֲוָיָ֥ה	l/2324	AR/Vhc	27sNR
2	27	17		לְ/מַלְכָּֽ/א	l/4430	AR/Ncmsd/Td	27pww
2	28	1		בְּרַ֡ם	1297	AC	27d1k
2	28	2		אִיתַ֞י	383	ATa	27Gpp
2	28	3		אֱלָ֤הּ	426	ANcmsa	27T85
2	28	4		בִּ/שְׁמַיָּ/א֙	b/8065	AR/Ncmpd/Td	27E2x
2	28	5		גָּלֵ֣א	1541	AVqrmsa	27vUM
2	28	6		רָזִ֔ין	7328	ANcmpa	27pMW
2	28	7		וְ/הוֹדַ֗ע	c/3046	AC/Vhp3ms	27fiZ
2	28	8		לְ/מַלְכָּ/א֙	l/4430	AR/Ncmsd/Td	27FQf
2	28	9		נְבֽוּכַדְנֶצַּ֔ר	5020	ANp	27Gbx
2	28	10		מָ֛ה	4101	APfxbs	27H82
2	28	11		דִּ֥י	1768	ATr	27XaZ
2	28	12		לֶהֱוֵ֖א	1934	AVqi3ms	27RGz
2	28	13		בְּ/אַחֲרִ֣ית	b/320	AR/Ncfsc	27tQ1
2	28	14		יוֹמַיָּ֑/א	3118	ANcmpd/Td	27oSR
2	28	15		חֶלְמָ֨/ךְ	2493	ANcmsc/Sp2ms	27rUR
2	28	16		וְ/חֶזְוֵ֥י	c/2376	AC/Ncmpc	27NME
2	28	17		רֵאשָׁ֛/ךְ	7217	ANcmsc/Sp2ms	27eQs
2	28	18		עַֽל	5922	AR	27fE2
2	28	19		מִשְׁכְּבָ֖/ךְ	4903	ANcmsc/Sp2ms	27rio
2	28	20		דְּנָ֥ה	1836	APdxms	27hum
2	28	21		הֽוּא	1932	ATa	27UG5
2	29	1		אַ֣נְתְּה	607	APp2ms	27tZb
2	29	2		מַלְכָּ֗/א	4430	ANcmsd/Td	27UEd
2	29	3		רַעְיוֹנָ/ךְ֙	7476	ANcmpc/Sp2ms	27zit
2	29	4		עַל	5922	AR	27pcg
2	29	5		מִשְׁכְּבָ֣/ךְ	4903	ANcmsc/Sp2ms	271pD
2	29	6		סְלִ֔קוּ	5559	AVqp3mp	27UCh
2	29	7		מָ֛ה	4101	APfxbs	27jZZ
2	29	8		דִּ֥י	1768	ATr	277a3
2	29	9		לֶהֱוֵ֖א	1934	AVqi3ms	27k23
2	29	10		אַחֲרֵ֣י	311	AR	27nxs
2	29	11		דְנָ֑ה	1836	APdxms	27Rs7
2	29	12		וְ/גָלֵ֧א	c/1541	AC/Vqrmsc	27x1q
2	29	13		רָזַיָּ֛/א	7328	ANcmpd/Td	27ozK
2	29	14		הוֹדְעָ֖/ךְ	3046	AVhp3ms/Sp2ms	276Tj
2	29	15		מָה	4101	APfxbs	27Wp4
2	29	16		דִ֥י	1768	ATr	27ayu
2	29	17		לֶהֱוֵֽא	1934	AVqi3ms	27izi
2	30	1		וַ/אֲנָ֗ה	c/576 b	AC/Pp1cs	27cNi
2	30	2		לָ֤א	3809	ATn	272Z3
2	30	3		בְ/חָכְמָה֙	b/2452	AR/Ncfsa	27bTo
2	30	4		דִּֽי	1768	ATr	27hvK
2	30	5		אִיתַ֥י	383	ATa	27XQw
2	30	6		בִּ/י֙	b	AR/Sp1cs	27Ssi
2	30	7		מִן	4481	AR	27UtQ
2	30	8		כָּל	3606	ANcmsc	27MVx
2	30	9		חַיַּיָּ֔/א	2417	AAampd/Td	274dp
2	30	10		רָזָ֥/א	7328	ANcmsd/Td	27nsw
2	30	11		דְנָ֖ה	1836	APdxms	27KGj
2	30	12		גֱּלִ֣י	1541	AVQp3ms	278xz
2	30	13		לִ֑/י	l	AR/Sp1cs	27y1Z
2	30	14		לָהֵ֗ן	3861	AC	27Uq9
2	30	15		עַל	5922	AR	27TiM
2	30	16		דִּבְרַת֙	1701	ANcfsc	27NqW
2	30	17		דִּ֤י	1768	ATr	27emv
2	30	18		פִשְׁרָ/א֙	6591	ANcmsd/Td	273r3
2	30	19		לְ/מַלְכָּ֣/א	l/4430	AR/Ncmsd/Td	27sEP
2	30	20		יְהוֹדְע֔וּן	3046	AVhi3mp	27BYi
2	30	21		וְ/רַעְיוֹנֵ֥י	c/7476	AC/Ncmpc	27K78
2	30	22		לִבְבָ֖/ךְ	3825	ANcmsc/Sp2ms	27LG5
2	30	23		תִּנְדַּֽע	3046	AVqi2ms	27pvY
2	31	1		אַ֣נְתְּה	607	APp2ms	27B6g
2	31	2		מַלְכָּ֗/א	4430	ANcmsd/Td	27UDg
2	31	3		חָזֵ֤ה	2370	AVhrmsa	27Baw
2	31	4		הֲוַ֨יְתָ֙	1934	AVqp2ms	27MZ9
2	31	5		וַ/אֲל֨וּ	c/431	AC/Tm	27Svn
2	31	6		צְלֵ֥ם	6755	ANcmsa	27x62
2	31	7		חַד֙	2298	AAcmsa	27dQK
2	31	8		שַׂגִּ֔יא	7690	AAamsa	27dDm
2	31	9		צַלְמָ֨/א	6755	ANcmsd/Td	27XwG
2	31	10		דִּכֵּ֥ן	1797	APdxbs	27iPC
2	31	11		רַ֛ב	7229	AAamsa	278E1
2	31	12		וְ/זִיוֵ֥/הּ	c/2122	AC/Ncmsc/Sp3ms	274vF
2	31	13		יַתִּ֖יר	3493	AAamsa	27y7z
2	31	14		קָאֵ֣ם	6966	AVqrmsa	27bvs
2	31	15		לְ/קָבְלָ֑/ךְ	l/6903	AR/R/Sp2ms	27Gxe
2	31	16		וְ/רֵוֵ֖/הּ	c/7299	AC/Ncmsc/Sp3ms	27Qjd
2	31	17		דְּחִֽיל	1763	AVQsmsa	27t98
2	32	1		ה֣וּא	1932	APd3ms	27YfW
2	32	2		צַלְמָ֗/א	6755	ANcmsd/Td	27P1s
2	32	3		רֵאשֵׁ/הּ֙	7217	ANcmsc/Sp3ms	27a9X
2	32	4		דִּֽי	1768	ATr	27RUp
2	32	5		דְהַ֣ב	1722	ANcmsa	277Kw
2	32	6		טָ֔ב	2869	AAamsa	27E6n
2	32	7		חֲד֥וֹ/הִי	2306	ANcmsc/Sp3ms	274YU
2	32	8		וּ/דְרָע֖וֹ/הִי	c/1872	AC/Ncfpc/Sp3ms	27yMS
2	32	9		דִּ֣י	1768	ATr	27RZD
2	32	10		כְסַ֑ף	3702	ANcmsa	27T97
2	32	11		מְע֥וֹ/הִי	4577	ANcmpc/Sp3ms	275L1
2	32	12		וְ/יַרְכָתֵ֖/הּ	c/3410	AC/Ncfpc/Sp3ms	27nY7
2	32	13		דִּ֥י	1768	ATr	27S83
2	32	14		נְחָֽשׁ	5174	ANcmsa	27SDb
2	33	1		שָׁק֖וֹ/הִי	8243	ANcfpc/Sp3ms	27DKS
2	33	2		דִּ֣י	1768	ATr	27YKr
2	33	3		פַרְזֶ֑ל	6523	ANcmsa	27r66
2	33	4		רַגְל֕וֹ/הִי	7271	ANcfpc/Sp3ms	27TW5
2	33	5	x-ketiv	מנ/הון	4481	AR/Sp3mp	27KaN
2	33	6		מִנְּ/הֵין֙	4481	AR/Sp3fp	27FsE
2	33	7		דִּ֣י	1768	ATr	277Np
2	33	8		פַרְזֶ֔ל	6523	ANcmsa	27965
2	33	9	x-ketiv	ו/מנ/הון	c/4481	AC/R/Sp3mp	27MeK
2	33	10		וּ/מִנְּ/הֵ֖ין	c/4481	AC/R/Sp3fp	27Pw8
2	33	11		דִּ֥י	1768	ATr	27Bxn
2	33	12		חֲסַֽף	2635	ANcmsa	27Gne
2	34	1		חָזֵ֣ה	2370	AVqrmsa	27uXm
2	34	2		הֲוַ֗יְתָ	1934	AVqp2ms	27Cmf
2	34	3		עַ֠ד	5705	AR	27K6T
2	34	4		דִּ֣י	1768	ATr	27XFF
2	34	5		הִתְגְּזֶ֤רֶת	1505	AVup3fs	27gKP
2	34	6		אֶ֨בֶן֙	69	ANcfsa	27YUv
2	34	7		דִּי	1768	ATr	27HQ9
2	34	8		לָ֣א	3809	ATn	27D5P
2	34	9		בִ/ידַ֔יִן	b/3028	AR/Ncfda	27pVx
2	34	10		וּ/מְחָ֤ת	c/4223	AC/Vqp3fs	27WAq
2	34	11		לְ/צַלְמָ/א֙	l/6755	AR/Ncmsd/Td	27PxM
2	34	12		עַל	5922	AR	27oCH
2	34	13		רַגְל֔וֹ/הִי	7271	ANcfpc/Sp3ms	27tQE
2	34	14		דִּ֥י	1768	ATr	27wtX
2	34	15		פַרְזְלָ֖/א	6523	ANcmsd/Td	27Hso
2	34	16		וְ/חַסְפָּ֑/א	c/2635	AC/Ncmsd/Td	27yS3
2	34	17		וְ/הַדֵּ֖קֶת	c/1855	AC/Vhp3fs	27PHG
2	34	18		הִמּֽוֹן	1994	APp3mp	271go
2	35	1		בֵּ/אדַ֣יִן	b/116	AR/D	27XLB
2	35	2		דָּ֣קוּ	1855	AVqp3mp	27KTJ
2	35	3		כַ/חֲדָ֡ה	k/2298	AR/Acfsa	27twL
2	35	4		פַּרְזְלָ/א֩	6523	ANcmsd/Td	273MS
2	35	5		חַסְפָּ֨/א	2635	ANcmsd/Td	27GnD
2	35	6		נְחָשָׁ֜/א	5174	ANcmsd/Td	27rVJ
2	35	7		כַּסְפָּ֣/א	3702	ANcmsd/Td	27w2R
2	35	8		וְ/דַהֲבָ֗/א	c/1722	AC/Ncmsd/Td	27JsR
2	35	9		וַ/הֲווֹ֙	c/1934	AC/Vqp3mp	27Sv8
2	35	10		כְּ/ע֣וּר	k/5784	AR/Ncmsa	27adR
2	35	11		מִן	4481	AR	27xek
2	35	12		אִדְּרֵי	147	ANcmpc	27UEH
2	35	13		קַ֔יִט	7007	ANcmsa	27L2G
2	35	14		וּ/נְשָׂ֤א	c/5376	AC/Vqp3ms	27oPm
2	35	15		הִמּוֹן֙	1994	APp3mp	27azH
2	35	16		רוּחָ֔/א	7308	ANcfsd/Td	27fZA
2	35	17		וְ/כָל	c/3606	AC/Ncmsc	276Hj
2	35	18		אֲתַ֖ר	870	ANcmsa	27UCE
2	35	19		לָא	3809	ATn	27dvY
2	35	20		הִשְׁתֲּכַ֣ח	7912	AVup3ms	27YkN
2	35	21		לְ/ה֑וֹן	l	AR/Sp3mp	27k6s
2	35	22		וְ/אַבְנָ֣/א	c/69	AC/Ncfsd/Td	27awY
2	35	23		דִּֽי	1768	ATr	27Wb1
2	35	24		מְחָ֣ת	4223	AVqp3fs	27EAT
2	35	25		לְ/צַלְמָ֗/א	l/6755	AR/Ncmsd/Td	27MzG
2	35	26		הֲוָ֛ת	1934	AVqp3fs	27RBM
2	35	27		לְ/ט֥וּר	l/2906	AR/Ncmsa	27wzx
2	35	28		רַ֖ב	7229	AAamsa	277Vm
2	35	29		וּ/מְלָ֥ת	c/4391	AC/Vqp3fs	27vSy
2	35	30		כָּל	3606	ANcmsc	27qgp
2	35	31		אַרְעָֽ/א	772	ANcfsd/Td	27bcQ
2	36	1		דְּנָ֣ה	1836	APdxms	27GFP
2	36	2		חֶלְמָ֔/א	2493	ANcmsd/Td	27QZx
2	36	3		וּ/פִשְׁרֵ֖/הּ	c/6591	AC/Ncmsc/Sp3ms	27JH9
2	36	4		נֵאמַ֥ר	560	AVqi1cp	27Cdg
2	36	5		קֳדָם	6925	AR	27Uv6
2	36	6		מַלְכָּֽ/א	4430	ANcmsd/Td	27eec
2	37	1		אַ֣נְתְּה	607	APp2ms	27bea
2	37	2		מַלְכָּ֔/א	4430	ANcmsd/Td	27zx5
2	37	3		מֶ֖לֶךְ	4430	ANcmsc	27SMW
2	37	4		מַלְכַיָּ֑/א	4430	ANcmpd/Td	27GYp
2	37	5		דִּ֚י	1768	ATr	271GH
2	37	6		אֱלָ֣הּ	426	ANcmsc	273QW
2	37	7		שְׁמַיָּ֔/א	8065	ANcmpd/Td	27tAW
2	37	8		מַלְכוּתָ֥/א	4437	ANcfsd/Td	27DCB
2	37	9		חִסְנָ֛/א	2632	ANcmsd/Td	27r2Z
2	37	10		וְ/תָקְפָּ֥/א	c/8632 b	AC/Ncmsd/Td	27don
2	37	11		וִֽ/יקָרָ֖/א	c/3367	AC/Ncmsd/Td	27cdc
2	37	12		יְהַב	3052	AVqp3ms	27Ybs
2	37	13		לָֽ/ךְ	l	AR/Sp2ms	27iFe
2	38	1		וּ/בְ/כָל	c/b/3606	AC/R/Ncmsa	279w8
2	38	2		דִּ֣י	1768	ATr	279fJ
2	38	3	x-ketiv	דארין	1753	AVqrmpa	27rMg
2	38	4		דָֽיְרִ֣ין	1753	AVqrmpa	27T3v
2	38	5		בְּֽנֵי	1123	ANcmpc	27e37
2	38	6		אֲ֠נָשָׁ/א	606	ANcmsd/Td	27F5j
2	38	7		חֵיוַ֨ת	2423	ANcfsc	27drK
2	38	8		בָּרָ֤/א	1251	ANcmsd/Td	271TS
2	38	9		וְ/עוֹף	c/5776	AC/Ncmsc	27e65
2	38	10		שְׁמַיָּ/א֙	8065	ANcmpd/Td	27Fkx
2	38	11		יְהַ֣ב	3052	AVqp3ms	27ZVs
2	38	12		בִּ/ידָ֔/ךְ	b/3028	AR/Ncfsc/Sp2ms	27bmu
2	38	13		וְ/הַשְׁלְטָ֖/ךְ	c/7981	AC/Vhp3ms/Sp2ms	27eis
2	38	14		בְּ/כָלְּ/ה֑וֹן	b/3606	AR/Ncmsc/Sp3mp	27B8V
2	38	15		אַנְתְּה	607	APp2ms	27gjk
2	38	16		ה֔וּא	1932	ATa	27tiD
2	38	17		רֵאשָׁ֖/ה	7217	ANcmsd/Td	27kXw
2	38	18		דִּ֥י	1768	ATr	27cHm
2	38	19		דַהֲבָֽ/א	1722	ANcmsd/Td	27Loa
2	39	1		וּ/בָתְרָ֗/ךְ	c/870	AC/Ncmsc/Sp2ms	27NW8
2	39	2		תְּק֛וּם	6966	AVqi3fs	27Ufy
2	39	3		מַלְכ֥וּ	4437	ANcfsa	27FCe
2	39	4		אָחֳרִ֖י	317	AAafsa	27CBn
2	39	5	x-ketiv	ארע/א	772	ANcfsc/Sd	27QFm
2	39	6		אֲרַע	772	ANcfsd	27Euh
2	39	7		מִנָּ֑/ךְ	4481	AR/Sp2ms	272st
2	39	8		וּ/מַלְכ֨וּ	c/4437	AC/Ncfsa	27rCW
2	39	9	x-ketiv	תליתיא	8523 b	AAobsd	277gm
2	39	10		תְלִיתָאָ֤ה	8523 b	AAofsa	27zkf
2	39	11		אָחֳרִי֙	317	AAafsa	27941
2	39	12		דִּ֣י	1768	ATr	276C3
2	39	13		נְחָשָׁ֔/א	5174	ANcmsd/Td	27WMb
2	39	14		דִּ֥י	1768	ATr	27ZgJ
2	39	15		תִשְׁלַ֖ט	7981	AVqi3fs	27Ft4
2	39	16		בְּ/כָל	b/3606	AR/Ncmsc	27iMP
2	39	17		אַרְעָֽ/א	772	ANcfsd/Td	27aom
2	40	1		וּ/מַלְכוּ֙	c/4437	AC/Ncfsa	27xKf
2	40	2	x-ketiv	רביעיה	7244	AAobsd	27EnU
2	40	3		רְבִ֣יעָאָ֔ה	7244	AAofsa	27Zax
2	40	4		תֶּהֱוֵ֥א	1934	AVqi3fs	27Q2e
2	40	5		תַקִּיפָ֖ה	8624	AAafsa	27ZRJ
2	40	6		כְּ/פַרְזְלָ֑/א	k/6523	AR/Ncmsd/Td	27YEi
2	40	7		כָּ/ל	k/3606	AC/C	27gvb
2	40	8		קֳבֵ֗ל	6903	AC	27bJa
2	40	9		דִּ֤י	1768	AC	2789f
2	40	10		פַרְזְלָ/א֙	6523	ANcmsd/Td	27re5
2	40	11		מְהַדֵּ֤ק	1855	AVhrmsa	27Xh3
2	40	12		וְ/חָשֵׁל֙	c/2827	AC/Vqrmsa	27EyU
2	40	13		כֹּ֔לָּ/א	3606	ANcmsd/Td	27aci
2	40	14		וּֽ/כְ/פַרְזְלָ֛/א	c/k/6523	AC/R/Ncmsd/Td	27kbc
2	40	15		דִּֽי	1768	ATr	27baF
2	40	16		מְרָעַ֥ע	7490	AVqrmsa	27ZNU
2	40	17		כָּל	3606	ANcmsc	27KqQ
2	40	18		אִלֵּ֖ין	459	APdxbp	27gLV
2	40	19		תַּדִּ֥ק	1855	AVhi3fs	27KTp
2	40	20		וְ/תֵרֹֽעַ	c/7490	AC/Vqi3fs	27rzR
2	41	1		וְ/דִֽי	c/1768	AC/C	27bh3
2	41	2		חֲזַ֜יְתָה	2370	AVqp2ms	27duZ
2	41	3		רַגְלַיָּ֣/א	7271	ANcfpd/Td	27YHi
2	41	4		וְ/אֶצְבְּעָתָ֗/א	c/677	AC/Ncfpd/Td	27GV7
2	41	5	x-ketiv	מנ/הון	4481	AR/Sp3mp	27A76
2	41	6		מִנְּ/הֵ֞ן	4481	AR/Sp3fp	27eHZ
2	41	7		חֲסַ֤ף	2635	ANcmsa	27ycY
2	41	8		דִּֽי	1768	ATr	27ejK
2	41	9		פֶחָר֙	6353	ANcmsa	27Jb3
2	41	10	x-ketiv	ו/מנ/הון	c/4481	AC/R/Sp3mp	27XXt
2	41	11		וּ/מִנְּ/הֵ֣ין	c/4481	AC/R/Sp3fp	27rKT
2	41	12		פַּרְזֶ֔ל	6523	ANcmsa	27Q8c
2	41	13		מַלְכ֤וּ	4437	ANcfsa	27rHh
2	41	14		פְלִיגָה֙	6386	AVQsfsa	27mUo
2	41	15		תֶּהֱוֵ֔ה	1934	AVqi3fs	27Hfj
2	41	16		וּ/מִן	c/4481	AC/R	27ACV
2	41	17		נִצְבְּתָ֥/א	5326	ANcfsd/Td	27ioH
2	41	18		דִ֥י	1768	ATr	27FCG
2	41	19		פַרְזְלָ֖/א	6523	ANcmsd/Td	277Jo
2	41	20		לֶֽהֱוֵא	1934	AVqi3ms	27wKF
2	41	21		בַ֑/הּ	b	AR/Sp3ms	27YU5
2	41	22		כָּ/ל	k/3606	AC/C	27xmV
2	41	23		קֳבֵל֙	6903	AC	27ZvX
2	41	24		דִּ֣י	1768	AC	277Ch
2	41	25		חֲזַ֔יְתָה	2370	AVqp2ms	27S67
2	41	26		פַּ֨רְזְלָ֔/א	6523	ANcmsd/Td	27Hmd
2	41	27		מְעָרַ֖ב	6151	AVpsmsa	274Yz
2	41	28		בַּ/חֲסַ֥ף	b/2635	AR/Ncmsc	27zbA
2	41	29		טִינָֽ/א	2917	ANcmsd/Td	27koP
2	42	1		וְ/אֶצְבְּעָת֙	c/677	AC/Ncfpc	27Mdv
2	42	2		רַגְלַיָּ֔/א	7271	ANcfpd/Td	27TXv
2	42	3	x-ketiv	מנ/הון	4481	AR/Sp3mp	27pbV
2	42	4		מִנְּ/הֵ֥ין	4481	AR/Sp3fp	27MSY
2	42	5		פַּרְזֶ֖ל	6523	ANcmsa	27GXC
2	42	6	x-ketiv	ו/מנ/הון	c/4481	AC/R/Sp3mp	27Y6k
2	42	7		וּ/מִנְּ/הֵ֣ין	c/4481	AC/R/Sp3fp	27ctR
2	42	8		חֲסַ֑ף	2635	ANcmsa	27Qq3
2	42	9		מִן	4481	AR	27GdR
2	42	10		קְצָ֤ת	7118	ANcfsc	27kV4
2	42	11		מַלְכוּתָ/א֙	4437	ANcfsd/Td	27Zy7
2	42	12		תֶּהֱוֵ֣ה	1934	AVqi3fs	27ozy
2	42	13		תַקִּיפָ֔ה	8624	AAafsa	27H6W
2	42	14		וּ/מִנַּ֖/הּ	c/4481	AC/R/Sp3fs	27297
2	42	15		תֶּהֱוֵ֥ה	1934	AVqi3fs	27Eyi
2	42	16		תְבִירָֽה	8406	AVQsfsa	27kz6
2	43	1	x-ketiv	די	1768	AC	27PZP
2	43	2		וְ/דִ֣י	c/1768	AC/C	27tkv
2	43	3		חֲזַ֗יְתָ	2370	AVqp2ms	27YJk
2	43	4		פַּרְזְלָ/א֙	6523	ANcmsd/Td	27zp3
2	43	5		מְעָרַב֙	6151	AVpsmsa	27GVz
2	43	6		בַּ/חֲסַ֣ף	b/2635	AR/Ncmsc	27MRd
2	43	7		טִינָ֔/א	2917	ANcmsd/Td	27Ci2
2	43	8		מִתְעָרְבִ֤ין	6151	AVMsmpa	27TD8
2	43	9		לֶהֱוֺן֙	1934	AVqi3mp	276R1
2	43	10		בִּ/זְרַ֣ע	b/2234	AR/Ncmsc	27c7o
2	43	11		אֲנָשָׁ֔/א	606	ANcmsd/Td	272Ss
2	43	12		וְ/לָֽא	c/3809	AC/Tn	27JyU
2	43	13		לֶהֱוֺ֥ן	1934	AVqi3mp	27uF7
2	43	14		דָּבְקִ֖ין	1693	AVqrmpa	27fbk
2	43	15		דְּנָ֣ה	1836	APdxms	27RxS
2	43	16		עִם	5974	AR	27PTT
2	43	17		דְּנָ֑ה	1836	APdxms	271bY
2	43	18		הֵֽא	1888 b	ATm	27GMz
2	43	19		כְ/דִ֣י	k/1768	AC/C	27uCN
2	43	20		פַרְזְלָ֔/א	6523	ANcmsd/Td	27Wmn
2	43	21		לָ֥א	3809	ATn	27Lri
2	43	22		מִתְעָרַ֖ב	6151	AVMrmsa	27ymB
2	43	23		עִם	5974	AR	27fac
2	43	24		חַסְפָּֽ/א	2635	ANcmsd/Td	27X2q
2	44	1		וּֽ/בְ/יוֹמֵי/ה֞וֹן	c/b/3118	AC/R/Ncmpc/Sp3mp	279d7
2	44	2		דִּ֧י	1768	ATr	27bj4
2	44	3		מַלְכַיָּ֣/א	4430	ANcmpd/Td	27ZRD
2	44	4		אִנּ֗וּן	581 a	APdxmp	27iFV
2	44	5		יְקִים֩	6966	AVai3ms	27JzQ
2	44	6		אֱלָ֨הּ	426	ANcmsc	27qbn
2	44	7		שְׁמַיָּ֤/א	8065	ANcmpd/Td	27WeU
2	44	8		מַלְכוּ֙	4437	ANcfsa	27TMW
2	44	9		דִּ֤י	1768	ATr	27KvW
2	44	10		לְ/עָלְמִין֙	l/5957	AR/Ncmpa	27wz5
2	44	11		לָ֣א	3809	ATn	27g5b
2	44	12		תִתְחַבַּ֔ל	2255	AVMi3fs	276Cg
2	44	13		וּ/מַ֨לְכוּתָ֔/ה	c/4437	AC/Ncfsd/Td	27cqw
2	44	14		לְ/עַ֥ם	l/5972	AR/Ncmsa	2776C
2	44	15		אָחֳרָ֖ן	321	AAamsa	27t1W
2	44	16		לָ֣א	3809	ATn	27vfm
2	44	17		תִשְׁתְּבִ֑ק	7662	AVui3fs	27pjd
2	44	18		תַּדִּ֤ק	1855	AVhi3fs	27Atm
2	44	19		וְ/תָסֵיף֙	c/5487	AC/Vhi3fs	27vFb
2	44	20		כָּל	3606	ANcmsc	27sFr
2	44	21		אִלֵּ֣ין	459	APdxbp	27Q98
2	44	22		מַלְכְוָתָ֔/א	4437	ANcfsd/Td	27e6Q
2	44	23		וְ/הִ֖יא	c/1932	AC/Pp3fs	27Zzk
2	44	24		תְּק֥וּם	6966	AVqi3fs	27Ynf
2	44	25		לְ/עָלְמַיָּֽ/א	l/5957	AR/Ncmpd/Td	275pP
2	45	1		כָּ/ל	k/3606	AC/C	27Xxj
2	45	2		קֳבֵ֣ל	6903	AC	27eNB
2	45	3		דִּֽי	1768	AC	27r8g
2	45	4		חֲזַ֡יְתָ	2370	AVqp2ms	27sJk
2	45	5		דִּ֣י	1768	ATr	27wBJ
2	45	6		מִ/טּוּרָ/א֩	m/2906	AR/Ncmsd/Td	27tvR
2	45	7		אִתְגְּזֶ֨רֶת	1505	AVip3fs	27Uoi
2	45	8		אֶ֜בֶן	69	ANcfsa	27H29
2	45	9		דִּי	1768	ATr	27m2e
2	45	10		לָ֣א	3809	ATn	27WQ1
2	45	11		בִ/ידַ֗יִן	b/3028	AR/Ncfda	277uv
2	45	12		וְ֠/הַדֶּקֶת	c/1855	AC/Vhp3fs	27Z1J
2	45	13		פַּרְזְלָ֨/א	6523	ANcmsd/Td	27KZa
2	45	14		נְחָשָׁ֤/א	5174	ANcmsd/Td	272u6
2	45	15		חַסְפָּ/א֙	2635	ANcmsd/Td	27CGY
2	45	16		כַּסְפָּ֣/א	3702	ANcmsd/Td	27cy3
2	45	17		וְ/דַהֲבָ֔/א	c/1722	AC/Ncmsd/Td	275EE
2	45	18		אֱלָ֥הּ	426	ANcmsa	277yo
2	45	19		רַב֙	7229	AAamsa	276ot
2	45	20		הוֹדַ֣ע	3046	AVhp3ms	272Sx
2	45	21		לְ/מַלְכָּ֔/א	l/4430	AR/Ncmsd/Td	274mo
2	45	22		מָ֛ה	4101	APfxbs	27RqC
2	45	23		דִּ֥י	1768	ATr	27ESM
2	45	24		לֶהֱוֵ֖א	1934	AVqi3ms	27mCp
2	45	25		אַחֲרֵ֣י	311	AR	27DCR
2	45	26		דְנָ֑ה	1836	APdxms	279jq
2	45	27		וְ/יַצִּ֥יב	c/3330	AC/Aamsa	27uFy
2	45	28		חֶלְמָ֖/א	2493	ANcmsd/Td	27rnW
2	45	29		וּ/מְהֵימַ֥ן	c/540	AC/Vhsmsa	27to2
2	45	30		פִּשְׁרֵֽ/הּ	6591	ANcmsc/Sp3ms	27XrY
2	46	1		בֵּ֠/אדַיִן	b/116	AR/D	274De
2	46	2		מַלְכָּ֤/א	4430	ANcmsd/Td	27dPn
2	46	3		נְבֽוּכַדְנֶצַּר֙	5020	ANp	27Qve
2	46	4		נְפַ֣ל	5308	AVqp3ms	273dz
2	46	5		עַל	5922	AR	27vcq
2	46	6		אַנְפּ֔וֹ/הִי	600	ANcmpc/Sp3ms	274Ed
2	46	7		וּ/לְ/דָנִיֵּ֖אל	c/l/1841	AC/R/Np	27kfR
2	46	8		סְגִ֑ד	5457	AVqp3ms	27FUa
2	46	9		וּ/מִנְחָה֙	c/4504	AC/Ncfsa	27RZP
2	46	10		וְ/נִ֣יחֹחִ֔ין	c/5208	AC/Ncmpa	27qLo
2	46	11		אֲמַ֖ר	560	AVqp3ms	27UwQ
2	46	12		לְ/נַסָּ֥כָה	l/5260	AR/Vpc	27EG9
2	46	13		לֵֽ/הּ	l	AR/Sp3ms	27fSj
2	47	1		עָנֵה֩	6032	AVqrmsa	27LGP
2	47	2		מַלְכָּ֨/א	4430	ANcmsd/Td	27oYa
2	47	3		לְ/דָנִיֵּ֜אל	l/1841	AR/Np	27L3V
2	47	4		וְ/אָמַ֗ר	c/560	AC/Vqrmsa	27Nkc
2	47	5		מִן	4481	AR	278qm
2	47	6		קְשֹׁט֙	7187	ANcmsa	27XRb
2	47	7		דִּ֣י	1768	ATr	27AkY
2	47	8		אֱלָהֲ/כ֗וֹן	426	ANcmsc/Sp2mp	27e5T
2	47	9		ה֣וּא	1932	ATa	27MGG
2	47	10		אֱלָ֧הּ	426	ANcmsc	276q3
2	47	11		אֱלָהִ֛ין	426	ANcmpa	27MDa
2	47	12		וּ/מָרֵ֥א	c/4756	AC/Ncmsc	27WBd
2	47	13		מַלְכִ֖ין	4430	ANcmpa	27jGt
2	47	14		וְ/גָלֵ֣ה	c/1541	AC/Vqrmsc	27tyS
2	47	15		רָזִ֑ין	7328	ANcmpa	27k6N
2	47	16		דִּ֣י	1768	AC	27mY8
2	47	17		יְכֵ֔לְתָּ	3202	AVqp2ms	27Hod
2	47	18		לְ/מִגְלֵ֖א	l/1541	AR/Vqc	27LbG
2	47	19		רָזָ֥/ה	7328	ANcmsd/Td	27jJf
2	47	20		דְנָֽה	1836	APdxms	27zJw
2	48	1		אֱדַ֨יִן	116	AD	27Sho
2	48	2		מַלְכָּ֜/א	4430	ANcmsd/Td	278zu
2	48	3		לְ/דָנִיֵּ֣אל	l/1841	AR/Np	276TZ
2	48	4		רַבִּ֗י	7236	AVpp3ms	27mQU
2	48	5		וּ/מַתְּנָ֨ן	c/4978	AC/Ncfpa	275oN
2	48	6		רַבְרְבָ֤ן	7260	AAafpa	27HQC
2	48	7		שַׂגִּיאָן֙	7690	AAafpa	27tFU
2	48	8		יְהַב	3052	AVqp3ms	27QHV
2	48	9		לֵ֔/הּ	l	AR/Sp3ms	27ot3
2	48	10		וְ/הַ֨שְׁלְטֵ֔/הּ	c/7981	AC/Vhp3ms/Sp3ms	27HBY
2	48	11		עַ֖ל	5922	AR	275H9
2	48	12		כָּל	3606	ANcmsc	27eWk
2	48	13		מְדִינַ֣ת	4083	ANcfsc	27UNQ
2	48	14		בָּבֶ֑ל	895	ANp	27GX8
2	48	15		וְ/רַב	c/7229	AC/Aamsc	27pky
2	48	16		סִגְנִ֔ין	5460	ANcmpa	273N5
2	48	17		עַ֖ל	5922	AR	27gv9
2	48	18		כָּל	3606	ANcmsc	2728H
2	48	19		חַכִּימֵ֥י	2445	ANcmpc	27cog
2	48	20		בָבֶֽל	895	ANp	27dVq
2	49	1		וְ/דָנִיֵּאל֙	c/1841	AC/Np	27SmU
2	49	2		בְּעָ֣א	1156	AVqp3ms	27xRR
2	49	3		מִן	4481	AR	27NYp
2	49	4		מַלְכָּ֔/א	4430	ANcmsd/Td	27Gjw
2	49	5		וּ/מַנִּ֗י	c/4483	AC/Vpp3ms	279Na
2	49	6		עַ֤ל	5922	AR	27xjb
2	49	7		עֲבִֽידְתָּ/א֙	5673	ANcfsd/Td	2778y
2	49	8		דִּ֚י	1768	ATr	27Vgg
2	49	9		מְדִינַ֣ת	4083	ANcfsc	27F1H
2	49	10		בָּבֶ֔ל	895	ANp	27j2J
2	49	11		לְ/שַׁדְרַ֥ךְ	l/7715	ATo/Np	27ch4
2	49	12		מֵישַׁ֖ךְ	4336	ANp	27etU
2	49	13		וַ/עֲבֵ֣ד	c/5665+	AC/Np	27ean
2	49	14		נְג֑וֹ	5665	ANp	27aJG
2	49	15		וְ/דָנִיֵּ֖אל	c/1841	AC/Np	27nF8
2	49	16		בִּ/תְרַ֥ע	b/8651	AR/Ncmsc	27wEW
2	49	17		מַלְכָּֽ/א	4430	ANcmsd/Td	27fJd
3	1	1		נְבוּכַדְנֶצַּ֣ר	5020	ANp	27eEh
3	1	2		מַלְכָּ֗/א	4430	ANcmsd/Td	27K1s
3	1	3		עֲבַד֙	5648	AVqp3ms	2776o
3	1	4		צְלֵ֣ם	6755	ANcmsa	27omx
3	1	5		דִּֽי	1768	ATr	27XBe
3	1	6		דְהַ֔ב	1722	ANcmsa	278A2
3	1	7		רוּמֵ/הּ֙	7314	ANcmsc/Sp3ms	273Qm
3	1	8		אַמִּ֣ין	521	ANcfsa	27yeG
3	1	9		שִׁתִּ֔ין	8361	AAcfpa	271NW
3	1	10		פְּתָיֵ֖/הּ	6613	ANcmsc/Sp3ms	27f13
3	1	11		אַמִּ֣ין	521	ANcfsa	275on
3	1	12		שִׁ֑ת	8353	AAcfsa	27b2J
3	1	13		אֲקִימֵ/הּ֙	6966	AVap3ms/Sp3ms	27MnD
3	1	14		בְּ/בִקְעַ֣ת	b/1236	AR/Ncfsc	272B3
3	1	15		דּוּרָ֔א	1757	ANp	27eAA
3	1	16		בִּ/מְדִינַ֖ת	b/4083	AR/Ncfsc	27usA
3	1	17		בָּבֶֽל	895	ANp	27bmL
3	2	1		וּ/נְבוּכַדְנֶצַּ֣ר	c/5020	AC/Np	27DK9
3	2	2		מַלְכָּ֡/א	4430	ANcmsd/Td	277vQ
3	2	3		שְׁלַ֡ח	7972	AVqp3ms	27JoL
3	2	4		לְ/מִכְנַ֣שׁ	l/3673	AR/Vqc	27Zzg
3	2	5		לַֽ/אֲחַשְׁדַּרְפְּנַיָּ֡/א	l/324	ATo/Ncmpd/Td	27k3m
3	2	6		סִגְנַיָּ֣/א	5460	ANcmpd/Td	27Q2N
3	2	7		וּֽ/פַחֲוָתָ֡/א	c/6347	AC/Ncmpd/Td	27Ggr
3	2	8		אֲדַרְגָּזְרַיָּ/א֩	148	ANcmpd/Td	27hnA
3	2	9		גְדָ֨בְרַיָּ֤/א	1411	ANcmpd/Td	277tY
3	2	10		דְּתָבְרַיָּ/א֙	1884	ANcmpd/Td	272Dp
3	2	11		תִּפְתָּיֵ֔/א	8614	ANcmpd/Td	27BQa
3	2	12		וְ/כֹ֖ל	c/3606	AC/Ncmsc	27qNm
3	2	13		שִׁלְטֹנֵ֣י	7984	ANcmpc	274xx
3	2	14		מְדִֽינָתָ֑/א	4083	ANcfsd/Td	27E57
3	2	15		לְ/מֵתֵא֙	l/858	AR/Vqc	27zfG
3	2	16		לַ/חֲנֻכַּ֣ת	l/2597	AR/Ncfsc	27y3Z
3	2	17		צַלְמָ֔/א	6755	ANcmsd/Td	27vtM
3	2	18		דִּ֥י	1768	ATr	27BNu
3	2	19		הֲקֵ֖ים	6966	AVhp3ms	27QTj
3	2	20		נְבוּכַדְנֶצַּ֥ר	5020	ANp	27Tgd
3	2	21		מַלְכָּֽ/א	4430	ANcmsd/Td	27hAp
3	3	1		בֵּ/אדַ֡יִן	b/116	AR/D	27KNK
3	3	2		מִֽתְכַּנְּשִׁ֡ין	3673	AVMrmpa	27nk3
3	3	3		אֲחַשְׁדַּרְפְּנַיָּ֡/א	324	ANcmpd/Td	27wj3
3	3	4		סִגְנַיָּ֣/א	5460	ANcmpd/Td	27vFK
3	3	5		וּֽ/פַחֲוָתָ֡/א	c/6347	AC/Ncmpd/Td	27QNk
3	3	6		אֲדַרְגָּזְרַיָּ֣/א	148	ANcmpd/Td	27h1i
3	3	7		גְדָבְרַיָּ/א֩	1411	ANcmpd/Td	27c5a
3	3	8		דְּתָ֨בְרַיָּ֜/א	1884	ANcmpd/Td	27MZK
3	3	9		תִּפְתָּיֵ֗/א	8614	ANcmpd/Td	27Hx4
3	3	10		וְ/כֹל֙	c/3606	AC/Ncmsc	27f6t
3	3	11		שִׁלְטֹנֵ֣י	7984	ANcmpc	27BzF
3	3	12		מְדִֽינָתָ֔/א	4083	ANcfsd/Td	27mrv
3	3	13		לַ/חֲנֻכַּ֣ת	l/2597	AC/Ncfsc	27TVv
3	3	14		צַלְמָ֔/א	6755	ANcmsd/Td	27ZUH
3	3	15		דִּ֥י	1768	ATr	27HWF
3	3	16		הֲקֵ֖ים	6966	AVhp3ms	27rhu
3	3	17		נְבוּכַדְנֶצַּ֣ר	5020	ANp	277YX
3	3	18		מַלְכָּ֑/א	4430	ANcmsd/Td	27caE
3	3	19	x-ketiv	ו/קאמין	c/6966	AC/Vqrmpa	27w2r
3	3	20		וְ/קָֽיְמִין֙	c/6966	AC/Vqrmpa	27j2a
3	3	21		לָ/קֳבֵ֣ל	l/6903	AR/R	274ei
3	3	22		צַלְמָ֔/א	6755	ANcmsd/Td	27iQS
3	3	23		דִּ֥י	1768	ATr	27pu1
3	3	24		הֲקֵ֖ים	6966	AVhp3ms	279Gr
3	3	25		נְבוּכַדְנֶצַּֽר	5020	ANp	27jGA
3	4	1		וְ/כָרוֹזָ֖/א	c/3744	AC/Ncmsd/Td	27Q9B
3	4	2		קָרֵ֣א	7123	AVqrmsa	278LK
3	4	3		בְ/חָ֑יִל	b/2429	AR/Ncmsa	27aWe
3	4	4		לְ/כ֤וֹן	l	AR/Sp2mp	27JRh
3	4	5		אָֽמְרִין֙	560	AVqrmpa	27iqH
3	4	6		עַֽמְמַיָּ֔/א	5972	ANcmpd/Td	274ze
3	4	7		אֻמַּיָּ֖/א	524	ANcfpd/Td	27Eur
3	4	8		וְ/לִשָּׁנַיָּֽ/א	c/3961	AC/Ncmpd/Td	27e9g
3	5	1		בְּ/עִדָּנָ֡/א	b/5732	AR/Ncmsd/Td	27hHu
3	5	2		דִּֽי	1768	ATr	27C47
3	5	3		תִשְׁמְע֡וּן	8086	AVqi2mp	27TWu
3	5	4		קָ֣ל	7032	ANcmsc	27EWV
3	5	5		קַרְנָ֣/א	7162	ANcfsd/Td	27nDr
3	5	6		מַ֠שְׁרוֹקִיתָ/א	4953	ANcfsd/Td	27NH6
3	5	7	x-ketiv	קיתרוס	7030	ANcmsa	27PP2
3	5	8		קַתְר֨וֹס	7030	ANcmsa	27sgH
3	5	9		סַבְּכָ֤א	5443	ANcfsa	277YZ
3	5	10		פְּסַנְתֵּרִין֙	6460	ANcmsa	27DLP
3	5	11		סוּמְפֹּ֣נְיָ֔ה	5481	ANcfsa	27Wgd
3	5	12		וְ/כֹ֖ל	c/3606	AC/Ncmsc	27tA5
3	5	13		זְנֵ֣י	2178	ANcmpc	27FQu
3	5	14		זְמָרָ֑/א	2170	ANcmsd/Td	27rxc
3	5	15		תִּפְּל֤וּן	5308	AVqi2mp	27185
3	5	16		וְ/תִסְגְּדוּן֙	c/5457	AC/Vqi2mp	27ssA
3	5	17		לְ/צֶ֣לֶם	l/6755	AR/Ncmsc	27un2
3	5	18		דַּהֲבָ֔/א	1722	ANcmsd/Td	274Ei
3	5	19		דִּ֥י	1768	ATr	27wp8
3	5	20		הֲקֵ֖ים	6966	AVhp3ms	27fZr
3	5	21		נְבוּכַדְנֶצַּ֥ר	5020	ANp	27qsm
3	5	22		מַלְכָּֽ/א	4430	ANcmsd/Td	27Yvd
3	6	1		וּ/מַן	c/4479	AC/Pf3bs	27qo8
3	6	2		דִּי	1768	APf3bs	27Rvz
3	6	3		לָ֥א	3809	ATn	27UiP
3	6	4		יִפֵּ֖ל	5308	AVqi3ms	27zc2
3	6	5		וְ/יִסְגֻּ֑ד	c/5457	AC/Vqi3ms	27jWU
3	6	6		בַּ/הּ	b	AR/Sp3ms	27WRL
3	6	7		שַׁעֲתָ֣/א	8160	ANcfsd/Td	27MEe
3	6	8		יִתְרְמֵ֔א	7412	AVui3ms	27Lz7
3	6	9		לְ/גֽוֹא	l/1459	AR/Ncmsc	27C5b
3	6	10		אַתּ֥וּן	861	ANcmsc	27KGK
3	6	11		נוּרָ֖/א	5135	ANcbsd/Td	27V8j
3	6	12		יָקִֽדְתָּֽ/א	3345	AVqrfsd/Td	27PaR
3	7	1		כָּ/ל	k/3606	AC/C	27Env
3	7	2		קֳבֵ֣ל	6903	AC	278Dt
3	7	3		דְּנָ֡ה	1836	AC	27iSw
3	7	4		בֵּ/הּ	b	AR/Sp3ms	27cX6
3	7	5		זִמְנָ֡/א	2166	ANcmsd/Td	27nM3
3	7	6		כְּ/דִ֣י	k/1768	AR/Tr	277Xe
3	7	7		שָֽׁמְעִ֣ין	8086	AVqrmpa	27noN
3	7	8		כָּֽל	3606	ANcmsc	27hHR
3	7	9		עַמְמַיָּ֡/א	5972	ANcmpd/Td	27CoS
3	7	10		קָ֣ל	7032	ANcmsc	27KXg
3	7	11		קַרְנָ/א֩	7162	ANcfsd/Td	27Gq2
3	7	12		מַשְׁר֨וֹקִיתָ֜/א	4953	ANcfsd/Td	27sk8
3	7	13	x-ketiv	קיתרס	7030	ANcmsa	27Vfr
3	7	14		קַתְר֤וֹס	7030	ANcmsa	27tkY
3	7	15		שַׂבְּכָא֙	5443	ANcfsa	27r5i
3	7	16		פְּסַנְטֵרִ֔ין	6460	ANcmsa	272bH
3	7	17		וְ/כֹ֖ל	c/3606	AC/Ncmsc	27wCy
3	7	18		זְנֵ֣י	2178	ANcmpc	272ee
3	7	19		זְמָרָ֑/א	2170	ANcmsd/Td	27b7E
3	7	20		נָֽפְלִ֨ין	5308	AVqrmpa	2745a
3	7	21		כָּֽל	3606	ANcmsc	27Gby
3	7	22		עַֽמְמַיָּ֜/א	5972	ANcmpd/Td	27t6e
3	7	23		אֻמַיָּ֣/א	524	ANcfpd/Td	274wi
3	7	24		וְ/לִשָּׁנַיָּ֗/א	c/3961	AC/Ncmpd/Td	27LNA
3	7	25		סָֽגְדִין֙	5457	AVqrmpa	27bU4
3	7	26		לְ/צֶ֣לֶם	l/6755	AR/Ncmsc	27R6Q
3	7	27		דַּהֲבָ֔/א	1722	ANcmsd/Td	27LiE
3	7	28		דִּ֥י	1768	ATr	27uCS
3	7	29		הֲקֵ֖ים	6966	AVhp3ms	27taS
3	7	30		נְבוּכַדְנֶצַּ֥ר	5020	ANp	27Erp
3	7	31		מַלְכָּֽ/א	4430	ANcmsd/Td	27azc
3	8	1		כָּ/ל	k/3606	AC/C	27HpH
3	8	2		קֳבֵ֤ל	6903	AC	27wcd
3	8	3		דְּנָה֙	1836	AC	27DR2
3	8	4		בֵּ/הּ	b	AR/Sp3ms	278MF
3	8	5		זִמְנָ֔/א	2166	ANcmsd/Td	275wJ
3	8	6		קְרִ֖בוּ	7127	AVqp3mp	27AuA
3	8	7		גֻּבְרִ֣ין	1400	ANcmpa	27pa7
3	8	8		כַּשְׂדָּאִ֑ין	3779	ANgmpa	271Q7
3	8	9		וַ/אֲכַ֥לוּ	c/399	AC/Vqp3mp	27147
3	8	10		קַרְצֵי/ה֖וֹן	7170	ANcmpc/Sp3mp	27qpX
3	8	11		דִּ֥י	1768	ATr	27eEg
3	8	12		יְהוּדָיֵֽ/א	3062	ANgmpd/Td	27FHa
3	9	1		עֲנוֹ֙	6032	AVqp3mp	27ExS
3	9	2		וְ/אָ֣מְרִ֔ין	c/560	AC/Vqrmpa	2716M
3	9	3		לִ/נְבוּכַדְנֶצַּ֖ר	l/5020	AR/Np	27nj6
3	9	4		מַלְכָּ֑/א	4430	ANcmsd/Td	277hm
3	9	5		מַלְכָּ֖/א	4430	ANcmsd/Td	27yrZ
3	9	6		לְ/עָלְמִ֥ין	l/5957	AR/Ncmpa	27cpd
3	9	7		חֱיִֽי	2418	AVqv2ms	27QR7
3	10	1	x-ketiv	אנתה	607	APp2ms	27388
3	10	2		אַ֣נְתְּ	607	APp2ms	27D9B
3	10	3		מַלְכָּ/א֮	4430	ANcmsd/Td	27KQr
3	10	4		שָׂ֣מְתָּ	7761	AVqp2ms	27bRM
3	10	5		טְּעֵם֒	2942	ANcmsa	27TPs
3	10	6		דִּ֣י	1768	ATr	27Mef
3	10	7		כָל	3606	ANcmsc	27UeD
3	10	8		אֱנָ֡שׁ	606	ANcmsa	27Ddz
3	10	9		דִּֽי	1768	ATr	27VYG
3	10	10		יִשְׁמַ֡ע	8086	AVqi3ms	27zd1
3	10	11		קָ֣ל	7032	ANcmsc	27mw6
3	10	12		קַרְנָ֣/א	7162	ANcfsd/Td	274AV
3	10	13		מַ֠שְׁרֹקִיתָ/א	4953	ANcfsd/Td	27RJM
3	10	14	x-ketiv	קיתרס	7030	ANcmsa	27ZPm
3	10	15		קַתְר֨וֹס	7030	ANcmsa	27aZX
3	10	16		שַׂבְּכָ֤א	5443	ANcfsa	27QJg
3	10	17		פְסַנְתֵּרִין֙	6460	ANcmsa	27P5E
3	10	18	x-ketiv	ו/סיפניה	c/5481	AC/Ncfsa	27yrH
3	10	19		וְ/סוּפֹּ֣נְיָ֔ה	c/5481	AC/Ncfsa	27sud
3	10	20		וְ/כֹ֖ל	c/3606	AC/Ncmsc	27id4
3	10	21		זְנֵ֣י	2178	ANcmpc	27rbK
3	10	22		זְמָרָ֑/א	2170	ANcmsd/Td	27fQG
3	10	23		יִפֵּ֥ל	5308	AVqi3ms	27HAz
3	10	24		וְ/יִסְגֻּ֖ד	c/5457	AC/Vqi3ms	27J4B
3	10	25		לְ/צֶ֥לֶם	l/6755	AR/Ncmsc	27cc4
3	10	26		דַּהֲבָֽ/א	1722	ANcmsd/Td	27oRq
3	11	1		וּ/מַן	c/4479	AC/Pf3cs	27cUw
3	11	2		דִּי	1768	APf3cs	27MVU
3	11	3		לָ֥א	3809	ATn	27CE4
3	11	4		יִפֵּ֖ל	5308	AVqi3ms	27Li4
3	11	5		וְ/יִסְגֻּ֑ד	c/5457	AC/Vqi3ms	27L6s
3	11	6		יִתְרְמֵ֕א	7412	AVui3ms	27g5n
3	11	7		לְ/גֽוֹא	l/1459	AR/Ncmsc	27jmB
3	11	8		אַתּ֥וּן	861	ANcmsc	27kmE
3	11	9		נוּרָ֖/א	5135	ANcbsd/Td	27hyH
3	11	10		יָקִֽדְתָּֽ/א	3345	AVqrfsd/Td	27DMx
3	12	1		אִיתַ֞י	383	ATa	27D1c
3	12	2		גֻּבְרִ֣ין	1400	ANcmpa	27sgn
3	12	3		יְהוּדָאיִ֗ן	3062	ANgmpa	27cLA
3	12	4		דִּֽי	1768	ATr	27Jrt
3	12	5		מַנִּ֤יתָ	4483	AVpp2ms	27jwP
3	12	6		יָתְ/הוֹן֙	3487	ATo/Sp3mp	27XZe
3	12	7		עַל	5922	AR	27dip
3	12	8		עֲבִידַת֙	5673	ANcfsc	27f7v
3	12	9		מְדִינַ֣ת	4083	ANcfsc	275hr
3	12	10		בָּבֶ֔ל	895	ANp	27RDs
3	12	11		שַׁדְרַ֥ךְ	7715	ANp	27Tvm
3	12	12		מֵישַׁ֖ךְ	4336	ANp	271vy
3	12	13		וַ/עֲבֵ֣ד	c/5665+	AC/Np	27JzC
3	12	14		נְג֑וֹ	5665	ANp	27Pv9
3	12	15		גֻּבְרַיָּ֣/א	1400	ANcmpd/Td	27u6Y
3	12	16		אִלֵּ֗ךְ	479	APdxcp	27iTM
3	12	17		לָא	3809	ATn	27jDe
3	12	18		שָׂ֨מֽוּ	7761	AVqp3mp	27uHz
3	12	19	x-ketiv	עלי/ך	5922	AR/Sp2ms	272iJ
3	12	20		עֲלָ֤/ךְ	5922	AR/Sp2ms	27evD
3	12	21		מַלְכָּ/א֙	4430	ANcmsd/Td	27vKo
3	12	22		טְעֵ֔ם	2942	ANcmsa	27mvJ
3	12	23	x-ketiv	ל/אלהי/ך	l/426	AR/Ncmpc/Sp2ms	27pDQ
3	12	24		לֵֽ/אלָהָ/ךְ֙	l/426	AR/Ncmsc/Sp2ms	27deG
3	12	25		לָ֣א	3809	ATn	27Nvj
3	12	26		פָלְחִ֔ין	6399	AVqrmpa	27Gye
3	12	27		וּ/לְ/צֶ֧לֶם	c/l/6755	AC/R/Ncmsc	27qCo
3	12	28		דַּהֲבָ֛/א	1722	ANcmsd/Td	27h3K
3	12	29		דִּ֥י	1768	ATr	27USJ
3	12	30		הֲקֵ֖ימְתָּ	6966	AVhp2ms	27rMp
3	12	31		לָ֥א	3809	ATn	27sd2
3	12	32		סָגְדִֽין	5457	AVqrmpa	27Ssu
3	13	1		בֵּ/אדַ֤יִן	b/116	AR/D	27x1x
3	13	2		נְבוּכַדְנֶצַּר֙	5020	ANp	27w5T
3	13	3		בִּ/רְגַ֣ז	b/7266	AR/Ncmsa	27FrL
3	13	4		וַ/חֲמָ֔ה	c/2528	AC/Ncfsa	27q3X
3	13	5		אֲמַר֙	560	AVqp3ms	27YjW
3	13	6		לְ/הַיְתָיָ֔ה	l/858	AR/Vhc	274i9
3	13	7		לְ/שַׁדְרַ֥ךְ	l/7715	ATo/Np	27Afw
3	13	8		מֵישַׁ֖ךְ	4336	ANp	27Vcq
3	13	9		וַ/עֲבֵ֣ד	c/5665+	AC/Np	27eF7
3	13	10		נְג֑וֹ	5665	ANp	27wPX
3	13	11		בֵּ/אדַ֨יִן֙	b/116	AR/D	27tUi
3	13	12		גֻּבְרַיָּ֣/א	1400	ANcmpd/Td	27S6i
3	13	13		אִלֵּ֔ךְ	479	APdxcp	27KNH
3	13	14		הֵיתָ֖יוּ	858	AVHp3mp	27XUc
3	13	15		קֳדָ֥ם	6925	AR	27KGa
3	13	16		מַלְכָּֽ/א	4430	ANcmsd/Td	27jzU
3	14	1		עָנֵ֤ה	6032	AVqrmsa	273ws
3	14	2		נְבֻֽכַדְנֶצַּר֙	5020	ANp	27nkE
3	14	3		וְ/אָמַ֣ר	c/560	AC/Vqrmsa	27UeK
3	14	4		לְ/ה֔וֹן	l	AR/Sp3mp	27CYD
3	14	5		הַ/צְדָּ֕א	d/6656	ATi/Ncmsa	279gs
3	14	6		שַׁדְרַ֥ךְ	7715	ANp	27GTQ
3	14	7		מֵישַׁ֖ךְ	4336	ANp	27gKo
3	14	8		וַ/עֲבֵ֣ד	c/5665+	AC/Np	27oZb
3	14	9		נְג֑וֹ	5665	ANp	27KCy
3	14	10		לֵֽ/אלָהַ֗/י	l/426	AR/Ncmsc/Sp1cs	27juz
3	14	11		לָ֤א	3809	ATn	27DH2
3	14	12		אִֽיתֵי/כוֹן֙	383	ATa/Sp2mp	274VF
3	14	13		פָּֽלְחִ֔ין	6399	AVqrmpa	2772H
3	14	14		וּ/לְ/צֶ֧לֶם	c/l/6755	AC/R/Ncmsc	2725j
3	14	15		דַּהֲבָ֛/א	1722	ANcmsd/Td	27Vo3
3	14	16		דִּ֥י	1768	ATr	27dhD
3	14	17		הֲקֵ֖ימֶת	6966	AVhp1cs	276uw
3	14	18		לָ֥א	3809	ATn	27zjv
3	14	19		סָֽגְדִֽין	5457	AVqrmpa	271Mn
3	15	1		כְּעַ֞ן	3705	AD	276qW
3	15	2		הֵ֧ן	2006 a	AC	27Zjx
3	15	3		אִֽיתֵי/כ֣וֹן	383	ATa/Sp2mp	27aoZ
3	15	4		עֲתִידִ֗ין	6263	AAampa	27EJP
3	15	5		דִּ֣י	1768	ATr	274HM
3	15	6		בְ/עִדָּנָ֡/א	b/5732	AR/Ncmsd/Td	27EjA
3	15	7		דִּֽי	1768	ATr	27E1f
3	15	8		תִשְׁמְע֡וּן	8086	AVqi2mp	27Hwq
3	15	9		קָ֣ל	7032	ANcmsc	27MWU
3	15	10		קַרְנָ֣/א	7162	ANcfsd/Td	27vD2
3	15	11		מַשְׁרוֹקִיתָ֣/א	4953	ANcfsd/Td	27ygZ
3	15	12	x-ketiv	קיתרס	7030	ANcmsa	276YP
3	15	13		קַתְר֣וֹס	7030	ANcmsa	27UhH
3	15	14		שַׂבְּכָ֡א	5443	ANcfsa	27MSM
3	15	15		פְּסַנְתֵּרִין֩	6460	ANcmsa	27TYN
3	15	16		וְ/סוּמְפֹּ֨נְיָ֜ה	c/5481	AC/Ncfsa	27cMr
3	15	17		וְ/כֹ֣ל	c/3606	AC/Ncmsc	274Up
3	15	18		זְנֵ֣י	2178	ANcmpc	27pa1
3	15	19		זְמָרָ֗/א	2170	ANcmsd/Td	27GDg
3	15	20		תִּפְּל֣וּן	5308	AVqi2mp	27ZxK
3	15	21		וְ/תִסְגְּדוּן֮	c/5457	AC/Vqi2mp	27KpZ
3	15	22		לְ/צַלְמָ֣/א	l/6755	AR/Ncmsd/Td	27nwq
3	15	23		דִֽי	1768	ATr	27Lgy
3	15	24		עַבְדֵת֒	5648	AVqp1cs	275AY
3	15	25		וְ/הֵן֙	c/2006 a	AC/C	27HUX
3	15	26		לָ֣א	3809	ATn	27RYU
3	15	27		תִסְגְּד֔וּן	5457	AVqi2mp	273Q1
3	15	28		בַּ/הּ	b	AR/Sp3ms	27ikx
3	15	29		שַׁעֲתָ֣/ה	8160	ANcfsd/Td	275Xt
3	15	30		תִתְרְמ֔וֹן	7412	AVui2mp	278jj
3	15	31		לְ/גֽוֹא	l/1459	AR/Ncmsc	273v4
3	15	32		אַתּ֥וּן	861	ANcmsc	27hFh
3	15	33		נוּרָ֖/א	5135	ANcbsd/Td	273it
3	15	34		יָקִֽדְתָּ֑/א	3345	AVqrfsd/Td	27pf7
3	15	35		וּ/מַן	c/4479	AC/Pi3cs	27Dne
3	15	36		ה֣וּא	1932	ATa	27fqZ
3	15	37		אֱלָ֔הּ	426	ANcmsa	277ev
3	15	38		דֵּ֥י	1768	ATr	27eWV
3	15	39		יְשֵֽׁיזְבִנְ/כ֖וֹן	7804	AVei3ms/Sp2mp	27DUZ
3	15	40		מִן	4481	AR	27abv
3	15	41		יְדָֽ/י	3028	ANcfpc/Sp1cs	279XH
3	16	1		עֲנ֗וֹ	6032	AVqp3mp	27tui
3	16	2		שַׁדְרַ֤ךְ	7715	ANp	275mW
3	16	3		מֵישַׁךְ֙	4336	ANp	279p4
3	16	4		וַ/עֲבֵ֣ד	c/5665+	AC/Np	271AP
3	16	5		נְג֔וֹ	5665	ANp	27Dh6
3	16	6		וְ/אָמְרִ֖ין	c/560	AC/Vqrmpa	27q22
3	16	7		לְ/מַלְכָּ֑/א	l/4430	AR/Ncmsd/Td	27Z1p
3	16	8		נְבֽוּכַדְנֶצַּ֔ר	5020	ANp	274mF
3	16	9		לָֽא	3809	ATn	27PJU
3	16	10		חַשְׁחִ֨ין	2818 a	AVqrmpa	27eKG
3	16	11		אֲנַ֧חְנָה	586	APp1cp	27Anx
3	16	12		עַל	5922	AR	27kWB
3	16	13		דְּנָ֛ה	1836	APdxms	2726j
3	16	14		פִּתְגָ֖ם	6600	ANcmsa	27ZiN
3	16	15		לַ/הֲתָבוּתָֽ/ךְ	l/8421	AR/Vhc/Sp2ms	27NAb
3	17	1		הֵ֣ן	2006 a	AC	27NJS
3	17	2		אִיתַ֗י	383	ATa	27S4e
3	17	3		אֱלָהַ֨/נָא֙	426	ANcmsc/Sp1cp	27cZG
3	17	4		דִּֽי	1768	ATr	27Nqf
3	17	5		אֲנַ֣חְנָא	586	APp1cp	27tKV
3	17	6		פָֽלְחִ֔ין	6399	AVqrmpa	27hpd
3	17	7		יָכִ֖ל	3202	AVqi3ms	27CAC
3	17	8		לְ/שֵׁיזָבוּתַ֑/נָא	l/7804	AR/Vec/Sp1cp	27MBs
3	17	9		מִן	4481	AR	27uCk
3	17	10		אַתּ֨וּן	861	ANcmsc	27KHf
3	17	11		נוּרָ֧/א	5135	ANcbsd/Td	27bcM
3	17	12		יָקִֽדְתָּ֛/א	3345	AVqrfsd/Td	27mry
3	17	13		וּ/מִן	c/4481	AC/R	27e4r
3	17	14		יְדָ֥/ךְ	3028	ANcfpc/Sp2ms	27rFe
3	17	15		מַלְכָּ֖/א	4430	ANcmsd/Td	27bu5
3	17	16		יְשֵׁיזִֽב	7804	AVei3ms	27nfi
3	18	1		וְ/הֵ֣ן	c/2006 a	AC/C	27kkD
3	18	2		לָ֔א	3809	ATn	27EPr
3	18	3		יְדִ֥יעַ	3046	AVqsmsa	27KoZ
3	18	4		לֶהֱוֵא	1934	AVqi3ms	27A4n
3	18	5		לָ֖/ךְ	l	AR/Sp2ms	27Eq3
3	18	6		מַלְכָּ֑/א	4430	ANcmsd/Td	274c8
3	18	7		דִּ֤י	1768	ATr	27Npb
3	18	8	x-ketiv	ל/אלהי/ך	l/426	AR/Ncmpc/Sp2ms	27ETF
3	18	9		לֵֽ/אלָהָ/ךְ֙	l/426	AR/Ncmsc/Sp2ms	27TmV
3	18	10		לָא	3809	ATn	27tBT
3	18	11	x-ketiv	איתי/נא	383	ATa/Sp1cp	27BBm
3	18	12		אִיתַ֣/נָא	383	ATa/Sp1cp	27qKL
3	18	13		פָֽלְחִ֔ין	6399	AVqrmpa	27qip
3	18	14		וּ/לְ/צֶ֧לֶם	c/l/6755	AC/R/Ncmsc	27p4D
3	18	15		דַּהֲבָ֛/א	1722	ANcmsd/Td	27G5R
3	18	16		דִּ֥י	1768	ATr	27GXr
3	18	17		הֲקֵ֖ימְתָּ	6966	AVhp2ms	27XSa
3	18	18		לָ֥א	3809	ATn	27bsA
3	18	19		נִסְגֻּֽד	5457	AVqi1cp	27nnJ
3	19	1		בֵּ/אדַ֨יִן	b/116	AR/D	27b2r
3	19	2		נְבוּכַדְנֶצַּ֜ר	5020	ANp	27Tzx
3	19	3		הִתְמְלִ֣י	4391	AVup3ms	27fTQ
3	19	4		חֱמָ֗א	2528	ANcfsa	27nCu
3	19	5		וּ/צְלֵ֤ם	c/6755	AC/Ncmsc	27Gds
3	19	6		אַנְפּ֨וֹ/הִי֙	600	ANcmdc/Sp3ms	279cC
3	19	7	x-ketiv	אשתנו	8133	AVPp3ms	27Y4b
3	19	8		אֶשְׁתַּנִּ֔י	8133	AVPp3ms	27RWu
3	19	9		עַל	5922	AR	27MLc
3	19	10		שַׁדְרַ֥ךְ	7715	ANp	27DKB
3	19	11		מֵישַׁ֖ךְ	4336	ANp	27h2V
3	19	12		וַ/עֲבֵ֣ד	c/5665+	AC/Np	27Z2k
3	19	13		נְג֑וֹ	5665	ANp	275VT
3	19	14		עָנֵ֤ה	6032	AVqrmsa	278JC
3	19	15		וְ/אָמַר֙	c/560	AC/Vqrmsa	27Lqq
3	19	16		לְ/מֵזֵ֣א	l/228	AR/Vqc	27qDM
3	19	17		לְ/אַתּוּנָ֔/א	l/861	ATo/Ncmsd/Td	27qqx
3	19	18		חַ֨ד	2298	AAcmsa	27Q3F
3	19	19		שִׁבְעָ֔ה	7655	AAcmsa	272Kw
3	19	20		עַ֛ל	5922	AR	27jCk
3	19	21		דִּ֥י	1768	ATr	27jJB
3	19	22		חֲזֵ֖ה	2370	AVqsmsa	272Ur
3	19	23		לְ/מֵזְיֵֽ/הּ	l/228	AR/Vqc/Sp3ms	27bTz
3	20	1		וּ/לְ/גֻבְרִ֤ין	c/l/1400	AC/R/Ncmpa	27CfS
3	20	2		גִּבָּֽרֵי	1401	ANcmpc	27RZe
3	20	3		חַ֨יִל֙	2429	ANcmsa	27jDT
3	20	4		דִּ֣י	1768	ATr	27euw
3	20	5		בְ/חַיְלֵ֔/הּ	b/2429	AR/Ncmsc/Sp3ms	27WXb
3	20	6		אֲמַר֙	560	AVqp3ms	27KPQ
3	20	7		לְ/כַפָּתָ֔ה	l/3729	AR/Vpc	27wNE
3	20	8		לְ/שַׁדְרַ֥ךְ	l/7715	ATo/Np	27rtc
3	20	9		מֵישַׁ֖ךְ	4336	ANp	27xpP
3	20	10		וַ/עֲבֵ֣ד	c/5665+	AC/Np	27yvH
3	20	11		נְג֑וֹ	5665	ANp	27456
3	20	12		לְ/מִרְמֵ֕א	l/7412	AR/Vqc	27neV
3	20	13		לְ/אַתּ֥וּן	l/861	AR/Ncmsc	27bEv
3	20	14		נוּרָ֖/א	5135	ANcbsd/Td	27yWa
3	20	15		יָקִֽדְתָּֽ/א	3345	AVqrfsd/Td	27PL3
3	21	1		בֵּ/אדַ֜יִן	b/116	AR/D	271SP
3	21	2		גֻּבְרַיָּ֣/א	1400	ANcmpd/Td	27TZB
3	21	3		אִלֵּ֗ךְ	479	APdxcp	27fd5
3	21	4		כְּפִ֨תוּ֙	3729	AVQp3mp	27GYA
3	21	5		בְּ/סַרְבָּלֵי/הוֹן֙	b/5622	AR/Ncmpc/Sp3mp	27K5D
3	21	6	x-ketiv	פטישי/הון	6361	ANcmpc/Sp3mp	277rm
3	21	7		פַּטְּשֵׁי/ה֔וֹן	6361	ANcmpc/Sp3mp	27aFY
3	21	8		וְ/כַרְבְּלָתְ/ה֖וֹן	c/3737	AC/Ncfpc/Sp3mp	27F4N
3	21	9		וּ/לְבֻשֵׁי/ה֑וֹן	c/3831	AC/Ncmpc/Sp3mp	27Q12
3	21	10		וּ/רְמִ֕יו	c/7412	AC/VQp3mp	27EF4
3	21	11		לְ/גֽוֹא	l/1459	AR/Ncmsc	27pmF
3	21	12		אַתּ֥וּן	861	ANcmsc	27124
3	21	13		נוּרָ֖/א	5135	ANcbsd/Td	27rtz
3	21	14		יָקִֽדְתָּֽ/א	3345	AVqrfsd/Td	27H8n
3	22	1		כָּ/ל	k/3606	AC/C	27dV3
3	22	2		קֳבֵ֣ל	6903	AC	27QKM
3	22	3		דְּנָ֗ה	1836	AC	277pu
3	22	4		מִן	4481	AC	27dwS
3	22	5		דִּ֞י	1768	AC	27A8T
3	22	6		מִלַּ֤ת	4406	ANcfsc	27eKy
3	22	7		מַלְכָּ/א֙	4430	ANcmsd/Td	2799H
3	22	8		מַחְצְפָ֔ה	2685	AVarfsa	27Eat
3	22	9		וְ/אַתּוּנָ֖/א	c/861	AC/Ncmsd/Td	27GJt
3	22	10		אֵזֵ֣ה	228	AVqsmsa	27aUT
3	22	11		יַתִּ֑ירָא	3493	AAafsa	27thm
3	22	12		גֻּבְרַיָּ֣/א	1400	ANcmpd/Td	27o4f
3	22	13		אִלֵּ֗ךְ	479	APdxcp	27iaj
3	22	14		דִּ֤י	1768	ATr	27BKq
3	22	15		הַסִּ֨קוּ֙	5267	AVhp3mp	27zK3
3	22	16		לְ/שַׁדְרַ֤ךְ	l/7715	ATo/Np	27rJJ
3	22	17		מֵישַׁךְ֙	4336	ANp	27uEK
3	22	18		וַ/עֲבֵ֣ד	c/5665+	AC/Np	2731Q
3	22	19		נְג֔וֹ	5665	ANp	278XT
3	22	20		קַטִּ֣ל	6992	AVpp3ms	27KRB
3	22	21		הִמּ֔וֹן	1994	APp3mp	27Vir
3	22	22		שְׁבִיבָ֖/א	7631	ANcmsd/Td	27Bi2
3	22	23		דִּ֥י	1768	ATr	27DdX
3	22	24		נוּרָֽ/א	5135	ANcbsd/Td	27FaQ
3	23	1		וְ/גֻבְרַיָּ֤/א	c/1400	AC/Ncmpd/Td	27MTx
3	23	2		אִלֵּךְ֙	479	APdxcp	27eeu
3	23	3		תְּלָ֣תֵּ/ה֔וֹן	8532	AAcmsc/Sp3mp	27u2K
3	23	4		שַׁדְרַ֥ךְ	7715	ANp	27Ji5
3	23	5		מֵישַׁ֖ךְ	4336	ANp	27sRx
3	23	6		וַ/עֲבֵ֣ד	c/5665+	AC/Np	27oGS
3	23	7		נְג֑וֹ	5665	ANp	27ojQ
3	23	8		נְפַ֛לוּ	5308	AVqp3mp	278eL
3	23	9		לְ/גֽוֹא	l/1459	AR/Ncmsc	27JUj
3	23	10		אַתּוּן	861	ANcmsc	27Gmx
3	23	11		נוּרָ֥/א	5135	ANcbsd/Td	27zqp
3	23	12		יָֽקִדְתָּ֖/א	3345	AVqrfsd/Td	27Z4n
3	23	13		מְכַפְּתִֽין	3729	AVpsmpa	27EBC
3	24	1		אֱדַ֨יִן֙	116	AD	27Qrj
3	24	2		נְבוּכַדְנֶצַּ֣ר	5020	ANp	27zcn
3	24	3		מַלְכָּ֔/א	4430	ANcmsd/Td	27htk
3	24	4		תְּוַ֖הּ	8429	AVqp3ms	27mPM
3	24	5		וְ/קָ֣ם	c/6966	AC/Vqp3ms	27rNM
3	24	6		בְּ/הִתְבְּהָלָ֑ה	b/927	AR/Vuc	27mxT
3	24	7		עָנֵ֨ה	6032	AVqrmsa	27JFY
3	24	8		וְ/אָמַ֜ר	c/560	AC/Vqrmsa	27tNW
3	24	9		לְ/הַדָּֽבְר֗וֹ/הִי	l/1907	AR/Ncmpc/Sp3ms	27vVg
3	24	10		הֲ/לָא֩	i/3809	ATi/Tn	27GsN
3	24	11		גֻבְרִ֨ין	1400	ANcmpa	27ESe
3	24	12		תְּלָתָ֜א	8532	AAcmsa	272xq
3	24	13		רְמֵ֤ינָא	7412	AVqp1cp	27Gta
3	24	14		לְ/גוֹא	l/1459	AR/Ncmsc	27NA7
3	24	15		נוּרָ/א֙	5135	ANcbsd/Td	279KR
3	24	16		מְכַפְּתִ֔ין	3729	AVprmpa	27R5N
3	24	17		עָנַ֤יִן	6032	AVqrmpa	27Rom
3	24	18		וְ/אָמְרִין֙	c/560	AC/Vqrmpa	27L7X
3	24	19		לְ/מַלְכָּ֔/א	l/4430	AR/Ncmsd/Td	27ZEr
3	24	20		יַצִּיבָ֖א	3330	AAafsa	27G6B
3	24	21		מַלְכָּֽ/א	4430	ANcmsd/Td	27a5r
3	25	1		עָנֵ֣ה	6032	AVqrmsa	27CBu
3	25	2		וְ/אָמַ֗ר	c/560	AC/Vqrmsa	27h7x
3	25	3		הָֽא	1888 a	ATm	27vJb
3	25	4		אֲנָ֨ה	576 b	APp1cs	27aNN
3	25	5		חָזֵ֜ה	2370	AVqrmsa	27kZd
3	25	6		גֻּבְרִ֣ין	1400	ANcmpa	27p5b
3	25	7		אַרְבְּעָ֗ה	703	AAcbsa	27X2y
3	25	8		שְׁרַ֨יִן֙	8271	AVQsmpa	27PMj
3	25	9		מַהְלְכִ֣ין	1981	AVarmpa	27ZCR
3	25	10		בְּ/גֽוֹא	b/1459	AR/Ncmsc	27m4e
3	25	11		נוּרָ֔/א	5135	ANcbsd/Td	27PRD
3	25	12		וַ/חֲבָ֖ל	c/2257	AC/Ncmsa	27kKo
3	25	13		לָא	3809	ATn	272fb
3	25	14		אִיתַ֣י	383	ATa	27NeN
3	25	15		בְּ/ה֑וֹן	b	AR/Sp3mp	275Jm
3	25	16		וְ/רֵוֵ/הּ֙	c/7299	AC/Ncmsc/Sp3ms	27GUj
3	25	17		דִּ֣י	1768	ATr	27aUh
3	25	18	x-ketiv	רביעי/א	7244	AAomsd/Td	27ik6
3	25	19		רְֽבִיעָ/אָ֔ה	7244	AAomsd/Td	27R15
3	25	20		דָּמֵ֖ה	1821	AVqrmsa	27fmL
3	25	21		לְ/בַר	l/1247	AR/Ncmsc	27Vez
3	25	22		אֱלָהִֽין	426	ANcmpa	275sh
3	26	1		בֵּ/אדַ֜יִן	b/116	AR/D	27Dmo
3	26	2		קְרֵ֣ב	7127	AVqp3ms	27S76
3	26	3		נְבוּכַדְנֶצַּ֗ר	5020	ANp	273U9
3	26	4		לִ/תְרַע֮	l/8651	AR/Ncmsc	273iN
3	26	5		אַתּ֣וּן	861	ANcmsc	275vj
3	26	6		נוּרָ֣/א	5135	ANcbsd/Td	27iTL
3	26	7		יָקִֽדְתָּ/א֒	3345	AVqrfsd/Td	27Vwr
3	26	8		עָנֵ֣ה	6032	AVqrmsa	27Qra
3	26	9		וְ/אָמַ֗ר	c/560	AC/Vqrmsa	27aLf
3	26	10		שַׁדְרַ֨ךְ	7715	ANp	27B4a
3	26	11		מֵישַׁ֧ךְ	4336	ANp	27KJD
3	26	12		וַ/עֲבֵד	c/5665+	AC/Np	27wfG
3	26	13		נְג֛וֹ	5665	ANp	27QVj
3	26	14		עַבְד֛וֹ/הִי	5649	ANcmpc/Sp3ms	27tLr
3	26	15		דִּֽי	1768	ATr	27xhW
3	26	16		אֱלָהָ֥/א	426	ANcmsd/Td	27UrB
3	26	17	x-ketiv	עלי/א	5943	AAamsd/Td	27NGV
3	26	18		עִלָּאָ֖/ה	5943	AAamsd/Td	27GWv
3	26	19		פֻּ֣קוּ	5312	AVqv2mp	27Eei
3	26	20		וֶ/אֱת֑וֹ	c/858	AC/Vqv2mp	27L97
3	26	21		בֵּ/אדַ֣יִן	b/116	AR/D	27uSP
3	26	22		נָֽפְקִ֗ין	5312	AVqrmpa	27vkL
3	26	23		שַׁדְרַ֥ךְ	7715	ANp	2764X
3	26	24		מֵישַׁ֛ךְ	4336	ANp	27UXX
3	26	25		וַ/עֲבֵ֥ד	c/5665+	AC/Np	27mec
3	26	26		נְג֖וֹ	5665	ANp	27oQV
3	26	27		מִן	4481	AR	27NrV
3	26	28		גּ֥וֹא	1459	ANcmsc	27am3
3	26	29		נוּרָֽ/א	5135	ANcbsd/Td	27pwA
3	27	1		וּ֠/מִֽתְכַּנְּשִׁין	c/3673	AC/VMrmpa	27tJ1
3	27	2		אֲחַשְׁדַּרְפְּנַיָּ֞/א	324	ANcmpd/Td	27wT4
3	27	3		סִגְנַיָּ֣/א	5460	ANcmpd/Td	274QP
3	27	4		וּ/פַחֲוָתָ/א֮	c/6347	AC/Ncmpd/Td	27esN
3	27	5		וְ/הַדָּבְרֵ֣י	c/1907	AC/Ncmpc	27tos
3	27	6		מַלְכָּ/א֒	4430	ANcmsd/Td	27YNQ
3	27	7		חָזַ֣יִן	2370	AVqrmpa	27H41
3	27	8		לְ/גֻבְרַיָּ֣/א	l/1400	ATo/Ncmpd/Td	27uyq
3	27	9		אִלֵּ֡ךְ	479	APdxcp	27i8S
3	27	10		דִּי֩	1768	ATr	276z9
3	27	11		לָֽא	3809	ATn	275Py
3	27	12		שְׁלֵ֨ט	7981	AVqp3ms	27AHL
3	27	13		נוּרָ֜/א	5135	ANcbsd/Td	27xF2
3	27	14		בְּ/גֶשְׁמְ/ה֗וֹן	b/1655	AR/Ncmsc/Sp3mp	27rbR
3	27	15		וּ/שְׂעַ֤ר	c/8177	AC/Ncmsc	27deN
3	27	16		רֵֽאשְׁ/הוֹן֙	7217	ANcmsc/Sp3mp	27m4c
3	27	17		לָ֣א	3809	ATn	27Lrp
3	27	18		הִתְחָרַ֔ךְ	2761	AVMp3ms	27c4q
3	27	19		וְ/סָרְבָּלֵי/ה֖וֹן	c/5622	AC/Ncmpc/Sp3mp	27xqq
3	27	20		לָ֣א	3809	ATn	27XdH
3	27	21		שְׁנ֑וֹ	8133	AVqp3mp	27NvG
3	27	22		וְ/רֵ֣יחַ	c/7382	AC/Ncfsc	27vnB
3	27	23		נ֔וּר	5135	ANcbsa	27U2p
3	27	24		לָ֥א	3809	ATn	27SG8
3	27	25		עֲדָ֖ת	5709	AVqp3fs	27kbN
3	27	26		בְּ/הֽוֹן	b	AR/Sp3mp	276mC
3	28	1		עָנֵ֨ה	6032	AVqrmsa	27jug
3	28	2		נְבֽוּכַדְנֶצַּ֜ר	5020	ANp	27Vkq
3	28	3		וְ/אָמַ֗ר	c/560	AC/Vqrmsa	27kRy
3	28	4		בְּרִ֤יךְ	1289	AVQsmsa	274Jr
3	28	5		אֱלָהֲ/הוֹן֙	426	ANcmsc/Sp3mp	27AJD
3	28	6		דִּֽי	1768	ATr	27w7S
3	28	7		שַׁדְרַ֤ךְ	7715	ANp	27bwc
3	28	8		מֵישַׁךְ֙	4336	ANp	27tSL
3	28	9		וַ/עֲבֵ֣ד	c/5665+	AC/Np	27HZZ
3	28	10		נְג֔וֹ	5665	ANp	27Bo3
3	28	11		דִּֽי	1768	AC	27Mos
3	28	12		שְׁלַ֤ח	7972	AVqp3ms	27JJB
3	28	13		מַלְאֲכֵ/הּ֙	4398	ANcmsc/Sp3ms	27yAj
3	28	14		וְ/שֵׁיזִ֣ב	c/7804	AC/Vep3ms	27Gon
3	28	15		לְ/עַבְד֔וֹ/הִי	l/5649	ATo/Ncmpc/Sp3ms	27Fu4
3	28	16		דִּ֥י	1768	ATr	27UxF
3	28	17		הִתְרְחִ֖צוּ	7365	AVup3mp	27u5M
3	28	18		עֲל֑וֹ/הִי	5922	AR/Sp3ms	27jQ2
3	28	19		וּ/מִלַּ֤ת	c/4406	AC/Ncfsc	2726m
3	28	20		מַלְכָּ/א֙	4430	ANcmsd/Td	27pu5
3	28	21		שַׁנִּ֔יו	8133	AVpp3mp	27eof
3	28	22		וִ/יהַ֣בוּ	c/3052	AC/Vqp3mp	274Th
3	28	23	x-ketiv	גשמי/הון	1655	ANcmpc/Sp3mp	27x6W
3	28	24		גֶשְׁמְ/ה֗וֹן	1655	ANcmsc/Sp3mp	27Dux
3	28	25		דִּ֠י	1768	AC	27txJ
3	28	26		לָֽא	3809	ATn	27pBm
3	28	27		יִפְלְח֤וּן	6399	AVqi3mp	27HLf
3	28	28		וְ/לָֽא	c/3809	AC/Tn	27gJx
3	28	29		יִסְגְּדוּן֙	5457	AVqi3mp	27rPn
3	28	30		לְ/כָל	l/3606	ATo/Ncmsc	27BPG
3	28	31		אֱלָ֔הּ	426	ANcmsa	27jZJ
3	28	32		לָהֵ֖ן	3861	AC	27xoW
3	28	33		לֵ/אלָֽהֲ/הֽוֹן	l/426	ATo/Ncmsc/Sp3mp	27ZXZ
3	29	1		וּ/מִ/נִּי֮	c/m/4481	AC/R/Sp1cs	27ybM
3	29	2		שִׂ֣ים	7761	AVQp3ms	27JT8
3	29	3		טְעֵם֒	2942	ANcmsa	27T2X
3	29	4		דִּי֩	1768	ATr	272GL
3	29	5		כָל	3606	ANcmsc	27e2V
3	29	6		עַ֨ם	5972	ANcmsa	27dGs
3	29	7		אֻמָּ֜ה	524	ANcfsa	272Mh
3	29	8		וְ/לִשָּׁ֗ן	c/3961	AC/Ncmsa	27J1i
3	29	9		דִּֽי	1768	ATr	27xua
3	29	10		יֵאמַ֤ר	560	AVqi3ms	277BX
3	29	11	x-ketiv	שלה	7955	ANcfsa	27mim
3	29	12		שָׁלוּ֙	7960	ANcfsa	27Hbd
3	29	13		עַ֣ל	5922	AR	27SSi
3	29	14		אֱלָהֲ/ה֗וֹן	426	ANcmsc/Sp3mp	27iS2
3	29	15		דִּֽי	1768	ATr	27Ua3
3	29	16		שַׁדְרַ֤ךְ	7715	ANp	27X8d
3	29	17		מֵישַׁךְ֙	4336	ANp	27ASF
3	29	18		וַ/עֲבֵ֣ד	c/5665+	AC/Np	27qNw
3	29	19		נְג֔וֹא	5665	ANp	273PW
3	29	20		הַדָּמִ֣ין	1917	ANcmpa	27ZDB
3	29	21		יִתְעֲבֵ֔ד	5648	AVui3ms	27Fr5
3	29	22		וּ/בַיְתֵ֖/הּ	c/1005	AC/Ncmsc/Sp3ms	2731V
3	29	23		נְוָלִ֣י	5122	ANcfsa	27iWv
3	29	24		יִשְׁתַּוֵּ֑ה	7739 b	AVMi3ms	27vzh
3	29	25		כָּ/ל	k/3606	AC/C	27G27
3	29	26		קֳבֵ֗ל	6903	AC	27Jbv
3	29	27		דִּ֣י	1768	AC	27oWA
3	29	28		לָ֤א	3809	ATn	27ZK9
3	29	29		אִיתַי֙	383	ATa	27yjm
3	29	30		אֱלָ֣ה	426	ANcmsa	27yxA
3	29	31		אָחֳרָ֔ן	321	AAamsa	277ug
3	29	32		דִּֽי	1768	ATr	27PGz
3	29	33		יִכֻּ֥ל	3202	AVqi3ms	27wpp
3	29	34		לְ/הַצָּלָ֖ה	l/5338	AR/Vhc	27PeV
3	29	35		כִּ/דְנָֽה	k/1836	AR/Pdxms	27zGh
3	30	1		בֵּ/אדַ֣יִן	b/116	AR/D	278sY
3	30	2		מַלְכָּ֗/א	4430	ANcmsd/Td	27Jdo
3	30	3		הַצְלַ֛ח	6744	AVhp3ms	276E3
3	30	4		לְ/שַׁדְרַ֥ךְ	l/7715	AR/Np	276P5
3	30	5		מֵישַׁ֛ךְ	4336	ANp	27apQ
3	30	6		וַ/עֲבֵ֥ד	c/5665+	AC/Np	27BqY
3	30	7		נְג֖וֹ	5665	ANp	2749o
3	30	8		בִּ/מְדִינַ֥ת	b/4083	AR/Ncfsc	27fF6
3	30	9		בָּבֶֽל	895	ANp	2792K
3	31	1		נְבוּכַדְנֶצַּ֣ר	5020	ANp	27tGz
3	31	2		מַלְכָּ֗/א	4430	ANcmsd/Td	27YrC
3	31	3		לְֽ/כָל	l/3606	AR/Ncmsc	27VrZ
3	31	4		עַֽמְמַיָּ֞/א	5972	ANcmpd/Td	27C6S
3	31	5		אֻמַיָּ֧/א	524	ANcfpd/Td	27vxb
3	31	6		וְ/לִשָּׁנַיָּ֛/א	c/3961	AC/Ncmpd/Td	27kjb
3	31	7		דִּֽי	1768	ATr	272Vu
3	31	8	x-ketiv	דארין	1753	AVqrmpa	27L3Q
3	31	9		דָיְרִ֥ין	1753	AVqrmpa	27HGZ
3	31	10		בְּ/כָל	b/3606	AR/Ncmsc	2764C
3	31	11		אַרְעָ֖/א	772	ANcfsd/Td	276RY
3	31	12		שְׁלָמְ/כ֥וֹן	8001	ANcmsc/Sp2mp	27fA1
3	31	13		יִשְׂגֵּֽא	7680	AVqi3ms	27pXr
3	32	1		אָֽתַיָּ/א֙	852	ANcmpd/Td	27WEX
3	32	2		וְ/תִמְהַיָּ֔/א	c/8540	AC/Ncmpd/Td	27e9D
3	32	3		דִּ֚י	1768	ATr	27peZ
3	32	4		עֲבַ֣ד	5648	AVqp3ms	27CNe
3	32	5		עִמִּ֔/י	5974	AR/Sp1cs	27nm5
3	32	6		אֱלָהָ֖/א	426	ANcmsd/Td	27orh
3	32	7	x-ketiv	עלי/א	5943	AAamsd/Td	27Acg
3	32	8		עִלָּאָ֑/ה	5943	AAamsd/Td	27D85
3	32	9		שְׁפַ֥ר	8232	AVqp3ms	27BUn
3	32	10		קָֽדָמַ֖/י	6925	AR/Sp1cs	27UF1
3	32	11		לְ/הַחֲוָיָֽה	l/2324	AR/Vhc	27zco
3	33	1		אָת֨וֹ/הִי֙	852	ANcmpc/Sp3ms	27GBT
3	33	2		כְּ/מָ֣ה	k/4101	AR/Pfxcs	27h66
3	33	3		רַבְרְבִ֔ין	7260	AAampa	276Dk
3	33	4		וְ/תִמְה֖וֹ/הִי	c/8540	AC/Ncmpc/Sp3ms	27r7r
3	33	5		כְּ/מָ֣ה	k/4101	AR/Pfxcs	27oJg
3	33	6		תַקִּיפִ֑ין	8624	AAampa	27me1
3	33	7		מַלְכוּתֵ/הּ֙	4437	ANcfsc/Sp3ms	27oxa
3	33	8		מַלְכ֣וּת	4437	ANcfsc	27YiJ
3	33	9		עָלַ֔ם	5957	ANcmsa	27Ypk
3	33	10		וְ/שָׁלְטָנֵ֖/הּ	c/7985	AC/Ncmsc/Sp3ms	27C33
3	33	11		עִם	5974	AR	27W8V
3	33	12		דָּ֥ר	1859	ANcmsa	272Z4
3	33	13		וְ/דָֽר	c/1859	AC/Ncmsa	27uX2
4	1	1		אֲנָ֣ה	576 b	APp1cs	27TPk
4	1	2		נְבוּכַדְנֶצַּ֗ר	5020	ANp	27hdw
4	1	3		שְׁלֵ֤ה	7954	AAamsa	27LaJ
4	1	4		הֲוֵית֙	1934	AVqp1cs	27ZkJ
4	1	5		בְּ/בֵיתִ֔/י	b/1005	AR/Ncmsc/Sp1cs	27rrP
4	1	6		וְ/רַעְנַ֖ן	c/7487	AC/Aamsa	27fqW
4	1	7		בְּ/הֵיכְלִֽ/י	b/1965	AR/Ncmsc/Sp1cs	27sNS
4	2	1		חֵ֥לֶם	2493	ANcmsa	27Rij
4	2	2		חֲזֵ֖ית	2370	AVqp1cs	27rq9
4	2	3		וִֽ/ידַחֲלִנַּ֑/נִי	c/1763	AC/Vpi3ms/Sp1cs	272pQ
4	2	4		וְ/הַרְהֹרִין֙	c/2031	AC/Ncmpa	27hDH
4	2	5		עַֽל	5922	AR	27zCX
4	2	6		מִשְׁכְּבִ֔/י	4903	ANcmsc/Sp1cs	27BTq
4	2	7		וְ/חֶזְוֵ֥י	c/2376	AC/Ncmpc	27qmD
4	2	8		רֵאשִׁ֖/י	7217	ANcmsc/Sp1cs	27T54
4	2	9		יְבַהֲלֻנַּֽ/נִי	927	AVpi3mp/Sp1cs	27KK7
4	3	1		וּ/מִנִּ/י֙	c/4481	AC/R/Sp1cs	27xrB
4	3	2		שִׂ֣ים	7761	AVQp3ms	272tb
4	3	3		טְעֵ֔ם	2942	ANcmsa	27AAU
4	3	4		לְ/הַנְעָלָ֣ה	l/5954	AR/Vhc	27fKo
4	3	5		קָֽדָמַ֔/י	6925	AR/Sp1cs	27hrP
4	3	6		לְ/כֹ֖ל	l/3606	ATo/Ncmsc	27NXB
4	3	7		חַכִּימֵ֣י	2445	ANcmpc	27cv9
4	3	8		בָבֶ֑ל	895	ANp	278HL
4	3	9		דִּֽי	1768	ATr	27sDr
4	3	10		פְשַׁ֥ר	6591	ANcmsc	27Xyc
4	3	11		חֶלְמָ֖/א	2493	ANcmsd/Td	27nYo
4	3	12		יְהֽוֹדְעֻנַּֽ/נִי	3046	AVhi3mp/Sp1cs	27pow
4	4	1		בֵּ/אדַ֣יִן	b/116	AR/D	27j9W
4	4	2	x-ketiv	עללין	5954	AVqrmpa	27c3J
4	4	3		עָלִּ֗ין	5954	AVqrmpa	27a5b
4	4	4		חַרְטֻמַיָּ/א֙	2749	ANcmpd/Td	27wEY
4	4	5		אָֽשְׁפַיָּ֔/א	826	ANcmpd/Td	27EQ4
4	4	6	x-ketiv	כשדי/א	3779	ANgmpd/Td	27avL
4	4	7		כַּשְׂדָּאֵ֖/י	3779	ANgmsc/Sp1cs	277ej
4	4	8		וְ/גָזְרַיָּ֑/א	c/1505	AC/Vqrmpd/Td	27amD
4	4	9		וְ/חֶלְמָ֗/א	c/2493	AC/Ncmsd/Td	27VUr
4	4	10		אָמַ֤ר	560	AVqrmsa	27yB6
4	4	11		אֲנָה֙	576 b	APp1cs	27c5N
4	4	12		קֳדָ֣מֵי/ה֔וֹן	6925	AR/Sp3mp	27T55
4	4	13		וּ/פִשְׁרֵ֖/הּ	c/6591	AC/Ncmsc/Sp3ms	27peT
4	4	14		לָא	3809	ATn	27Ksj
4	4	15		מְהוֹדְעִ֥ין	3046	AVhrmpa	27Z3e
4	4	16		לִֽ/י	l	AR/Sp1cs	27Kzf
4	5	1		וְ/עַ֣ד	c/5705	AC/R	27orc
4	5	2		אָחֳרֵ֡ין	318	AD	2762Y
4	5	3		עַל֩	5954	AVqp3ms	27k5t
4	5	4		קָֽדָמַ֨/י	6925	AR/Sp1cs	27KZM
4	5	5		דָּנִיֵּ֜אל	1841	ANp	27rez
4	5	6		דִּֽי	1768	ATr	27HUJ
4	5	7		שְׁמֵ֤/הּ	8036	ANcmsc/Sp3ms	27psq
4	5	8		בֵּלְטְשַׁאצַּר֙	1096	ANp	27WRG
4	5	9		כְּ/שֻׁ֣ם	k/8036	AR/Ncmsc	27wbu
4	5	10		אֱלָהִ֔/י	426	ANcmsc/Sp1cs	27Bav
4	5	11		וְ/דִ֛י	c/1768	AC/Tr	27GVi
4	5	12		רֽוּחַ	7308	ANcfsc	27Csn
4	5	13		אֱלָהִ֥ין	426	ANcmpa	27R9z
4	5	14		קַדִּישִׁ֖ין	6922	AAampa	27tn3
4	5	15		בֵּ֑/הּ	b	AR/Sp3ms	27uiF
4	5	16		וְ/חֶלְמָ֖/א	c/2493	AC/Ncmsd/Td	27hmQ
4	5	17		קָֽדָמ֥וֹ/הִי	6925	AR/Sp3ms	27pj9
4	5	18		אַמְרֵֽת	560	AVqp1cs	27gza
4	6	1		בֵּלְטְשַׁאצַּר֮	1096	ANp	27nh4
4	6	2		רַ֣ב	7229	AAamsc	27yip
4	6	3		חַרְטֻמַיָּ/א֒	2749	ANcmpd/Td	27yhX
4	6	4		דִּ֣י	1768	ATr	27Rr8
4	6	5		אֲנָ֣ה	576 b	APp1cs	27q3q
4	6	6		יִדְעֵ֗ת	3046	AVqp1cs	27zBj
4	6	7		דִּ֠י	1768	ATr	27mM8
4	6	8		ר֣וּחַ	7308	ANcfsc	27Boi
4	6	9		אֱלָהִ֤ין	426	ANcmpa	279tu
4	6	10		קַדִּישִׁין֙	6922	AAampa	27cJ2
4	6	11		בָּ֔/ךְ	b	AR/Sp2ms	27qwa
4	6	12		וְ/כָל	c/3606	AC/Ncmsc	27U6p
4	6	13		רָ֖ז	7328	ANcmsa	27gi1
4	6	14		לָא	3809	ATn	27zuP
4	6	15		אָנֵ֣ס	598	AVqrmsa	27RH3
4	6	16		לָ֑/ךְ	l	AR/Sp2ms	27tap
4	6	17		חֶזְוֵ֨י	2376	ANcmpc	27dpu
4	6	18		חֶלְמִ֧/י	2493	ANcmsc/Sp1cs	27bEm
4	6	19		דִֽי	1768	ATr	27jsC
4	6	20		חֲזֵ֛ית	2370	AVqp1cs	27VLV
4	6	21		וּ/פִשְׁרֵ֖/הּ	c/6591	AC/Ncmsc/Sp3ms	27RYi
4	6	22		אֱמַֽר	560	AVqv2ms	27VMS
4	7	1		וְ/חֶזְוֵ֥י	c/2376	AC/Ncmpc	27WwP
4	7	2		רֵאשִׁ֖/י	7217	ANcmsc/Sp1cs	279hJ
4	7	3		עַֽל	5922	AR	27wDc
4	7	4		מִשְׁכְּבִ֑/י	4903	ANcmsc/Sp1cs	271ME
4	7	5		חָזֵ֣ה	2370	AVqrmsa	27bxs
4	7	6		הֲוֵ֔ית	1934	AVqp1cs	27Eya
4	7	7		וַ/אֲל֥וּ	c/431	AC/Tm	27bTU
4	7	8		אִילָ֛ן	363	ANcmsa	27Wzj
4	7	9		בְּ/ג֥וֹא	b/1459	AR/Ncmsc	27xVG
4	7	10		אַרְעָ֖/א	772	ANcfsd/Td	27Ehm
4	7	11		וְ/רוּמֵ֥/הּ	c/7314	AC/Ncmsc/Sp3ms	27CAK
4	7	12		שַׂגִּֽיא	7690	AAamsa	27o3f
4	8	1		רְבָ֥ה	7236	AVqp3ms	27e88
4	8	2		אִֽילָנָ֖/א	363	ANcmsd/Td	27f25
4	8	3		וּ/תְקִ֑ף	c/8631	AC/Vqp3ms	27Hww
4	8	4		וְ/רוּמֵ/הּ֙	c/7314	AC/Ncmsc/Sp3ms	27TVz
4	8	5		יִמְטֵ֣א	4291	AVqi3ms	27LRb
4	8	6		לִ/שְׁמַיָּ֔/א	l/8065	AR/Ncmpd/Td	27HAt
4	8	7		וַ/חֲזוֹתֵ֖/הּ	c/2379	AC/Ncfsc/Sp3ms	27nGv
4	8	8		לְ/ס֥וֹף	l/5491	AR/Ncmsc	27iiv
4	8	9		כָּל	3606	ANcmsc	27CVL
4	8	10		אַרְעָֽ/א	772	ANcfsd/Td	279vz
4	9	1		עָפְיֵ֤/הּ	6074	ANcmsc/Sp3ms	27NTb
4	9	2		שַׁפִּיר֙	8209	AAamsa	27cvb
4	9	3		וְ/אִנְבֵּ֣/הּ	c/4	AC/Ncmsc/Sp3ms	27B7J
4	9	4		שַׂגִּ֔יא	7690	AAamsa	27XBu
4	9	5		וּ/מָז֨וֹן	c/4203	AC/Ncmsa	27uMM
4	9	6		לְ/כֹ֖לָּ/א	l/3606	AR/Ncmsd/Td	27XBy
4	9	7		בֵ֑/הּ	b	AR/Sp3ms	27Gch
4	9	8		תְּחֹת֜וֹ/הִי	8460	AR/Sp3ms	27tZs
4	9	9		תַּטְלֵ֣ל	2927	AVai3fs	27Sx5
4	9	10		חֵיוַ֣ת	2423	ANcfsc	27mYa
4	9	11		בָּרָ֗/א	1251	ANcmsd/Td	27Fc9
4	9	12		וּ/בְ/עַנְפ֨וֹ/הִי֙	c/b/6056	AC/R/Ncmpc/Sp3ms	2763V
4	9	13	x-ketiv	ידרון	1753	AVqi3mp	27xVx
4	9	14		יְדוּרָן֙	1753	AVqi3mp	27ZMa
4	9	15		צִפֲּרֵ֣י	6853	ANcfpc	27K9n
4	9	16		שְׁמַיָּ֔/א	8065	ANcmpd/Td	27rsj
4	9	17		וּ/מִנֵּ֖/הּ	c/4481	AC/R/Sp3ms	27QzN
4	9	18		יִתְּזִ֥ין	2110	AVui3ms	27zQg
4	9	19		כָּל	3606	ANcmsc	27s54
4	9	20		בִּשְׂרָֽ/א	1321	ANcmsd/Td	27ZxQ
4	10	1		חָזֵ֥ה	2370	AVqrmsa	27mBQ
4	10	2		הֲוֵ֛ית	1934	AVqp1cs	27kmu
4	10	3		בְּ/חֶזְוֵ֥י	b/2376	AR/Ncmpc	27Rpd
4	10	4		רֵאשִׁ֖/י	7217	ANcmsc/Sp1cs	272xG
4	10	5		עַֽל	5922	AR	27ex2
4	10	6		מִשְׁכְּבִ֑/י	4903	ANcmsc/Sp1cs	273VA
4	10	7		וַ/אֲלוּ֙	c/431	AC/Tm	27XVR
4	10	8		עִ֣יר	5894	ANcmsa	27Lx1
4	10	9		וְ/קַדִּ֔ישׁ	c/6922	AC/Aamsa	277zA
4	10	10		מִן	4481	AR	27bE4
4	10	11		שְׁמַיָּ֖/א	8065	ANcmpd/Td	27qcU
4	10	12		נָחִֽת	5182	AVqrmsa	278e9
4	11	1		קָרֵ֨א	7123	AVqrmsa	27iuc
4	11	2		בְ/חַ֜יִל	b/2429	AR/Ncmsa	274pW
4	11	3		וְ/כֵ֣ן	c/3652	AC/D	27tDy
4	11	4		אָמַ֗ר	560	AVqrmsa	27NLe
4	11	5		גֹּ֤דּוּ	1414	AVqv2mp	27GtD
4	11	6		אִֽילָנָ/א֙	363	ANcmsd/Td	27mwz
4	11	7		וְ/קַצִּ֣צוּ	c/7113	AC/Vpv2mp	27v4c
4	11	8		עַנְפ֔וֹ/הִי	6056	ANcmpc/Sp3ms	27SkK
4	11	9		אַתַּ֥רוּ	5426	AVav2mp	275xn
4	11	10		עָפְיֵ֖/הּ	6074	ANcmsc/Sp3ms	27U8y
4	11	11		וּ/בַדַּ֣רוּ	c/921	AC/Vpv2mp	27G3b
4	11	12		אִנְבֵּ֑/הּ	4	ANcmsc/Sp3ms	27i4K
4	11	13		תְּנֻ֤ד	5111	AVqi3fs	27Vhq
4	11	14		חֵֽיוְתָ/א֙	2423	ANcfsd/Td	278w5
4	11	15		מִן	4481	AR	27XKu
4	11	16		תַּחְתּ֔וֹ/הִי	8479	AR/Sp3ms	27N3Z
4	11	17		וְ/צִפְּרַיָּ֖/א	c/6853	AC/Ncfpd/Td	2772P
4	11	18		מִן	4481	AR	27u1j
4	11	19		עַנְפֽוֹ/הִי	6056	ANcmsc/Sp3ms	27DBw
4	12	1		בְּרַ֨ם	1297	AC	27KyH
4	12	2		עִקַּ֤ר	6136	ANcmsc	27sK9
4	12	3		שָׁרְשׁ֨וֹ/הִי֙	8330	ANcmpc/Sp3ms	27soG
4	12	4		בְּ/אַרְעָ֣/א	b/772	AR/Ncfsd/Td	27Ggv
4	12	5		שְׁבֻ֔קוּ	7662	AVqv2mp	27NRv
4	12	6		וּ/בֶֽ/אֱסוּר֙	c/b/613	AC/R/Ncmsa	27fdT
4	12	7		דִּֽי	1768	ATr	27qex
4	12	8		פַרְזֶ֣ל	6523	ANcmsa	27GE5
4	12	9		וּ/נְחָ֔שׁ	c/5174	AC/Ncmsa	274oz
4	12	10		בְּ/דִתְאָ֖/א	b/1883	AR/Ncmsd/Td	276kG
4	12	11		דִּ֣י	1768	AT	27Wuj
4	12	12		בָרָ֑/א	1251	ANcmsd/Td	276jv
4	12	13		וּ/בְ/טַ֤ל	c/b/2920	AC/R/Ncmsc	27WSR
4	12	14		שְׁמַיָּ/א֙	8065	ANcmpd/Td	27xRq
4	12	15		יִצְטַבַּ֔ע	6647	AVMi3ms	27xiv
4	12	16		וְ/עִם	c/5974	AC/R	27Vhb
4	12	17		חֵיוְתָ֥/א	2423	ANcfsd/Td	27Kra
4	12	18		חֲלָקֵ֖/הּ	2508	ANcmsc/Sp3ms	27FB9
4	12	19		בַּ/עֲשַׂ֥ב	b/6211 b	AR/Ncmsc	27WPN
4	12	20		אַרְעָֽ/א	772	ANcfsd/Td	27zbb
4	13	1		לִבְבֵ/הּ֙	3825	ANcmsc/Sp3ms	27W6k
4	13	2		מִן	4481	AR	27dcc
4	13	3	x-ketiv	אנוש/א	606	ANcmsd/Td	273fz
4	13	4		אֲנָשָׁ֣/א	606	ANcmsd/Td	27pV4
4	13	5		יְשַׁנּ֔וֹן	8133	AVpi3mp	27K76
4	13	6		וּ/לְבַ֥ב	c/3825	AC/Ncmsc	27Xvh
4	13	7		חֵיוָ֖ה	2423	ANcfsa	27F23
4	13	8		יִתְיְהִ֣ב	3052	AVui3ms	27t9z
4	13	9		לֵ֑/הּ	l	AR/Sp3ms	27whu
4	13	10		וְ/שִׁבְעָ֥ה	c/7655	AC/Acbsa	27ose
4	13	11		עִדָּנִ֖ין	5732	ANcmpa	27min
4	13	12		יַחְלְפ֥וּן	2499	AVqi3mp	27iic
4	13	13		עֲלֽוֹ/הִי	5922	AR/Sp3ms	27uQX
4	14	1		בִּ/גְזֵרַ֤ת	b/1510	AR/Ncfsc	27fqr
4	14	2		עִירִין֙	5894	ANcmpa	27gRQ
4	14	3		פִּתְגָמָ֔/א	6600	ANcmsd/Td	27oC6
4	14	4		וּ/מֵאמַ֥ר	c/3983	AC/Ncmsc	27AB9
4	14	5		קַדִּישִׁ֖ין	6922	AAampa	276Bi
4	14	6		שְׁאֵֽלְתָ֑/א	7595	ANcfsd/Td	27TKQ
4	14	7		עַד	5705	AR	27sX9
4	14	8		דִּבְרַ֡ת	1701	ANcfsc	27CNX
4	14	9		דִּ֣י	1768	ATr	275Jx
4	14	10		יִנְדְּע֣וּן	3046	AVqi3mp	27K8B
4	14	11		חַ֠יַּיָּ/א	2417	AAampd/Td	27qTM
4	14	12		דִּֽי	1768	ATr	27kST
4	14	13		שַׁלִּ֨יט	7990	AAamsa	279ok
4	14	14	x-ketiv	עלי/א	5943	ANcmsd/Td	27G8f
4	14	15		עִלָּאָ֜/ה	5943	ANcmsd/Td	27bjL
4	14	16		בְּ/מַלְכ֣וּת	b/4437	AR/Ncfsc	27ant
4	14	17	x-ketiv	אנוש/א	606	ANcmsd/Td	274aq
4	14	18		אֲנָשָׁ֗/א	606	ANcmsd/Td	27xLT
4	14	19		וּ/לְ/מַן	c/l/4479	AC/R/Pfxcs	27fns
4	14	20		דִּ֤י	1768	APfxcs	27p9L
4	14	21		יִצְבֵּא֙	6634	AVqp3ms	27ZUC
4	14	22		יִתְּנִנַּ֔/הּ	5415	AVqi3ms/Sp3fs	27JCj
4	14	23		וּ/שְׁפַ֥ל	c/8215	AC/Aamsc	27cTb
4	14	24		אֲנָשִׁ֖ים	606	ANcmpa	27EZX
4	14	25		יְקִ֥ים	6966	AVai3ms	27Y8E
4	14	26	x-ketiv	עלי/ה	5922	AR/Sp3fs	27WfP
4	14	27		עֲלַֽ/הּ	5922	AR/Sp3fs	27EHX
4	15	1		דְּנָה֙	1836	APdxms	27htV
4	15	2		חֶלְמָ֣/א	2493	ANcmsd/Td	27dnq
4	15	3		חֲזֵ֔ית	2370	AVqp1cs	27Bfr
4	15	4		אֲנָ֖ה	576 b	APp1cs	27n3U
4	15	5		מַלְכָּ֣/א	4430	ANcmsd/Td	27UYs
4	15	6		נְבוּכַדְנֶצַּ֑ר	5020	ANp	27T4t
4	15	7	x-ketiv	ו/אנתה	c/607	AC/Pp2ms	27CXn
4	15	8		וְ/אַ֨נְתְּ	c/607	AC/Pp2ms	27eoV
4	15	9		בֵּלְטְשַׁאצַּ֜ר	1096	ANp	27z2s
4	15	10		פִּשְׁרֵ֣/א	6591	ANcmsd/Td	27eW4
4	15	11		אֱמַ֗ר	560	AVqv2ms	27Kox
4	15	12		כָּ/ל	k/3606	AC/C	27RGB
4	15	13		קֳבֵל֙	6903	AC	27Upn
4	15	14		דִּ֣י	1768	AC	27dXz
4	15	15		כָּל	3606	ANcmsc	27Bbn
4	15	16		חַכִּימֵ֣י	2445	ANcmpc	271Zv
4	15	17		מַלְכוּתִ֗/י	4437	ANcfsc/Sp1cs	27TB4
4	15	18		לָֽא	3809	ATn	27oG9
4	15	19		יָכְלִ֤ין	3202	AVqrmpa	27prm
4	15	20		פִּשְׁרָ/א֙	6591	ANcmsd/Td	27rwi
4	15	21		לְ/הוֹדָ֣עֻתַ֔/נִי	l/3046	AR/Vhc/Sp1cs	27EAA
4	15	22	x-ketiv	ו/אנתה	c/607	AC/Pp2ms	27LxY
4	15	23		וְ/אַ֣נְתְּ	c/607	AC/Pp2ms	27Frb
4	15	24		כָּהֵ֔ל	3546	AVqrmsa	27HJn
4	15	25		דִּ֛י	1768	AC	27LuD
4	15	26		רֽוּחַ	7308	ANcfsc	27XnL
4	15	27		אֱלָהִ֥ין	426	ANcmpa	27sUy
4	15	28		קַדִּישִׁ֖ין	6922	AAampa	277nT
4	15	29		בָּֽ/ךְ	b	AR/Sp2ms	27yyf
4	16	1		אֱדַ֨יִן	116	AD	274Zw
4	16	2		דָּֽנִיֵּ֜אל	1841	ANp	27JqE
4	16	3		דִּֽי	1768	ATr	27rnt
4	16	4		שְׁמֵ֣/הּ	8036	ANcmsc/Sp3ms	27DiF
4	16	5		בֵּלְטְשַׁאצַּ֗ר	1096	ANp	27eUy
4	16	6		אֶשְׁתּוֹמַם֙	8075	AVzp3ms	27Vak
4	16	7		כְּ/שָׁעָ֣ה	k/8160	AR/Ncfsa	27oiN
4	16	8		חֲדָ֔ה	2298	AAcfsa	27vnQ
4	16	9		וְ/רַעְיֹנֹ֖/הִי	c/7476	AC/Ncmpc/Sp3ms	27gEr
4	16	10		יְבַהֲלֻנֵּ֑/הּ	927	AVpi3mp/Sp3ms	27WLF
4	16	11		עָנֵ֨ה	6032	AVqrmsa	27wGZ
4	16	12		מַלְכָּ֜/א	4430	ANcmsd/Td	27HVd
4	16	13		וְ/אָמַ֗ר	c/560	AC/Vqrmsa	27Fze
4	16	14		בֵּלְטְשַׁאצַּר֙	1096	ANp	27ZHY
4	16	15		חֶלְמָ֤/א	2493	ANcmsd/Td	271sU
4	16	16		וּ/פִשְׁרֵ/א֙	c/6591	AC/Ncmsd/Td	27CGv
4	16	17		אַֽל	409	ATn	27xTA
4	16	18		יְבַהֲלָ֔/ךְ	927	AVpi3ms/Sp2ms	27isH
4	16	19		עָנֵ֤ה	6032	AVqrmsa	27nJS
4	16	20		בֵלְטְשַׁאצַּר֙	1096	ANp	27cUx
4	16	21		וְ/אָמַ֔ר	c/560	AC/Vqrmsa	27a6i
4	16	22	x-ketiv	מרא/י	4756	ANcmsc/Sp1cs	27Jfc
4	16	23		מָרִ֕/י	4756	ANcmsc/Sp1cs	27hEY
4	16	24		חֶלְמָ֥/א	2493	ANcmsd/Td	27ijZ
4	16	25	x-ketiv	ל/שנאי/ך	l/8131	AR/Vqrmpc/Sp2ms	27u83
4	16	26		לְ/שָֽׂנְאָ֖/ךְ	l/8131	AR/Vqrmpc/Sp2ms	27NzX
4	16	27		וּ/פִשְׁרֵ֥/הּ	c/6591	AC/Ncmsc/Sp3ms	2717r
4	16	28	x-ketiv	ל/ערי/ך	l/6146	AR/Ncmpc/Sp2ms	27ZU1
4	16	29		לְ/עָרָֽ/ךְ	l/6146	AR/Ncmsc/Sp2ms	27otL
4	17	1		אִֽילָנָ/א֙	363	ANcmsd/Td	27um7
4	17	2		דִּ֣י	1768	ATr	27KjJ
4	17	3		חֲזַ֔יְתָ	2370	AVqp2ms	27fiM
4	17	4		דִּ֥י	1768	ATr	27dcf
4	17	5		רְבָ֖ה	7236	AVqp3ms	27KEb
4	17	6		וּ/תְקִ֑ף	c/8631	AC/Vqp3ms	27hC2
4	17	7		וְ/רוּמֵ/הּ֙	c/7314	AC/Ncmsc/Sp3ms	274fq
4	17	8		יִמְטֵ֣א	4291	AVqi3ms	27sEG
4	17	9		לִ/שְׁמַיָּ֔/א	l/8065	AR/Ncmpd/Td	27HuD
4	17	10		וַ/חֲזוֹתֵ֖/הּ	c/2379	AC/Ncfsc/Sp3ms	273KB
4	17	11		לְ/כָל	l/3606	AR/Ncmsc	27q7m
4	17	12		אַרְעָֽ/א	772	ANcfsd/Td	27bTg
4	18	1		וְ/עָפְיֵ֤/הּ	c/6074	AC/Ncmsc/Sp3ms	27Aw1
4	18	2		שַׁפִּיר֙	8209	AAamsa	27AqN
4	18	3		וְ/אִנְבֵּ֣/הּ	c/4	AC/Ncmsc/Sp3ms	2776m
4	18	4		שַׂגִּ֔יא	7690	AAamsa	276a2
4	18	5		וּ/מָז֨וֹן	c/4203	AC/Ncmsa	27g5k
4	18	6		לְ/כֹ֖לָּ/א	l/3606	AR/Ncmsd/Td	27wJN
4	18	7		בֵ֑/הּ	b	AR/Sp3ms	27bGZ
4	18	8		תְּחֹת֗וֹ/הִי	8460	AR/Sp3ms	27pX4
4	18	9		תְּדוּר֙	1753	AVqi3fs	27J7k
4	18	10		חֵיוַ֣ת	2423	ANcfsc	27AuP
4	18	11		בָּרָ֔/א	1251	ANcmsd/Td	27syM
4	18	12		וּ/בְ/עַנְפ֕וֹ/הִי	c/b/6056	AC/R/Ncmpc/Sp3ms	27ayp
4	18	13		יִשְׁכְּנָ֖ן	7932	AVqi3ms	27zG9
4	18	14		צִפֲּרֵ֥י	6853	ANcfpc	27DUx
4	18	15		שְׁמַיָּֽ/א	8065	ANcmpd/Td	27G26
4	19	1	x-ketiv	אנתה	607	APp2ms	27r7o
4	19	2		אַנְתְּ	607	APp2ms	27kDi
4	19	3		ה֣וּא	1932	APdxms	27VnV
4	19	4		מַלְכָּ֔/א	4430	ANcmsd/Td	27J24
4	19	5		דִּ֥י	1768	ATr	27s9A
4	19	6		רְבַ֖ית	7236	AVqp2ms	27vhV
4	19	7		וּ/תְקֵ֑פְתְּ	c/8631	AC/Vqp2ms	27kFL
4	19	8		וּ/רְבוּתָ֤/ךְ	c/7238	AC/Ncfsc/Sp2ms	27xfx
4	19	9		רְבָת֙	7236	AVqp3fs	27aHo
4	19	10		וּ/מְטָ֣ת	c/4291	AC/Vqp3fs	27pSV
4	19	11		לִ/שְׁמַיָּ֔/א	l/8065	AR/Ncmpd/Td	27LrK
4	19	12		וְ/שָׁלְטָנָ֖/ךְ	c/7985	AC/Ncmsc/Sp2ms	273sH
4	19	13		לְ/ס֥וֹף	l/5491	AR/Ncmsc	27vzR
4	19	14		אַרְעָֽ/א	772	ANcfsd/Td	27ZCZ
4	20	1		וְ/דִ֣י	c/1768	AC/Tr	27SJf
4	20	2		חֲזָ֣ה	2370	AVqp3ms	27wVm
4	20	3		מַלְכָּ֡/א	4430	ANcmsd/Td	27Qmg
4	20	4		עִ֣יר	5894	ANcmsa	27n9A
4	20	5		וְ/קַדִּ֣ישׁ	c/6922	AC/Aamsa	27dXa
4	20	6		נָחִ֣ת	5182	AVqrmsa	279Nr
4	20	7		מִן	4481	AR	27FSa
4	20	8		שְׁמַיָּ֡/א	8065	ANcmpd/Td	271UN
4	20	9		וְ/אָמַר֩	c/560	AC/Vqrmsa	27cin
4	20	10		גֹּ֨דּוּ	1414	AVqv2mp	27bE5
4	20	11		אִֽילָנָ֜/א	363	ANcmsd/Td	27qW4
4	20	12		וְ/חַבְּל֗וּ/הִי	c/2255	AC/Vpv2mp/Sp3ms	27S49
4	20	13		בְּרַ֨ם	1297	AC	27TSp
4	20	14		עִקַּ֤ר	6136	ANcmsc	27Vea
4	20	15		שָׁרְשׁ֨וֹ/הִי֙	8330	ANcmpc/Sp3ms	27Ca6
4	20	16		בְּ/אַרְעָ֣/א	b/772	AR/Ncfsd/Td	27tEM
4	20	17		שְׁבֻ֔קוּ	7662	AVqv2mp	27qkk
4	20	18		וּ/בֶ/אֱסוּר֙	c/b/613	AC/R/Ncmsa	27CTn
4	20	19		דִּֽי	1768	ATr	27EJ6
4	20	20		פַרְזֶ֣ל	6523	ANcmsa	27bDE
4	20	21		וּ/נְחָ֔שׁ	c/5174	AC/Ncmsa	27Q8d
4	20	22		בְּ/דִתְאָ֖/א	b/1883	AR/Ncmsd/Td	27vNa
4	20	23		דִּ֣י	1768	AT	273VZ
4	20	24		בָרָ֑/א	1251	ANcmsd/Td	27WTF
4	20	25		וּ/בְ/טַ֧ל	c/b/2920	AC/R/Ncmsc	27Cbt
4	20	26		שְׁמַיָּ֣/א	8065	ANcmpd/Td	27cnB
4	20	27		יִצְטַבַּ֗ע	6647	AVMi3ms	27dS2
4	20	28		וְ/עִם	c/5974	AC/R	27ckH
4	20	29		חֵיוַ֤ת	2423	ANcfsc	27rGf
4	20	30		בָּרָ/א֙	1251	ANcmsd/Td	27NLP
4	20	31		חֲלָקֵ֔/הּ	2508	ANcmsc/Sp3ms	27aVA
4	20	32		עַ֛ד	5705	AR	27FZ7
4	20	33		דִּֽי	1768	ATr	27ML5
4	20	34		שִׁבְעָ֥ה	7655	AAcbsa	27vua
4	20	35		עִדָּנִ֖ין	5732	AAcbsa	27v3n
4	20	36		יַחְלְפ֥וּן	2499	AVqi3mp	27zNk
4	20	37		עֲלֽוֹ/הִי	5922	AR/Sp3ms	27W9D
4	21	1		דְּנָ֥ה	1836	APdxms	27yYE
4	21	2		פִשְׁרָ֖/א	6591	ANcmsd/Td	27Aok
4	21	3		מַלְכָּ֑/א	4430	ANcmsd/Td	27uxn
4	21	4		וּ/גְזֵרַ֤ת	c/1510	AC/Ncfsc	277cw
4	21	5	x-ketiv	עלי/א	5943	AAamsd/Td	27JhN
4	21	6		עִלָּאָ/ה֙	5943	AAamsd/Td	272Xh
4	21	7		הִ֔יא	1932	APp3fs	27oMP
4	21	8		דִּ֥י	1768	ATr	27fMQ
4	21	9		מְטָ֖ת	4291	AVqp3fs	27ngx
4	21	10		עַל	5922	AR	279eB
4	21	11	x-ketiv	מרא/י	4756	ANcmsc/Sp1cs	27cbT
4	21	12		מָרִ֥/י	4756	ANcmsc/Sp1cs	27u2m
4	21	13		מַלְכָּֽ/א	4430	ANcmsc/Sp1cs	27mwg
4	22	1		וְ/לָ֣/ךְ	c/l	AC/To/Sp2ms	27YcV
4	22	2		טָֽרְדִ֣ין	2957	AVqrmpa	27Yny
4	22	3		מִן	4481	AR	27orY
4	22	4		אֲנָשָׁ֡/א	606	ANcmsd/Td	272jV
4	22	5		וְ/עִם	c/5974	AC/R	27w3o
4	22	6		חֵיוַ֣ת	2423	ANcfsc	27qch
4	22	7		בָּרָ/א֩	1251	ANcmsd/Td	27VmY
4	22	8		לֶהֱוֵ֨ה	1934	AVqi3ms	27uLw
4	22	9		מְדֹרָ֜/ךְ	4070 a	ANcmsc/Sp2ms	27eWY
4	22	10		וְ/עִשְׂבָּ֥/א	c/6211 b	AC/Ncmsd/Td	27BaQ
4	22	11		כְ/תוֹרִ֣ין	k/8450	AR/Ncmpa	2798x
4	22	12		לָ֣/ךְ	l	AR/Sp2ms	27jFf
4	22	13		יְטַֽעֲמ֗וּן	2939	AVpi3mp	27GR3
4	22	14		וּ/מִ/טַּ֤ל	c/m/2920	AC/R/Ncmsc	27qQN
4	22	15		שְׁמַיָּ/א֙	8065	ANcmpd/Td	27aee
4	22	16		לָ֣/ךְ	l	AR/To	27CqB
4	22	17		מְצַבְּעִ֔ין	6647	AVprmpa	27UWF
4	22	18		וְ/שִׁבְעָ֥ה	c/7655	AC/Acbsa	272Ha
4	22	19		עִדָּנִ֖ין	5732	ANcmpa	27EnP
4	22	20		יַחְלְפ֣וּן	2499	AVqi3mp	27nb6
4	22	21		עֲלָ֑/יךְ	5922	AR/Sp2ms	27YMF
4	22	22		עַ֣ד	5705	AR	27BAm
4	22	23		דִּֽי	1768	ATr	27xLv
4	22	24		תִנְדַּ֗ע	3046	AVqi2ms	27ENs
4	22	25		דִּֽי	1768	ATr	27f29
4	22	26		שַׁלִּ֤יט	7990	AAamsa	27nbb
4	22	27		עִלָּיָ/א֙	5943	AAamsd/Td	273zy
4	22	28		בְּ/מַלְכ֣וּת	b/4437	AR/Ncfsc	27UBC
4	22	29		אֲנָשָׁ֔/א	606	ANcmsd/Td	272Bp
4	22	30		וּ/לְ/מַן	c/l/4479	AC/R/Prxcs	27YVx
4	22	31		דִּ֥י	1768	APrxcs	272iX
4	22	32		יִצְבֵּ֖א	6634	AVqi3ms	27kav
4	22	33		יִתְּנִנַּֽ/הּ	5415	AVqi3ms/Sp3fs	27enN
4	23	1		וְ/דִ֣י	c/1768	AC/Tr	27vBq
4	23	2		אֲמַ֗רוּ	560	AVqp3mp	27xhr
4	23	3		לְ/מִשְׁבַּ֞ק	l/7662	AR/Vqc	2792H
4	23	4		עִקַּ֤ר	6136	ANcmsc	27xhx
4	23	5		שָׁרְשׁ֨וֹ/הִי֙	8330	ANcmpc/Sp3ms	27TLE
4	23	6		דִּ֣י	1768	ATr	276mu
4	23	7		אִֽילָנָ֔/א	363	ANcmsd/Td	27zyy
4	23	8		מַלְכוּתָ֖/ךְ	4437	ANcfsc/Sp2ms	27KhN
4	23	9		לָ֣/ךְ	l	AR/Sp2ms	27zbv
4	23	10		קַיָּמָ֑ה	7011	AAafsa	27nXx
4	23	11		מִן	4481	AR	27RhB
4	23	12		דִּ֣י	1768	AAafsa	27HmR
4	23	13		תִנְדַּ֔ע	3046	AVqi2ms	27XWV
4	23	14		דִּ֥י	1768	ATr	27jR8
4	23	15		שַׁלִּטִ֖ן	7990	AAampa	277jg
4	23	16		שְׁמַיָּֽ/א	8065	ANcmpd/Td	27m9m
4	24	1		לָהֵ֣ן	3861	AC	27aDj
4	24	2		מַלְכָּ֗/א	4430	ANcmsd/Td	27oib
4	24	3		מִלְכִּ/י֙	4431	ANcmsc/Sp1cs	27sBE
4	24	4		יִשְׁפַּ֣ר	8232	AVqi3ms	274BE
4	24	5	x-ketiv	עלי/ך	5922	AR/Sp2ms	27t8g
4	24	6		עֲלָ֔/ךְ	5922	AR/Sp2ms	27gsX
4	24	7	x-ketiv	ו/חטי/ך	c/2408	AC/Ncmsc/Sp2ms	27yBx
4	24	8		וַ/חֲטָאָ/ךְ֙	c/2408	AC/Ncmsc/Sp2ms	27vE1
4	24	9		בְּ/צִדְקָ֣ה	b/6665	AR/Ncfsa	27896
4	24	10		פְרֻ֔ק	6562	AVqv2ms	27Xy3
4	24	11		וַ/עֲוָיָתָ֖/ךְ	c/5758	AC/Ncfpc/Sp2ms	27TH8
4	24	12		בְּ/מִחַ֣ן	b/2604	AR/Vqc	275Ve
4	24	13		עֲנָ֑יִן	6033	ANcmpa	27t5T
4	24	14		הֵ֛ן	2006 b	AC	27ssX
4	24	15		תֶּהֱוֵ֥א	1934	AVqi3fs	277TK
4	24	16		אַרְכָ֖ה	754	ANcfsa	27wiu
4	24	17		לִ/שְׁלֵוְתָֽ/ךְ	l/7963	AR/Ncfsc/Sp2ms	27gBQ
4	25	1		כֹּ֣לָּ/א	3606	ANcmsd/Td	27gVx
4	25	2		מְּטָ֔א	4291	AVqp3ms	27Q1t
4	25	3		עַל	5922	AR	27pZm
4	25	4		נְבוּכַדְנֶצַּ֖ר	5020	ANp	27qGV
4	25	5		מַלְכָּֽ/א	4430	ANcmsd/Td	27TBs
4	26	1		לִ/קְצָ֥ת	l/7118	AR/Ncfsc	27sYk
4	26	2		יַרְחִ֖ין	3393	ANcmpa	27yZ9
4	26	3		תְּרֵֽי	8648	AAcmsc	27Ee6
4	26	4		עֲשַׂ֑ר	6236	AAcmsa	27LvK
4	26	5		עַל	5922	AR	27NsV
4	26	6		הֵיכַ֧ל	1965	ANcmsc	27spB
4	26	7		מַלְכוּתָ֛/א	4437	ANcfsd/Td	27QM1
4	26	8		דִּ֥י	1768	AT	27WMi
4	26	9		בָבֶ֖ל	895	ANp	27p5C
4	26	10		מְהַלֵּ֥ךְ	1981	AVprmsa	27pLh
4	26	11		הֲוָֽה	1934	AVqp3ms	275n2
4	27	1		עָנֵ֤ה	6032	AVqrmsa	27WG2
4	27	2		מַלְכָּ/א֙	4430	ANcmsd/Td	27ddN
4	27	3		וְ/אָמַ֔ר	c/560	AC/Vqrmsa	27oga
4	27	4		הֲ/לָ֥א	i/3809	ATi/Tn	27yLm
4	27	5		דָא	1668	APdxfs	27mAF
4	27	6		הִ֖יא	1932	APp3fs	2793w
4	27	7		בָּבֶ֣ל	895	ANp	27XGn
4	27	8		רַבְּתָ֑/א	7229	AAafsd/Td	27gnt
4	27	9		דִּֽי	1768	ATr	27Ycp
4	27	10		אֲנָ֤ה	576 b	APp1cs	27kGw
4	27	11		בֱנַיְתַ/הּ֙	1124	AVqp1cs/Sp3fs	278xG
4	27	12		לְ/בֵ֣ית	l/1005	AR/Ncmsc	27X9f
4	27	13		מַלְכ֔וּ	4437	ANcfsa	27gBY
4	27	14		בִּ/תְקַ֥ף	b/8632 a	AR/Ncmsc	27JSS
4	27	15		חִסְנִ֖/י	2632	ANcmsc/Sp1cs	27hzi
4	27	16		וְ/לִ/יקָ֥ר	c/l/3367	AC/R/Ncmsc	27xKZ
4	27	17		הַדְרִֽ/י	1923	ANcmsc/Sp1ms	27GD6
4	28	1		ע֗וֹד	5751	AD	27e1w
4	28	2		מִלְּתָ/א֙	4406	ANcfsd/Td	27fK1
4	28	3		בְּ/פֻ֣ם	b/6433	AR/Ncmsc	27UV1
4	28	4		מַלְכָּ֔/א	4430	ANcmsd/Td	27pJ8
4	28	5		קָ֖ל	7032	ANcmsa	27d2D
4	28	6		מִן	4481	AR	27pY9
4	28	7		שְׁמַיָּ֣/א	8065	ANcmpd/Td	27GAq
4	28	8		נְפַ֑ל	5308	AVqp3ms	27ViK
4	28	9		לָ֤/ךְ	l	AR/Sp2ms	27bs2
4	28	10		אָֽמְרִין֙	560	AVqrmpa	2765v
4	28	11		נְבוּכַדְנֶצַּ֣ר	5020	ANp	27ULQ
4	28	12		מַלְכָּ֔/א	4430	ANcmsd/Td	27B9j
4	28	13		מַלְכוּתָ֖/ה	4437	ANcfsd/Td	27bWi
4	28	14		עֲדָ֥ת	5709	AVqp3fs	27xoF
4	28	15		מִנָּֽ/ךְ	4481	AR/Sp2ms	27hCv
4	29	1		וּ/מִן	c/4481	AC/R	27Mci
4	29	2		אֲנָשָׁ/א֩	606	ANcmsd/Td	27f9n
4	29	3		לָ֨/ךְ	l	ATo/Sp2ms	274Rf
4	29	4		טָֽרְדִ֜ין	2957	AVqrmpa	27Qyd
4	29	5		וְֽ/עִם	c/5974	AC/R	27C76
4	29	6		חֵיוַ֧ת	2423	ANcfsc	27CYo
4	29	7		בָּרָ֣/א	1251	ANcmsd/Td	27Bra
4	29	8		מְדֹרָ֗/ךְ	4070 a	ANcmsc/Sp2ms	2759X
4	29	9		עִשְׂבָּ֤/א	6211 b	ANcmsd/Td	27j6b
4	29	10		כְ/תוֹרִין֙	k/8450	AR/Ncmpa	27KgL
4	29	11		לָ֣/ךְ	l	AR/Sp2ms	27BFU
4	29	12		יְטַעֲמ֔וּן	2939	AVpi3mp	27Js9
4	29	13		וְ/שִׁבְעָ֥ה	c/7655	AC/Acbsa	278Do
4	29	14		עִדָּנִ֖ין	5732	ANcmpa	27m6D
4	29	15		יַחְלְפ֣וּן	2499	AVqi3mp	27agh
4	29	16	x-ketiv	עלי/ך	5922	AR/Sp2ms	27xGb
4	29	17		עֲלָ֑/ךְ	5922	AR/Sp2ms	27Vmg
4	29	18		עַ֣ד	5705	AR	27GWL
4	29	19		דִּֽי	1768	ATr	27adp
4	29	20		תִנְדַּ֗ע	3046	AVqi2ms	27mEM
4	29	21		דִּֽי	1768	ATr	27t5b
4	29	22		שַׁלִּ֤יט	7990	AAamsa	27MmC
4	29	23		עִלָּיָ/א֙	5943	AAamsd/Td	27VtE
4	29	24		בְּ/מַלְכ֣וּת	b/4437	AR/Ncfsc	278yT
4	29	25		אֲנָשָׁ֔/א	606	ANcmsd/Td	27YE4
4	29	26		וּ/לְ/מַן	c/l/4479	AC/R/Prxcs	27gwY
4	29	27		דִּ֥י	1768	APrxcs	27um2
4	29	28		יִצְבֵּ֖א	6634	AVqi3ms	27WPk
4	29	29		יִתְּנִנַּֽ/הּ	5415	AVqi3ms/Sp3fs	27J9S
4	30	1		בַּ/הּ	b	AR/Sp3fs	27Uh6
4	30	2		שַׁעֲתָ֗/א	8160	ANcfsd/Td	27kWu
4	30	3		מִלְּתָ/א֮	4406	ANcfsd/Td	27r5S
4	30	4		סָ֣פַת	5487	AVqp3fs	27q8B
4	30	5		עַל	5922	AR	27HNg
4	30	6		נְבוּכַדְנֶצַּר֒	5020	ANp	27hZZ
4	30	7		וּ/מִן	c/4481	AC/R	27n3Z
4	30	8		אֲנָשָׁ֣/א	606	ANcmsd/Td	27nVk
4	30	9		טְרִ֔יד	2957	AVQp3ms	27cwR
4	30	10		וְ/עִשְׂבָּ֤/א	c/6211 b	AC/Ncmsd/Td	27JQf
4	30	11		כְ/תוֹרִין֙	k/8450	AR/Ncmpa	27aoK
4	30	12		יֵאכֻ֔ל	399	AVqi3ms	27HF8
4	30	13		וּ/מִ/טַּ֥ל	c/m/2920	AC/R/Ncmsc	27WMt
4	30	14		שְׁמַיָּ֖/א	8065	ANcmpd/Td	27tCm
4	30	15		גִּשְׁמֵ֣/הּ	1655	ANcmsc/Sp3ms	27ibj
4	30	16		יִצְטַבַּ֑ע	6647	AVMi3ms	27KiT
4	30	17		עַ֣ד	5705	AR	27ovU
4	30	18		דִּ֥י	1768	ATr	27H8i
4	30	19		שַׂעְרֵ֛/הּ	8177	ANcmsc/Sp3ms	27kBK
4	30	20		כְּ/נִשְׁרִ֥ין	k/5403	AR/Ncmpa	278p9
4	30	21		רְבָ֖ה	7236	AVqp3ms	27Vib
4	30	22		וְ/טִפְר֥וֹ/הִי	c/2953	AC/Ncfpc/Sp3ms	27FXw
4	30	23		כְ/צִפְּרִֽין	k/6853	AR/Ncfpa	27ZWD
4	31	1		וְ/לִ/קְצָ֣ת	c/l/7118	AC/R/Ncfsc	27roj
4	31	2		יֽוֹמַיָּ/ה֩	3118	ANcmpd/Td	27dta
4	31	3		אֲנָ֨ה	576 b	APp1cs	27vv9
4	31	4		נְבוּכַדְנֶצַּ֜ר	5020	ANp	27bPu
4	31	5		עַיְנַ֣/י	5870	ANcfsc/Sp1cs	27t52
4	31	6		לִ/שְׁמַיָּ֣/א	l/8065	AR/Ncmpd/Td	272qG
4	31	7		נִטְלֵ֗ת	5191	AVqp1cs	27naz
4	31	8		וּ/מַנְדְּעִ/י֙	c/4486	AC/Ncmsc/Sp1cs	27QW6
4	31	9		עֲלַ֣/י	5922	AR/Sp1cs	27vQm
4	31	10		יְת֔וּב	8421	AVqi3ms	27gSo
4	31	11	x-ketiv	ו/ל/עלי/א	c/l/5943	AC/To/Aamsd/Td	27ToF
4	31	12		וּ/לְ/עִלָּאָ/ה֙	c/l/5943	AC/To/Aamsd/Td	27R76
4	31	13		בָּרְכֵ֔ת	1289	AVpp1cs	275TM
4	31	14		וּ/לְ/חַ֥י	c/l/2417	AC/To/Aamsc	27cH4
4	31	15		עָלְמָ֖/א	5957	ANcmsd/Td	27ygk
4	31	16		שַׁבְּחֵ֣ת	7624	AVpp1cs	2772b
4	31	17		וְ/הַדְּרֵ֑ת	c/1922	AC/Vpp1cs	27Qs2
4	31	18		דִּ֤י	1768	AC	27X1j
4	31	19		שָׁלְטָנֵ/הּ֙	7985	ANcmsc/Sp3ms	27pMk
4	31	20		שָׁלְטָ֣ן	7985	ANcmsc	27E9Z
4	31	21		עָלַ֔ם	5957	ANcmsa	27DJR
4	31	22		וּ/מַלְכוּתֵ֖/הּ	c/4437	AC/Ncfsc/Sp3ms	27ov1
4	31	23		עִם	5974	AR	27wXN
4	31	24		דָּ֥ר	1859	ANcmsa	27Nnf
4	31	25		וְ/דָֽר	c/1859	AC/Ncmsa	27eJu
4	32	1		וְ/כָל	c/3606	AC/Ncmsc	27uoD
4	32	2	x-ketiv	דארי	1753	AVqrmpc	27vu4
4	32	3		דָּיְרֵ֤י	1753	AVqrmpc	27YQo
4	32	4		אַרְעָ/א֙	772	ANcfsd/Td	27f8m
4	32	5		כְּ/לָ֣ה	k/3809	AR/Tn	27BZr
4	32	6		חֲשִׁיבִ֔ין	2804	AVQsmpa	27k2R
4	32	7		וּֽ/כְ/מִצְבְּיֵ֗/הּ	c/k/6634	AC/R/Vqc/Sp3ms	27cC4
4	32	8		עָבֵד֙	5648	AVqrmsa	27f6y
4	32	9		בְּ/חֵ֣יל	b/2429	AR/Ncmsc	27Gy9
4	32	10		שְׁמַיָּ֔/א	8065	ANcmpd/Td	27etw
4	32	11	x-ketiv	ו/דארי	c/1753	AC/Vqrmpc	27GQd
4	32	12		וְ/דָיְרֵ֖י	c/1753	AC/Vqrmpc	27tAQ
4	32	13		אַרְעָ֑/א	772	ANcfsd/Td	27Yrt
4	32	14		וְ/לָ֤א	c/3809	AC/Tn	27SbN
4	32	15		אִיתַי֙	383	ATa	27B2y
4	32	16		דִּֽי	1768	ATr	27PYY
4	32	17		יְמַחֵ֣א	4223	AVpi3ms	27bZi
4	32	18		בִ/ידֵ֔/הּ	b/3028	AR/Ncfsc/Sp3ms	27fXs
4	32	19		וְ/יֵ֥אמַר	c/560	AC/Vqi3ms	27dHg
4	32	20		לֵ֖/הּ	l	AR/Sp3ms	27Cdu
4	32	21		מָ֥ה	4101	APixbs	27s9p
4	32	22		עֲבַֽדְתְּ	5648	AVqp2ms	27Bxx
4	33	1		בֵּ/הּ	b	AR/Sp3ms	27wPL
4	33	2		זִמְנָ֞/א	2166	ANcmsd/Td	27YXi
4	33	3		מַנְדְּעִ֣/י	4486	ANcmsc/Sp1cs	276gk
4	33	4		יְת֣וּב	8421	AVqi3ms	27YsR
4	33	5		עֲלַ֗/י	5922	AR/Sp1cs	27YJ7
4	33	6		וְ/לִ/יקַ֨ר	c/l/3367	AC/To/Ncmsc	27xNg
4	33	7		מַלְכוּתִ֜/י	4437	ANcfsc/Sp1cs	27SPi
4	33	8		הַדְרִ֤/י	1923	ANcmsc/Sp1cs	27dr4
4	33	9		וְ/זִוִ/י֙	c/2122	AC/Ncmsc/Sp1cs	27ynz
4	33	10		יְת֣וּב	8421	AVqi3ms	27oiU
4	33	11		עֲלַ֔/י	5922	AR/Sp1cs	27uRP
4	33	12		וְ/לִ֕/י	c/l	AC/R/Sp1cs	27bJx
4	33	13		הַדָּֽבְרַ֥/י	1907	ANcmpc/Sp1cs	27etm
4	33	14		וְ/רַבְרְבָנַ֖/י	c/7261	AC/Ncmsc/Sp1cs	274jW
4	33	15		יְבַע֑וֹן	1156	AVpi3mp	27M3G
4	33	16		וְ/עַל	c/5922	AC/R	27FQm
4	33	17		מַלְכוּתִ֣/י	4437	ANcfsc/Sp1cs	27DYw
4	33	18		הָתְקְנַ֔ת	8627	AVHp3fs	27oAy
4	33	19		וּ/רְב֥וּ	c/7238	AC/Ncfsa	273Rx
4	33	20		יַתִּירָ֖ה	3493	AAafsa	27rH2
4	33	21		ה֥וּסְפַת	3255	AVHp3fs	272rT
4	33	22		לִֽ/י	l	AR/Sp1cs	27jsw
4	34	1		כְּעַ֞ן	3705	AD	27VR2
4	34	2		אֲנָ֣ה	576 b	APp1cs	27MrQ
4	34	3		נְבוּכַדְנֶצַּ֗ר	5020	ANp	27Fu8
4	34	4		מְשַׁבַּ֨ח	7624	AVprmsa	27QCB
4	34	5		וּ/מְרוֹמֵ֤ם	c/7313	AC/Vormsa	27VcL
4	34	6		וּ/מְהַדַּר֙	c/1922	AC/Vprmsa	27YS7
4	34	7		לְ/מֶ֣לֶךְ	l/4430	AR/Ncmsc	27ST2
4	34	8		שְׁמַיָּ֔/א	8065	ANcmpd/Td	27FHd
4	34	9		דִּ֤י	1768	ATr	27WGC
4	34	10		כָל	3606	ANcmsc	278Jt
4	34	11		מַעֲבָד֨וֹ/הִי֙	4567	ANcmpc/Sp3ms	27s3S
4	34	12		קְשֹׁ֔ט	7187	ANcmsa	27QE7
4	34	13		וְ/אֹרְחָתֵ֖/הּ	c/735	AC/Ncfpc/Sp3ms	27JPF
4	34	14		דִּ֑ין	1780	ANcmsa	27t2f
4	34	15		וְ/דִי֙	c/1768	AC/Tr	27AAs
4	34	16		מַהְלְכִ֣ין	1981	AVarmpa	27yit
4	34	17		בְּ/גֵוָ֔ה	b/1467	AR/Ncfsa	27wBS
4	34	18		יָכִ֖ל	3202	AVqrmsa	272sV
4	34	19		לְ/הַשְׁפָּלָֽה	l/8214	AR/Vhc	27FwG
5	1	1		בֵּלְשַׁאצַּ֣ר	1113	ANp	27dCM
5	1	2		מַלְכָּ֗/א	4430	ANcmsd/Td	27H1T
5	1	3		עֲבַד֙	5648	AVqp3ms	27P6r
5	1	4		לְחֶ֣ם	3900	ANcmsa	27tD1
5	1	5		רַ֔ב	7229	AAamsa	276AA
5	1	6		לְ/רַבְרְבָנ֖וֹ/הִי	l/7261	AR/Ncmpc/Sp3ms	27RNc
5	1	7		אֲלַ֑ף	506	AAcmsa	27veg
5	1	8		וְ/לָ/קֳבֵ֥ל	c/l/6903	AC/R/R	277W8
5	1	9		אַלְפָּ֖/א	506	AAcmsd/Td	27zSa
5	1	10		חַמְרָ֥/א	2562	ANcmsd/Td	27BQz
5	1	11		שָׁתֵֽה	8355	AVqrmsa	27GKS
5	2	1		בֵּלְשַׁאצַּ֞ר	1113	ANp	27Mwc
5	2	2		אֲמַ֣ר	560	AVqp3ms	27kPm
5	2	3		בִּ/טְעֵ֣ם	b/2939	AR/Ncmsc	27Gtv
5	2	4		חַמְרָ֗/א	2562	ANcmsd/Td	27wvJ
5	2	5		לְ/הַיְתָיָה֙	l/858	AR/Vhc	27HWW
5	2	6		לְ/מָאנֵי֙	l/3984	ATo/Ncmpc	27fR1
5	2	7		דַּהֲבָ֣/א	1722	ANcmsd/Td	27Z4q
5	2	8		וְ/כַסְפָּ֔/א	c/3702	AC/Ncmsd/Td	27qyW
5	2	9		דִּ֤י	1768	ATr	271vK
5	2	10		הַנְפֵּק֙	5312	AVhp3ms	27vcs
5	2	11		נְבוּכַדְנֶצַּ֣ר	5020	ANp	27jVW
5	2	12		אֲב֔/וּהִי	2	ANcmsc/Sp3ms	27q6h
5	2	13		מִן	4481	AR	27TXT
5	2	14		הֵיכְלָ֖/א	1965	ANcmsd/Td	27i5i
5	2	15		דִּ֣י	1768	ATr	27n6o
5	2	16		בִ/ירוּשְׁלֶ֑ם	b/3390	AR/Np	27V2Z
5	2	17		וְ/יִשְׁתּ֣וֹן	c/8355	AC/Vqi3mp	27vB3
5	2	18		בְּ/ה֗וֹן	b	AR/Sp3mp	27h8U
5	2	19		מַלְכָּ/א֙	4430	ANcmsd/Td	27HP6
5	2	20		וְ/רַבְרְבָנ֔וֹ/הִי	c/7261	AC/Ncmpc/Sp3ms	27qeA
5	2	21		שֵׁגְלָתֵ֖/הּ	7695	ANcfpc/Sp3ms	273Hf
5	2	22		וּ/לְחֵנָתֵֽ/הּ	c/3904	AC/Ncfsc/Sp3ms	277G6
5	3	1		בֵּ/אדַ֗יִן	b/116	AR/D	272aw
5	3	2		הַיְתִיו֙	858	AVhp3mp	27G9q
5	3	3		מָאנֵ֣י	3984	ANcmpc	27TE9
5	3	4		דַהֲבָ֔/א	1722	ANcmsd/Td	275ne
5	3	5		דִּ֣י	1768	ATr	27Pq7
5	3	6		הַנְפִּ֗קוּ	5312	AVhp3mp	272XE
5	3	7		מִן	4481	AR	27k2P
5	3	8		הֵֽיכְלָ֛/א	1965	ANcmsd/Td	27bQB
5	3	9		דִּֽי	1768	ATr	27hLv
5	3	10		בֵ֥ית	1005	ANcmsc	27FwW
5	3	11		אֱלָהָ֖/א	426	ANcmsd/Td	27ZCU
5	3	12		דִּ֣י	1768	ATr	27f6s
5	3	13		בִ/ירֽוּשְׁלֶ֑ם	b/3390	AR/Np	2762L
5	3	14		וְ/אִשְׁתִּ֣יו	c/8355	AC/Vqp3mp	27apE
5	3	15		בְּ/ה֗וֹן	b	AR/Sp3mp	277uo
5	3	16		מַלְכָּ/א֙	4430	ANcmsd/Td	27io8
5	3	17		וְ/רַבְרְבָנ֔וֹ/הִי	c/7261	AC/Ncmpc/Sp3ms	27wub
5	3	18		שֵׁגְלָתֵ֖/הּ	7695	ANcfpc/Sp3ms	277qB
5	3	19		וּ/לְחֵנָתֵֽ/הּ	c/3904	AC/Ncfpc/Sp3ms	27BM6
5	4	1		אִשְׁתִּ֖יו	8355	AVqp3mp	279ci
5	4	2		חַמְרָ֑/א	2562	ANcmsd/Td	27wpi
5	4	3		וְ֠/שַׁבַּחוּ	c/7624	AC/Vpp3mp	27JEg
5	4	4		לֵֽ/אלָהֵ֞י	l/426	ATo/Ncmpc	27pMT
5	4	5		דַּהֲבָ֧/א	1722	ANcmsd/Td	27kMd
5	4	6		וְ/כַסְפָּ֛/א	c/3702	AC/Ncmsd/Td	27Bqk
5	4	7		נְחָשָׁ֥/א	5174	ANcmsd/Td	27hjj
5	4	8		פַרְזְלָ֖/א	6523	ANcmsd/Td	27QL7
5	4	9		אָעָ֥/א	636	ANcmsd/Td	27cRW
5	4	10		וְ/אַבְנָֽ/א	c/69	AC/Ncfsd/Td	27iWB
5	5	1		בַּ/הּ	b	AR/Sp3fs	27u7g
5	5	2		שַׁעֲתָ֗/ה	8160	ANcfsd/Td	27F46
5	5	3	x-ketiv	נפקו	5312	AVqp3mp	27AFT
5	5	4		נְפַ֨קָה֙	5312	AVqp3fp	27c3h
5	5	5		אֶצְבְּעָן֙	677	ANcfpa	27L9o
5	5	6		דִּ֣י	1768	AT	27JVQ
5	5	7		יַד	3028	ANcfsc	27xdb
5	5	8		אֱנָ֔שׁ	606	ANcmsa	27Moi
5	5	9		וְ/כָֽתְבָן֙	c/3790	AC/Vqrfpa	27eqW
5	5	10		לָ/קֳבֵ֣ל	l/6903	AR/R	27x8B
5	5	11		נֶבְרַשְׁתָּ֔/א	5043	ANcfsd/Td	27WgT
5	5	12		עַל	5922	AR	27e9Z
5	5	13		גִּירָ֕/א	1528	ANcmsd/Td	27fc3
5	5	14		דִּֽי	1768	AT	27Ucu
5	5	15		כְתַ֥ל	3797	ANcmsc	278Vy
5	5	16		הֵיכְלָ֖/א	1965	ANcmsd/Td	27rKw
5	5	17		דִּ֣י	1768	AT	27S1Z
5	5	18		מַלְכָּ֑/א	4430	ANcmsd/Td	27mBn
5	5	19		וּ/מַלְכָּ֣/א	c/4430	AC/Ncmsd/Td	27Ney
5	5	20		חָזֵ֔ה	2370	AVqrmsa	272Bq
5	5	21		פַּ֥ס	6447	ANcmsc	27nKy
5	5	22		יְדָ֖/ה	3028	ANcfsd/Td	27aC7
5	5	23		דִּ֥י	1768	ATr	27Sxm
5	5	24		כָתְבָֽה	3790	AVqrfsa	273Cx
5	6	1		אֱדַ֤יִן	116	AD	2753W
5	6	2		מַלְכָּ/א֙	4430	ANcmsd/Td	27nTK
5	6	3		זִיוֺ֣/הִי	2122	ANcmpc/Sp3ms	27sBD
5	6	4		שְׁנ֔וֹ/הִי	8133	AVqp3mp/Sp3ms	27ztw
5	6	5		וְ/רַעיֹנֹ֖/הִי	c/7476	AC/Ncmpc/Sp3ms	27jaw
5	6	6		יְבַהֲלוּנֵּ֑/הּ	927	AVpi3mp/Sp3ms	27zfC
5	6	7		וְ/קִטְרֵ֤י	c/7001	AC/Ncmpc	27y6N
5	6	8		חַרְצֵ/הּ֙	2783	ANcmsc/Sp3ms	27cUK
5	6	9		מִשְׁתָּרַ֔יִן	8271	AVMsmpa	27F7R
5	6	10		וְ/אַ֨רְכֻבָּתֵ֔/הּ	c/755	AC/Ncfpc/Sp3ms	27YQ7
5	6	11		דָּ֥א	1668	APdxfs	275UP
5	6	12		לְ/דָ֖א	l/1668	AR/Pdxfs	27cDe
5	6	13		נָֽקְשָֽׁן	5368	AVqrfpa	27BtX
5	7	1		קָרֵ֤א	7123	AVqrmsa	278bP
5	7	2		מַלְכָּ/א֙	4430	ANcmsd/Td	27rbM
5	7	3		בְּ/חַ֔יִל	b/2429	AR/Ncmsa	27gcX
5	7	4		לְ/הֶֽעָלָה֙	l/5954	AR/Vhc	27VzD
5	7	5		לְ/אָ֣שְׁפַיָּ֔/א	l/826	ATo/Ncmpd/Td	27Lnv
5	7	6	x-ketiv	כשדי/א	3779	ANgmpd/Td	27FN2
5	7	7		כַּשְׂדָּאֵ֖/י	3779	ANgmpc/Sp1cs	27kTA
5	7	8		וְ/גָזְרַיָּ֑/א	c/1505	AC/Vqrmpd/Td	27bQM
5	7	9		עָנֵ֨ה	6032	AVqrmsa	27rRy
5	7	10		מַלְכָּ֜/א	4430	ANcmsd/Td	27HcR
5	7	11		וְ/אָמַ֣ר	c/560	AC/Vqrmsa	279vS
5	7	12		לְ/חַכִּימֵ֣י	l/2445	AR/Ncmpc	27mbL
5	7	13		בָבֶ֗ל	895	ANp	274U9
5	7	14		דִּ֣י	1768	ATr	27Vvg
5	7	15		כָל	3606	ANcmsc	27oYz
5	7	16		אֱ֠נָשׁ	606	ANcmsa	27dD2
5	7	17		דִּֽי	1768	ATr	272t9
5	7	18		יִקְרֵ֞ה	7123	AVqi3ms	27fou
5	7	19		כְּתָבָ֣/ה	3792	ANcmsd/Td	27DL4
5	7	20		דְנָ֗ה	1836	APdxms	27vkx
5	7	21		וּ/פִשְׁרֵ/הּ֙	c/6591	AC/Ncmsc/Sp3ms	27SdW
5	7	22		יְחַוִּנַּ֔/נִי	2324	AVpi3ms/Sp1cs	279jg
5	7	23		אַרְגְּוָנָ֣/א	711	ANcmsd/Td	27mAC
5	7	24		יִלְבַּ֗שׁ	3848	AVqi3ms	27LKt
5	7	25	x-ketiv	ו/המונכ/א	c/2002	AC/Ncmsd/Td	27Q5x
5	7	26		וְ/הַֽמְנִיכָ֤/א	c/2002	AC/Ncmsd/Td	27TaA
5	7	27		דִֽי	1768	AT	274d7
5	7	28		דַהֲבָ/א֙	1722	ANcmsd/Td	27jMY
5	7	29		עַֽל	5922	AR	27eip
5	7	30		צַוְּארֵ֔/הּ	6676	ANcmsc/Sp3ms	27jhu
5	7	31		וְ/תַלְתִּ֥י	c/8523 a	AC/Aomsa	272fr
5	7	32		בְ/מַלְכוּתָ֖/א	b/4437	AR/Ncfsd/Td	275Aa
5	7	33		יִשְׁלַֽט	7981	AVqi3ms	27zuz
5	8	1		אֱדַ֨יִן֙	116	AD	27BTS
5	8	2	x-ketiv	עללין	5954	AVqrmpa	27Hdk
5	8	3		עָֽלִּ֔ין	5954	AVqrmpa	27tbG
5	8	4		כֹּ֖ל	3606	ANcmsc	278hT
5	8	5		חַכִּימֵ֣י	2445	ANcmpc	271EK
5	8	6		מַלְכָּ֑/א	4430	ANcmsd/Td	27UYd
5	8	7		וְ/לָֽא	c/3809	AC/Tn	27w2J
5	8	8		כָהֲלִ֤ין	3546	AVqrmpa	27UcZ
5	8	9		כְּתָבָ/א֙	3792	ANcmsd/Td	27SZA
5	8	10		לְ/מִקְרֵ֔א	l/7123	AR/Vqc	27WeX
5	8	11	x-ketiv	ו/פשר/א	c/6591	AC/Ncmsd/Td	27FoN
5	8	12		וּ/פִשְׁרֵ֖/הּ	c/6591	AC/Ncmsd/Sp3ms	27BK2
5	8	13		לְ/הוֹדָעָ֥ה	l/3046	AR/Vhc	27qoQ
5	8	14		לְ/מַלְכָּֽ/א	l/4430	AR/Ncmsd/Td	27DV4
5	9	1		אֱ֠דַיִן	116	AD	27iex
5	9	2		מַלְכָּ֤/א	4430	ANcmsd/Td	27LMe
5	9	3		בֵלְשַׁאצַּר֙	1113	ANp	27zuk
5	9	4		שַׂגִּ֣יא	7690	AAamsa	275hm
5	9	5		מִתְבָּהַ֔ל	927	AVMrmsa	27a8a
5	9	6		וְ/זִיוֺ֖/הִי	c/2122	AC/Ncmpc/Sp3ms	27Avd
5	9	7		שָׁנַ֣יִן	8133	AVqrmpa	276nG
5	9	8		עֲל֑וֹ/הִי	5922	AR/Sp3ms	27p6C
5	9	9		וְ/רַבְרְבָנ֖וֹ/הִי	c/7261	AC/Ncmpc/Sp3ms	27Dn5
5	9	10		מִֽשְׁתַּבְּשִֽׁין	7672	AVMrmpa	277mc
5	10	1		מַלְכְּתָ֕/א	4433	ANcfsd/Td	27icW
5	10	2		לָ/קֳבֵ֨ל	l/6903	AR/R	27WQu
5	10	3		מִלֵּ֤י	4406	ANcfpc	27rMa
5	10	4		מַלְכָּ/א֙	4430	ANcmsd/Td	27H5x
5	10	5		וְ/רַבְרְבָנ֔וֹ/הִי	c/7261	AC/Ncmpc/Sp3ms	27Lft
5	10	6		לְ/בֵ֥ית	l/1005	AR/Ncmsc	27bTD
5	10	7		מִשְׁתְּיָ֖/א	4961	ANcmsd/Td	27W19
5	10	8	x-ketiv	עללת	5954	AVqp3fs	27CUd
5	10	9		עַלַּ֑ת	5954	AVqp3fs	27dBb
5	10	10		עֲנָ֨ת	6032	AVqp3fs	27oQH
5	10	11		מַלְכְּתָ֜/א	4433	ANcfsd/Td	27FgV
5	10	12		וַ/אֲמֶ֗רֶת	c/560	AC/Vqp3fs	27sAH
5	10	13		מַלְכָּ/א֙	4430	ANcmsd/Td	27fPE
5	10	14		לְ/עָלְמִ֣ין	l/5957	AR/Ncmpa	27kFY
5	10	15		חֱיִ֔י	2418	AVqv2ms	27oVM
5	10	16		אַֽל	409	ATn	27DD6
5	10	17		יְבַהֲלוּ/ךְ֙	927	AVpi3mp/Sp2ms	27T6s
5	10	18		רַעְיוֹנָ֔/ךְ	7476	ANcmpc/Sp2ms	27UTG
5	10	19		וְ/זִיוָ֖י/ךְ	c/2122	AC/Ncmpc/Sp2ms	27TjC
5	10	20		אַל	409	ATn	27B7W
5	10	21		יִשְׁתַּנּֽוֹ	8133	AVMi3mp	27ggZ
5	11	1		אִיתַ֨י	383	ATa	27sDo
5	11	2		גְּבַ֜ר	1400	ANcmsa	27hQe
5	11	3		בְּ/מַלְכוּתָ֗/ךְ	b/4437	AR/Ncfsc/Sp2ms	27Fmq
5	11	4		דִּ֠י	1768	ATr	274ga
5	11	5		ר֣וּחַ	7308	ANcfsc	27qZF
5	11	6		אֱלָהִ֣ין	426	ANcmpa	27o7p
5	11	7		קַדִּישִׁין֮	6922	AAampa	27BQB
5	11	8		בֵּ/הּ֒	b	AR/Sp3ms	27dbJ
5	11	9		וּ/בְ/יוֹמֵ֣י	c/b/3118	AC/R/Ncmpc	275tL
5	11	10		אֲב֗/וּךְ	2	ANcmsc/Sp2ms	27Pj9
5	11	11		נַהִיר֧וּ	5094 b	ANcfsa	27YJJ
5	11	12		וְ/שָׂכְלְתָנ֛וּ	c/7924	AC/Ncfsa	273Kp
5	11	13		וְ/חָכְמָ֥ה	c/2452	AC/Ncfsa	27YWx
5	11	14		כְּ/חָכְמַת	k/2452	AR/Ncfsc	27d4u
5	11	15		אֱלָהִ֖ין	426	ANcmpa	276vh
5	11	16		הִשְׁתְּכַ֣חַת	7912	AVup3fs	27rLV
5	11	17		בֵּ֑/הּ	b	AR/Sp3ms	27PfL
5	11	18		וּ/מַלְכָּ֤/א	c/4430	AC/Ncmsd/Td	27YQQ
5	11	19		נְבֻֽכַדְנֶצַּר֙	5020	ANp	27Dr2
5	11	20		אֲב֔/וּךְ	2	ANcmsc/Sp2ms	27AAN
5	11	21		רַ֧ב	7229	AAamsc	27FAQ
5	11	22		חַרְטֻמִּ֣ין	2749	ANcmpa	27bz3
5	11	23		אָֽשְׁפִ֗ין	826	ANcmpa	27VeC
5	11	24		כַּשְׂדָּאִין֙	3779	ANgmpa	27gEf
5	11	25		גָּזְרִ֔ין	1505	AVqrmpa	271Vr
5	11	26		הֲקִימֵ֖/הּ	6966	AVhp3ms/Sp3ms	27gUg
5	11	27		אֲב֥/וּךְ	2	ANcmsc/Sp2ms	27xr5
5	11	28		מַלְכָּֽ/א	4430	ANcmsd/Td	27G11
5	12	1		כָּ/ל	k/3606	AC/C	27D9v
5	12	2		קֳבֵ֡ל	6903	AC	27ZoM
5	12	3		דִּ֣י	1768	AC	27bCV
5	12	4		ר֣וּחַ	7308	ANcfsa	27fVR
5	12	5		יַתִּירָ֡ה	3493	AAafsa	27aDa
5	12	6		וּ/מַנְדַּ֡ע	c/4486	AC/Ncmsa	27ZXK
5	12	7		וְ/שָׂכְלְתָנ֡וּ	c/7924	AC/Ncfsa	27frz
5	12	8		מְפַשַּׁ֣ר	6590	AVprmsc	27EPL
5	12	9		חֶלְמִין֩	2493	ANcmpa	27zXD
5	12	10		וַֽ/אַֽחֲוָיַ֨ת	c/263	AC/Vhc	274tD
5	12	11		אֲחִידָ֜ן	280	ANcmpa	2764m
5	12	12		וּ/מְשָׁרֵ֣א	c/8271	AC/Vprmpc	27juf
5	12	13		קִטְרִ֗ין	7001	ANcmpa	271Wx
5	12	14		הִשְׁתְּכַ֤חַת	7912	AVup3fs	27FjT
5	12	15		בֵּ/הּ֙	b	AR/Sp3ms	27fFL
5	12	16		בְּ/דָ֣נִיֵּ֔אל	b/1841	AR/Np	27iyy
5	12	17		דִּֽי	1768	ATr	27fXN
5	12	18		מַלְכָּ֥/א	4430	ANcmsd/Td	27L79
5	12	19		שָׂם	7761	AVqp3ms	272g9
5	12	20		שְׁמֵ֖/הּ	8036	ANcmsc/Sp3ms	27PUa
5	12	21		בֵּלְטְשַׁאצַּ֑ר	1096	ANp	27r3q
5	12	22		כְּעַ֛ן	3705	AD	27i7e
5	12	23		דָּנִיֵּ֥אל	1841	ANp	27Mem
5	12	24		יִתְקְרֵ֖י	7123	AVui3ms	27wNK
5	12	25		וּ/פִשְׁרָ֥/ה	c/6591	AC/Ncmsd/Td	27bwY
5	12	26		יְהַֽחֲוֵֽה	2324	AVhi3ms	275e6
5	13	1		בֵּ/אדַ֨יִן֙	b/116	AR/D	27yr6
5	13	2		דָּֽנִיֵּ֔אל	1841	ANp	27ckn
5	13	3		הֻעַ֖ל	5954	AVHp3ms	27vA4
5	13	4		קֳדָ֣ם	6925	AR	27KEn
5	13	5		מַלְכָּ֑/א	4430	ANcmsd/Td	27cPC
5	13	6		עָנֵ֨ה	6032	AVqrmsa	27Eoc
5	13	7		מַלְכָּ֜/א	4430	ANcmsd/Td	27Pdv
5	13	8		וְ/אָמַ֣ר	c/560	AC/Vqrmsa	27S7t
5	13	9		לְ/דָנִיֵּ֗אל	l/1841	AR/Np	278F2
5	13	10	x-ketiv	אנתה	607	APp2ms	27T2K
5	13	11		אַנְתְּ	607	APp2ms	27ouG
5	13	12		ה֤וּא	1932	ATa	27xxG
5	13	13		דָנִיֵּאל֙	1841	ANp	27vin
5	13	14		דִּֽי	1768	ATr	27KSD
5	13	15		מִן	4481	AR	27Eiv
5	13	16		בְּנֵ֤י	1123	ANcmpc	27xpK
5	13	17		גָלוּתָ/א֙	1547	ANcfsd/Td	27Nix
5	13	18		דִּ֣י	1768	ATr	27q1J
5	13	19		יְה֔וּד	3061	ANp	27Vg9
5	13	20		דִּ֥י	1768	ATr	27642
5	13	21		הַיְתִ֛י	858	AVhp3ms	27sWs
5	13	22		מַלְכָּ֥/א	4430	ANcmsd/Td	27mUy
5	13	23		אַ֖בִ/י	2	ANcmsc/Sp1cs	27v3c
5	13	24		מִן	4481	AR	27m6p
5	13	25		יְהֽוּד	3061	ANp	27BZu
5	14	1		וְ/שִׁמְעֵ֣ת	c/8086	AC/Vqp1cs	27bwe
5	14	2	x-ketiv	עלי/ך	5922	AR/Sp2ms	27AWj
5	14	3		עֲלָ֔/ךְ	5922	AR/Sp2ms	27z96
5	14	4		דִּ֛י	1768	AC	27ufK
5	14	5		ר֥וּחַ	7308	ANcfsc	273CT
5	14	6		אֱלָהִ֖ין	426	ANcmpa	27Uhd
5	14	7		בָּ֑/ךְ	b	AR/Sp2ms	271i2
5	14	8		וְ/נַהִיר֧וּ	c/5094 b	AC/Ncfsa	27Lzv
5	14	9		וְ/שָׂכְלְתָנ֛וּ	c/7924	AC/Ncfsa	27Lun
5	14	10		וְ/חָכְמָ֥ה	c/2452	AC/Ncfsa	27PbF
5	14	11		יַתִּירָ֖ה	3493	AAafsa	27suR
5	14	12		הִשְׁתְּכַ֥חַת	7912	AVup3fs	27LXw
5	14	13		בָּֽ/ךְ	b	AR/Sp2ms	27una
5	15	1		וּ/כְעַ֞ן	c/3705	AC/D	27em6
5	15	2		הֻעַ֣לּוּ	5954	AVHp3mp	27157
5	15	3		קָֽדָמַ֗/י	6925	AR/Sp1cs	27quT
5	15	4		חַכִּֽימַיָּ/א֙	2445	ANcmpd/Td	276Vo
5	15	5		אָֽשְׁפַיָּ֔/א	826	ANcmpd/Td	27E91
5	15	6		דִּֽי	1768	AC	273Cf
5	15	7		כְתָבָ֤/ה	3792	ANcmsd/Td	27bsi
5	15	8		דְנָה֙	1836	APdxms	27MWq
5	15	9		יִקְר֔וֹן	7123	AVqi3mp	2734f
5	15	10		וּ/פִשְׁרֵ֖/הּ	c/6591	AC/Ncmsc/Sp3ms	27aVY
5	15	11		לְ/הוֹדָעֻתַ֑/נִי	l/3046	AR/Vhc/Sp1cs	27hNg
5	15	12		וְ/לָֽא	c/3809	AC/Tn	27G8o
5	15	13		כָהֲלִ֥ין	3546	AVqrmpa	273Gd
5	15	14		פְּשַֽׁר	6591	ANcmsc	27iWk
5	15	15		מִלְּתָ֖/א	4406	ANcfsd/Td	27mCg
5	15	16		לְ/הַחֲוָיָֽה	l/2324	AR/Vhc	27tq2
5	16	1		וַ/אֲנָה֙	c/576 b	AC/Pp1cs	27V3N
5	16	2		שִׁמְעֵ֣ת	8086	AVqp1cs	27hKH
5	16	3	x-ketiv	עלי/ך	5922	AR/Sp2ms	27NHj
5	16	4		עֲלָ֔/ךְ	5922	AR/Sp2ms	27Pym
5	16	5		דִּֽי	1768	ATr	27D5E
5	16	6	x-ketiv	תוכל	3202	AVqi2ms	27rsU
5	16	7		תִיכּ֥וּל	3202	AVqi2ms	27nrb
5	16	8		פִּשְׁרִ֛ין	6591	ANcmpa	27hgT
5	16	9		לְ/מִפְשַׁ֖ר	l/6590	AR/Vqc	27ycN
5	16	10		וְ/קִטְרִ֣ין	c/7001	AC/Ncmpa	278Zr
5	16	11		לְ/מִשְׁרֵ֑א	l/8271	AR/Vqc	27Lrg
5	16	12		כְּעַ֡ן	3705	AD	271L6
5	16	13		הֵן֩	2006 a	AC	27159
5	16	14	x-ketiv	תוכל	3202	AVqi2ms	27yeC
5	16	15		תִּכ֨וּל	3202	AVqi2ms	27Wj8
5	16	16		כְּתָבָ֜/א	3792	ANcmsd/Td	27reX
5	16	17		לְ/מִקְרֵ֗א	l/7123	AR/Vqc	27Lng
5	16	18		וּ/פִשְׁרֵ/הּ֙	c/6591	AC/Ncmsc/Sp3ms	27CzS
5	16	19		לְ/הוֹדָ֣עֻתַ֔/נִי	l/3046	AR/Vhc/Sp1cs	27RCv
5	16	20		אַרְגְּוָנָ֣/א	711	ANcmsd/Td	27x1h
5	16	21		תִלְבַּ֗שׁ	3848	AVqi2ms	27YBK
5	16	22	x-ketiv	ו/המונכ/א	c/2002	AC/Ncmsd/Td	27GL3
5	16	23		וְ/הַֽמְנִיכָ֤/א	c/2002	AC/Ncmsd/Td	27r2t
5	16	24		דִֽי	1768	ATr	27rWe
5	16	25		דַהֲבָ/א֙	1722	ANcmsd/Td	27zto
5	16	26		עַֽל	5922	AR	27pCR
5	16	27		צַוְּארָ֔/ךְ	6676	ANcmsc/Sp2ms	277YV
5	16	28		וְ/תַלְתָּ֥א	c/8531	AC/Aobsa	27K4a
5	16	29		בְ/מַלְכוּתָ֖/א	b/4437	AR/Ncfsd/Td	27N17
5	16	30		תִּשְׁלַֽט	7981	AVqi2ms	273Nb
5	17	1		בֵּ/אדַ֜יִן	b/116	AR/D	27AES
5	17	2		עָנֵ֣ה	6032	AVqrmsa	27hh3
5	17	3		דָנִיֵּ֗אל	1841	ANp	278xp
5	17	4		וְ/אָמַר֙	c/560	AC/Vqrmsa	27wfD
5	17	5		קֳדָ֣ם	6925	AR	27Lka
5	17	6		מַלְכָּ֔/א	4430	ANcmsd/Td	27irT
5	17	7		מַתְּנָתָ/ךְ֙	4978	ANcfpc/Sp2ms	2722j
5	17	8		לָ֣/ךְ	l	AR/Sp2ms	272eE
5	17	9		לֶֽהֶוְיָ֔ן	1934	AVqi3fp	27sGR
5	17	10		וּ/נְבָ֥זְבְּיָתָ֖/ךְ	c/5023	AC/Ncfpc/Sp2ms	27FKm
5	17	11		לְ/אָחֳרָ֣ן	l/321	AR/Aamsa	27eb4
5	17	12		הַ֑ב	3052	AVqv2ms	27fqb
5	17	13		בְּרַ֗ם	1297	AD	27DUs
5	17	14		כְּתָבָ/א֙	3792	ANcmsd/Td	27NwS
5	17	15		אֶקְרֵ֣א	7123	AVqi1cs	27SdY
5	17	16		לְ/מַלְכָּ֔/א	l/4430	AR/Ncmsd/Td	271bU
5	17	17		וּ/פִשְׁרָ֖/א	c/6591	AC/Ncmsd/Td	27jno
5	17	18		אֲהוֹדְעִנֵּֽ/הּ	3046	AVhi1cs/Sp3ms	27E7d
5	18	1	x-ketiv	אנתה	607	APp2ms	27z2B
5	18	2		אַ֖נְתְּ	607	APp2ms	27WGp
5	18	3		מַלְכָּ֑/א	4430	ANcmsd/Td	27CRu
5	18	4		אֱלָהָ/א֙	426	ANcmsd/Td	27fwL
5	18	5	x-ketiv	עלי/א	5943	AAamsd/Td	27FAr
5	18	6		עִלָּאָ֔/ה	5943	AAamsd/Td	27TtK
5	18	7		מַלְכוּתָ֤/א	4437	ANcfsd/Td	27Bqs
5	18	8		וּ/רְבוּתָ/א֙	c/7238	AC/Ncfsd/Td	27UA1
5	18	9		וִ/יקָרָ֣/א	c/3367	AC/Ncmsd/Td	27gLR
5	18	10		וְ/הַדְרָ֔/ה	c/1923	AC/Ncmsd/Td	27T3A
5	18	11		יְהַ֖ב	3052	AVqi3ms	27tvs
5	18	12		לִ/נְבֻכַדְנֶצַּ֥ר	l/5020	AR/Np	27gbJ
5	18	13		אֲבֽ/וּךְ	2	ANcmsc/Sp2ms	27pr6
5	19	1		וּ/מִן	c/4481	AC/R	27T9M
5	19	2		רְבוּתָ/א֙	7238	ANcfsd/Td	27P1q
5	19	3		דִּ֣י	1768	ATr	27LYS
5	19	4		יְהַב	3052	AVqp3ms	27SKN
5	19	5		לֵ֔/הּ	l	AR/Sp3ms	27BbD
5	19	6		כֹּ֣ל	3606	ANcmsc	27VEJ
5	19	7		עַֽמְמַיָּ֗/א	5972	ANcmpd/Td	27yhg
5	19	8		אֻמַיָּ/א֙	524	ANcfpd/Td	27T7C
5	19	9		וְ/לִשָּׁ֣נַיָּ֔/א	c/3961	AC/Ncmpd/Td	27smW
5	19	10		הֲו֛וֹ	1934	AVqp3mp	27DB1
5	19	11	x-ketiv	זאעין	2112	AVqrmpa	27Uz3
5	19	12		זָיְעִ֥ין	2112	AVqrmsa	277xd
5	19	13		וְ/דָחֲלִ֖ין	c/1763	AC/Vqrmpa	27We7
5	19	14		מִן	4481	AR	27ab8
5	19	15		קֳדָמ֑וֹ/הִי	6925	AR/Sp3ms	27umg
5	19	16		דִּֽי	1768	ATr	27DQn
5	19	17		הֲוָ֨ה	1934	AVqp3ms	27Pv1
5	19	18		צָבֵ֜א	6634	AVqrmsa	27qti
5	19	19		הֲוָ֣א	1934	AVqp3ms	27y7b
5	19	20		קָטֵ֗ל	6992	AVqrmsa	27mPV
5	19	21		וְ/דִֽי	c/1768	AC/Tr	27X7Q
5	19	22		הֲוָ֤ה	1934	AVqp3ms	27Ls7
5	19	23		צָבֵא֙	6634	AVqrmsa	27pbK
5	19	24		הֲוָ֣ה	1934	AVqp3ms	27bd9
5	19	25		מַחֵ֔א	2418	AVqrmsa	2766B
5	19	26		וְ/דִֽי	c/1768	AC/Tr	27UxB
5	19	27		הֲוָ֤ה	1934	AVqp3ms	27EQ6
5	19	28		צָבֵא֙	6634	AVqrmsa	27Hsg
5	19	29		הֲוָ֣ה	1934	AVqp3ms	27CV5
5	19	30		מָרִ֔ים	7313	AVarmsa	27KuH
5	19	31		וְ/דִֽי	c/1768	AC/Tr	27174
5	19	32		הֲוָ֥ה	1934	AVqp3ms	27Nyn
5	19	33		צָבֵ֖א	6634	AVqrmsa	27L6v
5	19	34		הֲוָ֥ה	1934	AVqp3ms	27mn4
5	19	35		מַשְׁפִּֽיל	8214	AVarmsa	27Sga
5	20	1		וּ/כְ/דִי֙	c/k/1768	AC/C/C	27zPm
5	20	2		רִ֣ם	7313	AVqp3ms	27dP1
5	20	3		לִבְבֵ֔/הּ	3825	ANcmsc/Sp3ms	27G4w
5	20	4		וְ/רוּחֵ֖/הּ	c/7308	AC/Ncfsc/Sp3ms	27bsJ
5	20	5		תִּֽקְפַ֣ת	8631	AVqi3fs	27WFx
5	20	6		לַ/הֲזָדָ֑ה	l/2103	AR/Vhc	27fnp
5	20	7		הָנְחַת֙	5182	AVHp3ms	2731T
5	20	8		מִן	4481	AR	27CPt
5	20	9		כָּרְסֵ֣א	3764	ANcmsc	27beX
5	20	10		מַלְכוּתֵ֔/הּ	4437	ANcfsc/Sp3ms	27RAc
5	20	11		וִֽ/יקָרָ֖/ה	c/3367	AC/Ncmsd/Td	271AV
5	20	12		הֶעְדִּ֥יוּ	5709	AVhp3mp	274TA
5	20	13		מִנֵּֽ/הּ	4481	AR/Sp3ms	27Dxr
5	21	1		וּ/מִן	c/4481	AC/R	27Xre
5	21	2		בְּנֵי֩	1123	ANcmpc	279xv
5	21	3		אֲנָשָׁ֨/א	606	ANcmsd/Td	27wci
5	21	4		טְרִ֜יד	2957	AVQp3ms	27MpA
5	21	5		וְ/לִבְבֵ֣/הּ	c/3825	AC/Ncmsc/Sp3ms	27Una
5	21	6		עִם	5974	AR	27jgC
5	21	7		חֵיוְתָ֣/א	2423	ANcfsd/Td	27EC9
5	21	8	x-ketiv	שוי	7739 a	AVQp3mp	27Ati
5	21	9		שַׁוִּ֗יְו	7739 a	AVQp3mp	27BDF
5	21	10		וְ/עִם	c/5974	AC/R	27cw6
5	21	11		עֲרָֽדַיָּ/א֙	6167	ANcmpd/Td	27xcg
5	21	12		מְדוֹרֵ֔/הּ	4070 a	ANcmsc/Sp3ms	273hZ
5	21	13		עִשְׂבָּ֤/א	6211 b	ANcmsd/Td	27Gh2
5	21	14		כְ/תוֹרִין֙	k/8450	AR/Ncmpa	27tTX
5	21	15		יְטַ֣עֲמוּנֵּ֔/הּ	2939	AVpi3mp/Sp3ms	27Khz
5	21	16		וּ/מִ/טַּ֥ל	c/m/2920	AC/R/Ncmsc	27A9P
5	21	17		שְׁמַיָּ֖/א	8065	ANcmpd/Td	27kHE
5	21	18		גִּשְׁמֵ֣/הּ	1655	ANcmsc/Sp3ms	273yK
5	21	19		יִצְטַבַּ֑ע	6647	AVMi3ms	278ib
5	21	20		עַ֣ד	5705	AR	27cZW
5	21	21		דִּֽי	1768	ATr	27qur
5	21	22		יְדַ֗ע	3046	AVqp3ms	27kHk
5	21	23		דִּֽי	1768	ATr	276Dh
5	21	24		שַׁלִּ֞יט	7990	AAamsa	27oAs
5	21	25		אֱלָהָ֤/א	426	ANcmsd/Td	279eG
5	21	26	x-ketiv	עלי/א	5943	AAamsd/Td	27PZV
5	21	27		עִלָּאָ/ה֙	5943	AAamsd/Td	27GDR
5	21	28		בְּ/מַלְכ֣וּת	b/4437	AR/Ncfsc	2783x
5	21	29		אֲנָשָׁ֔/א	606	ANcmsd/Td	27JGH
5	21	30		וּ/לְ/מַן	c/l/4479	AC/R/Pf3cs	27XV5
5	21	31		דִּ֥י	1768	APf3cs	279Xx
5	21	32		יִצְבֵּ֖ה	6634	AVqi3ms	27hrb
5	21	33		יְהָקֵ֥ים	6966	AVhi3ms	271hG
5	21	34	x-ketiv	עלי/ה	5922	AR/Sp3cs	27qmG
5	21	35		עֲלַֽ/הּ	5922	AR/Sp3cs	27VX8
5	22	1	x-ketiv	ו/אנתה	c/607	AC/Pp2ms	279yf
5	22	2		וְ/אַ֤נְתְּ	c/607	AC/Pp2ms	274wk
5	22	3		בְּרֵ/הּ֙	1247	ANcmsc/Sp3ms	27wip
5	22	4		בֵּלְשַׁאצַּ֔ר	1113	ANp	27cyY
5	22	5		לָ֥א	3809	ATn	27vHx
5	22	6		הַשְׁפֵּ֖לְתְּ	8214	AVhp2ms	27FX1
5	22	7		לִבְבָ֑/ךְ	3825	ANcmsc/Sp2ms	27eb2
5	22	8		כָּ/ל	k/3606	AC/C	27c6H
5	22	9		קֳבֵ֕ל	6903	AC	27aZW
5	22	10		דִּ֥י	1768	AC	275aX
5	22	11		כָל	3606	ANcmsc	27U87
5	22	12		דְּנָ֖ה	1836	APdxms	27NqP
5	22	13		יְדַֽעְתָּ	3046	AVqp2ms	27mnj
5	23	1		וְ/עַ֣ל	c/5922	AC/R	273KS
5	23	2		מָרֵֽא	4756	ANcmsc	27MZD
5	23	3		שְׁמַיָּ֣/א	8065	ANcmpd/Td	278qW
5	23	4		הִתְרוֹמַ֡מְתָּ	7313	AVrp2ms	27FvR
5	23	5		וּ/לְ/מָֽאנַיָּ֨/א	c/l/3984	AC/To/Ncmpd/Td	27G9D
5	23	6		דִֽי	1768	ATr	27VL7
5	23	7		בַיְתֵ֜/הּ	1005	ANcmsc/Sp3ms	276Zy
5	23	8		הַיְתִ֣יו	858	AVhp3mp	27S9D
5	23	9	x-ketiv	קדמי/ך	6925	AR/Sp2ms	27PJd
5	23	10		קָֽדָמָ֗/ךְ	6925	AR/Sp2ms	27nWN
5	23	11	x-ketiv	ו/אנתה	c/607	AC/Pp2ms	27Jus
5	23	12		וְ/אַ֨נְתְּ	c/607	AC/Pp2ms	27WyJ
5	23	13	x-ketiv	ו/רברבני/ך	c/7261	AC/Ncmpc/Sp2ms	27AS9
5	23	14		וְ/רַבְרְבָנָ֜/ךְ	c/7261	AC/Ncmsc/Sp2ms	27Kp3
5	23	15		שֵֽׁגְלָתָ֣/ךְ	7695	ANcfpc/Sp2ms	279db
5	23	16		וּ/לְחֵנָתָ/ךְ֮	c/3904	AC/Ncfpc/Sp2ms	27o7X
5	23	17		חַמְרָ/א֮	2562	ANcmsd/Td	27WoY
5	23	18		שָׁתַ֣יִן	8355	AVqrmpa	271bu
5	23	19		בְּ/הוֹן֒	b	AR/Sp3mp	27cWZ
5	23	20		וְ/לֵֽ/אלָהֵ֣י	c/l/426	AC/R/Ncmpc	27c5u
5	23	21		כַסְפָּֽ/א	3702	ANcmsd/Td	27LeR
5	23	22		וְ֠/דַהֲבָ/א	c/1722	AC/Ncmsd/Td	27vkF
5	23	23		נְחָשָׁ֨/א	5174	ANcmsd/Td	27skP
5	23	24		פַרְזְלָ֜/א	6523	ANcmsd/Td	27MnR
5	23	25		אָעָ֣/א	636	ANcmsd/Td	276Ze
5	23	26		וְ/אַבְנָ֗/א	c/69	AC/Ncfsd/Td	27oeq
5	23	27		דִּ֠י	1768	ATr	27XJ4
5	23	28		לָֽא	3809	ATn	27VLE
5	23	29		חָזַ֧יִן	2370	AVqrmpa	27RRT
5	23	30		וְ/לָא	c/3809	AC/Tn	271WQ
5	23	31		שָׁמְעִ֛ין	8086	AVqrmpa	27GpM
5	23	32		וְ/לָ֥א	c/3809	AC/Tn	27sbU
5	23	33		יָדְעִ֖ין	3046	AVqrmpa	27WbS
5	23	34		שַׁבַּ֑חְתָּ	7624	AVpp2ms	27JSM
5	23	35		וְ/לֵֽ/אלָהָ֞/א	c/l/426	AC/R/Ncmsd/Td	27LLT
5	23	36		דִּֽי	1768	ATr	279QD
5	23	37		נִשְׁמְתָ֥/ךְ	5396	ANcfsc/Sp2ms	27Wuu
5	23	38		בִּ/ידֵ֛/הּ	b/3028	AR/Ncfsc/Sp3ms	27Pyy
5	23	39		וְ/כָל	c/3606	AC/Ncmsc	27pqj
5	23	40		אֹרְחָתָ֥/ךְ	735	ANcfpc/Sp2ms	272yD
5	23	41		לֵ֖/הּ	l	AR/Sp3ms	27ydy
5	23	42		לָ֥א	3809	ATn	27Au7
5	23	43		הַדַּֽרְתָּ	1922	AVpp2ms	27GwZ
5	24	1		בֵּ/אדַ֨יִן֙	b/116	AR/D	27dXD
5	24	2		מִן	4481	AR	273Wn
5	24	3		קֳדָמ֔וֹ/הִי	6925	AR/Sp3ms	276dK
5	24	4		שְׁלִ֖יַחַ	7972	AVQp3ms	27sKp
5	24	5		פַּסָּ֣/א	6447	ANcmsd/Td	27icY
5	24	6		דִֽי	1768	ATr	27bVT
5	24	7		יְדָ֑/א	3028	ANcfsd/Td	27Vdb
5	24	8		וּ/כְתָבָ֥/א	c/3792	AC/Ncmsd/Td	27GEn
5	24	9		דְנָ֖ה	1836	APdxms	27JcF
5	24	10		רְשִֽׁים	7560	AVQp3ms	27GWd
5	25	1		וּ/דְנָ֥ה	c/1836	AC/Pdxms	27S7b
5	25	2		כְתָבָ֖/א	3792	ANcmsd/Td	27FMA
5	25	3		דִּ֣י	1768	ATr	277jb
5	25	4		רְשִׁ֑ים	7560	AVQp3ms	27acY
5	25	5		מְנֵ֥א	4484	ANxxxa	27kuq
5	25	6		מְנֵ֖א	4484	ANxxxa	2776D
5	25	7		תְּקֵ֥ל	8625 b	ANxxxa	27sYV
5	25	8		וּ/פַרְסִֽין	c/6537 b	AC/Nxxxa	27fgo
5	26	1		דְּנָ֖ה	1836	APdxms	27C3i
5	26	2		פְּשַֽׁר	6591	ANcmsc	27K31
5	26	3		מִלְּתָ֑/א	4406	ANcfsd/Td	27Mxg
5	26	4		מְנֵ֕א	4484	ANxxxa	27UVY
5	26	5		מְנָֽה	4483	AVqp3ms	27ive
5	26	6		אֱלָהָ֥/א	426	ANcmsd/Td	27m9N
5	26	7		מַלְכוּתָ֖/ךְ	4437	ANcfsc/Sp2ms	27Gyf
5	26	8		וְ/הַשְׁלְמַֽ/הּ	c/8000	AC/Vhp3ms/Sp3fs	27j6U
5	27	1		תְּקֵ֑ל	8625 b	ANxxxa	27T8G
5	27	2		תְּקִ֥ילְתָּה	8625 a	AVQi2ms	27h69
5	27	3		בְ/מֹֽאזַנְיָ֖/א	b/3977	AR/Ncmpd/Td	27Hpm
5	27	4		וְ/הִשְׁתְּכַ֥חַתְּ	c/7912	AC/Vup2ms	27U2e
5	27	5		חַסִּֽיר	2627	AAamsa	27UaK
5	28	1		פְּרֵ֑ס	6537 b	ANxxxa	27FLe
5	28	2		פְּרִיסַת֙	6537 a	AVQp3fs	27TjF
5	28	3		מַלְכוּתָ֔/ךְ	4437	ANcfsc/Sp2ms	27tFS
5	28	4		וִ/יהִיבַ֖ת	c/3052	AC/VQp3fs	27wv4
5	28	5		לְ/מָדַ֥י	l/4076	AR/Ngmsd	271QE
5	28	6		וּ/פָרָֽס	c/6540	AC/Ngmsd	27HFk
5	29	1		בֵּ/אדַ֣יִן	b/116	AR/D	27bMt
5	29	2		אֲמַ֣ר	560	AVqp3ms	27fjp
5	29	3		בֵּלְשַׁאצַּ֗ר	1113	ANp	27hSe
5	29	4		וְ/הַלְבִּ֤ישׁוּ	c/3848	AC/Vhp3mp	27JDi
5	29	5		לְ/דָֽנִיֵּאל֙	l/1841	ATo/Np	27pLR
5	29	6		אַרְגְּוָנָ֔/א	711	ANcmsd/Td	27UUk
5	29	7	x-ketiv	ו/המונכ/א	c/2002	AC/Ncmsd/Td	27FGD
5	29	8		וְ/הַֽמְנִיכָ֥/א	c/2002	AC/Ncmsd/Td	27cjX
5	29	9		דִֽי	1768	ATr	27BD2
5	29	10		דַהֲבָ֖/א	1722	ANcmsd/Td	27fQf
5	29	11		עַֽל	5922	AR	27cFY
5	29	12		צַוְּארֵ֑/הּ	6676	ANcmsc/Sp3ms	27czF
5	29	13		וְ/הַכְרִ֣זֽוּ	c/3745	AC/Vhp3mp	27BK6
5	29	14		עֲל֔וֹ/הִי	5922	AR/Sp3ms	27drG
5	29	15		דִּֽי	1768	AC	27tUv
5	29	16		לֶהֱוֵ֥א	1934	AVqi3ms	27VQ4
5	29	17		שַׁלִּ֛יט	7990	AAamsa	27S5J
5	29	18		תַּלְתָּ֖א	8531	AAobsa	27bwb
5	29	19		בְּ/מַלְכוּתָֽ/א	b/4437	AR/Ncfsd/Td	27gNm
5	30	1		בֵּ֚/הּ	b	AR/Sp3ms	27ZtA
5	30	2		בְּ/לֵ֣ילְיָ֔/א	b/3916	AR/Ncmsd/Td	27u1F
5	30	3		קְטִ֕יל	6992	AVQp3ms	27agt
5	30	4		בֵּלְאשַׁצַּ֖ר	1113	ANp	27csz
5	30	5		מַלְכָּ֥/א	4430	ANcmsd/Td	27wNM
5	30	6	x-ketiv	כשדי/א	3779	ANgmpd/Td	27rRN
5	30	7		כַשְׂדָּאָֽ/ה	3779	ANgmsd/Td	27Ade
6	1	1		וְ/דָרְיָ֨וֶשׁ֙	c/1868	AC/Np	27KH4
6	1	2		מָֽדָיָ֔/א	4077	ANgmsd/Td	27kAt
6	1	3		קַבֵּ֖ל	6902	AVpp3ms	27JGi
6	1	4		מַלְכוּתָ֑/א	4437	ANcfsd/Td	27KWf
6	1	5		כְּ/בַ֥ר	k/1247	AR/Ncmsc	27mD6
6	1	6		שְׁנִ֖ין	8140	ANcfpa	27xhB
6	1	7		שִׁתִּ֥ין	8361	AAcbpa	2775Z
6	1	8		וְ/תַרְתֵּֽין	c/8648	AC/Acbpa	27vHP
6	2	1		שְׁפַר֙	8232	AVqp3ms	27CmX
6	2	2		קֳדָ֣ם	6925	AR	27rpF
6	2	3		דָּרְיָ֔וֶשׁ	1868	ANp	2717V
6	2	4		וַ/הֲקִים֙	c/6966	AC/Vhp3ms	27qbi
6	2	5		עַל	5922	AR	27WH5
6	2	6		מַלְכוּתָ֔/א	4437	ANcfsd/Td	27Wu9
6	2	7		לַ/אֲחַשְׁדַּרְפְּנַיָּ֖/א	l/324	ATo/Ncmpd/Td	27Wfj
6	2	8		מְאָ֣ה	3969	AAcbsa	27MRr
6	2	9		וְ/עֶשְׂרִ֑ין	c/6243	AC/Acbpa	27d46
6	2	10		דִּ֥י	1768	ATr	27vGY
6	2	11		לֶהֱוֺ֖ן	1934	AVqi3mp	27MDm
6	2	12		בְּ/כָל	b/3606	AR/Ncmsc	27dCq
6	2	13		מַלְכוּתָֽ/א	4437	ANcfsd/Td	27cAA
6	3	1		וְ/עֵ֤לָּא	c/5924	AC/D	27UYM
6	3	2		מִנְּ/הוֹן֙	4481	AR/Sp3mp	27NZQ
6	3	3		סָרְכִ֣ין	5632	ANcmpa	27afe
6	3	4		תְּלָתָ֔א	8532	AAcmsa	27jFT
6	3	5		דִּ֥י	1768	ATr	27VEv
6	3	6		דָנִיֵּ֖אל	1841	ANp	27dWK
6	3	7		חַֽד	2298	AAcmsa	27MeB
6	3	8		מִנְּ/ה֑וֹן	4481	AR/Sp3mp	27kAx
6	3	9		דִּֽי	1768	ATr	27cC6
6	3	10		לֶהֱוֺ֞ן	1934	AVqi3mp	27AoQ
6	3	11		אֲחַשְׁדַּרְפְּנַיָּ֣/א	324	ANcmpd/Td	27TQ4
6	3	12		אִלֵּ֗ין	459	APdxmp	27pM2
6	3	13		יָהֲבִ֤ין	3052	AVqrmpa	27fTE
6	3	14		לְ/הוֹן֙	l	AR/Sp3mp	27BxX
6	3	15		טַעְמָ֔/א	2941	ANcmsd/Td	273b7
6	3	16		וּ/מַלְכָּ֖/א	c/4430	AC/Ncmsd/Td	2762B
6	3	17		לָֽא	3809	ATn	27MnE
6	3	18		לֶהֱוֵ֥א	1934	AVqi3ms	275dP
6	3	19		נָזִֽק	5142	AVqrmsa	27sJH
6	4	1		אֱדַ֨יִן֙	116	AD	27Wke
6	4	2		דָּנִיֵּ֣אל	1841	ANp	278Vg
6	4	3		דְּנָ֔ה	1836	APdxms	27NwX
6	4	4		הֲוָ֣א	1934	AVqp3ms	27VVb
6	4	5		מִתְנַצַּ֔ח	5330	AVMrmsa	27BJi
6	4	6		עַל	5922	AR	27dp9
6	4	7		סָרְכַיָּ֖/א	5632	ANcmpd/Td	27ERi
6	4	8		וַ/אֲחַשְׁדַּרְפְּנַיָּ֑/א	c/324	AC/Ncmsd/Td	27riL
6	4	9		כָּ/ל	k/3606	AC/C	27qeW
6	4	10		קֳבֵ֗ל	6903	AC	272Cm
6	4	11		דִּ֣י	1768	AC	27juK
6	4	12		ר֤וּחַ	7308	ANcfsa	27CyD
6	4	13		יַתִּירָא֙	3493	AAafsa	27CuU
6	4	14		בֵּ֔/הּ	b	AR/Sp3ms	27fge
6	4	15		וּ/מַלְכָּ֣/א	c/4430	AC/Ncmsd/Td	276Q1
6	4	16		עֲשִׁ֔ית	6246	AVQsmsa	27zHR
6	4	17		לַ/הֲקָמוּתֵ֖/הּ	l/6966	AR/Vhc/Sp3ms	27tip
6	4	18		עַל	5922	AR	27KkZ
6	4	19		כָּל	3606	ANcmsc	27hTx
6	4	20		מַלְכוּתָֽ/א	4437	ANcfsd/Td	27ZqW
6	5	1		אֱדַ֨יִן	116	AD	27kWc
6	5	2		סָֽרְכַיָּ֜/א	5632	ANcmpd/Td	27gXQ
6	5	3		וַ/אֲחַשְׁדַּרְפְּנַיָּ֗/א	c/324	AC/Ncmpd/Td	27qr9
6	5	4		הֲו֨וֹ	1934	AVqp3mp	27TFW
6	5	5		בָעַ֧יִן	1156	AVqrmpa	272cg
6	5	6		עִלָּ֛ה	5931	ANcfsa	27G6q
6	5	7		לְ/הַשְׁכָּחָ֥ה	l/7912	AR/Vhc	27E2j
6	5	8		לְ/דָנִיֵּ֖אל	l/1841	AR/Np	27tXV
6	5	9		מִ/צַּ֣ד	m/6655	AR/Ncmsc	277Ee
6	5	10		מַלְכוּתָ֑/א	4437	ANcfsd/Td	274LF
6	5	11		וְ/כָל	c/3606	AC/Ncmsc	278Ur
6	5	12		עִלָּ֨ה	5931	ANcfsa	27UB3
6	5	13		וּ/שְׁחִיתָ֜ה	c/7844	AC/VQsfsa	275iK
6	5	14		לָא	3809	ATn	27Der
6	5	15		יָכְלִ֣ין	3202	AVqrmpa	27e1m
6	5	16		לְ/הַשְׁכָּחָ֗ה	l/7912	AR/Vhc	27JA6
6	5	17		כָּ/ל	k/3606	AC/C	27ZJi
6	5	18		קֳבֵל֙	6903	AC	27gKV
6	5	19		דִּֽי	1768	AC	274qd
6	5	20		מְהֵימַ֣ן	540	AVhsmsa	27LEv
6	5	21		ה֔וּא	1932	APp3ms	27N84
6	5	22		וְ/כָל	c/3606	AC/Ncmsc	27rBZ
6	5	23		שָׁלוּ֙	7960	ANcfsa	27uki
6	5	24		וּ/שְׁחִיתָ֔ה	c/7844	AC/VQsfsa	27uaL
6	5	25		לָ֥א	3809	ATn	277ay
6	5	26		הִשְׁתְּכַ֖חַת	7912	AVup3fs	27VmT
6	5	27		עֲלֽוֹ/הִי	5922	AR/Sp3ms	27f8e
6	6	1		אֱ֠דַיִן	116	AD	27rZF
6	6	2		גֻּבְרַיָּ֤/א	1400	ANcmpd/Td	27HRi
6	6	3		אִלֵּךְ֙	479	APdxmp	27cpy
6	6	4		אָֽמְרִ֔ין	560	AVqrmpa	27N1Q
6	6	5		דִּ֣י	1768	ATr	27g1a
6	6	6		לָ֧א	3809	ATn	27sKY
6	6	7		נְהַשְׁכַּ֛ח	7912	AVhi1cp	27CQw
6	6	8		לְ/דָנִיֵּ֥אל	l/1841	AR/Np	27C3C
6	6	9		דְּנָ֖ה	1836	APdxms	27bgL
6	6	10		כָּל	3606	ANcmsc	27NPP
6	6	11		עִלָּ֑א	5931	ANcfsa	27son
6	6	12		לָהֵ֕ן	3861	AC	27g5s
6	6	13		הַשְׁכַּ֥חְנָֽה	7912	AVhp1cp	27xyw
6	6	14		עֲל֖וֹ/הִי	5922	AR/Sp3ms	27UeH
6	6	15		בְּ/דָ֥ת	b/1882	AR/Ncfsc	27LdR
6	6	16		אֱלָהֵֽ/הּ	426	ANcmsc/Sp3ms	27LmR
6	7	1		אֱ֠דַיִן	116	AD	27NJs
6	7	2		סָרְכַיָּ֤/א	5632	ANcmpd/Td	27AjX
6	7	3		וַ/אֲחַשְׁדַּרְפְּנַיָּ/א֙	c/324	AC/Ncmpd/Td	274wq
6	7	4		אִלֵּ֔ן	459	APdxmp	27Xv2
6	7	5		הַרְגִּ֖שׁוּ	7284	AVhp3mp	27sVg
6	7	6		עַל	5922	AR	27qDj
6	7	7		מַלְכָּ֑/א	4430	ANcmsd/Td	27A47
6	7	8		וְ/כֵן֙	c/3652	AC/D	27zoe
6	7	9		אָמְרִ֣ין	560	AVqrmpa	27hNP
6	7	10		לֵ֔/הּ	l	AR/Sp3ms	27vwy
6	7	11		דָּרְיָ֥וֶשׁ	1868	ANp	27grp
6	7	12		מַלְכָּ֖/א	4430	ANcmsd/Td	2762m
6	7	13		לְ/עָלְמִ֥ין	l/5957	AR/Ncmpa	273iU
6	7	14		חֱיִֽי	2418	AVqv2ms	27VM7
6	8	1		אִתְיָעַ֜טוּ	3272 a	AVPp3mp	27MLL
6	8	2		כֹּ֣ל	3606	ANcmsc	274Gd
6	8	3		סָרְכֵ֣י	5632	ANcmpc	27KJT
6	8	4		מַלְכוּתָ֗/א	4437	ANcfsd/Td	27usd
6	8	5		סִגְנַיָּ֤/א	5460	ANcmpd/Td	271WV
6	8	6		וַֽ/אֲחַשְׁדַּרְפְּנַיָּ/א֙	c/324	AC/Ncmpd/Td	27BBr
6	8	7		הַדָּֽבְרַיָּ֣/א	1907	ANcmpd/Td	27mUf
6	8	8		וּ/פַחֲוָתָ֔/א	c/6347	AC/Ncmpd/Td	27KL5
6	8	9		לְ/קַיָּמָ֤ה	l/6966	AR/Vpc	27ry1
6	8	10		קְיָם֙	7010	ANcmsc	27C5C
6	8	11		מַלְכָּ֔/א	4430	ANcmsd/Td	27hY2
6	8	12		וּ/לְ/תַקָּפָ֖ה	c/l/8631	AC/R/Vpc	27dNn
6	8	13		אֱסָ֑ר	633	ANcmsa	27T9N
6	8	14		דִּ֣י	1768	ATr	27Fig
6	8	15		כָל	3606	ANcmsc	27h9t
6	8	16		דִּֽי	1768	ATr	276vs
6	8	17		יִבְעֵ֣ה	1156	AVqi3ms	27Neq
6	8	18		בָ֠עוּ	1159	ANcfsa	27ESF
6	8	19		מִן	4481	AR	274Rb
6	8	20		כָּל	3606	ANcmsc	27f3R
6	8	21		אֱלָ֨הּ	426	ANcmsa	27eYe
6	8	22		וֶֽ/אֱנָ֜שׁ	c/606	AC/Ncmsa	27tse
6	8	23		עַד	5705	AR	27T7X
6	8	24		יוֹמִ֣ין	3118	ANcmpa	27Ao9
6	8	25		תְּלָתִ֗ין	8533	AAcmpa	27dNk
6	8	26		לָהֵן֙	3861	AC	276Vu
6	8	27		מִנָּ֣/ךְ	4481	AR/Sp2ms	27UqP
6	8	28		מַלְכָּ֔/א	4430	ANcmsd/Td	27y9h
6	8	29		יִתְרְמֵ֕א	7412	AVui3ms	271wY
6	8	30		לְ/גֹ֖ב	l/1358	AR/Ncmsc	27eab
6	8	31		אַרְיָוָתָֽ/א	744	ANcmpd/Td	27woG
6	9	1		כְּעַ֣ן	3705	AD	279sB
6	9	2		מַלְכָּ֔/א	4430	ANcmsd/Td	27Sgi
6	9	3		תְּקִ֥ים	6966	AVai2ms	27CEB
6	9	4		אֱסָרָ֖/א	633	ANcmsd/Td	272MH
6	9	5		וְ/תִרְשֻׁ֣ם	c/7560	AC/Vqi2ms	27mz9
6	9	6		כְּתָבָ֑/א	3792	ANcmsd/Td	27HHZ
6	9	7		דִּ֣י	1768	ATr	27JA2
6	9	8		לָ֧א	3809	ATn	27Scx
6	9	9		לְ/הַשְׁנָיָ֛ה	l/8133	AR/Vhc	27gFo
6	9	10		כְּ/דָת	k/1882	AR/Ncfsc	276MJ
6	9	11		מָדַ֥י	4076	ANp	27ybQ
6	9	12		וּ/פָרַ֖ס	c/6540	AC/Np	2746t
6	9	13		דִּי	1768	ATr	27vWK
6	9	14		לָ֥א	3809	ATn	27B91
6	9	15		תֶעְדֵּֽא	5709	AVqi3fs	27GeY
6	10	1		כָּ/ל	k/3606	AC/C	27WDj
6	10	2		קֳבֵ֖ל	6903	AC	27HnC
6	10	3		דְּנָ֑ה	1836	AC	27y8y
6	10	4		מַלְכָּ/א֙	4430	ANcmsd/Td	27b5P
6	10	5		דָּֽרְיָ֔וֶשׁ	1868	ANp	27adv
6	10	6		רְשַׁ֥ם	7560	AVqp3ms	27tpc
6	10	7		כְּתָבָ֖/א	3792	ANcmsd/Td	279g8
6	10	8		וֶ/אֱסָרָֽ/א	c/633	AC/Ncmsd/Td	27ud1
6	11	1		וְ֠/דָנִיֵּאל	c/1841	AC/Np	27ZMC
6	11	2		כְּ/דִ֨י	k/1768	AC/C	27EHt
6	11	3		יְדַ֜ע	3046	AVqp3ms	27YsZ
6	11	4		דִּֽי	1768	ATr	276p4
6	11	5		רְשִׁ֤ים	7560	AVQp3ms	273FP
6	11	6		כְּתָבָ/א֙	3792	ANcmsd/Td	27GfA
6	11	7		עַ֣ל	5954	AVqp3ms	27eA1
6	11	8		לְ/בַיְתֵ֔/הּ	l/1005	AR/Ncmsc/Sp3ms	27cQD
6	11	9		וְ/כַוִּ֨ין	c/3551	AC/Ncfpa	27RMQ
6	11	10		פְּתִיחָ֥ן	6606	AVQsfpa	27WdN
6	11	11		לֵ/הּ֙	l	AR/Sp3ms	27jG1
6	11	12		בְּ/עִלִּיתֵ֔/הּ	b/5952	AR/Ncfsc/Sp3ms	2785m
6	11	13		נֶ֖גֶד	5049	AR	27iMR
6	11	14		יְרוּשְׁלֶ֑ם	3390	ANp	273NL
6	11	15		וְ/זִמְנִין֩	c/2166	AC/Ncmpa	27YEU
6	11	16		תְּלָתָ֨ה	8532	AAcbsa	27Cch
6	11	17		בְ/יוֹמָ֜/א	b/3118	AR/Ncmpd/Td	27gkB
6	11	18		ה֣וּא	1932	APp3ms	27Kpe
6	11	19		בָּרֵ֣ךְ	1289	AVqrmsa	277Zk
6	11	20		עַל	5922	AR	27Ajz
6	11	21		בִּרְכ֗וֹ/הִי	1291	ANcfpc/Sp3ms	27UQk
6	11	22		וּ/מְצַלֵּ֤א	c/6739	AC/Vprmsa	27tfV
6	11	23		וּ/מוֹדֵא֙	c/3029	AC/Varmsa	2743s
6	11	24		קֳדָ֣ם	6925	AR	27Ghn
6	11	25		אֱלָהֵ֔/הּ	426	ANcmsc/Sp3ms	27ZYn
6	11	26		כָּ/ל	k/3606	AC/C	279F4
6	11	27		קֳבֵל֙	6903	AC	2762h
6	11	28		דִּֽי	1768	AC	27huk
6	11	29		הֲוָ֣א	1934	AVqp3ms	27UDk
6	11	30		עָבֵ֔ד	5648	AVqrmsa	27QuN
6	11	31		מִן	4481	AR	27VQo
6	11	32		קַדְמַ֖ת	6928	ANcfsc	277dP
6	11	33		דְּנָֽה	1836	APdxms	27CUv
6	12	1		אֱ֠דַיִן	116	AD	27JqX
6	12	2		גֻּבְרַיָּ֤/א	1400	ANcmpd/Td	27iVc
6	12	3		אִלֵּךְ֙	479	APdxmp	27z3B
6	12	4		הַרְגִּ֔שׁוּ	7284	AVhp3mp	27GFA
6	12	5		וְ/הַשְׁכַּ֖חוּ	c/7912	AC/Vhp3mp	27Wq6
6	12	6		לְ/דָנִיֵּ֑אל	l/1841	ATo/Np	27hEi
6	12	7		בָּעֵ֥א	1156	AVqrmsa	27NJx
6	12	8		וּ/מִתְחַנַּ֖ן	c/2604	AC/VMrmsa	27YXv
6	12	9		קֳדָ֥ם	6925	AR	27dTc
6	12	10		אֱלָהֵֽ/הּ	426	ANcmsc/Sp3ms	273yW
6	13	1		בֵּ֠/אדַיִן	b/116	AR/D	271Xj
6	13	2		קְרִ֨יבוּ	7127	AVQp3mp	27gCC
6	13	3		וְ/אָמְרִ֥ין	c/560	AC/Vqrmsa	27nPn
6	13	4		קֳדָם	6925	AR	27men
6	13	5		מַלְכָּ/א֮	4430	ANcmsd/Td	27Uos
6	13	6		עַל	5922	AR	27gzF
6	13	7		אֱסָ֣ר	633	ANcmsc	27z6v
6	13	8		מַלְכָּ/א֒	4430	ANcmsd/Td	27o1v
6	13	9		הֲ/לָ֧א	i/3809	ATi/Tn	278kX
6	13	10		אֱסָ֣ר	633	ANcmsa	27VLR
6	13	11		רְשַׁ֗מְתָּ	7560	AVqp2ms	27PN4
6	13	12		דִּ֣י	1768	AC	27T6a
6	13	13		כָל	3606	ANcmsc	27ywW
6	13	14		אֱנָ֡שׁ	606	ANcmsa	27aNz
6	13	15		דִּֽי	1768	ATr	27f9a
6	13	16		יִבְעֵה֩	1156	AVqi3ms	2765i
6	13	17		מִן	4481	AR	27fh4
6	13	18		כָּל	3606	ANcmsc	27Zxj
6	13	19		אֱלָ֨הּ	426	ANcmsa	27byd
6	13	20		וֶֽ/אֱנָ֜שׁ	c/606	AC/Ncmsa	274Ma
6	13	21		עַד	5705	AR	27gyw
6	13	22		יוֹמִ֣ין	3118	ANcmpa	27M2C
6	13	23		תְּלָתִ֗ין	8533	AAcmpa	27CL8
6	13	24		לָהֵן֙	3861	AC	27uZX
6	13	25		מִנָּ֣/ךְ	4481	AR/Sp2ms	27NYw
6	13	26		מַלְכָּ֔/א	4430	ANcmsd/Td	27NKz
6	13	27		יִתְרְמֵ֕א	7412	AVui3ms	27V99
6	13	28		לְ/ג֖וֹב	l/1358	AR/Ncmsc	27o3Y
6	13	29		אַרְיָותָ֑/א	744	ANcmpd/Td	27n3z
6	13	30		עָנֵ֨ה	6032	AVqrmsa	27hkq
6	13	31		מַלְכָּ֜/א	4430	ANcmsd/Td	27vp6
6	13	32		וְ/אָמַ֗ר	c/560	AC/Vqrmsa	27NvP
6	13	33		יַצִּיבָ֧א	3330	AAafsa	27ciJ
6	13	34		מִלְּתָ֛/א	4406	ANcfsd/Td	275L4
6	13	35		כְּ/דָת	k/1882	AR/Ncfsc	27i2j
6	13	36		מָדַ֥י	4076	ANp	27YPx
6	13	37		וּ/פָרַ֖ס	c/6540	AC/Np	27FHp
6	13	38		דִּי	1768	ATr	27AKQ
6	13	39		לָ֥א	3809	ATn	27c7n
6	13	40		תֶעְדֵּֽא	5709	AVqi3fs	27qqw
6	14	1		בֵּ֠/אדַיִן	b/116	AR/D	27tnE
6	14	2		עֲנ֣וֹ	6032	AVqp3mp	27M4D
6	14	3		וְ/אָמְרִין֮	c/560	AC/Vqrmpa	27kz5
6	14	4		קֳדָ֣ם	6925	AR	271Pz
6	14	5		מַלְכָּ/א֒	4430	ANcmsd/Td	27fz6
6	14	6		דִּ֣י	1768	ATr	27EX2
6	14	7		דָנִיֵּ֡אל	1841	ANp	27j2V
6	14	8		דִּי֩	1768	ATr	279Bj
6	14	9		מִן	4481	AR	274gZ
6	14	10		בְּנֵ֨י	1123	ANcmpc	27Zbw
6	14	11		גָלוּתָ֜/א	1547	ANcfsd/Td	27dMH
6	14	12		דִּ֣י	1768	ATr	27agv
6	14	13		יְה֗וּד	3061	ANp	27n4g
6	14	14		לָא	3809	ATn	27JoF
6	14	15		שָׂ֨ם	7761	AVqp3ms	27f82
6	14	16	x-ketiv	עלי/ך	5922	AR/Sp2ms	27YnB
6	14	17		עֲלָ֤/ךְ	5922	AR/Sp2ms	27wpu
6	14	18		מַלְכָּ/א֙	4430	ANcmsd/Td	27E97
6	14	19		טְעֵ֔ם	2942	ANcmsa	279vy
6	14	20		וְ/עַל	c/5922	AC/R	27q1D
6	14	21		אֱסָרָ֖/א	633	ANcmsd/Td	27RyE
6	14	22		דִּ֣י	1768	ATr	27iBM
6	14	23		רְשַׁ֑מְתָּ	7560	AVqp2ms	27HhJ
6	14	24		וְ/זִמְנִ֤ין	c/2166	AC/Ncmpa	27H6z
6	14	25		תְּלָתָה֙	8532	AAcbsa	27UDW
6	14	26		בְּ/יוֹמָ֔/א	b/3118	AR/Ncmsd/Td	27TRf
6	14	27		בָּעֵ֖א	1156	AVqrmsa	27LcF
6	14	28		בָּעוּתֵֽ/הּ	1159	ANcfsc/Sp3ms	27xJK
6	15	1		אֱדַ֨יִן	116	AD	27kBm
6	15	2		מַלְכָּ֜/א	4430	ANcmsd/Td	27yGN
6	15	3		כְּ/דִ֧י	k/1768	AC/C	27GMF
6	15	4		מִלְּתָ֣/א	4406	ANcfsd/Td	27CG8
6	15	5		שְׁמַ֗ע	8086	AVqp3ms	273jX
6	15	6		שַׂגִּיא֙	7690	AAamsa	27DX8
6	15	7		בְּאֵ֣שׁ	888	AVqrmsa	27yZK
6	15	8		עֲל֔וֹ/הִי	5922	AR/Sp3ms	27Ps4
6	15	9		וְ/עַ֧ל	c/5922	AC/R	27jCy
6	15	10		דָּנִיֵּ֛אל	1841	ANp	27gAT
6	15	11		שָׂ֥ם	7761	AVqp3ms	27Lva
6	15	12		בָּ֖ל	1079	ANcmsa	27sCe
6	15	13		לְ/שֵׁיזָבוּתֵ֑/הּ	l/7804	AR/Vec/Sp3ms	27tYs
6	15	14		וְ/עַד֙	c/5705	AC/R	27SFu
6	15	15		מֶֽעָלֵ֣י	4606	ANcmpc	27TPm
6	15	16		שִׁמְשָׁ֔/א	8122	ANcbsd/Td	27VnF
6	15	17		הֲוָ֥א	1934	AVqp3ms	27mUe
6	15	18		מִשְׁתַּדַּ֖ר	7712	AVMrmsa	27EBm
6	15	19		לְ/הַצָּלוּתֵֽ/הּ	l/5338	AR/Vhc/Sp3ms	27xzw
6	16	1		בֵּ/אדַ֨יִן֙	b/116	AR/D	27Mj5
6	16	2		גֻּבְרַיָּ֣/א	1400	ANcmpd/Td	27JHF
6	16	3		אִלֵּ֔ךְ	479	APdxmp	276fJ
6	16	4		הַרְגִּ֖שׁוּ	7284	AVhp3mp	27TPR
6	16	5		עַל	5922	AR	27N8B
6	16	6		מַלְכָּ֑/א	4430	ANcmsd/Td	27LP1
6	16	7		וְ/אָמְרִ֣ין	c/560	AC/Vqrmpa	27T1d
6	16	8		לְ/מַלְכָּ֗/א	l/4430	AR/Ncmsd/Td	27i6M
6	16	9		דַּ֤ע	3046	AVqv2ms	27YXc
6	16	10		מַלְכָּ/א֙	4430	ANcmsd/Td	27feJ
6	16	11		דִּֽי	1768	ATr	272oS
6	16	12		דָת֙	1882	ANcfsa	27iQ7
6	16	13		לְ/מָדַ֣י	l/4076	AR/Np	27etD
6	16	14		וּ/פָרַ֔ס	c/6540	AC/Np	27AJ9
6	16	15		דִּֽי	1768	ATr	27Y2o
6	16	16		כָל	3606	ANcmsc	27zZV
6	16	17		אֱסָ֥ר	633	ANcmsc	27Mcm
6	16	18		וּ/קְיָ֛ם	c/7010	AC/Ncmsa	27NSu
6	16	19		דִּֽי	1768	ATr	27KVb
6	16	20		מַלְכָּ֥/א	4430	ANcmsd/Td	27KEV
6	16	21		יְהָקֵ֖ים	6966	AVhi3ms	271pu
6	16	22		לָ֥א	3809	ATn	27fNB
6	16	23		לְ/הַשְׁנָיָֽה	l/8133	AR/Vhc	27uQ9
6	17	1		בֵּ/אדַ֜יִן	b/116	AR/D	27SCW
6	17	2		מַלְכָּ֣/א	4430	ANcmsd/Td	277iT
6	17	3		אֲמַ֗ר	560	AVqp3ms	27aZB
6	17	4		וְ/הַיְתִיו֙	c/858	AC/Vhp3mp	27Jjb
6	17	5		לְ/דָ֣נִיֵּ֔אל	l/1841	ATo/Np	27DZq
6	17	6		וּ/רְמ֕וֹ	c/7412	AC/Vqp3mp	27iNw
6	17	7		לְ/גֻבָּ֖/א	l/1358	AR/Ncmsd/Td	27edn
6	17	8		דִּ֣י	1768	ATr	278b9
6	17	9		אַרְיָוָתָ֑/א	744	ANcmpd/Td	272Bh
6	17	10		עָנֵ֤ה	6032	AVqrmsa	275eC
6	17	11		מַלְכָּ/א֙	4430	ANcmsd/Td	2744r
6	17	12		וְ/אָמַ֣ר	c/560	AC/Vqrmsa	275CX
6	17	13		לְ/דָנִיֵּ֔אל	l/1841	AR/Np	27pdB
6	17	14		אֱלָהָ֗/ךְ	426	ANcmsc/Sp2ms	27NS8
6	17	15		דִּ֣י	1768	ATr	277ET
6	17	16	x-ketiv	אנתה	607	APp2ms	274Jq
6	17	17		אַ֤נְתְּ	607	APp2ms	27hA6
6	17	18		פָּֽלַֽח	6399	AVqrmsa	27Lzj
6	17	19		לֵ/הּ֙	l	ATo/Sp3ms	27QZt
6	17	20		בִּ/תְדִירָ֔/א	b/8411	AR/Ncfsd/Td	27FUV
6	17	21		ה֖וּא	1932	APp3ms	27eDe
6	17	22		יְשֵׁיזְבִנָּֽ/ךְ	7804	AVei3ms/Sp2ms	273fc
6	18	1		וְ/הֵיתָ֨יִת֙	c/858	AC/VHp3fs	27TYP
6	18	2		אֶ֣בֶן	69	ANcfsa	27pVN
6	18	3		חֲדָ֔ה	2298	ANcfsa	27Nku
6	18	4		וְ/שֻׂמַ֖ת	c/7761	AC/VQp3fs	27ypK
6	18	5		עַל	5922	AR	27Yts
6	18	6		פֻּ֣ם	6433	ANcmsc	271in
6	18	7		גֻּבָּ֑/א	1358	ANcmsd/Td	27JDW
6	18	8		וְ/חַתְמַ֨/הּ	c/2857	AC/Vqp3ms/Sp3fs	27wBA
6	18	9		מַלְכָּ֜/א	4430	ANcmsd/Td	27Jon
6	18	10		בְּ/עִזְקְתֵ֗/הּ	b/5824	AR/Ncfsc/Sp3ms	27eep
6	18	11		וּ/בְ/עִזְקָת֙	c/b/5824	AC/R/Ncfsc	27548
6	18	12		רַבְרְבָנ֔וֹ/הִי	7261	ANcmpc/Sp3ms	27Wut
6	18	13		דִּ֛י	1768	AC	27pLk
6	18	14		לָא	3809	ATn	27DJ2
6	18	15		תִשְׁנֵ֥א	8133	AVqi3fs	27gco
6	18	16		צְב֖וּ	6640	ANcfsa	27kQS
6	18	17		בְּ/דָנִיֵּֽאל	b/1841	AR/Np	27tuE
6	19	1		אֱ֠דַיִן	116	AD	27uja
6	19	2		אֲזַ֨ל	236	AVqp3ms	27GwE
6	19	3		מַלְכָּ֤/א	4430	ANcmsd/Td	27XRt
6	19	4		לְ/הֵֽיכְלֵ/הּ֙	l/1965	AR/Ncmsc/Sp3ms	27Wxh
6	19	5		וּ/בָ֣ת	c/956	AC/Vqp3ms	27bfm
6	19	6		טְוָ֔ת	2908	AD	27my2
6	19	7		וְ/דַחֲוָ֖ן	c/1761	AC/Ncfpa	27Cn7
6	19	8		לָא	3809	ATn	2743d
6	19	9		הַנְעֵ֣ל	5954	AVhp3ms	27KUk
6	19	10		קָֽדָמ֑וֹ/הִי	6925	AR/Sp3ms	27ssc
6	19	11		וְ/שִׁנְתֵּ֖/הּ	c/8139	AC/Ncfsc/Sp3ms	27EV7
6	19	12		נַדַּ֥ת	5075	AVqp3fs	278aA
6	19	13		עֲלֽוֹ/הִי	5922	AR/Sp3ms	27xWZ
6	20	1		בֵּ/אדַ֣יִן	b/116	AR/D	27cXS
6	20	2		מַלְכָּ֔/א	4430	ANcmsd/Td	27tBh
6	20	3		בִּ/שְׁפַּרְפָּרָ֖/א	b/8238	AR/Ncmsd/Td	27eyN
6	20	4		יְק֣וּם	6966	AVqi3ms	27SSh
6	20	5		בְּ/נָגְהָ֑/א	b/5053	AR/Ncmsd/Td	2763d
6	20	6		וּ/בְ/הִ֨תְבְּהָלָ֔ה	c/b/927	AC/R/Ncfsa	27R11
6	20	7		לְ/גֻבָּ֥/א	l/1358	AR/Ncmsd/Td	27pNu
6	20	8		דִֽי	1768	ATr	277VF
6	20	9		אַרְיָוָתָ֖/א	744	ANcmpd/Td	27zUM
6	20	10		אֲזַֽל	236	AVqp3ms	27zd9
6	21	1		וּ/כְ/מִקְרְבֵ֣/הּ	c/k/7127	AC/R/Vqc/Sp3ms	27FAY
6	21	2		לְ/גֻבָּ֔/א	l/1358	AR/Ncmsd/Td	27Pfc
6	21	3		לְ/דָ֣נִיֵּ֔אל	l/1841	AR/Np	27iza
6	21	4		בְּ/קָ֥ל	b/7032	AR/Ncmsa	27AYM
6	21	5		עֲצִ֖יב	6088	AAamsa	27GmN
6	21	6		זְעִ֑ק	2200	AVqp3ms	27pSh
6	21	7		עָנֵ֨ה	6032	AVqrmsa	27C37
6	21	8		מַלְכָּ֜/א	4430	ANcmsd/Td	27yoT
6	21	9		וְ/אָמַ֣ר	c/560	AC/Vqrmsa	27LMx
6	21	10		לְ/דָנִיֵּ֗אל	l/1841	AR/Np	2723n
6	21	11		דָּֽנִיֵּאל֙	1841	ANp	27Cb2
6	21	12		עֲבֵד֙	5649	ANcmsc	277qP
6	21	13		אֱלָהָ֣/א	426	ANcmsd/Td	27FVN
6	21	14		חַיָּ֔/א	2417	AAamsd/Td	27jaF
6	21	15		אֱלָהָ֗/ךְ	426	ANcmsc/Sp2ms	27rR2
6	21	16		דִּ֣י	1768	ATr	27BLG
6	21	17	x-ketiv	אנתה	607	APp2ms	27bNh
6	21	18		אַ֤נְתְּ	607	APp2ms	2761z
6	21	19		פָּֽלַֽח	6399	AVqrmsa	27Qhh
6	21	20		לֵ/הּ֙	l	ATo/Sp3ms	27VkB
6	21	21		בִּ/תְדִירָ֔/א	b/8411	AR/Ncfsd/Td	27NxJ
6	21	22		הַ/יְכִ֥ל	d/3202	ATi/Vqp3ms	27u2w
6	21	23		לְ/שֵׁיזָבוּתָ֖/ךְ	l/7804	AR/Vec/Sp2ms	27s85
6	21	24		מִן	4481	AR	2754v
6	21	25		אַרְיָוָתָֽ/א	744	ANcmpd/Td	27xWQ
6	22	1		אֱדַ֨יִן֙	116	AD	27ksV
6	22	2		דָּנִיֶּ֔אל	1841	ANp	27k9V
6	22	3		עִם	5974	AR	27isA
6	22	4		מַלְכָּ֖/א	4430	ANcmsd/Td	276cS
6	22	5		מַלִּ֑ל	4449	AVpp3ms	27KP7
6	22	6		מַלְכָּ֖/א	4430	ANcmsd/Td	27sYq
6	22	7		לְ/עָלְמִ֥ין	l/5957	AR/Ncmpa	27dVu
6	22	8		חֱיִֽי	2418	AVqv2ms	27erv
6	23	1		אֱלָהִ֞/י	426	ANcmsc/Sp1cs	27BBL
6	23	2		שְׁלַ֣ח	7972	AVqp3ms	27JW8
6	23	3		מַלְאֲכֵ֗/הּ	4398	ANcmsc/Sp3ms	27uiW
6	23	4		וּֽ/סֲגַ֛ר	c/5463	AC/Vqp3ms	27dve
6	23	5		פֻּ֥ם	6433	ANcmsc	27xj3
6	23	6		אַרְיָוָתָ֖/א	744	ANcmpd/Td	2742S
6	23	7		וְ/לָ֣א	c/3809	AC/Tn	27rNq
6	23	8		חַבְּל֑וּ/נִי	2255	AVpp3mp/Sp1cs	27iqd
6	23	9		כָּ/ל	k/3606	AC/C	27QZU
6	23	10		קֳבֵ֗ל	6903	AC	27Fnj
6	23	11		דִּ֤י	1768	AC	27F7f
6	23	12		קָֽדָמ֨וֹ/הִי֙	6925	AR/Sp3ms	27aPG
6	23	13		זָכוּ֙	2136	ANcfsa	27k2V
6	23	14		הִשְׁתְּכַ֣חַת	7912	AVup3fs	27fyM
6	23	15		לִ֔/י	l	AR/Sp1cs	27LMG
6	23	16		וְ/אַ֤ף	c/638	AC/Ta	273Ju
6	23	17	x-ketiv	קדמי/ך	6925	AR/Sp2ms	273rQ
6	23	18		קָֽדָמָ/ךְ֙	6925	AR/Sp2ms	27DaL
6	23	19		מַלְכָּ֔/א	4430	ANcmsd/Td	27Y6J
6	23	20		חֲבוּלָ֖ה	2248	ANcfsa	27pyb
6	23	21		לָ֥א	3809	ATn	27wLg
6	23	22		עַבְדֵֽת	5648	AVqp1cs	27cAP
6	24	1		בֵּ/אדַ֣יִן	b/116	AR/D	27cSt
6	24	2		מַלְכָּ֗/א	4430	ANcmsd/Td	27D4i
6	24	3		שַׂגִּיא֙	7690	AAamsa	27qRk
6	24	4		טְאֵ֣ב	2868	AVqp3ms	27n62
6	24	5		עֲל֔וֹ/הִי	5922	AR/Sp3ms	27jjF
6	24	6		וּ/לְ/דָ֣נִיֵּ֔אל	c/l/1841	AC/To/Np	27ygr
6	24	7		אֲמַ֖ר	560	AVqp3ms	27qTN
6	24	8		לְ/הַנְסָקָ֣ה	l/5267	AR/Vhc	27Wwg
6	24	9		מִן	4481	AR	27eyj
6	24	10		גֻּבָּ֑/א	1358	ANcmsd/Td	27JBd
6	24	11		וְ/הֻסַּ֨ק	c/5267	AC/VHp3ms	27CYn
6	24	12		דָּנִיֵּ֜אל	1841	ANp	27fze
6	24	13		מִן	4481	AR	27bKv
6	24	14		גֻּבָּ֗/א	1358	ANcmsd/Td	27MUZ
6	24	15		וְ/כָל	c/3606	AC/Ncmsc	27W4g
6	24	16		חֲבָל֙	2257	ANcmsa	27Dz4
6	24	17		לָא	3809	ATn	277Fu
6	24	18		הִשְׁתְּכַ֣ח	7912	AVup3ms	276Dy
6	24	19		בֵּ֔/הּ	b	AR/Sp3ms	27Zik
6	24	20		דִּ֖י	1768	AC	27G5G
6	24	21		הֵימִ֥ן	540	AVhp3ms	277C8
6	24	22		בֵּ/אלָהֵֽ/הּ	b/426	AR/Ncmsc/Sp3ms	27KjQ
6	25	1		וַ/אֲמַ֣ר	c/560	AC/Vqp3ms	27wVX
6	25	2		מַלְכָּ֗/א	4430	ANcmsd/Td	27FD2
6	25	3		וְ/הַיְתִ֞יו	c/858	AC/Vhp3mp	27wMc
6	25	4		גֻּבְרַיָּ֤/א	1400	ANcmpd/Td	27srH
6	25	5		אִלֵּךְ֙	479	APdxmp	27Fvm
6	25	6		דִּֽי	1768	ATr	27wn4
6	25	7		אֲכַ֤לוּ	399	AVqp3mp	271w4
6	25	8		קַרְצ֨וֹ/הִי֙	7170	ANcmpc/Sp3ms	27cem
6	25	9		דִּ֣י	1768	ATr	27ngH
6	25	10		דָֽנִיֵּ֔אל	1841	ANp	27vGA
6	25	11		וּ/לְ/גֹ֤ב	c/l/1358	AC/R/Ncmsc	27nx3
6	25	12		אַרְיָוָתָ/א֙	744	ANcmpd/Td	27tVG
6	25	13		רְמ֔וֹ	7412	AVqp3mp	274Qa
6	25	14		אִנּ֖וּן	581 a	APp3mp	27WJt
6	25	15		בְּנֵי/ה֣וֹן	1123	ANcmpc/Sp3mp	27L5d
6	25	16		וּ/נְשֵׁי/ה֑וֹן	c/5389	AC/Ncfpc/Sp3mp	27ZeR
6	25	17		וְ/לָֽא	c/3809	AC/Tn	27hgx
6	25	18		מְט֞וֹ	4291	AVqp3mp	27og7
6	25	19		לְ/אַרְעִ֣ית	l/773	AR/Ncfsc	27egd
6	25	20		גֻּבָּ֗/א	1358	ANcmsd/Td	27LrY
6	25	21		עַ֠ד	5705	AR	27WQT
6	25	22		דִּֽי	1768	ATr	27m63
6	25	23		שְׁלִ֤טֽוּ	7981	AVqp3mp	27pfS
6	25	24		בְ/הוֹן֙	b	AR/Sp3mp	273aE
6	25	25		אַרְיָ֣וָתָ֔/א	744	ANcmpd/Td	273rZ
6	25	26		וְ/כָל	c/3606	AC/Ncmsc	27Utw
6	25	27		גַּרְמֵי/ה֖וֹן	1635	ANcmpc/Sp3mp	27fdq
6	25	28		הַדִּֽקוּ	1855	AVhp3mp	27sSt
6	26	1		בֵּ/אדַ֜יִן	b/116	AR/D	27o26
6	26	2		דָּרְיָ֣וֶשׁ	1868	ANp	27hex
6	26	3		מַלְכָּ֗/א	4430	ANcmsd/Td	27uGG
6	26	4		כְּ֠תַב	3790	AVqp3ms	272V5
6	26	5		לְֽ/כָל	l/3606	AR/Ncmsc	27UQx
6	26	6		עַֽמְמַיָּ֞/א	5972	ANcmpd/Td	27rB8
6	26	7		אֻמַיָּ֧/א	524	ANcfpd/Td	27SGD
6	26	8		וְ/לִשָּׁנַיָּ֛/א	c/3961	AC/Ncmpd/Td	27YJd
6	26	9		דִּֽי	1768	ATr	27v6S
6	26	10	x-ketiv	דארין	1753	AVqrmpa	27v1o
6	26	11		דָיְרִ֥ין	1753	AVqrmpa	27JVz
6	26	12		בְּ/כָל	b/3606	AR/Ncmsc	27bm5
6	26	13		אַרְעָ֖/א	772	ANcfsd/Td	27WDC
6	26	14		שְׁלָמְ/כ֥וֹן	8001	ANcmsc/Sp2mp	27ZQ7
6	26	15		יִשְׂגֵּֽא	7680	AVqi3ms	27Xbu
6	27	1		מִן	4481	AR	27JZB
6	27	2		קֳדָמַ/י֮	6925	AR/Sp1cs	277QY
6	27	3		שִׂ֣ים	7761	AVqp3ms	27o5y
6	27	4		טְעֵם֒	2942	ANcmsa	27mvb
6	27	5		דִּ֣י	1768	AC	27W2N
6	27	6		בְּ/כָל	b/3606	AR/Ncmsc	2739a
6	27	7		שָׁלְטָ֣ן	7985	ANcmsc	272VQ
6	27	8		מַלְכוּתִ֗/י	4437	ANcfsc/Sp1cs	27gJa
6	27	9		לֶהֱוֺ֤ן	1934	AVqi3mp	27fqt
6	27	10	x-ketiv	זאעין	2112	AVqrmpa	27JGt
6	27	11		זָיְעִין֙	2112	AVqrmpa	27Us4
6	27	12		וְ/דָ֣חֲלִ֔ין	c/1763	AC/Vqrmpa	27Bwu
6	27	13		מִן	4481	AR	272RT
6	27	14		קֳדָ֖ם	6925	AR	27tgM
6	27	15		אֱלָהֵ֣/הּ	426	ANcmsc/Sp3ms	27d4t
6	27	16		דִּי	1768	ATr	27jU8
6	27	17		דָֽנִיֵּ֑אל	1841	ANp	27raX
6	27	18		דִּי	1768	AC	27dm8
6	27	19		ה֣וּא	1932	APp3ms	27L5p
6	27	20		אֱלָהָ֣/א	426	ANcmsd/Td	27vru
6	27	21		חַיָּ֗/א	2417	AAamsd/Td	27Kbe
6	27	22		וְ/קַיָּם֙	c/7011	AC/Aamsa	27tHL
6	27	23		לְ/עָ֣לְמִ֔ין	l/5957	AR/Ncmpa	27qZL
6	27	24		וּ/מַלְכוּתֵ/הּ֙	c/4437	AC/Ncfsc/Sp3ms	27qwh
6	27	25		דִּֽי	1768	ATr	27iMv
6	27	26		לָ֣א	3809	ATn	27DuZ
6	27	27		תִתְחַבַּ֔ל	2255	AVMi3fs	27fLk
6	27	28		וְ/שָׁלְטָנֵ֖/הּ	c/7985	AC/Ncmsc/Sp3ms	27ACT
6	27	29		עַד	5705	AR	274RB
6	27	30		סוֹפָֽ/א	5491	ANcmsd/Td	27pid
6	28	1		מְשֵׁיזִ֣ב	7804	AVermsa	27uiv
6	28	2		וּ/מַצִּ֗ל	c/5338	AC/Varmsa	27HVX
6	28	3		וְ/עָבֵד֙	c/5648	AC/Vqrmsa	27Mk2
6	28	4		אָתִ֣ין	852	ANcmpa	27aoG
6	28	5		וְ/תִמְהִ֔ין	c/8540	AC/Ncmpa	27c8D
6	28	6		בִּ/שְׁמַיָּ֖/א	b/8065	AR/Ncmpd/Td	279se
6	28	7		וּ/בְ/אַרְעָ֑/א	c/b/772	AC/R/Ncfsd/Td	27rn8
6	28	8		דִּ֚י	1768	AC	27nqT
6	28	9		שֵׁיזִ֣יב	7804	AVep3ms	27wMG
6	28	10		לְ/דָֽנִיֵּ֔אל	l/1841	ATo/Np	27MNS
6	28	11		מִן	4481	AR	27Y7c
6	28	12		יַ֖ד	3028	ANcfsc	27ohk
6	28	13		אַרְיָוָתָֽ/א	744	ANcmpd/Td	27ujT
6	29	1		וְ/דָנִיֵּ֣אל	c/1841	AC/Np	27sac
6	29	2		דְּנָ֔ה	1836	APdxms	27URC
6	29	3		הַצְלַ֖ח	6744	AVhp3ms	27uyH
6	29	4		בְּ/מַלְכ֣וּת	b/4437	AR/Ncfsc	279oK
6	29	5		דָּרְיָ֑וֶשׁ	1868	ANp	27nuG
6	29	6		וּ/בְ/מַלְכ֖וּת	c/b/4437	AC/R/Ncfsc	27Uae
6	29	7		כּ֥וֹרֶשׁ	3567	ANp	275P4
6	29	8	x-ketiv	פרסי/א	6543	ANgmsd/Td	27pNa
6	29	9		פָּרְסָאָֽ/ה	6543	ANgmsd/Td	27xdk
7	1	1		בִּ/שְׁנַ֣ת	b/8140	AR/Ncfsc	27aQh
7	1	2		חֲדָ֗ה	2298	AAcfsa	276HC
7	1	3		לְ/בֵלְאשַׁצַּר֙	l/1113	AR/Np	27Pz9
7	1	4		מֶ֣לֶךְ	4430	ANcmsc	27Hq3
7	1	5		בָּבֶ֔ל	895	ANp	27Rne
7	1	6		דָּנִיֵּאל֙	1841	ANp	27AFm
7	1	7		חֵ֣לֶם	2493	ANcmsa	27CqQ
7	1	8		חֲזָ֔ה	2370	AVqp3ms	274pF
7	1	9		וְ/חֶזְוֵ֥י	c/2376	AC/Ncmpc	27uJp
7	1	10		רֵאשֵׁ֖/הּ	7217	ANcmsc/Sp3ms	27TaS
7	1	11		עַֽל	5922	AR	27LLF
7	1	12		מִשְׁכְּבֵ֑/הּ	4903	ANcmsc/Sp3ms	27bDy
7	1	13		בֵּ/אדַ֨יִן֙	b/116	AR/D	27iov
7	1	14		חֶלְמָ֣/א	2493	ANcmsd/Td	27sPA
7	1	15		כְתַ֔ב	3790	AVqp3ms	27CJX
7	1	16		רֵ֥אשׁ	7217	ANcmsc	27ANN
7	1	17		מִלִּ֖ין	4406	ANcfpa	2795S
7	1	18		אֲמַֽר	560	AVqp3ms	278xm
7	2	1		עָנֵ֤ה	6032	AVqrmsa	27gX2
7	2	2		דָנִיֵּאל֙	1841	ANp	27r7E
7	2	3		וְ/אָמַ֔ר	c/560	AC/Vqrmsa	27bzy
7	2	4		חָזֵ֥ה	2370	AVqrmsa	27Zd9
7	2	5		הֲוֵ֛ית	1934	AVqp1cs	278Dv
7	2	6		בְּ/חֶזְוִ֖/י	b/2376	AR/Ncmsc/Sp1cs	27NTZ
7	2	7		עִם	5974	AR	27775
7	2	8		לֵֽילְיָ֑/א	3916	ANcmsd/Td	27Fmt
7	2	9		וַ/אֲר֗וּ	c/718	AC/Tm	27eCW
7	2	10		אַרְבַּע֙	703	AAcbsa	272pa
7	2	11		רוּחֵ֣י	7308	ANcfpc	27kxp
7	2	12		שְׁמַיָּ֔/א	8065	ANcmpd/Td	27vnr
7	2	13		מְגִיחָ֖ן	1519	AVarfpa	27SfR
7	2	14		לְ/יַמָּ֥/א	l/3221	ATo/Ncmsd/Td	27PA5
7	2	15		רַבָּֽ/א	7229	AAamsd/Td	276gb
7	3	1		וְ/אַרְבַּ֤ע	c/703	AC/Acbsa	27or6
7	3	2		חֵיוָן֙	2423	ANcfpa	27Zed
7	3	3		רַבְרְבָ֔ן	7260	AAafpa	27u6X
7	3	4		סָלְקָ֖ן	5559	AVqrfpa	27nm9
7	3	5		מִן	4481	AR	273PJ
7	3	6		יַמָּ֑/א	3221	ANcmsd/Td	275ZM
7	3	7		שָׁנְיָ֖ן	8133	AVqrfpa	27fYy
7	3	8		דָּ֥א	1668	APdxfs	27UBS
7	3	9		מִן	4481	AR	271iG
7	3	10		דָּֽא	1668	APdxfs	27ZqA
7	4	1		קַדְמָיְתָ֣/א	6933	AAafsd/Td	27dKb
7	4	2		כְ/אַרְיֵ֔ה	k/744	AR/Ncmsa	27qiR
7	4	3		וְ/גַפִּ֥ין	c/1611	AC/Ncbpa	27amo
7	4	4		דִּֽי	1768	ATr	274Xh
7	4	5		נְשַׁ֖ר	5403	ANcmsa	275e5
7	4	6		לַ֑/הּ	l	AR/Sp3fs	27p9R
7	4	7		חָזֵ֣ה	2370	AVqrmsa	27dTq
7	4	8		הֲוֵ֡ית	1934	AVqp1cs	27wep
7	4	9		עַד֩	5705	AR	27Uo7
7	4	10		דִּי	1768	ATr	27Y7e
7	4	11		מְּרִ֨יטוּ	4804	AVQp3mp	27Hgx
7	4	12		גַפַּ֜י/הּ	1611	ANcbpc/Sp3fs	27G3x
7	4	13		וּ/נְטִ֣ילַת	c/5191	AC/VQp3fs	27s67
7	4	14		מִן	4481	AR	27YC8
7	4	15		אַרְעָ֗/א	772	ANcfsd/Td	27krY
7	4	16		וְ/עַל	c/5922	AC/R	27Cym
7	4	17		רַגְלַ֨יִן֙	7271	ANcfda	27jbf
7	4	18		כֶּ/אֱנָ֣שׁ	k/606	AR/Ncmsa	27VGV
7	4	19		הֳקִימַ֔ת	6966	AVHp3fs	27PMB
7	4	20		וּ/לְבַ֥ב	c/3825	AC/Ncmsc	27NJt
7	4	21		אֱנָ֖שׁ	606	ANcmsa	27vsz
7	4	22		יְהִ֥יב	3052	AVQp3ms	27mgi
7	4	23		לַֽ/הּ	l	AR/Sp3fs	27nDb
7	5	1		וַ/אֲר֣וּ	c/718	AC/Tm	27gDS
7	5	2		חֵיוָה֩	2423	ANcfsa	27Efv
7	5	3		אָחֳרִ֨י	317	AAafsa	27DVj
7	5	4		תִנְיָנָ֜ה	8578	AAofsa	27YCE
7	5	5		דָּמְיָ֣ה	1821	AVqrfsa	27JsT
7	5	6		לְ/דֹ֗ב	l/1678	AR/Ncmsa	274Jj
7	5	7		וְ/לִ/שְׂטַר	c/l/7859	AC/R/Ncmsa	27FjR
7	5	8		חַד֙	2298	AAcmsa	27h6T
7	5	9		הֳקִמַ֔ת	6966	AVHp3fs	27wu9
7	5	10		וּ/תְלָ֥ת	c/8532	AC/Acbsa	274Gx
7	5	11		עִלְעִ֛ין	5967	ANcfpa	27Bj7
7	5	12		בְּ/פֻמַּ֖/הּ	b/6433	AR/Ncmsc/Sp3fs	27sAN
7	5	13		בֵּ֣ין	997	AR	27MhW
7	5	14	x-ketiv	שני/ה	8128	ANcfpd/Td	27b4t
7	5	15		שִׁנַּ֑/הּ	8128	ANcfsc/Sp3fs	27KbS
7	5	16		וְ/כֵן֙	c/3652	AC/D	27ymY
7	5	17		אָמְרִ֣ין	560	AVqrmpa	271iQ
7	5	18		לַ֔/הּ	l	AR/Sp3fs	27zDJ
7	5	19		ק֥וּמִֽי	6966	AVqv2fs	27bUs
7	5	20		אֲכֻ֖לִי	399	AVqv2fs	27dcV
7	5	21		בְּשַׂ֥ר	1321	ANcmsa	27gAL
7	5	22		שַׂגִּֽיא	7690	AAamsa	27VXy
7	6	1		בָּאתַ֨ר	870	AR	27GXL
7	6	2		דְּנָ֜ה	1836	APdxms	27KEX
7	6	3		חָזֵ֣ה	2370	AVqrmsa	27Try
7	6	4		הֲוֵ֗ית	1934	AVqp1cs	27d7i
7	6	5		וַ/אֲר֤וּ	c/718	AC/Tm	27512
7	6	6		אָֽחֳרִי֙	317	AAafsa	27MzY
7	6	7		כִּ/נְמַ֔ר	k/5245	AR/Ncmsa	27kXM
7	6	8		וְ/לַ֨/הּ	c/l	AC/R/Sp3fs	27Hj8
7	6	9		גַּפִּ֥ין	1611	ANcbpa	27zFY
7	6	10		אַרְבַּ֛ע	703	AAcbsa	27Rhm
7	6	11		דִּי	1768	ATr	27hnf
7	6	12		ע֖וֹף	5776	ANcmsa	27eM1
7	6	13		עַל	5922	AR	27hk3
7	6	14	x-ketiv	גבי/ה	1355	ANcmpd/Td	27W1U
7	6	15		גַּבַּ֑/הּ	1355	ANcmsc/Sp3fs	278Um
7	6	16		וְ/אַרְבְּעָ֤ה	c/703	AC/Acbsa	27G4t
7	6	17		רֵאשִׁין֙	7217	ANcmpa	27VzB
7	6	18		לְ/חֵ֣יוְתָ֔/א	l/2423	AR/Ncfsd/Td	271ou
7	6	19		וְ/שָׁלְטָ֖ן	c/7985	AC/Ncmsa	27bjQ
7	6	20		יְהִ֥יב	3052	AVQp3ms	27A2U
7	6	21		לַֽ/הּ	l	AR/Sp3fs	27ZM7
7	7	1		בָּאתַ֣ר	870	AR	27jY6
7	7	2		דְּנָה֩	1836	APdxms	27XbX
7	7	3		חָזֵ֨ה	2370	AVqrmsa	27jxp
7	7	4		הֲוֵ֜ית	1934	AVqp1cs	27ox4
7	7	5		בְּ/חֶזְוֵ֣י	b/2376	AR/Ncmpc	27gSB
7	7	6		לֵֽילְיָ֗/א	3916	ANcmsd/Td	27mv8
7	7	7		וַ/אֲר֣וּ	c/718	AC/Tm	27xW5
7	7	8		חֵיוָ֣ה	2423	ANcfsa	27X8c
7	7	9	x-ketiv	רביעיה	7244	AAofsa	27Kyc
7	7	10		רְֽבִיעָאָ֡ה	7244	AAofsa	27MpC
7	7	11		דְּחִילָה֩	1763	AVQsfsa	27s71
7	7	12		וְ/אֵֽימְתָנִ֨י	c/574	AC/Aafsa	2778H
7	7	13		וְ/תַקִּיפָ֜א	c/8624	AC/Aafsa	27BwW
7	7	14		יַתִּ֗ירָא	3493	AAafsa	27xmm
7	7	15		וְ/שִׁנַּ֨יִן	c/8128	AC/Ncfda	27QWv
7	7	16		דִּֽי	1768	ATr	27onS
7	7	17		פַרְזֶ֥ל	6523	ANcmsa	273CX
7	7	18		לַ/הּ֙	l	AR/Sp3fs	27kSN
7	7	19		רַבְרְבָ֔ן	7260	AAafpa	27M79
7	7	20		אָֽכְלָ֣ה	399	AVqrfsa	279PJ
7	7	21		וּ/מַדֱּקָ֔ה	c/1855	AC/Varfsa	27psZ
7	7	22		וּ/שְׁאָרָ֖/א	c/7606	AC/Ncmsd/Td	27jXT
7	7	23	x-ketiv	ב/רגלי/ה	b/7271	AR/Ncfpd/Td	273i9
7	7	24		בְּ/רַגְלַ֣/הּ	b/7271	AR/Ncfsc/Sp3fs	2786G
7	7	25		רָפְסָ֑ה	7512	AVqrfsa	279x4
7	7	26		וְ/הִ֣יא	c/1932	AC/Pp3fs	27FES
7	7	27		מְשַׁנְּיָ֗ה	8133	AVpsfsa	27f4y
7	7	28		מִן	4481	AR	27H8b
7	7	29		כָּל	3606	ANcmsc	27C81
7	7	30		חֵֽיוָתָ/א֙	2423	ANcfsd/Td	27G5J
7	7	31		דִּ֣י	1768	ATr	276Fc
7	7	32		קָֽדָמַ֔י/הּ	6925	ANcfsd/Td	27x3P
7	7	33		וְ/קַרְנַ֥יִן	c/7162	AC/Ncfda	271wp
7	7	34		עֲשַׂ֖ר	6236	AAcbsa	27aq2
7	7	35		לַֽ/הּ	l	AR/Sp3fs	27U9g
7	8	1		מִשְׂתַּכַּ֨ל	7920	AVMrmsa	27D2c
7	8	2		הֲוֵ֜ית	1934	AVqp1cs	27EMa
7	8	3		בְּ/קַרְנַיָּ֗/א	b/7162	AR/Ncfpd/Td	27ef3
7	8	4		וַ֠/אֲלוּ	c/431	AC/Tm	27saN
7	8	5		קֶ֣רֶן	7162	ANcfsa	27U8A
7	8	6		אָחֳרִ֤י	317	AAafsa	27Pdw
7	8	7		זְעֵירָה֙	2192	AAafsa	27c8h
7	8	8		סִלְקָ֣ת	5559	AVqp3fs	27vjE
7	8	9	x-ketiv	ביני/הון	997	AR/Sp3mp	27JgM
7	8	10		בֵּֽינֵי/הֵ֔ן	997	AR/Sp3fp	27Tmi
7	8	11		וּ/תְלָ֗ת	c/8532	AC/Acbsa	27eRQ
7	8	12		מִן	4481	AR	27Ky8
7	8	13		קַרְנַיָּ/א֙	7162	ANcfpd/Td	27Xnm
7	8	14		קַדְמָ֣יָתָ֔/א	6933	AAafpd/Td	27V6c
7	8	15	x-ketiv	אתעקרו	6132	AVip3mp	2783z
7	8	16		אֶתְעֲקַ֖רָה	6132	AVip3mp	27gBP
7	8	17		מִן	4481	AR	27PP6
7	8	18	x-ketiv	קדמי/ה	6925	AAamsd/Td	27rfQ
7	8	19		קֳדָמַ֑/הּ	6925	AR/Sp3fs	271kz
7	8	20		וַ/אֲל֨וּ	c/431	AC/Tm	27qBP
7	8	21		עַיְנִ֜ין	5870	ANcfpa	272rB
7	8	22		כְּ/עַיְנֵ֤י	k/5870	AR/Ncfpc	27Hxg
7	8	23		אֲנָשָׁ/א֙	606	ANcmsd/Td	279fZ
7	8	24		בְּ/קַרְנָ/א	b/7162	AR/Ncfsd/Td	27SCH
7	8	25		דָ֔א	1668	APdxfs	27anU
7	8	26		וּ/פֻ֖ם	c/6433	AC/Ncmsa	27DJC
7	8	27		מְמַלִּ֥ל	4449	AVprmsa	27u5x
7	8	28		רַבְרְבָֽן	7260	AAafpa	27YgF
7	9	1		חָזֵ֣ה	2370	AVqrmsa	27p1g
7	9	2		הֲוֵ֗ית	1934	AVqp1cs	27g1i
7	9	3		עַ֣ד	5705	AR	27Wdi
7	9	4		דִּ֤י	1768	ATr	27YMa
7	9	5		כָרְסָוָן֙	3764	ANcmpa	27xEe
7	9	6		רְמִ֔יו	7412	AVQp3mp	27z48
7	9	7		וְ/עַתִּ֥יק	c/6268	AC/Aamsc	27fDm
7	9	8		יוֹמִ֖ין	3118	ANcmpa	27FEx
7	9	9		יְתִ֑ב	3488	AVqp3ms	27aSS
7	9	10		לְבוּשֵׁ֣/הּ	3831	ANcmsc/Sp3ms	27iAj
7	9	11		כִּ/תְלַ֣ג	k/8517	AR/Ncmsa	27aWd
7	9	12		חִוָּ֗ר	2358	AAamsa	27Vuh
7	9	13		וּ/שְׂעַ֤ר	c/8177	AC/Ncmsc	274nG
7	9	14		רֵאשֵׁ/הּ֙	7217	ANcmsc/Sp3ms	27D7R
7	9	15		כַּ/עֲמַ֣ר	k/6015	AR/Ncmsa	27fw9
7	9	16		נְקֵ֔א	5343	AAamsa	27znQ
7	9	17		כָּרְסְיֵ/הּ֙	3764	ANcmsc/Sp3ms	27ZdC
7	9	18		שְׁבִיבִ֣ין	7631	ANcmpa	272MP
7	9	19		דִּי	1768	ATr	27Exz
7	9	20		נ֔וּר	5135	ANcbsa	273Cy
7	9	21		גַּלְגִּלּ֖וֹ/הִי	1535	ANcmpc/Sp3ms	27EDb
7	9	22		נ֥וּר	5135	ANcbsa	27xv7
7	9	23		דָּלִֽק	1815	AVqrmsa	27r5Y
7	10	1		נְהַ֣ר	5103	ANcmsa	27nEK
7	10	2		דִּי	1768	ATr	27B86
7	10	3		נ֗וּר	5135	ANcbsa	27CK1
7	10	4		נָגֵ֤ד	5047	AVqrmsa	27jAF
7	10	5		וְ/נָפֵק֙	c/5312	AC/Vqrmsa	27Gr7
7	10	6		מִן	4481	AR	27sWN
7	10	7		קֳדָמ֔וֹ/הִי	6925	AR/Sp3ms	27DbU
7	10	8		אֶ֤לֶף	506	AAcmsc	27eDs
7	10	9	x-ketiv	אלפים	506	AAcmpa	27M1k
7	10	10		אַלְפִין֙	506	AAcmpa	27nt9
7	10	11		יְשַׁמְּשׁוּנֵּ֔/הּ	8120	AVpi3mp/Sp3ms	27uo8
7	10	12		וְ/רִבּ֥וֹ	c/7240	AC/Acfsc	27wi3
7	10	13	x-ketiv	רבון	7240	AAcfpa	27mK4
7	10	14		רִבְבָ֖ן	7240	AAcfpa	27dSA
7	10	15		קָֽדָמ֣וֹ/הִי	6925	AR/Sp3ms	27P8j
7	10	16		יְקוּמ֑וּן	6966	AVqi3mp	27b9e
7	10	17		דִּינָ֥/א	1780	ANcmsd/Td	277pd
7	10	18		יְתִ֖ב	3488	AVqp3ms	27B4V
7	10	19		וְ/סִפְרִ֥ין	c/5609	AC/Ncmpa	27ikF
7	10	20		פְּתִֽיחוּ	6606	AVQp3mp	2766C
7	11	1		חָזֵ֣ה	2370	AVqrmsa	274bg
7	11	2		הֲוֵ֔ית	1934	AVqp1cs	27Kgg
7	11	3		בֵּ/אדַ֗יִן	b/116	AR/D	27M2B
7	11	4		מִן	4481	AR	27NU6
7	11	5		קָל֙	7032	ANcmsc	27ukR
7	11	6		מִלַּיָּ֣/א	4406	ANcfpd/Td	27ojb
7	11	7		רַבְרְבָתָ֔/א	7260	AAafpd/Td	27Ft6
7	11	8		דִּ֥י	1768	ATr	27fja
7	11	9		קַרְנָ֖/א	7162	ANcfsd/Td	27phB
7	11	10		מְמַלֱּלָ֑ה	4449	AVprfsa	27Fww
7	11	11		חָזֵ֣ה	2370	AVqrmsa	27wY4
7	11	12		הֲוֵ֡ית	1934	AVqp1cs	2791B
7	11	13		עַד֩	5705	AR	27qim
7	11	14		דִּ֨י	1768	ATr	27bDb
7	11	15		קְטִילַ֤ת	6992	AVQp3fs	27bJB
7	11	16		חֵֽיוְתָ/א֙	2423	ANcfsd/Td	27LbJ
7	11	17		וְ/הוּבַ֣ד	c/7	AC/VHp3ms	27pwG
7	11	18		גִּשְׁמַ֔/הּ	1655	ANcmsc/Sp3fs	27pBV
7	11	19		וִ/יהִיבַ֖ת	c/3052	AC/VQp3fs	27mui
7	11	20		לִ/יקֵדַ֥ת	l/3346	AR/Ncfsc	2711H
7	11	21		אֶשָּֽׁא	785	ANcfsa	27Yer
7	12	1		וּ/שְׁאָר֙	c/7606	AC/Ncmsc	27Ua5
7	12	2		חֵֽיוָתָ֔/א	2423	ANcfpd/Td	27drz
7	12	3		הֶעְדִּ֖יו	5709	AVhp3mp	27mWC
7	12	4		שָׁלְטָנְ/ה֑וֹן	7985	ANcmsc/Sp3mp	27euh
7	12	5		וְ/אַרְכָ֧ה	c/754	AC/Ncfsa	27iWd
7	12	6		בְ/חַיִּ֛ין	b/2417	AR/Ncmpa	27tJY
7	12	7		יְהִ֥יבַת	3052	AVQp3fs	27wX7
7	12	8		לְ/ה֖וֹן	l	AR/Sp3mp	27264
7	12	9		עַד	5705	AR	27nWK
7	12	10		זְמַ֥ן	2166	ANcmsa	27FhW
7	12	11		וְ/עִדָּֽן	c/5732	AC/Ncmsa	27xwC
7	13	1		חָזֵ֤ה	2370	AVqrmsa	27Gfv
7	13	2		הֲוֵית֙	1934	AVqp1cs	27pu7
7	13	3		בְּ/חֶזְוֵ֣י	b/2376	AR/Ncmpc	27NZd
7	13	4		לֵֽילְיָ֔/א	3916	ANcmsd/Td	27SP9
7	13	5		וַ/אֲרוּ֙	c/718	AC/Tm	278M7
7	13	6		עִם	5974	AR	27dJj
7	13	7		עֲנָנֵ֣י	6050	ANcmpc	27edC
7	13	8		שְׁמַיָּ֔/א	8065	ANcmpd/Td	27mRn
7	13	9		כְּ/בַ֥ר	k/1247	AR/Ncmsc	27axV
7	13	10		אֱנָ֖שׁ	606	ANcmsa	27o7u
7	13	11		אָתֵ֣ה	858	AVqrmsa	27ihd
7	13	12		הֲוָ֑ה	1934	AVqp3ms	27vRG
7	13	13		וְ/עַד	c/5705	AC/R	27fGs
7	13	14		עַתִּ֤יק	6268	AAamsc	275QH
7	13	15		יֽוֹמַיָּ/א֙	3118	ANcmpd/Td	27R1Q
7	13	16		מְטָ֔ה	4291	AVqp3ms	27ckh
7	13	17		וּ/קְדָמ֖וֹ/הִי	c/6925	AC/R/Sp3ms	27z9U
7	13	18		הַקְרְבֽוּ/הִי	7127	AVhp3mp/Sp3ms	27ySc
7	14	1		וְ/לֵ֨/הּ	c/l	AC/R/Sp3ms	27hPW
7	14	2		יְהִ֤יב	3052	AVQp3ms	27CfY
7	14	3		שָׁלְטָן֙	7985	ANcmsa	27b31
7	14	4		וִ/יקָ֣ר	c/3367	AC/Ncmsa	27PmK
7	14	5		וּ/מַלְכ֔וּ	c/4437	AC/Ncfsa	27DVx
7	14	6		וְ/כֹ֣ל	c/3606	AC/Ncmsc	27XEf
7	14	7		עַֽמְמַיָּ֗/א	5972	ANcmpd/Td	2756w
7	14	8		אֻמַיָּ֛/א	524	ANcfpd/Td	27h2d
7	14	9		וְ/לִשָּׁנַיָּ֖/א	c/3961	AC/Ncmpd/Td	27GLn
7	14	10		לֵ֣/הּ	l	AR/Sp3ms	272mU
7	14	11		יִפְלְח֑וּן	6399	AVqi3mp	27gjo
7	14	12		שָׁלְטָנֵ֞/הּ	7985	ANcmsc/Sp3ms	27jvq
7	14	13		שָׁלְטָ֤ן	7985	ANcmsc	27kmi
7	14	14		עָלַם֙	5957	ANcmsa	27uRv
7	14	15		דִּֽי	1768	ATr	27YCW
7	14	16		לָ֣א	3809	ATn	27uJ1
7	14	17		יֶעְדֵּ֔ה	5709	AVqi3ms	2771E
7	14	18		וּ/מַלְכוּתֵ֖/הּ	c/4437	AC/Ncfsc/Sp3ms	27kBH
7	14	19		דִּי	1768	ATr	27tFR
7	14	20		לָ֥א	3809	ATn	27oGq
7	14	21		תִתְחַבַּֽל	2255	AVMi3fs	27REV
7	15	1		אֶתְכְּרִיַּ֥ת	3735	AVip3fs	27XBk
7	15	2		רוּחִ֛/י	7308	ANcfsc/Sp1cs	27WEz
7	15	3		אֲנָ֥ה	576 b	APp1cs	27b9h
7	15	4		דָנִיֵּ֖אל	1841	ANp	27jKo
7	15	5		בְּ/ג֣וֹא	b/1459	AR/Ncmsc	275EL
7	15	6		נִדְנֶ֑ה	5085	ANcmsa	27CTs
7	15	7		וְ/חֶזְוֵ֥י	c/2376	AC/Ncmpc	27Cz7
7	15	8		רֵאשִׁ֖/י	7217	ANcmsc/Sp1cs	274NJ
7	15	9		יְבַהֲלֻנַּֽ/נִי	927	AVpi3mp/Sp1cs	27nWS
7	16	1		קִרְבֵ֗ת	7127	AVqp1cs	27CJ3
7	16	2		עַל	5922	AR	27Ymk
7	16	3		חַד֙	2298	AAomsa	27fAS
7	16	4		מִן	4481	AR	27x3S
7	16	5		קָ֣אֲמַיָּ֔/א	6966	AVqrmpd/Td	274tb
7	16	6		וְ/יַצִּיבָ֥א	c/3330	AC/Aafsa	27a6P
7	16	7		אֶבְעֵֽא	1156	AVqi1cs	27nWj
7	16	8		מִנֵּ֖/הּ	4481	AR/Sp3ms	27eKZ
7	16	9		עַֽל	5922	AR	27tM8
7	16	10		כָּל	3606	ANcmsc	27CrC
7	16	11		דְּנָ֑ה	1836	APdxms	27q3W
7	16	12		וַ/אֲמַר	c/560	AC/Vqp3ms	27yMr
7	16	13		לִ֕/י	l	AR/Sp1cs	278Ci
7	16	14		וּ/פְשַׁ֥ר	c/6591	AC/Ncmsc	27jsc
7	16	15		מִלַּיָּ֖/א	4406	ANcfpd/Td	27kGg
7	16	16		יְהוֹדְעִנַּֽ/נִי	3046	AVhi3ms/Sp1cs	27miQ
7	17	1		אִלֵּין֙	459	APdxbp	27Q6Z
7	17	2		חֵיוָתָ֣/א	2423	ANcfpd/Td	27auq
7	17	3		רַבְרְבָתָ֔/א	7260	AAafpd/Td	27Nmy
7	17	4		דִּ֥י	1768	ATr	27HXq
7	17	5		אִנִּ֖ין	581 b	APp3fp	27Prq
7	17	6		אַרְבַּ֑ע	703	AAcbsa	27GoM
7	17	7		אַרְבְּעָ֥ה	703	AAabsa	27Qit
7	17	8		מַלְכִ֖ין	4430	ANcmpa	27EWH
7	17	9		יְקוּמ֥וּן	6966	AVqi3mp	27v1C
7	17	10		מִן	4481	AR	27tNG
7	17	11		אַרְעָֽ/א	772	ANcfsd/Td	27Hag
7	18	1		וִֽ/יקַבְּלוּן֙	c/6902	AC/Vpi3mp	27n52
7	18	2		מַלְכוּתָ֔/א	4437	ANcfsd/Td	27eDt
7	18	3		קַדִּישֵׁ֖י	6922	AAampc	278jm
7	18	4		עֶלְיוֹנִ֑ין	5946	AAampa	27o98
7	18	5		וְ/יַחְסְנ֤וּן	c/2631	AC/Vai3mp	275ax
7	18	6		מַלְכוּתָ/א֙	4437	ANcfsd/Td	27ce1
7	18	7		עַֽד	5705	AR	27iyi
7	18	8		עָ֣לְמָ֔/א	5957	ANcmsd/Td	279mB
7	18	9		וְ/עַ֖ד	c/5705	AC/R	271yE
7	18	10		עָלַ֥ם	5957	ANcmsc	27kZi
7	18	11		עָלְמַיָּֽ/א	5957	ANcmpd/Td	27XWn
7	19	1		אֱדַ֗יִן	116	AD	27N3v
7	19	2		צְבִית֙	6634	AVqp1cs	27WjB
7	19	3		לְ/יַצָּבָ֔א	l/3321	AR/Vpc	27z8A
7	19	4		עַל	5922	AR	27CqV
7	19	5		חֵֽיוְתָ/א֙	2423	ANcfsd/Td	27gaD
7	19	6		רְבִיעָ֣יְתָ֔/א	7244	AAofsd/Td	27iXd
7	19	7		דִּֽי	1768	ATr	27MD3
7	19	8		הֲוָ֥ת	1934	AVqp3fs	27HgW
7	19	9		שָֽׁנְיָ֖ה	8133	AVqrfsa	27ns5
7	19	10		מִן	4481	AR	27jBp
7	19	11	x-ketiv	כל/הון	3605	ANcmsc/Sp3mp	27YWJ
7	19	12		כָּלְּ/הֵ֑ין	3605	ANcmsc/Sp3fs	27SNT
7	19	13		דְּחִילָ֣ה	1763	AVQsfsa	273ye
7	19	14		יַתִּ֗ירָה	3493	AAafsa	27sN7
7	19	15	x-ketiv	שני/ה	8128	ANcfdc/Sp3fs	27X85
7	19	16		שִׁנַּ֤/הּ	8128	ANcfsc/Sp3fs	27oVd
7	19	17		דִּֽי	1768	ATr	27Qiq
7	19	18		פַרְזֶל֙	6523	ANcmsa	27hE4
7	19	19		וְ/טִפְרַ֣י/הּ	c/2953	AC/Ncfpc/Sp3fs	27pej
7	19	20		דִּֽי	1768	ATr	27Y5A
7	19	21		נְחָ֔שׁ	5174	ANcmsa	27ti3
7	19	22		אָֽכְלָ֣ה	399	AVqrfsa	27XtY
7	19	23		מַדֲּקָ֔ה	1855	AVarfsa	27kBb
7	19	24		וּ/שְׁאָרָ֖/א	c/7606	AC/Ncmsd/Td	27CAc
7	19	25		בְּ/רַגְלַ֥י/הּ	b/7271	AR/Ncfpc/Sp3fs	27dWV
7	19	26		רָֽפְסָֽה	7512	AVqrfsa	27atD
7	20	1		וְ/עַל	c/5922	AC/R	27Uit
7	20	2		קַרְנַיָּ֤/א	7162	ANcfpd/Td	27mrd
7	20	3		עֲשַׂר֙	6236	AAcbsa	278NY
7	20	4		דִּ֣י	1768	ATr	27BdS
7	20	5		בְ/רֵאשַׁ֔/הּ	b/7217	AR/Ncmsc/Sp3fs	277d1
7	20	6		וְ/אָחֳרִי֙	c/317	AC/Aafsa	27iGP
7	20	7		דִּ֣י	1768	ATr	27LXv
7	20	8		סִלְקַ֔ת	5559	AVqp3fs	27YrG
7	20	9	x-ketiv	ו/נפלו	c/5308	AC/Vqp3mp	27SBB
7	20	10		וּ/נְפַ֥לָה	c/5308	AC/Vqp3fp	27EcU
7	20	11		מִן	4481	AR	27Yth
7	20	12	x-ketiv	קדמי/ה	6925	AR/Sp3fs	27fZb
7	20	13		קֳדָמַ֖/הּ	6925	AR/Sp3fs	27G6t
7	20	14		תְּלָ֑ת	8532	AAcbsa	274zB
7	20	15		וְ/קַרְנָ֨/א	c/7162	AC/Ncfsd/Td	27DaG
7	20	16		דִכֵּ֜ן	1797	APdxcs	27USD
7	20	17		וְ/עַיְנִ֣ין	c/5870	AC/Ncfpa	272W4
7	20	18		לַ֗/הּ	l	AR/Sp3fs	27Uzr
7	20	19		וְ/פֻם֙	c/6433	AC/Ncmsa	275bQ
7	20	20		מְמַלִּ֣ל	4449	AVprmsa	27whG
7	20	21		רַבְרְבָ֔ן	7260	AAafpa	27Ztm
7	20	22		וְ/חֶזְוַ֖/הּ	c/2376	AC/Ncmsc/Sp3fs	27gob
7	20	23		רַ֥ב	7229	AAamsa	27QLb
7	20	24		מִן	4481	AR	27CzH
7	20	25		חַבְרָתַֽ/הּ	2273	ANcfpc/Sp3fs	27SRf
7	21	1		חָזֵ֣ה	2370	AVqrmsa	27aUL
7	21	2		הֲוֵ֔ית	1934	AVqp1cs	27ABu
7	21	3		וְ/קַרְנָ֣/א	c/7162	AC/Ncfsd/Td	27Qno
7	21	4		דִכֵּ֔ן	1797	APdxcs	27faU
7	21	5		עָבְדָ֥ה	5648	AVqrfsa	27xJG
7	21	6		קְרָ֖ב	7129	ANcmsa	27mUS
7	21	7		עִם	5974	AR	27rbb
7	21	8		קַדִּישִׁ֑ין	6922	AAampa	277s1
7	21	9		וְ/יָכְלָ֖ה	c/3202	AC/Vqrfsa	27g7p
7	21	10		לְ/הֽוֹן	l	AR/Sp3mp	27SNp
7	22	1		עַ֣ד	5705	AR	27Fjh
7	22	2		דִּֽי	1768	ATr	27aH9
7	22	3		אֲתָ֗ה	858	AVqp3ms	27kv5
7	22	4		עַתִּיק֙	6268	ANp	27RUm
7	22	5		יֽוֹמַיָּ֔/א	3118	ANp/Td	27NJw
7	22	6		וְ/דִינָ֣/א	c/1780	AC/Ncmsd/Td	27pgX
7	22	7		יְהִ֔ב	3052	AVQp3ms	27pvp
7	22	8		לְ/קַדִּישֵׁ֖י	l/6922	AR/Aampc	27g9e
7	22	9		עֶלְיוֹנִ֑ין	5946	AAamsa	27qtY
7	22	10		וְ/זִמְנָ֣/א	c/2166	AC/Ncmsd/Td	27mno
7	22	11		מְטָ֔ה	4291	AVqp3ms	275Ne
7	22	12		וּ/מַלְכוּתָ֖/א	c/4437	AC/Ncfsd/Td	27kfA
7	22	13		הֶחֱסִ֥נוּ	2631	AVhp3mp	27o9X
7	22	14		קַדִּישִֽׁין	6922	AAampa	27qEq
7	23	1		כֵּן֮	3652	AAampa	27FMs
7	23	2		אֲמַר֒	560	AVqp3ms	27uss
7	23	3		חֵֽיוְתָ/א֙	2423	ANcfsd/Td	27LSu
7	23	4		רְבִיעָ֣יְתָ֔/א	7244	AAofsd/Td	27X7L
7	23	5		מַלְכ֤וּ	4437	ANcfsa	27acK
7	23	6	x-ketiv	רביעי/א	7244	AAomsd/Td	27Bfx
7	23	7		רְבִיעָ/אָה֙	7244	AAofsd/Td	27Jcq
7	23	8		תֶּהֱוֵ֣א	1934	AVqi3fs	27yxB
7	23	9		בְ/אַרְעָ֔/א	b/772	AR/Ncfsd/Td	27EMh
7	23	10		דִּ֥י	1768	ATr	27oSC
7	23	11		תִשְׁנֵ֖א	8133	AVqi3fs	27x6j
7	23	12		מִן	4481	AR	27sqj
7	23	13		כָּל	3606	AVqi3fs	27U8L
7	23	14		מַלְכְוָתָ֑/א	4437	ANcfpd/Td	27N1A
7	23	15		וְ/תֵאכֻל֙	c/399	AC/Vqi3fs	27S7G
7	23	16		כָּל	3606	ANcmsc	27jyn
7	23	17		אַרְעָ֔/א	772	ANcfsd/Td	27K1A
7	23	18		וּ/תְדוּשִׁנַּ֖/הּ	c/1759	AC/Vqi3fs/Sp3fs	27uDX
7	23	19		וְ/תַדְּקִנַּֽ/הּ	c/1855	AC/Vai3fs/Sp3fs	27xoq
7	24	1		וְ/קַרְנַיָּ֣/א	c/7162	AC/Ncfpd/Td	27p8s
7	24	2		עֲשַׂ֔ר	6236	AAcbsa	27u7q
7	24	3		מִנַּ/הּ֙	4481	AR/Sp3fs	27WtS
7	24	4		מַלְכוּתָ֔/ה	4437	ANcfsd/Td	27PiF
7	24	5		עַשְׂרָ֥ה	6236	AAcbsa	27wyB
7	24	6		מַלְכִ֖ין	4430	ANcmpa	27uBF
7	24	7		יְקֻמ֑וּן	6966	AVqi3mp	27wqi
7	24	8		וְ/אָחֳרָ֞ן	c/321	AC/Aamsa	27Fm8
7	24	9		יְק֣וּם	6966	AVqi3ms	275Sy
7	24	10		אַחֲרֵי/ה֗וֹן	311	AR/Sp3mp	272gS
7	24	11		וְ/ה֤וּא	c/1932	AC/Pp3ms	27Jut
7	24	12		יִשְׁנֵא֙	8133	AVqi3ms	27p3n
7	24	13		מִן	4481	AR	27d68
7	24	14		קַדְמָיֵ֔/א	6933	AAampd/Td	27qeT
7	24	15		וּ/תְלָתָ֥ה	c/8532	AC/Acbsa	272pY
7	24	16		מַלְכִ֖ין	4430	ANcmpa	27hYY
7	24	17		יְהַשְׁפִּֽל	8214	AVhi3ms	27gz6
7	25	1		וּ/מִלִּ֗ין	c/4406	AC/Ncfpa	27YKe
7	25	2		לְ/צַ֤ד	l/6655	AR/Ncmsc	27LnX
7	25	3	x-ketiv	עלי/א	5943	AAamsd/Td	27fBS
7	25	4		עִלָּאָ/ה֙	5943	AAamsd/Td	27r2p
7	25	5		יְמַלִּ֔ל	4449	AVpi3ms	27RiY
7	25	6		וּ/לְ/קַדִּישֵׁ֥י	c/l/6922	AC/R/Aampc	27ZhF
7	25	7		עֶלְיוֹנִ֖ין	5946	AAampa	27M4z
7	25	8		יְבַלֵּ֑א	1080	AVpi3ms	27t9s
7	25	9		וְ/יִסְבַּ֗ר	c/5452	AC/Vqi3ms	27ubY
7	25	10		לְ/הַשְׁנָיָה֙	l/8133	AR/Vhc	27hDs
7	25	11		זִמְנִ֣ין	2166	ANcmpa	27tti
7	25	12		וְ/דָ֔ת	c/1882	AC/Ncfsa	27Ht3
7	25	13		וְ/יִתְיַהֲב֣וּן	c/3052	AC/Vui3mp	2737A
7	25	14		בִּ/ידֵ֔/הּ	b/3028	AR/Ncfsc/Sp3ms	27ZhJ
7	25	15		עַד	5705	AR	27SmQ
7	25	16		עִדָּ֥ן	5732	ANcmsa	27MZa
7	25	17		וְ/עִדָּנִ֖ין	c/5732	AC/Ncmpa	27zKB
7	25	18		וּ/פְלַ֥ג	c/6387	AC/Ncmsc	27eLd
7	25	19		עִדָּֽן	5732	ANcmsa	27o5N
7	26	1		וְ/דִינָ֖/א	c/1780	AC/Ncmsd/Td	27S8J
7	26	2		יִתִּ֑ב	3488	AVqi3ms	27wdY
7	26	3		וְ/שָׁלְטָנֵ֣/הּ	c/7985	AC/Ncmsc/Sp3ms	274qA
7	26	4		יְהַעְדּ֔וֹן	5709	AVhi3mp	27vHo
7	26	5		לְ/הַשְׁמָדָ֥ה	l/8046	AR/Vhc	27JGD
7	26	6		וּ/לְ/הוֹבָדָ֖ה	c/l/7	AC/R/Vhc	276uD
7	26	7		עַד	5705	AR	27CXt
7	26	8		סוֹפָֽ/א	5491	ANcmsd/Td	27Pwy
7	27	1		וּ/מַלְכוּתָ֨/ה	c/4437	AC/Ncfsd/Td	278Dn
7	27	2		וְ/שָׁלְטָנָ֜/א	c/7985	AC/Ncmsd/Td	27avv
7	27	3		וּ/רְבוּתָ֗/א	c/7238	AC/Ncfsd/Td	27bKm
7	27	4		דִּ֚י	1768	ATr	274Vj
7	27	5		מַלְכְוָת֙	4437	ANcfpc	271Ae
7	27	6		תְּח֣וֹת	8460	AR	27Kmu
7	27	7		כָּל	3606	ANcmsc	27yUJ
7	27	8		שְׁמַיָּ֔/א	8065	ANcmpd/Td	27UZY
7	27	9		יְהִיבַ֕ת	3052	AVQp3fs	27t13
7	27	10		לְ/עַ֖ם	l/5972	AR/Ncmsc	27SW7
7	27	11		קַדִּישֵׁ֣י	6922	AAampc	27znf
7	27	12		עֶלְיוֹנִ֑ין	5946	AAampa	2712R
7	27	13		מַלְכוּתֵ/הּ֙	4437	ANcfsc/Sp3ms	27Wm7
7	27	14		מַלְכ֣וּת	4437	ANcfsc	27Jxk
7	27	15		עָלַ֔ם	5957	ANcmsa	27zc3
7	27	16		וְ/כֹל֙	c/3606	AC/Ncmsc	27hE9
7	27	17		שָׁלְטָ֣נַיָּ֔/א	7985	ANcmpd/Td	27NHf
7	27	18		לֵ֥/הּ	l	AR/Sp3ms	27d3H
7	27	19		יִפְלְח֖וּן	6399	AVqi3mp	27hmj
7	27	20		וְ/יִֽשְׁתַּמְּעֽוּן	c/8086	AC/VMi3mp	27GSJ
7	28	1		עַד	5705	AR	27RMB
7	28	2		כָּ֖ה	3542	AD	272am
7	28	3		סוֹפָ֣/א	5491	ANcmsd/Td	27Pwx
7	28	4		דִֽי	1768	ATr	27sNu
7	28	5		מִלְּתָ֑/א	4406	ANcfsd/Td	27SGp
7	28	6		אֲנָ֨ה	576 b	APp1cs	27AKE
7	28	7		דָֽנִיֵּ֜אל	1841	ANp	27BdE
7	28	8		שַׂגִּ֣יא	7690	AAamsa	27Z58
7	28	9		רַעְיוֹנַ֣/י	7476	ANcmpc/Sp1cs	27sXJ
7	28	10		יְבַהֲלֻנַּ֗/נִי	927	AVpi3mp/Sp1cs	27nEL
7	28	11		וְ/זִיוַ/י֙	c/2122	AC/Ncmpc/Sp1cs	27LDB
7	28	12		יִשְׁתַּנּ֣וֹן	8133	AVMi3mp	27Lsc
7	28	13		עֲלַ֔/י	5922	AR/Sp1cs	274Se
7	28	14		וּ/מִלְּתָ֖/א	c/4406	AC/Ncfsd/Td	27KM8
7	28	15		בְּ/לִבִּ֥/י	b/3821	AR/Ncmsc/Sp1cs	279DU
7	28	16		נִטְרֵֽת	5202	AVqp1cs	274Q5
8	1	1		בִּ/שְׁנַ֣ת	b/8141	HR/Ncfsc	27NAz
8	1	2		שָׁל֔וֹשׁ	7969	HAcfsa	27xWi
8	1	3		לְ/מַלְכ֖וּת	l/4438	HR/Ncfsc	27kqa
8	1	4		בֵּלְאשַׁצַּ֣ר	1112	HNp	27Awb
8	1	5		הַ/מֶּ֑לֶךְ	d/4428	HTd/Ncmsa	27Us6
8	1	6		חָז֞וֹן	2377	HNcmsa	27XWb
8	1	7		נִרְאָ֤ה	7200	HVNp3ms	27AzE
8	1	8		אֵלַ/י֙	413	HR/Sp1cs	27zMc
8	1	9		אֲנִ֣י	589	HPp1cs	27f4L
8	1	10		דָנִיֵּ֔אל	1840	HNp	27zMh
8	1	11		אַחֲרֵ֛י	310 a	HR	27uRx
8	1	12		הַ/נִּרְאָ֥ה	d/7200	HTd/VNp3ms	27u5G
8	1	13		אֵלַ֖/י	413	HR/Sp1cs	27V2c
8	1	14		בַּ/תְּחִלָּֽה	b/8462	HRd/Ncfsa	27GoD
8	2	1		וָֽ/אֶרְאֶה֮	c/7200	HC/Vqw1cs	27Euf
8	2	2		בֶּ/חָזוֹן֒	b/2377	HRd/Ncmsa	27hmw
8	2	3		וַ/יְהִי֙	c/1961	HC/Vqw3ms	27Hme
8	2	4		בִּ/רְאֹתִ֔/י	b/7200	HR/Vqc/Sp1cs	27pDV
8	2	5		וַ/אֲנִי֙	c/589	HC/Pp1cs	27zCP
8	2	6		בְּ/שׁוּשַׁ֣ן	b/7800	HR/Np	27QxP
8	2	7		הַ/בִּירָ֔ה	d/1002	HTd/Ncfsa	27ihJ
8	2	8		אֲשֶׁ֖ר	834 a	HTr	27NR3
8	2	9		בְּ/עֵילָ֣ם	b/5867 a	HR/Np	27Wsp
8	2	10		הַ/מְּדִינָ֑ה	d/4082	HTd/Ncfsa	27eVQ
8	2	11		וָ/אֶרְאֶה֙	c/7200	HC/Vqw1cs	27upN
8	2	12		בֶּֽ/חָז֔וֹן	b/2377	HRd/Ncmsa	27Zh8
8	2	13		וַ/אֲנִ֥י	c/589	HC/Pp1cs	27Pf6
8	2	14		הָיִ֖יתִי	1961	HVqp1cs	27kEn
8	2	15		עַל	5921 a	HR	27det
8	2	16		אוּבַ֥ל	180	HNcmsc	27peM
8	2	17		אוּלָֽי	195	HNp	27dMe
8	3	1		וָ/אֶשָּׂ֤א	c/5375	HC/Vqw1cs	27VmC
8	3	2		עֵינַ/י֙	5869 a	HNcbdc/Sp1cs	27wQx
8	3	3		וָ/אֶרְאֶ֔ה	c/7200	HC/Vqw1cs	27VMV
8	3	4		וְ/הִנֵּ֣ה	c/2009	HC/Tm	27GSm
8	3	5		אַ֣יִל	352 a	HNcmsa	275sF
8	3	6		אֶחָ֗ד	259	HAcmsa	27Rdh
8	3	7		עֹמֵ֛ד	5975	HVqrmsa	27V35
8	3	8		לִ/פְנֵ֥י	l/6440	HR/Ncbpc	27iQU
8	3	9		הָ/אֻבָ֖ל	d/180	HTd/Ncmsa	274GK
8	3	10		וְ/ל֣/וֹ	c/l	HC/R/Sp3ms	277A7
8	3	11		קְרָנָ֑יִם	7161 a	HNcbda	27W71
8	3	12		וְ/הַ/קְּרָנַ֣יִם	c/d/7161 a	HC/Td/Ncbda	2788E
8	3	13		גְּבֹה֗וֹת	1364	HAafpa	27Gdj
8	3	14		וְ/הָ/אַחַת֙	c/d/259	HC/Td/Acfsa	27h3q
8	3	15		גְּבֹהָ֣ה	1364	HAafsa	27fkU
8	3	16		מִן	4480 a	HR	27Ass
8	3	17		הַ/שֵּׁנִ֔ית	d/8145	HTd/Aofsa	2797U
8	3	18		וְ/הַ֨/גְּבֹהָ֔ה	c/d/1364	HC/Td/Aafsa	27YSa
8	3	19		עֹלָ֖ה	5927	HVqrfsa	27FHj
8	3	20		בָּ/אַחֲרֹנָֽה	b/314	HRd/Aafsa	278ZH
8	4	1		רָאִ֣יתִי	7200	HVqp1cs	27vK2
8	4	2		אֶת	853	HTo	27SNW
8	4	3		הָ/אַ֡יִל	d/352 a	HTd/Ncmsa	27Mrd
8	4	4		מְנַגֵּחַ֩	5055	HVprmsa	27mxr
8	4	5		יָ֨מָּ/ה	3220	HNcmsa/Sd	27Rm3
8	4	6		וְ/צָפ֜וֹנָ/ה	c/6828	HC/Ncfsa/Sd	27JFe
8	4	7		וָ/נֶ֗גְבָּ/ה	c/5045	HC/Ncmsa/Sd	27Vat
8	4	8		וְ/כָל	c/3605	HC/Ncmsc	274Nu
8	4	9		חַיּוֹת֙	2416 c	HNcfpa	2759s
8	4	10		לֹֽא	3808	HTn	27yAS
8	4	11		יַֽעַמְד֣וּ	5975	HVqi3mp	27Drk
8	4	12		לְ/פָנָ֔י/ו	l/6440	HR/Ncbpc/Sp3ms	27kox
8	4	13		וְ/אֵ֥ין	c/369	HC/Tn	27qHe
8	4	14		מַצִּ֖יל	5337	HVhrmsa	27bLP
8	4	15		מִ/יָּד֑/וֹ	m/3027	HR/Ncbsc/Sp3ms	27VkX
8	4	16		וְ/עָשָׂ֥ה	c/6213 a	HC/Vqq3ms	27Cjp
8	4	17		כִ/רְצֹנ֖/וֹ	k/7522	HR/Ncmsc/Sp3ms	279dQ
8	4	18		וְ/הִגְדִּֽיל	c/1431	HC/Vhq3ms	27VAa
8	5	1		וַ/אֲנִ֣י	c/589	HC/Pp1cs	27PY4
8	5	2		הָיִ֣יתִי	1961	HVqp1cs	27N7X
8	5	3		מֵבִ֗ין	995	HVhrmsa	279vs
8	5	4		וְ/הִנֵּ֤ה	c/2009	HC/Tm	27C5h
8	5	5		צְפִיר	6842	HNcmsc	27a7n
8	5	6		הָֽ/עִזִּים֙	d/5795	HTd/Ncfpa	27zJe
8	5	7		בָּ֤א	935	HVqrmsa	27PcK
8	5	8		מִן	4480 a	HR	27c4r
8	5	9		הַֽ/מַּעֲרָב֙	d/4628	HTd/Ncmsa	271zb
8	5	10		עַל	5921 a	HR	2789i
8	5	11		פְּנֵ֣י	6440	HNcbpc	27sCL
8	5	12		כָל	3605	HNcmsc	27faF
8	5	13		הָ/אָ֔רֶץ	d/776	HTd/Ncbsa	27kqz
8	5	14		וְ/אֵ֥ין	c/369	HC/Tn	2796q
8	5	15		נוֹגֵ֖עַ	5060	HVqrmsa	27ret
8	5	16		בָּ/אָ֑רֶץ	b/776	HRd/Ncbsa	27C7D
8	5	17		וְ/הַ֨/צָּפִ֔יר	c/d/6842	HC/Td/Ncmsa	272md
8	5	18		קֶ֥רֶן	7161 a	HNcbsc	27XGJ
8	5	19		חָז֖וּת	2380	HNcfsa	27hPa
8	5	20		בֵּ֥ין	996	HR	27vef
8	5	21		עֵינָֽי/ו	5869 a	HNcbdc/Sp3ms	27cJJ
8	6	1		וַ/יָּבֹ֗א	c/935	HC/Vqw3ms	27rbT
8	6	2		עַד	5704	HR	278Ea
8	6	3		הָ/אַ֨יִל֙	d/352 a	HTd/Ncmsa	27gVK
8	6	4		בַּ֣עַל	1167	HNcmsc	274HS
8	6	5		הַ/קְּרָנַ֔יִם	d/7161 a	HTd/Ncbda	27mj8
8	6	6		אֲשֶׁ֣ר	834 a	HTr	27bJu
8	6	7		רָאִ֔יתִי	7200	HVqp1cs	27MwN
8	6	8		עֹמֵ֖ד	5975	HVqrmsa	27wWB
8	6	9		לִ/פְנֵ֣י	l/6440	HR/Ncbpc	27trS
8	6	10		הָ/אֻבָ֑ל	d/180	HTd/Ncmsa	27i8H
8	6	11		וַ/יָּ֥רָץ	c/7323	HC/Vqw3ms	27rzM
8	6	12		אֵלָ֖י/ו	413	HR/Sp3ms	27wUo
8	6	13		בַּ/חֲמַ֥ת	b/2534	HR/Ncfsc	27R7j
8	6	14		כֹּחֽ/וֹ	3581 b	HNcmsc/Sp3ms	27qgv
8	7	1		וּ/רְאִיתִ֞י/ו	c/7200	HC/Vqp1cs/Sp3ms	272zb
8	7	2		מַגִּ֣יעַ	5060	HVhrmsa	279RY
8	7	3		אֵ֣צֶל	681	HR	27sqX
8	7	4		הָ/אַ֗יִל	d/352 a	HTd/Ncmsa	27aqQ
8	7	5		וַ/יִּתְמַרְמַ֤ר	c/4843	HC/Vfw3ms	27rK8
8	7	6		אֵלָי/ו֙	413	HR/Sp3ms	27LMs
8	7	7		וַ/יַּ֣ךְ	c/5221	HC/Vhw3ms	27SGP
8	7	8		אֶת	853	HTo	27wyN
8	7	9		הָ/אַ֔יִל	d/352 a	HTd/Ncmsa	273Wk
8	7	10		וַ/יְשַׁבֵּר֙	c/7665	HC/Vpw3ms	27MKh
8	7	11		אֶת	853	HTo	27xqJ
8	7	12		שְׁתֵּ֣י	8147	HAcfdc	27aoc
8	7	13		קְרָנָ֔י/ו	7161 a	HNcbdc/Sp3ms	27aM6
8	7	14		וְ/לֹא	c/3808	HC/Tn	27ujL
8	7	15		הָ֥יָה	1961	HVqp3ms	27i5Y
8	7	16		כֹ֛חַ	3581 b	HNcmsa	27npa
8	7	17		בָּ/אַ֖יִל	b/352 a	HRd/Ncmsa	27E9M
8	7	18		לַ/עֲמֹ֣ד	l/5975	HR/Vqc	27x2c
8	7	19		לְ/פָנָ֑י/ו	l/6440	HR/Ncbpc/Sp3ms	27Y2D
8	7	20		וַ/יַּשְׁלִיכֵ֤/הוּ	c/7993	HC/Vhw3ms/Sp3ms	27Meo
8	7	21		אַ֨רְצָ/ה֙	776	HNcbsa/Sd	27h5c
8	7	22		וַֽ/יִּרְמְסֵ֔/הוּ	c/7429	HC/Vqw3ms/Sp3ms	27Nsn
8	7	23		וְ/לֹא	c/3808	HC/Tn	27Pej
8	7	24		הָיָ֥ה	1961	HVqp3ms	27tYz
8	7	25		מַצִּ֛יל	5337	HVhrmsa	27Pcn
8	7	26		לָ/אַ֖יִל	l/352 a	HRd/Ncmsa	27SiH
8	7	27		מִ/יָּדֽ/וֹ	m/3027	HR/Ncbsc/Sp3ms	275cU
8	8	1		וּ/צְפִ֥יר	c/6842	HC/Ncmsc	27Eeo
8	8	2		הָ/עִזִּ֖ים	d/5795	HTd/Ncfpa	27mie
8	8	3		הִגְדִּ֣יל	1431	HVhp3ms	27Unm
8	8	4		עַד	5704	HR	27kSG
8	8	5		מְאֹ֑ד	3966	HD	27gGY
8	8	6		וּ/כְ/עָצְמ֗/וֹ	c/k/6105 a	HC/R/Vqc/Sp3ms	27wFV
8	8	7		נִשְׁבְּרָה֙	7665	HVNp3fs	27RCx
8	8	8		הַ/קֶּ֣רֶן	d/7161 a	HTd/Ncbsa	27ti5
8	8	9		הַ/גְּדוֹלָ֔ה	d/1419 a	HTd/Aafsa	27rN3
8	8	10		וַֽ/תַּעֲלֶ֜נָה	c/5927	HC/Vqw3fp	27BLX
8	8	11		חָז֤וּת	2380	HNcfsa	27boU
8	8	12		אַרְבַּע֙	702	HAcfsa	27d1n
8	8	13		תַּחְתֶּ֔י/הָ	8478	HR/Sp3fs	27b8r
8	8	14		לְ/אַרְבַּ֖ע	l/702	HR/Acfsa	27PBA
8	8	15		רוּח֥וֹת	7307	HNcbpc	27V4e
8	8	16		הַ/שָּׁמָֽיִם	d/8064	HTd/Ncmpa	27Es6
8	9	1		וּ/מִן	c/4480 a	HC/R	27Uhs
8	9	2		הָ/אַחַ֣ת	d/259	HTd/Acfsa	27aMR
8	9	3		מֵ/הֶ֔ם	m	HR/Sp3mp	27UuW
8	9	4		יָצָ֥א	3318	HVqp3ms	27RPy
8	9	5		קֶֽרֶן	7161 a	HNcbsa	27udF
8	9	6		אַחַ֖ת	259	HAcfsa	27Sy4
8	9	7		מִ/צְּעִירָ֑ה	m/4704	HR/Aafsa	27jnZ
8	9	8		וַ/תִּגְדַּל	c/1431	HC/Vqw3fs	27jnF
8	9	9		יֶ֛תֶר	3499 a	HNcmsa	277ss
8	9	10		אֶל	413	HR	27ino
8	9	11		הַ/נֶּ֥גֶב	d/5045	HTd/Ncmsa	27XLt
8	9	12		וְ/אֶל	c/413	HC/R	27ZsF
8	9	13		הַ/מִּזְרָ֖ח	d/4217	HTd/Ncmsa	271cW
8	9	14		וְ/אֶל	c/413	HC/R	27AjK
8	9	15		הַ/צֶּֽבִי	d/6643 a	HTd/Ncmsa	27pFJ
8	10	1		וַ/תִּגְדַּ֖ל	c/1431	HC/Vqw3fs	27K1X
8	10	2		עַד	5704	HR	27mKX
8	10	3		צְבָ֣א	6635 a	HNcbsc	27Mpt
8	10	4		הַ/שָּׁמָ֑יִם	d/8064	HTd/Ncmpa	27wP4
8	10	5		וַ/תַּפֵּ֥ל	c/5307	HC/Vhw3fs	27jmU
8	10	6		אַ֛רְצָ/ה	776	HNcbsa/Sd	27eRW
8	10	7		מִן	4480 a	HR	27tQY
8	10	8		הַ/צָּבָ֥א	d/6635 a	HTd/Ncbsa	27R4T
8	10	9		וּ/מִן	c/4480 a	HC/R	274cT
8	10	10		הַ/כּוֹכָבִ֖ים	d/3556	HTd/Ncmpa	27m9t
8	10	11		וַֽ/תִּרְמְסֵֽ/ם	c/7429	HC/Vqw3fs/Sp3mp	27MxN
8	11	1		וְ/עַ֥ד	c/5704	HC/R	27HKE
8	11	2		שַֽׂר	8269	HNcmsc	27HTT
8	11	3		הַ/צָּבָ֖א	d/6635 a	HTd/Ncbsa	27V1j
8	11	4		הִגְדִּ֑יל	1431	HVhp3ms	272Js
8	11	5		וּ/מִמֶּ֨/נּוּ֙	c/4480 a	HC/R/Sp3ms	27W9E
8	11	6	x-ketiv	הרים	7311 a	HVhp3ms	27T7b
8	11	7		הוּרַ֣ם	7311 a	HVHp3ms	272vK
8	11	8		הַ/תָּמִ֔יד	d/8548	HTd/Ncmsa	27uMy
8	11	9		וְ/הֻשְׁלַ֖ךְ	c/7993	HC/VHp3ms	27686
8	11	10		מְכ֥וֹן	4349	HNcmsc	27afp
8	11	11		מִקְדָּשֽׁ/וֹ	4720	HNcmsc/Sp3ms	27kV5
8	12	1		וְ/צָבָ֛א	c/6635 a	HC/Ncbsa	27yK5
8	12	2		תִּנָּתֵ֥ן	5414	HVNi3fs	27kcg
8	12	3		עַל	5921 a	HR	27RRm
8	12	4		הַ/תָּמִ֖יד	d/8548	HTd/Ncmsa	277pV
8	12	5		בְּ/פָ֑שַׁע	b/6588	HR/Ncmsa	27HhQ
8	12	6		וְ/תַשְׁלֵ֤ךְ	c/7993	HC/Vhi3fs	27zX3
8	12	7		אֱמֶת֙	571	HNcfsa	27qit
8	12	8		אַ֔רְצָ/ה	776	HNcbsa/Sd	27mju
8	12	9		וְ/עָשְׂתָ֖ה	c/6213 a	HC/Vqq3fs	27XGi
8	12	10		וְ/הִצְלִֽיחָה	c/6743 b	HC/Vhq3fs	27UFc
8	13	1		וָ/אֶשְׁמְעָ֥/ה	c/8085	HC/Vqw1cs/Sh	277B8
8	13	2		אֶֽחָד	259	HAcmsa	27a34
8	13	3		קָד֖וֹשׁ	6918	HAamsa	27aKv
8	13	4		מְדַבֵּ֑ר	1696	HVprmsa	27v9T
8	13	5		וַ/יֹּאמֶר֩	c/559	HC/Vqw3ms	272tz
8	13	6		אֶחָ֨ד	259	HAcmsa	272y9
8	13	7		קָד֜וֹשׁ	6918	HAamsa	27swM
8	13	8		לַ/פַּֽלְמוֹנִ֣י	l/6422	HRd/Pf	27wiK
8	13	9		הַֽ/מְדַבֵּ֗ר	d/1696	HTd/Vprmsa	27sDy
8	13	10		עַד	5704	HR	27crC
8	13	11		מָתַ֞י	4970	HTi	27Bwp
8	13	12		הֶ/חָז֤וֹן	d/2377	HTd/Ncmsa	27yNo
8	13	13		הַ/תָּמִיד֙	d/8548	HTd/Ncmsa	27zMn
8	13	14		וְ/הַ/פֶּ֣שַׁע	c/d/6588	HC/Td/Ncmsa	27TXQ
8	13	15		שֹׁמֵ֔ם	8074	HVqrmsa	27hfV
8	13	16		תֵּ֛ת	5414	HVqc	27K2f
8	13	17		וְ/קֹ֥דֶשׁ	c/6944	HC/Ncmsa	27hMA
8	13	18		וְ/צָבָ֖א	c/6635 a	HC/Ncbsa	27g6w
8	13	19		מִרְמָֽס	4823	HNcmsa	27Dxg
8	14	1		וַ/יֹּ֣אמֶר	c/559	HC/Vqw3ms	27hDt
8	14	2		אֵלַ֔/י	413	HR/Sp1cs	27JoU
8	14	3		עַ֚ד	5704	HR	27zcL
8	14	4		עֶ֣רֶב	6153	HNcmsa	275eb
8	14	5		בֹּ֔קֶר	1242	HNcmsa	27E5V
8	14	6		אַלְפַּ֖יִם	505	HAcbpa	27shT
8	14	7		וּ/שְׁלֹ֣שׁ	c/7969	HC/Acfsa	27Gxb
8	14	8		מֵא֑וֹת	3967	HAcbpa	27xdy
8	14	9		וְ/נִצְדַּ֖ק	c/6663	HC/VNq3ms	27xcf
8	14	10		קֹֽדֶשׁ	6944	HNcmsa	27R9X
8	15	1		וַ/יְהִ֗י	c/1961	HC/Vqw3ms	27gMk
8	15	2		בִּ/רְאֹתִ֛/י	b/7200	HR/Vqc/Sp1cs	27wFk
8	15	3		אֲנִ֥י	589	HPp1cs	271yV
8	15	4		דָנִיֵּ֖אל	1840	HNp	27UKs
8	15	5		אֶת	853	HTo	27mMQ
8	15	6		הֶ/חָז֑וֹן	d/2377	HTd/Ncmsa	27akU
8	15	7		וָ/אֲבַקְשָׁ֣/ה	c/1245	HC/Vpw1cs/Sh	27FdP
8	15	8		בִינָ֔ה	998	HNcfsa	27fBN
8	15	9		וְ/הִנֵּ֛ה	c/2009	HC/Tm	27QgK
8	15	10		עֹמֵ֥ד	5975	HVqrmsa	27aPN
8	15	11		לְ/נֶגְדִּ֖/י	l/5048	HR/R/Sp1cs	27XHx
8	15	12		כְּ/מַרְאֵה	k/4758	HR/Ncmsc	27xxk
8	15	13		גָֽבֶר	1397	HNcmsa	27ShD
8	16	1		וָ/אֶשְׁמַ֥ע	c/8085	HC/Vqw1cs	27MEx
8	16	2		קוֹל	6963 a	HNcmsc	2786V
8	16	3		אָדָ֖ם	120	HNcmsa	274gS
8	16	4		בֵּ֣ין	996	HR	27X5d
8	16	5		אוּלָ֑י	195	HNp	272oP
8	16	6		וַ/יִּקְרָא֙	c/7121	HC/Vqw3ms	27fEW
8	16	7		וַ/יֹּאמַ֔ר	c/559	HC/Vqw3ms	27mbg
8	16	8		גַּבְרִיאֵ֕ל	1403	HNp	27uda
8	16	9		הָבֵ֥ן	995	HVhv2ms	27fci
8	16	10		לְ/הַלָּ֖ז	l/1975	HR/Pdxcs	27FqG
8	16	11		אֶת	853	HTo	27LVx
8	16	12		הַ/מַּרְאֶֽה	d/4758	HTd/Ncmsa	271w8
8	17	1		וַ/יָּבֹא֙	c/935	HC/Vqw3ms	27wEJ
8	17	2		אֵ֣צֶל	681	HR	27X5H
8	17	3		עָמְדִ֔/י	5975	HNcmsc/Sp1cs	27Zhq
8	17	4		וּ/בְ/בֹא֣/וֹ	c/b/935	HC/R/Vqc/Sp3ms	27b1X
8	17	5		נִבְעַ֔תִּי	1204	HVNp1cs	27w8M
8	17	6		וָ/אֶפְּלָ֖/ה	c/5307	HC/Vqw1cs/Sh	27tdz
8	17	7		עַל	5921 a	HR	27giU
8	17	8		פָּנָ֑/י	6440	HNcbpc/Sp1cs	27iXF
8	17	9		וַ/יֹּ֤אמֶר	c/559	HC/Vqw3ms	27ssa
8	17	10		אֵלַ/י֙	413	HR/Sp1cs	27REu
8	17	11		הָבֵ֣ן	995	HVhv2ms	27Tdr
8	17	12		בֶּן	1121 a	HNcmsc	27BFg
8	17	13		אָדָ֔ם	120	HNcmsa	27T8E
8	17	14		כִּ֖י	3588 a	HC	27WQf
8	17	15		לְ/עֶת	l/6256	HR/Ncbsc	27eUm
8	17	16		קֵ֥ץ	7093	HNcmsa	276Tw
8	17	17		הֶ/חָזֽוֹן	d/2377	HTd/Ncmsa	27ywr
8	18	1		וּ/בְ/דַבְּר֣/וֹ	c/b/1696	HC/R/Vpc/Sp3ms	27oym
8	18	2		עִמִּ֔/י	5973 a	HR/Sp1cs	27Di6
8	18	3		נִרְדַּ֥מְתִּי	7290	HVNp1cs	27AXZ
8	18	4		עַל	5921 a	HR	27o2H
8	18	5		פָּנַ֖/י	6440	HNcbpc/Sp1cs	27MaF
8	18	6		אָ֑רְצָ/ה	776	HNcbsa/Sd	275PZ
8	18	7		וַ/יִּ֨גַּע	c/5060	HC/Vqw3ms	27Gcz
8	18	8		בִּ֔/י	b	HR/Sp1cs	27kjt
8	18	9		וַ/יַּֽעֲמִידֵ֖/נִי	c/5975	HC/Vhw3ms/Sp1cs	27nTA
8	18	10		עַל	5921 a	HR	27Xw7
8	18	11		עָמְדִֽ/י	5975	HNcmsc/Sp1cs	27X3d
8	19	1		וַ/יֹּ֨אמֶר֙	c/559	HC/Vqw3ms	275Mw
8	19	2		הִנְ/נִ֣י	2005	HTm/Sp1cs	27uvu
8	19	3		מוֹדִֽיעֲ/ךָ֔	3045	HVhrmsc/Sp2ms	27z1m
8	19	4		אֵ֥ת	853	HTo	27BYB
8	19	5		אֲשֶׁר	834 a	HTr	27fDj
8	19	6		יִהְיֶ֖ה	1961	HVqi3ms	27UXN
8	19	7		בְּ/אַחֲרִ֣ית	b/319	HR/Ncfsc	27wXa
8	19	8		הַ/זָּ֑עַם	d/2195	HTd/Ncmsa	27CmE
8	19	9		כִּ֖י	3588 a	HC	27bdC
8	19	10		לְ/מוֹעֵ֥ד	l/4150	HR/Ncmsc	27gUj
8	19	11		קֵֽץ	7093	HNcmsa	27kJL
8	20	1		הָ/אַ֥יִל	d/352 a	HTd/Ncmsa	27SLq
8	20	2		אֲשֶׁר	834 a	HTr	27W3H
8	20	3		רָאִ֖יתָ	7200	HVqp2ms	27qJ4
8	20	4		בַּ֣עַל	1167	HNcmsc	27aVp
8	20	5		הַ/קְּרָנָ֑יִם	d/7161 a	HTd/Ncbda	27JGF
8	20	6		מַלְכֵ֖י	4428	HNcmpc	279aY
8	20	7		מָדַ֥י	4074	HNp	279pt
8	20	8		וּ/פָרָֽס	c/6539	HC/Np	2724k
8	21	1		וְ/הַ/צָּפִ֥יר	c/d/6842	HC/Td/Ncmsa	271M6
8	21	2		הַ/שָּׂעִ֖יר	d/8163 b	HTd/Aamsa	279Dg
8	21	3		מֶ֣לֶךְ	4428	HNcmsc	27RHw
8	21	4		יָוָ֑ן	3120	HNp	27J9s
8	21	5		וְ/הַ/קֶּ֤רֶן	c/d/7161 a	HC/Td/Ncbsa	27t9t
8	21	6		הַ/גְּדוֹלָה֙	d/1419 a	HTd/Aafsa	27ZqP
8	21	7		אֲשֶׁ֣ר	834 a	HTr	278Fu
8	21	8		בֵּין	996	HR	27JNs
8	21	9		עֵינָ֔י/ו	5869 a	HNcbdc/Sp3ms	27xmF
8	21	10		ה֖וּא	1931	HPp3ms	27vVj
8	21	11		הַ/מֶּ֥לֶךְ	d/4428	HTd/Ncmsa	27pPj
8	21	12		הָ/רִאשֽׁוֹן	d/7223	HTd/Aomsa	27n48
8	22	1		וְ/הַ֨/נִּשְׁבֶּ֔רֶת	c/d/7665	HC/Td/VNsfsa	27LQQ
8	22	2		וַ/תַּֽעֲמֹ֥דְנָה	c/5975	HC/Vqw3fp	27nFs
8	22	3		אַרְבַּ֖ע	702	HAcfsa	27zKb
8	22	4		תַּחְתֶּ֑י/הָ	8478	HR/Sp3fs	27M2G
8	22	5		אַרְבַּ֧ע	702	HAcfsa	27p7o
8	22	6		מַלְכֻי֛וֹת	4438	HNcfpa	27cvy
8	22	7		מִ/גּ֥וֹי	m/1471 a	HR/Ncmsa	27uTh
8	22	8		יַעֲמֹ֖דְנָה	5975	HVqi3fp	2762r
8	22	9		וְ/לֹ֥א	c/3808	HC/Tn	27XAc
8	22	10		בְ/כֹחֽ/וֹ	b/3581 b	HR/Ncmsc/Sp3ms	27XMh
8	23	1		וּֽ/בְ/אַחֲרִית֙	c/b/319	HC/R/Ncfsc	27Pm6
8	23	2		מַלְכוּתָ֔/ם	4438	HNcfsc/Sp3mp	27Exh
8	23	3		כְּ/הָתֵ֖ם	k/8552	HR/Vhc	27Mhm
8	23	4		הַ/פֹּשְׁעִ֑ים	d/6586	HTd/Vqrmpa	27k8r
8	23	5		יַעֲמֹ֛ד	5975	HVqi3ms	27U2q
8	23	6		מֶ֥לֶךְ	4428	HNcmsa	27f9x
8	23	7		עַז	5794	HAamsc	27F3B
8	23	8		פָּנִ֖ים	6440	HNcbpa	27u6M
8	23	9		וּ/מֵבִ֥ין	c/995	HC/Vhrmsa	27ttW
8	23	10		חִידֽוֹת	2420	HNcfpa	27Not
8	24	1		וְ/עָצַ֤ם	c/6105 a	HC/Vqq3ms	27QoS
8	24	2		כֹּח/וֹ֙	3581 b	HNcmsc/Sp3ms	27MfC
8	24	3		וְ/לֹ֣א	c/3808	HC/Tn	27KoV
8	24	4		בְ/כֹח֔/וֹ	b/3581 b	HR/Ncmsc/Sp3ms	27592
8	24	5		וְ/נִפְלָא֥וֹת	c/6381	HC/VNrfpa	27Vfx
8	24	6		יַשְׁחִ֖ית	7843	HVhi3ms	27QkU
8	24	7		וְ/הִצְלִ֣יחַ	c/6743 b	HC/Vhq3ms	276L9
8	24	8		וְ/עָשָׂ֑ה	c/6213 a	HC/Vqq3ms	27cpC
8	24	9		וְ/הִשְׁחִ֥ית	c/7843	HC/Vhq3ms	272Ki
8	24	10		עֲצוּמִ֖ים	6099	HAampa	27XhP
8	24	11		וְ/עַם	c/5971 a	HC/Ncmsc	27yML
8	24	12		קְדֹשִֽׁים	6918	HAampa	27Kk2
8	25	1		וְ/עַל	c/5921 a	HC/R	27XAP
8	25	2		שִׂכְל֗/וֹ	7922	HNcmsc/Sp3ms	27DJo
8	25	3		וְ/הִצְלִ֤יחַ	c/6743 b	HC/Vhq3ms	27iXN
8	25	4		מִרְמָה֙	4820	HNcfsa	27czB
8	25	5		בְּ/יָד֔/וֹ	b/3027	HR/Ncbsc/Sp3ms	27QBD
8	25	6		וּ/בִ/לְבָב֣/וֹ	c/b/3824	HC/R/Ncmsc/Sp3ms	27Gxu
8	25	7		יַגְדִּ֔יל	1431	HVhi3ms	27BQ9
8	25	8		וּ/בְ/שַׁלְוָ֖ה	c/b/7962	HC/R/Ncfsa	27y8v
8	25	9		יַשְׁחִ֣ית	7843	HVhi3ms	27wtg
8	25	10		רַבִּ֑ים	7227 a	HAampa	27Seg
8	25	11		וְ/עַ֤ל	c/5921 a	HC/R	27Kcz
8	25	12		שַׂר	8269	HNcmsc	275MF
8	25	13		שָׂרִים֙	8269	HNcmpa	27eUp
8	25	14		יַעֲמֹ֔ד	5975	HVqi3ms	27tEh
8	25	15		וּ/בְ/אֶ֥פֶס	c/b/657 a	HC/R/Ncmsc	27x2S
8	25	16		יָ֖ד	3027	HNcbsa	27Npq
8	25	17		יִשָּׁבֵֽר	7665	HVNi3ms	273ti
8	26	1		וּ/מַרְאֵ֨ה	c/4758	HC/Ncmsc	27QoP
8	26	2		הָ/עֶ֧רֶב	d/6153	HTd/Ncmsa	27i6S
8	26	3		וְ/הַ/בֹּ֛קֶר	c/d/1242	HC/Td/Ncmsa	272mi
8	26	4		אֲשֶׁ֥ר	834 a	HTr	27HbP
8	26	5		נֶאֱמַ֖ר	559	HVNp3ms	27Wi1
8	26	6		אֱמֶ֣ת	571	HNcfsa	27beE
8	26	7		ה֑וּא	1931	HPp3ms	27DvH
8	26	8		וְ/אַתָּה֙	c/859 a	HC/Pp2ms	276BE
8	26	9		סְתֹ֣ם	5640 a	HVqv2ms	27r7k
8	26	10		הֶֽ/חָז֔וֹן	d/2377	HTd/Ncmsa	273kE
8	26	11		כִּ֖י	3588 a	HC	27UUW
8	26	12		לְ/יָמִ֥ים	l/3117	HR/Ncmpa	27Jqs
8	26	13		רַבִּֽים	7227 a	HAampa	2787K
8	27	1		וַ/אֲנִ֣י	c/589	HC/Pp1cs	27gvN
8	27	2		דָנִיֵּ֗אל	1840	HNp	27Cye
8	27	3		נִהְיֵ֤יתִי	1961	HVNp1cs	27tsb
8	27	4		וְ/נֶֽחֱלֵ֨יתִי֙	c/2470 a	HC/VNp1cs	27RaB
8	27	5		יָמִ֔ים	3117	HNcmpa	272a9
8	27	6		וָ/אָק֕וּם	c/6965 b	HC/Vqw1cs	27ob2
8	27	7		וָ/אֶֽעֱשֶׂ֖ה	c/6213 a	HC/Vqw1cs	27jU7
8	27	8		אֶת	853	HTo	27w2C
8	27	9		מְלֶ֣אכֶת	4399	HNcfsc	272VS
8	27	10		הַ/מֶּ֑לֶךְ	d/4428	HTd/Ncmsa	274Jz
8	27	11		וָ/אֶשְׁתּוֹמֵ֥ם	c/8074	HC/Vrw1cs	27C9r
8	27	12		עַל	5921 a	HR	27yLe
8	27	13		הַ/מַּרְאֶ֖ה	d/4758	HTd/Ncmsa	27Ww8
8	27	14		וְ/אֵ֥ין	c/369	HC/Tn	27HGy
8	27	15		מֵבִֽין	995	HVhrmsa	27hGK
9	1	1		בִּ/שְׁנַ֣ת	b/8141	HR/Ncfsc	276pK
9	1	2		אַחַ֗ת	259	HAcfsa	27VQD
9	1	3		לְ/דָרְיָ֛וֶשׁ	l/1867	HR/Np	27T3u
9	1	4		בֶּן	1121 a	HNcmsc	27c96
9	1	5		אֲחַשְׁוֵר֖וֹשׁ	325	HNp	27YiK
9	1	6		מִ/זֶּ֣רַע	m/2233	HR/Ncmsc	27Lof
9	1	7		מָדָ֑י	4074	HNp	27ZT8
9	1	8		אֲשֶׁ֣ר	834 a	HTr	27s7k
9	1	9		הָמְלַ֔ךְ	4427 a	HVHp3ms	273HC
9	1	10		עַ֖ל	5921 a	HR	27P6z
9	1	11		מַלְכ֥וּת	4438	HNcfsc	271W5
9	1	12		כַּשְׂדִּֽים	3778	HNp	27q9w
9	2	1		בִּ/שְׁנַ֤ת	b/8141	HR/Ncfsc	27UE1
9	2	2		אַחַת֙	259	HAcfsa	27Rps
9	2	3		לְ/מָלְכ֔/וֹ	l/4427 a	HR/Vqc/Sp3ms	27Vbn
9	2	4		אֲנִי֙	589	HPp1cs	27Fm5
9	2	5		דָּֽנִיֵּ֔אל	1840	HNp	27Wct
9	2	6		בִּינֹ֖תִי	995	HVqp1cs	27KQn
9	2	7		בַּ/סְּפָרִ֑ים	b/5612 a	HRd/Ncmpa	27TLX
9	2	8		מִסְפַּ֣ר	4557	HNcmsc	27xcH
9	2	9		הַ/שָּׁנִ֗ים	d/8141	HTd/Ncfpa	27LG4
9	2	10		אֲשֶׁ֨ר	834 a	HTr	27Vcf
9	2	11		הָיָ֤ה	1961	HVqp3ms	27yU7
9	2	12		דְבַר	1697	HNcmsc	27WV1
9	2	13		יְהוָה֙	3068	HNp	27bXb
9	2	14		אֶל	413	HR	276sJ
9	2	15		יִרְמִיָ֣ה	3414	HNp	27t4v
9	2	16		הַ/נָּבִ֔יא	d/5030	HTd/Ncmsa	27ofA
9	2	17		לְ/מַלֹּ֛אות	l/4390	HR/Vpc	27VgJ
9	2	18		לְ/חָרְב֥וֹת	l/2723	HR/Ncfpc	27wSa
9	2	19		יְרוּשָׁלִַ֖ם	3389	HNp	2722e
9	2	20		שִׁבְעִ֥ים	7657	HAcbpa	27jsX
9	2	21		שָׁנָֽה	8141	HNcfsa	27V1h
9	3	1		וָ/אֶתְּנָ֣/ה	c/5414	HC/Vqw1cs/Sh	27awv
9	3	2		אֶת	853	HTo	27bdJ
9	3	3		פָּנַ֗/י	6440	HNcbpc/Sp1cs	27ixo
9	3	4		אֶל	413	HR	27iXs
9	3	5		אֲדֹנָ/י֙	136	HNcmpc/Sp1cs	27sdj
9	3	6		הָֽ/אֱלֹהִ֔ים	d/430	HTd/Ncmpa	27GqS
9	3	7		לְ/בַקֵּ֥שׁ	l/1245	HR/Vpc	27umc
9	3	8		תְּפִלָּ֖ה	8605	HNcfsa	27B2L
9	3	9		וְ/תַחֲנוּנִ֑ים	c/8469	HC/Ncmpa	27zE3
9	3	10		בְּ/צ֖וֹם	b/6685	HR/Ncmsa	27Y5f
9	3	11		וְ/שַׂ֥ק	c/8242	HC/Ncmsa	27YWA
9	3	12		וָ/אֵֽפֶר	c/665	HC/Ncmsa	27mHM
9	4	1		וָֽ/אֶתְפַּֽלְלָ֛/ה	c/6419	HC/Vtw1cs/Sh	27SDB
9	4	2		לַ/יהוָ֥ה	l/3068	HR/Np	27DuR
9	4	3		אֱלֹהַ֖/י	430	HNcmpc/Sp1cs	27VTa
9	4	4		וָ/אֶתְוַדֶּ֑ה	c/3034	HC/Vtw1cs	275ZG
9	4	5		וָ/אֹֽמְרָ֗/ה	c/559	HC/Vqw1cs/Sh	27Wzi
9	4	6		אָנָּ֤א	577	HTe	27Rvo
9	4	7		אֲדֹנָ/י֙	136	HNcmpc/Sp1cs	27TdV
9	4	8		הָ/אֵ֤ל	d/410	HTd/Ncmsa	27wCZ
9	4	9		הַ/גָּדוֹל֙	d/1419 a	HTd/Aamsa	27rRa
9	4	10		וְ/הַ/נּוֹרָ֔א	c/d/3372	HC/Td/VNrmsa	27UgC
9	4	11		שֹׁמֵ֤ר	8104	HVqrmsa	27qBN
9	4	12		הַ/בְּרִית֙	d/1285	HTd/Ncfsa	275VV
9	4	13		וְֽ/הַ/חֶ֔סֶד	c/d/2617 a	HC/Td/Ncmsa	27Mo9
9	4	14		לְ/אֹהֲבָ֖י/ו	l/157	HR/Vqrmpc/Sp3ms	27C5P
9	4	15		וּ/לְ/שֹׁמְרֵ֥י	c/l/8104	HC/R/Vqrmpc	27hyy
9	4	16		מִצְוֺתָֽי/ו	4687	HNcfpc/Sp3ms	27yJd
9	5	1		חָטָ֥אנוּ	2398	HVqp1cp	277h8
9	5	2		וְ/עָוִ֖ינוּ	c/5753 b	HC/Vqp1cp	27EAv
9	5	3	x-ketiv	ו/הרשענו	c/7561	HC/Vhp1cp	27D1Z
9	5	4		הִרְשַׁ֣עְנוּ	7561	HVhp1cp	271Cu
9	5	5		וּ/מָרָ֑דְנוּ	c/4775	HC/Vqp1cp	27j6C
9	5	6		וְ/ס֥וֹר	c/5493	HC/Vqa	27aRN
9	5	7		מִ/מִּצְוֺתֶ֖/ךָ	m/4687	HR/Ncfpc/Sp2ms	27C3d
9	5	8		וּ/מִ/מִּשְׁפָּטֶֽי/ךָ	c/m/4941	HC/R/Ncmpc/Sp2ms	27Lmq
9	6	1		וְ/לֹ֤א	c/3808	HC/Tn	27EVf
9	6	2		שָׁמַ֨עְנוּ֙	8085	HVqp1cp	27eQX
9	6	3		אֶל	413	HR	27YNf
9	6	4		עֲבָדֶ֣י/ךָ	5650	HNcmpc/Sp2ms	2783b
9	6	5		הַ/נְּבִיאִ֔ים	d/5030	HTd/Ncmpa	275fs
9	6	6		אֲשֶׁ֤ר	834 a	HTr	27ACe
9	6	7		דִּבְּרוּ֙	1696	HVpp3cp	27rv7
9	6	8		בְּ/שִׁמְ/ךָ֔	b/8034	HR/Ncmsc/Sp2ms	271YK
9	6	9		אֶל	413	HR	27kVU
9	6	10		מְלָכֵ֥י/נוּ	4428	HNcmpc/Sp1cp	27nXq
9	6	11		שָׂרֵ֖י/נוּ	8269	HNcmpc/Sp1cp	27Dcn
9	6	12		וַ/אֲבֹתֵ֑י/נוּ	c/1	HC/Ncmpc/Sp1cp	27WDZ
9	6	13		וְ/אֶ֖ל	c/413	HC/R	27UzN
9	6	14		כָּל	3605	HNcmsc	27v4E
9	6	15		עַ֥ם	5971 a	HNcmsc	27MrG
9	6	16		הָ/אָֽרֶץ	d/776	HTd/Ncbsa	27HT2
9	7	1		לְ/ךָ֤	l	HR/Sp2ms	276Qq
9	7	2		אֲדֹנָ/י֙	136	HNcmpc/Sp1cs	27XYe
9	7	3		הַ/צְּדָקָ֔ה	d/6666	HTd/Ncfsa	2776X
9	7	4		וְ/לָ֛/נוּ	c/l	HC/R/Sp1cp	275Ua
9	7	5		בֹּ֥שֶׁת	1322	HNcfsc	27ebC
9	7	6		הַ/פָּנִ֖ים	d/6440	HTd/Ncbpa	279hc
9	7	7		כַּ/יּ֣וֹם	k/3117	HRd/Ncmsa	27ovC
9	7	8		הַ/זֶּ֑ה	d/2088	HTd/Pdxms	27XE9
9	7	9		לְ/אִ֤ישׁ	l/376	HR/Ncmsc	276iw
9	7	10		יְהוּדָה֙	3063	HNp	27eUw
9	7	11		וּ/לְ/יוֹשְׁבֵ֣י	c/l/3427	HC/R/Vqrmpc	27VkU
9	7	12		יְרֽוּשָׁלִַ֔ם	3389	HNp	27dYi
9	7	13		וּֽ/לְ/כָל	c/l/3605	HC/R/Ncmsc	27dMc
9	7	14		יִשְׂרָאֵ֞ל	3478	HNp	27S8k
9	7	15		הַ/קְּרֹבִ֣ים	d/7138	HTd/Aampa	27Yf4
9	7	16		וְ/הָ/רְחֹקִ֗ים	c/d/7350	HC/Td/Aampa	271w3
9	7	17		בְּ/כָל	b/3605	HR/Ncmsc	27rcB
9	7	18		הָֽ/אֲרָצוֹת֙	d/776	HTd/Ncbpa	27pbQ
9	7	19		אֲשֶׁ֣ר	834 a	HTr	27N9a
9	7	20		הִדַּחְתָּ֣/ם	5080	HVhp2ms/Sp3mp	27kiJ
9	7	21		שָׁ֔ם	8033	HD	27MRj
9	7	22		בְּ/מַעֲלָ֖/ם	b/4604	HR/Ncmsc/Sp3mp	27j3M
9	7	23		אֲשֶׁ֥ר	834 a	HTr	27GBU
9	7	24		מָֽעֲלוּ	4603	HVqp3cp	27bgt
9	7	25		בָֽ/ךְ	b	HR/Sp2fs	27T6V
9	8	1		יְהוָ֗ה	3068	HNp	27yRs
9	8	2		לָ֚/נוּ	l	HR/Sp1cp	27Gbm
9	8	3		בֹּ֣שֶׁת	1322	HNcfsc	27YSC
9	8	4		הַ/פָּנִ֔ים	d/6440	HTd/Ncbpa	27s2X
9	8	5		לִ/מְלָכֵ֥י/נוּ	l/4428	HR/Ncmpc/Sp1cp	27bSC
9	8	6		לְ/שָׂרֵ֖י/נוּ	l/8269	HR/Ncmpc/Sp1cp	27bHu
9	8	7		וְ/לַ/אֲבֹתֵ֑י/נוּ	c/l/1	HC/R/Ncmpc/Sp1cp	27h5C
9	8	8		אֲשֶׁ֥ר	834 a	HTr	27z6J
9	8	9		חָטָ֖אנוּ	2398	HVqp1cp	27Hqt
9	8	10		לָֽ/ךְ	l	HR/Sp2fs	27ey4
9	9	1		לַֽ/אדֹנָ֣/י	l/136	HR/Ncmpc/Sp1cs	27QMs
9	9	2		אֱלֹהֵ֔י/נוּ	430	HNcmpc/Sp1cp	27Afb
9	9	3		הָ/רַחֲמִ֖ים	d/7356 b	HTd/Ncmpa	2727y
9	9	4		וְ/הַ/סְּלִח֑וֹת	c/d/5547	HC/Td/Ncfpa	27sEu
9	9	5		כִּ֥י	3588 a	HC	27rF3
9	9	6		מָרַ֖דְנוּ	4775	HVqp1cp	27VF8
9	9	7		בּֽ/וֹ	b	HR/Sp3ms	27jDj
9	10	1		וְ/לֹ֣א	c/3808	HC/Tn	27eBr
9	10	2		שָׁמַ֔עְנוּ	8085	HVqp1cp	27GCu
9	10	3		בְּ/ק֖וֹל	b/6963 a	HR/Ncmsc	27rbd
9	10	4		יְהוָ֣ה	3068	HNp	27YG2
9	10	5		אֱלֹהֵ֑י/נוּ	430	HNcmpc/Sp1cp	27kwy
9	10	6		לָ/לֶ֤כֶת	l/3212	HR/Vqc	273qw
9	10	7		בְּ/תֽוֹרֹתָי/ו֙	b/8451	HR/Ncfpc/Sp3ms	27iWa
9	10	8		אֲשֶׁ֣ר	834 a	HTr	27cUQ
9	10	9		נָתַ֣ן	5414	HVqp3ms	274xN
9	10	10		לְ/פָנֵ֔י/נוּ	l/6440	HR/Ncbpc/Sp1cp	27rXs
9	10	11		בְּ/יַ֖ד	b/3027	HR/Ncbsc	27M3R
9	10	12		עֲבָדָ֥י/ו	5650	HNcmpc/Sp3ms	27d8N
9	10	13		הַ/נְּבִיאִֽים	d/5030	HTd/Ncmpa	27oTd
9	11	1		וְ/כָל	c/3605	HC/Ncmsc	27owL
9	11	2		יִשְׂרָאֵ֗ל	3478	HNp	27QQs
9	11	3		עָֽבְרוּ֙	5674 a	HVqp3cp	272bu
9	11	4		אֶת	853	HTo	27Cj3
9	11	5		תּ֣וֹרָתֶ֔/ךָ	8451	HNcfsc/Sp2ms	27SKp
9	11	6		וְ/ס֕וֹר	c/5493	HC/Vqa	27yJh
9	11	7		לְ/בִלְתִּ֖י	l/1115	HR/C	27RYV
9	11	8		שְׁמ֣וֹעַ	8085	HVqc	27EW6
9	11	9		בְּ/קֹלֶ֑/ךָ	b/6963 a	HR/Ncmsc/Sp2ms	27sNB
9	11	10		וַ/תִּתַּ֨ךְ	c/5413	HC/Vqw3fs	27mk1
9	11	11		עָלֵ֜י/נוּ	5921 a	HR/Sp1cp	27myk
9	11	12		הָ/אָלָ֣ה	d/423	HTd/Ncfsa	27mjE
9	11	13		וְ/הַ/שְּׁבֻעָ֗ה	c/d/7621	HC/Td/Ncfsa	27QJA
9	11	14		אֲשֶׁ֤ר	834 a	HTr	27CPB
9	11	15		כְּתוּבָה֙	3789	HVqsfsa	27113
9	11	16		בְּ/תוֹרַת֙	b/8451	HR/Ncfsc	27wq8
9	11	17		מֹשֶׁ֣ה	4872	HNp	27FGW
9	11	18		עֶֽבֶד	5650	HNcmsc	27Ld7
9	11	19		הָֽ/אֱלֹהִ֔ים	d/430	HTd/Ncmpa	27Xo3
9	11	20		כִּ֥י	3588 a	HC	27RHX
9	11	21		חָטָ֖אנוּ	2398	HVqp1cp	27BCV
9	11	22		לֽ/וֹ	l	HR/Sp3ms	27oTL
9	12	1		וַ/יָּ֜קֶם	c/6965 b	HC/Vhw3ms	27DoL
9	12	2		אֶת	853	HTo	274pE
9	12	3	x-ketiv	דברי/ו	1697	HNcmpc/Sp3ms	27DFj
9	12	4		דְּבָר֣/וֹ	1697	HNcmsc/Sp3ms	27rYe
9	12	5		אֲשֶׁר	834 a	HTr	27b8e
9	12	6		דִּבֶּ֣ר	1696	HVpp3ms	27jni
9	12	7		עָלֵ֗י/נוּ	5921 a	HR/Sp1cp	27Y7m
9	12	8		וְ/עַ֤ל	c/5921 a	HC/R	27sPR
9	12	9		שֹֽׁפְטֵ֨י/נוּ֙	8199	HVqrmpc/Sp1cp	275tD
9	12	10		אֲשֶׁ֣ר	834 a	HTr	27m39
9	12	11		שְׁפָט֔וּ/נוּ	8199	HVqp3cp/Sp1cp	27ZsB
9	12	12		לְ/הָבִ֥יא	l/935	HR/Vhc	27VXi
9	12	13		עָלֵ֖י/נוּ	5921 a	HR/Sp1cp	27QxV
9	12	14		רָעָ֣ה	7451 c	HNcfsa	27c9a
9	12	15		גְדֹלָ֑ה	1419 a	HAafsa	27v9b
9	12	16		אֲשֶׁ֣ר	834 a	HTr	27Sw9
9	12	17		לֹֽא	3808	HTn	27in2
9	12	18		נֶעֶשְׂתָ֗ה	6213 a	HVNp3fs	27cdx
9	12	19		תַּ֚חַת	8478	HR	276gi
9	12	20		כָּל	3605	HNcmsc	279nq
9	12	21		הַ/שָּׁמַ֔יִם	d/8064	HTd/Ncmpa	27tmJ
9	12	22		כַּ/אֲשֶׁ֥ר	k/834 d	HR/Tr	27WgN
9	12	23		נֶעֶשְׂתָ֖ה	6213 a	HVNp3fs	27m7K
9	12	24		בִּ/ירוּשָׁלִָֽם	b/3389	HR/Np	27Qzb
9	13	1		כַּ/אֲשֶׁ֤ר	k/834 d	HR/Tr	27DPt
9	13	2		כָּתוּב֙	3789	HVqsmsa	27AAx
9	13	3		בְּ/תוֹרַ֣ת	b/8451	HR/Ncfsc	27HFs
9	13	4		מֹשֶׁ֔ה	4872	HNp	27duL
9	13	5		אֵ֛ת	853	HTo	27Bdx
9	13	6		כָּל	3605	HNcmsc	27o2X
9	13	7		הָ/רָעָ֥ה	d/7451 c	HTd/Ncfsa	27rWy
9	13	8		הַ/זֹּ֖את	d/2063	HTd/Pdxfs	278Pg
9	13	9		בָּ֣אָה	935	HVqp3fs	27FxB
9	13	10		עָלֵ֑י/נוּ	5921 a	HR/Sp1cp	27eMv
9	13	11		וְ/לֹֽא	c/3808	HC/Tn	27DrT
9	13	12		חִלִּ֜ינוּ	2470 b	HVpp1cp	27uHY
9	13	13		אֶת	853	HTo	27F9W
9	13	14		פְּנֵ֣י	6440	HNcbpc	27mRM
9	13	15		יְהוָ֣ה	3068	HNp	27aY7
9	13	16		אֱלֹהֵ֗י/נוּ	430	HNcmpc/Sp1cp	27r3M
9	13	17		לָ/שׁוּב֙	l/7725	HR/Vqc	27nzk
9	13	18		מֵֽ/עֲוֺנֵ֔/נוּ	m/5771	HR/Ncbsc/Sp1cp	274we
9	13	19		וּ/לְ/הַשְׂכִּ֖יל	c/l/7919 a	HC/R/Vhc	27YKJ
9	13	20		בַּ/אֲמִתֶּֽ/ךָ	b/571	HR/Ncfsc/Sp2ms	2731a
9	14	1		וַ/יִּשְׁקֹ֤ד	c/8245	HC/Vqw3ms	27yFv
9	14	2		יְהוָה֙	3068	HNp	277a7
9	14	3		עַל	5921 a	HR	27wMY
9	14	4		הָ֣/רָעָ֔ה	d/7451 c	HTd/Ncfsa	27rQi
9	14	5		וַ/יְבִיאֶ֖/הָ	c/935	HC/Vhw3ms/Sp3fs	271TM
9	14	6		עָלֵ֑י/נוּ	5921 a	HR/Sp1cp	279HW
9	14	7		כִּֽי	3588 a	HC	27Yoz
9	14	8		צַדִּ֞יק	6662	HAamsa	27KFq
9	14	9		יְהוָ֣ה	3068	HNp	27efx
9	14	10		אֱלֹהֵ֗י/נוּ	430	HNcmpc/Sp1cp	27Tt9
9	14	11		עַל	5921 a	HR	27yQh
9	14	12		כָּל	3605	HNcmsc	27CAN
9	14	13		מַֽעֲשָׂי/ו֙	4639	HNcmpc/Sp3ms	27Xva
9	14	14		אֲשֶׁ֣ר	834 a	HTr	27ef9
9	14	15		עָשָׂ֔ה	6213 a	HVqp3ms	27JnZ
9	14	16		וְ/לֹ֥א	c/3808	HC/Tn	27qg7
9	14	17		שָׁמַ֖עְנוּ	8085	HVqp1cp	27cSo
9	14	18		בְּ/קֹלֽ/וֹ	b/6963 a	HR/Ncmsc/Sp3ms	27Yyj
9	15	1		וְ/עַתָּ֣ה	c/6258	HC/D	27opb
9	15	2		אֲדֹנָ֣/י	136	HNcmpc/Sp1cs	273dA
9	15	3		אֱלֹהֵ֗י/נוּ	430	HNcmpc/Sp1cp	27m49
9	15	4		אֲשֶׁר֩	834 a	HTr	27HAZ
9	15	5		הוֹצֵ֨אתָ	3318	HVhp2ms	2718S
9	15	6		אֶֽת	853	HTo	27pvu
9	15	7		עַמְּ/ךָ֜	5971 a	HNcmsc/Sp2ms	27RzD
9	15	8		מֵ/אֶ֤רֶץ	m/776	HR/Ncbsc	27b9d
9	15	9		מִצְרַ֨יִם֙	4714	HNp	27yKt
9	15	10		בְּ/יָ֣ד	b/3027	HR/Ncbsa	27kTv
9	15	11		חֲזָקָ֔ה	2389	HAafsa	273Zu
9	15	12		וַ/תַּֽעַשׂ	c/6213 a	HC/Vqw2ms	27cNU
9	15	13		לְ/ךָ֥	l	HR/Sp2ms	27w93
9	15	14		שֵׁ֖ם	8034	HNcmsa	27hRC
9	15	15		כַּ/יּ֣וֹם	k/3117	HRd/Ncmsa	27y8q
9	15	16		הַ/זֶּ֑ה	d/2088	HTd/Pdxms	276Us
9	15	17		חָטָ֖אנוּ	2398	HVqp1cp	277EH
9	15	18		רָשָֽׁעְנוּ	7561	HVqp1cp	27xEy
9	16	1		אֲדֹנָ֗/י	136	HNcmpc/Sp1cs	27dYW
9	16	2		כְּ/כָל	k/3605	HR/Ncmsc	27Dbu
9	16	3		צִדְקֹתֶ֨/ךָ֙	6666	HNcfpc/Sp2ms	27biE
9	16	4		יָֽשָׁב	7725	HVqj3ms	271oc
9	16	5		נָ֤א	4994	HTe	27X8S
9	16	6		אַפְּ/ךָ֙	639	HNcmsc/Sp2ms	27spk
9	16	7		וַ/חֲמָ֣תְ/ךָ֔	c/2534	HC/Ncfsc/Sp2ms	27tvc
9	16	8		מֵ/עִֽירְ/ךָ֥	m/5892 b	HR/Ncfsc/Sp2ms	27Xj8
9	16	9		יְרוּשָׁלִַ֖ם	3389	HNp	273ho
9	16	10		הַר	2022	HNcmsc	27u8J
9	16	11		קָדְשֶׁ֑/ךָ	6944	HNcmsc/Sp2ms	27pVY
9	16	12		כִּ֤י	3588 a	HC	27biG
9	16	13		בַ/חֲטָאֵ֨י/נוּ֙	b/2399	HR/Ncmpc/Sp1cp	27pZy
9	16	14		וּ/בַ/עֲוֺנ֣וֹת	c/b/5771	HC/R/Ncbpc	27q48
9	16	15		אֲבֹתֵ֔י/נוּ	1	HNcmpc/Sp1cp	27s4E
9	16	16		יְרוּשָׁלִַ֧ם	3389	HNp	27h3h
9	16	17		וְ/עַמְּ/ךָ֛	c/5971 a	HC/Ncmsc/Sp2ms	27918
9	16	18		לְ/חֶרְפָּ֖ה	l/2781	HR/Ncfsa	27oD9
9	16	19		לְ/כָל	l/3605	HR/Ncmsc	27iih
9	16	20		סְבִיבֹתֵֽי/נוּ	5439	HNcbpc/Sp1cp	27vUK
9	17	1		וְ/עַתָּ֣ה	c/6258	HC/D	27ZDx
9	17	2		שְׁמַ֣ע	8085	HVqv2ms	27YCX
9	17	3		אֱלֹהֵ֗י/נוּ	430	HNcmpc/Sp1cp	27YWB
9	17	4		אֶל	413	HR	27tQU
9	17	5		תְּפִלַּ֤ת	8605	HNcfsc	27CJW
9	17	6		עַבְדְּ/ךָ֙	5650	HNcmsc/Sp2ms	27Y86
9	17	7		וְ/אֶל	c/413	HC/R	279vU
9	17	8		תַּ֣חֲנוּנָ֔י/ו	8469	HNcmpc/Sp3ms	279R8
9	17	9		וְ/הָאֵ֣ר	c/215	HC/Vhv2ms	27moo
9	17	10		פָּנֶ֔י/ךָ	6440	HNcbpc/Sp2ms	27gAE
9	17	11		עַל	5921 a	HR	27ZAq
9	17	12		מִקְדָּשְׁ/ךָ֖	4720	HNcmsc/Sp2ms	27ubx
9	17	13		הַ/שָּׁמֵ֑ם	d/8076	HTd/Aamsa	27cLd
9	17	14		לְמַ֖עַן	4616	HR	27fc7
9	17	15		אֲדֹנָֽ/י	136	HNcmpc/Sp1cs	27zLa
9	18	1		הַטֵּ֨ה	5186	HVhv2ms	27Dcd
9	18	2		אֱלֹהַ֥/י	430	HNcmpc/Sp1cs	27sHq
9	18	3		אָזְנְ/ךָ֮	241	HNcfsc/Sp2ms	27Z4P
9	18	4		וּֽ/שֲׁמָע֒	c/8085	HC/Vqv2ms	27n76
9	18	5	x-ketiv	פקח/ה	6491	HVqv2ms/Sh	27bD6
9	18	6		פְּקַ֣ח	6491	HVqv2ms	27wcG
9	18	7		עֵינֶ֗י/ךָ	5869 a	HNcbdc/Sp2ms	27S4Y
9	18	8		וּ/רְאֵה֙	c/7200	HC/Vqv2ms	27pJA
9	18	9		שֹֽׁמְמֹתֵ֔י/נוּ	8077 a	HVqrfpc/Sp1cp	27T7j
9	18	10		וְ/הָ/עִ֕יר	c/d/5892 b	HC/Td/Ncfsa	27fBv
9	18	11		אֲשֶׁר	834 a	HTr	27mGL
9	18	12		נִקְרָ֥א	7121	HVNp3ms	27m4P
9	18	13		שִׁמְ/ךָ֖	8034	HNcmsc/Sp2ms	27YX6
9	18	14		עָלֶ֑י/הָ	5921 a	HR/Sp3fs	27aYb
9	18	15		כִּ֣י	3588 a	HC	27M4g
9	18	16		לֹ֣א	3808	HTn	27WUC
9	18	17		עַל	5921 a	HR	27pov
9	18	18		צִדְקֹתֵ֗י/נוּ	6666	HNcfpc/Sp1cp	273VU
9	18	19		אֲנַ֨חְנוּ	587	HPp1cp	278qr
9	18	20		מַפִּילִ֤ים	5307	HVhrmpa	27Sag
9	18	21		תַּחֲנוּנֵ֨י/נוּ֙	8469	HNcmpc/Sp1cp	27awo
9	18	22		לְ/פָנֶ֔י/ךָ	l/6440	HR/Ncbpc/Sp2ms	27FpW
9	18	23		כִּ֖י	3588 a	HC	27Q3M
9	18	24		עַל	5921 a	HR	27ztj
9	18	25		רַחֲמֶ֥י/ךָ	7356 b	HNcmpc/Sp2ms	27uxE
9	18	26		הָ/רַבִּֽים	d/7227 a	HTd/Aampa	278qh
9	19	1		אֲדֹנָ֤/י	136	HNcmpc/Sp1cs	27zk3
9	19	2		שְׁמָ֨עָ/ה֙	8085	HVqv2ms/Sh	27art
9	19	3		אֲדֹנָ֣/י	136	HNcmpc/Sp1cs	27XTQ
9	19	4		סְלָ֔חָ/ה	5545	HVqv2ms/Sh	27pgc
9	19	5		אֲדֹנָ֛/י	136	HNcmpc/Sp1cs	27nnX
9	19	6		הַֽקֲשִׁ֥יבָ/ה	7181	HVhv2ms/Sh	279fu
9	19	7		וַ/עֲשֵׂ֖ה	c/6213 a	HC/Vqv2ms	27gcE
9	19	8		אַל	408	HTn	27EgB
9	19	9		תְּאַחַ֑ר	309	HVpj2ms	27NgL
9	19	10		לְמַֽעֲנְ/ךָ֣	4616	HR/Sp2ms	27oX6
9	19	11		אֱלֹהַ֔/י	430	HNcmpc/Sp1cs	27JwH
9	19	12		כִּֽי	3588 a	HC	27LPw
9	19	13		שִׁמְ/ךָ֣	8034	HNcmsc/Sp2ms	27enA
9	19	14		נִקְרָ֔א	7121	HVNp3ms	27YX2
9	19	15		עַל	5921 a	HR	27TkZ
9	19	16		עִירְ/ךָ֖	5892 b	HNcfsc/Sp2ms	27VP3
9	19	17		וְ/עַל	c/5921 a	HC/R	279LC
9	19	18		עַמֶּֽ/ךָ	5971 a	HNcmsc/Sp2ms	276ty
9	20	1		וְ/ע֨וֹד	c/5750	HC/D	27u6K
9	20	2		אֲנִ֤י	589	HPp1cs	27PQd
9	20	3		מְדַבֵּר֙	1696	HVprmsa	27MHe
9	20	4		וּ/מִתְפַּלֵּ֔ל	c/6419	HC/Vtrmsa	27Q1Y
9	20	5		וּ/מִתְוַדֶּה֙	c/3034	HC/Vtrmsa	27Y4x
9	20	6		חַטָּאתִ֔/י	2403 b	HNcfsc/Sp1cs	27RLf
9	20	7		וְ/חַטַּ֖את	c/2403 b	HC/Ncfsc	27R79
9	20	8		עַמִּ֣/י	5971 a	HNcmsc/Sp1cs	27xRL
9	20	9		יִשְׂרָאֵ֑ל	3478	HNp	27vxt
9	20	10		וּ/מַפִּ֣יל	c/5307	HC/Vhrmsa	2726U
9	20	11		תְּחִנָּתִ֗/י	8467	HNcfsc/Sp1cs	27ZvP
9	20	12		לִ/פְנֵי֙	l/6440	HR/Ncbpc	272eu
9	20	13		יְהוָ֣ה	3068	HNp	27Xfm
9	20	14		אֱלֹהַ֔/י	430	HNcmpc/Sp1cs	27sGE
9	20	15		עַ֖ל	5921 a	HR	276g8
9	20	16		הַר	2022	HNcmsc	27BrJ
9	20	17		קֹ֥דֶשׁ	6944	HNcmsc	275mG
9	20	18		אֱלֹהָֽ/י	430	HNcmpc/Sp1cs	27wJu
9	21	1		וְ/ע֛וֹד	c/5750	HC/D	27gKD
9	21	2		אֲנִ֥י	589	HPp1cs	27hca
9	21	3		מְדַבֵּ֖ר	1696	HVprmsa	27khN
9	21	4		בַּ/תְּפִלָּ֑ה	b/8605	HRd/Ncfsa	27nJG
9	21	5		וְ/הָ/אִ֣ישׁ	c/d/376	HC/Td/Ncmsa	272W7
9	21	6		גַּבְרִיאֵ֡ל	1403	HNp	278pa
9	21	7		אֲשֶׁר֩	834 a	HTr	27QNM
9	21	8		רָאִ֨יתִי	7200	HVqp1cs	27KBD
9	21	9		בֶ/חָז֤וֹן	b/2377	HRd/Ncmsa	27i6P
9	21	10		בַּ/תְּחִלָּה֙	b/8462	HRd/Ncfsa	27TCC
9	21	11		מֻעָ֣ף	3286	HVHsmsa	276Em
9	21	12		בִּ/יעָ֔ף	b/3288	HR/Ncmsa	275S4
9	21	13		נֹגֵ֣עַ	5060	HVqrmsa	27MAJ
9	21	14		אֵלַ֔/י	413	HR/Sp1cs	27eFY
9	21	15		כְּ/עֵ֖ת	k/6256	HR/Ncbsc	279CN
9	21	16		מִנְחַת	4503	HNcfsc	273M5
9	21	17		עָֽרֶב	6153	HNcmsa	275Ar
9	22	1		וַ/יָּ֖בֶן	c/995	HC/Vhw3ms	27315
9	22	2		וַ/יְדַבֵּ֣ר	c/1696	HC/Vpw3ms	27EMQ
9	22	3		עִמִּ֑/י	5973 a	HR/Sp1cs	271qL
9	22	4		וַ/יֹּאמַ֕ר	c/559	HC/Vqw3ms	27sHh
9	22	5		דָּנִיֵּ֕אל	1840	HNp	27nw3
9	22	6		עַתָּ֥ה	6258	HD	27hip
9	22	7		יָצָ֖אתִי	3318	HVqp1cs	27qKh
9	22	8		לְ/הַשְׂכִּילְ/ךָ֥	l/7919 a	HR/Vhc/Sp2ms	27K3s
9	22	9		בִינָֽה	998	HNcfsa	27Udm
9	23	1		בִּ/תְחִלַּ֨ת	b/8462	HR/Ncfsc	27pSF
9	23	2		תַּחֲנוּנֶ֜י/ךָ	8469	HNcmpc/Sp2ms	27wfx
9	23	3		יָצָ֣א	3318	HVqp3ms	27rqa
9	23	4		דָבָ֗ר	1697	HNcmsa	27ZRa
9	23	5		וַ/אֲנִי֙	c/589	HC/Pp1cs	27XtJ
9	23	6		בָּ֣אתִי	935	HVqp1cs	27D2e
9	23	7		לְ/הַגִּ֔יד	l/5046	HR/Vhc	27Mu5
9	23	8		כִּ֥י	3588 a	HC	27nSW
9	23	9		חֲמוּד֖וֹת	2530 b	HNcfpa	278m3
9	23	10		אָ֑תָּה	859 a	HPp2ms	27fBz
9	23	11		וּ/בִין֙	c/995	HC/Vqv2ms	27yf4
9	23	12		בַּ/דָּבָ֔ר	b/1697	HRd/Ncmsa	27kib
9	23	13		וְ/הָבֵ֖ן	c/995	HC/Vhv2ms	27yQw
9	23	14		בַּ/מַּרְאֶֽה	b/4758	HRd/Ncmsa	27vAd
9	24	1		שָׁבֻעִ֨ים	7620	HNcmpa	27hNu
9	24	2		שִׁבְעִ֜ים	7657	HAcbpa	2793D
9	24	3		נֶחְתַּ֥ךְ	2852	HVNp3ms	27Evy
9	24	4		עַֽל	5921 a	HR	27qSH
9	24	5		עַמְּ/ךָ֣	5971 a	HNcmsc/Sp2ms	27vYV
9	24	6		וְ/עַל	c/5921 a	HC/R	27rDA
9	24	7		עִ֣יר	5892 b	HNcfsc	27Z3T
9	24	8		קָדְשֶׁ֗/ךָ	6944	HNcmsc/Sp2ms	27fn2
9	24	9		לְ/כַלֵּ֨א	l/3607	HR/Vpc	274nS
9	24	10		הַ/פֶּ֜שַׁע	d/6588	HTd/Ncmsa	279p2
9	24	11	x-ketiv	ו/ל/חתם	c/l/2856	HC/R/Vqc	275Sr
9	24	12		וּ/לְ/הָתֵ֤ם	c/l/8552	HC/R/Vhc	27np9
9	24	13	x-ketiv	חטאות	2403 b	HNcfpa	27au6
9	24	14		חַטָּאת֙	2403 b	HNcfsa	27Yj4
9	24	15		וּ/לְ/כַפֵּ֣ר	c/l/3722 a	HC/R/Vpc	27P4Y
9	24	16		עָוֺ֔ן	5771	HNcbsa	273AT
9	24	17		וּ/לְ/הָבִ֖יא	c/l/935	HC/R/Vhc	27MMh
9	24	18		צֶ֣דֶק	6664	HNcmsc	27C6R
9	24	19		עֹֽלָמִ֑ים	5769	HNcmpa	27Tsm
9	24	20		וְ/לַ/חְתֹּם֙	c/l/2856	HC/R/Vqc	27C4T
9	24	21		חָז֣וֹן	2377	HNcmsa	27ErU
9	24	22		וְ/נָבִ֔יא	c/5030	HC/Ncmsa	27b1D
9	24	23		וְ/לִ/מְשֹׁ֖חַ	c/l/4886	HC/R/Vqc	27RBu
9	24	24		קֹ֥דֶשׁ	6944	HNcmsc	27DAW
9	24	25		קָֽדָשִֽׁים	6944	HNcmpa	27Hip
9	25	1		וְ/תֵדַ֨ע	c/3045	HC/Vqi2ms	27rvf
9	25	2		וְ/תַשְׂכֵּ֜ל	c/7919 a	HC/Vhi2ms	27EUu
9	25	3		מִן	4480 a	HR	27MRq
9	25	4		מֹצָ֣א	4161	HNcmsc	27Rrp
9	25	5		דָבָ֗ר	1697	HNcmsa	2717A
9	25	6		לְ/הָשִׁיב֙	l/7725	HR/Vhc	27Q4z
9	25	7		וְ/לִ/בְנ֤וֹת	c/l/1129	HC/R/Vqc	27FYp
9	25	8		יְרֽוּשָׁלִַ֨ם֙	3389	HNp	278m1
9	25	9		עַד	5704	HR	278mf
9	25	10		מָשִׁ֣יחַ	4899	HNcmsa	273kw
9	25	11		נָגִ֔יד	5057	HNcmsa	27wCh
9	25	12		שָׁבֻעִ֖ים	7620	HNcmpa	27zrv
9	25	13		שִׁבְעָ֑ה	7651	HAcmsa	27zCn
9	25	14		וְ/שָׁבֻעִ֞ים	c/7620	HC/Ncmpa	273zp
9	25	15		שִׁשִּׁ֣ים	8346	HAcbpa	27QAE
9	25	16		וּ/שְׁנַ֗יִם	c/8147	HC/Acmda	27jpx
9	25	17		תָּשׁוּב֙	7725	HVqi3fs	27i8q
9	25	18		וְ/נִבְנְתָה֙	c/1129	HC/VNq3fs	27TP4
9	25	19		רְח֣וֹב	7339	HNcfsa	279Ng
9	25	20		וְ/חָר֔וּץ	c/2742 c	HC/Ncmsa	274MJ
9	25	21		וּ/בְ/צ֖וֹק	c/b/6695 a	HC/R/Ncmsc	27efU
9	25	22		הָ/עִתִּֽים	d/6256	HTd/Ncbpa	27R3h
9	26	1		וְ/אַחֲרֵ֤י	c/310 a	HC/R	27icS
9	26	2		הַ/שָּׁבֻעִים֙	d/7620	HTd/Ncmpa	27hwb
9	26	3		שִׁשִּׁ֣ים	8346	HAcbpa	27rTr
9	26	4		וּ/שְׁנַ֔יִם	c/8147	HC/Acmda	27bfb
9	26	5		יִכָּרֵ֥ת	3772	HVNi3ms	27mEa
9	26	6		מָשִׁ֖יחַ	4899	HNcmsa	27ydN
9	26	7		וְ/אֵ֣ין	c/369	HC/Tn	27HVK
9	26	8		ל֑/וֹ	l	HR/Sp3ms	27jiK
9	26	9		וְ/הָ/עִ֨יר	c/d/5892 b	HC/Td/Ncfsa	27Vqg
9	26	10		וְ/הַ/קֹּ֜דֶשׁ	c/d/6944	HC/Td/Ncmsa	27yTL
9	26	11		יַ֠שְׁחִית	7843	HVhi3ms	273Xt
9	26	12		עַ֣ם	5971 a	HNcmsc	27dTm
9	26	13		נָגִ֤יד	5057	HNcmsa	276o3
9	26	14		הַ/בָּא֙	d/935	HTd/Vqrmsa	27cZp
9	26	15		וְ/קִצּ֣/וֹ	c/7093	HC/Ncmsc/Sp3ms	27diR
9	26	16		בַ/שֶּׁ֔טֶף	b/7858	HRd/Ncmsa	27kEs
9	26	17		וְ/עַד֙	c/5704	HC/R	27bvu
9	26	18		קֵ֣ץ	7093	HNcmsa	27a1T
9	26	19		מִלְחָמָ֔ה	4421	HNcfsa	27TnP
9	26	20		נֶחֱרֶ֖צֶת	2782	HVNsfsa	27JjK
9	26	21		שֹׁמֵמֽוֹת	8074	HVqrfpa	27PFs
9	27	1		וְ/הִגְבִּ֥יר	c/1396	HC/Vhq3ms	273pH
9	27	2		בְּרִ֛ית	1285	HNcfsa	27eEz
9	27	3		לָ/רַבִּ֖ים	l/7227 a	HRd/Aampa	27RwK
9	27	4		שָׁב֣וּעַ	7620	HNcmsa	27vTf
9	27	5		אֶחָ֑ד	259	HAcmsa	27jRy
9	27	6		וַ/חֲצִ֨י	c/2677	HC/Ncmsc	27kAg
9	27	7		הַ/שָּׁב֜וּעַ	d/7620	HTd/Ncmsa	276JK
9	27	8		יַשְׁבִּ֣ית	7673 a	HVhi3ms	27ibz
9	27	9		זֶ֣בַח	2077	HNcmsa	276Zt
9	27	10		וּ/מִנְחָ֗ה	c/4503	HC/Ncfsa	27Ywk
9	27	11		וְ/עַ֨ל	c/5921 a	HC/R	272Ag
9	27	12		כְּנַ֤ף	3671	HNcfsc	27Saf
9	27	13		שִׁקּוּצִים֙	8251	HNcmpa	27KVW
9	27	14		מְשֹׁמֵ֔ם	8074	HVmrmsa	27ybr
9	27	15		וְ/עַד	c/5704	HC/R	27Rgy
9	27	16		כָּלָה֙	3617	HNcfsa	27CDd
9	27	17		וְ/נֶ֣חֱרָצָ֔ה	c/2782	HC/VNrfsa	27Li1
9	27	18		תִּתַּ֖ךְ	5413	HVqi3fs	27pYz
9	27	19		עַל	5921 a	HR	27mTQ
9	27	20		שֹׁמֵֽם	8074	HVqrmsa	27yeW
10	1	1		בִּ/שְׁנַ֣ת	b/8141	HR/Ncfsc	275vv
10	1	2		שָׁל֗וֹשׁ	7969	HAcfsa	27V6s
10	1	3		לְ/כ֨וֹרֶשׁ֙	l/3566	HR/Np	27FCH
10	1	4		מֶ֣לֶךְ	4428	HNcmsc	271f5
10	1	5		פָּרַ֔ס	6539	HNp	27Z5P
10	1	6		דָּבָר֙	1697	HNcmsa	275KP
10	1	7		נִגְלָ֣ה	1540	HVNp3ms	27qVV
10	1	8		לְ/דָֽנִיֵּ֔אל	l/1840	HR/Np	27Pg2
10	1	9		אֲשֶׁר	834 a	HTr	27Zue
10	1	10		נִקְרָ֥א	7121	HVNp3ms	27ncc
10	1	11		שְׁמ֖/וֹ	8034	HNcmsc/Sp3ms	272Dc
10	1	12		בֵּלְטְשַׁאצַּ֑ר	1095	HNp	27gKj
10	1	13		וֶ/אֱמֶ֤ת	c/571	HC/Ncfsa	27fDt
10	1	14		הַ/דָּבָר֙	d/1697	HTd/Ncmsa	27Zsb
10	1	15		וְ/צָבָ֣א	c/6635 a	HC/Ncbsa	277ZE
10	1	16		גָד֔וֹל	1419 a	HAamsa	27zWF
10	1	17		וּ/בִין֙	c/995	HC/Vqp3ms	27XPk
10	1	18		אֶת	853	HTo	27G2M
10	1	19		הַ/דָּבָ֔ר	d/1697	HTd/Ncmsa	27hHK
10	1	20		וּ/בִ֥ינָה	c/998	HC/Ncfsa	27a8K
10	1	21		ל֖/וֹ	l	HR/Sp3ms	27uiR
10	1	22		בַּ/מַּרְאֶֽה	b/4758	HRd/Ncmsa	27sWP
10	2	1		בַּ/יָּמִ֖ים	b/3117	HRd/Ncmpa	27GBG
10	2	2		הָ/הֵ֑ם	d/1992	HTd/Pp3mp	27acQ
10	2	3		אֲנִ֤י	589	HPp1cs	27t1b
10	2	4		דָֽנִיֵּאל֙	1840	HNp	27aWG
10	2	5		הָיִ֣יתִי	1961	HVqp1cs	27G7R
10	2	6		מִתְאַבֵּ֔ל	56	HVtrmsa	27AZv
10	2	7		שְׁלֹשָׁ֥ה	7969	HAcmsa	27ZFu
10	2	8		שָׁבֻעִ֖ים	7620	HNcmpa	27qRc
10	2	9		יָמִֽים	3117	HNcmpa	27882
10	3	1		לֶ֣חֶם	3899	HNcbsc	27JzX
10	3	2		חֲמֻד֞וֹת	2530 b	HNcfpa	27EPM
10	3	3		לֹ֣א	3808	HTn	278LY
10	3	4		אָכַ֗לְתִּי	398	HVqp1cs	27TcQ
10	3	5		וּ/בָשָׂ֥ר	c/1320	HC/Ncmsa	27CiQ
10	3	6		וָ/יַ֛יִן	c/3196	HC/Ncmsa	27PJ7
10	3	7		לֹא	3808	HTn	27kht
10	3	8		בָ֥א	935	HVqp3ms	27JpD
10	3	9		אֶל	413	HR	27mnM
10	3	10		פִּ֖/י	6310	HNcmsc/Sp1cs	27wHF
10	3	11		וְ/ס֣וֹךְ	c/5480	HC/Vqa	27yhp
10	3	12		לֹא	3808	HTn	27U6B
10	3	13		סָ֑כְתִּי	5480	HVqp1cs	276Li
10	3	14		עַד	5704	HR	27hin
10	3	15		מְלֹ֕את	4390	HVqc	27JVU
10	3	16		שְׁלֹ֥שֶׁת	7969	HAcmsc	27YsH
10	3	17		שָׁבֻעִ֖ים	7620	HNcmpa	27Y6g
10	3	18		יָמִֽים	3117	HNcmpa	27mjQ
10	4	1		וּ/בְ/י֛וֹם	c/b/3117	HC/R/Ncmsc	27gFP
10	4	2		עֶשְׂרִ֥ים	6242	HAcbpa	27oHn
10	4	3		וְ/אַרְבָּעָ֖ה	c/702	HC/Acmsa	273wd
10	4	4		לַ/חֹ֣דֶשׁ	l/2320	HRd/Ncmsa	27HXV
10	4	5		הָ/רִאשׁ֑וֹן	d/7223	HTd/Aomsa	27fTJ
10	4	6		וַ/אֲנִ֗י	c/589	HC/Pp1cs	27gq4
10	4	7		הָיִ֛יתִי	1961	HVqp1cs	2796j
10	4	8		עַ֣ל	5921 a	HR	27apg
10	4	9		יַ֧ד	3027	HNcbsc	27m2R
10	4	10		הַ/נָּהָ֛ר	d/5104	HTd/Ncmsa	27xro
10	4	11		הַ/גָּד֖וֹל	d/1419 a	HTd/Aamsa	27GFp
10	4	12		ה֥וּא	1931	HPp3ms	27rbG
10	4	13		חִדָּֽקֶל	2313	HNp	279Fz
10	5	1		וָ/אֶשָּׂ֤א	c/5375	HC/Vqw1cs	277pF
10	5	2		אֶת	853	HTo	272K9
10	5	3		עֵינַ/י֙	5869 a	HNcbdc/Sp1cs	27Xqr
10	5	4		וָ/אֵ֔רֶא	c/7200	HC/Vqw1cs	27WuJ
10	5	5		וְ/הִנֵּ֥ה	c/2009	HC/Tm	27ZHe
10	5	6		אִישׁ	376	HNcmsa	27K24
10	5	7		אֶחָ֖ד	259	HAcmsa	27t3M
10	5	8		לָב֣וּשׁ	3847	HVqsmsa	27nLn
10	5	9		בַּדִּ֑ים	906	HNcmpa	27byF
10	5	10		וּ/מָתְנָ֥י/ו	c/4975	HC/Ncmdc/Sp3ms	27NQV
10	5	11		חֲגֻרִ֖ים	2296	HVqsmpa	27RhE
10	5	12		בְּ/כֶ֥תֶם	b/3800	HR/Ncmsc	27JDU
10	5	13		אוּפָֽז	210	HNp	27JCR
10	6	1		וּ/גְוִיָּת֣/וֹ	c/1472	HC/Ncfsc/Sp3ms	27D4D
10	6	2		כְ/תַרְשִׁ֗ישׁ	k/8658	HR/Ncmsa	27XqW
10	6	3		וּ/פָנָ֞י/ו	c/6440	HC/Ncbpc/Sp3ms	27FeL
10	6	4		כְּ/מַרְאֵ֤ה	k/4758	HR/Ncmsc	27urP
10	6	5		בָרָק֙	1300 b	HNcmsa	276hR
10	6	6		וְ/עֵינָי/ו֙	c/5869 a	HC/Ncbdc/Sp3ms	27sJT
10	6	7		כְּ/לַפִּ֣ידֵי	k/3940	HR/Ncmpc	27eix
10	6	8		אֵ֔שׁ	784	HNcbsa	274SZ
10	6	9		וּ/זְרֹֽעֹתָי/ו֙	c/2220	HC/Ncbpc/Sp3ms	27ujg
10	6	10		וּ/מַרְגְּלֹתָ֔י/ו	c/4772	HC/Ncfpc/Sp3ms	27n8U
10	6	11		כְּ/עֵ֖ין	k/5869 a	HR/Ncbsc	27KFN
10	6	12		נְחֹ֣שֶׁת	5178 a	HNcfsa	27ee6
10	6	13		קָלָ֑ל	7044	HAamsa	27L7f
10	6	14		וְ/ק֥וֹל	c/6963 a	HC/Ncmsc	27Nkz
10	6	15		דְּבָרָ֖י/ו	1697	HNcmpc/Sp3ms	27e66
10	6	16		כְּ/ק֥וֹל	k/6963 a	HR/Ncmsc	27Xic
10	6	17		הָמֽוֹן	1995 a	HNcmsa	279VK
10	7	1		וְ/רָאִיתִי֩	c/7200	HC/Vqp1cs	27MHN
10	7	2		אֲנִ֨י	589	HPp1cs	27zWe
10	7	3		דָנִיֵּ֤אל	1840	HNp	27Toi
10	7	4		לְ/בַדִּ/י֙	l/905	HR/Ncmsc/Sp1cs	278VV
10	7	5		אֶת	853	HTo	27K1b
10	7	6		הַ/מַּרְאָ֔ה	d/4759 a	HTd/Ncfsa	27Lgi
10	7	7		וְ/הָ/אֲנָשִׁים֙	c/d/376	HC/Td/Ncmpa	276Yk
10	7	8		אֲשֶׁ֣ר	834 a	HTr	27yaX
10	7	9		הָי֣וּ	1961	HVqp3cp	27LmW
10	7	10		עִמִּ֔/י	5973 a	HR/Sp1cs	27YUT
10	7	11		לֹ֥א	3808	HTn	27Cts
10	7	12		רָא֖וּ	7200	HVqp3cp	27yqG
10	7	13		אֶת	853	HTo	276ev
10	7	14		הַ/מַּרְאָ֑ה	d/4759 a	HTd/Ncfsa	27MDh
10	7	15		אֲבָ֗ל	61	HD	27gZp
10	7	16		חֲרָדָ֤ה	2731	HNcfsa	27dmq
10	7	17		גְדֹלָה֙	1419 a	HAafsa	27RFy
10	7	18		נָפְלָ֣ה	5307	HVqp3fs	27U5A
10	7	19		עֲלֵי/הֶ֔ם	5921 a	HR/Sp3mp	27YEo
10	7	20		וַֽ/יִּבְרְח֖וּ	c/1272	HC/Vqw3mp	27WW5
10	7	21		בְּ/הֵחָבֵֽא	b/2244	HR/VNc	27xB1
10	8	1		וַ/אֲנִי֙	c/589	HC/Pp1cs	27Dut
10	8	2		נִשְׁאַ֣רְתִּי	7604	HVNp1cs	27aAs
10	8	3		לְ/בַדִּ֔/י	l/905	HR/Ncmsc/Sp1cs	27iR4
10	8	4		וָֽ/אֶרְאֶ֗ה	c/7200	HC/Vqw1cs	27WD5
10	8	5		אֶת	853	HTo	27QVS
10	8	6		הַ/מַּרְאָ֤ה	d/4759 a	HTd/Ncfsa	27Byp
10	8	7		הַ/גְּדֹלָה֙	d/1419 a	HTd/Aafsa	27WT7
10	8	8		הַ/זֹּ֔את	d/2063	HTd/Pdxfs	27mgg
10	8	9		וְ/לֹ֥א	c/3808	HC/Tn	27FtA
10	8	10		נִשְׁאַר	7604	HVNp3ms	27Wy2
10	8	11		בִּ֖/י	b	HR/Sp1cs	27LWF
10	8	12		כֹּ֑ח	3581 b	HNcmsa	2743f
10	8	13		וְ/הוֹדִ֗/י	c/1935	HC/Ncmsc/Sp1cs	27DKG
10	8	14		נֶהְפַּ֤ךְ	2015	HVNp3ms	27Zqk
10	8	15		עָלַ/י֙	5921 a	HR/Sp1cs	27JHu
10	8	16		לְ/מַשְׁחִ֔ית	l/4889	HR/Ncmsa	27TX2
10	8	17		וְ/לֹ֥א	c/3808	HC/Tn	27BVw
10	8	18		עָצַ֖רְתִּי	6113	HVqp1cs	27As7
10	8	19		כֹּֽחַ	3581 b	HNcmsa	275kf
10	9	1		וָ/אֶשְׁמַ֖ע	c/8085	HC/Vqw1cs	27nnm
10	9	2		אֶת	853	HTo	27Skh
10	9	3		ק֣וֹל	6963 a	HNcmsc	27hML
10	9	4		דְּבָרָ֑י/ו	1697	HNcmpc/Sp3ms	27brS
10	9	5		וּ/כְ/שָׁמְעִ/י֙	c/k/8085	HC/R/Vqc/Sp1cs	27wJM
10	9	6		אֶת	853	HTo	27H8d
10	9	7		ק֣וֹל	6963 a	HNcmsc	2748z
10	9	8		דְּבָרָ֔י/ו	1697	HNcmpc/Sp3ms	27M8d
10	9	9		וַ/אֲנִ֗י	c/589	HC/Pp1cs	27WKe
10	9	10		הָיִ֛יתִי	1961	HVqp1cs	272KH
10	9	11		נִרְדָּ֥ם	7290	HVNrmsa	27HGY
10	9	12		עַל	5921 a	HR	27NxF
10	9	13		פָּנַ֖/י	6440	HNcbpc/Sp1cs	2762X
10	9	14		וּ/פָנַ֥/י	c/6440	HC/Ncbpc/Sp1cs	27hQZ
10	9	15		אָֽרְצָ/ה	776	HNcbsa/Sd	271B3
10	10	1		וְ/הִנֵּה	c/2009	HC/Tm	27imA
10	10	2		יָ֖ד	3027	HNcbsa	27eZb
10	10	3		נָ֣גְעָה	5060	HVqp3fs	27Kg3
10	10	4		בִּ֑/י	b	HR/Sp1cs	27L37
10	10	5		וַ/תְּנִיעֵ֥/נִי	c/5128	HC/Vhw3fs/Sp1cs	27Dbh
10	10	6		עַל	5921 a	HR	27GXn
10	10	7		בִּרְכַּ֖/י	1290	HNcfdc/Sp1cs	27mmj
10	10	8		וְ/כַפּ֥וֹת	c/3709	HC/Ncfpc	27vT5
10	10	9		יָדָֽ/י	3027	HNcbdc/Sp1cs	27ia1
10	11	1		וַ/יֹּ֣אמֶר	c/559	HC/Vqw3ms	27Lgd
10	11	2		אֵלַ֡/י	413	HR/Sp1cs	27GhB
10	11	3		דָּנִיֵּ֣אל	1840	HNp	275PW
10	11	4		אִישׁ	376	HNcmsc	273FW
10	11	5		חֲ֠מֻדוֹת	2530 b	HNcfpa	27jwC
10	11	6		הָבֵ֨ן	995	HVhv2ms	27GmR
10	11	7		בַּ/דְּבָרִ֜ים	b/1697	HRd/Ncmpa	27xun
10	11	8		אֲשֶׁר֩	834 a	HTr	27zAv
10	11	9		אָנֹכִ֨י	595	HPp1cs	271c2
10	11	10		דֹבֵ֤ר	1696	HVqrmsa	27q28
10	11	11		אֵלֶ֨י/ךָ֙	413	HR/Sp2ms	278oG
10	11	12		וַ/עֲמֹ֣ד	c/5975	HC/Vqv2ms	272L1
10	11	13		עַל	5921 a	HR	27e3V
10	11	14		עָמְדֶ֔/ךָ	5975	HNcmsc/Sp2ms	27Ae1
10	11	15		כִּ֥י	3588 a	HC	27PFr
10	11	16		עַתָּ֖ה	6258	HD	27YKm
10	11	17		שֻׁלַּ֣חְתִּי	7971	HVPp1cs	27WHq
10	11	18		אֵלֶ֑י/ךָ	413	HR/Sp2ms	27KxQ
10	11	19		וּ/בְ/דַבְּר֥/וֹ	c/b/1696	HC/R/Vpc/Sp3ms	27NKr
10	11	20		עִמִּ֛/י	5973 a	HR/Sp1cs	27LsJ
10	11	21		אֶת	853	HTo	27bhZ
10	11	22		הַ/דָּבָ֥ר	d/1697	HTd/Ncmsa	278nK
10	11	23		הַ/זֶּ֖ה	d/2088	HTd/Pdxms	27tSz
10	11	24		עָמַ֥דְתִּי	5975	HVqp1cs	27FE5
10	11	25		מַרְעִֽיד	7460	HVhrmsa	27Hxz
10	12	1		וַ/יֹּ֣אמֶר	c/559	HC/Vqw3ms	27B3z
10	12	2		אֵלַ/י֮	413	HR/Sp1cs	27XLq
10	12	3		אַל	408	HTn	27nB1
10	12	4		תִּירָ֣א	3372	HVqj2ms	27h14
10	12	5		דָנִיֵּאל֒	1840	HNp	27vMU
10	12	6		כִּ֣י	3588 a	HC	27112
10	12	7		מִן	4480 a	HR	273fE
10	12	8		הַ/יּ֣וֹם	d/3117	HTd/Ncmsa	27zMp
10	12	9		הָ/רִאשׁ֗וֹן	d/7223	HTd/Aomsa	27mxd
10	12	10		אֲשֶׁ֨ר	834 a	HTr	274ir
10	12	11		נָתַ֧תָּ	5414	HVqp2ms	276mr
10	12	12		אֶֽת	853	HTo	27bXr
10	12	13		לִבְּ/ךָ֛	3820 a	HNcmsc/Sp2ms	27CCa
10	12	14		לְ/הָבִ֧ין	l/995	HR/Vhc	27XzH
10	12	15		וּ/לְ/הִתְעַנּ֛וֹת	c/l/6031 b	HC/R/Vtc	27DHa
10	12	16		לִ/פְנֵ֥י	l/6440	HR/Ncbpc	27B8t
10	12	17		אֱלֹהֶ֖י/ךָ	430	HNcmpc/Sp2ms	27SYU
10	12	18		נִשְׁמְע֣וּ	8085	HVNp3cp	27YnQ
10	12	19		דְבָרֶ֑י/ךָ	1697	HNcmpc/Sp2ms	27Z2g
10	12	20		וַ/אֲנִי	c/589	HC/Pp1cs	276oJ
10	12	21		בָ֖אתִי	935	HVqp1cs	27mxb
10	12	22		בִּ/דְבָרֶֽי/ךָ	b/1697	HR/Ncmpc/Sp2ms	27cxS
10	13	1		וְ/שַׂ֣ר	c/8269	HC/Ncmsc	27YtD
10	13	2		מַלְכ֣וּת	4438	HNcfsc	27uia
10	13	3		פָּרַ֗ס	6539	HNp	27B8N
10	13	4		עֹמֵ֤ד	5975	HVqrmsa	278DB
10	13	5		לְ/נֶגְדִּ/י֙	l/5048	HR/R/Sp1cs	27tUc
10	13	6		עֶשְׂרִ֣ים	6242	HAcbpa	27w3D
10	13	7		וְ/אֶחָ֣ד	c/259	HC/Acmsa	27gJP
10	13	8		י֔וֹם	3117	HNcmsa	27j3e
10	13	9		וְ/הִנֵּ֣ה	c/2009	HC/Tm	27Cfv
10	13	10		מִֽיכָאֵ֗ל	4317	HNp	27q1p
10	13	11		אַחַ֛ד	259	HAcmsa	27g8J
10	13	12		הַ/שָּׂרִ֥ים	d/8269	HTd/Ncmpa	279QM
10	13	13		הָ/רִאשֹׁנִ֖ים	d/7223	HTd/Aampa	27Sgb
10	13	14		בָּ֣א	935	HVqp3ms	27t8Y
10	13	15		לְ/עָזְרֵ֑/נִי	l/5826	HR/Vqc/Sp1cs	27KTA
10	13	16		וַ/אֲנִי֙	c/589	HC/Pp1cs	27nVn
10	13	17		נוֹתַ֣רְתִּי	3498	HVNp1cs	27rN2
10	13	18		שָׁ֔ם	8033	HD	27tXE
10	13	19		אֵ֖צֶל	681	HR	27Amo
10	13	20		מַלְכֵ֥י	4428	HNcmpc	27tLv
10	13	21		פָרָֽס	6539	HNp	27z69
10	14	1		וּ/בָ֨אתִי֙	c/935	HC/Vqp1cs	27ync
10	14	2		לַ/הֲבִ֣ינְ/ךָ֔	l/995	HR/Vhc/Sp2ms	278fH
10	14	3		אֵ֛ת	853	HTo	27t7b
10	14	4		אֲשֶׁר	834 a	HTr	278o8
10	14	5		יִקְרָ֥ה	7136 a	HVqi3ms	276Wa
10	14	6		לְ/עַמְּ/ךָ֖	l/5971 a	HR/Ncmsc/Sp2ms	27uj4
10	14	7		בְּ/אַחֲרִ֣ית	b/319	HR/Ncfsc	27Rhy
10	14	8		הַ/יָּמִ֑ים	d/3117	HTd/Ncmpa	276gh
10	14	9		כִּי	3588 a	HC	272w9
10	14	10		ע֥וֹד	5750	HD	27y4p
10	14	11		חָז֖וֹן	2377	HNcmsa	27bSv
10	14	12		לַ/יָּמִֽים	l/3117	HRd/Ncmpa	27LRa
10	15	1		וּ/בְ/דַבְּר֣/וֹ	c/b/1696	HC/R/Vpc/Sp3ms	27mX8
10	15	2		עִמִּ֔/י	5973 a	HR/Sp1cs	27mV2
10	15	3		כַּ/דְּבָרִ֖ים	k/1697	HRd/Ncmpa	27t7q
10	15	4		הָ/אֵ֑לֶּה	d/428	HTd/Pdxcp	27cXi
10	15	5		נָתַ֧תִּי	5414	HVqp1cs	27d7W
10	15	6		פָנַ֛/י	6440	HNcbpc/Sp1cs	27Sin
10	15	7		אַ֖רְצָ/ה	776	HNcbsa/Sd	275Jk
10	15	8		וְ/נֶאֱלָֽמְתִּי	c/481	HC/VNp1cs	27iSM
10	16	1		וְ/הִנֵּ֗ה	c/2009	HC/Tm	27vpV
10	16	2		כִּ/דְמוּת֙	k/1823	HR/Ncfsc	27gVD
10	16	3		בְּנֵ֣י	1121 a	HNcmpc	27kVy
10	16	4		אָדָ֔ם	120	HNcmsa	27S4D
10	16	5		נֹגֵ֖עַ	5060	HVqrmsa	27SxU
10	16	6		עַל	5921 a	HR	27Z54
10	16	7		שְׂפָתָ֑/י	8193	HNcfdc/Sp1cs	273Xf
10	16	8		וָ/אֶפְתַּח	c/6605 a	HC/Vqw1cs	27JWr
10	16	9		פִּ֗/י	6310	HNcmsc/Sp1cs	27f43
10	16	10		וָ/אֲדַבְּרָ/ה֙	c/1696	HC/Vpw1cs/Sh	27hFp
10	16	11		וָ/אֹֽמְרָ/ה֙	c/559	HC/Vqw1cs/Sh	27fgh
10	16	12		אֶל	413	HR	27YsB
10	16	13		הָ/עֹמֵ֣ד	d/5975	HTd/Vqrmsa	27PRQ
10	16	14		לְ/נֶגְדִּ֔/י	l/5048	HR/R/Sp1cs	27dUa
10	16	15		אֲדֹנִ֗/י	113	HNcmsc/Sp1cs	27sYy
10	16	16		בַּ/מַּרְאָה֙	b/4759 a	HRd/Ncfsa	27fdJ
10	16	17		נֶהֶפְכ֤וּ	2015	HVNp3cp	27Bkg
10	16	18		צִירַ/י֙	6735 c	HNcmpc/Sp1cs	273kt
10	16	19		עָלַ֔/י	5921 a	HR/Sp1cs	27zPh
10	16	20		וְ/לֹ֥א	c/3808	HC/Tn	2728Z
10	16	21		עָצַ֖רְתִּי	6113	HVqp1cs	27scJ
10	16	22		כֹּֽחַ	3581 b	HNcmsa	27U5T
10	17	1		וְ/הֵ֣יךְ	c/1963	HC/Ti	27cuM
10	17	2		יוּכַ֗ל	3201	HVqi3ms	27Js8
10	17	3		עֶ֤בֶד	5650	HNcmsc	27nt3
10	17	4		אֲדֹנִ/י֙	113	HNcmsc/Sp1cs	27VkC
10	17	5		זֶ֔ה	2088	HPdxms	27nou
10	17	6		לְ/דַבֵּ֖ר	l/1696	HR/Vpc	27P34
10	17	7		עִם	5973 a	HR	27xcW
10	17	8		אֲדֹ֣נִ/י	113	HNcmsc/Sp1cs	27vsd
10	17	9		זֶ֑ה	2088	HPdxms	27evR
10	17	10		וַ/אֲנִ֤י	c/589	HC/Pp1cs	274vP
10	17	11		מֵ/עַ֨תָּה֙	m/6258	HR/D	27wdA
10	17	12		לֹֽא	3808	HTn	27RZq
10	17	13		יַעֲמָד	5975	HVqi3ms	27tWF
10	17	14		בִּ֣/י	b	HR/Sp1cs	27n2n
10	17	15		כֹ֔חַ	3581 b	HNcmsa	27Ycg
10	17	16		וּ/נְשָׁמָ֖ה	c/5397	HC/Ncfsa	27TCv
10	17	17		לֹ֥א	3808	HTn	27QXK
10	17	18		נִשְׁאֲרָה	7604	HVNp3fs	275zK
10	17	19		בִֽ/י	b	HR/Sp1cs	27kjj
10	18	1		וַ/יֹּ֧סֶף	c/3254	HC/Vhw3ms	27Ja6
10	18	2		וַ/יִּגַּע	c/5060	HC/Vqw3ms	274n4
10	18	3		בִּ֛/י	b	HR/Sp1cs	278MY
10	18	4		כְּ/מַרְאֵ֥ה	k/4758	HR/Ncmsc	27wqE
10	18	5		אָדָ֖ם	120	HNcmsa	27agQ
10	18	6		וַֽ/יְחַזְּקֵֽ/נִי	c/2388	HC/Vpw3ms/Sp1cs	27TdF
10	19	1		וַ/יֹּ֜אמֶר	c/559	HC/Vqw3ms	276uC
10	19	2		אַל	408	HTn	27hdS
10	19	3		תִּירָ֧א	3372	HVqj2ms	27Prc
10	19	4		אִישׁ	376	HNcmsc	277wA
10	19	5		חֲמֻד֛וֹת	2530 b	HNcfpa	27mxY
10	19	6		שָׁל֥וֹם	7965	HNcmsa	27F8v
10	19	7		לָ֖/ךְ	l	HR/Sp2fs	276CL
10	19	8		חֲזַ֣ק	2388	HVqv2ms	27mjS
10	19	9		וַ/חֲזָ֑ק	c/2388	HC/Vqv2ms	27dzV
10	19	10		וּֽ/בְ/דַבְּר֤/וֹ	c/b/1696	HC/R/Vpc/Sp3ms	27G8J
10	19	11		עִמִּ/י֙	5973 a	HR/Sp1cs	27pBn
10	19	12		הִתְחַזַּ֔קְתִּי	2388	HVtp1cs	27Ecc
10	19	13		וָ/אֹֽמְרָ֛/ה	c/559	HC/Vqw1cs/Sh	27WaP
10	19	14		יְדַבֵּ֥ר	1696	HVpj3ms	27x2T
10	19	15		אֲדֹנִ֖/י	113	HNcmsc/Sp1cs	27HSC
10	19	16		כִּ֥י	3588 a	HC	27sU3
10	19	17		חִזַּקְתָּֽ/נִי	2388	HVpp2ms/Sp1cs	27mBa
10	20	1		וַ/יֹּ֗אמֶר	c/559	HC/Vqw3ms	27XXV
10	20	2		הֲ/יָדַ֨עְתָּ֙	i/3045	HTi/Vqp2ms	27vSJ
10	20	3		לָ/מָּה	l/4100	HR/Ti	27VpS
10	20	4		בָּ֣אתִי	935	HVqp1cs	27hub
10	20	5		אֵלֶ֔י/ךָ	413	HR/Sp2ms	27NfR
10	20	6		וְ/עַתָּ֣ה	c/6258	HC/D	279bN
10	20	7		אָשׁ֔וּב	7725	HVqi1cs	27k15
10	20	8		לְ/הִלָּחֵ֖ם	l/3898 a	HR/VNc	27UXx
10	20	9		עִם	5973 a	HR	27hup
10	20	10		שַׂ֣ר	8269	HNcmsc	277an
10	20	11		פָּרָ֑ס	6539	HNp	27MJY
10	20	12		וַ/אֲנִ֣י	c/589	HC/Pp1cs	27yhT
10	20	13		יוֹצֵ֔א	3318	HVqrmsa	27PxD
10	20	14		וְ/הִנֵּ֥ה	c/2009	HC/Tm	27H1z
10	20	15		שַׂר	8269	HNcmsc	27kYj
10	20	16		יָוָ֖ן	3120	HNp	27RHd
10	20	17		בָּֽא	935	HVqrmsa	27LYs
10	21	1		אֲבָל֙	61	HD	275iP
10	21	2		אַגִּ֣יד	5046	HVhi1cs	27Wm3
10	21	3		לְ/ךָ֔	l	HR/Sp2ms	27TsQ
10	21	4		אֶת	853	HTo	27fuL
10	21	5		הָ/רָשׁ֥וּם	d/7559	HTd/Vqsmsa	27HAP
10	21	6		בִּ/כְתָ֖ב	b/3791	HR/Ncmsc	27jLC
10	21	7		אֱמֶ֑ת	571	HNcfsa	27adr
10	21	8		וְ/אֵ֨ין	c/369	HC/Tn	27f5u
10	21	9		אֶחָ֜ד	259	HAcmsa	27cU4
10	21	10		מִתְחַזֵּ֤ק	2388	HVtrmsa	27TnS
10	21	11		עִמִּ/י֙	5973 a	HR/Sp1cs	27odJ
10	21	12		עַל	5921 a	HR	27bVo
10	21	13		אֵ֔לֶּה	428	HPdxcp	27tkF
10	21	14		כִּ֥י	3588 b	HC	27xeK
10	21	15		אִם	518 b	HC	277FR
10	21	16		מִיכָאֵ֖ל	4317	HNp	273fY
10	21	17		שַׂרְ/כֶֽם	8269	HNcmsc/Sp2mp	274sy
11	1	1		וַ/אֲנִי֙	c/589	HC/Pp1cs	27xWC
11	1	2		בִּ/שְׁנַ֣ת	b/8141	HR/Ncfsc	27Kn3
11	1	3		אַחַ֔ת	259	HAcfsa	27ifk
11	1	4		לְ/דָרְיָ֖וֶשׁ	l/1867	HR/Np	27TaB
11	1	5		הַ/מָּדִ֑י	d/4075	HTd/Ngmsa	27gyf
11	1	6		עָמְדִ֛/י	5975	HNcmsc/Sp1cs	27aga
11	1	7		לְ/מַחֲזִ֥יק	l/2388	HR/Vhrmsa	27Vy3
11	1	8		וּ/לְ/מָע֖וֹז	c/l/4581	HC/R/Ncmsa	27A9Y
11	1	9		לֽ/וֹ	l	HR/Sp3ms	27D7i
11	2	1		וְ/עַתָּ֕ה	c/6258	HC/D	27ing
11	2	2		אֱמֶ֖ת	571	HNcfsa	27meH
11	2	3		אַגִּ֣יד	5046	HVhi1cs	27Do2
11	2	4		לָ֑/ךְ	l	HR/Sp2fs	27CBX
11	2	5		הִנֵּה	2009	HTm	271D5
11	2	6		עוֹד֩	5750	HD	27xwi
11	2	7		שְׁלֹשָׁ֨ה	7969	HAcmsa	27SM8
11	2	8		מְלָכִ֜ים	4428	HNcmpa	27vUR
11	2	9		עֹמְדִ֣ים	5975	HVqrmpa	27PNk
11	2	10		לְ/פָרַ֗ס	l/6539	HR/Np	27tL1
11	2	11		וְ/הָֽ/רְבִיעִי֙	c/d/7243	HC/Td/Aomsa	27jNR
11	2	12		יַעֲשִׁ֤יר	6238	HVhi3ms	27zpg
11	2	13		עֹֽשֶׁר	6239	HNcmsa	27HB7
11	2	14		גָּדוֹל֙	1419 a	HAamsa	27BkQ
11	2	15		מִ/כֹּ֔ל	m/3605	HR/Ncmsa	27PD3
11	2	16		וּ/כְ/חֶזְקָת֣/וֹ	c/k/2393	HC/R/Ncfsc/Sp3ms	27FWp
11	2	17		בְ/עָשְׁר֔/וֹ	b/6239	HR/Ncmsc/Sp3ms	272oV
11	2	18		יָעִ֣יר	5782	HVhi3ms	27ghg
11	2	19		הַ/כֹּ֔ל	d/3605	HTd/Ncmsa	27x5M
11	2	20		אֵ֖ת	853	HTo	27ViT
11	2	21		מַלְכ֥וּת	4438	HNcfsc	27jka
11	2	22		יָוָֽן	3120	HNp	27Hyg
11	3	1		וְ/עָמַ֖ד	c/5975	HC/Vqq3ms	273BN
11	3	2		מֶ֣לֶךְ	4428	HNcmsc	27Gqg
11	3	3		גִּבּ֑וֹר	1368	HAamsa	276Rj
11	3	4		וּ/מָשַׁל֙	c/4910	HC/Vqq3ms	27bzr
11	3	5		מִמְשָׁ֣ל	4474	HNcbsa	27nXP
11	3	6		רַ֔ב	7227 a	HAamsa	27ceA
11	3	7		וְ/עָשָׂ֖ה	c/6213 a	HC/Vqq3ms	27Baa
11	3	8		כִּ/רְצוֹנֽ/וֹ	k/7522	HR/Ncmsc/Sp3ms	27rR7
11	4	1		וּ/כְ/עָמְד/וֹ֙	c/k/5975	HC/R/Vqc/Sp3ms	275jH
11	4	2		תִּשָּׁבֵ֣ר	7665	HVNi3fs	275us
11	4	3		מַלְכוּת֔/וֹ	4438	HNcfsc/Sp3ms	27Kgs
11	4	4		וְ/תֵחָ֕ץ	c/2673	HC/VNj3fs	27Zij
11	4	5		לְ/אַרְבַּ֖ע	l/702	HR/Acfsa	27VE6
11	4	6		רוּח֣וֹת	7307	HNcbpc	27iDE
11	4	7		הַ/שָּׁמָ֑יִם	d/8064	HTd/Ncmpa	27dza
11	4	8		וְ/לֹ֣א	c/3808	HC/Tn	27FBM
11	4	9		לְ/אַחֲרִית֗/וֹ	l/319	HR/Ncfsc/Sp3ms	27RBD
11	4	10		וְ/לֹ֤א	c/3808	HC/Tn	27u19
11	4	11		כְ/מָשְׁל/וֹ֙	k/4915 b	HR/Ncmsc/Sp3ms	27cT3
11	4	12		אֲשֶׁ֣ר	834 a	HTr	27KA6
11	4	13		מָשָׁ֔ל	4910	HVqp3ms	27c6h
11	4	14		כִּ֤י	3588 a	HC	27oqA
11	4	15		תִנָּתֵשׁ֙	5428	HVNi3fs	27FwU
11	4	16		מַלְכוּת֔/וֹ	4438	HNcfsc/Sp3ms	279Yo
11	4	17		וְ/לַ/אֲחֵרִ֖ים	c/l/312	HC/R/Aampa	27jBe
11	4	18		מִ/לְּ/בַד	m/l/905	HR/R/Ncmsc	27t1Z
11	4	19		אֵֽלֶּה	428	HPdxcp	27hvs
11	5	1		וְ/יֶחֱזַ֥ק	c/2388	HC/Vqi3ms	27J2L
11	5	2		מֶֽלֶךְ	4428	HNcmsc	27c7R
11	5	3		הַ/נֶּ֖גֶב	d/5045	HTd/Ncmsa	27Yoy
11	5	4		וּ/מִן	c/4480 a	HC/R	27HqH
11	5	5		שָׂרָ֑י/ו	8269	HNcmpc/Sp3ms	27fWw
11	5	6		וְ/יֶחֱזַ֤ק	c/2388	HC/Vqi3ms	27HSo
11	5	7		עָלָי/ו֙	5921 a	HR/Sp3ms	275Sv
11	5	8		וּ/מָשָׁ֔ל	c/4910	HC/Vqq3ms	27jaB
11	5	9		מִמְשָׁ֥ל	4474	HNcbsa	27wNv
11	5	10		רַ֖ב	7227 a	HAamsa	27V6g
11	5	11		מֶמְשַׁלְתּֽ/וֹ	4475	HNcbsc/Sp3ms	27jfK
11	6	1		וּ/לְ/קֵ֤ץ	c/l/7093	HC/R/Ncmsc	27yXw
11	6	2		שָׁנִים֙	8141	HNcfpa	27x5y
11	6	3		יִתְחַבָּ֔רוּ	2266	HVti3mp	27b7a
11	6	4		וּ/בַ֣ת	c/1323	HC/Ncfsc	27TNv
11	6	5		מֶֽלֶךְ	4428	HNcmsc	27Eb5
11	6	6		הַ/נֶּ֗גֶב	d/5045	HTd/Ncmsa	27hZ8
11	6	7		תָּבוֹא֙	935	HVqi3fs	27iYK
11	6	8		אֶל	413	HR	27z3c
11	6	9		מֶ֣לֶךְ	4428	HNcmsc	27B7n
11	6	10		הַ/צָּפ֔וֹן	d/6828	HTd/Ncfsa	27C22
11	6	11		לַ/עֲשׂ֖וֹת	l/6213 a	HR/Vqc	27kX9
11	6	12		מֵישָׁרִ֑ים	4339	HNcmpa	273n3
11	6	13		וְ/לֹֽא	c/3808	HC/Tn	27cMk
11	6	14		תַעְצֹ֞ר	6113	HVqi3fs	27Jpy
11	6	15		כּ֣וֹחַ	3581 b	HNcmsc	27Nka
11	6	16		הַ/זְּר֗וֹעַ	d/2220	HTd/Ncbsa	278Wu
11	6	17		וְ/לֹ֤א	c/3808	HC/Tn	27Jgp
11	6	18		יַעֲמֹד֙	5975	HVqi3ms	27CXM
11	6	19		וּ/זְרֹע֔/וֹ	c/2220	HC/Ncbsc/Sp3ms	273R8
11	6	20		וְ/תִנָּתֵ֨ן	c/5414	HC/VNi3fs	27d1m
11	6	21		הִ֤יא	1931	HPp3fs	27EHw
11	6	22		וּ/מְבִיאֶ֨י/הָ֙	c/935	HC/Vhrmpc/Sp3fs	27hPq
11	6	23		וְ/הַ/יֹּ֣לְדָ֔/הּ	c/d/3205	HC/Td/Vqrmsc/Sp3fs	27oBv
11	6	24		וּ/מַחֲזִקָ֖/הּ	c/2388	HC/Vhrmsc/Sp3fs	27FXM
11	6	25		בָּ/עִתִּֽים	b/6256	HRd/Ncbpa	27qQy
11	7	1		וְ/עָמַ֛ד	c/5975	HC/Vqq3ms	27vXa
11	7	2		מִ/נֵּ֥צֶר	m/5342	HR/Ncmsc	276pa
11	7	3		שָׁרָשֶׁ֖י/הָ	8328	HNcmpc/Sp3fs	27XBs
11	7	4		כַּנּ֑/וֹ	3653	HNcmsc/Sp3ms	274Sd
11	7	5		וְ/יָבֹ֣א	c/935	HC/Vqi3ms	27ic3
11	7	6		אֶל	413	HR	27Wo6
11	7	7		הַ/חַ֗יִל	d/2428	HTd/Ncmsa	27EGe
11	7	8		וְ/יָבֹא֙	c/935	HC/Vqi3ms	27D3g
11	7	9		בְּ/מָעוֹז֙	b/4581	HR/Ncmsc	27ZxC
11	7	10		מֶ֣לֶךְ	4428	HNcmsc	27ocE
11	7	11		הַ/צָּפ֔וֹן	d/6828	HTd/Ncfsa	275NY
11	7	12		וְ/עָשָׂ֥ה	c/6213 a	HC/Vqq3ms	27ZXC
11	7	13		בָ/הֶ֖ם	b	HR/Sp3mp	27bW5
11	7	14		וְ/הֶחֱזִֽיק	c/2388	HC/Vhq3ms	27ahu
11	8	1		וְ/גַ֣ם	c/1571	HC/Ta	27wEv
11	8	2		אֱֽלֹהֵי/הֶ֡ם	430	HNcmpc/Sp3mp	27owX
11	8	3		עִם	5973 a	HR	27ece
11	8	4		נְסִֽכֵי/הֶם֩	5257 a	HNcmpc/Sp3mp	27cUM
11	8	5		עִם	5973 a	HR	27K7y
11	8	6		כְּלֵ֨י	3627	HNcmpc	27zfg
11	8	7		חֶמְדָּתָ֜/ם	2532 a	HNcfsc/Sp3mp	27eSi
11	8	8		כֶּ֧סֶף	3701	HNcmsa	27Rkx
11	8	9		וְ/זָהָ֛ב	c/2091	HC/Ncmsa	27WU8
11	8	10		בַּ/שְּׁבִ֖י	b/7628 a	HRd/Ncbsa	27FCx
11	8	11		יָבִ֣א	935	HVhi3ms	27zYs
11	8	12		מִצְרָ֑יִם	4714	HNp	27t82
11	8	13		וְ/הוּא֙	c/1931	HC/Pp3ms	27Lnu
11	8	14		שָׁנִ֣ים	8141	HNcfpa	27ko3
11	8	15		יַעֲמֹ֔ד	5975	HVqi3ms	27LAQ
11	8	16		מִ/מֶּ֖לֶךְ	m/4428	HR/Ncmsc	27kre
11	8	17		הַ/צָּפֽוֹן	d/6828	HTd/Ncfsa	274VQ
11	9	1		וּ/בָ֗א	c/935	HC/Vqq3ms	27vXv
11	9	2		בְּ/מַלְכוּת֙	b/4438	HR/Ncfsa	27aca
11	9	3		מֶ֣לֶךְ	4428	HNcmsc	27B8J
11	9	4		הַ/נֶּ֔גֶב	d/5045	HTd/Ncmsa	276iZ
11	9	5		וְ/שָׁ֖ב	c/7725	HC/Vqq3ms	27qCy
11	9	6		אֶל	413	HR	27jG7
11	9	7		אַדְמָתֽ/וֹ	127	HNcfsc/Sp3ms	27C4J
11	10	1	x-ketiv	ו/בנ/ו	c/1121 a	HC/Ncmsc/Sp3ms	27Xc8
11	10	2		וּ/בָנָ֣י/ו	c/1121 a	HC/Ncmpc/Sp3ms	27q7V
11	10	3		יִתְגָּר֗וּ	1624	HVti3mp	273hw
11	10	4		וְ/אָסְפוּ֙	c/622	HC/Vqq3cp	27qQm
11	10	5		הֲמוֹן֙	1995 a	HNcmsc	27tA2
11	10	6		חֲיָלִ֣ים	2428	HNcmpa	279ZJ
11	10	7		רַבִּ֔ים	7227 a	HAampa	278mZ
11	10	8		וּ/בָ֥א	c/935	HC/Vqq3ms	273dL
11	10	9		ב֖וֹא	935	HVqa	27nqx
11	10	10		וְ/שָׁטַ֣ף	c/7857	HC/Vqq3ms	27kZH
11	10	11		וְ/עָבָ֑ר	c/5674 a	HC/Vqp3ms	276Ly
11	10	12		וְ/יָשֹׁ֥ב	c/7725	HC/Vqj3ms	27Azm
11	10	13	x-ketiv	ו/יתגרו	c/1624	HC/Vti3mp	27AuX
11	10	14		וְ/יִתְגָּרֶ֖ה	c/1624	HC/Vti3ms	27gS3
11	10	15		עַד	5704	HR	27WLs
11	10	16	x-ketiv	מעז/ה	4581	HNcmsc/Sp3fs	2772j
11	10	17		מָעֻזּֽ/וֹ	4581	HNcmsc/Sp3ms	27JA8
11	11	1		וְ/יִתְמַרְמַר֙	c/4843	HC/Vfi3ms	2733v
11	11	2		מֶ֣לֶךְ	4428	HNcmsc	27cuG
11	11	3		הַ/נֶּ֔גֶב	d/5045	HTd/Ncmsa	27F8H
11	11	4		וְ/יָצָ֕א	c/3318	HC/Vqq3ms	272fZ
11	11	5		וְ/נִלְחַ֥ם	c/3898 a	HC/VNq3ms	279FM
11	11	6		עִמּ֖/וֹ	5973 a	HR/Sp3ms	279zz
11	11	7		עִם	5973 a	HR	278WW
11	11	8		מֶ֣לֶךְ	4428	HNcmsc	27Ztw
11	11	9		הַ/צָּפ֑וֹן	d/6828	HTd/Ncfsa	27Rro
11	11	10		וְ/הֶעֱמִיד֙	c/5975	HC/Vhq3ms	27ymu
11	11	11		הָמ֣וֹן	1995 a	HNcmsa	27RrX
11	11	12		רָ֔ב	7227 a	HAamsa	27omm
11	11	13		וְ/נִתַּ֥ן	c/5414	HC/VNq3ms	27LfE
11	11	14		הֶ/הָמ֖וֹן	d/1995 a	HTd/Ncmsa	27KT7
11	11	15		בְּ/יָדֽ/וֹ	b/3027	HR/Ncbsc/Sp3ms	27fGo
11	12	1		וְ/נִשָּׂ֥א	c/5375	HC/VNq3ms	27EoR
11	12	2		הֶ/הָמ֖וֹן	d/1995 a	HTd/Ncmsa	27LQH
11	12	3	x-ketiv	ירום	7311 a	HVqi3ms	27bmm
11	12	4		וְ/רָ֣ם	c/7311 a	HC/Vqq3ms	27oHh
11	12	5		לְבָב֑/וֹ	3824	HNcmsc/Sp3ms	27Wc4
11	12	6		וְ/הִפִּ֛יל	c/5307	HC/Vhp3ms	27Khc
11	12	7		רִבֹּא֖וֹת	7239	HNcbpa	27Ghm
11	12	8		וְ/לֹ֥א	c/3808	HC/Tn	27FVs
11	12	9		יָעֽוֹז	5810	HVqi3ms	27fZC
11	13	1		וְ/שָׁב֙	c/7725	HC/Vqq3ms	27jvx
11	13	2		מֶ֣לֶךְ	4428	HNcmsc	27qwG
11	13	3		הַ/צָּפ֔וֹן	d/6828	HTd/Ncfsa	27k7i
11	13	4		וְ/הֶעֱמִ֣יד	c/5975	HC/Vhq3ms	27Yp6
11	13	5		הָמ֔וֹן	1995 a	HNcmsa	27VcG
11	13	6		רַ֖ב	7227 a	HAamsa	27ehE
11	13	7		מִן	4480 a	HR	27hvg
11	13	8		הָ/רִאשׁ֑וֹן	d/7223	HTd/Aomsa	275Zp
11	13	9		וּ/לְ/קֵ֨ץ	c/l/7093	HC/R/Ncmsc	27Nw9
11	13	10		הָֽ/עִתִּ֤ים	d/6256	HTd/Ncbpa	27MNP
11	13	11		שָׁנִים֙	8141	HNcfpa	27kig
11	13	12		יָ֣בוֹא	935	HVqi3ms	27rHR
11	13	13		ב֔וֹא	935	HVqa	27vq2
11	13	14		בְּ/חַ֥יִל	b/2428	HR/Ncmsa	27Exx
11	13	15		גָּד֖וֹל	1419 a	HAamsa	27vaE
11	13	16		וּ/בִ/רְכ֥וּשׁ	c/b/7399	HC/R/Ncmsa	27H2u
11	13	17		רָֽב	7227 a	HAamsa	27iog
11	14	1		וּ/בָ/עִתִּ֣ים	c/b/6256	HC/Rd/Ncbpa	27ZR9
11	14	2		הָ/הֵ֔ם	d/1992	HTd/Pp3mp	27z2U
11	14	3		רַבִּ֥ים	7227 a	HAampa	27rrY
11	14	4		יַֽעַמְד֖וּ	5975	HVqi3mp	27bPn
11	14	5		עַל	5921 a	HR	27cD3
11	14	6		מֶ֣לֶךְ	4428	HNcmsc	27cLr
11	14	7		הַ/נֶּ֑גֶב	d/5045	HTd/Ncmsa	27Qpi
11	14	8		וּ/בְנֵ֣י	c/1121 a	HC/Ncmpc	27p6Q
11	14	9		פָּרִיצֵ֣י	6530	HNcmpc	27dvn
11	14	10		עַמְּ/ךָ֗	5971 a	HNcmsc/Sp2ms	27eV2
11	14	11		יִֽנַּשְּׂא֛וּ	5375	HVti3mp	27Juw
11	14	12		לְ/הַעֲמִ֥יד	l/5975	HR/Vhc	27f7A
11	14	13		חָז֖וֹן	2377	HNcmsa	27nU3
11	14	14		וְ/נִכְשָֽׁלוּ	c/3782	HC/VNq3cp	27i3X
11	15	1		וְ/יָבֹא֙	c/935	HC/Vqi3ms	27cws
11	15	2		מֶ֣לֶךְ	4428	HNcmsc	27jKx
11	15	3		הַ/צָּפ֔וֹן	d/6828	HTd/Ncfsa	27wes
11	15	4		וְ/יִשְׁפֹּךְ֙	c/8210	HC/Vqi3ms	27i2Q
11	15	5		סֽוֹלֲלָ֔ה	5550	HNcfsa	27PGa
11	15	6		וְ/לָכַ֖ד	c/3920	HC/Vqq3ms	27qpS
11	15	7		עִ֣יר	5892 b	HNcfsc	27TaF
11	15	8		מִבְצָר֑וֹת	4013	HNcmpa	27d9X
11	15	9		וּ/זְרֹע֤וֹת	c/2220	HC/Ncbpc	27DJK
11	15	10		הַ/נֶּ֨גֶב֙	d/5045	HTd/Ncmsa	27yuf
11	15	11		לֹ֣א	3808	HTn	27BaE
11	15	12		יַעֲמֹ֔דוּ	5975	HVqi3mp	27N7A
11	15	13		וְ/עַם֙	c/5971 a	HC/Ncmsc	279MH
11	15	14		מִבְחָרָ֔י/ו	4005	HNcmpc/Sp3ms	27k2Q
11	15	15		וְ/אֵ֥ין	c/369	HC/Tn	27Wgg
11	15	16		כֹּ֖חַ	3581 b	HNcmsa	27RXq
11	15	17		לַ/עֲמֹֽד	l/5975	HR/Vqc	27xUt
11	16	1		וְ/יַ֨עַשׂ	c/6213 a	HC/Vqj3ms	27dQH
11	16	2		הַ/בָּ֤א	d/935	HTd/Vqrmsa	2753j
11	16	3		אֵלָי/ו֙	413	HR/Sp3ms	27ubQ
11	16	4		כִּ/רְצוֹנ֔/וֹ	k/7522	HR/Ncmsc/Sp3ms	27H2p
11	16	5		וְ/אֵ֥ין	c/369	HC/Tn	27Snw
11	16	6		עוֹמֵ֖ד	5975	HVqrmsa	27RgS
11	16	7		לְ/פָנָ֑י/ו	l/6440	HR/Ncbpc/Sp3ms	2773F
11	16	8		וְ/יַעֲמֹ֥ד	c/5975	HC/Vqi3ms	27vYe
11	16	9		בְּ/אֶֽרֶץ	b/776	HR/Ncbsc	27VX2
11	16	10		הַ/צְּבִ֖י	d/6643 a	HTd/Ncmsa	27nt7
11	16	11		וְ/כָלָ֥ה	c/3615	HC/Ncfsa	27Pk3
11	16	12		בְ/יָדֽ/וֹ	b/3027	HR/Ncbsc/Sp3ms	27sGy
11	17	1		וְ/יָשֵׂ֣ם	c/7760 a	HC/Vqj3ms	27g9J
11	17	2		פָּ֠נָי/ו	6440	HNcbpc/Sp3ms	27ZYF
11	17	3		לָ/ב֞וֹא	l/935	HR/Vqc	27mjh
11	17	4		בְּ/תֹ֧קֶף	b/8633	HR/Ncmsc	27ugU
11	17	5		כָּל	3605	HNcmsc	27XTu
11	17	6		מַלְכוּת֛/וֹ	4438	HNcfsc/Sp3ms	27aA5
11	17	7		וִ/ישָׁרִ֥ים	c/3477	HC/Aampa	276n5
11	17	8		עִמּ֖/וֹ	5973 a	HR/Sp3ms	27bTj
11	17	9		וְ/עָשָׂ֑ה	c/6213 a	HC/Vqq3ms	27HCK
11	17	10		וּ/בַ֤ת	c/1323	HC/Ncfsc	27ixD
11	17	11		הַ/נָּשִׁים֙	d/802	HTd/Ncfpa	27DL7
11	17	12		יִתֶּן	5414	HVqi3ms	27Dmt
11	17	13		ל֣/וֹ	l	HR/Sp3ms	27EEj
11	17	14		לְ/הַשְׁחִיתָ֔/הּ	l/7843	HR/Vhc/Sp3fs	27NKN
11	17	15		וְ/לֹ֥א	c/3808	HC/Tn	273zR
11	17	16		תַעֲמֹ֖ד	5975	HVqi3fs	27Bet
11	17	17		וְ/לֹא	c/3808	HC/Tn	27FJy
11	17	18		ל֥/וֹ	l	HR/Sp3ms	278Bw
11	17	19		תִהְיֶֽה	1961	HVqi3fs	27kHD
11	18	1	x-ketiv	ו/ישב	c/7725	HC/Vhi3ms	27AAn
11	18	2		וְ/יָשֵׂ֧ם	c/7760 a	HC/Vqi3ms	27cJF
11	18	3		פָּנָ֛י/ו	6440	HNcbpc/Sp3ms	27mxn
11	18	4		לְ/אִיִּ֖ים	l/339	HR/Ncmpa	27SYo
11	18	5		וְ/לָכַ֣ד	c/3920	HC/Vqq3ms	27caP
11	18	6		רַבִּ֑ים	7227 a	HAampa	27PX1
11	18	7		וְ/הִשְׁבִּ֨ית	c/7673 a	HC/Vhq3ms	27fnW
11	18	8		קָצִ֤ין	7101	HNcmsa	27nre
11	18	9		חֶרְפָּת/וֹ֙	2781	HNcfsc/Sp3ms	271gq
11	18	10		ל֔/וֹ	l	HR/Sp3ms	27DYk
11	18	11		בִּלְתִּ֥י	1115	HC	27Xfy
11	18	12		חֶרְפָּת֖/וֹ	2781	HNcfsc/Sp3ms	27RES
11	18	13		יָשִׁ֥יב	7725	HVhi3ms	27D4F
11	18	14		לֽ/וֹ	l	HR/Sp3ms	27mUK
11	19	1		וְ/יָשֵׁ֣ב	c/7725	HC/Vhj3ms	27bdm
11	19	2		פָּנָ֔י/ו	6440	HNcbpc/Sp3ms	27qiM
11	19	3		לְ/מָעוּזֵּ֖י	l/4581	HR/Ncmpc	27gyj
11	19	4		אַרְצ֑/וֹ	776	HNcbsc/Sp3ms	27sDg
11	19	5		וְ/נִכְשַׁ֥ל	c/3782	HC/VNq3ms	27cHs
11	19	6		וְ/נָפַ֖ל	c/5307	HC/Vqq3ms	27qfb
11	19	7		וְ/לֹ֥א	c/3808	HC/Tn	27mjr
11	19	8		יִמָּצֵֽא	4672	HVNi3ms	276PC
11	20	1		וְ/עָמַ֧ד	c/5975	HC/Vqq3ms	27CsK
11	20	2		עַל	5921 a	HR	27Nr9
11	20	3		כַּנּ֛/וֹ	3653	HNcmsc/Sp3ms	27Njp
11	20	4		מַעֲבִ֥יר	5674 a	HVhrmsa	27U8E
11	20	5		נוֹגֵ֖שׂ	5065	HVqrmsa	27ov7
11	20	6		הֶ֣דֶר	1925	HNcmsc	27mps
11	20	7		מַלְכ֑וּת	4438	HNcfsa	27Wm8
11	20	8		וּ/בְ/יָמִ֤ים	c/b/3117	HC/R/Ncmpa	27Xgr
11	20	9		אֲחָדִים֙	259	HAcmpa	27a9y
11	20	10		יִשָּׁבֵ֔ר	7665	HVNi3ms	27am8
11	20	11		וְ/לֹ֥א	c/3808	HC/Tn	27CQM
11	20	12		בְ/אַפַּ֖יִם	b/639	HR/Ncmda	27MHE
11	20	13		וְ/לֹ֥א	c/3808	HC/Tn	27c8L
11	20	14		בְ/מִלְחָמָֽה	b/4421	HR/Ncfsa	27EeM
11	21	1		וְ/עָמַ֤ד	c/5975	HC/Vqq3ms	27hEP
11	21	2		עַל	5921 a	HR	272mG
11	21	3		כַּנּ/וֹ֙	3653	HNcmsc/Sp3ms	27wzt
11	21	4		נִבְזֶ֔ה	959	HVNrmsa	27ApD
11	21	5		וְ/לֹא	c/3808	HC/Tn	27NDi
11	21	6		נָתְנ֥וּ	5414	HVqp3cp	27UJ3
11	21	7		עָלָ֖י/ו	5921 a	HR/Sp3ms	271ZR
11	21	8		ה֣וֹד	1935	HNcmsc	27iDJ
11	21	9		מַלְכ֑וּת	4438	HNcfsa	27yW9
11	21	10		וּ/בָ֣א	c/935	HC/Vqq3ms	27Cwi
11	21	11		בְ/שַׁלְוָ֔ה	b/7962	HR/Ncfsa	27SkB
11	21	12		וְ/הֶחֱזִ֥יק	c/2388	HC/Vhq3ms	27Y5x
11	21	13		מַלְכ֖וּת	4438	HNcfsa	27fJm
11	21	14		בַּ/חֲלַקְלַקּֽוֹת	b/2519	HR/Ncfpa	27W9C
11	22	1		וּ/זְרֹע֥וֹת	c/2220	HC/Ncbpc	27QFL
11	22	2		הַ/שֶּׁ֛טֶף	d/7858	HTd/Ncmsa	27nWY
11	22	3		יִשָּׁטְפ֥וּ	7857	HVNi3mp	27HDj
11	22	4		מִ/לְּ/פָנָ֖י/ו	m/l/6440	HR/R/Ncbpc/Sp3ms	272um
11	22	5		וְ/יִשָּׁבֵ֑רוּ	c/7665	HC/VNi3mp	27vdB
11	22	6		וְ/גַ֖ם	c/1571	HC/Ta	271vw
11	22	7		נְגִ֥יד	5057	HNcmsc	27khp
11	22	8		בְּרִֽית	1285	HNcfsa	279T8
11	23	1		וּ/מִן	c/4480 a	HC/R	27Sk2
11	23	2		הִֽתְחַבְּר֥וּת	2266	HVtc	27RFY
11	23	3		אֵלָ֖י/ו	413	HR/Sp3ms	273DM
11	23	4		יַעֲשֶׂ֣ה	6213 a	HVqi3ms	27xjx
11	23	5		מִרְמָ֑ה	4820	HNcfsa	27XTG
11	23	6		וְ/עָלָ֥ה	c/5927	HC/Vqq3ms	27gmz
11	23	7		וְ/עָצַ֖ם	c/6105 a	HC/Vqq3ms	27bsU
11	23	8		בִּ/מְעַט	b/4592	HR/Ncmsc	27KEw
11	23	9		גּֽוֹי	1471 a	HNcmsa	276nN
11	24	1		בְּ/שַׁלְוָ֞ה	b/7962	HR/Ncfsa	27rRm
11	24	2		וּ/בְ/מִשְׁמַנֵּ֣י	c/b/4924 b	HC/R/Ncmpc	27Hkb
11	24	3		מְדִינָה֮	4082	HNcfsa	27o2L
11	24	4		יָבוֹא֒	935	HVqi3ms	27eif
11	24	5		וְ/עָשָׂ֗ה	c/6213 a	HC/Vqq3ms	27cpk
11	24	6		אֲשֶׁ֨ר	834 a	HTr	27mqu
11	24	7		לֹא	3808	HTn	27vky
11	24	8		עָשׂ֤וּ	6213 a	HVqp3cp	27b22
11	24	9		אֲבֹתָי/ו֙	1	HNcmpc/Sp3ms	27y1q
11	24	10		וַ/אֲב֣וֹת	c/1	HC/Ncmpc	27XBR
11	24	11		אֲבֹתָ֔י/ו	1	HNcmpc/Sp3ms	27RKz
11	24	12		בִּזָּ֧ה	961	HNcfsa	275Qt
11	24	13		וְ/שָׁלָ֛ל	c/7998	HC/Ncmsa	27HJA
11	24	14		וּ/רְכ֖וּשׁ	c/7399	HC/Ncmsa	27ixu
11	24	15		לָ/הֶ֣ם	l	HR/Sp3mp	27mUN
11	24	16		יִבְז֑וֹר	967	HVqi3ms	27pZF
11	24	17		וְ/עַ֧ל	c/5921 a	HC/R	27q4S
11	24	18		מִבְצָרִ֛ים	4013	HNcmpa	27rMH
11	24	19		יְחַשֵּׁ֥ב	2803	HVpi3ms	27GcS
11	24	20		מַחְשְׁבֹתָ֖י/ו	4284	HNcfpc/Sp3ms	27VEY
11	24	21		וְ/עַד	c/5704	HC/R	27neC
11	24	22		עֵֽת	6256	HNcbsa	274J2
11	25	1		וְ/יָעֵר֩	c/5782	HC/Vhj3ms	2758T
11	25	2		כֹּח֨/וֹ	3581 b	HNcmsc/Sp3ms	27jfT
11	25	3		וּ/לְבָב֜/וֹ	c/3824	HC/Ncmsc/Sp3ms	27Dvx
11	25	4		עַל	5921 a	HR	27rfH
11	25	5		מֶ֣לֶךְ	4428	HNcmsc	27VZS
11	25	6		הַ/נֶּגֶב֮	d/5045	HTd/Ncmsa	27Dd4
11	25	7		בְּ/חַ֣יִל	b/2428	HR/Ncmsa	27sUM
11	25	8		גָּדוֹל֒	1419 a	HAamsa	277mw
11	25	9		וּ/מֶ֣לֶךְ	c/4428	HC/Ncmsc	27kxi
11	25	10		הַ/נֶּ֗גֶב	d/5045	HTd/Ncmsa	27Zo4
11	25	11		יִתְגָּרֶה֙	1624	HVti3ms	27Ps1
11	25	12		לַ/מִּלְחָמָ֔ה	l/4421	HRd/Ncfsa	27x3o
11	25	13		בְּ/חַֽיִל	b/2428	HR/Ncmsa	27GdL
11	25	14		גָּד֥וֹל	1419 a	HAamsa	27ikj
11	25	15		וְ/עָצ֖וּם	c/6099	HC/Aamsa	27Yxf
11	25	16		עַד	5704	HR	27Jji
11	25	17		מְאֹ֑ד	3966	HD	27vF1
11	25	18		וְ/לֹ֣א	c/3808	HC/Tn	27baH
11	25	19		יַעֲמֹ֔ד	5975	HVqi3ms	27DYG
11	25	20		כִּֽי	3588 a	HC	27wMm
11	25	21		יַחְשְׁב֥וּ	2803	HVqi3mp	276Bv
11	25	22		עָלָ֖י/ו	5921 a	HR/Sp3ms	27GsM
11	25	23		מַחֲשָׁבֽוֹת	4284	HNcfpa	27asE
11	26	1		וְ/אֹכְלֵ֧י	c/398	HC/Vqrmpc	27ZC1
11	26	2		פַת	6598+	HNcmsc	27QkY
11	26	3		בָּג֛/וֹ	6598	HNcmsc/Sp3ms	27ViX
11	26	4		יִשְׁבְּר֖וּ/הוּ	7665	HVqi3mp/Sp3ms	27uKa
11	26	5		וְ/חֵיל֣/וֹ	c/2428	HC/Ncmsc/Sp3ms	273zX
11	26	6		יִשְׁט֑וֹף	7857	HVqi3ms	27H8Z
11	26	7		וְ/נָפְל֖וּ	c/5307	HC/Vqq3cp	27tg6
11	26	8		חֲלָלִ֥ים	2491 a	HAampa	279wB
11	26	9		רַבִּֽים	7227 a	HAampa	27i2Y
11	27	1		וּ/שְׁנֵי/הֶ֤ם	c/8147	HC/Acmdc/Sp3mp	27JU3
11	27	2		הַ/מְּלָכִים֙	d/4428	HTd/Ncmpa	27gmt
11	27	3		לְבָבָ֣/ם	3824	HNcmsc/Sp3mp	27jqR
11	27	4		לְ/מֵרָ֔ע	l/4827	HR/Ncmsa	27rFY
11	27	5		וְ/עַל	c/5921 a	HC/R	27zTW
11	27	6		שֻׁלְחָ֥ן	7979	HNcmsa	2718W
11	27	7		אֶחָ֖ד	259	HAcmsa	278Ad
11	27	8		כָּזָ֣ב	3577	HNcmsa	27RQy
11	27	9		יְדַבֵּ֑רוּ	1696	HVpi3mp	27exE
11	27	10		וְ/לֹ֣א	c/3808	HC/Tn	27kDB
11	27	11		תִצְלָ֔ח	6743 b	HVqi3fs	27c5h
11	27	12		כִּי	3588 a	HC	27MWC
11	27	13		ע֥וֹד	5750	HD	274HD
11	27	14		קֵ֖ץ	7093	HNcmsa	27NTC
11	27	15		לַ/מּוֹעֵֽד	l/4150	HRd/Ncmsa	27SsZ
11	28	1		וְ/יָשֹׁ֤ב	c/7725	HC/Vqj3ms	27gHx
11	28	2		אַרְצ/וֹ֙	776	HNcbsc/Sp3ms	279Gq
11	28	3		בִּ/רְכ֣וּשׁ	b/7399	HR/Ncmsa	27z1r
11	28	4		גָּד֔וֹל	1419 a	HAamsa	27qiE
11	28	5		וּ/לְבָב֖/וֹ	c/3824	HC/Ncmsc/Sp3ms	27Pbx
11	28	6		עַל	5921 a	HR	27iu9
11	28	7		בְּרִ֣ית	1285	HNcfsc	27v6K
11	28	8		קֹ֑דֶשׁ	6944	HNcmsa	27Zfe
11	28	9		וְ/עָשָׂ֖ה	c/6213 a	HC/Vqq3ms	27XqJ
11	28	10		וְ/שָׁ֥ב	c/7725	HC/Vqq3ms	27zba
11	28	11		לְ/אַרְצֽ/וֹ	l/776	HR/Ncbsc/Sp3ms	27bCg
11	29	1		לַ/מּוֹעֵ֥ד	l/4150	HRd/Ncmsa	27rcS
11	29	2		יָשׁ֖וּב	7725	HVqi3ms	27kPb
11	29	3		וּ/בָ֣א	c/935	HC/Vqq3ms	27jmq
11	29	4		בַ/נֶּ֑גֶב	b/5045	HRd/Ncmsa	27L8L
11	29	5		וְ/לֹֽא	c/3808	HC/Tn	27Qdn
11	29	6		תִהְיֶ֥ה	1961	HVqi3fs	27zXy
11	29	7		כָ/רִאשֹׁנָ֖ה	k/7223	HRd/Aofsa	27BE6
11	29	8		וְ/כָ/אַחֲרֹנָֽה	c/k/314	HC/Rd/Aafsa	274Hh
11	30	1		וּ/בָ֨אוּ	c/935	HC/Vqq3cp	27wqg
11	30	2		ב֜/וֹ	b	HR/Sp3ms	27wyc
11	30	3		צִיִּ֤ים	6716	HNcmpa	27wXU
11	30	4		כִּתִּים֙	3794	HNp	27Kzw
11	30	5		וְ/נִכְאָ֔ה	c/3512 a	HC/VNq3ms	27RDi
11	30	6		וְ/שָׁ֛ב	c/7725	HC/Vqq3ms	27t9h
11	30	7		וְ/זָעַ֥ם	c/2194	HC/Vqq3ms	27VYa
11	30	8		עַל	5921 a	HR	27TZK
11	30	9		בְּרִֽית	1285	HNcfsc	279yY
11	30	10		ק֖וֹדֶשׁ	6944	HNcmsa	27yyS
11	30	11		וְ/עָשָׂ֑ה	c/6213 a	HC/Vqq3ms	27i6F
11	30	12		וְ/שָׁ֣ב	c/7725	HC/Vqq3ms	27gag
11	30	13		וְ/יָבֵ֔ן	c/995	HC/Vqj3ms	27ocU
11	30	14		עַל	5921 a	HR	27E6L
11	30	15		עֹזְבֵ֖י	5800 a	HVqrmpc	27nAX
11	30	16		בְּרִ֥ית	1285	HNcfsc	278Kr
11	30	17		קֹֽדֶשׁ	6944	HNcmsa	2798g
11	31	1		וּ/זְרֹעִ֖ים	c/2220	HC/Ncbpa	27QQU
11	31	2		מִמֶּ֣/נּוּ	4480 a	HR/Sp1cp	27dJi
11	31	3		יַעֲמֹ֑דוּ	5975	HVqi3mp	27G5x
11	31	4		וְ/חִלְּל֞וּ	c/2490 c	HC/Vpq3cp	275MG
11	31	5		הַ/מִּקְדָּ֤שׁ	d/4720	HTd/Ncmsa	27BCd
11	31	6		הַ/מָּעוֹז֙	d/4581	HTd/Ncmsa	27WHx
11	31	7		וְ/הֵסִ֣ירוּ	c/5493	HC/Vhq3cp	27E2T
11	31	8		הַ/תָּמִ֔יד	d/8548	HTd/Ncmsa	27C8V
11	31	9		וְ/נָתְנ֖וּ	c/5414	HC/Vqq3cp	27Cn5
11	31	10		הַ/שִּׁקּ֥וּץ	d/8251	HTd/Ncmsa	27wzb
11	31	11		מְשׁוֹמֵֽם	8074	HVmrmsa	27Mdh
11	32	1		וּ/מַרְשִׁיעֵ֣י	c/7561	HC/Vhrmpc	27TmA
11	32	2		בְרִ֔ית	1285	HNcfsa	272ni
11	32	3		יַחֲנִ֖יף	2610	HVhi3ms	27yrG
11	32	4		בַּ/חֲלַקּ֑וֹת	b/2514	HR/Aafpa	27cnY
11	32	5		וְ/עַ֛ם	c/5971 a	HC/Ncmsc	27B32
11	32	6		יֹדְעֵ֥י	3045	HVqrmpc	27mFz
11	32	7		אֱלֹהָ֖י/ו	430	HNcmpc/Sp3ms	27AU3
11	32	8		יַחֲזִ֥קוּ	2388	HVhi3mp	27Ljo
11	32	9		וְ/עָשֽׂוּ	c/6213 a	HC/Vqq3cp	27zHu
11	33	1		וּ/מַשְׂכִּ֣ילֵי	c/7919 a	HC/Vhrmpc	27EH3
11	33	2		עָ֔ם	5971 a	HNcmsa	27APw
11	33	3		יָבִ֖ינוּ	995	HVhi3mp	274ud
11	33	4		לָֽ/רַבִּ֑ים	l/7227 a	HRd/Aampa	27oke
11	33	5		וְ/נִכְשְׁל֞וּ	c/3782	HC/VNq3cp	27Wom
11	33	6		בְּ/חֶ֧רֶב	b/2719	HR/Ncfsa	27K1g
11	33	7		וּ/בְ/לֶהָבָ֛ה	c/b/3852	HC/R/Ncfsa	27q4F
11	33	8		בִּ/שְׁבִ֥י	b/7628 a	HR/Ncbsa	27sh2
11	33	9		וּ/בְ/בִזָּ֖ה	c/b/961	HC/R/Ncfsa	27A1q
11	33	10		יָמִֽים	3117	HNcmpa	277mG
11	34	1		וּ/בְ/הִכָּ֣שְׁלָ֔/ם	c/b/3782	HC/R/VNc/Sp3mp	275fE
11	34	2		יֵעָזְר֖וּ	5826	HVNi3mp	27JNN
11	34	3		עֵ֣זֶר	5828	HNcmsa	27TRZ
11	34	4		מְעָ֑ט	4592	HNcmsa	27c1k
11	34	5		וְ/נִלְו֧וּ	c/3867 a	HC/VNq3cp	27KKG
11	34	6		עֲלֵי/הֶ֛ם	5921 a	HR/Sp3mp	2731M
11	34	7		רַבִּ֖ים	7227 a	HAampa	27PE3
11	34	8		בַּ/חֲלַקְלַקּֽוֹת	b/2519	HR/Ncfpa	276Da
11	35	1		וּ/מִן	c/4480 a	HC/R	27C4U
11	35	2		הַ/מַּשְׂכִּילִ֣ים	d/7919 a	HTd/Vhrmpa	27VPw
11	35	3		יִכָּֽשְׁל֗וּ	3782	HVNi3mp	27kTf
11	35	4		לִ/צְר֥וֹף	l/6884	HR/Vqc	27tqR
11	35	5		בָּ/הֶ֛ם	b	HR/Sp3mp	27jzx
11	35	6		וּ/לְ/בָרֵ֥ר	c/l/1305	HC/R/Vpc	27qj6
11	35	7		וְ/לַ/לְבֵּ֖ן	c/l/3835 a	HC/R/Vhc	27pus
11	35	8		עַד	5704	HR	27Z5a
11	35	9		עֵ֣ת	6256	HNcbsc	27N2d
11	35	10		קֵ֑ץ	7093	HNcmsa	27fmp
11	35	11		כִּי	3588 a	HC	27zva
11	35	12		ע֖וֹד	5750	HD	27dUC
11	35	13		לַ/מּוֹעֵֽד	l/4150	HRd/Ncmsa	27NuL
11	36	1		וְ/עָשָׂ֨ה	c/6213 a	HC/Vqq3ms	27f26
11	36	2		כִ/רְצוֹנ֜/וֹ	k/7522	HR/Ncmsc/Sp3ms	273cG
11	36	3		הַ/מֶּ֗לֶךְ	d/4428	HTd/Ncmsa	27DF8
11	36	4		וְ/יִתְרוֹמֵ֤ם	c/7311 a	HC/Vri3ms	27Ao5
11	36	5		וְ/יִתְגַּדֵּל֙	c/1431	HC/Vti3ms	27kni
11	36	6		עַל	5921 a	HR	27yRm
11	36	7		כָּל	3605	HNcmsc	278gB
11	36	8		אֵ֔ל	410	HNcmsa	27oEM
11	36	9		וְ/עַל֙	c/5921 a	HC/R	27p3B
11	36	10		אֵ֣ל	410	HNcmsc	27FcZ
11	36	11		אֵלִ֔ים	410	HNcmpa	27WG5
11	36	12		יְדַבֵּ֖ר	1696	HVpi3ms	27FnR
11	36	13		נִפְלָא֑וֹת	6381	HVNrfpa	27zxj
11	36	14		וְ/הִצְלִ֨יחַ֙	c/6743 b	HC/Vhq3ms	27jnw
11	36	15		עַד	5704	HR	27UjJ
11	36	16		כָּ֣לָה	3615	HVqp3ms	27wmR
11	36	17		זַ֔עַם	2195	HNcmsa	27Xsc
11	36	18		כִּ֥י	3588 a	HC	27qCb
11	36	19		נֶחֱרָצָ֖ה	2782	HVNsfsa	27rDe
11	36	20		נֶעֱשָֽׂתָה	6213 a	HVNp3fs	27LQN
11	37	1		וְ/עַל	c/5921 a	HC/R	27gWC
11	37	2		אֱלֹהֵ֤י	430	HNcmpc	27c6U
11	37	3		אֲבֹתָי/ו֙	1	HNcmpc/Sp3ms	27PAw
11	37	4		לֹ֣א	3808	HTn	27hXi
11	37	5		יָבִ֔ין	995	HVqi3ms	27jjb
11	37	6		וְ/עַל	c/5921 a	HC/R	27gpQ
11	37	7		חֶמְדַּ֥ת	2532 a	HNcfsc	27EiV
11	37	8		נָשִׁ֛ים	802	HNcfpa	27dY1
11	37	9		וְ/עַֽל	c/5921 a	HC/R	27iDg
11	37	10		כָּל	3605	HNcmsc	27dB9
11	37	11		אֱל֖וֹהַּ	433	HNcmsa	27CcA
11	37	12		לֹ֣א	3808	HTn	27R2m
11	37	13		יָבִ֑ין	995	HVqi3ms	27ryM
11	37	14		כִּ֥י	3588 a	HC	27evQ
11	37	15		עַל	5921 a	HR	27jkP
11	37	16		כֹּ֖ל	3605	HNcmsa	27NA8
11	37	17		יִתְגַּדָּֽל	1431	HVti3ms	27Zrf
11	38	1		וְ/לֶ/אֱלֹ֨הַּ֙	c/l/433	HC/R/Ncmsc	27cEv
11	38	2		מָֽעֻזִּ֔ים	4581	HNcmpa	27KV2
11	38	3		עַל	5921 a	HR	27c59
11	38	4		כַּנּ֖/וֹ	3653	HNcmsc/Sp3ms	27d4U
11	38	5		יְכַבֵּ֑ד	3513	HVpi3ms	27nLr
11	38	6		וְ/לֶ/אֱל֜וֹהַּ	c/l/433	HC/R/Ncmsa	27Qb5
11	38	7		אֲשֶׁ֧ר	834 a	HTr	27tTy
11	38	8		לֹא	3808	HTn	27T78
11	38	9		יְדָעֻ֣/הוּ	3045	HVqp3cp/Sp3ms	27q8b
11	38	10		אֲבֹתָ֗י/ו	1	HNcmpc/Sp3ms	27ehU
11	38	11		יְכַבֵּ֛ד	3513	HVpi3ms	276io
11	38	12		בְּ/זָהָ֥ב	b/2091	HR/Ncmsa	27WEE
11	38	13		וּ/בְ/כֶ֛סֶף	c/b/3701	HC/R/Ncmsa	27dDG
11	38	14		וּ/בְ/אֶ֥בֶן	c/b/68	HC/R/Ncfsa	27iLp
11	38	15		יְקָרָ֖ה	3368	HAafsa	27HkZ
11	38	16		וּ/בַ/חֲמֻדֽוֹת	c/b/2530 b	HC/R/Ncfpa	27RLR
11	39	1		וְ/עָשָׂ֞ה	c/6213 a	HC/Vqq3ms	27nDg
11	39	2		לְ/מִבְצְרֵ֤י	l/4013	HR/Ncmpc	27A6M
11	39	3		מָֽעֻזִּים֙	4581	HNcmpa	27RP4
11	39	4		עִם	5973 a	HR	27D9w
11	39	5		אֱל֣וֹהַּ	433	HNcmsc	27TJQ
11	39	6		נֵכָ֔ר	5236	HNcmsa	276yq
11	39	7		אֲשֶׁ֥ר	834 a	HTr	27Kqr
11	39	8	x-ketiv	הכיר	5234 a	HVhp3ms	27248
11	39	9		יַכִּ֖יר	5234 a	HVhi3ms	275vz
11	39	10		יַרְבֶּ֣ה	7235 a	HVhi3ms	27cN2
11	39	11		כָב֑וֹד	3519	HNcbsa	272jd
11	39	12		וְ/הִמְשִׁילָ/ם֙	c/4910	HC/Vhq3ms/Sp3mp	27K5Z
11	39	13		בָּֽ/רַבִּ֔ים	b/7227 a	HRd/Aampa	27n6n
11	39	14		וַ/אֲדָמָ֖ה	c/127	HC/Ncfsa	27T41
11	39	15		יְחַלֵּ֥ק	2505 a	HVpi3ms	27Bjn
11	39	16		בִּ/מְחִֽיר	b/4242	HR/Ncmsa	2799z
11	40	1		וּ/בְ/עֵ֣ת	c/b/6256	HC/R/Ncbsc	27zYd
11	40	2		קֵ֗ץ	7093	HNcmsa	27scM
11	40	3		יִתְנַגַּ֤ח	5055	HVti3ms	27cPY
11	40	4		עִמּ/וֹ֙	5973 a	HR/Sp3ms	27juj
11	40	5		מֶ֣לֶךְ	4428	HNcmsc	27pkn
11	40	6		הַ/נֶּ֔גֶב	d/5045	HTd/Ncmsa	27dgR
11	40	7		וְ/יִשְׂתָּעֵ֨ר	c/8175 b	HC/Vti3ms	27uxz
11	40	8		עָלָ֜י/ו	5921 a	HR/Sp3ms	27Mge
11	40	9		מֶ֣לֶךְ	4428	HNcmsc	27Ymi
11	40	10		הַ/צָּפ֗וֹן	d/6828	HTd/Ncfsa	27h2b
11	40	11		בְּ/רֶ֨כֶב֙	b/7393	HR/Ncmsa	27E7Q
11	40	12		וּ/בְ/פָ֣רָשִׁ֔ים	c/b/6571 b	HC/R/Ncmpa	27g5W
11	40	13		וּ/בָ/אֳנִיּ֖וֹת	c/b/591	HC/R/Ncfpa	276FM
11	40	14		רַבּ֑וֹת	7227 a	HAafpa	275yw
11	40	15		וּ/בָ֥א	c/935	HC/Vqq3ms	27YRc
11	40	16		בַ/אֲרָצ֖וֹת	b/776	HR/Ncbpa	27zfB
11	40	17		וְ/שָׁטַ֥ף	c/7857	HC/Vqq3ms	27jg4
11	40	18		וְ/עָבָֽר	c/5674 a	HC/Vqq3ms	271yU
11	41	1		וּ/בָא֙	c/935	HC/Vqq3ms	273fd
11	41	2		בְּ/אֶ֣רֶץ	b/776	HR/Ncbsc	27CvK
11	41	3		הַ/צְּבִ֔י	d/6643 a	HTd/Ncmsa	27Vio
11	41	4		וְ/רַבּ֖וֹת	c/7227 a	HC/Aafpa	27pZB
11	41	5		יִכָּשֵׁ֑לוּ	3782	HVNi3mp	27S2M
11	41	6		וְ/אֵ֨לֶּה֙	c/428	HC/Pdxcp	27eZE
11	41	7		יִמָּלְט֣וּ	4422	HVNi3mp	27W4S
11	41	8		מִ/יָּד֔/וֹ	m/3027	HR/Ncbsc/Sp3ms	27Gbr
11	41	9		אֱד֣וֹם	123	HNp	27v99
11	41	10		וּ/מוֹאָ֔ב	c/4124	HC/Np	27djw
11	41	11		וְ/רֵאשִׁ֖ית	c/7225	HC/Ncfsc	27cqT
11	41	12		בְּנֵ֥י	1121 a	HNcmpc	27pWC
11	41	13		עַמּֽוֹן	5983	HNp	27RLz
11	42	1		וְ/יִשְׁלַ֥ח	c/7971	HC/Vqi3ms	27YXn
11	42	2		יָד֖/וֹ	3027	HNcbsc/Sp3ms	27XT1
11	42	3		בַּ/אֲרָצ֑וֹת	b/776	HR/Ncbpa	273Mm
11	42	4		וְ/אֶ֣רֶץ	c/776	HC/Ncbsc	27zXt
11	42	5		מִצְרַ֔יִם	4714	HNp	2767g
11	42	6		לֹ֥א	3808	HTn	27C2M
11	42	7		תִהְיֶ֖ה	1961	HVqi3fs	27Nec
11	42	8		לִ/פְלֵיטָֽה	l/6413	HR/Ncfsa	2745R
11	43	1		וּ/מָשַׁ֗ל	c/4910	HC/Vqq3ms	27SEN
11	43	2		בְּ/מִכְמַנֵּי֙	b/4362	HR/Ncmpc	27JQg
11	43	3		הַ/זָּהָ֣ב	d/2091	HTd/Ncmsa	27TGg
11	43	4		וְ/הַ/כֶּ֔סֶף	c/d/3701	HC/Td/Ncmsa	27HrY
11	43	5		וּ/בְ/כֹ֖ל	c/b/3605	HC/R/Ncmsc	278tv
11	43	6		חֲמֻד֣וֹת	2530 b	HNcfpc	273zJ
11	43	7		מִצְרָ֑יִם	4714	HNp	27odd
11	43	8		וְ/לֻבִ֥ים	c/3864	HC/Ngmpa	27eJm
11	43	9		וְ/כֻשִׁ֖ים	c/3569	HC/Ngmpa	27t8y
11	43	10		בְּ/מִצְעָדָֽי/ו	b/4703	HR/Ncmpc/Sp3ms	277q4
11	44	1		וּ/שְׁמֻע֣וֹת	c/8052	HC/Ncfpa	27c2v
11	44	2		יְבַהֲלֻ֔/הוּ	926	HVpi3mp/Sp3ms	27gth
11	44	3		מִ/מִּזְרָ֖ח	m/4217	HR/Ncmsa	27qe3
11	44	4		וּ/מִ/צָּפ֑וֹן	c/m/6828	HC/R/Ncfsa	27vvb
11	44	5		וְ/יָצָא֙	c/3318	HC/Vqq3ms	27HZL
11	44	6		בְּ/חֵמָ֣א	b/2534	HR/Ncfsa	27JP4
11	44	7		גְדֹלָ֔ה	1419 a	HAafsa	27Lke
11	44	8		לְ/הַשְׁמִ֥יד	l/8045	HR/Vhc	27udG
11	44	9		וּֽ/לְ/הַחֲרִ֖ים	c/l/2763 a	HC/R/Vhc	27xji
11	44	10		רַבִּֽים	7227 a	HAampa	27AfZ
11	45	1		וְ/יִטַּע֙	c/5193	HC/Vqi3ms	27MKo
11	45	2		אָהֳלֶ֣י	168	HNcmpc	271BC
11	45	3		אַפַּדְנ֔/וֹ	643	HNcmsc/Sp3ms	27wuh
11	45	4		בֵּ֥ין	996	HR	27jPW
11	45	5		יַמִּ֖ים	3220	HNcmpa	27aG2
11	45	6		לְ/הַר	l/2022	HR/Ncmsc	27r8i
11	45	7		צְבִי	6643 a	HNcmsc	27QpT
11	45	8		קֹ֑דֶשׁ	6944	HNcmsa	27TzY
11	45	9		וּ/בָא֙	c/935	HC/Vqq3ms	27XbD
11	45	10		עַד	5704	HR	27gh4
11	45	11		קִצּ֔/וֹ	7093	HNcmsc/Sp3ms	275ho
11	45	12		וְ/אֵ֥ין	c/369	HC/Tn	27FP9
11	45	13		עוֹזֵ֖ר	5826	HVqrmsa	277DJ
11	45	14		לֽ/וֹ	l	HR/Sp3ms	27Wku
12	1	1		וּ/בָ/עֵ֣ת	c/b/6256	HC/Rd/Ncbsa	275xN
12	1	2		הַ/הִיא֩	d/1931	HTd/Pp3fs	27wtE
12	1	3		יַעֲמֹ֨ד	5975	HVqi3ms	27g1M
12	1	4		מִֽיכָאֵ֜ל	4317	HNp	27Ja2
12	1	5		הַ/שַּׂ֣ר	d/8269	HTd/Ncmsa	27sUc
12	1	6		הַ/גָּד֗וֹל	d/1419 a	HTd/Aamsa	27SSP
12	1	7		הָ/עֹמֵד֮	d/5975	HTd/Vqrmsa	27XF1
12	1	8		עַל	5921 a	HR	27Mig
12	1	9		בְּנֵ֣י	1121 a	HNcmpc	27HwW
12	1	10		עַמֶּ/ךָ֒	5971 a	HNcmsc/Sp2ms	27YeZ
12	1	11		וְ/הָיְתָה֙	c/1961	HC/Vqq3fs	27fwr
12	1	12		עֵ֣ת	6256	HNcbsc	27suC
12	1	13		צָרָ֔ה	6869 b	HNcfsa	27Px1
12	1	14		אֲשֶׁ֤ר	834 a	HTr	27AYP
12	1	15		לֹֽא	3808	HTn	27DRn
12	1	16		נִהְיְתָה֙	1961	HVNp3fs	27eu8
12	1	17		מִֽ/הְי֣וֹת	m/1961	HR/Vqc	27Gvf
12	1	18		גּ֔וֹי	1471 a	HNcmsa	27rUH
12	1	19		עַ֖ד	5704	HR	27Ndd
12	1	20		הָ/עֵ֣ת	d/6256	HTd/Ncbsa	27AS3
12	1	21		הַ/הִ֑יא	d/1931	HTd/Pp3fs	27NNB
12	1	22		וּ/בָ/עֵ֤ת	c/b/6256	HC/Rd/Ncbsa	27ooW
12	1	23		הַ/הִיא֙	d/1931	HTd/Pp3fs	2744e
12	1	24		יִמָּלֵ֣ט	4422	HVNi3ms	271ML
12	1	25		עַמְּ/ךָ֔	5971 a	HNcmsc/Sp2ms	27Lr5
12	1	26		כָּל	3605	HNcmsc	27V22
12	1	27		הַ/נִּמְצָ֖א	d/4672	HTd/VNrmsa	27aa5
12	1	28		כָּת֥וּב	3789	HVqsmsa	27Pbw
12	1	29		בַּ/סֵּֽפֶר	b/5612 a	HRd/Ncmsa	275M6
12	2	1		וְ/רַבִּ֕ים	c/7227 a	HC/Aampa	27Fdk
12	2	2		מִ/יְּשֵׁנֵ֥י	m/3463	HR/Aampc	27Pwi
12	2	3		אַדְמַת	127	HNcfsc	27kSx
12	2	4		עָפָ֖ר	6083	HNcmsa	27488
12	2	5		יָקִ֑יצוּ	6974	HVhi3mp	27Mix
12	2	6		אֵ֚לֶּה	428	HPdxcp	27Nt6
12	2	7		לְ/חַיֵּ֣י	l/2416 e	HR/Ncmpc	27JC3
12	2	8		עוֹלָ֔ם	5769	HNcmsa	27ieh
12	2	9		וְ/אֵ֥לֶּה	c/428	HC/Pdxcp	27ASQ
12	2	10		לַ/חֲרָפ֖וֹת	l/2781	HR/Ncfpa	27NoG
12	2	11		לְ/דִרְא֥וֹן	l/1860	HR/Ncmsc	27CEp
12	2	12		עוֹלָֽם	5769	HNcmsa	27ngB
12	3	1		וְ/הַ֨/מַּשְׂכִּלִ֔ים	c/d/7919 a	HC/Td/Vhrmpa	27yLn
12	3	2		יַזְהִ֖רוּ	2094 a	HVhi3mp	27akE
12	3	3		כְּ/זֹ֣הַר	k/2096	HR/Ncmsc	27QRH
12	3	4		הָ/רָקִ֑יעַ	d/7549	HTd/Ncmsa	27G4s
12	3	5		וּ/מַצְדִּיקֵי֙	c/6663	HC/Vhrmpc	27mzP
12	3	6		הָֽ/רַבִּ֔ים	d/7227 a	HTd/Aampa	27VHe
12	3	7		כַּ/כּוֹכָבִ֖ים	k/3556	HRd/Ncmpa	276MU
12	3	8		לְ/עוֹלָ֥ם	l/5769	HR/Ncmsa	27DbG
12	3	9		וָ/עֶֽד	c/5703	HC/Ncmsa	27ecu
12	4	1		וְ/אַתָּ֣ה	c/859 a	HC/Pp2ms	27jQu
12	4	2		דָֽנִיֵּ֗אל	1840	HNp	27Bcc
12	4	3		סְתֹ֧ם	5640 a	HVqv2ms	27EVD
12	4	4		הַ/דְּבָרִ֛ים	d/1697	HTd/Ncmpa	27yJE
12	4	5		וַ/חֲתֹ֥ם	c/2856	HC/Vqv2ms	27cfw
12	4	6		הַ/סֵּ֖פֶר	d/5612 a	HTd/Ncmsa	276j8
12	4	7		עַד	5704	HR	27EEK
12	4	8		עֵ֣ת	6256	HNcbsc	272ZK
12	4	9		קֵ֑ץ	7093	HNcmsa	27T4o
12	4	10		יְשֹׁטְט֥וּ	7751 a	HVoi3mp	27SGX
12	4	11		רַבִּ֖ים	7227 a	HAampa	27ExA
12	4	12		וְ/תִרְבֶּ֥ה	c/7235 a	HC/Vqi3fs	27kGa
12	4	13		הַ/דָּֽעַת	d/1847	HTd/Ncfsa	27wwe
12	5	1		וְ/רָאִ֨יתִי֙	c/7200	HC/Vqp1cs	27ej6
12	5	2		אֲנִ֣י	589	HPp1cs	27iJP
12	5	3		דָנִיֵּ֔אל	1840	HNp	27MEP
12	5	4		וְ/הִנֵּ֛ה	c/2009	HC/Tm	27BRP
12	5	5		שְׁנַ֥יִם	8147	HAcmda	27q73
12	5	6		אֲחֵרִ֖ים	312	HAampa	27SDq
12	5	7		עֹמְדִ֑ים	5975	HVqrmpa	27kXh
12	5	8		אֶחָ֥ד	259	HAcmsa	27URX
12	5	9		הֵ֨נָּה֙	2008	HD	27gMf
12	5	10		לִ/שְׂפַ֣ת	l/8193	HR/Ncfsc	27E6M
12	5	11		הַ/יְאֹ֔ר	d/2975	HTd/Ncmsa	271A6
12	5	12		וְ/אֶחָ֥ד	c/259	HC/Acmsa	27BJQ
12	5	13		הֵ֖נָּה	2008	HD	27XqG
12	5	14		לִ/שְׂפַ֥ת	l/8193	HR/Ncfsc	27nEn
12	5	15		הַ/יְאֹֽר	d/2975	HTd/Ncmsa	27ket
12	6	1		וַ/יֹּ֗אמֶר	c/559	HC/Vqw3ms	27V6E
12	6	2		לָ/אִישׁ֙	l/376	HRd/Ncmsa	27UwW
12	6	3		לְב֣וּשׁ	3847	HVqsmsc	27RnX
12	6	4		הַ/בַּדִּ֔ים	d/906	HTd/Ncmpa	277PA
12	6	5		אֲשֶׁ֥ר	834 a	HTr	27bf2
12	6	6		מִ/מַּ֖עַל	m/4605	HR/D	27mxX
12	6	7		לְ/מֵימֵ֣י	l/4325	HR/Ncmpc	27Fbc
12	6	8		הַ/יְאֹ֑ר	d/2975	HTd/Ncmsa	27B6k
12	6	9		עַד	5704	HR	271Kb
12	6	10		מָתַ֖י	4970	HTi	27Ue8
12	6	11		קֵ֥ץ	7093	HNcmsc	27oJZ
12	6	12		הַ/פְּלָאֽוֹת	d/6382	HTd/Ncmpa	27vaQ
12	7	1		וָ/אֶשְׁמַ֞ע	c/8085	HC/Vqw1cs	2739o
12	7	2		אֶת	853	HTo	27RyG
12	7	3		הָ/אִ֣ישׁ	d/376	HTd/Ncmsa	27y4Q
12	7	4		לְב֣וּשׁ	3847	HVqsmsc	27xya
12	7	5		הַ/בַּדִּ֗ים	d/906	HTd/Ncmpa	27gpN
12	7	6		אֲשֶׁ֣ר	834 a	HTr	27wiL
12	7	7		מִ/מַּעַל֮	m/4605	HR/D	27Qu5
12	7	8		לְ/מֵימֵ֣י	l/4325	HR/Ncmpc	27L3T
12	7	9		הַ/יְאֹר֒	d/2975	HTd/Ncmsa	27dpv
12	7	10		וַ/יָּ֨רֶם	c/7311 a	HC/Vhw3ms	276Kf
12	7	11		יְמִינ֤/וֹ	3225	HNcfsc/Sp3ms	275Nn
12	7	12		וּ/שְׂמֹאל/וֹ֙	c/8040	HC/Ncmsc/Sp3ms	27R25
12	7	13		אֶל	413	HR	27d3e
12	7	14		הַ/שָּׁמַ֔יִם	d/8064	HTd/Ncmpa	27jsg
12	7	15		וַ/יִּשָּׁבַ֖ע	c/7650	HC/VNw3ms	27H7t
12	7	16		בְּ/חֵ֣י	b/2416 a	HR/Ncbsc	27mvX
12	7	17		הָ/עוֹלָ֑ם	d/5769	HTd/Ncmsa	27RMf
12	7	18		כִּי֩	3588 a	HC	27Lmi
12	7	19		לְ/מוֹעֵ֨ד	l/4150	HR/Ncmsa	27frn
12	7	20		מֽוֹעֲדִ֜ים	4150	HNcmpa	27ukw
12	7	21		וָ/חֵ֗צִי	c/2677	HC/Ncmsa	27VKd
12	7	22		וּ/כְ/כַלּ֛וֹת	c/k/3615	HC/R/Vpc	27tjY
12	7	23		נַפֵּ֥ץ	5310 a	HVpc	27L7A
12	7	24		יַד	3027	HNcbsc	27CiC
12	7	25		עַם	5971 a	HNcmsc	275Lz
12	7	26		קֹ֖דֶשׁ	6944	HNcmsa	277uH
12	7	27		תִּכְלֶ֥ינָה	3615	HVqi3fp	27pEG
12	7	28		כָל	3605	HNcmsc	27m4Z
12	7	29		אֵֽלֶּה	428	HPdxcp	27Cmt
12	8	1		וַ/אֲנִ֥י	c/589	HC/Pp1cs	27hg2
12	8	2		שָׁמַ֖עְתִּי	8085	HVqp1cs	27MDe
12	8	3		וְ/לֹ֣א	c/3808	HC/Tn	27ezg
12	8	4		אָבִ֑ין	995	HVqi1cs	27pE4
12	8	5		וָ/אֹ֣מְרָ֔/ה	c/559	HC/Vqw1cs/Sh	27p3k
12	8	6		אֲדֹנִ֕/י	113	HNcmsc/Sp1cs	27d1y
12	8	7		מָ֥ה	4100	HTi	27xV8
12	8	8		אַחֲרִ֖ית	319	HNcfsa	277xo
12	8	9		אֵֽלֶּה	428	HPdxcp	27PPv
12	9	1		וַ/יֹּ֖אמֶר	c/559	HC/Vqw3ms	27Eci
12	9	2		לֵ֣ךְ	3212	HVqv2ms	27PW7
12	9	3		דָּנִיֵּ֑אל	1840	HNp	27kag
12	9	4		כִּֽי	3588 a	HC	27ne1
12	9	5		סְתֻמִ֧ים	5640 a	HVqsmpa	2774j
12	9	6		וַ/חֲתֻמִ֛ים	c/2856	HC/Vqsmpa	27Cip
12	9	7		הַ/דְּבָרִ֖ים	d/1697	HTd/Ncmpa	2743X
12	9	8		עַד	5704	HR	273p9
12	9	9		עֵ֥ת	6256	HNcbsc	27fiw
12	9	10		קֵֽץ	7093	HNcmsa	27vHw
12	10	1		יִ֠תְבָּֽרֲרוּ	1305	HVti3mp	27s8T
12	10	2		וְ/יִֽתְלַבְּנ֤וּ	c/3835 a	HC/Vti3mp	27ZaN
12	10	3		וְ/יִצָּֽרְפוּ֙	c/6884	HC/VNi3mp	27nYc
12	10	4		רַבִּ֔ים	7227 a	HAampa	27u3e
12	10	5		וְ/הִרְשִׁ֣יעוּ	c/7561	HC/Vhq3cp	2739m
12	10	6		רְשָׁעִ֔ים	7563	HAampa	27dJf
12	10	7		וְ/לֹ֥א	c/3808	HC/Tn	27mri
12	10	8		יָבִ֖ינוּ	995	HVqi3mp	27QxH
12	10	9		כָּל	3605	HNcmsc	27U84
12	10	10		רְשָׁעִ֑ים	7563	HAampa	27Jy2
12	10	11		וְ/הַ/מַּשְׂכִּלִ֖ים	c/d/7919 a	HC/Td/Vhrmpa	27HnU
12	10	12		יָבִֽינוּ	995	HVqi3mp	27zRD
12	11	1		וּ/מֵ/עֵת֙	c/m/6256	HC/R/Ncbsa	272v1
12	11	2		הוּסַ֣ר	5493	HVHp3ms	27zJL
12	11	3		הַ/תָּמִ֔יד	d/8548	HTd/Ncmsa	27RMN
12	11	4		וְ/לָ/תֵ֖ת	c/l/5414	HC/R/Vqc	27eF6
12	11	5		שִׁקּ֣וּץ	8251	HNcmsa	273VC
12	11	6		שֹׁמֵ֑ם	8074	HVqrmsa	274tQ
12	11	7		יָמִ֕ים	3117	HNcmpa	27mn8
12	11	8		אֶ֖לֶף	505	HAcbsa	27k1n
12	11	9		מָאתַ֥יִם	3967	HAcbda	27LbT
12	11	10		וְ/תִשְׁעִֽים	c/8673	HC/Acbpa	2718q
12	12	1		אַשְׁרֵ֥י	835	HNcmpa	27MDc
12	12	2		הַֽ/מְחַכֶּ֖ה	d/2442	HTd/Vprmsa	27Yeh
12	12	3		וְ/יַגִּ֑יעַ	c/5060	HC/Vhi3ms	27khD
12	12	4		לְ/יָמִ֕ים	l/3117	HR/Ncmpa	271Qt
12	12	5		אֶ֕לֶף	505	HAcbsa	27onH
12	12	6		שְׁלֹ֥שׁ	7969	HAcfsa	272Kd
12	12	7		מֵא֖וֹת	3967	HAcbpa	27LPE
12	12	8		שְׁלֹשִׁ֥ים	7970	HAcbpa	27Anu
12	12	9		וַ/חֲמִשָּֽׁה	c/2568	HC/Acmsa	27YWY
12	13	1		וְ/אַתָּ֖ה	c/859 a	HC/Pp2ms	27FkQ
12	13	2		לֵ֣ךְ	3212	HVqv2ms	27vf3
12	13	3		לַ/קֵּ֑ץ	l/7093	HRd/Ncmsa	27y8F
12	13	4		וְ/תָנ֛וּחַ	c/5117	HC/Vqi2ms	27uwa
12	13	5		וְ/תַעֲמֹ֥ד	c/5975	HC/Vqi2ms	27quH
12	13	6		לְ/גֹרָלְ/ךָ֖	l/1486	HR/Ncmsc/Sp2ms	27FKK
12	13	7		לְ/קֵ֥ץ	l/7093	HR/Ncmsc	27EY9
12	13	8		הַ/יָּמִֽין	d/3117	HTd/Ncmpa	273bJ
