chapter	verse	word	type	surface	lemma	morph	id
1	1	1		אֵ֣לֶּה	428	HPdxcp	05xeN
1	1	2		הַ/דְּבָרִ֗ים	d/1697	HTd/Ncmpa	05Nvk
1	1	3		אֲשֶׁ֨ר	834 a	HTr	05TyA
1	1	4		דִּבֶּ֤ר	1696	HVpp3ms	05vuQ
1	1	5		מֹשֶׁה֙	4872	HNp	05TSc
1	1	6		אֶל	413	HR	05k5P
1	1	7		כָּל	3605	HNcmsc	05nPh
1	1	8		יִשְׂרָאֵ֔ל	3478	HNp	05LN3
1	1	9		בְּ/עֵ֖בֶר	b/5676	HR/Ncmsc	05Qzf
1	1	10		הַ/יַּרְדֵּ֑ן	d/3383	HTd/Np	05aPd
1	1	11		בַּ/מִּדְבָּ֡ר	b/4057 b	HRd/Ncmsa	05eYX
1	1	12		בָּֽ/עֲרָבָה֩	b/6160	HRd/Ncfsa	05C5U
1	1	13		מ֨וֹל	4136	HR	05qNN
1	1	14		ס֜וּף	5489	HNp	05EVS
1	1	15		בֵּֽין	996	HR	05PB6
1	1	16		פָּארָ֧ן	6290	HNp	0537c
1	1	17		וּ/בֵֽין	c/996	HC/R	05x9c
1	1	18		תֹּ֛פֶל	8603	HNp	05yNB
1	1	19		וְ/לָבָ֥ן	c/3837 b	HC/Np	0529t
1	1	20		וַ/חֲצֵרֹ֖ת	c/2698	HC/Np	05KZG
1	1	21		וְ/דִ֥י	c/1774+	HC/Np	05TZE
1	1	22		זָהָֽב	1774	HNp	05thY
1	2	1		אַחַ֨ד	259	HAcmsa	05JM7
1	2	2		עָשָׂ֥ר	6240	HAcmsa	05fpo
1	2	3		יוֹם֙	3117	HNcmsa	05W26
1	2	4		מֵֽ/חֹרֵ֔ב	m/2722	HR/Np	05yw4
1	2	5		דֶּ֖רֶךְ	1870	HNcbsc	05jbg
1	2	6		הַר	2022	HNcmsc	05USR
1	2	7		שֵׂעִ֑יר	8165 a	HNp	05v6U
1	2	8		עַ֖ד	5704	HR	055SS
1	2	9		קָדֵ֥שׁ	6947+	HNp	05GzE
1	2	10		בַּרְנֵֽעַ	6947	HNp	05qCU
1	3	1		וַ/יְהִי֙	c/1961	HC/Vqw3ms	05g2y
1	3	2		בְּ/אַרְבָּעִ֣ים	b/705	HR/Acbpa	05jQb
1	3	3		שָׁנָ֔ה	8141	HNcfsa	05794
1	3	4		בְּ/עַשְׁתֵּֽי	b/6249	HR/Acbsc	05CsU
1	3	5		עָשָׂ֥ר	6240	HAcmsa	05XR4
1	3	6		חֹ֖דֶשׁ	2320	HNcmsa	05KvS
1	3	7		בְּ/אֶחָ֣ד	b/259	HR/Acmsa	05dBc
1	3	8		לַ/חֹ֑דֶשׁ	l/2320	HRd/Ncmsa	05nAB
1	3	9		דִּבֶּ֤ר	1696	HVpp3ms	05kfX
1	3	10		מֹשֶׁה֙	4872	HNp	05Wkf
1	3	11		אֶל	413	HR	05wrL
1	3	12		בְּנֵ֣י	1121 a	HNcmpc	053TL
1	3	13		יִשְׂרָאֵ֔ל	3478	HNp	05LeN
1	3	14		כְּ֠/כֹל	k/3605	HR/Ncmsa	05sMn
1	3	15		אֲשֶׁ֨ר	834 a	HTr	05Y3z
1	3	16		צִוָּ֧ה	6680	HVpp3ms	05NQN
1	3	17		יְהוָ֛ה	3068	HNp	05uLf
1	3	18		אֹת֖/וֹ	853	HTo/Sp3ms	05kA7
1	3	19		אֲלֵ/הֶֽם	413	HR/Sp3mp	053TS
1	4	1		אַחֲרֵ֣י	310 a	HR	05NFp
1	4	2		הַכֹּת֗/וֹ	5221	HVhc/Sp3ms	057am
1	4	3		אֵ֚ת	853	HTo	05hh7
1	4	4		סִיחֹן֙	5511	HNp	05BsK
1	4	5		מֶ֣לֶךְ	4428	HNcmsc	05fsu
1	4	6		הָֽ/אֱמֹרִ֔י	d/567	HTd/Ngmsa	058M6
1	4	7		אֲשֶׁ֥ר	834 a	HTr	05wM5
1	4	8		יוֹשֵׁ֖ב	3427	HVqrmsa	05qty
1	4	9		בְּ/חֶשְׁבּ֑וֹן	b/2809	HR/Np	055gQ
1	4	10		וְ/אֵ֗ת	c/853	HC/To	05Xw6
1	4	11		ע֚וֹג	5747	HNp	05eHJ
1	4	12		מֶ֣לֶךְ	4428	HNcmsc	05H6L
1	4	13		הַ/בָּשָׁ֔ן	d/1316	HTd/Np	05bmv
1	4	14		אֲשֶׁר	834 a	HTr	05FV9
1	4	15		יוֹשֵׁ֥ב	3427	HVqrmsa	05Xm1
1	4	16		בְּ/עַשְׁתָּרֹ֖ת	b/6252	HR/Np	05UE6
1	4	17		בְּ/אֶדְרֶֽעִי	b/154	HR/Np	05goK
1	5	1		בְּ/עֵ֥בֶר	b/5676	HR/Ncmsc	05CyH
1	5	2		הַ/יַּרְדֵּ֖ן	d/3383	HTd/Np	05A4a
1	5	3		בְּ/אֶ֣רֶץ	b/776	HR/Ncbsc	055Pr
1	5	4		מוֹאָ֑ב	4124	HNp	05L4k
1	5	5		הוֹאִ֣יל	2974	HVhp3ms	05Mnv
1	5	6		מֹשֶׁ֔ה	4872	HNp	05mwU
1	5	7		בֵּאֵ֛ר	874	HVpp3ms	05tKT
1	5	8		אֶת	853	HTo	05NRT
1	5	9		הַ/תּוֹרָ֥ה	d/8451	HTd/Ncfsa	05sRU
1	5	10		הַ/זֹּ֖את	d/2063	HTd/Pdxfs	05Wxq
1	5	11		לֵ/אמֹֽר	l/559	HR/Vqc	059qY
1	6	1		יְהוָ֧ה	3068	HNp	05n5f
1	6	2		אֱלֹהֵ֛י/נוּ	430	HNcmpc/Sp1cp	05YUq
1	6	3		דִּבֶּ֥ר	1696	HVpp3ms	05fQr
1	6	4		אֵלֵ֖י/נוּ	413	HR/Sp1cp	05L7t
1	6	5		בְּ/חֹרֵ֣ב	b/2722	HR/Np	05A74
1	6	6		לֵ/אמֹ֑ר	l/559	HR/Vqc	05dNE
1	6	7		רַב	7227 a	HAamsc	05xdF
1	6	8		לָ/כֶ֥ם	l	HR/Sp2mp	05AYg
1	6	9		שֶׁ֖בֶת	3427	HVqc	05Ls9
1	6	10		בָּ/הָ֥ר	b/2022	HRd/Ncmsa	05Snp
1	6	11		הַ/זֶּֽה	d/2088	HTd/Pdxms	0587B
1	7	1		פְּנ֣וּ	6437	HVqv2mp	05nLp
1	7	2		וּ/סְע֣וּ	c/5265	HC/Vqv2mp	05PzC
1	7	3		לָ/כֶ֗ם	l	HR/Sp2mp	05NPq
1	7	4		וּ/בֹ֨אוּ	c/935	HC/Vqv2mp	05d5m
1	7	5		הַ֥ר	2022	HNcmsc	05BYa
1	7	6		הָֽ/אֱמֹרִי֮	d/567	HTd/Ngmsa	05LJh
1	7	7		וְ/אֶל	c/413	HC/R	05tRR
1	7	8		כָּל	3605	HNcmsc	05Q7E
1	7	9		שְׁכֵנָי/ו֒	7934	HAampc/Sp3ms	05dv1
1	7	10		בָּ/עֲרָבָ֥ה	b/6160	HRd/Ncfsa	05QwM
1	7	11		בָ/הָ֛ר	b/2022	HRd/Ncmsa	05a62
1	7	12		וּ/בַ/שְּׁפֵלָ֥ה	c/b/8219	HC/Rd/Ncfsa	05KvD
1	7	13		וּ/בַ/נֶּ֖גֶב	c/b/5045	HC/Rd/Ncmsa	05GLz
1	7	14		וּ/בְ/ח֣וֹף	c/b/2348	HC/R/Ncmsc	05BU7
1	7	15		הַ/יָּ֑ם	d/3220	HTd/Ncmsa	05iy2
1	7	16		אֶ֤רֶץ	776	HNcbsc	05zQ2
1	7	17		הַֽ/כְּנַעֲנִי֙	d/3669 a	HTd/Ngmsa	05Wxx
1	7	18		וְ/הַ/לְּבָנ֔וֹן	c/d/3844	HC/Td/Np	05jQ8
1	7	19		עַד	5704	HR	05Haa
1	7	20		הַ/נָּהָ֥ר	d/5104	HTd/Ncmsa	05fJN
1	7	21		הַ/גָּדֹ֖ל	d/1419 a	HTd/Aamsa	059KV
1	7	22		נְהַר	5104	HNcmsc	05F1s
1	7	23		פְּרָֽת	6578	HNp	05dns
1	8	1		רְאֵ֛ה	7200	HVqv2ms	05GK3
1	8	2		נָתַ֥תִּי	5414	HVqp1cs	05nRZ
1	8	3		לִ/פְנֵי/כֶ֖ם	l/6440	HR/Ncbpc/Sp2mp	05cpb
1	8	4		אֶת	853	HTo	05zio
1	8	5		הָ/אָ֑רֶץ	d/776	HTd/Ncbsa	05Qsh
1	8	6		בֹּ֚אוּ	935	HVqv2mp	05zTj
1	8	7		וּ/רְשׁ֣וּ	c/3423	HC/Vqv2mp	05fPi
1	8	8		אֶת	853	HTo	05GYe
1	8	9		הָ/אָ֔רֶץ	d/776	HTd/Ncbsa	05Bbz
1	8	10		אֲשֶׁ֣ר	834 a	HTr	05VA9
1	8	11		נִשְׁבַּ֣ע	7650	HVNp3ms	05fV3
1	8	12		יְ֠הוָה	3068	HNp	05Sov
1	8	13		לַ/אֲבֹ֨תֵי/כֶ֜ם	l/1	HR/Ncmpc/Sp2mp	05V27
1	8	14		לְ/אַבְרָהָ֨ם	l/85	HR/Np	05ifp
1	8	15		לְ/יִצְחָ֤ק	l/3327	HR/Np	057ZG
1	8	16		וּֽ/לְ/יַעֲקֹב֙	c/l/3290	HC/R/Np	05B2d
1	8	17		לָ/תֵ֣ת	l/5414	HR/Vqc	05ewe
1	8	18		לָ/הֶ֔ם	l	HR/Sp3mp	05SV6
1	8	19		וּ/לְ/זַרְעָ֖/ם	c/l/2233	HC/R/Ncmsc/Sp3mp	05G83
1	8	20		אַחֲרֵי/הֶֽם	310 a	HR/Sp3mp	05vzS
1	9	1		וָ/אֹמַ֣ר	c/559	HC/Vqw1cs	05Gq9
1	9	2		אֲלֵ/כֶ֔ם	413	HR/Sp2mp	053y8
1	9	3		בָּ/עֵ֥ת	b/6256	HRd/Ncbsa	05TXw
1	9	4		הַ/הִ֖וא	d/1931	HTd/Pp3fs	05Y4K
1	9	5		לֵ/אמֹ֑ר	l/559	HR/Vqc	05C32
1	9	6		לֹא	3808	HTn	05aMT
1	9	7		אוּכַ֥ל	3201	HVqi1cs	05Cof
1	9	8		לְ/בַדִּ֖/י	l/905	HR/Ncmsc/Sp1cs	05YWU
1	9	9		שְׂאֵ֥ת	5375	HVqc	05rAQ
1	9	10		אֶתְ/כֶֽם	853	HTo/Sp2mp	05fLi
1	10	1		יְהוָ֥ה	3068	HNp	05Ptj
1	10	2		אֱלֹהֵי/כֶ֖ם	430	HNcmpc/Sp2mp	05AJj
1	10	3		הִרְבָּ֣ה	7235 a	HVhp3ms	059Hv
1	10	4		אֶתְ/כֶ֑ם	853	HTo/Sp2mp	05j1i
1	10	5		וְ/הִנְּ/כֶ֣ם	c/2009	HC/Tm/Sp2mp	05J9J
1	10	6		הַ/יּ֔וֹם	d/3117	HTd/Ncmsa	05U4n
1	10	7		כְּ/כוֹכְבֵ֥י	k/3556	HR/Ncmpc	052Kt
1	10	8		הַ/שָּׁמַ֖יִם	d/8064	HTd/Ncmpa	05RmH
1	10	9		לָ/רֹֽב	l/7230	HR/Ncbsa	05SWL
1	11	1		יְהוָ֞ה	3068	HNp	0575P
1	11	2		אֱלֹהֵ֣י	430	HNcmpc	053Lj
1	11	3		אֲבֽוֹתֵ/כֶ֗ם	1	HNcmpc/Sp2mp	05Qa3
1	11	4		יֹסֵ֧ף	3254	HVhj3ms	05WTe
1	11	5		עֲלֵי/כֶ֛ם	5921 a	HR/Sp2mp	056VM
1	11	6		כָּ/כֶ֖ם	k	HR/Sp2mp	05sKn
1	11	7		אֶ֣לֶף	505	HAcbsa	05oAj
1	11	8		פְּעָמִ֑ים	6471	HNcfpa	05AxB
1	11	9		וִ/יבָרֵ֣ךְ	c/1288	HC/Vpi3ms	05Ap3
1	11	10		אֶתְ/כֶ֔ם	853	HTo/Sp2mp	05CEu
1	11	11		כַּ/אֲשֶׁ֖ר	k/834 d	HR/Tr	05zpy
1	11	12		דִּבֶּ֥ר	1696	HVpp3ms	05FiN
1	11	13		לָ/כֶֽם	l	HR/Sp2mp	05cLk
1	12	1		אֵיכָ֥ה	349 b	HTi	0592v
1	12	2		אֶשָּׂ֖א	5375	HVqi1cs	05j63
1	12	3		לְ/בַדִּ֑/י	l/905	HR/Ncmsc/Sp1cs	05LFW
1	12	4		טָרְחֲ/כֶ֥ם	2960	HNcmsc/Sp2mp	05FbT
1	12	5		וּ/מַֽשַּׂאֲ/כֶ֖ם	c/4853 a	HC/Ncmsc/Sp2mp	05Bx7
1	12	6		וְ/רִֽיבְ/כֶֽם	c/7379	HC/Ncbsc/Sp2mp	05btu
1	13	1		הָב֣וּ	3051	HVqv2mp	05rTK
1	13	2		לָ֠/כֶם	l	HR/Sp2mp	05SHw
1	13	3		אֲנָשִׁ֨ים	376	HNcmpa	05VuH
1	13	4		חֲכָמִ֧ים	2450	HAampa	05Axb
1	13	5		וּ/נְבֹנִ֛ים	c/995	HC/VNrmpa	05xva
1	13	6		וִ/ידֻעִ֖ים	c/3045	HC/Vqsmpa	05NrT
1	13	7		לְ/שִׁבְטֵי/כֶ֑ם	l/7626	HR/Ncmpc/Sp2mp	05iAD
1	13	8		וַ/אֲשִׂימֵ֖/ם	c/7760 a	HC/Vqi1cs/Sp3mp	05372
1	13	9		בְּ/רָאשֵׁי/כֶֽם	b/7218 a	HR/Ncmpc/Sp2mp	05FMU
1	14	1		וַֽ/תַּעֲנ֖וּ	c/6030 b	HC/Vqw2mp	05SaV
1	14	2		אֹתִ֑/י	853	HTo/Sp1cs	054W9
1	14	3		וַ/תֹּ֣אמְר֔וּ	c/559	HC/Vqw2mp	05MmM
1	14	4		טֽוֹב	2896 a	HAamsa	05wJn
1	14	5		הַ/דָּבָ֥ר	d/1697	HTd/Ncmsa	05CQo
1	14	6		אֲשֶׁר	834 a	HTr	05XyU
1	14	7		דִּבַּ֖רְתָּ	1696	HVpp2ms	05BG4
1	14	8		לַ/עֲשֽׂוֹת	l/6213 a	HR/Vqc	05YHH
1	15	1		וָ/אֶקַּ֞ח	c/3947	HC/Vqw1cs	05sHf
1	15	2		אֶת	853	HTo	05iee
1	15	3		רָאשֵׁ֣י	7218 a	HNcmpc	053eS
1	15	4		שִׁבְטֵי/כֶ֗ם	7626	HNcmpc/Sp2mp	05ddd
1	15	5		אֲנָשִׁ֤ים	376	HNcmpa	05hxo
1	15	6		חֲכָמִים֙	2450	HAampa	05TW6
1	15	7		וִֽ/ידֻעִ֔ים	c/3045	HC/Vqsmpa	05PVx
1	15	8		וָ/אֶתֵּ֥ן	c/5414	HC/Vqw1cs	05PGK
1	15	9		אֹתָ֛/ם	853	HTo/Sp3mp	05U4a
1	15	10		רָאשִׁ֖ים	7218 a	HNcmpa	05dSQ
1	15	11		עֲלֵי/כֶ֑ם	5921 a	HR/Sp2mp	05Qbs
1	15	12		שָׂרֵ֨י	8269	HNcmpc	05ndZ
1	15	13		אֲלָפִ֜ים	505	HAcbpa	05Xa1
1	15	14		וְ/שָׂרֵ֣י	c/8269	HC/Ncmpc	053yJ
1	15	15		מֵא֗וֹת	3967	HAcbpa	05B6c
1	15	16		וְ/שָׂרֵ֤י	c/8269	HC/Ncmpc	05bju
1	15	17		חֲמִשִּׁים֙	2572	HAcbpa	05cn3
1	15	18		וְ/שָׂרֵ֣י	c/8269	HC/Ncmpc	057mS
1	15	19		עֲשָׂרֹ֔ת	6235	HAcmpa	05dJe
1	15	20		וְ/שֹׁטְרִ֖ים	c/7860	HC/Vqrmpa	05WvG
1	15	21		לְ/שִׁבְטֵי/כֶֽם	l/7626	HR/Ncmpc/Sp2mp	05RXg
1	16	1		וָ/אֲצַוֶּה֙	c/6680	HC/Vpw1cs	05pqY
1	16	2		אֶת	853	HTo	05n9v
1	16	3		שֹׁ֣פְטֵי/כֶ֔ם	8199	HVqrmpc/Sp2mp	05gYe
1	16	4		בָּ/עֵ֥ת	b/6256	HRd/Ncbsa	05eXj
1	16	5		הַ/הִ֖וא	d/1931	HTd/Pp3fs	058ro
1	16	6		לֵ/אמֹ֑ר	l/559	HR/Vqc	05v5z
1	16	7		שָׁמֹ֤עַ	8085	HVqa	05bCC
1	16	8		בֵּין	996	HR	056By
1	16	9		אֲחֵי/כֶם֙	251	HNcmpc/Sp2mp	05CZB
1	16	10		וּ/שְׁפַטְתֶּ֣ם	c/8199	HC/Vqq2mp	05VTb
1	16	11		צֶ֔דֶק	6664	HNcmsa	056qf
1	16	12		בֵּֽין	996	HR	05efz
1	16	13		אִ֥ישׁ	376	HNcmsa	05QG5
1	16	14		וּ/בֵין	c/996	HC/R	053k3
1	16	15		אָחִ֖י/ו	251	HNcmsc/Sp3ms	051rL
1	16	16		וּ/בֵ֥ין	c/996	HC/R	05W2c
1	16	17		גֵּרֽ/וֹ	1616	HNcmsc/Sp3ms	05mL3
1	17	1		לֹֽא	3808	HTn	05zfc
1	17	2		תַכִּ֨ירוּ	5234 a	HVhi2mp	05sYp
1	17	3		פָנִ֜ים	6440	HNcbpa	05GvF
1	17	4		בַּ/מִּשְׁפָּ֗ט	b/4941	HRd/Ncmsa	05dAC
1	17	5		כַּ/קָּטֹ֤ן	k/6996 b	HRd/Aamsa	05i4W
1	17	6		כַּ/גָּדֹל֙	k/1419 a	HRd/Aamsa	05chR
1	17	7		תִּשְׁמָע֔וּ/ן	8085	HVqi2mp/Sn	05Ddq
1	17	8		לֹ֤א	3808	HTn	05dSp
1	17	9		תָג֨וּרוּ֙	1481 c	HVqi2mp	05ecS
1	17	10		מִ/פְּנֵי	m/6440	HR/Ncbpc	052tG
1	17	11		אִ֔ישׁ	376	HNcmsa	05Xzm
1	17	12		כִּ֥י	3588 a	HC	05CCj
1	17	13		הַ/מִּשְׁפָּ֖ט	d/4941	HTd/Ncmsa	05gV8
1	17	14		לֵ/אלֹהִ֣ים	l/430	HR/Ncmpa	05Czz
1	17	15		ה֑וּא	1931	HPp3ms	05uXX
1	17	16		וְ/הַ/דָּבָר֙	c/d/1697	HC/Td/Ncmsa	05xCL
1	17	17		אֲשֶׁ֣ר	834 a	HTr	05Qnr
1	17	18		יִקְשֶׁ֣ה	7185	HVqi3ms	056kU
1	17	19		מִ/כֶּ֔ם	m/4480 a	HR/Sp2mp	05qry
1	17	20		תַּקְרִב֥וּ/ן	7126	HVhi2mp/Sn	05bvP
1	17	21		אֵלַ֖/י	413	HR/Sp1cs	05wjj
1	17	22		וּ/שְׁמַעְתִּֽי/ו	c/8085	HC/Vqq1cs/Sp3ms	05Tn7
1	18	1		וָ/אֲצַוֶּ֥ה	c/6680	HC/Vpw1cs	05hEs
1	18	2		אֶתְ/כֶ֖ם	853	HTo/Sp2mp	05xAF
1	18	3		בָּ/עֵ֣ת	b/6256	HRd/Ncbsa	05qg1
1	18	4		הַ/הִ֑וא	d/1931	HTd/Pp3fs	056w9
1	18	5		אֵ֥ת	853	HTo	05wA4
1	18	6		כָּל	3605	HNcmsc	05ibe
1	18	7		הַ/דְּבָרִ֖ים	d/1697	HTd/Ncmpa	05v8V
1	18	8		אֲשֶׁ֥ר	834 a	HTr	05T2S
1	18	9		תַּעֲשֽׂוּ/ן	6213 a	HVqi2mp/Sn	05tkJ
1	19	1		וַ/נִּסַּ֣ע	c/5265	HC/Vqw1cp	05EXL
1	19	2		מֵ/חֹרֵ֗ב	m/2722	HR/Np	05ZPN
1	19	3		וַ/נֵּ֡לֶךְ	c/3212	HC/Vqw1cp	05q1G
1	19	4		אֵ֣ת	853	HTo	05bYD
1	19	5		כָּל	3605	HNcmsc	05v2F
1	19	6		הַ/מִּדְבָּ֣ר	d/4057 b	HTd/Ncmsa	057vt
1	19	7		הַ/גָּדוֹל֩	d/1419 a	HTd/Aamsa	05kDm
1	19	8		וְ/הַ/נּוֹרָ֨א	c/d/3372	HC/Td/VNrmsa	05doW
1	19	9		הַ/ה֜וּא	d/1931	HTd/Pp3ms	05eRa
1	19	10		אֲשֶׁ֣ר	834 a	HTr	05kDf
1	19	11		רְאִיתֶ֗ם	7200	HVqp2mp	0563G
1	19	12		דֶּ֚רֶךְ	1870	HNcbsc	05WPn
1	19	13		הַ֣ר	2022	HNcmsc	051jv
1	19	14		הָֽ/אֱמֹרִ֔י	d/567	HTd/Ngmsa	05cK8
1	19	15		כַּ/אֲשֶׁ֥ר	k/834 d	HR/Tr	05DDb
1	19	16		צִוָּ֛ה	6680	HVpp3ms	05RCg
1	19	17		יְהוָ֥ה	3068	HNp	055KE
1	19	18		אֱלֹהֵ֖י/נוּ	430	HNcmpc/Sp1cp	05qVd
1	19	19		אֹתָ֑/נוּ	853	HTo/Sp1cp	05koG
1	19	20		וַ/נָּבֹ֕א	c/935	HC/Vqw1cp	05e6B
1	19	21		עַ֖ד	5704	HR	058GY
1	19	22		קָדֵ֥שׁ	6947+	HNp	05GpK
1	19	23		בַּרְנֵֽעַ	6947	HNp	0568C
1	20	1		וָ/אֹמַ֖ר	c/559	HC/Vqw1cs	05CMz
1	20	2		אֲלֵ/כֶ֑ם	413	HR/Sp2mp	05D4c
1	20	3		בָּאתֶם֙	935	HVqp2mp	05ta1
1	20	4		עַד	5704	HR	05JnD
1	20	5		הַ֣ר	2022	HNcmsc	05jfz
1	20	6		הָ/אֱמֹרִ֔י	d/567	HTd/Ngmsa	05ErQ
1	20	7		אֲשֶׁר	834 a	HTr	054fv
1	20	8		יְהוָ֥ה	3068	HNp	05yDv
1	20	9		אֱלֹהֵ֖י/נוּ	430	HNcmpc/Sp1cp	05jyT
1	20	10		נֹתֵ֥ן	5414	HVqrmsa	05Unh
1	20	11		לָֽ/נוּ	l	HR/Sp1cp	05QH2
1	21	1		רְ֠אֵה	7200	HVqv2ms	05xxn
1	21	2		נָתַ֨ן	5414	HVqp3ms	05ou4
1	21	3		יְהוָ֧ה	3068	HNp	053KZ
1	21	4		אֱלֹהֶ֛י/ךָ	430	HNcmpc/Sp2ms	05jNE
1	21	5		לְ/פָנֶ֖י/ךָ	l/6440	HR/Ncbpc/Sp2ms	05hj3
1	21	6		אֶת	853	HTo	05iDs
1	21	7		הָ/אָ֑רֶץ	d/776	HTd/Ncbsa	056Lo
1	21	8		עֲלֵ֣ה	5927	HVqv2ms	05JZq
1	21	9		רֵ֗שׁ	3423	HVqv2ms	05ZpQ
1	21	10		כַּ/אֲשֶׁר֩	k/834 d	HR/Tr	059gS
1	21	11		דִּבֶּ֨ר	1696	HVpp3ms	05LAe
1	21	12		יְהוָ֜ה	3068	HNp	05qK3
1	21	13		אֱלֹהֵ֤י	430	HNcmpc	051Cv
1	21	14		אֲבֹתֶ֨י/ךָ֙	1	HNcmpc/Sp2ms	05PBQ
1	21	15		לָ֔/ךְ	l	HR/Sp2fs	05mr5
1	21	16		אַל	408	HTn	05QDu
1	21	17		תִּירָ֖א	3372	HVqj2ms	05PbY
1	21	18		וְ/אַל	c/408	HC/Tn	05Ew6
1	21	19		תֵּחָֽת	2865	HVNj2ms	0574R
1	22	1		וַ/תִּקְרְב֣וּ/ן	c/7126	HC/Vqw2mp/Sn	056zt
1	22	2		אֵלַ/י֮	413	HR/Sp1cs	05zEm
1	22	3		כֻּלְּ/כֶם֒	3605	HNcmsc/Sp2mp	052dm
1	22	4		וַ/תֹּאמְר֗וּ	c/559	HC/Vqw2mp	05uYh
1	22	5		נִשְׁלְחָ֤ה	7971	HVqh1cp	05YxK
1	22	6		אֲנָשִׁים֙	376	HNcmpa	05aSJ
1	22	7		לְ/פָנֵ֔י/נוּ	l/6440	HR/Ncbpc/Sp1cp	05Kz2
1	22	8		וְ/יַחְפְּרוּ	c/2658	HC/Vqi3mp	05YhQ
1	22	9		לָ֖/נוּ	l	HR/Sp1cp	05azZ
1	22	10		אֶת	853	HTo	05oiy
1	22	11		הָ/אָ֑רֶץ	d/776	HTd/Ncbsa	05gPX
1	22	12		וְ/יָשִׁ֤בוּ	c/7725	HC/Vhi3mp	05gtq
1	22	13		אֹתָ֨/נוּ֙	853	HTo/Sp1cp	05HSQ
1	22	14		דָּבָ֔ר	1697	HNcmsa	05fbB
1	22	15		אֶת	853	HTo	05k1L
1	22	16		הַ/דֶּ֨רֶךְ֙	d/1870	HTd/Ncbsa	052tS
1	22	17		אֲשֶׁ֣ר	834 a	HTr	05EVu
1	22	18		נַעֲלֶה	5927	HVqi1cp	05ygU
1	22	19		בָּ֔/הּ	b	HR/Sp3fs	05swV
1	22	20		וְ/אֵת֙	c/853	HC/To	05HjU
1	22	21		הֶֽ/עָרִ֔ים	d/5892 b	HTd/Ncfpa	05d3U
1	22	22		אֲשֶׁ֥ר	834 a	HTr	05NtK
1	22	23		נָבֹ֖א	935	HVqi1cp	05U94
1	22	24		אֲלֵי/הֶֽן	413	HR/Sp3fp	05zqr
1	23	1		וַ/יִּיטַ֥ב	c/3190	HC/Vqw3ms	056JA
1	23	2		בְּ/עֵינַ֖/י	b/5869 a	HR/Ncbdc/Sp1cs	05JyD
1	23	3		הַ/דָּבָ֑ר	d/1697	HTd/Ncmsa	05jjy
1	23	4		וָ/אֶקַּ֤ח	c/3947	HC/Vqw1cs	0579E
1	23	5		מִ/כֶּם֙	m/4480 a	HR/Sp2mp	05Zuo
1	23	6		שְׁנֵ֣ים	8147	HAcmda	05LXS
1	23	7		עָשָׂ֣ר	6240	HAcmsa	05mR4
1	23	8		אֲנָשִׁ֔ים	376	HNcmpa	05MC8
1	23	9		אִ֥ישׁ	376	HNcmsa	05BnR
1	23	10		אֶחָ֖ד	259	HAcmsa	05PUg
1	23	11		לַ/שָּֽׁבֶט	l/7626	HRd/Ncmsa	05pUN
1	24	1		וַ/יִּפְנוּ֙	c/6437	HC/Vqw3mp	05gc8
1	24	2		וַ/יַּעֲל֣וּ	c/5927	HC/Vqw3mp	05Lsp
1	24	3		הָ/הָ֔רָ/ה	d/2022	HTd/Ncmsa/Sd	05SAE
1	24	4		וַ/יָּבֹ֖אוּ	c/935	HC/Vqw3mp	053gY
1	24	5		עַד	5704	HR	05RuM
1	24	6		נַ֣חַל	5158 a	HNcmsc	05WFU
1	24	7		אֶשְׁכֹּ֑ל	812	HNp	05BJv
1	24	8		וַֽ/יְרַגְּל֖וּ	c/7270	HC/Vpw3mp	05ExP
1	24	9		אֹתָֽ/הּ	853	HTo/Sp3fs	05ypu
1	25	1		וַ/יִּקְח֤וּ	c/3947	HC/Vqw3mp	05mP3
1	25	2		בְ/יָדָ/ם֙	b/3027	HR/Ncbsc/Sp3mp	05V8b
1	25	3		מִ/פְּרִ֣י	m/6529	HR/Ncmsc	05suQ
1	25	4		הָ/אָ֔רֶץ	d/776	HTd/Ncbsa	051Su
1	25	5		וַ/יּוֹרִ֖דוּ	c/3381	HC/Vhw3mp	05MEz
1	25	6		אֵלֵ֑י/נוּ	413	HR/Sp1cp	05Q2u
1	25	7		וַ/יָּשִׁ֨בוּ	c/7725	HC/Vhw3mp	05yT5
1	25	8		אֹתָ֤/נוּ	853	HTo/Sp1cp	05b5Q
1	25	9		דָבָר֙	1697	HNcmsa	05F88
1	25	10		וַ/יֹּ֣אמְר֔וּ	c/559	HC/Vqw3mp	05AXb
1	25	11		טוֹבָ֣ה	2896 a	HAafsa	05Wjz
1	25	12		הָ/אָ֔רֶץ	d/776	HTd/Ncbsa	05bPJ
1	25	13		אֲשֶׁר	834 a	HTr	05hS1
1	25	14		יְהוָ֥ה	3068	HNp	05h53
1	25	15		אֱלֹהֵ֖י/נוּ	430	HNcmpc/Sp1cp	05vpK
1	25	16		נֹתֵ֥ן	5414	HVqrmsa	05G6E
1	25	17		לָֽ/נוּ	l	HR/Sp1cp	054vX
1	26	1		וְ/לֹ֥א	c/3808	HC/Tn	05X1R
1	26	2		אֲבִיתֶ֖ם	14	HVqp2mp	05bsu
1	26	3		לַ/עֲלֹ֑ת	l/5927	HR/Vqc	05Ygn
1	26	4		וַ/תַּמְר֕וּ	c/4784	HC/Vhw2mp	052gM
1	26	5		אֶת	853	HTo	05pAw
1	26	6		פִּ֥י	6310	HNcmsc	05mVV
1	26	7		יְהוָ֖ה	3068	HNp	05FMa
1	26	8		אֱלֹהֵי/כֶֽם	430	HNcmpc/Sp2mp	05KPU
1	27	1		וַ/תֵּרָגְנ֤וּ	c/7279	HC/VNw2mp	05ki2
1	27	2		בְ/אָהֳלֵי/כֶם֙	b/168	HR/Ncmpc/Sp2mp	055pZ
1	27	3		וַ/תֹּ֣אמְר֔וּ	c/559	HC/Vqw2mp	05HWo
1	27	4		בְּ/שִׂנְאַ֤ת	b/8135	HR/Ncfsc	05zkA
1	27	5		יְהוָה֙	3068	HNp	05JMT
1	27	6		אֹתָ֔/נוּ	853	HTo/Sp1cp	05jEX
1	27	7		הוֹצִיאָ֖/נוּ	3318	HVhp3ms/Sp1cp	05uUA
1	27	8		מֵ/אֶ֣רֶץ	m/776	HR/Ncbsc	05tKf
1	27	9		מִצְרָ֑יִם	4714	HNp	05awE
1	27	10		לָ/תֵ֥ת	l/5414	HR/Vqc	05yNT
1	27	11		אֹתָ֛/נוּ	853	HTo/Sp1cp	05Azu
1	27	12		בְּ/יַ֥ד	b/3027	HR/Ncbsc	05884
1	27	13		הָ/אֱמֹרִ֖י	d/567	HTd/Ngmsa	05XMu
1	27	14		לְ/הַשְׁמִידֵֽ/נוּ	l/8045	HR/Vhc/Sp1cp	05mrn
1	28	1		אָנָ֣ה	575	HD	05Xh9
1	28	2		אֲנַ֣חְנוּ	587	HPp1cp	05D3a
1	28	3		עֹלִ֗ים	5927	HVqrmpa	05wEr
1	28	4		אַחֵי/נוּ֩	251	HNcmpc/Sp1cp	05Rvc
1	28	5		הֵמַ֨סּוּ	4549	HVhp3cp	05c6V
1	28	6		אֶת	853	HTo	058eM
1	28	7		לְבָבֵ֜/נוּ	3824	HNcmsc/Sp1cp	05xkK
1	28	8		לֵ/אמֹ֗ר	l/559	HR/Vqc	05rGa
1	28	9		עַ֣ם	5971 a	HNcmsa	05fp1
1	28	10		גָּד֤וֹל	1419 a	HAamsa	05Y9g
1	28	11		וָ/רָם֙	c/7311 a	HC/Vqrmsa	05mGU
1	28	12		מִמֶּ֔/נּוּ	4480 a	HR/Sp1cp	05gBW
1	28	13		עָרִ֛ים	5892 b	HNcfpa	05eLD
1	28	14		גְּדֹלֹ֥ת	1419 a	HAafpa	0593F
1	28	15		וּ/בְצוּרֹ֖ת	c/1219	HC/Aafpa	05eyL
1	28	16		בַּ/שָּׁמָ֑יִם	b/8064	HRd/Ncmpa	05pm7
1	28	17		וְ/גַם	c/1571	HC/Ta	05teU
1	28	18		בְּנֵ֥י	1121 a	HNcmpc	05c58
1	28	19		עֲנָקִ֖ים	6062	HNcmpa	05MRA
1	28	20		רָאִ֥ינוּ	7200	HVqp1cp	05xp4
1	28	21		שָֽׁם	8033	HD	05Hki
1	29	1		וָ/אֹמַ֖ר	c/559	HC/Vqw1cs	05QvZ
1	29	2		אֲלֵ/כֶ֑ם	413	HR/Sp2mp	05S38
1	29	3		לֹא	3808	HTn	05eN1
1	29	4		תַֽעַרְצ֥וּ/ן	6206	HVqi2mp/Sn	05HoD
1	29	5		וְֽ/לֹא	c/3808	HC/Tn	05P5s
1	29	6		תִֽירְא֖וּ/ן	3372	HVqi2mp/Sn	055QX
1	29	7		מֵ/הֶֽם	m	HR/Sp3mp	05Mxy
1	30	1		יְהוָ֤ה	3068	HNp	05w6u
1	30	2		אֱלֹֽהֵי/כֶם֙	430	HNcmpc/Sp2mp	05e3z
1	30	3		הַ/הֹלֵ֣ךְ	d/1980	HTd/Vqrmsa	052c6
1	30	4		לִ/פְנֵי/כֶ֔ם	l/6440	HR/Ncbpc/Sp2mp	053RL
1	30	5		ה֖וּא	1931	HPp3ms	05JUf
1	30	6		יִלָּחֵ֣ם	3898 a	HVNi3ms	05ce9
1	30	7		לָ/כֶ֑ם	l	HR/Sp2mp	05dPK
1	30	8		כְּ֠/כֹל	k/3605	HR/Ncmsa	05vLv
1	30	9		אֲשֶׁ֨ר	834 a	HTr	05UrG
1	30	10		עָשָׂ֧ה	6213 a	HVqp3ms	05Sxc
1	30	11		אִתְּ/כֶ֛ם	854	HR/Sp2mp	05xwN
1	30	12		בְּ/מִצְרַ֖יִם	b/4714	HR/Np	05GjY
1	30	13		לְ/עֵינֵי/כֶֽם	l/5869 a	HR/Ncbdc/Sp2mp	05KNo
1	31	1		וּ/בַ/מִּדְבָּר֙	c/b/4057 b	HC/Rd/Ncmsa	05NLD
1	31	2		אֲשֶׁ֣ר	834 a	HTr	05GUh
1	31	3		רָאִ֔יתָ	7200	HVqp2ms	055aF
1	31	4		אֲשֶׁ֤ר	834 a	HTr	05taY
1	31	5		נְשָׂאֲ/ךָ֙	5375	HVqp3ms/Sp2ms	05EZz
1	31	6		יְהוָ֣ה	3068	HNp	05Hnw
1	31	7		אֱלֹהֶ֔י/ךָ	430	HNcmpc/Sp2ms	05pXi
1	31	8		כַּ/אֲשֶׁ֥ר	k/834 d	HR/Tr	05Nq4
1	31	9		יִשָּׂא	5375	HVqi3ms	05rZH
1	31	10		אִ֖ישׁ	376	HNcmsa	05GtT
1	31	11		אֶת	853	HTo	05kwz
1	31	12		בְּנ֑/וֹ	1121 a	HNcmsc/Sp3ms	05tc4
1	31	13		בְּ/כָל	b/3605	HR/Ncmsc	05CMD
1	31	14		הַ/דֶּ֨רֶךְ֙	d/1870	HTd/Ncbsa	055eq
1	31	15		אֲשֶׁ֣ר	834 a	HTr	05Cj2
1	31	16		הֲלַכְתֶּ֔ם	1980	HVqp2mp	05Ttm
1	31	17		עַד	5704	HR	056Vi
1	31	18		בֹּאֲ/כֶ֖ם	935	HVqc/Sp2mp	05V8W
1	31	19		עַד	5704	HR	05zg2
1	31	20		הַ/מָּק֥וֹם	d/4725	HTd/Ncmsa	05gXh
1	31	21		הַ/זֶּֽה	d/2088	HTd/Pdxms	053iR
1	32	1		וּ/בַ/דָּבָ֖ר	c/b/1697	HC/Rd/Ncmsa	05RoG
1	32	2		הַ/זֶּ֑ה	d/2088	HTd/Pdxms	05jP7
1	32	3		אֵֽינְ/כֶם֙	369	HTn/Sp2mp	05vCn
1	32	4		מַאֲמִינִ֔ם	539	HVhrmpa	05jv3
1	32	5		בַּ/יהוָ֖ה	b/3068	HR/Np	05ggL
1	32	6		אֱלֹהֵי/כֶֽם	430	HNcmpc/Sp2mp	05MVq
1	33	1		הַ/הֹלֵ֨ךְ	d/1980	HTd/Vqrmsa	05g1y
1	33	2		לִ/פְנֵי/כֶ֜ם	l/6440	HR/Ncbpc/Sp2mp	05CBH
1	33	3		בַּ/דֶּ֗רֶךְ	b/1870	HRd/Ncbsa	053t6
1	33	4		לָ/ת֥וּר	l/8446	HR/Vqc	05g33
1	33	5		לָ/כֶ֛ם	l	HR/Sp2mp	05LDn
1	33	6		מָק֖וֹם	4725	HNcmsa	053jG
1	33	7		לַֽ/חֲנֹֽתְ/כֶ֑ם	l/2583	HR/Vqc/Sp2mp	05WDP
1	33	8		בָּ/אֵ֣שׁ	b/784	HRd/Ncbsa	05eeF
1	33	9		לַ֗יְלָה	3915	HNcmsa	05idA
1	33	10		לַ/רְאֹֽתְ/כֶם֙	l/7200	HR/Vhc/Sp2mp	05Z4D
1	33	11		בַּ/דֶּ֨רֶךְ֙	b/1870	HRd/Ncbsa	05VMC
1	33	12		אֲשֶׁ֣ר	834 a	HTr	05K8W
1	33	13		תֵּֽלְכוּ	3212	HVqi2mp	056RX
1	33	14		בָ֔/הּ	b	HR/Sp3fs	05bYm
1	33	15		וּ/בֶ/עָנָ֖ן	c/b/6051	HC/Rd/Ncmsa	05M7H
1	33	16		יוֹמָֽם	3119	HD	05gcK
1	34	1		וַ/יִּשְׁמַ֥ע	c/8085	HC/Vqw3ms	05p7s
1	34	2		יְהוָ֖ה	3068	HNp	05ZBR
1	34	3		אֶת	853	HTo	05ACh
1	34	4		ק֣וֹל	6963 a	HNcmsc	05mnL
1	34	5		דִּבְרֵי/כֶ֑ם	1697	HNcmpc/Sp2mp	0589r
1	34	6		וַ/יִּקְצֹ֖ף	c/7107	HC/Vqw3ms	05GmF
1	34	7		וַ/יִּשָּׁבַ֥ע	c/7650	HC/VNw3ms	05fcv
1	34	8		לֵ/אמֹֽר	l/559	HR/Vqc	05knb
1	35	1		אִם	518 a	HC	05Qpj
1	35	2		יִרְאֶ֥ה	7200	HVqi3ms	05MDS
1	35	3		אִישׁ֙	376	HNcmsa	05YBx
1	35	4		בָּ/אֲנָשִׁ֣ים	b/376	HRd/Ncmpa	05kMZ
1	35	5		הָ/אֵ֔לֶּה	d/428	HTd/Pdxcp	05uqC
1	35	6		הַ/דּ֥וֹר	d/1755	HTd/Ncmsa	05VY5
1	35	7		הָ/רָ֖ע	d/7451 a	HTd/Aamsa	05WJY
1	35	8		הַ/זֶּ֑ה	d/2088	HTd/Pdxms	05brh
1	35	9		אֵ֚ת	853	HTo	05w1U
1	35	10		הָ/אָ֣רֶץ	d/776	HTd/Ncbsa	05aqT
1	35	11		הַ/טּוֹבָ֔ה	d/2896 a	HTd/Aafsa	05zXi
1	35	12		אֲשֶׁ֣ר	834 a	HTr	05H8a
1	35	13		נִשְׁבַּ֔עְתִּי	7650	HVNp1cs	05Sjh
1	35	14		לָ/תֵ֖ת	l/5414	HR/Vqc	05oYp
1	35	15		לַ/אֲבֹתֵי/כֶֽם	l/1	HR/Ncmpc/Sp2mp	05Pht
1	36	1		זֽוּלָתִ֞י	2108	HR	05idy
1	36	2		כָּלֵ֤ב	3612	HNp	05PU6
1	36	3		בֶּן	1121 a	HNcmsc	05FCP
1	36	4		יְפֻנֶּה֙	3312	HNp	05YuY
1	36	5		ה֣וּא	1931	HPp3ms	058Js
1	36	6		יִרְאֶ֔/נָּה	7200	HVqi3ms/Sp3fs	05FyK
1	36	7		וְ/לֽ/וֹ	c/l	HC/R/Sp3ms	05XjR
1	36	8		אֶתֵּ֧ן	5414	HVqi1cs	05jaD
1	36	9		אֶת	853	HTo	05W7V
1	36	10		הָ/אָ֛רֶץ	d/776	HTd/Ncbsa	05U2Y
1	36	11		אֲשֶׁ֥ר	834 a	HTr	058na
1	36	12		דָּֽרַךְ	1869	HVqp3ms	05sgw
1	36	13		בָּ֖/הּ	b	HR/Sp3fs	05MDX
1	36	14		וּ/לְ/בָנָ֑י/ו	c/l/1121 a	HC/R/Ncmpc/Sp3ms	05pPp
1	36	15		יַ֕עַן	3282	HC	05ieN
1	36	16		אֲשֶׁ֥ר	834 a	HTr	05Csj
1	36	17		מִלֵּ֖א	4390	HVpp3ms	05rHn
1	36	18		אַחֲרֵ֥י	310 a	HR	05ViB
1	36	19		יְהוָֽה	3068	HNp	05CFo
1	37	1		גַּם	1571	HTa	055Ja
1	37	2		בִּ/י֙	b	HR/Sp1cs	05UXS
1	37	3		הִתְאַנַּ֣ף	599	HVtp3ms	05YQ8
1	37	4		יְהוָ֔ה	3068	HNp	05Abd
1	37	5		בִּ/גְלַלְ/כֶ֖ם	b/1558	HR/Ncmsc/Sp2mp	052UV
1	37	6		לֵ/אמֹ֑ר	l/559	HR/Vqc	05ZtS
1	37	7		גַּם	1571	HTa	05gMU
1	37	8		אַתָּ֖ה	859 a	HPp2ms	05nWb
1	37	9		לֹא	3808	HTn	05GXk
1	37	10		תָבֹ֥א	935	HVqi2ms	05TZa
1	37	11		שָֽׁם	8033	HD	055qp
1	38	1		יְהוֹשֻׁ֤עַ	3091	HNp	05uHZ
1	38	2		בִּן	1121 a	HNcmsc	05pAL
1	38	3		נוּן֙	5126	HNp	05hSr
1	38	4		הָ/עֹמֵ֣ד	d/5975	HTd/Vqrmsa	05ZMk
1	38	5		לְ/פָנֶ֔י/ךָ	l/6440	HR/Ncbpc/Sp2ms	05irW
1	38	6		ה֖וּא	1931	HPp3ms	05x72
1	38	7		יָ֣בֹא	935	HVqi3ms	05FYV
1	38	8		שָׁ֑מָּ/ה	8033	HD/Sd	05Uoo
1	38	9		אֹת֣/וֹ	853	HTo/Sp3ms	05sC3
1	38	10		חַזֵּ֔ק	2388	HVpv2ms	054CS
1	38	11		כִּי	3588 a	HC	056n2
1	38	12		ה֖וּא	1931	HPp3ms	05HqY
1	38	13		יַנְחִלֶ֥/נָּה	5157	HVhi3ms/Sp3fs	05BFZ
1	38	14		אֶת	853	HTo	05shy
1	38	15		יִשְׂרָאֵֽל	3478	HNp	05nzj
1	39	1		וְ/טַפְּ/כֶם֩	c/2945	HC/Ncmsc/Sp2mp	05vpT
1	39	2		אֲשֶׁ֨ר	834 a	HTr	053Sx
1	39	3		אֲמַרְתֶּ֜ם	559	HVqp2mp	05qVv
1	39	4		לָ/בַ֣ז	l/957	HR/Ncmsa	05Kov
1	39	5		יִהְיֶ֗ה	1961	HVqi3ms	05HNy
1	39	6		וּ֠/בְנֵי/כֶם	c/1121 a	HC/Ncmpc/Sp2mp	05Ta6
1	39	7		אֲשֶׁ֨ר	834 a	HTr	05ER2
1	39	8		לֹא	3808	HTn	05yP1
1	39	9		יָדְע֤וּ	3045	HVqp3cp	05w4T
1	39	10		הַ/יּוֹם֙	d/3117	HTd/Ncmsa	05Cyx
1	39	11		ט֣וֹב	2896 b	HAamsa	05qTT
1	39	12		וָ/רָ֔ע	c/7451 b	HC/Aamsa	05m55
1	39	13		הֵ֖מָּה	1992	HPp3mp	05AF1
1	39	14		יָבֹ֣אוּ	935	HVqi3mp	055ED
1	39	15		שָׁ֑מָּ/ה	8033	HD/Sd	05zCS
1	39	16		וְ/לָ/הֶ֣ם	c/l	HC/R/Sp3mp	05LsC
1	39	17		אֶתְּנֶ֔/נָּה	5414	HVqi1cs/Sp3fs	05B4x
1	39	18		וְ/הֵ֖ם	c/1992	HC/Pp3mp	05JB6
1	39	19		יִירָשֽׁוּ/הָּ	3423	HVqi3mp/Sp3fs	05LzS
1	40	1		וְ/אַתֶּ֖ם	c/859 d	HC/Pp2mp	0583E
1	40	2		פְּנ֣וּ	6437	HVqv2mp	05hQD
1	40	3		לָ/כֶ֑ם	l	HR/Sp2mp	05LZD
1	40	4		וּ/סְע֥וּ	c/5265	HC/Vqv2mp	056bH
1	40	5		הַ/מִּדְבָּ֖רָ/ה	d/4057 b	HTd/Ncmsa/Sd	05Ekx
1	40	6		דֶּ֥רֶךְ	1870	HNcbsc	05PG7
1	40	7		יַם	3220	HNcmsc	05EL8
1	40	8		סֽוּף	5488	HNcmsa	05ufm
1	41	1		וַֽ/תַּעֲנ֣וּ	c/6030 b	HC/Vqw2mp	05XSi
1	41	2		וַ/תֹּאמְר֣וּ	c/559	HC/Vqw2mp	05ELV
1	41	3		אֵלַ֗/י	413	HR/Sp1cs	05Y6w
1	41	4		חָטָאנוּ֮	2398	HVqp1cp	05qLR
1	41	5		לַֽ/יהוָה֒	l/3068	HR/Np	05vfq
1	41	6		אֲנַ֤חְנוּ	587	HPp1cp	05Qsx
1	41	7		נַעֲלֶה֙	5927	HVqi1cp	058KZ
1	41	8		וְ/נִלְחַ֔מְנוּ	c/3898 a	HC/VNq1cp	05GXq
1	41	9		כְּ/כֹ֥ל	k/3605	HR/Ncmsa	05iCi
1	41	10		אֲשֶׁר	834 a	HTr	05vwH
1	41	11		צִוָּ֖/נוּ	6680	HVpp3ms/Sp1cp	05dbM
1	41	12		יְהוָ֣ה	3068	HNp	05Dqb
1	41	13		אֱלֹהֵ֑י/נוּ	430	HNcmpc/Sp1cp	05kCD
1	41	14		וַֽ/תַּחְגְּר֗וּ	c/2296	HC/Vqw2mp	05XgW
1	41	15		אִ֚ישׁ	376	HNcmsa	056PV
1	41	16		אֶת	853	HTo	05qGs
1	41	17		כְּלֵ֣י	3627	HNcmpc	05w7p
1	41	18		מִלְחַמְתּ֔/וֹ	4421	HNcfsc/Sp3ms	05k7H
1	41	19		וַ/תָּהִ֖ינוּ	c/1951	HC/Vhw2mp	05r6F
1	41	20		לַ/עֲלֹ֥ת	l/5927	HR/Vqc	05Ugz
1	41	21		הָ/הָֽרָ/ה	d/2022	HTd/Ncmsa/Sd	05Mjg
1	42	1		וַ/יֹּ֨אמֶר	c/559	HC/Vqw3ms	05mdR
1	42	2		יְהוָ֜ה	3068	HNp	05eWA
1	42	3		אֵלַ֗/י	413	HR/Sp1cs	05CqN
1	42	4		אֱמֹ֤ר	559	HVqv2ms	05Cpt
1	42	5		לָ/הֶם֙	l	HR/Sp3mp	05aSi
1	42	6		לֹ֤א	3808	HTn	057VU
1	42	7		תַֽעֲלוּ֙	5927	HVqi2mp	05eK3
1	42	8		וְ/לֹא	c/3808	HC/Tn	05c63
1	42	9		תִלָּ֣חֲמ֔וּ	3898 a	HVNi2mp	05TuL
1	42	10		כִּ֥י	3588 a	HC	05emQ
1	42	11		אֵינֶ֖/נִּי	369	HTn/Sp1cs	05uf4
1	42	12		בְּ/קִרְבְּ/כֶ֑ם	b/7130	HR/Ncmsc/Sp2mp	05jQv
1	42	13		וְ/לֹא֙	c/3808	HC/Tn	05ME1
1	42	14		תִּנָּֽגְפ֔וּ	5062	HVNi2mp	05ht4
1	42	15		לִ/פְנֵ֖י	l/6440	HR/Ncbpc	053Yo
1	42	16		אֹיְבֵי/כֶֽם	341	HVqrmpc/Sp2mp	05pYb
1	43	1		וָ/אֲדַבֵּ֥ר	c/1696	HC/Vpw1cs	05g5u
1	43	2		אֲלֵי/כֶ֖ם	413	HR/Sp2mp	05w6U
1	43	3		וְ/לֹ֣א	c/3808	HC/Tn	05ifL
1	43	4		שְׁמַעְתֶּ֑ם	8085	HVqp2mp	05LZU
1	43	5		וַ/תַּמְרוּ֙	c/4784	HC/Vhw2mp	05yHT
1	43	6		אֶת	853	HTo	059Dq
1	43	7		פִּ֣י	6310	HNcmsc	057Vg
1	43	8		יְהוָ֔ה	3068	HNp	053LR
1	43	9		וַ/תָּזִ֖דוּ	c/2102	HC/Vhw2mp	05vdQ
1	43	10		וַ/תַּעֲל֥וּ	c/5927	HC/Vqw2mp	05zAa
1	43	11		הָ/הָֽרָ/ה	d/2022	HTd/Ncmsa/Sd	05HK3
1	44	1		וַ/יֵּצֵ֨א	c/3318	HC/Vqw3ms	05sCi
1	44	2		הָ/אֱמֹרִ֜י	d/567	HTd/Ngmsa	05S3d
1	44	3		הַ/יֹּשֵׁ֨ב	d/3427	HTd/Vqrmsa	05RFe
1	44	4		בָּ/הָ֤ר	b/2022	HRd/Ncmsa	05PfQ
1	44	5		הַ/הוּא֙	d/1931	HTd/Pp3ms	05AwN
1	44	6		לִ/קְרַאתְ/כֶ֔ם	l/7125	HR/Vqc/Sp2mp	05khc
1	44	7		וַ/יִּרְדְּפ֣וּ	c/7291	HC/Vqw3mp	05kYA
1	44	8		אֶתְ/כֶ֔ם	853	HTo/Sp2mp	05u6F
1	44	9		כַּ/אֲשֶׁ֥ר	k/834 d	HR/Tr	05PYJ
1	44	10		תַּעֲשֶׂ֖ינָה	6213 a	HVqi3fp	051Za
1	44	11		הַ/דְּבֹרִ֑ים	d/1682	HTd/Ncfpa	05gam
1	44	12		וַֽ/יַּכְּת֥וּ	c/3807	HC/Vhw3mp	05un5
1	44	13		אֶתְ/כֶ֛ם	853	HTo/Sp2mp	05WSe
1	44	14		בְּ/שֵׂעִ֖יר	b/8165 a	HR/Np	05AFs
1	44	15		עַד	5704	HR	05aJe
1	44	16		חָרְמָֽה	2767	HNp	05g2t
1	45	1		וַ/תָּשֻׁ֥בוּ	c/7725	HC/Vqw2mp	058HV
1	45	2		וַ/תִּבְכּ֖וּ	c/1058	HC/Vqw2mp	05j8W
1	45	3		לִ/פְנֵ֣י	l/6440	HR/Ncbpc	05h73
1	45	4		יְהוָ֑ה	3068	HNp	059Yh
1	45	5		וְ/לֹֽא	c/3808	HC/Tn	05SkM
1	45	6		שָׁמַ֤ע	8085	HVqp3ms	05yXK
1	45	7		יְהוָה֙	3068	HNp	05hDf
1	45	8		בְּ/קֹ֣לְ/כֶ֔ם	b/6963 a	HR/Ncmsc/Sp2mp	05PuA
1	45	9		וְ/לֹ֥א	c/3808	HC/Tn	05myi
1	45	10		הֶאֱזִ֖ין	238	HVhp3ms	05YLn
1	45	11		אֲלֵי/כֶֽם	413	HR/Sp2mp	05AXU
1	46	1		וַ/תֵּשְׁב֥וּ	c/3427	HC/Vqw2mp	05reD
1	46	2		בְ/קָדֵ֖שׁ	b/6946	HR/Np	05VFM
1	46	3		יָמִ֣ים	3117	HNcmpa	05SGf
1	46	4		רַבִּ֑ים	7227 a	HAampa	059jX
1	46	5		כַּ/יָּמִ֖ים	k/3117	HRd/Ncmpa	056t4
1	46	6		אֲשֶׁ֥ר	834 a	HTr	05Yu7
1	46	7		יְשַׁבְתֶּֽם	3427	HVqp2mp	05vL9
2	1	1		וַ/נֵּ֜פֶן	c/6437	HC/Vqw1cp	05G2d
2	1	2		וַ/נִּסַּ֤ע	c/5265	HC/Vqw1cp	05xY3
2	1	3		הַ/מִּדְבָּ֨רָ/ה֙	d/4057 b	HTd/Ncmsa/Sd	05Zmd
2	1	4		דֶּ֣רֶךְ	1870	HNcbsc	05Wyn
2	1	5		יַם	3220	HNcmsc	05njg
2	1	6		ס֔וּף	5488	HNcmsa	05L6G
2	1	7		כַּ/אֲשֶׁ֛ר	k/834 d	HR/Tr	05EDP
2	1	8		דִּבֶּ֥ר	1696	HVpp3ms	05QUP
2	1	9		יְהוָ֖ה	3068	HNp	05fv8
2	1	10		אֵלָ֑/י	413	HR/Sp1cs	052SX
2	1	11		וַ/נָּ֥סָב	c/5437	HC/Vqw1cs	05pwZ
2	1	12		אֶת	853	HTo	05KKJ
2	1	13		הַר	2022	HNcmsc	05U9v
2	1	14		שֵׂעִ֖יר	8165 a	HNp	053V4
2	1	15		יָמִ֥ים	3117	HNcmpa	05gJ1
2	1	16		רַבִּֽים	7227 a	HAampa	05rWk
2	2	1		וַ/יֹּ֥אמֶר	c/559	HC/Vqw3ms	056gQ
2	2	2		יְהוָ֖ה	3068	HNp	05mSF
2	2	3		אֵלַ֥/י	413	HR/Sp1cs	05awX
2	2	4		לֵ/אמֹֽר	l/559	HR/Vqc	05wik
2	3	1		רַב	7227 a	HAamsc	05CVM
2	3	2		לָ/כֶ֕ם	l	HR/Sp2mp	05gbT
2	3	3		סֹ֖ב	5437	HVqc	05wMq
2	3	4		אֶת	853	HTo	052GY
2	3	5		הָ/הָ֣ר	d/2022	HTd/Ncmsa	05Doj
2	3	6		הַ/זֶּ֑ה	d/2088	HTd/Pdxms	05m3h
2	3	7		פְּנ֥וּ	6437	HVqv2mp	05Djb
2	3	8		לָ/כֶ֖ם	l	HR/Sp2mp	05F5r
2	3	9		צָפֹֽנָ/ה	6828	HNcfsa/Sd	05V4p
2	4	1		וְ/אֶת	c/853	HC/To	05HsZ
2	4	2		הָ/עָם֮	d/5971 a	HTd/Ncmsa	05DgA
2	4	3		צַ֣ו	6680	HVpv2ms	05QCa
2	4	4		לֵ/אמֹר֒	l/559	HR/Vqc	05nps
2	4	5		אַתֶּ֣ם	859 d	HPp2mp	05oA2
2	4	6		עֹֽבְרִ֗ים	5674 a	HVqrmpa	05CYW
2	4	7		בִּ/גְבוּל֙	b/1366	HR/Ncmsc	05TDs
2	4	8		אֲחֵי/כֶ֣ם	251	HNcmpc/Sp2mp	05fhx
2	4	9		בְּנֵי	1121 a	HNcmpc	05JPp
2	4	10		עֵשָׂ֔ו	6215	HNp	05dWm
2	4	11		הַ/יֹּשְׁבִ֖ים	d/3427	HTd/Vqrmpa	05BYg
2	4	12		בְּ/שֵׂעִ֑יר	b/8165 a	HR/Np	059by
2	4	13		וְ/יִֽירְא֣וּ	c/3372	HC/Vqi3mp	05VRt
2	4	14		מִ/כֶּ֔ם	m/4480 a	HR/Sp2mp	05CPS
2	4	15		וְ/נִשְׁמַרְתֶּ֖ם	c/8104	HC/VNq2mp	05fiV
2	4	16		מְאֹֽד	3966	HD	05vAa
2	5	1		אַל	408	HTn	058Na
2	5	2		תִּתְגָּר֣וּ	1624	HVtj2mp	05RZN
2	5	3		בָ֔/ם	b	HR/Sp3mp	05krV
2	5	4		כִּ֠י	3588 a	HC	05sQy
2	5	5		לֹֽא	3808	HTn	05asy
2	5	6		אֶתֵּ֤ן	5414	HVqi1cs	05rxG
2	5	7		לָ/כֶם֙	l	HR/Sp2mp	056fj
2	5	8		מֵֽ/אַרְצָ֔/ם	m/776	HR/Ncbsc/Sp3mp	05oGi
2	5	9		עַ֖ד	5704	HR	05PrG
2	5	10		מִדְרַ֣ךְ	4096	HNcmsc	05Ao4
2	5	11		כַּף	3709	HNcfsc	05fjK
2	5	12		רָ֑גֶל	7272	HNcfsa	05Dwm
2	5	13		כִּֽי	3588 a	HC	0531Z
2	5	14		יְרֻשָּׁ֣ה	3425	HNcfsa	05nRw
2	5	15		לְ/עֵשָׂ֔ו	l/6215	HR/Np	05qjY
2	5	16		נָתַ֖תִּי	5414	HVqp1cs	052oH
2	5	17		אֶת	853	HTo	05H3W
2	5	18		הַ֥ר	2022	HNcmsc	05wQL
2	5	19		שֵׂעִֽיר	8165 a	HNp	054LW
2	6	1		אֹ֣כֶל	400	HNcmsa	05q4j
2	6	2		תִּשְׁבְּר֧וּ	7666	HVqi2mp	05Jdu
2	6	3		מֵֽ/אִתָּ֛/ם	m/854	HR/R/Sp3mp	05cgg
2	6	4		בַּ/כֶּ֖סֶף	b/3701	HRd/Ncmsa	05x5W
2	6	5		וַ/אֲכַלְתֶּ֑ם	c/398	HC/Vqq2mp	05s3h
2	6	6		וְ/גַם	c/1571	HC/Ta	05ymv
2	6	7		מַ֜יִם	4325	HNcmpa	0562T
2	6	8		תִּכְר֧וּ	3739 a	HVqi2mp	05NmZ
2	6	9		מֵ/אִתָּ֛/ם	m/854	HR/R/Sp3mp	05RD4
2	6	10		בַּ/כֶּ֖סֶף	b/3701	HRd/Ncmsa	05Xjv
2	6	11		וּ/שְׁתִיתֶֽם	c/8354	HC/Vqq2mp	05WVH
2	7	1		כִּי֩	3588 a	HC	05WMK
2	7	2		יְהוָ֨ה	3068	HNp	05ctU
2	7	3		אֱלֹהֶ֜י/ךָ	430	HNcmpc/Sp2ms	05CmP
2	7	4		בֵּֽרַכְ/ךָ֗	1288	HVpp3ms/Sp2ms	05LY2
2	7	5		בְּ/כֹל֙	b/3605	HR/Ncmsc	05k7w
2	7	6		מַעֲשֵׂ֣ה	4639	HNcmsc	05JFy
2	7	7		יָדֶ֔/ךָ	3027	HNcbsc/Sp2ms	05Amf
2	7	8		יָדַ֣ע	3045	HVqp3ms	05i9m
2	7	9		לֶכְתְּ/ךָ֔	3212	HVqc/Sp2ms	05FCo
2	7	10		אֶת	853	HTo	05wNS
2	7	11		הַ/מִּדְבָּ֥ר	d/4057 b	HTd/Ncmsa	05XPV
2	7	12		הַ/גָּדֹ֖ל	d/1419 a	HTd/Aamsa	05K9E
2	7	13		הַ/זֶּ֑ה	d/2088	HTd/Pdxms	05sNR
2	7	14		זֶ֣ה	2088	HPdxms	05pww
2	7	15		אַרְבָּעִ֣ים	705	HAcbpa	05d1k
2	7	16		שָׁנָ֗ה	8141	HNcfsa	05Gpp
2	7	17		יְהוָ֤ה	3068	HNp	05T85
2	7	18		אֱלֹהֶ֨י/ךָ֙	430	HNcmpc/Sp2ms	05E2x
2	7	19		עִמָּ֔/ךְ	5973 a	HR/Sp2fs	05vUM
2	7	20		לֹ֥א	3808	HTn	05pMW
2	7	21		חָסַ֖רְתָּ	2637	HVqp2ms	05fiZ
2	7	22		דָּבָֽר	1697	HNcmsa	05FQf
2	8	1		וַֽ/נַּעֲבֹ֞ר	c/5674 a	HC/Vqw1cp	05Gbx
2	8	2		מֵ/אֵ֧ת	m/854	HR/R	05H82
2	8	3		אַחֵ֣י/נוּ	251	HNcmpc/Sp1cp	05XaZ
2	8	4		בְנֵי	1121 a	HNcmpc	05RGz
2	8	5		עֵשָׂ֗ו	6215	HNp	05tQ1
2	8	6		הַ/יֹּֽשְׁבִים֙	d/3427	HTd/Vqrmpa	05oSR
2	8	7		בְּ/שֵׂעִ֔יר	b/8165 a	HR/Np	05rUR
2	8	8		מִ/דֶּ֨רֶךְ֙	m/1870	HR/Ncbsc	05NME
2	8	9		הָֽ/עֲרָבָ֔ה	d/6160	HTd/Ncfsa	05eQs
2	8	10		מֵ/אֵילַ֖ת	m/359 a	HR/Np	05fE2
2	8	11		וּ/מֵ/עֶצְיֹ֣ן	c/m/6100+	HC/R/Np	05rio
2	8	12		גָּ֑בֶר	6100	HNp	05hum
2	8	13		וַ/נֵּ֨פֶן֙	c/6437	HC/Vqw1cp	05UG5
2	8	14		וַֽ/נַּעֲבֹ֔ר	c/5674 a	HC/Vqw1cp	05tZb
2	8	15		דֶּ֖רֶךְ	1870	HNcbsc	05UEd
2	8	16		מִדְבַּ֥ר	4057 b	HNcmsc	05zit
2	8	17		מוֹאָֽב	4124	HNp	05pcg
2	9	1		וַ/יֹּ֨אמֶר	c/559	HC/Vqw3ms	051pD
2	9	2		יְהוָ֜ה	3068	HNp	05UCh
2	9	3		אֵלַ֗/י	413	HR/Sp1cs	05jZZ
2	9	4		אֶל	408	HR	057a3
2	9	5		תָּ֨צַר֙	6696 b	HVqj2ms	05k23
2	9	6		אֶת	853	HTo	05nxs
2	9	7		מוֹאָ֔ב	4124	HNp	05Rs7
2	9	8		וְ/אַל	c/408	HC/Tn	05x1q
2	9	9		תִּתְגָּ֥ר	1624	HVtj2ms	05ozK
2	9	10		בָּ֖/ם	b	HR/Sp3mp	056Tj
2	9	11		מִלְחָמָ֑ה	4421	HNcfsa	05Wp4
2	9	12		כִּ֠י	3588 a	HC	05ayu
2	9	13		לֹֽא	3808	HTn	05izi
2	9	14		אֶתֵּ֨ן	5414	HVqi1cs	05cNi
2	9	15		לְ/ךָ֤	l	HR/Sp2ms	052Z3
2	9	16		מֵֽ/אַרְצ/וֹ֙	m/776	HR/Ncbsc/Sp3ms	05bTo
2	9	17		יְרֻשָּׁ֔ה	3425	HNcfsa	05hvK
2	9	18		כִּ֣י	3588 a	HC	05XQw
2	9	19		לִ/בְנֵי	l/1121 a	HR/Ncmpc	05Ssi
2	9	20		ל֔וֹט	3876	HNp	05UtQ
2	9	21		נָתַ֥תִּי	5414	HVqp1cs	05MVx
2	9	22		אֶת	853	HTo	054dp
2	9	23		עָ֖ר	6144	HNp	05nsw
2	9	24		יְרֻשָּֽׁה	3425	HNcfsa	05KGj
2	10	1		הָ/אֵמִ֥ים	d/368	HTd/Np	058xz
2	10	2		לְ/פָנִ֖ים	l/6440	HR/Ncbpa	05y1Z
2	10	3		יָ֣שְׁבוּ	3427	HVqp3cp	05Uq9
2	10	4		בָ֑/הּ	b	HR/Sp3fs	05TiM
2	10	5		עַ֣ם	5971 a	HNcmsa	05NqW
2	10	6		גָּד֥וֹל	1419 a	HAamsa	05emv
2	10	7		וְ/רַ֛ב	c/7227 a	HC/Aamsa	053r3
2	10	8		וָ/רָ֖ם	c/7311 a	HC/Vqrmsa	05sEP
2	10	9		כָּ/עֲנָקִֽים	k/6062	HRd/Ncmpa	05BYi
2	11	1		רְפָאִ֛ים	7497 b	HNp	05K78
2	11	2		יֵחָשְׁב֥וּ	2803	HVNi3mp	05LG5
2	11	3		אַף	637	HTa	05pvY
2	11	4		הֵ֖ם	1992	HPp3mp	05B6g
2	11	5		כָּ/עֲנָקִ֑ים	k/6062	HRd/Ncmpa	05UDg
2	11	6		וְ/הַ/מֹּ֣אָבִ֔ים	c/d/4125	HC/Td/Ngmpa	05Baw
2	11	7		יִקְרְא֥וּ	7121	HVqi3mp	05MZ9
2	11	8		לָ/הֶ֖ם	l	HR/Sp3mp	05Svn
2	11	9		אֵמִֽים	368	HNp	05x62
2	12	1		וּ/בְ/שֵׂעִ֞יר	c/b/8165 a	HC/R/Np	05dQK
2	12	2		יָשְׁב֣וּ	3427	HVqp3cp	05dDm
2	12	3		הַ/חֹרִים֮	d/2752	HTd/Ngmpa	05XwG
2	12	4		לְ/פָנִים֒	l/6440	HR/Ncbpa	05iPC
2	12	5		וּ/בְנֵ֧י	c/1121 a	HC/Ncmpc	058E1
2	12	6		עֵשָׂ֣ו	6215	HNp	054vF
2	12	7		יִֽירָשׁ֗וּ/ם	3423	HVqi3mp/Sp3mp	05y7z
2	12	8		וַ/יַּשְׁמִידוּ/ם֙	c/8045	HC/Vhw3mp/Sp3mp	05bvs
2	12	9		מִ/פְּנֵי/הֶ֔ם	m/6440	HR/Ncbpc/Sp3mp	05Gxe
2	12	10		וַ/יֵּשְׁב֖וּ	c/3427	HC/Vqw3mp	05Qjd
2	12	11		תַּחְתָּ֑/ם	8478	HR/Sp3mp	05t98
2	12	12		כַּ/אֲשֶׁ֧ר	k/834 d	HR/Tr	05YfW
2	12	13		עָשָׂ֣ה	6213 a	HVqp3ms	05P1s
2	12	14		יִשְׂרָאֵ֗ל	3478	HNp	05a9X
2	12	15		לְ/אֶ֨רֶץ֙	l/776	HR/Ncbsc	05RUp
2	12	16		יְרֻשָּׁת֔/וֹ	3425	HNcfsc/Sp3ms	057Kw
2	12	17		אֲשֶׁר	834 a	HTr	05E6n
2	12	18		נָתַ֥ן	5414	HVqp3ms	054YU
2	12	19		יְהוָ֖ה	3068	HNp	05yMS
2	12	20		לָ/הֶֽם	l	HR/Sp3mp	05RZD
2	13	1		עַתָּ֗ה	6258	HD	05T97
2	13	2		קֻ֛מוּ	6965 b	HVqv2mp	055L1
2	13	3		וְ/עִבְר֥וּ	c/5674 a	HC/Vqv2mp	05nY7
2	13	4		לָ/כֶ֖ם	l	HR/Sp2mp	05S83
2	13	5		אֶת	853	HTo	05SDb
2	13	6		נַ֣חַל	5158 a	HNcmsc	05DKS
2	13	7		זָ֑רֶד	2218	HNp	05YKr
2	13	8		וַֽ/נַּעֲבֹ֖ר	c/5674 a	HC/Vqw1cp	05r66
2	13	9		אֶת	853	HTo	05TW5
2	13	10		נַ֥חַל	5158 a	HNcmsc	05KaN
2	13	11		זָֽרֶד	2218	HNp	05FsE
2	14	1		וְ/הַ/יָּמִ֞ים	c/d/3117	HC/Td/Ncmpa	057Np
2	14	2		אֲשֶׁר	834 a	HTr	05965
2	14	3		הָלַ֣כְנוּ	1980	HVqp1cp	05MeK
2	14	4		מִ/קָּדֵ֣שׁ	m/6947+	HR/Np	05Pw8
2	14	5		בַּרְנֵ֗עַ	6947	HNp	05Bxn
2	14	6		עַ֤ד	5704	HR	05Gne
2	14	7		אֲשֶׁר	834 a	HTr	05uXm
2	14	8		עָבַ֨רְנוּ֙	5674 a	HVqp1cp	05Cmf
2	14	9		אֶת	853	HTo	05K6T
2	14	10		נַ֣חַל	5158 a	HNcmsc	05XFF
2	14	11		זֶ֔רֶד	2218	HNp	05gKP
2	14	12		שְׁלֹשִׁ֥ים	7970	HAcbpa	05YUv
2	14	13		וּ/שְׁמֹנֶ֖ה	c/8083	HC/Acfsa	05HQ9
2	14	14		שָׁנָ֑ה	8141	HNcfsa	05D5P
2	14	15		עַד	5704	HR	05pVx
2	14	16		תֹּ֨ם	8552	HVqc	05WAq
2	14	17		כָּל	3605	HNcmsc	05PxM
2	14	18		הַ/דּ֜וֹר	d/1755	HTd/Ncmsa	05oCH
2	14	19		אַנְשֵׁ֤י	376	HNcmpc	05tQE
2	14	20		הַ/מִּלְחָמָה֙	d/4421	HTd/Ncfsa	05wtX
2	14	21		מִ/קֶּ֣רֶב	m/7130	HR/Ncmsc	05Hso
2	14	22		הַֽ/מַּחֲנֶ֔ה	d/4264	HTd/Ncbsa	05yS3
2	14	23		כַּ/אֲשֶׁ֛ר	k/834 d	HR/Tr	05PHG
2	14	24		נִשְׁבַּ֥ע	7650	HVNp3ms	051go
2	14	25		יְהוָ֖ה	3068	HNp	05XLB
2	14	26		לָ/הֶֽם	l	HR/Sp3mp	05KTJ
2	15	1		וְ/גַ֤ם	c/1571	HC/Ta	05twL
2	15	2		יַד	3027	HNcbsc	053MS
2	15	3		יְהוָה֙	3068	HNp	05GnD
2	15	4		הָ֣יְתָה	1961	HVqp3fs	05rVJ
2	15	5		בָּ֔/ם	b	HR/Sp3mp	05w2R
2	15	6		לְ/הֻמָּ֖/ם	l/2000	HR/Vqc/Sp3mp	05JsR
2	15	7		מִ/קֶּ֣רֶב	m/7130	HR/Ncmsc	05Sv8
2	15	8		הַֽ/מַּחֲנֶ֑ה	d/4264	HTd/Ncbsa	05adR
2	15	9		עַ֖ד	5704	HR	05xek
2	15	10		תֻּמָּֽ/ם	8552	HVqc/Sp3mp	05UEH
2	16	1		וַ/יְהִ֨י	c/1961	HC/Vqw3ms	05L2G
2	16	2		כַ/אֲשֶׁר	k/834 d	HR/Tr	05oPm
2	16	3		תַּ֜מּוּ	8552	HVqp3cp	05azH
2	16	4		כָּל	3605	HNcmsc	05fZA
2	16	5		אַנְשֵׁ֧י	376	HNcmpc	056Hj
2	16	6		הַ/מִּלְחָמָ֛ה	d/4421	HTd/Ncfsa	05UCE
2	16	7		לָ/מ֖וּת	l/4191	HR/Vqc	05dvY
2	16	8		מִ/קֶּ֥רֶב	m/7130	HR/Ncmsc	05YkN
2	16	9		הָ/עָֽם	d/5971 a	HTd/Ncmsa	05k6s
2	17	1		וַ/יְדַבֵּ֥ר	c/1696	HC/Vpw3ms	05awY
2	17	2		יְהוָ֖ה	3068	HNp	05Wb1
2	17	3		אֵלַ֥/י	413	HR/Sp1cs	05EAT
2	17	4		לֵ/אמֹֽר	l/559	HR/Vqc	05MzG
2	18	1		אַתָּ֨ה	859 a	HPp2ms	05RBM
2	18	2		עֹבֵ֥ר	5674 a	HVqrmsa	05wzx
2	18	3		הַ/יּ֛וֹם	d/3117	HTd/Ncmsa	057Vm
2	18	4		אֶת	853	HTo	05vSy
2	18	5		גְּב֥וּל	1366	HNcmsc	05qgp
2	18	6		מוֹאָ֖ב	4124	HNp	05bcQ
2	18	7		אֶת	853	HTo	05GFP
2	18	8		עָֽר	6144	HNp	05QZx
2	19	1		וְ/קָרַבְתָּ֗	c/7126	HC/Vqq2ms	05JH9
2	19	2		מ֚וּל	4136	HR	05Cdg
2	19	3		בְּנֵ֣י	1121 a	HNcmpc	05Uv6
2	19	4		עַמּ֔וֹן	5983	HNp	05eec
2	19	5		אַל	408	HTn	05bea
2	19	6		תְּצֻרֵ֖/ם	6696 b	HVqj2ms/Sp3mp	05zx5
2	19	7		וְ/אַל	c/408	HC/Tn	05SMW
2	19	8		תִּתְגָּ֣ר	1624	HVtj2ms	05GYp
2	19	9		בָּ֑/ם	b	HR/Sp3mp	051GH
2	19	10		כִּ֣י	3588 a	HC	053QW
2	19	11		לֹֽא	3808	HTn	05tAW
2	19	12		אֶ֠תֵּן	5414	HVqi1cs	05DCB
2	19	13		מֵ/אֶ֨רֶץ	m/776	HR/Ncbsc	05r2Z
2	19	14		בְּנֵי	1121 a	HNcmpc	05don
2	19	15		עַמּ֤וֹן	5983	HNp	05cdc
2	19	16		לְ/ךָ֙	l	HR/Sp2ms	05Ybs
2	19	17		יְרֻשָּׁ֔ה	3425	HNcfsa	05iFe
2	19	18		כִּ֥י	3588 a	HC	059w8
2	19	19		לִ/בְנֵי	l/1121 a	HR/Ncmpc	059fJ
2	19	20		ל֖וֹט	3876	HNp	05rMg
2	19	21		נְתַתִּ֥י/הָ	5414	HVqp1cs/Sp3fs	05T3v
2	19	22		יְרֻשָּֽׁה	3425	HNcfsa	05e37
2	20	1		אֶֽרֶץ	776	HNcbsc	05F5j
2	20	2		רְפָאִ֥ים	7497 b	HNp	05drK
2	20	3		תֵּחָשֵׁ֖ב	2803	HVNi3fs	051TS
2	20	4		אַף	637	HTa	05e65
2	20	5		הִ֑וא	1931	HPp3fs	05Fkx
2	20	6		רְפָאִ֤ים	7497 b	HNp	05ZVs
2	20	7		יָֽשְׁבוּ	3427	HVqp3cp	05bmu
2	20	8		בָ/הּ֙	b	HR/Sp3fs	05eis
2	20	9		לְ/פָנִ֔ים	l/6440	HR/Ncbpa	05B8V
2	20	10		וְ/הָֽ/עַמֹּנִ֔ים	c/d/5984	HC/Td/Ngmpa	05gjk
2	20	11		יִקְרְא֥וּ	7121	HVqi3mp	05tiD
2	20	12		לָ/הֶ֖ם	l	HR/Sp3mp	05kXw
2	20	13		זַמְזֻמִּֽים	2157	HNp	05cHm
2	21	1		עַ֣ם	5971 a	HNcmsa	05Loa
2	21	2		גָּד֥וֹל	1419 a	HAamsa	05NW8
2	21	3		וְ/רַ֛ב	c/7227 a	HC/Aamsa	05Ufy
2	21	4		וָ/רָ֖ם	c/7311 a	HC/Vqrmsa	05FCe
2	21	5		כָּ/עֲנָקִ֑ים	k/6062	HRd/Ncmpa	05CBn
2	21	6		וַ/יַּשְׁמִידֵ֤/ם	c/8045	HC/Vhw3ms/Sp3mp	05QFm
2	21	7		יְהוָה֙	3068	HNp	052st
2	21	8		מִ/פְּנֵי/הֶ֔ם	m/6440	HR/Ncbpc/Sp3mp	05rCW
2	21	9		וַ/יִּירָשֻׁ֖/ם	c/3423	HC/Vqw3mp/Sp3mp	057gm
2	21	10		וַ/יֵּשְׁב֥וּ	c/3427	HC/Vqw3mp	05zkf
2	21	11		תַחְתָּֽ/ם	8478	HR/Sp3mp	05941
2	22	1		כַּ/אֲשֶׁ֤ר	k/834 d	HR/Tr	056C3
2	22	2		עָשָׂה֙	6213 a	HVqp3ms	05WMb
2	22	3		לִ/בְנֵ֣י	l/1121 a	HR/Ncmpc	05ZgJ
2	22	4		עֵשָׂ֔ו	6215	HNp	05Ft4
2	22	5		הַ/יֹּשְׁבִ֖ים	d/3427	HTd/Vqrmpa	05iMP
2	22	6		בְּ/שֵׂעִ֑יר	b/8165 a	HR/Np	05aom
2	22	7		אֲשֶׁ֨ר	834 a	HTr	05xKf
2	22	8		הִשְׁמִ֤יד	8045	HVhp3ms	05EnU
2	22	9		אֶת	853	HTo	05Zax
2	22	10		הַ/חֹרִי֙	d/2752	HTd/Ngmsa	05Q2e
2	22	11		מִ/פְּנֵי/הֶ֔ם	m/6440	HR/Ncbpc/Sp3mp	05ZRJ
2	22	12		וַ/יִּֽירָשֻׁ/ם֙	c/3423	HC/Vqw3mp/Sp3mp	05YEi
2	22	13		וַ/יֵּשְׁב֣וּ	c/3427	HC/Vqw3mp	05gvb
2	22	14		תַחְתָּ֔/ם	8478	HR/Sp3mp	05bJa
2	22	15		עַ֖ד	5704	HR	0589f
2	22	16		הַ/יּ֥וֹם	d/3117	HTd/Ncmsa	05re5
2	22	17		הַ/זֶּֽה	d/2088	HTd/Pdxms	05Xh3
2	23	1		וְ/הָֽ/עַוִּ֛ים	c/d/5761	HC/Td/Np	05EyU
2	23	2		הַ/יֹּשְׁבִ֥ים	d/3427	HTd/Vqrmpa	05aci
2	23	3		בַּ/חֲצֵרִ֖ים	b/2699	HR/Ncmpa	05kbc
2	23	4		עַד	5704	HR	05baF
2	23	5		עַזָּ֑ה	5804	HNp	05ZNU
2	23	6		כַּפְתֹּרִים֙	3732	HNgmpa	05KqQ
2	23	7		הַ/יֹּצְאִ֣ים	d/3318	HTd/Vqrmpa	05gLV
2	23	8		מִ/כַּפְתּ֔וֹר	m/3731	HR/Np	05KTp
2	23	9		הִשְׁמִידֻ֖/ם	8045	HVhp3cp/Sp3mp	05rzR
2	23	10		וַ/יֵּשְׁב֥וּ	c/3427	HC/Vqw3mp	05bh3
2	23	11		תַחְתָּֽ/ם	8478	HR/Sp3mp	05duZ
2	24	1		ק֣וּמוּ	6965 b	HVqv2mp	05YHi
2	24	2		סְּע֗וּ	5265	HVqv2mp	05GV7
2	24	3		וְ/עִבְרוּ֮	c/5674 a	HC/Vqv2mp	05A76
2	24	4		אֶת	853	HTo	05eHZ
2	24	5		נַ֣חַל	5158 a	HNcmsc	05ycY
2	24	6		אַרְנֹן֒	769	HNp	05ejK
2	24	7		רְאֵ֣ה	7200	HVqv2ms	05Jb3
2	24	8		נָתַ֣תִּי	5414	HVqp1cs	05XXt
2	24	9		בְ֠/יָדְ/ךָ	b/3027	HR/Ncbsc/Sp2ms	05rKT
2	24	10		אֶת	853	HTo	05Q8c
2	24	11		סִיחֹ֨ן	5511	HNp	05rHh
2	24	12		מֶֽלֶךְ	4428	HNcmsc	05mUo
2	24	13		חֶשְׁבּ֧וֹן	2809	HNp	05Hfj
2	24	14		הָֽ/אֱמֹרִ֛י	d/567	HTd/Ngmsa	05ACV
2	24	15		וְ/אֶת	c/853	HC/To	05ioH
2	24	16		אַרְצ֖/וֹ	776	HNcbsc/Sp3ms	05FCG
2	24	17		הָחֵ֣ל	2490 c	HVhv2ms	057Jo
2	24	18		רָ֑שׁ	3423	HVqv2ms	05wKF
2	24	19		וְ/הִתְגָּ֥ר	c/1624	HC/Vtv2ms	05YU5
2	24	20		בּ֖/וֹ	b	HR/Sp3ms	05xmV
2	24	21		מִלְחָמָֽה	4421	HNcfsa	05ZvX
2	25	1		הַ/יּ֣וֹם	d/3117	HTd/Ncmsa	057Ch
2	25	2		הַ/זֶּ֗ה	d/2088	HTd/Pdxms	05S67
2	25	3		אָחֵל֙	2490 c	HVhi1cs	05Hmd
2	25	4		תֵּ֤ת	5414	HVqc	054Yz
2	25	5		פַּחְדְּ/ךָ֙	6343	HNcmsc/Sp2ms	05zbA
2	25	6		וְ/יִרְאָ֣תְ/ךָ֔	c/3374	HC/Ncfsc/Sp2ms	05koP
2	25	7		עַל	5921 a	HR	05Mdv
2	25	8		פְּנֵי֙	6440	HNcbpc	05TXv
2	25	9		הָֽ/עַמִּ֔ים	d/5971 a	HTd/Ncmpa	05pbV
2	25	10		תַּ֖חַת	8478	HR	05MSY
2	25	11		כָּל	3605	HNcmsc	05GXC
2	25	12		הַ/שָּׁמָ֑יִם	d/8064	HTd/Ncmpa	05Y6k
2	25	13		אֲשֶׁ֤ר	834 a	HTr	05ctR
2	25	14		יִשְׁמְעוּ/ן֙	8085	HVqi3mp/Sn	05Qq3
2	25	15		שִׁמְעֲ/ךָ֔	8088 b	HNcmsc/Sp2ms	05GdR
2	25	16		וְ/רָגְז֥וּ	c/7264	HC/Vqq3cp	05kV4
2	25	17		וְ/חָל֖וּ	c/2342 a	HC/Vqq3cp	05Zy7
2	25	18		מִ/פָּנֶֽי/ךָ	m/6440	HR/Ncbpc/Sp2ms	05ozy
2	26	1		וָ/אֶשְׁלַ֤ח	c/7971	HC/Vqw1cs	05H6W
2	26	2		מַלְאָכִים֙	4397	HNcmpa	05297
2	26	3		מִ/מִּדְבַּ֣ר	m/4057 b	HR/Ncmsc	05Eyi
2	26	4		קְדֵמ֔וֹת	6932	HNp	05kz6
2	26	5		אֶל	413	HR	05PZP
2	26	6		סִיח֖וֹן	5511	HNp	05tkv
2	26	7		מֶ֣לֶךְ	4428	HNcmsc	05YJk
2	26	8		חֶשְׁבּ֑וֹן	2809	HNp	05zp3
2	26	9		דִּבְרֵ֥י	1697	HNcmpc	05GVz
2	26	10		שָׁל֖וֹם	7965	HNcmsa	05MRd
2	26	11		לֵ/אמֹֽר	l/559	HR/Vqc	05Ci2
2	27	1		אֶעְבְּרָ֣ה	5674 a	HVqh1cs	05TD8
2	27	2		בְ/אַרְצֶ֔/ךָ	b/776	HR/Ncbsc/Sp2ms	056R1
2	27	3		בַּ/דֶּ֥רֶךְ	b/1870	HRd/Ncbsa	05c7o
2	27	4		בַּ/דֶּ֖רֶךְ	b/1870	HRd/Ncbsa	052Ss
2	27	5		אֵלֵ֑ךְ	3212	HVqi1cs	05JyU
2	27	6		לֹ֥א	3808	HTn	05uF7
2	27	7		אָס֖וּר	5493	HVqi1cs	05fbk
2	27	8		יָמִ֥ין	3225	HNcfsa	05RxS
2	27	9		וּ/שְׂמֹֽאול	c/8040	HC/Ncmsa	05PTT
2	28	1		אֹ֣כֶל	400	HNcmsa	051bY
2	28	2		בַּ/כֶּ֤סֶף	b/3701	HRd/Ncmsa	05GMz
2	28	3		תַּשְׁבִּרֵ֨/נִי֙	7666	HVhi2ms/Sp1cs	05uCN
2	28	4		וְ/אָכַ֔לְתִּי	c/398	HC/Vqq1cs	05Wmn
2	28	5		וּ/מַ֛יִם	c/4325	HC/Ncmpa	05Lri
2	28	6		בַּ/כֶּ֥סֶף	b/3701	HRd/Ncmsa	05ymB
2	28	7		תִּתֶּן	5414	HVqi2ms	05fac
2	28	8		לִ֖/י	l	HR/Sp1cs	05X2q
2	28	9		וְ/שָׁתִ֑יתִי	c/8354	HC/Vqq1cs	059d7
2	28	10		רַ֖ק	7535	HTa	05bj4
2	28	11		אֶעְבְּרָ֥ה	5674 a	HVqh1cs	05ZRD
2	28	12		בְ/רַגְלָֽ/י	b/7272	HR/Ncfdc/Sp1cs	05iFV
2	29	1		כַּ/אֲשֶׁ֨ר	k/834 d	HR/Tr	05JzQ
2	29	2		עָֽשׂוּ	6213 a	HVqp3cp	05qbn
2	29	3		לִ֜/י	l	HR/Sp1cs	05WeU
2	29	4		בְּנֵ֣י	1121 a	HNcmpc	05TMW
2	29	5		עֵשָׂ֗ו	6215	HNp	05KvW
2	29	6		הַ/יֹּֽשְׁבִים֙	d/3427	HTd/Vqrmpa	05wz5
2	29	7		בְּ/שֵׂעִ֔יר	b/8165 a	HR/Np	05g5b
2	29	8		וְ/הַ/מּ֣וֹאָבִ֔ים	c/d/4125	HC/Td/Ngmpa	056Cg
2	29	9		הַ/יֹּשְׁבִ֖ים	d/3427	HTd/Vqrmpa	05cqw
2	29	10		בְּ/עָ֑ר	b/6144	HR/Np	0576C
2	29	11		עַ֤ד	5704	HR	05t1W
2	29	12		אֲשֶֽׁר	834 a	HTr	05vfm
2	29	13		אֶֽעֱבֹר֙	5674 a	HVqi1cs	05pjd
2	29	14		אֶת	853	HTo	05Atm
2	29	15		הַ/יַּרְדֵּ֔ן	d/3383	HTd/Np	05vFb
2	29	16		אֶל	413	HR	05sFr
2	29	17		הָ/אָ֕רֶץ	d/776	HTd/Ncbsa	05Q98
2	29	18		אֲשֶׁר	834 a	HTr	05e6Q
2	29	19		יְהוָ֥ה	3068	HNp	05Zzk
2	29	20		אֱלֹהֵ֖י/נוּ	430	HNcmpc/Sp1cp	05Ynf
2	29	21		נֹתֵ֥ן	5414	HVqrmsa	055pP
2	29	22		לָֽ/נוּ	l	HR/Sp1cp	05Xxj
2	30	1		וְ/לֹ֣א	c/3808	HC/Tn	05eNB
2	30	2		אָבָ֗ה	14	HVqp3ms	05r8g
2	30	3		סִיחֹן֙	5511	HNp	05sJk
2	30	4		מֶ֣לֶךְ	4428	HNcmsc	05wBJ
2	30	5		חֶשְׁבּ֔וֹן	2809	HNp	05tvR
2	30	6		הַעֲבִרֵ֖/נוּ	5674 a	HVhc/Sp1cp	05Uoi
2	30	7		בּ֑/וֹ	b	HR/Sp3ms	05H29
2	30	8		כִּֽי	3588 a	HC	05m2e
2	30	9		הִקְשָׁה֩	7185	HVhp3ms	05WQ1
2	30	10		יְהוָ֨ה	3068	HNp	057uv
2	30	11		אֱלֹהֶ֜י/ךָ	430	HNcmpc/Sp2ms	05Z1J
2	30	12		אֶת	853	HTo	05KZa
2	30	13		רוּח֗/וֹ	7307	HNcbsc/Sp3ms	052u6
2	30	14		וְ/אִמֵּץ֙	c/553	HC/Vpp3ms	05CGY
2	30	15		אֶת	853	HTo	05cy3
2	30	16		לְבָב֔/וֹ	3824	HNcmsc/Sp3ms	055EE
2	30	17		לְמַ֛עַן	4616	HR	057yo
2	30	18		תִּתּ֥/וֹ	5414	HVqc/Sp3ms	056ot
2	30	19		בְ/יָדְ/ךָ֖	b/3027	HR/Ncbsc/Sp2ms	052Sx
2	30	20		כַּ/יּ֥וֹם	k/3117	HRd/Ncmsa	054mo
2	30	21		הַ/זֶּֽה	d/2088	HTd/Pdxms	05RqC
2	31	1		וַ/יֹּ֤אמֶר	c/559	HC/Vqw3ms	05ESM
2	31	2		יְהוָה֙	3068	HNp	05mCp
2	31	3		אֵלַ֔/י	413	HR/Sp1cs	05DCR
2	31	4		רְאֵ֗ה	7200	HVqv2ms	059jq
2	31	5		הַֽחִלֹּ֨תִי֙	2490 c	HVhp1cs	05uFy
2	31	6		תֵּ֣ת	5414	HVqc	05rnW
2	31	7		לְ/פָנֶ֔י/ךָ	l/6440	HR/Ncbpc/Sp2ms	05to2
2	31	8		אֶת	853	HTo	05XrY
2	31	9		סִיחֹ֖ן	5511	HNp	054De
2	31	10		וְ/אֶת	c/853	HC/To	05dPn
2	31	11		אַרְצ֑/וֹ	776	HNcbsc/Sp3ms	05Qve
2	31	12		הָחֵ֣ל	2490 c	HVhv2ms	053dz
2	31	13		רָ֔שׁ	3423	HVqv2ms	05vcq
2	31	14		לָ/רֶ֖שֶׁת	l/3423	HR/Vqc	054Ed
2	31	15		אֶת	853	HTo	05kfR
2	31	16		אַרְצֽ/וֹ	776	HNcbsc/Sp3ms	05FUa
2	32	1		וַ/יֵּצֵא֩	c/3318	HC/Vqw3ms	05RZP
2	32	2		סִיחֹ֨ן	5511	HNp	05qLo
2	32	3		לִ/קְרָאתֵ֜/נוּ	l/7125	HR/Vqc/Sp1cp	05UwQ
2	32	4		ה֧וּא	1931	HPp3ms	05EG9
2	32	5		וְ/כָל	c/3605	HC/Ncmsc	05fSj
2	32	6		עַמּ֛/וֹ	5971 a	HNcmsc/Sp3ms	05LGP
2	32	7		לַ/מִּלְחָמָ֖ה	l/4421	HRd/Ncfsa	05oYa
2	32	8		יָֽהְצָ/ה	3096	HNp/Sd	05L3V
2	33	1		וַֽ/יִּתְּנֵ֛/הוּ	c/5414	HC/Vqw3ms/Sp3ms	05Nkc
2	33	2		יְהוָ֥ה	3068	HNp	058qm
2	33	3		אֱלֹהֵ֖י/נוּ	430	HNcmpc/Sp1cp	05XRb
2	33	4		לְ/פָנֵ֑י/נוּ	l/6440	HR/Ncbpc/Sp1cp	05AkY
2	33	5		וַ/נַּ֥ךְ	c/5221	HC/Vhw1cp	05e5T
2	33	6		אֹת֛/וֹ	853	HTo/Sp3ms	05MGG
2	33	7		וְ/אֶת	c/853	HC/To	056q3
2	33	8	x-ketiv	בנ/ו	1121 a	HNcmpc/Sp3ms	05MDa
2	33	9		בָּנָ֖י/ו	1121 a	HNcmpc/Sp3ms	05WBd
2	33	10		וְ/אֶת	c/853	HC/To	05jGt
2	33	11		כָּל	3605	HNcmsc	05tyS
2	33	12		עַמּֽ/וֹ	5971 a	HNcmsc/Sp3ms	05k6N
2	34	1		וַ/נִּלְכֹּ֤ד	c/3920	HC/Vqw1cp	05mY8
2	34	2		אֶת	853	HTo	05Hod
2	34	3		כָּל	3605	HNcmsc	05LbG
2	34	4		עָרָי/ו֙	5892 b	HNcfpc/Sp3ms	05jJf
2	34	5		בָּ/עֵ֣ת	b/6256	HRd/Ncbsa	05zJw
2	34	6		הַ/הִ֔וא	d/1931	HTd/Pp3fs	05Sho
2	34	7		וַֽ/נַּחֲרֵם֙	c/2763 a	HC/Vhw1cp	058zu
2	34	8		אֶת	853	HTo	056TZ
2	34	9		כָּל	3605	HNcmsc	05mQU
2	34	10		עִ֣יר	5892 b	HNcfsa	055oN
2	34	11		מְתִ֔ם	4962	HNcmpa	05HQC
2	34	12		וְ/הַ/נָּשִׁ֖ים	c/d/802	HC/Td/Ncfpa	05tFU
2	34	13		וְ/הַ/טָּ֑ף	c/d/2945	HC/Td/Ncmsa	05QHV
2	34	14		לֹ֥א	3808	HTn	05ot3
2	34	15		הִשְׁאַ֖רְנוּ	7604	HVhp1cp	05HBY
2	34	16		שָׂרִֽיד	8300	HNcmsa	055H9
2	35	1		רַ֥ק	7535	HTa	05eWk
2	35	2		הַ/בְּהֵמָ֖ה	d/929	HTd/Ncfsa	05UNQ
2	35	3		בָּזַ֣זְנוּ	962	HVqp1cp	05GX8
2	35	4		לָ֑/נוּ	l	HR/Sp1cp	05pky
2	35	5		וּ/שְׁלַ֥ל	c/7998	HC/Ncmsc	053N5
2	35	6		הֶ/עָרִ֖ים	d/5892 b	HTd/Ncfpa	05gv9
2	35	7		אֲשֶׁ֥ר	834 a	HTr	0528H
2	35	8		לָכָֽדְנוּ	3920	HVqp1cp	05cog
2	36	1		מֵֽ/עֲרֹעֵ֡ר	m/6177	HR/Np	05dVq
2	36	2		אֲשֶׁר֩	834 a	HTr	05SmU
2	36	3		עַל	5921 a	HR	05xRR
2	36	4		שְׂפַת	8193	HNcfsc	05NYp
2	36	5		נַ֨חַל	5158 a	HNcmsc	05Gjw
2	36	6		אַרְנֹ֜ן	769	HNp	059Na
2	36	7		וְ/הָ/עִ֨יר	c/d/5892 b	HC/Td/Ncfsa	05xjb
2	36	8		אֲשֶׁ֤ר	834 a	HTr	0578y
2	36	9		בַּ/נַּ֨חַל֙	b/5158 a	HRd/Ncmsa	05Vgg
2	36	10		וְ/עַד	c/5704	HC/R	05F1H
2	36	11		הַ/גִּלְעָ֔ד	d/1568	HTd/Np	05j2J
2	36	12		לֹ֤א	3808	HTn	05ch4
2	36	13		הָֽיְתָה֙	1961	HVqp3fs	05etU
2	36	14		קִרְיָ֔ה	7151	HNcfsa	05ean
2	36	15		אֲשֶׁ֥ר	834 a	HTr	05aJG
2	36	16		שָׂגְבָ֖ה	7682	HVqp3fs	05nF8
2	36	17		מִמֶּ֑/נּוּ	4480 a	HR/Sp1cp	05wEW
2	36	18		אֶת	853	HTo	05fJd
2	36	19		הַ/כֹּ֕ל	d/3605	HTd/Ncmsa	05eEh
2	36	20		נָתַ֛ן	5414	HVqp3ms	05K1s
2	36	21		יְהוָ֥ה	3068	HNp	0576o
2	36	22		אֱלֹהֵ֖י/נוּ	430	HNcmpc/Sp1cp	05omx
2	36	23		לְ/פָנֵֽי/נוּ	l/6440	HR/Ncbpc/Sp1cp	05XBe
2	37	1		רַ֛ק	7535	HTa	058A2
2	37	2		אֶל	413	HR	053Qm
2	37	3		אֶ֥רֶץ	776	HNcbsc	05yeG
2	37	4		בְּנֵי	1121 a	HNcmpc	051NW
2	37	5		עַמּ֖וֹן	5983	HNp	05f13
2	37	6		לֹ֣א	3808	HTn	055on
2	37	7		קָרָ֑בְתָּ	7126	HVqp2ms	05b2J
2	37	8		כָּל	3605	HNcmsc	05MnD
2	37	9		יַ֞ד	3027	HNcbsc	052B3
2	37	10		נַ֤חַל	5158 a	HNcmsc	05eAA
2	37	11		יַבֹּק֙	2999	HNp	05usA
2	37	12		וְ/עָרֵ֣י	c/5892 b	HC/Ncfpc	05bmL
2	37	13		הָ/הָ֔ר	d/2022	HTd/Ncmsa	05DK9
2	37	14		וְ/כֹ֥ל	c/3605	HC/Ncmsa	057vQ
2	37	15		אֲשֶׁר	834 a	HTr	05JoL
2	37	16		צִוָּ֖ה	6680	HVpp3ms	05Zzg
2	37	17		יְהוָ֥ה	3068	HNp	05k3m
2	37	18		אֱלֹהֵֽי/נוּ	430	HNcmpc/Sp1cp	05Q2N
3	1	1		וַ/נֵּ֣פֶן	c/6437	HC/Vqw1cp	05Ggr
3	1	2		וַ/נַּ֔עַל	c/5927	HC/Vqw1cp	05hnA
3	1	3		דֶּ֖רֶךְ	1870	HNcbsc	057tY
3	1	4		הַ/בָּשָׁ֑ן	d/1316	HTd/Np	052Dp
3	1	5		וַ/יֵּצֵ֣א	c/3318	HC/Vqw3ms	05BQa
3	1	6		עוֹג֩	5747	HNp	05qNm
3	1	7		מֶֽלֶךְ	4428	HNcmsc	054xx
3	1	8		הַ/בָּשָׁ֨ן	d/1316	HTd/Np	05E57
3	1	9		לִ/קְרָאתֵ֜/נוּ	l/7125	HR/Vqc/Sp1cp	05zfG
3	1	10		ה֧וּא	1931	HPp3ms	05y3Z
3	1	11		וְ/כָל	c/3605	HC/Ncmsc	05vtM
3	1	12		עַמּ֛/וֹ	5971 a	HNcmsc/Sp3ms	05BNu
3	1	13		לַ/מִּלְחָמָ֖ה	l/4421	HRd/Ncfsa	05QTj
3	1	14		אֶדְרֶֽעִי	154	HNp	05Tgd
3	2	1		וַ/יֹּ֨אמֶר	c/559	HC/Vqw3ms	05hAp
3	2	2		יְהוָ֤ה	3068	HNp	05KNK
3	2	3		אֵלַ/י֙	413	HR/Sp1cs	05nk3
3	2	4		אַל	408	HTn	05wj3
3	2	5		תִּירָ֣א	3372	HVqj2ms	05vFK
3	2	6		אֹת֔/וֹ	853	HTo/Sp3ms	05QNk
3	2	7		כִּ֣י	3588 a	HC	05h1i
3	2	8		בְ/יָדְ/ךָ֞	b/3027	HR/Ncbsc/Sp2ms	05c5a
3	2	9		נָתַ֧תִּי	5414	HVqp1cs	05MZK
3	2	10		אֹת֛/וֹ	853	HTo/Sp3ms	05Hx4
3	2	11		וְ/אֶת	c/853	HC/To	05f6t
3	2	12		כָּל	3605	HNcmsc	05BzF
3	2	13		עַמּ֖/וֹ	5971 a	HNcmsc/Sp3ms	05mrv
3	2	14		וְ/אֶת	c/853	HC/To	05TVv
3	2	15		אַרְצ֑/וֹ	776	HNcbsc/Sp3ms	05ZUH
3	2	16		וְ/עָשִׂ֣יתָ	c/6213 a	HC/Vqq2ms	05HWF
3	2	17		לּ֔/וֹ	l	HR/Sp3ms	05rhu
3	2	18		כַּ/אֲשֶׁ֣ר	k/834 d	HR/Tr	057YX
3	2	19		עָשִׂ֗יתָ	6213 a	HVqp2ms	05caE
3	2	20		לְ/סִיחֹן֙	l/5511	HR/Np	05w2r
3	2	21		מֶ֣לֶךְ	4428	HNcmsc	05j2a
3	2	22		הָֽ/אֱמֹרִ֔י	d/567	HTd/Ngmsa	054ei
3	2	23		אֲשֶׁ֥ר	834 a	HTr	05iQS
3	2	24		יוֹשֵׁ֖ב	3427	HVqrmsa	05pu1
3	2	25		בְּ/חֶשְׁבּֽוֹן	b/2809	HR/Np	059Gr
3	3	1		וַ/יִּתֵּן֩	c/5414	HC/Vqw3ms	05jGA
3	3	2		יְהוָ֨ה	3068	HNp	05Q9B
3	3	3		אֱלֹהֵ֜י/נוּ	430	HNcmpc/Sp1cp	058LK
3	3	4		בְּ/יָדֵ֗/נוּ	b/3027	HR/Ncbsc/Sp1cp	05aWe
3	3	5		גַּ֛ם	1571	HTa	05JRh
3	3	6		אֶת	853	HTo	05iqH
3	3	7		ע֥וֹג	5747	HNp	054ze
3	3	8		מֶֽלֶךְ	4428	HNcmsc	05Eur
3	3	9		הַ/בָּשָׁ֖ן	d/1316	HTd/Np	05e9g
3	3	10		וְ/אֶת	c/853	HC/To	05hHu
3	3	11		כָּל	3605	HNcmsc	05C47
3	3	12		עַמּ֑/וֹ	5971 a	HNcmsc/Sp3ms	05TWu
3	3	13		וַ/נַּכֵּ֕/הוּ	c/5221	HC/Vhw1cp/Sp3ms	05EWV
3	3	14		עַד	5704	HR	05nDr
3	3	15		בִּלְתִּ֥י	1115	HC	05NH6
3	3	16		הִשְׁאִֽיר	7604	HVhp3ms	05PP2
3	3	17		ל֖/וֹ	l	HR/Sp3ms	05sgH
3	3	18		שָׂרִֽיד	8300	HNcmsa	057YZ
3	4	1		וַ/נִּלְכֹּ֤ד	c/3920	HC/Vqw1cp	05DLP
3	4	2		אֶת	853	HTo	05Wgd
3	4	3		כָּל	3605	HNcmsc	05tA5
3	4	4		עָרָי/ו֙	5892 b	HNcfpc/Sp3ms	05FQu
3	4	5		בָּ/עֵ֣ת	b/6256	HRd/Ncbsa	05rxc
3	4	6		הַ/הִ֔וא	d/1931	HTd/Pp3fs	05185
3	4	7		לֹ֤א	3808	HTn	05ssA
3	4	8		הָֽיְתָה֙	1961	HVqp3fs	05un2
3	4	9		קִרְיָ֔ה	7151	HNcfsa	054Ei
3	4	10		אֲשֶׁ֥ר	834 a	HTr	05wp8
3	4	11		לֹא	3808	HTn	05fZr
3	4	12		לָקַ֖חְנוּ	3947	HVqp1cp	05qsm
3	4	13		מֵֽ/אִתָּ֑/ם	m/854	HR/R/Sp3mp	05Yvd
3	4	14		שִׁשִּׁ֥ים	8346	HAcbpa	05qo8
3	4	15		עִיר֙	5892 b	HNcfsa	05Rvz
3	4	16		כָּל	3605	HNcmsc	05UiP
3	4	17		חֶ֣בֶל	2256 a	HNcbsc	05zc2
3	4	18		אַרְגֹּ֔ב	709	HNp	05jWU
3	4	19		מַמְלֶ֥כֶת	4467	HNcfsc	05WRL
3	4	20		ע֖וֹג	5747	HNp	05MEe
3	4	21		בַּ/בָּשָֽׁן	b/1316	HRd/Np	05Lz7
3	5	1		כָּל	3605	HNcmsc	05C5b
3	5	2		אֵ֜לֶּה	428	HPdxcp	05KGK
3	5	3		עָרִ֧ים	5892 b	HNcfpa	05V8j
3	5	4		בְּצֻר֛וֹת	1219	HAafpa	05PaR
3	5	5		חוֹמָ֥ה	2346	HNcfsa	05Env
3	5	6		גְבֹהָ֖ה	1364	HAafsa	058Dt
3	5	7		דְּלָתַ֣יִם	1817 c	HNcfda	05iSw
3	5	8		וּ/בְרִ֑יחַ	c/1280	HC/Ncmsa	05cX6
3	5	9		לְ/בַ֛ד	l/905	HR/Ncmsa	05nM3
3	5	10		מֵ/עָרֵ֥י	m/5892 b	HR/Ncfpc	057Xe
3	5	11		הַ/פְּרָזִ֖י	d/6521	HTd/Ncmsa	05noN
3	5	12		הַרְבֵּ֥ה	7235 a	HVha	05hHR
3	5	13		מְאֹֽד	3966	HD	05CoS
3	6	1		וַ/נַּחֲרֵ֣ם	c/2763 a	HC/Vhw1cp	05KXg
3	6	2		אוֹתָ֔/ם	853	HTo/Sp3mp	05Gq2
3	6	3		כַּ/אֲשֶׁ֣ר	k/834 d	HR/Tr	05sk8
3	6	4		עָשִׂ֔ינוּ	6213 a	HVqp1cp	05Vfr
3	6	5		לְ/סִיחֹ֖ן	l/5511	HR/Np	05tkY
3	6	6		מֶ֣לֶךְ	4428	HNcmsc	05r5i
3	6	7		חֶשְׁבּ֑וֹן	2809	HNp	052bH
3	6	8		הַחֲרֵם֙	2763 a	HVha	05wCy
3	6	9		כָּל	3605	HNcmsc	052ee
3	6	10		עִ֣יר	5892 b	HNcfsa	05b7E
3	6	11		מְתִ֔ם	4962	HNcmpa	0545a
3	6	12		הַ/נָּשִׁ֖ים	d/802	HTd/Ncfpa	05Gby
3	6	13		וְ/הַ/טָּֽף	c/d/2945	HC/Td/Ncmsa	05t6e
3	7	1		וְ/כָל	c/3605	HC/Ncmsc	054wi
3	7	2		הַ/בְּהֵמָ֛ה	d/929	HTd/Ncfsa	05LNA
3	7	3		וּ/שְׁלַ֥ל	c/7998	HC/Ncmsc	05bU4
3	7	4		הֶ/עָרִ֖ים	d/5892 b	HTd/Ncfpa	05R6Q
3	7	5		בַּזּ֥וֹנוּ	962	HVqp1cp	05LiE
3	7	6		לָֽ/נוּ	l	HR/Sp1cp	05uCS
3	8	1		וַ/נִּקַּ֞ח	c/3947	HC/Vqw1cp	05taS
3	8	2		בָּ/עֵ֤ת	b/6256	HRd/Ncbsa	05Erp
3	8	3		הַ/הִוא֙	d/1931	HTd/Pp3fs	05azc
3	8	4		אֶת	853	HTo	05HpH
3	8	5		הָ/אָ֔רֶץ	d/776	HTd/Ncbsa	05wcd
3	8	6		מִ/יַּ֗ד	m/3027	HR/Ncbsc	05DR2
3	8	7		שְׁנֵי֙	8147	HAcmdc	058MF
3	8	8		מַלְכֵ֣י	4428	HNcmpc	055wJ
3	8	9		הָ/אֱמֹרִ֔י	d/567	HTd/Ngmsa	05AuA
3	8	10		אֲשֶׁ֖ר	834 a	HTr	05pa7
3	8	11		בְּ/עֵ֣בֶר	b/5676	HR/Ncmsc	051Q7
3	8	12		הַ/יַּרְדֵּ֑ן	d/3383	HTd/Np	05147
3	8	13		מִ/נַּ֥חַל	m/5158 a	HR/Ncmsc	05qpX
3	8	14		אַרְנֹ֖ן	769	HNp	05eEg
3	8	15		עַד	5704	HR	05FHa
3	8	16		הַ֥ר	2022	HNcmsc	05ExS
3	8	17		חֶרְמֽוֹן	2768	HNp	0516M
3	9	1		צִידֹנִ֛ים	6722	HNgmpa	05nj6
3	9	2		יִקְרְא֥וּ	7121	HVqi3mp	057hm
3	9	3		לְ/חֶרְמ֖וֹן	l/2768	HR/Np	05yrZ
3	9	4		שִׂרְיֹ֑ן	8303	HNp	05cpd
3	9	5		וְ/הָ֣/אֱמֹרִ֔י	c/d/567	HC/Td/Ngmsa	05QR7
3	9	6		יִקְרְאוּ	7121	HVqi3mp	05388
3	9	7		ל֖/וֹ	l	HR/Sp3ms	05D9B
3	9	8		שְׂנִֽיר	8149	HNp	05KQr
3	10	1		כֹּ֣ל	3605	HNcmsc	05bRM
3	10	2		עָרֵ֣י	5892 b	HNcfpc	05TPs
3	10	3		הַ/מִּישֹׁ֗ר	d/4334	HTd/Ncmsa	05Mef
3	10	4		וְ/כָל	c/3605	HC/Ncmsc	05UeD
3	10	5		הַ/גִּלְעָד֙	d/1568	HTd/Np	05Ddz
3	10	6		וְ/כָל	c/3605	HC/Ncmsc	05VYG
3	10	7		הַ/בָּשָׁ֔ן	d/1316	HTd/Np	05zd1
3	10	8		עַד	5704	HR	05mw6
3	10	9		סַלְכָ֖ה	5548	HNp	054AV
3	10	10		וְ/אֶדְרֶ֑עִי	c/154	HC/Np	05RJM
3	10	11		עָרֵ֛י	5892 b	HNcfpc	05ZPm
3	10	12		מַמְלֶ֥כֶת	4467	HNcfsc	05aZX
3	10	13		ע֖וֹג	5747	HNp	05QJg
3	10	14		בַּ/בָּשָֽׁן	b/1316	HRd/Np	05P5E
3	11	1		כִּ֣י	3588 a	HC	05yrH
3	11	2		רַק	7535	HTa	05sud
3	11	3		ע֞וֹג	5747	HNp	05id4
3	11	4		מֶ֣לֶךְ	4428	HNcmsc	05rbK
3	11	5		הַ/בָּשָׁ֗ן	d/1316	HTd/Np	05fQG
3	11	6		נִשְׁאַר֮	7604	HVNp3ms	05HAz
3	11	7		מִ/יֶּ֣תֶר	m/3499 a	HR/Ncmsc	05J4B
3	11	8		הָ/רְפָאִים֒	d/7497 b	HTd/Np	05cc4
3	11	9		הִנֵּ֤ה	2009	HTm	05oRq
3	11	10		עַרְשׂ/וֹ֙	6210	HNcfsc/Sp3ms	05cUw
3	11	11		עֶ֣רֶשׂ	6210	HNcfsc	05MVU
3	11	12		בַּרְזֶ֔ל	1270	HNcmsa	05CE4
3	11	13		הֲ/לֹ֣ה	i/3808	HTi/Tn	05Li4
3	11	14		הִ֔וא	1931	HPp3fs	05L6s
3	11	15		בְּ/רַבַּ֖ת	b/7237	HR/Np	05g5n
3	11	16		בְּנֵ֣י	1121 a	HNcmpc	05jmB
3	11	17		עַמּ֑וֹן	5983	HNp	05kmE
3	11	18		תֵּ֧שַׁע	8672	HAcfsa	05hyH
3	11	19		אַמּ֣וֹת	520 a	HNcfpa	05DMx
3	11	20		אָרְכָּ֗/הּ	753	HNcmsc/Sp3fs	05D1c
3	11	21		וְ/אַרְבַּ֥ע	c/702	HC/Acfsa	05sgn
3	11	22		אַמּ֛וֹת	520 a	HNcfpa	05cLA
3	11	23		רָחְבָּ֖/הּ	7341	HNcmsc/Sp3fs	05Jrt
3	11	24		בְּ/אַמַּת	b/520 a	HR/Ncfsc	05jwP
3	11	25		אִֽישׁ	376	HNcmsa	05XZe
3	12	1		וְ/אֶת	c/853	HC/To	05dip
3	12	2		הָ/אָ֧רֶץ	d/776	HTd/Ncbsa	05f7v
3	12	3		הַ/זֹּ֛את	d/2063	HTd/Pdxfs	055hr
3	12	4		יָרַ֖שְׁנוּ	3423	HVqp1cp	05RDs
3	12	5		בָּ/עֵ֣ת	b/6256	HRd/Ncbsa	05Tvm
3	12	6		הַ/הִ֑וא	d/1931	HTd/Pp3fs	051vy
3	12	7		מֵ/עֲרֹעֵ֞ר	m/6177	HR/Np	05JzC
3	12	8		אֲשֶׁר	834 a	HTr	05Pv9
3	12	9		עַל	5921 a	HR	05u6Y
3	12	10		נַ֣חַל	5158 a	HNcmsc	05iTM
3	12	11		אַרְנֹ֗ן	769	HNp	05jDe
3	12	12		וַ/חֲצִ֤י	c/2677	HC/Ncmsc	05uHz
3	12	13		הַֽר	2022	HNcmsc	052iJ
3	12	14		הַ/גִּלְעָד֙	d/1568	HTd/Np	05evD
3	12	15		וְ/עָרָ֔י/ו	c/5892 b	HC/Ncfpc/Sp3ms	05vKo
3	12	16		נָתַ֕תִּי	5414	HVqp1cs	05mvJ
3	12	17		לָ/רֻֽאוּבֵנִ֖י	l/7206	HRd/Ngmsa	05pDQ
3	12	18		וְ/לַ/גָּדִֽי	c/l/1425	HC/Rd/Ngmsa	05deG
3	13	1		וְ/יֶ֨תֶר	c/3499 a	HC/Ncmsc	05Nvj
3	13	2		הַ/גִּלְעָ֤ד	d/1568	HTd/Np	05Gye
3	13	3		וְ/כָל	c/3605	HC/Ncmsc	05qCo
3	13	4		הַ/בָּשָׁן֙	d/1316	HTd/Np	05h3K
3	13	5		מַמְלֶ֣כֶת	4467	HNcfsc	05USJ
3	13	6		ע֔וֹג	5747	HNp	05rMp
3	13	7		נָתַ֕תִּי	5414	HVqp1cs	05sd2
3	13	8		לַ/חֲצִ֖י	l/2677	HR/Ncmsc	05Ssu
3	13	9		שֵׁ֣בֶט	7626	HNcmsc	05x1x
3	13	10		הַֽ/מְנַשֶּׁ֑ה	d/4519	HTd/Np	05w5T
3	13	11		כֹּ֣ל	3605	HNcmsc	05FrL
3	13	12		חֶ֤בֶל	2256 a	HNcbsc	05q3X
3	13	13		הָֽ/אַרְגֹּב֙	d/709	HTd/Np	05YjW
3	13	14		לְ/כָל	l/3605	HR/Ncmsc	054i9
3	13	15		הַ/בָּשָׁ֔ן	d/1316	HTd/Np	05Afw
3	13	16		הַ/ה֥וּא	d/1931	HTd/Pp3ms	05Vcq
3	13	17		יִקָּרֵ֖א	7121	HVNi3ms	05eF7
3	13	18		אֶ֥רֶץ	776	HNcbsc	05wPX
3	13	19		רְפָאִֽים	7497 b	HNp	05tUi
3	14	1		יָאִ֣יר	2971	HNp	05S6i
3	14	2		בֶּן	1121 a	HNcmsc	05KNH
3	14	3		מְנַשֶּׁ֗ה	4519	HNp	05XUc
3	14	4		לָקַח֙	3947	HVqp3ms	05KGa
3	14	5		אֶת	853	HTo	05jzU
3	14	6		כָּל	3605	HNcmsc	053ws
3	14	7		חֶ֣בֶל	2256 a	HNcbsc	05nkE
3	14	8		אַרְגֹּ֔ב	709	HNp	05UeK
3	14	9		עַד	5704	HR	05CYD
3	14	10		גְּב֥וּל	1366	HNcmsc	059gs
3	14	11		הַ/גְּשׁוּרִ֖י	d/1651	HTd/Ngmsa	05GTQ
3	14	12		וְ/הַ/מַּֽעֲכָתִ֑י	c/d/4602	HC/Td/Ngmsa	05gKo
3	14	13		וַ/יִּקְרָא֩	c/7121	HC/Vqw3ms	05oZb
3	14	14		אֹתָ֨/ם	853	HTo/Sp3mp	05KCy
3	14	15		עַל	5921 a	HR	05juz
3	14	16		שְׁמ֤/וֹ	8034	HNcmsc/Sp3ms	05DH2
3	14	17		אֶת	853	HTo	054VF
3	14	18		הַ/בָּשָׁן֙	d/1316	HTd/Np	0572H
3	14	19		חַוֺּ֣ת	2334+	HNcfpc	0525j
3	14	20		יָאִ֔יר	2334	HNp	05Vo3
3	14	21		עַ֖ד	5704	HR	05dhD
3	14	22		הַ/יּ֥וֹם	d/3117	HTd/Ncmsa	056uw
3	14	23		הַ/זֶּֽה	d/2088	HTd/Pdxms	05zjv
3	15	1		וּ/לְ/מָכִ֖יר	c/l/4353	HC/R/Np	051Mn
3	15	2		נָתַ֥תִּי	5414	HVqp1cs	056qW
3	15	3		אֶת	853	HTo	05Zjx
3	15	4		הַ/גִּלְעָֽד	d/1568	HTd/Np	05aoZ
3	16	1		וְ/לָ/רֻאוּבֵנִ֨י	c/l/7206	HC/Rd/Ngmsa	05EJP
3	16	2		וְ/לַ/גָּדִ֜י	c/l/1425	HC/Rd/Ngmsa	054HM
3	16	3		נָתַ֤תִּי	5414	HVqp1cs	05EjA
3	16	4		מִן	4480 a	HR	05E1f
3	16	5		הַ/גִּלְעָד֙	d/1568	HTd/Np	05Hwq
3	16	6		וְ/עַד	c/5704	HC/R	05MWU
3	16	7		נַ֣חַל	5158 a	HNcmsc	05vD2
3	16	8		אַרְנֹ֔ן	769	HNp	05ygZ
3	16	9		תּ֥וֹךְ	8432	HNcmsc	056YP
3	16	10		הַ/נַּ֖חַל	d/5158 a	HTd/Ncmsa	05UhH
3	16	11		וּ/גְבֻ֑ל	c/1366	HC/Ncmsa	05MSM
3	16	12		וְ/עַד֙	c/5704	HC/R	05TYN
3	16	13		יַבֹּ֣ק	2999	HNp	05cMr
3	16	14		הַ/נַּ֔חַל	d/5158 a	HTd/Ncmsa	054Up
3	16	15		גְּב֖וּל	1366	HNcmsc	05pa1
3	16	16		בְּנֵ֥י	1121 a	HNcmpc	05GDg
3	16	17		עַמּֽוֹן	5983	HNp	05ZxK
3	17	1		וְ/הָֽ/עֲרָבָ֖ה	c/d/6160	HC/Td/Ncfsa	05KpZ
3	17	2		וְ/הַ/יַּרְדֵּ֣ן	c/d/3383	HC/Td/Np	05nwq
3	17	3		וּ/גְבֻ֑ל	c/1366	HC/Ncmsa	05Lgy
3	17	4		מִ/כִּנֶּ֗רֶת	m/3672	HR/Np	055AY
3	17	5		וְ/עַ֨ד	c/5704	HC/R	05HUX
3	17	6		יָ֤ם	3220	HNcmsc	05RYU
3	17	7		הָֽ/עֲרָבָה֙	d/6160	HTd/Ncfsa	053Q1
3	17	8		יָ֣ם	3220	HNcmsc	05ikx
3	17	9		הַ/מֶּ֔לַח	d/4417	HTd/Ncmsa	055Xt
3	17	10		תַּ֛חַת	8478	HR	058jj
3	17	11		אַשְׁדֹּ֥ת	794	HNcfpc	053v4
3	17	12		הַ/פִּסְגָּ֖ה	d/6449	HTd/Np	05hFh
3	17	13		מִזְרָֽחָ/ה	4217	HNcmsa/Sd	053it
3	18	1		וָ/אֲצַ֣ו	c/6680	HC/Vpw1cs	05pf7
3	18	2		אֶתְ/כֶ֔ם	853	HTo/Sp2mp	05Dne
3	18	3		בָּ/עֵ֥ת	b/6256	HRd/Ncbsa	05fqZ
3	18	4		הַ/הִ֖וא	d/1931	HTd/Pp3fs	057ev
3	18	5		לֵ/אמֹ֑ר	l/559	HR/Vqc	05eWV
3	18	6		יְהוָ֣ה	3068	HNp	05DUZ
3	18	7		אֱלֹהֵי/כֶ֗ם	430	HNcmpc/Sp2mp	05abv
3	18	8		נָתַ֨ן	5414	HVqp3ms	059XH
3	18	9		לָ/כֶ֜ם	l	HR/Sp2mp	05tui
3	18	10		אֶת	853	HTo	055mW
3	18	11		הָ/אָ֤רֶץ	d/776	HTd/Ncbsa	059p4
3	18	12		הַ/זֹּאת֙	d/2063	HTd/Pdxfs	051AP
3	18	13		לְ/רִשְׁתָּ֔/הּ	l/3423	HR/Vqc/Sp3fs	05Dh6
3	18	14		חֲלוּצִ֣ים	2502 b	HVqsmpa	05q22
3	18	15		תַּֽעַבְר֗וּ	5674 a	HVqi2mp	05Z1p
3	18	16		לִ/פְנֵ֛י	l/6440	HR/Ncbpc	054mF
3	18	17		אֲחֵי/כֶ֥ם	251	HNcmpc/Sp2mp	05PJU
3	18	18		בְּנֵֽי	1121 a	HNcmpc	05eKG
3	18	19		יִשְׂרָאֵ֖ל	3478	HNp	05Anx
3	18	20		כָּל	3605	HNcmsc	05kWB
3	18	21		בְּנֵי	1121 a	HNcmpc	0526j
3	18	22		חָֽיִל	2428	HNcmsa	05ZiN
3	19	1		רַ֠ק	7535	HTa	05NAb
3	19	2		נְשֵׁי/כֶ֣ם	802	HNcfpc/Sp2mp	05NJS
3	19	3		וְ/טַפְּ/כֶם֮	c/2945	HC/Ncmsc/Sp2mp	05S4e
3	19	4		וּ/מִקְנֵ/כֶם֒	c/4735	HC/Ncmsc/Sp2mp	05cZG
3	19	5		יָדַ֕עְתִּי	3045	HVqp1cs	05Nqf
3	19	6		כִּֽי	3588 a	HC	05tKV
3	19	7		מִקְנֶ֥ה	4735	HNcmsa	05hpd
3	19	8		רַ֖ב	7227 a	HAamsa	05CAC
3	19	9		לָ/כֶ֑ם	l	HR/Sp2mp	05MBs
3	19	10		יֵֽשְׁבוּ֙	3427	HVqi3mp	05uCk
3	19	11		בְּ/עָ֣רֵי/כֶ֔ם	b/5892 b	HR/Ncfpc/Sp2mp	05KHf
3	19	12		אֲשֶׁ֥ר	834 a	HTr	05bcM
3	19	13		נָתַ֖תִּי	5414	HVqp1cs	05mry
3	19	14		לָ/כֶֽם	l	HR/Sp2mp	05e4r
3	20	1		עַ֠ד	5704	HR	05rFe
3	20	2		אֲשֶׁר	834 a	HTr	05bu5
3	20	3		יָנִ֨יחַ	5117	HVhi3ms	05nfi
3	20	4		יְהוָ֥ה	3068	HNp	05kkD
3	20	5		לַֽ/אֲחֵי/כֶם֮	l/251	HR/Ncmpc/Sp2mp	05EPr
3	20	6		כָּ/כֶם֒	k	HR/Sp2mp	05KoZ
3	20	7		וְ/יָרְשׁ֣וּ	c/3423	HC/Vqq3cp	05A4n
3	20	8		גַם	1571	HD	05Eq3
3	20	9		הֵ֔ם	1992	HPp3mp	054c8
3	20	10		אֶת	853	HTo	05Npb
3	20	11		הָ/אָ֕רֶץ	d/776	HTd/Ncbsa	05ETF
3	20	12		אֲשֶׁ֨ר	834 a	HTr	05TmV
3	20	13		יְהוָ֧ה	3068	HNp	05tBT
3	20	14		אֱלֹהֵי/כֶ֛ם	430	HNcmpc/Sp2mp	05BBm
3	20	15		נֹתֵ֥ן	5414	HVqrmsa	05qKL
3	20	16		לָ/הֶ֖ם	l	HR/Sp3mp	05qip
3	20	17		בְּ/עֵ֣בֶר	b/5676	HR/Ncmsc	05p4D
3	20	18		הַ/יַּרְדֵּ֑ן	d/3383	HTd/Np	05G5R
3	20	19		וְ/שַׁבְתֶּ֗ם	c/7725	HC/Vqq2mp	05GXr
3	20	20		אִ֚ישׁ	376	HNcmsa	05XSa
3	20	21		לִֽ/ירֻשָּׁת֔/וֹ	l/3425	HR/Ncfsc/Sp3ms	05bsA
3	20	22		אֲשֶׁ֥ר	834 a	HTr	05nnJ
3	20	23		נָתַ֖תִּי	5414	HVqp1cs	05b2r
3	20	24		לָ/כֶֽם	l	HR/Sp2mp	05Tzx
3	21	1		וְ/אֶת	c/853	HC/To	05fTQ
3	21	2		יְהוֹשׁ֣וּעַ	3091	HNp	05nCu
3	21	3		צִוֵּ֔יתִי	6680	HVpp1cs	05Gds
3	21	4		בָּ/עֵ֥ת	b/6256	HRd/Ncbsa	059cC
3	21	5		הַ/הִ֖וא	d/1931	HTd/Pp3fs	05Y4b
3	21	6		לֵ/אמֹ֑ר	l/559	HR/Vqc	05RWu
3	21	7		עֵינֶ֣י/ךָ	5869 a	HNcbdc/Sp2ms	05MLc
3	21	8		הָ/רֹאֹ֗ת	d/7200	HTd/Vqrfpa	05DKB
3	21	9		אֵת֩	853	HTo	05h2V
3	21	10		כָּל	3605	HNcmsc	05Z2k
3	21	11		אֲשֶׁ֨ר	834 a	HTr	055VT
3	21	12		עָשָׂ֜ה	6213 a	HVqp3ms	058JC
3	21	13		יְהוָ֤ה	3068	HNp	05Lqq
3	21	14		אֱלֹהֵי/כֶם֙	430	HNcmpc/Sp2mp	05qDM
3	21	15		לִ/שְׁנֵי֙	l/8147	HR/Acmdc	05qqx
3	21	16		הַ/מְּלָכִ֣ים	d/4428	HTd/Ncmpa	05Q3F
3	21	17		הָ/אֵ֔לֶּה	d/428	HTd/Pdxcp	052Kw
3	21	18		כֵּֽן	3651 c	HTm	05jCk
3	21	19		יַעֲשֶׂ֤ה	6213 a	HVqi3ms	05jJB
3	21	20		יְהוָה֙	3068	HNp	052Ur
3	21	21		לְ/כָל	l/3605	HR/Ncmsc	05bTz
3	21	22		הַ/מַּמְלָכ֔וֹת	d/4467	HTd/Ncfpa	05CfS
3	21	23		אֲשֶׁ֥ר	834 a	HTr	05RZe
3	21	24		אַתָּ֖ה	859 a	HPp2ms	05jDT
3	21	25		עֹבֵ֥ר	5674 a	HVqrmsa	05euw
3	21	26		שָֽׁמָּ/ה	8033	HD/Sd	05WXb
3	22	1		לֹ֖א	3808	HTn	05KPQ
3	22	2		תְִּירָא֑וּ/ם	3372	HVqi2mp/Sp3mp	05wNE
3	22	3		כִּ֚י	3588 a	HC	05rtc
3	22	4		יְהוָ֣ה	3068	HNp	05xpP
3	22	5		אֱלֹֽהֵי/כֶ֔ם	430	HNcmpc/Sp2mp	05yvH
3	22	6		ה֖וּא	1931	HPp3ms	05456
3	22	7		הַ/נִּלְחָ֥ם	d/3898 a	HTd/VNrmsa	05neV
3	22	8		לָ/כֶֽם	l	HR/Sp2mp	05bEv
3	23	1		וָ/אֶתְחַנַּ֖ן	c/2603 a	HC/Vtw1cs	05yWa
3	23	2		אֶל	413	HR	05PL3
3	23	3		יְהוָ֑ה	3068	HNp	051SP
3	23	4		בָּ/עֵ֥ת	b/6256	HRd/Ncbsa	05TZB
3	23	5		הַ/הִ֖וא	d/1931	HTd/Pp3fs	05fd5
3	23	6		לֵ/אמֹֽר	l/559	HR/Vqc	05GYA
3	24	1		אֲדֹנָ֣/י	136	HNcmpc/Sp1cs	05K5D
3	24	2		יְהוִ֗ה	3069	HNp	057rm
3	24	3		אַתָּ֤ה	859 a	HPp2ms	05aFY
3	24	4		הַֽחִלּ֨וֹתָ֙	2490 c	HVhp2ms	05F4N
3	24	5		לְ/הַרְא֣וֹת	l/7200	HR/Vhc	05Q12
3	24	6		אֶֽת	853	HTo	05EF4
3	24	7		עַבְדְּ/ךָ֔	5650	HNcmsc/Sp2ms	05pmF
3	24	8		אֶ֨ת	853	HTo	05124
3	24	9		גָּדְלְ/ךָ֔	1433	HNcmsc/Sp2ms	05rtz
3	24	10		וְ/אֶת	c/853	HC/To	05H8n
3	24	11		יָדְ/ךָ֖	3027	HNcbsc/Sp2ms	05dV3
3	24	12		הַ/חֲזָקָ֑ה	d/2389	HTd/Aafsa	05QKM
3	24	13		אֲשֶׁ֤ר	834 a	HTr	057pu
3	24	14		מִי	4310	HTi	05dwS
3	24	15		אֵל֙	410	HNcmsa	05A8T
3	24	16		בַּ/שָּׁמַ֣יִם	b/8064	HRd/Ncmpa	05eKy
3	24	17		וּ/בָ/אָ֔רֶץ	c/b/776	HC/Rd/Ncbsa	0599H
3	24	18		אֲשֶׁר	834 a	HTr	05Eat
3	24	19		יַעֲשֶׂ֥ה	6213 a	HVqi3ms	05GJt
3	24	20		כְ/מַעֲשֶׂ֖י/ךָ	k/4639	HR/Ncmpc/Sp2ms	05aUT
3	24	21		וְ/כִ/גְבוּרֹתֶֽ/ךָ	c/k/1369	HC/R/Ncfpc/Sp2ms	05thm
3	25	1		אֶעְבְּרָה	5674 a	HVqh1cs	05o4f
3	25	2		נָּ֗א	4994	HTj	05iaj
3	25	3		וְ/אֶרְאֶה֙	c/7200	HC/Vqh1cs	05BKq
3	25	4		אֶת	853	HTo	05zK3
3	25	5		הָ/אָ֣רֶץ	d/776	HTd/Ncbsa	05rJJ
3	25	6		הַ/טּוֹבָ֔ה	d/2896 a	HTd/Aafsa	05uEK
3	25	7		אֲשֶׁ֖ר	834 a	HTr	0531Q
3	25	8		בְּ/עֵ֣בֶר	b/5676	HR/Ncmsc	058XT
3	25	9		הַ/יַּרְדֵּ֑ן	d/3383	HTd/Np	05KRB
3	25	10		הָ/הָ֥ר	d/2022	HTd/Ncmsa	05Vir
3	25	11		הַ/טּ֛וֹב	d/2896 a	HTd/Aamsa	05Bi2
3	25	12		הַ/זֶּ֖ה	d/2088	HTd/Pdxms	05DdX
3	25	13		וְ/הַ/לְּבָנֽוֹן	c/d/3844	HC/Td/Np	05FaQ
3	26	1		וַ/יִּתְעַבֵּ֨ר	c/5674 b	HC/Vtw3ms	05MTx
3	26	2		יְהוָ֥ה	3068	HNp	05eeu
3	26	3		בִּ/י֙	b	HR/Sp1cs	05u2K
3	26	4		לְמַ֣עַנְ/כֶ֔ם	4616	HR/Sp2mp	05Ji5
3	26	5		וְ/לֹ֥א	c/3808	HC/Tn	05sRx
3	26	6		שָׁמַ֖ע	8085	HVqp3ms	05oGS
3	26	7		אֵלָ֑/י	413	HR/Sp1cs	05ojQ
3	26	8		וַ/יֹּ֨אמֶר	c/559	HC/Vqw3ms	058eL
3	26	9		יְהוָ֤ה	3068	HNp	05JUj
3	26	10		אֵלַ/י֙	413	HR/Sp1cs	05Gmx
3	26	11		רַב	7227 a	HAamsc	05zqp
3	26	12		לָ֔/ךְ	l	HR/Sp2fs	05Z4n
3	26	13		אַל	408	HTn	05EBC
3	26	14		תּ֗וֹסֶף	3254	HVhj2ms	05Qrj
3	26	15		דַּבֵּ֥ר	1696	HVpc	05zcn
3	26	16		אֵלַ֛/י	413	HR/Sp1cs	05htk
3	26	17		ע֖וֹד	5750	HD	05mPM
3	26	18		בַּ/דָּבָ֥ר	b/1697	HRd/Ncmsa	05rNM
3	26	19		הַ/זֶּֽה	d/2088	HTd/Pdxms	05mxT
3	27	1		עֲלֵ֣ה	5927	HVqv2ms	05JFY
3	27	2		רֹ֣אשׁ	7218 a	HNcmsc	05tNW
3	27	3		הַ/פִּסְגָּ֗ה	d/6449	HTd/Np	05vVg
3	27	4		וְ/שָׂ֥א	c/5375	HC/Vqv2ms	05GsN
3	27	5		עֵינֶ֛י/ךָ	5869 a	HNcbdc/Sp2ms	05ESe
3	27	6		יָ֧מָּ/ה	3220	HNcmsa/Sd	052xq
3	27	7		וְ/צָפֹ֛נָ/ה	c/6828	HC/Ncfsa/Sd	05Gta
3	27	8		וְ/תֵימָ֥נָ/ה	c/8486	HC/Ncfsa/Sd	05NA7
3	27	9		וּ/מִזְרָ֖חָ/ה	c/4217	HC/Ncmsa/Sd	059KR
3	27	10		וּ/רְאֵ֣ה	c/7200	HC/Vqv2ms	05R5N
3	27	11		בְ/עֵינֶ֑י/ךָ	b/5869 a	HR/Ncbdc/Sp2ms	05Rom
3	27	12		כִּי	3588 a	HC	05L7X
3	27	13		לֹ֥א	3808	HTn	05ZEr
3	27	14		תַעֲבֹ֖ר	5674 a	HVqi2ms	05G6B
3	27	15		אֶת	853	HTo	05a5r
3	27	16		הַ/יַּרְדֵּ֥ן	d/3383	HTd/Np	05CBu
3	27	17		הַ/זֶּֽה	d/2088	HTd/Pdxms	05h7x
3	28	1		וְ/צַ֥ו	c/6680	HC/Vpv2ms	05vJb
3	28	2		אֶת	853	HTo	05aNN
3	28	3		יְהוֹשֻׁ֖עַ	3091	HNp	05kZd
3	28	4		וְ/חַזְּקֵ֣/הוּ	c/2388	HC/Vpv2ms/Sp3ms	05p5b
3	28	5		וְ/אַמְּצֵ֑/הוּ	c/553	HC/Vpv2ms/Sp3ms	05X2y
3	28	6		כִּי	3588 a	HC	05PMj
3	28	7		ה֣וּא	1931	HPp3ms	05ZCR
3	28	8		יַעֲבֹ֗ר	5674 a	HVqi3ms	05m4e
3	28	9		לִ/פְנֵי֙	l/6440	HR/Ncbpc	05PRD
3	28	10		הָ/עָ֣ם	d/5971 a	HTd/Ncmsa	05kKo
3	28	11		הַ/זֶּ֔ה	d/2088	HTd/Pdxms	052fb
3	28	12		וְ/הוּא֙	c/1931	HC/Pp3ms	05NeN
3	28	13		יַנְחִ֣יל	5157	HVhi3ms	055Jm
3	28	14		אוֹתָ֔/ם	853	HTo/Sp3mp	05GUj
3	28	15		אֶת	853	HTo	05aUh
3	28	16		הָ/אָ֖רֶץ	d/776	HTd/Ncbsa	05ik6
3	28	17		אֲשֶׁ֥ר	834 a	HTr	05R15
3	28	18		תִּרְאֶֽה	7200	HVqi2ms	05fmL
3	29	1		וַ/נֵּ֣שֶׁב	c/3427	HC/Vqw1cp	05Vez
3	29	2		בַּ/גָּ֔יְא	b/1516	HRd/Ncbsa	055sh
3	29	3		מ֖וּל	4136	HR	05Dmo
3	29	4		בֵּ֥ית	1047+	HNp	05S76
3	29	5		פְּעֽוֹר	1047	HNp	053U9
4	1	1		וְ/עַתָּ֣ה	c/6258	HC/D	053iN
4	1	2		יִשְׂרָאֵ֗ל	3478	HNp	055vj
4	1	3		שְׁמַ֤ע	8085	HVqv2ms	05iTL
4	1	4		אֶל	413	HR	05Vwr
4	1	5		הַֽ/חֻקִּים֙	d/2706	HTd/Ncmpa	05Qra
4	1	6		וְ/אֶל	c/413	HC/R	05aLf
4	1	7		הַ/מִּשְׁפָּטִ֔ים	d/4941	HTd/Ncmpa	05B4a
4	1	8		אֲשֶׁ֧ר	834 a	HTr	05KJD
4	1	9		אָֽנֹכִ֛י	595	HPp1cs	05wfG
4	1	10		מְלַמֵּ֥ד	3925	HVprmsa	05QVj
4	1	11		אֶתְ/כֶ֖ם	853	HTo/Sp2mp	05tLr
4	1	12		לַ/עֲשׂ֑וֹת	l/6213 a	HR/Vqc	05xhW
4	1	13		לְמַ֣עַן	4616	HR	05UrB
4	1	14		תִּֽחְי֗וּ	2421	HVqi2mp	05NGV
4	1	15		וּ/בָאתֶם֙	c/935	HC/Vqq2mp	05GWv
4	1	16		וִֽ/ירִשְׁתֶּ֣ם	c/3423	HC/Vqq2mp	05Eei
4	1	17		אֶת	853	HTo	05L97
4	1	18		הָ/אָ֔רֶץ	d/776	HTd/Ncbsa	05uSP
4	1	19		אֲשֶׁ֧ר	834 a	HTr	05vkL
4	1	20		יְהוָ֛ה	3068	HNp	0564X
4	1	21		אֱלֹהֵ֥י	430	HNcmpc	05UXX
4	1	22		אֲבֹתֵי/כֶ֖ם	1	HNcmpc/Sp2mp	05mec
4	1	23		נֹתֵ֥ן	5414	HVqrmsa	05oQV
4	1	24		לָ/כֶֽם	l	HR/Sp2mp	05NrV
4	2	1		לֹ֣א	3808	HTn	05am3
4	2	2		תֹסִ֗פוּ	3254	HVhi2mp	05pwA
4	2	3		עַל	5921 a	HR	05tJ1
4	2	4		הַ/דָּבָר֙	d/1697	HTd/Ncmsa	05wT4
4	2	5		אֲשֶׁ֤ר	834 a	HTr	054QP
4	2	6		אָנֹכִי֙	595	HPp1cs	05esN
4	2	7		מְצַוֶּ֣ה	6680	HVprmsa	05tos
4	2	8		אֶתְ/כֶ֔ם	853	HTo/Sp2mp	05YNQ
4	2	9		וְ/לֹ֥א	c/3808	HC/Tn	05H41
4	2	10		תִגְרְע֖וּ	1639	HVqi2mp	05uyq
4	2	11		מִמֶּ֑/נּוּ	4480 a	HR/Sp1cp	05i8S
4	2	12		לִ/שְׁמֹ֗ר	l/8104	HR/Vqc	056z9
4	2	13		אֶת	853	HTo	055Py
4	2	14		מִצְוֺת֙	4687	HNcfpc	05AHL
4	2	15		יְהוָ֣ה	3068	HNp	05xF2
4	2	16		אֱלֹֽהֵי/כֶ֔ם	430	HNcmpc/Sp2mp	05rbR
4	2	17		אֲשֶׁ֥ר	834 a	HTr	05deN
4	2	18		אָנֹכִ֖י	595	HPp1cs	05m4c
4	2	19		מְצַוֶּ֥ה	6680	HVprmsa	05Lrp
4	2	20		אֶתְ/כֶֽם	853	HTo/Sp2mp	05c4q
4	3	1		עֵֽינֵי/כֶם֙	5869 a	HNcbdc/Sp2mp	05xqq
4	3	2		הָֽ/רֹאֹ֔ת	d/7200	HTd/Vqrfpa	05XdH
4	3	3		אֵ֛ת	853	HTo	05NvG
4	3	4		אֲשֶׁר	834 a	HTr	05vnB
4	3	5		עָשָׂ֥ה	6213 a	HVqp3ms	05U2p
4	3	6		יְהוָ֖ה	3068	HNp	05SG8
4	3	7		בְּ/בַ֣עַל	b/1187+	HR/Np	05kbN
4	3	8		פְּע֑וֹר	1187	HNp	056mC
4	3	9		כִּ֣י	3588 a	HC	05jug
4	3	10		כָל	3605	HNcmsc	05Vkq
4	3	11		הָ/אִ֗ישׁ	d/376	HTd/Ncmsa	05kRy
4	3	12		אֲשֶׁ֤ר	834 a	HTr	054Jr
4	3	13		הָלַךְ֙	1980	HVqp3ms	05AJD
4	3	14		אַחֲרֵ֣י	310 a	HR	05w7S
4	3	15		בַֽעַל	1187+	HNp	05bwc
4	3	16		פְּע֔וֹר	1187	HNp	05tSL
4	3	17		הִשְׁמִיד֛/וֹ	8045	HVhp3ms/Sp3ms	05HZZ
4	3	18		יְהוָ֥ה	3068	HNp	05Bo3
4	3	19		אֱלֹהֶ֖י/ךָ	430	HNcmpc/Sp2ms	05Mos
4	3	20		מִ/קִּרְבֶּֽ/ךָ	m/7130	HR/Ncmsc/Sp2ms	05JJB
4	4	1		וְ/אַתֶּם֙	c/859 d	HC/Pp2mp	05yAj
4	4	2		הַ/דְּבֵקִ֔ים	d/1695	HTd/Aampa	05Gon
4	4	3		בַּ/יהוָ֖ה	b/3068	HR/Np	05Fu4
4	4	4		אֱלֹהֵי/כֶ֑ם	430	HNcmpc/Sp2mp	05UxF
4	4	5		חַיִּ֥ים	2416 a	HAampa	05u5M
4	4	6		כֻּלְּ/כֶ֖ם	3605	HNcmsc/Sp2mp	05jQ2
4	4	7		הַ/יּֽוֹם	d/3117	HTd/Ncmsa	0526m
4	5	1		רְאֵ֣ה	7200	HVqv2ms	05pu5
4	5	2		לִמַּ֣דְתִּי	3925	HVpp1cs	05eof
4	5	3		אֶתְ/כֶ֗ם	853	HTo/Sp2mp	054Th
4	5	4		חֻקִּים֙	2706	HNcmpa	05x6W
4	5	5		וּ/מִשְׁפָּטִ֔ים	c/4941	HC/Ncmpa	05Dux
4	5	6		כַּ/אֲשֶׁ֥ר	k/834 d	HR/Tr	05txJ
4	5	7		צִוַּ֖/נִי	6680	HVpp3ms/Sp1cs	05pBm
4	5	8		יְהוָ֣ה	3068	HNp	05HLf
4	5	9		אֱלֹהָ֑/י	430	HNcmpc/Sp1cs	05gJx
4	5	10		לַ/עֲשׂ֣וֹת	l/6213 a	HR/Vqc	05rPn
4	5	11		כֵּ֔ן	3651 c	HTm	05BPG
4	5	12		בְּ/קֶ֣רֶב	b/7130	HR/Ncmsc	05jZJ
4	5	13		הָ/אָ֔רֶץ	d/776	HTd/Ncbsa	05xoW
4	5	14		אֲשֶׁ֥ר	834 a	HTr	05ZXZ
4	5	15		אַתֶּ֛ם	859 d	HPp2mp	05ybM
4	5	16		בָּאִ֥ים	935	HVqrmpa	05JT8
4	5	17		שָׁ֖מָּ/ה	8033	HD/Sd	05T2X
4	5	18		לְ/רִשְׁתָּֽ/הּ	l/3423	HR/Vqc/Sp3fs	052GL
4	6	1		וּ/שְׁמַרְתֶּם֮	c/8104	HC/Vqq2mp	05e2V
4	6	2		וַ/עֲשִׂיתֶם֒	c/6213 a	HC/Vqq2mp	05dGs
4	6	3		כִּ֣י	3588 a	HC	052Mh
4	6	4		הִ֤וא	1931	HPp3fs	05J1i
4	6	5		חָכְמַתְ/כֶם֙	2451	HNcfsc/Sp2mp	05xua
4	6	6		וּ/בִ֣ינַתְ/כֶ֔ם	c/998	HC/Ncfsc/Sp2mp	057BX
4	6	7		לְ/עֵינֵ֖י	l/5869 a	HR/Ncbdc	05mim
4	6	8		הָ/עַמִּ֑ים	d/5971 a	HTd/Ncmpa	05Hbd
4	6	9		אֲשֶׁ֣ר	834 a	HTr	05SSi
4	6	10		יִשְׁמְע֗וּ/ן	8085	HVqi3mp/Sn	05iS2
4	6	11		אֵ֚ת	853	HTo	05Ua3
4	6	12		כָּל	3605	HNcmsc	05X8d
4	6	13		הַ/חֻקִּ֣ים	d/2706	HTd/Ncmpa	05ASF
4	6	14		הָ/אֵ֔לֶּה	d/428	HTd/Pdxcp	05qNw
4	6	15		וְ/אָמְר֗וּ	c/559	HC/Vqq3cp	053PW
4	6	16		רַ֚ק	7535	HTa	05ZDB
4	6	17		עַם	5971 a	HNcmsa	05Fr5
4	6	18		חָכָ֣ם	2450	HAamsa	0531V
4	6	19		וְ/נָב֔וֹן	c/995	HC/VNrmsa	05iWv
4	6	20		הַ/גּ֥וֹי	d/1471 a	HTd/Ncmsa	05vzh
4	6	21		הַ/גָּד֖וֹל	d/1419 a	HTd/Aamsa	05G27
4	6	22		הַ/זֶּֽה	d/2088	HTd/Pdxms	05Jbv
4	7	1		כִּ֚י	3588 a	HC	05oWA
4	7	2		מִי	4310	HTi	05ZK9
4	7	3		ג֣וֹי	1471 a	HNcmsa	05yjm
4	7	4		גָּד֔וֹל	1419 a	HAamsa	05yxA
4	7	5		אֲשֶׁר	834 a	HTr	057ug
4	7	6		ל֥/וֹ	l	HR/Sp3ms	05PGz
4	7	7		אֱלֹהִ֖ים	430	HNcmpa	05wpp
4	7	8		קְרֹבִ֣ים	7138	HAampa	05PeV
4	7	9		אֵלָ֑י/ו	413	HR/Sp3ms	05zGh
4	7	10		כַּ/יהוָ֣ה	k/3068	HR/Np	058sY
4	7	11		אֱלֹהֵ֔י/נוּ	430	HNcmpc/Sp1cp	05Jdo
4	7	12		בְּ/כָּל	b/3605	HR/Ncmsc	056E3
4	7	13		קָרְאֵ֖/נוּ	7121	HVqc/Sp1cp	056P5
4	7	14		אֵלָֽי/ו	413	HR/Sp3ms	05apQ
4	8	1		וּ/מִי֙	c/4310	HC/Ti	05BqY
4	8	2		גּ֣וֹי	1471 a	HNcmsa	0549o
4	8	3		גָּד֔וֹל	1419 a	HAamsa	05fF6
4	8	4		אֲשֶׁר	834 a	HTr	0592K
4	8	5		ל֛/וֹ	l	HR/Sp3ms	05tGz
4	8	6		חֻקִּ֥ים	2706	HNcmpa	05YrC
4	8	7		וּ/מִשְׁפָּטִ֖ים	c/4941	HC/Ncmpa	05VrZ
4	8	8		צַדִּיקִ֑ם	6662	HAampa	05C6S
4	8	9		כְּ/כֹל֙	k/3605	HR/Ncmsc	05vxb
4	8	10		הַ/תּוֹרָ֣ה	d/8451	HTd/Ncfsa	05kjb
4	8	11		הַ/זֹּ֔את	d/2063	HTd/Pdxfs	052Vu
4	8	12		אֲשֶׁ֧ר	834 a	HTr	05L3Q
4	8	13		אָנֹכִ֛י	595	HPp1cs	05HGZ
4	8	14		נֹתֵ֥ן	5414	HVqrmsa	0564C
4	8	15		לִ/פְנֵי/כֶ֖ם	l/6440	HR/Ncbpc/Sp2mp	056RY
4	8	16		הַ/יּֽוֹם	d/3117	HTd/Ncmsa	05fA1
4	9	1		רַ֡ק	7535	HTa	05pXr
4	9	2		הִשָּׁ֣מֶר	8104	HVNv2ms	05WEX
4	9	3		לְ/ךָ֩	l	HR/Sp2ms	05e9D
4	9	4		וּ/שְׁמֹ֨ר	c/8104	HC/Vqv2ms	05peZ
4	9	5		נַפְשְׁ/ךָ֜	5315	HNcbsc/Sp2ms	05CNe
4	9	6		מְאֹ֗ד	3966	HD	05nm5
4	9	7		פֶּן	6435	HC	05orh
4	9	8		תִּשְׁכַּ֨ח	7911	HVqi2ms	05Acg
4	9	9		אֶת	853	HTo	05D85
4	9	10		הַ/דְּבָרִ֜ים	d/1697	HTd/Ncmpa	05BUn
4	9	11		אֲשֶׁר	834 a	HTr	05UF1
4	9	12		רָא֣וּ	7200	HVqp3cp	05zco
4	9	13		עֵינֶ֗י/ךָ	5869 a	HNcbdc/Sp2ms	05GBT
4	9	14		וּ/פֶן	c/6435	HC/C	05h66
4	9	15		יָס֨וּרוּ֙	5493	HVqi3mp	056Dk
4	9	16		מִ/לְּבָ֣בְ/ךָ֔	m/3824	HR/Ncmsc/Sp2mp	05r7r
4	9	17		כֹּ֖ל	3605	HNcmsc	05oJg
4	9	18		יְמֵ֣י	3117	HNcmpc	05me1
4	9	19		חַיֶּ֑י/ךָ	2416 e	HNcmpc/Sp2ms	05oxa
4	9	20		וְ/הוֹדַעְתָּ֥/ם	c/3045	HC/Vhq2ms/Sp3mp	05YiJ
4	9	21		לְ/בָנֶ֖י/ךָ	l/1121 a	HR/Ncmpc/Sp2ms	05Ypk
4	9	22		וְ/לִ/בְנֵ֥י	c/l/1121 a	HC/R/Ncmpc	05C33
4	9	23		בָנֶֽי/ךָ	1121 a	HNcmpc/Sp2ms	05W8V
4	10	1		י֗וֹם	3117	HNcmsa	052Z4
4	10	2		אֲשֶׁ֨ר	834 a	HTr	05uX2
4	10	3		עָמַ֜דְתָּ	5975	HVqp2ms	05TPk
4	10	4		לִ/פְנֵ֨י	l/6440	HR/Ncbpc	05hdw
4	10	5		יְהוָ֣ה	3068	HNp	05LaJ
4	10	6		אֱלֹהֶי/ךָ֮	430	HNcmpc/Sp2ms	05ZkJ
4	10	7		בְּ/חֹרֵב֒	b/2722	HR/Np	05rrP
4	10	8		בֶּ/אֱמֹ֨ר	b/559	HR/Vqc	05fqW
4	10	9		יְהוָ֜ה	3068	HNp	05sNS
4	10	10		אֵלַ֗/י	413	HR/Sp1cs	05Rij
4	10	11		הַקְהֶל	6950	HVhv2ms	05rq9
4	10	12		לִ/י֙	l	HR/Sp1cs	052pQ
4	10	13		אֶת	853	HTo	05hDH
4	10	14		הָ/עָ֔ם	d/5971 a	HTd/Ncmsa	05zCX
4	10	15		וְ/אַשְׁמִעֵ֖/ם	c/8085	HC/Vhi1cs/Sp3mp	05BTq
4	10	16		אֶת	853	HTo	05qmD
4	10	17		דְּבָרָ֑/י	1697	HNcmpc/Sp1cs	05T54
4	10	18		אֲשֶׁ֨ר	834 a	HTr	05KK7
4	10	19		יִלְמְד֜וּ/ן	3925	HVqi3mp/Sn	05xrB
4	10	20		לְ/יִרְאָ֣ה	l/3372	HR/Vqc	052tb
4	10	21		אֹתִ֗/י	853	HTo/Sp1cs	05AAU
4	10	22		כָּל	3605	HNcmsc	05fKo
4	10	23		הַ/יָּמִים֙	d/3117	HTd/Ncmpa	05hrP
4	10	24		אֲשֶׁ֨ר	834 a	HTr	05NXB
4	10	25		הֵ֤ם	1992	HPp3mp	05cv9
4	10	26		חַיִּים֙	2416 a	HAampa	058HL
4	10	27		עַל	5921 a	HR	05sDr
4	10	28		הָ֣/אֲדָמָ֔ה	d/127	HTd/Ncfsa	05Xyc
4	10	29		וְ/אֶת	c/853	HC/To	05nYo
4	10	30		בְּנֵי/הֶ֖ם	1121 a	HNcmpc/Sp3mp	05pow
4	10	31		יְלַמֵּדֽוּ/ן	3925	HVpi3mp/Sn	05j9W
4	11	1		וַ/תִּקְרְב֥וּ/ן	c/7126	HC/Vqw2mp/Sn	05c3J
4	11	2		וַ/תַּֽעַמְד֖וּ/ן	c/5975	HC/Vqw2mp/Sn	05a5b
4	11	3		תַּ֣חַת	8478	HR	05wEY
4	11	4		הָ/הָ֑ר	d/2022	HTd/Ncmsa	05EQ4
4	11	5		וְ/הָ/הָ֞ר	c/d/2022	HC/Td/Ncmsa	05avL
4	11	6		בֹּעֵ֤ר	1197 a	HVqrmsa	057ej
4	11	7		בָּ/אֵשׁ֙	b/784	HRd/Ncbsa	05amD
4	11	8		עַד	5704	HR	05VUr
4	11	9		לֵ֣ב	3820 a	HNcmsc	05yB6
4	11	10		הַ/שָּׁמַ֔יִם	d/8064	HTd/Ncmpa	05c5N
4	11	11		חֹ֖שֶׁךְ	2822	HNcmsa	05T55
4	11	12		עָנָ֥ן	6051	HNcmsa	05peT
4	11	13		וַ/עֲרָפֶֽל	c/6205	HC/Ncmsa	05Ksj
4	12	1		וַ/יְדַבֵּ֧ר	c/1696	HC/Vpw3ms	05Z3e
4	12	2		יְהוָ֛ה	3068	HNp	05Kzf
4	12	3		אֲלֵי/כֶ֖ם	413	HR/Sp2mp	05orc
4	12	4		מִ/תּ֣וֹךְ	m/8432	HR/Ncmsc	0562Y
4	12	5		הָ/אֵ֑שׁ	d/784	HTd/Ncbsa	05k5t
4	12	6		ק֤וֹל	6963 a	HNcmsc	05KZM
4	12	7		דְּבָרִים֙	1697	HNcmpa	05rez
4	12	8		אַתֶּ֣ם	859 d	HPp2mp	05HUJ
4	12	9		שֹׁמְעִ֔ים	8085	HVqrmpa	05psq
4	12	10		וּ/תְמוּנָ֛ה	c/8544	HC/Ncfsa	05WRG
4	12	11		אֵינְ/כֶ֥ם	369	HTn/Sp2mp	05wbu
4	12	12		רֹאִ֖ים	7200	HVqrmpa	05Bav
4	12	13		זוּלָתִ֥י	2108	HR	05GVi
4	12	14		קֽוֹל	6963 a	HNcmsa	05Csn
4	13	1		וַ/יַּגֵּ֨ד	c/5046	HC/Vhw3ms	05R9z
4	13	2		לָ/כֶ֜ם	l	HR/Sp2mp	05tn3
4	13	3		אֶת	853	HTo	05uiF
4	13	4		בְּרִית֗/וֹ	1285	HNcfsc/Sp3ms	05hmQ
4	13	5		אֲשֶׁ֨ר	834 a	HTr	05pj9
4	13	6		צִוָּ֤ה	6680	HVpp3ms	05gza
4	13	7		אֶתְ/כֶם֙	853	HTo/Sp2mp	05nh4
4	13	8		לַ/עֲשׂ֔וֹת	l/6213 a	HR/Vqc	05yip
4	13	9		עֲשֶׂ֖רֶת	6235	HAcmsc	05yhX
4	13	10		הַ/דְּבָרִ֑ים	d/1697	HTd/Ncmpa	05Rr8
4	13	11		וַֽ/יִּכְתְּבֵ֔/ם	c/3789	HC/Vqw3ms/Sp3mp	05q3q
4	13	12		עַל	5921 a	HR	05zBj
4	13	13		שְׁנֵ֖י	8147	HAcmdc	05mM8
4	13	14		לֻח֥וֹת	3871	HNcmpc	05Boi
4	13	15		אֲבָנִֽים	68	HNcfpa	059tu
4	14	1		וְ/אֹתִ֞/י	c/853	HC/To/Sp1cs	05cJ2
4	14	2		צִוָּ֤ה	6680	HVpp3ms	05qwa
4	14	3		יְהוָה֙	3068	HNp	05U6p
4	14	4		בָּ/עֵ֣ת	b/6256	HRd/Ncbsa	05gi1
4	14	5		הַ/הִ֔וא	d/1931	HTd/Pp3fs	05zuP
4	14	6		לְ/לַמֵּ֣ד	l/3925	HR/Vpc	05RH3
4	14	7		אֶתְ/כֶ֔ם	853	HTo/Sp2mp	05tap
4	14	8		חֻקִּ֖ים	2706	HNcmpa	05dpu
4	14	9		וּ/מִשְׁפָּטִ֑ים	c/4941	HC/Ncmpa	05bEm
4	14	10		לַ/עֲשֹׂתְ/כֶ֣ם	l/6213 a	HR/Vqc/Sp2mp	05jsC
4	14	11		אֹתָ֔/ם	853	HTo/Sp3mp	05VLV
4	14	12		בָּ/אָ֕רֶץ	b/776	HRd/Ncbsa	05RYi
4	14	13		אֲשֶׁ֥ר	834 a	HTr	05VMS
4	14	14		אַתֶּ֛ם	859 d	HPp2mp	05WwP
4	14	15		עֹבְרִ֥ים	5674 a	HVqrmpa	059hJ
4	14	16		שָׁ֖מָּ/ה	8033	HD/Sd	05wDc
4	14	17		לְ/רִשְׁתָּֽ/הּ	l/3423	HR/Vqc/Sp3fs	051ME
4	15	1		וְ/נִשְׁמַרְתֶּ֥ם	c/8104	HC/VNq2mp	05bxs
4	15	2		מְאֹ֖ד	3966	HD	05Eya
4	15	3		לְ/נַפְשֹׁתֵי/כֶ֑ם	l/5315	HR/Ncbpc/Sp2mp	05bTU
4	15	4		כִּ֣י	3588 a	HC	05Wzj
4	15	5		לֹ֤א	3808	HTn	05xVG
4	15	6		רְאִיתֶם֙	7200	HVqp2mp	05Ehm
4	15	7		כָּל	3605	HNcmsc	05CAK
4	15	8		תְּמוּנָ֔ה	8544	HNcfsa	05o3f
4	15	9		בְּ/י֗וֹם	b/3117	HR/Ncmsc	05e88
4	15	10		דִּבֶּ֨ר	1696	HVpp3ms	05f25
4	15	11		יְהוָ֧ה	3068	HNp	05Hww
4	15	12		אֲלֵי/כֶ֛ם	413	HR/Sp2mp	05TVz
4	15	13		בְּ/חֹרֵ֖ב	b/2722	HR/Np	05LRb
4	15	14		מִ/תּ֥וֹךְ	m/8432	HR/Ncmsc	05HAt
4	15	15		הָ/אֵֽשׁ	d/784	HTd/Ncbsa	05nGv
4	16	1		פֶּ֨ן	6435	HC	05iiv
4	16	2		תַּשְׁחִת֔וּ/ן	7843	HVhi2mp/Sn	05CVL
4	16	3		וַ/עֲשִׂיתֶ֥ם	c/6213 a	HC/Vqq2mp	059vz
4	16	4		לָ/כֶ֛ם	l	HR/Sp2mp	05NTb
4	16	5		פֶּ֖סֶל	6459	HNcmsa	05cvb
4	16	6		תְּמוּנַ֣ת	8544	HNcfsc	05B7J
4	16	7		כָּל	3605	HNcmsc	05XBu
4	16	8		סָ֑מֶל	5566	HNcmsa	05uMM
4	16	9		תַּבְנִ֥ית	8403	HNcfsc	05XBy
4	16	10		זָכָ֖ר	2145	HAamsa	05Gch
4	16	11		א֥וֹ	176 a	HC	05tZs
4	16	12		נְקֵבָֽה	5347	HNcfsa	05Sx5
4	17	1		תַּבְנִ֕ית	8403	HNcfsc	05mYa
4	17	2		כָּל	3605	HNcmsc	05Fc9
4	17	3		בְּהֵמָ֖ה	929	HNcfsa	0563V
4	17	4		אֲשֶׁ֣ר	834 a	HTr	05xVx
4	17	5		בָּ/אָ֑רֶץ	b/776	HRd/Ncbsa	05ZMa
4	17	6		תַּבְנִית֙	8403	HNcfsc	05K9n
4	17	7		כָּל	3605	HNcmsc	05rsj
4	17	8		צִפּ֣וֹר	6833	HNcbsc	05QzN
4	17	9		כָּנָ֔ף	3671	HNcfsa	05zQg
4	17	10		אֲשֶׁ֥ר	834 a	HTr	05s54
4	17	11		תָּע֖וּף	5774 a	HVqi3fs	05ZxQ
4	17	12		בַּ/שָּׁמָֽיִם	b/8064	HRd/Ncmpa	05mBQ
4	18	1		תַּבְנִ֕ית	8403	HNcfsc	05kmu
4	18	2		כָּל	3605	HNcmsc	05Rpd
4	18	3		רֹמֵ֖שׂ	7430	HVqrmsa	052xG
4	18	4		בָּ/אֲדָמָ֑ה	b/127	HRd/Ncfsa	05ex2
4	18	5		תַּבְנִ֛ית	8403	HNcfsc	053VA
4	18	6		כָּל	3605	HNcmsc	05XVR
4	18	7		דָּגָ֥ה	1710	HNcfsa	05Lx1
4	18	8		אֲשֶׁר	834 a	HTr	057zA
4	18	9		בַּ/מַּ֖יִם	b/4325	HRd/Ncmpa	05bE4
4	18	10		מִ/תַּ֥חַת	m/8478	HR/R	05qcU
4	18	11		לָ/אָֽרֶץ	l/776	HRd/Ncbsa	058e9
4	19	1		וּ/פֶן	c/6435	HC/C	05iuc
4	19	2		תִּשָּׂ֨א	5375	HVqi2ms	054pW
4	19	3		עֵינֶ֜י/ךָ	5869 a	HNcbdc/Sp2ms	05tDy
4	19	4		הַ/שָּׁמַ֗יְמָ/ה	d/8064	HTd/Ncmpa/Sd	05NLe
4	19	5		וְֽ֠/רָאִיתָ	c/7200	HC/Vqq2ms	05GtD
4	19	6		אֶת	853	HTo	05mwz
4	19	7		הַ/שֶּׁ֨מֶשׁ	d/8121	HTd/Ncbsa	05v4c
4	19	8		וְ/אֶת	c/853	HC/To	05SkK
4	19	9		הַ/יָּרֵ֜חַ	d/3394	HTd/Ncmsa	055xn
4	19	10		וְ/אֶת	c/853	HC/To	05U8y
4	19	11		הַ/כּֽוֹכָבִ֗ים	d/3556	HTd/Ncmpa	05G3b
4	19	12		כֹּ֚ל	3605	HNcmsc	05i4K
4	19	13		צְבָ֣א	6635 a	HNcbsc	05Vhq
4	19	14		הַ/שָּׁמַ֔יִם	d/8064	HTd/Ncmpa	058w5
4	19	15		וְ/נִדַּחְתָּ֛	c/5080	HC/VNq2ms	05XKu
4	19	16		וְ/הִשְׁתַּחֲוִ֥יתָ	c/7812	HC/Vvq2ms	05N3Z
4	19	17		לָ/הֶ֖ם	l	HR/Sp3mp	0572P
4	19	18		וַ/עֲבַדְתָּ֑/ם	c/5647	HC/Vqq2ms/Sp3mp	05u1j
4	19	19		אֲשֶׁ֨ר	834 a	HTr	05DBw
4	19	20		חָלַ֜ק	2505 a	HVqp3ms	05KyH
4	19	21		יְהוָ֤ה	3068	HNp	05sK9
4	19	22		אֱלֹהֶ֨י/ךָ֙	430	HNcmpc/Sp2ms	05soG
4	19	23		אֹתָ֔/ם	853	HTo/Sp3mp	05Ggv
4	19	24		לְ/כֹל֙	l/3605	HR/Ncmsc	05NRv
4	19	25		הָֽ/עַמִּ֔ים	d/5971 a	HTd/Ncmpa	05fdT
4	19	26		תַּ֖חַת	8478	HR	05qex
4	19	27		כָּל	3605	HNcmsc	05GE5
4	19	28		הַ/שָּׁמָֽיִם	d/8064	HTd/Ncmpa	054oz
4	20	1		וְ/אֶתְ/כֶם֙	c/853	HC/To/Sp2mp	056kG
4	20	2		לָקַ֣ח	3947	HVqp3ms	05Wuj
4	20	3		יְהוָ֔ה	3068	HNp	056jv
4	20	4		וַ/יּוֹצִ֥א	c/3318	HC/Vhw3ms	05WSR
4	20	5		אֶתְ/כֶ֛ם	853	HTo/Sp2mp	05xRq
4	20	6		מִ/כּ֥וּר	m/3564	HR/Ncmsc	05xiv
4	20	7		הַ/בַּרְזֶ֖ל	d/1270	HTd/Ncmsa	05Vhb
4	20	8		מִ/מִּצְרָ֑יִם	m/4714	HR/Np	05Kra
4	20	9		לִ/הְי֥וֹת	l/1961	HR/Vqc	05FB9
4	20	10		ל֛/וֹ	l	HR/Sp3ms	05WPN
4	20	11		לְ/עַ֥ם	l/5971 a	HR/Ncmsc	05zbb
4	20	12		נַחֲלָ֖ה	5159	HNcfsa	05W6k
4	20	13		כַּ/יּ֥וֹם	k/3117	HRd/Ncmsa	05dcc
4	20	14		הַ/זֶּֽה	d/2088	HTd/Pdxms	053fz
4	21	1		וַֽ/יהוָ֥ה	c/3068	HC/Np	05pV4
4	21	2		הִתְאַנֶּף	599	HVtp3ms	05K76
4	21	3		בִּ֖/י	b	HR/Sp1cs	05Xvh
4	21	4		עַל	5921 a	HR	05F23
4	21	5		דִּבְרֵי/כֶ֑ם	1697	HNcmpc/Sp2mp	05t9z
4	21	6		וַ/יִּשָּׁבַ֗ע	c/7650	HC/VNw3ms	05whu
4	21	7		לְ/בִלְתִּ֤י	l/1115	HR/C	05ose
4	21	8		עָבְרִ/י֙	5674 a	HVqc/Sp1cs	05min
4	21	9		אֶת	853	HTo	05iic
4	21	10		הַ/יַּרְדֵּ֔ן	d/3383	HTd/Np	05uQX
4	21	11		וּ/לְ/בִלְתִּי	c/l/1115	HC/R/C	05fqr
4	21	12		בֹא֙	935	HVqc	05gRQ
4	21	13		אֶל	413	HR	05oC6
4	21	14		הָ/אָ֣רֶץ	d/776	HTd/Ncbsa	05AB9
4	21	15		הַ/טּוֹבָ֔ה	d/2896 a	HTd/Aafsa	056Bi
4	21	16		אֲשֶׁר֙	834 a	HTr	05TKQ
4	21	17		יְהוָ֣ה	3068	HNp	05sX9
4	21	18		אֱלֹהֶ֔י/ךָ	430	HNcmpc/Sp2ms	05CNX
4	21	19		נֹתֵ֥ן	5414	HVqrmsa	055Jx
4	21	20		לְ/ךָ֖	l	HR/Sp2ms	05K8B
4	21	21		נַחֲלָֽה	5159	HNcfsa	05qTM
4	22	1		כִּ֣י	3588 a	HC	05kST
4	22	2		אָנֹכִ֥י	595	HPp1cs	059ok
4	22	3		מֵת֙	4191	HVqrmsa	05G8f
4	22	4		בָּ/אָ֣רֶץ	b/776	HRd/Ncbsa	05bjL
4	22	5		הַ/זֹּ֔את	d/2063	HTd/Pdxfs	05ant
4	22	6		אֵינֶ֥/נִּי	369	HTn/Sp1cs	054aq
4	22	7		עֹבֵ֖ר	5674 a	HVqrmsa	05xLT
4	22	8		אֶת	853	HTo	05fns
4	22	9		הַ/יַּרְדֵּ֑ן	d/3383	HTd/Np	05p9L
4	22	10		וְ/אַתֶּם֙	c/859 d	HC/Pp2mp	05ZUC
4	22	11		עֹֽבְרִ֔ים	5674 a	HVqrmpa	05JCj
4	22	12		וִֽ/ירִשְׁתֶּ֕ם	c/3423	HC/Vqq2mp	05cTb
4	22	13		אֶת	853	HTo	05EZX
4	22	14		הָ/אָ֥רֶץ	d/776	HTd/Ncbsa	05Y8E
4	22	15		הַ/טּוֹבָ֖ה	d/2896 a	HTd/Aafsa	05WfP
4	22	16		הַ/זֹּֽאת	d/2063	HTd/Pdxfs	05EHX
4	23	1		הִשָּׁמְר֣וּ	8104	HVNv2mp	05htV
4	23	2		לָ/כֶ֗ם	l	HR/Sp2mp	05dnq
4	23	3		פֶּֽן	6435	HC	05Bfr
4	23	4		תִּשְׁכְּחוּ֙	7911	HVqi2mp	05n3U
4	23	5		אֶת	853	HTo	05UYs
4	23	6		בְּרִ֤ית	1285	HNcfsc	05T4t
4	23	7		יְהוָה֙	3068	HNp	05CXn
4	23	8		אֱלֹ֣הֵי/כֶ֔ם	430	HNcmpc/Sp2mp	05eoV
4	23	9		אֲשֶׁ֥ר	834 a	HTr	05z2s
4	23	10		כָּרַ֖ת	3772	HVqp3ms	05eW4
4	23	11		עִמָּ/כֶ֑ם	5973 a	HR/Sp2mp	05Kox
4	23	12		וַ/עֲשִׂיתֶ֨ם	c/6213 a	HC/Vqq2mp	05RGB
4	23	13		לָ/כֶ֥ם	l	HR/Sp2mp	05Upn
4	23	14		פֶּ֨סֶל֙	6459	HNcmsa	05dXz
4	23	15		תְּמ֣וּנַת	8544	HNcfsc	05Bbn
4	23	16		כֹּ֔ל	3605	HNcmsa	051Zv
4	23	17		אֲשֶׁ֥ר	834 a	HTr	05TB4
4	23	18		צִוְּ/ךָ֖	6680	HVpp3ms/Sp2ms	05oG9
4	23	19		יְהוָ֥ה	3068	HNp	05prm
4	23	20		אֱלֹהֶֽי/ךָ	430	HNcmpc/Sp2ms	05rwi
4	24	1		כִּ֚י	3588 a	HC	05EAA
4	24	2		יְהוָ֣ה	3068	HNp	05LxY
4	24	3		אֱלֹהֶ֔י/ךָ	430	HNcmpc/Sp2ms	05Frb
4	24	4		אֵ֥שׁ	784	HNcbsa	05HJn
4	24	5		אֹכְלָ֖ה	398	HVqrfsa	05LuD
4	24	6		ה֑וּא	1931	HPp3ms	05XnL
4	24	7		אֵ֖ל	410	HNcmsa	05sUy
4	24	8		קַנָּֽא	7067	HAamsa	057nT
4	25	1		כִּֽי	3588 a	HC	05yyf
4	25	2		תוֹלִ֤יד	3205	HVhi2ms	054Zw
4	25	3		בָּנִים֙	1121 a	HNcmpa	05JqE
4	25	4		וּ/בְנֵ֣י	c/1121 a	HC/Ncmpc	05rnt
4	25	5		בָנִ֔ים	1121 a	HNcmpa	05DiF
4	25	6		וְ/נוֹשַׁנְתֶּ֖ם	c/3462	HC/VNq2mp	05eUy
4	25	7		בָּ/אָ֑רֶץ	b/776	HRd/Ncbsa	05Vak
4	25	8		וְ/הִשְׁחַתֶּ֗ם	c/7843	HC/Vhq2mp	05oiN
4	25	9		וַ/עֲשִׂ֤יתֶם	c/6213 a	HC/Vqq2mp	05vnQ
4	25	10		פֶּ֨סֶל֙	6459	HNcmsa	05gEr
4	25	11		תְּמ֣וּנַת	8544	HNcfsc	05WLF
4	25	12		כֹּ֔ל	3605	HNcmsa	05wGZ
4	25	13		וַ/עֲשִׂיתֶ֥ם	c/6213 a	HC/Vqq2mp	05HVd
4	25	14		הָ/רַ֛ע	d/7451 a	HTd/Aamsa	05Fze
4	25	15		בְּ/עֵינֵ֥י	b/5869 a	HR/Ncbdc	05ZHY
4	25	16		יְהוָֽה	3068	HNp	051sU
4	25	17		אֱלֹהֶ֖י/ךָ	430	HNcmpc/Sp2ms	05CGv
4	25	18		לְ/הַכְעִיסֽ/וֹ	l/3707	HR/Vhc/Sp3ms	05xTA
4	26	1		הַעִידֹתִי֩	5749 b	HVhp1cs	05isH
4	26	2		בָ/כֶ֨ם	b	HR/Sp2mp	05nJS
4	26	3		הַ/יּ֜וֹם	d/3117	HTd/Ncmsa	05cUx
4	26	4		אֶת	853	HTo	05a6i
4	26	5		הַ/שָּׁמַ֣יִם	d/8064	HTd/Ncmpa	05Jfc
4	26	6		וְ/אֶת	c/853	HC/To	05hEY
4	26	7		הָ/אָ֗רֶץ	d/776	HTd/Ncbsa	05ijZ
4	26	8		כִּֽי	3588 a	HC	05u83
4	26	9		אָבֹ֣ד	6	HVqa	05NzX
4	26	10		תֹּאבֵדוּ/ן֮	6	HVqi2mp/Sn	0517r
4	26	11		מַהֵר֒	4118 b	HVpa	05ZU1
4	26	12		מֵ/עַ֣ל	m/5921 a	HR/R	05otL
4	26	13		הָ/אָ֔רֶץ	d/776	HTd/Ncbsa	05um7
4	26	14		אֲשֶׁ֨ר	834 a	HTr	05KjJ
4	26	15		אַתֶּ֜ם	859 d	HPp2mp	05fiM
4	26	16		עֹבְרִ֧ים	5674 a	HVqrmpa	05dcf
4	26	17		אֶת	853	HTo	05KEb
4	26	18		הַ/יַּרְדֵּ֛ן	d/3383	HTd/Np	05hC2
4	26	19		שָׁ֖מָּ/ה	8033	HD/Sd	054fq
4	26	20		לְ/רִשְׁתָּ֑/הּ	l/3423	HR/Vqc/Sp3fs	05sEG
4	26	21		לֹֽא	3808	HTn	05HuD
4	26	22		תַאֲרִיכֻ֤/ן	748	HVhi2mp/Sn	053KB
4	26	23		יָמִים֙	3117	HNcmpa	05q7m
4	26	24		עָלֶ֔י/הָ	5921 a	HR/Sp3fs	05bTg
4	26	25		כִּ֥י	3588 a	HC	05Aw1
4	26	26		הִשָּׁמֵ֖ד	8045	HVNa	05AqN
4	26	27		תִּשָּׁמֵדֽוּ/ן	8045	HVNi2mp/Sn	0576m
4	27	1		וְ/הֵפִ֧יץ	c/6327 a	HC/Vhq3ms	056a2
4	27	2		יְהוָ֛ה	3068	HNp	05g5k
4	27	3		אֶתְ/כֶ֖ם	853	HTo/Sp2mp	05wJN
4	27	4		בָּ/עַמִּ֑ים	b/5971 a	HRd/Ncmpa	05bGZ
4	27	5		וְ/נִשְׁאַרְתֶּם֙	c/7604	HC/VNq2mp	05pX4
4	27	6		מְתֵ֣י	4962	HNcmpc	05J7k
4	27	7		מִסְפָּ֔ר	4557	HNcmsa	05AuP
4	27	8		בַּ/גּוֹיִ֕ם	b/1471 a	HRd/Ncmpa	05syM
4	27	9		אֲשֶׁ֨ר	834 a	HTr	05ayp
4	27	10		יְנַהֵ֧ג	5090 a	HVpi3ms	05zG9
4	27	11		יְהוָ֛ה	3068	HNp	05DUx
4	27	12		אֶתְ/כֶ֖ם	853	HTo/Sp2mp	05G26
4	27	13		שָֽׁמָּ/ה	8033	HD/Sd	05r7o
4	28	1		וַ/עֲבַדְתֶּם	c/5647	HC/Vqq2mp	05kDi
4	28	2		שָׁ֣ם	8033	HD	05VnV
4	28	3		אֱלֹהִ֔ים	430	HNcmpa	05J24
4	28	4		מַעֲשֵׂ֖ה	4639	HNcmsc	05s9A
4	28	5		יְדֵ֣י	3027	HNcbdc	05vhV
4	28	6		אָדָ֑ם	120	HNcmsa	05kFL
4	28	7		עֵ֣ץ	6086	HNcmsa	05xfx
4	28	8		וָ/אֶ֔בֶן	c/68	HC/Ncfsa	05aHo
4	28	9		אֲשֶׁ֤ר	834 a	HTr	05pSV
4	28	10		לֹֽא	3808	HTn	05LrK
4	28	11		יִרְאוּ/ן֙	7200	HVqi3mp/Sn	053sH
4	28	12		וְ/לֹ֣א	c/3808	HC/Tn	05vzR
4	28	13		יִשְׁמְע֔וּ/ן	8085	HVqi3mp/Sn	05ZCZ
4	28	14		וְ/לֹ֥א	c/3808	HC/Tn	05SJf
4	28	15		יֹֽאכְל֖וּ/ן	398	HVqi3mp/Sn	05wVm
4	28	16		וְ/לֹ֥א	c/3808	HC/Tn	05Qmg
4	28	17		יְרִיחֻֽ/ן	7306	HVhi3mp/Sn	05n9A
4	29	1		וּ/בִקַּשְׁתֶּ֥ם	c/1245	HC/Vpq2mp	05dXa
4	29	2		מִ/שָּׁ֛ם	m/8033	HR/D	059Nr
4	29	3		אֶת	853	HTo	05FSa
4	29	4		יְהוָ֥ה	3068	HNp	051UN
4	29	5		אֱלֹהֶ֖י/ךָ	430	HNcmpc/Sp2ms	05cin
4	29	6		וּ/מָצָ֑אתָ	c/4672	HC/Vqq2ms	05bE5
4	29	7		כִּ֣י	3588 a	HC	05qW4
4	29	8		תִדְרְשֶׁ֔/נּוּ	1875	HVqi2ms/Sp3ms	05S49
4	29	9		בְּ/כָל	b/3605	HR/Ncmsc	05TSp
4	29	10		לְבָבְ/ךָ֖	3824	HNcmsc/Sp2ms	05Vea
4	29	11		וּ/בְ/כָל	c/b/3605	HC/R/Ncmsc	05Ca6
4	29	12		נַפְשֶֽׁ/ךָ	5315	HNcbsc/Sp2ms	05tEM
4	30	1		בַּ/צַּ֣ר	b/6862 b	HRd/Aamsa	05qkk
4	30	2		לְ/ךָ֔	l	HR/Sp2ms	05CTn
4	30	3		וּ/מְצָא֕וּ/ךָ	c/4672	HC/Vqq3cp/Sp2ms	05EJ6
4	30	4		כֹּ֖ל	3605	HNcmsc	05bDE
4	30	5		הַ/דְּבָרִ֣ים	d/1697	HTd/Ncmpa	05Q8d
4	30	6		הָ/אֵ֑לֶּה	d/428	HTd/Pdxcp	05vNa
4	30	7		בְּ/אַחֲרִית֙	b/319	HR/Ncfsc	053VZ
4	30	8		הַ/יָּמִ֔ים	d/3117	HTd/Ncmpa	05WTF
4	30	9		וְ/שַׁבְתָּ֙	c/7725	HC/Vqq2ms	05Cbt
4	30	10		עַד	5704	HR	05cnB
4	30	11		יְהוָ֣ה	3068	HNp	05dS2
4	30	12		אֱלֹהֶ֔י/ךָ	430	HNcmpc/Sp2ms	05ckH
4	30	13		וְ/שָׁמַעְתָּ֖	c/8085	HC/Vqq2ms	05rGf
4	30	14		בְּ/קֹלֽ/וֹ	b/6963 a	HR/Ncmsc/Sp3ms	05NLP
4	31	1		כִּ֣י	3588 a	HC	05aVA
4	31	2		אֵ֤ל	410	HNcmsa	05FZ7
4	31	3		רַחוּם֙	7349	HAamsa	05ML5
4	31	4		יְהוָ֣ה	3068	HNp	05vua
4	31	5		אֱלֹהֶ֔י/ךָ	430	HNcmpc/Sp2ms	05v3n
4	31	6		לֹ֥א	3808	HTn	05zNk
4	31	7		יַרְפְּ/ךָ֖	7503	HVhi3ms/Sp2ms	05W9D
4	31	8		וְ/לֹ֣א	c/3808	HC/Tn	05yYE
4	31	9		יַשְׁחִיתֶ֑/ךָ	7843	HVhi3ms/Sp2ms	05Aok
4	31	10		וְ/לֹ֤א	c/3808	HC/Tn	05uxn
4	31	11		יִשְׁכַּח֙	7911	HVqi3ms	057cw
4	31	12		אֶת	853	HTo	05JhN
4	31	13		בְּרִ֣ית	1285	HNcfsc	052Xh
4	31	14		אֲבֹתֶ֔י/ךָ	1	HNcmpc/Sp2ms	05oMP
4	31	15		אֲשֶׁ֥ר	834 a	HTr	05fMQ
4	31	16		נִשְׁבַּ֖ע	7650	HVNp3ms	05ngx
4	31	17		לָ/הֶֽם	l	HR/Sp3mp	059eB
4	32	1		כִּ֣י	3588 a	HC	05cbT
4	32	2		שְׁאַל	7592	HVqv2ms	05u2m
4	32	3		נָא֩	4994	HTe	05mwg
4	32	4		לְ/יָמִ֨ים	l/3117	HR/Ncmpa	05YcV
4	32	5		רִֽאשֹׁנִ֜ים	7223	HAampa	05Yny
4	32	6		אֲשֶׁר	834 a	HTr	05orY
4	32	7		הָי֣וּ	1961	HVqp3cp	052jV
4	32	8		לְ/פָנֶ֗י/ךָ	l/6440	HR/Ncbpc/Sp2ms	05w3o
4	32	9		לְ/מִן	l/4480 a	HR/R	05qch
4	32	10		הַ/יּוֹם֙	d/3117	HTd/Ncmsa	05VmY
4	32	11		אֲשֶׁר֩	834 a	HTr	05uLw
4	32	12		בָּרָ֨א	1254 a	HVqp3ms	05eWY
4	32	13		אֱלֹהִ֤ים	430	HNcmpa	05BaQ
4	32	14		אָדָם֙	120	HNcmsa	0598x
4	32	15		עַל	5921 a	HR	05jFf
4	32	16		הָ/אָ֔רֶץ	d/776	HTd/Ncbsa	05GR3
4	32	17		וּ/לְ/מִ/קְצֵ֥ה	c/l/m/7097 a	HC/R/R/Ncbsc	05qQN
4	32	18		הַ/שָּׁמַ֖יִם	d/8064	HTd/Ncmpa	05aee
4	32	19		וְ/עַד	c/5704	HC/R	05CqB
4	32	20		קְצֵ֣ה	7097 a	HNcbsc	05UWF
4	32	21		הַ/שָּׁמָ֑יִם	d/8064	HTd/Ncmpa	052Ha
4	32	22		הֲ/נִֽהְיָ֗ה	i/1961	HTi/VNp3ms	05EnP
4	32	23		כַּ/דָּבָ֤ר	k/1697	HRd/Ncmsa	05nb6
4	32	24		הַ/גָּדוֹל֙	d/1419 a	HTd/Aamsa	05YMF
4	32	25		הַ/זֶּ֔ה	d/2088	HTd/Pdxms	05BAm
4	32	26		א֖וֹ	176 a	HC	05xLv
4	32	27		הֲ/נִשְׁמַ֥ע	i/8085	HTi/VNp3ms	05ENs
4	32	28		כָּמֹֽ/הוּ	3644	HR/Sp3ms	05f29
4	33	1		הֲ/שָׁ֣מַֽע	i/8085	HTi/Vqp3ms	05nbb
4	33	2		עָם֩	5971 a	HNcmsa	053zy
4	33	3		ק֨וֹל	6963 a	HNcmsc	05UBC
4	33	4		אֱלֹהִ֜ים	430	HNcmpa	052Bp
4	33	5		מְדַבֵּ֧ר	1696	HVprmsa	05YVx
4	33	6		מִ/תּוֹךְ	m/8432	HR/Ncmsc	052iX
4	33	7		הָ/אֵ֛שׁ	d/784	HTd/Ncbsa	05kav
4	33	8		כַּ/אֲשֶׁר	k/834 d	HR/Tr	05enN
4	33	9		שָׁמַ֥עְתָּ	8085	HVqp2ms	05vBq
4	33	10		אַתָּ֖ה	859 a	HPp2ms	05xhr
4	33	11		וַ/יֶּֽחִי	c/2421	HC/Vqw3ms	0592H
4	34	1		א֣וֹ	176 a	HC	05xhx
4	34	2		הֲ/נִסָּ֣ה	i/5254	HTi/Vpp3ms	05TLE
4	34	3		אֱלֹהִ֗ים	430	HNcmpa	056mu
4	34	4		לָ֠/בוֹא	l/935	HR/Vqc	05zyy
4	34	5		לָ/קַ֨חַת	l/3947	HR/Vqc	05KhN
4	34	6		ל֣/וֹ	l	HR/Sp3ms	05zbv
4	34	7		גוֹי֮	1471 a	HNcmsa	05nXx
4	34	8		מִ/קֶּ֣רֶב	m/7130	HR/Ncmsc	05RhB
4	34	9		גּוֹי֒	1471 a	HNcmsa	05HmR
4	34	10		בְּ/מַסֹּת֩	b/4531 b	HR/Ncfpa	05XWV
4	34	11		בְּ/אֹתֹ֨ת	b/226	HR/Ncbpa	05jR8
4	34	12		וּ/בְ/מוֹפְתִ֜ים	c/b/4159	HC/R/Ncmpa	057jg
4	34	13		וּ/בְ/מִלְחָמָ֗ה	c/b/4421	HC/R/Ncfsa	05m9m
4	34	14		וּ/בְ/יָ֤ד	c/b/3027	HC/R/Ncbsa	05aDj
4	34	15		חֲזָקָה֙	2389	HAafsa	05oib
4	34	16		וּ/בִ/זְר֣וֹעַ	c/b/2220	HC/R/Ncbsa	05sBE
4	34	17		נְטוּיָ֔ה	5186	HVqsfsa	054BE
4	34	18		וּ/בְ/מוֹרָאִ֖ים	c/b/4172 a	HC/R/Ncmpa	05t8g
4	34	19		גְּדֹלִ֑ים	1419 a	HAampa	05gsX
4	34	20		כְּ֠/כֹל	k/3605	HR/Ncmsa	05yBx
4	34	21		אֲשֶׁר	834 a	HTr	05vE1
4	34	22		עָשָׂ֨ה	6213 a	HVqp3ms	05896
4	34	23		לָ/כֶ֜ם	l	HR/Sp2mp	05Xy3
4	34	24		יְהוָ֧ה	3068	HNp	05TH8
4	34	25		אֱלֹהֵי/כֶ֛ם	430	HNcmpc/Sp2mp	055Ve
4	34	26		בְּ/מִצְרַ֖יִם	b/4714	HR/Np	05t5T
4	34	27		לְ/עֵינֶֽי/ךָ	l/5869 a	HR/Ncbdc/Sp2ms	05ssX
4	35	1		אַתָּה֙	859 a	HPp2ms	057TK
4	35	2		הָרְאֵ֣תָ	7200	HVHp2ms	05wiu
4	35	3		לָ/דַ֔עַת	l/3045	HR/Vqc	05gBQ
4	35	4		כִּ֥י	3588 a	HC	05gVx
4	35	5		יְהוָ֖ה	3068	HNp	05Q1t
4	35	6		ה֣וּא	1931	HPp3ms	05pZm
4	35	7		הָ/אֱלֹהִ֑ים	d/430	HTd/Ncmpa	05qGV
4	35	8		אֵ֥ין	369	HTn	05TBs
4	35	9		ע֖וֹד	5750	HD	05sYk
4	35	10		מִ/לְ/בַדּֽ/וֹ	m/l/905	HR/R/Ncmsc/Sp3ms	05yZ9
4	36	1		מִן	4480 a	HR	05Ee6
4	36	2		הַ/שָּׁמַ֛יִם	d/8064	HTd/Ncmpa	05LvK
4	36	3		הִשְׁמִֽיעֲ/ךָ֥	8085	HVhp3ms/Sp2ms	05NsV
4	36	4		אֶת	853	HTo	05spB
4	36	5		קֹל֖/וֹ	6963 a	HNcmsc/Sp3ms	05QM1
4	36	6		לְ/יַסְּרֶ֑/ךָּ	l/3256	HR/Vpc/Sp2ms	05WMi
4	36	7		וְ/עַל	c/5921 a	HC/R	05p5C
4	36	8		הָ/אָ֗רֶץ	d/776	HTd/Ncbsa	05pLh
4	36	9		הֶרְאֲ/ךָ֙	7200	HVhp3ms/Sp2ms	055n2
4	36	10		אֶת	853	HTo	05WG2
4	36	11		אִשּׁ֣/וֹ	784	HNcbsc/Sp3ms	05ddN
4	36	12		הַ/גְּדוֹלָ֔ה	d/1419 a	HTd/Aafsa	05oga
4	36	13		וּ/דְבָרָ֥י/ו	c/1697	HC/Ncmpc/Sp3ms	05yLm
4	36	14		שָׁמַ֖עְתָּ	8085	HVqp2ms	05mAF
4	36	15		מִ/תּ֥וֹךְ	m/8432	HR/Ncmsc	0593w
4	36	16		הָ/אֵֽשׁ	d/784	HTd/Ncbsa	05XGn
4	37	1		וְ/תַ֗חַת	c/8478	HC/R	05gnt
4	37	2		כִּ֤י	3588 a	HC	05Ycp
4	37	3		אָהַב֙	157	HVqp3ms	05kGw
4	37	4		אֶת	853	HTo	058xG
4	37	5		אֲבֹתֶ֔י/ךָ	1	HNcmpc/Sp2ms	05X9f
4	37	6		וַ/יִּבְחַ֥ר	c/977	HC/Vqw3ms	05gBY
4	37	7		בְּ/זַרְע֖/וֹ	b/2233	HR/Ncmsc/Sp3ms	05JSS
4	37	8		אַחֲרָ֑י/ו	310 a	HR/Sp3ms	05hzi
4	37	9		וַ/יּוֹצִֽאֲ/ךָ֧	c/3318	HC/Vhw3ms/Sp2ms	05xKZ
4	37	10		בְּ/פָנָ֛י/ו	b/6440	HR/Ncbpc/Sp3ms	05GD6
4	37	11		בְּ/כֹח֥/וֹ	b/3581 b	HR/Ncmsc/Sp3ms	05e1w
4	37	12		הַ/גָּדֹ֖ל	d/1419 a	HTd/Aamsa	05fK1
4	37	13		מִ/מִּצְרָֽיִם	m/4714	HR/Np	05UV1
4	38	1		לְ/הוֹרִ֗ישׁ	l/3423	HR/Vhc	05pJ8
4	38	2		גּוֹיִ֛ם	1471 a	HNcmpa	05d2D
4	38	3		גְּדֹלִ֧ים	1419 a	HAampa	05pY9
4	38	4		וַ/עֲצֻמִ֛ים	c/6099	HC/Aampa	05GAq
4	38	5		מִמְּ/ךָ֖	4480 a	HR/Sp2ms	05ViK
4	38	6		מִ/פָּנֶ֑י/ךָ	m/6440	HR/Ncbpc/Sp2ms	05bs2
4	38	7		לַ/הֲבִֽיאֲ/ךָ֗	l/935	HR/Vhc/Sp2ms	0565v
4	38	8		לָֽ/תֶת	l/5414	HR/Vqc	05ULQ
4	38	9		לְ/ךָ֧	l	HR/Sp2ms	05B9j
4	38	10		אֶת	853	HTo	05bWi
4	38	11		אַרְצָ֛/ם	776	HNcbsc/Sp3mp	05xoF
4	38	12		נַחֲלָ֖ה	5159	HNcfsa	05hCv
4	38	13		כַּ/יּ֥וֹם	k/3117	HRd/Ncmsa	05Mci
4	38	14		הַ/זֶּֽה	d/2088	HTd/Pdxms	05f9n
4	39	1		וְ/יָדַעְתָּ֣	c/3045	HC/Vqq2ms	054Rf
4	39	2		הַ/יּ֗וֹם	d/3117	HTd/Ncmsa	05Qyd
4	39	3		וַ/הֲשֵׁבֹתָ֮	c/7725	HC/Vhq2ms	05C76
4	39	4		אֶל	413	HR	05CYo
4	39	5		לְבָבֶ/ךָ֒	3824	HNcmsc/Sp2ms	05Bra
4	39	6		כִּ֤י	3588 a	HC	0559X
4	39	7		יְהוָה֙	3068	HNp	05j6b
4	39	8		ה֣וּא	1931	HPp3ms	05KgL
4	39	9		הָֽ/אֱלֹהִ֔ים	d/430	HTd/Ncmpa	05BFU
4	39	10		בַּ/שָּׁמַ֣יִם	b/8064	HRd/Ncmpa	05Js9
4	39	11		מִ/מַּ֔עַל	m/4605	HR/D	058Do
4	39	12		וְ/עַל	c/5921 a	HC/R	05m6D
4	39	13		הָ/אָ֖רֶץ	d/776	HTd/Ncbsa	05agh
4	39	14		מִ/תָּ֑חַת	m/8478	HR/R	05xGb
4	39	15		אֵ֖ין	369	HTn	05Vmg
4	39	16		עֽוֹד	5750	HD	05GWL
4	40	1		וְ/שָׁמַרְתָּ֞	c/8104	HC/Vqq2ms	05adp
4	40	2		אֶת	853	HTo	05mEM
4	40	3		חֻקָּ֣י/ו	2706	HNcmpc/Sp3ms	05t5b
4	40	4		וְ/אֶת	c/853	HC/To	05MmC
4	40	5		מִצְוֺתָ֗י/ו	4687	HNcfpc/Sp3ms	05VtE
4	40	6		אֲשֶׁ֨ר	834 a	HTr	058yT
4	40	7		אָנֹכִ֤י	595	HPp1cs	05YE4
4	40	8		מְצַוְּ/ךָ֙	6680	HVprmsc/Sp2ms	05gwY
4	40	9		הַ/יּ֔וֹם	d/3117	HTd/Ncmsa	05um2
4	40	10		אֲשֶׁר֙	834 a	HTr	05WPk
4	40	11		יִיטַ֣ב	3190	HVqi3ms	05J9S
4	40	12		לְ/ךָ֔	l	HR/Sp2ms	05Uh6
4	40	13		וּ/לְ/בָנֶ֖י/ךָ	c/l/1121 a	HC/R/Ncmpc/Sp2ms	05kWu
4	40	14		אַחֲרֶ֑י/ךָ	310 a	HR/Sp2ms	05r5S
4	40	15		וּ/לְמַ֨עַן	c/4616	HC/R	05q8B
4	40	16		תַּאֲרִ֤יךְ	748	HVhi2ms	05HNg
4	40	17		יָמִים֙	3117	HNcmpa	05hZZ
4	40	18		עַל	5921 a	HR	05n3Z
4	40	19		הַ֣/אֲדָמָ֔ה	d/127	HTd/Ncfsa	05nVk
4	40	20		אֲשֶׁ֨ר	834 a	HTr	05cwR
4	40	21		יְהוָ֧ה	3068	HNp	05JQf
4	40	22		אֱלֹהֶ֛י/ךָ	430	HNcmpc/Sp2ms	05aoK
4	40	23		נֹתֵ֥ן	5414	HVqrmsa	05HF8
4	40	24		לְ/ךָ֖	l	HR/Sp2ms	05WMt
4	40	25		כָּל	3605	HNcmsc	05tCm
4	40	26		הַ/יָּמִֽים	d/3117	HTd/Ncmpa	05ibj
4	41	1		אָ֣ז	227 a	HD	05KiT
4	41	2		יַבְדִּ֤יל	914	HVhi3ms	05ovU
4	41	3		מֹשֶׁה֙	4872	HNp	05H8i
4	41	4		שָׁלֹ֣שׁ	7969	HAcfsa	05kBK
4	41	5		עָרִ֔ים	5892 b	HNcfpa	058p9
4	41	6		בְּ/עֵ֖בֶר	b/5676	HR/Ncmsc	05Vib
4	41	7		הַ/יַּרְדֵּ֑ן	d/3383	HTd/Np	05FXw
4	41	8		מִזְרְחָ֖/ה	4217	HNcmsc/Sd	05ZWD
4	41	9		שָֽׁמֶשׁ	8121	HNcbsa	05roj
4	42	1		לָ/נֻ֨ס	l/5127	HR/Vqc	05dta
4	42	2		שָׁ֜מָּ/ה	8033	HD/Sd	05vv9
4	42	3		רוֹצֵ֗חַ	7523	HVqrmsa	05bPu
4	42	4		אֲשֶׁ֨ר	834 a	HTr	05t52
4	42	5		יִרְצַ֤ח	7523	HVqi3ms	052qG
4	42	6		אֶת	853	HTo	05naz
4	42	7		רֵעֵ֨/הוּ֙	7453	HNcmsc/Sp3ms	05QW6
4	42	8		בִּ/בְלִי	b/1097	HR/Ncmsc	05vQm
4	42	9		דַ֔עַת	1847	HNcfsa	05gSo
4	42	10		וְ/ה֛וּא	c/1931	HC/Pp3ms	05ToF
4	42	11		לֹא	3808	HTn	05R76
4	42	12		שֹׂנֵ֥א	8130	HVqrmsa	055TM
4	42	13		ל֖/וֹ	l	HR/Sp3ms	05cH4
4	42	14		מִ/תְּמ֣וֹל	m/8543	HR/D	05ygk
4	42	15		שִׁלְשׁ֑וֹם	8032	HNcmsa	0572b
4	42	16		וְ/נָ֗ס	c/5127	HC/Vqq3ms	05Qs2
4	42	17		אֶל	413	HR	05X1j
4	42	18		אַחַ֛ת	259	HAcfsa	05pMk
4	42	19		מִן	4480 a	HR	05E9Z
4	42	20		הֶ/עָרִ֥ים	d/5892 b	HTd/Ncfpa	05DJR
4	42	21		הָ/אֵ֖ל	d/411	HTd/Pdxcp	05ov1
4	42	22		וָ/חָֽי	c/2425	HC/Vqq3ms	05wXN
4	43	1		אֶת	853	HTo	05Nnf
4	43	2		בֶּ֧צֶר	1221	HNp	05eJu
4	43	3		בַּ/מִּדְבָּ֛ר	b/4057 b	HRd/Ncmsa	05uoD
4	43	4		בְּ/אֶ֥רֶץ	b/776	HR/Ncbsc	05vu4
4	43	5		הַ/מִּישֹׁ֖ר	d/4334	HTd/Ncmsa	05YQo
4	43	6		לָ/רֻֽאוּבֵנִ֑י	l/7206	HRd/Ngmsa	05f8m
4	43	7		וְ/אֶת	c/853	HC/To	05BZr
4	43	8		רָאמֹ֤ת	7216	HNp	05k2R
4	43	9		בַּ/גִּלְעָד֙	b/1568	HRd/Np	05cC4
4	43	10		לַ/גָּדִ֔י	l/1425	HRd/Ngmsa	05f6y
4	43	11		וְ/אֶת	c/853	HC/To	05Gy9
4	43	12		גּוֹלָ֥ן	1474	HNp	05etw
4	43	13		בַּ/בָּשָׁ֖ן	b/1316	HRd/Np	05GQd
4	43	14		לַֽ/מְנַשִּֽׁי	l/4520	HRd/Ngmsa	05tAQ
4	44	1		וְ/זֹ֖את	c/2063	HC/Pdxfs	05Yrt
4	44	2		הַ/תּוֹרָ֑ה	d/8451	HTd/Ncfsa	05SbN
4	44	3		אֲשֶׁר	834 a	HTr	05B2y
4	44	4		שָׂ֣ם	7760 a	HVqp3ms	05PYY
4	44	5		מֹשֶׁ֔ה	4872	HNp	05bZi
4	44	6		לִ/פְנֵ֖י	l/6440	HR/Ncbpc	05fXs
4	44	7		בְּנֵ֥י	1121 a	HNcmpc	05dHg
4	44	8		יִשְׂרָאֵֽל	3478	HNp	05Cdu
4	45	1		אֵ֚לֶּה	428	HPdxcp	05s9p
4	45	2		הָֽ/עֵדֹ֔ת	d/5713 b	HTd/Ncfpa	05Bxx
4	45	3		וְ/הַֽ/חֻקִּ֖ים	c/d/2706	HC/Td/Ncmpa	05wPL
4	45	4		וְ/הַ/מִּשְׁפָּטִ֑ים	c/d/4941	HC/Td/Ncmpa	05YXi
4	45	5		אֲשֶׁ֨ר	834 a	HTr	056gk
4	45	6		דִּבֶּ֤ר	1696	HVpp3ms	05YsR
4	45	7		מֹשֶׁה֙	4872	HNp	05YJ7
4	45	8		אֶל	413	HR	05xNg
4	45	9		בְּנֵ֣י	1121 a	HNcmpc	05SPi
4	45	10		יִשְׂרָאֵ֔ל	3478	HNp	05dr4
4	45	11		בְּ/צֵאתָ֖/ם	b/3318	HR/Vqc/Sp3mp	05ynz
4	45	12		מִ/מִּצְרָֽיִם	m/4714	HR/Np	05oiU
4	46	1		בְּ/עֵ֨בֶר	b/5676	HR/Ncmsc	05uRP
4	46	2		הַ/יַּרְדֵּ֜ן	d/3383	HTd/Np	05bJx
4	46	3		בַּ/גַּ֗יְא	b/1516	HRd/Ncbsa	05etm
4	46	4		מ֚וּל	4136	HR	054jW
4	46	5		בֵּ֣ית	1047+	HNp	05M3G
4	46	6		פְּע֔וֹר	1047	HNp	05FQm
4	46	7		בְּ/אֶ֗רֶץ	b/776	HR/Ncbsc	05DYw
4	46	8		סִיחֹן֙	5511	HNp	05oAy
4	46	9		מֶ֣לֶךְ	4428	HNcmsc	053Rx
4	46	10		הָֽ/אֱמֹרִ֔י	d/567	HTd/Ngmsa	05rH2
4	46	11		אֲשֶׁ֥ר	834 a	HTr	052rT
4	46	12		יוֹשֵׁ֖ב	3427	HVqrmsa	05jsw
4	46	13		בְּ/חֶשְׁבּ֑וֹן	b/2809	HR/Np	05VR2
4	46	14		אֲשֶׁ֨ר	834 a	HTr	05MrQ
4	46	15		הִכָּ֤ה	5221	HVhp3ms	05Fu8
4	46	16		מֹשֶׁה֙	4872	HNp	05QCB
4	46	17		וּ/בְנֵֽי	c/1121 a	HC/Ncmpc	05VcL
4	46	18		יִשְׂרָאֵ֔ל	3478	HNp	05YS7
4	46	19		בְּ/צֵאתָ֖/ם	b/3318	HR/Vqc/Sp3mp	05ST2
4	46	20		מִ/מִּצְרָֽיִם	m/4714	HR/Np	05FHd
4	47	1		וַ/יִּֽירְשׁ֨וּ	c/3423	HC/Vqw3mp	05WGC
4	47	2		אֶת	853	HTo	058Jt
4	47	3		אַרְצ֜/וֹ	776	HNcbsc/Sp3ms	05s3S
4	47	4		וְ/אֶת	c/853	HC/To	05QE7
4	47	5		אֶ֣רֶץ	776	HNcbsc	05JPF
4	47	6		ע֣וֹג	5747	HNp	05t2f
4	47	7		מֶֽלֶךְ	4428	HNcmsc	05AAs
4	47	8		הַ/בָּשָׁ֗ן	d/1316	HTd/Np	05yit
4	47	9		שְׁנֵי֙	8147	HAcmdc	05wBS
4	47	10		מַלְכֵ֣י	4428	HNcmpc	052sV
4	47	11		הָֽ/אֱמֹרִ֔י	d/567	HTd/Ngmsa	05FwG
4	47	12		אֲשֶׁ֖ר	834 a	HTr	05dCM
4	47	13		בְּ/עֵ֣בֶר	b/5676	HR/Ncmsc	05H1T
4	47	14		הַ/יַּרְדֵּ֑ן	d/3383	HTd/Np	05P6r
4	47	15		מִזְרַ֖ח	4217	HNcmsc	05tD1
4	47	16		שָֽׁמֶשׁ	8121	HNcbsa	056AA
4	48	1		מֵ/עֲרֹעֵ֞ר	m/6177	HR/Np	05RNc
4	48	2		אֲשֶׁ֨ר	834 a	HTr	05veg
4	48	3		עַל	5921 a	HR	057W8
4	48	4		שְׂפַת	8193	HNcfsc	05zSa
4	48	5		נַ֧חַל	5158 a	HNcmsc	05BQz
4	48	6		אַרְנֹ֛ן	769	HNp	05GKS
4	48	7		וְ/עַד	c/5704	HC/R	05Mwc
4	48	8		הַ֥ר	2022	HNcmsc	05kPm
4	48	9		שִׂיאֹ֖ן	7865	HNp	05Gtv
4	48	10		ה֥וּא	1931	HPp3ms	05wvJ
4	48	11		חֶרְמֽוֹן	2768	HNp	05HWW
4	49	1		וְ/כָל	c/3605	HC/Ncmsc	05fR1
4	49	2		הָ֨/עֲרָבָ֜ה	d/6160	HTd/Ncfsa	05Z4q
4	49	3		עֵ֤בֶר	5676	HNcmsc	05qyW
4	49	4		הַ/יַּרְדֵּן֙	d/3383	HTd/Np	051vK
4	49	5		מִזְרָ֔חָ/ה	4217	HNcmsa/Sd	05vcs
4	49	6		וְ/עַ֖ד	c/5704	HC/R	05jVW
4	49	7		יָ֣ם	3220	HNcmsc	05q6h
4	49	8		הָ/עֲרָבָ֑ה	d/6160	HTd/Ncfsa	05TXT
4	49	9		תַּ֖חַת	8478	HR	05i5i
4	49	10		אַשְׁדֹּ֥ת	794	HNcfpc	05n6o
4	49	11		הַ/פִּסְגָּֽה	d/6449	HTd/Np	05V2Z
5	1	1		וַ/יִּקְרָ֣א	c/7121	HC/Vqw3ms	05vB3
5	1	2		מֹשֶׁה֮	4872	HNp	05h8U
5	1	3		אֶל	413	HR	05HP6
5	1	4		כָּל	3605	HNcmsc	05qeA
5	1	5		יִשְׂרָאֵל֒	3478	HNp	053Hf
5	1	6		וַ/יֹּ֣אמֶר	c/559	HC/Vqw3ms	057G6
5	1	7		אֲלֵ/הֶ֗ם	413	HR/Sp3mp	052aw
5	1	8		שְׁמַ֤ע	8085	HVqv2ms	05G9q
5	1	9		יִשְׂרָאֵל֙	3478	HNp	05TE9
5	1	10		אֶת	853	HTo	055ne
5	1	11		הַ/חֻקִּ֣ים	d/2706	HTd/Ncmpa	05Pq7
5	1	12		וְ/אֶת	c/853	HC/To	052XE
5	1	13		הַ/מִּשְׁפָּטִ֔ים	d/4941	HTd/Ncmpa	05k2P
5	1	14		אֲשֶׁ֧ר	834 a	HTr	05bQB
5	1	15		אָנֹכִ֛י	595	HPp1cs	05hLv
5	1	16		דֹּבֵ֥ר	1696	HVqrmsa	05FwW
5	1	17		בְּ/אָזְנֵי/כֶ֖ם	b/241	HR/Ncfdc/Sp2mp	05ZCU
5	1	18		הַ/יּ֑וֹם	d/3117	HTd/Ncmsa	05f6s
5	1	19		וּ/לְמַדְתֶּ֣ם	c/3925	HC/Vqq2mp	0562L
5	1	20		אֹתָ֔/ם	853	HTo/Sp3mp	05apE
5	1	21		וּ/שְׁמַרְתֶּ֖ם	c/8104	HC/Vqq2mp	057uo
5	1	22		לַ/עֲשֹׂתָֽ/ם	l/6213 a	HR/Vqc/Sp3mp	05io8
5	2	1		יְהוָ֣ה	3068	HNp	05wub
5	2	2		אֱלֹהֵ֗י/נוּ	430	HNcmpc/Sp1cp	057qB
5	2	3		כָּרַ֥ת	3772	HVqp3ms	05BM6
5	2	4		עִמָּ֛/נוּ	5973 a	HR/Sp1cp	059ci
5	2	5		בְּרִ֖ית	1285	HNcfsa	05wpi
5	2	6		בְּ/חֹרֵֽב	b/2722	HR/Np	05JEg
5	3	1		לֹ֣א	3808	HTn	05pMT
5	3	2		אֶת	854	HR	05kMd
5	3	3		אֲבֹתֵ֔י/נוּ	1	HNcmpc/Sp1cp	05Bqk
5	3	4		כָּרַ֥ת	3772	HVqp3ms	05hjj
5	3	5		יְהוָ֖ה	3068	HNp	05QL7
5	3	6		אֶת	853	HTo	05cRW
5	3	7		הַ/בְּרִ֣ית	d/1285	HTd/Ncfsa	05iWB
5	3	8		הַ/זֹּ֑את	d/2063	HTd/Pdxfs	05u7g
5	3	9		כִּ֣י	3588 a	HC	05F46
5	3	10		אִתָּ֗/נוּ	854	HR/Sp1cp	05AFT
5	3	11		אֲנַ֨חְנוּ	587	HPp1cp	05c3h
5	3	12		אֵ֥לֶּה	428	HPdxcp	05L9o
5	3	13		פֹ֛ה	6311	HD	05JVQ
5	3	14		הַ/יּ֖וֹם	d/3117	HTd/Ncmsa	05xdb
5	3	15		כֻּלָּ֥/נוּ	3605	HNcmsc/Sp1cp	05Moi
5	3	16		חַיִּֽים	2416 a	HAampa	05eqW
5	4	1		פָּנִ֣ים	6440	HNcbpa	05x8B
5	4	2		בְּ/פָנִ֗ים	b/6440	HR/Ncbpa	05WgT
5	4	3		דִּבֶּ֨ר	1696	HVpp3ms	05e9Z
5	4	4		יְהוָ֧ה	3068	HNp	05fc3
5	4	5		עִמָּ/כֶ֛ם	5973 a	HR/Sp2mp	05Ucu
5	4	6		בָּ/הָ֖ר	b/2022	HRd/Ncmsa	058Vy
5	4	7		מִ/תּ֥וֹךְ	m/8432	HR/Ncmsc	05rKw
5	4	8		הָ/אֵֽשׁ	d/784	HTd/Ncbsa	05S1Z
5	5	1		אָ֠נֹכִי	595	HPp1cs	05mBn
5	5	2		עֹמֵ֨ד	5975	HVqrmsa	05Ney
5	5	3		בֵּין	996	HR	052Bq
5	5	4		יְהוָ֤ה	3068	HNp	05nKy
5	5	5		וּ/בֵֽינֵי/כֶם֙	c/996	HC/R/Sp2mp	05aC7
5	5	6		בָּ/עֵ֣ת	b/6256	HRd/Ncbsa	05Sxm
5	5	7		הַ/הִ֔וא	d/1931	HTd/Pp3fs	053Cx
5	5	8		לְ/הַגִּ֥יד	l/5046	HR/Vhc	0553W
5	5	9		לָ/כֶ֖ם	l	HR/Sp2mp	05nTK
5	5	10		אֶת	853	HTo	05sBD
5	5	11		דְּבַ֣ר	1697	HNcmsc	05ztw
5	5	12		יְהוָ֑ה	3068	HNp	05jaw
5	5	13		כִּ֤י	3588 a	HC	05zfC
5	5	14		יְרֵאתֶם֙	3372	HVqp2mp	05y6N
5	5	15		מִ/פְּנֵ֣י	m/6440	HR/Ncbpc	05cUK
5	5	16		הָ/אֵ֔שׁ	d/784	HTd/Ncbsa	05F7R
5	5	17		וְ/לֹֽא	c/3808	HC/Tn	05YQ7
5	5	18		עֲלִיתֶ֥ם	5927	HVqp2mp	055UP
5	5	19		בָּ/הָ֖ר	b/2022	HRd/Ncmsa	05cDe
5	5	20		לֵ/אמֹֽר	l/559	HR/Vqc	05BtX
5	6	1		אָֽנֹכִי֙	595	HPp1cs	058bP
5	6	2		יְהוָ֣ה	3068	HNp	05rbM
5	6	3		אֱלֹהֶ֔י/ךָ	430	HNcmpc/Sp2ms	05gcX
5	6	4		אֲשֶׁ֧ר	834 a	HTr	05VzD
5	6	5		הוֹצֵאתִ֛י/ךָ	3318	HVhp1cs/Sp2ms	05Lnv
5	6	6		מֵ/אֶ֥רֶץ	m/776	HR/Ncbsc	05FN2
5	6	7		מִצְרַ֖יִם	4714	HNp	05kTA
5	6	8		מִ/בֵּ֥ית	m/1004 b	HR/Ncmsc	05bQM
5	6	9		עֲבָדִֽים	5650	HNcmpa	05rRy
5	7	1		לֹא	3808	HTn	05HcR
5	7	2		יִהְיֶ֥ה	1961	HVqi3ms	059vS
5	7	3		לְ/ךָ֛	l	HR/Sp2ms	05mbL
5	7	4		אֱלֹהִ֥ים	430	HNcmpa	054U9
5	7	5		אֲחֵרִ֖ים	312	HAampa	05Vvg
5	7	6		עַל	5921 a	HR	05oYz
5	7	7		פָּנָֽ/יַ	6440	HNcbpc/Sp1cs	05dD2
5	8	1		לֹֽ֣א	3808	HTn	052t9
5	8	2		תַעֲשֶׂ֥ה	6213 a	HVqi2ms	05fou
5	8	3		לְ/ךָ֥	l	HR/Sp2ms	05DL4
5	8	4		פֶ֨סֶל֙	6459	HNcmsc	05vkx
5	8	5		כָּל	3605	HNcmsc	05SdW
5	8	6		תְּמוּנָ֔ה	8544	HNcfsa	059jg
5	8	7		אֲשֶׁ֤ר	834 a	HTr	05mAC
5	8	8		בַּ/שָּׁמַ֨יִם֙	b/8064	HRd/Ncmpa	05LKt
5	8	9		מִ/מַּ֔עַל	m/4605	HR/D	05Q5x
5	8	10		וַ/אֲשֶׁ֥ר	c/834 a	HC/Tr	05TaA
5	8	11		בָּ/אָ֖רֶץ	b/776	HRd/Ncbsa	054d7
5	8	12		מִ/תָּ֑חַת	m/8478	HR/R	05jMY
5	8	13		וַ/אֲשֶׁ֥ר	c/834 a	HC/Tr	05eip
5	8	14		בַּ/מַּ֖יִם	b/4325	HRd/Ncmpa	05jhu
5	8	15		מִ/תַּ֥חַת	m/8478	HR/R	052fr
5	8	16		לָ/אָֽרֶץ	l/776	HRd/Ncbsa	055Aa
5	9	1		לֹא	3808	HTn	05zuz
5	9	2		תִשְׁתַּחֲוֶ֥ה	7812	HVvi2ms	05BTS
5	9	3		לָ/הֶ֖ם	l	HR/Sp3mp	05Hdk
5	9	4		וְ/לֹ֣א	c/3808	HC/Tn	05tbG
5	9	5		תָעָבְדֵ֑/ם	5647	HVHi2ms/Sp3mp	058hT
5	9	6		כִּ֣י	3588 a	HC	051EK
5	9	7		אָנֹכִ֞י	595	HPp1cs	05UYd
5	9	8		יְהוָ֤ה	3068	HNp	05w2J
5	9	9		אֱלֹהֶ֨י/ךָ֙	430	HNcmpc/Sp2ms	05UcZ
5	9	10		אֵ֣ל	410	HNcmsa	05SZA
5	9	11		קַנָּ֔א	7067	HAamsa	05WeX
5	9	12		פֹּ֠קֵד	6485 a	HVqrmsa	05FoN
5	9	13		עֲוֺ֨ן	5771	HNcbsc	05BK2
5	9	14		אָב֧וֹת	1	HNcmpa	05qoQ
5	9	15		עַל	5921 a	HR	05DV4
5	9	16		בָּנִ֛ים	1121 a	HNcmpa	05iex
5	9	17		וְ/עַל	c/5921 a	HC/R	05LMe
5	9	18		שִׁלֵּשִׁ֥ים	8029	HNcmpa	05zuk
5	9	19		וְ/עַל	c/5921 a	HC/R	055hm
5	9	20		רִבֵּעִ֖ים	7256	HNcmpa	05a8a
5	9	21		לְ/שֹׂנְאָֽ/י	l/8130	HR/Vqrmpc/Sp1cs	05Avd
5	10	1		וְ/עֹ֥שֶׂה	c/6213 a	HC/Vqrmsa	056nG
5	10	2		חֶ֖סֶד	2617 a	HNcmsa	05p6C
5	10	3		לַֽ/אֲלָפִ֑ים	l/505	HR/Acbpa	05Dn5
5	10	4		לְ/אֹהֲבַ֖/י	l/157	HR/Vqrmpc/Sp1cs	057mc
5	10	5		וּ/לְ/שֹׁמְרֵ֥י	c/l/8104	HC/R/Vqrmpc	05icW
5	10	6	x-ketiv	מצות/ו	4687	HNcfpc/Sp3ms	05WQu
5	10	7		מִצְוֺתָֽ/י	4687	HNcfpc/Sp1cs	05rMa
5	11	1		לֹ֥א	3808	HTn	05H5x
5	11	2		תִשָּׂ֛א	5375	HVqi2ms	05Lft
5	11	3		אֶת	853	HTo	05bTD
5	11	4		שֵֽׁם	8034	HNcmsc	05W19
5	11	5		יְהוָ֥ה	3068	HNp	05CUd
5	11	6		אֱלֹהֶ֖י/ךָ	430	HNcmpc/Sp2ms	05dBb
5	11	7		לַ/שָּׁ֑וְא	l/7723	HRd/Ncmsa	05oQH
5	11	8		כִּ֣י	3588 a	HC	05FgV
5	11	9		לֹ֤א	3808	HTn	05sAH
5	11	10		יְנַקֶּה֙	5352	HVpi3ms	05fPE
5	11	11		יְהוָ֔ה	3068	HNp	05kFY
5	11	12		אֵ֛ת	853	HTo	05oVM
5	11	13		אֲשֶׁר	834 a	HTr	05DD6
5	11	14		יִשָּׂ֥א	5375	HVqi3ms	05T6s
5	11	15		אֶת	853	HTo	05UTG
5	11	16		שְׁמ֖/וֹ	8034	HNcmsc/Sp3ms	05TjC
5	11	17		לַ/שָּֽׁוְא	l/7723	HRd/Ncmsa	05B7W
5	12	1		שָׁמ֛וֹר	8104	HVqa	05ggZ
5	12	2		אֶת	853	HTo	05sDo
5	12	3		י֥וֹם	3117	HNcmsc	05hQe
5	12	4		הַ/שַׁבָּ֖ת	d/7676	HTd/Ncbsa	05Fmq
5	12	5		לְ/קַדְּשׁ֑/וֹ	l/6942	HR/Vpc/Sp3ms	054ga
5	12	6		כַּ/אֲשֶׁ֥ר	k/834 d	HR/Tr	05qZF
5	12	7		צִוְּ/ךָ֖	6680	HVpp3ms/Sp2ms	05o7p
5	12	8		יְהוָ֥ה	3068	HNp	05BQB
5	12	9		אֱלֹהֶֽי/ךָ	430	HNcmpc/Sp2ms	05dbJ
5	13	1		שֵׁ֤שֶׁת	8337	HAcmsc	055tL
5	13	2		יָמִים֙	3117	HNcmpa	05Pj9
5	13	3		תַּֽעֲבֹ֔ד	5647	HVqi2ms	05YJJ
5	13	4		וְ/עָשִׂ֖יתָ	c/6213 a	HC/Vqq2ms	053Kp
5	13	5		כָּל	3605	HNcmsc	05YWx
5	13	6		מְלַאכְתֶּֽ/ךָ	4399	HNcfsc/Sp2ms	05d4u
5	14	1		וְ/י֨וֹם֙	c/3117	HC/Ncmsc	056vh
5	14	2		הַ/שְּׁבִיעִ֔י	d/7637	HTd/Aomsa	05rLV
5	14	3		שַׁבָּ֖ת	7676	HNcbsa	05PfL
5	14	4		לַ/יהוָ֣ה	l/3068	HR/Np	05YQQ
5	14	5		אֱלֹהֶ֑י/ךָ	430	HNcmpc/Sp2ms	05Dr2
5	14	6		לֹ֣א	3808	HTn	05AAN
5	14	7		תַעֲשֶׂ֣ה	6213 a	HVqi2ms	05FAQ
5	14	8		כָל	3605	HNcmsc	05bz3
5	14	9		מְלָאכָ֡ה	4399	HNcfsa	05VeC
5	14	10		אַתָּ֣ה	859 a	HPp2ms	05gEf
5	14	11		וּ/בִנְ/ךָֽ	c/1121 a	HC/Ncmsc/Sp2ms	051Vr
5	14	12		וּ/בִתֶּ֣/ךָ	c/1323	HC/Ncfsc/Sp2ms	05gUg
5	14	13		וְ/עַבְדְּ/ךָֽ	c/5650	HC/Ncmsc/Sp2ms	05xr5
5	14	14		וַ֠/אֲמָתֶ/ךָ	c/519	HC/Ncfsc/Sp2ms	05G11
5	14	15		וְ/שׁוֹרְ/ךָ֨	c/7794	HC/Ncmsc/Sp2ms	05D9v
5	14	16		וַ/חֲמֹֽרְ/ךָ֜	c/2543	HC/Ncbsc/Sp2ms	05ZoM
5	14	17		וְ/כָל	c/3605	HC/Ncmsc	05bCV
5	14	18		בְּהֶמְתֶּ֗/ךָ	929	HNcfsc/Sp2ms	05fVR
5	14	19		וְ/גֵֽרְ/ךָ֙	c/1616	HC/Ncmsc/Sp2ms	05aDa
5	14	20		אֲשֶׁ֣ר	834 a	HTr	05ZXK
5	14	21		בִּ/שְׁעָרֶ֔י/ךָ	b/8179	HR/Ncmpc/Sp2ms	05frz
5	14	22		לְמַ֗עַן	4616	HR	05EPL
5	14	23		יָנ֛וּחַ	5117	HVqi3ms	05zXD
5	14	24		עַבְדְּ/ךָ֥	5650	HNcmsc/Sp2ms	054tD
5	14	25		וַ/אֲמָתְ/ךָ֖	c/519	HC/Ncfsc/Sp2ms	0564m
5	14	26		כָּמֽוֹ/ךָ	3644	HR/Sp2ms	05juf
5	15	1		וְ/זָכַרְתָּ֗	c/2142	HC/Vqq2ms	051Wx
5	15	2		כִּ֣י	3588 a	HC	05FjT
5	15	3		עֶ֤בֶד	5650	HNcmsa	05fFL
5	15	4		הָיִ֨יתָ֙	1961	HVqp2ms	05iyy
5	15	5		בְּ/אֶ֣רֶץ	b/776	HR/Ncbsc	05fXN
5	15	6		מִצְרַ֔יִם	4714	HNp	05L79
5	15	7		וַ/יֹּצִ֨אֲ/ךָ֜	c/3318	HC/Vhw3ms/Sp2ms	052g9
5	15	8		יְהוָ֤ה	3068	HNp	05PUa
5	15	9		אֱלֹהֶ֨י/ךָ֙	430	HNcmpc/Sp2ms	05r3q
5	15	10		מִ/שָּׁ֔ם	m/8033	HR/D	05i7e
5	15	11		בְּ/יָ֥ד	b/3027	HR/Ncbsa	05Mem
5	15	12		חֲזָקָ֖ה	2389	HAafsa	05wNK
5	15	13		וּ/בִ/זְרֹ֣עַ	c/b/2220	HC/R/Ncbsa	05bwY
5	15	14		נְטוּיָ֑ה	5186	HVqsfsa	055e6
5	15	15		עַל	5921 a	HR	05yr6
5	15	16		כֵּ֗ן	3651 c	HTm	05ckn
5	15	17		צִוְּ/ךָ֙	6680	HVpp3ms/Sp2ms	05vA4
5	15	18		יְהוָ֣ה	3068	HNp	05KEn
5	15	19		אֱלֹהֶ֔י/ךָ	430	HNcmpc/Sp2ms	05cPC
5	15	20		לַ/עֲשׂ֖וֹת	l/6213 a	HR/Vqc	05Eoc
5	15	21		אֶת	853	HTo	05Pdv
5	15	22		י֥וֹם	3117	HNcmsc	05S7t
5	15	23		הַ/שַׁבָּֽת	d/7676	HTd/Ncbsa	058F2
5	16	1		כַּבֵּ֤ד	3513	HVpa	05T2K
5	16	2		אֶת	853	HTo	05ouG
5	16	3		אָבִ֨י/ךָ֙	1	HNcmsc/Sp2ms	05xxG
5	16	4		וְ/אֶת	c/853	HC/To	05vin
5	16	5		אִמֶּ֔/ךָ	517	HNcfsc/Sp2ms	05KSD
5	16	6		כַּ/אֲשֶׁ֥ר	k/834 d	HR/Tr	05Eiv
5	16	7		צִוְּ/ךָ֖	6680	HVpp3ms/Sp2ms	05xpK
5	16	8		יְהוָ֣ה	3068	HNp	05Nix
5	16	9		אֱלֹהֶ֑י/ךָ	430	HNcmpc/Sp2ms	05q1J
5	16	10		לְמַ֣עַן	4616	HR	05Vg9
5	16	11		יַאֲרִיכֻ֣/ן	748	HVhi3mp/Sn	05642
5	16	12		יָמֶ֗י/ךָ	3117	HNcmpc/Sp2ms	05sWs
5	16	13		וּ/לְמַ֨עַן֙	c/4616	HC/R	05mUy
5	16	14		יִ֣יטַב	3190	HVqi3ms	05v3c
5	16	15		לָ֔/ךְ	l	HR/Sp2fs	05m6p
5	16	16		עַ֚ל	5921 a	HR	05BZu
5	16	17		הָֽ/אֲדָמָ֔ה	d/127	HTd/Ncfsa	05bwe
5	16	18		אֲשֶׁר	834 a	HTr	05AWj
5	16	19		יְהוָ֥ה	3068	HNp	05z96
5	16	20		אֱלֹהֶ֖י/ךָ	430	HNcmpc/Sp2ms	05ufK
5	16	21		נֹתֵ֥ן	5414	HVqrmsa	053CT
5	16	22		לָֽ/ךְ	l	HR/Sp2fs	05Uhd
5	17	1		לֹ֖א	3808	HTn	051i2
5	17	2		תִּרְצָֽח	7523	HVqi2ms	05Lzv
5	18	1		וְ/לֹ֖א	c/3808	HC/Tn	05Lun
5	18	2		תִּנְאָֽף	5003	HVqi2ms	05PbF
5	19	1		וְ/לֹ֖א	c/3808	HC/Tn	05suR
5	19	2		תִּגְנֹֽב	1589	HVqi2ms	05LXw
5	20	1		וְ/לֹֽא	c/3808	HC/Tn	05una
5	20	2		תַעֲנֶ֥ה	6030 b	HVqi2ms	05em6
5	20	3		בְ/רֵֽעֲ/ךָ֖	b/7453	HR/Ncmsc/Sp2ms	05157
5	20	4		עֵ֥ד	5707	HNcmsc	05quT
5	20	5		שָֽׁוְא	7723	HNcmsa	056Vo
5	21	1		וְ/לֹ֥א	c/3808	HC/Tn	05E91
5	21	2		תַחְמֹ֖ד	2530 a	HVqi2ms	053Cf
5	21	3		אֵ֣שֶׁת	802	HNcfsc	05bsi
5	21	4		רֵעֶ֑/ךָ	7453	HNcmsc/Sp2ms	05MWq
5	21	5		וְ/לֹ֨א	c/3808	HC/Tn	0534f
5	21	6		תִתְאַוֶּ֜ה	183	HVti2ms	05aVY
5	21	7		בֵּ֣ית	1004 b	HNcmsc	05hNg
5	21	8		רֵעֶ֗/ךָ	7453	HNcmsc/Sp2ms	05G8o
5	21	9		שָׂדֵ֜/הוּ	7704 b	HNcmsc/Sp3ms	053Gd
5	21	10		וְ/עַבְדּ֤/וֹ	c/5650	HC/Ncmsc/Sp3ms	05iWk
5	21	11		וַ/אֲמָת/וֹ֙	c/519	HC/Ncfsc/Sp3ms	05mCg
5	21	12		שׁוֹר֣/וֹ	7794	HNcmsc/Sp3ms	05tq2
5	21	13		וַ/חֲמֹר֔/וֹ	c/2543	HC/Ncbsc/Sp3ms	05V3N
5	21	14		וְ/כֹ֖ל	c/3605	HC/Ncmsa	05hKH
5	21	15		אֲשֶׁ֥ר	834 a	HTr	05NHj
5	21	16		לְ/רֵעֶֽ/ךָ	l/7453	HR/Ncmsc/Sp2ms	05Pym
5	22	1		אֶֽת	853	HTo	05D5E
5	22	2		הַ/דְּבָרִ֣ים	d/1697	HTd/Ncmpa	05rsU
5	22	3		הָ/אֵ֡לֶּה	d/428	HTd/Pdxcp	05nrb
5	22	4		דִּבֶּר֩	1696	HVpp3ms	05hgT
5	22	5		יְהוָ֨ה	3068	HNp	05ycN
5	22	6		אֶל	413	HR	058Zr
5	22	7		כָּל	3605	HNcmsc	05Lrg
5	22	8		קְהַלְ/כֶ֜ם	6951	HNcmsc/Sp2mp	051L6
5	22	9		בָּ/הָ֗ר	b/2022	HRd/Ncmsa	05159
5	22	10		מִ/תּ֤וֹךְ	m/8432	HR/Ncmsc	05yeC
5	22	11		הָ/אֵשׁ֙	d/784	HTd/Ncbsa	05Wj8
5	22	12		הֶֽ/עָנָ֣ן	d/6051	HTd/Ncmsa	05reX
5	22	13		וְ/הָֽ/עֲרָפֶ֔ל	c/d/6205	HC/Td/Ncmsa	05Lng
5	22	14		ק֥וֹל	6963 a	HNcmsa	05CzS
5	22	15		גָּד֖וֹל	1419 a	HAamsa	05RCv
5	22	16		וְ/לֹ֣א	c/3808	HC/Tn	05x1h
5	22	17		יָסָ֑ף	3254	HVqp3ms	05YBK
5	22	18		וַֽ/יִּכְתְּבֵ֗/ם	c/3789	HC/Vqw3ms/Sp3mp	05GL3
5	22	19		עַל	5921 a	HR	05r2t
5	22	20		שְׁנֵי֙	8147	HAcmdc	05rWe
5	22	21		לֻחֹ֣ת	3871	HNcmpc	05zto
5	22	22		אֲבָנִ֔ים	68	HNcfpa	05pCR
5	22	23		וַֽ/יִּתְּנֵ֖/ם	c/5414	HC/Vqw3ms/Sp3mp	057YV
5	22	24		אֵלָֽ/י	413	HR/Sp1cs	05K4a
5	23	1		וַ/יְהִ֗י	c/1961	HC/Vqw3ms	05N17
5	23	2		כְּ/שָׁמְעֲ/כֶ֤ם	k/8085	HR/Vqc/Sp2mp	053Nb
5	23	3		אֶת	853	HTo	05AES
5	23	4		הַ/קּוֹל֙	d/6963 a	HTd/Ncmsa	05hh3
5	23	5		מִ/תּ֣וֹךְ	m/8432	HR/Ncmsc	058xp
5	23	6		הַ/חֹ֔שֶׁךְ	d/2822	HTd/Ncmsa	05wfD
5	23	7		וְ/הָ/הָ֖ר	c/d/2022	HC/Td/Ncmsa	05Lka
5	23	8		בֹּעֵ֣ר	1197 a	HVqrmsa	05irT
5	23	9		בָּ/אֵ֑שׁ	b/784	HRd/Ncbsa	0522j
5	23	10		וַ/תִּקְרְב֣וּ/ן	c/7126	HC/Vqw2mp/Sn	052eE
5	23	11		אֵלַ֔/י	413	HR/Sp1cs	05sGR
5	23	12		כָּל	3605	HNcmsc	05FKm
5	23	13		רָאשֵׁ֥י	7218 a	HNcmpc	05eb4
5	23	14		שִׁבְטֵי/כֶ֖ם	7626	HNcmpc/Sp2mp	05fqb
5	23	15		וְ/זִקְנֵי/כֶֽם	c/2205	HC/Aampc/Sp2mp	05DUs
5	24	1		וַ/תֹּאמְר֗וּ	c/559	HC/Vqw2mp	05NwS
5	24	2		הֵ֣ן	2005	HTm	05SdY
5	24	3		הֶרְאָ֜/נוּ	7200	HVhp3ms/Sp1cp	051bU
5	24	4		יְהוָ֤ה	3068	HNp	05jno
5	24	5		אֱלֹהֵ֨י/נוּ֙	430	HNcmpc/Sp1cp	05E7d
5	24	6		אֶת	853	HTo	05z2B
5	24	7		כְּבֹד֣/וֹ	3519	HNcbsc/Sp3ms	05WGp
5	24	8		וְ/אֶת	c/853	HC/To	05CRu
5	24	9		גָּדְל֔/וֹ	1433	HNcmsc/Sp3ms	05fwL
5	24	10		וְ/אֶת	c/853	HC/To	05FAr
5	24	11		קֹל֥/וֹ	6963 a	HNcmsc/Sp3ms	05TtK
5	24	12		שָׁמַ֖עְנוּ	8085	HVqp1cp	05Bqs
5	24	13		מִ/תּ֣וֹךְ	m/8432	HR/Ncmsc	05UA1
5	24	14		הָ/אֵ֑שׁ	d/784	HTd/Ncbsa	05gLR
5	24	15		הַ/יּ֤וֹם	d/3117	HTd/Ncmsa	05T3A
5	24	16		הַ/זֶּה֙	d/2088	HTd/Pdxms	05tvs
5	24	17		רָאִ֔ינוּ	7200	HVqp1cp	05gbJ
5	24	18		כִּֽי	3588 a	HC	05pr6
5	24	19		יְדַבֵּ֧ר	1696	HVpi3ms	05T9M
5	24	20		אֱלֹהִ֛ים	430	HNcmpa	05P1q
5	24	21		אֶת	854	HR	05LYS
5	24	22		הָֽ/אָדָ֖ם	d/120	HTd/Ncmsa	05SKN
5	24	23		וָ/חָֽי	c/2425	HC/Vqq3ms	05BbD
5	25	1		וְ/עַתָּה֙	c/6258	HC/D	05VEJ
5	25	2		לָ֣/מָּה	l/4100	HR/Ti	05yhg
5	25	3		נָמ֔וּת	4191	HVqi1cp	05T7C
5	25	4		כִּ֣י	3588 a	HC	05smW
5	25	5		תֹֽאכְלֵ֔/נוּ	398	HVqi3fs/Sp1cp	05DB1
5	25	6		הָ/אֵ֥שׁ	d/784	HTd/Ncbsa	05Uz3
5	25	7		הַ/גְּדֹלָ֖ה	d/1419 a	HTd/Aafsa	057xd
5	25	8		הַ/זֹּ֑את	d/2063	HTd/Pdxfs	05We7
5	25	9		אִם	518 a	HC	05ab8
5	25	10		יֹסְפִ֣ים	3254	HVqrmpa	05umg
5	25	11		אֲנַ֗חְנוּ	587	HPp1cp	05DQn
5	25	12		לִ֠/שְׁמֹעַ	l/8085	HR/Vqc	05Pv1
5	25	13		אֶת	853	HTo	05qti
5	25	14		ק֨וֹל	6963 a	HNcmsc	05y7b
5	25	15		יְהוָ֧ה	3068	HNp	05mPV
5	25	16		אֱלֹהֵ֛י/נוּ	430	HNcmpc/Sp1cp	05X7Q
5	25	17		ע֖וֹד	5750	HD	05Ls7
5	25	18		וָ/מָֽתְנוּ	c/4191	HC/Vqq1cp	05pbK
5	26	1		כִּ֣י	3588 a	HC	05bd9
5	26	2		מִ֣י	4310	HTi	0566B
5	26	3		כָל	3605	HNcmsc	05UxB
5	26	4		בָּשָׂ֡ר	1320	HNcmsa	05EQ6
5	26	5		אֲשֶׁ֣ר	834 a	HTr	05Hsg
5	26	6		שָׁמַ֣ע	8085	HVqp3ms	05CV5
5	26	7		קוֹל֩	6963 a	HNcmsc	05KuH
5	26	8		אֱלֹהִ֨ים	430	HNcmpa	05174
5	26	9		חַיִּ֜ים	2416 a	HAampa	05Nyn
5	26	10		מְדַבֵּ֧ר	1696	HVprmsa	05L6v
5	26	11		מִ/תּוֹךְ	m/8432	HR/Ncmsc	05mn4
5	26	12		הָ/אֵ֛שׁ	d/784	HTd/Ncbsa	05Sga
5	26	13		כָּמֹ֖/נוּ	3644	HR/Sp1cp	05zPm
5	26	14		וַ/יֶּֽחִי	c/2421	HC/Vqw3ms	05dP1
5	27	1		קְרַ֤ב	7126	HVqv2ms	05G4w
5	27	2		אַתָּה֙	859 a	HPp2ms	05bsJ
5	27	3		וּֽ/שֲׁמָ֔ע	c/8085	HC/Vqv2ms	05WFx
5	27	4		אֵ֛ת	853	HTo	05fnp
5	27	5		כָּל	3605	HNcmsc	0531T
5	27	6		אֲשֶׁ֥ר	834 a	HTr	05CPt
5	27	7		יֹאמַ֖ר	559	HVqi3ms	05beX
5	27	8		יְהוָ֣ה	3068	HNp	05RAc
5	27	9		אֱלֹהֵ֑י/נוּ	430	HNcmpc/Sp1cp	051AV
5	27	10		וְ/אַ֣תְּ	c/859 c	HC/Pp2fs	054TA
5	27	11		תְּדַבֵּ֣ר	1696	HVpi2ms	05Dxr
5	27	12		אֵלֵ֗י/נוּ	413	HR/Sp1cp	05Xre
5	27	13		אֵת֩	853	HTo	059xv
5	27	14		כָּל	3605	HNcmsc	05wci
5	27	15		אֲשֶׁ֨ר	834 a	HTr	05MpA
5	27	16		יְדַבֵּ֜ר	1696	HVpi3ms	05Una
5	27	17		יְהוָ֧ה	3068	HNp	05jgC
5	27	18		אֱלֹהֵ֛י/נוּ	430	HNcmpc/Sp1cp	05EC9
5	27	19		אֵלֶ֖י/ךָ	413	HR/Sp2ms	05Ati
5	27	20		וְ/שָׁמַ֥עְנוּ	c/8085	HC/Vqq1cp	05BDF
5	27	21		וְ/עָשִֽׂינוּ	c/6213 a	HC/Vqq1cp	05cw6
5	28	1		וַ/יִּשְׁמַ֤ע	c/8085	HC/Vqw3ms	05xcg
5	28	2		יְהוָה֙	3068	HNp	053hZ
5	28	3		אֶת	853	HTo	05Gh2
5	28	4		ק֣וֹל	6963 a	HNcmsc	05tTX
5	28	5		דִּבְרֵי/כֶ֔ם	1697	HNcmpc/Sp2mp	05Khz
5	28	6		בְּ/דַבֶּרְ/כֶ֖ם	b/1696	HR/Vpc/Sp2mp	05A9P
5	28	7		אֵלָ֑/י	413	HR/Sp1cs	05kHE
5	28	8		וַ/יֹּ֨אמֶר	c/559	HC/Vqw3ms	053yK
5	28	9		יְהוָ֜ה	3068	HNp	058ib
5	28	10		אֵלַ֗/י	413	HR/Sp1cs	05cZW
5	28	11		שָׁ֠מַעְתִּי	8085	HVqp1cs	05qur
5	28	12		אֶת	853	HTo	05kHk
5	28	13		ק֨וֹל	6963 a	HNcmsc	056Dh
5	28	14		דִּבְרֵ֜י	1697	HNcmpc	05oAs
5	28	15		הָ/עָ֤ם	d/5971 a	HTd/Ncmsa	059eG
5	28	16		הַ/זֶּה֙	d/2088	HTd/Pdxms	05PZV
5	28	17		אֲשֶׁ֣ר	834 a	HTr	05GDR
5	28	18		דִּבְּר֣וּ	1696	HVpp3cp	0583x
5	28	19		אֵלֶ֔י/ךָ	413	HR/Sp2ms	05JGH
5	28	20		הֵיטִ֖יבוּ	3190	HVhp3cp	05XV5
5	28	21		כָּל	3605	HNcmsc	059Xx
5	28	22		אֲשֶׁ֥ר	834 a	HTr	05hrb
5	28	23		דִּבֵּֽרוּ	1696	HVpp3cp	051hG
5	29	1		מִֽי	4310	HTi	05qmG
5	29	2		יִתֵּ֡ן	5414	HVqi3ms	05VX8
5	29	3		וְ/הָיָה֩	c/1961	HC/Vqq3ms	059yf
5	29	4		לְבָבָ֨/ם	3824	HNcmsc/Sp3mp	054wk
5	29	5		זֶ֜ה	2088	HPdxms	05wip
5	29	6		לָ/הֶ֗ם	l	HR/Sp3mp	05cyY
5	29	7		לְ/יִרְאָ֥ה	l/3372	HR/Vqc	05vHx
5	29	8		אֹתִ֛/י	853	HTo/Sp1cs	05FX1
5	29	9		וְ/לִ/שְׁמֹ֥ר	c/l/8104	HC/R/Vqc	05eb2
5	29	10		אֶת	853	HTo	05c6H
5	29	11		כָּל	3605	HNcmsc	05aZW
5	29	12		מִצְוֺתַ֖/י	4687	HNcfpc/Sp1cs	055aX
5	29	13		כָּל	3605	HNcmsc	05U87
5	29	14		הַ/יָּמִ֑ים	d/3117	HTd/Ncmpa	05NqP
5	29	15		לְמַ֨עַן	4616	HR	05mnj
5	29	16		יִיטַ֥ב	3190	HVqi3ms	053KS
5	29	17		לָ/הֶ֛ם	l	HR/Sp3mp	05MZD
5	29	18		וְ/לִ/בְנֵי/הֶ֖ם	c/l/1121 a	HC/R/Ncmpc/Sp3mp	058qW
5	29	19		לְ/עֹלָֽם	l/5769	HR/Ncmsa	05FvR
5	30	1		לֵ֖ךְ	3212	HVqv2ms	05G9D
5	30	2		אֱמֹ֣ר	559	HVqv2ms	05VL7
5	30	3		לָ/הֶ֑ם	l	HR/Sp3mp	056Zy
5	30	4		שׁ֥וּבוּ	7725	HVqv2mp	05S9D
5	30	5		לָ/כֶ֖ם	l	HR/Sp2mp	05PJd
5	30	6		לְ/אָהֳלֵי/כֶֽם	l/168	HR/Ncmpc/Sp2mp	05nWN
5	31	1		וְ/אַתָּ֗ה	c/859 a	HC/Pp2ms	05Jus
5	31	2		פֹּה֮	6311	HD	05WyJ
5	31	3		עֲמֹ֣ד	5975	HVqv2ms	05AS9
5	31	4		עִמָּדִ/י֒	5978	HR/Sp1cs	05Kp3
5	31	5		וַ/אֲדַבְּרָ֣ה	c/1696	HC/Vph1cs	059db
5	31	6		אֵלֶ֗י/ךָ	413	HR/Sp2ms	05o7X
5	31	7		אֵ֧ת	853	HTo	05WoY
5	31	8		כָּל	3605	HNcmsc	051bu
5	31	9		הַ/מִּצְוָ֛ה	d/4687	HTd/Ncfsa	05cWZ
5	31	10		וְ/הַ/חֻקִּ֥ים	c/d/2706	HC/Td/Ncmpa	05c5u
5	31	11		וְ/הַ/מִּשְׁפָּטִ֖ים	c/d/4941	HC/Td/Ncmpa	05LeR
5	31	12		אֲשֶׁ֣ר	834 a	HTr	05vkF
5	31	13		תְּלַמְּדֵ֑/ם	3925	HVpi2ms/Sp3mp	05skP
5	31	14		וְ/עָשׂ֣וּ	c/6213 a	HC/Vqq3cp	05MnR
5	31	15		בָ/אָ֔רֶץ	b/776	HRd/Ncbsa	056Ze
5	31	16		אֲשֶׁ֧ר	834 a	HTr	05oeq
5	31	17		אָנֹכִ֛י	595	HPp1cs	05XJ4
5	31	18		נֹתֵ֥ן	5414	HVqrmsa	05VLE
5	31	19		לָ/הֶ֖ם	l	HR/Sp3mp	05RRT
5	31	20		לְ/רִשְׁתָּֽ/הּ	l/3423	HR/Vqc/Sp3fs	051WQ
5	32	1		וּ/שְׁמַרְתֶּ֣ם	c/8104	HC/Vqp2mp	05GpM
5	32	2		לַ/עֲשׂ֔וֹת	l/6213 a	HR/Vqc	05sbU
5	32	3		כַּ/אֲשֶׁ֥ר	k/834 d	HR/Tr	05WbS
5	32	4		צִוָּ֛ה	6680	HVpp3ms	05JSM
5	32	5		יְהוָ֥ה	3068	HNp	05LLT
5	32	6		אֱלֹהֵי/כֶ֖ם	430	HNcmpc/Sp2mp	059QD
5	32	7		אֶתְ/כֶ֑ם	853	HTo/Sp2mp	05Wuu
5	32	8		לֹ֥א	3808	HTn	05Pyy
5	32	9		תָסֻ֖רוּ	5493	HVqi2mp	05pqj
5	32	10		יָמִ֥ין	3225	HNcfsa	052yD
5	32	11		וּ/שְׂמֹֽאל	c/8040	HC/Ncmsa	05ydy
5	33	1		בְּ/כָל	b/3605	HR/Ncmsc	05Au7
5	33	2		הַ/דֶּ֗רֶךְ	d/1870	HTd/Ncbsa	05GwZ
5	33	3		אֲשֶׁ֨ר	834 a	HTr	05dXD
5	33	4		צִוָּ֜ה	6680	HVpp3ms	053Wn
5	33	5		יְהוָ֧ה	3068	HNp	056dK
5	33	6		אֱלֹהֵי/כֶ֛ם	430	HNcmpc/Sp2mp	05sKp
5	33	7		אֶתְ/כֶ֖ם	853	HTo/Sp2mp	05icY
5	33	8		תֵּלֵ֑כוּ	3212	HVqi2mp	05bVT
5	33	9		לְמַ֤עַן	4616	HR	05Vdb
5	33	10		תִּֽחְיוּ/ן֙	2421	HVqi2mp/Sn	05GEn
5	33	11		וְ/ט֣וֹב	c/2895	HC/Vqq3ms	05JcF
5	33	12		לָ/כֶ֔ם	l	HR/Sp2mp	05GWd
5	33	13		וְ/הַאֲרַכְתֶּ֣ם	c/748	HC/Vhq2mp	05S7b
5	33	14		יָמִ֔ים	3117	HNcmpa	05FMA
5	33	15		בָּ/אָ֖רֶץ	b/776	HRd/Ncbsa	057jb
5	33	16		אֲשֶׁ֥ר	834 a	HTr	05acY
5	33	17		תִּֽירָשֽׁוּ/ן	3423	HVqi2mp/Sn	05kuq
6	1	1		וְ/זֹ֣את	c/2063	HC/Pdxfs	0576D
6	1	2		הַ/מִּצְוָ֗ה	d/4687	HTd/Ncfsa	05sYV
6	1	3		הַֽ/חֻקִּים֙	d/2706	HTd/Ncmpa	05fgo
6	1	4		וְ/הַ/מִּשְׁפָּטִ֔ים	c/d/4941	HC/Td/Ncmpa	05C3i
6	1	5		אֲשֶׁ֥ר	834 a	HTr	05K31
6	1	6		צִוָּ֛ה	6680	HVpp3ms	05Mxg
6	1	7		יְהוָ֥ה	3068	HNp	05UVY
6	1	8		אֱלֹהֵי/כֶ֖ם	430	HNcmpc/Sp2mp	05ive
6	1	9		לְ/לַמֵּ֣ד	l/3925	HR/Vpc	05m9N
6	1	10		אֶתְ/כֶ֑ם	853	HTo/Sp2mp	05Gyf
6	1	11		לַ/עֲשׂ֣וֹת	l/6213 a	HR/Vqc	05j6U
6	1	12		בָּ/אָ֔רֶץ	b/776	HRd/Ncbsa	05T8G
6	1	13		אֲשֶׁ֥ר	834 a	HTr	05h69
6	1	14		אַתֶּ֛ם	859 d	HPp2mp	05Hpm
6	1	15		עֹבְרִ֥ים	5674 a	HVqrmpa	05U2e
6	1	16		שָׁ֖מָּ/ה	8033	HD/Sd	05UaK
6	1	17		לְ/רִשְׁתָּֽ/הּ	l/3423	HR/Vqc/Sp3fs	05FLe
6	2	1		לְמַ֨עַן	4616	HR	05TjF
6	2	2		תִּירָ֜א	3372	HVqi2ms	05tFS
6	2	3		אֶת	853	HTo	05wv4
6	2	4		יְהוָ֣ה	3068	HNp	051QE
6	2	5		אֱלֹהֶ֗י/ךָ	430	HNcmpc/Sp2ms	05HFk
6	2	6		לִ֠/שְׁמֹר	l/8104	HR/Vqc	05bMt
6	2	7		אֶת	853	HTo	05fjp
6	2	8		כָּל	3605	HNcmsc	05hSe
6	2	9		חֻקֹּתָ֣י/ו	2708	HNcbpc/Sp3ms	05JDi
6	2	10		וּ/מִצְוֺתָי/ו֮	c/4687	HC/Ncfpc/Sp3ms	05pLR
6	2	11		אֲשֶׁ֣ר	834 a	HTr	05UUk
6	2	12		אָנֹכִ֣י	595	HPp1cs	05FGD
6	2	13		מְצַוֶּ/ךָ֒	6680	HVprmsc/Sp2ms	05cjX
6	2	14		אַתָּה֙	859 a	HPp2ms	05BD2
6	2	15		וּ/בִנְ/ךָ֣	c/1121 a	HC/Ncmsc/Sp2ms	05fQf
6	2	16		וּ/בֶן	c/1121 a	HC/Ncmsc	05cFY
6	2	17		בִּנְ/ךָ֔	1121 a	HNcmsc/Sp2ms	05czF
6	2	18		כֹּ֖ל	3605	HNcmsc	05BK6
6	2	19		יְמֵ֣י	3117	HNcmpc	05drG
6	2	20		חַיֶּ֑י/ךָ	2416 e	HNcmpc/Sp2ms	05tUv
6	2	21		וּ/לְמַ֖עַן	c/4616	HC/R	05VQ4
6	2	22		יַאֲרִכֻ֥/ן	748	HVhi3mp/Sn	05S5J
6	2	23		יָמֶֽי/ךָ	3117	HNcmpc/Sp2ms	05bwb
6	3	1		וְ/שָׁמַעְתָּ֤	c/8085	HC/Vqq2ms	05gNm
6	3	2		יִשְׂרָאֵל֙	3478	HNp	05ZtA
6	3	3		וְ/שָׁמַרְתָּ֣	c/8104	HC/Vqq2ms	05u1F
6	3	4		לַ/עֲשׂ֔וֹת	l/6213 a	HR/Vqc	05agt
6	3	5		אֲשֶׁר֙	834 a	HTr	05csz
6	3	6		יִיטַ֣ב	3190	HVqi3ms	05wNM
6	3	7		לְ/ךָ֔	l	HR/Sp2ms	05rRN
6	3	8		וַ/אֲשֶׁ֥ר	c/834 a	HC/Tr	05Ade
6	3	9		תִּרְבּ֖וּ/ן	7235 a	HVqi2mp/Sn	05KH4
6	3	10		מְאֹ֑ד	3966	HD	05kAt
6	3	11		כַּ/אֲשֶׁר֩	k/834 d	HR/Tr	05JGi
6	3	12		דִּבֶּ֨ר	1696	HVpp3ms	05KWf
6	3	13		יְהוָ֜ה	3068	HNp	05mD6
6	3	14		אֱלֹהֵ֤י	430	HNcmpc	05xhB
6	3	15		אֲבֹתֶ֨י/ךָ֙	1	HNcmpc/Sp2ms	0575Z
6	3	16		לָ֔/ךְ	l	HR/Sp2fs	05vHP
6	3	17		אֶ֛רֶץ	776	HNcbsa	05CmX
6	3	18		זָבַ֥ת	2100	HVqrfsc	05rpF
6	3	19		חָלָ֖ב	2461	HNcmsa	0517V
6	3	20		וּ/דְבָֽשׁ	c/1706	HC/Ncmsa	05qbi
6	4	1		שְׁמַ֖ע	8085	HVqv2ms	05WH5
6	4	2		יִשְׂרָאֵ֑ל	3478	HNp	05Wu9
6	4	3		יְהוָ֥ה	3068	HNp	05Wfj
6	4	4		אֱלֹהֵ֖י/נוּ	430	HNcmpc/Sp1cp	05MRr
6	4	5		יְהוָ֥ה	3068	HNp	05d46
6	4	6		אֶחָֽד	259	HAcmsa	05vGY
6	5	1		וְ/אָ֣הַבְתָּ֔	c/157	HC/Vqq2ms	05MDm
6	5	2		אֵ֖ת	853	HTo	05dCq
6	5	3		יְהוָ֣ה	3068	HNp	05cAA
6	5	4		אֱלֹהֶ֑י/ךָ	430	HNcmpc/Sp2ms	05UYM
6	5	5		בְּ/כָל	b/3605	HR/Ncmsc	05NZQ
6	5	6		לְבָבְ/ךָ֥	3824	HNcmsc/Sp2ms	05afe
6	5	7		וּ/בְ/כָל	c/b/3605	HC/R/Ncmsc	05jFT
6	5	8		נַפְשְׁ/ךָ֖	5315	HNcbsc/Sp2ms	05VEv
6	5	9		וּ/בְ/כָל	c/b/3605	HC/R/Ncmsc	05dWK
6	5	10		מְאֹדֶֽ/ךָ	3966	HNcmsc/Sp2ms	05MeB
6	6	1		וְ/הָי֞וּ	c/1961	HC/Vqq3cp	05kAx
6	6	2		הַ/דְּבָרִ֣ים	d/1697	HTd/Ncmpa	05cC6
6	6	3		הָ/אֵ֗לֶּה	d/428	HTd/Pdxcp	05AoQ
6	6	4		אֲשֶׁ֨ר	834 a	HTr	05TQ4
6	6	5		אָנֹכִ֧י	595	HPp1cs	05pM2
6	6	6		מְצַוְּ/ךָ֛	6680	HVprmsc/Sp2ms	05fTE
6	6	7		הַ/יּ֖וֹם	d/3117	HTd/Ncmsa	05BxX
6	6	8		עַל	5921 a	HR	053b7
6	6	9		לְבָבֶֽ/ךָ	3824	HNcmsc/Sp2ms	0562B
6	7	1		וְ/שִׁנַּנְתָּ֣/ם	c/8150	HC/Vpq2ms/Sp3mp	05MnE
6	7	2		לְ/בָנֶ֔י/ךָ	l/1121 a	HR/Ncmpc/Sp2ms	055dP
6	7	3		וְ/דִבַּרְתָּ֖	c/1696	HC/Vpq2ms	05sJH
6	7	4		בָּ֑/ם	b	HR/Sp3mp	05Wke
6	7	5		בְּ/שִׁבְתְּ/ךָ֤	b/3427	HR/Vqc/Sp2ms	058Vg
6	7	6		בְּ/בֵיתֶ֨/ךָ֙	b/1004 b	HR/Ncmsc/Sp2ms	05NwX
6	7	7		וּ/בְ/לֶכְתְּ/ךָ֣	c/b/3212	HC/R/Vqc/Sp2ms	05VVb
6	7	8		בַ/דֶּ֔רֶךְ	b/1870	HRd/Ncbsa	05BJi
6	7	9		וּֽ/בְ/שָׁכְבְּ/ךָ֖	c/b/7901	HC/R/Vqc/Sp2ms	05dp9
6	7	10		וּ/בְ/קוּמֶֽ/ךָ	c/b/6965 b	HC/R/Vqc/Sp2ms	05ERi
6	8	1		וּ/קְשַׁרְתָּ֥/ם	c/7194	HC/Vqq2ms/Sp3mp	05riL
6	8	2		לְ/א֖וֹת	l/226	HR/Ncbsa	05qeW
6	8	3		עַל	5921 a	HR	052Cm
6	8	4		יָדֶ֑/ךָ	3027	HNcbsc/Sp2ms	05juK
6	8	5		וְ/הָי֥וּ	c/1961	HC/Vqq3cp	05CyD
6	8	6		לְ/טֹטָפֹ֖ת	l/2903	HR/Ncfpa	05CuU
6	8	7		בֵּ֥ין	996	HR	05fge
6	8	8		עֵינֶֽי/ךָ	5869 a	HNcbdc/Sp2ms	056Q1
6	9	1		וּ/כְתַבְתָּ֛/ם	c/3789	HC/Vqq2ms/Sp3mp	05zHR
6	9	2		עַל	5921 a	HR	05tip
6	9	3		מְזוּזֹ֥ת	4201	HNcfpc	05KkZ
6	9	4		בֵּיתֶ֖/ךָ	1004 b	HNcmsc/Sp2ms	05hTx
6	9	5		וּ/בִ/שְׁעָרֶֽי/ךָ	c/b/8179	HC/R/Ncmpc/Sp2ms	05ZqW
6	10	1		וְ/הָיָ֞ה	c/1961	HC/Vqq3ms	05kWc
6	10	2		כִּ֥י	3588 a	HC	05gXQ
6	10	3		יְבִיאֲ/ךָ֣	935	HVhi3ms/Sp2ms	05qr9
6	10	4		יְהוָ֣ה	3068	HNp	05TFW
6	10	5		אֱלֹהֶ֗י/ךָ	430	HNcmpc/Sp2ms	052cg
6	10	6		אֶל	413	HR	05G6q
6	10	7		הָ/אָ֜רֶץ	d/776	HTd/Ncbsa	05E2j
6	10	8		אֲשֶׁ֨ר	834 a	HTr	05tXV
6	10	9		נִשְׁבַּ֧ע	7650	HVNp3ms	057Ee
6	10	10		לַ/אֲבֹתֶ֛י/ךָ	l/1	HR/Ncmpc/Sp2ms	054LF
6	10	11		לְ/אַבְרָהָ֛ם	l/85	HR/Np	058Ur
6	10	12		לְ/יִצְחָ֥ק	l/3327	HR/Np	05UB3
6	10	13		וּֽ/לְ/יַעֲקֹ֖ב	c/l/3290	HC/R/Np	055iK
6	10	14		לָ֣/תֶת	l/5414	HR/Vqc	05Der
6	10	15		לָ֑/ךְ	l	HR/Sp2fs	05e1m
6	10	16		עָרִ֛ים	5892 b	HNcfpa	05JA6
6	10	17		גְּדֹלֹ֥ת	1419 a	HAafpa	05ZJi
6	10	18		וְ/טֹבֹ֖ת	c/2896 a	HC/Aafpa	05gKV
6	10	19		אֲשֶׁ֥ר	834 a	HTr	054qd
6	10	20		לֹא	3808	HTn	05LEv
6	10	21		בָנִֽיתָ	1129	HVqp2ms	05N84
6	11	1		וּ/בָ֨תִּ֜ים	c/1004 b	HC/Ncmpa	05rBZ
6	11	2		מְלֵאִ֣ים	4392	HAampa	05uki
6	11	3		כָּל	3605	HNcmsc	05uaL
6	11	4		טוּב֮	2898	HNcmsa	057ay
6	11	5		אֲשֶׁ֣ר	834 a	HTr	05VmT
6	11	6		לֹא	3808	HTn	05f8e
6	11	7		מִלֵּאתָ֒	4390	HVpp2ms	05rZF
6	11	8		וּ/בֹרֹ֤ת	c/953 a	HC/Ncmpa	05HRi
6	11	9		חֲצוּבִים֙	2672	HVqsmpa	05cpy
6	11	10		אֲשֶׁ֣ר	834 a	HTr	05N1Q
6	11	11		לֹא	3808	HTn	05g1a
6	11	12		חָצַ֔בְתָּ	2672	HVqp2ms	05sKY
6	11	13		כְּרָמִ֥ים	3754	HNcbpa	05CQw
6	11	14		וְ/זֵיתִ֖ים	c/2132	HC/Ncmpa	05C3C
6	11	15		אֲשֶׁ֣ר	834 a	HTr	05bgL
6	11	16		לֹא	3808	HTn	05NPP
6	11	17		נָטָ֑עְתָּ	5193	HVqp2ms	05son
6	11	18		וְ/אָכַלְתָּ֖	c/398	HC/Vqq2ms	05g5s
6	11	19		וְ/שָׂבָֽעְתָּ	c/7646	HC/Vqq2ms	05xyw
6	12	1		הִשָּׁ֣מֶר	8104	HVNv2ms	05UeH
6	12	2		לְ/ךָ֔	l	HR/Sp2ms	05LdR
6	12	3		פֶּן	6435	HC	05LmR
6	12	4		תִּשְׁכַּ֖ח	7911	HVqi2ms	05NJs
6	12	5		אֶת	853	HTo	05AjX
6	12	6		יְהוָ֑ה	3068	HNp	054wq
6	12	7		אֲשֶׁ֧ר	834 a	HTr	05Xv2
6	12	8		הוֹצִֽיאֲ/ךָ֛	3318	HVhp3ms/Sp2ms	05sVg
6	12	9		מֵ/אֶ֥רֶץ	m/776	HR/Ncbsc	05qDj
6	12	10		מִצְרַ֖יִם	4714	HNp	05A47
6	12	11		מִ/בֵּ֥ית	m/1004 b	HR/Ncmsc	05zoe
6	12	12		עֲבָדִֽים	5650	HNcmpa	05hNP
6	13	1		אֶת	853	HTo	05vwy
6	13	2		יְהוָ֧ה	3068	HNp	05grp
6	13	3		אֱלֹהֶ֛י/ךָ	430	HNcmpc/Sp2ms	0562m
6	13	4		תִּירָ֖א	3372	HVqi2ms	053iU
6	13	5		וְ/אֹת֣/וֹ	c/853	HC/To/Sp3ms	05VM7
6	13	6		תַעֲבֹ֑ד	5647	HVqi2ms	05MLL
6	13	7		וּ/בִ/שְׁמ֖/וֹ	c/b/8034	HC/R/Ncmsc/Sp3ms	054Gd
6	13	8		תִּשָּׁבֵֽעַ	7650	HVNi2ms	05KJT
6	14	1		לֹ֣א	3808	HTn	05usd
6	14	2		תֵֽלְכ֔וּ/ן	3212	HVqi2mp/Sn	051WV
6	14	3		אַחֲרֵ֖י	310 a	HR	05BBr
6	14	4		אֱלֹהִ֣ים	430	HNcmpa	05mUf
6	14	5		אֲחֵרִ֑ים	312	HAampa	05KL5
6	14	6		מֵ/אֱלֹהֵי֙	m/430	HR/Ncmpc	05ry1
6	14	7		הָֽ/עַמִּ֔ים	d/5971 a	HTd/Ncmpa	05C5C
6	14	8		אֲשֶׁ֖ר	834 a	HTr	05hY2
6	14	9		סְבִיבוֹתֵי/כֶֽם	5439	HNcbpc/Sp2mp	05dNn
6	15	1		כִּ֣י	3588 a	HC	05T9N
6	15	2		אֵ֥ל	410	HNcmsa	05Fig
6	15	3		קַנָּ֛א	7067	HAamsa	05h9t
6	15	4		יְהוָ֥ה	3068	HNp	056vs
6	15	5		אֱלֹהֶ֖י/ךָ	430	HNcmpc/Sp2ms	05Neq
6	15	6		בְּ/קִרְבֶּ֑/ךָ	b/7130	HR/Ncmsc/Sp2ms	05ESF
6	15	7		פֶּן	6435	HC	054Rb
6	15	8		יֶ֠חֱרֶה	2734	HVqi3ms	05f3R
6	15	9		אַף	639	HTa	05eYe
6	15	10		יְהוָ֤ה	3068	HNp	05tse
6	15	11		אֱלֹהֶ֨י/ךָ֙	430	HNcmpc/Sp2ms	05T7X
6	15	12		בָּ֔/ךְ	b	HR/Sp2fs	05Ao9
6	15	13		וְ/הִשְׁמִ֣ידְ/ךָ֔	c/8045	HC/Vhq3ms/Sp2ms	05dNk
6	15	14		מֵ/עַ֖ל	m/5921 a	HR/R	056Vu
6	15	15		פְּנֵ֥י	6440	HNcbpc	05UqP
6	15	16		הָ/אֲדָמָֽה	d/127	HTd/Ncfsa	05y9h
6	16	1		לֹ֣א	3808	HTn	051wY
6	16	2		תְנַסּ֔וּ	5254	HVpi2mp	05eab
6	16	3		אֶת	853	HTo	05woG
6	16	4		יְהוָ֖ה	3068	HNp	059sB
6	16	5		אֱלֹהֵי/כֶ֑ם	430	HNcmpc/Sp2mp	05Sgi
6	16	6		כַּ/אֲשֶׁ֥ר	k/834 d	HR/Tr	05CEB
6	16	7		נִסִּיתֶ֖ם	5254	HVpp2mp	052MH
6	16	8		בַּ/מַּסָּֽה	b/4532	HRd/Np	05mz9
6	17	1		שָׁמ֣וֹר	8104	HVqa	05HHZ
6	17	2		תִּשְׁמְר֔וּ/ן	8104	HVqi2mp/Sn	05JA2
6	17	3		אֶת	853	HTo	05Scx
6	17	4		מִצְוֺ֖ת	4687	HNcfpc	05gFo
6	17	5		יְהוָ֣ה	3068	HNp	056MJ
6	17	6		אֱלֹהֵי/כֶ֑ם	430	HNcmpc/Sp2mp	05ybQ
6	17	7		וְ/עֵדֹתָ֥י/ו	c/5713 b	HC/Ncfpc/Sp3ms	0546t
6	17	8		וְ/חֻקָּ֖י/ו	c/2706	HC/Ncmpc/Sp3ms	05vWK
6	17	9		אֲשֶׁ֥ר	834 a	HTr	05B91
6	17	10		צִוָּֽ/ךְ	6680	HVpp3ms/Sp2fs	05GeY
6	18	1		וְ/עָשִׂ֛יתָ	c/6213 a	HC/Vqq2ms	05WDj
6	18	2		הַ/יָּשָׁ֥ר	d/3477	HTd/Aamsa	05HnC
6	18	3		וְ/הַ/טּ֖וֹב	c/d/2896 a	HC/Td/Aamsa	05y8y
6	18	4		בְּ/עֵינֵ֣י	b/5869 a	HR/Ncbdc	05b5P
6	18	5		יְהוָ֑ה	3068	HNp	05adv
6	18	6		לְמַ֨עַן֙	4616	HR	05tpc
6	18	7		יִ֣יטַב	3190	HVqi3ms	059g8
6	18	8		לָ֔/ךְ	l	HR/Sp2fs	05ud1
6	18	9		וּ/בָ֗אתָ	c/935	HC/Vqq2ms	05ZMC
6	18	10		וְ/יָֽרַשְׁתָּ֙	c/3423	HC/Vqq2ms	05EHt
6	18	11		אֶת	853	HTo	05YsZ
6	18	12		הָ/אָ֣רֶץ	d/776	HTd/Ncbsa	056p4
6	18	13		הַ/טֹּבָ֔ה	d/2896 a	HTd/Aafsa	053FP
6	18	14		אֲשֶׁר	834 a	HTr	05GfA
6	18	15		נִשְׁבַּ֥ע	7650	HVNp3ms	05eA1
6	18	16		יְהוָ֖ה	3068	HNp	05cQD
6	18	17		לַ/אֲבֹתֶֽי/ךָ	l/1	HR/Ncmpc/Sp2ms	05RMQ
6	19	1		לַ/הֲדֹ֥ף	l/1920	HR/Vqc	05WdN
6	19	2		אֶת	853	HTo	05jG1
6	19	3		כָּל	3605	HNcmsc	0585m
6	19	4		אֹיְבֶ֖י/ךָ	341	HVqrmpc/Sp2ms	05iMR
6	19	5		מִ/פָּנֶ֑י/ךָ	m/6440	HR/Ncbpc/Sp2ms	053NL
6	19	6		כַּ/אֲשֶׁ֖ר	k/834 d	HR/Tr	05YEU
6	19	7		דִּבֶּ֥ר	1696	HVpp3ms	05Cch
6	19	8		יְהוָֽה	3068	HNp	05gkB
6	20	1		כִּֽי	3588 a	HC	05Kpe
6	20	2		יִשְׁאָלְ/ךָ֥	7592	HVqi3ms/Sp2ms	057Zk
6	20	3		בִנְ/ךָ֛	1121 a	HNcmsc/Sp2ms	05Ajz
6	20	4		מָחָ֖ר	4279	HNcmsa	05UQk
6	20	5		לֵ/אמֹ֑ר	l/559	HR/Vqc	05tfV
6	20	6		מָ֣ה	4100	HTi	0543s
6	20	7		הָ/עֵדֹ֗ת	d/5713 b	HTd/Ncfpa	05Ghn
6	20	8		וְ/הַֽ/חֻקִּים֙	c/d/2706	HC/Td/Ncmpa	05ZYn
6	20	9		וְ/הַ/מִּשְׁפָּטִ֔ים	c/d/4941	HC/Td/Ncmpa	059F4
6	20	10		אֲשֶׁ֥ר	834 a	HTr	0562h
6	20	11		צִוָּ֛ה	6680	HVpp3ms	05huk
6	20	12		יְהוָ֥ה	3068	HNp	05UDk
6	20	13		אֱלֹהֵ֖י/נוּ	430	HNcmpc/Sp1cp	05QuN
6	20	14		אֶתְ/כֶֽם	853	HTo/Sp2mp	05VQo
6	21	1		וְ/אָמַרְתָּ֣	c/559	HC/Vqq2ms	057dP
6	21	2		לְ/בִנְ/ךָ֔	l/1121 a	HR/Ncmsc/Sp2ms	05CUv
6	21	3		עֲבָדִ֛ים	5650	HNcmpa	05JqX
6	21	4		הָיִ֥ינוּ	1961	HVqp1cp	05iVc
6	21	5		לְ/פַרְעֹ֖ה	l/6547	HR/Np	05z3B
6	21	6		בְּ/מִצְרָ֑יִם	b/4714	HR/Np	05GFA
6	21	7		וַ/יּוֹצִיאֵ֧/נוּ	c/3318	HC/Vhw3ms/Sp1cp	05Wq6
6	21	8		יְהוָ֛ה	3068	HNp	05hEi
6	21	9		מִ/מִּצְרַ֖יִם	m/4714	HR/Np	05NJx
6	21	10		בְּ/יָ֥ד	b/3027	HR/Ncbsa	05YXv
6	21	11		חֲזָקָֽה	2389	HAafsa	05dTc
6	22	1		וַ/יִּתֵּ֣ן	c/5414	HC/Vqw3ms	053yW
6	22	2		יְהוָ֡ה	3068	HNp	051Xj
6	22	3		אוֹתֹ֣ת	226	HNcbpa	05gCC
6	22	4		וּ֠/מֹפְתִים	c/4159	HC/Ncmpa	05nPn
6	22	5		גְּדֹלִ֨ים	1419 a	HAampa	05men
6	22	6		וְ/רָעִ֧ים	c/7451 a	HC/Aampa	05Uos
6	22	7		בְּ/מִצְרַ֛יִם	b/4714	HR/Np	05gzF
6	22	8		בְּ/פַרְעֹ֥ה	b/6547	HR/Np	05z6v
6	22	9		וּ/בְ/כָל	c/b/3605	HC/R/Ncmsc	05o1v
6	22	10		בֵּית֖/וֹ	1004 b	HNcmsc/Sp3ms	058kX
6	22	11		לְ/עֵינֵֽי/נוּ	l/5869 a	HR/Ncbdc/Sp1cp	05VLR
6	23	1		וְ/אוֹתָ֖/נוּ	c/853	HC/To/Sp1cp	05PN4
6	23	2		הוֹצִ֣יא	3318	HVhp3ms	05T6a
6	23	3		מִ/שָּׁ֑ם	m/8033	HR/D	05ywW
6	23	4		לְמַ֨עַן֙	4616	HR	05aNz
6	23	5		הָבִ֣יא	935	HVhc	05f9a
6	23	6		אֹתָ֔/נוּ	853	HTo/Sp1cp	0565i
6	23	7		לָ֤/תֶת	l/5414	HR/Vqc	05fh4
6	23	8		לָ֨/נוּ֙	l	HR/Sp1cp	05Zxj
6	23	9		אֶת	853	HTo	05byd
6	23	10		הָ/אָ֔רֶץ	d/776	HTd/Ncbsa	054Ma
6	23	11		אֲשֶׁ֥ר	834 a	HTr	05gyw
6	23	12		נִשְׁבַּ֖ע	7650	HVNp3ms	05M2C
6	23	13		לַ/אֲבֹתֵֽי/נוּ	l/1	HR/Ncmpc/Sp1cp	05CL8
6	24	1		וַ/יְצַוֵּ֣/נוּ	c/6680	HC/Vpw3ms/Sp1cp	05uZX
6	24	2		יְהוָ֗ה	3068	HNp	05NYw
6	24	3		לַ/עֲשׂוֹת֙	l/6213 a	HR/Vqc	05NKz
6	24	4		אֶת	853	HTo	05V99
6	24	5		כָּל	3605	HNcmsc	05o3Y
6	24	6		הַ/חֻקִּ֣ים	d/2706	HTd/Ncmpa	05n3z
6	24	7		הָ/אֵ֔לֶּה	d/428	HTd/Pdxcp	05hkq
6	24	8		לְ/יִרְאָ֖ה	l/3372	HR/Vqc	05vp6
6	24	9		אֶת	853	HTo	05NvP
6	24	10		יְהוָ֣ה	3068	HNp	05ciJ
6	24	11		אֱלֹהֵ֑י/נוּ	430	HNcmpc/Sp1cp	055L4
6	24	12		לְ/ט֥וֹב	l/2896 b	HR/Aamsa	05i2j
6	24	13		לָ֨/נוּ֙	l	HR/Sp1cp	05YPx
6	24	14		כָּל	3605	HNcmsc	05FHp
6	24	15		הַ/יָּמִ֔ים	d/3117	HTd/Ncmpa	05AKQ
6	24	16		לְ/חַיֹּתֵ֖/נוּ	l/2421	HR/Vpc/Sp1cp	05c7n
6	24	17		כְּ/הַ/יּ֥וֹם	k/d/3117	HR/Td/Ncmsa	05qqw
6	24	18		הַ/זֶּֽה	d/2088	HTd/Pdxms	05tnE
6	25	1		וּ/צְדָקָ֖ה	c/6666	HC/Ncfsa	05M4D
6	25	2		תִּֽהְיֶה	1961	HVqi3fs	05kz5
6	25	3		לָּ֑/נוּ	l	HR/Sp1cp	051Pz
6	25	4		כִּֽי	3588 a	HC	05fz6
6	25	5		נִשְׁמֹ֨ר	8104	HVqi1cp	05EX2
6	25	6		לַ/עֲשׂ֜וֹת	l/6213 a	HR/Vqc	05j2V
6	25	7		אֶת	853	HTo	059Bj
6	25	8		כָּל	3605	HNcmsc	054gZ
6	25	9		הַ/מִּצְוָ֣ה	d/4687	HTd/Ncfsa	05Zbw
6	25	10		הַ/זֹּ֗את	d/2063	HTd/Pdxfs	05dMH
6	25	11		לִ/פְנֵ֛י	l/6440	HR/Ncbpc	05agv
6	25	12		יְהוָ֥ה	3068	HNp	05n4g
6	25	13		אֱלֹהֵ֖י/נוּ	430	HNcmpc/Sp1cp	05JoF
6	25	14		כַּ/אֲשֶׁ֥ר	k/834 d	HR/Tr	05f82
6	25	15		צִוָּֽ/נוּ	6680	HVpp3ms/Sp1cp	05YnB
7	1	1		כִּ֤י	3588 a	HC	05wpu
7	1	2		יְבִֽיאֲ/ךָ֙	935	HVhi3ms/Sp2ms	05E97
7	1	3		יְהוָ֣ה	3068	HNp	059vy
7	1	4		אֱלֹהֶ֔י/ךָ	430	HNcmpc/Sp2ms	05q1D
7	1	5		אֶל	413	HR	05RyE
7	1	6		הָ/אָ֕רֶץ	d/776	HTd/Ncbsa	05iBM
7	1	7		אֲשֶׁר	834 a	HTr	05HhJ
7	1	8		אַתָּ֥ה	859 a	HPp2ms	05H6z
7	1	9		בָא	935	HVqrmsa	05UDW
7	1	10		שָׁ֖מָּ/ה	8033	HD/Sd	05TRf
7	1	11		לְ/רִשְׁתָּ֑/הּ	l/3423	HR/Vqc/Sp3fs	05LcF
7	1	12		וְ/נָשַׁ֣ל	c/5394	HC/Vqq3ms	05xJK
7	1	13		גּֽוֹיִם	1471 a	HNcmpa	05kBm
7	1	14		רַבִּ֣ים	7227 a	HAampa	05yGN
7	1	15		מִ/פָּנֶ֡י/ךָ	m/6440	HR/Ncbpc/Sp2ms	05GMF
7	1	16		הַֽ/חִתִּי֩	d/2850	HTd/Ngmsa	05CG8
7	1	17		וְ/הַ/גִּרְגָּשִׁ֨י	c/d/1622	HC/Td/Ngmsa	053jX
7	1	18		וְ/הָ/אֱמֹרִ֜י	c/d/567	HC/Td/Ngmsa	05DX8
7	1	19		וְ/הַ/כְּנַעֲנִ֣י	c/d/3669 a	HC/Td/Ngmsa	05yZK
7	1	20		וְ/הַ/פְּרִזִּ֗י	c/d/6522	HC/Td/Ngmsa	05Ps4
7	1	21		וְ/הַֽ/חִוִּי֙	c/d/2340	HC/Td/Ngmsa	05jCy
7	1	22		וְ/הַ/יְבוּסִ֔י	c/d/2983	HC/Td/Ngmsa	05gAT
7	1	23		שִׁבְעָ֣ה	7651	HAcmsa	05Lva
7	1	24		גוֹיִ֔ם	1471 a	HNcmpa	05sCe
7	1	25		רַבִּ֥ים	7227 a	HAampa	05tYs
7	1	26		וַ/עֲצוּמִ֖ים	c/6099	HC/Aampa	05SFu
7	1	27		מִמֶּֽ/ךָּ	4480 a	HR/Sp2ms	05TPm
7	2	1		וּ/נְתָנָ֞/ם	c/5414	HC/Vqq3ms/Sp3mp	05VnF
7	2	2		יְהוָ֧ה	3068	HNp	05mUe
7	2	3		אֱלֹהֶ֛י/ךָ	430	HNcmpc/Sp2ms	05EBm
7	2	4		לְ/פָנֶ֖י/ךָ	l/6440	HR/Ncbpc/Sp2ms	05xzw
7	2	5		וְ/הִכִּיתָ֑/ם	c/5221	HC/Vhq2ms/Sp3mp	05Mj5
7	2	6		הַחֲרֵ֤ם	2763 a	HVha	05JHF
7	2	7		תַּחֲרִים֙	2763 a	HVhi2ms	056fJ
7	2	8		אֹתָ֔/ם	853	HTo/Sp3mp	05TPR
7	2	9		לֹא	3808	HTn	05N8B
7	2	10		תִכְרֹ֥ת	3772	HVqi2ms	05LP1
7	2	11		לָ/הֶ֛ם	l	HR/Sp3mp	05T1d
7	2	12		בְּרִ֖ית	1285	HNcfsa	05i6M
7	2	13		וְ/לֹ֥א	c/3808	HC/Tn	05YXc
7	2	14		תְחָנֵּֽ/ם	2603 a	HVqi2ms/Sp3mp	05feJ
7	3	1		וְ/לֹ֥א	c/3808	HC/Tn	052oS
7	3	2		תִתְחַתֵּ֖ן	2859 b	HVti2ms	05iQ7
7	3	3		בָּ֑/ם	b	HR/Sp3mp	05etD
7	3	4		בִּתְּ/ךָ֙	1323	HNcfsc/Sp2ms	05AJ9
7	3	5		לֹא	3808	HTn	05Y2o
7	3	6		תִתֵּ֣ן	5414	HVqi2ms	05zZV
7	3	7		לִ/בְנ֔/וֹ	l/1121 a	HR/Ncmsc/Sp3ms	05Mcm
7	3	8		וּ/בִתּ֖/וֹ	c/1323	HC/Ncfsc/Sp3ms	05NSu
7	3	9		לֹא	3808	HTn	05KVb
7	3	10		תִקַּ֥ח	3947	HVqi2ms	05KEV
7	3	11		לִ/בְנֶֽ/ךָ	l/1121 a	HR/Ncmsc/Sp2ms	051pu
7	4	1		כִּֽי	3588 a	HC	05fNB
7	4	2		יָסִ֤יר	5493	HVhi3ms	05uQ9
7	4	3		אֶת	853	HTo	05SCW
7	4	4		בִּנְ/ךָ֙	1121 a	HNcmsc/Sp2ms	057iT
7	4	5		מֵֽ/אַחֲרַ֔/י	m/310 a	HR/R/Sp1cs	05aZB
7	4	6		וְ/עָבְד֖וּ	c/5647	HC/Vqq3cp	05Jjb
7	4	7		אֱלֹהִ֣ים	430	HNcmpa	05DZq
7	4	8		אֲחֵרִ֑ים	312	HAampa	05iNw
7	4	9		וְ/חָרָ֤ה	c/2734	HC/Vqq3ms	05edn
7	4	10		אַף	639	HTa	058b9
7	4	11		יְהוָה֙	3068	HNp	052Bh
7	4	12		בָּ/כֶ֔ם	b	HR/Sp2mp	055eC
7	4	13		וְ/הִשְׁמִידְ/ךָ֖	c/8045	HC/Vhq3ms/Sp2ms	0544r
7	4	14		מַהֵֽר	4118 b	HVpa	055CX
7	5	1		כִּֽי	3588 b	HC	05pdB
7	5	2		אִם	518 b	HC	05NS8
7	5	3		כֹּ֤ה	3541	HD	057ET
7	5	4		תַעֲשׂוּ֙	6213 a	HVqi2mp	054Jq
7	5	5		לָ/הֶ֔ם	l	HR/Sp3mp	05hA6
7	5	6		מִזְבְּחֹתֵי/הֶ֣ם	4196	HNcmpc/Sp3mp	05Lzj
7	5	7		תִּתֹּ֔צוּ	5422	HVqi2mp	05QZt
7	5	8		וּ/מַצֵּבֹתָ֖/ם	c/4676	HC/Ncfpc/Sp3mp	05FUV
7	5	9		תְּשַׁבֵּ֑רוּ	7665	HVpi2mp	05eDe
7	5	10		וַ/אֲשֵֽׁירֵ/הֶם֙	c/842	HC/Np/Sp3mp	053fc
7	5	11		תְּגַדֵּע֔וּ/ן	1438	HVpi2mp/Sn	05TYP
7	5	12		וּ/פְסִילֵי/הֶ֖ם	c/6456	HC/Ncmpc/Sp3mp	05pVN
7	5	13		תִּשְׂרְפ֥וּ/ן	8313	HVqi2mp/Sn	05Nku
7	5	14		בָּ/אֵֽשׁ	b/784	HRd/Ncbsa	05ypK
7	6	1		כִּ֣י	3588 a	HC	05Yts
7	6	2		עַ֤ם	5971 a	HNcmsa	051in
7	6	3		קָדוֹשׁ֙	6918	HAamsa	05JDW
7	6	4		אַתָּ֔ה	859 a	HPp2ms	05wBA
7	6	5		לַ/יהוָ֖ה	l/3068	HR/Np	05Jon
7	6	6		אֱלֹהֶ֑י/ךָ	430	HNcmpc/Sp2ms	05eep
7	6	7		בְּ/ךָ֞	b	HR/Sp2ms	05548
7	6	8		בָּחַ֣ר	977	HVqp3ms	05Wut
7	6	9		יְהוָ֣ה	3068	HNp	05pLk
7	6	10		אֱלֹהֶ֗י/ךָ	430	HNcmpc/Sp2ms	05DJ2
7	6	11		לִ/הְי֥וֹת	l/1961	HR/Vqc	05gco
7	6	12		ל/וֹ֙	l	HR/Sp3ms	05kQS
7	6	13		לְ/עַ֣ם	l/5971 a	HR/Ncmsc	05tuE
7	6	14		סְגֻלָּ֔ה	5459	HNcfsa	05uja
7	6	15		מִ/כֹּל֙	m/3605	HR/Ncmsc	05GwE
7	6	16		הָֽ/עַמִּ֔ים	d/5971 a	HTd/Ncmpa	05XRt
7	6	17		אֲשֶׁ֖ר	834 a	HTr	05Wxh
7	6	18		עַל	5921 a	HR	05bfm
7	6	19		פְּנֵ֥י	6440	HNcbpc	05my2
7	6	20		הָ/אֲדָמָֽה	d/127	HTd/Ncfsa	05Cn7
7	7	1		לֹ֣א	3808	HTn	0543d
7	7	2		מֵֽ/רֻבְּ/כֶ֞ם	m/7230	HR/Vqc/Sp2mp	05KUk
7	7	3		מִ/כָּל	m/3605	HR/Ncmsc	05ssc
7	7	4		הָֽ/עַמִּ֗ים	d/5971 a	HTd/Ncmpa	05EV7
7	7	5		חָשַׁ֧ק	2836 a	HVqp3ms	058aA
7	7	6		יְהוָ֛ה	3068	HNp	05xWZ
7	7	7		בָּ/כֶ֖ם	b	HR/Sp2mp	05cXS
7	7	8		וַ/יִּבְחַ֣ר	c/977	HC/Vqw3ms	05tBh
7	7	9		בָּ/כֶ֑ם	b	HR/Sp2mp	05eyN
7	7	10		כִּֽי	3588 a	HC	05SSh
7	7	11		אַתֶּ֥ם	859 d	HPp2mp	0563d
7	7	12		הַ/מְעַ֖ט	d/4592	HTd/Ncmsa	05R11
7	7	13		מִ/כָּל	m/3605	HR/Ncmsc	05pNu
7	7	14		הָ/עַמִּֽים	d/5971 a	HTd/Ncmpa	057VF
7	8	1		כִּי֩	3588 a	HC	05zUM
7	8	2		מֵֽ/אַהֲבַ֨ת	m/160	HR/Vqc	05zd9
7	8	3		יְהוָ֜ה	3068	HNp	05FAY
7	8	4		אֶתְ/כֶ֗ם	853	HTo/Sp2mp	05Pfc
7	8	5		וּ/מִ/שָּׁמְר֤/וּ	c/m/8104	HC/R/Vqc/Sp3ms	05iza
7	8	6		אֶת	853	HTo	05AYM
7	8	7		הַ/שְּׁבֻעָה֙	d/7621	HTd/Ncfsa	05GmN
7	8	8		אֲשֶׁ֤ר	834 a	HTr	05pSh
7	8	9		נִשְׁבַּע֙	7650	HVNp3ms	05C37
7	8	10		לַ/אֲבֹ֣תֵי/כֶ֔ם	l/1	HR/Ncmpc/Sp2mp	05yoT
7	8	11		הוֹצִ֧יא	3318	HVhp3ms	05LMx
7	8	12		יְהוָ֛ה	3068	HNp	0523n
7	8	13		אֶתְ/כֶ֖ם	853	HTo/Sp2mp	05Cb2
7	8	14		בְּ/יָ֣ד	b/3027	HR/Ncbsa	057qP
7	8	15		חֲזָקָ֑ה	2389	HAafsa	05FVN
7	8	16		וַֽ/יִּפְדְּ/ךָ֙	c/6299	HC/Vqw3ms/Sp2ms	05jaF
7	8	17		מִ/בֵּ֣ית	m/1004 b	HR/Ncmsc	05rR2
7	8	18		עֲבָדִ֔ים	5650	HNcmpa	05BLG
7	8	19		מִ/יַּ֖ד	m/3027	HR/Ncbsc	05bNh
7	8	20		פַּרְעֹ֥ה	6547	HNp	0561z
7	8	21		מֶֽלֶךְ	4428	HNcmsc	05Qhh
7	8	22		מִצְרָֽיִם	4714	HNp	05VkB
7	9	1		וְ/יָ֣דַעְתָּ֔	c/3045	HC/Vqq2ms	05NxJ
7	9	2		כִּֽי	3588 a	HC	05u2w
7	9	3		יְהוָ֥ה	3068	HNp	05s85
7	9	4		אֱלֹהֶ֖י/ךָ	430	HNcmpc/Sp2ms	0554v
7	9	5		ה֣וּא	1931	HPp3ms	05xWQ
7	9	6		הָֽ/אֱלֹהִ֑ים	d/430	HTd/Ncmpa	05ksV
7	9	7		הָ/אֵל֙	d/410	HTd/Ncmsa	05k9V
7	9	8		הַֽ/נֶּאֱמָ֔ן	d/539	HTd/VNrmsa	05isA
7	9	9		שֹׁמֵ֧ר	8104	HVqrmsa	056cS
7	9	10		הַ/בְּרִ֣ית	d/1285	HTd/Ncfsa	05KP7
7	9	11		וְ/הַ/חֶ֗סֶד	c/d/2617 a	HC/Td/Ncmsa	05sYq
7	9	12		לְ/אֹהֲבָ֛י/ו	l/157	HR/Vqrmpc/Sp3ms	05dVu
7	9	13		וּ/לְ/שֹׁמְרֵ֥י	c/l/8104	HC/R/Vqrmpc	05erv
7	9	14	x-ketiv	מצות/ו	4687	HNcfpc/Sp3ms	05BBL
7	9	15		מִצְוֺתָ֖י/ו	4687	HNcfpc/Sp3ms	05JW8
7	9	16		לְ/אֶ֥לֶף	l/505	HR/Acbsa	05uiW
7	9	17		דּֽוֹר	1755	HNcmsa	05dve
7	10	1		וּ/מְשַׁלֵּ֧ם	c/7999 a	HC/Vprmsa	05xj3
7	10	2		לְ/שֹׂנְאָ֛י/ו	l/8130	HR/Vqrmpc/Sp3ms	0542S
7	10	3		אֶל	413	HR	05rNq
7	10	4		פָּנָ֖י/ו	6440	HNcbpc/Sp3ms	05iqd
7	10	5		לְ/הַאֲבִיד֑/וֹ	l/6	HR/Vhc/Sp3ms	05QZU
7	10	6		לֹ֤א	3808	HTn	05Fnj
7	10	7		יְאַחֵר֙	309	HVpi3ms	05F7f
7	10	8		לְ/שֹׂ֣נְא֔/וֹ	l/8130	HR/Vqrmsc/Sp3ms	05aPG
7	10	9		אֶל	413	HR	05k2V
7	10	10		פָּנָ֖י/ו	6440	HNcbpc/Sp3ms	05fyM
7	10	11		יְשַׁלֶּם	7999 a	HVpi3ms	05LMG
7	10	12		לֽ/וֹ	l	HR/Sp3ms	053Ju
7	11	1		וְ/שָׁמַרְתָּ֨	c/8104	HC/Vqq2ms	053rQ
7	11	2		אֶת	853	HTo	05DaL
7	11	3		הַ/מִּצְוָ֜ה	d/4687	HTd/Ncfsa	05Y6J
7	11	4		וְ/אֶת	c/853	HC/To	05pyb
7	11	5		הַֽ/חֻקִּ֣ים	d/2706	HTd/Ncmpa	05wLg
7	11	6		וְ/אֶת	c/853	HC/To	05cAP
7	11	7		הַ/מִּשְׁפָּטִ֗ים	d/4941	HTd/Ncmpa	05cSt
7	11	8		אֲשֶׁ֨ר	834 a	HTr	05D4i
7	11	9		אָנֹכִ֧י	595	HPp1cs	05qRk
7	11	10		מְצַוְּ/ךָ֛	6680	HVprmsc/Sp2ms	05n62
7	11	11		הַ/יּ֖וֹם	d/3117	HTd/Ncmsa	05jjF
7	11	12		לַ/עֲשׂוֹתָֽ/ם	l/6213 a	HR/Vqc/Sp3mp	05ygr
7	12	1		וְ/הָיָ֣ה	c/1961	HC/Vqq3ms	05qTN
7	12	2		עֵ֣קֶב	6118	HNcmsc	05Wwg
7	12	3		תִּשְׁמְע֗וּ/ן	8085	HVqi2mp/Sn	05eyj
7	12	4		אֵ֤ת	853	HTo	05JBd
7	12	5		הַ/מִּשְׁפָּטִים֙	d/4941	HTd/Ncmpa	05CYn
7	12	6		הָ/אֵ֔לֶּה	d/428	HTd/Pdxcp	05fze
7	12	7		וּ/שְׁמַרְתֶּ֥ם	c/8104	HC/Vqq2mp	05bKv
7	12	8		וַ/עֲשִׂיתֶ֖ם	c/6213 a	HC/Vqq2mp	05MUZ
7	12	9		אֹתָ֑/ם	853	HTo/Sp3mp	05W4g
7	12	10		וְ/שָׁמַר֩	c/8104	HC/Vqq3ms	05Dz4
7	12	11		יְהוָ֨ה	3068	HNp	057Fu
7	12	12		אֱלֹהֶ֜י/ךָ	430	HNcmpc/Sp2ms	056Dy
7	12	13		לְ/ךָ֗	l	HR/Sp2ms	05Zik
7	12	14		אֶֽת	853	HTo	05G5G
7	12	15		הַ/בְּרִית֙	d/1285	HTd/Ncfsa	057C8
7	12	16		וְ/אֶת	c/853	HC/To	05KjQ
7	12	17		הַ/חֶ֔סֶד	d/2617 a	HTd/Ncmsa	05wVX
7	12	18		אֲשֶׁ֥ר	834 a	HTr	05FD2
7	12	19		נִשְׁבַּ֖ע	7650	HVNp3ms	05wMc
7	12	20		לַ/אֲבֹתֶֽי/ךָ	l/1	HR/Ncmpc/Sp2ms	05srH
7	13	1		וַ/אֲהֵ֣בְ/ךָ֔	c/157	HC/Vqq3ms/Sp2ms	05Fvm
7	13	2		וּ/בֵרַכְ/ךָ֖	c/1288	HC/Vpq3ms/Sp2ms	05wn4
7	13	3		וְ/הִרְבֶּ֑/ךָ	c/7235 a	HC/Vhq3ms/Sp2ms	051w4
7	13	4		וּ/בֵרַ֣ךְ	c/1288	HC/Vpq3ms	05cem
7	13	5		פְּרִֽי	6529	HNcmsc	05ngH
7	13	6		בִטְנְ/ךָ֣	990	HNcfsc/Sp2ms	05vGA
7	13	7		וּ/פְרִֽי	c/6529	HC/Ncmsc	05nx3
7	13	8		אַ֠דְמָתֶ/ךָ	127	HNcfsc/Sp2ms	05tVG
7	13	9		דְּגָ֨נְ/ךָ֜	1715	HNcmsc/Sp2ms	054Qa
7	13	10		וְ/תִֽירֹשְׁ/ךָ֣	c/8492	HC/Ncmsc/Sp2ms	05WJt
7	13	11		וְ/יִצְהָרֶ֗/ךָ	c/3323	HC/Ncmsc/Sp2ms	05L5d
7	13	12		שְׁגַר	7698	HNcmsc	05ZeR
7	13	13		אֲלָפֶ֨י/ךָ֙	504	HNcmpc/Sp2ms	05hgx
7	13	14		וְ/עַשְׁתְּרֹ֣ת	c/6251	HC/Np	05og7
7	13	15		צֹאנֶ֔/ךָ	6629	HNcbsc/Sp2ms	05egd
7	13	16		עַ֚ל	5921 a	HR	05LrY
7	13	17		הָֽ/אֲדָמָ֔ה	d/127	HTd/Ncfsa	05WQT
7	13	18		אֲשֶׁר	834 a	HTr	05m63
7	13	19		נִשְׁבַּ֥ע	7650	HVNp3ms	05pfS
7	13	20		לַ/אֲבֹתֶ֖י/ךָ	l/1	HR/Ncmpc/Sp2ms	053aE
7	13	21		לָ֥/תֶת	l/5414	HR/Vqc	053rZ
7	13	22		לָֽ/ךְ	l	HR/Sp2fs	05Utw
7	14	1		בָּר֥וּךְ	1288	HVqsmsa	05fdq
7	14	2		תִּֽהְיֶ֖ה	1961	HVqi2ms	05sSt
7	14	3		מִ/כָּל	m/3605	HR/Ncmsc	05o26
7	14	4		הָ/עַמִּ֑ים	d/5971 a	HTd/Ncmpa	05hex
7	14	5		לֹא	3808	HTn	05uGG
7	14	6		יִהְיֶ֥ה	1961	HVqi3ms	052V5
7	14	7		בְ/ךָ֛	b	HR/Sp2ms	05UQx
7	14	8		עָקָ֥ר	6135	HAamsa	05rB8
7	14	9		וַֽ/עֲקָרָ֖ה	c/6135	HC/Aafsa	05SGD
7	14	10		וּ/בִ/בְהֶמְתֶּֽ/ךָ	c/b/929	HC/R/Ncfsc/Sp2ms	05YJd
7	15	1		וְ/הֵסִ֧יר	c/5493	HC/Vhq3ms	05v6S
7	15	2		יְהוָ֛ה	3068	HNp	05v1o
7	15	3		מִמְּ/ךָ֖	4480 a	HR/Sp2ms	05JVz
7	15	4		כָּל	3605	HNcmsc	05bm5
7	15	5		חֹ֑לִי	2483	HNcmsa	05WDC
7	15	6		וְ/כָל	c/3605	HC/Ncmsc	05ZQ7
7	15	7		מַדְוֵי֩	4064	HNcmpc	05Xbu
7	15	8		מִצְרַ֨יִם	4714	HNp	05JZB
7	15	9		הָ/רָעִ֜ים	d/7451 a	HTd/Aampa	057QY
7	15	10		אֲשֶׁ֣ר	834 a	HTr	05o5y
7	15	11		יָדַ֗עְתָּ	3045	HVqp2ms	05mvb
7	15	12		לֹ֤א	3808	HTn	05W2N
7	15	13		יְשִׂימָ/ם֙	7760 a	HVqi3ms/Sp3mp	0539a
7	15	14		בָּ֔/ךְ	b	HR/Sp2fs	052VQ
7	15	15		וּ/נְתָנָ֖/ם	c/5414	HC/Vqq3ms/Sp3mp	05gJa
7	15	16		בְּ/כָל	b/3605	HR/Ncmsc	05fqt
7	15	17		שֹׂנְאֶֽי/ךָ	8130	HVqrmpc/Sp2ms	05JGt
7	16	1		וְ/אָכַלְתָּ֣	c/398	HC/Vqq2ms	05Us4
7	16	2		אֶת	853	HTo	05Bwu
7	16	3		כָּל	3605	HNcmsc	052RT
7	16	4		הָֽ/עַמִּ֗ים	d/5971 a	HTd/Ncmpa	05tgM
7	16	5		אֲשֶׁ֨ר	834 a	HTr	05d4t
7	16	6		יְהוָ֤ה	3068	HNp	05jU8
7	16	7		אֱלֹהֶ֨י/ךָ֙	430	HNcmpc/Sp2ms	05raX
7	16	8		נֹתֵ֣ן	5414	HVqrmsa	05dm8
7	16	9		לָ֔/ךְ	l	HR/Sp2fs	05L5p
7	16	10		לֹא	3808	HTn	05vru
7	16	11		תָחֹ֥ס	2347	HVqi3fs	05Kbe
7	16	12		עֵֽינְ/ךָ֖	5869 a	HNcbsc/Sp2ms	05tHL
7	16	13		עֲלֵי/הֶ֑ם	5921 a	HR/Sp3mp	05qZL
7	16	14		וְ/לֹ֤א	c/3808	HC/Tn	05qwh
7	16	15		תַעֲבֹד֙	5647	HVqi2ms	05iMv
7	16	16		אֶת	853	HTo	05DuZ
7	16	17		אֱלֹ֣הֵי/הֶ֔ם	430	HNcmpc/Sp3mp	05fLk
7	16	18		כִּֽי	3588 a	HC	05ACT
7	16	19		מוֹקֵ֥שׁ	4170	HNcmsa	054RB
7	16	20		ה֖וּא	1931	HPp3ms	05pid
7	16	21		לָֽ/ךְ	l	HR/Sp2fs	05uiv
7	17	1		כִּ֤י	3588 a	HC	05HVX
7	17	2		תֹאמַר֙	559	HVqi2ms	05Mk2
7	17	3		בִּ/לְבָ֣בְ/ךָ֔	b/3824	HR/Ncmsc/Sp2ms	05aoG
7	17	4		רַבִּ֛ים	7227 a	HAampa	05c8D
7	17	5		הַ/גּוֹיִ֥ם	d/1471 a	HTd/Ncmpa	059se
7	17	6		הָ/אֵ֖לֶּה	d/428	HTd/Pdxcp	05rn8
7	17	7		מִמֶּ֑/נִּי	4480 a	HR/Sp1cs	05nqT
7	17	8		אֵיכָ֥ה	349 b	HTi	05wMG
7	17	9		אוּכַ֖ל	3201	HVqi1cs	05MNS
7	17	10		לְ/הוֹרִישָֽׁ/ם	l/3423	HR/Vhc/Sp3mp	05Y7c
7	18	1		לֹ֥א	3808	HTn	05ohk
7	18	2		תִירָ֖א	3372	HVqi2ms	05ujT
7	18	3		מֵ/הֶ֑ם	m	HR/Sp3mp	05sac
7	18	4		זָכֹ֣ר	2142	HVqa	05URC
7	18	5		תִּזְכֹּ֗ר	2142	HVqi2ms	05uyH
7	18	6		אֵ֤ת	853	HTo	059oK
7	18	7		אֲשֶׁר	834 a	HTr	05nuG
7	18	8		עָשָׂה֙	6213 a	HVqp3ms	05Uae
7	18	9		יְהוָ֣ה	3068	HNp	055P4
7	18	10		אֱלֹהֶ֔י/ךָ	430	HNcmpc/Sp2ms	05pNa
7	18	11		לְ/פַרְעֹ֖ה	l/6547	HR/Np	05xdk
7	18	12		וּ/לְ/כָל	c/l/3605	HC/R/Ncmsc	05aQh
7	18	13		מִצְרָֽיִם	4714	HNp	056HC
7	19	1		הַ/מַּסֹּ֨ת	d/4531 b	HTd/Ncfpa	05Pz9
7	19	2		הַ/גְּדֹלֹ֜ת	d/1419 a	HTd/Aafpa	05Hq3
7	19	3		אֲשֶׁר	834 a	HTr	05Rne
7	19	4		רָא֣וּ	7200	HVqp3cp	05AFm
7	19	5		עֵינֶ֗י/ךָ	5869 a	HNcbdc/Sp2ms	05CqQ
7	19	6		וְ/הָ/אֹתֹ֤ת	c/d/226	HC/Td/Ncbpa	054pF
7	19	7		וְ/הַ/מֹּֽפְתִים֙	c/d/4159	HC/Td/Ncmpa	05uJp
7	19	8		וְ/הַ/יָּ֤ד	c/d/3027	HC/Td/Ncbsa	05TaS
7	19	9		הַ/חֲזָקָה֙	d/2389	HTd/Aafsa	05LLF
7	19	10		וְ/הַ/זְּרֹ֣עַ	c/d/2220	HC/Td/Ncbsa	05bDy
7	19	11		הַ/נְּטוּיָ֔ה	d/5186	HTd/Vqsfsa	05iov
7	19	12		אֲשֶׁ֥ר	834 a	HTr	05sPA
7	19	13		הוֹצִֽאֲ/ךָ֖	3318	HVhp3ms/Sp2ms	05CJX
7	19	14		יְהוָ֣ה	3068	HNp	05ANN
7	19	15		אֱלֹהֶ֑י/ךָ	430	HNcmpc/Sp2ms	0595S
7	19	16		כֵּֽן	3651 c	HTm	058xm
7	19	17		יַעֲשֶׂ֞ה	6213 a	HVqi3ms	05gX2
7	19	18		יְהוָ֤ה	3068	HNp	05r7E
7	19	19		אֱלֹהֶ֨י/ךָ֙	430	HNcmpc/Sp2ms	05bzy
7	19	20		לְ/כָל	l/3605	HR/Ncmsc	05Zd9
7	19	21		הָ֣/עַמִּ֔ים	d/5971 a	HTd/Ncmpa	058Dv
7	19	22		אֲשֶׁר	834 a	HTr	05NTZ
7	19	23		אַתָּ֥ה	859 a	HPp2ms	05775
7	19	24		יָרֵ֖א	3373	HAamsa	05Fmt
7	19	25		מִ/פְּנֵי/הֶֽם	m/6440	HR/Ncbpc/Sp3mp	05eCW
7	20	1		וְ/גַם֙	c/1571	HC/Ta	052pa
7	20	2		אֶת	853	HTo	05kxp
7	20	3		הַ/צִּרְעָ֔ה	d/6880	HTd/Ncfsa	05vnr
7	20	4		יְשַׁלַּ֛ח	7971	HVpi3ms	05SfR
7	20	5		יְהוָ֥ה	3068	HNp	05PA5
7	20	6		אֱלֹהֶ֖י/ךָ	430	HNcmpc/Sp2ms	056gb
7	20	7		בָּ֑/ם	b	HR/Sp3mp	05or6
7	20	8		עַד	5704	HR	05Zed
7	20	9		אֲבֹ֗ד	6	HVqc	05u6X
7	20	10		הַ/נִּשְׁאָרִ֛ים	d/7604	HTd/VNrmpa	05nm9
7	20	11		וְ/הַ/נִּסְתָּרִ֖ים	c/d/5641	HC/Td/VNrmpa	053PJ
7	20	12		מִ/פָּנֶֽי/ךָ	m/6440	HR/Ncbpc/Sp2ms	055ZM
7	21	1		לֹ֥א	3808	HTn	05fYy
7	21	2		תַעֲרֹ֖ץ	6206	HVqi2ms	05UBS
7	21	3		מִ/פְּנֵי/הֶ֑ם	m/6440	HR/Ncbpc/Sp3mp	051iG
7	21	4		כִּֽי	3588 a	HC	05ZqA
7	21	5		יְהוָ֤ה	3068	HNp	05dKb
7	21	6		אֱלֹהֶ֨י/ךָ֙	430	HNcmpc/Sp2ms	05qiR
7	21	7		בְּ/קִרְבֶּ֔/ךָ	b/7130	HR/Ncmsc/Sp2ms	05amo
7	21	8		אֵ֥ל	410	HNcmsa	054Xh
7	21	9		גָּד֖וֹל	1419 a	HAamsa	055e5
7	21	10		וְ/נוֹרָֽא	c/3372	HC/VNrmsa	05p9R
7	22	1		וְ/נָשַׁל֩	c/5394	HC/Vqq3ms	05dTq
7	22	2		יְהוָ֨ה	3068	HNp	05wep
7	22	3		אֱלֹהֶ֜י/ךָ	430	HNcmpc/Sp2ms	05Uo7
7	22	4		אֶת	853	HTo	05Y7e
7	22	5		הַ/גּוֹיִ֥ם	d/1471 a	HTd/Ncmpa	05Hgx
7	22	6		הָ/אֵ֛ל	d/411	HTd/Pdxcp	05G3x
7	22	7		מִ/פָּנֶ֖י/ךָ	m/6440	HR/Ncbpc/Sp2ms	05s67
7	22	8		מְעַ֣ט	4592	HD	05YC8
7	22	9		מְעָ֑ט	4592	HD	05krY
7	22	10		לֹ֤א	3808	HTn	05Cym
7	22	11		תוּכַל֙	3201	HVqi2ms	05jbf
7	22	12		כַּלֹּתָ֣/ם	3615	HVpc/Sp3mp	05VGV
7	22	13		מַהֵ֔ר	4118 b	HVpa	05PMB
7	22	14		פֶּן	6435	HC	05NJt
7	22	15		תִּרְבֶּ֥ה	7235 a	HVqi3fs	05vsz
7	22	16		עָלֶ֖י/ךָ	5921 a	HR/Sp2ms	05mgi
7	22	17		חַיַּ֥ת	2416 c	HNcfsc	05nDb
7	22	18		הַ/שָּׂדֶֽה	d/7704 b	HTd/Ncmsa	05gDS
7	23	1		וּ/נְתָנָ֛/ם	c/5414	HC/Vqq3ms/Sp3mp	05Efv
7	23	2		יְהוָ֥ה	3068	HNp	05DVj
7	23	3		אֱלֹהֶ֖י/ךָ	430	HNcmpc/Sp2ms	05YCE
7	23	4		לְ/פָנֶ֑י/ךָ	l/6440	HR/Ncbpc/Sp2ms	05JsT
7	23	5		וְ/הָמָ/ם֙	c/2000	HC/Vqq3ms/Sp3mp	054Jj
7	23	6		מְהוּמָ֣ה	4103	HNcfsa	05FjR
7	23	7		גְדֹלָ֔ה	1419 a	HAafsa	05h6T
7	23	8		עַ֖ד	5704	HR	05wu9
7	23	9		הִשָּׁמְדָֽ/ם	8045	HVNc/Sp3mp	054Gx
7	24	1		וְ/נָתַ֤ן	c/5414	HC/Vqq3ms	05Bj7
7	24	2		מַלְכֵי/הֶם֙	4428	HNcmpc/Sp3mp	05sAN
7	24	3		בְּ/יָדֶ֔/ךָ	b/3027	HR/Ncbsc/Sp2ms	05MhW
7	24	4		וְ/הַאֲבַדְתָּ֣	c/6	HC/Vhq2ms	05b4t
7	24	5		אֶת	853	HTo	05KbS
7	24	6		שְׁמָ֔/ם	8034	HNcmsc/Sp3mp	05ymY
7	24	7		מִ/תַּ֖חַת	m/8478	HR/R	051iQ
7	24	8		הַ/שָּׁמָ֑יִם	d/8064	HTd/Ncmpa	05zDJ
7	24	9		לֹֽא	3808	HTn	05bUs
7	24	10		יִתְיַצֵּ֥ב	3320	HVti3ms	05dcV
7	24	11		אִישׁ֙	376	HNcmsa	05gAL
7	24	12		בְּ/פָנֶ֔י/ךָ	b/6440	HR/Ncbpc/Sp2ms	05VXy
7	24	13		עַ֥ד	5704	HR	05GXL
7	24	14		הִשְׁמִֽדְ/ךָ֖	8045	HVhc/Sp2ms	05KEX
7	24	15		אֹתָֽ/ם	853	HTo/Sp3mp	05Try
7	25	1		פְּסִילֵ֥י	6456	HNcmpc	05d7i
7	25	2		אֱלֹהֵי/הֶ֖ם	430	HNcmpc/Sp3mp	05512
7	25	3		תִּשְׂרְפ֣וּ/ן	8313	HVqi2mp/Sn	05MzY
7	25	4		בָּ/אֵ֑שׁ	b/784	HRd/Ncbsa	05kXM
7	25	5		לֹֽא	3808	HTn	05Hj8
7	25	6		תַחְמֹד֩	2530 a	HVqi2ms	05zFY
7	25	7		כֶּ֨סֶף	3701	HNcmsa	05Rhm
7	25	8		וְ/זָהָ֤ב	c/2091	HC/Ncmsa	05hnf
7	25	9		עֲלֵי/הֶם֙	5921 a	HR/Sp3mp	05eM1
7	25	10		וְ/לָקַחְתָּ֣	c/3947	HC/Vqq2ms	05hk3
7	25	11		לָ֔/ךְ	l	HR/Sp2fs	05W1U
7	25	12		פֶּ֚ן	6435	HC	058Um
7	25	13		תִּוָּקֵ֣שׁ	3369	HVNi2ms	05G4t
7	25	14		בּ֔/וֹ	b	HR/Sp3ms	05VzB
7	25	15		כִּ֧י	3588 a	HC	051ou
7	25	16		תוֹעֲבַ֛ת	8441	HNcfsc	05bjQ
7	25	17		יְהוָ֥ה	3068	HNp	05A2U
7	25	18		אֱלֹהֶ֖י/ךָ	430	HNcmpc/Sp2ms	05ZM7
7	25	19		הֽוּא	1931	HPp3ms	05jY6
7	26	1		וְ/לֹא	c/3808	HC/Tn	05XbX
7	26	2		תָבִ֤יא	935	HVhi2ms	05jxp
7	26	3		תֽוֹעֵבָה֙	8441	HNcfsa	05ox4
7	26	4		אֶל	413	HR	05gSB
7	26	5		בֵּיתֶ֔/ךָ	1004 b	HNcmsc/Sp2ms	05mv8
7	26	6		וְ/הָיִ֥יתָ	c/1961	HC/Vqq2ms	05xW5
7	26	7		חֵ֖רֶם	2764 a	HNcmsa	05X8c
7	26	8		כָּמֹ֑/הוּ	3644	HR/Sp3ms	05Kyc
7	26	9		שַׁקֵּ֧ץ	8262	HVpa	05MpC
7	26	10		תְּשַׁקְּצֶ֛/נּוּ	8262	HVpi2ms/Sp3ms	05s71
7	26	11		וְ/תַעֵ֥ב	c/8581	HC/Vpa	0578H
7	26	12		תְּֽתַעֲבֶ֖/נּוּ	8581	HVpi2ms/Sp3ms	05BwW
7	26	13		כִּי	3588 a	HC	05xmm
7	26	14		חֵ֥רֶם	2764 a	HNcmsa	05QWv
7	26	15		הֽוּא	1931	HPp3ms	05onS
8	1	1		כָּל	3605	HNcmsc	053CX
8	1	2		הַ/מִּצְוָ֗ה	d/4687	HTd/Ncfsa	05kSN
8	1	3		אֲשֶׁ֨ר	834 a	HTr	05M79
8	1	4		אָנֹכִ֧י	595	HPp1cs	059PJ
8	1	5		מְצַוְּ/ךָ֛	6680	HVprmsc/Sp2ms	05psZ
8	1	6		הַ/יּ֖וֹם	d/3117	HTd/Ncmsa	05jXT
8	1	7		תִּשְׁמְר֣וּ/ן	8104	HVqi2mp/Sn	053i9
8	1	8		לַ/עֲשׂ֑וֹת	l/6213 a	HR/Vqc	0586G
8	1	9		לְמַ֨עַן	4616	HR	059x4
8	1	10		תִּֽחְי֜וּ/ן	2421	HVqi2mp/Sn	05FES
8	1	11		וּ/רְבִיתֶ֗ם	c/7235 a	HC/Vqq2mp	05f4y
8	1	12		וּ/בָאתֶם֙	c/935	HC/Vqq2mp	05H8b
8	1	13		וִֽ/ירִשְׁתֶּ֣ם	c/3423	HC/Vqq2mp	05C81
8	1	14		אֶת	853	HTo	05G5J
8	1	15		הָ/אָ֔רֶץ	d/776	HTd/Ncbsa	056Fc
8	1	16		אֲשֶׁר	834 a	HTr	05x3P
8	1	17		נִשְׁבַּ֥ע	7650	HVNp3ms	051wp
8	1	18		יְהוָ֖ה	3068	HNp	05aq2
8	1	19		לַ/אֲבֹתֵי/כֶֽם	l/1	HR/Ncmpc/Sp2mp	05U9g
8	2	1		וְ/זָכַרְתָּ֣	c/2142	HC/Vqq2ms	05D2c
8	2	2		אֶת	853	HTo	05EMa
8	2	3		כָּל	3605	HNcmsc	05ef3
8	2	4		הַ/דֶּ֗רֶךְ	d/1870	HTd/Ncbsa	05saN
8	2	5		אֲשֶׁ֨ר	834 a	HTr	05U8A
8	2	6		הֹלִֽיכֲ/ךָ֜	3212	HVhp3ms/Sp2ms	05Pdw
8	2	7		יְהוָ֧ה	3068	HNp	05c8h
8	2	8		אֱלֹהֶ֛י/ךָ	430	HNcmpc/Sp2ms	05vjE
8	2	9		זֶ֛ה	2088	HPdxms	05JgM
8	2	10		אַרְבָּעִ֥ים	705	HAcbpa	05Tmi
8	2	11		שָׁנָ֖ה	8141	HNcfsa	05eRQ
8	2	12		בַּ/מִּדְבָּ֑ר	b/4057 b	HRd/Ncmsa	05Ky8
8	2	13		לְמַ֨עַן	4616	HR	05Xnm
8	2	14		עַנֹּֽתְ/ךָ֜	6031 b	HVpc/Sp2ms	05V6c
8	2	15		לְ/נַסֹּֽתְ/ךָ֗	l/5254	HR/Vpc/Sp2ms	0583z
8	2	16		לָ/דַ֜עַת	l/3045	HR/Vqc	05gBP
8	2	17		אֶת	853	HTo	05PP6
8	2	18		אֲשֶׁ֧ר	834 a	HTr	05rfQ
8	2	19		בִּֽ/לְבָבְ/ךָ֛	b/3824	HR/Ncmsc/Sp2ms	051kz
8	2	20		הֲ/תִשְׁמֹ֥ר	i/8104	HTi/Vqi2ms	05qBP
8	2	21	x-ketiv	מצות/ו	4687	HNcfpc/Sp3ms	052rB
8	2	22		מִצְוֺתָ֖י/ו	4687	HNcfpc/Sp3ms	05Hxg
8	2	23		אִם	518 a	HC	059fZ
8	2	24		לֹֽא	3808	HTn	05SCH
8	3	1		וַֽ/יְעַנְּ/ךָ֮	c/6031 b	HC/Vpw3ms/Sp2ms	05anU
8	3	2		וַ/יַּרְעִבֶ/ךָ֒	c/7456	HC/Vhw3ms/Sp2ms	05DJC
8	3	3		וַ/יַּֽאֲכִֽלְ/ךָ֤	c/398	HC/Vhw3ms/Sp2ms	05u5x
8	3	4		אֶת	853	HTo	05YgF
8	3	5		הַ/מָּן֙	d/4478 a	HTd/Ncmsa	05p1g
8	3	6		אֲשֶׁ֣ר	834 a	HTr	05g1i
8	3	7		לֹא	3808	HTn	05Wdi
8	3	8		יָדַ֔עְתָּ	3045	HVqp2ms	05YMa
8	3	9		וְ/לֹ֥א	c/3808	HC/Tn	05xEe
8	3	10		יָדְע֖וּ/ן	3045	HVqp3cp/Sn	05z48
8	3	11		אֲבֹתֶ֑י/ךָ	1	HNcmpc/Sp2ms	05fDm
8	3	12		לְמַ֣עַן	4616	HR	05FEx
8	3	13		הוֹדִֽעֲ/ךָ֗	3045	HVhc/Sp2ms	05aSS
8	3	14		כִּ֠י	3588 a	HC	05iAj
8	3	15		לֹ֣א	3808	HTn	05aWd
8	3	16		עַל	5921 a	HR	05Vuh
8	3	17		הַ/לֶּ֤חֶם	d/3899	HTd/Ncbsa	054nG
8	3	18		לְ/בַדּ/וֹ֙	l/905	HR/Ncmsc/Sp3ms	05D7R
8	3	19		יִחְיֶ֣ה	2421	HVqi3ms	05fw9
8	3	20		הָֽ/אָדָ֔ם	d/120	HTd/Ncmsa	05znQ
8	3	21		כִּ֛י	3588 a	HC	05ZdC
8	3	22		עַל	5921 a	HR	052MP
8	3	23		כָּל	3605	HNcmsc	05Exz
8	3	24		מוֹצָ֥א	4161	HNcmsc	053Cy
8	3	25		פִֽי	6310	HNcmsc	05EDb
8	3	26		יְהוָ֖ה	3068	HNp	05xv7
8	3	27		יִחְיֶ֥ה	2421	HVqi3ms	05r5Y
8	3	28		הָ/אָדָֽם	d/120	HTd/Ncmsa	05nEK
8	4	1		שִׂמְלָ֨תְ/ךָ֜	8071	HNcfsc/Sp2ms	05B86
8	4	2		לֹ֤א	3808	HTn	05CK1
8	4	3		בָֽלְתָה֙	1086	HVqp3fs	05jAF
8	4	4		מֵֽ/עָלֶ֔י/ךָ	m/5921 a	HR/R/Sp2ms	05Gr7
8	4	5		וְ/רַגְלְ/ךָ֖	c/7272	HC/Ncfsc/Sp2ms	05sWN
8	4	6		לֹ֣א	3808	HTn	05DbU
8	4	7		בָצֵ֑קָה	1216	HVqp3fs	05eDs
8	4	8		זֶ֖ה	2088	HPdxms	05M1k
8	4	9		אַרְבָּעִ֥ים	705	HAcbpa	05nt9
8	4	10		שָׁנָֽה	8141	HNcfsa	05uo8
8	5	1		וְ/יָדַעְתָּ֖	c/3045	HC/Vqq2ms	05wi3
8	5	2		עִם	5973 a	HR	05mK4
8	5	3		לְבָבֶ֑/ךָ	3824	HNcmsc/Sp2ms	05dSA
8	5	4		כִּ֗י	3588 a	HC	05P8j
8	5	5		כַּ/אֲשֶׁ֨ר	k/834 d	HR/Tr	05b9e
8	5	6		יְיַסֵּ֥ר	3256	HVpi3ms	057pd
8	5	7		אִישׁ֙	376	HNcmsa	05B4V
8	5	8		אֶת	853	HTo	05ikF
8	5	9		בְּנ֔/וֹ	1121 a	HNcmsc/Sp3ms	0566C
8	5	10		יְהוָ֥ה	3068	HNp	054bg
8	5	11		אֱלֹהֶ֖י/ךָ	430	HNcmpc/Sp2ms	05Kgg
8	5	12		מְיַסְּרֶֽ/ךָּ	3256	HVprmsc/Sp2ms	05M2B
8	6	1		וְ/שָׁ֣מַרְתָּ֔	c/8104	HC/Vqq2ms	05NU6
8	6	2		אֶת	853	HTo	05ukR
8	6	3		מִצְוֺ֖ת	4687	HNcfpc	05ojb
8	6	4		יְהוָ֣ה	3068	HNp	05Ft6
8	6	5		אֱלֹהֶ֑י/ךָ	430	HNcmpc/Sp2ms	05fja
8	6	6		לָ/לֶ֥כֶת	l/3212	HR/Vqc	05phB
8	6	7		בִּ/דְרָכָ֖י/ו	b/1870	HR/Ncbpc/Sp3ms	05Fww
8	6	8		וּ/לְ/יִרְאָ֥ה	c/l/3372	HC/R/Vqc	05wY4
8	6	9		אֹתֽ/וֹ	853	HTo/Sp3ms	0591B
8	7	1		כִּ֚י	3588 a	HC	05qim
8	7	2		יְהוָ֣ה	3068	HNp	05bDb
8	7	3		אֱלֹהֶ֔י/ךָ	430	HNcmpc/Sp2ms	05bJB
8	7	4		מְבִֽיאֲ/ךָ֖	935	HVhrmsc/Sp2ms	05LbJ
8	7	5		אֶל	413	HR	05pwG
8	7	6		אֶ֣רֶץ	776	HNcbsa	05pBV
8	7	7		טוֹבָ֑ה	2896 a	HAafsa	05mui
8	7	8		אֶ֚רֶץ	776	HNcbsc	0511H
8	7	9		נַ֣חֲלֵי	5158 a	HNcmpc	05Yer
8	7	10		מָ֔יִם	4325	HNcmpa	05Ua5
8	7	11		עֲיָנֹת֙	5869 b	HNcbpa	05drz
8	7	12		וּ/תְהֹמֹ֔ת	c/8415	HC/Ncbpa	05mWC
8	7	13		יֹצְאִ֥ים	3318	HVqrmpa	05euh
8	7	14		בַּ/בִּקְעָ֖ה	b/1237	HRd/Ncfsa	05iWd
8	7	15		וּ/בָ/הָֽר	c/b/2022	HC/Rd/Ncmsa	05tJY
8	8	1		אֶ֤רֶץ	776	HNcbsc	05wX7
8	8	2		חִטָּה֙	2406	HNcfsa	05264
8	8	3		וּ/שְׂעֹרָ֔ה	c/8184	HC/Ncfsa	05nWK
8	8	4		וְ/גֶ֥פֶן	c/1612	HC/Ncbsa	05FhW
8	8	5		וּ/תְאֵנָ֖ה	c/8384	HC/Ncfsa	05xwC
8	8	6		וְ/רִמּ֑וֹן	c/7416	HC/Ncmsa	05Gfv
8	8	7		אֶֽרֶץ	776	HNcbsc	05pu7
8	8	8		זֵ֥ית	2132	HNcmsc	05NZd
8	8	9		שֶׁ֖מֶן	8081	HNcmsa	05SP9
8	8	10		וּ/דְבָֽשׁ	c/1706	HC/Ncmsa	058M7
8	9	1		אֶ֗רֶץ	776	HNcbsa	05dJj
8	9	2		אֲשֶׁ֨ר	834 a	HTr	05edC
8	9	3		לֹ֤א	3808	HTn	05mRn
8	9	4		בְ/מִסְכֵּנֻת֙	b/4544	HR/Ncfsa	05axV
8	9	5		תֹּֽאכַל	398	HVqi2ms	05o7u
8	9	6		בָּ֣/הּ	b	HR/Sp3fs	05ihd
8	9	7		לֶ֔חֶם	3899	HNcbsa	05vRG
8	9	8		לֹֽא	3808	HTn	05fGs
8	9	9		תֶחְסַ֥ר	2637	HVqi2ms	055QH
8	9	10		כֹּ֖ל	3605	HNcmsa	05R1Q
8	9	11		בָּ֑/הּ	b	HR/Sp3fs	05ckh
8	9	12		אֶ֚רֶץ	776	HNcbsa	05z9U
8	9	13		אֲשֶׁ֣ר	834 a	HTr	05ySc
8	9	14		אֲבָנֶ֣י/הָ	68	HNcfpc/Sp3fs	05hPW
8	9	15		בַרְזֶ֔ל	1270	HNcmsa	05CfY
8	9	16		וּ/מֵ/הֲרָרֶ֖י/הָ	c/m/2042	HC/R/Ncmpc/Sp3fs	05b31
8	9	17		תַּחְצֹ֥ב	2672	HVqi2ms	05PmK
8	9	18		נְחֹֽשֶׁת	5178 a	HNcfsa	05DVx
8	10	1		וְ/אָכַלְתָּ֖	c/398	HC/Vqq2ms	05XEf
8	10	2		וְ/שָׂבָ֑עְתָּ	c/7646	HC/Vqq2ms	0556w
8	10	3		וּ/בֵֽרַכְתָּ֙	c/1288	HC/Vpq2ms	05h2d
8	10	4		אֶת	853	HTo	05GLn
8	10	5		יְהוָ֣ה	3068	HNp	052mU
8	10	6		אֱלֹהֶ֔י/ךָ	430	HNcmpc/Sp2ms	05gjo
8	10	7		עַל	5921 a	HR	05jvq
8	10	8		הָ/אָ֥רֶץ	d/776	HTd/Ncbsa	05kmi
8	10	9		הַ/טֹּבָ֖ה	d/2896 a	HTd/Aafsa	05uRv
8	10	10		אֲשֶׁ֥ר	834 a	HTr	05YCW
8	10	11		נָֽתַן	5414	HVqp3ms	05uJ1
8	10	12		לָֽ/ךְ	l	HR/Sp2fs	0571E
8	11	1		הִשָּׁ֣מֶר	8104	HVNv2ms	05kBH
8	11	2		לְ/ךָ֔	l	HR/Sp2ms	05tFR
8	11	3		פֶּן	6435	HC	05oGq
8	11	4		תִּשְׁכַּ֖ח	7911	HVqi2ms	05REV
8	11	5		אֶת	853	HTo	05XBk
8	11	6		יְהוָ֣ה	3068	HNp	05WEz
8	11	7		אֱלֹהֶ֑י/ךָ	430	HNcmpc/Sp2ms	05b9h
8	11	8		לְ/בִלְתִּ֨י	l/1115	HR/C	05jKo
8	11	9		שְׁמֹ֤ר	8104	HVqc	055EL
8	11	10		מִצְוֺתָי/ו֙	4687	HNcfpc/Sp3ms	05CTs
8	11	11		וּ/מִשְׁפָּטָ֣י/ו	c/4941	HC/Ncmpc/Sp3ms	05Cz7
8	11	12		וְ/חֻקֹּתָ֔י/ו	c/2708	HC/Ncbpc/Sp3ms	054NJ
8	11	13		אֲשֶׁ֛ר	834 a	HTr	05nWS
8	11	14		אָנֹכִ֥י	595	HPp1cs	05CJ3
8	11	15		מְצַוְּ/ךָ֖	6680	HVprmsc/Sp2ms	05Ymk
8	11	16		הַ/יּֽוֹם	d/3117	HTd/Ncmsa	05fAS
8	12	1		פֶּן	6435	HC	05x3S
8	12	2		תֹּאכַ֖ל	398	HVqi2ms	054tb
8	12	3		וְ/שָׂבָ֑עְתָּ	c/7646	HC/Vqq2ms	05a6P
8	12	4		וּ/בָתִּ֥ים	c/1004 b	HC/Ncmpa	05nWj
8	12	5		טוֹבִ֛ים	2896 a	HAampa	05eKZ
8	12	6		תִּבְנֶ֖ה	1129	HVqi2ms	05tM8
8	12	7		וְ/יָשָֽׁבְתָּ	c/3427	HC/Vqq2ms	05CrC
8	13	1		וּ/בְקָֽרְ/ךָ֤	c/1241	HC/Ncbsc/Sp2ms	05q3W
8	13	2		וְ/צֹֽאנְ/ךָ֙	c/6629	HC/Ncbsc/Sp2ms	05yMr
8	13	3		יִרְבְּיֻ֔/ן	7235 a	HVqi3mp/Sn	058Ci
8	13	4		וְ/כֶ֥סֶף	c/3701	HC/Ncmsa	05jsc
8	13	5		וְ/זָהָ֖ב	c/2091	HC/Ncmsa	05kGg
8	13	6		יִרְבֶּה	7235 a	HVqi3ms	05miQ
8	13	7		לָּ֑/ךְ	l	HR/Sp2fs	05Q6Z
8	13	8		וְ/כֹ֥ל	c/3605	HC/Ncmsa	05auq
8	13	9		אֲשֶׁר	834 a	HTr	05Nmy
8	13	10		לְ/ךָ֖	l	HR/Sp2ms	05HXq
8	13	11		יִרְבֶּֽה	7235 a	HVqi3ms	05Prq
8	14	1		וְ/רָ֖ם	c/7311 a	HC/Vqq3ms	05GoM
8	14	2		לְבָבֶ֑/ךָ	3824	HNcmsc/Sp2ms	05Qit
8	14	3		וְ/שָֽׁכַחְתָּ֙	c/7911	HC/Vqq2ms	05EWH
8	14	4		אֶת	853	HTo	05v1C
8	14	5		יְהוָ֣ה	3068	HNp	05tNG
8	14	6		אֱלֹהֶ֔י/ךָ	430	HNcmpc/Sp2ms	05Hag
8	14	7		הַ/מּוֹצִיאֲ/ךָ֛	d/3318	HTd/Vhrmsc/Sp2ms	05n52
8	14	8		מֵ/אֶ֥רֶץ	m/776	HR/Ncbsc	05eDt
8	14	9		מִצְרַ֖יִם	4714	HNp	058jm
8	14	10		מִ/בֵּ֥ית	m/1004 b	HR/Ncmsc	05o98
8	14	11		עֲבָדִֽים	5650	HNcmpa	055ax
8	15	1		הַ/מּוֹלִ֨יכֲ/ךָ֜	d/3212	HTd/Vhrmsc/Sp2ms	05ce1
8	15	2		בַּ/מִּדְבָּ֣ר	b/4057 b	HRd/Ncmsa	05iyi
8	15	3		הַ/גָּדֹ֣ל	d/1419 a	HTd/Aamsa	059mB
8	15	4		וְ/הַ/נּוֹרָ֗א	c/d/3372	HC/Td/VNrmsa	051yE
8	15	5		נָחָ֤שׁ	5175	HNcmsa	05kZi
8	15	6		שָׂרָף֙	8314 a	HNcmsa	05XWn
8	15	7		וְ/עַקְרָ֔ב	c/6137	HC/Ncmsa	05N3v
8	15	8		וְ/צִמָּא֖וֹן	c/6774	HC/Ncmsa	05WjB
8	15	9		אֲשֶׁ֣ר	834 a	HTr	05z8A
8	15	10		אֵֽין	369	HTn	05CqV
8	15	11		מָ֑יִם	4325	HNcmpa	05gaD
8	15	12		הַ/מּוֹצִ֤יא	d/3318	HTd/Vhrmsa	05iXd
8	15	13		לְ/ךָ֙	l	HR/Sp2ms	05MD3
8	15	14		מַ֔יִם	4325	HNcmpa	05HgW
8	15	15		מִ/צּ֖וּר	m/6697	HR/Ncmsc	05ns5
8	15	16		הַֽ/חַלָּמִֽישׁ	d/2496	HTd/Ncmsa	05jBp
8	16	1		הַ/מַּֽאֲכִ֨לְ/ךָ֥	d/398	HTd/Vhrmsc/Sp2ms	05YWJ
8	16	2		מָן֙	4478 a	HNcmsa	05SNT
8	16	3		בַּ/מִּדְבָּ֔ר	b/4057 b	HRd/Ncmsa	053ye
8	16	4		אֲשֶׁ֥ר	834 a	HTr	05sN7
8	16	5		לֹא	3808	HTn	05X85
8	16	6		יָדְע֖וּ/ן	3045	HVqp3cp/Sn	05oVd
8	16	7		אֲבֹתֶ֑י/ךָ	1	HNcmpc/Sp2ms	05Qiq
8	16	8		לְמַ֣עַן	4616	HR	05hE4
8	16	9		עַנֹּֽתְ/ךָ֗	6031 b	HVpc/Sp2ms	05pej
8	16	10		וּ/לְמַ֨עַן֙	c/4616	HC/R	05Y5A
8	16	11		נַסֹּתֶ֔/ךָ	5254	HVpc/Sp2ms	05ti3
8	16	12		לְ/הֵיטִֽבְ/ךָ֖	l/3190	HR/Vhc/Sp2ms	05XtY
8	16	13		בְּ/אַחֲרִיתֶֽ/ךָ	b/319	HR/Ncfsc/Sp2ms	05kBb
8	17	1		וְ/אָמַרְתָּ֖	c/559	HC/Vqq2ms	05CAc
8	17	2		בִּ/לְבָבֶ֑/ךָ	b/3824	HR/Ncmsc/Sp2ms	05dWV
8	17	3		כֹּחִ/י֙	3581 b	HNcmsc/Sp1cs	05atD
8	17	4		וְ/עֹ֣צֶם	c/6108	HC/Ncmsc	05Uit
8	17	5		יָדִ֔/י	3027	HNcbsc/Sp1cs	05mrd
8	17	6		עָ֥שָׂה	6213 a	HVqp3ms	058NY
8	17	7		לִ֖/י	l	HR/Sp1cs	05BdS
8	17	8		אֶת	853	HTo	057d1
8	17	9		הַ/חַ֥יִל	d/2428	HTd/Ncmsa	05iGP
8	17	10		הַ/זֶּֽה	d/2088	HTd/Pdxms	05LXv
8	18	1		וְ/זָֽכַרְתָּ֙	c/2142	HC/Vqq2ms	05YrG
8	18	2		אֶת	853	HTo	05SBB
8	18	3		יְהוָ֣ה	3068	HNp	05EcU
8	18	4		אֱלֹהֶ֔י/ךָ	430	HNcmpc/Sp2ms	05Yth
8	18	5		כִּ֣י	3588 a	HC	05fZb
8	18	6		ה֗וּא	1931	HPp3ms	05G6t
8	18	7		הַ/נֹּתֵ֥ן	d/5414	HTd/Vqrmsa	054zB
8	18	8		לְ/ךָ֛	l	HR/Sp2ms	05DaG
8	18	9		כֹּ֖חַ	3581 b	HNcmsa	05USD
8	18	10		לַ/עֲשׂ֣וֹת	l/6213 a	HR/Vqc	052W4
8	18	11		חָ֑יִל	2428	HNcmsa	05Uzr
8	18	12		לְמַ֨עַן	4616	HR	055bQ
8	18	13		הָקִ֧ים	6965 b	HVhc	05whG
8	18	14		אֶת	853	HTo	05Ztm
8	18	15		בְּרִית֛/וֹ	1285	HNcfsc/Sp3ms	05gob
8	18	16		אֲשֶׁר	834 a	HTr	05QLb
8	18	17		נִשְׁבַּ֥ע	7650	HVNp3ms	05CzH
8	18	18		לַ/אֲבֹתֶ֖י/ךָ	l/1	HR/Ncmpc/Sp2ms	05SRf
8	18	19		כַּ/יּ֥וֹם	k/3117	HRd/Ncmsa	05aUL
8	18	20		הַ/זֶּֽה	d/2088	HTd/Pdxms	05ABu
8	19	1		וְ/הָיָ֗ה	c/1961	HC/Vqq3ms	05Qno
8	19	2		אִם	518 a	HC	05faU
8	19	3		שָׁכֹ֤חַ	7911	HVqa	05xJG
8	19	4		תִּשְׁכַּח֙	7911	HVqi2ms	05mUS
8	19	5		אֶת	853	HTo	05rbb
8	19	6		יְהוָ֣ה	3068	HNp	057s1
8	19	7		אֱלֹהֶ֔י/ךָ	430	HNcmpc/Sp2ms	05g7p
8	19	8		וְ/הָֽלַכְתָּ֗	c/1980	HC/Vqq2ms	05SNp
8	19	9		אַחֲרֵי֙	310 a	HR	05Fjh
8	19	10		אֱלֹהִ֣ים	430	HNcmpa	05aH9
8	19	11		אֲחֵרִ֔ים	312	HAampa	05kv5
8	19	12		וַ/עֲבַדְתָּ֖/ם	c/5647	HC/Vqq2ms/Sp3mp	05RUm
8	19	13		וְ/הִשְׁתַּחֲוִ֣יתָ	c/7812	HC/Vvq2ms	05NJw
8	19	14		לָ/הֶ֑ם	l	HR/Sp3mp	05pgX
8	19	15		הַעִדֹ֤תִי	5749 b	HVhp1cs	05pvp
8	19	16		בָ/כֶם֙	b	HR/Sp2mp	05g9e
8	19	17		הַ/יּ֔וֹם	d/3117	HTd/Ncmsa	05qtY
8	19	18		כִּ֥י	3588 a	HC	05mno
8	19	19		אָבֹ֖ד	6	HVqa	055Ne
8	19	20		תֹּאבֵדֽוּ/ן	6	HVqi2mp/Sn	05kfA
8	20	1		כַּ/גּוֹיִ֗ם	k/1471 a	HRd/Ncmpa	05o9X
8	20	2		אֲשֶׁ֤ר	834 a	HTr	05qEq
8	20	3		יְהוָה֙	3068	HNp	05FMs
8	20	4		מַאֲבִ֣יד	6	HVhrmsa	05uss
8	20	5		מִ/פְּנֵי/כֶ֔ם	m/6440	HR/Ncbpc/Sp2mp	05LSu
8	20	6		כֵּ֖ן	3651 c	HTm	05X7L
8	20	7		תֹאבֵד֑וּ/ן	6	HVqi2mp/Sn	05acK
8	20	8		עֵ֚קֶב	6118	HNcmsc	05Bfx
8	20	9		לֹ֣א	3808	HTn	05Jcq
8	20	10		תִשְׁמְע֔וּ/ן	8085	HVqi2mp/Sn	05yxB
8	20	11		בְּ/ק֖וֹל	b/6963 a	HR/Ncmsc	05EMh
8	20	12		יְהוָ֥ה	3068	HNp	05oSC
8	20	13		אֱלֹהֵי/כֶֽם	430	HNcmpc/Sp2mp	05x6j
9	1	1		שְׁמַ֣ע	8085	HVqv2ms	05sqj
9	1	2		יִשְׂרָאֵ֗ל	3478	HNp	05U8L
9	1	3		אַתָּ֨ה	859 a	HPp2ms	05N1A
9	1	4		עֹבֵ֤ר	5674 a	HVqrmsa	05S7G
9	1	5		הַ/יּוֹם֙	d/3117	HTd/Ncmsa	05jyn
9	1	6		אֶת	853	HTo	05K1A
9	1	7		הַ/יַּרְדֵּ֔ן	d/3383	HTd/Np	05uDX
9	1	8		לָ/בֹא֙	l/935	HR/Vqc	05xoq
9	1	9		לָ/רֶ֣שֶׁת	l/3423	HR/Vqc	05p8s
9	1	10		גּוֹיִ֔ם	1471 a	HNcmpa	05u7q
9	1	11		גְּדֹלִ֥ים	1419 a	HAampa	05WtS
9	1	12		וַ/עֲצֻמִ֖ים	c/6099	HC/Aampa	05PiF
9	1	13		מִמֶּ֑/ךָּ	4480 a	HR/Sp2ms	05wyB
9	1	14		עָרִ֛ים	5892 b	HNcfpa	05uBF
9	1	15		גְּדֹלֹ֥ת	1419 a	HAafpa	05wqi
9	1	16		וּ/בְצֻרֹ֖ת	c/1219	HC/Aafpa	05Fm8
9	1	17		בַּ/שָּׁמָֽיִם	b/8064	HRd/Ncmpa	055Sy
9	2	1		עַֽם	5971 a	HNcmsa	052gS
9	2	2		גָּד֥וֹל	1419 a	HAamsa	05Jut
9	2	3		וָ/רָ֖ם	c/7311 a	HC/Vqrmsa	05p3n
9	2	4		בְּנֵ֣י	1121 a	HNcmpc	05d68
9	2	5		עֲנָקִ֑ים	6062	HNcmpa	05qeT
9	2	6		אֲשֶׁ֨ר	834 a	HTr	052pY
9	2	7		אַתָּ֤ה	859 a	HPp2ms	05hYY
9	2	8		יָדַ֨עְתָּ֙	3045	HVqp2ms	05gz6
9	2	9		וְ/אַתָּ֣ה	c/859 a	HC/Pp2ms	05YKe
9	2	10		שָׁמַ֔עְתָּ	8085	HVqp2ms	05LnX
9	2	11		מִ֣י	4310	HTi	05fBS
9	2	12		יִתְיַצֵּ֔ב	3320	HVti3ms	05r2p
9	2	13		לִ/פְנֵ֖י	l/6440	HR/Ncbpc	05RiY
9	2	14		בְּנֵ֥י	1121 a	HNcmpc	05ZhF
9	2	15		עֲנָֽק	6061	HNp	05M4z
9	3	1		וְ/יָדַעְתָּ֣	c/3045	HC/Vqq2ms	05t9s
9	3	2		הַ/יּ֗וֹם	d/3117	HTd/Ncmsa	05ubY
9	3	3		כִּי֩	3588 a	HC	05hDs
9	3	4		יְהוָ֨ה	3068	HNp	05tti
9	3	5		אֱלֹהֶ֜י/ךָ	430	HNcmpc/Sp2ms	05Ht3
9	3	6		הֽוּא	1931	HPp3ms	0537A
9	3	7		הָ/עֹבֵ֤ר	d/5674 a	HTd/Vqrmsa	05ZhJ
9	3	8		לְ/פָנֶ֨י/ךָ֙	l/6440	HR/Ncbpc/Sp2ms	05SmQ
9	3	9		אֵ֣שׁ	784	HNcbsa	05MZa
9	3	10		אֹֽכְלָ֔ה	398	HVqrfsa	05zKB
9	3	11		ה֧וּא	1931	HPp3ms	05eLd
9	3	12		יַשְׁמִידֵ֛/ם	8045	HVhi3ms/Sp3mp	05o5N
9	3	13		וְ/ה֥וּא	c/1931	HC/Pp3ms	05S8J
9	3	14		יַכְנִיעֵ֖/ם	3665	HVhi3ms/Sp3mp	05wdY
9	3	15		לְ/פָנֶ֑י/ךָ	l/6440	HR/Ncbpc/Sp2ms	054qA
9	3	16		וְ/הֽוֹרַשְׁתָּ֤/ם	c/3423	HC/Vhq2ms/Sp3mp	05vHo
9	3	17		וְ/הַֽאַבַדְתָּ/ם֙	c/6	HC/Vhq2ms/Sp3mp	05JGD
9	3	18		מַהֵ֔ר	4118 b	HVpa	056uD
9	3	19		כַּ/אֲשֶׁ֛ר	k/834 d	HR/Tr	05CXt
9	3	20		דִּבֶּ֥ר	1696	HVpp3ms	05Pwy
9	3	21		יְהוָ֖ה	3068	HNp	058Dn
9	3	22		לָֽ/ךְ	l	HR/Sp2fs	05avv
9	4	1		אַל	408	HTn	05bKm
9	4	2		תֹּאמַ֣ר	559	HVqj2ms	054Vj
9	4	3		בִּ/לְבָבְ/ךָ֗	b/3824	HR/Ncmsc/Sp2ms	051Ae
9	4	4		בַּ/הֲדֹ֣ף	b/1920	HR/Vqc	05Kmu
9	4	5		יְהוָה֩	3068	HNp	05yUJ
9	4	6		אֱלֹהֶ֨י/ךָ	430	HNcmpc/Sp2ms	05UZY
9	4	7		אֹתָ֥/ם	853	HTo/Sp3mp	05t13
9	4	8		מִ/לְּ/פָנֶי/ךָ֮	m/l/6440	HR/R/Ncbpc/Sp2ms	05SW7
9	4	9		לֵ/אמֹר֒	l/559	HR/Vqc	05znf
9	4	10		בְּ/צִדְקָתִ/י֙	b/6666	HR/Ncfsc/Sp1cs	0512R
9	4	11		הֱבִיאַ֣/נִי	935	HVhp3ms/Sp1cs	05Wm7
9	4	12		יְהוָ֔ה	3068	HNp	05Jxk
9	4	13		לָ/רֶ֖שֶׁת	l/3423	HR/Vqc	05zc3
9	4	14		אֶת	853	HTo	05hE9
9	4	15		הָ/אָ֣רֶץ	d/776	HTd/Ncbsa	05NHf
9	4	16		הַ/זֹּ֑את	d/2063	HTd/Pdxfs	05d3H
9	4	17		וּ/בְ/רִשְׁעַת֙	c/b/7564	HC/R/Ncfsc	05hmj
9	4	18		הַ/גּוֹיִ֣ם	d/1471 a	HTd/Ncmpa	05GSJ
9	4	19		הָ/אֵ֔לֶּה	d/428	HTd/Pdxcp	05RMB
9	4	20		יְהוָ֖ה	3068	HNp	052am
9	4	21		מוֹרִישָׁ֥/ם	3423	HVhrmsc/Sp3mp	05Pwx
9	4	22		מִ/פָּנֶֽי/ךָ	m/6440	HR/Ncbpc/Sp2ms	05sNu
9	5	1		לֹ֣א	3808	HTn	05SGp
9	5	2		בְ/צִדְקָתְ/ךָ֗	b/6666	HR/Ncfsc/Sp2ms	05AKE
9	5	3		וּ/בְ/יֹ֨שֶׁר֙	c/b/3476	HC/R/Ncmsc	05BdE
9	5	4		לְבָ֣בְ/ךָ֔	3824	HNcmsc/Sp2ms	05Z58
9	5	5		אַתָּ֥ה	859 a	HPp2ms	05sXJ
9	5	6		בָ֖א	935	HVqrmsa	05nEL
9	5	7		לָ/רֶ֣שֶׁת	l/3423	HR/Vqc	05LDB
9	5	8		אֶת	853	HTo	05Lsc
9	5	9		אַרְצָ֑/ם	776	HNcbsc/Sp3mp	054Se
9	5	10		כִּ֞י	3588 a	HC	05KM8
9	5	11		בְּ/רִשְׁעַ֣ת	b/7564	HR/Ncfsc	059DU
9	5	12		הַ/גּוֹיִ֣ם	d/1471 a	HTd/Ncmpa	054Q5
9	5	13		הָ/אֵ֗לֶּה	d/428	HTd/Pdxcp	05NAz
9	5	14		יְהוָ֤ה	3068	HNp	05xWi
9	5	15		אֱלֹהֶ֨י/ךָ֙	430	HNcmpc/Sp2ms	05kqa
9	5	16		מוֹרִישָׁ֣/ם	3423	HVhrmsc/Sp3mp	05Awb
9	5	17		מִ/פָּנֶ֔י/ךָ	m/6440	HR/Ncbpc/Sp2ms	05Us6
9	5	18		וּ/לְמַ֜עַן	c/4616	HC/R	05XWb
9	5	19		הָקִ֣ים	6965 b	HVhc	05AzE
9	5	20		אֶת	853	HTo	05zMc
9	5	21		הַ/דָּבָ֗ר	d/1697	HTd/Ncmsa	05f4L
9	5	22		אֲשֶׁ֨ר	834 a	HTr	05zMh
9	5	23		נִשְׁבַּ֤ע	7650	HVNp3ms	05uRx
9	5	24		יְהוָה֙	3068	HNp	05u5G
9	5	25		לַ/אֲבֹתֶ֔י/ךָ	l/1	HR/Ncmpc/Sp2ms	05V2c
9	5	26		לְ/אַבְרָהָ֥ם	l/85	HR/Np	05GoD
9	5	27		לְ/יִצְחָ֖ק	l/3327	HR/Np	05Euf
9	5	28		וּֽ/לְ/יַעֲקֹֽב	c/l/3290	HC/R/Np	05hmw
9	6	1		וְ/יָדַעְתָּ֗	c/3045	HC/Vqq2ms	05Hme
9	6	2		כִּ֠י	3588 a	HC	05pDV
9	6	3		לֹ֤א	3808	HTn	05zCP
9	6	4		בְ/צִדְקָֽתְ/ךָ֙	b/6666	HR/Ncfsc/Sp2ms	05QxP
9	6	5		יְהוָ֣ה	3068	HNp	05ihJ
9	6	6		אֱ֠לֹהֶי/ךָ	430	HNcmpc/Sp2ms	05NR3
9	6	7		נֹתֵ֨ן	5414	HVqrmsa	05Wsp
9	6	8		לְ/ךָ֜	l	HR/Sp2ms	05eVQ
9	6	9		אֶת	853	HTo	05upN
9	6	10		הָ/אָ֧רֶץ	d/776	HTd/Ncbsa	05Zh8
9	6	11		הַ/טּוֹבָ֛ה	d/2896 a	HTd/Aafsa	05Pf6
9	6	12		הַ/זֹּ֖את	d/2063	HTd/Pdxfs	05kEn
9	6	13		לְ/רִשְׁתָּ֑/הּ	l/3423	HR/Vqc/Sp3fs	05det
9	6	14		כִּ֥י	3588 a	HC	05peM
9	6	15		עַם	5971 a	HNcmsa	05dMe
9	6	16		קְשֵׁה	7186	HAamsc	05VmC
9	6	17		עֹ֖רֶף	6203	HNcmsa	05wQx
9	6	18		אָֽתָּה	859 a	HPp2ms	05VMV
9	7	1		זְכֹר֙	2142	HVqv2ms	05GSm
9	7	2		אַל	408	HTn	055sF
9	7	3		תִּשְׁכַּ֔ח	7911	HVqj2ms	05Rdh
9	7	4		אֵ֧ת	853	HTo	05V35
9	7	5		אֲשֶׁר	834 a	HTr	05iQU
9	7	6		הִקְצַ֛פְתָּ	7107	HVhp2ms	054GK
9	7	7		אֶת	853	HTo	057A7
9	7	8		יְהוָ֥ה	3068	HNp	05W71
9	7	9		אֱלֹהֶ֖י/ךָ	430	HNcmpc/Sp2ms	0588E
9	7	10		בַּ/מִּדְבָּ֑ר	b/4057 b	HRd/Ncmsa	05Gdj
9	7	11		לְ/מִן	l/4480 a	HR/R	05h3q
9	7	12		הַ/יּ֞וֹם	d/3117	HTd/Ncmsa	05fkU
9	7	13		אֲשֶׁר	834 a	HTr	05Ass
9	7	14		יָצָ֣אתָ	3318	HVqp2ms	0597U
9	7	15		מֵ/אֶ֣רֶץ	m/776	HR/Ncbsc	05YSa
9	7	16		מִצְרַ֗יִם	4714	HNp	05FHj
9	7	17		עַד	5704	HR	058ZH
9	7	18		בֹּֽאֲ/כֶם֙	935	HVqc/Sp2mp	05vK2
9	7	19		עַד	5704	HR	05SNW
9	7	20		הַ/מָּק֣וֹם	d/4725	HTd/Ncmsa	05Mrd
9	7	21		הַ/זֶּ֔ה	d/2088	HTd/Pdxms	05mxr
9	7	22		מַמְרִ֥ים	4784	HVhrmpa	05Rm3
9	7	23		הֱיִיתֶ֖ם	1961	HVqp2mp	05JFe
9	7	24		עִם	5973 a	HR	05Vat
9	7	25		יְהוָֽה	3068	HNp	054Nu
9	8	1		וּ/בְ/חֹרֵ֥ב	c/b/2722	HC/R/Np	0559s
9	8	2		הִקְצַפְתֶּ֖ם	7107	HVhp2mp	05yAS
9	8	3		אֶת	853	HTo	05Drk
9	8	4		יְהוָ֑ה	3068	HNp	05kox
9	8	5		וַ/יִּתְאַנַּ֧ף	c/599	HC/Vtw3ms	05qHe
9	8	6		יְהוָ֛ה	3068	HNp	05bLP
9	8	7		בָּ/כֶ֖ם	b	HR/Sp2mp	05VkX
9	8	8		לְ/הַשְׁמִ֥יד	l/8045	HR/Vhc	05Cjp
9	8	9		אֶתְ/כֶֽם	853	HTo/Sp2mp	059dQ
9	9	1		בַּ/עֲלֹתִ֣/י	b/5927	HR/Vqc/Sp1cs	05VAa
9	9	2		הָ/הָ֗רָ/ה	d/2022	HTd/Ncmsa/Sd	05PY4
9	9	3		לָ/קַ֜חַת	l/3947	HR/Vqc	05N7X
9	9	4		לוּחֹ֤ת	3871	HNcmpc	059vs
9	9	5		הָֽ/אֲבָנִים֙	d/68	HTd/Ncfpa	05C5h
9	9	6		לוּחֹ֣ת	3871	HNcmpc	05a7n
9	9	7		הַ/בְּרִ֔ית	d/1285	HTd/Ncfsa	05zJe
9	9	8		אֲשֶׁר	834 a	HTr	05PcK
9	9	9		כָּרַ֥ת	3772	HVqp3ms	05c4r
9	9	10		יְהוָ֖ה	3068	HNp	051zb
9	9	11		עִמָּ/כֶ֑ם	5973 a	HR/Sp2mp	0589i
9	9	12		וָ/אֵשֵׁ֣ב	c/3427	HC/Vqw1cs	05sCL
9	9	13		בָּ/הָ֗ר	b/2022	HRd/Ncmsa	05faF
9	9	14		אַרְבָּעִ֥ים	705	HAcbpa	05kqz
9	9	15		יוֹם֙	3117	HNcmsa	0596q
9	9	16		וְ/אַרְבָּעִ֣ים	c/705	HC/Acbpa	05ret
9	9	17		לַ֔יְלָה	3915	HNcmsa	05C7D
9	9	18		לֶ֚חֶם	3899	HNcbsa	052md
9	9	19		לֹ֣א	3808	HTn	05XGJ
9	9	20		אָכַ֔לְתִּי	398	HVqp1cs	05hPa
9	9	21		וּ/מַ֖יִם	c/4325	HC/Ncmpa	05vef
9	9	22		לֹ֥א	3808	HTn	05cJJ
9	9	23		שָׁתִֽיתִי	8354	HVqp1cs	05rbT
9	10	1		וַ/יִּתֵּ֨ן	c/5414	HC/Vqw3ms	058Ea
9	10	2		יְהוָ֜ה	3068	HNp	05gVK
9	10	3		אֵלַ֗/י	413	HR/Sp1cs	054HS
9	10	4		אֶת	853	HTo	05mj8
9	10	5		שְׁנֵי֙	8147	HAcmdc	05bJu
9	10	6		לוּחֹ֣ת	3871	HNcmpc	05MwN
9	10	7		הָֽ/אֲבָנִ֔ים	d/68	HTd/Ncfpa	05wWB
9	10	8		כְּתֻבִ֖ים	3789	HVqsmpa	05trS
9	10	9		בְּ/אֶצְבַּ֣ע	b/676	HR/Ncfsc	05i8H
9	10	10		אֱלֹהִ֑ים	430	HNcmpa	05rzM
9	10	11		וַ/עֲלֵי/הֶ֗ם	c/5921 a	HC/R/Sp3mp	05wUo
9	10	12		כְּֽ/כָל	k/3605	HR/Ncmsc	05R7j
9	10	13		הַ/דְּבָרִ֡ים	d/1697	HTd/Ncmpa	05qgv
9	10	14		אֲשֶׁ֣ר	834 a	HTr	052zb
9	10	15		דִּבֶּר֩	1696	HVpp3ms	059RY
9	10	16		יְהוָ֨ה	3068	HNp	05sqX
9	10	17		עִמָּ/כֶ֥ם	5973 a	HR/Sp2mp	05aqQ
9	10	18		בָּ/הָ֛ר	b/2022	HRd/Ncmsa	05rK8
9	10	19		מִ/תּ֥וֹךְ	m/8432	HR/Ncmsc	05LMs
9	10	20		הָ/אֵ֖שׁ	d/784	HTd/Ncbsa	05SGP
9	10	21		בְּ/י֥וֹם	b/3117	HR/Ncmsc	05wyN
9	10	22		הַ/קָּהָֽל	d/6951	HTd/Ncmsa	053Wk
9	11	1		וַ/יְהִ֗י	c/1961	HC/Vqw3ms	05MKh
9	11	2		מִ/קֵּץ֙	m/7093	HR/Ncmsc	05xqJ
9	11	3		אַרְבָּעִ֣ים	705	HAcbpa	05aoc
9	11	4		י֔וֹם	3117	HNcmsa	05aM6
9	11	5		וְ/אַרְבָּעִ֖ים	c/705	HC/Acbpa	05ujL
9	11	6		לָ֑יְלָה	3915	HNcmsa	05i5Y
9	11	7		נָתַ֨ן	5414	HVqp3ms	05npa
9	11	8		יְהוָ֜ה	3068	HNp	05E9M
9	11	9		אֵלַ֗/י	413	HR/Sp1cs	05x2c
9	11	10		אֶת	853	HTo	05Y2D
9	11	11		שְׁנֵ֛י	8147	HAcmdc	05Meo
9	11	12		לֻחֹ֥ת	3871	HNcmpc	05h5c
9	11	13		הָ/אֲבָנִ֖ים	d/68	HTd/Ncfpa	05Nsn
9	11	14		לֻח֥וֹת	3871	HNcmpc	05Pej
9	11	15		הַ/בְּרִֽית	d/1285	HTd/Ncfsa	05tYz
9	12	1		וַ/יֹּ֨אמֶר	c/559	HC/Vqw3ms	05Pcn
9	12	2		יְהוָ֜ה	3068	HNp	05SiH
9	12	3		אֵלַ֗/י	413	HR/Sp1cs	055cU
9	12	4		ק֣וּם	6965 b	HVqv2ms	05Eeo
9	12	5		רֵ֤ד	3381	HVqv2ms	05mie
9	12	6		מַהֵר֙	4118 b	HVpa	05Unm
9	12	7		מִ/זֶּ֔ה	m/2088	HR/Pdxms	05kSG
9	12	8		כִּ֚י	3588 a	HC	05gGY
9	12	9		שִׁחֵ֣ת	7843	HVpp3ms	05wFV
9	12	10		עַמְּ/ךָ֔	5971 a	HNcmsc/Sp2ms	05RCx
9	12	11		אֲשֶׁ֥ר	834 a	HTr	05ti5
9	12	12		הוֹצֵ֖אתָ	3318	HVhp2ms	05rN3
9	12	13		מִ/מִּצְרָ֑יִם	m/4714	HR/Np	05BLX
9	12	14		סָ֣רוּ	5493	HVqp3cp	05boU
9	12	15		מַהֵ֗ר	4118 b	HVpa	05d1n
9	12	16		מִן	4480 a	HR	05b8r
9	12	17		הַ/דֶּ֨רֶךְ֙	d/1870	HTd/Ncbsa	05PBA
9	12	18		אֲשֶׁ֣ר	834 a	HTr	05V4e
9	12	19		צִוִּיתִ֔/ם	6680	HVpp1cs/Sp3mp	05Es6
9	12	20		עָשׂ֥וּ	6213 a	HVqp3cp	05Uhs
9	12	21		לָ/הֶ֖ם	l	HR/Sp3mp	05aMR
9	12	22		מַסֵּכָֽה	4541 a	HNcfsa	05UuW
9	13	1		וַ/יֹּ֥אמֶר	c/559	HC/Vqw3ms	05RPy
9	13	2		יְהוָ֖ה	3068	HNp	05udF
9	13	3		אֵלַ֣/י	413	HR/Sp1cs	05Sy4
9	13	4		לֵ/אמֹ֑ר	l/559	HR/Vqc	05jnZ
9	13	5		רָאִ֨יתִי֙	7200	HVqp1cs	05jnF
9	13	6		אֶת	853	HTo	057ss
9	13	7		הָ/עָ֣ם	d/5971 a	HTd/Ncmsa	05ino
9	13	8		הַ/זֶּ֔ה	d/2088	HTd/Pdxms	05XLt
9	13	9		וְ/הִנֵּ֥ה	c/2009	HC/Tm	05ZsF
9	13	10		עַם	5971 a	HNcmsa	051cW
9	13	11		קְשֵׁה	7186	HAamsc	05AjK
9	13	12		עֹ֖רֶף	6203	HNcmsa	05pFJ
9	13	13		הֽוּא	1931	HPp3ms	05K1X
9	14	1		הֶ֤רֶף	7503	HVhv2ms	05mKX
9	14	2		מִמֶּ֨/נִּי֙	4480 a	HR/Sp1cs	05Mpt
9	14	3		וְ/אַשְׁמִידֵ֔/ם	c/8045	HC/Vhh1cs/Sp3mp	05wP4
9	14	4		וְ/אֶמְחֶ֣ה	c/4229 a	HC/Vqh1cs	05jmU
9	14	5		אֶת	853	HTo	05eRW
9	14	6		שְׁמָ֔/ם	8034	HNcmsc/Sp3mp	05tQY
9	14	7		מִ/תַּ֖חַת	m/8478	HR/R	05R4T
9	14	8		הַ/שָּׁמָ֑יִם	d/8064	HTd/Ncmpa	054cT
9	14	9		וְ/אֶֽעֱשֶׂה֙	c/6213 a	HC/Vqi1cs	05m9t
9	14	10		אֽוֹתְ/ךָ֔	853	HTo/Sp2ms	05MxN
9	14	11		לְ/גוֹי	l/1471 a	HR/Ncmsa	05HKE
9	14	12		עָצ֥וּם	6099	HAamsa	05HTT
9	14	13		וָ/רָ֖ב	c/7227 a	HC/Aamsa	05V1j
9	14	14		מִמֶּֽ/נּוּ	4480 a	HR/Sp3ms	052Js
9	15	1		וָ/אֵ֗פֶן	c/6437	HC/Vqw1cs	05W9E
9	15	2		וָֽ/אֵרֵד֙	c/3381	HC/Vqw1cs	05T7b
9	15	3		מִן	4480 a	HR	052vK
9	15	4		הָ/הָ֔ר	d/2022	HTd/Ncmsa	05uMy
9	15	5		וְ/הָ/הָ֖ר	c/d/2022	HC/Td/Ncmsa	05686
9	15	6		בֹּעֵ֣ר	1197 a	HVqrmsa	05afp
9	15	7		בָּ/אֵ֑שׁ	b/784	HRd/Ncbsa	05kV5
9	15	8		וּ/שְׁנֵי֙	c/8147	HC/Acmdc	05yK5
9	15	9		לֻחֹ֣ת	3871	HNcmpc	05kcg
9	15	10		הַ/בְּרִ֔ית	d/1285	HTd/Ncfsa	05RRm
9	15	11		עַ֖ל	5921 a	HR	057pV
9	15	12		שְׁתֵּ֥י	8147	HAcfdc	05HhQ
9	15	13		יָדָֽ/י	3027	HNcbdc/Sp1cs	05zX3
9	16	1		וָ/אֵ֗רֶא	c/7200	HC/Vqw1cs	05qit
9	16	2		וְ/הִנֵּ֤ה	c/2009	HC/Tm	05mju
9	16	3		חֲטָאתֶם֙	2398	HVqp2mp	05XGi
9	16	4		לַ/יהוָ֣ה	l/3068	HR/Np	05UFc
9	16	5		אֱלֹֽהֵי/כֶ֔ם	430	HNcmpc/Sp2mp	057B8
9	16	6		עֲשִׂיתֶ֣ם	6213 a	HVqp2mp	05a34
9	16	7		לָ/כֶ֔ם	l	HR/Sp2mp	05aKv
9	16	8		עֵ֖גֶל	5695	HNcmsc	05v9T
9	16	9		מַסֵּכָ֑ה	4541 a	HNcfsa	052tz
9	16	10		סַרְתֶּ֣ם	5493	HVqp2mp	052y9
9	16	11		מַהֵ֔ר	4118 b	HVpa	05swM
9	16	12		מִן	4480 a	HR	05wiK
9	16	13		הַ/דֶּ֕רֶךְ	d/1870	HTd/Ncbsa	05sDy
9	16	14		אֲשֶׁר	834 a	HTr	05crC
9	16	15		צִוָּ֥ה	6680	HVpp3ms	05Bwp
9	16	16		יְהוָ֖ה	3068	HNp	05yNo
9	16	17		אֶתְ/כֶֽם	853	HTo/Sp2mp	05zMn
9	17	1		וָ/אֶתְפֹּשׂ֙	c/8610	HC/Vqw1cs	05TXQ
9	17	2		בִּ/שְׁנֵ֣י	b/8147	HR/Acmdc	05hfV
9	17	3		הַ/לֻּחֹ֔ת	d/3871	HTd/Ncmpa	05K2f
9	17	4		וָֽ/אַשְׁלִכֵ֔/ם	c/7993	HC/Vhw1cs/Sp3mp	05hMA
9	17	5		מֵ/עַ֖ל	m/5921 a	HR/R	05g6w
9	17	6		שְׁתֵּ֣י	8147	HAcfdc	05Dxg
9	17	7		יָדָ֑/י	3027	HNcbdc/Sp1cs	05hDt
9	17	8		וָ/אֲשַׁבְּרֵ֖/ם	c/7665	HC/Vpw1cs/Sp3mp	05JoU
9	17	9		לְ/עֵינֵי/כֶֽם	l/5869 a	HR/Ncbdc/Sp2mp	05zcL
9	18	1		וָֽ/אֶתְנַפַּל֩	c/5307	HC/Vtw1cs	055eb
9	18	2		לִ/פְנֵ֨י	l/6440	HR/Ncbpc	05E5V
9	18	3		יְהוָ֜ה	3068	HNp	05shT
9	18	4		כָּ/רִאשֹׁנָ֗ה	k/7223	HRd/Aafsa	05Gxb
9	18	5		אַרְבָּעִ֥ים	705	HAcbpa	05xdy
9	18	6		יוֹם֙	3117	HNcmsa	05xcf
9	18	7		וְ/אַרְבָּעִ֣ים	c/705	HC/Acbpa	05R9X
9	18	8		לַ֔יְלָה	3915	HNcmsa	05gMk
9	18	9		לֶ֚חֶם	3899	HNcbsa	05wFk
9	18	10		לֹ֣א	3808	HTn	051yV
9	18	11		אָכַ֔לְתִּי	398	HVqp1cs	05UKs
9	18	12		וּ/מַ֖יִם	c/4325	HC/Ncmpa	05mMQ
9	18	13		לֹ֣א	3808	HTn	05akU
9	18	14		שָׁתִ֑יתִי	8354	HVqp1cs	05FdP
9	18	15		עַ֤ל	5921 a	HR	05fBN
9	18	16		כָּל	3605	HNcmsc	05QgK
9	18	17		חַטַּאתְ/כֶם֙	2403 b	HNcfsc/Sp2mp	05aPN
9	18	18		אֲשֶׁ֣ר	834 a	HTr	05XHx
9	18	19		חֲטָאתֶ֔ם	2398	HVqp2mp	05xxk
9	18	20		לַ/עֲשׂ֥וֹת	l/6213 a	HR/Vqc	05ShD
9	18	21		הָ/רַ֛ע	d/7451 a	HTd/Aamsa	05MEx
9	18	22		בְּ/עֵינֵ֥י	b/5869 a	HR/Ncbdc	0586V
9	18	23		יְהוָ֖ה	3068	HNp	054gS
9	18	24		לְ/הַכְעִיסֽ/וֹ	l/3707	HR/Vhc/Sp3ms	05X5d
9	19	1		כִּ֣י	3588 a	HC	052oP
9	19	2		יָגֹ֗רְתִּי	3025	HVqp1cs	05fEW
9	19	3		מִ/פְּנֵ֤י	m/6440	HR/Ncbpc	05mbg
9	19	4		הָ/אַף֙	d/639	HTd/Ncmsa	05uda
9	19	5		וְ/הַ֣/חֵמָ֔ה	c/d/2534	HC/Td/Ncfsa	05fci
9	19	6		אֲשֶׁ֨ר	834 a	HTr	05FqG
9	19	7		קָצַ֧ף	7107	HVqp3ms	05LVx
9	19	8		יְהוָ֛ה	3068	HNp	051w8
9	19	9		עֲלֵי/כֶ֖ם	5921 a	HR/Sp2mp	05wEJ
9	19	10		לְ/הַשְׁמִ֣יד	l/8045	HR/Vhc	05X5H
9	19	11		אֶתְ/כֶ֑ם	853	HTo/Sp2mp	05Zhq
9	19	12		וַ/יִּשְׁמַ֤ע	c/8085	HC/Vqw3ms	05b1X
9	19	13		יְהוָה֙	3068	HNp	05w8M
9	19	14		אֵלַ֔/י	413	HR/Sp1cs	05tdz
9	19	15		גַּ֖ם	1571	HTa	05giU
9	19	16		בַּ/פַּ֥עַם	b/6471	HRd/Ncfsa	05iXF
9	19	17		הַ/הִֽוא	d/1931	HTd/Pp3fs	05ssa
9	20	1		וּֽ/בְ/אַהֲרֹ֗ן	c/b/175	HC/R/Np	05REu
9	20	2		הִתְאַנַּ֧ף	599	HVtp3ms	05Tdr
9	20	3		יְהוָ֛ה	3068	HNp	05BFg
9	20	4		מְאֹ֖ד	3966	HD	05T8E
9	20	5		לְ/הַשְׁמִיד֑/וֹ	l/8045	HR/Vhc/Sp3ms	05WQf
9	20	6		וָֽ/אֶתְפַּלֵּ֛ל	c/6419	HC/Vtw1cs	05eUm
9	20	7		גַּם	1571	HTa	056Tw
9	20	8		בְּעַ֥ד	1157	HR	05ywr
9	20	9		אַהֲרֹ֖ן	175	HNp	05oym
9	20	10		בָּ/עֵ֥ת	b/6256	HRd/Ncbsa	05Di6
9	20	11		הַ/הִֽוא	d/1931	HTd/Pp3fs	05AXZ
9	21	1		וְֽ/אֶת	c/853	HC/To	05o2H
9	21	2		חַטַּאתְ/כֶ֞ם	2403 b	HNcfsc/Sp2mp	05MaF
9	21	3		אֲשֶׁר	834 a	HTr	055PZ
9	21	4		עֲשִׂיתֶ֣ם	6213 a	HVqp2mp	05Gcz
9	21	5		אֶת	853	HTo	05kjt
9	21	6		הָ/עֵ֗גֶל	d/5695	HTd/Ncmsa	05nTA
9	21	7		לָקַחְתִּי֮	3947	HVqp1cs	05Xw7
9	21	8		וָ/אֶשְׂרֹ֣ף	c/8313	HC/Vqw1cs	05X3d
9	21	9		אֹת֣/וֹ	853	HTo/Sp3ms	055Mw
9	21	10		בָּ/אֵשׁ֒	b/784	HRd/Ncbsa	05uvu
9	21	11		וָ/אֶכֹּ֨ת	c/3807	HC/Vqw1cs	05z1m
9	21	12		אֹת֤/וֹ	853	HTo/Sp3ms	05BYB
9	21	13		טָחוֹן֙	2912	HVqa	05fDj
9	21	14		הֵיטֵ֔ב	3190	HVha	05UXN
9	21	15		עַ֥ד	5704	HR	05wXa
9	21	16		אֲשֶׁר	834 a	HTr	05CmE
9	21	17		דַּ֖ק	1854	HVqp3ms	05bdC
9	21	18		לְ/עָפָ֑ר	l/6083	HR/Ncmsa	05gUj
9	21	19		וָֽ/אַשְׁלִךְ֙	c/7993	HC/Vhw1cs	05kJL
9	21	20		אֶת	853	HTo	05SLq
9	21	21		עֲפָר֔/וֹ	6083	HNcmsc/Sp3ms	05W3H
9	21	22		אֶל	413	HR	05qJ4
9	21	23		הַ/נַּ֖חַל	d/5158 a	HTd/Ncmsa	05aVp
9	21	24		הַ/יֹּרֵ֥ד	d/3381	HTd/Vqrmsa	05JGF
9	21	25		מִן	4480 a	HR	059aY
9	21	26		הָ/הָֽר	d/2022	HTd/Ncmsa	059pt
9	22	1		וּ/בְ/תַבְעֵרָה֙	c/b/8404	HC/R/Np	0524k
9	22	2		וּ/בְ/מַסָּ֔ה	c/b/4532	HC/R/Np	051M6
9	22	3		וּ/בְ/קִבְרֹ֖ת	c/b/6914+	HC/R/Np	059Dg
9	22	4		הַֽתַּאֲוָ֑ה	6914	HNp	05RHw
9	22	5		מַקְצִפִ֥ים	7107	HVhrmpa	05J9s
9	22	6		הֱיִיתֶ֖ם	1961	HVqp2mp	05t9t
9	22	7		אֶת	853	HTo	05ZqP
9	22	8		יְהוָֽה	3068	HNp	058Fu
9	23	1		וּ/בִ/שְׁלֹ֨חַ	c/b/7971	HC/R/Vqc	05JNs
9	23	2		יְהוָ֜ה	3068	HNp	05xmF
9	23	3		אֶתְ/כֶ֗ם	853	HTo/Sp2mp	05vVj
9	23	4		מִ/קָּדֵ֤שׁ	m/6947+	HR/Np	05pPj
9	23	5		בַּרְנֵ֨עַ֙	6947	HNp	05n48
9	23	6		לֵ/אמֹ֔ר	l/559	HR/Vqc	05LQQ
9	23	7		עֲלוּ֙	5927	HVqv2mp	05nFs
9	23	8		וּ/רְשׁ֣וּ	c/3423	HC/Vqv2mp	05zKb
9	23	9		אֶת	853	HTo	05M2G
9	23	10		הָ/אָ֔רֶץ	d/776	HTd/Ncbsa	05p7o
9	23	11		אֲשֶׁ֥ר	834 a	HTr	05cvy
9	23	12		נָתַ֖תִּי	5414	HVqp1cs	05uTh
9	23	13		לָ/כֶ֑ם	l	HR/Sp2mp	0562r
9	23	14		וַ/תַּמְר֗וּ	c/4784	HC/Vhw2mp	05XAc
9	23	15		אֶת	853	HTo	05XMh
9	23	16		פִּ֤י	6310	HNcmsc	05Pm6
9	23	17		יְהוָה֙	3068	HNp	05Exh
9	23	18		אֱלֹ֣הֵי/כֶ֔ם	430	HNcmpc/Sp2mp	05Mhm
9	23	19		וְ/לֹ֤א	c/3808	HC/Tn	05k8r
9	23	20		הֶֽאֱמַנְתֶּם֙	539	HVhp2mp	05U2q
9	23	21		ל֔/וֹ	l	HR/Sp3ms	05f9x
9	23	22		וְ/לֹ֥א	c/3808	HC/Tn	05F3B
9	23	23		שְׁמַעְתֶּ֖ם	8085	HVqp2mp	05u6M
9	23	24		בְּ/קֹלֽ/וֹ	b/6963 a	HR/Ncmsc/Sp3ms	05ttW
9	24	1		מַמְרִ֥ים	4784	HVhrmpa	05Not
9	24	2		הֱיִיתֶ֖ם	1961	HVqp2mp	05QoS
9	24	3		עִם	5973 a	HR	05MfC
9	24	4		יְהוָ֑ה	3068	HNp	05KoV
9	24	5		מִ/יּ֖וֹם	m/3117	HR/Ncmsc	05592
9	24	6		דַּעְתִּ֥/י	3045	HVqc/Sp1cs	05Vfx
9	24	7		אֶתְ/כֶֽם	853	HTo/Sp2mp	05QkU
9	25	1		וָֽ/אֶתְנַפַּ֞ל	c/5307	HC/Vtw1cs	056L9
9	25	2		לִ/פְנֵ֣י	l/6440	HR/Ncbpc	05cpC
9	25	3		יְהוָ֗ה	3068	HNp	052Ki
9	25	4		אֵ֣ת	853	HTo	05XhP
9	25	5		אַרְבָּעִ֥ים	705	HAcbpa	05yML
9	25	6		הַ/יּ֛וֹם	d/3117	HTd/Ncmsa	05Kk2
9	25	7		וְ/אֶת	c/853	HC/To	05XAP
9	25	8		אַרְבָּעִ֥ים	705	HAcbpa	05DJo
9	25	9		הַ/לַּ֖יְלָה	d/3915	HTd/Ncmsa	05iXN
9	25	10		אֲשֶׁ֣ר	834 a	HTr	05czB
9	25	11		הִתְנַפָּ֑לְתִּי	5307	HVtp1cs	05QBD
9	25	12		כִּֽי	3588 a	HC	05Gxu
9	25	13		אָמַ֥ר	559	HVqp3ms	05BQ9
9	25	14		יְהוָ֖ה	3068	HNp	05y8v
9	25	15		לְ/הַשְׁמִ֥יד	l/8045	HR/Vhc	05wtg
9	25	16		אֶתְ/כֶֽם	853	HTo/Sp2mp	05Seg
9	26	1		וָ/אֶתְפַּלֵּ֣ל	c/6419	HC/Vtw1cs	05Kcz
9	26	2		אֶל	413	HR	055MF
9	26	3		יְהוָה֮	3068	HNp	05eUp
9	26	4		וָ/אֹמַר֒	c/559	HC/Vqw1cs	05tEh
9	26	5		אֲדֹנָ֣/י	136	HNcmpc/Sp1cs	05x2S
9	26	6		יְהוִ֗ה	3069	HNp	05Npq
9	26	7		אַל	408	HTn	053ti
9	26	8		תַּשְׁחֵ֤ת	7843	HVhj2ms	05QoP
9	26	9		עַמְּ/ךָ֙	5971 a	HNcmsc/Sp2ms	05i6S
9	26	10		וְ/נַחֲלָ֣תְ/ךָ֔	c/5159	HC/Ncfsc/Sp2ms	052mi
9	26	11		אֲשֶׁ֥ר	834 a	HTr	05HbP
9	26	12		פָּדִ֖יתָ	6299	HVqp2ms	05Wi1
9	26	13		בְּ/גָדְלֶ֑/ךָ	b/1433	HR/Ncmsc/Sp2ms	05beE
9	26	14		אֲשֶׁר	834 a	HTr	05DvH
9	26	15		הוֹצֵ֥אתָ	3318	HVhp2ms	056BE
9	26	16		מִ/מִּצְרַ֖יִם	m/4714	HR/Np	05r7k
9	26	17		בְּ/יָ֥ד	b/3027	HR/Ncbsa	053kE
9	26	18		חֲזָקָֽה	2389	HAafsa	05UUW
9	27	1		זְכֹר֙	2142	HVqv2ms	05Jqs
9	27	2		לַ/עֲבָדֶ֔י/ךָ	l/5650	HR/Ncmpc/Sp2ms	0587K
9	27	3		לְ/אַבְרָהָ֥ם	l/85	HR/Np	05gvN
9	27	4		לְ/יִצְחָ֖ק	l/3327	HR/Np	05Cye
9	27	5		וּֽ/לְ/יַעֲקֹ֑ב	c/l/3290	HC/R/Np	05tsb
9	27	6		אַל	408	HTn	05RaB
9	27	7		תֵּ֗פֶן	6437	HVqj2ms	052a9
9	27	8		אֶל	413	HR	05ob2
9	27	9		קְשִׁי֙	7190	HNcmsc	05jU7
9	27	10		הָ/עָ֣ם	d/5971 a	HTd/Ncmsa	05w2C
9	27	11		הַ/זֶּ֔ה	d/2088	HTd/Pdxms	052VS
9	27	12		וְ/אֶל	c/413	HC/R	054Jz
9	27	13		רִשְׁע֖/וֹ	7562	HNcmsc/Sp3ms	05C9r
9	27	14		וְ/אֶל	c/413	HC/R	05yLe
9	27	15		חַטָּאתֽ/וֹ	2403 b	HNcfsc/Sp3ms	05Ww8
9	28	1		פֶּן	6435	HC	05HGy
9	28	2		יֹאמְר֗וּ	559	HVqi3mp	05hGK
9	28	3		הָ/אָרֶץ֮	d/776	HTd/Ncbsa	056pK
9	28	4		אֲשֶׁ֣ר	834 a	HTr	05VQD
9	28	5		הוֹצֵאתָ֣/נוּ	3318	HVhp2ms/Sp1cp	05T3u
9	28	6		מִ/שָּׁם֒	m/8033	HR/D	05c96
9	28	7		מִ/בְּלִי֙	m/1097	HR/Ncmsc	05YiK
9	28	8		יְכֹ֣לֶת	3201	HVqc	05Lof
9	28	9		יְהוָ֔ה	3068	HNp	05ZT8
9	28	10		לַ/הֲבִיאָ֕/ם	l/935	HR/Vhc/Sp3mp	05s7k
9	28	11		אֶל	413	HR	053HC
9	28	12		הָ/אָ֖רֶץ	d/776	HTd/Ncbsa	05P6z
9	28	13		אֲשֶׁר	834 a	HTr	051W5
9	28	14		דִּבֶּ֣ר	1696	HVpp3ms	05q9w
9	28	15		לָ/הֶ֑ם	l	HR/Sp3mp	05UE1
9	28	16		וּ/מִ/שִּׂנְאָת֣/וֹ	c/m/8135	HC/R/Ncfsc/Sp3ms	05Rps
9	28	17		אוֹתָ֔/ם	853	HTo/Sp3mp	05Vbn
9	28	18		הוֹצִיאָ֖/ם	3318	HVhp3ms/Sp3mp	05Fm5
9	28	19		לַ/הֲמִתָ֥/ם	l/4191	HR/Vhc/Sp3mp	05Wct
9	28	20		בַּ/מִּדְבָּֽר	b/4057 b	HRd/Ncmsa	05KQn
9	29	1		וְ/הֵ֥ם	c/1992	HC/Pp3mp	05TLX
9	29	2		עַמְּ/ךָ֖	5971 a	HNcmsc/Sp2ms	05xcH
9	29	3		וְ/נַחֲלָתֶ֑/ךָ	c/5159	HC/Ncfsc/Sp2ms	05LG4
9	29	4		אֲשֶׁ֤ר	834 a	HTr	05Vcf
9	29	5		הוֹצֵ֨אתָ֙	3318	HVhp2ms	05yU7
9	29	6		בְּ/כֹחֲ/ךָ֣	b/3581 b	HR/Ncmsc/Sp2ms	05WV1
9	29	7		הַ/גָּדֹ֔ל	d/1419 a	HTd/Aamsa	05bXb
9	29	8		וּ/בִֽ/זְרֹעֲ/ךָ֖	c/b/2220	HC/R/Ncbsc/Sp2ms	056sJ
9	29	9		הַ/נְּטוּיָֽה	d/5186	HTd/Vqsfsa	05t4v
10	1	1		בָּ/עֵ֨ת	b/6256	HRd/Ncbsa	05ofA
10	1	2		הַ/הִ֜וא	d/1931	HTd/Pp3fs	05VgJ
10	1	3		אָמַ֧ר	559	HVqp3ms	05wSa
10	1	4		יְהוָ֣ה	3068	HNp	0522e
10	1	5		אֵלַ֗/י	413	HR/Sp1cs	05jsX
10	1	6		פְּסָל	6458	HVqv2ms	05V1h
10	1	7		לְ/ךָ֞	l	HR/Sp2ms	05awv
10	1	8		שְׁנֵֽי	8147	HAcmdc	05bdJ
10	1	9		לֻוחֹ֤ת	3871	HNcmpc	05ixo
10	1	10		אֲבָנִים֙	68	HNcfpa	05iXs
10	1	11		כָּ/רִ֣אשֹׁנִ֔ים	k/7223	HRd/Aampa	05sdj
10	1	12		וַ/עֲלֵ֥ה	c/5927	HC/Vqv2ms	05GqS
10	1	13		אֵלַ֖/י	413	HR/Sp1cs	05umc
10	1	14		הָ/הָ֑רָ/ה	d/2022	HTd/Ncmsa/Sd	05B2L
10	1	15		וְ/עָשִׂ֥יתָ	c/6213 a	HC/Vqq2ms	05zE3
10	1	16		לְּ/ךָ֖	l	HR/Sp2ms	05Y5f
10	1	17		אֲר֥וֹן	727	HNcbsc	05YWA
10	1	18		עֵֽץ	6086	HNcmsa	05mHM
10	2	1		וְ/אֶכְתֹּב֙	c/3789	HC/Vqi1cs	05SDB
10	2	2		עַל	5921 a	HR	05DuR
10	2	3		הַ/לֻּחֹ֔ת	d/3871	HTd/Ncmpa	05VTa
10	2	4		אֶת	853	HTo	055ZG
10	2	5		הַ/דְּבָרִ֔ים	d/1697	HTd/Ncmpa	05Wzi
10	2	6		אֲשֶׁ֥ר	834 a	HTr	05Rvo
10	2	7		הָי֛וּ	1961	HVqp3cp	05TdV
10	2	8		עַל	5921 a	HR	05wCZ
10	2	9		הַ/לֻּחֹ֥ת	d/3871	HTd/Ncmpa	05rRa
10	2	10		הָ/רִאשֹׁנִ֖ים	d/7223	HTd/Aampa	05UgC
10	2	11		אֲשֶׁ֣ר	834 a	HTr	05qBN
10	2	12		שִׁבַּ֑רְתָּ	7665	HVpp2ms	055VV
10	2	13		וְ/שַׂמְתָּ֖/ם	c/7760 a	HC/Vqq2ms/Sp3mp	05Mo9
10	2	14		בָּ/אָרֽוֹן	b/727	HRd/Ncbsa	05C5P
10	3	1		וָ/אַ֤עַשׂ	c/6213 a	HC/Vqw1cs	05hyy
10	3	2		אֲרוֹן֙	727	HNcbsc	05yJd
10	3	3		עֲצֵ֣י	6086	HNcmpc	057h8
10	3	4		שִׁטִּ֔ים	7848	HNcfpa	05EAv
10	3	5		וָ/אֶפְסֹ֛ל	c/6458	HC/Vqw1cs	05D1Z
10	3	6		שְׁנֵי	8147	HAcmdc	051Cu
10	3	7		לֻחֹ֥ת	3871	HNcmpc	05j6C
10	3	8		אֲבָנִ֖ים	68	HNcfpa	05aRN
10	3	9		כָּ/רִאשֹׁנִ֑ים	k/7223	HRd/Aampa	05C3d
10	3	10		וָ/אַ֣עַל	c/5927	HC/Vqw1cs	05Lmq
10	3	11		הָ/הָ֔רָ/ה	d/2022	HTd/Ncmsa/Sd	05EVf
10	3	12		וּ/שְׁנֵ֥י	c/8147	HC/Acmdc	05eQX
10	3	13		הַ/לֻּחֹ֖ת	d/3871	HTd/Ncmpa	05YNf
10	3	14		בְּ/יָדִֽ/י	b/3027	HR/Ncbsc/Sp1cs	0583b
10	4	1		וַ/יִּכְתֹּ֨ב	c/3789	HC/Vqw3ms	055fs
10	4	2		עַֽל	5921 a	HR	05ACe
10	4	3		הַ/לֻּחֹ֜ת	d/3871	HTd/Ncmpa	05rv7
10	4	4		כַּ/מִּכְתָּ֣ב	k/4385	HRd/Ncmsa	051YK
10	4	5		הָ/רִאשׁ֗וֹן	d/7223	HTd/Aomsa	05kVU
10	4	6		אֵ֚ת	853	HTo	05nXq
10	4	7		עֲשֶׂ֣רֶת	6235	HAcmsc	05Dcn
10	4	8		הַ/דְּבָרִ֔ים	d/1697	HTd/Ncmpa	05WDZ
10	4	9		אֲשֶׁ֣ר	834 a	HTr	05UzN
10	4	10		דִּבֶּר֩	1696	HVpp3ms	05v4E
10	4	11		יְהוָ֨ה	3068	HNp	05MrG
10	4	12		אֲלֵי/כֶ֥ם	413	HR/Sp2mp	05HT2
10	4	13		בָּ/הָ֛ר	b/2022	HRd/Ncmsa	056Qq
10	4	14		מִ/תּ֥וֹךְ	m/8432	HR/Ncmsc	05XYe
10	4	15		הָ/אֵ֖שׁ	d/784	HTd/Ncbsa	0576X
10	4	16		בְּ/י֣וֹם	b/3117	HR/Ncmsc	055Ua
10	4	17		הַ/קָּהָ֑ל	d/6951	HTd/Ncmsa	05ebC
10	4	18		וַ/יִּתְּנֵ֥/ם	c/5414	HC/Vqw3ms/Sp3mp	059hc
10	4	19		יְהוָ֖ה	3068	HNp	05ovC
10	4	20		אֵלָֽ/י	413	HR/Sp1cs	05XE9
10	5	1		וָ/אֵ֗פֶן	c/6437	HC/Vqw1cs	056iw
10	5	2		וָֽ/אֵרֵד֙	c/3381	HC/Vqw1cs	05eUw
10	5	3		מִן	4480 a	HR	05VkU
10	5	4		הָ/הָ֔ר	d/2022	HTd/Ncmsa	05dYi
10	5	5		וָֽ/אָשִׂם֙	c/7760 a	HC/Vqw1cs	05dMc
10	5	6		אֶת	853	HTo	05S8k
10	5	7		הַ/לֻּחֹ֔ת	d/3871	HTd/Ncmpa	05Yf4
10	5	8		בָּ/אָר֖וֹן	b/727	HRd/Ncbsa	051w3
10	5	9		אֲשֶׁ֣ר	834 a	HTr	05rcB
10	5	10		עָשִׂ֑יתִי	6213 a	HVqp1cs	05pbQ
10	5	11		וַ/יִּ֣הְיוּ	c/1961	HC/Vqw3mp	05N9a
10	5	12		שָׁ֔ם	8033	HD	05kiJ
10	5	13		כַּ/אֲשֶׁ֥ר	k/834 d	HR/Tr	05MRj
10	5	14		צִוַּ֖/נִי	6680	HVpp3ms/Sp1cs	05j3M
10	5	15		יְהוָֽה	3068	HNp	05GBU
10	6	1		וּ/בְנֵ֣י	c/1121 a	HC/Ncmpc	05bgt
10	6	2		יִשְׂרָאֵ֗ל	3478	HNp	05T6V
10	6	3		נָֽסְע֛וּ	5265	HVqp3cp	05yRs
10	6	4		מִ/בְּאֵרֹ֥ת	m/885+	HR/Np	05Gbm
10	6	5		בְּנֵי	885+	HNp	05YSC
10	6	6		יַעֲקָ֖ן	885	HNp	05s2X
10	6	7		מוֹסֵרָ֑ה	4149 a	HNp	05bSC
10	6	8		שָׁ֣ם	8033	HD	05bHu
10	6	9		מֵ֤ת	4191	HVqp3ms	05h5C
10	6	10		אַהֲרֹן֙	175	HNp	05z6J
10	6	11		וַ/יִּקָּבֵ֣ר	c/6912	HC/VNw3ms	05Hqt
10	6	12		שָׁ֔ם	8033	HD	05ey4
10	6	13		וַ/יְכַהֵ֛ן	c/3547	HC/Vpw3ms	05QMs
10	6	14		אֶלְעָזָ֥ר	499	HNp	05Afb
10	6	15		בְּנ֖/וֹ	1121 a	HNcmsc/Sp3ms	0527y
10	6	16		תַּחְתָּֽי/ו	8478	HR/Sp3ms	05sEu
10	7	1		מִ/שָּׁ֥ם	m/8033	HR/D	05rF3
10	7	2		נָסְע֖וּ	5265	HVqp3cp	05VF8
10	7	3		הַ/גֻּדְגֹּ֑דָ/ה	d/1412	HTd/Np/Sd	05jDj
10	7	4		וּ/מִן	c/4480 a	HC/R	05eBr
10	7	5		הַ/גֻּדְגֹּ֣דָ/ה	d/1412	HTd/Np/Sd	05GCu
10	7	6		יָטְבָ֔תָה	3193	HNp	05rbd
10	7	7		אֶ֖רֶץ	776	HNcbsc	05YG2
10	7	8		נַ֥חֲלֵי	5158 a	HNcmpc	05kwy
10	7	9		מָֽיִם	4325	HNcmpa	053qw
10	8	1		בָּ/עֵ֣ת	b/6256	HRd/Ncbsa	05iWa
10	8	2		הַ/הִ֗וא	d/1931	HTd/Pp3fs	05cUQ
10	8	3		הִבְדִּ֤יל	914	HVhp3ms	054xN
10	8	4		יְהוָה֙	3068	HNp	05rXs
10	8	5		אֶת	853	HTo	05M3R
10	8	6		שֵׁ֣בֶט	7626	HNcmsc	05d8N
10	8	7		הַ/לֵּוִ֔י	d/3878	HTd/Ngmsa	05oTd
10	8	8		לָ/שֵׂ֖את	l/5375	HR/Vqc	05owL
10	8	9		אֶת	853	HTo	05QQs
10	8	10		אֲר֣וֹן	727	HNcbsc	052bu
10	8	11		בְּרִית	1285	HNcfsc	05Cj3
10	8	12		יְהוָ֑ה	3068	HNp	05SKp
10	8	13		לַ/עֲמֹד֩	l/5975	HR/Vqc	05yJh
10	8	14		לִ/פְנֵ֨י	l/6440	HR/Ncbpc	05RYV
10	8	15		יְהוָ֤ה	3068	HNp	05EW6
10	8	16		לְ/שָֽׁרְת/וֹ֙	l/8334	HR/Vpc/Sp3ms	05sNB
10	8	17		וּ/לְ/בָרֵ֣ךְ	c/l/1288	HC/R/Vpc	05mk1
10	8	18		בִּ/שְׁמ֔/וֹ	b/8034	HR/Ncmsc/Sp3ms	05myk
10	8	19		עַ֖ד	5704	HR	05mjE
10	8	20		הַ/יּ֥וֹם	d/3117	HTd/Ncmsa	05QJA
10	8	21		הַ/זֶּֽה	d/2088	HTd/Pdxms	05CPB
10	9	1		עַל	5921 a	HR	05113
10	9	2		כֵּ֞ן	3651 c	HTm	05wq8
10	9	3		לֹֽא	3808	HTn	05FGW
10	9	4		הָיָ֧ה	1961	HVqp3ms	05Ld7
10	9	5		לְ/לֵוִ֛י	l/3878	HR/Np	05Xo3
10	9	6		חֵ֥לֶק	2506 a	HNcmsa	05RHX
10	9	7		וְ/נַחֲלָ֖ה	c/5159	HC/Ncfsa	05BCV
10	9	8		עִם	5973 a	HR	05oTL
10	9	9		אֶחָ֑י/ו	251	HNcmpc/Sp3ms	05DoL
10	9	10		יְהוָה֙	3068	HNp	054pE
10	9	11		ה֣וּא	1931	HPp3ms	05DFj
10	9	12		נַחֲלָת֔/וֹ	5159	HNcfsc/Sp3ms	05rYe
10	9	13		כַּ/אֲשֶׁ֥ר	k/834 d	HR/Tr	05b8e
10	9	14		דִּבֶּ֛ר	1696	HVpp3ms	05jni
10	9	15		יְהוָ֥ה	3068	HNp	05Y7m
10	9	16		אֱלֹהֶ֖י/ךָ	430	HNcmpc/Sp2ms	05sPR
10	9	17		לֽ/וֹ	l	HR/Sp3ms	055tD
10	10	1		וְ/אָנֹכִ֞י	c/595	HC/Pp1cs	05m39
10	10	2		עָמַ֣דְתִּי	5975	HVqp1cs	05ZsB
10	10	3		בָ/הָ֗ר	b/2022	HRd/Ncmsa	05VXi
10	10	4		כַּ/יָּמִים֙	k/3117	HRd/Ncmpa	05QxV
10	10	5		הָ/רִ֣אשֹׁנִ֔ים	d/7223	HTd/Aampa	05c9a
10	10	6		אַרְבָּעִ֣ים	705	HAcbpa	05v9b
10	10	7		י֔וֹם	3117	HNcmsa	05Sw9
10	10	8		וְ/אַרְבָּעִ֖ים	c/705	HC/Acbpa	05in2
10	10	9		לָ֑יְלָה	3915	HNcmsa	05cdx
10	10	10		וַ/יִּשְׁמַ֨ע	c/8085	HC/Vqw3ms	056gi
10	10	11		יְהוָ֜ה	3068	HNp	059nq
10	10	12		אֵלַ֗/י	413	HR/Sp1cs	05tmJ
10	10	13		גַּ֚ם	1571	HTa	05WgN
10	10	14		בַּ/פַּ֣עַם	b/6471	HRd/Ncfsa	05m7K
10	10	15		הַ/הִ֔וא	d/1931	HTd/Pp3fs	05Qzb
10	10	16		לֹא	3808	HTn	05DPt
10	10	17		אָבָ֥ה	14	HVqp3ms	05AAx
10	10	18		יְהוָ֖ה	3068	HNp	05HFs
10	10	19		הַשְׁחִיתֶֽ/ךָ	7843	HVhc/Sp2ms	05duL
10	11	1		וַ/יֹּ֤אמֶר	c/559	HC/Vqw3ms	05Bdx
10	11	2		יְהוָה֙	3068	HNp	05o2X
10	11	3		אֵלַ֔/י	413	HR/Sp1cs	05rWy
10	11	4		ק֛וּם	6965 b	HVqv2ms	058Pg
10	11	5		לֵ֥ךְ	3212	HVqv2ms	05FxB
10	11	6		לְ/מַסַּ֖ע	l/4550	HR/Ncmsa	05eMv
10	11	7		לִ/פְנֵ֣י	l/6440	HR/Ncbpc	05DrT
10	11	8		הָ/עָ֑ם	d/5971 a	HTd/Ncmsa	05uHY
10	11	9		וְ/יָבֹ֨אוּ֙	c/935	HC/Vqj3mp	05F9W
10	11	10		וְ/יִֽרְשׁ֣וּ	c/3423	HC/Vqj3mp	05mRM
10	11	11		אֶת	853	HTo	05aY7
10	11	12		הָ/אָ֔רֶץ	d/776	HTd/Ncbsa	05r3M
10	11	13		אֲשֶׁר	834 a	HTr	05nzk
10	11	14		נִשְׁבַּ֥עְתִּי	7650	HVNp1cs	054we
10	11	15		לַ/אֲבֹתָ֖/ם	l/1	HR/Ncmpc/Sp3mp	05YKJ
10	11	16		לָ/תֵ֥ת	l/5414	HR/Vqc	0531a
10	11	17		לָ/הֶֽם	l	HR/Sp3mp	05yFv
10	12	1		וְ/עַתָּה֙	c/6258	HC/D	057a7
10	12	2		יִשְׂרָאֵ֔ל	3478	HNp	05wMY
10	12	3		מָ֚ה	4100	HTi	05rQi
10	12	4		יְהוָ֣ה	3068	HNp	051TM
10	12	5		אֱלֹהֶ֔י/ךָ	430	HNcmpc/Sp2ms	059HW
10	12	6		שֹׁאֵ֖ל	7592	HVqrmsa	05Yoz
10	12	7		מֵ/עִמָּ֑/ךְ	m/5973 b	HR/R/Sp2fs	05KFq
10	12	8		כִּ֣י	3588 b	HC	05efx
10	12	9		אִם	518 b	HC	05Tt9
10	12	10		לְ֠/יִרְאָה	l/3372	HR/Vqc	05yQh
10	12	11		אֶת	853	HTo	05CAN
10	12	12		יְהוָ֨ה	3068	HNp	05Xva
10	12	13		אֱלֹהֶ֜י/ךָ	430	HNcmpc/Sp2ms	05ef9
10	12	14		לָ/לֶ֤כֶת	l/3212	HR/Vqc	05JnZ
10	12	15		בְּ/כָל	b/3605	HR/Ncmsc	05qg7
10	12	16		דְּרָכָי/ו֙	1870	HNcbpc/Sp3ms	05cSo
10	12	17		וּ/לְ/אַהֲבָ֣ה	c/l/157	HC/R/Vqc	05Yyj
10	12	18		אֹת֔/וֹ	853	HTo/Sp3ms	05opb
10	12	19		וְ/לַֽ/עֲבֹד֙	c/l/5647	HC/R/Vqc	053dA
10	12	20		אֶת	853	HTo	05m49
10	12	21		יְהוָ֣ה	3068	HNp	05HAZ
10	12	22		אֱלֹהֶ֔י/ךָ	430	HNcmpc/Sp2ms	0518S
10	12	23		בְּ/כָל	b/3605	HR/Ncmsc	05pvu
10	12	24		לְבָבְ/ךָ֖	3824	HNcmsc/Sp2ms	05RzD
10	12	25		וּ/בְ/כָל	c/b/3605	HC/R/Ncmsc	05b9d
10	12	26		נַפְשֶֽׁ/ךָ	5315	HNcbsc/Sp2ms	05yKt
10	13	1		לִ/שְׁמֹ֞ר	l/8104	HR/Vqc	05kTv
10	13	2		אֶת	853	HTo	053Zu
10	13	3		מִצְוֺ֤ת	4687	HNcfpc	05cNU
10	13	4		יְהוָה֙	3068	HNp	05w93
10	13	5		וְ/אֶת	c/853	HC/To	05hRC
10	13	6		חֻקֹּתָ֔י/ו	2708	HNcbpc/Sp3ms	05y8q
10	13	7		אֲשֶׁ֛ר	834 a	HTr	056Us
10	13	8		אָנֹכִ֥י	595	HPp1cs	057EH
10	13	9		מְצַוְּ/ךָ֖	6680	HVprmsc/Sp2ms	05xEy
10	13	10		הַ/יּ֑וֹם	d/3117	HTd/Ncmsa	05dYW
10	13	11		לְ/ט֖וֹב	l/2896 b	HR/Aamsa	05Dbu
10	13	12		לָֽ/ךְ	l	HR/Sp2fs	05biE
10	14	1		הֵ֚ן	2005	HTm	051oc
10	14	2		לַ/יהוָ֣ה	l/3068	HR/Np	05X8S
10	14	3		אֱלֹהֶ֔י/ךָ	430	HNcmpc/Sp2ms	05spk
10	14	4		הַ/שָּׁמַ֖יִם	d/8064	HTd/Ncmpa	05tvc
10	14	5		וּ/שְׁמֵ֣י	c/8064	HC/Ncmpc	05Xj8
10	14	6		הַ/שָּׁמָ֑יִם	d/8064	HTd/Ncmpa	053ho
10	14	7		הָ/אָ֖רֶץ	d/776	HTd/Ncbsa	05u8J
10	14	8		וְ/כָל	c/3605	HC/Ncmsc	05pVY
10	14	9		אֲשֶׁר	834 a	HTr	05biG
10	14	10		בָּֽ/הּ	b	HR/Sp3fs	05pZy
10	15	1		רַ֧ק	7535	HTa	05q48
10	15	2		בַּ/אֲבֹתֶ֛י/ךָ	b/1	HR/Ncmpc/Sp2ms	05s4E
10	15	3		חָשַׁ֥ק	2836 a	HVqp3ms	05h3h
10	15	4		יְהוָ֖ה	3068	HNp	05918
10	15	5		לְ/אַהֲבָ֣ה	l/157	HR/Vqc	05oD9
10	15	6		אוֹתָ֑/ם	853	HTo/Sp3mp	05iih
10	15	7		וַ/יִּבְחַ֞ר	c/977	HC/Vqw3ms	05vUK
10	15	8		בְּ/זַרְעָ֣/ם	b/2233	HR/Ncmsc/Sp3mp	05ZDx
10	15	9		אַחֲרֵי/הֶ֗ם	310 a	HR/Sp3mp	05YCX
10	15	10		בָּ/כֶ֛ם	b	HR/Sp2mp	05YWB
10	15	11		מִ/כָּל	m/3605	HR/Ncmsc	05tQU
10	15	12		הָ/עַמִּ֖ים	d/5971 a	HTd/Ncmpa	05CJW
10	15	13		כַּ/יּ֥וֹם	k/3117	HRd/Ncmsa	05Y86
10	15	14		הַ/זֶּה	d/2088	HTd/Pdxms	059vU
10	16	1		וּ/מַלְתֶּ֕ם	c/4135 a	HC/Vqq2mp	059R8
10	16	2		אֵ֖ת	853	HTo	05moo
10	16	3		עָרְלַ֣ת	6190	HNcfsc	05gAE
10	16	4		לְבַבְ/כֶ֑ם	3824	HNcmsc/Sp2mp	05ZAq
10	16	5		וְ/עָ֨רְפְּ/כֶ֔ם	c/6203	HC/Ncmsc/Sp2mp	05ubx
10	16	6		לֹ֥א	3808	HTn	05cLd
10	16	7		תַקְשׁ֖וּ	7185	HVhi2mp	05fc7
10	16	8		עֽוֹד	5750	HD	05zLa
10	17	1		כִּ֚י	3588 a	HC	05Dcd
10	17	2		יְהוָ֣ה	3068	HNp	05sHq
10	17	3		אֱלֹֽהֵי/כֶ֔ם	430	HNcmpc/Sp2mp	05Z4P
10	17	4		ה֚וּא	1931	HPp3ms	05n76
10	17	5		אֱלֹהֵ֣י	430	HNcmpc	05bD6
10	17	6		הָֽ/אֱלֹהִ֔ים	d/430	HTd/Ncmpa	05wcG
10	17	7		וַ/אֲדֹנֵ֖י	c/136	HC/Ncmpc	05S4Y
10	17	8		הָ/אֲדֹנִ֑ים	d/113	HTd/Ncmpa	05pJA
10	17	9		הָ/אֵ֨ל	d/410	HTd/Ncmsa	05T7j
10	17	10		הַ/גָּדֹ֤ל	d/1419 a	HTd/Aamsa	05fBv
10	17	11		הַ/גִּבֹּר֙	d/1368	HTd/Aamsa	05mGL
10	17	12		וְ/הַ/נּוֹרָ֔א	c/d/3372	HC/Td/VNrmsa	05m4P
10	17	13		אֲשֶׁר֙	834 a	HTr	05YX6
10	17	14		לֹא	3808	HTn	05aYb
10	17	15		יִשָּׂ֣א	5375	HVqi3ms	05M4g
10	17	16		פָנִ֔ים	6440	HNcbpa	05WUC
10	17	17		וְ/לֹ֥א	c/3808	HC/Tn	05pov
10	17	18		יִקַּ֖ח	3947	HVqi3ms	053VU
10	17	19		שֹֽׁחַד	7810	HNcmsa	058qr
10	18	1		עֹשֶׂ֛ה	6213 a	HVqrmsa	05Sag
10	18	2		מִשְׁפַּ֥ט	4941	HNcmsc	05awo
10	18	3		יָת֖וֹם	3490	HNcmsa	05FpW
10	18	4		וְ/אַלְמָנָ֑ה	c/490	HC/Ncfsa	05Q3M
10	18	5		וְ/אֹהֵ֣ב	c/157	HC/Vqrmsa	05ztj
10	18	6		גֵּ֔ר	1616	HNcmsa	05uxE
10	18	7		לָ֥/תֶת	l/5414	HR/Vqc	058qh
10	18	8		ל֖/וֹ	l	HR/Sp3ms	05zk3
10	18	9		לֶ֥חֶם	3899	HNcbsa	05art
10	18	10		וְ/שִׂמְלָֽה	c/8071	HC/Ncfsa	05XTQ
10	19	1		וַ/אֲהַבְתֶּ֖ם	c/157	HC/Vqq2mp	05pgc
10	19	2		אֶת	853	HTo	05nnX
10	19	3		הַ/גֵּ֑ר	d/1616	HTd/Ncmsa	059fu
10	19	4		כִּֽי	3588 a	HC	05gcE
10	19	5		גֵרִ֥ים	1616	HNcmpa	05EgB
10	19	6		הֱיִיתֶ֖ם	1961	HVqp2mp	05NgL
10	19	7		בְּ/אֶ֥רֶץ	b/776	HR/Ncbsc	05oX6
10	19	8		מִצְרָֽיִם	4714	HNp	05JwH
10	20	1		אֶת	853	HTo	05LPw
10	20	2		יְהוָ֧ה	3068	HNp	05enA
10	20	3		אֱלֹהֶ֛י/ךָ	430	HNcmpc/Sp2ms	05YX2
10	20	4		תִּירָ֖א	3372	HVqi2ms	05TkZ
10	20	5		אֹת֣/וֹ	853	HTo/Sp3ms	05VP3
10	20	6		תַעֲבֹ֑ד	5647	HVqi2ms	059LC
10	20	7		וּ/ב֣/וֹ	c/b	HC/R/Sp3ms	056ty
10	20	8		תִדְבָּ֔ק	1692	HVqi2ms	05u6K
10	20	9		וּ/בִ/שְׁמ֖/וֹ	c/b/8034	HC/R/Ncmsc/Sp3ms	05PQd
10	20	10		תִּשָּׁבֵֽעַ	7650	HVNi2ms	05MHe
10	21	1		ה֥וּא	1931	HPp3ms	05Q1Y
10	21	2		תְהִלָּתְ/ךָ֖	8416	HNcfsc/Sp2ms	05Y4x
10	21	3		וְ/ה֣וּא	c/1931	HC/Pp3ms	05RLf
10	21	4		אֱלֹהֶ֑י/ךָ	430	HNcmpc/Sp2ms	05R79
10	21	5		אֲשֶׁר	834 a	HTr	05xRL
10	21	6		עָשָׂ֣ה	6213 a	HVqp3ms	05vxt
10	21	7		אִתְּ/ךָ֗	854	HR/Sp2ms	0526U
10	21	8		אֶת	853	HTo	05ZvP
10	21	9		הַ/גְּדֹלֹ֤ת	d/1419 a	HTd/Aafpa	052eu
10	21	10		וְ/אֶת	c/853	HC/To	05Xfm
10	21	11		הַ/נּֽוֹרָאֹת֙	d/3372	HTd/VNrfpa	05sGE
10	21	12		הָ/אֵ֔לֶּה	d/428	HTd/Pdxcp	056g8
10	21	13		אֲשֶׁ֥ר	834 a	HTr	05BrJ
10	21	14		רָא֖וּ	7200	HVqp3cp	055mG
10	21	15		עֵינֶֽי/ךָ	5869 a	HNcbdc/Sp2ms	05wJu
10	22	1		בְּ/שִׁבְעִ֣ים	b/7657	HR/Acbpa	05gKD
10	22	2		נֶ֔פֶשׁ	5315	HNcbsa	05hca
10	22	3		יָרְד֥וּ	3381	HVqp3cp	05khN
10	22	4		אֲבֹתֶ֖י/ךָ	1	HNcmpc/Sp2ms	05nJG
10	22	5		מִצְרָ֑יְמָ/הּ	4714	HNp/Sd	052W7
10	22	6		וְ/עַתָּ֗ה	c/6258	HC/D	058pa
10	22	7		שָֽׂמְ/ךָ֙	7760 a	HVqp3ms/Sp2ms	05QNM
10	22	8		יְהוָ֣ה	3068	HNp	05KBD
10	22	9		אֱלֹהֶ֔י/ךָ	430	HNcmpc/Sp2ms	05i6P
10	22	10		כְּ/כוֹכְבֵ֥י	k/3556	HR/Ncmpc	05TCC
10	22	11		הַ/שָּׁמַ֖יִם	d/8064	HTd/Ncmpa	056Em
10	22	12		לָ/רֹֽב	l/7230	HR/Ncbsa	055S4
11	1	1		וְ/אָ֣הַבְתָּ֔	c/157	HC/Vqq2ms	05MAJ
11	1	2		אֵ֖ת	853	HTo	05eFY
11	1	3		יְהוָ֣ה	3068	HNp	059CN
11	1	4		אֱלֹהֶ֑י/ךָ	430	HNcmpc/Sp2ms	053M5
11	1	5		וְ/שָׁמַרְתָּ֣	c/8104	HC/Vqq2ms	055Ar
11	1	6		מִשְׁמַרְתּ֗/וֹ	4931	HNcfsc/Sp3ms	05315
11	1	7		וְ/חֻקֹּתָ֧י/ו	c/2708	HC/Ncbpc/Sp3ms	05EMQ
11	1	8		וּ/מִשְׁפָּטָ֛י/ו	c/4941	HC/Ncmpc/Sp3ms	051qL
11	1	9		וּ/מִצְוֺתָ֖י/ו	c/4687	HC/Ncfpc/Sp3ms	05sHh
11	1	10		כָּל	3605	HNcmsc	05nw3
11	1	11		הַ/יָּמִֽים	d/3117	HTd/Ncmpa	05hip
11	2	1		וִֽ/ידַעְתֶּם֮	c/3045	HC/Vqq2mp	05qKh
11	2	2		הַ/יּוֹם֒	d/3117	HTd/Ncmsa	05K3s
11	2	3		כִּ֣י	3588 a	HC	05Udm
11	2	4		לֹ֣א	3808	HTn	05pSF
11	2	5		אֶת	854	HR	05wfx
11	2	6		בְּנֵי/כֶ֗ם	1121 a	HNcmpc/Sp2mp	05rqa
11	2	7		אֲשֶׁ֤ר	834 a	HTr	05ZRa
11	2	8		לֹֽא	3808	HTn	05XtJ
11	2	9		יָדְעוּ֙	3045	HVqp3cp	05D2e
11	2	10		וַ/אֲשֶׁ֣ר	c/834 a	HC/Tr	05Mu5
11	2	11		לֹא	3808	HTn	05nSW
11	2	12		רָא֔וּ	7200	HVqp3cp	058m3
11	2	13		אֶת	853	HTo	05fBz
11	2	14		מוּסַ֖ר	4148	HNcmsc	05yf4
11	2	15		יְהוָ֣ה	3068	HNp	05kib
11	2	16		אֱלֹהֵי/כֶ֑ם	430	HNcmpc/Sp2mp	05yQw
11	2	17		אֶת	853	HTo	05vAd
11	2	18		גָּדְל֕/וֹ	1433	HNcmsc/Sp3ms	05hNu
11	2	19		אֶת	853	HTo	0593D
11	2	20		יָד/וֹ֙	3027	HNcbsc/Sp3ms	05Evy
11	2	21		הַ/חֲזָקָ֔ה	d/2389	HTd/Aafsa	05qSH
11	2	22		וּ/זְרֹע֖/וֹ	c/2220	HC/Ncbsc/Sp3ms	05vYV
11	2	23		הַ/נְּטוּיָֽה	d/5186	HTd/Vqsfsa	05rDA
11	3	1		וְ/אֶת	c/853	HC/To	05Z3T
11	3	2		אֹֽתֹתָי/ו֙	226	HNcbpc/Sp3ms	05fn2
11	3	3		וְ/אֶֽת	c/853	HC/To	054nS
11	3	4		מַעֲשָׂ֔י/ו	4639	HNcmpc/Sp3ms	059p2
11	3	5		אֲשֶׁ֥ר	834 a	HTr	055Sr
11	3	6		עָשָׂ֖ה	6213 a	HVqp3ms	05np9
11	3	7		בְּ/ת֣וֹךְ	b/8432	HR/Ncmsc	05au6
11	3	8		מִצְרָ֑יִם	4714	HNp	05Yj4
11	3	9		לְ/פַרְעֹ֥ה	l/6547	HR/Np	05P4Y
11	3	10		מֶֽלֶךְ	4428	HNcmsc	053AT
11	3	11		מִצְרַ֖יִם	4714	HNp	05MMh
11	3	12		וּ/לְ/כָל	c/l/3605	HC/R/Ncmsc	05C6R
11	3	13		אַרְצֽ/וֹ	776	HNcbsc/Sp3ms	05Tsm
11	4	1		וַ/אֲשֶׁ֣ר	c/834 a	HC/Tr	05C4T
11	4	2		עָשָׂה֩	6213 a	HVqp3ms	05ErU
11	4	3		לְ/חֵ֨יל	l/2428	HR/Ncmsc	05b1D
11	4	4		מִצְרַ֜יִם	4714	HNp	05RBu
11	4	5		לְ/סוּסָ֣י/ו	l/5483 b	HR/Ncmpc/Sp3ms	05DAW
11	4	6		וּ/לְ/רִכְבּ֗/וֹ	c/l/7393	HC/R/Ncmsc/Sp3ms	05Hip
11	4	7		אֲשֶׁ֨ר	834 a	HTr	05rvf
11	4	8		הֵצִ֜יף	6687	HVhp3ms	05EUu
11	4	9		אֶת	853	HTo	05MRq
11	4	10		מֵ֤י	4325	HNcmpc	05Rrp
11	4	11		יַם	3220	HNcmsc	0517A
11	4	12		סוּף֙	5488	HNcmsa	05Q4z
11	4	13		עַל	5921 a	HR	05FYp
11	4	14		פְּנֵי/הֶ֔ם	6440	HNcbpc/Sp3mp	058m1
11	4	15		בְּ/רָדְפָ֖/ם	b/7291	HR/Vqc/Sp3mp	058mf
11	4	16		אַחֲרֵי/כֶ֑ם	310 a	HR/Sp2mp	053kw
11	4	17		וַ/יְאַבְּדֵ֣/ם	c/6	HC/Vpw3ms/Sp3mp	05wCh
11	4	18		יְהוָ֔ה	3068	HNp	05zrv
11	4	19		עַ֖ד	5704	HR	05zCn
11	4	20		הַ/יּ֥וֹם	d/3117	HTd/Ncmsa	053zp
11	4	21		הַ/זֶּֽה	d/2088	HTd/Pdxms	05QAE
11	5	1		וַ/אֲשֶׁ֥ר	c/834 a	HC/Tr	05jpx
11	5	2		עָשָׂ֛ה	6213 a	HVqp3ms	05i8q
11	5	3		לָ/כֶ֖ם	l	HR/Sp2mp	05TP4
11	5	4		בַּ/מִּדְבָּ֑ר	b/4057 b	HRd/Ncmsa	059Ng
11	5	5		עַד	5704	HR	054MJ
11	5	6		בֹּאֲ/כֶ֖ם	935	HVqc/Sp2mp	05efU
11	5	7		עַד	5704	HR	05R3h
11	5	8		הַ/מָּק֥וֹם	d/4725	HTd/Ncmsa	05icS
11	5	9		הַ/זֶּֽה	d/2088	HTd/Pdxms	05hwb
11	6	1		וַ/אֲשֶׁ֨ר	c/834 a	HC/Tr	05rTr
11	6	2		עָשָׂ֜ה	6213 a	HVqp3ms	05bfb
11	6	3		לְ/דָתָ֣ן	l/1885	HR/Np	05mEa
11	6	4		וְ/לַ/אֲבִירָ֗ם	c/l/48	HC/R/Np	05ydN
11	6	5		בְּנֵ֣י	1121 a	HNcmpc	05HVK
11	6	6		אֱלִיאָב֮	446	HNp	05jiK
11	6	7		בֶּן	1121 a	HNcmsc	05Vqg
11	6	8		רְאוּבֵן֒	7205	HNp	05yTL
11	6	9		אֲשֶׁ֨ר	834 a	HTr	053Xt
11	6	10		פָּצְתָ֤ה	6475	HVqp3fs	05dTm
11	6	11		הָ/אָ֨רֶץ֙	d/776	HTd/Ncbsa	056o3
11	6	12		אֶת	853	HTo	05cZp
11	6	13		פִּ֔י/הָ	6310	HNcmsc/Sp3fs	05diR
11	6	14		וַ/תִּבְלָעֵ֥/ם	c/1104	HC/Vqw3fs/Sp3mp	05kEs
11	6	15		וְ/אֶת	c/853	HC/To	05bvu
11	6	16		בָּתֵּי/הֶ֖ם	1004 b	HNcmpc/Sp3mp	05a1T
11	6	17		וְ/אֶת	c/853	HC/To	05TnP
11	6	18		אָהֳלֵי/הֶ֑ם	168	HNcmpc/Sp3mp	05JjK
11	6	19		וְ/אֵ֤ת	c/853	HC/To	05PFs
11	6	20		כָּל	3605	HNcmsc	053pH
11	6	21		הַ/יְקוּם֙	d/3351	HTd/Ncmsa	05eEz
11	6	22		אֲשֶׁ֣ר	834 a	HTr	05RwK
11	6	23		בְּ/רַגְלֵי/הֶ֔ם	b/7272	HR/Ncfdc/Sp3mp	05vTf
11	6	24		בְּ/קֶ֖רֶב	b/7130	HR/Ncmsc	05jRy
11	6	25		כָּל	3605	HNcmsc	05kAg
11	6	26		יִשְׂרָאֵֽל	3478	HNp	056JK
11	7	1		כִּ֤י	3588 a	HC	05ibz
11	7	2		עֵֽינֵי/כֶם֙	5869 a	HNcbdc/Sp2mp	056Zt
11	7	3		הָֽ/רֹאֹ֔ת	d/7200	HTd/Vqrfpa	05Ywk
11	7	4		אֶת	853	HTo	052Ag
11	7	5		כָּל	3605	HNcmsc	05Saf
11	7	6		מַעֲשֵׂ֥ה	4639	HNcmsc	05KVW
11	7	7		יְהוָ֖ה	3068	HNp	05ybr
11	7	8		הַ/גָּדֹ֑ל	d/1419 a	HTd/Aamsa	05Rgy
11	7	9		אֲשֶׁ֖ר	834 a	HTr	05CDd
11	7	10		עָשָֽׂה	6213 a	HVqp3ms	05Li1
11	8	1		וּ/שְׁמַרְתֶּם֙	c/8104	HC/Vqq2mp	05pYz
11	8	2		אֶת	853	HTo	05mTQ
11	8	3		כָּל	3605	HNcmsc	05yeW
11	8	4		הַ/מִּצְוָ֔ה	d/4687	HTd/Ncfsa	055vv
11	8	5		אֲשֶׁ֛ר	834 a	HTr	05V6s
11	8	6		אָנֹכִ֥י	595	HPp1cs	05FCH
11	8	7		מְצַוְּ/ךָ֖	6680	HVprmsc/Sp2ms	051f5
11	8	8		הַ/יּ֑וֹם	d/3117	HTd/Ncmsa	05Z5P
11	8	9		לְמַ֣עַן	4616	HR	055KP
11	8	10		תֶּחֶזְק֗וּ	2388	HVqi2mp	05qVV
11	8	11		וּ/בָאתֶם֙	c/935	HC/Vqq2mp	05Pg2
11	8	12		וִֽ/ירִשְׁתֶּ֣ם	c/3423	HC/Vqq2mp	05Zue
11	8	13		אֶת	853	HTo	05ncc
11	8	14		הָ/אָ֔רֶץ	d/776	HTd/Ncbsa	052Dc
11	8	15		אֲשֶׁ֥ר	834 a	HTr	05gKj
11	8	16		אַתֶּ֛ם	859 d	HPp2mp	05fDt
11	8	17		עֹבְרִ֥ים	5674 a	HVqrmpa	05Zsb
11	8	18		שָׁ֖מָּ/ה	8033	HD/Sd	057ZE
11	8	19		לְ/רִשְׁתָּֽ/הּ	l/3423	HR/Vqc/Sp3fs	05zWF
11	9	1		וּ/לְמַ֨עַן	c/4616	HC/R	05XPk
11	9	2		תַּאֲרִ֤יכוּ	748	HVhi2mp	05G2M
11	9	3		יָמִים֙	3117	HNcmpa	05hHK
11	9	4		עַל	5921 a	HR	05a8K
11	9	5		הָ֣/אֲדָמָ֔ה	d/127	HTd/Ncfsa	05uiR
11	9	6		אֲשֶׁר֩	834 a	HTr	05sWP
11	9	7		נִשְׁבַּ֨ע	7650	HVNp3ms	05GBG
11	9	8		יְהוָ֧ה	3068	HNp	05acQ
11	9	9		לַ/אֲבֹתֵי/כֶ֛ם	l/1	HR/Ncmpc/Sp2mp	05t1b
11	9	10		לָ/תֵ֥ת	l/5414	HR/Vqc	05aWG
11	9	11		לָ/הֶ֖ם	l	HR/Sp3mp	05G7R
11	9	12		וּ/לְ/זַרְעָ֑/ם	c/l/2233	HC/R/Ncmsc/Sp3mp	05AZv
11	9	13		אֶ֛רֶץ	776	HNcbsa	05ZFu
11	9	14		זָבַ֥ת	2100	HVqrfsc	05qRc
11	9	15		חָלָ֖ב	2461	HNcmsa	05882
11	9	16		וּ/דְבָֽשׁ	c/1706	HC/Ncmsa	05JzX
11	10	1		כִּ֣י	3588 a	HC	05EPM
11	10	2		הָ/אָ֗רֶץ	d/776	HTd/Ncbsa	058LY
11	10	3		אֲשֶׁ֨ר	834 a	HTr	05TcQ
11	10	4		אַתָּ֤ה	859 a	HPp2ms	05CiQ
11	10	5		בָא	935	HVqrmsa	05PJ7
11	10	6		שָׁ֨מָּ/ה֙	8033	HD/Sd	05kht
11	10	7		לְ/רִשְׁתָּ֔/הּ	l/3423	HR/Vqc/Sp3fs	05JpD
11	10	8		לֹ֣א	3808	HTn	05mnM
11	10	9		כְ/אֶ֤רֶץ	k/776	HR/Ncbsc	05wHF
11	10	10		מִצְרַ֨יִם֙	4714	HNp	05yhp
11	10	11		הִ֔וא	1931	HPp3fs	05U6B
11	10	12		אֲשֶׁ֥ר	834 a	HTr	056Li
11	10	13		יְצָאתֶ֖ם	3318	HVqp2mp	05hin
11	10	14		מִ/שָּׁ֑ם	m/8033	HR/D	05JVU
11	10	15		אֲשֶׁ֤ר	834 a	HTr	05YsH
11	10	16		תִּזְרַע֙	2232	HVqi2ms	05Y6g
11	10	17		אֶֽת	853	HTo	05mjQ
11	10	18		זַרְעֲ/ךָ֔	2233	HNcmsc/Sp2ms	05gFP
11	10	19		וְ/הִשְׁקִ֥יתָ	c/8248	HC/Vhq2ms	05oHn
11	10	20		בְ/רַגְלְ/ךָ֖	b/7272	HR/Ncfsc/Sp2ms	053wd
11	10	21		כְּ/גַ֥ן	k/1588	HR/Ncbsc	05HXV
11	10	22		הַ/יָּרָֽק	d/3419	HTd/Ncmsa	05fTJ
11	11	1		וְ/הָ/אָ֗רֶץ	c/d/776	HC/Td/Ncbsa	05gq4
11	11	2		אֲשֶׁ֨ר	834 a	HTr	0596j
11	11	3		אַתֶּ֜ם	859 d	HPp2mp	05apg
11	11	4		עֹבְרִ֥ים	5674 a	HVqrmpa	05m2R
11	11	5		שָׁ֨מָּ/ה֙	8033	HD/Sd	05xro
11	11	6		לְ/רִשְׁתָּ֔/הּ	l/3423	HR/Vqc/Sp3fs	05GFp
11	11	7		אֶ֥רֶץ	776	HNcbsc	05rbG
11	11	8		הָרִ֖ים	2022	HNcmpa	059Fz
11	11	9		וּ/בְקָעֹ֑ת	c/1237	HC/Ncfpa	057pF
11	11	10		לִ/מְטַ֥ר	l/4306	HR/Ncmsc	052K9
11	11	11		הַ/שָּׁמַ֖יִם	d/8064	HTd/Ncmpa	05Xqr
11	11	12		תִּשְׁתֶּה	8354	HVqi3fs	05WuJ
11	11	13		מָּֽיִם	4325	HNcmpa	05ZHe
11	12	1		אֶ֕רֶץ	776	HNcbsa	05K24
11	12	2		אֲשֶׁר	834 a	HTr	05t3M
11	12	3		יְהוָ֥ה	3068	HNp	05nLn
11	12	4		אֱלֹהֶ֖י/ךָ	430	HNcmpc/Sp2ms	05byF
11	12	5		דֹּרֵ֣שׁ	1875	HVqrmsa	05NQV
11	12	6		אֹתָ֑/הּ	853	HTo/Sp3fs	05RhE
11	12	7		תָּמִ֗יד	8548	HNcmsa	05JDU
11	12	8		עֵינֵ֨י	5869 a	HNcbdc	05JCR
11	12	9		יְהוָ֤ה	3068	HNp	05D4D
11	12	10		אֱלֹהֶ֨י/ךָ֙	430	HNcmpc/Sp2ms	05XqW
11	12	11		בָּ֔/הּ	b	HR/Sp3fs	05FeL
11	12	12		מֵֽ/רֵשִׁית֙	m/7225	HR/Ncfsc	05urP
11	12	13		הַ/שָּׁנָ֔ה	d/8141	HTd/Ncfsa	056hR
11	12	14		וְ/עַ֖ד	c/5704	HC/R	05sJT
11	12	15		אַחֲרִ֥ית	319	HNcfsc	05eix
11	12	16		שָׁנָֽה	8141	HNcfsa	054SZ
11	13	1		וְ/הָיָ֗ה	c/1961	HC/Vqq3ms	05ujg
11	13	2		אִם	518 a	HC	05n8U
11	13	3		שָׁמֹ֤עַ	8085	HVqa	05KFN
11	13	4		תִּשְׁמְעוּ֙	8085	HVqi2mp	05ee6
11	13	5		אֶל	413	HR	05L7f
11	13	6		מִצְוֺתַ֔/י	4687	HNcfpc/Sp1cs	05Nkz
11	13	7		אֲשֶׁ֧ר	834 a	HTr	05e66
11	13	8		אָנֹכִ֛י	595	HPp1cs	05Xic
11	13	9		מְצַוֶּ֥ה	6680	HVprmsa	059VK
11	13	10		אֶתְ/כֶ֖ם	853	HTo/Sp2mp	05MHN
11	13	11		הַ/יּ֑וֹם	d/3117	HTd/Ncmsa	05zWe
11	13	12		לְ/אַהֲבָ֞ה	l/157	HR/Vqc	05Toi
11	13	13		אֶת	853	HTo	058VV
11	13	14		יְהוָ֤ה	3068	HNp	05K1b
11	13	15		אֱלֹֽהֵי/כֶם֙	430	HNcmpc/Sp2mp	05Lgi
11	13	16		וּ/לְ/עָבְד֔/וֹ	c/l/5647	HC/R/Vqc/Sp3ms	056Yk
11	13	17		בְּ/כָל	b/3605	HR/Ncmsc	05yaX
11	13	18		לְבַבְ/כֶ֖ם	3824	HNcmsc/Sp2mp	05LmW
11	13	19		וּ/בְ/כָל	c/b/3605	HC/R/Ncmsc	05YUT
11	13	20		נַפְשְׁ/כֶֽם	5315	HNcbsc/Sp2mp	05Cts
11	14	1		וְ/נָתַתִּ֧י	c/5414	HC/Vqq1cs	05yqG
11	14	2		מְטַֽר	4306	HNcmsc	056ev
11	14	3		אַרְצְ/כֶ֛ם	776	HNcbsc/Sp2mp	05MDh
11	14	4		בְּ/עִתּ֖/וֹ	b/6256	HR/Ncbsc/Sp3ms	05gZp
11	14	5		יוֹרֶ֣ה	3138	HNcmsa	05dmq
11	14	6		וּ/מַלְק֑וֹשׁ	c/4456	HC/Ncmsa	05RFy
11	14	7		וְ/אָסַפְתָּ֣	c/622	HC/Vqq2ms	05U5A
11	14	8		דְגָנֶ֔/ךָ	1715	HNcmsc/Sp2ms	05YEo
11	14	9		וְ/תִֽירֹשְׁ/ךָ֖	c/8492	HC/Ncmsc/Sp2ms	05WW5
11	14	10		וְ/יִצְהָרֶֽ/ךָ	c/3323	HC/Ncmsc/Sp2ms	05xB1
11	15	1		וְ/נָתַתִּ֛י	c/5414	HC/Vqq1cs	05Dut
11	15	2		עֵ֥שֶׂב	6212	HNcmsa	05aAs
11	15	3		בְּ/שָׂדְ/ךָ֖	b/7704 b	HR/Ncmsc/Sp2ms	05iR4
11	15	4		לִ/בְהֶמְתֶּ֑/ךָ	l/929	HR/Ncfsc/Sp2ms	05WD5
11	15	5		וְ/אָכַלְתָּ֖	c/398	HC/Vqq2ms	05QVS
11	15	6		וְ/שָׂבָֽעְתָּ	c/7646	HC/Vqq2ms	05Byp
11	16	1		הִשָּֽׁמְר֣וּ	8104	HVNv2mp	05WT7
11	16	2		לָ/כֶ֔ם	l	HR/Sp2mp	05mgg
11	16	3		פֶּ֥ן	6435	HC	05FtA
11	16	4		יִפְתֶּ֖ה	6601 b	HVqi3ms	05Wy2
11	16	5		לְבַבְ/כֶ֑ם	3824	HNcmsc/Sp2mp	05LWF
11	16	6		וְ/סַרְתֶּ֗ם	c/5493	HC/Vqq2mp	0543f
11	16	7		וַ/עֲבַדְתֶּם֙	c/5647	HC/Vqq2mp	05DKG
11	16	8		אֱלֹהִ֣ים	430	HNcmpa	05Zqk
11	16	9		אֲחֵרִ֔ים	312	HAampa	05JHu
11	16	10		וְ/הִשְׁתַּחֲוִיתֶ֖ם	c/7812	HC/Vvq2mp	05TX2
11	16	11		לָ/הֶֽם	l	HR/Sp3mp	05BVw
11	17	1		וְ/חָרָ֨ה	c/2734	HC/Vqq3ms	05As7
11	17	2		אַף	639	HTa	055kf
11	17	3		יְהוָ֜ה	3068	HNp	05nnm
11	17	4		בָּ/כֶ֗ם	b	HR/Sp2mp	05Skh
11	17	5		וְ/עָצַ֤ר	c/6113	HC/Vqq3ms	05hML
11	17	6		אֶת	853	HTo	05brS
11	17	7		הַ/שָּׁמַ֨יִם֙	d/8064	HTd/Ncmpa	05wJM
11	17	8		וְ/לֹֽא	c/3808	HC/Tn	05H8d
11	17	9		יִהְיֶ֣ה	1961	HVqi3ms	0548z
11	17	10		מָטָ֔ר	4306	HNcmsa	05M8d
11	17	11		וְ/הָ֣/אֲדָמָ֔ה	c/d/127	HC/Td/Ncfsa	05WKe
11	17	12		לֹ֥א	3808	HTn	052KH
11	17	13		תִתֵּ֖ן	5414	HVqi3fs	05HGY
11	17	14		אֶת	853	HTo	05NxF
11	17	15		יְבוּלָ֑/הּ	2981	HNcmsc/Sp3fs	0562X
11	17	16		וַ/אֲבַדְתֶּ֣ם	c/6	HC/Vqq2mp	05hQZ
11	17	17		מְהֵרָ֗ה	4120	HNcfsa	051B3
11	17	18		מֵ/עַל֙	m/5921 a	HR/R	05imA
11	17	19		הָ/אָ֣רֶץ	d/776	HTd/Ncbsa	05eZb
11	17	20		הַ/טֹּבָ֔ה	d/2896 a	HTd/Aafsa	05Kg3
11	17	21		אֲשֶׁ֥ר	834 a	HTr	05L37
11	17	22		יְהוָ֖ה	3068	HNp	05Dbh
11	17	23		נֹתֵ֥ן	5414	HVqrmsa	05GXn
11	17	24		לָ/כֶֽם	l	HR/Sp2mp	05mmj
11	18	1		וְ/שַׂמְתֶּם֙	c/7760 a	HC/Vqq2mp	05vT5
11	18	2		אֶת	853	HTo	05ia1
11	18	3		דְּבָרַ֣/י	1697	HNcmpc/Sp1cs	05Lgd
11	18	4		אֵ֔לֶּה	428	HPdxcp	05GhB
11	18	5		עַל	5921 a	HR	055PW
11	18	6		לְבַבְ/כֶ֖ם	3824	HNcmsc/Sp2mp	053FW
11	18	7		וְ/עַֽל	c/5921 a	HC/R	05jwC
11	18	8		נַפְשְׁ/כֶ֑ם	5315	HNcbsc/Sp2mp	05GmR
11	18	9		וּ/קְשַׁרְתֶּ֨ם	c/7194	HC/Vqq2mp	05xun
11	18	10		אֹתָ֤/ם	853	HTo/Sp3mp	05zAv
11	18	11		לְ/אוֹת֙	l/226	HR/Ncbsa	051c2
11	18	12		עַל	5921 a	HR	05q28
11	18	13		יֶדְ/כֶ֔ם	3027	HNcbsc/Sp2mp	058oG
11	18	14		וְ/הָי֥וּ	c/1961	HC/Vqq3cp	052L1
11	18	15		לְ/טוֹטָפֹ֖ת	l/2903	HR/Ncfpa	05e3V
11	18	16		בֵּ֥ין	996	HR	05Ae1
11	18	17		עֵינֵי/כֶֽם	5869 a	HNcbdc/Sp2mp	05PFr
11	19	1		וְ/לִמַּדְתֶּ֥ם	c/3925	HC/Vpq2mp	05YKm
11	19	2		אֹתָ֛/ם	853	HTo/Sp3mp	05WHq
11	19	3		אֶת	853	HTo	05KxQ
11	19	4		בְּנֵי/כֶ֖ם	1121 a	HNcmpc/Sp2mp	05NKr
11	19	5		לְ/דַבֵּ֣ר	l/1696	HR/Vpc	05LsJ
11	19	6		בָּ֑/ם	b	HR/Sp3mp	05bhZ
11	19	7		בְּ/שִׁבְתְּ/ךָ֤	b/3427	HR/Vqc/Sp2ms	058nK
11	19	8		בְּ/בֵיתֶ֨/ךָ֙	b/1004 b	HR/Ncmsc/Sp2ms	05tSz
11	19	9		וּ/בְ/לֶכְתְּ/ךָ֣	c/b/3212	HC/R/Vqc/Sp2ms	05FE5
11	19	10		בַ/דֶּ֔רֶךְ	b/1870	HRd/Ncbsa	05Hxz
11	19	11		וּֽ/בְ/שָׁכְבְּ/ךָ֖	c/b/7901	HC/R/Vqc/Sp2ms	05B3z
11	19	12		וּ/בְ/קוּמֶֽ/ךָ	c/b/6965 b	HC/R/Vqc/Sp2ms	05XLq
11	20	1		וּ/כְתַבְתָּ֛/ם	c/3789	HC/Vqq2ms/Sp3mp	05nB1
11	20	2		עַל	5921 a	HR	05h14
11	20	3		מְזוּז֥וֹת	4201	HNcfpc	05vMU
11	20	4		בֵּיתֶ֖/ךָ	1004 b	HNcmsc/Sp2ms	05112
11	20	5		וּ/בִ/שְׁעָרֶֽי/ךָ	c/b/8179	HC/R/Ncmpc/Sp2ms	053fE
11	21	1		לְמַ֨עַן	4616	HR	05zMp
11	21	2		יִרְבּ֤וּ	7235 a	HVqi3mp	05mxd
11	21	3		יְמֵי/כֶם֙	3117	HNcmpc/Sp2mp	054ir
11	21	4		וִ/ימֵ֣י	c/3117	HC/Ncmpc	056mr
11	21	5		בְנֵי/כֶ֔ם	1121 a	HNcmpc/Sp2mp	05bXr
11	21	6		עַ֚ל	5921 a	HR	05CCa
11	21	7		הָֽ/אֲדָמָ֔ה	d/127	HTd/Ncfsa	05XzH
11	21	8		אֲשֶׁ֨ר	834 a	HTr	05DHa
11	21	9		נִשְׁבַּ֧ע	7650	HVNp3ms	05B8t
11	21	10		יְהוָ֛ה	3068	HNp	05SYU
11	21	11		לַ/אֲבֹתֵי/כֶ֖ם	l/1	HR/Ncmpc/Sp2mp	05YnQ
11	21	12		לָ/תֵ֣ת	l/5414	HR/Vqc	05Z2g
11	21	13		לָ/הֶ֑ם	l	HR/Sp3mp	056oJ
11	21	14		כִּ/ימֵ֥י	k/3117	HR/Ncmpc	05mxb
11	21	15		הַ/שָּׁמַ֖יִם	d/8064	HTd/Ncmpa	05cxS
11	21	16		עַל	5921 a	HR	05YtD
11	21	17		הָ/אָֽרֶץ	d/776	HTd/Ncbsa	05uia
11	22	1		כִּי֩	3588 b	HC	05B8N
11	22	2		אִם	518 b	HC	058DB
11	22	3		שָׁמֹ֨ר	8104	HVqa	05tUc
11	22	4		תִּשְׁמְר֜וּ/ן	8104	HVqi2mp/Sn	05w3D
11	22	5		אֶת	853	HTo	05gJP
11	22	6		כָּל	3605	HNcmsc	05j3e
11	22	7		הַ/מִּצְוָ֣ה	d/4687	HTd/Ncfsa	05Cfv
11	22	8		הַ/זֹּ֗את	d/2063	HTd/Pdxfs	05q1p
11	22	9		אֲשֶׁ֧ר	834 a	HTr	05g8J
11	22	10		אָנֹכִ֛י	595	HPp1cs	059QM
11	22	11		מְצַוֶּ֥ה	6680	HVprmsa	05Sgb
11	22	12		אֶתְ/כֶ֖ם	853	HTo/Sp2mp	05t8Y
11	22	13		לַ/עֲשֹׂתָ֑/הּ	l/6213 a	HR/Vqc/Sp3fs	05KTA
11	22	14		לְ/אַהֲבָ֞ה	l/157	HR/Vqc	05nVn
11	22	15		אֶת	853	HTo	05rN2
11	22	16		יְהוָ֧ה	3068	HNp	05tXE
11	22	17		אֱלֹהֵי/כֶ֛ם	430	HNcmpc/Sp2mp	05Amo
11	22	18		לָ/לֶ֥כֶת	l/3212	HR/Vqc	05tLv
11	22	19		בְּ/כָל	b/3605	HR/Ncmsc	05z69
11	22	20		דְּרָכָ֖י/ו	1870	HNcbpc/Sp3ms	05ync
11	22	21		וּ/לְ/דָבְקָה	c/l/1692	HC/R/Vqc	058fH
11	22	22		בֽ/וֹ	b	HR/Sp3ms	05t7b
11	23	1		וְ/הוֹרִ֧ישׁ	c/3423	HC/Vhq3ms	058o8
11	23	2		יְהוָ֛ה	3068	HNp	056Wa
11	23	3		אֶת	853	HTo	05uj4
11	23	4		כָּל	3605	HNcmsc	05Rhy
11	23	5		הַ/גּוֹיִ֥ם	d/1471 a	HTd/Ncmpa	056gh
11	23	6		הָ/אֵ֖לֶּה	d/428	HTd/Pdxcp	052w9
11	23	7		מִ/לִּ/פְנֵי/כֶ֑ם	m/l/6440	HR/R/Ncbpc/Sp2mp	05y4p
11	23	8		וִֽ/ירִשְׁתֶּ֣ם	c/3423	HC/Vqq2mp	05bSv
11	23	9		גּוֹיִ֔ם	1471 a	HNcmpa	05LRa
11	23	10		גְּדֹלִ֥ים	1419 a	HAampa	05mX8
11	23	11		וַ/עֲצֻמִ֖ים	c/6099	HC/Aampa	05mV2
11	23	12		מִ/כֶּֽם	m/4480 a	HR/Sp2mp	05t7q
11	24	1		כָּל	3605	HNcmsc	05cXi
11	24	2		הַ/מָּק֗וֹם	d/4725	HTd/Ncmsa	05d7W
11	24	3		אֲשֶׁ֨ר	834 a	HTr	05Sin
11	24	4		תִּדְרֹ֧ךְ	1869	HVqi3fs	055Jk
11	24	5		כַּֽף	3709	HNcfsc	05iSM
11	24	6		רַגְלְ/כֶ֛ם	7272	HNcfsc/Sp2mp	05vpV
11	24	7		בּ֖/וֹ	b	HR/Sp3ms	05gVD
11	24	8		לָ/כֶ֣ם	l	HR/Sp2mp	05kVy
11	24	9		יִהְיֶ֑ה	1961	HVqi3ms	05S4D
11	24	10		מִן	4480 a	HR	05SxU
11	24	11		הַ/מִּדְבָּ֨ר	d/4057 b	HTd/Ncmsa	05Z54
11	24	12		וְ/הַ/לְּבָנ֜וֹן	c/d/3844	HC/Td/Np	053Xf
11	24	13		מִן	4480 a	HR	05JWr
11	24	14		הַ/נָּהָ֣ר	d/5104	HTd/Ncmsa	05f43
11	24	15		נְהַר	5104	HNcmsc	05hFp
11	24	16		פְּרָ֗ת	6578	HNp	05fgh
11	24	17		וְ/עַד֙	c/5704	HC/R	05YsB
11	24	18		הַ/יָּ֣ם	d/3220	HTd/Ncmsa	05PRQ
11	24	19		הָֽ/אַחֲר֔וֹן	d/314	HTd/Aamsa	05dUa
11	24	20		יִהְיֶ֖ה	1961	HVqi3ms	05sYy
11	24	21		גְּבֻלְ/כֶֽם	1366	HNcmsc/Sp2mp	05fdJ
11	25	1		לֹא	3808	HTn	05Bkg
11	25	2		יִתְיַצֵּ֥ב	3320	HVti3ms	053kt
11	25	3		אִ֖ישׁ	376	HNcmsa	05zPh
11	25	4		בִּ/פְנֵי/כֶ֑ם	b/6440	HR/Ncbpc/Sp2mp	0528Z
11	25	5		פַּחְדְּ/כֶ֨ם	6343	HNcmsc/Sp2mp	05scJ
11	25	6		וּ/מֽוֹרַאֲ/כֶ֜ם	c/4172 a	HC/Ncmsc/Sp2mp	05U5T
11	25	7		יִתֵּ֣ן	5414	HVqi3ms	05cuM
11	25	8		יְהוָ֣ה	3068	HNp	05Js8
11	25	9		אֱלֹֽהֵי/כֶ֗ם	430	HNcmpc/Sp2mp	05nt3
11	25	10		עַל	5921 a	HR	05VkC
11	25	11		פְּנֵ֤י	6440	HNcbpc	05nou
11	25	12		כָל	3605	HNcmsc	05P34
11	25	13		הָ/אָ֨רֶץ֙	d/776	HTd/Ncbsa	05xcW
11	25	14		אֲשֶׁ֣ר	834 a	HTr	05vsd
11	25	15		תִּדְרְכוּ	1869	HVqi2mp	05evR
11	25	16		בָ֔/הּ	b	HR/Sp3fs	054vP
11	25	17		כַּ/אֲשֶׁ֖ר	k/834 d	HR/Tr	05wdA
11	25	18		דִּבֶּ֥ר	1696	HVpp3ms	05RZq
11	25	19		לָ/כֶֽם	l	HR/Sp2mp	05tWF
11	26	1		רְאֵ֗ה	7200	HVqv2ms	05n2n
11	26	2		אָנֹכִ֛י	595	HPp1cs	05Ycg
11	26	3		נֹתֵ֥ן	5414	HVqrmsa	05TCv
11	26	4		לִ/פְנֵי/כֶ֖ם	l/6440	HR/Ncbpc/Sp2mp	05QXK
11	26	5		הַ/יּ֑וֹם	d/3117	HTd/Ncmsa	055zK
11	26	6		בְּרָכָ֖ה	1293	HNcfsa	05kjj
11	26	7		וּ/קְלָלָֽה	c/7045	HC/Ncfsa	05Ja6
11	27	1		אֶֽת	853	HTo	054n4
11	27	2		הַ/בְּרָכָ֑ה	d/1293	HTd/Ncfsa	058MY
11	27	3		אֲשֶׁ֣ר	834 a	HTr	05wqE
11	27	4		תִּשְׁמְע֗וּ	8085	HVqi2mp	05agQ
11	27	5		אֶל	413	HR	05TdF
11	27	6		מִצְוֺת֙	4687	HNcfpc	056uC
11	27	7		יְהוָ֣ה	3068	HNp	05hdS
11	27	8		אֱלֹֽהֵי/כֶ֔ם	430	HNcmpc/Sp2mp	05Prc
11	27	9		אֲשֶׁ֧ר	834 a	HTr	057wA
11	27	10		אָנֹכִ֛י	595	HPp1cs	05mxY
11	27	11		מְצַוֶּ֥ה	6680	HVprmsa	05F8v
11	27	12		אֶתְ/כֶ֖ם	853	HTo/Sp2mp	056CL
11	27	13		הַ/יּֽוֹם	d/3117	HTd/Ncmsa	05mjS
11	28	1		וְ/הַ/קְּלָלָ֗ה	c/d/7045	HC/Td/Ncfsa	05dzV
11	28	2		אִם	518 a	HC	05G8J
11	28	3		לֹ֤א	3808	HTn	05pBn
11	28	4		תִשְׁמְעוּ֙	8085	HVqi2mp	05Ecc
11	28	5		אֶל	413	HR	05WaP
11	28	6		מִצְוֺת֙	4687	HNcfpc	05x2T
11	28	7		יְהוָ֣ה	3068	HNp	05HSC
11	28	8		אֱלֹֽהֵי/כֶ֔ם	430	HNcmpc/Sp2mp	05sU3
11	28	9		וְ/סַרְתֶּ֣ם	c/5493	HC/Vqq2mp	05mBa
11	28	10		מִן	4480 a	HR	05XXV
11	28	11		הַ/דֶּ֔רֶךְ	d/1870	HTd/Ncbsa	05vSJ
11	28	12		אֲשֶׁ֧ר	834 a	HTr	05VpS
11	28	13		אָנֹכִ֛י	595	HPp1cs	05hub
11	28	14		מְצַוֶּ֥ה	6680	HVprmsa	05NfR
11	28	15		אֶתְ/כֶ֖ם	853	HTo/Sp2mp	059bN
11	28	16		הַ/יּ֑וֹם	d/3117	HTd/Ncmsa	05k15
11	28	17		לָ/לֶ֗כֶת	l/3212	HR/Vqc	05UXx
11	28	18		אַחֲרֵ֛י	310 a	HR	05hup
11	28	19		אֱלֹהִ֥ים	430	HNcmpa	057an
11	28	20		אֲחֵרִ֖ים	312	HAampa	05MJY
11	28	21		אֲשֶׁ֥ר	834 a	HTr	05yhT
11	28	22		לֹֽא	3808	HTn	05PxD
11	28	23		יְדַעְתֶּֽם	3045	HVqp2mp	05H1z
11	29	1		וְ/הָיָ֗ה	c/1961	HC/Vqq3ms	05kYj
11	29	2		כִּ֤י	3588 a	HC	05RHd
11	29	3		יְבִֽיאֲ/ךָ֙	935	HVhi3ms/Sp2ms	05LYs
11	29	4		יְהוָ֣ה	3068	HNp	055iP
11	29	5		אֱלֹהֶ֔י/ךָ	430	HNcmpc/Sp2ms	05Wm3
11	29	6		אֶל	413	HR	05TsQ
11	29	7		הָ/אָ֕רֶץ	d/776	HTd/Ncbsa	05fuL
11	29	8		אֲשֶׁר	834 a	HTr	05HAP
11	29	9		אַתָּ֥ה	859 a	HPp2ms	05jLC
11	29	10		בָא	935	HVqrmsa	05adr
11	29	11		שָׁ֖מָּ/ה	8033	HD/Sd	05f5u
11	29	12		לְ/רִשְׁתָּ֑/הּ	l/3423	HR/Vqc/Sp3fs	05cU4
11	29	13		וְ/נָתַתָּ֤ה	c/5414	HC/Vqq2ms	05TnS
11	29	14		אֶת	853	HTo	05odJ
11	29	15		הַ/בְּרָכָה֙	d/1293	HTd/Ncfsa	05bVo
11	29	16		עַל	5921 a	HR	05tkF
11	29	17		הַ֣ר	2022	HNcmsc	05xeK
11	29	18		גְּרִזִ֔ים	1630	HNp	057FR
11	29	19		וְ/אֶת	c/853	HC/To	053fY
11	29	20		הַ/קְּלָלָ֖ה	d/7045	HTd/Ncfsa	054sy
11	29	21		עַל	5921 a	HR	05xWC
11	29	22		הַ֥ר	2022	HNcmsc	05Kn3
11	29	23		עֵיבָֽל	5858 c	HNp	05ifk
11	30	1		הֲ/לֹא	i/3808	HTi/Tn	05TaB
11	30	2		הֵ֜מָּה	1992	HPp3mp	05gyf
11	30	3		בְּ/עֵ֣בֶר	b/5676	HR/Ncmsc	05aga
11	30	4		הַ/יַּרְדֵּ֗ן	d/3383	HTd/Np	05Vy3
11	30	5		אַֽחֲרֵי֙	310 a	HR	05A9Y
11	30	6		דֶּ֚רֶךְ	1870	HNcbsc	05D7i
11	30	7		מְב֣וֹא	3996	HNcmsc	05ing
11	30	8		הַ/שֶּׁ֔מֶשׁ	d/8121	HTd/Ncbsa	05meH
11	30	9		בְּ/אֶ֨רֶץ֙	b/776	HR/Ncbsc	05Do2
11	30	10		הַֽ/כְּנַעֲנִ֔י	d/3669 a	HTd/Ngmsa	05CBX
11	30	11		הַ/יֹּשֵׁ֖ב	d/3427	HTd/Vqrmsa	051D5
11	30	12		בָּ/עֲרָבָ֑ה	b/6160	HRd/Ncfsa	05xwi
11	30	13		מ֚וּל	4136	HR	05SM8
11	30	14		הַ/גִּלְגָּ֔ל	d/1537	HTd/Np	05vUR
11	30	15		אֵ֖צֶל	681	HR	05PNk
11	30	16		אֵלוֹנֵ֥י	436	HNcmpc	05tL1
11	30	17		מֹרֶֽה	4176	HNp	05jNR
11	31	1		כִּ֤י	3588 a	HC	05zpg
11	31	2		אַתֶּם֙	859 d	HPp2mp	05HB7
11	31	3		עֹבְרִ֣ים	5674 a	HVqrmpa	05BkQ
11	31	4		אֶת	853	HTo	05PD3
11	31	5		הַ/יַּרְדֵּ֔ן	d/3383	HTd/Np	05FWp
11	31	6		לָ/בֹא֙	l/935	HR/Vqc	052oV
11	31	7		לָ/רֶ֣שֶׁת	l/3423	HR/Vqc	05ghg
11	31	8		אֶת	853	HTo	05x5M
11	31	9		הָ/אָ֔רֶץ	d/776	HTd/Ncbsa	05ViT
11	31	10		אֲשֶׁר	834 a	HTr	05jka
11	31	11		יְהוָ֥ה	3068	HNp	05Hyg
11	31	12		אֱלֹהֵי/כֶ֖ם	430	HNcmpc/Sp2mp	053BN
11	31	13		נֹתֵ֣ן	5414	HVqrmsa	05Gqg
11	31	14		לָ/כֶ֑ם	l	HR/Sp2mp	056Rj
11	31	15		וִֽ/ירִשְׁתֶּ֥ם	c/3423	HC/Vqq2mp	05bzr
11	31	16		אֹתָ֖/הּ	853	HTo/Sp3fs	05nXP
11	31	17		וִֽ/ישַׁבְתֶּם	c/3427	HC/Vqq2mp	05ceA
11	31	18		בָּֽ/הּ	b	HR/Sp3fs	05Baa
11	32	1		וּ/שְׁמַרְתֶּ֣ם	c/8104	HC/Vqq2mp	05rR7
11	32	2		לַ/עֲשׂ֔וֹת	l/6213 a	HR/Vqc	055jH
11	32	3		אֵ֥ת	853	HTo	055us
11	32	4		כָּל	3605	HNcmsc	05Kgs
11	32	5		הַֽ/חֻקִּ֖ים	d/2706	HTd/Ncmpa	05Zij
11	32	6		וְ/אֶת	c/853	HC/To	05VE6
11	32	7		הַ/מִּשְׁפָּטִ֑ים	d/4941	HTd/Ncmpa	05iDE
11	32	8		אֲשֶׁ֧ר	834 a	HTr	05dza
11	32	9		אָנֹכִ֛י	595	HPp1cs	05FBM
11	32	10		נֹתֵ֥ן	5414	HVqrmsa	05RBD
11	32	11		לִ/פְנֵי/כֶ֖ם	l/6440	HR/Ncbpc/Sp2mp	05u19
11	32	12		הַ/יּֽוֹם	d/3117	HTd/Ncmsa	05cT3
12	1	1		אֵ֠לֶּה	428	HPdxcp	05KA6
12	1	2		הַֽ/חֻקִּ֣ים	d/2706	HTd/Ncmpa	05c6h
12	1	3		וְ/הַ/מִּשְׁפָּטִים֮	c/d/4941	HC/Td/Ncmpa	05oqA
12	1	4		אֲשֶׁ֣ר	834 a	HTr	05FwU
12	1	5		תִּשְׁמְר֣וּ/ן	8104	HVqi2mp/Sn	059Yo
12	1	6		לַ/עֲשׂוֹת֒	l/6213 a	HR/Vqc	05jBe
12	1	7		בָּ/אָ֕רֶץ	b/776	HRd/Ncbsa	05t1Z
12	1	8		אֲשֶׁר֩	834 a	HTr	05hvs
12	1	9		נָתַ֨ן	5414	HVqp3ms	05J2L
12	1	10		יְהוָ֜ה	3068	HNp	05c7R
12	1	11		אֱלֹהֵ֧י	430	HNcmpc	05Yoy
12	1	12		אֲבֹתֶ֛י/ךָ	1	HNcmpc/Sp2ms	05HqH
12	1	13		לְ/ךָ֖	l	HR/Sp2ms	05fWw
12	1	14		לְ/רִשְׁתָּ֑/הּ	l/3423	HR/Vqc/Sp3fs	05HSo
12	1	15		כָּל	3605	HNcmsc	055Sv
12	1	16		הַ/יָּמִ֔ים	d/3117	HTd/Ncmpa	05jaB
12	1	17		אֲשֶׁר	834 a	HTr	05wNv
12	1	18		אַתֶּ֥ם	859 d	HPp2mp	05V6g
12	1	19		חַיִּ֖ים	2416 a	HAampa	05jfK
12	1	20		עַל	5921 a	HR	05yXw
12	1	21		הָ/אֲדָמָֽה	d/127	HTd/Ncfsa	05x5y
12	2	1		אַבֵּ֣ד	6	HVpa	05b7a
12	2	2		תְּ֠אַבְּדוּ/ן	6	HVpi2mp/Sn	05TNv
12	2	3		אֶֽת	853	HTo	05Eb5
12	2	4		כָּל	3605	HNcmsc	05hZ8
12	2	5		הַ/מְּקֹמ֞וֹת	d/4725	HTd/Ncmpa	05iYK
12	2	6		אֲשֶׁ֧ר	834 a	HTr	05z3c
12	2	7		עָֽבְדוּ	5647	HVqp3cp	05B7n
12	2	8		שָׁ֣ם	8033	HD	05C22
12	2	9		הַ/גּוֹיִ֗ם	d/1471 a	HTd/Ncmpa	05kX9
12	2	10		אֲשֶׁ֥ר	834 a	HTr	053n3
12	2	11		אַתֶּ֛ם	859 d	HPp2mp	05cMk
12	2	12		יֹרְשִׁ֥ים	3423	HVqrmpa	05Jpy
12	2	13		אֹתָ֖/ם	853	HTo/Sp3mp	05Nka
12	2	14		אֶת	853	HTo	058Wu
12	2	15		אֱלֹהֵי/הֶ֑ם	430	HNcmpc/Sp3mp	05Jgp
12	2	16		עַל	5921 a	HR	05CXM
12	2	17		הֶ/הָרִ֤ים	d/2022	HTd/Ncmpa	053R8
12	2	18		הָֽ/רָמִים֙	d/7311 a	HTd/Vqrmpa	05d1m
12	2	19		וְ/עַל	c/5921 a	HC/R	05EHw
12	2	20		הַ/גְּבָע֔וֹת	d/1389	HTd/Ncfpa	05hPq
12	2	21		וְ/תַ֖חַת	c/8478	HC/R	05oBv
12	2	22		כָּל	3605	HNcmsc	05FXM
12	2	23		עֵ֥ץ	6086	HNcmsa	05qQy
12	2	24		רַעֲנָן	7488 b	HAamsa	05vXa
12	3	1		וְ/נִתַּצְתֶּ֣ם	c/5422	HC/Vpq2mp	056pa
12	3	2		אֶת	853	HTo	05XBs
12	3	3		מִזְבּחֹתָ֗/ם	4196	HNcmpc/Sp3mp	054Sd
12	3	4		וְ/שִׁבַּרְתֶּם֙	c/7665	HC/Vpq2mp	05ic3
12	3	5		אֶת	853	HTo	05Wo6
12	3	6		מַצֵּ֣בֹתָ֔/ם	4676	HNcfpc/Sp3mp	05EGe
12	3	7		וַ/אֲשֵֽׁרֵי/הֶם֙	c/842	HC/Np/Sp3mp	05D3g
12	3	8		תִּשְׂרְפ֣וּ/ן	8313	HVqi2mp/Sn	05ZxC
12	3	9		בָּ/אֵ֔שׁ	b/784	HRd/Ncbsa	05ocE
12	3	10		וּ/פְסִילֵ֥י	c/6456	HC/Ncmpc	055NY
12	3	11		אֱלֹֽהֵי/הֶ֖ם	430	HNcmpc/Sp3mp	05ZXC
12	3	12		תְּגַדֵּע֑וּ/ן	1438	HVpi2mp/Sn	05bW5
12	3	13		וְ/אִבַּדְתֶּ֣ם	c/6	HC/Vpq2mp	05ahu
12	3	14		אֶת	853	HTo	05wEv
12	3	15		שְׁמָ֔/ם	8034	HNcmsc/Sp3mp	05owX
12	3	16		מִן	4480 a	HR	05ece
12	3	17		הַ/מָּק֖וֹם	d/4725	HTd/Ncmsa	05cUM
12	3	18		הַ/הֽוּא	d/1931	HTd/Pp3ms	05K7y
12	4	1		לֹֽא	3808	HTn	05zfg
12	4	2		תַעֲשׂ֣וּ/ן	6213 a	HVqi2mp/Sn	05eSi
12	4	3		כֵּ֔ן	3651 c	HTm	05Rkx
12	4	4		לַ/יהוָ֖ה	l/3068	HR/Np	05WU8
12	4	5		אֱלֹהֵי/כֶֽם	430	HNcmpc/Sp2mp	05FCx
12	5	1		כִּ֠י	3588 b	HC	05zYs
12	5	2		אִֽם	518 b	HC	05t82
12	5	3		אֶל	413	HR	05Lnu
12	5	4		הַ/מָּק֞וֹם	d/4725	HTd/Ncmsa	05ko3
12	5	5		אֲשֶׁר	834 a	HTr	05LAQ
12	5	6		יִבְחַ֨ר	977	HVqi3ms	05kre
12	5	7		יְהוָ֤ה	3068	HNp	054VQ
12	5	8		אֱלֹֽהֵי/כֶם֙	430	HNcmpc/Sp2mp	05vXv
12	5	9		מִ/כָּל	m/3605	HR/Ncmsc	05aca
12	5	10		שִׁבְטֵי/כֶ֔ם	7626	HNcmpc/Sp2mp	05B8J
12	5	11		לָ/שׂ֥וּם	l/7760 a	HR/Vqc	056iZ
12	5	12		אֶת	853	HTo	05qCy
12	5	13		שְׁמ֖/וֹ	8034	HNcmsc/Sp3ms	05jG7
12	5	14		שָׁ֑ם	8033	HD	05C4J
12	5	15		לְ/שִׁכְנ֥/וֹ	l/7933	HR/Vqc/Sp3ms	05Xc8
12	5	16		תִדְרְשׁ֖וּ	1875	HVqi2mp	05q7V
12	5	17		וּ/בָ֥אתָ	c/935	HC/Vqq2ms	053hw
12	5	18		שָֽׁמָּ/ה	8033	HD/Sd	05qQm
12	6	1		וַ/הֲבֵאתֶ֣ם	c/935	HC/Vhq2mp	05tA2
12	6	2		שָׁ֗מָּ/ה	8033	HD/Sd	059ZJ
12	6	3		עֹלֹֽתֵי/כֶם֙	5930 a	HNcfpc/Sp2mp	058mZ
12	6	4		וְ/זִבְחֵי/כֶ֔ם	c/2077	HC/Ncmpc/Sp2mp	053dL
12	6	5		וְ/אֵת֙	c/853	HC/To	05nqx
12	6	6		מַעְשְׂרֹ֣תֵי/כֶ֔ם	4643	HNcmpc/Sp2mp	05kZH
12	6	7		וְ/אֵ֖ת	c/853	HC/To	056Ly
12	6	8		תְּרוּמַ֣ת	8641	HNcfsc	05Azm
12	6	9		יֶדְ/כֶ֑ם	3027	HNcbsc/Sp2mp	05AuX
12	6	10		וְ/נִדְרֵי/כֶם֙	c/5088	HC/Ncmpc/Sp2mp	05gS3
12	6	11		וְ/נִדְבֹ֣תֵי/כֶ֔ם	c/5071	HC/Ncfpc/Sp2mp	05WLs
12	6	12		וּ/בְכֹרֹ֥ת	c/1062	HC/Ncbpc	0572j
12	6	13		בְּקַרְ/כֶ֖ם	1241	HNcbsc/Sp2mp	05JA8
12	6	14		וְ/צֹאנְ/כֶֽם	c/6629	HC/Ncbsc/Sp2mp	0533v
12	7	1		וַ/אֲכַלְתֶּם	c/398	HC/Vqq2mp	05cuG
12	7	2		שָׁ֗ם	8033	HD	05F8H
12	7	3		לִ/פְנֵי֙	l/6440	HR/Ncbpc	052fZ
12	7	4		יְהוָ֣ה	3068	HNp	059FM
12	7	5		אֱלֹֽהֵי/כֶ֔ם	430	HNcmpc/Sp2mp	059zz
12	7	6		וּ/שְׂמַחְתֶּ֗ם	c/8055	HC/Vqq2mp	058WW
12	7	7		בְּ/כֹל֙	b/3605	HR/Ncmsc	05Ztw
12	7	8		מִשְׁלַ֣ח	4916 a	HNcmsc	05Rro
12	7	9		יֶדְ/כֶ֔ם	3027	HNcbsc/Sp2mp	05ymu
12	7	10		אַתֶּ֖ם	859 d	HPp2mp	05RrX
12	7	11		וּ/בָתֵּי/כֶ֑ם	c/1004 b	HC/Ncmpc/Sp2mp	05omm
12	7	12		אֲשֶׁ֥ר	834 a	HTr	05LfE
12	7	13		בֵּֽרַכְ/ךָ֖	1288	HVpp3ms/Sp2ms	05KT7
12	7	14		יְהוָ֥ה	3068	HNp	05fGo
12	7	15		אֱלֹהֶֽי/ךָ	430	HNcmpc/Sp2ms	05EoR
12	8	1		לֹ֣א	3808	HTn	05LQH
12	8	2		תַעֲשׂ֔וּ/ן	6213 a	HVqi2mp/Sn	05bmm
12	8	3		כְּ֠/כֹל	k/3605	HR/Ncmsa	05oHh
12	8	4		אֲשֶׁ֨ר	834 a	HTr	05Wc4
12	8	5		אֲנַ֧חְנוּ	587	HPp1cp	05Khc
12	8	6		עֹשִׂ֛ים	6213 a	HVqrmpa	05Ghm
12	8	7		פֹּ֖ה	6311	HD	05FVs
12	8	8		הַ/יּ֑וֹם	d/3117	HTd/Ncmsa	05fZC
12	8	9		אִ֖ישׁ	376	HNcmsa	05jvx
12	8	10		כָּל	3605	HNcmsc	05qwG
12	8	11		הַ/יָּשָׁ֥ר	d/3477	HTd/Aamsa	05k7i
12	8	12		בְּ/עֵינָֽי/ו	b/5869 a	HR/Ncbdc/Sp3ms	05Yp6
12	9	1		כִּ֥י	3588 a	HC	05VcG
12	9	2		לֹא	3808	HTn	05ehE
12	9	3		בָּאתֶ֖ם	935	HVqp2mp	05hvg
12	9	4		עַד	5704	HR	055Zp
12	9	5		עָ֑תָּה	6258	HD	05Nw9
12	9	6		אֶל	413	HR	05MNP
12	9	7		הַ/מְּנוּחָה֙	d/4496	HTd/Ncbsa	05kig
12	9	8		וְ/אֶל	c/413	HC/R	05rHR
12	9	9		הַֽ/נַּחֲלָ֔ה	d/5159	HTd/Ncfsa	05vq2
12	9	10		אֲשֶׁר	834 a	HTr	05Exx
12	9	11		יְהוָ֥ה	3068	HNp	05vaE
12	9	12		אֱלֹהֶ֖י/ךָ	430	HNcmpc/Sp2ms	05H2u
12	9	13		נֹתֵ֥ן	5414	HVqrmsa	05iog
12	9	14		לָֽ/ךְ	l	HR/Sp2fs	05ZR9
12	10	1		וַ/עֲבַרְתֶּם֮	c/5674 a	HC/Vqq2mp	05z2U
12	10	2		אֶת	853	HTo	05rrY
12	10	3		הַ/יַּרְדֵּן֒	d/3383	HTd/Np	05bPn
12	10	4		וִֽ/ישַׁבְתֶּ֣ם	c/3427	HC/Vqq2mp	05cD3
12	10	5		בָּ/אָ֔רֶץ	b/776	HRd/Ncbsa	05cLr
12	10	6		אֲשֶׁר	834 a	HTr	05Qpi
12	10	7		יְהוָ֥ה	3068	HNp	05p6Q
12	10	8		אֱלֹהֵי/כֶ֖ם	430	HNcmpc/Sp2mp	05dvn
12	10	9		מַנְחִ֣יל	5157	HVhrmsa	05eV2
12	10	10		אֶתְ/כֶ֑ם	853	HTo/Sp2mp	05Juw
12	10	11		וְ/הֵנִ֨יחַ	c/5117	HC/Vhq3ms	05f7A
12	10	12		לָ/כֶ֧ם	l	HR/Sp2mp	05nU3
12	10	13		מִ/כָּל	m/3605	HR/Ncmsc	05i3X
12	10	14		אֹיְבֵי/כֶ֛ם	341	HVqrmpc/Sp2mp	05cws
12	10	15		מִ/סָּבִ֖יב	m/5439	HR/Ncbsa	05jKx
12	10	16		וִֽ/ישַׁבְתֶּם	c/3427	HC/Vqq2mp	05wes
12	10	17		בֶּֽטַח	983	HNcmsa	05i2Q
12	11	1		וְ/הָיָ֣ה	c/1961	HC/Vqq3ms	05PGa
12	11	2		הַ/מָּק֗וֹם	d/4725	HTd/Ncmsa	05qpS
12	11	3		אֲשֶׁר	834 a	HTr	05TaF
12	11	4		יִבְחַר֩	977	HVqi3ms	05d9X
12	11	5		יְהוָ֨ה	3068	HNp	05DJK
12	11	6		אֱלֹהֵי/כֶ֥ם	430	HNcmpc/Sp2mp	05yuf
12	11	7		בּ/וֹ֙	b	HR/Sp3ms	05BaE
12	11	8		לְ/שַׁכֵּ֤ן	l/7931	HR/Vpc	05N7A
12	11	9		שְׁמ/וֹ֙	8034	HNcmsc/Sp3ms	059MH
12	11	10		שָׁ֔ם	8033	HD	05k2Q
12	11	11		שָׁ֣מָּ/ה	8033	HD/Sd	05Wgg
12	11	12		תָבִ֔יאוּ	935	HVhi2mp	05RXq
12	11	13		אֵ֛ת	853	HTo	05xUt
12	11	14		כָּל	3605	HNcmsc	05dQH
12	11	15		אֲשֶׁ֥ר	834 a	HTr	0553j
12	11	16		אָנֹכִ֖י	595	HPp1cs	05ubQ
12	11	17		מְצַוֶּ֣ה	6680	HVprmsa	05H2p
12	11	18		אֶתְ/כֶ֑ם	853	HTo/Sp2mp	05Snw
12	11	19		עוֹלֹתֵי/כֶ֣ם	5930 a	HNcfpc/Sp2mp	05RgS
12	11	20		וְ/זִבְחֵי/כֶ֗ם	c/2077	HC/Ncmpc/Sp2mp	0573F
12	11	21		מַעְשְׂרֹֽתֵי/כֶם֙	4643	HNcmpc/Sp2mp	05vYe
12	11	22		וּ/תְרֻמַ֣ת	c/8641	HC/Ncfsc	05VX2
12	11	23		יֶדְ/כֶ֔ם	3027	HNcbsc/Sp2mp	05nt7
12	11	24		וְ/כֹל֙	c/3605	HC/Ncmsc	05Pk3
12	11	25		מִבְחַ֣ר	4005	HNcmsc	05sGy
12	11	26		נִדְרֵי/כֶ֔ם	5088	HNcmpc/Sp2mp	05g9J
12	11	27		אֲשֶׁ֥ר	834 a	HTr	05ZYF
12	11	28		תִּדְּר֖וּ	5087	HVqi2mp	05mjh
12	11	29		לַֽ/יהוָֽה	l/3068	HR/Np	05ugU
12	12	1		וּ/שְׂמַחְתֶּ֗ם	c/8055	HC/Vqq2mp	05XTu
12	12	2		לִ/פְנֵי֮	l/6440	HR/Ncbpc	05aA5
12	12	3		יְהוָ֣ה	3068	HNp	056n5
12	12	4		אֱלֹֽהֵי/כֶם֒	430	HNcmpc/Sp2mp	05bTj
12	12	5		אַתֶּ֗ם	859 d	HPp2mp	05HCK
12	12	6		וּ/בְנֵי/כֶם֙	c/1121 a	HC/Ncmpc/Sp2mp	05ixD
12	12	7		וּ/בְנֹ֣תֵי/כֶ֔ם	c/1323	HC/Ncfpc/Sp2mp	05DL7
12	12	8		וְ/עַבְדֵי/כֶ֖ם	c/5650	HC/Ncmpc/Sp2mp	05Dmt
12	12	9		וְ/אַמְהֹתֵי/כֶ֑ם	c/519	HC/Ncfpc/Sp2mp	05EEj
12	12	10		וְ/הַ/לֵּוִי֙	c/d/3881	HC/Td/Ngmsa	05NKN
12	12	11		אֲשֶׁ֣ר	834 a	HTr	053zR
12	12	12		בְּ/שַֽׁעֲרֵי/כֶ֔ם	b/8179	HR/Ncmpc/Sp2mp	05Bet
12	12	13		כִּ֣י	3588 a	HC	05FJy
12	12	14		אֵ֥ין	369	HTn	058Bw
12	12	15		ל֛/וֹ	l	HR/Sp3ms	05kHD
12	12	16		חֵ֥לֶק	2506 a	HNcmsa	05AAn
12	12	17		וְ/נַחֲלָ֖ה	c/5159	HC/Ncfsa	05cJF
12	12	18		אִתְּ/כֶֽם	854	HR/Sp2mp	05mxn
12	13	1		הִשָּׁ֣מֶר	8104	HVNv2ms	05SYo
12	13	2		לְ/ךָ֔	l	HR/Sp2ms	05caP
12	13	3		פֶּֽן	6435	HC	05PX1
12	13	4		תַּעֲלֶ֖ה	5927	HVhi2ms	05fnW
12	13	5		עֹלֹתֶ֑י/ךָ	5930 a	HNcfpc/Sp2ms	05nre
12	13	6		בְּ/כָל	b/3605	HR/Ncmsc	051gq
12	13	7		מָק֖וֹם	4725	HNcmsa	05DYk
12	13	8		אֲשֶׁ֥ר	834 a	HTr	05Xfy
12	13	9		תִּרְאֶֽה	7200	HVqi2ms	05RES
12	14	1		כִּ֣י	3588 b	HC	05D4F
12	14	2		אִם	518 b	HC	05mUK
12	14	3		בַּ/מָּק֞וֹם	b/4725	HRd/Ncmsa	05bdm
12	14	4		אֲשֶׁר	834 a	HTr	05qiM
12	14	5		יִבְחַ֤ר	977	HVqi3ms	05gyj
12	14	6		יְהוָה֙	3068	HNp	05sDg
12	14	7		בְּ/אַחַ֣ד	b/259	HR/Acmsc	05cHs
12	14	8		שְׁבָטֶ֔י/ךָ	7626	HNcmpc/Sp2ms	05qfb
12	14	9		שָׁ֖ם	8033	HD	05mjr
12	14	10		תַּעֲלֶ֣ה	5927	HVhi2ms	056PC
12	14	11		עֹלֹתֶ֑י/ךָ	5930 a	HNcfpc/Sp2ms	05CsK
12	14	12		וְ/שָׁ֣ם	c/8033	HC/D	05Nr9
12	14	13		תַּעֲשֶׂ֔ה	6213 a	HVqi2ms	05Njp
12	14	14		כֹּ֛ל	3605	HNcmsa	05U8E
12	14	15		אֲשֶׁ֥ר	834 a	HTr	05ov7
12	14	16		אָנֹכִ֖י	595	HPp1cs	05mps
12	14	17		מְצַוֶּֽ/ךָּ	6680	HVprmsc/Sp2ms	05Wm8
12	15	1		רַק֩	7535	HTa	05Xgr
12	15	2		בְּ/כָל	b/3605	HR/Ncmsc	05a9y
12	15	3		אַוַּ֨ת	185	HNcfsc	05am8
12	15	4		נַפְשְׁ/ךָ֜	5315	HNcbsc/Sp2ms	05CQM
12	15	5		תִּזְבַּ֣ח	2076	HVqi2ms	05MHE
12	15	6		וְ/אָכַלְתָּ֣	c/398	HC/Vqq2ms	05c8L
12	15	7		בָשָׂ֗ר	1320	HNcmsa	05EeM
12	15	8		כְּ/בִרְכַּ֨ת	k/1293	HR/Ncfsc	05hEP
12	15	9		יְהוָ֧ה	3068	HNp	052mG
12	15	10		אֱלֹהֶ֛י/ךָ	430	HNcmpc/Sp2ms	05wzt
12	15	11		אֲשֶׁ֥ר	834 a	HTr	05ApD
12	15	12		נָֽתַן	5414	HVqp3ms	05NDi
12	15	13		לְ/ךָ֖	l	HR/Sp2ms	05UJ3
12	15	14		בְּ/כָל	b/3605	HR/Ncmsc	051ZR
12	15	15		שְׁעָרֶ֑י/ךָ	8179	HNcmpc/Sp2ms	05iDJ
12	15	16		הַ/טָּמֵ֤א	d/2931	HTd/Aamsa	05yW9
12	15	17		וְ/הַ/טָּהוֹר֙	c/d/2889	HC/Td/Aamsa	05Cwi
12	15	18		יֹאכְלֶ֔/נּוּ	398	HVqi3ms/Sp3ms	05SkB
12	15	19		כַּ/צְּבִ֖י	k/6643 b	HRd/Ncbsa	05Y5x
12	15	20		וְ/כָ/אַיָּֽל	c/k/354	HC/Rd/Ncbsa	05fJm
12	16	1		רַ֥ק	7535	HTa	05W9C
12	16	2		הַ/דָּ֖ם	d/1818	HTd/Ncmsa	05QFL
12	16	3		לֹ֣א	3808	HTn	05nWY
12	16	4		תֹאכֵ֑לוּ	398	HVqi2mp	05HDj
12	16	5		עַל	5921 a	HR	052um
12	16	6		הָ/אָ֥רֶץ	d/776	HTd/Ncbsa	05vdB
12	16	7		תִּשְׁפְּכֶ֖/נּוּ	8210	HVqi2ms/Sp3ms	051vw
12	16	8		כַּ/מָּֽיִם	k/4325	HRd/Ncmpa	05khp
12	17	1		לֹֽא	3808	HTn	059T8
12	17	2		תוּכַ֞ל	3201	HVqi2ms	05Sk2
12	17	3		לֶ/אֱכֹ֣ל	l/398	HR/Vqc	05RFY
12	17	4		בִּ/שְׁעָרֶ֗י/ךָ	b/8179	HR/Ncmpc/Sp2ms	053DM
12	17	5		מַעְשַׂ֤ר	4643	HNcmsc	05xjx
12	17	6		דְּגָֽנְ/ךָ֙	1715	HNcmsc/Sp2ms	05XTG
12	17	7		וְ/תִֽירֹשְׁ/ךָ֣	c/8492	HC/Ncmsc/Sp2ms	05gmz
12	17	8		וְ/יִצְהָרֶ֔/ךָ	c/3323	HC/Ncmsc/Sp2ms	05bsU
12	17	9		וּ/בְכֹרֹ֥ת	c/1062	HC/Ncbpc	05KEw
12	17	10		בְּקָרְ/ךָ֖	1241	HNcbsc/Sp2ms	056nN
12	17	11		וְ/צֹאנֶ֑/ךָ	c/6629	HC/Ncbsc/Sp2ms	05rRm
12	17	12		וְ/כָל	c/3605	HC/Ncmsc	05Hkb
12	17	13		נְדָרֶ֨י/ךָ֙	5088	HNcmpc/Sp2ms	05o2L
12	17	14		אֲשֶׁ֣ר	834 a	HTr	05eif
12	17	15		תִּדֹּ֔ר	5087	HVqi2ms	05cpk
12	17	16		וְ/נִדְבֹתֶ֖י/ךָ	c/5071	HC/Ncfpc/Sp2ms	05mqu
12	17	17		וּ/תְרוּמַ֥ת	c/8641	HC/Ncfsc	05vky
12	17	18		יָדֶֽ/ךָ	3027	HNcbsc/Sp2ms	05b22
12	18	1		כִּ֡י	3588 b	HC	05y1q
12	18	2		אִם	518 b	HC	05XBR
12	18	3		לִ/פְנֵי֩	l/6440	HR/Ncbpc	05RKz
12	18	4		יְהוָ֨ה	3068	HNp	055Qt
12	18	5		אֱלֹהֶ֜י/ךָ	430	HNcmpc/Sp2ms	05HJA
12	18	6		תֹּאכְלֶ֗/נּוּ	398	HVqi2ms/Sp3ms	05ixu
12	18	7		בַּ/מָּקוֹם֙	b/4725	HRd/Ncmsa	05mUN
12	18	8		אֲשֶׁ֨ר	834 a	HTr	05pZF
12	18	9		יִבְחַ֜ר	977	HVqi3ms	05q4S
12	18	10		יְהוָ֣ה	3068	HNp	05rMH
12	18	11		אֱלֹהֶי/ךָ֮	430	HNcmpc/Sp2ms	05GcS
12	18	12		בּ/וֹ֒	b	HR/Sp3ms	05VEY
12	18	13		אַתָּ֨ה	859 a	HPp2ms	05neC
12	18	14		וּ/בִנְ/ךָ֤	c/1121 a	HC/Ncmsc/Sp2ms	054J2
12	18	15		וּ/בִתֶּ֨/ךָ֙	c/1323	HC/Ncfsc/Sp2ms	0558T
12	18	16		וְ/עַבְדְּ/ךָ֣	c/5650	HC/Ncmsc/Sp2ms	05jfT
12	18	17		וַ/אֲמָתֶ֔/ךָ	c/519	HC/Ncfsc/Sp2ms	05Dvx
12	18	18		וְ/הַ/לֵּוִ֖י	c/d/3881	HC/Td/Ngmsa	05rfH
12	18	19		אֲשֶׁ֣ר	834 a	HTr	05VZS
12	18	20		בִּ/שְׁעָרֶ֑י/ךָ	b/8179	HR/Ncmpc/Sp2ms	05Dd4
12	18	21		וְ/שָׂמַחְתָּ֗	c/8055	HC/Vqq2ms	05sUM
12	18	22		לִ/פְנֵי֙	l/6440	HR/Ncbpc	057mw
12	18	23		יְהוָ֣ה	3068	HNp	05kxi
12	18	24		אֱלֹהֶ֔י/ךָ	430	HNcmpc/Sp2ms	05Zo4
12	18	25		בְּ/כֹ֖ל	b/3605	HR/Ncmsc	05Ps1
12	18	26		מִשְׁלַ֥ח	4916 a	HNcmsc	05x3o
12	18	27		יָדֶֽ/ךָ	3027	HNcbsc/Sp2ms	05GdL
12	19	1		הִשָּׁ֣מֶר	8104	HVNv2ms	05ikj
12	19	2		לְ/ךָ֔	l	HR/Sp2ms	05Yxf
12	19	3		פֶּֽן	6435	HC	05Jji
12	19	4		תַּעֲזֹ֖ב	5800 a	HVqi2ms	05vF1
12	19	5		אֶת	853	HTo	05baH
12	19	6		הַ/לֵּוִ֑י	d/3881	HTd/Ngmsa	05DYG
12	19	7		כָּל	3605	HNcmsc	05wMm
12	19	8		יָמֶ֖י/ךָ	3117	HNcmpc/Sp2ms	056Bv
12	19	9		עַל	5921 a	HR	05GsM
12	19	10		אַדְמָתֶֽ/ךָ	127	HNcfsc/Sp2ms	05asE
12	20	1		כִּֽי	3588 a	HC	05ZC1
12	20	2		יַרְחִיב֩	7337	HVhi3ms	05QkY
12	20	3		יְהוָ֨ה	3068	HNp	05ViX
12	20	4		אֱלֹהֶ֥י/ךָ	430	HNcmpc/Sp2ms	05uKa
12	20	5		אֶֽת	853	HTo	053zX
12	20	6		גְּבֽוּלְ/ךָ֮	1366	HNcmsc/Sp2ms	05H8Z
12	20	7		כַּ/אֲשֶׁ֣ר	k/834 d	HR/Tr	05tg6
12	20	8		דִּבֶּר	1696	HVpp3ms	059wB
12	20	9		לָ/ךְ֒	l	HR/Sp2fs	05i2Y
12	20	10		וְ/אָמַרְתָּ֙	c/559	HC/Vqq2ms	05JU3
12	20	11		אֹכְלָ֣ה	398	HVqh1cs	05gmt
12	20	12		בָשָׂ֔ר	1320	HNcmsa	05jqR
12	20	13		כִּֽי	3588 a	HC	05rFY
12	20	14		תְאַוֶּ֥ה	183	HVpi3fs	05zTW
12	20	15		נַפְשְׁ/ךָ֖	5315	HNcbsc/Sp2ms	0518W
12	20	16		לֶ/אֱכֹ֣ל	l/398	HR/Vqc	058Ad
12	20	17		בָּשָׂ֑ר	1320	HNcmsa	05RQy
12	20	18		בְּ/כָל	b/3605	HR/Ncmsc	05exE
12	20	19		אַוַּ֥ת	185	HNcfsc	05kDB
12	20	20		נַפְשְׁ/ךָ֖	5315	HNcbsc/Sp2ms	05c5h
12	20	21		תֹּאכַ֥ל	398	HVqi2ms	05MWC
12	20	22		בָּשָֽׂר	1320	HNcmsa	054HD
12	21	1		כִּֽי	3588 a	HC	05NTC
12	21	2		יִרְחַ֨ק	7368	HVqi3ms	05SsZ
12	21	3		מִמְּ/ךָ֜	4480 a	HR/Sp2ms	05gHx
12	21	4		הַ/מָּק֗וֹם	d/4725	HTd/Ncmsa	059Gq
12	21	5		אֲשֶׁ֨ר	834 a	HTr	05z1r
12	21	6		יִבְחַ֜ר	977	HVqi3ms	05qiE
12	21	7		יְהוָ֣ה	3068	HNp	05Pbx
12	21	8		אֱלֹהֶי/ךָ֮	430	HNcmpc/Sp2ms	05iu9
12	21	9		לָ/שׂ֣וּם	l/7760 a	HR/Vqc	05v6K
12	21	10		שְׁמ֣/וֹ	8034	HNcmsc/Sp3ms	05Zfe
12	21	11		שָׁם֒	8033	HD	05XqJ
12	21	12		וְ/זָבַחְתָּ֞	c/2076	HC/Vqq2ms	05zba
12	21	13		מִ/בְּקָרְ/ךָ֣	m/1241	HR/Ncbsc/Sp2ms	05bCg
12	21	14		וּ/מִ/צֹּֽאנְ/ךָ֗	c/m/6629	HC/R/Ncbsc/Sp2ms	05rcS
12	21	15		אֲשֶׁ֨ר	834 a	HTr	05kPb
12	21	16		נָתַ֤ן	5414	HVqp3ms	05jmq
12	21	17		יְהוָה֙	3068	HNp	05L8L
12	21	18		לְ/ךָ֔	l	HR/Sp2ms	05Qdn
12	21	19		כַּ/אֲשֶׁ֖ר	k/834 d	HR/Tr	05zXy
12	21	20		צִוִּיתִ֑/ךָ	6680	HVpp1cs/Sp2ms	05BE6
12	21	21		וְ/אָֽכַלְתָּ֙	c/398	HC/Vqq2ms	054Hh
12	21	22		בִּ/שְׁעָרֶ֔י/ךָ	b/8179	HR/Ncmpc/Sp2ms	05wqg
12	21	23		בְּ/כֹ֖ל	b/3605	HR/Ncmsc	05wyc
12	21	24		אַוַּ֥ת	185	HNcfsc	05wXU
12	21	25		נַפְשֶֽׁ/ךָ	5315	HNcbsc/Sp2ms	05Kzw
12	22	1		אַ֗ךְ	389	HTa	05RDi
12	22	2		כַּ/אֲשֶׁ֨ר	k/834 d	HR/Tr	05t9h
12	22	3		יֵאָכֵ֤ל	398	HVNi3ms	05VYa
12	22	4		אֶֽת	853	HTo	05TZK
12	22	5		הַ/צְּבִי֙	d/6643 b	HTd/Ncbsa	059yY
12	22	6		וְ/אֶת	c/853	HC/To	05yyS
12	22	7		הָ֣/אַיָּ֔ל	d/354	HTd/Ncbsa	05i6F
12	22	8		כֵּ֖ן	3651 c	HTm	05gag
12	22	9		תֹּאכְלֶ֑/נּוּ	398	HVqi2ms/Sp3ms	05ocU
12	22	10		הַ/טָּמֵא֙	d/2931	HTd/Aamsa	05E6L
12	22	11		וְ/הַ/טָּה֔וֹר	c/d/2889	HC/Td/Aamsa	05nAX
12	22	12		יַחְדָּ֖ו	3162 b	HD	058Kr
12	22	13		יֹאכְלֶֽ/נּוּ	398	HVqi3ms/Sp3ms	0598g
12	23	1		רַ֣ק	7535	HTa	05QQU
12	23	2		חֲזַ֗ק	2388	HVqv2ms	05dJi
12	23	3		לְ/בִלְתִּי֙	l/1115	HR/C	05G5x
12	23	4		אֲכֹ֣ל	398	HVqc	055MG
12	23	5		הַ/דָּ֔ם	d/1818	HTd/Ncmsa	05BCd
12	23	6		כִּ֥י	3588 a	HC	05WHx
12	23	7		הַ/דָּ֖ם	d/1818	HTd/Ncmsa	05E2T
12	23	8		ה֣וּא	1931	HPp3ms	05C8V
12	23	9		הַ/נָּ֑פֶשׁ	d/5315	HTd/Ncbsa	05Cn5
12	23	10		וְ/לֹא	c/3808	HC/Tn	05wzb
12	23	11		תֹאכַ֥ל	398	HVqi2ms	05Mdh
12	23	12		הַ/נֶּ֖פֶשׁ	d/5315	HTd/Ncbsa	05TmA
12	23	13		עִם	5973 a	HR	052ni
12	23	14		הַ/בָּשָֽׂר	d/1320	HTd/Ncmsa	05yrG
12	24	1		לֹ֖א	3808	HTn	05cnY
12	24	2		תֹּאכְלֶ֑/נּוּ	398	HVqi2ms/Sp3ms	05B32
12	24	3		עַל	5921 a	HR	05mFz
12	24	4		הָ/אָ֥רֶץ	d/776	HTd/Ncbsa	05AU3
12	24	5		תִּשְׁפְּכֶ֖/נּוּ	8210	HVqi2ms/Sp3ms	05Ljo
12	24	6		כַּ/מָּֽיִם	k/4325	HRd/Ncmpa	05zHu
12	25	1		לֹ֖א	3808	HTn	05EH3
12	25	2		תֹּאכְלֶ֑/נּוּ	398	HVqi2ms/Sp3ms	05APw
12	25	3		לְמַ֨עַן	4616	HR	054ud
12	25	4		יִיטַ֤ב	3190	HVqi3ms	05oke
12	25	5		לְ/ךָ֙	l	HR/Sp2ms	05Wom
12	25	6		וּ/לְ/בָנֶ֣י/ךָ	c/l/1121 a	HC/R/Ncmpc/Sp2ms	05K1g
12	25	7		אַחֲרֶ֔י/ךָ	310 a	HR/Sp2ms	05q4F
12	25	8		כִּֽי	3588 a	HC	05sh2
12	25	9		תַעֲשֶׂ֥ה	6213 a	HVqi2ms	05A1q
12	25	10		הַ/יָּשָׁ֖ר	d/3477	HTd/Aamsa	057mG
12	25	11		בְּ/עֵינֵ֥י	b/5869 a	HR/Ncbdc	055fE
12	25	12		יְהוָֽה	3068	HNp	05JNN
12	26	1		רַ֧ק	7535	HTa	05TRZ
12	26	2		קָֽדָשֶׁ֛י/ךָ	6944	HNcmpc/Sp2ms	05c1k
12	26	3		אֲשֶׁר	834 a	HTr	05KKG
12	26	4		יִהְי֥וּ	1961	HVqi3mp	0531M
12	26	5		לְ/ךָ֖	l	HR/Sp2ms	05PE3
12	26	6		וּ/נְדָרֶ֑י/ךָ	c/5088	HC/Ncmpc/Sp2ms	056Da
12	26	7		תִּשָּׂ֣א	5375	HVqi2ms	05C4U
12	26	8		וּ/בָ֔אתָ	c/935	HC/Vqq2ms	05VPw
12	26	9		אֶל	413	HR	05kTf
12	26	10		הַ/מָּק֖וֹם	d/4725	HTd/Ncmsa	05tqR
12	26	11		אֲשֶׁר	834 a	HTr	05jzx
12	26	12		יִבְחַ֥ר	977	HVqi3ms	05qj6
12	26	13		יְהוָֽה	3068	HNp	05pus
12	27	1		וְ/עָשִׂ֤יתָ	c/6213 a	HC/Vqq2ms	05Z5a
12	27	2		עֹלֹתֶ֨י/ךָ֙	5930 a	HNcfpc/Sp2ms	05N2d
12	27	3		הַ/בָּשָׂ֣ר	d/1320	HTd/Ncmsa	05fmp
12	27	4		וְ/הַ/דָּ֔ם	c/d/1818	HC/Td/Ncmsa	05zva
12	27	5		עַל	5921 a	HR	05dUC
12	27	6		מִזְבַּ֖ח	4196	HNcmsc	05NuL
12	27	7		יְהוָ֣ה	3068	HNp	05f26
12	27	8		אֱלֹהֶ֑י/ךָ	430	HNcmpc/Sp2ms	053cG
12	27	9		וְ/דַם	c/1818	HC/Ncmsc	05DF8
12	27	10		זְבָחֶ֗י/ךָ	2077	HNcmpc/Sp2ms	05Ao5
12	27	11		יִשָּׁפֵךְ֙	8210	HVNi3ms	05kni
12	27	12		עַל	5921 a	HR	05yRm
12	27	13		מִזְבַּח֙	4196	HNcmsc	058gB
12	27	14		יְהוָ֣ה	3068	HNp	05oEM
12	27	15		אֱלֹהֶ֔י/ךָ	430	HNcmpc/Sp2ms	05p3B
12	27	16		וְ/הַ/בָּשָׂ֖ר	c/d/1320	HC/Td/Ncmsa	05FcZ
12	27	17		תֹּאכֵֽל	398	HVqi2ms	05WG5
12	28	1		שְׁמֹ֣ר	8104	HVqv2ms	05FnR
12	28	2		וְ/שָׁמַעְתָּ֗	c/8085	HC/Vqq2ms	05zxj
12	28	3		אֵ֚ת	853	HTo	05jnw
12	28	4		כָּל	3605	HNcmsc	05UjJ
12	28	5		הַ/דְּבָרִ֣ים	d/1697	HTd/Ncmpa	05wmR
12	28	6		הָ/אֵ֔לֶּה	d/428	HTd/Pdxcp	05Xsc
12	28	7		אֲשֶׁ֥ר	834 a	HTr	05qCb
12	28	8		אָנֹכִ֖י	595	HPp1cs	05rDe
12	28	9		מְצַוֶּ֑/ךָּ	6680	HVprmsc/Sp2ms	05LQN
12	28	10		לְמַעַן֩	4616	HR	05gWC
12	28	11		יִיטַ֨ב	3190	HVqi3ms	05c6U
12	28	12		לְ/ךָ֜	l	HR/Sp2ms	05PAw
12	28	13		וּ/לְ/בָנֶ֤י/ךָ	c/l/1121 a	HC/R/Ncmpc/Sp2ms	05hXi
12	28	14		אַחֲרֶ֨י/ךָ֙	310 a	HR/Sp2ms	05jjb
12	28	15		עַד	5704	HR	05gpQ
12	28	16		עוֹלָ֔ם	5769	HNcmsa	05EiV
12	28	17		כִּ֤י	3588 a	HC	05dY1
12	28	18		תַעֲשֶׂה֙	6213 a	HVqi2ms	05iDg
12	28	19		הַ/טּ֣וֹב	d/2896 a	HTd/Aamsa	05dB9
12	28	20		וְ/הַ/יָּשָׁ֔ר	c/d/3477	HC/Td/Aamsa	05CcA
12	28	21		בְּ/עֵינֵ֖י	b/5869 a	HR/Ncbdc	05R2m
12	28	22		יְהוָ֥ה	3068	HNp	05ryM
12	28	23		אֱלֹהֶֽי/ךָ	430	HNcmpc/Sp2ms	05evQ
12	29	1		כִּֽי	3588 a	HC	05jkP
12	29	2		יַכְרִית֩	3772	HVhi3ms	05NA8
12	29	3		יְהוָ֨ה	3068	HNp	05Zrf
12	29	4		אֱלֹהֶ֜י/ךָ	430	HNcmpc/Sp2ms	05cEv
12	29	5		אֶת	853	HTo	05KV2
12	29	6		הַ/גּוֹיִ֗ם	d/1471 a	HTd/Ncmpa	05c59
12	29	7		אֲשֶׁ֨ר	834 a	HTr	05d4U
12	29	8		אַתָּ֥ה	859 a	HPp2ms	05nLr
12	29	9		בָא	935	HVqrmsa	05Qb5
12	29	10		שָׁ֛מָּ/ה	8033	HD/Sd	05tTy
12	29	11		לָ/רֶ֥שֶׁת	l/3423	HR/Vqc	05T78
12	29	12		אוֹתָ֖/ם	853	HTo/Sp3mp	05q8b
12	29	13		מִ/פָּנֶ֑י/ךָ	m/6440	HR/Ncbpc/Sp2ms	05ehU
12	29	14		וְ/יָרַשְׁתָּ֣	c/3423	HC/Vqq2ms	056io
12	29	15		אֹתָ֔/ם	853	HTo/Sp3mp	05WEE
12	29	16		וְ/יָשַׁבְתָּ֖	c/3427	HC/Vqq2ms	05dDG
12	29	17		בְּ/אַרְצָֽ/ם	b/776	HR/Ncbsc/Sp3mp	05iLp
12	30	1		הִשָּׁ֣מֶר	8104	HVNv2ms	05HkZ
12	30	2		לְ/ךָ֗	l	HR/Sp2ms	05RLR
12	30	3		פֶּן	6435	HC	05nDg
12	30	4		תִּנָּקֵשׁ֙	5367	HVNi2ms	05A6M
12	30	5		אַחֲרֵי/הֶ֔ם	310 a	HR/Sp3mp	05RP4
12	30	6		אַחֲרֵ֖י	310 a	HR	05D9w
12	30	7		הִשָּׁמְדָ֣/ם	8045	HVNc/Sp3mp	05TJQ
12	30	8		מִ/פָּנֶ֑י/ךָ	m/6440	HR/Ncbpc/Sp2ms	056yq
12	30	9		וּ/פֶן	c/6435	HC/C	05Kqr
12	30	10		תִּדְרֹ֨שׁ	1875	HVqi2ms	05248
12	30	11		לֵֽ/אלֹהֵי/הֶ֜ם	l/430	HR/Ncmpc/Sp3mp	055vz
12	30	12		לֵ/אמֹ֨ר	l/559	HR/Vqc	05cN2
12	30	13		אֵיכָ֨ה	349 b	HTi	052jd
12	30	14		יַעַבְד֜וּ	5647	HVqi3mp	05K5Z
12	30	15		הַ/גּוֹיִ֤ם	d/1471 a	HTd/Ncmpa	05n6n
12	30	16		הָ/אֵ֨לֶּה֙	d/428	HTd/Pdxcp	05T41
12	30	17		אֶת	853	HTo	05Bjn
12	30	18		אֱלֹ֣הֵי/הֶ֔ם	430	HNcmpc/Sp3mp	0599z
12	30	19		וְ/אֶעֱשֶׂה	c/6213 a	HC/Vqi1cs	05zYd
12	30	20		כֵּ֖ן	3651 c	HTm	05scM
12	30	21		גַּם	1571	HTa	05cPY
12	30	22		אָֽנִי	589	HPp1cs	05juj
12	31	1		לֹא	3808	HTn	05pkn
12	31	2		תַעֲשֶׂ֣ה	6213 a	HVqi2ms	05dgR
12	31	3		כֵ֔ן	3651 c	HD	05uxz
12	31	4		לַ/יהוָ֖ה	l/3068	HR/Np	05Mge
12	31	5		אֱלֹהֶ֑י/ךָ	430	HNcmpc/Sp2ms	05Ymi
12	31	6		כִּי֩	3588 a	HC	05h2b
12	31	7		כָּל	3605	HNcmsc	05E7Q
12	31	8		תּוֹעֲבַ֨ת	8441	HNcfsc	05g5W
12	31	9		יְהוָ֜ה	3068	HNp	056FM
12	31	10		אֲשֶׁ֣ר	834 a	HTr	055yw
12	31	11		שָׂנֵ֗א	8130	HVqp3ms	05YRc
12	31	12		עָשׂוּ֙	6213 a	HVqp3cp	05zfB
12	31	13		לֵ/אלֹ֣הֵי/הֶ֔ם	l/430	HR/Ncmpc/Sp3mp	05jg4
12	31	14		כִּ֣י	3588 a	HC	051yU
12	31	15		גַ֤ם	1571	HD	053fd
12	31	16		אֶת	853	HTo	05CvK
12	31	17		בְּנֵי/הֶם֙	1121 a	HNcmpc/Sp3mp	05Vio
12	31	18		וְ/אֶת	c/853	HC/To	05pZB
12	31	19		בְּנֹ֣תֵי/הֶ֔ם	1323	HNcfpc/Sp3mp	05S2M
12	31	20		יִשְׂרְפ֥וּ	8313	HVqi3mp	05eZE
12	31	21		בָ/אֵ֖שׁ	b/784	HRd/Ncbsa	05W4S
12	31	22		לֵֽ/אלֹהֵי/הֶֽם	l/430	HR/Ncmpc/Sp3mp	05Gbr
13	1	1		אֵ֣ת	853	HTo	05v99
13	1	2		כָּל	3605	HNcmsc	05djw
13	1	3		הַ/דָּבָ֗ר	d/1697	HTd/Ncmsa	05cqT
13	1	4		אֲשֶׁ֤ר	834 a	HTr	05pWC
13	1	5		אָנֹכִי֙	595	HPp1cs	05RLz
13	1	6		מְצַוֶּ֣ה	6680	HVprmsa	05YXn
13	1	7		אֶתְ/כֶ֔ם	853	HTo/Sp2mp	05XT1
13	1	8		אֹת֥/וֹ	853	HTo/Sp3ms	053Mm
13	1	9		תִשְׁמְר֖וּ	8104	HVqi2mp	05zXt
13	1	10		לַ/עֲשׂ֑וֹת	l/6213 a	HR/Vqc	0567g
13	1	11		לֹא	3808	HTn	05C2M
13	1	12		תֹסֵ֣ף	3254	HVhi2ms	05Nec
13	1	13		עָלָ֔י/ו	5921 a	HR/Sp3ms	0545R
13	1	14		וְ/לֹ֥א	c/3808	HC/Tn	05SEN
13	1	15		תִגְרַ֖ע	1639	HVqi2ms	05JQg
13	1	16		מִמֶּֽ/נּוּ	4480 a	HR/Sp3ms	05TGg
13	2	1		כִּֽי	3588 a	HC	05HrY
13	2	2		יָק֤וּם	6965 b	HVqi3ms	058tv
13	2	3		בְּ/קִרְבְּ/ךָ֙	b/7130	HR/Ncmsc/Sp2ms	053zJ
13	2	4		נָבִ֔יא	5030	HNcmsa	05odd
13	2	5		א֖וֹ	176 a	HC	05eJm
13	2	6		חֹלֵ֣ם	2492 b	HVqrmsc	05t8y
13	2	7		חֲל֑וֹם	2472	HNcmsa	057q4
13	2	8		וְ/נָתַ֥ן	c/5414	HC/Vqq3ms	05c2v
13	2	9		אֵלֶ֛י/ךָ	413	HR/Sp2ms	05gth
13	2	10		א֖וֹת	226	HNcbsa	05qe3
13	2	11		א֥וֹ	176 a	HC	05vvb
13	2	12		מוֹפֵֽת	4159	HNcmsa	05HZL
13	3	1		וּ/בָ֤א	c/935	HC/Vqq3ms	05JP4
13	3	2		הָ/אוֹת֙	d/226	HTd/Ncbsa	05Lke
13	3	3		וְ/הַ/מּוֹפֵ֔ת	c/d/4159	HC/Td/Ncmsa	05udG
13	3	4		אֲשֶׁר	834 a	HTr	05xji
13	3	5		דִּבֶּ֥ר	1696	HVpp3ms	05AfZ
13	3	6		אֵלֶ֖י/ךָ	413	HR/Sp2ms	05MKo
13	3	7		לֵ/אמֹ֑ר	l/559	HR/Vqc	051BC
13	3	8		נֵֽלְכָ֞ה	3212	HVqh1cp	05wuh
13	3	9		אַחֲרֵ֨י	310 a	HR	05jPW
13	3	10		אֱלֹהִ֧ים	430	HNcmpa	05aG2
13	3	11		אֲחֵרִ֛ים	312	HAampa	05r8i
13	3	12		אֲשֶׁ֥ר	834 a	HTr	05QpT
13	3	13		לֹֽא	3808	HTn	05TzY
13	3	14		יְדַעְתָּ֖/ם	3045	HVqp2ms/Sp3mp	05XbD
13	3	15		וְ/נָֽעָבְדֵֽ/ם	c/5647	HC/VHi1cp/Sp3mp	05gh4
13	4	1		לֹ֣א	3808	HTn	055ho
13	4	2		תִשְׁמַ֗ע	8085	HVqi2ms	05FP9
13	4	3		אֶל	413	HR	057DJ
13	4	4		דִּבְרֵי֙	1697	HNcmpc	05Wku
13	4	5		הַ/נָּבִ֣יא	d/5030	HTd/Ncmsa	055xN
13	4	6		הַ/ה֔וּא	d/1931	HTd/Pp3ms	05wtE
13	4	7		א֛וֹ	176 a	HC	05g1M
13	4	8		אֶל	413	HR	05Ja2
13	4	9		חוֹלֵ֥ם	2492 b	HVqrmsc	05sUc
13	4	10		הַ/חֲל֖וֹם	d/2472	HTd/Ncmsa	05SSP
13	4	11		הַ/ה֑וּא	d/1931	HTd/Pp3ms	05XF1
13	4	12		כִּ֣י	3588 a	HC	05Mig
13	4	13		מְנַסֶּ֞ה	5254	HVprmsa	05HwW
13	4	14		יְהוָ֤ה	3068	HNp	05YeZ
13	4	15		אֱלֹֽהֵי/כֶם֙	430	HNcmpc/Sp2mp	05fwr
13	4	16		אֶתְ/כֶ֔ם	853	HTo/Sp2mp	05suC
13	4	17		לָ/דַ֗עַת	l/3045	HR/Vqc	05Px1
13	4	18		הֲ/יִשְׁ/כֶ֤ם	i/3426	HTi/Tm/Sp2mp	05AYP
13	4	19		אֹֽהֲבִים֙	157	HVqrmpa	05DRn
13	4	20		אֶת	853	HTo	05eu8
13	4	21		יְהוָ֣ה	3068	HNp	05Gvf
13	4	22		אֱלֹהֵי/כֶ֔ם	430	HNcmpc/Sp2mp	05rUH
13	4	23		בְּ/כָל	b/3605	HR/Ncmsc	05Ndd
13	4	24		לְבַבְ/כֶ֖ם	3824	HNcmsc/Sp2mp	05AS3
13	4	25		וּ/בְ/כָל	c/b/3605	HC/R/Ncmsc	05NNB
13	4	26		נַפְשְׁ/כֶֽם	5315	HNcbsc/Sp2mp	05ooW
13	5	1		אַחֲרֵ֨י	310 a	HR	0544e
13	5	2		יְהוָ֧ה	3068	HNp	051ML
13	5	3		אֱלֹהֵי/כֶ֛ם	430	HNcmpc/Sp2mp	05Lr5
13	5	4		תֵּלֵ֖כוּ	3212	HVqi2mp	05V22
13	5	5		וְ/אֹת֣/וֹ	c/853	HC/To/Sp3ms	05aa5
13	5	6		תִירָ֑אוּ	3372	HVqi2mp	05Pbw
13	5	7		וְ/אֶת	c/853	HC/To	055M6
13	5	8		מִצְוֺתָ֤י/ו	4687	HNcfpc/Sp3ms	05Fdk
13	5	9		תִּשְׁמֹ֨רוּ֙	8104	HVqi2mp	05Pwi
13	5	10		וּ/בְ/קֹל֣/וֹ	c/b/6963 a	HC/R/Ncmsc/Sp3ms	05kSx
13	5	11		תִשְׁמָ֔עוּ	8085	HVqi2mp	05488
13	5	12		וְ/אֹת֥/וֹ	c/853	HC/To/Sp3ms	05Mix
13	5	13		תַעֲבֹ֖דוּ	5647	HVqi2mp	05Nt6
13	5	14		וּ/ב֥/וֹ	c/b	HC/R/Sp3ms	05JC3
13	5	15		תִדְבָּקֽוּ/ן	1692	HVqi2mp/Sn	05ieh
13	6	1		וְ/הַ/נָּבִ֣יא	c/d/5030	HC/Td/Ncmsa	05ASQ
13	6	2		הַ/ה֡וּא	d/1931	HTd/Pp3ms	05NoG
13	6	3		א֣וֹ	176 a	HC	05CEp
13	6	4		חֹלֵם֩	2492 b	HVqrmsc	05ngB
13	6	5		הַ/חֲל֨וֹם	d/2472	HTd/Ncmsa	05yLn
13	6	6		הַ/ה֜וּא	d/1931	HTd/Pp3ms	05akE
13	6	7		יוּמָ֗ת	4191	HVHi3ms	05QRH
13	6	8		כִּ֣י	3588 a	HC	05G4s
13	6	9		דִבֶּר	1696	HVpp3ms	05mzP
13	6	10		סָ֠רָה	5627	HNcfsa	05VHe
13	6	11		עַל	5921 a	HR	056MU
13	6	12		יְהוָ֨ה	3068	HNp	05DbG
13	6	13		אֱלֹֽהֵי/כֶ֜ם	430	HNcmpc/Sp2mp	05ecu
13	6	14		הַ/מּוֹצִ֥יא	d/3318	HTd/Vhrmsa	05jQu
13	6	15		אֶתְ/כֶ֣ם	853	HTo/Sp2mp	05Bcc
13	6	16		מֵ/אֶ֣רֶץ	m/776	HR/Ncbsc	05EVD
13	6	17		מִצְרַ֗יִם	4714	HNp	05yJE
13	6	18		וְ/הַ/פֹּֽדְ/ךָ֙	c/d/6299	HC/Td/Vqrmsc/Sp2ms	05cfw
13	6	19		מִ/בֵּ֣ית	m/1004 b	HR/Ncmsc	056j8
13	6	20		עֲבָדִ֔ים	5650	HNcmpa	05EEK
13	6	21		לְ/הַדִּֽיחֲ/ךָ֙	l/5080	HR/Vhc/Sp2ms	052ZK
13	6	22		מִן	4480 a	HR	05T4o
13	6	23		הַ/דֶּ֔רֶךְ	d/1870	HTd/Ncbsa	05SGX
13	6	24		אֲשֶׁ֧ר	834 a	HTr	05ExA
13	6	25		צִוְּ/ךָ֛	6680	HVpp3ms/Sp2ms	05kGa
13	6	26		יְהוָ֥ה	3068	HNp	05wwe
13	6	27		אֱלֹהֶ֖י/ךָ	430	HNcmpc/Sp2ms	05ej6
13	6	28		לָ/לֶ֣כֶת	l/3212	HR/Vqc	05iJP
13	6	29		בָּ֑/הּ	b	HR/Sp3fs	05MEP
13	6	30		וּ/בִֽעַרְתָּ֥	c/1197 a	HC/Vpq2ms	05BRP
13	6	31		הָ/רָ֖ע	d/7451 b	HTd/Aamsa	05q73
13	6	32		מִ/קִּרְבֶּֽ/ךָ	m/7130	HR/Ncmsc/Sp2ms	05SDq
13	7	1		כִּ֣י	3588 a	HC	05kXh
13	7	2		יְסִֽיתְ/ךָ֡	5496	HVhi3ms/Sp2ms	05URX
13	7	3		אָחִ֣י/ךָ	251	HNcmsc/Sp2ms	05gMf
13	7	4		בֶן	1121 a	HNcmsc	05E6M
13	7	5		אִ֠מֶּ/ךָ	517	HNcfsc/Sp2ms	051A6
13	7	6		אֽוֹ	176 a	HC	05BJQ
13	7	7		בִנְ/ךָ֨	1121 a	HNcmsc/Sp2ms	05XqG
13	7	8		אֽוֹ	176 a	HC	05nEn
13	7	9		בִתְּ/ךָ֜	1323	HNcfsc/Sp2ms	05ket
13	7	10		א֣וֹ	176 a	HC	05V6E
13	7	11		אֵ֣שֶׁת	802	HNcfsc	05UwW
13	7	12		חֵיקֶ֗/ךָ	2436	HNcmsc/Sp2ms	05RnX
13	7	13		א֧וֹ	176 a	HC	057PA
13	7	14		רֵֽעֲ/ךָ֛	7453	HNcmsc/Sp2ms	05bf2
13	7	15		אֲשֶׁ֥ר	834 a	HTr	05mxX
13	7	16		כְּ/נַפְשְׁ/ךָ֖	k/5315	HR/Ncbsc/Sp2ms	05Fbc
13	7	17		בַּ/סֵּ֣תֶר	b/5643 a	HRd/Ncmsa	05B6k
13	7	18		לֵ/אמֹ֑ר	l/559	HR/Vqc	051Kb
13	7	19		נֵֽלְכָ֗ה	3212	HVqh1cp	05Ue8
13	7	20		וְ/נַֽעַבְדָה֙	c/5647	HC/Vqh1cp	05oJZ
13	7	21		אֱלֹהִ֣ים	430	HNcmpa	05vaQ
13	7	22		אֲחֵרִ֔ים	312	HAampa	0539o
13	7	23		אֲשֶׁר֙	834 a	HTr	05RyG
13	7	24		לֹ֣א	3808	HTn	05y4Q
13	7	25		יָדַ֔עְתָּ	3045	HVqp2ms	05xya
13	7	26		אַתָּ֖ה	859 a	HPp2ms	05gpN
13	7	27		וַ/אֲבֹתֶֽי/ךָ	c/1	HC/Ncmpc/Sp2ms	05wiL
13	8	1		מֵ/אֱלֹהֵ֣י	m/430	HR/Ncmpc	05Qu5
13	8	2		הָֽ/עַמִּ֗ים	d/5971 a	HTd/Ncmpa	05L3T
13	8	3		אֲשֶׁר֙	834 a	HTr	05dpv
13	8	4		סְבִיבֹ֣תֵי/כֶ֔ם	5439	HNcbpc/Sp2mp	056Kf
13	8	5		הַ/קְּרֹבִ֣ים	d/7138	HTd/Aampa	055Nn
13	8	6		אֵלֶ֔י/ךָ	413	HR/Sp2ms	05R25
13	8	7		א֖וֹ	176 a	HC	05d3e
13	8	8		הָ/רְחֹקִ֣ים	d/7350	HTd/Aampa	05jsg
13	8	9		מִמֶּ֑/ךָּ	4480 a	HR/Sp2ms	05H7t
13	8	10		מִ/קְצֵ֥ה	m/7097 a	HR/Ncbsc	05mvX
13	8	11		הָ/אָ֖רֶץ	d/776	HTd/Ncbsa	05RMf
13	8	12		וְ/עַד	c/5704	HC/R	05Lmi
13	8	13		קְצֵ֥ה	7097 a	HNcbsc	05frn
13	8	14		הָ/אָֽרֶץ	d/776	HTd/Ncbsa	05ukw
13	9	1		לֹא	3808	HTn	05VKd
13	9	2		תֹאבֶ֣ה	14	HVqi2ms	05tjY
13	9	3		ל֔/וֹ	l	HR/Sp3ms	05L7A
13	9	4		וְ/לֹ֥א	c/3808	HC/Tn	05CiC
13	9	5		תִשְׁמַ֖ע	8085	HVqi2ms	055Lz
13	9	6		אֵלָ֑י/ו	413	HR/Sp3ms	057uH
13	9	7		וְ/לֹא	c/3808	HC/Tn	05pEG
13	9	8		תָח֤וֹס	2347	HVqi3fs	05m4Z
13	9	9		עֵֽינְ/ךָ֙	5869 a	HNcbsc/Sp2ms	05Cmt
13	9	10		עָלָ֔י/ו	5921 a	HR/Sp3ms	05hg2
13	9	11		וְ/לֹֽא	c/3808	HC/Tn	05MDe
13	9	12		תַחְמֹ֥ל	2550	HVqi2ms	05ezg
13	9	13		וְ/לֹֽא	c/3808	HC/Tn	05pE4
13	9	14		תְכַסֶּ֖ה	3680	HVpi2ms	05p3k
13	9	15		עָלָֽי/ו	5921 a	HR/Sp3ms	05d1y
13	10	1		כִּ֤י	3588 a	HC	05xV8
13	10	2		הָרֹג֙	2026	HVqa	057xo
13	10	3		תַּֽהַרְגֶ֔/נּוּ	2026	HVqi2ms/Sp3ms	05PPv
13	10	4		יָֽדְ/ךָ֛	3027	HNcbsc/Sp2ms	05Eci
13	10	5		תִּֽהְיֶה	1961	HVqi3fs	05PW7
13	10	6		בּ֥/וֹ	b	HR/Sp3ms	05kag
13	10	7		בָ/רִֽאשׁוֹנָ֖ה	b/7223	HRd/Aofsa	05ne1
13	10	8		לַ/הֲמִית֑/וֹ	l/4191	HR/Vhc/Sp3ms	0574j
13	10	9		וְ/יַ֥ד	c/3027	HC/Ncbsc	05Cip
13	10	10		כָּל	3605	HNcmsc	0543X
13	10	11		הָ/עָ֖ם	d/5971 a	HTd/Ncmsa	053p9
13	10	12		בָּ/אַחֲרֹנָֽה	b/314	HRd/Aafsa	05fiw
13	11	1		וּ/סְקַלְתּ֥/וֹ	c/5619	HC/Vqq2ms/Sp3ms	05vHw
13	11	2		בָ/אֲבָנִ֖ים	b/68	HRd/Ncfpa	05s8T
13	11	3		וָ/מֵ֑ת	c/4191	HC/Vqq3ms	05ZaN
13	11	4		כִּ֣י	3588 a	HC	05nYc
13	11	5		בִקֵּ֗שׁ	1245	HVpp3ms	05u3e
13	11	6		לְ/הַדִּֽיחֲ/ךָ֙	l/5080	HR/Vhc/Sp2ms	0539m
13	11	7		מֵ/עַל֙	m/5921 a	HR/R	05dJf
13	11	8		יְהוָ֣ה	3068	HNp	05mri
13	11	9		אֱלֹהֶ֔י/ךָ	430	HNcmpc/Sp2ms	05QxH
13	11	10		הַ/מּוֹצִיאֲ/ךָ֛	d/3318	HTd/Vhrmsc/Sp2ms	05U84
13	11	11		מֵ/אֶ֥רֶץ	m/776	HR/Ncbsc	05Jy2
13	11	12		מִצְרַ֖יִם	4714	HNp	05HnU
13	11	13		מִ/בֵּ֥ית	m/1004 b	HR/Ncmsc	05zRD
13	11	14		עֲבָדִֽים	5650	HNcmpa	052v1
13	12	1		וְ/כָל	c/3605	HC/Ncmsc	05zJL
13	12	2		יִשְׂרָאֵ֔ל	3478	HNp	05RMN
13	12	3		יִשְׁמְע֖וּ	8085	HVqi3mp	05eF6
13	12	4		וְ/יִֽרָא֑וּ/ן	c/3372	HC/Vqi3mp/Sn	053VC
13	12	5		וְ/לֹֽא	c/3808	HC/Tn	054tQ
13	12	6		יוֹסִ֣פוּ	3254	HVhi3mp	05mn8
13	12	7		לַ/עֲשׂ֗וֹת	l/6213 a	HR/Vqc	05k1n
13	12	8		כַּ/דָּבָ֥ר	k/1697	HRd/Ncmsa	05LbT
13	12	9		הָ/רָ֛ע	d/7451 a	HTd/Aamsa	0518q
13	12	10		הַ/זֶּ֖ה	d/2088	HTd/Pdxms	05MDc
13	12	11		בְּ/קִרְבֶּֽ/ךָ	b/7130	HR/Ncmsc/Sp2ms	05Yeh
13	13	1		כִּֽי	3588 a	HC	05khD
13	13	2		תִשְׁמַ֞ע	8085	HVqi2ms	051Qt
13	13	3		בְּ/אַחַ֣ת	b/259	HR/Acfsc	05onH
13	13	4		עָרֶ֗י/ךָ	5892 b	HNcfpc/Sp2ms	052Kd
13	13	5		אֲשֶׁר֩	834 a	HTr	05LPE
13	13	6		יְהוָ֨ה	3068	HNp	05Anu
13	13	7		אֱלֹהֶ֜י/ךָ	430	HNcmpc/Sp2ms	05YWY
13	13	8		נֹתֵ֥ן	5414	HVqrmsa	05FkQ
13	13	9		לְ/ךָ֛	l	HR/Sp2ms	05vf3
13	13	10		לָ/שֶׁ֥בֶת	l/3427	HR/Vqc	05y8F
13	13	11		שָׁ֖ם	8033	HD	05uwa
13	13	12		לֵ/אמֹֽר	l/559	HR/Vqc	05quH
13	14	1		יָצְא֞וּ	3318	HVqp3cp	05FKK
13	14	2		אֲנָשִׁ֤ים	376	HNcmpa	05EY9
13	14	3		בְּנֵֽי	1121 a	HNcmpc	053bJ
13	14	4		בְלִיַּ֨עַל֙	1100	HNcmsa	05Euh
13	14	5		מִ/קִּרְבֶּ֔/ךָ	m/7130	HR/Ncmsc/Sp2ms	05cUS
13	14	6		וַ/יַּדִּ֛יחוּ	c/5080	HC/Vhw3mp	05Kn2
13	14	7		אֶת	853	HTo	05VLr
13	14	8		יֹשְׁבֵ֥י	3427	HVqrmpc	05esu
13	14	9		עִירָ֖/ם	5892 b	HNcfsc/Sp3mp	05FiZ
13	14	10		לֵ/אמֹ֑ר	l/559	HR/Vqc	05RZJ
13	14	11		נֵלְכָ֗ה	3212	HVqh1cp	058Zb
13	14	12		וְ/נַעַבְדָ֛ה	c/5647	HC/Vqh1cp	05Lat
13	14	13		אֱלֹהִ֥ים	430	HNcmpa	05dYo
13	14	14		אֲחֵרִ֖ים	312	HAampa	05b1b
13	14	15		אֲשֶׁ֥ר	834 a	HTr	05HdC
13	14	16		לֹא	3808	HTn	05wTV
13	14	17		יְדַעְתֶּֽם	3045	HVqp2mp	05dAy
13	15	1		וְ/דָרַשְׁתָּ֧	c/1875	HC/Vqq2ms	05HvE
13	15	2		וְ/חָקַרְתָּ֧	c/2713	HC/Vqq2ms	058ac
13	15	3		וְ/שָׁאַלְתָּ֖	c/7592	HC/Vqq2ms	05fZx
13	15	4		הֵיטֵ֑ב	3190	HVha	05zSb
13	15	5		וְ/הִנֵּ֤ה	c/2009	HC/Tm	056FX
13	15	6		אֱמֶת֙	571	HNcfsa	05yVJ
13	15	7		נָכ֣וֹן	3559 a	HVNrmsa	05Jp4
13	15	8		הַ/דָּבָ֔ר	d/1697	HTd/Ncmsa	0547f
13	15	9		נֶעֶשְׂתָ֛ה	6213 a	HVNp3fs	05sbC
13	15	10		הַ/תּוֹעֵבָ֥ה	d/8441	HTd/Ncfsa	058UN
13	15	11		הַ/זֹּ֖את	d/2063	HTd/Pdxfs	05cbJ
13	15	12		בְּ/קִרְבֶּֽ/ךָ	b/7130	HR/Ncmsc/Sp2ms	05wTH
13	16	1		הַכֵּ֣ה	5221	HVha	05sDn
13	16	2		תַכֶּ֗ה	5221	HVhi2ms	051fa
13	16	3		אֶת	853	HTo	054Hx
13	16	4		יֹֽשְׁבֵ֛י	3427	HVqrmpc	05J4p
13	16	5		הָ/עִ֥יר	d/5892 b	HTd/Ncfsa	05eKA
13	16	6	x-ketiv	ה/הוא	d/1931	HTd/Pp3ms	05kof
13	16	7		הַ/הִ֖יא	d/1931	HTd/Pp3fs	05oxJ
13	16	8		לְ/פִי	l/6310	HR/Ncmsc	05Lkz
13	16	9		חָ֑רֶב	2719	HNcfsa	05a35
13	16	10		הַחֲרֵ֨ם	2763 a	HVha	0585C
13	16	11		אֹתָ֧/הּ	853	HTo/Sp3fs	05duB
13	16	12		וְ/אֶת	c/853	HC/To	05Dd8
13	16	13		כָּל	3605	HNcmsc	052Ez
13	16	14		אֲשֶׁר	834 a	HTr	05zgP
13	16	15		בָּ֛/הּ	b	HR/Sp3fs	05K1F
13	16	16		וְ/אֶת	c/853	HC/To	05F8k
13	16	17		בְּהֶמְתָּ֖/הּ	929	HNcfsc/Sp3fs	05yie
13	16	18		לְ/פִי	l/6310	HR/Ncmsc	05AGX
13	16	19		חָֽרֶב	2719	HNcfsa	05QZQ
13	17	1		וְ/אֶת	c/853	HC/To	05iJj
13	17	2		כָּל	3605	HNcmsc	059tK
13	17	3		שְׁלָלָ֗/הּ	7998	HNcmsc/Sp3fs	05cdf
13	17	4		תִּקְבֹּץ֮	6908	HVqi2ms	05ViQ
13	17	5		אֶל	413	HR	056Gq
13	17	6		תּ֣וֹךְ	8432	HNcmsc	05xzK
13	17	7		רְחֹבָ/הּ֒	7339	HNcfsc/Sp3fs	05M3A
13	17	8		וְ/שָׂרַפְתָּ֨	c/8313	HC/Vqq2ms	05ixU
13	17	9		בָ/אֵ֜שׁ	b/784	HRd/Ncbsa	05grk
13	17	10		אֶת	853	HTo	05cot
13	17	11		הָ/עִ֤יר	d/5892 b	HTd/Ncfsa	05K5A
13	17	12		וְ/אֶת	c/853	HC/To	05EZv
13	17	13		כָּל	3605	HNcmsc	05z5E
13	17	14		שְׁלָלָ/הּ֙	7998	HNcmsc/Sp3fs	05V3V
13	17	15		כָּלִ֔יל	3632	HAamsa	05SE1
13	17	16		לַ/יהוָ֖ה	l/3068	HR/Np	05thM
13	17	17		אֱלֹהֶ֑י/ךָ	430	HNcmpc/Sp2ms	052ww
13	17	18		וְ/הָיְתָה֙	c/1961	HC/Vqq3fs	05GEX
13	17	19		תֵּ֣ל	8510	HNcmsc	05V1p
13	17	20		עוֹלָ֔ם	5769	HNcmsa	05bZG
13	17	21		לֹ֥א	3808	HTn	05mCK
13	17	22		תִבָּנֶ֖ה	1129	HVNi3fs	05t2E
13	17	23		עֽוֹד	5750	HD	05vxV
13	18	1		וְ/לֹֽא	c/3808	HC/Tn	05Jbi
13	18	2		יִדְבַּ֧ק	1692	HVqi3ms	05Cwm
13	18	3		בְּ/יָדְ/ךָ֛	b/3027	HR/Ncbsc/Sp2ms	05ugN
13	18	4		מְא֖וּמָה	3972	HNcfsa	053S6
13	18	5		מִן	4480 a	HR	05Zpg
13	18	6		הַ/חֵ֑רֶם	d/2764 a	HTd/Ncmsa	05XbK
13	18	7		לְמַעַן֩	4616	HR	05Rfy
13	18	8		יָשׁ֨וּב	7725	HVqi3ms	05nMK
13	18	9		יְהוָ֜ה	3068	HNp	05igt
13	18	10		מֵ/חֲר֣וֹן	m/2740	HR/Ncmsc	05J8d
13	18	11		אַפּ֗/וֹ	639	HNcmsc/Sp3ms	05Zuf
13	18	12		וְ/נָֽתַן	c/5414	HC/Vqq3ms	05Vtr
13	18	13		לְ/ךָ֤	l	HR/Sp2ms	05qwE
13	18	14		רַחֲמִים֙	7356 b	HNcmpa	05KNV
13	18	15		וְ/רִֽחַמְ/ךָ֣	c/7355	HC/Vpq3ms/Sp2ms	05wr4
13	18	16		וְ/הִרְבֶּ֔/ךָ	c/7235 a	HC/Vhq3ms/Sp2ms	05vZL
13	18	17		כַּ/אֲשֶׁ֥ר	k/834 d	HR/Tr	05SzL
13	18	18		נִשְׁבַּ֖ע	7650	HVNp3ms	05vye
13	18	19		לַ/אֲבֹתֶֽי/ךָ	l/1	HR/Ncmpc/Sp2ms	05mzs
13	19	1		כִּ֣י	3588 a	HC	05RUB
13	19	2		תִשְׁמַ֗ע	8085	HVqi2ms	05b16
13	19	3		בְּ/קוֹל֙	b/6963 a	HR/Ncmsc	051Se
13	19	4		יְהוָ֣ה	3068	HNp	05s9f
13	19	5		אֱלֹהֶ֔י/ךָ	430	HNcmpc/Sp2ms	051Z5
13	19	6		לִ/שְׁמֹר֙	l/8104	HR/Vqc	05Wis
13	19	7		אֶת	853	HTo	05yWu
13	19	8		כָּל	3605	HNcmsc	05MU6
13	19	9		מִצְוֺתָ֔י/ו	4687	HNcfpc/Sp3ms	05xmE
13	19	10		אֲשֶׁ֛ר	834 a	HTr	05TLt
13	19	11		אָנֹכִ֥י	595	HPp1cs	05Gim
13	19	12		מְצַוְּ/ךָ֖	6680	HVprmsc/Sp2ms	05Jv1
13	19	13		הַ/יּ֑וֹם	d/3117	HTd/Ncmsa	05hKn
13	19	14		לַ/עֲשׂוֹת֙	l/6213 a	HR/Vqc	05poz
13	19	15		הַ/יָּשָׁ֔ר	d/3477	HTd/Aamsa	05h7D
13	19	16		בְּ/עֵינֵ֖י	b/5869 a	HR/Ncbdc	05W2Y
13	19	17		יְהוָ֥ה	3068	HNp	05BHc
13	19	18		אֱלֹהֶֽי/ךָ	430	HNcmpc/Sp2ms	05zPq
14	1	1		בָּנִ֣ים	1121 a	HNcmpa	058Mb
14	1	2		אַתֶּ֔ם	859 d	HPp2mp	05DU5
14	1	3		לַֽ/יהוָ֖ה	l/3068	HR/Np	05GoH
14	1	4		אֱלֹהֵי/כֶ֑ם	430	HNcmpc/Sp2mp	05Rco
14	1	5		לֹ֣א	3808	HTn	05qxv
14	1	6		תִתְגֹּֽדְד֗וּ	1413	HVri2mp	05teJ
14	1	7		וְ/לֹֽא	c/3808	HC/Tn	05Yjt
14	1	8		תָשִׂ֧ימוּ	7760 a	HVqi2mp	05RDD
14	1	9		קָרְחָ֛ה	7144	HNcfsa	05Y1A
14	1	10		בֵּ֥ין	996	HR	059gc
14	1	11		עֵינֵי/כֶ֖ם	5869 a	HNcbdc/Sp2mp	05DDp
14	1	12		לָ/מֵֽת	l/4191	HR/Vqrmsa	05w2a
14	2	1		כִּ֣י	3588 a	HC	0552N
14	2	2		עַ֤ם	5971 a	HNcmsa	053Jb
14	2	3		קָדוֹשׁ֙	6918	HAamsa	05AaT
14	2	4		אַתָּ֔ה	859 a	HPp2ms	05rmh
14	2	5		לַ/יהוָ֖ה	l/3068	HR/Np	05M5h
14	2	6		אֱלֹהֶ֑י/ךָ	430	HNcmpc/Sp2ms	05SLw
14	2	7		וּ/בְ/ךָ֞	c/b	HC/R/Sp2ms	05mzL
14	2	8		בָּחַ֣ר	977	HVqp3ms	05s1q
14	2	9		יְהוָ֗ה	3068	HNp	05L75
14	2	10		לִֽ/הְי֥וֹת	l/1961	HR/Vqc	05hfu
14	2	11		ל/וֹ֙	l	HR/Sp3ms	05JV9
14	2	12		לְ/עַ֣ם	l/5971 a	HR/Ncmsc	05Luf
14	2	13		סְגֻלָּ֔ה	5459	HNcfsa	05dyW
14	2	14		מִ/כֹּל֙	m/3605	HR/Ncmsc	05cfy
14	2	15		הָֽ/עַמִּ֔ים	d/5971 a	HTd/Ncmpa	05bm3
14	2	16		אֲשֶׁ֖ר	834 a	HTr	05X1G
14	2	17		עַל	5921 a	HR	05DAz
14	2	18		פְּנֵ֥י	6440	HNcbpc	05cG2
14	2	19		הָ/אֲדָמָֽה	d/127	HTd/Ncfsa	05SiW
14	3	1		לֹ֥א	3808	HTn	053KU
14	3	2		תֹאכַ֖ל	398	HVqi2ms	05HCz
14	3	3		כָּל	3605	HNcmsc	05uez
14	3	4		תּוֹעֵבָֽה	8441	HNcfsa	05t7Z
14	4	1		זֹ֥את	2063	HPdxfs	05KG3
14	4	2		הַ/בְּהֵמָ֖ה	d/929	HTd/Ncfsa	05BNm
14	4	3		אֲשֶׁ֣ר	834 a	HTr	05S39
14	4	4		תֹּאכֵ֑לוּ	398	HVqi2mp	0566Y
14	4	5		שׁ֕וֹר	7794	HNcmsa	051wE
14	4	6		שֵׂ֥ה	7716	HNcbsc	05LNG
14	4	7		כְשָׂבִ֖ים	3775	HNcmpa	051VD
14	4	8		וְ/שֵׂ֥ה	c/7716	HC/Ncbsc	05Sti
14	4	9		עִזִּֽים	5795	HNcfpa	059UL
14	5	1		אַיָּ֥ל	354	HNcbsa	05jTj
14	5	2		וּ/צְבִ֖י	c/6643 b	HC/Ncbsa	05yoM
14	5	3		וְ/יַחְמ֑וּר	c/3180	HC/Ncmsa	05u9c
14	5	4		וְ/אַקּ֥וֹ	c/689	HC/Ncmsa	05npB
14	5	5		וְ/דִישֹׁ֖ן	c/1788	HC/Ncmsa	05nhG
14	5	6		וּ/תְא֥וֹ	c/8377	HC/Ncmsa	05FcX
14	5	7		וָ/זָֽמֶר	c/2169	HC/Ncmsa	05fZ4
14	6	1		וְ/כָל	c/3605	HC/Ncmsc	0556D
14	6	2		בְּהֵמָ֞ה	929	HNcfsa	053Lr
14	6	3		מַפְרֶ֣סֶת	6536	HVhrfsc	05NnT
14	6	4		פַּרְסָ֗ה	6541	HNcfsa	05TQz
14	6	5		וְ/שֹׁסַ֤עַת	c/8156	HC/Vqrfsc	05rfK
14	6	6		שֶׁ֨סַע֙	8157	HNcmsa	05fa5
14	6	7		שְׁתֵּ֣י	8147	HAcfdc	05cLe
14	6	8		פְרָס֔וֹת	6541	HNcfpa	05b9p
14	6	9		מַעֲלַ֥ת	5927	HVhrfsc	05iWG
14	6	10		גֵּרָ֖ה	1625	HNcfsa	05v6C
14	6	11		בַּ/בְּהֵמָ֑ה	b/929	HRd/Ncfsa	05nag
14	6	12		אֹתָ֖/הּ	853	HTo/Sp3fs	05gmi
14	6	13		תֹּאכֵֽלוּ	398	HVqi2mp	05ERU
14	7	1		אַ֣ךְ	389	HTa	05t7c
14	7	2		אֶת	853	HTo	05Y1F
14	7	3		זֶ֞ה	2088	HPdxms	05JXq
14	7	4		לֹ֤א	3808	HTn	05W2g
14	7	5		תֹֽאכְלוּ֙	398	HVqi2mp	05M8k
14	7	6		מִ/מַּֽעֲלֵ֣י	m/5927	HR/Vhrmpc	05KnE
14	7	7		הַ/גֵּרָ֔ה	d/1625	HTd/Ncfsa	05hDB
14	7	8		וּ/מִ/מַּפְרִיסֵ֥י	c/m/6536	HC/R/Vhrmpc	05LFh
14	7	9		הַ/פַּרְסָ֖ה	d/6541	HTd/Ncfsa	05EWr
14	7	10		הַ/שְּׁסוּעָ֑ה	d/8156	HTd/Vqsfsa	05rHN
14	7	11		אֶֽת	853	HTo	05LDD
14	7	12		הַ֠/גָּמָל	d/1581	HTd/Ncmsa	05dAG
14	7	13		וְ/אֶת	c/853	HC/To	05B9T
14	7	14		הָ/אַרְנֶ֨בֶת	d/768	HTd/Ncfsa	05m7U
14	7	15		וְ/אֶת	c/853	HC/To	05coZ
14	7	16		הַ/שָּׁפָ֜ן	d/8227 a	HTd/Ncmsa	05pkN
14	7	17		כִּֽי	3588 a	HC	052TP
14	7	18		מַעֲלֵ֧ה	5927	HVhrmsc	05p9B
14	7	19		גֵרָ֣ה	1625	HNcfsa	05Wz8
14	7	20		הֵ֗מָּה	1992	HPp3mp	05CFE
14	7	21		וּ/פַרְסָה֙	c/6541	HC/Ncfsa	05wi9
14	7	22		לֹ֣א	3808	HTn	05T67
14	7	23		הִפְרִ֔יסוּ	6536	HVhp3cp	05biA
14	7	24		טְמֵאִ֥ים	2931	HAampa	05u4V
14	7	25		הֵ֖ם	1992	HPp3mp	05wS9
14	7	26		לָ/כֶֽם	l	HR/Sp2mp	05rAC
14	8	1		וְ/אֶת	c/853	HC/To	05jq8
14	8	2		הַ֠/חֲזִיר	d/2386	HTd/Ncmsa	05R4y
14	8	3		כִּֽי	3588 a	HC	05EfW
14	8	4		מַפְרִ֨יס	6536	HVhrmsc	05U9o
14	8	5		פַּרְסָ֥ה	6541	HNcfsa	05VJW
14	8	6		הוּא֙	1931	HPp3ms	05c6w
14	8	7		וְ/לֹ֣א	c/3808	HC/Tn	05RJ6
14	8	8		גֵרָ֔ה	1625	HNcfsa	05mKe
14	8	9		טָמֵ֥א	2931	HAamsa	05Z2i
14	8	10		ה֖וּא	1931	HPp3ms	05e3B
14	8	11		לָ/כֶ֑ם	l	HR/Sp2mp	057Pd
14	8	12		מִ/בְּשָׂרָ/ם֙	m/1320	HR/Ncmsc/Sp3mp	05Lgc
14	8	13		לֹ֣א	3808	HTn	05RLL
14	8	14		תֹאכֵ֔לוּ	398	HVqi2mp	05XTN
14	8	15		וּ/בְ/נִבְלָתָ֖/ם	c/b/5038	HC/R/Ncfsc/Sp3mp	059j9
14	8	16		לֹ֥א	3808	HTn	05xRk
14	8	17		תִגָּֽעוּ	5060	HVqi2mp	05agE
14	9	1		אֶת	853	HTo	0599n
14	9	2		זֶה֙	2088	HPdxms	05SnR
14	9	3		תֹּֽאכְל֔וּ	398	HVqi2mp	05aw2
14	9	4		מִ/כֹּ֖ל	m/3605	HR/Ncmsa	05x3j
14	9	5		אֲשֶׁ֣ר	834 a	HTr	058ZD
14	9	6		בַּ/מָּ֑יִם	b/4325	HRd/Ncmpa	05hyj
14	9	7		כֹּ֧ל	3605	HNcmsa	05ADU
14	9	8		אֲשֶׁר	834 a	HTr	05shc
14	9	9		ל֛/וֹ	l	HR/Sp3ms	05uS9
14	9	10		סְנַפִּ֥יר	5579	HNcmsa	05bxp
14	9	11		וְ/קַשְׂקֶ֖שֶׂת	c/7193	HC/Ncfsa	05TxD
14	9	12		תֹּאכֵֽלוּ	398	HVqi2mp	05Txd
14	10	1		וְ/כֹ֨ל	c/3605	HC/Ncmsa	05Zqo
14	10	2		אֲשֶׁ֧ר	834 a	HTr	05eXv
14	10	3		אֵֽין	369	HTn	0574M
14	10	4		ל֛/וֹ	l	HR/Sp3ms	05KQd
14	10	5		סְנַפִּ֥יר	5579	HNcmsa	05QLn
14	10	6		וְ/קַשְׂקֶ֖שֶׂת	c/7193	HC/Ncfsa	05Rz1
14	10	7		לֹ֣א	3808	HTn	05AR3
14	10	8		תֹאכֵ֑לוּ	398	HVqi2mp	056J4
14	10	9		טָמֵ֥א	2931	HAamsa	057AJ
14	10	10		ה֖וּא	1931	HPp3ms	05rrT
14	10	11		לָ/כֶֽם	l	HR/Sp2mp	05zc1
14	11	1		כָּל	3605	HNcmsc	05t1p
14	11	2		צִפּ֥וֹר	6833	HNcbsa	05Nsw
14	11	3		טְהֹרָ֖ה	2889	HAafsa	05H4B
14	11	4		תֹּאכֵֽלוּ	398	HVqi2mp	05yhE
14	12	1		וְ/זֶ֕ה	c/2088	HC/Pdxms	05TCJ
14	12	2		אֲשֶׁ֥ר	834 a	HTr	05HLL
14	12	3		לֹֽא	3808	HTn	05VMR
14	12	4		תֹאכְל֖וּ	398	HVqi2mp	05nHt
14	12	5		מֵ/הֶ֑ם	m	HR/Sp3mp	05uVh
14	12	6		הַ/נֶּ֥שֶׁר	d/5404	HTd/Ncmsa	05j46
14	12	7		וְ/הַ/פֶּ֖רֶס	c/d/6538	HC/Td/Ncmsa	05tWx
14	12	8		וְ/הָֽ/עָזְנִיָּֽה	c/d/5822	HC/Td/Ncfsa	053VF
14	13	1		וְ/הָ/רָאָה֙	c/d/7201	HC/Td/Ncfsa	05a9R
14	13	2		וְ/אֶת	c/853	HC/To	05BUv
14	13	3		הָ֣/אַיָּ֔ה	d/344	HTd/Ncfsa	056Ay
14	13	4		וְ/הַ/דַּיָּ֖ה	c/d/1772	HC/Td/Ncfsa	05buH
14	13	5		לְ/מִינָֽ/הּ	l/4327	HR/Ncmsc/Sp3fs	05s74
14	14	1		וְ/אֵ֥ת	c/853	HC/To	05Qem
14	14	2		כָּל	3605	HNcmsc	05okp
14	14	3		עֹרֵ֖ב	6158	HNcmsa	055Q5
14	14	4		לְ/מִינֽ/וֹ	l/4327	HR/Ncmsc/Sp3ms	05qJK
14	15	1		וְ/אֵת֙	c/853	HC/To	05QZB
14	15	2		בַּ֣ת	1323	HNcfsc	05Br9
14	15	3		הַֽ/יַּעֲנָ֔ה	d/3284	HTd/Ncfsa	05CaP
14	15	4		וְ/אֶת	c/853	HC/To	052Jq
14	15	5		הַ/תַּחְמָ֖ס	d/8464	HTd/Ncmsa	05UQf
14	15	6		וְ/אֶת	c/853	HC/To	05koC
14	15	7		הַ/שָּׁ֑חַף	d/7828	HTd/Ncmsa	05xyV
14	15	8		וְ/אֶת	c/853	HC/To	05Leq
14	15	9		הַ/נֵּ֖ץ	d/5322 b	HTd/Ncmsa	05RrD
14	15	10		לְ/מִינֵֽ/הוּ	l/4327	HR/Ncmsc/Sp3ms	05Kv1
14	16	1		אֶת	853	HTo	05S8w
14	16	2		הַ/כּ֥וֹס	d/3563 b	HTd/Ncmsa	05hEe
14	16	3		וְ/אֶת	c/853	HC/To	05PTn
14	16	4		הַ/יַּנְשׁ֖וּף	d/3244	HTd/Ncmsa	05T7k
14	16	5		וְ/הַ/תִּנְשָֽׁמֶת	c/d/8580	HC/Td/Ncfsa	05vKW
14	17	1		וְ/הַ/קָּאָ֥ת	c/d/6893	HC/Td/Ncfsa	05quk
14	17	2		וְ/אֶֽת	c/853	HC/To	05Qsp
14	17	3		הָ/רָחָ֖מָ/ה	d/7360	HTd/Ncmsa/Sh	05q5z
14	17	4		וְ/אֶת	c/853	HC/To	05rTe
14	17	5		הַ/שָּׁלָֽךְ	d/7994	HTd/Ncmsa	05CMT
14	18	1		וְ/הַ֣/חֲסִידָ֔ה	c/d/2624	HC/Td/Ncfsa	05npi
14	18	2		וְ/הָ/אֲנָפָ֖ה	c/d/601	HC/Td/Ncfsa	05f16
14	18	3		לְ/מִינָ֑/הּ	l/4327	HR/Ncmsc/Sp3fs	057Yx
14	18	4		וְ/הַ/דּוּכִיפַ֖ת	c/d/1744	HC/Td/Ncfsa	054CA
14	18	5		וְ/הָ/עֲטַלֵּֽף	c/d/5847	HC/Td/Ncmsa	05bwy
14	19	1		וְ/כֹל֙	c/3605	HC/Ncmsc	05gtP
14	19	2		שֶׁ֣רֶץ	8318	HNcmsc	05QYM
14	19	3		הָ/ע֔וֹף	d/5775	HTd/Ncmsa	05NXX
14	19	4		טָמֵ֥א	2931	HAamsa	05JFS
14	19	5		ה֖וּא	1931	HPp3ms	05vz1
14	19	6		לָ/כֶ֑ם	l	HR/Sp2mp	053P6
14	19	7		לֹ֖א	3808	HTn	058so
14	19	8		יֵאָכֵֽלוּ	398	HVNi3mp	05YUp
14	20	1		כָּל	3605	HNcmsc	05N5y
14	20	2		ע֥וֹף	5775	HNcmsa	05G2c
14	20	3		טָה֖וֹר	2889	HAamsa	05MUh
14	20	4		תֹּאכֵֽלוּ	398	HVqi2mp	05rRV
14	21	1		לֹ֣א	3808	HTn	05y81
14	21	2		תֹאכְל֣וּ	398	HVqi2mp	05oA4
14	21	3		כָל	3605	HNcmsc	05f9w
14	21	4		נְ֠בֵלָה	5038	HNcfsa	05PwW
14	21	5		לַ/גֵּ֨ר	l/1616	HRd/Ncmsa	05Fkn
14	21	6		אֲשֶׁר	834 a	HTr	05bpn
14	21	7		בִּ/שְׁעָרֶ֜י/ךָ	b/8179	HR/Ncmpc/Sp2ms	05ywD
14	21	8		תִּתְּנֶ֣נָּ/ה	5414	HVqi2ms/Sp3fs	05hBi
14	21	9		וַ/אֲכָלָ֗/הּ	c/398	HC/Vqp3ms/Sp3fs	059jd
14	21	10		א֤וֹ	176 a	HC	05NGN
14	21	11		מָכֹר֙	4376	HVqa	0531w
14	21	12		לְ/נָכְרִ֔י	l/5237	HR/Aamsa	05nHz
14	21	13		כִּ֣י	3588 a	HC	05yym
14	21	14		עַ֤ם	5971 a	HNcmsa	05yHv
14	21	15		קָדוֹשׁ֙	6918	HAamsa	05D9G
14	21	16		אַתָּ֔ה	859 a	HPp2ms	05ZkS
14	21	17		לַ/יהוָ֖ה	l/3068	HR/Np	057eY
14	21	18		אֱלֹהֶ֑י/ךָ	430	HNcmpc/Sp2ms	055KS
14	21	19		לֹֽא	3808	HTn	05QMc
14	21	20		תְבַשֵּׁ֥ל	1310	HVpi2ms	05vNk
14	21	21		גְּדִ֖י	1423	HNcmsa	05Rs6
14	21	22		בַּ/חֲלֵ֥ב	b/2461	HR/Ncmsc	05aq4
14	21	23		אִמּֽ/וֹ	517	HNcfsc/Sp3ms	05yyt
14	22	1		עַשֵּׂ֣ר	6237	HVpa	05J2d
14	22	2		תְּעַשֵּׂ֔ר	6237	HVpi2ms	05CqT
14	22	3		אֵ֖ת	853	HTo	05MTY
14	22	4		כָּל	3605	HNcmsc	05VoC
14	22	5		תְּבוּאַ֣ת	8393	HNcfsc	05Vpi
14	22	6		זַרְעֶ֑/ךָ	2233	HNcmsc/Sp2ms	05PBT
14	22	7		הַ/יֹּצֵ֥א	d/3318	HTd/Vqrmsa	05HGR
14	22	8		הַ/שָּׂדֶ֖ה	d/7704 b	HTd/Ncmsa	056sk
14	22	9		שָׁנָ֥ה	8141	HNcfsa	05k8E
14	22	10		שָׁנָֽה	8141	HNcfsa	052HU
14	23	1		וְ/אָכַלְתָּ֞	c/398	HC/Vqq2ms	05ULv
14	23	2		לִ/פְנֵ֣י	l/6440	HR/Ncbpc	05eXZ
14	23	3		יְהוָ֣ה	3068	HNp	05pUs
14	23	4		אֱלֹהֶ֗י/ךָ	430	HNcmpc/Sp2ms	0592R
14	23	5		בַּ/מָּק֣וֹם	b/4725	HRd/Ncmsa	05M7V
14	23	6		אֲשֶׁר	834 a	HTr	05N33
14	23	7		יִבְחַר֮	977	HVqi3ms	05wN2
14	23	8		לְ/שַׁכֵּ֣ן	l/7931	HR/Vpc	0568n
14	23	9		שְׁמ֣/וֹ	8034	HNcmsc/Sp3ms	05GAD
14	23	10		שָׁם֒	8033	HD	051ee
14	23	11		מַעְשַׂ֤ר	4643	HNcmsc	05dZh
14	23	12		דְּגָֽנְ/ךָ֙	1715	HNcmsc/Sp2ms	05cKU
14	23	13		תִּֽירֹשְׁ/ךָ֣	8492	HNcmsc/Sp2ms	05bSE
14	23	14		וְ/יִצְהָרֶ֔/ךָ	c/3323	HC/Ncmsc/Sp2ms	05EWA
14	23	15		וּ/בְכֹרֹ֥ת	c/1062	HC/Ncbpc	05zWo
14	23	16		בְּקָרְ/ךָ֖	1241	HNcbsc/Sp2ms	05djv
14	23	17		וְ/צֹאנֶ֑/ךָ	c/6629	HC/Ncbsc/Sp2ms	05Ukr
14	23	18		לְמַ֣עַן	4616	HR	05UM1
14	23	19		תִּלְמַ֗ד	3925	HVqi2ms	05Ubd
14	23	20		לְ/יִרְאָ֛ה	l/3372	HR/Vqc	05oqY
14	23	21		אֶת	853	HTo	05HYy
14	23	22		יְהוָ֥ה	3068	HNp	05dH2
14	23	23		אֱלֹהֶ֖י/ךָ	430	HNcmpc/Sp2ms	05SSn
14	23	24		כָּל	3605	HNcmsc	059WF
14	23	25		הַ/יָּמִֽים	d/3117	HTd/Ncmpa	05Ddt
14	24	1		וְ/כִֽי	c/3588 a	HC/C	05xK2
14	24	2		יִרְבֶּ֨ה	7235 a	HVqi3ms	05DPi
14	24	3		מִמְּ/ךָ֜	4480 a	HR/Sp2ms	05D8e
14	24	4		הַ/דֶּ֗רֶךְ	d/1870	HTd/Ncbsa	05Sx9
14	24	5		כִּ֣י	3588 a	HC	05im8
14	24	6		לֹ֣א	3808	HTn	05Enx
14	24	7		תוּכַ֘ל	3201	HVqi2ms	053mF
14	24	8		שְׂאֵת/וֹ֒	5375	HVqc/Sp3ms	05Lmj
14	24	9		כִּֽי	3588 a	HC	05Wuy
14	24	10		יִרְחַ֤ק	7368	HVqi3ms	05SLZ
14	24	11		מִמְּ/ךָ֙	4480 a	HR/Sp2ms	05ooD
14	24	12		הַ/מָּק֔וֹם	d/4725	HTd/Ncmsa	05wcw
14	24	13		אֲשֶׁ֤ר	834 a	HTr	05c32
14	24	14		יִבְחַר֙	977	HVqi3ms	05Xsg
14	24	15		יְהוָ֣ה	3068	HNp	05sZv
14	24	16		אֱלֹהֶ֔י/ךָ	430	HNcmpc/Sp2ms	05S9x
14	24	17		לָ/שׂ֥וּם	l/7760 a	HR/Vqc	05CfQ
14	24	18		שְׁמ֖/וֹ	8034	HNcmsc/Sp3ms	05ZGT
14	24	19		שָׁ֑ם	8033	HD	05zLW
14	24	20		כִּ֥י	3588 a	HC	05tDQ
14	24	21		יְבָרֶכְ/ךָ֖	1288	HVpi3ms/Sp2ms	05oNh
14	24	22		יְהוָ֥ה	3068	HNp	05S1Y
14	24	23		אֱלֹהֶֽי/ךָ	430	HNcmpc/Sp2ms	05DG9
14	25	1		וְ/נָתַתָּ֖ה	c/5414	HC/Vqq2ms	05BDe
14	25	2		בַּ/כָּ֑סֶף	b/3701	HRd/Ncmsa	05D2q
14	25	3		וְ/צַרְתָּ֤	c/6887 a	HC/Vqq2ms	05qAx
14	25	4		הַ/כֶּ֨סֶף֙	d/3701	HTd/Ncmsa	05axC
14	25	5		בְּ/יָ֣דְ/ךָ֔	b/3027	HR/Ncbsc/Sp2ms	05o6W
14	25	6		וְ/הָֽלַכְתָּ֙	c/1980	HC/Vqq2ms	05x5r
14	25	7		אֶל	413	HR	058x6
14	25	8		הַ/מָּק֔וֹם	d/4725	HTd/Ncmsa	05LnD
14	25	9		אֲשֶׁ֥ר	834 a	HTr	05iU5
14	25	10		יִבְחַ֛ר	977	HVqi3ms	05HeA
14	25	11		יְהוָ֥ה	3068	HNp	05FnB
14	25	12		אֱלֹהֶ֖י/ךָ	430	HNcmpc/Sp2ms	05fF5
14	25	13		בּֽ/וֹ	b	HR/Sp3ms	05hRX
14	26	1		וְ/נָתַתָּ֣ה	c/5414	HC/Vqq2ms	05Rdj
14	26	2		הַ/כֶּ֡סֶף	d/3701	HTd/Ncmsa	05FNm
14	26	3		בְּ/כֹל֩	b/3605	HR/Ncmsa	05HZS
14	26	4		אֲשֶׁר	834 a	HTr	05UKW
14	26	5		תְּאַוֶּ֨ה	183	HVpi3fs	054RJ
14	26	6		נַפְשְׁ/ךָ֜	5315	HNcbsc/Sp2ms	05EPF
14	26	7		בַּ/בָּקָ֣ר	b/1241	HRd/Ncbsa	05BNN
14	26	8		וּ/בַ/צֹּ֗אן	c/b/6629	HC/Rd/Ncbsa	05osb
14	26	9		וּ/בַ/יַּ֨יִן֙	c/b/3196	HC/Rd/Ncmsa	05xWk
14	26	10		וּ/בַ/שֵּׁכָ֔ר	c/b/7941	HC/Rd/Ncmsa	05Kkd
14	26	11		וּ/בְ/כֹ֛ל	c/b/3605	HC/R/Ncmsc	05M8D
14	26	12		אֲשֶׁ֥ר	834 a	HTr	053w9
14	26	13		תִּֽשְׁאָלְ/ךָ֖	7592	HVqi3fs/Sp2ms	05TQy
14	26	14		נַפְשֶׁ֑/ךָ	5315	HNcbsc/Sp2ms	05cG9
14	26	15		וְ/אָכַ֣לְתָּ	c/398	HC/Vqq2ms	05nVF
14	26	16		שָּׁ֗ם	8033	HD	056xK
14	26	17		לִ/פְנֵי֙	l/6440	HR/Ncbpc	05MQy
14	26	18		יְהוָ֣ה	3068	HNp	05Cnn
14	26	19		אֱלֹהֶ֔י/ךָ	430	HNcmpc/Sp2ms	05rZz
14	26	20		וְ/שָׂמַחְתָּ֖	c/8055	HC/Vqq2ms	05LLu
14	26	21		אַתָּ֥ה	859 a	HPp2ms	05frk
14	26	22		וּ/בֵיתֶֽ/ךָ	c/1004 b	HC/Ncmsc/Sp2ms	05e6d
14	27	1		וְ/הַ/לֵּוִ֥י	c/d/3881	HC/Td/Ngmsa	05qrz
14	27	2		אֲשֶׁר	834 a	HTr	05yUB
14	27	3		בִּ/שְׁעָרֶ֖י/ךָ	b/8179	HR/Ncmpc/Sp2ms	05Qko
14	27	4		לֹ֣א	3808	HTn	05Kxd
14	27	5		תַֽעַזְבֶ֑/נּוּ	5800 a	HVqi2ms/Sp3ms	056Gp
14	27	6		כִּ֣י	3588 a	HC	05pHy
14	27	7		אֵ֥ין	369	HTn	059px
14	27	8		ל֛/וֹ	l	HR/Sp3ms	05YdZ
14	27	9		חֵ֥לֶק	2506 a	HNcmsa	05GfP
14	27	10		וְ/נַחֲלָ֖ה	c/5159	HC/Ncfsa	058ms
14	27	11		עִמָּֽ/ךְ	5973 a	HR/Sp2fs	054aE
14	28	1		מִ/קְצֵ֣ה	m/7097 a	HR/Ncbsc	05c85
14	28	2		שָׁלֹ֣שׁ	7969	HAcfsa	056SP
14	28	3		שָׁנִ֗ים	8141	HNcfpa	05njU
14	28	4		תּוֹצִיא֙	3318	HVhi2ms	05zbT
14	28	5		אֶת	853	HTo	05PX2
14	28	6		כָּל	3605	HNcmsc	05UJ6
14	28	7		מַעְשַׂר֙	4643	HNcmsc	054rn
14	28	8		תְּבוּאָ֣תְ/ךָ֔	8393	HNcfsc/Sp2ms	05mdG
14	28	9		בַּ/שָּׁנָ֖ה	b/8141	HRd/Ncfsa	05tVz
14	28	10		הַ/הִ֑וא	d/1931	HTd/Pp3fs	05GRj
14	28	11		וְ/הִנַּחְתָּ֖	c/3240	HC/Vhq2ms	05J6b
14	28	12		בִּ/שְׁעָרֶֽי/ךָ	b/8179	HR/Ncmpc/Sp2ms	05K5C
14	29	1		וּ/בָ֣א	c/935	HC/Vqq3ms	05xen
14	29	2		הַ/לֵּוִ֡י	d/3881	HTd/Ngmsa	05t7j
14	29	3		כִּ֣י	3588 a	HC	05nDA
14	29	4		אֵֽין	369	HTn	05KhP
14	29	5		ל/וֹ֩	l	HR/Sp3ms	05cj2
14	29	6		חֵ֨לֶק	2506 a	HNcmsa	05wEK
14	29	7		וְ/נַחֲלָ֜ה	c/5159	HC/Ncfsa	05h2t
14	29	8		עִמָּ֗/ךְ	5973 a	HR/Sp2fs	058ES
14	29	9		וְ֠/הַ/גֵּר	c/d/1616	HC/Td/Ncmsa	05Qv8
14	29	10		וְ/הַ/יָּת֤וֹם	c/d/3490	HC/Td/Ncmsa	059rU
14	29	11		וְ/הָֽ/אַלְמָנָה֙	c/d/490	HC/Td/Ncfsa	05bak
14	29	12		אֲשֶׁ֣ר	834 a	HTr	059uw
14	29	13		בִּ/שְׁעָרֶ֔י/ךָ	b/8179	HR/Ncmpc/Sp2ms	05M4p
14	29	14		וְ/אָכְל֖וּ	c/398	HC/Vqq3cp	058MU
14	29	15		וְ/שָׂבֵ֑עוּ	c/7646	HC/Vqq3cp	05PGb
14	29	16		לְמַ֤עַן	4616	HR	05VUp
14	29	17		יְבָרֶכְ/ךָ֙	1288	HVpi3ms/Sp2ms	05E1n
14	29	18		יְהוָ֣ה	3068	HNp	05Y2Y
14	29	19		אֱלֹהֶ֔י/ךָ	430	HNcmpc/Sp2ms	055sD
14	29	20		בְּ/כָל	b/3605	HR/Ncmsc	05mZV
14	29	21		מַעֲשֵׂ֥ה	4639	HNcmsc	05XL9
14	29	22		יָדְ/ךָ֖	3027	HNcbsc/Sp2ms	05dgp
14	29	23		אֲשֶׁ֥ר	834 a	HTr	05P1D
14	29	24		תַּעֲשֶֽׂה	6213 a	HVqi2ms	05Voq
15	1	1		מִ/קֵּ֥ץ	m/7093	HR/Ncmsc	05cuR
15	1	2		שֶֽׁבַע	7651	HAcfsa	05nKb
15	1	3		שָׁנִ֖ים	8141	HNcfpa	05zRe
15	1	4		תַּעֲשֶׂ֥ה	6213 a	HVqi2ms	05cp8
15	1	5		שְׁמִטָּֽה	8059	HNcfsa	05ubs
15	2	1		וְ/זֶה֮	c/2088	HC/Pdxms	05TwC
15	2	2		דְּבַ֣ר	1697	HNcmsc	05Eio
15	2	3		הַ/שְּׁמִטָּה֒	d/8059	HTd/Ncfsa	05tLC
15	2	4		שָׁמ֗וֹט	8058	HVqa	057Pm
15	2	5		כָּל	3605	HNcmsc	05CaG
15	2	6		בַּ֨עַל֙	1167	HNcmsa	051Ux
15	2	7		מַשֵּׁ֣ה	4874	HNcmsc	05uTK
15	2	8		יָד֔/וֹ	3027	HNcbsc/Sp3ms	05RC9
15	2	9		אֲשֶׁ֥ר	834 a	HTr	05chV
15	2	10		יַשֶּׁ֖ה	5383	HVhi3ms	05p9U
15	2	11		בְּ/רֵעֵ֑/הוּ	b/7453	HR/Ncmsc/Sp3ms	05hWs
15	2	12		לֹֽא	3808	HTn	05SiP
15	2	13		יִגֹּ֤שׂ	5065	HVqi3ms	05kzz
15	2	14		אֶת	853	HTo	05G6H
15	2	15		רֵעֵ֨/הוּ֙	7453	HNcmsc/Sp3ms	05e1Q
15	2	16		וְ/אֶת	c/853	HC/To	05wM8
15	2	17		אָחִ֔י/ו	251	HNcmsc/Sp3ms	05xaJ
15	2	18		כִּֽי	3588 a	HC	05M8s
15	2	19		קָרָ֥א	7121	HVqp3ms	05TuB
15	2	20		שְׁמִטָּ֖ה	8059	HNcfsa	05h4J
15	2	21		לַֽ/יהוָֽה	l/3068	HR/Np	05MMi
15	3	1		אֶת	853	HTo	05g3H
15	3	2		הַ/נָּכְרִ֖י	d/5237	HTd/Aamsa	05fBm
15	3	3		תִּגֹּ֑שׂ	5065	HVqi2ms	05uR2
15	3	4		וַ/אֲשֶׁ֨ר	c/834 a	HC/Tr	05Z42
15	3	5		יִהְיֶ֥ה	1961	HVqi3ms	05feu
15	3	6		לְ/ךָ֛	l	HR/Sp2ms	05SCB
15	3	7		אֶת	854	HR	052V8
15	3	8		אָחִ֖י/ךָ	251	HNcmsc/Sp2ms	05QjH
15	3	9		תַּשְׁמֵ֥ט	8058	HVhj3fs	056H5
15	3	10		יָדֶֽ/ךָ	3027	HNcbsc/Sp2ms	05pdZ
15	4	1		אֶ֕פֶס	657 a	HNcmsa	05UsU
15	4	2		כִּ֛י	3588 a	HC	05AAw
15	4	3		לֹ֥א	3808	HTn	05rhN
15	4	4		יִֽהְיֶה	1961	HVqi3ms	05mL7
15	4	5		בְּ/ךָ֖	b	HR/Sp2ms	05Lfy
15	4	6		אֶבְי֑וֹן	34	HAamsa	054Um
15	4	7		כִּֽי	3588 a	HC	05Eu9
15	4	8		בָרֵ֤ךְ	1288	HVpa	05VP9
15	4	9		יְבָֽרֶכְ/ךָ֙	1288	HVpi3ms/Sp2ms	05iXa
15	4	10		יְהוָ֔ה	3068	HNp	05tSV
15	4	11		בָּ/אָ֕רֶץ	b/776	HRd/Ncbsa	054Lt
15	4	12		אֲשֶׁר֙	834 a	HTr	05pjx
15	4	13		יְהוָ֣ה	3068	HNp	05Kdb
15	4	14		אֱלֹהֶ֔י/ךָ	430	HNcmpc/Sp2ms	057GA
15	4	15		נֹֽתֵן	5414	HVqrmsa	05UrQ
15	4	16		לְ/ךָ֥	l	HR/Sp2ms	05oMw
15	4	17		נַחֲלָ֖ה	5159	HNcfsa	057Ey
15	4	18		לְ/רִשְׁתָּֽ/הּ	l/3423	HR/Vqc/Sp3fs	05sR9
15	5	1		רַ֚ק	7535	HTa	05Upo
15	5	2		אִם	518 a	HC	05tV7
15	5	3		שָׁמ֣וֹעַ	8085	HVqa	05X4N
15	5	4		תִּשְׁמַ֔ע	8085	HVqi2ms	05BMP
15	5	5		בְּ/ק֖וֹל	b/6963 a	HR/Ncmsc	05XQZ
15	5	6		יְהוָ֣ה	3068	HNp	05AgV
15	5	7		אֱלֹהֶ֑י/ךָ	430	HNcmpc/Sp2ms	0542a
15	5	8		לִ/שְׁמֹ֤ר	l/8104	HR/Vqc	051bX
15	5	9		לַ/עֲשׂוֹת֙	l/6213 a	HR/Vqc	05DmX
15	5	10		אֶת	853	HTo	05uSY
15	5	11		כָּל	3605	HNcmsc	05J6k
15	5	12		הַ/מִּצְוָ֣ה	d/4687	HTd/Ncfsa	05J8W
15	5	13		הַ/זֹּ֔את	d/2063	HTd/Pdxfs	05q9y
15	5	14		אֲשֶׁ֛ר	834 a	HTr	05VHs
15	5	15		אָנֹכִ֥י	595	HPp1cs	05vXK
15	5	16		מְצַוְּ/ךָ֖	6680	HVprmsc/Sp2ms	05Fyg
15	5	17		הַ/יּֽוֹם	d/3117	HTd/Ncmsa	05BF8
15	6	1		כִּֽי	3588 a	HC	056WH
15	6	2		יְהוָ֤ה	3068	HNp	05pnb
15	6	3		אֱלֹהֶ֨י/ךָ֙	430	HNcmpc/Sp2ms	058Sp
15	6	4		בֵּֽרַכְ/ךָ֔	1288	HVpp3ms/Sp2ms	05e6W
15	6	5		כַּ/אֲשֶׁ֖ר	k/834 d	HR/Tr	05X9H
15	6	6		דִּבֶּר	1696	HVpp3ms	05TGD
15	6	7		לָ֑/ךְ	l	HR/Sp2fs	05FoJ
15	6	8		וְ/הַֽעֲבַטְתָּ֞	c/5670	HC/Vhq2ms	055Ay
15	6	9		גּוֹיִ֣ם	1471 a	HNcmpa	05BSJ
15	6	10		רַבִּ֗ים	7227 a	HAampa	05j9y
15	6	11		וְ/אַתָּה֙	c/859 a	HC/Pp2ms	05FZn
15	6	12		לֹ֣א	3808	HTn	05HhN
15	6	13		תַעֲבֹ֔ט	5670	HVqi2ms	05gtJ
15	6	14		וּ/מָֽשַׁלְתָּ֙	c/4910	HC/Vqq2ms	05ZC2
15	6	15		בְּ/גוֹיִ֣ם	b/1471 a	HR/Ncmpa	05h7b
15	6	16		רַבִּ֔ים	7227 a	HAampa	05sWn
15	6	17		וּ/בְ/ךָ֖	c/b	HC/R/Sp2ms	05diL
15	6	18		לֹ֥א	3808	HTn	05MzP
15	6	19		יִמְשֹֽׁלוּ	4910	HVqi3mp	05soR
15	7	1		כִּֽי	3588 a	HC	05oJs
15	7	2		יִהְיֶה֩	1961	HVqi3ms	05P7Z
15	7	3		בְ/ךָ֨	b	HR/Sp2ms	05UMk
15	7	4		אֶבְי֜וֹן	34	HAamsa	05yqU
15	7	5		מֵ/אַחַ֤ד	m/259	HR/Acmsc	05zhi
15	7	6		אַחֶ֨י/ךָ֙	251	HNcmpc/Sp2ms	05HwR
15	7	7		בְּ/אַחַ֣ד	b/259	HR/Acmsc	05vo1
15	7	8		שְׁעָרֶ֔י/ךָ	8179	HNcmpc/Sp2ms	05jQT
15	7	9		בְּ/אַ֨רְצְ/ךָ֔	b/776	HR/Ncbsc/Sp2ms	05hL8
15	7	10		אֲשֶׁר	834 a	HTr	05PSr
15	7	11		יְהוָ֥ה	3068	HNp	05A7A
15	7	12		אֱלֹהֶ֖י/ךָ	430	HNcmpc/Sp2ms	05Yn7
15	7	13		נֹתֵ֣ן	5414	HVqrmsa	05LGS
15	7	14		לָ֑/ךְ	l	HR/Sp2fs	057gX
15	7	15		לֹ֧א	3808	HTn	05uwj
15	7	16		תְאַמֵּ֣ץ	553	HVpi2ms	05jLM
15	7	17		אֶת	853	HTo	05kdj
15	7	18		לְבָבְ/ךָ֗	3824	HNcmsc/Sp2ms	05adQ
15	7	19		וְ/לֹ֤א	c/3808	HC/Tn	054iK
15	7	20		תִקְפֹּץ֙	7092	HVqi2ms	05bj1
15	7	21		אֶת	853	HTo	05MWz
15	7	22		יָ֣דְ/ךָ֔	3027	HNcbsc/Sp2ms	05TaW
15	7	23		מֵ/אָחִ֖י/ךָ	m/251	HR/Ncmsc/Sp2ms	05KZY
15	7	24		הָ/אֶבְיֽוֹן	d/34	HTd/Aamsa	05moJ
15	8	1		כִּֽי	3588 a	HC	05TJS
15	8	2		פָתֹ֧חַ	6605 a	HVqa	05A6D
15	8	3		תִּפְתַּ֛ח	6605 a	HVqi2ms	05hwz
15	8	4		אֶת	853	HTo	05ZqD
15	8	5		יָדְ/ךָ֖	3027	HNcbsc/Sp2ms	05p4s
15	8	6		ל֑/וֹ	l	HR/Sp3ms	05a92
15	8	7		וְ/הַעֲבֵט֙	c/5670	HC/Vha	05hmo
15	8	8		תַּעֲבִיטֶ֔/נּוּ	5670	HVhi2ms/Sp3ms	05wap
15	8	9		דֵּ֚י	1767	HNcmsc	05vyW
15	8	10		מַחְסֹר֔/וֹ	4270	HNcmsc/Sp3ms	05qms
15	8	11		אֲשֶׁ֥ר	834 a	HTr	05RqS
15	8	12		יֶחְסַ֖ר	2637	HVqi3ms	05gaG
15	8	13		לֽ/וֹ	l	HR/Sp3ms	059eX
15	9	1		הִשָּׁ֣מֶר	8104	HVNv2ms	05yVb
15	9	2		לְ/ךָ֡	l	HR/Sp2ms	053o4
15	9	3		פֶּן	6435	HC	057ZM
15	9	4		יִהְיֶ֣ה	1961	HVqi3ms	05xJt
15	9	5		דָבָר֩	1697	HNcmsa	05UR1
15	9	6		עִם	5973 a	HR	052ps
15	9	7		לְבָבְ/ךָ֨	3824	HNcmsc/Sp2ms	05DM4
15	9	8		בְלִיַּ֜עַל	1100	HNcmsa	05XS5
15	9	9		לֵ/אמֹ֗ר	l/559	HR/Vqc	0546A
15	9	10		קָֽרְבָ֣ה	7126	HVqp3fs	05SS8
15	9	11		שְׁנַֽת	8141	HNcfsc	05Ynk
15	9	12		הַ/שֶּׁבַע֮	d/7651	HTd/Acfsa	052XA
15	9	13		שְׁנַ֣ת	8141	HNcfsc	05K7p
15	9	14		הַ/שְּׁמִטָּה֒	d/8059	HTd/Ncfsa	05uM1
15	9	15		וְ/רָעָ֣ה	c/7489 a	HC/Vqq3fs	059Xs
15	9	16		עֵֽינְ/ךָ֗	5869 a	HNcbsc/Sp2ms	059Qh
15	9	17		בְּ/אָחִ֨י/ךָ֙	b/251	HR/Ncmsc/Sp2ms	05XmE
15	9	18		הָֽ/אֶבְי֔וֹן	d/34	HTd/Aamsa	05uzM
15	9	19		וְ/לֹ֥א	c/3808	HC/Tn	05XRp
15	9	20		תִתֵּ֖ן	5414	HVqi2ms	05yp2
15	9	21		ל֑/וֹ	l	HR/Sp3ms	05DJM
15	9	22		וְ/קָרָ֤א	c/7121	HC/Vqq3ms	05vQR
15	9	23		עָלֶ֨י/ךָ֙	5921 a	HR/Sp2ms	05cab
15	9	24		אֶל	413	HR	05A5y
15	9	25		יְהוָ֔ה	3068	HNp	05BKA
15	9	26		וְ/הָיָ֥ה	c/1961	HC/Vqq3ms	05B6D
15	9	27		בְ/ךָ֖	b	HR/Sp2ms	05bx9
15	9	28		חֵֽטְא	2399	HNcmsa	05kw8
15	10	1		נָת֤וֹן	5414	HVqa	05ugJ
15	10	2		תִּתֵּן֙	5414	HVqi2ms	05oT3
15	10	3		ל֔/וֹ	l	HR/Sp3ms	057n5
15	10	4		וְ/לֹא	c/3808	HC/Tn	05zjF
15	10	5		יֵרַ֥ע	7489 a	HVqi3ms	052wq
15	10	6		לְבָבְ/ךָ֖	3824	HNcmsc/Sp2ms	05TKy
15	10	7		בְּ/תִתְּ/ךָ֣	b/5414	HR/Vqc/Sp2ms	05Zvg
15	10	8		ל֑/וֹ	l	HR/Sp3ms	05Xdn
15	10	9		כִּ֞י	3588 a	HC	05ewY
15	10	10		בִּ/גְלַ֣ל	b/1558	HR/Ncmsc	05wyg
15	10	11		הַ/דָּבָ֣ר	d/1697	HTd/Ncmsa	05V4B
15	10	12		הַ/זֶּ֗ה	d/2088	HTd/Pdxms	05Noa
15	10	13		יְבָרֶכְ/ךָ֙	1288	HVpi3ms/Sp2ms	05gYC
15	10	14		יְהוָ֣ה	3068	HNp	05QQa
15	10	15		אֱלֹהֶ֔י/ךָ	430	HNcmpc/Sp2ms	05q6Z
15	10	16		בְּ/כָֽל	b/3605	HR/Ncmsc	05ZLy
15	10	17		מַעֲשֶׂ֔/ךָ	4639	HNcmsc/Sp2ms	05BzT
15	10	18		וּ/בְ/כֹ֖ל	c/b/3605	HC/R/Ncmsc	05TJK
15	10	19		מִשְׁלַ֥ח	4916 a	HNcmsc	059kM
15	10	20		יָדֶֽ/ךָ	3027	HNcbsc/Sp2ms	05ZPK
15	11	1		כִּ֛י	3588 a	HC	05Gh3
15	11	2		לֹא	3808	HTn	05SCi
15	11	3		יֶחְדַּ֥ל	2308	HVqi3ms	058NS
15	11	4		אֶבְי֖וֹן	34	HAamsa	05MPG
15	11	5		מִ/קֶּ֣רֶב	m/7130	HR/Ncmsc	05SXf
15	11	6		הָ/אָ֑רֶץ	d/776	HTd/Ncbsa	05cJc
15	11	7		עַל	5921 a	HR	053Fn
15	11	8		כֵּ֞ן	3651 c	HTm	05eQR
15	11	9		אָנֹכִ֤י	595	HPp1cs	05RFU
15	11	10		מְצַוְּ/ךָ֙	6680	HVprmsc/Sp2ms	05bpA
15	11	11		לֵ/אמֹ֔ר	l/559	HR/Vqc	05PmA
15	11	12		פָּ֠תֹחַ	6605 a	HVqa	05nc7
15	11	13		תִּפְתַּ֨ח	6605 a	HVqi2ms	058xD
15	11	14		אֶת	853	HTo	05QjA
15	11	15		יָדְ/ךָ֜	3027	HNcbsc/Sp2ms	05Wov
15	11	16		לְ/אָחִ֧י/ךָ	l/251	HR/Ncmsc/Sp2ms	05p1C
15	11	17		לַ/עֲנִיֶּ֛/ךָ	l/6041	HR/Aamsc/Sp2ms	054eP
15	11	18		וּ/לְ/אֶבְיֹנְ/ךָ֖	c/l/34	HC/R/Aamsc/Sp2ms	05dDU
15	11	19		בְּ/אַרְצֶֽ/ךָ	b/776	HR/Ncbsc/Sp2ms	05kxg
15	12	1		כִּֽי	3588 a	HC	05H7a
15	12	2		יִמָּכֵ֨ר	4376	HVNi3ms	05fjj
15	12	3		לְ/ךָ֜	l	HR/Sp2ms	05KgW
15	12	4		אָחִ֣י/ךָ	251	HNcmsc/Sp2ms	05kLe
15	12	5		הָֽ/עִבְרִ֗י	d/5680	HTd/Ngmsa	05uDV
15	12	6		א֚וֹ	176 a	HC	05pK1
15	12	7		הָֽ/עִבְרִיָּ֔ה	d/5680	HTd/Ngfsa	0564b
15	12	8		וַ/עֲבָֽדְ/ךָ֖	c/5647	HC/Vqq3ms/Sp2ms	05QEA
15	12	9		שֵׁ֣שׁ	8337	HAcfsa	05Wni
15	12	10		שָׁנִ֑ים	8141	HNcfpa	05GKY
15	12	11		וּ/בַ/שָּׁנָה֙	c/b/8141	HC/Rd/Ncfsa	056E7
15	12	12		הַ/שְּׁבִיעִ֔ת	d/7637	HTd/Aofsa	05TuK
15	12	13		תְּשַׁלְּחֶ֥/נּוּ	7971	HVpi2ms/Sp3ms	05i6E
15	12	14		חָפְשִׁ֖י	2670	HAamsa	05awb
15	12	15		מֵ/עִמָּֽ/ךְ	m/5973 b	HR/R/Sp2fs	05h2S
15	13	1		וְ/כִֽי	c/3588 a	HC/C	0527e
15	13	2		תְשַׁלְּחֶ֥/נּוּ	7971	HVpi2ms/Sp3ms	05sak
15	13	3		חָפְשִׁ֖י	2670	HAamsa	05wGN
15	13	4		מֵֽ/עִמָּ֑/ךְ	m/5973 b	HR/R/Sp2fs	05RFf
15	13	5		לֹ֥א	3808	HTn	05RrN
15	13	6		תְשַׁלְּחֶ֖/נּוּ	7971	HVpi2ms/Sp3ms	05FyN
15	13	7		רֵיקָֽם	7387	HD	05Sg8
15	14	1		הַעֲנֵ֤יק	6059	HVha	05c8R
15	14	2		תַּעֲנִיק֙	6059	HVhi2ms	05vBx
15	14	3		ל֔/וֹ	l	HR/Sp3ms	05JJb
15	14	4		מִ/צֹּ֣אנְ/ךָ֔	m/6629	HR/Ncbsc/Sp2ms	05bNi
15	14	5		וּ/מִֽ/גָּרְנְ/ךָ֖	c/m/1637	HC/R/Ncbsc/Sp2ms	05CxL
15	14	6		וּ/מִ/יִּקְבֶ֑/ךָ	c/m/3342	HC/R/Ncmsc/Sp2ms	0528i
15	14	7		אֲשֶׁ֧ר	834 a	HTr	05nDC
15	14	8		בֵּרַכְ/ךָ֛	1288	HVpp3ms/Sp2ms	055Fi
15	14	9		יְהוָ֥ה	3068	HNp	05hhf
15	14	10		אֱלֹהֶ֖י/ךָ	430	HNcmpc/Sp2ms	05ZDv
15	14	11		תִּתֶּן	5414	HVqi2ms	05txZ
15	14	12		לֽ/וֹ	l	HR/Sp3ms	05XQ4
15	15	1		וְ/זָכַרְתָּ֗	c/2142	HC/Vqq2ms	05kdH
15	15	2		כִּ֣י	3588 a	HC	051eg
15	15	3		עֶ֤בֶד	5650	HNcmsa	05rkQ
15	15	4		הָיִ֨יתָ֙	1961	HVqp2ms	05mc9
15	15	5		בְּ/אֶ֣רֶץ	b/776	HR/Ncbsc	05AEf
15	15	6		מִצְרַ֔יִם	4714	HNp	05xhg
15	15	7		וַֽ/יִּפְדְּ/ךָ֖	c/6299	HC/Vqw3ms/Sp2ms	05PdT
15	15	8		יְהוָ֣ה	3068	HNp	05VCX
15	15	9		אֱלֹהֶ֑י/ךָ	430	HNcmpc/Sp2ms	05UQS
15	15	10		עַל	5921 a	HR	05o3z
15	15	11		כֵּ֞ן	3651 c	HTm	05nTn
15	15	12		אָנֹכִ֧י	595	HPp1cs	05qNT
15	15	13		מְצַוְּ/ךָ֛	6680	HVprmsc/Sp2ms	05K7g
15	15	14		אֶת	853	HTo	053up
15	15	15		הַ/דָּבָ֥ר	d/1697	HTd/Ncmsa	05BXk
15	15	16		הַ/זֶּ֖ה	d/2088	HTd/Pdxms	05Aab
15	15	17		הַ/יּֽוֹם	d/3117	HTd/Ncmsa	05KR4
15	16	1		וְ/הָיָה֙	c/1961	HC/Vqq3ms	05LRP
15	16	2		כִּֽי	3588 a	HC	05Cx2
15	16	3		יֹאמַ֣ר	559	HVqi3ms	058nk
15	16	4		אֵלֶ֔י/ךָ	413	HR/Sp2ms	05qNH
15	16	5		לֹ֥א	3808	HTn	05oFf
15	16	6		אֵצֵ֖א	3318	HVqi1cs	05wN9
15	16	7		מֵ/עִמָּ֑/ךְ	m/5973 b	HR/R/Sp2fs	05Thc
15	16	8		כִּ֤י	3588 a	HC	059iL
15	16	9		אֲהֵֽבְ/ךָ֙	157	HVqp3ms/Sp2ms	052si
15	16	10		וְ/אֶת	c/853	HC/To	05e2d
15	16	11		בֵּיתֶ֔/ךָ	1004 b	HNcmsc/Sp2ms	05N3B
15	16	12		כִּי	3588 a	HC	05k8w
15	16	13		ט֥וֹב	2895	HVqp3ms	05Jo5
15	16	14		ל֖/וֹ	l	HR/Sp3ms	05vsG
15	16	15		עִמָּֽ/ךְ	5973 a	HR/Sp2fs	05cQX
15	17	1		וְ/לָקַחְתָּ֣	c/3947	HC/Vqq2ms	05dSa
15	17	2		אֶת	853	HTo	05mJB
15	17	3		הַ/מַּרְצֵ֗עַ	d/4836	HTd/Ncmsa	052J5
15	17	4		וְ/נָתַתָּ֤ה	c/5414	HC/Vqq2ms	05jmo
15	17	5		בְ/אָזְנ/וֹ֙	b/241	HR/Ncfsc/Sp3ms	05wTD
15	17	6		וּ/בַ/דֶּ֔לֶת	c/b/1817 c	HC/Rd/Ncfsa	05opn
15	17	7		וְ/הָיָ֥ה	c/1961	HC/Vqq3ms	05PWA
15	17	8		לְ/ךָ֖	l	HR/Sp2ms	05wQ5
15	17	9		עֶ֣בֶד	5650	HNcmsc	05tNN
15	17	10		עוֹלָ֑ם	5769	HNcmsa	055Eg
15	17	11		וְ/אַ֥ף	c/637	HC/D	05z7h
15	17	12		לַ/אֲמָתְ/ךָ֖	l/519	HR/Ncfsc/Sp2ms	05YUB
15	17	13		תַּעֲשֶׂה	6213 a	HVqi2ms	05iFz
15	17	14		כֵּֽן	3651 c	HTm	05ZxT
15	18	1		לֹא	3808	HTn	05vGq
15	18	2		יִקְשֶׁ֣ה	7185	HVqi3ms	05n94
15	18	3		בְ/עֵינֶ֗/ךָ	b/5869 a	HR/Ncbdc/Sp2ms	05Jbo
15	18	4		בְּ/שַׁלֵּֽחֲ/ךָ֙	b/7971	HR/Vpc/Sp2ms	05Jem
15	18	5		אֹת֤/וֹ	853	HTo/Sp3ms	05wE2
15	18	6		חָפְשִׁי֙	2670	HAamsa	05S6s
15	18	7		מֵֽ/עִמָּ֔/ךְ	m/5973 b	HR/R/Sp2fs	05Cn1
15	18	8		כִּ֗י	3588 a	HC	05KtS
15	18	9		מִשְׁנֶה֙	4932	HNcmsa	05E8Y
15	18	10		שְׂכַ֣ר	7939	HNcmsc	05ugs
15	18	11		שָׂכִ֔יר	7916	HAamsa	05GYh
15	18	12		עֲבָֽדְ/ךָ֖	5647	HVqp3ms/Sp2ms	05ftp
15	18	13		שֵׁ֣שׁ	8337	HAcfsa	0591N
15	18	14		שָׁנִ֑ים	8141	HNcfpa	05tsr
15	18	15		וּ/בֵֽרַכְ/ךָ֙	c/1288	HC/Vpq3ms/Sp2ms	051N3
15	18	16		יְהוָ֣ה	3068	HNp	05LSS
15	18	17		אֱלֹהֶ֔י/ךָ	430	HNcmpc/Sp2ms	05Vya
15	18	18		בְּ/כֹ֖ל	b/3605	HR/Ncmsa	05h6D
15	18	19		אֲשֶׁ֥ר	834 a	HTr	05na2
15	18	20		תַּעֲשֶֽׂה	6213 a	HVqi2ms	05YS9
15	19	1		כָּֽל	3605	HNcmsc	05X37
15	19	2		הַ/בְּכ֡וֹר	d/1060	HTd/Ncmsa	05eaF
15	19	3		אֲשֶׁר֩	834 a	HTr	0513E
15	19	4		יִוָּלֵ֨ד	3205	HVNi3ms	05jXA
15	19	5		בִּ/בְקָרְ/ךָ֤	b/1241	HR/Ncbsc/Sp2ms	054KF
15	19	6		וּ/בְ/צֹֽאנְ/ךָ֙	c/b/6629	HC/R/Ncbsc/Sp2ms	05MSd
15	19	7		הַ/זָּכָ֔ר	d/2145	HTd/Ncmsa	05J4L
15	19	8		תַּקְדִּ֖ישׁ	6942	HVhi2ms	05Qq5
15	19	9		לַ/יהוָ֣ה	l/3068	HR/Np	05sC8
15	19	10		אֱלֹהֶ֑י/ךָ	430	HNcmpc/Sp2ms	05nHM
15	19	11		לֹ֤א	3808	HTn	05Cyg
15	19	12		תַעֲבֹד֙	5647	HVqi2ms	05tYe
15	19	13		בִּ/בְכֹ֣ר	b/1060	HR/Ncmsc	05uk3
15	19	14		שׁוֹרֶ֔/ךָ	7794	HNcmsc/Sp2ms	05DWE
15	19	15		וְ/לֹ֥א	c/3808	HC/Tn	05xSK
15	19	16		תָגֹ֖ז	1494	HVqi2ms	052gY
15	19	17		בְּכ֥וֹר	1060	HNcmsc	05c69
15	19	18		צֹאנֶֽ/ךָ	6629	HNcbsc/Sp2ms	05yGC
15	20	1		לִ/פְנֵי֩	l/6440	HR/Ncbpc	05qSK
15	20	2		יְהוָ֨ה	3068	HNp	05afN
15	20	3		אֱלֹהֶ֤י/ךָ	430	HNcmpc/Sp2ms	05URv
15	20	4		תֹאכֲלֶ֨/נּוּ֙	398	HVqi2ms/Sp3ms	057xX
15	20	5		שָׁנָ֣ה	8141	HNcfsa	05oAZ
15	20	6		בְ/שָׁנָ֔ה	b/8141	HR/Ncfsa	05Fof
15	20	7		בַּ/מָּק֖וֹם	b/4725	HRd/Ncmsa	05sYs
15	20	8		אֲשֶׁר	834 a	HTr	05kHd
15	20	9		יִבְחַ֣ר	977	HVqi3ms	05uF9
15	20	10		יְהוָ֑ה	3068	HNp	05omp
15	20	11		אַתָּ֖ה	859 a	HPp2ms	05N5F
15	20	12		וּ/בֵיתֶֽ/ךָ	c/1004 b	HC/Ncmsc/Sp2ms	05Zmp
15	21	1		וְ/כִֽי	c/3588 a	HC/C	05FFZ
15	21	2		יִהְיֶ֨ה	1961	HVqi3ms	05zfi
15	21	3		ב֜/וֹ	b	HR/Sp3ms	05eh8
15	21	4		מ֗וּם	3971 b	HNcmsa	05Ded
15	21	5		פִּסֵּ֨חַ֙	6455	HAamsa	05nTB
15	21	6		א֣וֹ	176 a	HC	05Njh
15	21	7		עִוֵּ֔ר	5787	HAamsa	05F1o
15	21	8		כֹּ֖ל	3605	HNcmsc	05SBw
15	21	9		מ֣וּם	3971 b	HNcmsa	05imY
15	21	10		רָ֑ע	7451 a	HAamsa	05EFd
15	21	11		לֹ֣א	3808	HTn	05anA
15	21	12		תִזְבָּחֶ֔/נּוּ	2076	HVqi2ms/Sp3ms	05rk4
15	21	13		לַ/יהוָ֖ה	l/3068	HR/Np	05iG5
15	21	14		אֱלֹהֶֽי/ךָ	430	HNcmpc/Sp2ms	056id
15	22	1		בִּ/שְׁעָרֶ֖י/ךָ	b/8179	HR/Ncmpc/Sp2ms	05Nbz
15	22	2		תֹּאכֲלֶ֑/נּוּ	398	HVqi2ms/Sp3ms	05Dh7
15	22	3		הַ/טָּמֵ֤א	d/2931	HTd/Aamsa	05M6f
15	22	4		וְ/הַ/טָּהוֹר֙	c/d/2889	HC/Td/Aamsa	05rpM
15	22	5		יַחְדָּ֔ו	3162 b	HD	05GYX
15	22	6		כַּ/צְּבִ֖י	k/6643 b	HRd/Ncbsa	05mHQ
15	22	7		וְ/כָ/אַיָּֽל	c/k/354	HC/Rd/Ncbsa	05Q6S
15	23	1		רַ֥ק	7535	HTa	052UC
15	23	2		אֶת	853	HTo	05jkK
15	23	3		דָּמ֖/וֹ	1818	HNcmsc/Sp3ms	05Xn7
15	23	4		לֹ֣א	3808	HTn	052xh
15	23	5		תֹאכֵ֑ל	398	HVqi2ms	05CSf
15	23	6		עַל	5921 a	HR	05vz3
15	23	7		הָ/אָ֥רֶץ	d/776	HTd/Ncbsa	05uJ5
15	23	8		תִּשְׁפְּכֶ֖/נּוּ	8210	HVqi2ms/Sp3ms	05DkJ
15	23	9		כַּ/מָּֽיִם	k/4325	HRd/Ncmpa	05tHJ
16	1	1		שָׁמוֹר֙	8104	HVqa	05bUa
16	1	2		אֶת	853	HTo	05L1P
16	1	3		חֹ֣דֶשׁ	2320	HNcmsc	05fz2
16	1	4		הָ/אָבִ֔יב	d/24	HTd/Ncmsa	05cSL
16	1	5		וְ/עָשִׂ֣יתָ	c/6213 a	HC/Vqq2ms	05NCu
16	1	6		פֶּ֔סַח	6453	HNcmsa	05Jty
16	1	7		לַ/יהוָ֖ה	l/3068	HR/Np	05VA7
16	1	8		אֱלֹהֶ֑י/ךָ	430	HNcmpc/Sp2ms	05zaC
16	1	9		כִּ֞י	3588 a	HC	05cd3
16	1	10		בְּ/חֹ֣דֶשׁ	b/2320	HR/Ncmsc	05L4J
16	1	11		הָֽ/אָבִ֗יב	d/24	HTd/Ncmsa	052q5
16	1	12		הוֹצִ֨יאֲ/ךָ֜	3318	HVhp3ms/Sp2ms	05UVp
16	1	13		יְהוָ֧ה	3068	HNp	05SeE
16	1	14		אֱלֹהֶ֛י/ךָ	430	HNcmpc/Sp2ms	0553z
16	1	15		מִ/מִּצְרַ֖יִם	m/4714	HR/Np	05uUZ
16	1	16		לָֽיְלָה	3915	HNcmsa	055WT
16	2	1		וְ/זָבַ֥חְתָּ	c/2076	HC/Vqq2ms	056vQ
16	2	2		פֶּ֛סַח	6453	HNcmsa	05GZQ
16	2	3		לַ/יהוָ֥ה	l/3068	HR/Np	05T81
16	2	4		אֱלֹהֶ֖י/ךָ	430	HNcmpc/Sp2ms	056mf
16	2	5		צֹ֣אן	6629	HNcbsa	05mfQ
16	2	6		וּ/בָקָ֑ר	c/1241	HC/Ncbsa	05DE4
16	2	7		בַּ/מָּקוֹם֙	b/4725	HRd/Ncmsa	05GHd
16	2	8		אֲשֶׁר	834 a	HTr	05CbA
16	2	9		יִבְחַ֣ר	977	HVqi3ms	05KAe
16	2	10		יְהוָ֔ה	3068	HNp	05Qvc
16	2	11		לְ/שַׁכֵּ֥ן	l/7931	HR/Vpc	05sjF
16	2	12		שְׁמ֖/וֹ	8034	HNcmsc/Sp3ms	05rmr
16	2	13		שָֽׁם	8033	HD	05Psc
16	3	1		לֹא	3808	HTn	05Ab6
16	3	2		תֹאכַ֤ל	398	HVqi2ms	051TR
16	3	3		עָלָי/ו֙	5921 a	HR/Sp3ms	05u5H
16	3	4		חָמֵ֔ץ	2557 a	HNcmsa	05MQc
16	3	5		שִׁבְעַ֥ת	7651	HAcmsc	05Wfn
16	3	6		יָמִ֛ים	3117	HNcmpa	05d4o
16	3	7		תֹּֽאכַל	398	HVqi2ms	05ATh
16	3	8		עָלָ֥י/ו	5921 a	HR/Sp3ms	05iSY
16	3	9		מַצּ֖וֹת	4682	HNcfpa	05DkE
16	3	10		לֶ֣חֶם	3899	HNcbsc	05nMZ
16	3	11		עֹ֑נִי	6040	HNcmsa	054iz
16	3	12		כִּ֣י	3588 a	HC	05qd4
16	3	13		בְ/חִפָּז֗וֹן	b/2649	HR/Ncmsa	05nru
16	3	14		יָצָ֨אתָ֙	3318	HVqp2ms	05Pxa
16	3	15		מֵ/אֶ֣רֶץ	m/776	HR/Ncbsc	05bkq
16	3	16		מִצְרַ֔יִם	4714	HNp	05HHt
16	3	17		לְמַ֣עַן	4616	HR	05q1a
16	3	18		תִּזְכֹּר֔	2142	HVqi2ms	05o7T
16	3	19		אֶת	853	HTo	058B7
16	3	20		י֤וֹם	3117	HNcmsc	05e4G
16	3	21		צֵֽאתְ/ךָ֙	3318	HVqc/Sp2ms	05UMb
16	3	22		מֵ/אֶ֣רֶץ	m/776	HR/Ncbsc	05sBg
16	3	23		מִצְרַ֔יִם	4714	HNp	05mtF
16	3	24		כֹּ֖ל	3605	HNcmsc	05saW
16	3	25		יְמֵ֥י	3117	HNcmpc	05s5y
16	3	26		חַיֶּֽי/ךָ	2416 e	HNcmpc/Sp2ms	05Ccr
16	4	1		וְ/לֹֽא	c/3808	HC/Tn	05Q6y
16	4	2		יֵרָאֶ֨ה	7200	HVNi3ms	05F3m
16	4	3		לְ/ךָ֥	l	HR/Sp2ms	05Qnx
16	4	4		שְׂאֹ֛ר	7603	HNcmsa	054CQ
16	4	5		בְּ/כָל	b/3605	HR/Ncmsc	05BgX
16	4	6		גְּבֻלְ/ךָ֖	1366	HNcmsc/Sp2ms	05i2o
16	4	7		שִׁבְעַ֣ת	7651	HAcmsc	05oyG
16	4	8		יָמִ֑ים	3117	HNcmpa	052nn
16	4	9		וְ/לֹא	c/3808	HC/Tn	05nqZ
16	4	10		יָלִ֣ין	3885 a	HVqi3ms	05xBh
16	4	11		מִן	4480 a	HR	056MB
16	4	12		הַ/בָּשָׂ֗ר	d/1320	HTd/Ncmsa	05fQv
16	4	13		אֲשֶׁ֨ר	834 a	HTr	05Dvr
16	4	14		תִּזְבַּ֥ח	2076	HVqi2ms	05tYy
16	4	15		בָּ/עֶ֛רֶב	b/6153	HRd/Ncmsa	05Zje
16	4	16		בַּ/יּ֥וֹם	b/3117	HRd/Ncmsa	054VK
16	4	17		הָ/רִאשׁ֖וֹן	d/7223	HTd/Aomsa	05M3S
16	4	18		לַ/בֹּֽקֶר	l/1242	HRd/Ncmsa	05nqN
16	5	1		לֹ֥א	3808	HTn	05dMv
16	5	2		תוּכַ֖ל	3201	HVqi2ms	052HZ
16	5	3		לִ/זְבֹּ֣חַ	l/2076	HR/Vqc	053Fv
16	5	4		אֶת	853	HTo	057bG
16	5	5		הַ/פָּ֑סַח	d/6453	HTd/Ncmsa	05yr8
16	5	6		בְּ/אַחַ֣ד	b/259	HR/Acmsc	05Q4E
16	5	7		שְׁעָרֶ֔י/ךָ	8179	HNcmpc/Sp2ms	05EKG
16	5	8		אֲשֶׁר	834 a	HTr	055cJ
16	5	9		יְהוָ֥ה	3068	HNp	05yrN
16	5	10		אֱלֹהֶ֖י/ךָ	430	HNcmpc/Sp2ms	05SNL
16	5	11		נֹתֵ֥ן	5414	HVqrmsa	05xBx
16	5	12		לָֽ/ךְ	l	HR/Sp2fs	054M4
16	6	1		כִּ֠י	3588 b	HC	05rdY
16	6	2		אִֽם	518 b	HC	05ktS
16	6	3		אֶל	413	HR	05T7P
16	6	4		הַ/מָּק֞וֹם	d/4725	HTd/Ncmsa	05Snb
16	6	5		אֲשֶׁר	834 a	HTr	055Ln
16	6	6		יִבְחַ֨ר	977	HVqi3ms	05uoT
16	6	7		יְהוָ֤ה	3068	HNp	05x2u
16	6	8		אֱלֹהֶ֨י/ךָ֙	430	HNcmpc/Sp2ms	05hib
16	6	9		לְ/שַׁכֵּ֣ן	l/7931	HR/Vpc	05RnE
16	6	10		שְׁמ֔/וֹ	8034	HNcmsc/Sp3ms	05oQP
16	6	11		שָׁ֛ם	8033	HD	05MWb
16	6	12		תִּזְבַּ֥ח	2076	HVqi2ms	05G4R
16	6	13		אֶת	853	HTo	05b15
16	6	14		הַ/פֶּ֖סַח	d/6453	HTd/Ncmsa	05Xye
16	6	15		בָּ/עָ֑רֶב	b/6153	HRd/Ncmsa	05meh
16	6	16		כְּ/ב֣וֹא	k/935	HR/Vqc	05Uxw
16	6	17		הַ/שֶּׁ֔מֶשׁ	d/8121	HTd/Ncbsa	05jYS
16	6	18		מוֹעֵ֖ד	4150	HNcmsa	05S6n
16	6	19		צֵֽאתְ/ךָ֥	3318	HVqc/Sp2ms	05CZt
16	6	20		מִ/מִּצְרָֽיִם	m/4714	HR/Np	05ZFR
16	7	1		וּ/בִשַּׁלְתָּ֙	c/1310	HC/Vpq2ms	05te8
16	7	2		וְ/אָ֣כַלְתָּ֔	c/398	HC/Vqq2ms	05V7Q
16	7	3		בַּ/מָּק֕וֹם	b/4725	HRd/Ncmsa	05LQP
16	7	4		אֲשֶׁ֥ר	834 a	HTr	05aiP
16	7	5		יִבְחַ֛ר	977	HVqi3ms	05QFp
16	7	6		יְהוָ֥ה	3068	HNp	05TJ7
16	7	7		אֱלֹהֶ֖י/ךָ	430	HNcmpc/Sp2ms	055YU
16	7	8		בּ֑/וֹ	b	HR/Sp3ms	05W6q
16	7	9		וּ/פָנִ֣יתָ	c/6437	HC/Vqq2ms	052XS
16	7	10		בַ/בֹּ֔קֶר	b/1242	HRd/Ncmsa	05dMu
16	7	11		וְ/הָלַכְתָּ֖	c/1980	HC/Vqq2ms	056Rv
16	7	12		לְ/אֹהָלֶֽי/ךָ	l/168	HR/Ncmpc/Sp2ms	05Suh
16	8	1		שֵׁ֥שֶׁת	8337	HAcmsc	05GJe
16	8	2		יָמִ֖ים	3117	HNcmpa	05XKM
16	8	3		תֹּאכַ֣ל	398	HVqi2ms	05KTE
16	8	4		מַצּ֑וֹת	4682	HNcfpa	05JAR
16	8	5		וּ/בַ/יּ֣וֹם	c/b/3117	HC/Rd/Ncmsa	05Fuj
16	8	6		הַ/שְּׁבִיעִ֗י	d/7637	HTd/Aomsa	056ni
16	8	7		עֲצֶ֨רֶת֙	6116	HNcfsa	05Txv
16	8	8		לַ/יהוָ֣ה	l/3068	HR/Np	05fYi
16	8	9		אֱלֹהֶ֔י/ךָ	430	HNcmpc/Sp2ms	05rqP
16	8	10		לֹ֥א	3808	HTn	05r7x
16	8	11		תַעֲשֶׂ֖ה	6213 a	HVqi2ms	05K4Y
16	8	12		מְלָאכָֽה	4399	HNcfsa	05mRC
16	9	1		שִׁבְעָ֥ה	7651	HAcmsa	05ekW
16	9	2		שָׁבֻעֹ֖ת	7620	HNcmpa	05TdN
16	9	3		תִּסְפָּר	5608 a	HVqi2ms	05b8z
16	9	4		לָ֑/ךְ	l	HR/Sp2fs	05C3m
16	9	5		מֵ/הָחֵ֤ל	m/2490 c	HR/Vhc	05dM6
16	9	6		חֶרְמֵשׁ֙	2770	HNcmsa	05YiE
16	9	7		בַּ/קָּמָ֔ה	b/7054	HRd/Ncfsa	05ysi
16	9	8		תָּחֵ֣ל	2490 c	HVhi2ms	059hE
16	9	9		לִ/סְפֹּ֔ר	l/5608 a	HR/Vqc	05BLQ
16	9	10		שִׁבְעָ֖ה	7651	HAcmsa	05cxB
16	9	11		שָׁבֻעֽוֹת	7620	HNcmpa	05vpM
16	10	1		וְ/עָשִׂ֜יתָ	c/6213 a	HC/Vqq2ms	0577U
16	10	2		חַ֤ג	2282	HNcmsc	05soC
16	10	3		שָׁבֻעוֹת֙	7620	HNcmpa	05KuJ
16	10	4		לַ/יהוָ֣ה	l/3068	HR/Np	05Bms
16	10	5		אֱלֹהֶ֔י/ךָ	430	HNcmpc/Sp2ms	05Yx3
16	10	6		מִסַּ֛ת	4530	HNcfsc	05M8R
16	10	7		נִדְבַ֥ת	5071	HNcfsc	05sKN
16	10	8		יָדְ/ךָ֖	3027	HNcbsc/Sp2ms	05rif
16	10	9		אֲשֶׁ֣ר	834 a	HTr	05N8y
16	10	10		תִּתֵּ֑ן	5414	HVqi2ms	056Mt
16	10	11		כַּ/אֲשֶׁ֥ר	k/834 d	HR/Tr	05GDp
16	10	12		יְבָרֶכְ/ךָ֖	1288	HVpi3ms/Sp2ms	05vom
16	10	13		יְהוָ֥ה	3068	HNp	05oMx
16	10	14		אֱלֹהֶֽי/ךָ	430	HNcmpc/Sp2ms	05Gmc
16	11	1		וְ/שָׂמַחְתָּ֞	c/8055	HC/Vqq2ms	05Foo
16	11	2		לִ/פְנֵ֣י	l/6440	HR/Ncbpc	05yqJ
16	11	3		יְהוָ֣ה	3068	HNp	05mjf
16	11	4		אֱלֹהֶ֗י/ךָ	430	HNcmpc/Sp2ms	051pQ
16	11	5		אַתָּ֨ה	859 a	HPp2ms	05wkA
16	11	6		וּ/בִנְ/ךָ֣	c/1121 a	HC/Ncmsc/Sp2ms	05HpE
16	11	7		וּ/בִתֶּ/ךָ֮	c/1323	HC/Ncfsc/Sp2ms	05QRf
16	11	8		וְ/עַבְדְּ/ךָ֣	c/5650	HC/Ncmsc/Sp2ms	05Ywy
16	11	9		וַ/אֲמָתֶ/ךָ֒	c/519	HC/Ncfsc/Sp2ms	05oei
16	11	10		וְ/הַ/לֵּוִי֙	c/d/3881	HC/Td/Ngmsa	05AmM
16	11	11		אֲשֶׁ֣ר	834 a	HTr	05LQY
16	11	12		בִּ/שְׁעָרֶ֔י/ךָ	b/8179	HR/Ncmpc/Sp2ms	056XT
16	11	13		וְ/הַ/גֵּ֛ר	c/d/1616	HC/Td/Ncmsa	05cNh
16	11	14		וְ/הַ/יָּת֥וֹם	c/d/3490	HC/Td/Ncmsa	05tUA
16	11	15		וְ/הָ/אַלְמָנָ֖ה	c/d/490	HC/Td/Ncfsa	05EwY
16	11	16		אֲשֶׁ֣ר	834 a	HTr	05yE6
16	11	17		בְּ/קִרְבֶּ֑/ךָ	b/7130	HR/Ncmsc/Sp2ms	05bJR
16	11	18		בַּ/מָּק֗וֹם	b/4725	HRd/Ncmsa	056kx
16	11	19		אֲשֶׁ֤ר	834 a	HTr	05jXc
16	11	20		יִבְחַר֙	977	HVqi3ms	05YZS
16	11	21		יְהוָ֣ה	3068	HNp	05v51
16	11	22		אֱלֹהֶ֔י/ךָ	430	HNcmpc/Sp2ms	052Q9
16	11	23		לְ/שַׁכֵּ֥ן	l/7931	HR/Vpc	055Zv
16	11	24		שְׁמ֖/וֹ	8034	HNcmsc/Sp3ms	052n8
16	11	25		שָֽׁם	8033	HD	05XMf
16	12	1		וְ/זָ֣כַרְתָּ֔	c/2142	HC/Vqq2ms	05vjy
16	12	2		כִּי	3588 a	HC	0576d
16	12	3		עֶ֥בֶד	5650	HNcmsa	055wy
16	12	4		הָיִ֖יתָ	1961	HVqp2ms	05Sfp
16	12	5		בְּ/מִצְרָ֑יִם	b/4714	HR/Np	05w2M
16	12	6		וְ/שָׁמַרְתָּ֣	c/8104	HC/Vqq2ms	05N4i
16	12	7		וְ/עָשִׂ֔יתָ	c/6213 a	HC/Vqq2ms	0519Y
16	12	8		אֶת	853	HTo	059mG
16	12	9		הַֽ/חֻקִּ֖ים	d/2706	HTd/Ncmpa	05a7q
16	12	10		הָ/אֵֽלֶּה	d/428	HTd/Pdxcp	05cvq
16	13	1		חַ֧ג	2282	HNcmsc	05rxp
16	13	2		הַ/סֻּכֹּ֛ת	d/5521	HTd/Ncfpa	05wPK
16	13	3		תַּעֲשֶׂ֥ה	6213 a	HVqi2ms	05fvj
16	13	4		לְ/ךָ֖	l	HR/Sp2ms	05w3p
16	13	5		שִׁבְעַ֣ת	7651	HAcmsc	05Wk4
16	13	6		יָמִ֑ים	3117	HNcmpa	05Axf
16	13	7		בְּ/אָ֨סְפְּ/ךָ֔	b/622	HR/Vqc/Sp2ms	05puY
16	13	8		מִֽ/גָּרְנְ/ךָ֖	m/1637	HR/Ncbsc/Sp2ms	053Fa
16	13	9		וּ/מִ/יִּקְבֶֽ/ךָ	c/m/3342	HC/R/Ncmsc/Sp2ms	05PGg
16	14	1		וְ/שָׂמַחְתָּ֖	c/8055	HC/Vqq2ms	05fPg
16	14	2		בְּ/חַגֶּ֑/ךָ	b/2282	HR/Ncmsc/Sp2ms	05PNH
16	14	3		אַתָּ֨ה	859 a	HPp2ms	05u5F
16	14	4		וּ/בִנְ/ךָ֤	c/1121 a	HC/Ncmsc/Sp2ms	05czP
16	14	5		וּ/בִתֶּ֨/ךָ֙	c/1323	HC/Ncfsc/Sp2ms	05ktp
16	14	6		וְ/עַבְדְּ/ךָ֣	c/5650	HC/Ncmsc/Sp2ms	05zBm
16	14	7		וַ/אֲמָתֶ֔/ךָ	c/519	HC/Ncfsc/Sp2ms	05DPD
16	14	8		וְ/הַ/לֵּוִ֗י	c/d/3881	HC/Td/Ngmsa	05KfD
16	14	9		וְ/הַ/גֵּ֛ר	c/d/1616	HC/Td/Ncmsa	054D8
16	14	10		וְ/הַ/יָּת֥וֹם	c/d/3490	HC/Td/Ncmsa	05h9p
16	14	11		וְ/הָ/אַלְמָנָ֖ה	c/d/490	HC/Td/Ncfsa	05ofC
16	14	12		אֲשֶׁ֥ר	834 a	HTr	05qYG
16	14	13		בִּ/שְׁעָרֶֽי/ךָ	b/8179	HR/Ncmpc/Sp2ms	05k3C
16	15	1		שִׁבְעַ֣ת	7651	HAcmsc	0544D
16	15	2		יָמִ֗ים	3117	HNcmpa	05JuG
16	15	3		תָּחֹג֙	2287	HVqi2ms	05Std
16	15	4		לַ/יהוָ֣ה	l/3068	HR/Np	05V7p
16	15	5		אֱלֹהֶ֔י/ךָ	430	HNcmpc/Sp2ms	05sEg
16	15	6		בַּ/מָּק֖וֹם	b/4725	HRd/Ncmsa	05qYw
16	15	7		אֲשֶׁר	834 a	HTr	05gBf
16	15	8		יִבְחַ֣ר	977	HVqi3ms	05Uoj
16	15	9		יְהוָ֑ה	3068	HNp	05LLg
16	15	10		כִּ֣י	3588 a	HC	05pyP
16	15	11		יְבָרֶכְ/ךָ֞	1288	HVpi3ms/Sp2ms	05Eyr
16	15	12		יְהוָ֣ה	3068	HNp	05g2a
16	15	13		אֱלֹהֶ֗י/ךָ	430	HNcmpc/Sp2ms	053Lw
16	15	14		בְּ/כֹ֤ל	b/3605	HR/Ncmsc	05YMk
16	15	15		תְּבוּאָֽתְ/ךָ֙	8393	HNcfsc/Sp2ms	05wTg
16	15	16		וּ/בְ/כֹל֙	c/b/3605	HC/R/Ncmsc	05csp
16	15	17		מַעֲשֵׂ֣ה	4639	HNcmsc	05573
16	15	18		יָדֶ֔י/ךָ	3027	HNcbdc/Sp2ms	05xK6
16	15	19		וְ/הָיִ֖יתָ	c/1961	HC/Vqq2ms	05YnE
16	15	20		אַ֥ךְ	389	HTa	05HbH
16	15	21		שָׂמֵֽחַ	8056	HAamsa	05eZp
16	16	1		שָׁל֣וֹשׁ	7969	HAcfsa	05ZC6
16	16	2		פְּעָמִ֣ים	6471	HNcfpa	05bR3
16	16	3		בַּ/שָּׁנָ֡ה	b/8141	HRd/Ncfsa	05sVc
16	16	4		יֵרָאֶ֨ה	7200	HVNi3ms	053cA
16	16	5		כָל	3605	HNcmsc	05SNK
16	16	6		זְכוּרְ/ךָ֜	2138	HNcmsc/Sp2ms	05cHp
16	16	7		אֶת	853	HTo	05uat
16	16	8		פְּנֵ֣י	6440	HNcbpc	05oHU
16	16	9		יְהוָ֣ה	3068	HNp	058Rs
16	16	10		אֱלֹהֶ֗י/ךָ	430	HNcmpc/Sp2ms	05H3i
16	16	11		בַּ/מָּקוֹם֙	b/4725	HRd/Ncmsa	056TM
16	16	12		אֲשֶׁ֣ר	834 a	HTr	05hob
16	16	13		יִבְחָ֔ר	977	HVqi3ms	05BWa
16	16	14		בְּ/חַ֧ג	b/2282	HR/Ncmsc	05kxc
16	16	15		הַ/מַּצּ֛וֹת	d/4682	HTd/Ncfpa	055bN
16	16	16		וּ/בְ/חַ֥ג	c/b/2282	HC/R/Ncmsc	05Djm
16	16	17		הַ/שָּׁבֻע֖וֹת	d/7620	HTd/Ncmpa	05Qy5
16	16	18		וּ/בְ/חַ֣ג	c/b/2282	HC/R/Ncmsc	059mQ
16	16	19		הַ/סֻּכּ֑וֹת	d/5521	HTd/Ncfpa	05Lyh
16	16	20		וְ/לֹ֧א	c/3808	HC/Tn	05jPZ
16	16	21		יֵרָאֶ֛ה	7200	HVNi3ms	05gKU
16	16	22		אֶת	853	HTo	05ErM
16	16	23		פְּנֵ֥י	6440	HNcbpc	05p8S
16	16	24		יְהוָ֖ה	3068	HNp	05sub
16	16	25		רֵיקָֽם	7387	HD	05nQZ
16	17	1		אִ֖ישׁ	376	HNcmsa	05iuA
16	17	2		כְּ/מַתְּנַ֣ת	k/4979	HR/Ncfsc	058or
16	17	3		יָד֑/וֹ	3027	HNcbsc/Sp3ms	05w6p
16	17	4		כְּ/בִרְכַּ֛ת	k/1293	HR/Ncfsc	05zvK
16	17	5		יְהוָ֥ה	3068	HNp	05WN3
16	17	6		אֱלֹהֶ֖י/ךָ	430	HNcmpc/Sp2ms	05pAG
16	17	7		אֲשֶׁ֥ר	834 a	HTr	05EQq
16	17	8		נָֽתַן	5414	HVqp3ms	05sau
16	17	9		לָֽ/ךְ	l	HR/Sp2fs	051Ky
16	18	1		שֹׁפְטִ֣ים	8199	HVqrmpa	05biF
16	18	2		וְ/שֹֽׁטְרִ֗ים	c/7860	HC/Vqrmpa	05ZBP
16	18	3		תִּֽתֶּן	5414	HVqi2ms	05eMk
16	18	4		לְ/ךָ֙	l	HR/Sp2ms	05PGV
16	18	5		בְּ/כָל	b/3605	HR/Ncmsc	05g5K
16	18	6		שְׁעָרֶ֔י/ךָ	8179	HNcmpc/Sp2ms	054mW
16	18	7		אֲשֶׁ֨ר	834 a	HTr	05ubw
16	18	8		יְהוָ֧ה	3068	HNp	059CS
16	18	9		אֱלֹהֶ֛י/ךָ	430	HNcmpc/Sp2ms	05ozE
16	18	10		נֹתֵ֥ן	5414	HVqrmsa	05UZ9
16	18	11		לְ/ךָ֖	l	HR/Sp2ms	05mVu
16	18	12		לִ/שְׁבָטֶ֑י/ךָ	l/7626	HR/Ncmpc/Sp2ms	05yA5
16	18	13		וְ/שָׁפְט֥וּ	c/8199	HC/Vqq3cp	05ReA
16	18	14		אֶת	853	HTo	05uFV
16	18	15		הָ/עָ֖ם	d/5971 a	HTd/Ncmsa	055Ba
16	18	16		מִשְׁפַּט	4941	HNcmsc	05c29
16	18	17		צֶֽדֶק	6664	HNcmsa	05wMd
16	19	1		לֹא	3808	HTn	05YwG
16	19	2		תַטֶּ֣ה	5186	HVhi2ms	05eQh
16	19	3		מִשְׁפָּ֔ט	4941	HNcmsa	05k7y
16	19	4		לֹ֥א	3808	HTn	054Sa
16	19	5		תַכִּ֖יר	5234 a	HVhi2ms	05p3t
16	19	6		פָּנִ֑ים	6440	HNcbpa	05rzT
16	19	7		וְ/לֹא	c/3808	HC/Tn	05y5y
16	19	8		תִקַּ֣ח	3947	HVqi2ms	05BAD
16	19	9		שֹׁ֔חַד	7810	HNcmsa	05MMc
16	19	10		כִּ֣י	3588 a	HC	05MJT
16	19	11		הַ/שֹּׁ֗חַד	d/7810	HTd/Ncmsa	05w2K
16	19	12		יְעַוֵּר֙	5786	HVpi3ms	05NL7
16	19	13		עֵינֵ֣י	5869 a	HNcbdc	05d52
16	19	14		חֲכָמִ֔ים	2450	HAampa	05JUY
16	19	15		וִֽ/יסַלֵּ֖ף	c/5557	HC/Vpi3ms	05Be7
16	19	16		דִּבְרֵ֥י	1697	HNcmpc	05shA
16	19	17		צַדִּיקִֽם	6662	HAampa	05Hye
16	20	1		צֶ֥דֶק	6664	HNcmsa	05r3P
16	20	2		צֶ֖דֶק	6664	HNcmsa	05va1
16	20	3		תִּרְדֹּ֑ף	7291	HVqi2ms	05oPC
16	20	4		לְמַ֤עַן	4616	HR	05Psb
16	20	5		תִּֽחְיֶה֙	2421	HVqi2ms	05wFt
16	20	6		וְ/יָרַשְׁתָּ֣	c/3423	HC/Vqq2ms	05PpB
16	20	7		אֶת	853	HTo	05qNE
16	20	8		הָ/אָ֔רֶץ	d/776	HTd/Ncbsa	05Y2L
16	20	9		אֲשֶׁר	834 a	HTr	05yLU
16	20	10		יְהוָ֥ה	3068	HNp	058gt
16	20	11		אֱלֹהֶ֖י/ךָ	430	HNcmpc/Sp2ms	05JUV
16	20	12		נֹתֵ֥ן	5414	HVqrmsa	05ygy
16	20	13		לָֽ/ךְ	l	HR/Sp2fs	059Tr
16	21	1		לֹֽא	3808	HTn	05HZA
16	21	2		תִטַּ֥ע	5193	HVqi2ms	05N8P
16	21	3		לְ/ךָ֛	l	HR/Sp2ms	05XGD
16	21	4		אֲשֵׁרָ֖ה	842	HNp	05mBS
16	21	5		כָּל	3605	HNcmsc	05LeT
16	21	6		עֵ֑ץ	6086	HNcmsa	05TvU
16	21	7		אֵ֗צֶל	681	HR	05xHn
16	21	8		מִזְבַּ֛ח	4196	HNcmsc	05B3s
16	21	9		יְהוָ֥ה	3068	HNp	05CNE
16	21	10		אֱלֹהֶ֖י/ךָ	430	HNcmpc/Sp2ms	05gKa
16	21	11		אֲשֶׁ֥ר	834 a	HTr	05whP
16	21	12		תַּעֲשֶׂה	6213 a	HVqi2ms	05xd8
16	21	13		לָּֽ/ךְ	l	HR/Sp2fs	05TR3
16	22	1		וְ/לֹֽא	c/3808	HC/Tn	05mba
16	22	2		תָקִ֥ים	6965 b	HVhi2ms	05X9z
16	22	3		לְ/ךָ֖	l	HR/Sp2ms	05fix
16	22	4		מַצֵּבָ֑ה	4676	HNcfsa	05zu5
16	22	5		אֲשֶׁ֥ר	834 a	HTr	05jSS
16	22	6		שָׂנֵ֖א	8130	HVqp3ms	05B98
16	22	7		יְהוָ֥ה	3068	HNp	05tji
16	22	8		אֱלֹהֶֽי/ךָ	430	HNcmpc/Sp2ms	05Jsw
17	1	1		לֹא	3808	HTn	051GA
17	1	2		תִזְבַּח֩	2076	HVqi2ms	05p7f
17	1	3		לַ/יהוָ֨ה	l/3068	HR/Np	05E93
17	1	4		אֱלֹהֶ֜י/ךָ	430	HNcmpc/Sp2ms	05kqX
17	1	5		שׁ֣וֹר	7794	HNcmsa	051je
17	1	6		וָ/שֶׂ֗ה	c/7716	HC/Ncbsa	05zEj
17	1	7		אֲשֶׁ֨ר	834 a	HTr	05w3L
17	1	8		יִהְיֶ֥ה	1961	HVqi3ms	05FBV
17	1	9		ב/וֹ֙	b	HR/Sp3ms	05tZu
17	1	10		מ֔וּם	3971 b	HNcmsa	05ANB
17	1	11		כֹּ֖ל	3605	HNcmsc	05m5d
17	1	12		דָּבָ֣ר	1697	HNcmsa	05wc3
17	1	13		רָ֑ע	7451 a	HAamsa	05dLM
17	1	14		כִּ֧י	3588 a	HC	05Sk6
17	1	15		תוֹעֲבַ֛ת	8441	HNcfsc	05H1q
17	1	16		יְהוָ֥ה	3068	HNp	05RMp
17	1	17		אֱלֹהֶ֖י/ךָ	430	HNcmpc/Sp2ms	05DE1
17	1	18		הֽוּא	1931	HPp3ms	05JXW
17	2	1		כִּֽי	3588 a	HC	05PJn
17	2	2		יִמָּצֵ֤א	4672	HVNi3ms	05dXu
17	2	3		בְ/קִרְבְּ/ךָ֙	b/7130	HR/Ncmsc/Sp2ms	058oD
17	2	4		בְּ/אַחַ֣ד	b/259	HR/Acmsc	05YAs
17	2	5		שְׁעָרֶ֔י/ךָ	8179	HNcmpc/Sp2ms	05W4q
17	2	6		אֲשֶׁר	834 a	HTr	05N6D
17	2	7		יְהוָ֥ה	3068	HNp	05r3j
17	2	8		אֱלֹהֶ֖י/ךָ	430	HNcmpc/Sp2ms	05RbR
17	2	9		נֹתֵ֣ן	5414	HVqrmsa	05mrh
17	2	10		לָ֑/ךְ	l	HR/Sp2fs	05KDc
17	2	11		אִ֣ישׁ	376	HNcmsa	05dmB
17	2	12		אוֹ	176 a	HC	05Fg5
17	2	13		אִשָּׁ֗ה	802	HNcfsa	05D4Y
17	2	14		אֲשֶׁ֨ר	834 a	HTr	051yC
17	2	15		יַעֲשֶׂ֧ה	6213 a	HVqi3ms	05rrj
17	2	16		אֶת	853	HTo	05Rn4
17	2	17		הָ/רַ֛ע	d/7451 a	HTd/Aamsa	05nrC
17	2	18		בְּ/עֵינֵ֥י	b/5869 a	HR/Ncbdc	05USe
17	2	19		יְהוָֽה	3068	HNp	05jJP
17	2	20		אֱלֹהֶ֖י/ךָ	430	HNcmpc/Sp2ms	05Ds4
17	2	21		לַ/עֲבֹ֥ר	l/5674 a	HR/Vqc	05YfC
17	2	22		בְּרִיתֽ/וֹ	1285	HNcfsc/Sp3ms	05jFh
17	3	1		וַ/יֵּ֗לֶךְ	c/3212	HC/Vqw3ms	05h2q
17	3	2		וַֽ/יַּעֲבֹד֙	c/5647	HC/Vqw3ms	05VfW
17	3	3		אֱלֹהִ֣ים	430	HNcmpa	05ESV
17	3	4		אֲחֵרִ֔ים	312	HAampa	058Fj
17	3	5		וַ/יִּשְׁתַּ֖חוּ	c/7812	HC/Vtw3ms	05zrr
17	3	6		לָ/הֶ֑ם	l	HR/Sp3mp	05qEt
17	3	7		וְ/לַ/שֶּׁ֣מֶשׁ	c/l/8121	HC/Rd/Ncbsa	055gq
17	3	8		א֣וֹ	176 a	HC	05hDV
17	3	9		לַ/יָּרֵ֗חַ	l/3394	HRd/Ncmsa	05HYt
17	3	10		א֛וֹ	176 a	HC	05FAv
17	3	11		לְ/כָל	l/3605	HR/Ncmsc	05TWN
17	3	12		צְבָ֥א	6635 a	HNcbsc	05BfY
17	3	13		הַ/שָּׁמַ֖יִם	d/8064	HTd/Ncmpa	05Rad
17	3	14		אֲשֶׁ֥ר	834 a	HTr	05Gcy
17	3	15		לֹא	3808	HTn	05BLC
17	3	16		צִוִּֽיתִי	6680	HVpp1cs	05uvq
17	4	1		וְ/הֻֽגַּד	c/5046	HC/VHq3ms	05fwV
17	4	2		לְ/ךָ֖	l	HR/Sp2ms	05vpD
17	4	3		וְ/שָׁמָ֑עְתָּ	c/8085	HC/Vqq2ms	052F5
17	4	4		וְ/דָרַשְׁתָּ֣	c/1875	HC/Vqq2ms	05dHB
17	4	5		הֵיטֵ֔ב	3190	HVha	05A8D
17	4	6		וְ/הִנֵּ֤ה	c/2009	HC/Tm	05hrv
17	4	7		אֱמֶת֙	571	HNcfsa	05vzq
17	4	8		נָכ֣וֹן	3559 a	HVNrmsa	05RTB
17	4	9		הַ/דָּבָ֔ר	d/1697	HTd/Ncmsa	05rDJ
17	4	10		נֶעֶשְׂתָ֛ה	6213 a	HVNp3fs	05ZbD
17	4	11		הַ/תּוֹעֵבָ֥ה	d/8441	HTd/Ncfsa	05pe5
17	4	12		הַ/זֹּ֖את	d/2063	HTd/Pdxfs	05Gfh
17	4	13		בְּ/יִשְׂרָאֵֽל	b/3478	HR/Np	05sZ7
17	5	1		וְ/הֽוֹצֵאתָ֣	c/3318	HC/Vhq2ms	05xT5
17	5	2		אֶת	853	HTo	05PfR
17	5	3		הָ/אִ֣ישׁ	d/376	HTd/Ncmsa	05oeK
17	5	4		הַ/ה֡וּא	d/1931	HTd/Pp3ms	05poP
17	5	5		אוֹ֩	176 a	HC	05ZRV
17	5	6		אֶת	853	HTo	0585A
17	5	7		הָ/אִשָּׁ֨ה	d/802	HTd/Ncfsa	05NbA
17	5	8		הַ/הִ֜וא	d/1931	HTd/Pp3fs	05XRR
17	5	9		אֲשֶׁ֣ר	834 a	HTr	05cYP
17	5	10		עָ֠שׂוּ	6213 a	HVqp3cp	05gVU
17	5	11		אֶת	853	HTo	05r2X
17	5	12		הַ/דָּבָ֨ר	d/1697	HTd/Ncmsa	05Zzp
17	5	13		הָ/רָ֤ע	d/7451 a	HTd/Aamsa	05qoq
17	5	14		הַ/זֶּה֙	d/2088	HTd/Pdxms	05w9K
17	5	15		אֶל	413	HR	05dir
17	5	16		שְׁעָרֶ֔י/ךָ	8179	HNcmpc/Sp2ms	05E6H
17	5	17		אֶת	853	HTo	059ov
17	5	18		הָ/אִ֕ישׁ	d/376	HTd/Ncmsa	05BYz
17	5	19		א֖וֹ	176 a	HC	05HXB
17	5	20		אֶת	853	HTo	05TmX
17	5	21		הָ/אִשָּׁ֑ה	d/802	HTd/Ncfsa	05LiC
17	5	22		וּ/סְקַלְתָּ֥/ם	c/5619	HC/Vqq2ms/Sp3mp	058kj
17	5	23		בָּ/אֲבָנִ֖ים	b/68	HRd/Ncfpa	05mCW
17	5	24		וָ/מֵֽתוּ	c/4191	HC/Vqq3cp	05gqX
17	6	1		עַל	5921 a	HR	05Df6
17	6	2		פִּ֣י	6310	HNcmsc	05oMA
17	6	3		שְׁנַ֣יִם	8147	HAcmda	05Mcf
17	6	4		עֵדִ֗ים	5707	HNcmpa	05uXp
17	6	5		א֛וֹ	176 a	HC	058qn
17	6	6		שְׁלֹשָׁ֥ה	7969	HAcmsa	05DX6
17	6	7		עֵדִ֖ים	5707	HNcmpa	05A18
17	6	8		יוּמַ֣ת	4191	HVHi3ms	05iSv
17	6	9		הַ/מֵּ֑ת	d/4191	HTd/Vqrmsa	05qx9
17	6	10		לֹ֣א	3808	HTn	05qBT
17	6	11		יוּמַ֔ת	4191	HVHi3ms	05jYZ
17	6	12		עַל	5921 a	HR	05Az7
17	6	13		פִּ֖י	6310	HNcmsc	05d3f
17	6	14		עֵ֥ד	5707	HNcmsa	05byp
17	6	15		אֶחָֽד	259	HAcmsa	05pWc
17	7	1		יַ֣ד	3027	HNcbsc	05GcR
17	7	2		הָ/עֵדִ֞ים	d/5707	HTd/Ncmpa	05NKo
17	7	3		תִּֽהְיֶה	1961	HVqi3fs	05qzH
17	7	4		בּ֤/וֹ	b	HR/Sp3ms	05ADc
17	7	5		בָ/רִאשֹׁנָה֙	b/7223	HRd/Aafsa	05p3z
17	7	6		לַ/הֲמִית֔/וֹ	l/4191	HR/Vhc/Sp3ms	058BY
17	7	7		וְ/יַ֥ד	c/3027	HC/Ncbsc	05g6B
17	7	8		כָּל	3605	HNcmsc	054LX
17	7	9		הָ/עָ֖ם	d/5971 a	HTd/Ncmsa	05kze
17	7	10		בָּ/אַחֲרֹנָ֑ה	b/314	HRd/Aafsa	05CJA
17	7	11		וּ/בִֽעַרְתָּ֥	c/1197 a	HC/Vpq2ms	05FmZ
17	7	12		הָ/רָ֖ע	d/7451 b	HTd/Aamsa	05nZ5
17	7	13		מִ/קִּרְבֶּֽ/ךָ	m/7130	HR/Ncmsc/Sp2ms	05q5L
17	8	1		כִּ֣י	3588 a	HC	05htW
17	8	2		יִפָּלֵא֩	6381	HVNi3ms	05YCR
17	8	3		מִמְּ/ךָ֨	4480 a	HR/Sp2ms	05Tng
17	8	4		דָבָ֜ר	1697	HNcmsa	05AG9
17	8	5		לַ/מִּשְׁפָּ֗ט	l/4941	HRd/Ncmsa	05veU
17	8	6		בֵּֽין	996	HR	05CoA
17	8	7		דָּ֨ם	1818	HNcmsa	05rKD
17	8	8		לְ/דָ֜ם	l/1818	HR/Ncmsa	057RJ
17	8	9		בֵּֽין	996	HR	0557Q
17	8	10		דִּ֣ין	1779	HNcmsa	05SqN
17	8	11		לְ/דִ֗ין	l/1779	HR/Ncmsa	05AMy
17	8	12		וּ/בֵ֥ין	c/996	HC/R	05U3z
17	8	13		נֶ֨גַע֙	5061	HNcmsa	05SGK
17	8	14		לָ/נֶ֔גַע	l/5061	HR/Ncmsa	05Qtc
17	8	15		דִּבְרֵ֥י	1697	HNcmpc	05MiW
17	8	16		רִיבֹ֖ת	7379	HNcbpa	05LQC
17	8	17		בִּ/שְׁעָרֶ֑י/ךָ	b/8179	HR/Ncmpc/Sp2ms	053df
17	8	18		וְ/קַמְתָּ֣	c/6965 b	HC/Vqq2ms	0561t
17	8	19		וְ/עָלִ֔יתָ	c/5927	HC/Vqq2ms	05g9U
17	8	20		אֶל	413	HR	05J78
17	8	21		הַ/מָּק֔וֹם	d/4725	HTd/Ncmsa	05Mf9
17	8	22		אֲשֶׁ֥ר	834 a	HTr	05ARq
17	8	23		יִבְחַ֛ר	977	HVqi3ms	05W24
17	8	24		יְהוָ֥ה	3068	HNp	05Sau
17	8	25		אֱלֹהֶ֖י/ךָ	430	HNcmpc/Sp2ms	05sbY
17	8	26		בּֽ/וֹ	b	HR/Sp3ms	05oxz
17	9	1		וּ/בָאתָ֗	c/935	HC/Vqq2ms	05ZpB
17	9	2		אֶל	413	HR	051bx
17	9	3		הַ/כֹּהֲנִים֙	d/3548	HTd/Ncmpa	05xRA
17	9	4		הַ/לְוִיִּ֔ם	d/3881	HTd/Ngmpa	05CvE
17	9	5		וְ/אֶל	c/413	HC/R	05Naj
17	9	6		הַ/שֹּׁפֵ֔ט	d/8199	HTd/Vqrmsa	05mc7
17	9	7		אֲשֶׁ֥ר	834 a	HTr	05HDd
17	9	8		יִהְיֶ֖ה	1961	HVqi3ms	056Lu
17	9	9		בַּ/יָּמִ֣ים	b/3117	HRd/Ncmpa	05Bre
17	9	10		הָ/הֵ֑ם	d/1992	HTd/Pp3mp	05wyD
17	9	11		וְ/דָרַשְׁתָּ֙	c/1875	HC/Vqq2ms	059v5
17	9	12		וְ/הִגִּ֣ידוּ	c/5046	HC/Vhq3cp	05uBa
17	9	13		לְ/ךָ֔	l	HR/Sp2ms	056e3
17	9	14		אֵ֖ת	853	HTo	05Gmz
17	9	15		דְּבַ֥ר	1697	HNcmsc	054Zj
17	9	16		הַ/מִּשְׁפָּֽט	d/4941	HTd/Ncmsa	055jS
17	10	1		וְ/עָשִׂ֗יתָ	c/6213 a	HC/Vqq2ms	052oN
17	10	2		עַל	5921 a	HR	05xTt
17	10	3		פִּ֤י	6310	HNcmsc	059sn
17	10	4		הַ/דָּבָר֙	d/1697	HTd/Ncmsa	05Hwe
17	10	5		אֲשֶׁ֣ר	834 a	HTr	05pQs
17	10	6		יַגִּ֣ידֽוּ	5046	HVhi3mp	056DP
17	10	7		לְ/ךָ֔	l	HR/Sp2ms	05t2h
17	10	8		מִן	4480 a	HR	052HK
17	10	9		הַ/מָּק֣וֹם	d/4725	HTd/Ncmsa	05Ews
17	10	10		הַ/ה֔וּא	d/1931	HTd/Pp3ms	05PUW
17	10	11		אֲשֶׁ֖ר	834 a	HTr	05zuK
17	10	12		יִבְחַ֣ר	977	HVqi3ms	05JQu
17	10	13		יְהוָ֑ה	3068	HNp	05ErE
17	10	14		וְ/שָׁמַרְתָּ֣	c/8104	HC/Vqq2ms	05Lcm
17	10	15		לַ/עֲשׂ֔וֹת	l/6213 a	HR/Vqc	051X7
17	10	16		כְּ/כֹ֖ל	k/3605	HR/Ncmsa	0589D
17	10	17		אֲשֶׁ֥ר	834 a	HTr	05GQ6
17	10	18		יוֹרֽוּ/ךָ	3384 b	HVhi3mp/Sp2ms	05qbK
17	11	1		עַל	5921 a	HR	05iS8
17	11	2		פִּ֨י	6310	HNcmsc	05dHp
17	11	3		הַ/תּוֹרָ֜ה	d/8451	HTd/Ncfsa	05p5f
17	11	4		אֲשֶׁ֣ר	834 a	HTr	05DJ7
17	11	5		יוֹר֗וּ/ךָ	3384 b	HVhi3mp/Sp2ms	05cbQ
17	11	6		וְ/עַל	c/5921 a	HC/R	05xRe
17	11	7		הַ/מִּשְׁפָּ֛ט	d/4941	HTd/Ncmsa	05ZFs
17	11	8		אֲשֶׁר	834 a	HTr	05H6b
17	11	9		יֹאמְר֥וּ	559	HVqi3mp	05JGX
17	11	10		לְ/ךָ֖	l	HR/Sp2ms	05rb5
17	11	11		תַּעֲשֶׂ֑ה	6213 a	HVqi2ms	05saF
17	11	12		לֹ֣א	3808	HTn	05URH
17	11	13		תָס֗וּר	5493	HVqi2ms	054Bm
17	11	14		מִן	4480 a	HR	05AEb
17	11	15		הַ/דָּבָ֛ר	d/1697	HTd/Ncmsa	05aam
17	11	16		אֲשֶׁר	834 a	HTr	05LQ5
17	11	17		יַגִּ֥ידֽוּ	5046	HVhi3mp	05sB6
17	11	18		לְ/ךָ֖	l	HR/Sp2ms	05AD1
17	11	19		יָמִ֥ין	3225	HNcfsa	05VV7
17	11	20		וּ/שְׂמֹֽאל	c/8040	HC/Ncmsa	05trR
17	12	1		וְ/הָ/אִ֞ישׁ	c/d/376	HC/Td/Ncmsa	05xPR
17	12	2		אֲשֶׁר	834 a	HTr	05oKK
17	12	3		יַעֲשֶׂ֣ה	6213 a	HVqi3ms	05yyH
17	12	4		בְ/זָד֗וֹן	b/2087	HR/Ncmsa	05LPs
17	12	5		לְ/בִלְתִּ֨י	l/1115	HR/C	05XWM
17	12	6		שְׁמֹ֤עַ	8085	HVqc	05jwr
17	12	7		אֶל	413	HR	05qua
17	12	8		הַ/כֹּהֵן֙	d/3548	HTd/Ncmsa	05ky1
17	12	9		הָ/עֹמֵ֞ד	d/5975	HTd/Vqrmsa	05Ag3
17	12	10		לְ/שָׁ֤רֶת	l/8334	HR/Vpc	05PK4
17	12	11		שָׁם֙	8033	HD	05Dyz
17	12	12		אֶת	853	HTo	05zxQ
17	12	13		יְהוָ֣ה	3068	HNp	05TqK
17	12	14		אֱלֹהֶ֔י/ךָ	430	HNcmpc/Sp2ms	05bn2
17	12	15		א֖וֹ	176 a	HC	05ySt
17	12	16		אֶל	413	HR	05hyc
17	12	17		הַ/שֹּׁפֵ֑ט	d/8199	HTd/Vqrmsa	05vka
17	12	18		וּ/מֵת֙	c/4191	HC/Vqq3ms	05NTY
17	12	19		הָ/אִ֣ישׁ	d/376	HTd/Ncmsa	05nfk
17	12	20		הַ/ה֔וּא	d/1931	HTd/Pp3ms	05pd3
17	12	21		וּ/בִֽעַרְתָּ֥	c/1197 a	HC/Vpq2ms	05Ash
17	12	22		הָ/רָ֖ע	d/7451	HTd/Aamsa	059UV
17	12	23		מִ/יִּשְׂרָאֵֽל	m/3478	HR/Np	05n7q
17	13	1		וְ/כָל	c/3605	HC/Ncmsc	058XN
17	13	2		הָ/עָ֖ם	d/5971 a	HTd/Ncmsa	05bGY
17	13	3		יִשְׁמְע֣וּ	8085	HVqi3mp	05Sqa
17	13	4		וְ/יִרָ֑אוּ	c/3372	HC/Vqi3mp	05QV1
17	13	5		וְ/לֹ֥א	c/3808	HC/Tn	05CDj
17	13	6		יְזִיד֖וּ/ן	2102	HVhi3mp/Sn	05XFL
17	13	7		עֽוֹד	5750	HD	0597C
17	14	1		כִּֽי	3588 a	HC	05SXF
17	14	2		תָבֹ֣א	935	HVqi2ms	05gSv
17	14	3		אֶל	413	HR	05GF5
17	14	4		הָ/אָ֗רֶץ	d/776	HTd/Ncbsa	05XX2
17	14	5		אֲשֶׁ֨ר	834 a	HTr	05rFn
17	14	6		יְהוָ֤ה	3068	HNp	059SJ
17	14	7		אֱלֹהֶ֨י/ךָ֙	430	HNcmpc/Sp2ms	052Ps
17	14	8		נֹתֵ֣ן	5414	HVqrmsa	055gH
17	14	9		לָ֔/ךְ	l	HR/Sp2fs	05uuJ
17	14	10		וִֽ/ירִשְׁתָּ֖/הּ	c/3423	HC/Vqq2ms/Sp3fs	05FMm
17	14	11		וְ/יָשַׁ֣בְתָּה	c/3427	HC/Vqq2ms	05kNs
17	14	12		בָּ֑/הּ	b	HR/Sp3fs	05Rxh
17	14	13		וְ/אָמַרְתָּ֗	c/559	HC/Vqq2ms	05atm
17	14	14		אָשִׂ֤ימָה	7760 a	HVqh1cs	05XKf
17	14	15		עָלַ/י֙	5921 a	HR/Sp1cs	05vNz
17	14	16		מֶ֔לֶךְ	4428	HNcmsa	05oQN
17	14	17		כְּ/כָל	k/3605	HR/Ncmsc	056xQ
17	14	18		הַ/גּוֹיִ֖ם	d/1471 a	HTd/Ncmpa	05zcE
17	14	19		אֲשֶׁ֥ר	834 a	HTr	05rj8
17	14	20		סְבִיבֹתָֽ/י	5439	HNcbpc/Sp1cs	05Ap9
17	15	1		שׂ֣וֹם	7760 a	HVqa	05s51
17	15	2		תָּשִׂ֤ים	7760 a	HVqi2ms	05Xxq
17	15	3		עָלֶ֨י/ךָ֙	5921 a	HR/Sp2ms	05Hio
17	15	4		מֶ֔לֶךְ	4428	HNcmsa	05mRW
17	15	5		אֲשֶׁ֥ר	834 a	HTr	05BBb
17	15	6		יִבְחַ֛ר	977	HVqi3ms	0551b
17	15	7		יְהוָ֥ה	3068	HNp	05rJW
17	15	8		אֱלֹהֶ֖י/ךָ	430	HNcmpc/Sp2ms	054Xf
17	15	9		בּ֑/וֹ	b	HR/Sp3ms	05c89
17	15	10		מִ/קֶּ֣רֶב	m/7130	HR/Ncmsc	05AVx
17	15	11		אַחֶ֗י/ךָ	251	HNcmpc/Sp2ms	05cVH
17	15	12		תָּשִׂ֤ים	7760 a	HVqi2ms	05xda
17	15	13		עָלֶ֨י/ךָ֙	5921 a	HR/Sp2ms	05bZh
17	15	14		מֶ֔לֶךְ	4428	HNcmsa	05j6W
17	15	15		לֹ֣א	3808	HTn	05wgp
17	15	16		תוּכַ֗ל	3201	HVqi2ms	05cfF
17	15	17		לָ/תֵ֤ת	l/5414	HR/Vqc	05UXY
17	15	18		עָלֶ֨י/ךָ֙	5921 a	HR/Sp2ms	05iwQ
17	15	19		אִ֣ישׁ	376	HNcmsa	05A33
17	15	20		נָכְרִ֔י	5237	HAamsa	05BF1
17	15	21		אֲשֶׁ֥ר	834 a	HTr	05xsk
17	15	22		לֹֽא	3808	HTn	05CmJ
17	15	23		אָחִ֖י/ךָ	251	HNcmsc/Sp2ms	05Q6h
17	15	24		הֽוּא	1931	HPp3ms	05RXX
17	16	1		רַק֮	7535	HTa	053ku
17	16	2		לֹא	3808	HTn	05VvV
17	16	3		יַרְבֶּה	7235 a	HVhi3ms	0552W
17	16	4		לּ֣/וֹ	l	HR/Sp3ms	05FHV
17	16	5		סוּסִים֒	5483 b	HNcmpa	05vLx
17	16	6		וְ/לֹֽא	c/3808	HC/Tn	05E9J
17	16	7		יָשִׁ֤יב	7725	HVhi3ms	05Ywv
17	16	8		אֶת	853	HTo	05XxP
17	16	9		הָ/עָם֙	d/5971 a	HTd/Ncmsa	05NpM
17	16	10		מִצְרַ֔יְמָ/ה	4714	HNp/Sd	056bK
17	16	11		לְמַ֖עַן	4616	HR	05Xp8
17	16	12		הַרְבּ֣וֹת	7235 a	HVhc	05Ec1
17	16	13		ס֑וּס	5483 b	HNcmsa	05WDd
17	16	14		וַֽ/יהוָה֙	c/3068	HC/Np	05H54
17	16	15		אָמַ֣ר	559	HVqp3ms	05UQb
17	16	16		לָ/כֶ֔ם	l	HR/Sp2mp	051hg
17	16	17		לֹ֣א	3808	HTn	05Fdw
17	16	18		תֹסִפ֗וּ/ן	3254	HVhi2mp/Sn	052kE
17	16	19		לָ/שׁ֛וּב	l/7725	HR/Vqc	05Spd
17	16	20		בַּ/דֶּ֥רֶךְ	b/1870	HRd/Ncbsa	05dd7
17	16	21		הַ/זֶּ֖ה	d/2088	HTd/Pdxms	05153
17	16	22		עֽוֹד	5750	HD	05hYW
17	17	1		וְ/לֹ֤א	c/3808	HC/Tn	05QQR
17	17	2		יַרְבֶּה	7235 a	HVhi3ms	05j1m
17	17	3		לּ/וֹ֙	l	HR/Sp3ms	05iCq
17	17	4		נָשִׁ֔ים	802	HNcfpa	057jm
17	17	5		וְ/לֹ֥א	c/3808	HC/Tn	05aBh
17	17	6		יָס֖וּר	5493	HVqi3ms	05PWQ
17	17	7		לְבָב֑/וֹ	3824	HNcmsc/Sp3ms	0511E
17	17	8		וְ/כֶ֣סֶף	c/3701	HC/Ncmsa	05Qi4
17	17	9		וְ/זָהָ֔ב	c/2091	HC/Ncmsa	05J3C
17	17	10		לֹ֥א	3808	HTn	05JvL
17	17	11		יַרְבֶּה	7235 a	HVhi3ms	05kuj
17	17	12		לּ֖/וֹ	l	HR/Sp3ms	05Eg2
17	17	13		מְאֹֽד	3966	HD	05MeU
17	18	1		וְ/הָיָ֣ה	c/1961	HC/Vqq3ms	05Ap7
17	18	2		כְ/שִׁבְתּ֔/וֹ	k/3427	HR/Vqc/Sp3ms	05SX8
17	18	3		עַ֖ל	5921 a	HR	05VEh
17	18	4		כִּסֵּ֣א	3678	HNcmsc	057PM
17	18	5		מַמְלַכְתּ֑/וֹ	4467	HNcfsc/Sp3ms	05S3p
17	18	6		וְ/כָ֨תַב	c/3789	HC/Vqq3ms	05Cjf
17	18	7		ל֜/וֹ	l	HR/Sp3ms	059Hn
17	18	8		אֶת	853	HTo	05ATZ
17	18	9		מִשְׁנֵ֨ה	4932	HNcmsc	05sm7
17	18	10		הַ/תּוֹרָ֤ה	d/8451	HTd/Ncfsa	05KBq
17	18	11		הַ/זֹּאת֙	d/2063	HTd/Pdxfs	05444
17	18	12		עַל	5921 a	HR	05af4
17	18	13		סֵ֔פֶר	5612 a	HNcmsa	05aur
17	18	14		מִ/לִּ/פְנֵ֥י	m/l/6440	HR/R/Ncbpc	05miR
17	18	15		הַ/כֹּהֲנִ֖ים	d/3548	HTd/Ncmpa	05SkN
17	18	16		הַ/לְוִיִּֽם	d/3881	HTd/Ngmpa	05REw
17	19	1		וְ/הָיְתָ֣ה	c/1961	HC/Vqq3fs	05Jvd
17	19	2		עִמּ֔/וֹ	5973 a	HR/Sp3ms	05or5
17	19	3		וְ/קָ֥רָא	c/7121	HC/Vqq3ms	052gE
17	19	4		ב֖/וֹ	b	HR/Sp3ms	05TCm
17	19	5		כָּל	3605	HNcmsc	053Fz
17	19	6		יְמֵ֣י	3117	HNcmpc	05vxS
17	19	7		חַיָּ֑י/ו	2416 e	HNcmpc/Sp3ms	05QBy
17	19	8		לְמַ֣עַן	4616	HR	05HPx
17	19	9		יִלְמַ֗ד	3925	HVqi3ms	05K2T
17	19	10		לְ/יִרְאָה֙	l/3372	HR/Vqc	05JVT
17	19	11		אֶת	853	HTo	05HN7
17	19	12		יְהוָ֣ה	3068	HNp	05VhQ
17	19	13		אֱלֹהָ֔י/ו	430	HNcmpc/Sp3ms	05uUs
17	19	14		לִ֠/שְׁמֹר	l/8104	HR/Vqc	05YLv
17	19	15		אֶֽת	853	HTo	05yjM
17	19	16		כָּל	3605	HNcmsc	05CzW
17	19	17		דִּבְרֵ֞י	1697	HNcmpc	05ewW
17	19	18		הַ/תּוֹרָ֥ה	d/8451	HTd/Ncfsa	059mZ
17	19	19		הַ/זֹּ֛את	d/2063	HTd/Pdxfs	05rYQ
17	19	20		וְ/אֶת	c/853	HC/To	059hw
17	19	21		הַ/חֻקִּ֥ים	d/2706	HTd/Ncmpa	05bTH
17	19	22		הָ/אֵ֖לֶּה	d/428	HTd/Pdxcp	05gBC
17	19	23		לַ/עֲשֹׂתָֽ/ם	l/6213 a	HR/Vqc/Sp3mp	05kqr
17	20	1		לְ/בִלְתִּ֤י	l/1115	HR/C	05Lp8
17	20	2		רוּם	7311 a	HVqc	05d64
17	20	3		לְבָב/וֹ֙	3824	HNcmsc/Sp3ms	05iFq
17	20	4		מֵֽ/אֶחָ֔י/ו	m/251	HR/Ncmpc/Sp3ms	05vxK
17	20	5		וּ/לְ/בִלְתִּ֛י	c/l/1115	HC/R/C	05yof
17	20	6		ס֥וּר	5493	HVqc	05oDp
17	20	7		מִן	4480 a	HR	05QAJ
17	20	8		הַ/מִּצְוָ֖ה	d/4687	HTd/Ncfsa	05bhk
17	20	9		יָמִ֣ין	3225	HNcfsa	05CGK
17	20	10		וּ/שְׂמֹ֑אול	c/8040	HC/Ncmsa	05XkE
17	20	11		לְמַעַן֩	4616	HR	05LaG
17	20	12		יַאֲרִ֨יךְ	748	HVhi3ms	053RD
17	20	13		יָמִ֧ים	3117	HNcmpa	05rid
17	20	14		עַל	5921 a	HR	05Evb
17	20	15		מַמְלַכְתּ֛/וֹ	4467	HNcfsc/Sp3ms	05fAh
17	20	16		ה֥וּא	1931	HPp3ms	05VTn
17	20	17		וּ/בָנָ֖י/ו	c/1121 a	HC/Ncmpc/Sp3ms	051Ff
17	20	18		בְּ/קֶ֥רֶב	b/7130	HR/Ncmsc	05TqE
17	20	19		יִשְׂרָאֵֽל	3478	HNp	0558v
18	1	1		לֹֽא	3808	HTn	05f5S
18	1	2		יִ֠הְיֶה	1961	HVqi3ms	05R8R
18	1	3		לַ/כֹּהֲנִ֨ים	l/3548	HRd/Ncmpa	053G3
18	1	4		הַ/לְוִיִּ֜ם	d/3881	HTd/Ngmpa	05ShE
18	1	5		כָּל	3605	HNcmsc	05xk4
18	1	6		שֵׁ֧בֶט	7626	HNcmsc	05SvA
18	1	7		לֵוִ֛י	3878	HNp	05cZL
18	1	8		חֵ֥לֶק	2506 a	HNcmsa	05wcc
18	1	9		וְ/נַחֲלָ֖ה	c/5159	HC/Ncfsa	055Bn
18	1	10		עִם	5973 a	HR	05mD7
18	1	11		יִשְׂרָאֵ֑ל	3478	HNp	05jiL
18	1	12		אִשֵּׁ֧י	801	HNcmpc	05id5
18	1	13		יְהוָ֛ה	3068	HNp	05UWS
18	1	14		וְ/נַחֲלָת֖/וֹ	c/5159	HC/Ncfsc/Sp3ms	05oQp
18	1	15		יֹאכֵלֽוּ/ן	398	HVqi3mp/Sn	05yDf
18	2	1		וְ/נַחֲלָ֥ה	c/5159	HC/Ncfsa	05zJN
18	2	2		לֹא	3808	HTn	05Wfy
18	2	3		יִֽהְיֶה	1961	HVqi3ms	05f69
18	2	4		לּ֖/וֹ	l	HR/Sp3ms	05hnq
18	2	5		בְּ/קֶ֣רֶב	b/7130	HR/Ncmsc	059UP
18	2	6		אֶחָ֑י/ו	251	HNcmpc/Sp3ms	05WgV
18	2	7		יְהוָה֙	3068	HNp	05cVd
18	2	8		ה֣וּא	1931	HPp3ms	052xb
18	2	9		נַחֲלָת֔/וֹ	5159	HNcfsc/Sp3ms	05yF8
18	2	10		כַּ/אֲשֶׁ֖ר	k/834 d	HR/Tr	05aHR
18	2	11		דִּבֶּר	1696	HVpp3ms	058sC
18	2	12		לֽ/וֹ	l	HR/Sp3ms	05ure
18	3	1		וְ/זֶ֡ה	c/2088	HC/Pdxms	05RJK
18	3	2		יִהְיֶה֩	1961	HVqi3ms	05uCp
18	3	3		מִשְׁפַּ֨ט	4941	HNcmsc	05iNC
18	3	4		הַ/כֹּהֲנִ֜ים	d/3548	HTd/Ncmpa	059jD
18	3	5		מֵ/אֵ֣ת	m/854	HR/R	05DTS
18	3	6		הָ/עָ֗ם	d/5971 a	HTd/Ncmsa	05LQV
18	3	7		מֵ/אֵ֛ת	m/854	HR/R	05fA6
18	3	8		זֹבְחֵ֥י	2076	HVqrmpc	057Rw
18	3	9		הַ/זֶּ֖בַח	d/2077	HTd/Ncmsa	05XN3
18	3	10		אִם	518 a	HC	05PHo
18	3	11		שׁ֣וֹר	7794	HNcmsa	05RKm
18	3	12		אִם	518 a	HC	05PbU
18	3	13		שֶׂ֑ה	7716	HNcbsa	05rD6
18	3	14		וְ/נָתַן֙	c/5414	HC/Vqq3ms	05dL6
18	3	15		לַ/כֹּהֵ֔ן	l/3548	HRd/Ncmsa	05ZyC
18	3	16		הַ/זְּרֹ֥עַ	d/2220	HTd/Ncbsa	05pxD
18	3	17		וְ/הַ/לְּחָיַ֖יִם	c/d/3895	HC/Td/Ncbda	05NTM
18	3	18		וְ/הַ/קֵּבָֽה	c/d/6896	HC/Td/Ncfsa	05BVM
18	4	1		רֵאשִׁ֨ית	7225	HNcfsc	051Fv
18	4	2		דְּגָֽנְ/ךָ֜	1715	HNcmsc/Sp2ms	05G37
18	4	3		תִּֽירֹשְׁ/ךָ֣	8492	HNcmsc/Sp2ms	05GtA
18	4	4		וְ/יִצְהָרֶ֗/ךָ	c/3323	HC/Ncmsc/Sp2ms	056Lg
18	4	5		וְ/רֵאשִׁ֛ית	c/7225	HC/Ncfsc	05m6w
18	4	6		גֵּ֥ז	1488	HNcmsc	05ioA
18	4	7		צֹאנְ/ךָ֖	6629	HNcbsc/Sp2ms	05BVU
18	4	8		תִּתֶּן	5414	HVqi2ms	051vd
18	4	9		לּֽ/וֹ	l	HR/Sp3ms	05FE1
18	5	1		כִּ֣י	3588 a	HC	05FQw
18	5	2		ב֗/וֹ	b	HR/Sp3ms	057J8
18	5	3		בָּחַ֛ר	977	HVqp3ms	05qCk
18	5	4		יְהוָ֥ה	3068	HNp	05Y7B
18	5	5		אֱלֹהֶ֖י/ךָ	430	HNcmpc/Sp2ms	05pJg
18	5	6		מִ/כָּל	m/3605	HR/Ncmsc	05ePU
18	5	7		שְׁבָטֶ֑י/ךָ	7626	HNcmpc/Sp2ms	05QRm
18	5	8		לַ/עֲמֹ֨ד	l/5975	HR/Vqc	05sjY
18	5	9		לְ/שָׁרֵ֧ת	l/8334	HR/Vpc	05LFe
18	5	10		בְּ/שֵׁם	b/8034	HR/Ncmsc	05HZs
18	5	11		יְהוָ֛ה	3068	HNp	05MMZ
18	5	12		ה֥וּא	1931	HPp3ms	05iuh
18	5	13		וּ/בָנָ֖י/ו	c/1121 a	HC/Ncmpc/Sp3ms	051TP
18	5	14		כָּל	3605	HNcmsc	05Muu
18	5	15		הַ/יָּמִֽים	d/3117	HTd/Ncmpa	05JXG
18	6	1		וְ/כִֽי	c/3588 a	HC/C	05V7e
18	6	2		יָבֹ֨א	935	HVqi3ms	05zEv
18	6	3		הַ/לֵּוִ֜י	d/3881	HTd/Ngmsa	05Az9
18	6	4		מֵ/אַחַ֤ד	m/259	HR/Acmsc	05KsP
18	6	5		שְׁעָרֶ֨י/ךָ֙	8179	HNcmpc/Sp2ms	0557u
18	6	6		מִ/כָּל	m/3605	HR/Ncmsc	05XUn
18	6	7		יִשְׂרָאֵ֔ל	3478	HNp	05mnU
18	6	8		אֲשֶׁר	834 a	HTr	053uB
18	6	9		ה֖וּא	1931	HPp3ms	05bE2
18	6	10		גָּ֣ר	1481 a	HVqrmsa	05kyK
18	6	11		שָׁ֑ם	8033	HD	05AcS
18	6	12		וּ/בָא֙	c/935	HC/Vqq3ms	05Ui1
18	6	13		בְּ/כָל	b/3605	HR/Ncmsc	05qzt
18	6	14		אַוַּ֣ת	185	HNcfsc	051Yv
18	6	15		נַפְשׁ֔/וֹ	5315	HNcbsc/Sp3ms	05unw
18	6	16		אֶל	413	HR	05xed
18	6	17		הַ/מָּק֖וֹם	d/4725	HTd/Ncmsa	05Ld9
18	6	18		אֲשֶׁר	834 a	HTr	05mVS
18	6	19		יִבְחַ֥ר	977	HVqi3ms	05LHh
18	6	20		יְהוָֽה	3068	HNp	05vvz
18	7	1		וְ/שֵׁרֵ֕ת	c/8334	HC/Vpq3ms	05h7f
18	7	2		בְּ/שֵׁ֖ם	b/8034	HR/Ncmsc	05ai6
18	7	3		יְהוָ֣ה	3068	HNp	05PHM
18	7	4		אֱלֹהָ֑י/ו	430	HNcmpc/Sp3ms	05Loh
18	7	5		כְּ/כָל	k/3605	HR/Ncmsc	05jbt
18	7	6		אֶחָי/ו֙	251	HNcmpc/Sp3ms	05whp
18	7	7		הַ/לְוִיִּ֔ם	d/3881	HTd/Ngmpa	05DeS
18	7	8		הָ/עֹמְדִ֥ים	d/5975	HTd/Vqrmpa	05TDX
18	7	9		שָׁ֖ם	8033	HD	05kew
18	7	10		לִ/פְנֵ֥י	l/6440	HR/Ncbpc	054a7
18	7	11		יְהוָֽה	3068	HNp	05Vw1
18	8	1		חֵ֥לֶק	2506 a	HNcmsa	05AbP
18	8	2		כְּ/חֵ֖לֶק	k/2506 a	HR/Ncmsa	05XC7
18	8	3		יֹאכֵ֑לוּ	398	HVqi3mp	05kSM
18	8	4		לְ/בַ֥ד	l/905	HR/Ncmsa	057Wp
18	8	5		מִמְכָּרָ֖י/ו	4465	HNcmpc/Sp3ms	05i1E
18	8	6		עַל	5921 a	HR	05Aby
18	8	7		הָ/אָבֽוֹת	d/1	HTd/Ncmpa	05dEB
18	9	1		כִּ֤י	3588 a	HC	05fQk
18	9	2		אַתָּה֙	859 a	HPp2ms	05bgn
18	9	3		בָּ֣א	935	HVqrmsa	05TM2
18	9	4		אֶל	413	HR	05k7d
18	9	5		הָ/אָ֔רֶץ	d/776	HTd/Ncbsa	05WXj
18	9	6		אֲשֶׁר	834 a	HTr	05Dkb
18	9	7		יְהוָ֥ה	3068	HNp	05JBA
18	9	8		אֱלֹהֶ֖י/ךָ	430	HNcmpc/Sp2ms	05ZFp
18	9	9		נֹתֵ֣ן	5414	HVqrmsa	05jzs
18	9	10		לָ֑/ךְ	l	HR/Sp2fs	05SJc
18	9	11		לֹֽא	3808	HTn	05drC
18	9	12		תִלְמַ֣ד	3925	HVqi2ms	05UiC
18	9	13		לַ/עֲשׂ֔וֹת	l/6213 a	HR/Vqc	05qKv
18	9	14		כְּ/תוֹעֲבֹ֖ת	k/8441	HR/Ncfpc	05CuC
18	9	15		הַ/גּוֹיִ֥ם	d/1471 a	HTd/Ncmpa	05CZ7
18	9	16		הָ/הֵֽם	d/1992	HTd/Pp3mp	05vXD
18	10	1		לֹֽא	3808	HTn	05Ph4
18	10	2		יִמָּצֵ֣א	4672	HVNi3ms	05YV4
18	10	3		בְ/ךָ֔	b	HR/Sp2ms	05XUH
18	10	4		מַעֲבִ֥יר	5674 a	HVhrmsa	051ZZ
18	10	5		בְּנֽ/וֹ	1121 a	HNcmsc/Sp3ms	05QGw
18	10	6		וּ/בִתּ֖/וֹ	c/1323	HC/Ncfsc/Sp3ms	05phZ
18	10	7		בָּ/אֵ֑שׁ	b/784	HRd/Ncbsa	05ytA
18	10	8		קֹסֵ֣ם	7081	HVqrmsa	05dor
18	10	9		קְסָמִ֔ים	7080	HNcmpa	05kRt
18	10	10		מְעוֹנֵ֥ן	6049 b	HVmrmsa	05p5S
18	10	11		וּ/מְנַחֵ֖שׁ	c/5172	HC/Vprmsa	056AX
18	10	12		וּ/מְכַשֵּֽׁף	c/3784	HC/Vprmsa	05rCA
18	11	1		וְ/חֹבֵ֖ר	c/2266	HC/Vqrmsa	05st4
18	11	2		חָ֑בֶר	2267	HNcmsa	05xDN
18	11	3		וְ/שֹׁאֵ֥ל	c/7592	HC/Vqrmsa	05uhF
18	11	4		אוֹב֙	178	HNcmsa	05Feh
18	11	5		וְ/יִדְּעֹנִ֔י	c/3049	HC/Ncmsa	05Uiv
18	11	6		וְ/דֹרֵ֖שׁ	c/1875	HC/Vqrmsa	05qY1
18	11	7		אֶל	413	HR	05Eh1
18	11	8		הַ/מֵּתִֽים	d/4191	HTd/Vqrmpa	05TcL
18	12	1		כִּֽי	3588 a	HC	0557W
18	12	2		תוֹעֲבַ֥ת	8441	HNcfsc	058WE
18	12	3		יְהוָ֖ה	3068	HNp	05sZh
18	12	4		כָּל	3605	HNcmsc	05hW6
18	12	5		עֹ֣שֵׂה	6213 a	HVqrmsc	05Fjn
18	12	6		אֵ֑לֶּה	428	HPdxcp	05NMJ
18	12	7		וּ/בִ/גְלַל֙	c/b/1558	HC/R/Ncmsc	05KgD
18	12	8		הַ/תּוֹעֵבֹ֣ת	d/8441	HTd/Ncfpa	05o41
18	12	9		הָ/אֵ֔לֶּה	d/428	HTd/Pdxcp	05Q19
18	12	10		יְהוָ֣ה	3068	HNp	05M82
18	12	11		אֱלֹהֶ֔י/ךָ	430	HNcmpc/Sp2ms	05FQt
18	12	12		מוֹרִ֥ישׁ	3423	HVhrmsa	056U3
18	12	13		אוֹתָ֖/ם	853	HTo/Sp3mp	0577g
18	12	14		מִ/פָּנֶֽי/ךָ	m/6440	HR/Ncbpc/Sp2ms	05Njc
18	13	1		תָּמִ֣ים	8549	HAamsa	05vvs
18	13	2		תִּֽהְיֶ֔ה	1961	HVqi2ms	05kh1
18	13	3		עִ֖ם	5973 a	HR	05HfB
18	13	4		יְהוָ֥ה	3068	HNp	051Hv
18	13	5		אֱלֹהֶֽי/ךָ	430	HNcmpc/Sp2ms	05y4b
18	14	1		כִּ֣י	3588 a	HC	05ULW
18	14	2		הַ/גּוֹיִ֣ם	d/1471 a	HTd/Ncmpa	05GUN
18	14	3		הָ/אֵ֗לֶּה	d/428	HTd/Pdxcp	05yfp
18	14	4		אֲשֶׁ֤ר	834 a	HTr	05szn
18	14	5		אַתָּה֙	859 a	HPp2ms	05334
18	14	6		יוֹרֵ֣שׁ	3423	HVqrmsa	05Qde
18	14	7		אוֹתָ֔/ם	853	HTo/Sp3mp	05K62
18	14	8		אֶל	413	HR	05dBK
18	14	9		מְעֹנְנִ֥ים	6049 b	HVmrmpa	05J89
18	14	10		וְ/אֶל	c/413	HC/R	05iLi
18	14	11		קֹסְמִ֖ים	7080	HVqrmpa	05tFm
18	14	12		יִשְׁמָ֑עוּ	8085	HVqi3mp	05kxU
18	14	13		וְ/אַתָּ֕ה	c/859 a	HC/Pp2ms	05Wsw
18	14	14		לֹ֣א	3808	HTn	05BjS
18	14	15		כֵ֔ן	3651 c	HD	05Xcv
18	14	16		נָ֛תַן	5414	HVqp3ms	05PRu
18	14	17		לְ/ךָ֖	l	HR/Sp2ms	05mZG
18	14	18		יְהוָ֥ה	3068	HNp	05BVn
18	14	19		אֱלֹהֶֽי/ךָ	430	HNcmpc/Sp2ms	05FZr
18	15	1		נָבִ֨יא	5030	HNcmsa	05upQ
18	15	2		מִ/קִּרְבְּ/ךָ֤	m/7130	HR/Ncmsc/Sp2ms	05VzQ
18	15	3		מֵ/אַחֶ֨י/ךָ֙	m/251	HR/Ncmpc/Sp2ms	05Ym9
18	15	4		כָּמֹ֔/נִי	3644	HR/Sp1cs	05xhV
18	15	5		יָקִ֥ים	6965 b	HVhi3ms	05rLw
18	15	6		לְ/ךָ֖	l	HR/Sp2ms	05tc3
18	15	7		יְהוָ֣ה	3068	HNp	05Asj
18	15	8		אֱלֹהֶ֑י/ךָ	430	HNcmpc/Sp2ms	05ZFJ
18	15	9		אֵלָ֖י/ו	413	HR/Sp3ms	05G2v
18	15	10		תִּשְׁמָעֽוּ/ן	8085	HVqi2mp/Sn	05pGd
18	16	1		כְּ/כֹ֨ל	k/3605	HR/Ncmsa	05S8b
18	16	2		אֲשֶׁר	834 a	HTr	05QfR
18	16	3		שָׁאַ֜לְתָּ	7592	HVqp2ms	05a9L
18	16	4		מֵ/עִ֨ם	m/5973 b	HR/R	0587i
18	16	5		יְהוָ֤ה	3068	HNp	05HbV
18	16	6		אֱלֹהֶ֨י/ךָ֙	430	HNcmpc/Sp2ms	058Ef
18	16	7		בְּ/חֹרֵ֔ב	b/2722	HR/Np	05Jx8
18	16	8		בְּ/י֥וֹם	b/3117	HR/Ncmsc	05BdY
18	16	9		הַ/קָּהָ֖ל	d/6951	HTd/Ncmsa	05Wgk
18	16	10		לֵ/אמֹ֑ר	l/559	HR/Vqc	057KL
18	16	11		לֹ֣א	3808	HTn	05uD3
18	16	12		אֹסֵ֗ף	3254	HVhi1cs	05Chs
18	16	13		לִ/שְׁמֹ֨עַ֙	l/8085	HR/Vqc	05yyk
18	16	14		אֶת	853	HTo	05hcZ
18	16	15		קוֹל֙	6963 a	HNcmsc	05dNA
18	16	16		יְהוָ֣ה	3068	HNp	05RpE
18	16	17		אֱלֹהָ֔/י	430	HNcmpc/Sp1cs	05q3b
18	16	18		וְ/אֶת	c/853	HC/To	05PeM
18	16	19		הָ/אֵ֨שׁ	d/784	HTd/Ncbsa	05RXz
18	16	20		הַ/גְּדֹלָ֥ה	d/1419 a	HTd/Aafsa	05aju
18	16	21		הַ/זֹּ֛את	d/2063	HTd/Pdxfs	059mk
18	16	22		לֹֽא	3808	HTn	05dWz
18	16	23		אֶרְאֶ֥ה	7200	HVqi1cs	05hpc
18	16	24		ע֖וֹד	5750	HD	0565B
18	16	25		וְ/לֹ֥א	c/3808	HC/Tn	0559k
18	16	26		אָמֽוּת	4191	HVqi1cs	05G4x
18	17	1		וַ/יֹּ֥אמֶר	c/559	HC/Vqw3ms	05D9r
18	17	2		יְהוָ֖ה	3068	HNp	05Fn5
18	17	3		אֵלָ֑/י	413	HR/Sp1cs	05u2c
18	17	4		הֵיטִ֖יבוּ	3190	HVhp3cp	05aLU
18	17	5		אֲשֶׁ֥ר	834 a	HTr	05zxD
18	17	6		דִּבֵּֽרוּ	1696	HVpp3cp	05qCS
18	18	1		נָבִ֨יא	5030	HNcmsa	05Rt6
18	18	2		אָקִ֥ים	6965 b	HVhi1cs	05fKp
18	18	3		לָ/הֶ֛ם	l	HR/Sp3mp	05Zcg
18	18	4		מִ/קֶּ֥רֶב	m/7130	HR/Ncmsc	05ySA
18	18	5		אֲחֵי/הֶ֖ם	251	HNcmpc/Sp3mp	05qsK
18	18	6		כָּמ֑וֹ/ךָ	3644	HR/Sp2ms	05dUR
18	18	7		וְ/נָתַתִּ֤י	c/5414	HC/Vqq1cs	05Xge
18	18	8		דְבָרַ/י֙	1697	HNcmpc/Sp1cs	05cxE
18	18	9		בְּ/פִ֔י/ו	b/6310	HR/Ncmsc/Sp3ms	05NhT
18	18	10		וְ/דִבֶּ֣ר	c/1696	HC/Vpq3ms	058rt
18	18	11		אֲלֵי/הֶ֔ם	413	HR/Sp3mp	05FSn
18	18	12		אֵ֖ת	853	HTo	05ABP
18	18	13		כָּל	3605	HNcmsc	0575p
18	18	14		אֲשֶׁ֥ר	834 a	HTr	05Zaf
18	18	15		אֲצַוֶּֽ/נּוּ	6680	HVpi1cs/Sp3ms	05PSe
18	19	1		וְ/הָיָ֗ה	c/1961	HC/Vqq3ms	05xN1
18	19	2		הָ/אִישׁ֙	d/376	HTd/Ncmsa	05Xkg
18	19	3		אֲשֶׁ֤ר	834 a	HTr	05vQX
18	19	4		לֹֽא	3808	HTn	05Vn9
18	19	5		יִשְׁמַע֙	8085	HVqi3ms	05GiN
18	19	6		אֶל	413	HR	05c4u
18	19	7		דְּבָרַ֔/י	1697	HNcmpc/Sp1cs	05ukD
18	19	8		אֲשֶׁ֥ר	834 a	HTr	05Cqq
18	19	9		יְדַבֵּ֖ר	1696	HVpi3ms	05GM2
18	19	10		בִּ/שְׁמִ֑/י	b/8034	HR/Ncmsc/Sp1cs	05Nac
18	19	11		אָנֹכִ֖י	595	HPp1cs	057qo
18	19	12		אֶדְרֹ֥שׁ	1875	HVqi1cs	05htN
18	19	13		מֵ/עִמּֽ/וֹ	m/5973 b	HR/R/Sp3ms	059N7
18	20	1		אַ֣ךְ	389	HTa	05vNp
18	20	2		הַ/נָּבִ֡יא	d/5030	HTd/Ncmsa	05vJK
18	20	3		אֲשֶׁ֣ר	834 a	HTr	05ZQ4
18	20	4		יָזִיד֩	2102	HVhi3ms	05Aoa
18	20	5		לְ/דַבֵּ֨ר	l/1696	HR/Vpc	05g1p
18	20	6		דָּבָ֜ר	1697	HNcmsa	05xBa
18	20	7		בִּ/שְׁמִ֗/י	b/8034	HR/Ncmsc/Sp1cs	05av2
18	20	8		אֵ֣ת	853	HTo	05cwV
18	20	9		אֲשֶׁ֤ר	834 a	HTr	05TAc
18	20	10		לֹֽא	3808	HTn	05WW6
18	20	11		צִוִּיתִי/ו֙	6680	HVpp1cs/Sp3ms	05hnS
18	20	12		לְ/דַבֵּ֔ר	l/1696	HR/Vpc	05w1B
18	20	13		וַ/אֲשֶׁ֣ר	c/834 a	HC/Tr	05gSp
18	20	14		יְדַבֵּ֔ר	1696	HVpi3ms	05HpS
18	20	15		בְּ/שֵׁ֖ם	b/8034	HR/Ncmsc	051h7
18	20	16		אֱלֹהִ֣ים	430	HNcmpa	05yT7
18	20	17		אֲחֵרִ֑ים	312	HAampa	05YRx
18	20	18		וּ/מֵ֖ת	c/4191	HC/Vqq3ms	05FHT
18	20	19		הַ/נָּבִ֥יא	d/5030	HTd/Ncmsa	05dPE
18	20	20		הַ/הֽוּא	d/1931	HTd/Pp3ms	05XrC
18	21	1		וְ/כִ֥י	c/3588 a	HC/C	05uiX
18	21	2		תֹאמַ֖ר	559	HVqi2ms	0525p
18	21	3		בִּ/לְבָבֶ֑/ךָ	b/3824	HR/Ncmsc/Sp2ms	05HVF
18	21	4		אֵיכָה֙	349 b	HTi	05m2K
18	21	5		נֵדַ֣ע	3045	HVqi1cp	0567o
18	21	6		אֶת	853	HTo	05njm
18	21	7		הַ/דָּבָ֔ר	d/1697	HTd/Ncmsa	05b7Q
18	21	8		אֲשֶׁ֥ר	834 a	HTr	05SVW
18	21	9		לֹא	3808	HTn	05ZYw
18	21	10		דִבְּר֖/וֹ	1696	HVpp3ms/Sp3ms	059yq
18	21	11		יְהוָֽה	3068	HNp	05dWR
18	22	1		אֲשֶׁר֩	834 a	HTr	05hto
18	22	2		יְדַבֵּ֨ר	1696	HVpi3ms	05d9Z
18	22	3		הַ/נָּבִ֜יא	d/5030	HTd/Ncmsa	05G9m
18	22	4		בְּ/שֵׁ֣ם	b/8034	HR/Ncmsc	05io6
18	22	5		יְהוָ֗ה	3068	HNp	05xWm
18	22	6		וְ/לֹֽא	c/3808	HC/Tn	05dsU
18	22	7		יִהְיֶ֤ה	1961	HVqi3ms	05bYp
18	22	8		הַ/דָּבָר֙	d/1697	HTd/Ncmsa	055Qo
18	22	9		וְ/לֹ֣א	c/3808	HC/Tn	05Ayf
18	22	10		יָב֔וֹא	935	HVqi3ms	05XSV
18	22	11		ה֣וּא	1931	HPp3ms	05tA7
18	22	12		הַ/דָּבָ֔ר	d/1697	HTd/Ncmsa	058UE
18	22	13		אֲשֶׁ֥ר	834 a	HTr	05vD9
18	22	14		לֹא	3808	HTn	05c2q
18	22	15		דִבְּר֖/וֹ	1696	HVpp3ms/Sp3ms	05ArC
18	22	16		יְהוָ֑ה	3068	HNp	05L4t
18	22	17		בְּ/זָדוֹן֙	b/2087	HR/Ncmsa	05tBV
18	22	18		דִּבְּר֣/וֹ	1696	HVpp3ms/Sp3ms	05sP7
18	22	19		הַ/נָּבִ֔יא	d/5030	HTd/Ncmsa	05HaF
18	22	20		לֹ֥א	3808	HTn	05r1k
18	22	21		תָג֖וּר	1481 c	HVqi2ms	05S4c
18	22	22		מִמֶּֽ/נּוּ	4480 a	HR/Sp3ms	05nw6
19	1	1		כִּֽי	3588 a	HC	05sz1
19	1	2		יַכְרִ֞ית	3772	HVhi3ms	05dYv
19	1	3		יְהוָ֤ה	3068	HNp	05geX
19	1	4		אֱלֹהֶ֨י/ךָ֙	430	HNcmpc/Sp2ms	05CP6
19	1	5		אֶת	853	HTo	05zkp
19	1	6		הַ/גּוֹיִ֔ם	d/1471 a	HTd/Ncmpa	05w5g
19	1	7		אֲשֶׁר֙	834 a	HTr	05xko
19	1	8		יְהוָ֣ה	3068	HNp	05Xb8
19	1	9		אֱלֹהֶ֔י/ךָ	430	HNcmpc/Sp2ms	05vEK
19	1	10		נֹתֵ֥ן	5414	HVqrmsa	05BUo
19	1	11		לְ/ךָ֖	l	HR/Sp2ms	05Tkw
19	1	12		אֶת	853	HTo	05mH6
19	1	13		אַרְצָ֑/ם	776	HNcbsc/Sp3mp	052dU
19	1	14		וִֽ/ירִשְׁתָּ֕/ם	c/3423	HC/Vqq2ms/Sp3mp	05Xtc
19	1	15		וְ/יָשַׁבְתָּ֥	c/3427	HC/Vqq2ms	05GjZ
19	1	16		בְ/עָרֵי/הֶ֖ם	b/5892 b	HR/Ncfpc/Sp3mp	05zYY
19	1	17		וּ/בְ/בָתֵּי/הֶֽם	c/b/1004 b	HC/R/Ncmpc/Sp3mp	05D36
19	2	1		שָׁל֥וֹשׁ	7969	HAcfsa	052Ri
19	2	2		עָרִ֖ים	5892 b	HNcfpa	05HWE
19	2	3		תַּבְדִּ֣יל	914	HVhi2ms	05TXG
19	2	4		לָ֑/ךְ	l	HR/Sp2fs	05z6T
19	2	5		בְּ/ת֣וֹךְ	b/8432	HR/Ncmsc	05CnF
19	2	6		אַרְצְ/ךָ֔	776	HNcbsc/Sp2ms	05yqC
19	2	7		אֲשֶׁר֙	834 a	HTr	05RVq
19	2	8		יְהוָ֣ה	3068	HNp	05SUy
19	2	9		אֱלֹהֶ֔י/ךָ	430	HNcmpc/Sp2ms	05Z4u
19	2	10		נֹתֵ֥ן	5414	HVqrmsa	05zem
19	2	11		לְ/ךָ֖	l	HR/Sp2ms	05ULr
19	2	12		לְ/רִשְׁתָּֽ/הּ	l/3423	HR/Vqc/Sp3fs	05RgZ
19	3	1		תָּכִ֣ין	3559 a	HVhi2ms	05JuZ
19	3	2		לְ/ךָ֮	l	HR/Sp2ms	05Cxh
19	3	3		הַ/דֶּרֶךְ֒	d/1870	HTd/Ncbsa	05sBP
19	3	4		וְ/שִׁלַּשְׁתָּ֙	c/8027	HC/Vpq2ms	05CNj
19	3	5		אֶת	853	HTo	05X8a
19	3	6		גְּב֣וּל	1366	HNcmsc	05N8o
19	3	7		אַרְצְ/ךָ֔	776	HNcbsc/Sp2ms	05x8G
19	3	8		אֲשֶׁ֥ר	834 a	HTr	05PWT
19	3	9		יַנְחִֽילְ/ךָ֖	5157	HVhi3ms/Sp2ms	05RGg
19	3	10		יְהוָ֣ה	3068	HNp	05PN9
19	3	11		אֱלֹהֶ֑י/ךָ	430	HNcmpc/Sp2ms	05QQH
19	3	12		וְ/הָיָ֕ה	c/1961	HC/Vqq3ms	05Nk6
19	3	13		לָ/נ֥וּס	l/5127	HR/Vqc	05bqe
19	3	14		שָׁ֖מָּ/ה	8033	HD/Sd	05Lo7
19	3	15		כָּל	3605	HNcmsc	05XkF
19	3	16		רֹצֵֽחַ	7523	HVqrmsa	05fzP
19	4	1		וְ/זֶה֙	c/2088	HC/Pdxms	05Se7
19	4	2		דְּבַ֣ר	1697	HNcmsc	05xP3
19	4	3		הָ/רֹצֵ֔חַ	d/7523	HTd/Vqrmsa	05Hqs
19	4	4		אֲשֶׁר	834 a	HTr	05WCC
19	4	5		יָנ֥וּס	5127	HVqi3ms	05MNb
19	4	6		שָׁ֖מָּ/ה	8033	HD/Sd	05BW3
19	4	7		וָ/חָ֑י	c/2425	HC/Vqq3ms	05fHF
19	4	8		אֲשֶׁ֨ר	834 a	HTr	05RME
19	4	9		יַכֶּ֤ה	5221	HVhi3ms	059JG
19	4	10		אֶת	853	HTo	05Gt3
19	4	11		רֵעֵ֨/הוּ֙	7453	HNcmsc/Sp3ms	05H48
19	4	12		בִּ/בְלִי	b/1097	HR/Ncmsc	051jx
19	4	13		דַ֔עַת	1847	HNcfsa	05AkN
19	4	14		וְ/ה֛וּא	c/1931	HC/Pp3ms	0544o
19	4	15		לֹא	3808	HTn	05FRQ
19	4	16		שֹׂנֵ֥א	8130	HVqrmsa	05vJw
19	4	17		ל֖/וֹ	l	HR/Sp3ms	05HX9
19	4	18		מִ/תְּמֹ֥ל	m/8543	HR/D	05SHe
19	4	19		שִׁלְשֹֽׁם	8032	HNcmsa	05HRn
19	5	1		וַ/אֲשֶׁר֩	c/834 a	HC/Tr	05pmD
19	5	2		יָבֹ֨א	935	HVqi3ms	053Kj
19	5	3		אֶת	854	HR	05YyV
19	5	4		רֵעֵ֥/הוּ	7453	HNcmsc/Sp3ms	052m6
19	5	5		בַ/יַּעַר֮	b/3293 a	HRd/Ncmsa	05AHo
19	5	6		לַ/חְטֹ֣ב	l/2404	HR/Vqc	05PYm
19	5	7		עֵצִים֒	6086	HNcmpa	05CnX
19	5	8		וְ/נִדְּחָ֨ה	c/5080	HC/VNq3fs	05zv9
19	5	9		יָד֤/וֹ	3027	HNcbsc/Sp3ms	05UjU
19	5	10		בַ/גַּרְזֶן֙	b/1631	HRd/Ncmsa	05XMJ
19	5	11		לִ/כְרֹ֣ת	l/3772	HR/Vqc	054cS
19	5	12		הָ/עֵ֔ץ	d/6086	HTd/Ncmsa	05Pez
19	5	13		וְ/נָשַׁ֤ל	c/5394	HC/Vqq3ms	05Tmw
19	5	14		הַ/בַּרְזֶל֙	d/1270	HTd/Ncmsa	05B17
19	5	15		מִן	4480 a	HR	05m7v
19	5	16		הָ/עֵ֔ץ	d/6086	HTd/Ncmsa	05mbr
19	5	17		וּ/מָצָ֥א	c/4672	HC/Vqq3ms	05d8A
19	5	18		אֶת	853	HTo	05LDp
19	5	19		רֵעֵ֖/הוּ	7453	HNcmsc/Sp3ms	05EbD
19	5	20		וָ/מֵ֑ת	c/4191	HC/Vqq3ms	05vmr
19	5	21		ה֗וּא	1931	HPp3ms	05gPA
19	5	22		יָנ֛וּס	5127	HVqi3ms	05yrj
19	5	23		אֶל	413	HR	05rW3
19	5	24		אַחַ֥ת	259	HAcfsa	057nu
19	5	25		הֶ/עָרִים	d/5892 b	HTd/Ncfpa	05GmY
19	5	26		הָ/אֵ֖לֶּה	d/428	HTd/Pdxcp	05V5Z
19	5	27		וָ/חָֽי	c/2425	HC/Vqq3ms	05Rks
19	6	1		פֶּן	6435	HC	05PFv
19	6	2		יִרְדֹּף֩	7291	HVqi3ms	05YrJ
19	6	3		גֹּאֵ֨ל	1350 a	HVqrmsc	05a9C
19	6	4		הַ/דָּ֜ם	d/1818	HTd/Ncmsa	05y3g
19	6	5		אַחֲרֵ֣י	310 a	HR	05N47
19	6	6		הָ/רֹצֵ֗חַ	d/7523	HTd/Vqrmsa	05jS9
19	6	7		כִּי	3588 a	HC	058nc
19	6	8		יֵחַם֮	3179	HVqi3ms	05kG8
19	6	9		לְבָב/וֹ֒	3824	HNcmsc/Sp3ms	05tqG
19	6	10		וְ/הִשִּׂיג֛/וֹ	c/5381	HC/Vhq3ms/Sp3ms	059Yc
19	6	11		כִּֽי	3588 a	HC	05DCA
19	6	12		יִרְבֶּ֥ה	7235 a	HVqi3ms	05znP
19	6	13		הַ/דֶּ֖רֶךְ	d/1870	HTd/Ncbsa	05tys
19	6	14		וְ/הִכָּ֣ה/וּ	c/5221	HC/Vhq3ms/Sp3ms	05w77
19	6	15		נָ֑פֶשׁ	5315	HNcbsa	059HF
19	6	16		וְ/ל/וֹ֙	c/l	HC/R/Sp3ms	05b78
19	6	17		אֵ֣ין	369	HTn	05eSY
19	6	18		מִשְׁפַּט	4941	HNcmsc	05Q54
19	6	19		מָ֔וֶת	4194	HNcmsa	05eVt
19	6	20		כִּ֠י	3588 a	HC	057yH
19	6	21		לֹ֣א	3808	HTn	05th9
19	6	22		שֹׂנֵ֥א	8130	HVqrmsa	056p7
19	6	23		ה֛וּא	1931	HPp3ms	05DuL
19	6	24		ל֖/וֹ	l	HR/Sp3ms	0569b
19	6	25		מִ/תְּמ֥וֹל	m/8543	HR/D	05P68
19	6	26		שִׁלְשֽׁוֹם	8032	HNcmsa	05bdj
19	7	1		עַל	5921 a	HR	05GT8
19	7	2		כֵּ֛ן	3651 c	HTm	05f7H
19	7	3		אָנֹכִ֥י	595	HPp1cs	05o5p
19	7	4		מְצַוְּ/ךָ֖	6680	HVprmsc/Sp2ms	05Cxf
19	7	5		לֵ/אמֹ֑ר	l/559	HR/Vqc	052gP
19	7	6		שָׁלֹ֥שׁ	7969	HAcfsa	051iN
19	7	7		עָרִ֖ים	5892 b	HNcfpa	05vsF
19	7	8		תַּבְדִּ֥יל	914	HVhi2ms	05KFH
19	7	9		לָֽ/ךְ	l	HR/Sp2fs	058ey
19	8	1		וְ/אִם	c/518 a	HC/C	05m3Q
19	8	2		יַרְחִ֞יב	7337	HVhi3ms	058Fp
19	8	3		יְהוָ֤ה	3068	HNp	05QVD
19	8	4		אֱלֹהֶ֨י/ךָ֙	430	HNcmpc/Sp2ms	053Yr
19	8	5		אֶת	853	HTo	054rB
19	8	6		גְּבֻ֣לְ/ךָ֔	1366	HNcmsc/Sp2ms	057j5
19	8	7		כַּ/אֲשֶׁ֥ר	k/834 d	HR/Tr	05vMk
19	8	8		נִשְׁבַּ֖ע	7650	HVNp3ms	05yXY
19	8	9		לַ/אֲבֹתֶ֑י/ךָ	l/1	HR/Ncmpc/Sp2ms	05TFT
19	8	10		וְ/נָ֤תַן	c/5414	HC/Vqq3ms	059n8
19	8	11		לְ/ךָ֙	l	HR/Sp2ms	055kG
19	8	12		אֶת	853	HTo	05XLv
19	8	13		כָּל	3605	HNcmsc	05SPD
19	8	14		הָ/אָ֔רֶץ	d/776	HTd/Ncbsa	051jw
19	8	15		אֲשֶׁ֥ר	834 a	HTr	05j1A
19	8	16		דִּבֶּ֖ר	1696	HVpp3ms	05k9b
19	8	17		לָ/תֵ֥ת	l/5414	HR/Vqc	05xFg
19	8	18		לַ/אֲבֹתֶֽי/ךָ	l/1	HR/Ncmpc/Sp2ms	05TPh
19	9	1		כִּֽי	3588 a	HC	05PzZ
19	9	2		תִשְׁמֹר֩	8104	HVqi2ms	05wVu
19	9	3		אֶת	853	HTo	05Y2m
19	9	4		כָּל	3605	HNcmsc	05vpr
19	9	5		הַ/מִּצְוָ֨ה	d/4687	HTd/Ncfsa	05SwR
19	9	6		הַ/זֹּ֜את	d/2063	HTd/Pdxfs	05DQF
19	9	7		לַ/עֲשֹׂתָ֗/הּ	l/6213 a	HR/Vqc/Sp3fs	05m8G
19	9	8		אֲשֶׁ֨ר	834 a	HTr	05iFH
19	9	9		אָנֹכִ֣י	595	HPp1cs	05UVR
19	9	10		מְצַוְּ/ךָ֮	6680	HVprmsc/Sp2ms	05hK6
19	9	11		הַ/יּוֹם֒	d/3117	HTd/Ncmsa	05P5i
19	9	12		לְ/אַהֲבָ֞ה	l/157	HR/Vqc	05Zuk
19	9	13		אֶת	853	HTo	05Xpa
19	9	14		יְהוָ֧ה	3068	HNp	05F6v
19	9	15		אֱלֹהֶ֛י/ךָ	430	HNcmpc/Sp2ms	05jek
19	9	16		וְ/לָ/לֶ֥כֶת	c/l/3212	HC/R/Vqc	05NjL
19	9	17		בִּ/דְרָכָ֖י/ו	b/1870	HR/Ncbpc/Sp3ms	05QhZ
19	9	18		כָּל	3605	HNcmsc	058Y2
19	9	19		הַ/יָּמִ֑ים	d/3117	HTd/Ncmpa	05wSY
19	9	20		וְ/יָסַפְתָּ֨	c/3254	HC/Vqq2ms	05sGn
19	9	21		לְ/ךָ֥	l	HR/Sp2ms	05EVR
19	9	22		עוֹד֙	5750	HD	05xHF
19	9	23		שָׁלֹ֣שׁ	7969	HAcfsa	05E6X
19	9	24		עָרִ֔ים	5892 b	HNcfpa	05CmY
19	9	25		עַ֖ל	5921 a	HR	05zBD
19	9	26		הַ/שָּׁלֹ֥שׁ	d/7969	HTd/Acfsa	05H4G
19	9	27		הָ/אֵֽלֶּה	d/428	HTd/Pdxcp	05gFy
19	10	1		וְ/לֹ֤א	c/3808	HC/Tn	05111
19	10	2		יִשָּׁפֵךְ֙	8210	HVNi3ms	05Tu3
19	10	3		דָּ֣ם	1818	HNcmsa	05otC
19	10	4		נָקִ֔י	5355 a	HAamsa	05YDM
19	10	5		בְּ/קֶ֣רֶב	b/7130	HR/Ncmsc	05ru7
19	10	6		אַרְצְ/ךָ֔	776	HNcbsc/Sp2ms	05rHU
19	10	7		אֲשֶׁר֙	834 a	HTr	05t3d
19	10	8		יְהוָ֣ה	3068	HNp	05k6B
19	10	9		אֱלֹהֶ֔י/ךָ	430	HNcmpc/Sp2ms	0572o
19	10	10		נֹתֵ֥ן	5414	HVqrmsa	05eAa
19	10	11		לְ/ךָ֖	l	HR/Sp2ms	05RTe
19	10	12		נַחֲלָ֑ה	5159	HNcfsa	053Ca
19	10	13		וְ/הָיָ֥ה	c/1961	HC/Vqq3ms	05zDb
19	10	14		עָלֶ֖י/ךָ	5921 a	HR/Sp2ms	05qQV
19	10	15		דָּמִֽים	1818	HNcmpa	05V8A
19	11	1		וְ/כִֽי	c/3588 a	HC/C	058Z7
19	11	2		יִהְיֶ֥ה	1961	HVqi3ms	05UPz
19	11	3		אִישׁ֙	376	HNcmsa	05x31
19	11	4		שֹׂנֵ֣א	8130	HVqrmsa	055NB
19	11	5		לְ/רֵעֵ֔/הוּ	l/7453	HR/Ncmsc/Sp3ms	05pyv
19	11	6		וְ/אָ֤רַב	c/693	HC/Vqq3ms	05tbn
19	11	7		ל/וֹ֙	l	HR/Sp3ms	05eu1
19	11	8		וְ/קָ֣ם	c/6965 b	HC/Vqq3ms	058af
19	11	9		עָלָ֔י/ו	5921 a	HR/Sp3ms	05Bpw
19	11	10		וְ/הִכָּ֥ה/וּ	c/5221	HC/Vhq3ms/Sp3ms	053Hw
19	11	11		נֶ֖פֶשׁ	5315	HNcbsa	05mhm
19	11	12		וָ/מֵ֑ת	c/4191	HC/Vqq3ms	05W2d
19	11	13		וְ/נָ֕ס	c/5127	HC/Vqq3ms	053Mv
19	11	14		אֶל	413	HR	05aJE
19	11	15		אַחַ֖ת	259	HAcfsa	05HVc
19	11	16		הֶ/עָרִ֥ים	d/5892 b	HTd/Ncfpa	05zeo
19	11	17		הָ/אֵֽל	d/411	HTd/Pdxcp	05Enp
19	12	1		וְ/שָֽׁלְחוּ֙	c/7971	HC/Vqq3cp	05kf1
19	12	2		זִקְנֵ֣י	2205	HAampc	05ZPC
19	12	3		עִיר֔/וֹ	5892 b	HNcfsc/Sp3ms	05qxU
19	12	4		וְ/לָקְח֥וּ	c/3947	HC/Vqq3cp	05Pgi
19	12	5		אֹת֖/וֹ	853	HTo/Sp3ms	05MkP
19	12	6		מִ/שָּׁ֑ם	m/8033	HR/D	055hP
19	12	7		וְ/נָתְנ֣וּ	c/5414	HC/Vqq3cp	05zD4
19	12	8		אֹת֗/וֹ	853	HTo/Sp3ms	05KEB
19	12	9		בְּ/יַ֛ד	b/3027	HR/Ncbsc	05cZY
19	12	10		גֹּאֵ֥ל	1350 a	HVqrmsc	0522d
19	12	11		הַ/דָּ֖ם	d/1818	HTd/Ncmsa	05CRW
19	12	12		וָ/מֵֽת	c/4191	HC/Vqq3ms	05wv6
19	13	1		לֹא	3808	HTn	05GZn
19	13	2		תָח֥וֹס	2347	HVqi3fs	05Jwq
19	13	3		עֵֽינְ/ךָ֖	5869 a	HNcbsc/Sp2ms	05wkd
19	13	4		עָלָ֑י/ו	5921 a	HR/Sp3ms	05eKd
19	13	5		וּ/בִֽעַרְתָּ֧	c/1197 a	HC/Vpq2ms	05goP
19	13	6		דַֽם	1818	HNcmsc	052Lj
19	13	7		הַ/נָּקִ֛י	d/5355 a	HTd/Aamsa	05H2i
19	13	8		מִ/יִּשְׂרָאֵ֖ל	m/3478	HR/Np	05iMH
19	13	9		וְ/ט֥וֹב	c/2896 a	HC/Vqq3ms	05SHu
19	13	10		לָֽ/ךְ	l	HR/Sp2fs	05xJc
19	14	1		לֹ֤א	3808	HTn	05zu3
19	14	2		תַסִּיג֙	5253	HVhi2ms	05srN
19	14	3		גְּב֣וּל	1366	HNcmsc	05cPD
19	14	4		רֵֽעֲ/ךָ֔	7453	HNcmsc/Sp2ms	05rfv
19	14	5		אֲשֶׁ֥ר	834 a	HTr	05HSf
19	14	6		גָּבְל֖וּ	1379	HVqp3cp	05dMJ
19	14	7		רִאשֹׁנִ֑ים	7223	HAampa	05Q3W
19	14	8		בְּ/נַחֲלָֽתְ/ךָ֙	b/5159	HR/Ncfsc/Sp2ms	059nC
19	14	9		אֲשֶׁ֣ר	834 a	HTr	05Es7
19	14	10		תִּנְחַ֔ל	5157	HVqi2ms	05WgU
19	14	11		בָּ/אָ֕רֶץ	b/776	HRd/Ncbsa	05y3p
19	14	12		אֲשֶׁר֙	834 a	HTr	05Um9
19	14	13		יְהוָ֣ה	3068	HNp	05r8S
19	14	14		אֱלֹהֶ֔י/ךָ	430	HNcmpc/Sp2ms	05XS1
19	14	15		נֹתֵ֥ן	5414	HVqrmsa	05HHu
19	14	16		לְ/ךָ֖	l	HR/Sp2ms	0534B
19	14	17		לְ/רִשְׁתָּֽ/הּ	l/3423	HR/Vqc/Sp3fs	05tQL
19	15	1		לֹֽא	3808	HTn	05qz3
19	15	2		יָקוּם֩	6965 b	HVqi3ms	05PBZ
19	15	3		עֵ֨ד	5707	HNcmsa	05JhC
19	15	4		אֶחָ֜ד	259	HAcmsa	0557q
19	15	5		בְּ/אִ֗ישׁ	b/376	HR/Ncmsa	05tgx
19	15	6		לְ/כָל	l/3605	HR/Ncmsc	05b5Z
19	15	7		עָוֺן֙	5771	HNcbsa	05gH8
19	15	8		וּ/לְ/כָל	c/l/3605	HC/R/Ncmsc	05ktM
19	15	9		חַטָּ֔את	2403 b	HNcfsa	05tnx
19	15	10		בְּ/כָל	b/3605	HR/Ncmsc	05Eje
19	15	11		חֵ֖טְא	2399	HNcmsa	054XJ
19	15	12		אֲשֶׁ֣ר	834 a	HTr	05Zod
19	15	13		יֶֽחֱטָ֑א	2398	HVqi3ms	05HWG
19	15	14		עַל	5921 a	HR	05Kq8
19	15	15		פִּ֣י	6310	HNcmsc	05HEQ
19	15	16		שְׁנֵ֣י	8147	HAcmdc	05Zrg
19	15	17		עֵדִ֗ים	5707	HNcmpa	05Jb7
19	15	18		א֛וֹ	176 a	HC	05gGi
19	15	19		עַל	5921 a	HR	05ETT
19	15	20		פִּ֥י	6310	HNcmsc	05uax
19	15	21		שְׁלֹשָֽׁה	7969	HAcmsa	05gN6
19	15	22		עֵדִ֖ים	5707	HNcmpa	05Jyu
19	15	23		יָק֥וּם	6965 b	HVqi3ms	05RyA
19	15	24		דָּבָֽר	1697	HNcmsa	05UFq
19	16	1		כִּֽי	3588 a	HC	05LyZ
19	16	2		יָק֥וּם	6965 b	HVqi3ms	05E3h
19	16	3		עֵד	5707	HNcmsc	0563g
19	16	4		חָמָ֖ס	2555	HNcmsa	05ST5
19	16	5		בְּ/אִ֑ישׁ	b/376	HR/Ncmsa	05tJf
19	16	6		לַ/עֲנ֥וֹת	l/6030 b	HR/Vqc	058fM
19	16	7		בּ֖/וֹ	b	HR/Sp3ms	05QTt
19	16	8		סָרָֽה	5627	HNcfsa	052C1
19	17	1		וְ/עָמְד֧וּ	c/5975	HC/Vqq3cp	05o84
19	17	2		שְׁנֵֽי	8147	HAcmdc	05f8Y
19	17	3		הָ/אֲנָשִׁ֛ים	d/376	HTd/Ncmpa	05Nun
19	17	4		אֲשֶׁר	834 a	HTr	059u1
19	17	5		לָ/הֶ֥ם	l	HR/Sp3mp	05xHm
19	17	6		הָ/רִ֖יב	d/7379	HTd/Ncbsa	05otK
19	17	7		לִ/פְנֵ֣י	l/6440	HR/Ncbpc	05syA
19	17	8		יְהוָ֑ה	3068	HNp	05dfy
19	17	9		לִ/פְנֵ֤י	l/6440	HR/Ncbpc	05Wm4
19	17	10		הַ/כֹּֽהֲנִים֙	d/3548	HTd/Ncmpa	05g9f
19	17	11		וְ/הַ/שֹּׁ֣פְטִ֔ים	c/d/8199	HC/Td/Vqrmpa	05f8Q
19	17	12		אֲשֶׁ֥ר	834 a	HTr	05fFA
19	17	13		יִהְי֖וּ	1961	HVqi3mp	052XW
19	17	14		בַּ/יָּמִ֥ים	b/3117	HRd/Ncmpa	05QWt
19	17	15		הָ/הֵֽם	d/1992	HTd/Pp3mp	05Qzv
19	18	1		וְ/דָרְשׁ֥וּ	c/1875	HC/Vqq3cp	05buk
19	18	2		הַ/שֹּׁפְטִ֖ים	d/8199	HTd/Vqrmpa	05qeo
19	18	3		הֵיטֵ֑ב	3190	HVha	05ZHC
19	18	4		וְ/הִנֵּ֤ה	c/2009	HC/Tm	05fDd
19	18	5		עֵֽד	5707	HNcmsc	05318
19	18	6		שֶׁ֨קֶר֙	8267	HNcmsa	05jLb
19	18	7		הָ/עֵ֔ד	d/5707	HTd/Ncmsa	05nNQ
19	18	8		שֶׁ֖קֶר	8267	HNcmsa	05BXH
19	18	9		עָנָ֥ה	6030 b	HVqp3ms	05ZqU
19	18	10		בְ/אָחִֽי/ו	b/251	HR/Ncmsc/Sp3ms	05nj3
19	19	1		וַ/עֲשִׂ֣יתֶם	c/6213 a	HC/Vqq2mp	05FvS
19	19	2		ל֔/וֹ	l	HR/Sp3ms	05xim
19	19	3		כַּ/אֲשֶׁ֥ר	k/834 d	HR/Tr	05akA
19	19	4		זָמַ֖ם	2161	HVqp3ms	05gKu
19	19	5		לַ/עֲשׂ֣וֹת	l/6213 a	HR/Vqc	05TzQ
19	19	6		לְ/אָחִ֑י/ו	l/251	HR/Ncmsc/Sp3ms	051UE
19	19	7		וּ/בִֽעַרְתָּ֥	c/1197 a	HC/Vpq2ms	05kxv
19	19	8		הָ/רָ֖ע	d/7451	HTd/Aamsa	05UMS
19	19	9		מִ/קִּרְבֶּֽ/ךָ	m/7130	HR/Ncmsc/Sp2ms	057xb
19	20	1		וְ/הַ/נִּשְׁאָרִ֖ים	c/d/7604	HC/Td/VNrmpa	05sKH
19	20	2		יִשְׁמְע֣וּ	8085	HVqi3mp	05tFA
19	20	3		וְ/יִרָ֑אוּ	c/3372	HC/Vqi3mp	05Mpf
19	20	4		וְ/לֹֽא	c/3808	HC/Tn	05Ceq
19	20	5		יֹסִ֨פוּ	3254	HVhi3mp	054dQ
19	20	6		לַ/עֲשׂ֜וֹת	l/6213 a	HR/Vqc	05GWt
19	20	7		ע֗וֹד	5750	HD	05NBj
19	20	8		כַּ/דָּבָ֥ר	k/1697	HRd/Ncmsa	05rsf
19	20	9		הָ/רָ֛ע	d/7451 a	HTd/Aamsa	05z6Y
19	20	10		הַ/זֶּ֖ה	d/2088	HTd/Pdxms	05ySf
19	20	11		בְּ/קִרְבֶּֽ/ךָ	b/7130	HR/Ncmsc/Sp2ms	05j6t
19	21	1		וְ/לֹ֥א	c/3808	HC/Tn	05LMf
19	21	2		תָח֖וֹס	2347	HVqi3fs	05siY
19	21	3		עֵינֶ֑/ךָ	5869 a	HNcbsc/Sp2ms	05c4n
19	21	4		נֶ֣פֶשׁ	5315	HNcbsa	05emA
19	21	5		בְּ/נֶ֗פֶשׁ	b/5315	HR/Ncbsa	05WwD
19	21	6		עַ֤יִן	5869 a	HNcbsa	05Tfb
19	21	7		בְּ/עַ֨יִן֙	b/5869 a	HR/Ncbsa	0558Y
19	21	8		שֵׁ֣ן	8127	HNcbsa	051kr
19	21	9		בְּ/שֵׁ֔ן	b/8127	HR/Ncbsa	05yuD
19	21	10		יָ֥ד	3027	HNcbsa	05yRp
19	21	11		בְּ/יָ֖ד	b/3027	HR/Ncbsa	05qob
19	21	12		רֶ֥גֶל	7272	HNcfsa	05DQR
19	21	13		בְּ/רָֽגֶל	b/7272	HR/Ncfsa	05gtv
20	1	1		כִּֽי	3588 a	HC	05nHJ
20	1	2		תֵצֵ֨א	3318	HVqi2ms	058D6
20	1	3		לַ/מִּלְחָמָ֜ה	l/4421	HRd/Ncfsa	05LCy
20	1	4		עַל	5921 a	HR	05KvZ
20	1	5		אֹיְבֶ֗י/ךָ	341	HVqrmpc/Sp2ms	0536n
20	1	6		וְֽ/רָאִ֜יתָ	c/7200	HC/Vqq2ms	055Yk
20	1	7		ס֤וּס	5483 b	HNcmsa	056As
20	1	8		וָ/רֶ֨כֶב֙	c/7393	HC/Ncmsa	05egP
20	1	9		עַ֚ם	5971 a	HNcmsa	05NbF
20	1	10		רַ֣ב	7227 a	HAamsa	05krR
20	1	11		מִמְּ/ךָ֔	4480 a	HR/Sp2ms	05Mee
20	1	12		לֹ֥א	3808	HTn	05VBQ
20	1	13		תִירָ֖א	3372	HVqi2ms	05yb7
20	1	14		מֵ/הֶ֑ם	m	HR/Sp3mp	05qX2
20	1	15		כִּֽי	3588 a	HC	05ePf
20	1	16		יְהוָ֤ה	3068	HNp	05yfj
20	1	17		אֱלֹהֶ֨י/ךָ֙	430	HNcmpc/Sp2ms	05YM9
20	1	18		עִמָּ֔/ךְ	5973 a	HR/Sp2fs	05R56
20	1	19		הַ/מַּֽעַלְ/ךָ֖	d/5927	HTd/Vhrmsc/Sp2ms	05wHB
20	1	20		מֵ/אֶ֥רֶץ	m/776	HR/Ncbsc	05qAN
20	1	21		מִצְרָֽיִם	4714	HNp	05KVq
20	2	1		וְ/הָיָ֕ה	c/1961	HC/Vqq3ms	05S4L
20	2	2		כְּ/קָֽרָבְ/כֶ֖ם	k/7126	HR/Vqc/Sp2mp	05rwC
20	2	3		אֶל	413	HR	05MHW
20	2	4		הַ/מִּלְחָמָ֑ה	d/4421	HTd/Ncfsa	056Qv
20	2	5		וְ/נִגַּ֥שׁ	c/5066	HC/VNq3ms	05pjb
20	2	6		הַ/כֹּהֵ֖ן	d/3548	HTd/Ncmsa	05Jy1
20	2	7		וְ/דִבֶּ֥ר	c/1696	HC/Vpq3ms	05eQ5
20	2	8		אֶל	413	HR	05jEY
20	2	9		הָ/עָֽם	d/5971 a	HTd/Ncmsa	05ew3
20	3	1		וְ/אָמַ֤ר	c/559	HC/Vqq3ms	05y2D
20	3	2		אֲלֵ/הֶם֙	413	HR/Sp3mp	05T4z
20	3	3		שְׁמַ֣ע	8085	HVqv2ms	05Q7m
20	3	4		יִשְׂרָאֵ֔ל	3478	HNp	05E1U
20	3	5		אַתֶּ֨ם	859 d	HPp2mp	05kbD
20	3	6		קְרֵבִ֥ים	7131	HAampa	058qD
20	3	7		הַ/יּ֛וֹם	d/3117	HTd/Ncmsa	05Zxt
20	3	8		לַ/מִּלְחָמָ֖ה	l/4421	HRd/Ncfsa	05uHA
20	3	9		עַל	5921 a	HR	052kF
20	3	10		אֹיְבֵי/כֶ֑ם	341	HVqrmpc/Sp2mp	05mSY
20	3	11		אַל	408	HTn	052Fo
20	3	12		יֵרַ֣ךְ	7401	HVqj3ms	05ac8
20	3	13		לְבַבְ/כֶ֗ם	3824	HNcmsc/Sp2mp	0552Z
20	3	14		אַל	408	HTn	05UX4
20	3	15		תִּֽירְא֧וּ	3372	HVqj2mp	05EnX
20	3	16		וְ/אַֽל	c/408	HC/Tn	05NXR
20	3	17		תַּחְפְּז֛וּ	2648	HVqj2mp	0525M
20	3	18		וְ/אַל	c/408	HC/Tn	05YtX
20	3	19		תַּֽעַרְצ֖וּ	6206	HVqj2mp	05DG3
20	3	20		מִ/פְּנֵי/הֶֽם	m/6440	HR/Ncbpc/Sp3mp	05cWY
20	4	1		כִּ֚י	3588 a	HC	05yj6
20	4	2		יְהוָ֣ה	3068	HNp	05hqz
20	4	3		אֱלֹֽהֵי/כֶ֔ם	430	HNcmpc/Sp2mp	05x8M
20	4	4		הַ/הֹלֵ֖ךְ	d/1980	HTd/Vqrmsa	05Vk7
20	4	5		עִמָּ/כֶ֑ם	5973 a	HR/Sp2mp	05JRg
20	4	6		לְ/הִלָּחֵ֥ם	l/3898 a	HR/VNc	05CgK
20	4	7		לָ/כֶ֛ם	l	HR/Sp2mp	05G3o
20	4	8		עִם	5973 a	HR	055n7
20	4	9		אֹיְבֵי/כֶ֖ם	341	HVqrmpc/Sp2mp	05fm1
20	4	10		לְ/הוֹשִׁ֥יעַ	l/3467	HR/Vhc	05Vwa
20	4	11		אֶתְ/כֶֽם	853	HTo/Sp2mp	05FK5
20	5	1		וְ/דִבְּר֣וּ	c/1696	HC/Vpq3cp	05ZFM
20	5	2		הַ/שֹּֽׁטְרִים֮	d/7860	HTd/Vqrmpa	058dM
20	5	3		אֶל	413	HR	05rPP
20	5	4		הָ/עָ֣ם	d/5971 a	HTd/Ncmsa	05d5t
20	5	5		לֵ/אמֹר֒	l/559	HR/Vqc	05eig
20	5	6		מִֽי	4310	HTi	05yZT
20	5	7		הָ/אִ֞ישׁ	d/376	HTd/Ncmsa	05jXo
20	5	8		אֲשֶׁ֨ר	834 a	HTr	05e9S
20	5	9		בָּנָ֤ה	1129	HVqp3ms	05Gak
20	5	10		בַֽיִת	1004 b	HNcmsa	05BhZ
20	5	11		חָדָשׁ֙	2319	HAamsa	05D7r
20	5	12		וְ/לֹ֣א	c/3808	HC/Tn	05QUi
20	5	13		חֲנָכ֔/וֹ	2596	HVqp3ms/Sp3ms	05Zjd
20	5	14		יֵלֵ֖ךְ	3212	HVqi3ms	056hx
20	5	15		וְ/יָשֹׁ֣ב	c/7725	HC/Vqi3ms	053oP
20	5	16		לְ/בֵית֑/וֹ	l/1004 b	HR/Ncmsc/Sp3ms	05ZFG
20	5	17		פֶּן	6435	HC	05AVy
20	5	18		יָמוּת֙	4191	HVqi3ms	05isj
20	5	19		בַּ/מִּלְחָמָ֔ה	b/4421	HRd/Ncfsa	05fLM
20	5	20		וְ/אִ֥ישׁ	c/376	HC/Ncmsa	05Pwu
20	5	21		אַחֵ֖ר	312	HAamsa	05oJA
20	5	22		יַחְנְכֶֽ/נּוּ	2596	HVqi3ms/Sp3ms	05RZU
20	6	1		וּ/מִֽי	c/4310	HC/Ti	05APK
20	6	2		הָ/אִ֞ישׁ	d/376	HTd/Ncmsa	056iD
20	6	3		אֲשֶׁר	834 a	HTr	053AW
20	6	4		נָטַ֥ע	5193	HVqp3ms	05WiP
20	6	5		כֶּ֨רֶם֙	3754	HNcbsa	05RPe
20	6	6		וְ/לֹ֣א	c/3808	HC/Tn	051Rt
20	6	7		חִלְּל֔/וֹ	2490 c	HVpp3ms/Sp3ms	057PY
20	6	8		יֵלֵ֖ךְ	3212	HVqi3ms	05gp2
20	6	9		וְ/יָשֹׁ֣ב	c/7725	HC/Vqi3ms	05kRK
20	6	10		לְ/בֵית֑/וֹ	l/1004 b	HR/Ncmsc/Sp3ms	05z8t
20	6	11		פֶּן	6435	HC	05DXo
20	6	12		יָמוּת֙	4191	HVqi3ms	05kTz
20	6	13		בַּ/מִּלְחָמָ֔ה	b/4421	HRd/Ncfsa	05zyZ
20	6	14		וְ/אִ֥ישׁ	c/376	HC/Ncmsa	058Ge
20	6	15		אַחֵ֖ר	312	HAamsa	05uzy
20	6	16		יְחַלְּלֶֽ/נּוּ	2490 c	HVpi3ms/Sp3ms	057TQ
20	7	1		וּ/מִֽי	c/4310	HC/Ti	05gzf
20	7	2		הָ/אִ֞ישׁ	d/376	HTd/Ncmsa	05xP8
20	7	3		אֲשֶׁר	834 a	HTr	05d3M
20	7	4		אֵרַ֤שׂ	781	HVpp3ms	05wz6
20	7	5		אִשָּׁה֙	802	HNcfsa	05BnH
20	7	6		וְ/לֹ֣א	c/3808	HC/Tn	05Sc6
20	7	7		לְקָחָ֔/הּ	3947	HVqp3ms/Sp3fs	05Qvj
20	7	8		יֵלֵ֖ךְ	3212	HVqi3ms	05e1v
20	7	9		וְ/יָשֹׁ֣ב	c/7725	HC/Vqi3ms	05yKb
20	7	10		לְ/בֵית֑/וֹ	l/1004 b	HR/Ncmsc/Sp3ms	05wjA
20	7	11		פֶּן	6435	HC	05CZm
20	7	12		יָמוּת֙	4191	HVqi3ms	05RaU
20	7	13		בַּ/מִּלְחָמָ֔ה	b/4421	HRd/Ncfsa	05wXH
20	7	14		וְ/אִ֥ישׁ	c/376	HC/Ncmsa	05ixz
20	7	15		אַחֵ֖ר	312	HAamsa	059hY
20	7	16		יִקָּחֶֽ/נָּה	3947	HVqi3ms/Sp3fs	05Lhc
20	8	1		וְ/יָסְפ֣וּ	c/3254	HC/Vqq3cp	05vCf
20	8	2		הַ/שֹּׁטְרִים֮	d/7860	HTd/Vqrmpa	05SiU
20	8	3		לְ/דַבֵּ֣ר	l/1696	HR/Vpc	05bU3
20	8	4		אֶל	413	HR	05JaA
20	8	5		הָ/עָם֒	d/5971 a	HTd/Ncmsa	051ae
20	8	6		וְ/אָמְר֗וּ	c/559	HC/Vqq3cp	05ubD
20	8	7		מִי	4310	HTi	05kzF
20	8	8		הָ/אִ֤ישׁ	d/376	HTd/Ncmsa	05aBg
20	8	9		הַ/יָּרֵא֙	d/3373	HTd/Aamsa	05R3u
20	8	10		וְ/רַ֣ךְ	c/7390	HC/Aamsc	05KmF
20	8	11		הַ/לֵּבָ֔ב	d/3824	HTd/Ncmsa	05gPB
20	8	12		יֵלֵ֖ךְ	3212	HVqi3ms	05GJ8
20	8	13		וְ/יָשֹׁ֣ב	c/7725	HC/Vqi3ms	05gum
20	8	14		לְ/בֵית֑/וֹ	l/1004 b	HR/Ncmsc/Sp3ms	059V4
20	8	15		וְ/לֹ֥א	c/3808	HC/Tn	05WkP
20	8	16		יִמַּ֛ס	4549	HVNi3ms	056SH
20	8	17		אֶת	853	HTo	05iNA
20	8	18		לְבַ֥ב	3824	HNcmsc	05zke
20	8	19		אֶחָ֖י/ו	251	HNcmpc/Sp3ms	05KMi
20	8	20		כִּ/לְבָבֽ/וֹ	k/3824	HR/Ncmsc/Sp3ms	051aB
20	9	1		וְ/הָיָ֛ה	c/1961	HC/Vqq3ms	05xtz
20	9	2		כְּ/כַלֹּ֥ת	k/3615	HR/Vpc	05ZPR
20	9	3		הַ/שֹּׁטְרִ֖ים	d/7860	HTd/Vqrmpa	05eLB
20	9	4		לְ/דַבֵּ֣ר	l/1696	HR/Vpc	058iz
20	9	5		אֶל	413	HR	05hdN
20	9	6		הָ/עָ֑ם	d/5971 a	HTd/Ncmsa	05YSj
20	9	7		וּ/פָֽקְד֛וּ	c/6485 a	HC/Vqq3cp	05x1r
20	9	8		שָׂרֵ֥י	8269	HNcmpc	05uoq
20	9	9		צְבָא֖וֹת	6635 b	HNcbpa	05Fee
20	9	10		בְּ/רֹ֥אשׁ	b/7218 a	HR/Ncmsc	05WAp
20	9	11		הָ/עָֽם	d/5971 a	HTd/Ncmsa	05YL7
20	10	1		כִּֽי	3588 a	HC	05fvw
20	10	2		תִקְרַ֣ב	7126	HVqi2ms	05tJb
20	10	3		אֶל	413	HR	05qHY
20	10	4		עִ֔יר	5892 b	HNcfsa	05kgH
20	10	5		לְ/הִלָּחֵ֖ם	l/3898 a	HR/VNc	05fN2
20	10	6		עָלֶ֑י/הָ	5921 a	HR/Sp3fs	05Tmv
20	10	7		וְ/קָרָ֥אתָ	c/7121	HC/Vqq2ms	054gc
20	10	8		אֵלֶ֖י/הָ	413	HR/Sp3fs	05ay9
20	10	9		לְ/שָׁלֽוֹם	l/7965	HR/Ncmsa	05RHm
20	11	1		וְ/הָיָה֙	c/1961	HC/Vqq3ms	05EWb
20	11	2		אִם	518 a	HC	05R77
20	11	3		שָׁל֣וֹם	7965	HNcmsa	05rin
20	11	4		תַּֽעַנְ/ךָ֔	6030 b	HVqi3fs/Sp2ms	05kCJ
20	11	5		וּ/פָתְחָ֖ה	c/6605 a	HC/Vqq3fs	05b5f
20	11	6		לָ֑/ךְ	l	HR/Sp2fs	051nK
20	11	7		וְ/הָיָ֞ה	c/1961	HC/Vqq3ms	05UFD
20	11	8		כָּל	3605	HNcmsc	05atM
20	11	9		הָ/עָ֣ם	d/5971 a	HTd/Ncmsa	05uGu
20	11	10		הַ/נִּמְצָא	d/4672	HTd/VNrmsa	05dRu
20	11	11		בָ֗/הּ	b	HR/Sp3fs	05QWF
20	11	12		יִהְי֥וּ	1961	HVqi3mp	052qL
20	11	13		לְ/ךָ֛	l	HR/Sp2ms	05MLC
20	11	14		לָ/מַ֖ס	l/4522	HR/Ncmsa	05pwa
20	11	15		וַ/עֲבָדֽוּ/ךָ	c/5647	HC/Vqq3cp/Sp2ms	05VCM
20	12	1		וְ/אִם	c/518 a	HC/C	05wd2
20	12	2		לֹ֤א	3808	HTn	05w5p
20	12	3		תַשְׁלִים֙	7999 b	HVhi3fs	05ggE
20	12	4		עִמָּ֔/ךְ	5973 a	HR/Sp2fs	05iH4
20	12	5		וְ/עָשְׂתָ֥ה	c/6213 a	HC/Vqq3fs	056kT
20	12	6		עִמְּ/ךָ֖	5973 a	HR/Sp2ms	05qxT
20	12	7		מִלְחָמָ֑ה	4421	HNcfsa	055Zi
20	12	8		וְ/צַרְתָּ֖	c/6696 a	HC/Vqq2ms	05j2Z
20	12	9		עָלֶֽי/הָּ	5921 a	HR/Sp3fs	05si1
20	13	1		וּ/נְתָנָ֛/הּ	c/5414	HC/Vqq3ms/Sp3fs	055mE
20	13	2		יְהוָ֥ה	3068	HNp	05NUe
20	13	3		אֱלֹהֶ֖י/ךָ	430	HNcmpc/Sp2ms	05YnH
20	13	4		בְּ/יָדֶ֑/ךָ	b/3027	HR/Ncbsc/Sp2ms	05mvF
20	13	5		וְ/הִכִּיתָ֥	c/5221	HC/Vhq2ms	05gWv
20	13	6		אֶת	853	HTo	05Pco
20	13	7		כָּל	3605	HNcmsc	05bxG
20	13	8		זְכוּרָ֖/הּ	2138	HNcmsc/Sp3fs	059Ks
20	13	9		לְ/פִי	l/6310	HR/Ncmsc	05jNp
20	13	10		חָֽרֶב	2719	HNcfsa	05Cs2
20	14	1		רַ֣ק	7535	HTa	05QCd
20	14	2		הַ֠/נָּשִׁים	d/802	HTd/Ncfpa	05ipi
20	14	3		וְ/הַ/טַּ֨ף	c/d/2945	HC/Td/Ncmsa	05p7W
20	14	4		וְ/הַ/בְּהֵמָ֜ה	c/d/929	HC/Td/Ncfsa	05Rpq
20	14	5		וְ/כֹל֩	c/3605	HC/Ncmsa	05NFY
20	14	6		אֲשֶׁ֨ר	834 a	HTr	05hGE
20	14	7		יִהְיֶ֥ה	1961	HVqi3ms	053dF
20	14	8		בָ/עִ֛יר	b/5892 b	HRd/Ncfsa	05ACo
20	14	9		כָּל	3605	HNcmsc	05zvW
20	14	10		שְׁלָלָ֖/הּ	7998	HNcmsc/Sp3fs	05UPx
20	14	11		תָּבֹ֣ז	962	HVqi2ms	0524M
20	14	12		לָ֑/ךְ	l	HR/Sp2fs	05bRo
20	14	13		וְ/אָֽכַלְתָּ֙	c/398	HC/Vqq2ms	05V6f
20	14	14		אֶת	853	HTo	05RjS
20	14	15		שְׁלַ֣ל	7998	HNcmsc	059dt
20	14	16		אֹיְבֶ֔י/ךָ	341	HVqrmpc/Sp2ms	05V52
20	14	17		אֲשֶׁ֥ר	834 a	HTr	053Tm
20	14	18		נָתַ֛ן	5414	HVqp3ms	05JSL
20	14	19		יְהוָ֥ה	3068	HNp	05qWL
20	14	20		אֱלֹהֶ֖י/ךָ	430	HNcmpc/Sp2ms	05DWU
20	14	21		לָֽ/ךְ	l	HR/Sp2fs	05d1L
20	15	1		כֵּ֤ן	3651 c	HTm	05e96
20	15	2		תַּעֲשֶׂה֙	6213 a	HVqi2ms	05Ci6
20	15	3		לְ/כָל	l/3605	HR/Ncmsc	05ixh
20	15	4		הֶ֣/עָרִ֔ים	d/5892 b	HTd/Ncfpa	0522x
20	15	5		הָ/רְחֹקֹ֥ת	d/7350	HTd/Aafpa	05ogz
20	15	6		מִמְּ/ךָ֖	4480 a	HR/Sp2ms	05z7X
20	15	7		מְאֹ֑ד	3966	HD	05MjR
20	15	8		אֲשֶׁ֛ר	834 a	HTr	05Tk7
20	15	9		לֹא	3808	HTn	05ZGJ
20	15	10		מֵ/עָרֵ֥י	m/5892 b	HR/Ncfpc	05apP
20	15	11		הַ/גּֽוֹיִם	d/1471 a	HTd/Ncmpa	05dPF
20	15	12		הָ/אֵ֖לֶּה	d/428	HTd/Pdxcp	05nAe
20	15	13		הֵֽנָּה	2007	HPp3fp	056WC
20	16	1		רַ֗ק	7535	HTa	05Q3p
20	16	2		מֵ/עָרֵ֤י	m/5892 b	HR/Ncfpc	05dRx
20	16	3		הָֽ/עַמִּים֙	d/5971 a	HTd/Ncmpa	056GF
20	16	4		הָ/אֵ֔לֶּה	d/428	HTd/Pdxcp	05ZWf
20	16	5		אֲשֶׁר֙	834 a	HTr	05dZw
20	16	6		יְהוָ֣ה	3068	HNp	05Xd5
20	16	7		אֱלֹהֶ֔י/ךָ	430	HNcmpc/Sp2ms	05Whs
20	16	8		נֹתֵ֥ן	5414	HVqrmsa	05CUw
20	16	9		לְ/ךָ֖	l	HR/Sp2ms	05vVC
20	16	10		נַחֲלָ֑ה	5159	HNcfsa	05L9j
20	16	11		לֹ֥א	3808	HTn	052gb
20	16	12		תְחַיֶּ֖ה	2421	HVpi2ms	05GFh
20	16	13		כָּל	3605	HNcmsc	05X7A
20	16	14		נְשָׁמָֽה	5397	HNcfsa	05YA6
20	17	1		כִּֽי	3588 a	HC	05rtE
20	17	2		הַחֲרֵ֣ם	2763 a	HVha	05T58
20	17	3		תַּחֲרִימֵ֗/ם	2763 a	HVhi2ms/Sp3mp	05XAY
20	17	4		הַ/חִתִּ֤י	d/2850	HTd/Ngmsa	05TZ6
20	17	5		וְ/הָ/אֱמֹרִי֙	c/d/567	HC/Td/Ngmsa	05ohW
20	17	6		הַ/כְּנַעֲנִ֣י	d/3669 a	HTd/Ngmsa	05UQ9
20	17	7		וְ/הַ/פְּרִזִּ֔י	c/d/6522	HC/Td/Ngmsa	05ywh
20	17	8		הַ/חִוִּ֖י	d/2340	HTd/Ngmsa	05By2
20	17	9		וְ/הַ/יְבוּסִ֑י	c/d/2983	HC/Td/Ngmsa	052R1
20	17	10		כַּ/אֲשֶׁ֥ר	k/834 d	HR/Tr	05sSY
20	17	11		צִוְּ/ךָ֖	6680	HVpp3ms/Sp2ms	05eEK
20	17	12		יְהוָ֥ה	3068	HNp	05Yuc
20	17	13		אֱלֹהֶֽי/ךָ	430	HNcmpc/Sp2ms	05nhh
20	18	1		לְמַ֗עַן	4616	HR	05Z5T
20	18	2		אֲשֶׁ֨ר	834 a	HTr	05qvz
20	18	3		לֹֽא	3808	HTn	05uU8
20	18	4		יְלַמְּד֤וּ	3925	HVpi3mp	05L9Z
20	18	5		אֶתְ/כֶם֙	853	HTo/Sp2mp	05Dv8
20	18	6		לַ/עֲשׂ֔וֹת	l/6213 a	HR/Vqc	05FjK
20	18	7		כְּ/כֹל֙	k/3605	HR/Ncmsc	05WrB
20	18	8		תּֽוֹעֲבֹתָ֔/ם	8441	HNcfpc/Sp3mp	05Q3V
20	18	9		אֲשֶׁ֥ר	834 a	HTr	05zt3
20	18	10		עָשׂ֖וּ	6213 a	HVqp3cp	05Tmz
20	18	11		לֵֽ/אלֹהֵי/הֶ֑ם	l/430	HR/Ncmpc/Sp3mp	05fYG
20	18	12		וַ/חֲטָאתֶ֖ם	c/2398	HC/Vqq2mp	05UXL
20	18	13		לַ/יהוָ֥ה	l/3068	HR/Np	05orU
20	18	14		אֱלֹהֵי/כֶֽם	430	HNcmpc/Sp2mp	05X89
20	19	1		כִּֽי	3588 a	HC	05KD4
20	19	2		תָצ֣וּר	6696 a	HVqi2ms	05yLC
20	19	3		אֶל	413	HR	058jE
20	19	4		עִיר֩	5892 b	HNcfsa	055Lc
20	19	5		יָמִ֨ים	3117	HNcmpa	05ppu
20	19	6		רַבִּ֜ים	7227 a	HAampa	05S27
20	19	7		לְֽ/הִלָּחֵ֧ם	l/3898 a	HR/VNc	05ADR
20	19	8		עָלֶ֣י/הָ	5921 a	HR/Sp3fs	05zFe
20	19	9		לְ/תָפְשָׂ֗/הּ	l/8610	HR/Vqc/Sp3fs	05WSq
20	19	10		לֹֽא	3808	HTn	05wBi
20	19	11		תַשְׁחִ֤ית	7843	HVhi2ms	05FVU
20	19	12		אֶת	853	HTo	05WCj
20	19	13		עֵצָ/הּ֙	6086	HNcmsc/Sp3fs	05Rdm
20	19	14		לִ/נְדֹּ֤חַ	l/5080	HR/Vqc	05dVT
20	19	15		עָלָי/ו֙	5921 a	HR/Sp3ms	05zkS
20	19	16		גַּרְזֶ֔ן	1631	HNcmsa	05G57
20	19	17		כִּ֚י	3588 a	HC	05gHw
20	19	18		מִמֶּ֣/נּוּ	4480 a	HR/Sp1cp	05gCw
20	19	19		תֹאכֵ֔ל	398	HVqi2ms	05gTK
20	19	20		וְ/אֹת֖/וֹ	c/853	HC/To/Sp3ms	0535b
20	19	21		לֹ֣א	3808	HTn	05HND
20	19	22		תִכְרֹ֑ת	3772	HVqi2ms	05TcE
20	19	23		כִּ֤י	3588 a	HC	05LkG
20	19	24		הָֽ/אָדָם֙	i/120	HTi/Ncmsa	05xf6
20	19	25		עֵ֣ץ	6086	HNcmsc	056cM
20	19	26		הַ/שָּׂדֶ֔ה	d/7704 b	HTd/Ncmsa	05CWb
20	19	27		לָ/בֹ֥א	l/935	HR/Vqc	05DAv
20	19	28		מִ/פָּנֶ֖י/ךָ	m/6440	HR/Ncbpc/Sp2ms	05CSF
20	19	29		בַּ/מָּצֽוֹר	b/4692	HRd/Ncmsa	05PJu
20	20	1		רַ֞ק	7535	HTa	056EF
20	20	2		עֵ֣ץ	6086	HNcmsa	05ght
20	20	3		אֲשֶׁר	834 a	HTr	05oxR
20	20	4		תֵּדַ֗ע	3045	HVqi2ms	05aNV
20	20	5		כִּֽי	3588 a	HC	05uoi
20	20	6		לֹא	3808	HTn	05ZxN
20	20	7		עֵ֤ץ	6086	HNcmsc	05bFj
20	20	8		מַאֲכָל֙	3978	HNcmsa	05DVM
20	20	9		ה֔וּא	1931	HPp3ms	058FT
20	20	10		אֹת֥/וֹ	853	HTo/Sp3ms	057kB
20	20	11		תַשְׁחִ֖ית	7843	HVhi2ms	05S3j
20	20	12		וְ/כָרָ֑תָּ	c/3772	HC/Vqq2ms	05GQs
20	20	13		וּ/בָנִ֣יתָ	c/1129	HC/Vqq2ms	057QS
20	20	14		מָצ֗וֹר	4692	HNcmsa	056GA
20	20	15		עַל	5921 a	HR	05xy2
20	20	16		הָ/עִיר֙	d/5892 b	HTd/Ncfsa	05Tpm
20	20	17		אֲשֶׁר	834 a	HTr	05mRw
20	20	18		הִ֨וא	1931	HPp3fs	059gE
20	20	19		עֹשָׂ֧ה	6213 a	HVqrfsa	05ZcM
20	20	20		עִמְּ/ךָ֛	5973 a	HR/Sp2ms	05snj
20	20	21		מִלְחָמָ֖ה	4421	HNcfsa	055m9
20	20	22		עַ֥ד	5704	HR	05wK9
20	20	23		רִדְתָּֽ/הּ	3381	HVqc/Sp3fs	05iQj
21	1	1		כִּי	3588 a	HC	0514x
21	1	2		יִמָּצֵ֣א	4672	HVNi3ms	05v37
21	1	3		חָלָ֗ל	2491 a	HAamsa	054jJ
21	1	4		בָּ/אֲדָמָה֙	b/127	HRd/Ncfsa	05fGp
21	1	5		אֲשֶׁר֩	834 a	HTr	05zrt
21	1	6		יְהוָ֨ה	3068	HNp	05Epq
21	1	7		אֱלֹהֶ֜י/ךָ	430	HNcmpc/Sp2ms	057Ry
21	1	8		נֹתֵ֤ן	5414	HVqrmsa	05wFC
21	1	9		לְ/ךָ֙	l	HR/Sp2ms	05HBS
21	1	10		לְ/רִשְׁתָּ֔/הּ	l/3423	HR/Vqc/Sp3fs	05sf2
21	1	11		נֹפֵ֖ל	5307	HVqrmsa	059dX
21	1	12		בַּ/שָּׂדֶ֑ה	b/7704 b	HRd/Ncmsa	05N7N
21	1	13		לֹ֥א	3808	HTn	05gKc
21	1	14		נוֹדַ֖ע	3045	HVNp3ms	05vJ4
21	1	15		מִ֥י	4310	HTi	05LTG
21	1	16		הִכָּֽה/וּ	5221	HVhp3ms/Sp3ms	05iWP
21	2	1		וְ/יָצְא֥וּ	c/3318	HC/Vqq3cp	05L1p
21	2	2		זְקֵנֶ֖י/ךָ	2205	HAampc/Sp2ms	05b2b
21	2	3		וְ/שֹׁפְטֶ֑י/ךָ	c/8199	HC/Vqrmpc/Sp2ms	057zY
21	2	4		וּ/מָדְדוּ֙	c/4058	HC/Vqq3cp	05wcC
21	2	5		אֶל	413	HR	05U2K
21	2	6		הֶ֣/עָרִ֔ים	d/5892 b	HTd/Ncfpa	05oxn
21	2	7		אֲשֶׁ֖ר	834 a	HTr	05gDj
21	2	8		סְבִיבֹ֥ת	5439	HNcbpc	05AUo
21	2	9		הֶ/חָלָֽל	d/2491 a	HTd/Aamsa	059Ye
21	3	1		וְ/הָיָ֣ה	c/1961	HC/Vqq3ms	05kJo
21	3	2		הָ/עִ֔יר	d/5892 b	HTd/Ncfsa	05rtp
21	3	3		הַ/קְּרֹבָ֖ה	d/7138	HTd/Aafsa	05xVb
21	3	4		אֶל	413	HR	05qqs
21	3	5		הֶ/חָלָ֑ל	d/2491 a	HTd/Aamsa	05Kcb
21	3	6		וְ/לָֽקְח֡וּ	c/3947	HC/Vqq3cp	05VGc
21	3	7		זִקְנֵי֩	2205	HAampc	05aTW
21	3	8		הָ/עִ֨יר	d/5892 b	HTd/Ncfsa	05is8
21	3	9		הַ/הִ֜וא	d/1931	HTd/Pp3fs	053ZA
21	3	10		עֶגְלַ֣ת	5697 a	HNcfsc	05aWZ
21	3	11		בָּקָ֗ר	1241	HNcbsa	058CG
21	3	12		אֲשֶׁ֤ר	834 a	HTr	053aP
21	3	13		לֹֽא	3808	HTn	05j7r
21	3	14		עֻבַּד֙	5647	HVPp3ms	05MkY
21	3	15		בָּ֔/הּ	b	HR/Sp3fs	05hnM
21	3	16		אֲשֶׁ֥ר	834 a	HTr	05zWi
21	3	17		לֹא	3808	HTn	05FDw
21	3	18		מָשְׁכָ֖ה	4900	HVqp3fs	05vPq
21	3	19		בְּ/עֹֽל	b/5923	HR/Ncmsa	05v7k
21	4	1		וְ/הוֹרִ֡דוּ	c/3381	HC/Vhq3cp	05tyX
21	4	2		זִקְנֵי֩	2205	HAampc	05J26
21	4	3		הָ/עִ֨יר	d/5892 b	HTd/Ncfsa	05o8v
21	4	4		הַ/הִ֤וא	d/1931	HTd/Pp3fs	05Lae
21	4	5		אֶת	853	HTo	05ZKD
21	4	6		הָֽ/עֶגְלָה֙	d/5697 a	HTd/Ncfsa	05JMK
21	4	7		אֶל	413	HR	05tNx
21	4	8		נַ֣חַל	5158 a	HNcmsa	05BWE
21	4	9		אֵיתָ֔ן	386	HAamsa	05ZXU
21	4	10		אֲשֶׁ֛ר	834 a	HTr	05ap1
21	4	11		לֹא	3808	HTn	05pu2
21	4	12		יֵעָבֵ֥ד	5647	HVNi3ms	05uYm
21	4	13		בּ֖/וֹ	b	HR/Sp3ms	05LPR
21	4	14		וְ/לֹ֣א	c/3808	HC/Tn	05B9g
21	4	15		יִזָּרֵ֑עַ	2232	HVNi3ms	05ELn
21	4	16		וְ/עָֽרְפוּ	c/6202	HC/Vqq3cp	059mo
21	4	17		שָׁ֥ם	8033	HD	05xiQ
21	4	18		אֶת	853	HTo	05AzY
21	4	19		הָ/עֶגְלָ֖ה	d/5697 a	HTd/Ncfsa	05pRM
21	4	20		בַּ/נָּֽחַל	b/5158 a	HRd/Ncmsa	05gvr
21	5	1		וְ/נִגְּשׁ֣וּ	c/5066	HC/VNq3cp	05es7
21	5	2		הַ/כֹּהֲנִים֮	d/3548	HTd/Ncmpa	05k9R
21	5	3		בְּנֵ֣י	1121 a	HNcmpc	05HmZ
21	5	4		לֵוִי֒	3878	HNp	05dQE
21	5	5		כִּ֣י	3588 a	HC	05EzE
21	5	6		בָ֗/ם	b	HR/Sp3mp	05Qxp
21	5	7		בָּחַ֞ר	977	HVqp3ms	05xRK
21	5	8		יְהוָ֤ה	3068	HNp	056mk
21	5	9		אֱלֹהֶ֨י/ךָ֙	430	HNcmpc/Sp2ms	05kf6
21	5	10		לְ/שָׁ֣רְת֔/וֹ	l/8334	HR/Vpc/Sp3ms	05CLp
21	5	11		וּ/לְ/בָרֵ֖ךְ	c/l/1288	HC/R/Vpc	057ZV
21	5	12		בְּ/שֵׁ֣ם	b/8034	HR/Ncmsc	05skE
21	5	13		יְהוָ֑ה	3068	HNp	05DHK
21	5	14		וְ/עַל	c/5921 a	HC/R	05LmD
21	5	15		פִּי/הֶ֥ם	6310	HNcmsc/Sp3mp	05T9L
21	5	16		יִהְיֶ֖ה	1961	HVqi3ms	05QVr
21	5	17		כָּל	3605	HNcmsc	05ZMf
21	5	18		רִ֥יב	7379	HNcbsa	05a5C
21	5	19		וְ/כָל	c/3605	HC/Ncmsc	05cK2
21	5	20		נָֽגַע	5061	HNcmsa	05FHD
21	6	1		וְ/כֹ֗ל	c/3605	HC/Ncmsc	05BcP
21	6	2		זִקְנֵי֙	2205	HAampc	05cFA
21	6	3		הָ/עִ֣יר	d/5892 b	HTd/Ncfsa	059Bv
21	6	4		הַ/הִ֔וא	d/1931	HTd/Pp3fs	05ktn
21	6	5		הַ/קְּרֹבִ֖ים	d/7138	HTd/Aampa	05AWZ
21	6	6		אֶל	413	HR	05wYq
21	6	7		הֶ/חָלָ֑ל	d/2491 a	HTd/Aamsa	05F4E
21	6	8		יִרְחֲצוּ֙	7364	HVqi3mp	05wMa
21	6	9		אֶת	853	HTo	05M16
21	6	10		יְדֵי/הֶ֔ם	3027	HNcbdc/Sp3mp	05uKB
21	6	11		עַל	5921 a	HR	054cr
21	6	12		הָ/עֶגְלָ֖ה	d/5697 a	HTd/Ncfsa	051Ro
21	6	13		הָ/עֲרוּפָ֥ה	d/6202	HTd/Vqsfsa	05a1a
21	6	14		בַ/נָּֽחַל	b/5158 a	HRd/Ncmsa	057rf
21	7	1		וְ/עָנ֖וּ	c/6030 b	HC/Vqq3cp	0511j
21	7	2		וְ/אָמְר֑וּ	c/559	HC/Vqq3cp	05evk
21	7	3		יָדֵ֗י/נוּ	3027	HNcbdc/Sp1cp	05bGa
21	7	4		לֹ֤א	3808	HTn	0538u
21	7	5	x-ketiv	שפכה	8210	HVqp3fs	05XYz
21	7	6		שָֽׁפְכוּ֙	8210	HVqp3cp	05aaD
21	7	7		אֶת	853	HTo	05zLt
21	7	8		הַ/דָּ֣ם	d/1818	HTd/Ncmsa	05yNH
21	7	9		הַ/זֶּ֔ה	d/2088	HTd/Pdxms	05MrT
21	7	10		וְ/עֵינֵ֖י/נוּ	c/5869 a	HC/Ncbdc/Sp1cp	05gkr
21	7	11		לֹ֥א	3808	HTn	053BK
21	7	12		רָאֽוּ	7200	HVqp3cp	05Rzg
21	8	1		כַּפֵּר֩	3722 a	HVpv2ms	05Tho
21	8	2		לְ/עַמְּ/ךָ֨	l/5971 a	HR/Ncmsc/Sp2ms	05aV8
21	8	3		יִשְׂרָאֵ֤ל	3478	HNp	056XG
21	8	4		אֲשֶׁר	834 a	HTr	05gQc
21	8	5		פָּדִ֨יתָ֙	6299	HVqp2ms	05YoM
21	8	6		יְהוָ֔ה	3068	HNp	05jQn
21	8	7		וְ/אַל	c/408	HC/Tn	055jv
21	8	8		תִּתֵּן֙	5414	HVqj2ms	05Xs5
21	8	9		דָּ֣ם	1818	HNcmsa	05GPZ
21	8	10		נָקִ֔י	5355 a	HAamsa	05PVy
21	8	11		בְּ/קֶ֖רֶב	b/7130	HR/Ncmsc	05HwJ
21	8	12		עַמְּ/ךָ֣	5971 a	HNcmsc/Sp2ms	05nRk
21	8	13		יִשְׂרָאֵ֑ל	3478	HNp	05UmV
21	8	14		וְ/נִכַּפֵּ֥ר	c/3722 a	HC/VDq3ms	05PHe
21	8	15		לָ/הֶ֖ם	l	HR/Sp3mp	05nv5
21	8	16		הַ/דָּֽם	d/1818	HTd/Ncmsa	054NA
21	9	1		וְ/אַתָּ֗ה	c/859 a	HC/Pp2ms	05iaF
21	9	2		תְּבַעֵ֛ר	1197 a	HVpi2ms	05tCw
21	9	3		הַ/דָּ֥ם	d/1818	HTd/Ncmsa	05miU
21	9	4		הַ/נָּקִ֖י	d/5355 a	HTd/Aamsa	05NyE
21	9	5		מִ/קִּרְבֶּ֑/ךָ	m/7130	HR/Ncmsc/Sp2ms	05KyB
21	9	6		כִּֽי	3588 a	HC	05vG4
21	9	7		תַעֲשֶׂ֥ה	6213 a	HVqi2ms	05Ns5
21	9	8		הַ/יָּשָׁ֖ר	d/3477	HTd/Aamsa	05nEy
21	9	9		בְּ/עֵינֵ֥י	b/5869 a	HR/Ncbdc	051j4
21	9	10		יְהוָֽה	3068	HNp	05xWY
21	10	1		כִּֽי	3588 a	HC	05d6q
21	10	2		תֵצֵ֥א	3318	HVqi2ms	05DwY
21	10	3		לַ/מִּלְחָמָ֖ה	l/4421	HRd/Ncfsa	05k8D
21	10	4		עַל	5921 a	HR	05uXu
21	10	5		אֹיְבֶ֑י/ךָ	341	HVqrmpc/Sp2ms	053vW
21	10	6		וּ/נְתָנ֞/וֹ	c/5414	HC/Vqq3ms/Sp3ms	056UE
21	10	7		יְהוָ֧ה	3068	HNp	05KoW
21	10	8		אֱלֹהֶ֛י/ךָ	430	HNcmpc/Sp2ms	05Upi
21	10	9		בְּ/יָדֶ֖/ךָ	b/3027	HR/Ncbsc/Sp2ms	05SLS
21	10	10		וְ/שָׁבִ֥יתָ	c/7617	HC/Vqq2ms	055nj
21	10	11		שִׁבְיֽ/וֹ	7628 a	HNcbsc/Sp3ms	05UuS
21	11	1		וְ/רָאִיתָ֙	c/7200	HC/Vqq2ms	05aYa
21	11	2		בַּ/שִּׁבְיָ֔ה	b/7633	HRd/Ncbsa	05yCU
21	11	3		אֵ֖שֶׁת	802	HNcfsc	05HwX
21	11	4		יְפַת	3303	HAafsc	05Lda
21	11	5		תֹּ֑אַר	8389	HNcmsa	055iw
21	11	6		וְ/חָשַׁקְתָּ֣	c/2836 a	HC/Vqq2ms	05A1N
21	11	7		בָ֔/הּ	b	HR/Sp3fs	05Upk
21	11	8		וְ/לָקַחְתָּ֥	c/3947	HC/Vqq2ms	051QC
21	11	9		לְ/ךָ֖	l	HR/Sp2ms	05uTF
21	11	10		לְ/אִשָּֽׁה	l/802	HR/Ncfsa	05sj2
21	12	1		וַ/הֲבֵאתָ֖/הּ	c/935	HC/Vhq2ms/Sp3fs	05Cya
21	12	2		אֶל	413	HR	05Lsr
21	12	3		תּ֣וֹךְ	8432	HNcmsc	05xMt
21	12	4		בֵּיתֶ֑/ךָ	1004 b	HNcmsc/Sp2ms	05xzT
21	12	5		וְ/גִלְּחָה֙	c/1548	HC/Vpq3fs	05G9z
21	12	6		אֶת	853	HTo	05M9j
21	12	7		רֹאשָׁ֔/הּ	7218 a	HNcmsc/Sp3fs	05mDn
21	12	8		וְ/עָשְׂתָ֖ה	c/6213 a	HC/Vqq3fs	05GEL
21	12	9		אֶת	853	HTo	05MW7
21	12	10		צִפָּרְנֶֽי/הָ	6856	HNcmpc/Sp3fs	05T65
21	13	1		וְ/הֵסִ֩ירָה֩	c/5493	HC/Vhq3fs	05EzH
21	13	2		אֶת	853	HTo	05u8d
21	13	3		שִׂמְלַ֨ת	8071	HNcfsc	05jiv
21	13	4		שִׁבְיָ֜/הּ	7633	HNcbsc/Sp3fs	05jP8
21	13	5		מֵ/עָלֶ֗י/הָ	m/5921 a	HR/R/Sp3fs	05QQx
21	13	6		וְ/יָֽשְׁבָה֙	c/3427	HC/Vqq3fs	05MZC
21	13	7		בְּ/בֵיתֶ֔/ךָ	b/1004 b	HR/Ncmsc/Sp2ms	05TjS
21	13	8		וּ/בָֽכְתָ֛ה	c/1058	HC/Vqq3fs	05aLy
21	13	9		אֶת	853	HTo	05av1
21	13	10		אָבִ֥י/הָ	1	HNcmsc/Sp3fs	05GHs
21	13	11		וְ/אֶת	c/853	HC/To	05Y8d
21	13	12		אִמָּ֖/הּ	517	HNcfsc/Sp3fs	05bn6
21	13	13		יֶ֣רַח	3391	HNcmsc	05En5
21	13	14		יָמִ֑ים	3117	HNcmpa	05AfW
21	13	15		וְ/אַ֨חַר	c/310 a	HC/R	05UL8
21	13	16		כֵּ֜ן	3651 c	HTm	05qni
21	13	17		תָּב֤וֹא	935	HVqi2ms	05pdR
21	13	18		אֵלֶ֨י/הָ֙	413	HR/Sp3fs	051MW
21	13	19		וּ/בְעַלְתָּ֔/הּ	c/1166	HC/Vqq2ms/Sp3fs	05C96
21	13	20		וְ/הָיְתָ֥ה	c/1961	HC/Vqq3fs	05zcK
21	13	21		לְ/ךָ֖	l	HR/Sp2ms	05Zir
21	13	22		לְ/אִשָּֽׁה	l/802	HR/Ncfsa	05L6T
21	14	1		וְ/הָיָ֞ה	c/1961	HC/Vqq3ms	05m8E
21	14	2		אִם	518 a	HC	052bM
21	14	3		לֹ֧א	3808	HTn	05H2r
21	14	4		חָפַ֣צְתָּ	2654 a	HVqp2ms	05fya
21	14	5		בָּ֗/הּ	b	HR/Sp3fs	05zuE
21	14	6		וְ/שִׁלַּחְתָּ/הּ֙	c/7971	HC/Vpq2ms/Sp3fs	05cYr
21	14	7		לְ/נַפְשָׁ֔/הּ	l/5315	HR/Ncbsc/Sp3fs	05vyC
21	14	8		וּ/מָכֹ֥ר	c/4376	HC/Vqa	051Qy
21	14	9		לֹא	3808	HTn	05mev
21	14	10		תִמְכְּרֶ֖/נָּה	4376	HVqi2ms/Sp3fs	05veC
21	14	11		בַּ/כָּ֑סֶף	b/3701	HRd/Ncmsa	05eid
21	14	12		לֹא	3808	HTn	05gkQ
21	14	13		תִתְעַמֵּ֣ר	6014 b	HVti2ms	05rMj
21	14	14		בָּ֔/הּ	b	HR/Sp3fs	05Qme
21	14	15		תַּ֖חַת	8478	HR	05KFR
21	14	16		אֲשֶׁ֥ר	834 a	HTr	05bf6
21	14	17		עִנִּיתָֽ/הּ	6031 b	HVpp2ms/Sp3fs	05kBj
21	15	1		כִּֽי	3588 a	HC	05zZ2
21	15	2		תִהְיֶ֨יןָ	1961	HVqi3fp	05oKC
21	15	3		לְ/אִ֜ישׁ	l/376	HR/Ncmsa	056uo
21	15	4		שְׁתֵּ֣י	8147	HAcfdc	05PCg
21	15	5		נָשִׁ֗ים	802	HNcfpa	05Gd9
21	15	6		הָ/אַחַ֤ת	d/259	HTd/Acfsa	0525K
21	15	7		אֲהוּבָה֙	157	HVqsfsa	052bQ
21	15	8		וְ/הָ/אַחַ֣ת	c/d/259	HC/Td/Acfsa	05jVz
21	15	9		שְׂנוּאָ֔ה	8130	HVqsfsa	059Rn
21	15	10		וְ/יָֽלְדוּ	c/3205	HC/Vqq3cp	05KbM
21	15	11		ל֣/וֹ	l	HR/Sp3ms	05i8D
21	15	12		בָנִ֔ים	1121 a	HNcmpa	05EYu
21	15	13		הָ/אֲהוּבָ֖ה	d/157	HTd/Vqsfsa	05CvC
21	15	14		וְ/הַ/שְּׂנוּאָ֑ה	c/d/8130	HC/Td/Vqsfsa	05tb1
21	15	15		וְ/הָיָ֛ה	c/1961	HC/Vqq3ms	055ZR
21	15	16		הַ/בֵּ֥ן	d/1121 a	HTd/Ncmsa	05Rir
21	15	17		הַ/בְּכ֖וֹר	d/1060	HTd/Ncmsa	05gdi
21	15	18		לַ/שְּׂנִיאָֽה	l/8146	HRd/Aafsa	05DFa
21	16	1		וְ/הָיָ֗ה	c/1961	HC/Vqq3ms	05MxK
21	16	2		בְּ/יוֹם֙	b/3117	HR/Ncmsc	05fex
21	16	3		הַנְחִיל֣/וֹ	5157	HVhc/Sp3ms	0513D
21	16	4		אֶת	853	HTo	05Zvs
21	16	5		בָּנָ֔י/ו	1121 a	HNcmpc/Sp3ms	05hfY
21	16	6		אֵ֥ת	853	HTo	053sw
21	16	7		אֲשֶׁר	834 a	HTr	058Ew
21	16	8		יִהְיֶ֖ה	1961	HVqi3ms	05Mwj
21	16	9		ל֑/וֹ	l	HR/Sp3ms	058g1
21	16	10		לֹ֣א	3808	HTn	05Lk1
21	16	11		יוּכַ֗ל	3201	HVqi3ms	05Uwg
21	16	12		לְ/בַכֵּר֙	l/1069	HR/Vpc	055dD
21	16	13		אֶת	853	HTo	05eHM
21	16	14		בֶּן	1121 a	HNcmsc	05w49
21	16	15		הָ֣/אֲהוּבָ֔ה	d/157	HTd/Vqsfsa	05acX
21	16	16		עַל	5921 a	HR	05Xwc
21	16	17		פְּנֵ֥י	6440	HNcbpc	05D7S
21	16	18		בֶן	1121 a	HNcmsc	05BLU
21	16	19		הַ/שְּׂנוּאָ֖ה	d/8130	HTd/Vqsfsa	05o6z
21	16	20		הַ/בְּכֹֽר	d/1060	HTd/Ncmsa	053aw
21	17	1		כִּי֩	3588 a	HC	053YR
21	17	2		אֶת	853	HTo	05Swj
21	17	3		הַ/בְּכֹ֨ר	d/1060	HTd/Ncmsa	052zp
21	17	4		בֶּן	1121 a	HNcmsc	05x4M
21	17	5		הַ/שְּׂנוּאָ֜ה	d/8130	HTd/Vqsfsa	05f2j
21	17	6		יַכִּ֗יר	5234 a	HVhi3ms	05ESw
21	17	7		לָ֤/תֶת	l/5414	HR/Vqc	05uNE
21	17	8		ל/וֹ֙	l	HR/Sp3ms	05czx
21	17	9		פִּ֣י	6310	HNcmsc	05gNf
21	17	10		שְׁנַ֔יִם	8147	HAcmda	055gm
21	17	11		בְּ/כֹ֥ל	b/3605	HR/Ncmsa	05sA2
21	17	12		אֲשֶׁר	834 a	HTr	05nQw
21	17	13		יִמָּצֵ֖א	4672	HVNi3ms	05KS7
21	17	14		ל֑/וֹ	l	HR/Sp3ms	05vk1
21	17	15		כִּי	3588 a	HC	05azB
21	17	16		הוּא֙	1931	HPp3ms	05wZA
21	17	17		רֵאשִׁ֣ית	7225	HNcfsc	05WhD
21	17	18		אֹנ֔/וֹ	202	HNcmsc/Sp3ms	05AwF
21	17	19		ל֖/וֹ	l	HR/Sp3ms	058k8
21	17	20		מִשְׁפַּ֥ט	4941	HNcmsc	05SpG
21	17	21		הַ/בְּכֹרָֽה	d/1062	HTd/Ncbsa	05S8F
21	18	1		כִּֽי	3588 a	HC	05msz
21	18	2		יִהְיֶ֣ה	1961	HVqi3ms	05bTw
21	18	3		לְ/אִ֗ישׁ	l/376	HR/Ncmsa	05QiX
21	18	4		בֵּ֚ן	1121 a	HNcmsa	05Xuu
21	18	5		סוֹרֵ֣ר	5637	HVqrmsa	05KTQ
21	18	6		וּ/מוֹרֶ֔ה	c/4784	HC/Vqrmsa	05r46
21	18	7		אֵינֶ֣/נּוּ	369	HTn/Sp3ms	053dV
21	18	8		שֹׁמֵ֔עַ	8085	HVqrmsa	05Rjs
21	18	9		בְּ/ק֥וֹל	b/6963 a	HR/Ncmsc	05A9E
21	18	10		אָבִ֖י/ו	1	HNcmsc/Sp3ms	05AnP
21	18	11		וּ/בְ/ק֣וֹל	c/b/6963 a	HC/R/Ncmsc	05Qsw
21	18	12		אִמּ֑/וֹ	517	HNcfsc/Sp3ms	05CF2
21	18	13		וְ/יסְּר֣וּ	c/3256	HC/Vpq3cp	058VA
21	18	14		אֹת֔/וֹ	853	HTo/Sp3ms	05Yfd
21	18	15		וְ/לֹ֥א	c/3808	HC/Tn	05Ngi
21	18	16		יִשְׁמַ֖ע	8085	HVqi3ms	05Ksy
21	18	17		אֲלֵי/הֶֽם	413	HR/Sp3mp	05cKK
21	19	1		וְ/תָ֥פְשׂוּ	c/8610	HC/Vqq3cp	05Dnr
21	19	2		ב֖/וֹ	b	HR/Sp3ms	05CPM
21	19	3		אָבִ֣י/ו	1	HNcmsc/Sp3ms	05uYg
21	19	4		וְ/אִמּ֑/וֹ	c/517	HC/Ncfsc/Sp3ms	056yA
21	19	5		וְ/הוֹצִ֧יאוּ	c/3318	HC/Vhq3cp	054tC
21	19	6		אֹת֛/וֹ	853	HTo/Sp3ms	05LkV
21	19	7		אֶל	413	HR	05cmM
21	19	8		זִקְנֵ֥י	2205	HAampc	05AKe
21	19	9		עִיר֖/וֹ	5892 b	HNcfsc/Sp3ms	055V1
21	19	10		וְ/אֶל	c/413	HC/R	05rXz
21	19	11		שַׁ֥עַר	8179	HNcmsc	055XE
21	19	12		מְקֹמֽ/וֹ	4725	HNcmsc/Sp3ms	05VhT
21	20	1		וְ/אָמְר֞וּ	c/559	HC/Vqq3cp	05aN4
21	20	2		אֶל	413	HR	05Sax
21	20	3		זִקְנֵ֣י	2205	HAampc	05yVm
21	20	4		עִיר֗/וֹ	5892 b	HNcfsc/Sp3ms	05bhd
21	20	5		בְּנֵ֤/נוּ	1121 a	HNcmsc/Sp1cp	05jJJ
21	20	6		זֶה֙	2088	HPdxms	05tDj
21	20	7		סוֹרֵ֣ר	5637	HVqrmsa	05eVj
21	20	8		וּ/מֹרֶ֔ה	c/4784	HC/Vqrmsa	05yuP
21	20	9		אֵינֶ֥/נּוּ	369	HTn/Sp3ms	05yVg
21	20	10		שֹׁמֵ֖עַ	8085	HVqrmsa	058uc
21	20	11		בְּ/קֹלֵ֑/נוּ	b/6963 a	HR/Ncmsc/Sp1cp	05Tx7
21	20	12		זוֹלֵ֖ל	2151 b	HVqrmsa	05Nf9
21	20	13		וְ/סֹבֵֽא	c/5435	HC/Vqrmsa	05ErY
21	21	1		וּ֠/רְגָמֻ/הוּ	c/7275	HC/Vqq3cp/Sp3ms	05SDV
21	21	2		כָּל	3605	HNcmsc	05S5U
21	21	3		אַנְשֵׁ֨י	376	HNcmpc	05rBc
21	21	4		עִיר֤/וֹ	5892 b	HNcfsc/Sp3ms	05n6K
21	21	5		בָֽ/אֲבָנִים֙	b/68	HRd/Ncfpa	05KR8
21	21	6		וָ/מֵ֔ת	c/4191	HC/Vqq3ms	05bXf
21	21	7		וּ/בִֽעַרְתָּ֥	c/1197 a	HC/Vpq2ms	057He
21	21	8		הָ/רָ֖ע	d/7451	HTd/Aamsa	05NPm
21	21	9		מִ/קִּרְבֶּ֑/ךָ	m/7130	HR/Ncmsc/Sp2ms	05KYN
21	21	10		וְ/כָל	c/3605	HC/Ncmsc	058Bi
21	21	11		יִשְׂרָאֵ֖ל	3478	HNp	051Mj
21	21	12		יִשְׁמְע֥וּ	8085	HVqi3mp	05d5X
21	21	13		וְ/יִרָֽאוּ	c/3372	HC/Vqi3mp	05Yp1
21	22	1		וְ/כִֽי	c/3588 a	HC/C	05iSP
21	22	2		יִהְיֶ֣ה	1961	HVqi3ms	05ZfK
21	22	3		בְ/אִ֗ישׁ	b/376	HR/Ncmsa	05u5B
21	22	4		חֵ֛טְא	2399	HNcmsc	05p96
21	22	5		מִשְׁפַּט	4941	HNcmsc	05KKx
21	22	6		מָ֖וֶת	4194	HNcmsa	05YfM
21	22	7		וְ/הוּמָ֑ת	c/4191	HC/VHq3ms	055ro
21	22	8		וְ/תָלִ֥יתָ	c/8518	HC/Vqq2ms	055AM
21	22	9		אֹת֖/וֹ	853	HTo/Sp3ms	05Rp4
21	22	10		עַל	5921 a	HR	05wKU
21	22	11		עֵֽץ	6086	HNcmsa	05dbh
21	23	1		לֹא	3808	HTn	05YA5
21	23	2		תָלִ֨ין	3885 a	HVqi3fs	05xjv
21	23	3		נִבְלָת֜/וֹ	5038	HNcfsc/Sp3ms	051dS
21	23	4		עַל	5921 a	HR	05E92
21	23	5		הָ/עֵ֗ץ	d/6086	HTd/Ncmsa	05Fys
21	23	6		כִּֽי	3588 a	HC	05Xse
21	23	7		קָב֤וֹר	6912	HVqa	05aEj
21	23	8		תִּקְבְּרֶ֨/נּוּ֙	6912	HVqi2ms/Sp3ms	05mGS
21	23	9		בַּ/יּ֣וֹם	b/3117	HRd/Ncmsa	053Lv
21	23	10		הַ/ה֔וּא	d/1931	HTd/Pp3ms	05vrK
21	23	11		כִּֽי	3588 a	HC	05k1r
21	23	12		קִלְלַ֥ת	7045	HNcfsc	05CZZ
21	23	13		אֱלֹהִ֖ים	430	HNcmpa	05bCc
21	23	14		תָּל֑וּי	8518	HVqsmsa	05Bmn
21	23	15		וְ/לֹ֤א	c/3808	HC/Tn	05XMv
21	23	16		תְטַמֵּא֙	2930 a	HVpi2ms	05cFV
21	23	17		אֶת	853	HTo	05RQq
21	23	18		אַדְמָ֣תְ/ךָ֔	127	HNcfsc/Sp2ms	05Ppj
21	23	19		אֲשֶׁר֙	834 a	HTr	05PXw
21	23	20		יְהוָ֣ה	3068	HNp	05ZSs
21	23	21		אֱלֹהֶ֔י/ךָ	430	HNcmpc/Sp2ms	05kid
21	23	22		נֹתֵ֥ן	5414	HVqrmsa	05ECC
21	23	23		לְ/ךָ֖	l	HR/Sp2ms	058aX
21	23	24		נַחֲלָֽה	5159	HNcfsa	05dCA
22	1	1		לֹֽא	3808	HTn	05iYJ
22	1	2		תִרְאֶה֩	7200	HVqi2ms	054MR
22	1	3		אֶת	853	HTo	05ZFU
22	1	4		שׁ֨וֹר	7794	HNcmsc	05JTf
22	1	5		אָחִ֜י/ךָ	251	HNcmsc/Sp2ms	05NEZ
22	1	6		א֤וֹ	176 a	HC	05VWk
22	1	7		אֶת	853	HTo	05MRM
22	1	8		שֵׂי/וֹ֙	7716	HNcbsc/Sp3ms	053Az
22	1	9		נִדָּחִ֔ים	5080	HVNrmpa	05Xvk
22	1	10		וְ/הִתְעַלַּמְתָּ֖	c/5956	HC/Vtq2ms	05hrr
22	1	11		מֵ/הֶ֑ם	m	HR/Sp3mp	05Zna
22	1	12		הָשֵׁ֥ב	7725	HVha	0547T
22	1	13		תְּשִׁיבֵ֖/ם	7725	HVhi2ms/Sp3mp	05uEs
22	1	14		לְ/אָחִֽי/ךָ	l/251	HR/Ncmsc/Sp2ms	05UhF
22	2	1		וְ/אִם	c/518 a	HC/C	05AsV
22	2	2		לֹ֨א	3808	HTn	05cPo
22	2	3		קָר֥וֹב	7138	HAamsa	05HCo
22	2	4		אָחִ֛י/ךָ	251	HNcmsc/Sp2ms	05Ncd
22	2	5		אֵלֶ֖י/ךָ	413	HR/Sp2ms	05fkM
22	2	6		וְ/לֹ֣א	c/3808	HC/Tn	05Y5W
22	2	7		יְדַעְתּ֑/וֹ	3045	HVqp2ms/Sp3ms	05cWe
22	2	8		וַ/אֲסַפְתּ/וֹ֙	c/622	HC/Vqq2ms/Sp3ms	0578Q
22	2	9		אֶל	413	HR	05QMC
22	2	10		תּ֣וֹךְ	8432	HNcmsc	059FS
22	2	11		בֵּיתֶ֔/ךָ	1004 b	HNcmsc/Sp2ms	05UgZ
22	2	12		וְ/הָיָ֣ה	c/1961	HC/Vqq3ms	05dCx
22	2	13		עִמְּ/ךָ֗	5973 a	HR/Sp2ms	05t8E
22	2	14		עַ֣ד	5704	HR	05bHQ
22	2	15		דְּרֹ֤שׁ	1875	HVqc	05Vqr
22	2	16		אָחִ֨י/ךָ֙	251	HNcmsc/Sp2ms	05zDY
22	2	17		אֹת֔/וֹ	853	HTo/Sp3ms	05veq
22	2	18		וַ/הֲשֵׁבֹת֖/וֹ	c/7725	HC/Vhq2ms/Sp3ms	052Ug
22	2	19		לֽ/וֹ	l	HR/Sp3ms	05LXA
22	3	1		וְ/כֵ֧ן	c/3651 c	HC/Tm	05Kqi
22	3	2		תַּעֲשֶׂ֣ה	6213 a	HVqi2ms	0514n
22	3	3		לַ/חֲמֹר֗/וֹ	l/2543	HR/Ncbsc/Sp3ms	05yHy
22	3	4		וְ/כֵ֣ן	c/3651 c	HC/Tm	05Umo
22	3	5		תַּעֲשֶׂה֮	6213 a	HVqi2ms	057NW
22	3	6		לְ/שִׂמְלָת/וֹ֒	l/8071	HR/Ncfsc/Sp3ms	05KG2
22	3	7		וְ/כֵ֣ן	c/3651 c	HC/Tm	05fYJ
22	3	8		תַּעֲשֶׂ֜ה	6213 a	HVqi2ms	059d8
22	3	9		לְ/כָל	l/3605	HR/Ncmsc	05Sfn
22	3	10		אֲבֵדַ֥ת	9	HNcfsc	05uWk
22	3	11		אָחִ֛י/ךָ	251	HNcmsc/Sp2ms	05Tgm
22	3	12		אֲשֶׁר	834 a	HTr	05YMi
22	3	13		תֹּאבַ֥ד	6	HVqi3fs	05iJh
22	3	14		מִמֶּ֖/נּוּ	4480 a	HR/Sp1cp	05LXs
22	3	15		וּ/מְצָאתָ֑/הּ	c/4672	HC/Vqq2ms/Sp3fs	05rYT
22	3	16		לֹ֥א	3808	HTn	05RR8
22	3	17		תוּכַ֖ל	3201	HVqi2ms	056Re
22	3	18		לְ/הִתְעַלֵּֽם	l/5956	HR/Vtc	055kQ
22	4	1		לֹא	3808	HTn	05F1e
22	4	2		תִרְאֶה֩	7200	HVqi2ms	05sxD
22	4	3		אֶת	853	HTo	055qt
22	4	4		חֲמ֨וֹר	2543	HNcbsc	05xfJ
22	4	5		אָחִ֜י/ךָ	251	HNcmsc/Sp2ms	057fv
22	4	6		א֤וֹ	176 a	HC	05GTF
22	4	7		שׁוֹר/וֹ֙	7794	HNcmsc/Sp3ms	05xxY
22	4	8		נֹפְלִ֣ים	5307	HVqrmpa	058D3
22	4	9		בַּ/דֶּ֔רֶךְ	b/1870	HRd/Ncbsa	05H6s
22	4	10		וְ/הִתְעַלַּמְתָּ֖	c/5956	HC/Vtq2ms	05Q3u
22	4	11		מֵ/הֶ֑ם	m	HR/Sp3mp	05g4E
22	4	12		הָקֵ֥ם	6965 b	HVha	05nHP
22	4	13		תָּקִ֖ים	6965 b	HVhi2ms	05Npf
22	4	14		עִמּֽ/וֹ	5973 a	HR/Sp3ms	05TSC
22	5	1		לֹא	3808	HTn	056Gr
22	5	2		יִהְיֶ֤ה	1961	HVqi3ms	05HFG
22	5	3		כְלִי	3627	HNcmsc	05UML
22	5	4		גֶ֨בֶר֙	1397	HNcmsa	05KFu
22	5	5		עַל	5921 a	HR	05oBq
22	5	6		אִשָּׁ֔ה	802	HNcfsa	05zF2
22	5	7		וְ/לֹא	c/3808	HC/Tn	05gEd
22	5	8		יִלְבַּ֥שׁ	3847	HVqi3ms	05oyj
22	5	9		גֶּ֖בֶר	1397	HNcmsa	05zVA
22	5	10		שִׂמְלַ֣ת	8071	HNcfsc	05JNz
22	5	11		אִשָּׁ֑ה	802	HNcfsa	05BYL
22	5	12		כִּ֧י	3588 a	HC	05kq6
22	5	13		תוֹעֲבַ֛ת	8441	HNcfsc	05MnH
22	5	14		יְהוָ֥ה	3068	HNp	05bQw
22	5	15		אֱלֹהֶ֖י/ךָ	430	HNcmpc/Sp2ms	05y6n
22	5	16		כָּל	3605	HNcmsc	05xa7
22	5	17		עֹ֥שֵׂה	6213 a	HVqrmsc	05cGb
22	5	18		אֵֽלֶּה	428	HPdxcp	05YGx
22	6	1		כִּ֣י	3588 a	HC	05pa3
22	6	2		יִקָּרֵ֣א	7122	HVNi3ms	05ibA
22	6	3		קַן	7064	HNcmsc	05dvZ
22	6	4		צִפּ֣וֹר	6833	HNcbsa	05hFJ
22	6	5		לְ/פָנֶ֡י/ךָ	l/6440	HR/Ncbpc/Sp2ms	0566z
22	6	6		בַּ/דֶּ֜רֶךְ	b/1870	HRd/Ncbsa	05AeZ
22	6	7		בְּ/כָל	b/3605	HR/Ncmsc	05Dsp
22	6	8		עֵ֣ץ	6086	HNcmsa	05ELA
22	6	9		א֣וֹ	176 a	HC	057dA
22	6	10		עַל	5921 a	HR	05PXX
22	6	11		הָ/אָ֗רֶץ	d/776	HTd/Ncbsa	05yyV
22	6	12		אֶפְרֹחִים֙	667	HNcmpa	05fQB
22	6	13		א֣וֹ	176 a	HC	05Nkg
22	6	14		בֵיצִ֔ים	1000	HNcfpa	05WHz
22	6	15		וְ/הָ/אֵ֤ם	c/d/517	HC/Td/Ncfsa	05xTn
22	6	16		רֹבֶ֨צֶת֙	7257	HVqrfsa	05XYy
22	6	17		עַל	5921 a	HR	05nbe
22	6	18		הָֽ/אֶפְרֹחִ֔ים	d/667	HTd/Ncmpa	05kUz
22	6	19		א֖וֹ	176 a	HC	05Amk
22	6	20		עַל	5921 a	HR	05edi
22	6	21		הַ/בֵּיצִ֑ים	d/1000	HTd/Ncfpa	05U5m
22	6	22		לֹא	3808	HTn	058hf
22	6	23		תִקַּ֥ח	3947	HVqi2ms	05yYd
22	6	24		הָ/אֵ֖ם	d/517	HTd/Ncfsa	05WnW
22	6	25		עַל	5921 a	HR	05K8G
22	6	26		הַ/בָּנִֽים	d/1121 a	HTd/Ncmpa	05gEG
22	7	1		שַׁלֵּ֤חַ	7971	HVpa	0584A
22	7	2		תְּשַׁלַּח֙	7971	HVpi2ms	05Sgy
22	7	3		אֶת	853	HTo	054Ny
22	7	4		הָ/אֵ֔ם	d/517	HTd/Ncfsa	05Kvd
22	7	5		וְ/אֶת	c/853	HC/To	05ZUS
22	7	6		הַ/בָּנִ֖ים	d/1121 a	HTd/Ncmpa	05XoQ
22	7	7		תִּֽקַּֽח	3947	HVqi2ms	05Ujv
22	7	8		לָ֑/ךְ	l	HR/Sp2fs	05i5h
22	7	9		לְמַ֨עַן֙	4616	HR	05oNy
22	7	10		יִ֣יטַב	3190	HVqi3ms	056c6
22	7	11		לָ֔/ךְ	l	HR/Sp2fs	05mRY
22	7	12		וְ/הַאֲרַכְתָּ֖	c/748	HC/Vhq2ms	05Qjx
22	7	13		יָמִֽים	3117	HNcmpa	05UQH
22	8	1		כִּ֤י	3588 a	HC	05TXE
22	8	2		תִבְנֶה֙	1129	HVqi2ms	05h72
22	8	3		בַּ֣יִת	1004 b	HNcmsa	05f14
22	8	4		חָדָ֔שׁ	2319	HAamsa	05XZo
22	8	5		וְ/עָשִׂ֥יתָ	c/6213 a	HC/Vqq2ms	05Fsc
22	8	6		מַעֲקֶ֖ה	4624	HNcmsa	05rP9
22	8	7		לְ/גַגֶּ֑/ךָ	l/1406	HR/Ncmsc/Sp2ms	05L9q
22	8	8		וְ/לֹֽא	c/3808	HC/Tn	05hD9
22	8	9		תָשִׂ֤ים	7760 a	HVqi2ms	05R7s
22	8	10		דָּמִים֙	1818	HNcmpa	05U9m
22	8	11		בְּ/בֵיתֶ֔/ךָ	b/1004 b	HR/Ncmsc/Sp2ms	05X96
22	8	12		כִּֽי	3588 a	HC	05ZEe
22	8	13		יִפֹּ֥ל	5307	HVqi3ms	05svc
22	8	14		הַ/נֹּפֵ֖ל	d/5307	HTd/Vqrmsa	05Ffh
22	8	15		מִמֶּֽ/נּוּ	4480 a	HR/Sp3ms	05wmm
22	9	1		לֹא	3808	HTn	05Sw7
22	9	2		תִזְרַ֥ע	2232	HVqi2ms	05eV6
22	9	3		כַּרְמְ/ךָ֖	3754	HNcbsc/Sp2ms	053Hv
22	9	4		כִּלְאָ֑יִם	3610	HNcmda	05Q4W
22	9	5		פֶּן	6435	HC	05UFn
22	9	6		תִּקְדַּ֗שׁ	6942	HVqi2fs	05YNC
22	9	7		הַֽ/מְלֵאָ֤ה	d/4395	HTd/Ncfsa	05aR8
22	9	8		הַ/זֶּ֨רַע֙	d/2233	HTd/Ncmsa	05LkN
22	9	9		אֲשֶׁ֣ר	834 a	HTr	05sNT
22	9	10		תִּזְרָ֔ע	2232	HVqi2ms	05tBw
22	9	11		וּ/תְבוּאַ֖ת	c/8393	HC/Ncfsc	058Ka
22	9	12		הַ/כָּֽרֶם	d/3754	HTd/Ncbsa	0535Y
22	10	1		לֹֽא	3808	HTn	059MC
22	10	2		תַחֲרֹ֥שׁ	2790 a	HVqi2ms	05L8B
22	10	3		בְּ/שׁוֹר	b/7794	HR/Ncmsa	05S9i
22	10	4		וּ/בַ/חֲמֹ֖ר	c/b/2543	HC/R/Ncbsa	05Mv3
22	10	5		יַחְדָּֽו	3162 b	HD	05wVV
22	11	1		לֹ֤א	3808	HTn	05g4n
22	11	2		תִלְבַּשׁ֙	3847	HVqi2ms	05kQp
22	11	3		שַֽׁעַטְנֵ֔ז	8162	HNcmsa	05Kb6
22	11	4		צֶ֥מֶר	6785	HNcmsa	05b2m
22	11	5		וּ/פִשְׁתִּ֖ים	c/6593	HC/Ncmpa	05ydG
22	11	6		יַחְדָּֽו	3162 b	HD	055Fz
22	12	1		גְּדִלִ֖ים	1434	HNcmpa	05fdx
22	12	2		תַּעֲשֶׂה	6213 a	HVqi2ms	05nbJ
22	12	3		לָּ֑/ךְ	l	HR/Sp2fs	05kFR
22	12	4		עַל	5921 a	HR	05bdT
22	12	5		אַרְבַּ֛ע	702	HAcfsa	05198
22	12	6		כַּנְפ֥וֹת	3671	HNcfpc	05zXN
22	12	7		כְּסוּתְ/ךָ֖	3682	HNcfsc/Sp2ms	05GsJ
22	12	8		אֲשֶׁ֥ר	834 a	HTr	05Ygk
22	12	9		תְּכַסֶּה	3680	HVpi2ms	05pvb
22	12	10		בָּֽ/הּ	b	HR/Sp3fs	05ikT
22	13	1		כִּֽי	3588 a	HC	05hkL
22	13	2		יִקַּ֥ח	3947	HVqi3ms	05Zkg
22	13	3		אִ֖ישׁ	376	HNcmsa	05rjG
22	13	4		אִשָּׁ֑ה	802	HNcfsa	05Zr3
22	13	5		וּ/בָ֥א	c/935	HC/Vqq3ms	05wyh
22	13	6		אֵלֶ֖י/הָ	413	HR/Sp3fs	05ptA
22	13	7		וּ/שְׂנֵאָֽ/הּ	c/8130	HC/Vqq3ms/Sp3fs	05eWf
22	14	1		וְ/שָׂ֥ם	c/7760 a	HC/Vqq3ms	05CPj
22	14	2		לָ/הּ֙	l	HR/Sp3fs	0575q
22	14	3		עֲלִילֹ֣ת	5949	HNcfpc	05ZEp
22	14	4		דְּבָרִ֔ים	1697	HNcmpa	05ujr
22	14	5		וְ/הוֹצִ֥יא	c/3318	HC/Vhq3ms	05YAj
22	14	6		עָלֶ֖י/הָ	5921 a	HR/Sp3fs	05vTy
22	14	7		שֵׁ֣ם	8034	HNcmsa	05uRq
22	14	8		רָ֑ע	7451 a	HAamsa	05ZEw
22	14	9		וְ/אָמַ֗ר	c/559	HC/Vqq3ms	05WYA
22	14	10		אֶת	853	HTo	05qhb
22	14	11		הָ/אִשָּׁ֤ה	d/802	HTd/Ncfsa	05GDP
22	14	12		הַ/זֹּאת֙	d/2063	HTd/Pdxfs	05APs
22	14	13		לָקַ֔חְתִּי	3947	HVqp1cs	05qXw
22	14	14		וָ/אֶקְרַ֣ב	c/7126	HC/Vqw1cs	05Gh9
22	14	15		אֵלֶ֔י/הָ	413	HR/Sp3fs	05n4y
22	14	16		וְ/לֹא	c/3808	HC/Tn	056i6
22	14	17		מָצָ֥אתִי	4672	HVqp1cs	05squ
22	14	18		לָ֖/הּ	l	HR/Sp3fs	05Kgq
22	14	19		בְּתוּלִֽים	1331	HNcbpa	05v4i
22	15	1		וְ/לָקַ֛ח	c/3947	HC/Vqq3ms	05RbN
22	15	2		אֲבִ֥י	1	HNcmsc	059LN
22	15	3	x-ketiv	ה/נער	d/5291	HTd/Ncfsa	05dof
22	15	4		הַֽ/נַּעֲרָ֖ה	d/5291	HTd/Ncfsa	05jCu
22	15	5		וְ/אִמָּ֑/הּ	c/517	HC/Ncfsc/Sp3fs	05RA2
22	15	6		וְ/הוֹצִ֜יאוּ	c/3318	HC/Vhq3cp	0522L
22	15	7		אֶת	853	HTo	05eJb
22	15	8		בְּתוּלֵ֧י	1331	HNcbpc	05TCo
22	15	9	x-ketiv	ה/נער	d/5291	HTd/Ncfsa	051DL
22	15	10		הַֽ/נַּעֲרָ֛ה	d/5291	HTd/Ncfsa	05U11
22	15	11		אֶל	413	HR	05wAB
22	15	12		זִקְנֵ֥י	2205	HAampc	05Jdr
22	15	13		הָ/עִ֖יר	d/5892 b	HTd/Ncfsa	05kds
22	15	14		הַ/שָּֽׁעְרָ/ה	d/8179	HTd/Ncmsa/Sd	05VhE
22	16	1		וְ/אָמַ֛ר	c/559	HC/Vqq3ms	05XYi
22	16	2		אֲבִ֥י	1	HNcmsc	05ejz
22	16	3	x-ketiv	ה/נער	d/5291	HTd/Ncfsa	05etA
22	16	4		הַֽ/נַּעַרָ֖ה	d/5291	HTd/Ncfsa	05DcB
22	16	5		אֶל	413	HR	05pEu
22	16	6		הַ/זְּקֵנִ֑ים	d/2205	HTd/Aampa	05Xoa
22	16	7		אֶת	853	HTo	05EWC
22	16	8		בִּתִּ֗/י	1323	HNcfsc/Sp1cs	05yDn
22	16	9		נָתַ֜תִּי	5414	HVqp1cs	05bJ2
22	16	10		לָ/אִ֥ישׁ	l/376	HRd/Ncmsa	05YKT
22	16	11		הַ/זֶּ֛ה	d/2088	HTd/Pdxms	05URj
22	16	12		לְ/אִשָּׁ֖ה	l/802	HR/Ncfsa	056mo
22	16	13		וַ/יִּשְׂנָאֶֽ/הָ	c/8130	HC/Vqw3ms/Sp3fs	05yxJ
22	17	1		וְ/הִנֵּה	c/2009	HC/Tm	05NM4
22	17	2		ה֡וּא	1931	HPp3ms	05fhU
22	17	3		שָׂם֩	7760 a	HVqp3ms	05xuo
22	17	4		עֲלִילֹ֨ת	5949	HNcfpc	05UEp
22	17	5		דְּבָרִ֜ים	1697	HNcmpa	05MDn
22	17	6		לֵ/אמֹ֗ר	l/559	HR/Vqc	05ju9
22	17	7		לֹֽא	3808	HTn	05YEm
22	17	8		מָצָ֤אתִי	4672	HVqp1cs	053xG
22	17	9		לְ/בִתְּ/ךָ֙	l/1323	HR/Ncfsc/Sp2ms	05ZgR
22	17	10		בְּתוּלִ֔ים	1331	HNcbpa	053qk
22	17	11		וְ/אֵ֖לֶּה	c/428	HC/Pdxcp	05pGx
22	17	12		בְּתוּלֵ֣י	1331	HNcbpc	05hv5
22	17	13		בִתִּ֑/י	1323	HNcfsc/Sp1cs	05QGv
22	17	14		וּ/פָֽרְשׂוּ֙	c/6566	HC/Vqq3cp	05L7y
22	17	15		הַ/שִּׂמְלָ֔ה	d/8071	HTd/Ncfsa	05nu8
22	17	16		לִ/פְנֵ֖י	l/6440	HR/Ncbpc	05n1y
22	17	17		זִקְנֵ֥י	2205	HAampc	05Zkm
22	17	18		הָ/עִֽיר	d/5892 b	HTd/Ncfsa	05qVK
22	18	1		וְ/לָֽקְח֛וּ	c/3947	HC/Vqq3cp	05jBr
22	18	2		זִקְנֵ֥י	2205	HAampc	05cgK
22	18	3		הָֽ/עִיר	d/5892 b	HTd/Ncfsa	05Nqr
22	18	4		הַ/הִ֖וא	d/1931	HTd/Pp3fs	05LxX
22	18	5		אֶת	853	HTo	05Ljx
22	18	6		הָ/אִ֑ישׁ	d/376	HTd/Ncmsa	05bus
22	18	7		וְ/יִסְּר֖וּ	c/3256	HC/Vpq3cp	05NNv
22	18	8		אֹתֽ/וֹ	853	HTo/Sp3ms	05M37
22	19	1		וְ/עָנְשׁ֨וּ	c/6064	HC/Vqq3cp	05f1x
22	19	2		אֹת֜/וֹ	853	HTo/Sp3ms	053r7
22	19	3		מֵ֣אָה	3967	HAcbsa	05Zw5
22	19	4		כֶ֗סֶף	3701	HNcmsa	05nu3
22	19	5		וְ/נָתְנוּ֙	c/5414	HC/Vqq3cp	05VNP
22	19	6		לַ/אֲבִ֣י	l/1	HR/Ncmsc	05jsx
22	19	7		הַֽ/נַּעֲרָ֔ה	d/5291	HTd/Ncfsa	05JD3
22	19	8		כִּ֤י	3588 a	HC	054eU
22	19	9		הוֹצִיא֙	3318	HVhp3ms	05ypB
22	19	10		שֵׁ֣ם	8034	HNcmsa	05svx
22	19	11		רָ֔ע	7451 a	HAamsa	05mrL
22	19	12		עַ֖ל	5921 a	HR	05d8S
22	19	13		בְּתוּלַ֣ת	1330	HNcfsc	05tSP
22	19	14		יִשְׂרָאֵ֑ל	3478	HNp	05bjP
22	19	15		וְ/לֽ/וֹ	c/l	HC/R/Sp3ms	05aKU
22	19	16		תִהְיֶ֣ה	1961	HVqi3fs	05iBY
22	19	17		לְ/אִשָּׁ֔ה	l/802	HR/Ncfsa	05gw3
22	19	18		לֹא	3808	HTn	05Wee
22	19	19		יוּכַ֥ל	3201	HVqi3ms	05Zc7
22	19	20		לְ/שַּׁלְּחָ֖/הּ	l/7971	HR/Vpc/Sp3fs	05Ee2
22	19	21		כָּל	3605	HNcmsc	05ZHm
22	19	22		יָמָֽי/ו	3117	HNcmpc/Sp3ms	05ofL
22	20	1		וְ/אִם	c/518 a	HC/C	05GhY
22	20	2		אֱמֶ֣ת	571	HNcfsa	059n6
22	20	3		הָיָ֔ה	1961	HVqp3ms	05TPj
22	20	4		הַ/דָּבָ֖ר	d/1697	HTd/Ncmsa	05rvH
22	20	5		הַ/זֶּ֑ה	d/2088	HTd/Pdxms	05nVc
22	20	6		לֹא	3808	HTn	05Yqo
22	20	7		נִמְצְא֥וּ	4672	HVNp3cp	05uKG
22	20	8		בְתוּלִ֖ים	1331	HNcbpa	05KoS
22	20	9	x-ketiv	ל/נער	l/5291	HRd/Ncfsa	05y1v
22	20	10		לַֽ/נַּעֲרָֽה	l/5291	HRd/Ncfsa	05nD3
22	21	1		וְ/הוֹצִ֨יאוּ	c/3318	HC/Vhq3cp	05aDh
22	21	2		אֶת	853	HTo	05XXA
22	21	3	x-ketiv	ה/נער	d/5291	HTd/Ncfsa	05BRn
22	21	4		הַֽ/נַּעֲרָ֜ה	d/5291	HTd/Ncfsa	05BCo
22	21	5		אֶל	413	HR	05jY8
22	21	6		פֶּ֣תַח	6607	HNcmsc	05ANE
22	21	7		בֵּית	1004 b	HNcmsc	05ss1
22	21	8		אָבִ֗י/הָ	1	HNcmsc/Sp3fs	05kyF
22	21	9		וּ/סְקָלוּ/הָ֩	c/5619	HC/Vqq3cp/Sp3fs	05AkE
22	21	10		אַנְשֵׁ֨י	376	HNcmpc	05cyn
22	21	11		עִירָ֤/הּ	5892 b	HNcfsc/Sp3fs	05TX5
22	21	12		בָּ/אֲבָנִים֙	b/68	HRd/Ncfpa	05awA
22	21	13		וָ/מֵ֔תָה	c/4191	HC/Vqq3fs	055Ga
22	21	14		כִּֽי	3588 a	HC	05jvj
22	21	15		עָשְׂתָ֤ה	6213 a	HVqp3fs	05bfj
22	21	16		נְבָלָה֙	5039	HNcfsa	05ZMA
22	21	17		בְּ/יִשְׂרָאֵ֔ל	b/3478	HR/Np	05mWA
22	21	18		לִ/זְנ֖וֹת	l/2181	HR/Vqc	05rm7
22	21	19		בֵּ֣ית	1004 b	HNcmsc	05yug
22	21	20		אָבִ֑י/הָ	1	HNcmsc/Sp3fs	05Bpi
22	21	21		וּ/בִֽעַרְתָּ֥	c/1197 a	HC/Vpq2ms	05HGn
22	21	22		הָ/רָ֖ע	d/7451	HTd/Aamsa	051u6
22	21	23		מִ/קִּרְבֶּֽ/ךָ	m/7130	HR/Ncmsc/Sp2ms	05jE7
22	22	1		כִּֽי	3588 a	HC	057Ws
22	22	2		יִמָּצֵ֨א	4672	HVNi3ms	05WPv
22	22	3		אִ֜ישׁ	376	HNcmsa	05and
22	22	4		שֹׁכֵ֣ב	7901	HVqrmsa	05q86
22	22	5		עִם	5973 a	HR	05JYX
22	22	6		אִשָּׁ֣ה	802	HNcfsa	05dzt
22	22	7		בְעֻֽלַת	1166	HVqsfsc	05Wat
22	22	8		בַּ֗עַל	1167	HNcmsa	05cpA
22	22	9		וּ/מֵ֨תוּ֙	c/4191	HC/Vqq3cp	05RUY
22	22	10		גַּם	1571	HTa	05h1u
22	22	11		שְׁנֵי/הֶ֔ם	8147	HAcmdc/Sp3mp	05Zs6
22	22	12		הָ/אִ֛ישׁ	d/376	HTd/Ncmsa	05yap
22	22	13		הַ/שֹּׁכֵ֥ב	d/7901	HTd/Vqrmsa	05ioT
22	22	14		עִם	5973 a	HR	05bLg
22	22	15		הָ/אִשָּׁ֖ה	d/802	HTd/Ncfsa	05WPW
22	22	16		וְ/הָ/אִשָּׁ֑ה	c/d/802	HC/Td/Ncfsa	05p3p
22	22	17		וּ/בִֽעַרְתָּ֥	c/1197 a	HC/Vpq2ms	05ehS
22	22	18		הָ/רָ֖ע	d/7451	HTd/Aamsa	05Rwe
22	22	19		מִ/יִּשְׂרָאֵֽל	m/3478	HR/Np	05RFg
22	23	1		כִּ֤י	3588 a	HC	05x37
22	23	2		יִהְיֶה֙	1961	HVqi3ms	05Sni
22	23	3	x-ketiv	נער	5291	HNcfsa	05KYM
22	23	4		נַעֲרָ֣ה	5291	HNcfsa	05138
22	23	5		בְתוּלָ֔ה	1330	HNcfsa	05t9r
22	23	6		מְאֹרָשָׂ֖ה	781	HVPsfsa	05A87
22	23	7		לְ/אִ֑ישׁ	l/376	HR/Ncmsa	05Qfw
22	23	8		וּ/מְצָאָ֥/הּ	c/4672	HC/Vqq3ms/Sp3fs	05Ny9
22	23	9		אִ֛ישׁ	376	HNcmsa	05kpB
22	23	10		בָּ/עִ֖יר	b/5892 b	HRd/Ncfsa	05Gka
22	23	11		וְ/שָׁכַ֥ב	c/7901	HC/Vqq3ms	055s2
22	23	12		עִמָּֽ/הּ	5973 a	HR/Sp3fs	05oD3
22	24	1		וְ/הוֹצֵאתֶ֨ם	c/3318	HC/Vhq2mp	05FpP
22	24	2		אֶת	853	HTo	05T11
22	24	3		שְׁנֵי/הֶ֜ם	8147	HAcmdc/Sp3mp	05Kt2
22	24	4		אֶל	413	HR	05pVF
22	24	5		שַׁ֣עַר	8179	HNcmsc	0546N
22	24	6		הָ/עִ֣יר	d/5892 b	HTd/Ncfsa	05g7R
22	24	7		הַ/הִ֗וא	d/1931	HTd/Pp3fs	05hVa
22	24	8		וּ/סְקַלְתֶּ֨ם	c/5619	HC/Vqq2mp	05gaf
22	24	9		אֹתָ֥/ם	853	HTo/Sp3mp	05MGb
22	24	10		בָּ/אֲבָנִים֮	b/68	HRd/Ncfpa	05BsP
22	24	11		וָ/מֵתוּ֒	c/4191	HC/Vqq3cp	05x9n
22	24	12		אֶת	853	HTo	05e4W
22	24	13	x-ketiv	ה/נער	d/5291	HTd/Ncfsa	05ukG
22	24	14		הַֽ/נַּעֲרָ֗ה	d/5291	HTd/Ncfsa	05P19
22	24	15		עַל	5921 a	HR	05YBg
22	24	16		דְּבַר֙	1697	HNcmsc	05tJt
22	24	17		אֲשֶׁ֣ר	834 a	HTr	05T3b
22	24	18		לֹא	3808	HTn	05zpd
22	24	19		צָעֲקָ֣ה	6817	HVqp3fs	05fo4
22	24	20		בָ/עִ֔יר	b/5892 b	HRd/Ncfsa	05JcQ
22	24	21		וְ/אֶ֨ת	c/853	HC/To	05nsG
22	24	22		הָ/אִ֔ישׁ	d/376	HTd/Ncmsa	05gsU
22	24	23		עַל	5921 a	HR	057qg
22	24	24		דְּבַ֥ר	1697	HNcmsc	05e5s
22	24	25		אֲשֶׁר	834 a	HTr	05W55
22	24	26		עִנָּ֖ה	6031 b	HVpp3ms	05M2X
22	24	27		אֶת	853	HTo	05n34
22	24	28		אֵ֣שֶׁת	802	HNcfsc	05mvp
22	24	29		רֵעֵ֑/הוּ	7453	HNcmsc/Sp3ms	05sxM
22	24	30		וּ/בִֽעַרְתָּ֥	c/1197 a	HC/Vpq2ms	05DwN
22	24	31		הָ/רָ֖ע	d/7451	HTd/Aamsa	05geR
22	24	32		מִ/קִּרְבֶּֽ/ךָ	m/7130	HR/Ncmsc/Sp2ms	05XSs
22	25	1		וְֽ/אִם	c/518 a	HC/C	05gF9
22	25	2		בַּ/שָּׂדֶ֞ה	b/7704 b	HRd/Ncmsa	05jPg
22	25	3		יִמְצָ֣א	4672	HVqi3ms	05fmE
22	25	4		הָ/אִ֗ישׁ	d/376	HTd/Ncmsa	058Jb
22	25	5		אֶת	853	HTo	05ow7
22	25	6	x-ketiv	ה/נער	d/5291	HTd/Ncfsa	05FpJ
22	25	7		הַֽ/נַּעֲרָה֙	d/5291	HTd/Ncfsa	05oHD
22	25	8		הַ/מְאֹ֣רָשָׂ֔ה	d/781	HTd/VPsfsa	05Gyh
22	25	9		וְ/הֶחֱזִֽיק	c/2388	HC/Vhq3ms	05uZa
22	25	10		בָּ֥/הּ	b	HR/Sp3fs	05Y9V
22	25	11		הָ/אִ֖ישׁ	d/376	HTd/Ncmsa	05n71
22	25	12		וְ/שָׁכַ֣ב	c/7901	HC/Vqq3ms	05qj9
22	25	13		עִמָּ֑/הּ	5973 a	HR/Sp3fs	05Yip
22	25	14		וּ/מֵ֗ת	c/4191	HC/Vqq3ms	05Bjm
22	25	15		הָ/אִ֛ישׁ	d/376	HTd/Ncmsa	05LJT
22	25	16		אֲשֶׁר	834 a	HTr	057Tg
22	25	17		שָׁכַ֥ב	7901	HVqp3ms	05owQ
22	25	18		עִמָּ֖/הּ	5973 a	HR/Sp3fs	05G3J
22	25	19		לְ/בַדּֽ/וֹ	l/905	HR/Ncmsc/Sp3ms	05WoZ
22	26	1	x-ketiv	ו/ל/נער	c/l/5291	HC/Rd/Ncfsa	05W2r
22	26	2		וְ/לַֽ/נַּעֲרָה֙	c/l/5291	HC/Rd/Ncfsa	05KPR
22	26	3		לֹא	3808	HTn	05cee
22	26	4		תַעֲשֶׂ֣ה	6213 a	HVqi2ms	05tND
22	26	5		דָבָ֔ר	1697	HNcmsa	05eZx
22	26	6		אֵ֥ין	369	HTn	05nbw
22	26	7	x-ketiv	ל/נער	l/5291	HRd/Ncfsa	05Ucv
22	26	8		לַֽ/נַּעֲרָ֖ה	l/5291	HRd/Ncfsa	051j8
22	26	9		חֵ֣טְא	2399	HNcmsc	05Vh8
22	26	10		מָ֑וֶת	4194	HNcmsa	05eFt
22	26	11		כִּ֡י	3588 a	HC	05Mgt
22	26	12		כַּ/אֲשֶׁר֩	k/834 d	HR/Tr	05tCS
22	26	13		יָק֨וּם	6965 b	HVqi3ms	05PrL
22	26	14		אִ֤ישׁ	376	HNcmsa	05q8X
22	26	15		עַל	5921 a	HR	05VGa
22	26	16		רֵעֵ֨/הוּ֙	7453	HNcmsc/Sp3ms	05bMM
22	26	17		וּ/רְצָח֣/וֹ	c/7523	HC/Vqq3ms/Sp3ms	05GSx
22	26	18		נֶ֔פֶשׁ	5315	HNcbsa	059dP
22	26	19		כֵּ֖ן	3651 c	HTm	05dvk
22	26	20		הַ/דָּבָ֥ר	d/1697	HTd/Ncmsa	05uUS
22	26	21		הַ/זֶּֽה	d/2088	HTd/Pdxms	05EjV
22	27	1		כִּ֥י	3588 a	HC	05Sps
22	27	2		בַ/שָּׂדֶ֖ה	b/7704 b	HRd/Ncmsa	05keq
22	27	3		מְצָאָ֑/הּ	4672	HVqp3ms/Sp3fs	05BSE
22	27	4		צָעֲקָ֗ה	6817	HVqp3fs	05JVW
22	27	5	x-ketiv	ה/נער	d/5291	HTd/Ncfsa	05u6J
22	27	6		הַֽ/נַּעֲרָה֙	d/5291	HTd/Ncfsa	053Hq
22	27	7		הַ/מְאֹ֣רָשָׂ֔ה	d/781	HTd/VPsfsa	05Unp
22	27	8		וְ/אֵ֥ין	c/369	HC/Tn	05oNu
22	27	9		מוֹשִׁ֖יעַ	3467	HVhrmsa	052ZC
22	27	10		לָֽ/הּ	l	HR/Sp3fs	052Pn
22	28	1		כִּֽי	3588 a	HC	05Jw6
22	28	2		יִמְצָ֣א	4672	HVqi3ms	05qYt
22	28	3		אִ֗ישׁ	376	HNcmsa	05BnB
22	28	4	x-ketiv	נער	5291	HNcfsa	05Vap
22	28	5		נַעֲרָ֤ה	5291	HNcfsa	05tB6
22	28	6		בְתוּלָה֙	1330	HNcfsa	05oC1
22	28	7		אֲשֶׁ֣ר	834 a	HTr	05bst
22	28	8		לֹא	3808	HTn	055iT
22	28	9		אֹרָ֔שָׂה	781	HVPp3fs	05Jmq
22	28	10		וּ/תְפָשָׂ֖/הּ	c/8610	HC/Vqq3ms/Sp3fs	05z9m
22	28	11		וְ/שָׁכַ֣ב	c/7901	HC/Vqq3ms	05XNh
22	28	12		עִמָּ֑/הּ	5973 a	HR/Sp3fs	05Xxb
22	28	13		וְ/נִמְצָֽאוּ	c/4672	HC/VNq3cp	05j3N
22	29	1		וְ֠/נָתַן	c/5414	HC/Vqq3ms	05KhX
22	29	2		הָ/אִ֨ישׁ	d/376	HTd/Ncmsa	05WPh
22	29	3		הַ/שֹּׁכֵ֥ב	d/7901	HTd/Vqrmsa	05K6n
22	29	4		עִמָּ֛/הּ	5973 a	HR/Sp3fs	0578e
22	29	5		לַ/אֲבִ֥י	l/1	HR/Ncmsc	05Xdw
22	29	6	x-ketiv	ה/נער	d/5291	HTd/Ncfsa	05EPY
22	29	7		הַֽ/נַּעֲרָ֖ה	d/5291	HTd/Ncfsa	05FRd
22	29	8		חֲמִשִּׁ֣ים	2572	HAcbpa	05k4p
22	29	9		כָּ֑סֶף	3701	HNcmsa	05ZJp
22	29	10		וְ/לֽ/וֹ	c/l	HC/R/Sp3ms	05TTa
22	29	11		תִהְיֶ֣ה	1961	HVqi3fs	05sCD
22	29	12		לְ/אִשָּׁ֗ה	l/802	HR/Ncfsa	05hCJ
22	29	13		תַּ֚חַת	8478	HR	05siM
22	29	14		אֲשֶׁ֣ר	834 a	HTr	0512P
22	29	15		עִנָּ֔/הּ	6031 b	HVpp3ms/Sp3fs	05yb4
22	29	16		לֹא	3808	HTn	05Qer
22	29	17		יוּכַ֥ל	3201	HVqi3ms	05LfY
22	29	18		שַׁלְּחָ֖/ה	7971	HVpc/Sp3fs	05ENP
22	29	19		כָּל	3605	HNcmsc	05ZoA
22	29	20		יָמָֽי/ו	3117	HNcmpc/Sp3ms	05Suu
23	1	1		לֹא	3808	HTn	05oPW
23	1	2		יִקַּ֥ח	3947	HVqi3ms	05iAu
23	1	3		אִ֖ישׁ	376	HNcmsa	05oPN
23	1	4		אֶת	853	HTo	05pDT
23	1	5		אֵ֣שֶׁת	802	HNcfsc	05HJm
23	1	6		אָבִ֑י/ו	1	HNcmsc/Sp3ms	05fTU
23	1	7		וְ/לֹ֥א	c/3808	HC/Tn	05t8B
23	1	8		יְגַלֶּ֖ה	1540	HVpi3ms	05eaq
23	1	9		כְּנַ֥ף	3671	HNcfsc	05azR
23	1	10		אָבִֽי/ו	1	HNcmsc/Sp3ms	05jQQ
23	2	1		לֹֽא	3808	HTn	05sDb
23	2	2		יָבֹ֧א	935	HVqi3ms	05s1w
23	2	3		פְצֽוּעַ	6481	HVqsmsc	05DPf
23	2	4		דַּכָּ֛א	1795	HNcmsa	05rWo
23	2	5		וּ/כְר֥וּת	c/3772	HC/Vqsmsc	05sKc
23	2	6		שָׁפְכָ֖ה	8212	HNcfsa	056fn
23	2	7		בִּ/קְהַ֥ל	b/6951	HR/Ncmsc	05Cf5
23	2	8		יְהוָֽה	3068	HNp	05WAB
23	3	1		לֹא	3808	HTn	05jth
23	3	2		יָבֹ֥א	935	HVqi3ms	05Rbd
23	3	3		מַמְזֵ֖ר	4464	HNcmsa	05XCe
23	3	4		בִּ/קְהַ֣ל	b/6951	HR/Ncmsc	0597G
23	3	5		יְהוָ֑ה	3068	HNp	055qf
23	3	6		גַּ֚ם	1571	HTa	05UBZ
23	3	7		דּ֣וֹר	1755	HNcmsa	059h4
23	3	8		עֲשִׂירִ֔י	6224	HAomsa	05axx
23	3	9		לֹא	3808	HTn	05jdG
23	3	10		יָ֥בֹא	935	HVqi3ms	05J4J
23	3	11		ל֖/וֹ	l	HR/Sp3ms	05PWn
23	3	12		בִּ/קְהַ֥ל	b/6951	HR/Ncmsc	05HsD
23	3	13		יְהוָֽה	3068	HNp	05ph7
23	4	1		לֹֽא	3808	HTn	05XFJ
23	4	2		יָבֹ֧א	935	HVqi3ms	053iH
23	4	3		עַמּוֹנִ֛י	5984	HNgmsa	05uY4
23	4	4		וּ/מוֹאָבִ֖י	c/4125	HC/Ngmsa	05H5C
23	4	5		בִּ/קְהַ֣ל	b/6951	HR/Ncmsc	05gut
23	4	6		יְהוָ֑ה	3068	HNp	056rs
23	4	7		גַּ֚ם	1571	HTa	05iU2
23	4	8		דּ֣וֹר	1755	HNcmsa	05KDJ
23	4	9		עֲשִׂירִ֔י	6224	HAomsa	05Yko
23	4	10		לֹא	3808	HTn	05TbR
23	4	11		יָבֹ֥א	935	HVqi3ms	05ytT
23	4	12		לָ/הֶ֛ם	l	HR/Sp3mp	05ATb
23	4	13		בִּ/קְהַ֥ל	b/6951	HR/Ncmsc	05ETp
23	4	14		יְהוָ֖ה	3068	HNp	05VmE
23	4	15		עַד	5704	HR	05UNE
23	4	16		עוֹלָֽם	5769	HNcmsa	05uJA
23	5	1		עַל	5921 a	HR	0528S
23	5	2		דְּבַ֞ר	1697	HNcmsc	05cLf
23	5	3		אֲשֶׁ֨ר	834 a	HTr	059FC
23	5	4		לֹא	3808	HTn	05vyf
23	5	5		קִדְּמ֤וּ	6923	HVpp3cp	05joM
23	5	6		אֶתְ/כֶם֙	853	HTo/Sp2mp	0516u
23	5	7		בַּ/לֶּ֣חֶם	b/3899	HRd/Ncbsa	05Sac
23	5	8		וּ/בַ/מַּ֔יִם	c/b/4325	HC/Rd/Ncmpa	05UsZ
23	5	9		בַּ/דֶּ֖רֶךְ	b/1870	HRd/Ncbsa	055AU
23	5	10		בְּ/צֵאתְ/כֶ֣ם	b/3318	HR/Vqc/Sp2mp	051ZY
23	5	11		מִ/מִּצְרָ֑יִם	m/4714	HR/Np	05e8V
23	5	12		וַ/אֲשֶׁר֩	c/834 a	HC/Tr	05XGf
23	5	13		שָׂכַ֨ר	7936 b	HVqp3ms	053kn
23	5	14		עָלֶ֜י/ךָ	5921 a	HR/Sp2ms	057pC
23	5	15		אֶת	853	HTo	05CY7
23	5	16		בִּלְעָ֣ם	1109 a	HNp	05opR
23	5	17		בֶּן	1121 a	HNcmsc	05VdB
23	5	18		בְּע֗וֹר	1160	HNp	05Qwa
23	5	19		מִ/פְּת֛וֹר	m/6604	HR/Np	05FaZ
23	5	20		אֲרַ֥ם	763+	HNp	05XSd
23	5	21		נַהֲרַ֖יִם	763	HNp	05SgK
23	5	22		לְ/קַֽלְלֶֽ/ךָּ	l/7043	HR/Vpc/Sp2ms	05VX4
23	6	1		וְ/לֹֽא	c/3808	HC/Tn	05KjA
23	6	2		אָבָ֞ה	14	HVqp3ms	05N2F
23	6	3		יְהוָ֤ה	3068	HNp	05bfN
23	6	4		אֱלֹהֶ֨י/ךָ֙	430	HNcmpc/Sp2ms	05Bkn
23	6	5		לִ/שְׁמֹ֣עַ	l/8085	HR/Vqc	05KyM
23	6	6		אֶל	413	HR	056D5
23	6	7		בִּלְעָ֔ם	1109 a	HNp	05mrF
23	6	8		וַ/יַּהֲפֹךְ֩	c/2015	HC/Vqw3ms	05fKs
23	6	9		יְהוָ֨ה	3068	HNp	05vsB
23	6	10		אֱלֹהֶ֧י/ךָ	430	HNcmpc/Sp2ms	051TK
23	6	11		לְּ/ךָ֛	l	HR/Sp2ms	05JSH
23	6	12		אֶת	853	HTo	05hTk
23	6	13		הַ/קְּלָלָ֖ה	d/7045	HTd/Ncfsa	05buz
23	6	14		לִ/בְרָכָ֑ה	l/1293	HR/Ncfsa	05Le9
23	6	15		כִּ֥י	3588 a	HC	05RkQ
23	6	16		אֲהֵֽבְ/ךָ֖	157	HVqp3ms/Sp2ms	05Z5v
23	6	17		יְהוָ֥ה	3068	HNp	05ajx
23	6	18		אֱלֹהֶֽי/ךָ	430	HNcmpc/Sp2ms	05vVb
23	7	1		לֹא	3808	HTn	05SPW
23	7	2		תִדְרֹ֥שׁ	1875	HVqi2ms	05Y3a
23	7	3		שְׁלֹמָ֖/ם	7965	HNcmsc/Sp3mp	05T6R
23	7	4		וְ/טֹבָתָ֑/ם	c/2896 c	HC/Aafsc/Sp3mp	05h5B
23	7	5		כָּל	3605	HNcmsc	05ABc
23	7	6		יָמֶ֖י/ךָ	3117	HNcmpc/Sp2ms	05hAZ
23	7	7		לְ/עוֹלָֽם	l/5769	HR/Ncmsa	05VjZ
23	8	1		לֹֽא	3808	HTn	05XCY
23	8	2		תְתַעֵ֣ב	8581	HVpi2ms	05Q6t
23	8	3		אֲדֹמִ֔י	130	HNgmsa	05CNu
23	8	4		כִּ֥י	3588 a	HC	05bNQ
23	8	5		אָחִ֖י/ךָ	251	HNcmsc/Sp2ms	05YTX
23	8	6		ה֑וּא	1931	HPp3ms	05yK8
23	8	7		לֹא	3808	HTn	05F7i
23	8	8		תְתַעֵ֣ב	8581	HVpi2ms	05x1o
23	8	9		מִצְרִ֔י	4713	HNgmsa	05Ju6
23	8	10		כִּי	3588 a	HC	05iac
23	8	11		גֵ֖ר	1616	HNcmsa	05KGC
23	8	12		הָיִ֥יתָ	1961	HVqp2ms	059p6
23	8	13		בְ/אַרְצֽ/וֹ	b/776	HR/Ncbsc/Sp3ms	05cBd
23	9	1		בָּנִ֛ים	1121 a	HNcmpa	05mi6
23	9	2		אֲשֶׁר	834 a	HTr	05xQQ
23	9	3		יִוָּלְד֥וּ	3205	HVNi3mp	05piH
23	9	4		לָ/הֶ֖ם	l	HR/Sp3mp	05wZ1
23	9	5		דּ֣וֹר	1755	HNcmsa	05Gog
23	9	6		שְׁלִישִׁ֑י	7992	HAomsa	05wpw
23	9	7		יָבֹ֥א	935	HVqi3ms	05dQ2
23	9	8		לָ/הֶ֖ם	l	HR/Sp3mp	05rq5
23	9	9		בִּ/קְהַ֥ל	b/6951	HR/Ncmsc	05TKr
23	9	10		יְהוָֽה	3068	HNp	05KZ6
23	10	1		כִּֽי	3588 a	HC	05gGN
23	10	2		תֵצֵ֥א	3318	HVqi2ms	05LF1
23	10	3		מַחֲנֶ֖ה	4264	HNcbsa	05os3
23	10	4		עַל	5921 a	HR	05bZo
23	10	5		אֹיְבֶ֑י/ךָ	341	HVqrmpc/Sp2ms	0537i
23	10	6		וְ/נִ֨שְׁמַרְתָּ֔	c/8104	HC/VNq2ms	05WkH
23	10	7		מִ/כֹּ֖ל	m/3605	HR/Ncmsc	05oxo
23	10	8		דָּבָ֥ר	1697	HNcmsa	05xrs
23	10	9		רָֽע	7451 a	HAamsa	052Yq
23	11	1		כִּֽי	3588 a	HC	0526h
23	11	2		יִהְיֶ֤ה	1961	HVqi3ms	05v8s
23	11	3		בְ/ךָ֙	b	HR/Sp2ms	059V6
23	11	4		אִ֔ישׁ	376	HNcmsa	05hN7
23	11	5		אֲשֶׁ֛ר	834 a	HTr	05p9V
23	11	6		לֹא	3808	HTn	05cdq
23	11	7		יִהְיֶ֥ה	1961	HVqi3ms	05VtC
23	11	8		טָה֖וֹר	2889	HAamsa	05epZ
23	11	9		מִ/קְּרֵה	m/7137	HR/Ncmsc	051xJ
23	11	10		לָ֑יְלָה	3915	HNcmsa	05XbU
23	11	11		וְ/יָצָא֙	c/3318	HC/Vqq3ms	05ou6
23	11	12		אֶל	413	HR	05kMS
23	11	13		מִ/ח֣וּץ	m/2351	HR/Ncmsa	05NAE
23	11	14		לַֽ/מַּחֲנֶ֔ה	l/4264	HRd/Ncbsa	05xRx
23	11	15		לֹ֥א	3808	HTn	05252
23	11	16		יָבֹ֖א	935	HVqi3ms	05Unw
23	11	17		אֶל	413	HR	05u7Y
23	11	18		תּ֥וֹךְ	8432	HNcmsc	052Eo
23	11	19		הַֽ/מַּחֲנֶֽה	d/4264	HTd/Ncbsa	05mbv
23	12	1		וְ/הָיָ֥ה	c/1961	HC/Vqq3ms	05vVi
23	12	2		לִ/פְנֽוֹת	l/6437	HR/Vqc	05iaN
23	12	3		עֶ֖רֶב	6153	HNcmsa	052EZ
23	12	4		יִרְחַ֣ץ	7364	HVqi3ms	05yTw
23	12	5		בַּ/מָּ֑יִם	b/4325	HRd/Ncmpa	052hV
23	12	6		וּ/כְ/בֹ֣א	c/k/935	HC/R/Vqc	05BrS
23	12	7		הַ/שֶּׁ֔מֶשׁ	d/8121	HTd/Ncbsa	05RC3
23	12	8		יָבֹ֖א	935	HVqi3ms	056NZ
23	12	9		אֶל	413	HR	05WEx
23	12	10		תּ֥וֹךְ	8432	HNcmsc	05ew1
23	12	11		הַֽ/מַּחֲנֶה	d/4264	HTd/Ncbsa	05Bo9
23	13	1		וְ/יָד֙	c/3027	HC/Ncbsa	05HfX
23	13	2		תִּהְיֶ֣ה	1961	HVqi3fs	05RCH
23	13	3		לְ/ךָ֔	l	HR/Sp2ms	05YUj
23	13	4		מִ/ח֖וּץ	m/2351	HR/Ncmsa	05ykU
23	13	5		לַֽ/מַּחֲנֶ֑ה	l/4264	HRd/Ncbsa	05qFt
23	13	6		וְ/יָצָ֥אתָ	c/3318	HC/Vqq2ms	05njs
23	13	7		שָׁ֖מָּ/ה	8033	HD/Sd	05zi5
23	13	8		חֽוּץ	2351	HNcmsa	05ce6
23	14	1		וְ/יָתֵ֛ד	c/3489	HC/Ncfsa	0555V
23	14	2		תִּהְיֶ֥ה	1961	HVqi3fs	05SQT
23	14	3		לְ/ךָ֖	l	HR/Sp2ms	05bba
23	14	4		עַל	5921 a	HR	05WaL
23	14	5		אֲזֵנֶ֑/ךָ	240	HNcmsc/Sp2ms	05huJ
23	14	6		וְ/הָיָה֙	c/1961	HC/Vqq3ms	05nnW
23	14	7		בְּ/שִׁבְתְּ/ךָ֣	b/3427	HR/Vqc/Sp2ms	051Sg
23	14	8		ח֔וּץ	2351	HNcmsa	05Pka
23	14	9		וְ/חָפַרְתָּ֣ה	c/2658	HC/Vqq2ms	05tvr
23	14	10		בָ֔/הּ	b	HR/Sp3fs	0569q
23	14	11		וְ/שַׁבְתָּ֖	c/7725	HC/Vqq2ms	05qn3
23	14	12		וְ/כִסִּ֥יתָ	c/3680	HC/Vpq2ms	05Am6
23	14	13		אֶת	853	HTo	0563o
23	14	14		צֵאָתֶֽ/ךָ	6627	HNcfsc/Sp2ms	05u1x
23	15	1		כִּי֩	3588 a	HC	05jKB
23	15	2		יְהוָ֨ה	3068	HNp	05GPt
23	15	3		אֱלֹהֶ֜י/ךָ	430	HNcmpc/Sp2ms	05bCn
23	15	4		מִתְהַלֵּ֣ךְ	1980	HVtrmsa	05a55
23	15	5		בְּ/קֶ֣רֶב	b/7130	HR/Ncmsc	05AqG
23	15	6		מַחֲנֶ֗/ךָ	4264	HNcbsc/Sp2ms	05Syq
23	15	7		לְ/הַצִּֽילְ/ךָ֙	l/5337	HR/Vhc/Sp2ms	05pqU
23	15	8		וְ/לָ/תֵ֤ת	c/l/5414	HC/R/Vqc	05c7F
23	15	9		אֹיְבֶ֨י/ךָ֙	341	HVqrmpc/Sp2ms	05jKd
23	15	10		לְ/פָנֶ֔י/ךָ	l/6440	HR/Ncbpc/Sp2ms	059Bt
23	15	11		וְ/הָיָ֥ה	c/1961	HC/Vqq3ms	05uvE
23	15	12		מַחֲנֶ֖י/ךָ	4264	HNcbpc/Sp2ms	05WNh
23	15	13		קָד֑וֹשׁ	6918	HAamsa	05jWN
23	15	14		וְ/לֹֽא	c/3808	HC/Tn	051QH
23	15	15		יִרְאֶ֤ה	7200	HVqi3ms	05sKq
23	15	16		בְ/ךָ֙	b	HR/Sp2ms	05xYX
23	15	17		עֶרְוַ֣ת	6172	HNcfsc	05YGC
23	15	18		דָּבָ֔ר	1697	HNcmsa	05YiZ
23	15	19		וְ/שָׁ֖ב	c/7725	HC/Vqq3ms	05v4S
23	15	20		מֵ/אַחֲרֶֽי/ךָ	m/310 a	HR/R/Sp2ms	05ixP
23	16	1		לֹא	3808	HTn	0572Q
23	16	2		תַסְגִּ֥יר	5462	HVhi2ms	05yNu
23	16	3		עֶ֖בֶד	5650	HNcmsa	05ywz
23	16	4		אֶל	413	HR	05eEP
23	16	5		אֲדֹנָ֑י/ו	113	HNcmpc/Sp3ms	05KTK
23	16	6		אֲשֶׁר	834 a	HTr	05cFs
23	16	7		יִנָּצֵ֥ל	5337	HVNi3ms	05Aox
23	16	8		אֵלֶ֖י/ךָ	413	HR/Sp2ms	05cAM
23	16	9		מֵ/עִ֥ם	m/5973 b	HR/R	05bHj
23	16	10		אֲדֹנָֽי/ו	113	HNcmpc/Sp3ms	05aPQ
23	17	1		עִמְּ/ךָ֞	5973 a	HR/Sp2ms	054WN
23	17	2		יֵשֵׁ֣ב	3427	HVqi3ms	05RRf
23	17	3		בְּ/קִרְבְּ/ךָ֗	b/7130	HR/Ncmsc/Sp2ms	05nVC
23	17	4		בַּ/מָּק֧וֹם	b/4725	HRd/Ncmsa	05Bcy
23	17	5		אֲשֶׁר	834 a	HTr	05P5c
23	17	6		יִבְחַ֛ר	977	HVqi3ms	05W37
23	17	7		בְּ/אַחַ֥ד	b/259	HR/Acmsc	058F5
23	17	8		שְׁעָרֶ֖י/ךָ	8179	HNcmpc/Sp2ms	05enF
23	17	9		בַּ/טּ֣וֹב	b/2896 a	HRd/Aamsa	05npz
23	17	10		ל֑/וֹ	l	HR/Sp3ms	05jFk
23	17	11		לֹ֖א	3808	HTn	05aad
23	17	12		תּוֹנֶֽ/נּוּ	3238	HVhi2ms/Sp3ms	05kTe
23	18	1		לֹא	3808	HTn	055Vw
23	18	2		תִהְיֶ֥ה	1961	HVqi3fs	05GqA
23	18	3		קְדֵשָׁ֖ה	6948	HAafsa	05Nhq
23	18	4		מִ/בְּנ֣וֹת	m/1323	HR/Ncfpc	05LLK
23	18	5		יִשְׂרָאֵ֑ל	3478	HNp	05VUz
23	18	6		וְ/לֹֽא	c/3808	HC/Tn	05xTu
23	18	7		יִהְיֶ֥ה	1961	HVqi3ms	05hya
23	18	8		קָדֵ֖שׁ	6945	HAamsa	05yiC
23	18	9		מִ/בְּנֵ֥י	m/1121 a	HR/Ncmpc	05DCf
23	18	10		יִשְׂרָאֵל	3478	HNp	05SHs
23	19	1		לֹא	3808	HTn	05FE8
23	19	2		תָבִיא֩	935	HVhi2ms	05NwY
23	19	3		אֶתְנַ֨ן	868	HNcmsc	05YtK
23	19	4		זוֹנָ֜ה	2181	HVqrfsa	058yx
23	19	5		וּ/מְחִ֣יר	c/4242	HC/Ncmsc	05CJy
23	19	6		כֶּ֗לֶב	3611	HNcmsa	05shv
23	19	7		בֵּ֛ית	1004 b	HNcmsc	05xJC
23	19	8		יְהוָ֥ה	3068	HNp	05XH9
23	19	9		אֱלֹהֶ֖י/ךָ	430	HNcmpc/Sp2ms	05kx4
23	19	10		לְ/כָל	l/3605	HR/Ncmsc	05Qv7
23	19	11		נֶ֑דֶר	5088	HNcmsa	055SQ
23	19	12		כִּ֧י	3588 a	HC	054Wf
23	19	13		תוֹעֲבַ֛ת	8441	HNcfsc	054P8
23	19	14		יְהוָ֥ה	3068	HNp	05VEq
23	19	15		אֱלֹהֶ֖י/ךָ	430	HNcmpc/Sp2ms	05Lpu
23	19	16		גַּם	1571	HTa	05nMq
23	19	17		שְׁנֵי/הֶֽם	8147	HAcmdc/Sp3mp	05tPt
23	20	1		לֹא	3808	HTn	05nAY
23	20	2		תַשִּׁ֣יךְ	5391 b	HVhi2ms	052iL
23	20	3		לְ/אָחִ֔י/ךָ	l/251	HR/Ncmsc/Sp2ms	05t4y
23	20	4		נֶ֥שֶׁךְ	5392	HNcmsc	05UF7
23	20	5		כֶּ֖סֶף	3701	HNcmsa	05jvH
23	20	6		נֶ֣שֶׁךְ	5392	HNcmsc	05EZh
23	20	7		אֹ֑כֶל	400	HNcmsa	05GNQ
23	20	8		נֶ֕שֶׁךְ	5392	HNcmsc	05csG
23	20	9		כָּל	3605	HNcmsc	05SCo
23	20	10		דָּבָ֖ר	1697	HNcmsa	05okV
23	20	11		אֲשֶׁ֥ר	834 a	HTr	05Paf
23	20	12		יִשָּֽׁךְ	5391 b	HVqi3ms	05VDs
23	21	1		לַ/נָּכְרִ֣י	l/5237	HRd/Aamsa	05HKK
23	21	2		תַשִּׁ֔יךְ	5391 b	HVhi2ms	057Gj
23	21	3		וּ/לְ/אָחִ֖י/ךָ	c/l/251	HC/R/Ncmsc/Sp2ms	05SGr
23	21	4		לֹ֣א	3808	HTn	05uo7
23	21	5		תַשִּׁ֑יךְ	5391 b	HVhi2ms	05CVH
23	21	6		לְמַ֨עַן	4616	HR	05syj
23	21	7		יְבָרֶכְ/ךָ֜	1288	HVpi3ms/Sp2ms	05o59
23	21	8		יְהוָ֣ה	3068	HNp	05g86
23	21	9		אֱלֹהֶ֗י/ךָ	430	HNcmpc/Sp2ms	05fvv
23	21	10		בְּ/כֹל֙	b/3605	HR/Ncmsc	05ZbA
23	21	11		מִשְׁלַ֣ח	4916 a	HNcmsc	05SU6
23	21	12		יָדֶ֔/ךָ	3027	HNcbsc/Sp2ms	05A7F
23	21	13		עַל	5921 a	HR	05qvD
23	21	14		הָ/אָ֕רֶץ	d/776	HTd/Ncbsa	0575H
23	21	15		אֲשֶׁר	834 a	HTr	05wax
23	21	16		אַתָּ֥ה	859 a	HPp2ms	05zBH
23	21	17		בָא	935	HVqrmsa	059wJ
23	21	18		שָׁ֖מָּ/ה	8033	HD/Sd	05gj3
23	21	19		לְ/רִשְׁתָּֽ/הּ	l/3423	HR/Vqc/Sp3fs	05dJx
23	22	1		כִּֽי	3588 a	HC	05WBR
23	22	2		תִדֹּ֥ר	5087	HVqi2ms	05uB9
23	22	3		נֶ֨דֶר֙	5088	HNcmsa	05UW8
23	22	4		לַ/יהוָ֣ה	l/3068	HR/Np	05rzJ
23	22	5		אֱלֹהֶ֔י/ךָ	430	HNcmpc/Sp2ms	056Sa
23	22	6		לֹ֥א	3808	HTn	056Dm
23	22	7		תְאַחֵ֖ר	309	HVpi2ms	05z6r
23	22	8		לְ/שַׁלְּמ֑/וֹ	l/7999 a	HR/Vpc/Sp3ms	05R8k
23	22	9		כִּֽי	3588 a	HC	05YYk
23	22	10		דָּרֹ֨שׁ	1875	HVqa	05C3M
23	22	11		יִדְרְשֶׁ֜/נּוּ	1875	HVqi3ms/Sp3ms	05Yqe
23	22	12		יְהוָ֤ה	3068	HNp	058UA
23	22	13		אֱלֹהֶ֨י/ךָ֙	430	HNcmpc/Sp2ms	051Yr
23	22	14		מֵֽ/עִמָּ֔/ךְ	m/5973 b	HR/R/Sp2fs	0522K
23	22	15		וְ/הָיָ֥ה	c/1961	HC/Vqq3ms	05nkg
23	22	16		בְ/ךָ֖	b	HR/Sp2ms	05bfa
23	22	17		חֵֽטְא	2399	HNcmsa	05kcM
23	23	1		וְ/כִ֥י	c/3588 a	HC/C	05xy3
23	23	2		תֶחְדַּ֖ל	2308	HVqi2ms	05xFB
23	23	3		לִ/נְדֹּ֑ר	l/5087	HR/Vqc	05Xob
23	23	4		לֹֽא	3808	HTn	05q44
23	23	5		יִהְיֶ֥ה	1961	HVqi3ms	05fiU
23	23	6		בְ/ךָ֖	b	HR/Sp2ms	05U1v
23	23	7		חֵֽטְא	2399	HNcmsa	05uR9
23	24	1		מוֹצָ֥א	4161	HNcmsc	05fSv
23	24	2		שְׂפָתֶ֖י/ךָ	8193	HNcfdc/Sp2ms	05RW8
23	24	3		תִּשְׁמֹ֣ר	8104	HVqi2ms	05B4r
23	24	4		וְ/עָשִׂ֑יתָ	c/6213 a	HC/Vqq2ms	05qJg
23	24	5		כַּ/אֲשֶׁ֨ר	k/834 d	HR/Tr	05u3u
23	24	6		נָדַ֜רְתָּ	5087	HVqp2ms	05Sbb
23	24	7		לַ/יהוָ֤ה	l/3068	HR/Np	05DTC
23	24	8		אֱלֹהֶ֨י/ךָ֙	430	HNcmpc/Sp2ms	05Z4W
23	24	9		נְדָבָ֔ה	5071	HNcfsa	05ULz
23	24	10		אֲשֶׁ֥ר	834 a	HTr	05423
23	24	11		דִּבַּ֖רְתָּ	1696	HVpp2ms	05x3A
23	24	12		בְּ/פִֽי/ךָ	b/6310	HR/Ncmsc/Sp2ms	05uR1
23	25	1		כִּ֤י	3588 a	HC	05RBt
23	25	2		תָבֹא֙	935	HVqi2ms	05sPD
23	25	3		בְּ/כֶ֣רֶם	b/3754	HR/Ncbsc	05ngQ
23	25	4		רֵעֶ֔/ךָ	7453	HNcmsc/Sp2ms	056FS
23	25	5		וְ/אָכַלְתָּ֧	c/398	HC/Vqq2ms	056U7
23	25	6		עֲנָבִ֛ים	6025	HNcmpa	0575S
23	25	7		כְּ/נַפְשְׁ/ךָ֖	k/5315	HR/Ncbsc/Sp2ms	05Fo2
23	25	8		שָׂבְעֶ֑/ךָ	7648	HNcmsc/Sp2ms	05Cb1
23	25	9		וְ/אֶֽל	c/413	HC/R	05z1M
23	25	10		כֶּלְיְ/ךָ֖	3627	HNcmsc/Sp2ms	05e7f
23	25	11		לֹ֥א	3808	HTn	05pst
23	25	12		תִתֵּֽן	5414	HVqi2ms	05THR
23	26	1		כִּ֤י	3588 a	HC	05aXS
23	26	2		תָבֹא֙	935	HVqi2ms	05JeL
23	26	3		בְּ/קָמַ֣ת	b/7054	HR/Ncfsc	05Kff
23	26	4		רֵעֶ֔/ךָ	7453	HNcmsc/Sp2ms	05YxZ
23	26	5		וְ/קָטַפְתָּ֥	c/6998	HC/Vqq2ms	05jf2
23	26	6		מְלִילֹ֖ת	4425	HNcfpa	05cuN
23	26	7		בְּ/יָדֶ֑/ךָ	b/3027	HR/Ncbsc/Sp2ms	059eN
23	26	8		וְ/חֶרְמֵשׁ֙	c/2770	HC/Ncmsa	05rVU
23	26	9		לֹ֣א	3808	HTn	053wq
23	26	10		תָנִ֔יף	5130 b	HVhi2ms	05aNE
23	26	11		עַ֖ל	5921 a	HR	055nE
23	26	12		קָמַ֥ת	7054	HNcfsc	054P3
23	26	13		רֵעֶֽ/ךָ	7453	HNcmsc/Sp2ms	052PP
24	1	1		כִּֽי	3588 a	HC	05nn6
24	1	2		יִקַּ֥ח	3947	HVqi3ms	05srQ
24	1	3		אִ֛ישׁ	376	HNcmsa	05gnL
24	1	4		אִשָּׁ֖ה	802	HNcfsa	05u2Q
24	1	5		וּ/בְעָלָ֑/הּ	c/1166	HC/Vqq3ms/Sp3fs	05Dcb
24	1	6		וְ/הָיָ֞ה	c/1961	HC/Vqq3ms	05iUb
24	1	7		אִם	518 a	HC	05oaE
24	1	8		לֹ֧א	3808	HTn	05obW
24	1	9		תִמְצָא	4672	HVqi3fs	054zD
24	1	10		חֵ֣ן	2580	HNcmsa	05KUn
24	1	11		בְּ/עֵינָ֗י/ו	b/5869 a	HR/Ncbdc/Sp3ms	05FxF
24	1	12		כִּי	3588 a	HC	052Q3
24	1	13		מָ֤צָא	4672	HVqp3ms	05wuo
24	1	14		בָ/הּ֙	b	HR/Sp3fs	05yM6
24	1	15		עֶרְוַ֣ת	6172	HNcfsc	05tm1
24	1	16		דָּבָ֔ר	1697	HNcmsa	05NiH
24	1	17		וְ/כָ֨תַב	c/3789	HC/Vqq3ms	05KAR
24	1	18		לָ֜/הּ	l	HR/Sp3fs	05nHu
24	1	19		סֵ֤פֶר	5612 a	HNcmsc	05BP8
24	1	20		כְּרִיתֻת֙	3748	HNcfsa	05cVb
24	1	21		וְ/נָתַ֣ן	c/5414	HC/Vqq3ms	0563a
24	1	22		בְּ/יָדָ֔/הּ	b/3027	HR/Ncbsc/Sp3fs	05jqf
24	1	23		וְ/שִׁלְּחָ֖/הּ	c/7971	HC/Vpq3ms/Sp3fs	05b3r
24	1	24		מִ/בֵּיתֽ/וֹ	m/1004 b	HR/Ncmsc/Sp3ms	05GuX
24	2	1		וְ/יָצְאָ֖ה	c/3318	HC/Vqq3fs	05gg9
24	2	2		מִ/בֵּית֑/וֹ	m/1004 b	HR/Ncmsc/Sp3ms	05oR8
24	2	3		וְ/הָלְכָ֖ה	c/1980	HC/Vqq3fs	05j2Y
24	2	4		וְ/הָיְתָ֥ה	c/1961	HC/Vqq3fs	05dHk
24	2	5		לְ/אִישׁ	l/376	HR/Ncmsa	05ydd
24	2	6		אַחֵֽר	312	HAamsa	05kL7
24	3	1		וּ/שְׂנֵאָ/הּ֮	c/8130	HC/Vqq3ms/Sp3fs	05mHz
24	3	2		הָ/אִ֣ישׁ	d/376	HTd/Ncmsa	05Eb6
24	3	3		הָ/אַחֲרוֹן֒	d/314	HTd/Aamsa	05EtY
24	3	4		וְ/כָ֨תַב	c/3789	HC/Vqq3ms	05Q7b
24	3	5		לָ֜/הּ	l	HR/Sp3fs	05Cpc
24	3	6		סֵ֤פֶר	5612 a	HNcmsc	05PyF
24	3	7		כְּרִיתֻת֙	3748	HNcfsa	05h7X
24	3	8		וְ/נָתַ֣ן	c/5414	HC/Vqq3ms	059bc
24	3	9		בְּ/יָדָ֔/הּ	b/3027	HR/Ncbsc/Sp3fs	05fXq
24	3	10		וְ/שִׁלְּחָ֖/הּ	c/7971	HC/Vpq3ms/Sp3fs	05eqC
24	3	11		מִ/בֵּית֑/וֹ	m/1004 b	HR/Ncmsc/Sp3ms	05ya6
24	3	12		א֣וֹ	176 a	HC	05vRc
24	3	13		כִ֤י	3588 a	HC	05kYz
24	3	14		יָמוּת֙	4191	HVqi3ms	057v5
24	3	15		הָ/אִ֣ישׁ	d/376	HTd/Ncmsa	05iKp
24	3	16		הָ/אַחֲר֔וֹן	d/314	HTd/Aamsa	052WG
24	3	17		אֲשֶׁר	834 a	HTr	057mg
24	3	18		לְקָחָ֥/הּ	3947	HVqp3ms/Sp3fs	053Sf
24	3	19		ל֖/וֹ	l	HR/Sp3ms	05CwR
24	3	20		לְ/אִשָּֽׁה	l/802	HR/Ncfsa	05S6e
24	4	1		לֹא	3808	HTn	05dmo
24	4	2		יוּכַ֣ל	3201	HVqi3ms	055zx
24	4	3		בַּעְלָ֣/הּ	1167	HNcmsc/Sp3fs	05PLr
24	4	4		הָ/רִאשׁ֣וֹן	d/7223	HTd/Aomsa	05Ykn
24	4	5		אֲשֶֽׁר	834 a	HTr	05fNQ
24	4	6		שִׁ֠לְּחָ/הּ	7971	HVpp3ms/Sp3fs	05yf8
24	4	7		לָ/שׁ֨וּב	l/7725	HR/Vqc	05127
24	4	8		לְ/קַחְתָּ֜/הּ	l/3947	HR/Vqc/Sp3fs	05wA6
24	4	9		לִ/הְי֧וֹת	l/1961	HR/Vqc	051Xd
24	4	10		ל֣/וֹ	l	HR/Sp3ms	05t1J
24	4	11		לְ/אִשָּׁ֗ה	l/802	HR/Ncfsa	05vAz
24	4	12		אַחֲרֵי֙	310 a	HR	0579S
24	4	13		אֲשֶׁ֣ר	834 a	HTr	05qij
24	4	14		הֻטַּמָּ֔אָה	2930 a	HVup3fs	05nzF
24	4	15		כִּֽי	3588 a	HC	05bme
24	4	16		תוֹעֵבָ֥ה	8441	HNcfsa	058Bh
24	4	17		הִ֖וא	1931	HPp3fs	05vZf
24	4	18		לִ/פְנֵ֣י	l/6440	HR/Ncbpc	05B7r
24	4	19		יְהוָ֑ה	3068	HNp	05AD6
24	4	20		וְ/לֹ֤א	c/3808	HC/Tn	0595X
24	4	21		תַחֲטִיא֙	2398	HVhi2ms	05HLu
24	4	22		אֶת	853	HTo	05cmp
24	4	23		הָ/אָ֔רֶץ	d/776	HTd/Ncbsa	05zaG
24	4	24		אֲשֶׁר֙	834 a	HTr	05zG6
24	4	25		יְהוָ֣ה	3068	HNp	05xpy
24	4	26		אֱלֹהֶ֔י/ךָ	430	HNcmpc/Sp2ms	05QQj
24	4	27		נֹתֵ֥ן	5414	HVqrmsa	05fPe
24	4	28		לְ/ךָ֖	l	HR/Sp2ms	05Rk4
24	4	29		נַחֲלָֽה	5159	HNcfsa	05m8F
24	5	1		כִּֽי	3588 a	HC	05XSc
24	5	2		יִקַּ֥ח	3947	HVqi3ms	055qi
24	5	3		אִישׁ֙	376	HNcmsa	059bH
24	5	4		אִשָּׁ֣ה	802	HNcfsa	05BJ3
24	5	5		חֲדָשָׁ֔ה	2319	HAafsa	05ivp
24	5	6		לֹ֤א	3808	HTn	05KFK
24	5	7		יֵצֵא֙	3318	HVqi3ms	05Ssv
24	5	8		בַּ/צָּבָ֔א	b/6635 a	HRd/Ncbsa	058SP
24	5	9		וְ/לֹא	c/3808	HC/Tn	05mJF
24	5	10		יַעֲבֹ֥ר	5674 a	HVqi3ms	05LUU
24	5	11		עָלָ֖י/ו	5921 a	HR/Sp3ms	05AxS
24	5	12		לְ/כָל	l/3605	HR/Ncmsc	05GNx
24	5	13		דָּבָ֑ר	1697	HNcmsa	05Aue
24	5	14		נָקִ֞י	5355 a	HAamsa	05BXp
24	5	15		יִהְיֶ֤ה	1961	HVqi3ms	05Jzb
24	5	16		לְ/בֵית/וֹ֙	l/1004 b	HR/Ncmsc/Sp3ms	0543V
24	5	17		שָׁנָ֣ה	8141	HNcfsa	05oXA
24	5	18		אֶחָ֔ת	259	HAcfsa	052vn
24	5	19		וְ/שִׂמַּ֖ח	c/8055	HC/Vpq3ms	05uUg
24	5	20		אֶת	853	HTo	05Rdv
24	5	21		אִשְׁתּ֥/וֹ	802	HNcfsc/Sp3ms	05gWa
24	5	22		אֲשֶׁר	834 a	HTr	05FNo
24	5	23		לָקָֽח	3947	HVqp3ms	055HU
24	6	1		לֹא	3808	HTn	05Lsb
24	6	2		יַחֲבֹ֥ל	2254 a	HVqi3ms	05giK
24	6	3		רֵחַ֖יִם	7347	HNcmda	05XTv
24	6	4		וָ/רָ֑כֶב	c/7393	HC/Ncmsa	05tEP
24	6	5		כִּי	3588 a	HC	0562a
24	6	6		נֶ֖פֶשׁ	5315	HNcbsa	0511V
24	6	7		ה֥וּא	1931	HPp3ms	05JY8
24	6	8		חֹבֵֽל	2254 a	HVqrmsa	05mpW
24	7	1		כִּי	3588 a	HC	05Dzw
24	7	2		יִמָּצֵ֣א	4672	HVNi3ms	05VdU
24	7	3		אִ֗ישׁ	376	HNcmsa	05vhf
24	7	4		גֹּנֵ֨ב	1589	HVqrmsa	05Ywb
24	7	5		נֶ֤פֶשׁ	5315	HNcbsa	053qC
24	7	6		מֵ/אֶחָי/ו֙	m/251	HR/Ncmpc/Sp3ms	05Dxs
24	7	7		מִ/בְּנֵ֣י	m/1121 a	HR/Ncmpc	05G7M
24	7	8		יִשְׂרָאֵ֔ל	3478	HNp	051Mo
24	7	9		וְ/הִתְעַמֶּר	c/6014 b	HC/Vtq3ms	05DKw
24	7	10		בּ֖/וֹ	b	HR/Sp3ms	05JzG
24	7	11		וּ/מְכָר֑/וֹ	c/4376	HC/Vqq3ms/Sp3ms	057iD
24	7	12		וּ/מֵת֙	c/4191	HC/Vqq3ms	05vN5
24	7	13		הַ/גַּנָּ֣ב	d/1590	HTd/Ncmsa	05r2K
24	7	14		הַ/ה֔וּא	d/1931	HTd/Pp3ms	05dfs
24	7	15		וּ/בִֽעַרְתָּ֥	c/1197 a	HC/Vpq2ms	05EtH
24	7	16		הָ/רָ֖ע	d/7451 a	HTd/Aamsa	055KR
24	7	17		מִ/קִּרְבֶּֽ/ךָ	m/7130	HR/Ncmsc/Sp2ms	05rum
24	8	1		הִשָּׁ֧מֶר	8104	HVNv2ms	05R73
24	8	2		בְּ/נֶֽגַע	b/5061	HR/Ncmsc	05r8Z
24	8	3		הַ/צָּרַ֛עַת	d/6883	HTd/Ncfsa	05Fzq
24	8	4		לִ/שְׁמֹ֥ר	l/8104	HR/Vqc	05gPK
24	8	5		מְאֹ֖ד	3966	HD	05K8b
24	8	6		וְ/לַ/עֲשׂ֑וֹת	c/l/6213 a	HC/R/Vqc	05bBS
24	8	7		כְּ/כֹל֩	k/3605	HR/Ncmsa	05rPV
24	8	8		אֲשֶׁר	834 a	HTr	05tM6
24	8	9		יוֹר֨וּ	3384 b	HVhi3mp	05HQy
24	8	10		אֶתְ/כֶ֜ם	853	HTo/Sp2mp	05N4G
24	8	11		הַ/כֹּהֲנִ֧ים	d/3548	HTd/Ncmpa	05BMM
24	8	12		הַ/לְוִיִּ֛ם	d/3881	HTd/Ngmpa	05rhp
24	8	13		כַּ/אֲשֶׁ֥ר	k/834 d	HR/Tr	05vtD
24	8	14		צִוִּיתִ֖/ם	6680	HVpp1cs/Sp3mp	05JWe
24	8	15		תִּשְׁמְר֥וּ	8104	HVqi2mp	05CZN
24	8	16		לַ/עֲשֽׂוֹת	l/6213 a	HR/Vqc	05Yh5
24	9	1		זָכ֕וֹר	2142	HVqa	05CBW
24	9	2		אֵ֧ת	853	HTo	05Xsp
24	9	3		אֲשֶׁר	834 a	HTr	053JX
24	9	4		עָשָׂ֛ה	6213 a	HVqp3ms	05EbA
24	9	5		יְהוָ֥ה	3068	HNp	05obf
24	9	6		אֱלֹהֶ֖י/ךָ	430	HNcmpc/Sp2ms	05YzW
24	9	7		לְ/מִרְיָ֑ם	l/4813	HR/Np	05FaA
24	9	8		בַּ/דֶּ֖רֶךְ	b/1870	HRd/Ncbsa	05E6Y
24	9	9		בְּ/צֵאתְ/כֶ֥ם	b/3318	HR/Vqc/Sp2mp	05twK
24	9	10		מִ/מִּצְרָֽיִם	m/4714	HR/Np	05xXA
24	10	1		כִּֽי	3588 a	HC	05BZb
24	10	2		תַשֶּׁ֥ה	5383	HVhi2ms	05gs8
24	10	3		בְ/רֵֽעֲ/ךָ	b/7453	HR/Ncmsc/Sp2ms	055eB
24	10	4		מַשַּׁ֣את	4859	HNcfsc	054Zt
24	10	5		מְא֑וּמָה	3972	HNcfsa	05kPr
24	10	6		לֹא	3808	HTn	05Z6v
24	10	7		תָבֹ֥א	935	HVqi2ms	05M9m
24	10	8		אֶל	413	HR	059fx
24	10	9		בֵּית֖/וֹ	1004 b	HNcmsc/Sp3ms	054gn
24	10	10		לַ/עֲבֹ֥ט	l/5670	HR/Vqc	05Uvg
24	10	11		עֲבֹטֽ/וֹ	5667	HNcmsc/Sp3ms	05boM
24	11	1		בַּ/ח֖וּץ	b/2351	HRd/Ncmsa	05Dza
24	11	2		תַּעֲמֹ֑ד	5975	HVqi2ms	05X3B
24	11	3		וְ/הָ/אִ֗ישׁ	c/d/376	HC/Td/Ncmsa	05St2
24	11	4		אֲשֶׁ֤ר	834 a	HTr	05VKr
24	11	5		אַתָּה֙	859 a	HPp2ms	05Pjg
24	11	6		נֹשֶׁ֣ה	5383	HVqrmsa	05wJx
24	11	7		ב֔/וֹ	b	HR/Sp3ms	053y6
24	11	8		יוֹצִ֥יא	3318	HVhi3ms	05xas
24	11	9		אֵלֶ֛י/ךָ	413	HR/Sp2ms	05K2P
24	11	10		אֶֽת	853	HTo	05jRn
24	11	11		הַ/עֲב֖וֹט	d/5667	HTd/Ncmsa	05QrB
24	11	12		הַ/חֽוּצָ/ה	d/2351	HTd/Ncmsa/Sd	05rc3
24	12	1		וְ/אִם	c/518 a	HC/C	05ZuC
24	12	2		אִ֥ישׁ	376	HNcmsa	05ftE
24	12	3		עָנִ֖י	6041	HAamsa	05gXP
24	12	4		ה֑וּא	1931	HPp3ms	058oS
24	12	5		לֹ֥א	3808	HTn	055jD
24	12	6		תִשְׁכַּ֖ב	7901	HVqi2ms	05nts
24	12	7		בַּ/עֲבֹטֽ/וֹ	b/5667	HR/Ncmsc/Sp3ms	05LBK
24	13	1		הָשֵׁב֩	7725	HVha	05QAB
24	13	2		תָּשִׁ֨יב	7725	HVhi2ms	05Bjt
24	13	3		ל֤/וֹ	l	HR/Sp3ms	054H2
24	13	4		אֶֽת	853	HTo	05MmJ
24	13	5		הַ/עֲבוֹט֙	d/5667	HTd/Ncmsa	05rWR
24	13	6		כְּ/בֹ֣א	k/935	HR/Vqc	05EVJ
24	13	7		הַ/שֶּׁ֔מֶשׁ	d/8121	HTd/Ncbsa	057Kc
24	13	8		וְ/שָׁכַ֥ב	c/7901	HC/Vqq3ms	05Wij
24	13	9		בְּ/שַׂלְמָת֖/וֹ	b/8008	HR/Ncfsc/Sp3ms	05DSB
24	13	10		וּ/בֵֽרֲכֶ֑/ךָּ	c/1288	HC/Vpq3ms/Sp2ms	05oAR
24	13	11		וּ/לְ/ךָ֙	c/l	HC/R/Sp2ms	05Pib
24	13	12		תִּהְיֶ֣ה	1961	HVqi3fs	051aY
24	13	13		צְדָקָ֔ה	6666	HNcfsa	052Mj
24	13	14		לִ/פְנֵ֖י	l/6440	HR/Ncbpc	05YVq
24	13	15		יְהוָ֥ה	3068	HNp	05r5m
24	13	16		אֱלֹהֶֽי/ךָ	430	HNcmpc/Sp2ms	052oJ
24	14	1		לֹא	3808	HTn	05Ev1
24	14	2		תַעֲשֹׁ֥ק	6231	HVqi2ms	0598F
24	14	3		שָׂכִ֖יר	7916	HAamsa	0574y
24	14	4		עָנִ֣י	6041	HAamsa	0552H
24	14	5		וְ/אֶבְי֑וֹן	c/34	HC/Aamsa	05xAC
24	14	6		מֵ/אַחֶ֕י/ךָ	m/251	HR/Ncmpc/Sp2ms	058JG
24	14	7		א֧וֹ	176 a	HC	05nzC
24	14	8		מִ/גֵּרְ/ךָ֛	m/1616	HR/Ncmsc/Sp2ms	05nLz
24	14	9		אֲשֶׁ֥ר	834 a	HTr	05yHH
24	14	10		בְּ/אַרְצְ/ךָ֖	b/776	HR/Ncbsc/Sp2ms	057my
24	14	11		בִּ/שְׁעָרֶֽי/ךָ	b/8179	HR/Ncmpc/Sp2ms	05t1k
24	15	1		בְּ/יוֹמ/וֹ֩	b/3117	HR/Ncmsc/Sp3ms	05YQA
24	15	2		תִתֵּ֨ן	5414	HVqi2ms	05b5H
24	15	3		שְׂכָר֜/וֹ	7939	HNcmsc/Sp3ms	05G7D
24	15	4		וְֽ/לֹא	c/3808	HC/Tn	05wAJ
24	15	5		תָב֧וֹא	935	HVqi3fs	05oje
24	15	6		עָלָ֣י/ו	5921 a	HR/Sp3ms	05fWJ
24	15	7		הַ/שֶּׁ֗מֶשׁ	d/8121	HTd/Ncbsa	05fpQ
24	15	8		כִּ֤י	3588 a	HC	05Ygv
24	15	9		עָנִי֙	6041	HAamsa	05Nge
24	15	10		ה֔וּא	1931	HPp3ms	05Yp9
24	15	11		וְ/אֵלָ֕י/ו	c/413	HC/R/Sp3ms	05wLi
24	15	12		ה֥וּא	1931	HPp3ms	0588S
24	15	13		נֹשֵׂ֖א	5375	HVqrmsa	05KAU
24	15	14		אֶת	853	HTo	05Xxi
24	15	15		נַפְשׁ֑/וֹ	5315	HNcbsc/Sp3ms	05xb7
24	15	16		וְ/לֹֽא	c/3808	HC/Tn	05DtU
24	15	17		יִקְרָ֤א	7121	HVqi3ms	05poL
24	15	18		עָלֶ֨י/ךָ֙	5921 a	HR/Sp2ms	05KEx
24	15	19		אֶל	413	HR	05YMD
24	15	20		יְהוָ֔ה	3068	HNp	05TF6
24	15	21		וְ/הָיָ֥ה	c/1961	HC/Vqq3ms	05YB7
24	15	22		בְ/ךָ֖	b	HR/Sp2ms	05hR3
24	15	23		חֵֽטְא	2399	HNcmsa	05kGQ
24	16	1		לֹֽא	3808	HTn	05jYh
24	16	2		יוּמְת֤וּ	4191	HVHi3mp	05jtu
24	16	3		אָבוֹת֙	1	HNcmpa	05EBN
24	16	4		עַל	5921 a	HR	05PYi
24	16	5		בָּנִ֔ים	1121 a	HNcmpa	05KSQ
24	16	6		וּ/בָנִ֖ים	c/1121 a	HC/Ncmpa	05yN8
24	16	7		לֹא	3808	HTn	05AVR
24	16	8		יוּמְת֣וּ	4191	HVHi3mp	05fjn
24	16	9		עַל	5921 a	HR	05CTb
24	16	10		אָב֑וֹת	1	HNcmpa	05k9N
24	16	11		אִ֥יש	376	HNcmsa	051M5
24	16	12		בְּ/חֶטְא֖/וֹ	b/2399	HR/Ncmsc/Sp3ms	05Mcv
24	16	13		יוּמָֽתוּ	4191	HVHi3mp	05Jkx
24	17	1		לֹ֣א	3808	HTn	05bzS
24	17	2		תַטֶּ֔ה	5186	HVhi2ms	05VrM
24	17	3		מִשְׁפַּ֖ט	4941	HNcmsc	05TCd
24	17	4		גֵּ֣ר	1616	HNcmsa	05acR
24	17	5		יָת֑וֹם	3490	HNcmsa	0588f
24	17	6		וְ/לֹ֣א	c/3808	HC/Tn	05zKH
24	17	7		תַחֲבֹ֔ל	2254 a	HVqi2ms	05EkC
24	17	8		בֶּ֖גֶד	899 b	HNcmsc	05XXd
24	17	9		אַלְמָנָֽה	490	HNcfsa	05v2Y
24	18	1		וְ/זָכַרְתָּ֗	c/2142	HC/Vqq2ms	05w1p
24	18	2		כִּ֣י	3588 a	HC	05MPM
24	18	3		עֶ֤בֶד	5650	HNcmsa	05TLb
24	18	4		הָיִ֨יתָ֙	1961	HVqp2ms	05hPU
24	18	5		בְּ/מִצְרַ֔יִם	b/4714	HR/Np	05Qrn
24	18	6		וַֽ/יִּפְדְּ/ךָ֛	c/6299	HC/Vqw3ms/Sp2ms	05ttx
24	18	7		יְהוָ֥ה	3068	HNp	05izd
24	18	8		אֱלֹהֶ֖י/ךָ	430	HNcmpc/Sp2ms	05GNT
24	18	9		מִ/שָּׁ֑ם	m/8033	HR/D	05BW1
24	18	10		עַל	5921 a	HR	05XHh
24	18	11		כֵּ֞ן	3651 c	HTm	05d51
24	18	12		אָנֹכִ֤י	595	HPp1cs	05M9Z
24	18	13		מְצַוְּ/ךָ֙	6680	HVprmsc/Sp2ms	05EZY
24	18	14		לַ/עֲשׂ֔וֹת	l/6213 a	HR/Vqc	05zaH
24	18	15		אֶת	853	HTo	05tqU
24	18	16		הַ/דָּבָ֖ר	d/1697	HTd/Ncmsa	05sL7
24	18	17		הַ/זֶּֽה	d/2088	HTd/Pdxms	0562z
24	19	1		כִּ֣י	3588 a	HC	05p4B
24	19	2		תִקְצֹר֩	7114 b	HVqi2ms	05QVp
24	19	3		קְצִֽירְ/ךָ֨	7105 a	HNcmsc/Sp2ms	05ERj
24	19	4		בְ/שָׂדֶ֜/ךָ	b/7704 b	HR/Ncmsc/Sp2ms	05zLy
24	19	5		וְ/שָֽׁכַחְתָּ֧	c/7911	HC/Vqq2ms	051Qm
24	19	6		עֹ֣מֶר	6016 a	HNcmsa	05PWq
24	19	7		בַּ/שָּׂדֶ֗ה	b/7704 b	HRd/Ncmsa	05tdk
24	19	8		לֹ֤א	3808	HTn	05jqe
24	19	9		תָשׁוּב֙	7725	HVqi2ms	05heh
24	19	10		לְ/קַחְתּ֔/וֹ	l/3947	HR/Vqc/Sp3ms	05mnk
24	19	11		לַ/גֵּ֛ר	l/1616	HRd/Ncmsa	05GDi
24	19	12		לַ/יָּת֥וֹם	l/3490	HRd/Ncmsa	054kY
24	19	13		וְ/לָ/אַלְמָנָ֖ה	c/l/490	HC/Rd/Ncfsa	05SP6
24	19	14		יִהְיֶ֑ה	1961	HVqi3ms	05Uf2
24	19	15		לְמַ֤עַן	4616	HR	052yh
24	19	16		יְבָרֶכְ/ךָ֙	1288	HVpi3ms/Sp2ms	05b44
24	19	17		יְהוָ֣ה	3068	HNp	05T19
24	19	18		אֱלֹהֶ֔י/ךָ	430	HNcmpc/Sp2ms	05h46
24	19	19		בְּ/כֹ֖ל	b/3605	HR/Ncmsc	05SrF
24	19	20		מַעֲשֵׂ֥ה	4639	HNcmsc	05qdx
24	19	21		יָדֶֽי/ךָ	3027	HNcbdc/Sp2ms	05Wbq
24	20	1		כִּ֤י	3588 a	HC	051Ku
24	20	2		תַחְבֹּט֙	2251	HVqi2ms	05g1S
24	20	3		זֵֽיתְ/ךָ֔	2132	HNcmsc/Sp2ms	057SA
24	20	4		לֹ֥א	3808	HTn	052Q5
24	20	5		תְפָאֵ֖ר	6286 b	HVpi2ms	05rRg
24	20	6		אַחֲרֶ֑י/ךָ	310 a	HR/Sp2ms	05rGq
24	20	7		לַ/גֵּ֛ר	l/1616	HRd/Ncmsa	05JHg
24	20	8		לַ/יָּת֥וֹם	l/3490	HRd/Ncmsa	05Qew
24	20	9		וְ/לָ/אַלְמָנָ֖ה	c/l/490	HC/Rd/Ncfsa	05anf
24	20	10		יִהְיֶֽה	1961	HVqi3ms	05J27
24	21	1		כִּ֤י	3588 a	HC	05NmU
24	21	2		תִבְצֹר֙	1219	HVqi2ms	05h9C
24	21	3		כַּרְמְ/ךָ֔	3754	HNcbsc/Sp2ms	05GDr
24	21	4		לֹ֥א	3808	HTn	05vF8
24	21	5		תְעוֹלֵ֖ל	5953 b	HVmi2ms	05DVe
24	21	6		אַחֲרֶ֑י/ךָ	310 a	HR/Sp2ms	05E3T
24	21	7		לַ/גֵּ֛ר	l/1616	HRd/Ncmsa	057v8
24	21	8		לַ/יָּת֥וֹם	l/3490	HRd/Ncmsa	05HxH
24	21	9		וְ/לָ/אַלְמָנָ֖ה	c/l/490	HC/Rd/Ncfsa	05F8P
24	21	10		יִהְיֶֽה	1961	HVqi3ms	053Ed
24	22	1		וְ/זָ֣כַרְתָּ֔	c/2142	HC/Vqq2ms	05km3
24	22	2		כִּי	3588 a	HC	05xjC
24	22	3		עֶ֥בֶד	5650	HNcmsa	05qun
24	22	4		הָיִ֖יתָ	1961	HVqp2ms	055kJ
24	22	5		בְּ/אֶ֣רֶץ	b/776	HR/Ncbsc	05ezp
24	22	6		מִצְרָ֑יִם	4714	HNp	05sfU
24	22	7		עַל	5921 a	HR	05RQw
24	22	8		כֵּ֞ן	3651 c	HTm	05FDq
24	22	9		אָנֹכִ֤י	595	HPp1cs	05vbV
24	22	10		מְצַוְּ/ךָ֙	6680	HVprmsc/Sp2ms	05dtZ
24	22	11		לַ/עֲשׂ֔וֹת	l/6213 a	HR/Vqc	05oGC
24	22	12		אֶת	853	HTo	05zVE
24	22	13		הַ/דָּבָ֖ר	d/1697	HTd/Ncmsa	0563D
24	22	14		הַ/זֶּֽה	d/2088	HTd/Pdxms	05aVU
25	1	1		כִּֽי	3588 a	HC	05RiQ
25	1	2		יִהְיֶ֥ה	1961	HVqi3ms	05A4d
25	1	3		רִיב֙	7379	HNcbsa	059G4
25	1	4		בֵּ֣ין	996	HR	05vJQ
25	1	5		אֲנָשִׁ֔ים	376	HNcmpa	05Svx
25	1	6		וְ/נִגְּשׁ֥וּ	c/5066	HC/VNq3cp	05fdR
25	1	7		אֶל	413	HR	05QnD
25	1	8		הַ/מִּשְׁפָּ֖ט	d/4941	HTd/Ncmsa	05Np6
25	1	9		וּ/שְׁפָט֑וּ/ם	c/8199	HC/Vqq3cp/Sp3mp	059D7
25	1	10		וְ/הִצְדִּ֨יקוּ֙	c/6663	HC/Vhq3cp	05Zzo
25	1	11		אֶת	853	HTo	05kr3
25	1	12		הַ/צַּדִּ֔יק	d/6662	HTd/Aamsa	05wiP
25	1	13		וְ/הִרְשִׁ֖יעוּ	c/7561	HC/Vhq3cp	05MA8
25	1	14		אֶת	853	HTo	05DTM
25	1	15		הָ/רָשָֽׁע	d/7563	HTd/Aamsa	05pcc
25	2	1		וְ/הָיָ֛ה	c/1961	HC/Vqq3ms	05HG2
25	2	2		אִם	518 a	HC	05A13
25	2	3		בִּ֥ן	1121 a	HNcmsc	05vHy
25	2	4		הַכּ֖וֹת	5221	HVhc	05717
25	2	5		הָ/רָשָׁ֑ע	d/7563	HTd/Aamsa	05k6g
25	2	6		וְ/הִפִּיל֤/וֹ	c/5307	HC/Vhq3ms/Sp3ms	05eGQ
25	2	7		הַ/שֹּׁפֵט֙	d/8199	HTd/Vqrmsa	05Pk7
25	2	8		וְ/הִכָּ֣ה/וּ	c/5221	HC/Vhq3ms/Sp3ms	05R3Z
25	2	9		לְ/פָנָ֔י/ו	l/6440	HR/Ncbpc/Sp3ms	05Ky7
25	2	10		כְּ/דֵ֥י	k/1767	HR/Ncmsc	057pW
25	2	11		רִשְׁעָת֖/וֹ	7564	HNcfsc/Sp3ms	05ubK
25	2	12		בְּ/מִסְפָּֽר	b/4557	HR/Ncmsa	05weN
25	3	1		אַרְבָּעִ֥ים	705	HAcbpa	05oFq
25	3	2		יַכֶּ֖/נּוּ	5221	HVhi3ms/Sp3ms	05pDi
25	3	3		לֹ֣א	3808	HTn	05NHC
25	3	4		יֹסִ֑יף	3254	HVhi3ms	056Cr
25	3	5		פֶּן	6435	HC	05NUj
25	3	6		יֹסִ֨יף	3254	HVhi3ms	05PJg
25	3	7		לְ/הַכֹּת֤/וֹ	l/5221	HR/Vhc/Sp3ms	05E7S
25	3	8		עַל	5921 a	HR	05KKi
25	3	9		אֵ֨לֶּה֙	428	HPdxcp	05uCx
25	3	10		מַכָּ֣ה	4347	HNcfsa	05K9C
25	3	11		רַבָּ֔ה	7227 a	HAafsa	05nZx
25	3	12		וְ/נִקְלָ֥ה	c/7034	HC/VNq3ms	05KVG
25	3	13		אָחִ֖י/ךָ	251	HNcmsc/Sp2ms	05gtm
25	3	14		לְ/עֵינֶֽי/ךָ	l/5869 a	HR/Ncbdc/Sp2ms	05KY7
25	4	1		לֹא	3808	HTn	05uJV
25	4	2		תַחְסֹ֥ם	2629	HVqi2ms	05EYJ
25	4	3		שׁ֖וֹר	7794	HNcmsa	05fzq
25	4	4		בְּ/דִישֽׁ/וֹ	b/1758	HR/Vqc/Sp3ms	05Zpp
25	5	1		כִּֽי	3588 a	HC	05GvP
25	5	2		יֵשְׁב֨וּ	3427	HVqi3mp	05xb5
25	5	3		אַחִ֜ים	251	HNcmpa	05xSy
25	5	4		יַחְדָּ֗ו	3162 b	HD	05z29
25	5	5		וּ/מֵ֨ת	c/4191	HC/Vqq3ms	056ip
25	5	6		אַחַ֤ד	259	HAcmsa	05Dv2
25	5	7		מֵ/הֶם֙	m	HR/Sp3mp	05GCo
25	5	8		וּ/בֵ֣ן	c/1121 a	HC/Ncmsa	05tFN
25	5	9		אֵֽין	369	HTn	05pf3
25	5	10		ל֔/וֹ	l	HR/Sp3ms	059LD
25	5	11		לֹֽא	3808	HTn	05MnJ
25	5	12		תִהְיֶ֧ה	1961	HVqi3fs	05a4D
25	5	13		אֵֽשֶׁת	802	HNcfsc	05yxF
25	5	14		הַ/מֵּ֛ת	d/4191	HTd/Vqrmsa	05Rb8
25	5	15		הַ/ח֖וּצָ/ה	d/2351	HTd/Ncmsa/Sd	05CN5
25	5	16		לְ/אִ֣ישׁ	l/376	HR/Ncmsa	05u25
25	5	17		זָ֑ר	2114 a	HAamsa	05qSq
25	5	18		יְבָמָ/הּ֙	2993	HNcmsc/Sp3fs	05AMc
25	5	19		יָבֹ֣א	935	HVqi3ms	05Adu
25	5	20		עָלֶ֔י/הָ	5921 a	HR/Sp3fs	05sh6
25	5	21		וּ/לְקָחָ֥/הּ	c/3947	HC/Vqq3ms/Sp3fs	05Az8
25	5	22		ל֛/וֹ	l	HR/Sp3ms	05z7z
25	5	23		לְ/אִשָּׁ֖ה	l/802	HR/Ncfsa	05Gyr
25	5	24		וְ/יִבְּמָֽ/הּ	c/2992	HC/Vpq3ms/Sp3fs	059AQ
25	6	1		וְ/הָיָ֗ה	c/1961	HC/Vqq3ms	05FMj
25	6	2		הַ/בְּכוֹר֙	d/1060	HTd/Ncmsa	05VET
25	6	3		אֲשֶׁ֣ר	834 a	HTr	05pwL
25	6	4		תֵּלֵ֔ד	3205	HVqi3fs	05Ap2
25	6	5		יָק֕וּם	6965 b	HVqi3ms	05ZZu
25	6	6		עַל	5921 a	HR	05Gw5
25	6	7		שֵׁ֥ם	8034	HNcmsc	054uN
25	6	8		אָחִ֖י/ו	251	HNcmsc/Sp3ms	05Tau
25	6	9		הַ/מֵּ֑ת	d/4191	HTd/Vqrmsa	05tv5
25	6	10		וְ/לֹֽא	c/3808	HC/Tn	05zV6
25	6	11		יִמָּחֶ֥ה	4229 a	HVNi3ms	05DF1
25	6	12		שְׁמ֖/וֹ	8034	HNcmsc/Sp3ms	05UwN
25	6	13		מִ/יִּשְׂרָאֵֽל	m/3478	HR/Np	05wi6
25	7	1		וְ/אִם	c/518 a	HC/C	05p3S
25	7	2		לֹ֤א	3808	HTn	05eBV
25	7	3		יַחְפֹּץ֙	2654 a	HVqi3ms	05xzL
25	7	4		הָ/אִ֔ישׁ	d/376	HTd/Ncmsa	05khJ
25	7	5		לָ/קַ֖חַת	l/3947	HR/Vqc	05ftY
25	7	6		אֶת	853	HTo	05opc
25	7	7		יְבִמְתּ֑/וֹ	2994	HNcfsc/Sp3ms	05oMo
25	7	8		וְ/עָלְתָה֩	c/5927	HC/Vqq3fs	05dqs
25	7	9		יְבִמְתּ֨/וֹ	2994	HNcfsc/Sp3ms	054Bp
25	7	10		הַ/שַּׁ֜עְרָ/ה	d/8179	HTd/Ncmsa/Sd	05G2P
25	7	11		אֶל	413	HR	0516d
25	7	12		הַ/זְּקֵנִ֗ים	d/2205	HTd/Aampa	054RU
25	7	13		וְ/אָֽמְרָה֙	c/559	HC/Vqq3fs	05uUK
25	7	14		מֵאֵ֨ין	3985	HVpp3ms	05Tyx
25	7	15		יְבָמִ֜/י	2993	HNcmsc/Sp1cs	05eU2
25	7	16		לְ/הָקִ֨ים	l/6965 b	HR/Vhc	05CCe
25	7	17		לְ/אָחִ֥י/ו	l/251	HR/Ncmsc/Sp3ms	05fFD
25	7	18		שֵׁם֙	8034	HNcmsa	05dpH
25	7	19		בְּ/יִשְׂרָאֵ֔ל	b/3478	HR/Np	05wBW
25	7	20		לֹ֥א	3808	HTn	05JYr
25	7	21		אָבָ֖ה	14	HVqp3ms	05hNG
25	7	22		יַבְּמִֽ/י	2992	HVpc/Sp1cs	05tbb
25	8	1		וְ/קָֽרְאוּ	c/7121	HC/Vqq3cp	05Ve8
25	8	2		ל֥/וֹ	l	HR/Sp3ms	05qLd
25	8	3		זִקְנֵי	2205	HAampc	057Jc
25	8	4		עִיר֖/וֹ	5892 b	HNcfsc/Sp3ms	05p5E
25	8	5		וְ/דִבְּר֣וּ	c/1696	HC/Vpq3cp	058nB
25	8	6		אֵלָ֑י/ו	413	HR/Sp3ms	05EvJ
25	8	7		וְ/עָמַ֣ד	c/5975	HC/Vqq3ms	0547G
25	8	8		וְ/אָמַ֔ר	c/559	HC/Vqq3ms	05QcW
25	8	9		לֹ֥א	3808	HTn	05TMj
25	8	10		חָפַ֖צְתִּי	2654 a	HVqp1cs	05g4h
25	8	11		לְ/קַחְתָּֽ/הּ	l/3947	HR/Vqc/Sp3fs	05NYF
25	9	1		וְ/נִגְּשָׁ֨ה	c/5066	HC/VNq3fs	059MF
25	9	2		יְבִמְתּ֣/וֹ	2994	HNcfsc/Sp3ms	05WTP
25	9	3		אֵלָי/ו֮	413	HR/Sp3ms	05Fx8
25	9	4		לְ/עֵינֵ֣י	l/5869 a	HR/Ncbdc	05LH8
25	9	5		הַ/זְּקֵנִים֒	d/2205	HTd/Aampa	05ZZJ
25	9	6		וְ/חָלְצָ֤ה	c/2502 a	HC/Vqq3fs	054Mw
25	9	7		נַעֲל/וֹ֙	5275	HNcfsc/Sp3ms	05VZW
25	9	8		מֵ/עַ֣ל	m/5921 a	HR/R	059Qr
25	9	9		רַגְל֔/וֹ	7272	HNcfsc/Sp3ms	05x8X
25	9	10		וְ/יָרְקָ֖ה	c/3417	HC/Vqq3fs	05wtH
25	9	11		בְּ/פָנָ֑י/ו	b/6440	HR/Ncbpc/Sp3ms	05FP1
25	9	12		וְ/עָֽנְתָה֙	c/6030 b	HC/Vqq3fs	05esS
25	9	13		וְ/אָ֣מְרָ֔ה	c/559	HC/Vqq3fs	05mJE
25	9	14		כָּ֚כָה	3602	HD	05YmQ
25	9	15		יֵעָשֶׂ֣ה	6213 a	HVNi3ms	0564j
25	9	16		לָ/אִ֔ישׁ	l/376	HRd/Ncmsa	05ofm
25	9	17		אֲשֶׁ֥ר	834 a	HTr	05Pb4
25	9	18		לֹא	3808	HTn	05mKf
25	9	19		יִבְנֶ֖ה	1129	HVqi3ms	05Q4h
25	9	20		אֶת	853	HTo	05en1
25	9	21		בֵּ֥ית	1004 b	HNcmsc	05YBb
25	9	22		אָחִֽי/ו	251	HNcmsc/Sp3ms	058ej
25	10	1		וְ/נִקְרָ֥א	c/7121	HC/VNq3ms	05DXD
25	10	2		שְׁמ֖/וֹ	8034	HNcmsc/Sp3ms	05fbp
25	10	3		בְּ/יִשְׂרָאֵ֑ל	b/3478	HR/Np	05EFU
25	10	4		בֵּ֖ית	1004 b	HNcmsc	05xhY
25	10	5		חֲל֥וּץ	2502 a	HVqsmsc	05t7t
25	10	6		הַ/נָּֽעַל	d/5275	HTd/Ncfsa	05JFH
25	11	1		כִּֽי	3588 a	HC	051sQ
25	11	2		יִנָּצ֨וּ	5327 a	HVNi3mp	05x92
25	11	3		אֲנָשִׁ֤ים	376	HNcmpa	05qhm
25	11	4		יַחְדָּו֙	3162 b	HD	05b3m
25	11	5		אִ֣ישׁ	376	HNcmsa	05t8x
25	11	6		וְ/אָחִ֔י/ו	c/251	HC/Ncmsc/Sp3ms	05nzh
25	11	7		וְ/קָֽרְבָה֙	c/7126	HC/Vqq3fs	051Tt
25	11	8		אֵ֣שֶׁת	802	HNcfsc	05kGT
25	11	9		הָֽ/אֶחָ֔ד	d/259	HTd/Acmsa	05jpS
25	11	10		לְ/הַצִּ֥יל	l/5337	HR/Vhc	05osK
25	11	11		אֶת	853	HTo	05MPv
25	11	12		אִישָׁ֖/הּ	376	HNcmsc/Sp3fs	0545N
25	11	13		מִ/יַּ֣ד	m/3027	HR/Ncbsc	05SxS
25	11	14		מַכֵּ֑ה/וּ	5221	HVhrmsc/Sp3ms	05oRe
25	11	15		וְ/שָׁלְחָ֣ה	c/7971	HC/Vqq3fs	05z8R
25	11	16		יָדָ֔/הּ	3027	HNcbsc/Sp3fs	05RSo
25	11	17		וְ/הֶחֱזִ֖יקָה	c/2388	HC/Vhq3fs	05Bvw
25	11	18		בִּ/מְבֻשָֽׁי/ו	b/4016	HR/Ncmpc/Sp3ms	05yx4
25	12	1		וְ/קַצֹּתָ֖ה	c/7112	HC/Vqq2ms	052ju
25	12	2		אֶת	853	HTo	05h8h
25	12	3		כַּפָּ֑/הּ	3709	HNcfsc/Sp3fs	05BoQ
25	12	4		לֹ֥א	3808	HTn	05gZL
25	12	5		תָח֖וֹס	2347	HVqi3fs	05Vdn
25	12	6		עֵינֶֽ/ךָ	5869 a	HNcbsc/Sp2ms	05H9q
25	13	1		לֹֽא	3808	HTn	05ZUX
25	13	2		יִהְיֶ֥ה	1961	HVqi3ms	05wmf
25	13	3		לְ/ךָ֛	l	HR/Sp2ms	05Ai6
25	13	4		בְּ/כִֽיסְ/ךָ֖	b/3599	HR/Ncmsc/Sp2ms	05f3s
25	13	5		אֶ֣בֶן	68	HNcfsa	05kgg
25	13	6		וָ/אָ֑בֶן	c/68	HC/Ncfsa	05JkP
25	13	7		גְּדוֹלָ֖ה	1419 a	HAafsa	05Quh
25	13	8		וּ/קְטַנָּֽה	c/6996 a	HC/Aafsa	05F3o
25	14	1		לֹא	3808	HTn	05QpL
25	14	2		יִהְיֶ֥ה	1961	HVqi3ms	05k19
25	14	3		לְ/ךָ֛	l	HR/Sp2ms	05smZ
25	14	4		בְּ/בֵיתְ/ךָ֖	b/1004 b	HR/Ncmsc/Sp2ms	05Ahp
25	14	5		אֵיפָ֣ה	374	HNcfsa	05oZP
25	14	6		וְ/אֵיפָ֑ה	c/374	HC/Ncfsa	05vJZ
25	14	7		גְּדוֹלָ֖ה	1419 a	HAafsa	05N4g
25	14	8		וּ/קְטַנָּֽה	c/6996 a	HC/Aafsa	05vAC
25	15	1		אֶ֣בֶן	68	HNcfsa	05HhV
25	15	2		שְׁלֵמָ֤ה	8003	HAafsa	05Prb
25	15	3		וָ/צֶ֨דֶק֙	c/6664	HC/Ncmsa	05rAT
25	15	4		יִֽהְיֶה	1961	HVqi3ms	05BC4
25	15	5		לָּ֔/ךְ	l	HR/Sp2fs	05DKf
25	15	6		אֵיפָ֧ה	374	HNcfsa	05uYL
25	15	7		שְׁלֵמָ֛ה	8003	HAafsa	05m2P
25	15	8		וָ/צֶ֖דֶק	c/6664	HC/Ncmsa	05wGB
25	15	9		יִֽהְיֶה	1961	HVqi3ms	051AN
25	15	10		לָּ֑/ךְ	l	HR/Sp2fs	054iw
25	15	11		לְמַ֨עַן֙	4616	HR	058TL
25	15	12		יַאֲרִ֣יכוּ	748	HVhi3mp	05iQ3
25	15	13		יָמֶ֔י/ךָ	3117	HNcmpc/Sp2ms	05qvq
25	15	14		עַ֚ל	5921 a	HR	05R1y
25	15	15		הָֽ/אֲדָמָ֔ה	d/127	HTd/Ncfsa	05xR5
25	15	16		אֲשֶׁר	834 a	HTr	05AR8
25	15	17		יְהוָ֥ה	3068	HNp	05rgE
25	15	18		אֱלֹהֶ֖י/ךָ	430	HNcmpc/Sp2ms	05SDe
25	15	19		נֹתֵ֥ן	5414	HVqrmsa	05byL
25	15	20		לָֽ/ךְ	l	HR/Sp2fs	05jnA
25	16	1		כִּ֧י	3588 a	HC	0513g
25	16	2		תוֹעֲבַ֛ת	8441	HNcfsc	05Pkt
25	16	3		יְהוָ֥ה	3068	HNp	05FsX
25	16	4		אֱלֹהֶ֖י/ךָ	430	HNcmpc/Sp2ms	05VnZ
25	16	5		כָּל	3605	HNcmsc	05mHA
25	16	6		עֹ֣שֵׂה	6213 a	HVqrmsc	05vfE
25	16	7		אֵ֑לֶּה	428	HPdxcp	05mgu
25	16	8		כֹּ֖ל	3605	HNcmsc	05pjw
25	16	9		עֹ֥שֵׂה	6213 a	HVqrmsc	05VhF
25	16	10		עָֽוֶל	5766 a	HNcbsa	05XDK
25	17	1		זָכ֕וֹר	2142	HVqa	057GS
25	17	2		אֵ֛ת	853	HTo	05Zgu
25	17	3		אֲשֶׁר	834 a	HTr	05R1C
25	17	4		עָשָׂ֥ה	6213 a	HVqp3ms	05Rfs
25	17	5		לְ/ךָ֖	l	HR/Sp2ms	05ws8
25	17	6		עֲמָלֵ֑ק	6002	HNp	05qM7
25	17	7		בַּ/דֶּ֖רֶךְ	b/1870	HRd/Ncbsa	05jBM
25	17	8		בְּ/צֵאתְ/כֶ֥ם	b/3318	HR/Vqc/Sp2mp	05rTz
25	17	9		מִ/מִּצְרָֽיִם	m/4714	HR/Np	05mMu
25	18	1		אֲשֶׁ֨ר	834 a	HTr	05HBg
25	18	2		קָֽרְ/ךָ֜	7136 a	HVqp3ms/Sp2ms	05SXD
25	18	3		בַּ/דֶּ֗רֶךְ	b/1870	HRd/Ncbsa	05bLz
25	18	4		וַ/יְזַנֵּ֤ב	c/2179	HC/Vpw3ms	05hLM
25	18	5		בְּ/ךָ֙	b	HR/Sp2ms	05xrN
25	18	6		כָּל	3605	HNcmsc	05yrm
25	18	7		הַ/נֶּחֱשָׁלִ֣ים	d/2826	HTd/VNrmpa	05UCQ
25	18	8		אַֽחַרֶ֔י/ךָ	310 a	HR/Sp2ms	05KjR
25	18	9		וְ/אַתָּ֖ה	c/859 a	HC/Pp2ms	05CLi
25	18	10		עָיֵ֣ף	5889	HAamsa	05Qav
25	18	11		וְ/יָגֵ֑עַ	c/3023	HC/Aamsa	05M8b
25	18	12		וְ/לֹ֥א	c/3808	HC/Tn	05Dzp
25	18	13		יָרֵ֖א	3373	HVqp3ms	05HLK
25	18	14		אֱלֹהִֽים	430	HNcmpa	05BX2
25	19	1		וְ/הָיָ֡ה	c/1961	HC/Vqq3ms	05hgh
25	19	2		בְּ/הָנִ֣יחַ	b/5117	HR/Vhc	05S2v
25	19	3		יְהוָ֣ה	3068	HNp	052Ys
25	19	4		אֱלֹהֶ֣י/ךָ	430	HNcmpc/Sp2ms	05s9h
25	19	5		לְ֠/ךָ	l	HR/Sp2ms	05fMZ
25	19	6		מִ/כָּל	m/3605	HR/Ncmsc	05H3v
25	19	7		אֹ֨יְבֶ֜י/ךָ	341	HVqrmpc/Sp2ms	05U8c
25	19	8		מִ/סָּבִ֗יב	m/5439	HR/Ncbsa	05zAY
25	19	9		בָּ/אָ֨רֶץ֙	b/776	HRd/Ncbsa	05gMV
25	19	10		אֲשֶׁ֣ר	834 a	HTr	05ZDb
25	19	11		יְהוָֽה	3068	HNp	05Jo8
25	19	12		אֱ֠לֹהֶי/ךָ	430	HNcmpc/Sp2ms	05Q6C
25	19	13		נֹתֵ֨ן	5414	HVqrmsa	05gzJ
25	19	14		לְ/ךָ֤	l	HR/Sp2ms	05C4c
25	19	15		נַחֲלָה֙	5159	HNcfsa	054oi
25	19	16		לְ/רִשְׁתָּ֔/הּ	l/3423	HR/Vqc/Sp3fs	05eTd
25	19	17		תִּמְחֶה֙	4229 a	HVqi2ms	05aZd
25	19	18		אֶת	853	HTo	05fbe
25	19	19		זֵ֣כֶר	2143	HNcmsc	05ihX
25	19	20		עֲמָלֵ֔ק	6002	HNp	05UxC
25	19	21		מִ/תַּ֖חַת	m/8478	HR/R	05BkJ
25	19	22		הַ/שָּׁמָ֑יִם	d/8064	HTd/Ncmpa	05dAv
25	19	23		לֹ֖א	3808	HTn	05C2a
25	19	24		תִּשְׁכָּֽח	7911	HVqi2ms	05FGj
26	1	1		וְ/הָיָה֙	c/1961	HC/Vqq3ms	05qYv
26	1	2		כִּֽי	3588 a	HC	05rLz
26	1	3		תָב֣וֹא	935	HVqi2ms	05dGK
26	1	4		אֶל	413	HR	0511C
26	1	5		הָ/אָ֔רֶץ	d/776	HTd/Ncbsa	05W6u
26	1	6		אֲשֶׁר֙	834 a	HTr	05tTE
26	1	7		יְהוָ֣ה	3068	HNp	05PEr
26	1	8		אֱלֹהֶ֔י/ךָ	430	HNcmpc/Sp2ms	05XWu
26	1	9		נֹתֵ֥ן	5414	HVqrmsa	053zr
26	1	10		לְ/ךָ֖	l	HR/Sp2ms	05PN6
26	1	11		נַחֲלָ֑ה	5159	HNcfsa	05q7s
26	1	12		וִֽ/ירִשְׁתָּ֖/הּ	c/3423	HC/Vqq2ms/Sp3fs	05HjF
26	1	13		וְ/יָשַׁ֥בְתָּ	c/3427	HC/Vqq2ms	05D3W
26	1	14		בָּֽ/הּ	b	HR/Sp3fs	05vNC
26	2	1		וְ/לָקַחְתָּ֞	c/3947	HC/Vqq2ms	05e2W
26	2	2		מֵ/רֵאשִׁ֣ית	m/7225	HR/Ncfsc	05Rj3
26	2	3		כָּל	3605	HNcmsc	05Yn8
26	2	4		פְּרִ֣י	6529	HNcmsc	05EY5
26	2	5		הָ/אֲדָמָ֗ה	d/127	HTd/Ncfsa	05xfB
26	2	6		אֲשֶׁ֨ר	834 a	HTr	05m3t
26	2	7		תָּבִ֧יא	935	HVhi2ms	05thv
26	2	8		מֵֽ/אַרְצְ/ךָ֛	m/776	HR/Ncbsc/Sp2ms	05yvt
26	2	9		אֲשֶׁ֨ר	834 a	HTr	05wJq
26	2	10		יְהוָ֧ה	3068	HNp	05Wsa
26	2	11		אֱלֹהֶ֛י/ךָ	430	HNcmpc/Sp2ms	051Gp
26	2	12		נֹתֵ֥ן	5414	HVqrmsa	05XsR
26	2	13		לָ֖/ךְ	l	HR/Sp2fs	05tsw
26	2	14		וְ/שַׂמְתָּ֣	c/7760 a	HC/Vqq2ms	05LKV
26	2	15		בַ/טֶּ֑נֶא	b/2935	HRd/Ncmsa	05ZJj
26	2	16		וְ/הָֽלַכְתָּ֙	c/1980	HC/Vqq2ms	051uH
26	2	17		אֶל	413	HR	05mQr
26	2	18		הַ/מָּק֔וֹם	d/4725	HTd/Ncmsa	05Mry
26	2	19		אֲשֶׁ֤ר	834 a	HTr	05Df2
26	2	20		יִבְחַר֙	977	HVqi3ms	05ZKi
26	2	21		יְהוָ֣ה	3068	HNp	05A59
26	2	22		אֱלֹהֶ֔י/ךָ	430	HNcmpc/Sp2ms	05R8x
26	2	23		לְ/שַׁכֵּ֥ן	l/7931	HR/Vpc	05AwL
26	2	24		שְׁמ֖/וֹ	8034	HNcmsc/Sp3ms	05bmt
26	2	25		שָֽׁם	8033	HD	052jp
26	3	1		וּ/בָאתָ֙	c/935	HC/Vqq2ms	05dFU
26	3	2		אֶל	413	HR	05q2b
26	3	3		הַ/כֹּהֵ֔ן	d/3548	HTd/Ncmsa	05Gra
26	3	4		אֲשֶׁ֥ר	834 a	HTr	05nq3
26	3	5		יִהְיֶ֖ה	1961	HVqi3ms	05Jrh
26	3	6		בַּ/יָּמִ֣ים	b/3117	HRd/Ncmpa	05zKZ
26	3	7		הָ/הֵ֑ם	d/1992	HTd/Pp3mp	05Vbm
26	3	8		וְ/אָמַרְתָּ֣	c/559	HC/Vqq2ms	05kZ4
26	3	9		אֵלָ֗י/ו	413	HR/Sp3ms	05CAy
26	3	10		הִגַּ֤דְתִּי	5046	HVhp1cs	05Lb3
26	3	11		הַ/יּוֹם֙	d/3117	HTd/Ncmsa	058jU
26	3	12		לַ/יהוָ֣ה	l/3068	HR/Np	05vqf
26	3	13		אֱלֹהֶ֔י/ךָ	430	HNcmpc/Sp2ms	05JsK
26	3	14		כִּי	3588 a	HC	05637
26	3	15		בָ֨אתִי֙	935	HVqp1cs	05x6p
26	3	16		אֶל	413	HR	05RxD
26	3	17		הָ/אָ֔רֶץ	d/776	HTd/Ncbsa	05cJM
26	3	18		אֲשֶׁ֨ר	834 a	HTr	05DDk
26	3	19		נִשְׁבַּ֧ע	7650	HVNp3ms	054ht
26	3	20		יְהוָ֛ה	3068	HNp	05D8o
26	3	21		לַ/אֲבֹתֵ֖י/נוּ	l/1	HR/Ncmpc/Sp1cp	05rUt
26	3	22		לָ֥/תֶת	l/5414	HR/Vqc	05BgS
26	3	23		לָֽ/נוּ	l	HR/Sp1cp	05Q13
26	4	1		וְ/לָקַ֧ח	c/3947	HC/Vqq3ms	05ZT5
26	4	2		הַ/כֹּהֵ֛ן	d/3548	HTd/Ncmsa	05NYK
26	4	3		הַ/טֶּ֖נֶא	d/2935	HTd/Ncmsa	05poM
26	4	4		מִ/יָּדֶ֑/ךָ	m/3027	HR/Ncbsc/Sp2ms	05GrK
26	4	5		וְ/הִ֨נִּיח֔/וֹ	c/3240	HC/Vhq3ms/Sp3ms	05BFS
26	4	6		לִ/פְנֵ֕י	l/6440	HR/Ncbpc	05VSb
26	4	7		מִזְבַּ֖ח	4196	HNcmsc	05win
26	4	8		יְהוָ֥ה	3068	HNp	05vTu
26	4	9		אֱלֹהֶֽי/ךָ	430	HNcmpc/Sp2ms	05bFF
26	5	1		וְ/עָנִ֨יתָ	c/6030 b	HC/Vqq2ms	05RPu
26	5	2		וְ/אָמַרְתָּ֜	c/559	HC/Vqq2ms	05i4Q
26	5	3		לִ/פְנֵ֣י	l/6440	HR/Ncbpc	05eeb
26	5	4		יְהוָ֣ה	3068	HNp	05DzJ
26	5	5		אֱלֹהֶ֗י/ךָ	430	HNcmpc/Sp2ms	05otG
26	5	6		אֲרַמִּי֙	761	HNgmsa	05uVF
26	5	7		אֹבֵ֣ד	6	HVqrmsa	05JuV
26	5	8		אָבִ֔/י	1	HNcmsc/Sp1cs	05WJN
26	5	9		וַ/יֵּ֣רֶד	c/3381	HC/Vqw3ms	05BZ4
26	5	10		מִצְרַ֔יְמָ/ה	4714	HNp/Sd	05TCU
26	5	11		וַ/יָּ֥גָר	c/1481 a	HC/Vqw3ms	05qjr
26	5	12		שָׁ֖ם	8033	HD	05wRN
26	5	13		בִּ/מְתֵ֣י	b/4962	HR/Ncmpc	0584p
26	5	14		מְעָ֑ט	4592	HNcmsa	05Mw5
26	5	15		וַֽ/יְהִי	c/1961	HC/Vqw3ms	058Qr
26	5	16		שָׁ֕ם	8033	HD	05mR9
26	5	17		לְ/ג֥וֹי	l/1471 a	HR/Ncmsa	05ZAQ
26	5	18		גָּד֖וֹל	1419 a	HAamsa	05PsY
26	5	19		עָצ֥וּם	6099	HAamsa	05W8e
26	5	20		וָ/רָֽב	c/7227 a	HC/Aamsa	05D63
26	6	1		וַ/יָּרֵ֧עוּ	c/7489 a	HC/Vhw3mp	05m1b
26	6	2		אֹתָ֛/נוּ	853	HTo/Sp1cp	05b1k
26	6	3		הַ/מִּצְרִ֖ים	d/4713	HTd/Ngmpa	054Jh
26	6	4		וַ/יְעַנּ֑וּ/נוּ	c/6031 b	HC/Vpw3mp/Sp1cp	05D47
26	6	5		וַ/יִּתְּנ֥וּ	c/5414	HC/Vqw3mp	05koV
26	6	6		עָלֵ֖י/נוּ	5921 a	HR/Sp1cp	05FRD
26	6	7		עֲבֹדָ֥ה	5656	HNcfsa	05BuR
26	6	8		קָשָֽׁה	7186	HAafsa	05k5H
26	7	1		וַ/נִּצְעַ֕ק	c/6817	HC/Vqw1cp	05tGq
26	7	2		אֶל	413	HR	05NLd
26	7	3		יְהוָ֖ה	3068	HNp	05J1k
26	7	4		אֱלֹהֵ֣י	430	HNcmpc	05uUr
26	7	5		אֲבֹתֵ֑י/נוּ	1	HNcmpc/Sp1cp	05ri9
26	7	6		וַ/יִּשְׁמַ֤ע	c/8085	HC/Vqw3ms	05niN
26	7	7		יְהוָה֙	3068	HNp	05Wxt
26	7	8		אֶת	853	HTo	05J7S
26	7	9		קֹלֵ֔/נוּ	6963 a	HNcmsc/Sp1cp	05BM3
26	7	10		וַ/יַּ֧רְא	c/7200	HC/Vqw3ms	053MM
26	7	11		אֶת	853	HTo	05oxD
26	7	12		עָנְיֵ֛/נוּ	6040	HNcmsc/Sp1cp	05xrp
26	7	13		וְ/אֶת	c/853	HC/To	059HN
26	7	14		עֲמָלֵ֖/נוּ	5999	HNcbsc/Sp1cp	056Y7
26	7	15		וְ/אֶת	c/853	HC/To	05RHW
26	7	16		לַחֲצֵֽ/נוּ	3906	HNcmsc/Sp1cp	05r5s
26	8	1		וַ/יּוֹצִאֵ֤/נוּ	c/3318	HC/Vhw3ms/Sp1cp	0597A
26	8	2		יְהוָה֙	3068	HNp	05Vqm
26	8	3		מִ/מִּצְרַ֔יִם	m/4714	HR/Np	05u4c
26	8	4		בְּ/יָ֤ד	b/3027	HR/Ncbsa	05ztB
26	8	5		חֲזָקָה֙	2389	HAafsa	05Azr
26	8	6		וּ/בִ/זְרֹ֣עַ	c/b/2220	HC/R/Ncbsa	053eC
26	8	7		נְטוּיָ֔ה	5186	HVqsfsa	05KxK
26	8	8		וּ/בְ/מֹרָ֖א	c/b/4172 a	HC/R/Ncmsa	054q4
26	8	9		גָּדֹ֑ל	1419 a	HAamsa	05fh6
26	8	10		וּ/בְ/אֹת֖וֹת	c/b/226	HC/R/Ncbpa	05esn
26	8	11		וּ/בְ/מֹפְתִֽים	c/b/4159	HC/R/Ncmpa	05ZQR
26	9	1		וַ/יְבִאֵ֖/נוּ	c/935	HC/Vhw3ms/Sp1cp	05XLc
26	9	2		אֶל	413	HR	05Cq3
26	9	3		הַ/מָּק֣וֹם	d/4725	HTd/Ncmsa	05Csz
26	9	4		הַ/זֶּ֑ה	d/2088	HTd/Pdxms	05GeH
26	9	5		וַ/יִּתֶּן	c/5414	HC/Vqw3ms	05Hch
26	9	6		לָ֨/נוּ֙	l	HR/Sp1cp	05AEo
26	9	7		אֶת	853	HTo	05BVz
26	9	8		הָ/אָ֣רֶץ	d/776	HTd/Ncbsa	05AKh
26	9	9		הַ/זֹּ֔את	d/2063	HTd/Pdxfs	05u24
26	9	10		אֶ֛רֶץ	776	HNcbsa	0551o
26	9	11		זָבַ֥ת	2100	HVqrfsc	05Uib
26	9	12		חָלָ֖ב	2461	HNcmsa	05FwK
26	9	13		וּ/דְבָֽשׁ	c/1706	HC/Ncmsa	056PS
26	10	1		וְ/עַתָּ֗ה	c/6258	HC/D	05rWd
26	10	2		הִנֵּ֤ה	2009	HTm	05DYp
26	10	3		הֵבֵ֨אתִי֙	935	HVhp1cs	05u96
26	10	4		אֶת	853	HTo	05Jp3
26	10	5		רֵאשִׁית֙	7225	HNcfsc	05ev7
26	10	6		פְּרִ֣י	6529	HNcmsc	05vDp
26	10	7		הָ/אֲדָמָ֔ה	d/127	HTd/Ncfsa	05Rgs
26	10	8		אֲשֶׁר	834 a	HTr	05i2V
26	10	9		נָתַ֥תָּה	5414	HVqp2ms	05pD9
26	10	10		לִּ֖/י	l	HR/Sp1cs	05Sww
26	10	11		יְהוָ֑ה	3068	HNp	05PTy
26	10	12		וְ/הִנַּחְתּ֗/וֹ	c/3240	HC/Vhq2ms/Sp3ms	05hMo
26	10	13		לִ/פְנֵי֙	l/6440	HR/Ncbpc	05WpC
26	10	14		יְהוָ֣ה	3068	HNp	05AFj
26	10	15		אֱלֹהֶ֔י/ךָ	430	HNcmpc/Sp2ms	05aSt
26	10	16		וְ/הִֽשְׁתַּחֲוִ֔יתָ	c/7812	HC/Vvq2ms	05Sqe
26	10	17		לִ/פְנֵ֖י	l/6440	HR/Ncbpc	05oYo
26	10	18		יְהוָ֥ה	3068	HNp	05scu
26	10	19		אֱלֹהֶֽי/ךָ	430	HNcmpc/Sp2ms	05JMM
26	11	1		וְ/שָׂמַחְתָּ֣	c/8055	HC/Vqq2ms	051sJ
26	11	2		בְ/כָל	b/3605	HR/Ncmsc	05Uxz
26	11	3		הַ/טּ֗וֹב	d/2896 b	HTd/Aamsa	05NGU
26	11	4		אֲשֶׁ֧ר	834 a	HTr	05bvJ
26	11	5		נָֽתַן	5414	HVqp3ms	05G8n
26	11	6		לְ/ךָ֛	l	HR/Sp2ms	05WY7
26	11	7		יְהוָ֥ה	3068	HNp	05BC3
26	11	8		אֱלֹהֶ֖י/ךָ	430	HNcmpc/Sp2ms	05sBo
26	11	9		וּ/לְ/בֵיתֶ֑/ךָ	c/l/1004 b	HC/R/Ncmsc/Sp2ms	05RKW
26	11	10		אַתָּה֙	859 a	HPp2ms	05tAq
26	11	11		וְ/הַ/לֵּוִ֔י	c/d/3881	HC/Td/Ngmsa	05Uw1
26	11	12		וְ/הַ/גֵּ֖ר	c/d/1616	HC/Td/Ncmsa	052wg
26	11	13		אֲשֶׁ֥ר	834 a	HTr	05AiD
26	11	14		בְּ/קִרְבֶּֽ/ךָ	b/7130	HR/Ncmsc/Sp2ms	05saZ
26	12	1		כִּ֣י	3588 a	HC	056Zs
26	12	2		תְכַלֶּ֞ה	3615	HVpi2ms	05AfV
26	12	3		לַ֠/עְשֵׂר	l/6237	HR/Vpc	05Lcd
26	12	4		אֶת	853	HTo	05rpk
26	12	5		כָּל	3605	HNcmsc	05nkG
26	12	6		מַעְשַׂ֧ר	4643	HNcmsc	05DzG
26	12	7		תְּבוּאָתְ/ךָ֛	8393	HNcfsc/Sp2ms	05pEh
26	12	8		בַּ/שָּׁנָ֥ה	b/8141	HRd/Ncfsa	054k4
26	12	9		הַ/שְּׁלִישִׁ֖ת	d/7992	HTd/Aofsa	05fR6
26	12	10		שְׁנַ֣ת	8141	HNcfsc	05Hpv
26	12	11		הַֽ/מַּעֲשֵׂ֑ר	d/4643	HTd/Ncmsa	05PZ2
26	12	12		וְ/נָתַתָּ֣ה	c/5414	HC/Vqq2ms	05Fw3
26	12	13		לַ/לֵּוִ֗י	l/3881	HRd/Ngmsa	05gyJ
26	12	14		לַ/גֵּר֙	l/1616	HRd/Ncmsa	05g5y
26	12	15		לַ/יָּת֣וֹם	l/3490	HRd/Ncmsa	05Dfx
26	12	16		וְ/לָֽ/אַלְמָנָ֔ה	c/l/490	HC/Rd/Ncfsa	05NAF
26	12	17		וְ/אָכְל֥וּ	c/398	HC/Vqq3cp	05EeP
26	12	18		בִ/שְׁעָרֶ֖י/ךָ	b/8179	HR/Ncmpc/Sp2ms	05BqM
26	12	19		וְ/שָׂבֵֽעוּ	c/7646	HC/Vqq3cp	05UCM
26	13	1		וְ/אָמַרְתָּ֡	c/559	HC/Vqq2ms	05ftT
26	13	2		לִ/פְנֵי֩	l/6440	HR/Ncbpc	05FKy
26	13	3		יְהוָ֨ה	3068	HNp	05cV9
26	13	4		אֱלֹהֶ֜י/ךָ	430	HNcmpc/Sp2ms	05X4w
26	13	5		בִּעַ֧רְתִּי	1197 a	HVpp1cs	05J5D
26	13	6		הַ/קֹּ֣דֶשׁ	d/6944	HTd/Ncmsa	05yY2
26	13	7		מִן	4480 a	HR	05Tg5
26	13	8		הַ/בַּ֗יִת	d/1004 b	HTd/Ncmsa	05hV5
26	13	9		וְ/גַ֨ם	c/1571	HC/Ta	053vf
26	13	10		נְתַתִּ֤י/ו	5414	HVqp1cs/Sp3ms	05cC7
26	13	11		לַ/לֵּוִי֙	l/3881	HRd/Ngmsa	05cM2
26	13	12		וְ/לַ/גֵּר֙	c/l/1616	HC/Rd/Ncmsa	05AeC
26	13	13		לַ/יָּת֣וֹם	l/3490	HRd/Ncmsa	05hiZ
26	13	14		וְ/לָ/אַלְמָנָ֔ה	c/l/490	HC/Rd/Ncfsa	05NFM
26	13	15		כְּ/כָל	k/3605	HR/Ncmsc	05Q9d
26	13	16		מִצְוָתְ/ךָ֖	4687	HNcfsc/Sp2ms	05Z4d
26	13	17		אֲשֶׁ֣ר	834 a	HTr	05bij
26	13	18		צִוִּיתָ֑/נִי	6680	HVpp2ms/Sp1cs	054dx
26	13	19		לֹֽא	3808	HTn	053PX
26	13	20		עָבַ֥רְתִּי	5674 a	HVqp1cs	05iyq
26	13	21		מִ/מִּצְוֺתֶ֖י/ךָ	m/4687	HR/Ncfpc/Sp2ms	05zn9
26	13	22		וְ/לֹ֥א	c/3808	HC/Tn	05Mha
26	13	23		שָׁכָֽחְתִּי	7911	HVqp1cs	05N7b
26	14	1		לֹא	3808	HTn	05d2k
26	14	2		אָכַ֨לְתִּי	398	HVqp1cs	054SL
26	14	3		בְ/אֹנִ֜י	b/205	HR/Ncmsa	05mgz
26	14	4		מִמֶּ֗/נּוּ	4480 a	HR/Sp1cp	05EqE
26	14	5		וְ/לֹא	c/3808	HC/Tn	05hRU
26	14	6		בִעַ֤רְתִּי	1197 a	HVpp1cs	05fkK
26	14	7		מִמֶּ֨/נּוּ֙	4480 a	HR/Sp1cp	05G6m
26	14	8		בְּ/טָמֵ֔א	b/2931	HR/Aamsa	05KKj
26	14	9		וְ/לֹא	c/3808	HC/Tn	05wRc
26	14	10		נָתַ֥תִּי	5414	HVqp1cs	057oV
26	14	11		מִמֶּ֖/נּוּ	4480 a	HR/Sp1cp	05w65
26	14	12		לְ/מֵ֑ת	l/4191	HR/Vqrmsa	05WrZ
26	14	13		שָׁמַ֗עְתִּי	8085	HVqp1cs	05by8
26	14	14		בְּ/קוֹל֙	b/6963 a	HR/Ncmsc	05W3R
26	14	15		יְהוָ֣ה	3068	HNp	05nzB
26	14	16		אֱלֹהָ֔/י	430	HNcmpc/Sp1cs	05g2B
26	14	17		עָשִׂ֕יתִי	6213 a	HVqp1cs	05And
26	14	18		כְּ/כֹ֖ל	k/3605	HR/Ncmsa	05VNa
26	14	19		אֲשֶׁ֥ר	834 a	HTr	05J2H
26	14	20		צִוִּיתָֽ/נִי	6680	HVpp2ms/Sp1cs	05Y4B
26	15	1		הַשְׁקִיפָ/ה֩	8259	HVhv2ms/Sh	05DWM
26	15	2		מִ/מְּע֨וֹן	m/4583	HR/Ncbsc	05Rxp
26	15	3		קָדְשְׁ/ךָ֜	6944	HNcmsc/Sp2ms	05Awt
26	15	4		מִן	4480 a	HR	05bTZ
26	15	5		הַ/שָּׁמַ֗יִם	d/8064	HTd/Ncmpa	05dzx
26	15	6		וּ/בָרֵ֤ךְ	c/1288	HC/Vpv2ms	05fU1
26	15	7		אֶֽת	853	HTo	05qg2
26	15	8		עַמְּ/ךָ֙	5971 a	HNcmsc/Sp2ms	05Uja
26	15	9		אֶת	853	HTo	05z9S
26	15	10		יִשְׂרָאֵ֔ל	3478	HNp	059ST
26	15	11		וְ/אֵת֙	c/853	HC/To	05pbz
26	15	12		הָ/אֲדָמָ֔ה	d/127	HTd/Ncfsa	05FE3
26	15	13		אֲשֶׁ֥ר	834 a	HTr	0535f
26	15	14		נָתַ֖תָּה	5414	HVqp2ms	05aPC
26	15	15		לָ֑/נוּ	l	HR/Sp1cp	05ReZ
26	15	16		כַּ/אֲשֶׁ֤ר	k/834 d	HR/Tr	05MTm
26	15	17		נִשְׁבַּ֨עְתָּ֙	7650	HVNp2ms	05YQH
26	15	18		לַ/אֲבֹתֵ֔י/נוּ	l/1	HR/Ncmpc/Sp1cp	05M6y
26	15	19		אֶ֛רֶץ	776	HNcbsa	051bL
26	15	20		זָבַ֥ת	2100	HVqrfsc	05aPi
26	15	21		חָלָ֖ב	2461	HNcmsa	05Qxz
26	15	22		וּ/דְבָֽשׁ	c/1706	HC/Ncmsa	056ku
26	16	1		הַ/יּ֣וֹם	d/3117	HTd/Ncmsa	059BK
26	16	2		הַ/זֶּ֗ה	d/2088	HTd/Pdxms	0546z
26	16	3		יְהוָ֨ה	3068	HNp	05g6h
26	16	4		אֱלֹהֶ֜י/ךָ	430	HNcmpc/Sp2ms	05R4n
26	16	5		מְצַוְּ/ךָ֧	6680	HVprmsc/Sp2ms	05X5Q
26	16	6		לַ/עֲשׂ֛וֹת	l/6213 a	HR/Vqc	05EQ1
26	16	7		אֶת	853	HTo	05LRR
26	16	8		הַ/חֻקִּ֥ים	d/2706	HTd/Ncmpa	05npT
26	16	9		הָ/אֵ֖לֶּה	d/428	HTd/Pdxcp	05AXe
26	16	10		וְ/אֶת	c/853	HC/To	05Tvz
26	16	11		הַ/מִּשְׁפָּטִ֑ים	d/4941	HTd/Ncmpa	05GqM
26	16	12		וְ/שָׁמַרְתָּ֤	c/8104	HC/Vqq2ms	05ANY
26	16	13		וְ/עָשִׂ֨יתָ֙	c/6213 a	HC/Vqq2ms	05Kwy
26	16	14		אוֹתָ֔/ם	853	HTo/Sp3mp	05crs
26	16	15		בְּ/כָל	b/3605	HR/Ncmsc	05bQJ
26	16	16		לְבָבְ/ךָ֖	3824	HNcmsc/Sp2ms	05HL8
26	16	17		וּ/בְ/כָל	c/b/3605	HC/R/Ncmsc	05Cho
26	16	18		נַפְשֶֽׁ/ךָ	5315	HNcbsc/Sp2ms	05Jv8
26	17	1		אֶת	853	HTo	05E6o
26	17	2		יְהוָ֥ה	3068	HNp	05UqT
26	17	3		הֶאֱמַ֖רְתָּ	559	HVhp2ms	05EiW
26	17	4		הַ/יּ֑וֹם	d/3117	HTd/Ncmsa	05kmx
26	17	5		לִ/הְיוֹת֩	l/1961	HR/Vqc	05gLK
26	17	6		לְ/ךָ֨	l	HR/Sp2ms	05JMe
26	17	7		לֵֽ/אלֹהִ֜ים	l/430	HR/Ncmpa	056MW
26	17	8		וְ/לָ/לֶ֣כֶת	c/l/3212	HC/R/Vqc	05i6u
26	17	9		בִּ/דְרָכָ֗י/ו	b/1870	HR/Ncbpc/Sp3ms	05KNk
26	17	10		וְ/לִ/שְׁמֹ֨ר	c/l/8104	HC/R/Vqc	05uu2
26	17	11		חֻקָּ֧י/ו	2706	HNcmpc/Sp3ms	05acM
26	17	12		וּ/מִצְוֺתָ֛י/ו	c/4687	HC/Ncfpc/Sp3ms	053PG
26	17	13		וּ/מִשְׁפָּטָ֖י/ו	c/4941	HC/Ncmpc/Sp3ms	05KfS
26	17	14		וְ/לִ/שְׁמֹ֥עַ	c/l/8085	HC/R/Vqc	05xJZ
26	17	15		בְּ/קֹלֽ/וֹ	b/6963 a	HR/Ncmsc/Sp3ms	05y5e
26	18	1		וַֽ/יהוָ֞ה	c/3068	HC/Np	05cRM
26	18	2		הֶאֱמִֽירְ/ךָ֣	559	HVhp3ms/Sp2ms	05Fr3
26	18	3		הַ/יּ֗וֹם	d/3117	HTd/Ncmsa	05gzM
26	18	4		לִ/הְי֥וֹת	l/1961	HR/Vqc	05qJp
26	18	5		ל/וֹ֙	l	HR/Sp3ms	05P5o
26	18	6		לְ/עַ֣ם	l/5971 a	HR/Ncmsc	05Kek
26	18	7		סְגֻלָּ֔ה	5459	HNcfsa	05c3K
26	18	8		כַּ/אֲשֶׁ֖ר	k/834 d	HR/Tr	05yPs
26	18	9		דִּבֶּר	1696	HVpp3ms	05zyS
26	18	10		לָ֑/ךְ	l	HR/Sp2fs	05KqH
26	18	11		וְ/לִ/שְׁמֹ֖ר	c/l/8104	HC/R/Vqc	05MMn
26	18	12		כָּל	3605	HNcmsc	053eY
26	18	13		מִצְוֺתָֽי/ו	4687	HNcfpc/Sp3ms	05HEf
26	19	1		וּֽ/לְ/תִתְּ/ךָ֣	c/l/5414	HC/R/Vqc/Sp2ms	05y91
26	19	2		עֶלְי֗וֹן	5945 a	HAamsa	05TVM
26	19	3		עַ֤ל	5921 a	HR	05kD4
26	19	4		כָּל	3605	HNcmsc	05Nmt
26	19	5		הַ/גּוֹיִם֙	d/1471 a	HTd/Ncmpa	05Akg
26	19	6		אֲשֶׁ֣ר	834 a	HTr	05B7Q
26	19	7		עָשָׂ֔ה	6213 a	HVqp3ms	05ycr
26	19	8		לִ/תְהִלָּ֖ה	l/8416	HR/Ncfsa	0597o
26	19	9		וּ/לְ/שֵׁ֣ם	c/l/8034	HC/R/Ncmsa	05wny
26	19	10		וּ/לְ/תִפְאָ֑רֶת	c/l/8597	HC/R/Ncfsa	05iRd
26	19	11		וְ/לִֽ/הְיֹתְ/ךָ֧	c/l/1961	HC/R/Vqc/Sp2ms	05Hqm
26	19	12		עַם	5971 a	HNcmsa	054yB
26	19	13		קָדֹ֛שׁ	6918	HAamsa	05eBM
26	19	14		לַ/יהוָ֥ה	l/3068	HR/Np	05sGZ
26	19	15		אֱלֹהֶ֖י/ךָ	430	HNcmpc/Sp2ms	05maq
26	19	16		כַּ/אֲשֶׁ֥ר	k/834 d	HR/Tr	05PDc
26	19	17		דִּבֵּֽר	1696	HVpp3ms	057ta
27	1	1		וַ/יְצַ֤ו	c/6680	HC/Vpw3ms	05PrJ
27	1	2		מֹשֶׁה֙	4872	HNp	05SiG
27	1	3		וְ/זִקְנֵ֣י	c/2205	HC/Aampc	05D8c
27	1	4		יִשְׂרָאֵ֔ל	3478	HNp	05z2c
27	1	5		אֶת	853	HTo	05VvA
27	1	6		הָ/עָ֖ם	d/5971 a	HTd/Ncmsa	05oTD
27	1	7		לֵ/אמֹ֑ר	l/559	HR/Vqc	05hhK
27	1	8		שָׁמֹר֙	8104	HVqa	055UZ
27	1	9		אֶת	853	HTo	05VkY
27	1	10		כָּל	3605	HNcmsc	052u2
27	1	11		הַ/מִּצְוָ֔ה	d/4687	HTd/Ncfsa	05uxY
27	1	12		אֲשֶׁ֧ר	834 a	HTr	05GJC
27	1	13		אָנֹכִ֛י	595	HPp1cs	058WP
27	1	14		מְצַוֶּ֥ה	6680	HVprmsa	059Vh
27	1	15		אֶתְ/כֶ֖ם	853	HTo/Sp2mp	05Ntu
27	1	16		הַ/יּֽוֹם	d/3117	HTd/Ncmsa	05ikR
27	2	1		וְ/הָיָ֗ה	c/1961	HC/Vqq3ms	05vkY
27	2	2		בַּ/יּוֹם֮	b/3117	HRd/Ncmsa	05F8A
27	2	3		אֲשֶׁ֣ר	834 a	HTr	05yB5
27	2	4		תַּעַבְר֣וּ	5674 a	HVqi2mp	05RhF
27	2	5		אֶת	853	HTo	05weY
27	2	6		הַ/יַּרְדֵּן֒	d/3383	HTd/Np	05jmK
27	2	7		אֶל	413	HR	054m9
27	2	8		הָ/אָ֕רֶץ	d/776	HTd/Ncbsa	05HZJ
27	2	9		אֲשֶׁר	834 a	HTr	05M1s
27	2	10		יְהוָ֥ה	3068	HNp	05BYD
27	2	11		אֱלֹהֶ֖י/ךָ	430	HNcmpc/Sp2ms	05ynr
27	2	12		נֹתֵ֣ן	5414	HVqrmsa	05VJd
27	2	13		לָ֑/ךְ	l	HR/Sp2fs	05nCA
27	2	14		וַ/הֲקֵמֹתָ֤	c/6965 b	HC/Vhq2ms	052ke
27	2	15		לְ/ךָ֙	l	HR/Sp2ms	054YR
27	2	16		אֲבָנִ֣ים	68	HNcfpa	05784
27	2	17		גְּדֹל֔וֹת	1419 a	HAafpa	05dpR
27	2	18		וְ/שַׂדְתָּ֥	c/7874	HC/Vqq2ms	05aBk
27	2	19		אֹתָ֖/ם	853	HTo/Sp3mp	05Ewf
27	2	20		בַּ/שִּֽׂיד	b/7875	HRd/Ncmsa	052i9
27	3	1		וְ/כָתַבְתָּ֣	c/3789	HC/Vqq2ms	05f2b
27	3	2		עֲלֵי/הֶ֗ן	5921 a	HR/Sp3fp	05AkM
27	3	3		אֶֽת	853	HTo	05KYx
27	3	4		כָּל	3605	HNcmsc	05JEq
27	3	5		דִּבְרֵ֛י	1697	HNcmpc	05hMV
27	3	6		הַ/תּוֹרָ֥ה	d/8451	HTd/Ncfsa	05A8N
27	3	7		הַ/זֹּ֖את	d/2063	HTd/Pdxfs	057ro
27	3	8		בְּ/עָבְרֶ֑/ךָ	b/5674 a	HR/Vqc/Sp2ms	05qJz
27	3	9		לְמַ֡עַן	4616	HR	05mN4
27	3	10		אֲשֶׁר֩	834 a	HTr	05c1S
27	3	11		תָּבֹ֨א	935	HVqi2ms	05E8w
27	3	12		אֶל	413	HR	05QNv
27	3	13		הָ/אָ֜רֶץ	d/776	HTd/Ncbsa	05GG4
27	3	14		אֲֽשֶׁר	834 a	HTr	05tsA
27	3	15		יְהוָ֥ה	3068	HNp	05WvW
27	3	16		אֱלֹהֶ֣י/ךָ	430	HNcmpc/Sp2ms	05Cyq
27	3	17		נֹתֵ֣ן	5414	HVqrmsa	059nW
27	3	18		לְ/ךָ֗	l	HR/Sp2ms	05goR
27	3	19		אֶ֣רֶץ	776	HNcbsa	05C48
27	3	20		זָבַ֤ת	2100	HVqrfsc	05naT
27	3	21		חָלָב֙	2461	HNcmsa	05rJY
27	3	22		וּ/דְבַ֔שׁ	c/1706	HC/Ncmsa	05X3v
27	3	23		כַּ/אֲשֶׁ֥ר	k/834 d	HR/Tr	05c1w
27	3	24		דִּבֶּ֛ר	1696	HVpp3ms	051qK
27	3	25		יְהוָ֥ה	3068	HNp	05oBj
27	3	26		אֱלֹהֵֽי	430	HNcmpc	051LX
27	3	27		אֲבֹתֶ֖י/ךָ	1	HNcmpc/Sp2ms	05Xd2
27	3	28		לָֽ/ךְ	l	HR/Sp2fs	05VuX
27	4	1		וְ/הָיָה֮	c/1961	HC/Vqq3ms	05ieM
27	4	2		בְּ/עָבְרְ/כֶ֣ם	b/5674 a	HR/Vqc/Sp2mp	05YQK
27	4	3		אֶת	853	HTo	055kM
27	4	4		הַ/יַּרְדֵּן֒	d/3383	HTd/Np	05XLS
27	4	5		תָּקִ֜ימוּ	6965 b	HVhi2mp	059qt
27	4	6		אֶת	853	HTo	05MkQ
27	4	7		הָ/אֲבָנִ֣ים	d/68	HTd/Ncfpa	05Nkt
27	4	8		הָ/אֵ֗לֶּה	d/428	HTd/Pdxcp	05ezn
27	4	9		אֲשֶׁ֨ר	834 a	HTr	05nRq
27	4	10		אָנֹכִ֜י	595	HPp1cs	054Gt
27	4	11		מְצַוֶּ֥ה	6680	HVprmsa	05GnH
27	4	12		אֶתְ/כֶ֛ם	853	HTo/Sp2mp	055Da
27	4	13		הַ/יּ֖וֹם	d/3117	HTd/Ncmsa	05G2S
27	4	14		בְּ/הַ֣ר	b/2022	HR/Ncmsc	055V3
27	4	15		עֵיבָ֑ל	5858 c	HNp	05HKm
27	4	16		וְ/שַׂדְתָּ֥	c/7874	HC/Vqq2ms	05v6o
27	4	17		אוֹתָ֖/ם	853	HTo/Sp3mp	05BkX
27	4	18		בַּ/שִּֽׂיד	b/7875	HRd/Ncmsa	05mYk
27	5	1		וּ/בָנִ֤יתָ	c/1129	HC/Vqq2ms	05atE
27	5	2		שָּׁם֙	8033	HD	05Unu
27	5	3		מִזְבֵּ֔חַ	4196	HNcmsa	05G7H
27	5	4		לַ/יהוָ֖ה	l/3068	HR/Np	05MJC
27	5	5		אֱלֹהֶ֑י/ךָ	430	HNcmpc/Sp2ms	052cN
27	5	6		מִזְבַּ֣ח	4196	HNcmsc	05NZs
27	5	7		אֲבָנִ֔ים	68	HNcfpa	05zEq
27	5	8		לֹא	3808	HTn	05ijB
27	5	9		תָנִ֥יף	5130 b	HVhi2ms	057Ls
27	5	10		עֲלֵי/הֶ֖ם	5921 a	HR/Sp3mp	05xCM
27	5	11		בַּרְזֶֽל	1270	HNcmsa	056Eo
27	6	1		אֲבָנִ֤ים	68	HNcfpa	05Rhi
27	6	2		שְׁלֵמוֹת֙	8003	HAafpa	05W8h
27	6	3		תִּבְנֶ֔ה	1129	HVqi2ms	054RF
27	6	4		אֶת	853	HTo	05Ufi
27	6	5		מִזְבַּ֖ח	4196	HNcmsc	05WE7
27	6	6		יְהוָ֣ה	3068	HNp	05ZnA
27	6	7		אֱלֹהֶ֑י/ךָ	430	HNcmpc/Sp2ms	05pWY
27	6	8		וְ/הַעֲלִ֤יתָ	c/5927	HC/Vhq2ms	05Kny
27	6	9		עָלָי/ו֙	5921 a	HR/Sp3ms	05vJY
27	6	10		עוֹלֹ֔ת	5930 a	HNcfpa	05qdD
27	6	11		לַ/יהוָ֖ה	l/3068	HR/Np	05gdS
27	6	12		אֱלֹהֶֽי/ךָ	430	HNcmpc/Sp2ms	05shu
27	7	1		וְ/זָבַחְתָּ֥	c/2076	HC/Vqq2ms	05Zyd
27	7	2		שְׁלָמִ֖ים	8002	HNcmpa	05quq
27	7	3		וְ/אָכַ֣לְתָּ	c/398	HC/Vqq2ms	05r3e
27	7	4		שָּׁ֑ם	8033	HD	05Ucz
27	7	5		וְ/שָׂ֣מַחְתָּ֔	c/8055	HC/Vqq2ms	05v7h
27	7	6		לִ/פְנֵ֖י	l/6440	HR/Ncbpc	05hgJ
27	7	7		יְהוָ֥ה	3068	HNp	05ziM
27	7	8		אֱלֹהֶֽי/ךָ	430	HNcmpc/Sp2ms	05bt2
27	8	1		וְ/כָתַבְתָּ֣	c/3789	HC/Vqq2ms	05euf
27	8	2		עַל	5921 a	HR	05fGn
27	8	3		הָ/אֲבָנִ֗ים	d/68	HTd/Ncfpa	053CJ
27	8	4		אֶֽת	853	HTo	05GHc
27	8	5		כָּל	3605	HNcmsc	05eq3
27	8	6		דִּבְרֵ֛י	1697	HNcmpc	05wmT
27	8	7		הַ/תּוֹרָ֥ה	d/8451	HTd/Ncfsa	05uRX
27	8	8		הַ/זֹּ֖את	d/2063	HTd/Pdxfs	0521k
27	8	9		בַּאֵ֥ר	874	HVpa	05da6
27	8	10		הֵיטֵֽב	3190	HVha	055rU
27	9	1		וַ/יְדַבֵּ֤ר	c/1696	HC/Vpw3ms	0534U
27	9	2		מֹשֶׁה֙	4872	HNp	05KTR
27	9	3		וְ/הַ/כֹּהֲנִ֣ים	c/d/3548	HC/Td/Ncmpa	05axk
27	9	4		הַ/לְוִיִּ֔ם	d/3881	HTd/Ngmpa	05pvS
27	9	5		אֶ֥ל	413	HR	05rWX
27	9	6		כָּל	3605	HNcmsc	05wo4
27	9	7		יִשְׂרָאֵ֖ל	3478	HNp	05pet
27	9	8		לֵ/אמֹ֑ר	l/559	HR/Vqc	05yqx
27	9	9		הַסְכֵּ֤ת	5535	HVhv2ms	059r4
27	9	10		וּ/שְׁמַע֙	c/8085	HC/Vqv2ms	05S2Q
27	9	11		יִשְׂרָאֵ֔ל	3478	HNp	0589S
27	9	12		הַ/יּ֤וֹם	d/3117	HTd/Ncmsa	05fVm
27	9	13		הַ/זֶּה֙	d/2088	HTd/Pdxms	054Q2
27	9	14		נִהְיֵ֣יתָֽ	1961	HVNp2ms	05bpv
27	9	15		לְ/עָ֔ם	l/5971 a	HR/Ncmsa	05YHJ
27	9	16		לַ/יהוָ֖ה	l/3068	HR/Np	05XXo
27	9	17		אֱלֹהֶֽי/ךָ	430	HNcmpc/Sp2ms	056qR
27	10	1		וְ/שָׁ֣מַעְתָּ֔	c/8085	HC/Vqq2ms	05F4e
27	10	2		בְּ/ק֖וֹל	b/6963 a	HR/Ncmsc	05Smn
27	10	3		יְהוָ֣ה	3068	HNp	051wx
27	10	4		אֱלֹהֶ֑י/ךָ	430	HNcmpc/Sp2ms	05yQG
27	10	5		וְ/עָשִׂ֤יתָ	c/6213 a	HC/Vqq2ms	05Eoh
27	10	6		אֶת	853	HTo	0576k
27	10	7		מִצְוֺתָ/ו֙	4687	HNcfpc/Sp3ms	05Yke
27	10	8		וְ/אֶת	c/853	HC/To	05aaE
27	10	9		חֻקָּ֔י/ו	2706	HNcmpc/Sp3ms	052GC
27	10	10		אֲשֶׁ֛ר	834 a	HTr	055SW
27	10	11		אָנֹכִ֥י	595	HPp1cs	054Vz
27	10	12		מְצַוְּ/ךָ֖	6680	HVprmsc/Sp2ms	051at
27	10	13		הַ/יּֽוֹם	d/3117	HTd/Ncmsa	05kw4
27	11	1		וַ/יְצַ֤ו	c/6680	HC/Vpw3ms	05fq2
27	11	2		מֹשֶׁה֙	4872	HNp	05d4b
27	11	3		אֶת	853	HTo	05nKX
27	11	4		הָ/עָ֔ם	d/5971 a	HTd/Ncmsa	05dbk
27	11	5		בַּ/יּ֥וֹם	b/3117	HRd/Ncmsa	057P4
27	11	6		הַ/ה֖וּא	d/1931	HTd/Pp3ms	05qFQ
27	11	7		לֵ/אמֹֽר	l/559	HR/Vqc	059xW
27	12	1		אֵ֠לֶּה	428	HPdxcp	05LUW
27	12	2		יַֽעַמְד֞וּ	5975	HVqi3mp	051Dv
27	12	3		לְ/בָרֵ֤ךְ	l/1288	HR/Vpc	05EXG
27	12	4		אֶת	853	HTo	05XEv
27	12	5		הָ/עָם֙	d/5971 a	HTd/Ncmsa	05Foc
27	12	6		עַל	5921 a	HR	05DyD
27	12	7		הַ֣ר	2022	HNcmsc	05gvY
27	12	8		גְּרִזִ֔ים	1630	HNp	05pUw
27	12	9		בְּ/עָבְרְ/כֶ֖ם	b/5674 a	HR/Vqc/Sp2mp	05h4r
27	12	10		אֶת	853	HTo	052Wz
27	12	11		הַ/יַּרְדֵּ֑ן	d/3383	HTd/Np	051ca
27	12	12		שִׁמְעוֹן֙	8095	HNp	05Pq6
27	12	13		וְ/לֵוִ֣י	c/3878	HC/Np	05ghD
27	12	14		וִֽ/יהוּדָ֔ה	c/3063	HC/Np	05ekQ
27	12	15		וְ/יִשָּׂשכָ֖ר	c/3485	HC/Np	05iL8
27	12	16		וְ/יוֹסֵ֥ף	c/3130	HC/Np	05BkD
27	12	17		וּ/בִנְיָמִֽן	c/1144	HC/Np	05swo
27	13	1		וְ/אֵ֛לֶּה	c/428	HC/Pdxcp	05jPv
27	13	2		יַֽעַמְד֥וּ	5975	HVqi3mp	055kF
27	13	3		עַל	5921 a	HR	05sVL
27	13	4		הַ/קְּלָלָ֖ה	d/7045	HTd/Ncfsa	05rz1
27	13	5		בְּ/הַ֣ר	b/2022	HR/Ncmsc	05tLP
27	13	6		עֵיבָ֑ל	5858 c	HNp	053aA
27	13	7		רְאוּבֵן֙	7205	HNp	05WcW
27	13	8		גָּ֣ד	1410	HNp	05SyK
27	13	9		וְ/אָשֵׁ֔ר	c/836	HC/Np	05QHi
27	13	10		וּ/זְבוּלֻ֖ן	c/2074	HC/Np	05S3y
27	13	11		דָּ֥ן	1835	HNp	05sv5
27	13	12		וְ/נַפְתָּלִֽי	c/5321	HC/Np	05jUF
27	14	1		וְ/עָנ֣וּ	c/6030 b	HC/Vqq3cp	05Ntk
27	14	2		הַ/לְוִיִּ֗ם	d/3881	HTd/Ngmpa	05Jdw
27	14	3		וְ/אָֽמְר֛וּ	c/559	HC/Vqq3cp	05xwE
27	14	4		אֶל	413	HR	05izn
27	14	5		כָּל	3605	HNcmsc	05YRB
27	14	6		אִ֥ישׁ	376	HNcmsc	05bSb
27	14	7		יִשְׂרָאֵ֖ל	3478	HNp	057gs
27	14	8		ק֥וֹל	6963 a	HNcmsa	05gwm
27	14	9		רָֽם	7311 a	HVqrmsa	05mpL
27	15	1		אָר֣וּר	779	HVqsmsa	05r1J
27	15	2		הָ/אִ֡ישׁ	d/376	HTd/Ncmsa	052J1
27	15	3		אֲשֶׁ֣ר	834 a	HTr	054w6
27	15	4		יַעֲשֶׂה֩	6213 a	HVqi3ms	05VPz
27	15	5		פֶ֨סֶל	6459	HNcmsa	05BcV
27	15	6		וּ/מַסֵּכָ֜ה	c/4541 a	HC/Ncfsa	05mhn
27	15	7		תּוֹעֲבַ֣ת	8441	HNcfsc	05Rec
27	15	8		יְהוָ֗ה	3068	HNp	05DcM
27	15	9		מַעֲשֵׂ֛ה	4639	HNcmsc	05z9F
27	15	10		יְדֵ֥י	3027	HNcbdc	053eG
27	15	11		חָרָ֖שׁ	2796	HNcmsa	05ZD6
27	15	12		וְ/שָׂ֣ם	c/7760 a	HC/Vqq3ms	05eAx
27	15	13		בַּ/סָּ֑תֶר	b/5643 a	HRd/Ncmsa	05MpT
27	15	14		וְ/עָנ֧וּ	c/6030 b	HC/Vqq3cp	05Nnr
27	15	15		כָל	3605	HNcmsc	05k38
27	15	16		הָ/עָ֛ם	d/5971 a	HTd/Ncmsa	05C29
27	15	17		וְ/אָמְר֖וּ	c/559	HC/Vqq3cp	05BGq
27	15	18		אָמֵֽן	543	HD	05Xgy
27	16	1		אָר֕וּר	779	HVqsmsa	05Esn
27	16	2		מַקְלֶ֥ה	7034	HVhrmsa	05Mqr
27	16	3		אָבִ֖י/ו	1	HNcmsc/Sp3ms	051Vs
27	16	4		וְ/אִמּ֑/וֹ	c/517	HC/Ncfsc/Sp3ms	05eZF
27	16	5		וְ/אָמַ֥ר	c/559	HC/Vqq3ms	056dt
27	16	6		כָּל	3605	HNcmsc	05VgD
27	16	7		הָ/עָ֖ם	d/5971 a	HTd/Ncmsa	05Jos
27	16	8		אָמֵֽן	543	HD	05PCA
27	17	1		אָר֕וּר	779	HVqsmsa	05xxS
27	17	2		מַסִּ֖יג	5253	HVhrmsa	05KHG
27	17	3		גְּב֣וּל	1366	HNcmsc	05iBr
27	17	4		רֵעֵ֑/הוּ	7453	HNcmsc/Sp3ms	05qiL
27	17	5		וְ/אָמַ֥ר	c/559	HC/Vqq3ms	05YQt
27	17	6		כָּל	3605	HNcmsc	05zj2
27	17	7		הָ/עָ֖ם	d/5971 a	HTd/Ncmsa	05SvN
27	17	8		אָמֵֽן	543	HD	05HNH
27	18	1		אָר֕וּר	779	HVqsmsa	05bC8
27	18	2		מַשְׁגֶּ֥ה	7686	HVhrmsa	058fP
27	18	3		עִוֵּ֖ר	5787	HAamsa	05Xps
27	18	4		בַּ/דָּ֑רֶךְ	b/1870	HRd/Ncbsa	05RTb
27	18	5		וְ/אָמַ֥ר	c/559	HC/Vqq3ms	05eWx
27	18	6		כָּל	3605	HNcmsc	05ByR
27	18	7		הָ/עָ֖ם	d/5971 a	HTd/Ncmsa	05je3
27	18	8		אָמֵֽן	543	HD	05ZMS
27	19	1		אָר֗וּר	779	HVqsmsa	0591p
27	19	2		מַטֶּ֛ה	5186	HVhrmsa	05B6v
27	19	3		מִשְׁפַּ֥ט	4941	HNcmsc	05cs8
27	19	4		גֵּר	1616	HNcmsa	05nAb
27	19	5		יָת֖וֹם	3490	HNcmsa	05mte
27	19	6		וְ/אַלְמָנָ֑ה	c/490	HC/Ncfsa	05mTx
27	19	7		וְ/אָמַ֥ר	c/559	HC/Vqq3ms	05Lo3
27	19	8		כָּל	3605	HNcmsc	05WUq
27	19	9		הָ/עָ֖ם	d/5971 a	HTd/Ncmsa	05u3y
27	19	10		אָמֵֽן	543	HD	05qyS
27	20	1		אָר֗וּר	779	HVqsmsa	056h1
27	20	2		שֹׁכֵב֙	7901	HVqrmsa	05xNu
27	20	3		עִם	5973 a	HR	05g2u
27	20	4		אֵ֣שֶׁת	802	HNcfsc	05cTt
27	20	5		אָבִ֔י/ו	1	HNcmsc/Sp3ms	058tB
27	20	6		כִּ֥י	3588 a	HC	05sBn
27	20	7		גִלָּ֖ה	1540	HVpp3ms	05mS3
27	20	8		כְּנַ֣ף	3671	HNcfsc	05WeA
27	20	9		אָבִ֑י/ו	1	HNcmsc/Sp3ms	051MQ
27	20	10		וְ/אָמַ֥ר	c/559	HC/Vqq3ms	054cW
27	20	11		כָּל	3605	HNcmsc	05mbQ
27	20	12		הָ/עָ֖ם	d/5971 a	HTd/Ncmsa	05cKv
27	20	13		אָמֵֽן	543	HD	05vtQ
27	21	1		אָר֕וּר	779	HVqsmsa	053SD
27	21	2		שֹׁכֵ֖ב	7901	HVqrmsa	05vCA
27	21	3		עִם	5973 a	HR	05ZNs
27	21	4		כָּל	3605	HNcmsc	05kkz
27	21	5		בְּהֵמָ֑ה	929	HNcfsa	05UDD
27	21	6		וְ/אָמַ֥ר	c/559	HC/Vqq3ms	05LRU
27	21	7		כָּל	3605	HNcmsc	05kC1
27	21	8		הָ/עָ֖ם	d/5971 a	HTd/Ncmsa	05Vgt
27	21	9		אָמֵֽן	543	HD	05eAg
27	22	1		אָר֗וּר	779	HVqsmsa	058eY
27	22	2		שֹׁכֵב֙	7901	HVqrmsa	05Ngr
27	22	3		עִם	5973 a	HR	05Re9
27	22	4		אֲחֹת֔/וֹ	269	HNcfsc/Sp3ms	05EhP
27	22	5		בַּת	1323	HNcfsc	05enZ
27	22	6		אָבִ֖י/ו	1	HNcmsc/Sp3ms	0583T
27	22	7		א֣וֹ	176 a	HC	057Wn
27	22	8		בַת	1323	HNcfsc	05FwM
27	22	9		אִמּ֑/וֹ	517	HNcfsc/Sp3ms	05tU5
27	22	10		וְ/אָמַ֥ר	c/559	HC/Vqq3ms	05wpC
27	22	11		כָּל	3605	HNcmsc	053Gj
27	22	12		הָ/עָ֖ם	d/5971 a	HTd/Ncmsa	05YPi
27	22	13		אָמֵֽן	543	HD	05PMM
27	23	1		אָר֕וּר	779	HVqsmsa	05a6j
27	23	2		שֹׁכֵ֖ב	7901	HVqrmsa	05riQ
27	23	3		עִם	5973 a	HR	05yQ4
27	23	4		חֹֽתַנְתּ֑/וֹ	2859 a	HVqrfsc/Sp3ms	05J61
27	23	5		וְ/אָמַ֥ר	c/559	HC/Vqq3ms	05cLP
27	23	6		כָּל	3605	HNcmsc	05UTh
27	23	7		הָ/עָ֖ם	d/5971 a	HTd/Ncmsa	05JWG
27	23	8		אָמֵֽן	543	HD	05wWW
27	24	1		אָר֕וּר	779	HVqsmsa	05n44
27	24	2		מַכֵּ֥ה	5221	HVhrmsc	05bzf
27	24	3		רֵעֵ֖/הוּ	7453	HNcmsc/Sp3ms	05KxH
27	24	4		בַּ/סָּ֑תֶר	b/5643 a	HRd/Ncmsa	05DSc
27	24	5		וְ/אָמַ֥ר	c/559	HC/Vqq3ms	05Qqp
27	24	6		כָּל	3605	HNcmsc	05JkH
27	24	7		הָ/עָ֖ם	d/5971 a	HTd/Ncmsa	055cW
27	24	8		אָמֵֽן	543	HD	05vFM
27	25	1		אָרוּר֙	779	HVqsmsa	0586m
27	25	2		לֹקֵ֣חַ	3947	HVqrmsa	056sH
27	25	3		שֹׁ֔חַד	7810	HNcmsa	05yAv
27	25	4		לְ/הַכּ֥וֹת	l/5221	HR/Vhc	05N79
27	25	5		נֶ֖פֶשׁ	5315	HNcbsc	05YHd
27	25	6		דָּ֣ם	1818	HNcmsa	05yvx
27	25	7		נָקִ֑י	5355 a	HAamsa	05rkx
27	25	8		וְ/אָמַ֥ר	c/559	HC/Vqq3ms	05E7h
27	25	9		כָּל	3605	HNcmsc	053TM
27	25	10		הָ/עָ֖ם	d/5971 a	HTd/Ncmsa	056E1
27	25	11		אָמֵֽן	543	HD	05V4j
27	26	1		אָר֗וּר	779	HVqsmsa	05VUM
27	26	2		אֲשֶׁ֧ר	834 a	HTr	05JDt
27	26	3		לֹא	3808	HTn	05Ve9
27	26	4		יָקִ֛ים	6965 b	HVhi3ms	05YbF
27	26	5		אֶת	853	HTo	05ro5
27	26	6		דִּבְרֵ֥י	1697	HNcmpc	05oBt
27	26	7		הַ/תּוֹרָֽה	d/8451	HTd/Ncfsa	05TXs
27	26	8		הַ/זֹּ֖את	d/2063	HTd/Pdxfs	05w4o
27	26	9		לַ/עֲשׂ֣וֹת	l/6213 a	HR/Vqc	05Dk3
27	26	10		אוֹתָ֑/ם	853	HTo/Sp3mp	05xTm
27	26	11		וְ/אָמַ֥ר	c/559	HC/Vqq3ms	05KAk
27	26	12		כָּל	3605	HNcmsc	05kR1
27	26	13		הָ/עָ֖ם	d/5971 a	HTd/Ncmsa	05e7R
27	26	14		אָמֵֽן	543	HD	05gmT
28	1	1		וְ/הָיָ֗ה	c/1961	HC/Vqq3ms	05rjP
28	1	2		אִם	518 a	HC	051TU
28	1	3		שָׁמ֤וֹעַ	8085	HVqa	05meA
28	1	4		תִּשְׁמַע֙	8085	HVqi2ms	05HXd
28	1	5		בְּ/קוֹל֙	b/6963 a	HR/Ncmsc	05mqX
28	1	6		יְהוָ֣ה	3068	HNp	0571a
28	1	7		אֱלֹהֶ֔י/ךָ	430	HNcmpc/Sp2ms	053Ep
28	1	8		לִ/שְׁמֹ֤ר	l/8104	HR/Vqc	05Lox
28	1	9		לַ/עֲשׂוֹת֙	l/6213 a	HR/Vqc	05Shk
28	1	10		אֶת	853	HTo	056qj
28	1	11		כָּל	3605	HNcmsc	0543Q
28	1	12		מִצְוֺתָ֔י/ו	4687	HNcfpc/Sp3ms	05s7c
28	1	13		אֲשֶׁ֛ר	834 a	HTr	058H3
28	1	14		אָנֹכִ֥י	595	HPp1cs	05H8Q
28	1	15		מְצַוְּ/ךָ֖	6680	HVprmsc/Sp2ms	05eBo
28	1	16		הַ/יּ֑וֹם	d/3117	HTd/Ncmsa	05yuH
28	1	17		וּ/נְתָ֨נְ/ךָ֜	c/5414	HC/Vqq3ms/Sp2ms	05WKs
28	1	18		יְהוָ֤ה	3068	HNp	05jTE
28	1	19		אֱלֹהֶ֨י/ךָ֙	430	HNcmpc/Sp2ms	05WZT
28	1	20		עֶלְי֔וֹן	5945 a	HAamsa	05M8j
28	1	21		עַ֖ל	5921 a	HR	05rEs
28	1	22		כָּל	3605	HNcmsc	05vPm
28	1	23		גּוֹיֵ֥י	1471 a	HNcmpc	05aQ8
28	1	24		הָ/אָֽרֶץ	d/776	HTd/Ncbsa	05oUN
28	2	1		וּ/בָ֧אוּ	c/935	HC/Vqq3cp	05FuQ
28	2	2		עָלֶ֛י/ךָ	5921 a	HR/Sp2ms	05ZTj
28	2	3		כָּל	3605	HNcmsc	05MLh
28	2	4		הַ/בְּרָכ֥וֹת	d/1293	HTd/Ncfpa	05KtN
28	2	5		הָ/אֵ֖לֶּה	d/428	HTd/Pdxcp	05393
28	2	6		וְ/הִשִּׂיגֻ֑/ךָ	c/5381	HC/Vhq3cp/Sp2ms	05NhG
28	2	7		כִּ֣י	3588 a	HC	05i4G
28	2	8		תִשְׁמַ֔ע	8085	HVqi2ms	05S4t
28	2	9		בְּ/ק֖וֹל	b/6963 a	HR/Ncmsc	05dVC
28	2	10		יְהוָ֥ה	3068	HNp	05Cpo
28	2	11		אֱלֹהֶֽי/ךָ	430	HNcmpc/Sp2ms	05SyT
28	3	1		בָּר֥וּךְ	1288	HVqsmsa	05W9M
28	3	2		אַתָּ֖ה	859 a	HPp2ms	05s5V
28	3	3		בָּ/עִ֑יר	b/5892 b	HRd/Ncfsa	05EUr
28	3	4		וּ/בָר֥וּךְ	c/1288	HC/Vqsmsa	054DD
28	3	5		אַתָּ֖ה	859 a	HPp2ms	05fka
28	3	6		בַּ/שָּׂדֶֽה	b/7704 b	HRd/Ncmsa	054KL
28	4	1		בָּר֧וּךְ	1288	HVqsmsa	054NK
28	4	2		פְּרִֽי	6529	HNcmsc	05Akt
28	4	3		בִטְנְ/ךָ֛	990	HNcfsc/Sp2ms	05U9k
28	4	4		וּ/פְרִ֥י	c/6529	HC/Ncmsc	0556X
28	4	5		אַדְמָתְ/ךָ֖	127	HNcfsc/Sp2ms	05unZ
28	4	6		וּ/פְרִ֣י	c/6529	HC/Ncmsc	055Dq
28	4	7		בְהֶמְתֶּ֑/ךָ	929	HNcfsc/Sp2ms	0585t
28	4	8		שְׁגַ֥ר	7698	HNcmsc	05Nb7
28	4	9		אֲלָפֶ֖י/ךָ	504	HNcmpc/Sp2ms	051so
28	4	10		וְ/עַשְׁתְּר֥וֹת	c/6251	HC/Np	05HhT
28	4	11		צֹאנֶֽ/ךָ	6629	HNcbsc/Sp2ms	05V5v
28	5	1		בָּר֥וּךְ	1288	HVqsmsa	05eFH
28	5	2		טַנְאֲ/ךָ֖	2935	HNcmsc/Sp2ms	05vaj
28	5	3		וּ/מִשְׁאַרְתֶּֽ/ךָ	c/4863	HC/Ncfsc/Sp2ms	05MWL
28	6	1		בָּר֥וּךְ	1288	HVqsmsa	05ZzQ
28	6	2		אַתָּ֖ה	859 a	HPp2ms	05ywq
28	6	3		בְּ/בֹאֶ֑/ךָ	b/935	HR/Vqc/Sp2ms	05Gj1
28	6	4		וּ/בָר֥וּךְ	c/1288	HC/Vqsmsa	05nZ9
28	6	5		אַתָּ֖ה	859 a	HPp2ms	05AFQ
28	6	6		בְּ/צֵאתֶֽ/ךָ	b/3318	HR/Vqc/Sp2ms	05HB6
28	7	1		יִתֵּ֨ן	5414	HVqi3ms	05Uaj
28	7	2		יְהוָ֤ה	3068	HNp	05WgL
28	7	3		אֶת	853	HTo	053Aj
28	7	4		אֹיְבֶ֨י/ךָ֙	341	HVqrmpc/Sp2ms	05TcW
28	7	5		הַ/קָּמִ֣ים	d/6965 b	HTd/Vqrmpa	05yhZ
28	7	6		עָלֶ֔י/ךָ	5921 a	HR/Sp2ms	05nYd
28	7	7		נִגָּפִ֖ים	5062	HVNrmpa	05yCA
28	7	8		לְ/פָנֶ֑י/ךָ	l/6440	HR/Ncbpc/Sp2ms	05JC4
28	7	9		בְּ/דֶ֤רֶךְ	b/1870	HR/Ncbsa	05fap
28	7	10		אֶחָד֙	259	HAcmsa	05dQh
28	7	11		יֵצְא֣וּ	3318	HVqi3mp	05B24
28	7	12		אֵלֶ֔י/ךָ	413	HR/Sp2ms	05aw8
28	7	13		וּ/בְ/שִׁבְעָ֥ה	c/b/7651	HC/R/Acmsa	05TMX
28	7	14		דְרָכִ֖ים	1870	HNcbpa	05xGT
28	7	15		יָנ֥וּסוּ	5127	HVqi3mp	05ipC
28	7	16		לְ/פָנֶֽי/ךָ	l/6440	HR/Ncbpc/Sp2ms	05pPf
28	8	1		יְצַ֨ו	6680	HVpi3ms	05nAZ
28	8	2		יְהוָ֤ה	3068	HNp	05g6L
28	8	3		אִתְּ/ךָ֙	854	HR/Sp2ms	05iVr
28	8	4		אֶת	853	HTo	05EPm
28	8	5		הַ/בְּרָכָ֔ה	d/1293	HTd/Ncfsa	05QTX
28	8	6		בַּ/אֲסָמֶ֕י/ךָ	b/618	HR/Ncmpc/Sp2ms	05Rf7
28	8	7		וּ/בְ/כֹ֖ל	c/b/3605	HC/R/Ncmsc	05AzS
28	8	8		מִשְׁלַ֣ח	4916 a	HNcmsc	05p1w
28	8	9		יָדֶ֑/ךָ	3027	HNcbsc/Sp2ms	054Ca
28	8	10		וּ/בֵ֣רַכְ/ךָ֔	c/1288	HC/Vpq3ms/Sp2ms	05Kuy
28	8	11		בָּ/אָ֕רֶץ	b/776	HRd/Ncbsa	05fS1
28	8	12		אֲשֶׁר	834 a	HTr	05jFs
28	8	13		יְהוָ֥ה	3068	HNp	053Qg
28	8	14		אֱלֹהֶ֖י/ךָ	430	HNcmpc/Sp2ms	05QdS
28	8	15		נֹתֵ֥ן	5414	HVqrmsa	057uD
28	8	16		לָֽ/ךְ	l	HR/Sp2fs	05qYT
28	9	1		יְקִֽימְ/ךָ֨	6965 b	HVhi3ms/Sp2ms	05EqV
28	9	2		יְהוָ֥ה	3068	HNp	05eWg
28	9	3		ל/וֹ֙	l	HR/Sp3ms	05X2W
28	9	4		לְ/עַ֣ם	l/5971 a	HR/Ncmsa	05w3U
28	9	5		קָד֔וֹשׁ	6918	HAamsa	05Fyk
28	9	6		כַּ/אֲשֶׁ֖ר	k/834 d	HR/Tr	051hJ
28	9	7		נִֽשְׁבַּֽע	7650	HVNp3ms	05Ecu
28	9	8		לָ֑/ךְ	l	HR/Sp2fs	05dix
28	9	9		כִּ֣י	3588 a	HC	0573K
28	9	10		תִשְׁמֹ֗ר	8104	HVqi2ms	05Z6E
28	9	11		אֶת	853	HTo	058D4
28	9	12		מִצְוֺת֙	4687	HNcfpc	05AMd
28	9	13		יְהוָ֣ה	3068	HNp	05LLS
28	9	14		אֱלֹהֶ֔י/ךָ	430	HNcmpc/Sp2ms	05VTY
28	9	15		וְ/הָלַכְתָּ֖	c/1980	HC/Vqq2ms	05Drm
28	9	16		בִּ/דְרָכָֽי/ו	b/1870	HR/Ncbpc/Sp3ms	05oic
28	10	1		וְ/רָאוּ֙	c/7200	HC/Vqq3cp	05rix
28	10	2		כָּל	3605	HNcmsc	05UMe
28	10	3		עַמֵּ֣י	5971 a	HNcmpc	05NjT
28	10	4		הָ/אָ֔רֶץ	d/776	HTd/Ncbsa	05V8J
28	10	5		כִּ֛י	3588 a	HC	05WDX
28	10	6		שֵׁ֥ם	8034	HNcmsc	05cnp
28	10	7		יְהוָ֖ה	3068	HNp	05YPb
28	10	8		נִקְרָ֣א	7121	HVNp3ms	05GoU
28	10	9		עָלֶ֑י/ךָ	5921 a	HR/Sp2ms	0544h
28	10	10		וְ/יָֽרְא֖וּ	c/3372	HC/Vqq3cp	05ngp
28	10	11		מִמֶּֽ/ךָּ	4480 a	HR/Sp2ms	056re
28	11	1		וְ/הוֹתִֽרְ/ךָ֤	c/3498	HC/Vhq3ms/Sp2ms	05y1p
28	11	2		יְהוָה֙	3068	HNp	05NZg
28	11	3		לְ/טוֹבָ֔ה	l/2896 c	HR/Aafsa	05y8C
28	11	4		בִּ/פְרִ֧י	b/6529	HR/Ncmsc	05phb
28	11	5		בִטְנְ/ךָ֛	990	HNcfsc/Sp2ms	059XQ
28	11	6		וּ/בִ/פְרִ֥י	c/b/6529	HC/R/Ncmsc	05hGH
28	11	7		בְהַמְתְּ/ךָ֖	929	HNcfsc/Sp2ms	05U9B
28	11	8		וּ/בִ/פְרִ֣י	c/b/6529	HC/R/Ncmsc	05Q8W
28	11	9		אַדְמָתֶ֑/ךָ	127	HNcfsc/Sp2ms	05h9z
28	11	10		עַ֚ל	5921 a	HR	05XJt
28	11	11		הָ/אֲדָמָ֔ה	d/127	HTd/Ncfsa	053x6
28	11	12		אֲשֶׁ֨ר	834 a	HTr	05QaV
28	11	13		נִשְׁבַּ֧ע	7650	HVNp3ms	05REv
28	11	14		יְהוָ֛ה	3068	HNp	05LFa
28	11	15		לַ/אֲבֹתֶ֖י/ךָ	l/1	HR/Ncmpc/Sp2ms	05mgb
28	11	16		לָ֥/תֶת	l/5414	HR/Vqc	052po
28	11	17		לָֽ/ךְ	l	HR/Sp2fs	052qF
28	12	1		יִפְתַּ֣ח	6605 a	HVqi3ms	05SRD
28	12	2		יְהוָ֣ה	3068	HNp	05akG
28	12	3		לְ֠/ךָ	l	HR/Sp2ms	05eJV
28	12	4		אֶת	853	HTo	05x76
28	12	5		אוֹצָר֨/וֹ	214	HNcmsc/Sp3ms	05TEw
28	12	6		הַ/טּ֜וֹב	d/2896 a	HTd/Aamsa	05qdE
28	12	7		אֶת	853	HTo	05ZwS
28	12	8		הַ/שָּׁמַ֗יִם	d/8064	HTd/Ncmpa	05Nkv
28	12	9		לָ/תֵ֤ת	l/5414	HR/Vqc	054pA
28	12	10		מְטַֽר	4306	HNcmsc	05PBw
28	12	11		אַרְצְ/ךָ֙	776	HNcbsc/Sp2ms	05JNR
28	12	12		בְּ/עִתּ֔/וֹ	b/6256	HR/Ncbsc/Sp3ms	056Wp
28	12	13		וּ/לְ/בָרֵ֕ךְ	c/l/1288	HC/R/Vpc	05Cr7
28	12	14		אֵ֖ת	853	HTo	05sdW
28	12	15		כָּל	3605	HNcmsc	05mV5
28	12	16		מַעֲשֵׂ֣ה	4639	HNcmsc	05MjN
28	12	17		יָדֶ֑/ךָ	3027	HNcbsc/Sp2ms	05u4q
28	12	18		וְ/הִלְוִ֨יתָ֙	c/3867 b	HC/Vhq2ms	05J16
28	12	19		גּוֹיִ֣ם	1471 a	HNcmpa	05upz
28	12	20		רַבִּ֔ים	7227 a	HAampa	05Wnn
28	12	21		וְ/אַתָּ֖ה	c/859 a	HC/Pp2ms	05X1p
28	12	22		לֹ֥א	3808	HTn	05xds
28	12	23		תִלְוֶֽה	3867 b	HVqi2ms	05yxa
28	13	1		וּ/נְתָֽנְ/ךָ֨	c/5414	HC/Vqq3ms/Sp2ms	05E1r
28	13	2		יְהוָ֤ה	3068	HNp	05DYV
28	13	3		לְ/רֹאשׁ֙	l/7218 a	HR/Ncmsa	058h8
28	13	4		וְ/לֹ֣א	c/3808	HC/Tn	05uZb
28	13	5		לְ/זָנָ֔ב	l/2180	HR/Ncmsa	05X8e
28	13	6		וְ/הָיִ֨יתָ֙	c/1961	HC/Vqq2ms	0552a
28	13	7		רַ֣ק	7535	HTa	05TZ2
28	13	8		לְ/מַ֔עְלָ/ה	l/4605	HR/D/Sd	056KN
28	13	9		וְ/לֹ֥א	c/3808	HC/Tn	05FnH
28	13	10		תִהְיֶ֖ה	1961	HVqi2ms	05YHB
28	13	11		לְ/מָ֑טָּה	l/4295	HR/D	05PjK
28	13	12		כִּֽי	3588 a	HC	05fcZ
28	13	13		תִשְׁמַ֞ע	8085	HVqi2ms	0579F
28	13	14		אֶל	413	HR	05Rrw
28	13	15		מִצְוֺ֣ת	4687	HNcfpc	05f5v
28	13	16		יְהוָ֣ה	3068	HNp	056yp
28	13	17		אֱלֹהֶ֗י/ךָ	430	HNcmpc/Sp2ms	05yef
28	13	18		אֲשֶׁ֨ר	834 a	HTr	05sqv
28	13	19		אָנֹכִ֧י	595	HPp1cs	054wn
28	13	20		מְצַוְּ/ךָ֛	6680	HVprmsc/Sp2ms	05b77
28	13	21		הַ/יּ֖וֹם	d/3117	HTd/Ncmsa	05djh
28	13	22		לִ/שְׁמֹ֥ר	l/8104	HR/Vqc	05iM5
28	13	23		וְ/לַ/עֲשֽׂוֹת	c/l/6213 a	HC/R/Vqc	05nGF
28	14	1		וְ/לֹ֣א	c/3808	HC/Tn	05hti
28	14	2		תָס֗וּר	5493	HVqi2ms	05dfE
28	14	3		מִ/כָּל	m/3605	HR/Ncmsc	05KTs
28	14	4		הַ/דְּבָרִים֙	d/1697	HTd/Ncmpa	051Fx
28	14	5		אֲשֶׁ֨ר	834 a	HTr	05j6R
28	14	6		אָנֹכִ֜י	595	HPp1cs	05bjF
28	14	7		מְצַוֶּ֥ה	6680	HVprmsa	05QsQ
28	14	8		אֶתְ/כֶ֛ם	853	HTo/Sp2mp	05uoQ
28	14	9		הַ/יּ֖וֹם	d/3117	HTd/Ncmsa	05AWm
28	14	10		יָמִ֣ין	3225	HNcfsa	05Aqs
28	14	11		וּ/שְׂמֹ֑אול	c/8040	HC/Ncmsa	05gnX
28	14	12		לָ/לֶ֗כֶת	l/3212	HR/Vqc	058gj
28	14	13		אַחֲרֵ֛י	310 a	HR	05QPb
28	14	14		אֱלֹהִ֥ים	430	HNcmpa	05pLt
28	14	15		אֲחֵרִ֖ים	312	HAampa	05aGy
28	14	16		לְ/עָבְדָֽ/ם	l/5647	HR/Vqc/Sp3mp	05DS3
28	15	1		וְ/הָיָ֗ה	c/1961	HC/Vqq3ms	05arS
28	15	2		אִם	518 a	HC	052v2
28	15	3		לֹ֤א	3808	HTn	05R8C
28	15	4		תִשְׁמַע֙	8085	HVqi2ms	05kLk
28	15	5		בְּ/קוֹל֙	b/6963 a	HR/Ncmsc	05tii
28	15	6		יְהוָ֣ה	3068	HNp	058rB
28	15	7		אֱלֹהֶ֔י/ךָ	430	HNcmpc/Sp2ms	05MKX
28	15	8		לִ/שְׁמֹ֤ר	l/8104	HR/Vqc	057jV
28	15	9		לַ/עֲשׂוֹת֙	l/6213 a	HR/Vqc	05NxU
28	15	10		אֶת	853	HTo	05Jei
28	15	11		כָּל	3605	HNcmsc	05YkH
28	15	12		מִצְוֺתָ֣י/ו	4687	HNcfpc/Sp3ms	05uCy
28	15	13		וְ/חֻקֹּתָ֔י/ו	c/2708	HC/Ncbpc/Sp3ms	057tF
28	15	14		אֲשֶׁ֛ר	834 a	HTr	05q6U
28	15	15		אָנֹכִ֥י	595	HPp1cs	05ooR
28	15	16		מְצַוְּ/ךָ֖	6680	HVprmsc/Sp2ms	05Duu
28	15	17		הַ/יּ֑וֹם	d/3117	HTd/Ncmsa	05hGZ
28	15	18		וּ/בָ֧אוּ	c/935	HC/Vqq3cp	05Qpf
28	15	19		עָלֶ֛י/ךָ	5921 a	HR/Sp2ms	058Eg
28	15	20		כָּל	3605	HNcmsc	05Ncu
28	15	21		הַ/קְּלָל֥וֹת	d/7045	HTd/Ncfpa	059a9
28	15	22		הָ/אֵ֖לֶּה	d/428	HTd/Pdxcp	05hNY
28	15	23		וְ/הִשִּׂיגֽוּ/ךָ	c/5381	HC/Vhq3cp/Sp2ms	05Liz
28	16	1		אָר֥וּר	779	HVqsmsa	05QZ8
28	16	2		אַתָּ֖ה	859 a	HPp2ms	05HDJ
28	16	3		בָּ/עִ֑יר	b/5892 b	HRd/Ncfsa	05gUV
28	16	4		וְ/אָר֥וּר	c/779	HC/Vqsmsa	051gQ
28	16	5		אַתָּ֖ה	859 a	HPp2ms	05ud4
28	16	6		בַּ/שָּׂדֶֽה	b/7704 b	HRd/Ncmsa	05XPm
28	17	1		אָר֥וּר	779	HVqsmsa	05wL1
28	17	2		טַנְאֲ/ךָ֖	2935	HNcmsc/Sp2ms	05AYk
28	17	3		וּ/מִשְׁאַרְתֶּֽ/ךָ	c/4863	HC/Ncfsc/Sp2ms	05r8a
28	18	1		אָר֥וּר	779	HVqsmsa	057iq
28	18	2		פְּרִֽי	6529	HNcmsc	05EkW
28	18	3		בִטְנְ/ךָ֖	990	HNcfsc/Sp2ms	05wME
28	18	4		וּ/פְרִ֣י	c/6529	HC/Ncmsc	05Mb3
28	18	5		אַדְמָתֶ֑/ךָ	127	HNcfsc/Sp2ms	05Vto
28	18	6		שְׁגַ֥ר	7698	HNcmsc	05YhB
28	18	7		אֲלָפֶ֖י/ךָ	504	HNcmpc/Sp2ms	05u4x
28	18	8		וְ/עַשְׁתְּר֥וֹת	c/6251	HC/Np	05mAq
28	18	9		צֹאנֶֽ/ךָ	6629	HNcbsc/Sp2ms	05Gmk
28	19	1		אָר֥וּר	779	HVqsmsa	05V4z
28	19	2		אַתָּ֖ה	859 a	HPp2ms	05Pqn
28	19	3		בְּ/בֹאֶ֑/ךָ	b/935	HR/Vqc/Sp2ms	05qYH
28	19	4		וְ/אָר֥וּר	c/779	HC/Vqsmsa	05pw5
28	19	5		אַתָּ֖ה	859 a	HPp2ms	05Tb6
28	19	6		בְּ/צֵאתֶֽ/ךָ	b/3318	HR/Vqc/Sp2ms	05eVZ
28	20	1		יְשַׁלַּ֣ח	7971	HVpi3ms	05jfU
28	20	2		יְהוָ֣ה	3068	HNp	05qAP
28	20	3		בְּ֠/ךָ	b	HR/Sp2ms	05bbv
28	20	4		אֶת	853	HTo	05YSF
28	20	5		הַ/מְּאֵרָ֤ה	d/3994	HTd/Ncfsa	05vDG
28	20	6		אֶת	853	HTo	05qSh
28	20	7		הַ/מְּהוּמָה֙	d/4103	HTd/Ncfsa	05Cm9
28	20	8		וְ/אֶת	c/853	HC/To	05mhw
28	20	9		הַ/מִּגְעֶ֔רֶת	d/4045	HTd/Ncfsa	05Xcc
28	20	10		בְּ/כָל	b/3605	HR/Ncmsc	056mj
28	20	11		מִשְׁלַ֥ח	4916 a	HNcmsc	05mPS
28	20	12		יָדְ/ךָ֖	3027	HNcbsc/Sp2ms	0565f
28	20	13		אֲשֶׁ֣ר	834 a	HTr	05cfA
28	20	14		תַּעֲשֶׂ֑ה	6213 a	HVqi2ms	05pmm
28	20	15		עַ֣ד	5704	HR	05xzj
28	20	16		הִשָּֽׁמֶדְ/ךָ֤	8045	HVNc/Sp2ms	05aQJ
28	20	17		וְ/עַד	c/5704	HC/R	05ZKx
28	20	18		אֲבָדְ/ךָ֙	6	HVqc/Sp2ms	05Qqz
28	20	19		מַהֵ֔ר	4118 b	HVpa	05wMB
28	20	20		מִ/פְּנֵ֛י	m/6440	HR/Ncbpc	053rB
28	20	21		רֹ֥עַ	7455	HNcmsc	05fop
28	20	22		מַֽעֲלָלֶ֖י/ךָ	4611	HNcmpc/Sp2ms	05YUM
28	20	23		אֲשֶׁ֥ר	834 a	HTr	05JQX
28	20	24		עֲזַבְתָּֽ/נִי	5800 a	HVqp2ms/Sp1cs	05qhg
28	21	1		יַדְבֵּ֧ק	1692	HVhi3ms	05AEN
28	21	2		יְהוָ֛ה	3068	HNp	05P9T
28	21	3		בְּ/ךָ֖	b	HR/Sp2ms	056s4
28	21	4		אֶת	853	HTo	057cL
28	21	5		הַ/דָּ֑בֶר	d/1698	HTd/Ncmsa	05VtV
28	21	6		עַ֚ד	5704	HR	05nnQ
28	21	7		כַּלֹּת֣/וֹ	3615	HVpc/Sp3ms	05fgn
28	21	8		אֹֽתְ/ךָ֔	853	HTo/Sp2ms	0544c
28	21	9		מֵ/עַל֙	m/5921 a	HR/R	05LTT
28	21	10		הָֽ/אֲדָמָ֔ה	d/127	HTd/Ncfsa	05jkx
28	21	11		אֲשֶׁר	834 a	HTr	05TBp
28	21	12		אַתָּ֥ה	859 a	HPp2ms	05f71
28	21	13		בָא	935	HVqrmsa	05sHv
28	21	14		שָׁ֖מָּ/ה	8033	HD/Sd	056hD
28	21	15		לְ/רִשְׁתָּֽ/הּ	l/3423	HR/Vqc/Sp3fs	05u1b
28	22	1		יַכְּ/כָ֣ה	5221	HVhi3ms/Sp2ms	05NS3
28	22	2		יְ֠הוָה	3068	HNp	05jmF
28	22	3		בַּ/שַּׁחֶ֨פֶת	b/7829	HRd/Ncfsa	05Wtm
28	22	4		וּ/בַ/קַּדַּ֜חַת	c/b/6920	HC/Rd/Ncfsa	05wjZ
28	22	5		וּ/בַ/דַּלֶּ֗קֶת	c/b/1816	HC/Rd/Ncfsa	05U2V
28	22	6		וּ/בַֽ/חַרְחֻר֙	c/b/2746	HC/Rd/Ncmsa	05p98
28	22	7		וּ/בַ/חֶ֔רֶב	c/b/2719	HC/Rd/Ncfsa	05PmJ
28	22	8		וּ/בַ/שִּׁדָּפ֖וֹן	c/b/7711 b	HC/Rd/Ncmsa	05q8F
28	22	9		וּ/בַ/יֵּרָק֑וֹן	c/b/3420	HC/Rd/Ncmsa	05uoZ
28	22	10		וּ/רְדָפ֖וּ/ךָ	c/7291	HC/Vqq3cp/Sp2ms	05P9e
28	22	11		עַ֥ד	5704	HR	05bWF
28	22	12		אָבְדֶֽ/ךָ	6	HVqc/Sp2ms	05VZ3
28	23	1		וְ/הָי֥וּ	c/1961	HC/Vqq3cp	055i2
28	23	2		שָׁמֶ֛י/ךָ	8064	HNcmpc/Sp2ms	05UeC
28	23	3		אֲשֶׁ֥ר	834 a	HTr	05fbA
28	23	4		עַל	5921 a	HR	05qV1
28	23	5		רֹאשְׁ/ךָ֖	7218 a	HNcmsc/Sp2ms	05CdM
28	23	6		נְחֹ֑שֶׁת	5178 a	HNcfsa	05yND
28	23	7		וְ/הָ/אָ֥רֶץ	c/d/776	HC/Td/Ncbsa	05aYV
28	23	8		אֲשֶׁר	834 a	HTr	05ZTZ
28	23	9		תַּחְתֶּ֖י/ךָ	8478	HR/Sp2ms	05Yme
28	23	10		בַּרְזֶֽל	1270	HNcmsa	05BBE
28	24	1		יִתֵּ֧ן	5414	HVqi3ms	05uhc
28	24	2		יְהוָ֛ה	3068	HNp	05iC6
28	24	3		אֶת	853	HTo	05VG3
28	24	4		מְטַ֥ר	4306	HNcmsc	05Q3H
28	24	5		אַרְצְ/ךָ֖	776	HNcbsc/Sp2ms	05gKG
28	24	6		אָבָ֣ק	80	HNcmsa	05tXk
28	24	7		וְ/עָפָ֑ר	c/6083	HC/Ncmsa	05Nsp
28	24	8		מִן	4480 a	HR	05Pj7
28	24	9		הַ/שָּׁמַ֨יִם֙	d/8064	HTd/Ncmpa	0588b
28	24	10		יֵרֵ֣ד	3381	HVqi3ms	058xJ
28	24	11		עָלֶ֔י/ךָ	5921 a	HR/Sp2ms	05cKk
28	24	12		עַ֖ד	5704	HR	05YcP
28	24	13		הִשָּׁמְדָֽ/ךְ	8045	HVNc/Sp2fs	05tHb
28	25	1		יִתֶּנְ/ךָ֨	5414	HVqi3ms/Sp2ms	05gJw
28	25	2		יְהוָ֥ה	3068	HNp	05bTf
28	25	3		נִגָּף֮	5062	HVNrmsa	05giJ
28	25	4		לִ/פְנֵ֣י	l/6440	HR/Ncbpc	05tCU
28	25	5		אֹיְבֶי/ךָ֒	341	HVqrmpc/Sp2ms	05Hfi
28	25	6		בְּ/דֶ֤רֶךְ	b/1870	HR/Ncbsa	05DmQ
28	25	7		אֶחָד֙	259	HAcmsa	05gnd
28	25	8		תֵּצֵ֣א	3318	HVqi2ms	05UFH
28	25	9		אֵלָ֔י/ו	413	HR/Sp3ms	05VeR
28	25	10		וּ/בְ/שִׁבְעָ֥ה	c/b/7651	HC/R/Acmsa	05gUH
28	25	11		דְרָכִ֖ים	1870	HNcbpa	05yYY
28	25	12		תָּנ֣וּס	5127	HVqi2ms	05i8v
28	25	13		לְ/פָנָ֑י/ו	l/6440	HR/Ncbpc/Sp3ms	05r15
28	25	14		וְ/הָיִ֣יתָ	c/1961	HC/Vqq2ms	05zT4
28	25	15		לְ/זַעֲוָ֔ה	l/2189	HR/Ncfsa	05nXH
28	25	16		לְ/כֹ֖ל	l/3605	HR/Ncmsc	05WDU
28	25	17		מַמְלְכ֥וֹת	4467	HNcfpc	05pqX
28	25	18		הָ/אָֽרֶץ	d/776	HTd/Ncbsa	05PBr
28	26	1		וְ/הָיְתָ֤ה	c/1961	HC/Vqq3fs	05Jbe
28	26	2		נִבְלָֽתְ/ךָ֙	5038	HNcfsc/Sp2ms	05PE4
28	26	3		לְ/מַאֲכָ֔ל	l/3978	HR/Ncmsa	05BJW
28	26	4		לְ/כָל	l/3605	HR/Ncmsc	05hfy
28	26	5		ע֥וֹף	5775	HNcmsc	05hNm
28	26	6		הַ/שָּׁמַ֖יִם	d/8064	HTd/Ncmpa	05dTN
28	26	7		וּ/לְ/בֶהֱמַ֣ת	c/l/929	HC/R/Ncfsc	05KbE
28	26	8		הָ/אָ֑רֶץ	d/776	HTd/Ncbsa	057HQ
28	26	9		וְ/אֵ֖ין	c/369	HC/Tn	05Qr7
28	26	10		מַחֲרִֽיד	2729	HVhrmsa	05FxV
28	27	1		יַכְּ/כָ֨ה	5221	HVhi3ms/Sp2ms	05Xo5
28	27	2		יְהוָ֜ה	3068	HNp	05sfm
28	27	3		בִּ/שְׁחִ֤ין	b/7822	HR/Ncmsc	05C5k
28	27	4		מִצְרַ֨יִם֙	4714	HNp	05eTU
28	27	5	x-ketiv	ו/ב/עפלים	c/b/6076 b	HC/Rd/Ncmpa	05Y63
28	27	6		וּ/בַ/טְּחֹרִ֔ים	c/b/2914	HC/Rd/Ncmpa	056qu
28	27	7		וּ/בַ/גָּרָ֖ב	c/b/1618	HC/Rd/Ncmsa	05Ybj
28	27	8		וּ/בֶ/חָ֑רֶס	c/b/2775 b	HC/Rd/Ncmsa	054L5
28	27	9		אֲשֶׁ֥ר	834 a	HTr	05oTU
28	27	10		לֹא	3808	HTn	05bn4
28	27	11		תוּכַ֖ל	3201	HVqi2ms	056RB
28	27	12		לְ/הֵרָפֵֽא	l/7495	HR/VNc	05gfx
28	28	1		יַכְּ/כָ֣ה	5221	HVhi3ms/Sp2ms	05XAo
28	28	2		יְהוָ֔ה	3068	HNp	05qQp
28	28	3		בְּ/שִׁגָּע֖וֹן	b/7697	HR/Ncmsa	05CRk
28	28	4		וּ/בְ/עִוָּר֑וֹן	c/b/5788 a	HC/R/Ncmsa	05aFe
28	28	5		וּ/בְ/תִמְה֖וֹן	c/b/8541	HC/R/Ncmsc	05UQ8
28	28	6		לֵבָֽב	3824	HNcmsa	05xuS
28	29	1		וְ/הָיִ֜יתָ	c/1961	HC/Vqq2ms	05LnL
28	29	2		מְמַשֵּׁ֣שׁ	4959	HVprmsa	05bcs
28	29	3		בַּֽ/צָּהֳרַ֗יִם	b/6672 a	HRd/Ncmpa	05vv4
28	29	4		כַּ/אֲשֶׁ֨ר	k/834 d	HR/Tr	05jWX
28	29	5		יְמַשֵּׁ֤שׁ	4959	HVpi3ms	05188
28	29	6		הָ/עִוֵּר֙	d/5787	HTd/Aamsa	058hs
28	29	7		בָּ/אֲפֵלָ֔ה	b/653	HRd/Ncfsa	05hJf
28	29	8		וְ/לֹ֥א	c/3808	HC/Tn	05S1n
28	29	9		תַצְלִ֖יחַ	6743 b	HVhi2ms	053os
28	29	10		אֶת	853	HTo	05CcG
28	29	11		דְּרָכֶ֑י/ךָ	1870	HNcbpc/Sp2ms	05AjC
28	29	12		וְ/הָיִ֜יתָ	c/1961	HC/Vqq2ms	058FS
28	29	13		אַ֣ךְ	389	HTa	05tLy
28	29	14		עָשׁ֧וּק	6231	HVqsmsa	05idT
28	29	15		וְ/גָז֛וּל	c/1497	HC/Vqsmsa	05h5H
28	29	16		כָּל	3605	HNcmsc	05H9s
28	29	17		הַ/יָּמִ֖ים	d/3117	HTd/Ncmpa	05x4F
28	29	18		וְ/אֵ֥ין	c/369	HC/Tn	05ayn
28	29	19		מוֹשִֽׁיעַ	3467	HVhrmsa	05STG
28	30	1		אִשָּׁ֣ה	802	HNcfsa	05QHf
28	30	2		תְאָרֵ֗שׂ	781	HVpi2ms	057ag
28	30	3		וְ/אִ֤ישׁ	c/376	HC/Ncmsa	05kGL
28	30	4		אַחֵר֙	312	HAamsa	05Aim
28	30	5	x-ketiv	ישגל/נה	7693	HVqi3ms/Sp3fs	05SnL
28	30	6		יִשְׁכָּבֶ֔/נָּה	7901	HVqi3ms/Sp3fs	0578q
28	30	7		בַּ֥יִת	1004 b	HNcmsa	05EQm
28	30	8		תִּבְנֶ֖ה	1129	HVqi2ms	05yFC
28	30	9		וְ/לֹא	c/3808	HC/Tn	05RjJ
28	30	10		תֵשֵׁ֣ב	3427	HVqi2ms	05DoC
28	30	11		בּ֑/וֹ	b	HR/Sp3ms	05Req
28	30	12		כֶּ֥רֶם	3754	HNcbsa	05R5t
28	30	13		תִּטַּ֖ע	5193	HVqi2ms	05BUr
28	30	14		וְ/לֹ֥א	c/3808	HC/Tn	05iWQ
28	30	15		תְחַלְּלֶּֽ/נּוּ	2490 c	HVpi2ms/Sp3ms	052JD
28	31	1		שׁוֹרְ/ךָ֞	7794	HNcmsc/Sp2ms	05cf9
28	31	2		טָב֣וּחַ	2873	HVqsmsa	05ZxS
28	31	3		לְ/עֵינֶ֗י/ךָ	l/5869 a	HR/Ncbdc/Sp2ms	05Awo
28	31	4		וְ/לֹ֣א	c/3808	HC/Tn	05PBh
28	31	5		תֹאכַל֮	398	HVqi2ms	05yn6
28	31	6		מִמֶּ/נּוּ֒	4480 a	HR/Sp1cp	05vjV
28	31	7		חֲמֹֽרְ/ךָ֙	2543	HNcbsc/Sp2ms	05T1Q
28	31	8		גָּז֣וּל	1497	HVqsmsa	05Bsf
28	31	9		מִ/לְּ/פָנֶ֔י/ךָ	m/l/6440	HR/R/Ncbpc/Sp2ms	05i4d
28	31	10		וְ/לֹ֥א	c/3808	HC/Tn	054Zx
28	31	11		יָשׁ֖וּב	7725	HVqi3ms	05gRe
28	31	12		לָ֑/ךְ	l	HR/Sp2fs	05ug2
28	31	13		צֹֽאנְ/ךָ֙	6629	HNcbsc/Sp2ms	056CS
28	31	14		נְתֻנ֣וֹת	5414	HVqsfpa	05cYB
28	31	15		לְ/אֹיְבֶ֔י/ךָ	l/341	HR/Vqrmpc/Sp2ms	053HV
28	31	16		וְ/אֵ֥ין	c/369	HC/Tn	05T2u
28	31	17		לְ/ךָ֖	l	HR/Sp2ms	05hrD
28	31	18		מוֹשִֽׁיעַ	3467	HVhrmsa	05nX5
28	32	1		בָּנֶ֨י/ךָ	1121 a	HNcmpc/Sp2ms	05b8f
28	32	2		וּ/בְנֹתֶ֜י/ךָ	c/1323	HC/Ncfpc/Sp2ms	05H77
28	32	3		נְתֻנִ֨ים	5414	HVqsmpa	05ZUm
28	32	4		לְ/עַ֤ם	l/5971 a	HR/Ncmsa	05sA8
28	32	5		אַחֵר֙	312	HAamsa	05uiC
28	32	6		וְ/עֵינֶ֣י/ךָ	c/5869 a	HC/Ncbdc/Sp2ms	05nav
28	32	7		רֹא֔וֹת	7200	HVqrfpa	05Ukp
28	32	8		וְ/כָל֥וֹת	c/3616	HC/Aafpa	05kqe
28	32	9		אֲלֵי/הֶ֖ם	413	HR/Sp3mp	05r3t
28	32	10		כָּל	3605	HNcmsc	05vMF
28	32	11		הַ/יּ֑וֹם	d/3117	HTd/Ncmsa	057NG
28	32	12		וְ/אֵ֥ין	c/369	HC/Tn	05opW
28	32	13		לְ/אֵ֖ל	l/410	HR/Ncmsc	05jbw
28	32	14		יָדֶֽ/ךָ	3027	HNcbsc/Sp2ms	05E8T
28	33	1		פְּרִ֤י	6529	HNcmsc	05A3e
28	33	2		אַדְמָֽתְ/ךָ֙	127	HNcfsc/Sp2ms	05gAg
28	33	3		וְ/כָל	c/3605	HC/Ncmsc	05H8L
28	33	4		יְגִ֣יעֲ/ךָ֔	3018	HNcmsc/Sp2ms	05nbL
28	33	5		יֹאכַ֥ל	398	HVqi3ms	05Me5
28	33	6		עַ֖ם	5971 a	HNcmsa	05fMN
28	33	7		אֲשֶׁ֣ר	834 a	HTr	05urp
28	33	8		לֹא	3808	HTn	05WqG
28	33	9		יָדָ֑עְתָּ	3045	HVqp2ms	05aFM
28	33	10		וְ/הָיִ֗יתָ	c/1961	HC/Vqq2ms	05JcV
28	33	11		רַ֛ק	7535	HTa	05Ket
28	33	12		עָשׁ֥וּק	6231	HVqsmsa	05GWP
28	33	13		וְ/רָצ֖וּץ	c/7533	HC/Vqsmsa	05ATJ
28	33	14		כָּל	3605	HNcmsc	05Ltd
28	33	15		הַ/יָּמִֽים	d/3117	HTd/Ncmpa	05t6j
28	34	1		וְ/הָיִ֖יתָ	c/1961	HC/Vqq2ms	05Gtf
28	34	2		מְשֻׁגָּ֑ע	7696	HVPsmsa	05QJ8
28	34	3		מִ/מַּרְאֵ֥ה	m/4758	HR/Ncmsc	05VuP
28	34	4		עֵינֶ֖י/ךָ	5869 a	HNcbdc/Sp2ms	05X93
28	34	5		אֲשֶׁ֥ר	834 a	HTr	05j39
28	34	6		תִּרְאֶֽה	7200	HVqi2ms	05oCQ
28	35	1		יַכְּ/כָ֨ה	5221	HVhi3ms/Sp2ms	05BVs
28	35	2		יְהוָ֜ה	3068	HNp	05Ncp
28	35	3		בִּ/שְׁחִ֣ין	b/7822	HR/Ncmsa	05vMj
28	35	4		רָ֗ע	7451 a	HAamsa	05txq
28	35	5		עַל	5921 a	HR	05nBY
28	35	6		הַ/בִּרְכַּ֨יִם֙	d/1290	HTd/Ncfda	054j4
28	35	7		וְ/עַל	c/5921 a	HC/R	057K6
28	35	8		הַ/שֹּׁקַ֔יִם	d/7785	HTd/Ncfda	05aQo
28	35	9		אֲשֶׁ֥ר	834 a	HTr	05WbM
28	35	10		לֹא	3808	HTn	05Tus
28	35	11		תוּכַ֖ל	3201	HVqi2ms	05U4E
28	35	12		לְ/הֵרָפֵ֑א	l/7495	HR/VNc	0541z
28	35	13		מִ/כַּ֥ף	m/3709	HR/Ncfsc	05E5m
28	35	14		רַגְלְ/ךָ֖	7272	HNcfsc/Sp2ms	05qv7
28	35	15		וְ/עַ֥ד	c/5704	HC/R	05EEy
28	35	16		קָדְקֳדֶֽ/ךָ	6936	HNcmsc/Sp2ms	05NUp
28	36	1		יוֹלֵ֨ךְ	3212	HVhi3ms	05Pjw
28	36	2		יְהוָ֜ה	3068	HNp	05jSR
28	36	3		אֹֽתְ/ךָ֗	853	HTo/Sp2ms	05hrd
28	36	4		וְ/אֶֽת	c/853	HC/To	05Tmg
28	36	5		מַלְכְּ/ךָ֙	4428	HNcmsc/Sp2ms	05rqy
28	36	6		אֲשֶׁ֣ר	834 a	HTr	05qhU
28	36	7		תָּקִ֣ים	6965 b	HVhi2ms	05Pjs
28	36	8		עָלֶ֔י/ךָ	5921 a	HR/Sp2ms	05riC
28	36	9		אֶל	413	HR	05355
28	36	10		גּ֕וֹי	1471 a	HNcmsa	05Qq1
28	36	11		אֲשֶׁ֥ר	834 a	HTr	05W3y
28	36	12		לֹא	3808	HTn	05B1Q
28	36	13		יָדַ֖עְתָּ	3045	HVqp2ms	05oXy
28	36	14		אַתָּ֣ה	859 a	HPp2ms	05jtt
28	36	15		וַ/אֲבֹתֶ֑י/ךָ	c/1	HC/Ncmpc/Sp2ms	05FXv
28	36	16		וְ/עָבַ֥דְתָּ	c/5647	HC/Vqq2ms	05iVR
28	36	17		שָּׁ֛ם	8033	HD	05mZJ
28	36	18		אֱלֹהִ֥ים	430	HNcmpa	05SvF
28	36	19		אֲחֵרִ֖ים	312	HAampa	057bU
28	36	20		עֵ֥ץ	6086	HNcmsa	05J53
28	36	21		וָ/אָֽבֶן	c/68	HC/Ncfsa	05Evz
28	37	1		וְ/הָיִ֣יתָ	c/1961	HC/Vqq2ms	058xb
28	37	2		לְ/שַׁמָּ֔ה	l/8047	HR/Ncfsa	05GJT
28	37	3		לְ/מָשָׁ֖ל	l/4912	HR/Ncmsa	05Ac3
28	37	4		וְ/לִ/שְׁנִינָ֑ה	c/l/8148	HC/R/Ncfsa	05HcT
28	37	5		בְּ/כֹל֙	b/3605	HR/Ncmsc	05ffF
28	37	6		הָֽ/עַמִּ֔ים	d/5971 a	HTd/Ncmpa	05qnJ
28	37	7		אֲשֶׁר	834 a	HTr	05DT3
28	37	8		יְנַהֶגְ/ךָ֥	5090 a	HVpi3ms/Sp2ms	05c4C
28	37	9		יְהוָ֖ה	3068	HNp	05HMK
28	37	10		שָֽׁמָּ/ה	8033	HD/Sd	05LX5
28	38	1		זֶ֥רַע	2233	HNcmsa	05bED
28	38	2		רַ֖ב	7227 a	HAamsa	05SVR
28	38	3		תּוֹצִ֣יא	3318	HVhi2ms	05fKn
28	38	4		הַ/שָּׂדֶ֑ה	d/7704 b	HTd/Ncmsa	05gfA
28	38	5		וּ/מְעַ֣ט	c/4592	HC/Ncmsa	05fVg
28	38	6		תֶּאֱסֹ֔ף	622	HVqi2ms	052cw
28	38	7		כִּ֥י	3588 a	HC	05CzJ
28	38	8		יַחְסְלֶ֖/נּוּ	2628	HVqi3ms/Sp3ms	05aMt
28	38	9		הָ/אַרְבֶּֽה	d/697	HTd/Ncmsa	05MN9
28	39	1		כְּרָמִ֥ים	3754	HNcbpa	05hTL
28	39	2		תִּטַּ֖ע	5193	HVqi2ms	056sB
28	39	3		וְ/עָבָ֑דְתָּ	c/5647	HC/Vqq2ms	05uAt
28	39	4		וְ/יַ֤יִן	c/3196	HC/Ncmsa	05Ay5
28	39	5		לֹֽא	3808	HTn	0511y
28	39	6		תִשְׁתֶּה֙	8354	HVqi2ms	05tEN
28	39	7		וְ/לֹ֣א	c/3808	HC/Tn	05jP6
28	39	8		תֶאֱגֹ֔ר	103	HVqi2ms	051ZG
28	39	9		כִּ֥י	3588 a	HC	05o7G
28	39	10		תֹאכְלֶ֖/נּוּ	398	HVqi3fs/Sp3ms	055w5
28	39	11		הַ/תֹּלָֽעַת	d/8438 b	HTd/Ncfsa	05jRX
28	40	1		זֵיתִ֛ים	2132	HNcmpa	05Fp2
28	40	2		יִהְי֥וּ	1961	HVqi3mp	05BfC
28	40	3		לְ/ךָ֖	l	HR/Sp2ms	05YmT
28	40	4		בְּ/כָל	b/3605	HR/Ncmsc	05CNf
28	40	5		גְּבוּלֶ֑/ךָ	1366	HNcmsc/Sp2ms	056TA
28	40	6		וְ/שֶׁ֨מֶן֙	c/8081	HC/Ncmsa	05TF9
28	40	7		לֹ֣א	3808	HTn	05Dxj
28	40	8		תָס֔וּךְ	5480	HVqi2ms	05aQ6
28	40	9		כִּ֥י	3588 a	HC	05rPU
28	40	10		יִשַּׁ֖ל	5394	HVqi3ms	054sL
28	40	11		זֵיתֶֽ/ךָ	2132	HNcmsc/Sp2ms	05PzU
28	41	1		בָּנִ֥ים	1121 a	HNcmpa	05i1M
28	41	2		וּ/בָנ֖וֹת	c/1323	HC/Ncfpa	05Ja4
28	41	3		תּוֹלִ֑יד	3205	HVhi2ms	053uc
28	41	4		וְ/לֹא	c/3808	HC/Tn	05igD
28	41	5		יִהְי֣וּ	1961	HVqi3mp	05SH8
28	41	6		לָ֔/ךְ	l	HR/Sp2fs	05fyk
28	41	7		כִּ֥י	3588 a	HC	05bDR
28	41	8		יֵלְכ֖וּ	3212	HVqi3mp	05mCF
28	41	9		בַּ/שֶּֽׁבִי	b/7628 a	HRd/Ncbsa	05TsG
28	42	1		כָּל	3605	HNcmsc	05mwJ
28	42	2		עֵצְ/ךָ֖	6086	HNcmsc/Sp2ms	05yVn
28	42	3		וּ/פְרִ֣י	c/6529	HC/Ncmsc	05UCT
28	42	4		אַדְמָתֶ֑/ךָ	127	HNcfsc/Sp2ms	05gDx
28	42	5		יְיָרֵ֖שׁ	3423	HVpi3ms	05HMY
28	42	6		הַ/צְּלָצַֽל	d/6767 c	HTd/Ncmsa	05Vk4
28	43	1		הַ/גֵּר֙	d/1616	HTd/Ncmsa	05W33
28	43	2		אֲשֶׁ֣ר	834 a	HTr	05xLQ
28	43	3		בְּ/קִרְבְּ/ךָ֔	b/7130	HR/Ncmsc/Sp2ms	05yDx
28	43	4		יַעֲלֶ֥ה	5927	HVqi3ms	05Ykm
28	43	5		עָלֶ֖י/ךָ	5921 a	HR/Sp2ms	05Zho
28	43	6		מַ֣עְלָ/ה	4605	HD/Sd	05eAq
28	43	7		מָּ֑עְלָ/ה	4605	HD/Sd	05rGP
28	43	8		וְ/אַתָּ֥ה	c/859 a	HC/Pp2ms	05apy
28	43	9		תֵרֵ֖ד	3381	HVqi2ms	054cG
28	43	10		מַ֥טָּה	4295	HD	05ori
28	43	11		מָּֽטָּה	4295	HD	05xGy
28	44	1		ה֣וּא	1931	HPp3ms	05g4u
28	44	2		יַלְוְ/ךָ֔	3867 b	HVhi3ms/Sp2ms	05UPU
28	44	3		וְ/אַתָּ֖ה	c/859 a	HC/Pp2ms	05iGG
28	44	4		לֹ֣א	3808	HTn	0584R
28	44	5		תַלְוֶ֑/נּוּ	3867 b	HVhi2ms/Sp3ms	05giL
28	44	6		ה֚וּא	1931	HPp3ms	05DiD
28	44	7		יִהְיֶ֣ה	1961	HVqi3ms	05cCh
28	44	8		לְ/רֹ֔אשׁ	l/7218 a	HR/Ncmsa	05Y3k
28	44	9		וְ/אַתָּ֖ה	c/859 a	HC/Pp2ms	05K8R
28	44	10		תִּֽהְיֶ֥ה	1961	HVqi2ms	05Gda
28	44	11		לְ/זָנָֽב	l/2180	HR/Ncmsa	05QiP
28	45	1		וּ/בָ֨אוּ	c/935	HC/Vqq3cp	05j9D
28	45	2		עָלֶ֜י/ךָ	5921 a	HR/Sp2ms	05Mwp
28	45	3		כָּל	3605	HNcmsc	05bmi
28	45	4		הַ/קְּלָל֣וֹת	d/7045	HTd/Ncfpa	05hc6
28	45	5		הָ/אֵ֗לֶּה	d/428	HTd/Pdxcp	05RLa
28	45	6		וּ/רְדָפ֨וּ/ךָ֙	c/7291	HC/Vqq3cp/Sp2ms	05oFC
28	45	7		וְ/הִשִּׂיג֔וּ/ךָ	c/5381	HC/Vhq3cp/Sp2ms	05CKx
28	45	8		עַ֖ד	5704	HR	05ETw
28	45	9		הִשָּֽׁמְדָ֑/ךְ	8045	HVNc/Sp2fs	056z6
28	45	10		כִּי	3588 a	HC	05GAM
28	45	11		לֹ֣א	3808	HTn	05ns6
28	45	12		שָׁמַ֗עְתָּ	8085	HVqp2ms	0531h
28	45	13		בְּ/קוֹל֙	b/6963 a	HR/Ncmsc	05MzF
28	45	14		יְהוָ֣ה	3068	HNp	05gXF
28	45	15		אֱלֹהֶ֔י/ךָ	430	HNcmpc/Sp2ms	05bUk
28	45	16		לִ/שְׁמֹ֛ר	l/8104	HR/Vqc	05xFz
28	45	17		מִצְוֺתָ֥י/ו	4687	HNcfpc/Sp3ms	05sRH
28	45	18		וְ/חֻקֹּתָ֖י/ו	c/2708	HC/Ncbpc/Sp3ms	05hm8
28	45	19		אֲשֶׁ֥ר	834 a	HTr	05s5U
28	45	20		צִוָּֽ/ךְ	6680	HVpp3ms/Sp2fs	05fq7
28	46	1		וְ/הָי֣וּ	c/1961	HC/Vqq3cp	05FFV
28	46	2		בְ/ךָ֔	b	HR/Sp2ms	05rDb
28	46	3		לְ/א֖וֹת	l/226	HR/Ncbsa	05K7W
28	46	4		וּ/לְ/מוֹפֵ֑ת	c/l/4159	HC/R/Ncmsa	05NTN
28	46	5		וּֽ/בְ/זַרְעֲ/ךָ֖	c/b/2233	HC/R/Ncmsc/Sp2ms	05CPp
28	46	6		עַד	5704	HR	05cgS
28	46	7		עוֹלָֽם	5769	HNcmsa	05Zp6
28	47	1		תַּ֗חַת	8478	HR	05xy9
28	47	2		אֲשֶׁ֤ר	834 a	HTr	05qGT
28	47	3		לֹא	3808	HTn	05mdJ
28	47	4		עָבַ֨דְתָּ֙	5647	HVqp2ms	05ZkF
28	47	5		אֶת	853	HTo	05B6T
28	47	6		יְהוָ֣ה	3068	HNp	05cUo
28	47	7		אֱלֹהֶ֔י/ךָ	430	HNcmpc/Sp2ms	05tVB
28	47	8		בְּ/שִׂמְחָ֖ה	b/8057	HR/Ncfsa	05hk6
28	47	9		וּ/בְ/ט֣וּב	c/b/2898	HC/R/Ncmsc	056Yt
28	47	10		לֵבָ֑ב	3824	HNcmsa	05t1v
28	47	11		מֵ/רֹ֖ב	m/7230	HR/Ncbsc	05MtH
28	47	12		כֹּֽל	3605	HNcmsa	05YJj
28	48	1		וְ/עָבַדְתָּ֣	c/5647	HC/Vqq2ms	05h9f
28	48	2		אֶת	853	HTo	05tFE
28	48	3		אֹיְבֶ֗י/ךָ	341	HVqrmpc/Sp2ms	055pV
28	48	4		אֲשֶׁ֨ר	834 a	HTr	05oHx
28	48	5		יְשַׁלְּחֶ֤/נּוּ	7971	HVpi3ms/Sp3ms	05ZMv
28	48	6		יְהוָה֙	3068	HNp	05dAV
28	48	7		בָּ֔/ךְ	b	HR/Sp2fs	057Qi
28	48	8		בְּ/רָעָ֧ב	b/7458	HR/Ncmsa	05mVc
28	48	9		וּ/בְ/צָמָ֛א	c/b/6772	HC/R/Ncmsa	05tC8
28	48	10		וּ/בְ/עֵירֹ֖ם	c/b/5903	HC/R/Aamsa	05zJU
28	48	11		וּ/בְ/חֹ֣סֶר	c/b/2640	HC/R/Ncmsc	051h9
28	48	12		כֹּ֑ל	3605	HNcmsa	056jK
28	48	13		וְ/נָתַ֞ן	c/5414	HC/Vqq3ms	05fq5
28	48	14		עֹ֤ל	5923	HNcmsc	05YAf
28	48	15		בַּרְזֶל֙	1270	HNcmsa	05JN3
28	48	16		עַל	5921 a	HR	05PkH
28	48	17		צַוָּארֶ֔/ךָ	6677 a	HNcmsc/Sp2ms	05Grz
28	48	18		עַ֥ד	5704	HR	05B4g
28	48	19		הִשְׁמִיד֖/וֹ	8045	HVhc/Sp3ms	05iHE
28	48	20		אֹתָֽ/ךְ	853	HTo/Sp2fs	05fWp
28	49	1		יִשָּׂ֣א	5375	HVqi3ms	05DvN
28	49	2		יְהוָה֩	3068	HNp	05KGp
28	49	3		עָלֶ֨י/ךָ	5921 a	HR/Sp2ms	05vv7
28	49	4		גּ֤וֹי	1471 a	HNcmsa	05TND
28	49	5		מֵ/רָחוֹק֙	m/7350	HR/Aamsa	05BGG
28	49	6		מִ/קְצֵ֣ה	m/7097 a	HR/Ncbsc	05LHR
28	49	7		הָ/אָ֔רֶץ	d/776	HTd/Ncbsa	05YxJ
28	49	8		כַּ/אֲשֶׁ֥ר	k/834 d	HR/Tr	05UZc
28	49	9		יִדְאֶ֖ה	1675	HVqi3ms	05k6w
28	49	10		הַ/נָּ֑שֶׁר	d/5404	HTd/Ncmsa	05xyy
28	49	11		גּ֕וֹי	1471 a	HNcmsa	05i2n
28	49	12		אֲשֶׁ֥ר	834 a	HTr	05GLB
28	49	13		לֹא	3808	HTn	05qPH
28	49	14		תִשְׁמַ֖ע	8085	HVqi2ms	05Lim
28	49	15		לְשֹׁנֽ/וֹ	3956	HNcbsc/Sp3ms	05aJ7
28	50	1		גּ֖וֹי	1471 a	HNcmsa	05AVZ
28	50	2		עַ֣ז	5794	HAamsc	05zTn
28	50	3		פָּנִ֑ים	6440	HNcbpa	05XWC
28	50	4		אֲשֶׁ֨ר	834 a	HTr	05VhA
28	50	5		לֹא	3808	HTn	05wXZ
28	50	6		יִשָּׂ֤א	5375	HVqi3ms	0582U
28	50	7		פָנִים֙	6440	HNcbpa	05jqS
28	50	8		לְ/זָקֵ֔ן	l/2205	HR/Aamsa	05h3k
28	50	9		וְ/נַ֖עַר	c/5288	HC/Ncmsa	05Xbd
28	50	10		לֹ֥א	3808	HTn	05iFm
28	50	11		יָחֹֽן	2603 a	HVqi3ms	05s91
28	51	1		וְ֠/אָכַל	c/398	HC/Vqq3ms	05dmY
28	51	2		פְּרִ֨י	6529	HNcmsc	05ciB
28	51	3		בְהֶמְתְּ/ךָ֥	929	HNcfsc/Sp2ms	05n1C
28	51	4		וּ/פְרִֽי	c/6529	HC/Ncmsc	052wC
28	51	5		אַדְמָתְ/ךָ֮	127	HNcfsc/Sp2ms	05aky
28	51	6		עַ֣ד	5704	HR	05uNF
28	51	7		הִשָּֽׁמְדָ/ךְ֒	8045	HVNc/Sp2fs	05T5T
28	51	8		אֲשֶׁ֨ר	834 a	HTr	05bMN
28	51	9		לֹֽא	3808	HTn	05XW1
28	51	10		יַשְׁאִ֜יר	7604	HVhi3ms	05PiX
28	51	11		לְ/ךָ֗	l	HR/Sp2ms	05xgg
28	51	12		דָּגָן֙	1715	HNcmsa	05x7V
28	51	13		תִּיר֣וֹשׁ	8492	HNcmsa	05MSk
28	51	14		וְ/יִצְהָ֔ר	c/3323	HC/Ncmsa	05Upg
28	51	15		שְׁגַ֥ר	7698	HNcmsc	05bCe
28	51	16		אֲלָפֶ֖י/ךָ	504	HNcmpc/Sp2ms	05xu3
28	51	17		וְ/עַשְׁתְּרֹ֣ת	c/6251	HC/Np	05E3m
28	51	18		צֹאנֶ֑/ךָ	6629	HNcbsc/Sp2ms	057Ye
28	51	19		עַ֥ד	5704	HR	05JJj
28	51	20		הַאֲבִיד֖/וֹ	6	HVhc/Sp3ms	0597H
28	51	21		אֹתָֽ/ךְ	853	HTo/Sp2fs	05rKt
28	52	1		וְ/הֵצַ֨ר	c/6887 b	HC/Vhq3ms	05WbB
28	52	2		לְ/ךָ֜	l	HR/Sp2ms	05ek6
28	52	3		בְּ/כָל	b/3605	HR/Ncmsc	057NZ
28	52	4		שְׁעָרֶ֗י/ךָ	8179	HNcmpc/Sp2ms	05jak
28	52	5		עַ֣ד	5704	HR	05f6g
28	52	6		רֶ֤דֶת	3381	HVqc	052M8
28	52	7		חֹמֹתֶ֨י/ךָ֙	2346	HNcfpc/Sp2ms	05D6i
28	52	8		הַ/גְּבֹה֣וֹת	d/1364	HTd/Aafpa	0586c
28	52	9		וְ/הַ/בְּצֻר֔וֹת	c/d/1219	HC/Td/Aafpa	05AdD
28	52	10		אֲשֶׁ֥ר	834 a	HTr	05xh9
28	52	11		אַתָּ֛ה	859 a	HPp2ms	05obV
28	52	12		בֹּטֵ֥חַ	982	HVqrmsa	05RSi
28	52	13		בָּ/הֵ֖ן	b	HR/Sp3fp	05ESU
28	52	14		בְּ/כָל	b/3605	HR/Ncmsc	05f6E
28	52	15		אַרְצֶ֑/ךָ	776	HNcbsc/Sp2ms	05dKZ
28	52	16		וְ/הֵצַ֤ר	c/6887 b	HC/Vhq3ms	0596d
28	52	17		לְ/ךָ֙	l	HR/Sp2ms	05nF2
28	52	18		בְּ/כָל	b/3605	HR/Ncmsc	05yPq
28	52	19		שְׁעָרֶ֔י/ךָ	8179	HNcmpc/Sp2ms	05Epo
28	52	20		בְּ/כָ֨ל	b/3605	HR/Ncmsc	051N2
28	52	21		אַרְצְ/ךָ֔	776	HNcbsc/Sp2ms	05GLd
28	52	22		אֲשֶׁ֥ר	834 a	HTr	05cyq
28	52	23		נָתַ֛ן	5414	HVqp3ms	05HS5
28	52	24		יְהוָ֥ה	3068	HNp	05w5m
28	52	25		אֱלֹהֶ֖י/ךָ	430	HNcmpc/Sp2ms	05igY
28	52	26		לָֽ/ךְ	l	HR/Sp2fs	05RRj
28	53	1		וְ/אָכַלְתָּ֣	c/398	HC/Vqq2ms	05rFp
28	53	2		פְרִֽי	6529	HNcmsc	05GYt
28	53	3		בִטְנְ/ךָ֗	990	HNcfsc/Sp2ms	057hh
28	53	4		בְּשַׂ֤ר	1320	HNcmsc	05SM6
28	53	5		בָּנֶ֨י/ךָ֙	1121 a	HNcmpc/Sp2ms	057aJ
28	53	6		וּ/בְנֹתֶ֔י/ךָ	c/1323	HC/Ncfpc/Sp2ms	052XC
28	53	7		אֲשֶׁ֥ר	834 a	HTr	05g2n
28	53	8		נָֽתַן	5414	HVqp3ms	05BLL
28	53	9		לְ/ךָ֖	l	HR/Sp2ms	05jck
28	53	10		יְהוָ֣ה	3068	HNp	05Mxs
28	53	11		אֱלֹהֶ֑י/ךָ	430	HNcmpc/Sp2ms	05y1n
28	53	12		בְּ/מָצוֹר֙	b/4692	HR/Ncmsa	05FQH
28	53	13		וּ/בְ/מָצ֔וֹק	c/b/4689	HC/R/Ncmsa	05Xv1
28	53	14		אֲשֶׁר	834 a	HTr	05yTs
28	53	15		יָצִ֥יק	6693	HVhi3ms	05ZN9
28	53	16		לְ/ךָ֖	l	HR/Sp2ms	057wi
28	53	17		אֹיְבֶֽ/ךָ	341	HVqrmsc/Sp2ms	05ogM
28	54	1		הָ/אִישׁ֙	d/376	HTd/Ncmsa	05sdY
28	54	2		הָ/רַ֣ךְ	d/7390	HTd/Aamsa	05Pzf
28	54	3		בְּ/ךָ֔	b	HR/Sp2ms	05yH3
28	54	4		וְ/הֶ/עָנֹ֖ג	c/d/6028	HC/Td/Aamsa	05BvR
28	54	5		מְאֹ֑ד	3966	HD	05DR3
28	54	6		תֵּרַ֨ע	7489 a	HVqi3fs	05kGn
28	54	7		עֵינ֤/וֹ	5869 a	HNcbsc/Sp3ms	05cKf
28	54	8		בְ/אָחִי/ו֙	b/251	HR/Ncmsc/Sp3ms	059TP
28	54	9		וּ/בְ/אֵ֣שֶׁת	c/b/802	HC/R/Ncfsc	05TMx
28	54	10		חֵיק֔/וֹ	2436	HNcmsc/Sp3ms	05bXh
28	54	11		וּ/בְ/יֶ֥תֶר	c/b/3499 a	HC/R/Ncmsc	057Fn
28	54	12		בָּנָ֖י/ו	1121 a	HNcmpc/Sp3ms	05AQV
28	54	13		אֲשֶׁ֥ר	834 a	HTr	05BCT
28	54	14		יוֹתִֽיר	3498	HVhi3ms	05LiK
28	55	1		מִ/תֵּ֣ת	m/5414	HR/Vqc	05wFq
28	55	2		לְ/אַחַ֣ד	l/259	HR/Acmsa	05zLw
28	55	3		מֵ/הֶ֗ם	m	HR/Sp3mp	05URx
28	55	4		מִ/בְּשַׂ֤ר	m/1320	HR/Ncmsc	05ATR
28	55	5		בָּנָי/ו֙	1121 a	HNcmpc/Sp3ms	05ijE
28	55	6		אֲשֶׁ֣ר	834 a	HTr	05Qqf
28	55	7		יֹאכֵ֔ל	398	HVqi3ms	051nR
28	55	8		מִ/בְּלִ֥י	m/1097	HR/Ncmsc	05tgJ
28	55	9		הִשְׁאִֽיר	7604	HVhp3ms	05x83
28	55	10		ל֖/וֹ	l	HR/Sp3ms	05VLP
28	55	11		כֹּ֑ל	3605	HNcmsa	05na6
28	55	12		בְּ/מָצוֹר֙	b/4692	HR/Ncmsa	05kSS
28	55	13		וּ/בְ/מָצ֔וֹק	c/b/4689	HC/R/Ncmsa	051jD
28	55	14		אֲשֶׁ֨ר	834 a	HTr	05hM9
28	55	15		יָצִ֥יק	6693	HVhi3ms	05qkR
28	55	16		לְ/ךָ֛	l	HR/Sp2ms	05NvA
28	55	17		אֹיִבְ/ךָ֖	341	HVqrmsc/Sp2ms	05z9v
28	55	18		בְּ/כָל	b/3605	HR/Ncmsc	05b9P
28	55	19		שְׁעָרֶֽי/ךָ	8179	HNcmpc/Sp2ms	05yca
28	56	1		הָ/רַכָּ֨ה	d/7390	HTd/Aafsa	05DQu
28	56	2		בְ/ךָ֜	b	HR/Sp2ms	05BV5
28	56	3		וְ/הָ/עֲנֻגָּ֗ה	c/d/6028	HC/Td/Aafsa	05MVa
28	56	4		אֲשֶׁ֨ר	834 a	HTr	0541n
28	56	5		לֹא	3808	HTn	052Yi
28	56	6		נִסְּתָ֤ה	5254	HVpp3fs	05mJx
28	56	7		כַף	3709	HNcfsc	05rKZ
28	56	8		רַגְלָ/הּ֙	7272	HNcfsc/Sp3fs	054Ku
28	56	9		הַצֵּ֣ג	3322	HVhc	05HnY
28	56	10		עַל	5921 a	HR	05Nnj
28	56	11		הָ/אָ֔רֶץ	d/776	HTd/Ncbsa	05Dyy
28	56	12		מֵ/הִתְעַנֵּ֖ג	m/6026	HR/Vtc	05VLw
28	56	13		וּ/מֵ/רֹ֑ךְ	c/m/7391	HC/R/Ncmsa	05RYc
28	56	14		תֵּרַ֤ע	7489 a	HVqi3fs	05ykL
28	56	15		עֵינָ/הּ֙	5869 a	HNcbsc/Sp3fs	05rfL
28	56	16		בְּ/אִ֣ישׁ	b/376	HR/Ncmsc	05rHk
28	56	17		חֵיקָ֔/הּ	2436	HNcmsc/Sp3fs	05PZw
28	56	18		וּ/בִ/בְנָ֖/הּ	c/b/1121 a	HC/R/Ncmsc/Sp3fs	05C4q
28	56	19		וּ/בְ/בִתָּֽ/הּ	c/b/1323	HC/R/Ncfsc/Sp3fs	059HC
28	57	1		וּֽ/בְ/שִׁלְיָתָ֞/הּ	c/b/7988	HC/R/Ncfsc/Sp3fs	05R3X
28	57	2		הַ/יּוֹצֵ֣ת	d/3318	HTd/Vqrfsa	05KTr
28	57	3		מִ/בֵּ֣ין	m/996	HR/R	05YZe
28	57	4		רַגְלֶ֗י/הָ	7272	HNcfdc/Sp3fs	054m8
28	57	5		וּ/בְ/בָנֶ֨י/הָ֙	c/b/1121 a	HC/R/Ncmpc/Sp3fs	05BGt
28	57	6		אֲשֶׁ֣ר	834 a	HTr	05BgE
28	57	7		תֵּלֵ֔ד	3205	HVqi3fs	05gCg
28	57	8		כִּֽי	3588 a	HC	05mPj
28	57	9		תֹאכְלֵ֥/ם	398	HVqi3fs/Sp3mp	051Nd
28	57	10		בְּ/חֹֽסֶר	b/2640	HR/Ncmsc	0546j
28	57	11		כֹּ֖ל	3605	HNcmsa	05tsB
28	57	12		בַּ/סָּ֑תֶר	b/5643 a	HRd/Ncmsa	055jd
28	57	13		בְּ/מָצוֹר֙	b/4692	HR/Ncmsa	05TFy
28	57	14		וּ/בְ/מָצ֔וֹק	c/b/4689	HC/R/Ncmsa	05fMc
28	57	15		אֲשֶׁ֨ר	834 a	HTr	05PLL
28	57	16		יָצִ֥יק	6693	HVhi3ms	05iYN
28	57	17		לְ/ךָ֛	l	HR/Sp2ms	05xi7
28	57	18		אֹיִבְ/ךָ֖	341	HVqrmsc/Sp2ms	05woV
28	57	19		בִּ/שְׁעָרֶֽי/ךָ	b/8179	HR/Ncmpc/Sp2ms	057By
28	58	1		אִם	518 a	HC	05P6c
28	58	2		לֹ֨א	3808	HTn	059Jx
28	58	3		תִשְׁמֹ֜ר	8104	HVqi2ms	055X3
28	58	4		לַ/עֲשׂ֗וֹת	l/6213 a	HR/Vqc	05j5o
28	58	5		אֶת	853	HTo	053Nf
28	58	6		כָּל	3605	HNcmsc	05QFD
28	58	7		דִּבְרֵי֙	1697	HNcmpc	058rg
28	58	8		הַ/תּוֹרָ֣ה	d/8451	HTd/Ncfsa	05rWH
28	58	9		הַ/זֹּ֔את	d/2063	HTd/Pdxfs	05Gxy
28	58	10		הַ/כְּתוּבִ֖ים	d/3789	HTd/Vqsmpa	05t2S
28	58	11		בַּ/סֵּ֣פֶר	b/5612 a	HRd/Ncmsa	05iyQ
28	58	12		הַ/זֶּ֑ה	d/2088	HTd/Pdxms	05MSm
28	58	13		לְ֠/יִרְאָה	l/3372	HR/Vqc	05pXS
28	58	14		אֶת	853	HTo	05Qpu
28	58	15		הַ/שֵּׁ֞ם	d/8034	HTd/Ncmsa	05j5m
28	58	16		הַ/נִּכְבָּ֤ד	d/3513	HTd/VNrmsa	058kU
28	58	17		וְ/הַ/נּוֹרָא֙	c/d/3372	HC/Td/VNrmsa	05c1r
28	58	18		הַ/זֶּ֔ה	d/2088	HTd/Pdxms	05qBE
28	58	19		אֵ֖ת	853	HTo	05LSn
28	58	20		יְהוָ֥ה	3068	HNp	05PGo
28	58	21		אֱלֹהֶֽי/ךָ	430	HNcmpc/Sp2ms	05GSv
28	59	1		וְ/הִפְלָ֤א	c/6381	HC/Vhq3ms	05Rpm
28	59	2		יְהוָה֙	3068	HNp	053rf
28	59	3		אֶת	853	HTo	053Dh
28	59	4		מַכֹּ֣תְ/ךָ֔	4347	HNcfpc/Sp2ms	05G1r
28	59	5		וְ/אֵ֖ת	c/853	HC/To	05rgP
28	59	6		מַכּ֣וֹת	4347	HNcfpc	05Nye
28	59	7		זַרְעֶ֑/ךָ	2233	HNcmsc/Sp2ms	05qDK
28	59	8		מַכּ֤וֹת	4347	HNcfpa	05mNM
28	59	9		גְּדֹלוֹת֙	1419 a	HAafpa	05aUJ
28	59	10		וְ/נֶ֣אֱמָנ֔וֹת	c/539	HC/VNrfpa	05Bzp
28	59	11		וָ/חֳלָיִ֥ם	c/2483	HC/Ncmpa	05PTZ
28	59	12		רָעִ֖ים	7451 a	HAampa	05f9o
28	59	13		וְ/נֶאֱמָנִֽים	c/539	HC/VNrmpa	05rgD
28	60	1		וְ/הֵשִׁ֣יב	c/7725	HC/Vhq3ms	05icP
28	60	2		בְּ/ךָ֗	b	HR/Sp2ms	05bSH
28	60	3		אֵ֚ת	853	HTo	05hj7
28	60	4		כָּל	3605	HNcmsc	05xYD
28	60	5		מַדְוֵ֣ה	4064	HNcmsc	05Y15
28	60	6		מִצְרַ֔יִם	4714	HNp	057YH
28	60	7		אֲשֶׁ֥ר	834 a	HTr	05Scg
28	60	8		יָגֹ֖רְתָּ	3025	HVqp2ms	05VfY
28	60	9		מִ/פְּנֵי/הֶ֑ם	m/6440	HR/Ncbpc/Sp3mp	053CP
28	60	10		וְ/דָבְק֖וּ	c/1692	HC/Vqq3cp	05JCV
28	60	11		בָּֽ/ךְ	b	HR/Sp2fs	05kSK
28	61	1		גַּ֤ם	1571	HTa	05Dw8
28	61	2		כָּל	3605	HNcmsc	05v1s
28	61	3		חֳלִי֙	2483	HNcmsa	05Hhz
28	61	4		וְ/כָל	c/3605	HC/Ncmsc	056Hr
28	61	5		מַכָּ֔ה	4347	HNcfsa	05NqA
28	61	6		אֲשֶׁר֙	834 a	HTr	05HkK
28	61	7		לֹ֣א	3808	HTn	054Zh
28	61	8		כָת֔וּב	3789	HVqsmsa	05UKL
28	61	9		בְּ/סֵ֖פֶר	b/5612 a	HR/Ncmsc	05bmQ
28	61	10		הַ/תּוֹרָ֣ה	d/8451	HTd/Ncfsa	05cnL
28	61	11		הַ/זֹּ֑את	d/2063	HTd/Pdxfs	05qKP
28	61	12		יַעְלֵ֤/ם	5927	HVhi3ms/Sp3mp	05d72
28	61	13		יְהוָה֙	3068	HNp	05qar
28	61	14		עָלֶ֔י/ךָ	5921 a	HR/Sp2ms	05mtE
28	61	15		עַ֖ד	5704	HR	05g4z
28	61	16		הִשָּׁמְדָֽ/ךְ	8045	HVNc/Sp2fs	05F3a
28	62	1		וְ/נִשְׁאַרְתֶּם֙	c/7604	HC/VNq2mp	05XA9
28	62	2		בִּ/מְתֵ֣י	b/4962	HR/Ncmpc	05YNp
28	62	3		מְעָ֔ט	4592	HNcmsa	05uv1
28	62	4		תַּ֚חַת	8478	HR	05eSy
28	62	5		אֲשֶׁ֣ר	834 a	HTr	05LpX
28	62	6		הֱיִיתֶ֔ם	1961	HVqp2mp	05H7X
28	62	7		כְּ/כוֹכְבֵ֥י	k/3556	HR/Ncmpc	05hho
28	62	8		הַ/שָּׁמַ֖יִם	d/8064	HTd/Ncmpa	05VDX
28	62	9		לָ/רֹ֑ב	l/7230	HR/Ncbsa	05Agw
28	62	10		כִּי	3588 a	HC	05D9a
28	62	11		לֹ֣א	3808	HTn	0514w
28	62	12		שָׁמַ֔עְתָּ	8085	HVqp2ms	05bNf
28	62	13		בְּ/ק֖וֹל	b/6963 a	HR/Ncmsc	05gYW
28	62	14		יְהוָ֥ה	3068	HNp	05Qaz
28	62	15		אֱלֹהֶֽי/ךָ	430	HNcmpc/Sp2ms	05XEF
28	63	1		וְ֠/הָיָה	c/1961	HC/Vqq3ms	05a6y
28	63	2		כַּ/אֲשֶׁר	k/834 d	HR/Tr	05d4Q
28	63	3		שָׂ֨שׂ	7797	HVqp3ms	05RAm
28	63	4		יְהוָ֜ה	3068	HNp	05zc4
28	63	5		עֲלֵי/כֶ֗ם	5921 a	HR/Sp2mp	05EkK
28	63	6		לְ/הֵיטִ֣יב	l/3190	HR/Vhc	05poA
28	63	7		אֶתְ/כֶם֮	853	HTo/Sp2mp	05FCZ
28	63	8		וּ/לְ/הַרְבּ֣וֹת	c/l/7235 a	HC/R/Vhc	05FaN
28	63	9		אֶתְ/כֶם֒	853	HTo/Sp2mp	052DZ
28	63	10		כֵּ֣ן	3651 c	HTm	05VnW
28	63	11		יָשִׂ֤ישׂ	7797	HVqi3ms	05cjd
28	63	12		יְהוָה֙	3068	HNp	05hd3
28	63	13		עֲלֵי/כֶ֔ם	5921 a	HR/Sp2mp	05jNC
28	63	14		לְ/הַאֲבִ֥יד	l/6	HR/Vhc	05R7V
28	63	15		אֶתְ/כֶ֖ם	853	HTo/Sp2mp	05aQZ
28	63	16		וּ/לְ/הַשְׁמִ֣יד	c/l/8045	HC/R/Vhc	055D3
28	63	17		אֶתְ/כֶ֑ם	853	HTo/Sp2mp	05Yp2
28	63	18		וְ/נִסַּחְתֶּם֙	c/5255	HC/VNq2mp	05Amn
28	63	19		מֵ/עַ֣ל	m/5921 a	HR/R	05CHp
28	63	20		הָֽ/אֲדָמָ֔ה	d/127	HTd/Ncfsa	05AN6
28	63	21		אֲשֶׁר	834 a	HTr	05TQs
28	63	22		אַתָּ֥ה	859 a	HPp2ms	055in
28	63	23		בָא	935	HVqrmsa	05QTE
28	63	24		שָׁ֖מָּ/ה	8033	HD/Sd	05daV
28	63	25		לְ/רִשְׁתָּֽ/הּ	l/3423	HR/Vqc/Sp3fs	058wV
28	64	1		וֶ/הֱפִֽיצְ/ךָ֤	c/6327 a	HC/Vhq3ms/Sp2ms	05Sk9
28	64	2		יְהוָה֙	3068	HNp	0562N
28	64	3		בְּ/כָל	b/3605	HR/Ncmsc	05ZWz
28	64	4		הָ֣/עַמִּ֔ים	d/5971 a	HTd/Ncmpa	05yba
28	64	5		מִ/קְצֵ֥ה	m/7097 a	HR/Ncbsc	0558m
28	64	6		הָ/אָ֖רֶץ	d/776	HTd/Ncbsa	05x9t
28	64	7		וְ/עַד	c/5704	HC/R	05dSi
28	64	8		קְצֵ֣ה	7097 a	HNcbsc	05UJt
28	64	9		הָ/אָ֑רֶץ	d/776	HTd/Ncbsa	05juE
28	64	10		וְ/עָבַ֨דְתָּ	c/5647	HC/Vqq2ms	05o4w
28	64	11		שָּׁ֜ם	8033	HD	05ZHi
28	64	12		אֱלֹהִ֣ים	430	HNcmpa	05DpP
28	64	13		אֲחֵרִ֗ים	312	HAampa	05LMT
28	64	14		אֲשֶׁ֧ר	834 a	HTr	05Bc2
28	64	15		לֹא	3808	HTn	05f8R
28	64	16		יָדַ֛עְתָּ	3045	HVqp2ms	05Xr3
28	64	17		אַתָּ֥ה	859 a	HPp2ms	05xz2
28	64	18		וַ/אֲבֹתֶ֖י/ךָ	c/1	HC/Ncmpc/Sp2ms	05Hu6
28	64	19		עֵ֥ץ	6086	HNcmsa	05dfS
28	64	20		וָ/אָֽבֶן	c/68	HC/Ncfsa	05muy
28	65	1		וּ/בַ/גּוֹיִ֤ם	c/b/1471 a	HC/Rd/Ncmpa	05eya
28	65	2		הָ/הֵם֙	d/1992	HTd/Pp3mp	05fHZ
28	65	3		לֹ֣א	3808	HTn	05cij
28	65	4		תַרְגִּ֔יעַ	7280 b	HVhi2ms	05VwD
28	65	5		וְ/לֹא	c/3808	HC/Tn	059JM
28	65	6		יִהְיֶ֥ה	1961	HVqi3ms	05Nf4
28	65	7		מָנ֖וֹחַ	4494	HNcbsa	05znJ
28	65	8		לְ/כַף	l/3709	HR/Ncfsc	05f4t
28	65	9		רַגְלֶ֑/ךָ	7272	HNcfsc/Sp2ms	05jH9
28	65	10		וְ/נָתַן֩	c/5414	HC/Vqq3ms	05Vjf
28	65	11		יְהוָ֨ה	3068	HNp	05Kr7
28	65	12		לְ/ךָ֥	l	HR/Sp2ms	05aXz
28	65	13		שָׁם֙	8033	HD	05TDg
28	65	14		לֵ֣ב	3820 a	HNcmsa	05FJD
28	65	15		רַגָּ֔ז	7268	HAamsa	05jd4
28	65	16		וְ/כִלְי֥וֹן	c/3631	HC/Ncmsc	05m3C
28	65	17		עֵינַ֖יִם	5869 a	HNcbda	05tjP
28	65	18		וְ/דַֽאֲב֥וֹן	c/1671	HC/Ncmsc	05BUi
28	65	19		נָֽפֶשׁ	5315	HNcbsa	05U86
28	66	1		וְ/הָי֣וּ	c/1961	HC/Vqq3cp	05hZ1
28	66	2		חַיֶּ֔י/ךָ	2416 e	HNcmpc/Sp2ms	05e69
28	66	3		תְּלֻאִ֥ים	8511	HVqsmpa	05v5q
28	66	4		לְ/ךָ֖	l	HR/Sp2ms	05oQU
28	66	5		מִ/נֶּ֑גֶד	m/5048	HR/R	05u75
28	66	6		וּ/פָֽחַדְתָּ֙	c/6342	HC/Vqq2ms	05JqQ
28	66	7		לַ֣יְלָה	3915	HNcmsa	05arY
28	66	8		וְ/יוֹמָ֔ם	c/3119	HC/D	05VUs
28	66	9		וְ/לֹ֥א	c/3808	HC/Tn	05i6g
28	66	10		תַאֲמִ֖ין	539	HVhi2ms	05QHk
28	66	11		בְּ/חַיֶּֽי/ךָ	b/2416 e	HR/Ncmpc/Sp2ms	05SyG
28	67	1		בַּ/בֹּ֤קֶר	b/1242	HRd/Ncmsa	05ZQ8
28	67	2		תֹּאמַר֙	559	HVqi2ms	05kyp
28	67	3		מִֽי	4310	HTi	05W2W
28	67	4		יִתֵּ֣ן	5414	HVqi3ms	05Q7w
28	67	5		עֶ֔רֶב	6153	HNcmsa	05CgJ
28	67	6		וּ/בָ/עֶ֥רֶב	c/b/6153	HC/Rd/Ncmsa	05AoW
28	67	7		תֹּאמַ֖ר	559	HVqi2ms	05Ct5
28	67	8		מִֽי	4310	HTi	05XEV
28	67	9		יִתֵּ֣ן	5414	HVqi3ms	05Yik
28	67	10		בֹּ֑קֶר	1242	HNcmsa	052f6
28	67	11		מִ/פַּ֤חַד	m/6343	HR/Ncmsc	05Ff8
28	67	12		לְבָֽבְ/ךָ֙	3824	HNcmsc/Sp2ms	05d7j
28	67	13		אֲשֶׁ֣ר	834 a	HTr	05WmZ
28	67	14		תִּפְחָ֔ד	6342	HVqi2ms	05DaS
28	67	15		וּ/מִ/מַּרְאֵ֥ה	c/m/4758	HC/R/Ncmsc	053mn
28	67	16		עֵינֶ֖י/ךָ	5869 a	HNcbdc/Sp2ms	05n7f
28	67	17		אֲשֶׁ֥ר	834 a	HTr	05ntY
28	67	18		תִּרְאֶֽה	7200	HVqi2ms	05nfo
28	68	1		וֶֽ/הֱשִֽׁיבְ/ךָ֨	c/7725	HC/Vhq3ms/Sp2ms	05GRL
28	68	2		יְהוָ֥ה	3068	HNp	05ETt
28	68	3		מִצְרַיִם֮	4714	HNp	05ftK
28	68	4		בָּ/אֳנִיּוֹת֒	b/591	HR/Ncfpa	05tny
28	68	5		בַּ/דֶּ֨רֶךְ֙	b/1870	HRd/Ncbsa	05wmu
28	68	6		אֲשֶׁ֣ר	834 a	HTr	05gVg
28	68	7		אָמַ֣רְתִּֽי	559	HVqp1cs	056ug
28	68	8		לְ/ךָ֔	l	HR/Sp2ms	05fmV
28	68	9		לֹא	3808	HTn	054Df
28	68	10		תֹסִ֥יף	3254	HVhi2ms	05pGZ
28	68	11		ע֖וֹד	5750	HD	05zgN
28	68	12		לִ/רְאֹתָ֑/הּ	l/7200	HR/Vqc/Sp3fs	05v7R
28	68	13		וְ/הִתְמַכַּרְתֶּ֨ם	c/4376	HC/Vtq2mp	05Eav
28	68	14		שָׁ֧ם	8033	HD	05QKX
28	68	15		לְ/אֹיְבֶ֛י/ךָ	l/341	HR/Vqrmpc/Sp2ms	056zX
28	68	16		לַ/עֲבָדִ֥ים	l/5650	HR/Ncmpa	05DX5
28	68	17		וְ/לִ/שְׁפָח֖וֹת	c/l/8198	HC/R/Ncfpa	05HFz
28	68	18		וְ/אֵ֥ין	c/369	HC/Tn	05XNQ
28	68	19		קֹנֶֽה	7069	HVqrmsa	05YRQ
28	69	1		אֵלֶּה֩	428	HPdxcp	05BbK
28	69	2		דִבְרֵ֨י	1697	HNcmpc	051m9
28	69	3		הַ/בְּרִ֜ית	d/1285	HTd/Ncfsa	05Ed6
28	69	4		אֲֽשֶׁר	834 a	HTr	05VoX
28	69	5		צִוָּ֧ה	6680	HVpp3ms	05tir
28	69	6		יְהוָ֣ה	3068	HNp	05oSY
28	69	7		אֶת	853	HTo	059gC
28	69	8		מֹשֶׁ֗ה	4872	HNp	05Vej
28	69	9		לִ/כְרֹ֛ת	l/3772	HR/Vqc	059Nh
28	69	10		אֶת	854	HR	059oc
28	69	11		בְּנֵ֥י	1121 a	HNcmpc	05chi
28	69	12		יִשְׂרָאֵ֖ל	3478	HNp	056FT
28	69	13		בְּ/אֶ֣רֶץ	b/776	HR/Ncbsc	054Uv
28	69	14		מוֹאָ֑ב	4124	HNp	05xju
28	69	15		מִ/לְּ/בַ֣ד	m/l/905	HR/R/Ncmsc	05G4G
28	69	16		הַ/בְּרִ֔ית	d/1285	HTd/Ncfsa	05gNn
28	69	17		אֲשֶׁר	834 a	HTr	05TFj
28	69	18		כָּרַ֥ת	3772	HVqp3ms	05LTX
28	69	19		אִתָּ֖/ם	854	HR/Sp3mp	05mhU
28	69	20		בְּ/חֹרֵֽב	b/2722	HR/Np	052RS
29	1	1		וַ/יִּקְרָ֥א	c/7121	HC/Vqw3ms	05Tiq
29	1	2		מֹשֶׁ֛ה	4872	HNp	05WAL
29	1	3		אֶל	413	HR	05D2o
29	1	4		כָּל	3605	HNcmsc	05xWu
29	1	5		יִשְׂרָאֵ֖ל	3478	HNp	05JGx
29	1	6		וַ/יֹּ֣אמֶר	c/559	HC/Vqw3ms	05uah
29	1	7		אֲלֵ/הֶ֑ם	413	HR/Sp3mp	05gdU
29	1	8		אַתֶּ֣ם	859 d	HPp2mp	05S7k
29	1	9		רְאִיתֶ֗ם	7200	HVqp2mp	05ByK
29	1	10		אֵ֣ת	853	HTo	05En4
29	1	11		כָּל	3605	HNcmsc	05iuX
29	1	12		אֲשֶׁר֩	834 a	HTr	05PDW
29	1	13		עָשָׂ֨ה	6213 a	HVqp3ms	052bn
29	1	14		יְהוָ֤ה	3068	HNp	05Ny1
29	1	15		לְ/עֵֽינֵי/כֶם֙	l/5869 a	HR/Ncbdc/Sp2mp	05nAm
29	1	16		בְּ/אֶ֣רֶץ	b/776	HR/Ncbsc	05Rwt
29	1	17		מִצְרַ֔יִם	4714	HNp	05mP1
29	1	18		לְ/פַרְעֹ֥ה	l/6547	HR/Np	05Trx
29	1	19		וּ/לְ/כָל	c/l/3605	HC/R/Ncmsc	05dEZ
29	1	20		עֲבָדָ֖י/ו	5650	HNcmpc/Sp3ms	05VQ3
29	1	21		וּ/לְ/כָל	c/l/3605	HC/R/Ncmsc	056eP
29	1	22		אַרְצֽ/וֹ	776	HNcbsc/Sp3ms	05K5p
29	2	1		הַ/מַּסּוֹת֙	d/4531 b	HTd/Ncfpa	05Cuc
29	2	2		הַ/גְּדֹלֹ֔ת	d/1419 a	HTd/Aafpa	05rvt
29	2	3		אֲשֶׁ֥ר	834 a	HTr	05Mra
29	2	4		רָא֖וּ	7200	HVqp3cp	05YAJ
29	2	5		עֵינֶ֑י/ךָ	5869 a	HNcbdc/Sp2ms	05HYD
29	2	6		הָ/אֹתֹ֧ת	d/226	HTd/Ncbpa	05HMG
29	2	7		וְ/הַ/מֹּפְתִ֛ים	c/d/4159	HC/Td/Ncmpa	05Dn8
29	2	8		הַ/גְּדֹלִ֖ים	d/1419 a	HTd/Aampa	058MC
29	2	9		הָ/הֵֽם	d/1992	HTd/Pp3mp	05y7d
29	3	1		וְ/לֹֽא	c/3808	HC/Tn	05gWH
29	3	2		נָתַן֩	5414	HVqp3ms	05Rya
29	3	3		יְהוָ֨ה	3068	HNp	05dgS
29	3	4		לָ/כֶ֥ם	l	HR/Sp2mp	05geM
29	3	5		לֵב֙	3820 a	HNcmsa	05nNC
29	3	6		לָ/דַ֔עַת	l/3045	HR/Vqc	05MKZ
29	3	7		וְ/עֵינַ֥יִם	c/5869 a	HC/Ncbda	05S7L
29	3	8		לִ/רְא֖וֹת	l/7200	HR/Vqc	05uSA
29	3	9		וְ/אָזְנַ֣יִם	c/241	HC/Ncfda	052Sm
29	3	10		לִ/שְׁמֹ֑עַ	l/8085	HR/Vqc	05crF
29	3	11		עַ֖ד	5704	HR	05Qd4
29	3	12		הַ/יּ֥וֹם	d/3117	HTd/Ncmsa	05oSi
29	3	13		הַ/זֶּֽה	d/2088	HTd/Pdxms	05QW4
29	4	1		וָ/אוֹלֵ֥ךְ	c/3212	HC/Vhw1cs	05ChQ
29	4	2		אֶתְ/כֶ֛ם	853	HTo/Sp2mp	05imi
29	4	3		אַרְבָּעִ֥ים	705	HAcbpa	05gid
29	4	4		שָׁנָ֖ה	8141	HNcfsa	05s66
29	4	5		בַּ/מִּדְבָּ֑ר	b/4057 b	HRd/Ncmsa	05j4v
29	4	6		לֹֽא	3808	HTn	05GtU
29	4	7		בָל֤וּ	1086	HVqp3cp	05T9e
29	4	8		שַׂלְמֹֽתֵי/כֶם֙	8008	HNcfpc/Sp2mp	05juh
29	4	9		מֵ/עֲלֵי/כֶ֔ם	m/5921 a	HR/R/Sp2mp	05PfM
29	4	10		וְ/נַֽעַלְ/ךָ֥	c/5275	HC/Ncfsc/Sp2ms	05QSR
29	4	11		לֹֽא	3808	HTn	05sZ1
29	4	12		בָלְתָ֖ה	1086	HVqp3fs	05aVJ
29	4	13		מֵ/עַ֥ל	m/5921 a	HR/R	05mh8
29	4	14		רַגְלֶֽ/ךָ	7272	HNcfsc/Sp2ms	05QYR
29	5	1		לֶ֚חֶם	3899	HNcbsa	05t4w
29	5	2		לֹ֣א	3808	HTn	051E8
29	5	3		אֲכַלְתֶּ֔ם	398	HVqp2mp	05gzn
29	5	4		וְ/יַ֥יִן	c/3196	HC/Ncmsa	05JxX
29	5	5		וְ/שֵׁכָ֖ר	c/7941	HC/Ncmsa	05QBX
29	5	6		לֹ֣א	3808	HTn	05Kqe
29	5	7		שְׁתִיתֶ֑ם	8354	HVqp2mp	05TpL
29	5	8		לְמַ֨עַן֙	4616	HR	05fUh
29	5	9		תֵּֽדְע֔וּ	3045	HVqi2mp	05tSo
29	5	10		כִּ֛י	3588 a	HC	05T22
29	5	11		אֲנִ֥י	589	HPp1cs	056AM
29	5	12		יְהוָ֖ה	3068	HNp	05NVJ
29	5	13		אֱלֹהֵי/כֶֽם	430	HNcmpc/Sp2mp	051SB
29	6	1		וַ/תָּבֹ֖אוּ	c/935	HC/Vqw2mp	05djB
29	6	2		אֶל	413	HR	05Btk
29	6	3		הַ/מָּק֣וֹם	d/4725	HTd/Ncmsa	05paa
29	6	4		הַ/זֶּ֑ה	d/2088	HTd/Pdxms	05pEi
29	6	5		וַ/יֵּצֵ֣א	c/3318	HC/Vqw3ms	05Smk
29	6	6		סִיחֹ֣ן	5511	HNp	05xVw
29	6	7		מֶֽלֶךְ	4428	HNcmsc	05b8w
29	6	8		חֶ֠שְׁבּוֹן	2809	HNp	054fw
29	6	9		וְ/ע֨וֹג	c/5747	HC/Np	05Q5r
29	6	10		מֶֽלֶךְ	4428	HNcmsc	05fR5
29	6	11		הַ/בָּשָׁ֧ן	d/1316	HTd/Np	05cJn
29	6	12		לִ/קְרָאתֵ֛/נוּ	l/7125	HR/Vqc/Sp1cp	05Jgv
29	6	13		לַ/מִּלְחָמָ֖ה	l/4421	HRd/Ncfsa	05JLY
29	6	14		וַ/נַּכֵּֽ/ם	c/5221	HC/Vhw1cp/Sp3mp	05q52
29	7	1		וַ/נִּקַּח֙	c/3947	HC/Vqw1cp	05KmV
29	7	2		אֶת	853	HTo	05zSj
29	7	3		אַרְצָ֔/ם	776	HNcbsc/Sp3mp	05qkb
29	7	4		וַ/נִּתְּנָ֣/הּ	c/5414	HC/Vqw1cp/Sp3fs	05iBK
29	7	5		לְ/נַחֲלָ֔ה	l/5159	HR/Ncfsa	05fr8
29	7	6		לָ/רֽאוּבֵנִ֖י	l/7206	HRd/Ngmsa	05fXL
29	7	7		וְ/לַ/גָּדִ֑י	c/l/1425	HC/Rd/Ngmsa	05mcQ
29	7	8		וְ/לַ/חֲצִ֖י	c/l/2677	HC/R/Ncmsc	05mTu
29	7	9		שֵׁ֥בֶט	7626	HNcmsc	05rCU
29	7	10		הַֽ/מְנַשִּֽׁי	d/4520	HTd/Ngmsa	05GBo
29	8	1		וּ/שְׁמַרְתֶּ֗ם	c/8104	HC/Vqq2mp	05eGq
29	8	2		אֶת	853	HTo	05Wfq
29	8	3		דִּבְרֵי֙	1697	HNcmpc	05dJF
29	8	4		הַ/בְּרִ֣ית	d/1285	HTd/Ncfsa	055hw
29	8	5		הַ/זֹּ֔את	d/2063	HTd/Pdxfs	058PJ
29	8	6		וַ/עֲשִׂיתֶ֖ם	c/6213 a	HC/Vqq2mp	05HKL
29	8	7		אֹתָ֑/ם	853	HTo/Sp3mp	05NPw
29	8	8		לְמַ֣עַן	4616	HR	055yE
29	8	9		תַּשְׂכִּ֔ילוּ	7919 a	HVhi2mp	05woe
29	8	10		אֵ֖ת	853	HTo	05A5D
29	8	11		כָּל	3605	HNcmsc	05yLN
29	8	12		אֲשֶׁ֥ר	834 a	HTr	05VNd
29	8	13		תַּעֲשֽׂוּ/ן	6213 a	HVqi2mp/Sn	05sCy
29	9	1		אַתֶּ֨ם	859 d	HPp2mp	05zMA
29	9	2		נִצָּבִ֤ים	5324	HVNrmpa	05JkC
29	9	3		הַ/יּוֹם֙	d/3117	HTd/Ncmsa	05oFg
29	9	4		כֻּלְּ/כֶ֔ם	3605	HNcmsc/Sp2mp	05YFY
29	9	5		לִ/פְנֵ֖י	l/6440	HR/Ncbpc	05rmc
29	9	6		יְהוָ֣ה	3068	HNp	05nx9
29	9	7		אֱלֹהֵי/כֶ֑ם	430	HNcmpc/Sp2mp	05hDq
29	9	8		רָאשֵׁי/כֶ֣ם	7218 a	HNcmpc/Sp2mp	055sa
29	9	9		שִׁבְטֵי/כֶ֗ם	7626	HNcmpc/Sp2mp	05XfJ
29	9	10		זִקְנֵי/כֶם֙	2205	HAampc/Sp2mp	05Vtx
29	9	11		וְ/שֹׁ֣טְרֵי/כֶ֔ם	c/7860	HC/Vqrmpc/Sp2mp	05EZc
29	9	12		כֹּ֖ל	3605	HNcmsc	05X68
29	9	13		אִ֥ישׁ	376	HNcmsc	05b7J
29	9	14		יִשְׂרָאֵֽל	3478	HNp	058ii
29	10	1		טַפְּ/כֶ֣ם	2945	HNcmsc/Sp2mp	05WYG
29	10	2		נְשֵׁי/כֶ֔ם	802	HNcfpc/Sp2mp	053FB
29	10	3		וְ/גֵ֣רְ/ךָ֔	c/1616	HC/Ncmsc/Sp2ms	05nqa
29	10	4		אֲשֶׁ֖ר	834 a	HTr	05MbE
29	10	5		בְּ/קֶ֣רֶב	b/7130	HR/Ncmsc	05j4K
29	10	6		מַחֲנֶ֑י/ךָ	4264	HNcbpc/Sp2ms	05sQH
29	10	7		מֵ/חֹטֵ֣ב	m/2404	HR/Vqrmsc	05FMR
29	10	8		עֵצֶ֔י/ךָ	6086	HNcmpc/Sp2ms	05oST
29	10	9		עַ֖ד	5704	HR	05FS3
29	10	10		שֹׁאֵ֥ב	7579	HVqrmsc	05oHM
29	10	11		מֵימֶֽי/ךָ	4325	HNcmpc/Sp2ms	05Fz7
29	11	1		לְ/עָבְרְ/ךָ֗	l/5674 a	HR/Vqc/Sp2ms	05MNm
29	11	2		בִּ/בְרִ֛ית	b/1285	HR/Ncfsc	055qX
29	11	3		יְהוָ֥ה	3068	HNp	05zFj
29	11	4		אֱלֹהֶ֖י/ךָ	430	HNcmpc/Sp2ms	05JGy
29	11	5		וּ/בְ/אָלָת֑/וֹ	c/b/423	HC/R/Ncfsc/Sp3ms	05Bbt
29	11	6		אֲשֶׁר֙	834 a	HTr	05Cqk
29	11	7		יְהוָ֣ה	3068	HNp	05Mu8
29	11	8		אֱלֹהֶ֔י/ךָ	430	HNcmpc/Sp2ms	05kJu
29	11	9		כֹּרֵ֥ת	3772	HVqrmsa	053VV
29	11	10		עִמְּ/ךָ֖	5973 a	HR/Sp2ms	05yH2
29	11	11		הַ/יּֽוֹם	d/3117	HTd/Ncmsa	05xfs
29	12	1		לְמַ֣עַן	4616	HR	05TB9
29	12	2		הָקִֽים	6965 b	HVhc	05iDc
29	12	3		אֹתְ/ךָ֩	853	HTo/Sp2ms	05rFV
29	12	4		הַ/יּ֨וֹם	d/3117	HTd/Ncmsa	05CXE
29	12	5		ל֜/וֹ	l	HR/Sp3ms	05F4V
29	12	6		לְ/עָ֗ם	l/5971 a	HR/Ncmsa	05SnB
29	12	7		וְ/ה֤וּא	c/1931	HC/Pp3ms	05oJi
29	12	8		יִֽהְיֶה	1961	HVqi3ms	05UDf
29	12	9		לְּ/ךָ֙	l	HR/Sp2ms	05UT7
29	12	10		לֵֽ/אלֹהִ֔ים	l/430	HR/Ncmpa	05UDV
29	12	11		כַּ/אֲשֶׁ֖ר	k/834 d	HR/Tr	05q6B
29	12	12		דִּבֶּר	1696	HVpp3ms	057HP
29	12	13		לָ֑/ךְ	l	HR/Sp2fs	05e3Z
29	12	14		וְ/כַ/אֲשֶׁ֤ר	c/k/834 d	HC/R/Tr	05YGM
29	12	15		נִשְׁבַּע֙	7650	HVNp3ms	053K7
29	12	16		לַ/אֲבֹתֶ֔י/ךָ	l/1	HR/Ncmpc/Sp2ms	05oMc
29	12	17		לְ/אַבְרָהָ֥ם	l/85	HR/Np	057Dh
29	12	18		לְ/יִצְחָ֖ק	l/3327	HR/Np	05fbz
29	12	19		וּֽ/לְ/יַעֲקֹֽב	c/l/3290	HC/R/Np	05taF
29	13	1		וְ/לֹ֥א	c/3808	HC/Tn	05agf
29	13	2		אִתְּ/כֶ֖ם	854	HR/Sp2mp	05asz
29	13	3		לְ/בַדְּ/כֶ֑ם	l/905	HR/Ncmsc/Sp2mp	05FT9
29	13	4		אָנֹכִ֗י	595	HPp1cs	05Ajr
29	13	5		כֹּרֵת֙	3772	HVqrmsa	05F41
29	13	6		אֶת	853	HTo	05cHK
29	13	7		הַ/בְּרִ֣ית	d/1285	HTd/Ncfsa	05grS
29	13	8		הַ/זֹּ֔את	d/2063	HTd/Pdxfs	05WmE
29	13	9		וְ/אֶת	c/853	HC/To	05Vaw
29	13	10		הָ/אָלָ֖ה	d/423	HTd/Ncfsa	05rJk
29	13	11		הַ/זֹּֽאת	d/2063	HTd/Pdxfs	05sQu
29	14	1		כִּי֩	3588 a	HC	056BN
29	14	2		אֶת	854	HR	05q5f
29	14	3		אֲשֶׁ֨ר	834 a	HTr	05WjT
29	14	4		יֶשְׁנ֜/וֹ	3426	HTm/Sp3ms	05EJ4
29	14	5		פֹּ֗ה	6311	HD	05rQk
29	14	6		עִמָּ֨/נוּ֙	5973 a	HR/Sp1cp	05Uia
29	14	7		עֹמֵ֣ד	5975	HVqrmsa	05a3z
29	14	8		הַ/יּ֔וֹם	d/3117	HTd/Ncmsa	05r2a
29	14	9		לִ/פְנֵ֖י	l/6440	HR/Ncbpc	05cS2
29	14	10		יְהוָ֣ה	3068	HNp	052UF
29	14	11		אֱלֹהֵ֑י/נוּ	430	HNcmpc/Sp1cp	05eVH
29	14	12		וְ/אֵ֨ת	c/854	HC/R	05gdC
29	14	13		אֲשֶׁ֥ר	834 a	HTr	05Lmc
29	14	14		אֵינֶ֛/נּוּ	369	HTn/Sp3ms	05kwR
29	14	15		פֹּ֖ה	6311	HD	05SY7
29	14	16		עִמָּ֥/נוּ	5973 a	HR/Sp1cp	05CQq
29	14	17		הַ/יּֽוֹם	d/3117	HTd/Ncmsa	05Aca
29	15	1		כִּֽי	3588 a	HC	05GfN
29	15	2		אַתֶּ֣ם	859 d	HPp2mp	05iQ1
29	15	3		יְדַעְתֶּ֔ם	3045	HVqp2mp	05GfH
29	15	4		אֵ֥ת	853	HTo	05Lkk
29	15	5		אֲשֶׁר	834 a	HTr	05tUT
29	15	6		יָשַׁ֖בְנוּ	3427	HVqp1cp	0566F
29	15	7		בְּ/אֶ֣רֶץ	b/776	HR/Ncbsc	05izu
29	15	8		מִצְרָ֑יִם	4714	HNp	053d8
29	15	9		וְ/אֵ֧ת	c/853	HC/To	05zsu
29	15	10		אֲשֶׁר	834 a	HTr	056wr
29	15	11		עָבַ֛רְנוּ	5674 a	HVqp1cp	056sU
29	15	12		בְּ/קֶ֥רֶב	b/7130	HR/Ncmsc	05DrQ
29	15	13		הַ/גּוֹיִ֖ם	d/1471 a	HTd/Ncmpa	05ndU
29	15	14		אֲשֶׁ֥ר	834 a	HTr	05D7Y
29	15	15		עֲבַרְתֶּֽם	5674 a	HVqp2mp	05M8q
29	16	1		וַ/תִּרְאוּ֙	c/7200	HC/Vqw2mp	05mZR
29	16	2		אֶת	853	HTo	05Jun
29	16	3		שִׁקּ֣וּצֵי/הֶ֔ם	8251	HNcmpc/Sp3mp	05z7m
29	16	4		וְ/אֵ֖ת	c/853	HC/To	05Ppi
29	16	5		גִּלֻּלֵי/הֶ֑ם	1544	HNcmpc/Sp3mp	05yF3
29	16	6		עֵ֣ץ	6086	HNcmsa	05q7b
29	16	7		וָ/אֶ֔בֶן	c/68	HC/Ncfsa	05owm
29	16	8		כֶּ֥סֶף	3701	HNcmsa	05JYv
29	16	9		וְ/זָהָ֖ב	c/2091	HC/Ncmsa	05aZR
29	16	10		אֲשֶׁ֥ר	834 a	HTr	05xTd
29	16	11		עִמָּ/הֶֽם	5973 a	HR/Sp3mp	05b5v
29	17	1		פֶּן	6435	HC	05d7c
29	17	2		יֵ֣שׁ	3426	HTm	05rju
29	17	3		בָּ֠/כֶם	b	HR/Sp2mp	05Cvg
29	17	4		אִ֣ישׁ	376	HNcmsa	059pa
29	17	5		אוֹ	176 a	HC	05CUn
29	17	6		אִשָּׁ֞ה	802	HNcfsa	051uG
29	17	7		א֧וֹ	176 a	HC	05nWR
29	17	8		מִשְׁפָּחָ֣ה	4940	HNcfsa	05WA2
29	17	9		אוֹ	176 a	HC	05tjr
29	17	10		שֵׁ֗בֶט	7626	HNcmsa	05udL
29	17	11		אֲשֶׁר֩	834 a	HTr	05JZ1
29	17	12		לְבָב֨/וֹ	3824	HNcmsc/Sp3ms	05RgC
29	17	13		פֹנֶ֤ה	6437	HVqrmsa	05YoY
29	17	14		הַ/יּוֹם֙	d/3117	HTd/Ncmsa	0544W
29	17	15		מֵ/עִם֙	m/5973 b	HR/R	05Yjc
29	17	16		יְהוָ֣ה	3068	HNp	05YjH
29	17	17		אֱלֹהֵ֔י/נוּ	430	HNcmpc/Sp1cp	05jvf
29	17	18		לָ/לֶ֣כֶת	l/3212	HR/Vqc	05vTo
29	17	19		לַ/עֲבֹ֔ד	l/5647	HR/Vqc	05QBc
29	17	20		אֶת	853	HTo	05q8j
29	17	21		אֱלֹהֵ֖י	430	HNcmpc	05c5F
29	17	22		הַ/גּוֹיִ֣ם	d/1471 a	HTd/Ncmpa	05SZx
29	17	23		הָ/הֵ֑ם	d/1992	HTd/Pp3mp	05fqE
29	17	24		פֶּן	6435	HC	05TKJ
29	17	25		יֵ֣שׁ	3426	HTm	05HyN
29	17	26		בָּ/כֶ֗ם	b	HR/Sp2mp	05aRD
29	17	27		שֹׁ֛רֶשׁ	8328	HNcmsa	05Rht
29	17	28		פֹּרֶ֥ה	6509	HVqrmsa	05Qkk
29	17	29		רֹ֖אשׁ	7219	HNcmsa	05eDa
29	17	30		וְ/לַעֲנָֽה	c/3939	HC/Ncfsa	05pwz
29	18	1		וְ/הָיָ֡ה	c/1961	HC/Vqq3ms	058LL
29	18	2		בְּ/שָׁמְע/וֹ֩	b/8085	HR/Vqc/Sp3ms	05bnA
29	18	3		אֶת	853	HTo	05sBT
29	18	4		דִּבְרֵ֨י	1697	HNcmpc	05Vtp
29	18	5		הָֽ/אָלָ֜ה	d/423	HTd/Ncfsa	05a1F
29	18	6		הַ/זֹּ֗את	d/2063	HTd/Pdxfs	05wCL
29	18	7		וְ/הִתְבָּרֵ֨ךְ	c/1288	HC/Vtq3ms	05QUD
29	18	8		בִּ/לְבָב֤/וֹ	b/3824	HR/Ncmsc/Sp3ms	05Gn2
29	18	9		לֵ/אמֹר֙	l/559	HR/Vqc	05sxE
29	18	10		שָׁל֣וֹם	7965	HNcmsa	05veK
29	18	11		יִֽהְיֶה	1961	HVqi3ms	05XJ1
29	18	12		לִּ֔/י	l	HR/Sp1cs	05tnd
29	18	13		כִּ֛י	3588 a	HC	052qd
29	18	14		בִּ/שְׁרִר֥וּת	b/8307	HR/Ncfsc	05KfG
29	18	15		לִבִּ֖/י	3820 a	HNcmsc/Sp1cs	05bU5
29	18	16		אֵלֵ֑ךְ	3212	HVqi1cs	05dE1
29	18	17		לְמַ֛עַן	4616	HR	052Tn
29	18	18		סְפ֥וֹת	5595	HVqc	059xc
29	18	19		הָ/רָוָ֖ה	d/7302	HTd/Aafsa	05AoS
29	18	20		אֶת	854	HR	05BBD
29	18	21		הַ/צְּמֵאָֽה	d/6771	HTd/Aafsa	05oSD
29	19	1		לֹא	3808	HTn	05ANC
29	19	2		יֹאבֶ֣ה	14	HVqi3ms	05yxK
29	19	3		יְהוָה֮	3068	HNp	05KXV
29	19	4		סְלֹ֣חַֽ	5545	HVqc	05MHJ
29	19	5		ל/וֹ֒	l	HR/Sp3ms	058v1
29	19	6		כִּ֣י	3588 a	HC	05H6Y
29	19	7		אָ֠ז	227 a	HD	05pYJ
29	19	8		יֶעְשַׁ֨ן	6225	HVqi3ms	052Vc
29	19	9		אַף	639	HTa	05sqH
29	19	10		יְהוָ֤ה	3068	HNp	05aSb
29	19	11		וְ/קִנְאָת/וֹ֙	c/7068	HC/Ncfsc/Sp3ms	05MJu
29	19	12		בָּ/אִ֣ישׁ	b/376	HRd/Ncmsa	051dC
29	19	13		הַ/ה֔וּא	d/1931	HTd/Pp3ms	05XYP
29	19	14		וְ/רָ֤בְצָה	c/7257	HC/Vqq3fs	05xSg
29	19	15		בּ/וֹ֙	b	HR/Sp3ms	05Mrn
29	19	16		כָּל	3605	HNcmsc	05xSL
29	19	17		הָ֣/אָלָ֔ה	d/423	HTd/Ncfsa	05AST
29	19	18		הַ/כְּתוּבָ֖ה	d/3789	HTd/Vqsfsa	05jve
29	19	19		בַּ/סֵּ֣פֶר	b/5612 a	HRd/Ncmsa	05gc7
29	19	20		הַ/זֶּ֑ה	d/2088	HTd/Pdxms	054AD
29	19	21		וּ/מָחָ֤ה	c/4229 a	HC/Vqq3ms	05mPs
29	19	22		יְהוָה֙	3068	HNp	05zrE
29	19	23		אֶת	853	HTo	05P4x
29	19	24		שְׁמ֔/וֹ	8034	HNcmsc/Sp3ms	05KeG
29	19	25		מִ/תַּ֖חַת	m/8478	HR/R	0557j
29	19	26		הַ/שָּׁמָֽיִם	d/8064	HTd/Ncmpa	05q4X
29	20	1		וְ/הִבְדִּיל֤/וֹ	c/914	HC/Vhq3ms/Sp3ms	05UZE
29	20	2		יְהוָה֙	3068	HNp	056Fp
29	20	3		לְ/רָעָ֔ה	l/7451 c	HR/Ncfsa	05R6H
29	20	4		מִ/כֹּ֖ל	m/3605	HR/Ncmsc	05tz4
29	20	5		שִׁבְטֵ֣י	7626	HNcmpc	05tP9
29	20	6		יִשְׂרָאֵ֑ל	3478	HNp	05zd8
29	20	7		כְּ/כֹל֙	k/3605	HR/Ncmsc	05evq
29	20	8		אָל֣וֹת	423	HNcfpc	05uQK
29	20	9		הַ/בְּרִ֔ית	d/1285	HTd/Ncfsa	05VmQ
29	20	10		הַ/כְּתוּבָ֕ה	d/3789	HTd/Vqsfsa	05N5m
29	20	11		בְּ/סֵ֥פֶר	b/5612 a	HR/Ncmsc	055W8
29	20	12		הַ/תּוֹרָ֖ה	d/8451	HTd/Ncfsa	05cDA
29	20	13		הַ/זֶּֽה	d/2088	HTd/Pdxms	05tm9
29	21	1		וְ/אָמַ֞ר	c/559	HC/Vqq3ms	059Tb
29	21	2		הַ/דּ֣וֹר	d/1755	HTd/Ncmsa	05nDP
29	21	3		הָֽ/אַחֲר֗וֹן	d/314	HTd/Aamsa	055jz
29	21	4		בְּנֵי/כֶם֙	1121 a	HNcmpc/Sp2mp	05oTs
29	21	5		אֲשֶׁ֤ר	834 a	HTr	05c3Z
29	21	6		יָק֨וּמוּ֙	6965 b	HVqi3mp	05YN2
29	21	7		מֵ/אַ֣חֲרֵי/כֶ֔ם	m/310 a	HR/R/Sp2mp	05xEd
29	21	8		וְ/הַ֨/נָּכְרִ֔י	c/d/5237	HC/Td/Aamsa	05QmT
29	21	9		אֲשֶׁ֥ר	834 a	HTr	056iT
29	21	10		יָבֹ֖א	935	HVqi3ms	05L7x
29	21	11		מֵ/אֶ֣רֶץ	m/776	HR/Ncbsa	05W1c
29	21	12		רְחוֹקָ֑ה	7350	HAafsa	05EwZ
29	21	13		וְ֠/רָאוּ	c/7200	HC/Vqq3cp	05wM3
29	21	14		אֶת	853	HTo	05dCp
29	21	15		מַכּ֞וֹת	4347	HNcfpc	05ivg
29	21	16		הָ/אָ֤רֶץ	d/776	HTd/Ncbsa	05Y4F
29	21	17		הַ/הִוא֙	d/1931	HTd/Pp3fs	05ygV
29	21	18		וְ/אֶת	c/853	HC/To	05z4X
29	21	19		תַּ֣חֲלֻאֶ֔י/הָ	8463	HNcmpc/Sp3fs	05yN6
29	21	20		אֲשֶׁר	834 a	HTr	05i84
29	21	21		חִלָּ֥ה	2470 a	HVpp3ms	05V1L
29	21	22		יְהוָ֖ה	3068	HNp	05Y5Z
29	21	23		בָּֽ/הּ	b	HR/Sp3fs	055LB
29	22	1		גָּפְרִ֣ית	1614	HNcfsa	053Vm
29	22	2		וָ/מֶלַח֮	c/4417	HC/Ncmsa	05P2g
29	22	3		שְׂרֵפָ֣ה	8316	HNcfsa	05Duv
29	22	4		כָל	3605	HNcmsc	05fVc
29	22	5		אַרְצָ/הּ֒	776	HNcbsc/Sp3fs	05tt5
29	22	6		לֹ֤א	3808	HTn	05Cjr
29	22	7		תִזָּרַע֙	2232	HVNi3fs	05Z8S
29	22	8		וְ/לֹ֣א	c/3808	HC/Tn	05zLQ
29	22	9		תַצְמִ֔חַ	6779	HVhi3fs	05Hmj
29	22	10		וְ/לֹֽא	c/3808	HC/Tn	05hu2
29	22	11		יַעֲלֶ֥ה	5927	HVqi3ms	05AiB
29	22	12		בָ֖/הּ	b	HR/Sp3fs	05Fem
29	22	13		כָּל	3605	HNcmsc	05KBj
29	22	14		עֵ֑שֶׂב	6212	HNcmsa	05oaV
29	22	15		כְּֽ/מַהְפֵּכַ֞ת	k/4114	HR/Ncfsc	05erH
29	22	16		סְדֹ֤ם	5467	HNp	05Ujr
29	22	17		וַ/עֲמֹרָה֙	c/6017	HC/Np	05ytK
29	22	18		אַדְמָ֣ה	126	HNp	05vaa
29	22	19	x-ketiv	ו/צביים	c/6636	HC/Np	05J3v
29	22	20		וּ/צְבוֹיִ֔ם	c/6636	HC/Np	05A35
29	22	21		אֲשֶׁר֙	834 a	HTr	05TzT
29	22	22		הָפַ֣ךְ	2015	HVqp3ms	05tgR
29	22	23		יְהוָ֔ה	3068	HNp	05KUc
29	22	24		בְּ/אַפּ֖/וֹ	b/639	HR/Ncmsc/Sp3ms	05pwv
29	22	25		וּ/בַ/חֲמָתֽ/וֹ	c/b/2534	HC/R/Ncfsc/Sp3ms	05p6F
29	23	1		וְ/אָֽמְרוּ֙	c/559	HC/Vqq3cp	05f4D
29	23	2		כָּל	3605	HNcmsc	05BZQ
29	23	3		הַ/גּוֹיִ֔ם	d/1471 a	HTd/Ncmpa	05wYZ
29	23	4		עַל	5921 a	HR	054mV
29	23	5		מֶ֨ה	4100	HTi	05gaZ
29	23	6		עָשָׂ֧ה	6213 a	HVqp3ms	05c1d
29	23	7		יְהוָ֛ה	3068	HNp	05mKZ
29	23	8		כָּ֖כָה	3602	HD	05iAd
29	23	9		לָ/אָ֣רֶץ	l/776	HRd/Ncbsa	05Txm
29	23	10		הַ/זֹּ֑את	d/2063	HTd/Pdxfs	05Xgj
29	23	11		מֶ֥ה	4100	HTi	05ufW
29	23	12		חֳרִ֛י	2750	HNcmsc	05s5d
29	23	13		הָ/אַ֥ף	d/639	HTd/Ncmsa	05j66
29	23	14		הַ/גָּד֖וֹל	d/1419 a	HTd/Aamsa	05LMw
29	23	15		הַ/זֶּֽה	d/2088	HTd/Pdxms	0565r
29	24	1		וְ/אָ֣מְר֔וּ	c/559	HC/Vqq3cp	058Ft
29	24	2		עַ֚ל	5921 a	HR	05CnH
29	24	3		אֲשֶׁ֣ר	834 a	HTr	05XiN
29	24	4		עָֽזְב֔וּ	5800 a	HVqp3cp	05aCj
29	24	5		אֶת	853	HTo	05pnG
29	24	6		בְּרִ֥ית	1285	HNcfsc	05nS1
29	24	7		יְהוָ֖ה	3068	HNp	05ZKF
29	24	8		אֱלֹהֵ֣י	430	HNcmpc	05vFE
29	24	9		אֲבֹתָ֑/ם	1	HNcmpc/Sp3mp	05znW
29	24	10		אֲשֶׁר֙	834 a	HTr	05SpV
29	24	11		כָּרַ֣ת	3772	HVqp3ms	05a57
29	24	12		עִמָּ֔/ם	5973 a	HR/Sp3mp	057eS
29	24	13		בְּ/הוֹצִיא֥/וֹ	b/3318	HR/Vhc/Sp3ms	05oaX
29	24	14		אֹתָ֖/ם	853	HTo/Sp3mp	05bxJ
29	24	15		מֵ/אֶ֥רֶץ	m/776	HR/Ncbsc	05W4L
29	24	16		מִצְרָֽיִם	4714	HNp	05HnG
29	25	1		וַ/יֵּלְכ֗וּ	c/3212	HC/Vqw3mp	05fQb
29	25	2		וַ/יַּֽעַבְדוּ֙	c/5647	HC/Vqw3mp	05c5G
29	25	3		אֱלֹהִ֣ים	430	HNcmpa	057Hc
29	25	4		אֲחֵרִ֔ים	312	HAampa	05zUt
29	25	5		וַ/יִּֽשְׁתַּחֲוּ֖וּ	c/7812	HC/Vvw3mp	057fp
29	25	6		לָ/הֶ֑ם	l	HR/Sp3mp	05mRt
29	25	7		אֱלֹהִים֙	430	HNcmpa	05mJe
29	25	8		אֲשֶׁ֣ר	834 a	HTr	05djy
29	25	9		לֹֽא	3808	HTn	05BDH
29	25	10		יְדָע֔וּ/ם	3045	HVqp3cp/Sp3mp	05E5y
29	25	11		וְ/לֹ֥א	c/3808	HC/Tn	0513M
29	25	12		חָלַ֖ק	2505 a	HVqp3ms	055aa
29	25	13		לָ/הֶֽם	l	HR/Sp3mp	05tyY
29	26	1		וַ/יִּֽחַר	c/2734	HC/Vqw3ms	05pe8
29	26	2		אַ֥ף	639	HTa	056gH
29	26	3		יְהוָ֖ה	3068	HNp	05FcE
29	26	4		בָּ/אָ֣רֶץ	b/776	HRd/Ncbsa	05uLX
29	26	5		הַ/הִ֑וא	d/1931	HTd/Pp3fs	05aAc
29	26	6		לְ/הָבִ֤יא	l/935	HR/Vhc	05EdD
29	26	7		עָלֶ֨י/הָ֙	5921 a	HR/Sp3fs	05umf
29	26	8		אֶת	853	HTo	05H7M
29	26	9		כָּל	3605	HNcmsc	05BQ6
29	26	10		הַ/קְּלָלָ֔ה	d/7045	HTd/Ncfsa	0549e
29	26	11		הַ/כְּתוּבָ֖ה	d/3789	HTd/Vqsfsa	05eLz
29	26	12		בַּ/סֵּ֥פֶר	b/5612 a	HRd/Ncmsa	05TTx
29	26	13		הַ/זֶּֽה	d/2088	HTd/Pdxms	051nU
29	27	1		וַ/יִּתְּשֵׁ֤/ם	c/5428	HC/Vqw3ms/Sp3mp	05TKa
29	27	2		יְהוָה֙	3068	HNp	05GpQ
29	27	3		מֵ/עַ֣ל	m/5921 a	HR/R	05iW1
29	27	4		אַדְמָתָ֔/ם	127	HNcfsc/Sp3mp	055it
29	27	5		בְּ/אַ֥ף	b/639	HR/Ncmsa	05uYs
29	27	6		וּ/בְ/חֵמָ֖ה	c/b/2534	HC/R/Ncfsa	05iox
29	27	7		וּ/בְ/קֶ֣צֶף	c/b/7110 a	HC/R/Ncmsa	05uf2
29	27	8		גָּד֑וֹל	1419 a	HAamsa	05LA6
29	27	9		וַ/יַּשְׁלִכֵ֛/ם	c/7993	HC/Vhw3ms/Sp3mp	05bXE
29	27	10		אֶל	413	HR	05nr3
29	27	11		אֶ֥רֶץ	776	HNcbsa	05rek
29	27	12		אַחֶ֖רֶת	312	HAafsa	05jeS
29	27	13		כַּ/יּ֥וֹם	k/3117	HRd/Ncmsa	058ff
29	27	14		הַ/זֶּֽה	d/2088	HTd/Pdxms	05Vsg
29	28	1		הַ֨/נִּסְתָּרֹ֔ת	d/5641	HTd/VNrfpa	052JF
29	28	2		לַ/יהוָ֖ה	l/3068	HR/Np	05FEc
29	28	3		אֱלֹהֵ֑י/נוּ	430	HNcmpc/Sp1cp	05rrg
29	28	4		וְ/הַ/נִּגְלֹ֞ת	c/d/1540	HC/Td/VNrfpa	05R26
29	28	5		לָ֤ׄ/נׄוּׄ	l	HR/Sp1cp	05Tog
29	28	6		וּׄ/לְׄ/בָׄנֵׄ֨יׄ/נׄוּׄ֙	c/l/1121 a	HC/R/Ncmpc/Sp1cp	05gds
29	28	7		עַד	5704	HR	05PB9
29	28	8		עוֹלָ֔ם	5769	HNcmsa	0561Y
29	28	9		לַ/עֲשׂ֕וֹת	l/6213 a	HR/Vqc	05cGF
29	28	10		אֶת	853	HTo	05Yis
29	28	11		כָּל	3605	HNcmsc	05Szh
29	28	12		דִּבְרֵ֖י	1697	HNcmpc	05n5U
29	28	13		הַ/תּוֹרָ֥ה	d/8451	HTd/Ncfsa	05azV
29	28	14		הַ/זֹּֽאת	d/2063	HTd/Pdxfs	0562s
30	1	1		וְ/הָיָה֩	c/1961	HC/Vqq3ms	05hY7
30	1	2		כִֽי	3588 a	HC	05k6Z
30	1	3		יָבֹ֨אוּ	935	HVqi3mp	05Utm
30	1	4		עָלֶ֜י/ךָ	5921 a	HR/Sp2ms	05SpF
30	1	5		כָּל	3605	HNcmsc	05NT2
30	1	6		הַ/דְּבָרִ֣ים	d/1697	HTd/Ncmpa	05Tj4
30	1	7		הָ/אֵ֗לֶּה	d/428	HTd/Pdxcp	05Zyo
30	1	8		הַ/בְּרָכָה֙	d/1293	HTd/Ncfsa	05x1j
30	1	9		וְ/הַ/קְּלָלָ֔ה	c/d/7045	HC/Td/Ncfsa	05WiY
30	1	10		אֲשֶׁ֥ר	834 a	HTr	05XNU
30	1	11		נָתַ֖תִּי	5414	HVqp1cs	053de
30	1	12		לְ/פָנֶ֑י/ךָ	l/6440	HR/Ncbpc/Sp2ms	057Ei
30	1	13		וַ/הֲשֵׁבֹתָ֙	c/7725	HC/Vhq2ms	05C6x
30	1	14		אֶל	413	HR	05p2N
30	1	15		לְבָבֶ֔/ךָ	3824	HNcmsc/Sp2ms	05TFr
30	1	16		בְּ/כָל	b/3605	HR/Ncmsc	05AZR
30	1	17		הַ/גּוֹיִ֔ם	d/1471 a	HTd/Ncmpa	05e5H
30	1	18		אֲשֶׁ֧ר	834 a	HTr	053Wt
30	1	19		הִדִּיחֲ/ךָ֛	5080	HVhp3ms/Sp2ms	05dnd
30	1	20		יְהוָ֥ה	3068	HNp	05oJo
30	1	21		אֱלֹהֶ֖י/ךָ	430	HNcmpc/Sp2ms	051DD
30	1	22		שָֽׁמָּ/ה	8033	HD/Sd	05Gnb
30	2	1		וְ/שַׁבְתָּ֞	c/7725	HC/Vqq2ms	055Up
30	2	2		עַד	5704	HR	05Mko
30	2	3		יְהוָ֤ה	3068	HNp	05Ggo
30	2	4		אֱלֹהֶ֨י/ךָ֙	430	HNcmpc/Sp2ms	05uzJ
30	2	5		וְ/שָׁמַעְתָּ֣	c/8085	HC/Vqq2ms	05LnS
30	2	6		בְ/קֹל֔/וֹ	b/6963 a	HR/Ncmsc/Sp3ms	05MKJ
30	2	7		כְּ/כֹ֛ל	k/3605	HR/Ncmsa	05Ycy
30	2	8		אֲשֶׁר	834 a	HTr	05nUn
30	2	9		אָנֹכִ֥י	595	HPp1cs	05Bnc
30	2	10		מְצַוְּ/ךָ֖	6680	HVprmsc/Sp2ms	05nsA
30	2	11		הַ/יּ֑וֹם	d/3117	HTd/Ncmsa	05roM
30	2	12		אַתָּ֣ה	859 a	HPp2ms	05Fb5
30	2	13		וּ/בָנֶ֔י/ךָ	c/1121 a	HC/Ncmpc/Sp2ms	058ft
30	2	14		בְּ/כָל	b/3605	HR/Ncmsc	053c2
30	2	15		לְבָבְ/ךָ֖	3824	HNcmsc/Sp2ms	05PDC
30	2	16		וּ/בְ/כָל	c/b/3605	HC/R/Ncmsc	05M7i
30	2	17		נַפְשֶֽׁ/ךָ	5315	HNcbsc/Sp2ms	05VDQ
30	3	1		וְ/שָׁ֨ב	c/7725	HC/Vqq3ms	05zZ1
30	3	2		יְהוָ֧ה	3068	HNp	05AkK
30	3	3		אֱלֹהֶ֛י/ךָ	430	HNcmpc/Sp2ms	05jHo
30	3	4		אֶת	853	HTo	05BoX
30	3	5		שְׁבוּתְ/ךָ֖	7622	HNcfsc/Sp2ms	05vw5
30	3	6		וְ/רִחֲמֶ֑/ךָ	c/7355	HC/Vpq3ms/Sp2ms	05oGY
30	3	7		וְ/שָׁ֗ב	c/7725	HC/Vqq3ms	05iAz
30	3	8		וְ/קִבֶּצְ/ךָ֙	c/6908	HC/Vpq3ms/Sp2ms	05VZU
30	3	9		מִ/כָּל	m/3605	HR/Ncmsc	05JDK
30	3	10		הָ֣/עַמִּ֔ים	d/5971 a	HTd/Ncmpa	05yyd
30	3	11		אֲשֶׁ֧ר	834 a	HTr	05tif
30	3	12		הֱפִֽיצְ/ךָ֛	6327 a	HVhp3ms/Sp2ms	05w4Y
30	3	13		יְהוָ֥ה	3068	HNp	05Xup
30	3	14		אֱלֹהֶ֖י/ךָ	430	HNcmpc/Sp2ms	052UZ
30	3	15		שָֽׁמָּ/ה	8033	HD/Sd	05hez
30	4	1		אִם	518 a	HC	05LnE
30	4	2		יִהְיֶ֥ה	1961	HVqi3ms	056ZN
30	4	3		נִֽדַּחֲ/ךָ֖	5080	HVNsmsc/Sp2ms	058VB
30	4	4		בִּ/קְצֵ֣ה	b/7097 a	HR/Ncbsc	05JA5
30	4	5		הַ/שָּׁמָ֑יִם	d/8064	HTd/Ncmpa	0599i
30	4	6		מִ/שָּׁ֗ם	m/8033	HR/D	05D2P
30	4	7		יְקַבֶּצְ/ךָ֙	6908	HVpi3ms/Sp2ms	057P5
30	4	8		יְהוָ֣ה	3068	HNp	056am
30	4	9		אֱלֹהֶ֔י/ךָ	430	HNcmpc/Sp2ms	05gjg
30	4	10		וּ/מִ/שָּׁ֖ם	c/m/8033	HC/R/D	05VPM
30	4	11		יִקָּחֶֽ/ךָ	3947	HVqi3ms/Sp2ms	05BcX
30	5	1		וֶ/הֱבִֽיאֲ/ךָ֞	c/935	HC/Vhq3ms/Sp2ms	05Hnb
30	5	2		יְהוָ֣ה	3068	HNp	056mL
30	5	3		אֱלֹהֶ֗י/ךָ	430	HNcmpc/Sp2ms	05WUT
30	5	4		אֶל	413	HR	05BGz
30	5	5		הָ/אָ֛רֶץ	d/776	HTd/Ncbsa	05WYZ
30	5	6		אֲשֶׁר	834 a	HTr	05zQP
30	5	7		יָרְשׁ֥וּ	3423	HVqp3cp	05FH2
30	5	8		אֲבֹתֶ֖י/ךָ	1	HNcmpc/Sp2ms	05pBT
30	5	9		וִֽ/ירִשְׁתָּ֑/הּ	c/3423	HC/Vqq2ms/Sp3fs	05tuS
30	5	10		וְ/הֵיטִֽבְ/ךָ֥	c/3190	HC/Vhq3ms/Sp2ms	05YpS
30	5	11		וְ/הִרְבְּ/ךָ֖	c/7235 a	HC/Vhq3ms/Sp2ms	055wt
30	5	12		מֵ/אֲבֹתֶֽי/ךָ	m/1	HR/Ncmpc/Sp2ms	05wee
30	6	1		וּ/מָ֨ל	c/4135 a	HC/Vqq3ms	05TLG
30	6	2		יְהוָ֧ה	3068	HNp	051Tm
30	6	3		אֱלֹהֶ֛י/ךָ	430	HNcmpc/Sp2ms	056vW
30	6	4		אֶת	853	HTo	05ZsD
30	6	5		לְבָבְ/ךָ֖	3824	HNcmsc/Sp2ms	05JYt
30	6	6		וְ/אֶת	c/853	HC/To	05ivT
30	6	7		לְבַ֣ב	3824	HNcmsc	05tkX
30	6	8		זַרְעֶ֑/ךָ	2233	HNcmsc/Sp2ms	05cEe
30	6	9		לְ/אַהֲבָ֞ה	l/157	HR/Vqc	05NyF
30	6	10		אֶת	853	HTo	05Jn9
30	6	11		יְהוָ֧ה	3068	HNp	05SDx
30	6	12		אֱלֹהֶ֛י/ךָ	430	HNcmpc/Sp2ms	05xLk
30	6	13		בְּ/כָל	b/3605	HR/Ncmsc	05VnY
30	6	14		לְבָבְ/ךָ֥	3824	HNcmsc/Sp2ms	05zxL
30	6	15		וּ/בְ/כָל	c/b/3605	HC/R/Ncmsc	05yh4
30	6	16		נַפְשְׁ/ךָ֖	5315	HNcbsc/Sp2ms	05dw2
30	6	17		לְמַ֥עַן	4616	HR	05PjV
30	6	18		חַיֶּֽי/ךָ	2416 e	HNcmpc/Sp2ms	05u6r
30	7	1		וְ/נָתַן֙	c/5414	HC/Vqq3ms	05Tua
30	7	2		יְהוָ֣ה	3068	HNp	05q4m
30	7	3		אֱלֹהֶ֔י/ךָ	430	HNcmpc/Sp2ms	05RYp
30	7	4		אֵ֥ת	853	HTo	05Myk
30	7	5		כָּל	3605	HNcmsc	05azP
30	7	6		הָ/אָל֖וֹת	d/423	HTd/Ncfpa	05zrS
30	7	7		הָ/אֵ֑לֶּה	d/428	HTd/Pdxcp	054iQ
30	7	8		עַל	5921 a	HR	05LkR
30	7	9		אֹיְבֶ֥י/ךָ	341	HVqrmpc/Sp2ms	05m7t
30	7	10		וְ/עַל	c/5921 a	HC/R	05TWP
30	7	11		שֹׂנְאֶ֖י/ךָ	8130	HVqrmpc/Sp2ms	052Ny
30	7	12		אֲשֶׁ֥ר	834 a	HTr	05MgK
30	7	13		רְדָפֽוּ/ךָ	7291	HVqp3cp/Sp2ms	05u89
30	8	1		וְ/אַתָּ֣ה	c/859 a	HC/Pp2ms	05zS5
30	8	2		תָשׁ֔וּב	7725	HVqi2ms	05peW
30	8	3		וְ/שָׁמַעְתָּ֖	c/8085	HC/Vqq2ms	05ks1
30	8	4		בְּ/ק֣וֹל	b/6963 a	HR/Ncmsc	05HPH
30	8	5		יְהוָ֑ה	3068	HNp	05PwP
30	8	6		וְ/עָשִׂ֨יתָ֙	c/6213 a	HC/Vqq2ms	05w37
30	8	7		אֶת	853	HTo	05edk
30	8	8		כָּל	3605	HNcmsc	05LDv
30	8	9		מִצְוֺתָ֔י/ו	4687	HNcfpc/Sp3ms	053qJ
30	8	10		אֲשֶׁ֛ר	834 a	HTr	0588s
30	8	11		אָנֹכִ֥י	595	HPp1cs	0594v
30	8	12		מְצַוְּ/ךָ֖	6680	HVprmsc/Sp2ms	05VFD
30	8	13		הַ/יּֽוֹם	d/3117	HTd/Ncmsa	0589K
30	9	1		וְ/הוֹתִֽירְ/ךָ֩	c/3498	HC/Vhq3ms/Sp2ms	058hv
30	9	2		יְהוָ֨ה	3068	HNp	05pTK
30	9	3		אֱלֹהֶ֜י/ךָ	430	HNcmpc/Sp2ms	05Rix
30	9	4		בְּ/כֹ֣ל	b/3605	HR/Ncmsc	05tax
30	9	5		מַעֲשֵׂ֣ה	4639	HNcmsc	05dYC
30	9	6		יָדֶ֗/ךָ	3027	HNcbsc/Sp2ms	05zug
30	9	7		בִּ/פְרִ֨י	b/6529	HR/Ncmsc	05e5y
30	9	8		בִטְנְ/ךָ֜	990	HNcfsc/Sp2ms	05pKG
30	9	9		וּ/בִ/פְרִ֧י	c/b/6529	HC/R/Ncmsc	05NwQ
30	9	10		בְהֶמְתְּ/ךָ֛	929	HNcfsc/Sp2ms	05AWa
30	9	11		וּ/בִ/פְרִ֥י	c/b/6529	HC/R/Ncmsc	054gH
30	9	12		אַדְמָתְ/ךָ֖	127	HNcfsc/Sp2ms	05MUW
30	9	13		לְ/טוֹבָ֑ה	l/2896 c	HR/Aafsa	055Hc
30	9	14		כִּ֣י	3588 a	HC	051fg
30	9	15		יָשׁ֣וּב	7725	HVqi3ms	05dd8
30	9	16		יְהוָ֗ה	3068	HNp	05oMS
30	9	17		לָ/שׂ֤וּשׂ	l/7797	HR/Vqc	05h6p
30	9	18		עָלֶ֨י/ךָ֙	5921 a	HR/Sp2ms	05iaC
30	9	19		לְ/ט֔וֹב	l/2896 a	HR/Aamsa	05Tve
30	9	20		כַּ/אֲשֶׁר	k/834 d	HR/Tr	05XkU
30	9	21		שָׂ֖שׂ	7797	HVqp3ms	05ga6
30	9	22		עַל	5921 a	HR	051sG
30	9	23		אֲבֹתֶֽי/ךָ	1	HNcmpc/Sp2ms	05DbS
30	10	1		כִּ֣י	3588 a	HC	05EX3
30	10	2		תִשְׁמַ֗ע	8085	HVqi2ms	05vV1
30	10	3		בְּ/קוֹל֙	b/6963 a	HR/Ncmsc	05TgW
30	10	4		יְהוָ֣ה	3068	HNp	05h45
30	10	5		אֱלֹהֶ֔י/ךָ	430	HNcmpc/Sp2ms	05fo7
30	10	6		לִ/שְׁמֹ֤ר	l/8104	HR/Vqc	05jzD
30	10	7		מִצְוֺתָי/ו֙	4687	HNcfpc/Sp3ms	05nC5
30	10	8		וְ/חֻקֹּתָ֔י/ו	c/2708	HC/Ncbpc/Sp3ms	05WeN
30	10	9		הַ/כְּתוּבָ֕ה	d/3789	HTd/Vqsfsa	05av4
30	10	10		בְּ/סֵ֥פֶר	b/5612 a	HR/Ncmsc	05SvH
30	10	11		הַ/תּוֹרָ֖ה	d/8451	HTd/Ncfsa	05o89
30	10	12		הַ/זֶּ֑ה	d/2088	HTd/Pdxms	05XZQ
30	10	13		כִּ֤י	3588 a	HC	05kv8
30	10	14		תָשׁוּב֙	7725	HVqi2ms	05YBk
30	10	15		אֶל	413	HR	05TdR
30	10	16		יְהוָ֣ה	3068	HNp	05oaY
30	10	17		אֱלֹהֶ֔י/ךָ	430	HNcmpc/Sp2ms	05aBd
30	10	18		בְּ/כָל	b/3605	HR/Ncmsc	05Cc4
30	10	19		לְבָבְ/ךָ֖	3824	HNcmsc/Sp2ms	05jcN
30	10	20		וּ/בְ/כָל	c/b/3605	HC/R/Ncmsc	05WLo
30	10	21		נַפְשֶֽׁ/ךָ	5315	HNcbsc/Sp2ms	058cp
30	11	1		כִּ֚י	3588 a	HC	05vj4
30	11	2		הַ/מִּצְוָ֣ה	d/4687	HTd/Ncfsa	059hh
30	11	3		הַ/זֹּ֔את	d/2063	HTd/Pdxfs	05bCu
30	11	4		אֲשֶׁ֛ר	834 a	HTr	05276
30	11	5		אָנֹכִ֥י	595	HPp1cs	05vFH
30	11	6		מְצַוְּ/ךָ֖	6680	HVprmsc/Sp2ms	05uyN
30	11	7		הַ/יּ֑וֹם	d/3117	HTd/Ncmsa	05SAa
30	11	8		לֹֽא	3808	HTn	05GYU
30	11	9		נִפְלֵ֥את	6381	HVNrfsa	05Q9z
30	11	10		הִוא֙	1931	HPp3fs	056wc
30	11	11		מִמְּ/ךָ֔	4480 a	HR/Sp2ms	054q8
30	11	12		וְ/לֹ֥א	c/3808	HC/Tn	05dBW
30	11	13		רְחֹקָ֖ה	7350	HAafsa	05Qg7
30	11	14		הִֽוא	1931	HPp3fs	05bvk
30	12	1		לֹ֥א	3808	HTn	05rRc
30	12	2		בַ/שָּׁמַ֖יִם	b/8064	HRd/Ncmda	058RM
30	12	3		הִ֑וא	1931	HPp3fs	05Sp7
30	12	4		לֵ/אמֹ֗ר	l/559	HR/Vqc	054mz
30	12	5		מִ֣י	4310	HTi	05vkS
30	12	6		יַעֲלֶה	5927	HVqi3ms	05mZn
30	12	7		לָּ֤/נוּ	l	HR/Sp1cp	05yFP
30	12	8		הַ/שָּׁמַ֨יְמָ/ה֙	d/8064	HTd/Ncmpa/Sd	051RM
30	12	9		וְ/יִקָּחֶ֣/הָ	c/3947	HC/Vqi3ms/Sp3fs	05yW8
30	12	10		לָּ֔/נוּ	l	HR/Sp1cp	05fAj
30	12	11		וְ/יַשְׁמִעֵ֥/נוּ	c/8085	HC/Vhi3ms/Sp1cp	053vF
30	12	12		אֹתָ֖/הּ	853	HTo/Sp3fs	05fGj
30	12	13		וְ/נַעֲשֶֽׂ/נָּה	c/6213 a	HC/Vqh1cp/Sp3fs	05sUu
30	13	1		וְ/לֹֽא	c/3808	HC/Tn	05kfm
30	13	2		מֵ/עֵ֥בֶר	m/5676	HR/Ncmsa	05Lt1
30	13	3		לַ/יָּ֖ם	l/3220	HRd/Ncmsa	05Jz7
30	13	4		הִ֑וא	1931	HPp3fs	05Kwe
30	13	5		לֵ/אמֹ֗ר	l/559	HR/Vqc	05w78
30	13	6		מִ֣י	4310	HTi	05dSD
30	13	7		יַעֲבָר	5674 a	HVqi3ms	052u5
30	13	8		לָ֜/נוּ	l	HR/Sp1cp	05tLk
30	13	9		אֶל	413	HR	052aG
30	13	10		עֵ֤בֶר	5676	HNcmsc	05wgJ
30	13	11		הַ/יָּם֙	d/3220	HTd/Ncmsa	05Uik
30	13	12		וְ/יִקָּחֶ֣/הָ	c/3947	HC/Vqi3ms/Sp3fs	05AHF
30	13	13		לָּ֔/נוּ	l	HR/Sp1cp	05ffD
30	13	14		וְ/יַשְׁמִעֵ֥/נוּ	c/8085	HC/Vhi3ms/Sp1cp	05MV5
30	13	15		אֹתָ֖/הּ	853	HTo/Sp3fs	05efi
30	13	16		וְ/נַעֲשֶֽׂ/נָּה	c/6213 a	HC/Vqi1cp/Sp3fs	05dEn
30	14	1		כִּֽי	3588 a	HC	05RJR
30	14	2		קָר֥וֹב	7138	HAamsa	05CSj
30	14	3		אֵלֶ֛י/ךָ	413	HR/Sp2ms	05Rer
30	14	4		הַ/דָּבָ֖ר	d/1697	HTd/Ncmsa	05H3T
30	14	5		מְאֹ֑ד	3966	HD	05kfu
30	14	6		בְּ/פִ֥י/ךָ	b/6310	HR/Ncmsc/Sp2ms	05K5e
30	14	7		וּ/בִֽ/לְבָבְ/ךָ֖	c/b/3824	HC/R/Ncmsc/Sp2ms	051jJ
30	14	8		לַ/עֲשֹׂתֽ/וֹ	l/6213 a	HR/Vqc/Sp3ms	05MQK
30	15	1		רְאֵ֨ה	7200	HVqv2ms	05yd9
30	15	2		נָתַ֤תִּי	5414	HVqp1cs	05G5H
30	15	3		לְ/פָנֶ֨י/ךָ֙	l/6440	HR/Ncbpc/Sp2ms	05WCw
30	15	4		הַ/יּ֔וֹם	d/3117	HTd/Ncmsa	05cXU
30	15	5		אֶת	853	HTo	05xF3
30	15	6		הַֽ/חַיִּ֖ים	d/2416 e	HTd/Ncmpa	05hSt
30	15	7		וְ/אֶת	c/853	HC/To	051k6
30	15	8		הַ/טּ֑וֹב	d/2896 b	HTd/Aamsa	05gpE
30	15	9		וְ/אֶת	c/853	HC/To	05Njg
30	15	10		הַ/מָּ֖וֶת	d/4194	HTd/Ncmsa	05KqF
30	15	11		וְ/אֶת	c/853	HC/To	05Cth
30	15	12		הָ/רָֽע	d/7451 b	HTd/Aamsa	05PE6
30	16	1		אֲשֶׁ֨ר	834 a	HTr	05kuL
30	16	2		אָנֹכִ֣י	595	HPp1cs	05a5e
30	16	3		מְצַוְּ/ךָ֮	6680	HVprmsc/Sp2ms	05fK8
30	16	4		הַ/יּוֹם֒	d/3117	HTd/Ncmsa	05NLp
30	16	5		לְ/אַהֲבָ֞ה	l/157	HR/Vqc	05dD3
30	16	6		אֶת	853	HTo	05yys
30	16	7		יְהוָ֤ה	3068	HNp	05CW6
30	16	8		אֱלֹהֶ֨י/ךָ֙	430	HNcmpc/Sp2ms	05qkF
30	16	9		לָ/לֶ֣כֶת	l/3212	HR/Vqc	05aTU
30	16	10		בִּ/דְרָכָ֔י/ו	b/1870	HR/Ncbpc/Sp3ms	05R6q
30	16	11		וְ/לִ/שְׁמֹ֛ר	c/l/8104	HC/R/Vqc	05Zwe
30	16	12		מִצְוֺתָ֥י/ו	4687	HNcfpc/Sp3ms	05z3S
30	16	13		וְ/חֻקֹּתָ֖י/ו	c/2708	HC/Ncbpc/Sp3ms	05dY7
30	16	14		וּ/מִשְׁפָּטָ֑י/ו	c/4941	HC/Ncmpc/Sp3ms	05KzT
30	16	15		וְ/חָיִ֣יתָ	c/2421	HC/Vqq2ms	05wc7
30	16	16		וְ/רָבִ֔יתָ	c/7235 a	HC/Vqq2ms	05NsJ
30	16	17		וּ/בֵֽרַכְ/ךָ֙	c/1288	HC/Vpq3ms/Sp2ms	05nob
30	16	18		יְהוָ֣ה	3068	HNp	05TUK
30	16	19		אֱלֹהֶ֔י/ךָ	430	HNcmpc/Sp2ms	05Xmz
30	16	20		בָּ/אָ֕רֶץ	b/776	HRd/Ncbsa	05nXY
30	16	21		אֲשֶׁר	834 a	HTr	05YTe
30	16	22		אַתָּ֥ה	859 a	HPp2ms	05Tf1
30	16	23		בָא	935	HVqrmsa	05a5y
30	16	24		שָׁ֖מָּ/ה	8033	HD/Sd	05yon
30	16	25		לְ/רִשְׁתָּֽ/הּ	l/3423	HR/Vqc/Sp3fs	05DMd
30	17	1		וְ/אִם	c/518 a	HC/C	05qbq
30	17	2		יִפְנֶ֥ה	6437	HVqi3ms	05Vzu
30	17	3		לְבָבְ/ךָ֖	3824	HNcmsc/Sp2ms	05xVc
30	17	4		וְ/לֹ֣א	c/3808	HC/Tn	05Aiw
30	17	5		תִשְׁמָ֑ע	8085	HVqi2ms	05p7J
30	17	6		וְ/נִדַּחְתָּ֗	c/5080	HC/VNq2ms	054Lf
30	17	7		וְ/הִֽשְׁתַּחֲוִ֛יתָ	c/7812	HC/Vvq2ms	05HAL
30	17	8		לֵ/אלֹהִ֥ים	l/430	HR/Ncmpa	05HfQ
30	17	9		אֲחֵרִ֖ים	312	HAampa	05xzy
30	17	10		וַ/עֲבַדְתָּֽ/ם	c/5647	HC/Vqq2ms/Sp3mp	05LZM
30	18	1		הִגַּ֤דְתִּי	5046	HVhp1cs	05ohM
30	18	2		לָ/כֶם֙	l	HR/Sp2mp	05P6u
30	18	3		הַ/יּ֔וֹם	d/3117	HTd/Ncmsa	05Rzb
30	18	4		כִּ֥י	3588 a	HC	056WD
30	18	5		אָבֹ֖ד	6	HVqa	055XD
30	18	6		תֹּאבֵד֑וּ/ן	6	HVqi2mp/Sn	05p35
30	18	7		לֹא	3808	HTn	05a2S
30	18	8		תַאֲרִיכֻ֤/ן	748	HVhi2mp/Sn	05ZtH
30	18	9		יָמִים֙	3117	HNcmpa	05XmL
30	18	10		עַל	5921 a	HR	05oak
30	18	11		הָ֣/אֲדָמָ֔ה	d/127	HTd/Ncfsa	05kH9
30	18	12		אֲשֶׁ֨ר	834 a	HTr	05yBS
30	18	13		אַתָּ֤ה	859 a	HPp2ms	05JfZ
30	18	14		עֹבֵר֙	5674 a	HVqrmsa	05SuH
30	18	15		אֶת	853	HTo	05syb
30	18	16		הַ/יַּרְדֵּ֔ן	d/3383	HTd/Np	05k5p
30	18	17		לָ/בֹ֥א	l/935	HR/Vqc	05MPV
30	18	18		שָׁ֖מָּ/ה	8033	HD/Sd	05Yuz
30	18	19		לְ/רִשְׁתָּֽ/הּ	l/3423	HR/Vqc/Sp3fs	05Qyj
30	19	1		הַעִידֹ֨תִי	5749 b	HVhp1cs	05ckY
30	19	2		בָ/כֶ֣ם	b	HR/Sp2mp	05VP4
30	19	3		הַ/יּוֹם֮	d/3117	HTd/Ncmsa	05zye
30	19	4		אֶת	853	HTo	05ksM
30	19	5		הַ/שָּׁמַ֣יִם	d/8064	HTd/Ncmpa	05faJ
30	19	6		וְ/אֶת	c/853	HC/To	05HBJ
30	19	7		הָ/אָרֶץ֒	d/776	HTd/Ncbsa	05tiC
30	19	8		הַ/חַיִּ֤ים	d/2416 e	HTd/Ncmpa	053P7
30	19	9		וְ/הַ/מָּ֨וֶת֙	c/d/4194	HC/Td/Ncmsa	05ANV
30	19	10		נָתַ֣תִּי	5414	HVqp1cs	05ALK
30	19	11		לְ/פָנֶ֔י/ךָ	l/6440	HR/Ncbpc/Sp2ms	05NfA
30	19	12		הַ/בְּרָכָ֖ה	d/1293	HTd/Ncfsa	05Y9r
30	19	13		וְ/הַ/קְּלָלָ֑ה	c/d/7045	HC/Td/Ncfsa	05GLX
30	19	14		וּ/בָֽחַרְתָּ֙	c/977	HC/Vqq2ms	05WzM
30	19	15		בַּֽ/חַיִּ֔ים	b/2416 e	HRd/Ncmpa	05TYq
30	19	16		לְמַ֥עַן	4616	HR	05oP4
30	19	17		תִּחְיֶ֖ה	2421	HVqi2ms	05qMJ
30	19	18		אַתָּ֥ה	859 a	HPp2ms	05Tpp
30	19	19		וְ/זַרְעֶֽ/ךָ	c/2233	HC/Ncmsc/Sp2ms	059zg
30	20	1		לְ/אַֽהֲבָה֙	l/157	HR/Vqc	05yJX
30	20	2		אֶת	853	HTo	05nwp
30	20	3		יְהוָ֣ה	3068	HNp	05eaA
30	20	4		אֱלֹהֶ֔י/ךָ	430	HNcmpc/Sp2ms	05B3T
30	20	5		לִ/שְׁמֹ֥עַ	l/8085	HR/Vqc	05WXq
30	20	6		בְּ/קֹל֖/וֹ	b/6963 a	HR/Ncmsc/Sp3ms	05qVy
30	20	7		וּ/לְ/דָבְקָה	c/l/1692	HC/R/Vqc	05X7q
30	20	8		ב֑/וֹ	b	HR/Sp3ms	05qui
30	20	9		כִּ֣י	3588 a	HC	05ubC
30	20	10		ה֤וּא	1931	HPp3ms	05pa4
30	20	11		חַיֶּ֨י/ךָ֙	2416 e	HNcmpc/Sp2ms	05AQt
30	20	12		וְ/אֹ֣רֶךְ	c/753	HC/Ncmsc	05now
30	20	13		יָמֶ֔י/ךָ	3117	HNcmpc/Sp2ms	05FXk
30	20	14		לָ/שֶׁ֣בֶת	l/3427	HR/Vqc	05WLh
30	20	15		עַל	5921 a	HR	05dfo
30	20	16		הָ/אֲדָמָ֗ה	d/127	HTd/Ncfsa	05rES
30	20	17		אֲשֶׁר֩	834 a	HTr	05DAV
30	20	18		נִשְׁבַּ֨ע	7650	HVNp3ms	05y1x
30	20	19		יְהוָ֧ה	3068	HNp	053Db
30	20	20		לַ/אֲבֹתֶ֛י/ךָ	l/1	HR/Ncmpc/Sp2ms	05MVF
30	20	21		לְ/אַבְרָהָ֛ם	l/85	HR/Np	05Uj5
30	20	22		לְ/יִצְחָ֥ק	l/3327	HR/Np	05qeu
30	20	23		וּֽ/לְ/יַעֲקֹ֖ב	c/l/3290	HC/R/Np	05PAM
30	20	24		לָ/תֵ֥ת	l/5414	HR/Vqc	05cvo
30	20	25		לָ/הֶֽם	l	HR/Sp3mp	05BzB
31	1	1		וַ/יֵּ֖לֶךְ	c/3212	HC/Vqw3ms	05PwH
31	1	2		מֹשֶׁ֑ה	4872	HNp	053qA
31	1	3		וַ/יְדַבֵּ֛ר	c/1696	HC/Vpw3ms	05J84
31	1	4		אֶת	853	HTo	05oVs
31	1	5		הַ/דְּבָרִ֥ים	d/1697	HTd/Ncmpa	05ZDj
31	1	6		הָ/אֵ֖לֶּה	d/428	HTd/Pdxcp	05kEE
31	1	7		אֶל	413	HR	05FcP
31	1	8		כָּל	3605	HNcmsc	05jgJ
31	1	9		יִשְׂרָאֵֽל	3478	HNp	0551g
31	2	1		וַ/יֹּ֣אמֶר	c/559	HC/Vqw3ms	05Nm1
31	2	2		אֲלֵ/הֶ֗ם	413	HR/Sp3mp	05TWv
31	2	3		בֶּן	1121 a	HNcmsc	05stM
31	2	4		מֵאָה֩	3967	HAcbsa	05N4B
31	2	5		וְ/עֶשְׂרִ֨ים	c/6242	HC/Acbpa	052Wa
31	2	6		שָׁנָ֤ה	8141	HNcfsa	058mM
31	2	7		אָנֹכִי֙	595	HPp1cs	05egy
31	2	8		הַ/יּ֔וֹם	d/3117	HTd/Ncmsa	05XYS
31	2	9		לֹא	3808	HTn	05doK
31	2	10		אוּכַ֥ל	3201	HVqi1cs	05wo3
31	2	11		ע֖וֹד	5750	HD	05UQM
31	2	12		לָ/צֵ֣את	l/3318	HR/Vqc	058qk
31	2	13		וְ/לָ/ב֑וֹא	c/l/935	HC/R/Vqc	05hAR
31	2	14		וַֽ/יהוָה֙	c/3068	HC/Np	05YFo
31	2	15		אָמַ֣ר	559	HVqp3ms	057r6
31	2	16		אֵלַ֔/י	413	HR/Sp1cs	05Umb
31	2	17		לֹ֥א	3808	HTn	05uuo
31	2	18		תַעֲבֹ֖ר	5674 a	HVqi2ms	05bDs
31	2	19		אֶת	853	HTo	05Qen
31	2	20		הַ/יַּרְדֵּ֥ן	d/3383	HTd/Np	05Xe2
31	2	21		הַ/זֶּֽה	d/2088	HTd/Pdxms	05kJs
31	3	1		יְהוָ֨ה	3068	HNp	05P5j
31	3	2		אֱלֹהֶ֜י/ךָ	430	HNcmpc/Sp2ms	05ZTo
31	3	3		ה֣וּא	1931	HPp3ms	05Vmy
31	3	4		עֹבֵ֣ר	5674 a	HVqrmsa	05zG3
31	3	5		לְ/פָנֶ֗י/ךָ	l/6440	HR/Ncbpc/Sp2ms	05GBJ
31	3	6		הֽוּא	1931	HPp3ms	05UGN
31	3	7		יַשְׁמִ֞יד	8045	HVhi3ms	05pWa
31	3	8		אֶת	853	HTo	05psm
31	3	9		הַ/גּוֹיִ֥ם	d/1471 a	HTd/Ncmpa	05oGb
31	3	10		הָ/אֵ֛לֶּה	d/428	HTd/Pdxcp	057UP
31	3	11		מִ/לְּ/פָנֶ֖י/ךָ	m/l/6440	HR/R/Ncbpc/Sp2ms	05iKq
31	3	12		וִֽ/ירִשְׁתָּ֑/ם	c/3423	HC/Vqq2ms/Sp3mp	051sn
31	3	13		יְהוֹשֻׁ֗עַ	3091	HNp	05yfG
31	3	14		ה֚וּא	1931	HPp3ms	05Tfh
31	3	15		עֹבֵ֣ר	5674 a	HVqrmsa	05AzH
31	3	16		לְ/פָנֶ֔י/ךָ	l/6440	HR/Ncbpc/Sp2ms	05JvB
31	3	17		כַּ/אֲשֶׁ֖ר	k/834 d	HR/Tr	05WTH
31	3	18		דִּבֶּ֥ר	1696	HVpp3ms	05LRw
31	3	19		יְהוָֽה	3068	HNp	05Z9W
31	4	1		וְ/עָשָׂ֤ה	c/6213 a	HC/Vqq3ms	054WA
31	4	2		יְהוָה֙	3068	HNp	05Xmm
31	4	3		לָ/הֶ֔ם	l	HR/Sp3mp	05P4w
31	4	4		כַּ/אֲשֶׁ֣ר	k/834 d	HR/Tr	05sLZ
31	4	5		עָשָׂ֗ה	6213 a	HVqp3ms	05deJ
31	4	6		לְ/סִיח֥וֹן	l/5511	HR/Np	05d24
31	4	7		וּ/לְ/ע֛וֹג	c/l/5747	HC/R/Np	05TPJ
31	4	8		מַלְכֵ֥י	4428	HNcmpc	05Gjo
31	4	9		הָ/אֱמֹרִ֖י	d/567	HTd/Ngmsa	05FrP
31	4	10		וּ/לְ/אַרְצָ֑/ם	c/l/776	HC/R/Ncbsc/Sp3mp	059Jc
31	4	11		אֲשֶׁ֥ר	834 a	HTr	05uCZ
31	4	12		הִשְׁמִ֖יד	8045	HVhp3ms	05XAT
31	4	13		אֹתָֽ/ם	853	HTo/Sp3mp	051DF
31	5	1		וּ/נְתָנָ֥/ם	c/5414	HC/Vqq3ms/Sp3mp	05Bh3
31	5	2		יְהוָ֖ה	3068	HNp	05eTr
31	5	3		לִ/פְנֵי/כֶ֑ם	l/6440	HR/Ncbpc/Sp2mp	05ks2
31	5	4		וַ/עֲשִׂיתֶ֣ם	c/6213 a	HC/Vqq2mp	05uA4
31	5	5		לָ/הֶ֔ם	l	HR/Sp3mp	05ShW
31	5	6		כְּ/כָל	k/3605	HR/Ncmsc	05k88
31	5	7		הַ/מִּצְוָ֔ה	d/4687	HTd/Ncfsa	05PiS
31	5	8		אֲשֶׁ֥ר	834 a	HTr	05xJN
31	5	9		צִוִּ֖יתִי	6680	HVpp1cs	05Y2n
31	5	10		אֶתְ/כֶֽם	853	HTo/Sp2mp	05Jmy
31	6	1		חִזְק֣וּ	2388	HVqv2mp	05GbY
31	6	2		וְ/אִמְצ֔וּ	c/553	HC/Vqv2mp	05Zwd
31	6	3		אַל	408	HTn	05FTW
31	6	4		תִּֽירְא֥וּ	3372	HVqj2mp	05WPw
31	6	5		וְ/אַל	c/408	HC/Tn	05s8U
31	6	6		תַּעַרְצ֖וּ	6206	HVqj2mp	059jH
31	6	7		מִ/פְּנֵי/הֶ֑ם	m/6440	HR/Ncbpc/Sp3mp	05ZJk
31	6	8		כִּ֣י	3588 a	HC	05aaq
31	6	9		יְהוָ֣ה	3068	HNp	05D9J
31	6	10		אֱלֹהֶ֗י/ךָ	430	HNcmpc/Sp2ms	05At4
31	6	11		ה֚וּא	1931	HPp3ms	05pFw
31	6	12		הַ/הֹלֵ֣ךְ	d/1980	HTd/Vqrmsa	05pAn
31	6	13		עִמָּ֔/ךְ	5973 a	HR/Sp2fs	05V8L
31	6	14		לֹ֥א	3808	HTn	05SFr
31	6	15		יַרְפְּ/ךָ֖	7503	HVhi3ms/Sp2ms	05pAx
31	6	16		וְ/לֹ֥א	c/3808	HC/Tn	056L8
31	6	17		יַעַזְבֶֽ/ךָּ	5800 a	HVqi3ms/Sp2ms	05EuB
31	7	1		וַ/יִּקְרָ֨א	c/7121	HC/Vqw3ms	05Eip
31	7	2		מֹשֶׁ֜ה	4872	HNp	05G8i
31	7	3		לִֽ/יהוֹשֻׁ֗עַ	l/3091	HR/Np	05yLr
31	7	4		וַ/יֹּ֨אמֶר	c/559	HC/Vqw3ms	05D3Q
31	7	5		אֵלָ֜י/ו	413	HR/Sp3ms	05gLX
31	7	6		לְ/עֵינֵ֣י	l/5869 a	HR/Ncbdc	05Rmf
31	7	7		כָל	3605	HNcmsc	05tit
31	7	8		יִשְׂרָאֵ֘ל	3478	HNp	05hSB
31	7	9		חֲזַ֣ק	2388	HVqv2ms	05tFY
31	7	10		וֶ/אֱמָץ֒	c/553	HC/Vqv2ms	05Rr1
31	7	11		כִּ֣י	3588 a	HC	05Hbx
31	7	12		אַתָּ֗ה	859 a	HPp2ms	05etn
31	7	13		תָּבוֹא֙	935	HVqi2ms	05JAN
31	7	14		אֶת	854	HR	05R6s
31	7	15		הָ/עָ֣ם	d/5971 a	HTd/Ncmsa	05Wy4
31	7	16		הַ/זֶּ֔ה	d/2088	HTd/Pdxms	05869
31	7	17		אֶל	413	HR	05954
31	7	18		הָ/אָ֕רֶץ	d/776	HTd/Ncbsa	05wLC
31	7	19		אֲשֶׁ֨ר	834 a	HTr	05ZBr
31	7	20		נִשְׁבַּ֧ע	7650	HVNp3ms	05zbk
31	7	21		יְהוָ֛ה	3068	HNp	05o1G
31	7	22		לַ/אֲבֹתָ֖/ם	l/1	HR/Ncmpc/Sp3mp	05DM7
31	7	23		לָ/תֵ֣ת	l/5414	HR/Vqc	05D7s
31	7	24		לָ/הֶ֑ם	l	HR/Sp3mp	05exS
31	7	25		וְ/אַתָּ֖ה	c/859 a	HC/Pp2ms	05xpZ
31	7	26		תַּנְחִילֶ֥/נָּה	5157	HVhi2ms/Sp3fs	05x95
31	7	27		אוֹתָֽ/ם	853	HTo/Sp3mp	05qX6
31	8	1		וַֽ/יהוָ֞ה	c/3068	HC/Np	05eNN
31	8	2		ה֣וּא	1931	HPp3ms	05PWp
31	8	3		הַ/הֹלֵ֣ךְ	d/1980	HTd/Vqrmsa	053LH
31	8	4		לְ/פָנֶ֗י/ךָ	l/6440	HR/Ncbpc/Sp2ms	05ecq
31	8	5		ה֚וּא	1931	HPp3ms	05hUd
31	8	6		יִהְיֶ֣ה	1961	HVqi3ms	0552X
31	8	7		עִמָּ֔/ךְ	5973 a	HR/Sp2fs	057WR
31	8	8		לֹ֥א	3808	HTn	059yL
31	8	9		יַרְפְּ/ךָ֖	7503	HVhi3ms/Sp2ms	05nZ2
31	8	10		וְ/לֹ֣א	c/3808	HC/Tn	05sk9
31	8	11		יַֽעַזְבֶ֑/ךָּ	5800 a	HVqi3ms/Sp2ms	05FK9
31	8	12		לֹ֥א	3808	HTn	056dr
31	8	13		תִירָ֖א	3372	HVqi2ms	05UCY
31	8	14		וְ/לֹ֥א	c/3808	HC/Tn	05fgw
31	8	15		תֵחָֽת	2865	HVNi2ms	05nVy
31	9	1		וַ/יִּכְתֹּ֣ב	c/3789	HC/Vqw3ms	05KPw
31	9	2		מֹשֶׁה֮	4872	HNp	05pjN
31	9	3		אֶת	853	HTo	05DLD
31	9	4		הַ/תּוֹרָ֣ה	d/8451	HTd/Ncfsa	05Jf1
31	9	5		הַ/זֹּאת֒	d/2063	HTd/Pdxfs	053YY
31	9	6		וַֽ/יִּתְּנָ֗/הּ	c/5414	HC/Vqw3ms/Sp3fs	055np
31	9	7		אֶל	413	HR	05kyD
31	9	8		הַ/כֹּהֲנִים֙	d/3548	HTd/Ncmpa	05cTB
31	9	9		בְּנֵ֣י	1121 a	HNcmpc	05xdg
31	9	10		לֵוִ֔י	3878	HNp	05Rp3
31	9	11		הַ/נֹּ֣שְׂאִ֔ים	d/5375	HTd/Vqrmpa	05riy
31	9	12		אֶת	853	HTo	0565F
31	9	13		אֲר֖וֹן	727	HNcbsc	05qmk
31	9	14		בְּרִ֣ית	1285	HNcfsc	05YgE
31	9	15		יְהוָ֑ה	3068	HNp	05Q1E
31	9	16		וְ/אֶל	c/413	HC/R	05Y3X
31	9	17		כָּל	3605	HNcmsc	05nBU
31	9	18		זִקְנֵ֖י	2205	HAampc	05Ske
31	9	19		יִשְׂרָאֵֽל	3478	HNp	05QPL
31	10	1		וַ/יְצַ֥ו	c/6680	HC/Vpw3ms	05B38
31	10	2		מֹשֶׁ֖ה	4872	HNp	05x1b
31	10	3		אוֹתָ֣/ם	853	HTo/Sp3mp	05did
31	10	4		לֵ/אמֹ֑ר	l/559	HR/Vqc	05Deu
31	10	5		מִ/קֵּ֣ץ	m/7093	HR/Ncmsc	05qP1
31	10	6		שֶׁ֣בַע	7651	HAcfsa	05uJL
31	10	7		שָׁנִ֗ים	8141	HNcfpa	051or
31	10	8		בְּ/מֹעֵ֛ד	b/4150	HR/Ncmsc	05G5Y
31	10	9		שְׁנַ֥ת	8141	HNcfsc	05jjU
31	10	10		הַ/שְּׁמִטָּ֖ה	d/8059	HTd/Ncfsa	05Ky9
31	10	11		בְּ/חַ֥ג	b/2282	HR/Ncmsc	05Put
31	10	12		הַ/סֻּכּֽוֹת	d/5521	HTd/Ncfpa	05XUT
31	11	1		בְּ/ב֣וֹא	b/935	HR/Vqc	05ZHS
31	11	2		כָל	3605	HNcmsc	05DWS
31	11	3		יִשְׂרָאֵ֗ל	3478	HNp	05Un6
31	11	4		לֵ/רָאוֹת֙	l/7200	HR/VNc	05W9g
31	11	5		אֶת	853	HTo	05v7u
31	11	6		פְּנֵי֙	6440	HNcbpc	05SkA
31	11	7		יְהוָ֣ה	3068	HNp	05LWh
31	11	8		אֱלֹהֶ֔י/ךָ	430	HNcmpc/Sp2ms	05VKZ
31	11	9		בַּ/מָּק֖וֹם	b/4725	HRd/Ncmsa	05ruf
31	11	10		אֲשֶׁ֣ר	834 a	HTr	05Am2
31	11	11		יִבְחָ֑ר	977	HVqi3ms	05Cnp
31	11	12		תִּקְרָ֞א	7121	HVqi2ms	05X1b
31	11	13		אֶת	853	HTo	05ALi
31	11	14		הַ/תּוֹרָ֥ה	d/8451	HTd/Ncfsa	05Ssy
31	11	15		הַ/זֹּ֛את	d/2063	HTd/Pdxfs	05DPE
31	11	16		נֶ֥גֶד	5048	HR	05zuZ
31	11	17		כָּל	3605	HNcmsc	05qAF
31	11	18		יִשְׂרָאֵ֖ל	3478	HNp	05NmV
31	11	19		בְּ/אָזְנֵי/הֶֽם	b/241	HR/Ncfdc/Sp3mp	05ycd
31	12	1		הַקְהֵ֣ל	6950	HVhv2ms	05ZJr
31	12	2		אֶת	853	HTo	05Nuf
31	12	3		הָ/עָ֗ם	d/5971 a	HTd/Ncmsa	05HA5
31	12	4		הָֽ/אֲנָשִׁ֤ים	d/376	HTd/Ncmpa	05SBt
31	12	5		וְ/הַ/נָּשִׁים֙	c/d/802	HC/Td/Ncfpa	054cJ
31	12	6		וְ/הַ/טַּ֔ף	c/d/2945	HC/Td/Ncmsa	05mT3
31	12	7		וְ/גֵרְ/ךָ֖	c/1616	HC/Ncmsc/Sp2ms	05kgZ
31	12	8		אֲשֶׁ֣ר	834 a	HTr	05TiG
31	12	9		בִּ/שְׁעָרֶ֑י/ךָ	b/8179	HR/Ncmpc/Sp2ms	05KCi
31	12	10		לְמַ֨עַן	4616	HR	05zQa
31	12	11		יִשְׁמְע֜וּ	8085	HVqi3mp	05avz
31	12	12		וּ/לְמַ֣עַן	c/4616	HC/R	05vVQ
31	12	13		יִלְמְד֗וּ	3925	HVqi3mp	05cwr
31	12	14		וְ/יָֽרְאוּ֙	c/3372	HC/Vqq3cp	05mS4
31	12	15		אֶת	853	HTo	05eRj
31	12	16		יְהוָ֣ה	3068	HNp	058XF
31	12	17		אֱלֹֽהֵי/כֶ֔ם	430	HNcmpc/Sp2mp	05RL4
31	12	18		וְ/שָֽׁמְר֣וּ	c/8104	HC/Vqq3cp	05G2B
31	12	19		לַ/עֲשׂ֔וֹת	l/6213 a	HR/Vqc	05QpK
31	12	20		אֶת	853	HTo	05AxC
31	12	21		כָּל	3605	HNcmsc	059h6
31	12	22		דִּבְרֵ֖י	1697	HNcmpc	05hXP
31	12	23		הַ/תּוֹרָ֥ה	d/8451	HTd/Ncfsa	058qi
31	12	24		הַ/זֹּֽאת	d/2063	HTd/Pdxfs	05Kqz
31	13	1		וּ/בְנֵי/הֶ֞ם	c/1121 a	HC/Ncmpc/Sp3mp	05ggm
31	13	2		אֲשֶׁ֣ר	834 a	HTr	05Qza
31	13	3		לֹֽא	3808	HTn	05krk
31	13	4		יָדְע֗וּ	3045	HVqp3cp	05b4n
31	13	5		יִשְׁמְעוּ֙	8085	HVqi3mp	05Jia
31	13	6		וְ/לָ֣מְד֔וּ	c/3925	HC/Vqq3cp	05Y9M
31	13	7		לְ/יִרְאָ֖ה	l/3372	HR/Vqc	05nLA
31	13	8		אֶת	853	HTo	05jmt
31	13	9		יְהוָ֣ה	3068	HNp	05SEK
31	13	10		אֱלֹהֵי/כֶ֑ם	430	HNcmpc/Sp2mp	05X8E
31	13	11		כָּל	3605	HNcmsc	05XV3
31	13	12		הַ/יָּמִ֗ים	d/3117	HTd/Ncmpa	058FL
31	13	13		אֲשֶׁ֨ר	834 a	HTr	05Rmg
31	13	14		אַתֶּ֤ם	859 d	HPp2mp	05TKu
31	13	15		חַיִּים֙	2416 a	HAampa	05d9C
31	13	16		עַל	5921 a	HR	057Ec
31	13	17		הָ֣/אֲדָמָ֔ה	d/127	HTd/Ncfsa	05zGZ
31	13	18		אֲשֶׁ֨ר	834 a	HTr	05KRo
31	13	19		אַתֶּ֜ם	859 d	HPp2mp	0571x
31	13	20		עֹבְרִ֧ים	5674 a	HVqrmpa	05Xvr
31	13	21		אֶת	853	HTo	05XjM
31	13	22		הַ/יַּרְדֵּ֛ן	d/3383	HTd/Np	05xov
31	13	23		שָׁ֖מָּ/ה	8033	HD/Sd	05aVX
31	13	24		לְ/רִשְׁתָּֽ/הּ	l/3423	HR/Vqc/Sp3fs	05MAP
31	14	1		וַ/יֹּ֨אמֶר	c/559	HC/Vqw3ms	054FL
31	14	2		יְהוָ֜ה	3068	HNp	05ntc
31	14	3		אֶל	413	HR	05uwH
31	14	4		מֹשֶׁ֗ה	4872	HNp	05ahq
31	14	5		הֵ֣ן	2005	HTm	05gn7
31	14	6		קָרְב֣וּ	7126	HVqp3cp	05qcT
31	14	7		יָמֶי/ךָ֮	3117	HNcmpc/Sp2ms	05QmJ
31	14	8		לָ/מוּת֒	l/4191	HR/Vqc	05j7A
31	14	9		קְרָ֣א	7121	HVqv2ms	05Lt5
31	14	10		אֶת	853	HTo	05hXj
31	14	11		יְהוֹשֻׁ֗עַ	3091	HNp	05WnM
31	14	12		וְ/הִֽתְיַצְּב֛וּ	c/3320	HC/Vtv2mp	05TFN
31	14	13		בְּ/אֹ֥הֶל	b/168	HR/Ncmsc	05Zeq
31	14	14		מוֹעֵ֖ד	4150	HNcmsa	05ov2
31	14	15		וַ/אֲצַוֶּ֑/נּוּ	c/6680	HC/Vpw1cs/Sp3ms	05f18
31	14	16		וַ/יֵּ֤לֶךְ	c/3212	HC/Vqw3ms	05NLh
31	14	17		מֹשֶׁה֙	4872	HNp	05JWS
31	14	18		וִֽ/יהוֹשֻׁ֔עַ	c/3091	HC/Np	05Vdv
31	14	19		וַ/יִּֽתְיַצְּב֖וּ	c/3320	HC/Vtw3mp	05Fnw
31	14	20		בְּ/אֹ֥הֶל	b/168	HR/Ncmsc	05N4r
31	14	21		מוֹעֵֽד	4150	HNcmsa	05Fov
31	15	1		וַ/יֵּרָ֧א	c/7200	HC/VNw3ms	051Bi
31	15	2		יְהוָ֛ה	3068	HNp	05vJ9
31	15	3		בָּ/אֹ֖הֶל	b/168	HRd/Ncmsa	057BK
31	15	4		בְּ/עַמּ֣וּד	b/5982	HR/Ncmsc	05VGu
31	15	5		עָנָ֑ן	6051	HNcmsa	05GdN
31	15	6		וַ/יַּעֲמֹ֛ד	c/5975	HC/Vqw3ms	05V6G
31	15	7		עַמּ֥וּד	5982	HNcmsc	05tuT
31	15	8		הֶ/עָנָ֖ן	d/6051	HTd/Ncmsa	05WDG
31	15	9		עַל	5921 a	HR	05odV
31	15	10		פֶּ֥תַח	6607	HNcmsc	05HHT
31	15	11		הָ/אֹֽהֶל	d/168	HTd/Ncmsa	05eaU
31	16	1		וַ/יֹּ֤אמֶר	c/559	HC/Vqw3ms	05kqM
31	16	2		יְהוָה֙	3068	HNp	05WxM
31	16	3		אֶל	413	HR	052LJ
31	16	4		מֹשֶׁ֔ה	4872	HNp	05Gis
31	16	5		הִנְּ/ךָ֥	2009	HTm/Sp2ms	05K7N
31	16	6		שֹׁכֵ֖ב	7901	HVqrmsa	057rd
31	16	7		עִם	5973 a	HR	05CZf
31	16	8		אֲבֹתֶ֑י/ךָ	1	HNcmpc/Sp2ms	05wVM
31	16	9		וְ/קָם֩	c/6965 b	HC/Vqq3ms	05HVY
31	16	10		הָ/עָ֨ם	d/5971 a	HTd/Ncmsa	05mjC
31	16	11		הַ/זֶּ֜ה	d/2088	HTd/Pdxms	05ddu
31	16	12		וְ/זָנָ֣ה	c/2181	HC/Vqq3ms	05uji
31	16	13		אַחֲרֵ֣י	310 a	HR	05Vo7
31	16	14		אֱלֹהֵ֣י	430	HNcmpc	052w6
31	16	15		נֵֽכַר	5236	HNcmsc	05p6v
31	16	16		הָ/אָ֗רֶץ	d/776	HTd/Ncbsa	05rpi
31	16	17		אֲשֶׁ֨ר	834 a	HTr	05zrY
31	16	18		ה֤וּא	1931	HPp3ms	05n67
31	16	19		בָא	935	HVqrmsa	05mZS
31	16	20		שָׁ֨מָּ/ה֙	8033	HD/Sd	05XwD
31	16	21		בְּ/קִרְבּ֔/וֹ	b/7130	HR/Ncmsc/Sp3ms	05b4B
31	16	22		וַ/עֲזָבַ֕/נִי	c/5800 a	HC/Vqq3ms/Sp1cs	0558u
31	16	23		וְ/הֵפֵר֙	c/6565 a	HC/Vhq3ms	056kN
31	16	24		אֶת	853	HTo	05hWa
31	16	25		בְּרִיתִ֔/י	1285	HNcfsc/Sp1cs	05ASY
31	16	26		אֲשֶׁ֥ר	834 a	HTr	05HYe
31	16	27		כָּרַ֖תִּי	3772	HVqp1cs	05zHS
31	16	28		אִתּֽ/וֹ	854	HR/Sp3ms	05REW
31	17	1		וְ/חָרָ֣ה	c/2734	HC/Vqq3ms	05DRB
31	17	2		אַפִּ֣/י	639	HNcmsc/Sp1cs	05Y9x
31	17	3		ב֣/וֹ	b	HR/Sp3ms	05B5n
31	17	4		בַ/יּוֹם	b/3117	HRd/Ncmsa	05c6c
31	17	5		הַ֠/הוּא	d/1931	HTd/Pp3ms	05VWb
31	17	6		וַ/עֲזַבְתִּ֞י/ם	c/5800 a	HC/Vqq1cs/Sp3mp	05MA9
31	17	7		וְ/הִסְתַּרְתִּ֨י	c/5641	HC/Vhq1cs	05dcR
31	17	8		פָנַ֤/י	6440	HNcbpc/Sp1cs	05YrN
31	17	9		מֵ/הֶם֙	m	HR/Sp3mp	053ra
31	17	10		וְ/הָיָ֣ה	c/1961	HC/Vqq3ms	05NJV
31	17	11		לֶֽ/אֱכֹ֔ל	l/398	HR/Vqc	05BGx
31	17	12		וּ/מְצָאֻ֛/הוּ	c/4672	HC/Vqq3cp/Sp3ms	05eE3
31	17	13		רָע֥וֹת	7451 c	HNcfpa	05cMP
31	17	14		רַבּ֖וֹת	7227 a	HAafpa	05SDh
31	17	15		וְ/צָר֑וֹת	c/6869 b	HC/Ncfpa	05nD7
31	17	16		וְ/אָמַר֙	c/559	HC/Vqq3ms	05Rk8
31	17	17		בַּ/יּ֣וֹם	b/3117	HRd/Ncmsa	057bt
31	17	18		הַ/ה֔וּא	d/1931	HTd/Pp3ms	05REU
31	17	19		הֲ/לֹ֗א	i/3808	HTi/Tn	057jo
31	17	20		עַ֣ל	5921 a	HR	05tiQ
31	17	21		כִּֽי	3588 a	HC	05VDp
31	17	22		אֵ֤ין	369	HTn	05uaG
31	17	23		אֱלֹהַ/י֙	430	HNcmpc/Sp1cs	05zh5
31	17	24		בְּ/קִרְבִּ֔/י	b/7130	HR/Ncmsc/Sp1cs	05iE8
31	17	25		מְצָא֖וּ/נִי	4672	HVqp3cp/Sp1cs	05kWs
31	17	26		הָ/רָע֥וֹת	d/7451 c	HTd/Ncfpa	05JS2
31	17	27		הָ/אֵֽלֶּה	d/428	HTd/Pdxcp	05UTq
31	18	1		וְ/אָנֹכִ֗י	c/595	HC/Pp1cs	05tpb
31	18	2		הַסְתֵּ֨ר	5641	HVha	056i2
31	18	3		אַסְתִּ֤יר	5641	HVhi1cs	05vLw
31	18	4		פָּנַ/י֙	6440	HNcbpc/Sp1cs	05XzD
31	18	5		בַּ/יּ֣וֹם	b/3117	HRd/Ncmsa	05s5t
31	18	6		הַ/ה֔וּא	d/1931	HTd/Pp3ms	05U5X
31	18	7		עַ֥ל	5921 a	HR	052UN
31	18	8		כָּל	3605	HNcmsc	05Ss1
31	18	9		הָ/רָעָ֖ה	d/7451 c	HTd/Ncfsa	05K7M
31	18	10		אֲשֶׁ֣ר	834 a	HTr	05HG8
31	18	11		עָשָׂ֑ה	6213 a	HVqp3ms	05X6P
31	18	12		כִּ֣י	3588 a	HC	05dvV
31	18	13		פָנָ֔ה	6437	HVqp3ms	05HNV
31	18	14		אֶל	413	HR	05e6x
31	18	15		אֱלֹהִ֖ים	430	HNcmpa	05Chi
31	18	16		אֲחֵרִֽים	312	HAampa	05LJr
31	19	1		וְ/עַתָּ֗ה	c/6258	HC/D	05gif
31	19	2		כִּתְב֤וּ	3789	HVqv2mp	05Mzn
31	19	3		לָ/כֶם֙	l	HR/Sp2mp	05pgt
31	19	4		אֶת	853	HTo	05T82
31	19	5		הַ/שִּׁירָ֣ה	d/7892 b	HTd/Ncbsa	05uKA
31	19	6		הַ/זֹּ֔את	d/2063	HTd/Pdxfs	052FH
31	19	7		וְ/לַמְּדָ֥/הּ	c/3925	HC/Vpv2ms/Sp3fs	057D9
31	19	8		אֶת	853	HTo	05Xdq
31	19	9		בְּנֵי	1121 a	HNcmpc	05pNo
31	19	10		יִשְׂרָאֵ֖ל	3478	HNp	05H65
31	19	11		שִׂימָ֣/הּ	7760 a	HVqv2ms/Sp3fs	05ubq
31	19	12		בְּ/פִי/הֶ֑ם	b/6310	HR/Ncmsc/Sp3mp	05svn
31	19	13		לְמַ֨עַן	4616	HR	05vHT
31	19	14		תִּהְיֶה	1961	HVqi3fs	05E3a
31	19	15		לִּ֜/י	l	HR/Sp1cs	05TTL
31	19	16		הַ/שִּׁירָ֥ה	d/7892 b	HTd/Ncbsa	05xno
31	19	17		הַ/זֹּ֛את	d/2063	HTd/Pdxfs	05syT
31	19	18		לְ/עֵ֖ד	l/5707	HR/Ncmsa	052wr
31	19	19		בִּ/בְנֵ֥י	b/1121 a	HR/Ncmpc	05tjE
31	19	20		יִשְׂרָאֵֽל	3478	HNp	05in1
31	20	1		כִּֽי	3588 a	HC	05F2K
31	20	2		אֲבִיאֶ֜/נּוּ	935	HVhi1cs/Sp3ms	05h7m
31	20	3		אֶֽל	413	HR	05Pfv
31	20	4		הָ/אֲדָמָ֣ה	d/127	HTd/Ncfsa	05UPh
31	20	5		אֲשֶׁר	834 a	HTr	05ypp
31	20	6		נִשְׁבַּ֣עְתִּי	7650	HVNp1cs	05FtE
31	20	7		לַ/אֲבֹתָ֗י/ו	l/1	HR/Ncmpc/Sp3ms	05PZQ
31	20	8		זָבַ֤ת	2100	HVqrfsc	05kWG
31	20	9		חָלָב֙	2461	HNcmsa	05z1W
31	20	10		וּ/דְבַ֔שׁ	c/1706	HC/Ncmsa	05wSw
31	20	11		וְ/אָכַ֥ל	c/398	HC/Vqq3ms	05jar
31	20	12		וְ/שָׂבַ֖ע	c/7646	HC/Vqq3ms	05Tpk
31	20	13		וְ/דָשֵׁ֑ן	c/1878	HC/Vqq3ms	05Gjq
31	20	14		וּ/פָנָ֞ה	c/6437	HC/Vqq3ms	05n8W
31	20	15		אֶל	413	HR	05mPd
31	20	16		אֱלֹהִ֤ים	430	HNcmpa	05Vbd
31	20	17		אֲחֵרִים֙	312	HAampa	05H2d
31	20	18		וַ/עֲבָד֔וּ/ם	c/5647	HC/Vqq3cp/Sp3mp	05eDw
31	20	19		וְ/נִ֣אֲצ֔וּ/נִי	c/5006	HC/Vpq3cp/Sp1cs	05ZxE
31	20	20		וְ/הֵפֵ֖ר	c/6565 a	HC/Vhq3ms	05pw2
31	20	21		אֶת	853	HTo	05RS3
31	20	22		בְּרִיתִֽ/י	1285	HNcfsc/Sp1cs	05Tmq
31	21	1		וְ֠/הָיָה	c/1961	HC/Vqq3ms	05Q96
31	21	2		כִּֽי	3588 a	HC	051RT
31	21	3		תִמְצֶ֨אןָ	4672	HVqi3fp	05Qjq
31	21	4		אֹת֜/וֹ	853	HTo/Sp3ms	05e5C
31	21	5		רָע֣וֹת	7451 c	HNcfpa	05yGy
31	21	6		רַבּוֹת֮	7227 a	HAafpa	05X3s
31	21	7		וְ/צָרוֹת֒	c/6869 b	HC/Ncfpa	05Yb4
31	21	8		וְ֠/עָנְתָה	c/6030 b	HC/Vqq3fs	055d4
31	21	9		הַ/שִּׁירָ֨ה	d/7892 b	HTd/Ncbsa	05rnk
31	21	10		הַ/זֹּ֤את	d/2063	HTd/Pdxfs	05dLn
31	21	11		לְ/פָנָי/ו֙	l/6440	HR/Ncbpc/Sp3ms	05xkR
31	21	12		לְ/עֵ֔ד	l/5707	HR/Ncmsa	05VmR
31	21	13		כִּ֛י	3588 a	HC	05ZYc
31	21	14		לֹ֥א	3808	HTn	05hZA
31	21	15		תִשָּׁכַ֖ח	7911	HVNi3fs	055E4
31	21	16		מִ/פִּ֣י	m/6310	HR/Ncmsc	05QFP
31	21	17		זַרְע֑/וֹ	2233	HNcmsc/Sp3ms	05mo6
31	21	18		כִּ֧י	3588 a	HC	05Atc
31	21	19		יָדַ֣עְתִּי	3045	HVqp1cs	05Yx8
31	21	20		אֶת	853	HTo	05YwD
31	21	21		יִצְר֗/וֹ	3336	HNcmsc/Sp3ms	058Ut
31	21	22		אֲשֶׁ֨ר	834 a	HTr	05DDd
31	21	23		ה֤וּא	1931	HPp3ms	05eWa
31	21	24		עֹשֶׂה֙	6213 a	HVqrmsa	05xvX
31	21	25		הַ/יּ֔וֹם	d/3117	HTd/Ncmsa	05tha
31	21	26		בְּ/טֶ֣רֶם	b/2962	HR/D	05Kev
31	21	27		אֲבִיאֶ֔/נּוּ	935	HVhi1cs/Sp3ms	05Mt9
31	21	28		אֶל	413	HR	05FLn
31	21	29		הָ/אָ֖רֶץ	d/776	HTd/Ncbsa	05R5x
31	21	30		אֲשֶׁ֥ר	834 a	HTr	05VtK
31	21	31		נִשְׁבָּֽעְתִּי	7650	HVNp1cs	05HRP
31	22	1		וַ/יִּכְתֹּ֥ב	c/3789	HC/Vqw3ms	05LMD
31	22	2		מֹשֶׁ֛ה	4872	HNp	05YZ7
31	22	3		אֶת	853	HTo	05AXz
31	22	4		הַ/שִּׁירָ֥ה	d/7892 b	HTd/Ncbsa	051WN
31	22	5		הַ/זֹּ֖את	d/2063	HTd/Pdxfs	0555B
31	22	6		בַּ/יּ֣וֹם	b/3117	HRd/Ncmsa	05grY
31	22	7		הַ/ה֑וּא	d/1931	HTd/Pp3ms	05Fa2
31	22	8		וַֽ/יְלַמְּדָ֖/הּ	c/3925	HC/Vpw3ms/Sp3fs	057JT
31	22	9		אֶת	853	HTo	05b2W
31	22	10		בְּנֵ֥י	1121 a	HNcmpc	05BTb
31	22	11		יִשְׂרָאֵֽל	3478	HNp	05y1s
31	23	1		וַ/יְצַ֞ו	c/6680	HC/Vpw3ms	05z4n
31	23	2		אֶת	853	HTo	05Ghz
31	23	3		יְהוֹשֻׁ֣עַ	3091	HNp	0516f
31	23	4		בִּן	1121 a	HNcmsc	05WZu
31	23	5		נ֗וּן	5126	HNp	05MRJ
31	23	6		וַ/יֹּאמֶר֮	c/559	HC/Vqw3ms	05M4n
31	23	7		חֲזַ֣ק	2388	HVqv2ms	05wrP
31	23	8		וֶֽ/אֱמָץ֒	c/553	HC/Vqv2ms	05PSB
31	23	9		כִּ֣י	3588 a	HC	05BCU
31	23	10		אַתָּ֗ה	859 a	HPp2ms	05fgg
31	23	11		תָּבִיא֙	935	HVhi2ms	05jHR
31	23	12		אֶת	853	HTo	05MxV
31	23	13		בְּנֵ֣י	1121 a	HNcmpc	05r5p
31	23	14		יִשְׂרָאֵ֔ל	3478	HNp	056bs
31	23	15		אֶל	413	HR	05sfG
31	23	16		הָ/אָ֖רֶץ	d/776	HTd/Ncbsa	05e64
31	23	17		אֲשֶׁר	834 a	HTr	05LpV
31	23	18		נִשְׁבַּ֣עְתִּי	7650	HVNp1cs	05msx
31	23	19		לָ/הֶ֑ם	l	HR/Sp3mp	05Jes
31	23	20		וְ/אָנֹכִ֖י	c/595	HC/Pp1cs	056nd
31	23	21		אֶֽהְיֶ֥ה	1961	HVqi1cs	05cnD
31	23	22		עִמָּֽ/ךְ	5973 a	HR/Sp2fs	05ahD
31	24	1		וַ/יְהִ֣י	c/1961	HC/Vqw3ms	05ft3
31	24	2		כְּ/כַלּ֣וֹת	k/3615	HR/Vpc	05KLj
31	24	3		מֹשֶׁ֗ה	4872	HNp	05n4b
31	24	4		לִ/כְתֹּ֛ב	l/3789	HR/Vqc	05xH7
31	24	5		אֶת	853	HTo	05EPe
31	24	6		דִּבְרֵ֥י	1697	HNcmpc	053hk
31	24	7		הַ/תּוֹרָֽה	d/8451	HTd/Ncfsa	05LjJ
31	24	8		הַ/זֹּ֖את	d/2063	HTd/Pdxfs	05Cj8
31	24	9		עַל	5921 a	HR	0557s
31	24	10		סֵ֑פֶר	5612 a	HNcmsa	05Gep
31	24	11		עַ֖ד	5704	HR	05baG
31	24	12		תֻּמָּֽ/ם	8552	HVqc/Sp3mp	05MkC
31	25	1		וַ/יְצַ֤ו	c/6680	HC/Vpw3ms	05vDP
31	25	2		מֹשֶׁה֙	4872	HNp	05wBm
31	25	3		אֶת	853	HTo	05Dik
31	25	4		הַ/לְוִיִּ֔ם	d/3881	HTd/Ngmpa	05k92
31	25	5		נֹ֥שְׂאֵ֛י	5375	HVqrmpc	05PfP
31	25	6		אֲר֥וֹן	727	HNcbsc	05GHF
31	25	7		בְּרִית	1285	HNcfsc	05Sj4
31	25	8		יְהוָ֖ה	3068	HNp	05wkc
31	25	9		לֵ/אמֹֽר	l/559	HR/Vqc	053Jn
31	26	1		לָקֹ֗חַ	3947	HVqa	053AH
31	26	2		אֵ֣ת	853	HTo	05FR3
31	26	3		סֵ֤פֶר	5612 a	HNcmsc	05NPs
31	26	4		הַ/תּוֹרָה֙	d/8451	HTd/Ncfsa	053cR
31	26	5		הַ/זֶּ֔ה	d/2088	HTd/Pdxms	05Csb
31	26	6		וְ/שַׂמְתֶּ֣ם	c/7760 a	HC/Vqq2mp	05Zau
31	26	7		אֹת֔/וֹ	853	HTo/Sp3ms	05RdP
31	26	8		מִ/צַּ֛ד	m/6654	HR/Ncmsc	05HJr
31	26	9		אֲר֥וֹן	727	HNcbsc	059na
31	26	10		בְּרִית	1285	HNcfsc	05ibP
31	26	11		יְהוָ֖ה	3068	HNp	05cyX
31	26	12		אֱלֹהֵי/כֶ֑ם	430	HNcmpc/Sp2mp	05WSJ
31	26	13		וְ/הָֽיָה	c/1961	HC/Vqq3ms	05Qs8
31	26	14		שָׁ֥ם	8033	HD	05NjR
31	26	15		בְּ/ךָ֖	b	HR/Sp2ms	05cWL
31	26	16		לְ/עֵֽד	l/5707	HR/Ncmsa	05GgJ
31	27	1		כִּ֣י	3588 a	HC	05XkR
31	27	2		אָנֹכִ֤י	595	HPp1cs	05Lqv
31	27	3		יָדַ֨עְתִּי֙	3045	HVqp1cs	051VT
31	27	4		אֶֽת	853	HTo	05SdA
31	27	5		מֶרְיְ/ךָ֔	4805	HNcmsc/Sp2ms	05AJf
31	27	6		וְ/אֶֽת	c/853	HC/To	05U2h
31	27	7		עָרְפְּ/ךָ֖	6203	HNcmsc/Sp2ms	05fv7
31	27	8		הַ/קָּשֶׁ֑ה	d/7186	HTd/Aamsa	05qfU
31	27	9		הֵ֣ן	2005	HTm	05R6p
31	27	10		בְּ/עוֹדֶ/נִּי֩	b/5750	HR/D/Sp1cs	05PNe
31	27	11		חַ֨י	2416 a	HAamsa	05pmU
31	27	12		עִמָּ/כֶ֜ם	5973 a	HR/Sp2mp	05FWU
31	27	13		הַ/יּ֗וֹם	d/3117	HTd/Ncmsa	05gXX
31	27	14		מַמְרִ֤ים	4784	HVhrmpa	05Xto
31	27	15		הֱיִתֶם֙	1961	HVqp2mp	05KNX
31	27	16		עִם	5973 a	HR	05vai
31	27	17		יְהֹוָ֔ה	3068	HNp	05Pg3
31	27	18		וְ/אַ֖ף	c/637	HC/D	05faY
31	27	19		כִּי	3588 a	HC	05hLj
31	27	20		אַחֲרֵ֥י	310 a	HR	05btt
31	27	21		מוֹתִֽ/י	4194	HNcmsc/Sp1cs	05v9h
31	28	1		הַקְהִ֧ילוּ	6950	HVhv2mp	05Zfk
31	28	2		אֵלַ֛/י	413	HR/Sp1cs	05y8f
31	28	3		אֶת	853	HTo	05tJE
31	28	4		כָּל	3605	HNcmsc	05ja5
31	28	5		זִקְנֵ֥י	2205	HAampc	05h2W
31	28	6		שִׁבְטֵי/כֶ֖ם	7626	HNcmpc/Sp2mp	05w3j
31	28	7		וְ/שֹׁטְרֵי/כֶ֑ם	c/7860	HC/Vqrmpc/Sp2mp	05RG2
31	28	8		וַ/אֲדַבְּרָ֣ה	c/1696	HC/Vph1cs	05Nkm
31	28	9		בְ/אָזְנֵי/הֶ֗ם	b/241	HR/Ncfdc/Sp3mp	052os
31	28	10		אֵ֚ת	853	HTo	056QN
31	28	11		הַ/דְּבָרִ֣ים	d/1697	HTd/Ncmpa	058D2
31	28	12		הָ/אֵ֔לֶּה	d/428	HTd/Pdxcp	055oV
31	28	13		וְ/אָעִ֣ידָה	c/5749 b	HC/Vhh1cs	05SDA
31	28	14		בָּ֔/ם	b	HR/Sp3mp	05EED
31	28	15		אֶת	853	HTo	05GSW
31	28	16		הַ/שָּׁמַ֖יִם	d/8064	HTd/Ncmpa	058RP
31	28	17		וְ/אֶת	c/853	HC/To	05Qx7
31	28	18		הָ/אָֽרֶץ	d/776	HTd/Ncbsa	056D7
31	29	1		כִּ֣י	3588 a	HC	05DQw
31	29	2		יָדַ֗עְתִּי	3045	HVqp1cs	05jH1
31	29	3		אַחֲרֵ֤י	310 a	HR	05vvc
31	29	4		מוֹתִ/י֙	4194	HNcmsc/Sp1cs	05Rxi
31	29	5		כִּֽי	3588 a	HC	05kHL
31	29	6		הַשְׁחֵ֣ת	7843	HVha	051Qh
31	29	7		תַּשְׁחִת֔וּ/ן	7843	HVhi2mp/Sn	05Kud
31	29	8		וְ/סַרְתֶּ֣ם	c/5493	HC/Vqq2mp	05cgf
31	29	9		מִן	4480 a	HR	05wyb
31	29	10		הַ/דֶּ֔רֶךְ	d/1870	HTd/Ncbsa	05UG7
31	29	11		אֲשֶׁ֥ר	834 a	HTr	05CJE
31	29	12		צִוִּ֖יתִי	6680	HVpp1cs	05ZLF
31	29	13		אֶתְ/כֶ֑ם	853	HTo/Sp2mp	057pp
31	29	14		וְ/קָרָ֨את	c/7122	HC/Vqq3fs	05CSn
31	29	15		אֶתְ/כֶ֤ם	853	HTo/Sp2mp	05hmZ
31	29	16		הָֽ/רָעָה֙	d/7451 c	HTd/Ncfsa	05jUx
31	29	17		בְּ/אַחֲרִ֣ית	b/319	HR/Ncfsc	05M49
31	29	18		הַ/יָּמִ֔ים	d/3117	HTd/Ncmpa	05CnU
31	29	19		כִּֽי	3588 a	HC	051sW
31	29	20		תַעֲשׂ֤וּ	6213 a	HVqi2mp	05P6P
31	29	21		אֶת	853	HTo	05tto
31	29	22		הָ/רַע֙	d/7451 a	HTd/Aamsa	05P4t
31	29	23		בְּ/עֵינֵ֣י	b/5869 a	HR/Ncbdc	05Hiu
31	29	24		יְהוָ֔ה	3068	HNp	05gfm
31	29	25		לְ/הַכְעִיס֖/וֹ	l/3707	HR/Vhc/Sp3ms	05ua2
31	29	26		בְּ/מַעֲשֵׂ֥ה	b/4639	HR/Ncmsc	05EBF
31	29	27		יְדֵי/כֶֽם	3027	HNcbdc/Sp2mp	05i7Z
31	30	1		וַ/יְדַבֵּ֣ר	c/1696	HC/Vpw3ms	05kBL
31	30	2		מֹשֶׁ֗ה	4872	HNp	05ae2
31	30	3		בְּ/אָזְנֵי֙	b/241	HR/Ncfdc	05HS2
31	30	4		כָּל	3605	HNcmsc	053gm
31	30	5		קְהַ֣ל	6951	HNcmsc	05d9y
31	30	6		יִשְׂרָאֵ֔ל	3478	HNp	05dds
31	30	7		אֶת	853	HTo	05Tnf
31	30	8		דִּבְרֵ֥י	1697	HNcmpc	058BF
31	30	9		הַ/שִּׁירָ֖ה	d/7892 b	HTd/Ncbsa	05Lv6
31	30	10		הַ/זֹּ֑את	d/2063	HTd/Pdxfs	05MtK
31	30	11		עַ֖ד	5704	HR	05yAb
31	30	12		תֻּמָּֽ/ם	8552	HVqc/Sp3mp	05TYU
32	1	1		הַאֲזִ֥ינוּ	238	HVhv2mp	05iL2
32	1	2		הַ/שָּׁמַ֖יִם	d/8064	HTd/Ncmpa	05j8g
32	1	3		וַ/אֲדַבֵּ֑רָה	c/1696	HC/Vph1cs	05rBp
32	1	4		וְ/תִשְׁמַ֥ע	c/8085	HC/Vqj3fs	05FHS
32	1	5		הָ/אָ֖רֶץ	d/776	HTd/Ncbsa	059DB
32	1	6		אִמְרֵי	561	HNcmpc	05fp9
32	1	7		פִֽ/י	6310	HNcmsc/Sp1cs	05m4z
32	2	1		יַעֲרֹ֤ף	6201	HVqi3ms	05kw2
32	2	2		כַּ/מָּטָר֙	k/4306	HRd/Ncmsa	05CFC
32	2	3		לִקְחִ֔/י	3948	HNcmsc/Sp1cs	05Muj
32	2	4		תִּזַּ֥ל	5140	HVqi3fs	05h2p
32	2	5		כַּ/טַּ֖ל	k/2919	HRd/Ncmsa	05mU5
32	2	6		אִמְרָתִ֑/י	565 a	HNcfsc/Sp1cs	05ewS
32	2	7		כִּ/שְׂעִירִ֣ם	k/8164	HR/Ncmpa	05Qvw
32	2	8		עֲלֵי	5921 a	HR	05ohw
32	2	9		דֶ֔שֶׁא	1877	HNcmsa	05EvD
32	2	10		וְ/כִ/רְבִיבִ֖ים	c/k/7241	HC/R/Ncmpa	0581g
32	2	11		עֲלֵי	5921 a	HR	05ZdA
32	2	12		עֵֽשֶׂב	6212	HNcmsa	05dNU
32	3	1		כִּ֛י	3588 a	HC	05W8r
32	3	2		שֵׁ֥ם	8034	HNcmsc	05QGA
32	3	3		יְהוָ֖ה	3068	HNp	05Zz5
32	3	4		אֶקְרָ֑א	7121	HVqi1cs	05PSC
32	3	5		הָב֥וּ	3051	HVqv2mp	05mQu
32	3	6		גֹ֖דֶל	1433	HNcmsa	05ysQ
32	3	7		לֵ/אלֹהֵֽי/נוּ	l/430	HR/Ncmpc/Sp1cp	05Lxp
32	4	1		הַ/צּוּר֙	d/6697	HTd/Ncmsa	05Qqm
32	4	2		תָּמִ֣ים	8549	HAamsa	05ujF
32	4	3		פָּעֳל֔/וֹ	6467	HNcmsc/Sp3ms	056as
32	4	4		כִּ֥י	3588 a	HC	05UwH
32	4	5		כָל	3605	HNcmsc	05BJz
32	4	6		דְּרָכָ֖י/ו	1870	HNcbpc/Sp3ms	05Ecy
32	4	7		מִשְׁפָּ֑ט	4941	HNcmsa	05JcA
32	4	8		אֵ֤ל	410	HNcmsc	05Cd5
32	4	9		אֱמוּנָה֙	530	HNcfsa	0564H
32	4	10		וְ/אֵ֣ין	c/369	HC/Tn	05ion
32	4	11		עָ֔וֶל	5766 a	HNcbsa	05WQh
32	4	12		צַדִּ֥יק	6662	HAamsa	0577c
32	4	13		וְ/יָשָׁ֖ר	c/3477	HC/Aamsa	05mMn
32	4	14		הֽוּא	1931	HPp3ms	05eee
32	5	1		שִׁחֵ֥ת	7843	HVpp3ms	05pjk
32	5	2		ל֛/וֹ	l	HR/Sp3ms	05qfg
32	5	3		לֹ֖א	3808	HTn	05k9d
32	5	4		בָּנָ֣י/ו	1121 a	HNcmpc/Sp3ms	05Eh5
32	5	5		מוּמָ֑/ם	3971 b	HNcmsc/Sp3mp	05Lz9
32	5	6		דּ֥וֹר	1755	HNcmsa	05Vbk
32	5	7		עִקֵּ֖שׁ	6141	HAamsa	05A9X
32	5	8		וּ/פְתַלְתֹּֽל	c/6618	HC/Aamsa	05gGn
32	6	1		הֲ	i	HTi	05ASC
32	6	2		לַ/יְהוָה֙	l/3068	HR/Np	05hiY
32	6	3		תִּגְמְלוּ	1580	HVqi2mp	05eoE
32	6	4		זֹ֔את	2063	HPdxfs	05KVo
32	6	5		עַ֥ם	5971 a	HNcmsa	05AKC
32	6	6		נָבָ֖ל	5036	HAamsa	05YbU
32	6	7		וְ/לֹ֣א	c/3808	HC/Tn	05CBC
32	6	8		חָכָ֑ם	2450	HAamsa	05d88
32	6	9		הֲ/לוֹא	i/3808	HTi/Tn	05NjE
32	6	10		הוּא֙	1931	HPp3ms	051Dh
32	6	11		אָבִ֣י/ךָ	1	HNcmsc/Sp2ms	05sTT
32	6	12		קָּנֶ֔/ךָ	7069	HVqp3ms/Sp2ms	05CWX
32	6	13		ה֥וּא	1931	HPp3ms	05zPJ
32	6	14		עָֽשְׂ/ךָ֖	6213 a	HVqp3ms/Sp2ms	05hdg
32	6	15		וַֽ/יְכֹנְנֶֽ/ךָ	c/3559 a	HC/Vow3ms/Sp2ms	05zsU
32	7	1		זְכֹר֙	2142	HVqv2ms	05BAA
32	7	2		יְמ֣וֹת	3117	HNcmpc	05tBG
32	7	3		עוֹלָ֔ם	5769	HNcmsa	05njA
32	7	4		בִּ֖ינוּ	995	HVqv2mp	05tjZ
32	7	5		שְׁנ֣וֹת	8141	HNcfpc	05PVB
32	7	6		דּוֹר	1755	HNcmsa	054jf
32	7	7		וָ/ד֑וֹר	c/1755	HC/Ncmsa	05y9S
32	7	8		שְׁאַ֤ל	7592	HVqv2ms	05V59
32	7	9		אָבִ֨י/ךָ֙	1	HNcmsc/Sp2ms	05cYY
32	7	10		וְ/יַגֵּ֔דְ/ךָ	c/5046	HC/Vhi3ms/Sp2ms	05oZZ
32	7	11		זְקֵנֶ֖י/ךָ	2205	HAampc/Sp2ms	05fU2
32	7	12		וְ/יֹ֥אמְרוּ	c/559	HC/Vqi3mp	05dCC
32	7	13		לָֽ/ךְ	l	HR/Sp2fs	05Fm3
32	8	1		בְּ/הַנְחֵ֤ל	b/5157	HR/Vhc	05R5E
32	8	2		עֶלְיוֹן֙	5945 b	HAamsa	05pdU
32	8	3		גּוֹיִ֔ם	1471 a	HNcmpa	05Tjf
32	8	4		בְּ/הַפְרִיד֖/וֹ	b/6504	HR/Vhc/Sp3ms	05PME
32	8	5		בְּנֵ֣י	1121 a	HNcmpc	05tma
32	8	6		אָדָ֑ם	120	HNcmsa	05c8B
32	8	7		יַצֵּב֙	5324	HVhi3ms	05kX5
32	8	8		גְּבֻלֹ֣ת	1367	HNcfpc	05fG2
32	8	9		עַמִּ֔ים	5971 a	HNcmpa	05PdY
32	8	10		לְ/מִסְפַּ֖ר	l/4557	HR/Ncmsc	05MNG
32	8	11		בְּנֵ֥י	1121 a	HNcmpc	05K67
32	8	12		יִשְׂרָאֵֽל	3478	HNp	05hVg
32	9	1		כִּ֛י	3588 a	HC	05PHn
32	9	2		חֵ֥לֶק	2506 a	HNcmsc	05ueJ
32	9	3		יְהֹוָ֖ה	3068	HNp	058qc
32	9	4		עַמּ֑/וֹ	5971 a	HNcmsc/Sp3ms	05gKZ
32	9	5		יַעֲקֹ֖ב	3290	HNp	05Bbm
32	9	6		חֶ֥בֶל	2256 a	HNcbsc	05X1N
32	9	7		נַחֲלָתֽ/וֹ	5159	HNcfsc/Sp3ms	05C7W
32	10	1		יִמְצָאֵ֨/הוּ֙	4672	HVqi3ms/Sp3ms	05nCz
32	10	2		בְּ/אֶ֣רֶץ	b/776	HR/Ncbsc	054Za
32	10	3		מִדְבָּ֔ר	4057 b	HNcmsa	05dwG
32	10	4		וּ/בְ/תֹ֖הוּ	c/b/8414	HC/R/Ncmsa	05mMJ
32	10	5		יְלֵ֣ל	3214	HNcmsa	05Arh
32	10	6		יְשִׁמֹ֑ן	3452	HNcmsa	05Swv
32	10	7		יְסֹֽבְבֶ֨/נְהוּ֙	5437	HVmi3ms/Sp3ms	05iud
32	10	8		יְב֣וֹנְנֵ֔/הוּ	995	HVoi3ms/Sp3ms	05gQV
32	10	9		יִצְּרֶ֖/נְהוּ	5341	HVqi3ms/Sp3ms	055Y1
32	10	10		כְּ/אִישׁ֥וֹן	k/380	HR/Ncmsc	05BLB
32	10	11		עֵינֽ/וֹ	5869 a	HNcbsc/Sp3ms	05LkZ
32	11	1		כְּ/נֶ֨שֶׁר֙	k/5404	HR/Ncmsa	05bHT
32	11	2		יָעִ֣יר	5782	HVhi3ms	05aVR
32	11	3		קִנּ֔/וֹ	7064	HNcmsc/Sp3ms	05oPR
32	11	4		עַל	5921 a	HR	05Mh4
32	11	5		גּוֹזָלָ֖י/ו	1469	HNcmpc/Sp3ms	05dmL
32	11	6		יְרַחֵ֑ף	7363 b	HVpi3ms	05MaQ
32	11	7		יִפְרֹ֤שׂ	6566	HVqi3ms	058tw
32	11	8		כְּנָפָי/ו֙	3671	HNcfpc/Sp3ms	05R8q
32	11	9		יִקָּחֵ֔/הוּ	3947	HVqi3ms/Sp3ms	05KWb
32	11	10		יִשָּׂאֵ֖/הוּ	5375	HVqi3ms/Sp3ms	05Db1
32	11	11		עַל	5921 a	HR	05bq9
32	11	12		אֶבְרָתֽ/וֹ	84	HNcfsc/Sp3ms	05e2p
32	12	1		יְהוָ֖ה	3068	HNp	05oDZ
32	12	2		בָּדָ֣ד	910	HNcmsa	054YJ
32	12	3		יַנְחֶ֑/נּוּ	5148	HVhi3ms/Sp3ms	05vo5
32	12	4		וְ/אֵ֥ין	c/369	HC/Tn	05esg
32	12	5		עִמּ֖/וֹ	5973 a	HR/Sp3ms	05Fsu
32	12	6		אֵ֥ל	410	HNcmsc	05nwi
32	12	7		נֵכָֽר	5236	HNcmsa	054ji
32	13	1		יַרְכִּבֵ֨/הוּ֙	7392	HVhi3ms/Sp3ms	05GNR
32	13	2		עַל	5921 a	HR	05BmK
32	13	3	x-ketiv	במותי	1116	HNcfpc	05oon
32	13	4		בָּ֣מֳתֵי	1116	HNcfpc	05Ajm
32	13	5		אָ֔רֶץ	776	HNcbsa	05SP2
32	13	6		וַ/יֹּאכַ֖ל	c/398	HC/Vqw3ms	05k6M
32	13	7		תְּנוּבֹ֣ת	8570	HNcfpc	05uYE
32	13	8		שָׂדָ֑י	7704 a	HNcmsa	058K6
32	13	9		וַ/יֵּנִקֵ֤/הֽוּ	c/3243	HC/Vhw3ms/Sp3ms	05wJw
32	13	10		דְבַשׁ֙	1706	HNcmsa	05Cc1
32	13	11		מִ/סֶּ֔לַע	m/5553	HR/Ncmsa	05iiM
32	13	12		וְ/שֶׁ֖מֶן	c/8081	HC/Ncmsa	05MTh
32	13	13		מֵ/חַלְמִ֥ישׁ	m/2496	HR/Ncmsc	058N2
32	13	14		צֽוּר	6697	HNcmsa	057Qr
32	14	1		חֶמְאַ֨ת	2529 a	HNcfsc	05ptT
32	14	2		בָּקָ֜ר	1241	HNcbsa	05Y67
32	14	3		וַ/חֲלֵ֣ב	c/2461	HC/Ncmsc	05urx
32	14	4		צֹ֗אן	6629	HNcbsa	05Mey
32	14	5		עִם	5973 a	HR	05FSp
32	14	6		חֵ֨לֶב	2459	HNcmsc	05CZo
32	14	7		כָּרִ֜ים	3733 c	HNcmpa	054eL
32	14	8		וְ/אֵילִ֤ים	c/352 a	HC/Ncmpa	05Ete
32	14	9		בְּנֵֽי	1121 a	HNcmpc	059ck
32	14	10		בָשָׁן֙	1316	HNp	05D7U
32	14	11		וְ/עַתּוּדִ֔ים	c/6260	HC/Ncmpa	0584j
32	14	12		עִם	5973 a	HR	053Lq
32	14	13		חֵ֖לֶב	2459	HNcmsc	05qYF
32	14	14		כִּלְי֣וֹת	3629	HNcfpc	05EZs
32	14	15		חִטָּ֑ה	2406	HNcfsa	05daS
32	14	16		וְ/דַם	c/1818	HC/Ncmsc	05may
32	14	17		עֵנָ֖ב	6025	HNcmsa	05DYY
32	14	18		תִּשְׁתֶּה	8354	HVqi2ms	05SpJ
32	14	19		חָֽמֶר	2561	HNcmsa	05Z7E
32	15	1		וַ/יִּשְׁמַ֤ן	c/8080	HC/Vqw3ms	0529M
32	15	2		יְשֻׁרוּן֙	3484	HNp	05ZZc
32	15	3		וַ/יִּבְעָ֔ט	c/1163	HC/Vqw3ms	05WMq
32	15	4		שָׁמַ֖נְתָּ	8080	HVqp2ms	05Cjb
32	15	5		עָבִ֣יתָ	5666	HVqp2ms	053UC
32	15	6		כָּשִׂ֑יתָ	3780	HVqp2ms	05s8J
32	15	7		וַ/יִּטֹּשׁ֙	c/5203	HC/Vqw3ms	057rA
32	15	8		אֱל֣וֹהַ	433	HNcmsa	05ZE6
32	15	9		עָשָׂ֔/הוּ	6213 a	HVqp3ms/Sp3ms	05ZtY
32	15	10		וַ/יְנַבֵּ֖ל	c/5034 a	HC/Vpw3ms	05QRM
32	15	11		צ֥וּר	6697	HNcmsc	05BjJ
32	15	12		יְשֻׁעָתֽ/וֹ	3444	HNcfsc/Sp3ms	05mXL
32	16	1		יַקְנִאֻ֖/הוּ	7065	HVhi3mp/Sp3ms	05Wd7
32	16	2		בְּ/זָרִ֑ים	b/2114 a	HR/Aampa	05YYf
32	16	3		בְּ/תוֹעֵבֹ֖ת	b/8441	HR/Ncfpa	05sAn
32	16	4		יַכְעִיסֻֽ/הוּ	3707	HVhi3mp/Sp3ms	05FvF
32	17	1		יִזְבְּח֗וּ	2076	HVqi3mp	052iH
32	17	2		לַ/שֵּׁדִים֙	l/7700	HRd/Ncmpa	05d9m
32	17	3		לֹ֣א	3808	HTn	05Bpo
32	17	4		אֱלֹ֔הַ	433	HNcmsa	05YNA
32	17	5		אֱלֹהִ֖ים	430	HNcmpa	05bJ4
32	17	6		לֹ֣א	3808	HTn	05NXE
32	17	7		יְדָע֑וּ/ם	3045	HVqp3cp/Sp3mp	05CMw
32	17	8		חֲדָשִׁים֙	2319	HAampa	05Eki
32	17	9		מִ/קָּרֹ֣ב	m/7138	HR/Aamsa	053Po
32	17	10		בָּ֔אוּ	935	HVqp3cp	05Rvn
32	17	11		לֹ֥א	3808	HTn	05WyN
32	17	12		שְׂעָר֖וּ/ם	8175 c	HVqp3cp/Sp3mp	051ZF
32	17	13		אֲבֹתֵי/כֶֽם	1	HNcmpc/Sp2mp	05wSo
32	18	1		צ֥וּר	6697	HNcmsa	05pFs
32	18	2		יְלָדְ/ךָ֖	3205	HVqp3ms/Sp2ms	05r8m
32	18	3		תֶּ֑שִׁי	7876	HVqi2ms	05UaC
32	18	4		וַ/תִּשְׁכַּ֖ח	c/7911	HC/Vqw2ms	05uBR
32	18	5		אֵ֥ל	410	HNcmsa	059oh
32	18	6		מְחֹלְלֶֽ/ךָ	2342 a	HVormsc/Sp2ms	05ARo
32	19	1		וַ/יַּ֥רְא	c/7200	HC/Vqw3ms	05Gxh
32	19	2		יְהוָ֖ה	3068	HNp	05cah
32	19	3		וַ/יִּנְאָ֑ץ	c/5006	HC/Vqw3ms	05toK
32	19	4		מִ/כַּ֥עַס	m/3708 a	HR/Ncmsc	05tSn
32	19	5		בָּנָ֖י/ו	1121 a	HNcmpc/Sp3ms	05Wyh
32	19	6		וּ/בְנֹתָֽי/ו	c/1323	HC/Ncfpc/Sp3ms	05wZ3
32	20	1		וַ/יֹּ֗אמֶר	c/559	HC/Vqw3ms	053jP
32	20	2		אַסְתִּ֤ירָה	5641	HVhh1cs	055LU
32	20	3		פָנַ/י֙	6440	HNcbpc/Sp1cs	059xN
32	20	4		מֵ/הֶ֔ם	m	HR/Sp3mp	05FDY
32	20	5		אֶרְאֶ֖ה	7200	HVqi1cs	05Aj4
32	20	6		מָ֣ה	4100	HTi	05AkW
32	20	7		אַחֲרִיתָ֑/ם	319	HNcfsc/Sp3mp	05uiE
32	20	8		כִּ֣י	3588 a	HC	05PYM
32	20	9		ד֤וֹר	1755	HNcmsc	05STV
32	20	10		תַּהְפֻּכֹת֙	8419	HNcfpa	05ws2
32	20	11		הֵ֔מָּה	1992	HPp3mp	05DSK
32	20	12		בָּנִ֖ים	1121 a	HNcmpa	05CPR
32	20	13		לֹא	3808	HTn	05X1u
32	20	14		אֵמֻ֥ן	529	HNcmsa	05EBz
32	20	15		בָּֽ/ם	b	HR/Sp3mp	058r7
32	21	1		הֵ֚ם	1992	HPp3mp	05Dgw
32	21	2		קִנְא֣וּ/נִי	7065	HVpp3cp/Sp1cs	0577t
32	21	3		בְ/לֹא	b/3808	HR/Tn	056DN
32	21	4		אֵ֔ל	410	HNcmsa	05Au6
32	21	5		כִּעֲס֖וּ/נִי	3707	HVpp3cp/Sp1cs	05AdW
32	21	6		בְּ/הַבְלֵי/הֶ֑ם	b/1892	HR/Ncmpc/Sp3mp	05URP
32	21	7		וַ/אֲנִי֙	c/589	HC/Pp1cs	05KcE
32	21	8		אַקְנִיאֵ֣/ם	7065	HVhi1cs/Sp3mp	05fck
32	21	9		בְּ/לֹא	b/3808	HR/Tn	05KWZ
32	21	10		עָ֔ם	5971 a	HNcmsa	05GxF
32	21	11		בְּ/ג֥וֹי	b/1471 a	HR/Ncmsa	05heY
32	21	12		נָבָ֖ל	5036	HAamsa	05Qp8
32	21	13		אַכְעִיסֵֽ/ם	3707	HVhi1cs/Sp3mp	05i3M
32	22	1		כִּי	3588 a	HC	05CHY
32	22	2		אֵשׁ֙	784	HNcbsa	054Nf
32	22	3		קָדְחָ֣ה	6919	HVqp3fs	055L5
32	22	4		בְ/אַפִּ֔/י	b/639	HR/Ncmsc/Sp1cs	05enK
32	22	5		וַ/תִּיקַ֖ד	c/3344	HC/Vqw3fs	05K5U
32	22	6		עַד	5704	HR	05efE
32	22	7		שְׁא֣וֹל	7585	HNp	05KYn
32	22	8		תַּחְתִּ֑ית	8482	HAafsa	05BXC
32	22	9		וַ/תֹּ֤אכַל	c/398	HC/Vqw3fs	05rjU
32	22	10		אֶ֨רֶץ֙	776	HNcbsa	05J3e
32	22	11		וִֽ/יבֻלָ֔/הּ	c/2981	HC/Ncmsc/Sp3fs	051sE
32	22	12		וַ/תְּלַהֵ֖ט	c/3857	HC/Vpw3fs	05kg7
32	22	13		מוֹסְדֵ֥י	4146	HNcbpc	05AFg
32	22	14		הָרִֽים	2022	HNcmpa	05bvx
32	23	1		אַסְפֶּ֥ה	5595	HVhi1cs	05GfB
32	23	2		עָלֵ֖י/מוֹ	5921 a	HR/Sp3mp	054je
32	23	3		רָע֑וֹת	7451 c	HNcfpa	05i7S
32	23	4		חִצַּ֖/י	2671	HNcmpc/Sp1cs	05aow
32	23	5		אֲכַלֶּה	3615	HVpi1cs	059bQ
32	23	6		בָּֽ/ם	b	HR/Sp3mp	05Yq9
32	24	1		מְזֵ֥י	4198	HAampc	05uGN
32	24	2		רָעָ֛ב	7458	HNcmsa	05FAy
32	24	3		וּ/לְחֻ֥מֵי	c/3898 b	HC/Vqsmpc	05BG9
32	24	4		רֶ֖שֶׁף	7565	HNcmsa	05x4e
32	24	5		וְ/קֶ֣טֶב	c/6986	HC/Ncmsa	05Yqj
32	24	6		מְרִירִ֑י	4815	HAamsa	05NTm
32	24	7		וְ/שֶׁן	c/8127	HC/Ncbsc	05hm4
32	24	8		בְּהֵמוֹת֙	929	HNcfpa	05xHs
32	24	9		אֲשַׁלַּח	7971	HVpi1cs	05P9p
32	24	10		בָּ֔/ם	b	HR/Sp3mp	05QDF
32	24	11		עִם	5973 a	HR	05PxA
32	24	12		חֲמַ֖ת	2534	HNcfsc	054Kq
32	24	13		זֹחֲלֵ֥י	2119 a	HVqrmpc	05eWp
32	24	14		עָפָֽר	6083	HNcmsa	05ERL
32	25	1		מִ/חוּץ֙	m/2351	HR/Ncmsa	051QN
32	25	2		תְּשַׁכֶּל	7921 a	HVpi3fs	05b7N
32	25	3		חֶ֔רֶב	2719	HNcfsa	052Lq
32	25	4		וּ/מֵ/חֲדָרִ֖ים	c/m/2315	HC/R/Ncmpa	05k6u
32	25	5		אֵימָ֑ה	367	HNcfsa	05GH2
32	25	6		גַּם	1571	HTa	05FCm
32	25	7		בָּחוּר֙	970	HNcmsa	05XiL
32	25	8		גַּם	1571	HTa	05tAh
32	25	9		בְּתוּלָ֔ה	1330	HNcfsa	05ckt
32	25	10		יוֹנֵ֖ק	3243	HVqrmsa	053hn
32	25	11		עִם	5973 a	HR	05PT7
32	25	12		אִ֥ישׁ	376	HNcmsc	05WGv
32	25	13		שֵׂיבָֽה	7872	HNcfsa	05DwC
32	26	1		אָמַ֖רְתִּי	559	HVqp1cs	05HXr
32	26	2		אַפְאֵי/הֶ֑ם	6284	HVhh1cs/Sp3mp	05nA4
32	26	3		אַשְׁבִּ֥יתָה	7673 a	HVhh1cs	05FFy
32	26	4		מֵ/אֱנ֖וֹשׁ	m/582	HR/Ncmsa	05WTq
32	26	5		זִכְרָֽ/ם	2143	HNcmsc/Sp3mp	05hbs
32	27	1		לוּלֵ֗י	3884	HC	0563S
32	27	2		כַּ֤עַס	3708 a	HNcmsc	05fX1
32	27	3		אוֹיֵב֙	341	HVqrmsa	05KVY
32	27	4		אָג֔וּר	1481 c	HVqi1cs	05UAj
32	27	5		פֶּֽן	6435	HC	05mgd
32	27	6		יְנַכְּר֖וּ	5234 b	HVpi3mp	05Vnb
32	27	7		צָרֵ֑י/מוֹ	6862 c	HNcmpc/Sp3mp	05trY
32	27	8		פֶּן	6435	HC	05aK5
32	27	9		יֹֽאמְרוּ֙	559	HVqi3mp	05okA
32	27	10		יָדֵ֣י/נוּ	3027	HNcbdc/Sp1cp	055H7
32	27	11		רָ֔מָה	7311 a	HVqp3fs	056GM
32	27	12		וְ/לֹ֥א	c/3808	HC/Tn	056Ep
32	27	13		יְהוָ֖ה	3068	HNp	05GQh
32	27	14		פָּעַ֥ל	6466	HVqp3ms	05oLz
32	27	15		כָּל	3605	HNcmsc	05Jvw
32	27	16		זֹֽאת	2063	HPdxfs	05o7k
32	28	1		כִּי	3588 a	HC	05Mgn
32	28	2		ג֛וֹי	1471 a	HNcmsa	05xS9
32	28	3		אֹבַ֥ד	6	HVqrmsc	05p8V
32	28	4		עֵצ֖וֹת	6098	HNcfpa	05dgX
32	28	5		הֵ֑מָּה	1992	HPp3mp	05Pwe
32	28	6		וְ/אֵ֥ין	c/369	HC/Tn	05D5n
32	28	7		בָּ/הֶ֖ם	b	HR/Sp3mp	05UV2
32	28	8		תְּבוּנָֽה	8394	HNcfsa	05f51
32	29	1		ל֥וּ	3863	HC	059pN
32	29	2		חָכְמ֖וּ	2449	HVqp3cp	05sDi
32	29	3		יַשְׂכִּ֣ילוּ	7919 a	HVhi3mp	05MKj
32	29	4		זֹ֑את	2063	HPdxfs	05VPX
32	29	5		יָבִ֖ינוּ	995	HVqi3mp	05Mwx
32	29	6		לְ/אַחֲרִיתָֽ/ם	l/319	HR/Ncfsc/Sp3mp	05D2u
32	30	1		אֵיכָ֞ה	349 b	HTi	05s62
32	30	2		יִרְדֹּ֤ף	7291	HVqi3ms	057JY
32	30	3		אֶחָד֙	259	HAcmsa	05qoF
32	30	4		אֶ֔לֶף	505	HAcbsa	05Nvz
32	30	5		וּ/שְׁנַ֖יִם	c/8147	HC/Acmda	05mG4
32	30	6		יָנִ֣יסוּ	5127	HVhi3mp	05qdX
32	30	7		רְבָבָ֑ה	7233	HNcfsa	051Rs
32	30	8		אִם	518 a	HC	0546D
32	30	9		לֹא֙	3808	HTn	057Kq
32	30	10		כִּי	3588 a	HC	05KbV
32	30	11		צוּרָ֣/ם	6697	HNcmsc/Sp3mp	05BBe
32	30	12		מְכָרָ֔/ם	4376	HVqp3ms/Sp3mp	05DST
32	30	13		וַֽ/יהוָ֖ה	c/3068	HC/Np	05DQH
32	30	14		הִסְגִּירָֽ/ם	5462	HVhp3ms/Sp3mp	05EDQ
32	31	1		כִּ֛י	3588 a	HC	05XXm
32	31	2		לֹ֥א	3808	HTn	05KwK
32	31	3		כְ/צוּרֵ֖/נוּ	k/6697	HR/Ncmsc/Sp1cp	05Zii
32	31	4		צוּרָ֑/ם	6697	HNcmsc/Sp3mp	05uQR
32	31	5		וְ/אֹיְבֵ֖י/נוּ	c/341	HC/Vqrmpc/Sp1cp	05u39
32	31	6		פְּלִילִֽים	6414	HNcmpa	05m9g
32	32	1		כִּֽי	3588 a	HC	05VXr
32	32	2		מִ/גֶּ֤פֶן	m/1612	HR/Ncbsc	05iQV
32	32	3		סְדֹם֙	5467	HNp	052JV
32	32	4		גַּפְנָ֔/ם	1612	HNcbsc/Sp3mp	059y8
32	32	5		וּ/מִ/שַּׁדְמֹ֖ת	c/m/7709	HC/R/Ncfpc	05HPu
32	32	6		עֲמֹרָ֑ה	6017	HNp	05ooa
32	32	7		עֲנָבֵ֨/מוֹ֙	6025	HNcmpc/Sp3mp	05oNZ
32	32	8		עִנְּבֵי	6025	HNcmpc	05FRX
32	32	9		ר֔וֹשׁ	7219	HNcmsa	05125
32	32	10		אַשְׁכְּלֹ֥ת	811	HNcmpc	058eG
32	32	11		מְרֹרֹ֖ת	4846	HNcfpa	05EbF
32	32	12		לָֽ/מוֹ	l	HR/Sp3mp	054Jo
32	33	1		חֲמַ֥ת	2534	HNcfsc	05Rgq
32	33	2		תַּנִּינִ֖ם	8577 b	HNcmpa	05pUz
32	33	3		יֵינָ֑/ם	3196	HNcmsc/Sp3mp	05GbB
32	33	4		וְ/רֹ֥אשׁ	c/7219	HC/Ncmsc	052Eu
32	33	5		פְּתָנִ֖ים	6620	HNcmpa	05Vys
32	33	6		אַכְזָֽר	393	HAamsa	05mpZ
32	34	1		הֲ/לֹא	i/3808	HTi/Tn	058G9
32	34	2		ה֖וּא	1931	HPp3ms	05TsV
32	34	3		כָּמֻ֣ס	3647	HVqsmsa	05idq
32	34	4		עִמָּ/דִ֑י	5978	HR/Sp1cs	05FLj
32	34	5		חָתֻ֖ם	2856	HVqsmsa	05exb
32	34	6		בְּ/אוֹצְרֹתָֽ/י	b/214	HR/Ncmpc/Sp1cs	05aAR
32	35	1		לִ֤/י	l	HR/Sp1cs	05fqY
32	35	2		נָקָם֙	5359	HNcmsa	05nan
32	35	3		וְ/שִׁלֵּ֔ם	c/8005	HC/Ncmsa	05DHb
32	35	4		לְ/עֵ֖ת	l/6256	HR/Ncbsc	05iuD
32	35	5		תָּמ֣וּט	4131	HVqi3fs	05hZm
32	35	6		רַגְלָ֑/ם	7272	HNcfsc/Sp3mp	057xK
32	35	7		כִּ֤י	3588 a	HC	05s5p
32	35	8		קָרוֹב֙	7138	HAamsa	0555c
32	35	9		י֣וֹם	3117	HNcmsc	059hm
32	35	10		אֵידָ֔/ם	343	HNcmsc/Sp3mp	05bwL
32	35	11		וְ/חָ֖שׁ	c/2363 a	HC/Vqq3ms	05tFq
32	35	12		עֲתִדֹ֥ת	6264	HAafpa	05Dkd
32	35	13		לָֽ/מוֹ	l	HR/Sp3mp	05PWV
32	36	1		כִּֽי	3588 a	HC	059v2
32	36	2		יָדִ֤ין	1777	HVqi3ms	05c5v
32	36	3		יְהוָה֙	3068	HNp	055WL
32	36	4		עַמּ֔/וֹ	5971 a	HNcmsc/Sp3ms	05JfN
32	36	5		וְ/עַל	c/5921 a	HC/R	05VCc
32	36	6		עֲבָדָ֖י/ו	5650	HNcmpc/Sp3ms	05aeF
32	36	7		יִתְנֶחָ֑ם	5162	HVti3ms	056Xg
32	36	8		כִּ֤י	3588 a	HC	05Kx4
32	36	9		יִרְאֶה֙	7200	HVqi3ms	05z9w
32	36	10		כִּי	3588 a	HC	05qNL
32	36	11		אָ֣זְלַת	235	HVqp3fs	05W8k
32	36	12		יָ֔ד	3027	HNcbsa	05CEX
32	36	13		וְ/אֶ֖פֶס	c/657 a	HC/Ncmsa	05sDa
32	36	14		עָצ֥וּר	6113	HVqsmsa	05PsQ
32	36	15		וְ/עָזֽוּב	c/5800 a	HC/Vqsmsa	05MNk
32	37	1		וְ/אָמַ֖ר	c/559	HC/Vqq3ms	05Fc2
32	37	2		אֵ֣י	335	HTi	05Fz5
32	37	3		אֱלֹהֵ֑י/מוֹ	430	HNcmpc/Sp3mp	058DJ
32	37	4		צ֖וּר	6697	HNcmsa	05Lmg
32	37	5		חָסָ֥יוּ	2620	HVqp3cp	05R4v
32	37	6		בֽ/וֹ	b	HR/Sp3ms	05Ut7
32	38	1		אֲשֶׁ֨ר	834 a	HTr	05Xof
32	38	2		חֵ֤לֶב	2459	HNcmsc	055uC
32	38	3		זְבָחֵ֨י/מוֹ֙	2077	HNcmpc/Sp3mp	05EAw
32	38	4		יֹאכֵ֔לוּ	398	HVqi3mp	05tQm
32	38	5		יִשְׁתּ֖וּ	8354	HVqi3mp	05DRQ
32	38	6		יֵ֣ין	3196	HNcmsc	05pNN
32	38	7		נְסִיכָ֑/ם	5257 a	HNcmsc/Sp3mp	05gBT
32	38	8		יָק֨וּמוּ֙	6965 b	HVqi3mp	05Jk1
32	38	9		וְ/יַעְזְרֻ/כֶ֔ם	c/5826	HC/Vqi3mp/Sp2mp	05Hn8
32	38	10		יְהִ֥י	1961	HVqj3ms	05Zse
32	38	11		עֲלֵי/כֶ֖ם	5921 a	HR/Sp2mp	05riF
32	38	12		סִתְרָֽה	5643 b	HNcfsa	05RmD
32	39	1		רְא֣וּ	7200	HVqv2mp	05pEW
32	39	2		עַתָּ֗ה	6258	HD	05fvs
32	39	3		כִּ֣י	3588 a	HC	059N5
32	39	4		אֲנִ֤י	589	HPp1cs	05R7n
32	39	5		אֲנִי֙	589	HPp1cs	05NCi
32	39	6		ה֔וּא	1931	HPp3ms	05ejZ
32	39	7		וְ/אֵ֥ין	c/369	HC/Tn	05ntv
32	39	8		אֱלֹהִ֖ים	430	HNcmpa	05A17
32	39	9		עִמָּ/דִ֑י	5978	HR/Sp1cs	05DrV
32	39	10		אֲנִ֧י	589	HPp1cs	05tHP
32	39	11		אָמִ֣ית	4191	HVhi1cs	05pNL
32	39	12		וַ/אֲחַיֶּ֗ה	c/2421	HC/Vpi1cs	05K8f
32	39	13		מָחַ֨צְתִּי֙	4272	HVqp1cs	05M2d
32	39	14		וַ/אֲנִ֣י	c/589	HC/Pp1cs	05HUj
32	39	15		אֶרְפָּ֔א	7495	HVqi1cs	05AkQ
32	39	16		וְ/אֵ֥ין	c/369	HC/Tn	05qKA
32	39	17		מִ/יָּדִ֖/י	m/3027	HR/Ncbsc/Sp1cs	05UvS
32	39	18		מַצִּֽיל	5337	HVhrmsa	05byr
32	40	1		כִּֽי	3588 a	HC	05UE2
32	40	2		אֶשָּׂ֥א	5375	HVqi1cs	05D7w
32	40	3		אֶל	413	HR	05Yz1
32	40	4		שָׁמַ֖יִם	8064	HNcmpa	05m9p
32	40	5		יָדִ֑/י	3027	HNcbsc/Sp1cs	05ih8
32	40	6		וְ/אָמַ֕רְתִּי	c/559	HC/Vqq1cs	058hZ
32	40	7		חַ֥י	2416 a	HAamsa	05k4b
32	40	8		אָנֹכִ֖י	595	HPp1cs	05ZXj
32	40	9		לְ/עֹלָֽם	l/5769	HR/Ncmsa	05SRr
32	41	1		אִם	518 a	HC	05Vun
32	41	2		שַׁנּוֹתִי֙	8150	HVqp1cs	05cyh
32	41	3		בְּרַ֣ק	1300 b	HNcmsc	05AQ3
32	41	4		חַרְבִּ֔/י	2719	HNcfsc/Sp1cs	05NWB
32	41	5		וְ/תֹאחֵ֥ז	c/270	HC/Vqi3fs	051of
32	41	6		בְּ/מִשְׁפָּ֖ט	b/4941	HR/Ncmsa	059Sr
32	41	7		יָדִ֑/י	3027	HNcbsc/Sp1cs	052wD
32	41	8		אָשִׁ֤יב	7725	HVhi1cs	059Ms
32	41	9		נָקָם֙	5359	HNcmsa	05GM9
32	41	10		לְ/צָרָ֔/י	l/6862 c	HR/Ncmpc/Sp1cs	05K43
32	41	11		וְ/לִ/מְשַׂנְאַ֖/י	c/l/8130	HC/R/Vprmpc/Sp1cs	05Nh3
32	41	12		אֲשַׁלֵּֽם	7999 a	HVpi1cs	05Pay
32	42	1		אַשְׁכִּ֤יר	7937	HVhi1cs	05tpq
32	42	2		חִצַּ/י֙	2671	HNcmpc/Sp1cs	051f1
32	42	3		מִ/דָּ֔ם	m/1818	HR/Ncmsa	05kVM
32	42	4		וְ/חַרְבִּ֖/י	c/2719	HC/Ncfsc/Sp1cs	05bsZ
32	42	5		תֹּאכַ֣ל	398	HVqi3fs	05TEL
32	42	6		בָּשָׂ֑ר	1320	HNcmsa	05ytb
32	42	7		מִ/דַּ֤ם	m/1818	HR/Ncmsc	053ey
32	42	8		חָלָל֙	2491 a	HAamsa	05RmL
32	42	9		וְ/שִׁבְיָ֔ה	c/7633	HC/Ncbsa	05ci2
32	42	10		מֵ/רֹ֖אשׁ	m/7218 a	HR/Ncmsc	05a1E
32	42	11		פַּרְע֥וֹת	6546	HNcmpc	059Ga
32	42	12		אוֹיֵֽב	341	HVqrmsa	05ZVW
32	43	1		הַרְנִ֤ינוּ	7442 b	HVhv2mp	05w7w
32	43	2		גוֹיִם֙	1471 a	HNcmpa	059mv
32	43	3		עַמּ֔/וֹ	5971 a	HNcmsc/Sp3ms	05nRN
32	43	4		כִּ֥י	3588 a	HC	05vJe
32	43	5		דַם	1818	HNcmsc	05iPK
32	43	6		עֲבָדָ֖י/ו	5650	HNcmpc/Sp3ms	05n6v
32	43	7		יִקּ֑וֹם	5358	HVqi3ms	05V76
32	43	8		וְ/נָקָם֙	c/5359	HC/Ncmsa	05g48
32	43	9		יָשִׁ֣יב	7725	HVhi3ms	05enX
32	43	10		לְ/צָרָ֔י/ו	l/6862 c	HR/Ncmpc/Sp3ms	059J8
32	43	11		וְ/כִפֶּ֥ר	c/3722 a	HC/Vpq3ms	05Gat
32	43	12		אַדְמָת֖/וֹ	127	HNcfsc/Sp3ms	05kwx
32	43	13		עַמּֽ/וֹ	5971 a	HNcmsc/Sp3ms	05CFi
32	44	1		וַ/יָּבֹ֣א	c/935	HC/Vqw3ms	05Ksw
32	44	2		מֹשֶׁ֗ה	4872	HNp	05s23
32	44	3		וַ/יְדַבֵּ֛ר	c/1696	HC/Vpw3ms	05ir2
32	44	4		אֶת	853	HTo	05nKr
32	44	5		כָּל	3605	HNcmsc	05Wfu
32	44	6		דִּבְרֵ֥י	1697	HNcmpc	05UgW
32	44	7		הַ/שִּׁירָֽה	d/7892 b	HTd/Ncbsa	05eLU
32	44	8		הַ/זֹּ֖את	d/2063	HTd/Pdxfs	05WcU
32	44	9		בְּ/אָזְנֵ֣י	b/241	HR/Ncfdc	05ynw
32	44	10		הָ/עָ֑ם	d/5971 a	HTd/Ncmsa	05FA8
32	44	11		ה֖וּא	1931	HPp3ms	052Hj
32	44	12		וְ/הוֹשֵׁ֥עַ	c/1954	HC/Np	05x4P
32	44	13		בִּן	1121 a	HNcmsc	05NmG
32	44	14		נֽוּן	5126	HNp	05M3w
32	45	1		וַ/יְכַ֣ל	c/3615	HC/Vpw3ms	05yJa
32	45	2		מֹשֶׁ֗ה	4872	HNp	05uhf
32	45	3		לְ/דַבֵּ֛ר	l/1696	HR/Vpc	05dks
32	45	4		אֶת	853	HTo	05ouy
32	45	5		כָּל	3605	HNcmsc	05ehD
32	45	6		הַ/דְּבָרִ֥ים	d/1697	HTd/Ncmpa	05KPB
32	45	7		הָ/אֵ֖לֶּה	d/428	HTd/Pdxcp	05P7d
32	45	8		אֶל	413	HR	05kAs
32	45	9		כָּל	3605	HNcmsc	05Fsp
32	45	10		יִשְׂרָאֵֽל	3478	HNp	058eB
32	46	1		וַ/יֹּ֤אמֶר	c/559	HC/Vqw3ms	05rzb
32	46	2		אֲלֵ/הֶם֙	413	HR/Sp3mp	05zyM
32	46	3		שִׂ֣ימוּ	7760 a	HVqv2mp	05ReG
32	46	4		לְבַבְ/כֶ֔ם	3824	HNcmsc/Sp2mp	05fwY
32	46	5		לְ/כָל	l/3605	HR/Ncmsc	05SRg
32	46	6		הַ/דְּבָרִ֔ים	d/1697	HTd/Ncmpa	05cko
32	46	7		אֲשֶׁ֧ר	834 a	HTr	05fcp
32	46	8		אָנֹכִ֛י	595	HPp1cs	05ZBs
32	46	9		מֵעִ֥יד	5749 b	HVhrmsa	056Z7
32	46	10		בָּ/כֶ֖ם	b	HR/Sp2mp	059vP
32	46	11		הַ/יּ֑וֹם	d/3117	HTd/Ncmsa	05SoK
32	46	12		אֲשֶׁ֤ר	834 a	HTr	05BZe
32	46	13		תְּצַוֻּ/ם֙	6680	HVpi2mp/Sp3mp	05nkd
32	46	14		אֶת	853	HTo	052g5
32	46	15		בְּנֵי/כֶ֔ם	1121 a	HNcmpc/Sp2mp	05222
32	46	16		לִ/שְׁמֹ֣ר	l/8104	HR/Vqc	05pom
32	46	17		לַ/עֲשׂ֔וֹת	l/6213 a	HR/Vqc	05gQa
32	46	18		אֶת	853	HTo	05FPt
32	46	19		כָּל	3605	HNcmsc	05si5
32	46	20		דִּבְרֵ֖י	1697	HNcmpc	05ehc
32	46	21		הַ/תּוֹרָ֥ה	d/8451	HTd/Ncfsa	05QET
32	46	22		הַ/זֹּֽאת	d/2063	HTd/Pdxfs	05wtK
32	47	1		כִּ֠י	3588 a	HC	05WWz
32	47	2		לֹֽא	3808	HTn	05K8N
32	47	3		דָבָ֨ר	1697	HNcmsa	05JnB
32	47	4		רֵ֥ק	7386	HAamsa	05sSb
32	47	5		הוּא֙	1931	HPp3ms	05C3r
32	47	6		מִ/כֶּ֔ם	m/4480 a	HR/Sp2mp	05Uet
32	47	7		כִּי	3588 a	HC	05QiC
32	47	8		ה֖וּא	1931	HPp3ms	05HGx
32	47	9		חַיֵּי/כֶ֑ם	2416 e	HNcmpc/Sp2mp	05z2e
32	47	10		וּ/בַ/דָּבָ֣ר	c/b/1697	HC/Rd/Ncmsa	056Mg
32	47	11		הַ/זֶּ֗ה	d/2088	HTd/Pdxms	05FGy
32	47	12		תַּאֲרִ֤יכוּ	748	HVhi2mp	05nAJ
32	47	13		יָמִים֙	3117	HNcmpa	05uD2
32	47	14		עַל	5921 a	HR	05Mza
32	47	15		הָ֣/אֲדָמָ֔ה	d/127	HTd/Ncfsa	05Nnd
32	47	16		אֲשֶׁ֨ר	834 a	HTr	05fC6
32	47	17		אַתֶּ֜ם	859 d	HPp2mp	05Cxm
32	47	18		עֹבְרִ֧ים	5674 a	HVqrmpa	05F22
32	47	19		אֶת	853	HTo	05LpP
32	47	20		הַ/יַּרְדֵּ֛ן	d/3383	HTd/Np	05tUL
32	47	21		שָׁ֖מָּ/ה	8033	HD/Sd	05k7V
32	47	22		לְ/רִשְׁתָּֽ/הּ	l/3423	HR/Vqc/Sp3fs	056uY
32	48	1		וַ/יְדַבֵּ֤ר	c/1696	HC/Vpw3ms	05H6H
32	48	2		יְהוָה֙	3068	HNp	05fj8
32	48	3		אֶל	413	HR	05V5L
32	48	4		מֹשֶׁ֔ה	4872	HNp	05L6Q
32	48	5		בְּ/עֶ֛צֶם	b/6106	HR/Ncfsc	05R5T
32	48	6		הַ/יּ֥וֹם	d/3117	HTd/Ncmsa	05smN
32	48	7		הַ/זֶּ֖ה	d/2088	HTd/Pdxms	05USM
32	48	8		לֵ/אמֹֽר	l/559	HR/Vqc	0591S
32	49	1		עֲלֵ֡ה	5927	HVqv2ms	05kEf
32	49	2		אֶל	413	HR	05em7
32	49	3		הַר֩	2022	HNcmsc	05B4o
32	49	4		הָ/עֲבָרִ֨ים	d/5682	HTd/Np	05JhZ
32	49	5		הַ/זֶּ֜ה	d/2088	HTd/Pdxms	05bga
32	49	6		הַר	2022	HNcmsc	057bY
32	49	7		נְב֗וֹ	5015 a	HNp	05QB6
32	49	8		אֲשֶׁר֙	834 a	HTr	059Lx
32	49	9		בְּ/אֶ֣רֶץ	b/776	HR/Ncbsc	05ccD
32	49	10		מוֹאָ֔ב	4124	HNp	05m7G
32	49	11		אֲשֶׁ֖ר	834 a	HTr	05otq
32	49	12		עַל	5921 a	HR	05QYy
32	49	13		פְּנֵ֣י	6440	HNcbpc	05hX1
32	49	14		יְרֵח֑וֹ	3405	HNp	05Zc5
32	49	15		וּ/רְאֵה֙	c/7200	HC/Vqv2ms	05Wpy
32	49	16		אֶת	853	HTo	05BVC
32	49	17		אֶ֣רֶץ	776	HNcbsc	05N7c
32	49	18		כְּנַ֔עַן	3667 a	HNp	05imt
32	49	19		אֲשֶׁ֨ר	834 a	HTr	05cV5
32	49	20		אֲנִ֥י	589	HPp1cs	05DKm
32	49	21		נֹתֵ֛ן	5414	HVqrmsa	05PYg
32	49	22		לִ/בְנֵ֥י	l/1121 a	HR/Ncmpc	0514c
32	49	23		יִשְׂרָאֵ֖ל	3478	HNp	053L3
32	49	24		לַ/אֲחֻזָּֽה	l/272	HR/Ncfsa	05NP1
32	50	1		וּ/מֻ֗ת	c/4191	HC/Vqv2ms	05tLg
32	50	2		בָּ/הָר֙	b/2022	HRd/Ncmsa	05j2P
32	50	3		אֲשֶׁ֤ר	834 a	HTr	05t81
32	50	4		אַתָּה֙	859 a	HPp2ms	05h5A
32	50	5		עֹלֶ֣ה	5927	HVqrmsa	05NAd
32	50	6		שָׁ֔מָּ/ה	8033	HD/Sd	05VQE
32	50	7		וְ/הֵאָסֵ֖ף	c/622	HC/VNv2ms	05Nrc
32	50	8		אֶל	413	HR	05vYR
32	50	9		עַמֶּ֑י/ךָ	5971 b	HNcmpc/Sp2ms	05L7e
32	50	10		כַּֽ/אֲשֶׁר	k/834 d	HR/Tr	05xhJ
32	50	11		מֵ֞ת	4191	HVqp3ms	05bvt
32	50	12		אַהֲרֹ֤ן	175	HNp	051xx
32	50	13		אָחִ֨י/ךָ֙	251	HNcmsc/Sp2ms	056eW
32	50	14		בְּ/הֹ֣ר	b/2023	HR/Np	05uxf
32	50	15		הָ/הָ֔ר	d/2022	HTd/Ncmsa	05vLL
32	50	16		וַ/יֵּאָ֖סֶף	c/622	HC/VNw3ms	05Wnx
32	50	17		אֶל	413	HR	05eyp
32	50	18		עַמָּֽי/ו	5971 b	HNcmpc/Sp3ms	05Rqu
32	51	1		עַל֩	5921 a	HR	05aSL
32	51	2		אֲשֶׁ֨ר	834 a	HTr	05UeV
32	51	3		מְעַלְתֶּ֜ם	4603	HVqp2mp	05BBV
32	51	4		בִּ֗/י	b	HR/Sp1cs	059Jv
32	51	5		בְּ/תוֹךְ֙	b/8432	HR/Ncmsc	05hEG
32	51	6		בְּנֵ֣י	1121 a	HNcmpc	05GnM
32	51	7		יִשְׂרָאֵ֔ל	3478	HNp	0599c
32	51	8		בְּ/מֵֽי	b/4325	HR/Ncmpc	05S7P
32	51	9		מְרִיבַ֥ת	4808	HNcfsc	05ZdL
32	51	10		קָדֵ֖שׁ	6946	HNp	05Dd6
32	51	11		מִדְבַּר	4057 b	HNcmsc	0514S
32	51	12		צִ֑ן	6790	HNp	05Hms
32	51	13		עַ֣ל	5921 a	HR	05Ynh
32	51	14		אֲשֶׁ֤ר	834 a	HTr	05Y5R
32	51	15		לֹֽא	3808	HTn	051iU
32	51	16		קִדַּשְׁתֶּם֙	6942	HVpp2mp	05jhs
32	51	17		אוֹתִ֔/י	853	HTo/Sp1cs	05hfC
32	51	18		בְּ/ת֖וֹךְ	b/8432	HR/Ncmsc	05UAk
32	51	19		בְּנֵ֥י	1121 a	HNcmpc	051wT
32	51	20		יִשְׂרָאֵֽל	3478	HNp	05eqw
32	52	1		כִּ֥י	3588 a	HC	05MGT
32	52	2		מִ/נֶּ֖גֶד	m/5048	HR/R	056JN
32	52	3		תִּרְאֶ֣ה	7200	HVqi2ms	05yuX
32	52	4		אֶת	853	HTo	051Nj
32	52	5		הָ/אָ֑רֶץ	d/776	HTd/Ncbsa	05ELE
32	52	6		וְ/שָׁ֨מָּ/ה֙	c/8033	HC/D/Sd	053X1
32	52	7		לֹ֣א	3808	HTn	05NtW
32	52	8		תָב֔וֹא	935	HVqi2ms	055Ta
32	52	9		אֶל	413	HR	05Uy8
32	52	10		הָ/אָ֕רֶץ	d/776	HTd/Ncbsa	05Vfn
32	52	11		אֲשֶׁר	834 a	HTr	05yG4
32	52	12		אֲנִ֥י	589	HPp1cs	05bpG
32	52	13		נֹתֵ֖ן	5414	HVqrmsa	05QVv
32	52	14		לִ/בְנֵ֥י	l/1121 a	HR/Ncmpc	05kHb
32	52	15		יִשְׂרָאֵֽל	3478	HNp	05pss
33	1	1		וְ/זֹ֣את	c/2063	HC/Pdxfs	05y6V
33	1	2		הַ/בְּרָכָ֗ה	d/1293	HTd/Ncfsa	058TT
33	1	3		אֲשֶׁ֨ר	834 a	HTr	05gt7
33	1	4		בֵּרַ֥ךְ	1288	HVpp3ms	05dR3
33	1	5		מֹשֶׁ֛ה	4872	HNp	05pmS
33	1	6		אִ֥ישׁ	376	HNcmsc	05rdU
33	1	7		הָ/אֱלֹהִ֖ים	d/430	HTd/Ncmpa	05XHX
33	1	8		אֶת	853	HTo	05HZ4
33	1	9		בְּנֵ֣י	1121 a	HNcmpc	05phf
33	1	10		יִשְׂרָאֵ֑ל	3478	HNp	05thj
33	1	11		לִ/פְנֵ֖י	l/6440	HR/Ncbpc	05Fgu
33	1	12		מוֹתֽ/וֹ	4194	HNcmsc/Sp3ms	05s59
33	2	1		וַ/יֹּאמַ֗ר	c/559	HC/Vqw3ms	05mJ4
33	2	2		יְהוָ֞ה	3068	HNp	05mq1
33	2	3		מִ/סִּינַ֥י	m/5514	HR/Np	055wY
33	2	4		בָּא֙	935	HVqp3ms	05dRa
33	2	5		וְ/זָרַ֤ח	c/2224	HC/Vqq3ms	055ba
33	2	6		מִ/שֵּׂעִיר֙	m/8165 a	HR/Np	05Kez
33	2	7		לָ֔/מוֹ	l	HR/Sp3mp	05QFW
33	2	8		הוֹפִ֨יעַ֙	3313	HVhp3ms	057E1
33	2	9		מֵ/הַ֣ר	m/2022	HR/Ncmsc	05uQs
33	2	10		פָּארָ֔ן	6290	HNp	05DVy
33	2	11		וְ/אָתָ֖ה	c/857	HC/Vqq3ms	059ax
33	2	12		מֵ/רִבְבֹ֣ת	m/7233	HR/Ncfpc	058xQ
33	2	13		קֹ֑דֶשׁ	6944	HNcmsa	05xax
33	2	14		מִֽ/ימִינ֕/וֹ	m/3225	HR/Ncfsc/Sp3ms	05UrJ
33	2	15	x-ketiv	אשדת	799	HNcfsc	05QfD
33	2	16		אֵ֥שׁ	784	HNcbsc	059bG
33	2	17		דָּ֖ת	1881	HNcfsa	05UNy
33	2	18		לָֽ/מוֹ	l	HR/Sp3mp	05UXz
33	3	1		אַ֚ף	637	HTa	05xKb
33	3	2		חֹבֵ֣ב	2245	HVqrmsa	05MJ2
33	3	3		עַמִּ֔ים	5971 a	HNcmpa	05dj6
33	3	4		כָּל	3605	HNcmsc	055ca
33	3	5		קְדֹשָׁ֖י/ו	6918	HAampc/Sp3ms	0567J
33	3	6		בְּ/יָדֶ֑/ךָ	b/3027	HR/Ncbsc/Sp2ms	05qvy
33	3	7		וְ/הֵם֙	c/1992	HC/Pp3mp	05HKr
33	3	8		תֻּכּ֣וּ	8497	HVPp3cp	05EFM
33	3	9		לְ/רַגְלֶ֔/ךָ	l/7272	HR/Ncfsc/Sp2ms	05Z82
33	3	10		יִשָּׂ֖א	5375	HVqi3ms	05g8w
33	3	11		מִ/דַּבְּרֹתֶֽי/ךָ	m/1703	HR/Ncfpc/Sp2ms	05GY8
33	4	1		תּוֹרָ֥ה	8451	HNcfsa	05Xad
33	4	2		צִוָּה	6680	HVpp3ms	05FkD
33	4	3		לָ֖/נוּ	l	HR/Sp1cp	053kN
33	4	4		מֹשֶׁ֑ה	4872	HNp	05CVF
33	4	5		מוֹרָשָׁ֖ה	4181	HNcfsa	05YFH
33	4	6		קְהִלַּ֥ת	6952	HNcfsc	05A6X
33	4	7		יַעֲקֹֽב	3290	HNp	05csc
33	5	1		וַ/יְהִ֥י	c/1961	HC/Vqw3ms	05HGd
33	5	2		בִ/ישֻׁר֖וּן	b/3484	HR/Np	05YoL
33	5	3		מֶ֑לֶךְ	4428	HNcmsa	05hoh
33	5	4		בְּ/הִתְאַסֵּף֙	b/622	HR/Vtc	05knm
33	5	5		רָ֣אשֵׁי	7218 a	HNcmpc	05gaY
33	5	6		עָ֔ם	5971 a	HNcmsa	05kaH
33	5	7		יַ֖חַד	3162 a	HD	0587n
33	5	8		שִׁבְטֵ֥י	7626	HNcmpc	05FHv
33	5	9		יִשְׂרָאֵֽל	3478	HNp	05Lq6
33	6	1		יְחִ֥י	2421	HVqj3ms	05Qc3
33	6	2		רְאוּבֵ֖ן	7205	HNp	05uUM
33	6	3		וְ/אַל	c/408	HC/Tn	05F2x
33	6	4		יָמֹ֑ת	4191	HVqj3ms	05D4g
33	6	5		וִ/יהִ֥י	c/1961	HC/Vqj3ms	05aDm
33	6	6		מְתָ֖י/ו	4962	HNcmpc/Sp3ms	053Qd
33	6	7		מִסְפָּֽר	4557	HNcmsa	05N9M
33	7	1		וְ/זֹ֣את	c/2063	HC/Pdxfs	05pMP
33	7	2		לִֽ/יהוּדָה֮	l/3063	HR/Np	05FoR
33	7	3		וַ/יֹּאמַר֒	c/559	HC/Vqw3ms	05zFx
33	7	4		שְׁמַ֤ע	8085	HVqv2ms	05LSR
33	7	5		יְהוָה֙	3068	HNp	05H6c
33	7	6		ק֣וֹל	6963 a	HNcmsc	05oyW
33	7	7		יְהוּדָ֔ה	3063	HNp	055NW
33	7	8		וְ/אֶל	c/413	HC/R	05NM6
33	7	9		עַמּ֖/וֹ	5971 a	HNcmsc/Sp3ms	05iNv
33	7	10		תְּבִיאֶ֑/נּוּ	935	HVhi2ms/Sp3ms	05Smf
33	7	11		יָדָי/ו֙	3027	HNcbdc/Sp3ms	05nwK
33	7	12		רָ֣ב	7227 a	HVqp3ms	05UEY
33	7	13		ל֔/וֹ	l	HR/Sp3ms	05q89
33	7	14		וְ/עֵ֥זֶר	c/5828	HC/Ncmsa	05T93
33	7	15		מִ/צָּרָ֖י/ו	m/6862 c	HR/Ncmpc/Sp3ms	05TzH
33	7	16		תִּהְיֶֽה	1961	HVqi2ms	057LU
33	8	1		וּ/לְ/לֵוִ֣י	c/l/3878	HC/R/Np	05qPv
33	8	2		אָמַ֔ר	559	HVqp3ms	056vN
33	8	3		תֻּמֶּ֥י/ךָ	8550	HNcmpc/Sp2ms	05eN9
33	8	4		וְ/אוּרֶ֖י/ךָ	c/224	HC/Ncmpc/Sp2ms	059FH
33	8	5		לְ/אִ֣ישׁ	l/376	HR/Ncmsc	05wtn
33	8	6		חֲסִידֶ֑/ךָ	2623	HAamsc/Sp2ms	05UqK
33	8	7		אֲשֶׁ֤ר	834 a	HTr	05Vif
33	8	8		נִסִּית/וֹ֙	5254	HVpp2ms/Sp3ms	05tiY
33	8	9		בְּ/מַסָּ֔ה	b/4532	HR/Np	05dC9
33	8	10		תְּרִיבֵ֖/הוּ	7378	HVqi2ms/Sp3ms	05yuT
33	8	11		עַל	5921 a	HR	059HE
33	8	12		מֵ֥י	4325	HNcmpc	051JH
33	8	13		מְרִיבָֽה	4809	HNp	05da7
33	9	1		הָ/אֹמֵ֞ר	d/559	HTd/Vqrmsa	05cre
33	9	2		לְ/אָבִ֤י/ו	l/1	HR/Ncmsc/Sp3ms	05CDx
33	9	3		וּ/לְ/אִמּ/וֹ֙	c/l/517	HC/R/Ncfsc/Sp3ms	05nC8
33	9	4		לֹ֣א	3808	HTn	05tXF
33	9	5		רְאִיתִ֔י/ו	7200	HVqp1cs/Sp3ms	05c7T
33	9	6		וְ/אֶת	c/853	HC/To	05zT8
33	9	7		אֶחָי/ו֙	251	HNcmpc/Sp3ms	05KSt
33	9	8		לֹ֣א	3808	HTn	058q7
33	9	9		הִכִּ֔יר	5234 a	HVhp3ms	05uRN
33	9	10		וְ/אֶת	c/853	HC/To	05GK7
33	9	11	x-ketiv	בנ/ו	1121 a	HNcmsc/Sp3ms	05DsT
33	9	12		בָּנָ֖י/ו	1121 a	HNcmpc/Sp3ms	05HDg
33	9	13		לֹ֣א	3808	HTn	05tey
33	9	14		יָדָ֑ע	3045	HVqp3ms	05jSe
33	9	15		כִּ֤י	3588 a	HC	05AzV
33	9	16		שָֽׁמְרוּ֙	8104	HVqp3cp	05LVv
33	9	17		אִמְרָתֶ֔/ךָ	565 a	HNcfsc/Sp2ms	05Twt
33	9	18		וּ/בְרִֽיתְ/ךָ֖	c/1285	HC/Ncfsc/Sp2ms	05FpV
33	9	19		יִנְצֹֽרוּ	5341	HVqi3mp	05ZTF
33	10	1		יוֹר֤וּ	3384 b	HVhi3mp	05gSV
33	10	2		מִשְׁפָּטֶ֨י/ךָ֙	4941	HNcmpc/Sp2ms	05YL9
33	10	3		לְ/יַעֲקֹ֔ב	l/3290	HR/Np	05sqW
33	10	4		וְ/תוֹרָתְ/ךָ֖	c/8451	HC/Ncfsc/Sp2ms	05Z3K
33	10	5		לְ/יִשְׂרָאֵ֑ל	l/3478	HR/Np	05CP1
33	10	6		יָשִׂ֤ימוּ	7760 a	HVqi3mp	052VA
33	10	7		קְטוֹרָה֙	6988	HNcfsa	05aYX
33	10	8		בְּ/אַפֶּ֔/ךָ	b/639	HR/Ncmsc/Sp2ms	05njq
33	10	9		וְ/כָלִ֖יל	c/3632	HC/Aamsa	05Rnv
33	10	10		עַֽל	5921 a	HR	05PCr
33	10	11		מִזְבְּחֶֽ/ךָ	4196	HNcmsc/Sp2ms	05A64
33	11	1		בָּרֵ֤ךְ	1288	HVpv2ms	058vJ
33	11	2		יְהוָה֙	3068	HNp	05Kxy
33	11	3		חֵיל֔/וֹ	2428	HNcmsc/Sp3ms	052J6
33	11	4		וּ/פֹ֥עַל	c/6467	HC/Ncmsc	055Bz
33	11	5		יָדָ֖י/ו	3027	HNcbdc/Sp3ms	05Bsz
33	11	6		תִּרְצֶ֑ה	7521	HVqi2ms	05TAs
33	11	7		מְחַ֨ץ	4272	HVqv2ms	05UQv
33	11	8		מָתְנַ֧יִם	4975	HNcmda	05ZYA
33	11	9		קָמָ֛י/ו	6965 b	HVqrmpc/Sp3ms	05GTn
33	11	10		וּ/מְשַׂנְאָ֖י/ו	c/8130	HC/Vprmpc/Sp3ms	05Jpi
33	11	11		מִן	4480 a	HR	05N26
33	11	12		יְקוּמֽוּ/ן	6965 b	HVqi3mp/Sn	05PyS
33	12	1		לְ/בִנְיָמִ֣ן	l/1144	HR/Np	053wE
33	12	2		אָמַ֔ר	559	HVqp3ms	05BmC
33	12	3		יְדִ֣יד	3039 a	HAamsc	05vbW
33	12	4		יְהֹוָ֔ה	3068	HNp	05VUb
33	12	5		יִשְׁכֹּ֥ן	7931	HVqi3ms	05FCa
33	12	6		לָ/בֶ֖טַח	l/983	HR/Ncmsa	059YC
33	12	7		עָלָ֑י/ו	5921 a	HR/Sp3ms	05Ub9
33	12	8		חֹפֵ֤ף	2653	HVqrmsa	0548w
33	12	9		עָלָי/ו֙	5921 a	HR/Sp3ms	05kz8
33	12	10		כָּל	3605	HNcmsc	05VVi
33	12	11		הַ/יּ֔וֹם	d/3117	HTd/Ncmsa	05TZL
33	12	12		וּ/בֵ֥ין	c/996	HC/R	05joC
33	12	13		כְּתֵיפָ֖י/ו	3802	HNcfdc/Sp3ms	05ZR6
33	12	14		שָׁכֵֽן	7931	HVqp3ms	05hAW
33	13	1		וּ/לְ/יוֹסֵ֣ף	c/l/3130	HC/R/Np	0571f
33	13	2		אָמַ֔ר	559	HVqp3ms	05zgE
33	13	3		מְבֹרֶ֥כֶת	1288	HVPsfsc	059GF
33	13	4		יְהֹוָ֖ה	3068	HNp	05CoT
33	13	5		אַרְצ֑/וֹ	776	HNcbsc/Sp3ms	059bv
33	13	6		מִ/מֶּ֤גֶד	m/4022	HR/Ncmsc	05PEh
33	13	7		שָׁמַ֨יִם֙	8064	HNcmpa	0549p
33	13	8		מִ/טָּ֔ל	m/2919	HR/Ncmsa	05PNm
33	13	9		וּ/מִ/תְּה֖וֹם	c/m/8415	HC/R/Ncbsa	05Hvn
33	13	10		רֹבֶ֥צֶת	7257	HVqrfsa	05kgY
33	13	11		תָּֽחַת	8478	HNcmsa	05qhh
33	14	1		וּ/מִ/מֶּ֖גֶד	c/m/4022	HC/R/Ncmsc	05x1E
33	14	2		תְּבוּאֹ֣ת	8393	HNcfpc	05X9n
33	14	3		שָׁ֑מֶשׁ	8121	HNcbsa	057jF
33	14	4		וּ/מִ/מֶּ֖גֶד	c/m/4022	HC/R/Ncmsc	05XJg
33	14	5		גֶּ֥רֶשׁ	1645	HNcmsc	05kRY
33	14	6		יְרָחִֽים	3391	HNcmpa	05wwA
33	15	1		וּ/מֵ/רֹ֖אשׁ	c/m/7218 a	HC/R/Ncmsc	05ecy
33	15	2		הַרְרֵי	2042	HNcmpc	05KW6
33	15	3		קֶ֑דֶם	6924 a	HNcmsa	05egZ
33	15	4		וּ/מִ/מֶּ֖גֶד	c/m/4022	HC/R/Ncmsc	059zj
33	15	5		גִּבְע֥וֹת	1389	HNcfpc	05wDm
33	15	6		עוֹלָֽם	5769	HNcmsa	05XBL
33	16	1		וּ/מִ/מֶּ֗גֶד	c/m/4022	HC/R/Ncmsc	0591A
33	16	2		אֶ֚רֶץ	776	HNcbsa	05ShR
33	16	3		וּ/מְלֹאָ֔/הּ	c/4393	HC/Ncmsc/Sp3fs	05ofP
33	16	4		וּ/רְצ֥וֹן	c/7522	HC/Ncmsc	05Ucb
33	16	5		שֹׁכְנִ֖י	7931	HVqrmsc	051kC
33	16	6		סְנֶ֑ה	5572	HNcmsa	05NaD
33	16	7		תָּב֨וֹאתָ/ה֙	935	HVqi3fs/Sh	05Se2
33	16	8		לְ/רֹ֣אשׁ	l/7218 a	HR/Ncmsc	05zk8
33	16	9		יוֹסֵ֔ף	3130	HNp	05KF6
33	16	10		וּ/לְ/קָדְקֹ֖ד	c/l/6936	HC/R/Ncmsc	05MQB
33	16	11		נְזִ֥יר	5139	HNcmsc	05qmg
33	16	12		אֶחָֽי/ו	251	HNcmpc/Sp3ms	05LhH
33	17	1		בְּכ֨וֹר	1060	HNcmsc	05haF
33	17	2		שׁוֹר֜/וֹ	7794	HNcmsc/Sp3ms	054cc
33	17	3		הָדָ֣ר	1926	HNcmsa	052sJ
33	17	4		ל֗/וֹ	l	HR/Sp3ms	05BAU
33	17	5		וְ/קַרְנֵ֤י	c/7161 a	HC/Ncbdc	0542z
33	17	6		רְאֵם֙	7214	HNcmsa	053nU
33	17	7		קַרְנָ֔י/ו	7161 a	HNcbdc/Sp3ms	05gs1
33	17	8		בָּ/הֶ֗ם	b	HR/Sp3mp	05mv1
33	17	9		עַמִּ֛ים	5971 a	HNcmpa	05KRK
33	17	10		יְנַגַּ֥ח	5055	HVpi3ms	057Vu
33	17	11		יַחְדָּ֖ו	3162 b	HD	05bru
33	17	12		אַפְסֵי	657 a	HNcmpc	05msw
33	17	13		אָ֑רֶץ	776	HNcbsa	05cVr
33	17	14		וְ/הֵם֙	c/1992	HC/Pp3mp	05Qeo
33	17	15		רִבְב֣וֹת	7233	HNcfpc	05tqQ
33	17	16		אֶפְרַ֔יִם	669	HNp	05KDK
33	17	17		וְ/הֵ֖ם	c/1992	HC/Pp3mp	05MYs
33	17	18		אַלְפֵ֥י	505	HAcbpc	057Zb
33	17	19		מְנַשֶּֽׁה	4519	HNp	05CeH
33	18	1		וְ/לִ/זְבוּלֻ֣ן	c/l/2074	HC/R/Np	05fs7
33	18	2		אָמַ֔ר	559	HVqp3ms	052Pc
33	18	3		שְׂמַ֥ח	8055	HVqv2ms	054Wc
33	18	4		זְבוּלֻ֖ן	2074	HNp	053gW
33	18	5		בְּ/צֵאתֶ֑/ךָ	b/3318	HR/Vqc/Sp2ms	05hnp
33	18	6		וְ/יִשָּׂשכָ֖ר	c/3485	HC/Np	053iK
33	18	7		בְּ/אֹהָלֶֽי/ךָ	b/168	HR/Ncmpc/Sp2ms	05abT
33	19	1		עַמִּים֙	5971 a	HNcmpa	05pRx
33	19	2		הַר	2022	HNcmsa	05sbX
33	19	3		יִקְרָ֔אוּ	7121	HVqi3mp	05Se6
33	19	4		שָׁ֖ם	8033	HD	05kBR
33	19	5		יִזְבְּח֣וּ	2076	HVqi3mp	05JkL
33	19	6		זִבְחֵי	2077	HNcmpc	05AuN
33	19	7		צֶ֑דֶק	6664	HNcmsa	05Abp
33	19	8		כִּ֣י	3588 a	HC	05kFN
33	19	9		שֶׁ֤פַע	8228	HNcmsc	051nB
33	19	10		יַמִּים֙	3220	HNcmpa	05bub
33	19	11		יִינָ֔קוּ	3243	HVqi3mp	0592o
33	19	12		וּ/שְׂפוּנֵ֖י	c/8226	HC/Vqsmpc	05oSz
33	19	13		טְמ֥וּנֵי	2934	HVqsmpc	059HU
33	19	14		חֽוֹל	2344	HNcmsa	058Ee
33	20	1		וּ/לְ/גָ֣ד	c/l/1410	HC/R/Np	05ZPw
33	20	2		אָמַ֔ר	559	HVqp3ms	05iVf
33	20	3		בָּר֖וּךְ	1288	HVqsmsa	05Jap
33	20	4		מַרְחִ֣יב	7337	HVhrmsc	059ju
33	20	5		גָּ֑ד	1410	HNp	05vEh
33	20	6		כְּ/לָבִ֣יא	k/3833 c	HR/Ncbsa	05oKS
33	20	7		שָׁכֵ֔ן	7931	HVqp3ms	052XX
33	20	8		וְ/טָרַ֥ף	c/2963	HC/Vqq3ms	05Gk7
33	20	9		זְר֖וֹעַ	2220	HNcbsa	057pL
33	20	10		אַף	637	HTa	05VK3
33	20	11		קָדְקֹֽד	6936	HNcmsa	05Xmd
33	21	1		וַ/יַּ֤רְא	c/7200	HC/Vqw3ms	05dHy
33	21	2		רֵאשִׁית֙	7225	HNcfsa	05oDM
33	21	3		ל֔/וֹ	l	HR/Sp3ms	05QmQ
33	21	4		כִּי	3588 a	HC	05fEZ
33	21	5		שָׁ֛ם	8033	HD	05ScY
33	21	6		חֶלְקַ֥ת	2513 a	HNcfsc	05zF1
33	21	7		מְחֹקֵ֖ק	2710	HVmrmsa	052DY
33	21	8		סָפ֑וּן	5603	HVqsmsa	05V2X
33	21	9		וַ/יֵּתֵא֙	c/857	HC/Vqw3ms	05aoH
33	21	10		רָ֣אשֵׁי	7218 a	HNcmpc	05xTB
33	21	11		עָ֔ם	5971 a	HNcmsa	05c9W
33	21	12		צִדְקַ֤ת	6666	HNcfsc	055wE
33	21	13		יְהוָה֙	3068	HNp	05Twf
33	21	14		עָשָׂ֔ה	6213 a	HVqp3ms	05hHi
33	21	15		וּ/מִשְׁפָּטָ֖י/ו	c/4941	HC/Ncmpc/Sp3ms	05cvU
33	21	16		עִם	5973 a	HR	05yHD
33	21	17		יִשְׂרָאֵֽל	3478	HNp	05BQ7
33	22	1		וּ/לְ/דָ֣ן	c/l/1835	HC/R/Np	05HVA
33	22	2		אָמַ֔ר	559	HVqp3ms	05dTu
33	22	3		דָּ֖ן	1835	HNp	05fK4
33	22	4		גּ֣וּר	1482	HNcmsc	05KUb
33	22	5		אַרְיֵ֑ה	738 b	HNcmsa	05MaM
33	22	6		יְזַנֵּ֖ק	2187	HVpi3ms	05HEm
33	22	7		מִן	4480 a	HR	05Cuf
33	22	8		הַ/בָּשָֽׁן	d/1316	HTd/Np	0556i
33	23	1		וּ/לְ/נַפְתָּלִ֣י	c/l/5321	HC/R/Np	05HtA
33	23	2		אָמַ֔ר	559	HVqp3ms	05DY4
33	23	3		נַפְתָּלִי֙	5321	HNp	05VwJ
33	23	4		שְׂבַ֣ע	7649	HAamsc	05RBP
33	23	5		רָצ֔וֹן	7522	HNcmsa	05N5H
33	23	6		וּ/מָלֵ֖א	c/4392	HC/Aamsa	05wF2
33	23	7		בִּרְכַּ֣ת	1293	HNcfsc	05Ee7
33	23	8		יְהוָ֑ה	3068	HNp	05WPj
33	23	9		יָ֥ם	3220	HNcmsa	05NGD
33	23	10		וְ/דָר֖וֹם	c/1864	HC/Ncmsa	05rVy
33	23	11		יְרָֽשָׁ/ה	3423	HVqv2ms/Sh	051sc
33	24	1		וּ/לְ/אָשֵׁ֣ר	c/l/836	HC/R/Np	05pMJ
33	24	2		אָמַ֔ר	559	HVqp3ms	05JUP
33	24	3		בָּר֥וּךְ	1288	HVqsmsa	05xzE
33	24	4		מִ/בָּנִ֖ים	m/1121 a	HR/Ncmpa	056Jh
33	24	5		אָשֵׁ֑ר	836	HNp	05Lr7
33	24	6		יְהִ֤י	1961	HVqi3ms	05wZb
33	24	7		רְצוּי֙	7521	HVqsmsc	05fbm
33	24	8		אֶחָ֔י/ו	251	HNcmpc/Sp3ms	05dL2
33	24	9		וְ/טֹבֵ֥ל	c/2881	HC/Vqrmsa	05Jnk
33	24	10		בַּ/שֶּׁ֖מֶן	b/8081	HRd/Ncmsa	05SGv
33	24	11		רַגְלֽ/וֹ	7272	HNcfsc/Sp3ms	05qEw
33	25	1		בַּרְזֶ֥ל	1270	HNcmsa	05tWu
33	25	2		וּ/נְחֹ֖שֶׁת	c/5178 a	HC/Ncfsa	05B9Z
33	25	3		מִנְעָלֶ֑י/ךָ	4515	HNcmpc/Sp2ms	055yS
33	25	4		וּ/כְ/יָמֶ֖י/ךָ	c/k/3117	HC/R/Ncmpc/Sp2ms	053EJ
33	25	5		דָּבְאֶֽ/ךָ	1679	HNcmsc/Sp2ms	058K1
33	26	1		אֵ֥ין	369	HTn	057XQ
33	26	2		כָּ/אֵ֖ל	k/410	HRd/Ncmsa	05WTG
33	26	3		יְשֻׁר֑וּן	3484	HNp	059PN
33	26	4		רֹכֵ֤ב	7392	HVqrmsa	05yLT
33	26	5		שָׁמַ֨יִם֙	8064	HNcmpa	05eXf
33	26	6		בְ/עֶזְרֶ֔/ךָ	b/5828	HR/Ncmsc/Sp2ms	05JhX
33	26	7		וּ/בְ/גַאֲוָת֖/וֹ	c/b/1346	HC/R/Ncfsc/Sp3ms	05X8T
33	26	8		שְׁחָקִֽים	7834	HNcmpa	054D5
33	27	1		מְעֹנָה֙	4585	HNcbsa	05eFs
33	27	2		אֱלֹ֣הֵי	430	HNcmpc	058f9
33	27	3		קֶ֔דֶם	6924 a	HNcmsa	05knP
33	27	4		וּ/מִ/תַּ֖חַת	c/m/8478	HC/R/R	05t1F
33	27	5		זְרֹעֹ֣ת	2220	HNcbpc	05gB7
33	27	6		עוֹלָ֑ם	5769	HNcmsa	05MuJ
33	27	7		וַ/יְגָ֧רֶשׁ	c/1644	HC/Vpw3ms	05yGU
33	27	8		מִ/פָּנֶ֛י/ךָ	m/6440	HR/Ncbpc/Sp2ms	05jBS
33	27	9		אוֹיֵ֖ב	341	HVqrmsa	05xmn
33	27	10		וַ/יֹּ֥אמֶר	c/559	HC/Vqw3ms	05uni
33	27	11		הַשְׁמֵֽד	8045	HVhv2ms	059vH
33	28	1		וַ/יִּשְׁכֹּן֩	c/7931	HC/Vqw3ms	055JN
33	28	2		יִשְׂרָאֵ֨ל	3478	HNp	053ii
33	28	3		בֶּ֤טַח	983	HNcmsa	05rLF
33	28	4		בָּדָד֙	910	HNcmsa	05oE6
33	28	5		עֵ֣ין	5869 b	HNcbsc	05hZ5
33	28	6		יַעֲקֹ֔ב	3290	HNp	05GMm
33	28	7		אֶל	413	HR	05Pea
33	28	8		אֶ֖רֶץ	776	HNcbsc	05wD4
33	28	9		דָּגָ֣ן	1715	HNcmsa	05qs9
33	28	10		וְ/תִיר֑וֹשׁ	c/8492	HC/Ncmsa	05fnU
33	28	11		אַף	637	HTa	05nXh
33	28	12		שָׁמָ֖י/ו	8064	HNcmpc/Sp3ms	05xAp
33	28	13		יַֽעַרְפוּ	6201	HVqi3mp	05jfE
33	28	14		טָֽל	2919	HNcmsa	05nJH
33	29	1		אַשְׁרֶ֨י/ךָ	835	HNcmpc/Sp2ms	05ChM
33	29	2		יִשְׂרָאֵ֜ל	3478	HNp	05qKB
33	29	3		מִ֣י	4310	HTi	05huq
33	29	4		כָמ֗וֹ/ךָ	3644	HR/Sp2ms	05JBt
33	29	5		עַ֚ם	5971 a	HNcmsa	05Gzb
33	29	6		נוֹשַׁ֣ע	3467	HVNp3ms	05Ks2
33	29	7		בַּֽ/יהוָ֔ה	b/3068	HR/Np	05e4v
33	29	8		מָגֵ֣ן	4043	HNcbsc	05bMz
33	29	9		עֶזְרֶ֔/ךָ	5828	HNcmsc/Sp2ms	05mw3
33	29	10		וַ/אֲשֶׁר	c/834 a	HC/Tr	05HTJ
33	29	11		חֶ֖רֶב	2719	HNcfsc	05aUp
33	29	12		גַּאֲוָתֶ֑/ךָ	1346	HNcfsc/Sp2ms	05gTS
33	29	13		וְ/יִכָּֽחֲשׁ֤וּ	c/3584	HC/VNi3mp	05UPq
33	29	14		אֹיְבֶ֨י/ךָ֙	341	HVqrmpc/Sp2ms	05Wjr
33	29	15		לָ֔/ךְ	l	HR/Sp2fs	05vQV
33	29	16		וְ/אַתָּ֖ה	c/859 a	HC/Pp2ms	05AHq
33	29	17		עַל	5921 a	HR	05A5h
33	29	18		בָּמוֹתֵ֥י/מוֹ	1116	HNcfpc/Sp3mp	05qcL
33	29	19		תִדְרֹֽךְ	1869	HVqi2ms	05DV1
34	1	1		וַ/יַּ֨עַל	c/5927	HC/Vqw3ms	05SnS
34	1	2		מֹשֶׁ֜ה	4872	HNp	05jw1
34	1	3		מֵֽ/עַרְבֹ֤ת	m/6160	HR/Ncfpc	056TX
34	1	4		מוֹאָב֙	4124	HNp	05dco
34	1	5		אֶל	413	HR	05i2C
34	1	6		הַ֣ר	2022	HNcmsc	05BBo
34	1	7		נְב֔וֹ	5015 a	HNp	054sm
34	1	8		רֹ֚אשׁ	7218 a	HNcmsc	05ZxZ
34	1	9		הַ/פִּסְגָּ֔ה	d/6449	HTd/Np	05kwV
34	1	10		אֲשֶׁ֖ר	834 a	HTr	05uZZ
34	1	11		עַל	5921 a	HR	059HJ
34	1	12		פְּנֵ֣י	6440	HNcbpc	05irc
34	1	13		יְרֵח֑וֹ	3405	HNp	05H8U
34	1	14		וַ/יַּרְאֵ֨/הוּ	c/7200	HC/Vhw3ms/Sp3ms	05VMs
34	1	15		יְהוָ֧ה	3068	HNp	05Kvq
34	1	16		אֶת	853	HTo	05ZwH
34	1	17		כָּל	3605	HNcmsc	05LWa
34	1	18		הָ/אָ֛רֶץ	d/776	HTd/Ncbsa	05B8h
34	1	19		אֶת	853	HTo	05bgi
34	1	20		הַ/גִּלְעָ֖ד	d/1568	HTd/Np	052kB
34	1	21		עַד	5704	HR	05vuj
34	1	22		דָּֽן	1835	HNp	05vTn
34	2	1		וְ/אֵת֙	c/853	HC/To	05gW3
34	2	2		כָּל	3605	HNcmsc	05f1A
34	2	3		נַפְתָּלִ֔י	5321	HNp	05UVx
34	2	4		וְ/אֶת	c/853	HC/To	05yP8
34	2	5		אֶ֥רֶץ	776	HNcbsc	05CJz
34	2	6		אֶפְרַ֖יִם	669	HNp	05Wtd
34	2	7		וּ/מְנַשֶּׁ֑ה	c/4519	HC/Np	05LaU
34	2	8		וְ/אֵת֙	c/853	HC/To	05E4D
34	2	9		כָּל	3605	HNcmsc	0525D
34	2	10		אֶ֣רֶץ	776	HNcbsc	05W8v
34	2	11		יְהוּדָ֔ה	3063	HNp	05gvU
34	2	12		עַ֖ד	5704	HR	05d6B
34	2	13		הַ/יָּ֥ם	d/3220	HTd/Ncmsa	05wUz
34	2	14		הָ/אַחֲרֽוֹן	d/314	HTd/Aamsa	05DUq
34	3	1		וְ/אֶת	c/853	HC/To	05jtK
34	3	2		הַ/נֶּ֗גֶב	d/5045	HTd/Ncmsa	05dbg
34	3	3		וְֽ/אֶת	c/853	HC/To	05XE3
34	3	4		הַ/כִּכָּ֞ר	d/3603	HTd/Ncbsa	055Ae
34	3	5		בִּקְעַ֧ת	1237	HNcfsc	055LF
34	3	6		יְרֵח֛וֹ	3405	HNp	05EnA
34	3	7		עִ֥יר	5892 b	HNcfsc	05qo9
34	3	8		הַ/תְּמָרִ֖ים	d/8558	HTd/Ncmpa	052Ze
34	3	9		עַד	5704	HR	05VLD
34	3	10		צֹֽעַר	6820	HNp	053qz
34	4	1		וַ/יֹּ֨אמֶר	c/559	HC/Vqw3ms	05pN5
34	4	2		יְהוָ֜ה	3068	HNp	058Rn
34	4	3		אֵלָ֗י/ו	413	HR/Sp3ms	05BbZ
34	4	4		זֹ֤את	2063	HPdxfs	05tiT
34	4	5		הָ/אָ֨רֶץ֙	d/776	HTd/Ncbsa	05JoR
34	4	6		אֲשֶׁ֣ר	834 a	HTr	05mjR
34	4	7		נִ֠שְׁבַּעְתִּי	7650	HVNp1cs	05p6B
34	4	8		לְ/אַבְרָהָ֨ם	l/85	HR/Np	0514q
34	4	9		לְ/יִצְחָ֤ק	l/3327	HR/Np	05qL2
34	4	10		וּֽ/לְ/יַעֲקֹב֙	c/l/3290	HC/R/Np	05BDU
34	4	11		לֵ/אמֹ֔ר	l/559	HR/Vqc	05fAD
34	4	12		לְ/זַרְעֲ/ךָ֖	l/2233	HR/Ncmsc/Sp2ms	05dAs
34	4	13		אֶתְּנֶ֑נָּ/ה	5414	HVqi1cs/Sp3fs	05YU3
34	4	14		הֶרְאִיתִ֣י/ךָ	7200	HVhp1cs/Sp2ms	05FWw
34	4	15		בְ/עֵינֶ֔י/ךָ	b/5869 a	HR/Ncbdc/Sp2ms	05GqE
34	4	16		וְ/שָׁ֖מָּ/ה	c/8033	HC/D/Sd	05j8b
34	4	17		לֹ֥א	3808	HTn	05qW8
34	4	18		תַעֲבֹֽר	5674 a	HVqi2ms	051MY
34	5	1		וַ/יָּ֨מָת	c/4191	HC/Vqw3ms	05ZjJ
34	5	2		שָׁ֜ם	8033	HD	051nr
34	5	3		מֹשֶׁ֧ה	4872	HNp	05Ckg
34	5	4		עֶֽבֶד	5650	HNcmsc	052eF
34	5	5		יְהוָ֛ה	3068	HNp	05vy1
34	5	6		בְּ/אֶ֥רֶץ	b/776	HR/Ncbsc	05WPF
34	5	7		מוֹאָ֖ב	4124	HNp	05uxQ
34	5	8		עַל	5921 a	HR	05hWi
34	5	9		פִּ֥י	6310	HNcmsc	05TXB
34	5	10		יְהוָֽה	3068	HNp	05dMk
34	6	1		וַ/יִּקְבֹּ֨ר	c/6912	HC/Vqw3ms	054Xq
34	6	2		אֹת֤/וֹ	853	HTo/Sp3ms	05Lwc
34	6	3		בַ/גַּיְ֙	b/1516	HRd/Ncbsa	05663
34	6	4		בְּ/אֶ֣רֶץ	b/776	HR/Ncbsc	05sxr
34	6	5		מוֹאָ֔ב	4124	HNp	05y6U
34	6	6		מ֖וּל	4136	HR	05fF9
34	6	7		בֵּ֣ית	1047+	HNp	05htb
34	6	8		פְּע֑וֹר	1047	HNp	05cqR
34	6	9		וְ/לֹֽא	c/3808	HC/Tn	056QS
34	6	10		יָדַ֥ע	3045	HVqp3ms	05JeE
34	6	11		אִישׁ֙	376	HNcmsa	05Krw
34	6	12		אֶת	853	HTo	05xis
34	6	13		קְבֻ֣רָת֔/וֹ	6900	HNcfsc/Sp3ms	05xgT
34	6	14		עַ֖ד	5704	HR	056L4
34	6	15		הַ/יּ֥וֹם	d/3117	HTd/Ncmsa	054Hf
34	6	16		הַ/זֶּֽה	d/2088	HTd/Pdxms	05Ed4
34	7	1		וּ/מֹשֶׁ֗ה	c/4872	HC/Np	053Dd
34	7	2		בֶּן	1121 a	HNcmsc	051PZ
34	7	3		מֵאָ֧ה	3967	HAcbsa	05e2h
34	7	4		וְ/עֶשְׂרִ֛ים	c/6242	HC/Acbpa	05ShJ
34	7	5		שָׁנָ֖ה	8141	HNcfsa	05xVt
34	7	6		בְּ/מֹת֑/וֹ	b/4194	HR/Ncmsc/Sp3ms	05mo4
34	7	7		לֹֽא	3808	HTn	057X5
34	7	8		כָהֲתָ֥ה	3543 a	HVqp3fs	05smg
34	7	9		עֵינ֖/וֹ	5869 a	HNcbsc/Sp3ms	05XXv
34	7	10		וְ/לֹא	c/3808	HC/Tn	05BuH
34	7	11		נָ֥ס	5127	HVqp3ms	05qer
34	7	12		לֵחֹֽ/ה	3893	HNcmsc/Sp3ms	05o22
34	8	1		וַ/יִּבְכּוּ֩	c/1058	HC/Vqw3mp	05619
34	8	2		בְנֵ֨י	1121 a	HNcmpc	05ng8
34	8	3		יִשְׂרָאֵ֧ל	3478	HNp	05bRb
34	8	4		אֶת	853	HTo	051BG
34	8	5		מֹשֶׁ֛ה	4872	HNp	05Nrj
34	8	6		בְּ/עַֽרְבֹ֥ת	b/6160	HR/Ncfpc	05bxk
34	8	7		מוֹאָ֖ב	4124	HNp	05Us3
34	8	8		שְׁלֹשִׁ֣ים	7970	HAcbpa	05Nmf
34	8	9		י֑וֹם	3117	HNcmsa	057pX
34	8	10		וַֽ/יִּתְּמ֔וּ	c/8552	HC/Vqw3mp	05MWG
34	8	11		יְמֵ֥י	3117	HNcmpc	05s43
34	8	12		בְכִ֖י	1065	HNcmsc	05RmU
34	8	13		אֵ֥בֶל	60	HNcmsc	05jtw
34	8	14		מֹשֶֽׁה	4872	HNp	05br1
34	9	1		וִֽ/יהוֹשֻׁ֣עַ	c/3091	HC/Np	05EiE
34	9	2		בִּן	1121 a	HNcmsc	05jA9
34	9	3		נ֗וּן	5126	HNp	05tGZ
34	9	4		מָלֵא֙	4392	HAamsa	05nTH
34	9	5		ר֣וּחַ	7307	HNcbsc	058YN
34	9	6		חָכְמָ֔ה	2451	HNcfsa	05MZP
34	9	7		כִּֽי	3588 a	HC	05u1k
34	9	8		סָמַ֥ךְ	5564	HVqp3ms	05KYu
34	9	9		מֹשֶׁ֛ה	4872	HNp	05Nep
34	9	10		אֶת	853	HTo	059di
34	9	11		יָדָ֖י/ו	3027	HNcbdc/Sp3ms	05wFK
34	9	12		עָלָ֑י/ו	5921 a	HR/Sp3ms	05tZn
34	9	13		וַ/יִּשְׁמְע֨וּ	c/8085	HC/Vqw3mp	051ex
34	9	14		אֵלָ֤י/ו	413	HR/Sp3ms	05kkd
34	9	15		בְּנֵֽי	1121 a	HNcmpc	05XGe
34	9	16		יִשְׂרָאֵל֙	3478	HNp	05yzC
34	9	17		וַֽ/יַּעֲשׂ֔וּ	c/6213 a	HC/Vqw3mp	05YWW
34	9	18		כַּ/אֲשֶׁ֛ר	k/834 d	HR/Tr	051pN
34	9	19		צִוָּ֥ה	6680	HVpp3ms	05LX7
34	9	20		יְהוָ֖ה	3068	HNp	05zGa
34	9	21		אֶת	853	HTo	05MGv
34	9	22		מֹשֶֽׁה	4872	HNp	05qCH
34	10	1		וְ/לֹֽא	c/3808	HC/Tn	05jDg
34	10	2		קָ֨ם	6965 b	HVqp3ms	052SV
34	10	3		נָבִ֥יא	5030	HNcmsa	0512D
34	10	4		ע֛וֹד	5750	HD	05Lxy
34	10	5		בְּ/יִשְׂרָאֵ֖ל	b/3478	HR/Np	059ut
34	10	6		כְּ/מֹשֶׁ֑ה	k/4872	HR/Np	05DTy
34	10	7		אֲשֶׁר֙	834 a	HTr	052Cp
34	10	8		יְדָע֣/וֹ	3045	HVqp3ms/Sp3ms	05xVz
34	10	9		יְהוָ֔ה	3068	HNp	05zLP
34	10	10		פָּנִ֖ים	6440	HNcbpa	05eRE
34	10	11		אֶל	413	HR	05vQL
34	10	12		פָּנִֽים	6440	HNcbpa	05su9
34	11	1		לְ/כָל	l/3605	HR/Ncmsc	05QFy
34	11	2		הָ֨/אֹת֜וֹת	d/226	HTd/Ncbpa	05yVq
34	11	3		וְ/הַ/מּוֹפְתִ֗ים	c/d/4159	HC/Td/Ncmpa	05wmE
34	11	4		אֲשֶׁ֤ר	834 a	HTr	05w7b
34	11	5		שְׁלָח/וֹ֙	7971	HVqp3ms/Sp3ms	052ZU
34	11	6		יְהוָ֔ה	3068	HNp	05cjp
34	11	7		לַ/עֲשׂ֖וֹת	l/6213 a	HR/Vqc	05Lxw
34	11	8		בְּ/אֶ֣רֶץ	b/776	HR/Ncbsc	058X9
34	11	9		מִצְרָ֑יִם	4714	HNp	05h6v
34	11	10		לְ/פַרְעֹ֥ה	l/6547	HR/Np	05u1C
34	11	11		וּ/לְ/כָל	c/l/3605	HC/R/Ncmsc	05BZ7
34	11	12		עֲבָדָ֖י/ו	5650	HNcmpc/Sp3ms	05Bag
34	11	13		וּ/לְ/כָל	c/l/3605	HC/R/Ncmsc	05BPL
34	11	14		אַרְצֽ/וֹ	776	HNcbsc/Sp3ms	05PKq
34	12	1		וּ/לְ/כֹל֙	c/l/3605	HC/R/Ncmsc	05eGB
34	12	2		הַ/יָּ֣ד	d/3027	HTd/Ncbsa	05NnE
34	12	3		הַ/חֲזָקָ֔ה	d/2389	HTd/Aafsa	05csg
34	12	4		וּ/לְ/כֹ֖ל	c/l/3605	HC/R/Ncmsc	05MoA
34	12	5		הַ/מּוֹרָ֣א	d/4172 a	HTd/Ncmsa	05dh4
34	12	6		הַ/גָּד֑וֹל	d/1419 a	HTd/Aamsa	05M71
34	12	7		אֲשֶׁר֙	834 a	HTr	05QF5
34	12	8		עָשָׂ֣ה	6213 a	HVqp3ms	05hHd
34	12	9		מֹשֶׁ֔ה	4872	HNp	05iQC
34	12	10		לְ/עֵינֵ֖י	l/5869 a	HR/Ncbdc	053HZ
34	12	11		כָּל	3605	HNcmsc	05kZK
34	12	12		יִשְׂרָאֵֽל	3478	HNp	053Zh
