chapter	verse	word	type	surface	lemma	morph	id
1	1	1		בְּ/רֵאשִׁ֖ית	b/7225	HR/Ncfsa	01xeN
1	1	2		בָּרָ֣א	1254 a	HVqp3ms	01Nvk
1	1	3		אֱלֹהִ֑ים	430	HNcmpa	01TyA
1	1	4		אֵ֥ת	853	HTo	01vuQ
1	1	5		הַ/שָּׁמַ֖יִם	d/8064	HTd/Ncmpa	01TSc
1	1	6		וְ/אֵ֥ת	c/853	HC/To	01k5P
1	1	7		הָ/אָֽרֶץ	d/776	HTd/Ncbsa	01nPh
1	2	1		וְ/הָ/אָ֗רֶץ	c/d/776	HC/Td/Ncbsa	01LN3
1	2	2		הָיְתָ֥ה	1961	HVqp3fs	01Qzf
1	2	3		תֹ֨הוּ֙	8414	HNcmsa	01aPd
1	2	4		וָ/בֹ֔הוּ	c/922	HC/Ncmsa	01eYX
1	2	5		וְ/חֹ֖שֶׁךְ	c/2822	HC/Ncmsa	01C5U
1	2	6		עַל	5921 a	HR	01qNN
1	2	7		פְּנֵ֣י	6440	HNcbpc	01EVS
1	2	8		תְה֑וֹם	8415	HNcbsa	01PB6
1	2	9		וְ/ר֣וּחַ	c/7307	HC/Ncbsc	0137c
1	2	10		אֱלֹהִ֔ים	430	HNcmpa	01x9c
1	2	11		מְרַחֶ֖פֶת	7363 b	HVprfsa	01yNB
1	2	12		עַל	5921 a	HR	0129t
1	2	13		פְּנֵ֥י	6440	HNcbpc	01KZG
1	2	14		הַ/מָּֽיִם	d/4325	HTd/Ncmpa	01TZE
1	3	1		וַ/יֹּ֥אמֶר	c/559	HC/Vqw3ms	01thY
1	3	2		אֱלֹהִ֖ים	430	HNcmpa	01JM7
1	3	3		יְהִ֣י	1961	HVqj3ms	01fpo
1	3	4		א֑וֹר	216	HNcbsa	01W26
1	3	5		וַֽ/יְהִי	c/1961	HC/Vqw3ms	01yw4
1	3	6		אֽוֹר	216	HNcbsa	01jbg
1	4	1		וַ/יַּ֧רְא	c/7200	HC/Vqw3ms	01USR
1	4	2		אֱלֹהִ֛ים	430	HNcmpa	01v6U
1	4	3		אֶת	853	HTo	015SS
1	4	4		הָ/א֖וֹר	d/216	HTd/Ncbsa	01GzE
1	4	5		כִּי	3588 a	HC	01qCU
1	4	6		ט֑וֹב	2896 a	HAamsa	01g2y
1	4	7		וַ/יַּבְדֵּ֣ל	c/914	HC/Vhw3ms	01jQb
1	4	8		אֱלֹהִ֔ים	430	HNcmpa	01794
1	4	9		בֵּ֥ין	996	HR	01CsU
1	4	10		הָ/א֖וֹר	d/216	HTd/Ncbsa	01XR4
1	4	11		וּ/בֵ֥ין	c/996	HC/R	01KvS
1	4	12		הַ/חֹֽשֶׁךְ	d/2822	HTd/Ncmsa	01dBc
1	5	1		וַ/יִּקְרָ֨א	c/7121	HC/Vqw3ms	01nAB
1	5	2		אֱלֹהִ֤ים	430	HNcmpa	01kfX
1	5	3		לָ/אוֹר֙	l/216	HRd/Ncbsa	01Wkf
1	5	4		י֔וֹם	3117	HNcmsa	01wrL
1	5	5		וְ/לַ/חֹ֖שֶׁךְ	c/l/2822	HC/Rd/Ncmsa	013TL
1	5	6		קָ֣רָא	7121	HVqp3ms	01LeN
1	5	7		לָ֑יְלָה	3915	HNcmsa	01sMn
1	5	8		וַֽ/יְהִי	c/1961	HC/Vqw3ms	01Y3z
1	5	9		עֶ֥רֶב	6153	HNcmsa	01NQN
1	5	10		וַֽ/יְהִי	c/1961	HC/Vqw3ms	01uLf
1	5	11		בֹ֖קֶר	1242	HNcmsa	01kA7
1	5	12		י֥וֹם	3117	HNcmsa	013TS
1	5	13		אֶחָֽד	259	HAcmsa	01NFp
1	6	1		וַ/יֹּ֣אמֶר	c/559	HC/Vqw3ms	017am
1	6	2		אֱלֹהִ֔ים	430	HNcmpa	01hh7
1	6	3		יְהִ֥י	1961	HVqj3ms	01BsK
1	6	4		רָקִ֖יעַ	7549	HNcmsa	01fsu
1	6	5		בְּ/ת֣וֹךְ	b/8432	HR/Ncmsc	018M6
1	6	6		הַ/מָּ֑יִם	d/4325	HTd/Ncmpa	01wM5
1	6	7		וִ/יהִ֣י	c/1961	HC/Vqi3ms	01qty
1	6	8		מַבְדִּ֔יל	914	HVhrmsa	015gQ
1	6	9		בֵּ֥ין	996	HR	01Xw6
1	6	10		מַ֖יִם	4325	HNcmpa	01eHJ
1	6	11		לָ/מָֽיִם	l/4325	HR/Ncmpa	01H6L
1	7	1		וַ/יַּ֣עַשׂ	c/6213 a	HC/Vqw3ms	01bmv
1	7	2		אֱלֹהִים֮	430	HNcmpa	01FV9
1	7	3		אֶת	853	HTo	01Xm1
1	7	4		הָ/רָקִיעַ֒	d/7549	HTd/Ncmsa	01UE6
1	7	5		וַ/יַּבְדֵּ֗ל	c/914	HC/Vhw3ms	01goK
1	7	6		בֵּ֤ין	996	HR	01CyH
1	7	7		הַ/מַּ֨יִם֙	d/4325	HTd/Ncmpa	01A4a
1	7	8		אֲשֶׁר֙	834 a	HTr	015Pr
1	7	9		מִ/תַּ֣חַת	m/8478	HR/R	01L4k
1	7	10		לָ/רָקִ֔יעַ	l/7549	HRd/Ncmsa	01Mnv
1	7	11		וּ/בֵ֣ין	c/996	HC/R	01mwU
1	7	12		הַ/מַּ֔יִם	d/4325	HTd/Ncmpa	01tKT
1	7	13		אֲשֶׁ֖ר	834 a	HTr	01NRT
1	7	14		מֵ/עַ֣ל	m/5921 a	HR/R	01sRU
1	7	15		לָ/רָקִ֑יעַ	l/7549	HRd/Ncmsa	01Wxq
1	7	16		וַֽ/יְהִי	c/1961	HC/Vqw3ms	019qY
1	7	17		כֵֽן	3651 c	HD	01n5f
1	8	1		וַ/יִּקְרָ֧א	c/7121	HC/Vqw3ms	01YUq
1	8	2		אֱלֹהִ֛ים	430	HNcmpa	01fQr
1	8	3		לָֽ/רָקִ֖יעַ	l/7549	HRd/Ncmsa	01L7t
1	8	4		שָׁמָ֑יִם	8064	HNcmpa	01A74
1	8	5		וַֽ/יְהִי	c/1961	HC/Vqw3ms	01dNE
1	8	6		עֶ֥רֶב	6153	HNcmsa	01xdF
1	8	7		וַֽ/יְהִי	c/1961	HC/Vqw3ms	01AYg
1	8	8		בֹ֖קֶר	1242	HNcmsa	01Ls9
1	8	9		י֥וֹם	3117	HNcmsa	01Snp
1	8	10		שֵׁנִֽי	8145	HAomsa	0187B
1	9	1		וַ/יֹּ֣אמֶר	c/559	HC/Vqw3ms	01nLp
1	9	2		אֱלֹהִ֗ים	430	HNcmpa	01PzC
1	9	3		יִקָּו֨וּ	6960 b	HVNj3mp	01NPq
1	9	4		הַ/מַּ֜יִם	d/4325	HTd/Ncmpa	01d5m
1	9	5		מִ/תַּ֤חַת	m/8478	HR/R	01BYa
1	9	6		הַ/שָּׁמַ֨יִם֙	d/8064	HTd/Ncmpa	01LJh
1	9	7		אֶל	413	HR	01tRR
1	9	8		מָק֣וֹם	4725	HNcmsa	01Q7E
1	9	9		אֶחָ֔ד	259	HAcmsa	01dv1
1	9	10		וְ/תֵרָאֶ֖ה	c/7200	HC/VNi3fs	01QwM
1	9	11		הַ/יַּבָּשָׁ֑ה	d/3004	HTd/Ncfsa	01a62
1	9	12		וַֽ/יְהִי	c/1961	HC/Vqw3ms	01KvD
1	9	13		כֵֽן	3651 c	HD	01GLz
1	10	1		וַ/יִּקְרָ֨א	c/7121	HC/Vqw3ms	01BU7
1	10	2		אֱלֹהִ֤ים	430	HNcmpa	01iy2
1	10	3		לַ/יַּבָּשָׁה֙	l/3004	HRd/Ncfsa	01zQ2
1	10	4		אֶ֔רֶץ	776	HNcbsa	01Wxx
1	10	5		וּ/לְ/מִקְוֵ֥ה	c/l/4723 c	HC/R/Ncmsc	01jQ8
1	10	6		הַ/מַּ֖יִם	d/4325	HTd/Ncmpa	01Haa
1	10	7		קָרָ֣א	7121	HVqp3ms	01fJN
1	10	8		יַמִּ֑ים	3220	HNcmpa	019KV
1	10	9		וַ/יַּ֥רְא	c/7200	HC/Vqw3ms	01F1s
1	10	10		אֱלֹהִ֖ים	430	HNcmpa	01dns
1	10	11		כִּי	3588 a	HC	01GK3
1	10	12		טֽוֹב	2896 a	HAamsa	01nRZ
1	11	1		וַ/יֹּ֣אמֶר	c/559	HC/Vqw3ms	01cpb
1	11	2		אֱלֹהִ֗ים	430	HNcmpa	01zio
1	11	3		תַּֽדְשֵׁ֤א	1876	HVhj3fs	01Qsh
1	11	4		הָ/אָ֨רֶץ֙	d/776	HTd/Ncbsa	01zTj
1	11	5		דֶּ֔שֶׁא	1877	HNcmsa	01fPi
1	11	6		עֵ֚שֶׂב	6212	HNcmsa	01GYe
1	11	7		מַזְרִ֣יעַ	2232	HVhrmsa	01Bbz
1	11	8		זֶ֔רַע	2233	HNcmsa	01VA9
1	11	9		עֵ֣ץ	6086	HNcmsc	01fV3
1	11	10		פְּרִ֞י	6529	HNcmsa	01Sov
1	11	11		עֹ֤שֶׂה	6213 a	HVqrmsa	01V27
1	11	12		פְּרִי֙	6529	HNcmsa	01ifp
1	11	13		לְ/מִינ֔/וֹ	l/4327	HR/Ncmsc/Sp3ms	017ZG
1	11	14		אֲשֶׁ֥ר	834 a	HTr	01B2d
1	11	15		זַרְע/וֹ	2233	HNcmsc/Sp3ms	01ewe
1	11	16		ב֖/וֹ	b	HR/Sp3ms	01SV6
1	11	17		עַל	5921 a	HR	01G83
1	11	18		הָ/אָ֑רֶץ	d/776	HTd/Ncbsa	01vzS
1	11	19		וַֽ/יְהִי	c/1961	HC/Vqw3ms	01Gq9
1	11	20		כֵֽן	3651 c	HD	013y8
1	12	1		וַ/תּוֹצֵ֨א	c/3318	HC/Vhw3fs	01TXw
1	12	2		הָ/אָ֜רֶץ	d/776	HTd/Ncbsa	01Y4K
1	12	3		דֶּ֠שֶׁא	1877	HNcmsa	01C32
1	12	4		עֵ֣שֶׂב	6212	HNcmsa	01aMT
1	12	5		מַזְרִ֤יעַ	2232	HVhrmsa	01Cof
1	12	6		זֶ֨רַע֙	2233	HNcmsa	01YWU
1	12	7		לְ/מִינֵ֔/הוּ	l/4327	HR/Ncmsc/Sp3ms	01rAQ
1	12	8		וְ/עֵ֧ץ	c/6086	HC/Ncmsa	01fLi
1	12	9		עֹֽשֶׂה	6213 a	HVqrmsa	01Ptj
1	12	10		פְּרִ֛י	6529	HNcmsa	01AJj
1	12	11		אֲשֶׁ֥ר	834 a	HTr	019Hv
1	12	12		זַרְע/וֹ	2233	HNcmsc/Sp3ms	01j1i
1	12	13		ב֖/וֹ	b	HR/Sp3ms	01J9J
1	12	14		לְ/מִינֵ֑/הוּ	l/4327	HR/Ncmsc/Sp3ms	01U4n
1	12	15		וַ/יַּ֥רְא	c/7200	HC/Vqw3ms	012Kt
1	12	16		אֱלֹהִ֖ים	430	HNcmpa	01RmH
1	12	17		כִּי	3588 a	HC	01SWL
1	12	18		טֽוֹב	2896 a	HAamsa	0175P
1	13	1		וַֽ/יְהִי	c/1961	HC/Vqw3ms	013Lj
1	13	2		עֶ֥רֶב	6153	HNcmsa	01Qa3
1	13	3		וַֽ/יְהִי	c/1961	HC/Vqw3ms	01WTe
1	13	4		בֹ֖קֶר	1242	HNcmsa	016VM
1	13	5		י֥וֹם	3117	HNcmsa	01sKn
1	13	6		שְׁלִישִֽׁי	7992	HAomsa	01oAj
1	14	1		וַ/יֹּ֣אמֶר	c/559	HC/Vqw3ms	01AxB
1	14	2		אֱלֹהִ֗ים	430	HNcmpa	01Ap3
1	14	3		יְהִ֤י	1961	HVqj3ms	01CEu
1	14	4		מְאֹרֹת֙	3974	HNcmpa	01zpy
1	14	5		בִּ/רְקִ֣יעַ	b/7549	HR/Ncmsc	01FiN
1	14	6		הַ/שָּׁמַ֔יִם	d/8064	HTd/Ncmpa	01cLk
1	14	7		לְ/הַבְדִּ֕יל	l/914	HR/Vhc	0192v
1	14	8		בֵּ֥ין	996	HR	01j63
1	14	9		הַ/יּ֖וֹם	d/3117	HTd/Ncmsa	01LFW
1	14	10		וּ/בֵ֣ין	c/996	HC/R	01FbT
1	14	11		הַ/לָּ֑יְלָה	d/3915	HTd/Ncmsa	01Bx7
1	14	12		וְ/הָי֤וּ	c/1961	HC/Vqq3cp	01btu
1	14	13		לְ/אֹתֹת֙	l/226	HR/Ncbpa	01rTK
1	14	14		וּ/לְ/מ֣וֹעֲדִ֔ים	c/l/4150	HC/R/Ncmpa	01SHw
1	14	15		וּ/לְ/יָמִ֖ים	c/l/3117	HC/R/Ncmpa	01VuH
1	14	16		וְ/שָׁנִֽים	c/8141	HC/Ncfpa	01Axb
1	15	1		וְ/הָי֤וּ	c/1961	HC/Vqq3cp	01xva
1	15	2		לִ/מְאוֹרֹת֙	l/3974	HR/Ncmpa	01NrT
1	15	3		בִּ/רְקִ֣יעַ	b/7549	HR/Ncmsc	01iAD
1	15	4		הַ/שָּׁמַ֔יִם	d/8064	HTd/Ncmpa	01372
1	15	5		לְ/הָאִ֖יר	l/215	HR/Vhc	01FMU
1	15	6		עַל	5921 a	HR	01SaV
1	15	7		הָ/אָ֑רֶץ	d/776	HTd/Ncbsa	014W9
1	15	8		וַֽ/יְהִי	c/1961	HC/Vqw3ms	01MmM
1	15	9		כֵֽן	3651 c	HD	01wJn
1	16	1		וַ/יַּ֣עַשׂ	c/6213 a	HC/Vqw3ms	01CQo
1	16	2		אֱלֹהִ֔ים	430	HNcmpa	01XyU
1	16	3		אֶת	853	HTo	01BG4
1	16	4		שְׁנֵ֥י	8147	HAcmdc	01YHH
1	16	5		הַ/מְּאֹרֹ֖ת	d/3974	HTd/Ncmpa	01sHf
1	16	6		הַ/גְּדֹלִ֑ים	d/1419 a	HTd/Aampa	01iee
1	16	7		אֶת	853	HTo	013eS
1	16	8		הַ/מָּא֤וֹר	d/3974	HTd/Ncmsa	01ddd
1	16	9		הַ/גָּדֹל֙	d/1419 a	HTd/Aamsa	01hxo
1	16	10		לְ/מֶמְשֶׁ֣לֶת	l/4475	HR/Ncbsc	01TW6
1	16	11		הַ/יּ֔וֹם	d/3117	HTd/Ncmsa	01PVx
1	16	12		וְ/אֶת	c/853	HC/To	01PGK
1	16	13		הַ/מָּא֤וֹר	d/3974	HTd/Ncmsa	01U4a
1	16	14		הַ/קָּטֹן֙	d/6996 b	HTd/Aamsa	01dSQ
1	16	15		לְ/מֶמְשֶׁ֣לֶת	l/4475	HR/Ncbsc	01Qbs
1	16	16		הַ/לַּ֔יְלָה	d/3915	HTd/Ncmsa	01ndZ
1	16	17		וְ/אֵ֖ת	c/853	HC/To	01Xa1
1	16	18		הַ/כּוֹכָבִֽים	d/3556	HTd/Ncmpa	013yJ
1	17	1		וַ/יִּתֵּ֥ן	c/5414	HC/Vqw3ms	01B6c
1	17	2		אֹתָ֛/ם	853	HTo/Sp3mp	01bju
1	17	3		אֱלֹהִ֖ים	430	HNcmpa	01cn3
1	17	4		בִּ/רְקִ֣יעַ	b/7549	HR/Ncmsc	017mS
1	17	5		הַ/שָּׁמָ֑יִם	d/8064	HTd/Ncmpa	01dJe
1	17	6		לְ/הָאִ֖יר	l/215	HR/Vhc	01WvG
1	17	7		עַל	5921 a	HR	01RXg
1	17	8		הָ/אָֽרֶץ	d/776	HTd/Ncbsa	01pqY
1	18	1		וְ/לִ/מְשֹׁל֙	c/l/4910	HC/R/Vqc	01n9v
1	18	2		בַּ/יּ֣וֹם	b/3117	HRd/Ncmsa	01gYe
1	18	3		וּ/בַ/לַּ֔יְלָה	c/b/3915	HC/Rd/Ncmsa	01eXj
1	18	4		וּֽ/לֲ/הַבְדִּ֔יל	c/l/914	HC/R/Vhc	018ro
1	18	5		בֵּ֥ין	996	HR	01v5z
1	18	6		הָ/א֖וֹר	d/216	HTd/Ncbsa	01bCC
1	18	7		וּ/בֵ֣ין	c/996	HC/R	016By
1	18	8		הַ/חֹ֑שֶׁךְ	d/2822	HTd/Ncmsa	01CZB
1	18	9		וַ/יַּ֥רְא	c/7200	HC/Vqw3ms	01VTb
1	18	10		אֱלֹהִ֖ים	430	HNcmpa	016qf
1	18	11		כִּי	3588 a	HC	01efz
1	18	12		טֽוֹב	2896 a	HAamsa	01QG5
1	19	1		וַֽ/יְהִי	c/1961	HC/Vqw3ms	013k3
1	19	2		עֶ֥רֶב	6153	HNcmsa	011rL
1	19	3		וַֽ/יְהִי	c/1961	HC/Vqw3ms	01W2c
1	19	4		בֹ֖קֶר	1242	HNcmsa	01mL3
1	19	5		י֥וֹם	3117	HNcmsa	01zfc
1	19	6		רְבִיעִֽי	7243	HAomsa	01sYp
1	20	1		וַ/יֹּ֣אמֶר	c/559	HC/Vqw3ms	01GvF
1	20	2		אֱלֹהִ֔ים	430	HNcmpa	01dAC
1	20	3		יִשְׁרְצ֣וּ	8317	HVqi3mp	01i4W
1	20	4		הַ/מַּ֔יִם	d/4325	HTd/Ncmpa	01chR
1	20	5		שֶׁ֖רֶץ	8318	HNcmsc	01Ddq
1	20	6		נֶ֣פֶשׁ	5315	HNcbsa	01dSp
1	20	7		חַיָּ֑ה	2416 a	HAafsa	01ecS
1	20	8		וְ/עוֹף֙	c/5775	HC/Ncmsa	012tG
1	20	9		יְעוֹפֵ֣ף	5774 a	HVoi3ms	01Xzm
1	20	10		עַל	5921 a	HR	01CCj
1	20	11		הָ/אָ֔רֶץ	d/776	HTd/Ncbsa	01gV8
1	20	12		עַל	5921 a	HR	01Czz
1	20	13		פְּנֵ֖י	6440	HNcbpc	01uXX
1	20	14		רְקִ֥יעַ	7549	HNcmsc	01xCL
1	20	15		הַ/שָּׁמָֽיִם	d/8064	HTd/Ncmpa	01Qnr
1	21	1		וַ/יִּבְרָ֣א	c/1254 a	HC/Vqw3ms	016kU
1	21	2		אֱלֹהִ֔ים	430	HNcmpa	01qry
1	21	3		אֶת	853	HTo	01bvP
1	21	4		הַ/תַּנִּינִ֖ם	d/8577 b	HTd/Ncmpa	01wjj
1	21	5		הַ/גְּדֹלִ֑ים	d/1419 a	HTd/Aampa	01Tn7
1	21	6		וְ/אֵ֣ת	c/853	HC/To	01hEs
1	21	7		כָּל	3605	HNcmsc	01xAF
1	21	8		נֶ֣פֶשׁ	5315	HNcbsa	01qg1
1	21	9		הַֽ/חַיָּ֣ה	d/2416 a	HTd/Aafsa	016w9
1	21	10		הָֽ/רֹמֶ֡שֶׂת	d/7430	HTd/Vqrfsa	01wA4
1	21	11		אֲשֶׁר֩	834 a	HTr	01ibe
1	21	12		שָׁרְצ֨וּ	8317	HVqp3cp	01v8V
1	21	13		הַ/מַּ֜יִם	d/4325	HTd/Ncmpa	01T2S
1	21	14		לְ/מִֽינֵ/הֶ֗ם	l/4327	HR/Ncmsc/Sp3mp	01tkJ
1	21	15		וְ/אֵ֨ת	c/853	HC/To	01EXL
1	21	16		כָּל	3605	HNcmsc	01ZPN
1	21	17		ע֤וֹף	5775	HNcmsa	01q1G
1	21	18		כָּנָף֙	3671	HNcfsa	01bYD
1	21	19		לְ/מִינֵ֔/הוּ	l/4327	HR/Ncmsc/Sp3ms	01v2F
1	21	20		וַ/יַּ֥רְא	c/7200	HC/Vqw3ms	017vt
1	21	21		אֱלֹהִ֖ים	430	HNcmpa	01kDm
1	21	22		כִּי	3588 a	HC	01doW
1	21	23		טֽוֹב	2896 a	HAamsa	01eRa
1	22	1		וַ/יְבָ֧רֶךְ	c/1288	HC/Vpw3ms	01kDf
1	22	2		אֹתָ֛/ם	853	HTo/Sp3mp	0163G
1	22	3		אֱלֹהִ֖ים	430	HNcmpa	01WPn
1	22	4		לֵ/אמֹ֑ר	l/559	HR/Vqc	011jv
1	22	5		פְּר֣וּ	6509	HVqv2mp	01cK8
1	22	6		וּ/רְב֗וּ	c/7235 a	HC/Vqv2mp	01DDb
1	22	7		וּ/מִלְא֤וּ	c/4390	HC/Vqv2mp	01RCg
1	22	8		אֶת	853	HTo	015KE
1	22	9		הַ/מַּ֨יִם֙	d/4325	HTd/Ncmpa	01qVd
1	22	10		בַּ/יַּמִּ֔ים	b/3220	HRd/Ncmpa	01koG
1	22	11		וְ/הָ/ע֖וֹף	c/d/5775	HC/Td/Ncmsa	01e6B
1	22	12		יִ֥רֶב	7235 a	HVqj3ms	018GY
1	22	13		בָּ/אָֽרֶץ	b/776	HRd/Ncbsa	01GpK
1	23	1		וַֽ/יְהִי	c/1961	HC/Vqw3ms	0168C
1	23	2		עֶ֥רֶב	6153	HNcmsa	01CMz
1	23	3		וַֽ/יְהִי	c/1961	HC/Vqw3ms	01D4c
1	23	4		בֹ֖קֶר	1242	HNcmsa	01ta1
1	23	5		י֥וֹם	3117	HNcmsa	01JnD
1	23	6		חֲמִישִֽׁי	2549	HAomsa	01jfz
1	24	1		וַ/יֹּ֣אמֶר	c/559	HC/Vqw3ms	01ErQ
1	24	2		אֱלֹהִ֗ים	430	HNcmpa	014fv
1	24	3		תּוֹצֵ֨א	3318	HVhj3fs	01yDv
1	24	4		הָ/אָ֜רֶץ	d/776	HTd/Ncbsa	01jyT
1	24	5		נֶ֤פֶשׁ	5315	HNcbsa	01Unh
1	24	6		חַיָּה֙	2416 a	HAafsa	01QH2
1	24	7		לְ/מִינָ֔/הּ	l/4327	HR/Ncmsc/Sp3fs	01xxn
1	24	8		בְּהֵמָ֥ה	929	HNcfsa	01ou4
1	24	9		וָ/רֶ֛מֶשׂ	c/7431	HC/Ncmsa	013KZ
1	24	10		וְ/חַֽיְתוֹ	c/2416 c	HC/Ncfsc	01jNE
1	24	11		אֶ֖רֶץ	776	HNcbsa	01hj3
1	24	12		לְ/מִינָ֑/הּ	l/4327	HR/Ncmsc/Sp3fs	01iDs
1	24	13		וַֽ/יְהִי	c/1961	HC/Vqw3ms	016Lo
1	24	14		כֵֽן	3651 c	HD	01JZq
1	25	1		וַ/יַּ֣עַשׂ	c/6213 a	HC/Vqw3ms	01ZpQ
1	25	2		אֱלֹהִים֩	430	HNcmpa	019gS
1	25	3		אֶת	853	HTo	01LAe
1	25	4		חַיַּ֨ת	2416 c	HNcfsc	01qK3
1	25	5		הָ/אָ֜רֶץ	d/776	HTd/Ncbsa	011Cv
1	25	6		לְ/מִינָ֗/הּ	l/4327	HR/Ncmsc/Sp3fs	01PBQ
1	25	7		וְ/אֶת	c/853	HC/To	01mr5
1	25	8		הַ/בְּהֵמָה֙	d/929	HTd/Ncfsa	01QDu
1	25	9		לְ/מִינָ֔/הּ	l/4327	HR/Ncmsc/Sp3fs	01PbY
1	25	10		וְ/אֵ֛ת	c/853	HC/To	01Ew6
1	25	11		כָּל	3605	HNcmsc	0174R
1	25	12		רֶ֥מֶשׂ	7431	HNcmsc	016zt
1	25	13		הָֽ/אֲדָמָ֖ה	d/127	HTd/Ncfsa	01zEm
1	25	14		לְ/מִינֵ֑/הוּ	l/4327	HR/Ncmsc/Sp3ms	012dm
1	25	15		וַ/יַּ֥רְא	c/7200	HC/Vqw3ms	01uYh
1	25	16		אֱלֹהִ֖ים	430	HNcmpa	01YxK
1	25	17		כִּי	3588 a	HC	01aSJ
1	25	18		טֽוֹב	2896 a	HAamsa	01Kz2
1	26	1		וַ/יֹּ֣אמֶר	c/559	HC/Vqw3ms	01YhQ
1	26	2		אֱלֹהִ֔ים	430	HNcmpa	01azZ
1	26	3		נַֽעֲשֶׂ֥ה	6213 a	HVqi1cp	01oiy
1	26	4		אָדָ֛ם	120	HNcmsa	01gPX
1	26	5		בְּ/צַלְמֵ֖/נוּ	b/6754	HR/Ncmsc/Sp1cp	01gtq
1	26	6		כִּ/דְמוּתֵ֑/נוּ	k/1823	HR/Ncfsc/Sp1cp	01HSQ
1	26	7		וְ/יִרְדּוּ֩	c/7287 a	HC/Vqj3mp	01fbB
1	26	8		בִ/דְגַ֨ת	b/1710	HR/Ncfsc	01k1L
1	26	9		הַ/יָּ֜ם	d/3220	HTd/Ncmsa	012tS
1	26	10		וּ/בְ/ע֣וֹף	c/b/5775	HC/R/Ncmsc	01EVu
1	26	11		הַ/שָּׁמַ֗יִם	d/8064	HTd/Ncmpa	01ygU
1	26	12		וּ/בַ/בְּהֵמָה֙	c/b/929	HC/Rd/Ncfsa	01swV
1	26	13		וּ/בְ/כָל	c/b/3605	HC/R/Ncmsc	01HjU
1	26	14		הָ/אָ֔רֶץ	d/776	HTd/Ncbsa	01d3U
1	26	15		וּ/בְ/כָל	c/b/3605	HC/R/Ncmsc	01NtK
1	26	16		הָ/רֶ֖מֶשׂ	d/7431	HTd/Ncmsa	01U94
1	26	17		הָֽ/רֹמֵ֥שׂ	d/7430	HTd/Vqrmsa	01zqr
1	26	18		עַל	5921 a	HR	016JA
1	26	19		הָ/אָֽרֶץ	d/776	HTd/Ncbsa	01JyD
1	27	1		וַ/יִּבְרָ֨א	c/1254 a	HC/Vqw3ms	01jjy
1	27	2		אֱלֹהִ֤ים	430	HNcmpa	0179E
1	27	3		אֶת	853	HTo	01Zuo
1	27	4		הָֽ/אָדָם֙	d/120	HTd/Ncmsa	01LXS
1	27	5		בְּ/צַלְמ֔/וֹ	b/6754	HR/Ncmsc/Sp3ms	01mR4
1	27	6		בְּ/צֶ֥לֶם	b/6754	HR/Ncmsc	01MC8
1	27	7		אֱלֹהִ֖ים	430	HNcmpa	01BnR
1	27	8		בָּרָ֣א	1254 a	HVqp3ms	01PUg
1	27	9		אֹת֑/וֹ	853	HTo/Sp3ms	01pUN
1	27	10		זָכָ֥ר	2145	HAamsa	01gc8
1	27	11		וּ/נְקֵבָ֖ה	c/5347	HC/Ncfsa	01Lsp
1	27	12		בָּרָ֥א	1254 a	HVqp3ms	01SAE
1	27	13		אֹתָֽ/ם	853	HTo/Sp3mp	013gY
1	28	1		וַ/יְבָ֣רֶךְ	c/1288	HC/Vpw3ms	01RuM
1	28	2		אֹתָ/ם֮	853	HTo/Sp3mp	01WFU
1	28	3		אֱלֹהִים֒	430	HNcmpa	01BJv
1	28	4		וַ/יֹּ֨אמֶר	c/559	HC/Vqw3ms	01ExP
1	28	5		לָ/הֶ֜ם	l	HR/Sp3mp	01ypu
1	28	6		אֱלֹהִ֗ים	430	HNcmpa	01mP3
1	28	7		פְּר֥וּ	6509	HVqv2mp	01V8b
1	28	8		וּ/רְב֛וּ	c/7235 a	HC/Vqv2mp	01suQ
1	28	9		וּ/מִלְא֥וּ	c/4390	HC/Vqv2mp	011Su
1	28	10		אֶת	853	HTo	01MEz
1	28	11		הָ/אָ֖רֶץ	d/776	HTd/Ncbsa	01Q2u
1	28	12		וְ/כִבְשֻׁ֑/הָ	c/3533	HC/Vqv2mp/Sp3fs	01yT5
1	28	13		וּ/רְד֞וּ	c/7287 a	HC/Vqv2mp	01b5Q
1	28	14		בִּ/דְגַ֤ת	b/1710	HR/Ncfsc	01F88
1	28	15		הַ/יָּם֙	d/3220	HTd/Ncmsa	01AXb
1	28	16		וּ/בְ/ע֣וֹף	c/b/5775	HC/R/Ncmsc	01Wjz
1	28	17		הַ/שָּׁמַ֔יִם	d/8064	HTd/Ncmpa	01bPJ
1	28	18		וּ/בְ/כָל	c/b/3605	HC/R/Ncmsc	01hS1
1	28	19		חַיָּ֖ה	2416 a	HNcbsa	01h53
1	28	20		הָֽ/רֹמֶ֥שֶׂת	d/7430	HTd/Vqrfsa	01vpK
1	28	21		עַל	5921 a	HR	01G6E
1	28	22		הָ/אָֽרֶץ	d/776	HTd/Ncbsa	014vX
1	29	1		וַ/יֹּ֣אמֶר	c/559	HC/Vqw3ms	01X1R
1	29	2		אֱלֹהִ֗ים	430	HNcmpa	01bsu
1	29	3		הִנֵּה֩	2009	HTm	01Ygn
1	29	4		נָתַ֨תִּי	5414	HVqp1cs	012gM
1	29	5		לָ/כֶ֜ם	l	HR/Sp2mp	01pAw
1	29	6		אֶת	853	HTo	01mVV
1	29	7		כָּל	3605	HNcmsc	01FMa
1	29	8		עֵ֣שֶׂב	6212	HNcmsa	01KPU
1	29	9		זֹרֵ֣עַ	2232	HVqrmsa	01ki2
1	29	10		זֶ֗רַע	2233	HNcmsa	015pZ
1	29	11		אֲשֶׁר֙	834 a	HTr	01HWo
1	29	12		עַל	5921 a	HR	01zkA
1	29	13		פְּנֵ֣י	6440	HNcbpc	01JMT
1	29	14		כָל	3605	HNcmsc	01jEX
1	29	15		הָ/אָ֔רֶץ	d/776	HTd/Ncbsa	01uUA
1	29	16		וְ/אֶת	c/853	HC/To	01tKf
1	29	17		כָּל	3605	HNcmsc	01awE
1	29	18		הָ/עֵ֛ץ	d/6086	HTd/Ncmsa	01yNT
1	29	19		אֲשֶׁר	834 a	HTr	01Azu
1	29	20		בּ֥/וֹ	b	HR/Sp3ms	01884
1	29	21		פְרִי	6529	HNcmsc	01XMu
1	29	22		עֵ֖ץ	6086	HNcmsa	01mrn
1	29	23		זֹרֵ֣עַ	2232	HVqrmsa	01Xh9
1	29	24		זָ֑רַע	2233	HNcmsa	01D3a
1	29	25		לָ/כֶ֥ם	l	HR/Sp2mp	01wEr
1	29	26		יִֽהְיֶ֖ה	1961	HVqi3ms	01Rvc
1	29	27		לְ/אָכְלָֽה	l/402	HR/Ncfsa	01c6V
1	30	1		וּֽ/לְ/כָל	c/l/3605	HC/R/Ncmsc	018eM
1	30	2		חַיַּ֣ת	2416 c	HNcfsc	01xkK
1	30	3		הָ֠/אָרֶץ	d/776	HTd/Ncbsa	01rGa
1	30	4		וּ/לְ/כָל	c/l/3605	HC/R/Ncmsc	01fp1
1	30	5		ע֨וֹף	5775	HNcmsc	01Y9g
1	30	6		הַ/שָּׁמַ֜יִם	d/8064	HTd/Ncmpa	01mGU
1	30	7		וּ/לְ/כֹ֣ל	c/l/3605	HC/R/Ncmsc	01gBW
1	30	8		רוֹמֵ֣שׂ	7430	HVqrmsa	01eLD
1	30	9		עַל	5921 a	HR	0193F
1	30	10		הָ/אָ֗רֶץ	d/776	HTd/Ncbsa	01eyL
1	30	11		אֲשֶׁר	834 a	HTr	01pm7
1	30	12		בּ/וֹ֙	b	HR/Sp3ms	01teU
1	30	13		נֶ֣פֶשׁ	5315	HNcbsa	01c58
1	30	14		חַיָּ֔ה	2416 a	HAafsa	01MRA
1	30	15		אֶת	853	HTo	01xp4
1	30	16		כָּל	3605	HNcmsc	01Hki
1	30	17		יֶ֥רֶק	3418	HNcmsa	01QvZ
1	30	18		עֵ֖שֶׂב	6212	HNcmsa	01S38
1	30	19		לְ/אָכְלָ֑ה	l/402	HR/Ncfsa	01eN1
1	30	20		וַֽ/יְהִי	c/1961	HC/Vqw3ms	01HoD
1	30	21		כֵֽן	3651 c	HD	01P5s
1	31	1		וַ/יַּ֤רְא	c/7200	HC/Vqw3ms	015QX
1	31	2		אֱלֹהִים֙	430	HNcmpa	01Mxy
1	31	3		אֶת	853	HTo	01w6u
1	31	4		כָּל	3605	HNcmsc	01e3z
1	31	5		אֲשֶׁ֣ר	834 a	HTr	012c6
1	31	6		עָשָׂ֔ה	6213 a	HVqp3ms	013RL
1	31	7		וְ/הִנֵּה	c/2009	HC/Tm	01JUf
1	31	8		ט֖וֹב	2896 a	HAamsa	01ce9
1	31	9		מְאֹ֑ד	3966	HD	01dPK
1	31	10		וַֽ/יְהִי	c/1961	HC/Vqw3ms	01vLv
1	31	11		עֶ֥רֶב	6153	HNcmsa	01UrG
1	31	12		וַֽ/יְהִי	c/1961	HC/Vqw3ms	01Sxc
1	31	13		בֹ֖קֶר	1242	HNcmsa	01xwN
1	31	14		י֥וֹם	3117	HNcmsc	01GjY
1	31	15		הַ/שִּׁשִּֽׁי	d/8345	HTd/Aomsa	01KNo
2	1	1		וַ/יְכֻלּ֛וּ	c/3615	HC/VPw3mp	01NLD
2	1	2		הַ/שָּׁמַ֥יִם	d/8064	HTd/Ncmpa	01GUh
2	1	3		וְ/הָ/אָ֖רֶץ	c/d/776	HC/Td/Ncbsa	015aF
2	1	4		וְ/כָל	c/3605	HC/Ncmsc	01taY
2	1	5		צְבָאָֽ/ם	6635 a	HNcbsc/Sp3mp	01EZz
2	2	1		וַ/יְכַ֤ל	c/3615	HC/Vpw3ms	01Hnw
2	2	2		אֱלֹהִים֙	430	HNcmpa	01pXi
2	2	3		בַּ/יּ֣וֹם	b/3117	HRd/Ncmsa	01Nq4
2	2	4		הַ/שְּׁבִיעִ֔י	d/7637	HTd/Aomsa	01rZH
2	2	5		מְלַאכְתּ֖/וֹ	4399	HNcfsc/Sp3ms	01GtT
2	2	6		אֲשֶׁ֣ר	834 a	HTr	01kwz
2	2	7		עָשָׂ֑ה	6213 a	HVqp3ms	01tc4
2	2	8		וַ/יִּשְׁבֹּת֙	c/7673 a	HC/Vqw3ms	01CMD
2	2	9		בַּ/יּ֣וֹם	b/3117	HRd/Ncmsa	015eq
2	2	10		הַ/שְּׁבִיעִ֔י	d/7637	HTd/Aomsa	01Cj2
2	2	11		מִ/כָּל	m/3605	HR/Ncmsc	01Ttm
2	2	12		מְלַאכְתּ֖/וֹ	4399	HNcfsc/Sp3ms	016Vi
2	2	13		אֲשֶׁ֥ר	834 a	HTr	01V8W
2	2	14		עָשָֽׂה	6213 a	HVqp3ms	01zg2
2	3	1		וַ/יְבָ֤רֶךְ	c/1288	HC/Vpw3ms	01gXh
2	3	2		אֱלֹהִים֙	430	HNcmpa	013iR
2	3	3		אֶת	853	HTo	01RoG
2	3	4		י֣וֹם	3117	HNcmsc	01jP7
2	3	5		הַ/שְּׁבִיעִ֔י	d/7637	HTd/Aomsa	01vCn
2	3	6		וַ/יְקַדֵּ֖שׁ	c/6942	HC/Vpw3ms	01jv3
2	3	7		אֹת֑/וֹ	853	HTo/Sp3ms	01ggL
2	3	8		כִּ֣י	3588 a	HC	01MVq
2	3	9		ב֤/וֹ	b	HR/Sp3ms	01g1y
2	3	10		שָׁבַת֙	7673 a	HVqp3ms	01CBH
2	3	11		מִ/כָּל	m/3605	HR/Ncmsc	013t6
2	3	12		מְלַאכְתּ֔/וֹ	4399	HNcfsc/Sp3ms	01g33
2	3	13		אֲשֶׁר	834 a	HTr	01LDn
2	3	14		בָּרָ֥א	1254 a	HVqp3ms	013jG
2	3	15		אֱלֹהִ֖ים	430	HNcmpa	01WDP
2	3	16		לַ/עֲשֽׂוֹת	l/6213 a	HR/Vqc	01eeF
2	4	1		אֵ֣לֶּה	428	HPdxcp	01idA
2	4	2		תוֹלְד֧וֹת	8435	HNcfpc	01Z4D
2	4	3		הַ/שָּׁמַ֛יִם	d/8064	HTd/Ncmpa	01VMC
2	4	4		וְ/הָ/אָ֖רֶץ	c/d/776	HC/Td/Ncbsa	01K8W
2	4	5		בְּ/הִבָּֽרְאָ֑/ם	b/1254 a	HR/VNc/Sp3mp	016RX
2	4	6		בְּ/י֗וֹם	b/3117	HR/Ncmsc	01bYm
2	4	7		עֲשׂ֛וֹת	6213 a	HVqc	01M7H
2	4	8		יְהוָ֥ה	3068	HNp	01gcK
2	4	9		אֱלֹהִ֖ים	430	HNcmpa	01p7s
2	4	10		אֶ֥רֶץ	776	HNcbsa	01ZBR
2	4	11		וְ/שָׁמָֽיִם	c/8064	HC/Ncmpa	01ACh
2	5	1		וְ/כֹ֣ל	c/3605	HC/Ncmsc	01mnL
2	5	2		שִׂ֣יחַ	7880	HNcmsc	0189r
2	5	3		הַ/שָּׂדֶ֗ה	d/7704 b	HTd/Ncmsa	01GmF
2	5	4		טֶ֚רֶם	2962	HD	01fcv
2	5	5		יִֽהְיֶ֣ה	1961	HVqi3ms	01knb
2	5	6		בָ/אָ֔רֶץ	b/776	HRd/Ncbsa	01Qpj
2	5	7		וְ/כָל	c/3605	HC/Ncmsc	01MDS
2	5	8		עֵ֥שֶׂב	6212	HNcmsc	01YBx
2	5	9		הַ/שָּׂדֶ֖ה	d/7704 b	HTd/Ncmsa	01kMZ
2	5	10		טֶ֣רֶם	2962	HD	01uqC
2	5	11		יִצְמָ֑ח	6779	HVqi3ms	01VY5
2	5	12		כִּי֩	3588 a	HC	01WJY
2	5	13		לֹ֨א	3808	HTn	01brh
2	5	14		הִמְטִ֜יר	4305	HVhp3ms	01w1U
2	5	15		יְהוָ֤ה	3068	HNp	01aqT
2	5	16		אֱלֹהִים֙	430	HNcmpa	01zXi
2	5	17		עַל	5921 a	HR	01H8a
2	5	18		הָ/אָ֔רֶץ	d/776	HTd/Ncbsa	01Sjh
2	5	19		וְ/אָדָ֣ם	c/120	HC/Ncmsa	01oYp
2	5	20		אַ֔יִן	369	HTn	01Pht
2	5	21		לַֽ/עֲבֹ֖ד	l/5647	HR/Vqc	01idy
2	5	22		אֶת	853	HTo	01PU6
2	5	23		הָֽ/אֲדָמָֽה	d/127	HTd/Ncfsa	01FCP
2	6	1		וְ/אֵ֖ד	c/108	HC/Ncmsa	01YuY
2	6	2		יַֽעֲלֶ֣ה	5927	HVqi3ms	018Js
2	6	3		מִן	4480 a	HR	01FyK
2	6	4		הָ/אָ֑רֶץ	d/776	HTd/Ncbsa	01XjR
2	6	5		וְ/הִשְׁקָ֖ה	c/8248	HC/Vhq3ms	01jaD
2	6	6		אֶֽת	853	HTo	01W7V
2	6	7		כָּל	3605	HNcmsc	01U2Y
2	6	8		פְּנֵֽי	6440	HNcbpc	018na
2	6	9		הָֽ/אֲדָמָֽה	d/127	HTd/Ncfsa	01sgw
2	7	1		וַ/יִּיצֶר֩	c/3335	HC/Vqw3ms	01MDX
2	7	2		יְהוָ֨ה	3068	HNp	01pPp
2	7	3		אֱלֹהִ֜ים	430	HNcmpa	01ieN
2	7	4		אֶת	853	HTo	01Csj
2	7	5		הָֽ/אָדָ֗ם	d/120	HTd/Ncmsa	01rHn
2	7	6		עָפָר֙	6083	HNcmsa	01ViB
2	7	7		מִן	4480 a	HR	01CFo
2	7	8		הָ֣/אֲדָמָ֔ה	d/127	HTd/Ncfsa	015Ja
2	7	9		וַ/יִּפַּ֥ח	c/5301	HC/Vqw3ms	01UXS
2	7	10		בְּ/אַפָּ֖י/ו	b/639	HR/Ncmdc/Sp3ms	01YQ8
2	7	11		נִשְׁמַ֣ת	5397	HNcfsc	01Abd
2	7	12		חַיִּ֑ים	2416 e	HNcmpa	012UV
2	7	13		וַֽ/יְהִ֥י	c/1961	HC/Vqw3ms	01ZtS
2	7	14		הָֽ/אָדָ֖ם	d/120	HTd/Ncmsa	01gMU
2	7	15		לְ/נֶ֥פֶשׁ	l/5315	HR/Ncbsa	01nWb
2	7	16		חַיָּֽה	2416 a	HAafsa	01GXk
2	8	1		וַ/יִּטַּ֞ע	c/5193	HC/Vqw3ms	01TZa
2	8	2		יְהוָ֧ה	3068	HNp	015qp
2	8	3		אֱלֹהִ֛ים	430	HNcmpa	01uHZ
2	8	4		גַּן	1588	HNcbsa	01pAL
2	8	5		בְ/עֵ֖דֶן	b/5731 b	HR/Np	01hSr
2	8	6		מִ/קֶּ֑דֶם	m/6924 a	HR/Ncmsa	01ZMk
2	8	7		וַ/יָּ֣שֶׂם	c/7760 a	HC/Vqw3ms	01irW
2	8	8		שָׁ֔ם	8033	HD	01x72
2	8	9		אֶת	853	HTo	01FYV
2	8	10		הָֽ/אָדָ֖ם	d/120	HTd/Ncmsa	01Uoo
2	8	11		אֲשֶׁ֥ר	834 a	HTr	01sC3
2	8	12		יָצָֽר	3335	HVqp3ms	014CS
2	9	1		וַ/יַּצְמַ֞ח	c/6779	HC/Vhw3ms	016n2
2	9	2		יְהוָ֤ה	3068	HNp	01HqY
2	9	3		אֱלֹהִים֙	430	HNcmpa	01BFZ
2	9	4		מִן	4480 a	HR	01shy
2	9	5		הָ֣/אֲדָמָ֔ה	d/127	HTd/Ncfsa	01nzj
2	9	6		כָּל	3605	HNcmsc	01vpT
2	9	7		עֵ֛ץ	6086	HNcmsa	013Sx
2	9	8		נֶחְמָ֥ד	2530 a	HVNrmsa	01qVv
2	9	9		לְ/מַרְאֶ֖ה	l/4758	HR/Ncmsa	01Kov
2	9	10		וְ/ט֣וֹב	c/2896 a	HC/Aamsa	01HNy
2	9	11		לְ/מַאֲכָ֑ל	l/3978	HR/Ncmsa	01Ta6
2	9	12		וְ/עֵ֤ץ	c/6086	HC/Ncmsc	01ER2
2	9	13		הַֽ/חַיִּים֙	d/2416 e	HTd/Ncmpa	01yP1
2	9	14		בְּ/ת֣וֹךְ	b/8432	HR/Ncmsc	01w4T
2	9	15		הַ/גָּ֔ן	d/1588	HTd/Ncbsa	01Cyx
2	9	16		וְ/עֵ֕ץ	c/6086	HC/Ncmsc	01qTT
2	9	17		הַ/דַּ֖עַת	d/1847	HTd/Ncfsa	01m55
2	9	18		ט֥וֹב	2896 b	HAamsa	01AF1
2	9	19		וָ/רָֽע	c/7451 b	HC/Aamsa	015ED
2	10	1		וְ/נָהָרּ֙	c/5104	HC/Ncmsa	01zCS
2	10	2		יֹצֵ֣א	3318	HVqrmsa	01LsC
2	10	3		מֵ/עֵ֔דֶן	m/5731 b	HR/Np	01B4x
2	10	4		לְ/הַשְׁק֖וֹת	l/8248	HR/Vhc	01JB6
2	10	5		אֶת	853	HTo	01LzS
2	10	6		הַ/גָּ֑ן	d/1588	HTd/Ncbsa	0183E
2	10	7		וּ/מִ/שָּׁם֙	c/m/8033	HC/R/D	01hQD
2	10	8		יִפָּרֵ֔ד	6504	HVNi3ms	01LZD
2	10	9		וְ/הָיָ֖ה	c/1961	HC/Vqp3ms	016bH
2	10	10		לְ/אַרְבָּעָ֥ה	l/702	HR/Acmsa	01Ekx
2	10	11		רָאשִֽׁים	7218 a	HNcmpa	01PG7
2	11	1		שֵׁ֥ם	8034	HNcmsc	01EL8
2	11	2		הָֽ/אֶחָ֖ד	d/259	HTd/Acmsa	01ufm
2	11	3		פִּישׁ֑וֹן	6376	HNp	01XSi
2	11	4		ה֣וּא	1931	HPp3ms	01ELV
2	11	5		הַ/סֹּבֵ֗ב	d/5437	HTd/Vqrmsa	01Y6w
2	11	6		אֵ֚ת	853	HTo	01qLR
2	11	7		כָּל	3605	HNcmsc	01vfq
2	11	8		אֶ֣רֶץ	776	HNcbsc	01Qsx
2	11	9		הַֽ/חֲוִילָ֔ה	d/2341	HTd/Np	018KZ
2	11	10		אֲשֶׁר	834 a	HTr	01GXq
2	11	11		שָׁ֖ם	8033	HD	01iCi
2	11	12		הַ/זָּהָֽב	d/2091	HTd/Ncmsa	01vwH
2	12	1		וּֽ/זֲהַ֛ב	c/2091	HC/Ncmsc	01dbM
2	12	2		הָ/אָ֥רֶץ	d/776	HTd/Ncbsa	01Dqb
2	12	3		הַ/הִ֖וא	d/1931	HTd/Pp3fs	01kCD
2	12	4		ט֑וֹב	2896 a	HAamsa	01XgW
2	12	5		שָׁ֥ם	8033	HD	016PV
2	12	6		הַ/בְּדֹ֖לַח	d/916	HTd/Ncmsa	01qGs
2	12	7		וְ/אֶ֥בֶן	c/68	HC/Ncfsc	01w7p
2	12	8		הַ/שֹּֽׁהַם	d/7718	HTd/Ncmsa	01k7H
2	13	1		וְ/שֵֽׁם	c/8034	HC/Ncmsc	01r6F
2	13	2		הַ/נָּהָ֥ר	d/5104	HTd/Ncmsa	01Ugz
2	13	3		הַ/שֵּׁנִ֖י	d/8145	HTd/Aomsa	01Mjg
2	13	4		גִּיח֑וֹן	1521	HNp	01mdR
2	13	5		ה֣וּא	1931	HPp3ms	01eWA
2	13	6		הַ/סּוֹבֵ֔ב	d/5437	HTd/Vqrmsa	01CqN
2	13	7		אֵ֖ת	853	HTo	01Cpt
2	13	8		כָּל	3605	HNcmsc	01aSi
2	13	9		אֶ֥רֶץ	776	HNcbsc	017VU
2	13	10		כּֽוּשׁ	3568 a	HNp	01eK3
2	14	1		וְ/שֵׁ֨ם	c/8034	HC/Ncmsc	01c63
2	14	2		הַ/נָּהָ֤ר	d/5104	HTd/Ncmsa	01TuL
2	14	3		הַ/שְּׁלִישִׁי֙	d/7992	HTd/Aomsa	01emQ
2	14	4		חִדֶּ֔קֶל	2313	HNp	01uf4
2	14	5		ה֥וּא	1931	HPp3ms	01jQv
2	14	6		הַֽ/הֹלֵ֖ךְ	d/1980	HTd/Vqrmsa	01ME1
2	14	7		קִדְמַ֣ת	6926	HNcfsc	01ht4
2	14	8		אַשּׁ֑וּר	804	HNp	013Yo
2	14	9		וְ/הַ/נָּהָ֥ר	c/d/5104	HC/Td/Ncmsa	01pYb
2	14	10		הָֽ/רְבִיעִ֖י	d/7243	HTd/Aomsa	01g5u
2	14	11		ה֥וּא	1931	HPp3ms	01w6U
2	14	12		פְרָֽת	6578	HNp	01ifL
2	15	1		וַ/יִּקַּ֛ח	c/3947	HC/Vqw3ms	01LZU
2	15	2		יְהוָ֥ה	3068	HNp	01yHT
2	15	3		אֱלֹהִ֖ים	430	HNcmpa	019Dq
2	15	4		אֶת	853	HTo	017Vg
2	15	5		הָֽ/אָדָ֑ם	d/120	HTd/Ncmsa	013LR
2	15	6		וַ/יַּנִּחֵ֣/הוּ	c/3240	HC/Vhw3ms/Sp3ms	01vdQ
2	15	7		בְ/גַן	b/1588	HR/Ncbsc	01zAa
2	15	8		עֵ֔דֶן	5731 b	HNp	01HK3
2	15	9		לְ/עָבְדָ֖/הּ	l/5647	HR/Vqc/Sp3fs	01sCi
2	15	10		וּ/לְ/שָׁמְרָֽ/הּ	c/l/8104	HC/R/Vqc/Sp3fs	01S3d
2	16	1		וַ/יְצַו֙	c/6680	HC/Vpw3ms	01RFe
2	16	2		יְהוָ֣ה	3068	HNp	01PfQ
2	16	3		אֱלֹהִ֔ים	430	HNcmpa	01AwN
2	16	4		עַל	5921 a	HR	01khc
2	16	5		הָֽ/אָדָ֖ם	d/120	HTd/Ncmsa	01kYA
2	16	6		לֵ/אמֹ֑ר	l/559	HR/Vqc	01u6F
2	16	7		מִ/כֹּ֥ל	m/3605	HR/Ncmsc	01PYJ
2	16	8		עֵֽץ	6086	HNcmsc	011Za
2	16	9		הַ/גָּ֖ן	d/1588	HTd/Ncbsa	01gam
2	16	10		אָכֹ֥ל	398	HVqa	01un5
2	16	11		תֹּאכֵֽל	398	HVqi2ms	01WSe
2	17	1		וּ/מֵ/עֵ֗ץ	c/m/6086	HC/R/Ncmsc	01AFs
2	17	2		הַ/דַּ֨עַת֙	d/1847	HTd/Ncfsa	01aJe
2	17	3		ט֣וֹב	2896 b	HAamsa	01g2t
2	17	4		וָ/רָ֔ע	c/7451 b	HC/Aamsa	018HV
2	17	5		לֹ֥א	3808	HTn	01j8W
2	17	6		תֹאכַ֖ל	398	HVqi2ms	01h73
2	17	7		מִמֶּ֑/נּוּ	4480 a	HR/Sp1cp	019Yh
2	17	8		כִּ֗י	3588 a	HC	01SkM
2	17	9		בְּ/י֛וֹם	b/3117	HR/Ncmsc	01yXK
2	17	10		אֲכָלְ/ךָ֥	398	HVqc/Sp2ms	01hDf
2	17	11		מִמֶּ֖/נּוּ	4480 a	HR/Sp1cp	01PuA
2	17	12		מ֥וֹת	4191	HVqa	01myi
2	17	13		תָּמֽוּת	4191	HVqi2ms	01YLn
2	18	1		וַ/יֹּ֨אמֶר֙	c/559	HC/Vqw3ms	01AXU
2	18	2		יְהוָ֣ה	3068	HNp	01reD
2	18	3		אֱלֹהִ֔ים	430	HNcmpa	01VFM
2	18	4		לֹא	3808	HTn	01SGf
2	18	5		ט֛וֹב	2896 a	HAamsa	019jX
2	18	6		הֱי֥וֹת	1961	HVqc	016t4
2	18	7		הָֽ/אָדָ֖ם	d/120	HTd/Ncmsa	01Yu7
2	18	8		לְ/בַדּ֑/וֹ	l/905	HR/Ncmsc/Sp3ms	01vL9
2	18	9		אֶֽעֱשֶׂהּ	6213 a	HVqi1cs	01G2d
2	18	10		לּ֥/וֹ	l	HR/Sp3ms	01xY3
2	18	11		עֵ֖זֶר	5828	HNcmsa	01Zmd
2	18	12		כְּ/נֶגְדּֽ/וֹ	k/5048	HR/R/Sp3ms	01Wyn
2	19	1		וַ/יִּצֶר֩	c/3335	HC/Vqw3ms	01njg
2	19	2		יְהוָ֨ה	3068	HNp	01L6G
2	19	3		אֱלֹהִ֜ים	430	HNcmpa	01EDP
2	19	4		מִן	4480 a	HR	01QUP
2	19	5		הָֽ/אֲדָמָ֗ה	d/127	HTd/Ncfsa	01fv8
2	19	6		כָּל	3605	HNcmsc	012SX
2	19	7		חַיַּ֤ת	2416 c	HNcfsc	01pwZ
2	19	8		הַ/שָּׂדֶה֙	d/7704 b	HTd/Ncmsa	01KKJ
2	19	9		וְ/אֵת֙	c/853	HC/To	01U9v
2	19	10		כָּל	3605	HNcmsc	013V4
2	19	11		ע֣וֹף	5775	HNcmsc	01gJ1
2	19	12		הַ/שָּׁמַ֔יִם	d/8064	HTd/Ncmpa	01rWk
2	19	13		וַ/יָּבֵא֙	c/935	HC/Vhw3ms	016gQ
2	19	14		אֶל	413	HR	01mSF
2	19	15		הָ֣/אָדָ֔ם	d/120	HTd/Ncmsa	01awX
2	19	16		לִ/רְא֖וֹת	l/7200	HR/Vqc	01wik
2	19	17		מַה	4100	HTi	01CVM
2	19	18		יִּקְרָא	7121	HVqi3ms	01gbT
2	19	19		ל֑/וֹ	l	HR/Sp3ms	01wMq
2	19	20		וְ/כֹל֩	c/3605	HC/Ncmsa	012GY
2	19	21		אֲשֶׁ֨ר	834 a	HTr	01Doj
2	19	22		יִקְרָא	7121	HVqi3ms	01m3h
2	19	23		ל֧/וֹ	l	HR/Sp3ms	01Djb
2	19	24		הָֽ/אָדָ֛ם	d/120	HTd/Ncmsa	01F5r
2	19	25		נֶ֥פֶשׁ	5315	HNcbsa	01V4p
2	19	26		חַיָּ֖ה	2416 a	HAafsa	01HsZ
2	19	27		ה֥וּא	1931	HPp3ms	01DgA
2	19	28		שְׁמֽ/וֹ	8034	HNcmsc/Sp3ms	01QCa
2	20	1		וַ/יִּקְרָ֨א	c/7121	HC/Vqw3ms	01nps
2	20	2		הָֽ/אָדָ֜ם	d/120	HTd/Ncmsa	01oA2
2	20	3		שֵׁמ֗וֹת	8034	HNcmpa	01CYW
2	20	4		לְ/כָל	l/3605	HR/Ncmsc	01TDs
2	20	5		הַ/בְּהֵמָה֙	d/929	HTd/Ncfsa	01fhx
2	20	6		וּ/לְ/ע֣וֹף	c/l/5775	HC/R/Ncmsc	01JPp
2	20	7		הַ/שָּׁמַ֔יִם	d/8064	HTd/Ncmpa	01dWm
2	20	8		וּ/לְ/כֹ֖ל	c/l/3605	HC/R/Ncmsc	01BYg
2	20	9		חַיַּ֣ת	2416 c	HNcfsc	019by
2	20	10		הַ/שָּׂדֶ֑ה	d/7704 b	HTd/Ncmsa	01VRt
2	20	11		וּ/לְ/אָדָ֕ם	c/l/120	HC/R/Ncmsa	01CPS
2	20	12		לֹֽא	3808	HTn	01fiV
2	20	13		מָצָ֥א	4672	HVqp3ms	01vAa
2	20	14		עֵ֖זֶר	5828	HNcmsa	018Na
2	20	15		כְּ/נֶגְדּֽ/וֹ	k/5048	HR/R/Sp3ms	01RZN
2	21	1		וַ/יַּפֵּל֩	c/5307	HC/Vhw3ms	01krV
2	21	2		יְהוָ֨ה	3068	HNp	01sQy
2	21	3		אֱלֹהִ֧ים	430	HNcmpa	01asy
2	21	4		תַּרְדֵּמָ֛ה	8639	HNcfsa	01rxG
2	21	5		עַל	5921 a	HR	016fj
2	21	6		הָ/אָדָ֖ם	d/120	HTd/Ncmsa	01oGi
2	21	7		וַ/יִּישָׁ֑ן	c/3462	HC/Vqw3ms	01PrG
2	21	8		וַ/יִּקַּ֗ח	c/3947	HC/Vqw3ms	01Ao4
2	21	9		אַחַת֙	259	HAcfsa	01fjK
2	21	10		מִ/צַּלְעֹתָ֔י/ו	m/6763	HR/Ncbpc/Sp3ms	01Dwm
2	21	11		וַ/יִּסְגֹּ֥ר	c/5462	HC/Vqw3ms	0131Z
2	21	12		בָּשָׂ֖ר	1320	HNcmsa	01nRw
2	21	13		תַּחְתֶּֽ/נָּה	8478	HR/Sp3fs	01qjY
2	22	1		וַ/יִּבֶן֩	c/1129	HC/Vqw3ms	012oH
2	22	2		יְהוָ֨ה	3068	HNp	01H3W
2	22	3		אֱלֹהִ֧ים	430	HNcmpa	01wQL
2	22	4		אֶֽת	853	HTo	014LW
2	22	5		הַ/צֵּלָ֛ע	d/6763	HTd/Ncbsa	01q4j
2	22	6		אֲשֶׁר	834 a	HTr	01Jdu
2	22	7		לָקַ֥ח	3947	HVqp3ms	01cgg
2	22	8		מִן	4480 a	HR	01x5W
2	22	9		הָֽ/אָדָ֖ם	d/120	HTd/Ncmsa	01s3h
2	22	10		לְ/אִשָּׁ֑ה	l/802	HR/Ncfsa	01ymv
2	22	11		וַ/יְבִאֶ֖/הָ	c/935	HC/Vhw3ms/Sp3fs	0162T
2	22	12		אֶל	413	HR	01NmZ
2	22	13		הָֽ/אָדָֽם	d/120	HTd/Ncmsa	01RD4
2	23	1		וַ/יֹּאמֶר֮	c/559	HC/Vqw3ms	01Xjv
2	23	2		הָֽ/אָדָם֒	d/120	HTd/Ncmsa	01WVH
2	23	3		זֹ֣את	2063	HPdxfs	01WMK
2	23	4		הַ/פַּ֗עַם	d/6471	HTd/Ncfsa	01ctU
2	23	5		עֶ֚צֶם	6106	HNcfsa	01CmP
2	23	6		מֵֽ/עֲצָמַ֔/י	m/6106	HR/Ncfpc/Sp1cs	01LY2
2	23	7		וּ/בָשָׂ֖ר	c/1320	HC/Ncmsa	01k7w
2	23	8		מִ/בְּשָׂרִ֑/י	m/1320	HR/Ncmsc/Sp1cs	01JFy
2	23	9		לְ/זֹאת֙	l/2063	HR/Pdxfs	01Amf
2	23	10		יִקָּרֵ֣א	7121	HVNi3ms	01i9m
2	23	11		אִשָּׁ֔ה	802	HNcfsa	01FCo
2	23	12		כִּ֥י	3588 a	HC	01wNS
2	23	13		מֵ/אִ֖ישׁ	m/376	HR/Ncmsa	01XPV
2	23	14		לֻֽקֳחָה	3947	HVPp3fs	01K9E
2	23	15		זֹּֽאת	2063	HPdxfs	01sNR
2	24	1		עַל	5921 a	HR	01pww
2	24	2		כֵּן֙	3651 c	HTm	01d1k
2	24	3		יַֽעֲזָב	5800 a	HVqi3ms	01Gpp
2	24	4		אִ֔ישׁ	376	HNcmsa	01T85
2	24	5		אֶת	853	HTo	01E2x
2	24	6		אָבִ֖י/ו	1	HNcmsc/Sp3ms	01vUM
2	24	7		וְ/אֶת	c/853	HC/To	01pMW
2	24	8		אִמּ֑/וֹ	517	HNcfsc/Sp3ms	01fiZ
2	24	9		וְ/דָבַ֣ק	c/1692	HC/Vqq3ms	01FQf
2	24	10		בְּ/אִשְׁתּ֔/וֹ	b/802	HR/Ncfsc/Sp3ms	01Gbx
2	24	11		וְ/הָי֖וּ	c/1961	HC/Vqq3cp	01H82
2	24	12		לְ/בָשָׂ֥ר	l/1320	HR/Ncmsa	01XaZ
2	24	13		אֶחָֽד	259	HAcmsa	01RGz
2	25	1		וַ/יִּֽהְי֤וּ	c/1961	HC/Vqw3mp	01tQ1
2	25	2		שְׁנֵי/הֶם֙	8147	HAcmdc/Sp3mp	01oSR
2	25	3		עֲרוּמִּ֔ים	6174	HAampa	01rUR
2	25	4		הָֽ/אָדָ֖ם	d/120	HTd/Ncmsa	01NME
2	25	5		וְ/אִשְׁתּ֑/וֹ	c/802	HC/Ncfsc/Sp3ms	01eQs
2	25	6		וְ/לֹ֖א	c/3808	HC/Tn	01fE2
2	25	7		יִתְבֹּשָֽׁשׁוּ	954	HVri3mp	01rio
3	1	1		וְ/הַ/נָּחָשׁ֙	c/d/5175	HC/Td/Ncmsa	01hum
3	1	2		הָיָ֣ה	1961	HVqp3ms	01UG5
3	1	3		עָר֔וּם	6175	HAamsa	01tZb
3	1	4		מִ/כֹּל֙	m/3605	HR/Ncmsc	01UEd
3	1	5		חַיַּ֣ת	2416 c	HNcfsc	01zit
3	1	6		הַ/שָּׂדֶ֔ה	d/7704 b	HTd/Ncmsa	01pcg
3	1	7		אֲשֶׁ֥ר	834 a	HTr	011pD
3	1	8		עָשָׂ֖ה	6213 a	HVqp3ms	01UCh
3	1	9		יְהוָ֣ה	3068	HNp	01jZZ
3	1	10		אֱלֹהִ֑ים	430	HNcmpa	017a3
3	1	11		וַ/יֹּ֨אמֶר֙	c/559	HC/Vqw3ms	01k23
3	1	12		אֶל	413	HR	01nxs
3	1	13		הָ֣/אִשָּׁ֔ה	d/802	HTd/Ncfsa	01Rs7
3	1	14		אַ֚ף	637	HTa	01x1q
3	1	15		כִּֽי	3588 a	HC	01ozK
3	1	16		אָמַ֣ר	559	HVqp3ms	016Tj
3	1	17		אֱלֹהִ֔ים	430	HNcmpa	01Wp4
3	1	18		לֹ֣א	3808	HTn	01ayu
3	1	19		תֹֽאכְל֔וּ	398	HVqi2mp	01izi
3	1	20		מִ/כֹּ֖ל	m/3605	HR/Ncmsc	01cNi
3	1	21		עֵ֥ץ	6086	HNcmsc	012Z3
3	1	22		הַ/גָּֽן	d/1588	HTd/Ncbsa	01bTo
3	2	1		וַ/תֹּ֥אמֶר	c/559	HC/Vqw3fs	01hvK
3	2	2		הָֽ/אִשָּׁ֖ה	d/802	HTd/Ncfsa	01XQw
3	2	3		אֶל	413	HR	01Ssi
3	2	4		הַ/נָּחָ֑שׁ	d/5175	HTd/Ncmsa	01UtQ
3	2	5		מִ/פְּרִ֥י	m/6529	HR/Ncmsc	01MVx
3	2	6		עֵֽץ	6086	HNcmsc	014dp
3	2	7		הַ/גָּ֖ן	d/1588	HTd/Ncbsa	01nsw
3	2	8		נֹאכֵֽל	398	HVqi1cp	01KGj
3	3	1		וּ/מִ/פְּרִ֣י	c/m/6529	HC/R/Ncmsc	018xz
3	3	2		הָ/עֵץ֮	d/6086	HTd/Ncmsa	01y1Z
3	3	3		אֲשֶׁ֣ר	834 a	HTr	01Uq9
3	3	4		בְּ/תוֹךְ	b/8432	HR/Ncmsc	01TiM
3	3	5		הַ/גָּן֒	d/1588	HTd/Ncbsa	01NqW
3	3	6		אָמַ֣ר	559	HVqp3ms	01emv
3	3	7		אֱלֹהִ֗ים	430	HNcmpa	013r3
3	3	8		לֹ֤א	3808	HTn	01sEP
3	3	9		תֹֽאכְלוּ֙	398	HVqi2mp	01BYi
3	3	10		מִמֶּ֔/נּוּ	4480 a	HR/Sp1cp	01K78
3	3	11		וְ/לֹ֥א	c/3808	HC/Tn	01LG5
3	3	12		תִגְּע֖וּ	5060	HVqi2mp	01pvY
3	3	13		בּ֑/וֹ	b	HR/Sp3ms	01B6g
3	3	14		פֶּן	6435	HC	01UDg
3	3	15		תְּמֻתֽוּ/ן	4191	HVqi2mp/Sn	01Baw
3	4	1		וַ/יֹּ֥אמֶר	c/559	HC/Vqw3ms	01MZ9
3	4	2		הַ/נָּחָ֖שׁ	d/5175	HTd/Ncmsa	01Svn
3	4	3		אֶל	413	HR	01x62
3	4	4		הָֽ/אִשָּׁ֑ה	d/802	HTd/Ncfsa	01dQK
3	4	5		לֹֽא	3808	HTn	01dDm
3	4	6		מ֖וֹת	4191	HVqa	01XwG
3	4	7		תְּמֻתֽוּ/ן	4191	HVqi2mp/Sn	01iPC
3	5	1		כִּ֚י	3588 a	HC	018E1
3	5	2		יֹדֵ֣עַ	3045	HVqrmsa	014vF
3	5	3		אֱלֹהִ֔ים	430	HNcmpa	01y7z
3	5	4		כִּ֗י	3588 a	HC	01bvs
3	5	5		בְּ/יוֹם֙	b/3117	HR/Ncmsc	01Gxe
3	5	6		אֲכָלְ/כֶ֣ם	398	HVqc/Sp2mp	01Qjd
3	5	7		מִמֶּ֔/נּוּ	4480 a	HR/Sp3ms	01t98
3	5	8		וְ/נִפְקְח֖וּ	c/6491	HC/VNq3cp	01YfW
3	5	9		עֵֽינֵי/כֶ֑ם	5869 a	HNcbdc/Sp2mp	01P1s
3	5	10		וִ/הְיִיתֶם֙	c/1961	HC/Vqq2mp	01a9X
3	5	11		כֵּֽ/אלֹהִ֔ים	k/430	HR/Ncmpa	01RUp
3	5	12		יֹדְעֵ֖י	3045	HVqrmpc	017Kw
3	5	13		ט֥וֹב	2896 b	HAamsa	01E6n
3	5	14		וָ/רָֽע	c/7451 b	HC/Aamsa	014YU
3	6	1		וַ/תֵּ֣רֶא	c/7200	HC/Vqw3fs	01yMS
3	6	2		הָֽ/אִשָּׁ֡ה	d/802	HTd/Ncfsa	01RZD
3	6	3		כִּ֣י	3588 a	HC	01T97
3	6	4		טוֹב֩	2896 a	HAamsa	015L1
3	6	5		הָ/עֵ֨ץ	d/6086	HTd/Ncmsa	01nY7
3	6	6		לְ/מַאֲכָ֜ל	l/3978	HR/Ncmsa	01S83
3	6	7		וְ/כִ֧י	c/3588 a	HC/C	01SDb
3	6	8		תַֽאֲוָה	8378	HNcfsa	01DKS
3	6	9		ה֣וּא	1931	HPp3ms	01YKr
3	6	10		לָ/עֵינַ֗יִם	l/5869 a	HRd/Ncbda	01r66
3	6	11		וְ/נֶחְמָ֤ד	c/2530 a	HC/VNrmsa	01TW5
3	6	12		הָ/עֵץ֙	d/6086	HTd/Ncmsa	01KaN
3	6	13		לְ/הַשְׂכִּ֔יל	l/7919 a	HR/Vhc	01FsE
3	6	14		וַ/תִּקַּ֥ח	c/3947	HC/Vqw3fs	017Np
3	6	15		מִ/פִּרְי֖/וֹ	m/6529	HR/Ncmsc/Sp3ms	01965
3	6	16		וַ/תֹּאכַ֑ל	c/398	HC/Vqw3fs	01MeK
3	6	17		וַ/תִּתֵּ֧ן	c/5414	HC/Vqw3fs	01Pw8
3	6	18		גַּם	1571	HTa	01Bxn
3	6	19		לְ/אִישָׁ֛/הּ	l/376	HR/Ncmsc/Sp3fs	01Gne
3	6	20		עִמָּ֖/הּ	5973 a	HR/Sp3fs	01uXm
3	6	21		וַ/יֹּאכַֽל	c/398	HC/Vqw3ms	01Cmf
3	7	1		וַ/תִּפָּקַ֨חְנָה֙	c/6491	HC/VNw3fp	01K6T
3	7	2		עֵינֵ֣י	5869 a	HNcbdc	01XFF
3	7	3		שְׁנֵי/הֶ֔ם	8147	HAcmdc/Sp3mp	01gKP
3	7	4		וַ/יֵּ֣דְע֔וּ	c/3045	HC/Vqw3mp	01YUv
3	7	5		כִּ֥י	3588 a	HC	01HQ9
3	7	6		עֵֽירֻמִּ֖ם	5903	HAampa	01D5P
3	7	7		הֵ֑ם	1992	HPp3mp	01pVx
3	7	8		וַֽ/יִּתְפְּרוּ֙	c/8609	HC/Vqw3mp	01WAq
3	7	9		עֲלֵ֣ה	5929	HNcmsc	01PxM
3	7	10		תְאֵנָ֔ה	8384	HNcfsa	01oCH
3	7	11		וַ/יַּעֲשׂ֥וּ	c/6213 a	HC/Vqw3mp	01tQE
3	7	12		לָ/הֶ֖ם	l	HR/Sp3mp	01wtX
3	7	13		חֲגֹרֹֽת	2290 b	HNcfpa	01Hso
3	8	1		וַֽ/יִּשְׁמְע֞וּ	c/8085	HC/Vqw3mp	01yS3
3	8	2		אֶת	853	HTo	01PHG
3	8	3		ק֨וֹל	6963 a	HNcmsc	011go
3	8	4		יְהוָ֧ה	3068	HNp	01XLB
3	8	5		אֱלֹהִ֛ים	430	HNcmpa	01KTJ
3	8	6		מִתְהַלֵּ֥ךְ	1980	HVtrmsa	01twL
3	8	7		בַּ/גָּ֖ן	b/1588	HRd/Ncbsa	013MS
3	8	8		לְ/ר֣וּחַ	l/7307	HR/Ncbsc	01GnD
3	8	9		הַ/יּ֑וֹם	d/3117	HTd/Ncmsa	01rVJ
3	8	10		וַ/יִּתְחַבֵּ֨א	c/2244	HC/Vtw3ms	01w2R
3	8	11		הָֽ/אָדָ֜ם	d/120	HTd/Ncmsa	01JsR
3	8	12		וְ/אִשְׁתּ֗/וֹ	c/802	HC/Ncfsc/Sp3ms	01Sv8
3	8	13		מִ/פְּנֵי֙	m/6440	HR/Ncbpc	01adR
3	8	14		יְהוָ֣ה	3068	HNp	01xek
3	8	15		אֱלֹהִ֔ים	430	HNcmpa	01UEH
3	8	16		בְּ/ת֖וֹךְ	b/8432	HR/Ncmsc	01L2G
3	8	17		עֵ֥ץ	6086	HNcmsc	01oPm
3	8	18		הַ/גָּֽן	d/1588	HTd/Ncbsa	01azH
3	9	1		וַ/יִּקְרָ֛א	c/7121	HC/Vqw3ms	01fZA
3	9	2		יְהוָ֥ה	3068	HNp	016Hj
3	9	3		אֱלֹהִ֖ים	430	HNcmpa	01UCE
3	9	4		אֶל	413	HR	01dvY
3	9	5		הָֽ/אָדָ֑ם	d/120	HTd/Ncmsa	01YkN
3	9	6		וַ/יֹּ֥אמֶר	c/559	HC/Vqw3ms	01k6s
3	9	7		ל֖/וֹ	l	HR/Sp3ms	01awY
3	9	8		אַיֶּֽ/כָּה	335	HTi/Sp2ms	01Wb1
3	10	1		וַ/יֹּ֕אמֶר	c/559	HC/Vqw3ms	01EAT
3	10	2		אֶת	853	HTo	01MzG
3	10	3		קֹלְ/ךָ֥	6963 a	HNcmsc/Sp2ms	01RBM
3	10	4		שָׁמַ֖עְתִּי	8085	HVqp1cs	01wzx
3	10	5		בַּ/גָּ֑ן	b/1588	HRd/Ncbsa	017Vm
3	10	6		וָ/אִירָ֛א	c/3372	HC/Vqw1cs	01vSy
3	10	7		כִּֽי	3588 a	HC	01qgp
3	10	8		עֵירֹ֥ם	5903	HAamsa	01bcQ
3	10	9		אָנֹ֖כִי	595	HPp1cs	01GFP
3	10	10		וָ/אֵחָבֵֽא	c/2244	HC/VNw1cs	01QZx
3	11	1		וַ/יֹּ֕אמֶר	c/559	HC/Vqw3ms	01JH9
3	11	2		מִ֚י	4310	HTi	01Cdg
3	11	3		הִגִּ֣יד	5046	HVhp3ms	01Uv6
3	11	4		לְ/ךָ֔	l	HR/Sp2ms	01eec
3	11	5		כִּ֥י	3588 a	HC	01bea
3	11	6		עֵירֹ֖ם	5903	HAamsa	01zx5
3	11	7		אָ֑תָּה	859 a	HPp2ms	01SMW
3	11	8		הֲ/מִן	i/4480 a	HTi/R	01GYp
3	11	9		הָ/עֵ֗ץ	d/6086	HTd/Ncmsa	011GH
3	11	10		אֲשֶׁ֧ר	834 a	HTr	013QW
3	11	11		צִוִּיתִ֛י/ךָ	6680	HVpp1cs/Sp2ms	01tAW
3	11	12		לְ/בִלְתִּ֥י	l/1115	HR/C	01DCB
3	11	13		אֲכָל	398	HVqc	01r2Z
3	11	14		מִמֶּ֖/נּוּ	4480 a	HR/Sp1cp	01don
3	11	15		אָכָֽלְתָּ	398	HVqp2ms	01cdc
3	12	1		וַ/יֹּ֖אמֶר	c/559	HC/Vqw3ms	01Ybs
3	12	2		הָֽ/אָדָ֑ם	d/120	HTd/Ncmsa	01iFe
3	12	3		הָֽ/אִשָּׁה֙	d/802	HTd/Ncfsa	019w8
3	12	4		אֲשֶׁ֣ר	834 a	HTr	019fJ
3	12	5		נָתַ֣תָּה	5414	HVqp2ms	01rMg
3	12	6		עִמָּדִ֔/י	5978	HR/Sp1cs	01T3v
3	12	7		הִ֛וא	1931	HPp3fs	01e37
3	12	8		נָֽתְנָה	5414	HVqp3fs	01F5j
3	12	9		לִּ֥/י	l	HR/Sp1cs	01drK
3	12	10		מִן	4480 a	HR	011TS
3	12	11		הָ/עֵ֖ץ	d/6086	HTd/Ncmsa	01e65
3	12	12		וָ/אֹכֵֽל	c/398	HC/Vqw1cs	01Fkx
3	13	1		וַ/יֹּ֨אמֶר	c/559	HC/Vqw3ms	01ZVs
3	13	2		יְהוָ֧ה	3068	HNp	01bmu
3	13	3		אֱלֹהִ֛ים	430	HNcmpa	01eis
3	13	4		לָ/אִשָּׁ֖ה	l/802	HRd/Ncfsa	01B8V
3	13	5		מַה	4100	HTi	01gjk
3	13	6		זֹּ֣את	2063	HPdxfs	01tiD
3	13	7		עָשִׂ֑ית	6213 a	HVqp2fs	01kXw
3	13	8		וַ/תֹּ֨אמֶר֙	c/559	HC/Vqw3fs	01cHm
3	13	9		הָֽ/אִשָּׁ֔ה	d/802	HTd/Ncfsa	01Loa
3	13	10		הַ/נָּחָ֥שׁ	d/5175	HTd/Ncmsa	01NW8
3	13	11		הִשִּׁיאַ֖/נִי	5377	HVhp3ms/Sp1cs	01Ufy
3	13	12		וָ/אֹכֵֽל	c/398	HC/Vqw1cs	01FCe
3	14	1		וַ/יֹּאמֶר֩	c/559	HC/Vqw3ms	01CBn
3	14	2		יְהֹוָ֨ה	3068	HNp	01QFm
3	14	3		אֱלֹהִ֥ים	430	HNcmpa	012st
3	14	4		אֶֽל	413	HR	01rCW
3	14	5		הַ/נָּחָשׁ֮	d/5175	HTd/Ncmsa	017gm
3	14	6		כִּ֣י	3588 a	HC	01zkf
3	14	7		עָשִׂ֣יתָ	6213 a	HVqp2ms	01941
3	14	8		זֹּאת֒	2063	HPdxfs	016C3
3	14	9		אָר֤וּר	779	HVqsmsa	01WMb
3	14	10		אַתָּה֙	859 a	HPp2ms	01ZgJ
3	14	11		מִ/כָּל	m/3605	HR/Ncmsc	01Ft4
3	14	12		הַ/בְּהֵמָ֔ה	d/929	HTd/Ncfsa	01iMP
3	14	13		וּ/מִ/כֹּ֖ל	c/m/3605	HC/R/Ncmsc	01aom
3	14	14		חַיַּ֣ת	2416 c	HNcfsc	01xKf
3	14	15		הַ/שָּׂדֶ֑ה	d/7704 b	HTd/Ncmsa	01EnU
3	14	16		עַל	5921 a	HR	01Zax
3	14	17		גְּחֹנְ/ךָ֣	1512	HNcmsc/Sp2ms	01Q2e
3	14	18		תֵלֵ֔ךְ	3212	HVqi2ms	01ZRJ
3	14	19		וְ/עָפָ֥ר	c/6083	HC/Ncmsa	01YEi
3	14	20		תֹּאכַ֖ל	398	HVqi2ms	01gvb
3	14	21		כָּל	3605	HNcmsc	01bJa
3	14	22		יְמֵ֥י	3117	HNcmpc	0189f
3	14	23		חַיֶּֽי/ךָ	2416 e	HNcmpc/Sp2ms	01re5
3	15	1		וְ/אֵיבָ֣ה	c/342	HC/Ncfsa	01Xh3
3	15	2		אָשִׁ֗ית	7896	HVqi1cs	01EyU
3	15	3		בֵּֽינְ/ךָ֙	996	HR/Sp2ms	01aci
3	15	4		וּ/בֵ֣ין	c/996	HC/R	01kbc
3	15	5		הָֽ/אִשָּׁ֔ה	d/802	HTd/Ncfsa	01baF
3	15	6		וּ/בֵ֥ין	c/996	HC/R	01ZNU
3	15	7		זַרְעֲ/ךָ֖	2233	HNcmsc/Sp2ms	01KqQ
3	15	8		וּ/בֵ֣ין	c/996	HC/R	01gLV
3	15	9		זַרְעָ֑/הּ	2233	HNcmsc/Sp3fs	01KTp
3	15	10		ה֚וּא	1931	HPp3ms	01rzR
3	15	11		יְשׁוּפְ/ךָ֣	7779	HVqi3ms/Sp2ms	01bh3
3	15	12		רֹ֔אשׁ	7218 a	HNcmsa	01duZ
3	15	13		וְ/אַתָּ֖ה	c/859 a	HC/Pp2ms	01YHi
3	15	14		תְּשׁוּפֶ֥/נּוּ	7779	HVqi2ms/Sp3ms	01GV7
3	15	15		עָקֵֽב	6119	HNcmsa	01A76
3	16	1		אֶֽל	413	HR	01eHZ
3	16	2		הָ/אִשָּׁ֣ה	d/802	HTd/Ncfsa	01ycY
3	16	3		אָמַ֗ר	559	HVqp3ms	01ejK
3	16	4		הַרְבָּ֤ה	7235 a	HVha	01Jb3
3	16	5		אַרְבֶּה֙	7235 a	HVhi1cs	01XXt
3	16	6		עִצְּבוֹנֵ֣/ךְ	6093	HNcmsc/Sp2fs	01rKT
3	16	7		וְ/הֵֽרֹנֵ֔/ךְ	c/2032	HC/Ncmsc/Sp2fs	01Q8c
3	16	8		בְּ/עֶ֖צֶב	b/6089 a	HR/Ncmsa	01rHh
3	16	9		תֵּֽלְדִ֣י	3205	HVqi2fs	01mUo
3	16	10		בָנִ֑ים	1121 a	HNcmpa	01Hfj
3	16	11		וְ/אֶל	c/413	HC/R	01ACV
3	16	12		אִישֵׁ/ךְ֙	376	HNcmsc/Sp2fs	01ioH
3	16	13		תְּשׁ֣וּקָתֵ֔/ךְ	8669	HNcfsc/Sp2fs	01FCG
3	16	14		וְ/ה֖וּא	c/1931	HC/Pp3ms	017Jo
3	16	15		יִמְשָׁל	4910	HVqi3ms	01wKF
3	16	16		בָּֽ/ךְ	b	HR/Sp2fs	01YU5
3	17	1		וּ/לְ/אָדָ֣ם	c/l/121	HC/R/Np	01xmV
3	17	2		אָמַ֗ר	559	HVqp3ms	01ZvX
3	17	3		כִּֽי	3588 a	HC	017Ch
3	17	4		שָׁמַעְתָּ֮	8085	HVqp2ms	01S67
3	17	5		לְ/ק֣וֹל	l/6963 a	HR/Ncmsc	01Hmd
3	17	6		אִשְׁתֶּ/ךָ֒	802	HNcfsc/Sp2ms	014Yz
3	17	7		וַ/תֹּ֨אכַל֙	c/398	HC/Vqw2ms	01zbA
3	17	8		מִן	4480 a	HR	01koP
3	17	9		הָ/עֵ֔ץ	d/6086	HTd/Ncmsa	01Mdv
3	17	10		אֲשֶׁ֤ר	834 a	HTr	01TXv
3	17	11		צִוִּיתִ֨י/ךָ֙	6680	HVpp1cs/Sp2ms	01pbV
3	17	12		לֵ/אמֹ֔ר	l/559	HR/Vqc	01MSY
3	17	13		לֹ֥א	3808	HTn	01GXC
3	17	14		תֹאכַ֖ל	398	HVqi2ms	01Y6k
3	17	15		מִמֶּ֑/נּוּ	4480 a	HR/Sp1cp	01ctR
3	17	16		אֲרוּרָ֤ה	779	HVqsfsa	01Qq3
3	17	17		הָֽ/אֲדָמָה֙	d/127	HTd/Ncfsa	01GdR
3	17	18		בַּֽ/עֲבוּרֶ֔/ךָ	b/5668	HR/Ncmsc/Sp2ms	01kV4
3	17	19		בְּ/עִצָּבוֹן֙	b/6093	HR/Ncmsa	01Zy7
3	17	20		תֹּֽאכֲלֶ֔/נָּה	398	HVqi2ms/Sp3fs	01ozy
3	17	21		כֹּ֖ל	3605	HNcmsc	01H6W
3	17	22		יְמֵ֥י	3117	HNcmpc	01297
3	17	23		חַיֶּֽי/ךָ	2416 e	HNcmpc/Sp2ms	01Eyi
3	18	1		וְ/ק֥וֹץ	c/6975	HC/Ncmsa	01kz6
3	18	2		וְ/דַרְדַּ֖ר	c/1863	HC/Ncmsa	01PZP
3	18	3		תַּצְמִ֣יחַֽ	6779	HVhi3fs	01tkv
3	18	4		לָ֑/ךְ	l	HR/Sp2fs	01YJk
3	18	5		וְ/אָכַלְתָּ֖	c/398	HC/Vqq2ms	01zp3
3	18	6		אֶת	853	HTo	01GVz
3	18	7		עֵ֥שֶׂב	6212	HNcmsc	01MRd
3	18	8		הַ/שָּׂדֶֽה	d/7704 b	HTd/Ncmsa	01Ci2
3	19	1		בְּ/זֵעַ֤ת	b/2188	HR/Ncfsc	01TD8
3	19	2		אַפֶּ֨י/ךָ֙	639	HNcmdc/Sp2ms	016R1
3	19	3		תֹּ֣אכַל	398	HVqi2ms	01c7o
3	19	4		לֶ֔חֶם	3899	HNcbsa	012Ss
3	19	5		עַ֤ד	5704	HR	01JyU
3	19	6		שֽׁוּבְ/ךָ֙	7725	HVqc/Sp2ms	01uF7
3	19	7		אֶל	413	HR	01fbk
3	19	8		הָ֣/אֲדָמָ֔ה	d/127	HTd/Ncfsa	01RxS
3	19	9		כִּ֥י	3588 a	HC	01PTT
3	19	10		מִמֶּ֖/נָּה	4480 a	HR/Sp3fs	011bY
3	19	11		לֻקָּ֑חְתָּ	3947	HVPp2ms	01GMz
3	19	12		כִּֽי	3588 a	HC	01uCN
3	19	13		עָפָ֣ר	6083	HNcmsa	01Wmn
3	19	14		אַ֔תָּה	859 a	HPp2ms	01Lri
3	19	15		וְ/אֶל	c/413	HC/R	01ymB
3	19	16		עָפָ֖ר	6083	HNcmsa	01fac
3	19	17		תָּשֽׁוּב	7725	HVqi2ms	01X2q
3	20	1		וַ/יִּקְרָ֧א	c/7121	HC/Vqw3ms	019d7
3	20	2		הָֽ/אָדָ֛ם	d/120	HTd/Ncmsa	01bj4
3	20	3		שֵׁ֥ם	8034	HNcmsc	01ZRD
3	20	4		אִשְׁתּ֖/וֹ	802	HNcfsc/Sp3ms	01iFV
3	20	5		חַוָּ֑ה	2332	HNp	01JzQ
3	20	6		כִּ֛י	3588 a	HC	01qbn
3	20	7		הִ֥וא	1931	HPp3fs	01WeU
3	20	8		הָֽיְתָ֖ה	1961	HVqp3fs	01TMW
3	20	9		אֵ֥ם	517	HNcfsc	01KvW
3	20	10		כָּל	3605	HNcmsc	01wz5
3	20	11		חָֽי	2416 a	HAamsa	01g5b
3	21	1		וַ/יַּעַשׂ֩	c/6213 a	HC/Vqw3ms	016Cg
3	21	2		יְהוָ֨ה	3068	HNp	01cqw
3	21	3		אֱלֹהִ֜ים	430	HNcmpa	0176C
3	21	4		לְ/אָדָ֧ם	l/120	HR/Ncmsa	01t1W
3	21	5		וּ/לְ/אִשְׁתּ֛/וֹ	c/l/802	HC/R/Ncfsc/Sp3ms	01vfm
3	21	6		כָּתְנ֥וֹת	3801	HNcfpc	01pjd
3	21	7		ע֖וֹר	5785	HNcmsa	01Atm
3	21	8		וַ/יַּלְבִּשֵֽׁ/ם	c/3847	HC/Vhw3ms/Sp3mp	01vFb
3	22	1		וַ/יֹּ֣אמֶר	c/559	HC/Vqw3ms	01sFr
3	22	2		יְהוָ֣ה	3068	HNp	01Q98
3	22	3		אֱלֹהִ֗ים	430	HNcmpa	01e6Q
3	22	4		הֵ֤ן	2005	HTm	01Zzk
3	22	5		הָֽ/אָדָם֙	d/120	HTd/Ncmsa	01Ynf
3	22	6		הָיָה֙	1961	HVqp3ms	015pP
3	22	7		כְּ/אַחַ֣ד	k/259	HR/Acmsc	01Xxj
3	22	8		מִמֶּ֔/נּוּ	4480 a	HR/Sp1cp	01eNB
3	22	9		לָ/דַ֖עַת	l/3045	HR/Vqc	01r8g
3	22	10		ט֣וֹב	2896 b	HAamsa	01sJk
3	22	11		וָ/רָ֑ע	c/7451 b	HC/Aamsa	01wBJ
3	22	12		וְ/עַתָּ֣ה	c/6258	HC/D	01tvR
3	22	13		פֶּן	6435	HC	01Uoi
3	22	14		יִשְׁלַ֣ח	7971	HVqi3ms	01H29
3	22	15		יָד֗/וֹ	3027	HNcbsc/Sp3ms	01m2e
3	22	16		וְ/לָקַח֙	c/3947	HC/Vqq3ms	01WQ1
3	22	17		גַּ֚ם	1571	HTa	017uv
3	22	18		מֵ/עֵ֣ץ	m/6086	HR/Ncmsc	01Z1J
3	22	19		הַֽ/חַיִּ֔ים	d/2416 e	HTd/Ncmpa	01KZa
3	22	20		וְ/אָכַ֖ל	c/398	HC/Vqq3ms	012u6
3	22	21		וָ/חַ֥י	c/2425	HC/Vqq3ms	01CGY
3	22	22		לְ/עֹלָֽם	l/5769	HR/Ncmsa	01cy3
3	23	1		וַֽ/יְשַׁלְּחֵ֛/הוּ	c/7971	HC/Vpw3ms/Sp3ms	015EE
3	23	2		יְהוָ֥ה	3068	HNp	017yo
3	23	3		אֱלֹהִ֖ים	430	HNcmpa	016ot
3	23	4		מִ/גַּן	m/1588	HR/Ncbsc	012Sx
3	23	5		עֵ֑דֶן	5731 b	HNp	014mo
3	23	6		לַֽ/עֲבֹד֙	l/5647	HR/Vqc	01RqC
3	23	7		אֶת	853	HTo	01ESM
3	23	8		הָ֣/אֲדָמָ֔ה	d/127	HTd/Ncfsa	01mCp
3	23	9		אֲשֶׁ֥ר	834 a	HTr	01DCR
3	23	10		לֻקַּ֖ח	3947	HVPp3ms	019jq
3	23	11		מִ/שָּֽׁם	m/8033	HR/D	01uFy
3	24	1		וַ/יְגָ֖רֶשׁ	c/1644	HC/Vpw3ms	01rnW
3	24	2		אֶת	853	HTo	01to2
3	24	3		הָֽ/אָדָ֑ם	d/120	HTd/Ncmsa	01XrY
3	24	4		וַ/יַּשְׁכֵּן֩	c/7931	HC/Vhw3ms	014De
3	24	5		מִ/קֶּ֨דֶם	m/6924 a	HR/Ncmsa	01dPn
3	24	6		לְ/גַן	l/1588	HR/Ncbsc	01Qve
3	24	7		עֵ֜דֶן	5731 b	HNp	013dz
3	24	8		אֶת	853	HTo	01vcq
3	24	9		הַ/כְּרֻבִ֗ים	d/3742	HTd/Ncmpa	014Ed
3	24	10		וְ/אֵ֨ת	c/853	HC/To	01kfR
3	24	11		לַ֤הַט	3858	HNcmsc	01FUa
3	24	12		הַ/חֶ֨רֶב֙	d/2719	HTd/Ncfsa	01RZP
3	24	13		הַ/מִּתְהַפֶּ֔כֶת	d/2015	HTd/Vtrfsa	01qLo
3	24	14		לִ/שְׁמֹ֕ר	l/8104	HR/Vqc	01UwQ
3	24	15		אֶת	853	HTo	01EG9
3	24	16		דֶּ֖רֶךְ	1870	HNcbsc	01fSj
3	24	17		עֵ֥ץ	6086	HNcmsc	01LGP
3	24	18		הַֽ/חַיִּֽים	d/2416 e	HTd/Ncmpa	01oYa
4	1	1		וְ/הָ֣/אָדָ֔ם	c/d/120	HC/Td/Ncmsa	01L3V
4	1	2		יָדַ֖ע	3045	HVqp3ms	01Nkc
4	1	3		אֶת	853	HTo	018qm
4	1	4		חַוָּ֣ה	2332	HNp	01XRb
4	1	5		אִשְׁתּ֑/וֹ	802	HNcfsc/Sp3ms	01AkY
4	1	6		וַ/תַּ֨הַר֙	c/2029	HC/Vqw3fs	01e5T
4	1	7		וַ/תֵּ֣לֶד	c/3205	HC/Vqw3fs	01MGG
4	1	8		אֶת	853	HTo	016q3
4	1	9		קַ֔יִן	7014 b	HNp	01MDa
4	1	10		וַ/תֹּ֕אמֶר	c/559	HC/Vqw3fs	01WBd
4	1	11		קָנִ֥יתִי	7069	HVqp1cs	01jGt
4	1	12		אִ֖ישׁ	376	HNcmsa	01tyS
4	1	13		אֶת	854	HR	01k6N
4	1	14		יְהוָֽה	3068	HNp	01mY8
4	2	1		וַ/תֹּ֣סֶף	c/3254	HC/Vhw3fs	01Hod
4	2	2		לָ/לֶ֔דֶת	l/3205	HR/Vqc	01LbG
4	2	3		אֶת	853	HTo	01jJf
4	2	4		אָחִ֖י/ו	251	HNcmsc/Sp3ms	01zJw
4	2	5		אֶת	853	HTo	01Sho
4	2	6		הָ֑בֶל	1893	HNp	018zu
4	2	7		וַֽ/יְהִי	c/1961	HC/Vqw3ms	016TZ
4	2	8		הֶ֨בֶל֙	1893	HNp	01mQU
4	2	9		רֹ֣עֵה	7462 b	HVqrmsc	015oN
4	2	10		צֹ֔אן	6629	HNcbsa	01HQC
4	2	11		וְ/קַ֕יִן	c/7014 b	HC/Np	01tFU
4	2	12		הָיָ֖ה	1961	HVqp3ms	01QHV
4	2	13		עֹבֵ֥ד	5647	HVqrmsc	01ot3
4	2	14		אֲדָמָֽה	127	HNcfsa	01HBY
4	3	1		וַֽ/יְהִ֖י	c/1961	HC/Vqw3ms	015H9
4	3	2		מִ/קֵּ֣ץ	m/7093	HR/Ncmsc	01eWk
4	3	3		יָמִ֑ים	3117	HNcmpa	01UNQ
4	3	4		וַ/יָּבֵ֨א	c/935	HC/Vhw3ms	01GX8
4	3	5		קַ֜יִן	7014 b	HNp	01pky
4	3	6		מִ/פְּרִ֧י	m/6529	HR/Ncmsc	013N5
4	3	7		הָֽ/אֲדָמָ֛ה	d/127	HTd/Ncfsa	01gv9
4	3	8		מִנְחָ֖ה	4503	HNcfsa	0128H
4	3	9		לַֽ/יהוָֽה	l/3068	HR/Np	01cog
4	4	1		וְ/הֶ֨בֶל	c/1893	HC/Np	01dVq
4	4	2		הֵבִ֥יא	935	HVhp3ms	01SmU
4	4	3		גַם	1571	HD	01xRR
4	4	4		ה֛וּא	1931	HPp3ms	01NYp
4	4	5		מִ/בְּכֹר֥וֹת	m/1062	HR/Ncbpc	01Gjw
4	4	6		צֹאנ֖/וֹ	6629	HNcbsc/Sp3ms	019Na
4	4	7		וּ/מֵֽ/חֶלְבֵ/הֶ֑ן	c/m/2459	HC/R/Ncmpc/Sp3fp	01xjb
4	4	8		וַ/יִּ֣שַׁע	c/8159	HC/Vqw3ms	0178y
4	4	9		יְהוָ֔ה	3068	HNp	01Vgg
4	4	10		אֶל	413	HR	01F1H
4	4	11		הֶ֖בֶל	1893	HNp	01j2J
4	4	12		וְ/אֶל	c/413	HC/R	01ch4
4	4	13		מִנְחָתֽ/וֹ	4503	HNcfsc/Sp3ms	01etU
4	5	1		וְ/אֶל	c/413	HC/R	01ean
4	5	2		קַ֥יִן	7014 b	HNp	01aJG
4	5	3		וְ/אֶל	c/413	HC/R	01nF8
4	5	4		מִנְחָת֖/וֹ	4503	HNcfsc/Sp3ms	01wEW
4	5	5		לֹ֣א	3808	HTn	01fJd
4	5	6		שָׁעָ֑ה	8159	HVqp3ms	01eEh
4	5	7		וַ/יִּ֤חַר	c/2734	HC/Vqw3ms	01K1s
4	5	8		לְ/קַ֨יִן֙	l/7014 b	HR/Np	0176o
4	5	9		מְאֹ֔ד	3966	HD	01omx
4	5	10		וַֽ/יִּפְּל֖וּ	c/5307	HC/Vqw3mp	01XBe
4	5	11		פָּנָֽי/ו	6440	HNcbpc/Sp3ms	018A2
4	6	1		וַ/יֹּ֥אמֶר	c/559	HC/Vqw3ms	013Qm
4	6	2		יְהוָ֖ה	3068	HNp	01yeG
4	6	3		אֶל	413	HR	011NW
4	6	4		קָ֑יִן	7014 b	HNp	01f13
4	6	5		לָ֚/מָּה	l/4100	HR/Ti	015on
4	6	6		חָ֣רָה	2734	HVqp3ms	01b2J
4	6	7		לָ֔/ךְ	l	HR/Sp2fs	01MnD
4	6	8		וְ/לָ֖/מָּה	c/l/4100	HC/R/Ti	012B3
4	6	9		נָפְל֥וּ	5307	HVqp3cp	01eAA
4	6	10		פָנֶֽי/ךָ	6440	HNcbpc/Sp2ms	01usA
4	7	1		הֲ/ל֤וֹא	i/3808	HTi/Tn	01bmL
4	7	2		אִם	518 a	HC	01DK9
4	7	3		תֵּיטִיב֙	3190	HVhi2ms	017vQ
4	7	4		שְׂאֵ֔ת	7613	HNcfsa	01JoL
4	7	5		וְ/אִם֙	c/518 a	HC/C	01Zzg
4	7	6		לֹ֣א	3808	HTn	01k3m
4	7	7		תֵיטִ֔יב	3190	HVhi2ms	01Q2N
4	7	8		לַ/פֶּ֖תַח	l/6607	HRd/Ncmsa	01Ggr
4	7	9		חַטָּ֣את	2403 b	HNcfsa	01hnA
4	7	10		רֹבֵ֑ץ	7257	HVqrmsa	017tY
4	7	11		וְ/אֵלֶ֨י/ךָ֙	c/413	HC/R/Sp2ms	012Dp
4	7	12		תְּשׁ֣וּקָת֔/וֹ	8669	HNcfsc/Sp3ms	01BQa
4	7	13		וְ/אַתָּ֖ה	c/859 a	HC/Pp2ms	01qNm
4	7	14		תִּמְשָׁל	4910	HVqi2ms	014xx
4	7	15		בּֽ/וֹ	b	HR/Sp3ms	01E57
4	8	1		וַ/יֹּ֥אמֶר	c/559	HC/Vqw3ms	01zfG
4	8	2		קַ֖יִן	7014 b	HNp	01y3Z
4	8	3		אֶל	413	HR	01vtM
4	8	4		הֶ֣בֶל	1893	HNp	01BNu
4	8	5		אָחִ֑י/ו	251	HNcmsc/Sp3ms	01QTj
4	8	6		וַֽ/יְהִי֙	c/1961	HC/Vqw3ms	01Tgd
4	8	7		בִּ/הְיוֹתָ֣/ם	b/1961	HR/Vqc/Sp3mp	01hAp
4	8	8		בַּ/שָּׂדֶ֔ה	b/7704 b	HRd/Ncmsa	01KNK
4	8	9		וַ/יָּ֥קָם	c/6965 b	HC/Vqw3ms	01nk3
4	8	10		קַ֛יִן	7014 b	HNp	01wj3
4	8	11		אֶל	413	HR	01vFK
4	8	12		הֶ֥בֶל	1893	HNp	01QNk
4	8	13		אָחִ֖י/ו	251	HNcmsc/Sp3ms	01h1i
4	8	14		וַ/יַּהַרְגֵֽ/הוּ	c/2026	HC/Vqw3ms/Sp3ms	01c5a
4	9	1		וַ/יֹּ֤אמֶר	c/559	HC/Vqw3ms	01MZK
4	9	2		יְהוָה֙	3068	HNp	01Hx4
4	9	3		אֶל	413	HR	01f6t
4	9	4		קַ֔יִן	7014 b	HNp	01BzF
4	9	5		אֵ֖י	335	HTi	01mrv
4	9	6		הֶ֣בֶל	1893	HNp	01TVv
4	9	7		אָחִ֑י/ךָ	251	HNcmsc/Sp2ms	01ZUH
4	9	8		וַ/יֹּ֨אמֶר֙	c/559	HC/Vqw3ms	01HWF
4	9	9		לֹ֣א	3808	HTn	01rhu
4	9	10		יָדַ֔עְתִּי	3045	HVqp1cs	017YX
4	9	11		הֲ/שֹׁמֵ֥ר	i/8104	HTi/Vqrmsa	01caE
4	9	12		אָחִ֖/י	251	HNcmsc/Sp1cs	01w2r
4	9	13		אָנֹֽכִי	595	HPp1cs	01j2a
4	10	1		וַ/יֹּ֖אמֶר	c/559	HC/Vqw3ms	014ei
4	10	2		מֶ֣ה	4100	HTi	01iQS
4	10	3		עָשִׂ֑יתָ	6213 a	HVqp2ms	01pu1
4	10	4		ק֚וֹל	6963 a	HNcmsc	019Gr
4	10	5		דְּמֵ֣י	1818	HNcmpc	01jGA
4	10	6		אָחִ֔י/ךָ	251	HNcmsc/Sp2ms	01Q9B
4	10	7		צֹעֲקִ֥ים	6817	HVqrmpa	018LK
4	10	8		אֵלַ֖/י	413	HR/Sp1cs	01aWe
4	10	9		מִן	4480 a	HR	01JRh
4	10	10		הָֽ/אֲדָמָֽה	d/127	HTd/Ncfsa	01iqH
4	11	1		וְ/עַתָּ֖ה	c/6258	HC/D	014ze
4	11	2		אָר֣וּר	779	HVqsmsa	01Eur
4	11	3		אָ֑תָּה	859 a	HPp2ms	01e9g
4	11	4		מִן	4480 a	HR	01hHu
4	11	5		הָֽ/אֲדָמָה֙	d/127	HTd/Ncfsa	01C47
4	11	6		אֲשֶׁ֣ר	834 a	HTr	01TWu
4	11	7		פָּצְתָ֣ה	6475	HVqp3fs	01EWV
4	11	8		אֶת	853	HTo	01nDr
4	11	9		פִּ֔י/הָ	6310	HNcmsc/Sp3fs	01NH6
4	11	10		לָ/קַ֛חַת	l/3947	HR/Vqc	01PP2
4	11	11		אֶת	853	HTo	01sgH
4	11	12		דְּמֵ֥י	1818	HNcmpc	017YZ
4	11	13		אָחִ֖י/ךָ	251	HNcmsc/Sp2ms	01DLP
4	11	14		מִ/יָּדֶֽ/ךָ	m/3027	HR/Ncbsc/Sp2ms	01Wgd
4	12	1		כִּ֤י	3588 a	HC	01tA5
4	12	2		תַֽעֲבֹד֙	5647	HVqi2ms	01FQu
4	12	3		אֶת	853	HTo	01rxc
4	12	4		הָ֣/אֲדָמָ֔ה	d/127	HTd/Ncfsa	01185
4	12	5		לֹֽא	3808	HTn	01ssA
4	12	6		תֹסֵ֥ף	3254	HVhj3fs	01un2
4	12	7		תֵּת	5414	HVqc	014Ei
4	12	8		כֹּחָ֖/הּ	3581 b	HNcmsc/Sp3fs	01wp8
4	12	9		לָ֑/ךְ	l	HR/Sp2fs	01fZr
4	12	10		נָ֥ע	5128	HVqrmsa	01qsm
4	12	11		וָ/נָ֖ד	c/5110	HC/Vqrmsa	01Yvd
4	12	12		תִּֽהְיֶ֥ה	1961	HVqi2ms	01qo8
4	12	13		בָ/אָֽרֶץ	b/776	HRd/Ncbsa	01Rvz
4	13	1		וַ/יֹּ֥אמֶר	c/559	HC/Vqw3ms	01UiP
4	13	2		קַ֖יִן	7014 b	HNp	01zc2
4	13	3		אֶל	413	HR	01jWU
4	13	4		יְהוָ֑ה	3068	HNp	01WRL
4	13	5		גָּד֥וֹל	1419 a	HAamsa	01MEe
4	13	6		עֲוֺנִ֖/י	5771	HNcbsc/Sp1cs	01Lz7
4	13	7		מִ/נְּשֹֽׂא	m/5375	HR/Vqc	01C5b
4	14	1		הֵן֩	2005	HTm	01KGK
4	14	2		גֵּרַ֨שְׁתָּ	1644	HVpp2ms	01V8j
4	14	3		אֹתִ֜/י	853	HTo/Sp1cs	01PaR
4	14	4		הַ/יּ֗וֹם	d/3117	HTd/Ncmsa	01Env
4	14	5		מֵ/עַל֙	m/5921 a	HR/R	018Dt
4	14	6		פְּנֵ֣י	6440	HNcbpc	01iSw
4	14	7		הָֽ/אֲדָמָ֔ה	d/127	HTd/Ncfsa	01cX6
4	14	8		וּ/מִ/פָּנֶ֖י/ךָ	c/m/6440	HC/R/Ncbpc/Sp2ms	01nM3
4	14	9		אֶסָּתֵ֑ר	5641	HVNi1cs	017Xe
4	14	10		וְ/הָיִ֜יתִי	c/1961	HC/Vqq1cs	01noN
4	14	11		נָ֤ע	5128	HVqrmsa	01hHR
4	14	12		וָ/נָד֙	c/5110	HC/Vqrmsa	01CoS
4	14	13		בָּ/אָ֔רֶץ	b/776	HRd/Ncbsa	01KXg
4	14	14		וְ/הָיָ֥ה	c/1961	HC/Vqq3ms	01Gq2
4	14	15		כָל	3605	HNcmsc	01sk8
4	14	16		מֹצְאִ֖/י	4672	HVqrmsc/Sp1cs	01Vfr
4	14	17		יַֽהַרְגֵֽ/נִי	2026	HVqi3ms/Sp1cs	01tkY
4	15	1		וַ/יֹּ֧אמֶר	c/559	HC/Vqw3ms	01r5i
4	15	2		ל֣/וֹ	l	HR/Sp3ms	012bH
4	15	3		יְהוָ֗ה	3068	HNp	01wCy
4	15	4		לָ/כֵן֙	l/3651 c	HR/D	012ee
4	15	5		כָּל	3605	HNcmsc	01b7E
4	15	6		הֹרֵ֣ג	2026	HVqrmsc	0145a
4	15	7		קַ֔יִן	7014 b	HNp	01Gby
4	15	8		שִׁבְעָתַ֖יִם	7659	HNcfda	01t6e
4	15	9		יֻקָּ֑ם	5358	HVHi3ms	014wi
4	15	10		וַ/יָּ֨שֶׂם	c/7760 a	HC/Vqw3ms	01LNA
4	15	11		יְהוָ֤ה	3068	HNp	01bU4
4	15	12		לְ/קַ֨יִן֙	l/7014 b	HR/Np	01R6Q
4	15	13		א֔וֹת	226	HNcbsa	01LiE
4	15	14		לְ/בִלְתִּ֥י	l/1115	HR/C	01uCS
4	15	15		הַכּוֹת	5221	HVhc	01taS
4	15	16		אֹת֖/וֹ	853	HTo/Sp3ms	01Erp
4	15	17		כָּל	3605	HNcmsc	01azc
4	15	18		מֹצְאֽ/וֹ	4672	HVqrmsc/Sp3ms	01HpH
4	16	1		וַ/יֵּ֥צֵא	c/3318	HC/Vqw3ms	01wcd
4	16	2		קַ֖יִן	7014 b	HNp	01DR2
4	16	3		מִ/לִּ/פְנֵ֣י	m/l/6440	HR/R/Ncbpc	018MF
4	16	4		יְהוָ֑ה	3068	HNp	015wJ
4	16	5		וַ/יֵּ֥שֶׁב	c/3427	HC/Vqw3ms	01AuA
4	16	6		בְּ/אֶֽרֶץ	b/776	HR/Ncbsc	01pa7
4	16	7		נ֖וֹד	5113	HNp	011Q7
4	16	8		קִדְמַת	6926	HNcfsc	01147
4	16	9		עֵֽדֶן	5731 b	HNp	01qpX
4	17	1		וַ/יֵּ֤דַע	c/3045	HC/Vqw3ms	01eEg
4	17	2		קַ֨יִן֙	7014 b	HNp	01FHa
4	17	3		אֶת	853	HTo	01ExS
4	17	4		אִשְׁתּ֔/וֹ	802	HNcfsc/Sp3ms	0116M
4	17	5		וַ/תַּ֖הַר	c/2029	HC/Vqw3fs	01nj6
4	17	6		וַ/תֵּ֣לֶד	c/3205	HC/Vqw3fs	017hm
4	17	7		אֶת	853	HTo	01yrZ
4	17	8		חֲנ֑וֹךְ	2585	HNp	01cpd
4	17	9		וַֽ/יְהִי֙	c/1961	HC/Vqw3ms	01QR7
4	17	10		בֹּ֣נֶה	1129	HVqrmsa	01388
4	17	11		עִ֔יר	5892 b	HNcfsa	01D9B
4	17	12		וַ/יִּקְרָא֙	c/7121	HC/Vqw3ms	01KQr
4	17	13		שֵׁ֣ם	8034	HNcmsc	01bRM
4	17	14		הָ/עִ֔יר	d/5892 b	HTd/Ncfsa	01TPs
4	17	15		כְּ/שֵׁ֖ם	k/8034	HR/Ncmsc	01Mef
4	17	16		בְּנ֥/וֹ	1121 a	HNcmsc/Sp3ms	01UeD
4	17	17		חֲנֽוֹךְ	2585	HNp	01Ddz
4	18	1		וַ/יִּוָּלֵ֤ד	c/3205	HC/VNw3ms	01VYG
4	18	2		לַֽ/חֲנוֹךְ֙	l/2585	HR/Np	01zd1
4	18	3		אֶת	853	HTo	01mw6
4	18	4		עִירָ֔ד	5897	HNp	014AV
4	18	5		וְ/עִירָ֕ד	c/5897	HC/Np	01RJM
4	18	6		יָלַ֖ד	3205	HVqp3ms	01ZPm
4	18	7		אֶת	853	HTo	01aZX
4	18	8		מְחֽוּיָאֵ֑ל	4232	HNp	01QJg
4	18	9		וּ/מְחִיּיָאֵ֗ל	c/4232	HC/Np	01P5E
4	18	10		יָלַד֙	3205	HVqp3ms	01yrH
4	18	11		אֶת	853	HTo	01sud
4	18	12		מְת֣וּשָׁאֵ֔ל	4967	HNp	01id4
4	18	13		וּ/מְתוּשָׁאֵ֖ל	c/4967	HC/Np	01rbK
4	18	14		יָלַ֥ד	3205	HVqp3ms	01fQG
4	18	15		אֶת	853	HTo	01HAz
4	18	16		לָֽמֶךְ	3929	HNp	01J4B
4	19	1		וַ/יִּֽקַּֽח	c/3947	HC/Vqw3ms	01cc4
4	19	2		ל֥/וֹ	l	HR/Sp3ms	01oRq
4	19	3		לֶ֖מֶךְ	3929	HNp	01cUw
4	19	4		שְׁתֵּ֣י	8147	HAcfdc	01MVU
4	19	5		נָשִׁ֑ים	802	HNcfpa	01CE4
4	19	6		שֵׁ֤ם	8034	HNcmsc	01Li4
4	19	7		הָֽ/אַחַת֙	d/259	HTd/Acfsa	01L6s
4	19	8		עָדָ֔ה	5711	HNp	01g5n
4	19	9		וְ/שֵׁ֥ם	c/8034	HC/Ncmsc	01jmB
4	19	10		הַ/שֵּׁנִ֖ית	d/8145	HTd/Aofsa	01kmE
4	19	11		צִלָּֽה	6741	HNp	01hyH
4	20	1		וַ/תֵּ֥לֶד	c/3205	HC/Vqw3fs	01DMx
4	20	2		עָדָ֖ה	5711	HNp	01D1c
4	20	3		אֶת	853	HTo	01sgn
4	20	4		יָבָ֑ל	2989	HNp	01cLA
4	20	5		ה֣וּא	1931	HPp3ms	01Jrt
4	20	6		הָיָ֔ה	1961	HVqp3ms	01jwP
4	20	7		אֲבִ֕י	1	HNcmsc	01XZe
4	20	8		יֹשֵׁ֥ב	3427	HVqrmsc	01dip
4	20	9		אֹ֖הֶל	168	HNcmsa	01f7v
4	20	10		וּ/מִקְנֶֽה	c/4735	HC/Ncmsa	015hr
4	21	1		וְ/שֵׁ֥ם	c/8034	HC/Ncmsc	01RDs
4	21	2		אָחִ֖י/ו	251	HNcmsc/Sp3ms	01Tvm
4	21	3		יוּבָ֑ל	3106	HNp	011vy
4	21	4		ה֣וּא	1931	HPp3ms	01JzC
4	21	5		הָיָ֔ה	1961	HVqp3ms	01Pv9
4	21	6		אֲבִ֕י	1	HNcmsc	01u6Y
4	21	7		כָּל	3605	HNcmsc	01iTM
4	21	8		תֹּפֵ֥שׂ	8610	HVqrmsc	01jDe
4	21	9		כִּנּ֖וֹר	3658	HNcmsa	01uHz
4	21	10		וְ/עוּגָֽב	c/5748	HC/Ncmsa	012iJ
4	22	1		וְ/צִלָּ֣ה	c/6741	HC/Np	01evD
4	22	2		גַם	1571	HD	01vKo
4	22	3		הִ֗וא	1931	HPp3fs	01mvJ
4	22	4		יָֽלְדָה֙	3205	HVqp3fs	01pDQ
4	22	5		אֶת	853	HTo	01deG
4	22	6		תּ֣וּבַל	8423+	HNp	01Nvj
4	22	7		קַ֔יִן	8423	HNp	01Gye
4	22	8		לֹטֵ֕שׁ	3913	HVqrmsc	01qCo
4	22	9		כָּל	3605	HNcmsc	01h3K
4	22	10		חֹרֵ֥שׁ	2794	HVqrmsc	01USJ
4	22	11		נְחֹ֖שֶׁת	5178 a	HNcfsa	01rMp
4	22	12		וּ/בַרְזֶ֑ל	c/1270	HC/Ncmsa	01sd2
4	22	13		וַֽ/אֲח֥וֹת	c/269	HC/Ncfsc	01Ssu
4	22	14		תּֽוּבַל	8423+	HNp	01x1x
4	22	15		קַ֖יִן	8423	HNp	01w5T
4	22	16		נַֽעֲמָֽה	5279 a	HNp	01FrL
4	23	1		וַ/יֹּ֨אמֶר	c/559	HC/Vqw3ms	01q3X
4	23	2		לֶ֜מֶךְ	3929	HNp	01YjW
4	23	3		לְ/נָשָׁ֗י/ו	l/802	HR/Ncfpc/Sp3ms	014i9
4	23	4		עָדָ֤ה	5711	HNp	01Afw
4	23	5		וְ/צִלָּה֙	c/6741	HC/Np	01Vcq
4	23	6		שְׁמַ֣עַן	8085	HVqv2fp	01eF7
4	23	7		קוֹלִ֔/י	6963 a	HNcmsc/Sp1cs	01wPX
4	23	8		נְשֵׁ֣י	802	HNcfpc	01tUi
4	23	9		לֶ֔מֶךְ	3929	HNp	01S6i
4	23	10		הַאְזֵ֖נָּה	238	HVhv2fp	01KNH
4	23	11		אִמְרָתִ֑/י	565 a	HNcfsc/Sp1cs	01XUc
4	23	12		כִּ֣י	3588 a	HC	01KGa
4	23	13		אִ֤ישׁ	376	HNcmsa	01jzU
4	23	14		הָרַ֨גְתִּי֙	2026	HVqp1cs	013ws
4	23	15		לְ/פִצְעִ֔/י	l/6482	HR/Ncmsc/Sp1cs	01nkE
4	23	16		וְ/יֶ֖לֶד	c/3206	HC/Ncmsa	01UeK
4	23	17		לְ/חַבֻּרָתִֽ/י	l/2250	HR/Ncfsc/Sp1cs	01CYD
4	24	1		כִּ֥י	3588 a	HC	019gs
4	24	2		שִׁבְעָתַ֖יִם	7659	HNcfda	01GTQ
4	24	3		יֻקַּם	5358	HVHi3ms	01gKo
4	24	4		קָ֑יִן	7014 b	HNp	01oZb
4	24	5		וְ/לֶ֖מֶךְ	c/3929	HC/Np	01KCy
4	24	6		שִׁבְעִ֥ים	7657	HAcbpa	01juz
4	24	7		וְ/שִׁבְעָֽה	c/7651	HC/Acmsa	01DH2
4	25	1		וַ/יֵּ֨דַע	c/3045	HC/Vqw3ms	014VF
4	25	2		אָדָ֥ם	121	HNp	0172H
4	25	3		עוֹד֙	5750	HD	0125j
4	25	4		אֶת	853	HTo	01Vo3
4	25	5		אִשְׁתּ֔/וֹ	802	HNcfsc/Sp3ms	01dhD
4	25	6		וַ/תֵּ֣לֶד	c/3205	HC/Vqw3fs	016uw
4	25	7		בֵּ֔ן	1121 a	HNcmsa	01zjv
4	25	8		וַ/תִּקְרָ֥א	c/7121	HC/Vqw3fs	011Mn
4	25	9		אֶת	853	HTo	016qW
4	25	10		שְׁמ֖/וֹ	8034	HNcmsc/Sp3ms	01Zjx
4	25	11		שֵׁ֑ת	8352	HNp	01aoZ
4	25	12		כִּ֣י	3588 a	HC	01EJP
4	25	13		שָֽׁת	7896	HVqp3ms	014HM
4	25	14		לִ֤/י	l	HR/Sp1cs	01EjA
4	25	15		אֱלֹהִים֙	430	HNcmpa	01E1f
4	25	16		זֶ֣רַע	2233	HNcmsa	01Hwq
4	25	17		אַחֵ֔ר	312	HAamsa	01MWU
4	25	18		תַּ֣חַת	8478	HR	01vD2
4	25	19		הֶ֔בֶל	1893	HNp	01ygZ
4	25	20		כִּ֥י	3588 a	HC	016YP
4	25	21		הֲרָג֖/וֹ	2026	HVqp3ms/Sp3ms	01UhH
4	25	22		קָֽיִן	7014 b	HNp	01MSM
4	26	1		וּ/לְ/שֵׁ֤ת	c/l/8352	HC/R/Np	01TYN
4	26	2		גַּם	1571	HTa	01cMr
4	26	3		הוּא֙	1931	HPp3ms	014Up
4	26	4		יֻלַּד	3205	HVPp3ms	01pa1
4	26	5		בֵּ֔ן	1121 a	HNcmsa	01GDg
4	26	6		וַ/יִּקְרָ֥א	c/7121	HC/Vqw3ms	01ZxK
4	26	7		אֶת	853	HTo	01KpZ
4	26	8		שְׁמ֖/וֹ	8034	HNcmsc/Sp3ms	01nwq
4	26	9		אֱנ֑וֹשׁ	583	HNp	01Lgy
4	26	10		אָ֣ז	227 a	HD	015AY
4	26	11		הוּחַ֔ל	2490 c	HVHp3ms	01HUX
4	26	12		לִ/קְרֹ֖א	l/7121	HR/Vqc	01RYU
4	26	13		בְּ/שֵׁ֥ם	b/8034	HR/Ncmsc	013Q1
4	26	14		יְהוָֽה	3068	HNp	01ikx
5	1	1		זֶ֣ה	2088	HPdxms	015Xt
5	1	2		סֵ֔פֶר	5612 a	HNcmsc	018jj
5	1	3		תּוֹלְדֹ֖ת	8435	HNcfpc	013v4
5	1	4		אָדָ֑ם	121	HNp	01hFh
5	1	5		בְּ/י֗וֹם	b/3117	HR/Ncmsc	013it
5	1	6		בְּרֹ֤א	1254 a	HVqc	01pf7
5	1	7		אֱלֹהִים֙	430	HNcmpa	01Dne
5	1	8		אָדָ֔ם	120	HNcmsa	01fqZ
5	1	9		בִּ/דְמ֥וּת	b/1823	HR/Ncfsc	017ev
5	1	10		אֱלֹהִ֖ים	430	HNcmpa	01eWV
5	1	11		עָשָׂ֥ה	6213 a	HVqp3ms	01DUZ
5	1	12		אֹתֽ/וֹ	853	HTo/Sp3ms	01abv
5	2	1		זָכָ֥ר	2145	HAamsa	019XH
5	2	2		וּ/נְקֵבָ֖ה	c/5347	HC/Ncfsa	01tui
5	2	3		בְּרָאָ֑/ם	1254 a	HVqp3ms/Sp3mp	015mW
5	2	4		וַ/יְבָ֣רֶךְ	c/1288	HC/Vpw3ms	019p4
5	2	5		אֹתָ֗/ם	853	HTo/Sp3mp	011AP
5	2	6		וַ/יִּקְרָ֤א	c/7121	HC/Vqw3ms	01Dh6
5	2	7		אֶת	853	HTo	01q22
5	2	8		שְׁמָ/ם֙	8034	HNcmsc/Sp3mp	01Z1p
5	2	9		אָדָ֔ם	120	HNcmsa	014mF
5	2	10		בְּ/י֖וֹם	b/3117	HR/Ncmsc	01PJU
5	2	11		הִבָּֽרְאָֽ/ם	1254 a	HVNc/Sp3mp	01eKG
5	3	1		וַֽ/יְחִ֣י	c/2421	HC/Vqw3ms	01Anx
5	3	2		אָדָ֗ם	121	HNp	01kWB
5	3	3		שְׁלֹשִׁ֤ים	7970	HAcbpa	0126j
5	3	4		וּ/מְאַת֙	c/3967	HC/Acbsc	01ZiN
5	3	5		שָׁנָ֔ה	8141	HNcfsa	01NAb
5	3	6		וַ/יּ֥וֹלֶד	c/3205	HC/Vhw3ms	01NJS
5	3	7		בִּ/דְמוּת֖/וֹ	b/1823	HR/Ncfsc/Sp3ms	01S4e
5	3	8		כְּ/צַלְמ֑/וֹ	k/6754	HR/Ncmsc/Sp3ms	01cZG
5	3	9		וַ/יִּקְרָ֥א	c/7121	HC/Vqw3ms	01Nqf
5	3	10		אֶת	853	HTo	01tKV
5	3	11		שְׁמ֖/וֹ	8034	HNcmsc/Sp3ms	01hpd
5	3	12		שֵֽׁת	8352	HNp	01CAC
5	4	1		וַ/יִּֽהְי֣וּ	c/1961	HC/Vqw3mp	01MBs
5	4	2		יְמֵי	3117	HNcmpc	01uCk
5	4	3		אָדָ֗ם	121	HNp	01KHf
5	4	4		אַֽחֲרֵי֙	310 a	HR	01bcM
5	4	5		הוֹלִיד֣/וֹ	3205	HVhc/Sp3ms	01mry
5	4	6		אֶת	853	HTo	01e4r
5	4	7		שֵׁ֔ת	8352	HNp	01rFe
5	4	8		שְׁמֹנֶ֥ה	8083	HAcfsa	01bu5
5	4	9		מֵאֹ֖ת	3967	HAcbpa	01nfi
5	4	10		שָׁנָ֑ה	8141	HNcfsa	01kkD
5	4	11		וַ/יּ֥וֹלֶד	c/3205	HC/Vhw3ms	01EPr
5	4	12		בָּנִ֖ים	1121 a	HNcmpa	01KoZ
5	4	13		וּ/בָנֽוֹת	c/1323	HC/Ncfpa	01A4n
5	5	1		וַ/יִּֽהְי֞וּ	c/1961	HC/Vqw3mp	01Eq3
5	5	2		כָּל	3605	HNcmsc	014c8
5	5	3		יְמֵ֤י	3117	HNcmpc	01Npb
5	5	4		אָדָם֙	121	HNp	01ETF
5	5	5		אֲשֶׁר	834 a	HTr	01TmV
5	5	6		חַ֔י	2425	HVqp3ms	01tBT
5	5	7		תְּשַׁ֤ע	8672	HAcfsa	01BBm
5	5	8		מֵאוֹת֙	3967	HAcbpa	01qKL
5	5	9		שָׁנָ֔ה	8141	HNcfsa	01qip
5	5	10		וּ/שְׁלֹשִׁ֖ים	c/7970	HC/Acbpa	01p4D
5	5	11		שָׁנָ֑ה	8141	HNcfsa	01G5R
5	5	12		וַ/יָּמֹֽת	c/4191	HC/Vqw3ms	01GXr
5	6	1		וַֽ/יְחִי	c/2421	HC/Vqw3ms	01XSa
5	6	2		שֵׁ֕ת	8352	HNp	01bsA
5	6	3		חָמֵ֥שׁ	2568	HAcfsa	01nnJ
5	6	4		שָׁנִ֖ים	8141	HNcfpa	01b2r
5	6	5		וּ/מְאַ֣ת	c/3967	HC/Acbsc	01Tzx
5	6	6		שָׁנָ֑ה	8141	HNcfsa	01fTQ
5	6	7		וַ/יּ֖וֹלֶד	c/3205	HC/Vhw3ms	01nCu
5	6	8		אֶת	853	HTo	01Gds
5	6	9		אֱנֽוֹשׁ	583	HNp	019cC
5	7	1		וַֽ/יְחִי	c/2421	HC/Vqw3ms	01Y4b
5	7	2		שֵׁ֗ת	8352	HNp	01RWu
5	7	3		אַֽחֲרֵי֙	310 a	HR	01MLc
5	7	4		הוֹלִיד֣/וֹ	3205	HVhc/Sp3ms	01DKB
5	7	5		אֶת	853	HTo	01h2V
5	7	6		אֱנ֔וֹשׁ	583	HNp	01Z2k
5	7	7		שֶׁ֣בַע	7651	HAcfsa	015VT
5	7	8		שָׁנִ֔ים	8141	HNcfpa	018JC
5	7	9		וּ/שְׁמֹנֶ֥ה	c/8083	HC/Acfsa	01Lqq
5	7	10		מֵא֖וֹת	3967	HAcbpa	01qDM
5	7	11		שָׁנָ֑ה	8141	HNcfsa	01qqx
5	7	12		וַ/יּ֥וֹלֶד	c/3205	HC/Vhw3ms	01Q3F
5	7	13		בָּנִ֖ים	1121 a	HNcmpa	012Kw
5	7	14		וּ/בָנֽוֹת	c/1323	HC/Ncfpa	01jCk
5	8	1		וַ/יִּֽהְיוּ֙	c/1961	HC/Vqw3mp	01jJB
5	8	2		כָּל	3605	HNcmsc	012Ur
5	8	3		יְמֵי	3117	HNcmpc	01bTz
5	8	4		שֵׁ֔ת	8352	HNp	01CfS
5	8	5		שְׁתֵּ֤ים	8147	HAcfda	01RZe
5	8	6		עֶשְׂרֵה֙	6240	HAcfsa	01jDT
5	8	7		שָׁנָ֔ה	8141	HNcfsa	01euw
5	8	8		וּ/תְשַׁ֥ע	c/8672	HC/Acfsa	01WXb
5	8	9		מֵא֖וֹת	3967	HAcbpa	01KPQ
5	8	10		שָׁנָ֑ה	8141	HNcfsa	01wNE
5	8	11		וַ/יָּמֹֽת	c/4191	HC/Vqw3ms	01rtc
5	9	1		וַֽ/יְחִ֥י	c/2421	HC/Vqw3ms	01xpP
5	9	2		אֱנ֖וֹשׁ	583	HNp	01yvH
5	9	3		תִּשְׁעִ֣ים	8673	HAcbpa	01456
5	9	4		שָׁנָ֑ה	8141	HNcfsa	01neV
5	9	5		וַ/יּ֖וֹלֶד	c/3205	HC/Vhw3ms	01bEv
5	9	6		אֶת	853	HTo	01yWa
5	9	7		קֵינָֽן	7018	HNp	01PL3
5	10	1		וַֽ/יְחִ֣י	c/2421	HC/Vqw3ms	011SP
5	10	2		אֱנ֗וֹשׁ	583	HNp	01TZB
5	10	3		אַֽחֲרֵי֙	310 a	HR	01fd5
5	10	4		הוֹלִיד֣/וֹ	3205	HVhc/Sp3ms	01GYA
5	10	5		אֶת	853	HTo	01K5D
5	10	6		קֵינָ֔ן	7018	HNp	017rm
5	10	7		חֲמֵ֤שׁ	2568	HAcfsa	01aFY
5	10	8		עֶשְׂרֵה֙	6240	HAcfsa	01F4N
5	10	9		שָׁנָ֔ה	8141	HNcfsa	01Q12
5	10	10		וּ/שְׁמֹנֶ֥ה	c/8083	HC/Acfsa	01EF4
5	10	11		מֵא֖וֹת	3967	HAcbpa	01pmF
5	10	12		שָׁנָ֑ה	8141	HNcfsa	01124
5	10	13		וַ/יּ֥וֹלֶד	c/3205	HC/Vhw3ms	01rtz
5	10	14		בָּנִ֖ים	1121 a	HNcmpa	01H8n
5	10	15		וּ/בָנֽוֹת	c/1323	HC/Ncfpa	01dV3
5	11	1		וַ/יִּֽהְיוּ֙	c/1961	HC/Vqw3mp	01QKM
5	11	2		כָּל	3605	HNcmsc	017pu
5	11	3		יְמֵ֣י	3117	HNcmpc	01dwS
5	11	4		אֱנ֔וֹשׁ	583	HNp	01A8T
5	11	5		חָמֵ֣שׁ	2568	HAcfsa	01eKy
5	11	6		שָׁנִ֔ים	8141	HNcfpa	0199H
5	11	7		וּ/תְשַׁ֥ע	c/8672	HC/Acfsa	01Eat
5	11	8		מֵא֖וֹת	3967	HAcbpa	01GJt
5	11	9		שָׁנָ֑ה	8141	HNcfsa	01aUT
5	11	10		וַ/יָּמֹֽת	c/4191	HC/Vqw3ms	01thm
5	12	1		וַֽ/יְחִ֥י	c/2421	HC/Vqw3ms	01o4f
5	12	2		קֵינָ֖ן	7018	HNp	01iaj
5	12	3		שִׁבְעִ֣ים	7657	HAcbpa	01BKq
5	12	4		שָׁנָ֑ה	8141	HNcfsa	01zK3
5	12	5		וַ/יּ֖וֹלֶד	c/3205	HC/Vhw3ms	01rJJ
5	12	6		אֶת	853	HTo	01uEK
5	12	7		מַֽהֲלַלְאֵֽל	4111	HNp	0131Q
5	13	1		וַ/יְחִ֣י	c/2421	HC/Vqw3ms	018XT
5	13	2		קֵינָ֗ן	7018	HNp	01KRB
5	13	3		אַחֲרֵי֙	310 a	HR	01Vir
5	13	4		הוֹלִיד֣/וֹ	3205	HVhc/Sp3ms	01Bi2
5	13	5		אֶת	853	HTo	01DdX
5	13	6		מַֽהֲלַלְאֵ֔ל	4111	HNp	01FaQ
5	13	7		אַרְבָּעִ֣ים	705	HAcbpa	01MTx
5	13	8		שָׁנָ֔ה	8141	HNcfsa	01eeu
5	13	9		וּ/שְׁמֹנֶ֥ה	c/8083	HC/Acfsa	01u2K
5	13	10		מֵא֖וֹת	3967	HAcbpa	01Ji5
5	13	11		שָׁנָ֑ה	8141	HNcfsa	01sRx
5	13	12		וַ/יּ֥וֹלֶד	c/3205	HC/Vhw3ms	01oGS
5	13	13		בָּנִ֖ים	1121 a	HNcmpa	01ojQ
5	13	14		וּ/בָנֽוֹת	c/1323	HC/Ncfpa	018eL
5	14	1		וַ/יִּֽהְיוּ֙	c/1961	HC/Vqw3mp	01JUj
5	14	2		כָּל	3605	HNcmsc	01Gmx
5	14	3		יְמֵ֣י	3117	HNcmpc	01zqp
5	14	4		קֵינָ֔ן	7018	HNp	01Z4n
5	14	5		עֶ֣שֶׂר	6235	HAcfsa	01EBC
5	14	6		שָׁנִ֔ים	8141	HNcfpa	01Qrj
5	14	7		וּ/תְשַׁ֥ע	c/8672	HC/Acfsa	01zcn
5	14	8		מֵא֖וֹת	3967	HAcbpa	01htk
5	14	9		שָׁנָ֑ה	8141	HNcfsa	01mPM
5	14	10		וַ/יָּמֹֽת	c/4191	HC/Vqw3ms	01rNM
5	15	1		וַֽ/יְחִ֣י	c/2421	HC/Vqw3ms	01mxT
5	15	2		מַֽהֲלַלְאֵ֔ל	4111	HNp	01JFY
5	15	3		חָמֵ֥שׁ	2568	HAcfsa	01tNW
5	15	4		שָׁנִ֖ים	8141	HNcfpa	01vVg
5	15	5		וְ/שִׁשִּׁ֣ים	c/8346	HC/Acbpa	01GsN
5	15	6		שָׁנָ֑ה	8141	HNcfsa	01ESe
5	15	7		וַ/יּ֖וֹלֶד	c/3205	HC/Vhw3ms	012xq
5	15	8		אֶת	853	HTo	01Gta
5	15	9		יָֽרֶד	3382	HNp	01NA7
5	16	1		וַֽ/יְחִ֣י	c/2421	HC/Vqw3ms	019KR
5	16	2		מַֽהֲלַלְאֵ֗ל	4111	HNp	01R5N
5	16	3		אַֽחֲרֵי֙	310 a	HR	01Rom
5	16	4		הוֹלִיד֣/וֹ	3205	HVhc/Sp3ms	01L7X
5	16	5		אֶת	853	HTo	01ZEr
5	16	6		יֶ֔רֶד	3382	HNp	01G6B
5	16	7		שְׁלֹשִׁ֣ים	7970	HAcbpa	01a5r
5	16	8		שָׁנָ֔ה	8141	HNcfsa	01CBu
5	16	9		וּ/שְׁמֹנֶ֥ה	c/8083	HC/Acfsa	01h7x
5	16	10		מֵא֖וֹת	3967	HAcbpa	01vJb
5	16	11		שָׁנָ֑ה	8141	HNcfsa	01aNN
5	16	12		וַ/יּ֥וֹלֶד	c/3205	HC/Vhw3ms	01kZd
5	16	13		בָּנִ֖ים	1121 a	HNcmpa	01p5b
5	16	14		וּ/בָנֽוֹת	c/1323	HC/Ncfpa	01X2y
5	17	1		וַ/יִּהְיוּ֙	c/1961	HC/Vqw3mp	01PMj
5	17	2		כָּל	3605	HNcmsc	01ZCR
5	17	3		יְמֵ֣י	3117	HNcmpc	01m4e
5	17	4		מַהֲלַלְאֵ֔ל	4111	HNp	01PRD
5	17	5		חָמֵ֤שׁ	2568	HAcfsa	01kKo
5	17	6		וְ/תִשְׁעִים֙	c/8673	HC/Acbpa	012fb
5	17	7		שָׁנָ֔ה	8141	HNcfsa	01NeN
5	17	8		וּ/שְׁמֹנֶ֥ה	c/8083	HC/Acfsa	015Jm
5	17	9		מֵא֖וֹת	3967	HAcbpa	01GUj
5	17	10		שָׁנָ֑ה	8141	HNcfsa	01aUh
5	17	11		וַ/יָּמֹֽת	c/4191	HC/Vqw3ms	01ik6
5	18	1		וַֽ/יְחִי	c/2421	HC/Vqw3ms	01R15
5	18	2		יֶ֕רֶד	3382	HNp	01fmL
5	18	3		שְׁתַּ֧יִם	8147	HAcfda	01Vez
5	18	4		וְ/שִׁשִּׁ֛ים	c/8346	HC/Acbpa	015sh
5	18	5		שָׁנָ֖ה	8141	HNcfsa	01Dmo
5	18	6		וּ/מְאַ֣ת	c/3967	HC/Acbsc	01S76
5	18	7		שָׁנָ֑ה	8141	HNcfsa	013U9
5	18	8		וַ/יּ֖וֹלֶד	c/3205	HC/Vhw3ms	013iN
5	18	9		אֶת	853	HTo	015vj
5	18	10		חֲנֽוֹךְ	2585	HNp	01iTL
5	19	1		וַֽ/יְחִי	c/2421	HC/Vqw3ms	01Vwr
5	19	2		יֶ֗רֶד	3382	HNp	01Qra
5	19	3		אַֽחֲרֵי֙	310 a	HR	01aLf
5	19	4		הוֹלִיד֣/וֹ	3205	HVhc/Sp3ms	01B4a
5	19	5		אֶת	853	HTo	01KJD
5	19	6		חֲנ֔וֹךְ	2585	HNp	01wfG
5	19	7		שְׁמֹנֶ֥ה	8083	HAcfsa	01QVj
5	19	8		מֵא֖וֹת	3967	HAcbpa	01tLr
5	19	9		שָׁנָ֑ה	8141	HNcfsa	01xhW
5	19	10		וַ/יּ֥וֹלֶד	c/3205	HC/Vhw3ms	01UrB
5	19	11		בָּנִ֖ים	1121 a	HNcmpa	01NGV
5	19	12		וּ/בָנֽוֹת	c/1323	HC/Ncfpa	01GWv
5	20	1		וַ/יִּֽהְיוּ֙	c/1961	HC/Vqw3mp	01Eei
5	20	2		כָּל	3605	HNcmsc	01L97
5	20	3		יְמֵי	3117	HNcmpc	01uSP
5	20	4		יֶ֔רֶד	3382	HNp	01vkL
5	20	5		שְׁתַּ֤יִם	8147	HAcfda	0164X
5	20	6		וְ/שִׁשִּׁים֙	c/8346	HC/Acbpa	01UXX
5	20	7		שָׁנָ֔ה	8141	HNcfsa	01mec
5	20	8		וּ/תְשַׁ֥ע	c/8672	HC/Acfsa	01oQV
5	20	9		מֵא֖וֹת	3967	HAcbpa	01NrV
5	20	10		שָׁנָ֑ה	8141	HNcfsa	01am3
5	20	11		וַ/יָּמֹֽת	c/4191	HC/Vqw3ms	01pwA
5	21	1		וַֽ/יְחִ֣י	c/2421	HC/Vqw3ms	01tJ1
5	21	2		חֲנ֔וֹךְ	2585	HNp	01wT4
5	21	3		חָמֵ֥שׁ	2568	HAcfsa	014QP
5	21	4		וְ/שִׁשִּׁ֖ים	c/8346	HC/Acbpa	01esN
5	21	5		שָׁנָ֑ה	8141	HNcfsa	01tos
5	21	6		וַ/יּ֖וֹלֶד	c/3205	HC/Vhw3ms	01YNQ
5	21	7		אֶת	853	HTo	01H41
5	21	8		מְתוּשָֽׁלַח	4968	HNp	01uyq
5	22	1		וַ/יִּתְהַלֵּ֨ךְ	c/1980	HC/Vtw3ms	01i8S
5	22	2		חֲנ֜וֹךְ	2585	HNp	016z9
5	22	3		אֶת	854	HR	015Py
5	22	4		הָֽ/אֱלֹהִ֗ים	d/430	HTd/Ncmpa	01AHL
5	22	5		אַֽחֲרֵי֙	310 a	HR	01xF2
5	22	6		הוֹלִיד֣/וֹ	3205	HVhc/Sp3ms	01rbR
5	22	7		אֶת	853	HTo	01deN
5	22	8		מְתוּשֶׁ֔לַח	4968	HNp	01m4c
5	22	9		שְׁלֹ֥שׁ	7969	HAcfsa	01Lrp
5	22	10		מֵא֖וֹת	3967	HAcbpa	01c4q
5	22	11		שָׁנָ֑ה	8141	HNcfsa	01xqq
5	22	12		וַ/יּ֥וֹלֶד	c/3205	HC/Vhw3ms	01XdH
5	22	13		בָּנִ֖ים	1121 a	HNcmpa	01NvG
5	22	14		וּ/בָנֽוֹת	c/1323	HC/Ncfpa	01vnB
5	23	1		וַ/יְהִ֖י	c/1961	HC/Vqw3ms	01U2p
5	23	2		כָּל	3605	HNcmsc	01SG8
5	23	3		יְמֵ֣י	3117	HNcmpc	01kbN
5	23	4		חֲנ֑וֹךְ	2585	HNp	016mC
5	23	5		חָמֵ֤שׁ	2568	HAcfsa	01jug
5	23	6		וְ/שִׁשִּׁים֙	c/8346	HC/Acbpa	01Vkq
5	23	7		שָׁנָ֔ה	8141	HNcfsa	01kRy
5	23	8		וּ/שְׁלֹ֥שׁ	c/7969	HC/Acfsa	014Jr
5	23	9		מֵא֖וֹת	3967	HAcbpa	01AJD
5	23	10		שָׁנָֽה	8141	HNcfsa	01w7S
5	24	1		וַ/יִּתְהַלֵּ֥ךְ	c/1980	HC/Vtw3ms	01bwc
5	24	2		חֲנ֖וֹךְ	2585	HNp	01tSL
5	24	3		אֶת	854	HR	01HZZ
5	24	4		הָֽ/אֱלֹהִ֑ים	d/430	HTd/Ncmpa	01Bo3
5	24	5		וְ/אֵינֶ֕/נּוּ	c/369	HC/Tn/Sp3ms	01Mos
5	24	6		כִּֽי	3588 a	HC	01JJB
5	24	7		לָקַ֥ח	3947	HVqp3ms	01yAj
5	24	8		אֹת֖/וֹ	853	HTo/Sp3ms	01Gon
5	24	9		אֱלֹהִֽים	430	HNcmpa	01Fu4
5	25	1		וַ/יְחִ֣י	c/2421	HC/Vqw3ms	01UxF
5	25	2		מְתוּשֶׁ֔לַח	4968	HNp	01u5M
5	25	3		שֶׁ֧בַע	7651	HAcfsa	01jQ2
5	25	4		וּ/שְׁמֹנִ֛ים	c/8084	HC/Acbpa	0126m
5	25	5		שָׁנָ֖ה	8141	HNcfsa	01pu5
5	25	6		וּ/מְאַ֣ת	c/3967	HC/Acbsc	01eof
5	25	7		שָׁנָ֑ה	8141	HNcfsa	014Th
5	25	8		וַ/יּ֖וֹלֶד	c/3205	HC/Vhw3ms	01x6W
5	25	9		אֶת	853	HTo	01Dux
5	25	10		לָֽמֶךְ	3929	HNp	01txJ
5	26	1		וַֽ/יְחִ֣י	c/2421	HC/Vqw3ms	01pBm
5	26	2		מְתוּשֶׁ֗לַח	4968	HNp	01HLf
5	26	3		אַֽחֲרֵי֙	310 a	HR	01gJx
5	26	4		הוֹלִיד֣/וֹ	3205	HVhc/Sp3ms	01rPn
5	26	5		אֶת	853	HTo	01BPG
5	26	6		לֶ֔מֶךְ	3929	HNp	01jZJ
5	26	7		שְׁתַּ֤יִם	8147	HAcfda	01xoW
5	26	8		וּ/שְׁמוֹנִים֙	c/8084	HC/Acbpa	01ZXZ
5	26	9		שָׁנָ֔ה	8141	HNcfsa	01ybM
5	26	10		וּ/שְׁבַ֥ע	c/7651	HC/Acfsa	01JT8
5	26	11		מֵא֖וֹת	3967	HAcbpa	01T2X
5	26	12		שָׁנָ֑ה	8141	HNcfsa	012GL
5	26	13		וַ/יּ֥וֹלֶד	c/3205	HC/Vhw3ms	01e2V
5	26	14		בָּנִ֖ים	1121 a	HNcmpa	01dGs
5	26	15		וּ/בָנֽוֹת	c/1323	HC/Ncfpa	012Mh
5	27	1		וַ/יִּהְיוּ֙	c/1961	HC/Vqw3mp	01J1i
5	27	2		כָּל	3605	HNcmsc	01xua
5	27	3		יְמֵ֣י	3117	HNcmpc	017BX
5	27	4		מְתוּשֶׁ֔לַח	4968	HNp	01mim
5	27	5		תֵּ֤שַׁע	8672	HAcfsa	01Hbd
5	27	6		וְ/שִׁשִּׁים֙	c/8346	HC/Acbpa	01SSi
5	27	7		שָׁנָ֔ה	8141	HNcfsa	01iS2
5	27	8		וּ/תְשַׁ֥ע	c/8672	HC/Acfsa	01Ua3
5	27	9		מֵא֖וֹת	3967	HAcbpa	01X8d
5	27	10		שָׁנָ֑ה	8141	HNcfsa	01ASF
5	27	11		וַ/יָּמֹֽת	c/4191	HC/Vqw3ms	01qNw
5	28	1		וַֽ/יְחִי	c/2421	HC/Vqw3ms	013PW
5	28	2		לֶ֕מֶךְ	3929	HNp	01ZDB
5	28	3		שְׁתַּ֧יִם	8147	HAcfda	01Fr5
5	28	4		וּ/שְׁמֹנִ֛ים	c/8084	HC/Acbpa	0131V
5	28	5		שָׁנָ֖ה	8141	HNcfsa	01iWv
5	28	6		וּ/מְאַ֣ת	c/3967	HC/Acbsc	01vzh
5	28	7		שָׁנָ֑ה	8141	HNcfsa	01G27
5	28	8		וַ/יּ֖וֹלֶד	c/3205	HC/Vhw3ms	01Jbv
5	28	9		בֵּֽן	1121 a	HNcmsa	01oWA
5	29	1		וַ/יִּקְרָ֧א	c/7121	HC/Vqw3ms	01ZK9
5	29	2		אֶת	853	HTo	01yjm
5	29	3		שְׁמ֛/וֹ	8034	HNcmsc/Sp3ms	01yxA
5	29	4		נֹ֖חַ	5146	HNp	017ug
5	29	5		לֵ/אמֹ֑ר	l/559	HR/Vqc	01PGz
5	29	6		זֶ֞֠ה	2088	HPdxms	01wpp
5	29	7		יְנַחֲמֵ֤/נוּ	5162	HVpi3ms/Sp1cp	01PeV
5	29	8		מִֽ/מַּעֲשֵׂ֨/נוּ֙	m/4639	HR/Ncmsc/Sp1cp	01zGh
5	29	9		וּ/מֵ/עִצְּב֣וֹן	c/m/6093	HC/R/Ncmsc	018sY
5	29	10		יָדֵ֔י/נוּ	3027	HNcbdc/Sp1cp	01Jdo
5	29	11		מִן	4480 a	HR	016E3
5	29	12		הָ֣/אֲדָמָ֔ה	d/127	HTd/Ncfsa	016P5
5	29	13		אֲשֶׁ֥ר	834 a	HTr	01apQ
5	29	14		אֵֽרְרָ֖/הּ	779	HVpp3ms/Sp3fs	01BqY
5	29	15		יְהוָֽה	3068	HNp	0149o
5	30	1		וַֽ/יְחִי	c/2421	HC/Vqw3ms	01fF6
5	30	2		לֶ֗מֶךְ	3929	HNp	0192K
5	30	3		אַֽחֲרֵי֙	310 a	HR	01tGz
5	30	4		הוֹלִיד֣/וֹ	3205	HVhc/Sp3ms	01YrC
5	30	5		אֶת	853	HTo	01VrZ
5	30	6		נֹ֔חַ	5146	HNp	01C6S
5	30	7		חָמֵ֤שׁ	2568	HAcfsa	01vxb
5	30	8		וְ/תִשְׁעִים֙	c/8673	HC/Acbpa	01kjb
5	30	9		שָׁנָ֔ה	8141	HNcfsa	012Vu
5	30	10		וַ/חֲמֵ֥שׁ	c/2568	HC/Acfsa	01L3Q
5	30	11		מֵאֹ֖ת	3967	HAcbpa	01HGZ
5	30	12		שָׁנָ֑ה	8141	HNcfsa	0164C
5	30	13		וַ/יּ֥וֹלֶד	c/3205	HC/Vhw3ms	016RY
5	30	14		בָּנִ֖ים	1121 a	HNcmpa	01fA1
5	30	15		וּ/בָנֽוֹת	c/1323	HC/Ncfpa	01pXr
5	31	1		וַֽ/יְהִי֙	c/1961	HC/Vqw3ms	01WEX
5	31	2		כָּל	3605	HNcmsc	01e9D
5	31	3		יְמֵי	3117	HNcmpc	01peZ
5	31	4		לֶ֔מֶךְ	3929	HNp	01CNe
5	31	5		שֶׁ֤בַע	7651	HAcfsa	01nm5
5	31	6		וְ/שִׁבְעִים֙	c/7657	HC/Acbpa	01orh
5	31	7		שָׁנָ֔ה	8141	HNcfsa	01Acg
5	31	8		וּ/שְׁבַ֥ע	c/7651	HC/Acfsa	01D85
5	31	9		מֵא֖וֹת	3967	HAcbpa	01BUn
5	31	10		שָׁנָ֑ה	8141	HNcfsa	01UF1
5	31	11		וַ/יָּמֹֽת	c/4191	HC/Vqw3ms	01zco
5	32	1		וַֽ/יְהִי	c/1961	HC/Vqw3ms	01GBT
5	32	2		נֹ֕חַ	5146	HNp	01h66
5	32	3		בֶּן	1121 a	HNcmsc	016Dk
5	32	4		חֲמֵ֥שׁ	2568	HAcfsa	01r7r
5	32	5		מֵא֖וֹת	3967	HAcbpa	01oJg
5	32	6		שָׁנָ֑ה	8141	HNcfsa	01me1
5	32	7		וַ/יּ֣וֹלֶד	c/3205	HC/Vhw3ms	01oxa
5	32	8		נֹ֔חַ	5146	HNp	01YiJ
5	32	9		אֶת	853	HTo	01Ypk
5	32	10		שֵׁ֖ם	8035	HNp	01C33
5	32	11		אֶת	853	HTo	01W8V
5	32	12		חָ֥ם	2526	HNp	012Z4
5	32	13		וְ/אֶת	c/853	HC/To	01uX2
5	32	14		יָֽפֶת	3315	HNp	01TPk
6	1	1		וַֽ/יְהִי֙	c/1961	HC/Vqw3ms	01hdw
6	1	2		כִּֽי	3588 a	HC	01LaJ
6	1	3		הֵחֵ֣ל	2490 c	HVhp3ms	01ZkJ
6	1	4		הָֽ/אָדָ֔ם	d/120	HTd/Ncmsa	01rrP
6	1	5		לָ/רֹ֖ב	l/7231	HR/Vqc	01fqW
6	1	6		עַל	5921 a	HR	01sNS
6	1	7		פְּנֵ֣י	6440	HNcbpc	01Rij
6	1	8		הָֽ/אֲדָמָ֑ה	d/127	HTd/Ncfsa	01rq9
6	1	9		וּ/בָנ֖וֹת	c/1323	HC/Ncfpa	012pQ
6	1	10		יֻלְּד֥וּ	3205	HVPp3cp	01hDH
6	1	11		לָ/הֶֽם	l	HR/Sp3mp	01zCX
6	2	1		וַ/יִּרְא֤וּ	c/7200	HC/Vqw3mp	01BTq
6	2	2		בְנֵי	1121 a	HNcmpc	01qmD
6	2	3		הָֽ/אֱלֹהִים֙	d/430	HTd/Ncmpa	01T54
6	2	4		אֶת	853	HTo	01KK7
6	2	5		בְּנ֣וֹת	1323	HNcfpc	01xrB
6	2	6		הָֽ/אָדָ֔ם	d/120	HTd/Ncmsa	012tb
6	2	7		כִּ֥י	3588 a	HC	01AAU
6	2	8		טֹבֹ֖ת	2896 a	HAafpa	01fKo
6	2	9		הֵ֑נָּה	2007	HPp3fp	01hrP
6	2	10		וַ/יִּקְח֤וּ	c/3947	HC/Vqw3mp	01NXB
6	2	11		לָ/הֶם֙	l	HR/Sp3mp	01cv9
6	2	12		נָשִׁ֔ים	802	HNcfpa	018HL
6	2	13		מִ/כֹּ֖ל	m/3605	HR/Ncmsa	01sDr
6	2	14		אֲשֶׁ֥ר	834 a	HTr	01Xyc
6	2	15		בָּחָֽרוּ	977	HVqp3cp	01nYo
6	3	1		וַ/יֹּ֣אמֶר	c/559	HC/Vqw3ms	01pow
6	3	2		יְהוָ֗ה	3068	HNp	01j9W
6	3	3		לֹֽא	3808	HTn	01c3J
6	3	4		יָד֨וֹן	1777	HVqi3ms	01a5b
6	3	5		רוּחִ֤/י	7307	HNcbsc/Sp1cs	01wEY
6	3	6		בָֽ/אָדָם֙	b/120	HRd/Ncmsa	01EQ4
6	3	7		לְ/עֹלָ֔ם	l/5769	HR/Ncmsa	01avL
6	3	8		בְּ/שַׁ/גַּ֖ם	b/s/1571	HR/Tr/D	017ej
6	3	9		ה֣וּא	1931	HPp3ms	01amD
6	3	10		בָשָׂ֑ר	1320	HNcmsa	01VUr
6	3	11		וְ/הָי֣וּ	c/1961	HC/Vqq3cp	01yB6
6	3	12		יָמָ֔י/ו	3117	HNcmpc/Sp3ms	01c5N
6	3	13		מֵאָ֥ה	3967	HAcbsa	01T55
6	3	14		וְ/עֶשְׂרִ֖ים	c/6242	HC/Acbpa	01peT
6	3	15		שָׁנָֽה	8141	HNcfsa	01Ksj
6	4	1		הַ/נְּפִלִ֞ים	d/5303	HTd/Ncmpa	01Z3e
6	4	2		הָי֣וּ	1961	HVqp3cp	01Kzf
6	4	3		בָ/אָרֶץ֮	b/776	HRd/Ncbsa	01orc
6	4	4		בַּ/יָּמִ֣ים	b/3117	HRd/Ncmpa	0162Y
6	4	5		הָ/הֵם֒	d/1992	HTd/Pp3mp	01k5t
6	4	6		וְ/גַ֣ם	c/1571	HC/Ta	01KZM
6	4	7		אַֽחֲרֵי	310 a	HR	01rez
6	4	8		כֵ֗ן	3651 c	HD	01HUJ
6	4	9		אֲשֶׁ֨ר	834 a	HTr	01psq
6	4	10		יָבֹ֜אוּ	935	HVqi3mp	01WRG
6	4	11		בְּנֵ֤י	1121 a	HNcmpc	01wbu
6	4	12		הָֽ/אֱלֹהִים֙	d/430	HTd/Ncmpa	01Bav
6	4	13		אֶל	413	HR	01GVi
6	4	14		בְּנ֣וֹת	1323	HNcfpc	01Csn
6	4	15		הָֽ/אָדָ֔ם	d/120	HTd/Ncmsa	01R9z
6	4	16		וְ/יָלְד֖וּ	c/3205	HC/Vqq3cp	01tn3
6	4	17		לָ/הֶ֑ם	l	HR/Sp3mp	01uiF
6	4	18		הֵ֧מָּה	1992	HPp3mp	01hmQ
6	4	19		הַ/גִּבֹּרִ֛ים	d/1368	HTd/Aampa	01pj9
6	4	20		אֲשֶׁ֥ר	834 a	HTr	01gza
6	4	21		מֵ/עוֹלָ֖ם	m/5769	HR/Ncmsa	01nh4
6	4	22		אַנְשֵׁ֥י	376	HNcmpc	01yip
6	4	23		הַ/שֵּֽׁם	d/8034	HTd/Ncmsa	01yhX
6	5	1		וַ/יַּ֣רְא	c/7200	HC/Vqw3ms	01Rr8
6	5	2		יְהוָ֔ה	3068	HNp	01q3q
6	5	3		כִּ֥י	3588 a	HC	01zBj
6	5	4		רַבָּ֛ה	7227 a	HAafsa	01mM8
6	5	5		רָעַ֥ת	7451 c	HNcfsc	01Boi
6	5	6		הָ/אָדָ֖ם	d/120	HTd/Ncmsa	019tu
6	5	7		בָּ/אָ֑רֶץ	b/776	HRd/Ncbsa	01cJ2
6	5	8		וְ/כָל	c/3605	HC/Ncmsc	01qwa
6	5	9		יֵ֨צֶר֙	3336	HNcmsc	01U6p
6	5	10		מַחְשְׁבֹ֣ת	4284	HNcfpc	01gi1
6	5	11		לִבּ֔/וֹ	3820 a	HNcmsc/Sp3ms	01zuP
6	5	12		רַ֥ק	7535	HTa	01RH3
6	5	13		רַ֖ע	7451 a	HAamsa	01tap
6	5	14		כָּל	3605	HNcmsc	01dpu
6	5	15		הַ/יּֽוֹם	d/3117	HTd/Ncmsa	01bEm
6	6	1		וַ/יִּנָּ֣חֶם	c/5162	HC/VNw3ms	01jsC
6	6	2		יְהוָ֔ה	3068	HNp	01VLV
6	6	3		כִּֽי	3588 a	HC	01RYi
6	6	4		עָשָׂ֥ה	6213 a	HVqp3ms	01VMS
6	6	5		אֶת	853	HTo	01WwP
6	6	6		הָֽ/אָדָ֖ם	d/120	HTd/Ncmsa	019hJ
6	6	7		בָּ/אָ֑רֶץ	b/776	HRd/Ncbsa	01wDc
6	6	8		וַ/יִּתְעַצֵּ֖ב	c/6087 a	HC/Vtw3ms	011ME
6	6	9		אֶל	413	HR	01bxs
6	6	10		לִבּֽ/וֹ	3820 a	HNcmsc/Sp3ms	01Eya
6	7	1		וַ/יֹּ֣אמֶר	c/559	HC/Vqw3ms	01bTU
6	7	2		יְהוָ֗ה	3068	HNp	01Wzj
6	7	3		אֶמְחֶ֨ה	4229 a	HVqi1cs	01xVG
6	7	4		אֶת	853	HTo	01Ehm
6	7	5		הָ/אָדָ֤ם	d/120	HTd/Ncmsa	01CAK
6	7	6		אֲשֶׁר	834 a	HTr	01o3f
6	7	7		בָּרָ֨אתִי֙	1254 a	HVqp1cs	01e88
6	7	8		מֵ/עַל֙	m/5921 a	HR/R	01f25
6	7	9		פְּנֵ֣י	6440	HNcbpc	01Hww
6	7	10		הָֽ/אֲדָמָ֔ה	d/127	HTd/Ncfsa	01TVz
6	7	11		מֵֽ/אָדָם֙	m/120	HR/Ncmsa	01LRb
6	7	12		עַד	5704	HR	01HAt
6	7	13		בְּהֵמָ֔ה	929	HNcfsa	01nGv
6	7	14		עַד	5704	HR	01iiv
6	7	15		רֶ֖מֶשׂ	7431	HNcmsa	01CVL
6	7	16		וְ/עַד	c/5704	HC/R	019vz
6	7	17		ע֣וֹף	5775	HNcmsc	01NTb
6	7	18		הַ/שָּׁמָ֑יִם	d/8064	HTd/Ncmpa	01cvb
6	7	19		כִּ֥י	3588 a	HC	01B7J
6	7	20		נִחַ֖מְתִּי	5162	HVNp1cs	01XBu
6	7	21		כִּ֥י	3588 a	HC	01uMM
6	7	22		עֲשִׂיתִֽ/ם	6213 a	HVqp1cs/Sp3mp	01XBy
6	8	1		וְ/נֹ֕חַ	c/5146	HC/Np	01Gch
6	8	2		מָ֥צָא	4672	HVqp3ms	01tZs
6	8	3		חֵ֖ן	2580	HNcmsa	01Sx5
6	8	4		בְּ/עֵינֵ֥י	b/5869 a	HR/Ncbdc	01mYa
6	8	5		יְהוָֽה	3068	HNp	01Fc9
6	9	1		אֵ֚לֶּה	428	HPdxcp	0163V
6	9	2		תּוֹלְדֹ֣ת	8435	HNcfpc	01xVx
6	9	3		נֹ֔חַ	5146	HNp	01ZMa
6	9	4		נֹ֗חַ	5146	HNp	01K9n
6	9	5		אִ֥ישׁ	376	HNcmsa	01rsj
6	9	6		צַדִּ֛יק	6662	HAamsa	01QzN
6	9	7		תָּמִ֥ים	8549	HAamsa	01zQg
6	9	8		הָיָ֖ה	1961	HVqp3ms	01s54
6	9	9		בְּ/דֹֽרֹתָ֑י/ו	b/1755	HR/Ncmpc/Sp3ms	01ZxQ
6	9	10		אֶת	854	HR	01mBQ
6	9	11		הָֽ/אֱלֹהִ֖ים	d/430	HTd/Ncmpa	01kmu
6	9	12		הִֽתְהַלֶּךְ	1980	HVtp3ms	01Rpd
6	9	13		נֹֽחַ	5146	HNp	012xG
6	10	1		וַ/יּ֥וֹלֶד	c/3205	HC/Vhw3ms	01ex2
6	10	2		נֹ֖חַ	5146	HNp	013VA
6	10	3		שְׁלֹשָׁ֣ה	7969	HAcmsa	01XVR
6	10	4		בָנִ֑ים	1121 a	HNcmpa	01Lx1
6	10	5		אֶת	853	HTo	017zA
6	10	6		שֵׁ֖ם	8035	HNp	01bE4
6	10	7		אֶת	853	HTo	01qcU
6	10	8		חָ֥ם	2526	HNp	018e9
6	10	9		וְ/אֶת	c/853	HC/To	01iuc
6	10	10		יָֽפֶת	3315	HNp	014pW
6	11	1		וַ/תִּשָּׁחֵ֥ת	c/7843	HC/VNw3fs	01tDy
6	11	2		הָ/אָ֖רֶץ	d/776	HTd/Ncbsa	01NLe
6	11	3		לִ/פְנֵ֣י	l/6440	HR/Ncbpc	01GtD
6	11	4		הָֽ/אֱלֹהִ֑ים	d/430	HTd/Ncmpa	01mwz
6	11	5		וַ/תִּמָּלֵ֥א	c/4390	HC/VNw3fs	01v4c
6	11	6		הָ/אָ֖רֶץ	d/776	HTd/Ncbsa	01SkK
6	11	7		חָמָֽס	2555	HNcmsa	015xn
6	12	1		וַ/יַּ֧רְא	c/7200	HC/Vqw3ms	01U8y
6	12	2		אֱלֹהִ֛ים	430	HNcmpa	01G3b
6	12	3		אֶת	853	HTo	01i4K
6	12	4		הָ/אָ֖רֶץ	d/776	HTd/Ncbsa	01Vhq
6	12	5		וְ/הִנֵּ֣ה	c/2009	HC/Tm	018w5
6	12	6		נִשְׁחָ֑תָה	7843	HVNp3fs	01XKu
6	12	7		כִּֽי	3588 a	HC	01N3Z
6	12	8		הִשְׁחִ֧ית	7843	HVhp3ms	0172P
6	12	9		כָּל	3605	HNcmsc	01u1j
6	12	10		בָּשָׂ֛ר	1320	HNcmsa	01DBw
6	12	11		אֶת	853	HTo	01KyH
6	12	12		דַּרְכּ֖/וֹ	1870	HNcbsc/Sp3ms	01sK9
6	12	13		עַל	5921 a	HR	01soG
6	12	14		הָ/אָֽרֶץ	d/776	HTd/Ncbsa	01Ggv
6	13	1		וַ/יֹּ֨אמֶר	c/559	HC/Vqw3ms	01NRv
6	13	2		אֱלֹהִ֜ים	430	HNcmpa	01fdT
6	13	3		לְ/נֹ֗חַ	l/5146	HR/Np	01qex
6	13	4		קֵ֤ץ	7093	HNcmsc	01GE5
6	13	5		כָּל	3605	HNcmsc	014oz
6	13	6		בָּשָׂר֙	1320	HNcmsa	016kG
6	13	7		בָּ֣א	935	HVqp3ms	01Wuj
6	13	8		לְ/פָנַ֔/י	l/6440	HR/Ncbpc/Sp1cs	016jv
6	13	9		כִּֽי	3588 a	HC	01WSR
6	13	10		מָלְאָ֥ה	4390	HVqp3fs	01xRq
6	13	11		הָ/אָ֛רֶץ	d/776	HTd/Ncbsa	01xiv
6	13	12		חָמָ֖ס	2555	HNcmsa	01Vhb
6	13	13		מִ/פְּנֵי/הֶ֑ם	m/6440	HR/Ncbpc/Sp3mp	01Kra
6	13	14		וְ/הִנְ/נִ֥י	c/2005	HC/Tj/Sp1cs	01FB9
6	13	15		מַשְׁחִיתָ֖/ם	7843	HVhrmsc/Sp3mp	01WPN
6	13	16		אֶת	854	HR	01zbb
6	13	17		הָ/אָֽרֶץ	d/776	HTd/Ncbsa	01W6k
6	14	1		עֲשֵׂ֤ה	6213 a	HVqv2ms	01dcc
6	14	2		לְ/ךָ֙	l	HR/Sp2ms	013fz
6	14	3		תֵּבַ֣ת	8392	HNcfsc	01pV4
6	14	4		עֲצֵי	6086	HNcmpc	01K76
6	14	5		גֹ֔פֶר	1613	HNcmsa	01Xvh
6	14	6		קִנִּ֖ים	7064	HNcmpa	01F23
6	14	7		תַּֽעֲשֶׂ֣ה	6213 a	HVqi2ms	01t9z
6	14	8		אֶת	854	HR	01whu
6	14	9		הַ/תֵּבָ֑ה	d/8392	HTd/Ncfsa	01ose
6	14	10		וְ/כָֽפַרְתָּ֥	c/3722 b	HC/Vqq2ms	01min
6	14	11		אֹתָ֛/הּ	853	HTo/Sp3fs	01iic
6	14	12		מִ/בַּ֥יִת	m/1004 b	HR/Ncmsa	01uQX
6	14	13		וּ/מִ/ח֖וּץ	c/m/2351	HC/R/Ncmsa	01fqr
6	14	14		בַּ/כֹּֽפֶר	b/3724 b	HRd/Ncmsa	01gRQ
6	15	1		וְ/זֶ֕ה	c/2088	HC/Pdxms	01oC6
6	15	2		אֲשֶׁ֥ר	834 a	HTr	01AB9
6	15	3		תַּֽעֲשֶׂ֖ה	6213 a	HVqi2ms	016Bi
6	15	4		אֹתָ֑/הּ	853	HTo/Sp3fs	01TKQ
6	15	5		שְׁלֹ֧שׁ	7969	HAcfsa	01sX9
6	15	6		מֵא֣וֹת	3967	HAcbpa	01CNX
6	15	7		אַמָּ֗ה	520 a	HNcfsa	015Jx
6	15	8		אֹ֚רֶךְ	753	HNcmsc	01K8B
6	15	9		הַ/תֵּבָ֔ה	d/8392	HTd/Ncfsa	01qTM
6	15	10		חֲמִשִּׁ֤ים	2572	HAcbpa	01kST
6	15	11		אַמָּה֙	520 a	HNcfsa	019ok
6	15	12		רָחְבָּ֔/הּ	7341	HNcmsc/Sp3fs	01G8f
6	15	13		וּ/שְׁלֹשִׁ֥ים	c/7970	HC/Acbpa	01bjL
6	15	14		אַמָּ֖ה	520 a	HNcfsa	01ant
6	15	15		קוֹמָתָֽ/הּ	6967	HNcfsc/Sp3fs	014aq
6	16	1		צֹ֣הַר	6672 b	HNcfsa	01xLT
6	16	2		תַּֽעֲשֶׂ֣ה	6213 a	HVqi2ms	01fns
6	16	3		לַ/תֵּבָ֗ה	l/8392	HRd/Ncfsa	01p9L
6	16	4		וְ/אֶל	c/413	HC/R	01ZUC
6	16	5		אַמָּה֙	520 a	HNcfsa	01JCj
6	16	6		תְּכַלֶ֣/נָּה	3615	HVpi2ms/Sp3fs	01cTb
6	16	7		מִ/לְ/מַ֔עְלָ/ה	m/l/4605	HR/R/D/Sd	01EZX
6	16	8		וּ/פֶ֥תַח	c/6607	HC/Ncmsc	01Y8E
6	16	9		הַ/תֵּבָ֖ה	d/8392	HTd/Ncfsa	01WfP
6	16	10		בְּ/צִדָּ֣/הּ	b/6654	HR/Ncmsc/Sp3fs	01EHX
6	16	11		תָּשִׂ֑ים	7760 a	HVqi2ms	01htV
6	16	12		תַּחְתִּיִּ֛ם	8482	HAampa	01dnq
6	16	13		שְׁנִיִּ֥ם	8145	HAompa	01Bfr
6	16	14		וּ/שְׁלִשִׁ֖ים	c/7992	HC/Aompa	01n3U
6	16	15		תַּֽעֲשֶֽׂ/הָ	6213 a	HVqi2ms/Sp3fs	01UYs
6	17	1		וַ/אֲנִ֗י	c/589	HC/Pp1cs	01T4t
6	17	2		הִנְ/נִי֩	2009	HTm/Sp1cs	01CXn
6	17	3		מֵבִ֨יא	935	HVhrmsa	01eoV
6	17	4		אֶת	853	HTo	01z2s
6	17	5		הַ/מַּבּ֥וּל	d/3999	HTd/Ncmsa	01eW4
6	17	6		מַ֨יִם֙	4325	HNcmpa	01Kox
6	17	7		עַל	5921 a	HR	01RGB
6	17	8		הָ/אָ֔רֶץ	d/776	HTd/Ncbsa	01Upn
6	17	9		לְ/שַׁחֵ֣ת	l/7843	HR/Vpc	01dXz
6	17	10		כָּל	3605	HNcmsc	01Bbn
6	17	11		בָּשָׂ֗ר	1320	HNcmsa	011Zv
6	17	12		אֲשֶׁר	834 a	HTr	01TB4
6	17	13		בּ/וֹ֙	b	HR/Sp3ms	01oG9
6	17	14		ר֣וּחַ	7307	HNcbsc	01prm
6	17	15		חַיִּ֔ים	2416 e	HNcmpa	01rwi
6	17	16		מִ/תַּ֖חַת	m/8478	HR/R	01EAA
6	17	17		הַ/שָּׁמָ֑יִם	d/8064	HTd/Ncmpa	01LxY
6	17	18		כֹּ֥ל	3605	HNcmsa	01Frb
6	17	19		אֲשֶׁר	834 a	HTr	01HJn
6	17	20		בָּ/אָ֖רֶץ	b/776	HRd/Ncbsa	01LuD
6	17	21		יִגְוָֽע	1478	HVqi3ms	01XnL
6	18	1		וַ/הֲקִמֹתִ֥י	c/6965 b	HC/Vhp1cs	01sUy
6	18	2		אֶת	853	HTo	017nT
6	18	3		בְּרִיתִ֖/י	1285	HNcfsc/Sp1cs	01yyf
6	18	4		אִתָּ֑/ךְ	854	HR/Sp2fs	014Zw
6	18	5		וּ/בָאתָ֙	c/935	HC/Vqq2ms	01JqE
6	18	6		אֶל	413	HR	01rnt
6	18	7		הַ/תֵּבָ֔ה	d/8392	HTd/Ncfsa	01DiF
6	18	8		אַתָּ֕ה	859 a	HPp2ms	01eUy
6	18	9		וּ/בָנֶ֛י/ךָ	c/1121 a	HC/Ncmpc/Sp2ms	01Vak
6	18	10		וְ/אִשְׁתְּ/ךָ֥	c/802	HC/Ncfsc/Sp2ms	01oiN
6	18	11		וּ/נְשֵֽׁי	c/802	HC/Ncfpc	01vnQ
6	18	12		בָנֶ֖י/ךָ	1121 a	HNcmpc/Sp2ms	01gEr
6	18	13		אִתָּֽ/ךְ	854	HR/Sp2fs	01WLF
6	19	1		וּ/מִ/כָּל	c/m/3605	HC/R/Ncmsc	01wGZ
6	19	2		הָ֠/חַי	d/2416 a	HTd/Aamsa	01HVd
6	19	3		מִֽ/כָּל	m/3605	HR/Ncmsc	01Fze
6	19	4		בָּשָׂ֞ר	1320	HNcmsa	01ZHY
6	19	5		שְׁנַ֧יִם	8147	HAcmda	011sU
6	19	6		מִ/כֹּ֛ל	m/3605	HR/Ncmsa	01CGv
6	19	7		תָּבִ֥יא	935	HVhi2ms	01xTA
6	19	8		אֶל	413	HR	01isH
6	19	9		הַ/תֵּבָ֖ה	d/8392	HTd/Ncfsa	01nJS
6	19	10		לְ/הַחֲיֹ֣ת	l/2421	HR/Vhc	01cUx
6	19	11		אִתָּ֑/ךְ	854	HR/Sp2fs	01a6i
6	19	12		זָכָ֥ר	2145	HAamsa	01Jfc
6	19	13		וּ/נְקֵבָ֖ה	c/5347	HC/Ncfsa	01hEY
6	19	14		יִֽהְיֽוּ	1961	HVqi3mp	01ijZ
6	20	1		מֵ/הָ/ע֣וֹף	m/d/5775	HR/Td/Ncmsa	01u83
6	20	2		לְ/מִינֵ֗/הוּ	l/4327	HR/Ncmsc/Sp3ms	01NzX
6	20	3		וּ/מִן	c/4480 a	HC/R	0117r
6	20	4		הַ/בְּהֵמָה֙	d/929	HTd/Ncfsa	01ZU1
6	20	5		לְ/מִינָ֔/הּ	l/4327	HR/Ncmsc/Sp3fs	01otL
6	20	6		מִ/כֹּ֛ל	m/3605	HR/Ncmsc	01um7
6	20	7		רֶ֥מֶשׂ	7431	HNcmsc	01KjJ
6	20	8		הָֽ/אֲדָמָ֖ה	d/127	HTd/Ncfsa	01fiM
6	20	9		לְ/מִינֵ֑/הוּ	l/4327	HR/Ncmsc/Sp3ms	01dcf
6	20	10		שְׁנַ֧יִם	8147	HAcmda	01KEb
6	20	11		מִ/כֹּ֛ל	m/3605	HR/Ncmsa	01hC2
6	20	12		יָבֹ֥אוּ	935	HVqi3mp	014fq
6	20	13		אֵלֶ֖י/ךָ	413	HR/Sp2ms	01sEG
6	20	14		לְ/הַֽחֲיֽוֹת	l/2421	HR/Vhc	01HuD
6	21	1		וְ/אַתָּ֣ה	c/859 a	HC/Pp2ms	013KB
6	21	2		קַח	3947	HVqv2ms	01q7m
6	21	3		לְ/ךָ֗	l	HR/Sp2ms	01bTg
6	21	4		מִ/כָּל	m/3605	HR/Ncmsc	01Aw1
6	21	5		מַֽאֲכָל֙	3978	HNcmsa	01AqN
6	21	6		אֲשֶׁ֣ר	834 a	HTr	0176m
6	21	7		יֵֽאָכֵ֔ל	398	HVNi3ms	016a2
6	21	8		וְ/אָסַפְתָּ֖	c/622	HC/Vqp2ms	01g5k
6	21	9		אֵלֶ֑י/ךָ	413	HR/Sp2ms	01wJN
6	21	10		וְ/הָיָ֥ה	c/1961	HC/Vqp3ms	01bGZ
6	21	11		לְ/ךָ֛	l	HR/Sp2ms	01pX4
6	21	12		וְ/לָ/הֶ֖ם	c/l	HC/R/Sp3mp	01J7k
6	21	13		לְ/אָכְלָֽה	l/402	HR/Ncfsa	01AuP
6	22	1		וַ/יַּ֖עַשׂ	c/6213 a	HC/Vqw3ms	01syM
6	22	2		נֹ֑חַ	5146	HNp	01ayp
6	22	3		כְּ֠/כֹל	k/3605	HR/Ncmsa	01zG9
6	22	4		אֲשֶׁ֨ר	834 a	HTr	01DUx
6	22	5		צִוָּ֥ה	6680	HVpp3ms	01G26
6	22	6		אֹת֛/וֹ	853	HTo/Sp3ms	01r7o
6	22	7		אֱלֹהִ֖ים	430	HNcmpa	01kDi
6	22	8		כֵּ֥ן	3651 c	HTm	01VnV
6	22	9		עָשָֽׂה	6213 a	HVqp3ms	01J24
7	1	1		וַ/יֹּ֤אמֶר	c/559	HC/Vqw3ms	01s9A
7	1	2		יְהוָה֙	3068	HNp	01vhV
7	1	3		לְ/נֹ֔חַ	l/5146	HR/Np	01kFL
7	1	4		בֹּֽא	935	HVqv2ms	01xfx
7	1	5		אַתָּ֥ה	859 a	HPp2ms	01aHo
7	1	6		וְ/כָל	c/3605	HC/Ncmsc	01pSV
7	1	7		בֵּיתְ/ךָ֖	1004 b	HNcmsc/Sp2ms	01LrK
7	1	8		אֶל	413	HR	013sH
7	1	9		הַ/תֵּבָ֑ה	d/8392	HTd/Ncfsa	01vzR
7	1	10		כִּֽי	3588 a	HC	01ZCZ
7	1	11		אֹתְ/ךָ֥	853	HTo/Sp2ms	01SJf
7	1	12		רָאִ֛יתִי	7200	HVqp1cs	01wVm
7	1	13		צַדִּ֥יק	6662	HAamsa	01Qmg
7	1	14		לְ/פָנַ֖/י	l/6440	HR/Ncbpc/Sp1cs	01n9A
7	1	15		בַּ/דּ֥וֹר	b/1755	HRd/Ncmsa	01dXa
7	1	16		הַ/זֶּֽה	d/2088	HTd/Pdxms	019Nr
7	2	1		מִ/כֹּ֣ל	m/3605	HR/Ncmsc	01FSa
7	2	2		הַ/בְּהֵמָ֣ה	d/929	HTd/Ncfsa	011UN
7	2	3		הַ/טְּהוֹרָ֗ה	d/2889	HTd/Aafsa	01cin
7	2	4		תִּֽקַּח	3947	HVqi2ms	01bE5
7	2	5		לְ/ךָ֛	l	HR/Sp2ms	01qW4
7	2	6		שִׁבְעָ֥ה	7651	HAcmsa	01S49
7	2	7		שִׁבְעָ֖ה	7651	HAcmsa	01TSp
7	2	8		אִ֣ישׁ	376	HNcmsa	01Vea
7	2	9		וְ/אִשְׁתּ֑/וֹ	c/802	HC/Ncfsc/Sp3ms	01Ca6
7	2	10		וּ/מִן	c/4480 a	HC/R	01tEM
7	2	11		הַ/בְּהֵמָ֡ה	d/929	HTd/Ncfsa	01qkk
7	2	12		אֲ֠שֶׁר	834 a	HTr	01CTn
7	2	13		לֹ֣א	3808	HTn	01EJ6
7	2	14		טְהֹרָ֥ה	2889	HAafsa	01bDE
7	2	15		הִ֛וא	1931	HPp3fs	01Q8d
7	2	16		שְׁנַ֖יִם	8147	HAcmda	01vNa
7	2	17		אִ֥ישׁ	376	HNcmsa	013VZ
7	2	18		וְ/אִשְׁתּֽ/וֹ	c/802	HC/Ncfsc/Sp3ms	01WTF
7	3	1		גַּ֣ם	1571	HTa	01Cbt
7	3	2		מֵ/ע֧וֹף	m/5775	HR/Ncmsc	01cnB
7	3	3		הַ/שָּׁמַ֛יִם	d/8064	HTd/Ncmpa	01dS2
7	3	4		שִׁבְעָ֥ה	7651	HAcmsa	01ckH
7	3	5		שִׁבְעָ֖ה	7651	HAcmsa	01rGf
7	3	6		זָכָ֣ר	2145	HAamsa	01NLP
7	3	7		וּ/נְקֵבָ֑ה	c/5347	HC/Ncfsa	01aVA
7	3	8		לְ/חַיּ֥וֹת	l/2421	HR/Vpc	01FZ7
7	3	9		זֶ֖רַע	2233	HNcmsa	01ML5
7	3	10		עַל	5921 a	HR	01vua
7	3	11		פְּנֵ֥י	6440	HNcbpc	01v3n
7	3	12		כָל	3605	HNcmsc	01zNk
7	3	13		הָ/אָֽרֶץ	d/776	HTd/Ncbsa	01W9D
7	4	1		כִּי֩	3588 a	HC	01yYE
7	4	2		לְ/יָמִ֨ים	l/3117	HR/Ncmpa	01Aok
7	4	3		ע֜וֹד	5750	HD	01uxn
7	4	4		שִׁבְעָ֗ה	7651	HAcmsa	017cw
7	4	5		אָֽנֹכִי֙	595	HPp1cs	01JhN
7	4	6		מַמְטִ֣יר	4305	HVhrmsa	012Xh
7	4	7		עַל	5921 a	HR	01oMP
7	4	8		הָ/אָ֔רֶץ	d/776	HTd/Ncbsa	01fMQ
7	4	9		אַרְבָּעִ֣ים	705	HAcbpa	01ngx
7	4	10		י֔וֹם	3117	HNcmsa	019eB
7	4	11		וְ/אַרְבָּעִ֖ים	c/705	HC/Acbpa	01cbT
7	4	12		לָ֑יְלָה	3915	HNcmsa	01u2m
7	4	13		וּ/מָחִ֗יתִי	c/4229 a	HC/Vqp1cs	01mwg
7	4	14		אֶֽת	853	HTo	01YcV
7	4	15		כָּל	3605	HNcmsc	01Yny
7	4	16		הַ/יְקוּם֙	d/3351	HTd/Ncmsa	01orY
7	4	17		אֲשֶׁ֣ר	834 a	HTr	012jV
7	4	18		עָשִׂ֔יתִי	6213 a	HVqp1cs	01w3o
7	4	19		מֵ/עַ֖ל	m/5921 a	HR/R	01qch
7	4	20		פְּנֵ֥י	6440	HNcbpc	01VmY
7	4	21		הָֽ/אֲדָמָֽה	d/127	HTd/Ncfsa	01uLw
7	5	1		וַ/יַּ֖עַשׂ	c/6213 a	HC/Vqw3ms	01eWY
7	5	2		נֹ֑חַ	5146	HNp	01BaQ
7	5	3		כְּ/כֹ֥ל	k/3605	HR/Ncmsa	0198x
7	5	4		אֲשֶׁר	834 a	HTr	01jFf
7	5	5		צִוָּ֖/הוּ	6680	HVpp3ms/Sp3ms	01GR3
7	5	6		יְהוָֽה	3068	HNp	01qQN
7	6	1		וְ/נֹ֕חַ	c/5146	HC/Np	01aee
7	6	2		בֶּן	1121 a	HNcmsc	01CqB
7	6	3		שֵׁ֥שׁ	8337	HAcfsa	01UWF
7	6	4		מֵא֖וֹת	3967	HAcbpa	012Ha
7	6	5		שָׁנָ֑ה	8141	HNcfsa	01EnP
7	6	6		וְ/הַ/מַּבּ֣וּל	c/d/3999	HC/Td/Ncmsa	01nb6
7	6	7		הָיָ֔ה	1961	HVqp3ms	01YMF
7	6	8		מַ֖יִם	4325	HNcmpa	01BAm
7	6	9		עַל	5921 a	HR	01xLv
7	6	10		הָ/אָֽרֶץ	d/776	HTd/Ncbsa	01ENs
7	7	1		וַ/יָּ֣בֹא	c/935	HC/Vqw3ms	01f29
7	7	2		נֹ֗חַ	5146	HNp	01nbb
7	7	3		וּ֠/בָנָי/ו	c/1121 a	HC/Ncmpc/Sp3ms	013zy
7	7	4		וְ/אִשְׁתּ֧/וֹ	c/802	HC/Ncfsc/Sp3ms	01UBC
7	7	5		וּ/נְשֵֽׁי	c/802	HC/Ncfpc	012Bp
7	7	6		בָנָ֛י/ו	1121 a	HNcmpc/Sp3ms	01YVx
7	7	7		אִתּ֖/וֹ	854	HR/Sp3ms	012iX
7	7	8		אֶל	413	HR	01kav
7	7	9		הַ/תֵּבָ֑ה	d/8392	HTd/Ncfsa	01enN
7	7	10		מִ/פְּנֵ֖י	m/6440	HR/Ncbpc	01vBq
7	7	11		מֵ֥י	4325	HNcmpc	01xhr
7	7	12		הַ/מַּבּֽוּל	d/3999	HTd/Ncmsa	0192H
7	8	1		מִן	4480 a	HR	01xhx
7	8	2		הַ/בְּהֵמָה֙	d/929	HTd/Ncfsa	01TLE
7	8	3		הַ/טְּהוֹרָ֔ה	d/2889	HTd/Aafsa	016mu
7	8	4		וּ/מִן	c/4480 a	HC/R	01zyy
7	8	5		הַ֨/בְּהֵמָ֔ה	d/929	HTd/Ncfsa	01KhN
7	8	6		אֲשֶׁ֥ר	834 a	HTr	01zbv
7	8	7		אֵינֶ֖נָּ/ה	369	HTn/Sp3fs	01nXx
7	8	8		טְהֹרָ֑ה	2889	HAafsa	01RhB
7	8	9		וּ/מִ֨ן	c/4480 a	HC/R	01HmR
7	8	10		הָ/ע֔וֹף	d/5775	HTd/Ncmsa	01XWV
7	8	11		וְ/כֹ֥ל	c/3605	HC/Ncmsa	01jR8
7	8	12		אֲשֶׁר	834 a	HTr	017jg
7	8	13		רֹמֵ֖שׂ	7430	HVqrmsa	01m9m
7	8	14		עַל	5921 a	HR	01aDj
7	8	15		הָֽ/אֲדָמָֽה	d/127	HTd/Ncfsa	01oib
7	9	1		שְׁנַ֨יִם	8147	HAcmda	01sBE
7	9	2		שְׁנַ֜יִם	8147	HAcmda	014BE
7	9	3		בָּ֧אוּ	935	HVqp3cp	01t8g
7	9	4		אֶל	413	HR	01gsX
7	9	5		נֹ֛חַ	5146	HNp	01yBx
7	9	6		אֶל	413	HR	01vE1
7	9	7		הַ/תֵּבָ֖ה	d/8392	HTd/Ncfsa	01896
7	9	8		זָכָ֣ר	2145	HAamsa	01Xy3
7	9	9		וּ/נְקֵבָ֑ה	c/5347	HC/Ncfsa	01TH8
7	9	10		כַּֽ/אֲשֶׁ֛ר	k/834 d	HR/Tr	015Ve
7	9	11		צִוָּ֥ה	6680	HVpp3ms	01t5T
7	9	12		אֱלֹהִ֖ים	430	HNcmpa	01ssX
7	9	13		אֶת	853	HTo	017TK
7	9	14		נֹֽחַ	5146	HNp	01wiu
7	10	1		וַֽ/יְהִ֖י	c/1961	HC/Vqw3ms	01gBQ
7	10	2		לְ/שִׁבְעַ֣ת	l/7651	HR/Acmsc	01gVx
7	10	3		הַ/יָּמִ֑ים	d/3117	HTd/Ncmpa	01Q1t
7	10	4		וּ/מֵ֣י	c/4325	HC/Ncmpc	01pZm
7	10	5		הַ/מַּבּ֔וּל	d/3999	HTd/Ncmsa	01qGV
7	10	6		הָי֖וּ	1961	HVqp3cp	01TBs
7	10	7		עַל	5921 a	HR	01sYk
7	10	8		הָ/אָֽרֶץ	d/776	HTd/Ncbsa	01yZ9
7	11	1		בִּ/שְׁנַ֨ת	b/8141	HR/Ncfsc	01Ee6
7	11	2		שֵׁשׁ	8337	HAcfsa	01LvK
7	11	3		מֵא֤וֹת	3967	HAcbpa	01NsV
7	11	4		שָׁנָה֙	8141	HNcfsa	01spB
7	11	5		לְ/חַיֵּי	l/2416 e	HR/Ncmpc	01QM1
7	11	6		נֹ֔חַ	5146	HNp	01WMi
7	11	7		בַּ/חֹ֨דֶשׁ֙	b/2320	HRd/Ncmsa	01p5C
7	11	8		הַ/שֵּׁנִ֔י	d/8145	HTd/Aomsa	01pLh
7	11	9		בְּ/שִׁבְעָֽה	b/7651	HR/Acmsa	015n2
7	11	10		עָשָׂ֥ר	6240	HAcmsa	01WG2
7	11	11		י֖וֹם	3117	HNcmsa	01ddN
7	11	12		לַ/חֹ֑דֶשׁ	l/2320	HRd/Ncmsa	01oga
7	11	13		בַּ/יּ֣וֹם	b/3117	HRd/Ncmsa	01yLm
7	11	14		הַ/זֶּ֗ה	d/2088	HTd/Pdxms	01mAF
7	11	15		נִבְקְעוּ֙	1234	HVNp3cp	0193w
7	11	16		כָּֽל	3605	HNcmsc	01XGn
7	11	17		מַעְיְנֹת֙	4599	HNcmpc	01gnt
7	11	18		תְּה֣וֹם	8415	HNcbsa	01Ycp
7	11	19		רַבָּ֔ה	7227 a	HAafsa	01kGw
7	11	20		וַ/אֲרֻבֹּ֥ת	c/699	HC/Ncfpc	018xG
7	11	21		הַ/שָּׁמַ֖יִם	d/8064	HTd/Ncmpa	01X9f
7	11	22		נִפְתָּֽחוּ	6605 a	HVNp3cp	01gBY
7	12	1		וַֽ/יְהִ֥י	c/1961	HC/Vqw3ms	01JSS
7	12	2		הַ/גֶּ֖שֶׁם	d/1653	HTd/Ncmsa	01hzi
7	12	3		עַל	5921 a	HR	01xKZ
7	12	4		הָ/אָ֑רֶץ	d/776	HTd/Ncbsa	01GD6
7	12	5		אַרְבָּעִ֣ים	705	HAcbpa	01e1w
7	12	6		י֔וֹם	3117	HNcmsa	01fK1
7	12	7		וְ/אַרְבָּעִ֖ים	c/705	HC/Acbpa	01UV1
7	12	8		לָֽיְלָה	3915	HNcmsa	01pJ8
7	13	1		בְּ/עֶ֨צֶם	b/6106	HR/Ncfsc	01d2D
7	13	2		הַ/יּ֤וֹם	d/3117	HTd/Ncmsa	01pY9
7	13	3		הַ/זֶּה֙	d/2088	HTd/Pdxms	01GAq
7	13	4		בָּ֣א	935	HVqp3ms	01ViK
7	13	5		נֹ֔חַ	5146	HNp	01bs2
7	13	6		וְ/שֵׁם	c/8035	HC/Np	0165v
7	13	7		וְ/חָ֥ם	c/2526	HC/Np	01ULQ
7	13	8		וָ/יֶ֖פֶת	c/3315	HC/Np	01B9j
7	13	9		בְּנֵי	1121 a	HNcmpc	01bWi
7	13	10		נֹ֑חַ	5146	HNp	01xoF
7	13	11		וְ/אֵ֣שֶׁת	c/802	HC/Ncfsc	01hCv
7	13	12		נֹ֗חַ	5146	HNp	01Mci
7	13	13		וּ/שְׁלֹ֧שֶׁת	c/7969	HC/Acmsc	01f9n
7	13	14		נְשֵֽׁי	802	HNcfpc	014Rf
7	13	15		בָנָ֛י/ו	1121 a	HNcmpc/Sp3ms	01Qyd
7	13	16		אִתָּ֖/ם	854	HR/Sp3mp	01C76
7	13	17		אֶל	413	HR	01CYo
7	13	18		הַ/תֵּבָֽה	d/8392	HTd/Ncfsa	01Bra
7	14	1		הֵ֜מָּה	1992	HPp3mp	0159X
7	14	2		וְ/כָל	c/3605	HC/Ncmsc	01j6b
7	14	3		הַֽ/חַיָּ֣ה	d/2416 c	HTd/Ncfsa	01KgL
7	14	4		לְ/מִינָ֗/הּ	l/4327	HR/Ncmsc/Sp3fs	01BFU
7	14	5		וְ/כָל	c/3605	HC/Ncmsc	01Js9
7	14	6		הַ/בְּהֵמָה֙	d/929	HTd/Ncfsa	018Do
7	14	7		לְ/מִינָ֔/הּ	l/4327	HR/Ncmsc/Sp3fp	01m6D
7	14	8		וְ/כָל	c/3605	HC/Ncmsc	01agh
7	14	9		הָ/רֶ֛מֶשׂ	d/7431	HTd/Ncmsa	01xGb
7	14	10		הָ/רֹמֵ֥שׂ	d/7430	HTd/Vqrmsa	01Vmg
7	14	11		עַל	5921 a	HR	01GWL
7	14	12		הָ/אָ֖רֶץ	d/776	HTd/Ncbsa	01adp
7	14	13		לְ/מִינֵ֑/הוּ	l/4327	HR/Ncmsc/Sp3ms	01mEM
7	14	14		וְ/כָל	c/3605	HC/Ncmsc	01t5b
7	14	15		הָ/ע֣וֹף	d/5775	HTd/Ncmsa	01MmC
7	14	16		לְ/מִינֵ֔/הוּ	l/4327	HR/Ncmsc/Sp3ms	01VtE
7	14	17		כֹּ֖ל	3605	HNcmsc	018yT
7	14	18		צִפּ֥וֹר	6833	HNcbsc	01YE4
7	14	19		כָּל	3605	HNcmsc	01gwY
7	14	20		כָּנָֽף	3671	HNcfsa	01um2
7	15	1		וַ/יָּבֹ֥אוּ	c/935	HC/Vqw3mp	01WPk
7	15	2		אֶל	413	HR	01J9S
7	15	3		נֹ֖חַ	5146	HNp	01Uh6
7	15	4		אֶל	413	HR	01kWu
7	15	5		הַ/תֵּבָ֑ה	d/8392	HTd/Ncfsa	01r5S
7	15	6		שְׁנַ֤יִם	8147	HAcmda	01q8B
7	15	7		שְׁנַ֨יִם֙	8147	HAcmda	01HNg
7	15	8		מִ/כָּל	m/3605	HR/Ncmsc	01hZZ
7	15	9		הַ/בָּשָׂ֔ר	d/1320	HTd/Ncmsa	01n3Z
7	15	10		אֲשֶׁר	834 a	HTr	01nVk
7	15	11		בּ֖/וֹ	b	HR/Sp3ms	01cwR
7	15	12		ר֥וּחַ	7307	HNcbsc	01JQf
7	15	13		חַיִּֽים	2416 e	HNcmpa	01aoK
7	16	1		וְ/הַ/בָּאִ֗ים	c/d/935	HC/Td/Vqrmpa	01HF8
7	16	2		זָכָ֨ר	2145	HAamsa	01WMt
7	16	3		וּ/נְקֵבָ֤ה	c/5347	HC/Ncfsa	01tCm
7	16	4		מִ/כָּל	m/3605	HR/Ncmsc	01ibj
7	16	5		בָּשָׂר֙	1320	HNcmsa	01KiT
7	16	6		בָּ֔אוּ	935	HVqp3cp	01ovU
7	16	7		כַּֽ/אֲשֶׁ֛ר	k/834 d	HR/Tr	01H8i
7	16	8		צִוָּ֥ה	6680	HVpp3ms	01kBK
7	16	9		אֹת֖/וֹ	853	HTo/Sp3ms	018p9
7	16	10		אֱלֹהִ֑ים	430	HNcmpa	01Vib
7	16	11		וַ/יִּסְגֹּ֥ר	c/5462	HC/Vqw3ms	01FXw
7	16	12		יְהוָ֖ה	3068	HNp	01ZWD
7	16	13		בַּֽעֲדֽ/וֹ	1157	HR/Sp3ms	01roj
7	17	1		וַֽ/יְהִ֧י	c/1961	HC/Vqw3ms	01dta
7	17	2		הַ/מַּבּ֛וּל	d/3999	HTd/Ncmsa	01vv9
7	17	3		אַרְבָּעִ֥ים	705	HAcbpa	01bPu
7	17	4		י֖וֹם	3117	HNcmsa	01t52
7	17	5		עַל	5921 a	HR	012qG
7	17	6		הָ/אָ֑רֶץ	d/776	HTd/Ncbsa	01naz
7	17	7		וַ/יִּרְבּ֣וּ	c/7235 a	HC/Vqw3mp	01QW6
7	17	8		הַ/מַּ֗יִם	d/4325	HTd/Ncmpa	01vQm
7	17	9		וַ/יִּשְׂאוּ֙	c/5375	HC/Vqw3mp	01gSo
7	17	10		אֶת	853	HTo	01ToF
7	17	11		הַ/תֵּבָ֔ה	d/8392	HTd/Ncfsa	01R76
7	17	12		וַ/תָּ֖רָם	c/7311 a	HC/Vqw3fs	015TM
7	17	13		מֵ/עַ֥ל	m/5921 a	HR/R	01cH4
7	17	14		הָ/אָֽרֶץ	d/776	HTd/Ncbsa	01ygk
7	18	1		וַ/יִּגְבְּר֥וּ	c/1396	HC/Vqw3mp	0172b
7	18	2		הַ/מַּ֛יִם	d/4325	HTd/Ncmpa	01Qs2
7	18	3		וַ/יִּרְבּ֥וּ	c/7235 a	HC/Vqw3mp	01X1j
7	18	4		מְאֹ֖ד	3966	HD	01pMk
7	18	5		עַל	5921 a	HR	01E9Z
7	18	6		הָ/אָ֑רֶץ	d/776	HTd/Ncbsa	01DJR
7	18	7		וַ/תֵּ֥לֶךְ	c/3212	HC/Vqw3fs	01ov1
7	18	8		הַ/תֵּבָ֖ה	d/8392	HTd/Ncfsa	01wXN
7	18	9		עַל	5921 a	HR	01Nnf
7	18	10		פְּנֵ֥י	6440	HNcbpc	01eJu
7	18	11		הַ/מָּֽיִם	d/4325	HTd/Ncmpa	01uoD
7	19	1		וְ/הַ/מַּ֗יִם	c/d/4325	HC/Td/Ncmpa	01vu4
7	19	2		גָּֽבְר֛וּ	1396	HVqp3cp	01YQo
7	19	3		מְאֹ֥ד	3966	HD	01f8m
7	19	4		מְאֹ֖ד	3966	HD	01BZr
7	19	5		עַל	5921 a	HR	01k2R
7	19	6		הָ/אָ֑רֶץ	d/776	HTd/Ncbsa	01cC4
7	19	7		וַ/יְכֻסּ֗וּ	c/3680	HC/VPw3mp	01f6y
7	19	8		כָּל	3605	HNcmsc	01Gy9
7	19	9		הֶֽ/הָרִים֙	d/2022	HTd/Ncmpa	01etw
7	19	10		הַ/גְּבֹהִ֔ים	d/1364	HTd/Aampa	01GQd
7	19	11		אֲשֶׁר	834 a	HTr	01tAQ
7	19	12		תַּ֖חַת	8478	HR	01Yrt
7	19	13		כָּל	3605	HNcmsc	01SbN
7	19	14		הַ/שָּׁמָֽיִם	d/8064	HTd/Ncmpa	01B2y
7	20	1		חֲמֵ֨שׁ	2568	HAcfsa	01PYY
7	20	2		עֶשְׂרֵ֤ה	6240	HAcfsa	01bZi
7	20	3		אַמָּה֙	520 a	HNcfsa	01fXs
7	20	4		מִ/לְ/מַ֔עְלָ/ה	m/l/4605	HR/R/D/Sd	01dHg
7	20	5		גָּבְר֖וּ	1396	HVqp3cp	01Cdu
7	20	6		הַ/מָּ֑יִם	d/4325	HTd/Ncmpa	01s9p
7	20	7		וַ/יְכֻסּ֖וּ	c/3680	HC/VPw3mp	01Bxx
7	20	8		הֶ/הָרִֽים	d/2022	HTd/Ncmpa	01wPL
7	21	1		וַ/יִּגְוַ֞ע	c/1478	HC/Vqw3ms	01YXi
7	21	2		כָּל	3605	HNcmsc	016gk
7	21	3		בָּשָׂ֣ר	1320	HNcmsa	01YsR
7	21	4		הָ/רֹמֵ֣שׂ	d/7430	HTd/Vqrmsa	01YJ7
7	21	5		עַל	5921 a	HR	01xNg
7	21	6		הָ/אָ֗רֶץ	d/776	HTd/Ncbsa	01SPi
7	21	7		בָּ/ע֤וֹף	b/5775	HRd/Ncmsa	01dr4
7	21	8		וּ/בַ/בְּהֵמָה֙	c/b/929	HC/Rd/Ncfsa	01ynz
7	21	9		וּ/בַ֣/חַיָּ֔ה	c/b/2416 c	HC/Rd/Ncfsa	01oiU
7	21	10		וּ/בְ/כָל	c/b/3605	HC/R/Ncmsc	01uRP
7	21	11		הַ/שֶּׁ֖רֶץ	d/8318	HTd/Ncmsa	01bJx
7	21	12		הַ/שֹּׁרֵ֣ץ	d/8317	HTd/Vqrmsa	01etm
7	21	13		עַל	5921 a	HR	014jW
7	21	14		הָ/אָ֑רֶץ	d/776	HTd/Ncbsa	01M3G
7	21	15		וְ/כֹ֖ל	c/3605	HC/Ncmsc	01FQm
7	21	16		הָ/אָדָֽם	d/120	HTd/Ncmsa	01DYw
7	22	1		כֹּ֡ל	3605	HNcmsa	01oAy
7	22	2		אֲשֶׁר֩	834 a	HTr	013Rx
7	22	3		נִשְׁמַת	5397	HNcfsc	01rH2
7	22	4		ר֨וּחַ	7307	HNcbsa	012rT
7	22	5		חַיִּ֜ים	2416 e	HNcmpa	01jsw
7	22	6		בְּ/אַפָּ֗י/ו	b/639	HR/Ncmdc/Sp3ms	01VR2
7	22	7		מִ/כֹּ֛ל	m/3605	HR/Ncmsa	01MrQ
7	22	8		אֲשֶׁ֥ר	834 a	HTr	01Fu8
7	22	9		בֶּ/חָֽרָבָ֖ה	b/2724	HRd/Ncfsa	01QCB
7	22	10		מֵֽתוּ	4191	HVqp3cp	01VcL
7	23	1		וַ/יִּ֜מַח	c/4229 a	HC/Vqw3ms	01YS7
7	23	2		אֶֽת	853	HTo	01ST2
7	23	3		כָּל	3605	HNcmsc	01FHd
7	23	4		הַ/יְק֣וּם	d/3351	HTd/Ncmsa	01WGC
7	23	5		אֲשֶׁ֣ר	834 a	HTr	018Jt
7	23	6		עַל	5921 a	HR	01s3S
7	23	7		פְּנֵ֣י	6440	HNcbpc	01QE7
7	23	8		הָֽ/אֲדָמָ֗ה	d/127	HTd/Ncfsa	01JPF
7	23	9		מֵ/אָדָ֤ם	m/120	HR/Ncmsa	01t2f
7	23	10		עַד	5704	HR	01AAs
7	23	11		בְּהֵמָה֙	929	HNcfsa	01yit
7	23	12		עַד	5704	HR	01wBS
7	23	13		רֶ֨מֶשׂ֙	7431	HNcmsa	012sV
7	23	14		וְ/עַד	c/5704	HC/R	01FwG
7	23	15		ע֣וֹף	5775	HNcmsc	01dCM
7	23	16		הַ/שָּׁמַ֔יִם	d/8064	HTd/Ncmpa	01H1T
7	23	17		וַ/יִּמָּח֖וּ	c/4229 a	HC/VNw3mp	01P6r
7	23	18		מִן	4480 a	HR	01tD1
7	23	19		הָ/אָ֑רֶץ	d/776	HTd/Ncbsa	016AA
7	23	20		וַ/יִשָּׁ֧אֶר	c/7604	HC/VNw3ms	01RNc
7	23	21		אַךְ	389	HTa	01veg
7	23	22		נֹ֛חַ	5146	HNp	017W8
7	23	23		וַֽ/אֲשֶׁ֥ר	c/834 a	HC/Tr	01zSa
7	23	24		אִתּ֖/וֹ	854	HR/Sp3ms	01BQz
7	23	25		בַּ/תֵּבָֽה	b/8392	HRd/Ncfsa	01GKS
7	24	1		וַ/יִּגְבְּר֥וּ	c/1396	HC/Vqw3mp	01Mwc
7	24	2		הַ/מַּ֖יִם	d/4325	HTd/Ncmpa	01kPm
7	24	3		עַל	5921 a	HR	01Gtv
7	24	4		הָ/אָ֑רֶץ	d/776	HTd/Ncbsa	01wvJ
7	24	5		חֲמִשִּׁ֥ים	2572	HAcbpa	01HWW
7	24	6		וּ/מְאַ֖ת	c/3967	HC/Acbsc	01fR1
7	24	7		יֽוֹם	3117	HNcmsa	01Z4q
8	1	1		וַ/יִּזְכֹּ֤ר	c/2142	HC/Vqw3ms	01qyW
8	1	2		אֱלֹהִים֙	430	HNcmpa	011vK
8	1	3		אֶת	853	HTo	01vcs
8	1	4		נֹ֔חַ	5146	HNp	01jVW
8	1	5		וְ/אֵ֤ת	c/853	HC/To	01q6h
8	1	6		כָּל	3605	HNcmsc	01TXT
8	1	7		הַֽ/חַיָּה֙	d/2416 c	HTd/Ncfsa	01i5i
8	1	8		וְ/אֶת	c/853	HC/To	01n6o
8	1	9		כָּל	3605	HNcmsc	01V2Z
8	1	10		הַ/בְּהֵמָ֔ה	d/929	HTd/Ncfsa	01vB3
8	1	11		אֲשֶׁ֥ר	834 a	HTr	01h8U
8	1	12		אִתּ֖/וֹ	854	HR/Sp3ms	01HP6
8	1	13		בַּ/תֵּבָ֑ה	b/8392	HRd/Ncfsa	01qeA
8	1	14		וַ/יַּעֲבֵ֨ר	c/5674 a	HC/Vhw3ms	013Hf
8	1	15		אֱלֹהִ֥ים	430	HNcmpa	017G6
8	1	16		ר֨וּחַ֙	7307	HNcbsa	012aw
8	1	17		עַל	5921 a	HR	01G9q
8	1	18		הָ/אָ֔רֶץ	d/776	HTd/Ncbsa	01TE9
8	1	19		וַ/יָּשֹׁ֖כּוּ	c/7918	HC/Vqw3mp	015ne
8	1	20		הַ/מָּֽיִם	d/4325	HTd/Ncmpa	01Pq7
8	2	1		וַ/יִּסָּֽכְרוּ֙	c/5534	HC/VNw3mp	012XE
8	2	2		מַעְיְנֹ֣ת	4599	HNcmpc	01k2P
8	2	3		תְּה֔וֹם	8415	HNcbsa	01bQB
8	2	4		וַֽ/אֲרֻבֹּ֖ת	c/699	HC/Ncfpc	01hLv
8	2	5		הַ/שָּׁמָ֑יִם	d/8064	HTd/Ncmpa	01FwW
8	2	6		וַ/יִּכָּלֵ֥א	c/3607	HC/VNw3ms	01ZCU
8	2	7		הַ/גֶּ֖שֶׁם	d/1653	HTd/Ncmsa	01f6s
8	2	8		מִן	4480 a	HR	0162L
8	2	9		הַ/שָּׁמָֽיִם	d/8064	HTd/Ncmpa	01apE
8	3	1		וַ/יָּשֻׁ֧בוּ	c/7725	HC/Vqw3mp	017uo
8	3	2		הַ/מַּ֛יִם	d/4325	HTd/Ncmpa	01io8
8	3	3		מֵ/עַ֥ל	m/5921 a	HR/R	01wub
8	3	4		הָ/אָ֖רֶץ	d/776	HTd/Ncbsa	017qB
8	3	5		הָל֣וֹךְ	1980	HVqa	01BM6
8	3	6		וָ/שׁ֑וֹב	c/7725	HC/Vqa	019ci
8	3	7		וַ/יַּחְסְר֣וּ	c/2637	HC/Vqw3mp	01wpi
8	3	8		הַ/מַּ֔יִם	d/4325	HTd/Ncmpa	01JEg
8	3	9		מִ/קְצֵ֕ה	m/7097 a	HR/Ncbsc	01pMT
8	3	10		חֲמִשִּׁ֥ים	2572	HAcbpa	01kMd
8	3	11		וּ/מְאַ֖ת	c/3967	HC/Acbsc	01Bqk
8	3	12		יֽוֹם	3117	HNcmsa	01hjj
8	4	1		וַ/תָּ֤נַח	c/5117	HC/Vqw3fs	01QL7
8	4	2		הַ/תֵּבָה֙	d/8392	HTd/Ncfsa	01cRW
8	4	3		בַּ/חֹ֣דֶשׁ	b/2320	HRd/Ncmsa	01iWB
8	4	4		הַ/שְּׁבִיעִ֔י	d/7637	HTd/Aomsa	01u7g
8	4	5		בְּ/שִׁבְעָה	b/7651	HR/Acmsa	01F46
8	4	6		עָשָׂ֥ר	6240	HAcmsa	01AFT
8	4	7		י֖וֹם	3117	HNcmsa	01c3h
8	4	8		לַ/חֹ֑דֶשׁ	l/2320	HRd/Ncmsa	01L9o
8	4	9		עַ֖ל	5921 a	HR	01JVQ
8	4	10		הָרֵ֥י	2022	HNcmpc	01xdb
8	4	11		אֲרָרָֽט	780	HNp	01Moi
8	5	1		וְ/הַ/מַּ֗יִם	c/d/4325	HC/Td/Ncmpa	01eqW
8	5	2		הָיוּ֙	1961	HVqp3cp	01x8B
8	5	3		הָל֣וֹךְ	1980	HVqa	01WgT
8	5	4		וְ/חָס֔וֹר	c/2637	HC/Vqa	01e9Z
8	5	5		עַ֖ד	5704	HR	01fc3
8	5	6		הַ/חֹ֣דֶשׁ	d/2320	HTd/Ncmsa	01Ucu
8	5	7		הָֽ/עֲשִׂירִ֑י	d/6224	HTd/Aomsa	018Vy
8	5	8		בָּֽ/עֲשִׂירִי֙	b/6224	HRd/Aomsa	01rKw
8	5	9		בְּ/אֶחָ֣ד	b/259	HR/Acmsa	01S1Z
8	5	10		לַ/חֹ֔דֶשׁ	l/2320	HRd/Ncmsa	01mBn
8	5	11		נִרְא֖וּ	7200	HVNp3cp	01Ney
8	5	12		רָאשֵׁ֥י	7218 a	HNcmpc	012Bq
8	5	13		הֶֽ/הָרִֽים	d/2022	HTd/Ncmpa	01nKy
8	6	1		וַֽ/יְהִ֕י	c/1961	HC/Vqw3ms	01aC7
8	6	2		מִ/קֵּ֖ץ	m/7093	HR/Ncmsc	01Sxm
8	6	3		אַרְבָּעִ֣ים	705	HAcbpa	013Cx
8	6	4		י֑וֹם	3117	HNcmsa	0153W
8	6	5		וַ/יִּפְתַּ֣ח	c/6605 a	HC/Vqw3ms	01nTK
8	6	6		נֹ֔חַ	5146	HNp	01sBD
8	6	7		אֶת	853	HTo	01ztw
8	6	8		חַלּ֥וֹן	2474	HNcbsc	01jaw
8	6	9		הַ/תֵּבָ֖ה	d/8392	HTd/Ncfsa	01zfC
8	6	10		אֲשֶׁ֥ר	834 a	HTr	01y6N
8	6	11		עָשָֽׂה	6213 a	HVqp3ms	01cUK
8	7	1		וַ/יְשַׁלַּ֖ח	c/7971	HC/Vpw3ms	01F7R
8	7	2		אֶת	853	HTo	01YQ7
8	7	3		הָֽ/עֹרֵ֑ב	d/6158	HTd/Ncmsa	015UP
8	7	4		וַ/יֵּצֵ֤א	c/3318	HC/Vqw3ms	01cDe
8	7	5		יָצוֹא֙	3318	HVqa	01BtX
8	7	6		וָ/שׁ֔וֹב	c/7725	HC/Vqa	018bP
8	7	7		עַד	5704	HR	01rbM
8	7	8		יְבֹ֥שֶׁת	3001	HVqc	01gcX
8	7	9		הַ/מַּ֖יִם	d/4325	HTd/Ncmpa	01VzD
8	7	10		מֵ/עַ֥ל	m/5921 a	HR/R	01Lnv
8	7	11		הָ/אָֽרֶץ	d/776	HTd/Ncbsa	01FN2
8	8	1		וַ/יְשַׁלַּ֥ח	c/7971	HC/Vpw3ms	01kTA
8	8	2		אֶת	853	HTo	01bQM
8	8	3		הַ/יּוֹנָ֖ה	d/3123	HTd/Ncfsa	01rRy
8	8	4		מֵ/אִתּ֑/וֹ	m/854	HR/R/Sp3ms	01HcR
8	8	5		לִ/רְאוֹת֙	l/7200	HR/Vqc	019vS
8	8	6		הֲ/קַ֣לּוּ	i/7043	HTi/Vqp3cp	01mbL
8	8	7		הַ/מַּ֔יִם	d/4325	HTd/Ncmpa	014U9
8	8	8		מֵ/עַ֖ל	m/5921 a	HR/R	01Vvg
8	8	9		פְּנֵ֥י	6440	HNcbpc	01oYz
8	8	10		הָֽ/אֲדָמָֽה	d/127	HTd/Ncfsa	01dD2
8	9	1		וְ/לֹֽא	c/3808	HC/Tn	012t9
8	9	2		מָצְאָה֩	4672	HVqp3fs	01fou
8	9	3		הַ/יּוֹנָ֨ה	d/3123	HTd/Ncfsa	01DL4
8	9	4		מָנ֜וֹחַ	4494	HNcbsa	01vkx
8	9	5		לְ/כַף	l/3709	HR/Ncfsc	01SdW
8	9	6		רַגְלָ֗/הּ	7272	HNcfsc/Sp3fs	019jg
8	9	7		וַ/תָּ֤שָׁב	c/7725	HC/Vqw3fs	01mAC
8	9	8		אֵלָי/ו֙	413	HR/Sp3ms	01LKt
8	9	9		אֶל	413	HR	01Q5x
8	9	10		הַ/תֵּבָ֔ה	d/8392	HTd/Ncfsa	01TaA
8	9	11		כִּי	3588 a	HC	014d7
8	9	12		מַ֖יִם	4325	HNcmpa	01jMY
8	9	13		עַל	5921 a	HR	01eip
8	9	14		פְּנֵ֣י	6440	HNcbpc	01jhu
8	9	15		כָל	3605	HNcmsc	012fr
8	9	16		הָ/אָ֑רֶץ	d/776	HTd/Ncbsa	015Aa
8	9	17		וַ/יִּשְׁלַ֤ח	c/7971	HC/Vqw3ms	01zuz
8	9	18		יָד/וֹ֙	3027	HNcbsc/Sp3ms	01BTS
8	9	19		וַ/יִּקָּחֶ֔/הָ	c/3947	HC/Vqw3ms/Sp3fs	01Hdk
8	9	20		וַ/יָּבֵ֥א	c/935	HC/Vhw3ms	01tbG
8	9	21		אֹתָ֛/הּ	853	HTo/Sp3fs	018hT
8	9	22		אֵלָ֖י/ו	413	HR/Sp3ms	011EK
8	9	23		אֶל	413	HR	01UYd
8	9	24		הַ/תֵּבָֽה	d/8392	HTd/Ncfsa	01w2J
8	10	1		וַ/יָּ֣חֶל	c/2342 a	HC/Vpw3ms	01UcZ
8	10	2		ע֔וֹד	5750	HD	01SZA
8	10	3		שִׁבְעַ֥ת	7651	HAcmsc	01WeX
8	10	4		יָמִ֖ים	3117	HNcmpa	01FoN
8	10	5		אֲחֵרִ֑ים	312	HAampa	01BK2
8	10	6		וַ/יֹּ֛סֶף	c/3254	HC/Vhw3ms	01qoQ
8	10	7		שַׁלַּ֥ח	7971	HVpc	01DV4
8	10	8		אֶת	853	HTo	01iex
8	10	9		הַ/יּוֹנָ֖ה	d/3123	HTd/Ncfsa	01LMe
8	10	10		מִן	4480 a	HR	01zuk
8	10	11		הַ/תֵּבָֽה	d/8392	HTd/Ncfsa	015hm
8	11	1		וַ/תָּבֹ֨א	c/935	HC/Vqw3fs	01a8a
8	11	2		אֵלָ֤י/ו	413	HR/Sp3ms	01Avd
8	11	3		הַ/יּוֹנָה֙	d/3123	HTd/Ncfsa	016nG
8	11	4		לְ/עֵ֣ת	l/6256	HR/Ncbsc	01p6C
8	11	5		עֶ֔רֶב	6153	HNcmsa	01Dn5
8	11	6		וְ/הִנֵּ֥ה	c/2009	HC/Tm	017mc
8	11	7		עֲלֵה	5929	HNcmsc	01icW
8	11	8		זַ֖יִת	2132	HNcmsa	01WQu
8	11	9		טָרָ֣ף	2965	HAamsa	01rMa
8	11	10		בְּ/פִ֑י/הָ	b/6310	HR/Ncmsc/Sp3fs	01H5x
8	11	11		וַ/יֵּ֣דַע	c/3045	HC/Vqw3ms	01Lft
8	11	12		נֹ֔חַ	5146	HNp	01bTD
8	11	13		כִּי	3588 a	HC	01W19
8	11	14		קַ֥לּוּ	7043	HVqp3cp	01CUd
8	11	15		הַ/מַּ֖יִם	d/4325	HTd/Ncmpa	01dBb
8	11	16		מֵ/עַ֥ל	m/5921 a	HR/R	01oQH
8	11	17		הָ/אָֽרֶץ	d/776	HTd/Ncbsa	01FgV
8	12	1		וַ/יִּיָּ֣חֶל	c/3176	HC/VNw3ms	01sAH
8	12	2		ע֔וֹד	5750	HD	01fPE
8	12	3		שִׁבְעַ֥ת	7651	HAcmsc	01kFY
8	12	4		יָמִ֖ים	3117	HNcmpa	01oVM
8	12	5		אֲחֵרִ֑ים	312	HAampa	01DD6
8	12	6		וַ/יְשַׁלַּח֙	c/7971	HC/Vpw3ms	01T6s
8	12	7		אֶת	853	HTo	01UTG
8	12	8		הַ/יּוֹנָ֔ה	d/3123	HTd/Ncfsa	01TjC
8	12	9		וְ/לֹֽא	c/3808	HC/Tn	01B7W
8	12	10		יָסְפָ֥ה	3254	HVqp3fs	01ggZ
8	12	11		שׁוּב	7725	HVqc	01sDo
8	12	12		אֵלָ֖י/ו	413	HR/Sp3ms	01hQe
8	12	13		עֽוֹד	5750	HD	01Fmq
8	13	1		וַֽ֠/יְהִי	c/1961	HC/Vqw3ms	014ga
8	13	2		בְּ/אַחַ֨ת	b/259	HR/Acfsa	01qZF
8	13	3		וְ/שֵׁשׁ	c/8337	HC/Acfsa	01o7p
8	13	4		מֵא֜וֹת	3967	HAcbpa	01BQB
8	13	5		שָׁנָ֗ה	8141	HNcfsa	01dbJ
8	13	6		בָּֽ/רִאשׁוֹן֙	b/7223	HRd/Aamsa	015tL
8	13	7		בְּ/אֶחָ֣ד	b/259	HR/Acmsa	01Pj9
8	13	8		לַ/חֹ֔דֶשׁ	l/2320	HRd/Ncmsa	01YJJ
8	13	9		חָֽרְב֥וּ	2717 a	HVqp3cp	013Kp
8	13	10		הַ/מַּ֖יִם	d/4325	HTd/Ncmpa	01YWx
8	13	11		מֵ/עַ֣ל	m/5921 a	HR/R	01d4u
8	13	12		הָ/אָ֑רֶץ	d/776	HTd/Ncbsa	016vh
8	13	13		וַ/יָּ֤סַר	c/5493	HC/Vhw3ms	01rLV
8	13	14		נֹ֨חַ֙	5146	HNp	01PfL
8	13	15		אֶת	853	HTo	01YQQ
8	13	16		מִכְסֵ֣ה	4372	HNcmsc	01Dr2
8	13	17		הַ/תֵּבָ֔ה	d/8392	HTd/Ncfsa	01AAN
8	13	18		וַ/יַּ֕רְא	c/7200	HC/Vqw3ms	01FAQ
8	13	19		וְ/הִנֵּ֥ה	c/2009	HC/Tm	01bz3
8	13	20		חָֽרְב֖וּ	2717 a	HVqp3cp	01VeC
8	13	21		פְּנֵ֥י	6440	HNcbpc	01gEf
8	13	22		הָֽ/אֲדָמָֽה	d/127	HTd/Ncfsa	011Vr
8	14	1		וּ/בַ/חֹ֨דֶשׁ֙	c/b/2320	HC/Rd/Ncmsa	01gUg
8	14	2		הַ/שֵּׁנִ֔י	d/8145	HTd/Aomsa	01xr5
8	14	3		בְּ/שִׁבְעָ֧ה	b/7651	HR/Acmsa	01G11
8	14	4		וְ/עֶשְׂרִ֛ים	c/6242	HC/Acbpa	01D9v
8	14	5		י֖וֹם	3117	HNcmsa	01ZoM
8	14	6		לַ/חֹ֑דֶשׁ	l/2320	HRd/Ncmsa	01bCV
8	14	7		יָבְשָׁ֖ה	3001	HVqp3fs	01fVR
8	14	8		הָ/אָֽרֶץ	d/776	HTd/Ncbsa	01aDa
8	15	1		וַ/יְדַבֵּ֥ר	c/1696	HC/Vpw3ms	01ZXK
8	15	2		אֱלֹהִ֖ים	430	HNcmpa	01frz
8	15	3		אֶל	413	HR	01EPL
8	15	4		נֹ֥חַ	5146	HNp	01zXD
8	15	5		לֵ/אמֹֽר	l/559	HR/Vqc	014tD
8	16	1		צֵ֖א	3318	HVqv2ms	0164m
8	16	2		מִן	4480 a	HR	01juf
8	16	3		הַ/תֵּבָ֑ה	d/8392	HTd/Ncfsa	011Wx
8	16	4		אַתָּ֕ה	859 a	HPp2ms	01FjT
8	16	5		וְ/אִשְׁתְּ/ךָ֛	c/802	HC/Ncfsc/Sp2ms	01fFL
8	16	6		וּ/בָנֶ֥י/ךָ	c/1121 a	HC/Ncmpc/Sp2ms	01iyy
8	16	7		וּ/נְשֵֽׁי	c/802	HC/Ncfpc	01fXN
8	16	8		בָנֶ֖י/ךָ	1121 a	HNcmpc/Sp2ms	01L79
8	16	9		אִתָּֽ/ךְ	854	HR/Sp2fs	012g9
8	17	1		כָּל	3605	HNcmsc	01PUa
8	17	2		הַ/חַיָּ֨ה	d/2416 c	HTd/Ncfsa	01r3q
8	17	3		אֲשֶֽׁר	834 a	HTr	01i7e
8	17	4		אִתְּ/ךָ֜	854	HR/Sp2ms	01Mem
8	17	5		מִ/כָּל	m/3605	HR/Ncmsc	01wNK
8	17	6		בָּשָׂ֗ר	1320	HNcmsa	01bwY
8	17	7		בָּ/ע֧וֹף	b/5775	HRd/Ncmsa	015e6
8	17	8		וּ/בַ/בְּהֵמָ֛ה	c/b/929	HC/Rd/Ncfsa	01yr6
8	17	9		וּ/בְ/כָל	c/b/3605	HC/R/Ncmsc	01ckn
8	17	10		הָ/רֶ֛מֶשׂ	d/7431	HTd/Ncmsa	01vA4
8	17	11		הָ/רֹמֵ֥שׂ	d/7430	HTd/Vqrmsa	01KEn
8	17	12		עַל	5921 a	HR	01cPC
8	17	13		הָ/אָ֖רֶץ	d/776	HTd/Ncbsa	01Eoc
8	17	14	x-ketiv	הוצא	3318	HVhv2ms	01Pdv
8	17	15		הַיְצֵ֣א	3318	HVhv2ms	01S7t
8	17	16		אִתָּ֑/ךְ	854	HR/Sp2fs	018F2
8	17	17		וְ/שָֽׁרְצ֣וּ	c/8317	HC/Vqq3cp	01T2K
8	17	18		בָ/אָ֔רֶץ	b/776	HRd/Ncbsa	01ouG
8	17	19		וּ/פָר֥וּ	c/6509	HC/Vqq3cp	01xxG
8	17	20		וְ/רָב֖וּ	c/7235 a	HC/Vqq3cp	01vin
8	17	21		עַל	5921 a	HR	01KSD
8	17	22		הָ/אָֽרֶץ	d/776	HTd/Ncbsa	01Eiv
8	18	1		וַ/יֵּ֖צֵא	c/3318	HC/Vqw3ms	01xpK
8	18	2		נֹ֑חַ	5146	HNp	01Nix
8	18	3		וּ/בָנָ֛י/ו	c/1121 a	HC/Ncmpc/Sp3ms	01q1J
8	18	4		וְ/אִשְׁתּ֥/וֹ	c/802	HC/Ncfsc/Sp3ms	01Vg9
8	18	5		וּ/נְשֵֽׁי	c/802	HC/Ncfpc	01642
8	18	6		בָנָ֖י/ו	1121 a	HNcmpc/Sp3ms	01sWs
8	18	7		אִתּֽ/וֹ	854	HR/Sp3ms	01mUy
8	19	1		כָּל	3605	HNcmsc	01v3c
8	19	2		הַֽ/חַיָּ֗ה	d/2416 c	HTd/Ncfsa	01m6p
8	19	3		כָּל	3605	HNcmsc	01BZu
8	19	4		הָ/רֶ֨מֶשׂ֙	d/7431	HTd/Ncmsa	01bwe
8	19	5		וְ/כָל	c/3605	HC/Ncmsc	01AWj
8	19	6		הָ/ע֔וֹף	d/5775	HTd/Ncmsa	01z96
8	19	7		כֹּ֖ל	3605	HNcmsa	01ufK
8	19	8		רוֹמֵ֣שׂ	7430	HVqrmsa	013CT
8	19	9		עַל	5921 a	HR	01Uhd
8	19	10		הָ/אָ֑רֶץ	d/776	HTd/Ncbsa	011i2
8	19	11		לְ/מִשְׁפְּחֹ֣תֵי/הֶ֔ם	l/4940	HR/Ncfpc/Sp3mp	01Lzv
8	19	12		יָצְא֖וּ	3318	HVqp3cp	01Lun
8	19	13		מִן	4480 a	HR	01PbF
8	19	14		הַ/תֵּבָֽה	d/8392	HTd/Ncfsa	01suR
8	20	1		וַ/יִּ֥בֶן	c/1129	HC/Vqw3ms	01LXw
8	20	2		נֹ֛חַ	5146	HNp	01una
8	20	3		מִזְבֵּ֖חַ	4196	HNcmsa	01em6
8	20	4		לַֽ/יהוָ֑ה	l/3068	HR/Np	01157
8	20	5		וַ/יִּקַּ֞ח	c/3947	HC/Vqw3ms	01quT
8	20	6		מִ/כֹּ֣ל	m/3605	HR/Ncmsc	016Vo
8	20	7		הַ/בְּהֵמָ֣ה	d/929	HTd/Ncfsa	01E91
8	20	8		הַ/טְּהוֹרָ֗ה	d/2889	HTd/Aafsa	013Cf
8	20	9		וּ/מִ/כֹּל֙	c/m/3605	HC/R/Ncmsc	01bsi
8	20	10		הָ/ע֣וֹף	d/5775	HTd/Ncmsa	01MWq
8	20	11		הַ/טָּהֹ֔ר	d/2889	HTd/Aamsa	0134f
8	20	12		וַ/יַּ֥עַל	c/5927	HC/Vhw3ms	01aVY
8	20	13		עֹלֹ֖ת	5930 a	HNcfpa	01hNg
8	20	14		בַּ/מִּזְבֵּֽחַ	b/4196	HRd/Ncmsa	01G8o
8	21	1		וַ/יָּ֣רַח	c/7306	HC/Vhw3ms	013Gd
8	21	2		יְהוָה֮	3068	HNp	01iWk
8	21	3		אֶת	853	HTo	01mCg
8	21	4		רֵ֣יחַ	7381	HNcmsc	01tq2
8	21	5		הַ/נִּיחֹחַ֒	d/5207	HTd/Ncmsa	01V3N
8	21	6		וַ/יֹּ֨אמֶר	c/559	HC/Vqw3ms	01hKH
8	21	7		יְהוָ֜ה	3068	HNp	01NHj
8	21	8		אֶל	413	HR	01Pym
8	21	9		לִבּ֗/וֹ	3820 a	HNcmsc/Sp3ms	01D5E
8	21	10		לֹֽא	3808	HTn	01rsU
8	21	11		אֹ֠סִף	3254	HVhi1cs	01nrb
8	21	12		לְ/קַלֵּ֨ל	l/7043	HR/Vpc	01hgT
8	21	13		ע֤וֹד	5750	HD	01ycN
8	21	14		אֶת	853	HTo	018Zr
8	21	15		הָֽ/אֲדָמָה֙	d/127	HTd/Ncfsa	01Lrg
8	21	16		בַּ/עֲב֣וּר	b/5668	HR/Ncmsc	011L6
8	21	17		הָֽ/אָדָ֔ם	d/120	HTd/Ncmsa	01159
8	21	18		כִּ֠י	3588 a	HC	01yeC
8	21	19		יֵ֣צֶר	3336	HNcmsc	01Wj8
8	21	20		לֵ֧ב	3820 a	HNcmsc	01reX
8	21	21		הָ/אָדָ֛ם	d/120	HTd/Ncmsa	01Lng
8	21	22		רַ֖ע	7451 a	HAamsa	01CzS
8	21	23		מִ/נְּעֻרָ֑י/ו	m/5271 a	HR/Ncbpc/Sp3ms	01RCv
8	21	24		וְ/לֹֽא	c/3808	HC/Tn	01x1h
8	21	25		אֹסִ֥ף	3254	HVhi1cs	01YBK
8	21	26		ע֛וֹד	5750	HD	01GL3
8	21	27		לְ/הַכּ֥וֹת	l/5221	HR/Vhc	01r2t
8	21	28		אֶת	853	HTo	01rWe
8	21	29		כָּל	3605	HNcmsc	01zto
8	21	30		חַ֖י	2416 a	HAamsa	01pCR
8	21	31		כַּֽ/אֲשֶׁ֥ר	k/834 d	HR/Tr	017YV
8	21	32		עָשִֽׂיתִי	6213 a	HVqp1cs	01K4a
8	22	1		עֹ֖ד	5750	HD	01N17
8	22	2		כָּל	3605	HNcmsc	013Nb
8	22	3		יְמֵ֣י	3117	HNcmpc	01AES
8	22	4		הָ/אָ֑רֶץ	d/776	HTd/Ncbsa	01hh3
8	22	5		זֶ֡רַע	2233	HNcmsa	018xp
8	22	6		וְ֠/קָצִיר	c/7105 a	HC/Ncmsa	01wfD
8	22	7		וְ/קֹ֨ר	c/7120	HC/Ncmsa	01Lka
8	22	8		וָ/חֹ֜ם	c/2527	HC/Ncmsa	01irT
8	22	9		וְ/קַ֧יִץ	c/7019	HC/Ncmsa	0122j
8	22	10		וָ/חֹ֛רֶף	c/2779	HC/Ncmsa	012eE
8	22	11		וְ/י֥וֹם	c/3117	HC/Ncmsa	01sGR
8	22	12		וָ/לַ֖יְלָה	c/3915	HC/Ncmsa	01FKm
8	22	13		לֹ֥א	3808	HTn	01eb4
8	22	14		יִשְׁבֹּֽתוּ	7673 a	HVqi3mp	01fqb
9	1	1		וַ/יְבָ֣רֶךְ	c/1288	HC/Vpw3ms	01DUs
9	1	2		אֱלֹהִ֔ים	430	HNcmpa	01NwS
9	1	3		אֶת	853	HTo	01SdY
9	1	4		נֹ֖חַ	5146	HNp	011bU
9	1	5		וְ/אֶת	c/853	HC/To	01jno
9	1	6		בָּנָ֑י/ו	1121 a	HNcmpc/Sp3ms	01E7d
9	1	7		וַ/יֹּ֧אמֶר	c/559	HC/Vqw3ms	01z2B
9	1	8		לָ/הֶ֛ם	l	HR/Sp3mp	01WGp
9	1	9		פְּר֥וּ	6509	HVqv2mp	01CRu
9	1	10		וּ/רְב֖וּ	c/7235 a	HC/Vqv2mp	01fwL
9	1	11		וּ/מִלְא֥וּ	c/4390	HC/Vqv2mp	01FAr
9	1	12		אֶת	853	HTo	01TtK
9	1	13		הָ/אָֽרֶץ	d/776	HTd/Ncbsa	01Bqs
9	2	1		וּ/מוֹרַאֲ/כֶ֤ם	c/4172 a	HC/Ncmsc/Sp2mp	01UA1
9	2	2		וְ/חִתְּ/כֶם֙	c/2844 a	HC/Ncmsc/Sp2mp	01gLR
9	2	3		יִֽהְיֶ֔ה	1961	HVqi3ms	01T3A
9	2	4		עַ֚ל	5921 a	HR	01tvs
9	2	5		כָּל	3605	HNcmsc	01gbJ
9	2	6		חַיַּ֣ת	2416 c	HNcfsc	01pr6
9	2	7		הָ/אָ֔רֶץ	d/776	HTd/Ncbsa	01T9M
9	2	8		וְ/עַ֖ל	c/5921 a	HC/R	01P1q
9	2	9		כָּל	3605	HNcmsc	01LYS
9	2	10		ע֣וֹף	5775	HNcmsc	01SKN
9	2	11		הַ/שָּׁמָ֑יִם	d/8064	HTd/Ncmpa	01BbD
9	2	12		בְּ/כֹל֩	b/3605	HR/Ncmsa	01VEJ
9	2	13		אֲשֶׁ֨ר	834 a	HTr	01yhg
9	2	14		תִּרְמֹ֧שׂ	7430	HVqi3fs	01T7C
9	2	15		הָֽ/אֲדָמָ֛ה	d/127	HTd/Ncfsa	01smW
9	2	16		וּֽ/בְ/כָל	c/b/3605	HC/R/Ncmsc	01DB1
9	2	17		דְּגֵ֥י	1709	HNcmpc	01Uz3
9	2	18		הַ/יָּ֖ם	d/3220	HTd/Ncmsa	017xd
9	2	19		בְּ/יֶדְ/כֶ֥ם	b/3027	HR/Ncbsc/Sp2mp	01We7
9	2	20		נִתָּֽנוּ	5414	HVNp3cp	01ab8
9	3	1		כָּל	3605	HNcmsc	01umg
9	3	2		רֶ֨מֶשׂ֙	7431	HNcmsa	01DQn
9	3	3		אֲשֶׁ֣ר	834 a	HTr	01Pv1
9	3	4		הוּא	1931	HPp3ms	01qti
9	3	5		חַ֔י	2416 a	HAamsa	01y7b
9	3	6		לָ/כֶ֥ם	l	HR/Sp2mp	01mPV
9	3	7		יִהְיֶ֖ה	1961	HVqi3ms	01X7Q
9	3	8		לְ/אָכְלָ֑ה	l/402	HR/Ncfsa	01Ls7
9	3	9		כְּ/יֶ֣רֶק	k/3418	HR/Ncmsa	01pbK
9	3	10		עֵ֔שֶׂב	6212	HNcmsa	01bd9
9	3	11		נָתַ֥תִּי	5414	HVqp1cs	0166B
9	3	12		לָ/כֶ֖ם	l	HR/Sp2mp	01UxB
9	3	13		אֶת	853	HTo	01EQ6
9	3	14		כֹּֽל	3605	HNcmsa	01Hsg
9	4	1		אַךְ	389	HTa	01CV5
9	4	2		בָּשָׂ֕ר	1320	HNcmsa	01KuH
9	4	3		בְּ/נַפְשׁ֥/וֹ	b/5315	HR/Ncbsc/Sp3ms	01174
9	4	4		דָמ֖/וֹ	1818	HNcmsc/Sp3ms	01Nyn
9	4	5		לֹ֥א	3808	HTn	01L6v
9	4	6		תֹאכֵֽלוּ	398	HVqi2mp	01mn4
9	5	1		וְ/אַ֨ךְ	c/389	HC/D	01Sga
9	5	2		אֶת	853	HTo	01zPm
9	5	3		דִּמְ/כֶ֤ם	1818	HNcmsc/Sp2mp	01dP1
9	5	4		לְ/נַפְשֹֽׁתֵי/כֶם֙	l/5315	HR/Ncbpc/Sp2mp	01G4w
9	5	5		אֶדְרֹ֔שׁ	1875	HVqi1cs	01bsJ
9	5	6		מִ/יַּ֥ד	m/3027	HR/Ncbsc	01WFx
9	5	7		כָּל	3605	HNcmsc	01fnp
9	5	8		חַיָּ֖ה	2416 c	HNcfsa	0131T
9	5	9		אֶדְרְשֶׁ֑/נּוּ	1875	HVqi1cs/Sp3ms	01CPt
9	5	10		וּ/מִ/יַּ֣ד	c/m/3027	HC/R/Ncbsc	01beX
9	5	11		הָֽ/אָדָ֗ם	d/120	HTd/Ncmsa	01RAc
9	5	12		מִ/יַּד֙	m/3027	HR/Ncbsc	011AV
9	5	13		אִ֣ישׁ	376	HNcmsc	014TA
9	5	14		אָחִ֔י/ו	251	HNcmsc/Sp3ms	01Dxr
9	5	15		אֶדְרֹ֖שׁ	1875	HVqi1cs	01Xre
9	5	16		אֶת	853	HTo	019xv
9	5	17		נֶ֥פֶשׁ	5315	HNcbsc	01wci
9	5	18		הָֽ/אָדָֽם	d/120	HTd/Ncmsa	01MpA
9	6	1		שֹׁפֵךְ֙	8210	HVqrmsc	01Una
9	6	2		דַּ֣ם	1818	HNcmsc	01jgC
9	6	3		הָֽ/אָדָ֔ם	d/120	HTd/Ncmsa	01EC9
9	6	4		בָּֽ/אָדָ֖ם	b/120	HRd/Ncmsa	01Ati
9	6	5		דָּמ֣/וֹ	1818	HNcmsc/Sp3ms	01BDF
9	6	6		יִשָּׁפֵ֑ךְ	8210	HVNi3ms	01cw6
9	6	7		כִּ֚י	3588 a	HC	01xcg
9	6	8		בְּ/צֶ֣לֶם	b/6754	HR/Ncmsc	013hZ
9	6	9		אֱלֹהִ֔ים	430	HNcmpa	01Gh2
9	6	10		עָשָׂ֖ה	6213 a	HVqp3ms	01tTX
9	6	11		אֶת	853	HTo	01Khz
9	6	12		הָ/אָדָֽם	d/120	HTd/Ncmsa	01A9P
9	7	1		וְ/אַתֶּ֖ם	c/859 d	HC/Pp2mp	01kHE
9	7	2		פְּר֣וּ	6509	HVqv2mp	013yK
9	7	3		וּ/רְב֑וּ	c/7235 a	HC/Vqv2mp	018ib
9	7	4		שִׁרְצ֥וּ	8317	HVqv2mp	01cZW
9	7	5		בָ/אָ֖רֶץ	b/776	HRd/Ncbsa	01qur
9	7	6		וּ/רְבוּ	c/7235 a	HC/Vqv2mp	01kHk
9	7	7		בָֽ/הּ	b	HR/Sp3fs	016Dh
9	8	1		וַ/יֹּ֤אמֶר	c/559	HC/Vqw3ms	01oAs
9	8	2		אֱלֹהִים֙	430	HNcmpa	019eG
9	8	3		אֶל	413	HR	01PZV
9	8	4		נֹ֔חַ	5146	HNp	01GDR
9	8	5		וְ/אֶל	c/413	HC/R	0183x
9	8	6		בָּנָ֥י/ו	1121 a	HNcmpc/Sp3ms	01JGH
9	8	7		אִתּ֖/וֹ	854	HR/Sp3ms	01XV5
9	8	8		לֵ/אמֹֽר	l/559	HR/Vqc	019Xx
9	9	1		וַ/אֲנִ֕י	c/589	HC/Pp1cs	01hrb
9	9	2		הִנְנִ֥/י	2005	HTj/Sp1cs	011hG
9	9	3		מֵקִ֛ים	6965 b	HVhrmsa	01qmG
9	9	4		אֶת	853	HTo	01VX8
9	9	5		בְּרִיתִ֖/י	1285	HNcfsc/Sp1cs	019yf
9	9	6		אִתְּ/כֶ֑ם	854	HR/Sp2mp	014wk
9	9	7		וְ/אֶֽת	c/854	HC/R	01wip
9	9	8		זַרְעֲ/כֶ֖ם	2233	HNcmsc/Sp2mp	01cyY
9	9	9		אַֽחֲרֵי/כֶֽם	310 a	HR/Sp2mp	01vHx
9	10	1		וְ/אֵ֨ת	c/854	HC/R	01FX1
9	10	2		כָּל	3605	HNcmsc	01eb2
9	10	3		נֶ֤פֶשׁ	5315	HNcbsc	01c6H
9	10	4		הַֽ/חַיָּה֙	d/2416 a	HTd/Aafsa	01aZW
9	10	5		אֲשֶׁ֣ר	834 a	HTr	015aX
9	10	6		אִתְּ/כֶ֔ם	854	HR/Sp2mp	01U87
9	10	7		בָּ/ע֧וֹף	b/5775	HRd/Ncmsa	01NqP
9	10	8		בַּ/בְּהֵמָ֛ה	b/929	HRd/Ncfsa	01mnj
9	10	9		וּֽ/בְ/כָל	c/b/3605	HC/R/Ncmsc	013KS
9	10	10		חַיַּ֥ת	2416 c	HNcfsc	01MZD
9	10	11		הָ/אָ֖רֶץ	d/776	HTd/Ncbsa	018qW
9	10	12		אִתְּ/כֶ֑ם	854	HR/Sp2mp	01FvR
9	10	13		מִ/כֹּל֙	m/3605	HR/Ncmsc	01G9D
9	10	14		יֹצְאֵ֣י	3318	HVqrmpc	01VL7
9	10	15		הַ/תֵּבָ֔ה	d/8392	HTd/Ncfsa	016Zy
9	10	16		לְ/כֹ֖ל	l/3605	HR/Ncmsc	01S9D
9	10	17		חַיַּ֥ת	2416 c	HNcfsc	01PJd
9	10	18		הָ/אָֽרֶץ	d/776	HTd/Ncbsa	01nWN
9	11	1		וַ/הֲקִמֹתִ֤י	c/6965 b	HC/Vhq1cs	01Jus
9	11	2		אֶת	853	HTo	01WyJ
9	11	3		בְּרִיתִ/י֙	1285	HNcfsc/Sp1cs	01AS9
9	11	4		אִתְּ/כֶ֔ם	854	HR/Sp2mp	01Kp3
9	11	5		וְ/לֹֽא	c/3808	HC/Tn	019db
9	11	6		יִכָּרֵ֧ת	3772	HVNi3ms	01o7X
9	11	7		כָּל	3605	HNcmsc	01WoY
9	11	8		בָּשָׂ֛ר	1320	HNcmsa	011bu
9	11	9		ע֖וֹד	5750	HD	01cWZ
9	11	10		מִ/מֵּ֣י	m/4325	HR/Ncmpc	01c5u
9	11	11		הַ/מַּבּ֑וּל	d/3999	HTd/Ncmsa	01LeR
9	11	12		וְ/לֹֽא	c/3808	HC/Tn	01vkF
9	11	13		יִהְיֶ֥ה	1961	HVqi3ms	01skP
9	11	14		ע֛וֹד	5750	HD	01MnR
9	11	15		מַבּ֖וּל	3999	HNcmsa	016Ze
9	11	16		לְ/שַׁחֵ֥ת	l/7843	HR/Vpc	01oeq
9	11	17		הָ/אָֽרֶץ	d/776	HTd/Ncbsa	01XJ4
9	12	1		וַ/יֹּ֣אמֶר	c/559	HC/Vqw3ms	01VLE
9	12	2		אֱלֹהִ֗ים	430	HNcmpa	01RRT
9	12	3		זֹ֤את	2063	HPdxfs	011WQ
9	12	4		אֽוֹת	226	HNcbsc	01GpM
9	12	5		הַ/בְּרִית֙	d/1285	HTd/Ncfsa	01sbU
9	12	6		אֲשֶׁר	834 a	HTr	01WbS
9	12	7		אֲנִ֣י	589	HPp1cs	01JSM
9	12	8		נֹתֵ֗ן	5414	HVqrmsa	01LLT
9	12	9		בֵּינִ/י֙	996	HR/Sp1cs	019QD
9	12	10		וּ/בֵ֣ינֵי/כֶ֔ם	c/996	HC/R/Sp2mp	01Wuu
9	12	11		וּ/בֵ֛ין	c/996	HC/R	01Pyy
9	12	12		כָּל	3605	HNcmsc	01pqj
9	12	13		נֶ֥פֶשׁ	5315	HNcbsa	012yD
9	12	14		חַיָּ֖ה	2416 a	HAafsa	01ydy
9	12	15		אֲשֶׁ֣ר	834 a	HTr	01Au7
9	12	16		אִתְּ/כֶ֑ם	854	HR/Sp2mp	01GwZ
9	12	17		לְ/דֹרֹ֖ת	l/1755	HR/Ncmpc	01dXD
9	12	18		עוֹלָֽם	5769	HNcmsa	013Wn
9	13	1		אֶת	853	HTo	016dK
9	13	2		קַשְׁתִּ֕/י	7198	HNcfsc/Sp1cs	01sKp
9	13	3		נָתַ֖תִּי	5414	HVqp1cs	01icY
9	13	4		בֶּֽ/עָנָ֑ן	b/6051	HRd/Ncmsa	01bVT
9	13	5		וְ/הָֽיְתָה֙	c/1961	HC/Vqq3fs	01Vdb
9	13	6		לְ/א֣וֹת	l/226	HR/Ncbsc	01GEn
9	13	7		בְּרִ֔ית	1285	HNcfsa	01JcF
9	13	8		בֵּינִ֖/י	996	HR/Sp1cs	01GWd
9	13	9		וּ/בֵ֥ין	c/996	HC/R	01S7b
9	13	10		הָ/אָֽרֶץ	d/776	HTd/Ncbsa	01FMA
9	14	1		וְ/הָיָ֕ה	c/1961	HC/Vqq3ms	017jb
9	14	2		בְּ/עַֽנְנִ֥/י	b/6049 a	HR/Vpc/Sp1cs	01acY
9	14	3		עָנָ֖ן	6051	HNcmsa	01kuq
9	14	4		עַל	5921 a	HR	0176D
9	14	5		הָ/אָ֑רֶץ	d/776	HTd/Ncbsa	01sYV
9	14	6		וְ/נִרְאֲתָ֥ה	c/7200	HC/VNq3fs	01fgo
9	14	7		הַ/קֶּ֖שֶׁת	d/7198	HTd/Ncfsa	01C3i
9	14	8		בֶּ/עָנָֽן	b/6051	HRd/Ncmsa	01K31
9	15	1		וְ/זָכַרְתִּ֣י	c/2142	HC/Vqq1cs	01Mxg
9	15	2		אֶת	853	HTo	01UVY
9	15	3		בְּרִיתִ֗/י	1285	HNcfsc/Sp1cs	01ive
9	15	4		אֲשֶׁ֤ר	834 a	HTr	01m9N
9	15	5		בֵּינִ/י֙	996	HR/Sp1cs	01Gyf
9	15	6		וּ/בֵ֣ינֵי/כֶ֔ם	c/996	HC/R/Sp2mp	01j6U
9	15	7		וּ/בֵ֛ין	c/996	HC/R	01T8G
9	15	8		כָּל	3605	HNcmsc	01h69
9	15	9		נֶ֥פֶשׁ	5315	HNcbsa	01Hpm
9	15	10		חַיָּ֖ה	2416 a	HAafsa	01U2e
9	15	11		בְּ/כָל	b/3605	HR/Ncmsc	01UaK
9	15	12		בָּשָׂ֑ר	1320	HNcmsa	01FLe
9	15	13		וְ/לֹֽא	c/3808	HC/Tn	01TjF
9	15	14		יִֽהְיֶ֨ה	1961	HVqi3ms	01tFS
9	15	15		ע֤וֹד	5750	HD	01wv4
9	15	16		הַ/מַּ֨יִם֙	d/4325	HTd/Ncmpa	011QE
9	15	17		לְ/מַבּ֔וּל	l/3999	HR/Ncmsa	01HFk
9	15	18		לְ/שַׁחֵ֖ת	l/7843	HR/Vpc	01bMt
9	15	19		כָּל	3605	HNcmsc	01fjp
9	15	20		בָּשָֽׂר	1320	HNcmsa	01hSe
9	16	1		וְ/הָיְתָ֥ה	c/1961	HC/Vqq3fs	01JDi
9	16	2		הַ/קֶּ֖שֶׁת	d/7198	HTd/Ncfsa	01pLR
9	16	3		בֶּֽ/עָנָ֑ן	b/6051	HRd/Ncmsa	01UUk
9	16	4		וּ/רְאִיתִ֗י/הָ	c/7200	HC/Vqq1cs/Sp3fs	01FGD
9	16	5		לִ/זְכֹּר֙	l/2142	HR/Vqc	01cjX
9	16	6		בְּרִ֣ית	1285	HNcfsc	01BD2
9	16	7		עוֹלָ֔ם	5769	HNcmsa	01fQf
9	16	8		בֵּ֣ין	996	HR	01cFY
9	16	9		אֱלֹהִ֔ים	430	HNcmpa	01czF
9	16	10		וּ/בֵין֙	c/996	HC/R	01BK6
9	16	11		כָּל	3605	HNcmsc	01drG
9	16	12		נֶ֣פֶשׁ	5315	HNcbsa	01tUv
9	16	13		חַיָּ֔ה	2416 a	HAafsa	01VQ4
9	16	14		בְּ/כָל	b/3605	HR/Ncmsc	01S5J
9	16	15		בָּשָׂ֖ר	1320	HNcmsa	01bwb
9	16	16		אֲשֶׁ֥ר	834 a	HTr	01gNm
9	16	17		עַל	5921 a	HR	01ZtA
9	16	18		הָ/אָֽרֶץ	d/776	HTd/Ncbsa	01u1F
9	17	1		וַ/יֹּ֥אמֶר	c/559	HC/Vqw3ms	01agt
9	17	2		אֱלֹהִ֖ים	430	HNcmpa	01csz
9	17	3		אֶל	413	HR	01wNM
9	17	4		נֹ֑חַ	5146	HNp	01rRN
9	17	5		זֹ֤את	2063	HPdxfs	01Ade
9	17	6		אֽוֹת	226	HNcbsc	01KH4
9	17	7		הַ/בְּרִית֙	d/1285	HTd/Ncfsa	01kAt
9	17	8		אֲשֶׁ֣ר	834 a	HTr	01JGi
9	17	9		הֲקִמֹ֔תִי	6965 b	HVhp1cs	01KWf
9	17	10		בֵּינִ֕/י	996	HR/Sp1cs	01mD6
9	17	11		וּ/בֵ֥ין	c/996	HC/R	01xhB
9	17	12		כָּל	3605	HNcmsc	0175Z
9	17	13		בָּשָׂ֖ר	1320	HNcmsa	01vHP
9	17	14		אֲשֶׁ֥ר	834 a	HTr	01CmX
9	17	15		עַל	5921 a	HR	01rpF
9	17	16		הָ/אָֽרֶץ	d/776	HTd/Ncbsa	0117V
9	18	1		וַ/יִּֽהְי֣וּ	c/1961	HC/Vqw3mp	01qbi
9	18	2		בְנֵי	1121 a	HNcmpc	01WH5
9	18	3		נֹ֗חַ	5146	HNp	01Wu9
9	18	4		הַ/יֹּֽצְאִים֙	d/3318	HTd/Vqrmpa	01Wfj
9	18	5		מִן	4480 a	HR	01MRr
9	18	6		הַ/תֵּבָ֔ה	d/8392	HTd/Ncfsa	01d46
9	18	7		שֵׁ֖ם	8035	HNp	01vGY
9	18	8		וְ/חָ֣ם	c/2526	HC/Np	01MDm
9	18	9		וָ/יָ֑פֶת	c/3315	HC/Np	01dCq
9	18	10		וְ/חָ֕ם	c/2526	HC/Np	01cAA
9	18	11		ה֖וּא	1931	HPp3ms	01UYM
9	18	12		אֲבִ֥י	1	HNcmsc	01NZQ
9	18	13		כְנָֽעַן	3667 a	HNp	01afe
9	19	1		שְׁלֹשָׁ֥ה	7969	HAcmsa	01jFT
9	19	2		אֵ֖לֶּה	428	HPdxcp	01VEv
9	19	3		בְּנֵי	1121 a	HNcmpc	01dWK
9	19	4		נֹ֑חַ	5146	HNp	01MeB
9	19	5		וּ/מֵ/אֵ֖לֶּה	c/m/428	HC/R/Pdxcp	01kAx
9	19	6		נָֽפְצָ֥ה	5310 b	HVqp3fs	01cC6
9	19	7		כָל	3605	HNcmsc	01AoQ
9	19	8		הָ/אָֽרֶץ	d/776	HTd/Ncbsa	01TQ4
9	20	1		וַ/יָּ֥חֶל	c/2490 c	HC/Vhw3ms	01pM2
9	20	2		נֹ֖חַ	5146	HNp	01fTE
9	20	3		אִ֣ישׁ	376	HNcmsc	01BxX
9	20	4		הָֽ/אֲדָמָ֑ה	d/127	HTd/Ncfsa	013b7
9	20	5		וַ/יִּטַּ֖ע	c/5193	HC/Vqw3ms	0162B
9	20	6		כָּֽרֶם	3754	HNcbsa	01MnE
9	21	1		וַ/יֵּ֥שְׁתְּ	c/8354	HC/Vqw3ms	015dP
9	21	2		מִן	4480 a	HR	01sJH
9	21	3		הַ/יַּ֖יִן	d/3196	HTd/Ncmsa	01Wke
9	21	4		וַ/יִּשְׁכָּ֑ר	c/7937	HC/Vqw3ms	018Vg
9	21	5		וַ/יִּתְגַּ֖ל	c/1540	HC/Vtw3ms	01NwX
9	21	6		בְּ/ת֥וֹךְ	b/8432	HR/Ncmsc	01VVb
9	21	7		אָהֳלֹֽ/ה	168	HNcmsc/Sp3ms	01BJi
9	22	1		וַ/יַּ֗רְא	c/7200	HC/Vqw3ms	01dp9
9	22	2		חָ֚ם	2526	HNp	01ERi
9	22	3		אֲבִ֣י	1	HNcmsc	01riL
9	22	4		כְנַ֔עַן	3667 a	HNp	01qeW
9	22	5		אֵ֖ת	853	HTo	012Cm
9	22	6		עֶרְוַ֣ת	6172	HNcfsc	01juK
9	22	7		אָבִ֑י/ו	1	HNcmsc/Sp3ms	01CyD
9	22	8		וַ/יַּגֵּ֥ד	c/5046	HC/Vhw3ms	01CuU
9	22	9		לִ/שְׁנֵֽי	l/8147	HR/Acmdc	01fge
9	22	10		אֶחָ֖י/ו	251	HNcmpc/Sp3ms	016Q1
9	22	11		בַּ/חֽוּץ	b/2351	HRd/Ncmsa	01zHR
9	23	1		וַ/יִּקַּח֩	c/3947	HC/Vqw3ms	01tip
9	23	2		שֵׁ֨ם	8035	HNp	01KkZ
9	23	3		וָ/יֶ֜פֶת	c/3315	HC/Np	01hTx
9	23	4		אֶת	853	HTo	01ZqW
9	23	5		הַ/שִּׂמְלָ֗ה	d/8071	HTd/Ncfsa	01kWc
9	23	6		וַ/יָּשִׂ֨ימוּ֙	c/7760 a	HC/Vqw3mp	01gXQ
9	23	7		עַל	5921 a	HR	01qr9
9	23	8		שְׁכֶ֣ם	7926	HNcmsc	01TFW
9	23	9		שְׁנֵי/הֶ֔ם	8147	HAcmdc/Sp3mp	012cg
9	23	10		וַ/יֵּֽלְכוּ֙	c/3212	HC/Vqw3mp	01G6q
9	23	11		אֲחֹ֣רַנִּ֔ית	322	HD	01E2j
9	23	12		וַ/יְכַסּ֕וּ	c/3680	HC/Vpw3mp	01tXV
9	23	13		אֵ֖ת	853	HTo	017Ee
9	23	14		עֶרְוַ֣ת	6172	HNcfsc	014LF
9	23	15		אֲבִי/הֶ֑ם	1	HNcmsc/Sp3mp	018Ur
9	23	16		וּ/פְנֵי/הֶם֙	c/6440	HC/Ncbpc/Sp3mp	01UB3
9	23	17		אֲחֹ֣רַנִּ֔ית	322	HD	015iK
9	23	18		וְ/עֶרְוַ֥ת	c/6172	HC/Ncfsc	01Der
9	23	19		אֲבִי/הֶ֖ם	1	HNcmsc/Sp3mp	01e1m
9	23	20		לֹ֥א	3808	HTn	01JA6
9	23	21		רָאֽוּ	7200	HVqp3cp	01ZJi
9	24	1		וַ/יִּ֥יקֶץ	c/3364	HC/Vqw3ms	01gKV
9	24	2		נֹ֖חַ	5146	HNp	014qd
9	24	3		מִ/יֵּינ֑/וֹ	m/3196	HR/Ncmsc/Sp3ms	01LEv
9	24	4		וַ/יֵּ֕דַע	c/3045	HC/Vqw3ms	01N84
9	24	5		אֵ֛ת	853	HTo	01rBZ
9	24	6		אֲשֶׁר	834 a	HTr	01uki
9	24	7		עָ֥שָׂה	6213 a	HVqp3ms	01uaL
9	24	8		ל֖/וֹ	l	HR/Sp3ms	017ay
9	24	9		בְּנ֥/וֹ	1121 a	HNcmsc/Sp3ms	01VmT
9	24	10		הַ/קָּטָֽן	d/6996 a	HTd/Aamsa	01f8e
9	25	1		וַ/יֹּ֖אמֶר	c/559	HC/Vqw3ms	01rZF
9	25	2		אָר֣וּר	779	HVqsmsa	01HRi
9	25	3		כְּנָ֑עַן	3667 a	HNp	01cpy
9	25	4		עֶ֥בֶד	5650	HNcmsc	01N1Q
9	25	5		עֲבָדִ֖ים	5650	HNcmpa	01g1a
9	25	6		יִֽהְיֶ֥ה	1961	HVqi3ms	01sKY
9	25	7		לְ/אֶחָֽי/ו	l/251	HR/Ncmpc/Sp3ms	01CQw
9	26	1		וַ/יֹּ֕אמֶר	c/559	HC/Vqw3ms	01C3C
9	26	2		בָּר֥וּךְ	1288	HVqsmsa	01bgL
9	26	3		יְהֹוָ֖ה	3068	HNp	01NPP
9	26	4		אֱלֹ֣הֵי	430	HNcmpc	01son
9	26	5		שֵׁ֑ם	8035	HNp	01g5s
9	26	6		וִ/יהִ֥י	c/1961	HC/Vqj3ms	01xyw
9	26	7		כְנַ֖עַן	3667 a	HNp	01UeH
9	26	8		עֶ֥בֶד	5650	HNcmsa	01LdR
9	26	9		לָֽ/מוֹ	l	HR/Sp3mp	01LmR
9	27	1		יַ֤פְתְּ	6601 a	HVhj3ms	01NJs
9	27	2		אֱלֹהִים֙	430	HNcmpa	01AjX
9	27	3		לְ/יֶ֔פֶת	l/3315	HR/Np	014wq
9	27	4		וְ/יִשְׁכֹּ֖ן	c/7931	HC/Vqj3ms	01Xv2
9	27	5		בְּ/אָֽהֳלֵי	b/168	HR/Ncmpc	01sVg
9	27	6		שֵׁ֑ם	8035	HNp	01qDj
9	27	7		וִ/יהִ֥י	c/1961	HC/Vqj3ms	01A47
9	27	8		כְנַ֖עַן	3667 a	HNp	01zoe
9	27	9		עֶ֥בֶד	5650	HNcmsa	01hNP
9	27	10		לָֽ/מוֹ	l	HR/Sp3mp	01vwy
9	28	1		וַֽ/יְחִי	c/2421	HC/Vqw3ms	01grp
9	28	2		נֹ֖חַ	5146	HNp	0162m
9	28	3		אַחַ֣ר	310 a	HR	013iU
9	28	4		הַ/מַּבּ֑וּל	d/3999	HTd/Ncmsa	01VM7
9	28	5		שְׁלֹ֤שׁ	7969	HAcfsa	01MLL
9	28	6		מֵאוֹת֙	3967	HAcbpa	014Gd
9	28	7		שָׁנָ֔ה	8141	HNcfsa	01KJT
9	28	8		וַֽ/חֲמִשִּׁ֖ים	c/2572	HC/Acbpa	01usd
9	28	9		שָׁנָֽה	8141	HNcfsa	011WV
9	29	1		וַ/יִּֽהְיוּ֙	c/1961	HC/Vqw3mp	01BBr
9	29	2		כָּל	3605	HNcmsc	01mUf
9	29	3		יְמֵי	3117	HNcmpc	01KL5
9	29	4		נֹ֔חַ	5146	HNp	01ry1
9	29	5		תְּשַׁ֤ע	8672	HAcfsa	01C5C
9	29	6		מֵאוֹת֙	3967	HAcbpa	01hY2
9	29	7		שָׁנָ֔ה	8141	HNcfsa	01dNn
9	29	8		וַ/חֲמִשִּׁ֖ים	c/2572	HC/Acbpa	01T9N
9	29	9		שָׁנָ֑ה	8141	HNcfsa	01Fig
9	29	10		וַ/יָּמֹֽת	c/4191	HC/Vqw3ms	01h9t
10	1	1		וְ/אֵ֨לֶּה֙	c/428	HC/Pdxcp	016vs
10	1	2		תּוֹלְדֹ֣ת	8435	HNcfpc	01Neq
10	1	3		בְּנֵי	1121 a	HNcmpc	01ESF
10	1	4		נֹ֔חַ	5146	HNp	014Rb
10	1	5		שֵׁ֖ם	8035	HNp	01f3R
10	1	6		חָ֣ם	2526	HNp	01eYe
10	1	7		וָ/יָ֑פֶת	c/3315	HC/Np	01tse
10	1	8		וַ/יִּוָּלְד֥וּ	c/3205	HC/VNw3mp	01T7X
10	1	9		לָ/הֶ֛ם	l	HR/Sp3mp	01Ao9
10	1	10		בָּנִ֖ים	1121 a	HNcmpa	01dNk
10	1	11		אַחַ֥ר	310 a	HR	016Vu
10	1	12		הַ/מַּבּֽוּל	d/3999	HTd/Ncmsa	01UqP
10	2	1		בְּנֵ֣י	1121 a	HNcmpc	01y9h
10	2	2		יֶ֔פֶת	3315	HNp	011wY
10	2	3		גֹּ֣מֶר	1586	HNp	01eab
10	2	4		וּ/מָג֔וֹג	c/4031	HC/Np	01woG
10	2	5		וּ/מָדַ֖י	c/4074	HC/Np	019sB
10	2	6		וְ/יָוָ֣ן	c/3120	HC/Np	01Sgi
10	2	7		וְ/תֻבָ֑ל	c/8422	HC/Np	01CEB
10	2	8		וּ/מֶ֖שֶׁךְ	c/4902	HC/Np	012MH
10	2	9		וְ/תִירָֽס	c/8494	HC/Np	01mz9
10	3	1		וּ/בְנֵ֖י	c/1121 a	HC/Ncmpc	01HHZ
10	3	2		גֹּ֑מֶר	1586	HNp	01JA2
10	3	3		אַשְׁכֲּנַ֥ז	813	HNp	01Scx
10	3	4		וְ/רִיפַ֖ת	c/7384 b	HC/Np	01gFo
10	3	5		וְ/תֹגַרְמָֽה	c/8425	HC/Np	016MJ
10	4	1		וּ/בְנֵ֥י	c/1121 a	HC/Ncmpc	01ybQ
10	4	2		יָוָ֖ן	3120	HNp	0146t
10	4	3		אֱלִישָׁ֣ה	473	HNp	01vWK
10	4	4		וְ/תַרְשִׁ֑ישׁ	c/8659	HC/Np	01B91
10	4	5		כִּתִּ֖ים	3794	HNp	01GeY
10	4	6		וְ/דֹדָנִֽים	c/1721	HC/Np	01WDj
10	5	1		מֵ֠/אֵלֶּה	m/428	HR/Pdxcp	01HnC
10	5	2		נִפְרְד֞וּ	6504	HVNp3cp	01y8y
10	5	3		אִיֵּ֤י	339	HNcmpc	01b5P
10	5	4		הַ/גּוֹיִם֙	d/1471 a	HTd/Ncmpa	01adv
10	5	5		בְּ/אַרְצֹתָ֔/ם	b/776	HR/Ncbpc/Sp3mp	01tpc
10	5	6		אִ֖ישׁ	376	HNcmsa	019g8
10	5	7		לִ/לְשֹׁנ֑/וֹ	l/3956	HR/Ncbsc/Sp3ms	01ud1
10	5	8		לְ/מִשְׁפְּחֹתָ֖/ם	l/4940	HR/Ncfpc/Sp3mp	01ZMC
10	5	9		בְּ/גוֹיֵ/הֶֽם	b/1471 a	HR/Ncmpc/Sp3mp	01EHt
10	6	1		וּ/בְנֵ֖י	c/1121 a	HC/Ncmpc	01YsZ
10	6	2		חָ֑ם	2526	HNp	016p4
10	6	3		כּ֥וּשׁ	3568 a	HNp	013FP
10	6	4		וּ/מִצְרַ֖יִם	c/4714	HC/Np	01GfA
10	6	5		וּ/פ֥וּט	c/6316	HC/Np	01eA1
10	6	6		וּ/כְנָֽעַן	c/3667 a	HC/Np	01cQD
10	7	1		וּ/בְנֵ֣י	c/1121 a	HC/Ncmpc	01RMQ
10	7	2		כ֔וּשׁ	3568 a	HNp	01WdN
10	7	3		סְבָא֙	5434	HNp	01jG1
10	7	4		וַֽ/חֲוִילָ֔ה	c/2341	HC/Np	0185m
10	7	5		וְ/סַבְתָּ֥ה	c/5454	HC/Np	01iMR
10	7	6		וְ/רַעְמָ֖ה	c/7484	HC/Np	013NL
10	7	7		וְ/סַבְתְּכָ֑א	c/5455	HC/Np	01YEU
10	7	8		וּ/בְנֵ֥י	c/1121 a	HC/Ncmpc	01Cch
10	7	9		רַעְמָ֖ה	7484	HNp	01gkB
10	7	10		שְׁבָ֥א	7614	HNp	01Kpe
10	7	11		וּ/דְדָֽן	c/1719 a	HC/Np	017Zk
10	8	1		וְ/כ֖וּשׁ	c/3568 a	HC/Np	01Ajz
10	8	2		יָלַ֣ד	3205	HVqp3ms	01UQk
10	8	3		אֶת	853	HTo	01tfV
10	8	4		נִמְרֹ֑ד	5248	HNp	0143s
10	8	5		ה֣וּא	1931	HPp3ms	01Ghn
10	8	6		הֵחֵ֔ל	2490 c	HVhp3ms	01ZYn
10	8	7		לִֽ/הְי֥וֹת	l/1961	HR/Vqc	019F4
10	8	8		גִּבֹּ֖ר	1368	HAamsa	0162h
10	8	9		בָּ/אָֽרֶץ	b/776	HRd/Ncbsa	01huk
10	9	1		הֽוּא	1931	HPp3ms	01UDk
10	9	2		הָיָ֥ה	1961	HVqp3ms	01QuN
10	9	3		גִבֹּֽר	1368	HAamsc	01VQo
10	9	4		צַ֖יִד	6718 a	HNcmsa	017dP
10	9	5		לִ/פְנֵ֣י	l/6440	HR/Ncbpc	01CUv
10	9	6		יְהוָ֑ה	3068	HNp	01JqX
10	9	7		עַל	5921 a	HR	01iVc
10	9	8		כֵּן֙	3651 c	HTm	01z3B
10	9	9		יֵֽאָמַ֔ר	559	HVNi3ms	01GFA
10	9	10		כְּ/נִמְרֹ֛ד	k/5248	HR/Np	01Wq6
10	9	11		גִּבּ֥וֹר	1368	HAamsc	01hEi
10	9	12		צַ֖יִד	6718 a	HNcmsa	01NJx
10	9	13		לִ/פְנֵ֥י	l/6440	HR/Ncbpc	01YXv
10	9	14		יְהוָֽה	3068	HNp	01dTc
10	10	1		וַ/תְּהִ֨י	c/1961	HC/Vqw3fs	013yW
10	10	2		רֵאשִׁ֤ית	7225	HNcfsc	011Xj
10	10	3		מַמְלַכְתּ/וֹ֙	4467	HNcfsc/Sp3ms	01gCC
10	10	4		בָּבֶ֔ל	894	HNp	01nPn
10	10	5		וְ/אֶ֖רֶךְ	c/751	HC/Np	01men
10	10	6		וְ/אַכַּ֣ד	c/390	HC/Np	01Uos
10	10	7		וְ/כַלְנֵ֑ה	c/3641 a	HC/Np	01gzF
10	10	8		בְּ/אֶ֖רֶץ	b/776	HR/Ncbsc	01z6v
10	10	9		שִׁנְעָֽר	8152	HNp	01o1v
10	11	1		מִן	4480 a	HR	018kX
10	11	2		הָ/אָ֥רֶץ	d/776	HTd/Ncbsa	01VLR
10	11	3		הַ/הִ֖וא	d/1931	HTd/Pp3fs	01PN4
10	11	4		יָצָ֣א	3318	HVqp3ms	01T6a
10	11	5		אַשּׁ֑וּר	804	HNp	01ywW
10	11	6		וַ/יִּ֨בֶן֙	c/1129	HC/Vqw3ms	01aNz
10	11	7		אֶת	853	HTo	01f9a
10	11	8		נִ֣ינְוֵ֔ה	5210	HNp	0165i
10	11	9		וְ/אֶת	c/853	HC/To	01fh4
10	11	10		רְחֹבֹ֥ת	7344	HNp	01Zxj
10	11	11		עִ֖יר	5892 b	HNp	01byd
10	11	12		וְ/אֶת	c/853	HC/To	014Ma
10	11	13		כָּֽלַח	3625	HNp	01gyw
10	12	1		וְֽ/אֶת	c/853	HC/To	01M2C
10	12	2		רֶ֔סֶן	7449	HNp	01CL8
10	12	3		בֵּ֥ין	996	HR	01uZX
10	12	4		נִֽינְוֵ֖ה	5210	HNp	01NYw
10	12	5		וּ/בֵ֣ין	c/996	HC/R	01NKz
10	12	6		כָּ֑לַח	3625	HNp	01V99
10	12	7		הִ֖וא	1931	HPp3fs	01o3Y
10	12	8		הָ/עִ֥יר	d/5892 b	HTd/Ncfsa	01n3z
10	12	9		הַ/גְּדֹלָֽה	d/1419 a	HTd/Aafsa	01hkq
10	13	1		וּ/מִצְרַ֡יִם	c/4714	HC/Np	01vp6
10	13	2		יָלַ֞ד	3205	HVqp3ms	01NvP
10	13	3		אֶת	853	HTo	01ciJ
10	13	4		לוּדִ֧ים	3866	HNgmpa	015L4
10	13	5		וְ/אֶת	c/853	HC/To	01i2j
10	13	6		עֲנָמִ֛ים	6047	HNgmpa	01YPx
10	13	7		וְ/אֶת	c/853	HC/To	01FHp
10	13	8		לְהָבִ֖ים	3853	HNgmpa	01AKQ
10	13	9		וְ/אֶת	c/853	HC/To	01c7n
10	13	10		נַפְתֻּחִֽים	5320	HNgmpa	01qqw
10	14	1		וְֽ/אֶת	c/853	HC/To	01tnE
10	14	2		פַּתְרֻסִ֞ים	6625	HNgmpa	01M4D
10	14	3		וְ/אֶת	c/853	HC/To	01kz5
10	14	4		כַּסְלֻחִ֗ים	3695	HNgmpa	011Pz
10	14	5		אֲשֶׁ֨ר	834 a	HTr	01fz6
10	14	6		יָצְא֥וּ	3318	HVqp3cp	01EX2
10	14	7		מִ/שָּׁ֛ם	m/8033	HR/D	01j2V
10	14	8		פְּלִשְׁתִּ֖ים	6430	HNgmpa	019Bj
10	14	9		וְ/אֶת	c/853	HC/To	014gZ
10	14	10		כַּפְתֹּרִֽים	3732	HNgmpa	01Zbw
10	15	1		וּ/כְנַ֗עַן	c/3667 a	HC/Np	01dMH
10	15	2		יָלַ֛ד	3205	HVqp3ms	01agv
10	15	3		אֶת	853	HTo	01n4g
10	15	4		צִידֹ֥ן	6721	HNp	01JoF
10	15	5		בְּכֹר֖/וֹ	1060	HNcmsc/Sp3ms	01f82
10	15	6		וְ/אֶת	c/853	HC/To	01YnB
10	15	7		חֵֽת	2845	HNp	01wpu
10	16	1		וְ/אֶת	c/853	HC/To	01E97
10	16	2		הַ/יְבוּסִי֙	d/2983	HTd/Ngmsa	019vy
10	16	3		וְ/אֶת	c/853	HC/To	01q1D
10	16	4		הָ֣/אֱמֹרִ֔י	d/567	HTd/Ngmsa	01RyE
10	16	5		וְ/אֵ֖ת	c/853	HC/To	01iBM
10	16	6		הַ/גִּרְגָּשִֽׁי	d/1622	HTd/Ngmsa	01HhJ
10	17	1		וְ/אֶת	c/853	HC/To	01H6z
10	17	2		הַֽ/חִוִּ֥י	d/2340	HTd/Ngmsa	01UDW
10	17	3		וְ/אֶת	c/853	HC/To	01TRf
10	17	4		הַֽ/עַרְקִ֖י	d/6208	HTd/Ngmsa	01LcF
10	17	5		וְ/אֶת	c/853	HC/To	01xJK
10	17	6		הַ/סִּינִֽי	d/5513	HTd/Ngmsa	01kBm
10	18	1		וְ/אֶת	c/853	HC/To	01yGN
10	18	2		הָֽ/אַרְוָדִ֥י	d/721	HTd/Ngmsa	01GMF
10	18	3		וְ/אֶת	c/853	HC/To	01CG8
10	18	4		הַ/צְּמָרִ֖י	d/6786	HTd/Ngmsa	013jX
10	18	5		וְ/אֶת	c/853	HC/To	01DX8
10	18	6		הַֽ/חֲמָתִ֑י	d/2577	HTd/Ngmsa	01yZK
10	18	7		וְ/אַחַ֣ר	c/310 a	HC/D	01Ps4
10	18	8		נָפֹ֔צוּ	6327 a	HVNp3cp	01jCy
10	18	9		מִשְׁפְּח֖וֹת	4940	HNcfpc	01gAT
10	18	10		הַֽ/כְּנַעֲנִֽי	d/3669 a	HTd/Ngmsa	01Lva
10	19	1		וַֽ/יְהִ֞י	c/1961	HC/Vqw3ms	01sCe
10	19	2		גְּב֤וּל	1366	HNcmsc	01tYs
10	19	3		הַֽ/כְּנַעֲנִי֙	d/3669 a	HTd/Ngmsa	01SFu
10	19	4		מִ/צִּידֹ֔ן	m/6721	HR/Np	01TPm
10	19	5		בֹּאֲ/כָ֥ה	935	HVqc/Sp2ms	01VnF
10	19	6		גְרָ֖רָ/ה	1642	HNp/Sd	01mUe
10	19	7		עַד	5704	HR	01EBm
10	19	8		עַזָּ֑ה	5804	HNp	01xzw
10	19	9		בֹּאֲ/כָ֞ה	935	HVqc/Sp2ms	01Mj5
10	19	10		סְדֹ֧מָ/ה	5467	HNp/Sd	01JHF
10	19	11		וַ/עֲמֹרָ֛ה	c/6017	HC/Np	016fJ
10	19	12		וְ/אַדְמָ֥ה	c/126	HC/Np	01TPR
10	19	13		וּ/צְבֹיִ֖ם	c/6636	HC/Np	01N8B
10	19	14		עַד	5704	HR	01LP1
10	19	15		לָֽשַׁע	3962	HNp	01T1d
10	20	1		אֵ֣לֶּה	428	HPdxcp	01i6M
10	20	2		בְנֵי	1121 a	HNcmpc	01YXc
10	20	3		חָ֔ם	2526	HNp	01feJ
10	20	4		לְ/מִשְׁפְּחֹתָ֖/ם	l/4940	HR/Ncfpc/Sp3mp	012oS
10	20	5		לִ/לְשֹֽׁנֹתָ֑/ם	l/3956	HR/Ncbpc/Sp3mp	01iQ7
10	20	6		בְּ/אַרְצֹתָ֖/ם	b/776	HR/Ncbpc/Sp3mp	01etD
10	20	7		בְּ/גוֹיֵ/הֶֽם	b/1471 a	HR/Ncmpc/Sp3mp	01AJ9
10	21	1		וּ/לְ/שֵׁ֥ם	c/l/8035	HC/R/Np	01Y2o
10	21	2		יֻלַּ֖ד	3205	HVPp3ms	01zZV
10	21	3		גַּם	1571	HTa	01Mcm
10	21	4		ה֑וּא	1931	HPp3ms	01NSu
10	21	5		אֲבִי֙	1	HNcmsc	01KVb
10	21	6		כָּל	3605	HNcmsc	01KEV
10	21	7		בְּנֵי	1121 a	HNcmpc	011pu
10	21	8		עֵ֔בֶר	5677	HNp	01fNB
10	21	9		אֲחִ֖י	251	HNcmsc	01uQ9
10	21	10		יֶ֥פֶת	3315	HNp	01SCW
10	21	11		הַ/גָּדֽוֹל	d/1419 a	HTd/Aamsa	017iT
10	22	1		בְּנֵ֥י	1121 a	HNcmpc	01aZB
10	22	2		שֵׁ֖ם	8035	HNp	01Jjb
10	22	3		עֵילָ֣ם	5867 a	HNp	01DZq
10	22	4		וְ/אַשּׁ֑וּר	c/804	HC/Np	01iNw
10	22	5		וְ/אַרְפַּכְשַׁ֖ד	c/775	HC/Np	01edn
10	22	6		וְ/ל֥וּד	c/3865	HC/Np	018b9
10	22	7		וַֽ/אֲרָֽם	c/758	HC/Np	012Bh
10	23	1		וּ/בְנֵ֖י	c/1121 a	HC/Ncmpc	015eC
10	23	2		אֲרָ֑ם	758	HNp	0144r
10	23	3		ע֥וּץ	5780	HNp	015CX
10	23	4		וְ/ח֖וּל	c/2343	HC/Np	01pdB
10	23	5		וְ/גֶ֥תֶר	c/1666	HC/Np	01NS8
10	23	6		וָ/מַֽשׁ	c/4851	HC/Np	017ET
10	24	1		וְ/אַרְפַּכְשַׁ֖ד	c/775	HC/Np	014Jq
10	24	2		יָלַ֣ד	3205	HVqp3ms	01hA6
10	24	3		אֶת	853	HTo	01Lzj
10	24	4		שָׁ֑לַח	7974	HNp	01QZt
10	24	5		וְ/שֶׁ֖לַח	c/7974	HC/Np	01FUV
10	24	6		יָלַ֥ד	3205	HVqp3ms	01eDe
10	24	7		אֶת	853	HTo	013fc
10	24	8		עֵֽבֶר	5677	HNp	01TYP
10	25	1		וּ/לְ/עֵ֥בֶר	c/l/5677	HC/R/Np	01pVN
10	25	2		יֻלַּ֖ד	3205	HVPp3ms	01Nku
10	25	3		שְׁנֵ֣י	8147	HAcmdc	01ypK
10	25	4		בָנִ֑ים	1121 a	HNcmpa	01Yts
10	25	5		שֵׁ֣ם	8034	HNcmsc	011in
10	25	6		הָֽ/אֶחָ֞ד	d/259	HTd/Acmsa	01JDW
10	25	7		פֶּ֗לֶג	6389	HNp	01wBA
10	25	8		כִּ֤י	3588 a	HC	01Jon
10	25	9		בְ/יָמָי/ו֙	b/3117	HR/Ncmpc/Sp3ms	01eep
10	25	10		נִפְלְגָ֣ה	6385	HVNp3fs	01548
10	25	11		הָ/אָ֔רֶץ	d/776	HTd/Ncbsa	01Wut
10	25	12		וְ/שֵׁ֥ם	c/8034	HC/Ncmsc	01pLk
10	25	13		אָחִ֖י/ו	251	HNcmsc/Sp3ms	01DJ2
10	25	14		יָקְטָֽן	3355	HNp	01gco
10	26	1		וְ/יָקְטָ֣ן	c/3355	HC/Np	01kQS
10	26	2		יָלַ֔ד	3205	HVqp3ms	01tuE
10	26	3		אֶת	853	HTo	01uja
10	26	4		אַלְמוֹדָ֖ד	486	HNp	01GwE
10	26	5		וְ/אֶת	c/853	HC/To	01XRt
10	26	6		שָׁ֑לֶף	8026	HNp	01Wxh
10	26	7		וְ/אֶת	c/853	HC/To	01bfm
10	26	8		חֲצַרְמָ֖וֶת	2700	HNp	01my2
10	26	9		וְ/אֶת	c/853	HC/To	01Cn7
10	26	10		יָֽרַח	3392	HNp	0143d
10	27	1		וְ/אֶת	c/853	HC/To	01KUk
10	27	2		הֲדוֹרָ֥ם	1913 a	HNp	01ssc
10	27	3		וְ/אֶת	c/853	HC/To	01EV7
10	27	4		אוּזָ֖ל	187	HNp	018aA
10	27	5		וְ/אֶת	c/853	HC/To	01xWZ
10	27	6		דִּקְלָֽה	1853	HNp	01cXS
10	28	1		וְ/אֶת	c/853	HC/To	01tBh
10	28	2		עוֹבָ֥ל	5745	HNp	01eyN
10	28	3		וְ/אֶת	c/853	HC/To	01SSh
10	28	4		אֲבִֽימָאֵ֖ל	39	HNp	0163d
10	28	5		וְ/אֶת	c/853	HC/To	01R11
10	28	6		שְׁבָֽא	7614	HNp	01pNu
10	29	1		וְ/אֶת	c/853	HC/To	017VF
10	29	2		אוֹפִ֥ר	211	HNp	01zUM
10	29	3		וְ/אֶת	c/853	HC/To	01zd9
10	29	4		חֲוִילָ֖ה	2341	HNp	01FAY
10	29	5		וְ/אֶת	c/853	HC/To	01Pfc
10	29	6		יוֹבָ֑ב	3103	HNp	01iza
10	29	7		כָּל	3605	HNcmsc	01AYM
10	29	8		אֵ֖לֶּה	428	HPdxcp	01GmN
10	29	9		בְּנֵ֥י	1121 a	HNcmpc	01pSh
10	29	10		יָקְטָֽן	3355	HNp	01C37
10	30	1		וַֽ/יְהִ֥י	c/1961	HC/Vqw3ms	01yoT
10	30	2		מוֹשָׁבָ֖/ם	4186	HNcmsc/Sp3mp	01LMx
10	30	3		מִ/מֵּשָׁ֑א	m/4852	HR/Np	0123n
10	30	4		בֹּאֲ/כָ֥ה	935	HVqc/Sp2ms	01Cb2
10	30	5		סְפָ֖רָ/ה	5611	HNp/Sd	017qP
10	30	6		הַ֥ר	2022	HNcmsc	01FVN
10	30	7		הַ/קֶּֽדֶם	d/6924 a	HTd/Ncmsa	01jaF
10	31	1		אֵ֣לֶּה	428	HPdxcp	01rR2
10	31	2		בְנֵי	1121 a	HNcmpc	01BLG
10	31	3		שֵׁ֔ם	8035	HNp	01bNh
10	31	4		לְ/מִשְׁפְּחֹתָ֖/ם	l/4940	HR/Ncfpc/Sp3mp	0161z
10	31	5		לִ/לְשֹׁנֹתָ֑/ם	l/3956	HR/Ncbpc/Sp3mp	01Qhh
10	31	6		בְּ/אַרְצֹתָ֖/ם	b/776	HR/Ncbpc/Sp3mp	01VkB
10	31	7		לְ/גוֹיֵ/הֶֽם	l/1471 a	HR/Ncmpc/Sp3mp	01NxJ
10	32	1		אֵ֣לֶּה	428	HPdxcp	01u2w
10	32	2		מִשְׁפְּחֹ֧ת	4940	HNcfpc	01s85
10	32	3		בְּנֵי	1121 a	HNcmpc	0154v
10	32	4		נֹ֛חַ	5146	HNp	01xWQ
10	32	5		לְ/תוֹלְדֹתָ֖/ם	l/8435	HR/Ncfpc/Sp3mp	01ksV
10	32	6		בְּ/גוֹיֵ/הֶ֑ם	b/1471 a	HR/Ncmpc/Sp3mp	01k9V
10	32	7		וּ/מֵ/אֵ֜לֶּה	c/m/428	HC/R/Pdxcp	01isA
10	32	8		נִפְרְד֧וּ	6504	HVNp3cp	016cS
10	32	9		הַ/גּוֹיִ֛ם	d/1471 a	HTd/Ncmpa	01KP7
10	32	10		בָּ/אָ֖רֶץ	b/776	HRd/Ncbsa	01sYq
10	32	11		אַחַ֥ר	310 a	HR	01dVu
10	32	12		הַ/מַּבּֽוּל	d/3999	HTd/Ncmsa	01erv
11	1	1		וַֽ/יְהִ֥י	c/1961	HC/Vqw3ms	01BBL
11	1	2		כָל	3605	HNcmsc	01JW8
11	1	3		הָ/אָ֖רֶץ	d/776	HTd/Ncbsa	01uiW
11	1	4		שָׂפָ֣ה	8193	HNcfsa	01dve
11	1	5		אֶחָ֑ת	259	HAcfsa	01xj3
11	1	6		וּ/דְבָרִ֖ים	c/1697	HC/Ncmpa	0142S
11	1	7		אֲחָדִֽים	259	HAcmpa	01rNq
11	2	1		וַֽ/יְהִ֖י	c/1961	HC/Vqw3ms	01iqd
11	2	2		בְּ/נָסְעָ֣/ם	b/5265	HR/Vqc/Sp3mp	01QZU
11	2	3		מִ/קֶּ֑דֶם	m/6924 a	HR/Ncmsa	01Fnj
11	2	4		וַֽ/יִּמְצְא֥וּ	c/4672	HC/Vqw3mp	01F7f
11	2	5		בִקְעָ֛ה	1237	HNcfsa	01aPG
11	2	6		בְּ/אֶ֥רֶץ	b/776	HR/Ncbsc	01k2V
11	2	7		שִׁנְעָ֖ר	8152	HNp	01fyM
11	2	8		וַ/יֵּ֥שְׁבוּ	c/3427	HC/Vqw3mp	01LMG
11	2	9		שָֽׁם	8033	HD	013Ju
11	3	1		וַ/יֹּאמְר֞וּ	c/559	HC/Vqw3mp	013rQ
11	3	2		אִ֣ישׁ	376	HNcmsa	01DaL
11	3	3		אֶל	413	HR	01Y6J
11	3	4		רֵעֵ֗/הוּ	7453	HNcmsc/Sp3ms	01pyb
11	3	5		הָ֚בָ/ה	3051	HVqv2ms/Sh	01wLg
11	3	6		נִלְבְּנָ֣ה	3835 b	HVqh1cp	01cAP
11	3	7		לְבֵנִ֔ים	3843	HNcfpa	01cSt
11	3	8		וְ/נִשְׂרְפָ֖ה	c/8313	HC/Vqh1cp	01D4i
11	3	9		לִ/שְׂרֵפָ֑ה	l/8316	HR/Ncfsa	01qRk
11	3	10		וַ/תְּהִ֨י	c/1961	HC/Vqw3fs	01n62
11	3	11		לָ/הֶ֤ם	l	HR/Sp3mp	01jjF
11	3	12		הַ/לְּבֵנָה֙	d/3843	HTd/Ncfsa	01ygr
11	3	13		לְ/אָ֔בֶן	l/68	HR/Ncfsa	01qTN
11	3	14		וְ/הַ֣/חֵמָ֔ר	c/d/2564	HC/Td/Ncmsa	01Wwg
11	3	15		הָיָ֥ה	1961	HVqp3ms	01eyj
11	3	16		לָ/הֶ֖ם	l	HR/Sp3mp	01JBd
11	3	17		לַ/חֹֽמֶר	l/2563 a	HRd/Ncmsa	01CYn
11	4	1		וַ/יֹּאמְר֞וּ	c/559	HC/Vqw3mp	01fze
11	4	2		הָ֣בָ/ה	3051	HVqv2ms/Sh	01bKv
11	4	3		נִבְנֶה	1129	HVqh1cp	01MUZ
11	4	4		לָּ֣/נוּ	l	HR/Sp1cp	01W4g
11	4	5		עִ֗יר	5892 b	HNcfsa	01Dz4
11	4	6		וּ/מִגְדָּל֙	c/4026	HC/Ncbsa	017Fu
11	4	7		וְ/רֹאשׁ֣/וֹ	c/7218 a	HC/Ncmsc/Sp3ms	016Dy
11	4	8		בַ/שָּׁמַ֔יִם	b/8064	HRd/Ncmda	01Zik
11	4	9		וְ/נַֽעֲשֶׂה	c/6213 a	HC/Vqh1cp	01G5G
11	4	10		לָּ֖/נוּ	l	HR/Sp1cp	017C8
11	4	11		שֵׁ֑ם	8034	HNcmsa	01KjQ
11	4	12		פֶּן	6435	HC	01wVX
11	4	13		נָפ֖וּץ	6327 a	HVqi1cp	01FD2
11	4	14		עַל	5921 a	HR	01wMc
11	4	15		פְּנֵ֥י	6440	HNcbpc	01srH
11	4	16		כָל	3605	HNcmsc	01Fvm
11	4	17		הָ/אָֽרֶץ	d/776	HTd/Ncbsa	01wn4
11	5	1		וַ/יֵּ֣רֶד	c/3381	HC/Vqw3ms	011w4
11	5	2		יְהוָ֔ה	3068	HNp	01cem
11	5	3		לִ/רְאֹ֥ת	l/7200	HR/Vqc	01ngH
11	5	4		אֶת	853	HTo	01vGA
11	5	5		הָ/עִ֖יר	d/5892 b	HTd/Ncfsa	01nx3
11	5	6		וְ/אֶת	c/853	HC/To	01tVG
11	5	7		הַ/מִּגְדָּ֑ל	d/4026	HTd/Ncbsa	014Qa
11	5	8		אֲשֶׁ֥ר	834 a	HTr	01WJt
11	5	9		בָּנ֖וּ	1129	HVqp3cp	01L5d
11	5	10		בְּנֵ֥י	1121 a	HNcmpc	01ZeR
11	5	11		הָ/אָדָֽם	d/120	HTd/Ncmsa	01hgx
11	6	1		וַ/יֹּ֣אמֶר	c/559	HC/Vqw3ms	01og7
11	6	2		יְהוָ֗ה	3068	HNp	01egd
11	6	3		הֵ֣ן	2005	HTm	01LrY
11	6	4		עַ֤ם	5971 a	HNcmsa	01WQT
11	6	5		אֶחָד֙	259	HAcmsa	01m63
11	6	6		וְ/שָׂפָ֤ה	c/8193	HC/Ncfsa	01pfS
11	6	7		אַחַת֙	259	HAcfsa	013aE
11	6	8		לְ/כֻלָּ֔/ם	l/3605	HR/Ncmsc/Sp3mp	013rZ
11	6	9		וְ/זֶ֖ה	c/2088	HC/Pdxms	01Utw
11	6	10		הַחִלָּ֣/ם	2490 c	HVhc/Sp3mp	01fdq
11	6	11		לַ/עֲשׂ֑וֹת	l/6213 a	HR/Vqc	01sSt
11	6	12		וְ/עַתָּה֙	c/6258	HC/D	01o26
11	6	13		לֹֽא	3808	HTn	01hex
11	6	14		יִבָּצֵ֣ר	1219	HVNi3ms	01uGG
11	6	15		מֵ/הֶ֔ם	m	HR/Sp3mp	012V5
11	6	16		כֹּ֛ל	3605	HNcmsa	01UQx
11	6	17		אֲשֶׁ֥ר	834 a	HTr	01rB8
11	6	18		יָזְמ֖וּ	2161	HVqi3mp	01SGD
11	6	19		לַֽ/עֲשֽׂוֹת	l/6213 a	HR/Vqc	01YJd
11	7	1		הָ֚בָ/ה	3051	HVqv2ms/Sh	01v6S
11	7	2		נֵֽרְדָ֔ה	3381	HVqh1cp	01v1o
11	7	3		וְ/נָבְלָ֥ה	c/1101 a	HC/Vqh1cp	01JVz
11	7	4		שָׁ֖ם	8033	HD	01bm5
11	7	5		שְׂפָתָ֑/ם	8193	HNcfsc/Sp3mp	01WDC
11	7	6		אֲשֶׁר֙	834 a	HTr	01ZQ7
11	7	7		לֹ֣א	3808	HTn	01Xbu
11	7	8		יִשְׁמְע֔וּ	8085	HVqi3mp	01JZB
11	7	9		אִ֖ישׁ	376	HNcmsa	017QY
11	7	10		שְׂפַ֥ת	8193	HNcfsc	01o5y
11	7	11		רֵעֵֽ/הוּ	7453	HNcmsc/Sp3ms	01mvb
11	8	1		וַ/יָּ֨פֶץ	c/6327 a	HC/Vhw3ms	01W2N
11	8	2		יְהוָ֥ה	3068	HNp	0139a
11	8	3		אֹתָ֛/ם	853	HTo/Sp3mp	012VQ
11	8	4		מִ/שָּׁ֖ם	m/8033	HR/D	01gJa
11	8	5		עַל	5921 a	HR	01fqt
11	8	6		פְּנֵ֣י	6440	HNcbpc	01JGt
11	8	7		כָל	3605	HNcmsc	01Us4
11	8	8		הָ/אָ֑רֶץ	d/776	HTd/Ncbsa	01Bwu
11	8	9		וַֽ/יַּחְדְּל֖וּ	c/2308	HC/Vqw3mp	012RT
11	8	10		לִ/בְנֹ֥ת	l/1129	HR/Vqc	01tgM
11	8	11		הָ/עִֽיר	d/5892 b	HTd/Ncfsa	01d4t
11	9	1		עַל	5921 a	HR	01jU8
11	9	2		כֵּ֞ן	3651 c	HTm	01raX
11	9	3		קָרָ֤א	7121	HVqp3ms	01dm8
11	9	4		שְׁמָ/הּ֙	8034	HNcmsc/Sp3fs	01L5p
11	9	5		בָּבֶ֔ל	894	HNp	01vru
11	9	6		כִּי	3588 a	HC	01Kbe
11	9	7		שָׁ֛ם	8033	HD	01tHL
11	9	8		בָּלַ֥ל	1101 a	HVqp3ms	01qZL
11	9	9		יְהוָ֖ה	3068	HNp	01qwh
11	9	10		שְׂפַ֣ת	8193	HNcfsc	01iMv
11	9	11		כָּל	3605	HNcmsc	01DuZ
11	9	12		הָ/אָ֑רֶץ	d/776	HTd/Ncbsa	01fLk
11	9	13		וּ/מִ/שָּׁם֙	c/m/8033	HC/R/D	01ACT
11	9	14		הֱפִיצָ֣/ם	6327 a	HVhp3ms/Sp3mp	014RB
11	9	15		יְהוָ֔ה	3068	HNp	01pid
11	9	16		עַל	5921 a	HR	01uiv
11	9	17		פְּנֵ֖י	6440	HNcbpc	01HVX
11	9	18		כָּל	3605	HNcmsc	01Mk2
11	9	19		הָ/אָֽרֶץ	d/776	HTd/Ncbsa	01aoG
11	10	1		אֵ֚לֶּה	428	HPdxcp	01c8D
11	10	2		תּוֹלְדֹ֣ת	8435	HNcfpc	019se
11	10	3		שֵׁ֔ם	8035	HNp	01rn8
11	10	4		שֵׁ֚ם	8035	HNp	01nqT
11	10	5		בֶּן	1121 a	HNcmsc	01wMG
11	10	6		מְאַ֣ת	3967	HAcfsc	01MNS
11	10	7		שָׁנָ֔ה	8141	HNcfsa	01Y7c
11	10	8		וַ/יּ֖וֹלֶד	c/3205	HC/Vhw3ms	01ohk
11	10	9		אֶת	853	HTo	01ujT
11	10	10		אַרְפַּכְשָׁ֑ד	775	HNp	01sac
11	10	11		שְׁנָתַ֖יִם	8141	HAcfda	01URC
11	10	12		אַחַ֥ר	310 a	HR	01uyH
11	10	13		הַ/מַּבּֽוּל	d/3999	HTd/Ncmsa	019oK
11	11	1		וַֽ/יְחִי	c/2421	HC/Vqw3ms	01nuG
11	11	2		שֵׁ֗ם	8035	HNp	01Uae
11	11	3		אַֽחֲרֵי֙	310 a	HR	015P4
11	11	4		הוֹלִיד֣/וֹ	3205	HVhc/Sp3ms	01pNa
11	11	5		אֶת	853	HTo	01xdk
11	11	6		אַרְפַּכְשָׁ֔ד	775	HNp	01aQh
11	11	7		חֲמֵ֥שׁ	2568	HAcfsa	016HC
11	11	8		מֵא֖וֹת	3967	HAcbpa	01Pz9
11	11	9		שָׁנָ֑ה	8141	HNcfsa	01Hq3
11	11	10		וַ/יּ֥וֹלֶד	c/3205	HC/Vhw3ms	01Rne
11	11	11		בָּנִ֖ים	1121 a	HNcmpa	01AFm
11	11	12		וּ/בָנֽוֹת	c/1323	HC/Ncfpa	01CqQ
11	12	1		וְ/אַרְפַּכְשַׁ֣ד	c/775	HC/Np	014pF
11	12	2		חַ֔י	2421	HVqp3ms	01uJp
11	12	3		חָמֵ֥שׁ	2568	HAcfsa	01TaS
11	12	4		וּ/שְׁלֹשִׁ֖ים	c/7970	HC/Acbpa	01LLF
11	12	5		שָׁנָ֑ה	8141	HNcfsa	01bDy
11	12	6		וַ/יּ֖וֹלֶד	c/3205	HC/Vhw3ms	01iov
11	12	7		אֶת	853	HTo	01sPA
11	12	8		שָֽׁלַח	7974	HNp	01CJX
11	13	1		וַֽ/יְחִ֣י	c/2421	HC/Vqw3ms	01ANN
11	13	2		אַרְפַּכְשַׁ֗ד	775	HNp	0195S
11	13	3		אַֽחֲרֵי֙	310 a	HR	018xm
11	13	4		הוֹלִיד֣/וֹ	3205	HVhc/Sp3ms	01gX2
11	13	5		אֶת	853	HTo	01r7E
11	13	6		שֶׁ֔לַח	7974	HNp	01bzy
11	13	7		שָׁלֹ֣שׁ	7969	HAcfsa	01Zd9
11	13	8		שָׁנִ֔ים	8141	HNcfpa	018Dv
11	13	9		וְ/אַרְבַּ֥ע	c/702	HC/Acfsa	01NTZ
11	13	10		מֵא֖וֹת	3967	HAcbpa	01775
11	13	11		שָׁנָ֑ה	8141	HNcfsa	01Fmt
11	13	12		וַ/יּ֥וֹלֶד	c/3205	HC/Vhw3ms	01eCW
11	13	13		בָּנִ֖ים	1121 a	HNcmpa	012pa
11	13	14		וּ/בָנֽוֹת	c/1323	HC/Ncfpa	01kxp
11	14	1		וְ/שֶׁ֥לַח	c/7974	HC/Np	01vnr
11	14	2		חַ֖י	2421	HVqp3ms	01SfR
11	14	3		שְׁלֹשִׁ֣ים	7970	HAcbpa	01PA5
11	14	4		שָׁנָ֑ה	8141	HNcfsa	016gb
11	14	5		וַ/יּ֖וֹלֶד	c/3205	HC/Vhw3ms	01or6
11	14	6		אֶת	853	HTo	01Zed
11	14	7		עֵֽבֶר	5677	HNp	01u6X
11	15	1		וַֽ/יְחִי	c/2421	HC/Vqw3ms	01nm9
11	15	2		שֶׁ֗לַח	7974	HNp	013PJ
11	15	3		אַחֲרֵי֙	310 a	HR	015ZM
11	15	4		הוֹלִיד֣/וֹ	3205	HVhc/Sp3ms	01fYy
11	15	5		אֶת	853	HTo	01UBS
11	15	6		עֵ֔בֶר	5677	HNp	011iG
11	15	7		שָׁלֹ֣שׁ	7969	HAcfsa	01ZqA
11	15	8		שָׁנִ֔ים	8141	HNcfpa	01dKb
11	15	9		וְ/אַרְבַּ֥ע	c/702	HC/Acfsa	01qiR
11	15	10		מֵא֖וֹת	3967	HAcbpa	01amo
11	15	11		שָׁנָ֑ה	8141	HNcfsa	014Xh
11	15	12		וַ/יּ֥וֹלֶד	c/3205	HC/Vhw3ms	015e5
11	15	13		בָּנִ֖ים	1121 a	HNcmpa	01p9R
11	15	14		וּ/בָנֽוֹת	c/1323	HC/Ncfpa	01dTq
11	16	1		וַֽ/יְחִי	c/2421	HC/Vqw3ms	01wep
11	16	2		עֵ֕בֶר	5677	HNp	01Uo7
11	16	3		אַרְבַּ֥ע	702	HAcfsa	01Y7e
11	16	4		וּ/שְׁלֹשִׁ֖ים	c/7970	HC/Acbpa	01Hgx
11	16	5		שָׁנָ֑ה	8141	HNcfsa	01G3x
11	16	6		וַ/יּ֖וֹלֶד	c/3205	HC/Vhw3ms	01s67
11	16	7		אֶת	853	HTo	01YC8
11	16	8		פָּֽלֶג	6389	HNp	01krY
11	17	1		וַֽ/יְחִי	c/2421	HC/Vqw3ms	01Cym
11	17	2		עֵ֗בֶר	5677	HNp	01jbf
11	17	3		אַחֲרֵי֙	310 a	HR	01VGV
11	17	4		הוֹלִיד֣/וֹ	3205	HVhc/Sp3ms	01PMB
11	17	5		אֶת	853	HTo	01NJt
11	17	6		פֶּ֔לֶג	6389	HNp	01vsz
11	17	7		שְׁלֹשִׁ֣ים	7970	HAcbpa	01mgi
11	17	8		שָׁנָ֔ה	8141	HNcfsa	01nDb
11	17	9		וְ/אַרְבַּ֥ע	c/702	HC/Acfsa	01gDS
11	17	10		מֵא֖וֹת	3967	HAcbpa	01Efv
11	17	11		שָׁנָ֑ה	8141	HNcfsa	01DVj
11	17	12		וַ/יּ֥וֹלֶד	c/3205	HC/Vhw3ms	01YCE
11	17	13		בָּנִ֖ים	1121 a	HNcmpa	01JsT
11	17	14		וּ/בָנֽוֹת	c/1323	HC/Ncfpa	014Jj
11	18	1		וַֽ/יְחִי	c/2421	HC/Vqw3ms	01FjR
11	18	2		פֶ֖לֶג	6389	HNp	01h6T
11	18	3		שְׁלֹשִׁ֣ים	7970	HAcbpa	01wu9
11	18	4		שָׁנָ֑ה	8141	HNcfsa	014Gx
11	18	5		וַ/יּ֖וֹלֶד	c/3205	HC/Vhw3ms	01Bj7
11	18	6		אֶת	853	HTo	01sAN
11	18	7		רְעֽוּ	7466	HNp	01MhW
11	19	1		וַֽ/יְחִי	c/2421	HC/Vqw3ms	01b4t
11	19	2		פֶ֗לֶג	6389	HNp	01KbS
11	19	3		אַחֲרֵי֙	310 a	HR	01ymY
11	19	4		הוֹלִיד֣/וֹ	3205	HVhc/Sp3ms	011iQ
11	19	5		אֶת	853	HTo	01zDJ
11	19	6		רְע֔וּ	7466	HNp	01bUs
11	19	7		תֵּ֥שַׁע	8672	HAcfsa	01dcV
11	19	8		שָׁנִ֖ים	8141	HNcfpa	01gAL
11	19	9		וּ/מָאתַ֣יִם	c/3967	HC/Acbda	01VXy
11	19	10		שָׁנָ֑ה	8141	HNcfsa	01GXL
11	19	11		וַ/יּ֥וֹלֶד	c/3205	HC/Vhw3ms	01KEX
11	19	12		בָּנִ֖ים	1121 a	HNcmpa	01Try
11	19	13		וּ/בָנֽוֹת	c/1323	HC/Ncfpa	01d7i
11	20	1		וַ/יְחִ֣י	c/2421	HC/Vqw3ms	01512
11	20	2		רְע֔וּ	7466	HNp	01MzY
11	20	3		שְׁתַּ֥יִם	8147	HAcfda	01kXM
11	20	4		וּ/שְׁלֹשִׁ֖ים	c/7970	HC/Acbpa	01Hj8
11	20	5		שָׁנָ֑ה	8141	HNcfsa	01zFY
11	20	6		וַ/יּ֖וֹלֶד	c/3205	HC/Vhw3ms	01Rhm
11	20	7		אֶת	853	HTo	01hnf
11	20	8		שְׂרֽוּג	8286	HNp	01eM1
11	21	1		וַ/יְחִ֣י	c/2421	HC/Vqw3ms	01hk3
11	21	2		רְע֗וּ	7466	HNp	01W1U
11	21	3		אַחֲרֵי֙	310 a	HR	018Um
11	21	4		הוֹלִיד֣/וֹ	3205	HVhc/Sp3ms	01G4t
11	21	5		אֶת	853	HTo	01VzB
11	21	6		שְׂר֔וּג	8286	HNp	011ou
11	21	7		שֶׁ֥בַע	7651	HAcfsa	01bjQ
11	21	8		שָׁנִ֖ים	8141	HNcfpa	01A2U
11	21	9		וּ/מָאתַ֣יִם	c/3967	HC/Acbda	01ZM7
11	21	10		שָׁנָ֑ה	8141	HNcfsa	01jY6
11	21	11		וַ/יּ֥וֹלֶד	c/3205	HC/Vhw3ms	01XbX
11	21	12		בָּנִ֖ים	1121 a	HNcmpa	01jxp
11	21	13		וּ/בָנֽוֹת	c/1323	HC/Ncfpa	01ox4
11	22	1		וַ/יְחִ֥י	c/2421	HC/Vqw3ms	01gSB
11	22	2		שְׂר֖וּג	8286	HNp	01mv8
11	22	3		שְׁלֹשִׁ֣ים	7970	HAcbpa	01xW5
11	22	4		שָׁנָ֑ה	8141	HNcfsa	01X8c
11	22	5		וַ/יּ֖וֹלֶד	c/3205	HC/Vhw3ms	01Kyc
11	22	6		אֶת	853	HTo	01MpC
11	22	7		נָחֽוֹר	5152	HNp	01s71
11	23	1		וַ/יְחִ֣י	c/2421	HC/Vqw3ms	0178H
11	23	2		שְׂר֗וּג	8286	HNp	01BwW
11	23	3		אַחֲרֵ֛י	310 a	HR	01xmm
11	23	4		הוֹלִיד֥/וֹ	3205	HVhc/Sp3ms	01QWv
11	23	5		אֶת	853	HTo	01onS
11	23	6		נָח֖וֹר	5152	HNp	013CX
11	23	7		מָאתַ֣יִם	3967	HAcbda	01kSN
11	23	8		שָׁנָ֑ה	8141	HNcfsa	01M79
11	23	9		וַ/יּ֥וֹלֶד	c/3205	HC/Vhw3ms	019PJ
11	23	10		בָּנִ֖ים	1121 a	HNcmpa	01psZ
11	23	11		וּ/בָנֽוֹת	c/1323	HC/Ncfpa	01jXT
11	24	1		וַ/יְחִ֣י	c/2421	HC/Vqw3ms	013i9
11	24	2		נָח֔וֹר	5152	HNp	0186G
11	24	3		תֵּ֥שַׁע	8672	HAcfsa	019x4
11	24	4		וְ/עֶשְׂרִ֖ים	c/6242	HC/Acbpa	01FES
11	24	5		שָׁנָ֑ה	8141	HNcfsa	01f4y
11	24	6		וַ/יּ֖וֹלֶד	c/3205	HC/Vhw3ms	01H8b
11	24	7		אֶת	853	HTo	01C81
11	24	8		תָּֽרַח	8646	HNp	01G5J
11	25	1		וַ/יְחִ֣י	c/2421	HC/Vqw3ms	016Fc
11	25	2		נָח֗וֹר	5152	HNp	01x3P
11	25	3		אַחֲרֵי֙	310 a	HR	011wp
11	25	4		הוֹלִיד֣/וֹ	3205	HVhc/Sp3ms	01aq2
11	25	5		אֶת	853	HTo	01U9g
11	25	6		תֶּ֔רַח	8646	HNp	01D2c
11	25	7		תְּשַֽׁע	8672	HAcfsa	01EMa
11	25	8		עֶשְׂרֵ֥ה	6240	HAcfsa	01ef3
11	25	9		שָׁנָ֖ה	8141	HNcfsa	01saN
11	25	10		וּ/מְאַ֣ת	c/3967	HC/Acbsc	01U8A
11	25	11		שָׁנָ֑ה	8141	HNcfsa	01Pdw
11	25	12		וַ/יּ֥וֹלֶד	c/3205	HC/Vhw3ms	01c8h
11	25	13		בָּנִ֖ים	1121 a	HNcmpa	01vjE
11	25	14		וּ/בָנֽוֹת	c/1323	HC/Ncfpa	01JgM
11	26	1		וַֽ/יְחִי	c/2421	HC/Vqw3ms	01Tmi
11	26	2		תֶ֖רַח	8646	HNp	01eRQ
11	26	3		שִׁבְעִ֣ים	7657	HAcbpa	01Ky8
11	26	4		שָׁנָ֑ה	8141	HNcfsa	01Xnm
11	26	5		וַ/יּ֨וֹלֶד֙	c/3205	HC/Vhw3ms	01V6c
11	26	6		אֶת	853	HTo	0183z
11	26	7		אַבְרָ֔ם	87	HNp	01gBP
11	26	8		אֶת	853	HTo	01PP6
11	26	9		נָח֖וֹר	5152	HNp	01rfQ
11	26	10		וְ/אֶת	c/853	HC/To	011kz
11	26	11		הָרָֽן	2039	HNp	01qBP
11	27	1		וְ/אֵ֨לֶּה֙	c/428	HC/Pdxcp	012rB
11	27	2		תּוֹלְדֹ֣ת	8435	HNcfpc	01Hxg
11	27	3		תֶּ֔רַח	8646	HNp	019fZ
11	27	4		תֶּ֚רַח	8646	HNp	01SCH
11	27	5		הוֹלִ֣יד	3205	HVhp3ms	01anU
11	27	6		אֶת	853	HTo	01DJC
11	27	7		אַבְרָ֔ם	87	HNp	01u5x
11	27	8		אֶת	853	HTo	01YgF
11	27	9		נָח֖וֹר	5152	HNp	01p1g
11	27	10		וְ/אֶת	c/853	HC/To	01g1i
11	27	11		הָרָ֑ן	2039	HNp	01Wdi
11	27	12		וְ/הָרָ֖ן	c/2039	HC/Np	01YMa
11	27	13		הוֹלִ֥יד	3205	HVhp3ms	01xEe
11	27	14		אֶת	853	HTo	01z48
11	27	15		לֽוֹט	3876	HNp	01fDm
11	28	1		וַ/יָּ֣מָת	c/4191	HC/Vqw3ms	01FEx
11	28	2		הָרָ֔ן	2039	HNp	01aSS
11	28	3		עַל	5921 a	HR	01iAj
11	28	4		פְּנֵ֖י	6440	HNcbpc	01aWd
11	28	5		תֶּ֣רַח	8646	HNp	01Vuh
11	28	6		אָבִ֑י/ו	1	HNcmsc/Sp3ms	014nG
11	28	7		בְּ/אֶ֥רֶץ	b/776	HR/Ncbsc	01D7R
11	28	8		מוֹלַדְתּ֖/וֹ	4138	HNcfsc/Sp3ms	01fw9
11	28	9		בְּ/א֥וּר	b/218 b	HR/Np	01znQ
11	28	10		כַּשְׂדִּֽים	3778	HNp	01ZdC
11	29	1		וַ/יִּקַּ֨ח	c/3947	HC/Vqw3ms	012MP
11	29	2		אַבְרָ֧ם	87	HNp	01Exz
11	29	3		וְ/נָח֛וֹר	c/5152	HC/Np	013Cy
11	29	4		לָ/הֶ֖ם	l	HR/Sp3mp	01EDb
11	29	5		נָשִׁ֑ים	802	HNcfpa	01xv7
11	29	6		שֵׁ֤ם	8034	HNcmsc	01r5Y
11	29	7		אֵֽשֶׁת	802	HNcfsc	01nEK
11	29	8		אַבְרָם֙	87	HNp	01B86
11	29	9		שָׂרָ֔י	8297	HNp	01CK1
11	29	10		וְ/שֵׁ֤ם	c/8034	HC/Ncmsc	01jAF
11	29	11		אֵֽשֶׁת	802	HNcfsc	01Gr7
11	29	12		נָחוֹר֙	5152	HNp	01sWN
11	29	13		מִלְכָּ֔ה	4435	HNp	01DbU
11	29	14		בַּת	1323	HNcfsc	01eDs
11	29	15		הָרָ֥ן	2039	HNp	01M1k
11	29	16		אֲבִֽי	1	HNcmsc	01nt9
11	29	17		מִלְכָּ֖ה	4435	HNp	01uo8
11	29	18		וַֽ/אֲבִ֥י	c/1	HC/Ncmsc	01wi3
11	29	19		יִסְכָּֽה	3252	HNp	01mK4
11	30	1		וַ/תְּהִ֥י	c/1961	HC/Vqw3fs	01dSA
11	30	2		שָׂרַ֖י	8297	HNp	01P8j
11	30	3		עֲקָרָ֑ה	6135	HAafsa	01b9e
11	30	4		אֵ֥ין	369	HTn	017pd
11	30	5		לָ֖/הּ	l	HR/Sp3fs	01B4V
11	30	6		וָלָֽד	2056	HNcmsa	01ikF
11	31	1		וַ/יִּקַּ֨ח	c/3947	HC/Vqw3ms	0166C
11	31	2		תֶּ֜רַח	8646	HNp	014bg
11	31	3		אֶת	853	HTo	01Kgg
11	31	4		אַבְרָ֣ם	87	HNp	01M2B
11	31	5		בְּנ֗/וֹ	1121 a	HNcmsc/Sp3ms	01NU6
11	31	6		וְ/אֶת	c/853	HC/To	01ukR
11	31	7		ל֤וֹט	3876	HNp	01ojb
11	31	8		בֶּן	1121 a	HNcmsc	01Ft6
11	31	9		הָרָן֙	2039	HNp	01fja
11	31	10		בֶּן	1121 a	HNcmsc	01phB
11	31	11		בְּנ֔/וֹ	1121 a	HNcmsc/Sp3ms	01Fww
11	31	12		וְ/אֵת֙	c/853	HC/To	01wY4
11	31	13		שָׂרַ֣י	8297	HNp	0191B
11	31	14		כַּלָּת֔/וֹ	3618	HNcfsc/Sp3ms	01qim
11	31	15		אֵ֖שֶׁת	802	HNcfsc	01bDb
11	31	16		אַבְרָ֣ם	87	HNp	01bJB
11	31	17		בְּנ֑/וֹ	1121 a	HNcmsc/Sp3ms	01LbJ
11	31	18		וַ/יֵּצְא֨וּ	c/3318	HC/Vqw3mp	01pwG
11	31	19		אִתָּ֜/ם	854	HR/Sp3mp	01pBV
11	31	20		מֵ/א֣וּר	m/218 b	HR/Np	01mui
11	31	21		כַּשְׂדִּ֗ים	3778	HNp	0111H
11	31	22		לָ/לֶ֨כֶת֙	l/3212	HR/Vqc	01Yer
11	31	23		אַ֣רְצָ/ה	776	HNcbsc/Sd	01Ua5
11	31	24		כְּנַ֔עַן	3667 a	HNp	01drz
11	31	25		וַ/יָּבֹ֥אוּ	c/935	HC/Vqw3mp	01mWC
11	31	26		עַד	5704	HR	01euh
11	31	27		חָרָ֖ן	2771 a	HNp	01iWd
11	31	28		וַ/יֵּ֥שְׁבוּ	c/3427	HC/Vqw3mp	01tJY
11	31	29		שָֽׁם	8033	HD	01wX7
11	32	1		וַ/יִּהְי֣וּ	c/1961	HC/Vqw3mp	01264
11	32	2		יְמֵי	3117	HNcmpc	01nWK
11	32	3		תֶ֔רַח	8646	HNp	01FhW
11	32	4		חָמֵ֥שׁ	2568	HAcfsa	01xwC
11	32	5		שָׁנִ֖ים	8141	HNcfpa	01Gfv
11	32	6		וּ/מָאתַ֣יִם	c/3967	HC/Acbda	01pu7
11	32	7		שָׁנָ֑ה	8141	HNcfsa	01NZd
11	32	8		וַ/יָּ֥מָת	c/4191	HC/Vqw3ms	01SP9
11	32	9		תֶּ֖רַח	8646	HNp	018M7
11	32	10		בְּ/חָרָֽן	b/2771 a	HR/Np	01dJj
12	1	1		וַ/יֹּ֤אמֶר	c/559	HC/Vqw3ms	01edC
12	1	2		יְהוָה֙	3068	HNp	01mRn
12	1	3		אֶל	413	HR	01axV
12	1	4		אַבְרָ֔ם	87	HNp	01o7u
12	1	5		לֶךְ	3212	HVqv2ms	01ihd
12	1	6		לְ/ךָ֛	l	HR/Sp2ms	01vRG
12	1	7		מֵ/אַרְצְ/ךָ֥	m/776	HR/Ncbsc/Sp2ms	01fGs
12	1	8		וּ/מִ/מּֽוֹלַדְתְּ/ךָ֖	c/m/4138	HC/R/Ncfsc/Sp2ms	015QH
12	1	9		וּ/מִ/בֵּ֣ית	c/m/1004 b	HC/R/Ncmsc	01R1Q
12	1	10		אָבִ֑י/ךָ	1	HNcmsc/Sp2ms	01ckh
12	1	11		אֶל	413	HR	01z9U
12	1	12		הָ/אָ֖רֶץ	d/776	HTd/Ncbsa	01ySc
12	1	13		אֲשֶׁ֥ר	834 a	HTr	01hPW
12	1	14		אַרְאֶֽ/ךָּ	7200	HVhi1cs/Sp2ms	01CfY
12	2	1		וְ/אֶֽעֶשְׂ/ךָ֙	c/6213 a	HC/Vqi1cs/Sp2ms	01b31
12	2	2		לְ/ג֣וֹי	l/1471 a	HR/Ncmsa	01PmK
12	2	3		גָּד֔וֹל	1419 a	HAamsa	01DVx
12	2	4		וַ/אֲבָ֣רֶכְ/ךָ֔	c/1288	HC/Vpi1cs/Sp2ms	01XEf
12	2	5		וַ/אֲגַדְּלָ֖ה	c/1431	HC/Vpi1cs	0156w
12	2	6		שְׁמֶ֑/ךָ	8034	HNcmsc/Sp2ms	01h2d
12	2	7		וֶ/הְיֵ֖ה	c/1961	HC/Vqv2ms	01GLn
12	2	8		בְּרָכָֽה	1293	HNcfsa	012mU
12	3	1		וַ/אֲבָֽרֲכָה֙	c/1288	HC/Vpi1cs	01gjo
12	3	2		מְבָ֣רְכֶ֔י/ךָ	1288	HVprmpc/Sp2ms	01jvq
12	3	3		וּ/מְקַלֶּלְ/ךָ֖	c/7043	HC/Vprmsc/Sp2ms	01kmi
12	3	4		אָאֹ֑ר	779	HVqi1cs	01uRv
12	3	5		וְ/נִבְרְכ֣וּ	c/1288	HC/VNp3cp	01YCW
12	3	6		בְ/ךָ֔	b	HR/Sp2ms	01uJ1
12	3	7		כֹּ֖ל	3605	HNcmsc	0171E
12	3	8		מִשְׁפְּחֹ֥ת	4940	HNcfpc	01kBH
12	3	9		הָ/אֲדָמָֽה	d/127	HTd/Ncfsa	01tFR
12	4	1		וַ/יֵּ֣לֶךְ	c/3212	HC/Vqw3ms	01oGq
12	4	2		אַבְרָ֗ם	87	HNp	01REV
12	4	3		כַּ/אֲשֶׁ֨ר	k/834 d	HR/Tr	01XBk
12	4	4		דִּבֶּ֤ר	1696	HVpp3ms	01WEz
12	4	5		אֵלָי/ו֙	413	HR/Sp3ms	01b9h
12	4	6		יְהוָ֔ה	3068	HNp	01jKo
12	4	7		וַ/יֵּ֥לֶךְ	c/3212	HC/Vqw3ms	015EL
12	4	8		אִתּ֖/וֹ	854	HR/Sp3ms	01CTs
12	4	9		ל֑וֹט	3876	HNp	01Cz7
12	4	10		וְ/אַבְרָ֗ם	c/87	HC/Np	014NJ
12	4	11		בֶּן	1121 a	HNcmsc	01nWS
12	4	12		חָמֵ֤שׁ	2568	HAcfsa	01CJ3
12	4	13		שָׁנִים֙	8141	HNcfpa	01Ymk
12	4	14		וְ/שִׁבְעִ֣ים	c/7657	HC/Acbpa	01fAS
12	4	15		שָׁנָ֔ה	8141	HNcfsa	01x3S
12	4	16		בְּ/צֵאת֖/וֹ	b/3318	HR/Vqc/Sp3ms	014tb
12	4	17		מֵ/חָרָֽן	m/2771 a	HR/Np	01a6P
12	5	1		וַ/יִּקַּ֣ח	c/3947	HC/Vqw3ms	01nWj
12	5	2		אַבְרָם֩	87	HNp	01eKZ
12	5	3		אֶת	853	HTo	01tM8
12	5	4		שָׂרַ֨י	8297	HNp	01CrC
12	5	5		אִשְׁתּ֜/וֹ	802	HNcfsc/Sp3ms	01q3W
12	5	6		וְ/אֶת	c/853	HC/To	01yMr
12	5	7		ל֣וֹט	3876	HNp	018Ci
12	5	8		בֶּן	1121 a	HNcmsc	01jsc
12	5	9		אָחִ֗י/ו	251	HNcmsc/Sp3ms	01kGg
12	5	10		וְ/אֶת	c/853	HC/To	01miQ
12	5	11		כָּל	3605	HNcmsc	01Q6Z
12	5	12		רְכוּשָׁ/ם֙	7399	HNcmsc/Sp3mp	01auq
12	5	13		אֲשֶׁ֣ר	834 a	HTr	01Nmy
12	5	14		רָכָ֔שׁוּ	7408	HVqp3cp	01HXq
12	5	15		וְ/אֶת	c/853	HC/To	01Prq
12	5	16		הַ/נֶּ֖פֶשׁ	d/5315	HTd/Ncbsa	01GoM
12	5	17		אֲשֶׁר	834 a	HTr	01Qit
12	5	18		עָשׂ֣וּ	6213 a	HVqp3cp	01EWH
12	5	19		בְ/חָרָ֑ן	b/2771 a	HR/Np	01v1C
12	5	20		וַ/יֵּצְא֗וּ	c/3318	HC/Vqw3mp	01tNG
12	5	21		לָ/לֶ֨כֶת֙	l/3212	HR/Vqc	01Hag
12	5	22		אַ֣רְצָ/ה	776	HNcbsc/Sd	01n52
12	5	23		כְּנַ֔עַן	3667 a	HNp	01eDt
12	5	24		וַ/יָּבֹ֖אוּ	c/935	HC/Vqw3mp	018jm
12	5	25		אַ֥רְצָ/ה	776	HNcbsc/Sd	01o98
12	5	26		כְּנָֽעַן	3667 a	HNp	015ax
12	6	1		וַ/יַּעֲבֹ֤ר	c/5674 a	HC/Vqw3ms	01ce1
12	6	2		אַבְרָם֙	87	HNp	01iyi
12	6	3		בָּ/אָ֔רֶץ	b/776	HRd/Ncbsa	019mB
12	6	4		עַ֚ד	5704	HR	011yE
12	6	5		מְק֣וֹם	4725	HNcmsc	01kZi
12	6	6		שְׁכֶ֔ם	7927	HNp	01XWn
12	6	7		עַ֖ד	5704	HR	01N3v
12	6	8		אֵל֣וֹן	436	HNcmsc	01WjB
12	6	9		מוֹרֶ֑ה	4176	HNp	01z8A
12	6	10		וְ/הַֽ/כְּנַעֲנִ֖י	c/d/3669 a	HC/Td/Ngmsa	01CqV
12	6	11		אָ֥ז	227 a	HD	01gaD
12	6	12		בָּ/אָֽרֶץ	b/776	HRd/Ncbsa	01iXd
12	7	1		וַ/יֵּרָ֤א	c/7200	HC/VNw3ms	01MD3
12	7	2		יְהוָה֙	3068	HNp	01HgW
12	7	3		אֶל	413	HR	01ns5
12	7	4		אַבְרָ֔ם	87	HNp	01jBp
12	7	5		וַ/יֹּ֕אמֶר	c/559	HC/Vqw3ms	01YWJ
12	7	6		לְ/זַ֨רְעֲ/ךָ֔	l/2233	HR/Ncmsc/Sp2ms	01SNT
12	7	7		אֶתֵּ֖ן	5414	HVqi1cs	013ye
12	7	8		אֶת	853	HTo	01sN7
12	7	9		הָ/אָ֣רֶץ	d/776	HTd/Ncbsa	01X85
12	7	10		הַ/זֹּ֑את	d/2063	HTd/Pdxfs	01oVd
12	7	11		וַ/יִּ֤בֶן	c/1129	HC/Vqw3ms	01Qiq
12	7	12		שָׁם֙	8033	HD	01hE4
12	7	13		מִזְבֵּ֔חַ	4196	HNcmsa	01pej
12	7	14		לַ/יהוָ֖ה	l/3068	HR/Np	01Y5A
12	7	15		הַ/נִּרְאֶ֥ה	d/7200	HTd/VNrmsa	01ti3
12	7	16		אֵלָֽי/ו	413	HR/Sp3ms	01XtY
12	8	1		וַ/יַּעְתֵּ֨ק	c/6275	HC/Vhw3ms	01kBb
12	8	2		מִ/שָּׁ֜ם	m/8033	HR/D	01CAc
12	8	3		הָ/הָ֗רָ/ה	d/2022	HTd/Ncmsa/Sd	01dWV
12	8	4		מִ/קֶּ֛דֶם	m/6924 a	HR/Ncmsa	01atD
12	8	5		לְ/בֵֽית	l/1008+	HR/Np	01Uit
12	8	6		אֵ֖ל	1008	HNp	01mrd
12	8	7		וַ/יֵּ֣ט	c/5186	HC/Vqw3ms	018NY
12	8	8		אָהֳלֹ֑/ה	168	HNcmsc/Sp3ms	01BdS
12	8	9		בֵּֽית	1008+	HNp	017d1
12	8	10		אֵ֤ל	1008	HNp	01iGP
12	8	11		מִ/יָּם֙	m/3220	HR/Ncmsa	01LXv
12	8	12		וְ/הָ/עַ֣י	c/d/5857	HC/Td/Np	01YrG
12	8	13		מִ/קֶּ֔דֶם	m/6924 a	HR/Ncmsa	01SBB
12	8	14		וַ/יִּֽבֶן	c/1129	HC/Vqw3ms	01EcU
12	8	15		שָׁ֤ם	8033	HD	01Yth
12	8	16		מִזְבֵּ֨חַ֙	4196	HNcmsa	01fZb
12	8	17		לַֽ/יהוָ֔ה	l/3068	HR/Np	01G6t
12	8	18		וַ/יִּקְרָ֖א	c/7121	HC/Vqw3ms	014zB
12	8	19		בְּ/שֵׁ֥ם	b/8034	HR/Ncmsc	01DaG
12	8	20		יְהוָֽה	3068	HNp	01USD
12	9	1		וַ/יִּסַּ֣ע	c/5265	HC/Vqw3ms	012W4
12	9	2		אַבְרָ֔ם	87	HNp	01Uzr
12	9	3		הָל֥וֹךְ	1980	HVqa	015bQ
12	9	4		וְ/נָס֖וֹעַ	c/5265	HC/Vqa	01whG
12	9	5		הַ/נֶּֽגְבָּ/ה	d/5045	HTd/Ncmsa/Sd	01Ztm
12	10	1		וַ/יְהִ֥י	c/1961	HC/Vqw3ms	01gob
12	10	2		רָעָ֖ב	7458	HNcmsa	01QLb
12	10	3		בָּ/אָ֑רֶץ	b/776	HRd/Ncbsa	01CzH
12	10	4		וַ/יֵּ֨רֶד	c/3381	HC/Vqw3ms	01SRf
12	10	5		אַבְרָ֤ם	87	HNp	01aUL
12	10	6		מִצְרַ֨יְמָ/ה֙	4714	HNp/Sd	01ABu
12	10	7		לָ/ג֣וּר	l/1481 a	HR/Vqc	01Qno
12	10	8		שָׁ֔ם	8033	HD	01faU
12	10	9		כִּֽי	3588 a	HC	01xJG
12	10	10		כָבֵ֥ד	3515	HAamsa	01mUS
12	10	11		הָ/רָעָ֖ב	d/7458	HTd/Ncmsa	01rbb
12	10	12		בָּ/אָֽרֶץ	b/776	HRd/Ncbsa	017s1
12	11	1		וַ/יְהִ֕י	c/1961	HC/Vqw3ms	01g7p
12	11	2		כַּ/אֲשֶׁ֥ר	k/834 d	HR/Tr	01SNp
12	11	3		הִקְרִ֖יב	7126	HVhp3ms	01Fjh
12	11	4		לָ/ב֣וֹא	l/935	HR/Vqc	01aH9
12	11	5		מִצְרָ֑יְמָ/ה	4714	HNp/Sd	01kv5
12	11	6		וַ/יֹּ֨אמֶר֙	c/559	HC/Vqw3ms	01RUm
12	11	7		אֶל	413	HR	01NJw
12	11	8		שָׂרַ֣י	8297	HNp	01pgX
12	11	9		אִשְׁתּ֔/וֹ	802	HNcfsc/Sp3ms	01pvp
12	11	10		הִנֵּה	2009	HTm	01g9e
12	11	11		נָ֣א	4994	HTe	01qtY
12	11	12		יָדַ֔עְתִּי	3045	HVqp1cs	01mno
12	11	13		כִּ֛י	3588 a	HC	015Ne
12	11	14		אִשָּׁ֥ה	802	HNcfsa	01kfA
12	11	15		יְפַת	3303	HAafsc	01o9X
12	11	16		מַרְאֶ֖ה	4758	HNcmsa	01qEq
12	11	17		אָֽתְּ	859 c	HPp2fs	01FMs
12	12	1		וְ/הָיָ֗ה	c/1961	HC/Vqp3ms	01uss
12	12	2		כִּֽי	3588 a	HC	01LSu
12	12	3		יִרְא֤וּ	7200	HVqi3mp	01X7L
12	12	4		אֹתָ/ךְ֙	853	HTo/Sp2fs	01acK
12	12	5		הַ/מִּצְרִ֔ים	d/4713	HTd/Ngmpa	01Bfx
12	12	6		וְ/אָמְר֖וּ	c/559	HC/Vqp3cp	01Jcq
12	12	7		אִשְׁתּ֣/וֹ	802	HNcfsc/Sp3ms	01yxB
12	12	8		זֹ֑את	2063	HPdxfs	01EMh
12	12	9		וְ/הָרְג֥וּ	c/2026	HC/Vqp3cp	01oSC
12	12	10		אֹתִ֖/י	853	HTo/Sp1cs	01x6j
12	12	11		וְ/אֹתָ֥/ךְ	c/853	HC/To/Sp2fs	01sqj
12	12	12		יְחַיּֽוּ	2421	HVpi3mp	01U8L
12	13	1		אִמְרִי	559	HVqv2fs	01N1A
12	13	2		נָ֖א	4994	HTe	01S7G
12	13	3		אֲחֹ֣תִ/י	269	HNcfsc/Sp1cs	01jyn
12	13	4		אָ֑תְּ	859 c	HPp2fs	01K1A
12	13	5		לְמַ֨עַן֙	4616	HR	01uDX
12	13	6		יִֽיטַב	3190	HVqi3ms	01xoq
12	13	7		לִ֣/י	l	HR/Sp1cs	01p8s
12	13	8		בַ/עֲבוּרֵ֔/ךְ	b/5668	HR/Ncmsc/Sp2fs	01u7q
12	13	9		וְ/חָיְתָ֥ה	c/2421	HC/Vqp3fs	01WtS
12	13	10		נַפְשִׁ֖/י	5315	HNcbsc/Sp1cs	01PiF
12	13	11		בִּ/גְלָלֵֽ/ךְ	b/1558	HR/Ncmsc/Sp2fs	01wyB
12	14	1		וַ/יְהִ֕י	c/1961	HC/Vqw3ms	01uBF
12	14	2		כְּ/ב֥וֹא	k/935	HR/Vqc	01wqi
12	14	3		אַבְרָ֖ם	87	HNp	01Fm8
12	14	4		מִצְרָ֑יְמָ/ה	4714	HNp/Sd	015Sy
12	14	5		וַ/יִּרְא֤וּ	c/7200	HC/Vqw3mp	012gS
12	14	6		הַ/מִּצְרִים֙	d/4713	HTd/Ngmpa	01Jut
12	14	7		אֶת	853	HTo	01p3n
12	14	8		הָ֣/אִשָּׁ֔ה	d/802	HTd/Ncfsa	01d68
12	14	9		כִּֽי	3588 a	HC	01qeT
12	14	10		יָפָ֥ה	3303	HAafsa	012pY
12	14	11		הִ֖וא	1931	HPp3fs	01hYY
12	14	12		מְאֹֽד	3966	HD	01gz6
12	15	1		וַ/יִּרְא֤וּ	c/7200	HC/Vqw3mp	01YKe
12	15	2		אֹתָ/הּ֙	853	HTo/Sp3fs	01LnX
12	15	3		שָׂרֵ֣י	8269	HNcmpc	01fBS
12	15	4		פַרְעֹ֔ה	6547	HNp	01r2p
12	15	5		וַ/יְהַֽלְל֥וּ	c/1984 b	HC/Vpw3mp	01RiY
12	15	6		אֹתָ֖/הּ	853	HTo/Sp3fs	01ZhF
12	15	7		אֶל	413	HR	01M4z
12	15	8		פַּרְעֹ֑ה	6547	HNp	01t9s
12	15	9		וַ/תֻּקַּ֥ח	c/3947	HC/VQw3fs	01ubY
12	15	10		הָ/אִשָּׁ֖ה	d/802	HTd/Ncfsa	01hDs
12	15	11		בֵּ֥ית	1004 b	HNcmsc	01tti
12	15	12		פַּרְעֹֽה	6547	HNp	01Ht3
12	16	1		וּ/לְ/אַבְרָ֥ם	c/l/87	HC/R/Np	0137A
12	16	2		הֵיטִ֖יב	3190	HVhp3ms	01ZhJ
12	16	3		בַּ/עֲבוּרָ֑/הּ	b/5668	HR/Ncmsc/Sp3fs	01SmQ
12	16	4		וַֽ/יְהִי	c/1961	HC/Vqw3ms	01MZa
12	16	5		ל֤/וֹ	l	HR/Sp3ms	01zKB
12	16	6		צֹאן	6629	HNcbsa	01eLd
12	16	7		וּ/בָקָר֙	c/1241	HC/Ncbsa	01o5N
12	16	8		וַ/חֲמֹרִ֔ים	c/2543	HC/Ncbpa	01S8J
12	16	9		וַ/עֲבָדִים֙	c/5650	HC/Ncmpa	01wdY
12	16	10		וּ/שְׁפָחֹ֔ת	c/8198	HC/Ncfpa	014qA
12	16	11		וַ/אֲתֹנֹ֖ת	c/860	HC/Ncfpa	01vHo
12	16	12		וּ/גְמַלִּֽים	c/1581	HC/Ncmpa	01JGD
12	17	1		וַ/יְנַגַּ֨ע	c/5060	HC/Vpw3ms	016uD
12	17	2		יְהוָ֧ה	3068	HNp	01CXt
12	17	3		אֶת	853	HTo	01Pwy
12	17	4		פַּרְעֹ֛ה	6547	HNp	018Dn
12	17	5		נְגָעִ֥ים	5061	HNcmpa	01avv
12	17	6		גְּדֹלִ֖ים	1419 a	HAampa	01bKm
12	17	7		וְ/אֶת	c/853	HC/To	014Vj
12	17	8		בֵּית֑/וֹ	1004 b	HNcmsc/Sp3ms	011Ae
12	17	9		עַל	5921 a	HR	01Kmu
12	17	10		דְּבַ֥ר	1697	HNcmsc	01yUJ
12	17	11		שָׂרַ֖י	8297	HNp	01UZY
12	17	12		אֵ֥שֶׁת	802	HNcfsc	01t13
12	17	13		אַבְרָֽם	87	HNp	01SW7
12	18	1		וַ/יִּקְרָ֤א	c/7121	HC/Vqw3ms	01znf
12	18	2		פַרְעֹה֙	6547	HNp	0112R
12	18	3		לְ/אַבְרָ֔ם	l/87	HR/Np	01Wm7
12	18	4		וַ/יֹּ֕אמֶר	c/559	HC/Vqw3ms	01Jxk
12	18	5		מַה	4100	HTi	01zc3
12	18	6		זֹּ֖את	2063	HPdxfs	01hE9
12	18	7		עָשִׂ֣יתָ	6213 a	HVqp2ms	01NHf
12	18	8		לִּ֑/י	l	HR/Sp1cs	01d3H
12	18	9		לָ֚/מָּה	l/4100	HR/Ti	01hmj
12	18	10		לֹא	3808	HTn	01GSJ
12	18	11		הִגַּ֣דְתָּ	5046	HVhp2ms	01RMB
12	18	12		לִּ֔/י	l	HR/Sp1cs	012am
12	18	13		כִּ֥י	3588 a	HC	01Pwx
12	18	14		אִשְׁתְּ/ךָ֖	802	HNcfsc/Sp2ms	01sNu
12	18	15		הִֽוא	1931	HPp3fs	01SGp
12	19	1		לָ/מָ֤ה	l/4100	HR/Ti	01AKE
12	19	2		אָמַ֨רְתָּ֙	559	HVqp2ms	01BdE
12	19	3		אֲחֹ֣תִ/י	269	HNcfsc/Sp1cs	01Z58
12	19	4		הִ֔וא	1931	HPp3fs	01sXJ
12	19	5		וָ/אֶקַּ֥ח	c/3947	HC/Vqw1cs	01nEL
12	19	6		אֹתָ֛/הּ	853	HTo/Sp3fs	01LDB
12	19	7		לִ֖/י	l	HR/Sp1cs	01Lsc
12	19	8		לְ/אִשָּׁ֑ה	l/802	HR/Ncfsa	014Se
12	19	9		וְ/עַתָּ֕ה	c/6258	HC/D	01KM8
12	19	10		הִנֵּ֥ה	2009	HTm	019DU
12	19	11		אִשְׁתְּ/ךָ֖	802	HNcfsc/Sp2ms	014Q5
12	19	12		קַ֥ח	3947	HVqv2ms	01NAz
12	19	13		וָ/לֵֽךְ	c/3212	HC/Vqv2ms	01xWi
12	20	1		וַ/יְצַ֥ו	c/6680	HC/Vpw3ms	01kqa
12	20	2		עָלָ֛י/ו	5921 a	HR/Sp3ms	01Awb
12	20	3		פַּרְעֹ֖ה	6547	HNp	01Us6
12	20	4		אֲנָשִׁ֑ים	376	HNcmpa	01XWb
12	20	5		וַֽ/יְשַׁלְּח֥וּ	c/7971	HC/Vpw3mp	01AzE
12	20	6		אֹת֛/וֹ	853	HTo/Sp3ms	01zMc
12	20	7		וְ/אֶת	c/853	HC/To	01f4L
12	20	8		אִשְׁתּ֖/וֹ	802	HNcfsc/Sp3ms	01zMh
12	20	9		וְ/אֶת	c/853	HC/To	01uRx
12	20	10		כָּל	3605	HNcmsc	01u5G
12	20	11		אֲשֶׁר	834 a	HTr	01V2c
12	20	12		לֽ/וֹ	l	HR/Sp3ms	01GoD
13	1	1		וַ/יַּעַל֩	c/5927	HC/Vqw3ms	01Euf
13	1	2		אַבְרָ֨ם	87	HNp	01hmw
13	1	3		מִ/מִּצְרַ֜יִם	m/4714	HR/Np	01Hme
13	1	4		ה֠וּא	1931	HPp3ms	01pDV
13	1	5		וְ/אִשְׁתּ֧/וֹ	c/802	HC/Ncfsc/Sp3ms	01zCP
13	1	6		וְ/כָל	c/3605	HC/Ncmsc	01QxP
13	1	7		אֲשֶׁר	834 a	HTr	01ihJ
13	1	8		ל֛/וֹ	l	HR/Sp3ms	01NR3
13	1	9		וְ/ל֥וֹט	c/3876	HC/Np	01Wsp
13	1	10		עִמּ֖/וֹ	5973 a	HR/Sp3ms	01eVQ
13	1	11		הַ/נֶּֽגְבָּ/ה	d/5045	HTd/Ncmsa/Sd	01upN
13	2	1		וְ/אַבְרָ֖ם	c/87	HC/Np	01Zh8
13	2	2		כָּבֵ֣ד	3513	HAamsa	01Pf6
13	2	3		מְאֹ֑ד	3966	HD	01kEn
13	2	4		בַּ/מִּקְנֶ֕ה	b/4735	HRd/Ncmsa	01det
13	2	5		בַּ/כֶּ֖סֶף	b/3701	HRd/Ncmsa	01peM
13	2	6		וּ/בַ/זָּהָֽב	c/b/2091	HC/Rd/Ncmsa	01dMe
13	3	1		וַ/יֵּ֨לֶךְ֙	c/3212	HC/Vqw3ms	01VmC
13	3	2		לְ/מַסָּעָ֔י/ו	l/4550	HR/Ncmpc/Sp3ms	01wQx
13	3	3		מִ/נֶּ֖גֶב	m/5045	HR/Ncmsa	01VMV
13	3	4		וְ/עַד	c/5704	HC/R	01GSm
13	3	5		בֵּֽית	1008+	HNp	015sF
13	3	6		אֵ֑ל	1008	HNp	01Rdh
13	3	7		עַד	5704	HR	01V35
13	3	8		הַ/מָּק֗וֹם	d/4725	HTd/Ncmsa	01iQU
13	3	9		אֲשֶׁר	834 a	HTr	014GK
13	3	10		הָ֨יָה	1961	HVqp3ms	017A7
13	3	11		שָׁ֤ם	8033	HD	01W71
13	3	12	x-ketiv	אהל/ה	168	HNcmsc/Sp3ms	0188E
13	3	13		אָֽהֳל/וֹ֙	168	HNcmsc/Sp3ms	01Gdj
13	3	14		בַּ/תְּחִלָּ֔ה	b/8462	HRd/Ncfsa	01h3q
13	3	15		בֵּ֥ין	996	HR	01fkU
13	3	16		בֵּֽית	1008+	HNp	01Ass
13	3	17		אֵ֖ל	1008	HNp	0197U
13	3	18		וּ/בֵ֥ין	c/996	HC/R	01YSa
13	3	19		הָ/עָֽי	d/5857	HTd/Np	01FHj
13	4	1		אֶל	413	HR	018ZH
13	4	2		מְקוֹם֙	4725	HNcmsc	01vK2
13	4	3		הַ/מִּזְבֵּ֔חַ	d/4196	HTd/Ncmsa	01SNW
13	4	4		אֲשֶׁר	834 a	HTr	01Mrd
13	4	5		עָ֥שָׂה	6213 a	HVqp3ms	01mxr
13	4	6		שָׁ֖ם	8033	HD	01Rm3
13	4	7		בָּ/רִאשֹׁנָ֑ה	b/7223	HRd/Aofsa	01JFe
13	4	8		וַ/יִּקְרָ֥א	c/7121	HC/Vqw3ms	01Vat
13	4	9		שָׁ֛ם	8033	HD	014Nu
13	4	10		אַבְרָ֖ם	87	HNp	0159s
13	4	11		בְּ/שֵׁ֥ם	b/8034	HR/Ncmsc	01yAS
13	4	12		יְהוָֽה	3068	HNp	01Drk
13	5	1		וְ/גַם	c/1571	HC/Ta	01kox
13	5	2		לְ/ל֔וֹט	l/3876	HR/Np	01qHe
13	5	3		הַ/הֹלֵ֖ךְ	d/1980	HTd/Vqrmsa	01bLP
13	5	4		אֶת	854	HR	01VkX
13	5	5		אַבְרָ֑ם	87	HNp	01Cjp
13	5	6		הָיָ֥ה	1961	HVqp3ms	019dQ
13	5	7		צֹאן	6629	HNcbsa	01VAa
13	5	8		וּ/בָקָ֖ר	c/1241	HC/Ncbsa	01PY4
13	5	9		וְ/אֹהָלִֽים	c/168	HC/Ncmpa	01N7X
13	6	1		וְ/לֹא	c/3808	HC/Tn	019vs
13	6	2		נָשָׂ֥א	5375	HVqp3ms	01C5h
13	6	3		אֹתָ֛/ם	853	HTo/Sp3mp	01a7n
13	6	4		הָ/אָ֖רֶץ	d/776	HTd/Ncbsa	01zJe
13	6	5		לָ/שֶׁ֣בֶת	l/3427	HR/Vqc	01PcK
13	6	6		יַחְדָּ֑ו	3162 b	HD	01c4r
13	6	7		כִּֽי	3588 a	HC	011zb
13	6	8		הָיָ֤ה	1961	HVqp3ms	0189i
13	6	9		רְכוּשָׁ/ם֙	7399	HNcmsc/Sp3mp	01sCL
13	6	10		רָ֔ב	7227 a	HAamsa	01faF
13	6	11		וְ/לֹ֥א	c/3808	HC/Tn	01kqz
13	6	12		יָֽכְל֖וּ	3201	HVqp3cp	0196q
13	6	13		לָ/שֶׁ֥בֶת	l/3427	HR/Vqc	01ret
13	6	14		יַחְדָּֽו	3162 b	HD	01C7D
13	7	1		וַֽ/יְהִי	c/1961	HC/Vqw3ms	012md
13	7	2		רִ֗יב	7379	HNcbsa	01XGJ
13	7	3		בֵּ֚ין	996	HR	01hPa
13	7	4		רֹעֵ֣י	7473	HVqrmpc	01vef
13	7	5		מִקְנֵֽה	4735	HNcmsc	01cJJ
13	7	6		אַבְרָ֔ם	87	HNp	01rbT
13	7	7		וּ/בֵ֖ין	c/996	HC/R	018Ea
13	7	8		רֹעֵ֣י	7473	HVqrmpc	01gVK
13	7	9		מִקְנֵה	4735	HNcmsc	014HS
13	7	10		ל֑וֹט	3876	HNp	01mj8
13	7	11		וְ/הַֽ/כְּנַעֲנִי֙	c/d/3669 a	HC/Td/Ngmsa	01bJu
13	7	12		וְ/הַ/פְּרִזִּ֔י	c/d/6522	HC/Td/Ngmsa	01MwN
13	7	13		אָ֖ז	227 a	HD	01wWB
13	7	14		יֹשֵׁ֥ב	3427	HVqrmsa	01trS
13	7	15		בָּ/אָֽרֶץ	b/776	HRd/Ncbsa	01i8H
13	8	1		וַ/יֹּ֨אמֶר	c/559	HC/Vqw3ms	01rzM
13	8	2		אַבְרָ֜ם	87	HNp	01wUo
13	8	3		אֶל	413	HR	01R7j
13	8	4		ל֗וֹט	3876	HNp	01qgv
13	8	5		אַל	408	HTn	012zb
13	8	6		נָ֨א	4994	HTe	019RY
13	8	7		תְהִ֤י	1961	HVqj3fs	01sqX
13	8	8		מְרִיבָה֙	4808	HNcfsa	01aqQ
13	8	9		בֵּינִ֣/י	996	HR/Sp1cs	01rK8
13	8	10		וּ/בֵינֶ֔י/ךָ	c/996	HC/R/Sp2ms	01LMs
13	8	11		וּ/בֵ֥ין	c/996	HC/R	01SGP
13	8	12		רֹעַ֖/י	7473	HVqrmpc/Sp1cs	01wyN
13	8	13		וּ/בֵ֣ין	c/996	HC/R	013Wk
13	8	14		רֹעֶ֑י/ךָ	7473	HVqrmpc/Sp2ms	01MKh
13	8	15		כִּֽי	3588 a	HC	01xqJ
13	8	16		אֲנָשִׁ֥ים	376	HNcmpa	01aoc
13	8	17		אַחִ֖ים	251	HNcmpa	01aM6
13	8	18		אֲנָֽחְנוּ	587	HPp1cp	01ujL
13	9	1		הֲ/לֹ֤א	i/3808	HTi/Tn	01i5Y
13	9	2		כָל	3605	HNcmsc	01npa
13	9	3		הָ/אָ֨רֶץ֙	d/776	HTd/Ncbsa	01E9M
13	9	4		לְ/פָנֶ֔י/ךָ	l/6440	HR/Ncbpc/Sp2ms	01x2c
13	9	5		הִפָּ֥רֶד	6504	HVNv2ms	01Y2D
13	9	6		נָ֖א	4994	HTe	01Meo
13	9	7		מֵ/עָלָ֑/י	m/5921 a	HR/R/Sp1cs	01h5c
13	9	8		אִם	518 a	HC	01Nsn
13	9	9		הַ/שְּׂמֹ֣אל	d/8040	HTd/Ncmsa	01Pej
13	9	10		וְ/אֵימִ֔נָה	c/3231	HC/Vhh1cs	01tYz
13	9	11		וְ/אִם	c/518 a	HC/C	01Pcn
13	9	12		הַ/יָּמִ֖ין	d/3225	HTd/Ncfsa	01SiH
13	9	13		וְ/אַשְׂמְאִֽילָה	c/8041	HC/Vhh1cs	015cU
13	10	1		וַ/יִּשָּׂא	c/5375	HC/Vqw3ms	01Eeo
13	10	2		ל֣וֹט	3876	HNp	01mie
13	10	3		אֶת	853	HTo	01Unm
13	10	4		עֵינָ֗י/ו	5869 a	HNcbdc/Sp3ms	01kSG
13	10	5		וַ/יַּרְא֙	c/7200	HC/Vqw3ms	01gGY
13	10	6		אֶת	853	HTo	01wFV
13	10	7		כָּל	3605	HNcmsc	01RCx
13	10	8		כִּכַּ֣ר	3603	HNcbsc	01ti5
13	10	9		הַ/יַּרְדֵּ֔ן	d/3383	HTd/Np	01rN3
13	10	10		כִּ֥י	3588 a	HC	01BLX
13	10	11		כֻלָּ֖/הּ	3605	HNcmsc/Sp3fs	01boU
13	10	12		מַשְׁקֶ֑ה	4945 b	HNcmsa	01d1n
13	10	13		לִ/פְנֵ֣י	l/6440	HR/Ncbpc	01b8r
13	10	14		שַׁחֵ֣ת	7843	HVpc	01PBA
13	10	15		יְהוָ֗ה	3068	HNp	01V4e
13	10	16		אֶת	853	HTo	01Es6
13	10	17		סְדֹם֙	5467	HNp	01Uhs
13	10	18		וְ/אֶת	c/853	HC/To	01aMR
13	10	19		עֲמֹרָ֔ה	6017	HNp	01UuW
13	10	20		כְּ/גַן	k/1588	HR/Ncbsc	01RPy
13	10	21		יְהוָה֙	3068	HNp	01udF
13	10	22		כְּ/אֶ֣רֶץ	k/776	HR/Ncbsc	01Sy4
13	10	23		מִצְרַ֔יִם	4714	HNp	01jnZ
13	10	24		בֹּאֲ/כָ֖ה	935	HVqc/Sp2ms	01jnF
13	10	25		צֹֽעַר	6820	HNp	017ss
13	11	1		וַ/יִּבְחַר	c/977	HC/Vqw3ms	01ino
13	11	2		ל֣/וֹ	l	HR/Sp3ms	01XLt
13	11	3		ל֗וֹט	3876	HNp	01ZsF
13	11	4		אֵ֚ת	853	HTo	011cW
13	11	5		כָּל	3605	HNcmsc	01AjK
13	11	6		כִּכַּ֣ר	3603	HNcbsc	01pFJ
13	11	7		הַ/יַּרְדֵּ֔ן	d/3383	HTd/Np	01K1X
13	11	8		וַ/יִּסַּ֥ע	c/5265	HC/Vqw3ms	01mKX
13	11	9		ל֖וֹט	3876	HNp	01Mpt
13	11	10		מִ/קֶּ֑דֶם	m/6924 a	HR/Ncmsa	01wP4
13	11	11		וַ/יִּפָּ֣רְד֔וּ	c/6504	HC/VNw3mp	01jmU
13	11	12		אִ֖ישׁ	376	HNcmsa	01eRW
13	11	13		מֵ/עַ֥ל	m/5921 a	HR/R	01tQY
13	11	14		אָחִֽי/ו	251	HNcmsc/Sp3ms	01R4T
13	12	1		אַבְרָ֖ם	87	HNp	014cT
13	12	2		יָשַׁ֣ב	3427	HVqp3ms	01m9t
13	12	3		בְּ/אֶֽרֶץ	b/776	HR/Ncbsc	01MxN
13	12	4		כְּנָ֑עַן	3667 a	HNp	01HKE
13	12	5		וְ/ל֗וֹט	c/3876	HC/Np	01HTT
13	12	6		יָשַׁב֙	3427	HVqp3ms	01V1j
13	12	7		בְּ/עָרֵ֣י	b/5892 b	HR/Ncfpc	012Js
13	12	8		הַ/כִּכָּ֔ר	d/3603	HTd/Ncbsa	01W9E
13	12	9		וַ/יֶּאֱהַ֖ל	c/167	HC/Vqw3ms	01T7b
13	12	10		עַד	5704	HR	012vK
13	12	11		סְדֹֽם	5467	HNp	01uMy
13	13	1		וְ/אַנְשֵׁ֣י	c/376	HC/Ncmpc	01686
13	13	2		סְדֹ֔ם	5467	HNp	01afp
13	13	3		רָעִ֖ים	7451 a	HAampa	01kV5
13	13	4		וְ/חַטָּאִ֑ים	c/2400	HC/Aampa	01yK5
13	13	5		לַ/יהוָ֖ה	l/3068	HR/Np	01kcg
13	13	6		מְאֹֽד	3966	HD	01RRm
13	14	1		וַֽ/יהוָ֞ה	c/3068	HC/Np	017pV
13	14	2		אָמַ֣ר	559	HVqp3ms	01HhQ
13	14	3		אֶל	413	HR	01zX3
13	14	4		אַבְרָ֗ם	87	HNp	01qit
13	14	5		אַחֲרֵי֙	310 a	HR	01mju
13	14	6		הִפָּֽרֶד	6504	HVNc	01XGi
13	14	7		ל֣וֹט	3876	HNp	01UFc
13	14	8		מֵֽ/עִמּ֔/וֹ	m/5973 b	HR/R/Sp3ms	017B8
13	14	9		שָׂ֣א	5375	HVqv2ms	01a34
13	14	10		נָ֤א	4994	HTe	01aKv
13	14	11		עֵינֶ֨י/ךָ֙	5869 a	HNcbdc/Sp2ms	01v9T
13	14	12		וּ/רְאֵ֔ה	c/7200	HC/Vqv2ms	012tz
13	14	13		מִן	4480 a	HR	012y9
13	14	14		הַ/מָּק֖וֹם	d/4725	HTd/Ncmsa	01swM
13	14	15		אֲשֶׁר	834 a	HTr	01wiK
13	14	16		אַתָּ֣ה	859 a	HPp2ms	01sDy
13	14	17		שָׁ֑ם	8033	HD	01crC
13	14	18		צָפֹ֥נָ/ה	6828	HNcfsa/Sd	01Bwp
13	14	19		וָ/נֶ֖גְבָּ/ה	c/5045	HC/Ncmsa/Sd	01yNo
13	14	20		וָ/קֵ֥דְמָ/ה	c/6924 b	HC/Ncmsa/Sd	01zMn
13	14	21		וָ/יָֽמָּ/ה	c/3220	HC/Ncmsa/Sd	01TXQ
13	15	1		כִּ֧י	3588 a	HC	01hfV
13	15	2		אֶת	853	HTo	01K2f
13	15	3		כָּל	3605	HNcmsc	01hMA
13	15	4		הָ/אָ֛רֶץ	d/776	HTd/Ncbsa	01g6w
13	15	5		אֲשֶׁר	834 a	HTr	01Dxg
13	15	6		אַתָּ֥ה	859 a	HPp2ms	01hDt
13	15	7		רֹאֶ֖ה	7200	HVqrmsa	01JoU
13	15	8		לְ/ךָ֣	l	HR/Sp2ms	01zcL
13	15	9		אֶתְּנֶ֑/נָּה	5414	HVqi1cs/Sp3fs	015eb
13	15	10		וּֽ/לְ/זַרְעֲ/ךָ֖	c/l/2233	HC/R/Ncmsc/Sp2ms	01E5V
13	15	11		עַד	5704	HR	01shT
13	15	12		עוֹלָֽם	5769	HNcmsa	01Gxb
13	16	1		וְ/שַׂמְתִּ֥י	c/7760 a	HC/Vqq1cs	01xdy
13	16	2		אֶֽת	853	HTo	01xcf
13	16	3		זַרְעֲ/ךָ֖	2233	HNcmsc/Sp2ms	01R9X
13	16	4		כַּ/עֲפַ֣ר	k/6083	HR/Ncmsc	01gMk
13	16	5		הָ/אָ֑רֶץ	d/776	HTd/Ncbsa	01wFk
13	16	6		אֲשֶׁ֣ר	834 a	HTr	011yV
13	16	7		אִם	518 a	HC	01UKs
13	16	8		יוּכַ֣ל	3201	HVqi3ms	01mMQ
13	16	9		אִ֗ישׁ	376	HNcmsa	01akU
13	16	10		לִ/מְנוֹת֙	l/4487	HR/Vqc	01FdP
13	16	11		אֶת	853	HTo	01fBN
13	16	12		עֲפַ֣ר	6083	HNcmsc	01QgK
13	16	13		הָ/אָ֔רֶץ	d/776	HTd/Ncbsa	01aPN
13	16	14		גַּֽם	1571	HTa	01XHx
13	16	15		זַרְעֲ/ךָ֖	2233	HNcmsc/Sp2ms	01xxk
13	16	16		יִמָּנֶֽה	4487	HVNi3ms	01ShD
13	17	1		ק֚וּם	6965 b	HVqv2ms	01MEx
13	17	2		הִתְהַלֵּ֣ךְ	1980	HVtv2ms	0186V
13	17	3		בָּ/אָ֔רֶץ	b/776	HRd/Ncbsa	014gS
13	17	4		לְ/אָרְכָּ֖/הּ	l/753	HR/Ncmsc/Sp3fs	01X5d
13	17	5		וּ/לְ/רָחְבָּ֑/הּ	c/l/7341	HC/R/Ncmsc/Sp3fs	012oP
13	17	6		כִּ֥י	3588 a	HC	01fEW
13	17	7		לְ/ךָ֖	l	HR/Sp2ms	01mbg
13	17	8		אֶתְּנֶֽ/נָּה	5414	HVqi1cs/Sp3fs	01uda
13	18	1		וַ/יֶּאֱהַ֣ל	c/167	HC/Vqw3ms	01fci
13	18	2		אַבְרָ֗ם	87	HNp	01FqG
13	18	3		וַ/יָּבֹ֛א	c/935	HC/Vqw3ms	01LVx
13	18	4		וַ/יֵּ֛שֶׁב	c/3427	HC/Vqw3ms	011w8
13	18	5		בְּ/אֵלֹנֵ֥י	b/436	HR/Ncmpc	01wEJ
13	18	6		מַמְרֵ֖א	4471	HNp	01X5H
13	18	7		אֲשֶׁ֣ר	834 a	HTr	01Zhq
13	18	8		בְּ/חֶבְר֑וֹן	b/2275 a	HR/Np	01b1X
13	18	9		וַ/יִּֽבֶן	c/1129	HC/Vqw3ms	01w8M
13	18	10		שָׁ֥ם	8033	HD	01tdz
13	18	11		מִזְבֵּ֖חַ	4196	HNcmsa	01giU
13	18	12		לַֽ/יהוָֽה	l/3068	HR/Np	01iXF
14	1	1		וַ/יְהִ֗י	c/1961	HC/Vqw3ms	01ssa
14	1	2		בִּ/ימֵי֙	b/3117	HR/Ncmpc	01REu
14	1	3		אַמְרָפֶ֣ל	569	HNp	01Tdr
14	1	4		מֶֽלֶךְ	4428	HNcmsc	01BFg
14	1	5		שִׁנְעָ֔ר	8152	HNp	01T8E
14	1	6		אַרְי֖וֹךְ	746 a	HNp	01WQf
14	1	7		מֶ֣לֶךְ	4428	HNcmsc	01eUm
14	1	8		אֶלָּסָ֑ר	495	HNp	016Tw
14	1	9		כְּדָרְלָעֹ֨מֶר֙	3540	HNp	01ywr
14	1	10		מֶ֣לֶךְ	4428	HNcmsc	01oym
14	1	11		עֵילָ֔ם	5867 a	HNp	01Di6
14	1	12		וְ/תִדְעָ֖ל	c/8413	HC/Np	01AXZ
14	1	13		מֶ֥לֶךְ	4428	HNcmsc	01o2H
14	1	14		גּוֹיִֽם	1471 b	HNp	01MaF
14	2	1		עָשׂ֣וּ	6213 a	HVqp3cp	015PZ
14	2	2		מִלְחָמָ֗ה	4421	HNcfsa	01Gcz
14	2	3		אֶת	854	HR	01kjt
14	2	4		בֶּ֨רַע֙	1298	HNp	01nTA
14	2	5		מֶ֣לֶךְ	4428	HNcmsc	01Xw7
14	2	6		סְדֹ֔ם	5467	HNp	01X3d
14	2	7		וְ/אֶת	c/854	HC/R	015Mw
14	2	8		בִּרְשַׁ֖ע	1306	HNp	01uvu
14	2	9		מֶ֣לֶךְ	4428	HNcmsc	01z1m
14	2	10		עֲמֹרָ֑ה	6017	HNp	01BYB
14	2	11		שִׁנְאָ֣ב	8134	HNp	01fDj
14	2	12		מֶ֣לֶךְ	4428	HNcmsc	01UXN
14	2	13		אַדְמָ֗ה	126	HNp	01wXa
14	2	14		וְ/שֶׁמְאֵ֨בֶר֙	c/8038	HC/Np	01CmE
14	2	15		מֶ֣לֶךְ	4428	HNcmsc	01bdC
14	2	16	x-ketiv	צביים	6636	HNp	01gUj
14	2	17		צְבוֹיִ֔ים	6636	HNp	01kJL
14	2	18		וּ/מֶ֥לֶךְ	c/4428	HC/Ncmsc	01SLq
14	2	19		בֶּ֖לַע	1106 b	HNp	01W3H
14	2	20		הִיא	1931	HPp3fs	01qJ4
14	2	21		צֹֽעַר	6820	HNp	01aVp
14	3	1		כָּל	3605	HNcmsc	01JGF
14	3	2		אֵ֨לֶּה֙	428	HPdxcp	019aY
14	3	3		חָֽבְר֔וּ	2266	HVqp3cp	019pt
14	3	4		אֶל	413	HR	0124k
14	3	5		עֵ֖מֶק	6010	HNcmsc	011M6
14	3	6		הַ/שִּׂדִּ֑ים	d/7708	HTd/Np	019Dg
14	3	7		ה֖וּא	1931	HPp3ms	01RHw
14	3	8		יָ֥ם	3220	HNcmsc	01J9s
14	3	9		הַ/מֶּֽלַח	d/4417	HTd/Ncmsa	01t9t
14	4	1		שְׁתֵּ֤ים	8147	HAcfda	01ZqP
14	4	2		עֶשְׂרֵה֙	6240	HAcfsa	018Fu
14	4	3		שָׁנָ֔ה	8141	HNcfsa	01JNs
14	4	4		עָבְד֖וּ	5647	HVqp3cp	01xmF
14	4	5		אֶת	853	HTo	01vVj
14	4	6		כְּדָרְלָעֹ֑מֶר	3540	HNp	01pPj
14	4	7		וּ/שְׁלֹשׁ	c/7969	HC/Acfsa	01n48
14	4	8		עֶשְׂרֵ֥ה	6240	HAcfsa	01LQQ
14	4	9		שָׁנָ֖ה	8141	HNcfsa	01nFs
14	4	10		מָרָֽדוּ	4775	HVqp3cp	01zKb
14	5	1		וּ/בְ/אַרְבַּע֩	c/b/702	HC/R/Acfsa	01M2G
14	5	2		עֶשְׂרֵ֨ה	6240	HAcfsa	01p7o
14	5	3		שָׁנָ֜ה	8141	HNcfsa	01cvy
14	5	4		בָּ֣א	935	HVqp3ms	01uTh
14	5	5		כְדָרְלָעֹ֗מֶר	3540	HNp	0162r
14	5	6		וְ/הַ/מְּלָכִים֙	c/d/4428	HC/Td/Ncmpa	01XAc
14	5	7		אֲשֶׁ֣ר	834 a	HTr	01XMh
14	5	8		אִתּ֔/וֹ	854	HR/Sp3ms	01Pm6
14	5	9		וַ/יַּכּ֤וּ	c/5221	HC/Vhw3mp	01Exh
14	5	10		אֶת	853	HTo	01Mhm
14	5	11		רְפָאִים֙	7497 b	HNgmsa	01k8r
14	5	12		בְּ/עַשְׁתְּרֹ֣ת	b/6255+	HR/Np	01U2q
14	5	13		קַרְנַ֔יִם	6255	HNgmsa	01f9x
14	5	14		וְ/אֶת	c/853	HC/To	01F3B
14	5	15		הַ/זּוּזִ֖ים	d/2104	HTd/Ngmsa	01u6M
14	5	16		בְּ/הָ֑ם	b/1990	HR/Np	01ttW
14	5	17		וְ/אֵת֙	c/853	HC/To	01Not
14	5	18		הָֽ/אֵימִ֔ים	d/368	HTd/Ngmsa	01QoS
14	5	19		בְּ/שָׁוֵ֖ה	b/7740	HR/Np	01MfC
14	5	20		קִרְיָתָֽיִם	7156	HNp	01KoV
14	6	1		וְ/אֶת	c/853	HC/To	01592
14	6	2		הַ/חֹרִ֖י	d/2752	HTd/Ngmsa	01Vfx
14	6	3		בְּ/הַרְרָ֣/ם	b/2022	HR/Ncmsc/Sp3mp	01QkU
14	6	4		שֵׂעִ֑יר	8165 a	HNp	016L9
14	6	5		עַ֚ד	5704	HR	01cpC
14	6	6		אֵ֣יל	364+	HNp	012Ki
14	6	7		פָּארָ֔ן	364	HNp	01XhP
14	6	8		אֲשֶׁ֖ר	834 a	HTr	01yML
14	6	9		עַל	5921 a	HR	01Kk2
14	6	10		הַ/מִּדְבָּֽר	d/4057 b	HTd/Ncmsa	01XAP
14	7	1		וַ֠/יָּשֻׁבוּ	c/7725	HC/Vqw3mp	01DJo
14	7	2		וַ/יָּבֹ֜אוּ	c/935	HC/Vqw3mp	01iXN
14	7	3		אֶל	413	HR	01czB
14	7	4		עֵ֤ין	5880+	HNp	01QBD
14	7	5		מִשְׁפָּט֙	5880	HNp	01Gxu
14	7	6		הִ֣וא	1931	HPp3fs	01BQ9
14	7	7		קָדֵ֔שׁ	6946	HNp	01y8v
14	7	8		וַ/יַּכּ֕וּ	c/5221	HC/Vhw3mp	01wtg
14	7	9		אֶֽת	853	HTo	01Seg
14	7	10		כָּל	3605	HNcmsc	01Kcz
14	7	11		שְׂדֵ֖ה	7704 b	HNcmsc	015MF
14	7	12		הָ/עֲמָלֵקִ֑י	d/6003	HTd/Ngmsa	01eUp
14	7	13		וְ/גַם֙	c/1571	HC/Ta	01tEh
14	7	14		אֶת	853	HTo	01x2S
14	7	15		הָ֣/אֱמֹרִ֔י	d/567	HTd/Ngmsa	01Npq
14	7	16		הַ/יֹּשֵׁ֖ב	d/3427	HTd/Vqrmsa	013ti
14	7	17		בְּ/חַֽצְצֹ֥ן	b/2688+	HR/Np	01QoP
14	7	18		תָּמָֽר	2688	HNp	01i6S
14	8	1		וַ/יֵּצֵ֨א	c/3318	HC/Vqw3ms	012mi
14	8	2		מֶֽלֶךְ	4428	HNcmsc	01HbP
14	8	3		סְדֹ֜ם	5467	HNp	01Wi1
14	8	4		וּ/מֶ֣לֶךְ	c/4428	HC/Ncmsc	01beE
14	8	5		עֲמֹרָ֗ה	6017	HNp	01DvH
14	8	6		וּ/מֶ֤לֶךְ	c/4428	HC/Ncmsc	016BE
14	8	7		אַדְמָה֙	126	HNp	01r7k
14	8	8		וּ/מֶ֣לֶךְ	c/4428	HC/Ncmsc	013kE
14	8	9	x-ketiv	צביים	6636	HNp	01UUW
14	8	10		צְבוֹיִ֔ם	6636	HNp	01Jqs
14	8	11		וּ/מֶ֥לֶךְ	c/4428	HC/Ncmsc	0187K
14	8	12		בֶּ֖לַע	1106 b	HNp	01gvN
14	8	13		הִוא	1931	HPp3fs	01Cye
14	8	14		צֹ֑עַר	6820	HNp	01tsb
14	8	15		וַ/יַּֽעַרְכ֤וּ	c/6186 a	HC/Vqw3mp	01RaB
14	8	16		אִתָּ/ם֙	854	HR/Sp3mp	012a9
14	8	17		מִלְחָמָ֔ה	4421	HNcfsa	01ob2
14	8	18		בְּ/עֵ֖מֶק	b/6010	HR/Ncmsc	01jU7
14	8	19		הַ/שִּׂדִּֽים	d/7708	HTd/Np	01w2C
14	9	1		אֵ֣ת	854	HR	012VS
14	9	2		כְּדָרְלָעֹ֜מֶר	3540	HNp	014Jz
14	9	3		מֶ֣לֶךְ	4428	HNcmsc	01C9r
14	9	4		עֵילָ֗ם	5867 a	HNp	01yLe
14	9	5		וְ/תִדְעָל֙	c/8413	HC/Np	01Ww8
14	9	6		מֶ֣לֶךְ	4428	HNcmsc	01HGy
14	9	7		גּוֹיִ֔ם	1471 b	HNp	01hGK
14	9	8		וְ/אַמְרָפֶל֙	c/569	HC/Np	016pK
14	9	9		מֶ֣לֶךְ	4428	HNcmsc	01VQD
14	9	10		שִׁנְעָ֔ר	8152	HNp	01T3u
14	9	11		וְ/אַרְי֖וֹךְ	c/746 a	HC/Np	01c96
14	9	12		מֶ֣לֶךְ	4428	HNcmsc	01YiK
14	9	13		אֶלָּסָ֑ר	495	HNp	01Lof
14	9	14		אַרְבָּעָ֥ה	702	HAcmsa	01ZT8
14	9	15		מְלָכִ֖ים	4428	HNcmpa	01s7k
14	9	16		אֶת	854	HR	013HC
14	9	17		הַ/חֲמִשָּֽׁה	d/2568	HTd/Acmsa	01P6z
14	10	1		וְ/עֵ֣מֶק	c/6010	HC/Ncmsc	011W5
14	10	2		הַ/שִׂדִּ֗ים	d/7708	HTd/Np	01q9w
14	10	3		בֶּֽאֱרֹ֤ת	875	HNcfpc	01UE1
14	10	4		בֶּאֱרֹת֙	875	HNcfpc	01Rps
14	10	5		חֵמָ֔ר	2564	HNcmsa	01Vbn
14	10	6		וַ/יָּנֻ֛סוּ	c/5127	HC/Vqw3mp	01Fm5
14	10	7		מֶֽלֶךְ	4428	HNcmsc	01Wct
14	10	8		סְדֹ֥ם	5467	HNp	01KQn
14	10	9		וַ/עֲמֹרָ֖ה	c/6017	HC/Np	01TLX
14	10	10		וַ/יִּפְּלוּ	c/5307	HC/Vqw3mp	01xcH
14	10	11		שָׁ֑מָּ/ה	8033	HD/Sd	01LG4
14	10	12		וְ/הַ/נִּשְׁאָרִ֖ים	c/d/7604	HC/Td/VNrmpa	01Vcf
14	10	13		הֶ֥רָ/ה	2022	HNcmsa/Sd	01yU7
14	10	14		נָּֽסוּ	5127	HVqp3cp	01WV1
14	11	1		וַ֠/יִּקְחוּ	c/3947	HC/Vqw3mp	01bXb
14	11	2		אֶת	853	HTo	016sJ
14	11	3		כָּל	3605	HNcmsc	01t4v
14	11	4		רְכֻ֨שׁ	7399	HNcmsc	01ofA
14	11	5		סְדֹ֧ם	5467	HNp	01VgJ
14	11	6		וַ/עֲמֹרָ֛ה	c/6017	HC/Np	01wSa
14	11	7		וְ/אֶת	c/853	HC/To	0122e
14	11	8		כָּל	3605	HNcmsc	01jsX
14	11	9		אָכְלָ֖/ם	400	HNcmsc/Sp3mp	01V1h
14	11	10		וַ/יֵּלֵֽכוּ	c/3212	HC/Vqw3mp	01awv
14	12	1		וַ/יִּקְח֨וּ	c/3947	HC/Vqw3mp	01bdJ
14	12	2		אֶת	853	HTo	01ixo
14	12	3		ל֧וֹט	3876	HNp	01iXs
14	12	4		וְ/אֶת	c/853	HC/To	01sdj
14	12	5		רְכֻשׁ֛/וֹ	7399	HNcmsc/Sp3ms	01GqS
14	12	6		בֶּן	1121 a	HNcmsc	01umc
14	12	7		אֲחִ֥י	251	HNcmsc	01B2L
14	12	8		אַבְרָ֖ם	87	HNp	01zE3
14	12	9		וַ/יֵּלֵ֑כוּ	c/3212	HC/Vqw3mp	01Y5f
14	12	10		וְ/ה֥וּא	c/1931	HC/Pp3ms	01YWA
14	12	11		יֹשֵׁ֖ב	3427	HVqrmsa	01mHM
14	12	12		בִּ/סְדֹֽם	b/5467	HR/Np	01SDB
14	13	1		וַ/יָּבֹא֙	c/935	HC/Vqw3ms	01DuR
14	13	2		הַ/פָּלִ֔יט	d/6412 a	HTd/Ncmsa	01VTa
14	13	3		וַ/יַּגֵּ֖ד	c/5046	HC/Vhw3ms	015ZG
14	13	4		לְ/אַבְרָ֣ם	l/87	HR/Np	01Wzi
14	13	5		הָ/עִבְרִ֑י	d/5680	HTd/Ngmsa	01Rvo
14	13	6		וְ/הוּא֩	c/1931	HC/Pp3ms	01TdV
14	13	7		שֹׁכֵ֨ן	7931	HVqrmsa	01wCZ
14	13	8		בְּ/אֵֽלֹנֵ֜י	b/436	HR/Ncmpc	01rRa
14	13	9		מַמְרֵ֣א	4471	HNp	01UgC
14	13	10		הָ/אֱמֹרִ֗י	d/567	HTd/Ngmsa	01qBN
14	13	11		אֲחִ֤י	251	HNcmsc	015VV
14	13	12		אֶשְׁכֹּל֙	812	HNp	01Mo9
14	13	13		וַ/אֲחִ֣י	c/251	HC/Ncmsc	01C5P
14	13	14		עָנֵ֔ר	6063	HNp	01hyy
14	13	15		וְ/הֵ֖ם	c/1992	HC/Pp3mp	01yJd
14	13	16		בַּעֲלֵ֥י	1167	HNcmpc	017h8
14	13	17		בְרִית	1285	HNcfsc	01EAv
14	13	18		אַבְרָֽם	87	HNp	01D1Z
14	14	1		וַ/יִּשְׁמַ֣ע	c/8085	HC/Vqw3ms	011Cu
14	14	2		אַבְרָ֔ם	87	HNp	01j6C
14	14	3		כִּ֥י	3588 a	HC	01aRN
14	14	4		נִשְׁבָּ֖ה	7617	HVNp3ms	01C3d
14	14	5		אָחִ֑י/ו	251	HNcmsc/Sp3ms	01Lmq
14	14	6		וַ/יָּ֨רֶק	c/7324	HC/Vhw3ms	01EVf
14	14	7		אֶת	853	HTo	01eQX
14	14	8		חֲנִיכָ֜י/ו	2593	HNcmpc/Sp3ms	01YNf
14	14	9		יְלִידֵ֣י	3211	HNcmpc	0183b
14	14	10		בֵית֗/וֹ	1004 b	HNcmsc/Sp3ms	015fs
14	14	11		שְׁמֹנָ֤ה	8083	HAcmsa	01ACe
14	14	12		עָשָׂר֙	6240	HAcmsa	01rv7
14	14	13		וּ/שְׁלֹ֣שׁ	c/7969	HC/Acfsa	011YK
14	14	14		מֵא֔וֹת	3967	HAcbpa	01kVU
14	14	15		וַ/יִּרְדֹּ֖ף	c/7291	HC/Vqw3ms	01nXq
14	14	16		עַד	5704	HR	01Dcn
14	14	17		דָּֽן	1835	HNp	01WDZ
14	15	1		וַ/יֵּחָלֵ֨ק	c/2505 a	HC/VNw3ms	01UzN
14	15	2		עֲלֵי/הֶ֧ם	5921 a	HR/Sp3mp	01v4E
14	15	3		לַ֛יְלָה	3915	HNcmsa	01MrG
14	15	4		ה֥וּא	1931	HPp3ms	01HT2
14	15	5		וַ/עֲבָדָ֖י/ו	c/5650	HC/Ncmpc/Sp3ms	016Qq
14	15	6		וַ/יַּכֵּ֑/ם	c/5221	HC/Vhw3ms/Sp3mp	01XYe
14	15	7		וַֽ/יִּרְדְּפֵ/ם֙	c/7291	HC/Vqw3ms/Sp3mp	0176X
14	15	8		עַד	5704	HR	015Ua
14	15	9		חוֹבָ֔ה	2327	HNp	01ebC
14	15	10		אֲשֶׁ֥ר	834 a	HTr	019hc
14	15	11		מִ/שְּׂמֹ֖אל	m/8040	HR/Ncmsa	01ovC
14	15	12		לְ/דַמָּֽשֶׂק	l/1834	HR/Np	01XE9
14	16	1		וַ/יָּ֕שֶׁב	c/7725	HC/Vhw3ms	016iw
14	16	2		אֵ֖ת	853	HTo	01eUw
14	16	3		כָּל	3605	HNcmsc	01VkU
14	16	4		הָ/רְכֻ֑שׁ	d/7399	HTd/Ncmsa	01dYi
14	16	5		וְ/גַם֩	c/1571	HC/Ta	01dMc
14	16	6		אֶת	853	HTo	01S8k
14	16	7		ל֨וֹט	3876	HNp	01Yf4
14	16	8		אָחִ֤י/ו	251	HNcmsc/Sp3ms	011w3
14	16	9		וּ/רְכֻשׁ/וֹ֙	c/7399	HC/Ncmsc/Sp3ms	01rcB
14	16	10		הֵשִׁ֔יב	7725	HVhp3ms	01pbQ
14	16	11		וְ/גַ֥ם	c/1571	HC/Ta	01N9a
14	16	12		אֶת	853	HTo	01kiJ
14	16	13		הַ/נָּשִׁ֖ים	d/802	HTd/Ncfpa	01MRj
14	16	14		וְ/אֶת	c/853	HC/To	01j3M
14	16	15		הָ/עָֽם	d/5971 a	HTd/Ncmsa	01GBU
14	17	1		וַ/יֵּצֵ֣א	c/3318	HC/Vqw3ms	01bgt
14	17	2		מֶֽלֶךְ	4428	HNcmsc	01T6V
14	17	3		סְדֹם֮	5467	HNp	01yRs
14	17	4		לִ/קְרָאת/וֹ֒	l/7125	HR/Vqc/Sp3ms	01Gbm
14	17	5		אַחֲרֵ֣י	310 a	HR	01YSC
14	17	6		שׁוּב֗/וֹ	7725	HVqc/Sp3ms	01s2X
14	17	7		מֵֽ/הַכּוֹת֙	m/5221	HR/Vhc	01bSC
14	17	8		אֶת	853	HTo	01bHu
14	17	9		כְּדָרלָעֹ֔מֶר	3540	HNp	01h5C
14	17	10		וְ/אֶת	c/853	HC/To	01z6J
14	17	11		הַ/מְּלָכִ֖ים	d/4428	HTd/Ncmpa	01Hqt
14	17	12		אֲשֶׁ֣ר	834 a	HTr	01ey4
14	17	13		אִתּ֑/וֹ	854	HR/Sp3ms	01QMs
14	17	14		אֶל	413	HR	01Afb
14	17	15		עֵ֣מֶק	6010	HNcmsc	0127y
14	17	16		שָׁוֵ֔ה	7740	HNp	01sEu
14	17	17		ה֖וּא	1931	HPp3ms	01rF3
14	17	18		עֵ֥מֶק	6010	HNcmsc	01VF8
14	17	19		הַ/מֶּֽלֶךְ	d/4428	HTd/Ncmsa	01jDj
14	18	1		וּ/מַלְכִּי	c/4442+	HC/Np	01eBr
14	18	2		צֶ֨דֶק֙	4442	HNp	01GCu
14	18	3		מֶ֣לֶךְ	4428	HNcmsc	01rbd
14	18	4		שָׁלֵ֔ם	8004	HNp	01YG2
14	18	5		הוֹצִ֖יא	3318	HVhp3ms	01kwy
14	18	6		לֶ֣חֶם	3899	HNcbsa	013qw
14	18	7		וָ/יָ֑יִן	c/3196	HC/Ncmsa	01iWa
14	18	8		וְ/ה֥וּא	c/1931	HC/Pp3ms	01cUQ
14	18	9		כֹהֵ֖ן	3548	HNcmsa	014xN
14	18	10		לְ/אֵ֥ל	l/410	HR/Ncmsa	01rXs
14	18	11		עֶלְיֽוֹן	5945 b	HAamsa	01M3R
14	19	1		וַֽ/יְבָרְכֵ֖/הוּ	c/1288	HC/Vpw3ms/Sp3ms	01d8N
14	19	2		וַ/יֹּאמַ֑ר	c/559	HC/Vqw3ms	01oTd
14	19	3		בָּר֤וּךְ	1288	HVqsmsa	01owL
14	19	4		אַבְרָם֙	87	HNp	01QQs
14	19	5		לְ/אֵ֣ל	l/410	HR/Ncmsa	012bu
14	19	6		עֶלְי֔וֹן	5945 b	HAamsa	01Cj3
14	19	7		קֹנֵ֖ה	7069	HVqrmsc	01SKp
14	19	8		שָׁמַ֥יִם	8064	HNcmpa	01yJh
14	19	9		וָ/אָֽרֶץ	c/776	HC/Ncbsa	01RYV
14	20	1		וּ/בָרוּךְ֙	c/1288	HC/Vqsmsa	01EW6
14	20	2		אֵ֣ל	410	HNcmsa	01sNB
14	20	3		עֶלְי֔וֹן	5945 b	HAamsa	01mk1
14	20	4		אֲשֶׁר	834 a	HTr	01myk
14	20	5		מִגֵּ֥ן	4042	HVpp3ms	01mjE
14	20	6		צָרֶ֖י/ךָ	6862 c	HNcmpc/Sp2ms	01QJA
14	20	7		בְּ/יָדֶ֑/ךָ	b/3027	HR/Ncbsc/Sp2ms	01CPB
14	20	8		וַ/יִּתֶּן	c/5414	HC/Vqw3ms	01113
14	20	9		ל֥/וֹ	l	HR/Sp3ms	01wq8
14	20	10		מַעֲשֵׂ֖ר	4643	HNcmsa	01FGW
14	20	11		מִ/כֹּֽל	m/3605	HR/Ncmsa	01Ld7
14	21	1		וַ/יֹּ֥אמֶר	c/559	HC/Vqw3ms	01Xo3
14	21	2		מֶֽלֶךְ	4428	HNcmsc	01RHX
14	21	3		סְדֹ֖ם	5467	HNp	01BCV
14	21	4		אֶל	413	HR	01oTL
14	21	5		אַבְרָ֑ם	87	HNp	01DoL
14	21	6		תֶּן	5414	HVqv2ms	014pE
14	21	7		לִ֣/י	l	HR/Sp1cs	01DFj
14	21	8		הַ/נֶּ֔פֶשׁ	d/5315	HTd/Ncbsa	01rYe
14	21	9		וְ/הָ/רְכֻ֖שׁ	c/d/7399	HC/Td/Ncmsa	01b8e
14	21	10		קַֽח	3947	HVqv2ms	01jni
14	21	11		לָֽ/ךְ	l	HR/Sp2fs	01Y7m
14	22	1		וַ/יֹּ֥אמֶר	c/559	HC/Vqw3ms	01sPR
14	22	2		אַבְרָ֖ם	87	HNp	015tD
14	22	3		אֶל	413	HR	01m39
14	22	4		מֶ֣לֶךְ	4428	HNcmsc	01ZsB
14	22	5		סְדֹ֑ם	5467	HNp	01VXi
14	22	6		הֲרִימֹ֨תִי	7311 a	HVhp1cs	01QxV
14	22	7		יָדִ֤/י	3027	HNcbsc/Sp1cs	01c9a
14	22	8		אֶל	413	HR	01v9b
14	22	9		יְהוָה֙	3068	HNp	01Sw9
14	22	10		אֵ֣ל	410	HNcmsa	01in2
14	22	11		עֶלְי֔וֹן	5945 b	HAamsa	01cdx
14	22	12		קֹנֵ֖ה	7069	HVqrmsc	016gi
14	22	13		שָׁמַ֥יִם	8064	HNcmpa	019nq
14	22	14		וָ/אָֽרֶץ	c/776	HC/Ncbsa	01tmJ
14	23	1		אִם	518 a	HC	01WgN
14	23	2		מִ/חוּט֙	m/2339	HR/Ncmsa	01m7K
14	23	3		וְ/עַ֣ד	c/5704	HC/R	01Qzb
14	23	4		שְׂרֽוֹךְ	8288	HNcmsc	01DPt
14	23	5		נַ֔עַל	5275	HNcfsa	01AAx
14	23	6		וְ/אִם	c/518 a	HC/C	01HFs
14	23	7		אֶקַּ֖ח	3947	HVqi1cs	01duL
14	23	8		מִ/כָּל	m/3605	HR/Ncmsc	01Bdx
14	23	9		אֲשֶׁר	834 a	HTr	01o2X
14	23	10		לָ֑/ךְ	l	HR/Sp2fs	01rWy
14	23	11		וְ/לֹ֣א	c/3808	HC/Tn	018Pg
14	23	12		תֹאמַ֔ר	559	HVqi2ms	01FxB
14	23	13		אֲנִ֖י	589	HPp1cs	01eMv
14	23	14		הֶעֱשַׁ֥רְתִּי	6238	HVhp1cs	01DrT
14	23	15		אֶת	853	HTo	01uHY
14	23	16		אַבְרָֽם	87	HNp	01F9W
14	24	1		בִּלְעָדַ֗/י	1107	HR/Sp1cs	01mRM
14	24	2		רַ֚ק	7535	HTa	01aY7
14	24	3		אֲשֶׁ֣ר	834 a	HTr	01r3M
14	24	4		אָֽכְל֣וּ	398	HVqp3cp	01nzk
14	24	5		הַ/נְּעָרִ֔ים	d/5288	HTd/Ncmpa	014we
14	24	6		וְ/חֵ֨לֶק֙	c/2506 a	HC/Ncmsc	01YKJ
14	24	7		הָֽ/אֲנָשִׁ֔ים	d/376	HTd/Ncmpa	0131a
14	24	8		אֲשֶׁ֥ר	834 a	HTr	01yFv
14	24	9		הָלְכ֖וּ	1980	HVqp3cp	017a7
14	24	10		אִתִּ֑/י	854	HR/Sp1cs	01wMY
14	24	11		עָנֵר֙	6063	HNp	01rQi
14	24	12		אֶשְׁכֹּ֣ל	812	HNp	011TM
14	24	13		וּ/מַמְרֵ֔א	c/4471	HC/Np	019HW
14	24	14		הֵ֖ם	1992	HPp3mp	01Yoz
14	24	15		יִקְח֥וּ	3947	HVqj3mp	01KFq
14	24	16		חֶלְקָֽ/ם	2506 a	HNcmsc/Sp3mp	01efx
15	1	1		אַחַ֣ר	310 a	HR	01Tt9
15	1	2		הַ/דְּבָרִ֣ים	d/1697	HTd/Ncmpa	01yQh
15	1	3		הָ/אֵ֗לֶּה	d/428	HTd/Pdxcp	01CAN
15	1	4		הָיָ֤ה	1961	HVqp3ms	01Xva
15	1	5		דְבַר	1697	HNcmsc	01ef9
15	1	6		יְהוָה֙	3068	HNp	01JnZ
15	1	7		אֶל	413	HR	01qg7
15	1	8		אַבְרָ֔ם	87	HNp	01cSo
15	1	9		בַּֽ/מַּחֲזֶ֖ה	b/4236	HRd/Ncmsa	01Yyj
15	1	10		לֵ/אמֹ֑ר	l/559	HR/Vqc	01opb
15	1	11		אַל	408	HTn	013dA
15	1	12		תִּירָ֣א	3372	HVqj2ms	01m49
15	1	13		אַבְרָ֗ם	87	HNp	01HAZ
15	1	14		אָנֹכִי֙	595	HPp1cs	0118S
15	1	15		מָגֵ֣ן	4043	HNcbsa	01pvu
15	1	16		לָ֔/ךְ	l	HR/Sp2fs	01RzD
15	1	17		שְׂכָרְ/ךָ֖	7939	HNcmsc/Sp2ms	01b9d
15	1	18		הַרְבֵּ֥ה	7235 a	HVha	01yKt
15	1	19		מְאֹֽד	3966	HD	01kTv
15	2	1		וַ/יֹּ֣אמֶר	c/559	HC/Vqw3ms	013Zu
15	2	2		אַבְרָ֗ם	87	HNp	01cNU
15	2	3		אֲדֹנָ֤/י	136	HNcmpc/Sp1cs	01w93
15	2	4		יֱהוִה֙	3069	HNp	01hRC
15	2	5		מַה	4100	HTi	01y8q
15	2	6		תִּתֶּן	5414	HVqi2ms	016Us
15	2	7		לִ֔/י	l	HR/Sp1cs	017EH
15	2	8		וְ/אָנֹכִ֖י	c/595	HC/Pp1cs	01xEy
15	2	9		הוֹלֵ֣ךְ	1980	HVqrmsa	01dYW
15	2	10		עֲרִירִ֑י	6185	HAamsa	01Dbu
15	2	11		וּ/בֶן	c/1121 a	HC/Ncmsc	01biE
15	2	12		מֶ֣שֶׁק	4943	HNcmsc	011oc
15	2	13		בֵּיתִ֔/י	1004 b	HNcmsc/Sp1cs	01X8S
15	2	14		ה֖וּא	1931	HPp3ms	01spk
15	2	15		דַּמֶּ֥שֶׂק	1834	HNp	01tvc
15	2	16		אֱלִיעֶֽזֶר	461	HNp	01Xj8
15	3	1		וַ/יֹּ֣אמֶר	c/559	HC/Vqw3ms	013ho
15	3	2		אַבְרָ֔ם	87	HNp	01u8J
15	3	3		הֵ֣ן	2005	HTm	01pVY
15	3	4		לִ֔/י	l	HR/Sp1cs	01biG
15	3	5		לֹ֥א	3808	HTn	01pZy
15	3	6		נָתַ֖תָּה	5414	HVqp2ms	01q48
15	3	7		זָ֑רַע	2233	HNcmsa	01s4E
15	3	8		וְ/הִנֵּ֥ה	c/2009	HC/Tm	01h3h
15	3	9		בֶן	1121 a	HNcmsc	01918
15	3	10		בֵּיתִ֖/י	1004 b	HNcmsc/Sp1cs	01oD9
15	3	11		יוֹרֵ֥שׁ	3423	HVqrmsa	01iih
15	3	12		אֹתִֽ/י	853	HTo/Sp1cs	01vUK
15	4	1		וְ/הִנֵּ֨ה	c/2009	HC/Tm	01ZDx
15	4	2		דְבַר	1697	HNcmsc	01YCX
15	4	3		יְהוָ֤ה	3068	HNp	01YWB
15	4	4		אֵלָי/ו֙	413	HR/Sp3ms	01tQU
15	4	5		לֵ/אמֹ֔ר	l/559	HR/Vqc	01CJW
15	4	6		לֹ֥א	3808	HTn	01Y86
15	4	7		יִֽירָשְׁ/ךָ֖	3423	HVqi3ms/Sp2ms	019vU
15	4	8		זֶ֑ה	2088	HPdxms	019R8
15	4	9		כִּי	3588 a	HC	01moo
15	4	10		אִם֙	518 a	HC	01gAE
15	4	11		אֲשֶׁ֣ר	834 a	HTr	01ZAq
15	4	12		יֵצֵ֣א	3318	HVqi3ms	01ubx
15	4	13		מִ/מֵּעֶ֔י/ךָ	m/4578	HR/Ncmpc/Sp2ms	01cLd
15	4	14		ה֖וּא	1931	HPp3ms	01fc7
15	4	15		יִֽירָשֶֽׁ/ךָ	3423	HVqi3ms/Sp2ms	01zLa
15	5	1		וַ/יּוֹצֵ֨א	c/3318	HC/Vhw3ms	01Dcd
15	5	2		אֹת֜/וֹ	853	HTo/Sp3ms	01sHq
15	5	3		הַ/ח֗וּצָ/ה	d/2351	HTd/Ncmsa/Sd	01Z4P
15	5	4		וַ/יֹּ֨אמֶר֙	c/559	HC/Vqw3ms	01n76
15	5	5		הַבֶּט	5027	HVhv2ms	01bD6
15	5	6		נָ֣א	4994	HTe	01wcG
15	5	7		הַ/שָּׁמַ֗יְמָ/ה	d/8064	HTd/Ncmpa/Sd	01S4Y
15	5	8		וּ/סְפֹר֙	c/5608 a	HC/Vqv2ms	01pJA
15	5	9		הַ/כּ֣וֹכָבִ֔ים	d/3556	HTd/Ncmpa	01T7j
15	5	10		אִם	518 a	HC	01fBv
15	5	11		תּוּכַ֖ל	3201	HVqi2ms	01mGL
15	5	12		לִ/סְפֹּ֣ר	l/5608 a	HR/Vqc	01m4P
15	5	13		אֹתָ֑/ם	853	HTo/Sp3mp	01YX6
15	5	14		וַ/יֹּ֣אמֶר	c/559	HC/Vqw3ms	01aYb
15	5	15		ל֔/וֹ	l	HR/Sp3ms	01M4g
15	5	16		כֹּ֥ה	3541	HD	01WUC
15	5	17		יִהְיֶ֖ה	1961	HVqi3ms	01pov
15	5	18		זַרְעֶֽ/ךָ	2233	HNcmsc/Sp2ms	013VU
15	6	1		וְ/הֶאֱמִ֖ן	c/539	HC/Vhp3ms	018qr
15	6	2		בַּֽ/יהוָ֑ה	b/3068	HR/Np	01Sag
15	6	3		וַ/יַּחְשְׁבֶ֥/הָ	c/2803	HC/Vqw3ms/Sp3fs	01awo
15	6	4		לּ֖/וֹ	l	HR/Sp3ms	01FpW
15	6	5		צְדָקָֽה	6666	HNcfsa	01Q3M
15	7	1		וַ/יֹּ֖אמֶר	c/559	HC/Vqw3ms	01ztj
15	7	2		אֵלָ֑י/ו	413	HR/Sp3ms	01uxE
15	7	3		אֲנִ֣י	589	HPp1cs	018qh
15	7	4		יְהוָ֗ה	3068	HNp	01zk3
15	7	5		אֲשֶׁ֤ר	834 a	HTr	01art
15	7	6		הוֹצֵאתִ֨י/ךָ֙	3318	HVhp1cs/Sp2ms	01XTQ
15	7	7		מֵ/א֣וּר	m/218 b	HR/Np	01pgc
15	7	8		כַּשְׂדִּ֔ים	3778	HNp	01nnX
15	7	9		לָ֧/תֶת	l/5414	HR/Vqc	019fu
15	7	10		לְ/ךָ֛	l	HR/Sp2ms	01gcE
15	7	11		אֶת	853	HTo	01EgB
15	7	12		הָ/אָ֥רֶץ	d/776	HTd/Ncbsa	01NgL
15	7	13		הַ/זֹּ֖את	d/2063	HTd/Pdxfs	01oX6
15	7	14		לְ/רִשְׁתָּֽ/הּ	l/3423	HR/Vqc/Sp3fs	01JwH
15	8	1		וַ/יֹּאמַ֑ר	c/559	HC/Vqw3ms	01LPw
15	8	2		אֲדֹנָ֣/י	136	HNcmpc/Sp1cs	01enA
15	8	3		יֱהוִ֔ה	3069	HNp	01YX2
15	8	4		בַּ/מָּ֥ה	b/4100	HR/Ti	01TkZ
15	8	5		אֵדַ֖ע	3045	HVqi1cs	01VP3
15	8	6		כִּ֥י	3588 a	HC	019LC
15	8	7		אִֽירָשֶֽׁ/נָּה	3423	HVqi1cs/Sp3fs	016ty
15	9	1		וַ/יֹּ֣אמֶר	c/559	HC/Vqw3ms	01u6K
15	9	2		אֵלָ֗י/ו	413	HR/Sp3ms	01PQd
15	9	3		קְחָ֥/ה	3947	HVqv2ms/Sh	01MHe
15	9	4		לִ/י֙	l	HR/Sp1cs	01Q1Y
15	9	5		עֶגְלָ֣ה	5697 a	HNcfsa	01Y4x
15	9	6		מְשֻׁלֶּ֔שֶׁת	8027	HVPsfsa	01RLf
15	9	7		וְ/עֵ֥ז	c/5795	HC/Ncfsa	01R79
15	9	8		מְשֻׁלֶּ֖שֶׁת	8027	HVPsfsa	01xRL
15	9	9		וְ/אַ֣יִל	c/352 a	HC/Ncmsa	01vxt
15	9	10		מְשֻׁלָּ֑שׁ	8027	HVPsmsa	0126U
15	9	11		וְ/תֹ֖ר	c/8449	HC/Ncbsa	01ZvP
15	9	12		וְ/גוֹזָֽל	c/1469	HC/Ncmsa	012eu
15	10	1		וַ/יִּֽקַּֽח	c/3947	HC/Vqw3ms	01Xfm
15	10	2		ל֣/וֹ	l	HR/Sp3ms	01sGE
15	10	3		אֶת	853	HTo	016g8
15	10	4		כָּל	3605	HNcmsc	01BrJ
15	10	5		אֵ֗לֶּה	428	HPdxcp	015mG
15	10	6		וַ/יְבַתֵּ֤ר	c/1334	HC/Vpw3ms	01wJu
15	10	7		אֹתָ/ם֙	853	HTo/Sp3mp	01gKD
15	10	8		בַּ/תָּ֔וֶךְ	b/8432	HRd/Ncmsa	01hca
15	10	9		וַ/יִּתֵּ֥ן	c/5414	HC/Vqw3ms	01khN
15	10	10		אִישׁ	376	HNcmsa	01nJG
15	10	11		בִּתְר֖/וֹ	1335	HNcmsc/Sp3ms	012W7
15	10	12		לִ/קְרַ֣את	l/7125	HR/Vqc	018pa
15	10	13		רֵעֵ֑/הוּ	7453	HNcmsc/Sp3ms	01QNM
15	10	14		וְ/אֶת	c/853	HC/To	01KBD
15	10	15		הַ/צִפֹּ֖ר	d/6833	HTd/Ncbsa	01i6P
15	10	16		לֹ֥א	3808	HTn	01TCC
15	10	17		בָתָֽר	1334	HVqp3ms	016Em
15	11	1		וַ/יֵּ֥רֶד	c/3381	HC/Vqw3ms	015S4
15	11	2		הָ/עַ֖יִט	d/5861	HTd/Ncmsa	01MAJ
15	11	3		עַל	5921 a	HR	01eFY
15	11	4		הַ/פְּגָרִ֑ים	d/6297	HTd/Ncmpa	019CN
15	11	5		וַ/יַּשֵּׁ֥ב	c/5380	HC/Vhw3ms	013M5
15	11	6		אֹתָ֖/ם	853	HTo/Sp3mp	015Ar
15	11	7		אַבְרָֽם	87	HNp	01315
15	12	1		וַ/יְהִ֤י	c/1961	HC/Vqw3ms	01EMQ
15	12	2		הַ/שֶּׁ֨מֶשׁ֙	d/8121	HTd/Ncbsa	011qL
15	12	3		לָ/ב֔וֹא	l/935	HR/Vqc	01sHh
15	12	4		וְ/תַרְדֵּמָ֖ה	c/8639	HC/Ncfsa	01nw3
15	12	5		נָפְלָ֣ה	5307	HVqp3fs	01hip
15	12	6		עַל	5921 a	HR	01qKh
15	12	7		אַבְרָ֑ם	87	HNp	01K3s
15	12	8		וְ/הִנֵּ֥ה	c/2009	HC/Tm	01Udm
15	12	9		אֵימָ֛ה	367	HNcfsa	01pSF
15	12	10		חֲשֵׁכָ֥ה	2825	HNcfsa	01wfx
15	12	11		גְדֹלָ֖ה	1419 a	HAafsa	01rqa
15	12	12		נֹפֶ֥לֶת	5307	HVqrfsa	01ZRa
15	12	13		עָלָֽי/ו	5921 a	HR/Sp3ms	01XtJ
15	13	1		וַ/יֹּ֣אמֶר	c/559	HC/Vqw3ms	01D2e
15	13	2		לְ/אַבְרָ֗ם	l/87	HR/Np	01Mu5
15	13	3		יָדֹ֨עַ	3045	HVqa	01nSW
15	13	4		תֵּדַ֜ע	3045	HVqi2ms	018m3
15	13	5		כִּי	3588 a	HC	01fBz
15	13	6		גֵ֣ר	1616	HNcmsa	01yf4
15	13	7		יִהְיֶ֣ה	1961	HVqi3ms	01kib
15	13	8		זַרְעֲ/ךָ֗	2233	HNcmsc/Sp2ms	01yQw
15	13	9		בְּ/אֶ֨רֶץ֙	b/776	HR/Ncbsa	01vAd
15	13	10		לֹ֣א	3808	HTn	01hNu
15	13	11		לָ/הֶ֔ם	l	HR/Sp3mp	0193D
15	13	12		וַ/עֲבָד֖וּ/ם	c/5647	HC/Vqp3cp/Sp3mp	01Evy
15	13	13		וְ/עִנּ֣וּ	c/6031 b	HC/Vpp3cp	01qSH
15	13	14		אֹתָ֑/ם	853	HTo/Sp3mp	01vYV
15	13	15		אַרְבַּ֥ע	702	HAcfsa	01rDA
15	13	16		מֵא֖וֹת	3967	HAcbpa	01Z3T
15	13	17		שָׁנָֽה	8141	HNcfsa	01fn2
15	14	1		וְ/גַ֧ם	c/1571	HC/Ta	014nS
15	14	2		אֶת	853	HTo	019p2
15	14	3		הַ/גּ֛וֹי	d/1471 a	HTd/Ncmsa	015Sr
15	14	4		אֲשֶׁ֥ר	834 a	HTr	01np9
15	14	5		יַעֲבֹ֖דוּ	5647	HVqi3mp	01au6
15	14	6		דָּ֣ן	1777	HVqrmsa	01Yj4
15	14	7		אָנֹ֑כִי	595	HPp1cs	01P4Y
15	14	8		וְ/אַחֲרֵי	c/310 a	HC/R	013AT
15	14	9		כֵ֥ן	3651 c	HD	01MMh
15	14	10		יֵצְא֖וּ	3318	HVqi3mp	01C6R
15	14	11		בִּ/רְכֻ֥שׁ	b/7399	HR/Ncmsa	01Tsm
15	14	12		גָּדֽוֹל	1419 a	HAamsa	01C4T
15	15	1		וְ/אַתָּ֛ה	c/859 a	HC/Pp2ms	01ErU
15	15	2		תָּב֥וֹא	935	HVqi2ms	01b1D
15	15	3		אֶל	413	HR	01RBu
15	15	4		אֲבֹתֶ֖י/ךָ	1	HNcmpc/Sp2ms	01DAW
15	15	5		בְּ/שָׁל֑וֹם	b/7965	HR/Ncmsa	01Hip
15	15	6		תִּקָּבֵ֖ר	6912	HVNi2ms	01rvf
15	15	7		בְּ/שֵׂיבָ֥ה	b/7872	HR/Ncfsa	01EUu
15	15	8		טוֹבָֽה	2896 a	HAafsa	01MRq
15	16	1		וְ/ד֥וֹר	c/1755	HC/Ncmsa	01Rrp
15	16	2		רְבִיעִ֖י	7243	HAomsa	0117A
15	16	3		יָשׁ֣וּבוּ	7725	HVqi3mp	01Q4z
15	16	4		הֵ֑נָּה	2008	HD	01FYp
15	16	5		כִּ֧י	3588 a	HC	018m1
15	16	6		לֹא	3808	HTn	018mf
15	16	7		שָׁלֵ֛ם	8003	HAamsa	013kw
15	16	8		עֲוֺ֥ן	5771	HNcbsc	01wCh
15	16	9		הָ/אֱמֹרִ֖י	d/567	HTd/Ngmsa	01zrv
15	16	10		עַד	5704	HR	01zCn
15	16	11		הֵֽנָּה	2008	HD	013zp
15	17	1		וַ/יְהִ֤י	c/1961	HC/Vqw3ms	01QAE
15	17	2		הַ/שֶּׁ֨מֶשׁ֙	d/8121	HTd/Ncbsa	01jpx
15	17	3		בָּ֔אָה	935	HVqp3fs	01i8q
15	17	4		וַ/עֲלָטָ֖ה	c/5939	HC/Ncfsa	01TP4
15	17	5		הָיָ֑ה	1961	HVqp3ms	019Ng
15	17	6		וְ/הִנֵּ֨ה	c/2009	HC/Tm	014MJ
15	17	7		תַנּ֤וּר	8574	HNcmsc	01efU
15	17	8		עָשָׁן֙	6227	HNcmsa	01R3h
15	17	9		וְ/לַפִּ֣יד	c/3940	HC/Ncmsc	01icS
15	17	10		אֵ֔שׁ	784	HNcbsa	01hwb
15	17	11		אֲשֶׁ֣ר	834 a	HTr	01rTr
15	17	12		עָבַ֔ר	5674 a	HVqp3ms	01bfb
15	17	13		בֵּ֖ין	996	HR	01mEa
15	17	14		הַ/גְּזָרִ֥ים	d/1506	HTd/Ncmpa	01ydN
15	17	15		הָ/אֵֽלֶּה	d/428	HTd/Pdxcp	01HVK
15	18	1		בַּ/יּ֣וֹם	b/3117	HRd/Ncmsa	01jiK
15	18	2		הַ/ה֗וּא	d/1931	HTd/Pp3ms	01Vqg
15	18	3		כָּרַ֧ת	3772	HVqp3ms	01yTL
15	18	4		יְהוָ֛ה	3068	HNp	013Xt
15	18	5		אֶת	854	HR	01dTm
15	18	6		אַבְרָ֖ם	87	HNp	016o3
15	18	7		בְּרִ֣ית	1285	HNcfsa	01cZp
15	18	8		לֵ/אמֹ֑ר	l/559	HR/Vqc	01diR
15	18	9		לְ/זַרְעֲ/ךָ֗	l/2233	HR/Ncmsc/Sp2ms	01kEs
15	18	10		נָתַ֨תִּי֙	5414	HVqp1cs	01bvu
15	18	11		אֶת	853	HTo	01a1T
15	18	12		הָ/אָ֣רֶץ	d/776	HTd/Ncbsa	01TnP
15	18	13		הַ/זֹּ֔את	d/2063	HTd/Pdxfs	01JjK
15	18	14		מִ/נְּהַ֣ר	m/5104	HR/Ncmsc	01PFs
15	18	15		מִצְרַ֔יִם	4714	HNp	013pH
15	18	16		עַד	5704	HR	01eEz
15	18	17		הַ/נָּהָ֥ר	d/5104	HTd/Ncmsa	01RwK
15	18	18		הַ/גָּדֹ֖ל	d/1419 a	HTd/Aamsa	01vTf
15	18	19		נְהַר	5104	HNcmsc	01jRy
15	18	20		פְּרָֽת	6578	HNp	01kAg
15	19	1		אֶת	853	HTo	016JK
15	19	2		הַ/קֵּינִי֙	d/7017	HTd/Ngmsa	01ibz
15	19	3		וְ/אֶת	c/853	HC/To	016Zt
15	19	4		הַ/קְּנִזִּ֔י	d/7074	HTd/Ngmsa	01Ywk
15	19	5		וְ/אֵ֖ת	c/853	HC/To	012Ag
15	19	6		הַ/קַּדְמֹנִֽי	d/6935	HTd/Ngmsa	01Saf
15	20	1		וְ/אֶת	c/853	HC/To	01KVW
15	20	2		הַ/חִתִּ֥י	d/2850	HTd/Ngmsa	01ybr
15	20	3		וְ/אֶת	c/853	HC/To	01Rgy
15	20	4		הַ/פְּרִזִּ֖י	d/6522	HTd/Ngmsa	01CDd
15	20	5		וְ/אֶת	c/853	HC/To	01Li1
15	20	6		הָ/רְפָאִֽים	d/7497 b	HTd/Ngmpa	01pYz
15	21	1		וְ/אֶת	c/853	HC/To	01mTQ
15	21	2		הָֽ/אֱמֹרִי֙	d/567	HTd/Ngmsa	01yeW
15	21	3		וְ/אֶת	c/853	HC/To	015vv
15	21	4		הַֽ/כְּנַעֲנִ֔י	d/3669 a	HTd/Ngmsa	01V6s
15	21	5		וְ/אֶת	c/853	HC/To	01FCH
15	21	6		הַ/גִּרְגָּשִׁ֖י	d/1622	HTd/Ngmsa	011f5
15	21	7		וְ/אֶת	c/853	HC/To	01Z5P
15	21	8		הַ/יְבוּסִֽי	d/2983	HTd/Ngmsa	015KP
16	1	1		וְ/שָׂרַי֙	c/8297	HC/Np	01qVV
16	1	2		אֵ֣שֶׁת	802	HNcfsc	01Pg2
16	1	3		אַבְרָ֔ם	87	HNp	01Zue
16	1	4		לֹ֥א	3808	HTn	01ncc
16	1	5		יָלְדָ֖ה	3205	HVqp3fs	012Dc
16	1	6		ל֑/וֹ	l	HR/Sp3ms	01gKj
16	1	7		וְ/לָ֛/הּ	c/l	HC/R/Sp3fs	01fDt
16	1	8		שִׁפְחָ֥ה	8198	HNcfsa	01Zsb
16	1	9		מִצְרִ֖ית	4713	HNgfsa	017ZE
16	1	10		וּ/שְׁמָ֥/הּ	c/8034	HC/Ncmsc/Sp3fs	01zWF
16	1	11		הָגָֽר	1904	HNp	01XPk
16	2	1		וַ/תֹּ֨אמֶר	c/559	HC/Vqw3fs	01G2M
16	2	2		שָׂרַ֜י	8297	HNp	01hHK
16	2	3		אֶל	413	HR	01a8K
16	2	4		אַבְרָ֗ם	87	HNp	01uiR
16	2	5		הִנֵּה	2009	HTm	01sWP
16	2	6		נָ֞א	4994	HTe	01GBG
16	2	7		עֲצָרַ֤/נִי	6113	HVqp3ms/Sp1cs	01acQ
16	2	8		יְהוָה֙	3068	HNp	01t1b
16	2	9		מִ/לֶּ֔דֶת	m/3205	HR/Vqc	01aWG
16	2	10		בֹּא	935	HVqv2ms	01G7R
16	2	11		נָא֙	4994	HTe	01AZv
16	2	12		אֶל	413	HR	01ZFu
16	2	13		שִׁפְחָתִ֔/י	8198	HNcfsc/Sp1cs	01qRc
16	2	14		אוּלַ֥י	194	HD	01882
16	2	15		אִבָּנֶ֖ה	1129	HVNi1cs	01JzX
16	2	16		מִמֶּ֑/נָּה	4480 a	HR/Sp3fs	01EPM
16	2	17		וַ/יִּשְׁמַ֥ע	c/8085	HC/Vqw3ms	018LY
16	2	18		אַבְרָ֖ם	87	HNp	01TcQ
16	2	19		לְ/ק֥וֹל	l/6963 a	HR/Ncmsc	01CiQ
16	2	20		שָׂרָֽי	8297	HNp	01PJ7
16	3	1		וַ/תִּקַּ֞ח	c/3947	HC/Vqw3fs	01kht
16	3	2		שָׂרַ֣י	8297	HNp	01JpD
16	3	3		אֵֽשֶׁת	802	HNcfsc	01mnM
16	3	4		אַבְרָ֗ם	87	HNp	01wHF
16	3	5		אֶת	853	HTo	01yhp
16	3	6		הָגָ֤ר	1904	HNp	01U6B
16	3	7		הַ/מִּצְרִית֙	d/4713	HTd/Ngfsa	016Li
16	3	8		שִׁפְחָתָ֔/הּ	8198	HNcfsc/Sp3fs	01hin
16	3	9		מִ/קֵּץ֙	m/7093	HR/Ncmsc	01JVU
16	3	10		עֶ֣שֶׂר	6235	HAcfsa	01YsH
16	3	11		שָׁנִ֔ים	8141	HNcfpa	01Y6g
16	3	12		לְ/שֶׁ֥בֶת	l/3427	HR/Vqc	01mjQ
16	3	13		אַבְרָ֖ם	87	HNp	01gFP
16	3	14		בְּ/אֶ֣רֶץ	b/776	HR/Ncbsc	01oHn
16	3	15		כְּנָ֑עַן	3667 a	HNp	013wd
16	3	16		וַ/תִּתֵּ֥ן	c/5414	HC/Vqw3fs	01HXV
16	3	17		אֹתָ֛/הּ	853	HTo/Sp3fs	01fTJ
16	3	18		לְ/אַבְרָ֥ם	l/87	HR/Np	01gq4
16	3	19		אִישָׁ֖/הּ	376	HNcmsc/Sp3fs	0196j
16	3	20		ל֥/וֹ	l	HR/Sp3ms	01apg
16	3	21		לְ/אִשָּֽׁה	l/802	HR/Ncfsa	01m2R
16	4	1		וַ/יָּבֹ֥א	c/935	HC/Vqw3ms	01xro
16	4	2		אֶל	413	HR	01GFp
16	4	3		הָגָ֖ר	1904	HNp	01rbG
16	4	4		וַ/תַּ֑הַר	c/2029	HC/Vqw3fs	019Fz
16	4	5		וַ/תֵּ֨רֶא֙	c/7200	HC/Vqw3fs	017pF
16	4	6		כִּ֣י	3588 a	HC	012K9
16	4	7		הָרָ֔תָה	2029	HVqp3fs	01Xqr
16	4	8		וַ/תֵּקַ֥ל	c/7043	HC/Vqw3fs	01WuJ
16	4	9		גְּבִרְתָּ֖/הּ	1404	HNcfsc/Sp3fs	01ZHe
16	4	10		בְּ/עֵינֶֽי/הָ	b/5869 a	HR/Ncbdc/Sp3fs	01K24
16	5	1		וַ/תֹּ֨אמֶר	c/559	HC/Vqw3fs	01t3M
16	5	2		שָׂרַ֣י	8297	HNp	01nLn
16	5	3		אֶל	413	HR	01byF
16	5	4		אַבְרָם֮	87	HNp	01NQV
16	5	5		חֲמָסִ֣/י	2555	HNcmsc/Sp1cs	01RhE
16	5	6		עָלֶי/ךָ֒	5921 a	HR/Sp2ms	01JDU
16	5	7		אָנֹכִ֗י	595	HPp1cs	01JCR
16	5	8		נָתַ֤תִּי	5414	HVqp1cs	01D4D
16	5	9		שִׁפְחָתִ/י֙	8198	HNcfsc/Sp1cs	01XqW
16	5	10		בְּ/חֵיקֶ֔/ךָ	b/2436	HR/Ncmsc/Sp2ms	01FeL
16	5	11		וַ/תֵּ֨רֶא֙	c/7200	HC/Vqw3fs	01urP
16	5	12		כִּ֣י	3588 a	HC	016hR
16	5	13		הָרָ֔תָה	2029	HVqp3fs	01sJT
16	5	14		וָ/אֵקַ֖ל	c/7043	HC/Vqw1cs	01eix
16	5	15		בְּ/עֵינֶ֑י/הָ	b/5869 a	HR/Ncbdc/Sp3fs	014SZ
16	5	16		יִשְׁפֹּ֥ט	8199	HVqj3ms	01ujg
16	5	17		יְהוָ֖ה	3068	HNp	01n8U
16	5	18		בֵּינִ֥/י	996	HR/Sp1cs	01KFN
16	5	19		וּ/בֵינֶֽיׄ/ךָ	c/996	HC/R/Sp2ms	01ee6
16	6	1		וַ/יֹּ֨אמֶר	c/559	HC/Vqw3ms	01L7f
16	6	2		אַבְרָ֜ם	87	HNp	01Nkz
16	6	3		אֶל	413	HR	01e66
16	6	4		שָׂרַ֗י	8297	HNp	01Xic
16	6	5		הִנֵּ֤ה	2009	HTm	019VK
16	6	6		שִׁפְחָתֵ/ךְ֙	8198	HNcfsc/Sp2fs	01MHN
16	6	7		בְּ/יָדֵ֔/ךְ	b/3027	HR/Ncbsc/Sp2fs	01zWe
16	6	8		עֲשִׂי	6213 a	HVqv2fs	01Toi
16	6	9		לָ֖/הּ	l	HR/Sp3fs	018VV
16	6	10		הַ/טּ֣וֹב	d/2896 a	HTd/Aamsa	01K1b
16	6	11		בְּ/עֵינָ֑יִ/ךְ	b/5869 a	HR/Ncbdc/Sp2fs	01Lgi
16	6	12		וַ/תְּעַנֶּ֣/הָ	c/6031 b	HC/Vpw3fs/Sp3fs	016Yk
16	6	13		שָׂרַ֔י	8297	HNp	01yaX
16	6	14		וַ/תִּבְרַ֖ח	c/1272	HC/Vqw3fs	01LmW
16	6	15		מִ/פָּנֶֽי/הָ	m/6440	HR/Ncbpc/Sp3fs	01YUT
16	7	1		וַֽ/יִּמְצָאָ֞/הּ	c/4672	HC/Vqw3ms/Sp3fs	01Cts
16	7	2		מַלְאַ֧ךְ	4397	HNcmsc	01yqG
16	7	3		יְהוָ֛ה	3068	HNp	016ev
16	7	4		עַל	5921 a	HR	01MDh
16	7	5		עֵ֥ין	5869 b	HNcbsc	01gZp
16	7	6		הַ/מַּ֖יִם	d/4325	HTd/Ncmpa	01dmq
16	7	7		בַּ/מִּדְבָּ֑ר	b/4057 b	HRd/Ncmsa	01RFy
16	7	8		עַל	5921 a	HR	01U5A
16	7	9		הָ/עַ֖יִן	d/5869 b	HTd/Ncbsa	01YEo
16	7	10		בְּ/דֶ֥רֶךְ	b/1870	HR/Ncbsc	01WW5
16	7	11		שֽׁוּר	7793	HNp	01xB1
16	8	1		וַ/יֹּאמַ֗ר	c/559	HC/Vqw3ms	01Dut
16	8	2		הָגָ֞ר	1904	HNp	01aAs
16	8	3		שִׁפְחַ֥ת	8198	HNcfsc	01iR4
16	8	4		שָׂרַ֛י	8297	HNp	01WD5
16	8	5		אֵֽי	335	HTi	01QVS
16	8	6		מִ/זֶּ֥ה	m/2088	HR/Pdxms	01Byp
16	8	7		בָ֖את	935	HVqp2fs	01WT7
16	8	8		וְ/אָ֣נָה	c/575	HC/Ti	01mgg
16	8	9		תֵלֵ֑כִי	3212	HVqi2fs	01FtA
16	8	10		וַ/תֹּ֕אמֶר	c/559	HC/Vqw3fs	01Wy2
16	8	11		מִ/פְּנֵי֙	m/6440	HR/Ncbpc	01LWF
16	8	12		שָׂרַ֣י	8297	HNp	0143f
16	8	13		גְּבִרְתִּ֔/י	1404	HNcfsc/Sp1cs	01DKG
16	8	14		אָנֹכִ֖י	595	HPp1cs	01Zqk
16	8	15		בֹּרַֽחַת	1272	HVqrfsa	01JHu
16	9	1		וַ/יֹּ֤אמֶר	c/559	HC/Vqw3ms	01TX2
16	9	2		לָ/הּ֙	l	HR/Sp3fs	01BVw
16	9	3		מַלְאַ֣ךְ	4397	HNcmsc	01As7
16	9	4		יְהוָ֔ה	3068	HNp	015kf
16	9	5		שׁ֖וּבִי	7725	HVqv2fs	01nnm
16	9	6		אֶל	413	HR	01Skh
16	9	7		גְּבִרְתֵּ֑/ךְ	1404	HNcfsc/Sp2fs	01hML
16	9	8		וְ/הִתְעַנִּ֖י	c/6031 b	HC/Vtv2fs	01brS
16	9	9		תַּ֥חַת	8478	HR	01wJM
16	9	10		יָדֶֽי/הָ	3027	HNcbdc/Sp3fs	01H8d
16	10	1		וַ/יֹּ֤אמֶר	c/559	HC/Vqw3ms	0148z
16	10	2		לָ/הּ֙	l	HR/Sp3fs	01M8d
16	10	3		מַלְאַ֣ךְ	4397	HNcmsc	01WKe
16	10	4		יְהוָ֔ה	3068	HNp	012KH
16	10	5		הַרְבָּ֥ה	7235 a	HVha	01HGY
16	10	6		אַרְבֶּ֖ה	7235 a	HVhi1cs	01NxF
16	10	7		אֶת	853	HTo	0162X
16	10	8		זַרְעֵ֑/ךְ	2233	HNcmsc/Sp2fs	01hQZ
16	10	9		וְ/לֹ֥א	c/3808	HC/Tn	011B3
16	10	10		יִסָּפֵ֖ר	5608 a	HVNi3ms	01imA
16	10	11		מֵ/רֹֽב	m/7230	HR/Ncbsa	01eZb
16	11	1		וַ/יֹּ֤אמֶר	c/559	HC/Vqw3ms	01Kg3
16	11	2		לָ/הּ֙	l	HR/Sp3fs	01L37
16	11	3		מַלְאַ֣ךְ	4397	HNcmsc	01Dbh
16	11	4		יְהוָ֔ה	3068	HNp	01GXn
16	11	5		הִנָּ֥/ךְ	2009	HTm/Sp2fs	01mmj
16	11	6		הָרָ֖ה	2030 a	HAafsa	01vT5
16	11	7		וְ/יֹלַ֣דְתְּ	c/3205	HC/Vqrfsa	01ia1
16	11	8		בֵּ֑ן	1121 a	HNcmsa	01Lgd
16	11	9		וְ/קָרָ֤את	c/7121	HC/Vqq2fs	01GhB
16	11	10		שְׁמ/וֹ֙	8034	HNcmsc/Sp3ms	015PW
16	11	11		יִשְׁמָעֵ֔אל	3458	HNp	013FW
16	11	12		כִּֽי	3588 a	HC	01jwC
16	11	13		שָׁמַ֥ע	8085	HVqp3ms	01GmR
16	11	14		יְהוָ֖ה	3068	HNp	01xun
16	11	15		אֶל	413	HR	01zAv
16	11	16		עָנְיֵֽ/ךְ	6040	HNcmsc/Sp2fs	011c2
16	12	1		וְ/ה֤וּא	c/1931	HC/Pp3ms	01q28
16	12	2		יִהְיֶה֙	1961	HVqi3ms	018oG
16	12	3		פֶּ֣רֶא	6501	HNcmsc	012L1
16	12	4		אָדָ֔ם	120	HNcmsa	01e3V
16	12	5		יָד֣/וֹ	3027	HNcbsc/Sp3ms	01Ae1
16	12	6		בַ/כֹּ֔ל	b/3605	HRd/Ncmsa	01PFr
16	12	7		וְ/יַ֥ד	c/3027	HC/Ncbsc	01YKm
16	12	8		כֹּ֖ל	3605	HNcmsa	01WHq
16	12	9		בּ֑/וֹ	b	HR/Sp3ms	01KxQ
16	12	10		וְ/עַל	c/5921 a	HC/R	01NKr
16	12	11		פְּנֵ֥י	6440	HNcbpc	01LsJ
16	12	12		כָל	3605	HNcmsc	01bhZ
16	12	13		אֶחָ֖י/ו	251	HNcmpc/Sp3ms	018nK
16	12	14		יִשְׁכֹּֽן	7931	HVqi3ms	01tSz
16	13	1		וַ/תִּקְרָ֤א	c/7121	HC/Vqw3fs	01FE5
16	13	2		שֵׁם	8034	HNcmsc	01Hxz
16	13	3		יְהוָה֙	3068	HNp	01B3z
16	13	4		הַ/דֹּבֵ֣ר	d/1696	HTd/Vqrmsa	01XLq
16	13	5		אֵלֶ֔י/הָ	413	HR/Sp3fs	01nB1
16	13	6		אַתָּ֖ה	859 a	HPp2ms	01h14
16	13	7		אֵ֣ל	410	HNcmsc	01vMU
16	13	8		רֳאִ֑י	7210	HNcmsa	01112
16	13	9		כִּ֣י	3588 a	HC	013fE
16	13	10		אָֽמְרָ֗ה	559	HVqp3fs	01zMp
16	13	11		הֲ/גַ֥ם	i/1571	HTi/D	01mxd
16	13	12		הֲלֹ֛ם	1988	HD	014ir
16	13	13		רָאִ֖יתִי	7200	HVqp1cs	016mr
16	13	14		אַחֲרֵ֥י	310 a	HR	01bXr
16	13	15		רֹאִֽ/י	7200	HVqrmsc/Sp1cs	01CCa
16	14	1		עַל	5921 a	HR	01XzH
16	14	2		כֵּן֙	3651 c	HTm	01DHa
16	14	3		קָרָ֣א	7121	HVqp3ms	01B8t
16	14	4		לַ/בְּאֵ֔ר	l/875	HRd/Ncfsa	01SYU
16	14	5		בְּאֵ֥ר	883+	HNp	01YnQ
16	14	6		לַחַ֖י	883+	HNp	01Z2g
16	14	7		רֹאִ֑י	883	HNp	016oJ
16	14	8		הִנֵּ֥ה	2009	HTm	01mxb
16	14	9		בֵין	996	HR	01cxS
16	14	10		קָדֵ֖שׁ	6946	HNp	01YtD
16	14	11		וּ/בֵ֥ין	c/996	HC/R	01uia
16	14	12		בָּֽרֶד	1260	HNp	01B8N
16	15	1		וַ/תֵּ֧לֶד	c/3205	HC/Vqw3fs	018DB
16	15	2		הָגָ֛ר	1904	HNp	01tUc
16	15	3		לְ/אַבְרָ֖ם	l/87	HR/Np	01w3D
16	15	4		בֵּ֑ן	1121 a	HNcmsa	01gJP
16	15	5		וַ/יִּקְרָ֨א	c/7121	HC/Vqw3ms	01j3e
16	15	6		אַבְרָ֧ם	87	HNp	01Cfv
16	15	7		שֶׁם	8034	HNcmsc	01q1p
16	15	8		בְּנ֛/וֹ	1121 a	HNcmsc/Sp3ms	01g8J
16	15	9		אֲשֶׁר	834 a	HTr	019QM
16	15	10		יָלְדָ֥ה	3205	HVqp3fs	01Sgb
16	15	11		הָגָ֖ר	1904	HNp	01t8Y
16	15	12		יִשְׁמָעֵֽאל	3458	HNp	01KTA
16	16	1		וְ/אַבְרָ֕ם	c/87	HC/Np	01nVn
16	16	2		בֶּן	1121 a	HNcmsc	01rN2
16	16	3		שְׁמֹנִ֥ים	8084	HAcbpa	01tXE
16	16	4		שָׁנָ֖ה	8141	HNcfsa	01Amo
16	16	5		וְ/שֵׁ֣שׁ	c/8337	HC/Acfsa	01tLv
16	16	6		שָׁנִ֑ים	8141	HNcfpa	01z69
16	16	7		בְּ/לֶֽדֶת	b/3205	HR/Vqc	01ync
16	16	8		הָגָ֥ר	1904	HNp	018fH
16	16	9		אֶת	853	HTo	01t7b
16	16	10		יִשְׁמָעֵ֖אל	3458	HNp	018o8
16	16	11		לְ/אַבְרָֽם	l/87	HR/Np	016Wa
17	1	1		וַ/יְהִ֣י	c/1961	HC/Vqw3ms	01uj4
17	1	2		אַבְרָ֔ם	87	HNp	01Rhy
17	1	3		בֶּן	1121 a	HNcmsc	016gh
17	1	4		תִּשְׁעִ֥ים	8673	HAcbpa	012w9
17	1	5		שָׁנָ֖ה	8141	HNcfsa	01y4p
17	1	6		וְ/תֵ֣שַׁע	c/8672	HC/Acfsa	01bSv
17	1	7		שָׁנִ֑ים	8141	HNcfpa	01LRa
17	1	8		וַ/יֵּרָ֨א	c/7200	HC/VNw3ms	01mX8
17	1	9		יְהוָ֜ה	3068	HNp	01mV2
17	1	10		אֶל	413	HR	01t7q
17	1	11		אַבְרָ֗ם	87	HNp	01cXi
17	1	12		וַ/יֹּ֤אמֶר	c/559	HC/Vqw3ms	01d7W
17	1	13		אֵלָי/ו֙	413	HR/Sp3ms	01Sin
17	1	14		אֲנִי	589	HPp1cs	015Jk
17	1	15		אֵ֣ל	410	HNp	01iSM
17	1	16		שַׁדַּ֔י	7706	HNp	01vpV
17	1	17		הִתְהַלֵּ֥ךְ	1980	HVtv2ms	01gVD
17	1	18		לְ/פָנַ֖/י	l/6440	HR/Ncbpc/Sp1cs	01kVy
17	1	19		וֶ/הְיֵ֥ה	c/1961	HC/Vqv2ms	01S4D
17	1	20		תָמִֽים	8549	HAamsa	01SxU
17	2	1		וְ/אֶתְּנָ֥ה	c/5414	HC/Vqh1cs	01Z54
17	2	2		בְרִיתִ֖/י	1285	HNcfsc/Sp1cs	013Xf
17	2	3		בֵּינִ֣/י	996	HR/Sp1cs	01JWr
17	2	4		וּ/בֵינֶ֑/ךָ	c/996	HC/R/Sp2ms	01f43
17	2	5		וְ/אַרְבֶּ֥ה	c/7235 a	HC/Vhh1cs	01hFp
17	2	6		אוֹתְ/ךָ֖	853	HTo/Sp2ms	01fgh
17	2	7		בִּ/מְאֹ֥ד	b/3966	HR/D	01YsB
17	2	8		מְאֹֽד	3966	HD	01PRQ
17	3	1		וַ/יִּפֹּ֥ל	c/5307	HC/Vqw3ms	01dUa
17	3	2		אַבְרָ֖ם	87	HNp	01sYy
17	3	3		עַל	5921 a	HR	01fdJ
17	3	4		פָּנָ֑י/ו	6440	HNcbpc/Sp3ms	01Bkg
17	3	5		וַ/יְדַבֵּ֥ר	c/1696	HC/Vpw3ms	013kt
17	3	6		אִתּ֛/וֹ	854	HR/Sp3ms	01zPh
17	3	7		אֱלֹהִ֖ים	430	HNcmpa	0128Z
17	3	8		לֵ/אמֹֽר	l/559	HR/Vqc	01scJ
17	4	1		אֲנִ֕י	589	HPp1cs	01U5T
17	4	2		הִנֵּ֥ה	2009	HTm	01cuM
17	4	3		בְרִיתִ֖/י	1285	HNcfsc/Sp1cs	01Js8
17	4	4		אִתָּ֑/ךְ	854	HR/Sp2fs	01nt3
17	4	5		וְ/הָיִ֕יתָ	c/1961	HC/Vqq2ms	01VkC
17	4	6		לְ/אַ֖ב	l/1	HR/Ncmsc	01nou
17	4	7		הֲמ֥וֹן	1995 a	HNcmsc	01P34
17	4	8		גּוֹיִֽם	1471 a	HNcmpa	01xcW
17	5	1		וְ/לֹא	c/3808	HC/Tn	01vsd
17	5	2		יִקָּרֵ֥א	7121	HVNi3ms	01evR
17	5	3		ע֛וֹד	5750	HD	014vP
17	5	4		אֶת	853	HTo	01wdA
17	5	5		שִׁמְ/ךָ֖	8034	HNcmsc/Sp2ms	01RZq
17	5	6		אַבְרָ֑ם	87	HNp	01tWF
17	5	7		וְ/הָיָ֤ה	c/1961	HC/Vqq3ms	01n2n
17	5	8		שִׁמְ/ךָ֙	8034	HNcmsc/Sp2ms	01Ycg
17	5	9		אַבְרָהָ֔ם	85	HNp	01TCv
17	5	10		כִּ֛י	3588 a	HC	01QXK
17	5	11		אַב	1	HNcmsc	015zK
17	5	12		הֲמ֥וֹן	1995 a	HNcmsc	01kjj
17	5	13		גּוֹיִ֖ם	1471 a	HNcmpa	01Ja6
17	5	14		נְתַתִּֽי/ךָ	5414	HVqp1cs/Sp2ms	014n4
17	6	1		וְ/הִפְרֵתִ֤י	c/6509	HC/Vhq1cs	018MY
17	6	2		אֹֽתְ/ךָ֙	853	HTo/Sp2ms	01wqE
17	6	3		בִּ/מְאֹ֣ד	b/3966	HR/D	01agQ
17	6	4		מְאֹ֔ד	3966	HD	01TdF
17	6	5		וּ/נְתַתִּ֖י/ךָ	c/5414	HC/Vqq1cs/Sp2ms	016uC
17	6	6		לְ/גוֹיִ֑ם	l/1471 a	HR/Ncmpa	01hdS
17	6	7		וּ/מְלָכִ֖ים	c/4428	HC/Ncmpa	01Prc
17	6	8		מִמְּ/ךָ֥	4480 a	HR/Sp2ms	017wA
17	6	9		יֵצֵֽאוּ	3318	HVqi3mp	01mxY
17	7	1		וַ/הֲקִמֹתִ֨י	c/6965 b	HC/Vhq1cs	01F8v
17	7	2		אֶת	853	HTo	016CL
17	7	3		בְּרִיתִ֜/י	1285	HNcfsc/Sp1cs	01mjS
17	7	4		בֵּינִ֣/י	996	HR/Sp1cs	01dzV
17	7	5		וּ/בֵינֶ֗/ךָ	c/996	HC/R/Sp2ms	01G8J
17	7	6		וּ/בֵ֨ין	c/996	HC/R	01pBn
17	7	7		זַרְעֲ/ךָ֧	2233	HNcmsc/Sp2ms	01Ecc
17	7	8		אַחֲרֶ֛י/ךָ	310 a	HR/Sp2ms	01WaP
17	7	9		לְ/דֹרֹתָ֖/ם	l/1755	HR/Ncmpc/Sp3mp	01x2T
17	7	10		לִ/בְרִ֣ית	l/1285	HR/Ncfsc	01HSC
17	7	11		עוֹלָ֑ם	5769	HNcmsa	01sU3
17	7	12		לִ/הְי֤וֹת	l/1961	HR/Vqc	01mBa
17	7	13		לְ/ךָ֙	l	HR/Sp2ms	01XXV
17	7	14		לֵֽ/אלֹהִ֔ים	l/430	HR/Ncmpa	01vSJ
17	7	15		וּֽ/לְ/זַרְעֲ/ךָ֖	c/l/2233	HC/R/Ncmsc/Sp2ms	01VpS
17	7	16		אַחֲרֶֽי/ךָ	310 a	HR/Sp2ms	01hub
17	8	1		וְ/נָתַתִּ֣י	c/5414	HC/Vqq1cs	01NfR
17	8	2		לְ֠/ךָ	l	HR/Sp2ms	019bN
17	8	3		וּ/לְ/זַרְעֲ/ךָ֨	c/l/2233	HC/R/Ncmsc/Sp2ms	01k15
17	8	4		אַחֲרֶ֜י/ךָ	310 a	HR/Sp2ms	01UXx
17	8	5		אֵ֣ת	853	HTo	01hup
17	8	6		אֶ֣רֶץ	776	HNcbsc	017an
17	8	7		מְגֻרֶ֗י/ךָ	4033	HNcmpc/Sp2ms	01MJY
17	8	8		אֵ֚ת	853	HTo	01yhT
17	8	9		כָּל	3605	HNcmsc	01PxD
17	8	10		אֶ֣רֶץ	776	HNcbsc	01H1z
17	8	11		כְּנַ֔עַן	3667 a	HNp	01kYj
17	8	12		לַ/אֲחֻזַּ֖ת	l/272	HR/Ncfsc	01RHd
17	8	13		עוֹלָ֑ם	5769	HNcmsa	01LYs
17	8	14		וְ/הָיִ֥יתִי	c/1961	HC/Vqq1cs	015iP
17	8	15		לָ/הֶ֖ם	l	HR/Sp3mp	01Wm3
17	8	16		לֵ/אלֹהִֽים	l/430	HR/Ncmpa	01TsQ
17	9	1		וַ/יֹּ֤אמֶר	c/559	HC/Vqw3ms	01fuL
17	9	2		אֱלֹהִים֙	430	HNcmpa	01HAP
17	9	3		אֶל	413	HR	01jLC
17	9	4		אַבְרָהָ֔ם	85	HNp	01adr
17	9	5		וְ/אַתָּ֖ה	c/859 a	HC/Pp2ms	01f5u
17	9	6		אֶת	853	HTo	01cU4
17	9	7		בְּרִיתִ֣/י	1285	HNcfsc/Sp1cs	01TnS
17	9	8		תִשְׁמֹ֑ר	8104	HVqi2ms	01odJ
17	9	9		אַתָּ֛ה	859 a	HPp2ms	01bVo
17	9	10		וְ/זַרְעֲ/ךָ֥	c/2233	HC/Ncmsc/Sp2ms	01tkF
17	9	11		אַֽחֲרֶ֖י/ךָ	310 a	HR/Sp2ms	01xeK
17	9	12		לְ/דֹרֹתָֽ/ם	l/1755	HR/Ncmpc/Sp3mp	017FR
17	10	1		זֹ֣את	2063	HPdxfs	013fY
17	10	2		בְּרִיתִ֞/י	1285	HNcfsc/Sp1cs	014sy
17	10	3		אֲשֶׁ֣ר	834 a	HTr	01xWC
17	10	4		תִּשְׁמְר֗וּ	8104	HVqi2mp	01Kn3
17	10	5		בֵּינִ/י֙	996	HR/Sp1cs	01ifk
17	10	6		וּ/בֵ֣ינֵי/כֶ֔ם	c/996	HC/R/Sp2mp	01TaB
17	10	7		וּ/בֵ֥ין	c/996	HC/R	01gyf
17	10	8		זַרְעֲ/ךָ֖	2233	HNcmsc/Sp2ms	01aga
17	10	9		אַחֲרֶ֑י/ךָ	310 a	HR/Sp2ms	01Vy3
17	10	10		הִמּ֥וֹל	4135 a	HVNa	01A9Y
17	10	11		לָ/כֶ֖ם	l	HR/Sp2mp	01D7i
17	10	12		כָּל	3605	HNcmsc	01ing
17	10	13		זָכָֽר	2145	HAamsa	01meH
17	11	1		וּ/נְמַלְתֶּ֕ם	c/5243 b	HC/VNq2mp	01Do2
17	11	2		אֵ֖ת	853	HTo	01CBX
17	11	3		בְּשַׂ֣ר	1320	HNcmsc	011D5
17	11	4		עָרְלַתְ/כֶ֑ם	6190	HNcfsc/Sp2mp	01xwi
17	11	5		וְ/הָיָה֙	c/1961	HC/Vqq3ms	01SM8
17	11	6		לְ/א֣וֹת	l/226	HR/Ncbsc	01vUR
17	11	7		בְּרִ֔ית	1285	HNcfsa	01PNk
17	11	8		בֵּינִ֖/י	996	HR/Sp1cs	01tL1
17	11	9		וּ/בֵינֵי/כֶֽם	c/996	HC/R/Sp2mp	01jNR
17	12	1		וּ/בֶן	c/1121 a	HC/Ncmsc	01zpg
17	12	2		שְׁמֹנַ֣ת	8083	HAcmsc	01HB7
17	12	3		יָמִ֗ים	3117	HNcmpa	01BkQ
17	12	4		יִמּ֥וֹל	4135 a	HVNi3ms	01PD3
17	12	5		לָ/כֶ֛ם	l	HR/Sp2mp	01FWp
17	12	6		כָּל	3605	HNcmsc	012oV
17	12	7		זָכָ֖ר	2145	HAamsa	01ghg
17	12	8		לְ/דֹרֹתֵי/כֶ֑ם	l/1755	HR/Ncmpc/Sp2mp	01x5M
17	12	9		יְלִ֣יד	3211	HNcmsc	01ViT
17	12	10		בָּ֔יִת	1004 b	HNcmsa	01jka
17	12	11		וּ/מִקְנַת	c/4736	HC/Ncfsc	01Hyg
17	12	12		כֶּ֨סֶף֙	3701	HNcmsa	013BN
17	12	13		מִ/כֹּ֣ל	m/3605	HR/Ncmsc	01Gqg
17	12	14		בֶּן	1121 a	HNcmsc	016Rj
17	12	15		נֵכָ֔ר	5236	HNcmsa	01bzr
17	12	16		אֲשֶׁ֛ר	834 a	HTr	01nXP
17	12	17		לֹ֥א	3808	HTn	01ceA
17	12	18		מִֽ/זַּרְעֲ/ךָ֖	m/2233	HR/Ncmsc/Sp2ms	01Baa
17	12	19		הֽוּא	1931	HPp3ms	01rR7
17	13	1		הִמּ֧וֹל	4135 a	HVNa	015jH
17	13	2		יִמּ֛וֹל	4135 a	HVNi3ms	015us
17	13	3		יְלִ֥יד	3211	HNcmsc	01Kgs
17	13	4		בֵּֽיתְ/ךָ֖	1004 b	HNcmsc/Sp2ms	01Zij
17	13	5		וּ/מִקְנַ֣ת	c/4736	HC/Ncfsc	01VE6
17	13	6		כַּסְפֶּ֑/ךָ	3701	HNcmsc/Sp2ms	01iDE
17	13	7		וְ/הָיְתָ֧ה	c/1961	HC/Vqq3fs	01dza
17	13	8		בְרִיתִ֛/י	1285	HNcfsc/Sp1cs	01FBM
17	13	9		בִּ/בְשַׂרְ/כֶ֖ם	b/1320	HR/Ncmsc/Sp2mp	01RBD
17	13	10		לִ/בְרִ֥ית	l/1285	HR/Ncfsc	01u19
17	13	11		עוֹלָֽם	5769	HNcmsa	01cT3
17	14	1		וְ/עָרֵ֣ל	c/6189	HC/Aamsa	01KA6
17	14	2		זָכָ֗ר	2145	HAamsa	01c6h
17	14	3		אֲשֶׁ֤ר	834 a	HTr	01oqA
17	14	4		לֹֽא	3808	HTn	01FwU
17	14	5		יִמּוֹל֙	4135 a	HVNi3ms	019Yo
17	14	6		אֶת	853	HTo	01jBe
17	14	7		בְּשַׂ֣ר	1320	HNcmsc	01t1Z
17	14	8		עָרְלָת֔/וֹ	6190	HNcfsc/Sp3ms	01hvs
17	14	9		וְ/נִכְרְתָ֛ה	c/3772	HC/VNq3fs	01J2L
17	14	10		הַ/נֶּ֥פֶשׁ	d/5315	HTd/Ncbsa	01c7R
17	14	11		הַ/הִ֖וא	d/1931	HTd/Pp3fs	01Yoy
17	14	12		מֵ/עַמֶּ֑י/הָ	m/5971 b	HR/Ncmpc/Sp3fs	01HqH
17	14	13		אֶת	853	HTo	01fWw
17	14	14		בְּרִיתִ֖/י	1285	HNcfsc/Sp1cs	01HSo
17	14	15		הֵפַֽר	6565 a	HVhp3ms	015Sv
17	15	1		וַ/יֹּ֤אמֶר	c/559	HC/Vqw3ms	01jaB
17	15	2		אֱלֹהִים֙	430	HNcmpa	01wNv
17	15	3		אֶל	413	HR	01V6g
17	15	4		אַבְרָהָ֔ם	85	HNp	01jfK
17	15	5		שָׂרַ֣י	8297	HNp	01yXw
17	15	6		אִשְׁתְּ/ךָ֔	802	HNcfsc/Sp2ms	01x5y
17	15	7		לֹא	3808	HTn	01b7a
17	15	8		תִקְרָ֥א	7121	HVqi2ms	01TNv
17	15	9		אֶת	853	HTo	01Eb5
17	15	10		שְׁמָ֖/הּ	8034	HNcmsc/Sp3fs	01hZ8
17	15	11		שָׂרָ֑י	8297	HNp	01iYK
17	15	12		כִּ֥י	3588 a	HC	01z3c
17	15	13		שָׂרָ֖ה	8283	HNp	01B7n
17	15	14		שְׁמָֽ/הּ	8034	HNcmsc/Sp3fs	01C22
17	16	1		וּ/בֵרַכְתִּ֣י	c/1288	HC/Vpq1cs	01kX9
17	16	2		אֹתָ֔/הּ	853	HTo/Sp3fs	013n3
17	16	3		וְ/גַ֨ם	c/1571	HC/Ta	01cMk
17	16	4		נָתַ֧תִּי	5414	HVqp1cs	01Jpy
17	16	5		מִמֶּ֛/נָּה	4480 a	HR/Sp3fs	01Nka
17	16	6		לְ/ךָ֖	l	HR/Sp2ms	018Wu
17	16	7		בֵּ֑ן	1121 a	HNcmsa	01Jgp
17	16	8		וּ/בֵֽרַכְתִּ֨י/הָ֙	c/1288	HC/Vpq1cs/Sp3fs	01CXM
17	16	9		וְ/הָֽיְתָ֣ה	c/1961	HC/Vqq3fs	013R8
17	16	10		לְ/גוֹיִ֔ם	l/1471 a	HR/Ncmpa	01d1m
17	16	11		מַלְכֵ֥י	4428	HNcmpc	01EHw
17	16	12		עַמִּ֖ים	5971 a	HNcmpa	01hPq
17	16	13		מִמֶּ֥/נָּה	4480 a	HR/Sp3fs	01oBv
17	16	14		יִהְיֽוּ	1961	HVqi3mp	01FXM
17	17	1		וַ/יִּפֹּ֧ל	c/5307	HC/Vqw3ms	01qQy
17	17	2		אַבְרָהָ֛ם	85	HNp	01vXa
17	17	3		עַל	5921 a	HR	016pa
17	17	4		פָּנָ֖י/ו	6440	HNcbpc/Sp3ms	01XBs
17	17	5		וַ/יִּצְחָ֑ק	c/6711	HC/Vqw3ms	014Sd
17	17	6		וַ/יֹּ֣אמֶר	c/559	HC/Vqw3ms	01ic3
17	17	7		בְּ/לִבּ֗/וֹ	b/3820 a	HR/Ncmsc/Sp3ms	01Wo6
17	17	8		הַ/לְּ/בֶ֤ן	d/l/1121 a	HTi/R/Ncmsc	01EGe
17	17	9		מֵאָֽה	3967	HAcbsa	01D3g
17	17	10		שָׁנָה֙	8141	HNcfsa	01ZxC
17	17	11		יִוָּלֵ֔ד	3205	HVNi3ms	01ocE
17	17	12		וְ/אִ֨ם	c/518 a	HC/C	015NY
17	17	13		שָׂרָ֔ה	8283	HNp	01ZXC
17	17	14		הֲ/בַת	i/1323	HTi/Ncfsc	01bW5
17	17	15		תִּשְׁעִ֥ים	8673	HAcbpa	01ahu
17	17	16		שָׁנָ֖ה	8141	HNcfsa	01wEv
17	17	17		תֵּלֵֽד	3205	HVqi3fs	01owX
17	18	1		וַ/יֹּ֥אמֶר	c/559	HC/Vqw3ms	01ece
17	18	2		אַבְרָהָ֖ם	85	HNp	01cUM
17	18	3		אֶל	413	HR	01K7y
17	18	4		הָֽ/אֱלֹהִ֑ים	d/430	HTd/Ncmpa	01zfg
17	18	5		ל֥וּ	3863	HC	01eSi
17	18	6		יִשְׁמָעֵ֖אל	3458	HNp	01Rkx
17	18	7		יִחְיֶ֥ה	2421	HVqi3ms	01WU8
17	18	8		לְ/פָנֶֽי/ךָ	l/6440	HR/Ncbpc/Sp2ms	01FCx
17	19	1		וַ/יֹּ֣אמֶר	c/559	HC/Vqw3ms	01zYs
17	19	2		אֱלֹהִ֗ים	430	HNcmpa	01t82
17	19	3		אֲבָל֙	61	HD	01Lnu
17	19	4		שָׂרָ֣ה	8283	HNp	01ko3
17	19	5		אִשְׁתְּ/ךָ֗	802	HNcfsc/Sp2ms	01LAQ
17	19	6		יֹלֶ֤דֶת	3205	HVqrfsa	01kre
17	19	7		לְ/ךָ֙	l	HR/Sp2ms	014VQ
17	19	8		בֵּ֔ן	1121 a	HNcmsa	01vXv
17	19	9		וְ/קָרָ֥אתָ	c/7121	HC/Vqq2ms	01aca
17	19	10		אֶת	853	HTo	01B8J
17	19	11		שְׁמ֖/וֹ	8034	HNcmsc/Sp3ms	016iZ
17	19	12		יִצְחָ֑ק	3327	HNp	01qCy
17	19	13		וַ/הֲקִמֹתִ֨י	c/6965 b	HC/Vhq1cs	01jG7
17	19	14		אֶת	853	HTo	01C4J
17	19	15		בְּרִיתִ֥/י	1285	HNcfsc/Sp1cs	01Xc8
17	19	16		אִתּ֛/וֹ	854	HR/Sp3ms	01q7V
17	19	17		לִ/בְרִ֥ית	l/1285	HR/Ncfsc	013hw
17	19	18		עוֹלָ֖ם	5769	HNcmsa	01qQm
17	19	19		לְ/זַרְע֥/וֹ	l/2233	HR/Ncmsc/Sp3ms	01tA2
17	19	20		אַחֲרָֽי/ו	310 a	HR/Sp3ms	019ZJ
17	20	1		וּֽ/לְ/יִשְׁמָעֵ֘אל	c/l/3458	HC/R/Np	018mZ
17	20	2		שְׁמַעְתִּי/ךָ֒	8085	HVqp1cs/Sp2ms	013dL
17	20	3		הִנֵּ֣ה	2009	HTm	01nqx
17	20	4		בֵּרַ֣כְתִּי	1288	HVpp1cs	01kZH
17	20	5		אֹת֗/וֹ	853	HTo/Sp3ms	016Ly
17	20	6		וְ/הִפְרֵיתִ֥י	c/6509	HC/Vhq1cs	01Azm
17	20	7		אֹת֛/וֹ	853	HTo/Sp3ms	01AuX
17	20	8		וְ/הִרְבֵּיתִ֥י	c/7235 a	HC/Vhq1cs	01gS3
17	20	9		אֹת֖/וֹ	853	HTo/Sp3ms	01WLs
17	20	10		בִּ/מְאֹ֣ד	b/3966	HR/D	0172j
17	20	11		מְאֹ֑ד	3966	HD	01JA8
17	20	12		שְׁנֵים	8147	HAcmda	0133v
17	20	13		עָשָׂ֤ר	6240	HAcmsa	01cuG
17	20	14		נְשִׂיאִם֙	5387 a	HNcmpa	01F8H
17	20	15		יוֹלִ֔יד	3205	HVhi3ms	012fZ
17	20	16		וּ/נְתַתִּ֖י/ו	c/5414	HC/Vqq1cs/Sp3ms	019FM
17	20	17		לְ/ג֥וֹי	l/1471 a	HR/Ncmsa	019zz
17	20	18		גָּדֽוֹל	1419 a	HAamsa	018WW
17	21	1		וְ/אֶת	c/853	HC/To	01Ztw
17	21	2		בְּרִיתִ֖/י	1285	HNcfsc/Sp1cs	01Rro
17	21	3		אָקִ֣ים	6965 b	HVhi1cs	01ymu
17	21	4		אֶת	854	HR	01RrX
17	21	5		יִצְחָ֑ק	3327	HNp	01omm
17	21	6		אֲשֶׁר֩	834 a	HTr	01LfE
17	21	7		תֵּלֵ֨ד	3205	HVqi3fs	01KT7
17	21	8		לְ/ךָ֤	l	HR/Sp2ms	01fGo
17	21	9		שָׂרָה֙	8283	HNp	01EoR
17	21	10		לַ/מּוֹעֵ֣ד	l/4150	HRd/Ncmsa	01LQH
17	21	11		הַ/זֶּ֔ה	d/2088	HTd/Pdxms	01bmm
17	21	12		בַּ/שָּׁנָ֖ה	b/8141	HRd/Ncfsa	01oHh
17	21	13		הָ/אַחֶֽרֶת	d/312	HTd/Aafsa	01Wc4
17	22	1		וַ/יְכַ֖ל	c/3615	HC/Vpw3ms	01Khc
17	22	2		לְ/דַבֵּ֣ר	l/1696	HR/Vpc	01Ghm
17	22	3		אִתּ֑/וֹ	854	HR/Sp3ms	01FVs
17	22	4		וַ/יַּ֣עַל	c/5927	HC/Vqw3ms	01fZC
17	22	5		אֱלֹהִ֔ים	430	HNcmpa	01jvx
17	22	6		מֵ/עַ֖ל	m/5921 a	HR/R	01qwG
17	22	7		אַבְרָהָֽם	85	HNp	01k7i
17	23	1		וַ/יִּקַּ֨ח	c/3947	HC/Vqw3ms	01Yp6
17	23	2		אַבְרָהָ֜ם	85	HNp	01VcG
17	23	3		אֶת	853	HTo	01ehE
17	23	4		יִשְׁמָעֵ֣אל	3458	HNp	01hvg
17	23	5		בְּנ֗/וֹ	1121 a	HNcmsc/Sp3ms	015Zp
17	23	6		וְ/אֵ֨ת	c/853	HC/To	01Nw9
17	23	7		כָּל	3605	HNcmsc	01MNP
17	23	8		יְלִידֵ֤י	3211	HNcmpc	01kig
17	23	9		בֵית/וֹ֙	1004 b	HNcmsc/Sp3ms	01rHR
17	23	10		וְ/אֵת֙	c/853	HC/To	01vq2
17	23	11		כָּל	3605	HNcmsc	01Exx
17	23	12		מִקְנַ֣ת	4736	HNcfsc	01vaE
17	23	13		כַּסְפּ֔/וֹ	3701	HNcmsc/Sp3ms	01H2u
17	23	14		כָּל	3605	HNcmsc	01iog
17	23	15		זָכָ֕ר	2145	HAamsa	01ZR9
17	23	16		בְּ/אַנְשֵׁ֖י	b/376	HR/Ncmpc	01z2U
17	23	17		בֵּ֣ית	1004 b	HNcmsc	01rrY
17	23	18		אַבְרָהָ֑ם	85	HNp	01bPn
17	23	19		וַ/יָּ֜מָל	c/4135 a	HC/Vqw3ms	01cD3
17	23	20		אֶת	853	HTo	01cLr
17	23	21		בְּשַׂ֣ר	1320	HNcmsc	01Qpi
17	23	22		עָרְלָתָ֗/ם	6190	HNcfsc/Sp3mp	01p6Q
17	23	23		בְּ/עֶ֨צֶם֙	b/6106	HR/Ncfsc	01dvn
17	23	24		הַ/יּ֣וֹם	d/3117	HTd/Ncmsa	01eV2
17	23	25		הַ/זֶּ֔ה	d/2088	HTd/Pdxms	01Juw
17	23	26		כַּ/אֲשֶׁ֛ר	k/834 d	HR/Tr	01f7A
17	23	27		דִּבֶּ֥ר	1696	HVpp3ms	01nU3
17	23	28		אִתּ֖/וֹ	854	HR/Sp3ms	01i3X
17	23	29		אֱלֹהִֽים	430	HNcmpa	01cws
17	24	1		וְ/אַ֨בְרָהָ֔ם	c/85	HC/Np	01jKx
17	24	2		בֶּן	1121 a	HNcmsc	01wes
17	24	3		תִּשְׁעִ֥ים	8673	HAcbpa	01i2Q
17	24	4		וָ/תֵ֖שַׁע	c/8672	HC/Acfsa	01PGa
17	24	5		שָׁנָ֑ה	8141	HNcfsa	01qpS
17	24	6		בְּ/הִמֹּל֖/וֹ	b/4135 a	HR/VNc/Sp3ms	01TaF
17	24	7		בְּשַׂ֥ר	1320	HNcmsc	01d9X
17	24	8		עָרְלָתֽ/וֹ	6190	HNcfsc/Sp3ms	01DJK
17	25	1		וְ/יִשְׁמָעֵ֣אל	c/3458	HC/Np	01yuf
17	25	2		בְּנ֔/וֹ	1121 a	HNcmsc/Sp3ms	01BaE
17	25	3		בֶּן	1121 a	HNcmsc	01N7A
17	25	4		שְׁלֹ֥שׁ	7969	HAcfsa	019MH
17	25	5		עֶשְׂרֵ֖ה	6240	HAcfsa	01k2Q
17	25	6		שָׁנָ֑ה	8141	HNcfsa	01Wgg
17	25	7		בְּ/הִ֨מֹּל֔/וֹ	b/4135 a	HR/VNc/Sp3ms	01RXq
17	25	8		אֵ֖ת	853	HTo	01xUt
17	25	9		בְּשַׂ֥ר	1320	HNcmsc	01dQH
17	25	10		עָרְלָתֽ/וֹ	6190	HNcfsc/Sp3ms	0153j
17	26	1		בְּ/עֶ֨צֶם֙	b/6106	HR/Ncfsc	01ubQ
17	26	2		הַ/יּ֣וֹם	d/3117	HTd/Ncmsa	01H2p
17	26	3		הַ/זֶּ֔ה	d/2088	HTd/Pdxms	01Snw
17	26	4		נִמּ֖וֹל	4135 a	HVNp3ms	01RgS
17	26	5		אַבְרָהָ֑ם	85	HNp	0173F
17	26	6		וְ/יִשְׁמָעֵ֖אל	c/3458	HC/Np	01vYe
17	26	7		בְּנֽ/וֹ	1121 a	HNcmsc/Sp3ms	01VX2
17	27	1		וְ/כָל	c/3605	HC/Ncmsc	01nt7
17	27	2		אַנְשֵׁ֤י	376	HNcmpc	01Pk3
17	27	3		בֵית/וֹ֙	1004 b	HNcmsc/Sp3ms	01sGy
17	27	4		יְלִ֣יד	3211	HNcmsc	01g9J
17	27	5		בָּ֔יִת	1004 b	HNcmsa	01ZYF
17	27	6		וּ/מִקְנַת	c/4736	HC/Ncfsc	01mjh
17	27	7		כֶּ֖סֶף	3701	HNcmsa	01ugU
17	27	8		מֵ/אֵ֣ת	m/854	HR/R	01XTu
17	27	9		בֶּן	1121 a	HNcmsc	01aA5
17	27	10		נֵכָ֑ר	5236	HNcmsa	016n5
17	27	11		נִמֹּ֖לוּ	4135 a	HVNp3cp	01bTj
17	27	12		אִתּֽ/וֹ	854	HR/Sp3ms	01HCK
18	1	1		וַ/יֵּרָ֤א	c/7200	HC/VNw3ms	01ixD
18	1	2		אֵלָי/ו֙	413	HR/Sp3ms	01DL7
18	1	3		יְהוָ֔ה	3068	HNp	01Dmt
18	1	4		בְּ/אֵלֹנֵ֖י	b/436	HR/Ncmpc	01EEj
18	1	5		מַמְרֵ֑א	4471	HNp	01NKN
18	1	6		וְ/ה֛וּא	c/1931	HC/Pp3ms	013zR
18	1	7		יֹשֵׁ֥ב	3427	HVqrmsa	01Bet
18	1	8		פֶּֽתַח	6607	HNcmsc	01FJy
18	1	9		הָ/אֹ֖הֶל	d/168	HTd/Ncmsa	018Bw
18	1	10		כְּ/חֹ֥ם	k/2527	HR/Ncmsc	01kHD
18	1	11		הַ/יּֽוֹם	d/3117	HTd/Ncmsa	01AAn
18	2	1		וַ/יִּשָּׂ֤א	c/5375	HC/Vqw3ms	01cJF
18	2	2		עֵינָי/ו֙	5869 a	HNcbdc/Sp3ms	01mxn
18	2	3		וַ/יַּ֔רְא	c/7200	HC/Vqw3ms	01SYo
18	2	4		וְ/הִנֵּה֙	c/2009	HC/Tm	01caP
18	2	5		שְׁלֹשָׁ֣ה	7969	HAcmsa	01PX1
18	2	6		אֲנָשִׁ֔ים	376	HNcmpa	01fnW
18	2	7		נִצָּבִ֖ים	5324	HVNrmpa	01nre
18	2	8		עָלָ֑י/ו	5921 a	HR/Sp3ms	011gq
18	2	9		וַ/יַּ֗רְא	c/7200	HC/Vqw3ms	01DYk
18	2	10		וַ/יָּ֤רָץ	c/7323	HC/Vqw3ms	01Xfy
18	2	11		לִ/קְרָאתָ/ם֙	l/7125	HR/Vqc/Sp3mp	01RES
18	2	12		מִ/פֶּ֣תַח	m/6607	HR/Ncmsc	01D4F
18	2	13		הָ/אֹ֔הֶל	d/168	HTd/Ncmsa	01mUK
18	2	14		וַ/יִּשְׁתַּ֖חוּ	c/7812	HC/Vtw3ms	01bdm
18	2	15		אָֽרְצָ/ה	776	HNcbsa/Sd	01qiM
18	3	1		וַ/יֹּאמַ֑ר	c/559	HC/Vqw3ms	01gyj
18	3	2		אֲדֹנָ֗/י	113	HNcmpc/Sp1cs	01sDg
18	3	3		אִם	518 a	HC	01cHs
18	3	4		נָ֨א	4994	HTe	01qfb
18	3	5		מָצָ֤אתִי	4672	HVqp1cs	01mjr
18	3	6		חֵן֙	2580	HNcmsa	016PC
18	3	7		בְּ/עֵינֶ֔י/ךָ	b/5869 a	HR/Ncbdc/Sp2ms	01CsK
18	3	8		אַל	408	HTn	01Nr9
18	3	9		נָ֥א	4994	HTe	01Njp
18	3	10		תַעֲבֹ֖ר	5674 a	HVqj2ms	01U8E
18	3	11		מֵ/עַ֥ל	m/5921 a	HR/R	01ov7
18	3	12		עַבְדֶּֽ/ךָ	5650	HNcmsc/Sp2ms	01mps
18	4	1		יֻקַּֽח	3947	HVQj3ms	01Wm8
18	4	2		נָ֣א	4994	HTe	01Xgr
18	4	3		מְעַט	4592	HNcmsc	01a9y
18	4	4		מַ֔יִם	4325	HNcmpa	01am8
18	4	5		וְ/רַחֲצ֖וּ	c/7364	HC/Vqv2mp	01CQM
18	4	6		רַגְלֵי/כֶ֑ם	7272	HNcfdc/Sp2mp	01MHE
18	4	7		וְ/הִֽשָּׁעֲנ֖וּ	c/8172	HC/VNv2mp	01c8L
18	4	8		תַּ֥חַת	8478	HR	01EeM
18	4	9		הָ/עֵֽץ	d/6086	HTd/Ncmsa	01hEP
18	5	1		וְ/אֶקְחָ֨ה	c/3947	HC/Vqh1cs	012mG
18	5	2		פַת	6595 a	HNcfsc	01wzt
18	5	3		לֶ֜חֶם	3899	HNcbsa	01ApD
18	5	4		וְ/סַעֲד֤וּ	c/5582	HC/Vqv2mp	01NDi
18	5	5		לִבְּ/כֶם֙	3820 a	HNcmsc/Sp2mp	01UJ3
18	5	6		אַחַ֣ר	310 a	HR	011ZR
18	5	7		תַּעֲבֹ֔רוּ	5674 a	HVqi2mp	01iDJ
18	5	8		כִּֽי	3588 c	HC	01yW9
18	5	9		עַל	5921 b	HR	01Cwi
18	5	10		כֵּ֥ן	3651 b	HTm	01SkB
18	5	11		עֲבַרְתֶּ֖ם	5674 a	HVqp2mp	01Y5x
18	5	12		עַֽל	5921 a	HR	01fJm
18	5	13		עַבְדְּ/כֶ֑ם	5650	HNcmsc/Sp2mp	01W9C
18	5	14		וַ/יֹּ֣אמְר֔וּ	c/559	HC/Vqw3mp	01QFL
18	5	15		כֵּ֥ן	3651 c	HTm	01nWY
18	5	16		תַּעֲשֶׂ֖ה	6213 a	HVqi2ms	01HDj
18	5	17		כַּ/אֲשֶׁ֥ר	k/834 d	HR/Tr	012um
18	5	18		דִּבַּֽרְתָּ	1696	HVpp2ms	01vdB
18	6	1		וַ/יְמַהֵ֧ר	c/4116 a	HC/Vpw3ms	011vw
18	6	2		אַבְרָהָ֛ם	85	HNp	01khp
18	6	3		הָ/אֹ֖הֱלָ/ה	d/168	HTd/Ncmsa/Sd	019T8
18	6	4		אֶל	413	HR	01Sk2
18	6	5		שָׂרָ֑ה	8283	HNp	01RFY
18	6	6		וַ/יֹּ֗אמֶר	c/559	HC/Vqw3ms	013DM
18	6	7		מַהֲרִ֞י	4116 a	HVpv2fs	01xjx
18	6	8		שְׁלֹ֤שׁ	7969	HAcfsa	01XTG
18	6	9		סְאִים֙	5429	HNcfpa	01gmz
18	6	10		קֶ֣מַח	7058	HNcmsa	01bsU
18	6	11		סֹ֔לֶת	5560	HNcfsa	01KEw
18	6	12		ל֖וּשִׁי	3888	HVqv2fs	016nN
18	6	13		וַ/עֲשִׂ֥י	c/6213 a	HC/Vqv2fs	01rRm
18	6	14		עֻגֽוֹת	5692	HNcfpa	01Hkb
18	7	1		וְ/אֶל	c/413	HC/R	01o2L
18	7	2		הַ/בָּקָ֖ר	d/1241	HTd/Ncbsa	01eif
18	7	3		רָ֣ץ	7323	HVqp3ms	01cpk
18	7	4		אַבְרָהָ֑ם	85	HNp	01mqu
18	7	5		וַ/יִּקַּ֨ח	c/3947	HC/Vqw3ms	01vky
18	7	6		בֶּן	1121 a	HNcmsc	01b22
18	7	7		בָּקָ֜ר	1241	HNcbsa	01y1q
18	7	8		רַ֤ךְ	7390	HAamsa	01XBR
18	7	9		וָ/טוֹב֙	c/2896 a	HC/Aamsa	01RKz
18	7	10		וַ/יִּתֵּ֣ן	c/5414	HC/Vqw3ms	015Qt
18	7	11		אֶל	413	HR	01HJA
18	7	12		הַ/נַּ֔עַר	d/5288	HTd/Ncmsa	01ixu
18	7	13		וַ/יְמַהֵ֖ר	c/4116 a	HC/Vpw3ms	01mUN
18	7	14		לַ/עֲשׂ֥וֹת	l/6213 a	HR/Vqc	01pZF
18	7	15		אֹתֽ/וֹ	853	HTo/Sp3ms	01q4S
18	8	1		וַ/יִּקַּ֨ח	c/3947	HC/Vqw3ms	01rMH
18	8	2		חֶמְאָ֜ה	2529 a	HNcfsa	01GcS
18	8	3		וְ/חָלָ֗ב	c/2461	HC/Ncmsa	01VEY
18	8	4		וּ/בֶן	c/1121 a	HC/Ncmsc	01neC
18	8	5		הַ/בָּקָר֙	d/1241	HTd/Ncbsa	014J2
18	8	6		אֲשֶׁ֣ר	834 a	HTr	0158T
18	8	7		עָשָׂ֔ה	6213 a	HVqp3ms	01jfT
18	8	8		וַ/יִּתֵּ֖ן	c/5414	HC/Vqw3ms	01Dvx
18	8	9		לִ/פְנֵי/הֶ֑ם	l/6440	HR/Ncbpc/Sp3mp	01rfH
18	8	10		וְ/הֽוּא	c/1931	HC/Pp3ms	01VZS
18	8	11		עֹמֵ֧ד	5975	HVqrmsa	01Dd4
18	8	12		עֲלֵי/הֶ֛ם	5921 a	HR/Sp3mp	01sUM
18	8	13		תַּ֥חַת	8478	HR	017mw
18	8	14		הָ/עֵ֖ץ	d/6086	HTd/Ncmsa	01kxi
18	8	15		וַ/יֹּאכֵֽלוּ	c/398	HC/Vqw3mp	01Zo4
18	9	1		וַ/יֹּאמְר֣וּ	c/559	HC/Vqw3mp	01Ps1
18	9	2		אֵׄלָׄ֔יׄ/וׄ	413	HR/Sp3ms	01x3o
18	9	3		אַיֵּ֖ה	346	HTi	01GdL
18	9	4		שָׂרָ֣ה	8283	HNp	01ikj
18	9	5		אִשְׁתֶּ֑/ךָ	802	HNcfsc/Sp2ms	01Yxf
18	9	6		וַ/יֹּ֖אמֶר	c/559	HC/Vqw3ms	01Jji
18	9	7		הִנֵּ֥ה	2009	HTm	01vF1
18	9	8		בָ/אֹֽהֶל	b/168	HRd/Ncmsa	01baH
18	10	1		וַ/יֹּ֗אמֶר	c/559	HC/Vqw3ms	01DYG
18	10	2		שׁ֣וֹב	7725	HVqa	01wMm
18	10	3		אָשׁ֤וּב	7725	HVqi1cs	016Bv
18	10	4		אֵלֶ֨י/ךָ֙	413	HR/Sp2ms	01GsM
18	10	5		כָּ/עֵ֣ת	k/6256	HRd/Ncbsa	01asE
18	10	6		חַיָּ֔ה	2416 a	HAafsa	01ZC1
18	10	7		וְ/הִנֵּה	c/2009	HC/Tm	01QkY
18	10	8		בֵ֖ן	1121 a	HNcmsa	01ViX
18	10	9		לְ/שָׂרָ֣ה	l/8283	HR/Np	01uKa
18	10	10		אִשְׁתֶּ֑/ךָ	802	HNcfsc/Sp2ms	013zX
18	10	11		וְ/שָׂרָ֥ה	c/8283	HC/Np	01H8Z
18	10	12		שֹׁמַ֛עַת	8085	HVqrfsa	01tg6
18	10	13		פֶּ֥תַח	6607	HNcmsc	019wB
18	10	14		הָ/אֹ֖הֶל	d/168	HTd/Ncmsa	01i2Y
18	10	15		וְ/ה֥וּא	c/1931	HC/Pp3ms	01JU3
18	10	16		אַחֲרָֽי/ו	310 a	HR/Sp3ms	01gmt
18	11	1		וְ/אַבְרָהָ֤ם	c/85	HC/Np	01jqR
18	11	2		וְ/שָׂרָה֙	c/8283	HC/Np	01rFY
18	11	3		זְקֵנִ֔ים	2205	HAampa	01zTW
18	11	4		בָּאִ֖ים	935	HVqrmpa	0118W
18	11	5		בַּ/יָּמִ֑ים	b/3117	HRd/Ncmpa	018Ad
18	11	6		חָדַל֙	2308	HVqp3ms	01RQy
18	11	7		לִ/הְי֣וֹת	l/1961	HR/Vqc	01exE
18	11	8		לְ/שָׂרָ֔ה	l/8283	HR/Np	01kDB
18	11	9		אֹ֖רַח	734	HNcbsa	01c5h
18	11	10		כַּ/נָּשִֽׁים	k/802	HRd/Ncfpa	01MWC
18	12	1		וַ/תִּצְחַ֥ק	c/6711	HC/Vqw3fs	014HD
18	12	2		שָׂרָ֖ה	8283	HNp	01NTC
18	12	3		בְּ/קִרְבָּ֣/הּ	b/7130	HR/Ncmsc/Sp3fs	01SsZ
18	12	4		לֵ/אמֹ֑ר	l/559	HR/Vqc	01gHx
18	12	5		אַחֲרֵ֤י	310 a	HR	019Gq
18	12	6		בְלֹתִ/י֙	1086	HVqc/Sp1cs	01z1r
18	12	7		הָֽיְתָה	1961	HVqp3fs	01qiE
18	12	8		לִּ֣/י	l	HR/Sp1cs	01Pbx
18	12	9		עֶדְנָ֔ה	5730 b	HNcfsa	01iu9
18	12	10		וַֽ/אדֹנִ֖/י	c/113	HC/Ncmsc/Sp1cs	01v6K
18	12	11		זָקֵֽן	2204	HVqp3ms	01Zfe
18	13	1		וַ/יֹּ֥אמֶר	c/559	HC/Vqw3ms	01XqJ
18	13	2		יְהוָ֖ה	3068	HNp	01zba
18	13	3		אֶל	413	HR	01bCg
18	13	4		אַבְרָהָ֑ם	85	HNp	01rcS
18	13	5		לָ֣/מָּה	l/4100	HR/Ti	01kPb
18	13	6		זֶּה֩	2088	HPdxms	01jmq
18	13	7		צָחֲקָ֨ה	6711	HVqp3fs	01L8L
18	13	8		שָׂרָ֜ה	8283	HNp	01Qdn
18	13	9		לֵ/אמֹ֗ר	l/559	HR/Vqc	01zXy
18	13	10		הַ/אַ֥ף	i/637	HTi/D	01BE6
18	13	11		אֻמְנָ֛ם	552	HD	014Hh
18	13	12		אֵלֵ֖ד	3205	HVqi1cs	01wqg
18	13	13		וַ/אֲנִ֥י	c/589	HC/Pp1cs	01wyc
18	13	14		זָקַֽנְתִּי	2204	HVqp1cs	01wXU
18	14	1		הֲ/יִפָּלֵ֥א	i/6381	HTi/VNi3ms	01Kzw
18	14	2		מֵ/יְהוָ֖ה	m/3068	HR/Np	01RDi
18	14	3		דָּבָ֑ר	1697	HNcmsa	01t9h
18	14	4		לַ/מּוֹעֵ֞ד	l/4150	HRd/Ncmsa	01VYa
18	14	5		אָשׁ֥וּב	7725	HVqi1cs	01TZK
18	14	6		אֵלֶ֛י/ךָ	413	HR/Sp2ms	019yY
18	14	7		כָּ/עֵ֥ת	k/6256	HRd/Ncbsa	01yyS
18	14	8		חַיָּ֖ה	2416 a	HAafsa	01i6F
18	14	9		וּ/לְ/שָׂרָ֥ה	c/l/8283	HC/R/Np	01gag
18	14	10		בֵֽן	1121 a	HNcmsa	01ocU
18	15	1		וַ/תְּכַחֵ֨שׁ	c/3584	HC/Vpw3fs	01E6L
18	15	2		שָׂרָ֧ה	8283	HNp	01nAX
18	15	3		לֵ/אמֹ֛ר	l/559	HR/Vqc	018Kr
18	15	4		לֹ֥א	3808	HTn	0198g
18	15	5		צָחַ֖קְתִּי	6711	HVqp1cs	01QQU
18	15	6		כִּ֣י	3588 a	HC	01dJi
18	15	7		יָרֵ֑אָה	3372	HVqp3fs	01G5x
18	15	8		וַ/יֹּ֥אמֶר	c/559	HC/Vqw3ms	015MG
18	15	9		לֹ֖א	3808	HTn	01BCd
18	15	10		כִּ֥י	3588 a	HC	01WHx
18	15	11		צָחָֽקְתְּ	6711	HVqp2fs	01E2T
18	16	1		וַ/יָּקֻ֤מוּ	c/6965 b	HC/Vqw3mp	01C8V
18	16	2		מִ/שָּׁם֙	m/8033	HR/D	01Cn5
18	16	3		הָֽ/אֲנָשִׁ֔ים	d/376	HTd/Ncmpa	01wzb
18	16	4		וַ/יַּשְׁקִ֖פוּ	c/8259	HC/Vhw3mp	01Mdh
18	16	5		עַל	5921 a	HR	01TmA
18	16	6		פְּנֵ֣י	6440	HNcbpc	012ni
18	16	7		סְדֹ֑ם	5467	HNp	01yrG
18	16	8		וְ/אַ֨בְרָהָ֔ם	c/85	HC/Np	01cnY
18	16	9		הֹלֵ֥ךְ	1980	HVqrmsa	01B32
18	16	10		עִמָּ֖/ם	5973 a	HR/Sp3mp	01mFz
18	16	11		לְ/שַׁלְּחָֽ/ם	l/7971	HR/Vpc/Sp3mp	01AU3
18	17	1		וַֽ/יהֹוָ֖ה	c/3068	HC/Np	01Ljo
18	17	2		אָמָ֑ר	559	HVqp3ms	01zHu
18	17	3		הַֽ/מְכַסֶּ֤ה	i/3680	HTi/Vprmsa	01EH3
18	17	4		אֲנִי֙	589	HPp1cs	01APw
18	17	5		מֵֽ/אַבְרָהָ֔ם	m/85	HR/Np	014ud
18	17	6		אֲשֶׁ֖ר	834 a	HTr	01oke
18	17	7		אֲנִ֥י	589	HPp1cs	01Wom
18	17	8		עֹשֶֽׂה	6213 a	HVqrmsa	01K1g
18	18	1		וְ/אַ֨בְרָהָ֔ם	c/85	HC/Np	01q4F
18	18	2		הָי֧וֹ	1961	HVqa	01sh2
18	18	3		יִֽהְיֶ֛ה	1961	HVqi3ms	01A1q
18	18	4		לְ/ג֥וֹי	l/1471 a	HR/Ncmsa	017mG
18	18	5		גָּד֖וֹל	1419 a	HAamsa	015fE
18	18	6		וְ/עָצ֑וּם	c/6099	HC/Aamsa	01JNN
18	18	7		וְ/נִ֨בְרְכוּ	c/1288	HC/VNq3cp	01TRZ
18	18	8		ב֔/וֹ	b	HR/Sp3ms	01c1k
18	18	9		כֹּ֖ל	3605	HNcmsc	01KKG
18	18	10		גּוֹיֵ֥י	1471 a	HNcmpc	0131M
18	18	11		הָ/אָֽרֶץ	d/776	HTd/Ncbsa	01PE3
18	19	1		כִּ֣י	3588 a	HC	016Da
18	19	2		יְדַעְתִּ֗י/ו	3045	HVqp1cs/Sp3ms	01C4U
18	19	3		לְמַעַן֩	4616	HR	01VPw
18	19	4		אֲשֶׁ֨ר	834 a	HTr	01kTf
18	19	5		יְצַוֶּ֜ה	6680	HVpi3ms	01tqR
18	19	6		אֶת	853	HTo	01jzx
18	19	7		בָּנָ֤י/ו	1121 a	HNcmpc/Sp3ms	01qj6
18	19	8		וְ/אֶת	c/853	HC/To	01pus
18	19	9		בֵּית/וֹ֙	1004 b	HNcmsc/Sp3ms	01Z5a
18	19	10		אַחֲרָ֔י/ו	310 a	HR/Sp3ms	01N2d
18	19	11		וְ/שָֽׁמְרוּ֙	c/8104	HC/Vqq3cp	01fmp
18	19	12		דֶּ֣רֶךְ	1870	HNcbsc	01zva
18	19	13		יְהוָ֔ה	3068	HNp	01dUC
18	19	14		לַ/עֲשׂ֥וֹת	l/6213 a	HR/Vqc	01NuL
18	19	15		צְדָקָ֖ה	6666	HNcfsa	01f26
18	19	16		וּ/מִשְׁפָּ֑ט	c/4941	HC/Ncmsa	013cG
18	19	17		לְמַ֗עַן	4616	HR	01DF8
18	19	18		הָבִ֤יא	935	HVhc	01Ao5
18	19	19		יְהוָה֙	3068	HNp	01kni
18	19	20		עַל	5921 a	HR	01yRm
18	19	21		אַבְרָהָ֔ם	85	HNp	018gB
18	19	22		אֵ֥ת	853	HTo	01oEM
18	19	23		אֲשֶׁר	834 a	HTr	01p3B
18	19	24		דִּבֶּ֖ר	1696	HVpp3ms	01FcZ
18	19	25		עָלָֽי/ו	5921 a	HR/Sp3ms	01WG5
18	20	1		וַ/יֹּ֣אמֶר	c/559	HC/Vqw3ms	01FnR
18	20	2		יְהוָ֔ה	3068	HNp	01zxj
18	20	3		זַעֲקַ֛ת	2201	HNcfsc	01jnw
18	20	4		סְדֹ֥ם	5467	HNp	01UjJ
18	20	5		וַ/עֲמֹרָ֖ה	c/6017	HC/Np	01wmR
18	20	6		כִּי	3588 a	HC	01Xsc
18	20	7		רָ֑בָּה	7227 a	HVqp3fs	01qCb
18	20	8		וְ/חַ֨טָּאתָ֔/ם	c/2403 b	HC/Ncfsc/Sp3mp	01rDe
18	20	9		כִּ֥י	3588 a	HC	01LQN
18	20	10		כָבְדָ֖ה	3513	HVqp3fs	01gWC
18	20	11		מְאֹֽד	3966	HD	01c6U
18	21	1		אֵֽרֲדָה	3381	HVqh1cs	01PAw
18	21	2		נָּ֣א	4994	HTj	01hXi
18	21	3		וְ/אֶרְאֶ֔ה	c/7200	HC/Vqh1cs	01jjb
18	21	4		הַ/כְּ/צַעֲקָתָ֛/הּ	i/k/6818	HTi/R/Ncfsc/Sp3fs	01gpQ
18	21	5		הַ/בָּ֥אָה	d/935	HTd/Vqp3fs	01EiV
18	21	6		אֵלַ֖/י	413	HR/Sp1cs	01dY1
18	21	7		עָשׂ֣וּ	6213 a	HVqp3cp	01iDg
18	21	8		כָּלָ֑ה	3617	HNcfsa	01dB9
18	21	9		וְ/אִם	c/518 a	HC/C	01CcA
18	21	10		לֹ֖א	3808	HTn	01R2m
18	21	11		אֵדָֽעָה	3045	HVqi1cs	01ryM
18	22	1		וַ/יִּפְנ֤וּ	c/6437	HC/Vqw3mp	01evQ
18	22	2		מִ/שָּׁם֙	m/8033	HR/D	01jkP
18	22	3		הָֽ/אֲנָשִׁ֔ים	d/376	HTd/Ncmpa	01NA8
18	22	4		וַ/יֵּלְכ֖וּ	c/3212	HC/Vqw3mp	01Zrf
18	22	5		סְדֹ֑מָ/ה	5467	HNp/Sd	01cEv
18	22	6		וְ/אַ֨בְרָהָ֔ם	c/85	HC/Np	01KV2
18	22	7		עוֹדֶ֥/נּוּ	5750	HD/Sp3ms	01c59
18	22	8		עֹמֵ֖ד	5975	HVqrmsa	01d4U
18	22	9		לִ/פְנֵ֥י	l/6440	HR/Ncbpc	01nLr
18	22	10		יְהוָֽה	3068	HNp	01Qb5
18	23	1		וַ/יִּגַּ֥שׁ	c/5066	HC/Vqw3ms	01tTy
18	23	2		אַבְרָהָ֖ם	85	HNp	01T78
18	23	3		וַ/יֹּאמַ֑ר	c/559	HC/Vqw3ms	01q8b
18	23	4		הַ/אַ֣ף	i/637	HTi/D	01ehU
18	23	5		תִּסְפֶּ֔ה	5595	HVqi2ms	016io
18	23	6		צַדִּ֖יק	6662	HAamsa	01WEE
18	23	7		עִם	5973 a	HR	01dDG
18	23	8		רָשָֽׁע	7563	HAamsa	01iLp
18	24	1		אוּלַ֥י	194	HD	01HkZ
18	24	2		יֵ֛שׁ	3426	HTm	01RLR
18	24	3		חֲמִשִּׁ֥ים	2572	HAcbpa	01nDg
18	24	4		צַדִּיקִ֖ם	6662	HAampa	01A6M
18	24	5		בְּ/ת֣וֹךְ	b/8432	HR/Ncmsc	01RP4
18	24	6		הָ/עִ֑יר	d/5892 b	HTd/Ncfsa	01D9w
18	24	7		הַ/אַ֤ף	i/637	HTi/D	01TJQ
18	24	8		תִּסְפֶּה֙	5595	HVqi2ms	016yq
18	24	9		וְ/לֹא	c/3808	HC/Tn	01Kqr
18	24	10		תִשָּׂ֣א	5375	HVqi2ms	01248
18	24	11		לַ/מָּק֔וֹם	l/4725	HRd/Ncmsa	015vz
18	24	12		לְמַ֛עַן	4616	HR	01cN2
18	24	13		חֲמִשִּׁ֥ים	2572	HAcbpa	012jd
18	24	14		הַ/צַּדִּיקִ֖ם	d/6662	HTd/Aampa	01K5Z
18	24	15		אֲשֶׁ֥ר	834 a	HTr	01n6n
18	24	16		בְּ/קִרְבָּֽ/הּ	b/7130	HR/Ncmsc/Sp3fs	01T41
18	25	1		חָלִ֨לָ/ה	2486	HTj/Sh	01Bjn
18	25	2		לְּ/ךָ֜	l	HR/Sp2ms	0199z
18	25	3		מֵ/עֲשֹׂ֣ת	m/6213 a	HR/Vqc	01zYd
18	25	4		כַּ/דָּבָ֣ר	k/1697	HRd/Ncmsa	01scM
18	25	5		הַ/זֶּ֗ה	d/2088	HTd/Pdxms	01cPY
18	25	6		לְ/הָמִ֤ית	l/4191	HR/Vhc	01juj
18	25	7		צַדִּיק֙	6662	HAamsa	01pkn
18	25	8		עִם	5973 a	HR	01dgR
18	25	9		רָשָׁ֔ע	7563	HAamsa	01uxz
18	25	10		וְ/הָיָ֥ה	c/1961	HC/Vqq3ms	01Mge
18	25	11		כַ/צַּדִּ֖יק	k/6662	HRd/Aamsa	01Ymi
18	25	12		כָּ/רָשָׁ֑ע	k/7563	HRd/Aamsa	01h2b
18	25	13		חָלִ֣לָ/ה	2486	HTj/Sh	01E7Q
18	25	14		לָּ֔/ךְ	l	HR/Sp2fs	01g5W
18	25	15		הֲ/שֹׁפֵט֙	i/8199	HTi/Vqrmsc	016FM
18	25	16		כָּל	3605	HNcmsc	015yw
18	25	17		הָ/אָ֔רֶץ	d/776	HTd/Ncbsa	01YRc
18	25	18		לֹ֥א	3808	HTn	01zfB
18	25	19		יַעֲשֶׂ֖ה	6213 a	HVqi3ms	01jg4
18	25	20		מִשְׁפָּֽט	4941	HNcmsa	011yU
18	26	1		וַ/יֹּ֣אמֶר	c/559	HC/Vqw3ms	013fd
18	26	2		יְהוָ֔ה	3068	HNp	01CvK
18	26	3		אִם	518 a	HC	01Vio
18	26	4		אֶמְצָ֥א	4672	HVqi1cs	01pZB
18	26	5		בִ/סְדֹ֛ם	b/5467	HR/Np	01S2M
18	26	6		חֲמִשִּׁ֥ים	2572	HAcbpa	01eZE
18	26	7		צַדִּיקִ֖ם	6662	HAampa	01W4S
18	26	8		בְּ/ת֣וֹךְ	b/8432	HR/Ncmsc	01Gbr
18	26	9		הָ/עִ֑יר	d/5892 b	HTd/Ncfsa	01v99
18	26	10		וְ/נָשָׂ֥אתִי	c/5375	HC/Vqq1cs	01djw
18	26	11		לְ/כָל	l/3605	HR/Ncmsc	01cqT
18	26	12		הַ/מָּק֖וֹם	d/4725	HTd/Ncmsa	01pWC
18	26	13		בַּ/עֲבוּרָֽ/ם	b/5668	HR/Ncmsc/Sp3mp	01RLz
18	27	1		וַ/יַּ֥עַן	c/6030 b	HC/Vqw3ms	01YXn
18	27	2		אַבְרָהָ֖ם	85	HNp	01XT1
18	27	3		וַ/יֹּאמַ֑ר	c/559	HC/Vqw3ms	013Mm
18	27	4		הִנֵּה	2009	HTm	01zXt
18	27	5		נָ֤א	4994	HTe	0167g
18	27	6		הוֹאַ֨לְתִּי֙	2974	HVhp1cs	01C2M
18	27	7		לְ/דַבֵּ֣ר	l/1696	HR/Vpc	01Nec
18	27	8		אֶל	413	HR	0145R
18	27	9		אֲדֹנָ֔/י	136	HNcmpc/Sp1cs	01SEN
18	27	10		וְ/אָנֹכִ֖י	c/595	HC/Pp1cs	01JQg
18	27	11		עָפָ֥ר	6083	HNcmsa	01TGg
18	27	12		וָ/אֵֽפֶר	c/665	HC/Ncmsa	01HrY
18	28	1		א֠וּלַי	194	HD	018tv
18	28	2		יַחְסְר֞וּ/ן	2637	HVqi3mp/Sn	013zJ
18	28	3		חֲמִשִּׁ֤ים	2572	HAcbpa	01odd
18	28	4		הַ/צַּדִּיקִם֙	d/6662	HTd/Aampa	01eJm
18	28	5		חֲמִשָּׁ֔ה	2568	HAcmsa	01t8y
18	28	6		הֲ/תַשְׁחִ֥ית	i/7843	HTi/Vhi2ms	017q4
18	28	7		בַּ/חֲמִשָּׁ֖ה	b/2568	HR/Acmsa	01c2v
18	28	8		אֶת	853	HTo	01gth
18	28	9		כָּל	3605	HNcmsc	01qe3
18	28	10		הָ/עִ֑יר	d/5892 b	HTd/Ncfsa	01vvb
18	28	11		וַ/יֹּ֨אמֶר֙	c/559	HC/Vqw3ms	01HZL
18	28	12		לֹ֣א	3808	HTn	01JP4
18	28	13		אַשְׁחִ֔ית	7843	HVhi1cs	01Lke
18	28	14		אִם	518 a	HC	01udG
18	28	15		אֶמְצָ֣א	4672	HVqi1cs	01xji
18	28	16		שָׁ֔ם	8033	HD	01AfZ
18	28	17		אַרְבָּעִ֖ים	705	HAcbpa	01MKo
18	28	18		וַ/חֲמִשָּֽׁה	c/2568	HC/Acmsa	011BC
18	29	1		וַ/יֹּ֨סֶף	c/3254	HC/Vhw3ms	01wuh
18	29	2		ע֜וֹד	5750	HD	01jPW
18	29	3		לְ/דַבֵּ֤ר	l/1696	HR/Vpc	01aG2
18	29	4		אֵלָי/ו֙	413	HR/Sp3ms	01r8i
18	29	5		וַ/יֹּאמַ֔ר	c/559	HC/Vqw3ms	01QpT
18	29	6		אוּלַ֛י	194	HD	01TzY
18	29	7		יִמָּצְא֥וּ/ן	4672	HVNi3mp/Sn	01XbD
18	29	8		שָׁ֖ם	8033	HD	01gh4
18	29	9		אַרְבָּעִ֑ים	705	HAcbpa	015ho
18	29	10		וַ/יֹּ֨אמֶר֙	c/559	HC/Vqw3ms	01FP9
18	29	11		לֹ֣א	3808	HTn	017DJ
18	29	12		אֶֽעֱשֶׂ֔ה	6213 a	HVqi1cs	01Wku
18	29	13		בַּ/עֲב֖וּר	b/5668	HR/Ncmsc	015xN
18	29	14		הָ/אַרְבָּעִֽים	d/705	HTd/Acbpa	01wtE
18	30	1		וַ֠/יֹּאמֶר	c/559	HC/Vqw3ms	01g1M
18	30	2		אַל	408	HTn	01Ja2
18	30	3		נָ֞א	4994	HTe	01sUc
18	30	4		יִ֤חַר	2734	HVqj3ms	01SSP
18	30	5		לַֽ/אדֹנָ/י֙	l/136	HR/Ncmpc/Sp1cs	01XF1
18	30	6		וַ/אֲדַבֵּ֔רָה	c/1696	HC/Vph1cs	01Mig
18	30	7		אוּלַ֛י	194	HD	01HwW
18	30	8		יִמָּצְא֥וּ/ן	4672	HVNi3mp/Sn	01YeZ
18	30	9		שָׁ֖ם	8033	HD	01fwr
18	30	10		שְׁלֹשִׁ֑ים	7970	HAcbpa	01suC
18	30	11		וַ/יֹּ֨אמֶר֙	c/559	HC/Vqw3ms	01Px1
18	30	12		לֹ֣א	3808	HTn	01AYP
18	30	13		אֶֽעֱשֶׂ֔ה	6213 a	HVqi1cs	01DRn
18	30	14		אִם	518 a	HC	01eu8
18	30	15		אֶמְצָ֥א	4672	HVqi1cs	01Gvf
18	30	16		שָׁ֖ם	8033	HD	01rUH
18	30	17		שְׁלֹשִֽׁים	7970	HAcbpa	01Ndd
18	31	1		וַ/יֹּ֗אמֶר	c/559	HC/Vqw3ms	01AS3
18	31	2		הִנֵּֽה	2009	HTm	01NNB
18	31	3		נָ֤א	4994	HTe	01ooW
18	31	4		הוֹאַ֨לְתִּי֙	2974	HVhp1cs	0144e
18	31	5		לְ/דַבֵּ֣ר	l/1696	HR/Vpc	011ML
18	31	6		אֶל	413	HR	01Lr5
18	31	7		אֲדֹנָ֔/י	136	HNcmpc/Sp1cs	01V22
18	31	8		אוּלַ֛י	194	HD	01aa5
18	31	9		יִמָּצְא֥וּ/ן	4672	HVNi3mp/Sn	01Pbw
18	31	10		שָׁ֖ם	8033	HD	015M6
18	31	11		עֶשְׂרִ֑ים	6242	HAcbpa	01Fdk
18	31	12		וַ/יֹּ֨אמֶר֙	c/559	HC/Vqw3ms	01Pwi
18	31	13		לֹ֣א	3808	HTn	01kSx
18	31	14		אַשְׁחִ֔ית	7843	HVhi1cs	01488
18	31	15		בַּ/עֲב֖וּר	b/5668	HR/Ncmsc	01Mix
18	31	16		הָֽ/עֶשְׂרִֽים	d/6242	HTd/Acbpa	01Nt6
18	32	1		וַ֠/יֹּאמֶר	c/559	HC/Vqw3ms	01JC3
18	32	2		אַל	408	HTn	01ieh
18	32	3		נָ֞א	4994	HTe	01ASQ
18	32	4		יִ֤חַר	2734	HVqj3ms	01NoG
18	32	5		לַֽ/אדֹנָ/י֙	l/136	HR/Ncmpc/Sp1cs	01CEp
18	32	6		וַ/אֲדַבְּרָ֣ה	c/1696	HC/Vph1cs	01ngB
18	32	7		אַךְ	389	HTa	01yLn
18	32	8		הַ/פַּ֔עַם	d/6471	HTd/Ncfsa	01akE
18	32	9		אוּלַ֛י	194	HD	01QRH
18	32	10		יִמָּצְא֥וּ/ן	4672	HVNi3mp/Sn	01G4s
18	32	11		שָׁ֖ם	8033	HD	01mzP
18	32	12		עֲשָׂרָ֑ה	6235	HAcmsa	01VHe
18	32	13		וַ/יֹּ֨אמֶר֙	c/559	HC/Vqw3ms	016MU
18	32	14		לֹ֣א	3808	HTn	01DbG
18	32	15		אַשְׁחִ֔ית	7843	HVhi1cs	01ecu
18	32	16		בַּ/עֲב֖וּר	b/5668	HR/Ncmsc	01jQu
18	32	17		הָ/עֲשָׂרָֽה	d/6235	HTd/Acmsa	01Bcc
18	33	1		וַ/יֵּ֣לֶךְ	c/3212	HC/Vqw3ms	01EVD
18	33	2		יְהוָ֔ה	3068	HNp	01yJE
18	33	3		כַּ/אֲשֶׁ֣ר	k/834 d	HR/Tr	01cfw
18	33	4		כִּלָּ֔ה	3615	HVpp3ms	016j8
18	33	5		לְ/דַבֵּ֖ר	l/1696	HR/Vpc	01EEK
18	33	6		אֶל	413	HR	012ZK
18	33	7		אַבְרָהָ֑ם	85	HNp	01T4o
18	33	8		וְ/אַבְרָהָ֖ם	c/85	HC/Np	01SGX
18	33	9		שָׁ֥ב	7725	HVqp3ms	01ExA
18	33	10		לִ/מְקֹמֽ/וֹ	l/4725	HR/Ncmsc/Sp3ms	01kGa
19	1	1		וַ֠/יָּבֹאוּ	c/935	HC/Vqw3mp	01wwe
19	1	2		שְׁנֵ֨י	8147	HAcmdc	01ej6
19	1	3		הַ/מַּלְאָכִ֤ים	d/4397	HTd/Ncmpa	01iJP
19	1	4		סְדֹ֨מָ/ה֙	5467	HNp/Sd	01MEP
19	1	5		בָּ/עֶ֔רֶב	b/6153	HRd/Ncmsa	01BRP
19	1	6		וְ/ל֖וֹט	c/3876	HC/Np	01q73
19	1	7		יֹשֵׁ֣ב	3427	HVqrmsa	01SDq
19	1	8		בְּ/שַֽׁעַר	b/8179	HR/Ncmsc	01kXh
19	1	9		סְדֹ֑ם	5467	HNp	01URX
19	1	10		וַ/יַּרְא	c/7200	HC/Vqw3ms	01gMf
19	1	11		לוֹט֙	3876	HNp	01E6M
19	1	12		וַ/יָּ֣קָם	c/6965 b	HC/Vqw3ms	011A6
19	1	13		לִ/קְרָאתָ֔/ם	l/7125	HR/Vqc/Sp3mp	01BJQ
19	1	14		וַ/יִּשְׁתַּ֥חוּ	c/7812	HC/Vtw3ms	01XqG
19	1	15		אַפַּ֖יִם	639	HNcmda	01nEn
19	1	16		אָֽרְצָ/ה	776	HNcbsa/Sd	01ket
19	2	1		וַ/יֹּ֜אמֶר	c/559	HC/Vqw3ms	01V6E
19	2	2		הִנֶּ֣ה	2009	HTm	01UwW
19	2	3		נָּא	4994	HTj	01RnX
19	2	4		אֲדֹנַ֗/י	113	HNcmpc/Sp1cs	017PA
19	2	5		ס֣וּרוּ	5493	HVqv2mp	01bf2
19	2	6		נָ֠א	4994	HTe	01mxX
19	2	7		אֶל	413	HR	01Fbc
19	2	8		בֵּ֨ית	1004 b	HNcmsc	01B6k
19	2	9		עַבְדְּ/כֶ֤ם	5650	HNcmsc/Sp2mp	011Kb
19	2	10		וְ/לִ֨ינוּ֙	c/3885 a	HC/Vqv2mp	01Ue8
19	2	11		וְ/רַחֲצ֣וּ	c/7364	HC/Vqv2mp	01oJZ
19	2	12		רַגְלֵי/כֶ֔ם	7272	HNcfdc/Sp2mp	01vaQ
19	2	13		וְ/הִשְׁכַּמְתֶּ֖ם	c/7925	HC/Vhp2mp	0139o
19	2	14		וַ/הֲלַכְתֶּ֣ם	c/1980	HC/Vqp2mp	01RyG
19	2	15		לְ/דַרְכְּ/כֶ֑ם	l/1870	HR/Ncbsc/Sp2mp	01y4Q
19	2	16		וַ/יֹּאמְר֣וּ	c/559	HC/Vqw3mp	01xya
19	2	17		לֹּ֔א	3808	HTn	01gpN
19	2	18		כִּ֥י	3588 a	HC	01wiL
19	2	19		בָ/רְח֖וֹב	b/7339	HRd/Ncfsa	01Qu5
19	2	20		נָלִֽין	3885 a	HVqi1cp	01L3T
19	3	1		וַ/יִּפְצַר	c/6484	HC/Vqw3ms	01dpv
19	3	2		בָּ֣/ם	b	HR/Sp3mp	016Kf
19	3	3		מְאֹ֔ד	3966	HD	015Nn
19	3	4		וַ/יָּסֻ֣רוּ	c/5493	HC/Vqw3mp	01R25
19	3	5		אֵלָ֔י/ו	413	HR/Sp3ms	01d3e
19	3	6		וַ/יָּבֹ֖אוּ	c/935	HC/Vqw3mp	01jsg
19	3	7		אֶל	413	HR	01H7t
19	3	8		בֵּית֑/וֹ	1004 b	HNcmsc/Sp3ms	01mvX
19	3	9		וַ/יַּ֤עַשׂ	c/6213 a	HC/Vqw3ms	01RMf
19	3	10		לָ/הֶם֙	l	HR/Sp3mp	01Lmi
19	3	11		מִשְׁתֶּ֔ה	4960	HNcmsa	01frn
19	3	12		וּ/מַצּ֥וֹת	c/4682	HC/Ncfpa	01ukw
19	3	13		אָפָ֖ה	644	HVqp3ms	01VKd
19	3	14		וַ/יֹּאכֵֽלוּ	c/398	HC/Vqw3mp	01tjY
19	4	1		טֶרֶם֮	2962	HD	01L7A
19	4	2		יִשְׁכָּבוּ֒	7901	HVqi3mp	01CiC
19	4	3		וְ/אַנְשֵׁ֨י	c/376	HC/Ncmpc	015Lz
19	4	4		הָ/עִ֜יר	d/5892 b	HTd/Ncfsa	017uH
19	4	5		אַנְשֵׁ֤י	376	HNcmpc	01pEG
19	4	6		סְדֹם֙	5467	HNp	01m4Z
19	4	7		נָסַ֣בּוּ	5437	HVNp3cp	01Cmt
19	4	8		עַל	5921 a	HR	01hg2
19	4	9		הַ/בַּ֔יִת	d/1004 b	HTd/Ncmsa	01MDe
19	4	10		מִ/נַּ֖עַר	m/5288	HR/Ncmsa	01ezg
19	4	11		וְ/עַד	c/5704	HC/R	01pE4
19	4	12		זָקֵ֑ן	2205	HAamsa	01p3k
19	4	13		כָּל	3605	HNcmsc	01d1y
19	4	14		הָ/עָ֖ם	d/5971 a	HTd/Ncmsa	01xV8
19	4	15		מִ/קָּצֶֽה	m/7097 a	HR/Ncbsa	017xo
19	5	1		וַ/יִּקְרְא֤וּ	c/7121	HC/Vqw3mp	01PPv
19	5	2		אֶל	413	HR	01Eci
19	5	3		לוֹט֙	3876	HNp	01PW7
19	5	4		וַ/יֹּ֣אמְרוּ	c/559	HC/Vqw3mp	01kag
19	5	5		ל֔/וֹ	l	HR/Sp3ms	01ne1
19	5	6		אַיֵּ֧ה	346	HTi	0174j
19	5	7		הָ/אֲנָשִׁ֛ים	d/376	HTd/Ncmpa	01Cip
19	5	8		אֲשֶׁר	834 a	HTr	0143X
19	5	9		בָּ֥אוּ	935	HVqp3cp	013p9
19	5	10		אֵלֶ֖י/ךָ	413	HR/Sp2ms	01fiw
19	5	11		הַ/לָּ֑יְלָה	d/3915	HTd/Ncmsa	01vHw
19	5	12		הוֹצִיאֵ֣/ם	3318	HVhv2ms/Sp3mp	01s8T
19	5	13		אֵלֵ֔י/נוּ	413	HR/Sp1cp	01ZaN
19	5	14		וְ/נֵדְעָ֖ה	c/3045	HC/Vqh1cp	01nYc
19	5	15		אֹתָֽ/ם	853	HTo/Sp3mp	01u3e
19	6	1		וַ/יֵּצֵ֧א	c/3318	HC/Vqw3ms	0139m
19	6	2		אֲלֵ/הֶ֛ם	413	HR/Sp3mp	01dJf
19	6	3		ל֖וֹט	3876	HNp	01mri
19	6	4		הַ/פֶּ֑תְחָ/ה	d/6607	HTd/Ncmsa/Sd	01QxH
19	6	5		וְ/הַ/דֶּ֖לֶת	c/d/1817 c	HC/Td/Ncfsa	01U84
19	6	6		סָגַ֥ר	5462	HVqp3ms	01Jy2
19	6	7		אַחֲרָֽי/ו	310 a	HR/Sp3ms	01HnU
19	7	1		וַ/יֹּאמַ֑ר	c/559	HC/Vqw3ms	01zRD
19	7	2		אַל	408	HTn	012v1
19	7	3		נָ֥א	4994	HTe	01zJL
19	7	4		אַחַ֖/י	251	HNcmpc/Sp1cs	01RMN
19	7	5		תָּרֵֽעוּ	7489 a	HVhi2mp	01eF6
19	8	1		הִנֵּה	2009	HTm	013VC
19	8	2		נָ֨א	4994	HTe	014tQ
19	8	3		לִ֜/י	l	HR/Sp1cs	01mn8
19	8	4		שְׁתֵּ֣י	8147	HAcfdc	01k1n
19	8	5		בָנ֗וֹת	1323	HNcfpa	01LbT
19	8	6		אֲשֶׁ֤ר	834 a	HTr	0118q
19	8	7		לֹֽא	3808	HTn	01MDc
19	8	8		יָדְעוּ֙	3045	HVqp3cp	01Yeh
19	8	9		אִ֔ישׁ	376	HNcmsa	01khD
19	8	10		אוֹצִֽיאָה	3318	HVhh1cs	011Qt
19	8	11		נָּ֤א	4994	HTj	01onH
19	8	12		אֶתְ/הֶן֙	853	HTo/Sp3fp	012Kd
19	8	13		אֲלֵי/כֶ֔ם	413	HR/Sp2mp	01LPE
19	8	14		וַ/עֲשׂ֣וּ	c/6213 a	HC/Vqv2mp	01Anu
19	8	15		לָ/הֶ֔ן	l	HR/Sp3fp	01YWY
19	8	16		כַּ/טּ֖וֹב	k/2896 a	HRd/Aamsa	01FkQ
19	8	17		בְּ/עֵינֵי/כֶ֑ם	b/5869 a	HR/Ncbdc/Sp2mp	01vf3
19	8	18		רַ֠ק	7535	HTa	01y8F
19	8	19		לָֽ/אֲנָשִׁ֤ים	l/376	HRd/Ncmpa	01uwa
19	8	20		הָ/אֵל֙	d/411	HTd/Pdxcp	01quH
19	8	21		אַל	408	HTn	01FKK
19	8	22		תַּעֲשׂ֣וּ	6213 a	HVqj2mp	01EY9
19	8	23		דָבָ֔ר	1697	HNcmsa	013bJ
19	8	24		כִּֽי	3588 c	HC	01Euh
19	8	25		עַל	5921 b	HR	01cUS
19	8	26		כֵּ֥ן	3651 b	HTm	01Kn2
19	8	27		בָּ֖אוּ	935	HVqp3cp	01VLr
19	8	28		בְּ/צֵ֥ל	b/6738	HR/Ncmsc	01esu
19	8	29		קֹרָתִֽ/י	6982	HNcfsc/Sp1cs	01FiZ
19	9	1		וַ/יֹּאמְר֣וּ	c/559	HC/Vqw3mp	01RZJ
19	9	2		גֶּשׁ	5066	HVqv2ms	018Zb
19	9	3		הָ֗לְאָה	1973	HD	01Lat
19	9	4		וַ/יֹּֽאמְרוּ֙	c/559	HC/Vqw3mp	01dYo
19	9	5		הָ/אֶחָ֤ד	d/259	HTd/Acmsa	01b1b
19	9	6		בָּֽא	935	HVqp3ms	01HdC
19	9	7		לָ/גוּר֙	l/1481 a	HR/Vqc	01wTV
19	9	8		וַ/יִּשְׁפֹּ֣ט	c/8199	HC/Vqw3ms	01dAy
19	9	9		שָׁפ֔וֹט	8199	HVqa	01HvE
19	9	10		עַתָּ֕ה	6258	HD	018ac
19	9	11		נָרַ֥ע	7489 a	HVhi1cp	01fZx
19	9	12		לְ/ךָ֖	l	HR/Sp2ms	01zSb
19	9	13		מֵ/הֶ֑ם	m	HR/Sp3mp	016FX
19	9	14		וַ/יִּפְצְר֨וּ	c/6484	HC/Vqw3mp	01yVJ
19	9	15		בָ/אִ֤ישׁ	b/376	HRd/Ncmsa	01Jp4
19	9	16		בְּ/לוֹט֙	b/3876	HR/Np	0147f
19	9	17		מְאֹ֔ד	3966	HD	01sbC
19	9	18		וַֽ/יִּגְּשׁ֖וּ	c/5066	HC/Vqw3mp	018UN
19	9	19		לִ/שְׁבֹּ֥ר	l/7665	HR/Vqc	01cbJ
19	9	20		הַ/דָּֽלֶת	d/1817 c	HTd/Ncfsa	01wTH
19	10	1		וַ/יִּשְׁלְח֤וּ	c/7971	HC/Vqw3mp	01sDn
19	10	2		הָֽ/אֲנָשִׁים֙	d/376	HTd/Ncmpa	011fa
19	10	3		אֶת	853	HTo	014Hx
19	10	4		יָדָ֔/ם	3027	HNcbsc/Sp3mp	01J4p
19	10	5		וַ/יָּבִ֧יאוּ	c/935	HC/Vhw3mp	01eKA
19	10	6		אֶת	853	HTo	01kof
19	10	7		ל֛וֹט	3876	HNp	01oxJ
19	10	8		אֲלֵי/הֶ֖ם	413	HR/Sp3mp	01Lkz
19	10	9		הַ/בָּ֑יְתָ/ה	d/1004 b	HTd/Ncmsa/Sd	01a35
19	10	10		וְ/אֶת	c/853	HC/To	0185C
19	10	11		הַ/דֶּ֖לֶת	d/1817 c	HTd/Ncfsa	01duB
19	10	12		סָגָֽרוּ	5462	HVqp3cp	01Dd8
19	11	1		וְֽ/אֶת	c/853	HC/To	012Ez
19	11	2		הָ/אֲנָשִׁ֞ים	d/376	HTd/Ncmpa	01zgP
19	11	3		אֲשֶׁר	834 a	HTr	01K1F
19	11	4		פֶּ֣תַח	6607	HNcmsc	01F8k
19	11	5		הַ/בַּ֗יִת	d/1004 b	HTd/Ncmsa	01yie
19	11	6		הִכּוּ֙	5221	HVhp3cp	01AGX
19	11	7		בַּ/סַּנְוֵרִ֔ים	b/5575	HRd/Ncmpa	01QZQ
19	11	8		מִ/קָּטֹ֖ן	m/6996 b	HR/Aamsa	01iJj
19	11	9		וְ/עַד	c/5704	HC/R	019tK
19	11	10		גָּד֑וֹל	1419 a	HAamsa	01cdf
19	11	11		וַ/יִּלְא֖וּ	c/3811	HC/Vqw3mp	01ViQ
19	11	12		לִ/מְצֹ֥א	l/4672	HR/Vqc	016Gq
19	11	13		הַ/פָּֽתַח	d/6607	HTd/Ncmsa	01xzK
19	12	1		וַ/יֹּאמְר֨וּ	c/559	HC/Vqw3mp	01M3A
19	12	2		הָ/אֲנָשִׁ֜ים	d/376	HTd/Ncmpa	01ixU
19	12	3		אֶל	413	HR	01grk
19	12	4		ל֗וֹט	3876	HNp	01cot
19	12	5		עֹ֚ד	5750	HD	01K5A
19	12	6		מִֽי	4310	HTi	01EZv
19	12	7		לְ/ךָ֣	l	HR/Sp2ms	01z5E
19	12	8		פֹ֔ה	6311	HD	01V3V
19	12	9		חָתָן֙	2860	HNcmsa	01SE1
19	12	10		וּ/בָנֶ֣י/ךָ	c/1121 a	HC/Ncmpc/Sp2ms	01thM
19	12	11		וּ/בְנֹתֶ֔י/ךָ	c/1323	HC/Ncfpc/Sp2ms	012ww
19	12	12		וְ/כֹ֥ל	c/3605	HC/Ncmsa	01GEX
19	12	13		אֲשֶׁר	834 a	HTr	01V1p
19	12	14		לְ/ךָ֖	l	HR/Sp2ms	01bZG
19	12	15		בָּ/עִ֑יר	b/5892 b	HRd/Ncfsa	01mCK
19	12	16		הוֹצֵ֖א	3318	HVhv2ms	01t2E
19	12	17		מִן	4480 a	HR	01vxV
19	12	18		הַ/מָּקֽוֹם	d/4725	HTd/Ncmsa	01Jbi
19	13	1		כִּֽי	3588 a	HC	01Cwm
19	13	2		מַשְׁחִתִ֣ים	7843	HVhrmpa	01ugN
19	13	3		אֲנַ֔חְנוּ	587	HPp1cp	013S6
19	13	4		אֶת	853	HTo	01Zpg
19	13	5		הַ/מָּק֖וֹם	d/4725	HTd/Ncmsa	01XbK
19	13	6		הַ/זֶּ֑ה	d/2088	HTd/Pdxms	01Rfy
19	13	7		כִּֽי	3588 a	HC	01nMK
19	13	8		גָֽדְלָ֤ה	1431	HVqp3fs	01igt
19	13	9		צַעֲקָתָ/ם֙	6818	HNcfsc/Sp3mp	01J8d
19	13	10		אֶת	854	HR	01Zuf
19	13	11		פְּנֵ֣י	6440	HNcbpc	01Vtr
19	13	12		יְהוָ֔ה	3068	HNp	01qwE
19	13	13		וַ/יְשַׁלְּחֵ֥/נוּ	c/7971	HC/Vpw3ms/Sp1cp	01KNV
19	13	14		יְהוָ֖ה	3068	HNp	01wr4
19	13	15		לְ/שַׁחֲתָֽ/הּ	l/7843	HR/Vpc/Sp3fs	01vZL
19	14	1		וַ/יֵּצֵ֨א	c/3318	HC/Vqw3ms	01SzL
19	14	2		ל֜וֹט	3876	HNp	01vye
19	14	3		וַ/יְדַבֵּ֣ר	c/1696	HC/Vpw3ms	01mzs
19	14	4		אֶל	413	HR	01RUB
19	14	5		חֲתָנָ֣י/ו	2860	HNcmpc/Sp3ms	01b16
19	14	6		לֹקְחֵ֣י	3947	HVqrmpc	011Se
19	14	7		בְנֹתָ֗י/ו	1323	HNcfpc/Sp3ms	01s9f
19	14	8		וַ/יֹּ֨אמֶר֙	c/559	HC/Vqw3ms	011Z5
19	14	9		ק֤וּמוּ	6965 b	HVqv2mp	01Wis
19	14	10		צְּאוּ֙	3318	HVqv2mp	01yWu
19	14	11		מִן	4480 a	HR	01MU6
19	14	12		הַ/מָּק֣וֹם	d/4725	HTd/Ncmsa	01xmE
19	14	13		הַ/זֶּ֔ה	d/2088	HTd/Pdxms	01TLt
19	14	14		כִּֽי	3588 a	HC	01Gim
19	14	15		מַשְׁחִ֥ית	7843	HVhrmsa	01Jv1
19	14	16		יְהוָ֖ה	3068	HNp	01hKn
19	14	17		אֶת	853	HTo	01poz
19	14	18		הָ/עִ֑יר	d/5892 b	HTd/Ncfsa	01h7D
19	14	19		וַ/יְהִ֥י	c/1961	HC/Vqw3ms	01W2Y
19	14	20		כִ/מְצַחֵ֖ק	k/6711	HR/Vprmsa	01BHc
19	14	21		בְּ/עֵינֵ֥י	b/5869 a	HR/Ncbdc	01zPq
19	14	22		חֲתָנָֽי/ו	2860	HNcmpc/Sp3ms	018Mb
19	15	1		וּ/כְמוֹ֙	c/3644	HC/R	01DU5
19	15	2		הַ/שַּׁ֣חַר	d/7837	HTd/Ncmsa	01GoH
19	15	3		עָלָ֔ה	5927	HVqp3ms	01Rco
19	15	4		וַ/יָּאִ֥יצוּ	c/213	HC/Vhw3mp	01qxv
19	15	5		הַ/מַּלְאָכִ֖ים	d/4397	HTd/Ncmpa	01teJ
19	15	6		בְּ/ל֣וֹט	b/3876	HR/Np	01Yjt
19	15	7		לֵ/אמֹ֑ר	l/559	HR/Vqc	01RDD
19	15	8		קוּם֩	6965 b	HVqv2ms	01Y1A
19	15	9		קַ֨ח	3947	HVqv2ms	019gc
19	15	10		אֶֽת	853	HTo	01DDp
19	15	11		אִשְׁתְּ/ךָ֜	802	HNcfsc/Sp2ms	01w2a
19	15	12		וְ/אֶת	c/853	HC/To	0152N
19	15	13		שְׁתֵּ֤י	8147	HAcfdc	013Jb
19	15	14		בְנֹתֶ֨י/ךָ֙	1323	HNcfpc/Sp2ms	01AaT
19	15	15		הַ/נִּמְצָאֹ֔ת	d/4672	HTd/VNrfpa	01rmh
19	15	16		פֶּן	6435	HC	01M5h
19	15	17		תִּסָּפֶ֖ה	5595	HVNi2ms	01SLw
19	15	18		בַּ/עֲוֺ֥ן	b/5771	HR/Ncbsc	01mzL
19	15	19		הָ/עִֽיר	d/5892 b	HTd/Ncfsa	01s1q
19	16	1		וַֽ/יִּתְמַהְמָ֓הּ	c/4102	HC/Vfw3ms	01L75
19	16	2		וַ/יַּחֲזִ֨קוּ	c/2388	HC/Vhw3mp	01hfu
19	16	3		הָ/אֲנָשִׁ֜ים	d/376	HTd/Ncmpa	01JV9
19	16	4		בְּ/יָד֣/וֹ	b/3027	HR/Ncbsc/Sp3ms	01Luf
19	16	5		וּ/בְ/יַד	c/b/3027	HC/R/Ncbsc	01dyW
19	16	6		אִשְׁתּ֗/וֹ	802	HNcfsc/Sp3ms	01cfy
19	16	7		וּ/בְ/יַד֙	c/b/3027	HC/R/Ncbsc	01bm3
19	16	8		שְׁתֵּ֣י	8147	HAcfdc	01X1G
19	16	9		בְנֹתָ֔י/ו	1323	HNcfpc/Sp3ms	01DAz
19	16	10		בְּ/חֶמְלַ֥ת	b/2551	HR/Ncfsc	01cG2
19	16	11		יְהוָ֖ה	3068	HNp	01SiW
19	16	12		עָלָ֑י/ו	5921 a	HR/Sp3ms	013KU
19	16	13		וַ/יֹּצִאֻ֥/הוּ	c/3318	HC/Vhw3mp/Sp3ms	01HCz
19	16	14		וַ/יַּנִּחֻ֖/הוּ	c/3240	HC/Vhw3mp/Sp3ms	01uez
19	16	15		מִ/ח֥וּץ	m/2351	HR/Ncmsa	01t7Z
19	16	16		לָ/עִֽיר	l/5892 b	HRd/Ncfsa	01KG3
19	17	1		וַ/יְהִי֩	c/1961	HC/Vqw3ms	01BNm
19	17	2		כְ/הוֹצִיאָ֨/ם	k/3318	HR/Vhc/Sp3mp	01S39
19	17	3		אֹתָ֜/ם	853	HTo/Sp3mp	0166Y
19	17	4		הַ/ח֗וּצָ/ה	d/2351	HTd/Ncmsa/Sd	011wE
19	17	5		וַ/יֹּ֨אמֶר֙	c/559	HC/Vqw3ms	01LNG
19	17	6		הִמָּלֵ֣ט	4422	HVNv2ms	011VD
19	17	7		עַל	5921 a	HR	01Sti
19	17	8		נַפְשֶׁ֔/ךָ	5315	HNcbsc/Sp2ms	019UL
19	17	9		אַל	408	HTn	01jTj
19	17	10		תַּבִּ֣יט	5027	HVhj2ms	01yoM
19	17	11		אַחֲרֶ֔י/ךָ	310 a	HR/Sp2ms	01u9c
19	17	12		וְ/אַֽל	c/408	HC/Tn	01npB
19	17	13		תַּעֲמֹ֖ד	5975	HVqj2ms	01nhG
19	17	14		בְּ/כָל	b/3605	HR/Ncmsc	01FcX
19	17	15		הַ/כִּכָּ֑ר	d/3603	HTd/Ncbsa	01fZ4
19	17	16		הָ/הָ֥רָ/ה	d/2022	HTd/Ncmsa/Sd	0156D
19	17	17		הִמָּלֵ֖ט	4422	HVNv2ms	013Lr
19	17	18		פֶּן	6435	HC	01NnT
19	17	19		תִּסָּפֶֽה	5595	HVNi2ms	01TQz
19	18	1		וַ/יֹּ֥אמֶר	c/559	HC/Vqw3ms	01rfK
19	18	2		ל֖וֹט	3876	HNp	01fa5
19	18	3		אֲלֵ/הֶ֑ם	413	HR/Sp3mp	01cLe
19	18	4		אַל	408	HTn	01b9p
19	18	5		נָ֖א	4994	HTe	01iWG
19	18	6		אֲדֹנָֽ/י	136	HNcmpc/Sp1cs	01v6C
19	19	1		הִנֵּה	2009	HTm	01nag
19	19	2		נָ֠א	4994	HTe	01gmi
19	19	3		מָצָ֨א	4672	HVqp3ms	01ERU
19	19	4		עַבְדְּ/ךָ֣	5650	HNcmsc/Sp2ms	01t7c
19	19	5		חֵן֮	2580	HNcmsa	01Y1F
19	19	6		בְּ/עֵינֶי/ךָ֒	b/5869 a	HR/Ncbdc/Sp2ms	01JXq
19	19	7		וַ/תַּגְדֵּ֣ל	c/1431	HC/Vhw2ms	01W2g
19	19	8		חַסְדְּ/ךָ֗	2617 a	HNcmsc/Sp2ms	01M8k
19	19	9		אֲשֶׁ֤ר	834 a	HTr	01KnE
19	19	10		עָשִׂ֨יתָ֙	6213 a	HVqp2ms	01hDB
19	19	11		עִמָּדִ֔/י	5978	HR/Sp1cs	01LFh
19	19	12		לְ/הַחֲי֖וֹת	l/2421	HR/Vhc	01EWr
19	19	13		אֶת	853	HTo	01rHN
19	19	14		נַפְשִׁ֑/י	5315	HNcbsc/Sp1cs	01LDD
19	19	15		וְ/אָנֹכִ֗י	c/595	HC/Pp1cs	01dAG
19	19	16		לֹ֤א	3808	HTn	01B9T
19	19	17		אוּכַל֙	3201	HVqi1cs	01m7U
19	19	18		לְ/הִמָּלֵ֣ט	l/4422	HR/VNc	01coZ
19	19	19		הָ/הָ֔רָ/ה	d/2022	HTd/Ncmsa/Sd	01pkN
19	19	20		פֶּן	6435	HC	012TP
19	19	21		תִּדְבָּקַ֥/נִי	1692	HVqi3fs/Sp1cs	01p9B
19	19	22		הָ/רָעָ֖ה	d/7451 c	HTd/Ncfsa	01Wz8
19	19	23		וָ/מַֽתִּי	c/4191	HC/Vqp1cs	01CFE
19	20	1		הִנֵּה	2009	HTm	01wi9
19	20	2		נָ֠א	4994	HTe	01T67
19	20	3		הָ/עִ֨יר	d/5892 b	HTd/Ncfsa	01biA
19	20	4		הַ/זֹּ֧את	d/2063	HTd/Pdxfs	01u4V
19	20	5		קְרֹבָ֛ה	7138	HAafsa	01wS9
19	20	6		לָ/נ֥וּס	l/5127	HR/Vqc	01rAC
19	20	7		שָׁ֖מָּ/ה	8033	HD/Sd	01jq8
19	20	8		וְ/הִ֣יא	c/1931	HC/Pp3fs	01R4y
19	20	9		מִצְעָ֑ר	4705	HNcmsa	01EfW
19	20	10		אִמָּלְטָ֨ה	4422	HVNh1cs	01U9o
19	20	11		נָּ֜א	4994	HTj	01VJW
19	20	12		שָׁ֗מָּ/ה	8033	HD/Sd	01c6w
19	20	13		הֲ/לֹ֥א	i/3808	HTi/Tn	01RJ6
19	20	14		מִצְעָ֛ר	4705	HNcmsa	01mKe
19	20	15		הִ֖וא	1931	HPp3fs	01Z2i
19	20	16		וּ/תְחִ֥י	c/2421	HC/Vqi3fs	01e3B
19	20	17		נַפְשִֽׁ/י	5315	HNcbsc/Sp1cs	017Pd
19	21	1		וַ/יֹּ֣אמֶר	c/559	HC/Vqw3ms	01Lgc
19	21	2		אֵלָ֔י/ו	413	HR/Sp3ms	01RLL
19	21	3		הִנֵּה֙	2009	HTm	01XTN
19	21	4		נָשָׂ֣אתִי	5375	HVqp1cs	019j9
19	21	5		פָנֶ֔י/ךָ	6440	HNcbpc/Sp2ms	01xRk
19	21	6		גַּ֖ם	1571	HTa	01agE
19	21	7		לַ/דָּבָ֣ר	l/1697	HRd/Ncmsa	0199n
19	21	8		הַ/זֶּ֑ה	d/2088	HTd/Pdxms	01SnR
19	21	9		לְ/בִלְתִּ֛י	l/1115	HR/C	01aw2
19	21	10		הָפְכִּ֥/י	2015	HVqc/Sp1cs	01x3j
19	21	11		אֶת	853	HTo	018ZD
19	21	12		הָ/עִ֖יר	d/5892 b	HTd/Ncfsa	01hyj
19	21	13		אֲשֶׁ֥ר	834 a	HTr	01ADU
19	21	14		דִּבַּֽרְתָּ	1696	HVpp2ms	01shc
19	22	1		מַהֵר֙	4116 a	HVpv2ms	01uS9
19	22	2		הִמָּלֵ֣ט	4422	HVNv2ms	01bxp
19	22	3		שָׁ֔מָּ/ה	8033	HD/Sd	01TxD
19	22	4		כִּ֣י	3588 a	HC	01Txd
19	22	5		לֹ֤א	3808	HTn	01Zqo
19	22	6		אוּכַל֙	3201	HVqi1cs	01eXv
19	22	7		לַ/עֲשׂ֣וֹת	l/6213 a	HR/Vqc	0174M
19	22	8		דָּבָ֔ר	1697	HNcmsa	01KQd
19	22	9		עַד	5704	HR	01QLn
19	22	10		בֹּאֲ/ךָ֖	935	HVqc/Sp2ms	01Rz1
19	22	11		שָׁ֑מָּ/ה	8033	HD/Sd	01AR3
19	22	12		עַל	5921 a	HR	016J4
19	22	13		כֵּ֛ן	3651 c	HTm	017AJ
19	22	14		קָרָ֥א	7121	HVqp3ms	01rrT
19	22	15		שֵׁם	8034	HNcmsc	01zc1
19	22	16		הָ/עִ֖יר	d/5892 b	HTd/Ncfsa	01t1p
19	22	17		צֽוֹעַר	6820	HNp	01Nsw
19	23	1		הַ/שֶּׁ֖מֶשׁ	d/8121	HTd/Ncbsa	01H4B
19	23	2		יָצָ֣א	3318	HVqp3ms	01yhE
19	23	3		עַל	5921 a	HR	01TCJ
19	23	4		הָ/אָ֑רֶץ	d/776	HTd/Ncbsa	01HLL
19	23	5		וְ/ל֖וֹט	c/3876	HC/Np	01VMR
19	23	6		בָּ֥א	935	HVqp3ms	01nHt
19	23	7		צֹֽעֲרָ/ה	6820	HNp/Sd	01uVh
19	24	1		וַֽ/יהוָ֗ה	c/3068	HC/Np	01j46
19	24	2		הִמְטִ֧יר	4305	HVhp3ms	01tWx
19	24	3		עַל	5921 a	HR	013VF
19	24	4		סְדֹ֛ם	5467	HNp	01a9R
19	24	5		וְ/עַל	c/5921 a	HC/R	01BUv
19	24	6		עֲמֹרָ֖ה	6017	HNp	016Ay
19	24	7		גָּפְרִ֣ית	1614	HNcfsa	01buH
19	24	8		וָ/אֵ֑שׁ	c/784	HC/Ncbsa	01s74
19	24	9		מֵ/אֵ֥ת	m/854	HR/R	01Qem
19	24	10		יְהוָ֖ה	3068	HNp	01okp
19	24	11		מִן	4480 a	HR	015Q5
19	24	12		הַ/שָּׁמָֽיִם	d/8064	HTd/Ncmpa	01qJK
19	25	1		וַֽ/יַּהֲפֹךְ֙	c/2015	HC/Vqw3ms	01QZB
19	25	2		אֶת	853	HTo	01Br9
19	25	3		הֶ/עָרִ֣ים	d/5892 b	HTd/Ncfpa	01CaP
19	25	4		הָ/אֵ֔ל	d/411	HTd/Pdxcp	012Jq
19	25	5		וְ/אֵ֖ת	c/853	HC/To	01UQf
19	25	6		כָּל	3605	HNcmsc	01koC
19	25	7		הַ/כִּכָּ֑ר	d/3603	HTd/Ncbsa	01xyV
19	25	8		וְ/אֵת֙	c/853	HC/To	01Leq
19	25	9		כָּל	3605	HNcmsc	01RrD
19	25	10		יֹשְׁבֵ֣י	3427	HVqrmpc	01Kv1
19	25	11		הֶ/עָרִ֔ים	d/5892 b	HTd/Ncfpa	01S8w
19	25	12		וְ/צֶ֖מַח	c/6780	HC/Ncmsc	01hEe
19	25	13		הָ/אֲדָמָֽה	d/127	HTd/Ncfsa	01PTn
19	26	1		וַ/תַּבֵּ֥ט	c/5027	HC/Vhw3fs	01T7k
19	26	2		אִשְׁתּ֖/וֹ	802	HNcfsc/Sp3ms	01vKW
19	26	3		מֵ/אַחֲרָ֑י/ו	m/310 a	HR/R/Sp3ms	01quk
19	26	4		וַ/תְּהִ֖י	c/1961	HC/Vqw3fs	01Qsp
19	26	5		נְצִ֥יב	5333	HNcmsc	01q5z
19	26	6		מֶֽלַח	4417	HNcmsa	01rTe
19	27	1		וַ/יַּשְׁכֵּ֥ם	c/7925	HC/Vhw3ms	01CMT
19	27	2		אַבְרָהָ֖ם	85	HNp	01npi
19	27	3		בַּ/בֹּ֑קֶר	b/1242	HRd/Ncmsa	01f16
19	27	4		אֶל	413	HR	017Yx
19	27	5		הַ֨/מָּק֔וֹם	d/4725	HTd/Ncmsa	014CA
19	27	6		אֲשֶׁר	834 a	HTr	01bwy
19	27	7		עָ֥מַד	5975	HVqp3ms	01gtP
19	27	8		שָׁ֖ם	8033	HD	01QYM
19	27	9		אֶת	854	HR	01NXX
19	27	10		פְּנֵ֥י	6440	HNcbpc	01JFS
19	27	11		יְהוָֽה	3068	HNp	01vz1
19	28	1		וַ/יַּשְׁקֵ֗ף	c/8259	HC/Vhw3ms	013P6
19	28	2		עַל	5921 a	HR	018so
19	28	3		פְּנֵ֤י	6440	HNcbpc	01YUp
19	28	4		סְדֹם֙	5467	HNp	01N5y
19	28	5		וַ/עֲמֹרָ֔ה	c/6017	HC/Np	01G2c
19	28	6		וְ/עַֽל	c/5921 a	HC/R	01MUh
19	28	7		כָּל	3605	HNcmsc	01rRV
19	28	8		פְּנֵ֖י	6440	HNcbpc	01y81
19	28	9		אֶ֣רֶץ	776	HNcbsc	01oA4
19	28	10		הַ/כִּכָּ֑ר	d/3603	HTd/Ncbsa	01f9w
19	28	11		וַ/יַּ֗רְא	c/7200	HC/Vqw3ms	01PwW
19	28	12		וְ/הִנֵּ֤ה	c/2009	HC/Tm	01Fkn
19	28	13		עָלָה֙	5927	HVqp3ms	01bpn
19	28	14		קִיטֹ֣ר	7008	HNcmsc	01ywD
19	28	15		הָ/אָ֔רֶץ	d/776	HTd/Ncbsa	01hBi
19	28	16		כְּ/קִיטֹ֖ר	k/7008	HR/Ncmsc	019jd
19	28	17		הַ/כִּבְשָֽׁן	d/3536	HTd/Ncmsa	01NGN
19	29	1		וַ/יְהִ֗י	c/1961	HC/Vqw3ms	0131w
19	29	2		בְּ/שַׁחֵ֤ת	b/7843	HR/Vpc	01nHz
19	29	3		אֱלֹהִים֙	430	HNcmpa	01yym
19	29	4		אֶת	853	HTo	01yHv
19	29	5		עָרֵ֣י	5892 b	HNcfpc	01D9G
19	29	6		הַ/כִּכָּ֔ר	d/3603	HTd/Ncbsa	01ZkS
19	29	7		וַ/יִּזְכֹּ֥ר	c/2142	HC/Vqw3ms	017eY
19	29	8		אֱלֹהִ֖ים	430	HNcmpa	015KS
19	29	9		אֶת	853	HTo	01QMc
19	29	10		אַבְרָהָ֑ם	85	HNp	01vNk
19	29	11		וַ/יְשַׁלַּ֤ח	c/7971	HC/Vpw3ms	01Rs6
19	29	12		אֶת	853	HTo	01aq4
19	29	13		לוֹט֙	3876	HNp	01yyt
19	29	14		מִ/תּ֣וֹךְ	m/8432	HR/Ncmsc	01J2d
19	29	15		הַ/הֲפֵכָ֔ה	d/2018	HTd/Ncfsa	01CqT
19	29	16		בַּ/הֲפֹךְ֙	b/2015	HR/Vqc	01MTY
19	29	17		אֶת	853	HTo	01VoC
19	29	18		הֶ֣/עָרִ֔ים	d/5892 b	HTd/Ncfpa	01Vpi
19	29	19		אֲשֶׁר	834 a	HTr	01PBT
19	29	20		יָשַׁ֥ב	3427	HVqp3ms	01HGR
19	29	21		בָּ/הֵ֖ן	b/2004	HR/Sp3fp	016sk
19	29	22		לֽוֹט	3876	HNp	01k8E
19	30	1		וַ/יַּעַל֩	c/5927	HC/Vqw3ms	012HU
19	30	2		ל֨וֹט	3876	HNp	01ULv
19	30	3		מִ/צּ֜וֹעַר	m/6820	HR/Np	01eXZ
19	30	4		וַ/יֵּ֣שֶׁב	c/3427	HC/Vqw3ms	01pUs
19	30	5		בָּ/הָ֗ר	b/2022	HRd/Ncmsa	0192R
19	30	6		וּ/שְׁתֵּ֤י	c/8147	HC/Acfdc	01M7V
19	30	7		בְנֹתָי/ו֙	1323	HNcfpc/Sp3ms	01N33
19	30	8		עִמּ֔/וֹ	5973 a	HR/Sp3ms	01wN2
19	30	9		כִּ֥י	3588 a	HC	0168n
19	30	10		יָרֵ֖א	3372	HVqp3ms	01GAD
19	30	11		לָ/שֶׁ֣בֶת	l/3427	HR/Vqc	011ee
19	30	12		בְּ/צ֑וֹעַר	b/6820	HR/Np	01dZh
19	30	13		וַ/יֵּ֨שֶׁב֙	c/3427	HC/Vqw3ms	01cKU
19	30	14		בַּ/מְּעָרָ֔ה	b/4631	HRd/Ncfsa	01bSE
19	30	15		ה֖וּא	1931	HPp3ms	01EWA
19	30	16		וּ/שְׁתֵּ֥י	c/8147	HC/Acfdc	01zWo
19	30	17		בְנֹתָֽי/ו	1323	HNcfpc/Sp3ms	01djv
19	31	1		וַ/תֹּ֧אמֶר	c/559	HC/Vqw3fs	01Ukr
19	31	2		הַ/בְּכִירָ֛ה	d/1067	HTd/Ncfsa	01UM1
19	31	3		אֶל	413	HR	01Ubd
19	31	4		הַ/צְּעִירָ֖ה	d/6810	HTd/Aafsa	01oqY
19	31	5		אָבִ֣י/נוּ	1	HNcmsc/Sp1cp	01HYy
19	31	6		זָקֵ֑ן	2204	HVqp3ms	01dH2
19	31	7		וְ/אִ֨ישׁ	c/376	HC/Ncmsa	01SSn
19	31	8		אֵ֤ין	369	HTn	019WF
19	31	9		בָּ/אָ֨רֶץ֙	b/776	HRd/Ncbsa	01Ddt
19	31	10		לָ/ב֣וֹא	l/935	HR/Vqc	01xK2
19	31	11		עָלֵ֔י/נוּ	5921 a	HR/Sp1cp	01DPi
19	31	12		כְּ/דֶ֖רֶךְ	k/1870	HR/Ncbsc	01D8e
19	31	13		כָּל	3605	HNcmsc	01Sx9
19	31	14		הָ/אָֽרֶץ	d/776	HTd/Ncbsa	01im8
19	32	1		לְכָ֨/ה	3212	HVqv2ms/Sh	01Enx
19	32	2		נַשְׁקֶ֧ה	8248	HVhi1cp	013mF
19	32	3		אֶת	853	HTo	01Lmj
19	32	4		אָבִ֛י/נוּ	1	HNcmsc/Sp1cp	01Wuy
19	32	5		יַ֖יִן	3196	HNcmsa	01SLZ
19	32	6		וְ/נִשְׁכְּבָ֣ה	c/7901	HC/Vqh1cp	01ooD
19	32	7		עִמּ֑/וֹ	5973 a	HR/Sp3ms	01wcw
19	32	8		וּ/נְחַיֶּ֥ה	c/2421	HC/Vpi1cp	01c32
19	32	9		מֵ/אָבִ֖י/נוּ	m/1	HR/Ncmsc/Sp1cp	01Xsg
19	32	10		זָֽרַע	2233	HNcmsa	01sZv
19	33	1		וַ/תַּשְׁקֶ֧יןָ	c/8248	HC/Vhw3fp	01S9x
19	33	2		אֶת	853	HTo	01CfQ
19	33	3		אֲבִי/הֶ֛ן	1	HNcmsc/Sp3fp	01ZGT
19	33	4		יַ֖יִן	3196	HNcmsa	01zLW
19	33	5		בַּ/לַּ֣יְלָה	b/3915	HRd/Ncmsa	01tDQ
19	33	6		ה֑וּא	1931	HPp3ms	01oNh
19	33	7		וַ/תָּבֹ֤א	c/935	HC/Vqw3fs	01S1Y
19	33	8		הַ/בְּכִירָה֙	d/1067	HTd/Ncfsa	01DG9
19	33	9		וַ/תִּשְׁכַּ֣ב	c/7901	HC/Vqw3fs	01BDe
19	33	10		אֶת	854	HR	01D2q
19	33	11		אָבִ֔י/הָ	1	HNcmsc/Sp3fs	01qAx
19	33	12		וְ/לֹֽא	c/3808	HC/Tn	01axC
19	33	13		יָדַ֥ע	3045	HVqp3ms	01o6W
19	33	14		בְּ/שִׁכְבָ֖/הּ	b/7901	HR/Vqc/Sp3fs	01x5r
19	33	15		וּ/בְ/קׄוּמָֽ/הּ	c/b/6965 b	HC/R/Vqc/Sp3fs	018x6
19	34	1		וַֽ/יְהִי֙	c/1961	HC/Vqw3ms	01LnD
19	34	2		מִֽ/מָּחֳרָ֔ת	m/4283	HR/Ncfsa	01iU5
19	34	3		וַ/תֹּ֤אמֶר	c/559	HC/Vqw3fs	01HeA
19	34	4		הַ/בְּכִירָה֙	d/1067	HTd/Ncfsa	01FnB
19	34	5		אֶל	413	HR	01fF5
19	34	6		הַ/צְּעִירָ֔ה	d/6810	HTd/Aafsa	01hRX
19	34	7		הֵן	2005	HTm	01Rdj
19	34	8		שָׁכַ֥בְתִּי	7901	HVqp1cs	01FNm
19	34	9		אֶ֖מֶשׁ	570	HD	01HZS
19	34	10		אֶת	854	HR	01UKW
19	34	11		אָבִ֑/י	1	HNcmsc/Sp1cs	014RJ
19	34	12		נַשְׁקֶ֨/נּוּ	8248	HVhh1cp/Sp3ms	01EPF
19	34	13		יַ֜יִן	3196	HNcmsa	01BNN
19	34	14		גַּם	1571	HTa	01osb
19	34	15		הַ/לַּ֗יְלָה	d/3915	HTd/Ncmsa	01xWk
19	34	16		וּ/בֹ֨אִי֙	c/935	HC/Vqv2fs	01Kkd
19	34	17		שִׁכְבִ֣י	7901	HVqv2fs	01M8D
19	34	18		עִמּ֔/וֹ	5973 a	HR/Sp3ms	013w9
19	34	19		וּ/נְחַיֶּ֥ה	c/2421	HC/Vpi1cp	01TQy
19	34	20		מֵ/אָבִ֖י/נוּ	m/1	HR/Ncmsc/Sp1cp	01cG9
19	34	21		זָֽרַע	2233	HNcmsa	01nVF
19	35	1		וַ/תַּשְׁקֶ֜יןָ	c/8248	HC/Vhw3fp	016xK
19	35	2		גַּ֣ם	1571	HTa	01MQy
19	35	3		בַּ/לַּ֧יְלָה	b/3915	HRd/Ncmsa	01Cnn
19	35	4		הַ/ה֛וּא	d/1931	HTd/Pp3ms	01rZz
19	35	5		אֶת	853	HTo	01LLu
19	35	6		אֲבִי/הֶ֖ן	1	HNcmsc/Sp3fp	01frk
19	35	7		יָ֑יִן	3196	HNcmsa	01e6d
19	35	8		וַ/תָּ֤קָם	c/6965 b	HC/Vqw3fs	01qrz
19	35	9		הַ/צְּעִירָה֙	d/6810	HTd/Aafsa	01yUB
19	35	10		וַ/תִּשְׁכַּ֣ב	c/7901	HC/Vqw3fs	01Qko
19	35	11		עִמּ֔/וֹ	5973 a	HR/Sp3ms	01Kxd
19	35	12		וְ/לֹֽא	c/3808	HC/Tn	016Gp
19	35	13		יָדַ֥ע	3045	HVqp3ms	01pHy
19	35	14		בְּ/שִׁכְבָ֖/הּ	b/7901	HR/Vqc/Sp3fs	019px
19	35	15		וּ/בְ/קֻמָֽ/הּ	c/b/6965 b	HC/R/Vqc/Sp3fs	01YdZ
19	36	1		וַֽ/תַּהֲרֶ֛יןָ	c/2029	HC/Vqw3fp	01GfP
19	36	2		שְׁתֵּ֥י	8147	HAcfdc	018ms
19	36	3		בְנֽוֹת	1323	HNcfpc	014aE
19	36	4		ל֖וֹט	3876	HNp	01c85
19	36	5		מֵ/אֲבִי/הֶֽן	m/1	HR/Ncmsc/Sp3fp	016SP
19	37	1		וַ/תֵּ֤לֶד	c/3205	HC/Vqw3fs	01njU
19	37	2		הַ/בְּכִירָה֙	d/1067	HTd/Ncfsa	01zbT
19	37	3		בֵּ֔ן	1121 a	HNcmsa	01PX2
19	37	4		וַ/תִּקְרָ֥א	c/7121	HC/Vqw3fs	01UJ6
19	37	5		שְׁמ֖/וֹ	8034	HNcmsc/Sp3ms	014rn
19	37	6		מוֹאָ֑ב	4124	HNp	01mdG
19	37	7		ה֥וּא	1931	HPp3ms	01tVz
19	37	8		אֲבִֽי	1	HNcmsc	01GRj
19	37	9		מוֹאָ֖ב	4124	HNp	01J6b
19	37	10		עַד	5704	HR	01K5C
19	37	11		הַ/יּֽוֹם	d/3117	HTd/Ncmsa	01xen
19	38	1		וְ/הַ/צְּעִירָ֤ה	c/d/6810	HC/Td/Aafsa	01t7j
19	38	2		גַם	1571	HD	01nDA
19	38	3		הִוא֙	1931	HPp3fs	01KhP
19	38	4		יָ֣לְדָה	3205	HVqp3fs	01cj2
19	38	5		בֵּ֔ן	1121 a	HNcmsa	01wEK
19	38	6		וַ/תִּקְרָ֥א	c/7121	HC/Vqw3fs	01h2t
19	38	7		שְׁמ֖/וֹ	8034	HNcmsc/Sp3ms	018ES
19	38	8		בֶּן	1151+	HNp	01Qv8
19	38	9		עַמִּ֑י	1151	HNp	019rU
19	38	10		ה֛וּא	1931	HPp3ms	01bak
19	38	11		אֲבִ֥י	1	HNcmsc	019uw
19	38	12		בְנֵֽי	1121 a	HNcmpc	01M4p
19	38	13		עַמּ֖וֹן	5983	HNp	018MU
19	38	14		עַד	5704	HR	01PGb
19	38	15		הַ/יּֽוֹם	d/3117	HTd/Ncmsa	01VUp
20	1	1		וַ/יִּסַּ֨ע	c/5265	HC/Vqw3ms	01E1n
20	1	2		מִ/שָּׁ֤ם	m/8033	HR/D	01Y2Y
20	1	3		אַבְרָהָם֙	85	HNp	015sD
20	1	4		אַ֣רְצָ/ה	776	HNcbsc/Sd	01mZV
20	1	5		הַ/נֶּ֔גֶב	d/5045	HTd/Ncmsa	01XL9
20	1	6		וַ/יֵּ֥שֶׁב	c/3427	HC/Vqw3ms	01dgp
20	1	7		בֵּין	996	HR	01P1D
20	1	8		קָדֵ֖שׁ	6946	HNp	01Voq
20	1	9		וּ/בֵ֣ין	c/996	HC/R	01cuR
20	1	10		שׁ֑וּר	7793	HNp	01nKb
20	1	11		וַ/יָּ֖גָר	c/1481 a	HC/Vqw3ms	01zRe
20	1	12		בִּ/גְרָֽר	b/1642	HR/Np	01cp8
20	2	1		וַ/יֹּ֧אמֶר	c/559	HC/Vqw3ms	01ubs
20	2	2		אַבְרָהָ֛ם	85	HNp	01TwC
20	2	3		אֶל	413	HR	01Eio
20	2	4		שָׂרָ֥ה	8283	HNp	01tLC
20	2	5		אִשְׁתּ֖/וֹ	802	HNcfsc/Sp3ms	017Pm
20	2	6		אֲחֹ֣תִ/י	269	HNcfsc/Sp1cs	01CaG
20	2	7		הִ֑וא	1931	HPp3fs	011Ux
20	2	8		וַ/יִּשְׁלַ֗ח	c/7971	HC/Vqw3ms	01uTK
20	2	9		אֲבִימֶ֨לֶךְ֙	40	HNp	01RC9
20	2	10		מֶ֣לֶךְ	4428	HNcmsc	01chV
20	2	11		גְּרָ֔ר	1642	HNp	01p9U
20	2	12		וַ/יִּקַּ֖ח	c/3947	HC/Vqw3ms	01hWs
20	2	13		אֶת	853	HTo	01SiP
20	2	14		שָׂרָֽה	8283	HNp	01kzz
20	3	1		וַ/יָּבֹ֧א	c/935	HC/Vqw3ms	01G6H
20	3	2		אֱלֹהִ֛ים	430	HNcmpa	01e1Q
20	3	3		אֶל	413	HR	01wM8
20	3	4		אֲבִימֶ֖לֶךְ	40	HNp	01xaJ
20	3	5		בַּ/חֲל֣וֹם	b/2472	HR/Ncmsa	01M8s
20	3	6		הַ/לָּ֑יְלָה	d/3915	HTd/Ncmsa	01TuB
20	3	7		וַ/יֹּ֣אמֶר	c/559	HC/Vqw3ms	01h4J
20	3	8		ל֗/וֹ	l	HR/Sp3ms	01MMi
20	3	9		הִנְּ/ךָ֥	2009	HTm/Sp2ms	01g3H
20	3	10		מֵת֙	4191	HVqrmsa	01fBm
20	3	11		עַל	5921 a	HR	01uR2
20	3	12		הָ/אִשָּׁ֣ה	d/802	HTd/Ncfsa	01Z42
20	3	13		אֲשֶׁר	834 a	HTr	01feu
20	3	14		לָקַ֔חְתָּ	3947	HVqp2ms	01SCB
20	3	15		וְ/הִ֖וא	c/1931	HC/Pp3fs	012V8
20	3	16		בְּעֻ֥לַת	1166	HVqsfsc	01QjH
20	3	17		בָּֽעַל	1167	HNcmsa	016H5
20	4	1		וַ/אֲבִימֶ֕לֶךְ	c/40	HC/Np	01pdZ
20	4	2		לֹ֥א	3808	HTn	01UsU
20	4	3		קָרַ֖ב	7126	HVqp3ms	01AAw
20	4	4		אֵלֶ֑י/הָ	413	HR/Sp3fs	01rhN
20	4	5		וַ/יֹּאמַ֕ר	c/559	HC/Vqw3ms	01mL7
20	4	6		אֲדֹנָ֕/י	136	HNcmpc/Sp1cs	01Lfy
20	4	7		הֲ/ג֥וֹי	i/1471 a	HTi/Ncmsa	014Um
20	4	8		גַּם	1571	HTa	01Eu9
20	4	9		צַדִּ֖יק	6662	HAamsa	01VP9
20	4	10		תַּהֲרֹֽג	2026	HVqi2ms	01iXa
20	5	1		הֲ/לֹ֨א	i/3808	HTi/Tn	01tSV
20	5	2		ה֤וּא	1931	HPp3ms	014Lt
20	5	3		אָֽמַר	559	HVqp3ms	01pjx
20	5	4		לִ/י֙	l	HR/Sp1cs	01Kdb
20	5	5		אֲחֹ֣תִ/י	269	HNcfsc/Sp1cs	017GA
20	5	6		הִ֔וא	1931	HPp3fs	01UrQ
20	5	7		וְ/הִֽיא	c/1931	HC/Pp3fs	01oMw
20	5	8		גַם	1571	HD	017Ey
20	5	9		הִ֥וא	1931	HPp3fs	01sR9
20	5	10		אָֽמְרָ֖ה	559	HVqp3fs	01Upo
20	5	11		אָחִ֣/י	251	HNcmsc/Sp1cs	01tV7
20	5	12		ה֑וּא	1931	HPp3ms	01X4N
20	5	13		בְּ/תָם	b/8537	HR/Ncmsc	01BMP
20	5	14		לְבָבִ֛/י	3824	HNcmsc/Sp1cs	01XQZ
20	5	15		וּ/בְ/נִקְיֹ֥ן	c/b/5356 a	HC/R/Ncmsc	01AgV
20	5	16		כַּפַּ֖/י	3709	HNcfdc/Sp1cs	0142a
20	5	17		עָשִׂ֥יתִי	6213 a	HVqp1cs	011bX
20	5	18		זֹֽאת	2063	HPdxfs	01DmX
20	6	1		וַ/יֹּאמֶר֩	c/559	HC/Vqw3ms	01uSY
20	6	2		אֵלָ֨י/ו	413	HR/Sp3ms	01J6k
20	6	3		הָֽ/אֱלֹהִ֜ים	d/430	HTd/Ncmpa	01J8W
20	6	4		בַּ/חֲלֹ֗ם	b/2472	HR/Ncmsa	01q9y
20	6	5		גַּ֣ם	1571	HTa	01VHs
20	6	6		אָנֹכִ֤י	595	HPp1cs	01vXK
20	6	7		יָדַ֨עְתִּי֙	3045	HVqp1cs	01Fyg
20	6	8		כִּ֤י	3588 a	HC	01BF8
20	6	9		בְ/תָם	b/8537	HR/Ncmsc	016WH
20	6	10		לְבָבְ/ךָ֙	3824	HNcmsc/Sp2ms	01pnb
20	6	11		עָשִׂ֣יתָ	6213 a	HVqp2ms	018Sp
20	6	12		זֹּ֔את	2063	HPdxfs	01e6W
20	6	13		וָ/אֶחְשֹׂ֧ךְ	c/2820	HC/Vqw1cs	01X9H
20	6	14		גַּם	1571	HTa	01TGD
20	6	15		אָנֹכִ֛י	595	HPp1cs	01FoJ
20	6	16		אֽוֹתְ/ךָ֖	853	HTo/Sp2ms	015Ay
20	6	17		מֵ/חֲטוֹ	m/2398	HR/Vqc	01BSJ
20	6	18		לִ֑/י	l	HR/Sp1cs	01j9y
20	6	19		עַל	5921 a	HR	01FZn
20	6	20		כֵּ֥ן	3651 c	HTm	01HhN
20	6	21		לֹא	3808	HTn	01gtJ
20	6	22		נְתַתִּ֖י/ךָ	5414	HVqp1cs/Sp2ms	01ZC2
20	6	23		לִ/נְגֹּ֥עַ	l/5060	HR/Vqc	01h7b
20	6	24		אֵלֶֽי/הָ	413	HR/Sp3fs	01sWn
20	7	1		וְ/עַתָּ֗ה	c/6258	HC/D	01diL
20	7	2		הָשֵׁ֤ב	7725	HVhv2ms	01MzP
20	7	3		אֵֽשֶׁת	802	HNcfsc	01soR
20	7	4		הָ/אִישׁ֙	d/376	HTd/Ncmsa	01oJs
20	7	5		כִּֽי	3588 a	HC	01P7Z
20	7	6		נָבִ֣יא	5030	HNcmsa	01UMk
20	7	7		ה֔וּא	1931	HPp3ms	01yqU
20	7	8		וְ/יִתְפַּלֵּ֥ל	c/6419	HC/Vti3ms	01zhi
20	7	9		בַּֽעַדְ/ךָ֖	1157	HR/Sp2ms	01HwR
20	7	10		וֶֽ/חְיֵ֑ה	c/2421	HC/Vqv2ms	01vo1
20	7	11		וְ/אִם	c/518 a	HC/C	01jQT
20	7	12		אֵֽינְ/ךָ֣	369	HTn/Sp2ms	01hL8
20	7	13		מֵשִׁ֗יב	7725	HVhrmsa	01PSr
20	7	14		דַּ֚ע	3045	HVqv2ms	01A7A
20	7	15		כִּי	3588 a	HC	01Yn7
20	7	16		מ֣וֹת	4191	HVqa	01LGS
20	7	17		תָּמ֔וּת	4191	HVqi2ms	017gX
20	7	18		אַתָּ֖ה	859 a	HPp2ms	01uwj
20	7	19		וְ/כָל	c/3605	HC/Ncmsc	01jLM
20	7	20		אֲשֶׁר	834 a	HTr	01kdj
20	7	21		לָֽ/ךְ	l	HR/Sp2fs	01adQ
20	8	1		וַ/יַּשְׁכֵּ֨ם	c/7925	HC/Vhw3ms	014iK
20	8	2		אֲבִימֶ֜לֶךְ	40	HNp	01bj1
20	8	3		בַּ/בֹּ֗קֶר	b/1242	HRd/Ncmsa	01MWz
20	8	4		וַ/יִּקְרָא֙	c/7121	HC/Vqw3ms	01TaW
20	8	5		לְ/כָל	l/3605	HR/Ncmsc	01KZY
20	8	6		עֲבָדָ֔י/ו	5650	HNcmpc/Sp3ms	01moJ
20	8	7		וַ/יְדַבֵּ֛ר	c/1696	HC/Vpw3ms	01TJS
20	8	8		אֶת	853	HTo	01A6D
20	8	9		כָּל	3605	HNcmsc	01hwz
20	8	10		הַ/דְּבָרִ֥ים	d/1697	HTd/Ncmpa	01ZqD
20	8	11		הָ/אֵ֖לֶּה	d/428	HTd/Pdxcp	01p4s
20	8	12		בְּ/אָזְנֵי/הֶ֑ם	b/241	HR/Ncfdc/Sp3mp	01a92
20	8	13		וַ/יִּֽירְא֥וּ	c/3372	HC/Vqw3mp	01hmo
20	8	14		הָ/אֲנָשִׁ֖ים	d/376	HTd/Ncmpa	01wap
20	8	15		מְאֹֽד	3966	HD	01vyW
20	9	1		וַ/יִּקְרָ֨א	c/7121	HC/Vqw3ms	01qms
20	9	2		אֲבִימֶ֜לֶךְ	40	HNp	01RqS
20	9	3		לְ/אַבְרָהָ֗ם	l/85	HR/Np	01gaG
20	9	4		וַ/יֹּ֨אמֶר	c/559	HC/Vqw3ms	019eX
20	9	5		ל֜/וֹ	l	HR/Sp3ms	01yVb
20	9	6		מֶֽה	4100	HTi	013o4
20	9	7		עָשִׂ֤יתָ	6213 a	HVqp2ms	017ZM
20	9	8		לָּ֨/נוּ֙	l	HR/Sp1cp	01xJt
20	9	9		וּ/מֶֽה	c/4100	HC/Ti	01UR1
20	9	10		חָטָ֣אתִי	2398	HVqp1cs	012ps
20	9	11		לָ֔/ךְ	l	HR/Sp2fs	01DM4
20	9	12		כִּֽי	3588 a	HC	01XS5
20	9	13		הֵבֵ֧אתָ	935	HVhp2ms	0146A
20	9	14		עָלַ֛/י	5921 a	HR/Sp1cs	01SS8
20	9	15		וְ/עַל	c/5921 a	HC/R	01Ynk
20	9	16		מַמְלַכְתִּ֖/י	4467	HNcfsc/Sp1cs	012XA
20	9	17		חֲטָאָ֣ה	2401	HNcfsa	01K7p
20	9	18		גְדֹלָ֑ה	1419 a	HAafsa	01uM1
20	9	19		מַעֲשִׂים֙	4639	HNcmpa	019Xs
20	9	20		אֲשֶׁ֣ר	834 a	HTr	019Qh
20	9	21		לֹא	3808	HTn	01XmE
20	9	22		יֵֽעָשׂ֔וּ	6213 a	HVNi3mp	01uzM
20	9	23		עָשִׂ֖יתָ	6213 a	HVqp2ms	01XRp
20	9	24		עִמָּדִֽ/י	5978	HR/Sp1cs	01yp2
20	10	1		וַ/יֹּ֥אמֶר	c/559	HC/Vqw3ms	01DJM
20	10	2		אֲבִימֶ֖לֶךְ	40	HNp	01vQR
20	10	3		אֶל	413	HR	01cab
20	10	4		אַבְרָהָ֑ם	85	HNp	01A5y
20	10	5		מָ֣ה	4100	HTi	01BKA
20	10	6		רָאִ֔יתָ	7200	HVqp2ms	01B6D
20	10	7		כִּ֥י	3588 a	HC	01bx9
20	10	8		עָשִׂ֖יתָ	6213 a	HVqp2ms	01kw8
20	10	9		אֶת	853	HTo	01ugJ
20	10	10		הַ/דָּבָ֥ר	d/1697	HTd/Ncmsa	01oT3
20	10	11		הַ/זֶּֽה	d/2088	HTd/Pdxms	017n5
20	11	1		וַ/יֹּ֨אמֶר֙	c/559	HC/Vqw3ms	01zjF
20	11	2		אַבְרָהָ֔ם	85	HNp	012wq
20	11	3		כִּ֣י	3588 a	HC	01TKy
20	11	4		אָמַ֗רְתִּי	559	HVqp1cs	01Zvg
20	11	5		רַ֚ק	7535	HTa	01Xdn
20	11	6		אֵין	369	HTn	01ewY
20	11	7		יִרְאַ֣ת	3374	HNcfsc	01wyg
20	11	8		אֱלֹהִ֔ים	430	HNcmpa	01V4B
20	11	9		בַּ/מָּק֖וֹם	b/4725	HRd/Ncmsa	01Noa
20	11	10		הַ/זֶּ֑ה	d/2088	HTd/Pdxms	01gYC
20	11	11		וַ/הֲרָג֖וּ/נִי	c/2026	HC/Vqq3cp/Sp1cs	01QQa
20	11	12		עַל	5921 a	HR	01q6Z
20	11	13		דְּבַ֥ר	1697	HNcmsc	01ZLy
20	11	14		אִשְׁתִּֽ/י	802	HNcfsc/Sp1cs	01BzT
20	12	1		וְ/גַם	c/1571	HC/Ta	01TJK
20	12	2		אָמְנָ֗ה	546	HD	019kM
20	12	3		אֲחֹתִ֤/י	269	HNcfsc/Sp1cs	01ZPK
20	12	4		בַת	1323	HNcfsc	01Gh3
20	12	5		אָבִ/י֙	1	HNcmsc/Sp1cs	01SCi
20	12	6		הִ֔וא	1931	HPp3fs	018NS
20	12	7		אַ֖ךְ	389	HTa	01MPG
20	12	8		לֹ֣א	3808	HTn	01SXf
20	12	9		בַת	1323	HNcfsc	01cJc
20	12	10		אִמִּ֑/י	517	HNcfsc/Sp1cs	013Fn
20	12	11		וַ/תְּהִי	c/1961	HC/Vqw3fs	01eQR
20	12	12		לִ֖/י	l	HR/Sp1cs	01RFU
20	12	13		לְ/אִשָּֽׁה	l/802	HR/Ncfsa	01bpA
20	13	1		וַ/יְהִ֞י	c/1961	HC/Vqw3ms	01PmA
20	13	2		כַּ/אֲשֶׁ֧ר	k/834 d	HR/Tr	01nc7
20	13	3		הִתְע֣וּ	8582	HVhp3cp	018xD
20	13	4		אֹתִ֗/י	853	HTo/Sp1cs	01QjA
20	13	5		אֱלֹהִים֮	430	HNcmpa	01Wov
20	13	6		מִ/בֵּ֣ית	m/1004 b	HR/Ncmsc	01p1C
20	13	7		אָבִ/י֒	1	HNcmsc/Sp1cs	014eP
20	13	8		וָ/אֹמַ֣ר	c/559	HC/Vqw1cs	01dDU
20	13	9		לָ֔/הּ	l	HR/Sp3fs	01kxg
20	13	10		זֶ֣ה	2088	HPdxms	01H7a
20	13	11		חַסְדֵּ֔/ךְ	2617 a	HNcmsc/Sp2fs	01fjj
20	13	12		אֲשֶׁ֥ר	834 a	HTr	01KgW
20	13	13		תַּעֲשִׂ֖י	6213 a	HVqi2fs	01kLe
20	13	14		עִמָּדִ֑/י	5978	HR/Sp1cs	01uDV
20	13	15		אֶ֤ל	413	HR	01pK1
20	13	16		כָּל	3605	HNcmsc	0164b
20	13	17		הַ/מָּקוֹם֙	d/4725	HTd/Ncmsa	01QEA
20	13	18		אֲשֶׁ֣ר	834 a	HTr	01Wni
20	13	19		נָב֣וֹא	935	HVqi1cp	01GKY
20	13	20		שָׁ֔מָּ/ה	8033	HD/Sd	016E7
20	13	21		אִמְרִי	559	HVqv2fs	01TuK
20	13	22		לִ֖/י	l	HR/Sp1cs	01i6E
20	13	23		אָחִ֥/י	251	HNcmsc/Sp1cs	01awb
20	13	24		הֽוּא	1931	HPp3ms	01h2S
20	14	1		וַ/יִּקַּ֨ח	c/3947	HC/Vqw3ms	0127e
20	14	2		אֲבִימֶ֜לֶךְ	40	HNp	01sak
20	14	3		צֹ֣אן	6629	HNcbsa	01wGN
20	14	4		וּ/בָקָ֗ר	c/1241	HC/Ncbsa	01RFf
20	14	5		וַ/עֲבָדִים֙	c/5650	HC/Ncmpa	01RrN
20	14	6		וּ/שְׁפָחֹ֔ת	c/8198	HC/Ncfpa	01FyN
20	14	7		וַ/יִּתֵּ֖ן	c/5414	HC/Vqw3ms	01Sg8
20	14	8		לְ/אַבְרָהָ֑ם	l/85	HR/Np	01c8R
20	14	9		וַ/יָּ֣שֶׁב	c/7725	HC/Vhw3ms	01vBx
20	14	10		ל֔/וֹ	l	HR/Sp3ms	01JJb
20	14	11		אֵ֖ת	853	HTo	01bNi
20	14	12		שָׂרָ֥ה	8283	HNp	01CxL
20	14	13		אִשְׁתּֽ/וֹ	802	HNcfsc/Sp3ms	0128i
20	15	1		וַ/יֹּ֣אמֶר	c/559	HC/Vqw3ms	01nDC
20	15	2		אֲבִימֶ֔לֶךְ	40	HNp	015Fi
20	15	3		הִנֵּ֥ה	2009	HTm	01hhf
20	15	4		אַרְצִ֖/י	776	HNcbsc/Sp1cs	01ZDv
20	15	5		לְ/פָנֶ֑י/ךָ	l/6440	HR/Ncbpc/Sp2ms	01txZ
20	15	6		בַּ/טּ֥וֹב	b/2896 a	HRd/Aamsa	01XQ4
20	15	7		בְּ/עֵינֶ֖י/ךָ	b/5869 a	HR/Ncbdc/Sp2ms	01kdH
20	15	8		שֵֽׁב	3427	HVqv2ms	011eg
20	16	1		וּ/לְ/שָׂרָ֣ה	c/l/8283	HC/R/Np	01rkQ
20	16	2		אָמַ֗ר	559	HVqp3ms	01mc9
20	16	3		הִנֵּ֨ה	2009	HTm	01AEf
20	16	4		נָתַ֜תִּי	5414	HVqp1cs	01xhg
20	16	5		אֶ֤לֶף	505	HAcbsa	01PdT
20	16	6		כֶּ֨סֶף֙	3701	HNcmsa	01VCX
20	16	7		לְ/אָחִ֔י/ךְ	l/251	HR/Ncmsc/Sp2fs	01UQS
20	16	8		הִנֵּ֤ה	2009	HTm	01o3z
20	16	9		הוּא	1931	HPp3ms	01nTn
20	16	10		לָ/ךְ֙	l	HR/Sp2fs	01qNT
20	16	11		כְּס֣וּת	3682	HNcfsc	01K7g
20	16	12		עֵינַ֔יִם	5869 a	HNcbda	013up
20	16	13		לְ/כֹ֖ל	l/3605	HR/Ncmsa	01BXk
20	16	14		אֲשֶׁ֣ר	834 a	HTr	01Aab
20	16	15		אִתָּ֑/ךְ	854	HR/Sp2fs	01KR4
20	16	16		וְ/אֵ֥ת	c/853	HC/To	01LRP
20	16	17		כֹּ֖ל	3605	HNcmsa	01Cx2
20	16	18		וְ/נֹכָֽחַת	c/3198	HC/VNrfsa	018nk
20	17	1		וַ/יִּתְפַּלֵּ֥ל	c/6419	HC/Vtw3ms	01qNH
20	17	2		אַבְרָהָ֖ם	85	HNp	01oFf
20	17	3		אֶל	413	HR	01wN9
20	17	4		הָ/אֱלֹהִ֑ים	d/430	HTd/Ncmpa	01Thc
20	17	5		וַ/יִּרְפָּ֨א	c/7495	HC/Vqw3ms	019iL
20	17	6		אֱלֹהִ֜ים	430	HNcmpa	012si
20	17	7		אֶת	853	HTo	01e2d
20	17	8		אֲבִימֶ֧לֶךְ	40	HNp	01N3B
20	17	9		וְ/אֶת	c/853	HC/To	01k8w
20	17	10		אִשְׁתּ֛/וֹ	802	HNcfsc/Sp3ms	01Jo5
20	17	11		וְ/אַמְהֹתָ֖י/ו	c/519	HC/Ncfpc/Sp3ms	01vsG
20	17	12		וַ/יֵּלֵֽדוּ	c/3205	HC/Vqw3mp	01cQX
20	18	1		כִּֽי	3588 a	HC	01dSa
20	18	2		עָצֹ֤ר	6113	HVqa	01mJB
20	18	3		עָצַר֙	6113	HVqp3ms	012J5
20	18	4		יְהוָ֔ה	3068	HNp	01jmo
20	18	5		בְּעַ֥ד	1157	HR	01wTD
20	18	6		כָּל	3605	HNcmsc	01opn
20	18	7		רֶ֖חֶם	7358	HNcmsa	01PWA
20	18	8		לְ/בֵ֣ית	l/1004 b	HR/Ncmsc	01wQ5
20	18	9		אֲבִימֶ֑לֶךְ	40	HNp	01tNN
20	18	10		עַל	5921 a	HR	015Eg
20	18	11		דְּבַ֥ר	1697	HNcmsc	01z7h
20	18	12		שָׂרָ֖ה	8283	HNp	01YUB
20	18	13		אֵ֥שֶׁת	802	HNcfsc	01iFz
20	18	14		אַבְרָהָֽם	85	HNp	01ZxT
21	1	1		וַֽ/יהוָ֛ה	c/3068	HC/Np	01vGq
21	1	2		פָּקַ֥ד	6485 a	HVqp3ms	01n94
21	1	3		אֶת	853	HTo	01Jbo
21	1	4		שָׂרָ֖ה	8283	HNp	01Jem
21	1	5		כַּ/אֲשֶׁ֣ר	k/834 d	HR/Tr	01wE2
21	1	6		אָמָ֑ר	559	HVqp3ms	01S6s
21	1	7		וַ/יַּ֧עַשׂ	c/6213 a	HC/Vqw3ms	01Cn1
21	1	8		יְהוָ֛ה	3068	HNp	01KtS
21	1	9		לְ/שָׂרָ֖ה	l/8283	HR/Np	01E8Y
21	1	10		כַּ/אֲשֶׁ֥ר	k/834 d	HR/Tr	01ugs
21	1	11		דִּבֵּֽר	1696	HVpp3ms	01GYh
21	2	1		וַ/תַּהַר֩	c/2029	HC/Vqw3fs	01ftp
21	2	2		וַ/תֵּ֨לֶד	c/3205	HC/Vqw3fs	0191N
21	2	3		שָׂרָ֧ה	8283	HNp	01tsr
21	2	4		לְ/אַבְרָהָ֛ם	l/85	HR/Np	011N3
21	2	5		בֵּ֖ן	1121 a	HNcmsa	01LSS
21	2	6		לִ/זְקֻנָ֑י/ו	l/2208	HR/Ncmpc/Sp3ms	01Vya
21	2	7		לַ/מּוֹעֵ֕ד	l/4150	HRd/Ncmsa	01h6D
21	2	8		אֲשֶׁר	834 a	HTr	01na2
21	2	9		דִּבֶּ֥ר	1696	HVpp3ms	01YS9
21	2	10		אֹת֖/וֹ	853	HTo/Sp3ms	01X37
21	2	11		אֱלֹהִֽים	430	HNcmpa	01eaF
21	3	1		וַ/יִּקְרָ֨א	c/7121	HC/Vqw3ms	0113E
21	3	2		אַבְרָהָ֜ם	85	HNp	01jXA
21	3	3		אֶֽת	853	HTo	014KF
21	3	4		שֶׁם	8034	HNcmsc	01MSd
21	3	5		בְּנ֧/וֹ	1121 a	HNcmsc/Sp3ms	01J4L
21	3	6		הַ/נּֽוֹלַד	d/3205	HTd/VNp3ms	01Qq5
21	3	7		ל֛/וֹ	l	HR/Sp3ms	01sC8
21	3	8		אֲשֶׁר	834 a	HTr	01nHM
21	3	9		יָלְדָה	3205	HVqp3fs	01Cyg
21	3	10		לּ֥/וֹ	l	HR/Sp3ms	01tYe
21	3	11		שָׂרָ֖ה	8283	HNp	01uk3
21	3	12		יִצְחָֽק	3327	HNp	01DWE
21	4	1		וַ/יָּ֤מָל	c/4135 a	HC/Vqw3ms	01xSK
21	4	2		אַבְרָהָם֙	85	HNp	012gY
21	4	3		אֶת	853	HTo	01c69
21	4	4		יִצְחָ֣ק	3327	HNp	01yGC
21	4	5		בְּנ֔/וֹ	1121 a	HNcmsc/Sp3ms	01qSK
21	4	6		בֶּן	1121 a	HNcmsc	01afN
21	4	7		שְׁמֹנַ֖ת	8083	HAcmsc	01URv
21	4	8		יָמִ֑ים	3117	HNcmpa	017xX
21	4	9		כַּ/אֲשֶׁ֛ר	k/834 d	HR/Tr	01oAZ
21	4	10		צִוָּ֥ה	6680	HVpp3ms	01Fof
21	4	11		אֹת֖/וֹ	853	HTo/Sp3ms	01sYs
21	4	12		אֱלֹהִֽים	430	HNcmpa	01kHd
21	5	1		וְ/אַבְרָהָ֖ם	c/85	HC/Np	01uF9
21	5	2		בֶּן	1121 a	HNcmsc	01omp
21	5	3		מְאַ֣ת	3967	HAcfsc	01N5F
21	5	4		שָׁנָ֑ה	8141	HNcfsa	01Zmp
21	5	5		בְּ/הִוָּ֣לֶד	b/3205	HR/VNc	01FFZ
21	5	6		ל֔/וֹ	l	HR/Sp3ms	01zfi
21	5	7		אֵ֖ת	853	HTo	01eh8
21	5	8		יִצְחָ֥ק	3327	HNp	01Ded
21	5	9		בְּנֽ/וֹ	1121 a	HNcmsc/Sp3ms	01nTB
21	6	1		וַ/תֹּ֣אמֶר	c/559	HC/Vqw3fs	01Njh
21	6	2		שָׂרָ֔ה	8283	HNp	01F1o
21	6	3		צְחֹ֕ק	6712	HNcmsa	01SBw
21	6	4		עָ֥שָׂה	6213 a	HVqp3ms	01imY
21	6	5		לִ֖/י	l	HR/Sp1cs	01EFd
21	6	6		אֱלֹהִ֑ים	430	HNcmpa	01anA
21	6	7		כָּל	3605	HNcmsc	01rk4
21	6	8		הַ/שֹּׁמֵ֖עַ	d/8085	HTd/Vqrmsa	01iG5
21	6	9		יִֽצְחַק	6711	HVqi3ms	016id
21	6	10		לִֽ/י	l	HR/Sp1cs	01Nbz
21	7	1		וַ/תֹּ֗אמֶר	c/559	HC/Vqw3fs	01Dh7
21	7	2		מִ֤י	4310	HTi	01M6f
21	7	3		מִלֵּל֙	4448 a	HVpp3ms	01rpM
21	7	4		לְ/אַבְרָהָ֔ם	l/85	HR/Np	01GYX
21	7	5		הֵינִ֥יקָה	3243	HVhp3fs	01mHQ
21	7	6		בָנִ֖ים	1121 a	HNcmpa	01Q6S
21	7	7		שָׂרָ֑ה	8283	HNp	012UC
21	7	8		כִּֽי	3588 a	HC	01jkK
21	7	9		יָלַ֥דְתִּי	3205	HVqp1cs	01Xn7
21	7	10		בֵ֖ן	1121 a	HNcmsa	012xh
21	7	11		לִ/זְקֻנָֽי/ו	l/2208	HR/Ncmpc/Sp3ms	01CSf
21	8	1		וַ/יִּגְדַּ֥ל	c/1431	HC/Vqw3ms	01vz3
21	8	2		הַ/יֶּ֖לֶד	d/3206	HTd/Ncmsa	01uJ5
21	8	3		וַ/יִּגָּמַ֑ל	c/1580	HC/VNw3ms	01DkJ
21	8	4		וַ/יַּ֤עַשׂ	c/6213 a	HC/Vqw3ms	01tHJ
21	8	5		אַבְרָהָם֙	85	HNp	01bUa
21	8	6		מִשְׁתֶּ֣ה	4960	HNcmsa	01L1P
21	8	7		גָד֔וֹל	1419 a	HAamsa	01fz2
21	8	8		בְּ/י֖וֹם	b/3117	HR/Ncmsc	01cSL
21	8	9		הִגָּמֵ֥ל	1580	HVNc	01NCu
21	8	10		אֶת	853	HTo	01Jty
21	8	11		יִצְחָֽק	3327	HNp	01VA7
21	9	1		וַ/תֵּ֨רֶא	c/7200	HC/Vqw3fs	01zaC
21	9	2		שָׂרָ֜ה	8283	HNp	01cd3
21	9	3		אֶֽת	853	HTo	01L4J
21	9	4		בֶּן	1121 a	HNcmsc	012q5
21	9	5		הָגָ֧ר	1904	HNp	01UVp
21	9	6		הַ/מִּצְרִ֛ית	d/4713	HTd/Ngfsa	01SeE
21	9	7		אֲשֶׁר	834 a	HTr	0153z
21	9	8		יָלְדָ֥ה	3205	HVqp3fs	01uUZ
21	9	9		לְ/אַבְרָהָ֖ם	l/85	HR/Np	015WT
21	9	10		מְצַחֵֽק	6711	HVprmsa	016vQ
21	10	1		וַ/תֹּ֨אמֶר֙	c/559	HC/Vqw3fs	01GZQ
21	10	2		לְ/אַבְרָהָ֔ם	l/85	HR/Np	01T81
21	10	3		גָּרֵ֛שׁ	1644	HVpv2ms	016mf
21	10	4		הָ/אָמָ֥ה	d/519	HTd/Ncfsa	01mfQ
21	10	5		הַ/זֹּ֖את	d/2063	HTd/Pdxfs	01DE4
21	10	6		וְ/אֶת	c/853	HC/To	01GHd
21	10	7		בְּנָ֑/הּ	1121 a	HNcmsc/Sp3fs	01CbA
21	10	8		כִּ֣י	3588 a	HC	01KAe
21	10	9		לֹ֤א	3808	HTn	01Qvc
21	10	10		יִירַשׁ֙	3423	HVqi3ms	01sjF
21	10	11		בֶּן	1121 a	HNcmsc	01rmr
21	10	12		הָ/אָמָ֣ה	d/519	HTd/Ncfsa	01Psc
21	10	13		הַ/זֹּ֔את	d/2063	HTd/Pdxfs	01Ab6
21	10	14		עִם	5973 a	HR	011TR
21	10	15		בְּנִ֖/י	1121 a	HNcmsc/Sp1cs	01u5H
21	10	16		עִם	5973 a	HR	01MQc
21	10	17		יִצְחָֽק	3327	HNp	01Wfn
21	11	1		וַ/יֵּ֧רַע	c/7489 a	HC/Vqw3ms	01d4o
21	11	2		הַ/דָּבָ֛ר	d/1697	HTd/Ncmsa	01ATh
21	11	3		מְאֹ֖ד	3966	HD	01iSY
21	11	4		בְּ/עֵינֵ֣י	b/5869 a	HR/Ncbdc	01DkE
21	11	5		אַבְרָהָ֑ם	85	HNp	01nMZ
21	11	6		עַ֖ל	5921 a	HR	014iz
21	11	7		אוֹדֹ֥ת	182	HNcfpc	01qd4
21	11	8		בְּנֽ/וֹ	1121 a	HNcmsc/Sp3ms	01nru
21	12	1		וַ/יֹּ֨אמֶר	c/559	HC/Vqw3ms	01Pxa
21	12	2		אֱלֹהִ֜ים	430	HNcmpa	01bkq
21	12	3		אֶל	413	HR	01HHt
21	12	4		אַבְרָהָ֗ם	85	HNp	01q1a
21	12	5		אַל	408	HTn	01o7T
21	12	6		יֵרַ֤ע	7489 a	HVqj3ms	018B7
21	12	7		בְּ/עֵינֶ֨י/ךָ֙	b/5869 a	HR/Ncbdc/Sp2ms	01e4G
21	12	8		עַל	5921 a	HR	01UMb
21	12	9		הַ/נַּ֣עַר	d/5288	HTd/Ncmsa	01sBg
21	12	10		וְ/עַל	c/5921 a	HC/R	01mtF
21	12	11		אֲמָתֶ֔/ךָ	519	HNcfsc/Sp2ms	01saW
21	12	12		כֹּל֩	3605	HNcmsc	01s5y
21	12	13		אֲשֶׁ֨ר	834 a	HTr	01Ccr
21	12	14		תֹּאמַ֥ר	559	HVqi3fs	01Q6y
21	12	15		אֵלֶ֛י/ךָ	413	HR/Sp2ms	01F3m
21	12	16		שָׂרָ֖ה	8283	HNp	01Qnx
21	12	17		שְׁמַ֣ע	8085	HVqv2ms	014CQ
21	12	18		בְּ/קֹלָ֑/הּ	b/6963 a	HR/Ncmsc/Sp3fs	01BgX
21	12	19		כִּ֣י	3588 a	HC	01i2o
21	12	20		בְ/יִצְחָ֔ק	b/3327	HR/Np	01oyG
21	12	21		יִקָּרֵ֥א	7121	HVNi3ms	012nn
21	12	22		לְ/ךָ֖	l	HR/Sp2ms	01nqZ
21	12	23		זָֽרַע	2233	HNcmsa	01xBh
21	13	1		וְ/גַ֥ם	c/1571	HC/Ta	016MB
21	13	2		אֶת	853	HTo	01fQv
21	13	3		בֶּן	1121 a	HNcmsc	01Dvr
21	13	4		הָ/אָמָ֖ה	d/519	HTd/Ncfsa	01tYy
21	13	5		לְ/ג֣וֹי	l/1471 a	HR/Ncmsa	01Zje
21	13	6		אֲשִׂימֶ֑/נּוּ	7760 a	HVqi1cs/Sp3ms	014VK
21	13	7		כִּ֥י	3588 a	HC	01M3S
21	13	8		זַרְעֲ/ךָ֖	2233	HNcmsc/Sp2ms	01nqN
21	13	9		הֽוּא	1931	HPp3ms	01dMv
21	14	1		וַ/יַּשְׁכֵּ֣ם	c/7925	HC/Vhw3ms	012HZ
21	14	2		אַבְרָהָ֣ם	85	HNp	013Fv
21	14	3		בַּ/בֹּ֡קֶר	b/1242	HRd/Ncmsa	017bG
21	14	4		וַ/יִּֽקַּֽח	c/3947	HC/Vqw3ms	01yr8
21	14	5		לֶחֶם֩	3899	HNcbsa	01Q4E
21	14	6		וְ/חֵ֨מַת	c/2573	HC/Ncfsc	01EKG
21	14	7		מַ֜יִם	4325	HNcmpa	015cJ
21	14	8		וַ/יִּתֵּ֣ן	c/5414	HC/Vqw3ms	01yrN
21	14	9		אֶל	413	HR	01SNL
21	14	10		הָ֠גָר	1904	HNp	01xBx
21	14	11		שָׂ֧ם	7760 a	HVqrmsa	014M4
21	14	12		עַל	5921 a	HR	01rdY
21	14	13		שִׁכְמָ֛/הּ	7926	HNcmsc/Sp3fs	01ktS
21	14	14		וְ/אֶת	c/853	HC/To	01T7P
21	14	15		הַ/יֶּ֖לֶד	d/3206	HTd/Ncmsa	01Snb
21	14	16		וַֽ/יְשַׁלְּחֶ֑/הָ	c/7971	HC/Vpw3ms/Sp3fs	015Ln
21	14	17		וַ/תֵּ֣לֶךְ	c/3212	HC/Vqw3fs	01uoT
21	14	18		וַ/תֵּ֔תַע	c/8582	HC/Vqw3fs	01x2u
21	14	19		בְּ/מִדְבַּ֖ר	b/4057 b	HR/Ncmsc	01hib
21	14	20		בְּאֵ֥ר	884+	HNp	01RnE
21	14	21		שָֽׁבַע	884	HNp	01oQP
21	15	1		וַ/יִּכְל֥וּ	c/3615	HC/Vqw3mp	01MWb
21	15	2		הַ/מַּ֖יִם	d/4325	HTd/Ncmpa	01G4R
21	15	3		מִן	4480 a	HR	01b15
21	15	4		הַ/חֵ֑מֶת	d/2573	HTd/Ncfsa	01Xye
21	15	5		וַ/תַּשְׁלֵ֣ךְ	c/7993	HC/Vhw3fs	01meh
21	15	6		אֶת	853	HTo	01Uxw
21	15	7		הַ/יֶּ֔לֶד	d/3206	HTd/Ncmsa	01jYS
21	15	8		תַּ֖חַת	8478	HR	01S6n
21	15	9		אַחַ֥ד	259	HAcmsa	01CZt
21	15	10		הַ/שִּׂיחִֽם	d/7880	HTd/Ncmpa	01ZFR
21	16	1		וַ/תֵּלֶךְ֩	c/3212	HC/Vqw3fs	01te8
21	16	2		וַ/תֵּ֨שֶׁב	c/3427	HC/Vqw3fs	01V7Q
21	16	3		לָ֜/הּ	l	HR/Sp3fs	01LQP
21	16	4		מִ/נֶּ֗גֶד	m/5048	HR/R	01aiP
21	16	5		הַרְחֵק֙	7368	HVha	01QFp
21	16	6		כִּ/מְטַחֲוֵ֣י	k/2909	HR/Vkrmpc	01TJ7
21	16	7		קֶ֔שֶׁת	7198	HNcfsa	015YU
21	16	8		כִּ֣י	3588 a	HC	01W6q
21	16	9		אָֽמְרָ֔ה	559	HVqp3fs	012XS
21	16	10		אַל	408	HTn	01dMu
21	16	11		אֶרְאֶ֖ה	7200	HVqh1cs	016Rv
21	16	12		בְּ/מ֣וֹת	b/4194	HR/Ncmsc	01Suh
21	16	13		הַ/יָּ֑לֶד	d/3206	HTd/Ncmsa	01GJe
21	16	14		וַ/תֵּ֣שֶׁב	c/3427	HC/Vqw3fs	01XKM
21	16	15		מִ/נֶּ֔גֶד	m/5048	HR/R	01KTE
21	16	16		וַ/תִּשָּׂ֥א	c/5375	HC/Vqw3fs	01JAR
21	16	17		אֶת	853	HTo	01Fuj
21	16	18		קֹלָ֖/הּ	6963 a	HNcmsc/Sp3fs	016ni
21	16	19		וַ/תֵּֽבְךְּ	c/1058	HC/Vqw3fs	01Txv
21	17	1		וַ/יִּשְׁמַ֣ע	c/8085	HC/Vqw3ms	01fYi
21	17	2		אֱלֹהִים֮	430	HNcmpa	01rqP
21	17	3		אֶת	853	HTo	01r7x
21	17	4		ק֣וֹל	6963 a	HNcmsc	01K4Y
21	17	5		הַ/נַּעַר֒	d/5288	HTd/Ncmsa	01mRC
21	17	6		וַ/יִּקְרָא֩	c/7121	HC/Vqw3ms	01ekW
21	17	7		מַלְאַ֨ךְ	4397	HNcmsc	01TdN
21	17	8		אֱלֹהִ֤ים	430	HNcmpa	01b8z
21	17	9		אֶל	413	HR	01C3m
21	17	10		הָגָר֙	1904	HNp	01dM6
21	17	11		מִן	4480 a	HR	01YiE
21	17	12		הַ/שָּׁמַ֔יִם	d/8064	HTd/Ncmpa	01ysi
21	17	13		וַ/יֹּ֥אמֶר	c/559	HC/Vqw3ms	019hE
21	17	14		לָ֖/הּ	l	HR/Sp3fs	01BLQ
21	17	15		מַה	4100	HTi	01cxB
21	17	16		לָּ֣/ךְ	l	HR/Sp2fs	01vpM
21	17	17		הָגָ֑ר	1904	HNp	0177U
21	17	18		אַל	408	HTn	01soC
21	17	19		תִּ֣ירְאִ֔י	3372	HVqj2fs	01KuJ
21	17	20		כִּֽי	3588 a	HC	01Bms
21	17	21		שָׁמַ֧ע	8085	HVqp3ms	01Yx3
21	17	22		אֱלֹהִ֛ים	430	HNcmpa	01M8R
21	17	23		אֶל	413	HR	01sKN
21	17	24		ק֥וֹל	6963 a	HNcmsc	01rif
21	17	25		הַ/נַּ֖עַר	d/5288	HTd/Ncmsa	01N8y
21	17	26		בַּ/אֲשֶׁ֥ר	b/834 b	HR/Tr	016Mt
21	17	27		הוּא	1931	HPp3ms	01GDp
21	17	28		שָֽׁם	8033	HD	01vom
21	18	1		ק֚וּמִי	6965 b	HVqv2fs	01oMx
21	18	2		שְׂאִ֣י	5375	HVqv2fs	01Gmc
21	18	3		אֶת	853	HTo	01Foo
21	18	4		הַ/נַּ֔עַר	d/5288	HTd/Ncmsa	01yqJ
21	18	5		וְ/הַחֲזִ֥יקִי	c/2388	HC/Vhv2fs	01mjf
21	18	6		אֶת	853	HTo	011pQ
21	18	7		יָדֵ֖/ךְ	3027	HNcbsc/Sp2fs	01wkA
21	18	8		בּ֑/וֹ	b	HR/Sp3ms	01HpE
21	18	9		כִּֽי	3588 a	HC	01QRf
21	18	10		לְ/ג֥וֹי	l/1471 a	HR/Ncmsa	01Ywy
21	18	11		גָּד֖וֹל	1419 a	HAamsa	01oei
21	18	12		אֲשִׂימֶֽ/נּוּ	7760 a	HVqi1cs/Sp3ms	01AmM
21	19	1		וַ/יִּפְקַ֤ח	c/6491	HC/Vqw3ms	01LQY
21	19	2		אֱלֹהִים֙	430	HNcmpa	016XT
21	19	3		אֶת	853	HTo	01cNh
21	19	4		עֵינֶ֔י/הָ	5869 a	HNcbdc/Sp3fs	01tUA
21	19	5		וַ/תֵּ֖רֶא	c/7200	HC/Vqw3fs	01EwY
21	19	6		בְּאֵ֣ר	875	HNcfsc	01yE6
21	19	7		מָ֑יִם	4325	HNcmpa	01bJR
21	19	8		וַ/תֵּ֜לֶךְ	c/3212	HC/Vqw3fs	016kx
21	19	9		וַ/תְּמַלֵּ֤א	c/4390	HC/Vpw3fs	01jXc
21	19	10		אֶת	853	HTo	01YZS
21	19	11		הַ/חֵ֨מֶת֙	d/2573	HTd/Ncfsa	01v51
21	19	12		מַ֔יִם	4325	HNcmpa	012Q9
21	19	13		וַ/תַּ֖שְׁקְ	c/8248	HC/Vhw3fs	015Zv
21	19	14		אֶת	853	HTo	012n8
21	19	15		הַ/נָּֽעַר	d/5288	HTd/Ncmsa	01XMf
21	20	1		וַ/יְהִ֧י	c/1961	HC/Vqw3ms	01vjy
21	20	2		אֱלֹהִ֛ים	430	HNcmpa	0176d
21	20	3		אֶת	854	HR	015wy
21	20	4		הַ/נַּ֖עַר	d/5288	HTd/Ncmsa	01Sfp
21	20	5		וַ/יִּגְדָּ֑ל	c/1431	HC/Vqw3ms	01w2M
21	20	6		וַ/יֵּ֨שֶׁב֙	c/3427	HC/Vqw3ms	01N4i
21	20	7		בַּ/מִּדְבָּ֔ר	b/4057 b	HRd/Ncmsa	0119Y
21	20	8		וַ/יְהִ֖י	c/1961	HC/Vqw3ms	019mG
21	20	9		רֹבֶ֥ה	7235 b	HVqrmsc	01a7q
21	20	10		קַשָּֽׁת	7199	HNcmsa	01cvq
21	21	1		וַ/יֵּ֖שֶׁב	c/3427	HC/Vqw3ms	01rxp
21	21	2		בְּ/מִדְבַּ֣ר	b/4057 b	HR/Ncmsc	01wPK
21	21	3		פָּארָ֑ן	6290	HNp	01fvj
21	21	4		וַ/תִּֽקַּֽח	c/3947	HC/Vqw3fs	01w3p
21	21	5		ל֥/וֹ	l	HR/Sp3ms	01Wk4
21	21	6		אִמּ֛/וֹ	517	HNcfsc/Sp3ms	01Axf
21	21	7		אִשָּׁ֖ה	802	HNcfsa	01puY
21	21	8		מֵ/אֶ֥רֶץ	m/776	HR/Ncbsc	013Fa
21	21	9		מִצְרָֽיִם	4714	HNp	01PGg
21	22	1		וַֽ/יְהִי֙	c/1961	HC/Vqw3ms	01fPg
21	22	2		בָּ/עֵ֣ת	b/6256	HRd/Ncbsa	01PNH
21	22	3		הַ/הִ֔וא	d/1931	HTd/Pp3fs	01u5F
21	22	4		וַ/יֹּ֣אמֶר	c/559	HC/Vqw3ms	01czP
21	22	5		אֲבִימֶ֗לֶךְ	40	HNp	01ktp
21	22	6		וּ/פִיכֹל֙	c/6369	HC/Np	01zBm
21	22	7		שַׂר	8269	HNcmsc	01DPD
21	22	8		צְבָא֔/וֹ	6635 a	HNcbsc/Sp3ms	01KfD
21	22	9		אֶל	413	HR	014D8
21	22	10		אַבְרָהָ֖ם	85	HNp	01h9p
21	22	11		לֵ/אמֹ֑ר	l/559	HR/Vqc	01ofC
21	22	12		אֱלֹהִ֣ים	430	HNcmpa	01qYG
21	22	13		עִמְּ/ךָ֔	5973 a	HR/Sp2ms	01k3C
21	22	14		בְּ/כֹ֥ל	b/3605	HR/Ncmsa	0144D
21	22	15		אֲשֶׁר	834 a	HTr	01JuG
21	22	16		אַתָּ֖ה	859 a	HPp2ms	01Std
21	22	17		עֹשֶֽׂה	6213 a	HVqrmsa	01V7p
21	23	1		וְ/עַתָּ֗ה	c/6258	HC/D	01sEg
21	23	2		הִשָּׁ֨בְעָ/ה	7650	HVNv2ms/Sh	01qYw
21	23	3		לִּ֤/י	l	HR/Sp1cs	01gBf
21	23	4		בֵֽ/אלֹהִים֙	b/430	HR/Ncmpa	01Uoj
21	23	5		הֵ֔נָּה	2008	HD	01LLg
21	23	6		אִם	518 a	HC	01pyP
21	23	7		תִּשְׁקֹ֣ר	8266	HVqi2ms	01Eyr
21	23	8		לִ֔/י	l	HR/Sp1cs	01g2a
21	23	9		וּ/לְ/נִינִ֖/י	c/l/5209	HC/R/Ncmsc/Sp1cs	013Lw
21	23	10		וּ/לְ/נֶכְדִּ֑/י	c/l/5220	HC/R/Ncmsc/Sp1cs	01YMk
21	23	11		כַּ/חֶ֜סֶד	k/2617 a	HRd/Ncmsa	01wTg
21	23	12		אֲשֶׁר	834 a	HTr	01csp
21	23	13		עָשִׂ֤יתִי	6213 a	HVqp1cs	01573
21	23	14		עִמְּ/ךָ֙	5973 a	HR/Sp2ms	01xK6
21	23	15		תַּעֲשֶׂ֣ה	6213 a	HVqi2ms	01YnE
21	23	16		עִמָּדִ֔/י	5978	HR/Sp1cs	01HbH
21	23	17		וְ/עִם	c/5973 a	HC/R	01eZp
21	23	18		הָ/אָ֖רֶץ	d/776	HTd/Ncbsa	01ZC6
21	23	19		אֲשֶׁר	834 a	HTr	01bR3
21	23	20		גַּ֥רְתָּה	1481 a	HVqp2ms	01sVc
21	23	21		בָּֽ/הּ	b	HR/Sp3fs	013cA
21	24	1		וַ/יֹּ֨אמֶר֙	c/559	HC/Vqw3ms	01SNK
21	24	2		אַבְרָהָ֔ם	85	HNp	01cHp
21	24	3		אָנֹכִ֖י	595	HPp1cs	01uat
21	24	4		אִשָּׁבֵֽעַ	7650	HVNi1cs	01oHU
21	25	1		וְ/הוֹכִ֥חַ	c/3198	HC/Vhp3ms	018Rs
21	25	2		אַבְרָהָ֖ם	85	HNp	01H3i
21	25	3		אֶת	853	HTo	016TM
21	25	4		אֲבִימֶ֑לֶךְ	40	HNp	01hob
21	25	5		עַל	5921 a	HR	01BWa
21	25	6		אֹדוֹת֙	182	HNcfpc	01kxc
21	25	7		בְּאֵ֣ר	875	HNcfsc	015bN
21	25	8		הַ/מַּ֔יִם	d/4325	HTd/Ncmpa	01Djm
21	25	9		אֲשֶׁ֥ר	834 a	HTr	01Qy5
21	25	10		גָּזְל֖וּ	1497	HVqp3cp	019mQ
21	25	11		עַבְדֵ֥י	5650	HNcmpc	01Lyh
21	25	12		אֲבִימֶֽלֶךְ	40	HNp	01jPZ
21	26	1		וַ/יֹּ֣אמֶר	c/559	HC/Vqw3ms	01gKU
21	26	2		אֲבִימֶ֔לֶךְ	40	HNp	01ErM
21	26	3		לֹ֣א	3808	HTn	01p8S
21	26	4		יָדַ֔עְתִּי	3045	HVqp1cs	01sub
21	26	5		מִ֥י	4310	HTi	01nQZ
21	26	6		עָשָׂ֖ה	6213 a	HVqp3ms	01iuA
21	26	7		אֶת	853	HTo	018or
21	26	8		הַ/דָּבָ֣ר	d/1697	HTd/Ncmsa	01w6p
21	26	9		הַ/זֶּ֑ה	d/2088	HTd/Pdxms	01zvK
21	26	10		וְ/גַם	c/1571	HC/Ta	01WN3
21	26	11		אַתָּ֞ה	859 a	HPp2ms	01pAG
21	26	12		לֹא	3808	HTn	01EQq
21	26	13		הִגַּ֣דְתָּ	5046	HVhp2ms	01sau
21	26	14		לִּ֗/י	l	HR/Sp1cs	011Ky
21	26	15		וְ/גַ֧ם	c/1571	HC/Ta	01biF
21	26	16		אָנֹכִ֛י	595	HPp1cs	01ZBP
21	26	17		לֹ֥א	3808	HTn	01eMk
21	26	18		שָׁמַ֖עְתִּי	8085	HVqp1cs	01PGV
21	26	19		בִּלְתִּ֥י	1115	HC	01g5K
21	26	20		הַ/יּֽוֹם	d/3117	HTd/Ncmsa	014mW
21	27	1		וַ/יִּקַּ֤ח	c/3947	HC/Vqw3ms	01ubw
21	27	2		אַבְרָהָם֙	85	HNp	019CS
21	27	3		צֹ֣אן	6629	HNcbsa	01ozE
21	27	4		וּ/בָקָ֔ר	c/1241	HC/Ncbsa	01UZ9
21	27	5		וַ/יִּתֵּ֖ן	c/5414	HC/Vqw3ms	01mVu
21	27	6		לַ/אֲבִימֶ֑לֶךְ	l/40	HR/Np	01yA5
21	27	7		וַ/יִּכְרְת֥וּ	c/3772	HC/Vqw3mp	01ReA
21	27	8		שְׁנֵי/הֶ֖ם	8147	HAcmdc/Sp3mp	01uFV
21	27	9		בְּרִֽית	1285	HNcfsa	015Ba
21	28	1		וַ/יַּצֵּ֣ב	c/5324	HC/Vhw3ms	01c29
21	28	2		אַבְרָהָ֗ם	85	HNp	01wMd
21	28	3		אֶת	853	HTo	01YwG
21	28	4		שֶׁ֛בַע	7651	HAcfsa	01eQh
21	28	5		כִּבְשֹׂ֥ת	3535	HNcfpc	01k7y
21	28	6		הַ/צֹּ֖אן	d/6629	HTd/Ncbsa	014Sa
21	28	7		לְ/בַדְּ/הֶֽן	l/905	HR/Ncmsc/Sp3fp	01p3t
21	29	1		וַ/יֹּ֥אמֶר	c/559	HC/Vqw3ms	01rzT
21	29	2		אֲבִימֶ֖לֶךְ	40	HNp	01y5y
21	29	3		אֶל	413	HR	01BAD
21	29	4		אַבְרָהָ֑ם	85	HNp	01MMc
21	29	5		מָ֣ה	4100	HTi	01MJT
21	29	6		הֵ֗נָּה	2007	HPp3fp	01w2K
21	29	7		שֶׁ֤בַע	7651	HAcfsa	01NL7
21	29	8		כְּבָשֹׂת֙	3535	HNcfpa	01d52
21	29	9		הָ/אֵ֔לֶּה	d/428	HTd/Pdxcp	01JUY
21	29	10		אֲשֶׁ֥ר	834 a	HTr	01Be7
21	29	11		הִצַּ֖בְתָּ	5324	HVhp2ms	01shA
21	29	12		לְ/בַדָּֽ/נָה	l/905	HR/Ncmsc/Sp3fp	01Hye
21	30	1		וַ/יֹּ֕אמֶר	c/559	HC/Vqw3ms	01r3P
21	30	2		כִּ֚י	3588 a	HC	01va1
21	30	3		אֶת	853	HTo	01oPC
21	30	4		שֶׁ֣בַע	7651	HAcfsa	01Psb
21	30	5		כְּבָשֹׂ֔ת	3535	HNcfpa	01wFt
21	30	6		תִּקַּ֖ח	3947	HVqi2ms	01PpB
21	30	7		מִ/יָּדִ֑/י	m/3027	HR/Ncbsc/Sp1cs	01qNE
21	30	8		בַּ/עֲבוּר֙	b/5668	HR/Ncmsc	01Y2L
21	30	9		תִּֽהְיֶה	1961	HVqi3fs	01yLU
21	30	10		לִּ֣/י	l	HR/Sp1cs	018gt
21	30	11		לְ/עֵדָ֔ה	l/5713 a	HR/Ncfsa	01JUV
21	30	12		כִּ֥י	3588 a	HC	01ygy
21	30	13		חָפַ֖רְתִּי	2658	HVqp1cs	019Tr
21	30	14		אֶת	853	HTo	01HZA
21	30	15		הַ/בְּאֵ֥ר	d/875	HTd/Ncfsa	01N8P
21	30	16		הַ/זֹּֽאת	d/2063	HTd/Pdxfs	01XGD
21	31	1		עַל	5921 a	HR	01mBS
21	31	2		כֵּ֗ן	3651 c	HTm	01LeT
21	31	3		קָרָ֛א	7121	HVqp3ms	01TvU
21	31	4		לַ/מָּק֥וֹם	l/4725	HRd/Ncmsa	01xHn
21	31	5		הַ/ה֖וּא	d/1931	HTd/Pp3ms	01B3s
21	31	6		בְּאֵ֣ר	884+	HNp	01CNE
21	31	7		שָׁ֑בַע	884	HNp	01gKa
21	31	8		כִּ֛י	3588 a	HC	01whP
21	31	9		שָׁ֥ם	8033	HD	01xd8
21	31	10		נִשְׁבְּע֖וּ	7650	HVNp3cp	01TR3
21	31	11		שְׁנֵי/הֶֽם	8147	HAcmdc/Sp3mp	01mba
21	32	1		וַ/יִּכְרְת֥וּ	c/3772	HC/Vqw3mp	01X9z
21	32	2		בְרִ֖ית	1285	HNcfsa	01fix
21	32	3		בִּ/בְאֵ֣ר	b/884+	HR/Np	01zu5
21	32	4		שָׁ֑בַע	884	HNp	01jSS
21	32	5		וַ/יָּ֣קָם	c/6965 b	HC/Vqw3ms	01B98
21	32	6		אֲבִימֶ֗לֶךְ	40	HNp	01tji
21	32	7		וּ/פִיכֹל֙	c/6369	HC/Np	01Jsw
21	32	8		שַׂר	8269	HNcmsc	011GA
21	32	9		צְבָא֔/וֹ	6635 a	HNcbsc/Sp3ms	01p7f
21	32	10		וַ/יָּשֻׁ֖בוּ	c/7725	HC/Vqw3mp	01E93
21	32	11		אֶל	413	HR	01kqX
21	32	12		אֶ֥רֶץ	776	HNcbsc	011je
21	32	13		פְּלִשְׁתִּֽים	6430	HNgmpa	01zEj
21	33	1		וַ/יִּטַּ֥ע	c/5193	HC/Vqw3ms	01w3L
21	33	2		אֶ֖שֶׁל	815	HNcmsa	01FBV
21	33	3		בִּ/בְאֵ֣ר	b/884+	HR/Np	01tZu
21	33	4		שָׁ֑בַע	884	HNp	01ANB
21	33	5		וַ/יִּ֨קְרָא	c/7121	HC/Vqw3ms	01m5d
21	33	6		שָׁ֔ם	8033	HD	01wc3
21	33	7		בְּ/שֵׁ֥ם	b/8034	HR/Ncmsc	01dLM
21	33	8		יְהוָ֖ה	3068	HNp	01Sk6
21	33	9		אֵ֥ל	410	HNcmsc	01H1q
21	33	10		עוֹלָֽם	5769	HNcmsa	01RMp
21	34	1		וַ/יָּ֧גָר	c/1481 a	HC/Vqw3ms	01DE1
21	34	2		אַבְרָהָ֛ם	85	HNp	01JXW
21	34	3		בְּ/אֶ֥רֶץ	b/776	HR/Ncbsc	01PJn
21	34	4		פְּלִשְׁתִּ֖ים	6430	HNgmpa	01dXu
21	34	5		יָמִ֥ים	3117	HNcmpa	018oD
21	34	6		רַבִּֽים	7227 a	HAampa	01YAs
22	1	1		וַ/יְהִ֗י	c/1961	HC/Vqw3ms	01W4q
22	1	2		אַחַר֙	310 a	HR	01N6D
22	1	3		הַ/דְּבָרִ֣ים	d/1697	HTd/Ncmpa	01r3j
22	1	4		הָ/אֵ֔לֶּה	d/428	HTd/Pdxcp	01RbR
22	1	5		וְ/הָ֣/אֱלֹהִ֔ים	c/d/430	HC/Td/Ncmpa	01mrh
22	1	6		נִסָּ֖ה	5254	HVpp3ms	01KDc
22	1	7		אֶת	853	HTo	01dmB
22	1	8		אַבְרָהָ֑ם	85	HNp	01Fg5
22	1	9		וַ/יֹּ֣אמֶר	c/559	HC/Vqw3ms	01D4Y
22	1	10		אֵלָ֔י/ו	413	HR/Sp3ms	011yC
22	1	11		אַבְרָהָ֖ם	85	HNp	01rrj
22	1	12		וַ/יֹּ֥אמֶר	c/559	HC/Vqw3ms	01Rn4
22	1	13		הִנֵּֽנִ/י	2009	HTm/Sp1cs	01nrC
22	2	1		וַ/יֹּ֡אמֶר	c/559	HC/Vqw3ms	01USe
22	2	2		קַח	3947	HVqv2ms	01jJP
22	2	3		נָ֠א	4994	HTe	01Ds4
22	2	4		אֶת	853	HTo	01YfC
22	2	5		בִּנְ/ךָ֨	1121 a	HNcmsc/Sp2ms	01jFh
22	2	6		אֶת	853	HTo	01h2q
22	2	7		יְחִֽידְ/ךָ֤	3173	HAamsc/Sp2ms	01VfW
22	2	8		אֲשֶׁר	834 a	HTr	01ESV
22	2	9		אָהַ֨בְתָּ֙	157	HVqp2ms	018Fj
22	2	10		אֶת	853	HTo	01zrr
22	2	11		יִצְחָ֔ק	3327	HNp	01qEt
22	2	12		וְ/לֶךְ	c/3212	HC/Vqv2ms	015gq
22	2	13		לְ/ךָ֔	l	HR/Sp2ms	01hDV
22	2	14		אֶל	413	HR	01HYt
22	2	15		אֶ֖רֶץ	776	HNcbsc	01FAv
22	2	16		הַ/מֹּרִיָּ֑ה	d/4179	HTd/Np	01TWN
22	2	17		וְ/הַעֲלֵ֤/הוּ	c/5927	HC/Vhv2ms/Sp3ms	01BfY
22	2	18		שָׁם֙	8033	HD	01Rad
22	2	19		לְ/עֹלָ֔ה	l/5930 a	HR/Ncfsa	01Gcy
22	2	20		עַ֚ל	5921 a	HR	01BLC
22	2	21		אַחַ֣ד	259	HAcmsa	01uvq
22	2	22		הֶֽ/הָרִ֔ים	d/2022	HTd/Ncmpa	01fwV
22	2	23		אֲשֶׁ֖ר	834 a	HTr	01vpD
22	2	24		אֹמַ֥ר	559	HVqi1cs	012F5
22	2	25		אֵלֶֽי/ךָ	413	HR/Sp2ms	01dHB
22	3	1		וַ/יַּשְׁכֵּ֨ם	c/7925	HC/Vhw3ms	01A8D
22	3	2		אַבְרָהָ֜ם	85	HNp	01hrv
22	3	3		בַּ/בֹּ֗קֶר	b/1242	HRd/Ncmsa	01vzq
22	3	4		וַֽ/יַּחֲבֹשׁ֙	c/2280	HC/Vqw3ms	01RTB
22	3	5		אֶת	853	HTo	01rDJ
22	3	6		חֲמֹר֔/וֹ	2543	HNcbsc/Sp3ms	01ZbD
22	3	7		וַ/יִּקַּ֞ח	c/3947	HC/Vqw3ms	01pe5
22	3	8		אֶת	853	HTo	01Gfh
22	3	9		שְׁנֵ֤י	8147	HAcmdc	01sZ7
22	3	10		נְעָרָי/ו֙	5288	HNcmpc/Sp3ms	01xT5
22	3	11		אִתּ֔/וֹ	854	HR/Sp3ms	01PfR
22	3	12		וְ/אֵ֖ת	c/853	HC/To	01oeK
22	3	13		יִצְחָ֣ק	3327	HNp	01poP
22	3	14		בְּנ֑/וֹ	1121 a	HNcmsc/Sp3ms	01ZRV
22	3	15		וַ/יְבַקַּע֙	c/1234	HC/Vpw3ms	0185A
22	3	16		עֲצֵ֣י	6086	HNcmpc	01NbA
22	3	17		עֹלָ֔ה	5930 a	HNcfsa	01XRR
22	3	18		וַ/יָּ֣קָם	c/6965 b	HC/Vqw3ms	01cYP
22	3	19		וַ/יֵּ֔לֶךְ	c/3212	HC/Vqw3ms	01gVU
22	3	20		אֶל	413	HR	01r2X
22	3	21		הַ/מָּק֖וֹם	d/4725	HTd/Ncmsa	01Zzp
22	3	22		אֲשֶׁר	834 a	HTr	01qoq
22	3	23		אָֽמַר	559	HVqp3ms	01w9K
22	3	24		ל֥/וֹ	l	HR/Sp3ms	01dir
22	3	25		הָ/אֱלֹהִֽים	d/430	HTd/Ncmpa	01E6H
22	4	1		בַּ/יּ֣וֹם	b/3117	HRd/Ncmsa	019ov
22	4	2		הַ/שְּׁלִישִׁ֗י	d/7992	HTd/Aomsa	01BYz
22	4	3		וַ/יִּשָּׂ֨א	c/5375	HC/Vqw3ms	01HXB
22	4	4		אַבְרָהָ֧ם	85	HNp	01TmX
22	4	5		אֶת	853	HTo	01LiC
22	4	6		עֵינָ֛י/ו	5869 a	HNcbdc/Sp3ms	018kj
22	4	7		וַ/יַּ֥רְא	c/7200	HC/Vqw3ms	01mCW
22	4	8		אֶת	853	HTo	01gqX
22	4	9		הַ/מָּק֖וֹם	d/4725	HTd/Ncmsa	01Df6
22	4	10		מֵ/רָחֹֽק	m/7350	HR/Aamsa	01oMA
22	5	1		וַ/יֹּ֨אמֶר	c/559	HC/Vqw3ms	01Mcf
22	5	2		אַבְרָהָ֜ם	85	HNp	01uXp
22	5	3		אֶל	413	HR	018qn
22	5	4		נְעָרָ֗י/ו	5288	HNcmpc/Sp3ms	01DX6
22	5	5		שְׁבוּ	3427	HVqv2mp	01A18
22	5	6		לָ/כֶ֥ם	l	HR/Sp2mp	01iSv
22	5	7		פֹּה֙	6311	HD	01qx9
22	5	8		עִֽם	5973 a	HR	01qBT
22	5	9		הַ/חֲמ֔וֹר	d/2543	HTd/Ncbsa	01jYZ
22	5	10		וַ/אֲנִ֣י	c/589	HC/Pp1cs	01Az7
22	5	11		וְ/הַ/נַּ֔עַר	c/d/5288	HC/Td/Ncmsa	01d3f
22	5	12		נֵלְכָ֖ה	3212	HVqh1cp	01byp
22	5	13		עַד	5704	HR	01pWc
22	5	14		כֹּ֑ה	3541	HD	01GcR
22	5	15		וְ/נִֽשְׁתַּחֲוֶ֖ה	c/7812	HC/Vvi1cp	01NKo
22	5	16		וְ/נָשׁ֥וּבָה	c/7725	HC/Vqh1cp	01qzH
22	5	17		אֲלֵי/כֶֽם	413	HR/Sp2mp	01ADc
22	6	1		וַ/יִּקַּ֨ח	c/3947	HC/Vqw3ms	01p3z
22	6	2		אַבְרָהָ֜ם	85	HNp	018BY
22	6	3		אֶת	853	HTo	01g6B
22	6	4		עֲצֵ֣י	6086	HNcmpc	014LX
22	6	5		הָ/עֹלָ֗ה	d/5930 a	HTd/Ncfsa	01kze
22	6	6		וַ/יָּ֨שֶׂם֙	c/7760 a	HC/Vqw3ms	01CJA
22	6	7		עַל	5921 a	HR	01FmZ
22	6	8		יִצְחָ֣ק	3327	HNp	01nZ5
22	6	9		בְּנ֔/וֹ	1121 a	HNcmsc/Sp3ms	01q5L
22	6	10		וַ/יִּקַּ֣ח	c/3947	HC/Vqw3ms	01htW
22	6	11		בְּ/יָד֔/וֹ	b/3027	HR/Ncbsc/Sp3ms	01YCR
22	6	12		אֶת	853	HTo	01Tng
22	6	13		הָ/אֵ֖שׁ	d/784	HTd/Ncbsa	01AG9
22	6	14		וְ/אֶת	c/853	HC/To	01veU
22	6	15		הַֽ/מַּאֲכֶ֑לֶת	d/3979	HTd/Ncfsa	01CoA
22	6	16		וַ/יֵּלְכ֥וּ	c/3212	HC/Vqw3mp	01rKD
22	6	17		שְׁנֵי/הֶ֖ם	8147	HAcmdc/Sp3mp	017RJ
22	6	18		יַחְדָּֽו	3162 b	HD	0157Q
22	7	1		וַ/יֹּ֨אמֶר	c/559	HC/Vqw3ms	01SqN
22	7	2		יִצְחָ֜ק	3327	HNp	01AMy
22	7	3		אֶל	413	HR	01U3z
22	7	4		אַבְרָהָ֤ם	85	HNp	01SGK
22	7	5		אָבִי/ו֙	1	HNcmsc/Sp3ms	01Qtc
22	7	6		וַ/יֹּ֣אמֶר	c/559	HC/Vqw3ms	01MiW
22	7	7		אָבִ֔/י	1	HNcmsc/Sp1cs	01LQC
22	7	8		וַ/יֹּ֖אמֶר	c/559	HC/Vqw3ms	013df
22	7	9		הִנֶּ֣נִּֽ/י	2009	HTm/Sp1cs	0161t
22	7	10		בְנִ֑/י	1121 a	HNcmsc/Sp1cs	01g9U
22	7	11		וַ/יֹּ֗אמֶר	c/559	HC/Vqw3ms	01J78
22	7	12		הִנֵּ֤ה	2009	HTm	01Mf9
22	7	13		הָ/אֵשׁ֙	d/784	HTd/Ncbsa	01ARq
22	7	14		וְ/הָ֣/עֵצִ֔ים	c/d/6086	HC/Td/Ncmpa	01W24
22	7	15		וְ/אַיֵּ֥ה	c/346	HC/Ti	01Sau
22	7	16		הַ/שֶּׂ֖ה	d/7716	HTd/Ncbsa	01sbY
22	7	17		לְ/עֹלָֽה	l/5930 a	HR/Ncfsa	01oxz
22	8	1		וַ/יֹּ֨אמֶר֙	c/559	HC/Vqw3ms	01ZpB
22	8	2		אַבְרָהָ֔ם	85	HNp	011bx
22	8	3		אֱלֹהִ֞ים	430	HNcmpa	01xRA
22	8	4		יִרְאֶה	7200	HVqi3ms	01CvE
22	8	5		לּ֥/וֹ	l	HR/Sp3ms	01Naj
22	8	6		הַ/שֶּׂ֛ה	d/7716	HTd/Ncbsa	01mc7
22	8	7		לְ/עֹלָ֖ה	l/5930 a	HR/Ncfsa	01HDd
22	8	8		בְּנִ֑/י	1121 a	HNcmsc/Sp1cs	016Lu
22	8	9		וַ/יֵּלְכ֥וּ	c/3212	HC/Vqw3mp	01Bre
22	8	10		שְׁנֵי/הֶ֖ם	8147	HAcmdc/Sp3mp	01wyD
22	8	11		יַחְדָּֽו	3162 b	HD	019v5
22	9	1		וַ/יָּבֹ֗אוּ	c/935	HC/Vqw3mp	01uBa
22	9	2		אֶֽל	413	HR	016e3
22	9	3		הַ/מָּקוֹם֮	d/4725	HTd/Ncmsa	01Gmz
22	9	4		אֲשֶׁ֣ר	834 a	HTr	014Zj
22	9	5		אָֽמַר	559	HVqp3ms	015jS
22	9	6		ל֣/וֹ	l	HR/Sp3ms	012oN
22	9	7		הָ/אֱלֹהִים֒	d/430	HTd/Ncmpa	01xTt
22	9	8		וַ/יִּ֨בֶן	c/1129	HC/Vqw3ms	019sn
22	9	9		שָׁ֤ם	8033	HD	01Hwe
22	9	10		אַבְרָהָם֙	85	HNp	01pQs
22	9	11		אֶת	853	HTo	016DP
22	9	12		הַ/מִּזְבֵּ֔חַ	d/4196	HTd/Ncmsa	01t2h
22	9	13		וַֽ/יַּעֲרֹ֖ךְ	c/6186 a	HC/Vqw3ms	012HK
22	9	14		אֶת	853	HTo	01Ews
22	9	15		הָ/עֵצִ֑ים	d/6086	HTd/Ncmpa	01PUW
22	9	16		וַֽ/יַּעֲקֹד֙	c/6123	HC/Vqw3ms	01zuK
22	9	17		אֶת	853	HTo	01JQu
22	9	18		יִצְחָ֣ק	3327	HNp	01ErE
22	9	19		בְּנ֔/וֹ	1121 a	HNcmsc/Sp3ms	01Lcm
22	9	20		וַ/יָּ֤שֶׂם	c/7760 a	HC/Vqw3ms	011X7
22	9	21		אֹת/וֹ֙	853	HTo/Sp3ms	0189D
22	9	22		עַל	5921 a	HR	01GQ6
22	9	23		הַ/מִּזְבֵּ֔חַ	d/4196	HTd/Ncmsa	01qbK
22	9	24		מִ/מַּ֖עַל	m/4605	HR/D	01iS8
22	9	25		לָ/עֵצִֽים	l/6086	HRd/Ncmpa	01dHp
22	10	1		וַ/יִּשְׁלַ֤ח	c/7971	HC/Vqw3ms	01p5f
22	10	2		אַבְרָהָם֙	85	HNp	01DJ7
22	10	3		אֶת	853	HTo	01cbQ
22	10	4		יָד֔/וֹ	3027	HNcbsc/Sp3ms	01xRe
22	10	5		וַ/יִּקַּ֖ח	c/3947	HC/Vqw3ms	01ZFs
22	10	6		אֶת	853	HTo	01H6b
22	10	7		הַֽ/מַּאֲכֶ֑לֶת	d/3979	HTd/Ncfsa	01JGX
22	10	8		לִ/שְׁחֹ֖ט	l/7819 a	HR/Vqc	01rb5
22	10	9		אֶת	853	HTo	01saF
22	10	10		בְּנֽ/וֹ	1121 a	HNcmsc/Sp3ms	01URH
22	11	1		וַ/יִּקְרָ֨א	c/7121	HC/Vqw3ms	014Bm
22	11	2		אֵלָ֜י/ו	413	HR/Sp3ms	01AEb
22	11	3		מַלְאַ֤ךְ	4397	HNcmsc	01aam
22	11	4		יְהוָה֙	3068	HNp	01LQ5
22	11	5		מִן	4480 a	HR	01sB6
22	11	6		הַ/שָּׁמַ֔יִם	d/8064	HTd/Ncmpa	01AD1
22	11	7		וַ/יֹּ֖אמֶר	c/559	HC/Vqw3ms	01VV7
22	11	8		אַבְרָהָ֣ם	85	HNp	01trR
22	11	9		אַבְרָהָ֑ם	85	HNp	01xPR
22	11	10		וַ/יֹּ֖אמֶר	c/559	HC/Vqw3ms	01oKK
22	11	11		הִנֵּֽנִ/י	2009	HTm/Sp1cs	01yyH
22	12	1		וַ/יֹּ֗אמֶר	c/559	HC/Vqw3ms	01LPs
22	12	2		אַל	408	HTn	01XWM
22	12	3		תִּשְׁלַ֤ח	7971	HVqj2ms	01jwr
22	12	4		יָֽדְ/ךָ֙	3027	HNcbsc/Sp2ms	01qua
22	12	5		אֶל	413	HR	01ky1
22	12	6		הַ/נַּ֔עַר	d/5288	HTd/Ncmsa	01Ag3
22	12	7		וְ/אַל	c/408	HC/Tn	01PK4
22	12	8		תַּ֥עַשׂ	6213 a	HVqj2ms	01Dyz
22	12	9		ל֖/וֹ	l	HR/Sp3ms	01zxQ
22	12	10		מְא֑וּמָּה	3972	HNcfsa	01TqK
22	12	11		כִּ֣י	3588 a	HC	01bn2
22	12	12		עַתָּ֣ה	6258	HD	01ySt
22	12	13		יָדַ֗עְתִּי	3045	HVqp1cs	01hyc
22	12	14		כִּֽי	3588 a	HC	01vka
22	12	15		יְרֵ֤א	3373	HAamsc	01NTY
22	12	16		אֱלֹהִים֙	430	HNcmpa	01nfk
22	12	17		אַ֔תָּה	859 a	HPp2ms	01pd3
22	12	18		וְ/לֹ֥א	c/3808	HC/Tn	01Ash
22	12	19		חָשַׂ֛כְתָּ	2820	HVqp2ms	019UV
22	12	20		אֶת	853	HTo	01n7q
22	12	21		בִּנְ/ךָ֥	1121 a	HNcmsc/Sp2ms	018XN
22	12	22		אֶת	853	HTo	01bGY
22	12	23		יְחִידְ/ךָ֖	3173	HAamsc/Sp2ms	01Sqa
22	12	24		מִמֶּֽ/נִּי	4480 a	HR/Sp1cs	01QV1
22	13	1		וַ/יִּשָּׂ֨א	c/5375	HC/Vqw3ms	01CDj
22	13	2		אַבְרָהָ֜ם	85	HNp	01XFL
22	13	3		אֶת	853	HTo	0197C
22	13	4		עֵינָ֗י/ו	5869 a	HNcbdc/Sp3ms	01SXF
22	13	5		וַ/יַּרְא֙	c/7200	HC/Vqw3ms	01gSv
22	13	6		וְ/הִנֵּה	c/2009	HC/Tm	01GF5
22	13	7		אַ֔יִל	352 a	HNcmsa	01XX2
22	13	8		אַחַ֕ר	310 a	HR	01rFn
22	13	9		נֶאֱחַ֥ז	270	HVNp3ms	019SJ
22	13	10		בַּ/סְּבַ֖ךְ	b/5442	HRd/Ncmsa	012Ps
22	13	11		בְּ/קַרְנָ֑י/ו	b/7161 a	HR/Ncbdc/Sp3ms	015gH
22	13	12		וַ/יֵּ֤לֶךְ	c/3212	HC/Vqw3ms	01uuJ
22	13	13		אַבְרָהָם֙	85	HNp	01FMm
22	13	14		וַ/יִּקַּ֣ח	c/3947	HC/Vqw3ms	01kNs
22	13	15		אֶת	853	HTo	01Rxh
22	13	16		הָ/אַ֔יִל	d/352 a	HTd/Ncmsa	01atm
22	13	17		וַ/יַּעֲלֵ֥/הוּ	c/5927	HC/Vhw3ms/Sp3ms	01XKf
22	13	18		לְ/עֹלָ֖ה	l/5930 a	HR/Ncfsa	01vNz
22	13	19		תַּ֥חַת	8478	HR	01oQN
22	13	20		בְּנֽ/וֹ	1121 a	HNcmsc/Sp3ms	016xQ
22	14	1		וַ/יִּקְרָ֧א	c/7121	HC/Vqw3ms	01zcE
22	14	2		אַבְרָהָ֛ם	85	HNp	01rj8
22	14	3		שֵֽׁם	8034	HNcmsc	01Ap9
22	14	4		הַ/מָּק֥וֹם	d/4725	HTd/Ncmsa	01s51
22	14	5		הַ/ה֖וּא	d/1931	HTd/Pp3ms	01Xxq
22	14	6		יְהוָ֣ה	3068	HNp	01Hio
22	14	7		יִרְאֶ֑ה	7200	HVqi3ms	01mRW
22	14	8		אֲשֶׁר֙	834 a	HTr	01BBb
22	14	9		יֵאָמֵ֣ר	559	HVNi3ms	0151b
22	14	10		הַ/יּ֔וֹם	d/3117	HTd/Ncmsa	01rJW
22	14	11		בְּ/הַ֥ר	b/2022	HR/Ncmsc	014Xf
22	14	12		יְהוָ֖ה	3068	HNp	01c89
22	14	13		יֵרָאֶֽה	7200	HVNi3ms	01AVx
22	15	1		וַ/יִּקְרָ֛א	c/7121	HC/Vqw3ms	01cVH
22	15	2		מַלְאַ֥ךְ	4397	HNcmsc	01xda
22	15	3		יְהוָ֖ה	3068	HNp	01bZh
22	15	4		אֶל	413	HR	01j6W
22	15	5		אַבְרָהָ֑ם	85	HNp	01wgp
22	15	6		שֵׁנִ֖ית	8145	HAofsa	01cfF
22	15	7		מִן	4480 a	HR	01UXY
22	15	8		הַ/שָּׁמָֽיִם	d/8064	HTd/Ncmpa	01iwQ
22	16	1		וַ/יֹּ֕אמֶר	c/559	HC/Vqw3ms	01A33
22	16	2		בִּ֥/י	b	HR/Sp1cs	01BF1
22	16	3		נִשְׁבַּ֖עְתִּי	7650	HVNp1cs	01xsk
22	16	4		נְאֻם	5002	HNcmsc	01CmJ
22	16	5		יְהוָ֑ה	3068	HNp	01Q6h
22	16	6		כִּ֗י	3588 a	HC	01RXX
22	16	7		יַ֚עַן	3282	HC	013ku
22	16	8		אֲשֶׁ֤ר	834 a	HTr	01VvV
22	16	9		עָשִׂ֨יתָ֙	6213 a	HVqp2ms	0152W
22	16	10		אֶת	853	HTo	01FHV
22	16	11		הַ/דָּבָ֣ר	d/1697	HTd/Ncmsa	01vLx
22	16	12		הַ/זֶּ֔ה	d/2088	HTd/Pdxms	01E9J
22	16	13		וְ/לֹ֥א	c/3808	HC/Tn	01Ywv
22	16	14		חָשַׂ֖כְתָּ	2820	HVqp2ms	01XxP
22	16	15		אֶת	853	HTo	01NpM
22	16	16		בִּנְ/ךָ֥	1121 a	HNcmsc/Sp2ms	016bK
22	16	17		אֶת	853	HTo	01Xp8
22	16	18		יְחִידֶֽ/ךָ	3173	HAamsc/Sp2ms	01Ec1
22	17	1		כִּֽי	3588 a	HC	01WDd
22	17	2		בָרֵ֣ךְ	1288	HVpa	01H54
22	17	3		אֲבָרֶכְ/ךָ֗	1288	HVpi1cs/Sp2ms	01UQb
22	17	4		וְ/הַרְבָּ֨ה	c/7235 a	HC/Vha	011hg
22	17	5		אַרְבֶּ֤ה	7235 a	HVhi1cs	01Fdw
22	17	6		אֶֽת	853	HTo	012kE
22	17	7		זַרְעֲ/ךָ֙	2233	HNcmsc/Sp2ms	01Spd
22	17	8		כְּ/כוֹכְבֵ֣י	k/3556	HR/Ncmpc	01dd7
22	17	9		הַ/שָּׁמַ֔יִם	d/8064	HTd/Ncmpa	01153
22	17	10		וְ/כַ/ח֕וֹל	c/k/2344	HC/Rd/Ncmsa	01hYW
22	17	11		אֲשֶׁ֖ר	834 a	HTr	01QQR
22	17	12		עַל	5921 a	HR	01j1m
22	17	13		שְׂפַ֣ת	8193	HNcfsc	01iCq
22	17	14		הַ/יָּ֑ם	d/3220	HTd/Ncmsa	017jm
22	17	15		וְ/יִרַ֣שׁ	c/3423	HC/Vqi3ms	01aBh
22	17	16		זַרְעֲ/ךָ֔	2233	HNcmsc/Sp2ms	01PWQ
22	17	17		אֵ֖ת	853	HTo	0111E
22	17	18		שַׁ֥עַר	8179	HNcmsc	01Qi4
22	17	19		אֹיְבָֽי/ו	341	HVqrmpc/Sp3ms	01J3C
22	18	1		וְ/הִתְבָּרֲכ֣וּ	c/1288	HC/Vtq3cp	01JvL
22	18	2		בְ/זַרְעֲ/ךָ֔	b/2233	HR/Ncmsc/Sp2ms	01kuj
22	18	3		כֹּ֖ל	3605	HNcmsc	01Eg2
22	18	4		גּוֹיֵ֣י	1471 a	HNcmpc	01MeU
22	18	5		הָ/אָ֑רֶץ	d/776	HTd/Ncbsa	01Ap7
22	18	6		עֵ֕קֶב	6118	HNcmsa	01SX8
22	18	7		אֲשֶׁ֥ר	834 a	HTr	01VEh
22	18	8		שָׁמַ֖עְתָּ	8085	HVqp2ms	017PM
22	18	9		בְּ/קֹלִֽ/י	b/6963 a	HR/Ncmsc/Sp1cs	01S3p
22	19	1		וַ/יָּ֤שָׁב	c/7725	HC/Vqw3ms	01Cjf
22	19	2		אַבְרָהָם֙	85	HNp	019Hn
22	19	3		אֶל	413	HR	01ATZ
22	19	4		נְעָרָ֔י/ו	5288	HNcmpc/Sp3ms	01sm7
22	19	5		וַ/יָּקֻ֛מוּ	c/6965 b	HC/Vqw3mp	01KBq
22	19	6		וַ/יֵּלְכ֥וּ	c/3212	HC/Vqw3mp	01444
22	19	7		יַחְדָּ֖ו	3162 b	HD	01af4
22	19	8		אֶל	413	HR	01aur
22	19	9		בְּאֵ֣ר	884+	HNp	01miR
22	19	10		שָׁ֑בַע	884	HNp	01SkN
22	19	11		וַ/יֵּ֥שֶׁב	c/3427	HC/Vqw3ms	01REw
22	19	12		אַבְרָהָ֖ם	85	HNp	01Jvd
22	19	13		בִּ/בְאֵ֥ר	b/884+	HR/Np	01or5
22	19	14		שָֽׁבַע	884	HNp	012gE
22	20	1		וַ/יְהִ֗י	c/1961	HC/Vqw3ms	01TCm
22	20	2		אַחֲרֵי֙	310 a	HR	013Fz
22	20	3		הַ/דְּבָרִ֣ים	d/1697	HTd/Ncmpa	01vxS
22	20	4		הָ/אֵ֔לֶּה	d/428	HTd/Pdxcp	01QBy
22	20	5		וַ/יֻּגַּ֥ד	c/5046	HC/VHw3ms	01HPx
22	20	6		לְ/אַבְרָהָ֖ם	l/85	HR/Np	01K2T
22	20	7		לֵ/אמֹ֑ר	l/559	HR/Vqc	01JVT
22	20	8		הִ֠נֵּה	2009	HTm	01HN7
22	20	9		יָלְדָ֨ה	3205	HVqp3fs	01VhQ
22	20	10		מִלְכָּ֥ה	4435	HNp	01uUs
22	20	11		גַם	1571	HD	01YLv
22	20	12		הִ֛וא	1931	HPp3fs	01yjM
22	20	13		בָּנִ֖ים	1121 a	HNcmpa	01CzW
22	20	14		לְ/נָח֥וֹר	l/5152	HR/Np	01ewW
22	20	15		אָחִֽי/ךָ	251	HNcmsc/Sp2ms	019mZ
22	21	1		אֶת	853	HTo	01rYQ
22	21	2		ע֥וּץ	5780	HNp	019hw
22	21	3		בְּכֹר֖/וֹ	1060	HNcmsc/Sp3ms	01bTH
22	21	4		וְ/אֶת	c/853	HC/To	01gBC
22	21	5		בּ֣וּז	938	HNp	01kqr
22	21	6		אָחִ֑י/ו	251	HNcmsc/Sp3ms	01Lp8
22	21	7		וְ/אֶת	c/853	HC/To	01d64
22	21	8		קְמוּאֵ֖ל	7055	HNp	01iFq
22	21	9		אֲבִ֥י	1	HNcmsc	01vxK
22	21	10		אֲרָֽם	758	HNp	01yof
22	22	1		וְ/אֶת	c/853	HC/To	01oDp
22	22	2		כֶּ֣שֶׂד	3777	HNp	01QAJ
22	22	3		וְ/אֶת	c/853	HC/To	01bhk
22	22	4		חֲז֔וֹ	2375	HNp	01CGK
22	22	5		וְ/אֶת	c/853	HC/To	01XkE
22	22	6		פִּלְדָּ֖שׁ	6394	HNp	01LaG
22	22	7		וְ/אֶת	c/853	HC/To	013RD
22	22	8		יִדְלָ֑ף	3044	HNp	01rid
22	22	9		וְ/אֵ֖ת	c/853	HC/To	01Evb
22	22	10		בְּתוּאֵֽל	1328 a	HNp	01fAh
22	23	1		וּ/בְתוּאֵ֖ל	c/1328 a	HC/Np	01VTn
22	23	2		יָלַ֣ד	3205	HVqp3ms	011Ff
22	23	3		אֶת	853	HTo	01TqE
22	23	4		רִבְקָ֑ה	7259	HNp	0158v
22	23	5		שְׁמֹנָ֥ה	8083	HAcmsa	01f5S
22	23	6		אֵ֨לֶּה֙	428	HPdxcp	01R8R
22	23	7		יָלְדָ֣ה	3205	HVqp3fs	013G3
22	23	8		מִלְכָּ֔ה	4435	HNp	01ShE
22	23	9		לְ/נָח֖וֹר	l/5152	HR/Np	01xk4
22	23	10		אֲחִ֥י	251	HNcmsc	01SvA
22	23	11		אַבְרָהָֽם	85	HNp	01cZL
22	24	1		וּ/פִֽילַגְשׁ֖/וֹ	c/6370	HC/Ncfsc/Sp3ms	01wcc
22	24	2		וּ/שְׁמָ֣/הּ	c/8034	HC/Ncmsc/Sp3fs	015Bn
22	24	3		רְאוּמָ֑ה	7208	HNp	01mD7
22	24	4		וַ/תֵּ֤לֶד	c/3205	HC/Vqw3fs	01jiL
22	24	5		גַּם	1571	HTa	01id5
22	24	6		הִוא֙	1931	HPp3fs	01UWS
22	24	7		אֶת	853	HTo	01oQp
22	24	8		טֶ֣בַח	2875	HNp	01yDf
22	24	9		וְ/אֶת	c/853	HC/To	01zJN
22	24	10		גַּ֔חַם	1514	HNp	01Wfy
22	24	11		וְ/אֶת	c/853	HC/To	01f69
22	24	12		תַּ֖חַשׁ	8477	HNp	01hnq
22	24	13		וְ/אֶֽת	c/853	HC/To	019UP
22	24	14		מַעֲכָֽה	4601	HNp	01WgV
23	1	1		וַ/יִּהְיוּ֙	c/1961	HC/Vqw3mp	01cVd
23	1	2		חַיֵּ֣י	2416 e	HNcmpc	012xb
23	1	3		שָׂרָ֔ה	8283	HNp	01yF8
23	1	4		מֵאָ֥ה	3967	HAcbsa	01aHR
23	1	5		שָׁנָ֛ה	8141	HNcfsa	018sC
23	1	6		וְ/עֶשְׂרִ֥ים	c/6242	HC/Acbpa	01ure
23	1	7		שָׁנָ֖ה	8141	HNcfsa	01RJK
23	1	8		וְ/שֶׁ֣בַע	c/7651	HC/Acfsa	01uCp
23	1	9		שָׁנִ֑ים	8141	HNcfpa	01iNC
23	1	10		שְׁנֵ֖י	8141	HAcmdc	019jD
23	1	11		חַיֵּ֥י	2416 e	HNcmpc	01DTS
23	1	12		שָׂרָֽה	8283	HNp	01LQV
23	2	1		וַ/תָּ֣מָת	c/4191	HC/Vqw3fs	01fA6
23	2	2		שָׂרָ֗ה	8283	HNp	017Rw
23	2	3		בְּ/קִרְיַ֥ת	b/7153+	HR/Np	01XN3
23	2	4		אַרְבַּ֛ע	7153	HAcfsa	01PHo
23	2	5		הִ֥וא	1931	HPp3fs	01RKm
23	2	6		חֶבְר֖וֹן	2275 a	HNp	01PbU
23	2	7		בְּ/אֶ֣רֶץ	b/776	HR/Ncbsc	01rD6
23	2	8		כְּנָ֑עַן	3667 a	HNp	01dL6
23	2	9		וַ/יָּבֹא֙	c/935	HC/Vqw3ms	01ZyC
23	2	10		אַבְרָהָ֔ם	85	HNp	01pxD
23	2	11		לִ/סְפֹּ֥ד	l/5594	HR/Vqc	01NTM
23	2	12		לְ/שָׂרָ֖ה	l/8283	HR/Np	01BVM
23	2	13		וְ/לִ/בְכֹּתָֽ/הּ	c/l/1058	HC/R/Vqc/Sp3fs	011Fv
23	3	1		וַ/יָּ֨קָם֙	c/6965 b	HC/Vqw3ms	01G37
23	3	2		אַבְרָהָ֔ם	85	HNp	01GtA
23	3	3		מֵ/עַ֖ל	m/5921 a	HR/R	016Lg
23	3	4		פְּנֵ֣י	6440	HNcbpc	01m6w
23	3	5		מֵת֑/וֹ	4191	HVqrmsc/Sp3ms	01ioA
23	3	6		וַ/יְדַבֵּ֥ר	c/1696	HC/Vpw3ms	01BVU
23	3	7		אֶל	413	HR	011vd
23	3	8		בְּנֵי	1121 a	HNcmpc	01FE1
23	3	9		חֵ֖ת	2845	HNp	01FQw
23	3	10		לֵ/אמֹֽר	l/559	HR/Vqc	017J8
23	4	1		גֵּר	1616	HNcmsa	01qCk
23	4	2		וְ/תוֹשָׁ֥ב	c/8453 a	HC/Ncmsa	01Y7B
23	4	3		אָנֹכִ֖י	595	HPp1cs	01pJg
23	4	4		עִמָּ/כֶ֑ם	5973 a	HR/Sp2mp	01ePU
23	4	5		תְּנ֨וּ	5414	HVqv2mp	01QRm
23	4	6		לִ֤/י	l	HR/Sp1cs	01sjY
23	4	7		אֲחֻזַּת	272	HNcfsc	01LFe
23	4	8		קֶ֨בֶר֙	6913	HNcmsa	01HZs
23	4	9		עִמָּ/כֶ֔ם	5973 a	HR/Sp2mp	01MMZ
23	4	10		וְ/אֶקְבְּרָ֥ה	c/6912	HC/Vqh1cs	01iuh
23	4	11		מֵתִ֖/י	4191	HVqrmsc/Sp1cs	011TP
23	4	12		מִ/לְּ/פָנָֽ/י	m/l/6440	HR/R/Ncbpc/Sp1cs	01Muu
23	5	1		וַ/יַּעֲנ֧וּ	c/6030 b	HC/Vqw3mp	01JXG
23	5	2		בְנֵי	1121 a	HNcmpc	01V7e
23	5	3		חֵ֛ת	2845	HNp	01zEv
23	5	4		אֶת	853	HTo	01Az9
23	5	5		אַבְרָהָ֖ם	85	HNp	01KsP
23	5	6		לֵ/אמֹ֥ר	l/559	HR/Vqc	0157u
23	5	7		לֽ/וֹ	l	HR/Sp3ms	01XUn
23	6	1		שְׁמָעֵ֣/נוּ	8085	HVqv2ms/Sp1cp	01mnU
23	6	2		אֲדֹנִ֗/י	113	HNcmsc/Sp1cs	013uB
23	6	3		נְשִׂ֨יא	5387 a	HNcmsc	01bE2
23	6	4		אֱלֹהִ֤ים	430	HNcmpa	01kyK
23	6	5		אַתָּה֙	859 a	HPp2ms	01AcS
23	6	6		בְּ/תוֹכֵ֔/נוּ	b/8432	HR/Ncmsc/Sp1cp	01Ui1
23	6	7		בְּ/מִבְחַ֣ר	b/4005	HR/Ncmsc	01qzt
23	6	8		קְבָרֵ֔י/נוּ	6913	HNcmpc/Sp1cp	011Yv
23	6	9		קְבֹ֖ר	6912	HVqv2ms	01unw
23	6	10		אֶת	853	HTo	01xed
23	6	11		מֵתֶ֑/ךָ	4191	HVqrmsc/Sp2ms	01Ld9
23	6	12		אִ֣ישׁ	376	HNcmsa	01mVS
23	6	13		מִמֶּ֔/נּוּ	4480 a	HR/Sp1cp	01LHh
23	6	14		אֶת	853	HTo	01vvz
23	6	15		קִבְר֛/וֹ	6913	HNcmsc/Sp3ms	01h7f
23	6	16		לֹֽא	3808	HTn	01ai6
23	6	17		יִכְלֶ֥ה	3607	HVqi3ms	01PHM
23	6	18		מִמְּ/ךָ֖	4480 a	HR/Sp2ms	01Loh
23	6	19		מִ/קְּבֹ֥ר	m/6912	HR/Vqc	01jbt
23	6	20		מֵתֶֽ/ךָ	4191	HVqrmsc/Sp2ms	01whp
23	7	1		וַ/יָּ֧קָם	c/6965 b	HC/Vqw3ms	01DeS
23	7	2		אַבְרָהָ֛ם	85	HNp	01TDX
23	7	3		וַ/יִּשְׁתַּ֥חוּ	c/7812	HC/Vtw3ms	01kew
23	7	4		לְ/עַם	l/5971 a	HR/Ncmsc	014a7
23	7	5		הָ/אָ֖רֶץ	d/776	HTd/Ncbsa	01Vw1
23	7	6		לִ/בְנֵי	l/1121 a	HR/Ncmpc	01AbP
23	7	7		חֵֽת	2845	HNp	01XC7
23	8	1		וַ/יְדַבֵּ֥ר	c/1696	HC/Vpw3ms	01kSM
23	8	2		אִתָּ֖/ם	854	HR/Sp3mp	017Wp
23	8	3		לֵ/אמֹ֑ר	l/559	HR/Vqc	01i1E
23	8	4		אִם	518 a	HC	01Aby
23	8	5		יֵ֣שׁ	3426	HTm	01dEB
23	8	6		אֶֽת	854	HR	01fQk
23	8	7		נַפְשְׁ/כֶ֗ם	5315	HNcbsc/Sp2mp	01bgn
23	8	8		לִ/קְבֹּ֤ר	l/6912	HR/Vqc	01TM2
23	8	9		אֶת	853	HTo	01k7d
23	8	10		מֵתִ/י֙	4191	HVqrmsc/Sp1cs	01WXj
23	8	11		מִ/לְּ/פָנַ֔/י	m/l/6440	HR/R/Ncbpc/Sp1cs	01Dkb
23	8	12		שְׁמָע֕וּ/נִי	8085	HVqv2mp/Sp1cs	01JBA
23	8	13		וּ/פִגְעוּ	c/6293	HC/Vqv2mp	01ZFp
23	8	14		לִ֖/י	l	HR/Sp1cs	01jzs
23	8	15		בְּ/עֶפְר֥וֹן	b/6085	HR/Np	01SJc
23	8	16		בֶּן	1121 a	HNcmsc	01drC
23	8	17		צֹֽחַר	6714	HNp	01UiC
23	9	1		וְ/יִתֶּן	c/5414	HC/Vqj3ms	01qKv
23	9	2		לִ֗/י	l	HR/Sp1cs	01CuC
23	9	3		אֶת	853	HTo	01CZ7
23	9	4		מְעָרַ֤ת	4631	HNcfsc	01vXD
23	9	5		הַ/מַּכְפֵּלָה֙	d/4375	HTd/Np	01Ph4
23	9	6		אֲשֶׁר	834 a	HTr	01YV4
23	9	7		ל֔/וֹ	l	HR/Sp3ms	01XUH
23	9	8		אֲשֶׁ֖ר	834 a	HTr	011ZZ
23	9	9		בִּ/קְצֵ֣ה	b/7097 a	HR/Ncbsc	01QGw
23	9	10		שָׂדֵ֑/הוּ	7704 b	HNcmsc/Sp3ms	01phZ
23	9	11		בְּ/כֶ֨סֶף	b/3701	HR/Ncmsa	01ytA
23	9	12		מָלֵ֜א	4392	HAamsa	01dor
23	9	13		יִתְּנֶ֥/נָּה	5414	HVqj3ms/Sp3fs	01kRt
23	9	14		לִ֛/י	l	HR/Sp1cs	01p5S
23	9	15		בְּ/תוֹכְ/כֶ֖ם	b/8432	HR/Ncmsc/Sp2mp	016AX
23	9	16		לַ/אֲחֻזַּת	l/272	HR/Ncfsc	01rCA
23	9	17		קָֽבֶר	6913	HNcmsa	01st4
23	10	1		וְ/עֶפְר֥וֹן	c/6085	HC/Np	01xDN
23	10	2		יֹשֵׁ֖ב	3427	HVqrmsa	01uhF
23	10	3		בְּ/ת֣וֹךְ	b/8432	HR/Ncmsc	01Feh
23	10	4		בְּנֵי	1121 a	HNcmpc	01Uiv
23	10	5		חֵ֑ת	2845	HNp	01qY1
23	10	6		וַ/יַּעַן֩	c/6030 b	HC/Vqw3ms	01Eh1
23	10	7		עֶפְר֨וֹן	6085	HNp	01TcL
23	10	8		הַ/חִתִּ֤י	d/2850	HTd/Ngmsa	0157W
23	10	9		אֶת	853	HTo	018WE
23	10	10		אַבְרָהָם֙	85	HNp	01sZh
23	10	11		בְּ/אָזְנֵ֣י	b/241	HR/Ncfdc	01hW6
23	10	12		בְנֵי	1121 a	HNcmpc	01Fjn
23	10	13		חֵ֔ת	2845	HNp	01NMJ
23	10	14		לְ/כֹ֛ל	l/3605	HR/Ncmsc	01KgD
23	10	15		בָּאֵ֥י	935	HVqrmpc	01o41
23	10	16		שַֽׁעַר	8179	HNcmsc	01Q19
23	10	17		עִיר֖/וֹ	5892 b	HNcfsc/Sp3ms	01M82
23	10	18		לֵ/אמֹֽר	l/559	HR/Vqc	01FQt
23	11	1		לֹֽא	3808	HTn	016U3
23	11	2		אֲדֹנִ֣/י	113	HNcmsc/Sp1cs	0177g
23	11	3		שְׁמָעֵ֔/נִי	8085	HVqv2ms/Sp1cs	01Njc
23	11	4		הַ/שָּׂדֶה֙	d/7704 b	HTd/Ncmsa	01vvs
23	11	5		נָתַ֣תִּי	5414	HVqp1cs	01kh1
23	11	6		לָ֔/ךְ	l	HR/Sp2fs	01HfB
23	11	7		וְ/הַ/מְּעָרָ֥ה	c/d/4631	HC/Td/Ncfsa	011Hv
23	11	8		אֲשֶׁר	834 a	HTr	01y4b
23	11	9		בּ֖/וֹ	b	HR/Sp3ms	01ULW
23	11	10		לְ/ךָ֣	l	HR/Sp2ms	01GUN
23	11	11		נְתַתִּ֑י/הָ	5414	HVqp1cs/Sp3fs	01yfp
23	11	12		לְ/עֵינֵ֧י	l/5869 a	HR/Ncbdc	01szn
23	11	13		בְנֵי	1121 a	HNcmpc	01334
23	11	14		עַמִּ֛/י	5971 a	HNcmsc/Sp1cs	01Qde
23	11	15		נְתַתִּ֥י/הָ	5414	HVqp1cs/Sp3fs	01K62
23	11	16		לָּ֖/ךְ	l	HR/Sp2fs	01dBK
23	11	17		קְבֹ֥ר	6912	HVqv2ms	01J89
23	11	18		מֵתֶֽ/ךָ	4191	HVqrmsc/Sp2ms	01iLi
23	12	1		וַ/יִּשְׁתַּ֨חוּ֙	c/7812	HC/Vtw3ms	01tFm
23	12	2		אַבְרָהָ֔ם	85	HNp	01kxU
23	12	3		לִ/פְנֵ֖י	l/6440	HR/Ncbpc	01Wsw
23	12	4		עַ֥ם	5971 a	HNcmsc	01BjS
23	12	5		הָ/אָֽרֶץ	d/776	HTd/Ncbsa	01Xcv
23	13	1		וַ/יְדַבֵּ֨ר	c/1696	HC/Vpw3ms	01PRu
23	13	2		אֶל	413	HR	01mZG
23	13	3		עֶפְר֜וֹן	6085	HNp	01BVn
23	13	4		בְּ/אָזְנֵ֤י	b/241	HR/Ncfdc	01FZr
23	13	5		עַם	5971 a	HNcmsc	01upQ
23	13	6		הָ/אָ֨רֶץ֙	d/776	HTd/Ncbsa	01VzQ
23	13	7		לֵ/אמֹ֔ר	l/559	HR/Vqc	01Ym9
23	13	8		אַ֛ךְ	389	HTa	01xhV
23	13	9		אִם	518 a	HC	01rLw
23	13	10		אַתָּ֥ה	859 a	HPp2ms	01tc3
23	13	11		ל֖וּ	3863	HC	01Asj
23	13	12		שְׁמָעֵ֑/נִי	8085	HVqv2ms/Sp1cs	01ZFJ
23	13	13		נָתַ֜תִּי	5414	HVqp1cs	01G2v
23	13	14		כֶּ֤סֶף	3701	HNcmsc	01pGd
23	13	15		הַ/שָּׂדֶה֙	d/7704 b	HTd/Ncmsa	01S8b
23	13	16		קַ֣ח	3947	HVqv2ms	01QfR
23	13	17		מִמֶּ֔/נִּי	4480 a	HR/Sp1cs	01a9L
23	13	18		וְ/אֶקְבְּרָ֥ה	c/6912	HC/Vqh1cs	0187i
23	13	19		אֶת	853	HTo	01HbV
23	13	20		מֵתִ֖/י	4191	HVqrmsc/Sp1cs	018Ef
23	13	21		שָֽׁמָּ/ה	8033	HD/Sd	01Jx8
23	14	1		וַ/יַּ֧עַן	c/6030 b	HC/Vqw3ms	01BdY
23	14	2		עֶפְר֛וֹן	6085	HNp	01Wgk
23	14	3		אֶת	853	HTo	017KL
23	14	4		אַבְרָהָ֖ם	85	HNp	01uD3
23	14	5		לֵ/אמֹ֥ר	l/559	HR/Vqc	01Chs
23	14	6		לֽ/וֹ	l	HR/Sp3ms	01yyk
23	15	1		אֲדֹנִ֣/י	113	HNcmsc/Sp1cs	01hcZ
23	15	2		שְׁמָעֵ֔/נִי	8085	HVqv2ms/Sp1cs	01dNA
23	15	3		אֶרֶץ֩	776	HNcbsc	01RpE
23	15	4		אַרְבַּ֨ע	702	HAcfsa	01q3b
23	15	5		מֵאֹ֧ת	3967	HAcbpa	01PeM
23	15	6		שֶֽׁקֶל	8255	HNcmsc	01RXz
23	15	7		כֶּ֛סֶף	3701	HNcmsa	01aju
23	15	8		בֵּינִ֥/י	996	HR/Sp1cs	019mk
23	15	9		וּ/בֵֽינְ/ךָ֖	c/996	HC/R/Sp2ms	01dWz
23	15	10		מַה	4100	HTi	01hpc
23	15	11		הִ֑וא	1931	HPp3fs	0165B
23	15	12		וְ/אֶת	c/853	HC/To	0159k
23	15	13		מֵתְ/ךָ֖	4191	HVqrmsc/Sp2ms	01G4x
23	15	14		קְבֹֽר	6912	HVqv2ms	01D9r
23	16	1		וַ/יִּשְׁמַ֣ע	c/8085	HC/Vqw3ms	01Fn5
23	16	2		אַבְרָהָם֮	85	HNp	01u2c
23	16	3		אֶל	413	HR	01aLU
23	16	4		עֶפְרוֹן֒	6085	HNp	01zxD
23	16	5		וַ/יִּשְׁקֹ֤ל	c/8254	HC/Vqw3ms	01qCS
23	16	6		אַבְרָהָם֙	85	HNp	01Rt6
23	16	7		לְ/עֶפְרֹ֔ן	l/6085	HR/Np	01fKp
23	16	8		אֶת	853	HTo	01Zcg
23	16	9		הַ/כֶּ֕סֶף	d/3701	HTd/Ncmsa	01ySA
23	16	10		אֲשֶׁ֥ר	834 a	HTr	01qsK
23	16	11		דִּבֶּ֖ר	1696	HVpp3ms	01dUR
23	16	12		בְּ/אָזְנֵ֣י	b/241	HR/Ncfdc	01Xge
23	16	13		בְנֵי	1121 a	HNcmpc	01cxE
23	16	14		חֵ֑ת	2845	HNp	01NhT
23	16	15		אַרְבַּ֤ע	702	HAcfsa	018rt
23	16	16		מֵאוֹת֙	3967	HAcbpa	01FSn
23	16	17		שֶׁ֣קֶל	8255	HNcmsc	01ABP
23	16	18		כֶּ֔סֶף	3701	HNcmsa	0175p
23	16	19		עֹבֵ֖ר	5674 a	HVqrmsa	01Zaf
23	16	20		לַ/סֹּחֵֽר	l/5503	HRd/Vqrmsa	01PSe
23	17	1		וַ/יָּ֣קָם	c/6965 b	HC/Vqw3ms	01xN1
23	17	2		שְׂדֵ֣ה	7704 b	HNcmsc	01Xkg
23	17	3		עֶפְר֗וֹן	6085	HNp	01vQX
23	17	4		אֲשֶׁר֙	834 a	HTr	01Vn9
23	17	5		בַּ/מַּכְפֵּלָ֔ה	b/4375	HRd/Np	01GiN
23	17	6		אֲשֶׁ֖ר	834 a	HTr	01c4u
23	17	7		לִ/פְנֵ֣י	l/6440	HR/Ncbpc	01ukD
23	17	8		מַמְרֵ֑א	4471	HNp	01Cqq
23	17	9		הַ/שָּׂדֶה֙	d/7704 b	HTd/Ncmsa	01GM2
23	17	10		וְ/הַ/מְּעָרָ֣ה	c/d/4631	HC/Td/Ncfsa	01Nac
23	17	11		אֲשֶׁר	834 a	HTr	017qo
23	17	12		בּ֔/וֹ	b	HR/Sp3ms	01htN
23	17	13		וְ/כָל	c/3605	HC/Ncmsc	019N7
23	17	14		הָ/עֵץ֙	d/6086	HTd/Ncmsa	01vNp
23	17	15		אֲשֶׁ֣ר	834 a	HTr	01vJK
23	17	16		בַּ/שָּׂדֶ֔ה	b/7704 b	HRd/Ncmsa	01ZQ4
23	17	17		אֲשֶׁ֥ר	834 a	HTr	01Aoa
23	17	18		בְּ/כָל	b/3605	HR/Ncmsc	01g1p
23	17	19		גְּבֻל֖/וֹ	1366	HNcmsc/Sp3ms	01xBa
23	17	20		סָבִֽיב	5439	HNcbsa	01av2
23	18	1		לְ/אַבְרָהָ֥ם	l/85	HR/Np	01cwV
23	18	2		לְ/מִקְנָ֖ה	l/4736	HR/Ncfsa	01TAc
23	18	3		לְ/עֵינֵ֣י	l/5869 a	HR/Ncbdc	01WW6
23	18	4		בְנֵי	1121 a	HNcmpc	01hnS
23	18	5		חֵ֑ת	2845	HNp	01w1B
23	18	6		בְּ/כֹ֖ל	b/3605	HR/Ncmsc	01gSp
23	18	7		בָּאֵ֥י	935	HVqrmpc	01HpS
23	18	8		שַֽׁעַר	8179	HNcmsc	011h7
23	18	9		עִירֽ/וֹ	5892 b	HNcfsc/Sp3ms	01yT7
23	19	1		וְ/אַחֲרֵי	c/310 a	HC/R	01YRx
23	19	2		כֵן֩	3651 c	HD	01FHT
23	19	3		קָבַ֨ר	6912	HVqp3ms	01dPE
23	19	4		אַבְרָהָ֜ם	85	HNp	01XrC
23	19	5		אֶת	853	HTo	01uiX
23	19	6		שָׂרָ֣ה	8283	HNp	0125p
23	19	7		אִשְׁתּ֗/וֹ	802	HNcfsc/Sp3ms	01HVF
23	19	8		אֶל	413	HR	01m2K
23	19	9		מְעָרַ֞ת	4631	HNcfsc	0167o
23	19	10		שְׂדֵ֧ה	7704 b	HNcmsc	01njm
23	19	11		הַ/מַּכְפֵּלָ֛ה	d/4375	HTd/Np	01b7Q
23	19	12		עַל	5921 a	HR	01SVW
23	19	13		פְּנֵ֥י	6440	HNcbpc	01ZYw
23	19	14		מַמְרֵ֖א	4471	HNp	019yq
23	19	15		הִ֣וא	1931	HPp3fs	01dWR
23	19	16		חֶבְר֑וֹן	2275 a	HNp	01hto
23	19	17		בְּ/אֶ֖רֶץ	b/776	HR/Ncbsc	01d9Z
23	19	18		כְּנָֽעַן	3667 a	HNp	01G9m
23	20	1		וַ/יָּ֨קָם	c/6965 b	HC/Vqw3ms	01io6
23	20	2		הַ/שָּׂדֶ֜ה	d/7704 b	HTd/Ncmsa	01xWm
23	20	3		וְ/הַ/מְּעָרָ֧ה	c/d/4631	HC/Td/Ncfsa	01dsU
23	20	4		אֲשֶׁר	834 a	HTr	01bYp
23	20	5		בּ֛/וֹ	b	HR/Sp3ms	015Qo
23	20	6		לְ/אַבְרָהָ֖ם	l/85	HR/Np	01Ayf
23	20	7		לַ/אֲחֻזַּת	l/272	HR/Ncfsc	01XSV
23	20	8		קָ֑בֶר	6913	HNcmsa	01tA7
23	20	9		מֵ/אֵ֖ת	m/854	HR/R	018UE
23	20	10		בְּנֵי	1121 a	HNcmpc	01vD9
23	20	11		חֵֽת	2845	HNp	01c2q
24	1	1		וְ/אַבְרָהָ֣ם	c/85	HC/Np	01ArC
24	1	2		זָקֵ֔ן	2204	HVqp3ms	01L4t
24	1	3		בָּ֖א	935	HVqp3ms	01tBV
24	1	4		בַּ/יָּמִ֑ים	b/3117	HRd/Ncmpa	01sP7
24	1	5		וַֽ/יהוָ֛ה	c/3068	HC/Np	01HaF
24	1	6		בֵּרַ֥ךְ	1288	HVpp3ms	01r1k
24	1	7		אֶת	853	HTo	01S4c
24	1	8		אַבְרָהָ֖ם	85	HNp	01nw6
24	1	9		בַּ/כֹּֽל	b/3605	HRd/Ncmsa	01sz1
24	2	1		וַ/יֹּ֣אמֶר	c/559	HC/Vqw3ms	01dYv
24	2	2		אַבְרָהָ֗ם	85	HNp	01geX
24	2	3		אֶל	413	HR	01CP6
24	2	4		עַבְדּ/וֹ֙	5650	HNcmsc/Sp3ms	01zkp
24	2	5		זְקַ֣ן	2205	HAamsc	01w5g
24	2	6		בֵּית֔/וֹ	1004 b	HNcmsc/Sp3ms	01xko
24	2	7		הַ/מֹּשֵׁ֖ל	d/4910	HTd/Vqrmsa	01Xb8
24	2	8		בְּ/כָל	b/3605	HR/Ncmsc	01vEK
24	2	9		אֲשֶׁר	834 a	HTr	01BUo
24	2	10		ל֑/וֹ	l	HR/Sp3ms	01Tkw
24	2	11		שִֽׂים	7760 a	HVqv2ms	01mH6
24	2	12		נָ֥א	4994	HTe	012dU
24	2	13		יָדְ/ךָ֖	3027	HNcbsc/Sp2ms	01Xtc
24	2	14		תַּ֥חַת	8478	HR	01GjZ
24	2	15		יְרֵכִֽ/י	3409	HNcfsc/Sp1cs	01zYY
24	3	1		וְ/אַשְׁבִּ֣יעֲ/ךָ֔	c/7650	HC/Vhi1cs/Sp2ms	01D36
24	3	2		בַּֽ/יהוָה֙	b/3068	HR/Np	012Ri
24	3	3		אֱלֹהֵ֣י	430	HNcmpc	01HWE
24	3	4		הַ/שָּׁמַ֔יִם	d/8064	HTd/Ncmpa	01TXG
24	3	5		וֵֽ/אלֹהֵ֖י	c/430	HC/Ncmpc	01z6T
24	3	6		הָ/אָ֑רֶץ	d/776	HTd/Ncbsa	01CnF
24	3	7		אֲשֶׁ֨ר	834 a	HTr	01yqC
24	3	8		לֹֽא	3808	HTn	01RVq
24	3	9		תִקַּ֤ח	3947	HVqi2ms	01SUy
24	3	10		אִשָּׁה֙	802	HNcfsa	01Z4u
24	3	11		לִ/בְנִ֔/י	l/1121 a	HR/Ncmsc/Sp1cs	01zem
24	3	12		מִ/בְּנוֹת֙	m/1323	HR/Ncfpc	01ULr
24	3	13		הַֽ/כְּנַעֲנִ֔י	d/3669 a	HTd/Ngmsa	01RgZ
24	3	14		אֲשֶׁ֥ר	834 a	HTr	01JuZ
24	3	15		אָנֹכִ֖י	595	HPp1cs	01Cxh
24	3	16		יוֹשֵׁ֥ב	3427	HVqrmsa	01sBP
24	3	17		בְּ/קִרְבּֽ/וֹ	b/7130	HR/Ncmsc/Sp3ms	01CNj
24	4	1		כִּ֧י	3588 a	HC	01X8a
24	4	2		אֶל	413	HR	01N8o
24	4	3		אַרְצִ֛/י	776	HNcbsc/Sp1cs	01x8G
24	4	4		וְ/אֶל	c/413	HC/R	01PWT
24	4	5		מוֹלַדְתִּ֖/י	4138	HNcfsc/Sp1cs	01RGg
24	4	6		תֵּלֵ֑ךְ	3212	HVqi2ms	01PN9
24	4	7		וְ/לָקַחְתָּ֥	c/3947	HC/Vqp2ms	01QQH
24	4	8		אִשָּׁ֖ה	802	HNcfsa	01Nk6
24	4	9		לִ/בְנִ֥/י	l/1121 a	HR/Ncmsc/Sp1cs	01bqe
24	4	10		לְ/יִצְחָֽק	l/3327	HR/Np	01Lo7
24	5	1		וַ/יֹּ֤אמֶר	c/559	HC/Vqw3ms	01XkF
24	5	2		אֵלָי/ו֙	413	HR/Sp3ms	01fzP
24	5	3		הָ/עֶ֔בֶד	d/5650	HTd/Ncmsa	01Se7
24	5	4		אוּלַי֙	194	HD	01xP3
24	5	5		לֹא	3808	HTn	01Hqs
24	5	6		תֹאבֶ֣ה	14	HVqi3fs	01WCC
24	5	7		הָֽ/אִשָּׁ֔ה	d/802	HTd/Ncfsa	01MNb
24	5	8		לָ/לֶ֥כֶת	l/3212	HR/Vqc	01BW3
24	5	9		אַחֲרַ֖/י	310 a	HR/Sp1cs	01fHF
24	5	10		אֶל	413	HR	01RME
24	5	11		הָ/אָ֣רֶץ	d/776	HTd/Ncbsa	019JG
24	5	12		הַ/זֹּ֑את	d/2063	HTd/Pdxfs	01Gt3
24	5	13		הֶֽ/הָשֵׁ֤ב	i/7725	HTi/Vha	01H48
24	5	14		אָשִׁיב֙	7725	HVhi1cs	011jx
24	5	15		אֶת	853	HTo	01AkN
24	5	16		בִּנְ/ךָ֔	1121 a	HNcmsc/Sp2ms	0144o
24	5	17		אֶל	413	HR	01FRQ
24	5	18		הָ/אָ֖רֶץ	d/776	HTd/Ncbsa	01vJw
24	5	19		אֲשֶׁר	834 a	HTr	01HX9
24	5	20		יָצָ֥אתָ	3318	HVqp2ms	01SHe
24	5	21		מִ/שָּֽׁם	m/8033	HR/D	01HRn
24	6	1		וַ/יֹּ֥אמֶר	c/559	HC/Vqw3ms	01pmD
24	6	2		אֵלָ֖י/ו	413	HR/Sp3ms	013Kj
24	6	3		אַבְרָהָ֑ם	85	HNp	01YyV
24	6	4		הִשָּׁ֣מֶר	8104	HVNv2ms	012m6
24	6	5		לְ/ךָ֔	l	HR/Sp2ms	01AHo
24	6	6		פֶּן	6435	HC	01PYm
24	6	7		תָּשִׁ֥יב	7725	HVhi2ms	01CnX
24	6	8		אֶת	853	HTo	01zv9
24	6	9		בְּנִ֖/י	1121 a	HNcmsc/Sp1cs	01UjU
24	6	10		שָֽׁמָּ/ה	8033	HD/Sd	01XMJ
24	7	1		יְהוָ֣ה	3068	HNp	014cS
24	7	2		אֱלֹהֵ֣י	430	HNcmpc	01Pez
24	7	3		הַ/שָּׁמַ֗יִם	d/8064	HTd/Ncmpa	01Tmw
24	7	4		אֲשֶׁ֨ר	834 a	HTr	01B17
24	7	5		לְקָחַ֜/נִי	3947	HVqp3ms/Sp1cs	01m7v
24	7	6		מִ/בֵּ֣ית	m/1004 b	HR/Ncmsc	01mbr
24	7	7		אָבִ/י֮	1	HNcmsc/Sp1cs	01d8A
24	7	8		וּ/מֵ/אֶ֣רֶץ	c/m/776	HC/R/Ncbsc	01LDp
24	7	9		מֽוֹלַדְתִּ/י֒	4138	HNcfsc/Sp1cs	01EbD
24	7	10		וַ/אֲשֶׁ֨ר	c/834 a	HC/Tr	01vmr
24	7	11		דִּבֶּר	1696	HVpp3ms	01gPA
24	7	12		לִ֜/י	l	HR/Sp1cs	01yrj
24	7	13		וַ/אֲשֶׁ֤ר	c/834 a	HC/Tr	01rW3
24	7	14		נִֽשְׁבַּֽע	7650	HVNp3ms	017nu
24	7	15		לִ/י֙	l	HR/Sp1cs	01GmY
24	7	16		לֵ/אמֹ֔ר	l/559	HR/Vqc	01V5Z
24	7	17		לְ/זַ֨רְעֲ/ךָ֔	l/2233	HR/Ncmsc/Sp2ms	01Rks
24	7	18		אֶתֵּ֖ן	5414	HVqi1cs	01PFv
24	7	19		אֶת	853	HTo	01YrJ
24	7	20		הָ/אָ֣רֶץ	d/776	HTd/Ncbsa	01a9C
24	7	21		הַ/זֹּ֑את	d/2063	HTd/Pdxfs	01y3g
24	7	22		ה֗וּא	1931	HPp3ms	01N47
24	7	23		יִשְׁלַ֤ח	7971	HVqi3ms	01jS9
24	7	24		מַלְאָכ/וֹ֙	4397	HNcmsc/Sp3ms	018nc
24	7	25		לְ/פָנֶ֔י/ךָ	l/6440	HR/Ncbpc/Sp2ms	01kG8
24	7	26		וְ/לָקַחְתָּ֥	c/3947	HC/Vqq2ms	01tqG
24	7	27		אִשָּׁ֛ה	802	HNcfsa	019Yc
24	7	28		לִ/בְנִ֖/י	l/1121 a	HR/Ncmsc/Sp1cs	01DCA
24	7	29		מִ/שָּֽׁם	m/8033	HR/D	01znP
24	8	1		וְ/אִם	c/518 a	HC/C	01tys
24	8	2		לֹ֨א	3808	HTn	01w77
24	8	3		תֹאבֶ֤ה	14	HVqi3fs	019HF
24	8	4		הָֽ/אִשָּׁה֙	d/802	HTd/Ncfsa	01b78
24	8	5		לָ/לֶ֣כֶת	l/3212	HR/Vqc	01eSY
24	8	6		אַחֲרֶ֔י/ךָ	310 a	HR/Sp2ms	01Q54
24	8	7		וְ/נִקִּ֕יתָ	c/5352	HC/VNp2ms	01eVt
24	8	8		מִ/שְּׁבֻעָתִ֖/י	m/7621	HR/Ncfsc/Sp1cs	017yH
24	8	9		זֹ֑את	2063	HPdxfs	01th9
24	8	10		רַ֣ק	7535	HTa	016p7
24	8	11		אֶת	853	HTo	01DuL
24	8	12		בְּנִ֔/י	1121 a	HNcmsc/Sp1cs	0169b
24	8	13		לֹ֥א	3808	HTn	01P68
24	8	14		תָשֵׁ֖ב	7725	HVhi2ms	01bdj
24	8	15		שָֽׁמָּ/ה	8033	HD/Sd	01GT8
24	9	1		וַ/יָּ֤שֶׂם	c/7760 a	HC/Vqw3ms	01f7H
24	9	2		הָ/עֶ֨בֶד֙	d/5650	HTd/Ncmsa	01o5p
24	9	3		אֶת	853	HTo	01Cxf
24	9	4		יָד֔/וֹ	3027	HNcbsc/Sp3ms	012gP
24	9	5		תַּ֛חַת	8478	HR	011iN
24	9	6		יֶ֥רֶךְ	3409	HNcfsc	01vsF
24	9	7		אַבְרָהָ֖ם	85	HNp	01KFH
24	9	8		אֲדֹנָ֑י/ו	113	HNcmpc/Sp3ms	018ey
24	9	9		וַ/יִּשָּׁ֣בַֽע	c/7650	HC/VNw3ms	01m3Q
24	9	10		ל֔/וֹ	l	HR/Sp3ms	018Fp
24	9	11		עַל	5921 a	HR	01QVD
24	9	12		הַ/דָּבָ֖ר	d/1697	HTd/Ncmsa	013Yr
24	9	13		הַ/זֶּֽה	d/2088	HTd/Pdxms	014rB
24	10	1		וַ/יִּקַּ֣ח	c/3947	HC/Vqw3ms	017j5
24	10	2		הָ֠/עֶבֶד	d/5650	HTd/Ncmsa	01vMk
24	10	3		עֲשָׂרָ֨ה	6235	HAcmsa	01yXY
24	10	4		גְמַלִּ֜ים	1581	HNcmpa	01TFT
24	10	5		מִ/גְּמַלֵּ֤י	m/1581	HR/Ncmpc	019n8
24	10	6		אֲדֹנָי/ו֙	113	HNcmpc/Sp3ms	015kG
24	10	7		וַ/יֵּ֔לֶךְ	c/3212	HC/Vqw3ms	01XLv
24	10	8		וְ/כָל	c/3605	HC/Ncmsc	01SPD
24	10	9		ט֥וּב	2898	HNcmsc	011jw
24	10	10		אֲדֹנָ֖י/ו	113	HNcmpc/Sp3ms	01j1A
24	10	11		בְּ/יָד֑/וֹ	b/3027	HR/Ncbsc/Sp3ms	01k9b
24	10	12		וַ/יָּ֗קָם	c/6965 b	HC/Vqw3ms	01xFg
24	10	13		וַ/יֵּ֛לֶךְ	c/3212	HC/Vqw3ms	01TPh
24	10	14		אֶל	413	HR	01PzZ
24	10	15		אֲרַ֥ם	763+	HNp	01wVu
24	10	16		נַֽהֲרַ֖יִם	763	HNp	01Y2m
24	10	17		אֶל	413	HR	01vpr
24	10	18		עִ֥יר	5892 b	HNcfsc	01SwR
24	10	19		נָחֽוֹר	5152	HNp	01DQF
24	11	1		וַ/יַּבְרֵ֧ךְ	c/1288	HC/Vhw3ms	01m8G
24	11	2		הַ/גְּמַלִּ֛ים	d/1581	HTd/Ncmpa	01iFH
24	11	3		מִ/ח֥וּץ	m/2351	HR/Ncmsa	01UVR
24	11	4		לָ/עִ֖יר	l/5892 b	HRd/Ncfsa	01hK6
24	11	5		אֶל	413	HR	01P5i
24	11	6		בְּאֵ֣ר	875	HNcfsc	01Zuk
24	11	7		הַ/מָּ֑יִם	d/4325	HTd/Ncmpa	01Xpa
24	11	8		לְ/עֵ֣ת	l/6256	HR/Ncbsc	01F6v
24	11	9		עֶ֔רֶב	6153	HNcmsa	01jek
24	11	10		לְ/עֵ֖ת	l/6256	HR/Ncbsc	01NjL
24	11	11		צֵ֥את	3318	HVqc	01QhZ
24	11	12		הַ/שֹּׁאֲבֹֽת	d/7579	HTd/Vqrfpa	018Y2
24	12	1		וַ/יֹּאמַ֓ר	c/559	HC/Vqw3ms	01wSY
24	12	2		יְהוָ֗ה	3068	HNp	01sGn
24	12	3		אֱלֹהֵי֙	430	HNcmpc	01EVR
24	12	4		אֲדֹנִ֣/י	113	HNcmsc/Sp1cs	01xHF
24	12	5		אַבְרָהָ֔ם	85	HNp	01E6X
24	12	6		הַקְרֵה	7136 a	HVhv2ms	01CmY
24	12	7		נָ֥א	4994	HTe	01zBD
24	12	8		לְ/פָנַ֖/י	l/6440	HR/Ncbpc/Sp1cs	01H4G
24	12	9		הַ/יּ֑וֹם	d/3117	HTd/Ncmsa	01gFy
24	12	10		וַ/עֲשֵׂה	c/6213 a	HC/Vqv2ms	01111
24	12	11		חֶ֕סֶד	2617 a	HNcmsa	01Tu3
24	12	12		עִ֖ם	5973 a	HR	01otC
24	12	13		אֲדֹנִ֥/י	113	HNcmsc/Sp1cs	01YDM
24	12	14		אַבְרָהָֽם	85	HNp	01ru7
24	13	1		הִנֵּ֛ה	2009	HTm	01rHU
24	13	2		אָנֹכִ֥י	595	HPp1cs	01t3d
24	13	3		נִצָּ֖ב	5324	HVNrmsa	01k6B
24	13	4		עַל	5921 a	HR	0172o
24	13	5		עֵ֣ין	5869 b	HNcbsc	01eAa
24	13	6		הַ/מָּ֑יִם	d/4325	HTd/Ncmpa	01RTe
24	13	7		וּ/בְנוֹת֙	c/1323	HC/Ncfpc	013Ca
24	13	8		אַנְשֵׁ֣י	376	HNcmpc	01zDb
24	13	9		הָ/עִ֔יר	d/5892 b	HTd/Ncfsa	01qQV
24	13	10		יֹצְאֹ֖ת	3318	HVqrfpa	01V8A
24	13	11		לִ/שְׁאֹ֥ב	l/7579	HR/Vqc	018Z7
24	13	12		מָֽיִם	4325	HNcmpa	01UPz
24	14	1		וְ/הָיָ֣ה	c/1961	HC/Vqp3ms	01x31
24	14	2		הַֽ/נַּעֲרָ֗	d/5291	HTd/Ncfsa	015NB
24	14	3		אֲשֶׁ֨ר	834 a	HTr	01pyv
24	14	4		אֹמַ֤ר	559	HVqi1cs	01tbn
24	14	5		אֵלֶ֨י/הָ֙	413	HR/Sp3fs	01eu1
24	14	6		הַטִּי	5186	HVhv2fs	018af
24	14	7		נָ֤א	4994	HTe	01Bpw
24	14	8		כַדֵּ/ךְ֙	3537	HNcfsc/Sp2fs	013Hw
24	14	9		וְ/אֶשְׁתֶּ֔ה	c/8354	HC/Vqi1cs	01mhm
24	14	10		וְ/אָמְרָ֣ה	c/559	HC/Vqp3fs	01W2d
24	14	11		שְׁתֵ֔ה	8354	HVqv2ms	013Mv
24	14	12		וְ/גַם	c/1571	HC/Ta	01aJE
24	14	13		גְּמַלֶּ֖י/ךָ	1581	HNcmpc/Sp2ms	01HVc
24	14	14		אַשְׁקֶ֑ה	8248	HVhi1cs	01zeo
24	14	15		אֹתָ֤/הּ	853	HTo/Sp3fs	01Enp
24	14	16		הֹכַ֨חְתָּ֙	3198	HVhp2ms	01kf1
24	14	17		לְ/עַבְדְּ/ךָ֣	l/5650	HR/Ncmsc/Sp2ms	01ZPC
24	14	18		לְ/יִצְחָ֔ק	l/3327	HR/Np	01qxU
24	14	19		וּ/בָ֣/הּ	c/b	HC/R/Sp3fs	01Pgi
24	14	20		אֵדַ֔ע	3045	HVqi1cs	01MkP
24	14	21		כִּי	3588 a	HC	015hP
24	14	22		עָשִׂ֥יתָ	6213 a	HVqp2ms	01zD4
24	14	23		חֶ֖סֶד	2617 a	HNcmsa	01KEB
24	14	24		עִם	5973 a	HR	01cZY
24	14	25		אֲדֹנִֽ/י	113	HNcmsc/Sp1cs	0122d
24	15	1		וַֽ/יְהִי	c/1961	HC/Vqw3ms	01CRW
24	15	2		ה֗וּא	1931	HPp3ms	01wv6
24	15	3		טֶרֶם֮	2962	HD	01GZn
24	15	4		כִּלָּ֣ה	3615	HVpp3ms	01Jwq
24	15	5		לְ/דַבֵּר֒	l/1696	HR/Vpc	01wkd
24	15	6		וְ/הִנֵּ֧ה	c/2009	HC/Tm	01eKd
24	15	7		רִבְקָ֣ה	7259	HNp	01goP
24	15	8		יֹצֵ֗את	3318	HVqrfsa	012Lj
24	15	9		אֲשֶׁ֤ר	834 a	HTr	01H2i
24	15	10		יֻלְּדָה֙	3205	HVPp3fs	01iMH
24	15	11		לִ/בְתוּאֵ֣ל	l/1328 a	HR/Np	01SHu
24	15	12		בֶּן	1121 a	HNcmsc	01xJc
24	15	13		מִלְכָּ֔ה	4435	HNp	01zu3
24	15	14		אֵ֥שֶׁת	802	HNcfsc	01srN
24	15	15		נָח֖וֹר	5152	HNp	01cPD
24	15	16		אֲחִ֣י	251	HNcmsc	01rfv
24	15	17		אַבְרָהָ֑ם	85	HNp	01HSf
24	15	18		וְ/כַדָּ֖/הּ	c/3537	HC/Ncfsc/Sp3fs	01dMJ
24	15	19		עַל	5921 a	HR	01Q3W
24	15	20		שִׁכְמָֽ/הּ	7926	HNcmsc/Sp3fs	019nC
24	16	1		וְ/הַֽ/נַּעֲרָ֗	c/d/5291	HC/Td/Ncfsa	01Es7
24	16	2		טֹבַ֤ת	2896 a	HAafsc	01WgU
24	16	3		מַרְאֶה֙	4758	HNcmsa	01y3p
24	16	4		מְאֹ֔ד	3966	HD	01Um9
24	16	5		בְּתוּלָ֕ה	1330	HNcfsa	01r8S
24	16	6		וְ/אִ֖ישׁ	c/376	HC/Ncmsa	01XS1
24	16	7		לֹ֣א	3808	HTn	01HHu
24	16	8		יְדָעָ֑/הּ	3045	HVqp3ms/Sp3fs	0134B
24	16	9		וַ/תֵּ֣רֶד	c/3381	HC/Vqw3fs	01tQL
24	16	10		הָ/עַ֔יְנָ/ה	d/5869 b	HTd/Ncbsa/Sd	01qz3
24	16	11		וַ/תְּמַלֵּ֥א	c/4390	HC/Vpw3fs	01PBZ
24	16	12		כַדָּ֖/הּ	3537	HNcfsc/Sp3fs	01JhC
24	16	13		וַ/תָּֽעַל	c/5927	HC/Vqw3fs	0157q
24	17	1		וַ/יָּ֥רָץ	c/7323	HC/Vqw3ms	01tgx
24	17	2		הָ/עֶ֖בֶד	d/5650	HTd/Ncmsa	01b5Z
24	17	3		לִ/קְרָאתָ֑/הּ	l/7125	HR/Vqc/Sp3fs	01gH8
24	17	4		וַ/יֹּ֕אמֶר	c/559	HC/Vqw3ms	01ktM
24	17	5		הַגְמִיאִ֥י/נִי	1572	HVhv2fs/Sp1cs	01tnx
24	17	6		נָ֛א	4994	HTe	01Eje
24	17	7		מְעַט	4592	HNcmsc	014XJ
24	17	8		מַ֖יִם	4325	HNcmpa	01Zod
24	17	9		מִ/כַּדֵּֽ/ךְ	m/3537	HR/Ncfsc/Sp3fs	01HWG
24	18	1		וַ/תֹּ֖אמֶר	c/559	HC/Vqw3fs	01Kq8
24	18	2		שְׁתֵ֣ה	8354	HVqv2ms	01HEQ
24	18	3		אֲדֹנִ֑/י	113	HNcmsc/Sp1cs	01Zrg
24	18	4		וַ/תְּמַהֵ֗ר	c/4116 a	HC/Vpw3fs	01Jb7
24	18	5		וַ/תֹּ֧רֶד	c/3381	HC/Vhw3fs	01gGi
24	18	6		כַּדָּ֛/הּ	3537	HNcfsc/Sp3fs	01ETT
24	18	7		עַל	5921 a	HR	01uax
24	18	8		יָדָ֖/הּ	3027	HNcbsc/Sp3fs	01gN6
24	18	9		וַ/תַּשְׁקֵֽ/הוּ	c/8248	HC/Vhw3fs/Sp3ms	01Jyu
24	19	1		וַ/תְּכַ֖ל	c/3615	HC/Vpw3fs	01RyA
24	19	2		לְ/הַשְׁקֹת֑/וֹ	l/8248	HR/Vhc/Sp3ms	01UFq
24	19	3		וַ/תֹּ֗אמֶר	c/559	HC/Vqw3fs	01LyZ
24	19	4		גַּ֤ם	1571	HTa	01E3h
24	19	5		לִ/גְמַלֶּ֨י/ךָ֙	l/1581	HR/Ncmpc/Sp2ms	0163g
24	19	6		אֶשְׁאָ֔ב	7579	HVqi1cs	01ST5
24	19	7		עַ֥ד	5704	HR	01tJf
24	19	8		אִם	518 a	HC	018fM
24	19	9		כִּלּ֖וּ	3615	HVpp3cp	01QTt
24	19	10		לִ/שְׁתֹּֽת	l/8354	HR/Vqc	012C1
24	20	1		וַ/תְּמַהֵ֗ר	c/4116 a	HC/Vpw3fs	01o84
24	20	2		וַ/תְּעַ֤ר	c/6168	HC/Vpw3fs	01f8Y
24	20	3		כַּדָּ/הּ֙	3537	HNcfsc/Sp3fs	01Nun
24	20	4		אֶל	413	HR	019u1
24	20	5		הַ/שֹּׁ֔קֶת	d/8268	HTd/Ncfsa	01xHm
24	20	6		וַ/תָּ֥רָץ	c/7323	HC/Vqw3fs	01otK
24	20	7		ע֛וֹד	5750	HD	01syA
24	20	8		אֶֽל	413	HR	01dfy
24	20	9		הַ/בְּאֵ֖ר	d/875	HTd/Ncfsa	01Wm4
24	20	10		לִ/שְׁאֹ֑ב	l/7579	HR/Vqc	01g9f
24	20	11		וַ/תִּשְׁאַ֖ב	c/7579	HC/Vqw3fs	01f8Q
24	20	12		לְ/כָל	l/3605	HR/Ncmsc	01fFA
24	20	13		גְּמַלָּֽי/ו	1581	HNcmpc/Sp3ms	012XW
24	21	1		וְ/הָ/אִ֥ישׁ	c/d/376	HC/Td/Ncmsa	01QWt
24	21	2		מִשְׁתָּאֵ֖ה	7583	HVtrmsa	01Qzv
24	21	3		לָ֑/הּ	l	HR/Sp3fs	01buk
24	21	4		מַחֲרִ֕ישׁ	2790 b	HVhrmsa	01qeo
24	21	5		לָ/דַ֗עַת	l/3045	HR/Vqc	01ZHC
24	21	6		הַֽ/הִצְלִ֧יחַ	i/6743 b	HTi/Vhp3ms	01fDd
24	21	7		יְהוָ֛ה	3068	HNp	01318
24	21	8		דַּרְכּ֖/וֹ	1870	HNcbsc/Sp3ms	01jLb
24	21	9		אִם	518 a	HC	01nNQ
24	21	10		לֹֽא	3808	HTn	01BXH
24	22	1		וַ/יְהִ֗י	c/1961	HC/Vqw3ms	01ZqU
24	22	2		כַּ/אֲשֶׁ֨ר	k/834 d	HR/Tr	01nj3
24	22	3		כִּלּ֤וּ	3615	HVpp3cp	01FvS
24	22	4		הַ/גְּמַלִּים֙	d/1581	HTd/Ncmpa	01xim
24	22	5		לִ/שְׁתּ֔וֹת	l/8354	HR/Vqc	01akA
24	22	6		וַ/יִּקַּ֤ח	c/3947	HC/Vqw3ms	01gKu
24	22	7		הָ/אִישׁ֙	d/376	HTd/Ncmsa	01TzQ
24	22	8		נֶ֣זֶם	5141	HNcmsc	011UE
24	22	9		זָהָ֔ב	2091	HNcmsa	01kxv
24	22	10		בֶּ֖קַע	1235	HNcmsa	01UMS
24	22	11		מִשְׁקָל֑/וֹ	4948	HNcmsc/Sp3ms	017xb
24	22	12		וּ/שְׁנֵ֤י	c/8147	HC/Acmdc	01sKH
24	22	13		צְמִידִים֙	6781 a	HNcmpa	01tFA
24	22	14		עַל	5921 a	HR	01Mpf
24	22	15		יָדֶ֔י/הָ	3027	HNcbdc/Sp3fs	01Ceq
24	22	16		עֲשָׂרָ֥ה	6235	HAcmsa	014dQ
24	22	17		זָהָ֖ב	2091	HNcmsa	01GWt
24	22	18		מִשְׁקָלָֽ/ם	4948	HNcmsc/Sp3mp	01NBj
24	23	1		וַ/יֹּ֨אמֶר֙	c/559	HC/Vqw3ms	01rsf
24	23	2		בַּת	1323	HNcfsc	01z6Y
24	23	3		מִ֣י	4310	HTi	01ySf
24	23	4		אַ֔תְּ	859 c	HPp2fs	01j6t
24	23	5		הַגִּ֥ידִי	5046	HVhv2fs	01LMf
24	23	6		נָ֖א	4994	HTe	01siY
24	23	7		לִ֑/י	l	HR/Sp1cs	01c4n
24	23	8		הֲ/יֵ֧שׁ	i/3426	HTi/Tm	01emA
24	23	9		בֵּית	1004 b	HNcmsc	01WwD
24	23	10		אָבִ֛י/ךְ	1	HNcmsc/Sp3fs	01Tfb
24	23	11		מָק֥וֹם	4725	HNcmsa	0158Y
24	23	12		לָ֖/נוּ	l	HR/Sp1cp	011kr
24	23	13		לָ/לִֽין	l/3885 a	HR/Vqc	01yuD
24	24	1		וַ/תֹּ֣אמֶר	c/559	HC/Vqw3fs	01yRp
24	24	2		אֵלָ֔י/ו	413	HR/Sp3ms	01qob
24	24	3		בַּת	1323	HNcfsc	01DQR
24	24	4		בְּתוּאֵ֖ל	1328 a	HNp	01gtv
24	24	5		אָנֹ֑כִי	595	HPp1cs	01nHJ
24	24	6		בֶּן	1121 a	HNcmsc	018D6
24	24	7		מִלְכָּ֕ה	4435	HNp	01LCy
24	24	8		אֲשֶׁ֥ר	834 a	HTr	01KvZ
24	24	9		יָלְדָ֖ה	3205	HVqp3fs	0136n
24	24	10		לְ/נָחֽוֹר	l/5152	HR/Np	015Yk
24	25	1		וַ/תֹּ֣אמֶר	c/559	HC/Vqw3fs	016As
24	25	2		אֵלָ֔י/ו	413	HR/Sp3ms	01egP
24	25	3		גַּם	1571	HTa	01NbF
24	25	4		תֶּ֥בֶן	8401	HNcmsa	01krR
24	25	5		גַּם	1571	HTa	01Mee
24	25	6		מִסְפּ֖וֹא	4554	HNcmsa	01VBQ
24	25	7		רַ֣ב	7227 a	HAamsa	01yb7
24	25	8		עִמָּ֑/נוּ	5973 a	HR/Sp1cp	01qX2
24	25	9		גַּם	1571	HTa	01ePf
24	25	10		מָק֖וֹם	4725	HNcmsa	01yfj
24	25	11		לָ/לֽוּן	l/3885 a	HR/Vqc	01YM9
24	26	1		וַ/יִּקֹּ֣ד	c/6915	HC/Vqw3ms	01R56
24	26	2		הָ/אִ֔ישׁ	d/376	HTd/Ncmsa	01wHB
24	26	3		וַ/יִּשְׁתַּ֖חוּ	c/7812	HC/Vtw3ms	01qAN
24	26	4		לַֽ/יהוָֽה	l/3068	HR/Np	01KVq
24	27	1		וַ/יֹּ֗אמֶר	c/559	HC/Vqw3ms	01S4L
24	27	2		בָּר֤וּךְ	1288	HVqsmsa	01rwC
24	27	3		יְהוָה֙	3068	HNp	01MHW
24	27	4		אֱלֹהֵי֙	430	HNcmpc	016Qv
24	27	5		אֲדֹנִ֣/י	113	HNcmsc/Sp1cs	01pjb
24	27	6		אַבְרָהָ֔ם	85	HNp	01Jy1
24	27	7		אֲ֠שֶׁר	834 a	HTr	01eQ5
24	27	8		לֹֽא	3808	HTn	01jEY
24	27	9		עָזַ֥ב	5800 a	HVqp3ms	01ew3
24	27	10		חַסְדּ֛/וֹ	2617 a	HNcmsc/Sp3ms	01y2D
24	27	11		וַ/אֲמִתּ֖/וֹ	c/571	HC/Ncfsc/Sp3ms	01T4z
24	27	12		מֵ/עִ֣ם	m/5973 b	HR/R	01Q7m
24	27	13		אֲדֹנִ֑/י	113	HNcmsc/Sp1cs	01E1U
24	27	14		אָנֹכִ֗י	595	HPp1cs	01kbD
24	27	15		בַּ/דֶּ֨רֶךְ֙	b/1870	HRd/Ncbsa	018qD
24	27	16		נָחַ֣/נִי	5148	HVqp3ms/Sp1cs	01Zxt
24	27	17		יְהוָ֔ה	3068	HNp	01uHA
24	27	18		בֵּ֖ית	1004 b	HNcmsc	012kF
24	27	19		אֲחֵ֥י	251	HNcmpc	01mSY
24	27	20		אֲדֹנִֽ/י	113	HNcmsc/Sp1cs	012Fo
24	28	1		וַ/תָּ֨רָץ֙	c/7323	HC/Vqw3fs	01ac8
24	28	2		הַֽ/נַּעֲרָ֔	d/5291	HTd/Ncfsa	0152Z
24	28	3		וַ/תַּגֵּ֖ד	c/5046	HC/Vhw3fs	01UX4
24	28	4		לְ/בֵ֣ית	l/1004 b	HR/Ncmsc	01EnX
24	28	5		אִמָּ֑/הּ	517	HNcfsc/Sp3fs	01NXR
24	28	6		כַּ/דְּבָרִ֖ים	k/1697	HRd/Ncmpa	0125M
24	28	7		הָ/אֵֽלֶּה	d/428	HTd/Pdxcp	01YtX
24	29	1		וּ/לְ/רִבְקָ֥ה	c/l/7259	HC/R/Np	01DG3
24	29	2		אָ֖ח	251	HNcmsa	01cWY
24	29	3		וּ/שְׁמ֣/וֹ	c/8034	HC/Ncmsc/Sp3ms	01yj6
24	29	4		לָבָ֑ן	3837 a	HNp	01hqz
24	29	5		וַ/יָּ֨רָץ	c/7323	HC/Vqw3ms	01x8M
24	29	6		לָבָ֧ן	3837 a	HNp	01Vk7
24	29	7		אֶל	413	HR	01JRg
24	29	8		הָ/אִ֛ישׁ	d/376	HTd/Ncmsa	01CgK
24	29	9		הַ/ח֖וּצָ/ה	d/2351	HTd/Ncmsa/Sd	01G3o
24	29	10		אֶל	413	HR	015n7
24	29	11		הָ/עָֽיִן	d/5869 b	HTd/Ncbsa	01fm1
24	30	1		וַ/יְהִ֣י	c/1961	HC/Vqw3ms	01Vwa
24	30	2		כִּ/רְאֹ֣ת	k/7200	HR/Vqc	01FK5
24	30	3		אֶת	853	HTo	01ZFM
24	30	4		הַ/נֶּ֗זֶם	d/5141	HTd/Ncmsa	018dM
24	30	5		וְֽ/אֶת	c/853	HC/To	01rPP
24	30	6		הַ/צְּמִדִים֮	d/6781 a	HTd/Ncmpa	01d5t
24	30	7		עַל	5921 a	HR	01eig
24	30	8		יְדֵ֣י	3027	HNcbdc	01yZT
24	30	9		אֲחֹת/וֹ֒	269	HNcfsc/Sp3ms	01jXo
24	30	10		וּ/כְ/שָׁמְע֗/וֹ	c/k/8085	HC/R/Vqc/Sp3ms	01e9S
24	30	11		אֶת	853	HTo	01Gak
24	30	12		דִּבְרֵ֞י	1697	HNcmpc	01BhZ
24	30	13		רִבְקָ֤ה	7259	HNp	01D7r
24	30	14		אֲחֹת/וֹ֙	269	HNcfsc/Sp3ms	01QUi
24	30	15		לֵ/אמֹ֔ר	l/559	HR/Vqc	01Zjd
24	30	16		כֹּֽה	3541	HD	016hx
24	30	17		דִבֶּ֥ר	1696	HVpp3ms	013oP
24	30	18		אֵלַ֖/י	413	HR/Sp1cs	01ZFG
24	30	19		הָ/אִ֑ישׁ	d/376	HTd/Ncmsa	01AVy
24	30	20		וַ/יָּבֹא֙	c/935	HC/Vqw3ms	01isj
24	30	21		אֶל	413	HR	01fLM
24	30	22		הָ/אִ֔ישׁ	d/376	HTd/Ncmsa	01Pwu
24	30	23		וְ/הִנֵּ֛ה	c/2009	HC/Tm	01oJA
24	30	24		עֹמֵ֥ד	5975	HVqrmsa	01RZU
24	30	25		עַל	5921 a	HR	01APK
24	30	26		הַ/גְּמַלִּ֖ים	d/1581	HTd/Ncmpa	016iD
24	30	27		עַל	5921 a	HR	013AW
24	30	28		הָ/עָֽיִן	d/5869 b	HTd/Ncbsa	01WiP
24	31	1		וַ/יֹּ֕אמֶר	c/559	HC/Vqw3ms	01RPe
24	31	2		בּ֖וֹא	935	HVqv2ms	011Rt
24	31	3		בְּר֣וּךְ	1288	HVqsmsc	017PY
24	31	4		יְהוָ֑ה	3068	HNp	01gp2
24	31	5		לָ֤/מָּה	l/4100	HR/Ti	01kRK
24	31	6		תַעֲמֹד֙	5975	HVqi2ms	01z8t
24	31	7		בַּ/ח֔וּץ	b/2351	HRd/Ncmsa	01DXo
24	31	8		וְ/אָנֹכִי֙	c/595	HC/Pp1cs	01kTz
24	31	9		פִּנִּ֣יתִי	6437	HVpp1cs	01zyZ
24	31	10		הַ/בַּ֔יִת	d/1004 b	HTd/Ncmsa	018Ge
24	31	11		וּ/מָק֖וֹם	c/4725	HC/Ncmsa	01uzy
24	31	12		לַ/גְּמַלִּֽים	l/1581	HRd/Ncmpa	017TQ
24	32	1		וַ/יָּבֹ֤א	c/935	HC/Vqw3ms	01gzf
24	32	2		הָ/אִישׁ֙	d/376	HTd/Ncmsa	01xP8
24	32	3		הַ/בַּ֔יְתָ/ה	d/1004 b	HTd/Ncmsa/Sd	01d3M
24	32	4		וַ/יְפַתַּ֖ח	c/6605 a	HC/Vpw3ms	01wz6
24	32	5		הַ/גְּמַלִּ֑ים	d/1581	HTd/Ncmpa	01BnH
24	32	6		וַ/יִּתֵּ֨ן	c/5414	HC/Vqw3ms	01Sc6
24	32	7		תֶּ֤בֶן	8401	HNcmsa	01Qvj
24	32	8		וּ/מִסְפּוֹא֙	c/4554	HC/Ncmsa	01e1v
24	32	9		לַ/גְּמַלִּ֔ים	l/1581	HRd/Ncmpa	01yKb
24	32	10		וּ/מַ֨יִם֙	c/4325	HC/Ncmpa	01wjA
24	32	11		לִ/רְחֹ֣ץ	l/7364	HR/Vqc	01CZm
24	32	12		רַגְלָ֔י/ו	7272	HNcfdc/Sp3ms	01RaU
24	32	13		וְ/רַגְלֵ֥י	c/7272	HC/Ncfdc	01wXH
24	32	14		הָ/אֲנָשִׁ֖ים	d/376	HTd/Ncmpa	01ixz
24	32	15		אֲשֶׁ֥ר	834 a	HTr	019hY
24	32	16		אִתּֽ/וֹ	854	HR/Sp3ms	01Lhc
24	33	1	x-ketiv	ו/יישם	c/3455	HC/VQw3ms	01vCf
24	33	2		וַ/יּוּשַׂ֤ם	c/7760 a	HC/VHw3ms	01SiU
24	33	3		לְ/פָנָי/ו֙	l/6440	HR/Ncbpc/Sp3ms	01bU3
24	33	4		לֶ/אֱכֹ֔ל	l/398	HR/Vqc	01JaA
24	33	5		וַ/יֹּ֨אמֶר֙	c/559	HC/Vqw3ms	011ae
24	33	6		לֹ֣א	3808	HTn	01ubD
24	33	7		אֹכַ֔ל	398	HVqi1cs	01kzF
24	33	8		עַ֥ד	5704	HR	01aBg
24	33	9		אִם	518 a	HC	01R3u
24	33	10		דִּבַּ֖רְתִּי	1696	HVpp1cs	01KmF
24	33	11		דְּבָרָ֑/י	1697	HNcmpc/Sp1cs	01gPB
24	33	12		וַ/יֹּ֖אמֶר	c/559	HC/Vqw3ms	01GJ8
24	33	13		דַּבֵּֽר	1696	HVpv2ms	01gum
24	34	1		וַ/יֹּאמַ֑ר	c/559	HC/Vqw3ms	019V4
24	34	2		עֶ֥בֶד	5650	HNcmsc	01WkP
24	34	3		אַבְרָהָ֖ם	85	HNp	016SH
24	34	4		אָנֹֽכִי	595	HPp1cs	01iNA
24	35	1		וַ/יהוָ֞ה	c/3068	HC/Np	01zke
24	35	2		בֵּרַ֧ךְ	1288	HVpp3ms	01KMi
24	35	3		אֶת	853	HTo	011aB
24	35	4		אֲדֹנִ֛/י	113	HNcmsc/Sp1cs	01xtz
24	35	5		מְאֹ֖ד	3966	HD	01ZPR
24	35	6		וַ/יִּגְדָּ֑ל	c/1431	HC/Vqw3ms	01eLB
24	35	7		וַ/יִּתֶּן	c/5414	HC/Vqw3ms	018iz
24	35	8		ל֞/וֹ	l	HR/Sp3ms	01hdN
24	35	9		צֹ֤אן	6629	HNcbsa	01YSj
24	35	10		וּ/בָקָר֙	c/1241	HC/Ncbsa	01x1r
24	35	11		וְ/כֶ֣סֶף	c/3701	HC/Ncmsa	01uoq
24	35	12		וְ/זָהָ֔ב	c/2091	HC/Ncmsa	01Fee
24	35	13		וַ/עֲבָדִם֙	c/5650	HC/Ncmpa	01WAp
24	35	14		וּ/שְׁפָחֹ֔ת	c/8198	HC/Ncfpa	01YL7
24	35	15		וּ/גְמַלִּ֖ים	c/1581	HC/Ncmpa	01fvw
24	35	16		וַ/חֲמֹרִֽים	c/2543	HC/Ncbpa	01tJb
24	36	1		וַ/תֵּ֡לֶד	c/3205	HC/Vqw3fs	01qHY
24	36	2		שָׂרָה֩	8283	HNp	01kgH
24	36	3		אֵ֨שֶׁת	802	HNcfsc	01fN2
24	36	4		אֲדֹנִ֥/י	113	HNcmsc/Sp1cs	01Tmv
24	36	5		בֵן֙	1121 a	HNcmsa	014gc
24	36	6		לַֽ/אדֹנִ֔/י	l/113	HR/Ncmsc/Sp1cs	01ay9
24	36	7		אַחֲרֵ֖י	310 a	HR	01RHm
24	36	8		זִקְנָתָ֑/הּ	2209	HNcfsc/Sp3fs	01EWb
24	36	9		וַ/יִּתֶּן	c/5414	HC/Vqw3ms	01R77
24	36	10		לּ֖/וֹ	l	HR/Sp3ms	01rin
24	36	11		אֶת	853	HTo	01kCJ
24	36	12		כָּל	3605	HNcmsc	01b5f
24	36	13		אֲשֶׁר	834 a	HTr	011nK
24	36	14		לֽ/וֹ	l	HR/Sp3ms	01UFD
24	37	1		וַ/יַּשְׁבִּעֵ֥/נִי	c/7650	HC/Vhw3ms/Sp1cs	01atM
24	37	2		אֲדֹנִ֖/י	113	HNcmsc/Sp1cs	01uGu
24	37	3		לֵ/אמֹ֑ר	l/559	HR/Vqc	01dRu
24	37	4		לֹא	3808	HTn	01QWF
24	37	5		תִקַּ֤ח	3947	HVqi2ms	012qL
24	37	6		אִשָּׁה֙	802	HNcfsa	01MLC
24	37	7		לִ/בְנִ֔/י	l/1121 a	HR/Ncmsc/Sp1cs	01pwa
24	37	8		מִ/בְּנוֹת֙	m/1323	HR/Ncfpc	01VCM
24	37	9		הַֽ/כְּנַעֲנִ֔י	d/3669 a	HTd/Ngmsa	01wd2
24	37	10		אֲשֶׁ֥ר	834 a	HTr	01w5p
24	37	11		אָנֹכִ֖י	595	HPp1cs	01ggE
24	37	12		יֹשֵׁ֥ב	3427	HVqrmsa	01iH4
24	37	13		בְּ/אַרְצֽ/וֹ	b/776	HR/Ncbsc/Sp3ms	016kT
24	38	1		אִם	518 a	HC	01qxT
24	38	2		לֹ֧א	3808	HTn	015Zi
24	38	3		אֶל	413	HR	01j2Z
24	38	4		בֵּית	1004 b	HNcmsc	01si1
24	38	5		אָבִ֛/י	1	HNcmsc/Sp1cs	015mE
24	38	6		תֵּלֵ֖ךְ	3212	HVqi2ms	01NUe
24	38	7		וְ/אֶל	c/413	HC/R	01YnH
24	38	8		מִשְׁפַּחְתִּ֑/י	4940	HNcfsc/Sp1cs	01mvF
24	38	9		וְ/לָקַחְתָּ֥	c/3947	HC/Vqq2ms	01gWv
24	38	10		אִשָּׁ֖ה	802	HNcfsa	01Pco
24	38	11		לִ/בְנִֽ/י	l/1121 a	HR/Ncmsc/Sp1cs	01bxG
24	39	1		וָ/אֹמַ֖ר	c/559	HC/Vqw1cs	019Ks
24	39	2		אֶל	413	HR	01jNp
24	39	3		אֲדֹנִ֑/י	113	HNcmsc/Sp1cs	01Cs2
24	39	4		אֻלַ֛י	194	HD	01QCd
24	39	5		לֹא	3808	HTn	01ipi
24	39	6		תֵלֵ֥ךְ	3212	HVqi3fs	01p7W
24	39	7		הָ/אִשָּׁ֖ה	d/802	HTd/Ncfsa	01Rpq
24	39	8		אַחֲרָֽ/י	310 a	HR/Sp1cs	01NFY
24	40	1		וַ/יֹּ֖אמֶר	c/559	HC/Vqw3ms	01hGE
24	40	2		אֵלָ֑/י	413	HR/Sp1cs	013dF
24	40	3		יְהוָ֞ה	3068	HNp	01ACo
24	40	4		אֲשֶׁר	834 a	HTr	01zvW
24	40	5		הִתְהַלַּ֣כְתִּי	1980	HVtp1cs	01UPx
24	40	6		לְ/פָנָ֗י/ו	l/6440	HR/Ncbpc/Sp3ms	0124M
24	40	7		יִשְׁלַ֨ח	7971	HVqi3ms	01bRo
24	40	8		מַלְאָכ֤/וֹ	4397	HNcmsc/Sp3ms	01V6f
24	40	9		אִתָּ/ךְ֙	854	HR/Sp2fs	01RjS
24	40	10		וְ/הִצְלִ֣יחַ	c/6743 b	HC/Vhp3ms	019dt
24	40	11		דַּרְכֶּ֔/ךָ	1870	HNcbsc/Sp2ms	01V52
24	40	12		וְ/לָקַחְתָּ֤	c/3947	HC/Vqp2ms	013Tm
24	40	13		אִשָּׁה֙	802	HNcfsa	01JSL
24	40	14		לִ/בְנִ֔/י	l/1121 a	HR/Ncmsc/Sp1cs	01qWL
24	40	15		מִ/מִּשְׁפַּחְתִּ֖/י	m/4940	HR/Ncfsc/Sp1cs	01DWU
24	40	16		וּ/מִ/בֵּ֥ית	c/m/1004 b	HC/R/Ncmsc	01d1L
24	40	17		אָבִֽ/י	1	HNcmsc/Sp1cs	01e96
24	41	1		אָ֤ז	227 a	HD	01Ci6
24	41	2		תִּנָּקֶה֙	5352	HVNi2ms	01ixh
24	41	3		מֵ/אָ֣לָתִ֔/י	m/423	HR/Ncfsc/Sp1cs	0122x
24	41	4		כִּ֥י	3588 a	HC	01ogz
24	41	5		תָב֖וֹא	935	HVqi2ms	01z7X
24	41	6		אֶל	413	HR	01MjR
24	41	7		מִשְׁפַּחְתִּ֑/י	4940	HNcfsc/Sp1cs	01Tk7
24	41	8		וְ/אִם	c/518 a	HC/C	01ZGJ
24	41	9		לֹ֤א	3808	HTn	01apP
24	41	10		יִתְּנוּ֙	5414	HVqi3mp	01dPF
24	41	11		לָ֔/ךְ	l	HR/Sp2fs	01nAe
24	41	12		וְ/הָיִ֥יתָ	c/1961	HC/Vqp2ms	016WC
24	41	13		נָקִ֖י	5355 a	HAamsa	01Q3p
24	41	14		מֵ/אָלָתִֽ/י	m/423	HR/Ncfsc/Sp1cs	01dRx
24	42	1		וָ/אָבֹ֥א	c/935	HC/Vqw1cs	016GF
24	42	2		הַ/יּ֖וֹם	d/3117	HTd/Ncmsa	01ZWf
24	42	3		אֶל	413	HR	01dZw
24	42	4		הָ/עָ֑יִן	d/5869 b	HTd/Ncbsa	01Xd5
24	42	5		וָ/אֹמַ֗ר	c/559	HC/Vqw1cs	01Whs
24	42	6		יְהוָה֙	3068	HNp	01CUw
24	42	7		אֱלֹהֵי֙	430	HNcmpc	01vVC
24	42	8		אֲדֹנִ֣/י	113	HNcmsc/Sp1cs	01L9j
24	42	9		אַבְרָהָ֔ם	85	HNp	012gb
24	42	10		אִם	518 a	HC	01GFh
24	42	11		יֶשְׁ/ךָ	3426	HTm/Sp2ms	01X7A
24	42	12		נָּא֙	4994	HTj	01YA6
24	42	13		מַצְלִ֣יחַ	6743 b	HVhrmsa	01rtE
24	42	14		דַּרְכִּ֔/י	1870	HNcbsc/Sp1cs	01T58
24	42	15		אֲשֶׁ֥ר	834 a	HTr	01XAY
24	42	16		אָנֹכִ֖י	595	HPp1cs	01TZ6
24	42	17		הֹלֵ֥ךְ	1980	HVqrmsa	01ohW
24	42	18		עָלֶֽי/הָ	5921 a	HR/Sp3fs	01UQ9
24	43	1		הִנֵּ֛ה	2009	HTm	01ywh
24	43	2		אָנֹכִ֥י	595	HPp1cs	01By2
24	43	3		נִצָּ֖ב	5324	HVNrmsa	012R1
24	43	4		עַל	5921 a	HR	01sSY
24	43	5		עֵ֣ין	5869 b	HNcbsc	01eEK
24	43	6		הַ/מָּ֑יִם	d/4325	HTd/Ncmpa	01Yuc
24	43	7		וְ/הָיָ֤ה	c/1961	HC/Vqp3ms	01nhh
24	43	8		הָֽ/עַלְמָה֙	d/5959	HTd/Ncfsa	01Z5T
24	43	9		הַ/יֹּצֵ֣את	d/3318	HTd/Vqrfsa	01qvz
24	43	10		לִ/שְׁאֹ֔ב	l/7579	HR/Vqc	01uU8
24	43	11		וְ/אָמַרְתִּ֣י	c/559	HC/Vqp1cs	01L9Z
24	43	12		אֵלֶ֔י/הָ	413	HR/Sp3fs	01Dv8
24	43	13		הַשְׁקִֽי/נִי	8248	HVhv2fs/Sp1cs	01FjK
24	43	14		נָ֥א	4994	HTe	01WrB
24	43	15		מְעַט	4592	HNcmsc	01Q3V
24	43	16		מַ֖יִם	4325	HNcmpa	01zt3
24	43	17		מִ/כַּדֵּֽ/ךְ	m/3537	HR/Ncfsc/Sp2fs	01Tmz
24	44	1		וְ/אָמְרָ֤ה	c/559	HC/Vqp3fs	01fYG
24	44	2		אֵלַ/י֙	413	HR/Sp1cs	01UXL
24	44	3		גַּם	1571	HTa	01orU
24	44	4		אַתָּ֣ה	859 a	HPp2ms	01X89
24	44	5		שְׁתֵ֔ה	8354	HVqv2ms	01KD4
24	44	6		וְ/גַ֥ם	c/1571	HC/Ta	01yLC
24	44	7		לִ/גְמַלֶּ֖י/ךָ	l/1581	HR/Ncmpc/Sp2ms	018jE
24	44	8		אֶשְׁאָ֑ב	7579	HVqi1cs	015Lc
24	44	9		הִ֣וא	1931	HPp3fs	01ppu
24	44	10		הָֽ/אִשָּׁ֔ה	d/802	HTd/Ncfsa	01S27
24	44	11		אֲשֶׁר	834 a	HTr	01ADR
24	44	12		הֹכִ֥יחַ	3198	HVhp3ms	01zFe
24	44	13		יְהוָ֖ה	3068	HNp	01WSq
24	44	14		לְ/בֶן	l/1121 a	HR/Ncmsc	01wBi
24	44	15		אֲדֹנִֽ/י	113	HNcmsc/Sp1cs	01FVU
24	45	1		אֲנִי֩	589	HPp1cs	01WCj
24	45	2		טֶ֨רֶם	2962	HD	01Rdm
24	45	3		אֲכַלֶּ֜ה	3615	HVpi1cs	01dVT
24	45	4		לְ/דַבֵּ֣ר	l/1696	HR/Vpc	01zkS
24	45	5		אֶל	413	HR	01G57
24	45	6		לִבִּ֗/י	3820 a	HNcmsc/Sp1cs	01gHw
24	45	7		וְ/הִנֵּ֨ה	c/2009	HC/Tm	01gCw
24	45	8		רִבְקָ֤ה	7259	HNp	01gTK
24	45	9		יֹצֵאת֙	3318	HVqrfsa	0135b
24	45	10		וְ/כַדָּ֣/הּ	c/3537	HC/Ncfsc/Sp3fs	01HND
24	45	11		עַל	5921 a	HR	01TcE
24	45	12		שִׁכְמָ֔/הּ	7926	HNcmsc/Sp3fs	01LkG
24	45	13		וַ/תֵּ֥רֶד	c/3381	HC/Vqw3fs	01xf6
24	45	14		הָ/עַ֖יְנָ/ה	d/5869 b	HTd/Ncbsa/Sd	016cM
24	45	15		וַ/תִּשְׁאָ֑ב	c/7579	HC/Vqw3fs	01CWb
24	45	16		וָ/אֹמַ֥ר	c/559	HC/Vqw1cs	01DAv
24	45	17		אֵלֶ֖י/הָ	413	HR/Sp3fs	01CSF
24	45	18		הַשְׁקִ֥י/נִי	8248	HVhv2fs/Sp1cs	01PJu
24	45	19		נָֽא	4994	HTe	016EF
24	46	1		וַ/תְּמַהֵ֗ר	c/4116 a	HC/Vpw3fs	01ght
24	46	2		וַ/תּ֤וֹרֶד	c/3381	HC/Vhw3fs	01oxR
24	46	3		כַּדָּ/הּ֙	3537	HNcfsc/Sp3fs	01aNV
24	46	4		מֵֽ/עָלֶ֔י/הָ	m/5921 a	HR/R/Sp3fs	01uoi
24	46	5		וַ/תֹּ֣אמֶר	c/559	HC/Vqw3fs	01ZxN
24	46	6		שְׁתֵ֔ה	8354	HVqv2ms	01bFj
24	46	7		וְ/גַם	c/1571	HC/Ta	01DVM
24	46	8		גְּמַלֶּ֖י/ךָ	1581	HNcmpc/Sp2ms	018FT
24	46	9		אַשְׁקֶ֑ה	8248	HVhi1cs	017kB
24	46	10		וָ/אֵ֕שְׁתְּ	c/8354	HC/Vqw1cs	01S3j
24	46	11		וְ/גַ֥ם	c/1571	HC/Ta	01GQs
24	46	12		הַ/גְּמַלִּ֖ים	d/1581	HTd/Ncmpa	017QS
24	46	13		הִשְׁקָֽתָה	8248	HVhp3fs	016GA
24	47	1		וָ/אֶשְׁאַ֣ל	c/7592	HC/Vqw1cs	01xy2
24	47	2		אֹתָ֗/הּ	853	HTo/Sp3fs	01Tpm
24	47	3		וָ/אֹמַר֮	c/559	HC/Vqw1cs	01mRw
24	47	4		בַּת	1323	HNcfsc	019gE
24	47	5		מִ֣י	4310	HTi	01ZcM
24	47	6		אַתְּ֒	859 c	HPp2fs	01snj
24	47	7		וַ/תֹּ֗אמֶר	c/559	HC/Vqw3fs	015m9
24	47	8		בַּת	1323	HNcfsc	01wK9
24	47	9		בְּתוּאֵל֙	1328 a	HNp	01iQj
24	47	10		בֶּן	1121 a	HNcmsc	0114x
24	47	11		נָח֔וֹר	5152	HNp	01v37
24	47	12		אֲשֶׁ֥ר	834 a	HTr	014jJ
24	47	13		יָֽלְדָה	3205	HVqp3fs	01fGp
24	47	14		לּ֖/וֹ	l	HR/Sp3ms	01zrt
24	47	15		מִלְכָּ֑ה	4435	HNp	01Epq
24	47	16		וָ/אָשִׂ֤ם	c/7760 a	HC/Vqw1cs	017Ry
24	47	17		הַ/נֶּ֨זֶם֙	d/5141	HTd/Ncmsa	01wFC
24	47	18		עַל	5921 a	HR	01HBS
24	47	19		אַפָּ֔/הּ	639	HNcmsc/Sp3fs	01sf2
24	47	20		וְ/הַ/צְּמִידִ֖ים	c/d/6781 a	HC/Td/Ncmpa	019dX
24	47	21		עַל	5921 a	HR	01N7N
24	47	22		יָדֶֽי/הָ	3027	HNcbdc/Sp3fs	01gKc
24	48	1		וָ/אֶקֹּ֥ד	c/6915	HC/Vqw1cs	01vJ4
24	48	2		וָֽ/אֶשְׁתַּחֲוֶ֖ה	c/7812	HC/Vvw1cs	01LTG
24	48	3		לַ/יהוָ֑ה	l/3068	HR/Np	01iWP
24	48	4		וָ/אֲבָרֵ֗ךְ	c/1288	HC/Vpw1cs	01L1p
24	48	5		אֶת	853	HTo	01b2b
24	48	6		יְהוָה֙	3068	HNp	017zY
24	48	7		אֱלֹהֵי֙	430	HNcmpc	01wcC
24	48	8		אֲדֹנִ֣/י	113	HNcmsc/Sp1cs	01U2K
24	48	9		אַבְרָהָ֔ם	85	HNp	01oxn
24	48	10		אֲשֶׁ֤ר	834 a	HTr	01gDj
24	48	11		הִנְחַ֨/נִי֙	5148	HVhp3ms/Sp1cs	01AUo
24	48	12		בְּ/דֶ֣רֶךְ	b/1870	HR/Ncbsc	019Ye
24	48	13		אֱמֶ֔ת	571	HNcfsa	01kJo
24	48	14		לָ/קַ֛חַת	l/3947	HR/Vqc	01rtp
24	48	15		אֶת	853	HTo	01xVb
24	48	16		בַּת	1323	HNcfsc	01qqs
24	48	17		אֲחִ֥י	251	HNcmsc	01Kcb
24	48	18		אֲדֹנִ֖/י	113	HNcmsc/Sp1cs	01VGc
24	48	19		לִ/בְנֽ/וֹ	l/1121 a	HR/Ncmsc/Sp3ms	01aTW
24	49	1		וְ֠/עַתָּה	c/6258	HC/D	01is8
24	49	2		אִם	518 a	HC	013ZA
24	49	3		יֶשְׁ/כֶ֨ם	3426	HTm/Sp2mp	01aWZ
24	49	4		עֹשִׂ֜ים	6213 a	HVqrmpa	018CG
24	49	5		חֶ֧סֶד	2617 a	HNcmsa	013aP
24	49	6		וֶֽ/אֱמֶ֛ת	c/571	HC/Ncfsa	01j7r
24	49	7		אֶת	854	HR	01MkY
24	49	8		אֲדֹנִ֖/י	113	HNcmsc/Sp1cs	01hnM
24	49	9		הַגִּ֣ידוּ	5046	HVhv2mp	01zWi
24	49	10		לִ֑/י	l	HR/Sp1cs	01FDw
24	49	11		וְ/אִם	c/518 a	HC/C	01vPq
24	49	12		לֹ֕א	3808	HTn	01v7k
24	49	13		הַגִּ֣ידוּ	5046	HVhv2mp	01tyX
24	49	14		לִ֔/י	l	HR/Sp1cs	01J26
24	49	15		וְ/אֶפְנֶ֥ה	c/6437	HC/Vqi1cs	01o8v
24	49	16		עַל	5921 a	HR	01Lae
24	49	17		יָמִ֖ין	3225	HNcfsa	01ZKD
24	49	18		א֥וֹ	176 a	HC	01JMK
24	49	19		עַל	5921 a	HR	01tNx
24	49	20		שְׂמֹֽאל	8040	HNcmsa	01BWE
24	50	1		וַ/יַּ֨עַן	c/6030 b	HC/Vqw3ms	01ZXU
24	50	2		לָבָ֤ן	3837 a	HNp	01ap1
24	50	3		וּ/בְתוּאֵל֙	c/1328 a	HC/Np	01pu2
24	50	4		וַ/יֹּ֣אמְר֔וּ	c/559	HC/Vqw3mp	01uYm
24	50	5		מֵ/יְהוָ֖ה	m/3068	HR/Np	01LPR
24	50	6		יָצָ֣א	3318	HVqp3ms	01B9g
24	50	7		הַ/דָּבָ֑ר	d/1697	HTd/Ncmsa	01ELn
24	50	8		לֹ֥א	3808	HTn	019mo
24	50	9		נוּכַ֛ל	3201	HVqi1cp	01xiQ
24	50	10		דַּבֵּ֥ר	1696	HVpc	01AzY
24	50	11		אֵלֶ֖י/ךָ	413	HR/Sp2ms	01pRM
24	50	12		רַ֥ע	7451 a	HAamsa	01gvr
24	50	13		אוֹ	176 a	HC	01es7
24	50	14		טֽוֹב	2896 a	HAamsa	01k9R
24	51	1		הִנֵּֽה	2009	HTm	01HmZ
24	51	2		רִבְקָ֥ה	7259	HNp	01dQE
24	51	3		לְ/פָנֶ֖י/ךָ	l/6440	HR/Ncbpc/Sp2ms	01EzE
24	51	4		קַ֣ח	3947	HVqv2ms	01Qxp
24	51	5		וָ/לֵ֑ךְ	c/3212	HC/Vqv2ms	01xRK
24	51	6		וּ/תְהִ֤י	c/1961	HC/Vqj3fs	016mk
24	51	7		אִשָּׁה֙	802	HNcfsa	01kf6
24	51	8		לְ/בֶן	l/1121 a	HR/Ncmsc	01CLp
24	51	9		אֲדֹנֶ֔י/ךָ	113	HNcmpc/Sp2ms	017ZV
24	51	10		כַּ/אֲשֶׁ֖ר	k/834 d	HR/Tr	01skE
24	51	11		דִּבֶּ֥ר	1696	HVpp3ms	01DHK
24	51	12		יְהוָֽה	3068	HNp	01LmD
24	52	1		וַ/יְהִ֕י	c/1961	HC/Vqw3ms	01T9L
24	52	2		כַּ/אֲשֶׁ֥ר	k/834 d	HR/Tr	01QVr
24	52	3		שָׁמַ֛ע	8085	HVqp3ms	01ZMf
24	52	4		עֶ֥בֶד	5650	HNcmsc	01a5C
24	52	5		אַבְרָהָ֖ם	85	HNp	01cK2
24	52	6		אֶת	853	HTo	01FHD
24	52	7		דִּבְרֵי/הֶ֑ם	1697	HNcmpc/Sp3mp	01BcP
24	52	8		וַ/יִּשְׁתַּ֥חוּ	c/7812	HC/Vtw3ms	01cFA
24	52	9		אַ֖רְצָ/ה	776	HNcbsa/Sd	019Bv
24	52	10		לַֽ/יהוָֽה	l/3068	HR/Np	01ktn
24	53	1		וַ/יּוֹצֵ֨א	c/3318	HC/Vhw3ms	01AWZ
24	53	2		הָ/עֶ֜בֶד	d/5650	HTd/Ncmsa	01wYq
24	53	3		כְּלֵי	3627	HNcmpc	01F4E
24	53	4		כֶ֨סֶף	3701	HNcmsa	01wMa
24	53	5		וּ/כְלֵ֤י	c/3627	HC/Ncmpc	01M16
24	53	6		זָהָב֙	2091	HNcmsa	01uKB
24	53	7		וּ/בְגָדִ֔ים	c/899 b	HC/Ncmpa	014cr
24	53	8		וַ/יִּתֵּ֖ן	c/5414	HC/Vqw3ms	011Ro
24	53	9		לְ/רִבְקָ֑ה	l/7259	HR/Np	01a1a
24	53	10		וּ/מִ֨גְדָּנֹ֔ת	c/4030	HC/Ncfpa	017rf
24	53	11		נָתַ֥ן	5414	HVqp3ms	0111j
24	53	12		לְ/אָחִ֖י/הָ	l/251	HR/Ncmsc/Sp3fs	01evk
24	53	13		וּ/לְ/אִמָּֽ/הּ	c/l/517	HC/R/Ncfsc/Sp3fs	01bGa
24	54	1		וַ/יֹּאכְל֣וּ	c/398	HC/Vqw3mp	0138u
24	54	2		וַ/יִּשְׁתּ֗וּ	c/8354	HC/Vqw3mp	01XYz
24	54	3		ה֛וּא	1931	HPp3ms	01aaD
24	54	4		וְ/הָ/אֲנָשִׁ֥ים	c/d/376	HC/Td/Ncmpa	01zLt
24	54	5		אֲשֶׁר	834 a	HTr	01yNH
24	54	6		עִמּ֖/וֹ	5973 a	HR/Sp3ms	01MrT
24	54	7		וַ/יָּלִ֑ינוּ	c/3885 a	HC/Vqw3mp	01gkr
24	54	8		וַ/יָּק֣וּמוּ	c/6965 b	HC/Vqw3mp	013BK
24	54	9		בַ/בֹּ֔קֶר	b/1242	HRd/Ncmsa	01Rzg
24	54	10		וַ/יֹּ֖אמֶר	c/559	HC/Vqw3ms	01Tho
24	54	11		שַׁלְּחֻ֥/נִי	7971	HVpv2mp/Sp1cs	01aV8
24	54	12		לַֽ/אדֹנִֽ/י	l/113	HR/Ncmsc/Sp1cs	016XG
24	55	1		וַ/יֹּ֤אמֶר	c/559	HC/Vqw3ms	01gQc
24	55	2		אָחִ֨י/הָ֙	251	HNcmsc/Sp3fs	01YoM
24	55	3		וְ/אִמָּ֔/הּ	c/517	HC/Ncfsc/Sp3fs	01jQn
24	55	4		תֵּשֵׁ֨ב	3427	HVqi3fs	015jv
24	55	5		הַ/נַּעֲרָ֥	d/5291	HTd/Ncfsa	01Xs5
24	55	6		אִתָּ֛/נוּ	854	HR/Sp1cp	01GPZ
24	55	7		יָמִ֖ים	3117	HNcmpa	01PVy
24	55	8		א֣וֹ	176 a	HC	01HwJ
24	55	9		עָשׂ֑וֹר	6218	HNcmsa	01nRk
24	55	10		אַחַ֖ר	310 a	HR	01UmV
24	55	11		תֵּלֵֽךְ	3212	HVqi2ms	01PHe
24	56	1		וַ/יֹּ֤אמֶר	c/559	HC/Vqw3ms	01nv5
24	56	2		אֲלֵ/הֶם֙	413	HR/Sp3mp	014NA
24	56	3		אַל	408	HTn	01iaF
24	56	4		תְּאַחֲר֣וּ	309	HVpj2mp	01tCw
24	56	5		אֹתִ֔/י	853	HTo/Sp1cs	01miU
24	56	6		וַֽ/יהוָ֖ה	c/3068	HC/Np	01NyE
24	56	7		הִצְלִ֣יחַ	6743 b	HVhp3ms	01KyB
24	56	8		דַּרְכִּ֑/י	1870	HNcbsc/Sp1cs	01vG4
24	56	9		שַׁלְּח֕וּ/נִי	7971	HVpv2mp/Sp1cs	01Ns5
24	56	10		וְ/אֵלְכָ֖ה	c/3212	HC/Vqh1cs	01nEy
24	56	11		לַֽ/אדֹנִֽ/י	l/113	HR/Ncmsc/Sp1cs	011j4
24	57	1		וַ/יֹּאמְר֖וּ	c/559	HC/Vqw3mp	01xWY
24	57	2		נִקְרָ֣א	7121	HVqi1cp	01d6q
24	57	3		לַֽ/נַּעֲרָ֑	l/5291	HRd/Ncfsa	01DwY
24	57	4		וְ/נִשְׁאֲלָ֖ה	c/7592	HC/Vqh1cp	01k8D
24	57	5		אֶת	853	HTo	01uXu
24	57	6		פִּֽי/הָ	6310	HNcmsc/Sp3fs	013vW
24	58	1		וַ/יִּקְרְא֤וּ	c/7121	HC/Vqw3mp	016UE
24	58	2		לְ/רִבְקָה֙	l/7259	HR/Np	01KoW
24	58	3		וַ/יֹּאמְר֣וּ	c/559	HC/Vqw3mp	01Upi
24	58	4		אֵלֶ֔י/הָ	413	HR/Sp3fs	01SLS
24	58	5		הֲ/תֵלְכִ֖י	i/3212	HTi/Vqi2fs	015nj
24	58	6		עִם	5973 a	HR	01UuS
24	58	7		הָ/אִ֣ישׁ	d/376	HTd/Ncmsa	01aYa
24	58	8		הַ/זֶּ֑ה	d/2088	HTd/Pdxms	01yCU
24	58	9		וַ/תֹּ֖אמֶר	c/559	HC/Vqw3fs	01HwX
24	58	10		אֵלֵֽךְ	3212	HVqi1cs	01Lda
24	59	1		וַֽ/יְשַׁלְּח֛וּ	c/7971	HC/Vpw3mp	015iw
24	59	2		אֶת	853	HTo	01A1N
24	59	3		רִבְקָ֥ה	7259	HNp	01Upk
24	59	4		אֲחֹתָ֖/ם	269	HNcfsc/Sp3mp	011QC
24	59	5		וְ/אֶת	c/853	HC/To	01uTF
24	59	6		מֵנִקְתָּ֑/הּ	3243	HVhrfsc/Sp3fs	01sj2
24	59	7		וְ/אֶת	c/853	HC/To	01Cya
24	59	8		עֶ֥בֶד	5650	HNcmsc	01Lsr
24	59	9		אַבְרָהָ֖ם	85	HNp	01xMt
24	59	10		וְ/אֶת	c/853	HC/To	01xzT
24	59	11		אֲנָשָֽׁי/ו	376	HNcmpc/Sp3ms	01G9z
24	60	1		וַ/יְבָרֲכ֤וּ	c/1288	HC/Vpw3mp	01M9j
24	60	2		אֶת	853	HTo	01mDn
24	60	3		רִבְקָה֙	7259	HNp	01GEL
24	60	4		וַ/יֹּ֣אמְרוּ	c/559	HC/Vqw3mp	01MW7
24	60	5		לָ֔/הּ	l	HR/Sp3fs	01T65
24	60	6		אֲחֹתֵ֕/נוּ	269	HNcfsc/Sp1cp	01EzH
24	60	7		אַ֥תְּ	859 c	HPp2fs	01u8d
24	60	8		הֲיִ֖י	1961	HVqv2fs	01jiv
24	60	9		לְ/אַלְפֵ֣י	l/505	HR/Acbpc	01jP8
24	60	10		רְבָבָ֑ה	7233	HNcfsa	01QQx
24	60	11		וְ/יִירַ֣שׁ	c/3423	HC/Vqi3ms	01MZC
24	60	12		זַרְעֵ֔/ךְ	2233	HNcmsc/Sp2fs	01TjS
24	60	13		אֵ֖ת	853	HTo	01aLy
24	60	14		שַׁ֥עַר	8179	HNcmsc	01av1
24	60	15		שֹׂנְאָֽי/ו	8130	HVqrmpc/Sp3ms	01GHs
24	61	1		וַ/תָּ֨קָם	c/6965 b	HC/Vqw3fs	01Y8d
24	61	2		רִבְקָ֜ה	7259	HNp	01bn6
24	61	3		וְ/נַעֲרֹתֶ֗י/הָ	c/5291	HC/Ncfpc/Sp3fs	01En5
24	61	4		וַ/תִּרְכַּ֨בְנָה֙	c/7392	HC/Vqw3fp	01AfW
24	61	5		עַל	5921 a	HR	01UL8
24	61	6		הַ/גְּמַלִּ֔ים	d/1581	HTd/Ncmpa	01qni
24	61	7		וַ/תֵּלַ֖כְנָה	c/3212	HC/Vqw3fp	01pdR
24	61	8		אַחֲרֵ֣י	310 a	HR	011MW
24	61	9		הָ/אִ֑ישׁ	d/376	HTd/Ncmsa	01C96
24	61	10		וַ/יִּקַּ֥ח	c/3947	HC/Vqw3ms	01zcK
24	61	11		הָ/עֶ֛בֶד	d/5650	HTd/Ncmsa	01Zir
24	61	12		אֶת	853	HTo	01L6T
24	61	13		רִבְקָ֖ה	7259	HNp	01m8E
24	61	14		וַ/יֵּלַֽךְ	c/3212	HC/Vqw3ms	012bM
24	62	1		וְ/יִצְחָק֙	c/3327	HC/Np	01H2r
24	62	2		בָּ֣א	935	HVqp3ms	01fya
24	62	3		מִ/בּ֔וֹא	m/935	HR/Vqc	01zuE
24	62	4		בְּאֵ֥ר	883+	HNp	01cYr
24	62	5		לַחַ֖י	883+	HNp	01vyC
24	62	6		רֹאִ֑י	883	HNp	011Qy
24	62	7		וְ/ה֥וּא	c/1931	HC/Pp3ms	01mev
24	62	8		יוֹשֵׁ֖ב	3427	HVqrmsa	01veC
24	62	9		בְּ/אֶ֥רֶץ	b/776	HR/Ncbsc	01eid
24	62	10		הַ/נֶּֽגֶב	d/5045	HTd/Ncmsa	01gkQ
24	63	1		וַ/יֵּצֵ֥א	c/3318	HC/Vqw3ms	01rMj
24	63	2		יִצְחָ֛ק	3327	HNp	01Qme
24	63	3		לָ/שׂ֥וּחַ	l/7742	HR/Vqc	01KFR
24	63	4		בַּ/שָּׂדֶ֖ה	b/7704 b	HRd/Ncmsa	01bf6
24	63	5		לִ/פְנ֣וֹת	l/6437	HR/Vqc	01kBj
24	63	6		עָ֑רֶב	6153	HNcmsa	01zZ2
24	63	7		וַ/יִּשָּׂ֤א	c/5375	HC/Vqw3ms	01oKC
24	63	8		עֵינָי/ו֙	5869 a	HNcbdc/Sp3ms	016uo
24	63	9		וַ/יַּ֔רְא	c/7200	HC/Vqw3ms	01PCg
24	63	10		וְ/הִנֵּ֥ה	c/2009	HC/Tm	01Gd9
24	63	11		גְמַלִּ֖ים	1581	HNcmpa	0125K
24	63	12		בָּאִֽים	935	HVqrmpa	012bQ
24	64	1		וַ/תִּשָּׂ֤א	c/5375	HC/Vqw3fs	01jVz
24	64	2		רִבְקָה֙	7259	HNp	019Rn
24	64	3		אֶת	853	HTo	01KbM
24	64	4		עֵינֶ֔י/הָ	5869 a	HNcbdc/Sp3fs	01i8D
24	64	5		וַ/תֵּ֖רֶא	c/7200	HC/Vqw3fs	01EYu
24	64	6		אֶת	853	HTo	01CvC
24	64	7		יִצְחָ֑ק	3327	HNp	01tb1
24	64	8		וַ/תִּפֹּ֖ל	c/5307	HC/Vqw3fs	015ZR
24	64	9		מֵ/עַ֥ל	m/5921 a	HR/R	01Rir
24	64	10		הַ/גָּמָֽל	d/1581	HTd/Ncmsa	01gdi
24	65	1		וַ/תֹּ֣אמֶר	c/559	HC/Vqw3fs	01DFa
24	65	2		אֶל	413	HR	01MxK
24	65	3		הָ/עֶ֗בֶד	d/5650	HTd/Ncmsa	01fex
24	65	4		מִֽי	4310	HTi	0113D
24	65	5		הָ/אִ֤ישׁ	d/376	HTd/Ncmsa	01Zvs
24	65	6		הַלָּזֶה֙	1976	HPdxms	01hfY
24	65	7		הַ/הֹלֵ֤ךְ	d/1980	HTd/Vqrmsa	013sw
24	65	8		בַּ/שָּׂדֶה֙	b/7704 b	HRd/Ncmsa	018Ew
24	65	9		לִ/קְרָאתֵ֔/נוּ	l/7125	HR/Vqc/Sp1cp	01Mwj
24	65	10		וַ/יֹּ֥אמֶר	c/559	HC/Vqw3ms	018g1
24	65	11		הָ/עֶ֖בֶד	d/5650	HTd/Ncmsa	01Lk1
24	65	12		ה֣וּא	1931	HPp3ms	01Uwg
24	65	13		אֲדֹנִ֑/י	113	HNcmsc/Sp1cs	015dD
24	65	14		וַ/תִּקַּ֥ח	c/3947	HC/Vqw3fs	01eHM
24	65	15		הַ/צָּעִ֖יף	d/6809	HTd/Ncmsa	01w49
24	65	16		וַ/תִּתְכָּֽס	c/3680	HC/Vtw3fs	01acX
24	66	1		וַ/יְסַפֵּ֥ר	c/5608 a	HC/Vpw3ms	01Xwc
24	66	2		הָ/עֶ֖בֶד	d/5650	HTd/Ncmsa	01D7S
24	66	3		לְ/יִצְחָ֑ק	l/3327	HR/Np	01BLU
24	66	4		אֵ֥ת	853	HTo	01o6z
24	66	5		כָּל	3605	HNcmsc	013aw
24	66	6		הַ/דְּבָרִ֖ים	d/1697	HTd/Ncmpa	013YR
24	66	7		אֲשֶׁ֥ר	834 a	HTr	01Swj
24	66	8		עָשָֽׂה	6213 a	HVqp3ms	012zp
24	67	1		וַ/יְבִאֶ֣/הָ	c/935	HC/Vhw3ms/Sp3fs	01x4M
24	67	2		יִצְחָ֗ק	3327	HNp	01f2j
24	67	3		הָ/אֹ֨הֱלָ/ה֙	d/168	HTd/Ncmsa/Sd	01ESw
24	67	4		שָׂרָ֣ה	8283	HNp	01uNE
24	67	5		אִמּ֔/וֹ	517	HNcfsc/Sp3ms	01czx
24	67	6		וַ/יִּקַּ֧ח	c/3947	HC/Vqw3ms	01gNf
24	67	7		אֶת	853	HTo	015gm
24	67	8		רִבְקָ֛ה	7259	HNp	01sA2
24	67	9		וַ/תְּהִי	c/1961	HC/Vqw3fs	01nQw
24	67	10		ל֥/וֹ	l	HR/Sp3ms	01KS7
24	67	11		לְ/אִשָּׁ֖ה	l/802	HR/Ncfsa	01vk1
24	67	12		וַ/יֶּאֱהָבֶ֑/הָ	c/157	HC/Vqw3ms/Sp3fs	01azB
24	67	13		וַ/יִּנָּחֵ֥ם	c/5162	HC/VNw3ms	01wZA
24	67	14		יִצְחָ֖ק	3327	HNp	01WhD
24	67	15		אַחֲרֵ֥י	310 a	HR	01AwF
24	67	16		אִמּֽ/וֹ	517	HNcfsc/Sp3ms	018k8
25	1	1		וַ/יֹּ֧סֶף	c/3254	HC/Vhw3ms	01SpG
25	1	2		אַבְרָהָ֛ם	85	HNp	01S8F
25	1	3		וַ/יִּקַּ֥ח	c/3947	HC/Vqw3ms	01msz
25	1	4		אִשָּׁ֖ה	802	HNcfsa	01bTw
25	1	5		וּ/שְׁמָ֥/הּ	c/8034	HC/Ncmsc/Sp3fs	01QiX
25	1	6		קְטוּרָֽה	6989	HNp	01Xuu
25	2	1		וַ/תֵּ֣לֶד	c/3205	HC/Vqw3fs	01KTQ
25	2	2		ל֗/וֹ	l	HR/Sp3ms	01r46
25	2	3		אֶת	853	HTo	013dV
25	2	4		זִמְרָן֙	2175	HNp	01Rjs
25	2	5		וְ/אֶת	c/853	HC/To	01A9E
25	2	6		יָקְשָׁ֔ן	3370	HNp	01AnP
25	2	7		וְ/אֶת	c/853	HC/To	01Qsw
25	2	8		מְדָ֖ן	4091	HNp	01CF2
25	2	9		וְ/אֶת	c/853	HC/To	018VA
25	2	10		מִדְיָ֑ן	4080	HNp	01Yfd
25	2	11		וְ/אֶת	c/853	HC/To	01Ngi
25	2	12		יִשְׁבָּ֖ק	3435	HNp	01Ksy
25	2	13		וְ/אֶת	c/853	HC/To	01cKK
25	2	14		שֽׁוּחַ	7744	HNp	01Dnr
25	3	1		וְ/יָקְשָׁ֣ן	c/3370	HC/Np	01CPM
25	3	2		יָלַ֔ד	3205	HVqp3ms	01uYg
25	3	3		אֶת	853	HTo	016yA
25	3	4		שְׁבָ֖א	7614	HNp	014tC
25	3	5		וְ/אֶת	c/853	HC/To	01LkV
25	3	6		דְּדָ֑ן	1719 a	HNp	01cmM
25	3	7		וּ/בְנֵ֣י	c/1121 a	HC/Ncmpc	01AKe
25	3	8		דְדָ֔ן	1719 a	HNp	015V1
25	3	9		הָי֛וּ	1961	HVqp3cp	01rXz
25	3	10		אַשּׁוּרִ֥ם	805 a	HNp	015XE
25	3	11		וּ/לְטוּשִׁ֖ים	c/3912	HC/Np	01VhT
25	3	12		וּ/לְאֻמִּֽים	c/3817	HC/Np	01aN4
25	4	1		וּ/בְנֵ֣י	c/1121 a	HC/Ncmpc	01Sax
25	4	2		מִדְיָ֗ן	4080	HNp	01yVm
25	4	3		עֵיפָ֤ה	5891	HNp	01bhd
25	4	4		וָ/עֵ֨פֶר֙	c/6081	HC/Np	01jJJ
25	4	5		וַ/חֲנֹ֔ךְ	c/2585	HC/Np	01tDj
25	4	6		וַ/אֲבִידָ֖ע	c/28	HC/Np	01eVj
25	4	7		וְ/אֶלְדָּעָ֑ה	c/420	HC/Np	01yuP
25	4	8		כָּל	3605	HNcmsc	01yVg
25	4	9		אֵ֖לֶּה	428	HPdxcp	018uc
25	4	10		בְּנֵ֥י	1121 a	HNcmpc	01Tx7
25	4	11		קְטוּרָֽה	6989	HNp	01Nf9
25	5	1		וַ/יִּתֵּ֧ן	c/5414	HC/Vqw3ms	01ErY
25	5	2		אַבְרָהָ֛ם	85	HNp	01SDV
25	5	3		אֶת	853	HTo	01S5U
25	5	4		כָּל	3605	HNcmsc	01rBc
25	5	5		אֲשֶׁר	834 a	HTr	01n6K
25	5	6		ל֖/וֹ	l	HR/Sp3ms	01KR8
25	5	7		לְ/יִצְחָֽק	l/3327	HR/Np	01bXf
25	6	1		וְ/לִ/בְנֵ֤י	c/l/1121 a	HC/R/Ncmpc	017He
25	6	2		הַ/פִּֽילַגְשִׁים֙	d/6370	HTd/Ncfpa	01NPm
25	6	3		אֲשֶׁ֣ר	834 a	HTr	01KYN
25	6	4		לְ/אַבְרָהָ֔ם	l/85	HR/Np	018Bi
25	6	5		נָתַ֥ן	5414	HVqp3ms	011Mj
25	6	6		אַבְרָהָ֖ם	85	HNp	01d5X
25	6	7		מַתָּנֹ֑ת	4979	HNcfpa	01Yp1
25	6	8		וַֽ/יְשַׁלְּחֵ֞/ם	c/7971	HC/Vpw3ms/Sp3mp	01iSP
25	6	9		מֵ/עַ֨ל	m/5921 a	HR/R	01ZfK
25	6	10		יִצְחָ֤ק	3327	HNp	01u5B
25	6	11		בְּנ/וֹ֙	1121 a	HNcmsc/Sp3ms	01p96
25	6	12		בְּ/עוֹדֶ֣/נּוּ	b/5750	HR/D/Sp3ms	01KKx
25	6	13		חַ֔י	2416 a	HAamsa	01YfM
25	6	14		קֵ֖דְמָ/ה	6924 b	HNcmsa/Sd	015ro
25	6	15		אֶל	413	HR	015AM
25	6	16		אֶ֥רֶץ	776	HNcbsc	01Rp4
25	6	17		קֶֽדֶם	6924 a	HNcmsa	01wKU
25	7	1		וְ/אֵ֗לֶּה	c/428	HC/Pdxcp	01dbh
25	7	2		יְמֵ֛י	3117	HNcmpc	01YA5
25	7	3		שְׁנֵֽי	8141	HAcmdc	01xjv
25	7	4		חַיֵּ֥י	2416 e	HNcmpc	011dS
25	7	5		אַבְרָהָ֖ם	85	HNp	01E92
25	7	6		אֲשֶׁר	834 a	HTr	01Fys
25	7	7		חָ֑י	2425	HVqp3ms	01Xse
25	7	8		מְאַ֥ת	3967	HAcfsc	01aEj
25	7	9		שָׁנָ֛ה	8141	HNcfsa	01mGS
25	7	10		וְ/שִׁבְעִ֥ים	c/7657	HC/Acbpa	013Lv
25	7	11		שָׁנָ֖ה	8141	HNcfsa	01vrK
25	7	12		וְ/חָמֵ֥שׁ	c/2568	HC/Acfsa	01k1r
25	7	13		שָׁנִֽים	8141	HNcfpa	01CZZ
25	8	1		וַ/יִּגְוַ֨ע	c/1478	HC/Vqw3ms	01bCc
25	8	2		וַ/יָּ֧מָת	c/4191	HC/Vqw3ms	01Bmn
25	8	3		אַבְרָהָ֛ם	85	HNp	01XMv
25	8	4		בְּ/שֵׂיבָ֥ה	b/7872	HR/Ncfsa	01cFV
25	8	5		טוֹבָ֖ה	2896 a	HAafsa	01RQq
25	8	6		זָקֵ֣ן	2205	HAamsa	01Ppj
25	8	7		וְ/שָׂבֵ֑עַ	c/7649	HC/Aamsa	01PXw
25	8	8		וַ/יֵּאָ֖סֶף	c/622	HC/VNw3ms	01ZSs
25	8	9		אֶל	413	HR	01kid
25	8	10		עַמָּֽי/ו	5971 b	HNcmpc/Sp3ms	01ECC
25	9	1		וַ/יִּקְבְּר֨וּ	c/6912	HC/Vqw3mp	018aX
25	9	2		אֹת֜/וֹ	853	HTo/Sp3ms	01dCA
25	9	3		יִצְחָ֤ק	3327	HNp	01iYJ
25	9	4		וְ/יִשְׁמָעֵאל֙	c/3458	HC/Np	014MR
25	9	5		בָּנָ֔י/ו	1121 a	HNcmpc/Sp3ms	01ZFU
25	9	6		אֶל	413	HR	01JTf
25	9	7		מְעָרַ֖ת	4631	HNcfsc	01NEZ
25	9	8		הַ/מַּכְפֵּלָ֑ה	d/4375	HTd/Np	01VWk
25	9	9		אֶל	413	HR	01MRM
25	9	10		שְׂדֵ֞ה	7704 b	HNcmsc	013Az
25	9	11		עֶפְרֹ֤ן	6085	HNp	01Xvk
25	9	12		בֶּן	1121 a	HNcmsc	01hrr
25	9	13		צֹ֨חַר֙	6714	HNp	01Zna
25	9	14		הַֽ/חִתִּ֔י	d/2850	HTd/Ngmsa	0147T
25	9	15		אֲשֶׁ֖ר	834 a	HTr	01uEs
25	9	16		עַל	5921 a	HR	01UhF
25	9	17		פְּנֵ֥י	6440	HNcbpc	01AsV
25	9	18		מַמְרֵֽא	4471	HNp	01cPo
25	10	1		הַ/שָּׂדֶ֛ה	d/7704 b	HTd/Ncmsa	01HCo
25	10	2		אֲשֶׁר	834 a	HTr	01Ncd
25	10	3		קָנָ֥ה	7069	HVqp3ms	01fkM
25	10	4		אַבְרָהָ֖ם	85	HNp	01Y5W
25	10	5		מֵ/אֵ֣ת	m/854	HR/R	01cWe
25	10	6		בְּנֵי	1121 a	HNcmpc	0178Q
25	10	7		חֵ֑ת	2845	HNp	01QMC
25	10	8		שָׁ֛מָּ/ה	8033	HD/Sd	019FS
25	10	9		קֻבַּ֥ר	6912	HVPp3ms	01UgZ
25	10	10		אַבְרָהָ֖ם	85	HNp	01dCx
25	10	11		וְ/שָׂרָ֥ה	c/8283	HC/Np	01t8E
25	10	12		אִשְׁתּֽ/וֹ	802	HNcfsc/Sp3ms	01bHQ
25	11	1		וַ/יְהִ֗י	c/1961	HC/Vqw3ms	01Vqr
25	11	2		אַחֲרֵי֙	310 a	HR	01zDY
25	11	3		מ֣וֹת	4194	HNcmsc	01veq
25	11	4		אַבְרָהָ֔ם	85	HNp	012Ug
25	11	5		וַ/יְבָ֥רֶךְ	c/1288	HC/Vpw3ms	01LXA
25	11	6		אֱלֹהִ֖ים	430	HNcmpa	01Kqi
25	11	7		אֶת	853	HTo	0114n
25	11	8		יִצְחָ֣ק	3327	HNp	01yHy
25	11	9		בְּנ֑/וֹ	1121 a	HNcmsc/Sp3ms	01Umo
25	11	10		וַ/יֵּ֣שֶׁב	c/3427	HC/Vqw3ms	017NW
25	11	11		יִצְחָ֔ק	3327	HNp	01KG2
25	11	12		עִם	5973 a	HR	01fYJ
25	11	13		בְּאֵ֥ר	883+	HNp	019d8
25	11	14		לַחַ֖י	883+	HNp	01Sfn
25	11	15		רֹאִֽי	883	HNp	01uWk
25	12	1		וְ/אֵ֛לֶּה	c/428	HC/Pdxcp	01Tgm
25	12	2		תֹּלְדֹ֥ת	8435	HNcfpc	01YMi
25	12	3		יִשְׁמָעֵ֖אל	3458	HNp	01iJh
25	12	4		בֶּן	1121 a	HNcmsc	01LXs
25	12	5		אַבְרָהָ֑ם	85	HNp	01rYT
25	12	6		אֲשֶׁ֨ר	834 a	HTr	01RR8
25	12	7		יָלְדָ֜ה	3205	HVqp3fs	016Re
25	12	8		הָגָ֧ר	1904	HNp	015kQ
25	12	9		הַ/מִּצְרִ֛ית	d/4713	HTd/Ngfsa	01F1e
25	12	10		שִׁפְחַ֥ת	8198	HNcfsc	01sxD
25	12	11		שָׂרָ֖ה	8283	HNp	015qt
25	12	12		לְ/אַבְרָהָֽם	l/85	HR/Np	01xfJ
25	13	1		וְ/אֵ֗לֶּה	c/428	HC/Pdxcp	017fv
25	13	2		שְׁמוֹת֙	8034	HNcmpc	01GTF
25	13	3		בְּנֵ֣י	1121 a	HNcmpc	01xxY
25	13	4		יִשְׁמָעֵ֔אל	3458	HNp	018D3
25	13	5		בִּ/שְׁמֹתָ֖/ם	b/8034	HR/Ncmpc/Sp3mp	01H6s
25	13	6		לְ/תוֹלְדֹתָ֑/ם	l/8435	HR/Ncfpc/Sp3mp	01Q3u
25	13	7		בְּכֹ֤ר	1060	HNcmsc	01g4E
25	13	8		יִשְׁמָעֵאל֙	3458	HNp	01nHP
25	13	9		נְבָיֹ֔ת	5032	HNp	01Npf
25	13	10		וְ/קֵדָ֥ר	c/6938	HC/Np	01TSC
25	13	11		וְ/אַדְבְּאֵ֖ל	c/110	HC/Np	016Gr
25	13	12		וּ/מִבְשָֽׂם	c/4017	HC/Np	01HFG
25	14	1		וּ/מִשְׁמָ֥ע	c/4927	HC/Np	01UML
25	14	2		וְ/דוּמָ֖ה	c/1746	HC/Np	01KFu
25	14	3		וּ/מַשָּֽׂא	c/4854	HC/Np	01oBq
25	15	1		חֲדַ֣ד	2301	HNp	01zF2
25	15	2		וְ/תֵימָ֔א	c/8485	HC/Np	01gEd
25	15	3		יְט֥וּר	3195	HNp	01oyj
25	15	4		נָפִ֖ישׁ	5305	HNp	01zVA
25	15	5		וָ/קֵֽדְמָה	c/6929	HC/Np	01JNz
25	16	1		אֵ֣לֶּה	428	HPdxcp	01BYL
25	16	2		הֵ֞ם	1992	HPp3mp	01kq6
25	16	3		בְּנֵ֤י	1121 a	HNcmpc	01MnH
25	16	4		יִשְׁמָעֵאל֙	3458	HNp	01bQw
25	16	5		וְ/אֵ֣לֶּה	c/428	HC/Pdxcp	01y6n
25	16	6		שְׁמֹתָ֔/ם	8034	HNcmpc/Sp3mp	01xa7
25	16	7		בְּ/חַצְרֵי/הֶ֖ם	b/2691 b	HR/Ncbpc/Sp3mp	01cGb
25	16	8		וּ/בְ/טִֽירֹתָ֑/ם	c/b/2918	HC/R/Ncfpc/Sp3mp	01YGx
25	16	9		שְׁנֵים	8147	HAcmda	01pa3
25	16	10		עָשָׂ֥ר	6240	HAcmsa	01ibA
25	16	11		נְשִׂיאִ֖ם	5387 a	HNcmpa	01dvZ
25	16	12		לְ/אֻמֹּתָֽ/ם	l/523	HR/Ncfpc/Sp3mp	01hFJ
25	17	1		וְ/אֵ֗לֶּה	c/428	HC/Pdxcp	0166z
25	17	2		שְׁנֵי֙	8141	HAcmdc	01AeZ
25	17	3		חַיֵּ֣י	2416 e	HNcmpc	01Dsp
25	17	4		יִשְׁמָעֵ֔אל	3458	HNp	01ELA
25	17	5		מְאַ֥ת	3967	HAcfsc	017dA
25	17	6		שָׁנָ֛ה	8141	HNcfsa	01PXX
25	17	7		וּ/שְׁלֹשִׁ֥ים	c/7970	HC/Acbpa	01yyV
25	17	8		שָׁנָ֖ה	8141	HNcfsa	01fQB
25	17	9		וְ/שֶׁ֣בַע	c/7651	HC/Acfsa	01Nkg
25	17	10		שָׁנִ֑ים	8141	HNcfpa	01WHz
25	17	11		וַ/יִּגְוַ֣ע	c/1478	HC/Vqw3ms	01xTn
25	17	12		וַ/יָּ֔מָת	c/4191	HC/Vqw3ms	01XYy
25	17	13		וַ/יֵּאָ֖סֶף	c/622	HC/VNw3ms	01nbe
25	17	14		אֶל	413	HR	01kUz
25	17	15		עַמָּֽי/ו	5971 b	HNcmpc/Sp3ms	01Amk
25	18	1		וַ/יִּשְׁכְּנ֨וּ	c/7931	HC/Vqw3mp	01edi
25	18	2		מֵֽ/חֲוִילָ֜ה	m/2341	HR/Np	01U5m
25	18	3		עַד	5704	HR	018hf
25	18	4		שׁ֗וּר	7793	HNp	01yYd
25	18	5		אֲשֶׁר֙	834 a	HTr	01WnW
25	18	6		עַל	5921 a	HR	01K8G
25	18	7		פְּנֵ֣י	6440	HNcbpc	01gEG
25	18	8		מִצְרַ֔יִם	4714	HNp	0184A
25	18	9		בֹּאֲ/כָ֖ה	935	HVqc/Sp2ms	01Sgy
25	18	10		אַשּׁ֑וּרָ/ה	804	HNp/Sd	014Ny
25	18	11		עַל	5921 a	HR	01Kvd
25	18	12		פְּנֵ֥י	6440	HNcbpc	01ZUS
25	18	13		כָל	3605	HNcmsc	01XoQ
25	18	14		אֶחָ֖י/ו	251	HNcmpc/Sp3ms	01Ujv
25	18	15		נָפָֽל	5307	HVqp3ms	01i5h
25	19	1		וְ/אֵ֛לֶּה	c/428	HC/Pdxcp	01oNy
25	19	2		תּוֹלְדֹ֥ת	8435	HNcfpc	016c6
25	19	3		יִצְחָ֖ק	3327	HNp	01mRY
25	19	4		בֶּן	1121 a	HNcmsc	01Qjx
25	19	5		אַבְרָהָ֑ם	85	HNp	01UQH
25	19	6		אַבְרָהָ֖ם	85	HNp	01TXE
25	19	7		הוֹלִ֥יד	3205	HVhp3ms	01h72
25	19	8		אֶת	853	HTo	01f14
25	19	9		יִצְחָֽק	3327	HNp	01XZo
25	20	1		וַ/יְהִ֤י	c/1961	HC/Vqw3ms	01Fsc
25	20	2		יִצְחָק֙	3327	HNp	01rP9
25	20	3		בֶּן	1121 a	HNcmsc	01L9q
25	20	4		אַרְבָּעִ֣ים	705	HAcbpa	01hD9
25	20	5		שָׁנָ֔ה	8141	HNcfsa	01R7s
25	20	6		בְּ/קַחְתּ֣/וֹ	b/3947	HR/Vqc/Sp3ms	01U9m
25	20	7		אֶת	853	HTo	01X96
25	20	8		רִבְקָ֗ה	7259	HNp	01ZEe
25	20	9		בַּת	1323	HNcfsc	01svc
25	20	10		בְּתוּאֵל֙	1328 a	HNp	01Ffh
25	20	11		הָֽ/אֲרַמִּ֔י	d/761	HTd/Ngmsa	01wmm
25	20	12		מִ/פַּדַּ֖ן	m/6307+	HR/Np	01Sw7
25	20	13		אֲרָ֑ם	6307	HNp	01eV6
25	20	14		אֲח֛וֹת	269	HNcfsc	013Hv
25	20	15		לָבָ֥ן	3837 a	HNp	01Q4W
25	20	16		הָ/אֲרַמִּ֖י	d/761	HTd/Ngmsa	01UFn
25	20	17		ל֥/וֹ	l	HR/Sp3ms	01YNC
25	20	18		לְ/אִשָּֽׁה	l/802	HR/Ncfsa	01aR8
25	21	1		וַ/יֶּעְתַּ֨ר	c/6279	HC/Vqw3ms	01LkN
25	21	2		יִצְחָ֤ק	3327	HNp	01sNT
25	21	3		לַֽ/יהוָה֙	l/3068	HR/Np	01tBw
25	21	4		לְ/נֹ֣כַח	l/5227	HR/R	018Ka
25	21	5		אִשְׁתּ֔/וֹ	802	HNcfsc/Sp3ms	0135Y
25	21	6		כִּ֥י	3588 a	HC	019MC
25	21	7		עֲקָרָ֖ה	6135	HAafsa	01L8B
25	21	8		הִ֑וא	1931	HPp3fs	01S9i
25	21	9		וַ/יֵּעָ֤תֶר	c/6279	HC/VNw3ms	01Mv3
25	21	10		ל/וֹ֙	l	HR/Sp3ms	01wVV
25	21	11		יְהוָ֔ה	3068	HNp	01g4n
25	21	12		וַ/תַּ֖הַר	c/2029	HC/Vqw3fs	01kQp
25	21	13		רִבְקָ֥ה	7259	HNp	01Kb6
25	21	14		אִשְׁתּֽ/וֹ	802	HNcfsc/Sp3ms	01b2m
25	22	1		וַ/יִּתְרֹֽצֲצ֤וּ	c/7533	HC/Vrw3mp	01ydG
25	22	2		הַ/בָּנִים֙	d/1121 a	HTd/Ncmpa	015Fz
25	22	3		בְּ/קִרְבָּ֔/הּ	b/7130	HR/Ncmsc/Sp3fs	01fdx
25	22	4		וַ/תֹּ֣אמֶר	c/559	HC/Vqw3fs	01nbJ
25	22	5		אִם	518 a	HC	01kFR
25	22	6		כֵּ֔ן	3651 c	HTm	01bdT
25	22	7		לָ֥/מָּה	l/4100	HR/Ti	01198
25	22	8		זֶּ֖ה	2088	HPdxms	01zXN
25	22	9		אָנֹ֑כִי	595	HPp1cs	01GsJ
25	22	10		וַ/תֵּ֖לֶךְ	c/3212	HC/Vqw3fs	01Ygk
25	22	11		לִ/דְרֹ֥שׁ	l/1875	HR/Vqc	01pvb
25	22	12		אֶת	853	HTo	01ikT
25	22	13		יְהוָֽה	3068	HNp	01hkL
25	23	1		וַ/יֹּ֨אמֶר	c/559	HC/Vqw3ms	01Zkg
25	23	2		יְהוָ֜ה	3068	HNp	01rjG
25	23	3		לָ֗/הּ	l	HR/Sp3fs	01Zr3
25	23	4		שְׁנֵ֤י	8147	HAcmdc	01wyh
25	23	5	x-ketiv	גיים	1471 a	HNcmpa	01ptA
25	23	6		גוֹיִם֙	1471 a	HNcmpa	01eWf
25	23	7		בְּ/בִטְנֵ֔/ךְ	b/990	HR/Ncfsc/Sp2fs	01CPj
25	23	8		וּ/שְׁנֵ֣י	c/8147	HC/Acmdc	0175q
25	23	9		לְאֻמִּ֔ים	3816	HNcmpa	01ZEp
25	23	10		מִ/מֵּעַ֖יִ/ךְ	m/4578	HR/Ncmpc/Sp2fs	01ujr
25	23	11		יִפָּרֵ֑דוּ	6504	HVNi3mp	01YAj
25	23	12		וּ/לְאֹם֙	c/3816	HC/Ncmsa	01vTy
25	23	13		מִ/לְאֹ֣ם	m/3816	HR/Ncmsa	01uRq
25	23	14		יֶֽאֱמָ֔ץ	553	HVqi3ms	01ZEw
25	23	15		וְ/רַ֖ב	c/7227 a	HC/Aamsa	01WYA
25	23	16		יַעֲבֹ֥ד	5647	HVqi3ms	01qhb
25	23	17		צָעִֽיר	6810	HAamsa	01GDP
25	24	1		וַ/יִּמְלְא֥וּ	c/4390	HC/Vqw3mp	01APs
25	24	2		יָמֶ֖י/הָ	3117	HNcmpc/Sp3fs	01qXw
25	24	3		לָ/לֶ֑דֶת	l/3205	HR/Vqc	01Gh9
25	24	4		וְ/הִנֵּ֥ה	c/2009	HC/Tm	01n4y
25	24	5		תוֹמִ֖ם	8380	HNcmpa	016i6
25	24	6		בְּ/בִטְנָֽ/הּ	b/990	HR/Ncfsc/Sp3fs	01squ
25	25	1		וַ/יֵּצֵ֤א	c/3318	HC/Vqw3ms	01Kgq
25	25	2		הָ/רִאשׁוֹן֙	d/7223	HTd/Aomsa	01v4i
25	25	3		אַדְמוֹנִ֔י	132	HAamsa	01RbN
25	25	4		כֻּלּ֖/וֹ	3605	HNcmsc/Sp3ms	019LN
25	25	5		כְּ/אַדֶּ֣רֶת	k/155	HR/Ncfsc	01dof
25	25	6		שֵׂעָ֑ר	8181	HNcmsa	01jCu
25	25	7		וַ/יִּקְרְא֥וּ	c/7121	HC/Vqw3mp	01RA2
25	25	8		שְׁמ֖/וֹ	8034	HNcmsc/Sp3ms	0122L
25	25	9		עֵשָֽׂו	6215	HNp	01eJb
25	26	1		וְ/אַֽחֲרֵי	c/310 a	HC/R	01TCo
25	26	2		כֵ֞ן	3651 c	HD	011DL
25	26	3		יָצָ֣א	3318	HVqp3ms	01U11
25	26	4		אָחִ֗י/ו	251	HNcmsc/Sp3ms	01wAB
25	26	5		וְ/יָד֤/וֹ	c/3027	HC/Ncbsc/Sp3ms	01Jdr
25	26	6		אֹחֶ֨זֶת֙	270	HVqrfsa	01kds
25	26	7		בַּ/עֲקֵ֣ב	b/6119	HR/Ncmsc	01VhE
25	26	8		עֵשָׂ֔ו	6215	HNp	01XYi
25	26	9		וַ/יִּקְרָ֥א	c/7121	HC/Vqw3ms	01ejz
25	26	10		שְׁמ֖/וֹ	8034	HNcmsc/Sp3ms	01etA
25	26	11		יַעֲקֹ֑ב	3290	HNp	01DcB
25	26	12		וְ/יִצְחָ֛ק	c/3327	HC/Np	01pEu
25	26	13		בֶּן	1121 a	HNcmsc	01Xoa
25	26	14		שִׁשִּׁ֥ים	8346	HAcbpa	01EWC
25	26	15		שָׁנָ֖ה	8141	HNcfsa	01yDn
25	26	16		בְּ/לֶ֥דֶת	b/3205	HR/Vqc	01bJ2
25	26	17		אֹתָֽ/ם	853	HTo/Sp3mp	01YKT
25	27	1		וַֽ/יִּגְדְּלוּ֙	c/1431	HC/Vqw3mp	01URj
25	27	2		הַ/נְּעָרִ֔ים	d/5288	HTd/Ncmpa	016mo
25	27	3		וַ/יְהִ֣י	c/1961	HC/Vqw3ms	01yxJ
25	27	4		עֵשָׂ֗ו	6215	HNp	01NM4
25	27	5		אִ֛ישׁ	376	HNcmsa	01fhU
25	27	6		יֹדֵ֥עַ	3045	HVqrmsa	01xuo
25	27	7		צַ֖יִד	6718 a	HNcmsa	01UEp
25	27	8		אִ֣ישׁ	376	HNcmsc	01MDn
25	27	9		שָׂדֶ֑ה	7704 b	HNcmsa	01ju9
25	27	10		וְ/יַעֲקֹב֙	c/3290	HC/Np	01YEm
25	27	11		אִ֣ישׁ	376	HNcmsa	013xG
25	27	12		תָּ֔ם	8535	HAamsa	01ZgR
25	27	13		יֹשֵׁ֖ב	3427	HVqrmsa	013qk
25	27	14		אֹהָלִֽים	168	HNcmpa	01pGx
25	28	1		וַ/יֶּאֱהַ֥ב	c/157	HC/Vqw3ms	01hv5
25	28	2		יִצְחָ֛ק	3327	HNp	01QGv
25	28	3		אֶת	853	HTo	01L7y
25	28	4		עֵשָׂ֖ו	6215	HNp	01nu8
25	28	5		כִּי	3588 a	HC	01n1y
25	28	6		צַ֣יִד	6718 a	HNcmsa	01Zkm
25	28	7		בְּ/פִ֑י/ו	b/6310	HR/Ncmsc/Sp3ms	01qVK
25	28	8		וְ/רִבְקָ֖ה	c/7259	HC/Np	01jBr
25	28	9		אֹהֶ֥בֶת	157	HVqrfsa	01cgK
25	28	10		אֶֽת	853	HTo	01Nqr
25	28	11		יַעֲקֹֽב	3290	HNp	01LxX
25	29	1		וַ/יָּ֥זֶד	c/2102	HC/Vhw3ms	01Ljx
25	29	2		יַעֲקֹ֖ב	3290	HNp	01bus
25	29	3		נָזִ֑יד	5138	HNcmsa	01NNv
25	29	4		וַ/יָּבֹ֥א	c/935	HC/Vqw3ms	01M37
25	29	5		עֵשָׂ֛ו	6215	HNp	01f1x
25	29	6		מִן	4480 a	HR	013r7
25	29	7		הַ/שָּׂדֶ֖ה	d/7704 b	HTd/Ncmsa	01Zw5
25	29	8		וְ/ה֥וּא	c/1931	HC/Pp3ms	01nu3
25	29	9		עָיֵֽף	5889	HAamsa	01VNP
25	30	1		וַ/יֹּ֨אמֶר	c/559	HC/Vqw3ms	01jsx
25	30	2		עֵשָׂ֜ו	6215	HNp	01JD3
25	30	3		אֶֽל	413	HR	014eU
25	30	4		יַעֲקֹ֗ב	3290	HNp	01ypB
25	30	5		הַלְעִיטֵ֤/נִי	3938	HVhv2ms/Sp1cs	01svx
25	30	6		נָא֙	4994	HTe	01mrL
25	30	7		מִן	4480 a	HR	01d8S
25	30	8		הָ/אָדֹ֤ם	d/122 b	HTd/Aamsa	01tSP
25	30	9		הָ/אָדֹם֙	d/122 b	HTd/Aamsa	01bjP
25	30	10		הַ/זֶּ֔ה	d/2088	HTd/Pdxms	01aKU
25	30	11		כִּ֥י	3588 a	HC	01iBY
25	30	12		עָיֵ֖ף	5889	HAamsa	01gw3
25	30	13		אָנֹ֑כִי	595	HPp1cs	01Wee
25	30	14		עַל	5921 a	HR	01Zc7
25	30	15		כֵּ֥ן	3651 c	HTm	01Ee2
25	30	16		קָרָֽא	7121	HVqp3ms	01ZHm
25	30	17		שְׁמ֖/וֹ	8034	HNcmsc/Sp3ms	01ofL
25	30	18		אֱדֽוֹם	123	HNp	01GhY
25	31	1		וַ/יֹּ֖אמֶר	c/559	HC/Vqw3ms	019n6
25	31	2		יַעֲקֹ֑ב	3290	HNp	01TPj
25	31	3		מִכְרָ֥/ה	4376	HVqv2ms/Sh	01rvH
25	31	4		כַ/יּ֛וֹם	k/3117	HRd/Ncmsa	01nVc
25	31	5		אֶת	853	HTo	01Yqo
25	31	6		בְּכֹֽרָתְ/ךָ֖	1062	HNcbsc/Sp2ms	01uKG
25	31	7		לִֽ/י	l	HR/Sp1cs	01KoS
25	32	1		וַ/יֹּ֣אמֶר	c/559	HC/Vqw3ms	01y1v
25	32	2		עֵשָׂ֔ו	6215	HNp	01nD3
25	32	3		הִנֵּ֛ה	2009	HTm	01aDh
25	32	4		אָנֹכִ֥י	595	HPp1cs	01XXA
25	32	5		הוֹלֵ֖ךְ	1980	HVqrmsa	01BRn
25	32	6		לָ/מ֑וּת	l/4191	HR/Vqc	01BCo
25	32	7		וְ/לָ/מָּה	c/l/4100	HC/R/Ti	01jY8
25	32	8		זֶּ֥ה	2088	HPdxms	01ANE
25	32	9		לִ֖/י	l	HR/Sp1cs	01ss1
25	32	10		בְּכֹרָֽה	1062	HNcbsa	01kyF
25	33	1		וַ/יֹּ֣אמֶר	c/559	HC/Vqw3ms	01AkE
25	33	2		יַעֲקֹ֗ב	3290	HNp	01cyn
25	33	3		הִשָּׁ֤בְעָ/ה	7650	HVNv2ms/Sh	01TX5
25	33	4		לִּ/י֙	l	HR/Sp1cs	01awA
25	33	5		כַּ/יּ֔וֹם	k/3117	HRd/Ncmsa	015Ga
25	33	6		וַ/יִּשָּׁבַ֖ע	c/7650	HC/VNw3ms	01jvj
25	33	7		ל֑/וֹ	l	HR/Sp3ms	01bfj
25	33	8		וַ/יִּמְכֹּ֥ר	c/4376	HC/Vqw3ms	01ZMA
25	33	9		אֶת	853	HTo	01mWA
25	33	10		בְּכֹרָת֖/וֹ	1062	HNcbsc/Sp3ms	01rm7
25	33	11		לְ/יַעֲקֹֽב	l/3290	HR/Np	01yug
25	34	1		וְ/יַעֲקֹ֞ב	c/3290	HC/Np	01Bpi
25	34	2		נָתַ֣ן	5414	HVqp3ms	01HGn
25	34	3		לְ/עֵשָׂ֗ו	l/6215	HR/Np	011u6
25	34	4		לֶ֚חֶם	3899	HNcbsa	01jE7
25	34	5		וּ/נְזִ֣יד	c/5138	HC/Ncmsc	017Ws
25	34	6		עֲדָשִׁ֔ים	5742	HNcfpa	01WPv
25	34	7		וַ/יֹּ֣אכַל	c/398	HC/Vqw3ms	01and
25	34	8		וַ/יֵּ֔שְׁתְּ	c/8354	HC/Vqw3ms	01q86
25	34	9		וַ/יָּ֖קָם	c/6965 b	HC/Vqw3ms	01JYX
25	34	10		וַ/יֵּלַ֑ךְ	c/3212	HC/Vqw3ms	01dzt
25	34	11		וַ/יִּ֥בֶז	c/959	HC/Vqw3ms	01Wat
25	34	12		עֵשָׂ֖ו	6215	HNp	01cpA
25	34	13		אֶת	853	HTo	01RUY
25	34	14		הַ/בְּכֹרָֽה	d/1062	HTd/Ncbsa	01h1u
26	1	1		וַ/יְהִ֤י	c/1961	HC/Vqw3ms	01Zs6
26	1	2		רָעָב֙	7458	HNcmsa	01yap
26	1	3		בָּ/אָ֔רֶץ	b/776	HRd/Ncbsa	01ioT
26	1	4		מִ/לְּ/בַד֙	m/l/905	HR/R/Ncmsc	01bLg
26	1	5		הָ/רָעָ֣ב	d/7458	HTd/Ncmsa	01WPW
26	1	6		הָ/רִאשׁ֔וֹן	d/7223	HTd/Aomsa	01p3p
26	1	7		אֲשֶׁ֥ר	834 a	HTr	01ehS
26	1	8		הָיָ֖ה	1961	HVqp3ms	01Rwe
26	1	9		בִּ/ימֵ֣י	b/3117	HR/Ncmpc	01RFg
26	1	10		אַבְרָהָ֑ם	85	HNp	01x37
26	1	11		וַ/יֵּ֧לֶךְ	c/3212	HC/Vqw3ms	01Sni
26	1	12		יִצְחָ֛ק	3327	HNp	01KYM
26	1	13		אֶל	413	HR	01138
26	1	14		אֲבִימֶּ֥לֶךְ	40	HNp	01t9r
26	1	15		מֶֽלֶךְ	4428	HNcmsc	01A87
26	1	16		פְּלִשְׁתִּ֖ים	6430	HNgmpa	01Qfw
26	1	17		גְּרָֽרָ/ה	1642	HNp/Sd	01Ny9
26	2	1		וַ/יֵּרָ֤א	c/7200	HC/VNw3ms	01kpB
26	2	2		אֵלָי/ו֙	413	HR/Sp3ms	01Gka
26	2	3		יְהוָ֔ה	3068	HNp	015s2
26	2	4		וַ/יֹּ֖אמֶר	c/559	HC/Vqw3ms	01oD3
26	2	5		אַל	408	HTn	01FpP
26	2	6		תֵּרֵ֣ד	3381	HVqj2ms	01T11
26	2	7		מִצְרָ֑יְמָ/ה	4714	HNp/Sd	01Kt2
26	2	8		שְׁכֹ֣ן	7931	HVqv2ms	01pVF
26	2	9		בָּ/אָ֔רֶץ	b/776	HRd/Ncbsa	0146N
26	2	10		אֲשֶׁ֖ר	834 a	HTr	01g7R
26	2	11		אֹמַ֥ר	559	HVqi1cs	01hVa
26	2	12		אֵלֶֽי/ךָ	413	HR/Sp2ms	01gaf
26	3	1		גּ֚וּר	1481 a	HVqv2ms	01MGb
26	3	2		בָּ/אָ֣רֶץ	b/776	HRd/Ncbsa	01BsP
26	3	3		הַ/זֹּ֔את	d/2063	HTd/Pdxfs	01x9n
26	3	4		וְ/אֶֽהְיֶ֥ה	c/1961	HC/Vqi1cs	01e4W
26	3	5		עִמְּ/ךָ֖	5973 a	HR/Sp2ms	01ukG
26	3	6		וַ/אֲבָרְכֶ֑/ךָּ	c/1288	HC/Vpi1cs/Sp2ms	01P19
26	3	7		כִּֽי	3588 a	HC	01YBg
26	3	8		לְ/ךָ֣	l	HR/Sp2ms	01tJt
26	3	9		וּֽ/לְ/זַרְעֲ/ךָ֗	c/l/2233	HC/R/Ncmsc/Sp2ms	01T3b
26	3	10		אֶתֵּן֙	5414	HVqi1cs	01zpd
26	3	11		אֶת	853	HTo	01fo4
26	3	12		כָּל	3605	HNcmsc	01JcQ
26	3	13		הָֽ/אֲרָצֹ֣ת	d/776	HTd/Ncbpa	01nsG
26	3	14		הָ/אֵ֔ל	d/411	HTd/Pdxcp	01gsU
26	3	15		וַ/הֲקִֽמֹתִי֙	c/6965 b	HC/Vhq1cs	017qg
26	3	16		אֶת	853	HTo	01e5s
26	3	17		הַ/שְּׁבֻעָ֔ה	d/7621	HTd/Ncfsa	01W55
26	3	18		אֲשֶׁ֥ר	834 a	HTr	01M2X
26	3	19		נִשְׁבַּ֖עְתִּי	7650	HVNp1cs	01n34
26	3	20		לְ/אַבְרָהָ֥ם	l/85	HR/Np	01mvp
26	3	21		אָבִֽי/ךָ	1	HNcmsc/Sp2ms	01sxM
26	4	1		וְ/הִרְבֵּיתִ֤י	c/7235 a	HC/Vhq1cs	01DwN
26	4	2		אֶֽת	853	HTo	01geR
26	4	3		זַרְעֲ/ךָ֙	2233	HNcmsc/Sp2ms	01XSs
26	4	4		כְּ/כוֹכְבֵ֣י	k/3556	HR/Ncmpc	01gF9
26	4	5		הַ/שָּׁמַ֔יִם	d/8064	HTd/Ncmpa	01jPg
26	4	6		וְ/נָתַתִּ֣י	c/5414	HC/Vqq1cs	01fmE
26	4	7		לְ/זַרְעֲ/ךָ֔	l/2233	HR/Ncmsc/Sp2ms	018Jb
26	4	8		אֵ֥ת	853	HTo	01ow7
26	4	9		כָּל	3605	HNcmsc	01FpJ
26	4	10		הָ/אֲרָצֹ֖ת	d/776	HTd/Ncbpa	01oHD
26	4	11		הָ/אֵ֑ל	d/411	HTd/Pdxcp	01Gyh
26	4	12		וְ/הִתְבָּרֲכ֣וּ	c/1288	HC/Vtq3cp	01uZa
26	4	13		בְ/זַרְעֲ/ךָ֔	b/2233	HR/Ncmsc/Sp2ms	01Y9V
26	4	14		כֹּ֖ל	3605	HNcmsc	01n71
26	4	15		גּוֹיֵ֥י	1471 a	HNcmpc	01qj9
26	4	16		הָ/אָֽרֶץ	d/776	HTd/Ncbsa	01Yip
26	5	1		עֵ֕קֶב	6118	HNcmsa	01Bjm
26	5	2		אֲשֶׁר	834 a	HTr	01LJT
26	5	3		שָׁמַ֥ע	8085	HVqp3ms	017Tg
26	5	4		אַבְרָהָ֖ם	85	HNp	01owQ
26	5	5		בְּ/קֹלִ֑/י	b/6963 a	HR/Ncmsc/Sp1cs	01G3J
26	5	6		וַ/יִּשְׁמֹר֙	c/8104	HC/Vqw3ms	01WoZ
26	5	7		מִשְׁמַרְתִּ֔/י	4931	HNcfsc/Sp1cs	01W2r
26	5	8		מִצְוֺתַ֖/י	4687	HNcfpc/Sp1cs	01KPR
26	5	9		חֻקּוֹתַ֥/י	2708	HNcbpc/Sp1cs	01cee
26	5	10		וְ/תוֹרֹתָֽ/י	c/8451	HC/Ncfpc/Sp1cs	01tND
26	6	1		וַ/יֵּ֥שֶׁב	c/3427	HC/Vqw3ms	01eZx
26	6	2		יִצְחָ֖ק	3327	HNp	01nbw
26	6	3		בִּ/גְרָֽר	b/1642	HR/Np	01Ucv
26	7	1		וַֽ/יִּשְׁאֲל֞וּ	c/7592	HC/Vqw3mp	011j8
26	7	2		אַנְשֵׁ֤י	376	HNcmpc	01Vh8
26	7	3		הַ/מָּקוֹם֙	d/4725	HTd/Ncmsa	01eFt
26	7	4		לְ/אִשְׁתּ֔/וֹ	l/802	HR/Ncfsc/Sp3ms	01Mgt
26	7	5		וַ/יֹּ֖אמֶר	c/559	HC/Vqw3ms	01tCS
26	7	6		אֲחֹ֣תִ/י	269	HNcfsc/Sp1cs	01PrL
26	7	7		הִ֑וא	1931	HPp3fs	01q8X
26	7	8		כִּ֤י	3588 a	HC	01VGa
26	7	9		יָרֵא֙	3372	HVqp3ms	01bMM
26	7	10		לֵ/אמֹ֣ר	l/559	HR/Vqc	01GSx
26	7	11		אִשְׁתִּ֔/י	802	HNcfsc/Sp1cs	019dP
26	7	12		פֶּן	6435	HC	01dvk
26	7	13		יַֽהַרְגֻ֜/נִי	2026	HVqi3mp/Sp1cs	01uUS
26	7	14		אַנְשֵׁ֤י	376	HNcmpc	01EjV
26	7	15		הַ/מָּקוֹם֙	d/4725	HTd/Ncmsa	01Sps
26	7	16		עַל	5921 a	HR	01keq
26	7	17		רִבְקָ֔ה	7259	HNp	01BSE
26	7	18		כִּֽי	3588 a	HC	01JVW
26	7	19		טוֹבַ֥ת	2896 a	HAafsc	01u6J
26	7	20		מַרְאֶ֖ה	4758	HNcmsa	013Hq
26	7	21		הִֽיא	1931	HPp3fs	01Unp
26	8	1		וַ/יְהִ֗י	c/1961	HC/Vqw3ms	01oNu
26	8	2		כִּ֣י	3588 a	HC	012ZC
26	8	3		אָֽרְכוּ	748	HVqp3cp	012Pn
26	8	4		ל֥/וֹ	l	HR/Sp3ms	01Jw6
26	8	5		שָׁם֙	8033	HD	01qYt
26	8	6		הַ/יָּמִ֔ים	d/3117	HTd/Ncmpa	01BnB
26	8	7		וַ/יַּשְׁקֵ֗ף	c/8259	HC/Vhw3ms	01Vap
26	8	8		אֲבִימֶ֨לֶךְ֙	40	HNp	01tB6
26	8	9		מֶ֣לֶךְ	4428	HNcmsc	01oC1
26	8	10		פְּלִשְׁתִּ֔ים	6430	HNgmpa	01bst
26	8	11		בְּעַ֖ד	1157	HR	015iT
26	8	12		הַֽ/חַלּ֑וֹן	d/2474	HTd/Ncbsa	01Jmq
26	8	13		וַ/יַּ֗רְא	c/7200	HC/Vqw3ms	01z9m
26	8	14		וְ/הִנֵּ֤ה	c/2009	HC/Tm	01XNh
26	8	15		יִצְחָק֙	3327	HNp	01Xxb
26	8	16		מְצַחֵ֔ק	6711	HVprmsa	01j3N
26	8	17		אֵ֖ת	854	HR	01KhX
26	8	18		רִבְקָ֥ה	7259	HNp	01WPh
26	8	19		אִשְׁתּֽ/וֹ	802	HNcfsc/Sp3ms	01K6n
26	9	1		וַ/יִּקְרָ֨א	c/7121	HC/Vqw3ms	0178e
26	9	2		אֲבִימֶ֜לֶךְ	40	HNp	01Xdw
26	9	3		לְ/יִצְחָ֗ק	l/3327	HR/Np	01EPY
26	9	4		וַ/יֹּ֨אמֶר֙	c/559	HC/Vqw3ms	01FRd
26	9	5		אַ֣ךְ	389	HTa	01k4p
26	9	6		הִנֵּ֤ה	2009	HTm	01ZJp
26	9	7		אִשְׁתְּ/ךָ֙	802	HNcfsc/Sp2ms	01TTa
26	9	8		הִ֔וא	1931	HPp3fs	01sCD
26	9	9		וְ/אֵ֥יךְ	c/349 a	HC/Ti	01hCJ
26	9	10		אָמַ֖רְתָּ	559	HVqp2ms	01siM
26	9	11		אֲחֹ֣תִ/י	269	HNcfsc/Sp1cs	0112P
26	9	12		הִ֑וא	1931	HPp3fs	01yb4
26	9	13		וַ/יֹּ֤אמֶר	c/559	HC/Vqw3ms	01Qer
26	9	14		אֵלָי/ו֙	413	HR/Sp3ms	01LfY
26	9	15		יִצְחָ֔ק	3327	HNp	01ENP
26	9	16		כִּ֣י	3588 a	HC	01ZoA
26	9	17		אָמַ֔רְתִּי	559	HVqp1cs	01Suu
26	9	18		פֶּן	6435	HC	01oPW
26	9	19		אָמ֖וּת	4191	HVqi1cs	01iAu
26	9	20		עָלֶֽי/הָ	5921 a	HR/Sp3fs	01oPN
26	10	1		וַ/יֹּ֣אמֶר	c/559	HC/Vqw3ms	01pDT
26	10	2		אֲבִימֶ֔לֶךְ	40	HNp	01HJm
26	10	3		מַה	4100	HTi	01fTU
26	10	4		זֹּ֖את	2063	HPdxfs	01t8B
26	10	5		עָשִׂ֣יתָ	6213 a	HVqp2ms	01eaq
26	10	6		לָּ֑/נוּ	l	HR/Sp1cp	01azR
26	10	7		כִּ֠/מְעַט	k/4592	HR/Ncmsa	01jQQ
26	10	8		שָׁכַ֞ב	7901	HVqp3ms	01sDb
26	10	9		אַחַ֤ד	259	HAcmsa	01s1w
26	10	10		הָ/עָם֙	d/5971 a	HTd/Ncmsa	01DPf
26	10	11		אֶת	854	HR	01rWo
26	10	12		אִשְׁתֶּ֔/ךָ	802	HNcfsc/Sp2ms	01sKc
26	10	13		וְ/הֵבֵאתָ֥	c/935	HC/Vhq2ms	016fn
26	10	14		עָלֵ֖י/נוּ	5921 a	HR/Sp1cp	01Cf5
26	10	15		אָשָֽׁם	817	HNcmsa	01WAB
26	11	1		וַ/יְצַ֣ו	c/6680	HC/Vpw3ms	01jth
26	11	2		אֲבִימֶ֔לֶךְ	40	HNp	01Rbd
26	11	3		אֶת	853	HTo	01XCe
26	11	4		כָּל	3605	HNcmsc	0197G
26	11	5		הָ/עָ֖ם	d/5971 a	HTd/Ncmsa	015qf
26	11	6		לֵ/אמֹ֑ר	l/559	HR/Vqc	01UBZ
26	11	7		הַ/נֹּגֵ֜עַ	d/5060	HTd/Vqrmsa	019h4
26	11	8		בָּ/אִ֥ישׁ	b/376	HRd/Ncmsa	01axx
26	11	9		הַ/זֶּ֛ה	d/2088	HTd/Pdxms	01jdG
26	11	10		וּ/בְ/אִשְׁתּ֖/וֹ	c/b/802	HC/R/Ncfsc/Sp3ms	01J4J
26	11	11		מ֥וֹת	4191	HVqa	01PWn
26	11	12		יוּמָֽת	4191	HVHi3ms	01HsD
26	12	1		וַ/יִּזְרַ֤ע	c/2232	HC/Vqw3ms	01ph7
26	12	2		יִצְחָק֙	3327	HNp	01XFJ
26	12	3		בָּ/אָ֣רֶץ	b/776	HRd/Ncbsa	013iH
26	12	4		הַ/הִ֔וא	d/1931	HTd/Pp3fs	01uY4
26	12	5		וַ/יִּמְצָ֛א	c/4672	HC/Vqw3ms	01H5C
26	12	6		בַּ/שָּׁנָ֥ה	b/8141	HRd/Ncfsa	01gut
26	12	7		הַ/הִ֖וא	d/1931	HTd/Pp3fs	016rs
26	12	8		מֵאָ֣ה	3967	HAcbsa	01iU2
26	12	9		שְׁעָרִ֑ים	8180	HNcmpa	01KDJ
26	12	10		וַֽ/יְבָרֲכֵ֖/הוּ	c/1288	HC/Vpw3ms/Sp3ms	01Yko
26	12	11		יְהוָֽה	3068	HNp	01TbR
26	13	1		וַ/יִּגְדַּ֖ל	c/1431	HC/Vqw3ms	01ytT
26	13	2		הָ/אִ֑ישׁ	d/376	HTd/Ncmsa	01ATb
26	13	3		וַ/יֵּ֤לֶךְ	c/3212	HC/Vqw3ms	01ETp
26	13	4		הָלוֹךְ֙	1980	HVqa	01VmE
26	13	5		וְ/גָדֵ֔ל	c/1432	HC/Vqrmsa	01UNE
26	13	6		עַ֥ד	5704	HR	01uJA
26	13	7		כִּֽי	3588 a	HC	0128S
26	13	8		גָדַ֖ל	1431	HVqp3ms	01cLf
26	13	9		מְאֹֽד	3966	HD	019FC
26	14	1		וַֽ/יְהִי	c/1961	HC/Vqw3ms	01vyf
26	14	2		ל֤/וֹ	l	HR/Sp3ms	01joM
26	14	3		מִקְנֵה	4735	HNcmsc	0116u
26	14	4		צֹאן֙	6629	HNcbsa	01Sac
26	14	5		וּ/מִקְנֵ֣ה	c/4735	HC/Ncmsc	01UsZ
26	14	6		בָקָ֔ר	1241	HNcbsa	015AU
26	14	7		וַ/עֲבֻדָּ֖ה	c/5657	HC/Ncfsa	011ZY
26	14	8		רַבָּ֑ה	7227 a	HAafsa	01e8V
26	14	9		וַ/יְקַנְא֥וּ	c/7065	HC/Vpw3mp	01XGf
26	14	10		אֹת֖/וֹ	853	HTo/Sp3ms	013kn
26	14	11		פְּלִשְׁתִּֽים	6430	HNgmpa	017pC
26	15	1		וְ/כָל	c/3605	HC/Ncmsc	01CY7
26	15	2		הַ/בְּאֵרֹ֗ת	d/875	HTd/Ncfpa	01opR
26	15	3		אֲשֶׁ֤ר	834 a	HTr	01VdB
26	15	4		חָֽפְרוּ֙	2658	HVqp3cp	01Qwa
26	15	5		עַבְדֵ֣י	5650	HNcmpc	01FaZ
26	15	6		אָבִ֔י/ו	1	HNcmsc/Sp3ms	01XSd
26	15	7		בִּ/ימֵ֖י	b/3117	HR/Ncmpc	01SgK
26	15	8		אַבְרָהָ֣ם	85	HNp	01VX4
26	15	9		אָבִ֑י/ו	1	HNcmsc/Sp3ms	01KjA
26	15	10		סִתְּמ֣וּ/ם	5640 a	HVpp3cp/Sp3mp	01N2F
26	15	11		פְּלִשְׁתִּ֔ים	6430	HNgmpa	01bfN
26	15	12		וַ/יְמַלְא֖וּ/ם	c/4390	HC/Vpw3mp/Sp3mp	01Bkn
26	15	13		עָפָֽר	6083	HNcmsa	01KyM
26	16	1		וַ/יֹּ֥אמֶר	c/559	HC/Vqw3ms	016D5
26	16	2		אֲבִימֶ֖לֶךְ	40	HNp	01mrF
26	16	3		אֶל	413	HR	01fKs
26	16	4		יִצְחָ֑ק	3327	HNp	01vsB
26	16	5		לֵ֚ךְ	3212	HVqv2ms	011TK
26	16	6		מֵֽ/עִמָּ֔/נוּ	m/5973 b	HR/R/Sp1cp	01JSH
26	16	7		כִּֽי	3588 a	HC	01hTk
26	16	8		עָצַֽמְתָּ	6105 a	HVqp2ms	01buz
26	16	9		מִמֶּ֖/נּוּ	4480 a	HR/Sp1cp	01Le9
26	16	10		מְאֹֽד	3966	HD	01RkQ
26	17	1		וַ/יֵּ֥לֶךְ	c/3212	HC/Vqw3ms	01Z5v
26	17	2		מִ/שָּׁ֖ם	m/8033	HR/D	01ajx
26	17	3		יִצְחָ֑ק	3327	HNp	01vVb
26	17	4		וַ/יִּ֥חַן	c/2583	HC/Vqw3ms	01SPW
26	17	5		בְּ/נַֽחַל	b/5158 a	HR/Ncmsc	01Y3a
26	17	6		גְּרָ֖ר	1642	HNp	01T6R
26	17	7		וַ/יֵּ֥שֶׁב	c/3427	HC/Vqw3ms	01h5B
26	17	8		שָֽׁם	8033	HD	01ABc
26	18	1		וַ/יָּ֨שָׁב	c/7725	HC/Vqw3ms	01hAZ
26	18	2		יִצְחָ֜ק	3327	HNp	01VjZ
26	18	3		וַ/יַּחְפֹּ֣ר	c/2658	HC/Vqw3ms	01XCY
26	18	4		אֶת	853	HTo	01Q6t
26	18	5		בְּאֵרֹ֣ת	875	HNcfpc	01CNu
26	18	6		הַ/מַּ֗יִם	d/4325	HTd/Ncmpa	01bNQ
26	18	7		אֲשֶׁ֤ר	834 a	HTr	01YTX
26	18	8		חָֽפְרוּ֙	2658	HVqp3cp	01yK8
26	18	9		בִּ/ימֵי֙	b/3117	HR/Ncmpc	01F7i
26	18	10		אַבְרָהָ֣ם	85	HNp	01x1o
26	18	11		אָבִ֔י/ו	1	HNcmsc/Sp3ms	01Ju6
26	18	12		וַ/יְסַתְּמ֣וּ/ם	c/5640 a	HC/Vpw3mp/Sp3mp	01iac
26	18	13		פְּלִשְׁתִּ֔ים	6430	HNgmpa	01KGC
26	18	14		אַחֲרֵ֖י	310 a	HR	019p6
26	18	15		מ֣וֹת	4194	HNcmsc	01cBd
26	18	16		אַבְרָהָ֑ם	85	HNp	01mi6
26	18	17		וַ/יִּקְרָ֤א	c/7121	HC/Vqw3ms	01xQQ
26	18	18		לָ/הֶן֙	l	HR/Sp3fp	01piH
26	18	19		שֵׁמ֔וֹת	8034	HNcmpa	01wZ1
26	18	20		כַּ/שֵּׁמֹ֕ת	k/8034	HRd/Ncmpa	01Gog
26	18	21		אֲשֶׁר	834 a	HTr	01wpw
26	18	22		קָרָ֥א	7121	HVqp3ms	01dQ2
26	18	23		לָ/הֶ֖ן	l	HR/Sp3fp	01rq5
26	18	24		אָבִֽי/ו	1	HNcmsc/Sp3ms	01TKr
26	19	1		וַ/יַּחְפְּר֥וּ	c/2658	HC/Vqw3mp	01KZ6
26	19	2		עַבְדֵֽי	5650	HNcmpc	01gGN
26	19	3		יִצְחָ֖ק	3327	HNp	01LF1
26	19	4		בַּ/נָּ֑חַל	b/5158 a	HRd/Ncmsa	01os3
26	19	5		וַ/יִּ֨מְצְאוּ	c/4672	HC/Vqw3mp	01bZo
26	19	6		שָׁ֔ם	8033	HD	0137i
26	19	7		בְּאֵ֖ר	875	HNcfsc	01WkH
26	19	8		מַ֥יִם	4325	HNcmpa	01oxo
26	19	9		חַיִּֽים	2416 a	HAampa	01xrs
26	20	1		וַ/יָּרִ֜יבוּ	c/7378	HC/Vqw3mp	012Yq
26	20	2		רֹעֵ֣י	7473	HVqrmpc	0126h
26	20	3		גְרָ֗ר	1642	HNp	01v8s
26	20	4		עִם	5973 a	HR	019V6
26	20	5		רֹעֵ֥י	7473	HVqrmpc	01hN7
26	20	6		יִצְחָ֛ק	3327	HNp	01p9V
26	20	7		לֵ/אמֹ֖ר	l/559	HR/Vqc	01cdq
26	20	8		לָ֣/נוּ	l	HR/Sp1cp	01VtC
26	20	9		הַ/מָּ֑יִם	d/4325	HTd/Ncmpa	01epZ
26	20	10		וַ/יִּקְרָ֤א	c/7121	HC/Vqw3ms	011xJ
26	20	11		שֵֽׁם	8034	HNcmsc	01XbU
26	20	12		הַ/בְּאֵר֙	d/875	HTd/Ncfsa	01ou6
26	20	13		עֵ֔שֶׂק	6230	HNp	01kMS
26	20	14		כִּ֥י	3588 a	HC	01NAE
26	20	15		הִֽתְעַשְּׂק֖וּ	6229	HVtp3cp	01xRx
26	20	16		עִמּֽ/וֹ	5973 a	HR/Sp3ms	01252
26	21	1		וַֽ/יַּחְפְּרוּ֙	c/2658	HC/Vqw3mp	01Unw
26	21	2		בְּאֵ֣ר	875	HNcfsa	01u7Y
26	21	3		אַחֶ֔רֶת	312	HAafsa	012Eo
26	21	4		וַ/יָּרִ֖יבוּ	c/7378	HC/Vqw3mp	01mbv
26	21	5		גַּם	1571	HTa	01vVi
26	21	6		עָלֶ֑י/הָ	5921 a	HR/Sp3fs	01iaN
26	21	7		וַ/יִּקְרָ֥א	c/7121	HC/Vqw3ms	012EZ
26	21	8		שְׁמָ֖/הּ	8034	HNcmsc/Sp3fs	01yTw
26	21	9		שִׂטְנָֽה	7856	HNp	012hV
26	22	1		וַ/יַּעְתֵּ֣ק	c/6275	HC/Vhw3ms	01BrS
26	22	2		מִ/שָּׁ֗ם	m/8033	HR/D	01RC3
26	22	3		וַ/יַּחְפֹּר֙	c/2658	HC/Vqw3ms	016NZ
26	22	4		בְּאֵ֣ר	875	HNcfsa	01WEx
26	22	5		אַחֶ֔רֶת	312	HAafsa	01ew1
26	22	6		וְ/לֹ֥א	c/3808	HC/Tn	01Bo9
26	22	7		רָב֖וּ	7378	HVqp3cp	01HfX
26	22	8		עָלֶ֑י/הָ	5921 a	HR/Sp3fs	01RCH
26	22	9		וַ/יִּקְרָ֤א	c/7121	HC/Vqw3ms	01YUj
26	22	10		שְׁמָ/הּ֙	8034	HNcmsc/Sp3fs	01ykU
26	22	11		רְחֹב֔וֹת	7344	HNp	01qFt
26	22	12		וַ/יֹּ֗אמֶר	c/559	HC/Vqw3ms	01njs
26	22	13		כִּֽי	3588 a	HC	01zi5
26	22	14		עַתָּ֞ה	6258	HD	01ce6
26	22	15		הִרְחִ֧יב	7337	HVhp3ms	0155V
26	22	16		יְהוָ֛ה	3068	HNp	01SQT
26	22	17		לָ֖/נוּ	l	HR/Sp1cp	01bba
26	22	18		וּ/פָרִ֥ינוּ	c/6509	HC/Vqp1cp	01WaL
26	22	19		בָ/אָֽרֶץ	b/776	HRd/Ncbsa	01huJ
26	23	1		וַ/יַּ֥עַל	c/5927	HC/Vqw3ms	01nnW
26	23	2		מִ/שָּׁ֖ם	m/8033	HR/D	011Sg
26	23	3		בְּאֵ֥ר	884+	HNp	01Pka
26	23	4		שָֽׁבַע	884	HNp	01tvr
26	24	1		וַ/יֵּרָ֨א	c/7200	HC/VNw3ms	0169q
26	24	2		אֵלָ֤י/ו	413	HR/Sp3ms	01qn3
26	24	3		יְהוָה֙	3068	HNp	01Am6
26	24	4		בַּ/לַּ֣יְלָה	b/3915	HRd/Ncmsa	0163o
26	24	5		הַ/ה֔וּא	d/1931	HTd/Pp3ms	01u1x
26	24	6		וַ/יֹּ֕אמֶר	c/559	HC/Vqw3ms	01jKB
26	24	7		אָנֹכִ֕י	595	HPp1cs	01GPt
26	24	8		אֱלֹהֵ֖י	430	HNcmpc	01bCn
26	24	9		אַבְרָהָ֣ם	85	HNp	01a55
26	24	10		אָבִ֑י/ךָ	1	HNcmsc/Sp2ms	01AqG
26	24	11		אַל	408	HTn	01Syq
26	24	12		תִּירָא֙	3372	HVqj2ms	01pqU
26	24	13		כִּֽי	3588 a	HC	01c7F
26	24	14		אִתְּ/ךָ֣	854	HR/Sp2ms	01jKd
26	24	15		אָנֹ֔כִי	595	HPp1cs	019Bt
26	24	16		וּ/בֵֽרַכְתִּ֨י/ךָ֙	c/1288	HC/Vpq1cs/Sp2ms	01uvE
26	24	17		וְ/הִרְבֵּיתִ֣י	c/7235 a	HC/Vhq1cs	01WNh
26	24	18		אֶֽת	853	HTo	01jWN
26	24	19		זַרְעֲ/ךָ֔	2233	HNcmsc/Sp2ms	011QH
26	24	20		בַּ/עֲב֖וּר	b/5668	HR/Ncmsc	01sKq
26	24	21		אַבְרָהָ֥ם	85	HNp	01xYX
26	24	22		עַבְדִּֽ/י	5650	HNcmsc/Sp1cs	01YGC
26	25	1		וַ/יִּ֧בֶן	c/1129	HC/Vqw3ms	01YiZ
26	25	2		שָׁ֣ם	8033	HD	01v4S
26	25	3		מִזְבֵּ֗חַ	4196	HNcmsa	01ixP
26	25	4		וַ/יִּקְרָא֙	c/7121	HC/Vqw3ms	0172Q
26	25	5		בְּ/שֵׁ֣ם	b/8034	HR/Ncmsc	01yNu
26	25	6		יְהוָ֔ה	3068	HNp	01ywz
26	25	7		וַ/יֶּט	c/5186	HC/Vqw3ms	01eEP
26	25	8		שָׁ֖ם	8033	HD	01KTK
26	25	9		אָהֳל֑/וֹ	168	HNcmsc/Sp3ms	01cFs
26	25	10		וַ/יִּכְרוּ	c/3738 b	HC/Vqw3mp	01Aox
26	25	11		שָׁ֥ם	8033	HD	01cAM
26	25	12		עַבְדֵי	5650	HNcmpc	01bHj
26	25	13		יִצְחָ֖ק	3327	HNp	01aPQ
26	25	14		בְּאֵֽר	875	HNcfsa	014WN
26	26	1		וַ/אֲבִימֶ֕לֶךְ	c/40	HC/Np	01RRf
26	26	2		הָלַ֥ךְ	1980	HVqp3ms	01nVC
26	26	3		אֵלָ֖י/ו	413	HR/Sp3ms	01Bcy
26	26	4		מִ/גְּרָ֑ר	m/1642	HR/Np	01P5c
26	26	5		וַ/אֲחֻזַּת֙	c/276	HC/Np	01W37
26	26	6		מֵֽרֵעֵ֔/הוּ	4828	HNcmsc/Sp3ms	018F5
26	26	7		וּ/פִיכֹ֖ל	c/6369	HC/Np	01enF
26	26	8		שַׂר	8269	HNcmsc	01npz
26	26	9		צְבָאֽ/וֹ	6635 a	HNcbsc/Sp3ms	01jFk
26	27	1		וַ/יֹּ֤אמֶר	c/559	HC/Vqw3ms	01aad
26	27	2		אֲלֵ/הֶם֙	413	HR/Sp3mp	01kTe
26	27	3		יִצְחָ֔ק	3327	HNp	015Vw
26	27	4		מַדּ֖וּעַ	4069	HTi	01GqA
26	27	5		בָּאתֶ֣ם	935	HVqp2mp	01Nhq
26	27	6		אֵלָ֑/י	413	HR/Sp1cs	01LLK
26	27	7		וְ/אַתֶּם֙	c/859 d	HC/Pp2mp	01VUz
26	27	8		שְׂנֵאתֶ֣ם	8130	HVqp2mp	01xTu
26	27	9		אֹתִ֔/י	853	HTo/Sp1cs	01hya
26	27	10		וַ/תְּשַׁלְּח֖וּ/נִי	c/7971	HC/Vpw2mp/Sp1cs	01yiC
26	27	11		מֵ/אִתְּ/כֶֽם	m/854	HR/R/Sp2mp	01DCf
26	28	1		וַ/יֹּאמְר֗וּ	c/559	HC/Vqw3mp	01SHs
26	28	2		רָא֣וֹ	7200	HVqa	01FE8
26	28	3		רָאִינוּ֮	7200	HVqp1cp	01NwY
26	28	4		כִּֽי	3588 a	HC	01YtK
26	28	5		הָיָ֣ה	1961	HVqp3ms	018yx
26	28	6		יְהוָ֣ה	3068	HNp	01CJy
26	28	7		עִמָּ/ךְ֒	5973 a	HR/Sp2fs	01shv
26	28	8		וַ/נֹּ֗אמֶר	c/559	HC/Vqw1cp	01xJC
26	28	9		תְּהִ֨י	1961	HVqj3fs	01XH9
26	28	10		נָ֥א	4994	HTe	01kx4
26	28	11		אָלָ֛ה	423	HNcfsa	01Qv7
26	28	12		בֵּינוֹתֵ֖י/נוּ	996	HR/Sp1cp	015SQ
26	28	13		בֵּינֵ֣י/נוּ	996	HR/Sp1cp	014Wf
26	28	14		וּ/בֵינֶ֑/ךָ	c/996	HC/R/Sp2ms	014P8
26	28	15		וְ/נִכְרְתָ֥ה	c/3772	HC/Vqh1cp	01VEq
26	28	16		בְרִ֖ית	1285	HNcfsa	01Lpu
26	28	17		עִמָּֽ/ךְ	5973 a	HR/Sp3fs	01nMq
26	29	1		אִם	518 a	HC	01tPt
26	29	2		תַּעֲשֵׂ֨ה	6213 a	HVqi2ms	01nAY
26	29	3		עִמָּ֜/נוּ	5973 a	HR/Sp1cp	012iL
26	29	4		רָעָ֗ה	7451 c	HNcfsa	01t4y
26	29	5		כַּ/אֲשֶׁר֙	k/834 d	HR/Tr	01UF7
26	29	6		לֹ֣א	3808	HTn	01jvH
26	29	7		נְגַֽעֲנ֔וּ/ךָ	5060	HVqp1cp/Sp2ms	01EZh
26	29	8		וְ/כַ/אֲשֶׁ֨ר	c/k/834 d	HC/R/Tr	01GNQ
26	29	9		עָשִׂ֤ינוּ	6213 a	HVqp1cp	01csG
26	29	10		עִמְּ/ךָ֙	5973 a	HR/Sp2ms	01SCo
26	29	11		רַק	7535	HTa	01okV
26	29	12		ט֔וֹב	2896 b	HAamsa	01Paf
26	29	13		וַ/נְּשַׁלֵּֽחֲ/ךָ֖	c/7971	HC/Vpw1cp/Sp2ms	01VDs
26	29	14		בְּ/שָׁל֑וֹם	b/7965	HR/Ncmsa	01HKK
26	29	15		אַתָּ֥ה	859 a	HPp2ms	017Gj
26	29	16		עַתָּ֖ה	6258	HD	01SGr
26	29	17		בְּר֥וּךְ	1288	HVqsmsc	01uo7
26	29	18		יְהוָֽה	3068	HNp	01CVH
26	30	1		וַ/יַּ֤עַשׂ	c/6213 a	HC/Vqw3ms	01syj
26	30	2		לָ/הֶם֙	l	HR/Sp3mp	01o59
26	30	3		מִשְׁתֶּ֔ה	4960	HNcmsa	01g86
26	30	4		וַ/יֹּאכְל֖וּ	c/398	HC/Vqw3mp	01fvv
26	30	5		וַ/יִּשְׁתּֽוּ	c/8354	HC/Vqw3mp	01ZbA
26	31	1		וַ/יַּשְׁכִּ֣ימוּ	c/7925	HC/Vhw3mp	01SU6
26	31	2		בַ/בֹּ֔קֶר	b/1242	HRd/Ncmsa	01A7F
26	31	3		וַ/יִּשָּׁבְע֖וּ	c/7650	HC/VNw3mp	01qvD
26	31	4		אִ֣ישׁ	376	HNcmsa	0175H
26	31	5		לְ/אָחִ֑י/ו	l/251	HR/Ncmsc/Sp3ms	01wax
26	31	6		וַ/יְשַׁלְּחֵ֣/ם	c/7971	HC/Vpw3ms/Sp3mp	01zBH
26	31	7		יִצְחָ֔ק	3327	HNp	019wJ
26	31	8		וַ/יֵּלְכ֥וּ	c/3212	HC/Vqw3mp	01gj3
26	31	9		מֵ/אִתּ֖/וֹ	m/854	HR/R/Sp3ms	01dJx
26	31	10		בְּ/שָׁלֽוֹם	b/7965	HR/Ncmsa	01WBR
26	32	1		וַ/יְהִ֣י	c/1961	HC/Vqw3ms	01uB9
26	32	2		בַּ/יּ֣וֹם	b/3117	HRd/Ncmsa	01UW8
26	32	3		הַ/ה֗וּא	d/1931	HTd/Pp3ms	01rzJ
26	32	4		וַ/יָּבֹ֨אוּ֙	c/935	HC/Vqw3mp	016Sa
26	32	5		עַבְדֵ֣י	5650	HNcmpc	016Dm
26	32	6		יִצְחָ֔ק	3327	HNp	01z6r
26	32	7		וַ/יַּגִּ֣דוּ	c/5046	HC/Vhw3mp	01R8k
26	32	8		ל֔/וֹ	l	HR/Sp3ms	01YYk
26	32	9		עַל	5921 a	HR	01C3M
26	32	10		אֹד֥וֹת	182	HNcfpc	01Yqe
26	32	11		הַ/בְּאֵ֖ר	d/875	HTd/Ncfsa	018UA
26	32	12		אֲשֶׁ֣ר	834 a	HTr	011Yr
26	32	13		חָפָ֑רוּ	2658	HVqp3cp	0122K
26	32	14		וַ/יֹּ֥אמְרוּ	c/559	HC/Vqw3mp	01nkg
26	32	15		ל֖/וֹ	l	HR/Sp3ms	01bfa
26	32	16		מָצָ֥אנוּ	4672	HVqp1cp	01kcM
26	32	17		מָֽיִם	4325	HNcmpa	01xy3
26	33	1		וַ/יִּקְרָ֥א	c/7121	HC/Vqw3ms	01xFB
26	33	2		אֹתָ֖/הּ	853	HTo/Sp3fs	01Xob
26	33	3		שִׁבְעָ֑ה	7656	HAcmsa	01q44
26	33	4		עַל	5921 a	HR	01fiU
26	33	5		כֵּ֤ן	3651 c	HTm	01U1v
26	33	6		שֵׁם	8034	HNcmsc	01uR9
26	33	7		הָ/עִיר֙	d/5892 b	HTd/Ncfsa	01fSv
26	33	8		בְּאֵ֣ר	884+	HNp	01RW8
26	33	9		שֶׁ֔בַע	884	HAcfsa	01B4r
26	33	10		עַ֖ד	5704	HR	01qJg
26	33	11		הַ/יּ֥וֹם	d/3117	HTd/Ncmsa	01u3u
26	33	12		הַ/זֶּֽה	d/2088	HTd/Pdxms	01Sbb
26	34	1		וַ/יְהִ֤י	c/1961	HC/Vqw3ms	01DTC
26	34	2		עֵשָׂו֙	6215	HNp	01Z4W
26	34	3		בֶּן	1121 a	HNcmsc	01ULz
26	34	4		אַרְבָּעִ֣ים	705	HAcbpa	01423
26	34	5		שָׁנָ֔ה	8141	HNcfsa	01x3A
26	34	6		וַ/יִּקַּ֤ח	c/3947	HC/Vqw3ms	01uR1
26	34	7		אִשָּׁה֙	802	HNcfsa	01RBt
26	34	8		אֶת	853	HTo	01sPD
26	34	9		יְהוּדִ֔ית	3067	HNp	01ngQ
26	34	10		בַּת	1323	HNcfsc	016FS
26	34	11		בְּאֵרִ֖י	882	HNp	016U7
26	34	12		הַֽ/חִתִּ֑י	d/2850	HTd/Ngmsa	0175S
26	34	13		וְ/אֶת	c/853	HC/To	01Fo2
26	34	14		בָּ֣שְׂמַ֔ת	1315	HNp	01Cb1
26	34	15		בַּת	1323	HNcfsc	01z1M
26	34	16		אֵילֹ֖ן	356	HNp	01e7f
26	34	17		הַֽ/חִתִּֽי	d/2850	HTd/Ngmsa	01pst
26	35	1		וַ/תִּהְיֶ֖יןָ	c/1961	HC/Vqw3fp	01THR
26	35	2		מֹ֣רַת	4786	HNcfsc	01aXS
26	35	3		ר֑וּחַ	7307	HNcbsa	01JeL
26	35	4		לְ/יִצְחָ֖ק	l/3327	HR/Np	01Kff
26	35	5		וּ/לְ/רִבְקָֽה	c/l/7259	HC/R/Np	01YxZ
27	1	1		וַ/יְהִי֙	c/1961	HC/Vqw3ms	01jf2
27	1	2		כִּֽי	3588 a	HC	01cuN
27	1	3		זָקֵ֣ן	2204	HVqp3ms	019eN
27	1	4		יִצְחָ֔ק	3327	HNp	01rVU
27	1	5		וַ/תִּכְהֶ֥יןָ	c/3543 a	HC/Vqw3fp	013wq
27	1	6		עֵינָ֖י/ו	5869 a	HNcbdc/Sp3ms	01aNE
27	1	7		מֵ/רְאֹ֑ת	m/7200	HR/Vqc	015nE
27	1	8		וַ/יִּקְרָ֞א	c/7121	HC/Vqw3ms	014P3
27	1	9		אֶת	853	HTo	012PP
27	1	10		עֵשָׂ֣ו	6215	HNp	01nn6
27	1	11		בְּנ֣/וֹ	1121 a	HNcmsc/Sp3ms	01srQ
27	1	12		הַ/גָּדֹ֗ל	d/1419 a	HTd/Aamsa	01gnL
27	1	13		וַ/יֹּ֤אמֶר	c/559	HC/Vqw3ms	01u2Q
27	1	14		אֵלָי/ו֙	413	HR/Sp3ms	01Dcb
27	1	15		בְּנִ֔/י	1121 a	HNcmsc/Sp1cs	01iUb
27	1	16		וַ/יֹּ֥אמֶר	c/559	HC/Vqw3ms	01oaE
27	1	17		אֵלָ֖י/ו	413	HR/Sp3ms	01obW
27	1	18		הִנֵּֽנִ/י	2009	HTm/Sp1cs	014zD
27	2	1		וַ/יֹּ֕אמֶר	c/559	HC/Vqw3ms	01KUn
27	2	2		הִנֵּה	2009	HTm	01FxF
27	2	3		נָ֖א	4994	HTe	012Q3
27	2	4		זָקַ֑נְתִּי	2204	HVqp1cs	01wuo
27	2	5		לֹ֥א	3808	HTn	01yM6
27	2	6		יָדַ֖עְתִּי	3045	HVqp1cs	01tm1
27	2	7		י֥וֹם	3117	HNcmsc	01NiH
27	2	8		מוֹתִֽ/י	4194	HNcmsc/Sp1cs	01KAR
27	3	1		וְ/עַתָּה֙	c/6258	HC/D	01nHu
27	3	2		שָׂא	5375	HVqv2ms	01BP8
27	3	3		נָ֣א	4994	HTe	01cVb
27	3	4		כֵלֶ֔י/ךָ	3627	HNcmpc/Sp2ms	0163a
27	3	5		תֶּלְיְ/ךָ֖	8522	HNcmsc/Sp2ms	01jqf
27	3	6		וְ/קַשְׁתֶּ֑/ךָ	c/7198	HC/Ncfsc/Sp2ms	01b3r
27	3	7		וְ/צֵא֙	c/3318	HC/Vqv2ms	01GuX
27	3	8		הַ/שָּׂדֶ֔ה	d/7704 b	HTd/Ncmsa	01gg9
27	3	9		וְ/צ֥וּדָ/ה	c/6679 a	HC/Vqv2ms/Sh	01oR8
27	3	10		לִּ֖/י	l	HR/Sp1cs	01j2Y
27	3	11	x-ketiv	צידה	6720	HNcbsa	01dHk
27	3	12		צָֽיִד	6720	HNcbsa	01ydd
27	4	1		וַ/עֲשֵׂה	c/6213 a	HC/Vqv2ms	01kL7
27	4	2		לִ֨/י	l	HR/Sp1cs	01mHz
27	4	3		מַטְעַמִּ֜ים	4303	HNcmpa	01Eb6
27	4	4		כַּ/אֲשֶׁ֥ר	k/834 d	HR/Tr	01EtY
27	4	5		אָהַ֛בְתִּי	157	HVqp1cs	01Q7b
27	4	6		וְ/הָבִ֥יאָ/ה	c/935	HC/Vhv2ms/Sh	01Cpc
27	4	7		לִּ֖/י	l	HR/Sp1cs	01PyF
27	4	8		וְ/אֹכֵ֑לָה	c/398	HC/Vqh1cs	01h7X
27	4	9		בַּ/עֲב֛וּר	b/5668	HR/Ncmsc	019bc
27	4	10		תְּבָרֶכְ/ךָ֥	1288	HVpi3fs/Sp2ms	01fXq
27	4	11		נַפְשִׁ֖/י	5315	HNcbsc/Sp1cs	01eqC
27	4	12		בְּ/טֶ֥רֶם	b/2962	HR/D	01ya6
27	4	13		אָמֽוּת	4191	HVqi1cs	01vRc
27	5	1		וְ/רִבְקָ֣ה	c/7259	HC/Np	01kYz
27	5	2		שֹׁמַ֔עַת	8085	HVqrfsa	017v5
27	5	3		בְּ/דַבֵּ֣ר	b/1696	HR/Vpc	01iKp
27	5	4		יִצְחָ֔ק	3327	HNp	012WG
27	5	5		אֶל	413	HR	017mg
27	5	6		עֵשָׂ֖ו	6215	HNp	013Sf
27	5	7		בְּנ֑/וֹ	1121 a	HNcmsc/Sp3ms	01CwR
27	5	8		וַ/יֵּ֤לֶךְ	c/3212	HC/Vqw3ms	01S6e
27	5	9		עֵשָׂו֙	6215	HNp	01dmo
27	5	10		הַ/שָּׂדֶ֔ה	d/7704 b	HTd/Ncmsa	015zx
27	5	11		לָ/צ֥וּד	l/6679 a	HR/Vqc	01PLr
27	5	12		צַ֖יִד	6718 a	HNcmsa	01Ykn
27	5	13		לְ/הָבִֽיא	l/935	HR/Vhc	01fNQ
27	6	1		וְ/רִבְקָה֙	c/7259	HC/Np	01yf8
27	6	2		אָֽמְרָ֔ה	559	HVqp3fs	01127
27	6	3		אֶל	413	HR	01wA6
27	6	4		יַעֲקֹ֥ב	3290	HNp	011Xd
27	6	5		בְּנָ֖/הּ	1121 a	HNcmsc/Sp3fs	01t1J
27	6	6		לֵ/אמֹ֑ר	l/559	HR/Vqc	01vAz
27	6	7		הִנֵּ֤ה	2009	HTm	0179S
27	6	8		שָׁמַ֨עְתִּי֙	8085	HVqp1cs	01qij
27	6	9		אֶת	853	HTo	01nzF
27	6	10		אָבִ֔י/ךָ	1	HNcmsc/Sp2ms	01bme
27	6	11		מְדַבֵּ֛ר	1696	HVprmsa	018Bh
27	6	12		אֶל	413	HR	01vZf
27	6	13		עֵשָׂ֥ו	6215	HNp	01B7r
27	6	14		אָחִ֖י/ךָ	251	HNcmsc/Sp2ms	01AD6
27	6	15		לֵ/אמֹֽר	l/559	HR/Vqc	0195X
27	7	1		הָבִ֨יאָ/ה	935	HVhv2ms/Sh	01HLu
27	7	2		לִּ֥/י	l	HR/Sp1cs	01cmp
27	7	3		צַ֛יִד	6718 a	HNcmsa	01zaG
27	7	4		וַ/עֲשֵׂה	c/6213 a	HC/Vqv2ms	01zG6
27	7	5		לִ֥/י	l	HR/Sp1cs	01xpy
27	7	6		מַטְעַמִּ֖ים	4303	HNcmpa	01QQj
27	7	7		וְ/אֹכֵ֑לָה	c/398	HC/Vqh1cs	01fPe
27	7	8		וַ/אֲבָרֶכְ/כָ֛ה	c/1288	HC/Vph1cs/Sp2ms	01Rk4
27	7	9		לִ/פְנֵ֥י	l/6440	HR/Ncbpc	01m8F
27	7	10		יְהוָ֖ה	3068	HNp	01XSc
27	7	11		לִ/פְנֵ֥י	l/6440	HR/Ncbpc	015qi
27	7	12		מוֹתִֽ/י	4194	HNcmsc/Sp1cs	019bH
27	8	1		וְ/עַתָּ֥ה	c/6258	HC/D	01BJ3
27	8	2		בְנִ֖/י	1121 a	HNcmsc/Sp1cs	01ivp
27	8	3		שְׁמַ֣ע	8085	HVqv2ms	01KFK
27	8	4		בְּ/קֹלִ֑/י	b/6963 a	HR/Ncmsc/Sp1cs	01Ssv
27	8	5		לַ/אֲשֶׁ֥ר	l/834 a	HR/Tr	018SP
27	8	6		אֲנִ֖י	589	HPp1cs	01mJF
27	8	7		מְצַוָּ֥ה	6680	HVprfsa	01LUU
27	8	8		אֹתָֽ/ךְ	853	HTo/Sp2fs	01AxS
27	9	1		לֶךְ	3212	HVqv2ms	01GNx
27	9	2		נָא֙	4994	HTe	01Aue
27	9	3		אֶל	413	HR	01BXp
27	9	4		הַ/צֹּ֔אן	d/6629	HTd/Ncbsa	01Jzb
27	9	5		וְ/קַֽח	c/3947	HC/Vqv2ms	0143V
27	9	6		לִ֣/י	l	HR/Sp1cs	01oXA
27	9	7		מִ/שָּׁ֗ם	m/8033	HR/D	012vn
27	9	8		שְׁנֵ֛י	8147	HAcmdc	01uUg
27	9	9		גְּדָיֵ֥י	1423	HNcmpc	01Rdv
27	9	10		עִזִּ֖ים	5795	HNcfpa	01gWa
27	9	11		טֹבִ֑ים	2896 a	HAampa	01FNo
27	9	12		וְ/אֶֽעֱשֶׂ֨ה	c/6213 a	HC/Vqi1cs	015HU
27	9	13		אֹתָ֧/ם	853	HTo/Sp3mp	01Lsb
27	9	14		מַטְעַמִּ֛ים	4303	HNcmpa	01giK
27	9	15		לְ/אָבִ֖י/ךָ	l/1	HR/Ncmsc/Sp2ms	01XTv
27	9	16		כַּ/אֲשֶׁ֥ר	k/834 d	HR/Tr	01tEP
27	9	17		אָהֵֽב	157	HVqp3ms	0162a
27	10	1		וְ/הֵבֵאתָ֥	c/935	HC/Vhq2ms	0111V
27	10	2		לְ/אָבִ֖י/ךָ	l/1	HR/Ncmsc/Sp2ms	01JY8
27	10	3		וְ/אָכָ֑ל	c/398	HC/Vqq3ms	01mpW
27	10	4		בַּ/עֲבֻ֛ר	b/5668	HR/Ncmsc	01Dzw
27	10	5		אֲשֶׁ֥ר	834 a	HTr	01VdU
27	10	6		יְבָרֶכְ/ךָ֖	1288	HVpi3ms/Sp2ms	01vhf
27	10	7		לִ/פְנֵ֥י	l/6440	HR/Ncbpc	01Ywb
27	10	8		מוֹתֽ/וֹ	4194	HNcmsc/Sp3ms	013qC
27	11	1		וַ/יֹּ֣אמֶר	c/559	HC/Vqw3ms	01Dxs
27	11	2		יַעֲקֹ֔ב	3290	HNp	01G7M
27	11	3		אֶל	413	HR	011Mo
27	11	4		רִבְקָ֖ה	7259	HNp	01DKw
27	11	5		אִמּ֑/וֹ	517	HNcfsc/Sp3ms	01JzG
27	11	6		הֵ֣ן	2005	HTm	017iD
27	11	7		עֵשָׂ֤ו	6215	HNp	01vN5
27	11	8		אָחִ/י֙	251	HNcmsc/Sp1cs	01r2K
27	11	9		אִ֣ישׁ	376	HNcmsa	01dfs
27	11	10		שָׂעִ֔ר	8163 a	HAamsa	01EtH
27	11	11		וְ/אָנֹכִ֖י	c/595	HC/Pp1cs	015KR
27	11	12		אִ֥ישׁ	376	HNcmsa	01rum
27	11	13		חָלָֽק	2509	HAamsa	01R73
27	12	1		אוּלַ֤י	194	HD	01r8Z
27	12	2		יְמֻשֵּׁ֨/נִי֙	4959	HVqi3ms/Sp1cs	01Fzq
27	12	3		אָבִ֔/י	1	HNcmsc/Sp1cs	01gPK
27	12	4		וְ/הָיִ֥יתִי	c/1961	HC/Vqp1cs	01K8b
27	12	5		בְ/עֵינָ֖י/ו	b/5869 a	HR/Ncbdc/Sp3ms	01bBS
27	12	6		כִּ/מְתַעְתֵּ֑עַ	k/8591	HR/Vlrmsa	01rPV
27	12	7		וְ/הֵבֵאתִ֥י	c/935	HC/Vhq1cs	01tM6
27	12	8		עָלַ֛/י	5921 a	HR/Sp1cs	01HQy
27	12	9		קְלָלָ֖ה	7045	HNcfsa	01N4G
27	12	10		וְ/לֹ֥א	c/3808	HC/Tn	01BMM
27	12	11		בְרָכָֽה	1293	HNcfsa	01rhp
27	13	1		וַ/תֹּ֤אמֶר	c/559	HC/Vqw3fs	01vtD
27	13	2		ל/וֹ֙	l	HR/Sp3ms	01JWe
27	13	3		אִמּ֔/וֹ	517	HNcfsc/Sp3ms	01CZN
27	13	4		עָלַ֥/י	5921 a	HR/Sp1cs	01Yh5
27	13	5		קִלְלָתְ/ךָ֖	7045	HNcfsc/Sp2ms	01CBW
27	13	6		בְּנִ֑/י	1121 a	HNcmsc/Sp1cs	01Xsp
27	13	7		אַ֛ךְ	389	HTa	013JX
27	13	8		שְׁמַ֥ע	8085	HVqv2ms	01EbA
27	13	9		בְּ/קֹלִ֖/י	b/6963 a	HR/Ncmsc/Sp1cs	01obf
27	13	10		וְ/לֵ֥ךְ	c/3212	HC/Vqv2ms	01YzW
27	13	11		קַֽח	3947	HVqv2ms	01FaA
27	13	12		לִֽ/י	l	HR/Sp1cs	01E6Y
27	14	1		וַ/יֵּ֨לֶךְ֙	c/3212	HC/Vqw3ms	01twK
27	14	2		וַ/יִּקַּ֔ח	c/3947	HC/Vqw3ms	01xXA
27	14	3		וַ/יָּבֵ֖א	c/935	HC/Vhw3ms	01BZb
27	14	4		לְ/אִמּ֑/וֹ	l/517	HR/Ncfsc/Sp3ms	01gs8
27	14	5		וַ/תַּ֤עַשׂ	c/6213 a	HC/Vqw3fs	015eB
27	14	6		אִמּ/וֹ֙	517	HNcfsc/Sp3ms	014Zt
27	14	7		מַטְעַמִּ֔ים	4303	HNcmpa	01kPr
27	14	8		כַּ/אֲשֶׁ֖ר	k/834 d	HR/Tr	01Z6v
27	14	9		אָהֵ֥ב	157	HVqp3ms	01M9m
27	14	10		אָבִֽי/ו	1	HNcmsc/Sp3ms	019fx
27	15	1		וַ/תִּקַּ֣ח	c/3947	HC/Vqw3fs	014gn
27	15	2		רִ֠בְקָה	7259	HNp	01Uvg
27	15	3		אֶת	853	HTo	01boM
27	15	4		בִּגְדֵ֨י	899 b	HNcmpc	01Dza
27	15	5		עֵשָׂ֜ו	6215	HNp	01X3B
27	15	6		בְּנָ֤/הּ	1121 a	HNcmsc/Sp3fs	01St2
27	15	7		הַ/גָּדֹל֙	d/1419 a	HTd/Aamsa	01VKr
27	15	8		הַ/חֲמֻדֹ֔ת	d/2532 b	HTd/Ncfpa	01Pjg
27	15	9		אֲשֶׁ֥ר	834 a	HTr	01wJx
27	15	10		אִתָּ֖/הּ	854	HR/Sp3fs	013y6
27	15	11		בַּ/בָּ֑יִת	b/1004 b	HRd/Ncmsa	01xas
27	15	12		וַ/תַּלְבֵּ֥שׁ	c/3847	HC/Vhw3fs	01K2P
27	15	13		אֶֽת	853	HTo	01jRn
27	15	14		יַעֲקֹ֖ב	3290	HNp	01QrB
27	15	15		בְּנָ֥/הּ	1121 a	HNcmsc/Sp3fs	01rc3
27	15	16		הַ/קָּטָֽן	d/6996 a	HTd/Aamsa	01ZuC
27	16	1		וְ/אֵ֗ת	c/853	HC/To	01ftE
27	16	2		עֹרֹת֙	5785	HNcmpc	01gXP
27	16	3		גְּדָיֵ֣י	1423	HNcmpc	018oS
27	16	4		הָֽ/עִזִּ֔ים	d/5795	HTd/Ncfpa	015jD
27	16	5		הִלְבִּ֖ישָׁה	3847	HVhp3fs	01nts
27	16	6		עַל	5921 a	HR	01LBK
27	16	7		יָדָ֑י/ו	3027	HNcbdc/Sp3ms	01QAB
27	16	8		וְ/עַ֖ל	c/5921 a	HC/R	01Bjt
27	16	9		חֶלְקַ֥ת	2513 b	HNcfsc	014H2
27	16	10		צַוָּארָֽי/ו	6677 a	HNcmpc/Sp3ms	01MmJ
27	17	1		וַ/תִּתֵּ֧ן	c/5414	HC/Vqw3fs	01rWR
27	17	2		אֶת	853	HTo	01EVJ
27	17	3		הַ/מַּטְעַמִּ֛ים	d/4303	HTd/Ncmpa	017Kc
27	17	4		וְ/אֶת	c/853	HC/To	01Wij
27	17	5		הַ/לֶּ֖חֶם	d/3899	HTd/Ncbsa	01DSB
27	17	6		אֲשֶׁ֣ר	834 a	HTr	01oAR
27	17	7		עָשָׂ֑תָה	6213 a	HVqp3fs	01Pib
27	17	8		בְּ/יַ֖ד	b/3027	HR/Ncbsc	011aY
27	17	9		יַעֲקֹ֥ב	3290	HNp	012Mj
27	17	10		בְּנָֽ/הּ	1121 a	HNcmsc/Sp3fs	01YVq
27	18	1		וַ/יָּבֹ֥א	c/935	HC/Vqw3ms	01r5m
27	18	2		אֶל	413	HR	012oJ
27	18	3		אָבִ֖י/ו	1	HNcmsc/Sp3ms	01Ev1
27	18	4		וַ/יֹּ֣אמֶר	c/559	HC/Vqw3ms	0198F
27	18	5		אָבִ֑/י	1	HNcmsc/Sp1cs	0174y
27	18	6		וַ/יֹּ֣אמֶר	c/559	HC/Vqw3ms	0152H
27	18	7		הִנֶּ֔נִּ/י	2009	HTm/Sp1cs	01xAC
27	18	8		מִ֥י	4310	HTi	018JG
27	18	9		אַתָּ֖ה	859 a	HPp2ms	01nzC
27	18	10		בְּנִֽ/י	1121 a	HNcmsc/Sp1cs	01nLz
27	19	1		וַ/יֹּ֨אמֶר	c/559	HC/Vqw3ms	01yHH
27	19	2		יַעֲקֹ֜ב	3290	HNp	017my
27	19	3		אֶל	413	HR	01t1k
27	19	4		אָבִ֗י/ו	1	HNcmsc/Sp3ms	01YQA
27	19	5		אָנֹכִי֙	595	HPp1cs	01b5H
27	19	6		עֵשָׂ֣ו	6215	HNp	01G7D
27	19	7		בְּכֹרֶ֔/ךָ	1060	HNcmsc/Sp2ms	01wAJ
27	19	8		עָשִׂ֕יתִי	6213 a	HVqp1cs	01oje
27	19	9		כַּ/אֲשֶׁ֥ר	k/834 d	HR/Tr	01fWJ
27	19	10		דִּבַּ֖רְתָּ	1696	HVpp2ms	01fpQ
27	19	11		אֵלָ֑/י	413	HR/Sp1cs	01Ygv
27	19	12		קֽוּם	6965 b	HVqv2ms	01Nge
27	19	13		נָ֣א	4994	HTe	01Yp9
27	19	14		שְׁבָ֗/ה	3427	HVqv2ms/Sh	01wLi
27	19	15		וְ/אָכְלָ/ה֙	c/398	HC/Vqv2ms/Sh	0188S
27	19	16		מִ/צֵּידִ֔/י	m/6718 a	HR/Ncmsc/Sp1cs	01KAU
27	19	17		בַּ/עֲב֖וּר	b/5668	HR/Ncmsc	01Xxi
27	19	18		תְּבָרֲכַ֥/נִּי	1288	HVpi3fs/Sp1cs	01xb7
27	19	19		נַפְשֶֽׁ/ךָ	5315	HNcbsc/Sp2ms	01DtU
27	20	1		וַ/יֹּ֤אמֶר	c/559	HC/Vqw3ms	01poL
27	20	2		יִצְחָק֙	3327	HNp	01KEx
27	20	3		אֶל	413	HR	01YMD
27	20	4		בְּנ֔/וֹ	1121 a	HNcmsc/Sp3ms	01TF6
27	20	5		מַה	4100	HTi	01YB7
27	20	6		זֶּ֛ה	2088	HPdxms	01hR3
27	20	7		מִהַ֥רְתָּ	4116 a	HVpp2ms	01kGQ
27	20	8		לִ/מְצֹ֖א	l/4672	HR/Vqc	01jYh
27	20	9		בְּנִ֑/י	1121 a	HNcmsc/Sp1cs	01jtu
27	20	10		וַ/יֹּ֕אמֶר	c/559	HC/Vqw3ms	01EBN
27	20	11		כִּ֥י	3588 a	HC	01PYi
27	20	12		הִקְרָ֛ה	7136 a	HVhp3ms	01KSQ
27	20	13		יְהוָ֥ה	3068	HNp	01yN8
27	20	14		אֱלֹהֶ֖י/ךָ	430	HNcmpc/Sp2ms	01AVR
27	20	15		לְ/פָנָֽ/י	l/6440	HR/Ncbpc/Sp1cs	01fjn
27	21	1		וַ/יֹּ֤אמֶר	c/559	HC/Vqw3ms	01CTb
27	21	2		יִצְחָק֙	3327	HNp	01k9N
27	21	3		אֶֽל	413	HR	011M5
27	21	4		יַעֲקֹ֔ב	3290	HNp	01Mcv
27	21	5		גְּשָׁ/ה	5066	HVqv2ms/Sh	01Jkx
27	21	6		נָּ֥א	4994	HTj	01bzS
27	21	7		וַ/אֲמֻֽשְׁ/ךָ֖	c/4184	HC/Vqh1cs/Sp2ms	01VrM
27	21	8		בְּנִ֑/י	1121 a	HNcmsc/Sp1cs	01TCd
27	21	9		הַֽ/אַתָּ֥ה	i/859 a	HTi/Pp2ms	01acR
27	21	10		זֶ֛ה	2088	HPdxms	0188f
27	21	11		בְּנִ֥/י	1121 a	HNcmsc/Sp1cs	01zKH
27	21	12		עֵשָׂ֖ו	6215	HNp	01EkC
27	21	13		אִם	518 a	HC	01XXd
27	21	14		לֹֽא	3808	HTn	01v2Y
27	22	1		וַ/יִּגַּ֧שׁ	c/5066	HC/Vqw3ms	01w1p
27	22	2		יַעֲקֹ֛ב	3290	HNp	01MPM
27	22	3		אֶל	413	HR	01TLb
27	22	4		יִצְחָ֥ק	3327	HNp	01hPU
27	22	5		אָבִ֖י/ו	1	HNcmsc/Sp3ms	01Qrn
27	22	6		וַ/יְמֻשֵּׁ֑/הוּ	c/4959	HC/Vqw3ms/Sp3ms	01ttx
27	22	7		וַ/יֹּ֗אמֶר	c/559	HC/Vqw3ms	01izd
27	22	8		הַ/קֹּל֙	d/6963 a	HTd/Ncmsa	01GNT
27	22	9		ק֣וֹל	6963 a	HNcmsc	01BW1
27	22	10		יַעֲקֹ֔ב	3290	HNp	01XHh
27	22	11		וְ/הַ/יָּדַ֖יִם	c/d/3027	HC/Td/Ncbda	01d51
27	22	12		יְדֵ֥י	3027	HNcbdc	01M9Z
27	22	13		עֵשָֽׂו	6215	HNp	01EZY
27	23	1		וְ/לֹ֣א	c/3808	HC/Tn	01zaH
27	23	2		הִכִּיר֔/וֹ	5234 a	HVhp3ms/Sp3ms	01tqU
27	23	3		כִּֽי	3588 a	HC	01sL7
27	23	4		הָי֣וּ	1961	HVqp3cp	0162z
27	23	5		יָדָ֗י/ו	3027	HNcbdc/Sp3ms	01p4B
27	23	6		כִּ/ידֵ֛י	k/3027	HR/Ncbdc	01QVp
27	23	7		עֵשָׂ֥ו	6215	HNp	01ERj
27	23	8		אָחִ֖י/ו	251	HNcmsc/Sp3ms	01zLy
27	23	9		שְׂעִרֹ֑ת	8163 a	HAafpa	011Qm
27	23	10		וַֽ/יְבָרְכֵֽ/הוּ	c/1288	HC/Vpw3ms/Sp3ms	01PWq
27	24	1		וַ/יֹּ֕אמֶר	c/559	HC/Vqw3ms	01tdk
27	24	2		אַתָּ֥ה	859 a	HPp2ms	01jqe
27	24	3		זֶ֖ה	2088	HPdxms	01heh
27	24	4		בְּנִ֣/י	1121 a	HNcmsc/Sp1cs	01mnk
27	24	5		עֵשָׂ֑ו	6215	HNp	01GDi
27	24	6		וַ/יֹּ֖אמֶר	c/559	HC/Vqw3ms	014kY
27	24	7		אָֽנִי	589	HPp1cs	01SP6
27	25	1		וַ/יֹּ֗אמֶר	c/559	HC/Vqw3ms	01Uf2
27	25	2		הַגִּ֤שָׁ/ה	5066	HVhv2ms/Sh	012yh
27	25	3		לִּ/י֙	l	HR/Sp1cs	01b44
27	25	4		וְ/אֹֽכְלָה֙	c/398	HC/Vqh1cs	01T19
27	25	5		מִ/צֵּ֣יד	m/6718 a	HR/Ncmsc	01h46
27	25	6		בְּנִ֔/י	1121 a	HNcmsc/Sp1cs	01SrF
27	25	7		לְמַ֥עַן	4616	HR	01qdx
27	25	8		תְּבָֽרֶכְ/ךָ֖	1288	HVpi3fs/Sp2ms	01Wbq
27	25	9		נַפְשִׁ֑/י	5315	HNcbsc/Sp1cs	011Ku
27	25	10		וַ/יַּגֶּשׁ	c/5066	HC/Vhw3ms	01g1S
27	25	11		ל/וֹ֙	l	HR/Sp3ms	017SA
27	25	12		וַ/יֹּאכַ֔ל	c/398	HC/Vqw3ms	012Q5
27	25	13		וַ/יָּ֧בֵא	c/935	HC/Vhw3ms	01rRg
27	25	14		ל֦/וֹ	l	HR/Sp3ms	01rGq
27	25	15		יַ֖יִן	3196	HNcmsa	01JHg
27	25	16		וַ/יֵּֽשְׁתְּ	c/8354	HC/Vqw3ms	01Qew
27	26	1		וַ/יֹּ֥אמֶר	c/559	HC/Vqw3ms	01anf
27	26	2		אֵלָ֖י/ו	413	HR/Sp3ms	01J27
27	26	3		יִצְחָ֣ק	3327	HNp	01NmU
27	26	4		אָבִ֑י/ו	1	HNcmsc/Sp3ms	01h9C
27	26	5		גְּשָׁ/ה	5066	HVqv2ms/Sh	01GDr
27	26	6		נָּ֥א	4994	HTj	01vF8
27	26	7		וּ/שְׁקָ/ה	c/5401 a	HC/Vqv2ms/Sh	01DVe
27	26	8		לִּ֖/י	l	HR/Sp1cs	01E3T
27	26	9		בְּנִֽ/י	1121 a	HNcmsc/Sp1cs	017v8
27	27	1		וַ/יִּגַּשׁ֙	c/5066	HC/Vqw3ms	01HxH
27	27	2		וַ/יִּשַּׁק	c/5401 a	HC/Vqw3ms	01F8P
27	27	3		ל֔/וֹ	l	HR/Sp3ms	013Ed
27	27	4		וַ/יָּ֛רַח	c/7306	HC/Vhw3ms	01km3
27	27	5		אֶת	853	HTo	01xjC
27	27	6		רֵ֥יחַ	7381	HNcmsc	01qun
27	27	7		בְּגָדָ֖י/ו	899 b	HNcmpc/Sp3ms	015kJ
27	27	8		וַֽ/יְבָרֲכֵ֑/הוּ	c/1288	HC/Vpw3ms/Sp3ms	01ezp
27	27	9		וַ/יֹּ֗אמֶר	c/559	HC/Vqw3ms	01sfU
27	27	10		רְאֵה֙	7200	HVqv2ms	01RQw
27	27	11		רֵ֣יחַ	7381	HNcmsc	01FDq
27	27	12		בְּנִ֔/י	1121 a	HNcmsc/Sp1cs	01vbV
27	27	13		כְּ/רֵ֣יחַ	k/7381	HR/Ncmsc	01dtZ
27	27	14		שָׂדֶ֔ה	7704 b	HNcmsa	01oGC
27	27	15		אֲשֶׁ֥ר	834 a	HTr	01zVE
27	27	16		בֵּרֲכ֖/וֹ	1288	HVpp3ms/Sp3ms	0163D
27	27	17		יְהוָֽה	3068	HNp	01aVU
27	28	1		וְ/יִֽתֶּן	c/5414	HC/Vqj3ms	01RiQ
27	28	2		לְ/ךָ֙	l	HR/Sp2ms	01A4d
27	28	3		הָ/אֱלֹהִ֔ים	d/430	HTd/Ncmpa	019G4
27	28	4		מִ/טַּל֙	m/2919	HR/Ncmsc	01vJQ
27	28	5		הַ/שָּׁמַ֔יִם	d/8064	HTd/Ncmpa	01Svx
27	28	6		וּ/מִ/שְׁמַנֵּ֖י	c/m/4924 a	HC/R/Ncmpc	01fdR
27	28	7		הָ/אָ֑רֶץ	d/776	HTd/Ncbsa	01QnD
27	28	8		וְ/רֹ֥ב	c/7230	HC/Ncbsc	01Np6
27	28	9		דָּגָ֖ן	1715	HNcmsa	019D7
27	28	10		וְ/תִירֹֽשׁ	c/8492	HC/Ncmsa	01Zzo
27	29	1		יַֽעַבְד֣וּ/ךָ	5647	HVqj3mp/Sp2ms	01kr3
27	29	2		עַמִּ֗ים	5971 a	HNcmpa	01wiP
27	29	3	x-ketiv	ו/ישתחו	c/7812	HC/Vvj3ms	01MA8
27	29	4		וְ/יִֽשְׁתַּחֲו֤וּ	c/7812	HC/Vvj3mp	01DTM
27	29	5		לְ/ךָ֙	l	HR/Sp2ms	01pcc
27	29	6		לְאֻמִּ֔ים	3816	HNcmpa	01HG2
27	29	7		הֱוֵ֤ה	1933 b	HVqv2ms	01A13
27	29	8		גְבִיר֙	1376	HNcmsa	01vHy
27	29	9		לְ/אַחֶ֔י/ךָ	l/251	HR/Ncmpc/Sp2ms	01717
27	29	10		וְ/יִשְׁתַּחֲוּ֥וּ	c/7812	HC/Vvj3mp	01k6g
27	29	11		לְ/ךָ֖	l	HR/Sp2ms	01eGQ
27	29	12		בְּנֵ֣י	1121 a	HNcmpc	01Pk7
27	29	13		אִמֶּ֑/ךָ	517	HNcfsc/Sp2ms	01R3Z
27	29	14		אֹרְרֶ֣י/ךָ	779	HVqrmpc/Sp2ms	01Ky7
27	29	15		אָר֔וּר	779	HVqsmsa	017pW
27	29	16		וּֽ/מְבָרֲכֶ֖י/ךָ	c/1288	HC/Vprmpc/Sp2ms	01ubK
27	29	17		בָּרֽוּךְ	1288	HVqsmsa	01weN
27	30	1		וַ/יְהִ֗י	c/1961	HC/Vqw3ms	01oFq
27	30	2		כַּ/אֲשֶׁ֨ר	k/834 d	HR/Tr	01pDi
27	30	3		כִּלָּ֣ה	3615	HVpp3ms	01NHC
27	30	4		יִצְחָק֮	3327	HNp	016Cr
27	30	5		לְ/בָרֵ֣ךְ	l/1288	HR/Vpc	01NUj
27	30	6		אֶֽת	853	HTo	01PJg
27	30	7		יַעֲקֹב֒	3290	HNp	01E7S
27	30	8		וַ/יְהִ֗י	c/1961	HC/Vqw3ms	01KKi
27	30	9		אַ֣ךְ	389	HTa	01uCx
27	30	10		יָצֹ֤א	3318	HVqa	01K9C
27	30	11		יָצָא֙	3318	HVqp3ms	01nZx
27	30	12		יַעֲקֹ֔ב	3290	HNp	01KVG
27	30	13		מֵ/אֵ֥ת	m/854	HR/R	01gtm
27	30	14		פְּנֵ֖י	6440	HNcbpc	01KY7
27	30	15		יִצְחָ֣ק	3327	HNp	01uJV
27	30	16		אָבִ֑י/ו	1	HNcmsc/Sp3ms	01EYJ
27	30	17		וְ/עֵשָׂ֣ו	c/6215	HC/Np	01fzq
27	30	18		אָחִ֔י/ו	251	HNcmsc/Sp3ms	01Zpp
27	30	19		בָּ֖א	935	HVqp3ms	01GvP
27	30	20		מִ/צֵּידֽ/וֹ	m/6718 a	HR/Ncmsc/Sp3ms	01xb5
27	31	1		וַ/יַּ֤עַשׂ	c/6213 a	HC/Vqw3ms	01xSy
27	31	2		גַּם	1571	HTa	01z29
27	31	3		הוּא֙	1931	HPp3ms	016ip
27	31	4		מַטְעַמִּ֔ים	4303	HNcmpa	01Dv2
27	31	5		וַ/יָּבֵ֖א	c/935	HC/Vhw3ms	01GCo
27	31	6		לְ/אָבִ֑י/ו	l/1	HR/Ncmsc/Sp3ms	01tFN
27	31	7		וַ/יֹּ֣אמֶר	c/559	HC/Vqw3ms	01pf3
27	31	8		לְ/אָבִ֗י/ו	l/1	HR/Ncmsc/Sp3ms	019LD
27	31	9		יָקֻ֤ם	6965 b	HVqj3ms	01MnJ
27	31	10		אָבִ/י֙	1	HNcmsc/Sp1cs	01a4D
27	31	11		וְ/יֹאכַל֙	c/398	HC/Vqi3ms	01yxF
27	31	12		מִ/צֵּ֣יד	m/6718 a	HR/Ncmsc	01Rb8
27	31	13		בְּנ֔/וֹ	1121 a	HNcmsc/Sp3ms	01CN5
27	31	14		בַּ/עֲב֖וּר	b/5668	HR/Ncmsc	01u25
27	31	15		תְּבָרֲכַ֥/נִּי	1288	HVpi3fs/Sp1cs	01qSq
27	31	16		נַפְשֶֽׁ/ךָ	5315	HNcbsc/Sp2ms	01AMc
27	32	1		וַ/יֹּ֥אמֶר	c/559	HC/Vqw3ms	01Adu
27	32	2		ל֛/וֹ	l	HR/Sp3ms	01sh6
27	32	3		יִצְחָ֥ק	3327	HNp	01Az8
27	32	4		אָבִ֖י/ו	1	HNcmsc/Sp3ms	01z7z
27	32	5		מִי	4310	HTi	01Gyr
27	32	6		אָ֑תָּה	859 a	HPp2ms	019AQ
27	32	7		וַ/יֹּ֕אמֶר	c/559	HC/Vqw3ms	01FMj
27	32	8		אֲנִ֛י	589	HPp1cs	01VET
27	32	9		בִּנְ/ךָ֥	1121 a	HNcmsc/Sp2ms	01pwL
27	32	10		בְכֹֽרְ/ךָ֖	1060	HNcmsc/Sp2ms	01Ap2
27	32	11		עֵשָֽׂו	6215	HNp	01ZZu
27	33	1		וַ/יֶּחֱרַ֨ד	c/2729	HC/Vqw3ms	01Gw5
27	33	2		יִצְחָ֣ק	3327	HNp	014uN
27	33	3		חֲרָדָה֮	2731	HNcfsa	01Tau
27	33	4		גְּדֹלָ֣ה	1419 a	HAafsa	01tv5
27	33	5		עַד	5704	HR	01zV6
27	33	6		מְאֹד֒	3966	HD	01DF1
27	33	7		וַ/יֹּ֡אמֶר	c/559	HC/Vqw3ms	01UwN
27	33	8		מִֽי	4310	HTi	01wi6
27	33	9		אֵפ֡וֹא	645	HD	01p3S
27	33	10		ה֣וּא	1931	HPp3ms	01eBV
27	33	11		הַ/צָּֽד	d/6679 a	HTd/Vqrmsa	01xzL
27	33	12		צַיִד֩	6718 a	HNcmsa	01khJ
27	33	13		וַ/יָּ֨בֵא	c/935	HC/Vhw3ms	01ftY
27	33	14		לִ֜/י	l	HR/Sp1cs	01opc
27	33	15		וָ/אֹכַ֥ל	c/398	HC/Vqw1cs	01oMo
27	33	16		מִ/כֹּ֛ל	m/3605	HR/Ncmsa	01dqs
27	33	17		בְּ/טֶ֥רֶם	b/2962	HR/D	014Bp
27	33	18		תָּב֖וֹא	935	HVqi2ms	01G2P
27	33	19		וָ/אֲבָרֲכֵ֑/הוּ	c/1288	HC/Vpw1cs/Sp3ms	0116d
27	33	20		גַּם	1571	HTa	014RU
27	33	21		בָּר֖וּךְ	1288	HVqsmsa	01uUK
27	33	22		יִהְיֶֽה	1961	HVqi3ms	01Tyx
27	34	1		כִּ/שְׁמֹ֤עַ	k/8085	HR/Vqc	01eU2
27	34	2		עֵשָׂו֙	6215	HNp	01CCe
27	34	3		אֶת	853	HTo	01fFD
27	34	4		דִּבְרֵ֣י	1697	HNcmpc	01dpH
27	34	5		אָבִ֔י/ו	1	HNcmsc/Sp3ms	01wBW
27	34	6		וַ/יִּצְעַ֣ק	c/6817	HC/Vqw3ms	01JYr
27	34	7		צְעָקָ֔ה	6818	HNcfsa	01hNG
27	34	8		גְּדֹלָ֥ה	1419 a	HAafsa	01tbb
27	34	9		וּ/מָרָ֖ה	c/4751	HC/Aafsa	01Ve8
27	34	10		עַד	5704	HR	01qLd
27	34	11		מְאֹ֑ד	3966	HD	017Jc
27	34	12		וַ/יֹּ֣אמֶר	c/559	HC/Vqw3ms	01p5E
27	34	13		לְ/אָבִ֔י/ו	l/1	HR/Ncmsc/Sp3ms	018nB
27	34	14		בָּרֲכֵ֥/נִי	1288	HVpv2ms/Sp1cs	01EvJ
27	34	15		גַם	1571	HD	0147G
27	34	16		אָ֖נִי	589	HPp1cs	01QcW
27	34	17		אָבִֽ/י	1	HNcmsc/Sp1cs	01TMj
27	35	1		וַ/יֹּ֕אמֶר	c/559	HC/Vqw3ms	01g4h
27	35	2		בָּ֥א	935	HVqp3ms	01NYF
27	35	3		אָחִ֖י/ךָ	251	HNcmsc/Sp2ms	019MF
27	35	4		בְּ/מִרְמָ֑ה	b/4820	HR/Ncfsa	01WTP
27	35	5		וַ/יִּקַּ֖ח	c/3947	HC/Vqw3ms	01Fx8
27	35	6		בִּרְכָתֶֽ/ךָ	1293	HNcfsc/Sp2ms	01LH8
27	36	1		וַ/יֹּ֡אמֶר	c/559	HC/Vqw3ms	01ZZJ
27	36	2		הֲ/כִי֩	i/3588 a	HTi/C	014Mw
27	36	3		קָרָ֨א	7121	HVqp3ms	01VZW
27	36	4		שְׁמ֜/וֹ	8034	HNcmsc/Sp3ms	019Qr
27	36	5		יַעֲקֹ֗ב	3290	HNp	01x8X
27	36	6		וַֽ/יַּעְקְבֵ֨/נִי֙	c/6117	HC/Vqw3ms/Sp1cs	01wtH
27	36	7		זֶ֣ה	2088	HPdxms	01FP1
27	36	8		פַעֲמַ֔יִם	6471	HNcfda	01esS
27	36	9		אֶת	853	HTo	01mJE
27	36	10		בְּכֹרָתִ֣/י	1062	HNcbsc/Sp1cs	01YmQ
27	36	11		לָקָ֔ח	3947	HVqp3ms	0164j
27	36	12		וְ/הִנֵּ֥ה	c/2009	HC/Tm	01ofm
27	36	13		עַתָּ֖ה	6258	HD	01Pb4
27	36	14		לָקַ֣ח	3947	HVqp3ms	01mKf
27	36	15		בִּרְכָתִ֑/י	1293	HNcfsc/Sp1cs	01Q4h
27	36	16		וַ/יֹּאמַ֕ר	c/559	HC/Vqw3ms	01en1
27	36	17		הֲ/לֹא	i/3808	HTi/Tn	01YBb
27	36	18		אָצַ֥לְתָּ	680	HVqp2ms	018ej
27	36	19		לִּ֖/י	l	HR/Sp1cs	01DXD
27	36	20		בְּרָכָֽה	1293	HNcfsa	01fbp
27	37	1		וַ/יַּ֨עַן	c/6030 b	HC/Vqw3ms	01EFU
27	37	2		יִצְחָ֜ק	3327	HNp	01xhY
27	37	3		וַ/יֹּ֣אמֶר	c/559	HC/Vqw3ms	01t7t
27	37	4		לְ/עֵשָׂ֗ו	l/6215	HR/Np	01JFH
27	37	5		הֵ֣ן	2005	HTm	011sQ
27	37	6		גְּבִ֞יר	1376	HNcmsa	01x92
27	37	7		שַׂמְתִּ֥י/ו	7760 a	HVqp1cs/Sp3ms	01qhm
27	37	8		לָ/ךְ֙	l	HR/Sp2fs	01b3m
27	37	9		וְ/אֶת	c/853	HC/To	01t8x
27	37	10		כָּל	3605	HNcmsc	01nzh
27	37	11		אֶחָ֗י/ו	251	HNcmpc/Sp3ms	011Tt
27	37	12		נָתַ֤תִּי	5414	HVqp1cs	01kGT
27	37	13		ל/וֹ֙	l	HR/Sp3ms	01jpS
27	37	14		לַ/עֲבָדִ֔ים	l/5650	HR/Ncmpa	01osK
27	37	15		וְ/דָגָ֥ן	c/1715	HC/Ncmsa	01MPv
27	37	16		וְ/תִירֹ֖שׁ	c/8492	HC/Ncmsa	0145N
27	37	17		סְמַכְתִּ֑י/ו	5564	HVqp1cs/Sp3ms	01SxS
27	37	18		וּ/לְ/כָ֣ה	c/l	HC/R/Sp2ms	01oRe
27	37	19		אֵפ֔וֹא	645	HD	01z8R
27	37	20		מָ֥ה	4100	HTi	01RSo
27	37	21		אֶֽעֱשֶׂ֖ה	6213 a	HVqi1cs	01Bvw
27	37	22		בְּנִֽ/י	1121 a	HNcmsc/Sp1cs	01yx4
27	38	1		וַ/יֹּ֨אמֶר	c/559	HC/Vqw3ms	012ju
27	38	2		עֵשָׂ֜ו	6215	HNp	01h8h
27	38	3		אֶל	413	HR	01BoQ
27	38	4		אָבִ֗י/ו	1	HNcmsc/Sp3ms	01gZL
27	38	5		הַֽ/בְרָכָ֨ה	d/1293	HTi/Ncfsa	01Vdn
27	38	6		אַחַ֤ת	259	HAcfsa	01H9q
27	38	7		הִֽוא	1931	HPp3fs	01ZUX
27	38	8		לְ/ךָ֙	l	HR/Sp2ms	01wmf
27	38	9		אָבִ֔/י	1	HNcmsc/Sp1cs	01Ai6
27	38	10		בָּרֲכֵ֥/נִי	1288	HVpv2ms/Sp1cs	01f3s
27	38	11		גַם	1571	HD	01kgg
27	38	12		אָ֖נִי	589	HPp1cs	01JkP
27	38	13		אָבִ֑/י	1	HNcmsc/Sp1cs	01Quh
27	38	14		וַ/יִּשָּׂ֥א	c/5375	HC/Vqw3ms	01F3o
27	38	15		עֵשָׂ֛ו	6215	HNp	01QpL
27	38	16		קֹל֖/וֹ	6963 a	HNcmsc/Sp3ms	01k19
27	38	17		וַ/יֵּֽבְךְּ	c/1058	HC/Vqw3ms	01smZ
27	39	1		וַ/יַּ֛עַן	c/6030 b	HC/Vqw3ms	01Ahp
27	39	2		יִצְחָ֥ק	3327	HNp	01oZP
27	39	3		אָבִ֖י/ו	1	HNcmsc/Sp3ms	01vJZ
27	39	4		וַ/יֹּ֣אמֶר	c/559	HC/Vqw3ms	01N4g
27	39	5		אֵלָ֑י/ו	413	HR/Sp3ms	01vAC
27	39	6		הִנֵּ֞ה	2009	HTm	01HhV
27	39	7		מִ/שְׁמַנֵּ֤י	m/4924 a	HR/Ncmpc	01Prb
27	39	8		הָ/אָ֨רֶץ֙	d/776	HTd/Ncbsa	01rAT
27	39	9		יִהְיֶ֣ה	1961	HVqi3ms	01BC4
27	39	10		מֽוֹשָׁבֶ֔/ךָ	4186	HNcmsc/Sp2ms	01DKf
27	39	11		וּ/מִ/טַּ֥ל	c/m/2919	HC/R/Ncmsc	01uYL
27	39	12		הַ/שָּׁמַ֖יִם	d/8064	HTd/Ncmpa	01m2P
27	39	13		מֵ/עָֽל	m/5921 a	HR/Ncmsa	01wGB
27	40	1		וְ/עַל	c/5921 a	HC/R	011AN
27	40	2		חַרְבְּ/ךָ֣	2719	HNcfsc/Sp2ms	014iw
27	40	3		תִֽחְיֶ֔ה	2421	HVqi2ms	018TL
27	40	4		וְ/אֶת	c/853	HC/To	01iQ3
27	40	5		אָחִ֖י/ךָ	251	HNcmsc/Sp2ms	01qvq
27	40	6		תַּעֲבֹ֑ד	5647	HVqi2ms	01R1y
27	40	7		וְ/הָיָה֙	c/1961	HC/Vqq3ms	01xR5
27	40	8		כַּ/אֲשֶׁ֣ר	k/834 d	HR/Tr	01AR8
27	40	9		תָּרִ֔יד	7300	HVhi2ms	01rgE
27	40	10		וּ/פָרַקְתָּ֥	c/6561	HC/Vqq2ms	01SDe
27	40	11		עֻלּ֖/וֹ	5923	HNcmsc/Sp3ms	01byL
27	40	12		מֵ/עַ֥ל	m/5921 a	HR/R	01jnA
27	40	13		צַוָּארֶֽ/ךָ	6677 a	HNcmsc/Sp2ms	0113g
27	41	1		וַ/יִּשְׂטֹ֤ם	c/7852	HC/Vqw3ms	01Pkt
27	41	2		עֵשָׂו֙	6215	HNp	01FsX
27	41	3		אֶֽת	853	HTo	01VnZ
27	41	4		יַעֲקֹ֔ב	3290	HNp	01mHA
27	41	5		עַל	5921 a	HR	01vfE
27	41	6		הַ֨/בְּרָכָ֔ה	d/1293	HTd/Ncfsa	01mgu
27	41	7		אֲשֶׁ֥ר	834 a	HTr	01pjw
27	41	8		בֵּרֲכ֖/וֹ	1288	HVpp3ms/Sp3ms	01VhF
27	41	9		אָבִ֑י/ו	1	HNcmsc/Sp3ms	01XDK
27	41	10		וַ/יֹּ֨אמֶר	c/559	HC/Vqw3ms	017GS
27	41	11		עֵשָׂ֜ו	6215	HNp	01Zgu
27	41	12		בְּ/לִבּ֗/וֹ	b/3820 a	HR/Ncmsc/Sp3ms	01R1C
27	41	13		יִקְרְבוּ֙	7126	HVqi3mp	01Rfs
27	41	14		יְמֵי֙	3117	HNcmpc	01ws8
27	41	15		אֵ֣בֶל	60	HNcmsc	01qM7
27	41	16		אָבִ֔/י	1	HNcmsc/Sp1cs	01jBM
27	41	17		וְ/אַֽהַרְגָ֖ה	c/2026	HC/Vqh1cs	01rTz
27	41	18		אֶת	853	HTo	01mMu
27	41	19		יַעֲקֹ֥ב	3290	HNp	01HBg
27	41	20		אָחִֽ/י	251	HNcmsc/Sp1cs	01SXD
27	42	1		וַ/יֻּגַּ֣ד	c/5046	HC/VHw3ms	01bLz
27	42	2		לְ/רִבְקָ֔ה	l/7259	HR/Np	01hLM
27	42	3		אֶת	853	HTo	01xrN
27	42	4		דִּבְרֵ֥י	1697	HNcmpc	01yrm
27	42	5		עֵשָׂ֖ו	6215	HNp	01UCQ
27	42	6		בְּנָ֣/הּ	1121 a	HNcmsc/Sp3fs	01KjR
27	42	7		הַ/גָּדֹ֑ל	d/1419 a	HTd/Aamsa	01CLi
27	42	8		וַ/תִּשְׁלַ֞ח	c/7971	HC/Vqw3fs	01Qav
27	42	9		וַ/תִּקְרָ֤א	c/7121	HC/Vqw3fs	01M8b
27	42	10		לְ/יַעֲקֹב֙	l/3290	HR/Np	01Dzp
27	42	11		בְּנָ֣/הּ	1121 a	HNcmsc/Sp3fs	01HLK
27	42	12		הַ/קָּטָ֔ן	d/6996 a	HTd/Aamsa	01BX2
27	42	13		וַ/תֹּ֣אמֶר	c/559	HC/Vqw3fs	01hgh
27	42	14		אֵלָ֔י/ו	413	HR/Sp3ms	01S2v
27	42	15		הִנֵּה֙	2009	HTm	012Ys
27	42	16		עֵשָׂ֣ו	6215	HNp	01s9h
27	42	17		אָחִ֔י/ךָ	251	HNcmsc/Sp2ms	01fMZ
27	42	18		מִתְנַחֵ֥ם	5162	HVtrmsa	01H3v
27	42	19		לְ/ךָ֖	l	HR/Sp2ms	01U8c
27	42	20		לְ/הָרְגֶֽ/ךָ	l/2026	HR/Vqc/Sp2ms	01zAY
27	43	1		וְ/עַתָּ֥ה	c/6258	HC/D	01gMV
27	43	2		בְנִ֖/י	1121 a	HNcmsc/Sp1cs	01ZDb
27	43	3		שְׁמַ֣ע	8085	HVqv2ms	01Jo8
27	43	4		בְּ/קֹלִ֑/י	b/6963 a	HR/Ncmsc/Sp1cs	01Q6C
27	43	5		וְ/ק֧וּם	c/6965 b	HC/Vqv2ms	01gzJ
27	43	6		בְּרַח	1272	HVqv2ms	01C4c
27	43	7		לְ/ךָ֛	l	HR/Sp2ms	014oi
27	43	8		אֶל	413	HR	01eTd
27	43	9		לָבָ֥ן	3837 a	HNp	01aZd
27	43	10		אָחִ֖/י	251	HNcmsc/Sp1cs	01fbe
27	43	11		חָרָֽנָ/ה	2771 a	HNp/Sd	01ihX
27	44	1		וְ/יָשַׁבְתָּ֥	c/3427	HC/Vqq2ms	01UxC
27	44	2		עִמּ֖/וֹ	5973 a	HR/Sp3ms	01BkJ
27	44	3		יָמִ֣ים	3117	HNcmpa	01dAv
27	44	4		אֲחָדִ֑ים	259	HAcmpa	01C2a
27	44	5		עַ֥ד	5704	HR	01FGj
27	44	6		אֲשֶׁר	834 a	HTr	01qYv
27	44	7		תָּשׁ֖וּב	7725	HVqi3fs	01rLz
27	44	8		חֲמַ֥ת	2534	HNcfsc	01dGK
27	44	9		אָחִֽי/ךָ	251	HNcmsc/Sp2ms	0111C
27	45	1		עַד	5704	HR	01W6u
27	45	2		שׁ֨וּב	7725	HVqc	01tTE
27	45	3		אַף	639	HTa	01PEr
27	45	4		אָחִ֜י/ךָ	251	HNcmsc/Sp2ms	01XWu
27	45	5		מִמְּ/ךָ֗	4480 a	HR/Sp2ms	013zr
27	45	6		וְ/שָׁכַח֙	c/7911	HC/Vqq3ms	01PN6
27	45	7		אֵ֣ת	853	HTo	01q7s
27	45	8		אֲשֶׁר	834 a	HTr	01HjF
27	45	9		עָשִׂ֣יתָ	6213 a	HVqp2ms	01D3W
27	45	10		לּ֔/וֹ	l	HR/Sp3ms	01vNC
27	45	11		וְ/שָׁלַחְתִּ֖י	c/7971	HC/Vqq1cs	01e2W
27	45	12		וּ/לְקַחְתִּ֣י/ךָ	c/3947	HC/Vqq1cs/Sp2ms	01Rj3
27	45	13		מִ/שָּׁ֑ם	m/8033	HR/D	01Yn8
27	45	14		לָ/מָ֥ה	l/4100	HR/Ti	01EY5
27	45	15		אֶשְׁכַּ֛ל	7921 a	HVqi1cs	01xfB
27	45	16		גַּם	1571	HTa	01m3t
27	45	17		שְׁנֵי/כֶ֖ם	8147	HAcmdc/Sp2mp	01thv
27	45	18		י֥וֹם	3117	HNcmsa	01yvt
27	45	19		אֶחָֽד	259	HAcmsa	01wJq
27	46	1		וַ/תֹּ֤אמֶר	c/559	HC/Vqw3fs	01Wsa
27	46	2		רִבְקָה֙	7259	HNp	011Gp
27	46	3		אֶל	413	HR	01XsR
27	46	4		יִצְחָ֔ק	3327	HNp	01tsw
27	46	5		קַ֣צְתִּי	6973	HVqp1cs	01LKV
27	46	6		בְ/חַיַּ֔/י	b/2416 e	HR/Ncmpc/Sp1cs	01ZJj
27	46	7		מִ/פְּנֵ֖י	m/6440	HR/Ncbpc	011uH
27	46	8		בְּנ֣וֹת	1323	HNcfpc	01mQr
27	46	9		חֵ֑ת	2845	HNp	01Mry
27	46	10		אִם	518 a	HC	01Df2
27	46	11		לֹקֵ֣חַ	3947	HVqrmsa	01ZKi
27	46	12		יַ֠עֲקֹב	3290	HNp	01A59
27	46	13		אִשָּׁ֨ה	802	HNcfsa	01R8x
27	46	14		מִ/בְּנֽוֹת	m/1323	HR/Ncfpc	01AwL
27	46	15		חֵ֤ת	2845	HNp	01bmt
27	46	16		כָּ/אֵ֨לֶּה֙	k/428	HR/Pdxcp	012jp
27	46	17		מִ/בְּנ֣וֹת	m/1323	HR/Ncfpc	01dFU
27	46	18		הָ/אָ֔רֶץ	d/776	HTd/Ncbsa	01q2b
27	46	19		לָ֥/מָּה	l/4100	HR/Ti	01Gra
27	46	20		לִּ֖/י	l	HR/Sp1cs	01nq3
27	46	21		חַיִּֽים	2416 e	HNcmpa	01Jrh
28	1	1		וַ/יִּקְרָ֥א	c/7121	HC/Vqw3ms	01zKZ
28	1	2		יִצְחָ֛ק	3327	HNp	01Vbm
28	1	3		אֶֽל	413	HR	01kZ4
28	1	4		יַעֲקֹ֖ב	3290	HNp	01CAy
28	1	5		וַ/יְבָ֣רֶךְ	c/1288	HC/Vpw3ms	01Lb3
28	1	6		אֹת֑/וֹ	853	HTo/Sp3ms	018jU
28	1	7		וַ/יְצַוֵּ֨/הוּ֙	c/6680	HC/Vpw3ms/Sp3ms	01vqf
28	1	8		וַ/יֹּ֣אמֶר	c/559	HC/Vqw3ms	01JsK
28	1	9		ל֔/וֹ	l	HR/Sp3ms	01637
28	1	10		לֹֽא	3808	HTn	01x6p
28	1	11		תִקַּ֥ח	3947	HVqi2ms	01RxD
28	1	12		אִשָּׁ֖ה	802	HNcfsa	01cJM
28	1	13		מִ/בְּנ֥וֹת	m/1323	HR/Ncfpc	01DDk
28	1	14		כְּנָֽעַן	3667 a	HNp	014ht
28	2	1		ק֥וּם	6965 b	HVqv2ms	01D8o
28	2	2		לֵךְ֙	3212	HVqv2ms	01rUt
28	2	3		פַּדֶּ֣נָֽ/ה	6307+	HNp/Sd	01BgS
28	2	4		אֲרָ֔ם	6307	HNp	01Q13
28	2	5		בֵּ֥יתָ/ה	1004 b	HNcmsc/Sd	01ZT5
28	2	6		בְתוּאֵ֖ל	1328 a	HNp	01NYK
28	2	7		אֲבִ֣י	1	HNcmsc	01poM
28	2	8		אִמֶּ֑/ךָ	517	HNcfsc/Sp2ms	01GrK
28	2	9		וְ/קַח	c/3947	HC/Vqv2ms	01BFS
28	2	10		לְ/ךָ֤	l	HR/Sp2ms	01VSb
28	2	11		מִ/שָּׁם֙	m/8033	HR/D	01win
28	2	12		אִשָּׁ֔ה	802	HNcfsa	01vTu
28	2	13		מִ/בְּנ֥וֹת	m/1323	HR/Ncfpc	01bFF
28	2	14		לָבָ֖ן	3837 a	HNp	01RPu
28	2	15		אֲחִ֥י	251	HNcmsc	01i4Q
28	2	16		אִמֶּֽ/ךָ	517	HNcfsc/Sp2ms	01eeb
28	3	1		וְ/אֵ֤ל	c/410	HC/Np	01DzJ
28	3	2		שַׁדַּי֙	7706	HNp	01otG
28	3	3		יְבָרֵ֣ךְ	1288	HVpj3ms	01uVF
28	3	4		אֹֽתְ/ךָ֔	853	HTo/Sp2ms	01JuV
28	3	5		וְ/יַפְרְ/ךָ֖	c/6509	HC/Vhj3ms/Sp2ms	01WJN
28	3	6		וְ/יַרְבֶּ֑/ךָ	c/7235 a	HC/Vhj3ms/Sp2ms	01BZ4
28	3	7		וְ/הָיִ֖יתָ	c/1961	HC/Vqq2ms	01TCU
28	3	8		לִ/קְהַ֥ל	l/6951	HR/Ncmsc	01qjr
28	3	9		עַמִּֽים	5971 a	HNcmpa	01wRN
28	4	1		וְ/יִֽתֶּן	c/5414	HC/Vqj3ms	0184p
28	4	2		לְ/ךָ֙	l	HR/Sp2ms	01Mw5
28	4	3		אֶת	853	HTo	018Qr
28	4	4		בִּרְכַּ֣ת	1293	HNcfsc	01mR9
28	4	5		אַבְרָהָ֔ם	85	HNp	01ZAQ
28	4	6		לְ/ךָ֖	l	HR/Sp2ms	01PsY
28	4	7		וּ/לְ/זַרְעֲ/ךָ֣	c/l/2233	HC/R/Ncmsc/Sp2ms	01W8e
28	4	8		אִתָּ֑/ךְ	854	HR/Sp2fs	01D63
28	4	9		לְ/רִשְׁתְּ/ךָ֙	l/3423	HR/Vqc/Sp2ms	01m1b
28	4	10		אֶת	853	HTo	01b1k
28	4	11		אֶ֣רֶץ	776	HNcbsc	014Jh
28	4	12		מְגֻרֶ֔י/ךָ	4033	HNcmpc/Sp2ms	01D47
28	4	13		אֲשֶׁר	834 a	HTr	01koV
28	4	14		נָתַ֥ן	5414	HVqp3ms	01FRD
28	4	15		אֱלֹהִ֖ים	430	HNcmpa	01BuR
28	4	16		לְ/אַבְרָהָֽם	l/85	HR/Np	01k5H
28	5	1		וַ/יִּשְׁלַ֤ח	c/7971	HC/Vqw3ms	01tGq
28	5	2		יִצְחָק֙	3327	HNp	01NLd
28	5	3		אֶֽת	853	HTo	01J1k
28	5	4		יַעֲקֹ֔ב	3290	HNp	01uUr
28	5	5		וַ/יֵּ֖לֶךְ	c/3212	HC/Vqw3ms	01ri9
28	5	6		פַּדֶּ֣נָֽ/ה	6307+	HNp/Sd	01niN
28	5	7		אֲרָ֑ם	6307	HNp	01Wxt
28	5	8		אֶל	413	HR	01J7S
28	5	9		לָבָ֤ן	3837 a	HNp	01BM3
28	5	10		בֶּן	1121 a	HNcmsc	013MM
28	5	11		בְּתוּאֵל֙	1328 a	HNp	01oxD
28	5	12		הָֽ/אֲרַמִּ֔י	d/761	HTd/Ngmsa	01xrp
28	5	13		אֲחִ֣י	251	HNcmsc	019HN
28	5	14		רִבְקָ֔ה	7259	HNp	016Y7
28	5	15		אֵ֥ם	517	HNcfsc	01RHW
28	5	16		יַעֲקֹ֖ב	3290	HNp	01r5s
28	5	17		וְ/עֵשָֽׂו	c/6215	HC/Np	0197A
28	6	1		וַ/יַּ֣רְא	c/7200	HC/Vqw3ms	01Vqm
28	6	2		עֵשָׂ֗ו	6215	HNp	01u4c
28	6	3		כִּֽי	3588 a	HC	01ztB
28	6	4		בֵרַ֣ךְ	1288	HVpp3ms	01Azr
28	6	5		יִצְחָק֮	3327	HNp	013eC
28	6	6		אֶֽת	853	HTo	01KxK
28	6	7		יַעֲקֹב֒	3290	HNp	014q4
28	6	8		וְ/שִׁלַּ֤ח	c/7971	HC/Vpp3ms	01fh6
28	6	9		אֹת/וֹ֙	853	HTo/Sp3ms	01esn
28	6	10		פַּדֶּ֣נָֽ/ה	6307+	HNp/Sd	01ZQR
28	6	11		אֲרָ֔ם	6307	HNp	01XLc
28	6	12		לָ/קַֽחַת	l/3947	HR/Vqc	01Cq3
28	6	13		ל֥/וֹ	l	HR/Sp3ms	01Csz
28	6	14		מִ/שָּׁ֖ם	m/8033	HR/D	01GeH
28	6	15		אִשָּׁ֑ה	802	HNcfsa	01Hch
28	6	16		בְּ/בָרֲכ֣/וֹ	b/1288	HR/Vpc/Sp3ms	01AEo
28	6	17		אֹת֔/וֹ	853	HTo/Sp3ms	01BVz
28	6	18		וַ/יְצַ֤ו	c/6680	HC/Vpw3ms	01AKh
28	6	19		עָלָי/ו֙	5921 a	HR/Sp3ms	01u24
28	6	20		לֵ/אמֹ֔ר	l/559	HR/Vqc	0151o
28	6	21		לֹֽא	3808	HTn	01Uib
28	6	22		תִקַּ֥ח	3947	HVqi2ms	01FwK
28	6	23		אִשָּׁ֖ה	802	HNcfsa	016PS
28	6	24		מִ/בְּנ֥וֹת	m/1323	HR/Ncfpc	01rWd
28	6	25		כְּנָֽעַן	3667 a	HNp	01DYp
28	7	1		וַ/יִּשְׁמַ֣ע	c/8085	HC/Vqw3ms	01u96
28	7	2		יַעֲקֹ֔ב	3290	HNp	01Jp3
28	7	3		אֶל	413	HR	01ev7
28	7	4		אָבִ֖י/ו	1	HNcmsc/Sp3ms	01vDp
28	7	5		וְ/אֶל	c/413	HC/R	01Rgs
28	7	6		אִמּ֑/וֹ	517	HNcfsc/Sp3ms	01i2V
28	7	7		וַ/יֵּ֖לֶךְ	c/3212	HC/Vqw3ms	01pD9
28	7	8		פַּדֶּ֥נָֽ/ה	6307+	HNp/Sd	01Sww
28	7	9		אֲרָֽם	6307	HNp	01PTy
28	8	1		וַ/יַּ֣רְא	c/7200	HC/Vqw3ms	01hMo
28	8	2		עֵשָׂ֔ו	6215	HNp	01WpC
28	8	3		כִּ֥י	3588 a	HC	01AFj
28	8	4		רָע֖וֹת	7451 a	HAafpa	01aSt
28	8	5		בְּנ֣וֹת	1323	HNcfpc	01Sqe
28	8	6		כְּנָ֑עַן	3667 a	HNp	01oYo
28	8	7		בְּ/עֵינֵ֖י	b/5869 a	HR/Ncbdc	01scu
28	8	8		יִצְחָ֥ק	3327	HNp	01JMM
28	8	9		אָבִֽי/ו	1	HNcmsc/Sp3ms	011sJ
28	9	1		וַ/יֵּ֥לֶךְ	c/3212	HC/Vqw3ms	01Uxz
28	9	2		עֵשָׂ֖ו	6215	HNp	01NGU
28	9	3		אֶל	413	HR	01bvJ
28	9	4		יִשְׁמָעֵ֑אל	3458	HNp	01G8n
28	9	5		וַ/יִּקַּ֡ח	c/3947	HC/Vqw3ms	01WY7
28	9	6		אֶֽת	853	HTo	01BC3
28	9	7		מָחֲלַ֣ת	4258	HNp	01sBo
28	9	8		בַּת	1323	HNcfsc	01RKW
28	9	9		יִשְׁמָעֵ֨אל	3458	HNp	01tAq
28	9	10		בֶּן	1121 a	HNcmsc	01Uw1
28	9	11		אַבְרָהָ֜ם	85	HNp	012wg
28	9	12		אֲח֧וֹת	269	HNcfsc	01AiD
28	9	13		נְבָי֛וֹת	5032	HNp	01saZ
28	9	14		עַל	5921 a	HR	016Zs
28	9	15		נָשָׁ֖י/ו	802	HNcfpc/Sp3ms	01AfV
28	9	16		ל֥/וֹ	l	HR/Sp3ms	01Lcd
28	9	17		לְ/אִשָּֽׁה	l/802	HR/Ncfsa	01rpk
28	10	1		וַ/יֵּצֵ֥א	c/3318	HC/Vqw3ms	01nkG
28	10	2		יַעֲקֹ֖ב	3290	HNp	01DzG
28	10	3		מִ/בְּאֵ֣ר	m/884+	HR/Np	01pEh
28	10	4		שָׁ֑בַע	884	HNp	014k4
28	10	5		וַ/יֵּ֖לֶךְ	c/3212	HC/Vqw3ms	01fR6
28	10	6		חָרָֽנָ/ה	2771 a	HNp/Sd	01Hpv
28	11	1		וַ/יִּפְגַּ֨ע	c/6293	HC/Vqw3ms	01PZ2
28	11	2		בַּ/מָּק֜וֹם	b/4725	HRd/Ncmsa	01Fw3
28	11	3		וַ/יָּ֤לֶן	c/3885 a	HC/Vqw3ms	01gyJ
28	11	4		שָׁם֙	8033	HD	01g5y
28	11	5		כִּי	3588 a	HC	01Dfx
28	11	6		בָ֣א	935	HVqp3ms	01NAF
28	11	7		הַ/שֶּׁ֔מֶשׁ	d/8121	HTd/Ncbsa	01EeP
28	11	8		וַ/יִּקַּח֙	c/3947	HC/Vqw3ms	01BqM
28	11	9		מֵ/אַבְנֵ֣י	m/68	HR/Ncfpc	01UCM
28	11	10		הַ/מָּק֔וֹם	d/4725	HTd/Ncmsa	01ftT
28	11	11		וַ/יָּ֖שֶׂם	c/7760 a	HC/Vqw3ms	01FKy
28	11	12		מְרַֽאֲשֹׁתָ֑י/ו	4763	HNcfpc/Sp3ms	01cV9
28	11	13		וַ/יִּשְׁכַּ֖ב	c/7901	HC/Vqw3ms	01X4w
28	11	14		בַּ/מָּק֥וֹם	b/4725	HRd/Ncmsa	01J5D
28	11	15		הַ/הֽוּא	d/1931	HTd/Pp3ms	01yY2
28	12	1		וַֽ/יַּחֲלֹ֗ם	c/2492 b	HC/Vqw3ms	01Tg5
28	12	2		וְ/הִנֵּ֤ה	c/2009	HC/Tm	01hV5
28	12	3		סֻלָּם֙	5551	HNcmsa	013vf
28	12	4		מֻצָּ֣ב	5324	HVHsmsa	01cC7
28	12	5		אַ֔רְצָ/ה	776	HNcbsa/Sd	01cM2
28	12	6		וְ/רֹאשׁ֖/וֹ	c/7218 a	HC/Ncmsc/Sp3ms	01AeC
28	12	7		מַגִּ֣יעַ	5060	HVhrmsa	01hiZ
28	12	8		הַ/שָּׁמָ֑יְמָ/ה	d/8064	HTd/Ncmpa/Sd	01NFM
28	12	9		וְ/הִנֵּה֙	c/2009	HC/Tm	01Q9d
28	12	10		מַלְאֲכֵ֣י	4397	HNcmpc	01Z4d
28	12	11		אֱלֹהִ֔ים	430	HNcmpa	01bij
28	12	12		עֹלִ֥ים	5927	HVqrmpa	014dx
28	12	13		וְ/יֹרְדִ֖ים	c/3381	HC/Vqrmpa	013PX
28	12	14		בּֽ/וֹ	b	HR/Sp3ms	01iyq
28	13	1		וְ/הִנֵּ֨ה	c/2009	HC/Tm	01zn9
28	13	2		יְהוָ֜ה	3068	HNp	01Mha
28	13	3		נִצָּ֣ב	5324	HVNrmsa	01N7b
28	13	4		עָלָי/ו֮	5921 a	HR/Sp3ms	01d2k
28	13	5		וַ/יֹּאמַר֒	c/559	HC/Vqw3ms	014SL
28	13	6		אֲנִ֣י	589	HPp1cs	01mgz
28	13	7		יְהוָ֗ה	3068	HNp	01EqE
28	13	8		אֱלֹהֵי֙	430	HNcmpc	01hRU
28	13	9		אַבְרָהָ֣ם	85	HNp	01fkK
28	13	10		אָבִ֔י/ךָ	1	HNcmsc/Sp2ms	01G6m
28	13	11		וֵ/אלֹהֵ֖י	c/430	HC/Ncmpc	01KKj
28	13	12		יִצְחָ֑ק	3327	HNp	01wRc
28	13	13		הָ/אָ֗רֶץ	d/776	HTd/Ncbsa	017oV
28	13	14		אֲשֶׁ֤ר	834 a	HTr	01w65
28	13	15		אַתָּה֙	859 a	HPp2ms	01WrZ
28	13	16		שֹׁכֵ֣ב	7901	HVqrmsa	01by8
28	13	17		עָלֶ֔י/הָ	5921 a	HR/Sp3fs	01W3R
28	13	18		לְ/ךָ֥	l	HR/Sp2ms	01nzB
28	13	19		אֶתְּנֶ֖/נָּה	5414	HVqi1cs/Sp3fs	01g2B
28	13	20		וּ/לְ/זַרְעֶֽ/ךָ	c/l/2233	HC/R/Ncmsc/Sp2ms	01And
28	14	1		וְ/הָיָ֤ה	c/1961	HC/Vqq3ms	01VNa
28	14	2		זַרְעֲ/ךָ֙	2233	HNcmsc/Sp2ms	01J2H
28	14	3		כַּ/עֲפַ֣ר	k/6083	HR/Ncmsc	01Y4B
28	14	4		הָ/אָ֔רֶץ	d/776	HTd/Ncbsa	01DWM
28	14	5		וּ/פָרַצְתָּ֛	c/6555	HC/Vqq2ms	01Rxp
28	14	6		יָ֥מָּ/ה	3220	HNcmsa/Sd	01Awt
28	14	7		וָ/קֵ֖דְמָ/ה	c/6924 b	HC/Ncmsa/Sd	01bTZ
28	14	8		וְ/צָפֹ֣נָ/ה	c/6828	HC/Ncfsa/Sd	01dzx
28	14	9		וָ/נֶ֑גְבָּ/ה	c/5045	HC/Ncmsa/Sd	01fU1
28	14	10		וְ/נִבְרֲכ֥וּ	c/1288	HC/VNp3cp	01qg2
28	14	11		בְ/ךָ֛	b	HR/Sp2ms	01Uja
28	14	12		כָּל	3605	HNcmsc	01z9S
28	14	13		מִשְׁפְּחֹ֥ת	4940	HNcfpc	019ST
28	14	14		הָ/אֲדָמָ֖ה	d/127	HTd/Ncfsa	01pbz
28	14	15		וּ/בְ/זַרְעֶֽ/ךָ	c/b/2233	HC/R/Ncmsc/Sp2ms	01FE3
28	15	1		וְ/הִנֵּ֨ה	c/2009	HC/Tm	0135f
28	15	2		אָנֹכִ֜י	595	HPp1cs	01aPC
28	15	3		עִמָּ֗/ךְ	5973 a	HR/Sp2fs	01ReZ
28	15	4		וּ/שְׁמַרְתִּ֨י/ךָ֙	c/8104	HC/Vqq1cs/Sp2ms	01MTm
28	15	5		בְּ/כֹ֣ל	b/3605	HR/Ncmsa	01YQH
28	15	6		אֲשֶׁר	834 a	HTr	01M6y
28	15	7		תֵּלֵ֔ךְ	3212	HVqi2ms	011bL
28	15	8		וַ/הֲשִׁ֣בֹתִ֔י/ךָ	c/7725	HC/Vhq1cs/Sp2ms	01aPi
28	15	9		אֶל	413	HR	01Qxz
28	15	10		הָ/אֲדָמָ֖ה	d/127	HTd/Ncfsa	016ku
28	15	11		הַ/זֹּ֑את	d/2063	HTd/Pdxfs	019BK
28	15	12		כִּ֚י	3588 a	HC	0146z
28	15	13		לֹ֣א	3808	HTn	01g6h
28	15	14		אֶֽעֱזָבְ/ךָ֔	5800 a	HVqi1cs/Sp2ms	01R4n
28	15	15		עַ֚ד	5704	HR	01X5Q
28	15	16		אֲשֶׁ֣ר	834 a	HTr	01EQ1
28	15	17		אִם	518 a	HC	01LRR
28	15	18		עָשִׂ֔יתִי	6213 a	HVqp1cs	01npT
28	15	19		אֵ֥ת	853	HTo	01AXe
28	15	20		אֲשֶׁר	834 a	HTr	01Tvz
28	15	21		דִּבַּ֖רְתִּי	1696	HVpp1cs	01GqM
28	15	22		לָֽ/ךְ	l	HR/Sp2fs	01ANY
28	16	1		וַ/יִּיקַ֣ץ	c/3364	HC/Vqw3ms	01Kwy
28	16	2		יַעֲקֹב֮	3290	HNp	01crs
28	16	3		מִ/שְּׁנָת/וֹ֒	m/8142	HR/Ncfsc/Sp3ms	01bQJ
28	16	4		וַ/יֹּ֕אמֶר	c/559	HC/Vqw3ms	01HL8
28	16	5		אָכֵן֙	403	HD	01Cho
28	16	6		יֵ֣שׁ	3426	HTm	01Jv8
28	16	7		יְהוָ֔ה	3068	HNp	01E6o
28	16	8		בַּ/מָּק֖וֹם	b/4725	HRd/Ncmsa	01UqT
28	16	9		הַ/זֶּ֑ה	d/2088	HTd/Pdxms	01EiW
28	16	10		וְ/אָנֹכִ֖י	c/595	HC/Pp1cs	01kmx
28	16	11		לֹ֥א	3808	HTn	01gLK
28	16	12		יָדָֽעְתִּי	3045	HVqp1cs	01JMe
28	17	1		וַ/יִּירָא֙	c/3372	HC/Vqw3ms	016MW
28	17	2		וַ/יֹּאמַ֔ר	c/559	HC/Vqw3ms	01i6u
28	17	3		מַה	4100	HTi	01KNk
28	17	4		נּוֹרָ֖א	3372	HVNrmsa	01uu2
28	17	5		הַ/מָּק֣וֹם	d/4725	HTd/Ncmsa	01acM
28	17	6		הַ/זֶּ֑ה	d/2088	HTd/Pdxms	013PG
28	17	7		אֵ֣ין	369	HTn	01KfS
28	17	8		זֶ֗ה	2088	HPdxms	01xJZ
28	17	9		כִּ֚י	3588 b	HC	01y5e
28	17	10		אִם	518 b	HC	01cRM
28	17	11		בֵּ֣ית	1004 b	HNcmsc	01Fr3
28	17	12		אֱלֹהִ֔ים	430	HNcmpa	01gzM
28	17	13		וְ/זֶ֖ה	c/2088	HC/Pdxms	01qJp
28	17	14		שַׁ֥עַר	8179	HNcmsc	01P5o
28	17	15		הַ/שָּׁמָֽיִם	d/8064	HTd/Ncmpa	01Kek
28	18	1		וַ/יַּשְׁכֵּ֨ם	c/7925	HC/Vhw3ms	01c3K
28	18	2		יַעֲקֹ֜ב	3290	HNp	01yPs
28	18	3		בַּ/בֹּ֗קֶר	b/1242	HRd/Ncmsa	01zyS
28	18	4		וַ/יִּקַּ֤ח	c/3947	HC/Vqw3ms	01KqH
28	18	5		אֶת	853	HTo	01MMn
28	18	6		הָ/אֶ֨בֶן֙	d/68	HTd/Ncfsa	013eY
28	18	7		אֲשֶׁר	834 a	HTr	01HEf
28	18	8		שָׂ֣ם	7760 a	HVqp3ms	01y91
28	18	9		מְרַֽאֲשֹׁתָ֔י/ו	4763	HNcfpc/Sp3ms	01TVM
28	18	10		וַ/יָּ֥שֶׂם	c/7760 a	HC/Vqw3ms	01kD4
28	18	11		אֹתָ֖/הּ	853	HTo/Sp3fs	01Nmt
28	18	12		מַצֵּבָ֑ה	4676	HNcfsa	01Akg
28	18	13		וַ/יִּצֹ֥ק	c/3332	HC/Vqw3ms	01B7Q
28	18	14		שֶׁ֖מֶן	8081	HNcmsa	01ycr
28	18	15		עַל	5921 a	HR	0197o
28	18	16		רֹאשָֽׁ/הּ	7218 a	HNcmsc/Sp3fs	01wny
28	19	1		וַ/יִּקְרָ֛א	c/7121	HC/Vqw3ms	01iRd
28	19	2		אֶת	853	HTo	01Hqm
28	19	3		שֵֽׁם	8034	HNcmsc	014yB
28	19	4		הַ/מָּק֥וֹם	d/4725	HTd/Ncmsa	01eBM
28	19	5		הַ/ה֖וּא	d/1931	HTd/Pp3ms	01sGZ
28	19	6		בֵּֽית	1008+	HNp	01maq
28	19	7		אֵ֑ל	1008	HNp	01PDc
28	19	8		וְ/אוּלָ֛ם	c/199	HC/D	017ta
28	19	9		ל֥וּז	3870	HNp	01PrJ
28	19	10		שֵׁם	8034	HNcmsc	01SiG
28	19	11		הָ/עִ֖יר	d/5892 b	HTd/Ncfsa	01D8c
28	19	12		לָ/רִאשֹׁנָֽה	l/7223	HRd/Aafsa	01z2c
28	20	1		וַ/יִּדַּ֥ר	c/5087	HC/Vqw3ms	01VvA
28	20	2		יַעֲקֹ֖ב	3290	HNp	01oTD
28	20	3		נֶ֣דֶר	5088	HNcmsa	01hhK
28	20	4		לֵ/אמֹ֑ר	l/559	HR/Vqc	015UZ
28	20	5		אִם	518 a	HC	01VkY
28	20	6		יִהְיֶ֨ה	1961	HVqi3ms	012u2
28	20	7		אֱלֹהִ֜ים	430	HNcmpa	01uxY
28	20	8		עִמָּדִ֗/י	5978	HR/Sp1cs	01GJC
28	20	9		וּ/שְׁמָרַ֨/נִי֙	c/8104	HC/Vqq3ms/Sp1cs	018WP
28	20	10		בַּ/דֶּ֤רֶךְ	b/1870	HRd/Ncbsa	019Vh
28	20	11		הַ/זֶּה֙	d/2088	HTd/Pdxms	01Ntu
28	20	12		אֲשֶׁ֣ר	834 a	HTr	01ikR
28	20	13		אָנֹכִ֣י	595	HPp1cs	01vkY
28	20	14		הוֹלֵ֔ךְ	1980	HVqrmsa	01F8A
28	20	15		וְ/נָֽתַן	c/5414	HC/Vqq3ms	01yB5
28	20	16		לִ֥/י	l	HR/Sp1cs	01RhF
28	20	17		לֶ֛חֶם	3899	HNcbsa	01weY
28	20	18		לֶ/אֱכֹ֖ל	l/398	HR/Vqc	01jmK
28	20	19		וּ/בֶ֥גֶד	c/899 b	HC/Ncmsa	014m9
28	20	20		לִ/לְבֹּֽשׁ	l/3847	HR/Vqc	01HZJ
28	21	1		וְ/שַׁבְתִּ֥י	c/7725	HC/Vqq1cs	01M1s
28	21	2		בְ/שָׁל֖וֹם	b/7965	HR/Ncmsa	01BYD
28	21	3		אֶל	413	HR	01ynr
28	21	4		בֵּ֣ית	1004 b	HNcmsc	01VJd
28	21	5		אָבִ֑/י	1	HNcmsc/Sp1cs	01nCA
28	21	6		וְ/הָיָ֧ה	c/1961	HC/Vqq3ms	012ke
28	21	7		יְהוָ֛ה	3068	HNp	014YR
28	21	8		לִ֖/י	l	HR/Sp1cs	01784
28	21	9		לֵ/אלֹהִֽים	l/430	HR/Ncmpa	01dpR
28	22	1		וְ/הָ/אֶ֣בֶן	c/d/68	HC/Td/Ncfsa	01aBk
28	22	2		הַ/זֹּ֗את	d/2063	HTd/Pdxfs	01Ewf
28	22	3		אֲשֶׁר	834 a	HTr	012i9
28	22	4		שַׂ֨מְתִּי֙	7760 a	HVqp1cs	01f2b
28	22	5		מַצֵּבָ֔ה	4676	HNcfsa	01AkM
28	22	6		יִהְיֶ֖ה	1961	HVqi3ms	01KYx
28	22	7		בֵּ֣ית	1004 b	HNcmsc	01JEq
28	22	8		אֱלֹהִ֑ים	430	HNcmpa	01hMV
28	22	9		וְ/כֹל֙	c/3605	HC/Ncmsa	01A8N
28	22	10		אֲשֶׁ֣ר	834 a	HTr	017ro
28	22	11		תִּתֶּן	5414	HVqi2ms	01qJz
28	22	12		לִ֔/י	l	HR/Sp1cs	01mN4
28	22	13		עַשֵּׂ֖ר	6237	HVpa	01c1S
28	22	14		אֲעַשְּׂרֶ֥/נּוּ	6237	HVpi1cs/Sp3ms	01E8w
28	22	15		לָֽ/ךְ	l	HR/Sp2fs	01QNv
29	1	1		וַ/יִּשָּׂ֥א	c/5375	HC/Vqw3ms	01GG4
29	1	2		יַעֲקֹ֖ב	3290	HNp	01tsA
29	1	3		רַגְלָ֑י/ו	7272	HNcfdc/Sp3ms	01WvW
29	1	4		וַ/יֵּ֖לֶךְ	c/3212	HC/Vqw3ms	01Cyq
29	1	5		אַ֥רְצָ/ה	776	HNcbsc/Sd	019nW
29	1	6		בְנֵי	1121 a	HNcmpc	01goR
29	1	7		קֶֽדֶם	6924 a	HNcmsa	01C48
29	2	1		וַ/יַּ֞רְא	c/7200	HC/Vqw3ms	01naT
29	2	2		וְ/הִנֵּ֧ה	c/2009	HC/Tm	01rJY
29	2	3		בְאֵ֣ר	875	HNcfsa	01X3v
29	2	4		בַּ/שָּׂדֶ֗ה	b/7704 b	HRd/Ncmsa	01c1w
29	2	5		וְ/הִנֵּה	c/2009	HC/Tm	011qK
29	2	6		שָׁ֞ם	8033	HD	01oBj
29	2	7		שְׁלֹשָׁ֤ה	7969	HAcmsa	011LX
29	2	8		עֶדְרֵי	5739	HNcmpc	01Xd2
29	2	9		צֹאן֙	6629	HNcbsa	01VuX
29	2	10		רֹבְצִ֣ים	7257	HVqrmpa	01ieM
29	2	11		עָלֶ֔י/הָ	5921 a	HR/Sp3fs	01YQK
29	2	12		כִּ֚י	3588 a	HC	015kM
29	2	13		מִן	4480 a	HR	01XLS
29	2	14		הַ/בְּאֵ֣ר	d/875	HTd/Ncfsa	019qt
29	2	15		הַ/הִ֔וא	d/1931	HTd/Pp3fs	01MkQ
29	2	16		יַשְׁק֖וּ	8248	HVhi3mp	01Nkt
29	2	17		הָ/עֲדָרִ֑ים	d/5739	HTd/Ncmpa	01ezn
29	2	18		וְ/הָ/אֶ֥בֶן	c/d/68	HC/Td/Ncfsa	01nRq
29	2	19		גְּדֹלָ֖ה	1419 a	HAafsa	014Gt
29	2	20		עַל	5921 a	HR	01GnH
29	2	21		פִּ֥י	6310	HNcmsc	015Da
29	2	22		הַ/בְּאֵֽר	d/875	HTd/Ncfsa	01G2S
29	3	1		וְ/נֶאֶסְפוּ	c/622	HC/VNp3cp	015V3
29	3	2		שָׁ֣מָּ/ה	8033	HD/Sd	01HKm
29	3	3		כָל	3605	HNcmsc	01v6o
29	3	4		הָ/עֲדָרִ֗ים	d/5739	HTd/Ncmpa	01BkX
29	3	5		וְ/גָלֲל֤וּ	c/1556	HC/Vqp3cp	01mYk
29	3	6		אֶת	853	HTo	01atE
29	3	7		הָ/אֶ֨בֶן֙	d/68	HTd/Ncfsa	01Unu
29	3	8		מֵ/עַל֙	m/5921 a	HR/R	01G7H
29	3	9		פִּ֣י	6310	HNcmsc	01MJC
29	3	10		הַ/בְּאֵ֔ר	d/875	HTd/Ncfsa	012cN
29	3	11		וְ/הִשְׁק֖וּ	c/8248	HC/Vhp3cp	01NZs
29	3	12		אֶת	853	HTo	01zEq
29	3	13		הַ/צֹּ֑אן	d/6629	HTd/Ncbsa	01ijB
29	3	14		וְ/הֵשִׁ֧יבוּ	c/7725	HC/Vhp3cp	017Ls
29	3	15		אֶת	853	HTo	01xCM
29	3	16		הָ/אֶ֛בֶן	d/68	HTd/Ncfsa	016Eo
29	3	17		עַל	5921 a	HR	01Rhi
29	3	18		פִּ֥י	6310	HNcmsc	01W8h
29	3	19		הַ/בְּאֵ֖ר	d/875	HTd/Ncfsa	014RF
29	3	20		לִ/מְקֹמָֽ/הּ	l/4725	HR/Ncmsc/Sp3fs	01Ufi
29	4	1		וַ/יֹּ֤אמֶר	c/559	HC/Vqw3ms	01WE7
29	4	2		לָ/הֶם֙	l	HR/Sp3mp	01ZnA
29	4	3		יַעֲקֹ֔ב	3290	HNp	01pWY
29	4	4		אַחַ֖/י	251	HNcmpc/Sp1cs	01Kny
29	4	5		מֵ/אַ֣יִן	m/370	HR/Ti	01vJY
29	4	6		אַתֶּ֑ם	859 d	HPp2mp	01qdD
29	4	7		וַ/יֹּ֣אמְר֔וּ	c/559	HC/Vqw3mp	01gdS
29	4	8		מֵ/חָרָ֖ן	m/2771 a	HR/Np	01shu
29	4	9		אֲנָֽחְנוּ	587	HPp1cp	01Zyd
29	5	1		וַ/יֹּ֣אמֶר	c/559	HC/Vqw3ms	01quq
29	5	2		לָ/הֶ֔ם	l	HR/Sp3mp	01r3e
29	5	3		הַ/יְדַעְתֶּ֖ם	d/3045	HTi/Vqp2mp	01Ucz
29	5	4		אֶת	853	HTo	01v7h
29	5	5		לָבָ֣ן	3837 a	HNp	01hgJ
29	5	6		בֶּן	1121 a	HNcmsc	01ziM
29	5	7		נָח֑וֹר	5152	HNp	01bt2
29	5	8		וַ/יֹּאמְר֖וּ	c/559	HC/Vqw3mp	01euf
29	5	9		יָדָֽעְנוּ	3045	HVqp1cp	01fGn
29	6	1		וַ/יֹּ֥אמֶר	c/559	HC/Vqw3ms	013CJ
29	6	2		לָ/הֶ֖ם	l	HR/Sp3mp	01GHc
29	6	3		הֲ/שָׁל֣וֹם	i/7965	HTi/Ncmsa	01eq3
29	6	4		ל֑/וֹ	l	HR/Sp3ms	01wmT
29	6	5		וַ/יֹּאמְר֣וּ	c/559	HC/Vqw3mp	01uRX
29	6	6		שָׁל֔וֹם	7965	HNcmsa	0121k
29	6	7		וְ/הִנֵּה֙	c/2009	HC/Tm	01da6
29	6	8		רָחֵ֣ל	7354	HNp	015rU
29	6	9		בִּתּ֔/וֹ	1323	HNcfsc/Sp3ms	0134U
29	6	10		בָּאָ֖ה	935	HVqrfsa	01KTR
29	6	11		עִם	5973 a	HR	01axk
29	6	12		הַ/צֹּֽאן	d/6629	HTd/Ncbsa	01pvS
29	7	1		וַ/יֹּ֗אמֶר	c/559	HC/Vqw3ms	01rWX
29	7	2		הֵ֥ן	2005	HTm	01wo4
29	7	3		עוֹד֙	5750	HD	01pet
29	7	4		הַ/יּ֣וֹם	d/3117	HTd/Ncmsa	01yqx
29	7	5		גָּד֔וֹל	1419 a	HAamsa	019r4
29	7	6		לֹא	3808	HTn	01S2Q
29	7	7		עֵ֖ת	6256	HNcbsc	0189S
29	7	8		הֵאָסֵ֣ף	622	HVNc	01fVm
29	7	9		הַ/מִּקְנֶ֑ה	d/4735	HTd/Ncmsa	014Q2
29	7	10		הַשְׁק֥וּ	8248	HVhv2mp	01bpv
29	7	11		הַ/צֹּ֖אן	d/6629	HTd/Ncbsa	01YHJ
29	7	12		וּ/לְכ֥וּ	c/3212	HC/Vqv2mp	01XXo
29	7	13		רְעֽוּ	7462 b	HVqv2mp	016qR
29	8	1		וַ/יֹּאמְרוּ֮	c/559	HC/Vqw3mp	01F4e
29	8	2		לֹ֣א	3808	HTn	01Smn
29	8	3		נוּכַל֒	3201	HVqi1cp	011wx
29	8	4		עַ֣ד	5704	HR	01yQG
29	8	5		אֲשֶׁ֤ר	834 a	HTr	01Eoh
29	8	6		יֵאָֽסְפוּ֙	622	HVNi3mp	0176k
29	8	7		כָּל	3605	HNcmsc	01Yke
29	8	8		הָ֣/עֲדָרִ֔ים	d/5739	HTd/Ncmpa	01aaE
29	8	9		וְ/גָֽלֲלוּ֙	c/1556	HC/Vqq3cp	012GC
29	8	10		אֶת	853	HTo	015SW
29	8	11		הָ/אֶ֔בֶן	d/68	HTd/Ncfsa	014Vz
29	8	12		מֵ/עַ֖ל	m/5921 a	HR/R	011at
29	8	13		פִּ֣י	6310	HNcmsc	01kw4
29	8	14		הַ/בְּאֵ֑ר	d/875	HTd/Ncfsa	01fq2
29	8	15		וְ/הִשְׁקִ֖ינוּ	c/8248	HC/Vhq1cp	01d4b
29	8	16		הַ/צֹּֽאן	d/6629	HTd/Ncbsa	01nKX
29	9	1		עוֹדֶ֖/נּוּ	5750	HD/Sp3ms	01dbk
29	9	2		מְדַבֵּ֣ר	1696	HVprmsa	017P4
29	9	3		עִמָּ֑/ם	5973 a	HR/Sp3mp	01qFQ
29	9	4		וְ/רָחֵ֣ל	c/7354	HC/Np	019xW
29	9	5		בָּ֗אָה	935	HVqp3fs	01LUW
29	9	6		עִם	5973 a	HR	011Dv
29	9	7		הַ/צֹּאן֙	d/6629	HTd/Ncbsa	01EXG
29	9	8		אֲשֶׁ֣ר	834 a	HTr	01XEv
29	9	9		לְ/אָבִ֔י/הָ	l/1	HR/Ncmsc/Sp3fs	01Foc
29	9	10		כִּ֥י	3588 a	HC	01DyD
29	9	11		רֹעָ֖ה	7462 b	HVqrfsa	01gvY
29	9	12		הִֽוא	1931	HPp3fs	01pUw
29	10	1		וַ/יְהִ֡י	c/1961	HC/Vqw3ms	01h4r
29	10	2		כַּ/אֲשֶׁר֩	k/834 d	HR/Tr	012Wz
29	10	3		רָאָ֨ה	7200	HVqp3ms	011ca
29	10	4		יַעֲקֹ֜ב	3290	HNp	01Pq6
29	10	5		אֶת	853	HTo	01ghD
29	10	6		רָחֵ֗ל	7354	HNp	01ekQ
29	10	7		בַּת	1323	HNcfsc	01iL8
29	10	8		לָבָן֙	3837 a	HNp	01BkD
29	10	9		אֲחִ֣י	251	HNcmsc	01swo
29	10	10		אִמּ֔/וֹ	517	HNcfsc/Sp3ms	01jPv
29	10	11		וְ/אֶת	c/853	HC/To	015kF
29	10	12		צֹ֥אן	6629	HNcbsc	01sVL
29	10	13		לָבָ֖ן	3837 a	HNp	01rz1
29	10	14		אֲחִ֣י	251	HNcmsc	01tLP
29	10	15		אִמּ֑/וֹ	517	HNcfsc/Sp3ms	013aA
29	10	16		וַ/יִּגַּ֣שׁ	c/5066	HC/Vqw3ms	01WcW
29	10	17		יַעֲקֹ֗ב	3290	HNp	01SyK
29	10	18		וַ/יָּ֤גֶל	c/1556	HC/Vqw3ms	01QHi
29	10	19		אֶת	853	HTo	01S3y
29	10	20		הָ/אֶ֨בֶן֙	d/68	HTd/Ncfsa	01sv5
29	10	21		מֵ/עַל֙	m/5921 a	HR/R	01jUF
29	10	22		פִּ֣י	6310	HNcmsc	01Ntk
29	10	23		הַ/בְּאֵ֔ר	d/875	HTd/Ncfsa	01Jdw
29	10	24		וַ/יַּ֕שְׁקְ	c/8248	HC/Vhw3ms	01xwE
29	10	25		אֶת	853	HTo	01izn
29	10	26		צֹ֥אן	6629	HNcbsc	01YRB
29	10	27		לָבָ֖ן	3837 a	HNp	01bSb
29	10	28		אֲחִ֥י	251	HNcmsc	017gs
29	10	29		אִמּֽ/וֹ	517	HNcfsc/Sp3ms	01gwm
29	11	1		וַ/יִּשַּׁ֥ק	c/5401 a	HC/Vqw3ms	01mpL
29	11	2		יַעֲקֹ֖ב	3290	HNp	01r1J
29	11	3		לְ/רָחֵ֑ל	l/7354	HR/Np	012J1
29	11	4		וַ/יִּשָּׂ֥א	c/5375	HC/Vqw3ms	014w6
29	11	5		אֶת	853	HTo	01VPz
29	11	6		קֹל֖/וֹ	6963 a	HNcmsc/Sp3ms	01BcV
29	11	7		וַ/יֵּֽבְךְּ	c/1058	HC/Vqw3ms	01mhn
29	12	1		וַ/יַּגֵּ֨ד	c/5046	HC/Vhw3ms	01Rec
29	12	2		יַעֲקֹ֜ב	3290	HNp	01DcM
29	12	3		לְ/רָחֵ֗ל	l/7354	HR/Np	01z9F
29	12	4		כִּ֣י	3588 a	HC	013eG
29	12	5		אֲחִ֤י	251	HNcmsc	01ZD6
29	12	6		אָבִ֨י/הָ֙	1	HNcmsc/Sp3fs	01eAx
29	12	7		ה֔וּא	1931	HPp3ms	01MpT
29	12	8		וְ/כִ֥י	c/3588 a	HC/C	01Nnr
29	12	9		בֶן	1121 a	HNcmsc	01k38
29	12	10		רִבְקָ֖ה	7259	HNp	01C29
29	12	11		ה֑וּא	1931	HPp3ms	01BGq
29	12	12		וַ/תָּ֖רָץ	c/7323	HC/Vqw3fs	01Xgy
29	12	13		וַ/תַּגֵּ֥ד	c/5046	HC/Vhw3fs	01Esn
29	12	14		לְ/אָבִֽי/הָ	l/1	HR/Ncmsc/Sp3fs	01Mqr
29	13	1		וַ/יְהִי֩	c/1961	HC/Vqw3ms	011Vs
29	13	2		כִ/שְׁמֹ֨עַ	k/8085	HR/Vqc	01eZF
29	13	3		לָבָ֜ן	3837 a	HNp	016dt
29	13	4		אֶת	853	HTo	01VgD
29	13	5		שֵׁ֣מַע	8088 b	HNcmsc	01Jos
29	13	6		יַעֲקֹ֣ב	3290	HNp	01PCA
29	13	7		בֶּן	1121 a	HNcmsc	01xxS
29	13	8		אֲחֹת֗/וֹ	269	HNcfsc/Sp3ms	01KHG
29	13	9		וַ/יָּ֤רָץ	c/7323	HC/Vqw3ms	01iBr
29	13	10		לִ/קְרָאת/וֹ֙	l/7125	HR/Vqc/Sp3ms	01qiL
29	13	11		וַ/יְחַבֶּק	c/2263	HC/Vpw3ms	01YQt
29	13	12		ל/וֹ֙	l	HR/Sp3ms	01zj2
29	13	13		וַ/יְנַשֶּׁק	c/5401 a	HC/Vpw3ms	01SvN
29	13	14		ל֔/וֹ	l	HR/Sp3ms	01HNH
29	13	15		וַ/יְבִיאֵ֖/הוּ	c/935	HC/Vhw3ms/Sp3ms	01bC8
29	13	16		אֶל	413	HR	018fP
29	13	17		בֵּית֑/וֹ	1004 b	HNcmsc/Sp3ms	01Xps
29	13	18		וַ/יְסַפֵּ֣ר	c/5608 a	HC/Vpw3ms	01RTb
29	13	19		לְ/לָבָ֔ן	l/3837 a	HR/Np	01eWx
29	13	20		אֵ֥ת	853	HTo	01ByR
29	13	21		כָּל	3605	HNcmsc	01je3
29	13	22		הַ/דְּבָרִ֖ים	d/1697	HTd/Ncmpa	01ZMS
29	13	23		הָ/אֵֽלֶּה	d/428	HTd/Pdxcp	0191p
29	14	1		וַ/יֹּ֤אמֶר	c/559	HC/Vqw3ms	01B6v
29	14	2		ל/וֹ֙	l	HR/Sp3ms	01cs8
29	14	3		לָבָ֔ן	3837 a	HNp	01nAb
29	14	4		אַ֛ךְ	389	HTa	01mte
29	14	5		עַצְמִ֥/י	6106	HNcfsc/Sp1cs	01mTx
29	14	6		וּ/בְשָׂרִ֖/י	c/1320	HC/Ncmsc/Sp1cs	01Lo3
29	14	7		אָ֑תָּה	859 a	HPp2ms	01WUq
29	14	8		וַ/יֵּ֥שֶׁב	c/3427	HC/Vqw3ms	01u3y
29	14	9		עִמּ֖/וֹ	5973 a	HR/Sp3ms	01qyS
29	14	10		חֹ֥דֶשׁ	2320	HNcmsc	016h1
29	14	11		יָמִֽים	3117	HNcmpa	01xNu
29	15	1		וַ/יֹּ֤אמֶר	c/559	HC/Vqw3ms	01g2u
29	15	2		לָבָן֙	3837 a	HNp	01cTt
29	15	3		לְ/יַעֲקֹ֔ב	l/3290	HR/Np	018tB
29	15	4		הֲ/כִי	i/3588 a	HTi/C	01sBn
29	15	5		אָחִ֣/י	251	HNcmsc/Sp1cs	01mS3
29	15	6		אַ֔תָּה	859 a	HPp2ms	01WeA
29	15	7		וַ/עֲבַדְתַּ֖/נִי	c/5647	HC/Vqq2ms/Sp1cs	011MQ
29	15	8		חִנָּ֑ם	2600	HD	014cW
29	15	9		הַגִּ֥ידָ/ה	5046	HVhv2ms/Sh	01mbQ
29	15	10		לִּ֖/י	l	HR/Sp1cs	01cKv
29	15	11		מַה	4100	HTi	01vtQ
29	15	12		מַּשְׂכֻּרְתֶּֽ/ךָ	4909	HNcfsc/Sp2ms	013SD
29	16	1		וּ/לְ/לָבָ֖ן	c/l/3837 a	HC/R/Np	01vCA
29	16	2		שְׁתֵּ֣י	8147	HAcfdc	01ZNs
29	16	3		בָנ֑וֹת	1323	HNcfpa	01kkz
29	16	4		שֵׁ֤ם	8034	HNcmsc	01UDD
29	16	5		הַ/גְּדֹלָה֙	d/1419 a	HTd/Aafsa	01LRU
29	16	6		לֵאָ֔ה	3812	HNp	01kC1
29	16	7		וְ/שֵׁ֥ם	c/8034	HC/Ncmsc	01Vgt
29	16	8		הַ/קְּטַנָּ֖ה	d/6996 a	HTd/Aafsa	01eAg
29	16	9		רָחֵֽל	7354	HNp	018eY
29	17	1		וְ/עֵינֵ֥י	c/5869 a	HC/Ncbdc	01Ngr
29	17	2		לֵאָ֖ה	3812	HNp	01Re9
29	17	3		רַכּ֑וֹת	7390	HAafpa	01EhP
29	17	4		וְ/רָחֵל֙	c/7354	HC/Np	01enZ
29	17	5		הָֽיְתָ֔ה	1961	HVqp3fs	0183T
29	17	6		יְפַת	3303	HAafsc	017Wn
29	17	7		תֹּ֖אַר	8389	HNcmsa	01FwM
29	17	8		וִ/יפַ֥ת	c/3303	HC/Aafsc	01tU5
29	17	9		מַרְאֶֽה	4758	HNcmsa	01wpC
29	18	1		וַ/יֶּאֱהַ֥ב	c/157	HC/Vqw3ms	013Gj
29	18	2		יַעֲקֹ֖ב	3290	HNp	01YPi
29	18	3		אֶת	853	HTo	01PMM
29	18	4		רָחֵ֑ל	7354	HNp	01a6j
29	18	5		וַ/יֹּ֗אמֶר	c/559	HC/Vqw3ms	01riQ
29	18	6		אֶֽעֱבָדְ/ךָ֙	5647	HVqi1cs/Sp2ms	01yQ4
29	18	7		שֶׁ֣בַע	7651	HAcfsa	01J61
29	18	8		שָׁנִ֔ים	8141	HNcfpa	01cLP
29	18	9		בְּ/רָחֵ֥ל	b/7354	HR/Np	01UTh
29	18	10		בִּתְּ/ךָ֖	1323	HNcfsc/Sp2ms	01JWG
29	18	11		הַ/קְּטַנָּֽה	d/6996 a	HTd/Aafsa	01wWW
29	19	1		וַ/יֹּ֣אמֶר	c/559	HC/Vqw3ms	01n44
29	19	2		לָבָ֗ן	3837 a	HNp	01bzf
29	19	3		ט֚וֹב	2896 a	HAamsa	01KxH
29	19	4		תִּתִּ֣/י	5414	HVqc/Sp1cs	01DSc
29	19	5		אֹתָ֣/הּ	853	HTo/Sp3fs	01Qqp
29	19	6		לָ֔/ךְ	l	HR/Sp2fs	01JkH
29	19	7		מִ/תִּתִּ֥/י	m/5414	HR/Vqc/Sp1cs	015cW
29	19	8		אֹתָ֖/הּ	853	HTo/Sp3fs	01vFM
29	19	9		לְ/אִ֣ישׁ	l/376	HR/Ncmsa	0186m
29	19	10		אַחֵ֑ר	312	HAamsa	016sH
29	19	11		שְׁבָ֖/ה	3427	HVqv2ms/Sh	01yAv
29	19	12		עִמָּדִֽ/י	5978	HR/Sp1cs	01N79
29	20	1		וַ/יַּעֲבֹ֧ד	c/5647	HC/Vqw3ms	01YHd
29	20	2		יַעֲקֹ֛ב	3290	HNp	01yvx
29	20	3		בְּ/רָחֵ֖ל	b/7354	HR/Np	01rkx
29	20	4		שֶׁ֣בַע	7651	HAcfsa	01E7h
29	20	5		שָׁנִ֑ים	8141	HNcfpa	013TM
29	20	6		וַ/יִּהְי֤וּ	c/1961	HC/Vqw3mp	016E1
29	20	7		בְ/עֵינָי/ו֙	b/5869 a	HR/Ncbdc/Sp3ms	01V4j
29	20	8		כְּ/יָמִ֣ים	k/3117	HR/Ncmpa	01VUM
29	20	9		אֲחָדִ֔ים	259	HAcmpa	01JDt
29	20	10		בְּ/אַהֲבָת֖/וֹ	b/157	HR/Ncfsc/Sp3ms	01Ve9
29	20	11		אֹתָֽ/הּ	853	HTo/Sp3fs	01YbF
29	21	1		וַ/יֹּ֨אמֶר	c/559	HC/Vqw3ms	01ro5
29	21	2		יַעֲקֹ֤ב	3290	HNp	01oBt
29	21	3		אֶל	413	HR	01TXs
29	21	4		לָבָן֙	3837 a	HNp	01w4o
29	21	5		הָבָ֣/ה	3051	HVqv2ms/Sh	01Dk3
29	21	6		אֶת	853	HTo	01xTm
29	21	7		אִשְׁתִּ֔/י	802	HNcfsc/Sp1cs	01KAk
29	21	8		כִּ֥י	3588 a	HC	01kR1
29	21	9		מָלְא֖וּ	4390	HVqp3cp	01e7R
29	21	10		יָמָ֑/י	3117	HNcmpc/Sp1cs	01gmT
29	21	11		וְ/אָב֖וֹאָה	c/935	HC/Vqh1cs	01rjP
29	21	12		אֵלֶֽי/הָ	413	HR/Sp3fs	011TU
29	22	1		וַ/יֶּאֱסֹ֥ף	c/622	HC/Vqw3ms	01meA
29	22	2		לָבָ֛ן	3837 a	HNp	01HXd
29	22	3		אֶת	853	HTo	01mqX
29	22	4		כָּל	3605	HNcmsc	0171a
29	22	5		אַנְשֵׁ֥י	376	HNcmpc	013Ep
29	22	6		הַ/מָּק֖וֹם	d/4725	HTd/Ncmsa	01Lox
29	22	7		וַ/יַּ֥עַשׂ	c/6213 a	HC/Vqw3ms	01Shk
29	22	8		מִשְׁתֶּֽה	4960	HNcmsa	016qj
29	23	1		וַ/יְהִ֣י	c/1961	HC/Vqw3ms	0143Q
29	23	2		בָ/עֶ֔רֶב	b/6153	HRd/Ncmsa	01s7c
29	23	3		וַ/יִּקַּח֙	c/3947	HC/Vqw3ms	018H3
29	23	4		אֶת	853	HTo	01H8Q
29	23	5		לֵאָ֣ה	3812	HNp	01eBo
29	23	6		בִתּ֔/וֹ	1323	HNcfsc/Sp3ms	01yuH
29	23	7		וַ/יָּבֵ֥א	c/935	HC/Vhw3ms	01WKs
29	23	8		אֹתָ֖/הּ	853	HTo/Sp3fs	01jTE
29	23	9		אֵלָ֑י/ו	413	HR/Sp3ms	01WZT
29	23	10		וַ/יָּבֹ֖א	c/935	HC/Vqw3ms	01M8j
29	23	11		אֵלֶֽי/הָ	413	HR/Sp3fs	01rEs
29	24	1		וַ/יִּתֵּ֤ן	c/5414	HC/Vqw3ms	01vPm
29	24	2		לָבָן֙	3837 a	HNp	01aQ8
29	24	3		לָ֔/הּ	l	HR/Sp3fs	01oUN
29	24	4		אֶת	853	HTo	01FuQ
29	24	5		זִלְפָּ֖ה	2153	HNp	01ZTj
29	24	6		שִׁפְחָת֑/וֹ	8198	HNcfsc/Sp3ms	01MLh
29	24	7		לְ/לֵאָ֥ה	l/3812	HR/Np	01KtN
29	24	8		בִתּ֖/וֹ	1323	HNcfsc/Sp3ms	01393
29	24	9		שִׁפְחָֽה	8198	HNcfsa	01NhG
29	25	1		וַ/יְהִ֣י	c/1961	HC/Vqw3ms	01i4G
29	25	2		בַ/בֹּ֔קֶר	b/1242	HRd/Ncmsa	01S4t
29	25	3		וְ/הִנֵּה	c/2009	HC/Tm	01dVC
29	25	4		הִ֖וא	1931	HPp3fs	01Cpo
29	25	5		לֵאָ֑ה	3812	HNp	01SyT
29	25	6		וַ/יֹּ֣אמֶר	c/559	HC/Vqw3ms	01W9M
29	25	7		אֶל	413	HR	01s5V
29	25	8		לָבָ֗ן	3837 a	HNp	01EUr
29	25	9		מַה	4100	HTi	014DD
29	25	10		זֹּאת֙	2063	HPdxfs	01fka
29	25	11		עָשִׂ֣יתָ	6213 a	HVqp2ms	014KL
29	25	12		לִּ֔/י	l	HR/Sp1cs	014NK
29	25	13		הֲ/לֹ֤א	i/3808	HTi/Tn	01Akt
29	25	14		בְ/רָחֵל֙	b/7354	HR/Np	01U9k
29	25	15		עָבַ֣דְתִּי	5647	HVqp1cs	0156X
29	25	16		עִמָּ֔/ךְ	5973 a	HR/Sp2fs	01unZ
29	25	17		וְ/לָ֖/מָּה	c/l/4100	HC/R/Ti	015Dq
29	25	18		רִמִּיתָֽ/נִי	7411 b	HVpp2ms/Sp1cs	0185t
29	26	1		וַ/יֹּ֣אמֶר	c/559	HC/Vqw3ms	01Nb7
29	26	2		לָבָ֔ן	3837 a	HNp	011so
29	26	3		לֹא	3808	HTn	01HhT
29	26	4		יֵעָשֶׂ֥ה	6213 a	HVNi3ms	01V5v
29	26	5		כֵ֖ן	3651 c	HD	01eFH
29	26	6		בִּ/מְקוֹמֵ֑/נוּ	b/4725	HR/Ncmsc/Sp1cp	01vaj
29	26	7		לָ/תֵ֥ת	l/5414	HR/Vqc	01MWL
29	26	8		הַ/צְּעִירָ֖ה	d/6810	HTd/Aafsa	01ZzQ
29	26	9		לִ/פְנֵ֥י	l/6440	HR/Ncbpc	01ywq
29	26	10		הַ/בְּכִירָֽה	d/1067	HTd/Ncfsa	01Gj1
29	27	1		מַלֵּ֖א	4390	HVpv2ms	01nZ9
29	27	2		שְׁבֻ֣עַ	7620	HNcmsc	01AFQ
29	27	3		זֹ֑את	2063	HPdxfs	01HB6
29	27	4		וְ/נִתְּנָ֨ה	c/5414	HC/VNq3fs	01Uaj
29	27	5		לְ/ךָ֜	l	HR/Sp2ms	01WgL
29	27	6		גַּם	1571	HTa	013Aj
29	27	7		אֶת	853	HTo	01TcW
29	27	8		זֹ֗את	2063	HPdxfs	01yhZ
29	27	9		בַּ/עֲבֹדָה֙	b/5656	HR/Ncfsa	01nYd
29	27	10		אֲשֶׁ֣ר	834 a	HTr	01yCA
29	27	11		תַּעֲבֹ֣ד	5647	HVqi2ms	01JC4
29	27	12		עִמָּדִ֔/י	5978	HR/Sp1cs	01fap
29	27	13		ע֖וֹד	5750	HD	01dQh
29	27	14		שֶֽׁבַע	7651	HAcfsa	01B24
29	27	15		שָׁנִ֥ים	8141	HNcfpa	01aw8
29	27	16		אֲחֵרֽוֹת	312	HAafpa	01TMX
29	28	1		וַ/יַּ֤עַשׂ	c/6213 a	HC/Vqw3ms	01xGT
29	28	2		יַעֲקֹב֙	3290	HNp	01ipC
29	28	3		כֵּ֔ן	3651 c	HTm	01pPf
29	28	4		וַ/יְמַלֵּ֖א	c/4390	HC/Vpw3ms	01nAZ
29	28	5		שְׁבֻ֣עַ	7620	HNcmsa	01g6L
29	28	6		זֹ֑את	2063	HPdxfs	01iVr
29	28	7		וַ/יִּתֶּן	c/5414	HC/Vqw3ms	01EPm
29	28	8		ל֛/וֹ	l	HR/Sp3ms	01QTX
29	28	9		אֶת	853	HTo	01Rf7
29	28	10		רָחֵ֥ל	7354	HNp	01AzS
29	28	11		בִּתּ֖/וֹ	1323	HNcfsc/Sp3ms	01p1w
29	28	12		ל֥/וֹ	l	HR/Sp3ms	014Ca
29	28	13		לְ/אִשָּֽׁה	l/802	HR/Ncfsa	01Kuy
29	29	1		וַ/יִּתֵּ֤ן	c/5414	HC/Vqw3ms	01fS1
29	29	2		לָבָן֙	3837 a	HNp	01jFs
29	29	3		לְ/רָחֵ֣ל	l/7354	HR/Np	013Qg
29	29	4		בִּתּ֔/וֹ	1323	HNcfsc/Sp3ms	01QdS
29	29	5		אֶת	853	HTo	017uD
29	29	6		בִּלְהָ֖ה	1090 a	HNp	01qYT
29	29	7		שִׁפְחָת֑/וֹ	8198	HNcfsc/Sp3ms	01EqV
29	29	8		לָ֖/הּ	l	HR/Sp3fs	01eWg
29	29	9		לְ/שִׁפְחָֽה	l/8198	HR/Ncfsa	01X2W
29	30	1		וַ/יָּבֹא֙	c/935	HC/Vqw3ms	01w3U
29	30	2		גַּ֣ם	1571	HTa	01Fyk
29	30	3		אֶל	413	HR	011hJ
29	30	4		רָחֵ֔ל	7354	HNp	01Ecu
29	30	5		וַ/יֶּאֱהַ֥ב	c/157	HC/Vqw3ms	01dix
29	30	6		גַּֽם	1571	HTa	0173K
29	30	7		אֶת	853	HTo	01Z6E
29	30	8		רָחֵ֖ל	7354	HNp	018D4
29	30	9		מִ/לֵּאָ֑ה	m/3812	HR/Np	01AMd
29	30	10		וַ/יַּעֲבֹ֣ד	c/5647	HC/Vqw3ms	01LLS
29	30	11		עִמּ֔/וֹ	5973 a	HR/Sp3ms	01VTY
29	30	12		ע֖וֹד	5750	HD	01Drm
29	30	13		שֶֽׁבַע	7651	HAcfsa	01oic
29	30	14		שָׁנִ֥ים	8141	HNcfpa	01rix
29	30	15		אֲחֵרֽוֹת	312	HAafpa	01UMe
29	31	1		וַ/יַּ֤רְא	c/7200	HC/Vqw3ms	01NjT
29	31	2		יְהוָה֙	3068	HNp	01V8J
29	31	3		כִּֽי	3588 a	HC	01WDX
29	31	4		שְׂנוּאָ֣ה	8130	HVqsfsa	01cnp
29	31	5		לֵאָ֔ה	3812	HNp	01YPb
29	31	6		וַ/יִּפְתַּ֖ח	c/6605 a	HC/Vqw3ms	01GoU
29	31	7		אֶת	853	HTo	0144h
29	31	8		רַחְמָ֑/הּ	7358	HNcmsc/Sp3fs	01ngp
29	31	9		וְ/רָחֵ֖ל	c/7354	HC/Np	016re
29	31	10		עֲקָרָֽה	6135	HAafsa	01y1p
29	32	1		וַ/תַּ֤הַר	c/2029	HC/Vqw3fs	01NZg
29	32	2		לֵאָה֙	3812	HNp	01y8C
29	32	3		וַ/תֵּ֣לֶד	c/3205	HC/Vqw3fs	01phb
29	32	4		בֵּ֔ן	1121 a	HNcmsa	019XQ
29	32	5		וַ/תִּקְרָ֥א	c/7121	HC/Vqw3fs	01hGH
29	32	6		שְׁמ֖/וֹ	8034	HNcmsc/Sp3ms	01U9B
29	32	7		רְאוּבֵ֑ן	7205	HNp	01Q8W
29	32	8		כִּ֣י	3588 a	HC	01h9z
29	32	9		אָֽמְרָ֗ה	559	HVqp3fs	01XJt
29	32	10		כִּֽי	3588 a	HC	013x6
29	32	11		רָאָ֤ה	7200	HVqp3ms	01QaV
29	32	12		יְהוָה֙	3068	HNp	01REv
29	32	13		בְּ/עָנְיִ֔/י	b/6040	HR/Ncmsc/Sp1cs	01LFa
29	32	14		כִּ֥י	3588 a	HC	01mgb
29	32	15		עַתָּ֖ה	6258	HD	012po
29	32	16		יֶאֱהָבַ֥/נִי	157	HVqi3ms/Sp1cs	012qF
29	32	17		אִישִֽׁ/י	376	HNcmsc/Sp1cs	01SRD
29	33	1		וַ/תַּ֣הַר	c/2029	HC/Vqw3fs	01akG
29	33	2		עוֹד֮	5750	HD	01eJV
29	33	3		וַ/תֵּ֣לֶד	c/3205	HC/Vqw3fs	01x76
29	33	4		בֵּן֒	1121 a	HNcmsa	01TEw
29	33	5		וַ/תֹּ֗אמֶר	c/559	HC/Vqw3fs	01qdE
29	33	6		כִּֽי	3588 a	HC	01ZwS
29	33	7		שָׁמַ֤ע	8085	HVqp3ms	01Nkv
29	33	8		יְהוָה֙	3068	HNp	014pA
29	33	9		כִּֽי	3588 a	HC	01PBw
29	33	10		שְׂנוּאָ֣ה	8130	HVqsfsa	01JNR
29	33	11		אָנֹ֔כִי	595	HPp1cs	016Wp
29	33	12		וַ/יִּתֶּן	c/5414	HC/Vqw3ms	01Cr7
29	33	13		לִ֖/י	l	HR/Sp1cs	01sdW
29	33	14		גַּם	1571	HTa	01mV5
29	33	15		אֶת	853	HTo	01MjN
29	33	16		זֶ֑ה	2088	HPdxms	01u4q
29	33	17		וַ/תִּקְרָ֥א	c/7121	HC/Vqw3fs	01J16
29	33	18		שְׁמ֖/וֹ	8034	HNcmsc/Sp3ms	01upz
29	33	19		שִׁמְעֽוֹן	8095	HNp	01Wnn
29	34	1		וַ/תַּ֣הַר	c/2029	HC/Vqw3fs	01X1p
29	34	2		עוֹד֮	5750	HD	01xds
29	34	3		וַ/תֵּ֣לֶד	c/3205	HC/Vqw3fs	01yxa
29	34	4		בֵּן֒	1121 a	HNcmsa	01E1r
29	34	5		וַ/תֹּ֗אמֶר	c/559	HC/Vqw3fs	01DYV
29	34	6		עַתָּ֤ה	6258	HD	018h8
29	34	7		הַ/פַּ֨עַם֙	d/6471	HTd/Ncfsa	01uZb
29	34	8		יִלָּוֶ֤ה	3867 a	HVNi3ms	01X8e
29	34	9		אִישִׁ/י֙	376	HNcmsc/Sp1cs	0152a
29	34	10		אֵלַ֔/י	413	HR/Sp1cs	01TZ2
29	34	11		כִּֽי	3588 a	HC	016KN
29	34	12		יָלַ֥דְתִּי	3205	HVqp1cs	01FnH
29	34	13		ל֖/וֹ	l	HR/Sp3ms	01YHB
29	34	14		שְׁלֹשָׁ֣ה	7969	HAcmsa	01PjK
29	34	15		בָנִ֑ים	1121 a	HNcmpa	01fcZ
29	34	16		עַל	5921 a	HR	0179F
29	34	17		כֵּ֥ן	3651 c	HTm	01Rrw
29	34	18		קָרָֽא	7121	HVqp3ms	01f5v
29	34	19		שְׁמ֖/וֹ	8034	HNcmsc/Sp3ms	016yp
29	34	20		לֵוִֽי	3878	HNp	01yef
29	35	1		וַ/תַּ֨הַר	c/2029	HC/Vqw3fs	01sqv
29	35	2		ע֜וֹד	5750	HD	014wn
29	35	3		וַ/תֵּ֣לֶד	c/3205	HC/Vqw3fs	01b77
29	35	4		בֵּ֗ן	1121 a	HNcmsa	01djh
29	35	5		וַ/תֹּ֨אמֶר֙	c/559	HC/Vqw3fs	01iM5
29	35	6		הַ/פַּ֨עַם֙	d/6471	HTd/Ncfsa	01nGF
29	35	7		אוֹדֶ֣ה	3034	HVhi1cs	01hti
29	35	8		אֶת	853	HTo	01dfE
29	35	9		יְהוָ֔ה	3068	HNp	01KTs
29	35	10		עַל	5921 a	HR	011Fx
29	35	11		כֵּ֛ן	3651 c	HTm	01j6R
29	35	12		קָרְאָ֥ה	7121	HVqp3fs	01bjF
29	35	13		שְׁמ֖/וֹ	8034	HNcmsc/Sp3ms	01QsQ
29	35	14		יְהוּדָ֑ה	3063	HNp	01uoQ
29	35	15		וַֽ/תַּעֲמֹ֖ד	c/5975	HC/Vqw3fs	01AWm
29	35	16		מִ/לֶּֽדֶת	m/3205	HR/Vqc	01Aqs
30	1	1		וַ/תֵּ֣רֶא	c/7200	HC/Vqw3fs	01gnX
30	1	2		רָחֵ֗ל	7354	HNp	018gj
30	1	3		כִּ֣י	3588 a	HC	01QPb
30	1	4		לֹ֤א	3808	HTn	01pLt
30	1	5		יָֽלְדָה֙	3205	HVqp3fs	01aGy
30	1	6		לְ/יַעֲקֹ֔ב	l/3290	HR/Np	01DS3
30	1	7		וַ/תְּקַנֵּ֥א	c/7065	HC/Vpw3fs	01arS
30	1	8		רָחֵ֖ל	7354	HNp	012v2
30	1	9		בַּ/אֲחֹתָ֑/הּ	b/269	HR/Ncfsc/Sp3fs	01R8C
30	1	10		וַ/תֹּ֤אמֶר	c/559	HC/Vqw3fs	01kLk
30	1	11		אֶֽל	413	HR	01tii
30	1	12		יַעֲקֹב֙	3290	HNp	018rB
30	1	13		הָֽבָ/ה	3051	HVqv2ms/Sh	01MKX
30	1	14		לִּ֣/י	l	HR/Sp1cs	017jV
30	1	15		בָנִ֔ים	1121 a	HNcmpa	01NxU
30	1	16		וְ/אִם	c/518 a	HC/C	01Jei
30	1	17		אַ֖יִן	369	HTn	01YkH
30	1	18		מֵתָ֥ה	4191	HVqrfsa	01uCy
30	1	19		אָנֹֽכִי	595	HPp1cs	017tF
30	2	1		וַ/יִּֽחַר	c/2734	HC/Vqw3ms	01q6U
30	2	2		אַ֥ף	639	HTa	01ooR
30	2	3		יַעֲקֹ֖ב	3290	HNp	01Duu
30	2	4		בְּ/רָחֵ֑ל	b/7354	HR/Np	01hGZ
30	2	5		וַ/יֹּ֗אמֶר	c/559	HC/Vqw3ms	01Qpf
30	2	6		הֲ/תַ֤חַת	i/8478	HTi/R	018Eg
30	2	7		אֱלֹהִים֙	430	HNcmpa	01Ncu
30	2	8		אָנֹ֔כִי	595	HPp1cs	019a9
30	2	9		אֲשֶׁר	834 a	HTr	01hNY
30	2	10		מָנַ֥ע	4513	HVqp3ms	01Liz
30	2	11		מִמֵּ֖/ךְ	4480 a	HR/Sp2fs	01QZ8
30	2	12		פְּרִי	6529	HNcmsc	01HDJ
30	2	13		בָֽטֶן	990	HNcfsa	01gUV
30	3	1		וַ/תֹּ֕אמֶר	c/559	HC/Vqw3fs	011gQ
30	3	2		הִנֵּ֛ה	2009	HTm	01ud4
30	3	3		אֲמָתִ֥/י	519	HNcfsc/Sp1cs	01XPm
30	3	4		בִלְהָ֖ה	1090 a	HNp	01wL1
30	3	5		בֹּ֣א	935	HVqv2ms	01AYk
30	3	6		אֵלֶ֑י/הָ	413	HR/Sp3fs	01r8a
30	3	7		וְ/תֵלֵד֙	c/3205	HC/Vqj3fs	017iq
30	3	8		עַל	5921 a	HR	01EkW
30	3	9		בִּרְכַּ֔/י	1290	HNcfdc/Sp1cs	01wME
30	3	10		וְ/אִבָּנֶ֥ה	c/1129	HC/VNi1cs	01Mb3
30	3	11		גַם	1571	HD	01Vto
30	3	12		אָנֹכִ֖י	595	HPp1cs	01YhB
30	3	13		מִמֶּֽ/נָּה	4480 a	HR/Sp3fs	01u4x
30	4	1		וַ/תִּתֶּן	c/5414	HC/Vqw3fs	01mAq
30	4	2		ל֛/וֹ	l	HR/Sp3ms	01Gmk
30	4	3		אֶת	853	HTo	01V4z
30	4	4		בִּלְהָ֥ה	1090 a	HNp	01Pqn
30	4	5		שִׁפְחָתָ֖/הּ	8198	HNcfsc/Sp3fs	01qYH
30	4	6		לְ/אִשָּׁ֑ה	l/802	HR/Ncfsa	01pw5
30	4	7		וַ/יָּבֹ֥א	c/935	HC/Vqw3ms	01Tb6
30	4	8		אֵלֶ֖י/הָ	413	HR/Sp3fs	01eVZ
30	4	9		יַעֲקֹֽב	3290	HNp	01jfU
30	5	1		וַ/תַּ֣הַר	c/2029	HC/Vqw3fs	01qAP
30	5	2		בִּלְהָ֔ה	1090 a	HNp	01bbv
30	5	3		וַ/תֵּ֥לֶד	c/3205	HC/Vqw3fs	01YSF
30	5	4		לְ/יַעֲקֹ֖ב	l/3290	HR/Np	01vDG
30	5	5		בֵּֽן	1121 a	HNcmsa	01qSh
30	6	1		וַ/תֹּ֤אמֶר	c/559	HC/Vqw3fs	01Cm9
30	6	2		רָחֵל֙	7354	HNp	01mhw
30	6	3		דָּנַ֣/נִּי	1777	HVqp3ms/Sp1cs	01Xcc
30	6	4		אֱלֹהִ֔ים	430	HNcmpa	016mj
30	6	5		וְ/גַם֙	c/1571	HC/Ta	01mPS
30	6	6		שָׁמַ֣ע	8085	HVqp3ms	0165f
30	6	7		בְּ/קֹלִ֔/י	b/6963 a	HR/Ncmsc/Sp1cs	01cfA
30	6	8		וַ/יִּתֶּן	c/5414	HC/Vqw3ms	01pmm
30	6	9		לִ֖/י	l	HR/Sp1cs	01xzj
30	6	10		בֵּ֑ן	1121 a	HNcmsa	01aQJ
30	6	11		עַל	5921 a	HR	01ZKx
30	6	12		כֵּ֛ן	3651 c	HTm	01Qqz
30	6	13		קָרְאָ֥ה	7121	HVqp3fs	01wMB
30	6	14		שְׁמ֖/וֹ	8034	HNcmsc/Sp3ms	013rB
30	6	15		דָּֽן	1835	HNp	01fop
30	7	1		וַ/תַּ֣הַר	c/2029	HC/Vqw3fs	01YUM
30	7	2		ע֔וֹד	5750	HD	01JQX
30	7	3		וַ/תֵּ֕לֶד	c/3205	HC/Vqw3fs	01qhg
30	7	4		בִּלְהָ֖ה	1090 a	HNp	01AEN
30	7	5		שִׁפְחַ֣ת	8198	HNcfsc	01P9T
30	7	6		רָחֵ֑ל	7354	HNp	016s4
30	7	7		בֵּ֥ן	1121 a	HNcmsa	017cL
30	7	8		שֵׁנִ֖י	8145	HAomsa	01VtV
30	7	9		לְ/יַעֲקֹֽב	l/3290	HR/Np	01nnQ
30	8	1		וַ/תֹּ֣אמֶר	c/559	HC/Vqw3fs	01fgn
30	8	2		רָחֵ֗ל	7354	HNp	0144c
30	8	3		נַפְתּוּלֵ֨י	5319	HNcmpc	01LTT
30	8	4		אֱלֹהִ֧ים	430	HNcmpa	01jkx
30	8	5		נִפְתַּ֛לְתִּי	6617	HVNp1cs	01TBp
30	8	6		עִם	5973 a	HR	01f71
30	8	7		אֲחֹתִ֖/י	269	HNcfsc/Sp1cs	01sHv
30	8	8		גַּם	1571	HTa	016hD
30	8	9		יָכֹ֑לְתִּי	3201	HVqp1cs	01u1b
30	8	10		וַ/תִּקְרָ֥א	c/7121	HC/Vqw3fs	01NS3
30	8	11		שְׁמ֖/וֹ	8034	HNcmsc/Sp3ms	01jmF
30	8	12		נַפְתָּלִֽי	5321	HNp	01Wtm
30	9	1		וַ/תֵּ֣רֶא	c/7200	HC/Vqw3fs	01wjZ
30	9	2		לֵאָ֔ה	3812	HNp	01U2V
30	9	3		כִּ֥י	3588 a	HC	01p98
30	9	4		עָמְדָ֖ה	5975	HVqp3fs	01PmJ
30	9	5		מִ/לֶּ֑דֶת	m/3205	HR/Vqc	01q8F
30	9	6		וַ/תִּקַּח֙	c/3947	HC/Vqw3fs	01uoZ
30	9	7		אֶת	853	HTo	01P9e
30	9	8		זִלְפָּ֣ה	2153	HNp	01bWF
30	9	9		שִׁפְחָתָ֔/הּ	8198	HNcfsc/Sp3fs	01VZ3
30	9	10		וַ/תִּתֵּ֥ן	c/5414	HC/Vqw3fs	015i2
30	9	11		אֹתָ֛/הּ	853	HTo/Sp3fs	01UeC
30	9	12		לְ/יַעֲקֹ֖ב	l/3290	HR/Np	01fbA
30	9	13		לְ/אִשָּֽׁה	l/802	HR/Ncfsa	01qV1
30	10	1		וַ/תֵּ֗לֶד	c/3205	HC/Vqw3fs	01CdM
30	10	2		זִלְפָּ֛ה	2153	HNp	01yND
30	10	3		שִׁפְחַ֥ת	8198	HNcfsc	01aYV
30	10	4		לֵאָ֖ה	3812	HNp	01ZTZ
30	10	5		לְ/יַעֲקֹ֥ב	l/3290	HR/Np	01Yme
30	10	6		בֵּֽן	1121 a	HNcmsa	01BBE
30	11	1		וַ/תֹּ֥אמֶר	c/559	HC/Vqw3fs	01uhc
30	11	2		לֵאָ֖ה	3812	HNp	01iC6
30	11	3	x-ketiv	ב/גד	b/1409	HR/Ncmsa	01VG3
30	11	4		בָּ֣א	935	HVqrmsa	01Q3H
30	11	5		גָ֑ד	1409	HNcmsa	01gKG
30	11	6		וַ/תִּקְרָ֥א	c/7121	HC/Vqw3fs	01tXk
30	11	7		אֶת	853	HTo	01Nsp
30	11	8		שְׁמ֖/וֹ	8034	HNcmsc/Sp3ms	01Pj7
30	11	9		גָּֽד	1410	HNp	0188b
30	12	1		וַ/תֵּ֗לֶד	c/3205	HC/Vqw3fs	018xJ
30	12	2		זִלְפָּה֙	2153	HNp	01cKk
30	12	3		שִׁפְחַ֣ת	8198	HNcfsc	01YcP
30	12	4		לֵאָ֔ה	3812	HNp	01tHb
30	12	5		בֵּ֥ן	1121 a	HNcmsa	01gJw
30	12	6		שֵׁנִ֖י	8145	HAomsa	01bTf
30	12	7		לְ/יַעֲקֹֽב	l/3290	HR/Np	01giJ
30	13	1		וַ/תֹּ֣אמֶר	c/559	HC/Vqw3fs	01tCU
30	13	2		לֵאָ֔ה	3812	HNp	01Hfi
30	13	3		בְּ/אָשְׁרִ֕/י	b/837	HR/Ncmsc/Sp1cs	01DmQ
30	13	4		כִּ֥י	3588 a	HC	01gnd
30	13	5		אִשְּׁר֖וּ/נִי	833	HVpp3cp/Sp1cs	01UFH
30	13	6		בָּנ֑וֹת	1323	HNcfpa	01VeR
30	13	7		וַ/תִּקְרָ֥א	c/7121	HC/Vqw3fs	01gUH
30	13	8		אֶת	853	HTo	01yYY
30	13	9		שְׁמ֖/וֹ	8034	HNcmsc/Sp3ms	01i8v
30	13	10		אָשֵֽׁר	836	HNp	01r15
30	14	1		וַ/יֵּ֨לֶךְ	c/3212	HC/Vqw3ms	01zT4
30	14	2		רְאוּבֵ֜ן	7205	HNp	01nXH
30	14	3		בִּ/ימֵ֣י	b/3117	HR/Ncmpc	01WDU
30	14	4		קְצִיר	7105 a	HNcmsc	01pqX
30	14	5		חִטִּ֗ים	2406	HNcfpa	01PBr
30	14	6		וַ/יִּמְצָ֤א	c/4672	HC/Vqw3ms	01Jbe
30	14	7		דֽוּדָאִים֙	1736	HNcmpa	01PE4
30	14	8		בַּ/שָּׂדֶ֔ה	b/7704 b	HRd/Ncmsa	01BJW
30	14	9		וַ/יָּבֵ֣א	c/935	HC/Vhw3ms	01hfy
30	14	10		אֹתָ֔/ם	853	HTo/Sp3mp	01hNm
30	14	11		אֶל	413	HR	01dTN
30	14	12		לֵאָ֖ה	3812	HNp	01KbE
30	14	13		אִמּ֑/וֹ	517	HNcfsc/Sp3ms	017HQ
30	14	14		וַ/תֹּ֤אמֶר	c/559	HC/Vqw3fs	01Qr7
30	14	15		רָחֵל֙	7354	HNp	01FxV
30	14	16		אֶל	413	HR	01Xo5
30	14	17		לֵאָ֔ה	3812	HNp	01sfm
30	14	18		תְּנִי	5414	HVqv2fs	01C5k
30	14	19		נָ֣א	4994	HTe	01eTU
30	14	20		לִ֔/י	l	HR/Sp1cs	01Y63
30	14	21		מִ/דּוּדָאֵ֖י	m/1736	HR/Ncmpc	016qu
30	14	22		בְּנֵֽ/ךְ	1121 a	HNcmsc/Sp2fs	01Ybj
30	15	1		וַ/תֹּ֣אמֶר	c/559	HC/Vqw3fs	014L5
30	15	2		לָ֗/הּ	l	HR/Sp3fs	01oTU
30	15	3		הַ/מְעַט֙	d/4592	HTi/Ncmsa	01bn4
30	15	4		קַחְתֵּ֣/ךְ	3947	HVqc/Sp2fs	016RB
30	15	5		אֶת	853	HTo	01gfx
30	15	6		אִישִׁ֔/י	376	HNcmsc/Sp1cs	01XAo
30	15	7		וְ/לָ/קַ֕חַת	c/l/3947	HC/R/Vqc	01qQp
30	15	8		גַּ֥ם	1571	HTa	01CRk
30	15	9		אֶת	853	HTo	01aFe
30	15	10		דּוּדָאֵ֖י	1736	HNcmpc	01UQ8
30	15	11		בְּנִ֑/י	1121 a	HNcmsc/Sp1cs	01xuS
30	15	12		וַ/תֹּ֣אמֶר	c/559	HC/Vqw3fs	01LnL
30	15	13		רָחֵ֗ל	7354	HNp	01bcs
30	15	14		לָ/כֵן֙	l/3651 c	HR/D	01vv4
30	15	15		יִשְׁכַּ֤ב	7901	HVqi3ms	01jWX
30	15	16		עִמָּ/ךְ֙	5973 a	HR/Sp2fs	01188
30	15	17		הַ/לַּ֔יְלָה	d/3915	HTd/Ncmsa	018hs
30	15	18		תַּ֖חַת	8478	HR	01hJf
30	15	19		דּוּדָאֵ֥י	1736	HNcmpc	01S1n
30	15	20		בְנֵֽ/ךְ	1121 a	HNcmsc/Sp2fs	013os
30	16	1		וַ/יָּבֹ֨א	c/935	HC/Vqw3ms	01CcG
30	16	2		יַעֲקֹ֣ב	3290	HNp	01AjC
30	16	3		מִן	4480 a	HR	018FS
30	16	4		הַ/שָּׂדֶה֮	d/7704 b	HTd/Ncmsa	01tLy
30	16	5		בָּ/עֶרֶב֒	b/6153	HRd/Ncmsa	01idT
30	16	6		וַ/תֵּצֵ֨א	c/3318	HC/Vqw3fs	01h5H
30	16	7		לֵאָ֜ה	3812	HNp	01H9s
30	16	8		לִ/קְרָאת֗/וֹ	l/7125	HR/Vqc/Sp3ms	01x4F
30	16	9		וַ/תֹּ֨אמֶר֙	c/559	HC/Vqw3fs	01ayn
30	16	10		אֵלַ֣/י	413	HR/Sp1cs	01STG
30	16	11		תָּב֔וֹא	935	HVqi2ms	01QHf
30	16	12		כִּ֚י	3588 a	HC	017ag
30	16	13		שָׂכֹ֣ר	7936 b	HVqa	01kGL
30	16	14		שְׂכַרְתִּ֔י/ךָ	7936 b	HVqp1cs/Sp2ms	01Aim
30	16	15		בְּ/דוּדָאֵ֖י	b/1736	HR/Ncmpc	01SnL
30	16	16		בְּנִ֑/י	1121 a	HNcmsc/Sp1cs	0178q
30	16	17		וַ/יִּשְׁכַּ֥ב	c/7901	HC/Vqw3ms	01EQm
30	16	18		עִמָּ֖/הּ	5973 a	HR/Sp3fs	01yFC
30	16	19		בַּ/לַּ֥יְלָה	b/3915	HRd/Ncmsa	01RjJ
30	16	20		הֽוּא	1931	HPp3ms	01DoC
30	17	1		וַ/יִּשְׁמַ֥ע	c/8085	HC/Vqw3ms	01Req
30	17	2		אֱלֹהִ֖ים	430	HNcmpa	01R5t
30	17	3		אֶל	413	HR	01BUr
30	17	4		לֵאָ֑ה	3812	HNp	01iWQ
30	17	5		וַ/תַּ֛הַר	c/2029	HC/Vqw3fs	012JD
30	17	6		וַ/תֵּ֥לֶד	c/3205	HC/Vqw3fs	01cf9
30	17	7		לְ/יַעֲקֹ֖ב	l/3290	HR/Np	01ZxS
30	17	8		בֵּ֥ן	1121 a	HNcmsa	01Awo
30	17	9		חֲמִישִֽׁי	2549	HAomsa	01PBh
30	18	1		וַ/תֹּ֣אמֶר	c/559	HC/Vqw3fs	01yn6
30	18	2		לֵאָ֗ה	3812	HNp	01vjV
30	18	3		נָתַ֤ן	5414	HVqp3ms	01T1Q
30	18	4		אֱלֹהִים֙	430	HNcmpa	01Bsf
30	18	5		שְׂכָרִ֔/י	7939	HNcmsc/Sp1cs	01i4d
30	18	6		אֲשֶׁר	834 a	HTr	014Zx
30	18	7		נָתַ֥תִּי	5414	HVqp1cs	01gRe
30	18	8		שִׁפְחָתִ֖/י	8198	HNcfsc/Sp1cs	01ug2
30	18	9		לְ/אִישִׁ֑/י	l/376	HR/Ncmsc/Sp1cs	016CS
30	18	10		וַ/תִּקְרָ֥א	c/7121	HC/Vqw3fs	01cYB
30	18	11		שְׁמ֖/וֹ	8034	HNcmsc/Sp3ms	013HV
30	18	12		יִשָּׂשכָֽר	3485	HNp	01T2u
30	19	1		וַ/תַּ֤הַר	c/2029	HC/Vqw3fs	01hrD
30	19	2		עוֹד֙	5750	HD	01nX5
30	19	3		לֵאָ֔ה	3812	HNp	01b8f
30	19	4		וַ/תֵּ֥לֶד	c/3205	HC/Vqw3fs	01H77
30	19	5		בֵּן	1121 a	HNcmsa	01ZUm
30	19	6		שִׁשִּׁ֖י	8345	HAomsa	01sA8
30	19	7		לְּ/יַעֲקֹֽב	l/3290	HR/Np	01uiC
30	20	1		וַ/תֹּ֣אמֶר	c/559	HC/Vqw3fs	01nav
30	20	2		לֵאָ֗ה	3812	HNp	01Ukp
30	20	3		זְבָדַ֨/נִי	2064	HVqp3ms/Sp1cs	01kqe
30	20	4		אֱלֹהִ֥ים	430	HNcmpa	01r3t
30	20	5		אֹתִ/י֮	853	HTo/Sp1cs	01vMF
30	20	6		זֵ֣בֶד	2065	HNcmsa	017NG
30	20	7		טוֹב֒	2896 a	HAamsa	01opW
30	20	8		הַ/פַּ֨עַם֙	d/6471	HTd/Ncfsa	01jbw
30	20	9		יִזְבְּלֵ֣/נִי	2082	HVqi3ms/Sp1cs	01E8T
30	20	10		אִישִׁ֔/י	376	HNcmsc/Sp1cs	01A3e
30	20	11		כִּֽי	3588 a	HC	01gAg
30	20	12		יָלַ֥דְתִּי	3205	HVqp1cs	01H8L
30	20	13		ל֖/וֹ	l	HR/Sp3ms	01nbL
30	20	14		שִׁשָּׁ֣ה	8337	HAcmsa	01Me5
30	20	15		בָנִ֑ים	1121 a	HNcmpa	01fMN
30	20	16		וַ/תִּקְרָ֥א	c/7121	HC/Vqw3fs	01urp
30	20	17		אֶת	853	HTo	01WqG
30	20	18		שְׁמ֖/וֹ	8034	HNcmsc/Sp3ms	01aFM
30	20	19		זְבֻלֽוּן	2074	HNp	01JcV
30	21	1		וְ/אַחַ֖ר	c/310 a	HC/D	01Ket
30	21	2		יָ֣לְדָה	3205	HVqp3fs	01GWP
30	21	3		בַּ֑ת	1323	HNcfsa	01ATJ
30	21	4		וַ/תִּקְרָ֥א	c/7121	HC/Vqw3fs	01Ltd
30	21	5		אֶת	853	HTo	01t6j
30	21	6		שְׁמָ֖/הּ	8034	HNcmsc/Sp3fs	01Gtf
30	21	7		דִּינָֽה	1783	HNp	01QJ8
30	22	1		וַ/יִּזְכֹּ֥ר	c/2142	HC/Vqw3ms	01VuP
30	22	2		אֱלֹהִ֖ים	430	HNcmpa	01X93
30	22	3		אֶת	853	HTo	01j39
30	22	4		רָחֵ֑ל	7354	HNp	01oCQ
30	22	5		וַ/יִּשְׁמַ֤ע	c/8085	HC/Vqw3ms	01BVs
30	22	6		אֵלֶ֨י/הָ֙	413	HR/Sp3fs	01Ncp
30	22	7		אֱלֹהִ֔ים	430	HNcmpa	01vMj
30	22	8		וַ/יִּפְתַּ֖ח	c/6605 a	HC/Vqw3ms	01txq
30	22	9		אֶת	853	HTo	01nBY
30	22	10		רַחְמָֽ/הּ	7358	HNcmsc/Sp3fs	014j4
30	23	1		וַ/תַּ֖הַר	c/2029	HC/Vqw3fs	017K6
30	23	2		וַ/תֵּ֣לֶד	c/3205	HC/Vqw3fs	01aQo
30	23	3		בֵּ֑ן	1121 a	HNcmsa	01WbM
30	23	4		וַ/תֹּ֕אמֶר	c/559	HC/Vqw3fs	01Tus
30	23	5		אָסַ֥ף	622	HVqp3ms	01U4E
30	23	6		אֱלֹהִ֖ים	430	HNcmpa	0141z
30	23	7		אֶת	853	HTo	01E5m
30	23	8		חֶרְפָּתִֽ/י	2781	HNcfsc/Sp1cs	01qv7
30	24	1		וַ/תִּקְרָ֧א	c/7121	HC/Vqw3fs	01EEy
30	24	2		אֶת	853	HTo	01NUp
30	24	3		שְׁמ֛/וֹ	8034	HNcmsc/Sp3ms	01Pjw
30	24	4		יוֹסֵ֖ף	3130	HNp	01jSR
30	24	5		לֵ/אמֹ֑ר	l/559	HR/Vqc	01hrd
30	24	6		יֹסֵ֧ף	3254	HVhi3ms	01Tmg
30	24	7		יְהוָ֛ה	3068	HNp	01rqy
30	24	8		לִ֖/י	l	HR/Sp1cs	01qhU
30	24	9		בֵּ֥ן	1121 a	HNcmsa	01Pjs
30	24	10		אַחֵֽר	312	HAamsa	01riC
30	25	1		וַ/יְהִ֕י	c/1961	HC/Vqw3ms	01355
30	25	2		כַּ/אֲשֶׁ֛ר	k/834 d	HR/Tr	01Qq1
30	25	3		יָלְדָ֥ה	3205	HVqp3fs	01W3y
30	25	4		רָחֵ֖ל	7354	HNp	01B1Q
30	25	5		אֶת	853	HTo	01oXy
30	25	6		יוֹסֵ֑ף	3130	HNp	01jtt
30	25	7		וַ/יֹּ֤אמֶר	c/559	HC/Vqw3ms	01FXv
30	25	8		יַעֲקֹב֙	3290	HNp	01iVR
30	25	9		אֶל	413	HR	01mZJ
30	25	10		לָבָ֔ן	3837 a	HNp	01SvF
30	25	11		שַׁלְּחֵ֨/נִי֙	7971	HVpv2ms/Sp1cs	017bU
30	25	12		וְ/אֵ֣לְכָ֔ה	c/3212	HC/Vqh1cs	01J53
30	25	13		אֶל	413	HR	01Evz
30	25	14		מְקוֹמִ֖/י	4725	HNcmsc/Sp1cs	018xb
30	25	15		וּ/לְ/אַרְצִֽ/י	c/l/776	HC/R/Ncbsc/Sp1cs	01GJT
30	26	1		תְּנָ֞/ה	5414	HVqv2ms/Sh	01Ac3
30	26	2		אֶת	853	HTo	01HcT
30	26	3		נָשַׁ֣/י	802	HNcfpc/Sp1cs	01ffF
30	26	4		וְ/אֶת	c/853	HC/To	01qnJ
30	26	5		יְלָדַ֗/י	3206	HNcmpc/Sp1cs	01DT3
30	26	6		אֲשֶׁ֨ר	834 a	HTr	01c4C
30	26	7		עָבַ֧דְתִּי	5647	HVqp1cs	01HMK
30	26	8		אֹֽתְ/ךָ֛	853	HTo/Sp2ms	01LX5
30	26	9		בָּ/הֵ֖ן	b/2004	HR/Sp3fp	01bED
30	26	10		וְ/אֵלֵ֑כָה	c/3212	HC/Vqh1cs	01SVR
30	26	11		כִּ֚י	3588 a	HC	01fKn
30	26	12		אַתָּ֣ה	859 a	HPp2ms	01gfA
30	26	13		יָדַ֔עְתָּ	3045	HVqp2ms	01fVg
30	26	14		אֶת	853	HTo	012cw
30	26	15		עֲבֹדָתִ֖/י	5656	HNcfsc/Sp1cs	01CzJ
30	26	16		אֲשֶׁ֥ר	834 a	HTr	01aMt
30	26	17		עֲבַדְתִּֽי/ךָ	5647	HVqp1cs/Sp2ms	01MN9
30	27	1		וַ/יֹּ֤אמֶר	c/559	HC/Vqw3ms	01hTL
30	27	2		אֵלָי/ו֙	413	HR/Sp3ms	016sB
30	27	3		לָבָ֔ן	3837 a	HNp	01uAt
30	27	4		אִם	518 a	HC	01Ay5
30	27	5		נָ֛א	4994	HTe	0111y
30	27	6		מָצָ֥אתִי	4672	HVqp1cs	01tEN
30	27	7		חֵ֖ן	2580	HNcmsa	01jP6
30	27	8		בְּ/עֵינֶ֑י/ךָ	b/5869 a	HR/Ncbdc/Sp2ms	011ZG
30	27	9		נִחַ֕שְׁתִּי	5172	HVpp1cs	01o7G
30	27	10		וַ/יְבָרֲכֵ֥/נִי	c/1288	HC/Vpw3ms/Sp1cs	015w5
30	27	11		יְהוָ֖ה	3068	HNp	01jRX
30	27	12		בִּ/גְלָלֶֽ/ךָ	b/1558	HR/Ncmsc/Sp2ms	01Fp2
30	28	1		וַ/יֹּאמַ֑ר	c/559	HC/Vqw3ms	01BfC
30	28	2		נָקְבָ֧/ה	5344 a	HVqv2ms/Sh	01YmT
30	28	3		שְׂכָרְ/ךָ֛	7939	HNcmsc/Sp2ms	01CNf
30	28	4		עָלַ֖/י	5921 a	HR/Sp1cs	016TA
30	28	5		וְ/אֶתֵּֽנָה	c/5414	HC/Vqh1cs	01TF9
30	29	1		וַ/יֹּ֣אמֶר	c/559	HC/Vqw3ms	01Dxj
30	29	2		אֵלָ֔י/ו	413	HR/Sp3ms	01aQ6
30	29	3		אַתָּ֣ה	859 a	HPp2ms	01rPU
30	29	4		יָדַ֔עְתָּ	3045	HVqp2ms	014sL
30	29	5		אֵ֖ת	853	HTo	01PzU
30	29	6		אֲשֶׁ֣ר	834 a	HTr	01i1M
30	29	7		עֲבַדְתִּ֑י/ךָ	5647	HVqp1cs/Sp2ms	01Ja4
30	29	8		וְ/אֵ֛ת	c/853	HC/To	013uc
30	29	9		אֲשֶׁר	834 a	HTr	01igD
30	29	10		הָיָ֥ה	1961	HVqp3ms	01SH8
30	29	11		מִקְנְ/ךָ֖	4735	HNcmsc/Sp2ms	01fyk
30	29	12		אִתִּֽ/י	854	HR/Sp1cs	01bDR
30	30	1		כִּ֡י	3588 a	HC	01mCF
30	30	2		מְעַט֩	4592	HNcmsa	01TsG
30	30	3		אֲשֶׁר	834 a	HTr	01mwJ
30	30	4		הָיָ֨ה	1961	HVqp3ms	01yVn
30	30	5		לְ/ךָ֤	l	HR/Sp2ms	01UCT
30	30	6		לְ/פָנַ/י֙	l/6440	HR/Ncbpc/Sp1cs	01gDx
30	30	7		וַ/יִּפְרֹ֣ץ	c/6555	HC/Vqw3ms	01HMY
30	30	8		לָ/רֹ֔ב	l/7230	HR/Ncbsa	01Vk4
30	30	9		וַ/יְבָ֧רֶךְ	c/1288	HC/Vpw3ms	01W33
30	30	10		יְהוָ֛ה	3068	HNp	01xLQ
30	30	11		אֹתְ/ךָ֖	853	HTo/Sp2ms	01yDx
30	30	12		לְ/רַגְלִ֑/י	l/7272	HR/Ncfsc/Sp1cs	01Ykm
30	30	13		וְ/עַתָּ֗ה	c/6258	HC/D	01Zho
30	30	14		מָתַ֛י	4970	HTi	01eAq
30	30	15		אֶֽעֱשֶׂ֥ה	6213 a	HVqi1cs	01rGP
30	30	16		גַם	1571	HD	01apy
30	30	17		אָנֹכִ֖י	595	HPp1cs	014cG
30	30	18		לְ/בֵיתִֽ/י	l/1004 b	HR/Ncmsc/Sp1cs	01ori
30	31	1		וַ/יֹּ֖אמֶר	c/559	HC/Vqw3ms	01xGy
30	31	2		מָ֣ה	4100	HTi	01g4u
30	31	3		אֶתֶּן	5414	HVqi1cs	01UPU
30	31	4		לָ֑/ךְ	l	HR/Sp2fs	01iGG
30	31	5		וַ/יֹּ֤אמֶר	c/559	HC/Vqw3ms	0184R
30	31	6		יַעֲקֹב֙	3290	HNp	01giL
30	31	7		לֹא	3808	HTn	01DiD
30	31	8		תִתֶּן	5414	HVqi2ms	01cCh
30	31	9		לִ֣/י	l	HR/Sp1cs	01Y3k
30	31	10		מְא֔וּמָה	3972	HNcfsa	01K8R
30	31	11		אִם	518 a	HC	01Gda
30	31	12		תַּֽעֲשֶׂה	6213 a	HVqi2ms	01QiP
30	31	13		לִּ/י֙	l	HR/Sp1cs	01j9D
30	31	14		הַ/דָּבָ֣ר	d/1697	HTd/Ncmsa	01Mwp
30	31	15		הַ/זֶּ֔ה	d/2088	HTd/Pdxms	01bmi
30	31	16		אָשׁ֛וּבָה	7725	HVqh1cs	01hc6
30	31	17		אֶרְעֶ֥ה	7462 b	HVqi1cs	01RLa
30	31	18		צֹֽאנְ/ךָ֖	6629	HNcbsc/Sp2ms	01oFC
30	31	19		אֶשְׁמֹֽר	8104	HVqi1cs	01CKx
30	32	1		אֶֽעֱבֹ֨ר	5674 a	HVqi1cs	01ETw
30	32	2		בְּ/כָל	b/3605	HR/Ncmsc	016z6
30	32	3		צֹֽאנְ/ךָ֜	6629	HNcbsc/Sp2ms	01GAM
30	32	4		הַ/יּ֗וֹם	d/3117	HTd/Ncmsa	01ns6
30	32	5		הָסֵ֨ר	5493	HVha	0131h
30	32	6		מִ/שָּׁ֜ם	m/8033	HR/D	01MzF
30	32	7		כָּל	3605	HNcmsc	01gXF
30	32	8		שֶׂ֣ה	7716	HNcbsa	01bUk
30	32	9		נָקֹ֣ד	5348	HAamsa	01xFz
30	32	10		וְ/טָל֗וּא	c/2921	HC/Vqsmsa	01sRH
30	32	11		וְ/כָל	c/3605	HC/Ncmsc	01hm8
30	32	12		שֶׂה	7716	HNcbsa	01s5U
30	32	13		חוּם֙	2345	HAamsa	01fq7
30	32	14		בַּ/כְּשָׂבִ֔ים	b/3775	HRd/Ncmpa	01FFV
30	32	15		וְ/טָל֥וּא	c/2921	HC/Vqsmsa	01rDb
30	32	16		וְ/נָקֹ֖ד	c/5348	HC/Aamsa	01K7W
30	32	17		בָּ/עִזִּ֑ים	b/5795	HRd/Ncfpa	01NTN
30	32	18		וְ/הָיָ֖ה	c/1961	HC/Vqq3ms	01CPp
30	32	19		שְׂכָרִֽ/י	7939	HNcmsc/Sp1cs	01cgS
30	33	1		וְ/עָֽנְתָה	c/6030 b	HC/Vqq3fs	01Zp6
30	33	2		בִּ֤/י	b	HR/Sp1cs	01xy9
30	33	3		צִדְקָתִ/י֙	6666	HNcfsc/Sp1cs	01qGT
30	33	4		בְּ/י֣וֹם	b/3117	HR/Ncmsc	01mdJ
30	33	5		מָחָ֔ר	4279	HNcmsa	01ZkF
30	33	6		כִּֽי	3588 a	HC	01B6T
30	33	7		תָב֥וֹא	935	HVqi2ms	01cUo
30	33	8		עַל	5921 a	HR	01tVB
30	33	9		שְׂכָרִ֖/י	7939	HNcmsc/Sp1cs	01hk6
30	33	10		לְ/פָנֶ֑י/ךָ	l/6440	HR/Ncbpc/Sp2ms	016Yt
30	33	11		כֹּ֣ל	3605	HNcmsa	01t1v
30	33	12		אֲשֶׁר	834 a	HTr	01MtH
30	33	13		אֵינֶ/נּוּ֩	369	HTn/Sp3ms	01YJj
30	33	14		נָקֹ֨ד	5348	HAamsa	01h9f
30	33	15		וְ/טָל֜וּא	c/2921	HC/Vqsmsa	01tFE
30	33	16		בָּֽ/עִזִּ֗ים	b/5795	HRd/Ncfpa	015pV
30	33	17		וְ/חוּם֙	c/2345	HC/Aamsa	01oHx
30	33	18		בַּ/כְּשָׂבִ֔ים	b/3775	HRd/Ncmpa	01ZMv
30	33	19		גָּנ֥וּב	1589	HVqsmsa	01dAV
30	33	20		ה֖וּא	1931	HPp3ms	017Qi
30	33	21		אִתִּֽ/י	854	HR/Sp1cs	01mVc
30	34	1		וַ/יֹּ֥אמֶר	c/559	HC/Vqw3ms	01tC8
30	34	2		לָבָ֖ן	3837 a	HNp	01zJU
30	34	3		הֵ֑ן	2005	HTm	011h9
30	34	4		ל֖וּ	3863	HC	016jK
30	34	5		יְהִ֥י	1961	HVqi3ms	01fq5
30	34	6		כִ/דְבָרֶֽ/ךָ	k/1697	HR/Ncmsc/Sp2ms	01YAf
30	35	1		וַ/יָּ֣סַר	c/5493	HC/Vhw3ms	01JN3
30	35	2		בַּ/יּוֹם֩	b/3117	HRd/Ncmsa	01PkH
30	35	3		הַ/ה֨וּא	d/1931	HTd/Pp3ms	01Grz
30	35	4		אֶת	853	HTo	01B4g
30	35	5		הַ/תְּיָשִׁ֜ים	d/8495	HTd/Ncmpa	01iHE
30	35	6		הָֽ/עֲקֻדִּ֣ים	d/6124	HTd/Aampa	01fWp
30	35	7		וְ/הַ/טְּלֻאִ֗ים	c/d/2921	HC/Td/Vqsmpa	01DvN
30	35	8		וְ/אֵ֤ת	c/853	HC/To	01KGp
30	35	9		כָּל	3605	HNcmsc	01vv7
30	35	10		הָֽ/עִזִּים֙	d/5795	HTd/Ncfpa	01TND
30	35	11		הַ/נְּקֻדּ֣וֹת	d/5348	HTd/Aafpa	01BGG
30	35	12		וְ/הַ/טְּלֻאֹ֔ת	c/d/2921	HC/Td/Vqsfpa	01LHR
30	35	13		כֹּ֤ל	3605	HNcmsa	01YxJ
30	35	14		אֲשֶׁר	834 a	HTr	01UZc
30	35	15		לָבָן֙	3836	HAamsa	01k6w
30	35	16		בּ֔/וֹ	b	HR/Sp3ms	01xyy
30	35	17		וְ/כָל	c/3605	HC/Ncmsc	01i2n
30	35	18		ח֖וּם	2345	HAamsa	01GLB
30	35	19		בַּ/כְּשָׂבִ֑ים	b/3775	HRd/Ncmpa	01qPH
30	35	20		וַ/יִּתֵּ֖ן	c/5414	HC/Vqw3ms	01Lim
30	35	21		בְּ/יַד	b/3027	HR/Ncbsc	01aJ7
30	35	22		בָּנָֽי/ו	1121 a	HNcmpc/Sp3ms	01AVZ
30	36	1		וַ/יָּ֗שֶׂם	c/7760 a	HC/Vqw3ms	01zTn
30	36	2		דֶּ֚רֶךְ	1870	HNcbsc	01XWC
30	36	3		שְׁלֹ֣שֶׁת	7969	HAcmsc	01VhA
30	36	4		יָמִ֔ים	3117	HNcmpa	01wXZ
30	36	5		בֵּינ֖/וֹ	996	HR/Sp3ms	0182U
30	36	6		וּ/בֵ֣ין	c/996	HC/R	01jqS
30	36	7		יַעֲקֹ֑ב	3290	HNp	01h3k
30	36	8		וְ/יַעֲקֹ֗ב	c/3290	HC/Np	01Xbd
30	36	9		רֹעֶ֛ה	7462 b	HVqrmsa	01iFm
30	36	10		אֶת	853	HTo	01s91
30	36	11		צֹ֥אן	6629	HNcbsc	01dmY
30	36	12		לָבָ֖ן	3837 a	HNp	01ciB
30	36	13		הַ/נּוֹתָרֹֽת	d/3498	HTd/VNrfpa	01n1C
30	37	1		וַ/יִּֽקַּֽח	c/3947	HC/Vqw3ms	012wC
30	37	2		ל֣/וֹ	l	HR/Sp3ms	01aky
30	37	3		יַעֲקֹ֗ב	3290	HNp	01uNF
30	37	4		מַקַּ֥ל	4731	HNcmsc	01T5T
30	37	5		לִבְנֶ֛ה	3839	HNcmsa	01bMN
30	37	6		לַ֖ח	3892	HAamsa	01XW1
30	37	7		וְ/ל֣וּז	c/3869	HC/Ncmsa	01PiX
30	37	8		וְ/עֶרְמ֑וֹן	c/6196	HC/Ncmsa	01xgg
30	37	9		וַ/יְפַצֵּ֤ל	c/6478	HC/Vpw3ms	01x7V
30	37	10		בָּ/הֵן֙	b	HR/Sp3fp	01MSk
30	37	11		פְּצָל֣וֹת	6479	HNcfpa	01Upg
30	37	12		לְבָנ֔וֹת	3836	HAafpa	01bCe
30	37	13		מַחְשֹׂף֙	4286	HNcmsc	01xu3
30	37	14		הַ/לָּבָ֔ן	d/3836	HTd/Aamsa	01E3m
30	37	15		אֲשֶׁ֖ר	834 a	HTr	017Ye
30	37	16		עַל	5921 a	HR	01JJj
30	37	17		הַ/מַּקְלֽוֹת	d/4731	HTd/Ncmpa	0197H
30	38	1		וַ/יַּצֵּ֗ג	c/3322	HC/Vhw3ms	01rKt
30	38	2		אֶת	853	HTo	01WbB
30	38	3		הַ/מַּקְלוֹת֙	d/4731	HTd/Ncmpa	01ek6
30	38	4		אֲשֶׁ֣ר	834 a	HTr	017NZ
30	38	5		פִּצֵּ֔ל	6478	HVpp3ms	01jak
30	38	6		בָּ/רֳהָטִ֖ים	b/7298 a	HRd/Ncmpa	01f6g
30	38	7		בְּ/שִֽׁקֲת֣וֹת	b/8268	HR/Ncfpc	012M8
30	38	8		הַ/מָּ֑יִם	d/4325	HTd/Ncmpa	01D6i
30	38	9		אֲשֶׁר֩	834 a	HTr	0186c
30	38	10		תָּבֹ֨אןָ	935	HVqi3fp	01AdD
30	38	11		הַ/צֹּ֤אן	d/6629	HTd/Ncbsa	01xh9
30	38	12		לִ/שְׁתּוֹת֙	l/8354	HR/Vqc	01obV
30	38	13		לְ/נֹ֣כַח	l/5227	HR/R	01RSi
30	38	14		הַ/צֹּ֔אן	d/6629	HTd/Ncbsa	01ESU
30	38	15		וַ/יֵּחַ֖מְנָה	c/3179	HC/Vqw3fp	01f6E
30	38	16		בְּ/בֹאָ֥/ן	b/935	HR/Vqc/Sp3fp	01dKZ
30	38	17		לִ/שְׁתּֽוֹת	l/8354	HR/Vqc	0196d
30	39	1		וַ/יֶּחֱמ֥וּ	c/3179	HC/Vqw3mp	01nF2
30	39	2		הַ/צֹּ֖אן	d/6629	HTd/Ncbsa	01yPq
30	39	3		אֶל	413	HR	01Epo
30	39	4		הַ/מַּקְל֑וֹת	d/4731	HTd/Ncmpa	011N2
30	39	5		וַ/תֵּלַ֣דְןָ	c/3205	HC/Vqw3fp	01GLd
30	39	6		הַ/צֹּ֔אן	d/6629	HTd/Ncbsa	01cyq
30	39	7		עֲקֻדִּ֥ים	6124	HAampa	01HS5
30	39	8		נְקֻדִּ֖ים	5348	HAampa	01w5m
30	39	9		וּ/טְלֻאִֽים	c/2921	HC/Vqsmpa	01igY
30	40	1		וְ/הַ/כְּשָׂבִים֮	c/d/3775	HC/Td/Ncmpa	01RRj
30	40	2		הִפְרִ֣יד	6504	HVhp3ms	01rFp
30	40	3		יַעֲקֹב֒	3290	HNp	01GYt
30	40	4		וַ֠/יִּתֵּן	c/5414	HC/Vqw3ms	017hh
30	40	5		פְּנֵ֨י	6440	HNcbpc	01SM6
30	40	6		הַ/צֹּ֧אן	d/6629	HTd/Ncbsa	017aJ
30	40	7		אֶל	413	HR	012XC
30	40	8		עָקֹ֛ד	6124	HAamsa	01g2n
30	40	9		וְ/כָל	c/3605	HC/Ncmsc	01BLL
30	40	10		ח֖וּם	2345	HAamsa	01jck
30	40	11		בְּ/צֹ֣אן	b/6629	HR/Ncbsc	01Mxs
30	40	12		לָבָ֑ן	3837 a	HNp	01y1n
30	40	13		וַ/יָּֽשֶׁת	c/7896	HC/Vqw3ms	01FQH
30	40	14		ל֤/וֹ	l	HR/Sp3ms	01Xv1
30	40	15		עֲדָרִים֙	5739	HNcmpa	01yTs
30	40	16		לְ/בַדּ֔/וֹ	l/905	HR/Ncmsc/Sp3ms	01ZN9
30	40	17		וְ/לֹ֥א	c/3808	HC/Tn	017wi
30	40	18		שָׁתָ֖/ם	7896	HVqp3ms/Sp3mp	01ogM
30	40	19		עַל	5921 a	HR	01sdY
30	40	20		צֹ֥אן	6629	HNcbsc	01Pzf
30	40	21		לָבָֽן	3837 a	HNp	01yH3
30	41	1		וְ/הָיָ֗ה	c/1961	HC/Vqp3ms	01BvR
30	41	2		בְּ/כָל	b/3605	HR/Ncmsc	01DR3
30	41	3		יַחֵם֮	3179	HVpc	01kGn
30	41	4		הַ/צֹּ֣אן	d/6629	HTd/Ncbsa	01cKf
30	41	5		הַ/מְקֻשָּׁרוֹת֒	d/7194	HTd/VPsfpa	019TP
30	41	6		וְ/שָׂ֨ם	c/7760 a	HC/Vqp3ms	01TMx
30	41	7		יַעֲקֹ֧ב	3290	HNp	01bXh
30	41	8		אֶת	853	HTo	017Fn
30	41	9		הַ/מַּקְל֛וֹת	d/4731	HTd/Ncmpa	01AQV
30	41	10		לְ/עֵינֵ֥י	l/5869 a	HR/Ncbdc	01BCT
30	41	11		הַ/צֹּ֖אן	d/6629	HTd/Ncbsa	01LiK
30	41	12		בָּ/רֳהָטִ֑ים	b/7298 a	HRd/Ncmpa	01wFq
30	41	13		לְ/יַחְמֵ֖/נָּה	l/3179	HR/Vpc/Sp3fs	01zLw
30	41	14		בַּ/מַּקְלֽוֹת	b/4731	HRd/Ncmpa	01URx
30	42	1		וּ/בְ/הַעֲטִ֥יף	c/b/5848 c	HC/R/Vhc	01ATR
30	42	2		הַ/צֹּ֖אן	d/6629	HTd/Ncbsa	01ijE
30	42	3		לֹ֣א	3808	HTn	01Qqf
30	42	4		יָשִׂ֑ים	7760 a	HVqi3ms	011nR
30	42	5		וְ/הָיָ֤ה	c/1961	HC/Vqp3ms	01tgJ
30	42	6		הָ/עֲטֻפִים֙	d/5848 c	HTd/Vqsmpa	01x83
30	42	7		לְ/לָבָ֔ן	l/3837 a	HR/Np	01VLP
30	42	8		וְ/הַ/קְּשֻׁרִ֖ים	c/d/7194	HC/Td/Vqsmpa	01na6
30	42	9		לְ/יַעֲקֹֽב	l/3290	HR/Np	01kSS
30	43	1		וַ/יִּפְרֹ֥ץ	c/6555	HC/Vqw3ms	011jD
30	43	2		הָ/אִ֖ישׁ	d/376	HTd/Ncmsa	01hM9
30	43	3		מְאֹ֣ד	3966	HD	01qkR
30	43	4		מְאֹ֑ד	3966	HD	01NvA
30	43	5		וַֽ/יְהִי	c/1961	HC/Vqw3ms	01z9v
30	43	6		ל/וֹ֙	l	HR/Sp3ms	01b9P
30	43	7		צֹ֣אן	6629	HNcbsa	01yca
30	43	8		רַבּ֔וֹת	7227 a	HAafpa	01DQu
30	43	9		וּ/שְׁפָחוֹת֙	c/8198	HC/Ncfpa	01BV5
30	43	10		וַ/עֲבָדִ֔ים	c/5650	HC/Ncmpa	01MVa
30	43	11		וּ/גְמַלִּ֖ים	c/1581	HC/Ncmpa	0141n
30	43	12		וַ/חֲמֹרִֽים	c/2543	HC/Ncbpa	012Yi
31	1	1		וַ/יִּשְׁמַ֗ע	c/8085	HC/Vqw3ms	01mJx
31	1	2		אֶת	853	HTo	01rKZ
31	1	3		דִּבְרֵ֤י	1697	HNcmpc	014Ku
31	1	4		בְנֵֽי	1121 a	HNcmpc	01HnY
31	1	5		לָבָן֙	3837 a	HNp	01Nnj
31	1	6		לֵ/אמֹ֔ר	l/559	HR/Vqc	01Dyy
31	1	7		לָקַ֣ח	3947	HVqp3ms	01VLw
31	1	8		יַעֲקֹ֔ב	3290	HNp	01RYc
31	1	9		אֵ֖ת	853	HTo	01ykL
31	1	10		כָּל	3605	HNcmsc	01rfL
31	1	11		אֲשֶׁ֣ר	834 a	HTr	01rHk
31	1	12		לְ/אָבִ֑י/נוּ	l/1	HR/Ncmsc/Sp1cp	01PZw
31	1	13		וּ/מֵ/אֲשֶׁ֣ר	c/m/834 c	HC/R/Tr	01C4q
31	1	14		לְ/אָבִ֔י/נוּ	l/1	HR/Ncmsc/Sp1cp	019HC
31	1	15		עָשָׂ֕ה	6213 a	HVqp3ms	01R3X
31	1	16		אֵ֥ת	853	HTo	01KTr
31	1	17		כָּל	3605	HNcmsc	01YZe
31	1	18		הַ/כָּבֹ֖ד	d/3519	HTd/Ncbsa	014m8
31	1	19		הַ/זֶּֽה	d/2088	HTd/Pdxms	01BGt
31	2	1		וַ/יַּ֥רְא	c/7200	HC/Vqw3ms	01BgE
31	2	2		יַעֲקֹ֖ב	3290	HNp	01gCg
31	2	3		אֶת	853	HTo	01mPj
31	2	4		פְּנֵ֣י	6440	HNcbpc	011Nd
31	2	5		לָבָ֑ן	3837 a	HNp	0146j
31	2	6		וְ/הִנֵּ֥ה	c/2009	HC/Tm	01tsB
31	2	7		אֵינֶ֛/נּוּ	369	HTn/Sp3ms	015jd
31	2	8		עִמּ֖/וֹ	5973 a	HR/Sp3ms	01TFy
31	2	9		כִּ/תְמ֥וֹל	k/8543	HR/D	01fMc
31	2	10		שִׁלְשֽׁוֹם	8032	HNcmsa	01PLL
31	3	1		וַ/יֹּ֤אמֶר	c/559	HC/Vqw3ms	01iYN
31	3	2		יְהוָה֙	3068	HNp	01xi7
31	3	3		אֶֽל	413	HR	01woV
31	3	4		יַעֲקֹ֔ב	3290	HNp	017By
31	3	5		שׁ֛וּב	7725	HVqv2ms	01P6c
31	3	6		אֶל	413	HR	019Jx
31	3	7		אֶ֥רֶץ	776	HNcbsc	015X3
31	3	8		אֲבוֹתֶ֖י/ךָ	1	HNcmpc/Sp2ms	01j5o
31	3	9		וּ/לְ/מוֹלַדְתֶּ֑/ךָ	c/l/4138	HC/R/Ncfsc/Sp2ms	013Nf
31	3	10		וְ/אֶֽהְיֶ֖ה	c/1961	HC/Vqi1cs	01QFD
31	3	11		עִמָּֽ/ךְ	5973 a	HR/Sp2fs	018rg
31	4	1		וַ/יִּשְׁלַ֣ח	c/7971	HC/Vqw3ms	01rWH
31	4	2		יַעֲקֹ֔ב	3290	HNp	01Gxy
31	4	3		וַ/יִּקְרָ֖א	c/7121	HC/Vqw3ms	01t2S
31	4	4		לְ/רָחֵ֣ל	l/7354	HR/Np	01iyQ
31	4	5		וּ/לְ/לֵאָ֑ה	c/l/3812	HC/R/Np	01MSm
31	4	6		הַ/שָּׂדֶ֖ה	d/7704 b	HTd/Ncmsa	01pXS
31	4	7		אֶל	413	HR	01Qpu
31	4	8		צֹאנֽ/וֹ	6629	HNcbsc/Sp3ms	01j5m
31	5	1		וַ/יֹּ֣אמֶר	c/559	HC/Vqw3ms	018kU
31	5	2		לָ/הֶ֗ן	l	HR/Sp3fp	01c1r
31	5	3		רֹאֶ֤ה	7200	HVqrmsa	01qBE
31	5	4		אָנֹכִי֙	595	HPp1cs	01LSn
31	5	5		אֶת	853	HTo	01PGo
31	5	6		פְּנֵ֣י	6440	HNcbpc	01GSv
31	5	7		אֲבִי/כֶ֔ן	1	HNcmsc/Sp2fp	01Rpm
31	5	8		כִּֽי	3588 a	HC	013rf
31	5	9		אֵינֶ֥/נּוּ	369	HTn/Sp3ms	013Dh
31	5	10		אֵלַ֖/י	413	HR/Sp1cs	01G1r
31	5	11		כִּ/תְמֹ֣ל	k/8543	HR/D	01rgP
31	5	12		שִׁלְשֹׁ֑ם	8032	HNcmsa	01Nye
31	5	13		וֵֽ/אלֹהֵ֣י	c/430	HC/Ncmpc	01qDK
31	5	14		אָבִ֔/י	1	HNcmsc/Sp1cs	01mNM
31	5	15		הָיָ֖ה	1961	HVqp3ms	01aUJ
31	5	16		עִמָּדִֽ/י	5978	HR/Sp1cs	01Bzp
31	6	1		וְ/אַתֵּ֖נָה	c/859 e	HC/Pp2fp	01PTZ
31	6	2		יְדַעְתֶּ֑ן	3045	HVqp2fp	01f9o
31	6	3		כִּ֚י	3588 a	HC	01rgD
31	6	4		בְּ/כָל	b/3605	HR/Ncmsc	01icP
31	6	5		כֹּחִ֔/י	3581 b	HNcmsc/Sp1cs	01bSH
31	6	6		עָבַ֖דְתִּי	5647	HVqp1cs	01hj7
31	6	7		אֶת	853	HTo	01xYD
31	6	8		אֲבִי/כֶֽן	1	HNcmsc/Sp2fp	01Y15
31	7	1		וַ/אֲבִי/כֶן֙	c/1	HC/Ncmsc/Sp2fp	017YH
31	7	2		הֵ֣תֶל	2048 b	HVhp3ms	01Scg
31	7	3		בִּ֔/י	b	HR/Sp1cs	01VfY
31	7	4		וְ/הֶחֱלִ֥ף	c/2498	HC/Vhp3ms	013CP
31	7	5		אֶת	853	HTo	01JCV
31	7	6		מַשְׂכֻּרְתִּ֖/י	4909	HNcfsc/Sp1cs	01kSK
31	7	7		עֲשֶׂ֣רֶת	6235	HAcmsc	01Dw8
31	7	8		מֹנִ֑ים	4489	HNcmpa	01v1s
31	7	9		וְ/לֹֽא	c/3808	HC/Tn	01Hhz
31	7	10		נְתָנ֣/וֹ	5414	HVqp3ms/Sp3ms	016Hr
31	7	11		אֱלֹהִ֔ים	430	HNcmpa	01NqA
31	7	12		לְ/הָרַ֖ע	l/7489 a	HR/Vhc	01HkK
31	7	13		עִמָּדִֽ/י	5978	HR/Sp1cs	014Zh
31	8	1		אִם	518 a	HC	01UKL
31	8	2		כֹּ֣ה	3541	HD	01bmQ
31	8	3		יֹאמַ֗ר	559	HVqi3ms	01cnL
31	8	4		נְקֻדִּים֙	5348	HAampa	01qKP
31	8	5		יִהְיֶ֣ה	1961	HVqi3ms	01d72
31	8	6		שְׂכָרֶ֔/ךָ	7939	HNcmsc/Sp2ms	01qar
31	8	7		וְ/יָלְד֥וּ	c/3205	HC/Vqp3cp	01mtE
31	8	8		כָל	3605	HNcmsc	01g4z
31	8	9		הַ/צֹּ֖אן	d/6629	HTd/Ncbsa	01F3a
31	8	10		נְקֻדִּ֑ים	5348	HAampa	01XA9
31	8	11		וְ/אִם	c/518 a	HC/C	01YNp
31	8	12		כֹּ֣ה	3541	HD	01uv1
31	8	13		יֹאמַ֗ר	559	HVqi3ms	01eSy
31	8	14		עֲקֻדִּים֙	6124	HAampa	01LpX
31	8	15		יִהְיֶ֣ה	1961	HVqi3ms	01H7X
31	8	16		שְׂכָרֶ֔/ךָ	7939	HNcmsc/Sp2ms	01hho
31	8	17		וְ/יָלְד֥וּ	c/3205	HC/Vqp3cp	01VDX
31	8	18		כָל	3605	HNcmsc	01Agw
31	8	19		הַ/צֹּ֖אן	d/6629	HTd/Ncbsa	01D9a
31	8	20		עֲקֻדִּֽים	6124	HAampa	0114w
31	9	1		וַ/יַּצֵּ֧ל	c/5337	HC/Vhw3ms	01bNf
31	9	2		אֱלֹהִ֛ים	430	HNcmpa	01gYW
31	9	3		אֶת	853	HTo	01Qaz
31	9	4		מִקְנֵ֥ה	4735	HNcmsc	01XEF
31	9	5		אֲבִי/כֶ֖ם	1	HNcmsc/Sp2mp	01a6y
31	9	6		וַ/יִּתֶּן	c/5414	HC/Vqw3ms	01d4Q
31	9	7		לִֽ/י	l	HR/Sp1cs	01RAm
31	10	1		וַ/יְהִ֗י	c/1961	HC/Vqw3ms	01zc4
31	10	2		בְּ/עֵת֙	b/6256	HR/Ncbsc	01EkK
31	10	3		יַחֵ֣ם	3179	HVpc	01poA
31	10	4		הַ/צֹּ֔אן	d/6629	HTd/Ncbsa	01FCZ
31	10	5		וָ/אֶשָּׂ֥א	c/5375	HC/Vqw1cs	01FaN
31	10	6		עֵינַ֛/י	5869 a	HNcbdc/Sp1cs	012DZ
31	10	7		וָ/אֵ֖רֶא	c/7200	HC/Vqw1cs	01VnW
31	10	8		בַּ/חֲל֑וֹם	b/2472	HR/Ncmsa	01cjd
31	10	9		וְ/הִנֵּ֤ה	c/2009	HC/Tm	01hd3
31	10	10		הָֽ/עַתֻּדִים֙	d/6260	HTd/Ncmpa	01jNC
31	10	11		הָ/עֹלִ֣ים	d/5927	HTd/Vqrmpa	01R7V
31	10	12		עַל	5921 a	HR	01aQZ
31	10	13		הַ/צֹּ֔אן	d/6629	HTd/Ncbsa	015D3
31	10	14		עֲקֻדִּ֥ים	6124	HAampa	01Yp2
31	10	15		נְקֻדִּ֖ים	5348	HAampa	01Amn
31	10	16		וּ/בְרֻדִּֽים	c/1261	HC/Aampa	01CHp
31	11	1		וַ/יֹּ֨אמֶר	c/559	HC/Vqw3ms	01AN6
31	11	2		אֵלַ֜/י	413	HR/Sp1cs	01TQs
31	11	3		מַלְאַ֧ךְ	4397	HNcmsc	015in
31	11	4		הָ/אֱלֹהִ֛ים	d/430	HTd/Ncmpa	01QTE
31	11	5		בַּ/חֲל֖וֹם	b/2472	HR/Ncmsa	01daV
31	11	6		יַֽעֲקֹ֑ב	3290	HNp	018wV
31	11	7		וָ/אֹמַ֖ר	c/559	HC/Vqw1cs	01Sk9
31	11	8		הִנֵּֽנִ/י	2009	HTm/Sp1cs	0162N
31	12	1		וַ/יֹּ֗אמֶר	c/559	HC/Vqw3ms	01ZWz
31	12	2		שָׂא	5375	HVqv2ms	01yba
31	12	3		נָ֨א	4994	HTe	0158m
31	12	4		עֵינֶ֤י/ךָ	5869 a	HNcbdc/Sp2ms	01x9t
31	12	5		וּ/רְאֵה֙	c/7200	HC/Vqv2ms	01dSi
31	12	6		כָּל	3605	HNcmsc	01UJt
31	12	7		הָֽ/עַתֻּדִים֙	d/6260	HTd/Ncmpa	01juE
31	12	8		הָ/עֹלִ֣ים	d/5927	HTd/Vqrmpa	01o4w
31	12	9		עַל	5921 a	HR	01ZHi
31	12	10		הַ/צֹּ֔אן	d/6629	HTd/Ncbsa	01DpP
31	12	11		עֲקֻדִּ֥ים	6124	HAampa	01LMT
31	12	12		נְקֻדִּ֖ים	5348	HAampa	01Bc2
31	12	13		וּ/בְרֻדִּ֑ים	c/1261	HC/Aampa	01f8R
31	12	14		כִּ֣י	3588 a	HC	01Xr3
31	12	15		רָאִ֔יתִי	7200	HVqp1cs	01xz2
31	12	16		אֵ֛ת	853	HTo	01Hu6
31	12	17		כָּל	3605	HNcmsc	01dfS
31	12	18		אֲשֶׁ֥ר	834 a	HTr	01muy
31	12	19		לָבָ֖ן	3837 a	HNp	01eya
31	12	20		עֹ֥שֶׂה	6213 a	HVqrmsa	01fHZ
31	12	21		לָּֽ/ךְ	l	HR/Sp2fs	01cij
31	13	1		אָנֹכִ֤י	595	HPp1cs	01VwD
31	13	2		הָ/אֵל֙	d/410	HTd/Ncmsa	019JM
31	13	3		בֵּֽית	1008+	HNp	01Nf4
31	13	4		אֵ֔ל	1008	HNp	01znJ
31	13	5		אֲשֶׁ֨ר	834 a	HTr	01f4t
31	13	6		מָשַׁ֤חְתָּ	4886	HVqp2ms	01jH9
31	13	7		שָּׁם֙	8033	HD	01Vjf
31	13	8		מַצֵּבָ֔ה	4676	HNcfsa	01Kr7
31	13	9		אֲשֶׁ֨ר	834 a	HTr	01aXz
31	13	10		נָדַ֥רְתָּ	5087	HVqp2ms	01TDg
31	13	11		לִּ֛/י	l	HR/Sp1cs	01FJD
31	13	12		שָׁ֖ם	8033	HD	01jd4
31	13	13		נֶ֑דֶר	5088	HNcmsa	01m3C
31	13	14		עַתָּ֗ה	6258	HD	01tjP
31	13	15		ק֥וּם	6965 b	HVqv2ms	01BUi
31	13	16		צֵא֙	3318	HVqv2ms	01U86
31	13	17		מִן	4480 a	HR	01hZ1
31	13	18		הָ/אָ֣רֶץ	d/776	HTd/Ncbsa	01e69
31	13	19		הַ/זֹּ֔את	d/2063	HTd/Pdxfs	01v5q
31	13	20		וְ/שׁ֖וּב	c/7725	HC/Vqv2ms	01oQU
31	13	21		אֶל	413	HR	01u75
31	13	22		אֶ֥רֶץ	776	HNcbsc	01JqQ
31	13	23		מוֹלַדְתֶּֽ/ךָ	4138	HNcfsc/Sp2ms	01arY
31	14	1		וַ/תַּ֤עַן	c/6030 b	HC/Vqw3fs	01VUs
31	14	2		רָחֵל֙	7354	HNp	01i6g
31	14	3		וְ/לֵאָ֔ה	c/3812	HC/Np	01QHk
31	14	4		וַ/תֹּאמַ֖רְנָה	c/559	HC/Vqw3fp	01SyG
31	14	5		ל֑/וֹ	l	HR/Sp3ms	01ZQ8
31	14	6		הַ/ע֥וֹד	i/5750	HTi/D	01kyp
31	14	7		לָ֛/נוּ	l	HR/Sp1cp	01W2W
31	14	8		חֵ֥לֶק	2506 a	HNcmsa	01Q7w
31	14	9		וְ/נַחֲלָ֖ה	c/5159	HC/Ncfsa	01CgJ
31	14	10		בְּ/בֵ֥ית	b/1004 b	HR/Ncmsc	01AoW
31	14	11		אָבִֽי/נוּ	1	HNcmsc/Sp1cp	01Ct5
31	15	1		הֲ/ל֧וֹא	i/3808	HTi/Tn	01XEV
31	15	2		נָכְרִיּ֛וֹת	5237	HAafpa	01Yik
31	15	3		נֶחְשַׁ֥בְנוּ	2803	HVNp1cp	012f6
31	15	4		ל֖/וֹ	l	HR/Sp3ms	01Ff8
31	15	5		כִּ֣י	3588 a	HC	01d7j
31	15	6		מְכָרָ֑/נוּ	4376	HVqp3ms/Sp1cp	01WmZ
31	15	7		וַ/יֹּ֥אכַל	c/398	HC/Vqw3ms	01DaS
31	15	8		גַּם	1571	HTa	013mn
31	15	9		אָכ֖וֹל	398	HVqa	01n7f
31	15	10		אֶת	853	HTo	01ntY
31	15	11		כַּסְפֵּֽ/נוּ	3701	HNcmsc/Sp1cp	01nfo
31	16	1		כִּ֣י	3588 a	HC	01GRL
31	16	2		כָל	3605	HNcmsc	01ETt
31	16	3		הָ/עֹ֗שֶׁר	d/6239	HTd/Ncmsa	01ftK
31	16	4		אֲשֶׁ֨ר	834 a	HTr	01tny
31	16	5		הִצִּ֤יל	5337	HVhp3ms	01wmu
31	16	6		אֱלֹהִים֙	430	HNcmpa	01gVg
31	16	7		מֵֽ/אָבִ֔י/נוּ	m/1	HR/Ncmsc/Sp1cp	016ug
31	16	8		לָ֥/נוּ	l	HR/Sp1cp	01fmV
31	16	9		ה֖וּא	1931	HPp3ms	014Df
31	16	10		וּ/לְ/בָנֵ֑י/נוּ	c/l/1121 a	HC/R/Ncmpc/Sp1cp	01pGZ
31	16	11		וְ/עַתָּ֗ה	c/6258	HC/D	01zgN
31	16	12		כֹּל֩	3605	HNcmsa	01v7R
31	16	13		אֲשֶׁ֨ר	834 a	HTr	01Eav
31	16	14		אָמַ֧ר	559	HVqp3ms	01QKX
31	16	15		אֱלֹהִ֛ים	430	HNcmpa	016zX
31	16	16		אֵלֶ֖י/ךָ	413	HR/Sp2ms	01DX5
31	16	17		עֲשֵֽׂה	6213 a	HVqv2ms	01HFz
31	17	1		וַ/יָּ֖קָם	c/6965 b	HC/Vqw3ms	01XNQ
31	17	2		יַעֲקֹ֑ב	3290	HNp	01YRQ
31	17	3		וַ/יִּשָּׂ֛א	c/5375	HC/Vqw3ms	01BbK
31	17	4		אֶת	853	HTo	011m9
31	17	5		בָּנָ֥י/ו	1121 a	HNcmpc/Sp3ms	01Ed6
31	17	6		וְ/אֶת	c/853	HC/To	01VoX
31	17	7		נָשָׁ֖י/ו	802	HNcfpc/Sp3ms	01tir
31	17	8		עַל	5921 a	HR	01oSY
31	17	9		הַ/גְּמַלִּֽים	d/1581	HTd/Ncmpa	019gC
31	18	1		וַ/יִּנְהַ֣ג	c/5090 a	HC/Vqw3ms	01Vej
31	18	2		אֶת	853	HTo	019Nh
31	18	3		כָּל	3605	HNcmsc	019oc
31	18	4		מִקְנֵ֗/הוּ	4735	HNcmsc/Sp3ms	01chi
31	18	5		וְ/אֶת	c/853	HC/To	016FT
31	18	6		כָּל	3605	HNcmsc	014Uv
31	18	7		רְכֻשׁ/וֹ֙	7399	HNcmsc/Sp3ms	01xju
31	18	8		אֲשֶׁ֣ר	834 a	HTr	01G4G
31	18	9		רָכָ֔שׁ	7408	HVqp3ms	01gNn
31	18	10		מִקְנֵה֙	4735	HNcmsc	01TFj
31	18	11		קִנְיָנ֔/וֹ	7075	HNcmsc/Sp3ms	01LTX
31	18	12		אֲשֶׁ֥ר	834 a	HTr	01mhU
31	18	13		רָכַ֖שׁ	7408	HVqp3ms	012RS
31	18	14		בְּ/פַדַּ֣ן	b/6307+	HR/Np	01Tiq
31	18	15		אֲרָ֑ם	6307	HNp	01WAL
31	18	16		לָ/ב֛וֹא	l/935	HR/Vqc	01D2o
31	18	17		אֶל	413	HR	01xWu
31	18	18		יִצְחָ֥ק	3327	HNp	01JGx
31	18	19		אָבִ֖י/ו	1	HNcmsc/Sp3ms	01uah
31	18	20		אַ֥רְצָ/ה	776	HNcbsc/Sd	01gdU
31	18	21		כְּנָֽעַן	3667 a	HNp	01S7k
31	19	1		וְ/לָבָ֣ן	c/3837 a	HC/Np	01ByK
31	19	2		הָלַ֔ךְ	1980	HVqp3ms	01En4
31	19	3		לִ/גְזֹ֖ז	l/1494	HR/Vqc	01iuX
31	19	4		אֶת	853	HTo	01PDW
31	19	5		צֹאנ֑/וֹ	6629	HNcbsc/Sp3ms	012bn
31	19	6		וַ/תִּגְנֹ֣ב	c/1589	HC/Vqw3fs	01Ny1
31	19	7		רָחֵ֔ל	7354	HNp	01nAm
31	19	8		אֶת	853	HTo	01Rwt
31	19	9		הַ/תְּרָפִ֖ים	d/8655	HTd/Ncmpa	01mP1
31	19	10		אֲשֶׁ֥ר	834 a	HTr	01Trx
31	19	11		לְ/אָבִֽי/הָ	l/1	HR/Ncmsc/Sp3fs	01dEZ
31	20	1		וַ/יִּגְנֹ֣ב	c/1589	HC/Vqw3ms	01VQ3
31	20	2		יַעֲקֹ֔ב	3290	HNp	016eP
31	20	3		אֶת	853	HTo	01K5p
31	20	4		לֵ֥ב	3820 a	HNcmsc	01Cuc
31	20	5		לָבָ֖ן	3837 a	HNp	01rvt
31	20	6		הָ/אֲרַמִּ֑י	d/761	HTd/Ngmsa	01Mra
31	20	7		עַל	5921 a	HR	01YAJ
31	20	8		בְּלִי֙	1097	HTn	01HYD
31	20	9		הִגִּ֣יד	5046	HVhp3ms	01HMG
31	20	10		ל֔/וֹ	l	HR/Sp3ms	01Dn8
31	20	11		כִּ֥י	3588 a	HC	018MC
31	20	12		בֹרֵ֖חַ	1272	HVqrmsa	01y7d
31	20	13		הֽוּא	1931	HPp3ms	01gWH
31	21	1		וַ/יִּבְרַ֥ח	c/1272	HC/Vqw3ms	01Rya
31	21	2		הוּא֙	1931	HPp3ms	01dgS
31	21	3		וְ/כָל	c/3605	HC/Ncmsc	01geM
31	21	4		אֲשֶׁר	834 a	HTr	01nNC
31	21	5		ל֔/וֹ	l	HR/Sp3ms	01MKZ
31	21	6		וַ/יָּ֖קָם	c/6965 b	HC/Vqw3ms	01S7L
31	21	7		וַ/יַּעֲבֹ֣ר	c/5674 a	HC/Vqw3ms	01uSA
31	21	8		אֶת	853	HTo	012Sm
31	21	9		הַ/נָּהָ֑ר	d/5104	HTd/Ncmsa	01crF
31	21	10		וַ/יָּ֥שֶׂם	c/7760 a	HC/Vqw3ms	01Qd4
31	21	11		אֶת	853	HTo	01oSi
31	21	12		פָּנָ֖י/ו	6440	HNcbpc/Sp3ms	01QW4
31	21	13		הַ֥ר	2022	HNcmsc	01ChQ
31	21	14		הַ/גִּלְעָֽד	d/1568	HTd/Np	01imi
31	22	1		וַ/יֻּגַּ֥ד	c/5046	HC/VHw3ms	01gid
31	22	2		לְ/לָבָ֖ן	l/3837 a	HR/Np	01s66
31	22	3		בַּ/יּ֣וֹם	b/3117	HRd/Ncmsa	01j4v
31	22	4		הַ/שְּׁלִישִׁ֑י	d/7992	HTd/Aomsa	01GtU
31	22	5		כִּ֥י	3588 a	HC	01T9e
31	22	6		בָרַ֖ח	1272	HVqp3ms	01juh
31	22	7		יַעֲקֹֽב	3290	HNp	01PfM
31	23	1		וַ/יִּקַּ֤ח	c/3947	HC/Vqw3ms	01QSR
31	23	2		אֶת	853	HTo	01sZ1
31	23	3		אֶחָי/ו֙	251	HNcmpc/Sp3ms	01aVJ
31	23	4		עִמּ֔/וֹ	5973 a	HR/Sp3ms	01mh8
31	23	5		וַ/יִּרְדֹּ֣ף	c/7291	HC/Vqw3ms	01QYR
31	23	6		אַחֲרָ֔י/ו	310 a	HR/Sp3ms	01t4w
31	23	7		דֶּ֖רֶךְ	1870	HNcbsc	011E8
31	23	8		שִׁבְעַ֣ת	7651	HAcmsc	01gzn
31	23	9		יָמִ֑ים	3117	HNcmpa	01JxX
31	23	10		וַ/יַּדְבֵּ֥ק	c/1692	HC/Vhw3ms	01QBX
31	23	11		אֹת֖/וֹ	853	HTo/Sp3ms	01Kqe
31	23	12		בְּ/הַ֥ר	b/2022	HR/Ncmsc	01TpL
31	23	13		הַ/גִּלְעָֽד	d/1568	HTd/Np	01fUh
31	24	1		וַ/יָּבֹ֧א	c/935	HC/Vqw3ms	01tSo
31	24	2		אֱלֹהִ֛ים	430	HNcmpa	01T22
31	24	3		אֶל	413	HR	016AM
31	24	4		לָבָ֥ן	3837 a	HNp	01NVJ
31	24	5		הָ/אֲרַמִּ֖י	d/761	HTd/Ngmsa	011SB
31	24	6		בַּ/חֲלֹ֣ם	b/2472	HR/Ncmsa	01djB
31	24	7		הַ/לָּ֑יְלָה	d/3915	HTd/Ncmsa	01Btk
31	24	8		וַ/יֹּ֣אמֶר	c/559	HC/Vqw3ms	01paa
31	24	9		ל֗/וֹ	l	HR/Sp3ms	01pEi
31	24	10		הִשָּׁ֧מֶר	8104	HVNv2ms	01Smk
31	24	11		לְ/ךָ֛	l	HR/Sp2ms	01xVw
31	24	12		פֶּן	6435	HC	01b8w
31	24	13		תְּדַבֵּ֥ר	1696	HVpi2ms	014fw
31	24	14		עִֽם	5973 a	HR	01Q5r
31	24	15		יַעֲקֹ֖ב	3290	HNp	01fR5
31	24	16		מִ/טּ֥וֹב	m/2896 a	HR/Aamsa	01cJn
31	24	17		עַד	5704	HR	01Jgv
31	24	18		רָֽע	7451 a	HAamsa	01JLY
31	25	1		וַ/יַּשֵּׂ֥ג	c/5381	HC/Vhw3ms	01q52
31	25	2		לָבָ֖ן	3837 a	HNp	01KmV
31	25	3		אֶֽת	853	HTo	01zSj
31	25	4		יַעֲקֹ֑ב	3290	HNp	01qkb
31	25	5		וְ/יַעֲקֹ֗ב	c/3290	HC/Np	01iBK
31	25	6		תָּקַ֤ע	8628	HVqp3ms	01fr8
31	25	7		אֶֽת	853	HTo	01fXL
31	25	8		אָהֳל/וֹ֙	168	HNcmsc/Sp3ms	01mcQ
31	25	9		בָּ/הָ֔ר	b/2022	HRd/Ncmsa	01mTu
31	25	10		וְ/לָבָ֛ן	c/3837 a	HC/Np	01rCU
31	25	11		תָּקַ֥ע	8628	HVqp3ms	01GBo
31	25	12		אֶת	854	HR	01eGq
31	25	13		אֶחָ֖י/ו	251	HNcmpc/Sp3ms	01Wfq
31	25	14		בְּ/הַ֥ר	b/2022	HR/Ncmsc	01dJF
31	25	15		הַ/גִּלְעָֽד	d/1568	HTd/Np	015hw
31	26	1		וַ/יֹּ֤אמֶר	c/559	HC/Vqw3ms	018PJ
31	26	2		לָבָן֙	3837 a	HNp	01HKL
31	26	3		לְ/יַעֲקֹ֔ב	l/3290	HR/Np	01NPw
31	26	4		מֶ֣ה	4100	HTi	015yE
31	26	5		עָשִׂ֔יתָ	6213 a	HVqp2ms	01woe
31	26	6		וַ/תִּגְנֹ֖ב	c/1589	HC/Vqw2ms	01A5D
31	26	7		אֶת	853	HTo	01yLN
31	26	8		לְבָבִ֑/י	3824	HNcmsc/Sp1cs	01VNd
31	26	9		וַ/תְּנַהֵג֙	c/5090 a	HC/Vpw2ms	01sCy
31	26	10		אֶת	853	HTo	01zMA
31	26	11		בְּנֹתַ֔/י	1323	HNcfpc/Sp1cs	01JkC
31	26	12		כִּ/שְׁבֻי֖וֹת	k/7617	HR/Vqsfpc	01oFg
31	26	13		חָֽרֶב	2719	HNcfsa	01YFY
31	27	1		לָ֤/מָּה	l/4100	HR/Ti	01rmc
31	27	2		נַחְבֵּ֨אתָ֙	2244	HVNp2ms	01nx9
31	27	3		לִ/בְרֹ֔חַ	l/1272	HR/Vqc	01hDq
31	27	4		וַ/תִּגְנֹ֖ב	c/1589	HC/Vqw2ms	015sa
31	27	5		אֹתִ֑/י	853	HTo/Sp1cs	01XfJ
31	27	6		וְ/לֹא	c/3808	HC/Tn	01Vtx
31	27	7		הִגַּ֣דְתָּ	5046	HVhp2ms	01EZc
31	27	8		לִּ֔/י	l	HR/Sp1cs	01X68
31	27	9		וָֽ/אֲשַׁלֵּחֲ/ךָ֛	c/7971	HC/Vpi1cs/Sp2ms	01b7J
31	27	10		בְּ/שִׂמְחָ֥ה	b/8057	HR/Ncfsa	018ii
31	27	11		וּ/בְ/שִׁרִ֖ים	c/b/7892 a	HC/R/Ncbpa	01WYG
31	27	12		בְּ/תֹ֥ף	b/8596	HR/Ncmsa	013FB
31	27	13		וּ/בְ/כִנּֽוֹר	c/b/3658	HC/R/Ncmsa	01nqa
31	28	1		וְ/לֹ֣א	c/3808	HC/Tn	01MbE
31	28	2		נְטַשְׁתַּ֔/נִי	5203	HVqp2ms/Sp1cs	01j4K
31	28	3		לְ/נַשֵּׁ֥ק	l/5401 a	HR/Vpc	01sQH
31	28	4		לְ/בָנַ֖/י	l/1121 a	HR/Ncmpc/Sp1cs	01FMR
31	28	5		וְ/לִ/בְנֹתָ֑/י	c/l/1323	HC/R/Ncfpc/Sp1cs	01oST
31	28	6		עַתָּ֖ה	6258	HD	01FS3
31	28	7		הִסְכַּ֥לְתָּֽ	5528	HVhp2ms	01oHM
31	28	8		עֲשֽׂוֹ	6213 a	HVqc	01Fz7
31	29	1		יֶשׁ	3426	HTm	01MNm
31	29	2		לְ/אֵ֣ל	l/410	HR/Ncmsc	015qX
31	29	3		יָדִ֔/י	3027	HNcbsc/Sp1cs	01zFj
31	29	4		לַ/עֲשׂ֥וֹת	l/6213 a	HR/Vqc	01JGy
31	29	5		עִמָּ/כֶ֖ם	5973 a	HR/Sp2mp	01Bbt
31	29	6		רָ֑ע	7451 b	HAamsa	01Cqk
31	29	7		וֵֽ/אלֹהֵ֨י	c/430	HC/Ncmpc	01Mu8
31	29	8		אֲבִי/כֶ֜ם	1	HNcmsc/Sp2mp	01kJu
31	29	9		אֶ֣מֶשׁ	570	HD	013VV
31	29	10		אָמַ֧ר	559	HVqp3ms	01yH2
31	29	11		אֵלַ֣/י	413	HR/Sp1cs	01xfs
31	29	12		לֵ/אמֹ֗ר	l/559	HR/Vqc	01TB9
31	29	13		הִשָּׁ֧מֶר	8104	HVNv2ms	01iDc
31	29	14		לְ/ךָ֛	l	HR/Sp2ms	01rFV
31	29	15		מִ/דַּבֵּ֥ר	m/1696	HR/Vpc	01CXE
31	29	16		עִֽם	5973 a	HR	01F4V
31	29	17		יַעֲקֹ֖ב	3290	HNp	01SnB
31	29	18		מִ/טּ֥וֹב	m/2896 a	HR/Aamsa	01oJi
31	29	19		עַד	5704	HR	01UDf
31	29	20		רָֽע	7451 a	HAamsa	01UT7
31	30	1		וְ/עַתָּה֙	c/6258	HC/D	01UDV
31	30	2		הָלֹ֣ךְ	1980	HVqa	01q6B
31	30	3		הָלַ֔כְתָּ	1980	HVqp2ms	017HP
31	30	4		כִּֽי	3588 a	HC	01e3Z
31	30	5		נִכְסֹ֥ף	3700	HVNa	01YGM
31	30	6		נִכְסַ֖פְתָּה	3700	HVNp2ms	013K7
31	30	7		לְ/בֵ֣ית	l/1004 b	HR/Ncmsc	01oMc
31	30	8		אָבִ֑י/ךָ	1	HNcmsc/Sp2ms	017Dh
31	30	9		לָ֥/מָּה	l/4100	HR/Ti	01fbz
31	30	10		גָנַ֖בְתָּ	1589	HVqp2ms	01taF
31	30	11		אֶת	853	HTo	01agf
31	30	12		אֱלֹהָֽ/י	430	HNcmpc/Sp1cs	01asz
31	31	1		וַ/יַּ֥עַן	c/6030 b	HC/Vqw3ms	01FT9
31	31	2		יַעֲקֹ֖ב	3290	HNp	01Ajr
31	31	3		וַ/יֹּ֣אמֶר	c/559	HC/Vqw3ms	01F41
31	31	4		לְ/לָבָ֑ן	l/3837 a	HR/Np	01cHK
31	31	5		כִּ֣י	3588 a	HC	01grS
31	31	6		יָרֵ֔אתִי	3372	HVqp1cs	01WmE
31	31	7		כִּ֣י	3588 a	HC	01Vaw
31	31	8		אָמַ֔רְתִּי	559	HVqp1cs	01rJk
31	31	9		פֶּן	6435	HC	01sQu
31	31	10		תִּגְזֹ֥ל	1497	HVqi2ms	016BN
31	31	11		אֶת	853	HTo	01q5f
31	31	12		בְּנוֹתֶ֖י/ךָ	1323	HNcfpc/Sp2ms	01WjT
31	31	13		מֵ/עִמִּֽ/י	m/5973 b	HR/R/Sp1cs	01EJ4
31	32	1		עִ֠ם	5973 a	HR	01rQk
31	32	2		אֲשֶׁ֨ר	834 a	HTr	01Uia
31	32	3		תִּמְצָ֣א	4672	HVqi2ms	01a3z
31	32	4		אֶת	853	HTo	01r2a
31	32	5		אֱלֹהֶי/ךָ֮	430	HNcmpc/Sp2ms	01cS2
31	32	6		לֹ֣א	3808	HTn	012UF
31	32	7		יִֽחְיֶה֒	2421	HVqi3ms	01eVH
31	32	8		נֶ֣גֶד	5048	HR	01gdC
31	32	9		אַחֵ֧י/נוּ	251	HNcmpc/Sp1cp	01Lmc
31	32	10		הַֽכֶּר	5234 a	HVhv2ms	01kwR
31	32	11		לְ/ךָ֛	l	HR/Sp2ms	01SY7
31	32	12		מָ֥ה	4100	HTi	01CQq
31	32	13		עִמָּדִ֖/י	5978	HR/Sp1cs	01Aca
31	32	14		וְ/קַֽח	c/3947	HC/Vqv2ms	01GfN
31	32	15		לָ֑/ךְ	l	HR/Sp2fs	01iQ1
31	32	16		וְ/לֹֽא	c/3808	HC/Tn	01GfH
31	32	17		יָדַ֣ע	3045	HVqp3ms	01Lkk
31	32	18		יַעֲקֹ֔ב	3290	HNp	01tUT
31	32	19		כִּ֥י	3588 a	HC	0166F
31	32	20		רָחֵ֖ל	7354	HNp	01izu
31	32	21		גְּנָבָֽתַ/ם	1589	HVqp3fs/Sp3mp	013d8
31	33	1		וַ/יָּבֹ֨א	c/935	HC/Vqw3ms	01zsu
31	33	2		לָבָ֜ן	3837 a	HNp	016wr
31	33	3		בְּ/אֹ֥הֶל	b/168	HR/Ncmsc	016sU
31	33	4		יַעֲקֹ֣ב	3290	HNp	01DrQ
31	33	5		וּ/בְ/אֹ֣הֶל	c/b/168	HC/R/Ncmsc	01ndU
31	33	6		לֵאָ֗ה	3812	HNp	01D7Y
31	33	7		וּ/בְ/אֹ֛הֶל	c/b/168	HC/R/Ncmsc	01M8q
31	33	8		שְׁתֵּ֥י	8147	HAcfdc	01mZR
31	33	9		הָ/אֲמָהֹ֖ת	d/519	HTd/Ncfpa	01Jun
31	33	10		וְ/לֹ֣א	c/3808	HC/Tn	01z7m
31	33	11		מָצָ֑א	4672	HVqp3ms	01Ppi
31	33	12		וַ/יֵּצֵא֙	c/3318	HC/Vqw3ms	01yF3
31	33	13		מֵ/אֹ֣הֶל	m/168	HR/Ncmsc	01q7b
31	33	14		לֵאָ֔ה	3812	HNp	01owm
31	33	15		וַ/יָּבֹ֖א	c/935	HC/Vqw3ms	01JYv
31	33	16		בְּ/אֹ֥הֶל	b/168	HR/Ncmsc	01aZR
31	33	17		רָחֵֽל	7354	HNp	01xTd
31	34	1		וְ/רָחֵ֞ל	c/7354	HC/Np	01b5v
31	34	2		לָקְחָ֣ה	3947	HVqp3fs	01d7c
31	34	3		אֶת	853	HTo	01rju
31	34	4		הַ/תְּרָפִ֗ים	d/8655	HTd/Ncmpa	01Cvg
31	34	5		וַ/תְּשִׂמֵ֛/ם	c/7760 a	HC/Vqw3fs/Sp3mp	019pa
31	34	6		בְּ/כַ֥ר	b/3733 a	HR/Ncmsc	01CUn
31	34	7		הַ/גָּמָ֖ל	d/1581	HTd/Ncmsa	011uG
31	34	8		וַ/תֵּ֣שֶׁב	c/3427	HC/Vqw3fs	01nWR
31	34	9		עֲלֵי/הֶ֑ם	5921 a	HR/Sp3mp	01WA2
31	34	10		וַ/יְמַשֵּׁ֥שׁ	c/4959	HC/Vpw3ms	01tjr
31	34	11		לָבָ֛ן	3837 a	HNp	01udL
31	34	12		אֶת	853	HTo	01JZ1
31	34	13		כָּל	3605	HNcmsc	01RgC
31	34	14		הָ/אֹ֖הֶל	d/168	HTd/Ncmsa	01YoY
31	34	15		וְ/לֹ֥א	c/3808	HC/Tn	0144W
31	34	16		מָצָֽא	4672	HVqp3ms	01Yjc
31	35	1		וַ/תֹּ֣אמֶר	c/559	HC/Vqw3fs	01YjH
31	35	2		אֶל	413	HR	01jvf
31	35	3		אָבִ֗י/הָ	1	HNcmsc/Sp3fs	01vTo
31	35	4		אַל	408	HTn	01QBc
31	35	5		יִ֨חַר֙	2734	HVqj3ms	01q8j
31	35	6		בְּ/עֵינֵ֣י	b/5869 a	HR/Ncbdc	01c5F
31	35	7		אֲדֹנִ֔/י	113	HNcmsc/Sp1cs	01SZx
31	35	8		כִּ֣י	3588 a	HC	01fqE
31	35	9		ל֤וֹא	3808	HTn	01TKJ
31	35	10		אוּכַל֙	3201	HVqi1cs	01HyN
31	35	11		לָ/ק֣וּם	l/6965 b	HR/Vqc	01aRD
31	35	12		מִ/פָּנֶ֔י/ךָ	m/6440	HR/Ncbpc/Sp2ms	01Rht
31	35	13		כִּי	3588 a	HC	01Qkk
31	35	14		דֶ֥רֶךְ	1870	HNcbsc	01eDa
31	35	15		נָשִׁ֖ים	802	HNcfpa	01pwz
31	35	16		לִ֑/י	l	HR/Sp1cs	018LL
31	35	17		וַ/יְחַפֵּ֕שׂ	c/2664	HC/Vpw3ms	01bnA
31	35	18		וְ/לֹ֥א	c/3808	HC/Tn	01sBT
31	35	19		מָצָ֖א	4672	HVqp3ms	01Vtp
31	35	20		אֶת	853	HTo	01a1F
31	35	21		הַ/תְּרָפִֽים	d/8655	HTd/Ncmpa	01wCL
31	36	1		וַ/יִּ֥חַר	c/2734	HC/Vqw3ms	01QUD
31	36	2		לְ/יַעֲקֹ֖ב	l/3290	HR/Np	01Gn2
31	36	3		וַ/יָּ֣רֶב	c/7378	HC/Vqw3ms	01sxE
31	36	4		בְּ/לָבָ֑ן	b/3837 a	HR/Np	01veK
31	36	5		וַ/יַּ֤עַן	c/6030 b	HC/Vqw3ms	01XJ1
31	36	6		יַעֲקֹב֙	3290	HNp	01tnd
31	36	7		וַ/יֹּ֣אמֶר	c/559	HC/Vqw3ms	012qd
31	36	8		לְ/לָבָ֔ן	l/3837 a	HR/Np	01KfG
31	36	9		מַה	4100	HTi	01bU5
31	36	10		פִּשְׁעִ/י֙	6588	HNcmsc/Sp1cs	01dE1
31	36	11		מַ֣ה	4100	HTi	012Tn
31	36	12		חַטָּאתִ֔/י	2403 b	HNcfsc/Sp1cs	019xc
31	36	13		כִּ֥י	3588 a	HC	01AoS
31	36	14		דָלַ֖קְתָּ	1814	HVqp2ms	01BBD
31	36	15		אַחֲרָֽ/י	310 a	HR/Sp1cs	01oSD
31	37	1		כִּֽי	3588 a	HC	01ANC
31	37	2		מִשַּׁ֣שְׁתָּ	4959	HVpp2ms	01yxK
31	37	3		אֶת	853	HTo	01KXV
31	37	4		כָּל	3605	HNcmsc	01MHJ
31	37	5		כֵּלַ֗/י	3627	HNcmpc/Sp1cs	018v1
31	37	6		מַה	4100	HTi	01H6Y
31	37	7		מָּצָ֨אתָ֙	4672	HVqp2ms	01pYJ
31	37	8		מִ/כֹּ֣ל	m/3605	HR/Ncmsc	012Vc
31	37	9		כְּלֵי	3627	HNcmpc	01sqH
31	37	10		בֵיתֶ֔/ךָ	1004 b	HNcmsc/Sp2ms	01aSb
31	37	11		שִׂ֣ים	7760 a	HVqv2ms	01MJu
31	37	12		כֹּ֔ה	3541	HD	011dC
31	37	13		נֶ֥גֶד	5048	HR	01XYP
31	37	14		אַחַ֖/י	251	HNcmpc/Sp1cs	01xSg
31	37	15		וְ/אַחֶ֑י/ךָ	c/251	HC/Ncmpc/Sp2ms	01Mrn
31	37	16		וְ/יוֹכִ֖יחוּ	c/3198	HC/Vhj3mp	01xSL
31	37	17		בֵּ֥ין	996	HR	01AST
31	37	18		שְׁנֵֽי/נוּ	8147	HAcmdc/Sp1cp	01jve
31	38	1		זֶה֩	2088	HPdxms	01gc7
31	38	2		עֶשְׂרִ֨ים	6242	HAcbpa	014AD
31	38	3		שָׁנָ֤ה	8141	HNcfsa	01mPs
31	38	4		אָנֹכִי֙	595	HPp1cs	01zrE
31	38	5		עִמָּ֔/ךְ	5973 a	HR/Sp2ms	01P4x
31	38	6		רְחֵלֶ֥י/ךָ	7353	HNcfpc/Sp2ms	01KeG
31	38	7		וְ/עִזֶּ֖י/ךָ	c/5795	HC/Ncfpc/Sp2ms	0157j
31	38	8		לֹ֣א	3808	HTn	01q4X
31	38	9		שִׁכֵּ֑לוּ	7921 a	HVpp3cp	01UZE
31	38	10		וְ/אֵילֵ֥י	c/352 a	HC/Ncmpc	016Fp
31	38	11		צֹאנְ/ךָ֖	6629	HNcbsc/Sp2ms	01R6H
31	38	12		לֹ֥א	3808	HTn	01tz4
31	38	13		אָכָֽלְתִּי	398	HVqp1cs	01tP9
31	39	1		טְרֵפָה֙	2966	HNcfsa	01zd8
31	39	2		לֹא	3808	HTn	01evq
31	39	3		הֵבֵ֣אתִי	935	HVhp1cs	01uQK
31	39	4		אֵלֶ֔י/ךָ	413	HR/Sp2ms	01VmQ
31	39	5		אָנֹכִ֣י	595	HPp1cs	01N5m
31	39	6		אֲחַטֶּ֔/נָּה	2398	HVpi1cs/Sp3fs	015W8
31	39	7		מִ/יָּדִ֖/י	m/3027	HR/Ncbsc/Sp1cs	01cDA
31	39	8		תְּבַקְשֶׁ֑/נָּה	1245	HVpi2ms/Sp3fs	01tm9
31	39	9		גְּנֻֽבְתִ֣י	1589	HVqsfsc	019Tb
31	39	10		י֔וֹם	3117	HNcmsa	01nDP
31	39	11		וּ/גְנֻֽבְתִ֖י	c/1589	HC/Vqsfsc	015jz
31	39	12		לָֽיְלָה	3915	HNcmsa	01oTs
31	40	1		הָיִ֧יתִי	1961	HVqp1cs	01c3Z
31	40	2		בַ/יּ֛וֹם	b/3117	HRd/Ncmsa	01YN2
31	40	3		אֲכָלַ֥/נִי	398	HVqp3ms/Sp1cs	01xEd
31	40	4		חֹ֖רֶב	2721 a	HNcmsa	01QmT
31	40	5		וְ/קֶ֣רַח	c/7140	HC/Ncmsa	016iT
31	40	6		בַּ/לָּ֑יְלָה	b/3915	HRd/Ncmsa	01L7x
31	40	7		וַ/תִּדַּ֥ד	c/5074	HC/Vqw3fs	01W1c
31	40	8		שְׁנָתִ֖/י	8142	HNcfsc/Sp1cs	01EwZ
31	40	9		מֵֽ/עֵינָֽ/י	m/5869 a	HR/Ncbdc/Sp1cs	01wM3
31	41	1		זֶה	2088	HPdxms	01dCp
31	41	2		לִּ֞/י	l	HR/Sp1cs	01ivg
31	41	3		עֶשְׂרִ֣ים	6242	HAcbpa	01Y4F
31	41	4		שָׁנָה֮	8141	HNcfsa	01ygV
31	41	5		בְּ/בֵיתֶ/ךָ֒	b/1004 b	HR/Ncmsc/Sp2ms	01z4X
31	41	6		עֲבַדְתִּ֜י/ךָ	5647	HVqp1cs/Sp2ms	01yN6
31	41	7		אַרְבַּֽע	702	HAcfsa	01i84
31	41	8		עֶשְׂרֵ֤ה	6240	HAcfsa	01V1L
31	41	9		שָׁנָה֙	8141	HNcfsa	01Y5Z
31	41	10		בִּ/שְׁתֵּ֣י	b/8147	HR/Acfdc	015LB
31	41	11		בְנֹתֶ֔י/ךָ	1323	HNcfpc/Sp2ms	013Vm
31	41	12		וְ/שֵׁ֥שׁ	c/8337	HC/Acfsa	01P2g
31	41	13		שָׁנִ֖ים	8141	HNcfpa	01Duv
31	41	14		בְּ/צֹאנֶ֑/ךָ	b/6629	HR/Ncbsc/Sp2ms	01fVc
31	41	15		וַ/תַּחֲלֵ֥ף	c/2498	HC/Vhw2ms	01tt5
31	41	16		אֶת	853	HTo	01Cjr
31	41	17		מַשְׂכֻּרְתִּ֖/י	4909	HNcfsc/Sp1cs	01Z8S
31	41	18		עֲשֶׂ֥רֶת	6235	HAcmsc	01zLQ
31	41	19		מֹנִֽים	4489	HNcmpa	01Hmj
31	42	1		לוּלֵ֡י	3884	HC	01hu2
31	42	2		אֱלֹהֵ֣י	430	HNcmpc	01AiB
31	42	3		אָבִ/י֩	1	HNcmsc/Sp1cs	01Fem
31	42	4		אֱלֹהֵ֨י	430	HNcmpc	01KBj
31	42	5		אַבְרָהָ֜ם	85	HNp	01oaV
31	42	6		וּ/פַ֤חַד	c/6343	HC/Ncmsc	01erH
31	42	7		יִצְחָק֙	3327	HNp	01Ujr
31	42	8		הָ֣יָה	1961	HVqp3ms	01ytK
31	42	9		לִ֔/י	l	HR/Sp1cs	01vaa
31	42	10		כִּ֥י	3588 a	HC	01J3v
31	42	11		עַתָּ֖ה	6258	HD	01A35
31	42	12		רֵיקָ֣ם	7387	HD	01TzT
31	42	13		שִׁלַּחְתָּ֑/נִי	7971	HVpp2ms/Sp1cs	01tgR
31	42	14		אֶת	853	HTo	01KUc
31	42	15		עָנְיִ֞/י	6040	HNcmsc/Sp1cs	01pwv
31	42	16		וְ/אֶת	c/853	HC/To	01p6F
31	42	17		יְגִ֧יעַ	3018	HNcmsc	01f4D
31	42	18		כַּפַּ֛/י	3709	HNcfdc/Sp1cp	01BZQ
31	42	19		רָאָ֥ה	7200	HVqp3ms	01wYZ
31	42	20		אֱלֹהִ֖ים	430	HNcmpa	014mV
31	42	21		וַ/יּ֥וֹכַח	c/3198	HC/Vhw3ms	01gaZ
31	42	22		אָֽמֶשׁ	570	HD	01c1d
31	43	1		וַ/יַּ֨עַן	c/6030 b	HC/Vqw3ms	01mKZ
31	43	2		לָבָ֜ן	3837 a	HNp	01iAd
31	43	3		וַ/יֹּ֣אמֶר	c/559	HC/Vqw3ms	01Txm
31	43	4		אֶֽל	413	HR	01Xgj
31	43	5		יַעֲקֹ֗ב	3290	HNp	01ufW
31	43	6		הַ/בָּנ֨וֹת	d/1323	HTd/Ncfpa	01s5d
31	43	7		בְּנֹתַ֜/י	1323	HNcfpc/Sp1cs	01j66
31	43	8		וְ/הַ/בָּנִ֤ים	c/d/1121 a	HC/Td/Ncmpa	01LMw
31	43	9		בָּנַ/י֙	1121 a	HNcmpc/Sp1cs	0165r
31	43	10		וְ/הַ/צֹּ֣אן	c/d/6629	HC/Td/Ncbsa	018Ft
31	43	11		צֹאנִ֔/י	6629	HNcbsc/Sp1cs	01CnH
31	43	12		וְ/כֹ֛ל	c/3605	HC/Ncmsa	01XiN
31	43	13		אֲשֶׁר	834 a	HTr	01aCj
31	43	14		אַתָּ֥ה	859 a	HPp2ms	01pnG
31	43	15		רֹאֶ֖ה	7200	HVqrmsa	01nS1
31	43	16		לִ/י	l	HR/Sp1cs	01ZKF
31	43	17		ה֑וּא	1931	HPp3ms	01vFE
31	43	18		וְ/לִ/בְנֹתַ֞/י	c/l/1323	HC/R/Ncfpc/Sp1cs	01znW
31	43	19		מָֽה	4100	HTi	01SpV
31	43	20		אֶֽעֱשֶׂ֤ה	6213 a	HVqi1cs	01a57
31	43	21		לָ/אֵ֨לֶּה֙	l/428	HR/Pdxcp	017eS
31	43	22		הַ/יּ֔וֹם	d/3117	HTd/Ncmsa	01oaX
31	43	23		א֥וֹ	176 a	HC	01bxJ
31	43	24		לִ/בְנֵי/הֶ֖ן	l/1121 a	HR/Ncmpc/Sp3fp	01W4L
31	43	25		אֲשֶׁ֥ר	834 a	HTr	01HnG
31	43	26		יָלָֽדוּ	3205	HVqp3cp	01fQb
31	44	1		וְ/עַתָּ֗ה	c/6258	HC/D	01c5G
31	44	2		לְכָ֛/ה	3212	HVqv2ms/Sh	017Hc
31	44	3		נִכְרְתָ֥ה	3772	HVqh1cp	01zUt
31	44	4		בְרִ֖ית	1285	HNcfsa	017fp
31	44	5		אֲנִ֣י	589	HPp1cs	01mRt
31	44	6		וָ/אָ֑תָּה	c/859 a	HC/Pp2ms	01mJe
31	44	7		וְ/הָיָ֥ה	c/1961	HC/Vqq3ms	01djy
31	44	8		לְ/עֵ֖ד	l/5707	HR/Ncmsa	01BDH
31	44	9		בֵּינִ֥/י	996	HR/Sp1cs	01E5y
31	44	10		וּ/בֵינֶֽ/ךָ	c/996	HC/R/Sp2ms	0113M
31	45	1		וַ/יִּקַּ֥ח	c/3947	HC/Vqw3ms	015aa
31	45	2		יַעֲקֹ֖ב	3290	HNp	01tyY
31	45	3		אָ֑בֶן	68	HNcfsa	01pe8
31	45	4		וַ/יְרִימֶ֖/הָ	c/7311 a	HC/Vhw3ms/Sp3fs	016gH
31	45	5		מַצֵּבָֽה	4676	HNcfsa	01FcE
31	46	1		וַ/יֹּ֨אמֶר	c/559	HC/Vqw3ms	01uLX
31	46	2		יַעֲקֹ֤ב	3290	HNp	01aAc
31	46	3		לְ/אֶחָי/ו֙	l/251	HR/Ncmpc/Sp3ms	01EdD
31	46	4		לִקְט֣וּ	3950	HVqv2mp	01umf
31	46	5		אֲבָנִ֔ים	68	HNcfpa	01H7M
31	46	6		וַ/יִּקְח֥וּ	c/3947	HC/Vqw3mp	01BQ6
31	46	7		אֲבָנִ֖ים	68	HNcfpa	0149e
31	46	8		וַ/יַּֽעֲשׂוּ	c/6213 a	HC/Vqw3mp	01eLz
31	46	9		גָ֑ל	1530	HNcmsa	01TTx
31	46	10		וַ/יֹּ֥אכְלוּ	c/398	HC/Vqw3mp	011nU
31	46	11		שָׁ֖ם	8033	HD	01TKa
31	46	12		עַל	5921 a	HR	01GpQ
31	46	13		הַ/גָּֽל	d/1530	HTd/Ncmsa	01iW1
31	47	1		וַ/יִּקְרָא	c/7121	HC/Vqw3ms	015it
31	47	2		ל֣/וֹ	l	HR/Sp3ms	01uYs
31	47	3		לָבָ֔ן	3837 a	HNp	01iox
31	47	4		יְגַ֖ר	3026 a	ANp	01uf2
31	47	5		שָׂהֲדוּתָ֑א	3026 b	ANp	01LA6
31	47	6		וְ/יַֽעֲקֹ֔ב	c/3290	HC/Np	01bXE
31	47	7		קָ֥רָא	7121	HVqp3ms	01nr3
31	47	8		ל֖/וֹ	l	HR/Sp3ms	01rek
31	47	9		גַּלְעֵֽד	1567	HNp	01jeS
31	48	1		וַ/יֹּ֣אמֶר	c/559	HC/Vqw3ms	018ff
31	48	2		לָבָ֔ן	3837 a	HNp	01Vsg
31	48	3		הַ/גַּ֨ל	d/1530	HTd/Ncmsa	012JF
31	48	4		הַ/זֶּ֥ה	d/2088	HTd/Pdxms	01FEc
31	48	5		עֵ֛ד	5707	HNcmsa	01rrg
31	48	6		בֵּינִ֥/י	996	HR/Sp1cs	01R26
31	48	7		וּ/בֵינְ/ךָ֖	c/996	HC/R/Sp2ms	01Tog
31	48	8		הַ/יּ֑וֹם	d/3117	HTd/Ncmsa	01gds
31	48	9		עַל	5921 a	HR	01PB9
31	48	10		כֵּ֥ן	3651 c	HTm	0161Y
31	48	11		קָרָֽא	7121	HVqp3ms	01cGF
31	48	12		שְׁמ֖/וֹ	8034	HNcmsc/Sp3ms	01Yis
31	48	13		גַּלְעֵֽד	1567	HNp	01Szh
31	49	1		וְ/הַ/מִּצְפָּה֙	c/d/4709	HC/Td/Np	01n5U
31	49	2		אֲשֶׁ֣ר	834 a	HTr	01azV
31	49	3		אָמַ֔ר	559	HVqp3ms	0162s
31	49	4		יִ֥צֶף	6822	HVqj3ms	01hY7
31	49	5		יְהוָ֖ה	3068	HNp	01k6Z
31	49	6		בֵּינִ֣/י	996	HR/Sp1cs	01Utm
31	49	7		וּ/בֵינֶ֑/ךָ	c/996	HC/R/Sp2ms	01SpF
31	49	8		כִּ֥י	3588 a	HC	01NT2
31	49	9		נִסָּתֵ֖ר	5641	HVNi1cp	01Tj4
31	49	10		אִ֥ישׁ	376	HNcmsa	01Zyo
31	49	11		מֵ/רֵעֵֽ/הוּ	m/7453	HR/Ncmsc/Sp3ms	01x1j
31	50	1		אִם	518 a	HC	01WiY
31	50	2		תְּעַנֶּ֣ה	6031 b	HVpi2ms	01XNU
31	50	3		אֶת	853	HTo	013de
31	50	4		בְּנֹתַ֗/י	1323	HNcfpc/Sp1cs	017Ei
31	50	5		וְ/אִם	c/518 a	HC/C	01C6x
31	50	6		תִּקַּ֤ח	3947	HVqi2ms	01p2N
31	50	7		נָשִׁים֙	802	HNcfpa	01TFr
31	50	8		עַל	5921 a	HR	01AZR
31	50	9		בְּנֹתַ֔/י	1323	HNcfpc/Sp1cs	01e5H
31	50	10		אֵ֥ין	369	HTn	013Wt
31	50	11		אִ֖ישׁ	376	HNcmsa	01dnd
31	50	12		עִמָּ֑/נוּ	5973 a	HR/Sp1cp	01oJo
31	50	13		רְאֵ֕ה	7200	HVqv2ms	011DD
31	50	14		אֱלֹהִ֥ים	430	HNcmpa	01Gnb
31	50	15		עֵ֖ד	5707	HNcmsa	015Up
31	50	16		בֵּינִ֥/י	996	HR/Sp1cs	01Mko
31	50	17		וּ/בֵינֶֽ/ךָ	c/996	HC/R/Sp2ms	01Ggo
31	51	1		וַ/יֹּ֥אמֶר	c/559	HC/Vqw3ms	01uzJ
31	51	2		לָבָ֖ן	3837 a	HNp	01LnS
31	51	3		לְ/יַעֲקֹ֑ב	l/3290	HR/Np	01MKJ
31	51	4		הִנֵּ֣ה	2009	HTm	01Ycy
31	51	5		הַ/גַּ֣ל	d/1530	HTd/Ncmsa	01nUn
31	51	6		הַ/זֶּ֗ה	d/2088	HTd/Pdxms	01Bnc
31	51	7		וְ/הִנֵּה֙	c/2009	HC/Tm	01nsA
31	51	8		הַ/מַצֵּבָ֔ה	d/4676	HTd/Ncfsa	01roM
31	51	9		אֲשֶׁ֥ר	834 a	HTr	01Fb5
31	51	10		יָרִ֖יתִי	3384 b	HVqp1cs	018ft
31	51	11		בֵּינִ֥/י	996	HR/Sp1cs	013c2
31	51	12		וּ/בֵינֶֽ/ךָ	c/996	HC/R/Sp2ms	01PDC
31	52	1		עֵ֚ד	5707	HNcmsa	01M7i
31	52	2		הַ/גַּ֣ל	d/1530	HTd/Ncmsa	01VDQ
31	52	3		הַ/זֶּ֔ה	d/2088	HTd/Pdxms	01zZ1
31	52	4		וְ/עֵדָ֖ה	c/5713 a	HC/Ncfsa	01AkK
31	52	5		הַ/מַּצֵּבָ֑ה	d/4676	HTd/Ncfsa	01jHo
31	52	6		אִם	518 a	HC	01BoX
31	52	7		אָ֗נִי	589	HPp1cs	01vw5
31	52	8		לֹֽא	3808	HTn	01oGY
31	52	9		אֶֽעֱבֹ֤ר	5674 a	HVqi1cs	01iAz
31	52	10		אֵלֶ֨י/ךָ֙	413	HR/Sp2ms	01VZU
31	52	11		אֶת	853	HTo	01JDK
31	52	12		הַ/גַּ֣ל	d/1530	HTd/Ncmsa	01yyd
31	52	13		הַ/זֶּ֔ה	d/2088	HTd/Pdxms	01tif
31	52	14		וְ/אִם	c/518 a	HC/C	01w4Y
31	52	15		אַ֠תָּה	859 a	HPp2ms	01Xup
31	52	16		לֹא	3808	HTn	012UZ
31	52	17		תַעֲבֹ֨ר	5674 a	HVqi2ms	01hez
31	52	18		אֵלַ֜/י	413	HR/Sp1cs	01LnE
31	52	19		אֶת	853	HTo	016ZN
31	52	20		הַ/גַּ֥ל	d/1530	HTd/Ncmsa	018VB
31	52	21		הַ/זֶּ֛ה	d/2088	HTd/Pdxms	01JA5
31	52	22		וְ/אֶת	c/853	HC/To	0199i
31	52	23		הַ/מַּצֵּבָ֥ה	d/4676	HTd/Ncfsa	01D2P
31	52	24		הַ/זֹּ֖את	d/2063	HTd/Pdxfs	017P5
31	52	25		לְ/רָעָֽה	l/7451 c	HR/Ncfsa	016am
31	53	1		אֱלֹהֵ֨י	430	HNcmpc	01gjg
31	53	2		אַבְרָהָ֜ם	85	HNp	01VPM
31	53	3		וֵֽ/אלֹהֵ֤י	c/430	HC/Ncmpc	01BcX
31	53	4		נָחוֹר֙	5152	HNp	01Hnb
31	53	5		יִשְׁפְּט֣וּ	8199	HVqi3mp	016mL
31	53	6		בֵינֵ֔י/נוּ	996	HR/Sp1cp	01WUT
31	53	7		אֱלֹהֵ֖י	430	HNcmpc	01BGz
31	53	8		אֲבִי/הֶ֑ם	1	HNcmsc/Sp3mp	01WYZ
31	53	9		וַ/יִּשָּׁבַ֣ע	c/7650	HC/VNw3ms	01zQP
31	53	10		יַעֲקֹ֔ב	3290	HNp	01FH2
31	53	11		בְּ/פַ֖חַד	b/6343	HR/Ncmsc	01pBT
31	53	12		אָבִ֥י/ו	1	HNcmsc/Sp3ms	01tuS
31	53	13		יִצְחָֽק	3327	HNp	01YpS
31	54	1		וַ/יִּזְבַּ֨ח	c/2076	HC/Vqw3ms	015wt
31	54	2		יַעֲקֹ֥ב	3290	HNp	01wee
31	54	3		זֶ֨בַח֙	2077	HNcmsa	01TLG
31	54	4		בָּ/הָ֔ר	b/2022	HRd/Ncmsa	011Tm
31	54	5		וַ/יִּקְרָ֥א	c/7121	HC/Vqw3ms	016vW
31	54	6		לְ/אֶחָ֖י/ו	l/251	HR/Ncmpc/Sp3ms	01ZsD
31	54	7		לֶ/אֱכָל	l/398	HR/Vqc	01JYt
31	54	8		לָ֑חֶם	3899	HNcbsa	01ivT
31	54	9		וַ/יֹּ֣אכְלוּ	c/398	HC/Vqw3mp	01tkX
31	54	10		לֶ֔חֶם	3899	HNcbsa	01cEe
31	54	11		וַ/יָּלִ֖ינוּ	c/3885 a	HC/Vqw3mp	01NyF
31	54	12		בָּ/הָֽר	b/2022	HRd/Ncmsa	01Jn9
32	1	1		וַ/יַּשְׁכֵּ֨ם	c/7925	HC/Vhw3ms	01SDx
32	1	2		לָבָ֜ן	3837 a	HNp	01xLk
32	1	3		בַּ/בֹּ֗קֶר	b/1242	HRd/Ncmsa	01VnY
32	1	4		וַ/יְנַשֵּׁ֧ק	c/5401 a	HC/Vpw3ms	01zxL
32	1	5		לְ/בָנָ֛י/ו	l/1121 a	HR/Ncmpc/Sp3ms	01yh4
32	1	6		וְ/לִ/בְנוֹתָ֖י/ו	c/l/1323	HC/R/Ncfpc/Sp3ms	01dw2
32	1	7		וַ/יְבָ֣רֶךְ	c/1288	HC/Vpw3ms	01PjV
32	1	8		אֶתְ/הֶ֑ם	853	HTo/Sp3mp	01u6r
32	1	9		וַ/יֵּ֛לֶךְ	c/3212	HC/Vqw3ms	01Tua
32	1	10		וַ/יָּ֥שָׁב	c/7725	HC/Vqw3ms	01q4m
32	1	11		לָבָ֖ן	3837 a	HNp	01RYp
32	1	12		לִ/מְקֹמֽ/וֹ	l/4725	HR/Ncmsc/Sp3ms	01Myk
32	2	1		וְ/יַעֲקֹ֖ב	c/3290	HC/Np	01azP
32	2	2		הָלַ֣ךְ	1980	HVqp3ms	01zrS
32	2	3		לְ/דַרְכּ֑/וֹ	l/1870	HR/Ncbsc/Sp3ms	014iQ
32	2	4		וַ/יִּפְגְּעוּ	c/6293	HC/Vqw3mp	01LkR
32	2	5		ב֖/וֹ	b	HR/Sp3ms	01m7t
32	2	6		מַלְאֲכֵ֥י	4397	HNcmpc	01TWP
32	2	7		אֱלֹהִֽים	430	HNcmpa	012Ny
32	3	1		וַ/יֹּ֤אמֶר	c/559	HC/Vqw3ms	01MgK
32	3	2		יַעֲקֹב֙	3290	HNp	01u89
32	3	3		כַּ/אֲשֶׁ֣ר	k/834 d	HR/Tr	01zS5
32	3	4		רָאָ֔/ם	7200	HVqp3ms/Sp3mp	01peW
32	3	5		מַחֲנֵ֥ה	4264	HNcbsc	01ks1
32	3	6		אֱלֹהִ֖ים	430	HNcmpa	01HPH
32	3	7		זֶ֑ה	2088	HPdxms	01PwP
32	3	8		וַ/יִּקְרָ֛א	c/7121	HC/Vqw3ms	01w37
32	3	9		שֵֽׁם	8034	HNcmsc	01edk
32	3	10		הַ/מָּק֥וֹם	d/4725	HTd/Ncmsa	01LDv
32	3	11		הַ/ה֖וּא	d/1931	HTd/Pp3ms	013qJ
32	3	12		מַֽחֲנָֽיִם	4266	HNp	0188s
32	4	1		וַ/יִּשְׁלַ֨ח	c/7971	HC/Vqw3ms	0194v
32	4	2		יַעֲקֹ֤ב	3290	HNp	01VFD
32	4	3		מַלְאָכִים֙	4397	HNcmpa	0189K
32	4	4		לְ/פָנָ֔י/ו	l/6440	HR/Ncbpc/Sp3ms	018hv
32	4	5		אֶל	413	HR	01pTK
32	4	6		עֵשָׂ֖ו	6215	HNp	01Rix
32	4	7		אָחִ֑י/ו	251	HNcmsc/Sp3ms	01tax
32	4	8		אַ֥רְצָ/ה	776	HNcbsc/Sd	01dYC
32	4	9		שֵׂעִ֖יר	8165 a	HNp	01zug
32	4	10		שְׂדֵ֥ה	7704 b	HNcmsc	01e5y
32	4	11		אֱדֽוֹם	123	HNp	01pKG
32	5	1		וַ/יְצַ֤ו	c/6680	HC/Vpw3ms	01NwQ
32	5	2		אֹתָ/ם֙	853	HTo/Sp3mp	01AWa
32	5	3		לֵ/אמֹ֔ר	l/559	HR/Vqc	014gH
32	5	4		כֹּ֣ה	3541	HD	01MUW
32	5	5		תֹאמְר֔וּ/ן	559	HVqi2mp/Sn	015Hc
32	5	6		לַֽ/אדֹנִ֖/י	l/113	HR/Ncmsc/Sp1cs	011fg
32	5	7		לְ/עֵשָׂ֑ו	l/6215	HR/Np	01dd8
32	5	8		כֹּ֤ה	3541	HD	01oMS
32	5	9		אָמַר֙	559	HVqp3ms	01h6p
32	5	10		עַבְדְּ/ךָ֣	5650	HNcmsc/Sp2ms	01iaC
32	5	11		יַעֲקֹ֔ב	3290	HNp	01Tve
32	5	12		עִם	5973 a	HR	01XkU
32	5	13		לָבָ֣ן	3837 a	HNp	01ga6
32	5	14		גַּ֔רְתִּי	1481 a	HVqp1cs	011sG
32	5	15		וָ/אֵחַ֖ר	c/309	HC/Vqw1cs	01DbS
32	5	16		עַד	5704	HR	01EX3
32	5	17		עָֽתָּה	6258	HD	01vV1
32	6	1		וַֽ/יְהִי	c/1961	HC/Vqw3ms	01TgW
32	6	2		לִ/י֙	l	HR/Sp1cs	01h45
32	6	3		שׁ֣וֹר	7794	HNcmsa	01fo7
32	6	4		וַ/חֲמ֔וֹר	c/2543	HC/Ncbsa	01jzD
32	6	5		צֹ֖אן	6629	HNcbsa	01nC5
32	6	6		וְ/עֶ֣בֶד	c/5650	HC/Ncmsa	01WeN
32	6	7		וְ/שִׁפְחָ֑ה	c/8198	HC/Ncfsa	01av4
32	6	8		וָֽ/אֶשְׁלְחָ/ה֙	c/7971	HC/Vqw1cs/Sh	01SvH
32	6	9		לְ/הַגִּ֣יד	l/5046	HR/Vhc	01o89
32	6	10		לַֽ/אדֹנִ֔/י	l/113	HR/Ncmsc/Sp1cs	01XZQ
32	6	11		לִ/מְצֹא	l/4672	HR/Vqc	01kv8
32	6	12		חֵ֖ן	2580	HNcmsa	01YBk
32	6	13		בְּ/עֵינֶֽי/ךָ	b/5869 a	HR/Ncbdc/Sp2ms	01TdR
32	7	1		וַ/יָּשֻׁ֨בוּ֙	c/7725	HC/Vqw3mp	01oaY
32	7	2		הַ/מַּלְאָכִ֔ים	d/4397	HTd/Ncmpa	01aBd
32	7	3		אֶֽל	413	HR	01Cc4
32	7	4		יַעֲקֹ֖ב	3290	HNp	01jcN
32	7	5		לֵ/אמֹ֑ר	l/559	HR/Vqc	01WLo
32	7	6		בָּ֤אנוּ	935	HVqp1cp	018cp
32	7	7		אֶל	413	HR	01vj4
32	7	8		אָחִ֨י/ךָ֙	251	HNcmsc/Sp2ms	019hh
32	7	9		אֶל	413	HR	01bCu
32	7	10		עֵשָׂ֔ו	6215	HNp	01276
32	7	11		וְ/גַם֙	c/1571	HC/Ta	01vFH
32	7	12		הֹלֵ֣ךְ	1980	HVqrmsa	01uyN
32	7	13		לִ/קְרָֽאתְ/ךָ֔	l/7125	HR/Vqc/Sp2ms	01SAa
32	7	14		וְ/אַרְבַּע	c/702	HC/Acfsa	01GYU
32	7	15		מֵא֥וֹת	3967	HAcbpa	01Q9z
32	7	16		אִ֖ישׁ	376	HNcmsa	016wc
32	7	17		עִמּֽ/וֹ	5973 a	HR/Sp3ms	014q8
32	8	1		וַ/יִּירָ֧א	c/3372	HC/Vqw3ms	01dBW
32	8	2		יַעֲקֹ֛ב	3290	HNp	01Qg7
32	8	3		מְאֹ֖ד	3966	HD	01bvk
32	8	4		וַ/יֵּ֣צֶר	c/3334	HC/Vqw3ms	01rRc
32	8	5		ל֑/וֹ	l	HR/Sp3ms	018RM
32	8	6		וַ/יַּ֜חַץ	c/2673	HC/Vqw3ms	01Sp7
32	8	7		אֶת	853	HTo	014mz
32	8	8		הָ/עָ֣ם	d/5971 a	HTd/Ncmsa	01vkS
32	8	9		אֲשֶׁר	834 a	HTr	01mZn
32	8	10		אִתּ֗/וֹ	854	HR/Sp3ms	01yFP
32	8	11		וְ/אֶת	c/853	HC/To	011RM
32	8	12		הַ/צֹּ֧אן	d/6629	HTd/Ncbsa	01yW8
32	8	13		וְ/אֶת	c/853	HC/To	01fAj
32	8	14		הַ/בָּקָ֛ר	d/1241	HTd/Ncbsa	013vF
32	8	15		וְ/הַ/גְּמַלִּ֖ים	c/d/1581	HC/Td/Ncmpa	01fGj
32	8	16		לִ/שְׁנֵ֥י	l/8147	HR/Acmdc	01sUu
32	8	17		מַחֲנֽוֹת	4264	HNcbpa	01kfm
32	9	1		וַ/יֹּ֕אמֶר	c/559	HC/Vqw3ms	01Lt1
32	9	2		אִם	518 a	HC	01Jz7
32	9	3		יָב֥וֹא	935	HVqi3ms	01Kwe
32	9	4		עֵשָׂ֛ו	6215	HNp	01w78
32	9	5		אֶל	413	HR	01dSD
32	9	6		הַ/מַּחֲנֶ֥ה	d/4264	HTd/Ncbsa	012u5
32	9	7		הָ/אַחַ֖ת	d/259	HTd/Acfsa	01tLk
32	9	8		וְ/הִכָּ֑/הוּ	c/5221	HC/Vhq3ms/Sp3ms	012aG
32	9	9		וְ/הָיָ֛ה	c/1961	HC/Vqq3ms	01wgJ
32	9	10		הַ/מַּחֲנֶ֥ה	d/4264	HTd/Ncbsa	01Uik
32	9	11		הַ/נִּשְׁאָ֖ר	d/7604	HTd/VNrmsa	01AHF
32	9	12		לִ/פְלֵיטָֽה	l/6413	HR/Ncfsa	01ffD
32	10	1		וַ/יֹּאמֶר֮	c/559	HC/Vqw3ms	01MV5
32	10	2		יַעֲקֹב֒	3290	HNp	01efi
32	10	3		אֱלֹהֵי֙	430	HNcmpc	01dEn
32	10	4		אָבִ֣/י	1	HNcmsc/Sp1cs	01RJR
32	10	5		אַבְרָהָ֔ם	85	HNp	01CSj
32	10	6		וֵ/אלֹהֵ֖י	c/430	HC/Ncmpc	01Rer
32	10	7		אָבִ֣/י	1	HNcmsc/Sp1cs	01H3T
32	10	8		יִצְחָ֑ק	3327	HNp	01kfu
32	10	9		יְהוָ֞ה	3068	HNp	01K5e
32	10	10		הָ/אֹמֵ֣ר	d/559	HTd/Vqrmsa	011jJ
32	10	11		אֵלַ֗/י	413	HR/Sp1cs	01MQK
32	10	12		שׁ֧וּב	7725	HVqv2ms	01yd9
32	10	13		לְ/אַרְצְ/ךָ֛	l/776	HR/Ncbsc/Sp2ms	01G5H
32	10	14		וּ/לְ/מוֹלַדְתְּ/ךָ֖	c/l/4138	HC/R/Ncfsc/Sp2ms	01WCw
32	10	15		וְ/אֵיטִ֥יבָה	c/3190	HC/Vhh1cs	01cXU
32	10	16		עִמָּֽ/ךְ	5973 a	HR/Sp2fs	01xF3
32	11	1		קָטֹ֜נְתִּי	6994	HVqp1cs	01hSt
32	11	2		מִ/כֹּ֤ל	m/3605	HR/Ncmsc	011k6
32	11	3		הַ/חֲסָדִים֙	d/2617 a	HTd/Ncmpa	01gpE
32	11	4		וּ/מִ/כָּל	c/m/3605	HC/R/Ncmsc	01Njg
32	11	5		הָ֣/אֱמֶ֔ת	d/571	HTd/Ncfsa	01KqF
32	11	6		אֲשֶׁ֥ר	834 a	HTr	01Cth
32	11	7		עָשִׂ֖יתָ	6213 a	HVqp2ms	01PE6
32	11	8		אֶת	854	HR	01kuL
32	11	9		עַבְדֶּ֑/ךָ	5650	HNcmsc/Sp2ms	01a5e
32	11	10		כִּ֣י	3588 a	HC	01fK8
32	11	11		בְ/מַקְלִ֗/י	b/4731	HR/Ncmsc/Sp1cs	01NLp
32	11	12		עָבַ֨רְתִּי֙	5674 a	HVqp1cs	01dD3
32	11	13		אֶת	853	HTo	01yys
32	11	14		הַ/יַּרְדֵּ֣ן	d/3383	HTd/Np	01CW6
32	11	15		הַ/זֶּ֔ה	d/2088	HTd/Pdxms	01qkF
32	11	16		וְ/עַתָּ֥ה	c/6258	HC/D	01aTU
32	11	17		הָיִ֖יתִי	1961	HVqp1cs	01R6q
32	11	18		לִ/שְׁנֵ֥י	l/8147	HR/Acmdc	01Zwe
32	11	19		מַחֲנֽוֹת	4264	HNcbpa	01z3S
32	12	1		הַצִּילֵ֥/נִי	5337	HVhv2ms/Sp1cs	01dY7
32	12	2		נָ֛א	4994	HTe	01KzT
32	12	3		מִ/יַּ֥ד	m/3027	HR/Ncbsc	01wc7
32	12	4		אָחִ֖/י	251	HNcmsc/Sp1cs	01NsJ
32	12	5		מִ/יַּ֣ד	m/3027	HR/Ncbsc	01nob
32	12	6		עֵשָׂ֑ו	6215	HNp	01TUK
32	12	7		כִּֽי	3588 a	HC	01Xmz
32	12	8		יָרֵ֤א	3373	HVqrmsa	01nXY
32	12	9		אָנֹכִי֙	595	HPp1cs	01YTe
32	12	10		אֹת֔/וֹ	853	HTo/Sp3ms	01Tf1
32	12	11		פֶּן	6435	HC	01a5y
32	12	12		יָב֣וֹא	935	HVqi3ms	01yon
32	12	13		וְ/הִכַּ֔/נִי	c/5221	HC/Vhq3ms/Sp1cs	01DMd
32	12	14		אֵ֖ם	517	HNcfsa	01qbq
32	12	15		עַל	5921 a	HR	01Vzu
32	12	16		בָּנִֽים	1121 a	HNcmpa	01xVc
32	13	1		וְ/אַתָּ֣ה	c/859 a	HC/Pp2ms	01Aiw
32	13	2		אָמַ֔רְתָּ	559	HVqp2ms	01p7J
32	13	3		הֵיטֵ֥ב	3190	HVha	014Lf
32	13	4		אֵיטִ֖יב	3190	HVhi1cs	01HAL
32	13	5		עִמָּ֑/ךְ	5973 a	HR/Sp2fs	01HfQ
32	13	6		וְ/שַׂמְתִּ֤י	c/7760 a	HC/Vqq1cs	01xzy
32	13	7		אֶֽת	853	HTo	01LZM
32	13	8		זַרְעֲ/ךָ֙	2233	HNcmsc/Sp2ms	01ohM
32	13	9		כְּ/ח֣וֹל	k/2344	HR/Ncmsc	01P6u
32	13	10		הַ/יָּ֔ם	d/3220	HTd/Ncmsa	01Rzb
32	13	11		אֲשֶׁ֥ר	834 a	HTr	016WD
32	13	12		לֹא	3808	HTn	015XD
32	13	13		יִסָּפֵ֖ר	5608 a	HVNi3ms	01p35
32	13	14		מֵ/רֹֽב	m/7230	HR/Ncbsa	01a2S
32	14	1		וַ/יָּ֥לֶן	c/3885 a	HC/Vqw3ms	01ZtH
32	14	2		שָׁ֖ם	8033	HD	01XmL
32	14	3		בַּ/לַּ֣יְלָה	b/3915	HRd/Ncmsa	01oak
32	14	4		הַ/ה֑וּא	d/1931	HTd/Pp3ms	01kH9
32	14	5		וַ/יִּקַּ֞ח	c/3947	HC/Vqw3ms	01yBS
32	14	6		מִן	4480 a	HR	01JfZ
32	14	7		הַ/בָּ֧א	d/935	HTd/Vqrmsa	01SuH
32	14	8		בְ/יָד֛/וֹ	b/3027	HR/Ncbsc/Sp3ms	01syb
32	14	9		מִנְחָ֖ה	4503	HNcfsa	01k5p
32	14	10		לְ/עֵשָׂ֥ו	l/6215	HR/Np	01MPV
32	14	11		אָחִֽי/ו	251	HNcmsc/Sp3ms	01Yuz
32	15	1		עִזִּ֣ים	5795	HNcfpa	01Qyj
32	15	2		מָאתַ֔יִם	3967	HAcbda	01ckY
32	15	3		וּ/תְיָשִׁ֖ים	c/8495	HC/Ncmpa	01VP4
32	15	4		עֶשְׂרִ֑ים	6242	HAcbpa	01zye
32	15	5		רְחֵלִ֥ים	7353	HNcfpa	01ksM
32	15	6		מָאתַ֖יִם	3967	HAcbda	01faJ
32	15	7		וְ/אֵילִ֥ים	c/352 a	HC/Ncmpa	01HBJ
32	15	8		עֶשְׂרִֽים	6242	HAcbpa	01tiC
32	16	1		גְּמַלִּ֧ים	1581	HNcmpa	013P7
32	16	2		מֵינִיק֛וֹת	3243	HVhrfpa	01ANV
32	16	3		וּ/בְנֵי/הֶ֖ם	c/1121 a	HC/Ncmpc/Sp3mp	01ALK
32	16	4		שְׁלֹשִׁ֑ים	7970	HAcbpa	01NfA
32	16	5		פָּר֤וֹת	6510	HNcfpa	01Y9r
32	16	6		אַרְבָּעִים֙	705	HAcbpa	01GLX
32	16	7		וּ/פָרִ֣ים	c/6499	HC/Ncmpa	01WzM
32	16	8		עֲשָׂרָ֔ה	6235	HAcmsa	01TYq
32	16	9		אֲתֹנֹ֣ת	860	HNcfpa	01oP4
32	16	10		עֶשְׂרִ֔ים	6242	HAcbpa	01qMJ
32	16	11		וַ/עְיָרִ֖ם	c/5895	HC/Ncmpa	01Tpp
32	16	12		עֲשָׂרָֽה	6235	HAcmsa	019zg
32	17	1		וַ/יִּתֵּן֙	c/5414	HC/Vqw3ms	01yJX
32	17	2		בְּ/יַד	b/3027	HR/Ncbsc	01nwp
32	17	3		עֲבָדָ֔י/ו	5650	HNcmpc/Sp3ms	01eaA
32	17	4		עֵ֥דֶר	5739	HNcmsa	01B3T
32	17	5		עֵ֖דֶר	5739	HNcmsa	01WXq
32	17	6		לְ/בַדּ֑/וֹ	l/905	HR/Ncmsc/Sp3ms	01qVy
32	17	7		וַ֤/יֹּאמֶר	c/559	HC/Vqw3ms	01X7q
32	17	8		אֶל	413	HR	01qui
32	17	9		עֲבָדָי/ו֙	5650	HNcmpc/Sp3ms	01ubC
32	17	10		עִבְר֣וּ	5674 a	HVqv2mp	01pa4
32	17	11		לְ/פָנַ֔/י	l/6440	HR/Ncbpc/Sp1cs	01AQt
32	17	12		וְ/רֶ֣וַח	c/7305	HC/Ncmsa	01now
32	17	13		תָּשִׂ֔ימוּ	7760 a	HVqi2mp	01FXk
32	17	14		בֵּ֥ין	996	HR	01WLh
32	17	15		עֵ֖דֶר	5739	HNcmsa	01dfo
32	17	16		וּ/בֵ֥ין	c/996	HC/R	01rES
32	17	17		עֵֽדֶר	5739	HNcmsa	01DAV
32	18	1		וַ/יְצַ֥ו	c/6680	HC/Vpw3ms	01y1x
32	18	2		אֶת	853	HTo	013Db
32	18	3		הָ/רִאשׁ֖וֹן	d/7223	HTd/Aomsa	01MVF
32	18	4		לֵ/אמֹ֑ר	l/559	HR/Vqc	01Uj5
32	18	5		כִּ֣י	3588 a	HC	01qeu
32	18	6		יִֽפְגָּשְׁ/ךָ֞	6298	HVqi3ms/Sp2ms	01PAM
32	18	7		עֵשָׂ֣ו	6215	HNp	01cvo
32	18	8		אָחִ֗/י	251	HNcmsc/Sp1cs	01BzB
32	18	9		וִ/שְׁאֵֽלְ/ךָ֙	c/7592	HC/Vqq3ms/Sp2ms	01PwH
32	18	10		לֵ/אמֹ֔ר	l/559	HR/Vqc	013qA
32	18	11		לְ/מִי	l/4310	HR/Ti	01J84
32	18	12		אַ֨תָּה֙	859 a	HPp2ms	01oVs
32	18	13		וְ/אָ֣נָה	c/575	HC/Ti	01ZDj
32	18	14		תֵלֵ֔ךְ	3212	HVqi2ms	01kEE
32	18	15		וּ/לְ/מִ֖י	c/l/4310	HC/R/Ti	01FcP
32	18	16		אֵ֥לֶּה	428	HPdxcp	01jgJ
32	18	17		לְ/פָנֶֽי/ךָ	l/6440	HR/Ncbpc/Sp2ms	0151g
32	19	1		וְ/אָֽמַרְתָּ֙	c/559	HC/Vqq2ms	01Nm1
32	19	2		לְ/עַבְדְּ/ךָ֣	l/5650	HR/Ncmsc/Sp2ms	01TWv
32	19	3		לְ/יַעֲקֹ֔ב	l/3290	HR/Np	01stM
32	19	4		מִנְחָ֥ה	4503	HNcfsa	01N4B
32	19	5		הִוא֙	1931	HPp3fs	012Wa
32	19	6		שְׁלוּחָ֔ה	7971	HVqsfsa	018mM
32	19	7		לַֽ/אדֹנִ֖/י	l/113	HR/Ncmsc/Sp1cs	01egy
32	19	8		לְ/עֵשָׂ֑ו	l/6215	HR/Np	01XYS
32	19	9		וְ/הִנֵּ֥ה	c/2009	HC/Tm	01doK
32	19	10		גַם	1571	HD	01wo3
32	19	11		ה֖וּא	1931	HPp3ms	01UQM
32	19	12		אַחֲרֵֽי/נוּ	310 a	HR/Sp1cp	018qk
32	20	1		וַ/יְצַ֞ו	c/6680	HC/Vpw3ms	01hAR
32	20	2		גַּ֣ם	1571	HTa	01YFo
32	20	3		אֶת	853	HTo	017r6
32	20	4		הַ/שֵּׁנִ֗י	d/8145	HTd/Aomsa	01Umb
32	20	5		גַּ֚ם	1571	HTa	01uuo
32	20	6		אֶת	853	HTo	01bDs
32	20	7		הַ/שְּׁלִישִׁ֔י	d/7992	HTd/Aomsa	01Qen
32	20	8		גַּ֚ם	1571	HTa	01Xe2
32	20	9		אֶת	853	HTo	01kJs
32	20	10		כָּל	3605	HNcmsc	01P5j
32	20	11		הַ/הֹ֣לְכִ֔ים	d/1980	HTd/Vqrmpa	01ZTo
32	20	12		אַחֲרֵ֥י	310 a	HR	01Vmy
32	20	13		הָ/עֲדָרִ֖ים	d/5739	HTd/Ncmpa	01zG3
32	20	14		לֵ/אמֹ֑ר	l/559	HR/Vqc	01GBJ
32	20	15		כַּ/דָּבָ֤ר	k/1697	HRd/Ncmsa	01UGN
32	20	16		הַ/זֶּה֙	d/2088	HTd/Pdxms	01pWa
32	20	17		תְּדַבְּר֣וּ/ן	1696	HVpi2mp/Sn	01psm
32	20	18		אֶל	413	HR	01oGb
32	20	19		עֵשָׂ֔ו	6215	HNp	017UP
32	20	20		בְּ/מֹצַאֲ/כֶ֖ם	b/4672	HR/Vqc/Sp2mp	01iKq
32	20	21		אֹתֽ/וֹ	853	HTo/Sp3ms	011sn
32	21	1		וַ/אֲמַרְתֶּ֕ם	c/559	HC/Vqq2mp	01yfG
32	21	2		גַּ֗ם	1571	HTa	01Tfh
32	21	3		הִנֵּ֛ה	2009	HTm	01AzH
32	21	4		עַבְדְּ/ךָ֥	5650	HNcmsc/Sp2ms	01JvB
32	21	5		יַעֲקֹ֖ב	3290	HNp	01WTH
32	21	6		אַחֲרֵ֑י/נוּ	310 a	HR/Sp1cp	01LRw
32	21	7		כִּֽי	3588 a	HC	01Z9W
32	21	8		אָמַ֞ר	559	HVqp3ms	014WA
32	21	9		אֲכַפְּרָ֣ה	3722 a	HVph1cs	01Xmm
32	21	10		פָנָ֗י/ו	6440	HNcbpc/Sp3ms	01P4w
32	21	11		בַּ/מִּנְחָה֙	b/4503	HRd/Ncfsa	01sLZ
32	21	12		הַ/הֹלֶ֣כֶת	d/1980	HTd/Vqrfsa	01deJ
32	21	13		לְ/פָנָ֔/י	l/6440	HR/Ncbpc/Sp1cs	01d24
32	21	14		וְ/אַחֲרֵי	c/310 a	HC/R	01TPJ
32	21	15		כֵן֙	3651 c	HD	01Gjo
32	21	16		אֶרְאֶ֣ה	7200	HVqi1cs	01FrP
32	21	17		פָנָ֔י/ו	6440	HNcbpc/Sp3ms	019Jc
32	21	18		אוּלַ֖י	194	HD	01uCZ
32	21	19		יִשָּׂ֥א	5375	HVqi3ms	01XAT
32	21	20		פָנָֽ/י	6440	HNcbpc/Sp1cs	011DF
32	22	1		וַ/תַּעֲבֹ֥ר	c/5674 a	HC/Vqw3fs	01Bh3
32	22	2		הַ/מִּנְחָ֖ה	d/4503	HTd/Ncfsa	01eTr
32	22	3		עַל	5921 a	HR	01ks2
32	22	4		פָּנָ֑י/ו	6440	HNcbpc/Sp3ms	01uA4
32	22	5		וְ/ה֛וּא	c/1931	HC/Pp3ms	01ShW
32	22	6		לָ֥ן	3885 a	HVqrmsa	01k88
32	22	7		בַּ/לַּֽיְלָה	b/3915	HRd/Ncmsa	01PiS
32	22	8		הַ/ה֖וּא	d/1931	HTd/Pp3ms	01xJN
32	22	9		בַּֽ/מַּחֲנֶֽה	b/4264	HRd/Ncbsa	01Y2n
32	23	1		וַ/יָּ֣קָם	c/6965 b	HC/Vqw3ms	01Jmy
32	23	2		בַּ/לַּ֣יְלָה	b/3915	HRd/Ncmsa	01GbY
32	23	3		ה֗וּא	1931	HPp3ms	01Zwd
32	23	4		וַ/יִּקַּ֞ח	c/3947	HC/Vqw3ms	01FTW
32	23	5		אֶת	853	HTo	01WPw
32	23	6		שְׁתֵּ֤י	8147	HAcfdc	01s8U
32	23	7		נָשָׁי/ו֙	802	HNcfpc/Sp3ms	019jH
32	23	8		וְ/אֶת	c/853	HC/To	01ZJk
32	23	9		שְׁתֵּ֣י	8147	HAcfdc	01aaq
32	23	10		שִׁפְחֹתָ֔י/ו	8198	HNcfpc/Sp3ms	01D9J
32	23	11		וְ/אֶת	c/853	HC/To	01At4
32	23	12		אַחַ֥ד	259	HAcmsa	01pFw
32	23	13		עָשָׂ֖ר	6240	HAcmsa	01pAn
32	23	14		יְלָדָ֑י/ו	3206	HNcmpc/Sp3ms	01V8L
32	23	15		וַֽ/יַּעֲבֹ֔ר	c/5674 a	HC/Vqw3ms	01SFr
32	23	16		אֵ֖ת	853	HTo	01pAx
32	23	17		מַעֲבַ֥ר	4569 a	HNcmsc	016L8
32	23	18		יַבֹּֽק	2999	HNp	01EuB
32	24	1		וַ/יִּקָּחֵ֔/ם	c/3947	HC/Vqw3ms/Sp3mp	01Eip
32	24	2		וַ/יַּֽעֲבִרֵ֖/ם	c/5674 a	HC/Vhw3ms/Sp3mp	01G8i
32	24	3		אֶת	853	HTo	01yLr
32	24	4		הַ/נָּ֑חַל	d/5158 a	HTd/Ncmsa	01D3Q
32	24	5		וַֽ/יַּעֲבֵ֖ר	c/5674 a	HC/Vhw3ms	01gLX
32	24	6		אֶת	853	HTo	01Rmf
32	24	7		אֲשֶׁר	834 a	HTr	01tit
32	24	8		ל/וֹ	l	HR/Sp3ms	01hSB
32	25	1		וַ/יִּוָּתֵ֥ר	c/3498	HC/VNw3ms	01tFY
32	25	2		יַעֲקֹ֖ב	3290	HNp	01Rr1
32	25	3		לְ/בַדּ֑/וֹ	l/905	HR/Ncmsc/Sp3ms	01Hbx
32	25	4		וַ/יֵּאָבֵ֥ק	c/79	HC/VNw3ms	01etn
32	25	5		אִישׁ֙	376	HNcmsa	01JAN
32	25	6		עִמּ֔/וֹ	5973 a	HR/Sp3ms	01R6s
32	25	7		עַ֖ד	5704	HR	01Wy4
32	25	8		עֲל֥וֹת	5927	HVqc	01869
32	25	9		הַ/שָּֽׁחַר	d/7837	HTd/Ncmsa	01954
32	26	1		וַ/יַּ֗רְא	c/7200	HC/Vqw3ms	01wLC
32	26	2		כִּ֣י	3588 a	HC	01ZBr
32	26	3		לֹ֤א	3808	HTn	01zbk
32	26	4		יָכֹל֙	3201	HVqp3ms	01o1G
32	26	5		ל֔/וֹ	l	HR/Sp3ms	01DM7
32	26	6		וַ/יִּגַּ֖ע	c/5060	HC/Vqw3ms	01D7s
32	26	7		בְּ/כַף	b/3709	HR/Ncfsc	01exS
32	26	8		יְרֵכ֑/וֹ	3409	HNcfsc/Sp3ms	01xpZ
32	26	9		וַ/תֵּ֨קַע֙	c/3363	HC/Vqw3fs	01x95
32	26	10		כַּף	3709	HNcfsc	01qX6
32	26	11		יֶ֣רֶךְ	3409	HNcfsc	01eNN
32	26	12		יַעֲקֹ֔ב	3290	HNp	01PWp
32	26	13		בְּ/הֵֽאָבְק֖/וֹ	b/79	HR/VNc/Sp3ms	013LH
32	26	14		עִמּֽ/וֹ	5973 a	HR/Sp3ms	01ecq
32	27	1		וַ/יֹּ֣אמֶר	c/559	HC/Vqw3ms	01hUd
32	27	2		שַׁלְּחֵ֔/נִי	7971	HVpv2ms/Sp1cs	0152X
32	27	3		כִּ֥י	3588 a	HC	017WR
32	27	4		עָלָ֖ה	5927	HVqp3ms	019yL
32	27	5		הַ/שָּׁ֑חַר	d/7837	HTd/Ncmsa	01nZ2
32	27	6		וַ/יֹּ֨אמֶר֙	c/559	HC/Vqw3ms	01sk9
32	27	7		לֹ֣א	3808	HTn	01FK9
32	27	8		אֲשַֽׁלֵּחֲ/ךָ֔	7971	HVpi1cs/Sp2ms	016dr
32	27	9		כִּ֖י	3588 b	HC	01UCY
32	27	10		אִם	518 b	HC	01fgw
32	27	11		בֵּרַכְתָּֽ/נִי	1288	HVpp2ms/Sp1cs	01nVy
32	28	1		וַ/יֹּ֥אמֶר	c/559	HC/Vqw3ms	01KPw
32	28	2		אֵלָ֖י/ו	413	HR/Sp3ms	01pjN
32	28	3		מַה	4100	HTi	01DLD
32	28	4		שְּׁמֶ֑/ךָ	8034	HNcmsc/Sp2ms	01Jf1
32	28	5		וַ/יֹּ֖אמֶר	c/559	HC/Vqw3ms	013YY
32	28	6		יַעֲקֹֽב	3290	HNp	015np
32	29	1		וַ/יֹּ֗אמֶר	c/559	HC/Vqw3ms	01kyD
32	29	2		לֹ֤א	3808	HTn	01cTB
32	29	3		יַעֲקֹב֙	3290	HNp	01xdg
32	29	4		יֵאָמֵ֥ר	559	HVNi3ms	01Rp3
32	29	5		עוֹד֙	5750	HD	01riy
32	29	6		שִׁמְ/ךָ֔	8034	HNcmsc/Sp2ms	0165F
32	29	7		כִּ֖י	3588 b	HC	01qmk
32	29	8		אִם	518 b	HC	01YgE
32	29	9		יִשְׂרָאֵ֑ל	3478	HNp	01Q1E
32	29	10		כִּֽי	3588 a	HC	01Y3X
32	29	11		שָׂרִ֧יתָ	8280	HVqp2ms	01nBU
32	29	12		עִם	5973 a	HR	01Ske
32	29	13		אֱלֹהִ֛ים	430	HNcmpa	01QPL
32	29	14		וְ/עִם	c/5973 a	HC/R	01B38
32	29	15		אֲנָשִׁ֖ים	376	HNcmpa	01x1b
32	29	16		וַ/תּוּכָֽל	c/3201	HC/Vqw2ms	01did
32	30	1		וַ/יִּשְׁאַ֣ל	c/7592	HC/Vqw3ms	01Deu
32	30	2		יַעֲקֹ֗ב	3290	HNp	01qP1
32	30	3		וַ/יֹּ֨אמֶר֙	c/559	HC/Vqw3ms	01uJL
32	30	4		הַגִּֽידָ/ה	5046	HVhv2ms/Sh	011or
32	30	5		נָּ֣א	4994	HTj	01G5Y
32	30	6		שְׁמֶ֔/ךָ	8034	HNcmsc/Sp2ms	01jjU
32	30	7		וַ/יֹּ֕אמֶר	c/559	HC/Vqw3ms	01Ky9
32	30	8		לָ֥/מָּה	l/4100	HR/Ti	01Put
32	30	9		זֶּ֖ה	2088	HPdxms	01XUT
32	30	10		תִּשְׁאַ֣ל	7592	HVqi2ms	01ZHS
32	30	11		לִ/שְׁמִ֑/י	l/8034	HR/Ncmsc/Sp1cs	01DWS
32	30	12		וַ/יְבָ֥רֶךְ	c/1288	HC/Vpw3ms	01Un6
32	30	13		אֹת֖/וֹ	853	HTo/Sp3ms	01W9g
32	30	14		שָֽׁם	8033	HD	01v7u
32	31	1		וַ/יִּקְרָ֧א	c/7121	HC/Vqw3ms	01SkA
32	31	2		יַעֲקֹ֛ב	3290	HNp	01LWh
32	31	3		שֵׁ֥ם	8034	HNcmsc	01VKZ
32	31	4		הַ/מָּק֖וֹם	d/4725	HTd/Ncmsa	01ruf
32	31	5		פְּנִיאֵ֑ל	6439	HNp	01Am2
32	31	6		כִּֽי	3588 a	HC	01Cnp
32	31	7		רָאִ֤יתִי	7200	HVqp1cs	01X1b
32	31	8		אֱלֹהִים֙	430	HNcmpa	01ALi
32	31	9		פָּנִ֣ים	6440	HNcbpa	01Ssy
32	31	10		אֶל	413	HR	01DPE
32	31	11		פָּנִ֔ים	6440	HNcbpa	01zuZ
32	31	12		וַ/תִּנָּצֵ֖ל	c/5337	HC/VNw3fs	01qAF
32	31	13		נַפְשִֽׁ/י	5315	HNcbsc/Sp1cs	01NmV
32	32	1		וַ/יִּֽזְרַֽח	c/2224	HC/Vqw3ms	01ycd
32	32	2		ל֣/וֹ	l	HR/Sp3ms	01ZJr
32	32	3		הַ/שֶּׁ֔מֶשׁ	d/8121	HTd/Ncbsa	01Nuf
32	32	4		כַּ/אֲשֶׁ֥ר	k/834 d	HR/Tr	01HA5
32	32	5		עָבַ֖ר	5674 a	HVqp3ms	01SBt
32	32	6		אֶת	853	HTo	014cJ
32	32	7		פְּנוּאֵ֑ל	6439	HNp	01mT3
32	32	8		וְ/ה֥וּא	c/1931	HC/Pp3ms	01kgZ
32	32	9		צֹלֵ֖עַ	6760	HVqrmsa	01TiG
32	32	10		עַל	5921 a	HR	01KCi
32	32	11		יְרֵכֽ/וֹ	3409	HNcfsc/Sp3ms	01zQa
32	33	1		עַל	5921 a	HR	01avz
32	33	2		כֵּ֡ן	3651 c	HTm	01vVQ
32	33	3		לֹֽא	3808	HTn	01cwr
32	33	4		יֹאכְל֨וּ	398	HVqi3mp	01mS4
32	33	5		בְנֵֽי	1121 a	HNcmpc	01eRj
32	33	6		יִשְׂרָאֵ֜ל	3478	HNp	018XF
32	33	7		אֶת	853	HTo	01RL4
32	33	8		גִּ֣יד	1517	HNcmsc	01G2B
32	33	9		הַ/נָּשֶׁ֗ה	d/5384	HTd/Ncmsa	01QpK
32	33	10		אֲשֶׁר֙	834 a	HTr	01AxC
32	33	11		עַל	5921 a	HR	019h6
32	33	12		כַּ֣ף	3709	HNcfsc	01hXP
32	33	13		הַ/יָּרֵ֔ךְ	d/3409	HTd/Ncfsa	018qi
32	33	14		עַ֖ד	5704	HR	01Kqz
32	33	15		הַ/יּ֣וֹם	d/3117	HTd/Ncmsa	01ggm
32	33	16		הַ/זֶּ֑ה	d/2088	HTd/Pdxms	01Qza
32	33	17		כִּ֤י	3588 a	HC	01krk
32	33	18		נָגַע֙	5060	HVqp3ms	01b4n
32	33	19		בְּ/כַף	b/3709	HR/Ncfsc	01Jia
32	33	20		יֶ֣רֶךְ	3409	HNcfsc	01Y9M
32	33	21		יַעֲקֹ֔ב	3290	HNp	01nLA
32	33	22		בְּ/גִ֖יד	b/1517	HR/Ncmsc	01jmt
32	33	23		הַ/נָּשֶֽׁה	d/5384	HTd/Ncmsa	01SEK
33	1	1		וַ/יִּשָּׂ֨א	c/5375	HC/Vqw3ms	01X8E
33	1	2		יַעֲקֹ֜ב	3290	HNp	01XV3
33	1	3		עֵינָ֗י/ו	5869 a	HNcbdc/Sp3ms	018FL
33	1	4		וַ/יַּרְא֙	c/7200	HC/Vqw3ms	01Rmg
33	1	5		וְ/הִנֵּ֣ה	c/2009	HC/Tm	01TKu
33	1	6		עֵשָׂ֣ו	6215	HNp	01d9C
33	1	7		בָּ֔א	935	HVqrmsa	017Ec
33	1	8		וְ/עִמּ֕/וֹ	c/5973 a	HC/R/Sp3ms	01zGZ
33	1	9		אַרְבַּ֥ע	702	HAcfsa	01KRo
33	1	10		מֵא֖וֹת	3967	HAcbpa	0171x
33	1	11		אִ֑ישׁ	376	HNcmsa	01Xvr
33	1	12		וַ/יַּ֣חַץ	c/2673	HC/Vqw3ms	01XjM
33	1	13		אֶת	853	HTo	01xov
33	1	14		הַ/יְלָדִ֗ים	d/3206	HTd/Ncmpa	01aVX
33	1	15		עַל	5921 a	HR	01MAP
33	1	16		לֵאָה֙	3812	HNp	014FL
33	1	17		וְ/עַל	c/5921 a	HC/R	01ntc
33	1	18		רָחֵ֔ל	7354	HNp	01uwH
33	1	19		וְ/עַ֖ל	c/5921 a	HC/R	01ahq
33	1	20		שְׁתֵּ֥י	8147	HAcfdc	01gn7
33	1	21		הַ/שְּׁפָחֽוֹת	d/8198	HTd/Ncfpa	01qcT
33	2	1		וַ/יָּ֧שֶׂם	c/7760 a	HC/Vqw3ms	01QmJ
33	2	2		אֶת	853	HTo	01j7A
33	2	3		הַ/שְּׁפָח֛וֹת	d/8198	HTd/Ncfpa	01Lt5
33	2	4		וְ/אֶת	c/853	HC/To	01hXj
33	2	5		יַלְדֵי/הֶ֖ן	3206	HNcmpc/Sp3fp	01WnM
33	2	6		רִֽאשֹׁנָ֑ה	7223	HAafsa	01TFN
33	2	7		וְ/אֶת	c/853	HC/To	01Zeq
33	2	8		לֵאָ֤ה	3812	HNp	01ov2
33	2	9		וִֽ/ילָדֶ֨י/הָ֙	c/3206	HC/Ncmpc/Sp3fs	01f18
33	2	10		אַחֲרֹנִ֔ים	314	HAampa	01NLh
33	2	11		וְ/אֶת	c/853	HC/To	01JWS
33	2	12		רָחֵ֥ל	7354	HNp	01Vdv
33	2	13		וְ/אֶת	c/853	HC/To	01Fnw
33	2	14		יוֹסֵ֖ף	3130	HNp	01N4r
33	2	15		אַחֲרֹנִֽים	314	HAampa	01Fov
33	3	1		וְ/ה֖וּא	c/1931	HC/Pp3ms	011Bi
33	3	2		עָבַ֣ר	5674 a	HVqp3ms	01vJ9
33	3	3		לִ/פְנֵי/הֶ֑ם	l/6440	HR/Ncbpc/Sp3mp	017BK
33	3	4		וַ/יִּשְׁתַּ֤חוּ	c/7812	HC/Vtw3ms	01VGu
33	3	5		אַ֨רְצָ/ה֙	776	HNcbsa/Sd	01GdN
33	3	6		שֶׁ֣בַע	7651	HAcfsa	01V6G
33	3	7		פְּעָמִ֔ים	6471	HNcfpa	01tuT
33	3	8		עַד	5704	HR	01WDG
33	3	9		גִּשְׁתּ֖/וֹ	5066	HVqc/Sp3ms	01odV
33	3	10		עַד	5704	HR	01HHT
33	3	11		אָחִֽי/ו	251	HNcmsc/Sp3ms	01eaU
33	4	1		וַ/יָּ֨רָץ	c/7323	HC/Vqw3ms	01kqM
33	4	2		עֵשָׂ֤ו	6215	HNp	01WxM
33	4	3		לִ/קְרָאת/וֹ֙	l/7125	HR/Vqc/Sp3ms	012LJ
33	4	4		וַֽ/יְחַבְּקֵ֔/הוּ	c/2263	HC/Vpw3ms/Sp3ms	01Gis
33	4	5		וַ/יִּפֹּ֥ל	c/5307	HC/Vqw3ms	01K7N
33	4	6		עַל	5921 a	HR	017rd
33	4	7		צַוָּארָ֖/ו	6677 a	HNcmsc/Sp3ms	01CZf
33	4	8		וַׄ/יִּׄשָּׁׄקֵ֑ׄ/הׄוּׄ	c/5401 a	HC/Vqw3ms/Sp3ms	01wVM
33	4	9		וַ/יִּבְכּֽוּ	c/1058	HC/Vqw3mp	01HVY
33	5	1		וַ/יִּשָּׂ֣א	c/5375	HC/Vqw3ms	01mjC
33	5	2		אֶת	853	HTo	01ddu
33	5	3		עֵינָ֗י/ו	5869 a	HNcbdc/Sp3ms	01uji
33	5	4		וַ/יַּ֤רְא	c/7200	HC/Vqw3ms	01Vo7
33	5	5		אֶת	853	HTo	012w6
33	5	6		הַ/נָּשִׁים֙	d/802	HTd/Ncfpa	01p6v
33	5	7		וְ/אֶת	c/853	HC/To	01rpi
33	5	8		הַ/יְלָדִ֔ים	d/3206	HTd/Ncmpa	01zrY
33	5	9		וַ/יֹּ֖אמֶר	c/559	HC/Vqw3ms	01n67
33	5	10		מִי	4310	HTi	01mZS
33	5	11		אֵ֣לֶּה	428	HPdxcp	01XwD
33	5	12		לָּ֑/ךְ	l	HR/Sp2fs	01b4B
33	5	13		וַ/יֹּאמַ֕ר	c/559	HC/Vqw3ms	0158u
33	5	14		הַ/יְלָדִ֕ים	d/3206	HTd/Ncmpa	016kN
33	5	15		אֲשֶׁר	834 a	HTr	01hWa
33	5	16		חָנַ֥ן	2603 a	HVqp3ms	01ASY
33	5	17		אֱלֹהִ֖ים	430	HNcmpa	01HYe
33	5	18		אֶת	853	HTo	01zHS
33	5	19		עַבְדֶּֽ/ךָ	5650	HNcmsc/Sp2ms	01REW
33	6	1		וַ/תִּגַּ֧שְׁןָ	c/5066	HC/Vqw3fp	01DRB
33	6	2		הַ/שְּׁפָח֛וֹת	d/8198	HTd/Ncfpa	01Y9x
33	6	3		הֵ֥נָּה	2007	HPp3fp	01B5n
33	6	4		וְ/יַלְדֵי/הֶ֖ן	c/3206	HC/Ncmpc/Sp3fp	01c6c
33	6	5		וַ/תִּֽשְׁתַּחֲוֶֽיןָ	c/7812	HC/Vvw3fp	01VWb
33	7	1		וַ/תִּגַּ֧שׁ	c/5066	HC/Vqw3fs	01MA9
33	7	2		גַּם	1571	HTa	01dcR
33	7	3		לֵאָ֛ה	3812	HNp	01YrN
33	7	4		וִ/ילָדֶ֖י/הָ	c/3206	HC/Ncmpc/Sp3fs	013ra
33	7	5		וַ/יִּֽשְׁתַּחֲו֑וּ	c/7812	HC/Vtw3mp	01NJV
33	7	6		וְ/אַחַ֗ר	c/310 a	HC/D	01BGx
33	7	7		נִגַּ֥שׁ	5066	HVNp3ms	01eE3
33	7	8		יוֹסֵ֛ף	3130	HNp	01cMP
33	7	9		וְ/רָחֵ֖ל	c/7354	HC/Np	01SDh
33	7	10		וַ/יִּֽשְׁתַּחֲוֽוּ	c/7812	HC/Vtw3mp	01nD7
33	8	1		וַ/יֹּ֕אמֶר	c/559	HC/Vqw3ms	01Rk8
33	8	2		מִ֥י	4310	HTi	017bt
33	8	3		לְ/ךָ֛	l	HR/Sp2ms	01REU
33	8	4		כָּל	3605	HNcmsc	017jo
33	8	5		הַ/מַּחֲנֶ֥ה	d/4264	HTd/Ncbsa	01tiQ
33	8	6		הַ/זֶּ֖ה	d/2088	HTd/Pdxms	01VDp
33	8	7		אֲשֶׁ֣ר	834 a	HTr	01uaG
33	8	8		פָּגָ֑שְׁתִּי	6298	HVqp1cs	01zh5
33	8	9		וַ/יֹּ֕אמֶר	c/559	HC/Vqw3ms	01iE8
33	8	10		לִ/מְצֹא	l/4672	HR/Vqc	01kWs
33	8	11		חֵ֖ן	2580	HNcmsa	01JS2
33	8	12		בְּ/עֵינֵ֥י	b/5869 a	HR/Ncbdc	01UTq
33	8	13		אֲדֹנִֽ/י	113	HNcmsc/Sp1cs	01tpb
33	9	1		וַ/יֹּ֥אמֶר	c/559	HC/Vqw3ms	016i2
33	9	2		עֵשָׂ֖ו	6215	HNp	01vLw
33	9	3		יֶשׁ	3426	HTm	01XzD
33	9	4		לִ֣/י	l	HR/Sp1cs	01s5t
33	9	5		רָ֑ב	7227 a	HAamsa	01U5X
33	9	6		אָחִ֕/י	251	HNcmsc/Sp1cs	012UN
33	9	7		יְהִ֥י	1961	HVqj3ms	01Ss1
33	9	8		לְ/ךָ֖	l	HR/Sp2ms	01K7M
33	9	9		אֲשֶׁר	834 a	HTr	01HG8
33	9	10		לָֽ/ךְ	l	HR/Sp2fs	01X6P
33	10	1		וַ/יֹּ֣אמֶר	c/559	HC/Vqw3ms	01dvV
33	10	2		יַעֲקֹ֗ב	3290	HNp	01HNV
33	10	3		אַל	408	HTn	01e6x
33	10	4		נָא֙	4994	HTe	01Chi
33	10	5		אִם	518 a	HC	01LJr
33	10	6		נָ֨א	4994	HTe	01gif
33	10	7		מָצָ֤אתִי	4672	HVqp1cs	01Mzn
33	10	8		חֵן֙	2580	HNcmsa	01pgt
33	10	9		בְּ/עֵינֶ֔י/ךָ	b/5869 a	HR/Ncbdc/Sp2ms	01T82
33	10	10		וְ/לָקַחְתָּ֥	c/3947	HC/Vqq2ms	01uKA
33	10	11		מִנְחָתִ֖/י	4503	HNcfsc/Sp1cs	012FH
33	10	12		מִ/יָּדִ֑/י	m/3027	HR/Ncbsc/Sp1cs	017D9
33	10	13		כִּ֣י	3588 c	HC	01Xdq
33	10	14		עַל	5921 b	HR	01pNo
33	10	15		כֵּ֞ן	3651 b	HTm	01H65
33	10	16		רָאִ֣יתִי	7200	HVqp1cs	01ubq
33	10	17		פָנֶ֗י/ךָ	6440	HNcbpc/Sp2ms	01svn
33	10	18		כִּ/רְאֹ֛ת	k/7200	HR/Vqc	01vHT
33	10	19		פְּנֵ֥י	6440	HNcbpc	01E3a
33	10	20		אֱלֹהִ֖ים	430	HNcmpa	01TTL
33	10	21		וַ/תִּרְצֵֽ/נִי	c/7521	HC/Vqw2ms/Sp1cs	01xno
33	11	1		קַח	3947	HVqv2ms	01syT
33	11	2		נָ֤א	4994	HTe	012wr
33	11	3		אֶת	853	HTo	01tjE
33	11	4		בִּרְכָתִ/י֙	1293	HNcfsc/Sp1cs	01in1
33	11	5		אֲשֶׁ֣ר	834 a	HTr	01F2K
33	11	6		הֻבָ֣את	935	HVHp3fs	01h7m
33	11	7		לָ֔/ךְ	l	HR/Sp2fs	01Pfv
33	11	8		כִּֽי	3588 a	HC	01UPh
33	11	9		חַנַּ֥/נִי	2603 a	HVqp3ms/Sp1cs	01ypp
33	11	10		אֱלֹהִ֖ים	430	HNcmpa	01FtE
33	11	11		וְ/כִ֣י	c/3588 a	HC/C	01PZQ
33	11	12		יֶשׁ	3426	HTm	01kWG
33	11	13		לִ/י	l	HR/Sp1cs	01z1W
33	11	14		כֹ֑ל	3605	HNcmsa	01wSw
33	11	15		וַ/יִּפְצַר	c/6484	HC/Vqw3ms	01jar
33	11	16		בּ֖/וֹ	b	HR/Sp3ms	01Tpk
33	11	17		וַ/יִּקָּֽח	c/3947	HC/Vqw3ms	01Gjq
33	12	1		וַ/יֹּ֖אמֶר	c/559	HC/Vqw3ms	01n8W
33	12	2		נִסְעָ֣ה	5265	HVqh1cp	01mPd
33	12	3		וְ/נֵלֵ֑כָה	c/3212	HC/Vqh1cp	01Vbd
33	12	4		וְ/אֵלְכָ֖ה	c/3212	HC/Vqi1cs	01H2d
33	12	5		לְ/נֶגְדֶּֽ/ךָ	l/5048	HR/R/Sp2ms	01eDw
33	13	1		וַ/יֹּ֣אמֶר	c/559	HC/Vqw3ms	01ZxE
33	13	2		אֵלָ֗י/ו	413	HR/Sp3ms	01pw2
33	13	3		אֲדֹנִ֤/י	113	HNcmsc/Sp1cs	01RS3
33	13	4		יֹדֵ֨עַ֙	3045	HVqrmsa	01Tmq
33	13	5		כִּֽי	3588 a	HC	01Q96
33	13	6		הַ/יְלָדִ֣ים	d/3206	HTd/Ncmpa	011RT
33	13	7		רַכִּ֔ים	7390	HAampa	01Qjq
33	13	8		וְ/הַ/צֹּ֥אן	c/d/6629	HC/Td/Ncbsa	01e5C
33	13	9		וְ/הַ/בָּקָ֖ר	c/d/1241	HC/Td/Ncbsa	01yGy
33	13	10		עָל֣וֹת	5763	HVqrfpa	01X3s
33	13	11		עָלָ֑/י	5921 a	HR/Sp1cs	01Yb4
33	13	12		וּ/דְפָקוּ/ם֙	c/1849	HC/Vqq3cp/Sp3mp	015d4
33	13	13		י֣וֹם	3117	HNcmsa	01rnk
33	13	14		אֶחָ֔ד	259	HAcmsa	01dLn
33	13	15		וָ/מֵ֖תוּ	c/4191	HC/Vqq3cp	01xkR
33	13	16		כָּל	3605	HNcmsc	01VmR
33	13	17		הַ/צֹּֽאן	d/6629	HTd/Ncbsa	01ZYc
33	14	1		יַעֲבָר	5674 a	HVqj3ms	01hZA
33	14	2		נָ֥א	4994	HTe	015E4
33	14	3		אֲדֹנִ֖/י	113	HNcmsc/Sp1cs	01QFP
33	14	4		לִ/פְנֵ֣י	l/6440	HR/Ncbpc	01mo6
33	14	5		עַבְדּ֑/וֹ	5650	HNcmsc/Sp3ms	01Atc
33	14	6		וַ/אֲנִ֞י	c/589	HC/Pp1cs	01Yx8
33	14	7		אֶֽתְנָהֲלָ֣ה	5095	HVth1cs	01YwD
33	14	8		לְ/אִטִּ֗/י	l/328 b	HR/Ncmsc/Sp1cs	018Ut
33	14	9		לְ/רֶ֨גֶל	l/7272	HR/Ncfsc	01DDd
33	14	10		הַ/מְּלָאכָ֤ה	d/4399	HTd/Ncfsa	01eWa
33	14	11		אֲשֶׁר	834 a	HTr	01xvX
33	14	12		לְ/פָנַ/י֙	l/6440	HR/Ncbpc/Sp1cs	01tha
33	14	13		וּ/לְ/רֶ֣גֶל	c/l/7272	HC/R/Ncfsc	01Kev
33	14	14		הַ/יְלָדִ֔ים	d/3206	HTd/Ncmpa	01Mt9
33	14	15		עַ֛ד	5704	HR	01FLn
33	14	16		אֲשֶׁר	834 a	HTr	01R5x
33	14	17		אָבֹ֥א	935	HVqi1cs	01VtK
33	14	18		אֶל	413	HR	01HRP
33	14	19		אֲדֹנִ֖/י	113	HNcmsc/Sp1cs	01LMD
33	14	20		שֵׂעִֽירָ/ה	8165 a	HNp/Sd	01YZ7
33	15	1		וַ/יֹּ֣אמֶר	c/559	HC/Vqw3ms	01AXz
33	15	2		עֵשָׂ֔ו	6215	HNp	011WN
33	15	3		אַצִּֽיגָה	3322	HVhh1cs	0155B
33	15	4		נָּ֣א	4994	HTj	01grY
33	15	5		עִמְּ/ךָ֔	5973 a	HR/Sp2ms	01Fa2
33	15	6		מִן	4480 a	HR	017JT
33	15	7		הָ/עָ֖ם	d/5971 a	HTd/Ncmsa	01b2W
33	15	8		אֲשֶׁ֣ר	834 a	HTr	01BTb
33	15	9		אִתִּ֑/י	854	HR/Sp1cs	01y1s
33	15	10		וַ/יֹּ֨אמֶר֙	c/559	HC/Vqw3ms	01z4n
33	15	11		לָ֣/מָּה	l/4100	HR/Ti	01Ghz
33	15	12		זֶּ֔ה	2088	HPdxms	0116f
33	15	13		אֶמְצָא	4672	HVqh1cs	01WZu
33	15	14		חֵ֖ן	2580	HNcmsa	01MRJ
33	15	15		בְּ/עֵינֵ֥י	b/5869 a	HR/Ncbdc	01M4n
33	15	16		אֲדֹנִֽ/י	113	HNcmsc/Sp1cs	01wrP
33	16	1		וַ/יָּשָׁב֩	c/7725	HC/Vqw3ms	01PSB
33	16	2		בַּ/יּ֨וֹם	b/3117	HRd/Ncmsa	01BCU
33	16	3		הַ/ה֥וּא	d/1931	HTd/Pp3ms	01fgg
33	16	4		עֵשָׂ֛ו	6215	HNp	01jHR
33	16	5		לְ/דַרְכּ֖/וֹ	l/1870	HR/Ncbsc/Sp3ms	01MxV
33	16	6		שֵׂעִֽירָ/ה	8165 a	HNp/Sd	01r5p
33	17	1		וְ/יַעֲקֹב֙	c/3290	HC/Np	016bs
33	17	2		נָסַ֣ע	5265	HVqp3ms	01sfG
33	17	3		סֻכֹּ֔תָ/ה	5523	HNp/Sd	01e64
33	17	4		וַ/יִּ֥בֶן	c/1129	HC/Vqw3ms	01LpV
33	17	5		ל֖/וֹ	l	HR/Sp3ms	01msx
33	17	6		בָּ֑יִת	1004 b	HNcmsa	01Jes
33	17	7		וּ/לְ/מִקְנֵ֨/הוּ֙	c/l/4735	HC/R/Ncmsc/Sp3ms	016nd
33	17	8		עָשָׂ֣ה	6213 a	HVqp3ms	01cnD
33	17	9		סֻכֹּ֔ת	5521	HNcfpa	01ahD
33	17	10		עַל	5921 a	HR	01ft3
33	17	11		כֵּ֛ן	3651 c	HTm	01KLj
33	17	12		קָרָ֥א	7121	HVqp3ms	01n4b
33	17	13		שֵׁם	8034	HNcmsc	01xH7
33	17	14		הַ/מָּק֖וֹם	d/4725	HTd/Ncmsa	01EPe
33	17	15		סֻכּֽוֹת	5523	HNp	013hk
33	18	1		וַ/יָּבֹא֩	c/935	HC/Vqw3ms	01LjJ
33	18	2		יַעֲקֹ֨ב	3290	HNp	01Cj8
33	18	3		שָׁלֵ֜ם	8003	HAamsa	0157s
33	18	4		עִ֣יר	5892 b	HNcfsc	01Gep
33	18	5		שְׁכֶ֗ם	7927	HNp	01baG
33	18	6		אֲשֶׁר֙	834 a	HTr	01MkC
33	18	7		בְּ/אֶ֣רֶץ	b/776	HR/Ncbsc	01vDP
33	18	8		כְּנַ֔עַן	3667 a	HNp	01wBm
33	18	9		בְּ/בֹא֖/וֹ	b/935	HR/Vqc/Sp3ms	01Dik
33	18	10		מִ/פַּדַּ֣ן	m/6307+	HR/Np	01k92
33	18	11		אֲרָ֑ם	6307	HNp	01PfP
33	18	12		וַ/יִּ֖חַן	c/2583	HC/Vqw3ms	01GHF
33	18	13		אֶת	854	HR	01Sj4
33	18	14		פְּנֵ֥י	6440	HNcbpc	01wkc
33	18	15		הָ/עִֽיר	d/5892 b	HTd/Ncfsa	013Jn
33	19	1		וַ/יִּ֜קֶן	c/7069	HC/Vqw3ms	013AH
33	19	2		אֶת	853	HTo	01FR3
33	19	3		חֶלְקַ֣ת	2513 a	HNcfsc	01NPs
33	19	4		הַ/שָּׂדֶ֗ה	d/7704 b	HTd/Ncmsa	013cR
33	19	5		אֲשֶׁ֤ר	834 a	HTr	01Csb
33	19	6		נָֽטָה	5186	HVqp3ms	01Zau
33	19	7		שָׁם֙	8033	HD	01RdP
33	19	8		אָהֳל֔/וֹ	168	HNcmsc/Sp3ms	01HJr
33	19	9		מִ/יַּ֥ד	m/3027	HR/Ncbsc	019na
33	19	10		בְּנֵֽי	1121 a	HNcmpc	01ibP
33	19	11		חֲמ֖וֹר	2544	HNp	01cyX
33	19	12		אֲבִ֣י	1	HNcmsc	01WSJ
33	19	13		שְׁכֶ֑ם	7927	HNp	01Qs8
33	19	14		בְּ/מֵאָ֖ה	b/3967	HR/Acbsa	01NjR
33	19	15		קְשִׂיטָֽה	7192	HNcfsa	01cWL
33	20	1		וַ/יַּצֶּב	c/5324	HC/Vhw3ms	01GgJ
33	20	2		שָׁ֖ם	8033	HD	01XkR
33	20	3		מִזְבֵּ֑חַ	4196	HNcmsa	01Lqv
33	20	4		וַ/יִּ֨קְרָא	c/7121	HC/Vqw3ms	011VT
33	20	5		ל֔/וֹ	l	HR/Sp3ms	01SdA
33	20	6		אֵ֖ל	410	HNcmsa	01AJf
33	20	7		אֱלֹהֵ֥י	430	HNcmpc	01U2h
33	20	8		יִשְׂרָאֵֽל	3478	HNp	01fv7
34	1	1		וַ/תֵּצֵ֤א	c/3318	HC/Vqw3fs	01qfU
34	1	2		דִינָה֙	1783	HNp	01R6p
34	1	3		בַּת	1323	HNcfsc	01PNe
34	1	4		לֵאָ֔ה	3812	HNp	01pmU
34	1	5		אֲשֶׁ֥ר	834 a	HTr	01FWU
34	1	6		יָלְדָ֖ה	3205	HVqp3fs	01gXX
34	1	7		לְ/יַעֲקֹ֑ב	l/3290	HR/Np	01Xto
34	1	8		לִ/רְא֖וֹת	l/7200	HR/Vqc	01KNX
34	1	9		בִּ/בְנ֥וֹת	b/1323	HR/Ncfpc	01vai
34	1	10		הָ/אָֽרֶץ	d/776	HTd/Ncbsa	01Pg3
34	2	1		וַ/יַּ֨רְא	c/7200	HC/Vqw3ms	01faY
34	2	2		אֹתָ֜/הּ	853	HTo/Sp3fs	01hLj
34	2	3		שְׁכֶ֧ם	7927	HNp	01btt
34	2	4		בֶּן	1121 a	HNcmsc	01v9h
34	2	5		חֲמ֛וֹר	2544	HNp	01Zfk
34	2	6		הַֽ/חִוִּ֖י	d/2340	HTd/Ngmsa	01y8f
34	2	7		נְשִׂ֣יא	5387 a	HNcmsc	01tJE
34	2	8		הָ/אָ֑רֶץ	d/776	HTd/Ncbsa	01ja5
34	2	9		וַ/יִּקַּ֥ח	c/3947	HC/Vqw3ms	01h2W
34	2	10		אֹתָ֛/הּ	853	HTo/Sp3fs	01w3j
34	2	11		וַ/יִּשְׁכַּ֥ב	c/7901	HC/Vqw3ms	01RG2
34	2	12		אֹתָ֖/הּ	853	HTo/Sp3fs	01Nkm
34	2	13		וַ/יְעַנֶּֽ/הָ	c/6031 b	HC/Vpw3ms/Sp3fs	012os
34	3	1		וַ/תִּדְבַּ֣ק	c/1692	HC/Vqw3fs	016QN
34	3	2		נַפְשׁ֔/וֹ	5315	HNcbsc/Sp3ms	018D2
34	3	3		בְּ/דִינָ֖ה	b/1783	HR/Np	015oV
34	3	4		בַּֽת	1323	HNcfsc	01SDA
34	3	5		יַעֲקֹ֑ב	3290	HNp	01EED
34	3	6		וַ/יֶּֽאֱהַב֙	c/157	HC/Vqw3ms	01GSW
34	3	7		אֶת	853	HTo	018RP
34	3	8		הַֽ/נַּעֲרָ֔	d/5291	HTd/Ncfsa	01Qx7
34	3	9		וַ/יְדַבֵּ֖ר	c/1696	HC/Vpw3ms	016D7
34	3	10		עַל	5921 a	HR	01DQw
34	3	11		לֵ֥ב	3820 a	HNcmsc	01jH1
34	3	12		הַֽ/נַּעֲרָֽ	d/5291	HTd/Ncfsa	01vvc
34	4	1		וַ/יֹּ֣אמֶר	c/559	HC/Vqw3ms	01Rxi
34	4	2		שְׁכֶ֔ם	7927	HNp	01kHL
34	4	3		אֶל	413	HR	011Qh
34	4	4		חֲמ֥וֹר	2544	HNp	01Kud
34	4	5		אָבִ֖י/ו	1	HNcmsc/Sp3ms	01cgf
34	4	6		לֵ/אמֹ֑ר	l/559	HR/Vqc	01wyb
34	4	7		קַֽח	3947	HVqv2ms	01UG7
34	4	8		לִ֛/י	l	HR/Sp1cs	01CJE
34	4	9		אֶת	853	HTo	01ZLF
34	4	10		הַ/יַּלְדָּ֥ה	d/3207	HTd/Ncfsa	017pp
34	4	11		הַ/זֹּ֖את	d/2063	HTd/Pdxfs	01CSn
34	4	12		לְ/אִשָּֽׁה	l/802	HR/Ncfsa	01hmZ
34	5	1		וְ/יַעֲקֹ֣ב	c/3290	HC/Np	01jUx
34	5	2		שָׁמַ֗ע	8085	HVqp3ms	01M49
34	5	3		כִּ֤י	3588 a	HC	01CnU
34	5	4		טִמֵּא֙	2930 a	HVpp3ms	011sW
34	5	5		אֶת	853	HTo	01P6P
34	5	6		דִּינָ֣ה	1783	HNp	01tto
34	5	7		בִתּ֔/וֹ	1323	HNcfsc/Sp3ms	01P4t
34	5	8		וּ/בָנָ֛י/ו	c/1121 a	HC/Ncmpc/Sp3ms	01Hiu
34	5	9		הָי֥וּ	1961	HVqp3cp	01gfm
34	5	10		אֶת	854	HR	01ua2
34	5	11		מִקְנֵ֖/הוּ	4735	HNcmsc/Sp3ms	01EBF
34	5	12		בַּ/שָּׂדֶ֑ה	b/7704 b	HRd/Ncmsa	01i7Z
34	5	13		וְ/הֶחֱרִ֥שׁ	c/2790 b	HC/Vhp3ms	01kBL
34	5	14		יַעֲקֹ֖ב	3290	HNp	01ae2
34	5	15		עַד	5704	HR	01HS2
34	5	16		בֹּאָֽ/ם	935	HVqc/Sp3mp	013gm
34	6	1		וַ/יֵּצֵ֛א	c/3318	HC/Vqw3ms	01d9y
34	6	2		חֲמ֥וֹר	2544	HNp	01dds
34	6	3		אֲבִֽי	1	HNcmsc	01Tnf
34	6	4		שְׁכֶ֖ם	7927	HNp	018BF
34	6	5		אֶֽל	413	HR	01Lv6
34	6	6		יַעֲקֹ֑ב	3290	HNp	01MtK
34	6	7		לְ/דַבֵּ֖ר	l/1696	HR/Vpc	01yAb
34	6	8		אִתּֽ/וֹ	854	HR/Sp3ms	01TYU
34	7	1		וּ/בְנֵ֨י	c/1121 a	HC/Ncmpc	01iL2
34	7	2		יַעֲקֹ֜ב	3290	HNp	01j8g
34	7	3		בָּ֤אוּ	935	HVqp3cp	01rBp
34	7	4		מִן	4480 a	HR	01FHS
34	7	5		הַ/שָּׂדֶה֙	d/7704 b	HTd/Ncmsa	019DB
34	7	6		כְּ/שָׁמְעָ֔/ם	k/8085	HR/Vqc/Sp3mp	01fp9
34	7	7		וַ/יִּֽתְעַצְּבוּ֙	c/6087 a	HC/Vtw3mp	01m4z
34	7	8		הָֽ/אֲנָשִׁ֔ים	d/376	HTd/Ncmpa	01kw2
34	7	9		וַ/יִּ֥חַר	c/2734	HC/Vqw3ms	01CFC
34	7	10		לָ/הֶ֖ם	l	HR/Sp3mp	01Muj
34	7	11		מְאֹ֑ד	3966	HD	01h2p
34	7	12		כִּֽי	3588 a	HC	01mU5
34	7	13		נְבָלָ֞ה	5039	HNcfsa	01ewS
34	7	14		עָשָׂ֣ה	6213 a	HVqp3ms	01Qvw
34	7	15		בְ/יִשְׂרָאֵ֗ל	b/3478	HR/Np	01ohw
34	7	16		לִ/שְׁכַּב֙	l/7901	HR/Vqc	01EvD
34	7	17		אֶת	854	HR	0181g
34	7	18		בַּֽת	1323	HNcfsc	01ZdA
34	7	19		יַעֲקֹ֔ב	3290	HNp	01dNU
34	7	20		וְ/כֵ֖ן	c/3651 c	HC/Tm	01W8r
34	7	21		לֹ֥א	3808	HTn	01QGA
34	7	22		יֵעָשֶֽׂה	6213 a	HVNi3ms	01Zz5
34	8	1		וַ/יְדַבֵּ֥ר	c/1696	HC/Vpw3ms	01PSC
34	8	2		חֲמ֖וֹר	2544	HNp	01mQu
34	8	3		אִתָּ֣/ם	854	HR/Sp3mp	01ysQ
34	8	4		לֵ/אמֹ֑ר	l/559	HR/Vqc	01Lxp
34	8	5		שְׁכֶ֣ם	7927	HNp	01Qqm
34	8	6		בְּנִ֗/י	1121 a	HNcmsc/Sp1cs	01ujF
34	8	7		חָֽשְׁקָ֤ה	2836 a	HVqp3fs	016as
34	8	8		נַפְשׁ/וֹ֙	5315	HNcbsc/Sp3ms	01UwH
34	8	9		בְּ/בִתְּ/כֶ֔ם	b/1323	HR/Ncfsc/Sp2mp	01BJz
34	8	10		תְּנ֨וּ	5414	HVqv2mp	01Ecy
34	8	11		נָ֥א	4994	HTe	01JcA
34	8	12		אֹתָ֛/הּ	853	HTo/Sp3fs	01Cd5
34	8	13		ל֖/וֹ	l	HR/Sp3ms	0164H
34	8	14		לְ/אִשָּֽׁה	l/802	HR/Ncfsa	01ion
34	9	1		וְ/הִֽתְחַתְּנ֖וּ	c/2859 b	HC/Vtv2mp	01WQh
34	9	2		אֹתָ֑/נוּ	853	HTo/Sp1cp	0177c
34	9	3		בְּנֹֽתֵי/כֶם֙	1323	HNcfpc/Sp2mp	01mMn
34	9	4		תִּתְּנוּ	5414	HVqi2mp	01eee
34	9	5		לָ֔/נוּ	l	HR/Sp1cp	01pjk
34	9	6		וְ/אֶת	c/853	HC/To	01qfg
34	9	7		בְּנֹתֵ֖י/נוּ	1323	HNcfpc/Sp1cp	01k9d
34	9	8		תִּקְח֥וּ	3947	HVqi2mp	01Eh5
34	9	9		לָ/כֶֽם	l	HR/Sp2mp	01Lz9
34	10	1		וְ/אִתָּ֖/נוּ	c/854	HC/R/Sp1cp	01Vbk
34	10	2		תֵּשֵׁ֑בוּ	3427	HVqi2mp	01A9X
34	10	3		וְ/הָ/אָ֨רֶץ֙	c/d/776	HC/Td/Ncbsa	01gGn
34	10	4		תִּהְיֶ֣ה	1961	HVqi3fs	01ASC
34	10	5		לִ/פְנֵי/כֶ֔ם	l/6440	HR/Ncbpc/Sp2mp	01hiY
34	10	6		שְׁבוּ֙	3427	HVqv2mp	01eoE
34	10	7		וּ/סְחָר֔וּ/הָ	c/5503	HC/Vqv2mp/Sp3fs	01KVo
34	10	8		וְ/הֵֽאָחֲז֖וּ	c/270	HC/VNv2mp	01AKC
34	10	9		בָּֽ/הּ	b	HR/Sp3fs	01YbU
34	11	1		וַ/יֹּ֤אמֶר	c/559	HC/Vqw3ms	01CBC
34	11	2		שְׁכֶם֙	7927	HNp	01d88
34	11	3		אֶל	413	HR	01NjE
34	11	4		אָבִ֣י/ה	1	HNcmsc/Sp3fs	011Dh
34	11	5		וְ/אֶל	c/413	HC/R	01sTT
34	11	6		אַחֶ֔י/הָ	251	HNcmpc/Sp3fs	01CWX
34	11	7		אֶמְצָא	4672	HVqi1cs	01zPJ
34	11	8		חֵ֖ן	2580	HNcmsa	01hdg
34	11	9		בְּ/עֵינֵי/כֶ֑ם	b/5869 a	HR/Ncbdc/Sp2mp	01zsU
34	11	10		וַ/אֲשֶׁ֥ר	c/834 a	HC/Tr	01BAA
34	11	11		תֹּאמְר֛וּ	559	HVqi2mp	01tBG
34	11	12		אֵלַ֖/י	413	HR/Sp1cs	01njA
34	11	13		אֶתֵּֽן	5414	HVqi1cs	01tjZ
34	12	1		הַרְבּ֨וּ	7235 a	HVhv2mp	01PVB
34	12	2		עָלַ֤/י	5921 a	HR/Sp1cs	014jf
34	12	3		מְאֹד֙	3966	HD	01y9S
34	12	4		מֹ֣הַר	4119	HNcmsa	01V59
34	12	5		וּ/מַתָּ֔ן	c/4976	HC/Ncmsa	01cYY
34	12	6		וְ/אֶ֨תְּנָ֔ה	c/5414	HC/Vqh1cs	01oZZ
34	12	7		כַּ/אֲשֶׁ֥ר	k/834 d	HR/Tr	01fU2
34	12	8		תֹּאמְר֖וּ	559	HVqi2mp	01dCC
34	12	9		אֵלָ֑/י	413	HR/Sp1cs	01Fm3
34	12	10		וּ/תְנוּ	c/5414	HC/Vqv2mp	01R5E
34	12	11		לִ֥/י	l	HR/Sp1cs	01pdU
34	12	12		אֶת	853	HTo	01Tjf
34	12	13		הַֽ/נַּעֲרָ֖	d/5291	HTd/Ncfsa	01PME
34	12	14		לְ/אִשָּֽׁה	l/802	HR/Ncfsa	01tma
34	13	1		וַ/יַּעֲנ֨וּ	c/6030 b	HC/Vqw3mp	01c8B
34	13	2		בְנֵֽי	1121 a	HNcmpc	01kX5
34	13	3		יַעֲקֹ֜ב	3290	HNp	01fG2
34	13	4		אֶת	853	HTo	01PdY
34	13	5		שְׁכֶ֨ם	7927	HNp	01MNG
34	13	6		וְ/אֶת	c/853	HC/To	01K67
34	13	7		חֲמ֥וֹר	2544	HNp	01hVg
34	13	8		אָבִ֛י/ו	1	HNcmsc/Sp3ms	01PHn
34	13	9		בְּ/מִרְמָ֖ה	b/4820	HR/Ncfsa	01ueJ
34	13	10		וַ/יְדַבֵּ֑רוּ	c/1696	HC/Vpw3mp	018qc
34	13	11		אֲשֶׁ֣ר	834 a	HTr	01gKZ
34	13	12		טִמֵּ֔א	2930 a	HVpp3ms	01Bbm
34	13	13		אֵ֖ת	853	HTo	01X1N
34	13	14		דִּינָ֥ה	1783	HNp	01C7W
34	13	15		אֲחֹתָֽ/ם	269	HNcfsc/Sp3mp	01nCz
34	14	1		וַ/יֹּאמְר֣וּ	c/559	HC/Vqw3mp	014Za
34	14	2		אֲלֵי/הֶ֗ם	413	HR/Sp3mp	01dwG
34	14	3		לֹ֤א	3808	HTn	01mMJ
34	14	4		נוּכַל֙	3201	HVqi1cp	01Arh
34	14	5		לַ/עֲשׂוֹת֙	l/6213 a	HR/Vqc	01Swv
34	14	6		הַ/דָּבָ֣ר	d/1697	HTd/Ncmsa	01iud
34	14	7		הַ/זֶּ֔ה	d/2088	HTd/Pdxms	01gQV
34	14	8		לָ/תֵת֙	l/5414	HR/Vqc	015Y1
34	14	9		אֶת	853	HTo	01BLB
34	14	10		אֲחֹתֵ֔/נוּ	269	HNcfsc/Sp1cp	01LkZ
34	14	11		לְ/אִ֖ישׁ	l/376	HR/Ncmsa	01bHT
34	14	12		אֲשֶׁר	834 a	HTr	01aVR
34	14	13		ל֣/וֹ	l	HR/Sp3ms	01oPR
34	14	14		עָרְלָ֑ה	6190	HNcfsa	01Mh4
34	14	15		כִּֽי	3588 a	HC	01dmL
34	14	16		חֶרְפָּ֥ה	2781	HNcfsa	01MaQ
34	14	17		הִ֖וא	1931	HPp3fs	018tw
34	14	18		לָֽ/נוּ	l	HR/Sp1cp	01R8q
34	15	1		אַךְ	389	HTa	01KWb
34	15	2		בְּ/זֹ֖את	b/2063	HR/Pdxfs	01Db1
34	15	3		נֵא֣וֹת	225	HVNi1cp	01bq9
34	15	4		לָ/כֶ֑ם	l	HR/Sp2mp	01e2p
34	15	5		אִ֚ם	518 a	HC	01oDZ
34	15	6		תִּהְי֣וּ	1961	HVqi2mp	014YJ
34	15	7		כָמֹ֔/נוּ	3644	HR/Sp1cp	01vo5
34	15	8		לְ/הִמֹּ֥ל	l/4135 a	HR/VNc	01esg
34	15	9		לָ/כֶ֖ם	l	HR/Sp2mp	01Fsu
34	15	10		כָּל	3605	HNcmsc	01nwi
34	15	11		זָכָֽר	2145	HAamsa	014ji
34	16	1		וְ/נָתַ֤נּוּ	c/5414	HC/Vqq1cp	01GNR
34	16	2		אֶת	853	HTo	01BmK
34	16	3		בְּנֹתֵ֨י/נוּ֙	1323	HNcfpc/Sp1cp	01oon
34	16	4		לָ/כֶ֔ם	l	HR/Sp2mp	01Ajm
34	16	5		וְ/אֶת	c/853	HC/To	01SP2
34	16	6		בְּנֹתֵי/כֶ֖ם	1323	HNcfpc/Sp2mp	01k6M
34	16	7		נִֽקַּֽח	3947	HVqi1cp	01uYE
34	16	8		לָ֑/נוּ	l	HR/Sp1cp	018K6
34	16	9		וְ/יָשַׁ֣בְנוּ	c/3427	HC/Vqq1cp	01wJw
34	16	10		אִתְּ/כֶ֔ם	854	HR/Sp2mp	01Cc1
34	16	11		וְ/הָיִ֖ינוּ	c/1961	HC/Vqq1cp	01iiM
34	16	12		לְ/עַ֥ם	l/5971 a	HR/Ncmsa	01MTh
34	16	13		אֶחָֽד	259	HAcmsa	018N2
34	17	1		וְ/אִם	c/518 a	HC/C	017Qr
34	17	2		לֹ֧א	3808	HTn	01ptT
34	17	3		תִשְׁמְע֛וּ	8085	HVqi2mp	01Y67
34	17	4		אֵלֵ֖י/נוּ	413	HR/Sp1cp	01urx
34	17	5		לְ/הִמּ֑וֹל	l/4135 a	HR/VNc	01Mey
34	17	6		וְ/לָקַ֥חְנוּ	c/3947	HC/Vqq1cp	01FSp
34	17	7		אֶת	853	HTo	01CZo
34	17	8		בִּתֵּ֖/נוּ	1323	HNcfsc/Sp1cp	014eL
34	17	9		וְ/הָלָֽכְנוּ	c/1980	HC/Vqq1cp	01Ete
34	18	1		וַ/יִּֽיטְב֥וּ	c/3190	HC/Vqw3mp	019ck
34	18	2		דִבְרֵי/הֶ֖ם	1697	HNcmpc/Sp3mp	01D7U
34	18	3		בְּ/עֵינֵ֣י	b/5869 a	HR/Ncbdc	0184j
34	18	4		חֲמ֑וֹר	2544	HNp	013Lq
34	18	5		וּ/בְ/עֵינֵ֖י	c/b/5869 a	HC/R/Ncbdc	01qYF
34	18	6		שְׁכֶ֥ם	7927	HNp	01EZs
34	18	7		בֶּן	1121 a	HNcmsc	01daS
34	18	8		חֲמֽוֹר	2544	HNp	01may
34	19	1		וְ/לֹֽא	c/3808	HC/Tn	01DYY
34	19	2		אֵחַ֤ר	309	HVpp3ms	01SpJ
34	19	3		הַ/נַּ֨עַר֙	d/5288	HTd/Ncmsa	01Z7E
34	19	4		לַ/עֲשׂ֣וֹת	l/6213 a	HR/Vqc	0129M
34	19	5		הַ/דָּבָ֔ר	d/1697	HTd/Ncmsa	01ZZc
34	19	6		כִּ֥י	3588 a	HC	01WMq
34	19	7		חָפֵ֖ץ	2654 a	HVqp3ms	01Cjb
34	19	8		בְּ/בַֽת	b/1323	HR/Ncfsc	013UC
34	19	9		יַעֲקֹ֑ב	3290	HNp	01s8J
34	19	10		וְ/ה֣וּא	c/1931	HC/Pp3ms	017rA
34	19	11		נִכְבָּ֔ד	3513	HVNrmsa	01ZE6
34	19	12		מִ/כֹּ֖ל	m/3605	HR/Ncmsc	01ZtY
34	19	13		בֵּ֥ית	1004 b	HNcmsc	01QRM
34	19	14		אָבִֽי/ו	1	HNcmsc/Sp3ms	01BjJ
34	20	1		וַ/יָּבֹ֥א	c/935	HC/Vqw3ms	01mXL
34	20	2		חֲמ֛וֹר	2544	HNp	01Wd7
34	20	3		וּ/שְׁכֶ֥ם	c/7927	HC/Np	01YYf
34	20	4		בְּנ֖/וֹ	1121 a	HNcmsc/Sp3ms	01sAn
34	20	5		אֶל	413	HR	01FvF
34	20	6		שַׁ֣עַר	8179	HNcmsc	012iH
34	20	7		עִירָ֑/ם	5892 b	HNcfsc/Sp3mp	01d9m
34	20	8		וַֽ/יְדַבְּר֛וּ	c/1696	HC/Vpw3mp	01Bpo
34	20	9		אֶל	413	HR	01YNA
34	20	10		אַנְשֵׁ֥י	376	HNcmpc	01bJ4
34	20	11		עִירָ֖/ם	5892 b	HNcfsc/Sp3mp	01NXE
34	20	12		לֵ/אמֹֽר	l/559	HR/Vqc	01CMw
34	21	1		הָ/אֲנָשִׁ֨ים	d/376	HTd/Ncmpa	01Eki
34	21	2		הָ/אֵ֜לֶּה	d/428	HTd/Pdxcp	013Po
34	21	3		שְֽׁלֵמִ֧ים	8003	HAampa	01Rvn
34	21	4		הֵ֣ם	1992	HPp3mp	01WyN
34	21	5		אִתָּ֗/נוּ	854	HR/Sp1cp	011ZF
34	21	6		וְ/יֵשְׁב֤וּ	c/3427	HC/Vqi3mp	01wSo
34	21	7		בָ/אָ֨רֶץ֙	b/776	HRd/Ncbsa	01pFs
34	21	8		וְ/יִסְחֲר֣וּ	c/5503	HC/Vqi3mp	01r8m
34	21	9		אֹתָ֔/הּ	853	HTo/Sp3fs	01UaC
34	21	10		וְ/הָ/אָ֛רֶץ	c/d/776	HC/Td/Ncbsa	01uBR
34	21	11		הִנֵּ֥ה	2009	HTm	019oh
34	21	12		רַֽחֲבַת	7342	HAafsc	01ARo
34	21	13		יָדַ֖יִם	3027	HNcbda	01Gxh
34	21	14		לִ/פְנֵי/הֶ֑ם	l/6440	HR/Ncbpc/Sp3mp	01cah
34	21	15		אֶת	853	HTo	01toK
34	21	16		בְּנֹתָ/ם֙	1323	HNcfpc/Sp3mp	01tSn
34	21	17		נִקַּֽח	3947	HVqi1cp	01Wyh
34	21	18		לָ֣/נוּ	l	HR/Sp1cp	01wZ3
34	21	19		לְ/נָשִׁ֔ים	l/802	HR/Ncfpa	013jP
34	21	20		וְ/אֶת	c/853	HC/To	015LU
34	21	21		בְּנֹתֵ֖י/נוּ	1323	HNcfpc/Sp1cp	019xN
34	21	22		נִתֵּ֥ן	5414	HVqi1cp	01FDY
34	21	23		לָ/הֶֽם	l	HR/Sp3mp	01Aj4
34	22	1		אַךְ	389	HTa	01AkW
34	22	2		בְּ֠/זֹאת	b/2063	HR/Pdxfs	01uiE
34	22	3		יֵאֹ֨תוּ	225	HVNi3mp	01PYM
34	22	4		לָ֤/נוּ	l	HR/Sp1cp	01STV
34	22	5		הָ/אֲנָשִׁים֙	d/376	HTd/Ncmpa	01ws2
34	22	6		לָ/שֶׁ֣בֶת	l/3427	HR/Vqc	01DSK
34	22	7		אִתָּ֔/נוּ	854	HR/Sp1cp	01CPR
34	22	8		לִ/הְי֖וֹת	l/1961	HR/Vqc	01X1u
34	22	9		לְ/עַ֣ם	l/5971 a	HR/Ncmsa	01EBz
34	22	10		אֶחָ֑ד	259	HAcmsa	018r7
34	22	11		בְּ/הִמּ֥וֹל	b/4135 a	HR/VNc	01Dgw
34	22	12		לָ֨/נוּ֙	l	HR/Sp1cp	0177t
34	22	13		כָּל	3605	HNcmsc	016DN
34	22	14		זָכָ֔ר	2145	HAamsa	01Au6
34	22	15		כַּ/אֲשֶׁ֖ר	k/834 d	HR/Tr	01AdW
34	22	16		הֵ֥ם	1992	HPp3mp	01URP
34	22	17		נִמֹּלִֽים	4135 a	HVNrmpa	01KcE
34	23	1		מִקְנֵ/הֶ֤ם	4735	HNcmsc/Sp3mp	01fck
34	23	2		וְ/קִנְיָנָ/ם֙	c/7075	HC/Ncmsc/Sp3mp	01KWZ
34	23	3		וְ/כָל	c/3605	HC/Ncmsc	01GxF
34	23	4		בְּהֶמְתָּ֔/ם	929	HNcfsc/Sp3mp	01heY
34	23	5		הֲ/ל֥וֹא	i/3808	HTi/Tn	01Qp8
34	23	6		לָ֖/נוּ	l	HR/Sp1cp	01i3M
34	23	7		הֵ֑ם	1992	HPp3mp	01CHY
34	23	8		אַ֚ךְ	389	HTa	014Nf
34	23	9		נֵא֣וֹתָה	225	HVNh1cp	015L5
34	23	10		לָ/הֶ֔ם	l	HR/Sp3mp	01enK
34	23	11		וְ/יֵשְׁב֖וּ	c/3427	HC/Vqi3mp	01K5U
34	23	12		אִתָּֽ/נוּ	854	HR/Sp1cp	01efE
34	24	1		וַ/יִּשְׁמְע֤וּ	c/8085	HC/Vqw3mp	01KYn
34	24	2		אֶל	413	HR	01BXC
34	24	3		חֲמוֹר֙	2544	HNp	01rjU
34	24	4		וְ/אֶל	c/413	HC/R	01J3e
34	24	5		שְׁכֶ֣ם	7927	HNp	011sE
34	24	6		בְּנ֔/וֹ	1121 a	HNcmsc/Sp3ms	01kg7
34	24	7		כָּל	3605	HNcmsc	01AFg
34	24	8		יֹצְאֵ֖י	3318	HVqrmpc	01bvx
34	24	9		שַׁ֣עַר	8179	HNcmsc	01GfB
34	24	10		עִיר֑/וֹ	5892 b	HNcfsc/Sp3ms	014je
34	24	11		וַ/יִּמֹּ֨לוּ֙	c/4135 a	HC/VNw3mp	01i7S
34	24	12		כָּל	3605	HNcmsc	01aow
34	24	13		זָכָ֔ר	2145	HAamsa	019bQ
34	24	14		כָּל	3605	HNcmsc	01Yq9
34	24	15		יֹצְאֵ֖י	3318	HVqrmpc	01uGN
34	24	16		שַׁ֥עַר	8179	HNcmsc	01FAy
34	24	17		עִירֽ/וֹ	5892 b	HNcfsc/Sp3ms	01BG9
34	25	1		וַ/יְהִי֩	c/1961	HC/Vqw3ms	01x4e
34	25	2		בַ/יּ֨וֹם	b/3117	HRd/Ncmsa	01Yqj
34	25	3		הַ/שְּׁלִישִׁ֜י	d/7992	HTd/Aomsa	01NTm
34	25	4		בִּֽ/הְיוֹתָ֣/ם	b/1961	HR/Vqc/Sp3mp	01hm4
34	25	5		כֹּֽאֲבִ֗ים	3510	HVqrmpa	01xHs
34	25	6		וַ/יִּקְח֣וּ	c/3947	HC/Vqw3mp	01P9p
34	25	7		שְׁנֵֽי	8147	HAcmdc	01QDF
34	25	8		בְנֵי	1121 a	HNcmpc	01PxA
34	25	9		יַ֠עֲקֹב	3290	HNp	014Kq
34	25	10		שִׁמְע֨וֹן	8095	HNp	01eWp
34	25	11		וְ/לֵוִ֜י	c/3878	HC/Np	01ERL
34	25	12		אֲחֵ֤י	251	HNcmpc	011QN
34	25	13		דִינָה֙	1783	HNp	01b7N
34	25	14		אִ֣ישׁ	376	HNcmsa	012Lq
34	25	15		חַרְבּ֔/וֹ	2719	HNcfsc/Sp3ms	01k6u
34	25	16		וַ/יָּבֹ֥אוּ	c/935	HC/Vqw3mp	01GH2
34	25	17		עַל	5921 a	HR	01FCm
34	25	18		הָ/עִ֖יר	d/5892 b	HTd/Ncfsa	01XiL
34	25	19		בֶּ֑טַח	983	HNcmsa	01tAh
34	25	20		וַ/יַּֽהַרְג֖וּ	c/2026	HC/Vqw3mp	01ckt
34	25	21		כָּל	3605	HNcmsc	013hn
34	25	22		זָכָֽר	2145	HAamsa	01PT7
34	26	1		וְ/אֶת	c/853	HC/To	01WGv
34	26	2		חֲמוֹר֙	2544	HNp	01DwC
34	26	3		וְ/אֶת	c/853	HC/To	01HXr
34	26	4		שְׁכֶ֣ם	7927	HNp	01nA4
34	26	5		בְּנ֔/וֹ	1121 a	HNcmsc/Sp3ms	01FFy
34	26	6		הָרְג֖וּ	2026	HVqp3cp	01WTq
34	26	7		לְ/פִי	l/6310	HR/Ncmsc	01hbs
34	26	8		חָ֑רֶב	2719	HNcfsa	0163S
34	26	9		וַ/יִּקְח֧וּ	c/3947	HC/Vqw3mp	01fX1
34	26	10		אֶת	853	HTo	01KVY
34	26	11		דִּינָ֛ה	1783	HNp	01UAj
34	26	12		מִ/בֵּ֥ית	m/1004 b	HR/Ncmsc	01mgd
34	26	13		שְׁכֶ֖ם	7927	HNp	01Vnb
34	26	14		וַ/יֵּצֵֽאוּ	c/3318	HC/Vqw3mp	01trY
34	27	1		בְּנֵ֣י	1121 a	HNcmpc	01aK5
34	27	2		יַעֲקֹ֗ב	3290	HNp	01okA
34	27	3		בָּ֚אוּ	935	HVqp3cp	015H7
34	27	4		עַל	5921 a	HR	016GM
34	27	5		הַ֣/חֲלָלִ֔ים	d/2491 a	HTd/Aampa	016Ep
34	27	6		וַ/יָּבֹ֖זּוּ	c/962	HC/Vqw3mp	01GQh
34	27	7		הָ/עִ֑יר	d/5892 b	HTd/Ncfsa	01oLz
34	27	8		אֲשֶׁ֥ר	834 a	HTr	01Jvw
34	27	9		טִמְּא֖וּ	2930 a	HVpp3cp	01o7k
34	27	10		אֲחוֹתָֽ/ם	269	HNcfsc/Sp3mp	01Mgn
34	28	1		אֶת	853	HTo	01xS9
34	28	2		צֹאנָ֥/ם	6629	HNcbsc/Sp3mp	01p8V
34	28	3		וְ/אֶת	c/853	HC/To	01dgX
34	28	4		בְּקָרָ֖/ם	1241	HNcbsc/Sp3mp	01Pwe
34	28	5		וְ/אֶת	c/853	HC/To	01D5n
34	28	6		חֲמֹרֵי/הֶּ֑ם	2543	HNcbpc/Sp3mp	01UV2
34	28	7		וְ/אֵ֧ת	c/853	HC/To	01f51
34	28	8		אֲשֶׁר	834 a	HTr	019pN
34	28	9		בָּ/עִ֛יר	b/5892 b	HRd/Ncfsa	01sDi
34	28	10		וְ/אֶת	c/853	HC/To	01MKj
34	28	11		אֲשֶׁ֥ר	834 a	HTr	01VPX
34	28	12		בַּ/שָּׂדֶ֖ה	b/7704 b	HRd/Ncmsa	01Mwx
34	28	13		לָקָֽחוּ	3947	HVqp3cp	01D2u
34	29	1		וְ/אֶת	c/853	HC/To	01s62
34	29	2		כָּל	3605	HNcmsc	017JY
34	29	3		חֵילָ֤/ם	2428	HNcmsc/Sp3mp	01qoF
34	29	4		וְ/אֶת	c/853	HC/To	01Nvz
34	29	5		כָּל	3605	HNcmsc	01mG4
34	29	6		טַפָּ/ם֙	2945	HNcmsc/Sp3mp	01qdX
34	29	7		וְ/אֶת	c/853	HC/To	011Rs
34	29	8		נְשֵׁי/הֶ֔ם	802	HNcfpc/Sp3mp	0146D
34	29	9		שָׁב֖וּ	7617	HVqp3cp	017Kq
34	29	10		וַ/יָּבֹ֑זּוּ	c/962	HC/Vqw3mp	01KbV
34	29	11		וְ/אֵ֖ת	c/853	HC/To	01BBe
34	29	12		כָּל	3605	HNcmsc	01DST
34	29	13		אֲשֶׁ֥ר	834 a	HTr	01DQH
34	29	14		בַּ/בָּֽיִת	b/1004 b	HRd/Ncmsa	01EDQ
34	30	1		וַ/יֹּ֨אמֶר	c/559	HC/Vqw3ms	01XXm
34	30	2		יַעֲקֹ֜ב	3290	HNp	01KwK
34	30	3		אֶל	413	HR	01Zii
34	30	4		שִׁמְע֣וֹן	8095	HNp	01uQR
34	30	5		וְ/אֶל	c/413	HC/R	01u39
34	30	6		לֵוִי֮	3878	HNp	01m9g
34	30	7		עֲכַרְתֶּ֣ם	5916	HVqp2mp	01VXr
34	30	8		אֹתִ/י֒	853	HTo/Sp1cs	01iQV
34	30	9		לְ/הַבְאִישֵׁ֨/נִי֙	l/887	HR/Vhc/Sp1cs	012JV
34	30	10		בְּ/יֹשֵׁ֣ב	b/3427	HR/Vqrmsc	019y8
34	30	11		הָ/אָ֔רֶץ	d/776	HTd/Ncbsa	01HPu
34	30	12		בַּֽ/כְּנַעֲנִ֖י	b/3669 a	HRd/Ngmsa	01ooa
34	30	13		וּ/בַ/פְּרִזִּ֑י	c/b/6522	HC/Rd/Ngmsa	01oNZ
34	30	14		וַ/אֲנִי֙	c/589	HC/Pp1cs	01FRX
34	30	15		מְתֵ֣י	4962	HNcmpc	01125
34	30	16		מִסְפָּ֔ר	4557	HNcmsa	018eG
34	30	17		וְ/נֶאֶסְפ֤וּ	c/622	HC/VNp3cp	01EbF
34	30	18		עָלַ/י֙	5921 a	HR/Sp1cs	014Jo
34	30	19		וְ/הִכּ֔וּ/נִי	c/5221	HC/Vhp3cp/Sp1cs	01Rgq
34	30	20		וְ/נִשְׁמַדְתִּ֖י	c/8045	HC/VNp1cs	01pUz
34	30	21		אֲנִ֥י	589	HPp1cs	01GbB
34	30	22		וּ/בֵיתִֽ/י	c/1004 b	HC/Ncmsc/Sp1cs	012Eu
34	31	1		וַ/יֹּאמְר֑וּ	c/559	HC/Vqw3mp	01Vys
34	31	2		הַ/כְ/זוֹנָ֕ה	d/k/2181	HTi/R/Vqrfsa	01mpZ
34	31	3		יַעֲשֶׂ֖ה	6213 a	HVqi3ms	018G9
34	31	4		אֶת	853	HTo	01TsV
34	31	5		אֲחוֹתֵֽ/נוּ	269	HNcfsc/Sp1cp	01idq
35	1	1		וַ/יֹּ֤אמֶר	c/559	HC/Vqw3ms	01FLj
35	1	2		אֱלֹהִים֙	430	HNcmpa	01exb
35	1	3		אֶֽל	413	HR	01aAR
35	1	4		יַעֲקֹ֔ב	3290	HNp	01fqY
35	1	5		ק֛וּם	6965 b	HVqv2ms	01nan
35	1	6		עֲלֵ֥ה	5927	HVqv2ms	01DHb
35	1	7		בֵֽית	1008+	HNp	01iuD
35	1	8		אֵ֖ל	1008	HNp	01hZm
35	1	9		וְ/שֶׁב	c/3427	HC/Vqv2ms	017xK
35	1	10		שָׁ֑ם	8033	HD	01s5p
35	1	11		וַ/עֲשֵׂה	c/6213 a	HC/Vqv2ms	0155c
35	1	12		שָׁ֣ם	8033	HD	019hm
35	1	13		מִזְבֵּ֔חַ	4196	HNcmsa	01bwL
35	1	14		לָ/אֵל֙	l/410	HRd/Ncmsa	01tFq
35	1	15		הַ/נִּרְאֶ֣ה	d/7200	HTd/VNrmsa	01Dkd
35	1	16		אֵלֶ֔י/ךָ	413	HR/Sp2ms	01PWV
35	1	17		בְּ/בָרְחֲ/ךָ֔	b/1272	HR/Vqc/Sp2ms	019v2
35	1	18		מִ/פְּנֵ֖י	m/6440	HR/Ncbpc	01c5v
35	1	19		עֵשָׂ֥ו	6215	HNp	015WL
35	1	20		אָחִֽי/ךָ	251	HNcmsc/Sp2ms	01JfN
35	2	1		וַ/יֹּ֤אמֶר	c/559	HC/Vqw3ms	01VCc
35	2	2		יַעֲקֹב֙	3290	HNp	01aeF
35	2	3		אֶל	413	HR	016Xg
35	2	4		בֵּית֔/וֹ	1004 b	HNcmsc/Sp3ms	01Kx4
35	2	5		וְ/אֶ֖ל	c/413	HC/R	01z9w
35	2	6		כָּל	3605	HNcmsc	01qNL
35	2	7		אֲשֶׁ֣ר	834 a	HTr	01W8k
35	2	8		עִמּ֑/וֹ	5973 a	HR/Sp3ms	01CEX
35	2	9		הָסִ֜רוּ	5493	HVhv2mp	01sDa
35	2	10		אֶת	853	HTo	01PsQ
35	2	11		אֱלֹהֵ֤י	430	HNcmpc	01MNk
35	2	12		הַ/נֵּכָר֙	d/5236	HTd/Ncmsa	01Fc2
35	2	13		אֲשֶׁ֣ר	834 a	HTr	01Fz5
35	2	14		בְּ/תֹכְ/כֶ֔ם	b/8432	HR/Ncmsc/Sp2mp	018DJ
35	2	15		וְ/הִֽטַּהֲר֔וּ	c/2891	HC/Vtv2mp	01Lmg
35	2	16		וְ/הַחֲלִ֖יפוּ	c/2498	HC/Vhv2mp	01R4v
35	2	17		שִׂמְלֹתֵי/כֶֽם	8071	HNcfpc/Sp2mp	01Ut7
35	3	1		וְ/נָק֥וּמָה	c/6965 b	HC/Vqh1cp	01Xof
35	3	2		וְ/נַעֲלֶ֖ה	c/5927	HC/Vqh1cp	015uC
35	3	3		בֵּֽית	1008+	HNp	01EAw
35	3	4		אֵ֑ל	1008	HNp	01tQm
35	3	5		וְ/אֶֽעֱשֶׂה	c/6213 a	HC/Vqi1cs	01DRQ
35	3	6		שָּׁ֣ם	8033	HD	01pNN
35	3	7		מִזְבֵּ֗חַ	4196	HNcmsa	01gBT
35	3	8		לָ/אֵ֞ל	l/410	HRd/Ncmsa	01Jk1
35	3	9		הָ/עֹנֶ֤ה	d/6030 b	HTd/Vqrmsa	01Hn8
35	3	10		אֹתִ/י֙	853	HTo/Sp1cs	01Zse
35	3	11		בְּ/י֣וֹם	b/3117	HR/Ncmsc	01riF
35	3	12		צָֽרָתִ֔/י	6869 b	HNcfsc/Sp1cs	01RmD
35	3	13		וַ/יְהִי֙	c/1961	HC/Vqw3ms	01pEW
35	3	14		עִמָּדִ֔/י	5978	HR/Sp1cs	01fvs
35	3	15		בַּ/דֶּ֖רֶךְ	b/1870	HRd/Ncbsa	019N5
35	3	16		אֲשֶׁ֥ר	834 a	HTr	01R7n
35	3	17		הָלָֽכְתִּי	1980	HVqp1cs	01NCi
35	4	1		וַ/יִּתְּנ֣וּ	c/5414	HC/Vqw3mp	01ejZ
35	4	2		אֶֽל	413	HR	01ntv
35	4	3		יַעֲקֹ֗ב	3290	HNp	01A17
35	4	4		אֵ֣ת	853	HTo	01DrV
35	4	5		כָּל	3605	HNcmsc	01tHP
35	4	6		אֱלֹהֵ֤י	430	HNcmpc	01pNL
35	4	7		הַ/נֵּכָר֙	d/5236	HTd/Ncmsa	01K8f
35	4	8		אֲשֶׁ֣ר	834 a	HTr	01M2d
35	4	9		בְּ/יָדָ֔/ם	b/3027	HR/Ncbsc/Sp3mp	01HUj
35	4	10		וְ/אֶת	c/853	HC/To	01AkQ
35	4	11		הַ/נְּזָמִ֖ים	d/5141	HTd/Ncmpa	01qKA
35	4	12		אֲשֶׁ֣ר	834 a	HTr	01UvS
35	4	13		בְּ/אָזְנֵי/הֶ֑ם	b/241	HR/Ncfdc/Sp3mp	01byr
35	4	14		וַ/יִּטְמֹ֤ן	c/2934	HC/Vqw3ms	01UE2
35	4	15		אֹתָ/ם֙	853	HTo/Sp3mp	01D7w
35	4	16		יַעֲקֹ֔ב	3290	HNp	01Yz1
35	4	17		תַּ֥חַת	8478	HR	01m9p
35	4	18		הָ/אֵלָ֖ה	d/424	HTd/Ncfsa	01ih8
35	4	19		אֲשֶׁ֥ר	834 a	HTr	018hZ
35	4	20		עִם	5973 a	HR	01k4b
35	4	21		שְׁכֶֽם	7927	HNp	01ZXj
35	5	1		וַ/יִּסָּ֑עוּ	c/5265	HC/Vqw3mp	01SRr
35	5	2		וַ/יְהִ֣י	c/1961	HC/Vqw3ms	01Vun
35	5	3		חִתַּ֣ת	2847	HNcfsc	01cyh
35	5	4		אֱלֹהִ֗ים	430	HNcmpa	01AQ3
35	5	5		עַל	5921 a	HR	01NWB
35	5	6		הֶֽ/עָרִים֙	d/5892 b	HTd/Ncfpa	011of
35	5	7		אֲשֶׁר֙	834 a	HTr	019Sr
35	5	8		סְבִיבֹ֣תֵי/הֶ֔ם	5439	HNcbpc/Sp3mp	012wD
35	5	9		וְ/לֹ֣א	c/3808	HC/Tn	019Ms
35	5	10		רָֽדְפ֔וּ	7291	HVqp3cp	01GM9
35	5	11		אַחֲרֵ֖י	310 a	HR	01K43
35	5	12		בְּנֵ֥י	1121 a	HNcmpc	01Nh3
35	5	13		יַעֲקֹֽב	3290	HNp	01Pay
35	6	1		וַ/יָּבֹ֨א	c/935	HC/Vqw3ms	01tpq
35	6	2		יַעֲקֹ֜ב	3290	HNp	011f1
35	6	3		ל֗וּזָ/ה	3870	HNp/Sd	01kVM
35	6	4		אֲשֶׁר֙	834 a	HTr	01bsZ
35	6	5		בְּ/אֶ֣רֶץ	b/776	HR/Ncbsc	01TEL
35	6	6		כְּנַ֔עַן	3667 a	HNp	01ytb
35	6	7		הִ֖וא	1931	HPp3fs	013ey
35	6	8		בֵּֽית	1008+	HNp	01RmL
35	6	9		אֵ֑ל	1008	HNp	01ci2
35	6	10		ה֖וּא	1931	HPp3ms	01a1E
35	6	11		וְ/כָל	c/3605	HC/Ncmsc	019Ga
35	6	12		הָ/עָ֥ם	d/5971 a	HTd/Ncmsa	01ZVW
35	6	13		אֲשֶׁר	834 a	HTr	01w7w
35	6	14		עִמּֽ/וֹ	5973 a	HR/Sp3ms	019mv
35	7	1		וַ/יִּ֤בֶן	c/1129	HC/Vqw3ms	01nRN
35	7	2		שָׁם֙	8033	HD	01vJe
35	7	3		מִזְבֵּ֔חַ	4196	HNcmsa	01iPK
35	7	4		וַ/יִּקְרָא֙	c/7121	HC/Vqw3ms	01n6v
35	7	5		לַ/מָּק֔וֹם	l/4725	HRd/Ncmsa	01V76
35	7	6		אֵ֖ל	410	HNcmsc	01g48
35	7	7		בֵּֽית	1008+	HNp	01enX
35	7	8		אֵ֑ל	1008	HNp	019J8
35	7	9		כִּ֣י	3588 a	HC	01Gat
35	7	10		שָׁ֗ם	8033	HD	01kwx
35	7	11		נִגְל֤וּ	1540	HVNp3cp	01CFi
35	7	12		אֵלָי/ו֙	413	HR/Sp3ms	01Ksw
35	7	13		הָֽ/אֱלֹהִ֔ים	d/430	HTd/Ncmpa	01s23
35	7	14		בְּ/בָרְח֖/וֹ	b/1272	HR/Vqc/Sp3ms	01ir2
35	7	15		מִ/פְּנֵ֥י	m/6440	HR/Ncbpc	01nKr
35	7	16		אָחִֽי/ו	251	HNcmsc/Sp3ms	01Wfu
35	8	1		וַ/תָּ֤מָת	c/4191	HC/Vqw3fs	01UgW
35	8	2		דְּבֹרָה֙	1683	HNp	01eLU
35	8	3		מֵינֶ֣קֶת	3243	HNcfsc	01WcU
35	8	4		רִבְקָ֔ה	7259	HNp	01ynw
35	8	5		וַ/תִּקָּבֵ֛ר	c/6912	HC/VNw3fs	01FA8
35	8	6		מִ/תַּ֥חַת	m/8478	HR/R	012Hj
35	8	7		לְ/בֵֽית	l/1008+	HR/Np	01x4P
35	8	8		אֵ֖ל	1008	HNp	01NmG
35	8	9		תַּ֣חַת	8478	HR	01M3w
35	8	10		הָֽ/אַלּ֑וֹן	d/437	HTd/Ncmsa	01yJa
35	8	11		וַ/יִּקְרָ֥א	c/7121	HC/Vqw3ms	01uhf
35	8	12		שְׁמ֖/וֹ	8034	HNcmsc/Sp3ms	01dks
35	8	13		אַלּ֥וֹן	439+	HNp	01ouy
35	8	14		בָּכֽוּת	439	HNp	01ehD
35	9	1		וַ/יֵּרָ֨א	c/7200	HC/VNw3ms	01KPB
35	9	2		אֱלֹהִ֤ים	430	HNcmpa	01P7d
35	9	3		אֶֽל	413	HR	01kAs
35	9	4		יַעֲקֹב֙	3290	HNp	01Fsp
35	9	5		ע֔וֹד	5750	HD	018eB
35	9	6		בְּ/בֹא֖/וֹ	b/935	HR/Vqc/Sp3ms	01rzb
35	9	7		מִ/פַּדַּ֣ן	m/6307+	HR/Np	01zyM
35	9	8		אֲרָ֑ם	6307	HNp	01ReG
35	9	9		וַ/יְבָ֖רֶךְ	c/1288	HC/Vpw3ms	01fwY
35	9	10		אֹתֽ/וֹ	853	HTo/Sp3ms	01SRg
35	10	1		וַ/יֹּֽאמֶר	c/559	HC/Vqw3ms	01cko
35	10	2		ל֥/וֹ	l	HR/Sp3ms	01fcp
35	10	3		אֱלֹהִ֖ים	430	HNcmpa	01ZBs
35	10	4		שִׁמְ/ךָ֣	8034	HNcmsc/Sp2ms	016Z7
35	10	5		יַעֲקֹ֑ב	3290	HNp	019vP
35	10	6		לֹֽא	3808	HTn	01SoK
35	10	7		יִקָּרֵא֩	7121	HVNi3ms	01BZe
35	10	8		שִׁמְ/ךָ֨	8034	HNcmsc/Sp2ms	01nkd
35	10	9		ע֜וֹד	5750	HD	012g5
35	10	10		יַעֲקֹ֗ב	3290	HNp	01222
35	10	11		כִּ֤י	3588 b	HC	01pom
35	10	12		אִם	518 b	HC	01gQa
35	10	13		יִשְׂרָאֵל֙	3478	HNp	01FPt
35	10	14		יִהְיֶ֣ה	1961	HVqi3ms	01si5
35	10	15		שְׁמֶ֔/ךָ	8034	HNcmsc/Sp2ms	01ehc
35	10	16		וַ/יִּקְרָ֥א	c/7121	HC/Vqw3ms	01QET
35	10	17		אֶת	853	HTo	01wtK
35	10	18		שְׁמ֖/וֹ	8034	HNcmsc/Sp3ms	01WWz
35	10	19		יִשְׂרָאֵֽל	3478	HNp	01K8N
35	11	1		וַ/יֹּאמֶר֩	c/559	HC/Vqw3ms	01JnB
35	11	2		ל֨/וֹ	l	HR/Sp3ms	01sSb
35	11	3		אֱלֹהִ֜ים	430	HNcmpa	01C3r
35	11	4		אֲנִ֨י	589	HPp1cs	01Uet
35	11	5		אֵ֤ל	410	HNcmsc	01QiC
35	11	6		שַׁדַּי֙	7706	HNp	01HGx
35	11	7		פְּרֵ֣ה	6509	HVqv2ms	01z2e
35	11	8		וּ/רְבֵ֔ה	c/7235 a	HC/Vqv2ms	016Mg
35	11	9		גּ֛וֹי	1471 a	HNcmsa	01FGy
35	11	10		וּ/קְהַ֥ל	c/6951	HC/Ncmsc	01nAJ
35	11	11		גּוֹיִ֖ם	1471 a	HNcmpa	01uD2
35	11	12		יִהְיֶ֣ה	1961	HVqi3ms	01Mza
35	11	13		מִמֶּ֑/ךָּ	4480 a	HR/Sp2ms	01Nnd
35	11	14		וּ/מְלָכִ֖ים	c/4428	HC/Ncmpa	01fC6
35	11	15		מֵ/חֲלָצֶ֥י/ךָ	m/2504	HR/Ncbdc/Sp2ms	01Cxm
35	11	16		יֵצֵֽאוּ	3318	HVqi3mp	01F22
35	12	1		וְ/אֶת	c/853	HC/To	01LpP
35	12	2		הָ/אָ֗רֶץ	d/776	HTd/Ncbsa	01tUL
35	12	3		אֲשֶׁ֥ר	834 a	HTr	01k7V
35	12	4		נָתַ֛תִּי	5414	HVqp1cs	016uY
35	12	5		לְ/אַבְרָהָ֥ם	l/85	HR/Np	01H6H
35	12	6		וּ/לְ/יִצְחָ֖ק	c/l/3327	HC/R/Np	01fj8
35	12	7		לְ/ךָ֣	l	HR/Sp2ms	01V5L
35	12	8		אֶתְּנֶ֑/נָּה	5414	HVqi1cs/Sp3fs	01L6Q
35	12	9		וּֽ/לְ/זַרְעֲ/ךָ֥	c/l/2233	HC/R/Ncmsc/Sp2ms	01R5T
35	12	10		אַחֲרֶ֖י/ךָ	310 a	HR/Sp2ms	01smN
35	12	11		אֶתֵּ֥ן	5414	HVqi1cs	01USM
35	12	12		אֶת	853	HTo	0191S
35	12	13		הָ/אָֽרֶץ	d/776	HTd/Ncbsa	01kEf
35	13	1		וַ/יַּ֥עַל	c/5927	HC/Vqw3ms	01em7
35	13	2		מֵ/עָלָ֖י/ו	m/5921 a	HR/R/Sp3ms	01B4o
35	13	3		אֱלֹהִ֑ים	430	HNcmpa	01JhZ
35	13	4		בַּ/מָּק֖וֹם	b/4725	HRd/Ncmsa	01bga
35	13	5		אֲשֶׁר	834 a	HTr	017bY
35	13	6		דִּבֶּ֥ר	1696	HVpp3ms	01QB6
35	13	7		אִתּֽ/וֹ	854	HR/Sp3ms	019Lx
35	14	1		וַ/יַּצֵּ֨ב	c/5324	HC/Vhw3ms	01ccD
35	14	2		יַעֲקֹ֜ב	3290	HNp	01m7G
35	14	3		מַצֵּבָ֗ה	4676	HNcfsa	01otq
35	14	4		בַּ/מָּק֛וֹם	b/4725	HRd/Ncmsa	01QYy
35	14	5		אֲשֶׁר	834 a	HTr	01hX1
35	14	6		דִּבֶּ֥ר	1696	HVpp3ms	01Zc5
35	14	7		אִתּ֖/וֹ	854	HR/Sp3ms	01Wpy
35	14	8		מַצֶּ֣בֶת	4678	HNcfsc	01BVC
35	14	9		אָ֑בֶן	68	HNcfsa	01N7c
35	14	10		וַ/יַּסֵּ֤ךְ	c/5258 a	HC/Vhw3ms	01imt
35	14	11		עָלֶ֨י/הָ֙	5921 a	HR/Sp3fs	01cV5
35	14	12		נֶ֔סֶךְ	5262	HNcmsa	01DKm
35	14	13		וַ/יִּצֹ֥ק	c/3332	HC/Vqw3ms	01PYg
35	14	14		עָלֶ֖י/הָ	5921 a	HR/Sp3fs	0114c
35	14	15		שָֽׁמֶן	8081	HNcmsa	013L3
35	15	1		וַ/יִּקְרָ֨א	c/7121	HC/Vqw3ms	01NP1
35	15	2		יַעֲקֹ֜ב	3290	HNp	01tLg
35	15	3		אֶת	853	HTo	01j2P
35	15	4		שֵׁ֣ם	8034	HNcmsc	01t81
35	15	5		הַ/מָּק֗וֹם	d/4725	HTd/Ncmsa	01h5A
35	15	6		אֲשֶׁר֩	834 a	HTr	01NAd
35	15	7		דִּבֶּ֨ר	1696	HVpp3ms	01VQE
35	15	8		אִתּ֥/וֹ	854	HR/Sp3ms	01Nrc
35	15	9		שָׁ֛ם	8033	HD	01vYR
35	15	10		אֱלֹהִ֖ים	430	HNcmpa	01L7e
35	15	11		בֵּֽית	1008+	HNp	01xhJ
35	15	12		אֵֽל	1008	HNp	01bvt
35	16	1		וַ/יִּסְעוּ֙	c/5265	HC/Vqw3mp	011xx
35	16	2		מִ/בֵּ֣ית	m/1008+	HR/Np	016eW
35	16	3		אֵ֔ל	1008	HNp	01uxf
35	16	4		וַֽ/יְהִי	c/1961	HC/Vqw3ms	01vLL
35	16	5		ע֥וֹד	5750	HD	01Wnx
35	16	6		כִּבְרַת	3530	HNcfsc	01eyp
35	16	7		הָ/אָ֖רֶץ	d/776	HTd/Ncbsa	01Rqu
35	16	8		לָ/ב֣וֹא	l/935	HR/Vqc	01aSL
35	16	9		אֶפְרָ֑תָה	672	HNp	01UeV
35	16	10		וַ/תֵּ֥לֶד	c/3205	HC/Vqw3fs	01BBV
35	16	11		רָחֵ֖ל	7354	HNp	019Jv
35	16	12		וַ/תְּקַ֥שׁ	c/7185	HC/Vpw3fs	01hEG
35	16	13		בְּ/לִדְתָּֽ/הּ	b/3205	HR/Vqc/Sp3fs	01GnM
35	17	1		וַ/יְהִ֥י	c/1961	HC/Vqw3ms	0199c
35	17	2		בְ/הַקְשֹׁתָ֖/הּ	b/7185	HR/Vhc/Sp3fs	01S7P
35	17	3		בְּ/לִדְתָּ֑/הּ	b/3205	HR/Vqc/Sp3fs	01ZdL
35	17	4		וַ/תֹּ֨אמֶר	c/559	HC/Vqw3fs	01Dd6
35	17	5		לָ֤/הּ	l	HR/Sp3fs	0114S
35	17	6		הַ/מְיַלֶּ֨דֶת֙	d/3205	HTd/Vprfsa	01Hms
35	17	7		אַל	408	HTn	01Ynh
35	17	8		תִּ֣ירְאִ֔י	3372	HVqj2fs	01Y5R
35	17	9		כִּֽי	3588 a	HC	011iU
35	17	10		גַם	1571	HD	01jhs
35	17	11		זֶ֥ה	2088	HPdxms	01hfC
35	17	12		לָ֖/ךְ	l	HR/Sp2fs	01UAk
35	17	13		בֵּֽן	1121 a	HNcmsa	011wT
35	18	1		וַ/יְהִ֞י	c/1961	HC/Vqw3ms	01eqw
35	18	2		בְּ/צֵ֤את	b/3318	HR/Vqc	01MGT
35	18	3		נַפְשָׁ/הּ֙	5315	HNcbsc/Sp3fs	016JN
35	18	4		כִּ֣י	3588 a	HC	01yuX
35	18	5		מֵ֔תָה	4191	HVqp3fs	011Nj
35	18	6		וַ/תִּקְרָ֥א	c/7121	HC/Vqw3fs	01ELE
35	18	7		שְׁמ֖/וֹ	8034	HNcmsc/Sp3ms	013X1
35	18	8		בֶּן	1126+	HNp	01NtW
35	18	9		אוֹנִ֑י	1126	HNp	015Ta
35	18	10		וְ/אָבִ֖י/ו	c/1	HC/Ncmsc/Sp3ms	01Uy8
35	18	11		קָֽרָא	7121	HVqp3ms	01Vfn
35	18	12		ל֥/וֹ	l	HR/Sp3ms	01yG4
35	18	13		בִנְיָמִֽין	1144	HNp	01bpG
35	19	1		וַ/תָּ֖מָת	c/4191	HC/Vqw3fs	01QVv
35	19	2		רָחֵ֑ל	7354	HNp	01kHb
35	19	3		וַ/תִּקָּבֵר֙	c/6912	HC/VNw3fs	01pss
35	19	4		בְּ/דֶ֣רֶךְ	b/1870	HR/Ncbsc	01y6V
35	19	5		אֶפְרָ֔תָה	672	HNp	018TT
35	19	6		הִ֖וא	1931	HPp3fs	01gt7
35	19	7		בֵּ֥ית	1035+	HNp	01dR3
35	19	8		לָֽחֶם	1035	HNp	01pmS
35	20	1		וַ/יַּצֵּ֧ב	c/5324	HC/Vhw3ms	01rdU
35	20	2		יַעֲקֹ֛ב	3290	HNp	01XHX
35	20	3		מַצֵּבָ֖ה	4676	HNcfsa	01HZ4
35	20	4		עַל	5921 a	HR	01phf
35	20	5		קְבֻרָתָ֑/הּ	6900	HNcfsc/Sp3fs	01thj
35	20	6		הִ֛וא	1931	HPp3fs	01Fgu
35	20	7		מַצֶּ֥בֶת	4678	HNcfsc	01s59
35	20	8		קְבֻֽרַת	6900	HNcfsc	01mJ4
35	20	9		רָחֵ֖ל	7354	HNp	01mq1
35	20	10		עַד	5704	HR	015wY
35	20	11		הַ/יּֽוֹם	d/3117	HTd/Ncmsa	01dRa
35	21	1		וַ/יִּסַּ֖ע	c/5265	HC/Vqw3ms	015ba
35	21	2		יִשְׂרָאֵ֑ל	3478	HNp	01Kez
35	21	3		וַ/יֵּ֣ט	c/5186	HC/Vqw3ms	01QFW
35	21	4		אָֽהֳלֹ֔/ה	168	HNcmsc/Sp3ms	017E1
35	21	5		מֵ/הָ֖לְאָה	m/1973	HR/D	01uQs
35	21	6		לְ/מִגְדַּל	l/4029+	HR/Ncmsc	01DVy
35	21	7		עֵֽדֶר	4029	HNp	019ax
35	22	1		וַ/יְהִ֗י	c/1961	HC/Vqw3ms	018xQ
35	22	2		בִּ/שְׁכֹּ֤ן	b/7931	HR/Vqc	01xax
35	22	3		יִשְׂרָאֵל֙	3478	HNp	01UrJ
35	22	4		בָּ/אָ֣רֶץ	b/776	HRd/Ncbsa	01QfD
35	22	5		הַ/הִ֔וא	d/1931	HTd/Pp3fs	019bG
35	22	6		וַ/יֵּ֣לֶךְ	c/3212	HC/Vqw3ms	01UNy
35	22	7		רְאוּבֵ֔ן	7205	HNp	01UXz
35	22	8		וַ/יִּשְׁכַּב֙	c/7901	HC/Vqw3ms	01xKb
35	22	9		אֶת	854	HR	01MJ2
35	22	10		בִּלְהָה֙	1090 a	HNp	01dj6
35	22	11		פִּילֶ֣גֶשׁ	6370	HNcfsc	015ca
35	22	12		אָבִ֔י/ו	1	HNcmsc/Sp3ms	0167J
35	22	13		וַ/יִּשְׁמַ֖ע	c/8085	HC/Vqw3ms	01qvy
35	22	14		יִשְׂרָאֵ֑ל	3478	HNp	01HKr
35	22	15		וַ/יִּֽהְי֥וּ	c/1961	HC/Vqw3mp	01EFM
35	22	16		בְנֵֽי	1121 a	HNcmpc	01Z82
35	22	17		יַעֲקֹ֖ב	3290	HNp	01g8w
35	22	18		שְׁנֵ֥ים	8147	HAcmda	01GY8
35	22	19		עָשָֽׂר	6240	HAcmsa	01Xad
35	23	1		בְּנֵ֣י	1121 a	HNcmpc	01FkD
35	23	2		לֵאָ֔ה	3812	HNp	013kN
35	23	3		בְּכ֥וֹר	1060	HNcmsc	01CVF
35	23	4		יַעֲקֹ֖ב	3290	HNp	01YFH
35	23	5		רְאוּבֵ֑ן	7205	HNp	01A6X
35	23	6		וְ/שִׁמְעוֹן֙	c/8095	HC/Np	01csc
35	23	7		וְ/לֵוִ֣י	c/3878	HC/Np	01HGd
35	23	8		וִֽ/יהוּדָ֔ה	c/3063	HC/Np	01YoL
35	23	9		וְ/יִשָּׂשכָ֖ר	c/3485	HC/Np	01hoh
35	23	10		וּ/זְבוּלֻֽן	c/2074	HC/Np	01knm
35	24	1		בְּנֵ֣י	1121 a	HNcmpc	01gaY
35	24	2		רָחֵ֔ל	7354	HNp	01kaH
35	24	3		יוֹסֵ֖ף	3130	HNp	0187n
35	24	4		וּ/בִנְיָמִֽן	c/1144	HC/Np	01FHv
35	25	1		וּ/בְנֵ֤י	c/1121 a	HC/Ncmpc	01Lq6
35	25	2		בִלְהָה֙	1090 a	HNp	01Qc3
35	25	3		שִׁפְחַ֣ת	8198	HNcfsc	01uUM
35	25	4		רָחֵ֔ל	7354	HNp	01F2x
35	25	5		דָּ֖ן	1835	HNp	01D4g
35	25	6		וְ/נַפְתָּלִֽי	c/5321	HC/Np	01aDm
35	26	1		וּ/בְנֵ֥י	c/1121 a	HC/Ncmpc	013Qd
35	26	2		זִלְפָּ֛ה	2153	HNp	01N9M
35	26	3		שִׁפְחַ֥ת	8198	HNcfsc	01pMP
35	26	4		לֵאָ֖ה	3812	HNp	01FoR
35	26	5		גָּ֣ד	1410	HNp	01zFx
35	26	6		וְ/אָשֵׁ֑ר	c/836	HC/Np	01LSR
35	26	7		אֵ֚לֶּה	428	HPdxcp	01H6c
35	26	8		בְּנֵ֣י	1121 a	HNcmpc	01oyW
35	26	9		יַעֲקֹ֔ב	3290	HNp	015NW
35	26	10		אֲשֶׁ֥ר	834 a	HTr	01NM6
35	26	11		יֻלַּד	3205	HVPp3ms	01iNv
35	26	12		ל֖/וֹ	l	HR/Sp3ms	01Smf
35	26	13		בְּ/פַדַּ֥ן	b/6307+	HR/Np	01nwK
35	26	14		אֲרָֽם	6307	HNp	01UEY
35	27	1		וַ/יָּבֹ֤א	c/935	HC/Vqw3ms	01q89
35	27	2		יַעֲקֹב֙	3290	HNp	01T93
35	27	3		אֶל	413	HR	01TzH
35	27	4		יִצְחָ֣ק	3327	HNp	017LU
35	27	5		אָבִ֔י/ו	1	HNcmsc/Sp3ms	01qPv
35	27	6		מַמְרֵ֖א	4471	HNp	016vN
35	27	7		קִרְיַ֣ת	7153+	HNp	01eN9
35	27	8		הָֽאַרְבַּ֑ע	7153	HNp	019FH
35	27	9		הִ֣וא	1931	HPp3fs	01wtn
35	27	10		חֶבְר֔וֹן	2275 a	HNp	01UqK
35	27	11		אֲשֶׁר	834 a	HTr	01Vif
35	27	12		גָּֽר	1481 a	HVqp3ms	01tiY
35	27	13		שָׁ֥ם	8033	HD	01dC9
35	27	14		אַבְרָהָ֖ם	85	HNp	01yuT
35	27	15		וְ/יִצְחָֽק	c/3327	HC/Np	019HE
35	28	1		וַ/יִּֽהְי֖וּ	c/1961	HC/Vqw3mp	011JH
35	28	2		יְמֵ֣י	3117	HNcmpc	01da7
35	28	3		יִצְחָ֑ק	3327	HNp	01cre
35	28	4		מְאַ֥ת	3967	HAcfsc	01CDx
35	28	5		שָׁנָ֖ה	8141	HNcfsa	01nC8
35	28	6		וּ/שְׁמֹנִ֥ים	c/8084	HC/Acbpa	01tXF
35	28	7		שָׁנָֽה	8141	HNcfsa	01c7T
35	29	1		וַ/יִּגְוַ֨ע	c/1478	HC/Vqw3ms	01zT8
35	29	2		יִצְחָ֤ק	3327	HNp	01KSt
35	29	3		וַ/יָּ֨מָת֙	c/4191	HC/Vqw3ms	018q7
35	29	4		וַ/יֵּאָ֣סֶף	c/622	HC/VNw3ms	01uRN
35	29	5		אֶל	413	HR	01GK7
35	29	6		עַמָּ֔י/ו	5971 b	HNcmpc/Sp3ms	01DsT
35	29	7		זָקֵ֖ן	2205	HAamsa	01HDg
35	29	8		וּ/שְׂבַ֣ע	c/7649	HC/Aamsc	01tey
35	29	9		יָמִ֑ים	3117	HNcmpa	01jSe
35	29	10		וַ/יִּקְבְּר֣וּ	c/6912	HC/Vqw3mp	01AzV
35	29	11		אֹת֔/וֹ	853	HTo/Sp3ms	01LVv
35	29	12		עֵשָׂ֥ו	6215	HNp	01Twt
35	29	13		וְ/יַעֲקֹ֖ב	c/3290	HC/Np	01FpV
35	29	14		בָּנָֽי/ו	1121 a	HNcmpc/Sp3ms	01ZTF
36	1	1		וְ/אֵ֛לֶּה	c/428	HC/Pdxcp	01gSV
36	1	2		תֹּלְד֥וֹת	8435	HNcfpc	01YL9
36	1	3		עֵשָׂ֖ו	6215	HNp	01sqW
36	1	4		ה֥וּא	1931	HPp3ms	01Z3K
36	1	5		אֱדֽוֹם	123	HNp	01CP1
36	2	1		עֵשָׂ֛ו	6215	HNp	012VA
36	2	2		לָקַ֥ח	3947	HVqp3ms	01aYX
36	2	3		אֶת	853	HTo	01njq
36	2	4		נָשָׁ֖י/ו	802	HNcfpc/Sp3ms	01Rnv
36	2	5		מִ/בְּנ֣וֹת	m/1323	HR/Ncfpc	01PCr
36	2	6		כְּנָ֑עַן	3667 a	HNp	01A64
36	2	7		אֶת	853	HTo	018vJ
36	2	8		עָדָ֗ה	5711	HNp	01Kxy
36	2	9		בַּת	1323	HNcfsc	012J6
36	2	10		אֵילוֹן֙	356	HNp	015Bz
36	2	11		הַֽ/חִתִּ֔י	d/2850	HTd/Ngmsa	01Bsz
36	2	12		וְ/אֶת	c/853	HC/To	01TAs
36	2	13		אָהֳלִֽיבָמָה֙	173	HNp	01UQv
36	2	14		בַּת	1323	HNcfsc	01ZYA
36	2	15		עֲנָ֔ה	6034	HNp	01GTn
36	2	16		בַּת	1323	HNcfsc	01Jpi
36	2	17		צִבְע֖וֹן	6649	HNp	01N26
36	2	18		הַֽ/חִוִּֽי	d/2340	HTd/Ngmsa	01PyS
36	3	1		וְ/אֶת	c/853	HC/To	013wE
36	3	2		בָּשְׂמַ֥ת	1315	HNp	01BmC
36	3	3		בַּת	1323	HNcfsc	01vbW
36	3	4		יִשְׁמָעֵ֖אל	3458	HNp	01VUb
36	3	5		אֲח֥וֹת	269	HNcfsc	01FCa
36	3	6		נְבָיֽוֹת	5032	HNp	019YC
36	4	1		וַ/תֵּ֧לֶד	c/3205	HC/Vqw3fs	01Ub9
36	4	2		עָדָ֛ה	5711	HNp	0148w
36	4	3		לְ/עֵשָׂ֖ו	l/6215	HR/Np	01kz8
36	4	4		אֶת	853	HTo	01VVi
36	4	5		אֱלִיפָ֑ז	464	HNp	01TZL
36	4	6		וּ/בָ֣שְׂמַ֔ת	c/1315	HC/Np	01joC
36	4	7		יָלְדָ֖ה	3205	HVqp3fs	01ZR6
36	4	8		אֶת	853	HTo	01hAW
36	4	9		רְעוּאֵֽל	7467	HNp	0171f
36	5	1		וְ/אָהֳלִֽיבָמָה֙	c/173	HC/Np	01zgE
36	5	2		יָֽלְדָ֔ה	3205	HVqp3fs	019GF
36	5	3		אֶת	853	HTo	01CoT
36	5	4	x-ketiv	יעיש	3274	HNp	019bv
36	5	5		יְע֥וּשׁ	3266	HNp	01PEh
36	5	6		וְ/אֶת	c/853	HC/To	0149p
36	5	7		יַעְלָ֖ם	3281	HNp	01PNm
36	5	8		וְ/אֶת	c/853	HC/To	01Hvn
36	5	9		קֹ֑רַח	7141	HNp	01kgY
36	5	10		אֵ֚לֶּה	428	HPdxcp	01qhh
36	5	11		בְּנֵ֣י	1121 a	HNcmpc	01x1E
36	5	12		עֵשָׂ֔ו	6215	HNp	01X9n
36	5	13		אֲשֶׁ֥ר	834 a	HTr	017jF
36	5	14		יֻלְּדוּ	3205	HVPp3cp	01XJg
36	5	15		ל֖/וֹ	l	HR/Sp3ms	01kRY
36	5	16		בְּ/אֶ֥רֶץ	b/776	HR/Ncbsc	01wwA
36	5	17		כְּנָֽעַן	3667 a	HNp	01ecy
36	6	1		וַ/יִּקַּ֣ח	c/3947	HC/Vqw3ms	01KW6
36	6	2		עֵשָׂ֡ו	6215	HNp	01egZ
36	6	3		אֶת	853	HTo	019zj
36	6	4		נָ֠שָׁי/ו	802	HNcfpc/Sp3ms	01wDm
36	6	5		וְ/אֶת	c/853	HC/To	01XBL
36	6	6		בָּנָ֣י/ו	1121 a	HNcmpc/Sp3ms	0191A
36	6	7		וְ/אֶת	c/853	HC/To	01ShR
36	6	8		בְּנֹתָי/ו֮	1323	HNcfpc/Sp3ms	01ofP
36	6	9		וְ/אֶת	c/853	HC/To	01Ucb
36	6	10		כָּל	3605	HNcmsc	011kC
36	6	11		נַפְשׁ֣וֹת	5315	HNcbpc	01NaD
36	6	12		בֵּית/וֹ֒	1004 b	HNcmsc/Sp3ms	01Se2
36	6	13		וְ/אֶת	c/853	HC/To	01zk8
36	6	14		מִקְנֵ֣/הוּ	4735	HNcmsc/Sp3ms	01KF6
36	6	15		וְ/אֶת	c/853	HC/To	01MQB
36	6	16		כָּל	3605	HNcmsc	01qmg
36	6	17		בְּהֶמְתּ֗/וֹ	929	HNcfsc/Sp3ms	01LhH
36	6	18		וְ/אֵת֙	c/853	HC/To	01haF
36	6	19		כָּל	3605	HNcmsc	014cc
36	6	20		קִנְיָנ֔/וֹ	7075	HNcmsc/Sp3ms	012sJ
36	6	21		אֲשֶׁ֥ר	834 a	HTr	01BAU
36	6	22		רָכַ֖שׁ	7408	HVqp3ms	0142z
36	6	23		בְּ/אֶ֣רֶץ	b/776	HR/Ncbsc	013nU
36	6	24		כְּנָ֑עַן	3667 a	HNp	01gs1
36	6	25		וַ/יֵּ֣לֶךְ	c/3212	HC/Vqw3ms	01mv1
36	6	26		אֶל	413	HR	01KRK
36	6	27		אֶ֔רֶץ	776	HNcbsa	017Vu
36	6	28		מִ/פְּנֵ֖י	m/6440	HR/Ncbpc	01bru
36	6	29		יַעֲקֹ֥ב	3290	HNp	01msw
36	6	30		אָחִֽי/ו	251	HNcmsc/Sp3ms	01cVr
36	7	1		כִּֽי	3588 a	HC	01Qeo
36	7	2		הָיָ֧ה	1961	HVqp3ms	01tqQ
36	7	3		רְכוּשָׁ֛/ם	7399	HNcmsc/Sp3mp	01KDK
36	7	4		רָ֖ב	7227 a	HAamsa	01MYs
36	7	5		מִ/שֶּׁ֣בֶת	m/3427	HR/Vqc	017Zb
36	7	6		יַחְדָּ֑ו	3162 b	HD	01CeH
36	7	7		וְ/לֹ֨א	c/3808	HC/Tn	01fs7
36	7	8		יָֽכְלָ֜ה	3201	HVqp3fs	012Pc
36	7	9		אֶ֤רֶץ	776	HNcbsc	014Wc
36	7	10		מְגֽוּרֵי/הֶם֙	4033	HNcmpc/Sp3mp	013gW
36	7	11		לָ/שֵׂ֣את	l/5375	HR/Vqc	01hnp
36	7	12		אֹתָ֔/ם	853	HTo/Sp3mp	013iK
36	7	13		מִ/פְּנֵ֖י	m/6440	HR/Ncbpc	01abT
36	7	14		מִקְנֵי/הֶֽם	4735	HNcmsc/Sp3mp	01pRx
36	8	1		וַ/יֵּ֤שֶׁב	c/3427	HC/Vqw3ms	01sbX
36	8	2		עֵשָׂו֙	6215	HNp	01Se6
36	8	3		בְּ/הַ֣ר	b/2022	HR/Ncmsc	01kBR
36	8	4		שֵׂעִ֔יר	8165 a	HNp	01JkL
36	8	5		עֵשָׂ֖ו	6215	HNp	01AuN
36	8	6		ה֥וּא	1931	HPp3ms	01Abp
36	8	7		אֱדֽוֹם	123	HNp	01kFN
36	9	1		וְ/אֵ֛לֶּה	c/428	HC/Pdxcp	011nB
36	9	2		תֹּלְד֥וֹת	8435	HNcfpc	01bub
36	9	3		עֵשָׂ֖ו	6215	HNp	0192o
36	9	4		אֲבִ֣י	1	HNcmsc	01oSz
36	9	5		אֱד֑וֹם	123	HNp	019HU
36	9	6		בְּ/הַ֖ר	b/2022	HR/Ncmsc	018Ee
36	9	7		שֵׂעִֽיר	8165 a	HNp	01ZPw
36	10	1		אֵ֖לֶּה	428	HPdxcp	01iVf
36	10	2		שְׁמ֣וֹת	8034	HNcmpc	01Jap
36	10	3		בְּנֵֽי	1121 a	HNcmpc	019ju
36	10	4		עֵשָׂ֑ו	6215	HNp	01vEh
36	10	5		אֱלִיפַ֗ז	464	HNp	01oKS
36	10	6		בֶּן	1121 a	HNcmsc	012XX
36	10	7		עָדָה֙	5711	HNp	01Gk7
36	10	8		אֵ֣שֶׁת	802	HNcfsc	017pL
36	10	9		עֵשָׂ֔ו	6215	HNp	01VK3
36	10	10		רְעוּאֵ֕ל	7467	HNp	01Xmd
36	10	11		בֶּן	1121 a	HNcmsc	01dHy
36	10	12		בָּשְׂמַ֖ת	1315	HNp	01oDM
36	10	13		אֵ֥שֶׁת	802	HNcfsc	01QmQ
36	10	14		עֵשָֽׂו	6215	HNp	01fEZ
36	11	1		וַ/יִּהְי֖וּ	c/1961	HC/Vqw3mp	01ScY
36	11	2		בְּנֵ֣י	1121 a	HNcmpc	01zF1
36	11	3		אֱלִיפָ֑ז	464	HNp	012DY
36	11	4		תֵּימָ֣ן	8487	HNp	01V2X
36	11	5		אוֹמָ֔ר	201	HNp	01aoH
36	11	6		צְפ֥וֹ	6825	HNp	01xTB
36	11	7		וְ/גַעְתָּ֖ם	c/1609	HC/Np	01c9W
36	11	8		וּ/קְנַֽז	c/7073	HC/Np	015wE
36	12	1		וְ/תִמְנַ֣ע	c/8555	HC/Np	01Twf
36	12	2		הָיְתָ֣ה	1961	HVqp3fs	01hHi
36	12	3		פִילֶ֗גֶשׁ	6370	HNcfsa	01cvU
36	12	4		לֶֽ/אֱלִיפַז֙	l/464	HR/Np	01yHD
36	12	5		בֶּן	1121 a	HNcmsc	01BQ7
36	12	6		עֵשָׂ֔ו	6215	HNp	01HVA
36	12	7		וַ/תֵּ֥לֶד	c/3205	HC/Vqw3fs	01dTu
36	12	8		לֶ/אֱלִיפַ֖ז	l/464	HR/Np	01fK4
36	12	9		אֶת	853	HTo	01KUb
36	12	10		עֲמָלֵ֑ק	6002	HNp	01MaM
36	12	11		אֵ֕לֶּה	428	HPdxcp	01HEm
36	12	12		בְּנֵ֥י	1121 a	HNcmpc	01Cuf
36	12	13		עָדָ֖ה	5711	HNp	0156i
36	12	14		אֵ֥שֶׁת	802	HNcfsc	01HtA
36	12	15		עֵשָֽׂו	6215	HNp	01DY4
36	13	1		וְ/אֵ֨לֶּה֙	c/428	HC/Pdxcp	01VwJ
36	13	2		בְּנֵ֣י	1121 a	HNcmpc	01RBP
36	13	3		רְעוּאֵ֔ל	7467	HNp	01N5H
36	13	4		נַ֥חַת	5184	HNp	01wF2
36	13	5		וָ/זֶ֖רַח	c/2226	HC/Np	01Ee7
36	13	6		שַׁמָּ֣ה	8048	HNp	01WPj
36	13	7		וּ/מִזָּ֑ה	c/4199	HC/Np	01NGD
36	13	8		אֵ֣לֶּ֣ה	428	HPdxcp	01rVy
36	13	9		הָי֔וּ	1961	HVqp3cp	011sc
36	13	10		בְּנֵ֥י	1121 a	HNcmpc	01pMJ
36	13	11		בָשְׂמַ֖ת	1315	HNp	01JUP
36	13	12		אֵ֥שֶׁת	802	HNcfsc	01xzE
36	13	13		עֵשָֽׂו	6215	HNp	016Jh
36	14	1		וְ/אֵ֣לֶּה	c/428	HC/Pdxcp	01Lr7
36	14	2		הָי֗וּ	1961	HVqp3cp	01wZb
36	14	3		בְּנֵ֨י	1121 a	HNcmpc	01fbm
36	14	4		אָהֳלִיבָמָ֧ה	173	HNp	01dL2
36	14	5		בַת	1323	HNcfsc	01Jnk
36	14	6		עֲנָ֛ה	6034	HNp	01SGv
36	14	7		בַּת	1323	HNcfsc	01qEw
36	14	8		צִבְע֖וֹן	6649	HNp	01tWu
36	14	9		אֵ֣שֶׁת	802	HNcfsc	01B9Z
36	14	10		עֵשָׂ֑ו	6215	HNp	015yS
36	14	11		וַ/תֵּ֣לֶד	c/3205	HC/Vqw3fs	013EJ
36	14	12		לְ/עֵשָׂ֔ו	l/6215	HR/Np	018K1
36	14	13		אֶת	853	HTo	017XQ
36	14	14	x-ketiv	יעיש	3274	HNp	01WTG
36	14	15		יְע֥וּשׁ	3266	HNp	019PN
36	14	16		וְ/אֶת	c/853	HC/To	01yLT
36	14	17		יַעְלָ֖ם	3281	HNp	01eXf
36	14	18		וְ/אֶת	c/853	HC/To	01JhX
36	14	19		קֹֽרַח	7141	HNp	01X8T
36	15	1		אֵ֖לֶּה	428	HPdxcp	014D5
36	15	2		אַלּוּפֵ֣י	441 b	HNcmpc	01eFs
36	15	3		בְנֵֽי	1121 a	HNcmpc	018f9
36	15	4		עֵשָׂ֑ו	6215	HNp	01knP
36	15	5		בְּנֵ֤י	1121 a	HNcmpc	01t1F
36	15	6		אֱלִיפַז֙	464	HNp	01gB7
36	15	7		בְּכ֣וֹר	1060	HNcmsc	01MuJ
36	15	8		עֵשָׂ֔ו	6215	HNp	01yGU
36	15	9		אַלּ֤וּף	441 b	HNcmsa	01jBS
36	15	10		תֵּימָן֙	8487	HNp	01xmn
36	15	11		אַלּ֣וּף	441 b	HNcmsa	01uni
36	15	12		אוֹמָ֔ר	201	HNp	019vH
36	15	13		אַלּ֥וּף	441 b	HNcmsa	015JN
36	15	14		צְפ֖וֹ	6825	HNp	013ii
36	15	15		אַלּ֥וּף	441 b	HNcmsa	01rLF
36	15	16		קְנַֽז	7073	HNp	01oE6
36	16	1		אַלּֽוּף	441 b	HNcmsa	01hZ5
36	16	2		קֹ֛רַח	7141	HNp	01GMm
36	16	3		אַלּ֥וּף	441 b	HNcmsa	01Pea
36	16	4		גַּעְתָּ֖ם	1609	HNp	01wD4
36	16	5		אַלּ֣וּף	441 b	HNcmsa	01qs9
36	16	6		עֲמָלֵ֑ק	6002	HNp	01fnU
36	16	7		אֵ֣לֶּה	428	HPdxcp	01nXh
36	16	8		אַלּוּפֵ֤י	441 b	HNcmpc	01xAp
36	16	9		אֱלִיפַז֙	464	HNp	01jfE
36	16	10		בְּ/אֶ֣רֶץ	b/776	HR/Ncbsc	01nJH
36	16	11		אֱד֔וֹם	123	HNp	01ChM
36	16	12		אֵ֖לֶּה	428	HPdxcp	01qKB
36	16	13		בְּנֵ֥י	1121 a	HNcmpc	01huq
36	16	14		עָדָֽה	5711	HNp	01JBt
36	17	1		וְ/אֵ֗לֶּה	c/428	HC/Pdxcp	01Gzb
36	17	2		בְּנֵ֤י	1121 a	HNcmpc	01Ks2
36	17	3		רְעוּאֵל֙	7467	HNp	01e4v
36	17	4		בֶּן	1121 a	HNcmsc	01bMz
36	17	5		עֵשָׂ֔ו	6215	HNp	01mw3
36	17	6		אַלּ֥וּף	441 b	HNcmsa	01HTJ
36	17	7		נַ֨חַת֙	5184	HNp	01aUp
36	17	8		אַלּ֣וּף	441 b	HNcmsa	01gTS
36	17	9		זֶ֔רַח	2226	HNp	01UPq
36	17	10		אַלּ֥וּף	441 b	HNcmsa	01Wjr
36	17	11		שַׁמָּ֖ה	8048	HNp	01vQV
36	17	12		אַלּ֣וּף	441 b	HNcmsa	01AHq
36	17	13		מִזָּ֑ה	4199	HNp	01A5h
36	17	14		אֵ֣לֶּה	428	HPdxcp	01qcL
36	17	15		אַלּוּפֵ֤י	441 b	HNcmpc	01DV1
36	17	16		רְעוּאֵל֙	7467	HNp	01SnS
36	17	17		בְּ/אֶ֣רֶץ	b/776	HR/Ncbsc	01jw1
36	17	18		אֱד֔וֹם	123	HNp	016TX
36	17	19		אֵ֕לֶּה	428	HPdxcp	01dco
36	17	20		בְּנֵ֥י	1121 a	HNcmpc	01i2C
36	17	21		בָשְׂמַ֖ת	1315	HNp	01BBo
36	17	22		אֵ֥שֶׁת	802	HNcfsc	014sm
36	17	23		עֵשָֽׂו	6215	HNp	01ZxZ
36	18	1		וְ/אֵ֗לֶּה	c/428	HC/Pdxcp	01kwV
36	18	2		בְּנֵ֤י	1121 a	HNcmpc	01uZZ
36	18	3		אָהֳלִֽיבָמָה֙	173	HNp	019HJ
36	18	4		אֵ֣שֶׁת	802	HNcfsc	01irc
36	18	5		עֵשָׂ֔ו	6215	HNp	01H8U
36	18	6		אַלּ֥וּף	441 b	HNcmsa	01VMs
36	18	7		יְע֛וּשׁ	3266	HNp	01Kvq
36	18	8		אַלּ֥וּף	441 b	HNcmsa	01ZwH
36	18	9		יַעְלָ֖ם	3281	HNp	01LWa
36	18	10		אַלּ֣וּף	441 b	HNcmsa	01B8h
36	18	11		קֹ֑רַח	7141	HNp	01bgi
36	18	12		אֵ֣לֶּה	428	HPdxcp	012kB
36	18	13		אַלּוּפֵ֞י	441 b	HNcmpc	01vuj
36	18	14		אָֽהֳלִיבָמָ֛ה	173	HNp	01vTn
36	18	15		בַּת	1323	HNcfsc	01gW3
36	18	16		עֲנָ֖ה	6034	HNp	01f1A
36	18	17		אֵ֥שֶׁת	802	HNcfsc	01UVx
36	18	18		עֵשָֽׂו	6215	HNp	01yP8
36	19	1		אֵ֧לֶּה	428	HPdxcp	01CJz
36	19	2		בְנֵי	1121 a	HNcmpc	01Wtd
36	19	3		עֵשָׂ֛ו	6215	HNp	01LaU
36	19	4		וְ/אֵ֥לֶּה	c/428	HC/Pdxcp	01E4D
36	19	5		אַלּוּפֵי/הֶ֖ם	441 b	HNcmpc/Sp3mp	0125D
36	19	6		ה֥וּא	1931	HPp3ms	01W8v
36	19	7		אֱדֽוֹם	123	HNp	01gvU
36	20	1		אֵ֤לֶּה	428	HPdxcp	01d6B
36	20	2		בְנֵֽי	1121 a	HNcmpc	01wUz
36	20	3		שֵׂעִיר֙	8165 b	HNp	01DUq
36	20	4		הַ/חֹרִ֔י	d/2752	HTd/Ngmsa	01jtK
36	20	5		יֹשְׁבֵ֖י	3427	HVqrmpc	01dbg
36	20	6		הָ/אָ֑רֶץ	d/776	HTd/Ncbsa	01XE3
36	20	7		לוֹטָ֥ן	3877	HNp	015Ae
36	20	8		וְ/שׁוֹבָ֖ל	c/7732	HC/Np	015LF
36	20	9		וְ/צִבְע֥וֹן	c/6649	HC/Np	01EnA
36	20	10		וַ/עֲנָֽה	c/6034	HC/Np	01qo9
36	21	1		וְ/דִשׁ֥וֹן	c/1787	HC/Np	012Ze
36	21	2		וְ/אֵ֖צֶר	c/687	HC/Np	01VLD
36	21	3		וְ/דִישָׁ֑ן	c/1789	HC/Np	013qz
36	21	4		אֵ֣לֶּה	428	HPdxcp	01pN5
36	21	5		אַלּוּפֵ֧י	441 b	HNcmpc	018Rn
36	21	6		הַ/חֹרִ֛י	d/2752	HTd/Ngmsa	01BbZ
36	21	7		בְּנֵ֥י	1121 a	HNcmpc	01tiT
36	21	8		שֵׂעִ֖יר	8165 b	HNp	01JoR
36	21	9		בְּ/אֶ֥רֶץ	b/776	HR/Ncbsc	01mjR
36	21	10		אֱדֽוֹם	123	HNp	01p6B
36	22	1		וַ/יִּהְי֥וּ	c/1961	HC/Vqw3mp	0114q
36	22	2		בְנֵי	1121 a	HNcmpc	01qL2
36	22	3		לוֹטָ֖ן	3877	HNp	01BDU
36	22	4		חֹרִ֣י	2753	HNp	01fAD
36	22	5		וְ/הֵימָ֑ם	c/1967	HC/Np	01dAs
36	22	6		וַ/אֲח֥וֹת	c/269	HC/Ncfsc	01YU3
36	22	7		לוֹטָ֖ן	3877	HNp	01FWw
36	22	8		תִּמְנָֽע	8555	HNp	01GqE
36	23	1		וְ/אֵ֨לֶּה֙	c/428	HC/Pdxcp	01j8b
36	23	2		בְּנֵ֣י	1121 a	HNcmpc	01qW8
36	23	3		שׁוֹבָ֔ל	7732	HNp	011MY
36	23	4		עַלְוָ֥ן	5935	HNp	01ZjJ
36	23	5		וּ/מָנַ֖חַת	c/4506 b	HC/Np	011nr
36	23	6		וְ/עֵיבָ֑ל	c/5858 b	HC/Np	01Ckg
36	23	7		שְׁפ֖וֹ	8195	HNp	012eF
36	23	8		וְ/אוֹנָֽם	c/208	HC/Np	01vy1
36	24	1		וְ/אֵ֥לֶּה	c/428	HC/Pdxcp	01WPF
36	24	2		בְנֵֽי	1121 a	HNcmpc	01uxQ
36	24	3		צִבְע֖וֹן	6649	HNp	01hWi
36	24	4		וְ/אַיָּ֣ה	c/345	HC/Np	01TXB
36	24	5		וַ/עֲנָ֑ה	c/6034	HC/Np	01dMk
36	24	6		ה֣וּא	1931	HPp3ms	014Xq
36	24	7		עֲנָ֗ה	6034	HNp	01Lwc
36	24	8		אֲשֶׁ֨ר	834 a	HTr	01663
36	24	9		מָצָ֤א	4672	HVqp3ms	01sxr
36	24	10		אֶת	853	HTo	01y6U
36	24	11		הַ/יֵּמִם֙	d/3222	HTd/Ncmpa	01fF9
36	24	12		בַּ/מִּדְבָּ֔ר	b/4057 b	HRd/Ncmsa	01htb
36	24	13		בִּ/רְעֹת֥/וֹ	b/7462 b	HR/Vqc/Sp3ms	01cqR
36	24	14		אֶת	853	HTo	016QS
36	24	15		הַ/חֲמֹרִ֖ים	d/2543	HTd/Ncbpa	01JeE
36	24	16		לְ/צִבְע֥וֹן	l/6649	HR/Np	01Krw
36	24	17		אָבִֽי/ו	1	HNcmsc/Sp3ms	01xis
36	25	1		וְ/אֵ֥לֶּה	c/428	HC/Pdxcp	01xgT
36	25	2		בְנֵֽי	1121 a	HNcmpc	016L4
36	25	3		עֲנָ֖ה	6034	HNp	014Hf
36	25	4		דִּשֹׁ֑ן	1787	HNp	01Ed4
36	25	5		וְ/אָהֳלִיבָמָ֖ה	c/173	HC/Np	013Dd
36	25	6		בַּת	1323	HNcfsc	011PZ
36	25	7		עֲנָֽה	6034	HNp	01e2h
36	26	1		וְ/אֵ֖לֶּה	c/428	HC/Pdxcp	01ShJ
36	26	2		בְּנֵ֣י	1121 a	HNcmpc	01xVt
36	26	3		דִישָׁ֑ן	1789	HNp	01mo4
36	26	4		חֶמְדָּ֥ן	2533	HNp	017X5
36	26	5		וְ/אֶשְׁבָּ֖ן	c/790	HC/Np	01smg
36	26	6		וְ/יִתְרָ֥ן	c/3506	HC/Np	01XXv
36	26	7		וּ/כְרָֽן	c/3763	HC/Np	01BuH
36	27	1		אֵ֖לֶּה	428	HPdxcp	01qer
36	27	2		בְּנֵי	1121 a	HNcmpc	01o22
36	27	3		אֵ֑צֶר	687	HNp	01619
36	27	4		בִּלְהָ֥ן	1092	HNp	01ng8
36	27	5		וְ/זַעֲוָ֖ן	c/2190	HC/Np	01bRb
36	27	6		וַ/עֲקָֽן	c/6130	HC/Np	011BG
36	28	1		אֵ֥לֶּה	428	HPdxcp	01Nrj
36	28	2		בְנֵֽי	1121 a	HNcmpc	01bxk
36	28	3		דִישָׁ֖ן	1789	HNp	01Us3
36	28	4		ע֥וּץ	5780	HNp	01Nmf
36	28	5		וַ/אֲרָֽן	c/765	HC/Np	017pX
36	29	1		אֵ֖לֶּה	428	HPdxcp	01MWG
36	29	2		אַלּוּפֵ֣י	441 b	HNcmpc	01s43
36	29	3		הַ/חֹרִ֑י	d/2752	HTd/Ngmsa	01RmU
36	29	4		אַלּ֤וּף	441 b	HNcmsa	01jtw
36	29	5		לוֹטָן֙	3877	HNp	01br1
36	29	6		אַלּ֣וּף	441 b	HNcmsa	01EiE
36	29	7		שׁוֹבָ֔ל	7732	HNp	01jA9
36	29	8		אַלּ֥וּף	441 b	HNcmsa	01tGZ
36	29	9		צִבְע֖וֹן	6649	HNp	01nTH
36	29	10		אַלּ֥וּף	441 b	HNcmsa	018YN
36	29	11		עֲנָֽה	6034	HNp	01MZP
36	30	1		אַלּ֥וּף	441 b	HNcmsa	01u1k
36	30	2		דִּשֹׁ֛ן	1787	HNp	01KYu
36	30	3		אַלּ֥וּף	441 b	HNcmsa	01Nep
36	30	4		אֵ֖צֶר	687	HNp	019di
36	30	5		אַלּ֣וּף	441 b	HNcmsa	01wFK
36	30	6		דִּישָׁ֑ן	1789	HNp	01tZn
36	30	7		אֵ֣לֶּה	428	HPdxcp	011ex
36	30	8		אַלּוּפֵ֧י	441 b	HNcmpc	01kkd
36	30	9		הַ/חֹרִ֛י	d/2753	HTd/Ngmsa	01XGe
36	30	10		לְ/אַלֻּפֵי/הֶ֖ם	l/441 b	HR/Ncmpc/Sp3mp	01yzC
36	30	11		בְּ/אֶ֥רֶץ	b/776	HR/Ncbsc	01YWW
36	30	12		שֵׂעִֽיר	8165 a	HNp	011pN
36	31	1		וְ/אֵ֨לֶּה֙	c/428	HC/Pdxcp	01LX7
36	31	2		הַ/מְּלָכִ֔ים	d/4428	HTd/Ncmpa	01zGa
36	31	3		אֲשֶׁ֥ר	834 a	HTr	01MGv
36	31	4		מָלְכ֖וּ	4427 a	HVqp3cp	01qCH
36	31	5		בְּ/אֶ֣רֶץ	b/776	HR/Ncbsc	01jDg
36	31	6		אֱד֑וֹם	123	HNp	012SV
36	31	7		לִ/פְנֵ֥י	l/6440	HR/Ncbpc	0112D
36	31	8		מְלָךְ	4427 a	HVqc	01Lxy
36	31	9		מֶ֖לֶךְ	4428	HNcmsa	019ut
36	31	10		לִ/בְנֵ֥י	l/1121 a	HR/Ncmpc	01DTy
36	31	11		יִשְׂרָאֵֽל	3478	HNp	012Cp
36	32	1		וַ/יִּמְלֹ֣ךְ	c/4427 a	HC/Vqw3ms	01xVz
36	32	2		בֶּ/אֱד֔וֹם	b/123	HR/Np	01zLP
36	32	3		בֶּ֖לַע	1106 a	HNp	01eRE
36	32	4		בֶּן	1121 a	HNcmsc	01vQL
36	32	5		בְּע֑וֹר	1160	HNp	01su9
36	32	6		וְ/שֵׁ֥ם	c/8034	HC/Ncmsc	01QFy
36	32	7		עִיר֖/וֹ	5892 b	HNcfsc/Sp3ms	01yVq
36	32	8		דִּנְהָֽבָה	1838	HNp	01wmE
36	33	1		וַ/יָּ֖מָת	c/4191	HC/Vqw3ms	01w7b
36	33	2		בָּ֑לַע	1106 a	HNp	012ZU
36	33	3		וַ/יִּמְלֹ֣ךְ	c/4427 a	HC/Vqw3ms	01cjp
36	33	4		תַּחְתָּ֔י/ו	8478	HR/Sp3ms	01Lxw
36	33	5		יוֹבָ֥ב	3103	HNp	018X9
36	33	6		בֶּן	1121 a	HNcmsc	01h6v
36	33	7		זֶ֖רַח	2226	HNp	01u1C
36	33	8		מִ/בָּצְרָֽה	m/1224	HR/Np	01BZ7
36	34	1		וַ/יָּ֖מָת	c/4191	HC/Vqw3ms	01Bag
36	34	2		יוֹבָ֑ב	3103	HNp	01BPL
36	34	3		וַ/יִּמְלֹ֣ךְ	c/4427 a	HC/Vqw3ms	01PKq
36	34	4		תַּחְתָּ֔י/ו	8478	HR/Sp3ms	01eGB
36	34	5		חֻשָׁ֖ם	2367	HNp	01NnE
36	34	6		מֵ/אֶ֥רֶץ	m/776	HR/Ncbsc	01csg
36	34	7		הַ/תֵּימָנִֽי	d/8489	HTd/Ngmsa	01MoA
36	35	1		וַ/יָּ֖מָת	c/4191	HC/Vqw3ms	01dh4
36	35	2		חֻשָׁ֑ם	2367	HNp	01M71
36	35	3		וַ/יִּמְלֹ֨ךְ	c/4427 a	HC/Vqw3ms	01QF5
36	35	4		תַּחְתָּ֜י/ו	8478	HR/Sp3ms	01hHd
36	35	5		הֲדַ֣ד	1908	HNp	01iQC
36	35	6		בֶּן	1121 a	HNcmsc	013HZ
36	35	7		בְּדַ֗ד	911	HNp	01kZK
36	35	8		הַ/מַּכֶּ֤ה	d/5221	HTd/Vhrmsa	013Zh
36	35	9		אֶת	853	HTo	01GTc
36	35	10		מִדְיָן֙	4080	HNp	01emn
36	35	11		בִּ/שְׂדֵ֣ה	b/7704 b	HR/Ncmsc	01keE
36	35	12		מוֹאָ֔ב	4124	HNp	01DQr
36	35	13		וְ/שֵׁ֥ם	c/8034	HC/Ncmsc	01vYZ
36	35	14		עִיר֖/וֹ	5892 b	HNcfsc/Sp3ms	01wcu
36	35	15		עֲוִֽית	5762	HNp	01ErB
36	36	1		וַ/יָּ֖מָת	c/4191	HC/Vqw3ms	01YfA
36	36	2		הֲדָ֑ד	1908	HNp	01Nj8
36	36	3		וַ/יִּמְלֹ֣ךְ	c/4427 a	HC/Vqw3ms	01TiZ
36	36	4		תַּחְתָּ֔י/ו	8478	HR/Sp3ms	01FYi
36	36	5		שַׂמְלָ֖ה	8072	HNp	01QLs
36	36	6		מִ/מַּשְׂרֵקָֽה	m/4957	HR/Np	01FiY
36	37	1		וַ/יָּ֖מָת	c/4191	HC/Vqw3ms	01eQf
36	37	2		שַׂמְלָ֑ה	8072	HNp	01BTs
36	37	3		וַ/יִּמְלֹ֣ךְ	c/4427 a	HC/Vqw3ms	01KrB
36	37	4		תַּחְתָּ֔י/ו	8478	HR/Sp3ms	01AgZ
36	37	5		שָׁא֖וּל	7586	HNp	01pH1
36	37	6		מֵ/רְחֹב֥וֹת	m/7344	HR/Np	01jnM
36	37	7		הַ/נָּהָֽר	d/5104	HTd/Ncmsa	01uLE
36	38	1		וַ/יָּ֖מָת	c/4191	HC/Vqw3ms	01MZd
36	38	2		שָׁא֑וּל	7586	HNp	01qBa
36	38	3		וַ/יִּמְלֹ֣ךְ	c/4427 a	HC/Vqw3ms	01fL7
36	38	4		תַּחְתָּ֔י/ו	8478	HR/Sp3ms	017xq
36	38	5		בַּ֥עַל	1177+	HNp	01SpP
36	38	6		חָנָ֖ן	1177	HNp	01qs7
36	38	7		בֶּן	1121 a	HNcmsc	01ZQj
36	38	8		עַכְבּֽוֹר	5907	HNp	01Uxi
36	39	1		וַ/יָּמָת֮	c/4191	HC/Vqw3ms	01LWG
36	39	2		בַּ֣עַל	1177+	HNp	01CNH
36	39	3		חָנָ֣ן	1177	HNp	01A7f
36	39	4		בֶּן	1121 a	HNcmsc	01rH9
36	39	5		עַכְבּוֹר֒	5907	HNp	01gVa
36	39	6		וַ/יִּמְלֹ֤ךְ	c/4427 a	HC/Vqw3ms	01mgf
36	39	7		תַּחְתָּי/ו֙	8478	HR/Sp3ms	01Hi8
36	39	8		הֲדַ֔ר	1924	HNp	01Znf
36	39	9		וְ/שֵׁ֥ם	c/8034	HC/Ncmsc	01Pfi
36	39	10		עִיר֖/וֹ	5892 b	HNcfsc/Sp3ms	011VM
36	39	11		פָּ֑עוּ	6464	HNp	01uuC
36	39	12		וְ/שֵׁ֨ם	c/8034	HC/Ncmsc	01HDV
36	39	13		אִשְׁתּ֤/וֹ	802	HNcfsc/Sp3ms	019Cr
36	39	14		מְהֵֽיטַבְאֵל֙	4105	HNp	01Vvs
36	39	15		בַּת	1323	HNcfsc	01EXR
36	39	16		מַטְרֵ֔ד	4308	HNp	01dHH
36	39	17		בַּ֖ת	1323	HNcfsc	01Ydu
36	39	18		מֵ֥י	4314+	HNp	01Lny
36	39	19		זָהָֽב	4314	HNp	01mDr
36	40	1		וְ֠/אֵלֶּה	c/428	HC/Pdxcp	016PR
36	40	2		שְׁמ֞וֹת	8034	HNcmpc	01W6d
36	40	3		אַלּוּפֵ֤י	441 b	HNcmpc	01qKg
36	40	4		עֵשָׂו֙	6215	HNp	015CB
36	40	5		לְ/מִשְׁפְּחֹתָ֔/ם	l/4940	HR/Ncfpc/Sp3mp	01bv8
36	40	6		לִ/מְקֹמֹתָ֖/ם	l/4725	HR/Ncmpc/Sp3mp	01oFY
36	40	7		בִּ/שְׁמֹתָ֑/ם	b/8034	HR/Ncmpc/Sp3mp	01xeJ
36	40	8		אַלּ֥וּף	441 b	HNcmsa	01MhG
36	40	9		תִּמְנָ֛ע	8555	HNp	01Puj
36	40	10		אַלּ֥וּף	441 b	HNcmsa	01r7c
36	40	11		עַֽלְוָ֖ה	5933	HNp	01tTM
36	40	12		אַלּ֥וּף	441 b	HNcmsa	01cik
36	40	13		יְתֵֽת	3509	HNp	01ZPG
36	41	1		אַלּ֧וּף	441 b	HNcmsa	01PUz
36	41	2		אָהֳלִיבָמָ֛ה	173	HNp	01JxN
36	41	3		אַלּ֥וּף	441 b	HNcmsa	01oqG
36	41	4		אֵלָ֖ה	425	HNp	01yH9
36	41	5		אַלּ֥וּף	441 b	HNcmsa	01yWt
36	41	6		פִּינֹֽן	6373	HNp	01zte
36	42	1		אַלּ֥וּף	441 b	HNcmsa	01EcJ
36	42	2		קְנַ֛ז	7073	HNp	01UhL
36	42	3		אַלּ֥וּף	441 b	HNcmsa	01jQJ
36	42	4		תֵּימָ֖ן	8487	HNp	018Z8
36	42	5		אַלּ֥וּף	441 b	HNcmsa	012Lv
36	42	6		מִבְצָֽר	4014	HNp	01bTa
36	43	1		אַלּ֥וּף	441 b	HNcmsa	019SL
36	43	2		מַגְדִּיאֵ֖ל	4025	HNp	01Epe
36	43	3		אַלּ֣וּף	441 b	HNcmsa	01Bay
36	43	4		עִירָ֑ם	5902	HNp	01neE
36	43	5		אֵ֣לֶּה	428	HPdxcp	01tFF
36	43	6		אַלּוּפֵ֣י	441 b	HNcmpc	016nt
36	43	7		אֱד֗וֹם	123	HNp	01Lgx
36	43	8		לְ/מֹֽשְׁבֹתָ/ם֙	l/4186	HR/Ncmpc/Sp3mp	0111h
36	43	9		בְּ/אֶ֣רֶץ	b/776	HR/Ncbsc	01mGn
36	43	10		אֲחֻזָּתָ֔/ם	272	HNcfsc/Sp3mp	01dLa
36	43	11		ה֥וּא	1931	HPp3ms	01Yfi
36	43	12		עֵשָׂ֖ו	6215	HNp	018u5
36	43	13		אֲבִ֥י	1	HNcmsc	01kLb
36	43	14		אֱדֽוֹם	123	HNp	01cNx
37	1	1		וַ/יֵּ֣שֶׁב	c/3427	HC/Vqw3ms	01Qdc
37	1	2		יַעֲקֹ֔ב	3290	HNp	018kp
37	1	3		בְּ/אֶ֖רֶץ	b/776	HR/Ncbsc	01V4i
37	1	4		מְגוּרֵ֣י	4033	HNcmpc	01ZLb
37	1	5		אָבִ֑י/ו	1	HNcmsc/Sp3ms	018mE
37	1	6		בְּ/אֶ֖רֶץ	b/776	HR/Ncbsc	01XsU
37	1	7		כְּנָֽעַן	3667 a	HNp	01TyV
37	2	1		אֵ֣לֶּה	428	HPdxcp	01Jot
37	2	2		תֹּלְד֣וֹת	8435	HNcfpc	0169e
37	2	3		יַעֲקֹ֗ב	3290	HNp	01kXU
37	2	4		יוֹסֵ֞ף	3130	HNp	01BPU
37	2	5		בֶּן	1121 a	HNcmsc	01va8
37	2	6		שְׁבַֽע	7651	HAcfsa	017Pb
37	2	7		עֶשְׂרֵ֤ה	6240	HAcfsa	01A8x
37	2	8		שָׁנָה֙	8141	HNcfsa	01J1p
37	2	9		הָיָ֨ה	1961	HVqp3ms	01dXx
37	2	10		רֹעֶ֤ה	7462 b	HVqrmsa	01SBD
37	2	11		אֶת	854	HR	01UQE
37	2	12		אֶחָי/ו֙	251	HNcmpc/Sp3ms	01pzh
37	2	13		בַּ/צֹּ֔אן	b/6629	HRd/Ncbsa	01wfi
37	2	14		וְ/ה֣וּא	c/1931	HC/Pp3ms	01RpC
37	2	15		נַ֗עַר	5288	HNcmsa	01nzn
37	2	16		אֶת	854	HR	01Ynr
37	2	17		בְּנֵ֥י	1121 a	HNcmpc	01hEE
37	2	18		בִלְהָ֛ה	1090 a	HNp	01BzL
37	2	19		וְ/אֶת	c/854	HC/R	01CV7
37	2	20		בְּנֵ֥י	1121 a	HNcmpc	01dZ7
37	2	21		זִלְפָּ֖ה	2153	HNp	017Ek
37	2	22		נְשֵׁ֣י	802	HNcfpc	01HCa
37	2	23		אָבִ֑י/ו	1	HNcmsc/Sp3ms	01aba
37	2	24		וַ/יָּבֵ֥א	c/935	HC/Vhw3ms	015ZE
37	2	25		יוֹסֵ֛ף	3130	HNp	01viN
37	2	26		אֶת	853	HTo	01BDh
37	2	27		דִּבָּתָ֥/ם	1681	HNcfsc/Sp3mp	01V9s
37	2	28		רָעָ֖ה	7451 a	HAafsa	01K1c
37	2	29		אֶל	413	HR	01tXR
37	2	30		אֲבִי/הֶֽם	1	HNcmsc/Sp3mp	01Ydi
37	3	1		וְ/יִשְׂרָאֵ֗ל	c/3478	HC/Np	01KgB
37	3	2		אָהַ֤ב	157	HVqp3ms	01y1E
37	3	3		אֶת	853	HTo	019B5
37	3	4		יוֹסֵף֙	3130	HNp	01eaS
37	3	5		מִ/כָּל	m/3605	HR/Ncmsc	01Pvf
37	3	6		בָּנָ֔י/ו	1121 a	HNcmpc/Sp3ms	01jLY
37	3	7		כִּֽי	3588 a	HC	01sfH
37	3	8		בֶן	1121 a	HNcmsc	01G35
37	3	9		זְקֻנִ֥ים	2208	HNcmpa	01PB5
37	3	10		ה֖וּא	1931	HPp3ms	01RNC
37	3	11		ל֑/וֹ	l	HR/Sp3ms	01q5J
37	3	12		וְ/עָ֥שָׂה	c/6213 a	HC/Vqp3ms	01Lgq
37	3	13		ל֖/וֹ	l	HR/Sp3ms	01pr2
37	3	14		כְּתֹ֥נֶת	3801	HNcfsc	01mtw
37	3	15		פַּסִּֽים	6446	HNcmpa	01sru
37	4	1		וַ/יִּרְא֣וּ	c/7200	HC/Vqw3mp	01oUL
37	4	2		אֶחָ֗י/ו	251	HNcmpc/Sp3ms	01Mgm
37	4	3		כִּֽי	3588 a	HC	01shL
37	4	4		אֹת֞/וֹ	853	HTo/Sp3ms	01tT9
37	4	5		אָהַ֤ב	157	HVqp3ms	019L4
37	4	6		אֲבִי/הֶם֙	1	HNcmsc/Sp3mp	01YKR
37	4	7		מִ/כָּל	m/3605	HR/Ncmsc	01Hsk
37	4	8		אֶחָ֔י/ו	251	HNcmpc/Sp3ms	01eER
37	4	9		וַֽ/יִּשְׂנְא֖וּ	c/8130	HC/Vqw3mp	01EqU
37	4	10		אֹת֑/וֹ	853	HTo/Sp3ms	01qUe
37	4	11		וְ/לֹ֥א	c/3808	HC/Tn	01pDK
37	4	12		יָכְל֖וּ	3201	HVqp3cp	01JkN
37	4	13		דַּבְּר֥/וֹ	1696	HVpc/Sp3ms	01cdN
37	4	14		לְ/שָׁלֹֽם	l/7965	HR/Ncmsa	01MFW
37	5	1		וַ/יַּחֲלֹ֤ם	c/2492 b	HC/Vqw3ms	01bvn
37	5	2		יוֹסֵף֙	3130	HNp	01TLU
37	5	3		חֲל֔וֹם	2472	HNcmsa	01UyY
37	5	4		וַ/יַּגֵּ֖ד	c/5046	HC/Vhw3ms	01s3F
37	5	5		לְ/אֶחָ֑י/ו	l/251	HR/Ncmpc/Sp3ms	011tW
37	5	6		וַ/יּוֹסִ֥פוּ	c/3254	HC/Vhw3mp	01eFg
37	5	7		ע֖וֹד	5750	HD	01Tpv
37	5	8		שְׂנֹ֥א	8130	HVqc	01NBr
37	5	9		אֹתֽ/וֹ	853	HTo/Sp3ms	01P3p
37	6	1		וַ/יֹּ֖אמֶר	c/559	HC/Vqw3ms	01bUu
37	6	2		אֲלֵי/הֶ֑ם	413	HR/Sp3mp	01an3
37	6	3		שִׁמְעוּ	8085	HVqv2mp	01JNX
37	6	4		נָ֕א	4994	HTe	01iNz
37	6	5		הַ/חֲל֥וֹם	d/2492 b	HTd/Ncmsa	01fM1
37	6	6		הַ/זֶּ֖ה	d/2088	HTd/Pdxms	01qcu
37	6	7		אֲשֶׁ֥ר	834 a	HTr	01iXE
37	6	8		חָלָֽמְתִּי	2492 b	HVqp1cs	01wbr
37	7	1		וְ֠/הִנֵּה	c/2009	HC/Tm	016rm
37	7	2		אֲנַ֜חְנוּ	587	HPp1cp	01cue
37	7	3		מְאַלְּמִ֤ים	481	HVprmpa	01312
37	7	4		אֲלֻמִּים֙	485	HNcfpa	01Cuw
37	7	5		בְּ/ת֣וֹךְ	b/8432	HR/Ncmsc	01nKN
37	7	6		הַ/שָּׂדֶ֔ה	d/7704 b	HTd/Ncmsa	01rD9
37	7	7		וְ/הִנֵּ֛ה	c/2009	HC/Tm	01xDy
37	7	8		קָ֥מָה	6965 b	HVqp3fs	01H8E
37	7	9		אֲלֻמָּתִ֖/י	485	HNcfsc/Sp1cs	01voH
37	7	10		וְ/גַם	c/1571	HC/Ta	01tku
37	7	11		נִצָּ֑בָה	5324	HVNp3fs	01T2h
37	7	12		וְ/הִנֵּ֤ה	c/2009	HC/Tm	01T3t
37	7	13		תְסֻבֶּ֨ינָה֙	5437	HVqi3fp	01KQA
37	7	14		אֲלֻמֹּ֣תֵי/כֶ֔ם	485	HNcfpc/Sp2mp	01YF9
37	7	15		וַ/תִּֽשְׁתַּחֲוֶ֖יןָ	c/7812	HC/Vvw3fp	0178o
37	7	16		לַ/אֲלֻמָּתִֽ/י	l/485	HR/Ncfsc/Sp1cs	01g76
37	8	1		וַ/יֹּ֤אמְרוּ	c/559	HC/Vqw3mp	01jLg
37	8	2		ל/וֹ֙	l	HR/Sp3ms	01aBW
37	8	3		אֶחָ֔י/ו	251	HNcmpc/Sp3ms	01U2J
37	8	4		הֲ/מָלֹ֤ךְ	i/4427 a	HTi/Vqa	01eR9
37	8	5		תִּמְלֹךְ֙	4427 a	HVqi2ms	01YPn
37	8	6		עָלֵ֔י/נוּ	5921 a	HR/Sp1cp	01c33
37	8	7		אִם	518 a	HC	01KGw
37	8	8		מָשׁ֥וֹל	4910	HVqa	01Emj
37	8	9		תִּמְשֹׁ֖ל	4910	HVqi2ms	019Cp
37	8	10		בָּ֑/נוּ	b	HR/Sp1cp	01MPE
37	8	11		וַ/יּוֹסִ֤פוּ	c/3254	HC/Vhw3mp	01vhr
37	8	12		עוֹד֙	5750	HD	01U5K
37	8	13		שְׂנֹ֣א	8130	HVqc	01fBY
37	8	14		אֹת֔/וֹ	853	HTo/Sp3ms	01RKR
37	8	15		עַל	5921 a	HR	01R3W
37	8	16		חֲלֹמֹתָ֖י/ו	2472	HNcmpc/Sp3ms	01SdQ
37	8	17		וְ/עַל	c/5921 a	HC/R	01yXa
37	8	18		דְּבָרָֽי/ו	1697	HNcmpc/Sp3ms	01YhX
37	9	1		וַ/יַּחֲלֹ֥ם	c/2492 b	HC/Vqw3ms	01jwS
37	9	2		עוֹד֙	5750	HD	01mUz
37	9	3		חֲל֣וֹם	2472	HNcmsa	0121o
37	9	4		אַחֵ֔ר	312	HAamsa	01YFX
37	9	5		וַ/יְסַפֵּ֥ר	c/5608 a	HC/Vpw3ms	01eHH
37	9	6		אֹת֖/וֹ	853	HTo/Sp3ms	01q6n
37	9	7		לְ/אֶחָ֑י/ו	l/251	HR/Ncmpc/Sp3ms	01kem
37	9	8		וַ/יֹּ֗אמֶר	c/559	HC/Vqw3ms	018rf
37	9	9		הִנֵּ֨ה	2009	HTm	017CV
37	9	10		חָלַ֤מְתִּֽי	2492 b	HVqp1cs	01VAx
37	9	11		חֲלוֹם֙	2472	HNcmsa	01kDj
37	9	12		ע֔וֹד	5750	HD	01A7n
37	9	13		וְ/הִנֵּ֧ה	c/2009	HC/Tm	01oLX
37	9	14		הַ/שֶּׁ֣מֶשׁ	d/8121	HTd/Ncbsa	01hj1
37	9	15		וְ/הַ/יָּרֵ֗חַ	c/d/3394	HC/Td/Ncmsa	012Nj
37	9	16		וְ/אַחַ֤ד	c/259	HC/Acmsc	01PLQ
37	9	17		עָשָׂר֙	6240	HAcmsa	018oJ
37	9	18		כּֽוֹכָבִ֔ים	3556	HNcmpa	01HD2
37	9	19		מִֽשְׁתַּחֲוִ֖ים	7812	HVvrmpa	01FrY
37	9	20		לִֽ/י	l	HR/Sp1cs	01Lb2
37	10	1		וַ/יְסַפֵּ֣ר	c/5608 a	HC/Vpw3ms	01mjT
37	10	2		אֶל	413	HR	01ecc
37	10	3		אָבִי/ו֮	1	HNcmsc/Sp3ms	014UY
37	10	4		וְ/אֶל	c/413	HC/R	01FdL
37	10	5		אֶחָי/ו֒	251	HNcmpc/Sp3ms	01BMG
37	10	6		וַ/יִּגְעַר	c/1605	HC/Vqw3ms	01e8u
37	10	7		בּ֣/וֹ	b	HR/Sp3ms	01Lzs
37	10	8		אָבִ֔י/ו	1	HNcmsc/Sp3ms	01m3o
37	10	9		וַ/יֹּ֣אמֶר	c/559	HC/Vqw3ms	01z1v
37	10	10		ל֔/וֹ	l	HR/Sp3ms	015z9
37	10	11		מָ֛ה	4100	HTi	01ZSk
37	10	12		הַ/חֲל֥וֹם	d/2472	HTd/Ncmsa	01Udn
37	10	13		הַ/זֶּ֖ה	d/2088	HTd/Pdxms	01NZk
37	10	14		אֲשֶׁ֣ר	834 a	HTr	01EAG
37	10	15		חָלָ֑מְתָּ	2492 b	HVqp2ms	01jrm
37	10	16		הֲ/ב֣וֹא	i/935	HTi/Vqa	01oKm
37	10	17		נָב֗וֹא	935	HVqi1cp	011dW
37	10	18		אֲנִי֙	589	HPp1cs	016d5
37	10	19		וְ/אִמְּ/ךָ֣	c/517	HC/Ncfsc/Sp2ms	01VRM
37	10	20		וְ/אַחֶ֔י/ךָ	c/251	HC/Ncmpc/Sp2ms	01TkW
37	10	21		לְ/הִשְׁתַּחֲוֺ֥ת	l/7812	HR/Vtc	01n9V
37	10	22		לְ/ךָ֖	l	HR/Sp2ms	012Gy
37	10	23		אָֽרְצָ/ה	776	HNcbsa/Sd	01Pp8
37	11	1		וַ/יְקַנְאוּ	c/7065	HC/Vpw3mp	01DDM
37	11	2		ב֖/וֹ	b	HR/Sp3ms	01e5h
37	11	3		אֶחָ֑י/ו	251	HNcmpc/Sp3ms	017qk
37	11	4		וְ/אָבִ֖י/ו	c/1	HC/Ncmsc/Sp3ms	01pTF
37	11	5		שָׁמַ֥ר	8104	HVqp3ms	01GWW
37	11	6		אֶת	853	HTo	01QzY
37	11	7		הַ/דָּבָֽר	d/1697	HTd/Ncmsa	01sUg
37	12	1		וַ/יֵּלְכ֖וּ	c/3212	HC/Vqw3mp	01vWo
37	12	2		אֶחָ֑י/ו	251	HNcmpc/Sp3ms	01xbx
37	12	3		לִ/רְע֛וֹת	l/7462 b	HR/Vqc	01QsT
37	12	4		אֶׄתׄ	853	HTo	01Ljs
37	12	5		צֹ֥אן	6629	HNcbsc	01ziF
37	12	6		אֲבִי/הֶ֖ם	1	HNcmsc/Sp3mp	01KSC
37	12	7		בִּ/שְׁכֶֽם	b/7927	HR/Np	01eg2
37	13	1		וַ/יֹּ֨אמֶר	c/559	HC/Vqw3ms	01aaN
37	13	2		יִשְׂרָאֵ֜ל	3478	HNp	01Jik
37	13	3		אֶל	413	HR	01W7g
37	13	4		יוֹסֵ֗ף	3130	HNp	01dna
37	13	5		הֲ/ל֤וֹא	i/3808	HTi/Tn	01tRo
37	13	6		אַחֶ֨י/ךָ֙	251	HNcmpc/Sp2ms	01TdH
37	13	7		רֹעִ֣ים	7462 b	HVqrmpa	016r8
37	13	8		בִּ/שְׁכֶ֔ם	b/7927	HR/Np	01bdV
37	13	9		לְכָ֖/ה	3212	HVqv2ms/Sh	01zRj
37	13	10		וְ/אֶשְׁלָחֲ/ךָ֣	c/7971	HC/Vqi1cs/Sp2ms	01HfK
37	13	11		אֲלֵי/הֶ֑ם	413	HR/Sp3mp	01Frk
37	13	12		וַ/יֹּ֥אמֶר	c/559	HC/Vqw3ms	01cmR
37	13	13		ל֖/וֹ	l	HR/Sp3ms	01SEE
37	13	14		הִנֵּֽ/נִי	2009	HTm/Sp1cs	01wB9
37	14	1		וַ/יֹּ֣אמֶר	c/559	HC/Vqw3ms	01pLj
37	14	2		ל֗/וֹ	l	HR/Sp3ms	01wVs
37	14	3		לֶךְ	3212	HVqv2ms	017jN
37	14	4		נָ֨א	4994	HTe	01oTG
37	14	5		רְאֵ֜ה	7200	HVqv2ms	01eMh
37	14	6		אֶת	853	HTo	01aVP
37	14	7		שְׁל֤וֹם	7965	HNcmsc	01n9y
37	14	8		אַחֶ֨י/ךָ֙	251	HNcmpc/Sp2ms	01Uu1
37	14	9		וְ/אֶת	c/853	HC/To	011V7
37	14	10		שְׁל֣וֹם	7965	HNcmsc	01QQ4
37	14	11		הַ/צֹּ֔אן	d/6629	HTd/Ncbsa	01NFy
37	14	12		וַ/הֲשִׁבֵ֖/נִי	c/7725	HC/Vhv2ms/Sp1cs	01K1z
37	14	13		דָּבָ֑ר	1697	HNcmsa	01bP8
37	14	14		וַ/יִּשְׁלָחֵ֨/הוּ֙	c/7971	HC/Vqw3ms/Sp3ms	01TG9
37	14	15		מֵ/עֵ֣מֶק	m/6010	HR/Ncmsc	01yDT
37	14	16		חֶבְר֔וֹן	2275 a	HNp	01Ch7
37	14	17		וַ/יָּבֹ֖א	c/935	HC/Vqw3ms	01cpv
37	14	18		שְׁכֶֽמָ/ה	7927	HNp/Sd	01RUz
37	15	1		וַ/יִּמְצָאֵ֣/הוּ	c/4672	HC/Vqw3ms/Sp3ms	01gqx
37	15	2		אִ֔ישׁ	376	HNcmsa	01VEF
37	15	3		וְ/הִנֵּ֥ה	c/2009	HC/Tm	01iCC
37	15	4		תֹעֶ֖ה	8582	HVqrmsa	01ZBC
37	15	5		בַּ/שָּׂדֶ֑ה	b/7704 b	HRd/Ncmsa	01tkb
37	15	6		וַ/יִּשְׁאָלֵ֧/הוּ	c/7592	HC/Vqw3ms/Sp3ms	01tNK
37	15	7		הָ/אִ֛ישׁ	d/376	HTd/Ncmsa	01cPh
37	15	8		לֵ/אמֹ֖ר	l/559	HR/Vqc	01JJ6
37	15	9		מַה	4100	HTi	01agN
37	15	10		תְּבַקֵּֽשׁ	1245	HVpi2ms	01NcF
37	16	1		וַ/יֹּ֕אמֶר	c/559	HC/Vqw3ms	01CA9
37	16	2		אֶת	853	HTo	012wA
37	16	3		אַחַ֖/י	251	HNcmpc/Sp1cs	01HvU
37	16	4		אָנֹכִ֣י	595	HPp1cs	01rmU
37	16	5		מְבַקֵּ֑שׁ	1245	HVprmsa	01gaM
37	16	6		הַגִּֽידָ/ה	5046	HVhv2ms/Sh	01BLR
37	16	7		נָּ֣א	4994	HTj	01eT7
37	16	8		לִ֔/י	l	HR/Sp1cs	01dWF
37	16	9		אֵיפֹ֖ה	375	HTi	01NHy
37	16	10		הֵ֥ם	1992	HPp3mp	015au
37	16	11		רֹעִֽים	7462 b	HVqrmpa	01kdM
37	17	1		וַ/יֹּ֤אמֶר	c/559	HC/Vqw3ms	017aK
37	17	2		הָ/אִישׁ֙	d/376	HTd/Ncmsa	01a1m
37	17	3		נָסְע֣וּ	5265	HVqp3cp	01wBU
37	17	4		מִ/זֶּ֔ה	m/2088	HR/Pdxms	017T3
37	17	5		כִּ֤י	3588 a	HC	01tDP
37	17	6		שָׁמַ֨עְתִּי֙	8085	HVqp1cs	01ePm
37	17	7		אֹֽמְרִ֔ים	559	HVqrmpa	01kDa
37	17	8		נֵלְכָ֖ה	3212	HVqh1cp	01SfZ
37	17	9		דֹּתָ֑יְנָ/ה	1886	HNp/Sd	01BSU
37	17	10		וַ/יֵּ֤לֶךְ	c/3212	HC/Vqw3ms	01hF5
37	17	11		יוֹסֵף֙	3130	HNp	01ucC
37	17	12		אַחַ֣ר	310 a	HR	01DNL
37	17	13		אֶחָ֔י/ו	251	HNcmpc/Sp3ms	01zig
37	17	14		וַ/יִּמְצָאֵ֖/ם	c/4672	HC/Vqw3ms/Sp3mp	01bXH
37	17	15		בְּ/דֹתָֽן	b/1886	HR/Np	01zSU
37	18	1		וַ/יִּרְא֥וּ	c/7200	HC/Vqw3mp	01dQq
37	18	2		אֹת֖/וֹ	853	HTo/Sp3ms	01Gff
37	18	3		מֵ/רָחֹ֑ק	m/7350	HR/Aamsa	01UQD
37	18	4		וּ/בְ/טֶ֨רֶם֙	c/b/2962	HC/R/D	01Mwh
37	18	5		יִקְרַ֣ב	7126	HVqi3ms	01SAP
37	18	6		אֲלֵי/הֶ֔ם	413	HR/Sp3mp	01Ppo
37	18	7		וַ/יִּֽתְנַכְּל֥וּ	c/5230	HC/Vtw3mp	01JeF
37	18	8		אֹת֖/וֹ	853	HTo/Sp3ms	01Hji
37	18	9		לַ/הֲמִיתֽ/וֹ	l/4191	HR/Vhc/Sp3ms	01cHH
37	19	1		וַ/יֹּאמְר֖וּ	c/559	HC/Vqw3mp	01SpY
37	19	2		אִ֣ישׁ	376	HNcmsa	01Poq
37	19	3		אֶל	413	HR	01ps4
37	19	4		אָחִ֑י/ו	251	HNcmsc/Sp3ms	01s1Y
37	19	5		הִנֵּ֗ה	2009	HTm	01Jb2
37	19	6		בַּ֛עַל	1167	HNcmsc	01xaA
37	19	7		הַ/חֲלֹמ֥וֹת	d/2472	HTd/Ncmpa	01j1C
37	19	8		הַלָּזֶ֖ה	1976	HPdxms	015Xc
37	19	9		בָּֽא	935	HVqrmsa	01V3w
37	20	1		וְ/עַתָּ֣ה	c/6258	HC/D	018Rg
37	20	2		לְכ֣וּ	3212	HVqv2mp	01Peo
37	20	3		וְ/נַֽהַרְגֵ֗/הוּ	c/2026	HC/Vqh1cp/Sp3ms	01y4N
37	20	4		וְ/נַשְׁלִכֵ֨/הוּ֙	c/7993	HC/Vhh1cp/Sp3ms	01xZi
37	20	5		בְּ/אַחַ֣ד	b/259	HR/Acmsc	017qD
37	20	6		הַ/בֹּר֔וֹת	d/953 a	HTd/Ncmpa	01PSi
37	20	7		וְ/אָמַ֕רְנוּ	c/559	HC/Vqq1cp	01jUQ
37	20	8		חַיָּ֥ה	2416 c	HNcfsa	01GiU
37	20	9		רָעָ֖ה	7451 a	HAafsa	01ZuU
37	20	10		אֲכָלָ֑תְ/הוּ	398	HVqp3fs/Sp3ms	01WUn
37	20	11		וְ/נִרְאֶ֕ה	c/7200	HC/Vqi1cp	01SQ8
37	20	12		מַה	4100	HTi	01CkG
37	20	13		יִּהְי֖וּ	1961	HVqi3mp	0117e
37	20	14		חֲלֹמֹתָֽי/ו	2472	HNcmpc/Sp3ms	01FQP
37	21	1		וַ/יִּשְׁמַ֣ע	c/8085	HC/Vqw3ms	01fuY
37	21	2		רְאוּבֵ֔ן	7205	HNp	011RC
37	21	3		וַ/יַּצִּלֵ֖/הוּ	c/5337	HC/Vhw3ms/Sp3ms	01Htx
37	21	4		מִ/יָּדָ֑/ם	m/3027	HR/Ncbsc/Sp3mp	01cWi
37	21	5		וַ/יֹּ֕אמֶר	c/559	HC/Vqw3ms	01i7h
37	21	6		לֹ֥א	3808	HTn	01n7W
37	21	7		נַכֶּ֖/נּוּ	5221	HVhh1cp/Sp3ms	01icZ
37	21	8		נָֽפֶשׁ	5315	HNcbsa	011SH
37	22	1		וַ/יֹּ֨אמֶר	c/559	HC/Vqw3ms	013gR
37	22	2		אֲלֵ/הֶ֣ם	413	HR/Sp3mp	01t4g
37	22	3		רְאוּבֵן֮	7205	HNp	01rUM
37	22	4		אַל	3808	HTn	01bhs
37	22	5		תִּשְׁפְּכוּ	8210	HVqi2mp	01pRo
37	22	6		דָם֒	1818	HNcmsa	016tR
37	22	7		הַשְׁלִ֣יכוּ	7993	HVhv2mp	011ns
37	22	8		אֹת֗/וֹ	853	HTo/Sp3ms	01rB6
37	22	9		אֶל	413	HR	01CSd
37	22	10		הַ/בּ֤וֹר	d/953 a	HTd/Ncmsa	01MQX
37	22	11		הַ/זֶּה֙	d/2088	HTd/Pdxms	01UMC
37	22	12		אֲשֶׁ֣ר	834 a	HTr	01d41
37	22	13		בַּ/מִּדְבָּ֔ר	b/4057 b	HRd/Ncmsa	01vU3
37	22	14		וְ/יָ֖ד	c/3027	HC/Ncbsa	01kHa
37	22	15		אַל	408	HTn	01kis
37	22	16		תִּשְׁלְחוּ	7971	HVqj2mp	018he
37	22	17		ב֑/וֹ	b	HR/Sp3ms	01w8N
37	22	18		לְמַ֗עַן	4616	HR	011Kh
37	22	19		הַצִּ֤יל	5337	HVhc	01pQw
37	22	20		אֹת/וֹ֙	853	HTo/Sp3ms	01fk5
37	22	21		מִ/יָּדָ֔/ם	m/3027	HR/Ncbsc/Sp3mp	019wE
37	22	22		לַ/הֲשִׁיב֖/וֹ	l/7725	HR/Vhc/Sp3ms	01ouJ
37	22	23		אֶל	413	HR	01Fcy
37	22	24		אָבִֽי/ו	1	HNcmsc/Sp3ms	011ve
37	23	1		וַֽ/יְהִ֕י	c/1961	HC/Vqw3ms	01L6H
37	23	2		כַּֽ/אֲשֶׁר	k/834 d	HR/Tr	01YXb
37	23	3		בָּ֥א	935	HVqp3ms	01aGV
37	23	4		יוֹסֵ֖ף	3130	HNp	01Kw3
37	23	5		אֶל	413	HR	01a3s
37	23	6		אֶחָ֑י/ו	251	HNcmpc/Sp3ms	01KkH
37	23	7		וַ/יַּפְשִׁ֤יטוּ	c/6584	HC/Vhw3mp	013wn
37	23	8		אֶת	853	HTo	01pFV
37	23	9		יוֹסֵף֙	3130	HNp	01g6F
37	23	10		אֶת	853	HTo	01Tnk
37	23	11		כֻּתָּנְתּ֔/וֹ	3801	HNcfsc/Sp3ms	01cML
37	23	12		אֶת	853	HTo	016N4
37	23	13		כְּתֹ֥נֶת	3801	HNcfsc	01CsR
37	23	14		הַ/פַּסִּ֖ים	d/6446	HTd/Ncmpa	01fKT
37	23	15		אֲשֶׁ֥ר	834 a	HTr	01jFR
37	23	16		עָלָֽי/ו	5921 a	HR/Sp3ms	01SuB
37	24	1		וַ/יִּ֨קָּחֻ֔/הוּ	c/3947	HC/Vqw3mp/Sp3ms	017yC
37	24	2		וַ/יַּשְׁלִ֥כוּ	c/7993	HC/Vhw3mp	01XeN
37	24	3		אֹת֖/וֹ	853	HTo/Sp3ms	0167C
37	24	4		הַ/בֹּ֑רָ/ה	d/953 a	HTd/Ncmsa/Sd	0194L
37	24	5		וְ/הַ/בּ֣וֹר	c/d/953 a	HC/Td/Ncmsa	01tFd
37	24	6		רֵ֔ק	7386	HAamsa	013BQ
37	24	7		אֵ֥ין	369	HTn	01Rus
37	24	8		בּ֖/וֹ	b	HR/Sp3ms	01rBi
37	24	9		מָֽיִם	4325	HNcmpa	01y9b
37	25	1		וַ/יֵּשְׁבוּ֮	c/3427	HC/Vqw3mp	01v6z
37	25	2		לֶֽ/אֱכָל	l/398	HR/Vqc	01fhb
37	25	3		לֶחֶם֒	3899	HNcbsa	01j4h
37	25	4		וַ/יִּשְׂא֤וּ	c/5375	HC/Vqw3mp	01mnH
37	25	5		עֵֽינֵי/הֶם֙	5869 a	HNcbdc/Sp3mp	01iUM
37	25	6		וַ/יִּרְא֔וּ	c/7200	HC/Vqw3mp	01pKX
37	25	7		וְ/הִנֵּה֙	c/2009	HC/Tm	01tV8
37	25	8		אֹרְחַ֣ת	736	HNcfsc	01HoG
37	25	9		יִשְׁמְעֵאלִ֔ים	3459	HNgmpa	01YFZ
37	25	10		בָּאָ֖ה	935	HVqrfsa	01gxk
37	25	11		מִ/גִּלְעָ֑ד	m/1568	HR/Np	01Zx3
37	25	12		וּ/גְמַלֵּי/הֶ֣ם	c/1581	HC/Ncmpc/Sp3mp	01792
37	25	13		נֹֽשְׂאִ֗ים	5375	HVqrmpa	01zXQ
37	25	14		נְכֹאת֙	5219	HNcfsa	01iiq
37	25	15		וּ/צְרִ֣י	c/6875	HC/Ncmsa	01fSe
37	25	16		וָ/לֹ֔ט	c/3910	HC/Ncmsa	01JF6
37	25	17		הוֹלְכִ֖ים	1980	HVqrmpa	01e9c
37	25	18		לְ/הוֹרִ֥יד	l/3381	HR/Vhc	01czb
37	25	19		מִצְרָֽיְמָ/ה	4714	HNp/Sd	017VJ
37	26	1		וַ/יֹּ֥אמֶר	c/559	HC/Vqw3ms	01LSM
37	26	2		יְהוּדָ֖ה	3063	HNp	01NZ8
37	26	3		אֶל	413	HR	019ra
37	26	4		אֶחָ֑י/ו	251	HNcmpc/Sp3ms	01Kxw
37	26	5		מַה	4100	HTi	01JB7
37	26	6		בֶּ֗צַע	1215	HNcmsa	017Xi
37	26	7		כִּ֤י	3588 a	HC	01hMq
37	26	8		נַהֲרֹג֙	2026	HVqi1cp	01JJg
37	26	9		אֶת	853	HTo	01SzK
37	26	10		אָחִ֔י/נוּ	251	HNcmsc/Sp1cp	01dHX
37	26	11		וְ/כִסִּ֖ינוּ	c/3680	HC/Vpq1cp	01faw
37	26	12		אֶת	853	HTo	01reF
37	26	13		דָּמֽ/וֹ	1818	HNcmsc/Sp3ms	01P1C
37	27	1		לְכ֞וּ	3212	HVqv2mp	01RGN
37	27	2		וְ/נִמְכְּרֶ֣/נּוּ	c/4376	HC/Vqh1cp/Sp3ms	01taf
37	27	3		לַ/יִּשְׁמְעֵאלִ֗ים	l/3459	HRd/Ngmpa	01HZ9
37	27	4		וְ/יָדֵ֨/נוּ֙	c/3027	HC/Ncbsc/Sp1cp	01uij
37	27	5		אַל	408	HTn	01UED
37	27	6		תְּהִי	1961	HVqj3fs	01MWQ
37	27	7		ב֔/וֹ	b	HR/Sp3ms	017iK
37	27	8		כִּֽי	3588 a	HC	01eYq
37	27	9		אָחִ֥י/נוּ	251	HNcmsc/Sp1cp	013St
37	27	10		בְשָׂרֵ֖/נוּ	1320	HNcmsc/Sp1cp	01J5e
37	27	11		ה֑וּא	1931	HPp3ms	012HM
37	27	12		וַֽ/יִּשְׁמְע֖וּ	c/8085	HC/Vqw3mp	01UqM
37	27	13		אֶחָֽי/ו	251	HNcmpc/Sp3ms	01yHw
37	28	1		וַ/יַּֽעַבְרוּ֩	c/5674 a	HC/Vqw3mp	01xWb
37	28	2		אֲנָשִׁ֨ים	376	HNcmpa	01Qhn
37	28	3		מִדְיָנִ֜ים	4084	HNgmpa	012L5
37	28	4		סֹֽחֲרִ֗ים	5503	HVqrmpa	01i26
37	28	5		וַֽ/יִּמְשְׁכוּ֙	c/4900	HC/Vqw3mp	01VmF
37	28	6		וַ/יַּֽעֲל֤וּ	c/5927	HC/Vhw3mp	01xUe
37	28	7		אֶת	853	HTo	01YeX
37	28	8		יוֹסֵף֙	3130	HNp	01FUK
37	28	9		מִן	4480 a	HR	01ZrX
37	28	10		הַ/בּ֔וֹר	d/953 a	HTd/Ncmsa	01Yyx
37	28	11		וַ/יִּמְכְּר֧וּ	c/4376	HC/Vqw3mp	01svB
37	28	12		אֶת	853	HTo	01iAP
37	28	13		יוֹסֵ֛ף	3130	HNp	01BGj
37	28	14		לַ/יִּשְׁמְעֵאלִ֖ים	l/3459	HRd/Ngmpa	01BLZ
37	28	15		בְּ/עֶשְׂרִ֣ים	b/6242	HR/Acbpa	016kv
37	28	16		כָּ֑סֶף	3701	HNcmsa	016F5
37	28	17		וַ/יָּבִ֥יאוּ	c/935	HC/Vhw3mp	01Hxt
37	28	18		אֶת	853	HTo	01i3b
37	28	19		יוֹסֵ֖ף	3130	HNp	019Ha
37	28	20		מִצְרָֽיְמָ/ה	4714	HNp/Sd	019s8
37	29	1		וַ/יָּ֤שָׁב	c/7725	HC/Vqw3ms	01ogP
37	29	2		רְאוּבֵן֙	7205	HNp	011E5
37	29	3		אֶל	413	HR	01ALs
37	29	4		הַ/בּ֔וֹר	d/953 a	HTd/Ncmsa	01AdL
37	29	5		וְ/הִנֵּ֥ה	c/2009	HC/Tm	0114y
37	29	6		אֵין	369	HTn	01KLN
37	29	7		יוֹסֵ֖ף	3130	HNp	01bSm
37	29	8		בַּ/בּ֑וֹר	b/953 a	HRd/Ncmsa	01GEF
37	29	9		וַ/יִּקְרַ֖ע	c/7167	HC/Vqw3ms	01UnB
37	29	10		אֶת	853	HTo	01y9u
37	29	11		בְּגָדָֽי/ו	899 b	HNcmpc/Sp3ms	017o3
37	30	1		וַ/יָּ֥שָׁב	c/7725	HC/Vqw3ms	01384
37	30	2		אֶל	413	HR	01Mnh
37	30	3		אֶחָ֖י/ו	251	HNcmpc/Sp3ms	013S3
37	30	4		וַ/יֹּאמַ֑ר	c/559	HC/Vqw3ms	01zBF
37	30	5		הַ/יֶּ֣לֶד	d/3206	HTd/Ncmsa	01VSq
37	30	6		אֵינֶ֔/נּוּ	369	HTn/Sp3ms	01qw7
37	30	7		וַ/אֲנִ֖י	c/589	HC/Pp1cs	01n9X
37	30	8		אָ֥נָה	575	HD	01pFh
37	30	9		אֲנִי	589	HPp1cs	01kbr
37	30	10		בָֽא	935	HVqrmsa	018jx
37	31	1		וַ/יִּקְח֖וּ	c/3947	HC/Vqw3mp	01z6F
37	31	2		אֶת	853	HTo	01iB7
37	31	3		כְּתֹ֣נֶת	3801	HNcfsc	01GVV
37	31	4		יוֹסֵ֑ף	3130	HNp	01vnF
37	31	5		וַֽ/יִּשְׁחֲטוּ֙	c/7819 a	HC/Vqw3mp	01tqP
37	31	6		שְׂעִ֣יר	8163 b	HNcmsc	01V3x
37	31	7		עִזִּ֔ים	5795	HNcfpa	015Se
37	31	8		וַ/יִּטְבְּל֥וּ	c/2881	HC/Vqw3mp	01hXM
37	31	9		אֶת	853	HTo	0184u
37	31	10		הַ/כֻּתֹּ֖נֶת	d/3801	HTd/Ncfsa	014zn
37	31	11		בַּ/דָּֽם	b/1818	HRd/Ncmsa	01X5L
37	32	1		וַֽ/יְשַׁלְּח֞וּ	c/7971	HC/Vpw3mp	01fs8
37	32	2		אֶת	853	HTo	01TAW
37	32	3		כְּתֹ֣נֶת	3801	HNcfsc	01rZx
37	32	4		הַ/פַּסִּ֗ים	d/6446	HTd/Ncmpa	01WnH
37	32	5		וַ/יָּבִ֨יאוּ֙	c/935	HC/Vhw3mp	01zA2
37	32	6		אֶל	413	HR	01tAr
37	32	7		אֲבִי/הֶ֔ם	1	HNcmsc/Sp3mp	018AN
37	32	8		וַ/יֹּאמְר֖וּ	c/559	HC/Vqw3mp	01W6A
37	32	9		זֹ֣את	2063	HPdxfs	01Mhr
37	32	10		מָצָ֑אנוּ	4672	HVqp1cp	01yUc
37	32	11		הַכֶּר	5234 a	HVhv2ms	01LBs
37	32	12		נָ֗א	4994	HTe	01AkA
37	32	13		הַ/כְּתֹ֧נֶת	i/3801	HTi/Ncfsc	01D6a
37	32	14		בִּנְ/ךָ֛	1121 a	HNcmsc/Sp2ms	01efB
37	32	15		הִ֖וא	1931	HPp3fs	016i4
37	32	16		אִם	518 a	HC	01sHm
37	32	17		לֹֽא	3808	HTn	01dEA
37	33	1		וַ/יַּכִּירָ֤/הּ	c/5234 a	HC/Vhw3ms/Sp3fs	01ovG
37	33	2		וַ/יֹּ֨אמֶר֙	c/559	HC/Vqw3ms	01opX
37	33	3		כְּתֹ֣נֶת	3801	HNcfsc	01Xr5
37	33	4		בְּנִ֔/י	1121 a	HNcmsc/Sp1cs	018La
37	33	5		חַיָּ֥ה	2416 c	HNcfsa	01x8A
37	33	6		רָעָ֖ה	7451 a	HAafsa	01vb9
37	33	7		אֲכָלָ֑תְ/הוּ	398	HVqp3fs/Sp3ms	01kFw
37	33	8		טָרֹ֥ף	2963	HVqa	01Asm
37	33	9		טֹרַ֖ף	2963	HVPp3ms	013tg
37	33	10		יוֹסֵֽף	3130	HNp	01LGG
37	34	1		וַ/יִּקְרַ֤ע	c/7167	HC/Vqw3ms	01Aad
37	34	2		יַעֲקֹב֙	3290	HNp	01xDp
37	34	3		שִׂמְלֹתָ֔י/ו	8071	HNcfpc/Sp3ms	01Cki
37	34	4		וַ/יָּ֥שֶׂם	c/7760 a	HC/Vqw3ms	01nb3
37	34	5		שַׂ֖ק	8242	HNcmsa	01jG8
37	34	6		בְּ/מָתְנָ֑י/ו	b/4975	HR/Ncmdc/Sp3ms	01jNA
37	34	7		וַ/יִּתְאַבֵּ֥ל	c/56	HC/Vtw3ms	01Auy
37	34	8		עַל	5921 a	HR	01x4h
37	34	9		בְּנ֖/וֹ	1121 a	HNcmsc/Sp3ms	01Xay
37	34	10		יָמִ֥ים	3117	HNcmpa	01Ce9
37	34	11		רַבִּֽים	7227 a	HAampa	01Vim
37	35	1		וַ/יָּקֻמוּ֩	c/6965 b	HC/Vqw3mp	01KKr
37	35	2		כָל	3605	HNcmsc	01rJw
37	35	3		בָּנָ֨י/ו	1121 a	HNcmpc/Sp3ms	01693
37	35	4		וְ/כָל	c/3605	HC/Ncmsc	01p4k
37	35	5		בְּנֹתָ֜י/ו	1323	HNcfpc/Sp3ms	01mhR
37	35	6		לְ/נַחֲמ֗/וֹ	l/5162	HR/Vpc/Sp3ms	013Kw
37	35	7		וַ/יְמָאֵן֙	c/3985	HC/Vpw3ms	01YYF
37	35	8		לְ/הִתְנַחֵ֔ם	l/5162	HR/Vtc	01Cwd
37	35	9		וַ/יֹּ֕אמֶר	c/559	HC/Vqw3ms	01fbE
37	35	10		כִּֽי	3588 a	HC	01SUQ
37	35	11		אֵרֵ֧ד	3381	HVqi1cs	013iL
37	35	12		אֶל	413	HR	01nv3
37	35	13		בְּנִ֛/י	1121 a	HNcmsc/Sp1cs	01bRP
37	35	14		אָבֵ֖ל	57	HAamsa	016Qb
37	35	15		שְׁאֹ֑לָ/ה	7585	HNcmsa/Sd	01MDC
37	35	16		וַ/יֵּ֥בְךְּ	c/1058	HC/Vqw3ms	014rc
37	35	17		אֹת֖/וֹ	853	HTo/Sp3ms	01cTV
37	35	18		אָבִֽי/ו	1	HNcmsc/Sp3ms	01TQj
37	36	1		וְ/הַ֨/מְּדָנִ֔ים	c/d/4092	HC/Td/Ngmpa	0136t
37	36	2		מָכְר֥וּ	4376	HVqp3cp	01f3m
37	36	3		אֹת֖/וֹ	853	HTo/Sp3ms	01tzK
37	36	4		אֶל	413	HR	01uv9
37	36	5		מִצְרָ֑יִם	4714	HNp	01QwY
37	36	6		לְ/פֽוֹטִיפַר֙	l/6318	HR/Np	013qB
37	36	7		סְרִ֣יס	5631	HNcmsc	0169W
37	36	8		פַּרְעֹ֔ה	6547	HNp	01HJb
37	36	9		שַׂ֖ר	8269	HNcmsc	012Kx
37	36	10		הַ/טַּבָּחִֽים	d/2876	HTd/Ncmpa	01fJr
38	1	1		וַֽ/יְהִי֙	c/1961	HC/Vqw3ms	01PUD
38	1	2		בָּ/עֵ֣ת	b/6256	HRd/Ncbsa	01d2c
38	1	3		הַ/הִ֔וא	d/1931	HTd/Pp3fs	01kBq
38	1	4		וַ/יֵּ֥רֶד	c/3381	HC/Vqw3ms	01kQ9
38	1	5		יְהוּדָ֖ה	3063	HNp	01WAm
38	1	6		מֵ/אֵ֣ת	m/854	HR/R	013VT
38	1	7		אֶחָ֑י/ו	251	HNcmpc/Sp3ms	01jau
38	1	8		וַ/יֵּ֛ט	c/5186	HC/Vqw3ms	013Ww
38	1	9		עַד	5704	HR	01hnc
38	1	10		אִ֥ישׁ	376	HNcmsa	01piU
38	1	11		עֲדֻלָּמִ֖י	5726	HNgmsa	017hJ
38	1	12		וּ/שְׁמ֥/וֹ	c/8034	HC/Ncmsc/Sp3ms	01iZs
38	1	13		חִירָֽה	2437	HNp	01p8g
38	2	1		וַ/יַּרְא	c/7200	HC/Vqw3ms	01GNN
38	2	2		שָׁ֧ם	8033	HD	01L4R
38	2	3		יְהוּדָ֛ה	3063	HNp	01XCr
38	2	4		בַּת	1323	HNcfsc	01RD1
38	2	5		אִ֥ישׁ	376	HNcmsa	012eW
38	2	6		כְּנַעֲנִ֖י	3669 a	HNgmsa	016sY
38	2	7		וּ/שְׁמ֣/וֹ	c/8034	HC/Ncmsc/Sp3ms	01LHo
38	2	8		שׁ֑וּעַ	7770	HNp	01wdw
38	2	9		וַ/יִּקָּחֶ֖/הָ	c/3947	HC/Vqw3ms/Sp3fs	01xq1
38	2	10		וַ/יָּבֹ֥א	c/935	HC/Vqw3ms	01yuR
38	2	11		אֵלֶֽי/הָ	413	HR/Sp3fs	016Lr
38	3	1		וַ/תַּ֖הַר	c/2029	HC/Vqw3fs	01y93
38	3	2		וַ/תֵּ֣לֶד	c/3205	HC/Vqw3fs	01fmU
38	3	3		בֵּ֑ן	1121 a	HNcmsa	01QKH
38	3	4		וַ/יִּקְרָ֥א	c/7121	HC/Vqw3ms	01Wub
38	3	5		אֶת	853	HTo	01oVz
38	3	6		שְׁמ֖/וֹ	8034	HNcmsc/Sp3ms	01QBP
38	3	7		עֵֽר	6147	HNp	01cn8
38	4	1		וַ/תַּ֥הַר	c/2029	HC/Vqw3fs	01A7h
38	4	2		ע֖וֹד	5750	HD	015SJ
38	4	3		וַ/תֵּ֣לֶד	c/3205	HC/Vqw3fs	01geL
38	4	4		בֵּ֑ן	1121 a	HNcmsa	01uQt
38	4	5		וַ/תִּקְרָ֥א	c/7121	HC/Vqw3fs	01nK2
38	4	6		אֶת	853	HTo	01P2J
38	4	7		שְׁמ֖/וֹ	8034	HNcmsc/Sp3ms	017Js
38	4	8		אוֹנָֽן	209	HNp	01NK5
38	5	1		וַ/תֹּ֤סֶף	c/3254	HC/Vhw3fs	01P2F
38	5	2		עוֹד֙	5750	HD	01wcQ
38	5	3		וַ/תֵּ֣לֶד	c/3205	HC/Vqw3fs	01N67
38	5	4		בֵּ֔ן	1121 a	HNcmsa	01E7p
38	5	5		וַ/תִּקְרָ֥א	c/7121	HC/Vqw3fs	01UjM
38	5	6		אֶת	853	HTo	01NaN
38	5	7		שְׁמ֖/וֹ	8034	HNcmsc/Sp3ms	011Ps
38	5	8		שֵׁלָ֑ה	7956	HNp	01KbA
38	5	9		וְ/הָיָ֥ה	c/1961	HC/Vqp3ms	01y4A
38	5	10		בִ/כְזִ֖יב	b/3580	HR/Np	01tyC
38	5	11		בְּ/לִדְתָּ֥/הּ	b/3205	HR/Vqc/Sp3fs	01Qiu
38	5	12		אֹתֽ/וֹ	853	HTo/Sp3ms	014Hp
38	6	1		וַ/יִּקַּ֧ח	c/3947	HC/Vqw3ms	01vG2
38	6	2		יְהוּדָ֛ה	3063	HNp	011oP
38	6	3		אִשָּׁ֖ה	802	HNcfsa	01UwE
38	6	4		לְ/עֵ֣ר	l/6147	HR/Np	01cCw
38	6	5		בְּכוֹר֑/וֹ	1060	HNcmsc/Sp3ms	01TE3
38	6	6		וּ/שְׁמָ֖/הּ	c/8034	HC/Ncmsc/Sp3fs	01S85
38	6	7		תָּמָֽר	8559	HNp	01qNj
38	7	1		וַ/יְהִ֗י	c/1961	HC/Vqw3ms	01A4U
38	7	2		עֵ֚ר	6147	HNp	01Z5e
38	7	3		בְּכ֣וֹר	1060	HNcmsc	01QtZ
38	7	4		יְהוּדָ֔ה	3063	HNp	01hsL
38	7	5		רַ֖ע	7451 a	HAamsa	01Hk7
38	7	6		בְּ/עֵינֵ֣י	b/5869 a	HR/Ncbdc	01moW
38	7	7		יְהוָ֑ה	3068	HNp	01YBD
38	7	8		וַ/יְמִתֵ֖/הוּ	c/4191	HC/Vhw3ms/Sp3ms	01aaP
38	7	9		יְהוָֽה	3068	HNp	01nXj
38	8	1		וַ/יֹּ֤אמֶר	c/559	HC/Vqw3ms	018zq
38	8	2		יְהוּדָה֙	3063	HNp	01XrR
38	8	3		לְ/אוֹנָ֔ן	l/209	HR/Np	01moS
38	8	4		בֹּ֛א	935	HVqv2ms	01Nvf
38	8	5		אֶל	413	HR	01Gr2
38	8	6		אֵ֥שֶׁת	802	HNcfsc	01bwq
38	8	7		אָחִ֖י/ךָ	251	HNcmsc/Sp2ms	01a5L
38	8	8		וְ/יַבֵּ֣ם	c/2992	HC/Vpv2ms	01p9e
38	8	9		אֹתָ֑/הּ	853	HTo/Sp3fs	016BP
38	8	10		וְ/הָקֵ֥ם	c/6965 b	HC/Vhv2ms	01p1D
38	8	11		זֶ֖רַע	2233	HNcmsa	01n2R
38	8	12		לְ/אָחִֽי/ךָ	l/251	HR/Ncmsc/Sp2ms	01VAH
38	9	1		וַ/יֵּ֣דַע	c/3045	HC/Vqw3ms	0164L
38	9	2		אוֹנָ֔ן	209	HNp	01G4i
38	9	3		כִּ֛י	3588 a	HC	01bpY
38	9	4		לֹּ֥א	3808	HTn	016Gw
38	9	5		ל֖/וֹ	l	HR/Sp3ms	0185P
38	9	6		יִהְיֶ֣ה	1961	HVqi3ms	01GAs
38	9	7		הַ/זָּ֑רַע	d/2233	HTd/Ncmsa	01iXu
38	9	8		וְ/הָיָ֞ה	c/1961	HC/Vqp3ms	01GDV
38	9	9		אִם	518 a	HC	01rRq
38	9	10		בָּ֨א	935	HVqp3ms	01Y6o
38	9	11		אֶל	413	HR	01y7J
38	9	12		אֵ֤שֶׁת	802	HNcfsc	01cPB
38	9	13		אָחִי/ו֙	251	HNcmsc/Sp3ms	01Fme
38	9	14		וְ/שִׁחֵ֣ת	c/7843	HC/Vpp3ms	01TP2
38	9	15		אַ֔רְצָ/ה	776	HNcbsa/Sd	01Huh
38	9	16		לְ/בִלְתִּ֥י	l/1115	HR/C	014Q9
38	9	17		נְתָן	5414	HVqc	01VH8
38	9	18		זֶ֖רַע	2233	HNcmsa	01w7y
38	9	19		לְ/אָחִֽי/ו	l/251	HR/Ncmsc/Sp3ms	01KSx
38	10	1		וַ/יֵּ֛רַע	c/7489 a	HC/Vqw3ms	01xrT
38	10	2		בְּ/עֵינֵ֥י	b/5869 a	HR/Ncbdc	01y5H
38	10	3		יְהוָ֖ה	3068	HNp	01MAv
38	10	4		אֲשֶׁ֣ר	834 a	HTr	01P1f
38	10	5		עָשָׂ֑ה	6213 a	HVqp3ms	012Sq
38	10	6		וַ/יָּ֖מֶת	c/4191	HC/Vhw3ms	01M6J
38	10	7		גַּם	1571	HTa	01KiU
38	10	8		אֹתֽ/וֹ	853	HTo/Sp3ms	011eb
38	11	1		וַ/יֹּ֣אמֶר	c/559	HC/Vqw3ms	011NZ
38	11	2		יְהוּדָה֩	3063	HNp	01V5b
38	11	3		לְ/תָמָ֨ר	l/8559	HR/Np	01i4Y
38	11	4		כַּלָּת֜/וֹ	3618	HNcfsc/Sp3ms	014cp
38	11	5		שְׁבִ֧י	3427	HVqv2fs	01vn4
38	11	6		אַלְמָנָ֣ה	490	HNcfsa	01o6t
38	11	7		בֵית	1004 b	HNcmsc	01BTL
38	11	8		אָבִ֗י/ךְ	1	HNcmsc/Sp2fs	01rWx
38	11	9		עַד	5704	HR	01J8K
38	11	10		יִגְדַּל֙	1431	HVqi3ms	01NDD
38	11	11		שֵׁלָ֣ה	7956	HNp	0196M
38	11	12		בְנִ֔/י	1121 a	HNcmsc/Sp1cs	01Avu
38	11	13		כִּ֣י	3588 a	HC	01Whr
38	11	14		אָמַ֔ר	559	HVqp3ms	01GFv
38	11	15		פֶּן	6435	HC	01GP1
38	11	16		יָמ֥וּת	4191	HVqi3ms	01fBE
38	11	17		גַּם	1571	HTa	01dQ9
38	11	18		ה֖וּא	1931	HPp3ms	01dTW
38	11	19		כְּ/אֶחָ֑י/ו	k/251	HR/Ncmpc/Sp3ms	0171r
38	11	20		וַ/תֵּ֣לֶךְ	c/3212	HC/Vqw3fs	01wy9
38	11	21		תָּמָ֔ר	8559	HNp	01tK4
38	11	22		וַ/תֵּ֖שֶׁב	c/3427	HC/Vqw3fs	0132J
38	11	23		בֵּ֥ית	1004 b	HNcmsc	01sgY
38	11	24		אָבִֽי/הָ	1	HNcmsc/Sp3fs	01QNx
38	12	1		וַ/יִּרְבּוּ֙	c/7235 a	HC/Vqw3mp	01y3z
38	12	2		הַ/יָּמִ֔ים	d/3117	HTd/Ncmpa	01gZC
38	12	3		וַ/תָּ֖מָת	c/4191	HC/Vqw3fs	017VD
38	12	4		בַּת	1323	HNcfsc	01728
38	12	5		שׁ֣וּעַ	7770	HNp	01EfA
38	12	6		אֵֽשֶׁת	802	HNcfsc	01KsF
38	12	7		יְהוּדָ֑ה	3063	HNp	01mhL
38	12	8		וַ/יִּנָּ֣חֶם	c/5162	HC/VNw3ms	014Qt
38	12	9		יְהוּדָ֗ה	3063	HNp	01Ekz
38	12	10		וַ/יַּ֜עַל	c/5927	HC/Vqw3ms	01VjF
38	12	11		עַל	5921 a	HR	01D5c
38	12	12		גֹּֽזֲזֵ֤י	1494	HVqrmpc	01ioh
38	12	13		צֹאנ/וֹ֙	6629	HNcbsc/Sp3ms	01RTZ
38	12	14		ה֗וּא	1931	HPp3ms	01wMH
38	12	15		וְ/חִירָ֛ה	c/2437	HC/Np	01SYR
38	12	16		רֵעֵ֥/הוּ	7453	HNcmsc/Sp3ms	01kgo
38	12	17		הָ/עֲדֻלָּמִ֖י	d/5726	HTd/Ngmsa	01LgV
38	12	18		תִּמְנָֽתָ/ה	8553	HNp/Sd	017TR
38	13	1		וַ/יֻּגַּ֥ד	c/5046	HC/VHw3ms	01hUU
38	13	2		לְ/תָמָ֖ר	l/8559	HR/Np	01MCy
38	13	3		לֵ/אמֹ֑ר	l/559	HR/Vqc	01G4a
38	13	4		הִנֵּ֥ה	2009	HTm	01LZp
38	13	5		חָמִ֛י/ךְ	2524	HNcmsc/Sp2fs	01jYj
38	13	6		עֹלֶ֥ה	5927	HVqrmsa	01uXD
38	13	7		תִמְנָ֖תָ/ה	8553	HNp/Sd	013HN
38	13	8		לָ/גֹ֥ז	l/1494	HR/Vqc	01gSq
38	13	9		צֹאנֽ/וֹ	6629	HNcbsc/Sp3ms	015LY
38	14	1		וַ/תָּסַר֩	c/5493	HC/Vhw3fs	01ZS5
38	14	2		בִּגְדֵ֨י	899 b	HNcmpc	01Td6
38	14	3		אַלְמְנוּתָ֜/הּ	491	HNcfsc/Sp3fs	01LMV
38	14	4		מֵֽ/עָלֶ֗י/הָ	m/5921 a	HR/R/Sp3fs	01yng
38	14	5		וַ/תְּכַ֤ס	c/3680	HC/Vpw3fs	01adD
38	14	6		בַּ/צָּעִיף֙	b/6809	HRd/Ncmsa	01f6J
38	14	7		וַ/תִּתְעַלָּ֔ף	c/5968	HC/Vtw3fs	01RsH
38	14	8		וַ/תֵּ֨שֶׁב֙	c/3427	HC/Vqw3fs	01aWf
38	14	9		בְּ/פֶ֣תַח	b/6607	HR/Ncmsc	01NSE
38	14	10		עֵינַ֔יִם	5879	HNp	01Wpc
38	14	11		אֲשֶׁ֖ר	834 a	HTr	01PG9
38	14	12		עַל	5921 a	HR	01ZND
38	14	13		דֶּ֣רֶךְ	1870	HNcbsc	01t7n
38	14	14		תִּמְנָ֑תָ/ה	8553	HNp/Sd	01K1D
38	14	15		כִּ֤י	3588 a	HC	01WAP
38	14	16		רָאֲתָה֙	7200	HVqp3fs	01rb2
38	14	17		כִּֽי	3588 a	HC	01JFG
38	14	18		גָדַ֣ל	1431	HVqp3ms	01AGb
38	14	19		שֵׁלָ֔ה	7956	HNp	01GHq
38	14	20		וְ/הִ֕וא	c/1931	HC/Pp3fs	01CAD
38	14	21		לֹֽא	3808	HTn	01iPu
38	14	22		נִתְּנָ֥ה	5414	HVNp3fs	017up
38	14	23		ל֖/וֹ	l	HR/Sp3ms	014eF
38	14	24		לְ/אִשָּֽׁה	l/802	HR/Ncfsa	01qAb
38	15	1		וַ/יִּרְאֶ֣/הָ	c/7200	HC/Vqw3ms/Sp3fs	01K9x
38	15	2		יְהוּדָ֔ה	3063	HNp	01rqG
38	15	3		וַֽ/יַּחְשְׁבֶ֖/הָ	c/2803	HC/Vqw3ms/Sp3fs	01jJh
38	15	4		לְ/זוֹנָ֑ה	l/2181	HR/Vqrfsa	01nXv
38	15	5		כִּ֥י	3588 a	HC	01DuP
38	15	6		כִסְּתָ֖ה	3680	HVpp3fs	01kMs
38	15	7		פָּנֶֽי/הָ	6440	HNcbpc/Sp3fs	01P4B
38	16	1		וַ/יֵּ֨ט	c/5186	HC/Vqw3ms	01L4P
38	16	2		אֵלֶ֜י/הָ	413	HR/Sp3fs	01DQx
38	16	3		אֶל	413	HR	01deb
38	16	4		הַ/דֶּ֗רֶךְ	d/1870	HTd/Ncbsa	01VcZ
38	16	5		וַ/יֹּ֨אמֶר֙	c/559	HC/Vqw3ms	01rBM
38	16	6		הָֽבָ/ה	3051	HVqv2ms/Sh	01aGL
38	16	7		נָּא֙	4994	HTj	01Ltn
38	16	8		אָב֣וֹא	935	HVqh1cs	01imc
38	16	9		אֵלַ֔יִ/ךְ	413	HR/Sp2fs	01Xgv
38	16	10		כִּ֚י	3588 a	HC	018y7
38	16	11		לֹ֣א	3808	HTn	01jvS
38	16	12		יָדַ֔ע	3045	HVqp3ms	01qpi
38	16	13		כִּ֥י	3588 a	HC	01tR3
38	16	14		כַלָּת֖/וֹ	3618	HNcfsc/Sp3ms	01Mk8
38	16	15		הִ֑וא	1931	HPp3fs	01Qmh
38	16	16		וַ/תֹּ֨אמֶר֙	c/559	HC/Vqw3fs	01f57
38	16	17		מַה	4100	HTi	01UuT
38	16	18		תִּתֶּן	5414	HVqi2ms	01mFW
38	16	19		לִּ֔/י	l	HR/Sp1cs	01w4i
38	16	20		כִּ֥י	3588 a	HC	01JPx
38	16	21		תָב֖וֹא	935	HVqi2ms	01Cm6
38	16	22		אֵלָֽ/י	413	HR/Sp1cs	01i76
38	17	1		וַ/יֹּ֕אמֶר	c/559	HC/Vqw3ms	01DeY
38	17	2		אָנֹכִ֛י	595	HPp1cs	01TGZ
38	17	3		אֲשַׁלַּ֥ח	7971	HVpi1cs	01Sfk
38	17	4		גְּדִֽי	1423	HNcmsc	01EvC
38	17	5		עִזִּ֖ים	5795	HNcfpa	01sQJ
38	17	6		מִן	4480 a	HR	01cuU
38	17	7		הַ/צֹּ֑אן	d/6629	HTd/Ncbsa	01YbH
38	17	8		וַ/תֹּ֕אמֶר	c/559	HC/Vqw3fs	01p1L
38	17	9		אִם	518 a	HC	01GJR
38	17	10		תִּתֵּ֥ן	5414	HVqi2ms	01s8H
38	17	11		עֵרָב֖וֹן	6162	HNcmsa	019TF
38	17	12		עַ֥ד	5704	HR	01B1r
38	17	13		שָׁלְחֶֽ/ךָ	7971	HVqc/Sp2ms	01TLe
38	18	1		וַ/יֹּ֗אמֶר	c/559	HC/Vqw3ms	01JX3
38	18	2		מָ֣ה	4100	HTi	016Jt
38	18	3		הָֽ/עֵרָבוֹן֮	d/6162	HTd/Ncmsa	01YyX
38	18	4		אֲשֶׁ֣ר	834 a	HTr	01riY
38	18	5		אֶתֶּן	5414	HVqi1cs	01BWM
38	18	6		לָּ/ךְ֒	l	HR/Sp2fs	01j5X
38	18	7		וַ/תֹּ֗אמֶר	c/559	HC/Vqw3fs	01Asz
38	18	8		חֹתָֽמְ/ךָ֙	2368	HNcmsc/Sp2ms	01QPK
38	18	9		וּ/פְתִילֶ֔/ךָ	c/6616	HC/Ncmsc/Sp2ms	01EKF
38	18	10		וּ/מַטְּ/ךָ֖	c/4294	HC/Ncmsc/Sp2ms	01jKF
38	18	11		אֲשֶׁ֣ר	834 a	HTr	01WWp
38	18	12		בְּ/יָדֶ֑/ךָ	b/3027	HR/Ncbsc/Sp2ms	01yga
38	18	13		וַ/יִּתֶּן	c/5414	HC/Vqw3ms	01ySF
38	18	14		לָּ֛/הּ	l	HR/Sp3fs	01bjo
38	18	15		וַ/יָּבֹ֥א	c/935	HC/Vqw3ms	01C5S
38	18	16		אֵלֶ֖י/הָ	413	HR/Sp3fs	01iGs
38	18	17		וַ/תַּ֥הַר	c/2029	HC/Vqw3fs	014Wr
38	18	18		לֽ/וֹ	l	HR/Sp3ms	014nZ
38	19	1		וַ/תָּ֣קָם	c/6965 b	HC/Vqw3fs	014XB
38	19	2		וַ/תֵּ֔לֶךְ	c/3212	HC/Vqw3fs	01h9M
38	19	3		וַ/תָּ֥סַר	c/5493	HC/Vhw3fs	01r1s
38	19	4		צְעִיפָ֖/הּ	6809	HNcmsc/Sp3fs	01RKt
38	19	5		מֵ/עָלֶ֑י/הָ	m/5921 a	HR/R/Sp3fs	01fQE
38	19	6		וַ/תִּלְבַּ֖שׁ	c/3847	HC/Vqw3fs	01orx
38	19	7		בִּגְדֵ֥י	899 b	HNcmpc	01ujc
38	19	8		אַלְמְנוּתָֽ/הּ	491	HNcfsc/Sp3fs	01ciw
38	20	1		וַ/יִּשְׁלַ֨ח	c/7971	HC/Vqw3ms	01rba
38	20	2		יְהוּדָ֜ה	3063	HNp	014kH
38	20	3		אֶת	853	HTo	016ub
38	20	4		גְּדִ֣י	1423	HNcmsc	01HSW
38	20	5		הָֽ/עִזִּ֗ים	d/5795	HTd/Ncfpa	01xgR
38	20	6		בְּ/יַד֙	b/3027	HR/Ncbsc	01VQf
38	20	7		רֵעֵ֣/הוּ	7453	HNcmsc/Sp3ms	01PeF
38	20	8		הָֽ/עֲדֻלָּמִ֔י	d/5726	HTd/Ngmsa	01iyu
38	20	9		לָ/קַ֥חַת	l/3947	HR/Vqc	01Bid
38	20	10		הָ/עֵרָב֖וֹן	d/6162	HTd/Ncmsa	01dvQ
38	20	11		מִ/יַּ֣ד	m/3027	HR/Ncbsc	01ssK
38	20	12		הָ/אִשָּׁ֑ה	d/802	HTd/Ncfsa	01VNB
38	20	13		וְ/לֹ֖א	c/3808	HC/Tn	01EPB
38	20	14		מְצָאָֽ/הּ	4672	HVqp3ms/Sp3fs	01BpP
38	21	1		וַ/יִּשְׁאַ֞ל	c/7592	HC/Vqw3ms	01RS6
38	21	2		אֶת	853	HTo	01QeB
38	21	3		אַנְשֵׁ֤י	376	HNcmpc	017X3
38	21	4		מְקֹמָ/הּ֙	4725	HNcmsc/Sp3fs	01mVh
38	21	5		לֵ/אמֹ֔ר	l/559	HR/Vqc	014ow
38	21	6		אַיֵּ֧ה	346	HTi	01hoy
38	21	7		הַ/קְּדֵשָׁ֛ה	d/6948	HTd/Ncfsa	01J6B
38	21	8		הִ֥וא	1931	HPp3fs	01QR2
38	21	9		בָ/עֵינַ֖יִם	b/5879	HRd/Np	01dYp
38	21	10		עַל	5921 a	HR	01hZg
38	21	11		הַ/דָּ֑רֶךְ	d/1870	HTd/Ncbsa	01qgH
38	21	12		וַ/יֹּ֣אמְר֔וּ	c/559	HC/Vqw3mp	01jXZ
38	21	13		לֹא	3808	HTn	01966
38	21	14		הָיְתָ֥ה	1961	HVqp3fs	018Rd
38	21	15		בָ/זֶ֖ה	b/2088	HR/Pdxms	01ff8
38	21	16		קְדֵשָֽׁה	6948	HAafsa	01d4k
38	22	1		וַ/יָּ֨שָׁב֙	c/7725	HC/Vqw3ms	01Qr5
38	22	2		אֶל	413	HR	011hR
38	22	3		יְהוּדָ֔ה	3063	HNp	016Qc
38	22	4		וַ/יֹּ֖אמֶר	c/559	HC/Vqw3ms	01j3h
38	22	5		לֹ֣א	3808	HTn	01TnF
38	22	6		מְצָאתִ֑י/הָ	4672	HVqp1cs/Sp3fs	01GXB
38	22	7		וְ/גַ֨ם	c/1571	HC/Ta	01Gba
38	22	8		אַנְשֵׁ֤י	376	HNcmpc	01vTr
38	22	9		הַ/מָּקוֹם֙	d/4725	HTd/Ncmsa	01UbV
38	22	10		אָֽמְר֔וּ	559	HVqp3cp	01jun
38	22	11		לֹא	3808	HTn	018kW
38	22	12		הָיְתָ֥ה	1961	HVqp3fs	01zUQ
38	22	13		בָ/זֶ֖ה	b/2088	HR/Pdxms	016hj
38	22	14		קְדֵשָֽׁה	6948	HAafsa	01GGJ
38	23	1		וַ/יֹּ֤אמֶר	c/559	HC/Vqw3ms	01pEU
38	23	2		יְהוּדָה֙	3063	HNp	01AD8
38	23	3		תִּֽקַּֽח	3947	HVqi3fs	01fNV
38	23	4		לָ֔/הּ	l	HR/Sp3fs	01ebS
38	23	5		פֶּ֖ן	6435	HC	01svu
38	23	6		נִהְיֶ֣ה	1961	HVqi1cp	01xoa
38	23	7		לָ/ב֑וּז	l/937	HR/Ncmsa	01kcn
38	23	8		הִנֵּ֤ה	2009	HTm	01RRA
38	23	9		שָׁלַ֨חְתִּי֙	7971	HVqp1cs	014Zk
38	23	10		הַ/גְּדִ֣י	d/1423	HTd/Ncmsa	015uq
38	23	11		הַ/זֶּ֔ה	d/2088	HTd/Pdxms	012C6
38	23	12		וְ/אַתָּ֖ה	c/859 a	HC/Pp2ms	01hEj
38	23	13		לֹ֥א	3808	HTn	01bXn
38	23	14		מְצָאתָֽ/הּ	4672	HVqp2ms/Sp3fs	0111s
38	24	1		וַ/יְהִ֣י	c/1961	HC/Vqw3ms	01adM
38	24	2		כְּ/מִ/שְׁלֹ֣שׁ	k/m/7969	HR/R/Acfsc	01EfG
38	24	3		חֳדָשִׁ֗ים	2320	HNcmpa	01Zot
38	24	4		וַ/יֻּגַּ֨ד	c/5046	HC/VHw3ms	01Wvp
38	24	5		לִֽ/יהוּדָ֤ה	l/3063	HR/Np	014TX
38	24	6		לֵֽ/אמֹר֙	l/559	HR/Vqc	01AZN
38	24	7		זָֽנְתָה֙	2181	HVqp3fs	01Uwy
38	24	8		תָּמָ֣ר	8559	HNp	01CyT
38	24	9		כַּלָּתֶ֔/ךָ	3618	HNcfsc/Sp2ms	01ckD
38	24	10		וְ/גַ֛ם	c/1571	HC/Ta	01TES
38	24	11		הִנֵּ֥ה	2009	HTm	01APL
38	24	12		הָרָ֖ה	2030 a	HAafsa	01ZDp
38	24	13		לִ/זְנוּנִ֑ים	l/2183	HR/Ncmpa	0115v
38	24	14		וַ/יֹּ֣אמֶר	c/559	HC/Vqw3ms	01PRe
38	24	15		יְהוּדָ֔ה	3063	HNp	013jY
38	24	16		הוֹצִיא֖וּ/הָ	3318	HVhv2mp/Sp3fs	014cj
38	24	17		וְ/תִשָּׂרֵֽף	c/8313	HC/VNi3fs	016or
38	25	1		הִ֣וא	1931	HPp3fs	018US
38	25	2		מוּצֵ֗את	3318	HVHsfsa	01Hoy
38	25	3		וְ/הִ֨יא	c/1931	HC/Pp3fs	01R89
38	25	4		שָׁלְחָ֤ה	7971	HVqp3fs	01xTS
38	25	5		אֶל	413	HR	016jU
38	25	6		חָמִ֨י/הָ֙	2524	HNcmsc/Sp3fs	011bW
38	25	7		לֵ/אמֹ֔ר	l/559	HR/Vqc	01VeB
38	25	8		לְ/אִישׁ֙	l/376	HR/Ncmsa	01vhu
38	25	9		אֲשֶׁר	834 a	HTr	01x2w
38	25	10		אֵ֣לֶּה	428	HPdxcp	01gUE
38	25	11		לּ֔/וֹ	l	HR/Sp3ms	01Gi2
38	25	12		אָנֹכִ֖י	595	HPp1cs	014vr
38	25	13		הָרָ֑ה	2030 a	HAafsa	01YFM
38	25	14		וַ/תֹּ֨אמֶר֙	c/559	HC/Vqw3fs	01FKE
38	25	15		הַכֶּר	5234 a	HVhv2ms	01nA3
38	25	16		נָ֔א	4994	HTe	01JEr
38	25	17		לְ/מִ֞י	l/4310	HR/Ti	01QiW
38	25	18		הַ/חֹתֶ֧מֶת	d/2858	HTd/Ncfsa	01CT6
38	25	19		וְ/הַ/פְּתִילִ֛ים	c/d/6616	HC/Td/Ncmpa	01xLM
38	25	20		וְ/הַ/מַּטֶּ֖ה	c/d/4294	HC/Td/Ncmsa	01cNL
38	25	21		הָ/אֵֽלֶּה	d/428	HTd/Pdxcp	01R8D
38	26	1		וַ/יַּכֵּ֣ר	c/5234 a	HC/Vhw3ms	01QvF
38	26	2		יְהוּדָ֗ה	3063	HNp	01qPm
38	26	3		וַ/יֹּ֨אמֶר֙	c/559	HC/Vqw3ms	013Ps
38	26	4		צָֽדְקָ֣ה	6663	HVqp3fs	01qsF
38	26	5		מִמֶּ֔/נִּי	4480 a	HR/Sp1cs	01RGt
38	26	6		כִּֽי	3588 c	HC	01bmG
38	26	7		עַל	5921 b	HR	01ZBY
38	26	8		כֵּ֥ן	3651 b	HTm	01mqh
38	26	9		לֹא	3808	HTn	01fgi
38	26	10		נְתַתִּ֖י/הָ	5414	HVqp1cs/Sp3fs	01sTe
38	26	11		לְ/שֵׁלָ֣ה	l/7956	HR/Np	01KWC
38	26	12		בְנִ֑/י	1121 a	HNcmsc/Sp1cs	019VM
38	26	13		וְ/לֹֽא	c/3808	HC/Tn	01wzu
38	26	14		יָסַ֥ף	3254	HVqp3ms	01aLi
38	26	15		ע֖וֹד	5750	HD	01TgX
38	26	16		לְ/דַעְתָּֽ/ה	l/3045	HR/Vqc/Sp3fs	01x11
38	27	1		וַ/יְהִ֖י	c/1961	HC/Vqw3ms	01859
38	27	2		בְּ/עֵ֣ת	b/6256	HR/Ncbsc	01grf
38	27	3		לִדְתָּ֑/הּ	3205	HVqc/Sp3fs	01gCV
38	27	4		וְ/הִנֵּ֥ה	c/2009	HC/Tm	01sQT
38	27	5		תְאוֹמִ֖ים	8380	HNcmpa	01QjL
38	27	6		בְּ/בִטְנָֽ/הּ	b/990	HR/Ncfsc/Sp3fs	01GXa
38	28	1		וַ/יְהִ֥י	c/1961	HC/Vqw3ms	019W1
38	28	2		בְ/לִדְתָּ֖/הּ	b/3205	HR/Vqc/Sp3fs	01e4L
38	28	3		וַ/יִּתֶּן	c/5414	HC/Vqw3ms	01hko
38	28	4		יָ֑ד	3027	HNcbsa	01NYQ
38	28	5		וַ/תִּקַּ֣ח	c/3947	HC/Vqw3fs	01gEb
38	28	6		הַ/מְיַלֶּ֗דֶת	d/3205	HTd/Vprfsa	01ARP
38	28	7		וַ/תִּקְשֹׁ֨ר	c/7194	HC/Vqw3fs	01fEN
38	28	8		עַל	5921 a	HR	012tp
38	28	9		יָד֤/וֹ	3027	HNcbsc/Sp3ms	012rP
38	28	10		שָׁנִי֙	8144	HNcmsa	01NxX
38	28	11		לֵ/אמֹ֔ר	l/559	HR/Vqc	016w4
38	28	12		זֶ֖ה	2088	HPdxms	01hkB
38	28	13		יָצָ֥א	3318	HVqp3ms	01KCZ
38	28	14		רִאשֹׁנָֽה	7223	HAomsa	01Rdk
38	29	1		וַ/יְהִ֣י	c/1961	HC/Vqw3ms	01pi8
38	29	2		כְּ/מֵשִׁ֣יב	k/7725	HR/Vhrmsa	01QjT
38	29	3		יָד֗/וֹ	3027	HNcbsc/Sp3ms	01cGB
38	29	4		וְ/הִנֵּה֙	c/2009	HC/Tm	01kKk
38	29	5		יָצָ֣א	3318	HVqp3ms	01Z5s
38	29	6		אָחִ֔י/ו	251	HNcmsc/Sp3ms	01EDm
38	29	7		וַ/תֹּ֕אמֶר	c/559	HC/Vqw3fs	01amJ
38	29	8		מַה	4100	HTi	01fmg
38	29	9		פָּרַ֖צְתָּ	6555	HVqp2ms	0115j
38	29	10		עָלֶ֣י/ךָ	5921 a	HR/Sp2ms	01gCp
38	29	11		פָּ֑רֶץ	6556	HNcmsa	01yrc
38	29	12		וַ/יִּקְרָ֥א	c/7121	HC/Vqw3ms	01hpX
38	29	13		שְׁמ֖/וֹ	8034	HNcmsc/Sp3ms	01pfN
38	29	14		פָּֽרֶץ	6557	HNp	0161e
38	30	1		וְ/אַחַר֙	c/310 a	HC/D	01DGu
38	30	2		יָצָ֣א	3318	HVqp3ms	011q1
38	30	3		אָחִ֔י/ו	251	HNcmsc/Sp3ms	01UDX
38	30	4		אֲשֶׁ֥ר	834 a	HTr	01zD2
38	30	5		עַל	5921 a	HR	01eUT
38	30	6		יָד֖/וֹ	3027	HNcbsc/Sp3ms	01MKH
38	30	7		הַ/שָּׁנִ֑י	d/8144	HTd/Ncmsa	01rnU
38	30	8		וַ/יִּקְרָ֥א	c/7121	HC/Vqw3ms	01fvc
38	30	9		שְׁמ֖/וֹ	8034	HNcmsc/Sp3ms	01JaM
38	30	10		זָֽרַח	2226	HNp	01qVM
39	1	1		וְ/יוֹסֵ֖ף	c/3130	HC/Np	01dRQ
39	1	2		הוּרַ֣ד	3381	HVHp3ms	01p3s
39	1	3		מִצְרָ֑יְמָ/ה	4714	HNp/Sd	01cCA
39	1	4		וַ/יִּקְנֵ֡/הוּ	c/7069	HC/Vqw3ms/Sp3ms	014sY
39	1	5		פּוֹטִיפַר֩	6318	HNp	01Tg7
39	1	6		סְרִ֨יס	5631	HNcmsc	012Du
39	1	7		פַּרְעֹ֜ה	6547	HNp	01rRn
39	1	8		שַׂ֤ר	8269	HNcmsc	015wa
39	1	9		הַ/טַּבָּחִים֙	d/2876	HTd/Ncmpa	01rHG
39	1	10		אִ֣ישׁ	376	HNcmsa	01UYk
39	1	11		מִצְרִ֔י	4713	HNgmsa	01zi4
39	1	12		מִ/יַּד֙	m/3027	HR/Ncbsc	01KVs
39	1	13		הַ/יִּשְׁמְעֵאלִ֔ים	d/3459	HTd/Ngmpa	01NWz
39	1	14		אֲשֶׁ֥ר	834 a	HTr	01DgG
39	1	15		הוֹרִדֻ֖/הוּ	3381	HVhp3cp/Sp3ms	01fYp
39	1	16		שָֽׁמָּ/ה	8033	HD/Sd	01Bgt
39	2	1		וַ/יְהִ֤י	c/1961	HC/Vqw3ms	01P8k
39	2	2		יְהוָה֙	3068	HNp	01txG
39	2	3		אֶת	854	HR	01tM3
39	2	4		יוֹסֵ֔ף	3130	HNp	015xS
39	2	5		וַ/יְהִ֖י	c/1961	HC/Vqw3ms	01sGD
39	2	6		אִ֣ישׁ	376	HNcmsc	01LXL
39	2	7		מַצְלִ֑יחַ	6743 b	HVhrmsa	01MuN
39	2	8		וַ/יְהִ֕י	c/1961	HC/Vqw3ms	01T3s
39	2	9		בְּ/בֵ֥ית	b/1004 b	HR/Ncmsc	01MoC
39	2	10		אֲדֹנָ֖י/ו	113	HNcmpc/Sp3ms	01rVu
39	2	11		הַ/מִּצְרִֽי	d/4713	HTd/Ngmsa	01g8F
39	3	1		וַ/יַּ֣רְא	c/7200	HC/Vqw3ms	01JdL
39	3	2		אֲדֹנָ֔י/ו	113	HNcmpc/Sp3ms	01kL5
39	3	3		כִּ֥י	3588 a	HC	01cPL
39	3	4		יְהוָ֖ה	3068	HNp	01pEE
39	3	5		אִתּ֑/וֹ	854	HR/Sp3ms	01DJz
39	3	6		וְ/כֹל֙	c/3605	HC/Ncmsa	016kc
39	3	7		אֲשֶׁר	834 a	HTr	01PFY
39	3	8		ה֣וּא	1931	HPp3ms	01Efs
39	3	9		עֹשֶׂ֔ה	6213 a	HVqrmsa	01MXn
39	3	10		יְהוָ֖ה	3068	HNp	01ris
39	3	11		מַצְלִ֥יחַ	6743 b	HVhrmsa	01r9A
39	3	12		בְּ/יָדֽ/וֹ	b/3027	HR/Ncbsc/Sp3ms	01JTd
39	4	1		וַ/יִּמְצָ֨א	c/4672	HC/Vqw3ms	01Uwz
39	4	2		יוֹסֵ֥ף	3130	HNp	01m4W
39	4	3		חֵ֛ן	2580	HNcmsa	018Yw
39	4	4		בְּ/עֵינָ֖י/ו	b/5869 a	HR/Ncbdc/Sp3ms	01Z26
39	4	5		וַ/יְשָׁ֣רֶת	c/8334	HC/Vpw3ms	01YgJ
39	4	6		אֹת֑/וֹ	853	HTo/Sp3ms	01wF3
39	4	7		וַ/יַּפְקִדֵ֨/הוּ֙	c/6485 a	HC/Vhw3ms/Sp3ms	01aEB
39	4	8		עַל	5921 a	HR	01Vuz
39	4	9		בֵּית֔/וֹ	1004 b	HNcmsc/Sp3ms	01kjd
39	4	10		וְ/כָל	c/3605	HC/Ncmsc	01pWm
39	4	11		יֶשׁ	3426	HTm	01JSR
39	4	12		ל֖/וֹ	l	HR/Sp3ms	01cuY
39	4	13		נָתַ֥ן	5414	HVqp3ms	01jyE
39	4	14		בְּ/יָדֽ/וֹ	b/3027	HR/Ncbsc/Sp3ms	01rTN
39	5	1		וַ/יְהִ֡י	c/1961	HC/Vqw3ms	014Td
39	5	2		מֵ/אָז֩	m/227 b	HR/D	01JVN
39	5	3		הִפְקִ֨יד	6485 a	HVhp3ms	01HTu
39	5	4		אֹת֜/וֹ	853	HTo/Sp3ms	01UqD
39	5	5		בְּ/בֵית֗/וֹ	b/1004 b	HR/Ncmsc/Sp3ms	01iQZ
39	5	6		וְ/עַל֙	c/5921 a	HC/R	01YoU
39	5	7		כָּל	3605	HNcmsc	01HWX
39	5	8		אֲשֶׁ֣ר	834 a	HTr	01yWZ
39	5	9		יֶשׁ	3426	HTm	01aqk
39	5	10		ל֔/וֹ	l	HR/Sp3ms	01Jcj
39	5	11		וַ/יְבָ֧רֶךְ	c/1288	HC/Vpw3ms	01Y2u
39	5	12		יְהוָ֛ה	3068	HNp	01gER
39	5	13		אֶת	853	HTo	01Joj
39	5	14		בֵּ֥ית	1004 b	HNcmsc	012xC
39	5	15		הַ/מִּצְרִ֖י	d/4713	HTd/Ngmsa	01dgh
39	5	16		בִּ/גְלַ֣ל	b/1558	HR/Ncmsc	01Lv9
39	5	17		יוֹסֵ֑ף	3130	HNp	01SEo
39	5	18		וַ/יְהִ֞י	c/1961	HC/Vqw3ms	01QQV
39	5	19		בִּרְכַּ֤ת	1293	HNcfsc	01hQg
39	5	20		יְהוָה֙	3068	HNp	01Rqg
39	5	21		בְּ/כָל	b/3605	HR/Ncmsc	01uWB
39	5	22		אֲשֶׁ֣ר	834 a	HTr	01SXR
39	5	23		יֶשׁ	3426	HTm	014qH
39	5	24		ל֔/וֹ	l	HR/Sp3ms	01CYY
39	5	25		בַּ/בַּ֖יִת	b/1004 b	HRd/Ncmsa	016L2
39	5	26		וּ/בַ/שָּׂדֶֽה	c/b/7704 b	HC/Rd/Ncmsa	01ZLM
39	6	1		וַ/יַּעֲזֹ֣ב	c/5800 a	HC/Vqw3ms	01uW7
39	6	2		כָּל	3605	HNcmsc	01hD3
39	6	3		אֲשֶׁר	834 a	HTr	01njY
39	6	4		ל/וֹ֮	l	HR/Sp3ms	012aD
39	6	5		בְּ/יַד	b/3027	HR/Ncbsc	01KZZ
39	6	6		יוֹסֵף֒	3130	HNp	01PZk
39	6	7		וְ/לֹא	c/3808	HC/Tn	01htK
39	6	8		יָדַ֤ע	3045	HVqp3ms	01srU
39	6	9		אִתּ/וֹ֙	854	HR/Sp3ms	01a4E
39	6	10		מְא֔וּמָה	3972	HNcfsa	01zCz
39	6	11		כִּ֥י	3588 b	HC	01XDP
39	6	12		אִם	518 b	HC	01Gfb
39	6	13		הַ/לֶּ֖חֶם	d/3899	HTd/Ncbsa	01dzc
39	6	14		אֲשֶׁר	834 a	HTr	01dtY
39	6	15		ה֣וּא	1931	HPp3ms	01tt3
39	6	16		אוֹכֵ֑ל	398	HVqrmsa	01Yr6
39	6	17		וַ/יְהִ֣י	c/1961	HC/Vqw3ms	01bDJ
39	6	18		יוֹסֵ֔ף	3130	HNp	01pWA
39	6	19		יְפֵה	3303	HAamsc	01pqD
39	6	20		תֹ֖אַר	8389	HNcmsa	01kje
39	6	21		וִ/יפֵ֥ה	c/3303	HC/Aamsc	011gK
39	6	22		מַרְאֶֽה	4758	HNcmsa	01yDB
39	7	1		וַ/יְהִ֗י	c/1961	HC/Vqw3ms	01LeX
39	7	2		אַחַר֙	310 a	HR	01WVX
39	7	3		הַ/דְּבָרִ֣ים	d/1697	HTd/Ncmpa	01N1E
39	7	4		הָ/אֵ֔לֶּה	d/428	HTd/Pdxcp	01QGH
39	7	5		וַ/תִּשָּׂ֧א	c/5375	HC/Vqw3fs	01hrH
39	7	6		אֵֽשֶׁת	802	HNcfsc	01KUG
39	7	7		אֲדֹנָ֛י/ו	113	HNcmpc/Sp3ms	01ETR
39	7	8		אֶת	853	HTo	01DPx
39	7	9		עֵינֶ֖י/הָ	5869 a	HNcbdc/Sp3fs	013Ti
39	7	10		אֶל	413	HR	01kFu
39	7	11		יוֹסֵ֑ף	3130	HNp	01KYC
39	7	12		וַ/תֹּ֖אמֶר	c/559	HC/Vqw3fs	01gAt
39	7	13		שִׁכְבָ֥/ה	7901	HVqv2ms/Sh	01ZEn
39	7	14		עִמִּֽ/י	5973 a	HR/Sp1cs	01rBA
39	8	1		וַ/יְמָאֵ֓ן	c/3985	HC/Vpw3ms	017BJ
39	8	2		וַ/יֹּ֨אמֶר֙	c/559	HC/Vqw3ms	01AzR
39	8	3		אֶל	413	HR	01Adt
39	8	4		אֵ֣שֶׁת	802	HNcfsc	01Y1a
39	8	5		אֲדֹנָ֔י/ו	113	HNcmpc/Sp3ms	01HHS
39	8	6		הֵ֣ן	2005	HTm	01rym
39	8	7		אֲדֹנִ֔/י	113	HNcmsc/Sp1cs	01PEk
39	8	8		לֹא	3808	HTn	01aP7
39	8	9		יָדַ֥ע	3045	HVqp3ms	01FAA
39	8	10		אִתִּ֖/י	854	HR/Sp1cs	01TxR
39	8	11		מַה	4100	HTi	01xie
39	8	12		בַּ/בָּ֑יִת	b/1004 b	HRd/Ncmsa	019H2
39	8	13		וְ/כֹ֥ל	c/3605	HC/Ncmsa	01Krx
39	8	14		אֲשֶׁר	834 a	HTr	01rX5
39	8	15		יֶשׁ	3426	HTm	01hMb
39	8	16		ל֖/וֹ	l	HR/Sp3ms	01rxY
39	8	17		נָתַ֥ן	5414	HVqp3ms	01nis
39	8	18		בְּ/יָדִֽ/י	b/3027	HR/Ncbsc/Sp1cs	01LCt
39	9	1		אֵינֶ֨/נּוּ	369	HTn/Sp3ms	015y6
39	9	2		גָד֜וֹל	1419 a	HAamsa	01uZ7
39	9	3		בַּ/בַּ֣יִת	b/1004 b	HRd/Ncmsa	01ACr
39	9	4		הַ/זֶּה֮	d/2088	HTd/Pdxms	01Rp2
39	9	5		מִמֶּ/נִּי֒	4480 a	HR/Sp1cs	01Zqf
39	9	6		וְ/לֹֽא	c/3808	HC/Tn	013dZ
39	9	7		חָשַׂ֤ךְ	2820	HVqp3ms	01qxE
39	9	8		מִמֶּ֨/נִּי֙	4480 a	HR/Sp1cs	01Us2
39	9	9		מְא֔וּמָה	3972	HNcfsa	016ZG
39	9	10		כִּ֥י	3588 b	HC	01T9o
39	9	11		אִם	518 b	HC	01x5k
39	9	12		אוֹתָ֖/ךְ	853	HTo/Sp2fs	01JBi
39	9	13		בַּ/אֲשֶׁ֣ר	b/834 b	HR/Tr	01fBU
39	9	14		אַתְּ	859 c	HPp2fs	01zof
39	9	15		אִשְׁתּ֑/וֹ	802	HNcfsc/Sp3ms	01cNr
39	9	16		וְ/אֵ֨יךְ	c/349 a	HC/Ti	01hW5
39	9	17		אֶֽעֱשֶׂ֜ה	6213 a	HVqi1cs	01APA
39	9	18		הָ/רָעָ֤ה	d/7451 c	HTd/Ncfsa	01L5y
39	9	19		הַ/גְּדֹלָה֙	d/1419 a	HTd/Aafsa	01HHr
39	9	20		הַ/זֹּ֔את	d/2063	HTd/Pdxfs	01mQs
39	9	21		וְ/חָטָ֖אתִי	c/2398	HC/Vqq1cs	01zcy
39	9	22		לֵֽ/אלֹהִֽים	l/430	HR/Ncmpa	01G1Y
39	10	1		וַ/יְהִ֕י	c/1961	HC/Vqw3ms	01UAX
39	10	2		כְּ/דַבְּרָ֥/הּ	k/1696	HR/Vpc/Sp3fs	01nhi
39	10	3		אֶל	413	HR	01byg
39	10	4		יוֹסֵ֖ף	3130	HNp	01RC1
39	10	5		י֣וֹם	3117	HNcmsa	01eTF
39	10	6		י֑וֹם	3117	HNcmsa	01spw
39	10	7		וְ/לֹא	c/3808	HC/Tn	01UjQ
39	10	8		שָׁמַ֥ע	8085	HVqp3ms	01JsP
39	10	9		אֵלֶ֛י/הָ	413	HR/Sp3fs	014MZ
39	10	10		לִ/שְׁכַּ֥ב	l/7901	HR/Vqc	01cRX
39	10	11		אֶצְלָ֖/הּ	681	HR/Sp3fs	01XTm
39	10	12		לִ/הְי֥וֹת	l/1961	HR/Vqc	01w2p
39	10	13		עִמָּֽ/הּ	5973 a	HR/Sp3fs	01shk
39	11	1		וַ/יְהִי֙	c/1961	HC/Vqw3ms	01peX
39	11	2		כְּ/הַ/יּ֣וֹם	k/d/3117	HR/Td/Ncmsa	011pp
39	11	3		הַ/זֶּ֔ה	d/2088	HTd/Pdxms	01HVR
39	11	4		וַ/יָּבֹ֥א	c/935	HC/Vqw3ms	01t1e
39	11	5		הַ/בַּ֖יְתָ/ה	d/1004 b	HTd/Ncmsa/Sd	01RUb
39	11	6		לַ/עֲשׂ֣וֹת	l/6213 a	HR/Vqc	013NC
39	11	7		מְלַאכְתּ֑/וֹ	4399	HNcfsc/Sp3ms	01xj7
39	11	8		וְ/אֵ֨ין	c/369	HC/Tn	01sH2
39	11	9		אִ֜ישׁ	376	HNcmsa	01Xr8
39	11	10		מֵ/אַנְשֵׁ֥י	m/376	HR/Ncmpc	01evS
39	11	11		הַ/בַּ֛יִת	d/1004 b	HTd/Ncmsa	01Koc
39	11	12		שָׁ֖ם	8033	HD	01ppZ
39	11	13		בַּ/בָּֽיִת	b/1004 b	HRd/Ncmsa	01jeD
39	12	1		וַ/תִּתְפְּשֵׂ֧/הוּ	c/8610	HC/Vqw3fs/Sp3ms	01Wao
39	12	2		בְּ/בִגְד֛/וֹ	b/899 b	HR/Ncmsc/Sp3ms	01J1H
39	12	3		לֵ/אמֹ֖ר	l/559	HR/Vqc	01oWb
39	12	4		שִׁכְבָ֣/ה	7901	HVqv2ms/Sh	01V6M
39	12	5		עִמִּ֑/י	5973 a	HR/Sp1cs	015Xs
39	12	6		וַ/יַּעֲזֹ֤ב	c/5800 a	HC/Vqw3ms	01maA
39	12	7		בִּגְד/וֹ֙	899 b	HNcmsc/Sp3ms	018XX
39	12	8		בְּ/יָדָ֔/הּ	b/3027	HR/Ncbsc/Sp3fs	01DHE
39	12	9		וַ/יָּ֖נָס	c/5127	HC/Vqw3ms	01hiu
39	12	10		וַ/יֵּצֵ֥א	c/3318	HC/Vqw3ms	01xmM
39	12	11		הַ/חֽוּצָ/ה	d/2351	HTd/Ncmsa/Sd	01Nje
39	13	1		וַ/יְהִי֙	c/1961	HC/Vqw3ms	01qcJ
39	13	2		כִּ/רְאוֹתָ֔/הּ	k/7200	HR/Vqc/Sp3fs	01hYP
39	13	3		כִּֽי	3588 a	HC	015vU
39	13	4		עָזַ֥ב	5800 a	HVqp3ms	01Kxf
39	13	5		בִּגְד֖/וֹ	899 b	HNcmsc/Sp3ms	018fD
39	13	6		בְּ/יָדָ֑/הּ	b/3027	HR/Ncbsc/Sp3fs	01esV
39	13	7		וַ/יָּ֖נָס	c/5127	HC/Vqw3ms	01b3y
39	13	8		הַ/חֽוּצָ/ה	d/2351	HTd/Ncmsa/Sd	01FFQ
39	14	1		וַ/תִּקְרָ֞א	c/7121	HC/Vqw3fs	01i2s
39	14	2		לְ/אַנְשֵׁ֣י	l/376	HR/Ncmpc	01CBy
39	14	3		בֵיתָ֗/הּ	1004 b	HNcmsc/Sp3fs	01PBi
39	14	4		וַ/תֹּ֤אמֶר	c/559	HC/Vqw3fs	014La
39	14	5		לָ/הֶם֙	l	HR/Sp3mp	011Pd
39	14	6		לֵ/אמֹ֔ר	l/559	HR/Vqc	01eDf
39	14	7		רְא֗וּ	7200	HVqv2mp	01ML6
39	14	8		הֵ֥בִיא	935	HVhp3ms	01iD7
39	14	9		לָ֛/נוּ	l	HR/Sp1cp	01Fkd
39	14	10		אִ֥ישׁ	376	HNcmsa	01Wy1
39	14	11		עִבְרִ֖י	5680	HNgmsa	01CRS
39	14	12		לְ/צַ֣חֶק	l/6711	HR/Vpc	01nU4
39	14	13		בָּ֑/נוּ	b	HR/Sp1cp	0196a
39	14	14		בָּ֤א	935	HVqp3ms	015pE
39	14	15		אֵלַ/י֙	413	HR/Sp1cs	01jgj
39	14	16		לִ/שְׁכַּ֣ב	l/7901	HR/Vqc	019vv
39	14	17		עִמִּ֔/י	5973 a	HR/Sp1cs	01UZr
39	14	18		וָ/אֶקְרָ֖א	c/7121	HC/Vqw1cs	01ajX
39	14	19		בְּ/ק֥וֹל	b/6963 a	HR/Ncmsa	01DPX
39	14	20		גָּדֽוֹל	1419 a	HAamsa	01ezh
39	15	1		וַ/יְהִ֣י	c/1961	HC/Vqw3ms	01GS8
39	15	2		כְ/שָׁמְע֔/וֹ	k/8085	HR/Vqc/Sp3ms	01moq
39	15	3		כִּֽי	3588 a	HC	01LGN
39	15	4		הֲרִימֹ֥תִי	7311 a	HVhp1cs	01tEB
39	15	5		קוֹלִ֖/י	6963 a	HNcmsc/Sp1cs	01kVa
39	15	6		וָ/אֶקְרָ֑א	c/7121	HC/Vqw1cs	01e2w
39	15	7		וַ/יַּעֲזֹ֤ב	c/5800 a	HC/Vqw3ms	01iv9
39	15	8		בִּגְד/וֹ֙	899 b	HNcmsc/Sp3ms	01pQZ
39	15	9		אֶצְלִ֔/י	681	HR/Sp1cs	01SVt
39	15	10		וַ/יָּ֖נָס	c/5127	HC/Vqw3ms	01eZ5
39	15	11		וַ/יֵּצֵ֥א	c/3318	HC/Vqw3ms	01pmx
39	15	12		הַ/חֽוּצָ/ה	d/2351	HTd/Ncmsa/Sd	011hQ
39	16	1		וַ/תַּנַּ֥ח	c/3240	HC/Vhw3fs	015zX
39	16	2		בִּגְד֖/וֹ	899 b	HNcmsc/Sp3ms	0187d
39	16	3		אֶצְלָ֑/הּ	681	HR/Sp3fs	01E8D
39	16	4		עַד	5704	HR	01sgg
39	16	5		בּ֥וֹא	935	HVqc	01tkL
39	16	6		אֲדֹנָ֖י/ו	113	HNcmpc/Sp3ms	01kNu
39	16	7		אֶל	413	HR	01gQo
39	16	8		בֵּיתֽ/וֹ	1004 b	HNcmsc/Sp3ms	01ZQk
39	17	1		וַ/תְּדַבֵּ֣ר	c/1696	HC/Vpw3fs	016Ge
39	17	2		אֵלָ֔י/ו	413	HR/Sp3ms	01Gf9
39	17	3		כַּ/דְּבָרִ֥ים	k/1697	HRd/Ncmpa	01qVP
39	17	4		הָ/אֵ֖לֶּה	d/428	HTd/Pdxcp	01M6W
39	17	5		לֵ/אמֹ֑ר	l/559	HR/Vqc	01z9p
39	17	6		בָּֽא	935	HVqp3ms	01v9o
39	17	7		אֵלַ֞/י	413	HR/Sp1cs	01oKD
39	17	8		הָ/עֶ֧בֶד	d/5650	HTd/Ncmsa	01SFY
39	17	9		הָֽ/עִבְרִ֛י	d/5680	HTd/Ngmsa	01CrS
39	17	10		אֲשֶׁר	834 a	HTr	01w6m
39	17	11		הֵבֵ֥אתָ	935	HVhp2ms	01BP3
39	17	12		לָּ֖/נוּ	l	HR/Sp1cp	01ejH
39	17	13		לְ/צַ֥חֶק	l/6711	HR/Vpc	01tam
39	17	14		בִּֽ/י	b	HR/Sp1cs	01uFF
39	18	1		וַ/יְהִ֕י	c/1961	HC/Vqw3ms	01XkY
39	18	2		כַּ/הֲרִימִ֥/י	k/7311 a	HR/Vhc/Sp1cs	01XXH
39	18	3		קוֹלִ֖/י	6963 a	HNcmsc/Sp1cs	01ZFa
39	18	4		וָ/אֶקְרָ֑א	c/7121	HC/Vqw1cs	01viQ
39	18	5		וַ/יַּעֲזֹ֥ב	c/5800 a	HC/Vqw3ms	01NWw
39	18	6		בִּגְד֛/וֹ	899 b	HNcmsc/Sp3ms	01mbN
39	18	7		אֶצְלִ֖/י	681	HR/Sp1cs	01PyK
39	18	8		וַ/יָּ֥נָס	c/5127	HC/Vqw3ms	01qW6
39	18	9		הַ/חֽוּצָ/ה	d/2351	HTd/Ncmsa/Sd	01w6P
39	19	1		וַ/יְהִי֩	c/1961	HC/Vqw3ms	01uhp
39	19	2		כִ/שְׁמֹ֨עַ	k/8085	HR/Vqc	014qC
39	19	3		אֲדֹנָ֜י/ו	113	HNcmpc/Sp3ms	01E94
39	19	4		אֶת	853	HTo	01DPc
39	19	5		דִּבְרֵ֣י	1697	HNcmpc	01goD
39	19	6		אִשְׁתּ֗/וֹ	802	HNcfsc/Sp3ms	01VMN
39	19	7		אֲשֶׁ֨ר	834 a	HTr	01TSZ
39	19	8		דִּבְּרָ֤ה	1696	HVpp3fs	0166R
39	19	9		אֵלָי/ו֙	413	HR/Sp3ms	014uS
39	19	10		לֵ/אמֹ֔ר	l/559	HR/Vqc	01ZfA
39	19	11		כַּ/דְּבָרִ֣ים	k/1697	HRd/Ncmpa	01V9i
39	19	12		הָ/אֵ֔לֶּה	d/428	HTd/Pdxcp	01R43
39	19	13		עָ֥שָׂהּ	6213 a	HVqp3ms	01oc4
39	19	14		לִ֖/י	l	HR/Sp1cs	01pLY
39	19	15		עַבְדֶּ֑/ךָ	5650	HNcmsc/Sp2ms	01YBt
39	19	16		וַ/יִּ֖חַר	c/2734	HC/Vqw3ms	014Zo
39	19	17		אַפּֽ/וֹ	639	HNcmsc/Sp3ms	011q7
39	20	1		וַ/יִּקַּח֩	c/3947	HC/Vqw3ms	01W5J
39	20	2		אֲדֹנֵ֨י	113	HNcmpc	0183Z
39	20	3		יוֹסֵ֜ף	3130	HNp	01nN8
39	20	4		אֹת֗/וֹ	853	HTo/Sp3ms	01P92
39	20	5		וַֽ/יִּתְּנֵ֨/הוּ֙	c/5414	HC/Vqw3ms/Sp3ms	01KND
39	20	6		אֶל	413	HR	01PDj
39	20	7		בֵּ֣ית	1004 b	HNcmsc	01WeJ
39	20	8		הַ/סֹּ֔הַר	d/5470	HTd/Ncmsa	01ugY
39	20	9		מְק֕וֹם	4725	HNcmsc	01ChB
39	20	10		אֲשֶׁר	834 a	HTr	01Csm
39	20	11	x-ketiv	אסורי	631	HVqsmpc	01Mbg
39	20	12		אֲסִירֵ֥י	615	HNcmpc	01qVE
39	20	13		הַ/מֶּ֖לֶךְ	d/4428	HTd/Ncmsa	01kwd
39	20	14		אֲסוּרִ֑ים	631	HVqsmpa	01SUN
39	20	15		וַֽ/יְהִי	c/1961	HC/Vqw3ms	01aCw
39	20	16		שָׁ֖ם	8033	HD	01UAz
39	20	17		בְּ/בֵ֥ית	b/1004 b	HR/Ncmsc	01wRD
39	20	18		הַ/סֹּֽהַר	d/5470	HTd/Ncmsa	01Ato
39	21	1		וַ/יְהִ֤י	c/1961	HC/Vqw3ms	018ek
39	21	2		יְהוָה֙	3068	HNp	01WKB
39	21	3		אֶת	854	HR	01C9a
39	21	4		יוֹסֵ֔ף	3130	HNp	01CwL
39	21	5		וַ/יֵּ֥ט	c/5186	HC/Vqw3ms	01MpV
39	21	6		אֵלָ֖י/ו	413	HR/Sp3ms	01daa
39	21	7		חָ֑סֶד	2617 a	HNcmsa	01NXV
39	21	8		וַ/יִּתֵּ֣ן	c/5414	HC/Vqw3ms	01EUo
39	21	9		חִנּ֔/וֹ	2580	HNcmsc/Sp3ms	01cMu
39	21	10		בְּ/עֵינֵ֖י	b/5869 a	HR/Ncbdc	01ehx
39	21	11		שַׂ֥ר	8269	HNcmsc	01y66
39	21	12		בֵּית	1004 b	HNcmsc	01mXi
39	21	13		הַ/סֹּֽהַר	d/5470	HTd/Ncmsa	01KQ6
39	22	1		וַ/יִּתֵּ֞ן	c/5414	HC/Vqw3ms	01J4G
39	22	2		שַׂ֤ר	8269	HNcmsc	01FXg
39	22	3		בֵּית	1004 b	HNcmsc	01QwX
39	22	4		הַ/סֹּ֨הַר֙	d/5470	HTd/Ncmsa	016RS
39	22	5		בְּ/יַד	b/3027	HR/Ncbsc	01i3K
39	22	6		יוֹסֵ֔ף	3130	HNp	01kNa
39	22	7		אֵ֚ת	853	HTo	012od
39	22	8		כָּל	3605	HNcmsc	016i7
39	22	9		הָ֣/אֲסִירִ֔ם	d/615	HTd/Ncmpa	01b2G
39	22	10		אֲשֶׁ֖ר	834 a	HTr	01otA
39	22	11		בְּ/בֵ֣ית	b/1004 b	HR/Ncmsc	01gz1
39	22	12		הַ/סֹּ֑הַר	d/5470	HTd/Ncmsa	01ZtQ
39	22	13		וְ/אֵ֨ת	c/853	HC/To	01BX7
39	22	14		כָּל	3605	HNcmsc	01UMy
39	22	15		אֲשֶׁ֤ר	834 a	HTr	01iXq
39	22	16		עֹשִׂים֙	6213 a	HVqrmpa	018wG
39	22	17		שָׁ֔ם	8033	HD	0115r
39	22	18		ה֖וּא	1931	HPp3ms	01RdU
39	22	19		הָיָ֥ה	1961	HVqp3ms	01mfu
39	22	20		עֹשֶֽׂה	6213 a	HVqrmsa	01AYE
39	23	1		אֵ֣ין	369	HTn	01QeM
39	23	2		שַׂ֣ר	8269	HNcmsc	01epw
39	23	3		בֵּית	1004 b	HNcmsc	01nQN
39	23	4		הַ/סֹּ֗הַר	d/5470	HTd/Ncmsa	01Bd5
39	23	5		רֹאֶ֤ה	7200	HVqrmsa	01uTd
39	23	6		אֶֽת	853	HTo	01VTm
39	23	7		כָּל	3605	HNcmsc	01kLf
39	23	8		מְא֨וּמָה֙	3972	HNcfsa	01U1Y
39	23	9		בְּ/יָד֔/וֹ	b/3027	HR/Ncbsc/Sp3ms	01Ax6
39	23	10		בַּ/אֲשֶׁ֥ר	b/834 b	HR/Tr	01WS9
39	23	11		יְהוָ֖ה	3068	HNp	01w6B
39	23	12		אִתּ֑/וֹ	854	HR/Sp3ms	01oag
39	23	13		וַֽ/אֲשֶׁר	c/834 a	HC/Tr	01Pkr
39	23	14		ה֥וּא	1931	HPp3ms	015Eh
39	23	15		עֹשֶׂ֖ה	6213 a	HVqrmsa	015iX
39	23	16		יְהוָ֥ה	3068	HNp	01MFx
39	23	17		מַצְלִֽיחַ	6743 b	HVhrmsa	014ok
40	1	1		וַ/יְהִ֗י	c/1961	HC/Vqw3ms	01ajR
40	1	2		אַחַר֙	310 a	HR	01uwb
40	1	3		הַ/דְּבָרִ֣ים	d/1697	HTd/Ncmpa	01keC
40	1	4		הָ/אֵ֔לֶּה	d/428	HTd/Pdxcp	015Bm
40	1	5		חָֽטְא֛וּ	2398	HVqp3cp	01YXW
40	1	6		מַשְׁקֵ֥ה	4945 a	HNcmsc	01Fdx
40	1	7		מֶֽלֶךְ	4428	HNcmsc	01RSt
40	1	8		מִצְרַ֖יִם	4714	HNp	01Vt9
40	1	9		וְ/הָ/אֹפֶ֑ה	c/d/644	HC/Td/Vqrmsa	01Pi1
40	1	10		לַ/אֲדֹנֵי/הֶ֖ם	l/113	HR/Ncmpc/Sp3mp	01bh6
40	1	11		לְ/מֶ֥לֶךְ	l/4428	HR/Ncmsc	013y9
40	1	12		מִצְרָֽיִם	4714	HNp	01oVF
40	2	1		וַ/יִּקְצֹ֣ף	c/7107	HC/Vqw3ms	018tt
40	2	2		פַּרְעֹ֔ה	6547	HNp	0196b
40	2	3		עַ֖ל	5921 a	HR	013Sy
40	2	4		שְׁנֵ֣י	8147	HAcmdc	01GNw
40	2	5		סָרִיסָ֑י/ו	5631	HNcmpc/Sp3ms	015qs
40	2	6		עַ֚ל	5921 a	HR	01TKk
40	2	7		שַׂ֣ר	8269	HNcmsc	01UJc
40	2	8		הַ/מַּשְׁקִ֔ים	d/4945 a	HTd/Ncmpa	018cz
40	2	9		וְ/עַ֖ל	c/5921 a	HC/R	012ay
40	2	10		שַׂ֥ר	8269	HNcmsc	01daP
40	2	11		הָ/אוֹפִֽים	d/644	HTd/Vqrmpa	01MpQ
40	3	1		וַ/יִּתֵּ֨ן	c/5414	HC/Vqw3ms	01Vuc
40	3	2		אֹתָ֜/ם	853	HTo/Sp3mp	01BJu
40	3	3		בְּ/מִשְׁמַ֗ר	b/4929	HR/Ncmsc	01E16
40	3	4		בֵּ֛ית	1004 b	HNcmsc	015MB
40	3	5		שַׂ֥ר	8269	HNcmsc	01KKa
40	3	6		הַ/טַבָּחִ֖ים	d/2876	HTd/Ncmpa	01jDt
40	3	7		אֶל	413	HR	01XUJ
40	3	8		בֵּ֣ית	1004 b	HNcmsc	013J4
40	3	9		הַ/סֹּ֑הַר	d/5470	HTd/Ncmsa	01Kde
40	3	10		מְק֕וֹם	4725	HNcmsc	012p5
40	3	11		אֲשֶׁ֥ר	834 a	HTr	01FRa
40	3	12		יוֹסֵ֖ף	3130	HNp	01cVC
40	3	13		אָס֥וּר	631	HVqsmsa	012iV
40	3	14		שָֽׁם	8033	HD	01xpW
40	4	1		וַ֠/יִּפְקֹד	c/6485 a	HC/Vqw3ms	01S89
40	4	2		שַׂ֣ר	8269	HNcmsc	01Nr7
40	4	3		הַ/טַּבָּחִ֧ים	d/2876	HTd/Ncmpa	01xZH
40	4	4		אֶת	853	HTo	01biz
40	4	5		יוֹסֵ֛ף	3130	HNp	01XWT
40	4	6		אִתָּ֖/ם	854	HR/Sp3mp	01JnG
40	4	7		וַ/יְשָׁ֣רֶת	c/8334	HC/Vpw3ms	01Ww5
40	4	8		אֹתָ֑/ם	853	HTo/Sp3mp	01ajf
40	4	9		וַ/יִּהְי֥וּ	c/1961	HC/Vqw3mp	01fUH
40	4	10		יָמִ֖ים	3117	HNcmpa	01X4u
40	4	11		בְּ/מִשְׁמָֽר	b/4929	HR/Ncmsa	01Q9b
40	5	1		וַ/יַּֽחַלְמוּ֩	c/2492 b	HC/Vqw3mp	019av
40	5	2		חֲל֨וֹם	2472	HNcmsa	016NU
40	5	3		שְׁנֵי/הֶ֜ם	8147	HAcmdc/Sp3mp	0164R
40	5	4		אִ֤ישׁ	376	HNcmsa	012db
40	5	5		חֲלֹמ/וֹ֙	2472	HNcmsc/Sp3ms	016C9
40	5	6		בְּ/לַ֣יְלָה	b/3915	HR/Ncmsa	016ne
40	5	7		אֶחָ֔ד	259	HAcmsa	018NZ
40	5	8		אִ֖ישׁ	376	HNcmsa	01Vfv
40	5	9		כְּ/פִתְר֣וֹן	k/6623	HR/Ncmsc	01cNS
40	5	10		חֲלֹמ֑/וֹ	2472	HNcmsc/Sp3ms	01vN2
40	5	11		הַ/מַּשְׁקֶ֣ה	d/4945 a	HTd/Ncmsa	01tBF
40	5	12		וְ/הָ/אֹפֶ֗ה	c/d/644	HC/Td/Vqrmsa	01uU4
40	5	13		אֲשֶׁר֙	834 a	HTr	01RmY
40	5	14		לְ/מֶ֣לֶךְ	l/4428	HR/Ncmsc	01vqH
40	5	15		מִצְרַ֔יִם	4714	HNp	01bL4
40	5	16		אֲשֶׁ֥ר	834 a	HTr	01Wz7
40	5	17		אֲסוּרִ֖ים	631	HVqsmpa	01H8h
40	5	18		בְּ/בֵ֥ית	b/1004 b	HR/Ncmsc	01s4j
40	5	19		הַ/סֹּֽהַר	d/5470	HTd/Ncmsa	018w2
40	6	1		וַ/יָּבֹ֧א	c/935	HC/Vqw3ms	01pQU
40	6	2		אֲלֵי/הֶ֛ם	413	HR/Sp3mp	01e3J
40	6	3		יוֹסֵ֖ף	3130	HNp	01bqc
40	6	4		בַּ/בֹּ֑קֶר	b/1242	HRd/Ncmsa	01A2g
40	6	5		וַ/יַּ֣רְא	c/7200	HC/Vqw3ms	012Hk
40	6	6		אֹתָ֔/ם	853	HTo/Sp3mp	01xrM
40	6	7		וְ/הִנָּ֖/ם	c/2005	HC/Tm/Sp3mp	01dhx
40	6	8		זֹעֲפִֽים	2196	HVqrmpa	01vRK
40	7	1		וַ/יִּשְׁאַ֞ל	c/7592	HC/Vqw3ms	01zrT
40	7	2		אֶת	853	HTo	01gN2
40	7	3		סְרִיסֵ֣י	5631	HNcmpc	018wP
40	7	4		פַרְעֹ֗ה	6547	HNp	01TS4
40	7	5		אֲשֶׁ֨ר	834 a	HTr	017oU
40	7	6		אִתּ֧/וֹ	854	HR/Sp3ms	01rM4
40	7	7		בְ/מִשְׁמַ֛ר	b/4929	HR/Ncmsc	01FSd
40	7	8		בֵּ֥ית	1004 b	HNcmsc	01ffV
40	7	9		אֲדֹנָ֖י/ו	113	HNcmpc/Sp3ms	01qtx
40	7	10		לֵ/אמֹ֑ר	l/559	HR/Vqc	01nV4
40	7	11		מַדּ֛וּעַ	4069	HTi	01s1G
40	7	12		פְּנֵי/כֶ֥ם	6440	HNcbpc/Sp2mp	01Sok
40	7	13		רָעִ֖ים	7451 a	HAampa	01rJ4
40	7	14		הַ/יּֽוֹם	d/3117	HTd/Ncmsa	01BaH
40	8	1		וַ/יֹּאמְר֣וּ	c/559	HC/Vqw3mp	01AP3
40	8	2		אֵלָ֔י/ו	413	HR/Sp3ms	01mjy
40	8	3		חֲל֣וֹם	2472	HNcmsa	01pBZ
40	8	4		חָלַ֔מְנוּ	2492 b	HVqp1cp	016NY
40	8	5		וּ/פֹתֵ֖ר	c/6622	HC/Vqrmsa	01pYK
40	8	6		אֵ֣ין	369	HTn	01yiB
40	8	7		אֹת֑/וֹ	853	HTo/Sp3ms	01kas
40	8	8		וַ/יֹּ֨אמֶר	c/559	HC/Vqw3ms	01QEt
40	8	9		אֲלֵ/הֶ֜ם	413	HR/Sp3mp	01vJc
40	8	10		יוֹסֵ֗ף	3130	HNp	015iz
40	8	11		הֲ/ל֤וֹא	i/3808	HTi/Tn	01cKC
40	8	12		לֵֽ/אלֹהִים֙	l/430	HR/Ncmpa	01AWS
40	8	13		פִּתְרֹנִ֔ים	6623	HNcmpa	018o6
40	8	14		סַפְּרוּ	5608 a	HVpv2mp	01xes
40	8	15		נָ֖א	4994	HTe	01ESH
40	8	16		לִֽ/י	l	HR/Sp1cs	016xR
40	9	1		וַ/יְסַפֵּ֧ר	c/5608 a	HC/Vpw3ms	01bVe
40	9	2		שַֽׂר	8269	HNcmsc	01rML
40	9	3		הַ/מַּשְׁקִ֛ים	d/4945 a	HTd/Ncmpa	01AfT
40	9	4		אֶת	853	HTo	01BJt
40	9	5		חֲלֹמ֖/וֹ	2472	HNcmsc/Sp3ms	01cVR
40	9	6		לְ/יוֹסֵ֑ף	l/3130	HR/Np	01XRW
40	9	7		וַ/יֹּ֣אמֶר	c/559	HC/Vqw3ms	01qLh
40	9	8		ל֔/וֹ	l	HR/Sp3ms	01tmy
40	9	9		בַּ/חֲלוֹמִ֕/י	b/2472	HR/Ncmsc/Sp1cs	01A7i
40	9	10		וְ/הִנֵּה	c/2009	HC/Tm	016rX
40	9	11		גֶ֖פֶן	1612	HNcbsa	01bAz
40	9	12		לְ/פָנָֽ/י	l/6440	HR/Ncbpc/Sp1cs	01ifn
40	10	1		וּ/בַ/גֶּ֖פֶן	c/b/1612	HC/Rd/Ncbsa	01kHu
40	10	2		שְׁלֹשָׁ֣ה	7969	HAcmsa	01qyo
40	10	3		שָׂרִיגִ֑ם	8299	HNcmpa	01fC7
40	10	4		וְ/הִ֤יא	c/1931	HC/Pp3fs	01m9w
40	10	5		כְ/פֹרַ֨חַת֙	k/6524 a	HR/Vqrfsa	01foY
40	10	6		עָלְתָ֣ה	5927	HVqp3fs	01oCz
40	10	7		נִצָּ֔/הּ	5322 a	HNcmsc/Sp3fs	01oxw
40	10	8		הִבְשִׁ֥ילוּ	1310	HVhp3cp	01cW4
40	10	9		אַשְׁכְּלֹתֶ֖י/הָ	811	HNcmpc/Sp3fs	01xNR
40	10	10		עֲנָבִֽים	6025	HNcmpa	01m95
40	11	1		וְ/כ֥וֹס	c/3563 a	HC/Ncfsc	01Zi9
40	11	2		פַּרְעֹ֖ה	6547	HNp	01uzk
40	11	3		בְּ/יָדִ֑/י	b/3027	HR/Ncbsc/Sp1cs	01xFq
40	11	4		וָ/אֶקַּ֣ח	c/3947	HC/Vqw1cs	01Rqx
40	11	5		אֶת	853	HTo	01zzS
40	11	6		הָֽ/עֲנָבִ֗ים	d/6025	HTd/Ncmpa	01xor
40	11	7		וָֽ/אֶשְׂחַ֤ט	c/7818	HC/Vqw1cs	01Pjf
40	11	8		אֹתָ/ם֙	853	HTo/Sp3mp	0143Y
40	11	9		אֶל	413	HR	01j2g
40	11	10		כּ֣וֹס	3563 a	HNcfsc	01jr1
40	11	11		פַּרְעֹ֔ה	6547	HNp	01mzx
40	11	12		וָ/אֶתֵּ֥ן	c/5414	HC/Vqw1cs	0154n
40	11	13		אֶת	853	HTo	01NCY
40	11	14		הַ/כּ֖וֹס	d/3563 a	HTd/Ncfsa	01AEr
40	11	15		עַל	5921 a	HR	01oDm
40	11	16		כַּ֥ף	3709	HNcfsc	014YM
40	11	17		פַּרְעֹֽה	6547	HNp	01i5Q
40	12	1		וַ/יֹּ֤אמֶר	c/559	HC/Vqw3ms	01f5r
40	12	2		ל/וֹ֙	l	HR/Sp3ms	01XBv
40	12	3		יוֹסֵ֔ף	3130	HNp	01oJq
40	12	4		זֶ֖ה	2088	HPdxms	01vFF
40	12	5		פִּתְרֹנ֑/וֹ	6623	HNcmsc/Sp3ms	01DVb
40	12	6		שְׁלֹ֨שֶׁת֙	7969	HAcmsc	017fN
40	12	7		הַ/שָּׂ֣רִגִ֔ים	d/8299	HTd/Ncmpa	01FpH
40	12	8		שְׁלֹ֥שֶׁת	7969	HAcmsc	01G4b
40	12	9		יָמִ֖ים	3117	HNcmpa	01erx
40	12	10		הֵֽם	1992	HPp3mp	01KYF
40	13	1		בְּ/ע֣וֹד	b/5750	HR/D	016Sk
40	13	2		שְׁלֹ֣שֶׁת	7969	HAcmsc	019en
40	13	3		יָמִ֗ים	3117	HNcmpa	01XDT
40	13	4		יִשָּׂ֤א	5375	HVqi3ms	014VX
40	13	5		פַרְעֹה֙	6547	HNp	01oD7
40	13	6		אֶת	853	HTo	01gSE
40	13	7		רֹאשֶׁ֔/ךָ	7218 a	HNcmsc/Sp2ms	01KVm
40	13	8		וַ/הֲשִֽׁיבְ/ךָ֖	c/7725	HC/Vhq3ms/Sp2ms	018yY
40	13	9		עַל	5921 a	HR	01LRA
40	13	10		כַּנֶּ֑/ךָ	3653	HNcmsc/Sp2ms	01Rwc
40	13	11		וְ/נָתַתָּ֤	c/5414	HC/Vqq2ms	013AV
40	13	12		כוֹס	3563 a	HNcfsc	01KKb
40	13	13		פַּרְעֹה֙	6547	HNp	01Hyn
40	13	14		בְּ/יָד֔/וֹ	b/3027	HR/Ncbsc/Sp3ms	01nFR
40	13	15		כַּ/מִּשְׁפָּט֙	k/4941	HRd/Ncmsa	01wB8
40	13	16		הָֽ/רִאשׁ֔וֹן	d/7223	HTd/Aomsa	01tNA
40	13	17		אֲשֶׁ֥ר	834 a	HTr	01ZRL
40	13	18		הָיִ֖יתָ	1961	HVqp2ms	01jaX
40	13	19		מַשְׁקֵֽ/הוּ	4945 a	HNcmsc/Sp3ms	01xew
40	14	1		כִּ֧י	3588 b	HC	01afJ
40	14	2		אִם	518 b	HC	01T16
40	14	3		זְכַרְתַּ֣/נִי	2142	HVqp2ms/Sp1cs	01GRA
40	14	4		אִתְּ/ךָ֗	854	HR/Sp2ms	01576
40	14	5		כַּ/אֲשֶׁר֙	k/834 d	HR/Tr	01oeo
40	14	6		יִ֣יטַב	3190	HVqi3ms	01PNC
40	14	7		לָ֔/ךְ	l	HR/Sp2fs	01Egy
40	14	8		וְ/עָשִֽׂיתָ	c/6213 a	HC/Vqq2ms	01vcc
40	14	9		נָּ֥א	4994	HTj	01Qan
40	14	10		עִמָּדִ֖/י	5978	HR/Sp1cs	01sb8
40	14	11		חָ֑סֶד	2617 a	HNcmsa	01eik
40	14	12		וְ/הִזְכַּרְתַּ֨/נִי֙	c/2142	HC/Vhq2ms/Sp1cs	01e4D
40	14	13		אֶל	413	HR	01SKK
40	14	14		פַּרְעֹ֔ה	6547	HNp	01xY7
40	14	15		וְ/הוֹצֵאתַ֖/נִי	c/3318	HC/Vhq2ms/Sp1cs	01X6H
40	14	16		מִן	4480 a	HR	01vvm
40	14	17		הַ/בַּ֥יִת	d/1004 b	HTd/Ncmsa	01bBd
40	14	18		הַ/זֶּֽה	d/2088	HTd/Pdxms	01n6w
40	15	1		כִּֽי	3588 a	HC	01Mgk
40	15	2		גֻנֹּ֣ב	1589	HVPa	01tB4
40	15	3		גֻּנַּ֔בְתִּי	1589	HVPp1cs	01beK
40	15	4		מֵ/אֶ֖רֶץ	m/776	HR/Ncbsc	01jYo
40	15	5		הָ/עִבְרִ֑ים	d/5680	HTd/Ngmpa	01q68
40	15	6		וְ/גַם	c/1571	HC/Ta	01yUn
40	15	7		פֹּה֙	6311	HD	01ZMh
40	15	8		לֹא	3808	HTn	01Yzr
40	15	9		עָשִׂ֣יתִֽי	6213 a	HVqp1cs	01pPA
40	15	10		מְא֔וּמָה	3972	HNcfsa	01GGx
40	15	11		כִּֽי	3588 a	HC	01LiF
40	15	12		שָׂמ֥וּ	7760 a	HVqp3cp	01wwj
40	15	13		אֹתִ֖/י	853	HTo/Sp1cs	01X8D
40	15	14		בַּ/בּֽוֹר	b/953 a	HRd/Ncmsa	01hgd
40	16	1		וַ/יַּ֥רְא	c/7200	HC/Vqw3ms	01qVq
40	16	2		שַׂר	8269	HNcmsc	01RFD
40	16	3		הָ/אֹפִ֖ים	d/644	HTd/Vqrmpa	01NjP
40	16	4		כִּ֣י	3588 a	HC	01x8o
40	16	5		ט֣וֹב	2896 a	HAamsa	01Xru
40	16	6		פָּתָ֑ר	6622	HVqp3ms	01diM
40	16	7		וַ/יֹּ֨אמֶר֙	c/559	HC/Vqw3ms	017B4
40	16	8		אֶל	413	HR	01rWv
40	16	9		יוֹסֵ֔ף	3130	HNp	01Lfd
40	16	10		אַף	637	HTa	01wDd
40	16	11		אֲנִי֙	589	HPp1cs	01jef
40	16	12		בַּ/חֲלוֹמִ֔/י	b/2472	HR/Ncmsc/Sp1cs	01q11
40	16	13		וְ/הִנֵּ֗ה	c/2009	HC/Tm	017KT
40	16	14		שְׁלֹשָׁ֛ה	7969	HAcmsa	01YSo
40	16	15		סַלֵּ֥י	5536	HNcmpc	01ecH
40	16	16		חֹרִ֖י	2751	HNcmsa	01dcA
40	16	17		עַל	5921 a	HR	01QAU
40	16	18		רֹאשִֽׁ/י	7218 a	HNcmsc/Sp1cs	01h9P
40	17	1		וּ/בַ/סַּ֣ל	c/b/5536	HC/Rd/Ncmsa	01Gdi
40	17	2		הָֽ/עֶלְי֔וֹן	d/5945 a	HTd/Aamsa	01TcG
40	17	3		מִ/כֹּ֛ל	m/3605	HR/Ncmsc	01N3i
40	17	4		מַאֲכַ֥ל	3978	HNcmsc	01WoA
40	17	5		פַּרְעֹ֖ה	6547	HNp	01okz
40	17	6		מַעֲשֵׂ֣ה	4639	HNcmsc	01pkV
40	17	7		אֹפֶ֑ה	644	HVqrmsa	01ooP
40	17	8		וְ/הָ/ע֗וֹף	c/d/5775	HC/Td/Ncmsa	01DFU
40	17	9		אֹכֵ֥ל	398	HVqrmsa	01n2u
40	17	10		אֹתָ֛/ם	853	HTo/Sp3mp	016gN
40	17	11		מִן	4480 a	HR	01Cxs
40	17	12		הַ/סַּ֖ל	d/5536	HTd/Ncmsa	01XKE
40	17	13		מֵ/עַ֥ל	m/5921 a	HR/R	01D4X
40	17	14		רֹאשִֽׁ/י	7218 a	HNcmsc/Sp1cs	01VuS
40	18	1		וַ/יַּ֤עַן	c/6030 b	HC/Vqw3ms	01fnf
40	18	2		יוֹסֵף֙	3130	HNp	01hjn
40	18	3		וַ/יֹּ֔אמֶר	c/559	HC/Vqw3ms	01bRt
40	18	4		זֶ֖ה	2088	HPdxms	01sEe
40	18	5		פִּתְרֹנ֑/וֹ	6623	HNcmsc/Sp3ms	013T4
40	18	6		שְׁלֹ֨שֶׁת֙	7969	HAcmsc	0167b
40	18	7		הַ/סַּלִּ֔ים	d/5536	HTd/Ncmpa	01kvr
40	18	8		שְׁלֹ֥שֶׁת	7969	HAcmsc	018Mk
40	18	9		יָמִ֖ים	3117	HNcmpa	01ias
40	18	10		הֵֽם	1992	HPp3mp	01beY
40	19	1		בְּ/ע֣וֹד	b/5750	HR/D	01RwY
40	19	2		שְׁלֹ֣שֶׁת	7969	HAcmsc	01PyX
40	19	3		יָמִ֗ים	3117	HNcmpa	01KAh
40	19	4		יִשָּׂ֨א	5375	HVqi3ms	01xGp
40	19	5		פַרְעֹ֤ה	6547	HNp	01Rtg
40	19	6		אֶת	853	HTo	01A4t
40	19	7		רֹֽאשְׁ/ךָ֙	7218 a	HNcmsc/Sp2ms	01HKu
40	19	8		מֵֽ/עָלֶ֔י/ךָ	m/5921 a	HR/R/Sp2ms	01qfY
40	19	9		וְ/תָלָ֥ה	c/8518	HC/Vqq3ms	01rPW
40	19	10		אוֹתְ/ךָ֖	853	HTo/Sp2ms	018zE
40	19	11		עַל	5921 a	HR	01SUn
40	19	12		עֵ֑ץ	6086	HNcmsa	01TJZ
40	19	13		וְ/אָכַ֥ל	c/398	HC/Vqq3ms	01kkr
40	19	14		הָ/ע֛וֹף	d/5775	HTd/Ncmsa	01nwo
40	19	15		אֶת	853	HTo	019U8
40	19	16		בְּשָׂרְ/ךָ֖	1320	HNcmsc/Sp2ms	012Tj
40	19	17		מֵ/עָלֶֽי/ךָ	m/5921 a	HR/R/Sp2ms	019iA
40	20	1		וַ/יְהִ֣י	c/1961	HC/Vqw3ms	01aTj
40	20	2		בַּ/יּ֣וֹם	b/3117	HRd/Ncmsa	01cey
40	20	3		הַ/שְּׁלִישִׁ֗י	d/7992	HTd/Aomsa	01W4J
40	20	4		י֚וֹם	3117	HNcmsc	01Rtu
40	20	5		הֻלֶּ֣דֶת	3205	HVHc	01ry2
40	20	6		אֶת	853	HTo	01g6p
40	20	7		פַּרְעֹ֔ה	6547	HNp	017AW
40	20	8		וַ/יַּ֥עַשׂ	c/6213 a	HC/Vqw3ms	019W5
40	20	9		מִשְׁתֶּ֖ה	4960	HNcmsa	01Hk5
40	20	10		לְ/כָל	l/3605	HR/Ncmsc	01UBq
40	20	11		עֲבָדָ֑י/ו	5650	HNcmpc/Sp3ms	01T8V
40	20	12		וַ/יִּשָּׂ֞א	c/5375	HC/Vqw3ms	01Ngs
40	20	13		אֶת	853	HTo	01QKm
40	20	14		רֹ֣אשׁ	7218 a	HNcmsc	01Jxr
40	20	15		שַׂ֣ר	8269	HNcmsc	01d5W
40	20	16		הַ/מַּשְׁקִ֗ים	d/4945 a	HTd/Ncmpa	016hu
40	20	17		וְ/אֶת	c/853	HC/To	01B8T
40	20	18		רֹ֛אשׁ	7218 a	HNcmsc	012fg
40	20	19		שַׂ֥ר	8269	HNcmsc	01Hy4
40	20	20		הָ/אֹפִ֖ים	d/644	HTd/Vqrmpa	016NF
40	20	21		בְּ/ת֥וֹךְ	b/8432	HR/Ncmsc	01AKT
40	20	22		עֲבָדָֽי/ו	5650	HNcmpc/Sp3ms	01oEC
40	21	1		וַ/יָּ֛שֶׁב	c/7725	HC/Vhw3ms	01UNS
40	21	2		אֶת	853	HTo	01Ejm
40	21	3		שַׂ֥ר	8269	HNcmsc	01sQF
40	21	4		הַ/מַּשְׁקִ֖ים	d/4945 a	HTd/Ncmpa	01jer
40	21	5		עַל	5921 a	HR	01prY
40	21	6		מַשְׁקֵ֑/הוּ	4945 a	HNcmsc/Sp3ms	01vD3
40	21	7		וַ/יִּתֵּ֥ן	c/5414	HC/Vqw3ms	01KWp
40	21	8		הַ/כּ֖וֹס	d/3563 a	HTd/Ncfsa	01vAP
40	21	9		עַל	5921 a	HR	01FzF
40	21	10		כַּ֥ף	3709	HNcfsc	01R41
40	21	11		פַּרְעֹֽה	6547	HNp	01g3a
40	22	1		וְ/אֵ֛ת	c/853	HC/To	01Qgn
40	22	2		שַׂ֥ר	8269	HNcmsc	01ksu
40	22	3		הָ/אֹפִ֖ים	d/644	HTd/Vqrmpa	01XE6
40	22	4		תָּלָ֑ה	8518	HVqp3ms	01fZj
40	22	5		כַּ/אֲשֶׁ֥ר	k/834 d	HR/Tr	01tzJ
40	22	6		פָּתַ֛ר	6622	HVqp3ms	01KfA
40	22	7		לָ/הֶ֖ם	l	HR/Sp3mp	01N3h
40	22	8		יוֹסֵֽף	3130	HNp	01fnB
40	23	1		וְ/לֹֽא	c/3808	HC/Tn	01xoy
40	23	2		זָכַ֧ר	2142	HVqp3ms	01gkY
40	23	3		שַֽׂר	8269	HNcmsc	018Mw
40	23	4		הַ/מַּשְׁקִ֛ים	d/4945 a	HTd/Ncmpa	018uJ
40	23	5		אֶת	853	HTo	01QK1
40	23	6		יוֹסֵ֖ף	3130	HNp	01gdD
40	23	7		וַ/יִּשְׁכָּחֵֽ/הוּ	c/7911	HC/Vqw3ms/Sp3ms	016ta
41	1	1		וַ/יְהִ֕י	c/1961	HC/Vqw3ms	0149A
41	1	2		מִ/קֵּ֖ץ	m/7093	HR/Ncmsc	01M3H
41	1	3		שְׁנָתַ֣יִם	8141	HAcfda	01F9Z
41	1	4		יָמִ֑ים	3117	HNcmpa	01UCJ
41	1	5		וּ/פַרְעֹ֣ה	c/6547	HC/Np	01jyx
41	1	6		חֹלֵ֔ם	2492 b	HVqrmsa	01vWE
41	1	7		וְ/הִנֵּ֖ה	c/2009	HC/Tm	014fS
41	1	8		עֹמֵ֥ד	5975	HVqrmsa	01JK4
41	1	9		עַל	5921 a	HR	01A1R
41	1	10		הַ/יְאֹֽר	d/2975	HTd/Np	01mRq
41	2	1		וְ/הִנֵּ֣ה	c/2009	HC/Tm	01jN9
41	2	2		מִן	4480 a	HR	01dxx
41	2	3		הַ/יְאֹ֗ר	d/2975	HTd/Np	018xj
41	2	4		עֹלֹת֙	5927	HVqrfpa	01JSt
41	2	5		שֶׁ֣בַע	7651	HAcfsa	01MFt
41	2	6		פָּר֔וֹת	6510	HNcfpa	01gV5
41	2	7		יְפ֥וֹת	3303	HAafpc	01t71
41	2	8		מַרְאֶ֖ה	4758	HNcmsa	01LMb
41	2	9		וּ/בְרִיאֹ֣ת	c/1277	HC/Aafpc	01tzm
41	2	10		בָּשָׂ֑ר	1320	HNcmsa	01JVJ
41	2	11		וַ/תִּרְעֶ֖ינָה	c/7462 b	HC/Vqw3fp	01WDe
41	2	12		בָּ/אָֽחוּ	b/260	HRd/Ncmsa	01Nxj
41	3	1		וְ/הִנֵּ֞ה	c/2009	HC/Tm	01eJe
41	3	2		שֶׁ֧בַע	7651	HAcfsa	01oVN
41	3	3		פָּר֣וֹת	6510	HNcfpa	01cYX
41	3	4		אֲחֵר֗וֹת	312	HAafpa	01G7G
41	3	5		עֹל֤וֹת	5927	HVqrfpa	01AHe
41	3	6		אַחֲרֵי/הֶן֙	310 a	HR/Sp3fp	01mnS
41	3	7		מִן	4480 a	HR	01q7h
41	3	8		הַ/יְאֹ֔ר	d/2975	HTd/Np	01NuQ
41	3	9		רָע֥וֹת	7451 a	HAafpc	01YTw
41	3	10		מַרְאֶ֖ה	4758	HNcmsa	01GJn
41	3	11		וְ/דַקּ֣וֹת	c/1851	HC/Aafpc	017ge
41	3	12		בָּשָׂ֑ר	1320	HNcmsa	01SWT
41	3	13		וַֽ/תַּעֲמֹ֛דְנָה	c/5975	HC/Vqw3fp	01pEj
41	3	14		אֵ֥צֶל	681	HR	011yT
41	3	15		הַ/פָּר֖וֹת	d/6510	HTd/Ncfpa	01nvN
41	3	16		עַל	5921 a	HR	01jSW
41	3	17		שְׂפַ֥ת	8193	HNcfsc	01CKS
41	3	18		הַ/יְאֹֽר	d/2975	HTd/Np	01Atf
41	4	1		וַ/תֹּאכַ֣לְנָה	c/398	HC/Vqw3fp	01ezf
41	4	2		הַ/פָּר֗וֹת	d/6510	HTd/Ncfpa	01gJy
41	4	3		רָע֤וֹת	7451 a	HAafpc	01Jxz
41	4	4		הַ/מַּרְאֶה֙	d/4758	HTd/Ncmsa	01ZAj
41	4	5		וְ/דַקֹּ֣ת	c/1851	HC/Aafpc	01to1
41	4	6		הַ/בָּשָׂ֔ר	d/1320	HTd/Ncmsa	01YZz
41	4	7		אֵ֚ת	853	HTo	01RDF
41	4	8		שֶׁ֣בַע	7651	HAcfsa	01KWr
41	4	9		הַ/פָּר֔וֹת	d/6510	HTd/Ncfpa	01aKd
41	4	10		יְפֹ֥ת	3303	HAafpc	01YzV
41	4	11		הַ/מַּרְאֶ֖ה	d/4758	HTd/Ncmsa	01LY7
41	4	12		וְ/הַ/בְּרִיאֹ֑ת	c/d/1277	HC/Td/Aafpa	01jqa
41	4	13		וַ/יִּיקַ֖ץ	c/3364	HC/Vqw3ms	01oXH
41	4	14		פַּרְעֹֽה	6547	HNp	01kDv
41	5	1		וַ/יִּישָׁ֕ן	c/3462	HC/Vqw3ms	01j86
41	5	2		וַֽ/יַּחֲלֹ֖ם	c/2492 b	HC/Vqw3ms	01Wm5
41	5	3		שֵׁנִ֑ית	8145	HAofsa	01hVo
41	5	4		וְ/הִנֵּ֣ה	c/2009	HC/Tm	01BdX
41	5	5		שֶׁ֣בַע	7651	HAcfsa	01rDt
41	5	6		שִׁבֳּלִ֗ים	7641 b	HNcfpa	0122s
41	5	7		עֹל֛וֹת	5927	HVqrfpa	01c2A
41	5	8		בְּ/קָנֶ֥ה	b/7070	HR/Ncmsa	01ANL
41	5	9		אֶחָ֖ד	259	HAcmsa	012uj
41	5	10		בְּרִיא֥וֹת	1277	HAafpa	01EfT
41	5	11		וְ/טֹבֽוֹת	c/2896 a	HC/Aafpa	011QV
41	6	1		וְ/הִנֵּה֙	c/2009	HC/Tm	01bVQ
41	6	2		שֶׁ֣בַע	7651	HAcfsa	01hzs
41	6	3		שִׁבֳּלִ֔ים	7641 b	HNcfpa	01iVB
41	6	4		דַּקּ֖וֹת	1851	HAafpa	01DuG
41	6	5		וּ/שְׁדוּפֹ֣ת	c/7710	HC/Vqsfpc	01Xdi
41	6	6		קָדִ֑ים	6921	HNcmsa	01jvw
41	6	7		צֹמְח֖וֹת	6779	HVqrfpa	01wNw
41	6	8		אַחֲרֵי/הֶֽן	310 a	HR/Sp3fp	01WDo
41	7	1		וַ/תִּבְלַ֨עְנָה֙	c/1104	HC/Vqw3fp	01V2x
41	7	2		הַ/שִּׁבֳּלִ֣ים	d/7641 b	HTd/Ncfpa	01FiW
41	7	3		הַ/דַּקּ֔וֹת	d/1851	HTd/Aafpa	01X62
41	7	4		אֵ֚ת	853	HTo	012Yw
41	7	5		שֶׁ֣בַע	7651	HAcfsa	01bGW
41	7	6		הַֽ/שִּׁבֳּלִ֔ים	d/7641 b	HTd/Ncfpa	01Bvi
41	7	7		הַ/בְּרִיא֖וֹת	d/1277	HTd/Aafpa	01boF
41	7	8		וְ/הַ/מְּלֵא֑וֹת	c/d/4392	HC/Td/Aafpa	01DsU
41	7	9		וַ/יִּיקַ֥ץ	c/3364	HC/Vqw3ms	01uDD
41	7	10		פַּרְעֹ֖ה	6547	HNp	01raq
41	7	11		וְ/הִנֵּ֥ה	c/2009	HC/Tm	01Yto
41	7	12		חֲלֽוֹם	2472	HNcmsa	01ww1
41	8	1		וַ/יְהִ֤י	c/1961	HC/Vqw3ms	01T7v
41	8	2		בַ/בֹּ֨קֶר֙	b/1242	HRd/Ncmsa	0168r
41	8	3		וַ/תִּפָּ֣עֶם	c/6470	HC/VNw3fs	01DMt
41	8	4		רוּח֔/וֹ	7307	HNcbsc/Sp3ms	01EMo
41	8	5		וַ/יִּשְׁלַ֗ח	c/7971	HC/Vqw3ms	01nvk
41	8	6		וַ/יִּקְרָ֛א	c/7121	HC/Vqw3ms	01Fy3
41	8	7		אֶת	853	HTo	016LM
41	8	8		כָּל	3605	HNcmsc	019Rx
41	8	9		חַרְטֻמֵּ֥י	2748	HNcmpc	01FQe
41	8	10		מִצְרַ֖יִם	4714	HNp	01ZBK
41	8	11		וְ/אֶת	c/853	HC/To	01EPj
41	8	12		כָּל	3605	HNcmsc	01xwb
41	8	13		חֲכָמֶ֑י/הָ	2450	HAampc/Sp3fs	01NFL
41	8	14		וַ/יְסַפֵּ֨ר	c/5608 a	HC/Vpw3ms	01MwK
41	8	15		פַּרְעֹ֤ה	6547	HNp	01aPh
41	8	16		לָ/הֶם֙	l	HR/Sp3mp	01TQg
41	8	17		אֶת	853	HTo	01SWH
41	8	18		חֲלֹמ֔/וֹ	2472	HNcmsc/Sp3ms	0149k
41	8	19		וְ/אֵין	c/369	HC/Tn	01Dj9
41	8	20		פּוֹתֵ֥ר	6622	HVqrmsa	01jmM
41	8	21		אוֹתָ֖/ם	853	HTo/Sp3mp	01SaG
41	8	22		לְ/פַרְעֹֽה	l/6547	HR/Np	01KsK
41	9	1		וַ/יְדַבֵּר֙	c/1696	HC/Vpw3ms	01wyq
41	9	2		שַׂ֣ר	8269	HNcmsc	01ifz
41	9	3		הַ/מַּשְׁקִ֔ים	d/4945 a	HTd/Ncmpa	01hYw
41	9	4		אֶת	854	HR	01fPx
41	9	5		פַּרְעֹ֖ה	6547	HNp	01UoH
41	9	6		לֵ/אמֹ֑ר	l/559	HR/Vqc	01x6g
41	9	7		אֶת	853	HTo	01Mwv
41	9	8		חֲטָאַ֕/י	2399	HNcmpc/Sp1cs	01DfV
41	9	9		אֲנִ֖י	589	HPp1cs	012Lg
41	9	10		מַזְכִּ֥יר	2142	HVhrmsa	01CYE
41	9	11		הַ/יּֽוֹם	d/3117	HTd/Ncmsa	01FUJ
41	10	1		פַּרְעֹ֖ה	6547	HNp	01pCg
41	10	2		קָצַ֣ף	7107	HVqp3ms	01wTv
41	10	3		עַל	5921 a	HR	01rrD
41	10	4		עֲבָדָ֑י/ו	5650	HNcmpc/Sp3ms	011fi
41	10	5		וַ/יִּתֵּ֨ן	c/5414	HC/Vqw3ms	01i6h
41	10	6		אֹתִ֜/י	853	HTo/Sp1cs	01rx5
41	10	7		בְּ/מִשְׁמַ֗ר	b/4929	HR/Ncmsc	01sM6
41	10	8		בֵּ֚ית	1004 b	HNcmsc	01S8u
41	10	9		שַׂ֣ר	8269	HNcmsc	01kJQ
41	10	10		הַ/טַּבָּחִ֔ים	d/2876	HTd/Ncmpa	01N49
41	10	11		אֹתִ֕/י	853	HTo/Sp1cs	01sA9
41	10	12		וְ/אֵ֖ת	c/853	HC/To	015Zr
41	10	13		שַׂ֥ר	8269	HNcmsc	01G7d
41	10	14		הָ/אֹפִֽים	d/644	HTd/Vqrmpa	01LHt
41	11	1		וַ/נַּֽחַלְמָ֥/ה	c/2492 b	HC/Vqw1cp/Sh	016tD
41	11	2		חֲל֛וֹם	2472	HNcmsa	01BiB
41	11	3		בְּ/לַ֥יְלָה	b/3915	HR/Ncmsa	01DWx
41	11	4		אֶחָ֖ד	259	HAcmsa	01wSi
41	11	5		אֲנִ֣י	589	HPp1cs	01DD9
41	11	6		וָ/ה֑וּא	c/1931	HC/Pp3ms	01sJ1
41	11	7		אִ֛ישׁ	376	HNcmsa	018rd
41	11	8		כְּ/פִתְר֥וֹן	k/6623	HR/Ncmsc	01FsK
41	11	9		חֲלֹמ֖/וֹ	2472	HNcmsc/Sp3ms	01LR8
41	11	10		חָלָֽמְנוּ	2492 b	HVqp1cp	01FbJ
41	12	1		וְ/שָׁ֨ם	c/8033	HC/D	01edm
41	12	2		אִתָּ֜/נוּ	854	HR/Sp1cp	01EFj
41	12	3		נַ֣עַר	5288	HNcmsa	01Svv
41	12	4		עִבְרִ֗י	5680	HNgmsa	01h5k
41	12	5		עֶ֚בֶד	5650	HNcmsa	01bP2
41	12	6		לְ/שַׂ֣ר	l/8269	HR/Ncmsc	01Jzq
41	12	7		הַ/טַּבָּחִ֔ים	d/2876	HTd/Ncmpa	01fho
41	12	8		וַ/נְּ֨סַפֶּר	c/5608 a	HC/Vpw1cp	01kct
41	12	9		ל֔/וֹ	l	HR/Sp3ms	01MVN
41	12	10		וַ/יִּפְתָּר	c/6622	HC/Vqw3ms	01tsS
41	12	11		לָ֖/נוּ	l	HR/Sp1cp	01XQS
41	12	12		אֶת	853	HTo	01HC6
41	12	13		חֲלֹמֹתֵ֑י/נוּ	2472	HNcmpc/Sp1cp	01ssL
41	12	14		אִ֥ישׁ	376	HNcmsa	01gg2
41	12	15		כַּ/חֲלֹמ֖/וֹ	k/2472	HR/Ncmsc/Sp3ms	013Cd
41	12	16		פָּתָֽר	6622	HVqp3ms	01GyR
41	13	1		וַ/יְהִ֛י	c/1961	HC/Vqw3ms	01Jyx
41	13	2		כַּ/אֲשֶׁ֥ר	k/834 d	HR/Tr	01uM4
41	13	3		פָּֽתַר	6622	HVqp3ms	01BYP
41	13	4		לָ֖/נוּ	l	HR/Sp1cp	01ASp
41	13	5		כֵּ֣ן	3651 c	HTm	01P6o
41	13	6		הָיָ֑ה	1961	HVqp3ms	01yXP
41	13	7		אֹתִ֛/י	853	HTo/Sp1cs	01Mth
41	13	8		הֵשִׁ֥יב	7725	HVhp3ms	01JVp
41	13	9		עַל	5921 a	HR	01us2
41	13	10		כַּנִּ֖/י	3653	HNcmsc/Sp1cs	01Rcj
41	13	11		וְ/אֹת֥/וֹ	c/853	HC/To/Sp3ms	01AVc
41	13	12		תָלָֽה	8518	HVqp3ms	01wvB
41	14	1		וַ/יִּשְׁלַ֤ח	c/7971	HC/Vqw3ms	011RF
41	14	2		פַּרְעֹה֙	6547	HNp	01Jn6
41	14	3		וַ/יִּקְרָ֣א	c/7121	HC/Vqw3ms	01s1f
41	14	4		אֶת	853	HTo	01EBi
41	14	5		יוֹסֵ֔ף	3130	HNp	01NJP
41	14	6		וַ/יְרִיצֻ֖/הוּ	c/7323	HC/Vhw3mp/Sp3ms	01DZ5
41	14	7		מִן	4480 a	HR	01rNm
41	14	8		הַ/בּ֑וֹר	d/953 a	HTd/Ncmsa	01Qv3
41	14	9		וַ/יְגַלַּח֙	c/1548	HC/Vpw3ms	01ieU
41	14	10		וַ/יְחַלֵּ֣ף	c/2498	HC/Vpw3ms	01Ygp
41	14	11		שִׂמְלֹתָ֔י/ו	8071	HNcfpc/Sp3ms	01wxi
41	14	12		וַ/יָּבֹ֖א	c/935	HC/Vqw3ms	015TT
41	14	13		אֶל	413	HR	01K6E
41	14	14		פַּרְעֹֽה	6547	HNp	01fnR
41	15	1		וַ/יֹּ֤אמֶר	c/559	HC/Vqw3ms	01V5k
41	15	2		פַּרְעֹה֙	6547	HNp	01qHn
41	15	3		אֶל	413	HR	01idM
41	15	4		יוֹסֵ֔ף	3130	HNp	01YxY
41	15	5		חֲל֣וֹם	2472	HNcmsa	016md
41	15	6		חָלַ֔מְתִּי	2492 b	HVqp1cs	01mav
41	15	7		וּ/פֹתֵ֖ר	c/6622	HC/Vqrmsa	01g3E
41	15	8		אֵ֣ין	369	HTn	01Ywu
41	15	9		אֹת֑/וֹ	853	HTo/Sp3ms	01y6M
41	15	10		וַ/אֲנִ֗י	c/589	HC/Pp1cs	01wW9
41	15	11		שָׁמַ֤עְתִּי	8085	HVqp1cs	01yWr
41	15	12		עָלֶ֨י/ךָ֙	5921 a	HR/Sp2ms	013Eu
41	15	13		לֵ/אמֹ֔ר	l/559	HR/Vqc	01hne
41	15	14		תִּשְׁמַ֥ע	8085	HVqi2ms	01UJ1
41	15	15		חֲל֖וֹם	2472	HNcmsa	01MJK
41	15	16		לִ/פְתֹּ֥ר	l/6622	HR/Vqc	01FNx
41	15	17		אֹתֽ/וֹ	853	HTo/Sp3ms	01FK1
41	16	1		וַ/יַּ֨עַן	c/6030 b	HC/Vqw3ms	01c74
41	16	2		יוֹסֵ֧ף	3130	HNp	01j4r
41	16	3		אֶת	853	HTo	01o91
41	16	4		פַּרְעֹ֛ה	6547	HNp	01VJT
41	16	5		לֵ/אמֹ֖ר	l/559	HR/Vqc	01Fx7
41	16	6		בִּלְעָדָ֑/י	1107	HR/Sp1cs	01oKn
41	16	7		אֱלֹהִ֕ים	430	HNcmpa	01kyR
41	16	8		יַעֲנֶ֖ה	6030 b	HVqi3ms	01f2L
41	16	9		אֶת	853	HTo	01Auo
41	16	10		שְׁל֥וֹם	7965	HNcmsc	01sGh
41	16	11		פַּרְעֹֽה	6547	HNp	01d7e
41	17	1		וַ/יְדַבֵּ֥ר	c/1696	HC/Vpw3ms	01fjT
41	17	2		פַּרְעֹ֖ה	6547	HNp	01zLC
41	17	3		אֶל	413	HR	01kbz
41	17	4		יוֹסֵ֑ף	3130	HNp	01eXX
41	17	5		בַּ/חֲלֹמִ֕/י	b/2472	HR/Ncmsc/Sp1cs	01EEg
41	17	6		הִנְ/נִ֥י	2005	HTm/Sp1cs	01cBm
41	17	7		עֹמֵ֖ד	5975	HVqrmsa	01PcD
41	17	8		עַל	5921 a	HR	01rHb
41	17	9		שְׂפַ֥ת	8193	HNcfsc	01Ync
41	17	10		הַ/יְאֹֽר	d/2975	HTd/Np	01qYC
41	18	1		וְ/הִנֵּ֣ה	c/2009	HC/Tm	01uB5
41	18	2		מִן	4480 a	HR	01Joc
41	18	3		הַ/יְאֹ֗ר	d/2975	HTd/Np	011Mw
41	18	4		עֹלֹת֙	5927	HVqrfpa	01Azg
41	18	5		שֶׁ֣בַע	7651	HAcfsa	01N96
41	18	6		פָּר֔וֹת	6510	HNcfpa	01qwY
41	18	7		בְּרִיא֥וֹת	1277	HAafpc	01zCt
41	18	8		בָּשָׂ֖ר	1320	HNcmsa	01KuV
41	18	9		וִ/יפֹ֣ת	c/3303	HC/Aafpc	014vw
41	18	10		תֹּ֑אַר	8389	HNcmsa	01ZuF
41	18	11		וַ/תִּרְעֶ֖ינָה	c/7462 b	HC/Vqw3fp	01Ru4
41	18	12		בָּ/אָֽחוּ	b/260	HRd/Ncmsa	0114h
41	19	1		וְ/הִנֵּ֞ה	c/2009	HC/Tm	01n3W
41	19	2		שֶֽׁבַע	7651	HAcfsa	01Ywi
41	19	3		פָּר֤וֹת	6510	HNcfpa	01PHy
41	19	4		אֲחֵרוֹת֙	312	HAafpa	01utA
41	19	5		עֹל֣וֹת	5927	HVqrfpa	01hmg
41	19	6		אַחֲרֵי/הֶ֔ן	310 a	HR/Sp3fp	01cMR
41	19	7		דַּלּ֨וֹת	1803 b	HAafpa	016WU
41	19	8		וְ/רָע֥וֹת	c/7451 a	HC/Aafpc	01gFR
41	19	9		תֹּ֛אַר	8389	HNcmsa	01xsA
41	19	10		מְאֹ֖ד	3966	HD	01uPT
41	19	11		וְ/רַקּ֣וֹת	c/7534	HC/Aafpc	019vJ
41	19	12		בָּשָׂ֑ר	1320	HNcmsa	01T6b
41	19	13		לֹֽא	3808	HTn	01QgU
41	19	14		רָאִ֧יתִי	7200	HVqp1cs	01MkT
41	19	15		כָ/הֵ֛נָּה	k/2007	HR/Pp3fp	01sir
41	19	16		בְּ/כָל	b/3605	HR/Ncmsc	01jh2
41	19	17		אֶ֥רֶץ	776	HNcbsc	01yic
41	19	18		מִצְרַ֖יִם	4714	HNp	01bkQ
41	19	19		לָ/רֹֽעַ	l/7455	HRd/Ncmsa	016Ac
41	20	1		וַ/תֹּאכַ֨לְנָה֙	c/398	HC/Vqw3fp	018G3
41	20	2		הַ/פָּר֔וֹת	d/6510	HTd/Ncfpa	01Kcf
41	20	3		הָ/רַקּ֖וֹת	d/7534	HTd/Aafpa	014Rj
41	20	4		וְ/הָ/רָע֑וֹת	c/d/7451 a	HC/Td/Aafpa	01XoM
41	20	5		אֵ֣ת	853	HTo	01bkc
41	20	6		שֶׁ֧בַע	7651	HAcfsa	01ohT
41	20	7		הַ/פָּר֛וֹת	d/6510	HTd/Ncfpa	013hh
41	20	8		הָ/רִאשֹׁנ֖וֹת	d/7223	HTd/Aafpa	01xm6
41	20	9		הַ/בְּרִיאֹֽת	d/1277	HTd/Aafpa	01ypR
41	21	1		וַ/תָּבֹ֣אנָה	c/935	HC/Vqw3fp	01qMe
41	21	2		אֶל	413	HR	01UTr
41	21	3		קִרְבֶּ֗/נָה	7130	HNcmsc/Sp3fp	01jHz
41	21	4		וְ/לֹ֤א	c/3808	HC/Tn	01yXz
41	21	5		נוֹדַע֙	3045	HVNp3ms	01AYG
41	21	6		כִּי	3588 a	HC	01oqQ
41	21	7		בָ֣אוּ	935	HVqp3cp	01Fb1
41	21	8		אֶל	413	HR	014Nt
41	21	9		קִרְבֶּ֔/נָה	7130	HNcmsc/Sp3fp	01mFb
41	21	10		וּ/מַרְאֵי/הֶ֣ן	c/4758	HC/Ncmsc/Sp3fp	01JvW
41	21	11		רַ֔ע	7451 a	HAamsa	012BU
41	21	12		כַּ/אֲשֶׁ֖ר	k/834 d	HR/Tr	01tLi
41	21	13		בַּ/תְּחִלָּ֑ה	b/8462	HRd/Ncfsa	014rf
41	21	14		וָ/אִיקָֽץ	c/3364	HC/Vqw1cs	018d5
41	22	1		וָ/אֵ֖רֶא	c/7200	HC/Vqw1cs	01VwN
41	22	2		בַּ/חֲלֹמִ֑/י	b/2472	HR/Ncmsc/Sp1cs	01G7x
41	22	3		וְ/הִנֵּ֣ה	c/2009	HC/Tm	01uTm
41	22	4		שֶׁ֣בַע	7651	HAcfsa	01HEn
41	22	5		שִׁבֳּלִ֗ים	7641 b	HNcfpa	01Aha
41	22	6		עֹלֹ֛ת	5927	HVqrfpa	01iKt
41	22	7		בְּ/קָנֶ֥ה	b/7070	HR/Ncmsa	01eax
41	22	8		אֶחָ֖ד	259	HAcmsa	01XbB
41	22	9		מְלֵאֹ֥ת	4392	HAafpa	017L6
41	22	10		וְ/טֹבֽוֹת	c/2896 a	HC/Aafpa	01Ai1
41	23	1		וְ/הִנֵּה֙	c/2009	HC/Tm	01Zyv
41	23	2		שֶׁ֣בַע	7651	HAcfsa	01JrS
41	23	3		שִׁבֳּלִ֔ים	7641 b	HNcfpa	01B2W
41	23	4		צְנֻמ֥וֹת	6798	HVqsfpa	01NgW
41	23	5		דַּקּ֖וֹת	1851	HAafpa	01sv6
41	23	6		שְׁדֻפ֣וֹת	7710	HVqsfpc	01PAa
41	23	7		קָדִ֑ים	6921	HNcmsa	01dqB
41	23	8		צֹמְח֖וֹת	6779	HVqrfpa	01Fs9
41	23	9		אַחֲרֵי/הֶֽם	310 a	HR/Sp3mp	01KKd
41	24	1		וַ/תִּבְלַ֨עְןָ֙	c/1104	HC/Vqw3fp	01Eg4
41	24	2		הָ/שִׁבֳּלִ֣ים	d/7641 b	HTd/Ncfpa	01QMW
41	24	3		הַ/דַּקֹּ֔ת	d/1851	HTd/Aafpa	01pgQ
41	24	4		אֵ֛ת	853	HTo	01hCj
41	24	5		שֶׁ֥בַע	7651	HAcfsa	01PoM
41	24	6		הַֽ/שִׁבֳּלִ֖ים	d/7641 b	HTd/Ncfpa	01MpW
41	24	7		הַ/טֹּב֑וֹת	d/2896 a	HTd/Aafpa	01cgN
41	24	8		וָֽ/אֹמַר֙	c/559	HC/Vqw1cs	017tw
41	24	9		אֶל	413	HR	01uhB
41	24	10		הַֽ/חַרְטֻמִּ֔ים	d/2748	HTd/Ncmpa	013Sd
41	24	11		וְ/אֵ֥ין	c/369	HC/Tn	01LAG
41	24	12		מַגִּ֖יד	5046	HVhrmsa	01unp
41	24	13		לִֽ/י	l	HR/Sp1cs	011FY
41	25	1		וַ/יֹּ֤אמֶר	c/559	HC/Vqw3ms	01Z9n
41	25	2		יוֹסֵף֙	3130	HNp	0111e
41	25	3		אֶל	413	HR	01JpF
41	25	4		פַּרְעֹ֔ה	6547	HNp	01Fk3
41	25	5		חֲל֥וֹם	2472	HNcmsc	011b5
41	25	6		פַּרְעֹ֖ה	6547	HNp	01j6c
41	25	7		אֶחָ֣ד	259	HAcmsa	01CyX
41	25	8		ה֑וּא	1931	HPp3ms	013Af
41	25	9		אֵ֣ת	853	HTo	01iBB
41	25	10		אֲשֶׁ֧ר	834 a	HTr	018Zw
41	25	11		הָ/אֱלֹהִ֛ים	d/430	HTd/Ncmpa	01b3J
41	25	12		עֹשֶׂ֖ה	6213 a	HVqrmsa	01Fzd
41	25	13		הִגִּ֥יד	5046	HVhp3ms	01FxR
41	25	14		לְ/פַרְעֹֽה	l/6547	HR/Np	01xFf
41	26	1		שֶׁ֧בַע	7651	HAcfsa	01jf6
41	26	2		פָּרֹ֣ת	6510	HNcfpa	01ghC
41	26	3		הַ/טֹּבֹ֗ת	d/2896 a	HTd/Aafpa	01c8g
41	26	4		שֶׁ֤בַע	7651	HAcfsa	01cGr
41	26	5		שָׁנִים֙	8141	HNcfpa	01K25
41	26	6		הֵ֔נָּה	2007	HPp3fp	01Rnh
41	26	7		וְ/שֶׁ֤בַע	c/7651	HC/Acfsa	01UeQ
41	26	8		הַֽ/שִּׁבֳּלִים֙	d/7641 b	HTd/Ncfpa	014dV
41	26	9		הַ/טֹּבֹ֔ת	d/2896 a	HTd/Aafpa	01Mae
41	26	10		שֶׁ֥בַע	7651	HAcfsa	01Zhj
41	26	11		שָׁנִ֖ים	8141	HNcfpa	01hU5
41	26	12		הֵ֑נָּה	2007	HPp3fp	01QdV
41	26	13		חֲל֖וֹם	2472	HNcmsa	01A43
41	26	14		אֶחָ֥ד	259	HAcmsa	01QFU
41	26	15		הֽוּא	1931	HPp3ms	01yfk
41	27	1		וְ/שֶׁ֣בַע	c/7651	HC/Acfsa	01yGf
41	27	2		הַ֠/פָּרוֹת	d/6510	HTd/Ncfpa	01EVL
41	27	3		הָֽ/רַקּ֨וֹת	d/7534	HTd/Aafpa	01zLT
41	27	4		וְ/הָ/רָעֹ֜ת	c/d/7451 a	HC/Td/Aafpa	01LU7
41	27	5		הָ/עֹלֹ֣ת	d/5927	HTd/Vqrfpa	01Cia
41	27	6		אַחֲרֵי/הֶ֗ן	310 a	HR/Sp3fp	01e3H
41	27	7		שֶׁ֤בַע	7651	HAcfsa	01ENH
41	27	8		שָׁנִים֙	8141	HNcfpa	01dGX
41	27	9		הֵ֔נָּה	2007	HPp3fp	0196o
41	27	10		וְ/שֶׁ֤בַע	c/7651	HC/Acfsa	01MAE
41	27	11		הַֽ/שִׁבֳּלִים֙	d/7641 b	HTd/Ncfpa	01i5X
41	27	12		הָ/רֵק֔וֹת	d/7386	HTd/Aafpa	01gGR
41	27	13		שְׁדֻפ֖וֹת	7710	HVqsfpc	01kb7
41	27	14		הַ/קָּדִ֑ים	d/6921	HTd/Ncmsa	014jh
41	27	15		יִהְי֕וּ	1961	HVqi3mp	01Gjr
41	27	16		שֶׁ֖בַע	7651	HAcfsa	01Hxk
41	27	17		שְׁנֵ֥י	8141	HAcmdc	01rSh
41	27	18		רָעָֽב	7458	HNcmsa	01Ssm
41	28	1		ה֣וּא	1931	HPp3ms	019Y3
41	28	2		הַ/דָּבָ֔ר	d/1697	HTd/Ncmsa	017Hx
41	28	3		אֲשֶׁ֥ר	834 a	HTr	01afE
41	28	4		דִּבַּ֖רְתִּי	1696	HVpp1cs	01LvU
41	28	5		אֶל	413	HR	01KLw
41	28	6		פַּרְעֹ֑ה	6547	HNp	01U2f
41	28	7		אֲשֶׁ֧ר	834 a	HTr	01RDW
41	28	8		הָ/אֱלֹהִ֛ים	d/430	HTd/Ncmpa	013xV
41	28	9		עֹשֶׂ֖ה	6213 a	HVqrmsa	01S1J
41	28	10		הֶרְאָ֥ה	7200	HVhp3ms	01WZc
41	28	11		אֶת	853	HTo	01Kv8
41	28	12		פַּרְעֹֽה	6547	HNp	018ax
41	29	1		הִנֵּ֛ה	2009	HTm	01eHj
41	29	2		שֶׁ֥בַע	7651	HAcfsa	01jMU
41	29	3		שָׁנִ֖ים	8141	HNcfpa	01H32
41	29	4		בָּא֑וֹת	935	HVqrfpa	01U8S
41	29	5		שָׂבָ֥ע	7647	HNcmsa	01AJv
41	29	6		גָּד֖וֹל	1419 a	HAamsa	01fiP
41	29	7		בְּ/כָל	b/3605	HR/Ncmsc	01yrd
41	29	8		אֶ֥רֶץ	776	HNcbsc	01k1m
41	29	9		מִצְרָֽיִם	4714	HNp	01AHw
41	30	1		וְ֠/קָמוּ	c/6965 b	HC/Vqq3cp	01iBX
41	30	2		שֶׁ֜בַע	7651	HAcfsa	01WYb
41	30	3		שְׁנֵ֤י	8141	HAcmdc	01jVt
41	30	4		רָעָב֙	7458	HNcmsa	01kwQ
41	30	5		אַחֲרֵי/הֶ֔ן	310 a	HR/Sp3fp	01Bvv
41	30	6		וְ/נִשְׁכַּ֥ח	c/7911	HC/VNq3ms	01JbA
41	30	7		כָּל	3605	HNcmsc	01zui
41	30	8		הַ/שָּׂבָ֖ע	d/7647	HTd/Ncmsa	01so9
41	30	9		בְּ/אֶ֣רֶץ	b/776	HR/Ncbsc	01HSF
41	30	10		מִצְרָ֑יִם	4714	HNp	01JpP
41	30	11		וְ/כִלָּ֥ה	c/3615	HC/Vpq3ms	01g4K
41	30	12		הָ/רָעָ֖ב	d/7458	HTd/Ncmsa	01JXi
41	30	13		אֶת	853	HTo	017Ka
41	30	14		הָ/אָֽרֶץ	d/776	HTd/Ncbsa	01x3g
41	31	1		וְ/לֹֽא	c/3808	HC/Tn	01GG1
41	31	2		יִוָּדַ֤ע	3045	HVNi3ms	01nft
41	31	3		הַ/שָּׂבָע֙	d/7647	HTd/Ncmsa	01U8T
41	31	4		בָּ/אָ֔רֶץ	b/776	HRd/Ncbsa	0173q
41	31	5		מִ/פְּנֵ֛י	m/6440	HR/Ncbpc	01MAR
41	31	6		הָ/רָעָ֥ב	d/7458	HTd/Ncmsa	01s9T
41	31	7		הַ/ה֖וּא	d/1931	HTd/Pp3ms	01H2H
41	31	8		אַחֲרֵי	310 a	HR	0131D
41	31	9		כֵ֑ן	3651 c	HD	01LAW
41	31	10		כִּֽי	3588 a	HC	01WNd
41	31	11		כָבֵ֥ד	3515	HAamsa	01SMX
41	31	12		ה֖וּא	1931	HPp3ms	01V6d
41	31	13		מְאֹֽד	3966	HD	01K2r
41	32	1		וְ/עַ֨ל	c/5921 a	HC/R	01gkF
41	32	2		הִשָּׁנ֧וֹת	8138 b	HVNc	01krT
41	32	3		הַ/חֲל֛וֹם	d/2472	HTd/Ncmsa	01Bh7
41	32	4		אֶל	413	HR	01maL
41	32	5		פַּרְעֹ֖ה	6547	HNp	01My5
41	32	6		פַּעֲמָ֑יִם	6471	HNcfda	017Ux
41	32	7		כִּֽי	3588 a	HC	01KFD
41	32	8		נָכ֤וֹן	3559 a	HVNrmsa	01KDA
41	32	9		הַ/דָּבָר֙	d/1697	HTd/Ncmsa	01RvZ
41	32	10		מֵ/עִ֣ם	m/5973 b	HR/R	01qQu
41	32	11		הָ/אֱלֹהִ֔ים	d/430	HTd/Ncmpa	01rXe
41	32	12		וּ/מְמַהֵ֥ר	c/4116 a	HC/Vprmsa	01owz
41	32	13		הָ/אֱלֹהִ֖ים	d/430	HTd/Ncmpa	01tct
41	32	14		לַ/עֲשֹׂתֽ/וֹ	l/6213 a	HR/Vqc/Sp3ms	01QRV
41	33	1		וְ/עַתָּה֙	c/6258	HC/D	019Tk
41	33	2		יֵרֶ֣א	7200	HVqj3ms	01dTs
41	33	3		פַרְעֹ֔ה	6547	HNp	01yuh
41	33	4		אִ֖ישׁ	376	HNcmsa	01zs3
41	33	5		נָב֣וֹן	995	HVNrmsa	01PSv
41	33	6		וְ/חָכָ֑ם	c/2450	HC/Aamsa	01kMw
41	33	7		וִ/ישִׁיתֵ֖/הוּ	c/7896	HC/Vqj3ms/Sp3ms	01jdT
41	33	8		עַל	5921 a	HR	016b9
41	33	9		אֶ֥רֶץ	776	HNcbsc	01a2w
41	33	10		מִצְרָֽיִם	4714	HNp	017DK
41	34	1		יַעֲשֶׂ֣ה	6213 a	HVqi3ms	016wW
41	34	2		פַרְעֹ֔ה	6547	HNp	01XZK
41	34	3		וְ/יַפְקֵ֥ד	c/6485 a	HC/Vhj3ms	017ch
41	34	4		פְּקִדִ֖ים	6496	HNcmpa	01bKC
41	34	5		עַל	5921 a	HR	01PQa
41	34	6		הָ/אָ֑רֶץ	d/776	HTd/Ncbsa	01SUm
41	34	7		וְ/חִמֵּשׁ֙	c/2567	HC/Vpq3ms	01DxH
41	34	8		אֶת	853	HTo	01dzM
41	34	9		אֶ֣רֶץ	776	HNcbsc	01ccT
41	34	10		מִצְרַ֔יִם	4714	HNp	01XmQ
41	34	11		בְּ/שֶׁ֖בַע	b/7651	HR/Acfsa	01nko
41	34	12		שְׁנֵ֥י	8141	HAcmdc	01mw9
41	34	13		הַ/שָּׂבָֽע	d/7647	HTd/Ncmsa	01zrL
41	35	1		וְ/יִקְבְּצ֗וּ	c/6908	HC/Vqi3mp	01RPg
41	35	2		אֶת	853	HTo	01C5X
41	35	3		כָּל	3605	HNcmsc	01XWz
41	35	4		אֹ֨כֶל֙	400	HNcmsc	01vAZ
41	35	5		הַ/שָּׁנִ֣ים	d/8141	HTd/Ncfpa	01Aaq
41	35	6		הַ/טֹּבֹ֔ת	d/2896 a	HTd/Aafpa	01zPf
41	35	7		הַ/בָּאֹ֖ת	d/935	HTd/Vqrfpa	01716
41	35	8		הָ/אֵ֑לֶּה	d/428	HTd/Pdxcp	01GTt
41	35	9		וְ/יִצְבְּרוּ	c/6651	HC/Vqi3mp	01vDu
41	35	10		בָ֞ר	1250 a	HNcmsa	01sGC
41	35	11		תַּ֧חַת	8478	HR	01NKZ
41	35	12		יַד	3027	HNcbsc	01wf6
41	35	13		פַּרְעֹ֛ה	6547	HNp	01imb
41	35	14		אֹ֥כֶל	400	HNcmsa	01q8H
41	35	15		בֶּ/עָרִ֖ים	b/5892 b	HRd/Ncfpa	01A9u
41	35	16		וְ/שָׁמָֽרוּ	c/8104	HC/Vqq3cp	01Ttd
41	36	1		וְ/הָיָ֨ה	c/1961	HC/Vqq3ms	014Pg
41	36	2		הָ/אֹ֤כֶל	d/400	HTd/Ncmsa	01THX
41	36	3		לְ/פִקָּדוֹן֙	l/6487	HR/Ncmsa	01kFz
41	36	4		לָ/אָ֔רֶץ	l/776	HRd/Ncbsa	01WVg
41	36	5		לְ/שֶׁ֨בַע֙	l/7651	HR/Acfsa	01eP8
41	36	6		שְׁנֵ֣י	8141	HAcmdc	01HGW
41	36	7		הָ/רָעָ֔ב	d/7458	HTd/Ncmsa	01bie
41	36	8		אֲשֶׁ֥ר	834 a	HTr	01Ape
41	36	9		תִּהְיֶ֖יןָ	1961	HVqi3fp	01yb6
41	36	10		בְּ/אֶ֣רֶץ	b/776	HR/Ncbsc	01jGr
41	36	11		מִצְרָ֑יִם	4714	HNp	01uiJ
41	36	12		וְ/לֹֽא	c/3808	HC/Tn	01p4Z
41	36	13		תִכָּרֵ֥ת	3772	HVNi3fs	014vu
41	36	14		הָ/אָ֖רֶץ	d/776	HTd/Ncbsa	01fyN
41	36	15		בָּ/רָעָֽב	b/7458	HRd/Ncmsa	01hxG
41	37	1		וַ/יִּיטַ֥ב	c/3190	HC/Vqw3ms	011C4
41	37	2		הַ/דָּבָ֖ר	d/1697	HTd/Ncmsa	014x9
41	37	3		בְּ/עֵינֵ֣י	b/5869 a	HR/Ncbdc	01EZL
41	37	4		פַרְעֹ֑ה	6547	HNp	01mfw
41	37	5		וּ/בְ/עֵינֵ֖י	c/b/5869 a	HC/R/Ncbdc	01dZ6
41	37	6		כָּל	3605	HNcmsc	01Tb3
41	37	7		עֲבָדָֽי/ו	5650	HNcmpc/Sp3ms	01QmE
41	38	1		וַ/יֹּ֥אמֶר	c/559	HC/Vqw3ms	01a9o
41	38	2		פַּרְעֹ֖ה	6547	HNp	012Xt
41	38	3		אֶל	413	HR	01jLA
41	38	4		עֲבָדָ֑י/ו	5650	HNcmpc/Sp3ms	01Jyq
41	38	5		הֲ/נִמְצָ֣א	i/4672	HTi/Vqi1cp	0179X
41	38	6		כָ/זֶ֔ה	k/2088	HR/Pdxms	01BwY
41	38	7		אִ֕ישׁ	376	HNcmsa	01Dzh
41	38	8		אֲשֶׁ֛ר	834 a	HTr	01wfS
41	38	9		ר֥וּחַ	7307	HNcbsc	01paC
41	38	10		אֱלֹהִ֖ים	430	HNcmpa	01Tcy
41	38	11		בּֽ/וֹ	b	HR/Sp3ms	01eEv
41	39	1		וַ/יֹּ֤אמֶר	c/559	HC/Vqw3ms	01cGc
41	39	2		פַּרְעֹה֙	6547	HNp	015Qp
41	39	3		אֶל	413	HR	01YTp
41	39	4		יוֹסֵ֔ף	3130	HNp	01oj7
41	39	5		אַחֲרֵ֨י	310 a	HR	011np
41	39	6		הוֹדִ֧יעַ	3045	HVhc	01SBZ
41	39	7		אֱלֹהִ֛ים	430	HNcmpa	01LEQ
41	39	8		אוֹתְ/ךָ֖	853	HTo/Sp2ms	01CAH
41	39	9		אֶת	853	HTo	018yk
41	39	10		כָּל	3605	HNcmsc	01hmd
41	39	11		זֹ֑את	2063	HPdxfs	01Rat
41	39	12		אֵין	369	HTn	01vCH
41	39	13		נָב֥וֹן	995	HVNrmsa	01kSH
41	39	14		וְ/חָכָ֖ם	c/2450	HC/Aamsa	01xpt
41	39	15		כָּמֽוֹ/ךָ	3644	HR/Sp2ms	01krm
41	40	1		אַתָּה֙	859 a	HPp2ms	01Yy8
41	40	2		תִּהְיֶ֣ה	1961	HVqi2ms	01nPk
41	40	3		עַל	5921 a	HR	01T4W
41	40	4		בֵּיתִ֔/י	1004 b	HNcmsc/Sp1cs	01WtT
41	40	5		וְ/עַל	c/5921 a	HC/R	01R6V
41	40	6		פִּ֖י/ךָ	6310	HNcmsc/Sp2ms	01eKz
41	40	7		יִשַּׁ֣ק	5401 a	HVqi3ms	01cUH
41	40	8		כָּל	3605	HNcmsc	013FS
41	40	9		עַמִּ֑/י	5971 a	HNcmsc/Sp1cs	01yQE
41	40	10		רַ֥ק	7535	HTa	0133u
41	40	11		הַ/כִּסֵּ֖א	d/3678	HTd/Ncmsa	01aKZ
41	40	12		אֶגְדַּ֥ל	1431	HVqi1cs	01gAj
41	40	13		מִמֶּֽ/ךָּ	4480 a	HR/Sp2ms	01TGv
41	41	1		וַ/יֹּ֥אמֶר	c/559	HC/Vqw3ms	01xs2
41	41	2		פַּרְעֹ֖ה	6547	HNp	01bw3
41	41	3		אֶל	413	HR	01Ksb
41	41	4		יוֹסֵ֑ף	3130	HNp	01HCL
41	41	5		רְאֵה֙	7200	HVqv2ms	01Z5F
41	41	6		נָתַ֣תִּי	5414	HVqp1cs	01kRW
41	41	7		אֹֽתְ/ךָ֔	853	HTo/Sp2ms	01kt2
41	41	8		עַ֖ל	5921 a	HR	01jVF
41	41	9		כָּל	3605	HNcmsc	01E71
41	41	10		אֶ֥רֶץ	776	HNcbsc	01j7e
41	41	11		מִצְרָֽיִם	4714	HNp	011cT
41	42	1		וַ/יָּ֨סַר	c/5493	HC/Vhw3ms	01oMa
41	42	2		פַּרְעֹ֤ה	6547	HNp	01q6S
41	42	3		אֶת	853	HTo	01oC7
41	42	4		טַבַּעְתּ/וֹ֙	2885	HNcfsc/Sp3ms	017tN
41	42	5		מֵ/עַ֣ל	m/5921 a	HR/R	01ywE
41	42	6		יָד֔/וֹ	3027	HNcbsc/Sp3ms	01458
41	42	7		וַ/יִּתֵּ֥ן	c/5414	HC/Vqw3ms	01uFY
41	42	8		אֹתָ֖/הּ	853	HTo/Sp3fs	01K3C
41	42	9		עַל	5921 a	HR	01i1T
41	42	10		יַ֣ד	3027	HNcbsc	01SuK
41	42	11		יוֹסֵ֑ף	3130	HNp	01BZp
41	42	12		וַ/יַּלְבֵּ֤שׁ	c/3847	HC/Vhw3ms	01jjs
41	42	13		אֹת/וֹ֙	853	HTo/Sp3ms	01d63
41	42	14		בִּגְדֵי	899 b	HNcmpc	0172N
41	42	15		שֵׁ֔שׁ	8336 b	HAcfsa	01WG1
41	42	16		וַ/יָּ֛שֶׂם	c/7760 a	HC/Vqw3ms	01UM8
41	42	17		רְבִ֥ד	7242	HNcmsc	017Zi
41	42	18		הַ/זָּהָ֖ב	d/2091	HTd/Ncmsa	01LYy
41	42	19		עַל	5921 a	HR	01CTS
41	42	20		צַוָּארֽ/וֹ	6677 a	HNcmsc/Sp3ms	01Sj7
41	43	1		וַ/יַּרְכֵּ֣ב	c/7392	HC/Vhw3ms	01CYk
41	43	2		אֹת֗/וֹ	853	HTo/Sp3ms	01b6p
41	43	3		בְּ/מִרְכֶּ֤בֶת	b/4818	HR/Ncfsc	01Nwa
41	43	4		הַ/מִּשְׁנֶה֙	d/4932	HTd/Ncmsa	01YZg
41	43	5		אֲשֶׁר	834 a	HTr	017E8
41	43	6		ל֔/וֹ	l	HR/Sp3ms	01qwK
41	43	7		וַ/יִּקְרְא֥וּ	c/7121	HC/Vqw3mp	017j7
41	43	8		לְ/פָנָ֖י/ו	l/6440	HR/Ncbpc/Sp3ms	01CTX
41	43	9		אַבְרֵ֑ךְ	86	HD	01knu
41	43	10		וְ/נָת֣וֹן	c/5414	HC/Vqa	01rDL
41	43	11		אֹת֔/וֹ	853	HTo/Sp3ms	01uEQ
41	43	12		עַ֖ל	5921 a	HR	01WLm
41	43	13		כָּל	3605	HNcmsc	01dDb
41	43	14		אֶ֥רֶץ	776	HNcbsc	01yTq
41	43	15		מִצְרָֽיִם	4714	HNp	01ZtD
41	44	1		וַ/יֹּ֧אמֶר	c/559	HC/Vqw3ms	015RF
41	44	2		פַּרְעֹ֛ה	6547	HNp	01x8d
41	44	3		אֶל	413	HR	01UUF
41	44	4		יוֹסֵ֖ף	3130	HNp	01ceG
41	44	5		אֲנִ֣י	589	HPp1cs	01Zon
41	44	6		פַרְעֹ֑ה	6547	HNp	01QFn
41	44	7		וּ/בִלְעָדֶ֗י/ךָ	c/1107	HC/R/Sp2ms	01Uiw
41	44	8		לֹֽא	3808	HTn	01pHM
41	44	9		יָרִ֨ים	7311 a	HVhi3ms	01Ztn
41	44	10		אִ֧ישׁ	376	HNcmsa	017z1
41	44	11		אֶת	853	HTo	01F2o
41	44	12		יָד֛/וֹ	3027	HNcbsc/Sp3ms	01zvk
41	44	13		וְ/אֶת	c/853	HC/To	01dAz
41	44	14		רַגְל֖/וֹ	7272	HNcfsc/Sp3ms	016H1
41	44	15		בְּ/כָל	b/3605	HR/Ncmsc	01kpn
41	44	16		אֶ֥רֶץ	776	HNcbsc	01SSo
41	44	17		מִצְרָֽיִם	4714	HNp	01Lga
41	45	1		וַ/יִּקְרָ֨א	c/7121	HC/Vqw3ms	01M2Y
41	45	2		פַרְעֹ֣ה	6547	HNp	012dQ
41	45	3		שֵׁם	8034	HNcmsc	01pxv
41	45	4		יוֹסֵף֮	3130	HNp	01Ry2
41	45	5		צָֽפְנַ֣ת	6847+	HNp	01mqD
41	45	6		פַּעְנֵחַ֒	6847	HNp	01qKE
41	45	7		וַ/יִּתֶּן	c/5414	HC/Vqw3ms	018Ns
41	45	8		ל֣/וֹ	l	HR/Sp3ms	01oWu
41	45	9		אֶת	853	HTo	01bis
41	45	10		אָֽסְנַ֗ת	621	HNp	01Ncv
41	45	11		בַּת	1323	HNcfsc	011aV
41	45	12		פּ֥וֹטִי	6319+	HNp	01DAD
41	45	13		פֶ֛רַע	6319	HNp	01qVh
41	45	14		כֹּהֵ֥ן	3548	HNcmsc	01C1r
41	45	15		אֹ֖ן	204	HNp	01YPq
41	45	16		לְ/אִשָּׁ֑ה	l/802	HR/Ncfsa	01xmZ
41	45	17		וַ/יֵּצֵ֥א	c/3318	HC/Vqw3ms	01cPs
41	45	18		יוֹסֵ֖ף	3130	HNp	01cgd
41	45	19		עַל	5921 a	HR	01QJV
41	45	20		אֶ֥רֶץ	776	HNcbsc	01N5e
41	45	21		מִצְרָֽיִם	4714	HNp	01PgN
41	46	1		וְ/יוֹסֵף֙	c/3130	HC/Np	01gba
41	46	2		בֶּן	1121 a	HNcmsc	01sxs
41	46	3		שְׁלֹשִׁ֣ים	7970	HAcbpa	01UK5
41	46	4		שָׁנָ֔ה	8141	HNcfsa	01RvJ
41	46	5		בְּ/עָמְד֕/וֹ	b/5975	HR/Vqc/Sp3ms	01G8F
41	46	6		לִ/פְנֵ֖י	l/6440	HR/Ncbpc	016Bg
41	46	7		פַּרְעֹ֣ה	6547	HNp	01vBR
41	46	8		מֶֽלֶךְ	4428	HNcmsc	01f6V
41	46	9		מִצְרָ֑יִם	4714	HNp	01Cjs
41	46	10		וַ/יֵּצֵ֤א	c/3318	HC/Vqw3ms	01a1i
41	46	11		יוֹסֵף֙	3130	HNp	01oK5
41	46	12		מִ/לִּ/פְנֵ֣י	m/l/6440	HR/R/Ncbpc	01Q2X
41	46	13		פַרְעֹ֔ה	6547	HNp	01jbQ
41	46	14		וַֽ/יַּעְבֹ֖ר	c/5674 a	HC/Vqw3ms	01muR
41	46	15		בְּ/כָל	b/3605	HR/Ncmsc	012YG
41	46	16		אֶ֥רֶץ	776	HNcbsc	01T31
41	46	17		מִצְרָֽיִם	4714	HNp	01xnk
41	47	1		וַ/תַּ֣עַשׂ	c/6213 a	HC/Vqw3fs	01roS
41	47	2		הָ/אָ֔רֶץ	d/776	HTd/Ncbsa	01tLT
41	47	3		בְּ/שֶׁ֖בַע	b/7651	HR/Acfsa	014wt
41	47	4		שְׁנֵ֣י	8141	HAcmdc	014L1
41	47	5		הַ/שָּׂבָ֑ע	d/7647	HTd/Ncmsa	01qvj
41	47	6		לִ/קְמָצִֽים	l/7062	HR/Ncmpa	01gRB
41	48	1		וַ/יִּקְבֹּ֞ץ	c/6908	HC/Vqw3ms	01Kg2
41	48	2		אֶת	853	HTo	01WKF
41	48	3		כָּל	3605	HNcmsc	01NVt
41	48	4		אֹ֣כֶל	400	HNcmsc	01C5w
41	48	5		שֶׁ֣בַע	7651	HAcfsa	01sxh
41	48	6		שָׁנִ֗ים	8141	HNcfpa	01rgu
41	48	7		אֲשֶׁ֤ר	834 a	HTr	01uTc
41	48	8		הָיוּ֙	1961	HVqp3cp	01Xur
41	48	9		בְּ/אֶ֣רֶץ	b/776	HR/Ncbsc	019FZ
41	48	10		מִצְרַ֔יִם	4714	HNp	01YDD
41	48	11		וַ/יִּתֶּן	c/5414	HC/Vqw3ms	01F5c
41	48	12		אֹ֖כֶל	400	HNcmsa	01P3W
41	48	13		בֶּ/עָרִ֑ים	b/5892 b	HRd/Ncfpa	01WFe
41	48	14		אֹ֧כֶל	400	HNcmsc	01wPu
41	48	15		שְׂדֵה	7704 b	HNcmsc	01Y6Q
41	48	16		הָ/עִ֛יר	d/5892 b	HTd/Ncfsa	01ivc
41	48	17		אֲשֶׁ֥ר	834 a	HTr	01fcQ
41	48	18		סְבִיבֹתֶ֖י/הָ	5439	HNcbpc/Sp3fs	01XdM
41	48	19		נָתַ֥ן	5414	HVqp3ms	01sDz
41	48	20		בְּ/תוֹכָֽ/הּ	b/8432	HR/Ncmsc/Sp3fs	01NzS
41	49	1		וַ/יִּצְבֹּ֨ר	c/6651	HC/Vqw3ms	013mM
41	49	2		יוֹסֵ֥ף	3130	HNp	01pvj
41	49	3		בָּ֛ר	1250 a	HNcmsa	01WKC
41	49	4		כְּ/ח֥וֹל	k/2344	HR/Ncmsc	01eKc
41	49	5		הַ/יָּ֖ם	d/3220	HTd/Ncmsa	01Bqd
41	49	6		הַרְבֵּ֣ה	7235 a	HVha	01uNm
41	49	7		מְאֹ֑ד	3966	HD	018C9
41	49	8		עַ֛ד	5704	HR	01pYR
41	49	9		כִּי	3588 a	HC	01RDh
41	49	10		חָדַ֥ל	2308	HVqp3ms	01h7h
41	49	11		לִ/סְפֹּ֖ר	l/5608 a	HR/Vqc	01AVP
41	49	12		כִּי	3588 a	HC	01Xu4
41	49	13		אֵ֥ין	369	HTn	01jjn
41	49	14		מִסְפָּֽר	4557	HNcmsa	01aXT
41	50	1		וּ/לְ/יוֹסֵ֤ף	c/l/3130	HC/R/Np	01jqX
41	50	2		יֻלַּד֙	3205	HVPp3ms	01588
41	50	3		שְׁנֵ֣י	8147	HAcmdc	01HZr
41	50	4		בָנִ֔ים	1121 a	HNcmpa	01fuE
41	50	5		בְּ/טֶ֥רֶם	b/2962	HR/D	01FKN
41	50	6		תָּב֖וֹא	935	HVqi3fs	01MR1
41	50	7		שְׁנַ֣ת	8141	HNcfsc	01P59
41	50	8		הָ/רָעָ֑ב	d/7458	HTd/Ncmsa	01NHM
41	50	9		אֲשֶׁ֤ר	834 a	HTr	016ie
41	50	10		יָֽלְדָה	3205	HVqp3fs	01zf1
41	50	11		לּ/וֹ֙	l	HR/Sp3ms	01ZhT
41	50	12		אָֽסְנַ֔ת	621	HNp	01CcZ
41	50	13		בַּת	1323	HNcfsc	01N7D
41	50	14		פּ֥וֹטִי	6319+	HNp	01nYq
41	50	15		פֶ֖רַע	6319	HNp	01eYj
41	50	16		כֹּהֵ֥ן	3548	HNcmsc	01rSN
41	50	17		אֽוֹן	204	HNp	01u8a
41	51	1		וַ/יִּקְרָ֥א	c/7121	HC/Vqw3ms	01FxH
41	51	2		יוֹסֵ֛ף	3130	HNp	01WRg
41	51	3		אֶת	853	HTo	01TY2
41	51	4		שֵׁ֥ם	8034	HNcmsc	01Z6G
41	51	5		הַ/בְּכ֖וֹר	d/1060	HTd/Ncmsa	01Dwt
41	51	6		מְנַשֶּׁ֑ה	4519	HNp	01MXa
41	51	7		כִּֽי	3588 a	HC	01UgU
41	51	8		נַשַּׁ֤/נִי	5382	HVpp3ms/Sp1cs	01qkx
41	51	9		אֱלֹהִים֙	430	HNcmpa	01etW
41	51	10		אֶת	853	HTo	01QHL
41	51	11		כָּל	3605	HNcmsc	01Jve
41	51	12		עֲמָלִ֔/י	5999	HNcbsc/Sp1cs	01UZQ
41	51	13		וְ/אֵ֖ת	c/853	HC/To	01qHb
41	51	14		כָּל	3605	HNcmsc	01Nmk
41	51	15		בֵּ֥ית	1004 b	HNcmsc	01xRZ
41	51	16		אָבִֽ/י	1	HNcmsc/Sp1cs	013SG
41	52	1		וְ/אֵ֛ת	c/853	HC/To	018wY
41	52	2		שֵׁ֥ם	8034	HNcmsc	01zuf
41	52	3		הַ/שֵּׁנִ֖י	d/8145	HTd/Aomsa	016uN
41	52	4		קָרָ֣א	7121	HVqp3ms	01H1E
41	52	5		אֶפְרָ֑יִם	669	HNp	01zCA
41	52	6		כִּֽי	3588 a	HC	01P4R
41	52	7		הִפְרַ֥/נִי	6509	HVhp3ms/Sp1cs	016va
41	52	8		אֱלֹהִ֖ים	430	HNcmpa	01F9g
41	52	9		בְּ/אֶ֥רֶץ	b/776	HR/Ncbsc	01JAD
41	52	10		עָנְיִֽ/י	6040	HNcmsc/Sp1cs	01m7B
41	53	1		וַ/תִּכְלֶ֕ינָה	c/3615	HC/Vqw3fp	01yqE
41	53	2		שֶׁ֖בַע	7651	HAcfsa	01nv7
41	53	3		שְׁנֵ֣י	8141	HAcmdc	015Z7
41	53	4		הַ/שָּׂבָ֑ע	d/7647	HTd/Ncmsa	01nKs
41	53	5		אֲשֶׁ֥ר	834 a	HTr	01W1K
41	53	6		הָיָ֖ה	1961	HVqp3ms	01r7Q
41	53	7		בְּ/אֶ֥רֶץ	b/776	HR/Ncbsc	01Ndj
41	53	8		מִצְרָֽיִם	4714	HNp	01VfV
41	54	1		וַ/תְּחִלֶּ֜ינָה	c/2490 c	HC/Vhw3fp	018pD
41	54	2		שֶׁ֣בַע	7651	HAcfsa	01oAf
41	54	3		שְׁנֵ֤י	8141	HAcmdc	01rVA
41	54	4		הָ/רָעָב֙	d/7458	HTd/Ncmsa	01EoU
41	54	5		לָ/ב֔וֹא	l/935	HR/Vqc	014ez
41	54	6		כַּ/אֲשֶׁ֖ר	k/834 d	HR/Tr	01eJa
41	54	7		אָמַ֣ר	559	HVqp3ms	01sDu
41	54	8		יוֹסֵ֑ף	3130	HNp	012tZ
41	54	9		וַ/יְהִ֤י	c/1961	HC/Vqw3ms	01wgF
41	54	10		רָעָב֙	7458	HNcmsa	016gF
41	54	11		בְּ/כָל	b/3605	HR/Ncmsc	018pT
41	54	12		הָ֣/אֲרָצ֔וֹת	d/776	HTd/Ncbpa	01qLB
41	54	13		וּ/בְ/כָל	c/b/3605	HC/R/Ncmsc	01sMM
41	54	14		אֶ֥רֶץ	776	HNcbsc	01yRG
41	54	15		מִצְרַ֖יִם	4714	HNp	01Qee
41	54	16		הָ֥יָה	1961	HVqp3ms	012LB
41	54	17		לָֽחֶם	3899	HNcbsa	01jte
41	55	1		וַ/תִּרְעַב֙	c/7456	HC/Vqw3fs	01gEo
41	55	2		כָּל	3605	HNcmsc	01qDA
41	55	3		אֶ֣רֶץ	776	HNcbsc	01aXh
41	55	4		מִצְרַ֔יִם	4714	HNp	01b61
41	55	5		וַ/יִּצְעַ֥ק	c/6817	HC/Vqw3ms	01Dt6
41	55	6		הָ/עָ֛ם	d/5971 a	HTd/Ncmsa	01aNs
41	55	7		אֶל	413	HR	01g3i
41	55	8		פַּרְעֹ֖ה	6547	HNp	01Dko
41	55	9		לַ/לָּ֑חֶם	l/3899	HRd/Ncbsa	01htp
41	55	10		וַ/יֹּ֨אמֶר	c/559	HC/Vqw3ms	01Ekv
41	55	11		פַּרְעֹ֤ה	6547	HNp	01SAk
41	55	12		לְ/כָל	l/3605	HR/Ncmsc	01t6Q
41	55	13		מִצְרַ֨יִם֙	4713	HNp	01Pa4
41	55	14		לְכ֣וּ	3212	HVqv2mp	018sT
41	55	15		אֶל	413	HR	01cLX
41	55	16		יוֹסֵ֔ף	3130	HNp	01mFC
41	55	17		אֲשֶׁר	834 a	HTr	01eYV
41	55	18		יֹאמַ֥ר	559	HVqi3ms	01xQ1
41	55	19		לָ/כֶ֖ם	l	HR/Sp2mp	01yDo
41	55	20		תַּעֲשֽׂוּ	6213 a	HVqi2mp	011rV
41	56	1		וְ/הָ/רָעָ֣ב	c/d/7458	HC/Td/Ncmsa	01dmU
41	56	2		הָיָ֔ה	1961	HVqp3ms	01UTs
41	56	3		עַ֖ל	5921 a	HR	01uJF
41	56	4		כָּל	3605	HNcmsc	01Gm5
41	56	5		פְּנֵ֣י	6440	HNcbpc	01cgc
41	56	6		הָ/אָ֑רֶץ	d/776	HTd/Ncbsa	01G8d
41	56	7		וַ/יִּפְתַּ֨ח	c/6605 a	HC/Vqw3ms	0148D
41	56	8		יוֹסֵ֜ף	3130	HNp	01g72
41	56	9		אֶֽת	853	HTo	018Tz
41	56	10		כָּל	3605	HNcmsc	01wEQ
41	56	11		אֲשֶׁ֤ר	834 a	HTr	01epy
41	56	12		בָּ/הֶם֙	b	HR/Sp3mp	01TEN
41	56	13		וַ/יִּשְׁבֹּ֣ר	c/7666	HC/Vqw3ms	01sA5
41	56	14		לְ/מִצְרַ֔יִם	l/4713	HR/Np	01q7f
41	56	15		וַ/יֶּחֱזַ֥ק	c/2388	HC/Vqw3ms	01jXr
41	56	16		הָֽ/רָעָ֖ב	d/7458	HTd/Ncmsa	01hJ4
41	56	17		בְּ/אֶ֥רֶץ	b/776	HR/Ncbsc	01aMS
41	56	18		מִצְרָֽיִם	4714	HNp	01jm6
41	57	1		וְ/כָל	c/3605	HC/Ncmsc	01yn7
41	57	2		הָ/אָ֨רֶץ֙	d/776	HTd/Ncbsa	01Kxn
41	57	3		בָּ֣אוּ	935	HVqp3cp	01fEj
41	57	4		מִצְרַ֔יְמָ/ה	4714	HNp/Sd	0124p
41	57	5		לִ/שְׁבֹּ֖ר	l/7666	HR/Vqc	01RCs
41	57	6		אֶל	413	HR	01xmf
41	57	7		יוֹסֵ֑ף	3130	HNp	01XR5
41	57	8		כִּֽי	3588 a	HC	01rnq
41	57	9		חָזַ֥ק	2388	HVqp3ms	01L4u
41	57	10		הָ/רָעָ֖ב	d/7458	HTd/Ncmsa	01K1L
41	57	11		בְּ/כָל	b/3605	HR/Ncmsc	01deZ
41	57	12		הָ/אָֽרֶץ	d/776	HTd/Ncbsa	0188i
42	1	1		וַ/יַּ֣רְא	c/7200	HC/Vqw3ms	01ZfT
42	1	2		יַעֲקֹ֔ב	3290	HNp	0152G
42	1	3		כִּ֥י	3588 a	HC	01N5M
42	1	4		יֶשׁ	3426	HTm	01JRU
42	1	5		שֶׁ֖בֶר	7668	HNcmsa	01pra
42	1	6		בְּ/מִצְרָ֑יִם	b/4714	HR/Np	01Yo6
42	1	7		וַ/יֹּ֤אמֶר	c/559	HC/Vqw3ms	01CAQ
42	1	8		יַעֲקֹב֙	3290	HNp	01TEq
42	1	9		לְ/בָנָ֔י/ו	l/1121 a	HR/Ncmpc/Sp3ms	01GTr
42	1	10		לָ֖/מָּה	l/4100	HR/Ti	01XLN
42	1	11		תִּתְרָאֽוּ	7200	HVti2mp	01MiC
42	2	1		וַ/יֹּ֕אמֶר	c/559	HC/Vqw3ms	01ewd
42	2	2		הִנֵּ֣ה	2009	HTm	01Xm3
42	2	3		שָׁמַ֔עְתִּי	8085	HVqp1cs	01cZD
42	2	4		כִּ֥י	3588 a	HC	01psT
42	2	5		יֶשׁ	3426	HTm	01wuz
42	2	6		שֶׁ֖בֶר	7668	HNcmsa	019nd
42	2	7		בְּ/מִצְרָ֑יִם	b/4714	HR/Np	01gq2
42	2	8		רְדוּ	3381	HVqv2mp	01ueT
42	2	9		שָׁ֨מָּ/ה֙	8033	HD/Sd	01W5U
42	2	10		וְ/שִׁבְרוּ	c/7666	HC/Vqv2mp	01jzY
42	2	11		לָ֣/נוּ	l	HR/Sp1cp	01QJ3
42	2	12		מִ/שָּׁ֔ם	m/8033	HR/D	01J5H
42	2	13		וְ/נִחְיֶ֖ה	c/2421	HC/Vqi1cp	01a1r
42	2	14		וְ/לֹ֥א	c/3808	HC/Tn	017yf
42	2	15		נָמֽוּת	4191	HVqi1cp	01Z74
42	3	1		וַ/יֵּרְד֥וּ	c/3381	HC/Vqw3mp	01uBg
42	3	2		אֲחֵֽי	251	HNcmpc	015Xv
42	3	3		יוֹסֵ֖ף	3130	HNp	01m5X
42	3	4		עֲשָׂרָ֑ה	6235	HAcmsa	01Bjb
42	3	5		לִ/שְׁבֹּ֥ר	l/7666	HR/Vqc	01oAv
42	3	6		בָּ֖ר	1250 a	HNcmsa	01Gdt
42	3	7		מִ/מִּצְרָֽיִם	m/4714	HR/Np	0188w
42	4	1		וְ/אֶת	c/853	HC/To	01Jzr
42	4	2		בִּנְיָמִין֙	1144	HNp	01wJJ
42	4	3		אֲחִ֣י	251	HNcmsc	01t9j
42	4	4		יוֹסֵ֔ף	3130	HNp	01QYJ
42	4	5		לֹא	3808	HTn	01tyK
42	4	6		שָׁלַ֥ח	7971	HVqp3ms	01wkv
42	4	7		יַעֲקֹ֖ב	3290	HNp	011YQ
42	4	8		אֶת	854	HR	01Ghq
42	4	9		אֶחָ֑י/ו	251	HNcmpc/Sp3ms	01Fds
42	4	10		כִּ֣י	3588 a	HC	01xXm
42	4	11		אָמַ֔ר	559	HVqp3ms	01stb
42	4	12		פֶּן	6435	HC	011tj
42	4	13		יִקְרָאֶ֖/נּוּ	7122	HVqi3ms/Sp3ms	011s1
42	4	14		אָסֽוֹן	611	HNcmsa	01Dzq
42	5	1		וַ/יָּבֹ֨אוּ֙	c/935	HC/Vqw3mp	01dbw
42	5	2		בְּנֵ֣י	1121 a	HNcmpc	011Hs
42	5	3		יִשְׂרָאֵ֔ל	3478	HNp	01B2f
42	5	4		לִ/שְׁבֹּ֖ר	l/7666	HR/Vqc	01ov9
42	5	5		בְּ/ת֣וֹךְ	b/8432	HR/Ncmsc	01KmL
42	5	6		הַ/בָּאִ֑ים	d/935	HTd/Vqrmpa	01ZwV
42	5	7		כִּֽי	3588 a	HC	015Wn
42	5	8		הָיָ֥ה	1961	HVqp3ms	01oKo
42	5	9		הָ/רָעָ֖ב	d/7458	HTd/Ncmsa	01GTe
42	5	10		בְּ/אֶ֥רֶץ	b/776	HR/Ncbsc	01gBU
42	5	11		כְּנָֽעַן	3667 a	HNp	01GqP
42	6	1		וְ/יוֹסֵ֗ף	c/3130	HC/Np	01ezM
42	6	2		ה֚וּא	1931	HPp3ms	01WoC
42	6	3		הַ/שַּׁלִּ֣יט	d/7989	HTd/Aamsa	0174X
42	6	4		עַל	5921 a	HR	011Rw
42	6	5		הָ/אָ֔רֶץ	d/776	HTd/Ncbsa	019PW
42	6	6		ה֥וּא	1931	HPp3ms	01WpH
42	6	7		הַ/מַּשְׁבִּ֖יר	d/7666	HTd/Vhrmsa	014z7
42	6	8		לְ/כָל	l/3605	HR/Ncmsc	01AQN
42	6	9		עַ֣ם	5971 a	HNcmsc	01FKS
42	6	10		הָ/אָ֑רֶץ	d/776	HTd/Ncbsa	017dZ
42	6	11		וַ/יָּבֹ֨אוּ֙	c/935	HC/Vqw3mp	01WWm
42	6	12		אֲחֵ֣י	251	HNcmpc	01J4g
42	6	13		יוֹסֵ֔ף	3130	HNp	01Zze
42	6	14		וַ/יִּשְׁתַּֽחֲווּ	c/7812	HC/Vtw3mp	01N9E
42	6	15		ל֥/וֹ	l	HR/Sp3ms	01zMg
42	6	16		אַפַּ֖יִם	639	HNcmda	01zXq
42	6	17		אָֽרְצָ/ה	776	HNcbsa/Sd	01UYn
42	7	1		וַ/יַּ֥רְא	c/7200	HC/Vqw3ms	01QwE
42	7	2		יוֹסֵ֛ף	3130	HNp	01uXC
42	7	3		אֶת	853	HTo	01yjg
42	7	4		אֶחָ֖י/ו	251	HNcmpc/Sp3ms	01K4q
42	7	5		וַ/יַּכִּרֵ֑/ם	c/5234 a	HC/Vhw3ms/Sp3mp	015Ai
42	7	6		וַ/יִּתְנַכֵּ֨ר	c/5234 b	HC/Vtw3ms	01DM8
42	7	7		אֲלֵי/הֶ֜ם	413	HR/Sp3mp	01p4y
42	7	8		וַ/יְדַבֵּ֧ר	c/1696	HC/Vpw3ms	01t2s
42	7	9		אִתָּ֣/ם	854	HR/Sp3mp	01HjT
42	7	10		קָשׁ֗וֹת	7186	HAafpa	018sx
42	7	11		וַ/יֹּ֤אמֶר	c/559	HC/Vqw3ms	01UN6
42	7	12		אֲלֵ/הֶם֙	413	HR/Sp3mp	01j7p
42	7	13		מֵ/אַ֣יִן	m/370	HR/Ti	01AiF
42	7	14		בָּאתֶ֔ם	935	HVqp2mp	01QGB
42	7	15		וַ/יֹּ֣אמְר֔וּ	c/559	HC/Vqw3mp	01BPd
42	7	16		מֵ/אֶ֥רֶץ	m/776	HR/Ncbsc	01d1J
42	7	17		כְּנַ֖עַן	3667 a	HNp	01Kgf
42	7	18		לִ/שְׁבָּר	l/7666	HR/Vqc	01b3Q
42	7	19		אֹֽכֶל	400	HNcmsa	01b6Z
42	8	1		וַ/יַּכֵּ֥ר	c/5234 a	HC/Vhw3ms	01SJi
42	8	2		יוֹסֵ֖ף	3130	HNp	01xET
42	8	3		אֶת	853	HTo	01a3L
42	8	4		אֶחָ֑י/ו	251	HNcmpc/Sp3ms	013Vo
42	8	5		וְ/הֵ֖ם	c/1992	HC/Pp3mp	01cCa
42	8	6		לֹ֥א	3808	HTn	01QKB
42	8	7		הִכִּרֻֽ/הוּ	5234 a	HVhp3cp/Sp3ms	01nSX
42	9	1		וַ/יִּזְכֹּ֣ר	c/2142	HC/Vqw3ms	01n1X
42	9	2		יוֹסֵ֔ף	3130	HNp	01kLo
42	9	3		אֵ֚ת	853	HTo	01NN9
42	9	4		הַ/חֲלֹמ֔וֹת	d/2472	HTd/Ncmpa	0156q
42	9	5		אֲשֶׁ֥ר	834 a	HTr	01eUN
42	9	6		חָלַ֖ם	2492 b	HVqp3ms	01XdY
42	9	7		לָ/הֶ֑ם	l	HR/Sp3mp	012Tq
42	9	8		וַ/יֹּ֤אמֶר	c/559	HC/Vqw3ms	01RUH
42	9	9		אֲלֵ/הֶם֙	413	HR/Sp3mp	01Qf8
42	9	10		מְרַגְּלִ֣ים	7270	HVprmpa	01ZHR
42	9	11		אַתֶּ֔ם	859 d	HPp2mp	017t7
42	9	12		לִ/רְא֛וֹת	l/7200	HR/Vqc	01ez3
42	9	13		אֶת	853	HTo	01A2p
42	9	14		עֶרְוַ֥ת	6172	HNcfsc	01FnZ
42	9	15		הָ/אָ֖רֶץ	d/776	HTd/Ncbsa	01fBM
42	9	16		בָּאתֶֽם	935	HVqp2mp	01RVk
42	10	1		וַ/יֹּאמְר֥וּ	c/559	HC/Vqw3mp	01V2f
42	10	2		אֵלָ֖י/ו	413	HR/Sp3ms	01u3B
42	10	3		לֹ֣א	3808	HTn	018yL
42	10	4		אֲדֹנִ֑/י	113	HNcmsc/Sp1cs	01JrR
42	10	5		וַ/עֲבָדֶ֥י/ךָ	c/5650	HC/Ncmpc/Sp2ms	01mYW
42	10	6		בָּ֖אוּ	935	HVqp3cp	01ghY
42	10	7		לִ/שְׁבָּר	l/7666	HR/Vqc	014RR
42	10	8		אֹֽכֶל	400	HNcmsa	01293
42	11	1		כֻּלָּ֕/נוּ	3605	HNcmsc/Sp1cp	01KGP
42	11	2		בְּנֵ֥י	1121 a	HNcmpc	01EVk
42	11	3		אִישׁ	376	HNcmsa	01L1F
42	11	4		אֶחָ֖ד	259	HAcmsa	01M5b
42	11	5		נָ֑חְנוּ	5168	HPp1cp	01jAv
42	11	6		כֵּנִ֣ים	3651 a	HAampa	0125a
42	11	7		אֲנַ֔חְנוּ	587	HPp1cp	01cuH
42	11	8		לֹא	3808	HTn	01ioE
42	11	9		הָי֥וּ	1961	HVqp3cp	01SZN
42	11	10		עֲבָדֶ֖י/ךָ	5650	HNcmpc/Sp2ms	0126W
42	11	11		מְרַגְּלִֽים	7270	HVprmpa	017Hp
42	12	1		וַ/יֹּ֖אמֶר	c/559	HC/Vqw3ms	01ekA
42	12	2		אֲלֵ/הֶ֑ם	413	HR/Sp3mp	01hAz
42	12	3		לֹ֕א	3808	HTn	016Sy
42	12	4		כִּֽי	3588 a	HC	01oMv
42	12	5		עֶרְוַ֥ת	6172	HNcfsc	01gzR
42	12	6		הָ/אָ֖רֶץ	d/776	HTd/Ncbsa	01DKe
42	12	7		בָּאתֶ֥ם	935	HVqp2mp	01gVX
42	12	8		לִ/רְאֽוֹת	l/7200	HR/Vqc	01xkN
42	13	1		וַ/יֹּאמְר֗וּ	c/559	HC/Vqw3mp	01cgq
42	13	2		שְׁנֵ֣ים	8147	HAcmda	01rBX
42	13	3		עָשָׂר֩	6240	HAcmsa	01jie
42	13	4		עֲבָדֶ֨י/ךָ	5650	HNcmpc/Sp2ms	01uzN
42	13	5		אַחִ֧ים	251	HNcmpa	018jo
42	13	6		אֲנַ֛חְנוּ	587	HPp1cp	014wr
42	13	7		בְּנֵ֥י	1121 a	HNcmpc	01izD
42	13	8		אִישׁ	376	HNcmsa	01N8R
42	13	9		אֶחָ֖ד	259	HAcmsa	01Vrd
42	13	10		בְּ/אֶ֣רֶץ	b/776	HR/Ncbsc	01Um1
42	13	11		כְּנָ֑עַן	3667 a	HNp	013Ra
42	13	12		וְ/הִנֵּ֨ה	c/2009	HC/Tm	01sXf
42	13	13		הַ/קָּטֹ֤ן	d/6996 b	HTd/Aamsa	013zs
42	13	14		אֶת	854	HR	01LKu
42	13	15		אָבִ֨י/נוּ֙	1	HNcmsc/Sp1cp	01d8y
42	13	16		הַ/יּ֔וֹם	d/3117	HTd/Ncmsa	01d28
42	13	17		וְ/הָ/אֶחָ֖ד	c/d/259	HC/Td/Acmsa	01ze6
42	13	18		אֵינֶֽ/נּוּ	369	HTn/Sp3ms	01L5b
42	14	1		וַ/יֹּ֥אמֶר	c/559	HC/Vqw3ms	01rQe
42	14	2		אֲלֵ/הֶ֖ם	413	HR/Sp3mp	019is
42	14	3		יוֹסֵ֑ף	3130	HNp	01fAE
42	14	4		ה֗וּא	1931	HPp3ms	01eBt
42	14	5		אֲשֶׁ֨ר	834 a	HTr	01UBK
42	14	6		דִּבַּ֧רְתִּי	1696	HVpp1cs	016sd
42	14	7		אֲלֵ/כֶ֛ם	413	HR/Sp2mp	01mJY
42	14	8		לֵ/אמֹ֖ר	l/559	HR/Vqc	01zWA
42	14	9		מְרַגְּלִ֥ים	7270	HVprmpa	01QG7
42	14	10		אַתֶּֽם	859 d	HPp2mp	018tr
42	15	1		בְּ/זֹ֖את	b/2063	HR/Pdxfs	017mi
42	15	2		תִּבָּחֵ֑נוּ	974	HVNi2mp	01NRr
42	15	3		חֵ֤י	2416 a	HAamsa	01Mkc
42	15	4		פַרְעֹה֙	6547	HNp	01cDV
42	15	5		אִם	518 a	HC	01ciP
42	15	6		תֵּצְא֣וּ	3318	HVqi2mp	01Mrw
42	15	7		מִ/זֶּ֔ה	m/2088	HR/Pdxms	01rdK
42	15	8		כִּ֧י	3588 b	HC	01vFV
42	15	9		אִם	518 b	HC	01XhG
42	15	10		בְּ/ב֛וֹא	b/935	HR/Vqc	01kNi
42	15	11		אֲחִי/כֶ֥ם	251	HNcmsc/Sp2mp	01vsu
42	15	12		הַ/קָּטֹ֖ן	d/6996 b	HTd/Aamsa	01ZVK
42	15	13		הֵֽנָּה	2008	HD	01wwC
42	16	1		שִׁלְח֨וּ	7971	HVqv2mp	01NhX
42	16	2		מִ/כֶּ֣ם	m/4480 a	HR/Sp2mp	01fAp
42	16	3		אֶחָד֮	259	HAcmsa	01L9c
42	16	4		וְ/יִקַּ֣ח	c/3947	HC/Vqi3ms	01axp
42	16	5		אֶת	853	HTo	01qRU
42	16	6		אֲחִי/כֶם֒	251	HNcmsc/Sp2mp	01eJU
42	16	7		וְ/אַתֶּם֙	c/859 d	HC/Pp2mp	014w3
42	16	8		הֵאָ֣סְר֔וּ	631	HVNv2mp	01Dax
42	16	9		וְ/יִבָּֽחֲנוּ֙	c/974	HC/VNi3mp	01KGu
42	16	10		דִּבְרֵי/כֶ֔ם	1697	HNcmpc/Sp2mp	01hoA
42	16	11		הַֽ/אֱמֶ֖ת	i/571	HTi/Ncfsa	01Puy
42	16	12		אִתְּ/כֶ֑ם	854	HR/Sp2mp	012C4
42	16	13		וְ/אִם	c/518 a	HC/C	01u7i
42	16	14		לֹ֕א	3808	HTn	01qXa
42	16	15		חֵ֣י	2416 a	HAamsa	01yuK
42	16	16		פַרְעֹ֔ה	6547	HNp	01RvA
42	16	17		כִּ֥י	3588 a	HC	01kzo
42	16	18		מְרַגְּלִ֖ים	7270	HVprmpa	01wkS
42	16	19		אַתֶּֽם	859 d	HPp2mp	01a3u
42	17	1		וַ/יֶּאֱסֹ֥ף	c/622	HC/Vqw3ms	01ecm
42	17	2		אֹתָ֛/ם	853	HTo/Sp3mp	01oo3
42	17	3		אֶל	413	HR	01uYC
42	17	4		מִשְׁמָ֖ר	4929	HNcmsa	01gmh
42	17	5		שְׁלֹ֥שֶׁת	7969	HAcmsc	01ezr
42	17	6		יָמִֽים	3117	HNcmpa	01vHF
42	18	1		וַ/יֹּ֨אמֶר	c/559	HC/Vqw3ms	01XxF
42	18	2		אֲלֵ/הֶ֤ם	413	HR/Sp3mp	01nT1
42	18	3		יוֹסֵף֙	3130	HNp	01JY7
42	18	4		בַּ/יּ֣וֹם	b/3117	HRd/Ncmsa	016bS
42	18	5		הַ/שְּׁלִישִׁ֔י	d/7992	HTd/Aomsa	01Dec
42	18	6		זֹ֥את	2063	HPdxfs	016ji
42	18	7		עֲשׂ֖וּ	6213 a	HVqv2mp	01SSR
42	18	8		וִֽ/חְי֑וּ	c/2421	HC/Vqv2mp	01m9X
42	18	9		אֶת	853	HTo	01oMR
42	18	10		הָ/אֱלֹהִ֖ים	d/430	HTd/Ncmpa	01mLR
42	18	11		אֲנִ֥י	589	HPp1cs	01MWW
42	18	12		יָרֵֽא	3372	HVqrmsa	01JRn
42	19	1		אִם	518 a	HC	0146c
42	19	2		כֵּנִ֣ים	3651 a	HAampa	01CGZ
42	19	3		אַתֶּ֔ם	859 d	HPp2mp	01uJz
42	19	4		אֲחִי/כֶ֣ם	251	HNcmsc/Sp2mp	01zk4
42	19	5		אֶחָ֔ד	259	HAcmsa	01wBd
42	19	6		יֵאָסֵ֖ר	631	HVNi3ms	01Zwf
42	19	7		בְּ/בֵ֣ית	b/1004 b	HR/Ncmsc	01jfJ
42	19	8		מִשְׁמַרְ/כֶ֑ם	4929	HNcmsc/Sp2mp	015kD
42	19	9		וְ/אַתֶּם֙	c/859 d	HC/Pp2mp	01xvY
42	19	10		לְכ֣וּ	3212	HVqv2mp	01XMU
42	19	11		הָבִ֔יאוּ	935	HVhv2mp	01S25
42	19	12		שֶׁ֖בֶר	7668	HNcmsc	01HEs
42	19	13		רַעֲב֥וֹן	7459	HNcmsc	01JAA
42	19	14		בָּתֵּי/כֶֽם	1004 b	HNcmpc/Sp2mp	01vy9
42	20	1		וְ/אֶת	c/853	HC/To	01sBq
42	20	2		אֲחִי/כֶ֤ם	251	HNcmsc/Sp2mp	013WT
42	20	3		הַ/קָּטֹן֙	d/6996 b	HTd/Aamsa	011rr
42	20	4		תָּבִ֣יאוּ	935	HVhi2mp	01BNx
42	20	5		אֵלַ֔/י	413	HR/Sp1cs	01isY
42	20	6		וְ/יֵאָמְנ֥וּ	c/539	HC/VNi3mp	01tC4
42	20	7		דִבְרֵי/כֶ֖ם	1697	HNcmpc/Sp2mp	01XNS
42	20	8		וְ/לֹ֣א	c/3808	HC/Tn	01ttH
42	20	9		תָמ֑וּתוּ	4191	HVqi2mp	01Qka
42	20	10		וַ/יַּעֲשׂוּ	c/6213 a	HC/Vqw3mp	01rdo
42	20	11		כֵֽן	3651 c	HD	01q1v
42	21	1		וַ/יֹּאמְר֞וּ	c/559	HC/Vqw3mp	01jb7
42	21	2		אִ֣ישׁ	376	HNcmsa	01EX5
42	21	3		אֶל	413	HR	01zXL
42	21	4		אָחִ֗י/ו	251	HNcmsc/Sp3ms	01kUh
42	21	5		אֲבָל֮	61	HD	01AGd
42	21	6		אֲשֵׁמִ֣ים	818	HAampa	01av5
42	21	7		אֲנַחְנוּ֮	587	HPp1cp	016Ys
42	21	8		עַל	5921 a	HR	01tgC
42	21	9		אָחִי/נוּ֒	251	HNcmsc/Sp1cp	01DHR
42	21	10		אֲשֶׁ֨ר	834 a	HTr	01ftQ
42	21	11		רָאִ֜ינוּ	7200	HVqp1cp	01Ln4
42	21	12		צָרַ֥ת	6869 b	HNcfsc	01bUE
42	21	13		נַפְשׁ֛/וֹ	5315	HNcbsc/Sp3ms	01mmE
42	21	14		בְּ/הִתְחַֽנְנ֥/וֹ	b/2603 a	HR/Vtc/Sp3ms	01vqu
42	21	15		אֵלֵ֖י/נוּ	413	HR/Sp1cp	016UX
42	21	16		וְ/לֹ֣א	c/3808	HC/Tn	011KC
42	21	17		שָׁמָ֑עְנוּ	8085	HVqp1cp	01oCL
42	21	18		עַל	5921 a	HR	01zor
42	21	19		כֵּן֙	3651 c	HTm	01Pvi
42	21	20		בָּ֣אָה	935	HVqp3fs	01821
42	21	21		אֵלֵ֔י/נוּ	413	HR/Sp1cp	01RVR
42	21	22		הַ/צָּרָ֖ה	d/6869 b	HTd/Ncfsa	01Hzt
42	21	23		הַ/זֹּֽאת	d/2063	HTd/Pdxfs	01KtC
42	22	1		וַ/יַּעַן֩	c/6030 b	HC/Vqw3ms	01ju2
42	22	2		רְאוּבֵ֨ן	7205	HNp	01PmT
42	22	3		אֹתָ֜/ם	853	HTo/Sp3mp	01J2z
42	22	4		לֵ/אמֹ֗ר	l/559	HR/Vqc	01RGf
42	22	5		הֲ/לוֹא֩	i/3808	HTi/Tn	01sBF
42	22	6		אָמַ֨רְתִּי	559	HVqp1cs	01DHf
42	22	7		אֲלֵי/כֶ֧ם	413	HR/Sp2mp	01ra6
42	22	8		לֵ/אמֹ֛ר	l/559	HR/Vqc	01j1Y
42	22	9		אַל	408	HTn	01BMc
42	22	10		תֶּחֶטְא֥וּ	2398	HVqj2mp	01ocX
42	22	11		בַ/יֶּ֖לֶד	b/3206	HRd/Ncmsa	01sQB
42	22	12		וְ/לֹ֣א	c/3808	HC/Tn	017Zs
42	22	13		שְׁמַעְתֶּ֑ם	8085	HVqp2mp	01xYb
42	22	14		וְ/גַם	c/1571	HC/Ta	01TKt
42	22	15		דָּמ֖/וֹ	1818	HNcmsc/Sp3ms	01H6y
42	22	16		הִנֵּ֥ה	2009	HTm	01YfZ
42	22	17		נִדְרָֽשׁ	1875	HVNrmsa	01iVb
42	23	1		וְ/הֵם֙	c/1992	HC/Pp3mp	01DDV
42	23	2		לֹ֣א	3808	HTn	01Fkc
42	23	3		יָֽדְע֔וּ	3045	HVqp3cp	01SeN
42	23	4		כִּ֥י	3588 a	HC	01J8X
42	23	5		שֹׁמֵ֖עַ	8085	HVqrmsa	01x82
42	23	6		יוֹסֵ֑ף	3130	HNp	01Euz
42	23	7		כִּ֥י	3588 a	HC	01vke
42	23	8		הַ/מֵּלִ֖יץ	d/3887	HTd/Vhrmsa	01iwP
42	23	9		בֵּינֹתָֽ/ם	996	HR/Sp3mp	01PQm
42	24	1		וַ/יִּסֹּ֥ב	c/5437	HC/Vqw3ms	01dMQ
42	24	2		מֵֽ/עֲלֵי/הֶ֖ם	m/5921 a	HR/R/Sp3mp	016dG
42	24	3		וַ/יֵּ֑בְךְּ	c/1058	HC/Vqw3ms	01QU5
42	24	4		וַ/יָּ֤שָׁב	c/7725	HC/Vqw3ms	017M9
42	24	5		אֲלֵ/הֶם֙	413	HR/Sp3mp	01DNT
42	24	6		וַ/יְדַבֵּ֣ר	c/1696	HC/Vpw3ms	01sty
42	24	7		אֲלֵ/הֶ֔ם	413	HR/Sp3mp	01but
42	24	8		וַ/יִּקַּ֤ח	c/3947	HC/Vqw3ms	01D5u
42	24	9		מֵֽ/אִתָּ/ם֙	m/854	HR/R/Sp3mp	01kXj
42	24	10		אֶת	853	HTo	01C4V
42	24	11		שִׁמְע֔וֹן	8095	HNp	01ZPH
42	24	12		וַ/יֶּאֱסֹ֥ר	c/631	HC/Vqw3ms	01jvW
42	24	13		אֹת֖/וֹ	853	HTo/Sp3ms	01DRL
42	24	14		לְ/עֵינֵי/הֶֽם	l/5869 a	HR/Ncbdc/Sp3mp	017bo
42	25	1		וַ/יְצַ֣ו	c/6680	HC/Vpw3ms	01ymq
42	25	2		יוֹסֵ֗ף	3130	HNp	01Mi1
42	25	3		וַ/יְמַלְא֣וּ	c/4390	HC/Vpw3mp	016VN
42	25	4		אֶת	853	HTo	013x3
42	25	5		כְּלֵי/הֶם֮	3627	HNcmpc/Sp3mp	016zT
42	25	6		בָּר֒	1250 a	HNcmsa	01RK7
42	25	7		וּ/לְ/הָשִׁ֤יב	c/l/7725	HC/R/Vhc	01FSg
42	25	8		כַּסְפֵּי/הֶם֙	3701	HNcmpc/Sp3mp	01wbN
42	25	9		אִ֣ישׁ	376	HNcmsa	017aF
42	25	10		אֶל	413	HR	01pvF
42	25	11		שַׂקּ֔/וֹ	8242	HNcmsc/Sp3ms	01bxM
42	25	12		וְ/לָ/תֵ֥ת	c/l/5414	HC/R/Vqc	01mGt
42	25	13		לָ/הֶ֛ם	l	HR/Sp3mp	012FZ
42	25	14		צֵדָ֖ה	6720	HNcbsa	014jT
42	25	15		לַ/דָּ֑רֶךְ	l/1870	HRd/Ncbsa	012QP
42	25	16		וַ/יַּ֥עַשׂ	c/6213 a	HC/Vqw3ms	01Qec
42	25	17		לָ/הֶ֖ם	l	HR/Sp3mp	01cw2
42	25	18		כֵּֽן	3651 c	HTm	01BzX
42	26	1		וַ/יִּשְׂא֥וּ	c/5375	HC/Vqw3mp	01NmR
42	26	2		אֶת	853	HTo	01J7d
42	26	3		שִׁבְרָ֖/ם	7668	HNcmsc/Sp3mp	01fP5
42	26	4		עַל	5921 a	HR	01aF8
42	26	5		חֲמֹרֵי/הֶ֑ם	2543	HNcbpc/Sp3mp	01Rav
42	26	6		וַ/יֵּלְכ֖וּ	c/3212	HC/Vqw3mp	01oWL
42	26	7		מִ/שָּֽׁם	m/8033	HR/D	01KdZ
42	27	1		וַ/יִּפְתַּ֨ח	c/6605 a	HC/Vqw3ms	01UnK
42	27	2		הָ/אֶחָ֜ד	d/259	HTd/Acmsa	012KS
42	27	3		אֶת	853	HTo	01738
42	27	4		שַׂקּ֗/וֹ	8242	HNcmsc/Sp3ms	01h9i
42	27	5		לָ/תֵ֥ת	l/5414	HR/Vqc	013td
42	27	6		מִסְפּ֛וֹא	4554	HNcmsa	01y7B
42	27	7		לַ/חֲמֹר֖/וֹ	l/2543	HR/Ncbsc/Sp3ms	01992
42	27	8		בַּ/מָּל֑וֹן	b/4411	HRd/Ncmsa	01wAu
42	27	9		וַ/יַּרְא֙	c/7200	HC/Vqw3ms	01GAo
42	27	10		אֶת	853	HTo	01Xdo
42	27	11		כַּסְפּ֔/וֹ	3701	HNcmsc/Sp3ms	01C1u
42	27	12		וְ/הִנֵּה	c/2009	HC/Tm	01oMy
42	27	13		ה֖וּא	1931	HPp3ms	01g3V
42	27	14		בְּ/פִ֥י	b/6310	HR/Ncmsc	01VU3
42	27	15		אַמְתַּחְתּֽ/וֹ	572	HNcfsc/Sp3ms	01FGx
42	28	1		וַ/יֹּ֤אמֶר	c/559	HC/Vqw3ms	01vtf
42	28	2		אֶל	413	HR	01AcQ
42	28	3		אֶחָי/ו֙	251	HNcmpc/Sp3ms	01Xar
42	28	4		הוּשַׁ֣ב	7725	HVHp3ms	01CK3
42	28	5		כַּסְפִּ֔/י	3701	HNcmsc/Sp1cs	011XE
42	28	6		וְ/גַ֖ם	c/1571	HC/Ta	01gc6
42	28	7		הִנֵּ֣ה	2009	HTm	01SpB
42	28	8		בְ/אַמְתַּחְתִּ֑/י	b/572	HR/Ncfsc/Sp1cs	0161q
42	28	9		וַ/יֵּצֵ֣א	c/3318	HC/Vqw3ms	014Fh
42	28	10		לִבָּ֗/ם	3820 a	HNcmsc/Sp3mp	01VpB
42	28	11		וַ/יֶּֽחֶרְד֞וּ	c/2729	HC/Vqw3mp	01okn
42	28	12		אִ֤ישׁ	376	HNcmsa	01d6M
42	28	13		אֶל	413	HR	013bX
42	28	14		אָחִי/ו֙	251	HNcmsc/Sp3ms	0123Z
42	28	15		לֵ/אמֹ֔ר	l/559	HR/Vqc	01MsX
42	28	16		מַה	4100	HTi	01xyx
42	28	17		זֹּ֛את	2063	HPdxfs	01kTJ
42	28	18		עָשָׂ֥ה	6213 a	HVqp3ms	01zFp
42	28	19		אֱלֹהִ֖ים	430	HNcmpa	01xND
42	28	20		לָֽ/נוּ	l	HR/Sp1cp	01uEt
42	29	1		וַ/יָּבֹ֛אוּ	c/935	HC/Vqw3mp	01J7a
42	29	2		אֶל	413	HR	01GBP
42	29	3		יַעֲקֹ֥ב	3290	HNp	01mjk
42	29	4		אֲבִי/הֶ֖ם	1	HNcmsc/Sp3mp	01NKg
42	29	5		אַ֣רְצָ/ה	776	HNcbsc/Sd	014BJ
42	29	6		כְּנָ֑עַן	3667 a	HNp	018rP
42	29	7		וַ/יַּגִּ֣ידוּ	c/5046	HC/Vhw3mp	01oBy
42	29	8		ל֔/וֹ	l	HR/Sp3ms	01YNu
42	29	9		אֵ֛ת	853	HTo	01Mny
42	29	10		כָּל	3605	HNcmsc	01sdt
42	29	11		הַ/קֹּרֹ֥ת	d/7136 a	HTd/Vqrfpa	01pvH
42	29	12		אֹתָ֖/ם	853	HTo/Sp3mp	012mb
42	29	13		לֵ/אמֹֽר	l/559	HR/Vqc	01eMy
42	30	1		דִּ֠בֶּר	1696	HVpp3ms	01ykj
42	30	2		הָ/אִ֨ישׁ	d/376	HTd/Ncmsa	01tYY
42	30	3		אֲדֹנֵ֥י	113	HNcmpc	01QGW
42	30	4		הָ/אָ֛רֶץ	d/776	HTd/Ncbsa	01fw2
42	30	5		אִתָּ֖/נוּ	854	HR/Sp1cp	01KXm
42	30	6		קָשׁ֑וֹת	7186	HAafpa	0183Y
42	30	7		וַ/יִּתֵּ֣ן	c/5414	HC/Vqw3ms	01CQD
42	30	8		אֹתָ֔/נוּ	853	HTo/Sp1cp	01HkE
42	30	9		כִּֽ/מְרַגְּלִ֖ים	k/7270	HR/Vprmpa	01ax6
42	30	10		אֶת	853	HTo	01FaF
42	30	11		הָ/אָֽרֶץ	d/776	HTd/Ncbsa	01Nid
42	31	1		וַ/נֹּ֥אמֶר	c/559	HC/Vqw1cp	013xs
42	31	2		אֵלָ֖י/ו	413	HR/Sp3ms	01xj9
42	31	3		כֵּנִ֣ים	3651 a	HAampa	01gLq
42	31	4		אֲנָ֑חְנוּ	587	HPp1cp	01EaX
42	31	5		לֹ֥א	3808	HTn	01hYZ
42	31	6		הָיִ֖ינוּ	1961	HVqp1cp	01WKk
42	31	7		מְרַגְּלִֽים	7270	HVprmpa	016p3
42	32	1		שְׁנֵים	8147	HAcmda	0199U
42	32	2		עָשָׂ֥ר	6240	HAcmsa	01mua
42	32	3		אֲנַ֛חְנוּ	587	HPp1cp	01Gua
42	32	4		אַחִ֖ים	251	HNcmpa	01oNd
42	32	5		בְּנֵ֣י	1121 a	HNcmpc	01QR9
42	32	6		אָבִ֑י/נוּ	1	HNcmsc/Sp1cp	01Kxh
42	32	7		הָ/אֶחָ֣ד	d/259	HTd/Acmsa	01emt
42	32	8		אֵינֶ֔/נּוּ	369	HTn/Sp3ms	01jWt
42	32	9		וְ/הַ/קָּטֹ֥ן	c/d/6996 b	HC/Td/Aamsa	0178r
42	32	10		הַ/יּ֛וֹם	d/3117	HTd/Ncmsa	01HUN
42	32	11		אֶת	854	HR	01CJK
42	32	12		אָבִ֖י/נוּ	1	HNcmsc/Sp1cp	016Bq
42	32	13		בְּ/אֶ֥רֶץ	b/776	HR/Ncbsc	01H6Z
42	32	14		כְּנָֽעַן	3667 a	HNp	01icG
42	33	1		וַ/יֹּ֣אמֶר	c/559	HC/Vqw3ms	01AVC
42	33	2		אֵלֵ֗י/נוּ	413	HR/Sp1cp	01vik
42	33	3		הָ/אִישׁ֙	d/376	HTd/Ncmsa	01BmD
42	33	4		אֲדֹנֵ֣י	113	HNcmpc	013Z7
42	33	5		הָ/אָ֔רֶץ	d/776	HTd/Ncbsa	01tzP
42	33	6		בְּ/זֹ֣את	b/2063	HR/Pdxfs	01RKB
42	33	7		אֵדַ֔ע	3045	HVqi1cs	012wN
42	33	8		כִּ֥י	3588 a	HC	01mCo
42	33	9		כֵנִ֖ים	3651 a	HAampa	01VSK
42	33	10		אַתֶּ֑ם	859 d	HPp2mp	0117E
42	33	11		אֲחִי/כֶ֤ם	251	HNcmsc/Sp2mp	01ZHH
42	33	12		הָֽ/אֶחָד֙	d/259	HTd/Acmsa	01mzp
42	33	13		הַנִּ֣יחוּ	3240	HVhv2mp	01xNX
42	33	14		אִתִּ֔/י	854	HR/Sp1cs	01JHQ
42	33	15		וְ/אֶת	c/853	HC/To	01a12
42	33	16		רַעֲב֥וֹן	7459	HNcmsc	019q2
42	33	17		בָּתֵּי/כֶ֖ם	1004 b	HNcmpc/Sp2mp	01asr
42	33	18		קְח֥וּ	3947	HVqv2mp	01BSL
42	33	19		וָ/לֵֽכוּ	c/3212	HC/Vqv2mp	01xgS
42	34	1		וְ֠/הָבִיאוּ	c/935	HC/Vhv2mp	01Q7Y
42	34	2		אֶת	853	HTo	01Uta
42	34	3		אֲחִי/כֶ֣ם	251	HNcmsc/Sp2mp	01QX3
42	34	4		הַ/קָּטֹן֮	d/6996 b	HTd/Aamsa	01YuB
42	34	5		אֵלַ/י֒	413	HR/Sp1cs	01uJh
42	34	6		וְ/אֵֽדְעָ֗ה	c/3045	HC/Vqh1cs	01zAo
42	34	7		כִּ֣י	3588 a	HC	0175L
42	34	8		לֹ֤א	3808	HTn	01apK
42	34	9		מְרַגְּלִים֙	7270	HVprmpa	01RsX
42	34	10		אַתֶּ֔ם	859 d	HPp2mp	01XWS
42	34	11		כִּ֥י	3588 a	HC	01Gtc
42	34	12		כֵנִ֖ים	3651 a	HAampa	01kFo
42	34	13		אַתֶּ֑ם	859 d	HPp2mp	01yDq
42	34	14		אֶת	853	HTo	01hWL
42	34	15		אֲחִי/כֶם֙	251	HNcmsc/Sp2mp	01xbw
42	34	16		אֶתֵּ֣ן	5414	HVqi1cs	01cvG
42	34	17		לָ/כֶ֔ם	l	HR/Sp2mp	011Xt
42	34	18		וְ/אֶת	c/853	HC/To	01LTb
42	34	19		הָ/אָ֖רֶץ	d/776	HTd/Ncbsa	01jLf
42	34	20		תִּסְחָֽרוּ	5503	HVqi2mp	01Q5m
42	35	1		וַ/יְהִ֗י	c/1961	HC/Vqw3ms	018GR
42	35	2		הֵ֚ם	1992	HPp3mp	012uz
42	35	3		מְרִיקִ֣ים	7324	HVhrmpa	01cCr
42	35	4		שַׂקֵּי/הֶ֔ם	8242	HNcmpc/Sp3mp	0195N
42	35	5		וְ/הִנֵּה	c/2009	HC/Tm	014mE
42	35	6		אִ֥ישׁ	376	HNcmsa	01QhJ
42	35	7		צְרוֹר	6872 a	HNcmsc	01Jtf
42	35	8		כַּסְפּ֖/וֹ	3701	HNcmsc/Sp3ms	01ESi
42	35	9		בְּ/שַׂקּ֑/וֹ	b/8242	HR/Ncmsc/Sp3ms	01uzG
42	35	10		וַ/יִּרְא֞וּ	c/7200	HC/Vqw3mp	01KHk
42	35	11		אֶת	853	HTo	01w7n
42	35	12		צְרֹר֧וֹת	6872 a	HNcmpc	01y9W
42	35	13		כַּסְפֵּי/הֶ֛ם	3701	HNcmpc/Sp3mp	01ACp
42	35	14		הֵ֥מָּה	1992	HPp3mp	01Vyf
42	35	15		וַ/אֲבִי/הֶ֖ם	c/1	HC/Ncmsc/Sp3mp	01WyY
42	35	16		וַ/יִּירָֽאוּ	c/3372	HC/Vqw3mp	01NnB
42	36	1		וַ/יֹּ֤אמֶר	c/559	HC/Vqw3ms	01fhh
42	36	2		אֲלֵ/הֶם֙	413	HR/Sp3mp	01Yvr
42	36	3		יַעֲקֹ֣ב	3290	HNp	01t31
42	36	4		אֲבִי/הֶ֔ם	1	HNcmsc/Sp3mp	01kjm
42	36	5		אֹתִ֖/י	853	HTo/Sp1cs	0121H
42	36	6		שִׁכַּלְתֶּ֑ם	7921 a	HVpp2mp	01Cbr
42	36	7		יוֹסֵ֤ף	3130	HNp	0123Q
42	36	8		אֵינֶ֨/נּוּ֙	369	HTn/Sp3ms	01jJq
42	36	9		וְ/שִׁמְע֣וֹן	c/8095	HC/Np	01DVN
42	36	10		אֵינֶ֔/נּוּ	369	HTn/Sp3ms	01xMJ
42	36	11		וְ/אֶת	c/853	HC/To	01EzF
42	36	12		בִּנְיָמִ֣ן	1144	HNp	01X2H
42	36	13		תִּקָּ֔חוּ	3947	HVqi2mp	01wJ6
42	36	14		עָלַ֖/י	5921 a	HR/Sp1cs	01LQy
42	36	15		הָי֥וּ	1961	HVqp3cp	01YhD
42	36	16		כֻלָּֽ/נָה	3605	HNcmsc/Sp3fp	01ETb
42	37	1		וַ/יֹּ֤אמֶר	c/559	HC/Vqw3ms	01Qet
42	37	2		רְאוּבֵן֙	7205	HNp	01tLz
42	37	3		אֶל	413	HR	01bYE
42	37	4		אָבִ֣י/ו	1	HNcmsc/Sp3ms	01WPG
42	37	5		לֵ/אמֹ֔ר	l/559	HR/Vqc	01BLw
42	37	6		אֶת	853	HTo	01FP4
42	37	7		שְׁנֵ֤י	8147	HAcmdc	01Yvo
42	37	8		בָנַ/י֙	1121 a	HNcmpc/Sp1cs	01FwY
42	37	9		תָּמִ֔ית	4191	HVhi2ms	012F8
42	37	10		אִם	518 a	HC	01PRF
42	37	11		לֹ֥א	3808	HTn	01gaE
42	37	12		אֲבִיאֶ֖/נּוּ	935	HVhi1cs/Sp3ms	01RkV
42	37	13		אֵלֶ֑י/ךָ	413	HR/Sp2ms	01QSE
42	37	14		תְּנָ֤/ה	5414	HVqv2ms/Sh	01QdJ
42	37	15		אֹת/וֹ֙	853	HTo/Sp3ms	01KzM
42	37	16		עַל	5921 a	HR	01JST
42	37	17		יָדִ֔/י	3027	HNcbsc/Sp1cs	01pXe
42	37	18		וַ/אֲנִ֖י	c/589	HC/Pp1cs	01KT5
42	37	19		אֲשִׁיבֶ֥/נּוּ	7725	HVhi1cs/Sp3ms	01oa7
42	37	20		אֵלֶֽי/ךָ	413	HR/Sp2ms	01tQC
42	38	1		וַ/יֹּ֕אמֶר	c/559	HC/Vqw3ms	01mjH
42	38	2		לֹֽא	3808	HTn	01io1
42	38	3		יֵרֵ֥ד	3381	HVqi3ms	015CY
42	38	4		בְּנִ֖/י	1121 a	HNcmsc/Sp1cs	01Avf
42	38	5		עִמָּ/כֶ֑ם	5973 a	HR/Sp2mp	01CX6
42	38	6		כִּֽי	3588 a	HC	012za
42	38	7		אָחִ֨י/ו	251	HNcmsc/Sp3ms	01rb3
42	38	8		מֵ֜ת	4191	HVqp3ms	01iZ7
42	38	9		וְ/ה֧וּא	c/1931	HC/Pp3ms	01CFM
42	38	10		לְ/בַדּ֣/וֹ	l/905	HR/Ncmsc/Sp3ms	01nVr
42	38	11		נִשְׁאָ֗ר	7604	HVNrmsa	01Hwj
42	38	12		וּ/קְרָאָ֤/הוּ	c/7122	HC/Vqp3ms/Sp3ms	01nWJ
42	38	13		אָסוֹן֙	611	HNcmsa	01pjA
42	38	14		בַּ/דֶּ֨רֶךְ֙	b/1870	HRd/Ncbsa	019vE
42	38	15		אֲשֶׁ֣ר	834 a	HTr	01AAE
42	38	16		תֵּֽלְכוּ	3212	HVqi2mp	01Hjp
42	38	17		בָ֔/הּ	b	HR/Sp3fs	01hW7
42	38	18		וְ/הוֹרַדְתֶּ֧ם	c/3381	HC/Vhq2mp	01GwM
42	38	19		אֶת	853	HTo	01fZG
42	38	20		שֵׂיבָתִ֛/י	7872	HNcfsc/Sp1cs	01KCF
42	38	21		בְּ/יָג֖וֹן	b/3015	HR/Ncmsa	01AEB
42	38	22		שְׁאֽוֹלָ/ה	7585	HNp/Sd	01E2o
43	1	1		וְ/הָ/רָעָ֖ב	c/d/7458	HC/Td/Ncmsa	01xWX
43	1	2		כָּבֵ֥ד	3515	HAamsa	01gvD
43	1	3		בָּ/אָֽרֶץ	b/776	HRd/Ncbsa	01D2v
43	2	1		וַ/יְהִ֗י	c/1961	HC/Vqw3ms	014ZF
43	2	2		כַּ/אֲשֶׁ֤ר	k/834 d	HR/Tr	01V9q
43	2	3		כִּלּוּ֙	3615	HVpp3cp	01evn
43	2	4		לֶ/אֱכֹ֣ל	l/398	HR/Vqc	01yrv
43	2	5		אֶת	853	HTo	01zen
43	2	6		הַ/שֶּׁ֔בֶר	d/7668	HTd/Ncmsa	01swK
43	2	7		אֲשֶׁ֥ר	834 a	HTr	01hqT
43	2	8		הֵבִ֖יאוּ	935	HVhp3cp	01kv1
43	2	9		מִ/מִּצְרָ֑יִם	m/4714	HR/Np	01Zzy
43	2	10		וַ/יֹּ֤אמֶר	c/559	HC/Vqw3ms	01eFq
43	2	11		אֲלֵי/הֶם֙	413	HR/Sp3mp	01bsP
43	2	12		אֲבִי/הֶ֔ם	1	HNcmsc/Sp3mp	01PLk
43	2	13		שֻׁ֖בוּ	7725	HVqv2mp	011zc
43	2	14		שִׁבְרוּ	7666	HVqv2mp	013NA
43	2	15		לָ֥/נוּ	l	HR/Sp1cp	018YU
43	2	16		מְעַט	4592	HNcmsc	01JVw
43	2	17		אֹֽכֶל	400	HNcmsa	014fV
43	3	1		וַ/יֹּ֧אמֶר	c/559	HC/Vqw3ms	01N3f
43	3	2		אֵלָ֛י/ו	413	HR/Sp3ms	01yUq
43	3	3		יְהוּדָ֖ה	3063	HNp	01imQ
43	3	4		לֵ/אמֹ֑ר	l/559	HR/Vqc	01M2g
43	3	5		הָעֵ֣ד	5749 b	HVha	0187c
43	3	6		הֵעִד֩	5749 b	HVhp3ms	012Y4
43	3	7		בָּ֨/נוּ	b	HR/Sp1cp	01jwp
43	3	8		הָ/אִ֤ישׁ	d/376	HTd/Ncmsa	01WXV
43	3	9		לֵ/אמֹר֙	l/559	HR/Vqc	01pDf
43	3	10		לֹֽא	3808	HTn	01dGH
43	3	11		תִרְא֣וּ	7200	HVqi2mp	01k4N
43	3	12		פָנַ֔/י	6440	HNcbpc/Sp1cs	01DLx
43	3	13		בִּלְתִּ֖י	1115	HC	01Sh8
43	3	14		אֲחִי/כֶ֥ם	251	HNcmsc/Sp2mp	01ar1
43	3	15		אִתְּ/כֶֽם	854	HR/Sp2mp	01rxd
43	4	1		אִם	518 a	HC	01nLc
43	4	2		יֶשְׁ/ךָ֛	3426	HTm/Sp2ms	01ar4
43	4	3		מְשַׁלֵּ֥חַ	7971	HVprmsa	01jgo
43	4	4		אֶת	853	HTo	014cD
43	4	5		אָחִ֖י/נוּ	251	HNcmsc/Sp1cp	01Ycc
43	4	6		אִתָּ֑/נוּ	854	HR/Sp1cp	01rD5
43	4	7		נֵרְדָ֕ה	3381	HVqh1cp	019sP
43	4	8		וְ/נִשְׁבְּרָ֥ה	c/7666	HC/Vqh1cp	01upY
43	4	9		לְ/ךָ֖	l	HR/Sp2ms	01wW2
43	4	10		אֹֽכֶל	400	HNcmsa	01nHb
43	5	1		וְ/אִם	c/518 a	HC/C	01GmS
43	5	2		אֵינְ/ךָ֥	369	HTn/Sp2ms	01py4
43	5	3		מְשַׁלֵּ֖חַ	7971	HVprmsa	019fg
43	5	4		לֹ֣א	3808	HTn	015Yb
43	5	5		נֵרֵ֑ד	3381	HVqi1cp	01hZd
43	5	6		כִּֽי	3588 a	HC	01YpQ
43	5	7		הָ/אִ֞ישׁ	d/376	HTd/Ncmsa	01mHL
43	5	8		אָמַ֤ר	559	HVqp3ms	01VZd
43	5	9		אֵלֵ֨י/נוּ֙	413	HR/Sp1cp	01akv
43	5	10		לֹֽא	3808	HTn	01giC
43	5	11		תִרְא֣וּ	7200	HVqi2mp	01HM9
43	5	12		פָנַ֔/י	6440	HNcbpc/Sp1cs	01ruu
43	5	13		בִּלְתִּ֖י	1115	HC	01KJc
43	5	14		אֲחִי/כֶ֥ם	251	HNcmsc/Sp2mp	01hcX
43	5	15		אִתְּ/כֶֽם	854	HR/Sp2mp	01UDn
43	6	1		וַ/יֹּ֨אמֶר֙	c/559	HC/Vqw3ms	01BHj
43	6	2		יִשְׂרָאֵ֔ל	3478	HNp	01uDE
43	6	3		לָ/מָ֥ה	l/4100	HR/Ti	01KPV
43	6	4		הֲרֵעֹתֶ֖ם	7489 a	HVhp2mp	01WH4
43	6	5		לִ֑/י	l	HR/Sp1cs	01bCz
43	6	6		לְ/הַגִּ֣יד	l/5046	HR/Vhc	01pi7
43	6	7		לָ/אִ֔ישׁ	l/376	HRd/Ncmsa	01v8A
43	6	8		הַ/ע֥וֹד	i/5750	HTi/D	01yEj
43	6	9		לָ/כֶ֖ם	l	HR/Sp2mp	01htE
43	6	10		אָֽח	251	HNcmsa	01U6U
43	7	1		וַ/יֹּאמְר֡וּ	c/559	HC/Vqw3mp	0188W
43	7	2		שָׁא֣וֹל	7592	HVqa	01QWP
43	7	3		שָֽׁאַל	7592	HVqp3ms	01n6F
43	7	4		הָ֠/אִישׁ	d/376	HTd/Ncmsa	01Hqa
43	7	5		לָ֣/נוּ	l	HR/Sp1cp	01t3X
43	7	6		וּ/לְ/מֽוֹלַדְתֵּ֜/נוּ	c/l/4138	HC/R/Ncfsc/Sp1cp	01CLr
43	7	7		לֵ/אמֹ֗ר	l/559	HR/Vqc	01Q9H
43	7	8		הַ/ע֨וֹד	i/5750	HTi/D	01tU1
43	7	9		אֲבִי/כֶ֥ם	1	HNcmsc/Sp2mp	017oG
43	7	10		חַי֙	2416 a	HAamsa	014FJ
43	7	11		הֲ/יֵ֣שׁ	i/3426	HTi/Tm	01L2q
43	7	12		לָ/כֶ֣ם	l	HR/Sp2mp	01Ka9
43	7	13		אָ֔ח	251	HNcmsa	01X6z
43	7	14		וַ/נַ֨גֶּד	c/5046	HC/Vhw1cp	01yxi
43	7	15		ל֔/וֹ	l	HR/Sp3ms	01GLo
43	7	16		עַל	5921 a	HR	01Bix
43	7	17		פִּ֖י	6310	HNcmsc	01cPQ
43	7	18		הַ/דְּבָרִ֣ים	d/1697	HTd/Ncmpa	01cbW
43	7	19		הָ/אֵ֑לֶּה	d/428	HTd/Pdxcp	01mCc
43	7	20		הֲ/יָד֣וֹעַ	i/3045	HTi/Vqa	01Avn
43	7	21		נֵדַ֔ע	3045	HVqi1cp	01TY3
43	7	22		כִּ֣י	3588 a	HC	01MXC
43	7	23		יֹאמַ֔ר	559	HVqi3ms	01WWh
43	7	24		הוֹרִ֖ידוּ	3381	HVhv2mp	01ueN
43	7	25		אֶת	853	HTo	018Cg
43	7	26		אֲחִי/כֶֽם	251	HNcmsc/Sp2mp	01ZdT
43	8	1		וַ/יֹּ֨אמֶר	c/559	HC/Vqw3ms	01VE3
43	8	2		יְהוּדָ֜ה	3063	HNp	012nE
43	8	3		אֶל	413	HR	01gDZ
43	8	4		יִשְׂרָאֵ֣ל	3478	HNp	01rKB
43	8	5		אָבִ֗י/ו	1	HNcmsc/Sp3ms	01pv1
43	8	6		שִׁלְחָ֥/ה	7971	HVqv2ms/Sh	01XgP
43	8	7		הַ/נַּ֛עַר	d/5288	HTd/Ncmsa	01mAX
43	8	8		אִתִּ֖/י	854	HR/Sp1cs	01k8g
43	8	9		וְ/נָק֣וּמָה	c/6965 b	HC/Vqh1cp	01qk4
43	8	10		וְ/נֵלֵ֑כָה	c/3212	HC/Vqh1cp	01JbN
43	8	11		וְ/נִֽחְיֶה֙	c/2421	HC/Vqi1cp	01GYD
43	8	12		וְ/לֹ֣א	c/3808	HC/Tn	01FY9
43	8	13		נָמ֔וּת	4191	HVqi1cp	01Ec2
43	8	14		גַּם	1571	HTa	01eUa
43	8	15		אֲנַ֥חְנוּ	587	HPp1cp	01uSg
43	8	16		גַם	1571	HD	01ish
43	8	17		אַתָּ֖ה	859 a	HPp2ms	01swG
43	8	18		גַּם	1571	HTa	01LG8
43	8	19		טַפֵּֽ/נוּ	2945	HNcmsc/Sp1cp	01PJr
43	9	1		אָֽנֹכִי֙	595	HPp1cs	01Gmg
43	9	2		אֶֽעֶרְבֶ֔/נּוּ	6148	HVqi1cs/Sp3ms	01ssp
43	9	3		מִ/יָּדִ֖/י	m/3027	HR/Ncbsc/Sp1cs	01232
43	9	4		תְּבַקְשֶׁ֑/נּוּ	1245	HVpi2ms/Sp3ms	01MrS
43	9	5		אִם	518 a	HC	01j4p
43	9	6		לֹ֨א	3808	HTn	01fJ2
43	9	7		הֲבִיאֹתִ֤י/ו	935	HVhp1cs/Sp3ms	01G6R
43	9	8		אֵלֶ֨י/ךָ֙	413	HR/Sp2ms	01R4G
43	9	9		וְ/הִצַּגְתִּ֣י/ו	c/3322	HC/Vhq1cs/Sp3ms	01HUR
43	9	10		לְ/פָנֶ֔י/ךָ	l/6440	HR/Ncbpc/Sp2ms	01Q5U
43	9	11		וְ/חָטָ֥אתִֽי	c/2398	HC/Vqq1cs	01NNq
43	9	12		לְ/ךָ֖	l	HR/Sp2ms	01k9C
43	9	13		כָּל	3605	HNcmsc	01nCf
43	9	14		הַ/יָּמִֽים	d/3117	HTd/Ncmpa	01Hy2
43	10	1		כִּ֖י	3588 a	HC	01MsW
43	10	2		לוּלֵ֣א	3884	HC	01Cep
43	10	3		הִתְמַהְמָ֑הְנוּ	4102	HVfp1cp	01BbN
43	10	4		כִּֽי	3588 a	HC	01psu
43	10	5		עַתָּ֥ה	6258	HD	01tH7
43	10	6		שַׁ֖בְנוּ	7725	HVqp1cp	01t6W
43	10	7		זֶ֥ה	2088	HPdxms	012eh
43	10	8		פַעֲמָֽיִם	6471	HNcfda	016Xc
43	11	1		וַ/יֹּ֨אמֶר	c/559	HC/Vqw3ms	01Qnt
43	11	2		אֲלֵ/הֶ֜ם	413	HR/Sp3mp	01Pqd
43	11	3		יִשְׂרָאֵ֣ל	3478	HNp	019vA
43	11	4		אֲבִי/הֶ֗ם	1	HNcmsc/Sp3mp	01Cqm
43	11	5		אִם	518 a	HC	01E4p
43	11	6		כֵּ֣ן	3651 c	HTm	01sV7
43	11	7		אֵפוֹא֮	645	HD	01o2v
43	11	8		זֹ֣את	2063	HPdxfs	01YDw
43	11	9		עֲשׂוּ֒	6213 a	HVqv2mp	01WUy
43	11	10		קְח֞וּ	3947	HVqv2mp	01vt4
43	11	11		מִ/זִּמְרַ֤ת	m/2173	HR/Ncfsc	01KR1
43	11	12		הָ/אָ֨רֶץ֙	d/776	HTd/Ncbsa	011Bt
43	11	13		בִּ/כְלֵי/כֶ֔ם	b/3627	HR/Ncmpc/Sp2mp	012Bk
43	11	14		וְ/הוֹרִ֥ידוּ	c/3381	HC/Vhv2mp	019P1
43	11	15		לָ/אִ֖ישׁ	l/376	HRd/Ncmsa	01KCP
43	11	16		מִנְחָ֑ה	4503	HNcfsa	01eGa
43	11	17		מְעַ֤ט	4592	HNcmsc	014Kp
43	11	18		צֳרִי֙	6875	HNcmsa	01RuN
43	11	19		וּ/מְעַ֣ט	c/4592	HC/Ncmsc	01iFW
43	11	20		דְּבַ֔שׁ	1706	HNcmsa	011uU
43	11	21		נְכֹ֣את	5219	HNcfsa	017Kx
43	11	22		וָ/לֹ֔ט	c/3910	HC/Ncmsa	01uET
43	11	23		בָּטְנִ֖ים	992	HNcmpa	019fd
43	11	24		וּ/שְׁקֵדִֽים	c/8247	HC/Ncmpa	01yEU
43	12	1		וְ/כֶ֥סֶף	c/3701	HC/Ncmsc	01dac
43	12	2		מִשְׁנֶ֖ה	4932	HNcmsa	01sa6
43	12	3		קְח֣וּ	3947	HVqv2mp	01f6d
43	12	4		בְ/יֶדְ/כֶ֑ם	b/3027	HR/Ncbsc/Sp2mp	01mDw
43	12	5		וְ/אֶת	c/853	HC/To	01YrV
43	12	6		הַ/כֶּ֜סֶף	d/3701	HTd/Ncmsa	0124b
43	12	7		הַ/מּוּשָׁ֨ב	d/7725	HTd/VHsmsa	01w3S
43	12	8		בְּ/פִ֤י	b/6310	HR/Ncmsc	01w9t
43	12	9		אַמְתְּחֹֽתֵי/כֶם֙	572	HNcfpc/Sp2mp	017ff
43	12	10		תָּשִׁ֣יבוּ	7725	HVhi2mp	01fx4
43	12	11		בְ/יֶדְ/כֶ֔ם	b/3027	HR/Ncbsc/Sp2mp	01kRe
43	12	12		אוּלַ֥י	194	HD	01ew8
43	12	13		מִשְׁגֶּ֖ה	4870	HNcmsa	01xKR
43	12	14		הֽוּא	1931	HPp3ms	01KjT
43	13	1		וְ/אֶת	c/853	HC/To	0174N
43	13	2		אֲחִי/כֶ֖ם	251	HNcmsc/Sp2mp	018mx
43	13	3		קָ֑חוּ	3947	HVqv2mp	01LeV
43	13	4		וְ/ק֖וּמוּ	c/6965 b	HC/Vqv2mp	01C43
43	13	5		שׁ֥וּבוּ	7725	HVqv2mp	01hLD
43	13	6		אֶל	413	HR	01vuo
43	13	7		הָ/אִֽישׁ	d/376	HTd/Ncmsa	01iEV
43	14	1		וְ/אֵ֣ל	c/410	HC/Np	01Z8U
43	14	2		שַׁדַּ֗י	7706	HNp	01ZXN
43	14	3		יִתֵּ֨ן	5414	HVqi3ms	01F2A
43	14	4		לָ/כֶ֤ם	l	HR/Sp2mp	01v1X
43	14	5		רַחֲמִים֙	7356 b	HNcmpa	01goA
43	14	6		לִ/פְנֵ֣י	l/6440	HR/Ncbpc	017YU
43	14	7		הָ/אִ֔ישׁ	d/376	HTd/Ncmsa	01brA
43	14	8		וְ/שִׁלַּ֥ח	c/7971	HC/Vpq3ms	01G32
43	14	9		לָ/כֶ֛ם	l	HR/Sp2mp	01NVQ
43	14	10		אֶת	853	HTo	01PM3
43	14	11		אֲחִי/כֶ֥ם	251	HNcmsc/Sp2mp	01c34
43	14	12		אַחֵ֖ר	312	HAamsa	016hq
43	14	13		וְ/אֶת	c/853	HC/To	01bGL
43	14	14		בִּנְיָמִ֑ין	1144	HNp	01Y42
43	14	15		וַ/אֲנִ֕י	c/589	HC/Pp1cs	01d4i
43	14	16		כַּ/אֲשֶׁ֥ר	k/834 d	HR/Tr	01Ziy
43	14	17		שָׁכֹ֖לְתִּי	7921 a	HVqp1cs	01y6C
43	14	18		שָׁכָֽלְתִּי	7921 a	HVqp1cs	01dyZ
43	15	1		וַ/יִּקְח֤וּ	c/3947	HC/Vqw3mp	01wJt
43	15	2		הָֽ/אֲנָשִׁים֙	d/376	HTd/Ncmpa	01Ja1
43	15	3		אֶת	853	HTo	01tZz
43	15	4		הַ/מִּנְחָ֣ה	d/4503	HTd/Ncfsa	01Y4E
43	15	5		הַ/זֹּ֔את	d/2063	HTd/Pdxfs	015J1
43	15	6		וּ/מִשְׁנֶה	c/4932	HC/Ncmsa	013CU
43	15	7		כֶּ֛סֶף	3701	HNcmsa	018Kz
43	15	8		לָקְח֥וּ	3947	HVqp3cp	01Ro1
43	15	9		בְ/יָדָ֖/ם	b/3027	HR/Ncbsc/Sp3mp	0186v
43	15	10		וְ/אֶת	c/853	HC/To	01sAQ
43	15	11		בִּנְיָמִ֑ן	1144	HNp	01LmQ
43	15	12		וַ/יָּקֻ֨מוּ֙	c/6965 b	HC/Vqw3mp	01mzv
43	15	13		וַ/יֵּרְד֣וּ	c/3381	HC/Vqw3mp	01mLV
43	15	14		מִצְרַ֔יִם	4714	HNp	01qG8
43	15	15		וַ/יַּֽעַמְד֖וּ	c/5975	HC/Vqw3mp	01GtP
43	15	16		לִ/פְנֵ֥י	l/6440	HR/Ncbpc	01JvS
43	15	17		יוֹסֵֽף	3130	HNp	015g1
43	16	1		וַ/יַּ֨רְא	c/7200	HC/Vqw3ms	01X2v
43	16	2		יוֹסֵ֣ף	3130	HNp	01Ex9
43	16	3		אִתָּ/ם֮	854	HR/Sp3mp	01ygC
43	16	4		אֶת	853	HTo	012A8
43	16	5		בִּנְיָמִין֒	1144	HNp	019hf
43	16	6		וַ/יֹּ֨אמֶר֙	c/559	HC/Vqw3ms	01X1n
43	16	7		לַֽ/אֲשֶׁ֣ר	l/834 a	HR/Tr	01itq
43	16	8		עַל	5921 a	HR	01eM3
43	16	9		בֵּית֔/וֹ	1004 b	HNcmsc/Sp3ms	01oBH
43	16	10		הָבֵ֥א	935	HVhv2ms	01rSu
43	16	11		אֶת	853	HTo	01EZu
43	16	12		הָ/אֲנָשִׁ֖ים	d/376	HTd/Ncmpa	01s9u
43	16	13		הַ/בָּ֑יְתָ/ה	d/1004 b	HTd/Ncmsa/Sh	01fMY
43	16	14		וּ/טְבֹ֤חַ	c/2873	HC/Vqv2ms	01wZJ
43	16	15		טֶ֨בַח֙	2874	HNcmsa	01rgs
43	16	16		וְ/הָכֵ֔ן	c/3559 a	HC/Vhv2ms	01nbu
43	16	17		כִּ֥י	3588 a	HC	01kWF
43	16	18		אִתִּ֛/י	854	HR/Sp1cs	01vBn
43	16	19		יֹאכְל֥וּ	398	HVqi3mp	01KKo
43	16	20		הָ/אֲנָשִׁ֖ים	d/376	HTd/Ncmpa	01Gj4
43	16	21		בַּֽ/צָּהֳרָֽיִם	b/6672 a	HRd/Ncmpa	01RPK
43	17	1		וַ/יַּ֣עַשׂ	c/6213 a	HC/Vqw3ms	01YAd
43	17	2		הָ/אִ֔ישׁ	d/376	HTd/Ncmsa	01Vij
43	17	3		כַּֽ/אֲשֶׁ֖ר	k/834 d	HR/Tr	01jHj
43	17	4		אָמַ֣ר	559	HVqp3ms	01aMd
43	17	5		יוֹסֵ֑ף	3130	HNp	01EuG
43	17	6		וַ/יָּבֵ֥א	c/935	HC/Vhw3ms	01j8x
43	17	7		הָ/אִ֛ישׁ	d/376	HTd/Ncmsa	01Fvq
43	17	8		אֶת	853	HTo	019kq
43	17	9		הָ/אֲנָשִׁ֖ים	d/376	HTd/Ncmpa	015H8
43	17	10		בֵּ֥יתָ/ה	1004 b	HNcmsc/Sd	01pXZ
43	17	11		יוֹסֵֽף	3130	HNp	01HHc
43	18	1		וַ/יִּֽירְא֣וּ	c/3372	HC/Vqw3mp	01ajA
43	18	2		הָֽ/אֲנָשִׁ֗ים	d/376	HTd/Ncmpa	019SP
43	18	3		כִּ֣י	3588 a	HC	01Qcu
43	18	4		הֽוּבְאוּ֮	935	HVHp3cp	01SYH
43	18	5		בֵּ֣ית	1004 b	HNcmsc	015Jn
43	18	6		יוֹסֵף֒	3130	HNp	01bsL
43	18	7		וַ/יֹּאמְר֗וּ	c/559	HC/Vqw3mp	01jDw
43	18	8		עַל	5921 a	HR	011bk
43	18	9		דְּבַ֤ר	1697	HNcmsc	01DMm
43	18	10		הַ/כֶּ֨סֶף֙	d/3701	HTd/Ncmsa	01pzc
43	18	11		הַ/שָּׁ֤ב	d/7725	HTd/Vqrmsa	011Yx
43	18	12		בְּ/אַמְתְּחֹתֵ֨י/נוּ֙	b/572	HR/Ncfpc/Sp1cp	013Du
43	18	13		בַּ/תְּחִלָּ֔ה	b/8462	HRd/Ncfsa	012h2
43	18	14		אֲנַ֖חְנוּ	587	HPp1cp	01gjY
43	18	15		מֽוּבָאִ֑ים	935	HVHsmpa	012j3
43	18	16		לְ/הִתְגֹּלֵ֤ל	l/1556	HR/Vrc	01ePz
43	18	17		עָלֵ֨י/נוּ֙	5921 a	HR/Sp1cp	01BfF
43	18	18		וּ/לְ/הִתְנַפֵּ֣ל	c/l/5307	HC/R/Vtc	01UJE
43	18	19		עָלֵ֔י/נוּ	5921 a	HR/Sp1cp	01ge1
43	18	20		וְ/לָ/קַ֧חַת	c/l/3947	HC/R/Vqc	01fWE
43	18	21		אֹתָ֛/נוּ	853	HTo/Sp1cp	01suA
43	18	22		לַ/עֲבָדִ֖ים	l/5650	HR/Ncmpa	01pWK
43	18	23		וְ/אֶת	c/853	HC/To	01vDN
43	18	24		חֲמֹרֵֽי/נוּ	2543	HNcbpc/Sp1cp	01aok
43	19	1		וַֽ/יִּגְּשׁוּ֙	c/5066	HC/Vqw3mp	01s1B
43	19	2		אֶל	413	HR	0131s
43	19	3		הָ/אִ֔ישׁ	d/376	HTd/Ncmsa	01vEo
43	19	4		אֲשֶׁ֖ר	834 a	HTr	01rov
43	19	5		עַל	5921 a	HR	018pY
43	19	6		בֵּ֣ית	1004 b	HNcmsc	01eVw
43	19	7		יוֹסֵ֑ף	3130	HNp	01Wrr
43	19	8		וַ/יְדַבְּר֥וּ	c/1696	HC/Vpw3mp	01N4F
43	19	9		אֵלָ֖י/ו	413	HR/Sp3ms	01zhZ
43	19	10		פֶּ֥תַח	6607	HNcmsc	01bhC
43	19	11		הַ/בָּֽיִת	d/1004 b	HTd/Ncmsa	01AbY
43	20	1		וַ/יֹּאמְר֖וּ	c/559	HC/Vqw3mp	014ju
43	20	2		בִּ֣י	994	HTe	01bzN
43	20	3		אֲדֹנִ֑/י	113	HNcmsc/Sp1cs	01TQU
43	20	4		יָרֹ֥ד	3381	HVqa	01RTE
43	20	5		יָרַ֛דְנוּ	3381	HVqp1cp	014Do
43	20	6		בַּ/תְּחִלָּ֖ה	b/8462	HRd/Ncfsa	01HSc
43	20	7		לִ/שְׁבָּר	l/7666	HR/Vqc	01wVq
43	20	8		אֹֽכֶל	400	HNcmsa	01icU
43	21	1		וַֽ/יְהִ֞י	c/1961	HC/Vqw3ms	01YqS
43	21	2		כִּי	3588 a	HC	015Sq
43	21	3		בָ֣אנוּ	935	HVqp1cp	01Uao
43	21	4		אֶל	413	HR	01o5Q
43	21	5		הַ/מָּל֗וֹן	d/4411	HTd/Ncmsa	01txV
43	21	6		וַֽ/נִּפְתְּחָ/ה֙	c/6605 a	HC/Vqw1cp/Sh	01WxT
43	21	7		אֶת	853	HTo	01mMW
43	21	8		אַמְתְּחֹתֵ֔י/נוּ	572	HNcfpc/Sp1cp	01zzq
43	21	9		וְ/הִנֵּ֤ה	c/2009	HC/Tm	01amd
43	21	10		כֶֽסֶף	3701	HNcmsc	014qo
43	21	11		אִישׁ֙	376	HNcmsa	01Wnd
43	21	12		בְּ/פִ֣י	b/6310	HR/Ncmsc	01wSb
43	21	13		אַמְתַּחְתּ֔/וֹ	572	HNcfsc/Sp3ms	01KyN
43	21	14		כַּסְפֵּ֖/נוּ	3701	HNcmsc/Sp1cp	01D9E
43	21	15		בְּ/מִשְׁקָל֑/וֹ	b/4948	HR/Ncmsc/Sp3ms	01Bps
43	21	16		וַ/נָּ֥שֶׁב	c/7725	HC/Vhw1cp	01BNa
43	21	17		אֹת֖/וֹ	853	HTo/Sp3ms	01Gyv
43	21	18		בְּ/יָדֵֽ/נוּ	b/3027	HR/Ncbsc/Sp1cp	01SAN
43	22	1		וְ/כֶ֧סֶף	c/3701	HC/Ncmsa	01zcw
43	22	2		אַחֵ֛ר	312	HAamsa	01Go8
43	22	3		הוֹרַ֥דְנוּ	3381	HVhp1cp	012uL
43	22	4		בְ/יָדֵ֖/נוּ	b/3027	HR/Ncbsc/Sp1cp	01b2c
43	22	5		לִ/שְׁבָּר	l/7666	HR/Vqc	01b82
43	22	6		אֹ֑כֶל	400	HNcmsa	01TUV
43	22	7		לֹ֣א	3808	HTn	01TrY
43	22	8		יָדַ֔עְנוּ	3045	HVqp1cp	01h8T
43	22	9		מִי	4310	HTi	01S82
43	22	10		שָׂ֥ם	7760 a	HVqp3ms	01AbC
43	22	11		כַּסְפֵּ֖/נוּ	3701	HNcmsc/Sp1cp	01rtv
43	22	12		בְּ/אַמְתְּחֹתֵֽי/נוּ	b/572	HR/Ncfpc/Sp1cp	01DJD
43	23	1		וַ/יֹּאמֶר֩	c/559	HC/Vqw3ms	01d8K
43	23	2		שָׁל֨וֹם	7965	HNcmsa	01B4Q
43	23	3		לָ/כֶ֜ם	l	HR/Sp2mp	01aPf
43	23	4		אַל	408	HTn	01LCC
43	23	5		תִּירָ֗אוּ	3372	HVqj2mp	01R9D
43	23	6		אֱלֹ֨הֵי/כֶ֜ם	430	HNcmpc/Sp2mp	01qMy
43	23	7		וֵֽ/אלֹהֵ֤י	c/430	HC/Ncmpc	01X75
43	23	8		אֲבִי/כֶם֙	1	HNcmsc/Sp2mp	01Jso
43	23	9		נָתַ֨ן	5414	HVqp3ms	01ypF
43	23	10		לָ/כֶ֤ם	l	HR/Sp2mp	01nDH
43	23	11		מַטְמוֹן֙	4301	HNcmsa	01EBR
43	23	12		בְּ/אַמְתְּחֹ֣תֵי/כֶ֔ם	b/572	HR/Ncfpc/Sp2mp	0121i
43	23	13		כַּסְפְּ/כֶ֖ם	3701	HNcmsc/Sp2mp	016mJ
43	23	14		בָּ֣א	935	HVqp3ms	01hfL
43	23	15		אֵלָ֑/י	413	HR/Sp1cs	0163w
43	23	16		וַ/יּוֹצֵ֥א	c/3318	HC/Vhw3ms	014o1
43	23	17		אֲלֵ/הֶ֖ם	413	HR/Sp3mp	01wk2
43	23	18		אֶת	853	HTo	01zFF
43	23	19		שִׁמְעֽוֹן	8095	HNp	01hjV
43	24	1		וַ/יָּבֵ֥א	c/935	HC/Vhw3ms	01map
43	24	2		הָ/אִ֛ישׁ	d/376	HTd/Ncmsa	01QRg
43	24	3		אֶת	853	HTo	01KPh
43	24	4		הָ/אֲנָשִׁ֖ים	d/376	HTd/Ncmpa	01aLs
43	24	5		בֵּ֣יתָ/ה	1004 b	HNcmsc/Sd	01trG
43	24	6		יוֹסֵ֑ף	3130	HNp	01knt
43	24	7		וַ/יִּתֶּן	c/5414	HC/Vqw3ms	01z6V
43	24	8		מַ֨יִם֙	4325	HNcmpa	012UW
43	24	9		וַ/יִּרְחֲצ֣וּ	c/7364	HC/Vqw3mp	01835
43	24	10		רַגְלֵי/הֶ֔ם	7272	HNcfdc/Sp3mp	01rf5
43	24	11		וַ/יִּתֵּ֥ן	c/5414	HC/Vqw3ms	01kzx
43	24	12		מִסְפּ֖וֹא	4554	HNcmsa	01BT5
43	24	13		לַ/חֲמֹֽרֵי/הֶֽם	l/2543	HR/Ncbpc/Sp3mp	01oDC
43	25	1		וַ/יָּכִ֨ינוּ֙	c/3559 a	HC/Vhw3mp	01ZBQ
43	25	2		אֶת	853	HTo	01ym9
43	25	3		הַ/מִּנְחָ֔ה	d/4503	HTd/Ncfsa	01N1F
43	25	4		עַד	5704	HR	01qDH
43	25	5		בּ֥וֹא	935	HVqc	01VsZ
43	25	6		יוֹסֵ֖ף	3130	HNp	011c7
43	25	7		בַּֽ/צָּהֳרָ֑יִם	b/6672 a	HRd/Ncmpa	01XWr
43	25	8		כִּ֣י	3588 a	HC	01ig2
43	25	9		שָֽׁמְע֔וּ	8085	HVqp3cp	01ttp
43	25	10		כִּי	3588 a	HC	01SwJ
43	25	11		שָׁ֖ם	8033	HD	01o1Z
43	25	12		יֹ֥אכְלוּ	398	HVqi3mp	01oKc
43	25	13		לָֽחֶם	3899	HNcbsa	018o1
43	26	1		וַ/יָּבֹ֤א	c/935	HC/Vqw3ms	01nxL
43	26	2		יוֹסֵף֙	3130	HNp	01iDa
43	26	3		הַ/בַּ֔יְתָ/ה	d/1004 b	HTd/Ncmsa/Sd	012iv
43	26	4		וַ/יָּבִ֥יאּוּ	c/935	HC/Vhw3mp	01zud
43	26	5		ל֛/וֹ	l	HR/Sp3ms	0174q
43	26	6		אֶת	853	HTo	01WWf
43	26	7		הַ/מִּנְחָ֥ה	d/4503	HTd/Ncfsa	01C5T
43	26	8		אֲשֶׁר	834 a	HTr	01X3T
43	26	9		בְּ/יָדָ֖/ם	b/3027	HR/Ncbsc/Sp3mp	01yCn
43	26	10		הַ/בָּ֑יְתָ/ה	d/1004 b	HTd/Ncmsa/Sd	01ft2
43	26	11		וַ/יִּשְׁתַּחֲווּ	c/7812	HC/Vtw3mp	01dcP
43	26	12		ל֖/וֹ	l	HR/Sp3ms	017Gy
43	26	13		אָֽרְצָ/ה	776	HNcbsa/Sd	01SbQ
43	27	1		וַ/יִּשְׁאַ֤ל	c/7592	HC/Vqw3ms	01wce
43	27	2		לָ/הֶם֙	l	HR/Sp3mp	01xJn
43	27	3		לְ/שָׁל֔וֹם	l/7965	HR/Ncmsa	01Et1
43	27	4		וַ/יֹּ֗אמֶר	c/559	HC/Vqw3ms	01T6C
43	27	5		הֲ/שָׁל֛וֹם	i/7965	HTi/Ncmsa	01UB2
43	27	6		אֲבִי/כֶ֥ם	1	HNcmsc/Sp2mp	017Y3
43	27	7		הַ/זָּקֵ֖ן	d/2205	HTd/Aamsa	01Mwd
43	27	8		אֲשֶׁ֣ר	834 a	HTr	01Ur1
43	27	9		אֲמַרְתֶּ֑ם	559	HVqp2mp	01e4C
43	27	10		הַ/עוֹדֶ֖/נּוּ	i/5750	HTi/D/Sp3ms	01miN
43	27	11		חָֽי	2416 a	HAamsa	01FvD
43	28	1		וַ/יֹּאמְר֗וּ	c/559	HC/Vqw3mp	01NDk
43	28	2		שָׁל֛וֹם	7965	HNcmsa	01JD4
43	28	3		לְ/עַבְדְּ/ךָ֥	l/5650	HR/Ncmsc/Sp2ms	01j49
43	28	4		לְ/אָבִ֖י/נוּ	l/1	HR/Ncmsc/Sp1cp	01erp
43	28	5		עוֹדֶ֣/נּוּ	5750	HD/Sp3ms	01ZmW
43	28	6		חָ֑י	2416 a	HAamsa	01VHp
43	28	7		וַֽ/יִּקְּד֖וּ	c/6915	HC/Vqw3mp	01DmE
43	28	8	x-ketiv	ו/ישתחו	c/7812	HC/Vvw3ms	01v7J
43	28	9		וַ/יִּֽשְׁתַּחֲוּֽוּ	c/7812	HC/Vvw3mp	01UGx
43	29	1		וַ/יִּשָּׂ֣א	c/5375	HC/Vqw3ms	01i4y
43	29	2		עֵינָ֗י/ו	5869 a	HNcbdc/Sp3ms	01yeL
43	29	3		וַ/יַּ֞רְא	c/7200	HC/Vqw3ms	012Rm
43	29	4		אֶת	853	HTo	01uFg
43	29	5		בִּנְיָמִ֣ין	1144	HNp	01R3s
43	29	6		אָחִי/ו֮	251	HNcmsc/Sp3ms	01JGp
43	29	7		בֶּן	1121 a	HNcmsc	01pCi
43	29	8		אִמּ/וֹ֒	517	HNcfsc/Sp3ms	01NTF
43	29	9		וַ/יֹּ֗אמֶר	c/559	HC/Vqw3ms	011Rq
43	29	10		הֲ/זֶה֙	i/2088	HTi/Pdxms	01SZB
43	29	11		אֲחִי/כֶ֣ם	251	HNcmsc/Sp2mp	018uM
43	29	12		הַ/קָּטֹ֔ן	d/6996 b	HTd/Aamsa	01UZR
43	29	13		אֲשֶׁ֥ר	834 a	HTr	01fAu
43	29	14		אֲמַרְתֶּ֖ם	559	HVqp2mp	01mmS
43	29	15		אֵלָ֑/י	413	HR/Sp1cs	01Dw5
43	29	16		וַ/יֹּאמַ֕ר	c/559	HC/Vqw3ms	01jx7
43	29	17		אֱלֹהִ֥ים	430	HNcmpa	01rH5
43	29	18		יָחְנְ/ךָ֖	2603 a	HVqi3ms/Sp2ms	01NA6
43	29	19		בְּנִֽ/י	1121 a	HNcmsc/Sp1cs	01SqU
43	30	1		וַ/יְמַהֵ֣ר	c/4116 a	HC/Vpw3ms	018ji
43	30	2		יוֹסֵ֗ף	3130	HNp	016qV
43	30	3		כִּֽי	3588 a	HC	01XHY
43	30	4		נִכְמְר֤וּ	3648	HVNp3cp	018WB
43	30	5		רַחֲמָי/ו֙	7356 b	HNcmpc/Sp3ms	0193A
43	30	6		אֶל	413	HR	01poS
43	30	7		אָחִ֔י/ו	251	HNcmsc/Sp3ms	01rn7
43	30	8		וַ/יְבַקֵּ֖שׁ	c/1245	HC/Vpw3ms	019y5
43	30	9		לִ/בְכּ֑וֹת	l/1058	HR/Vqc	01KSy
43	30	10		וַ/יָּבֹ֥א	c/935	HC/Vqw3ms	01F4h
43	30	11		הַ/חַ֖דְרָ/ה	d/2315	HTd/Ncmsa/Sd	01Ckf
43	30	12		וַ/יֵּ֥בְךְּ	c/1058	HC/Vqw3ms	0144q
43	30	13		שָֽׁמָּ/ה	8033	HD/Sd	01ran
43	31	1		וַ/יִּרְחַ֥ץ	c/7364	HC/Vqw3ms	01Gjz
43	31	2		פָּנָ֖י/ו	6440	HNcbpc/Sp3ms	01DWb
43	31	3		וַ/יֵּצֵ֑א	c/3318	HC/Vqw3ms	01GuH
43	31	4		וַ/יִּ֨תְאַפַּ֔ק	c/662	HC/Vtw3ms	01kpJ
43	31	5		וַ/יֹּ֖אמֶר	c/559	HC/Vqw3ms	01N2x
43	31	6		שִׂ֥ימוּ	7760 a	HVqv2mp	01D2f
43	31	7		לָֽחֶם	3899	HNcbsa	01UAb
43	32	1		וַ/יָּשִׂ֥ימוּ	c/7760 a	HC/Vqw3mp	01rv5
43	32	2		ל֛/וֹ	l	HR/Sp3ms	01JiY
43	32	3		לְ/בַדּ֖/וֹ	l/905	HR/Ncmsc/Sp3ms	01esq
43	32	4		וְ/לָ/הֶ֣ם	c/l	HC/R/Sp3mp	01dqX
43	32	5		לְ/בַדָּ֑/ם	l/905	HR/Ncmsc/Sp3mp	01ebp
43	32	6		וְ/לַ/מִּצְרִ֞ים	c/l/4713	HC/Rd/Ngmpa	012UP
43	32	7		הָ/אֹכְלִ֤ים	d/398	HTd/Vqrmpa	01Wrp
43	32	8		אִתּ/וֹ֙	854	HR/Sp3ms	01LS1
43	32	9		לְ/בַדָּ֔/ם	l/905	HR/Ncmsc/Sp3mp	01Qn4
43	32	10		כִּי֩	3588 a	HC	01DzD
43	32	11		לֹ֨א	3808	HTn	01V7M
43	32	12		יוּכְל֜וּ/ן	3201	HVqi3mp/Sn	01KGi
43	32	13		הַ/מִּצְרִ֗ים	d/4713	HTd/Ngmpa	017KW
43	32	14		לֶ/אֱכֹ֤ל	l/398	HR/Vqc	01JrG
43	32	15		אֶת	854	HR	01q8U
43	32	16		הָֽ/עִבְרִים֙	d/5680	HTd/Ngmpa	012oU
43	32	17		לֶ֔חֶם	3899	HNcbsa	01CHT
43	32	18		כִּי	3588 a	HC	01ZUV
43	32	19		תוֹעֵבָ֥ה	8441	HNcfsa	01bMo
43	32	20		הִ֖וא	1931	HPp3fs	01zVj
43	32	21		לְ/מִצְרָֽיִם	l/4713	HR/Np	01rAn
43	33	1		וַ/יֵּשְׁב֣וּ	c/3427	HC/Vqw3mp	01cxQ
43	33	2		לְ/פָנָ֔י/ו	l/6440	HR/Ncbpc/Sp3ms	01zEQ
43	33	3		הַ/בְּכֹר֙	d/1060	HTd/Ncmsa	01hDA
43	33	4		כִּ/בְכֹ֣רָת֔/וֹ	k/1062	HR/Ncbsc/Sp3ms	01d2s
43	33	5		וְ/הַ/צָּעִ֖יר	c/d/6810	HC/Td/Aamsa	01BSu
43	33	6		כִּ/צְעִרָת֑/וֹ	k/6812	HR/Ncfsc/Sp3ms	01zDs
43	33	7		וַ/יִּתְמְה֥וּ	c/8539	HC/Vqw3mp	01eq2
43	33	8		הָ/אֲנָשִׁ֖ים	d/376	HTd/Ncmpa	01Tnc
43	33	9		אִ֥ישׁ	376	HNcmsa	01BUh
43	33	10		אֶל	413	HR	01kqF
43	33	11		רֵעֵֽ/הוּ	7453	HNcmsc/Sp3ms	01cfp
43	34	1		וַ/יִּשָּׂ֨א	c/5375	HC/Vqw3ms	01UFy
43	34	2		מַשְׂאֹ֜ת	4864	HNcfpa	01nSj
43	34	3		מֵ/אֵ֣ת	m/854	HR/R	01Bdi
43	34	4		פָּנָי/ו֮	6440	HNcbpc/Sp3ms	01qYB
43	34	5		אֲלֵ/הֶם֒	413	HR/Sp3mp	018cw
43	34	6		וַ/תֵּ֜רֶב	c/7235 a	HC/Vqw3fs	01tyT
43	34	7		מַשְׂאַ֧ת	4864	HNcfsc	01ApH
43	34	8		בִּנְיָמִ֛ן	1144	HNp	01zUY
43	34	9		מִ/מַּשְׂאֹ֥ת	m/4864	HR/Ncfpc	0148S
43	34	10		כֻּלָּ֖/ם	3605	HNcmsc/Sp3mp	01pCM
43	34	11		חָמֵ֣שׁ	2568	HAcfsa	0153R
43	34	12		יָד֑וֹת	3027	HNcbpa	019VF
43	34	13		וַ/יִּשְׁתּ֥וּ	c/8354	HC/Vqw3mp	018mQ
43	34	14		וַֽ/יִּשְׁכְּר֖וּ	c/7937	HC/Vqw3mp	01pxf
43	34	15		עִמּֽ/וֹ	5973 a	HR/Sp3ms	01V9t
44	1	1		וַ/יְצַ֞ו	c/6680	HC/Vpw3ms	018Ko
44	1	2		אֶת	853	HTo	01ce5
44	1	3		אֲשֶׁ֣ר	834 a	HTr	01mDP
44	1	4		עַל	5921 a	HR	014q6
44	1	5		בֵּית/וֹ֮	1004 b	HNcmsc/Sp3ms	01DP5
44	1	6		לֵ/אמֹר֒	l/559	HR/Vqc	01B9f
44	1	7		מַלֵּ֞א	4390	HVpv2ms	01mKn
44	1	8		אֶת	853	HTo	01Kno
44	1	9		אַמְתְּחֹ֤ת	572	HNcfpc	01G2D
44	1	10		הָֽ/אֲנָשִׁים֙	d/376	HTd/Ncmpa	01V6n
44	1	11		אֹ֔כֶל	400	HNcmsa	01Ruv
44	1	12		כַּ/אֲשֶׁ֥ר	k/834 d	HR/Tr	01cd7
44	1	13		יוּכְל֖וּ/ן	3201	HVqi3mp/Sn	01qdB
44	1	14		שְׂאֵ֑ת	5375	HVqc	01BMk
44	1	15		וְ/שִׂ֥ים	c/7760 a	HC/Vqv2ms	01UJ8
44	1	16		כֶּֽסֶף	3701	HNcmsc	01Hn5
44	1	17		אִ֖ישׁ	376	HNcmsa	01fm3
44	1	18		בְּ/פִ֥י	b/6310	HR/Ncmsc	01R4K
44	1	19		אַמְתַּחְתּֽ/וֹ	572	HNcfsc/Sp3ms	01cAh
44	2	1		וְ/אֶת	c/853	HC/To	01trr
44	2	2		גְּבִיעִ֞/י	1375	HNcmsc/Sp1cs	01ou1
44	2	3		גְּבִ֣יעַ	1375	HNcmsc	01hBT
44	2	4		הַ/כֶּ֗סֶף	d/3701	HTd/Ncmsa	01RLA
44	2	5		תָּשִׂים֙	7760 a	HVqi2ms	01YKE
44	2	6		בְּ/פִי֙	b/6310	HR/Ncmsc	016Ts
44	2	7		אַמְתַּ֣חַת	572	HNcfsc	01mqM
44	2	8		הַ/קָּטֹ֔ן	d/6996 b	HTd/Aamsa	01wGE
44	2	9		וְ/אֵ֖ת	c/853	HC/To	01Qxd
44	2	10		כֶּ֣סֶף	3701	HNcmsc	01kfY
44	2	11		שִׁבְר֑/וֹ	7668	HNcmsc/Sp3ms	013JR
44	2	12		וַ/יַּ֕עַשׂ	c/6213 a	HC/Vqw3ms	017MQ
44	2	13		כִּ/דְבַ֥ר	k/1697	HR/Ncmsc	011w6
44	2	14		יוֹסֵ֖ף	3130	HNp	01QxW
44	2	15		אֲשֶׁ֥ר	834 a	HTr	01X3f
44	2	16		דִּבֵּֽר	1696	HVpp3ms	01s64
44	3	1		הַ/בֹּ֖קֶר	d/1242	HTd/Ncmsa	01mTo
44	3	2		א֑וֹר	215	HVqp3ms	013Wr
44	3	3		וְ/הָ/אֲנָשִׁ֣ים	c/d/376	HC/Td/Ncmpa	0151V
44	3	4		שֻׁלְּח֔וּ	7971	HVPp3cp	01W6J
44	3	5		הֵ֖מָּה	1992	HPp3mp	01Xjk
44	3	6		וַ/חֲמֹרֵי/הֶֽם	c/2543	HC/Ncbpc/Sp3mp	01GYx
44	4	1		הֵ֠ם	1992	HPp3mp	01skp
44	4	2		יָֽצְא֣וּ	3318	HVqp3cp	01ctZ
44	4	3		אֶת	853	HTo	01htn
44	4	4		הָ/עִיר֮	d/5892 b	HTd/Ncfsa	01xbn
44	4	5		לֹ֣א	3808	HTn	01fV1
44	4	6		הִרְחִיקוּ֒	7368	HVhp3cp	01SeH
44	4	7		וְ/יוֹסֵ֤ף	c/3130	HC/Np	01L88
44	4	8		אָמַר֙	559	HVqp3ms	016EY
44	4	9		לַֽ/אֲשֶׁ֣ר	l/834 a	HR/Tr	0132u
44	4	10		עַל	5921 a	HR	01SZz
44	4	11		בֵּית֔/וֹ	1004 b	HNcmsc/Sp3ms	01oWQ
44	4	12		ק֥וּם	6965 b	HVqv2ms	01d6u
44	4	13		רְדֹ֖ף	7291	HVqv2ms	01huA
44	4	14		אַחֲרֵ֣י	310 a	HR	01iMY
44	4	15		הָֽ/אֲנָשִׁ֑ים	d/376	HTd/Ncmpa	01Nae
44	4	16		וְ/הִשַּׂגְתָּ/ם֙	c/5381	HC/Vhq2ms/Sp3mp	01vSP
44	4	17		וְ/אָמַרְתָּ֣	c/559	HC/Vqq2ms	01nai
44	4	18		אֲלֵ/הֶ֔ם	413	HR/Sp3mp	01pxq
44	4	19		לָ֛/מָּה	l/4100	HR/Ti	01G9V
44	4	20		שִׁלַּמְתֶּ֥ם	7999 a	HVpp2mp	01dw3
44	4	21		רָעָ֖ה	7451 c	HNcfsa	01bbx
44	4	22		תַּ֥חַת	8478	HR	01sjt
44	4	23		טוֹבָֽה	2896 c	HAafsa	01xsv
44	5	1		הֲ/ל֣וֹא	i/3808	HTi/Tn	01T56
44	5	2		זֶ֗ה	2088	HPdxms	01MM2
44	5	3		אֲשֶׁ֨ר	834 a	HTr	01Qsv
44	5	4		יִשְׁתֶּ֤ה	8354	HVqi3ms	01dBx
44	5	5		אֲדֹנִ/י֙	113	HNcmsc/Sp1cs	01ijX
44	5	6		בּ֔/וֹ	b	HR/Sp3ms	01tBy
44	5	7		וְ/ה֕וּא	c/1931	HC/Pp3ms	01MUM
44	5	8		נַחֵ֥שׁ	5172	HVpa	0175T
44	5	9		יְנַחֵ֖שׁ	5172	HVpi3ms	01NWQ
44	5	10		בּ֑/וֹ	b	HR/Sp3ms	0155b
44	5	11		הֲרֵעֹתֶ֖ם	7489 a	HVhp2mp	01XeD
44	5	12		אֲשֶׁ֥ר	834 a	HTr	01W9h
44	5	13		עֲשִׂיתֶֽם	6213 a	HVqp2mp	016uV
44	6	1		וַֽ/יַּשִּׂגֵ֑/ם	c/5381	HC/Vhw3ms/Sp3mp	01ibm
44	6	2		וַ/יְדַבֵּ֣ר	c/1696	HC/Vpw3ms	01NNS
44	6	3		אֲלֵ/הֶ֔ם	413	HR/Sp3mp	011cc
44	6	4		אֶת	853	HTo	01L1c
44	6	5		הַ/דְּבָרִ֖ים	d/1697	HTd/Ncmpa	01xB5
44	6	6		הָ/אֵֽלֶּה	d/428	HTd/Pdxcp	01YQz
44	7	1		וַ/יֹּאמְר֣וּ	c/559	HC/Vqw3mp	01iQa
44	7	2		אֵלָ֔י/ו	413	HR/Sp3ms	01yoQ
44	7	3		לָ֚/מָּה	l/4100	HR/Ti	01WGo
44	7	4		יְדַבֵּ֣ר	1696	HVpi3ms	01FpK
44	7	5		אֲדֹנִ֔/י	113	HNcmsc/Sp1cs	01bik
44	7	6		כַּ/דְּבָרִ֖ים	k/1697	HRd/Ncmpa	01sY6
44	7	7		הָ/אֵ֑לֶּה	d/428	HTd/Pdxcp	01mxE
44	7	8		חָלִ֨ילָ/ה֙	2486	HTj/Sh	01PmS
44	7	9		לַ/עֲבָדֶ֔י/ךָ	l/5650	HR/Ncmpc/Sp2ms	01eqY
44	7	10		מֵ/עֲשׂ֖וֹת	m/6213 a	HR/Vqc	01gK1
44	7	11		כַּ/דָּבָ֥ר	k/1697	HRd/Ncmsa	01m4V
44	7	12		הַ/זֶּֽה	d/2088	HTd/Pdxms	01XRN
44	8	1		הֵ֣ן	2005	HTm	01qn7
44	8	2		כֶּ֗סֶף	3701	HNcmsa	01Vgm
44	8	3		אֲשֶׁ֤ר	834 a	HTr	01dkq
44	8	4		מָצָ֨אנוּ֙	4672	HVqp1cp	01Ti3
44	8	5		בְּ/פִ֣י	b/6310	HR/Ncmsc	01vxY
44	8	6		אַמְתְּחֹתֵ֔י/נוּ	572	HNcfpc/Sp1cp	01WW4
44	8	7		הֱשִׁיבֹ֥נוּ	7725	HVhp1cp	01aoh
44	8	8		אֵלֶ֖י/ךָ	413	HR/Sp2ms	01e2T
44	8	9		מֵ/אֶ֣רֶץ	m/776	HR/Ncbsc	01WqA
44	8	10		כְּנָ֑עַן	3667 a	HNp	01AWe
44	8	11		וְ/אֵ֗יךְ	c/349 a	HC/Ti	01yaR
44	8	12		נִגְנֹב֙	1589	HVqi1cp	01Ydz
44	8	13		מִ/בֵּ֣ית	m/1004 b	HR/Ncmsc	01GYg
44	8	14		אֲדֹנֶ֔י/ךָ	113	HNcmpc/Sp2ms	01p9i
44	8	15		כֶּ֖סֶף	3701	HNcmsa	01pe1
44	8	16		א֥וֹ	176 a	HC	01YP6
44	8	17		זָהָֽב	2091	HNcmsa	01BMV
44	9	1		אֲשֶׁ֨ר	834 a	HTr	01PaV
44	9	2		יִמָּצֵ֥א	4672	HVNi3ms	01iZv
44	9	3		אִתּ֛/וֹ	854	HR/Sp3ms	01jfC
44	9	4		מֵ/עֲבָדֶ֖י/ךָ	m/5650	HR/Ncmpc/Sp2ms	01mTW
44	9	5		וָ/מֵ֑ת	c/4191	HC/Vqq3ms	01Dxa
44	9	6		וְ/גַם	c/1571	HC/Ta	01en6
44	9	7		אֲנַ֕חְנוּ	587	HPp1cp	01Qy7
44	9	8		נִֽהְיֶ֥ה	1961	HVqi1cp	0131f
44	9	9		לַֽ/אדֹנִ֖/י	l/113	HR/Ncmsc/Sp1cs	01T4E
44	9	10		לַ/עֲבָדִֽים	l/5650	HR/Ncmpa	01uEe
44	10	1		וַ/יֹּ֕אמֶר	c/559	HC/Vqw3ms	01iyo
44	10	2		גַּם	1571	HTa	01arj
44	10	3		עַתָּ֥ה	6258	HD	01Jnu
44	10	4		כְ/דִבְרֵי/כֶ֖ם	k/1697	HR/Ncmpc/Sp2mp	01PfY
44	10	5		כֶּן	3651 c	HD	01YXH
44	10	6		ה֑וּא	1931	HPp3ms	011YT
44	10	7		אֲשֶׁ֨ר	834 a	HTr	01UsV
44	10	8		יִמָּצֵ֤א	4672	HVNi3ms	01wLB
44	10	9		אִתּ/וֹ֙	854	HR/Sp3ms	01W12
44	10	10		יִהְיֶה	1961	HVqi3ms	01FZ9
44	10	11		לִּ֣/י	l	HR/Sp1cs	01rgN
44	10	12		עָ֔בֶד	5650	HNcmsa	01K2j
44	10	13		וְ/אַתֶּ֖ם	c/859 d	HC/Pp2mp	01d83
44	10	14		תִּהְי֥וּ	1961	HVqi2mp	01fnY
44	10	15		נְקִיִּֽם	5355 a	HAampa	01CcW
44	11	1		וַֽ/יְמַהֲר֗וּ	c/4116 a	HC/Vpw3mp	012a8
44	11	2		וַ/יּוֹרִ֛דוּ	c/3381	HC/Vhw3mp	019RQ
44	11	3		אִ֥ישׁ	376	HNcmsa	01Gg3
44	11	4		אֶת	853	HTo	01REc
44	11	5		אַמְתַּחְתּ֖/וֹ	572	HNcfsc/Sp3ms	01u5P
44	11	6		אָ֑רְצָ/ה	776	HNcbsa/Sd	013ms
44	11	7		וַֽ/יִּפְתְּח֖וּ	c/6605 a	HC/Vqw3mp	01kMf
44	11	8		אִ֥ישׁ	376	HNcmsa	01MKP
44	11	9		אַמְתַּחְתּֽ/וֹ	572	HNcfsc/Sp3ms	01iav
44	12	1		וַ/יְחַפֵּ֕שׂ	c/2664	HC/Vpw3ms	01QaW
44	12	2		בַּ/גָּד֣וֹל	b/1419 a	HRd/Aamsa	01SP1
44	12	3		הֵחֵ֔ל	2490 c	HVhp3ms	01nCb
44	12	4		וּ/בַ/קָּטֹ֖ן	c/b/6996 b	HC/Rd/Aamsa	01icQ
44	12	5		כִּלָּ֑ה	3615	HVpp3ms	01zwS
44	12	6		וַ/יִּמָּצֵא֙	c/4672	HC/VNw3ms	01nEe
44	12	7		הַ/גָּבִ֔יעַ	d/1375	HTd/Ncmsa	01RT4
44	12	8		בְּ/אַמְתַּ֖חַת	b/572	HR/Ncfsc	01GVn
44	12	9		בִּנְיָמִֽן	1144	HNp	01a3g
44	13	1		וַֽ/יִּקְרְע֖וּ	c/7167	HC/Vqw3mp	01vYa
44	13	2		שִׂמְלֹתָ֑/ם	8071	HNcfpc/Sp3mp	011DU
44	13	3		וַֽ/יַּעֲמֹס֙	c/6006	HC/Vqw3ms	016i8
44	13	4		אִ֣ישׁ	376	HNcmsa	01ZGu
44	13	5		עַל	5921 a	HR	01Bnf
44	13	6		חֲמֹר֔/וֹ	2543	HNcbsc/Sp3ms	01UAU
44	13	7		וַ/יָּשֻׁ֖בוּ	c/7725	HC/Vqw3mp	0162v
44	13	8		הָ/עִֽירָ/ה	d/5892 b	HTd/Ncfsa/Sd	01vbH
44	14	1		וַ/יָּבֹ֨א	c/935	HC/Vqw3ms	01ssz
44	14	2		יְהוּדָ֤ה	3063	HNp	013nT
44	14	3		וְ/אֶחָי/ו֙	c/251	HC/Ncmpc/Sp3ms	01y2E
44	14	4		בֵּ֣יתָ/ה	1004 b	HNcmsc/Sd	01syo
44	14	5		יוֹסֵ֔ף	3130	HNp	01HK9
44	14	6		וְ/ה֖וּא	c/1931	HC/Pp3ms	01GVr
44	14	7		עוֹדֶ֣/נּוּ	5750	HD/Sp3ms	01hwe
44	14	8		שָׁ֑ם	8033	HD	01Dhe
44	14	9		וַ/יִּפְּל֥וּ	c/5307	HC/Vqw3mp	01E9V
44	14	10		לְ/פָנָ֖י/ו	l/6440	HR/Ncbpc/Sp3ms	01nwT
44	14	11		אָֽרְצָ/ה	776	HNcbsa/Sd	01ytD
44	15	1		וַ/יֹּ֤אמֶר	c/559	HC/Vqw3ms	01zQG
44	15	2		לָ/הֶם֙	l	HR/Sp3mp	012Wx
44	15	3		יוֹסֵ֔ף	3130	HNp	01Ksi
44	15	4		מָֽה	4100	HTi	01YNw
44	15	5		הַ/מַּעֲשֶׂ֥ה	d/4639	HTd/Ncmsa	01E1S
44	15	6		הַ/זֶּ֖ה	d/2088	HTd/Pdxms	01KvY
44	15	7		אֲשֶׁ֣ר	834 a	HTr	01kJy
44	15	8		עֲשִׂיתֶ֑ם	6213 a	HVqp2mp	012G1
44	15	9		הֲ/ל֣וֹא	i/3808	HTi/Tn	01QYn
44	15	10		יְדַעְתֶּ֔ם	3045	HVqp2mp	01nVT
44	15	11		כִּֽי	3588 a	HC	01MV8
44	15	12		נַחֵ֧שׁ	5172	HVpa	017UV
44	15	13		יְנַחֵ֛שׁ	5172	HVpi3ms	01vXk
44	15	14		אִ֖ישׁ	376	HNcmsa	01zzo
44	15	15		אֲשֶׁ֥ר	834 a	HTr	01Adf
44	15	16		כָּמֹֽ/נִי	3644	HR/Sp1cs	01cTx
44	16	1		וַ/יֹּ֣אמֶר	c/559	HC/Vqw3ms	01cwJ
44	16	2		יְהוּדָ֗ה	3063	HNp	01tNf
44	16	3		מַה	4100	HTi	01gG3
44	16	4		נֹּאמַר֙	559	HVqi1cp	015JV
44	16	5		לַֽ/אדֹנִ֔/י	l/113	HR/Ncmsc/Sp1cs	01pgz
44	16	6		מַה	4100	HTi	01bRF
44	16	7		נְּדַבֵּ֖ר	1696	HVpi1cp	019Za
44	16	8		וּ/מַה	c/4100	HC/Ti	01nRD
44	16	9		נִּצְטַדָּ֑ק	6663	HVti1cp	01rJh
44	16	10		הָ/אֱלֹהִ֗ים	d/430	HTd/Ncmpa	01YQZ
44	16	11		מָצָא֙	4672	HVqp3ms	01CDP
44	16	12		אֶת	853	HTo	01sFg
44	16	13		עֲוֺ֣ן	5771	HNcbsc	01LLL
44	16	14		עֲבָדֶ֔י/ךָ	5650	HNcmpc/Sp2ms	01eNS
44	16	15		הִנֶּ/נּ֤וּ	2005	HTm/Sp1cp	0176M
44	16	16		עֲבָדִים֙	5650	HNcmpa	01heK
44	16	17		לַֽ/אדֹנִ֔/י	l/113	HR/Ncmsc/Sp1cs	01GrW
44	16	18		גַּם	1571	HTa	01Uu8
44	16	19		אֲנַ֕חְנוּ	587	HPp1cp	019KM
44	16	20		גַּ֛ם	1571	HTa	01kXp
44	16	21		אֲשֶׁר	834 a	HTr	01V41
44	16	22		נִמְצָ֥א	4672	HVNp3ms	01s1a
44	16	23		הַ/גָּבִ֖יעַ	d/1375	HTd/Ncmsa	01xC7
44	16	24		בְּ/יָדֽ/וֹ	b/3027	HR/Ncbsc/Sp3ms	01Moj
44	17	1		וַ/יֹּ֕אמֶר	c/559	HC/Vqw3ms	01zL2
44	17	2		חָלִ֣ילָ/ה	2486	HTj/Sh	01dy6
44	17	3		לִּ֔/י	l	HR/Sp1cs	01q3j
44	17	4		מֵ/עֲשׂ֖וֹת	m/6213 a	HR/Vqc	01W5H
44	17	5		זֹ֑את	2063	HPdxfs	01E23
44	17	6		הָ/אִ֡ישׁ	d/376	HTd/Ncmsa	01aaX
44	17	7		אֲשֶׁר֩	834 a	HTr	01rwG
44	17	8		נִמְצָ֨א	4672	HVNp3ms	01DBQ
44	17	9		הַ/גָּבִ֜יעַ	d/1375	HTd/Ncmsa	01xcs
44	17	10		בְּ/יָד֗/וֹ	b/3027	HR/Ncbsc/Sp3ms	01t2u
44	17	11		ה֚וּא	1931	HPp3ms	01sGq
44	17	12		יִהְיֶה	1961	HVqi3ms	016n3
44	17	13		לִּ֣/י	l	HR/Sp1cs	01Euu
44	17	14		עָ֔בֶד	5650	HNcmsa	01Q3c
44	17	15		וְ/אַתֶּ֕ם	c/859 d	HC/Pp2mp	01GiG
44	17	16		עֲל֥וּ	5927	HVqv2mp	017LF
44	17	17		לְ/שָׁל֖וֹם	l/7965	HR/Ncmsa	015tQ
44	17	18		אֶל	413	HR	01Evg
44	17	19		אֲבִי/כֶֽם	1	HNcmsc/Sp2mp	01vVh
44	18	1		וַ/יִּגַּ֨שׁ	c/5066	HC/Vqw3ms	01smj
44	18	2		אֵלָ֜י/ו	413	HR/Sp3ms	01zD8
44	18	3		יְהוּדָ֗ה	3063	HNp	01YSK
44	18	4		וַ/יֹּאמֶר֮	c/559	HC/Vqw3ms	01oNc
44	18	5		בִּ֣י	994	HTe	011ai
44	18	6		אֲדֹנִ/י֒	113	HNcmsc/Sp1cs	01NDK
44	18	7		יְדַבֶּר	1696	HVpj3ms	0151c
44	18	8		נָ֨א	4994	HTe	01M1e
44	18	9		עַבְדְּ/ךָ֤	5650	HNcmsc/Sp2ms	01PDU
44	18	10		דָבָר֙	1697	HNcmsa	01SJ6
44	18	11		בְּ/אָזְנֵ֣י	b/241	HR/Ncfdc	01d1x
44	18	12		אֲדֹנִ֔/י	113	HNcmsc/Sp1cs	012d6
44	18	13		וְ/אַל	c/408	HC/Tn	01bVJ
44	18	14		יִ֥חַר	2734	HVqj3ms	01G7C
44	18	15		אַפְּ/ךָ֖	639	HNcmsc/Sp2ms	01Gro
44	18	16		בְּ/עַבְדֶּ֑/ךָ	b/5650	HR/Ncmsc/Sp2ms	01pg5
44	18	17		כִּ֥י	3588 a	HC	01n1g
44	18	18		כָמ֖וֹ/ךָ	3644	HR/Sp2ms	01DyQ
44	18	19		כְּ/פַרְעֹֽה	k/6547	HR/Np	01PwV
44	19	1		אֲדֹנִ֣/י	113	HNcmsc/Sp1cs	01b2K
44	19	2		שָׁאַ֔ל	7592	HVqp3ms	01bN6
44	19	3		אֶת	853	HTo	01jFQ
44	19	4		עֲבָדָ֖י/ו	5650	HNcmpc/Sp3ms	01haf
44	19	5		לֵ/אמֹ֑ר	l/559	HR/Vqc	01Mjx
44	19	6		הֲ/יֵשׁ	i/3426	HTi/Tm	01pr1
44	19	7		לָ/כֶ֥ם	l	HR/Sp2mp	01Fd5
44	19	8		אָ֖ב	1	HNcmsa	01tVx
44	19	9		אוֹ	176 a	HC	01Kgz
44	19	10		אָֽח	251	HNcmsa	01Z7W
44	20	1		וַ/נֹּ֨אמֶר֙	c/559	HC/Vqw1cp	01t6M
44	20	2		אֶל	413	HR	01KpH
44	20	3		אֲדֹנִ֔/י	113	HNcmsc/Sp1cs	01bzM
44	20	4		יֶשׁ	3426	HTm	01fMS
44	20	5		לָ֨/נוּ֙	l	HR/Sp1cp	01b6m
44	20	6		אָ֣ב	1	HNcmsa	01qna
44	20	7		זָקֵ֔ן	2205	HAamsa	01QeH
44	20	8		וְ/יֶ֥לֶד	c/3206	HC/Ncmsc	01nxd
44	20	9		זְקֻנִ֖ים	2208	HNcmpa	01wSG
44	20	10		קָטָ֑ן	6996 a	HAamsa	01phD
44	20	11		וְ/אָחִ֨י/ו	c/251	HC/Ncmsc/Sp3ms	01Mj9
44	20	12		מֵ֜ת	4191	HVqp3ms	018q1
44	20	13		וַ/יִּוָּתֵ֨ר	c/3498	HC/VNw3ms	01Kv9
44	20	14		ה֧וּא	1931	HPp3ms	01ptR
44	20	15		לְ/בַדּ֛/וֹ	l/905	HR/Ncmsc/Sp3ms	01YTq
44	20	16		לְ/אִמּ֖/וֹ	l/517	HR/Ncfsc/Sp3ms	01VzM
44	20	17		וְ/אָבִ֥י/ו	c/1	HC/Ncmsc/Sp3ms	01MUY
44	20	18		אֲהֵבֽ/וֹ	157	HVqp3ms/Sp3ms	015yJ
44	21	1		וַ/תֹּ֨אמֶר֙	c/559	HC/Vqw2ms	01K4B
44	21	2		אֶל	413	HR	01xWt
44	21	3		עֲבָדֶ֔י/ךָ	5650	HNcmpc/Sp2ms	01bVF
44	21	4		הוֹרִדֻ֖/הוּ	3381	HVhv2mp/Sp3ms	01qQS
44	21	5		אֵלָ֑/י	413	HR/Sp1cs	01BzK
44	21	6		וְ/אָשִׂ֥ימָה	c/7760 a	HC/Vqi1cs	01Kzg
44	21	7		עֵינִ֖/י	5869 a	HNcbsc/Sp1cs	019pX
44	21	8		עָלָֽי/ו	5921 a	HR/Sp3ms	01mFR
44	22	1		וַ/נֹּ֨אמֶר֙	c/559	HC/Vqw1cp	01C95
44	22	2		אֶל	413	HR	014ws
44	22	3		אֲדֹנִ֔/י	113	HNcmsc/Sp1cs	01GZj
44	22	4		לֹא	3808	HTn	01SZ8
44	22	5		יוּכַ֥ל	3201	HVqi3ms	01wnM
44	22	6		הַ/נַּ֖עַר	d/5288	HTd/Ncmsa	01Fn4
44	22	7		לַ/עֲזֹ֣ב	l/5800 a	HR/Vqc	01hEa
44	22	8		אֶת	853	HTo	012q8
44	22	9		אָבִ֑י/ו	1	HNcmsc/Sp3ms	01RkS
44	22	10		וְ/עָזַ֥ב	c/5800 a	HC/Vqq3ms	01vdv
44	22	11		אֶת	853	HTo	017fY
44	22	12		אָבִ֖י/ו	1	HNcmsc/Sp3ms	01ugM
44	22	13		וָ/מֵֽת	c/4191	HC/Vqq3ms	01unH
44	23	1		וַ/תֹּ֨אמֶר֙	c/559	HC/Vqw2ms	01u16
44	23	2		אֶל	413	HR	01uCg
44	23	3		עֲבָדֶ֔י/ךָ	5650	HNcmpc/Sp2ms	01XzF
44	23	4		אִם	518 a	HC	01wUU
44	23	5		לֹ֥א	3808	HTn	01SgP
44	23	6		יֵרֵ֛ד	3381	HVqi3ms	01oAm
44	23	7		אֲחִי/כֶ֥ם	251	HNcmsc/Sp2mp	013uH
44	23	8		הַ/קָּטֹ֖ן	d/6996 b	HTd/Aamsa	01hqb
44	23	9		אִתְּ/כֶ֑ם	854	HR/Sp2mp	01QVH
44	23	10		לֹ֥א	3808	HTn	01EDM
44	23	11		תֹסִפ֖וּ/ן	3254	HVhi2mp/Sn	015xa
44	23	12		לִ/רְא֥וֹת	l/7200	HR/Vqc	01abt
44	23	13		פָּנָֽ/י	6440	HNcbpc/Sp1cs	01fHV
44	24	1		וַ/יְהִי֙	c/1961	HC/Vqw3ms	01Cnh
44	24	2		כִּ֣י	3588 a	HC	01bWo
44	24	3		עָלִ֔ינוּ	5927	HVqp1cp	01ZDd
44	24	4		אֶֽל	413	HR	01CXT
44	24	5		עַבְדְּ/ךָ֖	5650	HNcmsc/Sp2ms	01Uvp
44	24	6		אָבִ֑/י	1	HNcmsc/Sp1cs	01cz8
44	24	7		וַ/נַּ֨גֶּד	c/5046	HC/Vhw1cp	014C9
44	24	8		ל֔/וֹ	l	HR/Sp3ms	013bY
44	24	9		אֵ֖ת	853	HTo	017Cu
44	24	10		דִּבְרֵ֥י	1697	HNcmpc	01Y6d
44	24	11		אֲדֹנִֽ/י	113	HNcmsc/Sp1cs	01xm8
44	25	1		וַ/יֹּ֖אמֶר	c/559	HC/Vqw3ms	01tGX
44	25	2		אָבִ֑י/נוּ	1	HNcmsc/Sp1cp	015oH
44	25	3		שֻׁ֖בוּ	7725	HVqv2mp	01NV2
44	25	4		שִׁבְרוּ	7666	HVqv2mp	01q5X
44	25	5		לָ֥/נוּ	l	HR/Sp1cp	01q3f
44	25	6		מְעַט	4592	HNcmsc	01B6y
44	25	7		אֹֽכֶל	400	HNcmsa	01pTC
44	26	1		וַ/נֹּ֕אמֶר	c/559	HC/Vqw1cp	01u1Q
44	26	2		לֹ֥א	3808	HTn	01rrr
44	26	3		נוּכַ֖ל	3201	HVqi1cp	01742
44	26	4		לָ/רֶ֑דֶת	l/3381	HR/Vqc	01BAV
44	26	5		אִם	518 a	HC	01rFP
44	26	6		יֵשׁ֩	3426	HTm	01ZHF
44	26	7		אָחִ֨י/נוּ	251	HNcmsc/Sp1cp	012XL
44	26	8		הַ/קָּטֹ֤ן	d/6996 b	HTd/Aamsa	01UJZ
44	26	9		אִתָּ֨/נוּ֙	854	HR/Sp1cp	01L12
44	26	10		וְ/יָרַ֔דְנוּ	c/3381	HC/Vqq1cp	01x2B
44	26	11		כִּי	3588 a	HC	01i2r
44	26	12		לֹ֣א	3808	HTn	01gXd
44	26	13		נוּכַ֗ל	3201	HVqi1cp	01HF7
44	26	14		לִ/רְאוֹת֙	l/7200	HR/Vqc	01MUV
44	26	15		פְּנֵ֣י	6440	HNcbpc	018dG
44	26	16		הָ/אִ֔ישׁ	d/376	HTd/Ncmsa	01v9X
44	26	17		וְ/אָחִ֥י/נוּ	c/251	HC/Ncmsc/Sp1cp	01oTg
44	26	18		הַ/קָּטֹ֖ן	d/6996 b	HTd/Aamsa	01W6M
44	26	19		אֵינֶ֥/נּוּ	369	HTn/Sp3ms	01GzM
44	26	20		אִתָּֽ/נוּ	854	HR/Sp1cp	01mGe
44	27	1		וַ/יֹּ֛אמֶר	c/559	HC/Vqw3ms	01tMQ
44	27	2		עַבְדְּ/ךָ֥	5650	HNcmsc/Sp2ms	01CxH
44	27	3		אָבִ֖/י	1	HNcmsc/Sp1cs	014Nn
44	27	4		אֵלֵ֑י/נוּ	413	HR/Sp1cp	015KQ
44	27	5		אַתֶּ֣ם	859 d	HPp2mp	01uNV
44	27	6		יְדַעְתֶּ֔ם	3045	HVqp2mp	01JXC
44	27	7		כִּ֥י	3588 a	HC	01VJc
44	27	8		שְׁנַ֖יִם	8147	HAcmda	01Vqs
44	27	9		יָֽלְדָה	3205	HVqp3fs	01v1M
44	27	10		לִּ֥/י	l	HR/Sp1cs	011M7
44	27	11		אִשְׁתִּֽ/י	802	HNcfsc/Sp1cs	01L72
44	28	1		וַ/יֵּצֵ֤א	c/3318	HC/Vqw3ms	01kWX
44	28	2		הָֽ/אֶחָד֙	d/259	HTd/Acmsa	01u8v
44	28	3		מֵֽ/אִתִּ֔/י	m/854	HR/R/Sp1cs	018PZ
44	28	4		וָ/אֹמַ֕ר	c/559	HC/Vqw1cs	01fTe
44	28	5		אַ֖ךְ	389	HTa	01RAu
44	28	6		טָרֹ֣ף	2963	HVqa	01Gue
44	28	7		טֹרָ֑ף	2963	HVQp3ms	013N8
44	28	8		וְ/לֹ֥א	c/3808	HC/Tn	01gz7
44	28	9		רְאִיתִ֖י/ו	7200	HVqp1cs/Sp3ms	01ASE
44	28	10		עַד	5704	HR	01xbr
44	28	11		הֵֽנָּה	2008	HD	01jdd
44	29	1		וּ/לְקַחְתֶּ֧ם	c/3947	HC/Vqq2mp	01Kuk
44	29	2		גַּם	1571	HTa	016uy
44	29	3		אֶת	853	HTo	01JrU
44	29	4		זֶ֛ה	2088	HPdxms	01T5g
44	29	5		מֵ/עִ֥ם	m/5973 b	HR/R	012tM
44	29	6		פָּנַ֖/י	6440	HNcbpc/Sp1cs	01Fo9
44	29	7		וְ/קָרָ֣/הוּ	c/7136 a	HC/Vqq3ms/Sp3ms	01aY5
44	29	8		אָס֑וֹן	611	HNcmsa	01G1W
44	29	9		וְ/הֽוֹרַדְתֶּ֧ם	c/3381	HC/Vhq2mp	01n8M
44	29	10		אֶת	853	HTo	01R2A
44	29	11		שֵׂיבָתִ֛/י	7872	HNcfsc/Sp1cs	01abX
44	29	12		בְּ/רָעָ֖ה	b/7451 c	HR/Ncfsa	01VG8
44	29	13		שְׁאֹֽלָ/ה	7585	HNp/Sd	018g9
44	30	1		וְ/עַתָּ֗ה	c/6258	HC/D	01Hnc
44	30	2		כְּ/בֹאִ/י֙	k/935	HR/Vqc/Sp1cs	01Eb3
44	30	3		אֶל	413	HR	01LMj
44	30	4		עַבְדְּ/ךָ֣	5650	HNcmsc/Sp2ms	01T5o
44	30	5		אָבִ֔/י	1	HNcmsc/Sp1cs	01GQA
44	30	6		וְ/הַ/נַּ֖עַר	c/d/5288	HC/Td/Ncmsa	01dqZ
44	30	7		אֵינֶ֣/נּוּ	369	HTn/Sp3ms	01pw6
44	30	8		אִתָּ֑/נוּ	854	HR/Sp1cp	01XHj
44	30	9		וְ/נַפְשׁ֖/וֹ	c/5315	HC/Ncbsc/Sp3ms	01Cus
44	30	10		קְשׁוּרָ֥ה	7194	HVqsfsa	01DUy
44	30	11		בְ/נַפְשֽׁ/וֹ	b/5315	HR/Ncbsc/Sp3ms	01tUH
44	31	1		וְ/הָיָ֗ה	c/1961	HC/Vqq3ms	01tLd
44	31	2		כִּ/רְאוֹת֛/וֹ	k/7200	HR/Vqc/Sp3ms	01Pzo
44	31	3		כִּי	3588 a	HC	01ieY
44	31	4		אֵ֥ין	369	HTn	01uKH
44	31	5		הַ/נַּ֖עַר	d/5288	HTd/Ncmsa	01cJw
44	31	6		וָ/מֵ֑ת	c/4191	HC/Vqq3ms	01RnL
44	31	7		וְ/הוֹרִ֨ידוּ	c/3381	HC/Vhq3cp	01vr2
44	31	8		עֲבָדֶ֜י/ךָ	5650	HNcmpc/Sp2ms	011Uz
44	31	9		אֶת	853	HTo	01hyZ
44	31	10		שֵׂיבַ֨ת	7872	HNcfsc	01bjq
44	31	11		עַבְדְּ/ךָ֥	5650	HNcmsc/Sp2ms	01S8i
44	31	12		אָבִ֛י/נוּ	1	HNcmsc/Sp1cp	01cqb
44	31	13		בְּ/יָג֖וֹן	b/3015	HR/Ncmsa	01zTR
44	31	14		שְׁאֹֽלָ/ה	7585	HNp/Sd	016we
44	32	1		כִּ֤י	3588 a	HC	01mqp
44	32	2		עַבְדְּ/ךָ֙	5650	HNcmsc/Sp2ms	01M32
44	32	3		עָרַ֣ב	6148	HVqp3ms	01j2k
44	32	4		אֶת	853	HTo	01jkh
44	32	5		הַ/נַּ֔עַר	d/5288	HTd/Ncmsa	01N7y
44	32	6		מֵ/עִ֥ם	m/5973 b	HR/R	01THS
44	32	7		אָבִ֖/י	1	HNcmsc/Sp1cs	01Cnt
44	32	8		לֵ/אמֹ֑ר	l/559	HR/Vqc	01hNW
44	32	9		אִם	518 a	HC	01GrN
44	32	10		לֹ֤א	3808	HTn	01xPs
44	32	11		אֲבִיאֶ֨/נּוּ֙	935	HVhi1cs/Sp3ms	01wv8
44	32	12		אֵלֶ֔י/ךָ	413	HR/Sp2ms	01Cuj
44	32	13		וְ/חָטָ֥אתִי	c/2398	HC/Vqq1cs	018iX
44	32	14		לְ/אָבִ֖/י	l/1	HR/Ncmsc/Sp1cs	01eGD
44	32	15		כָּל	3605	HNcmsc	01Ltg
44	32	16		הַ/יָּמִֽים	d/3117	HTd/Ncmpa	01cNA
44	33	1		וְ/עַתָּ֗ה	c/6258	HC/D	01syi
44	33	2		יֵֽשֶׁב	3427	HVqj3ms	01zuN
44	33	3		נָ֤א	4994	HTe	01x7z
44	33	4		עַבְדְּ/ךָ֙	5650	HNcmsc/Sp2ms	01C5L
44	33	5		תַּ֣חַת	8478	HR	01BMm
44	33	6		הַ/נַּ֔עַר	d/5288	HTd/Ncmsa	016q5
44	33	7		עֶ֖בֶד	5650	HNcmsa	01umq
44	33	8		לַֽ/אדֹנִ֑/י	l/113	HR/Ncmsc/Sp1cs	01Z9p
44	33	9		וְ/הַ/נַּ֖עַר	c/d/5288	HC/Td/Ncmsa	015D5
44	33	10		יַ֥עַל	5927	HVqj3ms	01pLD
44	33	11		עִם	5973 a	HR	01TZH
44	33	12		אֶחָֽי/ו	251	HNcmpc/Sp3ms	0182p
44	34	1		כִּי	3588 a	HC	01BSR
44	34	2		אֵיךְ֙	349 a	HTi	01K7v
44	34	3		אֶֽעֱלֶ֣ה	5927	HVqi1cs	01cna
44	34	4		אֶל	413	HR	01t22
44	34	5		אָבִ֔/י	1	HNcmsc/Sp1cs	01dDc
44	34	6		וְ/הַ/נַּ֖עַר	c/d/5288	HC/Td/Ncmsa	01ScL
44	34	7		אֵינֶ֣/נּוּ	369	HTn/Sp3ms	01c4P
44	34	8		אִתִּ֑/י	854	HR/Sp1cs	01giq
44	34	9		פֶּ֚ן	6435	HC	014AJ
44	34	10		אֶרְאֶ֣ה	7200	HVqi1cs	01Nzn
44	34	11		בָ/רָ֔ע	b/7451 b	HRd/Aamsa	01ago
44	34	12		אֲשֶׁ֥ר	834 a	HTr	01YSm
44	34	13		יִמְצָ֖א	4672	HVqi3ms	01d5x
44	34	14		אֶת	853	HTo	01bod
44	34	15		אָבִֽ/י	1	HNcmsc/Sp1cs	01yRV
45	1	1		וְ/לֹֽא	c/3808	HC/Tn	01NRk
45	1	2		יָכֹ֨ל	3201	HVqp3ms	01118
45	1	3		יוֹסֵ֜ף	3130	HNp	01UKN
45	1	4		לְ/הִתְאַפֵּ֗ק	l/662	HR/Vtc	01q6f
45	1	5		לְ/כֹ֤ל	l/3605	HR/Ncmsc	01a9k
45	1	6		הַ/נִּצָּבִים֙	d/5324	HTd/VNrmpa	0154X
45	1	7		עָלָ֔י/ו	5921 a	HR/Sp3ms	01XJW
45	1	8		וַ/יִּקְרָ֕א	c/7121	HC/Vqw3ms	01R2y
45	1	9		הוֹצִ֥יאוּ	3318	HVhv2mp	01MyR
45	1	10		כָל	3605	HNcmsc	01djm
45	1	11		אִ֖ישׁ	376	HNcmsa	018NL
45	1	12		מֵ/עָלָ֑/י	m/5921 a	HR/R/Sp1cs	01WX5
45	1	13		וְ/לֹא	c/3808	HC/Tn	01i9X
45	1	14		עָ֤מַד	5975	HVqp3ms	01jYE
45	1	15		אִישׁ֙	376	HNcmsa	01sY8
45	1	16		אִתּ֔/וֹ	854	HR/Sp3ms	01gYT
45	1	17		בְּ/הִתְוַדַּ֥ע	b/3045	HR/Vtc	01qdg
45	1	18		יוֹסֵ֖ף	3130	HNp	01TcS
45	1	19		אֶל	413	HR	01Giz
45	1	20		אֶחָֽי/ו	251	HNcmpc/Sp3ms	011PB
45	2	1		וַ/יִּתֵּ֥ן	c/5414	HC/Vqw3ms	01oHv
45	2	2		אֶת	853	HTo	015Te
45	2	3		קֹל֖/וֹ	6963 a	HNcmsc/Sp3ms	01aWv
45	2	4		בִּ/בְכִ֑י	b/1065	HR/Ncmsa	01Lu1
45	2	5		וַ/יִּשְׁמְע֣וּ	c/8085	HC/Vqw3mp	01ahc
45	2	6		מִצְרַ֔יִם	4713	HNp	016F8
45	2	7		וַ/יִּשְׁמַ֖ע	c/8085	HC/Vqw3ms	01875
45	2	8		בֵּ֥ית	1004 b	HNcmsc	01CER
45	2	9		פַּרְעֹֽה	6547	HNp	01MF4
45	3	1		וַ/יֹּ֨אמֶר	c/559	HC/Vqw3ms	01RqR
45	3	2		יוֹסֵ֤ף	3130	HNp	01b3w
45	3	3		אֶל	413	HR	01ktX
45	3	4		אֶחָי/ו֙	251	HNcmpc/Sp3ms	01frg
45	3	5		אֲנִ֣י	589	HPp1cs	01VJ1
45	3	6		יוֹסֵ֔ף	3130	HNp	01bHb
45	3	7		הַ/ע֥וֹד	i/5750	HTi/D	01yeb
45	3	8		אָבִ֖/י	1	HNcmsc/Sp1cs	01cjB
45	3	9		חָ֑י	2416 a	HAamsa	011BK
45	3	10		וְ/לֹֽא	c/3808	HC/Tn	01Fb9
45	3	11		יָכְל֤וּ	3201	HVqp3cp	012ZW
45	3	12		אֶחָי/ו֙	251	HNcmpc/Sp3ms	01tyx
45	3	13		לַ/עֲנ֣וֹת	l/6030 b	HR/Vqc	01NW2
45	3	14		אֹת֔/וֹ	853	HTo/Sp3ms	01G4A
45	3	15		כִּ֥י	3588 a	HC	015u4
45	3	16		נִבְהֲל֖וּ	926	HVNp3cp	01W2H
45	3	17		מִ/פָּנָֽי/ו	m/6440	HR/Ncbpc/Sp3ms	01MU5
45	4	1		וַ/יֹּ֨אמֶר	c/559	HC/Vqw3ms	01dmF
45	4	2		יוֹסֵ֧ף	3130	HNp	01Hd8
45	4	3		אֶל	413	HR	01T4Y
45	4	4		אֶחָ֛י/ו	251	HNcmpc/Sp3ms	01nMk
45	4	5		גְּשׁוּ	5066	HVqv2mp	01dkC
45	4	6		נָ֥א	4994	HTe	01Huw
45	4	7		אֵלַ֖/י	413	HR/Sp1cs	01XM7
45	4	8		וַ/יִּגָּ֑שׁוּ	c/5066	HC/Vqw3mp	017TM
45	4	9		וַ/יֹּ֗אמֶר	c/559	HC/Vqw3ms	01Uzp
45	4	10		אֲנִי֙	589	HPp1cs	01RTA
45	4	11		יוֹסֵ֣ף	3130	HNp	01t6R
45	4	12		אֲחִי/כֶ֔ם	251	HNcmsc/Sp2mp	01sBt
45	4	13		אֲשֶׁר	834 a	HTr	01Tjy
45	4	14		מְכַרְתֶּ֥ם	4376	HVqp2mp	01wiz
45	4	15		אֹתִ֖/י	853	HTo/Sp1cs	01ZFt
45	4	16		מִצְרָֽיְמָ/ה	4714	HNp/Sd	01LFJ
45	5	1		וְ/עַתָּ֣ה	c/6258	HC/D	01HQ2
45	5	2		אַל	408	HTn	01YVp
45	5	3		תֵּעָ֣צְב֗וּ	6087 a	HVNj2mp	01z71
45	5	4		וְ/אַל	c/408	HC/Tn	01yTH
45	5	5		יִ֨חַר֙	2734	HVqj3ms	01xJi
45	5	6		בְּ/עֵ֣ינֵי/כֶ֔ם	b/5869 a	HR/Ncbdc/Sp2mp	01n25
45	5	7		כִּֽי	3588 a	HC	0188g
45	5	8		מְכַרְתֶּ֥ם	4376	HVqp2mp	01cW1
45	5	9		אֹתִ֖/י	853	HTo/Sp1cs	01cxL
45	5	10		הֵ֑נָּה	2008	HD	01Bm5
45	5	11		כִּ֣י	3588 a	HC	01i8P
45	5	12		לְ/מִֽחְיָ֔ה	l/4241	HR/Ncfsa	01UCF
45	5	13		שְׁלָחַ֥/נִי	7971	HVqp3ms/Sp1cs	01GwT
45	5	14		אֱלֹהִ֖ים	430	HNcmpa	01LGy
45	5	15		לִ/פְנֵי/כֶֽם	l/6440	HR/Ncbpc/Sp2mp	01mM6
45	6	1		כִּי	3588 a	HC	01BmG
45	6	2		זֶ֛ה	2088	HPdxms	01n7i
45	6	3		שְׁנָתַ֥יִם	8141	HNcfda	013fq
45	6	4		הָ/רָעָ֖ב	d/7458	HTd/Ncmsa	011rc
45	6	5		בְּ/קֶ֣רֶב	b/7130	HR/Ncmsc	01FrE
45	6	6		הָ/אָ֑רֶץ	d/776	HTd/Ncbsa	01bvg
45	6	7		וְ/עוֹד֙	c/5750	HC/D	01bsw
45	6	8		חָמֵ֣שׁ	2568	HAcfsa	01jQy
45	6	9		שָׁנִ֔ים	8141	HNcfpa	01txp
45	6	10		אֲשֶׁ֥ר	834 a	HTr	014qh
45	6	11		אֵין	369	HTn	01zdX
45	6	12		חָרִ֖ישׁ	2758	HNcmsa	019uE
45	6	13		וְ/קָצִּֽיר	c/7105 a	HC/Ncmsa	019gk
45	7	1		וַ/יִּשְׁלָחֵ֤/נִי	c/7971	HC/Vqw3ms/Sp1cs	01Bqc
45	7	2		אֱלֹהִים֙	430	HNcmpa	01Gkj
45	7	3		לִ/פְנֵי/כֶ֔ם	l/6440	HR/Ncbpc/Sp2mp	013Dt
45	7	4		לָ/שׂ֥וּם	l/7760 a	HR/Vqc	01QpZ
45	7	5		לָ/כֶ֛ם	l	HR/Sp2mp	01U8m
45	7	6		שְׁאֵרִ֖ית	7611	HNcfsa	016hn
45	7	7		בָּ/אָ֑רֶץ	b/776	HRd/Ncbsa	01WXd
45	7	8		וּ/לְ/הַחֲי֣וֹת	c/l/2421	HC/R/Vhc	01rbv
45	7	9		לָ/כֶ֔ם	l	HR/Sp2mp	01zmt
45	7	10		לִ/פְלֵיטָ֖ה	l/6413	HR/Ncfsa	01D6k
45	7	11		גְּדֹלָֽה	1419 a	HAafsa	01fhf
45	8	1		וְ/עַתָּ֗ה	c/6258	HC/D	015rs
45	8	2		לֹֽא	3808	HTn	01qJh
45	8	3		אַתֶּ֞ם	859 d	HPp2mp	012Vd
45	8	4		שְׁלַחְתֶּ֤ם	7971	HVqp2mp	01iYE
45	8	5		אֹתִ/י֙	853	HTo/Sp1cs	01m7M
45	8	6		הֵ֔נָּה	2008	HD	01Cg4
45	8	7		כִּ֖י	3588 a	HC	014D4
45	8	8		הָ/אֱלֹהִ֑ים	d/430	HTd/Ncmpa	01tzN
45	8	9		וַ/יְשִׂימֵ֨/נִֽי	c/7760 a	HC/Vqw3ms/Sp1cs	017Yv
45	8	10		לְ/אָ֜ב	l/1	HR/Ncmsa	01LQ1
45	8	11		לְ/פַרְעֹ֗ה	l/6547	HR/Np	018rb
45	8	12		וּ/לְ/אָדוֹן֙	c/l/113	HC/R/Ncmsa	0198d
45	8	13		לְ/כָל	l/3605	HR/Ncmsc	016WB
45	8	14		בֵּית֔/וֹ	1004 b	HNcmsc/Sp3ms	01SGG
45	8	15		וּ/מֹשֵׁ֖ל	c/4910	HC/Vqrmsa	013Rh
45	8	16		בְּ/כָל	b/3605	HR/Ncmsc	01yct
45	8	17		אֶ֥רֶץ	776	HNcbsc	01tvZ
45	8	18		מִצְרָֽיִם	4714	HNp	01rYw
45	9	1		מַהֲרוּ֮	4116 a	HVpv2mp	01U1J
45	9	2		וַ/עֲל֣וּ	c/5927	HC/Vqv2mp	01Npp
45	9	3		אֶל	413	HR	01XAa
45	9	4		אָבִ/י֒	1	HNcmsc/Sp1cs	01TL9
45	9	5		וַ/אֲמַרְתֶּ֣ם	c/559	HC/Vqq2mp	01ghm
45	9	6		אֵלָ֗י/ו	413	HR/Sp3ms	01dj5
45	9	7		כֹּ֤ה	3541	HD	01awF
45	9	8		אָמַר֙	559	HVqp3ms	01L8P
45	9	9		בִּנְ/ךָ֣	1121 a	HNcmsc/Sp2ms	01CGW
45	9	10		יוֹסֵ֔ף	3130	HNp	018ok
45	9	11		שָׂמַ֧/נִי	7760 a	HVqp3ms/Sp1cs	014F5
45	9	12		אֱלֹהִ֛ים	430	HNcmpa	01woa
45	9	13		לְ/אָד֖וֹן	l/113	HR/Ncmsa	012ZS
45	9	14		לְ/כָל	l/3605	HR/Ncmsc	01tdU
45	9	15		מִצְרָ֑יִם	4714	HNp	019rz
45	9	16		רְדָ֥/ה	3381	HVqv2ms/Sh	01KKg
45	9	17		אֵלַ֖/י	413	HR/Sp1cs	01dB5
45	9	18		אַֽל	408	HTn	01eQi
45	9	19		תַּעֲמֹֽד	5975	HVqj2ms	01BQN
45	10	1		וְ/יָשַׁבְתָּ֣	c/3427	HC/Vqq2ms	01fmu
45	10	2		בְ/אֶֽרֶץ	b/776	HR/Ncbsc	01Xq6
45	10	3		גֹּ֗שֶׁן	1657	HNp	01zPY
45	10	4		וְ/הָיִ֤יתָ	c/1961	HC/Vqq2ms	01H37
45	10	5		קָרוֹב֙	7138	HAamsa	01WqV
45	10	6		אֵלַ֔/י	413	HR/Sp1cs	01YgK
45	10	7		אַתָּ֕ה	859 a	HPp2ms	01CWs
45	10	8		וּ/בָנֶ֖י/ךָ	c/1121 a	HC/Ncmpc/Sp2ms	01QzD
45	10	9		וּ/בְנֵ֣י	c/1121 a	HC/Ncmpc	01VSi
45	10	10		בָנֶ֑י/ךָ	1121 a	HNcmpc/Sp2ms	01dVY
45	10	11		וְ/צֹאנְ/ךָ֥	c/6629	HC/Ncbsc/Sp2ms	01J6d
45	10	12		וּ/בְקָרְ/ךָ֖	c/1241	HC/Ncbsc/Sp2ms	01Bh9
45	10	13		וְ/כָל	c/3605	HC/Ncmsc	01tQr
45	10	14		אֲשֶׁר	834 a	HTr	01jkn
45	10	15		לָֽ/ךְ	l	HR/Sp2fs	01Vdy
45	11	1		וְ/כִלְכַּלְתִּ֤י	c/3557	HC/Vlq1cs	01nEU
45	11	2		אֹֽתְ/ךָ֙	853	HTo/Sp2ms	01zon
45	11	3		שָׁ֔ם	8033	HD	01AMw
45	11	4		כִּי	3588 a	HC	01Pkw
45	11	5		ע֛וֹד	5750	HD	015yP
45	11	6		חָמֵ֥שׁ	2568	HAcfsa	01XJa
45	11	7		שָׁנִ֖ים	8141	HNcfpa	01ekR
45	11	8		רָעָ֑ב	7458	HNcmsa	0174J
45	11	9		פֶּן	6435	HC	01p5T
45	11	10		תִּוָּרֵ֛שׁ	3423	HVNi2ms	01WoL
45	11	11		אַתָּ֥ה	859 a	HPp2ms	014pJ
45	11	12		וּ/בֵֽיתְ/ךָ֖	c/1004 b	HC/Ncmsc/Sp2ms	01ALE
45	11	13		וְ/כָל	c/3605	HC/Ncmsc	01HuL
45	11	14		אֲשֶׁר	834 a	HTr	01bJC
45	11	15		לָֽ/ךְ	l	HR/Sp2fs	017sG
45	12	1		וְ/הִנֵּ֤ה	c/2009	HC/Tm	01fzi
45	12	2		עֵֽינֵי/כֶם֙	5869 a	HNcbdc/Sp2mp	01xKG
45	12	3		רֹא֔וֹת	7200	HVqrfpa	01G8A
45	12	4		וְ/עֵינֵ֖י	c/5869 a	HC/Ncbdc	01DeV
45	12	5		אָחִ֣/י	251	HNcmsc/Sp1cs	013jA
45	12	6		בִנְיָמִ֑ין	1144	HNp	01KcL
45	12	7		כִּי	3588 a	HC	01zMH
45	12	8		פִ֖/י	6310	HNcmsc/Sp1cs	01tA3
45	12	9		הַֽ/מְדַבֵּ֥ר	d/1696	HTd/Vprmsa	01479
45	12	10		אֲלֵי/כֶֽם	413	HR/Sp2mp	01WgH
45	13	1		וְ/הִגַּדְתֶּ֣ם	c/5046	HC/Vhq2mp	01shw
45	13	2		לְ/אָבִ֗/י	l/1	HR/Ncmsc/Sp1cs	01xC3
45	13	3		אֶת	853	HTo	01WmF
45	13	4		כָּל	3605	HNcmsc	018db
45	13	5		כְּבוֹדִ/י֙	3519	HNcbsc/Sp1cs	01RNx
45	13	6		בְּ/מִצְרַ֔יִם	b/4714	HR/Np	01KuZ
45	13	7		וְ/אֵ֖ת	c/853	HC/To	01DxP
45	13	8		כָּל	3605	HNcmsc	01Ut1
45	13	9		אֲשֶׁ֣ר	834 a	HTr	01BPg
45	13	10		רְאִיתֶ֑ם	7200	HVqp2mp	01vBg
45	13	11		וּ/מִֽהַרְתֶּ֛ם	c/4116 a	HC/Vpq2mp	01Af2
45	13	12		וְ/הוֹרַדְתֶּ֥ם	c/3381	HC/Vhq2mp	01mvd
45	13	13		אֶת	853	HTo	01ryQ
45	13	14		אָבִ֖/י	1	HNcmsc/Sp1cs	01EH5
45	13	15		הֵֽנָּה	2008	HD	01Skb
45	14	1		וַ/יִּפֹּ֛ל	c/5307	HC/Vqw3ms	01hjQ
45	14	2		עַל	5921 a	HR	019k1
45	14	3		צַוְּארֵ֥י	6677 a	HNcmpc	015sN
45	14	4		בִנְיָמִֽן	1144	HNp	01AWq
45	14	5		אָחִ֖י/ו	251	HNcmsc/Sp3ms	01JRw
45	14	6		וַ/יֵּ֑בְךְּ	c/1058	HC/Vqw3ms	01eo9
45	14	7		וּ/בִנְיָמִ֔ן	c/1144	HC/Np	01Rob
45	14	8		בָּכָ֖ה	1058	HVqp3ms	01aJd
45	14	9		עַל	5921 a	HR	01WQt
45	14	10		צַוָּארָֽי/ו	6677 a	HNcmpc/Sp3ms	01A69
45	15	1		וַ/יְנַשֵּׁ֥ק	c/5401 a	HC/Vpw3ms	01Pax
45	15	2		לְ/כָל	l/3605	HR/Ncmsc	01gUo
45	15	3		אֶחָ֖י/ו	251	HNcmpc/Sp3ms	01ogo
45	15	4		וַ/יֵּ֣בְךְּ	c/1058	HC/Vqw3ms	016Fh
45	15	5		עֲלֵי/הֶ֑ם	5921 a	HR/Sp3mp	018dU
45	15	6		וְ/אַ֣חֲרֵי	c/310 a	HC/R	01bfc
45	15	7		כֵ֔ן	3651 c	HD	01E2c
45	15	8		דִּבְּר֥וּ	1696	HVpp3cp	01go9
45	15	9		אֶחָ֖י/ו	251	HNcmpc/Sp3ms	01P1L
45	15	10		אִתּֽ/וֹ	854	HR/Sp3ms	013TH
45	16	1		וְ/הַ/קֹּ֣ל	c/d/6963 a	HC/Td/Ncmsa	01VE9
45	16	2		נִשְׁמַ֗ע	8085	HVNp3ms	012QR
45	16	3		בֵּ֤ית	1004 b	HNcmsc	01WdR
45	16	4		פַּרְעֹה֙	6547	HNp	017mC
45	16	5		לֵ/אמֹ֔ר	l/559	HR/Vqc	01jRr
45	16	6		בָּ֖אוּ	935	HVqp3cp	01U6e
45	16	7		אֲחֵ֣י	251	HNcmpc	018SZ
45	16	8		יוֹסֵ֑ף	3130	HNp	01KRL
45	16	9		וַ/יִּיטַב֙	c/3190	HC/Vqw3ms	016ra
45	16	10		בְּ/עֵינֵ֣י	b/5869 a	HR/Ncbdc	01GKC
45	16	11		פַרְעֹ֔ה	6547	HNp	01Sj6
45	16	12		וּ/בְ/עֵינֵ֖י	c/b/5869 a	HC/R/Ncbdc	016Yc
45	16	13		עֲבָדָֽי/ו	5650	HNcmpc/Sp3ms	01kTB
45	17	1		וַ/יֹּ֤אמֶר	c/559	HC/Vqw3ms	01igw
45	17	2		פַּרְעֹה֙	6547	HNp	01NuT
45	17	3		אֶל	413	HR	01ZmR
45	17	4		יוֹסֵ֔ף	3130	HNp	01qhC
45	17	5		אֱמֹ֥ר	559	HVqv2ms	01h4b
45	17	6		אֶל	413	HR	01hR6
45	17	7		אַחֶ֖י/ךָ	251	HNcmpc/Sp2ms	01h61
45	17	8		זֹ֣את	2063	HPdxfs	01o1f
45	17	9		עֲשׂ֑וּ	6213 a	HVqv2mp	01soW
45	17	10		טַֽעֲנוּ֙	2943	HVqv2mp	01qki
45	17	11		אֶת	853	HTo	01rag
45	17	12		בְּעִ֣ירְ/כֶ֔ם	1165	HNcmsc/Sp2mp	0157S
45	17	13		וּ/לְכוּ	c/3212	HC/Vqv2mp	01ntS
45	17	14		בֹ֖אוּ	935	HVqv2mp	017dy
45	17	15		אַ֥רְצָ/ה	776	HNcbsc/Sd	01Wq7
45	17	16		כְּנָֽעַן	3667 a	HNp	015sy
45	18	1		וּ/קְח֧וּ	c/3947	HC/Vqv2mp	017ve
45	18	2		אֶת	853	HTo	01EPC
45	18	3		אֲבִי/כֶ֛ם	1	HNcmsc/Sp2mp	01h3y
45	18	4		וְ/אֶת	c/853	HC/To	01Jje
45	18	5		בָּתֵּי/כֶ֖ם	1004 b	HNcmpc/Sp2mp	01GFQ
45	18	6		וּ/בֹ֣אוּ	c/935	HC/Vqv2mp	01cWX
45	18	7		אֵלָ֑/י	413	HR/Sp1cs	01i7j
45	18	8		וְ/אֶתְּנָ֣ה	c/5414	HC/Vqh1cs	01H1g
45	18	9		לָ/כֶ֗ם	l	HR/Sp2mp	01deC
45	18	10		אֶת	853	HTo	01Vxm
45	18	11		טוּב֙	2898	HNcmsc	01M1b
45	18	12		אֶ֣רֶץ	776	HNcbsc	01nCm
45	18	13		מִצְרַ֔יִם	4714	HNp	018aC
45	18	14		וְ/אִכְל֖וּ	c/398	HC/Vqv2mp	01uc8
45	18	15		אֶת	853	HTo	01U3V
45	18	16		חֵ֥לֶב	2459	HNcmsc	0195K
45	18	17		הָ/אָֽרֶץ	d/776	HTd/Ncbsa	01A2L
45	19	1		וְ/אַתָּ֥ה	c/859 a	HC/Pp2ms	01xxE
45	19	2		צֻוֵּ֖יתָה	6680	HVPp2ms	01tVd
45	19	3		זֹ֣את	2063	HPdxfs	01ozc
45	19	4		עֲשׂ֑וּ	6213 a	HVqv2mp	016wT
45	19	5		קְחוּ	3947	HVqv2mp	01yzW
45	19	6		לָ/כֶם֩	l	HR/Sp2mp	01gJz
45	19	7		מֵ/אֶ֨רֶץ	m/776	HR/Ncbsc	01h3f
45	19	8		מִצְרַ֜יִם	4714	HNp	016P4
45	19	9		עֲגָל֗וֹת	5699	HNcfpa	01zZM
45	19	10		לְ/טַפְּ/כֶם֙	l/2945	HR/Ncmsc/Sp2mp	019XR
45	19	11		וְ/לִ/נְשֵׁי/כֶ֔ם	c/l/802	HC/R/Ncfpc/Sp2mp	01GCT
45	19	12		וּ/נְשָׂאתֶ֥ם	c/5375	HC/Vqq2mp	01Jfh
45	19	13		אֶת	853	HTo	01mRA
45	19	14		אֲבִי/כֶ֖ם	1	HNcmsc/Sp2mp	01qZr
45	19	15		וּ/בָאתֶֽם	c/935	HC/Vqq2mp	01ugK
45	20	1		וְ/עֵ֣ינְ/כֶ֔ם	c/5869 a	HC/Ncbsc/Sp2mp	016WG
45	20	2		אַל	408	HTn	01f6L
45	20	3		תָּחֹ֖ס	2347	HVqj3fs	01Exg
45	20	4		עַל	5921 a	HR	01S3u
45	20	5		כְּלֵי/כֶ֑ם	3627	HNcmpc/Sp2mp	01Ftr
45	20	6		כִּי	3588 a	HC	01ykx
45	20	7		ט֛וּב	2898	HNcmsc	01GLv
45	20	8		כָּל	3605	HNcmsc	016aJ
45	20	9		אֶ֥רֶץ	776	HNcbsc	01sfY
45	20	10		מִצְרַ֖יִם	4714	HNp	01fNs
45	20	11		לָ/כֶ֥ם	l	HR/Sp2mp	01Jq8
45	20	12		הֽוּא	1931	HPp3ms	01bpP
45	21	1		וַ/יַּֽעֲשׂוּ	c/6213 a	HC/Vqw3mp	01TD9
45	21	2		כֵן֙	3651 c	HD	01f17
45	21	3		בְּנֵ֣י	1121 a	HNcmpc	01CY8
45	21	4		יִשְׂרָאֵ֔ל	3478	HNp	014oL
45	21	5		וַ/יִּתֵּ֨ן	c/5414	HC/Vqw3ms	016c9
45	21	6		לָ/הֶ֥ם	l	HR/Sp3mp	01JPW
45	21	7		יוֹסֵ֛ף	3130	HNp	01Tp1
45	21	8		עֲגָל֖וֹת	5699	HNcfpa	013qK
45	21	9		עַל	5921 a	HR	01sQm
45	21	10		פִּ֣י	6310	HNcmsc	01FGS
45	21	11		פַרְעֹ֑ה	6547	HNp	01yJv
45	21	12		וַ/יִּתֵּ֥ן	c/5414	HC/Vqw3ms	01ogc
45	21	13		לָ/הֶ֛ם	l	HR/Sp3mp	01Yiv
45	21	14		צֵדָ֖ה	6720	HNcbsa	01FxC
45	21	15		לַ/דָּֽרֶךְ	l/1870	HRd/Ncbsa	01r2C
45	22	1		לְ/כֻלָּ֥/ם	l/3605	HR/Ncmsc/Sp3mp	01C5d
45	22	2		נָתַ֛ן	5414	HVqp3ms	01Wos
45	22	3		לָ/אִ֖ישׁ	l/376	HRd/Ncmsa	019K3
45	22	4		חֲלִפ֣וֹת	2487	HNcfpc	016W2
45	22	5		שְׂמָלֹ֑ת	8071	HNcfpa	01c3c
45	22	6		וּ/לְ/בִנְיָמִ֤ן	c/l/1144	HC/R/Np	01Gxk
45	22	7		נָתַן֙	5414	HVqp3ms	01kev
45	22	8		שְׁלֹ֣שׁ	7969	HAcfsa	01s6m
45	22	9		מֵא֣וֹת	3967	HAcbpa	01KSd
45	22	10		כֶּ֔סֶף	3701	HNcmsa	01GtZ
45	22	11		וְ/חָמֵ֖שׁ	c/2568	HC/Acfsa	01DPS
45	22	12		חֲלִפֹ֥ת	2487	HNcfpc	01L6x
45	22	13		שְׂמָלֹֽת	8071	HNcfpa	01d4R
45	23	1		וּ/לְ/אָבִ֞י/ו	c/l/1	HC/R/Ncmsc/Sp3ms	01d3s
45	23	2		שָׁלַ֤ח	7971	HVqp3ms	01wxb
45	23	3		כְּ/זֹאת֙	k/2063	HR/Pdxfs	011z8
45	23	4		עֲשָׂרָ֣ה	6235	HAcmsa	01Zhr
45	23	5		חֲמֹרִ֔ים	2543	HNcbpa	01cS1
45	23	6		נֹשְׂאִ֖ים	5375	HVqrmpa	01vo4
45	23	7		מִ/טּ֣וּב	m/2898	HR/Ncmsc	01GPY
45	23	8		מִצְרָ֑יִם	4714	HNp	011W6
45	23	9		וְ/עֶ֣שֶׂר	c/6235	HC/Acfsa	014Qk
45	23	10		אֲתֹנֹ֡ת	860	HNcfpa	011BH
45	23	11		נֹֽ֠שְׂאֹת	5375	HVqrfpa	01wyZ
45	23	12		בָּ֣ר	1250 a	HNcmsa	01p29
45	23	13		וָ/לֶ֧חֶם	c/3899	HC/Ncbsa	01jeb
45	23	14		וּ/מָז֛וֹן	c/4202	HC/Ncmsa	01pDo
45	23	15		לְ/אָבִ֖י/ו	l/1	HR/Ncmsc/Sp3ms	018ph
45	23	16		לַ/דָּֽרֶךְ	l/1870	HRd/Ncbsa	01ihG
45	24	1		וַ/יְשַׁלַּ֥ח	c/7971	HC/Vpw3ms	01YFp
45	24	2		אֶת	853	HTo	01Sjx
45	24	3		אֶחָ֖י/ו	251	HNcmpc/Sp3ms	017Gf
45	24	4		וַ/יֵּלֵ֑כוּ	c/3212	HC/Vqw3mp	01VBS
45	24	5		וַ/יֹּ֣אמֶר	c/559	HC/Vqw3ms	01Yaf
45	24	6		אֲלֵ/הֶ֔ם	413	HR/Sp3mp	01pp9
45	24	7		אַֽל	408	HTn	013h4
45	24	8		תִּרְגְּז֖וּ	7264	HVqj2mp	01wS8
45	24	9		בַּ/דָּֽרֶךְ	b/1870	HRd/Ncbsa	01R5o
45	25	1		וַֽ/יַּעֲל֖וּ	c/5927	HC/Vqw3mp	01HQ7
45	25	2		מִ/מִּצְרָ֑יִם	m/4714	HR/Np	01kt4
45	25	3		וַ/יָּבֹ֨אוּ֙	c/935	HC/Vqw3mp	01uCD
45	25	4		אֶ֣רֶץ	776	HNcbsc	01ykK
45	25	5		כְּנַ֔עַן	3667 a	HNp	01XXr
45	25	6		אֶֽל	413	HR	01iQt
45	25	7		יַעֲקֹ֖ב	3290	HNp	01oQk
45	25	8		אֲבִי/הֶֽם	1	HNcmsc/Sp3mp	01mFT
45	26	1		וַ/יַּגִּ֨דוּ	c/5046	HC/Vhw3mp	01JQM
45	26	2		ל֜/וֹ	l	HR/Sp3ms	01UEz
45	26	3		לֵ/אמֹ֗ר	l/559	HR/Vqc	01zsv
45	26	4		ע֚וֹד	5750	HD	01PV1
45	26	5		יוֹסֵ֣ף	3130	HNp	01L1j
45	26	6		חַ֔י	2416 a	HAamsa	01kET
45	26	7		וְ/כִֽי	c/3588 a	HC/C	01T5s
45	26	8		ה֥וּא	1931	HPp3ms	01akt
45	26	9		מֹשֵׁ֖ל	4910	HVqrmsa	01Z44
45	26	10		בְּ/כָל	b/3605	HR/Ncmsc	01DDG
45	26	11		אֶ֣רֶץ	776	HNcbsc	01PFZ
45	26	12		מִצְרָ֑יִם	4714	HNp	01Wxd
45	26	13		וַ/יָּ֣פָג	c/6313	HC/Vqw3ms	01S3J
45	26	14		לִבּ֔/וֹ	3820 a	HNcmsc/Sp3ms	013E2
45	26	15		כִּ֥י	3588 a	HC	01mxZ
45	26	16		לֹא	3808	HTn	01kGq
45	26	17		הֶאֱמִ֖ין	539	HVhp3ms	01Uht
45	26	18		לָ/הֶֽם	l	HR/Sp3mp	01v64
45	27	1		וַ/יְדַבְּר֣וּ	c/1696	HC/Vpw3mp	01wE6
45	27	2		אֵלָ֗י/ו	413	HR/Sp3ms	01o71
45	27	3		אֵ֣ת	853	HTo	01Wwt
45	27	4		כָּל	3605	HNcmsc	01P6j
45	27	5		דִּבְרֵ֤י	1697	HNcmpc	01iM9
45	27	6		יוֹסֵף֙	3130	HNp	01HW4
45	27	7		אֲשֶׁ֣ר	834 a	HTr	014Ct
45	27	8		דִּבֶּ֣ר	1696	HVpp3ms	01ANx
45	27	9		אֲלֵ/הֶ֔ם	413	HR/Sp3mp	01Gfe
45	27	10		וַ/יַּרְא֙	c/7200	HC/Vqw3ms	01j3B
45	27	11		אֶת	853	HTo	019XX
45	27	12		הָ֣/עֲגָל֔וֹת	d/5699	HTd/Ncfpa	01Ydd
45	27	13		אֲשֶׁר	834 a	HTr	01t5S
45	27	14		שָׁלַ֥ח	7971	HVqp3ms	01v3h
45	27	15		יוֹסֵ֖ף	3130	HNp	01VxR
45	27	16		לָ/שֵׂ֣את	l/5375	HR/Vqc	015PU
45	27	17		אֹת֑/וֹ	853	HTo/Sp3ms	01TDV
45	27	18		וַ/תְּחִ֕י	c/2421	HC/Vqw3fs	01HoV
45	27	19		ר֖וּחַ	7307	HNcbsc	01dhm
45	27	20		יַעֲקֹ֥ב	3290	HNp	018ZZ
45	27	21		אֲבִי/הֶֽם	1	HNcmsc/Sp3mp	01CMb
45	28	1		וַ/יֹּ֨אמֶר֙	c/559	HC/Vqw3ms	01YR4
45	28	2		יִשְׂרָאֵ֔ל	3478	HNp	01YgW
45	28	3		רַ֛ב	7227 a	HAamsa	01zXu
45	28	4		עוֹד	5750	HD	01eD8
45	28	5		יוֹסֵ֥ף	3130	HNp	018kZ
45	28	6		בְּנִ֖/י	1121 a	HNcmsc/Sp1cs	01vQ1
45	28	7		חָ֑י	2416 a	HAamsa	01VHK
45	28	8		אֵֽלְכָ֥ה	3212	HVqh1cs	01C2d
45	28	9		וְ/אֶרְאֶ֖/נּוּ	c/7200	HC/Vqh1cs/Sp3ms	01tBJ
45	28	10		בְּ/טֶ֥רֶם	b/2962	HR/D	01c1Z
45	28	11		אָמֽוּת	4191	HVqi1cs	01zj3
46	1	1		וַ/יִּסַּ֤ע	c/5265	HC/Vqw3ms	017YG
46	1	2		יִשְׂרָאֵל֙	3478	HNp	01ftV
46	1	3		וְ/כָל	c/3605	HC/Ncmsc	01RZH
46	1	4		אֲשֶׁר	834 a	HTr	018HT
46	1	5		ל֔/וֹ	l	HR/Sp3ms	01J2t
46	1	6		וַ/יָּבֹ֖א	c/935	HC/Vqw3ms	01GDk
46	1	7		בְּאֵ֣רָ/ה	884+	HNp/Sd	012CG
46	1	8		שָּׁ֑בַע	884	HNp	01NxB
46	1	9		וַ/יִּזְבַּ֣ח	c/2076	HC/Vqw3ms	01pFm
46	1	10		זְבָחִ֔ים	2077	HNcmpa	01WGQ
46	1	11		לֵ/אלֹהֵ֖י	l/430	HR/Ncmpc	01Mev
46	1	12		אָבִ֥י/ו	1	HNcmsc/Sp3ms	01yxY
46	1	13		יִצְחָֽק	3327	HNp	014Pm
46	2	1		וַ/יֹּ֨אמֶר	c/559	HC/Vqw3ms	01kfc
46	2	2		אֱלֹהִ֤ים	430	HNcmpa	01SeK
46	2	3		לְ/יִשְׂרָאֵל֙	l/3478	HR/Np	013wP
46	2	4		בְּ/מַרְאֹ֣ת	b/4759 a	HR/Ncfpc	01vP4
46	2	5		הַ/לַּ֔יְלָה	d/3915	HTd/Ncmsa	01MqZ
46	2	6		וַ/יֹּ֖אמֶר	c/559	HC/Vqw3ms	01WNB
46	2	7		יַעֲקֹ֣ב	3290	HNp	01jWw
46	2	8		יַעֲקֹ֑ב	3290	HNp	01WYh
46	2	9		וַ/יֹּ֖אמֶר	c/559	HC/Vqw3ms	01oV9
46	2	10		הִנֵּֽ/נִי	2009	HTm/Sp1cs	01zd5
46	3	1		וַ/יֹּ֕אמֶר	c/559	HC/Vqw3ms	01cRk
46	3	2		אָנֹכִ֥י	595	HPp1cs	01Xm8
46	3	3		הָ/אֵ֖ל	d/410	HTd/Ncmsa	01Bbw
46	3	4		אֱלֹהֵ֣י	430	HNcmpc	014YV
46	3	5		אָבִ֑י/ךָ	1	HNcmsc/Sp2ms	01GNf
46	3	6		אַל	408	HTn	011xG
46	3	7		תִּירָא֙	3372	HVqj2ms	01R6a
46	3	8		מֵ/רְדָ֣ה	m/3381	HR/Vqc	01peC
46	3	9		מִצְרַ֔יְמָ/ה	4714	HNp/Sd	01VvD
46	3	10		כִּֽי	3588 a	HC	01ddZ
46	3	11		לְ/ג֥וֹי	l/1471 a	HR/Ncmsa	01YRu
46	3	12		גָּד֖וֹל	1419 a	HAamsa	012M4
46	3	13		אֲשִֽׂימְ/ךָ֥	7760 a	HVqi1cs/Sp2ms	01Cm5
46	3	14		שָֽׁם	8033	HD	01nvC
46	4	1		אָנֹכִ֗י	595	HPp1cs	013nb
46	4	2		אֵרֵ֤ד	3381	HVqi1cs	01qPh
46	4	3		עִמְּ/ךָ֙	5973 a	HR/Sp2ms	015zr
46	4	4		מִצְרַ֔יְמָ/ה	4714	HNp/Sd	01mhS
46	4	5		וְ/אָנֹכִ֖י	c/595	HC/Pp1cs	01rgb
46	4	6		אַֽעַלְ/ךָ֣	5927	HVhi1cs/Sp2ms	01DP1
46	4	7		גַם	1571	HD	01fkq
46	4	8		עָלֹ֑ה	5927	HVqa	01iLY
46	4	9		וְ/יוֹסֵ֕ף	c/3130	HC/Np	01i8j
46	4	10		יָשִׁ֥ית	7896	HVqi3ms	014Tb
46	4	11		יָד֖/וֹ	3027	HNcbsc/Sp3ms	01kVL
46	4	12		עַל	5921 a	HR	01ns9
46	4	13		עֵינֶֽי/ךָ	5869 a	HNcbdc/Sp2ms	01vZF
46	5	1		וַ/יָּ֥קָם	c/6965 b	HC/Vqw3ms	014Nr
46	5	2		יַעֲקֹ֖ב	3290	HNp	01tFs
46	5	3		מִ/בְּאֵ֣ר	m/884+	HR/Np	01Buc
46	5	4		שָׁ֑בַע	884	HNp	01WZH
46	5	5		וַ/יִּשְׂא֨וּ	c/5375	HC/Vqw3mp	01qxy
46	5	6		בְנֵֽי	1121 a	HNcmpc	014Dk
46	5	7		יִשְׂרָאֵ֜ל	3478	HNp	01Tck
46	5	8		אֶת	853	HTo	011os
46	5	9		יַעֲקֹ֣ב	3290	HNp	01NyC
46	5	10		אֲבִי/הֶ֗ם	1	HNcmsc/Sp3mp	01B5W
46	5	11		וְ/אֶת	c/853	HC/To	01sme
46	5	12		טַפָּ/ם֙	2945	HNcmsc/Sp3mp	01jzK
46	5	13		וְ/אֶת	c/853	HC/To	014C7
46	5	14		נְשֵׁי/הֶ֔ם	802	HNcfpc/Sp3mp	01pUt
46	5	15		בָּ/עֲגָל֕וֹת	b/5699	HRd/Ncfpa	0151s
46	5	16		אֲשֶׁר	834 a	HTr	01Q1L
46	5	17		שָׁלַ֥ח	7971	HVqp3ms	01KiC
46	5	18		פַּרְעֹ֖ה	6547	HNp	01qG7
46	5	19		לָ/שֵׂ֥את	l/5375	HR/Vqc	01zaA
46	5	20		אֹתֽ/וֹ	853	HTo/Sp3ms	01yqc
46	6	1		וַ/יִּקְח֣וּ	c/3947	HC/Vqw3mp	01fsb
46	6	2		אֶת	853	HTo	018sB
46	6	3		מִקְנֵי/הֶ֗ם	4735	HNcmsc/Sp3mp	01Khg
46	6	4		וְ/אֶת	c/853	HC/To	01K9Z
46	6	5		רְכוּשָׁ/ם֙	7399	HNcmsc/Sp3mp	01fX4
46	6	6		אֲשֶׁ֤ר	834 a	HTr	0169T
46	6	7		רָֽכְשׁוּ֙	7408	HVqp3cp	01rBw
46	6	8		בְּ/אֶ֣רֶץ	b/776	HR/Ncbsc	01sMY
46	6	9		כְּנַ֔עַן	3667 a	HNp	01miJ
46	6	10		וַ/יָּבֹ֖אוּ	c/935	HC/Vqw3mp	01ozk
46	6	11		מִצְרָ֑יְמָ/ה	4714	HNp/Sd	01quJ
46	6	12		יַעֲקֹ֖ב	3290	HNp	01Z2N
46	6	13		וְ/כָל	c/3605	HC/Ncmsc	01A3y
46	6	14		זַרְע֥/וֹ	2233	HNcmsc/Sp3ms	01siH
46	6	15		אִתּֽ/וֹ	854	HR/Sp3ms	019fv
46	7	1		בָּנָ֞י/ו	1121 a	HNcmpc/Sp3ms	01CX8
46	7	2		וּ/בְנֵ֤י	c/1121 a	HC/Ncmpc	01fai
46	7	3		בָנָי/ו֙	1121 a	HNcmpc/Sp3ms	01nCV
46	7	4		אִתּ֔/וֹ	854	HR/Sp3ms	01zPX
46	7	5		בְּנֹתָ֛י/ו	1323	HNcfpc/Sp3ms	01Sen
46	7	6		וּ/בְנ֥וֹת	c/1323	HC/Ncfpc	01R58
46	7	7		בָּנָ֖י/ו	1121 a	HNcmpc/Sp3ms	01Meg
46	7	8		וְ/כָל	c/3605	HC/Ncmsc	01DiV
46	7	9		זַרְע֑/וֹ	2233	HNcmsc/Sp3ms	01uDZ
46	7	10		הֵבִ֥יא	935	HVhp3ms	01BvZ
46	7	11		אִתּ֖/וֹ	854	HR/Sp3ms	01mkw
46	7	12		מִצְרָֽיְמָ/ה	4714	HNp/Sd	01c2i
46	8	1		וְ/אֵ֨לֶּה	c/428	HC/Pdxcp	01Z5L
46	8	2		שְׁמ֧וֹת	8034	HNcmpc	01bWA
46	8	3		בְּנֵֽי	1121 a	HNcmpc	01snw
46	8	4		יִשְׂרָאֵ֛ל	3478	HNp	01spL
46	8	5		הַ/בָּאִ֥ים	d/935	HTd/Vqrmpa	01NDN
46	8	6		מִצְרַ֖יְמָ/ה	4714	HNp/Sd	019gg
46	8	7		יַעֲקֹ֣ב	3290	HNp	01M3t
46	8	8		וּ/בָנָ֑י/ו	c/1121 a	HC/Ncmpc/Sp3ms	01Ydf
46	8	9		בְּכֹ֥ר	1060	HNcmsc	01RUD
46	8	10		יַעֲקֹ֖ב	3290	HNp	01pwu
46	8	11		רְאוּבֵֽן	7205	HNp	01HQ6
46	9	1		וּ/בְנֵ֖י	c/1121 a	HC/Ncmpc	01ahX
46	9	2		רְאוּבֵ֑ן	7205	HNp	01Bvo
46	9	3		חֲנ֥וֹךְ	2585	HNp	01Zu2
46	9	4		וּ/פַלּ֖וּא	c/6396	HC/Np	01fSH
46	9	5		וְ/חֶצְר֥וֹן	c/2696	HC/Np	01PLB
46	9	6		וְ/כַרְמִֽי	c/3756	HC/Np	01K6w
46	10	1		וּ/בְנֵ֣י	c/1121 a	HC/Ncmpc	0121j
46	10	2		שִׁמְע֗וֹן	8095	HNp	01KYH
46	10	3		יְמוּאֵ֧ל	3223	HNp	012N8
46	10	4		וְ/יָמִ֛ין	c/3226	HC/Np	01dKc
46	10	5		וְ/אֹ֖הַד	c/161	HC/Np	01soZ
46	10	6		וְ/יָכִ֣ין	c/3199	HC/Np	01sYS
46	10	7		וְ/צֹ֑חַר	c/6714	HC/Np	01WPy
46	10	8		וְ/שָׁא֖וּל	c/7586	HC/Np	01yNj
46	10	9		בֶּן	1121 a	HNcmsc	01oj2
46	10	10		הַֽ/כְּנַעֲנִֽית	d/3669 a	HTd/Ngfsa	01iwj
46	11	1		וּ/בְנֵ֖י	c/1121 a	HC/Ncmpc	013y3
46	11	2		לֵוִ֑י	3878	HNp	01AXg
46	11	3		גֵּרְשׁ֕וֹן	1648	HNp	018mo
46	11	4		קְהָ֖ת	6955	HNp	01ptz
46	11	5		וּ/מְרָרִֽי	c/4847	HC/Np	01rkP
46	12	1		וּ/בְנֵ֣י	c/1121 a	HC/Ncmpc	01Zf5
46	12	2		יְהוּדָ֗ה	3063	HNp	01bL6
46	12	3		עֵ֧ר	6147	HNp	01oTn
46	12	4		וְ/אוֹנָ֛ן	c/209	HC/Np	01cCc
46	12	5		וְ/שֵׁלָ֖ה	c/7956	HC/Np	01GzT
46	12	6		וָ/פֶ֣רֶץ	c/6557	HC/Np	01SLe
46	12	7		וָ/זָ֑רַח	c/2226	HC/Np	018iw
46	12	8		וַ/יָּ֨מָת	c/4191	HC/Vqw3ms	01LT1
46	12	9		עֵ֤ר	6147	HNp	01wzo
46	12	10		וְ/אוֹנָן֙	c/209	HC/Np	01h5x
46	12	11		בְּ/אֶ֣רֶץ	b/776	HR/Ncbsc	01L2y
46	12	12		כְּנַ֔עַן	3667 a	HNp	01hEt
46	12	13		וַ/יִּהְי֥וּ	c/1961	HC/Vqw3mp	01oSq
46	12	14		בְנֵי	1121 a	HNcmpc	01trM
46	12	15		פֶ֖רֶץ	6557	HNp	01ixa
46	12	16		חֶצְר֥וֹן	2696	HNp	01aCu
46	12	17		וְ/חָמֽוּל	c/2538	HC/Np	01VRk
46	13	1		וּ/בְנֵ֖י	c/1121 a	HC/Ncmpc	01JH3
46	13	2		יִשָׂשכָ֑ר	3485	HNp	01deh
46	13	3		תּוֹלָ֥ע	8439	HNp	016xk
46	13	4		וּ/פֻוָּ֖ה	c/6312	HC/Np	01Vek
46	13	5		וְ/י֥וֹב	c/3102	HC/Np	01c2w
46	13	6		וְ/שִׁמְרֽוֹן	c/8110 b	HC/Np	01wyr
46	14	1		וּ/בְנֵ֖י	c/1121 a	HC/Ncmpc	01WBH
46	14	2		זְבוּלֻ֑ן	2074	HNp	01ubB
46	14	3		סֶ֥רֶד	5624	HNp	01WtW
46	14	4		וְ/אֵל֖וֹן	c/356	HC/Np	01ZHp
46	14	5		וְ/יַחְלְאֵֽל	c/3177	HC/Np	01zQz
46	15	1		אֵ֣לֶּה	428	HPdxcp	01QZZ
46	15	2		בְּנֵ֣י	1121 a	HNcmpc	01Tj6
46	15	3		לֵאָ֗ה	3812	HNp	01Fup
46	15	4		אֲשֶׁ֨ר	834 a	HTr	01eSj
46	15	5		יָֽלְדָ֤ה	3205	HVqp3fs	01huN
46	15	6		לְ/יַעֲקֹב֙	l/3290	HR/Np	01enL
46	15	7		בְּ/פַדַּ֣ן	b/6307+	HR/Np	01UtZ
46	15	8		אֲרָ֔ם	6307	HNp	01p6d
46	15	9		וְ/אֵ֖ת	c/853	HC/To	01yCw
46	15	10		דִּינָ֣ה	1783	HNp	01dxH
46	15	11		בִתּ֑/וֹ	1323	HNcfsc/Sp3ms	01Hgh
46	15	12		כָּל	3605	HNcmsc	01nvD
46	15	13		נֶ֧פֶשׁ	5315	HNcbsc	017oH
46	15	14		בָּנָ֛י/ו	1121 a	HNcmpc/Sp3ms	01QwG
46	15	15		וּ/בְנוֹתָ֖י/ו	c/1323	HC/Ncfpc/Sp3ms	01rQ8
46	15	16		שְׁלֹשִׁ֥ים	7970	HAcbpa	01oPQ
46	15	17		וְ/שָׁלֹֽשׁ	c/7969	HC/Acfsa	01sz4
46	16	1		וּ/בְנֵ֣י	c/1121 a	HC/Ncmpc	01gcf
46	16	2		גָ֔ד	1410	HNp	01TgK
46	16	3		צִפְי֥וֹן	6837	HNp	01Lge
46	16	4		וְ/חַגִּ֖י	c/2291	HC/Np	01tPh
46	16	5		שׁוּנִ֣י	7764	HNp	01iQQ
46	16	6		וְ/אֶצְבֹּ֑ן	c/675	HC/Np	01ZgT
46	16	7		עֵרִ֥י	6179	HNp	01zGq
46	16	8		וַֽ/אֲרוֹדִ֖י	c/722	HC/Np	01Ezv
46	16	9		וְ/אַרְאֵלִֽי	c/692	HC/Np	0115J
46	17	1		וּ/בְנֵ֣י	c/1121 a	HC/Ncmpc	01ehs
46	17	2		אָשֵׁ֗ר	836	HNp	01YwU
46	17	3		יִמְנָ֧ה	3232	HNp	01Gq1
46	17	4		וְ/יִשְׁוָ֛ה	c/3438	HC/Np	01Jdj
46	17	5		וְ/יִשְׁוִ֥י	c/3440	HC/Np	01F54
46	17	6		וּ/בְרִיעָ֖ה	c/1283	HC/Np	01tLE
46	17	7		וְ/שֶׂ֣רַח	c/8294	HC/Np	01Umv
46	17	8		אֲחֹתָ֑/ם	269	HNcfsc/Sp3mp	01oAH
46	17	9		וּ/בְנֵ֣י	c/1121 a	HC/Ncmpc	01dcU
46	17	10		בְרִיעָ֔ה	1283	HNp	01i43
46	17	11		חֶ֖בֶר	2268	HNp	01bVt
46	17	12		וּ/מַלְכִּיאֵֽל	c/4439	HC/Np	01ogv
46	18	1		אֵ֚לֶּה	428	HPdxcp	01LA5
46	18	2		בְּנֵ֣י	1121 a	HNcmpc	01opE
46	18	3		זִלְפָּ֔ה	2153	HNp	015TY
46	18	4		אֲשֶׁר	834 a	HTr	01dKg
46	18	5		נָתַ֥ן	5414	HVqp3ms	01efg
46	18	6		לָבָ֖ן	3837 a	HNp	01EGw
46	18	7		לְ/לֵאָ֣ה	l/3812	HR/Np	01Hqh
46	18	8		בִתּ֑/וֹ	1323	HNcfsc/Sp3ms	01tGr
46	18	9		וַ/תֵּ֤לֶד	c/3205	HC/Vqw3fs	01jC1
46	18	10		אֶת	853	HTo	01Knz
46	18	11		אֵ֨לֶּה֙	428	HPdxcp	01xAo
46	18	12		לְ/יַעֲקֹ֔ב	l/3290	HR/Np	01NcG
46	18	13		שֵׁ֥שׁ	8337	HAcfsa	01q9U
46	18	14		עֶשְׂרֵ֖ה	6240	HAcfsa	01oBf
46	18	15		נָֽפֶשׁ	5315	HNcbsa	01M2U
46	19	1		בְּנֵ֤י	1121 a	HNcmpc	01GC6
46	19	2		רָחֵל֙	7354	HNp	01xV3
46	19	3		אֵ֣שֶׁת	802	HNcfsc	01BJo
46	19	4		יַֽעֲקֹ֔ב	3290	HNp	018Kb
46	19	5		יוֹסֵ֖ף	3130	HNp	01FNs
46	19	6		וּ/בִנְיָמִֽן	c/1144	HC/Np	01zHJ
46	20	1		וַ/יִּוָּלֵ֣ד	c/3205	HC/VNw3ms	01TQ7
46	20	2		לְ/יוֹסֵף֮	l/3130	HR/Np	01ZJT
46	20	3		בְּ/אֶ֣רֶץ	b/776	HR/Ncbsc	01twG
46	20	4		מִצְרַיִם֒	4714	HNp	01W1S
46	20	5		אֲשֶׁ֤ר	834 a	HTr	01gaq
46	20	6		יָֽלְדָה	3205	HVqp3fs	01Bcu
46	20	7		לּ/וֹ֙	l	HR/Sp3ms	01K9t
46	20	8		אָֽסְנַ֔ת	621	HNp	01Fjr
46	20	9		בַּת	1323	HNcfsc	01N6B
46	20	10		פּ֥וֹטִי	6319+	HNp	017cJ
46	20	11		פֶ֖רַע	6319	HNp	016s7
46	20	12		כֹּהֵ֣ן	3548	HNcmsc	01q9v
46	20	13		אֹ֑ן	204	HNp	01Hkq
46	20	14		אֶת	853	HTo	01JbD
46	20	15		מְנַשֶּׁ֖ה	4519	HNp	01xco
46	20	16		וְ/אֶת	c/853	HC/To	016LG
46	20	17		אֶפְרָֽיִם	669	HNp	01MLT
46	21	1		וּ/בְנֵ֣י	c/1121 a	HC/Ncmpc	01scV
46	21	2		בִנְיָמִ֗ן	1144	HNp	01beD
46	21	3		בֶּ֤לַע	1106 a	HNp	01g8e
46	21	4		וָ/בֶ֨כֶר֙	c/1071	HC/Np	01ey1
46	21	5		וְ/אַשְׁבֵּ֔ל	c/788	HC/Np	01xPU
46	21	6		גֵּרָ֥א	1617	HNp	01N4D
46	21	7		וְ/נַעֲמָ֖ן	c/5283	HC/Np	01z7y
46	21	8		אֵחִ֣י	278	HNp	01CYb
46	21	9		וָ/רֹ֑אשׁ	c/7220	HC/Np	01T9B
46	21	10		מֻפִּ֥ים	4649	HNp	01uFo
46	21	11		וְ/חֻפִּ֖ים	c/2650	HC/Np	01Jf8
46	21	12		וָ/אָֽרְדְּ	c/714	HC/Np	014cV
46	22	1		אֵ֚לֶּה	428	HPdxcp	01aiL
46	22	2		בְּנֵ֣י	1121 a	HNcmpc	013Ek
46	22	3		רָחֵ֔ל	7354	HNp	01h7B
46	22	4		אֲשֶׁ֥ר	834 a	HTr	01Chf
46	22	5		יֻלַּ֖ד	3205	HVPp3ms	01Mo8
46	22	6		לְ/יַעֲקֹ֑ב	l/3290	HR/Np	01Ysw
46	22	7		כָּל	3605	HNcmsc	01aoa
46	22	8		נֶ֖פֶשׁ	5315	HNcbsa	01fzF
46	22	9		אַרְבָּעָ֥ה	702	HAcmsa	0134T
46	22	10		עָשָֽׂר	6240	HAcmsa	014mc
46	23	1		וּ/בְנֵי	c/1121 a	HC/Ncmpc	01FtL
46	23	2		דָ֖ן	1835	HNp	01puV
46	23	3		חֻשִֽׁים	2366 b	HNp	01UFE
46	24	1		וּ/בְנֵ֖י	c/1121 a	HC/Ncmpc	01Shg
46	24	2		נַפְתָּלִ֑י	5321	HNp	01SDW
46	24	3		יַחְצְאֵ֥ל	3183	HNp	016JY
46	24	4		וְ/גוּנִ֖י	c/1476	HC/Np	017z2
46	24	5		וְ/יֵ֥צֶר	c/3337	HC/Np	01oLj
46	24	6		וְ/שִׁלֵּֽם	c/8006	HC/Np	01cLh
46	25	1		אֵ֚לֶּה	428	HPdxcp	01zKY
46	25	2		בְּנֵ֣י	1121 a	HNcmpc	01LCU
46	25	3		בִלְהָ֔ה	1090 a	HNp	01BMs
46	25	4		אֲשֶׁר	834 a	HTr	01eZZ
46	25	5		נָתַ֥ן	5414	HVqp3ms	01hA9
46	25	6		לָבָ֖ן	3837 a	HNp	016MP
46	25	7		לְ/רָחֵ֣ל	l/7354	HR/Np	01CKb
46	25	8		בִּתּ֑/וֹ	1323	HNcfsc/Sp3ms	01xz9
46	25	9		וַ/תֵּ֧לֶד	c/3205	HC/Vqw3fs	011vc
46	25	10		אֶת	853	HTo	01KYQ
46	25	11		אֵ֛לֶּה	428	HPdxcp	01JPw
46	25	12		לְ/יַעֲקֹ֖ב	l/3290	HR/Np	01rzF
46	25	13		כָּל	3605	HNcmsc	01qck
46	25	14		נֶ֥פֶשׁ	5315	HNcbsa	01VSB
46	25	15		שִׁבְעָֽה	7651	HAcmsa	013BM
46	26	1		כָּל	3605	HNcmsc	019oa
46	26	2		הַ֠/נֶּפֶשׁ	d/5315	HTd/Ncbsa	01Hdc
46	26	3		הַ/בָּאָ֨ה	d/935	HTd/Vqrfsa	01Re7
46	26	4		לְ/יַעֲקֹ֤ב	l/3290	HR/Np	01Lsy
46	26	5		מִצְרַ֨יְמָ/ה֙	4714	HNp/Sd	01rh8
46	26	6		יֹצְאֵ֣י	3318	HVqrmpc	01G9Q
46	26	7		יְרֵכ֔/וֹ	3409	HNcfsc/Sp3ms	01WNM
46	26	8		מִ/לְּ/בַ֖ד	m/l/905	HR/R/Ncmsc	01MLk
46	26	9		נְשֵׁ֣י	802	HNcfpc	01rXS
46	26	10		בְנֵי	1121 a	HNcmpc	01N4W
46	26	11		יַעֲקֹ֑ב	3290	HNp	01LMr
46	26	12		כָּל	3605	HNcmsc	01wXD
46	26	13		נֶ֖פֶשׁ	5315	HNcbsa	01KnM
46	26	14		שִׁשִּׁ֥ים	8346	HAcbpa	01EPy
46	26	15		וָ/שֵֽׁשׁ	c/8337	HC/Acfsa	01vfk
46	27	1		וּ/בְנֵ֥י	c/1121 a	HC/Ncmpc	01aFn
46	27	2		יוֹסֵ֛ף	3130	HNp	01yzF
46	27	3		אֲשֶׁר	834 a	HTr	01UDj
46	27	4		יֻלַּד	3205	HVPp3ms	01pWB
46	27	5		ל֥/וֹ	l	HR/Sp3ms	01FHX
46	27	6		בְ/מִצְרַ֖יִם	b/4714	HR/Np	01VSh
46	27	7		נֶ֣פֶשׁ	5315	HNcbsa	01cBJ
46	27	8		שְׁנָ֑יִם	8147	HAcmda	01rmn
46	27	9		כָּל	3605	HNcmsc	01kmV
46	27	10		הַ/נֶּ֧פֶשׁ	d/5315	HTd/Ncbsa	011NJ
46	27	11		לְ/בֵֽית	l/1004 b	HR/Ncmsc	01vpf
46	27	12		יַעֲקֹ֛ב	3290	HNp	01TuH
46	27	13		הַ/בָּ֥אָה	d/935	HTd/Vqp3fs	01HR6
46	27	14		מִצְרַ֖יְמָ/ה	4714	HNp/Sd	01bbD
46	27	15		שִׁבְעִֽים	7657	HAcbpa	01jL3
46	28	1		וְ/אֶת	c/853	HC/To	01G2g
46	28	2		יְהוּדָ֞ה	3063	HNp	01CCf
46	28	3		שָׁלַ֤ח	7971	HVqp3ms	01y6Q
46	28	4		לְ/פָנָי/ו֙	l/6440	HR/Ncbpc/Sp3ms	01a4z
46	28	5		אֶל	413	HR	01csB
46	28	6		יוֹסֵ֔ף	3130	HNp	01yCu
46	28	7		לְ/הוֹרֹ֥ת	l/3384 b	HR/Vhc	01Ykc
46	28	8		לְ/פָנָ֖י/ו	l/6440	HR/Ncbpc/Sp3ms	01V5w
46	28	9		גֹּ֑שְׁנָ/ה	1657	HNp/Sd	01pAe
46	28	10		וַ/יָּבֹ֖אוּ	c/935	HC/Vqw3mp	01aMG
46	28	11		אַ֥רְצָ/ה	776	HNcbsc/Sd	01PYn
46	28	12		גֹּֽשֶׁן	1657	HNp	01A4m
46	29	1		וַ/יֶּאְסֹ֤ר	c/631	HC/Vqw3ms	01Fpm
46	29	2		יוֹסֵף֙	3130	HNp	01BbQ
46	29	3		מֶרְכַּבְתּ֔/וֹ	4818	HNcfsc/Sp3ms	019DY
46	29	4		וַ/יַּ֛עַל	c/5927	HC/Vqw3ms	01tR4
46	29	5		לִ/קְרַֽאת	l/7125	HR/Vqc	016DB
46	29	6		יִשְׂרָאֵ֥ל	3478	HNp	018hu
46	29	7		אָבִ֖י/ו	1	HNcmsc/Sp3ms	01WzJ
46	29	8		גֹּ֑שְׁנָ/ה	1657	HNp/Sd	01fHc
46	29	9		וַ/יֵּרָ֣א	c/7200	HC/VNw3ms	01YBq
46	29	10		אֵלָ֗י/ו	413	HR/Sp3ms	01hJc
46	29	11		וַ/יִּפֹּל֙	c/5307	HC/Vqw3ms	01n9f
46	29	12		עַל	5921 a	HR	01sh4
46	29	13		צַוָּארָ֔י/ו	6677 a	HNcmpc/Sp3ms	01e1X
46	29	14		וַ/יֵּ֥בְךְּ	c/1058	HC/Vqw3ms	01xX6
46	29	15		עַל	5921 a	HR	01teg
46	29	16		צַוָּארָ֖י/ו	6677 a	HNcmpc/Sp3ms	013ZK
46	29	17		עֽוֹד	5750	HD	01TLr
46	30	1		וַ/יֹּ֧אמֶר	c/559	HC/Vqw3ms	012AU
46	30	2		יִשְׂרָאֵ֛ל	3478	HNp	01ckB
46	30	3		אֶל	413	HR	01cgp
46	30	4		יוֹסֵ֖ף	3130	HNp	01bx7
46	30	5		אָמ֣וּתָה	4191	HVqh1cs	01Wxn
46	30	6		הַ/פָּ֑עַם	d/6471	HTd/Ncfsa	01RPF
46	30	7		אַחֲרֵי֙	310 a	HR	015WJ
46	30	8		רְאוֹתִ֣/י	7200	HVqc/Sp1cs	01Uvz
46	30	9		אֶת	853	HTo	01zLN
46	30	10		פָּנֶ֔י/ךָ	6440	HNcbpc/Sp2ms	01ssh
46	30	11		כִּ֥י	3588 a	HC	01mrD
46	30	12		עוֹדְ/ךָ֖	5750	HD/Sp2ms	018C7
46	30	13		חָֽי	2416 a	HAamsa	01UJk
46	31	1		וַ/יֹּ֨אמֶר	c/559	HC/Vqw3ms	01Rwu
46	31	2		יוֹסֵ֤ף	3130	HNp	01P8V
46	31	3		אֶל	413	HR	01c8i
46	31	4		אֶחָי/ו֙	251	HNcmpc/Sp3ms	01iNF
46	31	5		וְ/אֶל	c/413	HC/R	01F7x
46	31	6		בֵּ֣ית	1004 b	HNcmsc	01EaK
46	31	7		אָבִ֔י/ו	1	HNcmsc/Sp3ms	0125m
46	31	8		אֶעֱלֶ֖ה	5927	HVqi1cs	01r68
46	31	9		וְ/אַגִּ֣ידָה	c/5046	HC/Vhi1cs	019Cd
46	31	10		לְ/פַרְעֹ֑ה	l/6547	HR/Np	01jBE
46	31	11		וְ/אֹֽמְרָ֣ה	c/559	HC/Vqh1cs	01Afi
46	31	12		אֵלָ֔י/ו	413	HR/Sp3ms	01GBp
46	31	13		אַחַ֧/י	251	HNcmpc/Sp1cs	01Zy6
46	31	14		וּ/בֵית	c/1004 b	HC/Ncmsc	01L6K
46	31	15		אָבִ֛/י	1	HNcmsc/Sp1cs	01vBe
46	31	16		אֲשֶׁ֥ר	834 a	HTr	01X8u
46	31	17		בְּ/אֶֽרֶץ	b/776	HR/Ncbsc	01jPM
46	31	18		כְּנַ֖עַן	3667 a	HNp	01Vfc
46	31	19		בָּ֥אוּ	935	HVqp3cp	01hLT
46	31	20		אֵלָֽ/י	413	HR/Sp1cs	01NDt
46	32	1		וְ/הָ/אֲנָשִׁים֙	c/d/376	HC/Td/Ncmpa	013Zq
46	32	2		רֹ֣עֵי	7462 b	HVqrmpc	01Fok
46	32	3		צֹ֔אן	6629	HNcbsa	01fmJ
46	32	4		כִּֽי	3588 a	HC	01fsM
46	32	5		אַנְשֵׁ֥י	376	HNcmpc	01DLa
46	32	6		מִקְנֶ֖ה	4735	HNcmsa	01gvn
46	32	7		הָי֑וּ	1961	HVqp3cp	01duu
46	32	8		וְ/צֹאנָ֧/ם	c/6629	HC/Ncbsc/Sp3mp	01B28
46	32	9		וּ/בְקָרָ֛/ם	c/1241	HC/Ncbsc/Sp3mp	01cbu
46	32	10		וְ/כָל	c/3605	HC/Ncmsc	01uR6
46	32	11		אֲשֶׁ֥ר	834 a	HTr	01FCs
46	32	12		לָ/הֶ֖ם	l	HR/Sp3mp	01kkT
46	32	13		הֵבִֽיאוּ	935	HVhp3cp	01qyD
46	33	1		וְ/הָיָ֕ה	c/1961	HC/Vqq3ms	01YVs
46	33	2		כִּֽי	3588 a	HC	01qmc
46	33	3		יִקְרָ֥א	7121	HVqi3ms	01rHY
46	33	4		לָ/כֶ֖ם	l	HR/Sp2mp	01rM1
46	33	5		פַּרְעֹ֑ה	6547	HNp	01qtH
46	33	6		וְ/אָמַ֖ר	c/559	HC/Vqq3ms	01GWr
46	33	7		מַה	4100	HTi	01dP5
46	33	8		מַּעֲשֵׂי/כֶֽם	4639	HNcmpc/Sp2mp	01xae
46	34	1		וַ/אֲמַרְתֶּ֗ם	c/559	HC/Vqq2mp	01bzm
46	34	2		אַנְשֵׁ֨י	376	HNcmpc	01T6S
46	34	3		מִקְנֶ֜ה	4735	HNcmsa	01pKz
46	34	4		הָי֤וּ	1961	HVqp3cp	014KE
46	34	5		עֲבָדֶ֨י/ךָ֙	5650	HNcmpc/Sp2ms	01N7j
46	34	6		מִ/נְּעוּרֵ֣י/נוּ	m/5271 a	HR/Ncbpc/Sp1cp	019qd
46	34	7		וְ/עַד	c/5704	HC/R	01pzF
46	34	8		עַ֔תָּה	6258	HD	01wHf
46	34	9		גַּם	1571	HTa	01vYm
46	34	10		אֲנַ֖חְנוּ	587	HPp1cp	01KeN
46	34	11		גַּם	1571	HTa	01ATP
46	34	12		אֲבֹתֵ֑י/נוּ	1	HNcmpc/Sp1cp	01f4R
46	34	13		בַּ/עֲב֗וּר	b/5668	HR/Ncmsc	01mcW
46	34	14		תֵּשְׁבוּ֙	3427	HVqi2mp	01kso
46	34	15		בְּ/אֶ֣רֶץ	b/776	HR/Ncbsc	01Rko
46	34	16		גֹּ֔שֶׁן	1657	HNp	01obi
46	34	17		כִּֽי	3588 a	HC	01WcN
46	34	18		תוֹעֲבַ֥ת	8441	HNcfsc	01Vvf
46	34	19		מִצְרַ֖יִם	4713	HNp	01bXc
46	34	20		כָּל	3605	HNcmsc	01LBc
46	34	21		רֹ֥עֵה	7462 b	HVqrmsc	01BUk
46	34	22		צֹֽאן	6629	HNcbsa	01rWi
47	1	1		וַ/יָּבֹ֣א	c/935	HC/Vqw3ms	01WGc
47	1	2		יוֹסֵף֮	3130	HNp	01Nah
47	1	3		וַ/יַּגֵּ֣ד	c/5046	HC/Vhw3ms	01yQt
47	1	4		לְ/פַרְעֹה֒	l/6547	HR/Np	01aYG
47	1	5		וַ/יֹּ֗אמֶר	c/559	HC/Vqw3ms	0192j
47	1	6		אָבִ֨/י	1	HNcmsc/Sp1cs	01Akh
47	1	7		וְ/אַחַ֜/י	c/251	HC/Ncmpc/Sp1cs	01GGL
47	1	8		וְ/צֹאנָ֤/ם	c/6629	HC/Ncbsc/Sp3mp	01tvA
47	1	9		וּ/בְקָרָ/ם֙	c/1241	HC/Ncbsc/Sp3mp	01zqQ
47	1	10		וְ/כָל	c/3605	HC/Ncmsc	01Y2N
47	1	11		אֲשֶׁ֣ר	834 a	HTr	015c9
47	1	12		לָ/הֶ֔ם	l	HR/Sp3mp	01yeK
47	1	13		בָּ֖אוּ	935	HVqp3cp	01dB3
47	1	14		מֵ/אֶ֣רֶץ	m/776	HR/Ncbsc	01Hfk
47	1	15		כְּנָ֑עַן	3667 a	HNp	017ap
47	1	16		וְ/הִנָּ֖/ם	c/2005	HC/Tm/Sp3mp	01dXG
47	1	17		בְּ/אֶ֥רֶץ	b/776	HR/Ncbsc	01Vgh
47	1	18		גֹּֽשֶׁן	1657	HNp	01Ytw
47	2	1		וּ/מִ/קְצֵ֣ה	c/m/7097 a	HC/R/Ncbsc	01pMH
47	2	2		אֶחָ֔י/ו	251	HNcmpc/Sp3ms	018tT
47	2	3		לָקַ֖ח	3947	HVqp3ms	01mNf
47	2	4		חֲמִשָּׁ֣ה	2568	HAcmsa	01qLe
47	2	5		אֲנָשִׁ֑ים	376	HNcmpa	01ZAW
47	2	6		וַ/יַּצִּגֵ֖/ם	c/3322	HC/Vhw3ms/Sp3mp	01eh5
47	2	7		לִ/פְנֵ֥י	l/6440	HR/Ncbpc	01wya
47	2	8		פַרְעֹֽה	6547	HNp	01xob
47	3	1		וַ/יֹּ֧אמֶר	c/559	HC/Vqw3ms	01baX
47	3	2		פַּרְעֹ֛ה	6547	HNp	01pk9
47	3	3		אֶל	413	HR	01Ndn
47	3	4		אֶחָ֖י/ו	251	HNcmpc/Sp3ms	01DSq
47	3	5		מַה	4100	HTi	01xk5
47	3	6		מַּעֲשֵׂי/כֶ֑ם	4639	HNcmpc/Sp2mp	01WW7
47	3	7		וַ/יֹּאמְר֣וּ	c/559	HC/Vqw3mp	01gfY
47	3	8		אֶל	413	HR	01A58
47	3	9		פַּרְעֹ֗ה	6547	HNp	01tLp
47	3	10		רֹעֵ֥ה	7462 b	HVqrmsc	01fMd
47	3	11		צֹאן֙	6629	HNcbsa	01zn8
47	3	12		עֲבָדֶ֔י/ךָ	5650	HNcmpc/Sp2ms	01fTA
47	3	13		גַּם	1571	HTa	01V4v
47	3	14		אֲנַ֖חְנוּ	587	HPp1cp	012zJ
47	3	15		גַּם	1571	HTa	01yaP
47	3	16		אֲבוֹתֵֽי/נוּ	1	HNcmpc/Sp1cp	01a9Y
47	4	1		וַ/יֹּאמְר֣וּ	c/559	HC/Vqw3mp	01U5Y
47	4	2		אֶל	413	HR	01qGa
47	4	3		פַּרְעֹ֗ה	6547	HNp	01nuN
47	4	4		לָ/ג֣וּר	l/1481 a	HR/Vqc	01nsJ
47	4	5		בָּ/אָרֶץ֮	b/776	HRd/Ncbsa	01TKd
47	4	6		בָּאנוּ֒	935	HVqp1cp	01xyP
47	4	7		כִּי	3588 a	HC	013pd
47	4	8		אֵ֣ין	369	HTn	01fpR
47	4	9		מִרְעֶ֗ה	4829	HNcmsa	0163n
47	4	10		לַ/צֹּאן֙	l/6629	HRd/Ncbsa	01pZr
47	4	11		אֲשֶׁ֣ר	834 a	HTr	019Rk
47	4	12		לַ/עֲבָדֶ֔י/ךָ	l/5650	HR/Ncmpc/Sp2ms	01tbx
47	4	13		כִּֽי	3588 a	HC	01q5R
47	4	14		כָבֵ֥ד	3515	HAamsa	01P47
47	4	15		הָ/רָעָ֖ב	d/7458	HTd/Ncmsa	01Fs7
47	4	16		בְּ/אֶ֣רֶץ	b/776	HR/Ncbsc	01YxB
47	4	17		כְּנָ֑עַן	3667 a	HNp	01WGB
47	4	18		וְ/עַתָּ֛ה	c/6258	HC/D	01WEk
47	4	19		יֵֽשְׁבוּ	3427	HVqj3mp	016fB
47	4	20		נָ֥א	4994	HTe	01gkD
47	4	21		עֲבָדֶ֖י/ךָ	5650	HNcmpc/Sp2ms	01ayM
47	4	22		בְּ/אֶ֥רֶץ	b/776	HR/Ncbsc	01tLH
47	4	23		גֹּֽשֶׁן	1657	HNp	01AA7
47	5	1		וַ/יֹּ֣אמֶר	c/559	HC/Vqw3ms	01uUP
47	5	2		פַּרְעֹ֔ה	6547	HNp	01Lrz
47	5	3		אֶל	413	HR	01u6A
47	5	4		יוֹסֵ֖ף	3130	HNp	01E6u
47	5	5		לֵ/אמֹ֑ר	l/559	HR/Vqc	01r79
47	5	6		אָבִ֥י/ךָ	1	HNcmsc/Sp2ms	01D7f
47	5	7		וְ/אַחֶ֖י/ךָ	c/251	HC/Ncmpc/Sp2ms	01gFA
47	5	8		בָּ֥אוּ	935	HVqp3cp	01bPT
47	5	9		אֵלֶֽי/ךָ	413	HR/Sp2ms	01ro4
47	6	1		אֶ֤רֶץ	776	HNcbsc	01fNk
47	6	2		מִצְרַ֨יִם֙	4714	HNp	01DTZ
47	6	3		לְ/פָנֶ֣י/ךָ	l/6440	HR/Ncbpc/Sp2ms	01ihR
47	6	4		הִ֔וא	1931	HPp3fs	01d8h
47	6	5		בְּ/מֵיטַ֣ב	b/4315	HR/Ncmsc	01pzy
47	6	6		הָ/אָ֔רֶץ	d/776	HTd/Ncbsa	01rGv
47	6	7		הוֹשֵׁ֥ב	3427	HVhv2ms	01wqw
47	6	8		אֶת	853	HTo	01QvT
47	6	9		אָבִ֖י/ךָ	1	HNcmsc/Sp2ms	01cmh
47	6	10		וְ/אֶת	c/853	HC/To	01PyQ
47	6	11		אַחֶ֑י/ךָ	251	HNcmpc/Sp2ms	01ZEY
47	6	12		יֵשְׁבוּ֙	3427	HVqi3mp	01Pfz
47	6	13		בְּ/אֶ֣רֶץ	b/776	HR/Ncbsc	01Na8
47	6	14		גֹּ֔שֶׁן	1657	HNp	01ib9
47	6	15		וְ/אִם	c/518 a	HC/C	01WSw
47	6	16		יָדַ֗עְתָּ	3045	HVqp2ms	01rZT
47	6	17		וְ/יֶשׁ	c/3426	HC/Tm	01y63
47	6	18		בָּ/ם֙	b	HR/Sp3mp	01tbR
47	6	19		אַנְשֵׁי	376	HNcmpc	01X7D
47	6	20		חַ֔יִל	2428	HNcmsa	01Z7Z
47	6	21		וְ/שַׂמְתָּ֛/ם	c/7760 a	HC/Vqq2ms/Sp3mp	01GqZ
47	6	22		שָׂרֵ֥י	8269	HNcmpc	01eTe
47	6	23		מִקְנֶ֖ה	4735	HNcmsa	01Umy
47	6	24		עַל	5921 a	HR	01W2m
47	6	25		אֲשֶׁר	834 a	HTr	01Cue
47	6	26		לִֽ/י	l	HR/Sp1cs	01bNU
47	7	1		וַ/יָּבֵ֤א	c/935	HC/Vhw3ms	01xeh
47	7	2		יוֹסֵף֙	3130	HNp	01ZjG
47	7	3		אֶת	853	HTo	01nUa
47	7	4		יַֽעֲקֹ֣ב	3290	HNp	01Lvw
47	7	5		אָבִ֔י/ו	1	HNcmsc/Sp3ms	01EtW
47	7	6		וַ/יַּֽעֲמִדֵ֖/הוּ	c/5975	HC/Vhw3ms/Sp3ms	01mby
47	7	7		לִ/פְנֵ֣י	l/6440	HR/Ncbpc	01dRJ
47	7	8		פַרְעֹ֑ה	6547	HNp	012Wh
47	7	9		וַ/יְבָ֥רֶךְ	c/1288	HC/Vpw3ms	01xPH
47	7	10		יַעֲקֹ֖ב	3290	HNp	01tNs
47	7	11		אֶת	853	HTo	01F4G
47	7	12		פַּרְעֹֽה	6547	HNp	01Vy4
47	8	1		וַ/יֹּ֥אמֶר	c/559	HC/Vqw3ms	01s1z
47	8	2		פַּרְעֹ֖ה	6547	HNp	01ksc
47	8	3		אֶֽל	413	HR	01Grc
47	8	4		יַעֲקֹ֑ב	3290	HNp	01fSt
47	8	5		כַּ/מָּ֕ה	k/4100	HR/Ti	01q3G
47	8	6		יְמֵ֖י	3117	HNcmpc	01XUt
47	8	7		שְׁנֵ֥י	8141	HAcmdc	01mkT
47	8	8		חַיֶּֽי/ךָ	2416 e	HNcmpc/Sp2ms	01MfB
47	9	1		וַ/יֹּ֤אמֶר	c/559	HC/Vqw3ms	01Q2T
47	9	2		יַעֲקֹב֙	3290	HNp	01cFK
47	9	3		אֶל	413	HR	01tya
47	9	4		פַּרְעֹ֔ה	6547	HNp	0152s
47	9	5		יְמֵי֙	3117	HNcmpc	01NoZ
47	9	6		שְׁנֵ֣י	8141	HAcmdc	01EfH
47	9	7		מְגוּרַ֔/י	4033	HNcmpc/Sp1cs	01tRp
47	9	8		שְׁלֹשִׁ֥ים	7970	HAcbpa	01eio
47	9	9		וּ/מְאַ֖ת	c/3967	HC/Acbsc	01tHU
47	9	10		שָׁנָ֑ה	8141	HNcfsa	01719
47	9	11		מְעַ֣ט	4592	HNcmsa	0162i
47	9	12		וְ/רָעִ֗ים	c/7451 a	HC/Aampa	01Ne3
47	9	13		הָיוּ֙	1961	HVqp3cp	01quW
47	9	14		יְמֵי֙	3117	HNcmpc	01Gy8
47	9	15		שְׁנֵ֣י	8141	HAcmdc	01s7Z
47	9	16		חַיַּ֔/י	2416 e	HNcmpc/Sp1cs	012tr
47	9	17		וְ/לֹ֣א	c/3808	HC/Tn	01PtS
47	9	18		הִשִּׂ֗יגוּ	5381	HVhp3cp	01Rwm
47	9	19		אֶת	853	HTo	01Vrx
47	9	20		יְמֵי֙	3117	HNcmpc	01fcB
47	9	21		שְׁנֵי֙	8141	HAcmdc	01aR3
47	9	22		חַיֵּ֣י	2416 e	HNcmpc	011zj
47	9	23		אֲבֹתַ֔/י	1	HNcmpc/Sp1cs	014uw
47	9	24		בִּ/ימֵ֖י	b/3117	HR/Ncmpc	01ji4
47	9	25		מְגוּרֵי/הֶֽם	4033	HNcmpc/Sp3mp	01GeD
47	10	1		וַ/יְבָ֥רֶךְ	c/1288	HC/Vpw3ms	01htM
47	10	2		יַעֲקֹ֖ב	3290	HNp	01zBi
47	10	3		אֶת	853	HTo	01mNX
47	10	4		פַּרְעֹ֑ה	6547	HNp	01UWb
47	10	5		וַ/יֵּצֵ֖א	c/3318	HC/Vqw3ms	01YZR
47	10	6		מִ/לִּ/פְנֵ֥י	m/l/6440	HR/R/Ncbpc	016it
47	10	7		פַרְעֹֽה	6547	HNp	01qSb
47	11	1		וַ/יּוֹשֵׁ֣ב	c/3427	HC/Vhw3ms	01qT4
47	11	2		יוֹסֵף֮	3130	HNp	011wB
47	11	3		אֶת	853	HTo	01uqi
47	11	4		אָבִ֣י/ו	1	HNcmsc/Sp3ms	01pUH
47	11	5		וְ/אֶת	c/853	HC/To	01zdC
47	11	6		אֶחָי/ו֒	251	HNcmpc/Sp3ms	01vqS
47	11	7		וַ/יִּתֵּ֨ן	c/5414	HC/Vqw3ms	01sYt
47	11	8		לָ/הֶ֤ם	l	HR/Sp3mp	01Hvk
47	11	9		אֲחֻזָּה֙	272	HNcfsa	01VEP
47	11	10		בְּ/אֶ֣רֶץ	b/776	HR/Ncbsc	01qtT
47	11	11		מִצְרַ֔יִם	4714	HNp	01VUT
47	11	12		בְּ/מֵיטַ֥ב	b/4315	HR/Ncmsc	01GiA
47	11	13		הָ/אָ֖רֶץ	d/776	HTd/Ncbsa	01vQN
47	11	14		בְּ/אֶ֣רֶץ	b/776	HR/Ncbsc	01CtL
47	11	15		רַעְמְסֵ֑ס	7486	HNp	01JZS
47	11	16		כַּ/אֲשֶׁ֖ר	k/834 d	HR/Tr	01C6J
47	11	17		צִוָּ֥ה	6680	HVpp3ms	01kqH
47	11	18		פַרְעֹֽה	6547	HNp	01i5N
47	12	1		וַ/יְכַלְכֵּ֤ל	c/3557	HC/Vlw3ms	01NY1
47	12	2		יוֹסֵף֙	3130	HNp	01otN
47	12	3		אֶת	853	HTo	01XhQ
47	12	4		אָבִ֣י/ו	1	HNcmsc/Sp3ms	01Ksn
47	12	5		וְ/אֶת	c/853	HC/To	01C4R
47	12	6		אֶחָ֔י/ו	251	HNcmpc/Sp3ms	01Q44
47	12	7		וְ/אֵ֖ת	c/853	HC/To	019mY
47	12	8		כָּל	3605	HNcmsc	01WbN
47	12	9		בֵּ֣ית	1004 b	HNcmsc	011f6
47	12	10		אָבִ֑י/ו	1	HNcmsc/Sp3ms	01dKS
47	12	11		לֶ֖חֶם	3899	HNcbsa	01ckz
47	12	12		לְ/פִ֥י	l/6310	HR/Ncmsc	01VJj
47	12	13		הַ/טָּֽף	d/2945	HTd/Ncmsa	01niW
47	13	1		וְ/לֶ֤חֶם	c/3899	HC/Ncbsa	01jSP
47	13	2		אֵין֙	369	HTn	01dng
47	13	3		בְּ/כָל	b/3605	HR/Ncmsc	01Bac
47	13	4		הָ/אָ֔רֶץ	d/776	HTd/Ncbsa	01umk
47	13	5		כִּֽי	3588 a	HC	01LJ8
47	13	6		כָבֵ֥ד	3515	HAamsa	01MiL
47	13	7		הָ/רָעָ֖ב	d/7458	HTd/Ncmsa	01JVM
47	13	8		מְאֹ֑ד	3966	HD	01JBH
47	13	9		וַ/תֵּ֜לַהּ	c/3856 a	HC/Vqw3fs	01DND
47	13	10		אֶ֤רֶץ	776	HNcbsc	01SZn
47	13	11		מִצְרַ֨יִם֙	4714	HNp	01wrr
47	13	12		וְ/אֶ֣רֶץ	c/776	HC/Ncbsc	01a6k
47	13	13		כְּנַ֔עַן	3667 a	HNp	01h5m
47	13	14		מִ/פְּנֵ֖י	m/6440	HR/Ncbpc	01U5L
47	13	15		הָ/רָעָֽב	d/7458	HTd/Ncmsa	013Ry
47	14	1		וַ/יְלַקֵּ֣ט	c/3950	HC/Vpw3ms	01CW1
47	14	2		יוֹסֵ֗ף	3130	HNp	01mgq
47	14	3		אֶת	853	HTo	01a4B
47	14	4		כָּל	3605	HNcmsc	01dvf
47	14	5		הַ/כֶּ֨סֶף֙	d/3701	HTd/Ncmsa	01dsx
47	14	6		הַ/נִּמְצָ֤א	d/4672	HTd/VNrmsa	01jat
47	14	7		בְ/אֶֽרֶץ	b/776	HR/Ncbsc	01WVK
47	14	8		מִצְרַ֨יִם֙	4714	HNp	01PzX
47	14	9		וּ/בְ/אֶ֣רֶץ	c/b/776	HC/R/Ncbsc	01SiM
47	14	10		כְּנַ֔עַן	3667 a	HNp	014Ug
47	14	11		בַּ/שֶּׁ֖בֶר	b/7668	HRd/Ncmsa	01R36
47	14	12		אֲשֶׁר	834 a	HTr	01QTQ
47	14	13		הֵ֣ם	1992	HPp3mp	01xdM
47	14	14		שֹׁבְרִ֑ים	7666	HVqrmpa	016au
47	14	15		וַ/יָּבֵ֥א	c/935	HC/Vhw3ms	01GFS
47	14	16		יוֹסֵ֛ף	3130	HNp	01G3e
47	14	17		אֶת	853	HTo	01c7W
47	14	18		הַ/כֶּ֖סֶף	d/3701	HTd/Ncmsa	01ofb
47	14	19		בֵּ֥יתָ/ה	1004 b	HNcmsc/Sd	01zcp
47	14	20		פַרְעֹֽה	6547	HNp	01kNX
47	15	1		וַ/יִּתֹּ֣ם	c/8552	HC/Vqw3ms	01GHX
47	15	2		הַ/כֶּ֗סֶף	d/3701	HTd/Ncmsa	01rKC
47	15	3		מֵ/אֶ֣רֶץ	m/776	HR/Ncbsc	01apu
47	15	4		מִצְרַיִם֮	4714	HNp	01a53
47	15	5		וּ/מֵ/אֶ֣רֶץ	c/m/776	HC/R/Ncbsc	01Cne
47	15	6		כְּנַעַן֒	3667 a	HNp	011U7
47	15	7		וַ/יָּבֹאוּ֩	c/935	HC/Vqw3mp	01KsZ
47	15	8		כָל	3605	HNcmsc	01MaB
47	15	9		מִצְרַ֨יִם	4713	HNp	01tdZ
47	15	10		אֶל	413	HR	01CU1
47	15	11		יוֹסֵ֤ף	3130	HNp	01QsN
47	15	12		לֵ/אמֹר֙	l/559	HR/Vqc	01vDC
47	15	13		הָֽבָ/ה	3051	HVqv2ms/Sh	01tZj
47	15	14		לָּ֣/נוּ	l	HR/Sp1cp	01iA6
47	15	15		לֶ֔חֶם	3899	HNcbsa	01iUx
47	15	16		וְ/לָ֥/מָּה	c/l/4100	HC/R/Ti	01jtC
47	15	17		נָמ֖וּת	4191	HVqi1cp	01vXM
47	15	18		נֶגְדֶּ֑/ךָ	5048	HR/Sp2ms	01TDB
47	15	19		כִּ֥י	3588 a	HC	012QJ
47	15	20		אָפֵ֖ס	656	HVqp3ms	01UvL
47	15	21		כָּֽסֶף	3701	HNcmsa	01oHi
47	16	1		וַ/יֹּ֤אמֶר	c/559	HC/Vqw3ms	01674
47	16	2		יוֹסֵף֙	3130	HNp	01reJ
47	16	3		הָב֣וּ	3051	HVqv2mp	015X7
47	16	4		מִקְנֵי/כֶ֔ם	4735	HNcmpc/Sp2mp	01mpo
47	16	5		וְ/אֶתְּנָ֥ה	c/5414	HC/Vqh1cs	01gSM
47	16	6		לָ/כֶ֖ם	l	HR/Sp2mp	01Dqp
47	16	7		בְּ/מִקְנֵי/כֶ֑ם	b/4735	HR/Ncmpc/Sp2ms	01ZJA
47	16	8		אִם	518 a	HC	01Rqk
47	16	9		אָפֵ֖ס	656	HVqp3ms	01PS6
47	16	10		כָּֽסֶף	3701	HNcmsa	01p8q
47	17	1		וַ/יָּבִ֣יאוּ	c/935	HC/Vhw3mp	01uRZ
47	17	2		אֶת	853	HTo	01bF5
47	17	3		מִקְנֵי/הֶם֮	4735	HNcmpc/Sp3mp	01kpX
47	17	4		אֶל	413	HR	01qXM
47	17	5		יוֹסֵף֒	3130	HNp	012QW
47	17	6		וַ/יִּתֵּ֣ן	c/5414	HC/Vqw3ms	01drF
47	17	7		לָ/הֶם֩	l	HR/Sp3mp	01Yfh
47	17	8		יוֹסֵ֨ף	3130	HNp	016FP
47	17	9		לֶ֜חֶם	3899	HNcbsa	01G4H
47	17	10		בַּ/סּוּסִ֗ים	b/5483 b	HRd/Ncmpa	01Jj9
47	17	11		וּ/בְ/מִקְנֵ֥ה	c/b/4735	HC/R/Ncmsc	01Pcr
47	17	12		הַ/צֹּ֛אן	d/6629	HTd/Ncbsa	01wGs
47	17	13		וּ/בְ/מִקְנֵ֥ה	c/b/4735	HC/R/Ncmsc	01Con
47	17	14		הַ/בָּקָ֖ר	d/1241	HTd/Ncbsa	018ME
47	17	15		וּ/בַ/חֲמֹרִ֑ים	c/b/2543	HC/Rd/Ncbpa	017od
47	17	16		וַ/יְנַהֲלֵ֤/ם	c/5095	HC/Vpw3ms/Sp3mp	01L6D
47	17	17		בַּ/לֶּ֨חֶם֙	b/3899	HRd/Ncbsa	01no9
47	17	18		בְּ/כָל	b/3605	HR/Ncmsc	01vos
47	17	19		מִקְנֵ/הֶ֔ם	4735	HNcmsc/Sp3mp	01KA1
47	17	20		בַּ/שָּׁנָ֖ה	b/8141	HRd/Ncfsa	01DzF
47	17	21		הַ/הִֽוא	d/1931	HTd/Pp3fs	01zso
47	18	1		וַ/תִּתֹּם֮	c/8552	HC/Vqw3fs	01x3Z
47	18	2		הַ/שָּׁנָ֣ה	d/8141	HTd/Ncfsa	01UUP
47	18	3		הַ/הִוא֒	d/1931	HTd/Pp3fs	01YAP
47	18	4		וַ/יָּבֹ֨אוּ	c/935	HC/Vqw3mp	01L96
47	18	5		אֵלָ֜י/ו	413	HR/Sp3ms	01Kuh
47	18	6		בַּ/שָּׁנָ֣ה	b/8141	HRd/Ncfsa	01KiR
47	18	7		הַ/שֵּׁנִ֗ית	d/8145	HTd/Aofsa	01B82
47	18	8		וַ/יֹּ֤אמְרוּ	c/559	HC/Vqw3mp	01HHv
47	18	9		ל/וֹ֙	l	HR/Sp3ms	01iWL
47	18	10		לֹֽא	3808	HTn	01gZn
47	18	11		נְכַחֵ֣ד	3582	HVpi1cp	01aT8
47	18	12		מֵֽ/אֲדֹנִ֔/י	m/113	HR/Ncmsc/Sp1cs	01PhE
47	18	13		כִּ֚י	3588 b	HC	01JmQ
47	18	14		אִם	518 b	HC	01f6h
47	18	15		תַּ֣ם	8552	HVqp3ms	01pZ2
47	18	16		הַ/כֶּ֔סֶף	d/3701	HTd/Ncmsa	01bgN
47	18	17		וּ/מִקְנֵ֥ה	c/4735	HC/Ncmsc	01kpK
47	18	18		הַ/בְּהֵמָ֖ה	d/929	HTd/Ncfsa	017vc
47	18	19		אֶל	413	HR	01Poj
47	18	20		אֲדֹנִ֑/י	113	HNcmsc/Sp1cs	01C8R
47	18	21		לֹ֤א	3808	HTn	01j64
47	18	22		נִשְׁאַר֙	7604	HVNp3ms	01ES6
47	18	23		לִ/פְנֵ֣י	l/6440	HR/Ncbpc	01FuV
47	18	24		אֲדֹנִ֔/י	113	HNcmsc/Sp1cs	01SEJ
47	18	25		בִּלְתִּ֥י	1115	HC	01WUb
47	18	26		אִם	518 a	HC	014TJ
47	18	27		גְּוִיָּתֵ֖/נוּ	1472	HNcfsc/Sp1cp	01Wjj
47	18	28		וְ/אַדְמָתֵֽ/נוּ	c/127	HC/Ncfsc/Sp1cp	014tw
47	19	1		לָ֧/מָּה	l/4100	HR/Ti	01yrf
47	19	2		נָמ֣וּת	4191	HVqi1cp	01Dda
47	19	3		לְ/עֵינֶ֗י/ךָ	l/5869 a	HR/Ncbdc/Sp2ms	01dLi
47	19	4		גַּם	1571	HTa	01rHy
47	19	5		אֲנַ֨חְנוּ֙	587	HPp1cp	01jPF
47	19	6		גַּ֣ם	1571	HTa	01rXi
47	19	7		אַדְמָתֵ֔/נוּ	127	HNcfsc/Sp1cp	01ygq
47	19	8		קְנֵֽה	7069	HVqv2ms	01eFJ
47	19	9		אֹתָ֥/נוּ	853	HTo/Sp1cp	01S1b
47	19	10		וְ/אֶת	c/853	HC/To	01JL9
47	19	11		אַדְמָתֵ֖/נוּ	127	HNcfsc/Sp1cp	016Dg
47	19	12		בַּ/לָּ֑חֶם	b/3899	HRd/Ncbsa	01Z9T
47	19	13		וְ/נִֽהְיֶ֞ה	c/1961	HC/Vqi1cp	01TZf
47	19	14		אֲנַ֤חְנוּ	587	HPp1cp	01ZD3
47	19	15		וְ/אַדְמָתֵ֨/נוּ֙	c/127	HC/Ncfsc/Sp1cp	0197j
47	19	16		עֲבָדִ֣ים	5650	HNcmpa	01jbD
47	19	17		לְ/פַרְעֹ֔ה	l/6547	HR/Np	01kcu
47	19	18		וְ/תֶן	c/5414	HC/Vqv2ms	01QMH
47	19	19		זֶ֗רַע	2233	HNcmsa	01KYz
47	19	20		וְ/נִֽחְיֶה֙	c/2421	HC/Vqi1cp	01D8D
47	19	21		וְ/לֹ֣א	c/3808	HC/Tn	016ax
47	19	22		נָמ֔וּת	4191	HVqi1cp	01YLT
47	19	23		וְ/הָ/אֲדָמָ֖ה	c/d/127	HC/Td/Ncfsa	016BU
47	19	24		לֹ֥א	3808	HTn	01DJa
47	19	25		תֵשָֽׁם	3456	HVqi3fs	01wXf
47	20	1		וַ/יִּ֨קֶן	c/7069	HC/Vqw3ms	01DJH
47	20	2		יוֹסֵ֜ף	3130	HNp	01Dny
47	20	3		אֶת	853	HTo	017M2
47	20	4		כָּל	3605	HNcmsc	01E7L
47	20	5		אַדְמַ֤ת	127	HNcfsc	01AmH
47	20	6		מִצְרַ֨יִם֙	4714	HNp	01mFj
47	20	7		לְ/פַרְעֹ֔ה	l/6547	HR/Np	01w4N
47	20	8		כִּֽי	3588 a	HC	01LTy
47	20	9		מָכְר֤וּ	4376	HVqp3cp	01mbo
47	20	10		מִצְרַ֨יִם֙	4713	HNp	01buV
47	20	11		אִ֣ישׁ	376	HNcmsa	01X7W
47	20	12		שָׂדֵ֔/הוּ	7704 b	HNcmsc/Sp3ms	01Ci3
47	20	13		כִּֽי	3588 a	HC	01Nbk
47	20	14		חָזַ֥ק	2388	HVqp3ms	01QHA
47	20	15		עֲלֵ/הֶ֖ם	5921 a	HR/Sp3mp	019gw
47	20	16		הָ/רָעָ֑ב	d/7458	HTd/Ncmsa	012Ts
47	20	17		וַ/תְּהִ֥י	c/1961	HC/Vqw3fs	014FY
47	20	18		הָ/אָ֖רֶץ	d/776	HTd/Ncbsa	015fa
47	20	19		לְ/פַרְעֹֽה	l/6547	HR/Np	01K4u
47	21	1		וְ/אֶ֨ת	c/853	HC/To	01qgA
47	21	2		הָ/עָ֔ם	d/5971 a	HTd/Ncmsa	0132T
47	21	3		הֶעֱבִ֥יר	5674 a	HVhp3ms	01iCc
47	21	4		אֹת֖/וֹ	853	HTo/Sp3ms	01jGC
47	21	5		לֶ/עָרִ֑ים	l/5892 b	HRd/Ncfpa	01evN
47	21	6		מִ/קְצֵ֥ה	m/7097 a	HR/Ncbsc	013uv
47	21	7		גְבוּל	1366	HNcmsc	01p1Q
47	21	8		מִצְרַ֖יִם	4714	HNp	01DuH
47	21	9		וְ/עַד	c/5704	HC/R	01vr6
47	21	10		קָצֵֽ/הוּ	7097 a	HNcbsc/Sp3ms	01pb5
47	22	1		רַ֛ק	7535	HTa	01aFr
47	22	2		אַדְמַ֥ת	127	HNcfsc	01GJb
47	22	3		הַ/כֹּהֲנִ֖ים	d/3548	HTd/Ncmpa	01dnN
47	22	4		לֹ֣א	3808	HTn	01SrR
47	22	5		קָנָ֑ה	7069	HVqp3ms	01y9i
47	22	6		כִּי֩	3588 a	HC	01B2x
47	22	7		חֹ֨ק	2706	HNcmsa	01eWQ
47	22	8		לַ/כֹּהֲנִ֜ים	l/3548	HRd/Ncmpa	01ZUN
47	22	9		מֵ/אֵ֣ת	m/854	HR/R	01iiA
47	22	10		פַּרְעֹ֗ה	6547	HNp	01cJv
47	22	11		וְ/אָֽכְל֤וּ	c/398	HC/Vqp3cp	01K2t
47	22	12		אֶת	853	HTo	01VFU
47	22	13		חֻקָּ/ם֙	2706	HNcmsc/Sp3mp	01LX8
47	22	14		אֲשֶׁ֨ר	834 a	HTr	01CKg
47	22	15		נָתַ֤ן	5414	HVqp3ms	01YGo
47	22	16		לָ/הֶם֙	l	HR/Sp3mp	013py
47	22	17		פַּרְעֹ֔ה	6547	HNp	01B9F
47	22	18		עַל	5921 a	HR	01MxB
47	22	19		כֵּ֕ן	3651 c	HTm	016Uz
47	22	20		לֹ֥א	3808	HTn	01HVP
47	22	21		מָכְר֖וּ	4376	HVqp3cp	01AbK
47	22	22		אֶת	853	HTo	01iJ3
47	22	23		אַדְמָתָֽ/ם	127	HNcfsc/Sp3mp	01iEW
47	23	1		וַ/יֹּ֤אמֶר	c/559	HC/Vqw3ms	01H6n
47	23	2		יוֹסֵף֙	3130	HNp	01E13
47	23	3		אֶל	413	HR	01o9x
47	23	4		הָ/עָ֔ם	d/5971 a	HTd/Ncmsa	01fyn
47	23	5		הֵן֩	2005	HTm	01EoJ
47	23	6		קָנִ֨יתִי	7069	HVqp1cs	01Bdj
47	23	7		אֶתְ/כֶ֥ם	853	HTo/Sp2mp	01thp
47	23	8		הַ/יּ֛וֹם	d/3117	HTd/Ncmsa	015Jt
47	23	9		וְ/אֶת	c/853	HC/To	01yb2
47	23	10		אַדְמַתְ/כֶ֖ם	127	HNcfsc/Sp2mp	01sQ8
47	23	11		לְ/פַרְעֹ֑ה	l/6547	HR/Np	01HRA
47	23	12		הֵֽא	1887	HTj	01CkJ
47	23	13		לָ/כֶ֣ם	l	HR/Sp2mp	01Ke7
47	23	14		זֶ֔רַע	2233	HNcmsa	01Dve
47	23	15		וּ/זְרַעְתֶּ֖ם	c/2232	HC/Vqq2mp	01iDM
47	23	16		אֶת	853	HTo	01Pue
47	23	17		הָ/אֲדָמָֽה	d/127	HTd/Ncfsa	01gKk
47	24	1		וְ/הָיָה֙	c/1961	HC/Vqq3ms	01ZLz
47	24	2		בַּ/תְּבוּאֹ֔ת	b/8393	HRd/Ncfpa	01sHP
47	24	3		וּ/נְתַתֶּ֥ם	c/5414	HC/Vqq2mp	01Gwv
47	24	4		חֲמִישִׁ֖ית	2549	HAofsa	01zwF
47	24	5		לְ/פַרְעֹ֑ה	l/6547	HR/Np	0176F
47	24	6		וְ/אַרְבַּ֣ע	c/702	HC/Acfsa	01V6i
47	24	7		הַ/יָּדֹ֡ת	d/3027	HTd/Ncbpa	01dQ3
47	24	8		יִהְיֶ֣ה	1961	HVqi3ms	01oKU
47	24	9		לָ/כֶם֩	l	HR/Sp2mp	01UqA
47	24	10		לְ/זֶ֨רַע	l/2233	HR/Ncmsc	01e2t
47	24	11		הַ/שָּׂדֶ֧ה	d/7704 b	HTd/Ncmsa	01EEt
47	24	12		וּֽ/לְ/אָכְלְ/כֶ֛ם	c/l/400	HC/R/Ncmsc/Sp2mp	011yf
47	24	13		וְ/לַ/אֲשֶׁ֥ר	c/l/834 a	HC/R/Tr	01JqV
47	24	14		בְּ/בָתֵּי/כֶ֖ם	b/1004 b	HR/Ncmpc/Sp2mp	01uXb
47	24	15		וְ/לֶ/אֱכֹ֥ל	c/l/398	HC/R/Vqc	01JpY
47	24	16		לְ/טַפְּ/כֶֽם	l/2945	HR/Ncmsc/Sp2mp	01DMw
47	25	1		וַ/יֹּאמְר֖וּ	c/559	HC/Vqw3mp	01osY
47	25	2		הֶחֱיִתָ֑/נוּ	2421	HVhp2ms/Sp1cp	01mSd
47	25	3		נִמְצָא	4672	HVqi1cp	01oSX
47	25	4		חֵן֙	2580	HNcmsa	01Xas
47	25	5		בְּ/עֵינֵ֣י	b/5869 a	HR/Ncbdc	01CiS
47	25	6		אֲדֹנִ֔/י	113	HNcmsc/Sp1cs	01zam
47	25	7		וְ/הָיִ֥ינוּ	c/1961	HC/Vqq1cp	01uG6
47	25	8		עֲבָדִ֖ים	5650	HNcmpa	016k2
47	25	9		לְ/פַרְעֹֽה	l/6547	HR/Np	01R8g
47	26	1		וַ/יָּ֣שֶׂם	c/7760 a	HC/Vqw3ms	01rrx
47	26	2		אֹתָ֣/הּ	853	HTo/Sp3fs	01VQK
47	26	3		יוֹסֵ֡ף	3130	HNp	015Vj
47	26	4		לְ/חֹק֩	l/2706	HR/Ncmsa	01N75
47	26	5		עַד	5704	HR	01s3H
47	26	6		הַ/יּ֨וֹם	d/3117	HTd/Ncmsa	01EXK
47	26	7		הַ/זֶּ֜ה	d/2088	HTd/Pdxms	01dn1
47	26	8		עַל	5921 a	HR	01TvL
47	26	9		אַדְמַ֥ת	127	HNcfsc	01f8J
47	26	10		מִצְרַ֛יִם	4714	HNp	01zXp
47	26	11		לְ/פַרְעֹ֖ה	l/6547	HR/Np	01sSq
47	26	12		לַ/חֹ֑מֶשׁ	l/2569	HRd/Ncmsa	014y7
47	26	13		רַ֞ק	7535	HTa	01nEp
47	26	14		אַדְמַ֤ת	127	HNcfsc	01MW6
47	26	15		הַ/כֹּֽהֲנִים֙	d/3548	HTd/Ncmpa	01ZCN
47	26	16		לְ/בַדָּ֔/ם	l/905	HR/Ncmsc/Sp3mp	01XEr
47	26	17		לֹ֥א	3808	HTn	01Mpj
47	26	18		הָיְתָ֖ה	1961	HVqp3fs	01vaN
47	26	19		לְ/פַרְעֹֽה	l/6547	HR/Np	01Gpy
47	27	1		וַ/יֵּ֧שֶׁב	c/3427	HC/Vqw3ms	01ohp
47	27	2		יִשְׂרָאֵ֛ל	3478	HNp	01Hac
47	27	3		בְּ/אֶ֥רֶץ	b/776	HR/Ncbsc	013fL
47	27	4		מִצְרַ֖יִם	4714	HNp	01JeX
47	27	5		בְּ/אֶ֣רֶץ	b/776	HR/Ncbsc	01CzR
47	27	6		גֹּ֑שֶׁן	1657	HNp	01aMs
47	27	7		וַ/יֵּאָחֲז֣וּ	c/270	HC/VNw3mp	01j9C
47	27	8		בָ֔/הּ	b	HR/Sp3fs	01g7a
47	27	9		וַ/יִּפְר֥וּ	c/6509	HC/Vqw3mp	016dx
47	27	10		וַ/יִּרְבּ֖וּ	c/7235 a	HC/Vqw3mp	01M7W
47	27	11		מְאֹֽד	3966	HD	01twJ
47	28	1		וַ/יְחִ֤י	c/2421	HC/Vqw3ms	01sHA
47	28	2		יַעֲקֹב֙	3290	HNp	01yG9
47	28	3		בְּ/אֶ֣רֶץ	b/776	HR/Ncbsc	01jj2
47	28	4		מִצְרַ֔יִם	4714	HNp	01JyH
47	28	5		שְׁבַ֥ע	7651	HAcfsa	015QV
47	28	6		עֶשְׂרֵ֖ה	6240	HAcfsa	01VW2
47	28	7		שָׁנָ֑ה	8141	HNcfsa	016CV
47	28	8		וַ/יְהִ֤י	c/1961	HC/Vqw3ms	01s1c
47	28	9		יְמֵֽי	3117	HNcmpc	01buu
47	28	10		יַעֲקֹב֙	3290	HNp	018Z2
47	28	11		שְׁנֵ֣י	8141	HAcmdc	01cfE
47	28	12		חַיָּ֔י/ו	2416 e	HNcmpc/Sp3ms	01LAY
47	28	13		שֶׁ֣בַע	7651	HAcfsa	01uJR
47	28	14		שָׁנִ֔ים	8141	HNcfpa	01vob
47	28	15		וְ/אַרְבָּעִ֥ים	c/705	HC/Acbpa	019nc
47	28	16		וּ/מְאַ֖ת	c/3967	HC/Acbsc	01fZL
47	28	17		שָׁנָֽה	8141	HNcfsa	013iw
47	29	1		וַ/יִּקְרְב֣וּ	c/7126	HC/Vqw3mp	01Qbu
47	29	2		יְמֵֽי	3117	HNcmpc	01fQX
47	29	3		יִשְׂרָאֵ֘ל	3478	HNp	01b9b
47	29	4		לָ/מוּת֒	l/4191	HR/Vqc	01eM5
47	29	5		וַ/יִּקְרָ֣א	c/7121	HC/Vqw3ms	01HJB
47	29	6		לִ/בְנ֣/וֹ	l/1121 a	HR/Ncmsc/Sp3ms	016H4
47	29	7		לְ/יוֹסֵ֗ף	l/3130	HR/Np	01AUy
47	29	8		וַ/יֹּ֤אמֶר	c/559	HC/Vqw3ms	01z9J
47	29	9		ל/וֹ֙	l	HR/Sp3ms	01Fq7
47	29	10		אִם	518 a	HC	01B7b
47	29	11		נָ֨א	4994	HTe	01A7r
47	29	12		מָצָ֤אתִי	4672	HVqp1cs	01brw
47	29	13		חֵן֙	2580	HNcmsa	01ndN
47	29	14		בְּ/עֵינֶ֔י/ךָ	b/5869 a	HR/Ncbdc/Sp2ms	01Ns4
47	29	15		שִֽׂים	7760 a	HVqv2ms	011y8
47	29	16		נָ֥א	4994	HTe	01KWh
47	29	17		יָדְ/ךָ֖	3027	HNcbsc/Sp2ms	01p3H
47	29	18		תַּ֣חַת	8478	HR	01o4p
47	29	19		יְרֵכִ֑/י	3409	HNcfsc/Sp1cs	01tZ2
47	29	20		וְ/עָשִׂ֤יתָ	c/6213 a	HC/Vqq2ms	01rQt
47	29	21		עִמָּדִ/י֙	5978	HR/Sp1cs	017ww
47	29	22		חֶ֣סֶד	2617 a	HNcmsa	01PU1
47	29	23		וֶ/אֱמֶ֔ת	c/571	HC/Ncfsa	01ULg
47	29	24		אַל	408	HTn	01tDA
47	29	25		נָ֥א	4994	HTe	015QQ
47	29	26		תִקְבְּרֵ֖/נִי	6912	HVqj2ms/Sp1cs	012q2
47	29	27		בְּ/מִצְרָֽיִם	b/4714	HR/Np	01jEU
47	30	1		וְ/שָֽׁכַבְתִּי֙	c/7901	HC/Vqq1cs	01Be8
47	30	2		עִם	5973 a	HR	01cp5
47	30	3		אֲבֹתַ֔/י	1	HNcmpc/Sp1cs	01i4B
47	30	4		וּ/נְשָׂאתַ֨/נִי֙	c/5375	HC/Vqq2ms/Sp1cs	01aW6
47	30	5		מִ/מִּצְרַ֔יִם	m/4714	HR/Np	01hW9
47	30	6		וּ/קְבַרְתַּ֖/נִי	c/6912	HC/Vqq2ms/Sp1cs	01BXs
47	30	7		בִּ/קְבֻרָתָ֑/ם	b/6900	HR/Ncfsc/Sp3mp	01aTm
47	30	8		וַ/יֹּאמַ֕ר	c/559	HC/Vqw3ms	012qS
47	30	9		אָנֹכִ֖י	595	HPp1cs	01qsP
47	30	10		אֶֽעֱשֶׂ֥ה	6213 a	HVqi1cs	01Znt
47	30	11		כִ/דְבָרֶֽ/ךָ	k/1697	HR/Ncmsc/Sp2ms	01tzB
47	31	1		וַ/יֹּ֗אמֶר	c/559	HC/Vqw3ms	018z1
47	31	2		הִשָּֽׁבְעָ/ה֙	7650	HVNv2ms/Sh	01rf7
47	31	3		לִ֔/י	l	HR/Sp1cs	01SVe
47	31	4		וַ/יִּשָּׁבַ֖ע	c/7650	HC/VNw3ms	01RHn
47	31	5		ל֑/וֹ	l	HR/Sp3ms	01HF1
47	31	6		וַ/יִּשְׁתַּ֥חוּ	c/7812	HC/Vtw3ms	01ovK
47	31	7		יִשְׂרָאֵ֖ל	3478	HNp	01QNf
47	31	8		עַל	5921 a	HR	01mPi
47	31	9		רֹ֥אשׁ	7218 a	HNcmsc	01c8e
47	31	10		הַ/מִּטָּֽה	d/4296	HTd/Ncfsa	01Ugm
48	1	1		וַ/יְהִ֗י	c/1961	HC/Vqw3ms	018i8
48	1	2		אַחֲרֵי֙	310 a	HR	01aFQ
48	1	3		הַ/דְּבָרִ֣ים	d/1697	HTd/Ncmpa	015yx
48	1	4		הָ/אֵ֔לֶּה	d/428	HTd/Pdxcp	01YFg
48	1	5		וַ/יֹּ֣אמֶר	c/559	HC/Vqw3ms	01WG3
48	1	6		לְ/יוֹסֵ֔ף	l/3130	HR/Np	016ez
48	1	7		הִנֵּ֥ה	2009	HTm	01yFU
48	1	8		אָבִ֖י/ךָ	1	HNcmsc/Sp2ms	01J66
48	1	9		חֹלֶ֑ה	2470 a	HVqrmsa	01PJe
48	1	10		וַ/יִּקַּ֞ח	c/3947	HC/Vqw3ms	013hM
48	1	11		אֶת	853	HTo	014w7
48	1	12		שְׁנֵ֤י	8147	HAcmdc	01xpA
48	1	13		בָנָי/ו֙	1121 a	HNcmpc/Sp3ms	01TPB
48	1	14		עִמּ֔/וֹ	5973 a	HR/Sp3ms	01jfb
48	1	15		אֶת	853	HTo	01YVK
48	1	16		מְנַשֶּׁ֖ה	4519	HNp	01cmm
48	1	17		וְ/אֶת	c/853	HC/To	01UEN
48	1	18		אֶפְרָֽיִם	669	HNp	01XWq
48	2	1		וַ/יַּגֵּ֣ד	c/5046	HC/Vhw3ms	01kLc
48	2	2		לְ/יַעֲקֹ֔ב	l/3290	HR/Np	01Z9C
48	2	3		וַ/יֹּ֕אמֶר	c/559	HC/Vqw3ms	01e2f
48	2	4		הִנֵּ֛ה	2009	HTm	017J4
48	2	5		בִּנְ/ךָ֥	1121 a	HNcmsc/Sp2ms	01cgF
48	2	6		יוֹסֵ֖ף	3130	HNp	01Yzz
48	2	7		בָּ֣א	935	HVqrmsa	011R6
48	2	8		אֵלֶ֑י/ךָ	413	HR/Sp2ms	01mj2
48	2	9		וַ/יִּתְחַזֵּק֙	c/2388	HC/Vtw3ms	01QaQ
48	2	10		יִשְׂרָאֵ֔ל	3478	HNp	01g7M
48	2	11		וַ/יֵּ֖שֶׁב	c/3427	HC/Vqw3ms	016Zm
48	2	12		עַל	5921 a	HR	01bDk
48	2	13		הַ/מִּטָּֽה	d/4296	HTd/Ncfsa	015Gn
48	3	1		וַ/יֹּ֤אמֶר	c/559	HC/Vqw3ms	01m4g
48	3	2		יַעֲקֹב֙	3290	HNp	01186
48	3	3		אֶל	413	HR	01otQ
48	3	4		יוֹסֵ֔ף	3130	HNp	01n3t
48	3	5		אֵ֥ל	410	HNcmsc	01t5g
48	3	6		שַׁדַּ֛י	7706	HNp	01ZJ2
48	3	7		נִרְאָֽה	7200	HVNp3ms	01Fpi
48	3	8		אֵלַ֥/י	413	HR/Sp1cs	01j4u
48	3	9		בְּ/ל֖וּז	b/3870	HR/Np	01UyK
48	3	10		בְּ/אֶ֣רֶץ	b/776	HR/Ncbsc	01q2K
48	3	11		כְּנָ֑עַן	3667 a	HNp	01XpM
48	3	12		וַ/יְבָ֖רֶךְ	c/1288	HC/Vpw3ms	01Azo
48	3	13		אֹתִֽ/י	853	HTo/Sp1cs	01tGS
48	4	1		וַ/יֹּ֣אמֶר	c/559	HC/Vqw3ms	01NhS
48	4	2		אֵלַ֗/י	413	HR/Sp1cs	01Hrq
48	4	3		הִנְ/נִ֤י	2005	HTm/Sp1cs	01wPm
48	4	4		מַפְרְ/ךָ֙	6509	HVhrmsc/Sp2ms	01NVU
48	4	5		וְ/הִרְבִּיתִ֔/ךָ	c/7235 a	HC/Vhq1cs/Sp2ms	01Qh1
48	4	6		וּ/נְתַתִּ֖י/ךָ	c/5414	HC/Vqq1cs/Sp2ms	011hz
48	4	7		לִ/קְהַ֣ל	l/6951	HR/Ncmsc	01gP7
48	4	8		עַמִּ֑ים	5971 a	HNcmpa	01Ctn
48	4	9		וְ/נָ֨תַתִּ֜י	c/5414	HC/Vqq1cs	01LmT
48	4	10		אֶת	853	HTo	01nkv
48	4	11		הָ/אָ֧רֶץ	d/776	HTd/Ncbsa	01k7k
48	4	12		הַ/זֹּ֛את	d/2063	HTd/Pdxfs	01rVd
48	4	13		לְ/זַרְעֲ/ךָ֥	l/2233	HR/Ncmsc/Sp2ms	018jJ
48	4	14		אַחֲרֶ֖י/ךָ	310 a	HR/Sp2ms	01kPH
48	4	15		אֲחֻזַּ֥ת	272	HNcfsc	019XL
48	4	16		עוֹלָֽם	5769	HNcmsa	01eaN
48	5	1		וְ/עַתָּ֡ה	c/6258	HC/D	01bvi
48	5	2		שְׁנֵֽי	8147	HAcmdc	01G42
48	5	3		בָנֶי/ךָ֩	1121 a	HNcmpc/Sp2ms	013Y4
48	5	4		הַ/נּוֹלָדִ֨ים	d/3205	HTd/VNrmpa	013CC
48	5	5		לְ/ךָ֜	l	HR/Sp2ms	01hTG
48	5	6		בְּ/אֶ֣רֶץ	b/776	HR/Ncbsc	01YBn
48	5	7		מִצְרַ֗יִם	4714	HNp	01yRH
48	5	8		עַד	5704	HR	01iKS
48	5	9		בֹּאִ֥/י	935	HVqc/Sp1cs	01jhv
48	5	10		אֵלֶ֛י/ךָ	413	HR/Sp2ms	01Vf8
48	5	11		מִצְרַ֖יְמָ/ה	4714	HNp/Sd	01jbN
48	5	12		לִ/י	l	HR/Sp1cs	015W5
48	5	13		הֵ֑ם	1992	HPp3mp	01Xca
48	5	14		אֶפְרַ֨יִם֙	669	HNp	01NLM
48	5	15		וּ/מְנַשֶּׁ֔ה	c/4519	HC/Np	0173S
48	5	16		כִּ/רְאוּבֵ֥ן	k/7205	HR/Np	01xYr
48	5	17		וְ/שִׁמְע֖וֹן	c/8095	HC/Np	018mz
48	5	18		יִֽהְיוּ	1961	HVqi3mp	01uM8
48	5	19		לִֽ/י	l	HR/Sp1cs	01pxk
48	6	1		וּ/מוֹלַדְתְּ/ךָ֛	c/4138	HC/Ncfsc/Sp2ms	01uDd
48	6	2		אֲשֶׁר	834 a	HTr	01p4J
48	6	3		הוֹלַ֥דְתָּ	3205	HVhp2ms	01Dp7
48	6	4		אַחֲרֵי/הֶ֖ם	310 a	HR/Sp3mp	01Bou
48	6	5		לְ/ךָ֣	l	HR/Sp2ms	01EFJ
48	6	6		יִהְי֑וּ	1961	HVqi3mp	01XFj
48	6	7		עַ֣ל	5921 a	HR	01BHT
48	6	8		שֵׁ֧ם	8034	HNcmsc	01rTy
48	6	9		אֲחֵי/הֶ֛ם	251	HNcmpc/Sp3mp	01awP
48	6	10		יִקָּרְא֖וּ	7121	HVNi3mp	019Xm
48	6	11		בְּ/נַחֲלָתָֽ/ם	b/5159	HR/Ncfsc/Sp3mp	01mzE
48	7	1		וַ/אֲנִ֣י	c/589	HC/Pp1cs	01n8H
48	7	2		בְּ/בֹאִ֣/י	b/935	HR/Vqc/Sp1cs	01eUs
48	7	3		מִ/פַּדָּ֗ן	m/6307	HR/Np	014ja
48	7	4		מֵ֩תָה֩	4191	HVqp3fs	01kAq
48	7	5		עָלַ֨/י	5921 a	HR/Sp1cs	01gef
48	7	6		רָחֵ֜ל	7354	HNp	01YSs
48	7	7		בְּ/אֶ֤רֶץ	b/776	HR/Ncbsc	01bxT
48	7	8		כְּנַ֨עַן֙	3667 a	HNp	01Yq7
48	7	9		בַּ/דֶּ֔רֶךְ	b/1870	HRd/Ncbsa	017MU
48	7	10		בְּ/ע֥וֹד	b/5750	HR/D	01KHJ
48	7	11		כִּבְרַת	3530	HNcfsc	015Y4
48	7	12		אֶ֖רֶץ	776	HNcbsa	01RQG
48	7	13		לָ/בֹ֣א	l/935	HR/Vqc	01Td1
48	7	14		אֶפְרָ֑תָה	672	HNp	01MaH
48	7	15		וָ/אֶקְבְּרֶ֤/הָ	c/6912	HC/Vqw1cs/Sp3fs	018XA
48	7	16		שָּׁם֙	8033	HD	01Hew
48	7	17		בְּ/דֶ֣רֶךְ	b/1870	HR/Ncbsc	0197Z
48	7	18		אֶפְרָ֔ת	672	HNp	01Kot
48	7	19		הִ֖וא	1931	HPp3fs	01ei9
48	7	20		בֵּ֥ית	1035+	HNp	01a5z
48	7	21		לָֽחֶם	1035	HNp	01jzN
48	8	1		וַ/יַּ֥רְא	c/7200	HC/Vqw3ms	0183R
48	8	2		יִשְׂרָאֵ֖ל	3478	HNp	01DFo
48	8	3		אֶת	853	HTo	01MnX
48	8	4		בְּנֵ֣י	1121 a	HNcmpc	01wsV
48	8	5		יוֹסֵ֑ף	3130	HNp	01p3v
48	8	6		וַ/יֹּ֖אמֶר	c/559	HC/Vqw3ms	01tem
48	8	7		מִי	4310	HTi	01i7u
48	8	8		אֵֽלֶּה	428	HPdxcp	01NXA
48	9	1		וַ/יֹּ֤אמֶר	c/559	HC/Vqw3ms	01AUm
48	9	2		יוֹסֵף֙	3130	HNp	01GJa
48	9	3		אֶל	413	HR	01NzA
48	9	4		אָבִ֔י/ו	1	HNcmsc/Sp3ms	01s2d
48	9	5		בָּנַ֣/י	1121 a	HNcmpc/Sp1cs	01T7s
48	9	6		הֵ֔ם	1992	HPp3mp	01197
48	9	7		אֲשֶׁר	834 a	HTr	01i4k
48	9	8		נָֽתַן	5414	HVqp3ms	01QS2
48	9	9		לִ֥/י	l	HR/Sp1cs	01rG4
48	9	10		אֱלֹהִ֖ים	430	HNcmpa	012mT
48	9	11		בָּ/זֶ֑ה	b/2088	HR/Pdxms	01GQc
48	9	12		וַ/יֹּאמַ֕ר	c/559	HC/Vqw3ms	01Nkq
48	9	13		קָֽחֶ/ם	3947	HVqv2ms/Sp3mp	01pyE
48	9	14		נָ֥א	4994	HTe	01fNd
48	9	15		אֵלַ֖/י	413	HR/Sp1cs	01e1F
48	9	16		וַ/אֲבָרֲכֵֽ/ם	c/1288	HC/Vpi1cs/Sp3mp	01C1a
48	10	1		וְ/עֵינֵ֤י	c/5869 a	HC/Ncbdc	01C9H
48	10	2		יִשְׂרָאֵל֙	3478	HNp	01mLc
48	10	3		כָּבְד֣וּ	3513	HVqp3cp	01o9W
48	10	4		מִ/זֹּ֔קֶן	m/2207	HR/Ncmsa	017JE
48	10	5		לֹ֥א	3808	HTn	01u1X
48	10	6		יוּכַ֖ל	3201	HVqi3ms	01aN5
48	10	7		לִ/רְא֑וֹת	l/7200	HR/Vqc	01yC3
48	10	8		וַ/יַּגֵּ֤שׁ	c/5066	HC/Vhw3ms	0139g
48	10	9		אֹתָ/ם֙	853	HTo/Sp3mp	01nBf
48	10	10		אֵלָ֔י/ו	413	HR/Sp3ms	01vuM
48	10	11		וַ/יִּשַּׁ֥ק	c/5401 a	HC/Vqw3ms	01ViA
48	10	12		לָ/הֶ֖ם	l	HR/Sp3mp	017yP
48	10	13		וַ/יְחַבֵּ֥ק	c/2263	HC/Vpw3ms	01uBE
48	10	14		לָ/הֶֽם	l	HR/Sp3mp	017QQ
48	11	1		וַ/יֹּ֤אמֶר	c/559	HC/Vqw3ms	01pUY
48	11	2		יִשְׂרָאֵל֙	3478	HNp	01Nk8
48	11	3		אֶל	413	HR	01mtj
48	11	4		יוֹסֵ֔ף	3130	HNp	01UbS
48	11	5		רְאֹ֥ה	7200	HVqc	01pmt
48	11	6		פָנֶ֖י/ךָ	6440	HNcbpc/Sp2ms	01Ays
48	11	7		לֹ֣א	3808	HTn	017HZ
48	11	8		פִלָּ֑לְתִּי	6419	HVpp1cs	019Wr
48	11	9		וְ/הִנֵּ֨ה	c/2009	HC/Tm	01xX1
48	11	10		הֶרְאָ֥ה	7200	HVhp3ms	01R4w
48	11	11		אֹתִ֛/י	853	HTo/Sp1cs	018dV
48	11	12		אֱלֹהִ֖ים	430	HNcmpa	01Ejt
48	11	13		גַּ֥ם	1571	HTa	01vTG
48	11	14		אֶת	853	HTo	01AZV
48	11	15		זַרְעֶֽ/ךָ	2233	HNcmsc/Sp2ms	0139H
48	12	1		וַ/יּוֹצֵ֥א	c/3318	HC/Vhw3ms	01msa
48	12	2		יוֹסֵ֛ף	3130	HNp	01QUn
48	12	3		אֹתָ֖/ם	853	HTo/Sp3mp	017SW
48	12	4		מֵ/עִ֣ם	m/5973 b	HR/R	01hKf
48	12	5		בִּרְכָּ֑י/ו	1290	HNcfdc/Sp3ms	01Hwh
48	12	6		וַ/יִּשְׁתַּ֥חוּ	c/7812	HC/Vtw3ms	01fAq
48	12	7		לְ/אַפָּ֖י/ו	l/639	HR/Ncmdc/Sp3ms	01B5F
48	12	8		אָֽרְצָ/ה	776	HNcbsa/Sd	01NKJ
48	13	1		וַ/יִּקַּ֣ח	c/3947	HC/Vqw3ms	01Aub
48	13	2		יוֹסֵף֮	3130	HNp	01Etw
48	13	3		אֶת	853	HTo	01tGG
48	13	4		שְׁנֵי/הֶם֒	8147	HAcmdc/Sp3mp	01PSX
48	13	5		אֶת	853	HTo	01ymi
48	13	6		אֶפְרַ֤יִם	669	HNp	018YR
48	13	7		בִּֽ/ימִינ/וֹ֙	b/3225	HR/Ncfsc/Sp3ms	01tms
48	13	8		מִ/שְּׂמֹ֣אל	m/8040	HR/Ncmsc	01X5m
48	13	9		יִשְׂרָאֵ֔ל	3478	HNp	015PK
48	13	10		וְ/אֶת	c/853	HC/To	01qYc
48	13	11		מְנַשֶּׁ֥ה	4519	HNp	019Vw
48	13	12		בִ/שְׂמֹאל֖/וֹ	b/8040	HR/Ncmsc/Sp3ms	01vcU
48	13	13		מִ/ימִ֣ין	m/3225	HR/Ncfsc	01NSo
48	13	14		יִשְׂרָאֵ֑ל	3478	HNp	01uCQ
48	13	15		וַ/יַּגֵּ֖שׁ	c/5066	HC/Vhw3ms	01Tpu
48	13	16		אֵלָֽי/ו	413	HR/Sp3ms	01n5m
48	14	1		וַ/יִּשְׁלַח֩	c/7971	HC/Vqw3ms	014YC
48	14	2		יִשְׂרָאֵ֨ל	3478	HNp	0176N
48	14	3		אֶת	853	HTo	01UjN
48	14	4		יְמִינ֜/וֹ	3225	HNcfsc/Sp3ms	01wS2
48	14	5		וַ/יָּ֨שֶׁת	c/7896	HC/Vqw3ms	01f8i
48	14	6		עַל	5921 a	HR	0126H
48	14	7		רֹ֤אשׁ	7218 a	HNcmsc	017Vw
48	14	8		אֶפְרַ֨יִם֙	669	HNp	01cs2
48	14	9		וְ/ה֣וּא	c/1931	HC/Pp3ms	01byx
48	14	10		הַ/צָּעִ֔יר	d/6810	HTd/Aamsa	01tcb
48	14	11		וְ/אֶת	c/853	HC/To	01cmE
48	14	12		שְׂמֹאל֖/וֹ	8040	HNcmsc/Sp3ms	013yr
48	14	13		עַל	5921 a	HR	01KFg
48	14	14		רֹ֣אשׁ	7218 a	HNcmsc	01QV4
48	14	15		מְנַשֶּׁ֑ה	4519	HNp	01BKj
48	14	16		שִׂכֵּל֙	7919 b	HVpp3ms	01dCy
48	14	17		אֶת	853	HTo	011cg
48	14	18		יָדָ֔י/ו	3027	HNcbdc/Sp3ms	01wDy
48	14	19		כִּ֥י	3588 a	HC	01H8V
48	14	20		מְנַשֶּׁ֖ה	4519	HNp	01LyP
48	14	21		הַ/בְּכֽוֹר	d/1060	HTd/Ncmsa	01PES
48	15	1		וַ/יְבָ֥רֶךְ	c/1288	HC/Vpw3ms	01BV9
48	15	2		אֶת	853	HTo	01KCW
48	15	3		יוֹסֵ֖ף	3130	HNp	01sNk
48	15	4		וַ/יֹּאמַ֑ר	c/559	HC/Vqw3ms	01kfd
48	15	5		הָֽ/אֱלֹהִ֡ים	d/430	HTd/Ncmpa	01agJ
48	15	6		אֲשֶׁר֩	834 a	HTr	01qbG
48	15	7		הִתְהַלְּכ֨וּ	1980	HVtp3cp	01Md2
48	15	8		אֲבֹתַ֤/י	1	HNcmpc/Sp1cs	016v5
48	15	9		לְ/פָנָי/ו֙	l/6440	HR/Ncbpc/Sp3ms	01Bhc
48	15	10		אַבְרָהָ֣ם	85	HNp	01bL7
48	15	11		וְ/יִצְחָ֔ק	c/3327	HC/Np	01EhQ
48	15	12		הָֽ/אֱלֹהִים֙	d/430	HTd/Ncmpa	012NS
48	15	13		הָ/רֹעֶ֣ה	d/7462 b	HTd/Vqrmsa	01aeM
48	15	14		אֹתִ֔/י	853	HTo/Sp1cs	01mnY
48	15	15		מֵ/עוֹדִ֖/י	m/5750	HR/D/Sp1cs	01ufc
48	15	16		עַד	5704	HR	015Hu
48	15	17		הַ/יּ֥וֹם	d/3117	HTd/Ncmsa	01STa
48	15	18		הַ/זֶּֽה	d/2088	HTd/Pdxms	01VAU
48	16	1		הַ/מַּלְאָךְ֩	d/4397	HTd/Ncmsa	01owG
48	16	2		הַ/גֹּאֵ֨ל	d/1350 a	HTd/Vqrmsa	01HHi
48	16	3		אֹתִ֜/י	853	HTo/Sp1cs	01ppv
48	16	4		מִ/כָּל	m/3605	HR/Ncmsc	01k8V
48	16	5		רָ֗ע	7451 b	HAamsa	01dWq
48	16	6		יְבָרֵךְ֮	1288	HVpi3ms	016gu
48	16	7		אֶת	853	HTo	01kHP
48	16	8		הַ/נְּעָרִים֒	d/5288	HTd/Ncmpa	01VJh
48	16	9		וְ/יִקָּרֵ֤א	c/7121	HC/VNi3ms	01YXQ
48	16	10		בָ/הֶם֙	b	HR/Sp3mp	01Cdy
48	16	11		שְׁמִ֔/י	8034	HNcmsc/Sp1cs	01LCq
48	16	12		וְ/שֵׁ֥ם	c/8034	HC/Ncmsc	01cda
48	16	13		אֲבֹתַ֖/י	1	HNcmpc/Sp1cs	01BL1
48	16	14		אַבְרָהָ֣ם	85	HNp	01onT
48	16	15		וְ/יִצְחָ֑ק	c/3327	HC/Np	01MRN
48	16	16		וְ/יִדְגּ֥וּ	c/1711	HC/Vqi3mp	01U8G
48	16	17		לָ/רֹ֖ב	l/7230	HR/Ncbsa	01NjA
48	16	18		בְּ/קֶ֥רֶב	b/7130	HR/Ncmsc	01yWG
48	16	19		הָ/אָֽרֶץ	d/776	HTd/Ncbsa	01TAB
48	17	1		וַ/יַּ֣רְא	c/7200	HC/Vqw3ms	01TEv
48	17	2		יוֹסֵ֗ף	3130	HNp	01VbA
48	17	3		כִּי	3588 a	HC	01XvA
48	17	4		יָשִׁ֨ית	7896	HVqi3ms	016wV
48	17	5		אָבִ֧י/ו	1	HNcmsc/Sp3ms	01M3D
48	17	6		יַד	3027	HNcbsc	01pCv
48	17	7		יְמִינ֛/וֹ	3225	HNcfsc/Sp3ms	01Wv7
48	17	8		עַל	5921 a	HR	01fnt
48	17	9		רֹ֥אשׁ	7218 a	HNcmsc	01MLs
48	17	10		אֶפְרַ֖יִם	669	HNp	01w2o
48	17	11		וַ/יֵּ֣רַע	c/7489 a	HC/Vqw3ms	01sWU
48	17	12		בְּ/עֵינָ֑י/ו	b/5869 a	HR/Ncbdc/Sp3ms	01CWE
48	17	13		וַ/יִּתְמֹ֣ךְ	c/8551	HC/Vqw3ms	01UCk
48	17	14		יַד	3027	HNcbsc	01BAs
48	17	15		אָבִ֗י/ו	1	HNcmsc/Sp3ms	01QMj
48	17	16		לְ/הָסִ֥יר	l/5493	HR/Vhc	01Q9Q
48	17	17		אֹתָ֛/הּ	853	HTo/Sp3fs	01Cgr
48	17	18		מֵ/עַ֥ל	m/5921 a	HR/R	01z6B
48	17	19		רֹאשׁ	7218 a	HNcmsc	016t1
48	17	20		אֶפְרַ֖יִם	669	HNp	01aVs
48	17	21		עַל	5921 a	HR	01grR
48	17	22		רֹ֥אשׁ	7218 a	HNcmsc	01GUr
48	17	23		מְנַשֶּֽׁה	4519	HNp	017YJ
48	18	1		וַ/יֹּ֧אמֶר	c/559	HC/Vqw3ms	019Jg
48	18	2		יוֹסֵ֛ף	3130	HNp	01i51
48	18	3		אֶל	413	HR	01ETP
48	18	4		אָבִ֖י/ו	1	HNcmsc/Sp3ms	011No
48	18	5		לֹא	3808	HTn	01W2L
48	18	6		כֵ֣ן	3651 c	HD	01baA
48	18	7		אָבִ֑/י	1	HNcmsc/Sp1cs	01sPn
48	18	8		כִּי	3588 a	HC	01UJA
48	18	9		זֶ֣ה	2088	HPdxms	01EXZ
48	18	10		הַ/בְּכֹ֔ר	d/1060	HTd/Ncmsa	01VjU
48	18	11		שִׂ֥ים	7760 a	HVqv2ms	01ndz
48	18	12		יְמִינְ/ךָ֖	3225	HNcfsc/Sp2ms	01FTX
48	18	13		עַל	5921 a	HR	018HC
48	18	14		רֹאשֽׁ/וֹ	7218 a	HNcmsc/Sp3ms	01FwH
48	19	1		וַ/יְמָאֵ֣ן	c/3985	HC/Vpw3ms	01vtH
48	19	2		אָבִ֗י/ו	1	HNcmsc/Sp3ms	01cPy
48	19	3		וַ/יֹּ֨אמֶר֙	c/559	HC/Vqw3ms	01jCc
48	19	4		יָדַ֤עְתִּֽי	3045	HVqp1cs	01L2a
48	19	5		בְנִ/י֙	1121 a	HNcmsc/Sp1cs	01gtj
48	19	6		יָדַ֔עְתִּי	3045	HVqp1cs	01b9u
48	19	7		גַּם	1571	HTa	01S75
48	19	8		ה֥וּא	1931	HPp3ms	01dBB
48	19	9		יִֽהְיֶה	1961	HVqi3ms	01Qhq
48	19	10		לְּ/עָ֖ם	l/5971 a	HR/Ncmsa	01BqL
48	19	11		וְ/גַם	c/1571	HC/Ta	01CjF
48	19	12		ה֣וּא	1931	HPp3ms	01a3Y
48	19	13		יִגְדָּ֑ל	1431	HVqi3ms	01gZh
48	19	14		וְ/אוּלָ֗ם	c/199	HC/D	01Rnd
48	19	15		אָחִ֤י/ו	251	HNcmsc/Sp3ms	01aTM
48	19	16		הַ/קָּטֹן֙	d/6996 b	HTd/Aamsa	01Zep
48	19	17		יִגְדַּ֣ל	1431	HVqi3ms	01HsG
48	19	18		מִמֶּ֔/נּוּ	4480 a	HR/Sp1cp	01pdr
48	19	19		וְ/זַרְע֖/וֹ	c/2233	HC/Ncmsc/Sp3ms	01LrP
48	19	20		יִהְיֶ֥ה	1961	HVqi3ms	01CPm
48	19	21		מְלֹֽא	4393	HNcmsc	01vRd
48	19	22		הַ/גּוֹיִֽם	d/1471 a	HTd/Ncmpa	01Qur
48	20	1		וַ/יְבָ֨רֲכֵ֜/ם	c/1288	HC/Vpw3ms/Sp3mp	014ta
48	20	2		בַּ/יּ֣וֹם	b/3117	HRd/Ncmsa	01KT6
48	20	3		הַ/הוּא֮	d/1931	HTd/Pp3ms	01iVL
48	20	4		לֵ/אמוֹר֒	l/559	HR/Vqc	01aPj
48	20	5		בְּ/ךָ֗	b	HR/Sp2ms	01iBu
48	20	6		יְבָרֵ֤ךְ	1288	HVpi3ms	01UXc
48	20	7		יִשְׂרָאֵל֙	3478	HNp	01M2h
48	20	8		לֵ/אמֹ֔ר	l/559	HR/Vqc	01mik
48	20	9		יְשִֽׂמְ/ךָ֣	7760 a	HVqi3ms/Sp2ms	01sX2
48	20	10		אֱלֹהִ֔ים	430	HNcmpa	01oNx
48	20	11		כְּ/אֶפְרַ֖יִם	k/669	HR/Np	012oB
48	20	12		וְ/כִ/מְנַשֶּׁ֑ה	c/k/4519	HC/R/Np	01b2n
48	20	13		וַ/יָּ֥שֶׂם	c/7760 a	HC/Vqw3ms	01AAr
48	20	14		אֶת	853	HTo	012Sa
48	20	15		אֶפְרַ֖יִם	669	HNp	01na8
48	20	16		לִ/פְנֵ֥י	l/6440	HR/Ncbpc	01PJQ
48	20	17		מְנַשֶּֽׁה	4519	HNp	01Lhi
48	21	1		וַ/יֹּ֤אמֶר	c/559	HC/Vqw3ms	01hxa
48	21	2		יִשְׂרָאֵל֙	3478	HNp	01cTC
48	21	3		אֶל	413	HR	01fL8
48	21	4		יוֹסֵ֔ף	3130	HNp	01CBk
48	21	5		הִנֵּ֥ה	2009	HTm	01fPj
48	21	6		אָנֹכִ֖י	595	HPp1cs	01Fbx
48	21	7		מֵ֑ת	4191	HVqrmsa	01MiX
48	21	8		וְ/הָיָ֤ה	c/1961	HC/Vqq3ms	01292
48	21	9		אֱלֹהִים֙	430	HNcmpa	019Zt
48	21	10		עִמָּ/כֶ֔ם	5973 a	HR/Sp2mp	01byN
48	21	11		וְ/הֵשִׁ֣יב	c/7725	HC/Vhq3ms	018Ar
48	21	12		אֶתְ/כֶ֔ם	853	HTo/Sp2mp	0191T
48	21	13		אֶל	413	HR	01P7K
48	21	14		אֶ֖רֶץ	776	HNcbsc	01mRf
48	21	15		אֲבֹתֵי/כֶֽם	1	HNcmpc/Sp2mp	01qEo
48	22	1		וַ/אֲנִ֞י	c/589	HC/Pp1cs	01vyR
48	22	2		נָתַ֧תִּֽי	5414	HVqp1cs	018SH
48	22	3		לְ/ךָ֛	l	HR/Sp2ms	01MtY
48	22	4		שְׁכֶ֥ם	7926	HNcmsa	01Eua
48	22	5		אַחַ֖ד	259	HAcmsa	017H3
48	22	6		עַל	5921 a	HR	01XUp
48	22	7		אַחֶ֑י/ךָ	251	HNcmpc/Sp2ms	01M2D
48	22	8		אֲשֶׁ֤ר	834 a	HTr	01Skt
48	22	9		לָקַ֨חְתִּי֙	3947	HVqp1cs	01ZxA
48	22	10		מִ/יַּ֣ד	m/3027	HR/Ncbsc	01qPf
48	22	11		הָֽ/אֱמֹרִ֔י	d/567	HTd/Ngmsa	011Ha
48	22	12		בְּ/חַרְבִּ֖/י	b/2719	HR/Ncfsc/Sp1cs	01k6v
48	22	13		וּ/בְ/קַשְׁתִּֽ/י	c/b/7198	HC/R/Ncfsc/Sp1cs	01pZ6
49	1	1		וַ/יִּקְרָ֥א	c/7121	HC/Vqw3ms	01YiL
49	1	2		יַעֲקֹ֖ב	3290	HNp	01m1m
49	1	3		אֶל	413	HR	01gz8
49	1	4		בָּנָ֑י/ו	1121 a	HNcmpc/Sp3ms	018Xm
49	1	5		וַ/יֹּ֗אמֶר	c/559	HC/Vqw3ms	014M9
49	1	6		הֵאָֽסְפוּ֙	622	HVNv2mp	01M2e
49	1	7		וְ/אַגִּ֣ידָה	c/5046	HC/Vhi1cs	01Cdc
49	1	8		לָ/כֶ֔ם	l	HR/Sp2mp	01KBh
49	1	9		אֵ֛ת	853	HTo	012qT
49	1	10		אֲשֶׁר	834 a	HTr	01bnd
49	1	11		יִקְרָ֥א	7122	HVqi3ms	01vXu
49	1	12		אֶתְ/כֶ֖ם	853	HTo/Sp2mp	01Wn3
49	1	13		בְּ/אַחֲרִ֥ית	b/319	HR/Ncfsc	01K4p
49	1	14		הַ/יָּמִֽים	d/3117	HTd/Ncmpa	01AgF
49	2	1		הִקָּבְצ֥וּ	6908	HVNv2mp	01Zuu
49	2	2		וְ/שִׁמְע֖וּ	c/8085	HC/Vqv2mp	01z1Y
49	2	3		בְּנֵ֣י	1121 a	HNcmpc	01bcr
49	2	4		יַעֲקֹ֑ב	3290	HNp	01eGE
49	2	5		וְ/שִׁמְע֖וּ	c/8085	HC/Vqv2mp	01sjy
49	2	6		אֶל	413	HR	01jvv
49	2	7		יִשְׂרָאֵ֥ל	3478	HNp	016cj
49	2	8		אֲבִי/כֶֽם	1	HNcmsc/Sp2mp	01dRP
49	3	1		רְאוּבֵן֙	7205	HNp	01JY6
49	3	2		בְּכֹ֣רִ/י	1060	HNcmsc/Sp1cs	019jh
49	3	3		אַ֔תָּה	859 a	HPp2ms	01BnS
49	3	4		כֹּחִ֖/י	3581 b	HNcmsc/Sp1cs	01rBf
49	3	5		וְ/רֵאשִׁ֣ית	c/7225	HC/Ncfsc	01kJ1
49	3	6		אוֹנִ֑/י	202	HNcmsc/Sp1cs	011M4
49	3	7		יֶ֥תֶר	3499 a	HNcmsc	01dy7
49	3	8		שְׂאֵ֖ת	7613	HNcfsa	016Lt
49	3	9		וְ/יֶ֥תֶר	c/3499 a	HC/Ncmsc	01c2L
49	3	10		עָֽז	5794	HNcmsa	01A7o
49	4	1		פַּ֤חַז	6349	HNcmsa	01Qxb
49	4	2		כַּ/מַּ֨יִם֙	k/4325	HRd/Ncmpa	01Lco
49	4	3		אַל	408	HTn	01rvN
49	4	4		תּוֹתַ֔ר	3498	HVhj2ms	01VeQ
49	4	5		כִּ֥י	3588 a	HC	01eKi
49	4	6		עָלִ֖יתָ	5927	HVqp2ms	01QP7
49	4	7		מִשְׁכְּבֵ֣י	4904	HNcmpc	01pF7
49	4	8		אָבִ֑י/ךָ	1	HNcmsc/Sp2ms	012Hi
49	4	9		אָ֥ז	227 a	HD	01e1r
49	4	10		חִלַּ֖לְתָּ	2490 c	HVpp2ms	01vbq
49	4	11		יְצוּעִ֥/י	3326 a	HNcmsc/Sp1cs	01QSe
49	4	12		עָלָֽה	5927	HVqp3ms	01vns
49	5	1		שִׁמְע֥וֹן	8095	HNp	01KXZ
49	5	2		וְ/לֵוִ֖י	c/3878	HC/Np	01p6n
49	5	3		אַחִ֑ים	251	HNcmpa	014nj
49	5	4		כְּלֵ֥י	3627	HNcmpc	01BBy
49	5	5		חָמָ֖ס	2555	HNcmsa	01Qy9
49	5	6		מְכֵרֹתֵי/הֶֽם	4380	HNcfpc/Sp3mp	01Cd1
49	6	1		בְּ/סֹדָ/ם֙	b/5475	HR/Ncmsc/Sp3mp	01qPQ
49	6	2		אַל	408	HTn	01DoX
49	6	3		תָּבֹ֣א	935	HVqj3fs	01pNF
49	6	4		נַפְשִׁ֔/י	5315	HNcbsc/Sp1cs	012Dh
49	6	5		בִּ/קְהָלָ֖/ם	b/6951	HR/Ncmsc/Sp3mp	01WBS
49	6	6		אַל	408	HTn	01tRx
49	6	7		תֵּחַ֣ד	3161	HVqj3fs	01Uea
49	6	8		כְּבֹדִ֑/י	3519	HNcbsc/Sp1cs	01VwZ
49	6	9		כִּ֤י	3588 a	HC	01Kpu
49	6	10		בְ/אַפָּ/ם֙	b/639	HR/Ncmsc/Sp3mp	01Dz8
49	6	11		הָ֣רְגוּ	2026	HVqp3cp	011XK
49	6	12		אִ֔ישׁ	376	HNcmsa	01YmM
49	6	13		וּ/בִ/רְצֹנָ֖/ם	c/b/7522	HC/R/Ncmsc/Sp3mp	01sS5
49	6	14		עִקְּרוּ	6131 b	HVpp3cp	01ooH
49	6	15		שֽׁוֹר	7794	HNcmsa	01WoU
49	7	1		אָר֤וּר	779	HVqsmsa	01HX1
49	7	2		אַפָּ/ם֙	639	HNcmsc/Sp3mp	01hTq
49	7	3		כִּ֣י	3588 a	HC	01LDZ
49	7	4		עָ֔ז	5794	HAamsa	01BnN
49	7	5		וְ/עֶבְרָתָ֖/ם	c/5678	HC/Ncfsc/Sp3mp	01imm
49	7	6		כִּ֣י	3588 a	HC	01Axy
49	7	7		קָשָׁ֑תָה	7185	HVqp3fs	01VsA
49	7	8		אֲחַלְּקֵ֣/ם	2505 a	HVpi1cs/Sp3mp	01yPh
49	7	9		בְּ/יַעֲקֹ֔ב	b/3290	HR/Np	01A8k
49	7	10		וַ/אֲפִיצֵ֖/ם	c/6327 a	HC/Vhi1cs/Sp3mp	0146R
49	7	11		בְּ/יִשְׂרָאֵֽל	b/3478	HR/Np	01Jcm
49	8	1		יְהוּדָ֗ה	3063	HNp	01gS5
49	8	2		אַתָּה֙	859 a	HPp2ms	01zcc
49	8	3		יוֹד֣וּ/ךָ	3034	HVhi3mp/Sp2ms	01fDY
49	8	4		אַחֶ֔י/ךָ	251	HNcmpc/Sp2ms	01QzE
49	8	5		יָדְ/ךָ֖	3027	HNcbsc/Sp2ms	01425
49	8	6		בְּ/עֹ֣רֶף	b/6203	HR/Ncmsc	01bLh
49	8	7		אֹיְבֶ֑י/ךָ	341	HVqrmpc/Sp2ms	01wAb
49	8	8		יִשְׁתַּחֲוּ֥וּ	7812	HVvi3mp	01xuL
49	8	9		לְ/ךָ֖	l	HR/Sp2ms	01Pdb
49	8	10		בְּנֵ֥י	1121 a	HNcmpc	01wvA
49	8	11		אָבִֽי/ךָ	1	HNcmsc/Sp2ms	019cJ
49	9	1		גּ֤וּר	1482	HNcmsc	01Tum
49	9	2		אַרְיֵה֙	738 b	HNcmsa	01JUs
49	9	3		יְהוּדָ֔ה	3063	HNp	01VCf
49	9	4		מִ/טֶּ֖רֶף	m/2964	HR/Ncmsa	015B5
49	9	5		בְּנִ֣/י	1121 a	HNcmsc/Sp1cs	017M5
49	9	6		עָלִ֑יתָ	5927	HVqp2ms	01zT5
49	9	7		כָּרַ֨ע	3766	HVqp3ms	01nXF
49	9	8		רָבַ֧ץ	7257	HVqp3ms	01LH1
49	9	9		כְּ/אַרְיֵ֛ה	k/738 b	HR/Ncmsa	014tT
49	9	10		וּ/כְ/לָבִ֖יא	c/k/3833 c	HC/R/Ncbsa	01EJj
49	9	11		מִ֥י	4310	HTi	01JQq
49	9	12		יְקִימֶֽ/נּוּ	6965 b	HVhi3ms/Sp3ms	01fTp
49	10	1		לֹֽא	3808	HTn	01TNL
49	10	2		יָס֥וּר	5493	HVqi3ms	01Gzy
49	10	3		שֵׁ֨בֶט֙	7626	HNcmsa	01ZcT
49	10	4		מִֽ/יהוּדָ֔ה	m/3063	HR/Np	01drx
49	10	5		וּ/מְחֹקֵ֖ק	c/2710	HC/Vmrmsa	01b97
49	10	6		מִ/בֵּ֣ין	m/996	HR/R	01pff
49	10	7		רַגְלָ֑י/ו	7272	HNcfdc/Sp3ms	01em9
49	10	8		עַ֚ד	5704	HR	01imD
49	10	9		כִּֽי	3588 a	HC	01c1e
49	10	10		יָבֹ֣א	935	HVqi3ms	01Vo9
49	10	11	x-ketiv	שילה	7886	HNp	01qXR
49	10	12		שִׁיל֔וֹ	7886	HNp	01KU3
49	10	13		וְ/ל֖/וֹ	c/l	HC/R/Sp3ms	01N5Q
49	10	14		יִקְּהַ֥ת	3349	HNcfsc	01ym1
49	10	15		עַמִּֽים	5971 a	HNcmpa	01uEd
49	11	1		אֹסְרִ֤י	631	HVqrmsc	01T8f
49	11	2		לַ/גֶּ֨פֶן֙	l/1612	HRd/Ncbsa	01eo1
49	11	3	x-ketiv	עיר/ה	5895	HNcmsc/Sp3ms	017zp
49	11	4		עִיר֔/וֹ	5895	HNcmsc/Sp3ms	01BN1
49	11	5		וְ/לַ/שֹּׂרֵקָ֖ה	c/l/8321 b	HC/Rd/Ncfsa	016wH
49	11	6		בְּנִ֣י	1121 a	HNcmsc	01RJX
49	11	7		אֲתֹנ֑/וֹ	860	HNcfsc/Sp3ms	01BGh
49	11	8		כִּבֵּ֤ס	3526	HVpp3ms	018qj
49	11	9		בַּ/יַּ֨יִן֙	b/3196	HRd/Ncmsa	01Ep9
49	11	10		לְבֻשׁ֔/וֹ	3830	HNcmsc/Sp3ms	011xm
49	11	11		וּ/בְ/דַם	c/b/1818	HC/R/Ncmsc	01hdA
49	11	12		עֲנָבִ֖ים	6025	HNcmpa	01AMs
49	11	13	x-ketiv	סות/ה	5497	HNcmsc/Sp3ms	0186h
49	11	14		סוּתֽ/וֹ	5497	HNcmsc/Sp3ms	01Chx
49	12	1		חַכְלִילִ֥י	2447	HAamsc	01cxW
49	12	2		עֵינַ֖יִם	5869 a	HNcbda	011nc
49	12	3		מִ/יָּ֑יִן	m/3196	HR/Ncmsa	01pqK
49	12	4		וּ/לְבֶן	c/3836	HC/Aamsc	01Trg
49	12	5		שִׁנַּ֖יִם	8127	HNcbda	01Edf
49	12	6		מֵ/חָלָֽב	m/2461	HR/Ncmsa	01y65
49	13	1		זְבוּלֻ֕ן	2074	HNp	01k61
49	13	2		לְ/ח֥וֹף	l/2348	HR/Ncmsc	01Rhv
49	13	3		יַמִּ֖ים	3220	HNcmpa	01j83
49	13	4		יִשְׁכֹּ֑ן	7931	HVqi3ms	01NVT
49	13	5		וְ/הוּא֙	c/1931	HC/Pp3ms	01cRp
49	13	6		לְ/ח֣וֹף	l/2348	HR/Ncmsc	011dc
49	13	7		אֳנִיּ֔וֹת	591	HNcfpa	01EQy
49	13	8		וְ/יַרְכָת֖/וֹ	c/3411	HC/Ncfsc/Sp3ms	01BMU
49	13	9		עַל	5921 a	HR	01YAk
49	13	10		צִידֹֽן	6721	HNp	01YGi
49	14	1		יִשָּׂשכָ֖ר	3485	HNp	018ob
49	14	2		חֲמֹ֣ר	2543	HNcbsc	016UT
49	14	3		גָּ֑רֶם	1634	HNcmsa	01fbT
49	14	4		רֹבֵ֖ץ	7257	HVqrmsa	01Euc
49	14	5		בֵּ֥ין	996	HR	01bRx
49	14	6		הַֽ/מִּשְׁפְּתָֽיִם	d/4942	HTd/Ncmda	014if
49	15	1		וַ/יַּ֤רְא	c/7200	HC/Vqw3ms	01J9w
49	15	2		מְנֻחָה֙	4496	HNcbsa	01dZx
49	15	3		כִּ֣י	3588 a	HC	013dW
49	15	4		ט֔וֹב	2896 a	HAamsa	0146Q
49	15	5		וְ/אֶת	c/853	HC/To	01PZR
49	15	6		הָ/אָ֖רֶץ	d/776	HTd/Ncbsa	01xSA
49	15	7		כִּ֣י	3588 a	HC	01oqv
49	15	8		נָעֵ֑מָה	5276	HVqp3fs	01cGn
49	15	9		וַ/יֵּ֤ט	c/5186	HC/Vqw3ms	01Aju
49	15	10		שִׁכְמ/וֹ֙	7926	HNcmsc/Sp3ms	01j7P
49	15	11		לִ/סְבֹּ֔ל	l/5445	HR/Vqc	01kUW
49	15	12		וַ/יְהִ֖י	c/1961	HC/Vqw3ms	01yHP
49	15	13		לְ/מַס	l/4522	HR/Ncmsc	01eg6
49	15	14		עֹבֵֽד	5647	HVqrmsa	01fPa
49	16	1		דָּ֖ן	1835	HNp	01Hqj
49	16	2		יָדִ֣ין	1777	HVqi3ms	01ZN5
49	16	3		עַמּ֑/וֹ	5971 a	HNcmsc/Sp3ms	01Cds
49	16	4		כְּ/אַחַ֖ד	k/259	HR/Acmsc	01nVe
49	16	5		שִׁבְטֵ֥י	7626	HNcmpc	01Vc3
49	16	6		יִשְׂרָאֵֽל	3478	HNp	01ZvB
49	17	1		יְהִי	1961	HVqi3ms	01JDV
49	17	2		דָן֙	1835	HNp	01XrH
49	17	3		נָחָ֣שׁ	5175	HNcmsa	01PQW
49	17	4		עֲלֵי	5921 a	HR	01e3Y
49	17	5		דֶ֔רֶךְ	1870	HNcbsa	01bCx
49	17	6		שְׁפִיפֹ֖ן	8207	HNcmsa	01tZY
49	17	7		עֲלֵי	5921 a	HR	01g7L
49	17	8		אֹ֑רַח	734	HNcbsa	017NL
49	17	9		הַ/נֹּשֵׁךְ֙	d/5391 a	HTd/Vqrmsa	01cM3
49	17	10		עִקְּבֵי	6119	HNcmpc	01bky
49	17	11		ס֔וּס	5483 b	HNcmsa	01UT2
49	17	12		וַ/יִּפֹּ֥ל	c/5307	HC/Vqw3ms	017ec
49	17	13		רֹכְב֖/וֹ	7392	HVqrmsc/Sp3ms	01yPy
49	17	14		אָחֽוֹר	268	HNcmsa	01272
49	18	1		לִֽ/ישׁוּעָתְ/ךָ֖	l/3444	HR/Ncfsc/Sp2ms	01Jpo
49	18	2		קִוִּ֥יתִי	6960 a	HVpp1cs	019o5
49	18	3		יְהוָֽה	3068	HNp	01gEg
49	19	1		גָּ֖ד	1410	HNp	01PNv
49	19	2		גְּד֣וּד	1416	HNcmsa	01ZFV
49	19	3		יְגוּדֶ֑/נּוּ	1464	HVqi3ms/Sp3ms	01Yem
49	19	4		וְ/ה֖וּא	c/1931	HC/Pp3ms	01nMP
49	19	5		יָגֻ֥ד	1464	HVqi3ms	01MQd
49	19	6		עָקֵֽב	6119	HNcmsa	01ctb
49	20	1		מֵ/אָשֵׁ֖ר	m/836	HR/Np	01vN3
49	20	2		שְׁמֵנָ֣ה	8082	HAafsa	01NUd
49	20	3		לַחְמ֑/וֹ	3899	HNcbsc/Sp3ms	01GJx
49	20	4		וְ/ה֥וּא	c/1931	HC/Pp3ms	01Wbx
49	20	5		יִתֵּ֖ן	5414	HVqi3ms	013hD
49	20	6		מַֽעֲדַנֵּי	4574	HNcbpc	01QXu
49	20	7		מֶֽלֶךְ	4428	HNcmsa	01CAT
49	21	1		נַפְתָּלִ֖י	5321	HNp	01NsY
49	21	2		אַיָּלָ֣ה	355	HNcfsa	01C1D
49	21	3		שְׁלֻחָ֑ה	7971	HVqsfsa	01K1P
49	21	4		הַ/נֹּתֵ֖ן	d/5414	HTd/Vqrmsa	01Vpq
49	21	5		אִמְרֵי	561	HNcmpc	01PtR
49	21	6		שָֽׁפֶר	8233	HNcmsa	011tQ
49	22	1		בֵּ֤ן	1121 a	HNcmsa	01KGJ
49	22	2		פֹּרָת֙	6509	HVqrfsc	01eEX
49	22	3		יוֹסֵ֔ף	3130	HNp	015gR
49	22	4		בֵּ֥ן	1121 a	HNcmsa	01Agb
49	22	5		פֹּרָ֖ת	6509	HVqrfsc	01Veh
49	22	6		עֲלֵי	5921 a	HR	01grE
49	22	7		עָ֑יִן	5869 b	HNcbsa	01kGZ
49	22	8		בָּנ֕וֹת	1323	HNcfpa	0137J
49	22	9		צָעֲדָ֖ה	6805	HVqp3fs	01M1X
49	22	10		עֲלֵי	5921 a	HR	011u4
49	22	11		שֽׁוּר	7791 a	HNcmsa	01411
49	23	1		וַֽ/יְמָרֲרֻ֖/הוּ	c/4843	HC/Vpw3mp/Sp3ms	0121W
49	23	2		וָ/רֹ֑בּוּ	c/7232	HC/Vqp3cp	013P9
49	23	3		וַֽ/יִּשְׂטְמֻ֖/הוּ	c/7852	HC/Vqw3mp/Sp3ms	012AJ
49	23	4		בַּעֲלֵ֥י	1167	HNcmpc	01hMr
49	23	5		חִצִּֽים	2671	HNcmpa	01tMv
49	24	1		וַ/תֵּ֤שֶׁב	c/3427	HC/Vqw3fs	01sZb
49	24	2		בְּ/אֵיתָן֙	b/386	HR/Aamsa	01k68
49	24	3		קַשְׁתּ֔/וֹ	7198	HNcfsc/Sp3ms	01RNp
49	24	4		וַ/יָּפֹ֖זּוּ	c/6339	HC/Vqw3mp	01weP
49	24	5		זְרֹעֵ֣י	2220	HNcbpc	01Vtt
49	24	6		יָדָ֑י/ו	3027	HNcbdc/Sp3ms	01J1d
49	24	7		מִ/ידֵי֙	m/3027	HR/Ncbdc	01fcM
49	24	8		אֲבִ֣יר	46	HAamsc	01bbz
49	24	9		יַעֲקֹ֔ב	3290	HNp	01uVr
49	24	10		מִ/שָּׁ֥ם	m/8033	HR/D	01Ejh
49	24	11		רֹעֶ֖ה	7462 b	HVqrmsa	01wbA
49	24	12		אֶ֥בֶן	68	HNcfsc	011sF
49	24	13		יִשְׂרָאֵֽל	3478	HNp	01fTY
49	25	1		מֵ/אֵ֨ל	m/410	HR/Ncmsc	01JhG
49	25	2		אָבִ֜י/ךָ	1	HNcmsc/Sp2ms	01HoS
49	25	3		וְ/יַעְזְרֶ֗/ךָּ	c/5826	HC/Vqi3ms/Sp2ms	01dgN
49	25	4		וְ/אֵ֤ת	c/854	HC/R	011SG
49	25	5		שַׁדַּי֙	7706	HNp	01sVT
49	25	6		וִ/יבָ֣רְכֶ֔/ךָּ	c/1288	HC/Vpi3ms/Sp2ms	01QKb
49	25	7		בִּרְכֹ֤ת	1293	HNcfpc	019Lm
49	25	8		שָׁמַ֨יִם֙	8064	HNcmpa	013GG
49	25	9		מֵ/עָ֔ל	m/5921 a	HR/Ncmsa	01UHa
49	25	10		בִּרְכֹ֥ת	1293	HNcfpc	015Be
49	25	11		תְּה֖וֹם	8415	HNcbsa	01baE
49	25	12		רֹבֶ֣צֶת	7257	HVqrfsa	01FyA
49	25	13		תָּ֑חַת	8478	HNcmsa	01zpz
49	25	14		בִּרְכֹ֥ת	1293	HNcfpc	01Lko
49	25	15		שָׁדַ֖יִם	7699 a	HNcmda	01fbP
49	25	16		וָ/רָֽחַם	c/7356 a	HC/Ncbsa	011ja
49	26	1		בִּרְכֹ֣ת	1293	HNcfpc	01HXg
49	26	2		אָבִ֗י/ךָ	1	HNcmsc/Sp2ms	01zht
49	26	3		גָּֽבְרוּ֙	1396	HVqp3cp	01NPV
49	26	4		עַל	5921 a	HR	01yQu
49	26	5		בִּרְכֹ֣ת	1293	HNcfpc	01yzD
49	26	6		הוֹרַ֔/י	2029	HVqrmpc/Sp1cs	01pgr
49	26	7		עַֽד	5704	HR	01q9N
49	26	8		תַּאֲוַ֖ת	8379	HNcfsc	01ezC
49	26	9		גִּבְעֹ֣ת	1389	HNcfpc	01FBw
49	26	10		עוֹלָ֑ם	5769	HNcmsa	01NWL
49	26	11		תִּֽהְיֶ֨ין֙	1961	HVqi3fp	01iFQ
49	26	12		לְ/רֹ֣אשׁ	l/7218 a	HR/Ncmsc	01iJq
49	26	13		יוֹסֵ֔ף	3130	HNp	01fbS
49	26	14		וּ/לְ/קָדְקֹ֖ד	c/l/6936	HC/R/Ncmsc	01mh2
49	26	15		נְזִ֥יר	5139	HNcmsc	01zaz
49	26	16		אֶחָֽי/ו	251	HNcmpc/Sp3ms	012bV
49	27	1		בִּנְיָמִין֙	1144	HNp	01v2b
49	27	2		זְאֵ֣ב	2061	HNcmsa	01iFC
49	27	3		יִטְרָ֔ף	2963	HVqi3ms	01wXG
49	27	4		בַּ/בֹּ֖קֶר	b/1242	HRd/Ncmsa	01ify
49	27	5		יֹ֣אכַל	398	HVqi3ms	01iG8
49	27	6		עַ֑ד	5706	HNcmsa	01trx
49	27	7		וְ/לָ/עֶ֖רֶב	c/l/6153	HC/Rd/Ncmsa	01piz
49	27	8		יְחַלֵּ֥ק	2505 a	HVpi3ms	01nmN
49	27	9		שָׁלָֽל	7998	HNcmsa	012Gx
49	28	1		כָּל	3605	HNcmsc	01w3s
49	28	2		אֵ֛לֶּה	428	HPdxcp	01p1j
49	28	3		שִׁבְטֵ֥י	7626	HNcmpc	01oEc
49	28	4		יִשְׂרָאֵ֖ל	3478	HNp	01Uuf
49	28	5		שְׁנֵ֣ים	8147	HAcmda	01XQX
49	28	6		עָשָׂ֑ר	6240	HAcmsa	01mEe
49	28	7		וְ֠/זֹאת	c/2063	HC/Pdxfs	01rLE
49	28	8		אֲשֶׁר	834 a	HTr	01YtU
49	28	9		דִּבֶּ֨ר	1696	HVpp3ms	01haj
49	28	10		לָ/הֶ֤ם	l	HR/Sp3mp	01Qdi
49	28	11		אֲבִי/הֶם֙	1	HNcmsc/Sp3mp	01qUK
49	28	12		וַ/יְבָ֣רֶךְ	c/1288	HC/Vpw3ms	01MRL
49	28	13		אוֹתָ֔/ם	853	HTo/Sp3mp	01NoC
49	28	14		אִ֛ישׁ	376	HNcmsa	01vEU
49	28	15		אֲשֶׁ֥ר	834 a	HTr	01DC7
49	28	16		כְּ/בִרְכָת֖/וֹ	k/1293	HR/Ncfsc/Sp3ms	016Vn
49	28	17		בֵּרַ֥ךְ	1288	HVpp3ms	01QnK
49	28	18		אֹתָֽ/ם	853	HTo/Sp3mp	015nr
49	29	1		וַ/יְצַ֣ו	c/6680	HC/Vpw3ms	018gn
49	29	2		אוֹתָ֗/ם	853	HTo/Sp3mp	01ojv
49	29	3		וַ/יֹּ֤אמֶר	c/559	HC/Vqw3ms	01umK
49	29	4		אֲלֵ/הֶם֙	413	HR/Sp3mp	0191a
49	29	5		אֲנִי֙	589	HPp1cs	01E8i
49	29	6		נֶאֱסָ֣ף	622	HVNsmsa	01ZyE
49	29	7		אֶל	413	HR	01pfR
49	29	8		עַמִּ֔/י	5971 b	HNcmsc/Sp1cs	01r55
49	29	9		קִבְר֥וּ	6912	HVqv2mp	011nQ
49	29	10		אֹתִ֖/י	853	HTo/Sp1cs	01x2A
49	29	11		אֶל	413	HR	01Zm3
49	29	12		אֲבֹתָ֑/י	1	HNcmpc/Sp1cs	01ZQ3
49	29	13		אֶל	413	HR	01hdH
49	29	14		הַ֨/מְּעָרָ֔ה	d/4631	HTd/Ncfsa	01XKv
49	29	15		אֲשֶׁ֥ר	834 a	HTr	01BHu
49	29	16		בִּ/שְׂדֵ֖ה	b/7704 b	HR/Ncmsc	01bDV
49	29	17		עֶפְר֥וֹן	6085	HNp	01au9
49	29	18		הַֽ/חִתִּֽי	d/2850	HTd/Ngmsa	01swu
49	30	1		בַּ/מְּעָרָ֞ה	b/4631	HRd/Ncfsa	01tYB
49	30	2		אֲשֶׁ֨ר	834 a	HTr	01vrR
49	30	3		בִּ/שְׂדֵ֧ה	b/7704 b	HR/Ncmsc	01Hzc
49	30	4		הַ/מַּכְפֵּלָ֛ה	d/4375	HTd/Np	01Z6U
49	30	5		אֲשֶׁ֥ר	834 a	HTr	01bJG
49	30	6		עַל	5921 a	HR	0147t
49	30	7		פְּנֵי	6440	HNcbpc	01ipz
49	30	8		מַמְרֵ֖א	4471	HNp	01T46
49	30	9		בְּ/אֶ֣רֶץ	b/776	HR/Ncbsc	01doT
49	30	10		כְּנָ֑עַן	3667 a	HNp	0175u
49	30	11		אֲשֶׁר֩	834 a	HTr	01TTj
49	30	12		קָנָ֨ה	7069	HVqp3ms	01GcF
49	30	13		אַבְרָהָ֜ם	85	HNp	017Un
49	30	14		אֶת	853	HTo	01DBg
49	30	15		הַ/שָּׂדֶ֗ה	d/7704 b	HTd/Ncmsa	0124f
49	30	16		מֵ/אֵ֛ת	m/854	HR/R	01uqs
49	30	17		עֶפְרֹ֥ן	6085	HNp	01TLm
49	30	18		הַ/חִתִּ֖י	d/2850	HTd/Ngmsa	01Edp
49	30	19		לַ/אֲחֻזַּת	l/272	HR/Ncfsc	01bxR
49	30	20		קָֽבֶר	6913	HNcmsa	01x48
49	31	1		שָׁ֣מָּ/ה	8033	HD/Sd	01fRD
49	31	2		קָֽבְר֞וּ	6912	HVqp3cp	01MLm
49	31	3		אֶת	853	HTo	015Kw
49	31	4		אַבְרָהָ֗ם	85	HNp	01jGh
49	31	5		וְ/אֵת֙	c/853	HC/To	011nv
49	31	6		שָׂרָ֣ה	8283	HNp	01TKS
49	31	7		אִשְׁתּ֔/וֹ	802	HNcfsc/Sp3ms	0118g
49	31	8		שָׁ֚מָּ/ה	8033	HD/Sd	01DUA
49	31	9		קָבְר֣וּ	6912	HVqp3cp	01hrU
49	31	10		אֶת	853	HTo	012kZ
49	31	11		יִצְחָ֔ק	3327	HNp	01W2w
49	31	12		וְ/אֵ֖ת	c/853	HC/To	01BDq
49	31	13		רִבְקָ֣ה	7259	HNp	01ukt
49	31	14		אִשְׁתּ֑/וֹ	802	HNcfsc/Sp3ms	01wfP
49	31	15		וְ/שָׁ֥מָּ/ה	c/8033	HC/D/Sd	01mjq
49	31	16		קָבַ֖רְתִּי	6912	HVqp1cs	01Dq5
49	31	17		אֶת	853	HTo	01zh3
49	31	18		לֵאָֽה	3812	HNp	01UNA
49	32	1		מִקְנֵ֧ה	4735	HNcmsc	017aZ
49	32	2		הַ/שָּׂדֶ֛ה	d/7704 b	HTd/Ncmsa	01JEX
49	32	3		וְ/הַ/מְּעָרָ֥ה	c/d/4631	HC/Td/Ncfsa	01Bz7
49	32	4		אֲשֶׁר	834 a	HTr	01vN6
49	32	5		בּ֖/וֹ	b	HR/Sp3ms	01eEu
49	32	6		מֵ/אֵ֥ת	m/854	HR/R	01brv
49	32	7		בְּנֵי	1121 a	HNcmpc	01meN
49	32	8		חֵֽת	2845	HNp	01Uoc
49	33	1		וַ/יְכַ֤ל	c/3615	HC/Vpw3ms	01CRs
49	33	2		יַעֲקֹב֙	3290	HNp	01gqU
49	33	3		לְ/צַוֺּ֣ת	l/6680	HR/Vpc	01gSX
49	33	4		אֶת	853	HTo	01iAX
49	33	5		בָּנָ֔י/ו	1121 a	HNcmpc/Sp3ms	01FKc
49	33	6		וַ/יֶּאֱסֹ֥ף	c/622	HC/Vqw3ms	016vG
49	33	7		רַגְלָ֖י/ו	7272	HNcfdc/Sp3ms	013Hh
49	33	8		אֶל	413	HR	01SWu
49	33	9		הַ/מִּטָּ֑ה	d/4296	HTd/Ncfsa	01rEZ
49	33	10		וַ/יִּגְוַ֖ע	c/1478	HC/Vqw3ms	01Xvx
49	33	11		וַ/יֵּאָ֥סֶף	c/622	HC/VNw3ms	01EKA
49	33	12		אֶל	413	HR	01aM2
49	33	13		עַמָּֽי/ו	5971 b	HNcmpc/Sp3ms	01VFp
50	1	1		וַ/יִּפֹּ֥ל	c/5307	HC/Vqw3ms	01Fih
50	1	2		יוֹסֵ֖ף	3130	HNp	01zuo
50	1	3		עַל	5921 a	HR	01iXi
50	1	4		פְּנֵ֣י	6440	HNcbpc	01okW
50	1	5		אָבִ֑י/ו	1	HNcmsc/Sp3ms	018no
50	1	6		וַ/יֵּ֥בְךְּ	c/1058	HC/Vqw3ms	01d8M
50	1	7		עָלָ֖י/ו	5921 a	HR/Sp3ms	01tPZ
50	1	8		וַ/יִּשַּׁק	c/5401 a	HC/Vqw3ms	01oBT
50	1	9		לֽ/וֹ	l	HR/Sp3ms	01Ype
50	2	1		וַ/יְצַ֨ו	c/6680	HC/Vpw3ms	018Y5
50	2	2		יוֹסֵ֤ף	3130	HNp	01NJT
50	2	3		אֶת	853	HTo	01rJA
50	2	4		עֲבָדָי/ו֙	5650	HNcmpc/Sp3ms	01cWu
50	2	5		אֶת	853	HTo	019RB
50	2	6		הָ/רֹ֣פְאִ֔ים	d/7495	HTd/Vqrmpa	017gF
50	2	7		לַ/חֲנֹ֖ט	l/2590 a	HR/Vqc	01hmH
50	2	8		אֶת	853	HTo	01azy
50	2	9		אָבִ֑י/ו	1	HNcmsc/Sp3ms	01oRB
50	2	10		וַ/יַּחַנְט֥וּ	c/2590 a	HC/Vqw3mp	01HoC
50	2	11		הָ/רֹפְאִ֖ים	d/7495	HTd/Vqrmpa	01Gty
50	2	12		אֶת	853	HTo	016t3
50	2	13		יִשְׂרָאֵֽל	3478	HNp	01UXd
50	3	1		וַ/יִּמְלְאוּ	c/4390	HC/Vqw3mp	01DjQ
50	3	2		ל/וֹ֙	l	HR/Sp3ms	01Mrb
50	3	3		אַרְבָּעִ֣ים	705	HAcbpa	01cgr
50	3	4		י֔וֹם	3117	HNcmsa	01mWy
50	3	5		כִּ֛י	3588 a	HC	01uvm
50	3	6		כֵּ֥ן	3651 c	HTm	01533
50	3	7		יִמְלְא֖וּ	4390	HVqj3mp	0198n
50	3	8		יְמֵ֣י	3117	HNcmpc	01R3p
50	3	9		הַ/חֲנֻטִ֑ים	d/2590 b	HTd/Ncmpa	01hqd
50	3	10		וַ/יִּבְכּ֥וּ	c/1058	HC/Vqw3mp	01uco
50	3	11		אֹת֛/וֹ	853	HTo/Sp3ms	01pTy
50	3	12		מִצְרַ֖יִם	4713	HNp	01PBJ
50	3	13		שִׁבְעִ֥ים	7657	HAcbpa	01xZ5
50	3	14		יֽוֹם	3117	HNcmsa	01jYf
50	4	1		וַ/יַּֽעַבְרוּ֙	c/5674 a	HC/Vqw3mp	01B8a
50	4	2		יְמֵ֣י	3117	HNcmpc	01MRK
50	4	3		בְכִית֔/וֹ	1068	HNcfsc/Sp3ms	01TMz
50	4	4		וַ/יְדַבֵּ֣ר	c/1696	HC/Vpw3ms	01fpT
50	4	5		יוֹסֵ֔ף	3130	HNp	01peF
50	4	6		אֶל	413	HR	01dAc
50	4	7		בֵּ֥ית	1004 b	HNcmsc	01XGT
50	4	8		פַּרְעֹ֖ה	6547	HNp	01jsU
50	4	9		לֵ/אמֹ֑ר	l/559	HR/Vqc	019cp
50	4	10		אִם	518 a	HC	01srz
50	4	11		נָ֨א	4994	HTe	01Zhu
50	4	12		מָצָ֤אתִי	4672	HVqp1cs	01pza
50	4	13		חֵן֙	2580	HNcmsa	01bzA
50	4	14		בְּ/עֵ֣ינֵי/כֶ֔ם	b/5869 a	HR/Ncbdc/Sp2mp	01gKy
50	4	15		דַּבְּרוּ	1696	HVpv2mp	01i2h
50	4	16		נָ֕א	4994	HTe	01ymp
50	4	17		בְּ/אָזְנֵ֥י	b/241	HR/Ncfdc	01DF4
50	4	18		פַרְעֹ֖ה	6547	HNp	01LhG
50	4	19		לֵ/אמֹֽר	l/559	HR/Vqc	01oCP
50	5	1		אָבִ֞/י	1	HNcmsc/Sp1cs	01ood
50	5	2		הִשְׁבִּיעַ֣/נִי	7650	HVhp3ms/Sp1cs	01aVk
50	5	3		לֵ/אמֹ֗ר	l/559	HR/Vqc	01sFQ
50	5	4		הִנֵּ֣ה	2009	HTm	01ukh
50	5	5		אָנֹכִי֮	595	HPp1cs	01AUn
50	5	6		מֵת֒	4191	HVqrmsa	01gZK
50	5	7		בְּ/קִבְרִ֗/י	b/6913	HR/Ncmsc/Sp1cs	01kLT
50	5	8		אֲשֶׁ֨ר	834 a	HTr	01Uw5
50	5	9		כָּרִ֤יתִי	3738 b	HVqp1cs	01sfg
50	5	10		לִ/י֙	l	HR/Sp1cs	0152c
50	5	11		בְּ/אֶ֣רֶץ	b/776	HR/Ncbsc	01xp2
50	5	12		כְּנַ֔עַן	3667 a	HNp	01Y7s
50	5	13		שָׁ֖מָּ/ה	8033	HD/Sd	01pCm
50	5	14		תִּקְבְּרֵ֑/נִי	6912	HVqv2ms/Sp1cs	01116
50	5	15		וְ/עַתָּ֗ה	c/6258	HC/D	019Ke
50	5	16		אֶֽעֱלֶה	5927	HVqh1cs	01s9d
50	5	17		נָּ֛א	4994	HTj	01duj
50	5	18		וְ/אֶקְבְּרָ֥ה	c/6912	HC/Vqh1cs	01259
50	5	19		אֶת	853	HTo	01Vhy
50	5	20		אָבִ֖/י	1	HNcmsc/Sp1cs	01EQr
50	5	21		וְ/אָשֽׁוּבָה	c/7725	HC/Vqi1cs	01ZhN
50	6	1		וַ/יֹּ֖אמֶר	c/559	HC/Vqw3ms	01ohS
50	6	2		פַּרְעֹ֑ה	6547	HNp	01keR
50	6	3		עֲלֵ֛ה	5927	HVqv2ms	01b8h
50	6	4		וּ/קְבֹ֥ר	c/6912	HC/Vqv2ms	01SL3
50	6	5		אֶת	853	HTo	01Ccc
50	6	6		אָבִ֖י/ךָ	1	HNcmsc/Sp2ms	01iou
50	6	7		כַּ/אֲשֶׁ֥ר	k/834 d	HR/Tr	01EGi
50	6	8		הִשְׁבִּיעֶֽ/ךָ	7650	HVhp3ms/Sp2ms	01CyP
50	7	1		וַ/יַּ֥עַל	c/5927	HC/Vqw3ms	01whQ
50	7	2		יוֹסֵ֖ף	3130	HNp	01YwA
50	7	3		לִ/קְבֹּ֣ר	l/6912	HR/Vqc	01oH8
50	7	4		אֶת	853	HTo	01BKL
50	7	5		אָבִ֑י/ו	1	HNcmsc/Sp3ms	01Mk9
50	7	6		וַ/יַּֽעֲל֨וּ	c/5927	HC/Vqw3mp	01fDR
50	7	7		אִתּ֜/וֹ	854	HR/Sp3ms	01rs5
50	7	8		כָּל	3605	HNcmsc	01has
50	7	9		עַבְדֵ֤י	5650	HNcmpc	01LRe
50	7	10		פַרְעֹה֙	6547	HNp	01RFF
50	7	11		זִקְנֵ֣י	2205	HAampc	01ZQK
50	7	12		בֵית֔/וֹ	1004 b	HNcmsc/Sp3ms	01QTu
50	7	13		וְ/כֹ֖ל	c/3605	HC/Ncmsc	011Bw
50	7	14		זִקְנֵ֥י	2205	HAampc	01BhS
50	7	15		אֶֽרֶץ	776	HNcbsc	01UMN
50	7	16		מִצְרָֽיִם	4714	HNp	01sLG
50	8	1		וְ/כֹל֙	c/3605	HC/Ncmsc	01mYf
50	8	2		בֵּ֣ית	1004 b	HNcmsc	01wLS
50	8	3		יוֹסֵ֔ף	3130	HNp	011wK
50	8	4		וְ/אֶחָ֖י/ו	c/251	HC/Ncmpc/Sp3ms	01f6P
50	8	5		וּ/בֵ֣ית	c/1004 b	HC/Ncmsc	01gFa
50	8	6		אָבִ֑י/ו	1	HNcmsc/Sp3ms	01EDF
50	8	7		רַ֗ק	7535	HTa	01Xbf
50	8	8		טַפָּ/ם֙	2945	HNcmsc/Sp3mp	01m9o
50	8	9		וְ/צֹאנָ֣/ם	c/6629	HC/Ncbsc/Sp3mp	01Toy
50	8	10		וּ/בְקָרָ֔/ם	c/1241	HC/Ncbsc/Sp3mp	01ABn
50	8	11		עָזְב֖וּ	5800 a	HVqp3cp	01LXh
50	8	12		בְּ/אֶ֥רֶץ	b/776	HR/Ncbsc	01Z2f
50	8	13		גֹּֽשֶׁן	1657	HNp	01aYj
50	9	1		וַ/יַּ֣עַל	c/5927	HC/Vqw3ms	01Ris
50	9	2		עִמּ֔/וֹ	5973 a	HR/Sp3ms	01cRZ
50	9	3		גַּם	1571	HTa	01daH
50	9	4		רֶ֖כֶב	7393	HNcmsa	01juN
50	9	5		גַּם	1571	HTa	01GRf
50	9	6		פָּרָשִׁ֑ים	6571 b	HNcmpa	0169R
50	9	7		וַ/יְהִ֥י	c/1961	HC/Vqw3ms	01rhs
50	9	8		הַֽ/מַּחֲנֶ֖ה	d/4264	HTd/Ncbsa	01Jmv
50	9	9		כָּבֵ֥ד	3515	HAamsa	01iCY
50	9	10		מְאֹֽד	3966	HD	01oi4
50	10	1		וַ/יָּבֹ֜אוּ	c/935	HC/Vqw3mp	01kdG
50	10	2		עַד	5704	HR	01kuY
50	10	3		גֹּ֣רֶן	1637	HNcbsc	01d7F
50	10	4		הָאָטָ֗ד	329	HTd	01gvE
50	10	5		אֲשֶׁר֙	834 a	HTr	01b6i
50	10	6		בְּ/עֵ֣בֶר	b/5676	HR/Ncmsc	01fVE
50	10	7		הַ/יַּרְדֵּ֔ן	d/3383	HTd/Np	016aT
50	10	8		וַ/יִּ֨סְפְּדוּ	c/5594	HC/Vqw3mp	01zyD
50	10	9		שָׁ֔ם	8033	HD	01HCh
50	10	10		מִסְפֵּ֛ד	4553	HNcmsa	01eR7
50	10	11		גָּד֥וֹל	1419 a	HAamsa	01at2
50	10	12		וְ/כָבֵ֖ד	c/3515	HC/Aamsa	01447
50	10	13		מְאֹ֑ד	3966	HD	015Ju
50	10	14		וַ/יַּ֧עַשׂ	c/6213 a	HC/Vqw3ms	01o4F
50	10	15		לְ/אָבִ֛י/ו	l/1	HR/Ncmsc/Sp3ms	01sjq
50	10	16		אֵ֖בֶל	60	HNcmsa	01Z9b
50	10	17		שִׁבְעַ֥ת	7651	HAcmsc	01AgM
50	10	18		יָמִֽים	3117	HNcmpa	01paY
50	11	1		וַ/יַּ֡רְא	c/7200	HC/Vqw3ms	01P4c
50	11	2		יוֹשֵׁב֩	3427	HVqrmsc	01agq
50	11	3		הָ/אָ֨רֶץ	d/776	HTd/Ncbsa	01gr9
50	11	4		הַֽ/כְּנַעֲנִ֜י	d/3669 a	HTd/Ngmsa	017oY
50	11	5		אֶת	853	HTo	01bXd
50	11	6		הָ/אֵ֗בֶל	d/60	HTd/Ncmsa	01uMt
50	11	7		בְּ/גֹ֨רֶן֙	b/1637	HR/Ncbsc	01vGD
50	11	8		הָֽאָטָ֔ד	329	HNp	013FL
50	11	9		וַ/יֹּ֣אמְר֔וּ	c/559	HC/Vqw3mp	018hG
50	11	10		אֵֽבֶל	60	HNcmsa	01Xax
50	11	11		כָּבֵ֥ד	3515	HAamsa	01hvA
50	11	12		זֶ֖ה	2088	HPdxms	01BMw
50	11	13		לְ/מִצְרָ֑יִם	l/4713	HR/Np	01ziW
50	11	14		עַל	5921 a	HR	01hZb
50	11	15		כֵּ֞ן	3651 c	HTm	01GFk
50	11	16		קָרָ֤א	7121	HVqp3ms	01hY3
50	11	17		שְׁמָ/הּ֙	8034	HNcmsc/Sp3fs	01Bwm
50	11	18		אָבֵ֣ל	67+	HNp	01P8J
50	11	19		מִצְרַ֔יִם	67	HNp	01VXe
50	11	20		אֲשֶׁ֖ר	834 a	HTr	012Uw
50	11	21		בְּ/עֵ֥בֶר	b/5676	HR/Ncmsc	01Tp9
50	11	22		הַ/יַּרְדֵּֽן	d/3383	HTd/Np	01m3S
50	12	1		וַ/יַּעֲשׂ֥וּ	c/6213 a	HC/Vqw3mp	01EGK
50	12	2		בָנָ֖י/ו	1121 a	HNcmpc/Sp3ms	01p7t
50	12	3		ל֑/וֹ	l	HR/Sp3ms	01Wdd
50	12	4		כֵּ֖ן	3651 c	HTm	01oAL
50	12	5		כַּ/אֲשֶׁ֥ר	k/834 d	HR/Tr	01fUx
50	12	6		צִוָּֽ/ם	6680	HVpp3ms/Sp3mp	01pe3
50	13	1		וַ/יִּשְׂא֨וּ	c/5375	HC/Vqw3mp	01NkF
50	13	2		אֹת֤/וֹ	853	HTo/Sp3ms	017z5
50	13	3		בָנָי/ו֙	1121 a	HNcmpc/Sp3ms	015W2
50	13	4		אַ֣רְצָ/ה	776	HNcbsc/Sd	01VUP
50	13	5		כְּנַ֔עַן	3667 a	HNp	01sbp
50	13	6		וַ/יִּקְבְּר֣וּ	c/6912	HC/Vqw3mp	01pTP
50	13	7		אֹת֔/וֹ	853	HTo/Sp3ms	01osX
50	13	8		בִּ/מְעָרַ֖ת	b/4631	HR/Ncfsc	012wb
50	13	9		שְׂדֵ֣ה	7704 b	HNcmsc	01GYW
50	13	10		הַ/מַּכְפֵּלָ֑ה	d/4375	HTd/Np	01CHn
50	13	11		אֲשֶׁ֣ר	834 a	HTr	01HpK
50	13	12		קָנָה֩	7069	HVqp3ms	01n9h
50	13	13		אַבְרָהָ֨ם	85	HNp	01oZC
50	13	14		אֶת	853	HTo	01qgQ
50	13	15		הַ/שָּׂדֶ֜ה	d/7704 b	HTd/Ncmsa	014Pf
50	13	16		לַ/אֲחֻזַּת	l/272	HR/Ncfsc	01Wvr
50	13	17		קֶ֗בֶר	6913	HNcmsa	01J5u
50	13	18		מֵ/אֵ֛ת	m/854	HR/R	01ScX
50	13	19		עֶפְרֹ֥ן	6085	HNp	01H6i
50	13	20		הַ/חִתִּ֖י	d/2850	HTd/Ngmsa	01Aej
50	13	21		עַל	5921 a	HR	01W2u
50	13	22		פְּנֵ֥י	6440	HNcbpc	01b3s
50	13	23		מַמְרֵֽא	4471	HNp	01pRf
50	14	1		וַ/יָּ֨שָׁב	c/7725	HC/Vqw3ms	01nc5
50	14	2		יוֹסֵ֤ף	3130	HNp	01sXA
50	14	3		מִצְרַ֨יְמָ/ה֙	4714	HNp/Sd	01jh8
50	14	4		ה֣וּא	1931	HPp3ms	01zcD
50	14	5		וְ/אֶחָ֔י/ו	c/251	HC/Ncmpc/Sp3ms	018Vz
50	14	6		וְ/כָל	c/3605	HC/Ncmsc	01CMe
50	14	7		הָ/עֹלִ֥ים	d/5927	HTd/Vqrmpa	01ytE
50	14	8		אִתּ֖/וֹ	854	HR/Sp3ms	01RD9
50	14	9		לִ/קְבֹּ֣ר	l/6912	HR/Vqc	01rrb
50	14	10		אֶת	853	HTo	01p43
50	14	11		אָבִ֑י/ו	1	HNcmsc/Sp3ms	01aFP
50	14	12		אַחֲרֵ֖י	310 a	HR	01Dbj
50	14	13		קָבְר֥/וֹ	6912	HVqc/Sp3ms	01c18
50	14	14		אֶת	853	HTo	01gDT
50	14	15		אָבִֽי/ו	1	HNcmsc/Sp3ms	01pkp
50	15	1		וַ/יִּרְא֤וּ	c/7200	HC/Vqw3mp	01eYS
50	15	2		אֲחֵֽי	251	HNcmpc	01TQT
50	15	3		יוֹסֵף֙	3130	HNp	01gAn
50	15	4		כִּי	3588 a	HC	01gKm
50	15	5		מֵ֣ת	4191	HVqp3ms	01dCU
50	15	6		אֲבִי/הֶ֔ם	1	HNcmsc/Sp3mp	01G9p
50	15	7		וַ/יֹּ֣אמְר֔וּ	c/559	HC/Vqw3mp	01mrB
50	15	8		ל֥וּ	3863	HC	017Qu
50	15	9		יִשְׂטְמֵ֖/נוּ	7852	HVqi3ms/Sp1cp	01LAu
50	15	10		יוֹסֵ֑ף	3130	HNp	01swz
50	15	11		וְ/הָשֵׁ֤ב	c/7725	HC/Vha	01fwD
50	15	12		יָשִׁיב֙	7725	HVhi3ms	01Q94
50	15	13		לָ֔/נוּ	l	HR/Sp1cp	01A7p
50	15	14		אֵ֚ת	853	HTo	01pa6
50	15	15		כָּל	3605	HNcmsc	012Uu
50	15	16		הָ֣/רָעָ֔ה	d/7451 c	HTd/Ncfsa	01pw8
50	15	17		אֲשֶׁ֥ר	834 a	HTr	015XL
50	15	18		גָּמַ֖לְנוּ	1580	HVqp1cp	01SSj
50	15	19		אֹתֽ/וֹ	853	HTo/Sp3ms	01z7t
50	16	1		וַ/יְצַוּ֕וּ	c/6680	HC/Vpw3mp	01Fsv
50	16	2		אֶל	413	HR	01EBx
50	16	3		יוֹסֵ֖ף	3130	HNp	01yH6
50	16	4		לֵ/אמֹ֑ר	l/559	HR/Vqc	01ewM
50	16	5		אָבִ֣י/ךָ	1	HNcmsc/Sp2ms	01t5v
50	16	6		צִוָּ֔ה	6680	HVpp3ms	01uGU
50	16	7		לִ/פְנֵ֥י	l/6440	HR/Ncbpc	01ix1
50	16	8		מוֹת֖/וֹ	4194	HNcmsc/Sp3ms	01xd5
50	16	9		לֵ/אמֹֽר	l/559	HR/Vqc	01c4F
50	17	1		כֹּֽה	3541	HD	01yhF
50	17	2		תֹאמְר֣וּ	559	HVqi2mp	01S26
50	17	3		לְ/יוֹסֵ֗ף	l/3130	HR/Np	01TJa
50	17	4		אָ֣נָּ֡א	577	HTe	01iu3
50	17	5		שָׂ֣א	5375	HVqv2ms	01JWV
50	17	6		נָ֠א	4994	HTe	01m2k
50	17	7		פֶּ֣שַׁע	6588	HNcmsc	0153n
50	17	8		אַחֶ֤י/ךָ	251	HNcmpc/Sp2ms	01fy3
50	17	9		וְ/חַטָּאתָ/ם֙	c/2403 b	HC/Ncfsc/Sp3mp	01R67
50	17	10		כִּי	3588 a	HC	01eLj
50	17	11		רָעָ֣ה	7451 c	HNcfsa	01hd2
50	17	12		גְמָל֔וּ/ךָ	1580	HVqp3cp/Sp2ms	01ki3
50	17	13		וְ/עַתָּה֙	c/6258	HC/D	01X2k
50	17	14		שָׂ֣א	5375	HVqv2ms	01YQN
50	17	15		נָ֔א	4994	HTe	012JN
50	17	16		לְ/פֶ֥שַׁע	l/6588	HR/Ncmsc	01Kku
50	17	17		עַבְדֵ֖י	5650	HNcmpc	017T7
50	17	18		אֱלֹהֵ֣י	430	HNcmpc	01C3f
50	17	19		אָבִ֑י/ךָ	1	HNcmsc/Sp2ms	01Jtq
50	17	20		וַ/יֵּ֥בְךְּ	c/1058	HC/Vqw3ms	01aCA
50	17	21		יוֹסֵ֖ף	3130	HNp	016U5
50	17	22		בְּ/דַבְּרָ֥/ם	b/1696	HR/Vpc/Sp3mp	01An3
50	17	23		אֵלָֽי/ו	413	HR/Sp3ms	013Hi
50	18	1		וַ/יֵּלְכוּ֙	c/3212	HC/Vqw3mp	01St4
50	18	2		גַּם	1571	HTa	01gNA
50	18	3		אֶחָ֔י/ו	251	HNcmpc/Sp3ms	01wMK
50	18	4		וַֽ/יִּפְּל֖וּ	c/5307	HC/Vqw3mp	01j4x
50	18	5		לְ/פָנָ֑י/ו	l/6440	HR/Ncbpc/Sp3ms	01Bsv
50	18	6		וַ/יֹּ֣אמְר֔וּ	c/559	HC/Vqw3mp	01toj
50	18	7		הִנֶּ֥/נּֽוּ	2009	HTm/Sp1cp	015sR
50	18	8		לְ/ךָ֖	l	HR/Sp2ms	01CLg
50	18	9		לַ/עֲבָדִֽים	l/5650	HR/Ncmpa	01CxU
50	19	1		וַ/יֹּ֧אמֶר	c/559	HC/Vqw3ms	01nDj
50	19	2		אֲלֵ/הֶ֛ם	413	HR/Sp3mp	01k2d
50	19	3		יוֹסֵ֖ף	3130	HNp	01k9J
50	19	4		אַל	408	HTn	01EAP
50	19	5		תִּירָ֑אוּ	3372	HVqj2mp	01rZ5
50	19	6		כִּ֛י	3588 a	HC	01N61
50	19	7		הֲ/תַ֥חַת	i/8478	HTi/R	01cMa
50	19	8		אֱלֹהִ֖ים	430	HNcmpa	01Srk
50	19	9		אָֽנִי	589	HPp1cs	01RFs
50	20	1		וְ/אַתֶּ֕ם	c/859 d	HC/Pp2mp	01kd9
50	20	2		חֲשַׁבְתֶּ֥ם	2803	HVqp2mp	01Jmh
50	20	3		עָלַ֖/י	5921 a	HR/Sp1cs	01rP6
50	20	4		רָעָ֑ה	7451 c	HNcfsa	01gh8
50	20	5		אֱלֹהִים֙	430	HNcmpa	016DK
50	20	6		חֲשָׁבָ֣/הּ	2803	HVqp3ms/Sp3fs	01pWf
50	20	7		לְ/טֹבָ֔ה	l/2896 c	HR/Aafsa	01Ww4
50	20	8		לְמַ֗עַן	4616	HR	01qnv
50	20	9		עֲשֹׂ֛ה	6213 a	HVqc	01ooM
50	20	10		כַּ/יּ֥וֹם	k/3117	HRd/Ncmsa	01mXv
50	20	11		הַ/זֶּ֖ה	d/2088	HTd/Pdxms	01Q7g
50	20	12		לְ/הַחֲיֹ֥ת	l/2421	HR/Vhc	01JqK
50	20	13		עַם	5971 a	HNcmsa	01izf
50	20	14		רָֽב	7227 a	HAamsa	01JES
50	21	1		וְ/עַתָּה֙	c/6258	HC/D	019Bc
50	21	2		אַל	408	HTn	01QTg
50	21	3		תִּירָ֔אוּ	3372	HVqj2mp	01Hoq
50	21	4		אָנֹכִ֛י	595	HPp1cs	01LaL
50	21	5		אֲכַלְכֵּ֥ל	3557	HVli1cs	017UZ
50	21	6		אֶתְ/כֶ֖ם	853	HTo/Sp2mp	01VLp
50	21	7		וְ/אֶֽת	c/853	HC/To	01ChP
50	21	8		טַפְּ/כֶ֑ם	2945	HNcmsc/Sp2mp	01EKj
50	21	9		וַ/יְנַחֵ֣ם	c/5162	HC/Vpw3ms	0179q
50	21	10		אוֹתָ֔/ם	853	HTo/Sp3mp	01qpu
50	21	11		וַ/יְדַבֵּ֖ר	c/1696	HC/Vpw3ms	019zR
50	21	12		עַל	5921 a	HR	01uQ6
50	21	13		לִבָּֽ/ם	3820 a	HNcmsc/Sp3mp	01RtL
50	22	1		וַ/יֵּ֤שֶׁב	c/3427	HC/Vqw3ms	016Vp
50	22	2		יוֹסֵף֙	3130	HNp	01oCZ
50	22	3		בְּ/מִצְרַ֔יִם	b/4714	HR/Np	012NA
50	22	4		ה֖וּא	1931	HPp3ms	01XWG
50	22	5		וּ/בֵ֣ית	c/1004 b	HC/Ncmsc	01mfN
50	22	6		אָבִ֑י/ו	1	HNcmsc/Sp3ms	01C3b
50	22	7		וַ/יְחִ֣י	c/2421	HC/Vqw3ms	01KUq
50	22	8		יוֹסֵ֔ף	3130	HNp	01d92
50	22	9		מֵאָ֥ה	3967	HAcbsa	01Fe5
50	22	10		וָ/עֶ֖שֶׂר	c/6235	HC/Acfsa	01Vj3
50	22	11		שָׁנִֽים	8141	HNcfpa	01SMn
50	23	1		וַ/יַּ֤רְא	c/7200	HC/Vqw3ms	014Ek
50	23	2		יוֹסֵף֙	3130	HNp	01m8B
50	23	3		לְ/אֶפְרַ֔יִם	l/669	HR/Np	017zm
50	23	4		בְּנֵ֖י	1121 a	HNcmpc	01KAS
50	23	5		שִׁלֵּשִׁ֑ים	8029	HNcmpa	01owt
50	23	6		גַּ֗ם	1571	HTa	01fHH
50	23	7		בְּנֵ֤י	1121 a	HNcmpc	01YDS
50	23	8		מָכִיר֙	4353	HNp	01fRs
50	23	9		בֶּן	1121 a	HNcmsc	01wLs
50	23	10		מְנַשֶּׁ֔ה	4519	HNp	01ARf
50	23	11		יֻלְּד֖וּ	3205	HVPp3cp	01pDd
50	23	12		עַל	5921 a	HR	01hpa
50	23	13		בִּרְכֵּ֥י	1290	HNcfdc	01wQF
50	23	14		יוֹסֵֽף	3130	HNp	01D2U
50	24	1		וַ/יֹּ֤אמֶר	c/559	HC/Vqw3ms	01T3e
50	24	2		יוֹסֵף֙	3130	HNp	01VUJ
50	24	3		אֶל	413	HR	0151B
50	24	4		אֶחָ֔י/ו	251	HNcmpc/Sp3ms	01uUu
50	24	5		אָנֹכִ֖י	595	HPp1cs	01n6X
50	24	6		מֵ֑ת	4191	HVqrmsa	01UUf
50	24	7		וֵֽ/אלֹהִ֞ים	c/430	HC/Ncmpa	01c1z
50	24	8		פָּקֹ֧ד	6485 a	HVqa	01Nqd
50	24	9		יִפְקֹ֣ד	6485 a	HVqi3ms	01q9t
50	24	10		אֶתְ/כֶ֗ם	853	HTo/Sp2mp	01b4U
50	24	11		וְ/הֶעֱלָ֤ה	c/5927	HC/Vhq3ms	01KWX
50	24	12		אֶתְ/כֶם֙	853	HTo/Sp2mp	01d73
50	24	13		מִן	4480 a	HR	01KR9
50	24	14		הָ/אָ֣רֶץ	d/776	HTd/Ncbsa	01LvG
50	24	15		הַ/זֹּ֔את	d/2063	HTd/Pdxfs	01g2e
50	24	16		אֶל	413	HR	01vHX
50	24	17		הָ/אָ֕רֶץ	d/776	HTd/Ncbsa	01Lgu
50	24	18		אֲשֶׁ֥ר	834 a	HTr	01jRf
50	24	19		נִשְׁבַּ֛ע	7650	HVNp3ms	01Rm1
50	24	20		לְ/אַבְרָהָ֥ם	l/85	HR/Np	01xeM
50	24	21		לְ/יִצְחָ֖ק	l/3327	HR/Np	01K5R
50	24	22		וּֽ/לְ/יַעֲקֹֽב	c/l/3290	HC/R/Np	01kmB
50	25	1		וַ/יַּשְׁבַּ֣ע	c/7650	HC/Vhw3ms	01rT9
50	25	2		יוֹסֵ֔ף	3130	HNp	0152F
50	25	3		אֶת	853	HTo	017vg
50	25	4		בְּנֵ֥י	1121 a	HNcmpc	01KsN
50	25	5		יִשְׂרָאֵ֖ל	3478	HNp	01rdS
50	25	6		לֵ/אמֹ֑ר	l/559	HR/Vqc	01ND4
50	25	7		פָּקֹ֨ד	6485 a	HVqa	01d3Z
50	25	8		יִפְקֹ֤ד	6485 a	HVqi3ms	01o4h
50	25	9		אֱלֹהִים֙	430	HNcmpa	01VYz
50	25	10		אֶתְ/כֶ֔ם	853	HTo/Sp2mp	01xfF
50	25	11		וְ/הַעֲלִתֶ֥ם	c/5927	HC/Vhq2mp	01HF3
50	25	12		אֶת	853	HTo	01XAv
50	25	13		עַצְמֹתַ֖/י	6106	HNcfpc/Sp1cs	01snx
50	25	14		מִ/זֶּֽה	m/2088	HR/Pdxms	01sdQ
50	26	1		וַ/יָּ֣מָת	c/4191	HC/Vqw3ms	013k7
50	26	2		יוֹסֵ֔ף	3130	HNp	01ozq
50	26	3		בֶּן	1121 a	HNcmsc	01PQe
50	26	4		מֵאָ֥ה	3967	HAcbsa	01Exo
50	26	5		וָ/עֶ֖שֶׂר	c/6235	HC/Acfsa	015td
50	26	6		שָׁנִ֑ים	8141	HNcfpa	01Qv6
50	26	7		וַ/יַּחַנְט֣וּ	c/2590 a	HC/Vqw3mp	012jX
50	26	8		אֹת֔/וֹ	853	HTo/Sp3ms	015q3
50	26	9		וַ/יִּ֥ישֶׂם	c/3455	HC/Vqw3ms	01xuy
50	26	10		בָּ/אָר֖וֹן	b/727	HRd/Ncbsa	01dCe
50	26	11		בְּ/מִצְרָֽיִם	b/4714	HR/Np	01LoU
