chapter	verse	word	type	surface	lemma	morph	id
1	1	1		וַ/יְהִ֗י	c/1961	HC/Vqw3ms	06xeN
1	1	2		אַחֲרֵ֛י	310 a	HR	06Nvk
1	1	3		מ֥וֹת	4194	HNcmsc	06TyA
1	1	4		מֹשֶׁ֖ה	4872	HNp	06vuQ
1	1	5		עֶ֣בֶד	5650	HNcmsc	06TSc
1	1	6		יְהוָ֑ה	3068	HNp	06k5P
1	1	7		וַ/יֹּ֤אמֶר	c/559	HC/Vqw3ms	06nPh
1	1	8		יְהוָה֙	3068	HNp	06LN3
1	1	9		אֶל	413	HR	06Qzf
1	1	10		יְהוֹשֻׁ֣עַ	3091	HNp	06aPd
1	1	11		בִּן	1121 a	HNcmsc	06eYX
1	1	12		נ֔וּן	5126	HNp	06C5U
1	1	13		מְשָׁרֵ֥ת	8334	HVprmsc	06qNN
1	1	14		מֹשֶׁ֖ה	4872	HNp	06EVS
1	1	15		לֵ/אמֹֽר	l/559	HR/Vqc	06PB6
1	2	1		מֹשֶׁ֥ה	4872	HNp	0637c
1	2	2		עַבְדִּ֖/י	5650	HNcmsc/Sp1cs	06x9c
1	2	3		מֵ֑ת	4191	HVqp3ms	06yNB
1	2	4		וְ/עַתָּה֩	c/6258	HC/D	0629t
1	2	5		ק֨וּם	6965 b	HVqv2ms	06KZG
1	2	6		עֲבֹ֜ר	5674 a	HVqv2ms	06TZE
1	2	7		אֶת	853	HTo	06thY
1	2	8		הַ/יַּרְדֵּ֣ן	d/3383	HTd/Np	06JM7
1	2	9		הַ/זֶּ֗ה	d/2088	HTd/Pdxms	06fpo
1	2	10		אַתָּה֙	859 a	HPp2ms	06W26
1	2	11		וְ/כָל	c/3605	HC/Ncmsc	06yw4
1	2	12		הָ/עָ֣ם	d/5971 a	HTd/Ncmsa	06jbg
1	2	13		הַ/זֶּ֔ה	d/2088	HTd/Pdxms	06USR
1	2	14		אֶל	413	HR	06v6U
1	2	15		הָ/אָ֕רֶץ	d/776	HTd/Ncbsa	065SS
1	2	16		אֲשֶׁ֧ר	834 a	HTr	06GzE
1	2	17		אָנֹכִ֛י	595	HPp1cs	06qCU
1	2	18		נֹתֵ֥ן	5414	HVqrmsa	06g2y
1	2	19		לָ/הֶ֖ם	l	HR/Sp3mp	06jQb
1	2	20		לִ/בְנֵ֥י	l/1121 a	HR/Ncmpc	06794
1	2	21		יִשְׂרָאֵֽל	3478	HNp	06CsU
1	3	1		כָּל	3605	HNcmsc	06XR4
1	3	2		מָק֗וֹם	4725	HNcmsa	06KvS
1	3	3		אֲשֶׁ֨ר	834 a	HTr	06dBc
1	3	4		תִּדְרֹ֧ךְ	1869	HVqi3fs	06nAB
1	3	5		כַּֽף	3709	HNcfsc	06kfX
1	3	6		רַגְלְ/כֶ֛ם	7272	HNcfsc/Sp2mp	06Wkf
1	3	7		בּ֖/וֹ	b	HR/Sp3ms	06wrL
1	3	8		לָ/כֶ֣ם	l	HR/Sp2mp	063TL
1	3	9		נְתַתִּ֑י/ו	5414	HVqp1cs/Sp3ms	06LeN
1	3	10		כַּ/אֲשֶׁ֥ר	k/834 d	HR/Tr	06sMn
1	3	11		דִּבַּ֖רְתִּי	1696	HVpp1cs	06Y3z
1	3	12		אֶל	413	HR	06NQN
1	3	13		מֹשֶֽׁה	4872	HNp	06uLf
1	4	1		מֵ/הַ/מִּדְבָּר֩	m/d/4057 b	HR/Td/Ncmsa	06kA7
1	4	2		וְ/הַ/לְּבָנ֨וֹן	c/d/3844	HC/Td/Np	063TS
1	4	3		הַ/זֶּ֜ה	d/2088	HTd/Pdxms	06NFp
1	4	4		וְֽ/עַד	c/5704	HC/R	067am
1	4	5		הַ/נָּהָ֧ר	d/5104	HTd/Ncmsa	06hh7
1	4	6		הַ/גָּד֣וֹל	d/1419 a	HTd/Aamsa	06BsK
1	4	7		נְהַר	5104	HNcmsc	06fsu
1	4	8		פְּרָ֗ת	6578	HNp	068M6
1	4	9		כֹּ֚ל	3605	HNcmsc	06wM5
1	4	10		אֶ֣רֶץ	776	HNcbsc	06qty
1	4	11		הַֽ/חִתִּ֔ים	d/2850	HTd/Ngmpa	065gQ
1	4	12		וְ/עַד	c/5704	HC/R	06Xw6
1	4	13		הַ/יָּ֥ם	d/3220	HTd/Ncmsa	06eHJ
1	4	14		הַ/גָּד֖וֹל	d/1419 a	HTd/Aamsa	06H6L
1	4	15		מְב֣וֹא	3996	HNcmsc	06bmv
1	4	16		הַ/שָּׁ֑מֶשׁ	d/8121	HTd/Ncbsa	06FV9
1	4	17		יִֽהְיֶ֖ה	1961	HVqi3ms	06Xm1
1	4	18		גְּבוּלְ/כֶֽם	1366	HNcmsc/Sp2mp	06UE6
1	5	1		לֹֽא	3808	HTn	06goK
1	5	2		יִתְיַצֵּ֥ב	3320	HVti3ms	06CyH
1	5	3		אִישׁ֙	376	HNcmsa	06A4a
1	5	4		לְ/פָנֶ֔י/ךָ	l/6440	HR/Ncbpc/Sp2ms	065Pr
1	5	5		כֹּ֖ל	3605	HNcmsc	06L4k
1	5	6		יְמֵ֣י	3117	HNcmpc	06Mnv
1	5	7		חַיֶּ֑י/ךָ	2416 e	HNcmpc/Sp2ms	06mwU
1	5	8		כַּֽ/אֲשֶׁ֨ר	k/834 d	HR/Tr	06tKT
1	5	9		הָיִ֤יתִי	1961	HVqp1cs	06NRT
1	5	10		עִם	5973 a	HR	06sRU
1	5	11		מֹשֶׁה֙	4872	HNp	06Wxq
1	5	12		אֶהְיֶ֣ה	1961	HVqi1cs	069qY
1	5	13		עִמָּ֔/ךְ	5973 a	HR/Sp2fs	06n5f
1	5	14		לֹ֥א	3808	HTn	06YUq
1	5	15		אַרְפְּ/ךָ֖	7503	HVhi1cs/Sp2ms	06fQr
1	5	16		וְ/לֹ֥א	c/3808	HC/Tn	06L7t
1	5	17		אֶעֶזְבֶֽ/ךָּ	5800 a	HVqi1cs/Sp2ms	06A74
1	6	1		חֲזַ֖ק	2388	HVqv2ms	06dNE
1	6	2		וֶ/אֱמָ֑ץ	c/553	HC/Vqv2ms	06xdF
1	6	3		כִּ֣י	3588 a	HC	06AYg
1	6	4		אַתָּ֗ה	859 a	HPp2ms	06Ls9
1	6	5		תַּנְחִיל֙	5157	HVhi2ms	06Snp
1	6	6		אֶת	853	HTo	0687B
1	6	7		הָ/עָ֣ם	d/5971 a	HTd/Ncmsa	06nLp
1	6	8		הַ/זֶּ֔ה	d/2088	HTd/Pdxms	06PzC
1	6	9		אֶת	853	HTo	06NPq
1	6	10		הָ/אָ֕רֶץ	d/776	HTd/Ncbsa	06d5m
1	6	11		אֲשֶׁר	834 a	HTr	06BYa
1	6	12		נִשְׁבַּ֥עְתִּי	7650	HVNp1cs	06LJh
1	6	13		לַ/אֲבוֹתָ֖/ם	l/1	HR/Ncmpc/Sp3mp	06tRR
1	6	14		לָ/תֵ֥ת	l/5414	HR/Vqc	06Q7E
1	6	15		לָ/הֶֽם	l	HR/Sp3mp	06dv1
1	7	1		רַק֩	7535	HTa	06QwM
1	7	2		חֲזַ֨ק	2388	HVqv2ms	06a62
1	7	3		וֶֽ/אֱמַ֜ץ	c/553	HC/Vqv2ms	06KvD
1	7	4		מְאֹ֗ד	3966	HD	06GLz
1	7	5		לִ/שְׁמֹ֤ר	l/8104	HR/Vqc	06BU7
1	7	6		לַ/עֲשׂוֹת֙	l/6213 a	HR/Vqc	06iy2
1	7	7		כְּ/כָל	k/3605	HR/Ncmsc	06zQ2
1	7	8		הַ/תּוֹרָ֗ה	d/8451	HTd/Ncfsa	06Wxx
1	7	9		אֲשֶׁ֤ר	834 a	HTr	06jQ8
1	7	10		צִוְּ/ךָ֙	6680	HVpp3ms/Sp2ms	06Haa
1	7	11		מֹשֶׁ֣ה	4872	HNp	06fJN
1	7	12		עַבְדִּ֔/י	5650	HNcmsc/Sp1cs	069KV
1	7	13		אַל	408	HTn	06F1s
1	7	14		תָּס֥וּר	5493	HVqj2ms	06dns
1	7	15		מִמֶּ֖/נּוּ	4480 a	HR/Sp1cp	06GK3
1	7	16		יָמִ֣ין	3225	HNcfsa	06nRZ
1	7	17		וּ/שְׂמֹ֑אול	c/8040	HC/Ncmsa	06cpb
1	7	18		לְמַ֣עַן	4616	HR	06zio
1	7	19		תַּשְׂכִּ֔יל	7919 a	HVhi2ms	06Qsh
1	7	20		בְּ/כֹ֖ל	b/3605	HR/Ncmsa	06zTj
1	7	21		אֲשֶׁ֥ר	834 a	HTr	06fPi
1	7	22		תֵּלֵֽךְ	3212	HVqi2ms	06GYe
1	8	1		לֹֽא	3808	HTn	06Bbz
1	8	2		יָמ֡וּשׁ	4185	HVqi3ms	06VA9
1	8	3		סֵפֶר֩	5612 a	HNcmsc	06fV3
1	8	4		הַ/תּוֹרָ֨ה	d/8451	HTd/Ncfsa	06Sov
1	8	5		הַ/זֶּ֜ה	d/2088	HTd/Pdxms	06V27
1	8	6		מִ/פִּ֗י/ךָ	m/6310	HR/Ncmsc/Sp2ms	06ifp
1	8	7		וְ/הָגִ֤יתָ	c/1897	HC/Vqq2ms	067ZG
1	8	8		בּ/וֹ֙	b	HR/Sp3ms	06B2d
1	8	9		יוֹמָ֣ם	3119	HD	06ewe
1	8	10		וָ/לַ֔יְלָה	c/3915	HC/Ncmsa	06SV6
1	8	11		לְמַ֨עַן֙	4616	HR	06G83
1	8	12		תִּשְׁמֹ֣ר	8104	HVqi2ms	06vzS
1	8	13		לַ/עֲשׂ֔וֹת	l/6213 a	HR/Vqc	06Gq9
1	8	14		כְּ/כָל	k/3605	HR/Ncmsc	063y8
1	8	15		הַ/כָּת֖וּב	d/3789	HTd/Vqsmsa	06TXw
1	8	16		בּ֑/וֹ	b	HR/Sp3ms	06Y4K
1	8	17		כִּי	3588 a	HC	06C32
1	8	18		אָ֛ז	227 a	HD	06aMT
1	8	19		תַּצְלִ֥יחַ	6743 b	HVhi2ms	06Cof
1	8	20		אֶת	853	HTo	06YWU
1	8	21		דְּרָכֶ֖/ךָ	1870	HNcbpc/Sp2ms	06rAQ
1	8	22		וְ/אָ֥ז	c/227 a	HC/D	06fLi
1	8	23		תַּשְׂכִּֽיל	7919 a	HVhi2ms	06Ptj
1	9	1		הֲ/ל֤וֹא	i/3808	HTi/Tn	06AJj
1	9	2		צִוִּיתִ֨י/ךָ֙	6680	HVpp1cs/Sp2ms	069Hv
1	9	3		חֲזַ֣ק	2388	HVqv2ms	06j1i
1	9	4		וֶ/אֱמָ֔ץ	c/553	HC/Vqv2ms	06J9J
1	9	5		אַֽל	408	HTn	06U4n
1	9	6		תַּעֲרֹ֖ץ	6206	HVqj2ms	062Kt
1	9	7		וְ/אַל	c/408	HC/Tn	06RmH
1	9	8		תֵּחָ֑ת	2865	HVNj2ms	06SWL
1	9	9		כִּ֤י	3588 a	HC	0675P
1	9	10		עִמְּ/ךָ֙	5973 a	HR/Sp2ms	063Lj
1	9	11		יְהוָ֣ה	3068	HNp	06Qa3
1	9	12		אֱלֹהֶ֔י/ךָ	430	HNcmpc/Sp2ms	06WTe
1	9	13		בְּ/כֹ֖ל	b/3605	HR/Ncmsa	066VM
1	9	14		אֲשֶׁ֥ר	834 a	HTr	06sKn
1	9	15		תֵּלֵֽךְ	3212	HVqi2ms	06oAj
1	10	1		וַ/יְצַ֣ו	c/6680	HC/Vpw3ms	06AxB
1	10	2		יְהוֹשֻׁ֔עַ	3091	HNp	06Ap3
1	10	3		אֶת	853	HTo	06CEu
1	10	4		שֹׁטְרֵ֥י	7860	HNcmpc	06zpy
1	10	5		הָ/עָ֖ם	d/5971 a	HTd/Ncmsa	06FiN
1	10	6		לֵ/אמֹֽר	l/559	HR/Vqc	06cLk
1	11	1		עִבְר֣וּ	5674 a	HVqv2mp	0692v
1	11	2		בְּ/קֶ֣רֶב	b/7130	HR/Ncmsc	06j63
1	11	3		הַֽ/מַּחֲנֶ֗ה	d/4264	HTd/Ncbsa	06LFW
1	11	4		וְ/צַוּ֤וּ	c/6680	HC/Vpv2mp	06FbT
1	11	5		אֶת	853	HTo	06Bx7
1	11	6		הָ/עָם֙	d/5971 a	HTd/Ncmsa	06btu
1	11	7		לֵ/אמֹ֔ר	l/559	HR/Vqc	06rTK
1	11	8		הָכִ֥ינוּ	3559 a	HVhv2mp	06SHw
1	11	9		לָ/כֶ֖ם	l	HR/Sp2mp	06VuH
1	11	10		צֵידָ֑ה	6720	HNcbsa	06Axb
1	11	11		כִּ֞י	3588 a	HC	06xva
1	11	12		בְּ/ע֣וֹד	b/5750	HR/D	06NrT
1	11	13		שְׁלֹ֣שֶׁת	7969	HAcmsc	06iAD
1	11	14		יָמִ֗ים	3117	HNcmpa	06372
1	11	15		אַתֶּם֙	859 d	HPp2mp	06FMU
1	11	16		עֹֽבְרִים֙	5674 a	HVqrmpa	06SaV
1	11	17		אֶת	853	HTo	064W9
1	11	18		הַ/יַּרְדֵּ֣ן	d/3383	HTd/Np	06MmM
1	11	19		הַ/זֶּ֔ה	d/2088	HTd/Pdxms	06wJn
1	11	20		לָ/בוֹא֙	l/935	HR/Vqc	06CQo
1	11	21		לָ/רֶ֣שֶׁת	l/3423	HR/Vqc	06XyU
1	11	22		אֶת	853	HTo	06BG4
1	11	23		הָ/אָ֔רֶץ	d/776	HTd/Ncbsa	06YHH
1	11	24		אֲשֶׁר֙	834 a	HTr	06sHf
1	11	25		יְהוָ֣ה	3068	HNp	06iee
1	11	26		אֱלֹֽהֵי/כֶ֔ם	430	HNcmpc/Sp2mp	063eS
1	11	27		נֹתֵ֥ן	5414	HVqrmsa	06ddd
1	11	28		לָ/כֶ֖ם	l	HR/Sp2mp	06hxo
1	11	29		לְ/רִשְׁתָּֽ/הּ	l/3423	HR/Vqc/Sp3fs	06TW6
1	12	1		וְ/לָ/רֽאוּבֵנִי֙	c/l/7206	HC/Rd/Ngmsa	06PVx
1	12	2		וְ/לַ/גָּדִ֔י	c/l/1425	HC/Rd/Ngmsa	06PGK
1	12	3		וְ/לַ/חֲצִ֖י	c/l/2677	HC/R/Ncmsc	06U4a
1	12	4		שֵׁ֣בֶט	7626	HNcmsc	06dSQ
1	12	5		הַֽ/מְנַשֶּׁ֑ה	d/4519	HTd/Np	06Qbs
1	12	6		אָמַ֥ר	559	HVqp3ms	06ndZ
1	12	7		יְהוֹשֻׁ֖עַ	3091	HNp	06Xa1
1	12	8		לֵ/אמֹֽר	l/559	HR/Vqc	063yJ
1	13	1		זָכוֹר֙	2142	HVqa	06B6c
1	13	2		אֶת	853	HTo	06bju
1	13	3		הַ/דָּבָ֔ר	d/1697	HTd/Ncmsa	06cn3
1	13	4		אֲשֶׁ֨ר	834 a	HTr	067mS
1	13	5		צִוָּ֥ה	6680	HVpp3ms	06dJe
1	13	6		אֶתְ/כֶ֛ם	853	HTo/Sp2mp	06WvG
1	13	7		מֹשֶׁ֥ה	4872	HNp	06RXg
1	13	8		עֶֽבֶד	5650	HNcmsc	06pqY
1	13	9		יְהוָ֖ה	3068	HNp	06n9v
1	13	10		לֵ/אמֹ֑ר	l/559	HR/Vqc	06gYe
1	13	11		יְהוָ֤ה	3068	HNp	06eXj
1	13	12		אֱלֹהֵי/כֶם֙	430	HNcmpc/Sp2mp	068ro
1	13	13		מֵנִ֣יחַ	5117	HVhrmsa	06v5z
1	13	14		לָ/כֶ֔ם	l	HR/Sp2mp	06bCC
1	13	15		וְ/נָתַ֥ן	c/5414	HC/Vqq3ms	066By
1	13	16		לָ/כֶ֖ם	l	HR/Sp2mp	06CZB
1	13	17		אֶת	853	HTo	06VTb
1	13	18		הָ/אָ֥רֶץ	d/776	HTd/Ncbsa	066qf
1	13	19		הַ/זֹּֽאת	d/2063	HTd/Pdxfs	06efz
1	14	1		נְשֵׁי/כֶ֣ם	802	HNcfpc/Sp2mp	06QG5
1	14	2		טַפְּ/כֶם֮	2945	HNcmsc/Sp2mp	063k3
1	14	3		וּ/מִקְנֵי/כֶם֒	c/4735	HC/Ncmpc/Sp2mp	061rL
1	14	4		יֵשְׁב֕וּ	3427	HVqi3mp	06W2c
1	14	5		בָּ/אָ֕רֶץ	b/776	HRd/Ncbsa	06mL3
1	14	6		אֲשֶׁ֨ר	834 a	HTr	06zfc
1	14	7		נָתַ֥ן	5414	HVqp3ms	06sYp
1	14	8		לָ/כֶ֛ם	l	HR/Sp2mp	06GvF
1	14	9		מֹשֶׁ֖ה	4872	HNp	06dAC
1	14	10		בְּ/עֵ֣בֶר	b/5676	HR/Ncmsc	06i4W
1	14	11		הַ/יַּרְדֵּ֑ן	d/3383	HTd/Np	06chR
1	14	12		וְ/אַתֶּם֩	c/859 d	HC/Pp2mp	06Ddq
1	14	13		תַּעַבְר֨וּ	5674 a	HVqi2mp	06dSp
1	14	14		חֲמֻשִׁ֜ים	2571	HVqsmpa	06ecS
1	14	15		לִ/פְנֵ֣י	l/6440	HR/Ncbpc	062tG
1	14	16		אֲחֵי/כֶ֗ם	251	HNcmpc/Sp2mp	06Xzm
1	14	17		כֹּ֚ל	3605	HNcmsc	06CCj
1	14	18		גִּבּוֹרֵ֣י	1368	HAampc	06gV8
1	14	19		הַ/חַ֔יִל	d/2428	HTd/Ncmsa	06Czz
1	14	20		וַ/עֲזַרְתֶּ֖ם	c/5826	HC/Vqq2mp	06uXX
1	14	21		אוֹתָֽ/ם	853	HTo/Sp3mp	06xCL
1	15	1		עַ֠ד	5704	HR	06Qnr
1	15	2		אֲשֶׁר	834 a	HTr	066kU
1	15	3		יָנִ֨יחַ	5117	HVhi3ms	06qry
1	15	4		יְהוָ֥ה	3068	HNp	06bvP
1	15	5		לַֽ/אֲחֵי/כֶם֮	l/251	HR/Ncmpc/Sp2mp	06wjj
1	15	6		כָּ/כֶם֒	k	HR/Sp2mp	06Tn7
1	15	7		וְ/יָרְשׁ֣וּ	c/3423	HC/Vqq3cp	06hEs
1	15	8		גַם	1571	HD	06xAF
1	15	9		הֵ֔מָּה	1992	HPp3mp	06qg1
1	15	10		אֶת	853	HTo	066w9
1	15	11		הָ/אָ֕רֶץ	d/776	HTd/Ncbsa	06wA4
1	15	12		אֲשֶׁר	834 a	HTr	06ibe
1	15	13		יְהוָ֥ה	3068	HNp	06v8V
1	15	14		אֱלֹֽהֵי/כֶ֖ם	430	HNcmpc/Sp2mp	06T2S
1	15	15		נֹתֵ֣ן	5414	HVqrmsa	06tkJ
1	15	16		לָ/הֶ֑ם	l	HR/Sp3mp	06EXL
1	15	17		וְ/שַׁבְתֶּ֞ם	c/7725	HC/Vqq2mp	06ZPN
1	15	18		לְ/אֶ֤רֶץ	l/776	HR/Ncbsc	06q1G
1	15	19		יְרֻשַּׁתְ/כֶם֙	3425	HNcfsc/Sp2mp	06bYD
1	15	20		וִֽ/ירִשְׁתֶּ֣ם	c/3423	HC/Vqq2mp	06v2F
1	15	21		אוֹתָ֔/הּ	853	HTo/Sp3fs	067vt
1	15	22		אֲשֶׁ֣ר	834 a	HTr	06kDm
1	15	23		נָתַ֣ן	5414	HVqp3ms	06doW
1	15	24		לָ/כֶ֗ם	l	HR/Sp2mp	06eRa
1	15	25		מֹשֶׁה֙	4872	HNp	06kDf
1	15	26		עֶ֣בֶד	5650	HNcmsc	0663G
1	15	27		יְהוָ֔ה	3068	HNp	06WPn
1	15	28		בְּ/עֵ֥בֶר	b/5676	HR/Ncmsc	061jv
1	15	29		הַ/יַּרְדֵּ֖ן	d/3383	HTd/Np	06cK8
1	15	30		מִזְרַ֥ח	4217	HNcmsc	06DDb
1	15	31		הַ/שָּֽׁמֶשׁ	d/8121	HTd/Ncbsa	06RCg
1	16	1		וַֽ/יַּעֲנ֔וּ	c/6030 b	HC/Vqw3mp	065KE
1	16	2		אֶת	853	HTo	06qVd
1	16	3		יְהוֹשֻׁ֖עַ	3091	HNp	06koG
1	16	4		לֵ/אמֹ֑ר	l/559	HR/Vqc	06e6B
1	16	5		כֹּ֤ל	3605	HNcmsa	068GY
1	16	6		אֲשֶׁר	834 a	HTr	06GpK
1	16	7		צִוִּיתָ֨/נוּ֙	6680	HVpp2ms/Sp1cp	0668C
1	16	8		נַֽעֲשֶׂ֔ה	6213 a	HVqi1cp	06CMz
1	16	9		וְ/אֶֽל	c/413	HC/R	06D4c
1	16	10		כָּל	3605	HNcmsc	06ta1
1	16	11		אֲשֶׁ֥ר	834 a	HTr	06JnD
1	16	12		תִּשְׁלָחֵ֖/נוּ	7971	HVqi2ms/Sp1cp	06jfz
1	16	13		נֵלֵֽךְ	3212	HVqi1cp	06ErQ
1	17	1		כְּ/כֹ֤ל	k/3605	HR/Ncmsa	064fv
1	17	2		אֲשֶׁר	834 a	HTr	06yDv
1	17	3		שָׁמַ֨עְנוּ֙	8085	HVqp1cp	06jyT
1	17	4		אֶל	413	HR	06Unh
1	17	5		מֹשֶׁ֔ה	4872	HNp	06QH2
1	17	6		כֵּ֖ן	3651 c	HTm	06xxn
1	17	7		נִשְׁמַ֣ע	8085	HVqi1cp	06ou4
1	17	8		אֵלֶ֑י/ךָ	413	HR/Sp2ms	063KZ
1	17	9		רַ֠ק	7535	HTa	06jNE
1	17	10		יִֽהְיֶ֞ה	1961	HVqi3ms	06hj3
1	17	11		יְהוָ֤ה	3068	HNp	06iDs
1	17	12		אֱלֹהֶ֨י/ךָ֙	430	HNcmpc/Sp2ms	066Lo
1	17	13		עִמָּ֔/ךְ	5973 a	HR/Sp2fs	06JZq
1	17	14		כַּ/אֲשֶׁ֥ר	k/834 d	HR/Tr	06ZpQ
1	17	15		הָיָ֖ה	1961	HVqp3ms	069gS
1	17	16		עִם	5973 a	HR	06LAe
1	17	17		מֹשֶֽׁה	4872	HNp	06qK3
1	18	1		כָּל	3605	HNcmsc	061Cv
1	18	2		אִ֞ישׁ	376	HNcmsa	06PBQ
1	18	3		אֲשֶׁר	834 a	HTr	06mr5
1	18	4		יַמְרֶ֣ה	4784	HVhi3ms	06QDu
1	18	5		אֶת	853	HTo	06PbY
1	18	6		פִּ֗י/ךָ	6310	HNcmsc/Sp2ms	06Ew6
1	18	7		וְ/לֹֽא	c/3808	HC/Tn	0674R
1	18	8		יִשְׁמַ֧ע	8085	HVqi3ms	066zt
1	18	9		אֶת	853	HTo	06zEm
1	18	10		דְּבָרֶ֛י/ךָ	1697	HNcmpc/Sp2ms	062dm
1	18	11		לְ/כֹ֥ל	l/3605	HR/Ncmsa	06uYh
1	18	12		אֲשֶׁר	834 a	HTr	06YxK
1	18	13		תְּצַוֶּ֖/נּוּ	6680	HVpi2ms/Sp3ms	06aSJ
1	18	14		יוּמָ֑ת	4191	HVHi3ms	06Kz2
1	18	15		רַ֖ק	7535	HTa	06YhQ
1	18	16		חֲזַ֥ק	2388	HVqv2ms	06azZ
1	18	17		וֶ/אֱמָֽץ	c/553	HC/Vqv2ms	06oiy
2	1	1		וַ/יִּשְׁלַ֣ח	c/7971	HC/Vqw3ms	06gPX
2	1	2		יְהוֹשֻׁ֣עַ	3091	HNp	06gtq
2	1	3		בִּן	1121 a	HNcmsc	06HSQ
2	1	4		נ֠וּן	5126	HNp	06fbB
2	1	5		מִֽן	4480 a	HR	06k1L
2	1	6		הַ/שִּׁטִּ֞ים	d/7851	HTd/Np	062tS
2	1	7		שְׁנַֽיִם	8147	HAcmda	06EVu
2	1	8		אֲנָשִׁ֤ים	376	HNcmpa	06ygU
2	1	9		מְרַגְּלִים֙	7270	HVprmpa	06swV
2	1	10		חֶ֣רֶשׁ	2791 a	HNcmsa	06HjU
2	1	11		לֵ/אמֹ֔ר	l/559	HR/Vqc	06d3U
2	1	12		לְכ֛וּ	3212	HVqv2mp	06NtK
2	1	13		רְא֥וּ	7200	HVqv2mp	06U94
2	1	14		אֶת	853	HTo	06zqr
2	1	15		הָ/אָ֖רֶץ	d/776	HTd/Ncbsa	066JA
2	1	16		וְ/אֶת	c/853	HC/To	06JyD
2	1	17		יְרִיח֑וֹ	3405	HNp	06jjy
2	1	18		וַ/יֵּ֨לְכ֜וּ	c/3212	HC/Vqw3mp	0679E
2	1	19		וַ֠/יָּבֹאוּ	c/935	HC/Vqw3mp	06Zuo
2	1	20		בֵּית	1004 b	HNcmsc	06LXS
2	1	21		אִשָּׁ֥ה	802	HNcfsa	06mR4
2	1	22		זוֹנָ֛ה	2181	HVqrfsa	06MC8
2	1	23		וּ/שְׁמָ֥/הּ	c/8034	HC/Ncmsc/Sp3fs	06BnR
2	1	24		רָחָ֖ב	7343	HNp	06PUg
2	1	25		וַ/יִּשְׁכְּבוּ	c/7901	HC/Vqw3mp	06pUN
2	1	26		שָֽׁמָּ/ה	8033	HD/Sd	06gc8
2	2	1		וַ/יֵּ֣אָמַ֔ר	c/559	HC/VNw3ms	06Lsp
2	2	2		לְ/מֶ֥לֶךְ	l/4428	HR/Ncmsc	06SAE
2	2	3		יְרִיח֖וֹ	3405	HNp	063gY
2	2	4		לֵ/אמֹ֑ר	l/559	HR/Vqc	06RuM
2	2	5		הִנֵּ֣ה	2009	HTm	06WFU
2	2	6		אֲ֠נָשִׁים	376	HNcmpa	06BJv
2	2	7		בָּ֣אוּ	935	HVqp3cp	06ExP
2	2	8		הֵ֧נָּה	2008	HD	06ypu
2	2	9		הַ/לַּ֛יְלָה	d/3915	HTd/Ncmsa	06mP3
2	2	10		מִ/בְּנֵ֥י	m/1121 a	HR/Ncmpc	06V8b
2	2	11		יִשְׂרָאֵ֖ל	3478	HNp	06suQ
2	2	12		לַ/חְפֹּ֥ר	l/2658	HR/Vqc	061Su
2	2	13		אֶת	853	HTo	06MEz
2	2	14		הָ/אָֽרֶץ	d/776	HTd/Ncbsa	06Q2u
2	3	1		וַ/יִּשְׁלַח֙	c/7971	HC/Vqw3ms	06yT5
2	3	2		מֶ֣לֶךְ	4428	HNcmsc	06b5Q
2	3	3		יְרִיח֔וֹ	3405	HNp	06F88
2	3	4		אֶל	413	HR	06AXb
2	3	5		רָחָ֖ב	7343	HNp	06Wjz
2	3	6		לֵ/אמֹ֑ר	l/559	HR/Vqc	06bPJ
2	3	7		ה֠וֹצִיאִי	3318	HVhv2fs	06hS1
2	3	8		הָ/אֲנָשִׁ֨ים	d/376	HTd/Ncmpa	06h53
2	3	9		הַ/בָּאִ֤ים	d/935	HTd/Vqrmpa	06vpK
2	3	10		אֵלַ֨יִ/ךְ֙	413	HR/Sp2fs	06G6E
2	3	11		אֲשֶׁר	834 a	HTr	064vX
2	3	12		בָּ֣אוּ	935	HVqp3cp	06X1R
2	3	13		לְ/בֵיתֵ֔/ךְ	l/1004 b	HR/Ncmsc/Sp2fs	06bsu
2	3	14		כִּ֛י	3588 a	HC	06Ygn
2	3	15		לַ/חְפֹּ֥ר	l/2658	HR/Vqc	062gM
2	3	16		אֶת	853	HTo	06pAw
2	3	17		כָּל	3605	HNcmsc	06mVV
2	3	18		הָ/אָ֖רֶץ	d/776	HTd/Ncbsa	06FMa
2	3	19		בָּֽאוּ	935	HVqp3cp	06KPU
2	4	1		וַ/תִּקַּ֧ח	c/3947	HC/Vqw3fs	06ki2
2	4	2		הָֽ/אִשָּׁ֛ה	d/802	HTd/Ncfsa	065pZ
2	4	3		אֶת	853	HTo	06HWo
2	4	4		שְׁנֵ֥י	8147	HAcmdc	06zkA
2	4	5		הָ/אֲנָשִׁ֖ים	d/376	HTd/Ncmpa	06JMT
2	4	6		וַֽ/תִּצְפְּנ֑/וֹ	c/6845	HC/Vqw3fs/Sp3ms	06jEX
2	4	7		וַ/תֹּ֣אמֶר	c/559	HC/Vqw3fs	06uUA
2	4	8		כֵּ֗ן	3651 a	HTm	06tKf
2	4	9		בָּ֤אוּ	935	HVqp3cp	06awE
2	4	10		אֵלַ/י֙	413	HR/Sp1cs	06yNT
2	4	11		הָֽ/אֲנָשִׁ֔ים	d/376	HTd/Ncmpa	06Azu
2	4	12		וְ/לֹ֥א	c/3808	HC/Tn	06884
2	4	13		יָדַ֖עְתִּי	3045	HVqp1cs	06XMu
2	4	14		מֵ/אַ֥יִן	m/370	HR/Ti	06mrn
2	4	15		הֵֽמָּה	1992	HPp3mp	06Xh9
2	5	1		וַ/יְהִ֨י	c/1961	HC/Vqw3ms	06D3a
2	5	2		הַ/שַּׁ֜עַר	d/8179	HTd/Ncmsa	06wEr
2	5	3		לִ/סְגּ֗וֹר	l/5462	HR/Vqc	06Rvc
2	5	4		בַּ/חֹ֨שֶׁךְ֙	b/2822	HRd/Ncmsa	06c6V
2	5	5		וְ/הָ/אֲנָשִׁ֣ים	c/d/376	HC/Td/Ncmpa	068eM
2	5	6		יָצָ֔אוּ	3318	HVqp3cp	06xkK
2	5	7		לֹ֣א	3808	HTn	06rGa
2	5	8		יָדַ֔עְתִּי	3045	HVqp1cs	06fp1
2	5	9		אָ֥נָה	575	HD	06Y9g
2	5	10		הָלְכ֖וּ	1980	HVqp3cp	06mGU
2	5	11		הָֽ/אֲנָשִׁ֑ים	d/376	HTd/Ncmpa	06gBW
2	5	12		רִדְפ֥וּ	7291	HVqv2mp	06eLD
2	5	13		מַהֵ֛ר	4118 b	HVpa	0693F
2	5	14		אַחֲרֵי/הֶ֖ם	310 a	HR/Sp3mp	06eyL
2	5	15		כִּ֥י	3588 a	HC	06pm7
2	5	16		תַשִּׂיגֽוּ/ם	5381	HVhi2mp/Sp3mp	06teU
2	6	1		וְ/הִ֖יא	c/1931	HC/Pp3fs	06c58
2	6	2		הֶעֱלָ֣תַ/ם	5927	HVhp3fs/Sp3mp	06MRA
2	6	3		הַ/גָּ֑גָ/ה	d/1406	HTd/Ncmsa/Sd	06xp4
2	6	4		וַֽ/תִּטְמְנֵ/ם֙	c/2934	HC/Vqw3fs/Sp3mp	06Hki
2	6	5		בְּ/פִשְׁתֵּ֣י	b/6593	HR/Ncmpc	06QvZ
2	6	6		הָ/עֵ֔ץ	d/6086	HTd/Ncmsa	06S38
2	6	7		הָ/עֲרֻכ֥וֹת	d/6186 a	HTd/Vqsfpa	06eN1
2	6	8		לָ֖/הּ	l	HR/Sp3fs	06HoD
2	6	9		עַל	5921 a	HR	06P5s
2	6	10		הַ/גָּֽג	d/1406	HTd/Ncmsa	065QX
2	7	1		וְ/הָ/אֲנָשִׁ֗ים	c/d/376	HC/Td/Ncmpa	06Mxy
2	7	2		רָדְפ֤וּ	7291	HVqp3cp	06w6u
2	7	3		אַֽחֲרֵי/הֶם֙	310 a	HR/Sp3mp	06e3z
2	7	4		דֶּ֣רֶךְ	1870	HNcbsc	062c6
2	7	5		הַ/יַּרְדֵּ֔ן	d/3383	HTd/Np	063RL
2	7	6		עַ֖ל	5921 a	HR	06JUf
2	7	7		הַֽ/מַּעְבְּר֑וֹת	d/4569 b	HTd/Ncfpa	06ce9
2	7	8		וְ/הַ/שַּׁ֣עַר	c/d/8179	HC/Td/Ncmsa	06dPK
2	7	9		סָגָ֔רוּ	5462	HVqp3cp	06vLv
2	7	10		אַחֲרֵ֕י	310 a	HR	06UrG
2	7	11		כַּ/אֲשֶׁ֛ר	k/834 d	HR/Tr	06Sxc
2	7	12		יָצְא֥וּ	3318	HVqp3cp	06xwN
2	7	13		הָ/רֹדְפִ֖ים	d/7291	HTd/Vqrmpa	06GjY
2	7	14		אַחֲרֵי/הֶֽם	310 a	HR/Sp3mp	06KNo
2	8	1		וְ/הֵ֖מָּה	c/1992	HC/Pp3mp	06NLD
2	8	2		טֶ֣רֶם	2962	HD	06GUh
2	8	3		יִשְׁכָּב֑וּ/ן	7901	HVqi3mp/Sn	065aF
2	8	4		וְ/הִ֛יא	c/1931	HC/Pp3fs	06taY
2	8	5		עָלְתָ֥ה	5927	HVqp3fs	06EZz
2	8	6		עֲלֵי/הֶ֖ם	5921 a	HR/Sp3mp	06Hnw
2	8	7		עַל	5921 a	HR	06pXi
2	8	8		הַ/גָּֽג	d/1406	HTd/Ncmsa	06Nq4
2	9	1		וַ/תֹּ֨אמֶר֙	c/559	HC/Vqw3fs	06rZH
2	9	2		אֶל	413	HR	06GtT
2	9	3		הָ֣/אֲנָשִׁ֔ים	d/376	HTd/Ncmpa	06kwz
2	9	4		יָדַ֕עְתִּי	3045	HVqp1cs	06tc4
2	9	5		כִּֽי	3588 a	HC	06CMD
2	9	6		נָתַ֧ן	5414	HVqp3ms	065eq
2	9	7		יְהוָ֛ה	3068	HNp	06Cj2
2	9	8		לָ/כֶ֖ם	l	HR/Sp2mp	06Ttm
2	9	9		אֶת	853	HTo	066Vi
2	9	10		הָ/אָ֑רֶץ	d/776	HTd/Ncbsa	06V8W
2	9	11		וְ/כִֽי	c/3588 a	HC/C	06zg2
2	9	12		נָפְלָ֤ה	5307	HVqp3fs	06gXh
2	9	13		אֵֽימַתְ/כֶם֙	367	HNcfsc/Sp2mp	063iR
2	9	14		עָלֵ֔י/נוּ	5921 a	HR/Sp1cp	06RoG
2	9	15		וְ/כִ֥י	c/3588 a	HC/C	06jP7
2	9	16		נָמֹ֛גוּ	4127	HVNp3cp	06vCn
2	9	17		כָּל	3605	HNcmsc	06jv3
2	9	18		יֹשְׁבֵ֥י	3427	HVqrmpc	06ggL
2	9	19		הָ/אָ֖רֶץ	d/776	HTd/Ncbsa	06MVq
2	9	20		מִ/פְּנֵי/כֶֽם	m/6440	HR/Ncbpc/Sp2mp	06g1y
2	10	1		כִּ֣י	3588 a	HC	06CBH
2	10	2		שָׁמַ֗עְנוּ	8085	HVqp1cp	063t6
2	10	3		אֵ֠ת	853	HTo	06g33
2	10	4		אֲשֶׁר	834 a	HTr	06LDn
2	10	5		הוֹבִ֨ישׁ	3001	HVhp3ms	063jG
2	10	6		יְהוָ֜ה	3068	HNp	06WDP
2	10	7		אֶת	853	HTo	06eeF
2	10	8		מֵ֤י	4325	HNcmpc	06idA
2	10	9		יַם	3220	HNcmsc	06Z4D
2	10	10		סוּף֙	5488	HNcmsa	06VMC
2	10	11		מִ/פְּנֵי/כֶ֔ם	m/6440	HR/Ncbpc/Sp2mp	06K8W
2	10	12		בְּ/צֵאתְ/כֶ֖ם	b/3318	HR/Vqc/Sp2mp	066RX
2	10	13		מִ/מִּצְרָ֑יִם	m/4714	HR/Np	06bYm
2	10	14		וַ/אֲשֶׁ֣ר	c/834 a	HC/Tr	06M7H
2	10	15		עֲשִׂיתֶ֡ם	6213 a	HVqp2mp	06gcK
2	10	16		לִ/שְׁנֵי֩	l/8147	HR/Acmdc	06p7s
2	10	17		מַלְכֵ֨י	4428	HNcmpc	06ZBR
2	10	18		הָ/אֱמֹרִ֜י	d/567	HTd/Ngmsa	06ACh
2	10	19		אֲשֶׁ֨ר	834 a	HTr	06mnL
2	10	20		בְּ/עֵ֤בֶר	b/5676	HR/Ncmsc	0689r
2	10	21		הַ/יַּרְדֵּן֙	d/3383	HTd/Np	06GmF
2	10	22		לְ/סִיחֹ֣ן	l/5511	HR/Np	06fcv
2	10	23		וּ/לְ/ע֔וֹג	c/l/5747	HC/R/Np	06knb
2	10	24		אֲשֶׁ֥ר	834 a	HTr	06Qpj
2	10	25		הֶחֱרַמְתֶּ֖ם	2763 a	HVhp2mp	06MDS
2	10	26		אוֹתָֽ/ם	853	HTo/Sp3mp	06YBx
2	11	1		וַ/נִּשְׁמַע֙	c/8085	HC/Vqw1cp	06kMZ
2	11	2		וַ/יִּמַּ֣ס	c/4549	HC/VNw3ms	06uqC
2	11	3		לְבָבֵ֔/נוּ	3824	HNcmsc/Sp1cp	06VY5
2	11	4		וְ/לֹא	c/3808	HC/Tn	06WJY
2	11	5		קָ֨מָה	6965 b	HVqp3fs	06brh
2	11	6		ע֥וֹד	5750	HD	06w1U
2	11	7		ר֛וּחַ	7307	HNcbsa	06aqT
2	11	8		בְּ/אִ֖ישׁ	b/376	HR/Ncmsa	06zXi
2	11	9		מִ/פְּנֵי/כֶ֑ם	m/6440	HR/Ncbpc/Sp2mp	06H8a
2	11	10		כִּ֚י	3588 a	HC	06Sjh
2	11	11		יְהוָ֣ה	3068	HNp	06oYp
2	11	12		אֱלֹֽהֵי/כֶ֔ם	430	HNcmpc/Sp2mp	06Pht
2	11	13		ה֤וּא	1931	HPp3ms	06idy
2	11	14		אֱלֹהִים֙	430	HNcmpa	06PU6
2	11	15		בַּ/שָּׁמַ֣יִם	b/8064	HRd/Ncmpa	06FCP
2	11	16		מִ/מַּ֔עַל	m/4605	HR/D	06YuY
2	11	17		וְ/עַל	c/5921 a	HC/R	068Js
2	11	18		הָ/אָ֖רֶץ	d/776	HTd/Ncbsa	06FyK
2	11	19		מִ/תָּֽחַת	m/8478	HR/R	06XjR
2	12	1		וְ/עַתָּ֗ה	c/6258	HC/D	06jaD
2	12	2		הִשָּֽׁבְעוּ	7650	HVNv2mp	06W7V
2	12	3		נָ֥א	4994	HTe	06U2Y
2	12	4		לִ/י֙	l	HR/Sp1cs	068na
2	12	5		בַּֽ/יהוָ֔ה	b/3068	HR/Np	06sgw
2	12	6		כִּי	3588 a	HC	06MDX
2	12	7		עָשִׂ֥יתִי	6213 a	HVqp1cs	06pPp
2	12	8		עִמָּ/כֶ֖ם	5973 a	HR/Sp2mp	06ieN
2	12	9		חָ֑סֶד	2617 a	HNcmsa	06Csj
2	12	10		וַ/עֲשִׂיתֶ֨ם	c/6213 a	HC/Vqq2mp	06rHn
2	12	11		גַּם	1571	HTa	06ViB
2	12	12		אַתֶּ֜ם	859 d	HPp2mp	06CFo
2	12	13		עִם	5973 a	HR	065Ja
2	12	14		בֵּ֤ית	1004 b	HNcmsc	06UXS
2	12	15		אָבִ/י֙	1	HNcmsc/Sp1cs	06YQ8
2	12	16		חֶ֔סֶד	2617 a	HNcmsa	06Abd
2	12	17		וּ/נְתַתֶּ֥ם	c/5414	HC/Vqq2mp	062UV
2	12	18		לִ֖/י	l	HR/Sp1cs	06ZtS
2	12	19		א֥וֹת	226	HNcbsc	06gMU
2	12	20		אֱמֶֽת	571	HNcfsa	06nWb
2	13	1		וְ/הַחֲיִתֶ֞ם	c/2421	HC/Vhq2mp	06GXk
2	13	2		אֶת	853	HTo	06TZa
2	13	3		אָבִ֣/י	1	HNcmsc/Sp1cs	065qp
2	13	4		וְ/אֶת	c/853	HC/To	06uHZ
2	13	5		אִמִּ֗/י	517	HNcfsc/Sp1cs	06pAL
2	13	6		וְ/אֶת	c/853	HC/To	06hSr
2	13	7		אַחַ/י֙	251	HNcmpc/Sp1cs	06ZMk
2	13	8		וְ/אֶת	c/853	HC/To	06irW
2	13	9	x-ketiv	אחות/י	269	HNcfsc/Sp1cs	06x72
2	13	10		אַחְיוֹתַ֔/י	269	HNcfpc/Sp1cs	06FYV
2	13	11		וְ/אֵ֖ת	c/853	HC/To	06Uoo
2	13	12		כָּל	3605	HNcmsc	06sC3
2	13	13		אֲשֶׁ֣ר	834 a	HTr	064CS
2	13	14		לָ/הֶ֑ם	l	HR/Sp3mp	066n2
2	13	15		וְ/הִצַּלְתֶּ֥ם	c/5337	HC/Vhq2mp	06HqY
2	13	16		אֶת	853	HTo	06BFZ
2	13	17		נַפְשֹׁתֵ֖י/נוּ	5315	HNcbpc/Sp1cp	06shy
2	13	18		מִ/מָּֽוֶת	m/4194	HR/Ncmsa	06nzj
2	14	1		וַ/יֹּ֧אמְרוּ	c/559	HC/Vqw3mp	06vpT
2	14	2		לָ֣/הּ	l	HR/Sp3fs	063Sx
2	14	3		הָ/אֲנָשִׁ֗ים	d/376	HTd/Ncmpa	06qVv
2	14	4		נַפְשֵׁ֤/נוּ	5315	HNcbsc/Sp1cp	06Kov
2	14	5		תַחְתֵּי/כֶם֙	8478	HR/Sp2mp	06HNy
2	14	6		לָ/מ֔וּת	l/4191	HR/Vqc	06Ta6
2	14	7		אִ֚ם	518 a	HC	06ER2
2	14	8		לֹ֣א	3808	HTn	06yP1
2	14	9		תַגִּ֔ידוּ	5046	HVhi2mp	06w4T
2	14	10		אֶת	853	HTo	06Cyx
2	14	11		דְּבָרֵ֖/נוּ	1697	HNcmsc/Sp1cp	06qTT
2	14	12		זֶ֑ה	2088	HPdxms	06m55
2	14	13		וְ/הָיָ֗ה	c/1961	HC/Vqq3ms	06AF1
2	14	14		בְּ/תֵת	b/5414	HR/Vqc	065ED
2	14	15		יְהוָ֥ה	3068	HNp	06zCS
2	14	16		לָ֨/נוּ֙	l	HR/Sp1cp	06LsC
2	14	17		אֶת	853	HTo	06B4x
2	14	18		הָ/אָ֔רֶץ	d/776	HTd/Ncbsa	06JB6
2	14	19		וְ/עָשִׂ֥ינוּ	c/6213 a	HC/Vqq1cp	06LzS
2	14	20		עִמָּ֖/ךְ	5973 a	HR/Sp2fs	0683E
2	14	21		חֶ֥סֶד	2617 a	HNcmsa	06hQD
2	14	22		וֶ/אֱמֶֽת	c/571	HC/Ncfsa	06LZD
2	15	1		וַ/תּוֹרִדֵ֥/ם	c/3381	HC/Vhw3fs/Sp3mp	066bH
2	15	2		בַּ/חֶ֖בֶל	b/2256 a	HRd/Ncbsa	06Ekx
2	15	3		בְּעַ֣ד	1157	HR	06PG7
2	15	4		הַֽ/חַלּ֑וֹן	d/2474	HTd/Ncbsa	06EL8
2	15	5		כִּ֤י	3588 a	HC	06ufm
2	15	6		בֵיתָ/הּ֙	1004 b	HNcmsc/Sp3fs	06XSi
2	15	7		בְּ/קִ֣יר	b/7023	HR/Ncmsc	06ELV
2	15	8		הַֽ/חוֹמָ֔ה	d/2346	HTd/Ncfsa	06Y6w
2	15	9		וּ/בַֽ/חוֹמָ֖ה	c/b/2346	HC/Rd/Ncfsa	06qLR
2	15	10		הִ֥יא	1931	HPp3fs	06vfq
2	15	11		יוֹשָֽׁבֶת	3427	HVqrfsa	06Qsx
2	16	1		וַ/תֹּ֤אמֶר	c/559	HC/Vqw3fs	068KZ
2	16	2		לָ/הֶם֙	l	HR/Sp3mp	06GXq
2	16	3		הָ/הָ֣רָ/ה	d/2022	HTd/Ncmsa/Sd	06iCi
2	16	4		לֵּ֔כוּ	3212	HVqv2mp	06vwH
2	16	5		פֶּֽן	6435	HC	06dbM
2	16	6		יִפְגְּע֥וּ	6293	HVqi3mp	06Dqb
2	16	7		בָ/כֶ֖ם	b	HR/Sp2mp	06kCD
2	16	8		הָ/רֹדְפִ֑ים	d/7291	HTd/Vqrmpa	06XgW
2	16	9		וְ/נַחְבֵּתֶ֨ם	c/2247	HC/VNq2mp	066PV
2	16	10		שָׁ֜מָּ/ה	8033	HD/Sd	06qGs
2	16	11		שְׁלֹ֣שֶׁת	7969	HAcmsc	06w7p
2	16	12		יָמִ֗ים	3117	HNcmpa	06k7H
2	16	13		עַ֚ד	5704	HR	06r6F
2	16	14		שׁ֣וֹב	7725	HVqa	06Ugz
2	16	15		הָ/רֹֽדְפִ֔ים	d/7291	HTd/Vqrmpa	06Mjg
2	16	16		וְ/אַחַ֖ר	c/310 a	HC/D	06mdR
2	16	17		תֵּלְכ֥וּ	3212	HVqj2mp	06eWA
2	16	18		לְ/דַרְכְּ/כֶֽם	l/1870	HR/Ncbsc/Sp2mp	06CqN
2	17	1		וַ/יֹּאמְר֥וּ	c/559	HC/Vqw3mp	06Cpt
2	17	2		אֵלֶ֖י/הָ	413	HR/Sp3fs	06aSi
2	17	3		הָ/אֲנָשִׁ֑ים	d/376	HTd/Ncmpa	067VU
2	17	4		נְקִיִּ֣ם	5355 a	HAampa	06eK3
2	17	5		אֲנַ֔חְנוּ	587	HPp1cp	06c63
2	17	6		מִ/שְּׁבֻעָתֵ֥/ךְ	m/7621	HR/Ncfsc/Sp2fs	06TuL
2	17	7		הַ/זֶּ֖ה	d/2088	HTd/Pdxms	06emQ
2	17	8		אֲשֶׁ֥ר	834 a	HTr	06uf4
2	17	9		הִשְׁבַּעְתָּֽ/נוּ	7650	HVhp2fs/Sp1cp	06jQv
2	18	1		הִנֵּ֛ה	2009	HTm	06ME1
2	18	2		אֲנַ֥חְנוּ	587	HPp1cp	06ht4
2	18	3		בָאִ֖ים	935	HVqrmpa	063Yo
2	18	4		בָּ/אָ֑רֶץ	b/776	HRd/Ncbsa	06pYb
2	18	5		אֶת	853	HTo	06g5u
2	18	6		תִּקְוַ֡ת	8615 a	HNcfsc	06w6U
2	18	7		חוּט֩	2339	HNcmsc	06ifL
2	18	8		הַ/שָּׁנִ֨י	d/8144	HTd/Ncmsa	06LZU
2	18	9		הַ/זֶּ֜ה	d/2088	HTd/Pdxms	06yHT
2	18	10		תִּקְשְׁרִ֗י	7194	HVqi2fs	069Dq
2	18	11		בַּֽ/חַלּוֹן֙	b/2474	HRd/Ncbsa	067Vg
2	18	12		אֲשֶׁ֣ר	834 a	HTr	063LR
2	18	13		הוֹרַדְתֵּ֣/נוּ	3381	HVhp2fs/Sp1cp	06vdQ
2	18	14		ב֔/וֹ	b	HR/Sp3ms	06zAa
2	18	15		וְ/אֶת	c/853	HC/To	06HK3
2	18	16		אָבִ֨י/ךְ	1	HNcmsc/Sp2fs	06sCi
2	18	17		וְ/אֶת	c/853	HC/To	06S3d
2	18	18		אִמֵּ֜/ךְ	517	HNcfsc/Sp2fs	06RFe
2	18	19		וְ/אֶת	c/853	HC/To	06PfQ
2	18	20		אַחַ֗יִ/ךְ	251	HNcmpc/Sp2fs	06AwN
2	18	21		וְ/אֵת֙	c/853	HC/To	06khc
2	18	22		כָּל	3605	HNcmsc	06kYA
2	18	23		בֵּ֣ית	1004 b	HNcmsc	06u6F
2	18	24		אָבִ֔י/ךְ	1	HNcmsc/Sp2fs	06PYJ
2	18	25		תַּאַסְפִ֥י	622	HVqi2fs	061Za
2	18	26		אֵלַ֖יִ/ךְ	413	HR/Sp2fs	06gam
2	18	27		הַ/בָּֽיְתָ/ה	d/1004 b	HTd/Ncmsa/Sd	06un5
2	19	1		וְ/הָיָ֡ה	c/1961	HC/Vqq3ms	06WSe
2	19	2		כֹּ֣ל	3605	HNcmsa	06AFs
2	19	3		אֲשֶׁר	834 a	HTr	06aJe
2	19	4		יֵצֵא֩	3318	HVqi3ms	06g2t
2	19	5		מִ/דַּלְתֵ֨י	m/1817 c	HR/Ncfdc	068HV
2	19	6		בֵיתֵ֧/ךְ	1004 b	HNcmsc/Sp2fs	06j8W
2	19	7		הַ/ח֛וּצָ/ה	d/2351	HTd/Ncmsa/Sd	06h73
2	19	8		דָּמ֥/וֹ	1818	HNcmsc/Sp3ms	069Yh
2	19	9		בְ/רֹאשׁ֖/וֹ	b/7218 a	HR/Ncmsc/Sp3ms	06SkM
2	19	10		וַ/אֲנַ֣חְנוּ	c/587	HC/Pp1cp	06yXK
2	19	11		נְקִיִּ֑ם	5355 a	HAampa	06hDf
2	19	12		וְ֠/כֹל	c/3605	HC/Ncmsa	06PuA
2	19	13		אֲשֶׁ֨ר	834 a	HTr	06myi
2	19	14		יִֽהְיֶ֤ה	1961	HVqi3ms	06YLn
2	19	15		אִתָּ/ךְ֙	854	HR/Sp2fs	06AXU
2	19	16		בַּ/בַּ֔יִת	b/1004 b	HRd/Ncmsa	06reD
2	19	17		דָּמ֣/וֹ	1818	HNcmsc/Sp3ms	06VFM
2	19	18		בְ/רֹאשֵׁ֔/נוּ	b/7218 a	HR/Ncmsc/Sp1cp	06SGf
2	19	19		אִם	518 a	HC	069jX
2	19	20		יָ֖ד	3027	HNcbsa	066t4
2	19	21		תִּֽהְיֶה	1961	HVqi3fs	06Yu7
2	19	22		בּֽ/וֹ	b	HR/Sp3ms	06vL9
2	20	1		וְ/אִם	c/518 a	HC/C	06G2d
2	20	2		תַּגִּ֖ידִי	5046	HVhi2fs	06xY3
2	20	3		אֶת	853	HTo	06Zmd
2	20	4		דְּבָרֵ֣/נוּ	1697	HNcmsc/Sp1cp	06Wyn
2	20	5		זֶ֑ה	2088	HPdxms	06njg
2	20	6		וְ/הָיִ֣ינוּ	c/1961	HC/Vqq1cp	06L6G
2	20	7		נְקִיִּ֔ם	5355 a	HAampa	06EDP
2	20	8		מִ/שְּׁבֻעָתֵ֖/ךְ	m/7621	HR/Ncfsc/Sp2fs	06QUP
2	20	9		אֲשֶׁ֥ר	834 a	HTr	06fv8
2	20	10		הִשְׁבַּעְתָּֽ/נוּ	7650	HVhp2fs/Sp1cp	062SX
2	21	1		וַ/תֹּ֨אמֶר֙	c/559	HC/Vqw3fs	06pwZ
2	21	2		כְּ/דִבְרֵי/כֶ֣ם	k/1697	HR/Ncmpc/Sp2mp	06KKJ
2	21	3		כֶּן	3651 c	HD	06U9v
2	21	4		ה֔וּא	1931	HPp3ms	063V4
2	21	5		וַֽ/תְּשַׁלְּחֵ֖/ם	c/7971	HC/Vpw3fs/Sp3mp	06gJ1
2	21	6		וַ/יֵּלֵ֑כוּ	c/3212	HC/Vqw3mp	06rWk
2	21	7		וַ/תִּקְשֹׁ֛ר	c/7194	HC/Vqw3fs	066gQ
2	21	8		אֶת	853	HTo	06mSF
2	21	9		תִּקְוַ֥ת	8615 a	HNcfsc	06awX
2	21	10		הַ/שָּׁנִ֖י	d/8144	HTd/Ncmsa	06wik
2	21	11		בַּ/חַלּֽוֹן	b/2474	HRd/Ncbsa	06CVM
2	22	1		וַ/יֵּלְכוּ֙	c/3212	HC/Vqw3mp	06gbT
2	22	2		וַ/יָּבֹ֣אוּ	c/935	HC/Vqw3mp	06wMq
2	22	3		הָ/הָ֔רָ/ה	d/2022	HTd/Ncmsa/Sd	062GY
2	22	4		וַ/יֵּ֤שְׁבוּ	c/3427	HC/Vqw3mp	06Doj
2	22	5		שָׁם֙	8033	HD	06m3h
2	22	6		שְׁלֹ֣שֶׁת	7969	HAcmsc	06Djb
2	22	7		יָמִ֔ים	3117	HNcmpa	06F5r
2	22	8		עַד	5704	HR	06V4p
2	22	9		שָׁ֖בוּ	7725	HVqp3cp	06HsZ
2	22	10		הָ/רֹדְפִ֑ים	d/7291	HTd/Vqrmpa	06DgA
2	22	11		וַ/יְבַקְשׁ֧וּ	c/1245	HC/Vpw3mp	06QCa
2	22	12		הָ/רֹדְפִ֛ים	d/7291	HTd/Vqrmpa	06nps
2	22	13		בְּ/כָל	b/3605	HR/Ncmsc	06oA2
2	22	14		הַ/דֶּ֖רֶךְ	d/1870	HTd/Ncbsa	06CYW
2	22	15		וְ/לֹ֥א	c/3808	HC/Tn	06TDs
2	22	16		מָצָֽאוּ	4672	HVqp3cp	06fhx
2	23	1		וַ/יָּשֻׁ֜בוּ	c/7725	HC/Vqw3mp	06JPp
2	23	2		שְׁנֵ֤י	8147	HAcmdc	06dWm
2	23	3		הָֽ/אֲנָשִׁים֙	d/376	HTd/Ncmpa	06BYg
2	23	4		וַ/יֵּרְד֣וּ	c/3381	HC/Vqw3mp	069by
2	23	5		מֵֽ/הָ/הָ֔ר	m/d/2022	HR/Td/Ncmsa	06VRt
2	23	6		וַ/יַּעַבְרוּ֙	c/5674 a	HC/Vqw3mp	06CPS
2	23	7		וַ/יָּבֹ֔אוּ	c/935	HC/Vqw3mp	06fiV
2	23	8		אֶל	413	HR	06vAa
2	23	9		יְהוֹשֻׁ֖עַ	3091	HNp	068Na
2	23	10		בִּן	1121 a	HNcmsc	06RZN
2	23	11		נ֑וּן	5126	HNp	06krV
2	23	12		וַ/יְסַ֨פְּרוּ	c/5608 a	HC/Vpw3mp	06sQy
2	23	13		ל֔/וֹ	l	HR/Sp3ms	06asy
2	23	14		אֵ֥ת	853	HTo	06rxG
2	23	15		כָּל	3605	HNcmsc	066fj
2	23	16		הַ/מֹּצְא֖וֹת	d/4672	HTd/Vqrfpa	06oGi
2	23	17		אוֹתָֽ/ם	853	HTo/Sp3mp	06PrG
2	24	1		וַ/יֹּאמְרוּ֙	c/559	HC/Vqw3mp	06Ao4
2	24	2		אֶל	413	HR	06fjK
2	24	3		יְהוֹשֻׁ֔עַ	3091	HNp	06Dwm
2	24	4		כִּֽי	3588 a	HC	0631Z
2	24	5		נָתַ֧ן	5414	HVqp3ms	06nRw
2	24	6		יְהוָ֛ה	3068	HNp	06qjY
2	24	7		בְּ/יָדֵ֖/נוּ	b/3027	HR/Ncbsc/Sp1cp	062oH
2	24	8		אֶת	853	HTo	06H3W
2	24	9		כָּל	3605	HNcmsc	06wQL
2	24	10		הָ/אָ֑רֶץ	d/776	HTd/Ncbsa	064LW
2	24	11		וְ/גַם	c/1571	HC/Ta	06q4j
2	24	12		נָמֹ֛גוּ	4127	HVNp3cp	06Jdu
2	24	13		כָּל	3605	HNcmsc	06cgg
2	24	14		יֹשְׁבֵ֥י	3427	HVqrmpc	06x5W
2	24	15		הָ/אָ֖רֶץ	d/776	HTd/Ncbsa	06s3h
2	24	16		מִ/פָּנֵֽי/נוּ	m/6440	HR/Ncbpc/Sp1cp	06ymv
3	1	1		וַ/יַּשְׁכֵּם֩	c/7925	HC/Vhw3ms	0662T
3	1	2		יְהוֹשֻׁ֨עַ	3091	HNp	06NmZ
3	1	3		בַּ/בֹּ֜קֶר	b/1242	HRd/Ncmsa	06RD4
3	1	4		וַ/יִּסְע֣וּ	c/5265	HC/Vqw3mp	06Xjv
3	1	5		מֵֽ/הַ/שִּׁטִּ֗ים	m/d/7851	HR/Td/Np	06WVH
3	1	6		וַ/יָּבֹ֨אוּ֙	c/935	HC/Vqw3mp	06WMK
3	1	7		עַד	5704	HR	06ctU
3	1	8		הַ/יַּרְדֵּ֔ן	d/3383	HTd/Np	06CmP
3	1	9		ה֖וּא	1931	HPp3ms	06LY2
3	1	10		וְ/כָל	c/3605	HC/Ncmsc	06k7w
3	1	11		בְּנֵ֣י	1121 a	HNcmpc	06JFy
3	1	12		יִשְׂרָאֵ֑ל	3478	HNp	06Amf
3	1	13		וַ/יָּלִ֥נוּ	c/3885 a	HC/Vqw3mp	06i9m
3	1	14		שָׁ֖ם	8033	HD	06FCo
3	1	15		טֶ֥רֶם	2962	HD	06wNS
3	1	16		יַעֲבֹֽרוּ	5674 a	HVqi3mp	06XPV
3	2	1		וַ/יְהִ֕י	c/1961	HC/Vqw3ms	06K9E
3	2	2		מִ/קְצֵ֖ה	m/7097 a	HR/Ncbsc	06sNR
3	2	3		שְׁלֹ֣שֶׁת	7969	HAcmsc	06pww
3	2	4		יָמִ֑ים	3117	HNcmpa	06d1k
3	2	5		וַ/יַּעַבְר֥וּ	c/5674 a	HC/Vqw3mp	06Gpp
3	2	6		הַ/שֹּׁטְרִ֖ים	d/7860	HTd/Ncmpa	06T85
3	2	7		בְּ/קֶ֥רֶב	b/7130	HR/Ncmsc	06E2x
3	2	8		הַֽ/מַּחֲנֶֽה	d/4264	HTd/Ncbsa	06vUM
3	3	1		וַ/יְצַוּוּ֮	c/6680	HC/Vpw3mp	06pMW
3	3	2		אֶת	853	HTo	06fiZ
3	3	3		הָ/עָ֣ם	d/5971 a	HTd/Ncmsa	06FQf
3	3	4		לֵ/אמֹר֒	l/559	HR/Vqc	06Gbx
3	3	5		כִּ/רְאֽוֹתְ/כֶ֗ם	k/7200	HR/Vqc/Sp2mp	06H82
3	3	6		אֵ֣ת	853	HTo	06XaZ
3	3	7		אֲר֤וֹן	727	HNcbsc	06RGz
3	3	8		בְּרִית	1285	HNcfsc	06tQ1
3	3	9		יְהוָה֙	3068	HNp	06oSR
3	3	10		אֱלֹ֣הֵי/כֶ֔ם	430	HNcmpc/Sp2mp	06rUR
3	3	11		וְ/הַ/כֹּֽהֲנִים֙	c/d/3548	HC/Td/Ncmpa	06NME
3	3	12		הַ/לְוִיִּ֔ם	d/3881	HTd/Ngmpa	06eQs
3	3	13		נֹשְׂאִ֖ים	5375	HVqrmpa	06fE2
3	3	14		אֹת֑/וֹ	853	HTo/Sp3ms	06rio
3	3	15		וְ/אַתֶּ֗ם	c/859 d	HC/Pp2mp	06hum
3	3	16		תִּסְעוּ֙	5265	HVqi2mp	06UG5
3	3	17		מִ/מְּק֣וֹמְ/כֶ֔ם	m/4725	HR/Ncmsc/Sp2mp	06tZb
3	3	18		וַ/הֲלַכְתֶּ֖ם	c/1980	HC/Vqq2mp	06UEd
3	3	19		אַחֲרָֽי/ו	310 a	HR/Sp3ms	06zit
3	4	1		אַ֣ךְ	389	HTa	06pcg
3	4	2		רָח֣וֹק	7350	HAamsa	061pD
3	4	3		יִהְיֶ֗ה	1961	HVqi3ms	06UCh
3	4	4		בֵּֽינֵי/כֶם֙	996	HR/Sp2mp	06jZZ
3	4	5	x-ketiv	ו/בינ/ו	c/996	HC/R/Sp3ms	067a3
3	4	6		וּ/בֵינָ֔י/ו	c/996	HC/R/Sp3ms	06k23
3	4	7		כְּ/אַלְפַּ֥יִם	k/505	HR/Acbpa	06nxs
3	4	8		אַמָּ֖ה	520 a	HNcfsa	06Rs7
3	4	9		בַּ/מִּדָּ֑ה	b/4060 a	HRd/Ncfsa	06x1q
3	4	10		אַֽל	408	HTn	06ozK
3	4	11		תִּקְרְב֣וּ	7126	HVqj2mp	066Tj
3	4	12		אֵלָ֗י/ו	413	HR/Sp3ms	06Wp4
3	4	13		לְמַ֤עַן	4616	HR	06ayu
3	4	14		אֲשֶׁר	834 a	HTr	06izi
3	4	15		תֵּֽדְעוּ֙	3045	HVqi2mp	06cNi
3	4	16		אֶת	853	HTo	062Z3
3	4	17		הַ/דֶּ֨רֶךְ֙	d/1870	HTd/Ncbsa	06bTo
3	4	18		אֲשֶׁ֣ר	834 a	HTr	06hvK
3	4	19		תֵּֽלְכוּ	3212	HVqi2mp	06XQw
3	4	20		בָ֔/הּ	b	HR/Sp3fs	06Ssi
3	4	21		כִּ֣י	3588 a	HC	06UtQ
3	4	22		לֹ֧א	3808	HTn	06MVx
3	4	23		עֲבַרְתֶּ֛ם	5674 a	HVqp2mp	064dp
3	4	24		בַּ/דֶּ֖רֶךְ	b/1870	HRd/Ncbsa	06nsw
3	4	25		מִ/תְּמ֥וֹל	m/8543	HR/D	06KGj
3	4	26		שִׁלְשֽׁוֹם	8032	HNcmsa	068xz
3	5	1		וַ/יֹּ֧אמֶר	c/559	HC/Vqw3ms	06y1Z
3	5	2		יְהוֹשֻׁ֛עַ	3091	HNp	06Uq9
3	5	3		אֶל	413	HR	06TiM
3	5	4		הָ/עָ֖ם	d/5971 a	HTd/Ncmsa	06NqW
3	5	5		הִתְקַדָּ֑שׁוּ	6942	HVtv2mp	06emv
3	5	6		כִּ֣י	3588 a	HC	063r3
3	5	7		מָחָ֗ר	4279	HNcmsa	06sEP
3	5	8		יַעֲשֶׂ֧ה	6213 a	HVqi3ms	06BYi
3	5	9		יְהוָ֛ה	3068	HNp	06K78
3	5	10		בְּ/קִרְבְּ/כֶ֖ם	b/7130	HR/Ncmsc/Sp2mp	06LG5
3	5	11		נִפְלָאֽוֹת	6381	HVNrfpa	06pvY
3	6	1		וַ/יֹּ֤אמֶר	c/559	HC/Vqw3ms	06B6g
3	6	2		יְהוֹשֻׁ֨עַ֙	3091	HNp	06UDg
3	6	3		אֶל	413	HR	06Baw
3	6	4		הַ/כֹּהֲנִ֣ים	d/3548	HTd/Ncmpa	06MZ9
3	6	5		לֵ/אמֹ֔ר	l/559	HR/Vqc	06Svn
3	6	6		שְׂאוּ֙	5375	HVqv2mp	06x62
3	6	7		אֶת	853	HTo	06dQK
3	6	8		אֲר֣וֹן	727	HNcbsc	06dDm
3	6	9		הַ/בְּרִ֔ית	d/1285	HTd/Ncfsa	06XwG
3	6	10		וְ/עִבְר֖וּ	c/5674 a	HC/Vqv2mp	06iPC
3	6	11		לִ/פְנֵ֣י	l/6440	HR/Ncbpc	068E1
3	6	12		הָ/עָ֑ם	d/5971 a	HTd/Ncmsa	064vF
3	6	13		וַ/יִּשְׂאוּ֙	c/5375	HC/Vqw3mp	06y7z
3	6	14		אֶת	853	HTo	06bvs
3	6	15		אֲר֣וֹן	727	HNcbsc	06Gxe
3	6	16		הַ/בְּרִ֔ית	d/1285	HTd/Ncfsa	06Qjd
3	6	17		וַ/יֵּלְכ֖וּ	c/3212	HC/Vqw3mp	06t98
3	6	18		לִ/פְנֵ֥י	l/6440	HR/Ncbpc	06YfW
3	6	19		הָ/עָֽם	d/5971 a	HTd/Ncmsa	06P1s
3	7	1		וַ/יֹּ֤אמֶר	c/559	HC/Vqw3ms	06a9X
3	7	2		יְהוָה֙	3068	HNp	06RUp
3	7	3		אֶל	413	HR	067Kw
3	7	4		יְהוֹשֻׁ֔עַ	3091	HNp	06E6n
3	7	5		הַ/יּ֣וֹם	d/3117	HTd/Ncmsa	064YU
3	7	6		הַ/זֶּ֗ה	d/2088	HTd/Pdxms	06yMS
3	7	7		אָחֵל֙	2490 c	HVhi1cs	06RZD
3	7	8		גַּדֶּלְ/ךָ֔	1431	HVpc/Sp2ms	06T97
3	7	9		בְּ/עֵינֵ֖י	b/5869 a	HR/Ncbdc	065L1
3	7	10		כָּל	3605	HNcmsc	06nY7
3	7	11		יִשְׂרָאֵ֑ל	3478	HNp	06S83
3	7	12		אֲשֶׁר֙	834 a	HTr	06SDb
3	7	13		יֵֽדְע֔וּ/ן	3045	HVqi3mp/Sn	06DKS
3	7	14		כִּ֗י	3588 a	HC	06YKr
3	7	15		כַּ/אֲשֶׁ֥ר	k/834 d	HR/Tr	06r66
3	7	16		הָיִ֛יתִי	1961	HVqp1cs	06TW5
3	7	17		עִם	5973 a	HR	06KaN
3	7	18		מֹשֶׁ֖ה	4872	HNp	06FsE
3	7	19		אֶהְיֶ֥ה	1961	HVqi1cs	067Np
3	7	20		עִמָּֽ/ךְ	5973 a	HR/Sp2fs	06965
3	8	1		וְ/אַתָּ֗ה	c/859 a	HC/Pp2ms	06MeK
3	8	2		תְּצַוֶּה֙	6680	HVpi2ms	06Pw8
3	8	3		אֶת	853	HTo	06Bxn
3	8	4		הַ/כֹּ֣הֲנִ֔ים	d/3548	HTd/Ncmpa	06Gne
3	8	5		נֹשְׂאֵ֥י	5375	HVqrmpc	06uXm
3	8	6		אֲרֽוֹן	727	HNcbsc	06Cmf
3	8	7		הַ/בְּרִ֖ית	d/1285	HTd/Ncfsa	06K6T
3	8	8		לֵ/אמֹ֑ר	l/559	HR/Vqc	06XFF
3	8	9		כְּ/בֹאֲ/כֶ֗ם	k/935	HR/Vqc/Sp2mp	06gKP
3	8	10		עַד	5704	HR	06YUv
3	8	11		קְצֵה֙	7097 a	HNcbsc	06HQ9
3	8	12		מֵ֣י	4325	HNcmpc	06D5P
3	8	13		הַ/יַּרְדֵּ֔ן	d/3383	HTd/Np	06pVx
3	8	14		בַּ/יַּרְדֵּ֖ן	b/3383	HRd/Np	06WAq
3	8	15		תַּעֲמֹֽדוּ	5975	HVqi2mp	06PxM
3	9	1		וַ/יֹּ֥אמֶר	c/559	HC/Vqw3ms	06oCH
3	9	2		יְהוֹשֻׁ֖עַ	3091	HNp	06tQE
3	9	3		אֶל	413	HR	06wtX
3	9	4		בְּנֵ֣י	1121 a	HNcmpc	06Hso
3	9	5		יִשְׂרָאֵ֑ל	3478	HNp	06yS3
3	9	6		גֹּ֣שׁוּ	5066	HVqv2mp	06PHG
3	9	7		הֵ֔נָּה	2008	HD	061go
3	9	8		וְ/שִׁמְע֕וּ	c/8085	HC/Vqv2mp	06XLB
3	9	9		אֶת	853	HTo	06KTJ
3	9	10		דִּבְרֵ֖י	1697	HNcmpc	06twL
3	9	11		יְהוָ֥ה	3068	HNp	063MS
3	9	12		אֱלֹֽהֵי/כֶֽם	430	HNcmpc/Sp2mp	06GnD
3	10	1		וַ/יֹּ֣אמֶר	c/559	HC/Vqw3ms	06rVJ
3	10	2		יְהוֹשֻׁ֔עַ	3091	HNp	06w2R
3	10	3		בְּ/זֹאת֙	b/2063	HR/Pdxfs	06JsR
3	10	4		תֵּֽדְע֔וּ/ן	3045	HVqi2mp/Sn	06Sv8
3	10	5		כִּ֛י	3588 a	HC	06adR
3	10	6		אֵ֥ל	410	HNcmsa	06xek
3	10	7		חַ֖י	2416 a	HAamsa	06UEH
3	10	8		בְּ/קִרְבְּ/כֶ֑ם	b/7130	HR/Ncmsc/Sp2mp	06L2G
3	10	9		וְ/הוֹרֵ֣שׁ	c/3423	HC/Vha	06oPm
3	10	10		יוֹרִ֣ישׁ	3423	HVhi3ms	06azH
3	10	11		מִ֠/פְּנֵי/כֶם	m/6440	HR/Ncbpc/Sp2mp	06fZA
3	10	12		אֶת	853	HTo	066Hj
3	10	13		הַ/כְּנַעֲנִ֨י	d/3669 a	HTd/Ngmsa	06UCE
3	10	14		וְ/אֶת	c/853	HC/To	06dvY
3	10	15		הַ/חִתִּ֜י	d/2850	HTd/Ngmsa	06YkN
3	10	16		וְ/אֶת	c/853	HC/To	06k6s
3	10	17		הַ/חִוִּ֗י	d/2340	HTd/Ngmsa	06awY
3	10	18		וְ/אֶת	c/853	HC/To	06Wb1
3	10	19		הַ/פְּרִזִּי֙	d/6522	HTd/Ngmsa	06EAT
3	10	20		וְ/אֶת	c/853	HC/To	06MzG
3	10	21		הַ/גִּרְגָּשִׁ֔י	d/1622	HTd/Ngmsa	06RBM
3	10	22		וְ/הָ/אֱמֹרִ֖י	c/d/567	HC/Td/Ngmsa	06wzx
3	10	23		וְ/הַ/יְבוּסִֽי	c/d/2983	HC/Td/Ngmsa	067Vm
3	11	1		הִנֵּה֙	2009	HTm	06vSy
3	11	2		אֲר֣וֹן	727	HNcbsc	06qgp
3	11	3		הַ/בְּרִ֔ית	d/1285	HTd/Ncfsa	06bcQ
3	11	4		אֲד֖וֹן	136	HNcmsc	06GFP
3	11	5		כָּל	3605	HNcmsc	06QZx
3	11	6		הָ/אָ֑רֶץ	d/776	HTd/Ncbsa	06JH9
3	11	7		עֹבֵ֥ר	5674 a	HVqrmsa	06Cdg
3	11	8		לִ/פְנֵי/כֶ֖ם	l/6440	HR/Ncbpc/Sp2mp	06Uv6
3	11	9		בַּ/יַּרְדֵּֽן	b/3383	HRd/Np	06eec
3	12	1		וְ/עַתָּ֗ה	c/6258	HC/D	06bea
3	12	2		קְח֤וּ	3947	HVqv2mp	06zx5
3	12	3		לָ/כֶם֙	l	HR/Sp2mp	06SMW
3	12	4		שְׁנֵ֣י	8147	HAcmdc	06GYp
3	12	5		עָשָׂ֣ר	6240	HAcmsa	061GH
3	12	6		אִ֔ישׁ	376	HNcmsa	063QW
3	12	7		מִ/שִּׁבְטֵ֖י	m/7626	HR/Ncmpc	06tAW
3	12	8		יִשְׂרָאֵ֑ל	3478	HNp	06DCB
3	12	9		אִישׁ	376	HNcmsa	06r2Z
3	12	10		אֶחָ֥ד	259	HAcmsa	06don
3	12	11		אִישׁ	376	HNcmsa	06cdc
3	12	12		אֶחָ֖ד	259	HAcmsa	06Ybs
3	12	13		לַ/שָּֽׁבֶט	l/7626	HRd/Ncmsa	06iFe
3	13	1		וְ/הָיָ֡ה	c/1961	HC/Vqq3ms	069w8
3	13	2		כְּ/נ֣וֹחַ	k/5117	HR/Vqc	069fJ
3	13	3		כַּפּ֣וֹת	3709	HNcfpc	06rMg
3	13	4		רַגְלֵ֣י	7272	HNcfdc	06T3v
3	13	5		הַ/כֹּהֲנִ֡ים	d/3548	HTd/Ncmpa	06e37
3	13	6		נֹשְׂאֵי֩	5375	HVqrmpc	06F5j
3	13	7		אֲר֨וֹן	727	HNcbsc	06drK
3	13	8		יְהוָ֜ה	3068	HNp	061TS
3	13	9		אֲד֤וֹן	136	HNcmsc	06e65
3	13	10		כָּל	3605	HNcmsc	06Fkx
3	13	11		הָ/אָ֨רֶץ֙	d/776	HTd/Ncbsa	06ZVs
3	13	12		בְּ/מֵ֣י	b/4325	HR/Ncmpc	06bmu
3	13	13		הַ/יַּרְדֵּ֔ן	d/3383	HTd/Np	06eis
3	13	14		מֵ֤י	4325	HNcmpc	06B8V
3	13	15		הַ/יַּרְדֵּן֙	d/3383	HTd/Np	06gjk
3	13	16		יִכָּ֣רֵת֔וּ/ן	3772	HVNi3mp/Sn	06tiD
3	13	17		הַ/מַּ֥יִם	d/4325	HTd/Ncmpa	06kXw
3	13	18		הַ/יֹּרְדִ֖ים	d/3381	HTd/Vqrmpa	06cHm
3	13	19		מִ/לְ/מָ֑עְלָ/ה	m/l/4605	HR/R/D/Sd	06Loa
3	13	20		וְ/יַעַמְד֖וּ	c/5975	HC/Vqi3mp	06NW8
3	13	21		נֵ֥ד	5067	HNcmsa	06Ufy
3	13	22		אֶחָֽד	259	HAcmsa	06FCe
3	14	1		וַ/יְהִ֗י	c/1961	HC/Vqw3ms	06CBn
3	14	2		בִּ/נְסֹ֤עַ	b/5265	HR/Vqc	06QFm
3	14	3		הָ/עָם֙	d/5971 a	HTd/Ncmsa	062st
3	14	4		מֵ/אָ֣הֳלֵי/הֶ֔ם	m/168	HR/Ncmpc/Sp3mp	06rCW
3	14	5		לַ/עֲבֹ֖ר	l/5674 a	HR/Vqc	067gm
3	14	6		אֶת	853	HTo	06zkf
3	14	7		הַ/יַּרְדֵּ֑ן	d/3383	HTd/Np	06941
3	14	8		וְ/הַ/כֹּהֲנִ֗ים	c/d/3548	HC/Td/Ncmpa	066C3
3	14	9		נֹֽשְׂאֵ֛י	5375	HVqrmpc	06WMb
3	14	10		הָ/אָר֥וֹן	d/727	HTd/Ncbsa	06ZgJ
3	14	11		הַ/בְּרִ֖ית	d/1285	HTd/Ncfsa	06Ft4
3	14	12		לִ/פְנֵ֥י	l/6440	HR/Ncbpc	06iMP
3	14	13		הָ/עָֽם	d/5971 a	HTd/Ncmsa	06aom
3	15	1		וּ/כְ/ב֞וֹא	c/k/935	HC/R/Vqc	06xKf
3	15	2		נֹשְׂאֵ֤י	5375	HVqrmpc	06EnU
3	15	3		הָֽ/אָרוֹן֙	d/727	HTd/Ncbsa	06Zax
3	15	4		עַד	5704	HR	06Q2e
3	15	5		הַ/יַּרְדֵּ֔ן	d/3383	HTd/Np	06ZRJ
3	15	6		וְ/רַגְלֵ֤י	c/7272	HC/Ncfdc	06YEi
3	15	7		הַ/כֹּֽהֲנִים֙	d/3548	HTd/Ncmpa	06gvb
3	15	8		נֹשְׂאֵ֣י	5375	HVqrmpc	06bJa
3	15	9		הָֽ/אָר֔וֹן	d/727	HTd/Ncbsa	0689f
3	15	10		נִטְבְּל֖וּ	2881	HVNp3cp	06re5
3	15	11		בִּ/קְצֵ֣ה	b/7097 a	HR/Ncbsc	06Xh3
3	15	12		הַ/מָּ֑יִם	d/4325	HTd/Ncmpa	06EyU
3	15	13		וְ/הַ/יַּרְדֵּ֗ן	c/d/3383	HC/Td/Np	06aci
3	15	14		מָלֵא֙	4390	HVqp3ms	06kbc
3	15	15		עַל	5921 a	HR	06baF
3	15	16		כָּל	3605	HNcmsc	06ZNU
3	15	17		גְּדוֹתָ֔י/ו	1415	HNcfpc/Sp3ms	06KqQ
3	15	18		כֹּ֖ל	3605	HNcmsc	06gLV
3	15	19		יְמֵ֥י	3117	HNcmpc	06KTp
3	15	20		קָצִֽיר	7105 a	HNcmsa	06rzR
3	16	1		וַ/יַּעַמְד֡וּ	c/5975	HC/Vqw3mp	06bh3
3	16	2		הַ/מַּיִם֩	d/4325	HTd/Ncmpa	06duZ
3	16	3		הַ/יֹּרְדִ֨ים	d/3381	HTd/Vqrmpa	06YHi
3	16	4		מִ/לְ/מַ֜עְלָ/ה	m/l/4605	HR/R/D/Sd	06GV7
3	16	5		קָ֣מוּ	6965 b	HVqp3cp	06A76
3	16	6		נֵד	5067	HNcmsa	06eHZ
3	16	7		אֶחָ֗ד	259	HAcmsa	06ycY
3	16	8		הַרְחֵ֨ק	7368	HVha	06ejK
3	16	9		מְאֹ֜ד	3966	HD	06Jb3
3	16	10	x-ketiv	ב/אדם	b/121	HRd/Np	06XXt
3	16	11		מֵֽ/אָדָ֤ם	m/121	HR/Np	06rKT
3	16	12		הָ/עִיר֙	d/5892 b	HTd/Ncfsa	06Q8c
3	16	13		אֲשֶׁר֙	834 a	HTr	06rHh
3	16	14		מִ/צַּ֣ד	m/6654	HR/Ncmsc	06mUo
3	16	15		צָֽרְתָ֔ן	6891	HNp	06Hfj
3	16	16		וְ/הַ/יֹּרְדִ֗ים	c/d/3381	HC/Td/Vqrmpa	06ACV
3	16	17		עַ֣ל	5921 a	HR	06ioH
3	16	18		יָ֧ם	3220	HNcmsc	06FCG
3	16	19		הָ/עֲרָבָ֛ה	d/6160	HTd/Ncfsa	067Jo
3	16	20		יָם	3220	HNcmsc	06wKF
3	16	21		הַ/מֶּ֖לַח	d/4417	HTd/Ncmsa	06YU5
3	16	22		תַּ֣מּוּ	8552	HVqp3cp	06xmV
3	16	23		נִכְרָ֑תוּ	3772	HVNp3cp	06ZvX
3	16	24		וְ/הָ/עָ֥ם	c/d/5971 a	HC/Td/Ncmsa	067Ch
3	16	25		עָבְר֖וּ	5674 a	HVqp3cp	06S67
3	16	26		נֶ֥גֶד	5048	HR	06Hmd
3	16	27		יְרִיחֽוֹ	3405	HNp	064Yz
3	17	1		וַ/יַּעַמְד֣וּ	c/5975	HC/Vqw3mp	06zbA
3	17	2		הַ/כֹּהֲנִ֡ים	d/3548	HTd/Ncmpa	06koP
3	17	3		נֹ֠שְׂאֵי	5375	HVqrmpc	06Mdv
3	17	4		הָ/אָר֨וֹן	d/727	HTd/Ncbsa	06TXv
3	17	5		בְּרִית	1285	HNcfsc	06pbV
3	17	6		יְהוָ֜ה	3068	HNp	06MSY
3	17	7		בֶּ/חָֽרָבָ֛ה	b/2724	HRd/Ncfsa	06GXC
3	17	8		בְּ/ת֥וֹךְ	b/8432	HR/Ncmsc	06Y6k
3	17	9		הַ/יַּרְדֵּ֖ן	d/3383	HTd/Np	06ctR
3	17	10		הָכֵ֑ן	3559 a	HVha	06Qq3
3	17	11		וְ/כָל	c/3605	HC/Ncmsc	06GdR
3	17	12		יִשְׂרָאֵ֗ל	3478	HNp	06kV4
3	17	13		עֹֽבְרִים֙	5674 a	HVqrmpa	06Zy7
3	17	14		בֶּ/חָ֣רָבָ֔ה	b/2724	HRd/Ncfsa	06ozy
3	17	15		עַ֤ד	5704	HR	06H6W
3	17	16		אֲשֶׁר	834 a	HTr	06297
3	17	17		תַּ֨מּוּ֙	8552	HVqp3cp	06Eyi
3	17	18		כָּל	3605	HNcmsc	06kz6
3	17	19		הַ/גּ֔וֹי	d/1471 a	HTd/Ncmsa	06PZP
3	17	20		לַ/עֲבֹ֖ר	l/5674 a	HR/Vqc	06tkv
3	17	21		אֶת	853	HTo	06YJk
3	17	22		הַ/יַּרְדֵּֽן	d/3383	HTd/Np	06zp3
4	1	1		וַ/יְהִי֙	c/1961	HC/Vqw3ms	06GVz
4	1	2		כַּ/אֲשֶׁר	k/834 d	HR/Tr	06MRd
4	1	3		תַּ֣מּוּ	8552	HVqp3cp	06Ci2
4	1	4		כָל	3605	HNcmsc	06TD8
4	1	5		הַ/גּ֔וֹי	d/1471 a	HTd/Ncmsa	066R1
4	1	6		לַ/עֲב֖וֹר	l/5674 a	HR/Vqc	06c7o
4	1	7		אֶת	853	HTo	062Ss
4	1	8		הַ/יַּרְדֵּ֑ן	d/3383	HTd/Np	06JyU
4	1	9		וַ/יֹּ֣אמֶר	c/559	HC/Vqw3ms	06uF7
4	1	10		יְהוָ֔ה	3068	HNp	06fbk
4	1	11		אֶל	413	HR	06RxS
4	1	12		יְהוֹשֻׁ֖עַ	3091	HNp	06PTT
4	1	13		לֵ/אמֹֽר	l/559	HR/Vqc	061bY
4	2	1		קְח֤וּ	3947	HVqv2mp	06GMz
4	2	2		לָ/כֶם֙	l	HR/Sp2mp	06uCN
4	2	3		מִן	4480 a	HR	06Wmn
4	2	4		הָ/עָ֔ם	d/5971 a	HTd/Ncmsa	06Lri
4	2	5		שְׁנֵ֥ים	8147	HAcmda	06ymB
4	2	6		עָשָׂ֖ר	6240	HAcmsa	06fac
4	2	7		אֲנָשִׁ֑ים	376	HNcmpa	06X2q
4	2	8		אִישׁ	376	HNcmsa	069d7
4	2	9		אֶחָ֥ד	259	HAcmsa	06bj4
4	2	10		אִישׁ	376	HNcmsa	06ZRD
4	2	11		אֶחָ֖ד	259	HAcmsa	06iFV
4	2	12		מִ/שָּֽׁבֶט	m/7626	HR/Ncmsa	06JzQ
4	3	1		וְ/צַוּ֣וּ	c/6680	HC/Vpv2mp	06qbn
4	3	2		אוֹתָ/ם֮	853	HTo/Sp3mp	06WeU
4	3	3		לֵ/אמֹר֒	l/559	HR/Vqc	06TMW
4	3	4		שְׂאֽוּ	5375	HVqv2mp	06KvW
4	3	5		לָ/כֶ֨ם	l	HR/Sp2mp	06wz5
4	3	6		מִ/זֶּ֜ה	m/2088	HR/Pdxms	06g5b
4	3	7		מִ/תּ֣וֹךְ	m/8432	HR/Ncmsc	066Cg
4	3	8		הַ/יַּרְדֵּ֗ן	d/3383	HTd/Np	06cqw
4	3	9		מִ/מַּצַּב֙	m/4673	HR/Ncmsc	0676C
4	3	10		רַגְלֵ֣י	7272	HNcfdc	06t1W
4	3	11		הַ/כֹּהֲנִ֔ים	d/3548	HTd/Ncmpa	06vfm
4	3	12		הָכִ֖ין	3559 a	HVhc	06pjd
4	3	13		שְׁתֵּים	8147	HAcfda	06Atm
4	3	14		עֶשְׂרֵ֣ה	6240	HAcfsa	06vFb
4	3	15		אֲבָנִ֑ים	68	HNcfpa	06sFr
4	3	16		וְ/הַעֲבַרְתֶּ֤ם	c/5674 a	HC/Vhq2mp	06Q98
4	3	17		אוֹתָ/ם֙	853	HTo/Sp3mp	06e6Q
4	3	18		עִמָּ/כֶ֔ם	5973 a	HR/Sp2mp	06Zzk
4	3	19		וְ/הִנַּחְתֶּ֣ם	c/3240	HC/Vhq2mp	06Ynf
4	3	20		אוֹתָ֔/ם	853	HTo/Sp3mp	065pP
4	3	21		בַּ/מָּל֕וֹן	b/4411	HRd/Ncmsa	06Xxj
4	3	22		אֲשֶׁר	834 a	HTr	06eNB
4	3	23		תָּלִ֥ינוּ	3885 a	HVqi2mp	06r8g
4	3	24		ב֖/וֹ	b	HR/Sp3ms	06sJk
4	3	25		הַ/לָּֽיְלָה	d/3915	HTd/Ncmsa	06wBJ
4	4	1		וַ/יִּקְרָ֣א	c/7121	HC/Vqw3ms	06tvR
4	4	2		יְהוֹשֻׁ֗עַ	3091	HNp	06Uoi
4	4	3		אֶל	413	HR	06H29
4	4	4		שְׁנֵ֤ים	8147	HAcmda	06m2e
4	4	5		הֶֽ/עָשָׂר֙	d/6240	HTd/Acmsa	06WQ1
4	4	6		אִ֔ישׁ	376	HNcmsa	067uv
4	4	7		אֲשֶׁ֥ר	834 a	HTr	06Z1J
4	4	8		הֵכִ֖ין	3559 a	HVhp3ms	06KZa
4	4	9		מִ/בְּנֵ֣י	m/1121 a	HR/Ncmpc	062u6
4	4	10		יִשְׂרָאֵ֑ל	3478	HNp	06CGY
4	4	11		אִישׁ	376	HNcmsa	06cy3
4	4	12		אֶחָ֥ד	259	HAcmsa	065EE
4	4	13		אִישׁ	376	HNcmsa	067yo
4	4	14		אֶחָ֖ד	259	HAcmsa	066ot
4	4	15		מִ/שָּֽׁבֶט	m/7626	HR/Ncmsa	062Sx
4	5	1		וַ/יֹּ֤אמֶר	c/559	HC/Vqw3ms	064mo
4	5	2		לָ/הֶם֙	l	HR/Sp3mp	06RqC
4	5	3		יְהוֹשֻׁ֔עַ	3091	HNp	06ESM
4	5	4		עִ֠בְרוּ	5674 a	HVqv2mp	06mCp
4	5	5		לִ/פְנֵ֨י	l/6440	HR/Ncbpc	06DCR
4	5	6		אֲר֧וֹן	727	HNcbsc	069jq
4	5	7		יְהוָ֛ה	3068	HNp	06uFy
4	5	8		אֱלֹֽהֵי/כֶ֖ם	430	HNcmpc/Sp2mp	06rnW
4	5	9		אֶל	413	HR	06to2
4	5	10		תּ֣וֹךְ	8432	HNcmsc	06XrY
4	5	11		הַ/יַּרְדֵּ֑ן	d/3383	HTd/Np	064De
4	5	12		וְ/הָרִ֨ימוּ	c/7311 a	HC/Vhv2mp	06dPn
4	5	13		לָ/כֶ֜ם	l	HR/Sp2mp	06Qve
4	5	14		אִ֣ישׁ	376	HNcmsa	063dz
4	5	15		אֶ֤בֶן	68	HNcfsa	06vcq
4	5	16		אַחַת֙	259	HAcfsa	064Ed
4	5	17		עַל	5921 a	HR	06kfR
4	5	18		שִׁכְמ֔/וֹ	7926	HNcmsc/Sp3ms	06FUa
4	5	19		לְ/מִסְפַּ֖ר	l/4557	HR/Ncmsc	06RZP
4	5	20		שִׁבְטֵ֥י	7626	HNcmpc	06qLo
4	5	21		בְנֵי	1121 a	HNcmpc	06UwQ
4	5	22		יִשְׂרָאֵֽל	3478	HNp	06EG9
4	6	1		לְמַ֗עַן	4616	HR	06fSj
4	6	2		תִּֽהְיֶ֛ה	1961	HVqi3fs	06LGP
4	6	3		זֹ֥את	2063	HPdxfs	06oYa
4	6	4		א֖וֹת	226	HNcbsa	06L3V
4	6	5		בְּ/קִרְבְּ/כֶ֑ם	b/7130	HR/Ncmsc/Sp2mp	06Nkc
4	6	6		כִּֽי	3588 a	HC	068qm
4	6	7		יִשְׁאָל֨וּ/ן	7592	HVqi3mp/Sn	06XRb
4	6	8		בְּנֵי/כֶ֤ם	1121 a	HNcmpc/Sp2mp	06AkY
4	6	9		מָחָר֙	4279	HNcmsa	06e5T
4	6	10		לֵ/אמֹ֔ר	l/559	HR/Vqc	06MGG
4	6	11		מָ֛ה	4100	HTi	066q3
4	6	12		הָ/אֲבָנִ֥ים	d/68	HTd/Ncfpa	06MDa
4	6	13		הָ/אֵ֖לֶּה	d/428	HTd/Pdxcp	06WBd
4	6	14		לָ/כֶֽם	l	HR/Sp2mp	06jGt
4	7	1		וַ/אֲמַרְתֶּ֣ם	c/559	HC/Vqq2mp	06tyS
4	7	2		לָ/הֶ֗ם	l	HR/Sp3mp	06k6N
4	7	3		אֲשֶׁ֨ר	834 a	HTr	06mY8
4	7	4		נִכְרְת֜וּ	3772	HVNp3cp	06Hod
4	7	5		מֵימֵ֤י	4325	HNcmpc	06LbG
4	7	6		הַ/יַּרְדֵּן֙	d/3383	HTd/Np	06jJf
4	7	7		מִ/פְּנֵי֙	m/6440	HR/Ncbpc	06zJw
4	7	8		אֲר֣וֹן	727	HNcbsc	06Sho
4	7	9		בְּרִית	1285	HNcfsc	068zu
4	7	10		יְהוָ֔ה	3068	HNp	066TZ
4	7	11		בְּ/עָבְר/וֹ֙	b/5674 a	HR/Vqc/Sp3ms	06mQU
4	7	12		בַּ/יַּרְדֵּ֔ן	b/3383	HRd/Np	065oN
4	7	13		נִכְרְת֖וּ	3772	HVNp3cp	06HQC
4	7	14		מֵ֣י	4325	HNcmpc	06tFU
4	7	15		הַ/יַּרְדֵּ֑ן	d/3383	HTd/Np	06QHV
4	7	16		וְ֠/הָיוּ	c/1961	HC/Vqq3cp	06ot3
4	7	17		הָ/אֲבָנִ֨ים	d/68	HTd/Ncfpa	06HBY
4	7	18		הָ/אֵ֧לֶּה	d/428	HTd/Pdxcp	065H9
4	7	19		לְ/זִכָּר֛וֹן	l/2146	HR/Ncmsa	06eWk
4	7	20		לִ/בְנֵ֥י	l/1121 a	HR/Ncmpc	06UNQ
4	7	21		יִשְׂרָאֵ֖ל	3478	HNp	06GX8
4	7	22		עַד	5704	HR	06pky
4	7	23		עוֹלָֽם	5769	HNcmsa	063N5
4	8	1		וַ/יַּעֲשׂוּ	c/6213 a	HC/Vqw3mp	06gv9
4	8	2		כֵ֣ן	3651 c	HD	0628H
4	8	3		בְּנֵי	1121 a	HNcmpc	06cog
4	8	4		יִשְׂרָאֵ֘ל	3478	HNp	06dVq
4	8	5		כַּ/אֲשֶׁ֣ר	k/834 d	HR/Tr	06SmU
4	8	6		צִוָּ֣ה	6680	HVpp3ms	06xRR
4	8	7		יְהוֹשֻׁעַ֒	3091	HNp	06NYp
4	8	8		וַ/יִּשְׂא֡וּ	c/5375	HC/Vqw3mp	06Gjw
4	8	9		שְׁתֵּֽי	8147	HAcfdc	069Na
4	8	10		עֶשְׂרֵ֨ה	6240	HAcfsa	06xjb
4	8	11		אֲבָנִ֜ים	68	HNcfpa	0678y
4	8	12		מִ/תּ֣וֹךְ	m/8432	HR/Ncmsc	06Vgg
4	8	13		הַ/יַּרְדֵּ֗ן	d/3383	HTd/Np	06F1H
4	8	14		כַּ/אֲשֶׁ֨ר	k/834 d	HR/Tr	06j2J
4	8	15		דִּבֶּ֤ר	1696	HVpp3ms	06ch4
4	8	16		יְהוָה֙	3068	HNp	06etU
4	8	17		אֶל	413	HR	06ean
4	8	18		יְהוֹשֻׁ֔עַ	3091	HNp	06aJG
4	8	19		לְ/מִסְפַּ֖ר	l/4557	HR/Ncmsc	06nF8
4	8	20		שִׁבְטֵ֣י	7626	HNcmpc	06wEW
4	8	21		בְנֵֽי	1121 a	HNcmpc	06fJd
4	8	22		יִשְׂרָאֵ֑ל	3478	HNp	06eEh
4	8	23		וַ/יַּעֲבִר֤וּ/ם	c/5674 a	HC/Vhw3mp/Sp3mp	06K1s
4	8	24		עִמָּ/ם֙	5973 a	HR/Sp3mp	0676o
4	8	25		אֶל	413	HR	06omx
4	8	26		הַ/מָּל֔וֹן	d/4411	HTd/Ncmsa	06XBe
4	8	27		וַ/יַּנִּח֖וּ/ם	c/3240	HC/Vhw3mp/Sp3mp	068A2
4	8	28		שָֽׁם	8033	HD	063Qm
4	9	1		וּ/שְׁתֵּ֧ים	c/8147	HC/Acfda	06yeG
4	9	2		עֶשְׂרֵ֣ה	6240	HAcfsa	061NW
4	9	3		אֲבָנִ֗ים	68	HNcfpa	06f13
4	9	4		הֵקִ֣ים	6965 b	HVhp3ms	065on
4	9	5		יְהוֹשֻׁעַ֮	3091	HNp	06b2J
4	9	6		בְּ/ת֣וֹךְ	b/8432	HR/Ncmsc	06MnD
4	9	7		הַ/יַּרְדֵּן֒	d/3383	HTd/Np	062B3
4	9	8		תַּ֗חַת	8478	HR	06eAA
4	9	9		מַצַּב֙	4673	HNcmsc	06usA
4	9	10		רַגְלֵ֣י	7272	HNcfdc	06bmL
4	9	11		הַ/כֹּהֲנִ֔ים	d/3548	HTd/Ncmpa	06DK9
4	9	12		נֹשְׂאֵ֖י	5375	HVqrmpc	067vQ
4	9	13		אֲר֣וֹן	727	HNcbsc	06JoL
4	9	14		הַ/בְּרִ֑ית	d/1285	HTd/Ncfsa	06Zzg
4	9	15		וַ/יִּ֣הְיוּ	c/1961	HC/Vqw3mp	06k3m
4	9	16		שָׁ֔ם	8033	HD	06Q2N
4	9	17		עַ֖ד	5704	HR	06Ggr
4	9	18		הַ/יּ֥וֹם	d/3117	HTd/Ncmsa	06hnA
4	9	19		הַ/זֶּֽה	d/2088	HTd/Pdxms	067tY
4	10	1		וְ/הַ/כֹּהֲנִ֞ים	c/d/3548	HC/Td/Ncmpa	062Dp
4	10	2		נֹשְׂאֵ֣י	5375	HVqrmpc	06BQa
4	10	3		הָ/אָר֗וֹן	d/727	HTd/Ncbsa	06qNm
4	10	4		עֹמְדִים֮	5975	HVqrmpa	064xx
4	10	5		בְּ/ת֣וֹךְ	b/8432	HR/Ncmsc	06E57
4	10	6		הַ/יַּרְדֵּן֒	d/3383	HTd/Np	06zfG
4	10	7		עַ֣ד	5704	HR	06y3Z
4	10	8		תֹּ֣ם	8552	HVqc	06vtM
4	10	9		כָּֽל	3605	HNcmsc	06BNu
4	10	10		הַ֠/דָּבָר	d/1697	HTd/Ncmsa	06QTj
4	10	11		אֲשֶׁר	834 a	HTr	06Tgd
4	10	12		צִוָּ֨ה	6680	HVpp3ms	06hAp
4	10	13		יְהוָ֤ה	3068	HNp	06KNK
4	10	14		אֶת	853	HTo	06nk3
4	10	15		יְהוֹשֻׁ֨עַ֙	3091	HNp	06wj3
4	10	16		לְ/דַבֵּ֣ר	l/1696	HR/Vpc	06vFK
4	10	17		אֶל	413	HR	06QNk
4	10	18		הָ/עָ֔ם	d/5971 a	HTd/Ncmsa	06h1i
4	10	19		כְּ/כֹ֛ל	k/3605	HR/Ncmsa	06c5a
4	10	20		אֲשֶׁר	834 a	HTr	06MZK
4	10	21		צִוָּ֥ה	6680	HVpp3ms	06Hx4
4	10	22		מֹשֶׁ֖ה	4872	HNp	06f6t
4	10	23		אֶת	853	HTo	06BzF
4	10	24		יְהוֹשֻׁ֑עַ	3091	HNp	06mrv
4	10	25		וַ/יְמַהֲר֥וּ	c/4116 a	HC/Vpw3mp	06TVv
4	10	26		הָ/עָ֖ם	d/5971 a	HTd/Ncmsa	06ZUH
4	10	27		וַֽ/יַּעֲבֹֽרוּ	c/5674 a	HC/Vqw3mp	06HWF
4	11	1		וַ/יְהִ֛י	c/1961	HC/Vqw3ms	06rhu
4	11	2		כַּֽ/אֲשֶׁר	k/834 d	HR/Tr	067YX
4	11	3		תַּ֥ם	8552	HVqp3ms	06caE
4	11	4		כָּל	3605	HNcmsc	06w2r
4	11	5		הָ/עָ֖ם	d/5971 a	HTd/Ncmsa	06j2a
4	11	6		לַֽ/עֲב֑וֹר	l/5674 a	HR/Vqc	064ei
4	11	7		וַ/יַּעֲבֹ֧ר	c/5674 a	HC/Vqw3ms	06iQS
4	11	8		אֲרוֹן	727	HNcbsc	06pu1
4	11	9		יְהוָ֛ה	3068	HNp	069Gr
4	11	10		וְ/הַ/כֹּהֲנִ֖ים	c/d/3548	HC/Td/Ncmpa	06jGA
4	11	11		לִ/פְנֵ֥י	l/6440	HR/Ncbpc	06Q9B
4	11	12		הָ/עָֽם	d/5971 a	HTd/Ncmsa	068LK
4	12	1		וַ֠/יַּעַבְרוּ	c/5674 a	HC/Vqw3mp	06aWe
4	12	2		בְּנֵי	1121 a	HNcmpc	06JRh
4	12	3		רְאוּבֵ֨ן	7205	HNp	06iqH
4	12	4		וּ/בְנֵי	c/1121 a	HC/Ncmpc	064ze
4	12	5		גָ֜ד	1410	HNp	06Eur
4	12	6		וַ/חֲצִ֨י	c/2677	HC/Ncmsc	06e9g
4	12	7		שֵׁ֤בֶט	7626	HNcmsc	06hHu
4	12	8		הַֽ/מְנַשֶּׁה֙	d/4519	HTd/Np	06C47
4	12	9		חֲמֻשִׁ֔ים	2571	HVqsmpa	06TWu
4	12	10		לִ/פְנֵ֖י	l/6440	HR/Ncbpc	06EWV
4	12	11		בְּנֵ֣י	1121 a	HNcmpc	06nDr
4	12	12		יִשְׂרָאֵ֑ל	3478	HNp	06NH6
4	12	13		כַּ/אֲשֶׁ֛ר	k/834 d	HR/Tr	06PP2
4	12	14		דִּבֶּ֥ר	1696	HVpp3ms	06sgH
4	12	15		אֲלֵי/הֶ֖ם	413	HR/Sp3mp	067YZ
4	12	16		מֹשֶֽׁה	4872	HNp	06DLP
4	13	1		כְּ/אַרְבָּעִ֥ים	k/705	HR/Acbpa	06Wgd
4	13	2		אֶ֖לֶף	505	HAcbsa	06tA5
4	13	3		חֲלוּצֵ֣י	2502 b	HVqsmpc	06FQu
4	13	4		הַ/צָּבָ֑א	d/6635 a	HTd/Ncbsa	06rxc
4	13	5		עָבְר֞וּ	5674 a	HVqp3cp	06185
4	13	6		לִ/פְנֵ֤י	l/6440	HR/Ncbpc	06ssA
4	13	7		יְהוָה֙	3068	HNp	06un2
4	13	8		לַ/מִּלְחָמָ֔ה	l/4421	HRd/Ncfsa	064Ei
4	13	9		אֶ֖ל	413	HR	06wp8
4	13	10		עַֽרְב֥וֹת	6160	HNcfpc	06fZr
4	13	11		יְרִיחֽוֹ	3405	HNp	06qsm
4	14	1		בַּ/יּ֣וֹם	b/3117	HRd/Ncmsa	06Yvd
4	14	2		הַ/ה֗וּא	d/1931	HTd/Pp3ms	06qo8
4	14	3		גִּדַּ֤ל	1431	HVpp3ms	06Rvz
4	14	4		יְהוָה֙	3068	HNp	06UiP
4	14	5		אֶת	853	HTo	06zc2
4	14	6		יְהוֹשֻׁ֔עַ	3091	HNp	06jWU
4	14	7		בְּ/עֵינֵ֖י	b/5869 a	HR/Ncbdc	06WRL
4	14	8		כָּל	3605	HNcmsc	06MEe
4	14	9		יִשְׂרָאֵ֑ל	3478	HNp	06Lz7
4	14	10		וַ/יִּֽרְא֣וּ	c/3372	HC/Vqw3mp	06C5b
4	14	11		אֹת֔/וֹ	853	HTo/Sp3ms	06KGK
4	14	12		כַּ/אֲשֶׁ֛ר	k/834 d	HR/Tr	06V8j
4	14	13		יָרְא֥וּ	3372	HVqp3cp	06PaR
4	14	14		אֶת	853	HTo	06Env
4	14	15		מֹשֶׁ֖ה	4872	HNp	068Dt
4	14	16		כָּל	3605	HNcmsc	06iSw
4	14	17		יְמֵ֥י	3117	HNcmpc	06cX6
4	14	18		חַיָּֽי/ו	2416 e	HNcmpc/Sp3ms	06nM3
4	15	1		וַ/יֹּ֣אמֶר	c/559	HC/Vqw3ms	067Xe
4	15	2		יְהוָ֔ה	3068	HNp	06noN
4	15	3		אֶל	413	HR	06hHR
4	15	4		יְהוֹשֻׁ֖עַ	3091	HNp	06CoS
4	15	5		לֵ/אמֹֽר	l/559	HR/Vqc	06KXg
4	16	1		צַוֵּה֙	6680	HVpv2ms	06Gq2
4	16	2		אֶת	853	HTo	06sk8
4	16	3		הַ/כֹּ֣הֲנִ֔ים	d/3548	HTd/Ncmpa	06Vfr
4	16	4		נֹשְׂאֵ֖י	5375	HVqrmpc	06tkY
4	16	5		אֲר֣וֹן	727	HNcbsc	06r5i
4	16	6		הָ/עֵד֑וּת	d/5715	HTd/Ncfsa	062bH
4	16	7		וְ/יַעֲל֖וּ	c/5927	HC/Vqi3mp	06wCy
4	16	8		מִן	4480 a	HR	062ee
4	16	9		הַ/יַּרְדֵּֽן	d/3383	HTd/Np	06b7E
4	17	1		וַ/יְצַ֣ו	c/6680	HC/Vpw3ms	0645a
4	17	2		יְהוֹשֻׁ֔עַ	3091	HNp	06Gby
4	17	3		אֶת	853	HTo	06t6e
4	17	4		הַ/כֹּהֲנִ֖ים	d/3548	HTd/Ncmpa	064wi
4	17	5		לֵ/אמֹ֑ר	l/559	HR/Vqc	06LNA
4	17	6		עֲל֖וּ	5927	HVqv2mp	06bU4
4	17	7		מִן	4480 a	HR	06R6Q
4	17	8		הַ/יַּרְדֵּֽן	d/3383	HTd/Np	06LiE
4	18	1		וַ֠/יְהִי	c/1961	HC/Vqw3ms	06uCS
4	18	2	x-ketiv	ב/עלות	b/5927	HR/Vqc	06taS
4	18	3		כַּ/עֲל֨וֹת	k/5927	HR/Vqc	06Erp
4	18	4		הַ/כֹּהֲנִ֜ים	d/3548	HTd/Ncmpa	06azc
4	18	5		נֹשְׂאֵ֨י	5375	HVqrmpc	06HpH
4	18	6		אֲר֤וֹן	727	HNcbsc	06wcd
4	18	7		בְּרִית	1285	HNcfsc	06DR2
4	18	8		יְהוָה֙	3068	HNp	068MF
4	18	9		מִ/תּ֣וֹךְ	m/8432	HR/Ncmsc	065wJ
4	18	10		הַ/יַּרְדֵּ֔ן	d/3383	HTd/Np	06AuA
4	18	11		נִתְּק֗וּ	5423	HVNp3cp	06pa7
4	18	12		כַּפּוֹת֙	3709	HNcfpc	061Q7
4	18	13		רַגְלֵ֣י	7272	HNcfdc	06147
4	18	14		הַ/כֹּהֲנִ֔ים	d/3548	HTd/Ncmpa	06qpX
4	18	15		אֶ֖ל	413	HR	06eEg
4	18	16		הֶ/חָרָבָ֑ה	d/2724	HTd/Ncfsa	06FHa
4	18	17		וַ/יָּשֻׁ֤בוּ	c/7725	HC/Vqw3mp	06ExS
4	18	18		מֵֽי	4325	HNcmpc	0616M
4	18	19		הַ/יַּרְדֵּן֙	d/3383	HTd/Np	06nj6
4	18	20		לִ/מְקוֹמָ֔/ם	l/4725	HR/Ncmsc/Sp3mp	067hm
4	18	21		וַ/יֵּלְכ֥וּ	c/3212	HC/Vqw3mp	06yrZ
4	18	22		כִ/תְמוֹל	k/8543	HR/D	06cpd
4	18	23		שִׁלְשׁ֖וֹם	8032	HNcmsa	06QR7
4	18	24		עַל	5921 a	HR	06388
4	18	25		כָּל	3605	HNcmsc	06D9B
4	18	26		גְּדוֹתָֽי/ו	1415	HNcfpc/Sp3ms	06KQr
4	19	1		וְ/הָ/עָ֗ם	c/d/5971 a	HC/Td/Ncmsa	06bRM
4	19	2		עָלוּ֙	5927	HVqp3cp	06TPs
4	19	3		מִן	4480 a	HR	06Mef
4	19	4		הַ/יַּרְדֵּ֔ן	d/3383	HTd/Np	06UeD
4	19	5		בֶּ/עָשׂ֖וֹר	b/6218	HRd/Ncmsa	06Ddz
4	19	6		לַ/חֹ֣דֶשׁ	l/2320	HRd/Ncmsa	06VYG
4	19	7		הָ/רִאשׁ֑וֹן	d/7223	HTd/Aomsa	06zd1
4	19	8		וַֽ/יַּחֲנוּ֙	c/2583	HC/Vqw3mp	06mw6
4	19	9		בַּ/גִּלְגָּ֔ל	b/1537	HRd/Np	064AV
4	19	10		בִּ/קְצֵ֖ה	b/7097 a	HR/Ncbsc	06RJM
4	19	11		מִזְרַ֥ח	4217	HNcmsc	06ZPm
4	19	12		יְרִיחֽוֹ	3405	HNp	06aZX
4	20	1		וְ/אֵת֩	c/853	HC/To	06QJg
4	20	2		שְׁתֵּ֨ים	8147	HAcfda	06P5E
4	20	3		עֶשְׂרֵ֤ה	6240	HAcfsa	06yrH
4	20	4		הָֽ/אֲבָנִים֙	d/68	HTd/Ncfpa	06sud
4	20	5		הָ/אֵ֔לֶּה	d/428	HTd/Pdxcp	06id4
4	20	6		אֲשֶׁ֥ר	834 a	HTr	06rbK
4	20	7		לָקְח֖וּ	3947	HVqp3cp	06fQG
4	20	8		מִן	4480 a	HR	06HAz
4	20	9		הַ/יַּרְדֵּ֑ן	d/3383	HTd/Np	06J4B
4	20	10		הֵקִ֥ים	6965 b	HVhp3ms	06cc4
4	20	11		יְהוֹשֻׁ֖עַ	3091	HNp	06oRq
4	20	12		בַּ/גִּלְגָּֽל	b/1537	HRd/Np	06cUw
4	21	1		וַ/יֹּ֛אמֶר	c/559	HC/Vqw3ms	06MVU
4	21	2		אֶל	413	HR	06CE4
4	21	3		בְּנֵ֥י	1121 a	HNcmpc	06Li4
4	21	4		יִשְׂרָאֵ֖ל	3478	HNp	06L6s
4	21	5		לֵ/אמֹ֑ר	l/559	HR/Vqc	06g5n
4	21	6		אֲשֶׁר֩	834 a	HTr	06jmB
4	21	7		יִשְׁאָל֨וּ/ן	7592	HVqi3mp/Sn	06kmE
4	21	8		בְּנֵי/כֶ֤ם	1121 a	HNcmpc/Sp2mp	06hyH
4	21	9		מָחָר֙	4279	HNcmsa	06DMx
4	21	10		אֶת	853	HTo	06D1c
4	21	11		אֲבוֹתָ֣/ם	1	HNcmpc/Sp3mp	06sgn
4	21	12		לֵ/אמֹ֔ר	l/559	HR/Vqc	06cLA
4	21	13		מָ֖ה	4100	HTi	06Jrt
4	21	14		הָ/אֲבָנִ֥ים	d/68	HTd/Ncfpa	06jwP
4	21	15		הָ/אֵֽלֶּה	d/428	HTd/Pdxcp	06XZe
4	22	1		וְ/הוֹדַעְתֶּ֖ם	c/3045	HC/Vhq2mp	06dip
4	22	2		אֶת	853	HTo	06f7v
4	22	3		בְּנֵי/כֶ֣ם	1121 a	HNcmpc/Sp2mp	065hr
4	22	4		לֵ/אמֹ֑ר	l/559	HR/Vqc	06RDs
4	22	5		בַּ/יַּבָּשָׁה֙	b/3004	HRd/Ncfsa	06Tvm
4	22	6		עָבַ֣ר	5674 a	HVqp3ms	061vy
4	22	7		יִשְׂרָאֵ֔ל	3478	HNp	06JzC
4	22	8		אֶת	853	HTo	06Pv9
4	22	9		הַ/יַּרְדֵּ֖ן	d/3383	HTd/Np	06u6Y
4	22	10		הַ/זֶּֽה	d/2088	HTd/Pdxms	06iTM
4	23	1		אֲשֶׁר	834 a	HTr	06jDe
4	23	2		הוֹבִישׁ֩	3001	HVhp3ms	06uHz
4	23	3		יְהוָ֨ה	3068	HNp	062iJ
4	23	4		אֱלֹהֵי/כֶ֜ם	430	HNcmpc/Sp2mp	06evD
4	23	5		אֶת	853	HTo	06vKo
4	23	6		מֵ֧י	4325	HNcmpc	06mvJ
4	23	7		הַ/יַּרְדֵּ֛ן	d/3383	HTd/Np	06pDQ
4	23	8		מִ/פְּנֵי/כֶ֖ם	m/6440	HR/Ncbpc/Sp2mp	06deG
4	23	9		עַֽד	5704	HR	06Nvj
4	23	10		עָבְרְ/כֶ֑ם	5674 a	HVqc/Sp2mp	06Gye
4	23	11		כַּ/אֲשֶׁ֣ר	k/834 d	HR/Tr	06qCo
4	23	12		עָשָׂה֩	6213 a	HVqp3ms	06h3K
4	23	13		יְהוָ֨ה	3068	HNp	06USJ
4	23	14		אֱלֹהֵי/כֶ֧ם	430	HNcmpc/Sp2mp	06rMp
4	23	15		לְ/יַם	l/3220	HR/Ncmsc	06sd2
4	23	16		ס֛וּף	5488	HNcmsa	06Ssu
4	23	17		אֲשֶׁר	834 a	HTr	06x1x
4	23	18		הוֹבִ֥ישׁ	3001	HVhp3ms	06w5T
4	23	19		מִ/פָּנֵ֖י/נוּ	m/6440	HR/Ncbpc/Sp1cp	06FrL
4	23	20		עַד	5704	HR	06q3X
4	23	21		עָבְרֵֽ/נוּ	5674 a	HVqc/Sp1cp	06YjW
4	24	1		לְ֠מַעַן	4616	HR	064i9
4	24	2		דַּ֜עַת	3045	HVqc	06Afw
4	24	3		כָּל	3605	HNcmsc	06Vcq
4	24	4		עַמֵּ֤י	5971 a	HNcmpc	06eF7
4	24	5		הָ/אָ֨רֶץ֙	d/776	HTd/Ncbsa	06wPX
4	24	6		אֶת	853	HTo	06tUi
4	24	7		יַ֣ד	3027	HNcbsc	06S6i
4	24	8		יְהוָ֔ה	3068	HNp	06KNH
4	24	9		כִּ֥י	3588 a	HC	06XUc
4	24	10		חֲזָקָ֖ה	2389	HAafsa	06KGa
4	24	11		הִ֑יא	1931	HPp3fs	06jzU
4	24	12		לְמַ֧עַן	4616	HR	063ws
4	24	13		יְרָאתֶ֛ם	3372	HVqp2mp	06nkE
4	24	14		אֶת	853	HTo	06UeK
4	24	15		יְהוָ֥ה	3068	HNp	06CYD
4	24	16		אֱלֹהֵי/כֶ֖ם	430	HNcmpc/Sp2mp	069gs
4	24	17		כָּל	3605	HNcmsc	06GTQ
4	24	18		הַ/יָּמִֽים	d/3117	HTd/Ncmpa	06gKo
5	1	1		וַ/יְהִ֣י	c/1961	HC/Vqw3ms	06oZb
5	1	2		כִ/שְׁמֹ֣עַ	k/8085	HR/Vqc	06KCy
5	1	3		כָּל	3605	HNcmsc	06juz
5	1	4		מַלְכֵ֣י	4428	HNcmpc	06DH2
5	1	5		הָ/אֱמֹרִ֡י	d/567	HTd/Ngmsa	064VF
5	1	6		אֲשֶׁר֩	834 a	HTr	0672H
5	1	7		בְּ/עֵ֨בֶר	b/5676	HR/Ncmsc	0625j
5	1	8		הַ/יַּרְדֵּ֜ן	d/3383	HTd/Np	06Vo3
5	1	9		יָ֗מָּ/ה	3220	HNcmsa/Sd	06dhD
5	1	10		וְ/כָל	c/3605	HC/Ncmsc	066uw
5	1	11		מַלְכֵ֤י	4428	HNcmpc	06zjv
5	1	12		הַֽ/כְּנַעֲנִי֙	d/3669 a	HTd/Ngmsa	061Mn
5	1	13		אֲשֶׁ֣ר	834 a	HTr	066qW
5	1	14		עַל	5921 a	HR	06Zjx
5	1	15		הַ/יָּ֔ם	d/3220	HTd/Ncmsa	06aoZ
5	1	16		אֵ֠ת	853	HTo	06EJP
5	1	17		אֲשֶׁר	834 a	HTr	064HM
5	1	18		הוֹבִ֨ישׁ	3001	HVhp3ms	06EjA
5	1	19		יְהוָ֜ה	3068	HNp	06E1f
5	1	20		אֶת	853	HTo	06Hwq
5	1	21		מֵ֧י	4325	HNcmpc	06MWU
5	1	22		הַ/יַּרְדֵּ֛ן	d/3383	HTd/Np	06vD2
5	1	23		מִ/פְּנֵ֥י	m/6440	HR/Ncbpc	06ygZ
5	1	24		בְנֵֽי	1121 a	HNcmpc	066YP
5	1	25		יִשְׂרָאֵ֖ל	3478	HNp	06UhH
5	1	26		עַד	5704	HR	06MSM
5	1	27	x-ketiv	עבר/נו	5674 a	HVqc/Sp1cp	06TYN
5	1	28		עָבְרָ֑/ם	5674 a	HVqc/Sp3mp	06cMr
5	1	29		וַ/יִּמַּ֣ס	c/4549	HC/VNw3ms	064Up
5	1	30		לְבָבָ֗/ם	3824	HNcmsc/Sp3mp	06pa1
5	1	31		וְ/לֹא	c/3808	HC/Tn	06GDg
5	1	32		הָ֨יָה	1961	HVqp3ms	06ZxK
5	1	33		בָ֥/ם	b	HR/Sp3mp	06KpZ
5	1	34		עוֹד֙	5750	HD	06nwq
5	1	35		ר֔וּחַ	7307	HNcbsa	06Lgy
5	1	36		מִ/פְּנֵ֖י	m/6440	HR/Ncbpc	065AY
5	1	37		בְּנֵֽי	1121 a	HNcmpc	06HUX
5	1	38		יִשְׂרָאֵֽל	3478	HNp	06RYU
5	2	1		בָּ/עֵ֣ת	b/6256	HRd/Ncbsa	063Q1
5	2	2		הַ/הִ֗יא	d/1931	HTd/Pp3fs	06ikx
5	2	3		אָמַ֤ר	559	HVqp3ms	065Xt
5	2	4		יְהוָה֙	3068	HNp	068jj
5	2	5		אֶל	413	HR	063v4
5	2	6		יְהוֹשֻׁ֔עַ	3091	HNp	06hFh
5	2	7		עֲשֵׂ֥ה	6213 a	HVqv2ms	063it
5	2	8		לְ/ךָ֖	l	HR/Sp2ms	06pf7
5	2	9		חַֽרְב֣וֹת	2719	HNcfpc	06Dne
5	2	10		צֻרִ֑ים	6697	HNcmpa	06fqZ
5	2	11		וְ/שׁ֛וּב	c/7725	HC/Vqv2ms	067ev
5	2	12		מֹ֥ל	4135 b	HVqv2ms	06eWV
5	2	13		אֶת	853	HTo	06DUZ
5	2	14		בְּנֵֽי	1121 a	HNcmpc	06abv
5	2	15		יִשְׂרָאֵ֖ל	3478	HNp	069XH
5	2	16		שֵׁנִֽית	8145	HAofsa	06tui
5	3	1		וַ/יַּעַשׂ	c/6213 a	HC/Vqw3ms	065mW
5	3	2		ל֥/וֹ	l	HR/Sp3ms	069p4
5	3	3		יְהוֹשֻׁ֖עַ	3091	HNp	061AP
5	3	4		חַֽרְב֣וֹת	2719	HNcfpc	06Dh6
5	3	5		צֻרִ֑ים	6697	HNcmpa	06q22
5	3	6		וַ/יָּ֨מָל֙	c/4135 a	HC/Vqw3ms	06Z1p
5	3	7		אֶת	853	HTo	064mF
5	3	8		בְּנֵ֣י	1121 a	HNcmpc	06PJU
5	3	9		יִשְׂרָאֵ֔ל	3478	HNp	06eKG
5	3	10		אֶל	413	HR	06Anx
5	3	11		גִּבְעַ֖ת	1389	HNcfsc	06kWB
5	3	12		הָ/עֲרָלֽוֹת	d/6190	HTd/Ncfpa	0626j
5	4	1		וְ/זֶ֥ה	c/2088	HC/Pdxms	06ZiN
5	4	2		הַ/דָּבָ֖ר	d/1697	HTd/Ncmsa	06NAb
5	4	3		אֲשֶׁר	834 a	HTr	06NJS
5	4	4		מָ֣ל	4135 a	HVqp3ms	06S4e
5	4	5		יְהוֹשֻׁ֑עַ	3091	HNp	06cZG
5	4	6		כָּל	3605	HNcmsc	06Nqf
5	4	7		הָ/עָ֣ם	d/5971 a	HTd/Ncmsa	06tKV
5	4	8		הַ/יֹּצֵא֩	d/3318	HTd/Vqrmsa	06hpd
5	4	9		מִ/מִּצְרַ֨יִם	m/4714	HR/Np	06CAC
5	4	10		הַ/זְּכָרִ֜ים	d/2145	HTd/Ncmpa	06MBs
5	4	11		כֹּ֣ל	3605	HNcmsc	06uCk
5	4	12		אַנְשֵׁ֣י	376	HNcmpc	06KHf
5	4	13		הַ/מִּלְחָמָ֗ה	d/4421	HTd/Ncfsa	06bcM
5	4	14		מֵ֤תוּ	4191	HVqp3cp	06mry
5	4	15		בַ/מִּדְבָּר֙	b/4057 b	HRd/Ncmsa	06e4r
5	4	16		בַּ/דֶּ֔רֶךְ	b/1870	HRd/Ncbsa	06rFe
5	4	17		בְּ/צֵאתָ֖/ם	b/3318	HR/Vqc/Sp3mp	06bu5
5	4	18		מִ/מִּצְרָֽיִם	m/4714	HR/Np	06nfi
5	5	1		כִּֽי	3588 a	HC	06kkD
5	5	2		מֻלִ֣ים	4135 a	HVqsmpa	06EPr
5	5	3		הָי֔וּ	1961	HVqp3cp	06KoZ
5	5	4		כָּל	3605	HNcmsc	06A4n
5	5	5		הָ/עָ֖ם	d/5971 a	HTd/Ncmsa	06Eq3
5	5	6		הַ/יֹּֽצְאִ֑ים	d/3318	HTd/Vqrmpa	064c8
5	5	7		וְ/כָל	c/3605	HC/Ncmsc	06Npb
5	5	8		הָ֠/עָם	d/5971 a	HTd/Ncmsa	06ETF
5	5	9		הַ/יִּלֹּדִ֨ים	d/3209	HTd/Aampa	06TmV
5	5	10		בַּ/מִּדְבָּ֥ר	b/4057 b	HRd/Ncmsa	06tBT
5	5	11		בַּ/דֶּ֛רֶךְ	b/1870	HRd/Ncbsa	06BBm
5	5	12		בְּ/צֵאתָ֥/ם	b/3318	HR/Vqc/Sp3mp	06qKL
5	5	13		מִ/מִּצְרַ֖יִם	m/4714	HR/Np	06qip
5	5	14		לֹא	3808	HTn	06p4D
5	5	15		מָֽלוּ	4135 a	HVqp3cp	06G5R
5	6	1		כִּ֣י	3588 a	HC	06GXr
5	6	2		אַרְבָּעִ֣ים	705	HAcbpa	06XSa
5	6	3		שָׁנָ֗ה	8141	HNcfsa	06bsA
5	6	4		הָלְכ֣וּ	1980	HVqp3cp	06nnJ
5	6	5		בְנֵֽי	1121 a	HNcmpc	06b2r
5	6	6		יִשְׂרָאֵל֮	3478	HNp	06Tzx
5	6	7		בַּ/מִּדְבָּר֒	b/4057 b	HRd/Ncmsa	06fTQ
5	6	8		עַד	5704	HR	06nCu
5	6	9		תֹּ֨ם	8552	HVqc	06Gds
5	6	10		כָּל	3605	HNcmsc	069cC
5	6	11		הַ/גּ֜וֹי	d/1471 a	HTd/Ncmsa	06Y4b
5	6	12		אַנְשֵׁ֤י	376	HNcmpc	06RWu
5	6	13		הַ/מִּלְחָמָה֙	d/4421	HTd/Ncfsa	06MLc
5	6	14		הַ/יֹּצְאִ֣ים	d/3318	HTd/Vqrmpa	06DKB
5	6	15		מִ/מִּצְרַ֔יִם	m/4714	HR/Np	06h2V
5	6	16		אֲשֶׁ֥ר	834 a	HTr	06Z2k
5	6	17		לֹֽא	3808	HTn	065VT
5	6	18		שָׁמְע֖וּ	8085	HVqp3cp	068JC
5	6	19		בְּ/ק֣וֹל	b/6963 a	HR/Ncmsc	06Lqq
5	6	20		יְהוָ֑ה	3068	HNp	06qDM
5	6	21		אֲשֶׁ֨ר	834 a	HTr	06qqx
5	6	22		נִשְׁבַּ֤ע	7650	HVNp3ms	06Q3F
5	6	23		יְהוָה֙	3068	HNp	062Kw
5	6	24		לָ/הֶ֔ם	l	HR/Sp3mp	06jCk
5	6	25		לְ/בִלְתִּ֞י	l/1115	HR/C	06jJB
5	6	26		הַרְאוֹתָ֣/ם	7200	HVhc/Sp3mp	062Ur
5	6	27		אֶת	853	HTo	06bTz
5	6	28		הָ/אָ֗רֶץ	d/776	HTd/Ncbsa	06CfS
5	6	29		אֲשֶׁר֩	834 a	HTr	06RZe
5	6	30		נִשְׁבַּ֨ע	7650	HVNp3ms	06jDT
5	6	31		יְהוָ֤ה	3068	HNp	06euw
5	6	32		לַֽ/אֲבוֹתָ/ם֙	l/1	HR/Ncmpc/Sp3mp	06WXb
5	6	33		לָ֣/תֶת	l/5414	HR/Vqc	06KPQ
5	6	34		לָ֔/נוּ	l	HR/Sp1cp	06wNE
5	6	35		אֶ֛רֶץ	776	HNcbsa	06rtc
5	6	36		זָבַ֥ת	2100	HVqrfsc	06xpP
5	6	37		חָלָ֖ב	2461	HNcmsa	06yvH
5	6	38		וּ/דְבָֽשׁ	c/1706	HC/Ncmsa	06456
5	7	1		וְ/אֶת	c/853	HC/To	06neV
5	7	2		בְּנֵי/הֶם֙	1121 a	HNcmpc/Sp3mp	06bEv
5	7	3		הֵקִ֣ים	6965 b	HVhp3ms	06yWa
5	7	4		תַּחְתָּ֔/ם	8478	HR/Sp3mp	06PL3
5	7	5		אֹתָ֖/ם	853	HTo/Sp3mp	061SP
5	7	6		מָ֣ל	4135 a	HVqp3ms	06TZB
5	7	7		יְהוֹשֻׁ֑עַ	3091	HNp	06fd5
5	7	8		כִּי	3588 a	HC	06GYA
5	7	9		עֲרֵלִ֣ים	6189	HAampa	06K5D
5	7	10		הָי֔וּ	1961	HVqp3cp	067rm
5	7	11		כִּ֛י	3588 a	HC	06aFY
5	7	12		לֹא	3808	HTn	06F4N
5	7	13		מָ֥לוּ	4135 a	HVqp3cp	06Q12
5	7	14		אוֹתָ֖/ם	853	HTo/Sp3mp	06EF4
5	7	15		בַּ/דָּֽרֶךְ	b/1870	HRd/Ncbsa	06pmF
5	8	1		וַ/יְהִ֛י	c/1961	HC/Vqw3ms	06124
5	8	2		כַּ/אֲשֶׁר	k/834 d	HR/Tr	06rtz
5	8	3		תַּ֥מּוּ	8552	HVqp3cp	06H8n
5	8	4		כָל	3605	HNcmsc	06dV3
5	8	5		הַ/גּ֖וֹי	d/1471 a	HTd/Ncmsa	06QKM
5	8	6		לְ/הִמּ֑וֹל	l/4135 a	HR/VNc	067pu
5	8	7		וַ/יֵּשְׁב֥וּ	c/3427	HC/Vqw3mp	06dwS
5	8	8		תַחְתָּ֛/ם	8478	HR/Sp3mp	06A8T
5	8	9		בַּֽ/מַּחֲנֶ֖ה	b/4264	HRd/Ncbsa	06eKy
5	8	10		עַ֥ד	5704	HR	0699H
5	8	11		חֲיוֹתָֽ/ם	2421	HVqc/Sp3mp	06Eat
5	9	1		וַ/יֹּ֤אמֶר	c/559	HC/Vqw3ms	06GJt
5	9	2		יְהוָה֙	3068	HNp	06aUT
5	9	3		אֶל	413	HR	06thm
5	9	4		יְהוֹשֻׁ֔עַ	3091	HNp	06o4f
5	9	5		הַ/יּ֗וֹם	d/3117	HTd/Ncmsa	06iaj
5	9	6		גַּלּ֛וֹתִי	1556	HVqp1cs	06BKq
5	9	7		אֶת	853	HTo	06zK3
5	9	8		חֶרְפַּ֥ת	2781	HNcfsc	06rJJ
5	9	9		מִצְרַ֖יִם	4714	HNp	06uEK
5	9	10		מֵ/עֲלֵי/כֶ֑ם	m/5921 a	HR/R/Sp2mp	0631Q
5	9	11		וַ/יִּקְרָ֞א	c/7121	HC/Vqw3ms	068XT
5	9	12		שֵׁ֣ם	8034	HNcmsc	06KRB
5	9	13		הַ/מָּק֤וֹם	d/4725	HTd/Ncmsa	06Vir
5	9	14		הַ/הוּא֙	d/1931	HTd/Pp3ms	06Bi2
5	9	15		גִּלְגָּ֔ל	1537	HNp	06DdX
5	9	16		עַ֖ד	5704	HR	06FaQ
5	9	17		הַ/יּ֥וֹם	d/3117	HTd/Ncmsa	06MTx
5	9	18		הַ/זֶּֽה	d/2088	HTd/Pdxms	06eeu
5	10	1		וַ/יַּחֲנ֥וּ	c/2583	HC/Vqw3mp	06u2K
5	10	2		בְנֵֽי	1121 a	HNcmpc	06Ji5
5	10	3		יִשְׂרָאֵ֖ל	3478	HNp	06sRx
5	10	4		בַּ/גִּלְגָּ֑ל	b/1537	HRd/Np	06oGS
5	10	5		וַ/יַּעֲשׂ֣וּ	c/6213 a	HC/Vqw3mp	06ojQ
5	10	6		אֶת	853	HTo	068eL
5	10	7		הַ/פֶּ֡סַח	d/6453	HTd/Ncmsa	06JUj
5	10	8		בְּ/אַרְבָּעָה֩	b/702	HR/Acmsa	06Gmx
5	10	9		עָשָׂ֨ר	6240	HAcmsa	06zqp
5	10	10		י֥וֹם	3117	HNcmsa	06Z4n
5	10	11		לַ/חֹ֛דֶשׁ	l/2320	HRd/Ncmsa	06EBC
5	10	12		בָּ/עֶ֖רֶב	b/6153	HRd/Ncmsa	06Qrj
5	10	13		בְּ/עַֽרְב֥וֹת	b/6160	HR/Ncfpc	06zcn
5	10	14		יְרִיחֽוֹ	3405	HNp	06htk
5	11	1		וַ/יֹּ֨אכְל֜וּ	c/398	HC/Vqw3mp	06mPM
5	11	2		מֵ/עֲב֥וּר	m/5669	HR/Ncmsc	06rNM
5	11	3		הָ/אָ֛רֶץ	d/776	HTd/Ncbsa	06mxT
5	11	4		מִ/מָּֽחֳרַ֥ת	m/4283	HR/Ncfsc	06JFY
5	11	5		הַ/פֶּ֖סַח	d/6453	HTd/Ncmsa	06tNW
5	11	6		מַצּ֣וֹת	4682	HNcfpa	06vVg
5	11	7		וְ/קָל֑וּי	c/7033	HC/Vqsmsa	06GsN
5	11	8		בְּ/עֶ֖צֶם	b/6106	HR/Ncfsc	06ESe
5	11	9		הַ/יּ֥וֹם	d/3117	HTd/Ncmsa	062xq
5	11	10		הַ/זֶּֽה	d/2088	HTd/Pdxms	06Gta
5	12	1		וַ/יִּשְׁבֹּ֨ת	c/7673 a	HC/Vqw3ms	06NA7
5	12	2		הַ/מָּ֜ן	d/4478 a	HTd/Ncmsa	069KR
5	12	3		מִֽ/מָּחֳרָ֗ת	m/4283	HR/Ncfsa	06R5N
5	12	4		בְּ/אָכְלָ/ם֙	b/398	HR/Vqc/Sp3mp	06Rom
5	12	5		מֵ/עֲב֣וּר	m/5669	HR/Ncmsc	06L7X
5	12	6		הָ/אָ֔רֶץ	d/776	HTd/Ncbsa	06ZEr
5	12	7		וְ/לֹא	c/3808	HC/Tn	06G6B
5	12	8		הָ֥יָה	1961	HVqp3ms	06a5r
5	12	9		ע֛וֹד	5750	HD	06CBu
5	12	10		לִ/בְנֵ֥י	l/1121 a	HR/Ncmpc	06h7x
5	12	11		יִשְׂרָאֵ֖ל	3478	HNp	06vJb
5	12	12		מָ֑ן	4478 a	HNcmsa	06aNN
5	12	13		וַ/יֹּאכְל֗וּ	c/398	HC/Vqw3mp	06kZd
5	12	14		מִ/תְּבוּאַת֙	m/8393	HR/Ncfsc	06p5b
5	12	15		אֶ֣רֶץ	776	HNcbsc	06X2y
5	12	16		כְּנַ֔עַן	3667 a	HNp	06PMj
5	12	17		בַּ/שָּׁנָ֖ה	b/8141	HRd/Ncfsa	06ZCR
5	12	18		הַ/הִֽיא	d/1931	HTd/Pp3fs	06m4e
5	13	1		וַ/יְהִ֗י	c/1961	HC/Vqw3ms	06PRD
5	13	2		בִּֽ/הְי֣וֹת	b/1961	HR/Vqc	06kKo
5	13	3		יְהוֹשֻׁעַ֮	3091	HNp	062fb
5	13	4		בִּ/ירִיחוֹ֒	b/3405	HR/Np	06NeN
5	13	5		וַ/יִּשָּׂ֤א	c/5375	HC/Vqw3ms	065Jm
5	13	6		עֵינָי/ו֙	5869 a	HNcbdc/Sp3ms	06GUj
5	13	7		וַ/יַּ֔רְא	c/7200	HC/Vqw3ms	06aUh
5	13	8		וְ/הִנֵּה	c/2009	HC/Tm	06ik6
5	13	9		אִישׁ֙	376	HNcmsa	06R15
5	13	10		עֹמֵ֣ד	5975	HVqrmsa	06fmL
5	13	11		לְ/נֶגְדּ֔/וֹ	l/5048	HR/R/Sp3ms	06Vez
5	13	12		וְ/חַרְבּ֥/וֹ	c/2719	HC/Ncfsc/Sp3ms	065sh
5	13	13		שְׁלוּפָ֖ה	8025	HVqsfsa	06Dmo
5	13	14		בְּ/יָד֑/וֹ	b/3027	HR/Ncbsc/Sp3ms	06S76
5	13	15		וַ/יֵּ֨לֶךְ	c/3212	HC/Vqw3ms	063U9
5	13	16		יְהוֹשֻׁ֤עַ	3091	HNp	063iN
5	13	17		אֵלָי/ו֙	413	HR/Sp3ms	065vj
5	13	18		וַ/יֹּ֣אמֶר	c/559	HC/Vqw3ms	06iTL
5	13	19		ל֔/וֹ	l	HR/Sp3ms	06Vwr
5	13	20		הֲ/לָ֥/נוּ	i/l	HTi/R/Sp1cp	06Qra
5	13	21		אַתָּ֖ה	859 a	HPp2ms	06aLf
5	13	22		אִם	518 a	HC	06B4a
5	13	23		לְ/צָרֵֽי/נוּ	l/6862 c	HR/Ncmpc/Sp1cp	06KJD
5	14	1		וַ/יֹּ֣אמֶר	c/559	HC/Vqw3ms	06wfG
5	14	2		לֹ֗א	3808	HTn	06QVj
5	14	3		כִּ֛י	3588 a	HC	06tLr
5	14	4		אֲנִ֥י	589	HPp1cs	06xhW
5	14	5		שַׂר	8269	HNcmsc	06UrB
5	14	6		צְבָֽא	6635 a	HNcbsc	06NGV
5	14	7		יְהוָ֖ה	3068	HNp	06GWv
5	14	8		עַתָּ֣ה	6258	HD	06Eei
5	14	9		בָ֑אתִי	935	HVqp1cs	06L97
5	14	10		וַ/יִּפֹּל֩	c/5307	HC/Vqw3ms	06uSP
5	14	11		יְהוֹשֻׁ֨עַ	3091	HNp	06vkL
5	14	12		אֶל	413	HR	0664X
5	14	13		פָּנָ֥י/ו	6440	HNcbpc/Sp3ms	06UXX
5	14	14		אַ֨רְצָ/ה֙	776	HNcbsa/Sd	06mec
5	14	15		וַ/יִּשְׁתָּ֔חוּ	c/7812	HC/Vtw3ms	06oQV
5	14	16		וַ/יֹּ֣אמֶר	c/559	HC/Vqw3ms	06NrV
5	14	17		ל֔/וֹ	l	HR/Sp3ms	06am3
5	14	18		מָ֥ה	4100	HTi	06pwA
5	14	19		אֲדֹנִ֖/י	136	HNcmsc/Sp1cs	06tJ1
5	14	20		מְדַבֵּ֥ר	1696	HVprmsa	06wT4
5	14	21		אֶל	413	HR	064QP
5	14	22		עַבְדּֽ/וֹ	5650	HNcmsc/Sp3ms	06esN
5	15	1		וַ/יֹּאמֶר֩	c/559	HC/Vqw3ms	06tos
5	15	2		שַׂר	8269	HNcmsc	06YNQ
5	15	3		צְבָ֨א	6635 a	HNcbsc	06H41
5	15	4		יְהוָ֜ה	3068	HNp	06uyq
5	15	5		אֶל	413	HR	06i8S
5	15	6		יְהוֹשֻׁ֗עַ	3091	HNp	066z9
5	15	7		שַׁל	5394	HVqv2ms	065Py
5	15	8		נַֽעַלְ/ךָ֙	5275	HNcfsc/Sp2ms	06AHL
5	15	9		מֵ/עַ֣ל	m/5921 a	HR/R	06xF2
5	15	10		רַגְלֶ֔/ךָ	7272	HNcfsc/Sp2ms	06rbR
5	15	11		כִּ֣י	3588 a	HC	06deN
5	15	12		הַ/מָּק֗וֹם	d/4725	HTd/Ncmsa	06m4c
5	15	13		אֲשֶׁ֥ר	834 a	HTr	06Lrp
5	15	14		אַתָּ֛ה	859 a	HPp2ms	06c4q
5	15	15		עֹמֵ֥ד	5975	HVqrmsa	06xqq
5	15	16		עָלָ֖י/ו	5921 a	HR/Sp3ms	06XdH
5	15	17		קֹ֣דֶשׁ	6944	HNcmsa	06NvG
5	15	18		ה֑וּא	1931	HPp3ms	06vnB
5	15	19		וַ/יַּ֥עַשׂ	c/6213 a	HC/Vqw3ms	06U2p
5	15	20		יְהוֹשֻׁ֖עַ	3091	HNp	06SG8
5	15	21		כֵּֽן	3651 c	HTm	06kbN
6	1	1		וִֽ/ירִיחוֹ֙	c/3405	HC/Np	066mC
6	1	2		סֹגֶ֣רֶת	5462	HVqrfsa	06jug
6	1	3		וּ/מְסֻגֶּ֔רֶת	c/5462	HC/VPsfsa	06Vkq
6	1	4		מִ/פְּנֵ֖י	m/6440	HR/Ncbpc	06kRy
6	1	5		בְּנֵ֣י	1121 a	HNcmpc	064Jr
6	1	6		יִשְׂרָאֵ֑ל	3478	HNp	06AJD
6	1	7		אֵ֥ין	369	HTn	06w7S
6	1	8		יוֹצֵ֖א	3318	HVqrmsa	06bwc
6	1	9		וְ/אֵ֥ין	c/369	HC/Tn	06tSL
6	1	10		בָּֽא	935	HVqrmsa	06HZZ
6	2	1		וַ/יֹּ֤אמֶר	c/559	HC/Vqw3ms	06Bo3
6	2	2		יְהוָה֙	3068	HNp	06Mos
6	2	3		אֶל	413	HR	06JJB
6	2	4		יְהוֹשֻׁ֔עַ	3091	HNp	06yAj
6	2	5		רְאֵה֙	7200	HVqv2ms	06Gon
6	2	6		נָתַ֣תִּי	5414	HVqp1cs	06Fu4
6	2	7		בְ/יָֽדְ/ךָ֔	b/3027	HR/Ncbsc/Sp2ms	06UxF
6	2	8		אֶת	853	HTo	06u5M
6	2	9		יְרִיח֖וֹ	3405	HNp	06jQ2
6	2	10		וְ/אֶת	c/853	HC/To	0626m
6	2	11		מַלְכָּ֑/הּ	4428	HNcmsc/Sp3fs	06pu5
6	2	12		גִּבּוֹרֵ֖י	1368	HAampc	06eof
6	2	13		הֶ/חָֽיִל	d/2428	HTd/Ncmsa	064Th
6	3	1		וְ/סַבֹּתֶ֣ם	c/5437	HC/Vqq2mp	06x6W
6	3	2		אֶת	853	HTo	06Dux
6	3	3		הָ/עִ֗יר	d/5892 b	HTd/Ncfsa	06txJ
6	3	4		כֹּ֚ל	3605	HNcmsc	06pBm
6	3	5		אַנְשֵׁ֣י	376	HNcmpc	06HLf
6	3	6		הַ/מִּלְחָמָ֔ה	d/4421	HTd/Ncfsa	06gJx
6	3	7		הַקֵּ֥יף	5362 b	HVha	06rPn
6	3	8		אֶת	853	HTo	06BPG
6	3	9		הָ/עִ֖יר	d/5892 b	HTd/Ncfsa	06jZJ
6	3	10		פַּ֣עַם	6471	HNcfsc	06xoW
6	3	11		אֶחָ֑ת	259	HAcfsa	06ZXZ
6	3	12		כֹּ֥ה	3541	HD	06ybM
6	3	13		תַעֲשֶׂ֖ה	6213 a	HVqi2ms	06JT8
6	3	14		שֵׁ֥שֶׁת	8337	HAcmsc	06T2X
6	3	15		יָמִֽים	3117	HNcmpa	062GL
6	4	1		וְ/שִׁבְעָ֣ה	c/7651	HC/Acmsa	06e2V
6	4	2		כֹהֲנִ֡ים	3548	HNcmpa	06dGs
6	4	3		יִשְׂאוּ֩	5375	HVqi3mp	062Mh
6	4	4		שִׁבְעָ֨ה	7651	HAcmsa	06J1i
6	4	5		שׁוֹפְר֤וֹת	7782	HNcmpc	06xua
6	4	6		הַ/יּֽוֹבְלִים֙	d/3104	HTd/Ncmpa	067BX
6	4	7		לִ/פְנֵ֣י	l/6440	HR/Ncbpc	06mim
6	4	8		הָ/אָר֔וֹן	d/727	HTd/Ncbsa	06Hbd
6	4	9		וּ/בַ/יּוֹם֙	c/b/3117	HC/Rd/Ncmsa	06SSi
6	4	10		הַ/שְּׁבִיעִ֔י	d/7637	HTd/Aomsa	06iS2
6	4	11		תָּסֹ֥בּוּ	5437	HVqi2mp	06Ua3
6	4	12		אֶת	853	HTo	06X8d
6	4	13		הָ/עִ֖יר	d/5892 b	HTd/Ncfsa	06ASF
6	4	14		שֶׁ֣בַע	7651	HAcfsa	06qNw
6	4	15		פְּעָמִ֑ים	6471	HNcfpa	063PW
6	4	16		וְ/הַ/כֹּ֣הֲנִ֔ים	c/d/3548	HC/Td/Ncmpa	06ZDB
6	4	17		יִתְקְע֖וּ	8628	HVqi3mp	06Fr5
6	4	18		בַּ/שּׁוֹפָרֽוֹת	b/7782	HRd/Ncmpa	0631V
6	5	1		וְ/הָיָ֞ה	c/1961	HC/Vqq3ms	06iWv
6	5	2		בִּ/מְשֹׁ֣ךְ	b/4900	HR/Vqc	06vzh
6	5	3		בְּ/קֶ֣רֶן	b/7161 a	HR/Ncbsc	06G27
6	5	4		הַ/יּוֹבֵ֗ל	d/3104	HTd/Ncmsa	06Jbv
6	5	5	x-ketiv	ב/שמע/כם	b/8085	HR/Vqc/Sp2mp	06oWA
6	5	6		כְּ/שָׁמְעֲ/כֶם֙	k/8085	HR/Vqc/Sp2mp	06ZK9
6	5	7		אֶת	853	HTo	06yjm
6	5	8		ק֣וֹל	6963 a	HNcmsc	06yxA
6	5	9		הַ/שּׁוֹפָ֔ר	d/7782	HTd/Ncmsa	067ug
6	5	10		יָרִ֥יעוּ	7321	HVhi3mp	06PGz
6	5	11		כָל	3605	HNcmsc	06wpp
6	5	12		הָ/עָ֖ם	d/5971 a	HTd/Ncmsa	06PeV
6	5	13		תְּרוּעָ֣ה	8643	HNcfsa	06zGh
6	5	14		גְדוֹלָ֑ה	1419 a	HAafsa	068sY
6	5	15		וְ/נָ֨פְלָ֜ה	c/5307	HC/Vqq3fs	06Jdo
6	5	16		חוֹמַ֤ת	2346	HNcfsc	066E3
6	5	17		הָ/עִיר֙	d/5892 b	HTd/Ncfsa	066P5
6	5	18		תַּחְתֶּ֔י/הָ	8478	HR/Sp3fs	06apQ
6	5	19		וְ/עָל֥וּ	c/5927	HC/Vqq3cp	06BqY
6	5	20		הָ/עָ֖ם	d/5971 a	HTd/Ncmsa	0649o
6	5	21		אִ֥ישׁ	376	HNcmsa	06fF6
6	5	22		נֶגְדּֽ/וֹ	5048	HR/Sp3ms	0692K
6	6	1		וַ/יִּקְרָ֞א	c/7121	HC/Vqw3ms	06tGz
6	6	2		יְהוֹשֻׁ֤עַ	3091	HNp	06YrC
6	6	3		בִּן	1121 a	HNcmsc	06VrZ
6	6	4		נוּן֙	5126	HNp	06C6S
6	6	5		אֶל	413	HR	06vxb
6	6	6		הַ/כֹּ֣הֲנִ֔ים	d/3548	HTd/Ncmpa	06kjb
6	6	7		וַ/יֹּ֣אמֶר	c/559	HC/Vqw3ms	062Vu
6	6	8		אֲלֵ/הֶ֔ם	413	HR/Sp3mp	06L3Q
6	6	9		שְׂא֖וּ	5375	HVqv2mp	06HGZ
6	6	10		אֶת	853	HTo	0664C
6	6	11		אֲר֣וֹן	727	HNcbsc	066RY
6	6	12		הַ/בְּרִ֑ית	d/1285	HTd/Ncfsa	06fA1
6	6	13		וְ/שִׁבְעָ֣ה	c/7651	HC/Acmsa	06pXr
6	6	14		כֹֽהֲנִ֗ים	3548	HNcmpa	06WEX
6	6	15		יִשְׂאוּ֙	5375	HVqi3mp	06e9D
6	6	16		שִׁבְעָ֤ה	7651	HAcmsa	06peZ
6	6	17		שֽׁוֹפְרוֹת֙	7782	HNcmpc	06CNe
6	6	18		יוֹבְלִ֔ים	3104	HNcmpa	06nm5
6	6	19		לִ/פְנֵ֖י	l/6440	HR/Ncbpc	06orh
6	6	20		אֲר֥וֹן	727	HNcbsc	06Acg
6	6	21		יְהוָֽה	3068	HNp	06D85
6	7	1	x-ketiv	ו/יאמרו	c/559	HC/Vqw3mp	06BUn
6	7	2		וַ/יֹּ֨אמֶר֙	c/559	HC/Vqw3ms	06UF1
6	7	3		אֶל	413	HR	06zco
6	7	4		הָ/עָ֔ם	d/5971 a	HTd/Ncmsa	06GBT
6	7	5		עִבְר֖וּ	5674 a	HVqv2mp	06h66
6	7	6		וְ/סֹ֣בּוּ	c/5437	HC/Vqv2mp	066Dk
6	7	7		אֶת	853	HTo	06r7r
6	7	8		הָ/עִ֑יר	d/5892 b	HTd/Ncfsa	06oJg
6	7	9		וְ/הֶ֣/חָל֔וּץ	c/d/2502 b	HC/Td/Vqsmsa	06me1
6	7	10		יַעֲבֹ֕ר	5674 a	HVqi3ms	06oxa
6	7	11		לִ/פְנֵ֖י	l/6440	HR/Ncbpc	06YiJ
6	7	12		אֲר֥וֹן	727	HNcbsc	06Ypk
6	7	13		יְהוָֽה	3068	HNp	06C33
6	8	1		וַ/יְהִ֗י	c/1961	HC/Vqw3ms	06W8V
6	8	2		כֶּ/אֱמֹ֣ר	k/559	HR/Vqc	062Z4
6	8	3		יְהוֹשֻׁעַ֮	3091	HNp	06uX2
6	8	4		אֶל	413	HR	06TPk
6	8	5		הָ/עָם֒	d/5971 a	HTd/Ncmsa	06hdw
6	8	6		וְ/שִׁבְעָ֣ה	c/7651	HC/Acmsa	06LaJ
6	8	7		הַ/כֹּהֲנִ֡ים	d/3548	HTd/Ncmpa	06ZkJ
6	8	8		נֹשְׂאִים֩	5375	HVqrmpa	06rrP
6	8	9		שִׁבְעָ֨ה	7651	HAcmsa	06fqW
6	8	10		שׁוֹפְר֤וֹת	7782	HNcmpc	06sNS
6	8	11		הַ/יּֽוֹבְלִים֙	d/3104	HTd/Ncmpa	06Rij
6	8	12		לִ/פְנֵ֣י	l/6440	HR/Ncbpc	06rq9
6	8	13		יְהוָ֔ה	3068	HNp	062pQ
6	8	14		עָבְר֕וּ	5674 a	HVqp3cp	06hDH
6	8	15		וְ/תָקְע֖וּ	c/8628	HC/Vqq3cp	06zCX
6	8	16		בַּ/שּֽׁוֹפָר֑וֹת	b/7782	HRd/Ncmpa	06BTq
6	8	17		וַֽ/אֲרוֹן֙	c/727	HC/Ncbsc	06qmD
6	8	18		בְּרִ֣ית	1285	HNcfsc	06T54
6	8	19		יְהוָ֔ה	3068	HNp	06KK7
6	8	20		הֹלֵ֖ךְ	1980	HVqrmsa	06xrB
6	8	21		אַחֲרֵי/הֶֽם	310 a	HR/Sp3mp	062tb
6	9	1		וְ/הֶ/חָל֣וּץ	c/d/2502 b	HC/Td/Vqsmsa	06AAU
6	9	2		הֹלֵ֔ךְ	1980	HVqrmsa	06fKo
6	9	3		לִ/פְנֵי֙	l/6440	HR/Ncbpc	06hrP
6	9	4		הַ/כֹּ֣הֲנִ֔ים	d/3548	HTd/Ncmpa	06NXB
6	9	5	x-ketiv	תקעו	8628	HVqp3cp	06cv9
6	9	6		תֹּקְעֵ֖י	8628	HVqrmpc	068HL
6	9	7		הַ/שּֽׁוֹפָר֑וֹת	d/7782	HTd/Ncmpa	06sDr
6	9	8		וְ/הַֽ/מְאַסֵּ֗ף	c/d/622	HC/Td/Vprmsa	06Xyc
6	9	9		הֹלֵךְ֙	1980	HVqrmsa	06nYo
6	9	10		אַחֲרֵ֣י	310 a	HR	06pow
6	9	11		הָ/אָר֔וֹן	d/727	HTd/Ncbsa	06j9W
6	9	12		הָל֖וֹךְ	1980	HVqa	06c3J
6	9	13		וְ/תָק֥וֹעַ	c/8628	HC/Vqa	06a5b
6	9	14		בַּ/שּׁוֹפָרֽוֹת	b/7782	HRd/Ncmpa	06wEY
6	10	1		וְ/אֶת	c/853	HC/To	06EQ4
6	10	2		הָ/עָם֩	d/5971 a	HTd/Ncmsa	06avL
6	10	3		צִוָּ֨ה	6680	HVpp3ms	067ej
6	10	4		יְהוֹשֻׁ֜עַ	3091	HNp	06amD
6	10	5		לֵ/אמֹ֗ר	l/559	HR/Vqc	06VUr
6	10	6		לֹ֤א	3808	HTn	06yB6
6	10	7		תָרִ֨יעוּ֙	7321	HVhi2mp	06c5N
6	10	8		וְ/לֹֽא	c/3808	HC/Tn	06T55
6	10	9		תַשְׁמִ֣יעוּ	8085	HVhi2mp	06peT
6	10	10		אֶת	853	HTo	06Ksj
6	10	11		קוֹלְ/כֶ֔ם	6963 a	HNcmsc/Sp2mp	06Z3e
6	10	12		וְ/לֹא	c/3808	HC/Tn	06Kzf
6	10	13		יֵצֵ֥א	3318	HVqi3ms	06orc
6	10	14		מִ/פִּי/כֶ֖ם	m/6310	HR/Ncmsc/Sp2mp	0662Y
6	10	15		דָּבָ֑ר	1697	HNcmsa	06k5t
6	10	16		עַ֠ד	5704	HR	06KZM
6	10	17		י֣וֹם	3117	HNcmsa	06rez
6	10	18		אָמְרִ֧/י	559	HVqc/Sp1cs	06HUJ
6	10	19		אֲלֵי/כֶ֛ם	413	HR/Sp2mp	06psq
6	10	20		הָרִ֖יעוּ	7321	HVhv2mp	06WRG
6	10	21		וַ/הֲרִיעֹתֶֽם	c/7321	HC/Vhq2mp	06wbu
6	11	1		וַ/יַּסֵּ֤ב	c/5437	HC/Vhw3ms	06Bav
6	11	2		אֲרוֹן	727	HNcbsc	06GVi
6	11	3		יְהוָה֙	3068	HNp	06Csn
6	11	4		אֶת	853	HTo	06R9z
6	11	5		הָ/עִ֔יר	d/5892 b	HTd/Ncfsa	06tn3
6	11	6		הַקֵּ֖ף	5362 b	HVha	06uiF
6	11	7		פַּ֣עַם	6471	HNcfsc	06hmQ
6	11	8		אֶחָ֑ת	259	HAcfsa	06pj9
6	11	9		וַ/יָּבֹ֨אוּ֙	c/935	HC/Vqw3mp	06gza
6	11	10		הַֽ/מַּחֲנֶ֔ה	d/4264	HTd/Ncbsa	06nh4
6	11	11		וַ/יָּלִ֖ינוּ	c/3885 a	HC/Vqw3mp	06yip
6	11	12		בַּֽ/מַּחֲנֶֽה	b/4264	HRd/Ncbsa	06yhX
6	12	1		וַ/יַּשְׁכֵּ֥ם	c/7925	HC/Vhw3ms	06Rr8
6	12	2		יְהוֹשֻׁ֖עַ	3091	HNp	06q3q
6	12	3		בַּ/בֹּ֑קֶר	b/1242	HRd/Ncmsa	06zBj
6	12	4		וַ/יִּשְׂא֥וּ	c/5375	HC/Vqw3mp	06mM8
6	12	5		הַ/כֹּהֲנִ֖ים	d/3548	HTd/Ncmpa	06Boi
6	12	6		אֶת	853	HTo	069tu
6	12	7		אֲר֥וֹן	727	HNcbsc	06cJ2
6	12	8		יְהוָֽה	3068	HNp	06qwa
6	13	1		וְ/שִׁבְעָ֣ה	c/7651	HC/Acmsa	06U6p
6	13	2		הַ/כֹּהֲנִ֡ים	d/3548	HTd/Ncmpa	06gi1
6	13	3		נֹשְׂאִים֩	5375	HVqrmpa	06zuP
6	13	4		שִׁבְעָ֨ה	7651	HAcmsa	06RH3
6	13	5		שׁוֹפְר֜וֹת	7782	HNcmpc	06tap
6	13	6		הַ/יֹּבְלִ֗ים	d/3104	HTd/Ncmpa	06dpu
6	13	7		לִ/פְנֵי֙	l/6440	HR/Ncbpc	06bEm
6	13	8		אֲר֣וֹן	727	HNcbsc	06jsC
6	13	9		יְהוָ֔ה	3068	HNp	06VLV
6	13	10		הֹלְכִ֣ים	1980	HVqrmpa	06RYi
6	13	11		הָל֔וֹךְ	1980	HVqa	06VMS
6	13	12		וְ/תָקְע֖וּ	c/8628	HC/Vqq3cp	06WwP
6	13	13		בַּ/שּׁוֹפָר֑וֹת	b/7782	HRd/Ncmpa	069hJ
6	13	14		וְ/הֶ/חָלוּץ֙	c/d/2502 b	HC/Td/Vqsmsa	06wDc
6	13	15		הֹלֵ֣ךְ	1980	HVqrmsa	061ME
6	13	16		לִ/פְנֵי/הֶ֔ם	l/6440	HR/Ncbpc/Sp3mp	06bxs
6	13	17		וְ/הַֽ/מְאַסֵּ֗ף	c/d/622	HC/Td/Vprmsa	06Eya
6	13	18		הֹלֵךְ֙	1980	HVqrmsa	06bTU
6	13	19		אַֽחֲרֵי֙	310 a	HR	06Wzj
6	13	20		אֲר֣וֹן	727	HNcbsc	06xVG
6	13	21		יְהוָ֔ה	3068	HNp	06Ehm
6	13	22	x-ketiv	הולך	1980	HVqrmsa	06CAK
6	13	23		הָל֖וֹךְ	1980	HVqa	06o3f
6	13	24		וְ/תָק֥וֹעַ	c/8628	HC/Vqa	06e88
6	13	25		בַּ/שּׁוֹפָרֽוֹת	b/7782	HRd/Ncmpa	06f25
6	14	1		וַ/יָּסֹ֨בּוּ	c/5437	HC/Vqw3mp	06Hww
6	14	2		אֶת	853	HTo	06TVz
6	14	3		הָ/עִ֜יר	d/5892 b	HTd/Ncfsa	06LRb
6	14	4		בַּ/יּ֤וֹם	b/3117	HRd/Ncmsa	06HAt
6	14	5		הַ/שֵּׁנִי֙	d/8145	HTd/Aomsa	06nGv
6	14	6		פַּ֣עַם	6471	HNcfsc	06iiv
6	14	7		אַחַ֔ת	259	HAcfsa	06CVL
6	14	8		וַ/יָּשֻׁ֖בוּ	c/7725	HC/Vqw3mp	069vz
6	14	9		הַֽ/מַּחֲנֶ֑ה	d/4264	HTd/Ncbsa	06NTb
6	14	10		כֹּ֥ה	3541	HD	06cvb
6	14	11		עָשׂ֖וּ	6213 a	HVqp3cp	06B7J
6	14	12		שֵׁ֥שֶׁת	8337	HAcmsc	06XBu
6	14	13		יָמִֽים	3117	HNcmpa	06uMM
6	15	1		וַ/יְהִ֣י	c/1961	HC/Vqw3ms	06XBy
6	15	2		בַּ/יּ֣וֹם	b/3117	HRd/Ncmsa	06Gch
6	15	3		הַ/שְּׁבִיעִ֗י	d/7637	HTd/Aomsa	06tZs
6	15	4		וַ/יַּשְׁכִּ֨מוּ֙	c/7925	HC/Vhw3mp	06Sx5
6	15	5		כַּ/עֲל֣וֹת	k/5927	HR/Vqc	06mYa
6	15	6		הַ/שַּׁ֔חַר	d/7837	HTd/Ncmsa	06Fc9
6	15	7		וַ/יָּסֹ֧בּוּ	c/5437	HC/Vqw3mp	0663V
6	15	8		אֶת	853	HTo	06xVx
6	15	9		הָ/עִ֛יר	d/5892 b	HTd/Ncfsa	06ZMa
6	15	10		כַּ/מִּשְׁפָּ֥ט	k/4941	HRd/Ncmsa	06K9n
6	15	11		הַ/זֶּ֖ה	d/2088	HTd/Pdxms	06rsj
6	15	12		שֶׁ֣בַע	7651	HAcfsa	06QzN
6	15	13		פְּעָמִ֑ים	6471	HNcfpa	06zQg
6	15	14		רַ֚ק	7535	HTa	06s54
6	15	15		בַּ/יּ֣וֹם	b/3117	HRd/Ncmsa	06ZxQ
6	15	16		הַ/ה֔וּא	d/1931	HTd/Pp3ms	06mBQ
6	15	17		סָבְב֥וּ	5437	HVqp3cp	06kmu
6	15	18		אֶת	853	HTo	06Rpd
6	15	19		הָ/עִ֖יר	d/5892 b	HTd/Ncfsa	062xG
6	15	20		שֶׁ֥בַע	7651	HAcfsa	06ex2
6	15	21		פְּעָמִֽים	6471	HNcfpa	063VA
6	16	1		וַ/יְהִי֙	c/1961	HC/Vqw3ms	06XVR
6	16	2		בַּ/פַּ֣עַם	b/6471	HRd/Ncfsa	06Lx1
6	16	3		הַ/שְּׁבִיעִ֔ית	d/7637	HTd/Aofsa	067zA
6	16	4		תָּקְע֥וּ	8628	HVqp3cp	06bE4
6	16	5		הַ/כֹּהֲנִ֖ים	d/3548	HTd/Ncmpa	06qcU
6	16	6		בַּ/שּׁוֹפָר֑וֹת	b/7782	HRd/Ncmpa	068e9
6	16	7		וַ/יֹּ֨אמֶר	c/559	HC/Vqw3ms	06iuc
6	16	8		יְהוֹשֻׁ֤עַ	3091	HNp	064pW
6	16	9		אֶל	413	HR	06tDy
6	16	10		הָ/עָם֙	d/5971 a	HTd/Ncmsa	06NLe
6	16	11		הָרִ֔יעוּ	7321	HVhv2mp	06GtD
6	16	12		כִּֽי	3588 a	HC	06mwz
6	16	13		נָתַ֧ן	5414	HVqp3ms	06v4c
6	16	14		יְהוָ֛ה	3068	HNp	06SkK
6	16	15		לָ/כֶ֖ם	l	HR/Sp2mp	065xn
6	16	16		אֶת	853	HTo	06U8y
6	16	17		הָ/עִֽיר	d/5892 b	HTd/Ncfsa	06G3b
6	17	1		וְ/הָיְתָ֨ה	c/1961	HC/Vqq3fs	06i4K
6	17	2		הָ/עִ֥יר	d/5892 b	HTd/Ncfsa	06Vhq
6	17	3		חֵ֛רֶם	2764 a	HNcmsa	068w5
6	17	4		הִ֥יא	1931	HPp3fs	06XKu
6	17	5		וְ/כָל	c/3605	HC/Ncmsc	06N3Z
6	17	6		אֲשֶׁר	834 a	HTr	0672P
6	17	7		בָּ֖/הּ	b	HR/Sp3fs	06u1j
6	17	8		לַֽ/יהוָ֑ה	l/3068	HR/Np	06DBw
6	17	9		רַק֩	7535	HTa	06KyH
6	17	10		רָחָ֨ב	7343	HNp	06sK9
6	17	11		הַ/זּוֹנָ֜ה	d/2181	HTd/Vqrfsa	06soG
6	17	12		תִּֽחְיֶ֗ה	2421	HVqi3fs	06Ggv
6	17	13		הִ֚יא	1931	HPp3fs	06NRv
6	17	14		וְ/כָל	c/3605	HC/Ncmsc	06fdT
6	17	15		אֲשֶׁ֣ר	834 a	HTr	06qex
6	17	16		אִתָּ֣/הּ	854	HR/Sp3fs	06GE5
6	17	17		בַּ/בַּ֔יִת	b/1004 b	HRd/Ncmsa	064oz
6	17	18		כִּ֣י	3588 a	HC	066kG
6	17	19		הֶחְבְּאַ֔תָה	2244	HVhp3fs	06Wuj
6	17	20		אֶת	853	HTo	066jv
6	17	21		הַ/מַּלְאָכִ֖ים	d/4397	HTd/Ncmpa	06WSR
6	17	22		אֲשֶׁ֥ר	834 a	HTr	06xRq
6	17	23		שָׁלָֽחְנוּ	7971	HVqp1cp	06xiv
6	18	1		וְ/רַק	c/7535	HC/Ta	06Vhb
6	18	2		אַתֶּם֙	859 d	HPp2mp	06Kra
6	18	3		שִׁמְר֣וּ	8104	HVqv2mp	06FB9
6	18	4		מִן	4480 a	HR	06WPN
6	18	5		הַ/חֵ֔רֶם	d/2764 a	HTd/Ncmsa	06zbb
6	18	6		פֶּֽן	6435	HC	06W6k
6	18	7		תַּחֲרִ֖ימוּ	2763 a	HVhi2mp	06dcc
6	18	8		וּ/לְקַחְתֶּ֣ם	c/3947	HC/Vqq2mp	063fz
6	18	9		מִן	4480 a	HR	06pV4
6	18	10		הַ/חֵ֑רֶם	d/2764 a	HTd/Ncmsa	06K76
6	18	11		וְ/שַׂמְתֶּ֞ם	c/7760 a	HC/Vqq2mp	06Xvh
6	18	12		אֶת	853	HTo	06F23
6	18	13		מַחֲנֵ֤ה	4264	HNcbsc	06t9z
6	18	14		יִשְׂרָאֵל֙	3478	HNp	06whu
6	18	15		לְ/חֵ֔רֶם	l/2764 a	HR/Ncmsa	06ose
6	18	16		וַ/עֲכַרְתֶּ֖ם	c/5916	HC/Vqq2mp	06min
6	18	17		אוֹתֽ/וֹ	853	HTo/Sp3ms	06iic
6	19	1		וְ/כֹ֣ל	c/3605	HC/Ncmsc	06uQX
6	19	2		כֶּ֣סֶף	3701	HNcmsa	06fqr
6	19	3		וְ/זָהָ֗ב	c/2091	HC/Ncmsa	06gRQ
6	19	4		וּ/כְלֵ֤י	c/3627	HC/Ncmpc	06oC6
6	19	5		נְחֹ֨שֶׁת֙	5178 a	HNcfsa	06AB9
6	19	6		וּ/בַרְזֶ֔ל	c/1270	HC/Ncmsa	066Bi
6	19	7		קֹ֥דֶשׁ	6944	HNcmsa	06TKQ
6	19	8		ה֖וּא	1931	HPp3ms	06sX9
6	19	9		לַֽ/יהוָ֑ה	l/3068	HR/Np	06CNX
6	19	10		אוֹצַ֥ר	214	HNcmsc	065Jx
6	19	11		יְהוָ֖ה	3068	HNp	06K8B
6	19	12		יָבֽוֹא	935	HVqi3ms	06qTM
6	20	1		וַ/יָּ֣רַע	c/7321	HC/Vhw3ms	06kST
6	20	2		הָ/עָ֔ם	d/5971 a	HTd/Ncmsa	069ok
6	20	3		וַֽ/יִּתְקְע֖וּ	c/8628	HC/Vqw3mp	06G8f
6	20	4		בַּ/שֹּֽׁפָר֑וֹת	b/7782	HRd/Ncmpa	06bjL
6	20	5		וַ/יְהִי֩	c/1961	HC/Vqw3ms	06ant
6	20	6		כִ/שְׁמֹ֨עַ	k/8085	HR/Vqc	064aq
6	20	7		הָ/עָ֜ם	d/5971 a	HTd/Ncmsa	06xLT
6	20	8		אֶת	853	HTo	06fns
6	20	9		ק֣וֹל	6963 a	HNcmsc	06p9L
6	20	10		הַ/שּׁוֹפָ֗ר	d/7782	HTd/Ncmsa	06ZUC
6	20	11		וַ/יָּרִ֤יעוּ	c/7321	HC/Vhw3mp	06JCj
6	20	12		הָ/עָם֙	d/5971 a	HTd/Ncmsa	06cTb
6	20	13		תְּרוּעָ֣ה	8643	HNcfsa	06EZX
6	20	14		גְדוֹלָ֔ה	1419 a	HAafsa	06Y8E
6	20	15		וַ/תִּפֹּ֨ל	c/5307	HC/Vqw3fs	06WfP
6	20	16		הַֽ/חוֹמָ֜ה	d/2346	HTd/Ncfsa	06EHX
6	20	17		תַּחְתֶּ֗י/הָ	8478	HR/Sp3fs	06htV
6	20	18		וַ/יַּ֨עַל	c/5927	HC/Vqw3ms	06dnq
6	20	19		הָ/עָ֤ם	d/5971 a	HTd/Ncmsa	06Bfr
6	20	20		הָ/עִ֨ירָ/ה֙	d/5892 b	HTd/Ncfsa/Sd	06n3U
6	20	21		אִ֣ישׁ	376	HNcmsa	06UYs
6	20	22		נֶגְדּ֔/וֹ	5048	HR/Sp3ms	06T4t
6	20	23		וַֽ/יִּלְכְּד֖וּ	c/3920	HC/Vqw3mp	06CXn
6	20	24		אֶת	853	HTo	06eoV
6	20	25		הָ/עִֽיר	d/5892 b	HTd/Ncfsa	06z2s
6	21	1		וַֽ/יַּחֲרִ֨ימוּ֙	c/2763 a	HC/Vhw3mp	06eW4
6	21	2		אֶת	853	HTo	06Kox
6	21	3		כָּל	3605	HNcmsc	06RGB
6	21	4		אֲשֶׁ֣ר	834 a	HTr	06Upn
6	21	5		בָּ/עִ֔יר	b/5892 b	HRd/Ncfsa	06dXz
6	21	6		מֵ/אִישׁ֙	m/376	HR/Ncmsa	06Bbn
6	21	7		וְ/עַד	c/5704	HC/R	061Zv
6	21	8		אִשָּׁ֔ה	802	HNcfsa	06TB4
6	21	9		מִ/נַּ֖עַר	m/5288	HR/Ncmsa	06oG9
6	21	10		וְ/עַד	c/5704	HC/R	06prm
6	21	11		זָקֵ֑ן	2205	HAamsa	06rwi
6	21	12		וְ/עַ֨ד	c/5704	HC/R	06EAA
6	21	13		שׁ֥וֹר	7794	HNcmsa	06LxY
6	21	14		וָ/שֶׂ֛ה	c/7716	HC/Ncbsa	06Frb
6	21	15		וַ/חֲמ֖וֹר	c/2543	HC/Ncbsa	06HJn
6	21	16		לְ/פִי	l/6310	HR/Ncmsc	06LuD
6	21	17		חָֽרֶב	2719	HNcfsa	06XnL
6	22	1		וְ/לִ/שְׁנַ֨יִם	c/l/8147	HC/R/Acmda	06sUy
6	22	2		הָ/אֲנָשִׁ֜ים	d/376	HTd/Ncmpa	067nT
6	22	3		הַֽ/מְרַגְּלִ֤ים	d/7270	HTd/Vprmpa	06yyf
6	22	4		אֶת	853	HTo	064Zw
6	22	5		הָ/אָ֨רֶץ֙	d/776	HTd/Ncbsa	06JqE
6	22	6		אָמַ֣ר	559	HVqp3ms	06rnt
6	22	7		יְהוֹשֻׁ֔עַ	3091	HNp	06DiF
6	22	8		בֹּ֖אוּ	935	HVqv2mp	06eUy
6	22	9		בֵּית	1004 b	HNcmsc	06Vak
6	22	10		הָ/אִשָּׁ֣ה	d/802	HTd/Ncfsa	06oiN
6	22	11		הַ/זּוֹנָ֑ה	d/2181	HTd/Vqrfsa	06vnQ
6	22	12		וְ/הוֹצִ֨יאוּ	c/3318	HC/Vhv2mp	06gEr
6	22	13		מִ/שָּׁ֤ם	m/8033	HR/D	06WLF
6	22	14		אֶת	853	HTo	06wGZ
6	22	15		הָֽ/אִשָּׁה֙	d/802	HTd/Ncfsa	06HVd
6	22	16		וְ/אֶת	c/853	HC/To	06Fze
6	22	17		כָּל	3605	HNcmsc	06ZHY
6	22	18		אֲשֶׁר	834 d	HTr	061sU
6	22	19		לָ֔/הּ	l	HR/Sp3fs	06CGv
6	22	20		כַּ/אֲשֶׁ֥ר	k/834 d	HR/Tr	06xTA
6	22	21		נִשְׁבַּעְתֶּ֖ם	7650	HVNp2mp	06isH
6	22	22		לָֽ/הּ	l	HR/Sp3fs	06nJS
6	23	1		וַ/יָּבֹ֜אוּ	c/935	HC/Vqw3mp	06cUx
6	23	2		הַ/נְּעָרִ֣ים	d/5288	HTd/Ncmpa	06a6i
6	23	3		הַֽ/מְרַגְּלִ֗ים	d/7270	HTd/Vprmpa	06Jfc
6	23	4		וַ/יֹּצִ֡יאוּ	c/3318	HC/Vhw3mp	06hEY
6	23	5		אֶת	853	HTo	06ijZ
6	23	6		רָ֠חָב	7343	HNp	06u83
6	23	7		וְ/אֶת	c/853	HC/To	06NzX
6	23	8		אָבִ֨י/הָ	1	HNcmsc/Sp3fs	0617r
6	23	9		וְ/אֶת	c/853	HC/To	06ZU1
6	23	10		אִמָּ֤/הּ	517	HNcfsc/Sp3fs	06otL
6	23	11		וְ/אֶת	c/853	HC/To	06um7
6	23	12		אַחֶ֨י/הָ֙	251	HNcmpc/Sp3fs	06KjJ
6	23	13		וְ/אֶת	c/853	HC/To	06fiM
6	23	14		כָּל	3605	HNcmsc	06dcf
6	23	15		אֲשֶׁר	834 a	HTr	06KEb
6	23	16		לָ֔/הּ	l	HR/Sp3fs	06hC2
6	23	17		וְ/אֵ֥ת	c/853	HC/To	064fq
6	23	18		כָּל	3605	HNcmsc	06sEG
6	23	19		מִשְׁפְּחוֹתֶ֖י/הָ	4940	HNcfpc/Sp3fs	06HuD
6	23	20		הוֹצִ֑יאוּ	3318	HVhp3cp	063KB
6	23	21		וַ/יַּ֨נִּיח֔וּ/ם	c/3240	HC/Vhw3mp/Sp3mp	06q7m
6	23	22		מִ/ח֖וּץ	m/2351	HR/Ncmsa	06bTg
6	23	23		לְ/מַחֲנֵ֥ה	l/4264	HR/Ncbsc	06Aw1
6	23	24		יִשְׂרָאֵֽל	3478	HNp	06AqN
6	24	1		וְ/הָ/עִ֛יר	c/d/5892 b	HC/Td/Ncfsa	0676m
6	24	2		שָׂרְפ֥וּ	8313	HVqp3cp	066a2
6	24	3		בָ/אֵ֖שׁ	b/784	HRd/Ncbsa	06g5k
6	24	4		וְ/כָל	c/3605	HC/Ncmsc	06wJN
6	24	5		אֲשֶׁר	834 a	HTr	06bGZ
6	24	6		בָּ֑/הּ	b	HR/Sp3fs	06pX4
6	24	7		רַ֣ק	7535	HTa	06J7k
6	24	8		הַ/כֶּ֣סֶף	d/3701	HTd/Ncmsa	06AuP
6	24	9		וְ/הַ/זָּהָ֗ב	c/d/2091	HC/Td/Ncmsa	06syM
6	24	10		וּ/כְלֵ֤י	c/3627	HC/Ncmpc	06ayp
6	24	11		הַ/נְּחֹ֨שֶׁת֙	d/5178 a	HTd/Ncfsa	06zG9
6	24	12		וְ/הַ/בַּרְזֶ֔ל	c/d/1270	HC/Td/Ncmsa	06DUx
6	24	13		נָתְנ֖וּ	5414	HVqp3cp	06G26
6	24	14		אוֹצַ֥ר	214	HNcmsc	06r7o
6	24	15		בֵּית	1004 b	HNcmsc	06kDi
6	24	16		יְהוָֽה	3068	HNp	06VnV
6	25	1		וְֽ/אֶת	c/853	HC/To	06J24
6	25	2		רָחָ֣ב	7343	HNp	06s9A
6	25	3		הַ֠/זּוֹנָה	d/2181	HTd/Vqrfsa	06vhV
6	25	4		וְ/אֶת	c/853	HC/To	06kFL
6	25	5		בֵּ֨ית	1004 b	HNcmsc	06xfx
6	25	6		אָבִ֤י/הָ	1	HNcmsc/Sp3fs	06aHo
6	25	7		וְ/אֶת	c/853	HC/To	06pSV
6	25	8		כָּל	3605	HNcmsc	06LrK
6	25	9		אֲשֶׁר	834 a	HTr	063sH
6	25	10		לָ/הּ֙	l	HR/Sp3fs	06vzR
6	25	11		הֶחֱיָ֣ה	2421	HVhp3ms	06ZCZ
6	25	12		יְהוֹשֻׁ֔עַ	3091	HNp	06SJf
6	25	13		וַ/תֵּ֨שֶׁב֙	c/3427	HC/Vqw3fs	06wVm
6	25	14		בְּ/קֶ֣רֶב	b/7130	HR/Ncmsc	06Qmg
6	25	15		יִשְׂרָאֵ֔ל	3478	HNp	06n9A
6	25	16		עַ֖ד	5704	HR	06dXa
6	25	17		הַ/יּ֣וֹם	d/3117	HTd/Ncmsa	069Nr
6	25	18		הַ/זֶּ֑ה	d/2088	HTd/Pdxms	06FSa
6	25	19		כִּ֤י	3588 a	HC	061UN
6	25	20		הֶחְבִּ֨יאָה֙	2244	HVhp3fs	06cin
6	25	21		אֶת	853	HTo	06bE5
6	25	22		הַ/מַּלְאָכִ֔ים	d/4397	HTd/Ncmpa	06qW4
6	25	23		אֲשֶׁר	834 a	HTr	06S49
6	25	24		שָׁלַ֥ח	7971	HVqp3ms	06TSp
6	25	25		יְהוֹשֻׁ֖עַ	3091	HNp	06Vea
6	25	26		לְ/רַגֵּ֥ל	l/7270	HR/Vpc	06Ca6
6	25	27		אֶת	853	HTo	06tEM
6	25	28		יְרִיחֽוֹ	3405	HNp	06qkk
6	26	1		וַ/יַּשְׁבַּ֣ע	c/7650	HC/Vhw3ms	06CTn
6	26	2		יְהוֹשֻׁ֔עַ	3091	HNp	06EJ6
6	26	3		בָּ/עֵ֥ת	b/6256	HRd/Ncbsa	06bDE
6	26	4		הַ/הִ֖יא	d/1931	HTd/Pp3fs	06Q8d
6	26	5		לֵ/אמֹ֑ר	l/559	HR/Vqc	06vNa
6	26	6		אָר֨וּר	779	HVqsmsa	063VZ
6	26	7		הָ/אִ֜ישׁ	d/376	HTd/Ncmsa	06WTF
6	26	8		לִ/פְנֵ֣י	l/6440	HR/Ncbpc	06Cbt
6	26	9		יְהוָ֗ה	3068	HNp	06cnB
6	26	10		אֲשֶׁ֤ר	834 a	HTr	06dS2
6	26	11		יָקוּם֙	6965 b	HVqi3ms	06ckH
6	26	12		וּ/בָנָ֞ה	c/1129	HC/Vqq3ms	06rGf
6	26	13		אֶת	853	HTo	06NLP
6	26	14		הָ/עִ֤יר	d/5892 b	HTd/Ncfsa	06aVA
6	26	15		הַ/זֹּאת֙	d/2063	HTd/Pdxfs	06FZ7
6	26	16		אֶת	853	HTo	06ML5
6	26	17		יְרִיח֔וֹ	3405	HNp	06vua
6	26	18		בִּ/בְכֹר֣/וֹ	b/1060	HR/Ncmsc/Sp3ms	06v3n
6	26	19		יְיַסְּדֶ֔/נָּה	3245	HVpi3ms/Sp3fs	06zNk
6	26	20		וּ/בִ/צְעִיר֖/וֹ	c/b/6810	HC/R/Aamsc/Sp3ms	06W9D
6	26	21		יַצִּ֥יב	5324	HVhi3ms	06yYE
6	26	22		דְּלָתֶֽי/הָ	1817 c	HNcfdc/Sp3fs	06Aok
6	27	1		וַ/יְהִ֥י	c/1961	HC/Vqw3ms	06uxn
6	27	2		יְהוָ֖ה	3068	HNp	067cw
6	27	3		אֶת	854	HR	06JhN
6	27	4		יְהוֹשֻׁ֑עַ	3091	HNp	062Xh
6	27	5		וַ/יְהִ֥י	c/1961	HC/Vqw3ms	06oMP
6	27	6		שָׁמְע֖/וֹ	8089	HNcmsc/Sp3ms	06fMQ
6	27	7		בְּ/כָל	b/3605	HR/Ncmsc	06ngx
6	27	8		הָ/אָֽרֶץ	d/776	HTd/Ncbsa	069eB
7	1	1		וַ/יִּמְעֲל֧וּ	c/4603	HC/Vqw3mp	06cbT
7	1	2		בְנֵֽי	1121 a	HNcmpc	06u2m
7	1	3		יִשְׂרָאֵ֛ל	3478	HNp	06mwg
7	1	4		מַ֖עַל	4604	HNcmsa	06YcV
7	1	5		בַּ/חֵ֑רֶם	b/2764 a	HRd/Ncmsa	06Yny
7	1	6		וַ/יִּקַּ֡ח	c/3947	HC/Vqw3ms	06orY
7	1	7		עָכָ֣ן	5912	HNp	062jV
7	1	8		בֶּן	1121 a	HNcmsc	06w3o
7	1	9		כַּרְמִי֩	3756	HNp	06qch
7	1	10		בֶן	1121 a	HNcmsc	06VmY
7	1	11		זַבְדִּ֨י	2067	HNp	06uLw
7	1	12		בֶן	1121 a	HNcmsc	06eWY
7	1	13		זֶ֜רַח	2226	HNp	06BaQ
7	1	14		לְ/מַטֵּ֤ה	l/4294	HR/Ncmsc	0698x
7	1	15		יְהוּדָה֙	3063	HNp	06jFf
7	1	16		מִן	4480 a	HR	06GR3
7	1	17		הַ/חֵ֔רֶם	d/2764 a	HTd/Ncmsa	06qQN
7	1	18		וַ/יִּֽחַר	c/2734	HC/Vqw3ms	06aee
7	1	19		אַ֥ף	639	HTa	06CqB
7	1	20		יְהוָ֖ה	3068	HNp	06UWF
7	1	21		בִּ/בְנֵ֥י	b/1121 a	HR/Ncmpc	062Ha
7	1	22		יִשְׂרָאֵֽל	3478	HNp	06EnP
7	2	1		וַ/יִּשְׁלַח֩	c/7971	HC/Vqw3ms	06nb6
7	2	2		יְהוֹשֻׁ֨עַ	3091	HNp	06YMF
7	2	3		אֲנָשִׁ֜ים	376	HNcmpa	06BAm
7	2	4		מִֽ/ירִיח֗וֹ	m/3405	HR/Np	06xLv
7	2	5		הָ/עַ֞י	d/5857	HTd/Np	06ENs
7	2	6		אֲשֶׁ֨ר	834 a	HTr	06f29
7	2	7		עִם	5973 a	HR	06nbb
7	2	8		בֵּ֥ית	1007+	HNp	063zy
7	2	9		אָ֨וֶן֙	1007	HNp	06UBC
7	2	10		מִ/קֶּ֣דֶם	m/6924 a	HR/Ncmsa	062Bp
7	2	11		לְ/בֵֽית	l/1008+	HR/Np	06YVx
7	2	12		אֵ֔ל	1008	HNp	062iX
7	2	13		וַ/יֹּ֤אמֶר	c/559	HC/Vqw3ms	06kav
7	2	14		אֲלֵי/הֶם֙	413	HR/Sp3mp	06enN
7	2	15		לֵ/אמֹ֔ר	l/559	HR/Vqc	06vBq
7	2	16		עֲל֖וּ	5927	HVqv2mp	06xhr
7	2	17		וְ/רַגְּל֣וּ	c/7270	HC/Vpv2mp	0692H
7	2	18		אֶת	853	HTo	06xhx
7	2	19		הָ/אָ֑רֶץ	d/776	HTd/Ncbsa	06TLE
7	2	20		וַֽ/יַּעֲלוּ֙	c/5927	HC/Vqw3mp	066mu
7	2	21		הָ/אֲנָשִׁ֔ים	d/376	HTd/Ncmpa	06zyy
7	2	22		וַֽ/יְרַגְּל֖וּ	c/7270	HC/Vpw3mp	06KhN
7	2	23		אֶת	853	HTo	06zbv
7	2	24		הָ/עָֽי	d/5857	HTd/Np	06nXx
7	3	1		וַ/יָּשֻׁ֣בוּ	c/7725	HC/Vqw3mp	06RhB
7	3	2		אֶל	413	HR	06HmR
7	3	3		יְהוֹשֻׁ֗עַ	3091	HNp	06XWV
7	3	4		וַ/יֹּאמְר֣וּ	c/559	HC/Vqw3mp	06jR8
7	3	5		אֵלָי/ו֮	413	HR/Sp3ms	067jg
7	3	6		אַל	408	HTn	06m9m
7	3	7		יַ֣עַל	5927	HVqj3ms	06aDj
7	3	8		כָּל	3605	HNcmsc	06oib
7	3	9		הָ/עָם֒	d/5971 a	HTd/Ncmsa	06sBE
7	3	10		כְּ/אַלְפַּ֣יִם	k/505	HR/Acbpa	064BE
7	3	11		אִ֗ישׁ	376	HNcmsa	06t8g
7	3	12		א֚וֹ	176 a	HC	06gsX
7	3	13		כִּ/שְׁלֹ֣שֶׁת	k/7969	HR/Acmsc	06yBx
7	3	14		אֲלָפִ֣ים	505	HAcbpa	06vE1
7	3	15		אִ֔ישׁ	376	HNcmsa	06896
7	3	16		יַעֲל֖וּ	5927	HVqj3mp	06Xy3
7	3	17		וְ/יַכּ֣וּ	c/5221	HC/Vhj3mp	06TH8
7	3	18		אֶת	853	HTo	065Ve
7	3	19		הָ/עָ֑י	d/5857	HTd/Np	06t5T
7	3	20		אַל	408	HTn	06ssX
7	3	21		תְּיַגַּע	3021	HVpj2ms	067TK
7	3	22		שָׁ֨מָּ/ה֙	8033	HD/Sd	06wiu
7	3	23		אֶת	853	HTo	06gBQ
7	3	24		כָּל	3605	HNcmsc	06gVx
7	3	25		הָ/עָ֔ם	d/5971 a	HTd/Ncmsa	06Q1t
7	3	26		כִּ֥י	3588 a	HC	06pZm
7	3	27		מְעַ֖ט	4592	HNcmsa	06qGV
7	3	28		הֵֽמָּה	1992	HPp3mp	06TBs
7	4	1		וַ/יַּעֲל֤וּ	c/5927	HC/Vqw3mp	06sYk
7	4	2		מִן	4480 a	HR	06yZ9
7	4	3		הָ/עָם֙	d/5971 a	HTd/Ncmsa	06Ee6
7	4	4		שָׁ֔מָּ/ה	8033	HD/Sd	06LvK
7	4	5		כִּ/שְׁלֹ֥שֶׁת	k/7969	HR/Acmsc	06NsV
7	4	6		אֲלָפִ֖ים	505	HAcbpa	06spB
7	4	7		אִ֑ישׁ	376	HNcmsa	06QM1
7	4	8		וַ/יָּנֻ֕סוּ	c/5127	HC/Vqw3mp	06WMi
7	4	9		לִ/פְנֵ֖י	l/6440	HR/Ncbpc	06p5C
7	4	10		אַנְשֵׁ֥י	376	HNcmpc	06pLh
7	4	11		הָ/עָֽי	d/5857	HTd/Np	065n2
7	5	1		וַ/יַּכּ֨וּ	c/5221	HC/Vhw3mp	06WG2
7	5	2		מֵ/הֶ֜ם	m	HR/Sp3mp	06ddN
7	5	3		אַנְשֵׁ֣י	376	HNcmpc	06oga
7	5	4		הָ/עַ֗י	d/5857	HTd/Np	06yLm
7	5	5		כִּ/שְׁלֹשִׁ֤ים	k/7970	HR/Acbpa	06mAF
7	5	6		וְ/שִׁשָּׁה֙	c/8337	HC/Acmsa	0693w
7	5	7		אִ֔ישׁ	376	HNcmsa	06XGn
7	5	8		וַֽ/יִּרְדְּפ֞וּ/ם	c/7291	HC/Vqw3mp/Sp3mp	06gnt
7	5	9		לִ/פְנֵ֤י	l/6440	HR/Ncbpc	06Ycp
7	5	10		הַ/שַּׁ֨עַר֙	d/8179	HTd/Ncmsa	06kGw
7	5	11		עַד	5704	HR	068xG
7	5	12		הַ/שְּׁבָרִ֔ים	d/7671	HTd/Np	06X9f
7	5	13		וַ/יַּכּ֖וּ/ם	c/5221	HC/Vhw3mp/Sp3mp	06gBY
7	5	14		בַּ/מּוֹרָ֑ד	b/4174	HRd/Ncmsa	06JSS
7	5	15		וַ/יִּמַּ֥ס	c/4549	HC/VNw3ms	06hzi
7	5	16		לְבַב	3824	HNcmsc	06xKZ
7	5	17		הָ/עָ֖ם	d/5971 a	HTd/Ncmsa	06GD6
7	5	18		וַ/יְהִ֥י	c/1961	HC/Vqw3ms	06e1w
7	5	19		לְ/מָֽיִם	l/4325	HR/Ncmpa	06fK1
7	6	1		וַ/יִּקְרַ֨ע	c/7167	HC/Vqw3ms	06UV1
7	6	2		יְהוֹשֻׁ֜עַ	3091	HNp	06pJ8
7	6	3		שִׂמְלֹתָ֗י/ו	8071	HNcfpc/Sp3ms	06d2D
7	6	4		וַ/יִּפֹּל֩	c/5307	HC/Vqw3ms	06pY9
7	6	5		עַל	5921 a	HR	06GAq
7	6	6		פָּנָ֨י/ו	6440	HNcbpc/Sp3ms	06ViK
7	6	7		אַ֜רְצָ/ה	776	HNcbsa/Sd	06bs2
7	6	8		לִ/פְנֵ֨י	l/6440	HR/Ncbpc	0665v
7	6	9		אֲר֤וֹן	727	HNcbsc	06ULQ
7	6	10		יְהוָה֙	3068	HNp	06B9j
7	6	11		עַד	5704	HR	06bWi
7	6	12		הָ/עֶ֔רֶב	d/6153	HTd/Ncmsa	06xoF
7	6	13		ה֖וּא	1931	HPp3ms	06hCv
7	6	14		וְ/זִקְנֵ֣י	c/2205	HC/Aampc	06Mci
7	6	15		יִשְׂרָאֵ֑ל	3478	HNp	06f9n
7	6	16		וַ/יַּעֲל֥וּ	c/5927	HC/Vhw3mp	064Rf
7	6	17		עָפָ֖ר	6083	HNcmsa	06Qyd
7	6	18		עַל	5921 a	HR	06C76
7	6	19		רֹאשָֽׁ/ם	7218 a	HNcmsc/Sp3mp	06CYo
7	7	1		וַ/יֹּ֨אמֶר	c/559	HC/Vqw3ms	06Bra
7	7	2		יְהוֹשֻׁ֜עַ	3091	HNp	0659X
7	7	3		אֲהָ֣הּ	162	HTj	06j6b
7	7	4		אֲדֹנָ֣/י	136	HNcmpc/Sp1cs	06KgL
7	7	5		יְהוִ֗ה	3069	HNp	06BFU
7	7	6		לָ֠/מָה	l/4100	HR/Ti	06Js9
7	7	7		הֵעֲבַ֨רְתָּ	5674 a	HVhp2ms	068Do
7	7	8		הַעֲבִ֜יר	5674 a	HVha	06m6D
7	7	9		אֶת	853	HTo	06agh
7	7	10		הָ/עָ֤ם	d/5971 a	HTd/Ncmsa	06xGb
7	7	11		הַ/זֶּה֙	d/2088	HTd/Pdxms	06Vmg
7	7	12		אֶת	853	HTo	06GWL
7	7	13		הַ/יַּרְדֵּ֔ן	d/3383	HTd/Np	06adp
7	7	14		לָ/תֵ֥ת	l/5414	HR/Vqc	06mEM
7	7	15		אֹתָ֛/נוּ	853	HTo/Sp1cp	06t5b
7	7	16		בְּ/יַ֥ד	b/3027	HR/Ncbsc	06MmC
7	7	17		הָ/אֱמֹרִ֖י	d/567	HTd/Ngmsa	06VtE
7	7	18		לְ/הַאֲבִידֵ֑/נוּ	l/6	HR/Vhc/Sp1cp	068yT
7	7	19		וְ/לוּ֙	c/3863	HC/C	06YE4
7	7	20		הוֹאַ֣לְנוּ	2974	HVhp1cp	06gwY
7	7	21		וַ/נֵּ֔שֶׁב	c/3427	HC/Vqw1cp	06um2
7	7	22		בְּ/עֵ֖בֶר	b/5676	HR/Ncmsc	06WPk
7	7	23		הַ/יַּרְדֵּֽן	d/3383	HTd/Np	06J9S
7	8	1		בִּ֖י	994	HTe	06Uh6
7	8	2		אֲדֹנָ֑/י	136	HNcmpc/Sp1cs	06kWu
7	8	3		מָ֣ה	4100	HTi	06r5S
7	8	4		אֹמַ֔ר	559	HVqi1cs	06q8B
7	8	5		אַ֠חֲרֵי	310 a	HR	06HNg
7	8	6		אֲשֶׁ֨ר	834 a	HTr	06hZZ
7	8	7		הָפַ֧ךְ	2015	HVqp3ms	06n3Z
7	8	8		יִשְׂרָאֵ֛ל	3478	HNp	06nVk
7	8	9		עֹ֖רֶף	6203	HNcmsa	06cwR
7	8	10		לִ/פְנֵ֥י	l/6440	HR/Ncbpc	06JQf
7	8	11		אֹיְבָֽי/ו	341	HVqrmpc/Sp3ms	06aoK
7	9	1		וְ/יִשְׁמְע֣וּ	c/8085	HC/Vqi3mp	06HF8
7	9	2		הַֽ/כְּנַעֲנִ֗י	d/3669 a	HTd/Ngmsa	06WMt
7	9	3		וְ/כֹל֙	c/3605	HC/Ncmsc	06tCm
7	9	4		יֹשְׁבֵ֣י	3427	HVqrmpc	06ibj
7	9	5		הָ/אָ֔רֶץ	d/776	HTd/Ncbsa	06KiT
7	9	6		וְ/נָסַ֣בּוּ	c/5437	HC/VNq3cp	06ovU
7	9	7		עָלֵ֔י/נוּ	5921 a	HR/Sp1cp	06H8i
7	9	8		וְ/הִכְרִ֥יתוּ	c/3772	HC/Vhq3cp	06kBK
7	9	9		אֶת	853	HTo	068p9
7	9	10		שְׁמֵ֖/נוּ	8034	HNcmsc/Sp1cp	06Vib
7	9	11		מִן	4480 a	HR	06FXw
7	9	12		הָ/אָ֑רֶץ	d/776	HTd/Ncbsa	06ZWD
7	9	13		וּ/מַֽה	c/4100	HC/Ti	06roj
7	9	14		תַּעֲשֵׂ֖ה	6213 a	HVqi2ms	06dta
7	9	15		לְ/שִׁמְ/ךָ֥	l/8034	HR/Ncmsc/Sp2ms	06vv9
7	9	16		הַ/גָּדֽוֹל	d/1419 a	HTd/Aamsa	06bPu
7	10	1		וַ/יֹּ֧אמֶר	c/559	HC/Vqw3ms	06t52
7	10	2		יְהוָ֛ה	3068	HNp	062qG
7	10	3		אֶל	413	HR	06naz
7	10	4		יְהוֹשֻׁ֖עַ	3091	HNp	06QW6
7	10	5		קֻ֣ם	6965 b	HVqv2ms	06vQm
7	10	6		לָ֑/ךְ	l	HR/Sp2fs	06gSo
7	10	7		לָ֣/מָּה	l/4100	HR/Ti	06ToF
7	10	8		זֶּ֔ה	2088	HPdxms	06R76
7	10	9		אַתָּ֖ה	859 a	HPp2ms	065TM
7	10	10		נֹפֵ֥ל	5307	HVqrmsa	06cH4
7	10	11		עַל	5921 a	HR	06ygk
7	10	12		פָּנֶֽי/ךָ	6440	HNcbpc/Sp2ms	0672b
7	11	1		חָטָא֙	2398	HVqp3ms	06Qs2
7	11	2		יִשְׂרָאֵ֔ל	3478	HNp	06X1j
7	11	3		וְ/גַם֙	c/1571	HC/Ta	06pMk
7	11	4		עָבְר֣וּ	5674 a	HVqp3cp	06E9Z
7	11	5		אֶת	853	HTo	06DJR
7	11	6		בְּרִיתִ֔/י	1285	HNcfsc/Sp1cs	06ov1
7	11	7		אֲשֶׁ֥ר	834 a	HTr	06wXN
7	11	8		צִוִּ֖יתִי	6680	HVpp1cs	06Nnf
7	11	9		אוֹתָ֑/ם	853	HTo/Sp3mp	06eJu
7	11	10		וְ/גַ֤ם	c/1571	HC/Ta	06uoD
7	11	11		לָֽקְחוּ֙	3947	HVqp3cp	06vu4
7	11	12		מִן	4480 a	HR	06YQo
7	11	13		הַ/חֵ֔רֶם	d/2764 a	HTd/Ncmsa	06f8m
7	11	14		וְ/גַ֤ם	c/1571	HC/Ta	06BZr
7	11	15		גָּֽנְבוּ֙	1589	HVqp3cp	06k2R
7	11	16		וְ/גַ֣ם	c/1571	HC/Ta	06cC4
7	11	17		כִּֽחֲשׁ֔וּ	3584	HVpp3cp	06f6y
7	11	18		וְ/גַ֖ם	c/1571	HC/Ta	06Gy9
7	11	19		שָׂ֥מוּ	7760 a	HVqp3cp	06etw
7	11	20		בִ/כְלֵי/הֶֽם	b/3627	HR/Ncmpc/Sp3mp	06GQd
7	12	1		וְ/לֹ֨א	c/3808	HC/Tn	06tAQ
7	12	2		יֻכְל֜וּ	3201	HVqi3mp	06Yrt
7	12	3		בְּנֵ֣י	1121 a	HNcmpc	06SbN
7	12	4		יִשְׂרָאֵ֗ל	3478	HNp	06B2y
7	12	5		לָ/קוּם֙	l/6965 b	HR/Vqc	06PYY
7	12	6		לִ/פְנֵ֣י	l/6440	HR/Ncbpc	06bZi
7	12	7		אֹיְבֵי/הֶ֔ם	341	HVqrmpc/Sp3mp	06fXs
7	12	8		עֹ֗רֶף	6203	HNcmsa	06dHg
7	12	9		יִפְנוּ֙	6437	HVqi3mp	06Cdu
7	12	10		לִ/פְנֵ֣י	l/6440	HR/Ncbpc	06s9p
7	12	11		אֹֽיְבֵי/הֶ֔ם	341	HVqrmpc/Sp3mp	06Bxx
7	12	12		כִּ֥י	3588 a	HC	06wPL
7	12	13		הָי֖וּ	1961	HVqp3cp	06YXi
7	12	14		לְ/חֵ֑רֶם	l/2764 a	HR/Ncmsa	066gk
7	12	15		לֹ֤א	3808	HTn	06YsR
7	12	16		אוֹסִיף֙	3254	HVhi1cs	06YJ7
7	12	17		לִֽ/הְי֣וֹת	l/1961	HR/Vqc	06xNg
7	12	18		עִמָּ/כֶ֔ם	5973 a	HR/Sp2mp	06SPi
7	12	19		אִם	518 a	HC	06dr4
7	12	20		לֹ֥א	3808	HTn	06ynz
7	12	21		תַשְׁמִ֛ידוּ	8045	HVhi2mp	06oiU
7	12	22		הַ/חֵ֖רֶם	d/2764 a	HTd/Ncmsa	06uRP
7	12	23		מִֽ/קִּרְבְּ/כֶֽם	m/7130	HR/Ncmsc/Sp2mp	06bJx
7	13	1		קֻ֚ם	6965 b	HVqv2ms	06etm
7	13	2		קַדֵּ֣שׁ	6942	HVpv2ms	064jW
7	13	3		אֶת	853	HTo	06M3G
7	13	4		הָ/עָ֔ם	d/5971 a	HTd/Ncmsa	06FQm
7	13	5		וְ/אָמַרְתָּ֖	c/559	HC/Vqq2ms	06DYw
7	13	6		הִתְקַדְּשׁ֣וּ	6942	HVtv2mp	06oAy
7	13	7		לְ/מָחָ֑ר	l/4279	HR/Ncmsa	063Rx
7	13	8		כִּ֣י	3588 a	HC	06rH2
7	13	9		כֹה֩	3541	HD	062rT
7	13	10		אָמַ֨ר	559	HVqp3ms	06jsw
7	13	11		יְהוָ֜ה	3068	HNp	06VR2
7	13	12		אֱלֹהֵ֣י	430	HNcmpc	06MrQ
7	13	13		יִשְׂרָאֵ֗ל	3478	HNp	06Fu8
7	13	14		חֵ֤רֶם	2764 a	HNcmsa	06QCB
7	13	15		בְּ/קִרְבְּ/ךָ֙	b/7130	HR/Ncmsc/Sp2ms	06VcL
7	13	16		יִשְׂרָאֵ֔ל	3478	HNp	06YS7
7	13	17		לֹ֣א	3808	HTn	06ST2
7	13	18		תוּכַ֗ל	3201	HVqi2ms	06FHd
7	13	19		לָ/קוּם֙	l/6965 b	HR/Vqc	06WGC
7	13	20		לִ/פְנֵ֣י	l/6440	HR/Ncbpc	068Jt
7	13	21		אֹיְבֶ֔י/ךָ	341	HVqrmpc/Sp2ms	06s3S
7	13	22		עַד	5704	HR	06QE7
7	13	23		הֲסִירְ/כֶ֥ם	5493	HVhc/Sp2mp	06JPF
7	13	24		הַ/חֵ֖רֶם	d/2764 a	HTd/Ncmsa	06t2f
7	13	25		מִֽ/קִּרְבְּ/כֶֽם	m/7130	HR/Ncmsc/Sp2mp	06AAs
7	14	1		וְ/נִקְרַבְתֶּ֥ם	c/7126	HC/VNq2mp	06yit
7	14	2		בַּ/בֹּ֖קֶר	b/1242	HRd/Ncmsa	06wBS
7	14	3		לְ/שִׁבְטֵי/כֶ֑ם	l/7626	HR/Ncmpc/Sp2mp	062sV
7	14	4		וְ/הָיָ֡ה	c/1961	HC/Vqq3ms	06FwG
7	14	5		הַ/שֵּׁבֶט֩	d/7626	HTd/Ncmsa	06dCM
7	14	6		אֲשֶׁר	834 a	HTr	06H1T
7	14	7		יִלְכְּדֶ֨/נּוּ	3920	HVqi3ms/Sp3ms	06P6r
7	14	8		יְהוָ֜ה	3068	HNp	06tD1
7	14	9		יִקְרַ֣ב	7126	HVqi3ms	066AA
7	14	10		לַ/מִּשְׁפָּח֗וֹת	l/4940	HRd/Ncfpa	06RNc
7	14	11		וְ/הַ/מִּשְׁפָּחָ֞ה	c/d/4940	HC/Td/Ncfsa	06veg
7	14	12		אֲשֶֽׁר	834 a	HTr	067W8
7	14	13		יִלְכְּדֶ֤/נָּה	3920	HVqi3ms/Sp3fs	06zSa
7	14	14		יְהוָה֙	3068	HNp	06BQz
7	14	15		תִּקְרַ֣ב	7126	HVqi3fs	06GKS
7	14	16		לַ/בָּתִּ֔ים	l/1004 b	HRd/Ncmpa	06Mwc
7	14	17		וְ/הַ/בַּ֨יִת֙	c/d/1004 b	HC/Td/Ncmsa	06kPm
7	14	18		אֲשֶׁ֣ר	834 a	HTr	06Gtv
7	14	19		יִלְכְּדֶ֣/נּוּ	3920	HVqi3ms/Sp3ms	06wvJ
7	14	20		יְהוָ֔ה	3068	HNp	06HWW
7	14	21		יִקְרַ֖ב	7126	HVqi3ms	06fR1
7	14	22		לַ/גְּבָרִֽים	l/1397	HRd/Ncmpa	06Z4q
7	15	1		וְ/הָיָה֙	c/1961	HC/Vqq3ms	06qyW
7	15	2		הַ/נִּלְכָּ֣ד	d/3920	HTd/VNrmsa	061vK
7	15	3		בַּ/חֵ֔רֶם	b/2764 a	HRd/Ncmsa	06vcs
7	15	4		יִשָּׂרֵ֣ף	8313	HVNi3ms	06jVW
7	15	5		בָּ/אֵ֔שׁ	b/784	HRd/Ncbsa	06q6h
7	15	6		אֹת֖/וֹ	853	HTo/Sp3ms	06TXT
7	15	7		וְ/אֶת	c/853	HC/To	06i5i
7	15	8		כָּל	3605	HNcmsc	06n6o
7	15	9		אֲשֶׁר	834 a	HTr	06V2Z
7	15	10		ל֑/וֹ	l	HR/Sp3ms	06vB3
7	15	11		כִּ֤י	3588 a	HC	06h8U
7	15	12		עָבַר֙	5674 a	HVqp3ms	06HP6
7	15	13		אֶת	853	HTo	06qeA
7	15	14		בְּרִ֣ית	1285	HNcfsc	063Hf
7	15	15		יְהוָ֔ה	3068	HNp	067G6
7	15	16		וְ/כִֽי	c/3588 a	HC/C	062aw
7	15	17		עָשָׂ֥ה	6213 a	HVqp3ms	06G9q
7	15	18		נְבָלָ֖ה	5039	HNcfsa	06TE9
7	15	19		בְּ/יִשְׂרָאֵֽל	b/3478	HR/Np	065ne
7	16	1		וַ/יַּשְׁכֵּ֤ם	c/7925	HC/Vhw3ms	06Pq7
7	16	2		יְהוֹשֻׁ֨עַ֙	3091	HNp	062XE
7	16	3		בַּ/בֹּ֔קֶר	b/1242	HRd/Ncmsa	06k2P
7	16	4		וַ/יַּקְרֵ֥ב	c/7126	HC/Vhw3ms	06bQB
7	16	5		אֶת	853	HTo	06hLv
7	16	6		יִשְׂרָאֵ֖ל	3478	HNp	06FwW
7	16	7		לִ/שְׁבָטָ֑י/ו	l/7626	HR/Ncmpc/Sp3ms	06ZCU
7	16	8		וַ/יִּלָּכֵ֖ד	c/3920	HC/VNw3ms	06f6s
7	16	9		שֵׁ֥בֶט	7626	HNcmsc	0662L
7	16	10		יְהוּדָֽה	3063	HNp	06apE
7	17	1		וַ/יַּקְרֵב֙	c/7126	HC/Vhw3ms	067uo
7	17	2		אֶת	853	HTo	06io8
7	17	3		מִשְׁפַּ֣חַת	4940	HNcfsc	06wub
7	17	4		יְהוּדָ֔ה	3063	HNp	067qB
7	17	5		וַ/יִּלְכֹּ֕ד	c/3920	HC/Vqw3ms	06BM6
7	17	6		אֵ֖ת	853	HTo	069ci
7	17	7		מִשְׁפַּ֣חַת	4940	HNcfsc	06wpi
7	17	8		הַ/זַּרְחִ֑י	d/2227	HTd/Ngmsa	06JEg
7	17	9		וַ/יַּקְרֵ֞ב	c/7126	HC/Vhw3ms	06pMT
7	17	10		אֶת	853	HTo	06kMd
7	17	11		מִשְׁפַּ֤חַת	4940	HNcfsc	06Bqk
7	17	12		הַ/זַּרְחִי֙	d/2227	HTd/Ngmsa	06hjj
7	17	13		לַ/גְּבָרִ֔ים	l/1397	HRd/Ncmpa	06QL7
7	17	14		וַ/יִּלָּכֵ֖ד	c/3920	HC/VNw3ms	06cRW
7	17	15		זַבְדִּֽי	2067	HNp	06iWB
7	18	1		וַ/יַּקְרֵ֥ב	c/7126	HC/Vhw3ms	06u7g
7	18	2		אֶת	853	HTo	06F46
7	18	3		בֵּית֖/וֹ	1004 b	HNcmsc/Sp3ms	06AFT
7	18	4		לַ/גְּבָרִ֑ים	l/1397	HRd/Ncmpa	06c3h
7	18	5		וַ/יִּלָּכֵ֗ד	c/3920	HC/VNw3ms	06L9o
7	18	6		עָכָ֞ן	5912	HNp	06JVQ
7	18	7		בֶּן	1121 a	HNcmsc	06xdb
7	18	8		כַּרְמִ֧י	3756	HNp	06Moi
7	18	9		בֶן	1121 a	HNcmsc	06eqW
7	18	10		זַבְדִּ֛י	2067	HNp	06x8B
7	18	11		בֶּן	1121 a	HNcmsc	06WgT
7	18	12		זֶ֖רַח	2226	HNp	06e9Z
7	18	13		לְ/מַטֵּ֥ה	l/4294	HR/Ncmsc	06fc3
7	18	14		יְהוּדָֽה	3063	HNp	06Ucu
7	19	1		וַ/יֹּ֨אמֶר	c/559	HC/Vqw3ms	068Vy
7	19	2		יְהוֹשֻׁ֜עַ	3091	HNp	06rKw
7	19	3		אֶל	413	HR	06S1Z
7	19	4		עָכָ֗ן	5912	HNp	06mBn
7	19	5		בְּנִ/י֙	1121 a	HNcmsc/Sp1cs	06Ney
7	19	6		שִֽׂים	7760 a	HVqv2ms	062Bq
7	19	7		נָ֣א	4994	HTe	06nKy
7	19	8		כָב֗וֹד	3519	HNcbsa	06aC7
7	19	9		לַֽ/יהוָ֛ה	l/3068	HR/Np	06Sxm
7	19	10		אֱלֹהֵ֥י	430	HNcmpc	063Cx
7	19	11		יִשְׂרָאֵ֖ל	3478	HNp	0653W
7	19	12		וְ/תֶן	c/5414	HC/Vqv2ms	06nTK
7	19	13		ל֣/וֹ	l	HR/Sp3ms	06sBD
7	19	14		תוֹדָ֑ה	8426	HNcfsa	06ztw
7	19	15		וְ/הַגֶּד	c/5046	HC/Vhv2ms	06jaw
7	19	16		נָ֥א	4994	HTe	06zfC
7	19	17		לִ/י֙	l	HR/Sp1cs	06y6N
7	19	18		מֶ֣ה	4100	HTi	06cUK
7	19	19		עָשִׂ֔יתָ	6213 a	HVqp2ms	06F7R
7	19	20		אַל	408	HTn	06YQ7
7	19	21		תְּכַחֵ֖ד	3582	HVpj2ms	065UP
7	19	22		מִמֶּֽ/נִּי	4480 a	HR/Sp1cs	06cDe
7	20	1		וַ/יַּ֧עַן	c/6030 b	HC/Vqw3ms	06BtX
7	20	2		עָכָ֛ן	5912	HNp	068bP
7	20	3		אֶת	853	HTo	06rbM
7	20	4		יְהוֹשֻׁ֖עַ	3091	HNp	06gcX
7	20	5		וַ/יֹּאמַ֑ר	c/559	HC/Vqw3ms	06VzD
7	20	6		אָמְנָ֗ה	546	HD	06Lnv
7	20	7		אָנֹכִ֤י	595	HPp1cs	06FN2
7	20	8		חָטָ֨אתִי֙	2398	HVqp1cs	06kTA
7	20	9		לַֽ/יהוָה֙	l/3068	HR/Np	06bQM
7	20	10		אֱלֹהֵ֣י	430	HNcmpc	06rRy
7	20	11		יִשְׂרָאֵ֔ל	3478	HNp	06HcR
7	20	12		וְ/כָ/זֹ֥את	c/k/2063	HC/R/Pdxfs	069vS
7	20	13		וְ/כָ/זֹ֖את	c/k/2063	HC/R/Pdxfs	06mbL
7	20	14		עָשִֽׂיתִי	6213 a	HVqp1cs	064U9
7	21	1	x-ketiv	ו/אראה	c/7200	HC/Vqw1cs	06Vvg
7	21	2		וָ/אֵ֣רֶא	c/7200	HC/Vqw1cs	06oYz
7	21	3		בַ/שָּׁלָ֡ל	b/7998	HRd/Ncmsa	06dD2
7	21	4		אַדֶּ֣רֶת	155	HNcfsc	062t9
7	21	5		שִׁנְעָר֩	8152	HNp	06fou
7	21	6		אַחַ֨ת	259	HAcfsa	06DL4
7	21	7		טוֹבָ֜ה	2896 a	HAafsa	06vkx
7	21	8		וּ/מָאתַ֧יִם	c/3967	HC/Acbda	06SdW
7	21	9		שְׁקָלִ֣ים	8255	HNcmpa	069jg
7	21	10		כֶּ֗סֶף	3701	HNcmsa	06mAC
7	21	11		וּ/לְשׁ֨וֹן	c/3956	HC/Ncbsc	06LKt
7	21	12		זָהָ֤ב	2091	HNcmsa	06Q5x
7	21	13		אֶחָד֙	259	HAcmsa	06TaA
7	21	14		חֲמִשִּׁ֤ים	2572	HAcbpa	064d7
7	21	15		שְׁקָלִים֙	8255	HNcmpa	06jMY
7	21	16		מִשְׁקָל֔/וֹ	4948	HNcmsc/Sp3ms	06eip
7	21	17		וָֽ/אֶחְמְדֵ֖/ם	c/2530 a	HC/Vqw1cs/Sp3mp	06jhu
7	21	18		וָֽ/אֶקָּחֵ֑/ם	c/3947	HC/Vqw1cs/Sp3mp	062fr
7	21	19		וְ/הִנָּ֨/ם	c/2009	HC/Tm/Sp3mp	065Aa
7	21	20		טְמוּנִ֥ים	2934	HVqsmpa	06zuz
7	21	21		בָּ/אָ֛רֶץ	b/776	HRd/Ncbsa	06BTS
7	21	22		בְּ/ת֥וֹךְ	b/8432	HR/Ncmsc	06Hdk
7	21	23		הָ/אָֽהֳלִ֖/י	d/168	HTd/Ncmsc/Sp1cs	06tbG
7	21	24		וְ/הַ/כֶּ֥סֶף	c/d/3701	HC/Td/Ncmsa	068hT
7	21	25		תַּחְתֶּֽי/הָ	8478	HR/Sp3fs	061EK
7	22	1		וַ/יִּשְׁלַ֤ח	c/7971	HC/Vqw3ms	06UYd
7	22	2		יְהוֹשֻׁ֨עַ֙	3091	HNp	06w2J
7	22	3		מַלְאָכִ֔ים	4397	HNcmpa	06UcZ
7	22	4		וַ/יָּרֻ֖צוּ	c/7323	HC/Vqw3mp	06SZA
7	22	5		הָ/אֹ֑הֱלָ/ה	d/168	HTd/Ncmsa/Sd	06WeX
7	22	6		וְ/הִנֵּ֧ה	c/2009	HC/Tm	06FoN
7	22	7		טְמוּנָ֛ה	2934	HVqsfsa	06BK2
7	22	8		בְּ/אָהֳל֖/וֹ	b/168	HR/Ncmsc/Sp3ms	06qoQ
7	22	9		וְ/הַ/כֶּ֥סֶף	c/d/3701	HC/Td/Ncmsa	06DV4
7	22	10		תַּחְתֶּֽי/הָ	8478	HR/Sp3fs	06iex
7	23	1		וַ/יִּקָּחוּ/ם֙	c/3947	HC/Vqw3mp/Sp3mp	06LMe
7	23	2		מִ/תּ֣וֹךְ	m/8432	HR/Ncmsc	06zuk
7	23	3		הָ/אֹ֔הֶל	d/168	HTd/Ncmsa	065hm
7	23	4		וַ/יְבִאוּ/ם֙	c/935	HC/Vhw3mp/Sp3mp	06a8a
7	23	5		אֶל	413	HR	06Avd
7	23	6		יְהוֹשֻׁ֔עַ	3091	HNp	066nG
7	23	7		וְ/אֶ֖ל	c/413	HC/R	06p6C
7	23	8		כָּל	3605	HNcmsc	06Dn5
7	23	9		בְּנֵ֣י	1121 a	HNcmpc	067mc
7	23	10		יִשְׂרָאֵ֑ל	3478	HNp	06icW
7	23	11		וַ/יַּצִּקֻ֖/ם	c/3332	HC/Vhw3mp/Sp3mp	06WQu
7	23	12		לִ/פְנֵ֥י	l/6440	HR/Ncbpc	06rMa
7	23	13		יְהוָֽה	3068	HNp	06H5x
7	24	1		וַ/יִּקַּ֣ח	c/3947	HC/Vqw3ms	06Lft
7	24	2		יְהוֹשֻׁ֣עַ	3091	HNp	06bTD
7	24	3		אֶת	853	HTo	06W19
7	24	4		עָכָ֣ן	5912	HNp	06CUd
7	24	5		בֶּן	1121 a	HNcmsc	06dBb
7	24	6		זֶ֡רַח	2226	HNp	06oQH
7	24	7		וְ/אֶת	c/853	HC/To	06FgV
7	24	8		הַ/כֶּ֣סֶף	d/3701	HTd/Ncmsa	06sAH
7	24	9		וְ/אֶת	c/853	HC/To	06fPE
7	24	10		הָ/אַדֶּ֣רֶת	d/155	HTd/Ncfsa	06kFY
7	24	11		וְֽ/אֶת	c/853	HC/To	06oVM
7	24	12		לְשׁ֣וֹן	3956	HNcbsc	06DD6
7	24	13		הַ/זָּהָ֡ב	d/2091	HTd/Ncmsa	06T6s
7	24	14		וְֽ/אֶת	c/853	HC/To	06UTG
7	24	15		בָּנָ֡י/ו	1121 a	HNcmpc/Sp3ms	06TjC
7	24	16		וְֽ/אֶת	c/853	HC/To	06B7W
7	24	17		בְּנֹתָ֡י/ו	1323	HNcfpc/Sp3ms	06ggZ
7	24	18		וְ/אֶת	c/853	HC/To	06sDo
7	24	19		שׁוֹר/וֹ֩	7794	HNcmsc/Sp3ms	06hQe
7	24	20		וְ/אֶת	c/853	HC/To	06Fmq
7	24	21		חֲמֹר֨/וֹ	2543	HNcbsc/Sp3ms	064ga
7	24	22		וְ/אֶת	c/853	HC/To	06qZF
7	24	23		צֹאנ֤/וֹ	6629	HNcbsc/Sp3ms	06o7p
7	24	24		וְ/אֶֽת	c/853	HC/To	06BQB
7	24	25		אָהֳל/וֹ֙	168	HNcmsc/Sp3ms	06dbJ
7	24	26		וְ/אֶת	c/853	HC/To	065tL
7	24	27		כָּל	3605	HNcmsc	06Pj9
7	24	28		אֲשֶׁר	834 a	HTr	06YJJ
7	24	29		ל֔/וֹ	l	HR/Sp3ms	063Kp
7	24	30		וְ/כָל	c/3605	HC/Ncmsc	06YWx
7	24	31		יִשְׂרָאֵ֖ל	3478	HNp	06d4u
7	24	32		עִמּ֑/וֹ	5973 a	HR/Sp3ms	066vh
7	24	33		וַ/יַּעֲל֥וּ	c/5927	HC/Vhw3mp	06rLV
7	24	34		אֹתָ֖/ם	853	HTo/Sp3mp	06PfL
7	24	35		עֵ֥מֶק	6010	HNcmsc	06YQQ
7	24	36		עָכֽוֹר	5911	HNp	06Dr2
7	25	1		וַ/יֹּ֤אמֶר	c/559	HC/Vqw3ms	06AAN
7	25	2		יְהוֹשֻׁ֨עַ֙	3091	HNp	06FAQ
7	25	3		מֶ֣ה	4100	HTi	06bz3
7	25	4		עֲכַרְתָּ֔/נוּ	5916	HVqp2ms/Sp1cp	06VeC
7	25	5		יַעְכֳּרְ/ךָ֥	5916	HVqi3ms/Sp2ms	06gEf
7	25	6		יְהוָ֖ה	3068	HNp	061Vr
7	25	7		בַּ/יּ֣וֹם	b/3117	HRd/Ncmsa	06gUg
7	25	8		הַ/זֶּ֑ה	d/2088	HTd/Pdxms	06xr5
7	25	9		וַ/יִּרְגְּמ֨וּ	c/7275	HC/Vqw3mp	06G11
7	25	10		אֹת֤/וֹ	853	HTo/Sp3ms	06D9v
7	25	11		כָל	3605	HNcmsc	06ZoM
7	25	12		יִשְׂרָאֵל֙	3478	HNp	06bCV
7	25	13		אֶ֔בֶן	68	HNcfsa	06fVR
7	25	14		וַ/יִּשְׂרְפ֤וּ	c/8313	HC/Vqw3mp	06aDa
7	25	15		אֹתָ/ם֙	853	HTo/Sp3mp	06ZXK
7	25	16		בָּ/אֵ֔שׁ	b/784	HRd/Ncbsa	06frz
7	25	17		וַ/יִּסְקְל֥וּ	c/5619	HC/Vqw3mp	06EPL
7	25	18		אֹתָ֖/ם	853	HTo/Sp3mp	06zXD
7	25	19		בָּ/אֲבָנִֽים	b/68	HRd/Ncfpa	064tD
7	26	1		וַ/יָּקִ֨ימוּ	c/6965 b	HC/Vhw3mp	0664m
7	26	2		עָלָ֜י/ו	5921 a	HR/Sp3ms	06juf
7	26	3		גַּל	1530	HNcmsc	061Wx
7	26	4		אֲבָנִ֣ים	68	HNcfpa	06FjT
7	26	5		גָּד֗וֹל	1419 a	HAamsa	06fFL
7	26	6		עַ֚ד	5704	HR	06iyy
7	26	7		הַ/יּ֣וֹם	d/3117	HTd/Ncmsa	06fXN
7	26	8		הַ/זֶּ֔ה	d/2088	HTd/Pdxms	06L79
7	26	9		וַ/יָּ֥שָׁב	c/7725	HC/Vqw3ms	062g9
7	26	10		יְהוָ֖ה	3068	HNp	06PUa
7	26	11		מֵ/חֲר֣וֹן	m/2740	HR/Ncmsc	06r3q
7	26	12		אַפּ֑/וֹ	639	HNcmsc/Sp3ms	06i7e
7	26	13		עַל	5921 a	HR	06Mem
7	26	14		כֵּ֠ן	3651 c	HTm	06wNK
7	26	15		קָרָ֞א	7121	HVqp3ms	06bwY
7	26	16		שֵׁ֣ם	8034	HNcmsc	065e6
7	26	17		הַ/מָּק֤וֹם	d/4725	HTd/Ncmsa	06yr6
7	26	18		הַ/הוּא֙	d/1931	HTd/Pp3ms	06ckn
7	26	19		עֵ֣מֶק	6010	HNcmsc	06vA4
7	26	20		עָכ֔וֹר	5911	HNp	06KEn
7	26	21		עַ֖ד	5704	HR	06cPC
7	26	22		הַ/יּ֥וֹם	d/3117	HTd/Ncmsa	06Eoc
7	26	23		הַ/זֶּֽה	d/2088	HTd/Pdxms	06Pdv
8	1	1		וַ/יֹּ֨אמֶר	c/559	HC/Vqw3ms	06S7t
8	1	2		יְהוָ֤ה	3068	HNp	068F2
8	1	3		אֶל	413	HR	06T2K
8	1	4		יְהוֹשֻׁ֨עַ֙	3091	HNp	06ouG
8	1	5		אַל	408	HTn	06xxG
8	1	6		תִּירָ֣א	3372	HVqj2ms	06vin
8	1	7		וְ/אַל	c/408	HC/Tn	06KSD
8	1	8		תֵּחָ֔ת	2865	HVNj2ms	06Eiv
8	1	9		קַ֣ח	3947	HVqv2ms	06xpK
8	1	10		עִמְּ/ךָ֗	5973 a	HR/Sp2ms	06Nix
8	1	11		אֵ֚ת	853	HTo	06q1J
8	1	12		כָּל	3605	HNcmsc	06Vg9
8	1	13		עַ֣ם	5971 a	HNcmsc	06642
8	1	14		הַ/מִּלְחָמָ֔ה	d/4421	HTd/Ncfsa	06sWs
8	1	15		וְ/ק֖וּם	c/6965 b	HC/Vqv2ms	06mUy
8	1	16		עֲלֵ֣ה	5927	HVqv2ms	06v3c
8	1	17		הָ/עָ֑י	d/5857	HTd/Np	06m6p
8	1	18		רְאֵ֣ה	7200	HVqv2ms	06BZu
8	1	19		נָתַ֣תִּי	5414	HVqp1cs	06bwe
8	1	20		בְ/יָדְ/ךָ֗	b/3027	HR/Ncbsc/Sp2ms	06AWj
8	1	21		אֶת	853	HTo	06z96
8	1	22		מֶ֤לֶךְ	4428	HNcmsc	06ufK
8	1	23		הָ/עַי֙	d/5857	HTd/Np	063CT
8	1	24		וְ/אֶת	c/853	HC/To	06Uhd
8	1	25		עַמּ֔/וֹ	5971 a	HNcmsc/Sp3ms	061i2
8	1	26		וְ/אֶת	c/853	HC/To	06Lzv
8	1	27		עִיר֖/וֹ	5892 b	HNcfsc/Sp3ms	06Lun
8	1	28		וְ/אֶת	c/853	HC/To	06PbF
8	1	29		אַרְצֽ/וֹ	776	HNcbsc/Sp3ms	06suR
8	2	1		וְ/עָשִׂ֨יתָ	c/6213 a	HC/Vqq2ms	06LXw
8	2	2		לָ/עַ֜י	l/5857	HRd/Np	06una
8	2	3		וּ/לְ/מַלְכָּ֗/הּ	c/l/4428	HC/R/Ncmsc/Sp3fs	06em6
8	2	4		כַּ/אֲשֶׁ֨ר	k/834 d	HR/Tr	06157
8	2	5		עָשִׂ֤יתָ	6213 a	HVqp2ms	06quT
8	2	6		לִֽ/ירִיחוֹ֙	l/3405	HR/Np	066Vo
8	2	7		וּ/לְ/מַלְכָּ֔/הּ	c/l/4428	HC/R/Ncmsc/Sp3fs	06E91
8	2	8		רַק	7535	HTa	063Cf
8	2	9		שְׁלָלָ֥/הּ	7998	HNcmsc/Sp3fs	06bsi
8	2	10		וּ/בְהֶמְתָּ֖/הּ	c/929	HC/Ncfsc/Sp3fs	06MWq
8	2	11		תָּבֹ֣זּוּ	962	HVqi2mp	0634f
8	2	12		לָ/כֶ֑ם	l	HR/Sp2mp	06aVY
8	2	13		שִׂים	7760 a	HVqv2ms	06hNg
8	2	14		לְ/ךָ֥	l	HR/Sp2ms	06G8o
8	2	15		אֹרֵ֛ב	693	HVqrmsa	063Gd
8	2	16		לָ/עִ֖יר	l/5892 b	HRd/Ncfsa	06iWk
8	2	17		מֵ/אַחֲרֶֽי/הָ	m/310 a	HR/R/Sp3fs	06mCg
8	3	1		וַ/יָּ֧קָם	c/6965 b	HC/Vqw3ms	06tq2
8	3	2		יְהוֹשֻׁ֛עַ	3091	HNp	06V3N
8	3	3		וְ/כָל	c/3605	HC/Ncmsc	06hKH
8	3	4		עַ֥ם	5971 a	HNcmsc	06NHj
8	3	5		הַ/מִּלְחָמָ֖ה	d/4421	HTd/Ncfsa	06Pym
8	3	6		לַ/עֲל֣וֹת	l/5927	HR/Vqc	06D5E
8	3	7		הָ/עָ֑י	d/5857	HTd/Np	06rsU
8	3	8		וַ/יִּבְחַ֣ר	c/977	HC/Vqw3ms	06nrb
8	3	9		יְ֠הוֹשֻׁעַ	3091	HNp	06hgT
8	3	10		שְׁלֹשִׁ֨ים	7970	HAcbpa	06ycN
8	3	11		אֶ֤לֶף	505	HAcbsa	068Zr
8	3	12		אִישׁ֙	376	HNcmsa	06Lrg
8	3	13		גִּבּוֹרֵ֣י	1368	HAampc	061L6
8	3	14		הַ/חַ֔יִל	d/2428	HTd/Ncmsa	06159
8	3	15		וַ/יִּשְׁלָחֵ֖/ם	c/7971	HC/Vqw3ms/Sp3mp	06yeC
8	3	16		לָֽיְלָה	3915	HNcmsa	06Wj8
8	4	1		וַ/יְצַ֨ו	c/6680	HC/Vpw3ms	06reX
8	4	2		אֹתָ֜/ם	853	HTo/Sp3mp	06Lng
8	4	3		לֵ/אמֹ֗ר	l/559	HR/Vqc	06CzS
8	4	4		רְ֠אוּ	7200	HVqv2mp	06RCv
8	4	5		אַתֶּ֞ם	859 d	HPp2mp	06x1h
8	4	6		אֹרְבִ֤ים	693	HVqrmpa	06YBK
8	4	7		לָ/עִיר֙	l/5892 b	HRd/Ncfsa	06GL3
8	4	8		מֵ/אַחֲרֵ֣י	m/310 a	HR/R	06r2t
8	4	9		הָ/עִ֔יר	d/5892 b	HTd/Ncfsa	06rWe
8	4	10		אַל	408	HTn	06zto
8	4	11		תַּרְחִ֥יקוּ	7368	HVhj2mp	06pCR
8	4	12		מִן	4480 a	HR	067YV
8	4	13		הָ/עִ֖יר	d/5892 b	HTd/Ncfsa	06K4a
8	4	14		מְאֹ֑ד	3966	HD	06N17
8	4	15		וִ/הְיִיתֶ֥ם	c/1961	HC/Vqq2mp	063Nb
8	4	16		כֻּלְּ/כֶ֖ם	3605	HNcmsc/Sp2mp	06AES
8	4	17		נְכֹנִֽים	3559 a	HVNrmpa	06hh3
8	5	1		וַ/אֲנִ֗י	c/589	HC/Pp1cs	068xp
8	5	2		וְ/כָל	c/3605	HC/Ncmsc	06wfD
8	5	3		הָ/עָם֙	d/5971 a	HTd/Ncmsa	06Lka
8	5	4		אֲשֶׁ֣ר	834 a	HTr	06irT
8	5	5		אִתִּ֔/י	854	HR/Sp1cs	0622j
8	5	6		נִקְרַ֖ב	7126	HVqi1cp	062eE
8	5	7		אֶל	413	HR	06sGR
8	5	8		הָ/עִ֑יר	d/5892 b	HTd/Ncfsa	06FKm
8	5	9		וְ/הָיָ֗ה	c/1961	HC/Vqq3ms	06eb4
8	5	10		כִּֽי	3588 a	HC	06fqb
8	5	11		יֵצְא֤וּ	3318	HVqi3mp	06DUs
8	5	12		לִ/קְרָאתֵ֨/נוּ֙	l/7125	HR/Vqc/Sp1cp	06NwS
8	5	13		כַּ/אֲשֶׁ֣ר	k/834 d	HR/Tr	06SdY
8	5	14		בָּ/רִֽאשֹׁנָ֔ה	b/7223	HRd/Aafsa	061bU
8	5	15		וְ/נַ֖סְנוּ	c/5127	HC/Vqq1cp	06jno
8	5	16		לִ/פְנֵי/הֶֽם	l/6440	HR/Ncbpc/Sp3mp	06E7d
8	6	1		וְ/יָצְא֣וּ	c/3318	HC/Vqq3cp	06z2B
8	6	2		אַחֲרֵ֗י/נוּ	310 a	HR/Sp1cp	06WGp
8	6	3		עַ֣ד	5704	HR	06CRu
8	6	4		הַתִּיקֵ֤/נוּ	5423	HVhc/Sp1cp	06fwL
8	6	5		אוֹתָ/ם֙	853	HTo/Sp3mp	06FAr
8	6	6		מִן	4480 a	HR	06TtK
8	6	7		הָ/עִ֔יר	d/5892 b	HTd/Ncfsa	06Bqs
8	6	8		כִּ֣י	3588 a	HC	06UA1
8	6	9		יֹֽאמְר֔וּ	559	HVqi3mp	06gLR
8	6	10		נָסִ֣ים	5127	HVqrmpa	06T3A
8	6	11		לְ/פָנֵ֔י/נוּ	l/6440	HR/Ncbpc/Sp1cp	06tvs
8	6	12		כַּ/אֲשֶׁ֖ר	k/834 d	HR/Tr	06gbJ
8	6	13		בָּ/רִֽאשֹׁנָ֑ה	b/7223	HRd/Aafsa	06pr6
8	6	14		וְ/נַ֖סְנוּ	c/5127	HC/Vqq1cp	06T9M
8	6	15		לִ/פְנֵי/הֶֽם	l/6440	HR/Ncbpc/Sp3mp	06P1q
8	7	1		וְ/אַתֶּ֗ם	c/859 d	HC/Pp2mp	06LYS
8	7	2		תָּקֻ֨מוּ֙	6965 b	HVqi2mp	06SKN
8	7	3		מֵ/הָ֣/אוֹרֵ֔ב	m/d/693	HR/Td/Vqrmsa	06BbD
8	7	4		וְ/הוֹרַשְׁתֶּ֖ם	c/3423	HC/Vhq2mp	06VEJ
8	7	5		אֶת	853	HTo	06yhg
8	7	6		הָ/עִ֑יר	d/5892 b	HTd/Ncfsa	06T7C
8	7	7		וּ/נְתָנָ֛/הּ	c/5414	HC/Vqq3ms/Sp3fs	06smW
8	7	8		יְהוָ֥ה	3068	HNp	06DB1
8	7	9		אֱלֹֽהֵי/כֶ֖ם	430	HNcmpc/Sp2mp	06Uz3
8	7	10		בְּ/יֶדְ/כֶֽם	b/3027	HR/Ncbsc/Sp2mp	067xd
8	8	1		וְ/הָיָ֞ה	c/1961	HC/Vqq3ms	06We7
8	8	2		כְּ/תָפְשְׂ/כֶ֣ם	k/8610	HR/Vqc/Sp2mp	06ab8
8	8	3		אֶת	853	HTo	06umg
8	8	4		הָ/עִ֗יר	d/5892 b	HTd/Ncfsa	06DQn
8	8	5		תַּצִּ֤יתוּ	3341	HVhi2mp	06Pv1
8	8	6		אֶת	853	HTo	06qti
8	8	7		הָ/עִיר֙	d/5892 b	HTd/Ncfsa	06y7b
8	8	8		בָּ/אֵ֔שׁ	b/784	HRd/Ncbsa	06mPV
8	8	9		כִּ/דְבַ֥ר	k/1697	HR/Ncmsc	06X7Q
8	8	10		יְהוָ֖ה	3068	HNp	06Ls7
8	8	11		תַּעֲשׂ֑וּ	6213 a	HVqi2mp	06pbK
8	8	12		רְא֖וּ	7200	HVqv2mp	06bd9
8	8	13		צִוִּ֥יתִי	6680	HVpp1cs	0666B
8	8	14		אֶתְ/כֶֽם	853	HTo/Sp2mp	06UxB
8	9	1		וַ/יִּשְׁלָחֵ֣/ם	c/7971	HC/Vqw3ms/Sp3mp	06EQ6
8	9	2		יְהוֹשֻׁ֗עַ	3091	HNp	06Hsg
8	9	3		וַ/יֵּֽלְכוּ֙	c/3212	HC/Vqw3mp	06CV5
8	9	4		אֶל	413	HR	06KuH
8	9	5		הַ/מַּאְרָ֔ב	d/3993	HTd/Ncmsa	06174
8	9	6		וַ/יֵּשְׁב֗וּ	c/3427	HC/Vqw3mp	06Nyn
8	9	7		בֵּ֧ין	996	HR	06L6v
8	9	8		בֵּֽית	1008+	HNp	06mn4
8	9	9		אֵ֛ל	1008	HNp	06Sga
8	9	10		וּ/בֵ֥ין	c/996	HC/R	06zPm
8	9	11		הָ/עַ֖י	d/5857	HTd/Np	06dP1
8	9	12		מִ/יָּ֣ם	m/3220	HR/Ncmsa	06G4w
8	9	13		לָ/עָ֑י	l/5857	HRd/Np	06bsJ
8	9	14		וַ/יָּ֧לֶן	c/3885 a	HC/Vqw3ms	06WFx
8	9	15		יְהוֹשֻׁ֛עַ	3091	HNp	06fnp
8	9	16		בַּ/לַּ֥יְלָה	b/3915	HRd/Ncmsa	0631T
8	9	17		הַ/ה֖וּא	d/1931	HTd/Pp3ms	06CPt
8	9	18		בְּ/ת֥וֹךְ	b/8432	HR/Ncmsc	06beX
8	9	19		הָ/עָֽם	d/5971 a	HTd/Ncmsa	06RAc
8	10	1		וַ/יַּשְׁכֵּ֤ם	c/7925	HC/Vhw3ms	061AV
8	10	2		יְהוֹשֻׁ֨עַ֙	3091	HNp	064TA
8	10	3		בַּ/בֹּ֔קֶר	b/1242	HRd/Ncmsa	06Dxr
8	10	4		וַ/יִּפְקֹ֖ד	c/6485 a	HC/Vqw3ms	06Xre
8	10	5		אֶת	853	HTo	069xv
8	10	6		הָ/עָ֑ם	d/5971 a	HTd/Ncmsa	06wci
8	10	7		וַ/יַּ֨עַל	c/5927	HC/Vqw3ms	06MpA
8	10	8		ה֜וּא	1931	HPp3ms	06Una
8	10	9		וְ/זִקְנֵ֧י	c/2205	HC/Aampc	06jgC
8	10	10		יִשְׂרָאֵ֛ל	3478	HNp	06EC9
8	10	11		לִ/פְנֵ֥י	l/6440	HR/Ncbpc	06Ati
8	10	12		הָ/עָ֖ם	d/5971 a	HTd/Ncmsa	06BDF
8	10	13		הָ/עָֽי	d/5857	HTd/Np	06cw6
8	11	1		וְ/כָל	c/3605	HC/Ncmsc	06xcg
8	11	2		הָ/עָ֨ם	d/5971 a	HTd/Ncmsa	063hZ
8	11	3		הַ/מִּלְחָמָ֜ה	d/4421	HTd/Ncfsa	06Gh2
8	11	4		אֲשֶׁ֣ר	834 a	HTr	06tTX
8	11	5		אִתּ֗/וֹ	854	HR/Sp3ms	06Khz
8	11	6		עָלוּ֙	5927	HVqp3cp	06A9P
8	11	7		וַֽ/יִּגְּשׁ֔וּ	c/5066	HC/Vqw3mp	06kHE
8	11	8		וַ/יָּבֹ֖אוּ	c/935	HC/Vqw3mp	063yK
8	11	9		נֶ֣גֶד	5048	HR	068ib
8	11	10		הָ/עִ֑יר	d/5892 b	HTd/Ncfsa	06cZW
8	11	11		וַֽ/יַּחֲנוּ֙	c/2583	HC/Vqw3mp	06qur
8	11	12		מִ/צְּפ֣וֹן	m/6828	HR/Ncfsc	06kHk
8	11	13		לָ/עַ֔י	l/5857	HRd/Np	066Dh
8	11	14		וְ/הַ/גַּ֖י	c/d/1516	HC/Td/Ncbsa	06oAs
8	11	15	x-ketiv	בינ/ו	996	HR/Sp3ms	069eG
8	11	16		בֵּינָ֥י/ו	996	HR/Sp3ms	06PZV
8	11	17		וּ/בֵין	c/996	HC/R	06GDR
8	11	18		הָ/עָֽי	d/5857	HTd/Np	0683x
8	12	1		וַ/יִּקַּ֕ח	c/3947	HC/Vqw3ms	06JGH
8	12	2		כַּ/חֲמֵ֥שֶׁת	k/2568	HR/Acmsc	06XV5
8	12	3		אֲלָפִ֖ים	505	HAcbpa	069Xx
8	12	4		אִ֑ישׁ	376	HNcmsa	06hrb
8	12	5		וַ/יָּ֨שֶׂם	c/7760 a	HC/Vqw3ms	061hG
8	12	6		אוֹתָ֜/ם	853	HTo/Sp3mp	06qmG
8	12	7		אֹרֵ֗ב	693	HVqrmsa	06VX8
8	12	8		בֵּ֧ין	996	HR	069yf
8	12	9		בֵּֽית	1008+	HNp	064wk
8	12	10		אֵ֛ל	1008	HNp	06wip
8	12	11		וּ/בֵ֥ין	c/996	HC/R	06cyY
8	12	12		הָ/עַ֖י	d/5857	HTd/Np	06vHx
8	12	13		מִ/יָּ֥ם	m/3220	HR/Ncmsa	06FX1
8	12	14		לָ/עִֽיר	l/5892 b	HRd/Ncfsa	06eb2
8	13	1		וַ/יָּשִׂ֨ימוּ	c/7760 a	HC/Vqw3mp	06c6H
8	13	2		הָ/עָ֜ם	d/5971 a	HTd/Ncmsa	06aZW
8	13	3		אֶת	853	HTo	065aX
8	13	4		כָּל	3605	HNcmsc	06U87
8	13	5		הַֽ/מַּחֲנֶ֗ה	d/4264	HTd/Ncbsa	06NqP
8	13	6		אֲשֶׁר֙	834 a	HTr	06mnj
8	13	7		מִ/צְּפ֣וֹן	m/6828	HR/Ncfsc	063KS
8	13	8		לָ/עִ֔יר	l/5892 b	HRd/Ncfsa	06MZD
8	13	9		וְ/אֶת	c/853	HC/To	068qW
8	13	10		עֲקֵב֖/וֹ	6119	HNcmsc/Sp3ms	06FvR
8	13	11		מִ/יָּ֣ם	m/3220	HR/Ncmsa	06G9D
8	13	12		לָ/עִ֑יר	l/5892 b	HRd/Ncfsa	06VL7
8	13	13		וַ/יֵּ֧לֶךְ	c/3212	HC/Vqw3ms	066Zy
8	13	14		יְהוֹשֻׁ֛עַ	3091	HNp	06S9D
8	13	15		בַּ/לַּ֥יְלָה	b/3915	HRd/Ncmsa	06PJd
8	13	16		הַ/ה֖וּא	d/1931	HTd/Pp3ms	06nWN
8	13	17		בְּ/ת֥וֹךְ	b/8432	HR/Ncmsc	06Jus
8	13	18		הָ/עֵֽמֶק	d/6010	HTd/Ncmsa	06WyJ
8	14	1		וַ/יְהִ֞י	c/1961	HC/Vqw3ms	06AS9
8	14	2		כִּ/רְא֣וֹת	k/7200	HR/Vqc	06Kp3
8	14	3		מֶֽלֶךְ	4428	HNcmsc	069db
8	14	4		הָ/עַ֗י	d/5857	HTd/Np	06o7X
8	14	5		וַֽ/יְמַהֲר֡וּ	c/4116 a	HC/Vpw3mp	06WoY
8	14	6		וַ/יַּשְׁכִּ֡ימוּ	c/7925	HC/Vhw3mp	061bu
8	14	7		וַ/יֵּצְא֣וּ	c/3318	HC/Vqw3mp	06cWZ
8	14	8		אַנְשֵֽׁי	376	HNcmpc	06c5u
8	14	9		הָ/עִ֣יר	d/5892 b	HTd/Ncfsa	06LeR
8	14	10		לִ/קְרַֽאת	l/7125	HR/Vqc	06vkF
8	14	11		יִ֠שְׂרָאֵל	3478	HNp	06skP
8	14	12		לַֽ/מִּלְחָמָ֞ה	l/4421	HRd/Ncfsa	06MnR
8	14	13		ה֧וּא	1931	HPp3ms	066Ze
8	14	14		וְ/כָל	c/3605	HC/Ncmsc	06oeq
8	14	15		עַמּ֛/וֹ	5971 a	HNcmsc/Sp3ms	06XJ4
8	14	16		לַ/מּוֹעֵ֖ד	l/4150	HRd/Ncmsa	06VLE
8	14	17		לִ/פְנֵ֣י	l/6440	HR/Ncbpc	06RRT
8	14	18		הָֽ/עֲרָבָ֑ה	d/6160	HTd/Ncfsa	061WQ
8	14	19		וְ/הוּא֙	c/1931	HC/Pp3ms	06GpM
8	14	20		לֹ֣א	3808	HTn	06sbU
8	14	21		יָדַ֔ע	3045	HVqp3ms	06WbS
8	14	22		כִּֽי	3588 a	HC	06JSM
8	14	23		אֹרֵ֥ב	693	HVqrmsa	06LLT
8	14	24		ל֖/וֹ	l	HR/Sp3ms	069QD
8	14	25		מֵ/אַחֲרֵ֥י	m/310 a	HR/R	06Wuu
8	14	26		הָ/עִֽיר	d/5892 b	HTd/Ncfsa	06Pyy
8	15	1		וַ/יִּנָּֽגְע֛וּ	c/5060	HC/VNw3mp	06pqj
8	15	2		יְהוֹשֻׁ֥עַ	3091	HNp	062yD
8	15	3		וְ/כָל	c/3605	HC/Ncmsc	06ydy
8	15	4		יִשְׂרָאֵ֖ל	3478	HNp	06Au7
8	15	5		לִ/פְנֵי/הֶ֑ם	l/6440	HR/Ncbpc/Sp3mp	06GwZ
8	15	6		וַ/יָּנֻ֖סוּ	c/5127	HC/Vqw3mp	06dXD
8	15	7		דֶּ֥רֶךְ	1870	HNcbsc	063Wn
8	15	8		הַ/מִּדְבָּֽר	d/4057 b	HTd/Ncmsa	066dK
8	16	1		וַ/יִּזָּעֲק֗וּ	c/2199	HC/VNw3mp	06sKp
8	16	2		כָּל	3605	HNcmsc	06icY
8	16	3		הָ/עָם֙	d/5971 a	HTd/Ncmsa	06bVT
8	16	4		אֲשֶׁ֣ר	834 a	HTr	06Vdb
8	16	5	x-ketiv	ב/עיר	b/5892 b	HRd/Ncfsa	06GEn
8	16	6		בָּ/עַ֔י	b/5857	HRd/Np	06JcF
8	16	7		לִ/רְדֹּ֖ף	l/7291	HR/Vqc	06GWd
8	16	8		אַחֲרֵי/הֶ֑ם	310 a	HR/Sp3mp	06S7b
8	16	9		וַֽ/יִּרְדְּפוּ֙	c/7291	HC/Vqw3mp	06FMA
8	16	10		אַחֲרֵ֣י	310 a	HR	067jb
8	16	11		יְהוֹשֻׁ֔עַ	3091	HNp	06acY
8	16	12		וַ/יִּנָּתְק֖וּ	c/5423	HC/VNw3mp	06kuq
8	16	13		מִן	4480 a	HR	0676D
8	16	14		הָ/עִֽיר	d/5892 b	HTd/Ncfsa	06sYV
8	17	1		וְ/לֹֽא	c/3808	HC/Tn	06fgo
8	17	2		נִשְׁאַ֣ר	7604	HVNp3ms	06C3i
8	17	3		אִ֗ישׁ	376	HNcmsa	06K31
8	17	4		בָּ/עַי֙	b/5857	HRd/Np	06Mxg
8	17	5		וּ/בֵ֣ית	c/1008+	HC/Np	06UVY
8	17	6		אֵ֔ל	1008	HNp	06ive
8	17	7		אֲשֶׁ֥ר	834 a	HTr	06m9N
8	17	8		לֹֽא	3808	HTn	06Gyf
8	17	9		יָצְא֖וּ	3318	HVqp3cp	06j6U
8	17	10		אַחֲרֵ֣י	310 a	HR	06T8G
8	17	11		יִשְׂרָאֵ֑ל	3478	HNp	06h69
8	17	12		וַ/יַּעַזְב֤וּ	c/5800 a	HC/Vqw3mp	06Hpm
8	17	13		אֶת	853	HTo	06U2e
8	17	14		הָ/עִיר֙	d/5892 b	HTd/Ncfsa	06UaK
8	17	15		פְּתוּחָ֔ה	6605 a	HVqsfsa	06FLe
8	17	16		וַֽ/יִּרְדְּפ֖וּ	c/7291	HC/Vqw3mp	06TjF
8	17	17		אַחֲרֵ֥י	310 a	HR	06tFS
8	17	18		יִשְׂרָאֵֽל	3478	HNp	06wv4
8	18	1		וַ/יֹּ֨אמֶר	c/559	HC/Vqw3ms	061QE
8	18	2		יְהוָ֜ה	3068	HNp	06HFk
8	18	3		אֶל	413	HR	06bMt
8	18	4		יְהוֹשֻׁ֗עַ	3091	HNp	06fjp
8	18	5		נְ֠טֵה	5186	HVqv2ms	06hSe
8	18	6		בַּ/כִּיד֤וֹן	b/3591	HRd/Ncmsa	06JDi
8	18	7		אֲשֶׁר	834 a	HTr	06pLR
8	18	8		בְּ/יָֽדְ/ךָ֙	b/3027	HR/Ncbsc/Sp2ms	06UUk
8	18	9		אֶל	413	HR	06FGD
8	18	10		הָ/עַ֔י	d/5857	HTd/Np	06cjX
8	18	11		כִּ֥י	3588 a	HC	06BD2
8	18	12		בְ/יָדְ/ךָ֖	b/3027	HR/Ncbsc/Sp2ms	06fQf
8	18	13		אֶתְּנֶ֑/נָּה	5414	HVqi1cs/Sp3fs	06cFY
8	18	14		וַ/יֵּ֧ט	c/5186	HC/Vqw3ms	06czF
8	18	15		יְהוֹשֻׁ֛עַ	3091	HNp	06BK6
8	18	16		בַּ/כִּיד֥וֹן	b/3591	HRd/Ncmsa	06drG
8	18	17		אֲשֶׁר	834 a	HTr	06tUv
8	18	18		בְּ/יָד֖/וֹ	b/3027	HR/Ncbsc/Sp3ms	06VQ4
8	18	19		אֶל	413	HR	06S5J
8	18	20		הָ/עִֽיר	d/5892 b	HTd/Ncfsa	06bwb
8	19	1		וְ/הָ/אוֹרֵ֡ב	c/d/693	HC/Td/Vqrmsa	06gNm
8	19	2		קָם֩	6965 b	HVqp3ms	06ZtA
8	19	3		מְהֵרָ֨ה	4120	HNcfsa	06u1F
8	19	4		מִ/מְּקוֹמ֤/וֹ	m/4725	HR/Ncmsc/Sp3ms	06agt
8	19	5		וַ/יָּר֨וּצוּ֙	c/7323	HC/Vqw3mp	06csz
8	19	6		כִּ/נְט֣וֹת	k/5186	HR/Vqc	06wNM
8	19	7		יָד֔/וֹ	3027	HNcbsc/Sp3ms	06rRN
8	19	8		וַ/יָּבֹ֥אוּ	c/935	HC/Vqw3mp	06Ade
8	19	9		הָ/עִ֖יר	d/5892 b	HTd/Ncfsa	06KH4
8	19	10		וַֽ/יִּלְכְּד֑וּ/הָ	c/3920	HC/Vqw3mp/Sp3fs	06kAt
8	19	11		וַֽ/יְמַהֲר֔וּ	c/4116 a	HC/Vpw3mp	06JGi
8	19	12		וַ/יַּצִּ֥יתוּ	c/3341	HC/Vhw3mp	06KWf
8	19	13		אֶת	853	HTo	06mD6
8	19	14		הָ/עִ֖יר	d/5892 b	HTd/Ncfsa	06xhB
8	19	15		בָּ/אֵֽשׁ	b/784	HRd/Ncbsa	0675Z
8	20	1		וַ/יִּפְנ֣וּ	c/6437	HC/Vqw3mp	06vHP
8	20	2		אַנְשֵׁי֩	376	HNcmpc	06CmX
8	20	3		הָ/עַ֨י	d/5857	HTd/Np	06rpF
8	20	4		אַחֲרֵי/הֶ֜ם	310 a	HR/Sp3mp	0617V
8	20	5		וַ/יִּרְא֗וּ	c/7200	HC/Vqw3mp	06qbi
8	20	6		וְ/הִנֵּ֨ה	c/2009	HC/Tm	06WH5
8	20	7		עָלָ֜ה	5927	HVqp3ms	06Wu9
8	20	8		עֲשַׁ֤ן	6227	HNcmsc	06Wfj
8	20	9		הָ/עִיר֙	d/5892 b	HTd/Ncfsa	06MRr
8	20	10		הַ/שָּׁמַ֔יְמָ/ה	d/8064	HTd/Ncmpa/Sd	06d46
8	20	11		וְ/לֹא	c/3808	HC/Tn	06vGY
8	20	12		הָיָ֨ה	1961	HVqp3ms	06MDm
8	20	13		בָ/הֶ֥ם	b	HR/Sp3mp	06dCq
8	20	14		יָדַ֛יִם	3027	HNcbda	06cAA
8	20	15		לָ/נ֖וּס	l/5127	HR/Vqc	06UYM
8	20	16		הֵ֣נָּה	2008	HD	06NZQ
8	20	17		וָ/הֵ֑נָּה	c/2008	HC/D	06afe
8	20	18		וְ/הָ/עָם֙	c/d/5971 a	HC/Td/Ncmsa	06jFT
8	20	19		הַ/נָּ֣ס	d/5127	HTd/Vqrmsa	06VEv
8	20	20		הַ/מִּדְבָּ֔ר	d/4057 b	HTd/Ncmsa	06dWK
8	20	21		נֶהְפַּ֖ךְ	2015	HVNp3ms	06MeB
8	20	22		אֶל	413	HR	06kAx
8	20	23		הָ/רוֹדֵֽף	d/7291	HTd/Vqrmsa	06cC6
8	21	1		וִ/יהוֹשֻׁ֨עַ	c/3091	HC/Np	06AoQ
8	21	2		וְ/כָֽל	c/3605	HC/Ncmsc	06TQ4
8	21	3		יִשְׂרָאֵ֜ל	3478	HNp	06pM2
8	21	4		רָא֗וּ	7200	HVqp3cp	06fTE
8	21	5		כִּֽי	3588 a	HC	06BxX
8	21	6		לָכַ֤ד	3920	HVqp3ms	063b7
8	21	7		הָֽ/אֹרֵב֙	d/693	HTd/Vqrmsa	0662B
8	21	8		אֶת	853	HTo	06MnE
8	21	9		הָ/עִ֔יר	d/5892 b	HTd/Ncfsa	065dP
8	21	10		וְ/כִ֥י	c/3588 a	HC/C	06sJH
8	21	11		עָלָ֖ה	5927	HVqp3ms	06Wke
8	21	12		עֲשַׁ֣ן	6227	HNcmsc	068Vg
8	21	13		הָ/עִ֑יר	d/5892 b	HTd/Ncfsa	06NwX
8	21	14		וַ/יָּשֻׁ֕בוּ	c/7725	HC/Vqw3mp	06VVb
8	21	15		וַ/יַּכּ֖וּ	c/5221	HC/Vhw3mp	06BJi
8	21	16		אֶת	853	HTo	06dp9
8	21	17		אַנְשֵׁ֥י	376	HNcmpc	06ERi
8	21	18		הָ/עָֽי	d/5857	HTd/Np	06riL
8	22	1		וְ/אֵ֨לֶּה	c/428	HC/Pdxcp	06qeW
8	22	2		יָצְא֤וּ	3318	HVqp3cp	062Cm
8	22	3		מִן	4480 a	HR	06juK
8	22	4		הָ/עִיר֙	d/5892 b	HTd/Ncfsa	06CyD
8	22	5		לִ/קְרָאתָ֔/ם	l/7125	HR/Vqc/Sp3mp	06CuU
8	22	6		וַ/יִּֽהְי֤וּ	c/1961	HC/Vqw3mp	06fge
8	22	7		לְ/יִשְׂרָאֵל֙	l/3478	HR/Np	066Q1
8	22	8		בַּ/תָּ֔וֶךְ	b/8432	HRd/Ncmsa	06zHR
8	22	9		אֵ֥לֶּה	428	HPdxcp	06tip
8	22	10		מִ/זֶּ֖ה	m/2088	HR/Pdxms	06KkZ
8	22	11		וְ/אֵ֣לֶּה	c/428	HC/Pdxcp	06hTx
8	22	12		מִ/זֶּ֑ה	m/2088	HR/Pdxms	06ZqW
8	22	13		וַ/יַּכּ֣וּ	c/5221	HC/Vhw3mp	06kWc
8	22	14		אוֹתָ֔/ם	853	HTo/Sp3mp	06gXQ
8	22	15		עַד	5704	HR	06qr9
8	22	16		בִּלְתִּ֥י	1115	HC	06TFW
8	22	17		הִשְׁאִֽיר	7604	HVhp3ms	062cg
8	22	18		ל֖/וֹ	l	HR/Sp3ms	06G6q
8	22	19		שָׂרִ֥יד	8300	HNcmsa	06E2j
8	22	20		וּ/פָלִֽיט	c/6412 a	HC/Ncmsa	06tXV
8	23	1		וְ/אֶת	c/853	HC/To	067Ee
8	23	2		מֶ֥לֶךְ	4428	HNcmsc	064LF
8	23	3		הָ/עַ֖י	d/5857	HTd/Np	068Ur
8	23	4		תָּ֣פְשׂוּ	8610	HVqp3cp	06UB3
8	23	5		חָ֑י	2416 a	HAamsa	065iK
8	23	6		וַ/יַּקְרִ֥בוּ	c/7126	HC/Vhw3mp	06Der
8	23	7		אֹת֖/וֹ	853	HTo/Sp3ms	06e1m
8	23	8		אֶל	413	HR	06JA6
8	23	9		יְהוֹשֻֽׁעַ	3091	HNp	06ZJi
8	24	1		וַ/יְהִ֣י	c/1961	HC/Vqw3ms	06gKV
8	24	2		כְּ/כַלּ֣וֹת	k/3615	HR/Vpc	064qd
8	24	3		יִשְׂרָאֵ֡ל	3478	HNp	06LEv
8	24	4		לַ/הֲרֹג֩	l/2026	HR/Vqc	06N84
8	24	5		אֶת	853	HTo	06rBZ
8	24	6		כָּל	3605	HNcmsc	06uki
8	24	7		יֹשְׁבֵ֨י	3427	HVqrmpc	06uaL
8	24	8		הָ/עַ֜י	d/5857	HTd/Np	067ay
8	24	9		בַּ/שָּׂדֶ֗ה	b/7704 b	HRd/Ncmsa	06VmT
8	24	10		בַּ/מִּדְבָּר֙	b/4057 b	HRd/Ncmsa	06f8e
8	24	11		אֲשֶׁ֣ר	834 a	HTr	06rZF
8	24	12		רְדָפ֣וּ/ם	7291	HVqp3cp/Sp3mp	06HRi
8	24	13		בּ֔/וֹ	b	HR/Sp3ms	06cpy
8	24	14		וַֽ/יִּפְּל֥וּ	c/5307	HC/Vqw3mp	06N1Q
8	24	15		כֻלָּ֛/ם	3605	HNcmsc/Sp3mp	06g1a
8	24	16		לְ/פִי	l/6310	HR/Ncmsc	06sKY
8	24	17		חֶ֖רֶב	2719	HNcfsa	06CQw
8	24	18		עַד	5704	HR	06C3C
8	24	19		תֻּמָּ֑/ם	8552	HVqc/Sp3mp	06bgL
8	24	20		וַ/יָּשֻׁ֤בוּ	c/7725	HC/Vqw3mp	06NPP
8	24	21		כָל	3605	HNcmsc	06son
8	24	22		יִשְׂרָאֵל֙	3478	HNp	06g5s
8	24	23		הָ/עַ֔י	d/5857	HTd/Np	06xyw
8	24	24		וַ/יַּכּ֥וּ	c/5221	HC/Vhw3mp	06UeH
8	24	25		אֹתָ֖/הּ	853	HTo/Sp3fs	06LdR
8	24	26		לְ/פִי	l/6310	HR/Ncmsc	06LmR
8	24	27		חָֽרֶב	2719	HNcfsa	06NJs
8	25	1		וַ/יְהִי֩	c/1961	HC/Vqw3ms	06AjX
8	25	2		כָל	3605	HNcmsc	064wq
8	25	3		הַ/נֹּ֨פְלִ֜ים	d/5307	HTd/Vqrmpa	06Xv2
8	25	4		בַּ/יּ֤וֹם	b/3117	HRd/Ncmsa	06sVg
8	25	5		הַ/הוּא֙	d/1931	HTd/Pp3ms	06qDj
8	25	6		מֵ/אִ֣ישׁ	m/376	HR/Ncmsa	06A47
8	25	7		וְ/עַד	c/5704	HC/R	06zoe
8	25	8		אִשָּׁ֔ה	802	HNcfsa	06hNP
8	25	9		שְׁנֵ֥ים	8147	HAcmda	06vwy
8	25	10		עָשָׂ֖ר	6240	HAcmsa	06grp
8	25	11		אָ֑לֶף	505	HAcbsa	0662m
8	25	12		כֹּ֖ל	3605	HNcmsc	063iU
8	25	13		אַנְשֵׁ֥י	376	HNcmpc	06VM7
8	25	14		הָ/עָֽי	d/5857	HTd/Np	06MLL
8	26	1		וִ/יהוֹשֻׁ֨עַ֙	c/3091	HC/Np	064Gd
8	26	2		לֹֽא	3808	HTn	06KJT
8	26	3		הֵשִׁ֣יב	7725	HVhp3ms	06usd
8	26	4		יָד֔/וֹ	3027	HNcbsc/Sp3ms	061WV
8	26	5		אֲשֶׁ֥ר	834 a	HTr	06BBr
8	26	6		נָטָ֖ה	5186	HVqp3ms	06mUf
8	26	7		בַּ/כִּיד֑וֹן	b/3591	HRd/Ncmsa	06KL5
8	26	8		עַ֚ד	5704	HR	06ry1
8	26	9		אֲשֶׁ֣ר	834 a	HTr	06C5C
8	26	10		הֶחֱרִ֔ים	2763 a	HVhp3ms	06hY2
8	26	11		אֵ֖ת	853	HTo	06dNn
8	26	12		כָּל	3605	HNcmsc	06T9N
8	26	13		יֹשְׁבֵ֥י	3427	HVqrmpc	06Fig
8	26	14		הָ/עָֽי	d/5857	HTd/Np	06h9t
8	27	1		רַ֣ק	7535	HTa	066vs
8	27	2		הַ/בְּהֵמָ֗ה	d/929	HTd/Ncfsa	06Neq
8	27	3		וּ/שְׁלַל֙	c/7998	HC/Ncmsc	06ESF
8	27	4		הָ/עִ֣יר	d/5892 b	HTd/Ncfsa	064Rb
8	27	5		הַ/הִ֔יא	d/1931	HTd/Pp3fs	06f3R
8	27	6		בָּזְז֥וּ	962	HVqp3cp	06eYe
8	27	7		לָ/הֶ֖ם	l	HR/Sp3mp	06tse
8	27	8		יִשְׂרָאֵ֑ל	3478	HNp	06T7X
8	27	9		כִּ/דְבַ֣ר	k/1697	HR/Ncmsc	06Ao9
8	27	10		יְהוָ֔ה	3068	HNp	06dNk
8	27	11		אֲשֶׁ֥ר	834 a	HTr	066Vu
8	27	12		צִוָּ֖ה	6680	HVpp3ms	06UqP
8	27	13		אֶת	853	HTo	06y9h
8	27	14		יְהוֹשֻֽׁעַ	3091	HNp	061wY
8	28	1		וַ/יִּשְׂרֹ֥ף	c/8313	HC/Vqw3ms	06eab
8	28	2		יְהוֹשֻׁ֖עַ	3091	HNp	06woG
8	28	3		אֶת	853	HTo	069sB
8	28	4		הָ/עָ֑י	d/5857	HTd/Np	06Sgi
8	28	5		וַ/יְשִׂימֶ֤/הָ	c/7760 a	HC/Vqw3ms/Sp3fs	06CEB
8	28	6		תֵּל	8510	HNcmsc	062MH
8	28	7		עוֹלָם֙	5769	HNcmsa	06mz9
8	28	8		שְׁמָמָ֔ה	8077 a	HNcfsa	06HHZ
8	28	9		עַ֖ד	5704	HR	06JA2
8	28	10		הַ/יּ֥וֹם	d/3117	HTd/Ncmsa	06Scx
8	28	11		הַ/זֶּֽה	d/2088	HTd/Pdxms	06gFo
8	29	1		וְ/אֶת	c/853	HC/To	066MJ
8	29	2		מֶ֧לֶךְ	4428	HNcmsc	06ybQ
8	29	3		הָ/עַ֛י	d/5857	HTd/Np	0646t
8	29	4		תָּלָ֥ה	8518	HVqp3ms	06vWK
8	29	5		עַל	5921 a	HR	06B91
8	29	6		הָ/עֵ֖ץ	d/6086	HTd/Ncmsa	06GeY
8	29	7		עַד	5704	HR	06WDj
8	29	8		עֵ֣ת	6256	HNcbsc	06HnC
8	29	9		הָ/עָ֑רֶב	d/6153	HTd/Ncmsa	06y8y
8	29	10		וּ/כְ/ב֣וֹא	c/k/935	HC/R/Vqc	06b5P
8	29	11		הַ/שֶּׁמֶשׁ֩	d/8121	HTd/Ncbsa	06adv
8	29	12		צִוָּ֨ה	6680	HVpp3ms	06tpc
8	29	13		יְהוֹשֻׁ֜עַ	3091	HNp	069g8
8	29	14		וַ/יֹּרִ֧ידוּ	c/3381	HC/Vhw3mp	06ud1
8	29	15		אֶת	853	HTo	06ZMC
8	29	16		נִבְלָת֣/וֹ	5038	HNcfsc/Sp3ms	06EHt
8	29	17		מִן	4480 a	HR	06YsZ
8	29	18		הָ/עֵ֗ץ	d/6086	HTd/Ncmsa	066p4
8	29	19		וַ/יַּשְׁלִ֤יכוּ	c/7993	HC/Vhw3mp	063FP
8	29	20		אוֹתָ/הּ֙	853	HTo/Sp3fs	06GfA
8	29	21		אֶל	413	HR	06eA1
8	29	22		פֶּ֨תַח֙	6607	HNcmsc	06cQD
8	29	23		שַׁ֣עַר	8179	HNcmsc	06RMQ
8	29	24		הָ/עִ֔יר	d/5892 b	HTd/Ncfsa	06WdN
8	29	25		וַ/יָּקִ֤ימוּ	c/6965 b	HC/Vhw3mp	06jG1
8	29	26		עָלָי/ו֙	5921 a	HR/Sp3ms	0685m
8	29	27		גַּל	1530	HNcmsc	06iMR
8	29	28		אֲבָנִ֣ים	68	HNcfpa	063NL
8	29	29		גָּד֔וֹל	1419 a	HAamsa	06YEU
8	29	30		עַ֖ד	5704	HR	06Cch
8	29	31		הַ/יּ֥וֹם	d/3117	HTd/Ncmsa	06gkB
8	29	32		הַ/זֶּֽה	d/2088	HTd/Pdxms	06Kpe
8	30	1		אָ֣ז	227 a	HD	067Zk
8	30	2		יִבְנֶ֤ה	1129	HVqi3ms	06Ajz
8	30	3		יְהוֹשֻׁ֨עַ֙	3091	HNp	06UQk
8	30	4		מִזְבֵּ֔חַ	4196	HNcmsa	06tfV
8	30	5		לַֽ/יהוָ֖ה	l/3068	HR/Np	0643s
8	30	6		אֱלֹהֵ֣י	430	HNcmpc	06Ghn
8	30	7		יִשְׂרָאֵ֑ל	3478	HNp	06ZYn
8	30	8		בְּ/הַ֖ר	b/2022	HR/Ncmsc	069F4
8	30	9		עֵיבָֽל	5858 c	HNp	0662h
8	31	1		כַּ/אֲשֶׁ֣ר	k/834 d	HR/Tr	06huk
8	31	2		צִוָּה֩	6680	HVpp3ms	06UDk
8	31	3		מֹשֶׁ֨ה	4872	HNp	06QuN
8	31	4		עֶֽבֶד	5650	HNcmsc	06VQo
8	31	5		יְהוָ֜ה	3068	HNp	067dP
8	31	6		אֶת	853	HTo	06CUv
8	31	7		בְּנֵ֣י	1121 a	HNcmpc	06JqX
8	31	8		יִשְׂרָאֵ֗ל	3478	HNp	06iVc
8	31	9		כַּ/כָּתוּב֙	k/3789	HRd/Vqsmsa	06z3B
8	31	10		בְּ/סֵ֨פֶר֙	b/5612 a	HR/Ncmsc	06GFA
8	31	11		תּוֹרַ֣ת	8451	HNcfsc	06Wq6
8	31	12		מֹשֶׁ֔ה	4872	HNp	06hEi
8	31	13		מִזְבַּח֙	4196	HNcmsc	06NJx
8	31	14		אֲבָנִ֣ים	68	HNcfpa	06YXv
8	31	15		שְׁלֵמ֔וֹת	8003	HAafpa	06dTc
8	31	16		אֲשֶׁ֛ר	834 a	HTr	063yW
8	31	17		לֹֽא	3808	HTn	061Xj
8	31	18		הֵנִ֥יף	5130 b	HVhp3ms	06gCC
8	31	19		עֲלֵי/הֶ֖ן	5921 a	HR/Sp3fp	06nPn
8	31	20		בַּרְזֶ֑ל	1270	HNcmsa	06men
8	31	21		וַ/יַּעֲל֨וּ	c/5927	HC/Vhw3mp	06Uos
8	31	22		עָלָ֤י/ו	5921 a	HR/Sp3ms	06gzF
8	31	23		עֹלוֹת֙	5930 a	HNcfpa	06z6v
8	31	24		לַֽ/יהוָ֔ה	l/3068	HR/Np	06o1v
8	31	25		וַֽ/יִּזְבְּח֖וּ	c/2076	HC/Vqw3mp	068kX
8	31	26		שְׁלָמִֽים	8002	HNcmpa	06VLR
8	32	1		וַ/יִּכְתָּב	c/3789	HC/Vqw3ms	06PN4
8	32	2		שָׁ֖ם	8033	HD	06T6a
8	32	3		עַל	5921 a	HR	06ywW
8	32	4		הָ/אֲבָנִ֑ים	d/68	HTd/Ncfpa	06aNz
8	32	5		אֵ֗ת	853	HTo	06f9a
8	32	6		מִשְׁנֵה֙	4932	HNcmsc	0665i
8	32	7		תּוֹרַ֣ת	8451	HNcfsc	06fh4
8	32	8		מֹשֶׁ֔ה	4872	HNp	06Zxj
8	32	9		אֲשֶׁ֣ר	834 a	HTr	06byd
8	32	10		כָּתַ֔ב	3789	HVqp3ms	064Ma
8	32	11		לִ/פְנֵ֖י	l/6440	HR/Ncbpc	06gyw
8	32	12		בְּנֵ֥י	1121 a	HNcmpc	06M2C
8	32	13		יִשְׂרָאֵֽל	3478	HNp	06CL8
8	33	1		וְ/כָל	c/3605	HC/Ncmsc	06uZX
8	33	2		יִשְׂרָאֵ֡ל	3478	HNp	06NYw
8	33	3		וּ/זְקֵנָ֡י/ו	c/2205	HC/Aampc/Sp3ms	06NKz
8	33	4		וְ/שֹׁטְרִ֣ים	c/7860	HC/Vqrmpa	06V99
8	33	5		וְ/שֹׁפְטָ֡י/ו	c/8199	HC/Vqrmpc/Sp3ms	06o3Y
8	33	6		עֹמְדִ֣ים	5975	HVqrmpa	06n3z
8	33	7		מִ/זֶּ֣ה	m/2088	HR/Pdxms	06hkq
8	33	8		וּ/מִ/זֶּ֣ה	c/m/2088	HC/R/Pdxms	06vp6
8	33	9		לָ/אָר֡וֹן	l/727	HRd/Ncbsa	06NvP
8	33	10		נֶגֶד֩	5048	HR	06ciJ
8	33	11		הַ/כֹּהֲנִ֨ים	d/3548	HTd/Ncmpa	065L4
8	33	12		הַ/לְוִיִּ֜ם	d/3881	HTd/Ngmpa	06i2j
8	33	13		נֹשְׂאֵ֣י	5375	HVqrmpc	06YPx
8	33	14		אֲר֣וֹן	727	HNcbsc	06FHp
8	33	15		בְּרִית	1285	HNcfsc	06AKQ
8	33	16		יְהוָ֗ה	3068	HNp	06c7n
8	33	17		כַּ/גֵּר֙	k/1616	HRd/Ncmsa	06qqw
8	33	18		כָּֽ/אֶזְרָ֔ח	k/249	HRd/Ncmsa	06tnE
8	33	19		חֶצְי/וֹ֙	2677	HNcmsc/Sp3ms	06M4D
8	33	20		אֶל	413	HR	06kz5
8	33	21		מ֣וּל	4136	HR	061Pz
8	33	22		הַר	2022	HNcmsc	06fz6
8	33	23		גְּרִזִ֔ים	1630	HNp	06EX2
8	33	24		וְ/הַֽ/חֶצְי֖/וֹ	c/d/2677	HC/Td/Ncmsc/Sp3ms	06j2V
8	33	25		אֶל	413	HR	069Bj
8	33	26		מ֣וּל	4136	HR	064gZ
8	33	27		הַר	2022	HNcmsc	06Zbw
8	33	28		עֵיבָ֑ל	5858 c	HNp	06dMH
8	33	29		כַּ/אֲשֶׁ֨ר	k/834 d	HR/Tr	06agv
8	33	30		צִוָּ֜ה	6680	HVpp3ms	06n4g
8	33	31		מֹשֶׁ֣ה	4872	HNp	06JoF
8	33	32		עֶֽבֶד	5650	HNcmsc	06f82
8	33	33		יְהוָ֗ה	3068	HNp	06YnB
8	33	34		לְ/בָרֵ֛ךְ	l/1288	HR/Vpc	06wpu
8	33	35		אֶת	853	HTo	06E97
8	33	36		הָ/עָ֥ם	d/5971 a	HTd/Ncmsa	069vy
8	33	37		יִשְׂרָאֵ֖ל	3478	HNp	06q1D
8	33	38		בָּ/רִאשֹׁנָֽה	b/7223	HRd/Aafsa	06RyE
8	34	1		וְ/אַֽחֲרֵי	c/310 a	HC/R	06iBM
8	34	2		כֵ֗ן	3651 c	HD	06HhJ
8	34	3		קָרָא֙	7121	HVqp3ms	06H6z
8	34	4		אֶת	853	HTo	06UDW
8	34	5		כָּל	3605	HNcmsc	06TRf
8	34	6		דִּבְרֵ֣י	1697	HNcmpc	06LcF
8	34	7		הַ/תּוֹרָ֔ה	d/8451	HTd/Ncfsa	06xJK
8	34	8		הַ/בְּרָכָ֖ה	d/1293	HTd/Ncfsa	06kBm
8	34	9		וְ/הַ/קְּלָלָ֑ה	c/d/7045	HC/Td/Ncfsa	06yGN
8	34	10		כְּ/כָל	k/3605	HR/Ncmsc	06GMF
8	34	11		הַ/כָּת֖וּב	d/3789	HTd/Vqsmsa	06CG8
8	34	12		בְּ/סֵ֥פֶר	b/5612 a	HR/Ncmsc	063jX
8	34	13		הַ/תּוֹרָֽה	d/8451	HTd/Ncfsa	06DX8
8	35	1		לֹֽא	3808	HTn	06yZK
8	35	2		הָיָ֣ה	1961	HVqp3ms	06Ps4
8	35	3		דָבָ֔ר	1697	HNcmsa	06jCy
8	35	4		מִ/כֹּ֖ל	m/3605	HR/Ncmsa	06gAT
8	35	5		אֲשֶׁר	834 a	HTr	06Lva
8	35	6		צִוָּ֣ה	6680	HVpp3ms	06sCe
8	35	7		מֹשֶׁ֑ה	4872	HNp	06tYs
8	35	8		אֲשֶׁ֨ר	834 a	HTr	06SFu
8	35	9		לֹֽא	3808	HTn	06TPm
8	35	10		קָרָ֜א	7121	HVqp3ms	06VnF
8	35	11		יְהוֹשֻׁ֗עַ	3091	HNp	06mUe
8	35	12		נֶ֣גֶד	5048	HR	06EBm
8	35	13		כָּל	3605	HNcmsc	06xzw
8	35	14		קְהַ֤ל	6951	HNcmsc	06Mj5
8	35	15		יִשְׂרָאֵל֙	3478	HNp	06JHF
8	35	16		וְ/הַ/נָּשִׁ֣ים	c/d/802	HC/Td/Ncfpa	066fJ
8	35	17		וְ/הַ/טַּ֔ף	c/d/2945	HC/Td/Ncmsa	06TPR
8	35	18		וְ/הַ/גֵּ֖ר	c/d/1616	HC/Td/Ncmsa	06N8B
8	35	19		הַ/הֹלֵ֥ךְ	d/1980	HTd/Vqrmsa	06LP1
8	35	20		בְּ/קִרְבָּֽ/ם	b/7130	HR/Ncmsc/Sp3mp	06T1d
9	1	1		וַ/יְהִ֣י	c/1961	HC/Vqw3ms	06i6M
9	1	2		כִ/שְׁמֹ֣עַ	k/8085	HR/Vqc	06YXc
9	1	3		כָּֽל	3605	HNcmsc	06feJ
9	1	4		הַ/מְּלָכִ֡ים	d/4428	HTd/Ncmpa	062oS
9	1	5		אֲשֶׁר֩	834 a	HTr	06iQ7
9	1	6		בְּ/עֵ֨בֶר	b/5676	HR/Ncmsc	06etD
9	1	7		הַ/יַּרְדֵּ֜ן	d/3383	HTd/Np	06AJ9
9	1	8		בָּ/הָ֣ר	b/2022	HRd/Ncmsa	06Y2o
9	1	9		וּ/בַ/שְּׁפֵלָ֗ה	c/b/8219	HC/Rd/Ncfsa	06zZV
9	1	10		וּ/בְ/כֹל֙	c/b/3605	HC/R/Ncmsc	06Mcm
9	1	11		ח֚וֹף	2348	HNcmsc	06NSu
9	1	12		הַ/יָּ֣ם	d/3220	HTd/Ncmsa	06KVb
9	1	13		הַ/גָּד֔וֹל	d/1419 a	HTd/Aamsa	06KEV
9	1	14		אֶל	413	HR	061pu
9	1	15		מ֖וּל	4136	HR	06fNB
9	1	16		הַ/לְּבָנ֑וֹן	d/3844	HTd/Np	06uQ9
9	1	17		הַֽ/חִתִּי֙	d/2850	HTd/Ngmsa	06SCW
9	1	18		וְ/הָ֣/אֱמֹרִ֔י	c/d/567	HC/Td/Ngmsa	067iT
9	1	19		הַֽ/כְּנַעֲנִי֙	d/3669 a	HTd/Ngmsa	06aZB
9	1	20		הַ/פְּרִזִּ֔י	d/6522	HTd/Ngmsa	06Jjb
9	1	21		הַ/חִוִּ֖י	d/2340	HTd/Ngmsa	06DZq
9	1	22		וְ/הַ/יְבוּסִֽי	c/d/2983	HC/Td/Ngmsa	06iNw
9	2	1		וַ/יִּֽתְקַבְּצ֣וּ	c/6908	HC/Vtw3mp	06edn
9	2	2		יַחְדָּ֔ו	3162 b	HD	068b9
9	2	3		לְ/הִלָּחֵ֥ם	l/3898 a	HR/VNc	062Bh
9	2	4		עִם	5973 a	HR	065eC
9	2	5		יְהוֹשֻׁ֖עַ	3091	HNp	0644r
9	2	6		וְ/עִם	c/5973 a	HC/R	065CX
9	2	7		יִשְׂרָאֵ֑ל	3478	HNp	06pdB
9	2	8		פֶּ֖ה	6310	HNcmsa	06NS8
9	2	9		אֶחָֽד	259	HAcmsa	067ET
9	3	1		וְ/יֹשְׁבֵ֨י	c/3427	HC/Vqrmpc	064Jq
9	3	2		גִבְע֜וֹן	1391	HNp	06hA6
9	3	3		שָׁמְע֗וּ	8085	HVqp3cp	06Lzj
9	3	4		אֵת֩	853	HTo	06QZt
9	3	5		אֲשֶׁ֨ר	834 a	HTr	06FUV
9	3	6		עָשָׂ֧ה	6213 a	HVqp3ms	06eDe
9	3	7		יְהוֹשֻׁ֛עַ	3091	HNp	063fc
9	3	8		לִֽ/ירִיח֖וֹ	l/3405	HR/Np	06TYP
9	3	9		וְ/לָ/עָֽי	c/l/5857	HC/Rd/Np	06pVN
9	4	1		וַ/יַּעֲשׂ֤וּ	c/6213 a	HC/Vqw3mp	06Nku
9	4	2		גַם	1571	HD	06ypK
9	4	3		הֵ֨מָּה֙	1992	HPp3mp	06Yts
9	4	4		בְּ/עָרְמָ֔ה	b/6195	HR/Ncfsa	061in
9	4	5		וַ/יֵּלְכ֖וּ	c/3212	HC/Vqw3mp	06JDW
9	4	6		וַ/יִּצְטַיָּ֑רוּ	c/6737	HC/Vtw3mp	06wBA
9	4	7		וַ/יִּקְח֞וּ	c/3947	HC/Vqw3mp	06Jon
9	4	8		שַׂקִּ֤ים	8242	HNcmpa	06eep
9	4	9		בָּלִים֙	1087	HAampa	06548
9	4	10		לַ/חֲמ֣וֹרֵי/הֶ֔ם	l/2543	HR/Ncbpc/Sp3mp	06Wut
9	4	11		וְ/נֹאד֥וֹת	c/4997	HC/Ncmpc	06pLk
9	4	12		יַ֨יִן֙	3196	HNcmsa	06DJ2
9	4	13		בָּלִ֔ים	1087	HAampa	06gco
9	4	14		וּ/מְבֻקָּעִ֖ים	c/1234	HC/VPsmpa	06kQS
9	4	15		וּ/מְצֹרָרִֽים	c/6887 b	HC/VPsmpa	06tuE
9	5	1		וּ/נְעָל֨וֹת	c/5275	HC/Ncfpa	06uja
9	5	2		בָּל֤וֹת	1087	HAafpa	06GwE
9	5	3		וּ/מְטֻלָּאוֹת֙	c/2921	HC/VPsfpa	06XRt
9	5	4		בְּ/רַגְלֵי/הֶ֔ם	b/7272	HR/Ncfdc/Sp3mp	06Wxh
9	5	5		וּ/שְׂלָמ֥וֹת	c/8008	HC/Ncfpa	06bfm
9	5	6		בָּל֖וֹת	1087	HAafpa	06my2
9	5	7		עֲלֵי/הֶ֑ם	5921 a	HR/Sp3mp	06Cn7
9	5	8		וְ/כֹל֙	c/3605	HC/Ncmsc	0643d
9	5	9		לֶ֣חֶם	3899	HNcbsc	06KUk
9	5	10		צֵידָ֔/ם	6720	HNcbsc/Sp3mp	06ssc
9	5	11		יָבֵ֖שׁ	3001	HVqp3ms	06EV7
9	5	12		הָיָ֥ה	1961	HVqp3ms	068aA
9	5	13		נִקֻּדִֽים	5350	HNcmpa	06xWZ
9	6	1		וַ/יֵּלְכ֧וּ	c/3212	HC/Vqw3mp	06cXS
9	6	2		אֶל	413	HR	06tBh
9	6	3		יְהוֹשֻׁ֛עַ	3091	HNp	06eyN
9	6	4		אֶל	413	HR	06SSh
9	6	5		הַֽ/מַּחֲנֶ֖ה	d/4264	HTd/Ncbsa	0663d
9	6	6		הַ/גִּלְגָּ֑ל	d/1537	HTd/Np	06R11
9	6	7		וַ/יֹּאמְר֨וּ	c/559	HC/Vqw3mp	06pNu
9	6	8		אֵלָ֜י/ו	413	HR/Sp3ms	067VF
9	6	9		וְ/אֶל	c/413	HC/R	06zUM
9	6	10		אִ֣ישׁ	376	HNcmsc	06zd9
9	6	11		יִשְׂרָאֵ֗ל	3478	HNp	06FAY
9	6	12		מֵ/אֶ֤רֶץ	m/776	HR/Ncbsa	06Pfc
9	6	13		רְחוֹקָה֙	7350	HAafsa	06iza
9	6	14		בָּ֔אנוּ	935	HVqp1cp	06AYM
9	6	15		וְ/עַתָּ֖ה	c/6258	HC/D	06GmN
9	6	16		כִּרְתוּ	3772	HVqv2mp	06pSh
9	6	17		לָ֥/נוּ	l	HR/Sp1cp	06C37
9	6	18		בְרִֽית	1285	HNcfsa	06yoT
9	7	1	x-ketiv	ו/יאמרו	c/559	HC/Vqw3mp	06LMx
9	7	2		וַ/יֹּ֥אמֶר	c/559	HC/Vqw3ms	0623n
9	7	3		אִֽישׁ	376	HNcmsc	06Cb2
9	7	4		יִשְׂרָאֵ֖ל	3478	HNp	067qP
9	7	5		אֶל	413	HR	06FVN
9	7	6		הַ/חִוִּ֑י	d/2340	HTd/Ngmsa	06jaF
9	7	7		אוּלַ֗י	194	HD	06rR2
9	7	8		בְּ/קִרְבִּ/י֙	b/7130	HR/Ncmsc/Sp1cs	06BLG
9	7	9		אַתָּ֣ה	859 a	HPp2ms	06bNh
9	7	10		יוֹשֵׁ֔ב	3427	HVqrmsa	0661z
9	7	11		וְ/אֵ֖יךְ	c/349 a	HC/Ti	06Qhh
9	7	12	x-ketiv	אכרות	3772	HVqi1cs	06VkB
9	7	13		אֶֽכְרָת	3772	HVqi1cs	06NxJ
9	7	14		לְ/ךָ֥	l/3772	HR/Sp2ms	06u2w
9	7	15		בְרִֽית	1285	HNcfsa	06s85
9	8	1		וַ/יֹּאמְר֥וּ	c/559	HC/Vqw3mp	0654v
9	8	2		אֶל	413	HR	06xWQ
9	8	3		יְהוֹשֻׁ֖עַ	3091	HNp	06ksV
9	8	4		עֲבָדֶ֣י/ךָ	5650	HNcmpc/Sp2ms	06k9V
9	8	5		אֲנָ֑חְנוּ	587	HPp1cp	06isA
9	8	6		וַ/יֹּ֨אמֶר	c/559	HC/Vqw3ms	066cS
9	8	7		אֲלֵ/הֶ֧ם	413	HR/Sp3mp	06KP7
9	8	8		יְהוֹשֻׁ֛עַ	3091	HNp	06sYq
9	8	9		מִ֥י	4310	HTi	06dVu
9	8	10		אַתֶּ֖ם	859 d	HPp2mp	06erv
9	8	11		וּ/מֵ/אַ֥יִן	c/m/370	HC/R/Ti	06BBL
9	8	12		תָּבֹֽאוּ	935	HVqi2mp	06JW8
9	9	1		וַ/יֹּאמְר֣וּ	c/559	HC/Vqw3mp	06uiW
9	9	2		אֵלָ֗י/ו	413	HR/Sp3ms	06dve
9	9	3		מֵ/אֶ֨רֶץ	m/776	HR/Ncbsa	06xj3
9	9	4		רְחוֹקָ֤ה	7350	HAafsa	0642S
9	9	5		מְאֹד֙	3966	HD	06rNq
9	9	6		בָּ֣אוּ	935	HVqp3cp	06iqd
9	9	7		עֲבָדֶ֔י/ךָ	5650	HNcmpc/Sp2ms	06QZU
9	9	8		לְ/שֵׁ֖ם	l/8034	HR/Ncmsc	06Fnj
9	9	9		יְהוָ֣ה	3068	HNp	06F7f
9	9	10		אֱלֹהֶ֑י/ךָ	430	HNcmpc/Sp2ms	06aPG
9	9	11		כִּֽי	3588 a	HC	06k2V
9	9	12		שָׁמַ֣עְנוּ	8085	HVqp1cp	06fyM
9	9	13		שָׁמְע֔/וֹ	8089	HNcmsc/Sp3ms	06LMG
9	9	14		וְ/אֵ֛ת	c/853	HC/To	063Ju
9	9	15		כָּל	3605	HNcmsc	063rQ
9	9	16		אֲשֶׁ֥ר	834 a	HTr	06DaL
9	9	17		עָשָׂ֖ה	6213 a	HVqp3ms	06Y6J
9	9	18		בְּ/מִצְרָֽיִם	b/4714	HR/Np	06pyb
9	10	1		וְ/אֵ֣ת	c/853	HC/To	06wLg
9	10	2		כָּל	3605	HNcmsc	06cAP
9	10	3		אֲשֶׁ֣ר	834 a	HTr	06cSt
9	10	4		עָשָׂ֗ה	6213 a	HVqp3ms	06D4i
9	10	5		לִ/שְׁנֵי֙	l/8147	HR/Acmdc	06qRk
9	10	6		מַלְכֵ֣י	4428	HNcmpc	06n62
9	10	7		הָ/אֱמֹרִ֔י	d/567	HTd/Ngmsa	06jjF
9	10	8		אֲשֶׁ֖ר	834 a	HTr	06ygr
9	10	9		בְּ/עֵ֣בֶר	b/5676	HR/Ncmsc	06qTN
9	10	10		הַ/יַּרְדֵּ֑ן	d/3383	HTd/Np	06Wwg
9	10	11		לְ/סִיחוֹן֙	l/5511	HR/Np	06eyj
9	10	12		מֶ֣לֶךְ	4428	HNcmsc	06JBd
9	10	13		חֶשְׁבּ֔וֹן	2809	HNp	06CYn
9	10	14		וּ/לְ/ע֥וֹג	c/l/5747	HC/R/Np	06fze
9	10	15		מֶֽלֶךְ	4428	HNcmsc	06bKv
9	10	16		הַ/בָּשָׁ֖ן	d/1316	HTd/Np	06MUZ
9	10	17		אֲשֶׁ֥ר	834 a	HTr	06W4g
9	10	18		בְּ/עַשְׁתָּרֽוֹת	b/6252	HR/Np	06Dz4
9	11	1		וַ/יֹּאמְר֣וּ	c/559	HC/Vqw3mp	067Fu
9	11	2		אֵלֵ֡י/נוּ	413	HR/Sp1cp	066Dy
9	11	3		זְֽקֵינֵי/נוּ֩	2205	HAampc/Sp1cp	06Zik
9	11	4		וְ/כָל	c/3605	HC/Ncmsc	06G5G
9	11	5		יֹשְׁבֵ֨י	3427	HVqrmpc	067C8
9	11	6		אַרְצֵ֜/נוּ	776	HNcbsc/Sp1cp	06KjQ
9	11	7		לֵ/אמֹ֗ר	l/559	HR/Vqc	06wVX
9	11	8		קְח֨וּ	3947	HVqv2mp	06FD2
9	11	9		בְ/יֶדְ/כֶ֤ם	b/3027	HR/Ncbsc/Sp2mp	06wMc
9	11	10		צֵידָה֙	6720	HNcbsa	06srH
9	11	11		לַ/דֶּ֔רֶךְ	l/1870	HRd/Ncbsa	06Fvm
9	11	12		וּ/לְכ֖וּ	c/3212	HC/Vqv2mp	06wn4
9	11	13		לִ/קְרָאתָ֑/ם	l/7125	HR/Vqc/Sp3mp	061w4
9	11	14		וַ/אֲמַרְתֶּ֤ם	c/559	HC/Vqq2mp	06cem
9	11	15		אֲלֵי/הֶם֙	413	HR/Sp3mp	06ngH
9	11	16		עַבְדֵי/כֶ֣ם	5650	HNcmpc/Sp2mp	06vGA
9	11	17		אֲנַ֔חְנוּ	587	HPp1cp	06nx3
9	11	18		וְ/עַתָּ֖ה	c/6258	HC/D	06tVG
9	11	19		כִּרְתוּ	3772	HVqv2mp	064Qa
9	11	20		לָ֥/נוּ	l	HR/Sp1cp	06WJt
9	11	21		בְרִֽית	1285	HNcfsa	06L5d
9	12	1		זֶ֣ה	2088	HPdxms	06ZeR
9	12	2		לַחְמֵ֗/נוּ	3899	HNcbsc/Sp1cp	06hgx
9	12	3		חָ֞ם	2525	HAamsa	06og7
9	12	4		הִצְטַיַּ֤דְנוּ	6679 b	HVtp1cp	06egd
9	12	5		אֹת/וֹ֙	853	HTo/Sp3ms	06LrY
9	12	6		מִ/בָּ֣תֵּ֔י/נוּ	m/1004 b	HR/Ncmpc/Sp1cp	06WQT
9	12	7		בְּ/י֥וֹם	b/3117	HR/Ncmsc	06m63
9	12	8		צֵאתֵ֖/נוּ	3318	HVqc/Sp1cp	06pfS
9	12	9		לָ/לֶ֣כֶת	l/3212	HR/Vqc	063aE
9	12	10		אֲלֵי/כֶ֑ם	413	HR/Sp2ms	063rZ
9	12	11		וְ/עַתָּה֙	c/6258	HC/D	06Utw
9	12	12		הִנֵּ֣ה	2009	HTm	06fdq
9	12	13		יָבֵ֔שׁ	3001	HVqp3ms	06sSt
9	12	14		וְ/הָיָ֖ה	c/1961	HC/Vqp3ms	06o26
9	12	15		נִקֻּדִֽים	5350	HNcmpa	06hex
9	13	1		וְ/אֵ֨לֶּה	c/428	HC/Pdxcp	06uGG
9	13	2		נֹאד֤וֹת	4997	HNcmpc	062V5
9	13	3		הַ/יַּ֨יִן֙	d/3196	HTd/Ncmsa	06UQx
9	13	4		אֲשֶׁ֣ר	834 a	HTr	06rB8
9	13	5		מִלֵּ֣אנוּ	4390	HVpp1cp	06SGD
9	13	6		חֲדָשִׁ֔ים	2319	HAampa	06YJd
9	13	7		וְ/הִנֵּ֖ה	c/2009	HC/Tm	06v6S
9	13	8		הִתְבַּקָּ֑עוּ	1234	HVtp3cp	06v1o
9	13	9		וְ/אֵ֤לֶּה	c/428	HC/Pdxcp	06JVz
9	13	10		שַׂלְמוֹתֵ֨י/נוּ֙	8008	HNcfpc/Sp1cp	06bm5
9	13	11		וּ/נְעָלֵ֔י/נוּ	c/5275	HC/Ncfpc/Sp1cp	06WDC
9	13	12		בָּל֕וּ	1086	HVqp3cp	06ZQ7
9	13	13		מֵ/רֹ֥ב	m/7230	HR/Ncbsc	06Xbu
9	13	14		הַ/דֶּ֖רֶךְ	d/1870	HTd/Ncbsa	06JZB
9	13	15		מְאֹֽד	3966	HD	067QY
9	14	1		וַ/יִּקְח֥וּ	c/3947	HC/Vqw3mp	06o5y
9	14	2		הָֽ/אֲנָשִׁ֖ים	d/376	HTd/Ncmpa	06mvb
9	14	3		מִ/צֵּידָ֑/ם	m/6718 b	HR/Ncmsc/Sp3mp	06W2N
9	14	4		וְ/אֶת	c/853	HC/To	0639a
9	14	5		פִּ֥י	6310	HNcmsc	062VQ
9	14	6		יְהוָ֖ה	3068	HNp	06gJa
9	14	7		לֹ֥א	3808	HTn	06fqt
9	14	8		שָׁאָֽלוּ	7592	HVqp3cp	06JGt
9	15	1		וַ/יַּ֨עַשׂ	c/6213 a	HC/Vqw3ms	06Us4
9	15	2		לָ/הֶ֤ם	l	HR/Sp3mp	06Bwu
9	15	3		יְהוֹשֻׁ֨עַ֙	3091	HNp	062RT
9	15	4		שָׁל֔וֹם	7965	HNcmsa	06tgM
9	15	5		וַ/יִּכְרֹ֥ת	c/3772	HC/Vqw3ms	06d4t
9	15	6		לָ/הֶ֛ם	l	HR/Sp3mp	06jU8
9	15	7		בְּרִ֖ית	1285	HNcfsa	06raX
9	15	8		לְ/חַיּוֹתָ֑/ם	l/2421	HR/Vpc/Sp3mp	06dm8
9	15	9		וַ/יִּשָּׁבְע֣וּ	c/7650	HC/VNw3mp	06L5p
9	15	10		לָ/הֶ֔ם	l	HR/Sp3mp	06vru
9	15	11		נְשִׂיאֵ֖י	5387 a	HNcmpc	06Kbe
9	15	12		הָ/עֵדָֽה	d/5712	HTd/Ncfsa	06tHL
9	16	1		וַ/יְהִ֗י	c/1961	HC/Vqw3ms	06qZL
9	16	2		מִ/קְצֵה֙	m/7097 a	HR/Ncbsc	06qwh
9	16	3		שְׁלֹ֣שֶׁת	7969	HAcmsc	06iMv
9	16	4		יָמִ֔ים	3117	HNcmpa	06DuZ
9	16	5		אַחֲרֵ֕י	310 a	HR	06fLk
9	16	6		אֲשֶׁר	834 a	HTr	06ACT
9	16	7		כָּרְת֥וּ	3772	HVqp3cp	064RB
9	16	8		לָ/הֶ֖ם	l	HR/Sp3mp	06pid
9	16	9		בְּרִ֑ית	1285	HNcfsa	06uiv
9	16	10		וַֽ/יִּשְׁמְע֗וּ	c/8085	HC/Vqw3mp	06HVX
9	16	11		כִּי	3588 a	HC	06Mk2
9	16	12		קְרֹבִ֥ים	7138	HAampa	06aoG
9	16	13		הֵם֙	1992	HPp3mp	06c8D
9	16	14		אֵלָ֔י/ו	413	HR/Sp3ms	069se
9	16	15		וּ/בְ/קִרְבּ֖/וֹ	c/b/7130	HC/R/Ncmsc/Sp3ms	06rn8
9	16	16		הֵ֥ם	1992	HPp3mp	06nqT
9	16	17		יֹשְׁבִֽים	3427	HVqrmpa	06wMG
9	17	1		וַ/יִּסְע֣וּ	c/5265	HC/Vqw3mp	06MNS
9	17	2		בְנֵֽי	1121 a	HNcmpc	06Y7c
9	17	3		יִשְׂרָאֵ֗ל	3478	HNp	06ohk
9	17	4		וַ/יָּבֹ֛אוּ	c/935	HC/Vqw3mp	06ujT
9	17	5		אֶל	413	HR	06sac
9	17	6		עָרֵי/הֶ֖ם	5892 b	HNcfpc/Sp3mp	06URC
9	17	7		בַּ/יּ֣וֹם	b/3117	HRd/Ncmsa	06uyH
9	17	8		הַ/שְּׁלִישִׁ֑י	d/7992	HTd/Aomsa	069oK
9	17	9		וְ/עָרֵי/הֶם֙	c/5892 b	HC/Ncfpc/Sp3mp	06nuG
9	17	10		גִּבְע֣וֹן	1391	HNp	06Uae
9	17	11		וְ/הַ/כְּפִירָ֔ה	c/d/3716	HC/Td/Np	065P4
9	17	12		וּ/בְאֵר֖וֹת	c/881	HC/Np	06pNa
9	17	13		וְ/קִרְיַ֥ת	c/7157+	HC/Np	06xdk
9	17	14		יְעָרִֽים	7157	HNp	06aQh
9	18	1		וְ/לֹ֤א	c/3808	HC/Tn	066HC
9	18	2		הִכּוּ/ם֙	5221	HVhp3cp/Sp3mp	06Pz9
9	18	3		בְּנֵ֣י	1121 a	HNcmpc	06Hq3
9	18	4		יִשְׂרָאֵ֔ל	3478	HNp	06Rne
9	18	5		כִּֽי	3588 a	HC	06AFm
9	18	6		נִשְׁבְּע֤וּ	7650	HVNp3cp	06CqQ
9	18	7		לָ/הֶם֙	l	HR/Sp3mp	064pF
9	18	8		נְשִׂיאֵ֣י	5387 a	HNcmpc	06uJp
9	18	9		הָֽ/עֵדָ֔ה	d/5712	HTd/Ncfsa	06TaS
9	18	10		בַּֽ/יהוָ֖ה	b/3068	HR/Np	06LLF
9	18	11		אֱלֹהֵ֣י	430	HNcmpc	06bDy
9	18	12		יִשְׂרָאֵ֑ל	3478	HNp	06iov
9	18	13		וַ/יִּלֹּ֥נוּ	c/3885 b	HC/VNw3mp	06sPA
9	18	14		כָל	3605	HNcmsc	06CJX
9	18	15		הָ/עֵדָ֖ה	d/5712	HTd/Ncfsa	06ANN
9	18	16		עַל	5921 a	HR	0695S
9	18	17		הַ/נְּשִׂיאִֽים	d/5387 a	HTd/Ncmpa	068xm
9	19	1		וַ/יֹּאמְר֤וּ	c/559	HC/Vqw3mp	06gX2
9	19	2		כָל	3605	HNcmsc	06r7E
9	19	3		הַ/נְּשִׂיאִים֙	d/5387 a	HTd/Ncmpa	06bzy
9	19	4		אֶל	413	HR	06Zd9
9	19	5		כָּל	3605	HNcmsc	068Dv
9	19	6		הָ֣/עֵדָ֔ה	d/5712	HTd/Ncfsa	06NTZ
9	19	7		אֲנַ֨חְנוּ֙	587	HPp1cp	06775
9	19	8		נִשְׁבַּ֣עְנוּ	7650	HVNp1cp	06Fmt
9	19	9		לָ/הֶ֔ם	l	HR/Sp3mp	06eCW
9	19	10		בַּֽ/יהוָ֖ה	b/3068	HR/Np	062pa
9	19	11		אֱלֹהֵ֣י	430	HNcmpc	06kxp
9	19	12		יִשְׂרָאֵ֑ל	3478	HNp	06vnr
9	19	13		וְ/עַתָּ֕ה	c/6258	HC/D	06SfR
9	19	14		לֹ֥א	3808	HTn	06PA5
9	19	15		נוּכַ֖ל	3201	HVqi1cp	066gb
9	19	16		לִ/נְגֹּ֥עַ	l/5060	HR/Vqc	06or6
9	19	17		בָּ/הֶֽם	b	HR/Sp3mp	06Zed
9	20	1		זֹ֛את	2063	HPdxfs	06u6X
9	20	2		נַעֲשֶׂ֥ה	6213 a	HVqi1cp	06nm9
9	20	3		לָ/הֶ֖ם	l	HR/Sp3mp	063PJ
9	20	4		וְ/הַחֲיֵ֣ה	c/2421	HC/Vha	065ZM
9	20	5		אוֹתָ֑/ם	853	HTo/Sp3mp	06fYy
9	20	6		וְ/לֹֽא	c/3808	HC/Tn	06UBS
9	20	7		יִֽהְיֶ֤ה	1961	HVqi3ms	061iG
9	20	8		עָלֵ֨י/נוּ֙	5921 a	HR/Sp1cp	06ZqA
9	20	9		קֶ֔צֶף	7110 a	HNcmsa	06dKb
9	20	10		עַל	5921 a	HR	06qiR
9	20	11		הַ/שְּׁבוּעָ֖ה	d/7621	HTd/Ncfsa	06amo
9	20	12		אֲשֶׁר	834 a	HTr	064Xh
9	20	13		נִשְׁבַּ֥עְנוּ	7650	HVNp1cp	065e5
9	20	14		לָ/הֶֽם	l	HR/Sp3mp	06p9R
9	21	1		וַ/יֹּאמְר֧וּ	c/559	HC/Vqw3mp	06dTq
9	21	2		אֲלֵי/הֶ֛ם	413	HR/Sp3mp	06wep
9	21	3		הַ/נְּשִׂיאִ֖ים	d/5387 a	HTd/Ncmpa	06Uo7
9	21	4		יִֽחְי֑וּ	2421	HVqi3mp	06Y7e
9	21	5		וַ֠/יִּֽהְיוּ	c/1961	HC/Vqw3mp	06Hgx
9	21	6		חֹטְבֵ֨י	2404	HVqrmpc	06G3x
9	21	7		עֵצִ֤ים	6086	HNcmpa	06s67
9	21	8		וְ/שֹֽׁאֲבֵי	c/7579	HC/Vqrmpc	06YC8
9	21	9		מַ֨יִם֙	4325	HNcmpa	06krY
9	21	10		לְ/כָל	l/3605	HR/Ncmsc	06Cym
9	21	11		הָ֣/עֵדָ֔ה	d/5712	HTd/Ncfsa	06jbf
9	21	12		כַּ/אֲשֶׁ֛ר	k/834 d	HR/Tr	06VGV
9	21	13		דִּבְּר֥וּ	1696	HVpp3cp	06PMB
9	21	14		לָ/הֶ֖ם	l	HR/Sp3mp	06NJt
9	21	15		הַ/נְּשִׂיאִֽים	d/5387 a	HTd/Ncmpa	06vsz
9	22	1		וַ/יִּקְרָ֤א	c/7121	HC/Vqw3ms	06mgi
9	22	2		לָ/הֶם֙	l	HR/Sp3mp	06nDb
9	22	3		יְהוֹשֻׁ֔עַ	3091	HNp	06gDS
9	22	4		וַ/יְדַבֵּ֥ר	c/1696	HC/Vpw3ms	06Efv
9	22	5		אֲלֵי/הֶ֖ם	413	HR/Sp3mp	06DVj
9	22	6		לֵ/אמֹ֑ר	l/559	HR/Vqc	06YCE
9	22	7		לָ/מָּה֩	l/4100	HR/Ti	06JsT
9	22	8		רִמִּיתֶ֨ם	7411 b	HVpp2mp	064Jj
9	22	9		אֹתָ֜/נוּ	853	HTo/Sp1cp	06FjR
9	22	10		לֵ/אמֹ֗ר	l/559	HR/Vqc	06h6T
9	22	11		רְחוֹקִ֨ים	7350	HAampa	06wu9
9	22	12		אֲנַ֤חְנוּ	587	HPp1cp	064Gx
9	22	13		מִ/כֶּם֙	m/4480 a	HR/Sp2mp	06Bj7
9	22	14		מְאֹ֔ד	3966	HD	06sAN
9	22	15		וְ/אַתֶּ֖ם	c/859 d	HC/Pp2mp	06MhW
9	22	16		בְּ/קִרְבֵּ֥/נוּ	b/7130	HR/Ncmsc/Sp1cp	06b4t
9	22	17		יֹשְׁבִֽים	3427	HVqrmpa	06KbS
9	23	1		וְ/עַתָּ֖ה	c/6258	HC/D	06ymY
9	23	2		אֲרוּרִ֣ים	779	HVqsmpa	061iQ
9	23	3		אַתֶּ֑ם	859 d	HPp2mp	06zDJ
9	23	4		וְ/לֹֽא	c/3808	HC/Tn	06bUs
9	23	5		יִכָּרֵ֨ת	3772	HVNi3ms	06dcV
9	23	6		מִ/כֶּ֜ם	m/4480 a	HR/Sp2mp	06gAL
9	23	7		עֶ֗בֶד	5650	HNcmsa	06VXy
9	23	8		וְ/חֹטְבֵ֥י	c/2404	HC/Vqrmpc	06GXL
9	23	9		עֵצִ֛ים	6086	HNcmpa	06KEX
9	23	10		וְ/שֹֽׁאֲבֵי	c/7579	HC/Vqrmpc	06Try
9	23	11		מַ֖יִם	4325	HNcmpa	06d7i
9	23	12		לְ/בֵ֥ית	l/1004 b	HR/Ncmsc	06512
9	23	13		אֱלֹהָֽ/י	430	HNcmpc/Sp1cs	06MzY
9	24	1		וַ/יַּעֲנ֨וּ	c/6030 b	HC/Vqw3mp	06kXM
9	24	2		אֶת	853	HTo	06Hj8
9	24	3		יְהוֹשֻׁ֜עַ	3091	HNp	06zFY
9	24	4		וַ/יֹּאמְר֗וּ	c/559	HC/Vqw3mp	06Rhm
9	24	5		כִּי֩	3588 a	HC	06hnf
9	24	6		הֻגֵּ֨ד	5046	HVHa	06eM1
9	24	7		הֻגַּ֤ד	5046	HVHp3ms	06hk3
9	24	8		לַ/עֲבָדֶ֨י/ךָ֙	l/5650	HR/Ncmpc/Sp2ms	06W1U
9	24	9		אֵת֩	853	HTo	068Um
9	24	10		אֲשֶׁ֨ר	834 a	HTr	06G4t
9	24	11		צִוָּ֜ה	6680	HVpp3ms	06VzB
9	24	12		יְהוָ֤ה	3068	HNp	061ou
9	24	13		אֱלֹהֶ֨י/ךָ֙	430	HNcmpc/Sp2ms	06bjQ
9	24	14		אֶת	853	HTo	06A2U
9	24	15		מֹשֶׁ֣ה	4872	HNp	06ZM7
9	24	16		עַבְדּ֔/וֹ	5650	HNcmsc/Sp3ms	06jY6
9	24	17		לָ/תֵ֤ת	l/5414	HR/Vqc	06XbX
9	24	18		לָ/כֶם֙	l	HR/Sp2mp	06jxp
9	24	19		אֶת	853	HTo	06ox4
9	24	20		כָּל	3605	HNcmsc	06gSB
9	24	21		הָ/אָ֔רֶץ	d/776	HTd/Ncbsa	06mv8
9	24	22		וּ/לְ/הַשְׁמִ֛יד	c/l/8045	HC/R/Vhc	06xW5
9	24	23		אֶת	853	HTo	06X8c
9	24	24		כָּל	3605	HNcmsc	06Kyc
9	24	25		יֹשְׁבֵ֥י	3427	HVqrmpc	06MpC
9	24	26		הָ/אָ֖רֶץ	d/776	HTd/Ncbsa	06s71
9	24	27		מִ/פְּנֵי/כֶ֑ם	m/6440	HR/Ncbpc/Sp2mp	0678H
9	24	28		וַ/נִּירָ֨א	c/3372	HC/Vqw1cp	06BwW
9	24	29		מְאֹ֤ד	3966	HD	06xmm
9	24	30		לְ/נַפְשֹׁתֵ֨י/נוּ֙	l/5315	HR/Ncbpc/Sp1cp	06QWv
9	24	31		מִ/פְּנֵי/כֶ֔ם	m/6440	HR/Ncbpc/Sp2mp	06onS
9	24	32		וַֽ/נַּעֲשֵׂ֖ה	c/6213 a	HC/Vqw1cp	063CX
9	24	33		אֶת	853	HTo	06kSN
9	24	34		הַ/דָּבָ֥ר	d/1697	HTd/Ncmsa	06M79
9	24	35		הַ/זֶּֽה	d/2088	HTd/Pdxms	069PJ
9	25	1		וְ/עַתָּ֖ה	c/6258	HC/D	06psZ
9	25	2		הִנְ/נ֣וּ	2005	HTj/Sp1cp	06jXT
9	25	3		בְ/יָדֶ֑/ךָ	b/3027	HR/Ncbsc/Sp2ms	063i9
9	25	4		כַּ/טּ֨וֹב	k/2896 a	HRd/Aamsa	0686G
9	25	5		וְ/כַ/יָּשָׁ֧ר	c/k/3477	HC/Rd/Aamsa	069x4
9	25	6		בְּ/עֵינֶ֛י/ךָ	b/5869 a	HR/Ncbdc/Sp2ms	06FES
9	25	7		לַ/עֲשׂ֥וֹת	l/6213 a	HR/Vqc	06f4y
9	25	8		לָ֖/נוּ	l	HR/Sp1cp	06H8b
9	25	9		עֲשֵֽׂה	6213 a	HVqv2ms	06C81
9	26	1		וַ/יַּ֥עַשׂ	c/6213 a	HC/Vqw3ms	06G5J
9	26	2		לָ/הֶ֖ם	l	HR/Sp3mp	066Fc
9	26	3		כֵּ֑ן	3651 c	HTm	06x3P
9	26	4		וַ/יַּצֵּ֥ל	c/5337	HC/Vhw3ms	061wp
9	26	5		אוֹתָ֛/ם	853	HTo/Sp3mp	06aq2
9	26	6		מִ/יַּ֥ד	m/3027	HR/Ncbsc	06U9g
9	26	7		בְּנֵֽי	1121 a	HNcmpc	06D2c
9	26	8		יִשְׂרָאֵ֖ל	3478	HNp	06EMa
9	26	9		וְ/לֹ֥א	c/3808	HC/Tn	06ef3
9	26	10		הֲרָגֽוּ/ם	2026	HVqp3cp/Sp3mp	06saN
9	27	1		וַ/יִּתְּנֵ֨/ם	c/5414	HC/Vqw3ms/Sp3mp	06U8A
9	27	2		יְהוֹשֻׁ֜עַ	3091	HNp	06Pdw
9	27	3		בַּ/יּ֣וֹם	b/3117	HRd/Ncmsa	06c8h
9	27	4		הַ/ה֗וּא	d/1931	HTd/Pp3ms	06vjE
9	27	5		חֹטְבֵ֥י	2404	HVqrmpc	06JgM
9	27	6		עֵצִ֛ים	6086	HNcmpa	06Tmi
9	27	7		וְ/שֹׁ֥אֲבֵי	c/7579	HC/Vqrmpc	06eRQ
9	27	8		מַ֖יִם	4325	HNcmpa	06Ky8
9	27	9		לָֽ/עֵדָ֑ה	l/5712	HRd/Ncfsa	06Xnm
9	27	10		וּ/לְ/מִזְבַּ֤ח	c/l/4196	HC/R/Ncmsc	06V6c
9	27	11		יְהוָה֙	3068	HNp	0683z
9	27	12		עַד	5704	HR	06gBP
9	27	13		הַ/יּ֣וֹם	d/3117	HTd/Ncmsa	06PP6
9	27	14		הַ/זֶּ֔ה	d/2088	HTd/Pdxms	06rfQ
9	27	15		אֶל	413	HR	061kz
9	27	16		הַ/מָּק֖וֹם	d/4725	HTd/Ncmsa	06qBP
9	27	17		אֲשֶׁ֥ר	834 a	HTr	062rB
9	27	18		יִבְחָֽר	977	HVqi3ms	06Hxg
10	1	1		וַ/יְהִי֩	c/1961	HC/Vqw3ms	069fZ
10	1	2		כִ/שְׁמֹ֨עַ	k/8085	HR/Vqc	06SCH
10	1	3		אֲדֹֽנִי	139+	HNp	06anU
10	1	4		צֶ֜דֶק	139	HNp	06DJC
10	1	5		מֶ֣לֶךְ	4428	HNcmsc	06u5x
10	1	6		יְרוּשָׁלִַ֗ם	3389	HNp	06YgF
10	1	7		כִּֽי	3588 a	HC	06p1g
10	1	8		לָכַ֨ד	3920	HVqp3ms	06g1i
10	1	9		יְהוֹשֻׁ֣עַ	3091	HNp	06Wdi
10	1	10		אֶת	853	HTo	06YMa
10	1	11		הָ/עַי֮	d/5857	HTd/Np	06xEe
10	1	12		וַ/יַּחֲרִימָ/הּ֒	c/2763 a	HC/Vhw3ms/Sp3fs	06z48
10	1	13		כַּ/אֲשֶׁ֨ר	k/834 d	HR/Tr	06fDm
10	1	14		עָשָׂ֤ה	6213 a	HVqp3ms	06FEx
10	1	15		לִֽ/ירִיחוֹ֙	l/3405	HR/Np	06aSS
10	1	16		וּ/לְ/מַלְכָּ֔/הּ	c/l/4428	HC/R/Ncmsc/Sp3fs	06iAj
10	1	17		כֵּן	3651 c	HTm	06aWd
10	1	18		עָשָׂ֥ה	6213 a	HVqp3ms	06Vuh
10	1	19		לָ/עַ֖י	l/5857	HRd/Np	064nG
10	1	20		וּ/לְ/מַלְכָּ֑/הּ	c/l/4428	HC/R/Ncmsc/Sp3fs	06D7R
10	1	21		וְ/כִ֨י	c/3588 a	HC/C	06fw9
10	1	22		הִשְׁלִ֜ימוּ	7999 b	HVhp3cp	06znQ
10	1	23		יֹשְׁבֵ֤י	3427	HVqrmpc	06ZdC
10	1	24		גִבְעוֹן֙	1391	HNp	062MP
10	1	25		אֶת	854	HR	06Exz
10	1	26		יִשְׂרָאֵ֔ל	3478	HNp	063Cy
10	1	27		וַ/יִּֽהְי֖וּ	c/1961	HC/Vqw3mp	06EDb
10	1	28		בְּ/קִרְבָּֽ/ם	b/7130	HR/Ncmsc/Sp3mp	06xv7
10	2	1		וַ/יִּֽירְא֣וּ	c/3372	HC/Vqw3mp	06r5Y
10	2	2		מְאֹ֔ד	3966	HD	06nEK
10	2	3		כִּ֣י	3588 a	HC	06B86
10	2	4		עִ֤יר	5892 b	HNcfsa	06CK1
10	2	5		גְּדוֹלָה֙	1419 a	HAafsa	06jAF
10	2	6		גִּבְע֔וֹן	1391	HNp	06Gr7
10	2	7		כְּ/אַחַ֖ת	k/259	HR/Acfsc	06sWN
10	2	8		עָרֵ֣י	5892 b	HNcfpc	06DbU
10	2	9		הַ/מַּמְלָכָ֑ה	d/4467	HTd/Ncfsa	06eDs
10	2	10		וְ/כִ֨י	c/3588 a	HC/C	06M1k
10	2	11		הִ֤יא	1931	HPp3fs	06nt9
10	2	12		גְדוֹלָה֙	1419 a	HAafsa	06uo8
10	2	13		מִן	4480 a	HR	06wi3
10	2	14		הָ/עַ֔י	d/5857	HTd/Np	06mK4
10	2	15		וְ/כָל	c/3605	HC/Ncmsc	06dSA
10	2	16		אֲנָשֶׁ֖י/הָ	376	HNcmpc/Sp3fs	06P8j
10	2	17		גִּבֹּרִֽים	1368	HAampa	06b9e
10	3	1		וַ/יִּשְׁלַ֨ח	c/7971	HC/Vqw3ms	067pd
10	3	2		אֲדֹנִי	139+	HNp	06B4V
10	3	3		צֶ֜דֶק	139	HNp	06ikF
10	3	4		מֶ֣לֶךְ	4428	HNcmsc	0666C
10	3	5		יְרוּשָׁלִַ֗ם	3389	HNp	064bg
10	3	6		אֶל	413	HR	06Kgg
10	3	7		הוֹהָ֣ם	1944	HNp	06M2B
10	3	8		מֶֽלֶךְ	4428	HNcmsc	06NU6
10	3	9		חֶ֠בְרוֹן	2275 a	HNp	06ukR
10	3	10		וְ/אֶל	c/413	HC/R	06ojb
10	3	11		פִּרְאָ֨ם	6502	HNp	06Ft6
10	3	12		מֶֽלֶךְ	4428	HNcmsc	06fja
10	3	13		יַרְמ֜וּת	3412	HNp	06phB
10	3	14		וְ/אֶל	c/413	HC/R	06Fww
10	3	15		יָפִ֧יעַ	3309	HNp	06wY4
10	3	16		מֶֽלֶךְ	4428	HNcmsc	0691B
10	3	17		לָכִ֛ישׁ	3923	HNp	06qim
10	3	18		וְ/אֶל	c/413	HC/R	06bDb
10	3	19		דְּבִ֥יר	1688 a	HNp	06bJB
10	3	20		מֶֽלֶךְ	4428	HNcmsc	06LbJ
10	3	21		עֶגְל֖וֹן	5700	HNp	06pwG
10	3	22		לֵ/אמֹֽר	l/559	HR/Vqc	06pBV
10	4	1		עֲלֽוּ	5927	HVqv2mp	06mui
10	4	2		אֵלַ֣/י	413	HR/Sp1cs	0611H
10	4	3		וְ/עִזְרֻ֔/נִי	c/5826	HC/Vqv2mp/Sp1cs	06Yer
10	4	4		וְ/נַכֶּ֖ה	c/5221	HC/Vhi1cp	06Ua5
10	4	5		אֶת	853	HTo	06drz
10	4	6		גִּבְע֑וֹן	1391	HNp	06mWC
10	4	7		כִּֽי	3588 a	HC	06euh
10	4	8		הִשְׁלִ֥ימָה	7999 b	HVhp3fs	06iWd
10	4	9		אֶת	854	HR	06tJY
10	4	10		יְהוֹשֻׁ֖עַ	3091	HNp	06wX7
10	4	11		וְ/אֶת	c/854	HC/R	06264
10	4	12		בְּנֵ֥י	1121 a	HNcmpc	06nWK
10	4	13		יִשְׂרָאֵֽל	3478	HNp	06FhW
10	5	1		וַ/יֵּאָסְפ֨וּ	c/622	HC/VNw3mp	06xwC
10	5	2		וַֽ/יַּעֲל֜וּ	c/5927	HC/Vqw3mp	06Gfv
10	5	3		חֲמֵ֣שֶׁת	2568	HAcmsc	06pu7
10	5	4		מַלְכֵ֣י	4428	HNcmpc	06NZd
10	5	5		הָ/אֱמֹרִ֗י	d/567	HTd/Ngmsa	06SP9
10	5	6		מֶ֣לֶךְ	4428	HNcmsc	068M7
10	5	7		יְרוּשָׁלִַ֜ם	3389	HNp	06dJj
10	5	8		מֶֽלֶךְ	4428	HNcmsc	06edC
10	5	9		חֶבְר֤וֹן	2275 a	HNp	06mRn
10	5	10		מֶֽלֶךְ	4428	HNcmsc	06axV
10	5	11		יַרְמוּת֙	3412	HNp	06o7u
10	5	12		מֶֽלֶךְ	4428	HNcmsc	06ihd
10	5	13		לָכִ֣ישׁ	3923	HNp	06vRG
10	5	14		מֶֽלֶךְ	4428	HNcmsc	06fGs
10	5	15		עֶגְל֔וֹן	5700	HNp	065QH
10	5	16		הֵ֖ם	1992	HPp3mp	06R1Q
10	5	17		וְ/כָל	c/3605	HC/Ncmsc	06ckh
10	5	18		מַֽחֲנֵי/הֶ֑ם	4264	HNcbpc/Sp3mp	06z9U
10	5	19		וַֽ/יַּחֲנוּ֙	c/2583	HC/Vqw3mp	06ySc
10	5	20		עַל	5921 a	HR	06hPW
10	5	21		גִּבְע֔וֹן	1391	HNp	06CfY
10	5	22		וַ/יִּֽלָּחֲמ֖וּ	c/3898 a	HC/VNw3mp	06b31
10	5	23		עָלֶֽי/הָ	5921 a	HR/Sp3fs	06PmK
10	6	1		וַ/יִּשְׁלְח֣וּ	c/7971	HC/Vqw3mp	06DVx
10	6	2		אַנְשֵׁי֩	376	HNcmpc	06XEf
10	6	3		גִבְע֨וֹן	1391	HNp	0656w
10	6	4		אֶל	413	HR	06h2d
10	6	5		יְהוֹשֻׁ֤עַ	3091	HNp	06GLn
10	6	6		אֶל	413	HR	062mU
10	6	7		הַֽ/מַּחֲנֶה֙	d/4264	HTd/Ncbsa	06gjo
10	6	8		הַ/גִּלְגָּ֣לָ/ה	d/1537	HTd/Np/Sd	06jvq
10	6	9		לֵ/אמֹ֔ר	l/559	HR/Vqc	06kmi
10	6	10		אַל	408	HTn	06uRv
10	6	11		תֶּ֥רֶף	7503	HVhj2ms	06YCW
10	6	12		יָדֶ֖י/ךָ	3027	HNcbdc/Sp2ms	06uJ1
10	6	13		מֵֽ/עֲבָדֶ֑י/ךָ	m/5650	HR/Ncmpc/Sp2ms	0671E
10	6	14		עֲלֵ֧ה	5927	HVqv2ms	06kBH
10	6	15		אֵלֵ֣י/נוּ	413	HR/Sp1cp	06tFR
10	6	16		מְהֵרָ֗ה	4120	HNcfsa	06oGq
10	6	17		וְ/הוֹשִׁ֤יעָ/ה	c/3467	HC/Vhv2ms/Sh	06REV
10	6	18		לָּ֨/נוּ֙	l	HR/Sp1cp	06XBk
10	6	19		וְ/עָזְרֵ֔/נוּ	c/5826	HC/Vqv2ms/Sp1cp	06WEz
10	6	20		כִּ֚י	3588 a	HC	06b9h
10	6	21		נִקְבְּצ֣וּ	6908	HVNp3cp	06jKo
10	6	22		אֵלֵ֔י/נוּ	413	HR/Sp1cp	065EL
10	6	23		כָּל	3605	HNcmsc	06CTs
10	6	24		מַלְכֵ֥י	4428	HNcmpc	06Cz7
10	6	25		הָ/אֱמֹרִ֖י	d/567	HTd/Ngmsa	064NJ
10	6	26		יֹשְׁבֵ֥י	3427	HVqrmpc	06nWS
10	6	27		הָ/הָֽר	d/2022	HTd/Ncmsa	06CJ3
10	7	1		וַ/יַּ֨עַל	c/5927	HC/Vqw3ms	06Ymk
10	7	2		יְהוֹשֻׁ֜עַ	3091	HNp	06fAS
10	7	3		מִן	4480 a	HR	06x3S
10	7	4		הַ/גִּלְגָּ֗ל	d/1537	HTd/Np	064tb
10	7	5		ה֚וּא	1931	HPp3ms	06a6P
10	7	6		וְ/כָל	c/3605	HC/Ncmsc	06nWj
10	7	7		עַ֤ם	5971 a	HNcmsc	06eKZ
10	7	8		הַ/מִּלְחָמָה֙	d/4421	HTd/Ncfsa	06tM8
10	7	9		עִמּ֔/וֹ	5973 a	HR/Sp3ms	06CrC
10	7	10		וְ/כֹ֖ל	c/3605	HC/Ncmsc	06q3W
10	7	11		גִּבּוֹרֵ֥י	1368	HAampc	06yMr
10	7	12		הֶ/חָֽיִל	d/2428	HTd/Ncmsa	068Ci
10	8	1		וַ/יֹּ֨אמֶר	c/559	HC/Vqw3ms	06jsc
10	8	2		יְהוָ֤ה	3068	HNp	06kGg
10	8	3		אֶל	413	HR	06miQ
10	8	4		יְהוֹשֻׁ֨עַ֙	3091	HNp	06Q6Z
10	8	5		אַל	408	HTn	06auq
10	8	6		תִּירָ֣א	3372	HVqj2ms	06Nmy
10	8	7		מֵ/הֶ֔ם	m	HR/Sp3mp	06HXq
10	8	8		כִּ֥י	3588 a	HC	06Prq
10	8	9		בְ/יָדְ/ךָ֖	b/3027	HR/Ncbsc/Sp2ms	06GoM
10	8	10		נְתַתִּ֑י/ם	5414	HVqp1cs/Sp3mp	06Qit
10	8	11		לֹֽא	3808	HTn	06EWH
10	8	12		יַעֲמֹ֥ד	5975	HVqi3ms	06v1C
10	8	13		אִ֛ישׁ	376	HNcmsa	06tNG
10	8	14		מֵ/הֶ֖ם	m	HR/Sp3mp	06Hag
10	8	15		בְּ/פָנֶֽי/ךָ	b/6440	HR/Ncbpc/Sp2ms	06n52
10	9	1		וַ/יָּבֹ֧א	c/935	HC/Vqw3ms	06eDt
10	9	2		אֲלֵי/הֶ֛ם	413	HR/Sp3mp	068jm
10	9	3		יְהוֹשֻׁ֖עַ	3091	HNp	06o98
10	9	4		פִּתְאֹ֑ם	6597	HD	065ax
10	9	5		כָּל	3605	HNcmsc	06ce1
10	9	6		הַ/לַּ֕יְלָה	d/3915	HTd/Ncmsa	06iyi
10	9	7		עָלָ֖ה	5927	HVqp3ms	069mB
10	9	8		מִן	4480 a	HR	061yE
10	9	9		הַ/גִּלְגָּֽל	d/1537	HTd/Np	06kZi
10	10	1		וַ/יְהֻמֵּ֤/ם	c/2000	HC/Vqw3ms/Sp3mp	06XWn
10	10	2		יְהוָה֙	3068	HNp	06N3v
10	10	3		לִ/פְנֵ֣י	l/6440	HR/Ncbpc	06WjB
10	10	4		יִשְׂרָאֵ֔ל	3478	HNp	06z8A
10	10	5		וַ/יַּכֵּ֥/ם	c/5221	HC/Vhw3ms/Sp3mp	06CqV
10	10	6		מַכָּֽה	4347	HNcfsa	06gaD
10	10	7		גְדוֹלָ֖ה	1419 a	HAafsa	06iXd
10	10	8		בְּ/גִבְע֑וֹן	b/1391	HR/Np	06MD3
10	10	9		וַֽ/יִּרְדְּפֵ֗/ם	c/7291	HC/Vqw3ms/Sp3mp	06HgW
10	10	10		דֶּ֚רֶךְ	1870	HNcbsc	06ns5
10	10	11		מַעֲלֵ֣ה	4609 b	HNcfsc	06jBp
10	10	12		בֵית	1032+	HNp	06YWJ
10	10	13		חוֹרֹ֔ן	1032	HNp	06SNT
10	10	14		וַ/יַּכֵּ֥/ם	c/5221	HC/Vhw3ms/Sp3mp	063ye
10	10	15		עַד	5704	HR	06sN7
10	10	16		עֲזֵקָ֖ה	5825	HNp	06X85
10	10	17		וְ/עַד	c/5704	HC/R	06oVd
10	10	18		מַקֵּדָֽה	4719	HNp	06Qiq
10	11	1		וַ/יְהִ֞י	c/1961	HC/Vqw3ms	06hE4
10	11	2		בְּ/נֻסָ֣/ם	b/5127	HR/Vqc/Sp3mp	06pej
10	11	3		מִ/פְּנֵ֣י	m/6440	HR/Ncbpc	06Y5A
10	11	4		יִשְׂרָאֵ֗ל	3478	HNp	06ti3
10	11	5		הֵ֞ם	1992	HPp3mp	06XtY
10	11	6		בְּ/מוֹרַ֤ד	b/4174	HR/Ncmsc	06kBb
10	11	7		בֵּית	1032+	HNp	06CAc
10	11	8		חוֹרֹן֙	1032	HNp	06dWV
10	11	9		וַֽ/יהוָ֡ה	c/3068	HC/Np	06atD
10	11	10		הִשְׁלִ֣יךְ	7993	HVhp3ms	06Uit
10	11	11		עֲלֵי/הֶם֩	5921 a	HR/Sp3mp	06mrd
10	11	12		אֲבָנִ֨ים	68	HNcfpa	068NY
10	11	13		גְּדֹל֧וֹת	1419 a	HAafpa	06BdS
10	11	14		מִן	4480 a	HR	067d1
10	11	15		הַ/שָּׁמַ֛יִם	d/8064	HTd/Ncmpa	06iGP
10	11	16		עַד	5704	HR	06LXv
10	11	17		עֲזֵקָ֖ה	5825	HNp	06YrG
10	11	18		וַ/יָּמֻ֑תוּ	c/4191	HC/Vqw3mp	06SBB
10	11	19		רַבִּ֗ים	7227 a	HAampa	06EcU
10	11	20		אֲשֶׁר	834 a	HTr	06Yth
10	11	21		מֵ֨תוּ֙	4191	HVqp3cp	06fZb
10	11	22		בְּ/אַבְנֵ֣י	b/68	HR/Ncfpc	06G6t
10	11	23		הַ/בָּרָ֔ד	d/1259	HTd/Ncmsa	064zB
10	11	24		מֵ/אֲשֶׁ֥ר	m/834 c	HR/Tr	06DaG
10	11	25		הָרְג֛וּ	2026	HVqp3cp	06USD
10	11	26		בְּנֵ֥י	1121 a	HNcmpc	062W4
10	11	27		יִשְׂרָאֵ֖ל	3478	HNp	06Uzr
10	11	28		בֶּ/חָֽרֶב	b/2719	HRd/Ncfsa	065bQ
10	12	1		אָ֣ז	227 a	HD	06whG
10	12	2		יְדַבֵּ֤ר	1696	HVpi3ms	06Ztm
10	12	3		יְהוֹשֻׁעַ֙	3091	HNp	06gob
10	12	4		לַֽ/יהוָ֔ה	l/3068	HR/Np	06QLb
10	12	5		בְּ/י֗וֹם	b/3117	HR/Ncmsc	06CzH
10	12	6		תֵּ֤ת	5414	HVqc	06SRf
10	12	7		יְהוָה֙	3068	HNp	06aUL
10	12	8		אֶת	853	HTo	06ABu
10	12	9		הָ֣/אֱמֹרִ֔י	d/567	HTd/Ngmsa	06Qno
10	12	10		לִ/פְנֵ֖י	l/6440	HR/Ncbpc	06faU
10	12	11		בְּנֵ֣י	1121 a	HNcmpc	06xJG
10	12	12		יִשְׂרָאֵ֑ל	3478	HNp	06mUS
10	12	13		וַ/יֹּ֣אמֶר	c/559	HC/Vqw3ms	06rbb
10	12	14		לְ/עֵינֵ֣י	l/5869 a	HR/Ncbdc	067s1
10	12	15		יִשְׂרָאֵ֗ל	3478	HNp	06g7p
10	12	16		שֶׁ֚מֶשׁ	8121	HNcbsa	06SNp
10	12	17		בְּ/גִבְע֣וֹן	b/1391	HR/Np	06Fjh
10	12	18		דּ֔וֹם	1826 a	HVqv2ms	06aH9
10	12	19		וְ/יָרֵ֖חַ	c/3394	HC/Ncmsa	06kv5
10	12	20		בְּ/עֵ֥מֶק	b/6010	HR/Ncmsc	06RUm
10	12	21		אַיָּלֽוֹן	357	HNp	06NJw
10	13	1		וַ/יִּדֹּ֨ם	c/1826 a	HC/Vqw3ms	06pgX
10	13	2		הַ/שֶּׁ֜מֶשׁ	d/8121	HTd/Ncbsa	06pvp
10	13	3		וְ/יָרֵ֣חַ	c/3394	HC/Ncmsa	06g9e
10	13	4		עָמָ֗ד	5975	HVqp3ms	06qtY
10	13	5		עַד	5704	HR	06mno
10	13	6		יִקֹּ֥ם	5358	HVqi3ms	065Ne
10	13	7		גּוֹי֙	1471 a	HNcmsa	06kfA
10	13	8		אֹֽיְבָ֔י/ו	341	HVqrmpc/Sp3ms	06o9X
10	13	9		הֲ/לֹא	i/3808	HTi/Tn	06qEq
10	13	10		הִ֥יא	1931	HPp3fs	06FMs
10	13	11		כְתוּבָ֖ה	3789	HVqsfsa	06uss
10	13	12		עַל	5921 a	HR	06LSu
10	13	13		סֵ֣פֶר	5612 a	HNcmsc	06X7L
10	13	14		הַ/יָּשָׁ֑ר	d/3477	HTd/Aamsa	06acK
10	13	15		וַ/יַּעֲמֹ֤ד	c/5975	HC/Vqw3ms	06Bfx
10	13	16		הַ/שֶּׁ֨מֶשׁ֙	d/8121	HTd/Ncbsa	06Jcq
10	13	17		בַּ/חֲצִ֣י	b/2677	HR/Ncmsc	06yxB
10	13	18		הַ/שָּׁמַ֔יִם	d/8064	HTd/Ncmpa	06EMh
10	13	19		וְ/לֹא	c/3808	HC/Tn	06oSC
10	13	20		אָ֥ץ	213	HVqp3ms	06x6j
10	13	21		לָ/ב֖וֹא	l/935	HR/Vqc	06sqj
10	13	22		כְּ/י֥וֹם	k/3117	HR/Ncmsa	06U8L
10	13	23		תָּמִֽים	8549	HAamsa	06N1A
10	14	1		וְ/לֹ֨א	c/3808	HC/Tn	06S7G
10	14	2		הָיָ֜ה	1961	HVqp3ms	06jyn
10	14	3		כַּ/יּ֤וֹם	k/3117	HRd/Ncmsa	06K1A
10	14	4		הַ/הוּא֙	d/1931	HTd/Pp3ms	06uDX
10	14	5		לְ/פָנָ֣י/ו	l/6440	HR/Ncbpc/Sp3ms	06xoq
10	14	6		וְ/אַחֲרָ֔י/ו	c/310 a	HC/R/Sp3ms	06p8s
10	14	7		לִ/שְׁמֹ֥עַ	l/8085	HR/Vqc	06u7q
10	14	8		יְהוָ֖ה	3068	HNp	06WtS
10	14	9		בְּ/ק֣וֹל	b/6963 a	HR/Ncmsc	06PiF
10	14	10		אִ֑ישׁ	376	HNcmsa	06wyB
10	14	11		כִּ֣י	3588 a	HC	06uBF
10	14	12		יְהוָ֔ה	3068	HNp	06wqi
10	14	13		נִלְחָ֖ם	3898 a	HVNp3ms	06Fm8
10	14	14		לְ/יִשְׂרָאֵֽל	l/3478	HR/Np	065Sy
10	15	1		וַ/יָּ֤שָׁב	c/7725	HC/Vqw3ms	062gS
10	15	2		יְהוֹשֻׁ֨עַ֙	3091	HNp	06Jut
10	15	3		וְ/כָל	c/3605	HC/Ncmsc	06p3n
10	15	4		יִשְׂרָאֵ֣ל	3478	HNp	06d68
10	15	5		עִמּ֔/וֹ	5973 a	HR/Sp3ms	06qeT
10	15	6		אֶל	413	HR	062pY
10	15	7		הַֽ/מַּחֲנֶ֖ה	d/4264	HTd/Ncbsa	06hYY
10	15	8		הַ/גִּלְגָּֽלָ/ה	d/1537	HTd/Np/Sd	06gz6
10	16	1		וַ/יָּנֻ֕סוּ	c/5127	HC/Vqw3mp	06YKe
10	16	2		חֲמֵ֖שֶׁת	2568	HAcmsc	06LnX
10	16	3		הַ/מְּלָכִ֣ים	d/4428	HTd/Ncmpa	06fBS
10	16	4		הָ/אֵ֑לֶּה	d/428	HTd/Pdxcp	06r2p
10	16	5		וַ/יֵּחָבְא֥וּ	c/2244	HC/VNw3mp	06RiY
10	16	6		בַ/מְּעָרָ֖ה	b/4631	HRd/Ncfsa	06ZhF
10	16	7		בְּ/מַקֵּדָֽה	b/4719	HR/Np	06M4z
10	17	1		וַ/יֻּגַּ֖ד	c/5046	HC/VHw3ms	06t9s
10	17	2		לִ/יהוֹשֻׁ֣עַ	l/3091	HR/Np	06ubY
10	17	3		לֵ/אמֹ֑ר	l/559	HR/Vqc	06hDs
10	17	4		נִמְצְאוּ֙	4672	HVNp3cp	06tti
10	17	5		חֲמֵ֣שֶׁת	2568	HAcmsc	06Ht3
10	17	6		הַ/מְּלָכִ֔ים	d/4428	HTd/Ncmpa	0637A
10	17	7		נֶחְבְּאִ֥ים	2244	HVNrmpa	06ZhJ
10	17	8		בַּ/מְּעָרָ֖ה	b/4631	HRd/Ncfsa	06SmQ
10	17	9		בְּ/מַקֵּדָֽה	b/4719	HR/Np	06MZa
10	18	1		וַ/יֹּ֣אמֶר	c/559	HC/Vqw3ms	06zKB
10	18	2		יְהוֹשֻׁ֔עַ	3091	HNp	06eLd
10	18	3		גֹּ֛לּוּ	1556	HVqv2mp	06o5N
10	18	4		אֲבָנִ֥ים	68	HNcfpa	06S8J
10	18	5		גְּדֹל֖וֹת	1419 a	HAafpa	06wdY
10	18	6		אֶל	413	HR	064qA
10	18	7		פִּ֣י	6310	HNcmsc	06vHo
10	18	8		הַ/מְּעָרָ֑ה	d/4631	HTd/Ncfsa	06JGD
10	18	9		וְ/הַפְקִ֧ידוּ	c/6485 a	HC/Vhv2mp	066uD
10	18	10		עָלֶ֛י/הָ	5921 a	HR/Sp3fs	06CXt
10	18	11		אֲנָשִׁ֖ים	376	HNcmpa	06Pwy
10	18	12		לְ/שָׁמְרָֽ/ם	l/8104	HR/Vqc/Sp3mp	068Dn
10	19	1		וְ/אַתֶּם֙	c/859 d	HC/Pp2mp	06avv
10	19	2		אַֽל	408	HTn	06bKm
10	19	3		תַּעֲמֹ֔דוּ	5975	HVqj2mp	064Vj
10	19	4		רִדְפוּ֙	7291	HVqv2mp	061Ae
10	19	5		אַחֲרֵ֣י	310 a	HR	06Kmu
10	19	6		אֹֽיְבֵי/כֶ֔ם	341	HVqrmpc/Sp2mp	06yUJ
10	19	7		וְ/זִנַּבְתֶּ֖ם	c/2179	HC/Vpq2mp	06UZY
10	19	8		אוֹתָ֑/ם	853	HTo/Sp3mp	06t13
10	19	9		אַֽל	408	HTn	06SW7
10	19	10		תִּתְּנ֗וּ/ם	5414	HVqj2mp/Sp3mp	06znf
10	19	11		לָ/בוֹא֙	l/935	HR/Vqc	0612R
10	19	12		אֶל	413	HR	06Wm7
10	19	13		עָ֣רֵי/הֶ֔ם	5892 b	HNcfpc/Sp3mp	06Jxk
10	19	14		כִּ֧י	3588 a	HC	06zc3
10	19	15		נְתָנָ֛/ם	5414	HVqp3ms/Sp3mp	06hE9
10	19	16		יְהוָ֥ה	3068	HNp	06NHf
10	19	17		אֱלֹהֵי/כֶ֖ם	430	HNcmpc/Sp2mp	06d3H
10	19	18		בְּ/יֶדְ/כֶֽם	b/3027	HR/Ncbsc/Sp2mp	06hmj
10	20	1		וַ/יְהִי֩	c/1961	HC/Vqw3ms	06GSJ
10	20	2		כְּ/כַלּ֨וֹת	k/3615	HR/Vpc	06RMB
10	20	3		יְהוֹשֻׁ֜עַ	3091	HNp	062am
10	20	4		וּ/בְנֵ֣י	c/1121 a	HC/Ncmpc	06Pwx
10	20	5		יִשְׂרָאֵ֗ל	3478	HNp	06sNu
10	20	6		לְ/הַכּוֹתָ֛/ם	l/5221	HR/Vhc/Sp3mp	06SGp
10	20	7		מַכָּ֥ה	4347	HNcfsa	06AKE
10	20	8		גְדוֹלָֽה	1419 a	HAafsa	06BdE
10	20	9		מְאֹ֖ד	3966	HD	06Z58
10	20	10		עַד	5704	HR	06sXJ
10	20	11		תֻּמָּ֑/ם	8552	HVqc/Sp3mp	06nEL
10	20	12		וְ/הַ/שְּׂרִידִים֙	c/d/8300	HC/Td/Ncmpa	06LDB
10	20	13		שָׂרְד֣וּ	8277	HVqp3cp	06Lsc
10	20	14		מֵ/הֶ֔ם	m	HR/Sp3mp	064Se
10	20	15		וַ/יָּבֹ֖אוּ	c/935	HC/Vqw3mp	06KM8
10	20	16		אֶל	413	HR	069DU
10	20	17		עָרֵ֥י	5892 b	HNcfpc	064Q5
10	20	18		הַ/מִּבְצָֽר	d/4013	HTd/Ncmsa	06NAz
10	21	1		וַ/יָּשֻׁבוּ֩	c/7725	HC/Vqw3mp	06xWi
10	21	2		כָל	3605	HNcmsc	06kqa
10	21	3		הָ/עָ֨ם	d/5971 a	HTd/Ncmsa	06Awb
10	21	4		אֶל	413	HR	06Us6
10	21	5		הַ/מַּחֲנֶ֧ה	d/4264	HTd/Ncbsa	06XWb
10	21	6		אֶל	413	HR	06AzE
10	21	7		יְהוֹשֻׁ֛עַ	3091	HNp	06zMc
10	21	8		מַקֵּדָ֖ה	4719	HNp	06f4L
10	21	9		בְּ/שָׁל֑וֹם	b/7965	HR/Ncmsa	06zMh
10	21	10		לֹֽא	3808	HTn	06uRx
10	21	11		חָרַ֞ץ	2782	HVqp3ms	06u5G
10	21	12		לִ/בְנֵ֧י	l/1121 a	HR/Ncmpc	06V2c
10	21	13		יִשְׂרָאֵ֛ל	3478	HNp	06GoD
10	21	14		לְ/אִ֖ישׁ	l/376	HR/Ncmsa	06Euf
10	21	15		אֶת	853	HTo	06hmw
10	21	16		לְשֹׁנֽ/וֹ	3956	HNcbsc/Sp3ms	06Hme
10	22	1		וַ/יֹּ֣אמֶר	c/559	HC/Vqw3ms	06pDV
10	22	2		יְהוֹשֻׁ֔עַ	3091	HNp	06zCP
10	22	3		פִּתְח֖וּ	6605 a	HVqv2mp	06QxP
10	22	4		אֶת	853	HTo	06ihJ
10	22	5		פִּ֣י	6310	HNcmsc	06NR3
10	22	6		הַ/מְּעָרָ֑ה	d/4631	HTd/Ncfsa	06Wsp
10	22	7		וְ/הוֹצִ֣יאוּ	c/3318	HC/Vhv2mp	06eVQ
10	22	8		אֵלַ֗/י	413	HR/Sp1cs	06upN
10	22	9		אֶת	853	HTo	06Zh8
10	22	10		חֲמֵ֛שֶׁת	2568	HAcmsc	06Pf6
10	22	11		הַ/מְּלָכִ֥ים	d/4428	HTd/Ncmpa	06kEn
10	22	12		הָ/אֵ֖לֶּה	d/428	HTd/Pdxcp	06det
10	22	13		מִן	4480 a	HR	06peM
10	22	14		הַ/מְּעָרָֽה	d/4631	HTd/Ncfsa	06dMe
10	23	1		וַ/יַּ֣עֲשׂוּ	c/6213 a	HC/Vqw3mp	06VmC
10	23	2		כֵ֔ן	3651 c	HD	06wQx
10	23	3		וַ/יֹּצִ֣יאוּ	c/3318	HC/Vhw3mp	06VMV
10	23	4		אֵלָ֗י/ו	413	HR/Sp3ms	06GSm
10	23	5		אֶת	853	HTo	065sF
10	23	6		חֲמֵ֛שֶׁת	2568	HAcmsc	06Rdh
10	23	7		הַ/מְּלָכִ֥ים	d/4428	HTd/Ncmpa	06V35
10	23	8		הָ/אֵ֖לֶּה	d/428	HTd/Pdxcp	06iQU
10	23	9		מִן	4480 a	HR	064GK
10	23	10		הַ/מְּעָרָ֑ה	d/4631	HTd/Ncfsa	067A7
10	23	11		אֵ֣ת	853	HTo	06W71
10	23	12		מֶ֣לֶךְ	4428	HNcmsc	0688E
10	23	13		יְרוּשָׁלִַ֗ם	3389	HNp	06Gdj
10	23	14		אֶת	853	HTo	06h3q
10	23	15		מֶ֤לֶךְ	4428	HNcmsc	06fkU
10	23	16		חֶבְרוֹן֙	2275 a	HNp	06Ass
10	23	17		אֶת	853	HTo	0697U
10	23	18		מֶ֣לֶךְ	4428	HNcmsc	06YSa
10	23	19		יַרְמ֔וּת	3412	HNp	06FHj
10	23	20		אֶת	853	HTo	068ZH
10	23	21		מֶ֥לֶךְ	4428	HNcmsc	06vK2
10	23	22		לָכִ֖ישׁ	3923	HNp	06SNW
10	23	23		אֶת	853	HTo	06Mrd
10	23	24		מֶ֥לֶךְ	4428	HNcmsc	06mxr
10	23	25		עֶגְלֽוֹן	5700	HNp	06Rm3
10	24	1		וַ֠/יְהִי	c/1961	HC/Vqw3ms	06JFe
10	24	2		כְּֽ/הוֹצִיאָ֞/ם	k/3318	HR/Vhc/Sp3mp	06Vat
10	24	3		אֶת	853	HTo	064Nu
10	24	4		הַ/מְּלָכִ֣ים	d/4428	HTd/Ncmpa	0659s
10	24	5		הָ/אֵלֶּה֮	d/428	HTd/Pdxcp	06yAS
10	24	6		אֶל	413	HR	06Drk
10	24	7		יְהוֹשֻׁעַ֒	3091	HNp	06kox
10	24	8		וַ/יִּקְרָ֨א	c/7121	HC/Vqw3ms	06qHe
10	24	9		יְהוֹשֻׁ֜עַ	3091	HNp	06bLP
10	24	10		אֶל	413	HR	06VkX
10	24	11		כָּל	3605	HNcmsc	06Cjp
10	24	12		אִ֣ישׁ	376	HNcmsc	069dQ
10	24	13		יִשְׂרָאֵ֗ל	3478	HNp	06VAa
10	24	14		וַ֠/יֹּאמֶר	c/559	HC/Vqw3ms	06PY4
10	24	15		אֶל	413	HR	06N7X
10	24	16		קְצִינֵ֞י	7101	HNcmpc	069vs
10	24	17		אַנְשֵׁ֤י	376	HNcmpc	06C5h
10	24	18		הַ/מִּלְחָמָה֙	d/4421	HTd/Ncfsa	06a7n
10	24	19		הֶ/הָלְכ֣וּא	d/1980	HTd/Vqp3cp	06zJe
10	24	20		אִתּ֔/וֹ	854	HR/Sp3ms	06PcK
10	24	21		קִרְב֗וּ	7126	HVqv2mp	06c4r
10	24	22		שִׂ֚ימוּ	7760 a	HVqv2mp	061zb
10	24	23		אֶת	853	HTo	0689i
10	24	24		רַגְלֵי/כֶ֔ם	7272	HNcfdc/Sp2mp	06sCL
10	24	25		עַֽל	5921 a	HR	06faF
10	24	26		צַוְּארֵ֖י	6677 a	HNcmpc	06kqz
10	24	27		הַ/מְּלָכִ֣ים	d/4428	HTd/Ncmpa	0696q
10	24	28		הָ/אֵ֑לֶּה	d/428	HTd/Pdxcp	06ret
10	24	29		וַֽ/יִּקְרְב֔וּ	c/7126	HC/Vqw3mp	06C7D
10	24	30		וַ/יָּשִׂ֥ימוּ	c/7760 a	HC/Vqw3mp	062md
10	24	31		אֶת	853	HTo	06XGJ
10	24	32		רַגְלֵי/הֶ֖ם	7272	HNcfdc/Sp3mp	06hPa
10	24	33		עַל	5921 a	HR	06vef
10	24	34		צַוְּארֵי/הֶֽם	6677 a	HNcmpc/Sp3mp	06cJJ
10	25	1		וַ/יֹּ֤אמֶר	c/559	HC/Vqw3ms	06rbT
10	25	2		אֲלֵי/הֶם֙	413	HR/Sp3mp	068Ea
10	25	3		יְהוֹשֻׁ֔עַ	3091	HNp	06gVK
10	25	4		אַל	408	HTn	064HS
10	25	5		תִּֽירְא֖וּ	3372	HVqj2mp	06mj8
10	25	6		וְ/אַל	c/408	HC/Tn	06bJu
10	25	7		תֵּחָ֑תּוּ	2865	HVNj2mp	06MwN
10	25	8		חִזְק֣וּ	2388	HVqv2mp	06wWB
10	25	9		וְ/אִמְצ֔וּ	c/553	HC/Vqv2mp	06trS
10	25	10		כִּ֣י	3588 a	HC	06i8H
10	25	11		כָ֗כָה	3602	HD	06rzM
10	25	12		יַעֲשֶׂ֤ה	6213 a	HVqi3ms	06wUo
10	25	13		יְהוָה֙	3068	HNp	06R7j
10	25	14		לְ/כָל	l/3605	HR/Ncmsc	06qgv
10	25	15		אֹ֣יְבֵי/כֶ֔ם	341	HVqrmpc/Sp2mp	062zb
10	25	16		אֲשֶׁ֥ר	834 a	HTr	069RY
10	25	17		אַתֶּ֖ם	859 d	HPp2mp	06sqX
10	25	18		נִלְחָמִ֥ים	3898 a	HVNrmpa	06aqQ
10	25	19		אוֹתָֽ/ם	853	HTo/Sp3mp	06rK8
10	26	1		וַ/יַּכֵּ֨/ם	c/5221	HC/Vhw3ms/Sp3mp	06LMs
10	26	2		יְהוֹשֻׁ֤עַ	3091	HNp	06SGP
10	26	3		אַֽחֲרֵי	310 a	HR	06wyN
10	26	4		כֵן֙	3651 c	HD	063Wk
10	26	5		וַ/יְמִיתֵ֔/ם	c/4191	HC/Vhw3ms/Sp3mp	06MKh
10	26	6		וַ/יִּתְלֵ֕/ם	c/8518	HC/Vqw3ms/Sp3mp	06xqJ
10	26	7		עַ֖ל	5921 a	HR	06aoc
10	26	8		חֲמִשָּׁ֣ה	2568	HAcmsa	06aM6
10	26	9		עֵצִ֑ים	6086	HNcmpa	06ujL
10	26	10		וַ/יִּֽהְי֛וּ	c/1961	HC/Vqw3mp	06i5Y
10	26	11		תְּלוּיִ֥ם	8518	HVqsmpa	06npa
10	26	12		עַל	5921 a	HR	06E9M
10	26	13		הָ/עֵצִ֖ים	d/6086	HTd/Ncmpa	06x2c
10	26	14		עַד	5704	HR	06Y2D
10	26	15		הָ/עָֽרֶב	d/6153	HTd/Ncmsa	06Meo
10	27	1		וַ/יְהִ֞י	c/1961	HC/Vqw3ms	06h5c
10	27	2		לְ/עֵ֣ת	l/6256	HR/Ncbsc	06Nsn
10	27	3		בּ֣וֹא	935	HVqc	06Pej
10	27	4		הַ/שֶּׁ֗מֶשׁ	d/8121	HTd/Ncbsa	06tYz
10	27	5		צִוָּ֤ה	6680	HVpp3ms	06Pcn
10	27	6		יְהוֹשֻׁ֨עַ֙	3091	HNp	06SiH
10	27	7		וַ/יֹּֽרִידוּ/ם֙	c/3381	HC/Vhw3mp/Sp3mp	065cU
10	27	8		מֵ/עַ֣ל	m/5921 a	HR/R	06Eeo
10	27	9		הָ/עֵצִ֔ים	d/6086	HTd/Ncmpa	06mie
10	27	10		וַ/יַּ֨שְׁלִכֻ֔/ם	c/7993	HC/Vhw3mp/Sp3mp	06Unm
10	27	11		אֶל	413	HR	06kSG
10	27	12		הַ/מְּעָרָ֖ה	d/4631	HTd/Ncfsa	06gGY
10	27	13		אֲשֶׁ֣ר	834 a	HTr	06wFV
10	27	14		נֶחְבְּאוּ	2244	HVNp3cp	06RCx
10	27	15		שָׁ֑ם	8033	HD	06ti5
10	27	16		וַ/יָּשִׂ֜מוּ	c/7760 a	HC/Vqw3mp	06rN3
10	27	17		אֲבָנִ֤ים	68	HNcfpa	06BLX
10	27	18		גְּדֹלוֹת֙	1419 a	HAafpa	06boU
10	27	19		עַל	5921 a	HR	06d1n
10	27	20		פִּ֣י	6310	HNcmsc	06b8r
10	27	21		הַ/מְּעָרָ֔ה	d/4631	HTd/Ncfsa	06PBA
10	27	22		עַד	5704	HR	06V4e
10	27	23		עֶ֖צֶם	6106	HNcfsc	06Es6
10	27	24		הַ/יּ֥וֹם	d/3117	HTd/Ncmsa	06Uhs
10	27	25		הַ/זֶּֽה	d/2088	HTd/Pdxms	06aMR
10	28	1		וְ/אֶת	c/853	HC/To	06UuW
10	28	2		מַקֵּדָה֩	4719	HNp	06RPy
10	28	3		לָכַ֨ד	3920	HVqp3ms	06udF
10	28	4		יְהוֹשֻׁ֜עַ	3091	HNp	06Sy4
10	28	5		בַּ/יּ֣וֹם	b/3117	HRd/Ncmsa	06jnZ
10	28	6		הַ/ה֗וּא	d/1931	HTd/Pp3ms	06jnF
10	28	7		וַ/יַּכֶּ֣/הָ	c/5221	HC/Vhw3ms/Sp3fs	067ss
10	28	8		לְ/פִי	l/6310	HR/Ncmsc	06ino
10	28	9		חֶרֶב֮	2719	HNcfsa	06XLt
10	28	10		וְ/אֶת	c/853	HC/To	06ZsF
10	28	11		מַלְכָּ/הּ֒	4428	HNcmsc/Sp3fs	061cW
10	28	12		הֶחֱרִ֣ם	2763 a	HVhp3ms	06AjK
10	28	13		אוֹתָ֗/ם	853	HTo/Sp3mp	06pFJ
10	28	14		וְ/אֶת	c/853	HC/To	06K1X
10	28	15		כָּל	3605	HNcmsc	06mKX
10	28	16		הַ/נֶּ֨פֶשׁ֙	d/5315	HTd/Ncbsa	06Mpt
10	28	17		אֲשֶׁר	834 a	HTr	06wP4
10	28	18		בָּ֔/הּ	b	HR/Sp3fs	06jmU
10	28	19		לֹ֥א	3808	HTn	06eRW
10	28	20		הִשְׁאִ֖יר	7604	HVhp3ms	06tQY
10	28	21		שָׂרִ֑יד	8300	HNcmsa	06R4T
10	28	22		וַ/יַּ֨עַשׂ֙	c/6213 a	HC/Vqw3ms	064cT
10	28	23		לְ/מֶ֣לֶךְ	l/4428	HR/Ncmsc	06m9t
10	28	24		מַקֵּדָ֔ה	4719	HNp	06MxN
10	28	25		כַּ/אֲשֶׁ֥ר	k/834 d	HR/Tr	06HKE
10	28	26		עָשָׂ֖ה	6213 a	HVqp3ms	06HTT
10	28	27		לְ/מֶ֥לֶךְ	l/4428	HR/Ncmsc	06V1j
10	28	28		יְרִיחֽוֹ	3405	HNp	062Js
10	29	1		וַ/יַּעֲבֹ֣ר	c/5674 a	HC/Vqw3ms	06W9E
10	29	2		יְ֠הוֹשֻׁעַ	3091	HNp	06T7b
10	29	3		וְ/כָֽל	c/3605	HC/Ncmsc	062vK
10	29	4		יִשְׂרָאֵ֥ל	3478	HNp	06uMy
10	29	5		עִמּ֛/וֹ	5973 a	HR/Sp3ms	06686
10	29	6		מִ/מַּקֵּדָ֖ה	m/4719	HR/Np	06afp
10	29	7		לִבְנָ֑ה	3841	HNp	06kV5
10	29	8		וַ/יִּלָּ֖חֶם	c/3898 a	HC/VNw3ms	06yK5
10	29	9		עִם	5973 a	HR	06kcg
10	29	10		לִבְנָֽה	3841	HNp	06RRm
10	30	1		וַ/יִּתֵּן֩	c/5414	HC/Vqw3ms	067pV
10	30	2		יְהוָ֨ה	3068	HNp	06HhQ
10	30	3		גַּם	1571	HTa	06zX3
10	30	4		אוֹתָ֜/הּ	853	HTo/Sp3fs	06qit
10	30	5		בְּ/יַ֣ד	b/3027	HR/Ncbsc	06mju
10	30	6		יִשְׂרָאֵ֘ל	3478	HNp	06XGi
10	30	7		וְ/אֶת	c/853	HC/To	06UFc
10	30	8		מַלְכָּ/הּ֒	4428	HNcmsc/Sp3fs	067B8
10	30	9		וַ/יַּכֶּ֣/הָ	c/5221	HC/Vhw3ms/Sp3fs	06a34
10	30	10		לְ/פִי	l/6310	HR/Ncmsc	06aKv
10	30	11		חֶ֗רֶב	2719	HNcfsa	06v9T
10	30	12		וְ/אֶת	c/853	HC/To	062tz
10	30	13		כָּל	3605	HNcmsc	062y9
10	30	14		הַ/נֶּ֨פֶשׁ֙	d/5315	HTd/Ncbsa	06swM
10	30	15		אֲשֶׁר	834 a	HTr	06wiK
10	30	16		בָּ֔/הּ	b	HR/Sp3fs	06sDy
10	30	17		לֹֽא	3808	HTn	06crC
10	30	18		הִשְׁאִ֥יר	7604	HVhp3ms	06Bwp
10	30	19		בָּ֖/הּ	b	HR/Sp3fs	06yNo
10	30	20		שָׂרִ֑יד	8300	HNcmsa	06zMn
10	30	21		וַ/יַּ֣עַשׂ	c/6213 a	HC/Vqw3ms	06TXQ
10	30	22		לְ/מַלְכָּ֔/הּ	l/4428	HR/Ncmsc/Sp3fs	06hfV
10	30	23		כַּ/אֲשֶׁ֥ר	k/834 d	HR/Tr	06K2f
10	30	24		עָשָׂ֖ה	6213 a	HVqp3ms	06hMA
10	30	25		לְ/מֶ֥לֶךְ	l/4428	HR/Ncmsc	06g6w
10	30	26		יְרִיחֽוֹ	3405	HNp	06Dxg
10	31	1		וַ/יַּעֲבֹ֣ר	c/5674 a	HC/Vqw3ms	06hDt
10	31	2		יְ֠הוֹשֻׁעַ	3091	HNp	06JoU
10	31	3		וְ/כָל	c/3605	HC/Ncmsc	06zcL
10	31	4		יִשְׂרָאֵ֥ל	3478	HNp	065eb
10	31	5		עִמּ֛/וֹ	5973 a	HR/Sp3ms	06E5V
10	31	6		מִ/לִּבְנָ֖ה	m/3841	HR/Np	06shT
10	31	7		לָכִ֑ישָׁ/ה	3923	HNp/Sd	06Gxb
10	31	8		וַ/יִּ֣חַן	c/2583	HC/Vqw3ms	06xdy
10	31	9		עָלֶ֔י/הָ	5921 a	HR/Sp3fs	06xcf
10	31	10		וַ/יִּלָּ֖חֶם	c/3898 a	HC/VNw3ms	06R9X
10	31	11		בָּֽ/הּ	b	HR/Sp3fs	06gMk
10	32	1		וַ/יִּתֵּן֩	c/5414	HC/Vqw3ms	06wFk
10	32	2		יְהוָ֨ה	3068	HNp	061yV
10	32	3		אֶת	853	HTo	06UKs
10	32	4		לָכִ֜ישׁ	3923	HNp	06mMQ
10	32	5		בְּ/יַ֣ד	b/3027	HR/Ncbsc	06akU
10	32	6		יִשְׂרָאֵ֗ל	3478	HNp	06FdP
10	32	7		וַֽ/יִּלְכְּדָ/הּ֙	c/3920	HC/Vqw3ms/Sp3fs	06fBN
10	32	8		בַּ/יּ֣וֹם	b/3117	HRd/Ncmsa	06QgK
10	32	9		הַ/שֵּׁנִ֔י	d/8145	HTd/Aomsa	06aPN
10	32	10		וַ/יַּכֶּ֣/הָ	c/5221	HC/Vhw3ms/Sp3fs	06XHx
10	32	11		לְ/פִי	l/6310	HR/Ncmsc	06xxk
10	32	12		חֶ֔רֶב	2719	HNcfsa	06ShD
10	32	13		וְ/אֶת	c/853	HC/To	06MEx
10	32	14		כָּל	3605	HNcmsc	0686V
10	32	15		הַ/נֶּ֖פֶשׁ	d/5315	HTd/Ncbsa	064gS
10	32	16		אֲשֶׁר	834 a	HTr	06X5d
10	32	17		בָּ֑/הּ	b	HR/Sp3fs	062oP
10	32	18		כְּ/כֹ֥ל	k/3605	HR/Ncmsa	06fEW
10	32	19		אֲשֶׁר	834 a	HTr	06mbg
10	32	20		עָשָׂ֖ה	6213 a	HVqp3ms	06uda
10	32	21		לְ/לִבְנָֽה	l/3841	HR/Np	06fci
10	33	1		אָ֣ז	227 a	HD	06FqG
10	33	2		עָלָ֗ה	5927	HVqp3ms	06LVx
10	33	3		הֹרָם֙	2036	HNp	061w8
10	33	4		מֶ֣לֶךְ	4428	HNcmsc	06wEJ
10	33	5		גֶּ֔זֶר	1507	HNp	06X5H
10	33	6		לַ/עְזֹ֖ר	l/5826	HR/Vqc	06Zhq
10	33	7		אֶת	853	HTo	06b1X
10	33	8		לָכִ֑ישׁ	3923	HNp	06w8M
10	33	9		וַ/יַּכֵּ֤/הוּ	c/5221	HC/Vhw3ms/Sp3ms	06tdz
10	33	10		יְהוֹשֻׁ֨עַ֙	3091	HNp	06giU
10	33	11		וְ/אֶת	c/853	HC/To	06iXF
10	33	12		עַמּ֔/וֹ	5971 a	HNcmsc/Sp3ms	06ssa
10	33	13		עַד	5704	HR	06REu
10	33	14		בִּלְתִּ֥י	1115	HC	06Tdr
10	33	15		הִשְׁאִֽיר	7604	HVhp3ms	06BFg
10	33	16		ל֖/וֹ	l	HR/Sp3ms	06T8E
10	33	17		שָׂרִֽיד	8300	HNcmsa	06WQf
10	34	1		וַ/יַּעֲבֹ֣ר	c/5674 a	HC/Vqw3ms	06eUm
10	34	2		יְ֠הוֹשֻׁעַ	3091	HNp	066Tw
10	34	3		וְ/כָל	c/3605	HC/Ncmsc	06ywr
10	34	4		יִשְׂרָאֵ֥ל	3478	HNp	06oym
10	34	5		עִמּ֛/וֹ	5973 a	HR/Sp3ms	06Di6
10	34	6		מִ/לָּכִ֖ישׁ	m/3923	HR/Np	06AXZ
10	34	7		עֶגְלֹ֑נָ/ה	5700	HNp/Sd	06o2H
10	34	8		וַ/יַּחֲנ֣וּ	c/2583	HC/Vqw3mp	06MaF
10	34	9		עָלֶ֔י/הָ	5921 a	HR/Sp3fs	065PZ
10	34	10		וַ/יִּֽלָּחֲמ֖וּ	c/3898 a	HC/VNw3mp	06Gcz
10	34	11		עָלֶֽי/הָ	5921 a	HR/Sp3fs	06kjt
10	35	1		וַֽ/יִּלְכְּד֜וּ/הָ	c/3920	HC/Vqw3mp/Sp3fs	06nTA
10	35	2		בַּ/יּ֤וֹם	b/3117	HRd/Ncmsa	06Xw7
10	35	3		הַ/הוּא֙	d/1931	HTd/Pp3ms	06X3d
10	35	4		וַ/יַּכּ֣וּ/הָ	c/5221	HC/Vhw3mp/Sp3fs	065Mw
10	35	5		לְ/פִי	l/6310	HR/Ncmsc	06uvu
10	35	6		חֶ֔רֶב	2719	HNcfsa	06z1m
10	35	7		וְ/אֵת֙	c/853	HC/To	06BYB
10	35	8		כָּל	3605	HNcmsc	06fDj
10	35	9		הַ/נֶּ֣פֶשׁ	d/5315	HTd/Ncbsa	06UXN
10	35	10		אֲשֶׁר	834 a	HTr	06wXa
10	35	11		בָּ֔/הּ	b	HR/Sp3fs	06CmE
10	35	12		בַּ/יּ֥וֹם	b/3117	HRd/Ncmsa	06bdC
10	35	13		הַ/ה֖וּא	d/1931	HTd/Pp3ms	06gUj
10	35	14		הֶחֱרִ֑ים	2763 a	HVhp3ms	06kJL
10	35	15		כְּ/כֹ֥ל	k/3605	HR/Ncmsa	06SLq
10	35	16		אֲשֶׁר	834 a	HTr	06W3H
10	35	17		עָשָׂ֖ה	6213 a	HVqp3ms	06qJ4
10	35	18		לְ/לָכִֽישׁ	l/3923	HR/Np	06aVp
10	36	1		וַ/יַּ֣עַל	c/5927	HC/Vqw3ms	06JGF
10	36	2		יְ֠הוֹשֻׁעַ	3091	HNp	069aY
10	36	3		וְ/כָֽל	c/3605	HC/Ncmsc	069pt
10	36	4		יִשְׂרָאֵ֥ל	3478	HNp	0624k
10	36	5		עִמּ֛/וֹ	5973 a	HR/Sp3ms	061M6
10	36	6		מֵ/עֶגְל֖וֹנָ/ה	m/5700	HR/Np/Sd	069Dg
10	36	7		חֶבְר֑וֹנָ/ה	2275 a	HNp/Sd	06RHw
10	36	8		וַ/יִּֽלָּחֲמ֖וּ	c/3898 a	HC/VNw3mp	06J9s
10	36	9		עָלֶֽי/הָ	5921 a	HR/Sp3fs	06t9t
10	37	1		וַ/יִּלְכְּד֣וּ/הָ	c/3920	HC/Vqw3mp/Sp3fs	06ZqP
10	37	2		וַ/יַּכּֽוּ/הָ	c/5221	HC/Vhw3mp/Sp3fs	068Fu
10	37	3		לְ/פִי	l/6310	HR/Ncmsc	06JNs
10	37	4		חֶ֠רֶב	2719	HNcfsa	06xmF
10	37	5		וְ/אֶת	c/853	HC/To	06vVj
10	37	6		מַלְכָּ֨/הּ	4428	HNcmsc/Sp3fs	06pPj
10	37	7		וְ/אֶת	c/853	HC/To	06n48
10	37	8		כָּל	3605	HNcmsc	06LQQ
10	37	9		עָרֶ֜י/הָ	5892 b	HNcfpc/Sp3fs	06nFs
10	37	10		וְ/אֶת	c/853	HC/To	06zKb
10	37	11		כָּל	3605	HNcmsc	06M2G
10	37	12		הַ/נֶּ֤פֶשׁ	d/5315	HTd/Ncbsa	06p7o
10	37	13		אֲשֶׁר	834 a	HTr	06cvy
10	37	14		בָּ/הּ֙	b	HR/Sp3fs	06uTh
10	37	15		לֹֽא	3808	HTn	0662r
10	37	16		הִשְׁאִ֣יר	7604	HVhp3ms	06XAc
10	37	17		שָׂרִ֔יד	8300	HNcmsa	06XMh
10	37	18		כְּ/כֹ֥ל	k/3605	HR/Ncmsa	06Pm6
10	37	19		אֲשֶׁר	834 a	HTr	06Exh
10	37	20		עָשָׂ֖ה	6213 a	HVqp3ms	06Mhm
10	37	21		לְ/עֶגְל֑וֹן	l/5700	HR/Np	06k8r
10	37	22		וַ/יַּחֲרֵ֣ם	c/2763 a	HC/Vhw3ms	06U2q
10	37	23		אוֹתָ֔/הּ	853	HTo/Sp3fs	06f9x
10	37	24		וְ/אֶת	c/853	HC/To	06F3B
10	37	25		כָּל	3605	HNcmsc	06u6M
10	37	26		הַ/נֶּ֖פֶשׁ	d/5315	HTd/Ncbsa	06ttW
10	37	27		אֲשֶׁר	834 a	HTr	06Not
10	37	28		בָּֽ/הּ	b	HR/Sp3fs	06QoS
10	38	1		וַ/יָּ֧שָׁב	c/7725	HC/Vqw3ms	06MfC
10	38	2		יְהוֹשֻׁ֛עַ	3091	HNp	06KoV
10	38	3		וְ/כָל	c/3605	HC/Ncmsc	06592
10	38	4		יִשְׂרָאֵ֥ל	3478	HNp	06Vfx
10	38	5		עִמּ֖/וֹ	5973 a	HR/Sp3ms	06QkU
10	38	6		דְּבִ֑רָ/ה	1688 a	HNp/Sd	066L9
10	38	7		וַ/יִּלָּ֖חֶם	c/3898 a	HC/VNw3ms	06cpC
10	38	8		עָלֶֽי/הָ	5921 a	HR/Sp3fs	062Ki
10	39	1		וַֽ/יִּלְכְּדָ֞/הּ	c/3920	HC/Vqw3ms/Sp3fs	06XhP
10	39	2		וְ/אֶת	c/853	HC/To	06yML
10	39	3		מַלְכָּ֤/הּ	4428	HNcmsc/Sp3fs	06Kk2
10	39	4		וְ/אֶת	c/853	HC/To	06XAP
10	39	5		כָּל	3605	HNcmsc	06DJo
10	39	6		עָרֶ֨י/הָ֙	5892 b	HNcfpc/Sp3fs	06iXN
10	39	7		וַ/יַּכּ֣וּ/ם	c/5221	HC/Vhw3mp/Sp3mp	06czB
10	39	8		לְ/פִי	l/6310	HR/Ncmsc	06QBD
10	39	9		חֶ֔רֶב	2719	HNcfsa	06Gxu
10	39	10		וַֽ/יַּחֲרִ֨ימוּ֙	c/2763 a	HC/Vhw3mp	06BQ9
10	39	11		אֶת	853	HTo	06y8v
10	39	12		כָּל	3605	HNcmsc	06wtg
10	39	13		נֶ֣פֶשׁ	5315	HNcbsa	06Seg
10	39	14		אֲשֶׁר	834 a	HTr	06Kcz
10	39	15		בָּ֔/הּ	b	HR/Sp3fs	065MF
10	39	16		לֹ֥א	3808	HTn	06eUp
10	39	17		הִשְׁאִ֖יר	7604	HVhp3ms	06tEh
10	39	18		שָׂרִ֑יד	8300	HNcmsa	06x2S
10	39	19		כַּ/אֲשֶׁ֨ר	k/834 d	HR/Tr	06Npq
10	39	20		עָשָׂ֜ה	6213 a	HVqp3ms	063ti
10	39	21		לְ/חֶבְר֗וֹן	l/2275 a	HR/Np	06QoP
10	39	22		כֵּן	3651 c	HTm	06i6S
10	39	23		עָשָׂ֤ה	6213 a	HVqp3ms	062mi
10	39	24		לִ/דְבִ֨רָ/ה֙	l/1688 a	HR/Np/Sd	06HbP
10	39	25		וּ/לְ/מַלְכָּ֔/הּ	c/l/4428	HC/R/Ncmsc/Sp3fs	06Wi1
10	39	26		וְ/כַ/אֲשֶׁ֥ר	c/k/834 d	HC/R/Tr	06beE
10	39	27		עָשָׂ֛ה	6213 a	HVqp3ms	06DvH
10	39	28		לְ/לִבְנָ֖ה	l/3841	HR/Np	066BE
10	39	29		וּ/לְ/מַלְכָּֽ/הּ	c/l/4428	HC/R/Ncmsc/Sp3fs	06r7k
10	40	1		וַ/יַּכֶּ֣ה	c/5221	HC/Vhw3ms	063kE
10	40	2		יְהוֹשֻׁ֣עַ	3091	HNp	06UUW
10	40	3		אֶת	853	HTo	06Jqs
10	40	4		כָּל	3605	HNcmsc	0687K
10	40	5		הָ/אָ֡רֶץ	d/776	HTd/Ncbsa	06gvN
10	40	6		הָ/הָר֩	d/2022	HTd/Ncmsa	06Cye
10	40	7		וְ/הַ/נֶּ֨גֶב	c/d/5045	HC/Td/Ncmsa	06tsb
10	40	8		וְ/הַ/שְּׁפֵלָ֜ה	c/d/8219	HC/Td/Ncfsa	06RaB
10	40	9		וְ/הָ/אֲשֵׁד֗וֹת	c/d/794	HC/Td/Ncfpa	062a9
10	40	10		וְ/אֵת֙	c/853	HC/To	06ob2
10	40	11		כָּל	3605	HNcmsc	06jU7
10	40	12		מַלְכֵי/הֶ֔ם	4428	HNcmpc/Sp3mp	06w2C
10	40	13		לֹ֥א	3808	HTn	062VS
10	40	14		הִשְׁאִ֖יר	7604	HVhp3ms	064Jz
10	40	15		שָׂרִ֑יד	8300	HNcmsa	06C9r
10	40	16		וְ/אֵ֤ת	c/853	HC/To	06yLe
10	40	17		כָּל	3605	HNcmsc	06Ww8
10	40	18		הַ/נְּשָׁמָה֙	d/5397	HTd/Ncfsa	06HGy
10	40	19		הֶחֱרִ֔ים	2763 a	HVhp3ms	06hGK
10	40	20		כַּ/אֲשֶׁ֣ר	k/834 d	HR/Tr	066pK
10	40	21		צִוָּ֔ה	6680	HVpp3ms	06VQD
10	40	22		יְהוָ֖ה	3068	HNp	06T3u
10	40	23		אֱלֹהֵ֥י	430	HNcmpc	06c96
10	40	24		יִשְׂרָאֵֽל	3478	HNp	06YiK
10	41	1		וַ/יַּכֵּ֧/ם	c/5221	HC/Vhw3ms/Sp3mp	06Lof
10	41	2		יְהוֹשֻׁ֛עַ	3091	HNp	06ZT8
10	41	3		מִ/קָּדֵ֥שׁ	m/6947+	HR/Np	06s7k
10	41	4		בַּרְנֵ֖עַ	6947	HNp	063HC
10	41	5		וְ/עַד	c/5704	HC/R	06P6z
10	41	6		עַזָּ֑ה	5804	HNp	061W5
10	41	7		וְ/אֵ֛ת	c/853	HC/To	06q9w
10	41	8		כָּל	3605	HNcmsc	06UE1
10	41	9		אֶ֥רֶץ	776	HNcbsc	06Rps
10	41	10		גֹּ֖שֶׁן	1657	HNp	06Vbn
10	41	11		וְ/עַד	c/5704	HC/R	06Fm5
10	41	12		גִּבְעֽוֹן	1391	HNp	06Wct
10	42	1		וְ/אֵ֨ת	c/853	HC/To	06KQn
10	42	2		כָּל	3605	HNcmsc	06TLX
10	42	3		הַ/מְּלָכִ֤ים	d/4428	HTd/Ncmpa	06xcH
10	42	4		הָ/אֵ֨לֶּה֙	d/428	HTd/Pdxcp	06LG4
10	42	5		וְ/אֶת	c/853	HC/To	06Vcf
10	42	6		אַרְצָ֔/ם	776	HNcbsc/Sp3mp	06yU7
10	42	7		לָכַ֥ד	3920	HVqp3ms	06WV1
10	42	8		יְהוֹשֻׁ֖עַ	3091	HNp	06bXb
10	42	9		פַּ֣עַם	6471	HNcfsc	066sJ
10	42	10		אֶחָ֑ת	259	HAcfsa	06t4v
10	42	11		כִּ֗י	3588 a	HC	06ofA
10	42	12		יְהוָה֙	3068	HNp	06VgJ
10	42	13		אֱלֹהֵ֣י	430	HNcmpc	06wSa
10	42	14		יִשְׂרָאֵ֔ל	3478	HNp	0622e
10	42	15		נִלְחָ֖ם	3898 a	HVNp3ms	06jsX
10	42	16		לְ/יִשְׂרָאֵֽל	l/3478	HR/Np	06V1h
10	43	1		וַ/יָּ֤שָׁב	c/7725	HC/Vqw3ms	06awv
10	43	2		יְהוֹשֻׁ֨עַ֙	3091	HNp	06bdJ
10	43	3		וְ/כָל	c/3605	HC/Ncmsc	06ixo
10	43	4		יִשְׂרָאֵ֣ל	3478	HNp	06iXs
10	43	5		עִמּ֔/וֹ	5973 a	HR/Sp3ms	06sdj
10	43	6		אֶל	413	HR	06GqS
10	43	7		הַֽ/מַּחֲנֶ֖ה	d/4264	HTd/Ncbsa	06umc
10	43	8		הַ/גִּלְגָּֽלָ/ה	d/1537	HTd/Np/Sd	06B2L
11	1	1		וַ/יְהִ֕י	c/1961	HC/Vqw3ms	06zE3
11	1	2		כִּ/שְׁמֹ֖עַ	k/8085	HR/Vqc	06Y5f
11	1	3		יָבִ֣ין	2985	HNp	06YWA
11	1	4		מֶֽלֶךְ	4428	HNcmsc	06mHM
11	1	5		חָצ֑וֹר	2674	HNp	06SDB
11	1	6		וַ/יִּשְׁלַ֗ח	c/7971	HC/Vqw3ms	06DuR
11	1	7		אֶל	413	HR	06VTa
11	1	8		יוֹבָב֙	3103	HNp	065ZG
11	1	9		מֶ֣לֶךְ	4428	HNcmsc	06Wzi
11	1	10		מָד֔וֹן	4068	HNp	06Rvo
11	1	11		וְ/אֶל	c/413	HC/R	06TdV
11	1	12		מֶ֥לֶךְ	4428	HNcmsc	06wCZ
11	1	13		שִׁמְר֖וֹן	8110 a	HNp	06rRa
11	1	14		וְ/אֶל	c/413	HC/R	06UgC
11	1	15		מֶ֥לֶךְ	4428	HNcmsc	06qBN
11	1	16		אַכְשָֽׁף	407	HNp	065VV
11	2	1		וְֽ/אֶל	c/413	HC/R	06Mo9
11	2	2		הַ/מְּלָכִ֞ים	d/4428	HTd/Ncmpa	06C5P
11	2	3		אֲשֶׁ֣ר	834 a	HTr	06hyy
11	2	4		מִ/צְּפ֗וֹן	m/6828	HR/Ncfsc	06yJd
11	2	5		בָּ/הָ֧ר	b/2022	HRd/Ncmsa	067h8
11	2	6		וּ/בָ/עֲרָבָ֛ה	c/b/6160	HC/Rd/Ncfsa	06EAv
11	2	7		נֶ֥גֶב	5045	HNcmsc	06D1Z
11	2	8		כִּֽנֲר֖וֹת	3672	HNp	061Cu
11	2	9		וּ/בַ/שְּׁפֵלָ֑ה	c/b/8219	HC/Rd/Ncfsa	06j6C
11	2	10		וּ/בְ/נָפ֥וֹת	c/b/5299 b	HC/R/Ncfpc	06aRN
11	2	11		דּ֖וֹר	1756	HNp	06C3d
11	2	12		מִ/יָּֽם	m/3220	HR/Ncmsa	06Lmq
11	3	1		הַֽ/כְּנַעֲנִי֙	d/3669 a	HTd/Ngmsa	06EVf
11	3	2		מִ/מִּזְרָ֣ח	m/4217	HR/Ncmsa	06eQX
11	3	3		וּ/מִ/יָּ֔ם	c/m/3220	HC/R/Ncmsa	06YNf
11	3	4		וְ/הָ/אֱמֹרִ֧י	c/d/567	HC/Td/Ngmsa	0683b
11	3	5		וְ/הַ/חִתִּ֛י	c/d/2850	HC/Td/Ngmsa	065fs
11	3	6		וְ/הַ/פְּרִזִּ֥י	c/d/6522	HC/Td/Ngmsa	06ACe
11	3	7		וְ/הַ/יְבוּסִ֖י	c/d/2983	HC/Td/Ngmsa	06rv7
11	3	8		בָּ/הָ֑ר	b/2022	HRd/Ncmsa	061YK
11	3	9		וְ/הַֽ/חִוִּי֙	c/d/2340	HC/Td/Ngmsa	06kVU
11	3	10		תַּ֣חַת	8478	HR	06nXq
11	3	11		חֶרְמ֔וֹן	2768	HNp	06Dcn
11	3	12		בְּ/אֶ֖רֶץ	b/776	HR/Ncbsc	06WDZ
11	3	13		הַ/מִּצְפָּֽה	d/4709	HTd/Np	06UzN
11	4	1		וַ/יֵּצְא֣וּ	c/3318	HC/Vqw3mp	06v4E
11	4	2		הֵ֗ם	1992	HPp3mp	06MrG
11	4	3		וְ/כָל	c/3605	HC/Ncmsc	06HT2
11	4	4		מַֽחֲנֵי/הֶם֙	4264	HNcbpc/Sp3mp	066Qq
11	4	5		עִמָּ֔/ם	5973 a	HR/Sp3mp	06XYe
11	4	6		עַם	5971 a	HNcmsa	0676X
11	4	7		רָ֕ב	7227 a	HAamsa	065Ua
11	4	8		כַּ/ח֛וֹל	k/2344	HRd/Ncmsa	06ebC
11	4	9		אֲשֶׁ֥ר	834 a	HTr	069hc
11	4	10		עַל	5921 a	HR	06ovC
11	4	11		שְׂפַת	8193	HNcfsc	06XE9
11	4	12		הַ/יָּ֖ם	d/3220	HTd/Ncmsa	066iw
11	4	13		לָ/רֹ֑ב	l/7230	HR/Ncbsa	06eUw
11	4	14		וְ/ס֥וּס	c/5483 b	HC/Ncmsa	06VkU
11	4	15		וָ/רֶ֖כֶב	c/7393	HC/Ncmsa	06dYi
11	4	16		רַב	7227 a	HAamsa	06dMc
11	4	17		מְאֹֽד	3966	HD	06S8k
11	5	1		וַ/יִּוָּ֣עֲד֔וּ	c/3259	HC/VNw3mp	06Yf4
11	5	2		כֹּ֖ל	3605	HNcmsc	061w3
11	5	3		הַ/מְּלָכִ֣ים	d/4428	HTd/Ncmpa	06rcB
11	5	4		הָ/אֵ֑לֶּה	d/428	HTd/Pdxcp	06pbQ
11	5	5		וַ/יָּבֹ֜אוּ	c/935	HC/Vqw3mp	06N9a
11	5	6		וַ/יַּחֲנ֤וּ	c/2583	HC/Vqw3mp	06kiJ
11	5	7		יַחְדָּו֙	3162 b	HD	06MRj
11	5	8		אֶל	413	HR	06j3M
11	5	9		מֵ֣י	4325	HNcmpc	06GBU
11	5	10		מֵר֔וֹם	4792	HNp	06bgt
11	5	11		לְ/הִלָּחֵ֖ם	l/3898 a	HR/VNc	06T6V
11	5	12		עִם	5973 a	HR	06yRs
11	5	13		יִשְׂרָאֵֽל	3478	HNp	06Gbm
11	6	1		וַ/יֹּ֨אמֶר	c/559	HC/Vqw3ms	06YSC
11	6	2		יְהוָ֣ה	3068	HNp	06s2X
11	6	3		אֶל	413	HR	06bSC
11	6	4		יְהוֹשֻׁעַ֮	3091	HNp	06bHu
11	6	5		אַל	408	HTn	06h5C
11	6	6		תִּירָ֣א	3372	HVqj2ms	06z6J
11	6	7		מִ/פְּנֵי/הֶם֒	m/6440	HR/Ncbpc/Sp3mp	06Hqt
11	6	8		כִּֽי	3588 a	HC	06ey4
11	6	9		מָחָ֞ר	4279	HNcmsa	06QMs
11	6	10		כָּ/עֵ֣ת	k/6256	HRd/Ncbsa	06Afb
11	6	11		הַ/זֹּ֗את	d/2063	HTd/Pdxfs	0627y
11	6	12		אָנֹכִ֞י	595	HPp1cs	06sEu
11	6	13		נֹתֵ֧ן	5414	HVqrmsa	06rF3
11	6	14		אֶת	853	HTo	06VF8
11	6	15		כֻּלָּ֛/ם	3605	HNcmsc/Sp3mp	06jDj
11	6	16		חֲלָלִ֖ים	2491 a	HAampa	06eBr
11	6	17		לִ/פְנֵ֣י	l/6440	HR/Ncbpc	06GCu
11	6	18		יִשְׂרָאֵ֑ל	3478	HNp	06rbd
11	6	19		אֶת	853	HTo	06YG2
11	6	20		סוּסֵי/הֶ֣ם	5483 b	HNcmpc/Sp3mp	06kwy
11	6	21		תְּעַקֵּ֔ר	6131 b	HVpi2ms	063qw
11	6	22		וְ/אֶת	c/853	HC/To	06iWa
11	6	23		מַרְכְּבֹתֵי/הֶ֖ם	4818	HNcfpc/Sp3mp	06cUQ
11	6	24		תִּשְׂרֹ֥ף	8313	HVqi2ms	064xN
11	6	25		בָּ/אֵֽשׁ	b/784	HRd/Ncbsa	06rXs
11	7	1		וַ/יָּבֹ֣א	c/935	HC/Vqw3ms	06M3R
11	7	2		יְהוֹשֻׁ֡עַ	3091	HNp	06d8N
11	7	3		וְ/כָל	c/3605	HC/Ncmsc	06oTd
11	7	4		עַם֩	5971 a	HNcmsc	06owL
11	7	5		הַ/מִּלְחָמָ֨ה	d/4421	HTd/Ncfsa	06QQs
11	7	6		עִמּ֧/וֹ	5973 a	HR/Sp3ms	062bu
11	7	7		עֲלֵי/הֶ֛ם	5921 a	HR/Sp3mp	06Cj3
11	7	8		עַל	5921 a	HR	06SKp
11	7	9		מֵ֥י	4325	HNcmpc	06yJh
11	7	10		מֵר֖וֹם	4792	HNp	06RYV
11	7	11		פִּתְאֹ֑ם	6597	HD	06EW6
11	7	12		וַֽ/יִּפְּל֖וּ	c/5307	HC/Vqw3mp	06sNB
11	7	13		בָּ/הֶֽם	b	HR/Sp3mp	06mk1
11	8	1		וַ/יִּתְּנֵ֨/ם	c/5414	HC/Vqw3ms/Sp3mp	06myk
11	8	2		יְהוָ֥ה	3068	HNp	06mjE
11	8	3		בְּ/יַֽד	b/3027	HR/Ncbsc	06QJA
11	8	4		יִשְׂרָאֵל֮	3478	HNp	06CPB
11	8	5		וַ/יַּכּוּ/ם֒	c/5221	HC/Vhw3mp/Sp3mp	06113
11	8	6		וַֽ/יִּרְדְּפ֞וּ/ם	c/7291	HC/Vqw3mp/Sp3mp	06wq8
11	8	7		עַד	5704	HR	06FGW
11	8	8		צִיד֣וֹן	6721	HNp	06Ld7
11	8	9		רַבָּ֗ה	7227 a	HAafsa	06Xo3
11	8	10		וְ/עַד֙	c/5704	HC/R	06RHX
11	8	11		מִשְׂרְפ֣וֹת	4956+	HNp	06BCV
11	8	12		מַ֔יִם	4956	HNp	06oTL
11	8	13		וְ/עַד	c/5704	HC/R	06DoL
11	8	14		בִּקְעַ֥ת	1237	HNcfsc	064pE
11	8	15		מִצְפֶּ֖ה	4708	HNp	06DFj
11	8	16		מִזְרָ֑חָ/ה	4217	HNcmsa/Sd	06rYe
11	8	17		וַ/יַּכֻּ֕/ם	c/5221	HC/Vhw3mp/Sp3mp	06b8e
11	8	18		עַד	5704	HR	06jni
11	8	19		בִּלְתִּ֥י	1115	HC	06Y7m
11	8	20		הִשְׁאִֽיר	7604	HVhp3ms	06sPR
11	8	21		לָ/הֶ֖ם	l	HR/Sp3mp	065tD
11	8	22		שָׂרִֽיד	8300	HNcmsa	06m39
11	9	1		וַ/יַּ֤עַשׂ	c/6213 a	HC/Vqw3ms	06ZsB
11	9	2		לָ/הֶם֙	l	HR/Sp3mp	06VXi
11	9	3		יְהוֹשֻׁ֔עַ	3091	HNp	06QxV
11	9	4		כַּ/אֲשֶׁ֥ר	k/834 d	HR/Tr	06c9a
11	9	5		אָֽמַר	559	HVqp3ms	06v9b
11	9	6		ל֖/וֹ	l	HR/Sp3ms	06Sw9
11	9	7		יְהוָ֑ה	3068	HNp	06in2
11	9	8		אֶת	853	HTo	06cdx
11	9	9		סוּסֵי/הֶ֣ם	5483 b	HNcmpc/Sp3mp	066gi
11	9	10		עִקֵּ֔ר	6131 b	HVpp3ms	069nq
11	9	11		וְ/אֶת	c/853	HC/To	06tmJ
11	9	12		מַרְכְּבֹתֵי/הֶ֖ם	4818	HNcfpc/Sp3mp	06WgN
11	9	13		שָׂרַ֥ף	8313	HVqp3ms	06m7K
11	9	14		בָּ/אֵֽשׁ	b/784	HRd/Ncbsa	06Qzb
11	10	1		וַ/יָּ֨שָׁב	c/7725	HC/Vqw3ms	06DPt
11	10	2		יְהוֹשֻׁ֜עַ	3091	HNp	06AAx
11	10	3		בָּ/עֵ֤ת	b/6256	HRd/Ncbsa	06HFs
11	10	4		הַ/הִיא֙	d/1931	HTd/Pp3fs	06duL
11	10	5		וַ/יִּלְכֹּ֣ד	c/3920	HC/Vqw3ms	06Bdx
11	10	6		אֶת	853	HTo	06o2X
11	10	7		חָצ֔וֹר	2674	HNp	06rWy
11	10	8		וְ/אֶת	c/853	HC/To	068Pg
11	10	9		מַלְכָּ֖/הּ	4428	HNcmsc/Sp3fs	06FxB
11	10	10		הִכָּ֣ה	5221	HVhp3ms	06eMv
11	10	11		בֶ/חָ֑רֶב	b/2719	HRd/Ncfsa	06DrT
11	10	12		כִּֽי	3588 a	HC	06uHY
11	10	13		חָצ֣וֹר	2674	HNp	06F9W
11	10	14		לְ/פָנִ֔ים	l/6440	HR/Ncbpa	06mRM
11	10	15		הִ֕יא	1931	HPp3fs	06aY7
11	10	16		רֹ֖אשׁ	7218 a	HNcmsc	06r3M
11	10	17		כָּל	3605	HNcmsc	06nzk
11	10	18		הַ/מַּמְלָכ֥וֹת	d/4467	HTd/Ncfpa	064we
11	10	19		הָ/אֵֽלֶּה	d/428	HTd/Pdxcp	06YKJ
11	11	1		וַ֠/יַּכּוּ	c/5221	HC/Vhw3mp	0631a
11	11	2		אֶת	853	HTo	06yFv
11	11	3		כָּל	3605	HNcmsc	067a7
11	11	4		הַ/נֶּ֨פֶשׁ	d/5315	HTd/Ncbsa	06wMY
11	11	5		אֲשֶׁר	834 a	HTr	06rQi
11	11	6		בָּ֤/הּ	b	HR/Sp3fs	061TM
11	11	7		לְ/פִי	l/6310	HR/Ncmsc	069HW
11	11	8		חֶ֨רֶב֙	2719	HNcfsa	06Yoz
11	11	9		הַֽחֲרֵ֔ם	2763 a	HVha	06KFq
11	11	10		לֹ֥א	3808	HTn	06efx
11	11	11		נוֹתַ֖ר	3498	HVNp3ms	06Tt9
11	11	12		כָּל	3605	HNcmsc	06yQh
11	11	13		נְשָׁמָ֑ה	5397	HNcfsa	06CAN
11	11	14		וְ/אֶת	c/853	HC/To	06Xva
11	11	15		חָצ֖וֹר	2674	HNp	06ef9
11	11	16		שָׂרַ֥ף	8313	HVqp3ms	06JnZ
11	11	17		בָּ/אֵֽשׁ	b/784	HRd/Ncbsa	06qg7
11	12	1		וְֽ/אֶת	c/853	HC/To	06cSo
11	12	2		כָּל	3605	HNcmsc	06Yyj
11	12	3		עָרֵ֣י	5892 b	HNcfpc	06opb
11	12	4		הַ/מְּלָכִֽים	d/4428	HTd/Ncmpa	063dA
11	12	5		הָ֠/אֵלֶּה	d/428	HTd/Pdxcp	06m49
11	12	6		וְֽ/אֶת	c/853	HC/To	06HAZ
11	12	7		כָּל	3605	HNcmsc	0618S
11	12	8		מַלְכֵי/הֶ֞ם	4428	HNcmpc/Sp3mp	06pvu
11	12	9		לָכַ֧ד	3920	HVqp3ms	06RzD
11	12	10		יְהוֹשֻׁ֛עַ	3091	HNp	06b9d
11	12	11		וַ/יַּכֵּ֥/ם	c/5221	HC/Vhw3ms/Sp3mp	06yKt
11	12	12		לְ/פִי	l/6310	HR/Ncmsc	06kTv
11	12	13		חֶ֖רֶב	2719	HNcfsa	063Zu
11	12	14		הֶחֱרִ֣ים	2763 a	HVhp3ms	06cNU
11	12	15		אוֹתָ֑/ם	853	HTo/Sp3mp	06w93
11	12	16		כַּ/אֲשֶׁ֣ר	k/834 d	HR/Tr	06hRC
11	12	17		צִוָּ֔ה	6680	HVpp3ms	06y8q
11	12	18		מֹשֶׁ֖ה	4872	HNp	066Us
11	12	19		עֶ֥בֶד	5650	HNcmsc	067EH
11	12	20		יְהוָֽה	3068	HNp	06xEy
11	13	1		רַ֣ק	7535	HTa	06dYW
11	13	2		כָּל	3605	HNcmsc	06Dbu
11	13	3		הֶ/עָרִ֗ים	d/5892 b	HTd/Ncfpa	06biE
11	13	4		הָ/עֹֽמְדוֹת֙	d/5975	HTd/Vqrfpa	061oc
11	13	5		עַל	5921 a	HR	06X8S
11	13	6		תִּלָּ֔/ם	8510	HNcmsc/Sp3mp	06spk
11	13	7		לֹ֥א	3808	HTn	06tvc
11	13	8		שְׂרָפָ֖/ם	8313	HVqp3ms/Sp3mp	06Xj8
11	13	9		יִשְׂרָאֵ֑ל	3478	HNp	063ho
11	13	10		זוּלָתִ֛י	2108	HC	06u8J
11	13	11		אֶת	853	HTo	06pVY
11	13	12		חָצ֥וֹר	2674	HNp	06biG
11	13	13		לְ/בַדָּ֖/הּ	l/905	HR/Ncmsc/Sp3fs	06pZy
11	13	14		שָׂרַ֥ף	8313	HVqp3ms	06q48
11	13	15		יְהוֹשֻֽׁעַ	3091	HNp	06s4E
11	14	1		וְ֠/כֹל	c/3605	HC/Ncmsc	06h3h
11	14	2		שְׁלַ֞ל	7998	HNcmsc	06918
11	14	3		הֶ/עָרִ֤ים	d/5892 b	HTd/Ncfpa	06oD9
11	14	4		הָ/אֵ֨לֶּה֙	d/428	HTd/Pdxcp	06iih
11	14	5		וְ/הַ/בְּהֵמָ֔ה	c/d/929	HC/Td/Ncfsa	06vUK
11	14	6		בָּזְז֥וּ	962	HVqp3cp	06ZDx
11	14	7		לָ/הֶ֖ם	l	HR/Sp3mp	06YCX
11	14	8		בְּנֵ֣י	1121 a	HNcmpc	06YWB
11	14	9		יִשְׂרָאֵ֑ל	3478	HNp	06tQU
11	14	10		רַ֣ק	7535	HTa	06CJW
11	14	11		אֶֽת	853	HTo	06Y86
11	14	12		כָּל	3605	HNcmsc	069vU
11	14	13		הָ/אָדָ֞ם	d/120	HTd/Ncmsa	069R8
11	14	14		הִכּ֣וּ	5221	HVhp3cp	06moo
11	14	15		לְ/פִי	l/6310	HR/Ncmsc	06gAE
11	14	16		חֶ֗רֶב	2719	HNcfsa	06ZAq
11	14	17		עַד	5704	HR	06ubx
11	14	18		הִשְׁמִדָ/ם֙	8045	HVhc/Sp3mp	06cLd
11	14	19		אוֹתָ֔/ם	853	HTo/Sp3mp	06fc7
11	14	20		לֹ֥א	3808	HTn	06zLa
11	14	21		הִשְׁאִ֖ירוּ	7604	HVhp3cp	06Dcd
11	14	22		כָּל	3605	HNcmsc	06sHq
11	14	23		נְשָׁמָֽה	5397	HNcfsa	06Z4P
11	15	1		כַּ/אֲשֶׁ֨ר	k/834 d	HR/Tr	06n76
11	15	2		צִוָּ֤ה	6680	HVpp3ms	06bD6
11	15	3		יְהוָה֙	3068	HNp	06wcG
11	15	4		אֶת	853	HTo	06S4Y
11	15	5		מֹשֶׁ֣ה	4872	HNp	06pJA
11	15	6		עַבְדּ֔/וֹ	5650	HNcmsc/Sp3ms	06T7j
11	15	7		כֵּן	3651 c	HTm	06fBv
11	15	8		צִוָּ֥ה	6680	HVpp3ms	06mGL
11	15	9		מֹשֶׁ֖ה	4872	HNp	06m4P
11	15	10		אֶת	853	HTo	06YX6
11	15	11		יְהוֹשֻׁ֑עַ	3091	HNp	06aYb
11	15	12		וְ/כֵן֙	c/3651 c	HC/Tm	06M4g
11	15	13		עָשָׂ֣ה	6213 a	HVqp3ms	06WUC
11	15	14		יְהוֹשֻׁ֔עַ	3091	HNp	06pov
11	15	15		לֹֽא	3808	HTn	063VU
11	15	16		הֵסִ֣יר	5493	HVhp3ms	068qr
11	15	17		דָּבָ֔ר	1697	HNcmsa	06Sag
11	15	18		מִ/כֹּ֛ל	m/3605	HR/Ncmsa	06awo
11	15	19		אֲשֶׁר	834 a	HTr	06FpW
11	15	20		צִוָּ֥ה	6680	HVpp3ms	06Q3M
11	15	21		יְהוָ֖ה	3068	HNp	06ztj
11	15	22		אֶת	853	HTo	06uxE
11	15	23		מֹשֶֽׁה	4872	HNp	068qh
11	16	1		וַ/יִּקַּ֨ח	c/3947	HC/Vqw3ms	06zk3
11	16	2		יְהוֹשֻׁ֜עַ	3091	HNp	06art
11	16	3		אֶת	853	HTo	06XTQ
11	16	4		כָּל	3605	HNcmsc	06pgc
11	16	5		הָ/אָ֣רֶץ	d/776	HTd/Ncbsa	06nnX
11	16	6		הַ/זֹּ֗את	d/2063	HTd/Pdxfs	069fu
11	16	7		הָ/הָ֤ר	d/2022	HTd/Ncmsa	06gcE
11	16	8		וְ/אֶת	c/853	HC/To	06EgB
11	16	9		כָּל	3605	HNcmsc	06NgL
11	16	10		הַ/נֶּ֨גֶב֙	d/5045	HTd/Ncmsa	06oX6
11	16	11		וְ/אֵת֙	c/853	HC/To	06JwH
11	16	12		כָּל	3605	HNcmsc	06LPw
11	16	13		אֶ֣רֶץ	776	HNcbsc	06enA
11	16	14		הַ/גֹּ֔שֶׁן	d/1657	HTd/Np	06YX2
11	16	15		וְ/אֶת	c/853	HC/To	06TkZ
11	16	16		הַ/שְּׁפֵלָ֖ה	d/8219	HTd/Ncfsa	06VP3
11	16	17		וְ/אֶת	c/853	HC/To	069LC
11	16	18		הָ/עֲרָבָ֑ה	d/6160	HTd/Ncfsa	066ty
11	16	19		וְ/אֶת	c/853	HC/To	06u6K
11	16	20		הַ֥ר	2022	HNcmsc	06PQd
11	16	21		יִשְׂרָאֵ֖ל	3478	HNp	06MHe
11	16	22		וּ/שְׁפֵלָתֹֽ/ה	c/8219	HC/Ncfsc/Sp3ms	06Q1Y
11	17	1		מִן	4480 a	HR	06Y4x
11	17	2		הָ/הָ֤ר	d/2022	HTd/Ncmsa	06RLf
11	17	3		הֶֽ/חָלָק֙	d/2510	HTd/Np	06R79
11	17	4		הָ/עוֹלֶ֣ה	d/5927	HTd/Vqrmsa	06xRL
11	17	5		שֵׂעִ֔יר	8165 a	HNp	06vxt
11	17	6		וְ/עַד	c/5704	HC/R	0626U
11	17	7		בַּ֤עַל	1171+	HNp	06ZvP
11	17	8		גָּד֙	1171	HNp	062eu
11	17	9		בְּ/בִקְעַ֣ת	b/1237	HR/Ncfsc	06Xfm
11	17	10		הַ/לְּבָנ֔וֹן	d/3844	HTd/Np	06sGE
11	17	11		תַּ֖חַת	8478	HR	066g8
11	17	12		הַר	2022	HNcmsc	06BrJ
11	17	13		חֶרְמ֑וֹן	2768	HNp	065mG
11	17	14		וְ/אֵ֤ת	c/853	HC/To	06wJu
11	17	15		כָּל	3605	HNcmsc	06gKD
11	17	16		מַלְכֵי/הֶם֙	4428	HNcmpc/Sp3mp	06hca
11	17	17		לָכַ֔ד	3920	HVqp3ms	06khN
11	17	18		וַ/יַּכֵּ֖/ם	c/5221	HC/Vhw3ms/Sp3mp	06nJG
11	17	19		וַ/יְמִיתֵֽ/ם	c/4191	HC/Vhw3ms/Sp3mp	062W7
11	18	1		יָמִ֣ים	3117	HNcmpa	068pa
11	18	2		רַבִּ֗ים	7227 a	HAampa	06QNM
11	18	3		עָשָׂ֧ה	6213 a	HVqp3ms	06KBD
11	18	4		יְהוֹשֻׁ֛עַ	3091	HNp	06i6P
11	18	5		אֶת	854	HR	06TCC
11	18	6		כָּל	3605	HNcmsc	066Em
11	18	7		הַ/מְּלָכִ֥ים	d/4428	HTd/Ncmpa	065S4
11	18	8		הָ/אֵ֖לֶּה	d/428	HTd/Pdxcp	06MAJ
11	18	9		מִלְחָמָֽה	4421	HNcfsa	06eFY
11	19	1		לֹֽא	3808	HTn	069CN
11	19	2		הָיְתָ֣ה	1961	HVqp3fs	063M5
11	19	3		עִ֗יר	5892 b	HNcfsa	065Ar
11	19	4		אֲשֶׁ֤ר	834 a	HTr	06315
11	19	5		הִשְׁלִ֨ימָה֙	7999 b	HVhp3fs	06EMQ
11	19	6		אֶל	413	HR	061qL
11	19	7		בְּנֵ֣י	1121 a	HNcmpc	06sHh
11	19	8		יִשְׂרָאֵ֔ל	3478	HNp	06nw3
11	19	9		בִּלְתִּ֥י	1115	HC	06hip
11	19	10		הַ/חִוִּ֖י	d/2340	HTd/Ngmsa	06qKh
11	19	11		יֹשְׁבֵ֣י	3427	HVqrmpc	06K3s
11	19	12		גִבְע֑וֹן	1391	HNp	06Udm
11	19	13		אֶת	853	HTo	06pSF
11	19	14		הַ/כֹּ֖ל	d/3605	HTd/Ncmsa	06wfx
11	19	15		לָקְח֥וּ	3947	HVqp3cp	06rqa
11	19	16		בַ/מִּלְחָמָֽה	b/4421	HRd/Ncfsa	06ZRa
11	20	1		כִּ֣י	3588 a	HC	06XtJ
11	20	2		מֵ/אֵ֣ת	m/854	HR/R	06D2e
11	20	3		יְהוָ֣ה	3068	HNp	06Mu5
11	20	4		הָיְתָ֡ה	1961	HVqp3fs	06nSW
11	20	5		לְ/חַזֵּ֣ק	l/2388	HR/Vpc	068m3
11	20	6		אֶת	853	HTo	06fBz
11	20	7		לִבָּ/ם֩	3820 a	HNcmsc/Sp3mp	06yf4
11	20	8		לִ/קְרַ֨את	l/7125	HR/Vqc	06kib
11	20	9		הַ/מִּלְחָמָ֤ה	d/4421	HTd/Ncfsa	06yQw
11	20	10		אֶת	854	HR	06vAd
11	20	11		יִשְׂרָאֵל֙	3478	HNp	06hNu
11	20	12		לְמַ֣עַן	4616	HR	0693D
11	20	13		הַֽחֲרִימָ֔/ם	2763 a	HVhc/Sp3mp	06Evy
11	20	14		לְ/בִלְתִּ֥י	l/1115	HR/C	06qSH
11	20	15		הֱיוֹת	1961	HVqc	06vYV
11	20	16		לָ/הֶ֖ם	l	HR/Sp3mp	06rDA
11	20	17		תְּחִנָּ֑ה	8467	HNcfsa	06Z3T
11	20	18		כִּ֚י	3588 a	HC	06fn2
11	20	19		לְמַ֣עַן	4616	HR	064nS
11	20	20		הַשְׁמִידָ֔/ם	8045	HVhc/Sp3mp	069p2
11	20	21		כַּ/אֲשֶׁ֛ר	k/834 d	HR/Tr	065Sr
11	20	22		צִוָּ֥ה	6680	HVpp3ms	06np9
11	20	23		יְהוָ֖ה	3068	HNp	06au6
11	20	24		אֶת	853	HTo	06Yj4
11	20	25		מֹשֶֽׁה	4872	HNp	06P4Y
11	21	1		וַ/יָּבֹ֨א	c/935	HC/Vqw3ms	063AT
11	21	2		יְהוֹשֻׁ֜עַ	3091	HNp	06MMh
11	21	3		בָּ/עֵ֣ת	b/6256	HRd/Ncbsa	06C6R
11	21	4		הַ/הִ֗יא	d/1931	HTd/Pp3fs	06Tsm
11	21	5		וַ/יַּכְרֵ֤ת	c/3772	HC/Vhw3ms	06C4T
11	21	6		אֶת	853	HTo	06ErU
11	21	7		הָֽ/עֲנָקִים֙	d/6062	HTd/Ngmpa	06b1D
11	21	8		מִן	4480 a	HR	06RBu
11	21	9		הָ/הָ֤ר	d/2022	HTd/Ncmsa	06DAW
11	21	10		מִן	4480 a	HR	06Hip
11	21	11		חֶבְרוֹן֙	2275 a	HNp	06rvf
11	21	12		מִן	4480 a	HR	06EUu
11	21	13		דְּבִ֣ר	1688 a	HNp	06MRq
11	21	14		מִן	4480 a	HR	06Rrp
11	21	15		עֲנָ֔ב	6024	HNp	0617A
11	21	16		וּ/מִ/כֹּל֙	c/m/3605	HC/R/Ncmsc	06Q4z
11	21	17		הַ֣ר	2022	HNcmsc	06FYp
11	21	18		יְהוּדָ֔ה	3063	HNp	068m1
11	21	19		וּ/מִ/כֹּ֖ל	c/m/3605	HC/R/Ncmsc	068mf
11	21	20		הַ֣ר	2022	HNcmsc	063kw
11	21	21		יִשְׂרָאֵ֑ל	3478	HNp	06wCh
11	21	22		עִם	5973 a	HR	06zrv
11	21	23		עָרֵי/הֶ֖ם	5892 b	HNcfpc/Sp3mp	06zCn
11	21	24		הֶחֱרִימָ֥/ם	2763 a	HVhp3ms/Sp3mp	063zp
11	21	25		יְהוֹשֻֽׁעַ	3091	HNp	06QAE
11	22	1		לֹֽא	3808	HTn	06jpx
11	22	2		נוֹתַ֣ר	3498	HVNp3ms	06i8q
11	22	3		עֲנָקִ֔ים	6062	HNcmpa	06TP4
11	22	4		בְּ/אֶ֖רֶץ	b/776	HR/Ncbsc	069Ng
11	22	5		בְּנֵ֣י	1121 a	HNcmpc	064MJ
11	22	6		יִשְׂרָאֵ֑ל	3478	HNp	06efU
11	22	7		רַ֗ק	7535	HTa	06R3h
11	22	8		בְּ/עַזָּ֛ה	b/5804	HR/Np	06icS
11	22	9		בְּ/גַ֥ת	b/1661	HR/Np	06hwb
11	22	10		וּ/בְ/אַשְׁדּ֖וֹד	c/b/795	HC/R/Np	06rTr
11	22	11		נִשְׁאָֽרוּ	7604	HVNp3cp	06bfb
11	23	1		וַ/יִּקַּ֨ח	c/3947	HC/Vqw3ms	06mEa
11	23	2		יְהוֹשֻׁ֜עַ	3091	HNp	06ydN
11	23	3		אֶת	853	HTo	06HVK
11	23	4		כָּל	3605	HNcmsc	06jiK
11	23	5		הָ/אָ֗רֶץ	d/776	HTd/Ncbsa	06Vqg
11	23	6		כְּ֠/כֹל	k/3605	HR/Ncmsa	06yTL
11	23	7		אֲשֶׁ֨ר	834 a	HTr	063Xt
11	23	8		דִּבֶּ֣ר	1696	HVpp3ms	06dTm
11	23	9		יְהוָה֮	3068	HNp	066o3
11	23	10		אֶל	413	HR	06cZp
11	23	11		מֹשֶׁה֒	4872	HNp	06diR
11	23	12		וַ/יִּתְּנָ/הּ֩	c/5414	HC/Vqw3ms/Sp3fs	06kEs
11	23	13		יְהוֹשֻׁ֨עַ	3091	HNp	06bvu
11	23	14		לְ/נַחֲלָ֧ה	l/5159	HR/Ncfsa	06a1T
11	23	15		לְ/יִשְׂרָאֵ֛ל	l/3478	HR/Np	06TnP
11	23	16		כְּ/מַחְלְקֹתָ֖/ם	k/4256	HR/Ncfpc/Sp3mp	06JjK
11	23	17		לְ/שִׁבְטֵי/הֶ֑ם	l/7626	HR/Ncmpc/Sp3mp	06PFs
11	23	18		וְ/הָ/אָ֥רֶץ	c/d/776	HC/Td/Ncbsa	063pH
11	23	19		שָׁקְטָ֖ה	8252	HVqp3fs	06eEz
11	23	20		מִ/מִּלְחָמָֽה	m/4421	HR/Ncfsa	06RwK
12	1	1		וְ/אֵ֣לֶּה	c/428	HC/Pdxcp	06vTf
12	1	2		מַלְכֵ֣י	4428	HNcmpc	06jRy
12	1	3		הָ/אָ֗רֶץ	d/776	HTd/Ncbsa	06kAg
12	1	4		אֲשֶׁ֨ר	834 a	HTr	066JK
12	1	5		הִכּ֤וּ	5221	HVhp3cp	06ibz
12	1	6		בְנֵֽי	1121 a	HNcmpc	066Zt
12	1	7		יִשְׂרָאֵל֙	3478	HNp	06Ywk
12	1	8		וַ/יִּֽרְשׁ֣וּ	c/3423	HC/Vqw3mp	062Ag
12	1	9		אֶת	853	HTo	06Saf
12	1	10		אַרְצָ֔/ם	776	HNcbsc/Sp3mp	06KVW
12	1	11		בְּ/עֵ֥בֶר	b/5676	HR/Ncmsc	06ybr
12	1	12		הַ/יַּרְדֵּ֖ן	d/3383	HTd/Np	06Rgy
12	1	13		מִזְרְחָ֣/ה	4217	HNcmsc/Sd	06CDd
12	1	14		הַ/שָּׁ֑מֶשׁ	d/8121	HTd/Ncbsa	06Li1
12	1	15		מִ/נַּ֤חַל	m/5158 a	HR/Ncmsc	06pYz
12	1	16		אַרְנוֹן֙	769	HNp	06mTQ
12	1	17		עַד	5704	HR	06yeW
12	1	18		הַ֣ר	2022	HNcmsc	065vv
12	1	19		חֶרְמ֔וֹן	2768	HNp	06V6s
12	1	20		וְ/כָל	c/3605	HC/Ncmsc	06FCH
12	1	21		הָ/עֲרָבָ֖ה	d/6160	HTd/Ncfsa	061f5
12	1	22		מִזְרָֽחָ/ה	4217	HNcmsa/Sd	06Z5P
12	2	1		סִיחוֹן֙	5511	HNp	065KP
12	2	2		מֶ֣לֶךְ	4428	HNcmsc	06qVV
12	2	3		הָ/אֱמֹרִ֔י	d/567	HTd/Ngmsa	06Pg2
12	2	4		הַ/יּוֹשֵׁ֖ב	d/3427	HTd/Vqrmsa	06Zue
12	2	5		בְּ/חֶשְׁבּ֑וֹן	b/2809	HR/Np	06ncc
12	2	6		מֹשֵׁ֡ל	4910	HVqrmsa	062Dc
12	2	7		מֵ/עֲרוֹעֵ֡ר	m/6177	HR/Np	06gKj
12	2	8		אֲשֶׁר֩	834 a	HTr	06fDt
12	2	9		עַל	5921 a	HR	06Zsb
12	2	10		שְׂפַת	8193	HNcfsc	067ZE
12	2	11		נַ֨חַל	5158 a	HNcmsc	06zWF
12	2	12		אַרְנ֜וֹן	769	HNp	06XPk
12	2	13		וְ/ת֤וֹךְ	c/8432	HC/Ncmsc	06G2M
12	2	14		הַ/נַּ֨חַל֙	d/5158 a	HTd/Ncmsa	06hHK
12	2	15		וַ/חֲצִ֣י	c/2677	HC/Ncmsc	06a8K
12	2	16		הַ/גִּלְעָ֔ד	d/1568	HTd/Np	06uiR
12	2	17		וְ/עַד֙	c/5704	HC/R	06sWP
12	2	18		יַבֹּ֣ק	2999	HNp	06GBG
12	2	19		הַ/נַּ֔חַל	d/5158 a	HTd/Ncmsa	06acQ
12	2	20		גְּב֖וּל	1366	HNcmsc	06t1b
12	2	21		בְּנֵ֥י	1121 a	HNcmpc	06aWG
12	2	22		עַמּֽוֹן	5983	HNp	06G7R
12	3	1		וְ/הָ/עֲרָבָה֩	c/d/6160	HC/Td/Ncfsa	06AZv
12	3	2		עַד	5704	HR	06ZFu
12	3	3		יָ֨ם	3220	HNcmsc	06qRc
12	3	4		כִּנְר֜וֹת	3672	HNp	06882
12	3	5		מִזְרָ֗חָ/ה	4217	HNcmsa/Sd	06JzX
12	3	6		וְ֠/עַד	c/5704	HC/R	06EPM
12	3	7		יָ֣ם	3220	HNcmsc	068LY
12	3	8		הָ/עֲרָבָ֤ה	d/6160	HTd/Ncfsa	06TcQ
12	3	9		יָם	3220	HNcmsc	06CiQ
12	3	10		הַ/מֶּ֨לַח֙	d/4417	HTd/Ncmsa	06PJ7
12	3	11		מִזְרָ֔חָ/ה	4217	HNcmsa/Sd	06kht
12	3	12		דֶּ֖רֶךְ	1870	HNcbsc	06JpD
12	3	13		בֵּ֣ית	1020+	HNp	06mnM
12	3	14		הַיְשִׁמ֑וֹת	1020	HNp	06wHF
12	3	15		וּ/מִ֨/תֵּימָ֔ן	c/m/8486	HC/R/Ncfsa	06yhp
12	3	16		תַּ֖חַת	8478	HR	06U6B
12	3	17		אַשְׁדּ֥וֹת	794	HNcfpc	066Li
12	3	18		הַ/פִּסְגָּֽה	d/6449	HTd/Np	06hin
12	4	1		וּ/גְב֗וּל	c/1366	HC/Ncmsc	06JVU
12	4	2		ע֚וֹג	5747	HNp	06YsH
12	4	3		מֶ֣לֶךְ	4428	HNcmsc	06Y6g
12	4	4		הַ/בָּשָׁ֔ן	d/1316	HTd/Np	06mjQ
12	4	5		מִ/יֶּ֖תֶר	m/3499 a	HR/Ncmsc	06gFP
12	4	6		הָ/רְפָאִ֑ים	d/7497 b	HTd/Np	06oHn
12	4	7		הַ/יּוֹשֵׁ֥ב	d/3427	HTd/Vqrmsa	063wd
12	4	8		בְּ/עַשְׁתָּר֖וֹת	b/6252	HR/Np	06HXV
12	4	9		וּ/בְ/אֶדְרֶֽעִי	c/b/154	HC/R/Np	06fTJ
12	5	1		וּ֠/מֹשֵׁל	c/4910	HC/Vqrmsa	06gq4
12	5	2		בְּ/הַ֨ר	b/2022	HR/Ncmsc	0696j
12	5	3		חֶרְמ֤וֹן	2768	HNp	06apg
12	5	4		וּ/בְ/סַלְכָה֙	c/b/5548	HC/R/Np	06m2R
12	5	5		וּ/בְ/כָל	c/b/3605	HC/R/Ncmsc	06xro
12	5	6		הַ/בָּשָׁ֔ן	d/1316	HTd/Np	06GFp
12	5	7		עַד	5704	HR	06rbG
12	5	8		גְּב֥וּל	1366	HNcmsc	069Fz
12	5	9		הַ/גְּשׁוּרִ֖י	d/1651	HTd/Ngmsa	067pF
12	5	10		וְ/הַ/מַּעֲכָתִ֑י	c/d/4602	HC/Td/Ngmsa	062K9
12	5	11		וַ/חֲצִי֙	c/2677	HC/Ncmsc	06Xqr
12	5	12		הַ/גִּלְעָ֔ד	d/1568	HTd/Np	06WuJ
12	5	13		גְּב֖וּל	1366	HNcmsc	06ZHe
12	5	14		סִיח֥וֹן	5511	HNp	06K24
12	5	15		מֶֽלֶךְ	4428	HNcmsc	06t3M
12	5	16		חֶשְׁבּֽוֹן	2809	HNp	06nLn
12	6	1		מֹשֶׁ֧ה	4872	HNp	06byF
12	6	2		עֶֽבֶד	5650	HNcmsc	06NQV
12	6	3		יְהוָ֛ה	3068	HNp	06RhE
12	6	4		וּ/בְנֵ֥י	c/1121 a	HC/Ncmpc	06JDU
12	6	5		יִשְׂרָאֵ֖ל	3478	HNp	06JCR
12	6	6		הִכּ֑וּ/ם	5221	HVhp3cp/Sp3mp	06D4D
12	6	7		וַֽ֠/יִּתְּנָ/הּ	c/5414	HC/Vqw3ms/Sp3fs	06XqW
12	6	8		מֹשֶׁ֨ה	4872	HNp	06FeL
12	6	9		עֶֽבֶד	5650	HNcmsc	06urP
12	6	10		יְהוָ֜ה	3068	HNp	066hR
12	6	11		יְרֻשָּׁ֗ה	3425	HNcfsa	06sJT
12	6	12		לָ/רֻֽאוּבֵנִי֙	l/7206	HRd/Ngmsa	06eix
12	6	13		וְ/לַ/גָּדִ֔י	c/l/1425	HC/Rd/Ngmsa	064SZ
12	6	14		וְ/לַ/חֲצִ֖י	c/l/2677	HC/R/Ncmsc	06ujg
12	6	15		שֵׁ֥בֶט	7626	HNcmsc	06n8U
12	6	16		הַֽ/מְנַשֶּֽׁה	d/4519	HTd/Np	06KFN
12	7	1		וְ/אֵ֣לֶּה	c/428	HC/Pdxcp	06ee6
12	7	2		מַלְכֵ֣י	4428	HNcmpc	06L7f
12	7	3		הָ/אָ֡רֶץ	d/776	HTd/Ncbsa	06Nkz
12	7	4		אֲשֶׁר֩	834 a	HTr	06e66
12	7	5		הִכָּ֨ה	5221	HVhp3ms	06Xic
12	7	6		יְהוֹשֻׁ֜עַ	3091	HNp	069VK
12	7	7		וּ/בְנֵ֣י	c/1121 a	HC/Ncmpc	06MHN
12	7	8		יִשְׂרָאֵ֗ל	3478	HNp	06zWe
12	7	9		בְּ/עֵ֤בֶר	b/5676	HR/Ncmsc	06Toi
12	7	10		הַ/יַּרְדֵּן֙	d/3383	HTd/Np	068VV
12	7	11		יָ֔מָּ/ה	3220	HNcmsa/Sd	06K1b
12	7	12		מִ/בַּ֤עַל	m/1171+	HR/Np	06Lgi
12	7	13		גָּד֙	1171	HNp	066Yk
12	7	14		בְּ/בִקְעַ֣ת	b/1237	HR/Ncfsc	06yaX
12	7	15		הַ/לְּבָנ֔וֹן	d/3844	HTd/Np	06LmW
12	7	16		וְ/עַד	c/5704	HC/R	06YUT
12	7	17		הָ/הָ֥ר	d/2022	HTd/Ncmsa	06Cts
12	7	18		הֶ/חָלָ֖ק	d/2510	HTd/Np	06yqG
12	7	19		הָ/עֹלֶ֣ה	d/5927	HTd/Vqrmsa	066ev
12	7	20		שֵׂעִ֑ירָ/ה	8165 a	HNp/Sd	06MDh
12	7	21		וַ/יִּתְּנָ֨/הּ	c/5414	HC/Vqw3ms/Sp3fs	06gZp
12	7	22		יְהוֹשֻׁ֜עַ	3091	HNp	06dmq
12	7	23		לְ/שִׁבְטֵ֧י	l/7626	HR/Ncmpc	06RFy
12	7	24		יִשְׂרָאֵ֛ל	3478	HNp	06U5A
12	7	25		יְרֻשָּׁ֖ה	3425	HNcfsa	06YEo
12	7	26		כְּ/מַחְלְקֹתָֽ/ם	k/4256	HR/Ncfpc/Sp3mp	06WW5
12	8	1		בָּ/הָ֣ר	b/2022	HRd/Ncmsa	06xB1
12	8	2		וּ/בַ/שְּׁפֵלָ֗ה	c/b/8219	HC/Rd/Ncfsa	06Dut
12	8	3		וּ/בָֽ/עֲרָבָה֙	c/b/6160	HC/Rd/Ncfsa	06aAs
12	8	4		וּ/בָ֣/אֲשֵׁד֔וֹת	c/b/794	HC/Rd/Ncfpa	06iR4
12	8	5		וּ/בַ/מִּדְבָּ֖ר	c/b/4057 b	HC/Rd/Ncmsa	06WD5
12	8	6		וּ/בַ/נֶּ֑גֶב	c/b/5045	HC/Rd/Ncmsa	06QVS
12	8	7		הַֽ/חִתִּי֙	d/2850	HTd/Ngmsa	06Byp
12	8	8		הָֽ/אֱמֹרִ֔י	d/567	HTd/Ngmsa	06WT7
12	8	9		וְ/הַֽ/כְּנַעֲנִי֙	c/d/3669 a	HC/Td/Ngmsa	06mgg
12	8	10		הַ/פְּרִזִּ֔י	d/6522	HTd/Ngmsa	06FtA
12	8	11		הַ/חִוִּ֖י	d/2340	HTd/Ngmsa	06Wy2
12	8	12		וְ/הַ/יְבוּסִֽי	c/d/2983	HC/Td/Ngmsa	06LWF
12	9	1		מֶ֥לֶךְ	4428	HNcmsc	0643f
12	9	2		יְרִיח֖וֹ	3405	HNp	06DKG
12	9	3		אֶחָ֑ד	259	HAcmsa	06Zqk
12	9	4		מֶ֧לֶךְ	4428	HNcmsc	06JHu
12	9	5		הָ/עַ֛י	d/5857	HTd/Np	06TX2
12	9	6		אֲשֶׁר	834 a	HTr	06BVw
12	9	7		מִ/צַּ֥ד	m/6654	HR/Ncmsc	06As7
12	9	8		בֵּֽית	1008+	HNp	065kf
12	9	9		אֵ֖ל	1008	HNp	06nnm
12	9	10		אֶחָֽד	259	HAcmsa	06Skh
12	10	1		מֶ֤לֶךְ	4428	HNcmsc	06hML
12	10	2		יְרוּשָׁלִַ֨ם֙	3389	HNp	06brS
12	10	3		אֶחָ֔ד	259	HAcmsa	06wJM
12	10	4		מֶ֥לֶךְ	4428	HNcmsc	06H8d
12	10	5		חֶבְר֖וֹן	2275 a	HNp	0648z
12	10	6		אֶחָֽד	259	HAcmsa	06M8d
12	11	1		מֶ֤לֶךְ	4428	HNcmsc	06WKe
12	11	2		יַרְמוּת֙	3412	HNp	062KH
12	11	3		אֶחָ֔ד	259	HAcmsa	06HGY
12	11	4		מֶ֥לֶךְ	4428	HNcmsc	06NxF
12	11	5		לָכִ֖ישׁ	3923	HNp	0662X
12	11	6		אֶחָֽד	259	HAcmsa	06hQZ
12	12	1		מֶ֤לֶךְ	4428	HNcmsc	061B3
12	12	2		עֶגְלוֹן֙	5700	HNp	06imA
12	12	3		אֶחָ֔ד	259	HAcmsa	06eZb
12	12	4		מֶ֥לֶךְ	4428	HNcmsc	06Kg3
12	12	5		גֶּ֖זֶר	1507	HNp	06L37
12	12	6		אֶחָֽד	259	HAcmsa	06Dbh
12	13	1		מֶ֤לֶךְ	4428	HNcmsc	06GXn
12	13	2		דְּבִר֙	1688 a	HNp	06mmj
12	13	3		אֶחָ֔ד	259	HAcmsa	06vT5
12	13	4		מֶ֥לֶךְ	4428	HNcmsc	06ia1
12	13	5		גֶּ֖דֶר	1445	HNp	06Lgd
12	13	6		אֶחָֽד	259	HAcmsa	06GhB
12	14	1		מֶ֤לֶךְ	4428	HNcmsc	065PW
12	14	2		חָרְמָה֙	2767	HNp	063FW
12	14	3		אֶחָ֔ד	259	HAcmsa	06jwC
12	14	4		מֶ֥לֶךְ	4428	HNcmsc	06GmR
12	14	5		עֲרָ֖ד	6166 a	HNp	06xun
12	14	6		אֶחָֽד	259	HAcmsa	06zAv
12	15	1		מֶ֤לֶךְ	4428	HNcmsc	061c2
12	15	2		לִבְנָה֙	3841	HNp	06q28
12	15	3		אֶחָ֔ד	259	HAcmsa	068oG
12	15	4		מֶ֥לֶךְ	4428	HNcmsc	062L1
12	15	5		עֲדֻלָּ֖ם	5725	HNp	06e3V
12	15	6		אֶחָֽד	259	HAcmsa	06Ae1
12	16	1		מֶ֤לֶךְ	4428	HNcmsc	06PFr
12	16	2		מַקֵּדָה֙	4719	HNp	06YKm
12	16	3		אֶחָ֔ד	259	HAcmsa	06WHq
12	16	4		מֶ֥לֶךְ	4428	HNcmsc	06KxQ
12	16	5		בֵּֽית	1008+	HNp	06NKr
12	16	6		אֵ֖ל	1008	HNp	06LsJ
12	16	7		אֶחָֽד	259	HAcmsa	06bhZ
12	17	1		מֶ֤לֶךְ	4428	HNcmsc	068nK
12	17	2		תַּפּ֨וּחַ֙	8599 b	HNp	06tSz
12	17	3		אֶחָ֔ד	259	HAcmsa	06FE5
12	17	4		מֶ֥לֶךְ	4428	HNcmsc	06Hxz
12	17	5		חֵ֖פֶר	2660 b	HNp	06B3z
12	17	6		אֶחָֽד	259	HAcmsa	06XLq
12	18	1		מֶ֤לֶךְ	4428	HNcmsc	06nB1
12	18	2		אֲפֵק֙	663	HNp	06h14
12	18	3		אֶחָ֔ד	259	HAcmsa	06vMU
12	18	4		מֶ֥לֶךְ	4428	HNcmsa	06112
12	18	5		לַ/שָּׁר֖וֹן	l/8289	HRd/Np	063fE
12	18	6		אֶחָֽד	259	HAcmsa	06zMp
12	19	1		מֶ֤לֶךְ	4428	HNcmsc	06mxd
12	19	2		מָדוֹן֙	4068	HNp	064ir
12	19	3		אֶחָ֔ד	259	HAcmsa	066mr
12	19	4		מֶ֥לֶךְ	4428	HNcmsc	06bXr
12	19	5		חָצ֖וֹר	2674	HNp	06CCa
12	19	6		אֶחָֽד	259	HAcmsa	06XzH
12	20	1		מֶ֣לֶךְ	4428	HNcmsc	06DHa
12	20	2		שִׁמְר֤וֹן	8112+	HNp	06B8t
12	20	3		מְראוֹן֙	8112	HNp	06SYU
12	20	4		אֶחָ֔ד	259	HAcmsa	06YnQ
12	20	5		מֶ֥לֶךְ	4428	HNcmsc	06Z2g
12	20	6		אַכְשָׁ֖ף	407	HNp	066oJ
12	20	7		אֶחָֽד	259	HAcmsa	06mxb
12	21	1		מֶ֤לֶךְ	4428	HNcmsc	06cxS
12	21	2		תַּעְנַךְ֙	8590	HNp	06YtD
12	21	3		אֶחָ֔ד	259	HAcmsa	06uia
12	21	4		מֶ֥לֶךְ	4428	HNcmsc	06B8N
12	21	5		מְגִדּ֖וֹ	4023	HNp	068DB
12	21	6		אֶחָֽד	259	HAcmsa	06tUc
12	22	1		מֶ֤לֶךְ	4428	HNcmsc	06w3D
12	22	2		קֶ֨דֶשׁ֙	6943	HNp	06gJP
12	22	3		אֶחָ֔ד	259	HAcmsa	06j3e
12	22	4		מֶֽלֶךְ	4428	HNcmsc	06Cfv
12	22	5		יָקְנֳעָ֥ם	3362	HNp	06q1p
12	22	6		לַ/כַּרְמֶ֖ל	l/3760	HRd/Np	06g8J
12	22	7		אֶחָֽד	259	HAcmsa	069QM
12	23	1		מֶ֥לֶךְ	4428	HNcmsc	06Sgb
12	23	2		דּ֛וֹר	1756	HNp	06t8Y
12	23	3		לְ/נָפַ֥ת	l/5299 b	HR/Ncfsc	06KTA
12	23	4		דּ֖וֹר	1756	HNp	06nVn
12	23	5		אֶחָ֑ד	259	HAcmsa	06rN2
12	23	6		מֶֽלֶךְ	4428	HNcmsc	06tXE
12	23	7		גּוֹיִ֥ם	1471 a	HNcmpa	06Amo
12	23	8		לְ/גִלְגָּ֖ל	l/1537	HR/Np	06tLv
12	23	9		אֶחָֽד	259	HAcmsa	06z69
12	24	1		מֶ֥לֶךְ	4428	HNcmsc	06ync
12	24	2		תִּרְצָ֖ה	8656	HNp	068fH
12	24	3		אֶחָ֑ד	259	HAcmsa	06t7b
12	24	4		כָּל	3605	HNcmsc	068o8
12	24	5		מְלָכִ֖ים	4428	HNcmpa	066Wa
12	24	6		שְׁלֹשִׁ֥ים	7970	HAcbpa	06uj4
12	24	7		וְ/אֶחָֽד	c/259	HC/Acmsa	06Rhy
13	1	1		וִ/יהוֹשֻׁ֣עַ	c/3091	HC/Np	066gh
13	1	2		זָקֵ֔ן	2204	HVqp3ms	062w9
13	1	3		בָּ֖א	935	HVqp3ms	06y4p
13	1	4		בַּ/יָּמִ֑ים	b/3117	HRd/Ncmpa	06bSv
13	1	5		וַ/יֹּ֨אמֶר	c/559	HC/Vqw3ms	06LRa
13	1	6		יְהוָ֜ה	3068	HNp	06mX8
13	1	7		אֵלָ֗י/ו	413	HR/Sp3ms	06mV2
13	1	8		אַתָּ֤ה	859 a	HPp2ms	06t7q
13	1	9		זָקַ֨נְתָּה֙	2204	HVqp2ms	06cXi
13	1	10		בָּ֣אתָ	935	HVqp2ms	06d7W
13	1	11		בַ/יָּמִ֔ים	b/3117	HRd/Ncmpa	06Sin
13	1	12		וְ/הָ/אָ֛רֶץ	c/d/776	HC/Td/Ncbsa	065Jk
13	1	13		נִשְׁאֲרָ֥ה	7604	HVNp3fs	06iSM
13	1	14		הַרְבֵּֽה	7235 a	HVha	06vpV
13	1	15		מְאֹ֖ד	3966	HD	06gVD
13	1	16		לְ/רִשְׁתָּֽ/הּ	l/3423	HR/Vqc/Sp3fs	06kVy
13	2	1		זֹ֥את	2063	HPdxfs	06S4D
13	2	2		הָ/אָ֖רֶץ	d/776	HTd/Ncbsa	06SxU
13	2	3		הַ/נִּשְׁאָ֑רֶת	d/7604	HTd/VNrfsa	06Z54
13	2	4		כָּל	3605	HNcmsc	063Xf
13	2	5		גְּלִיל֥וֹת	1552	HNcfpc	06JWr
13	2	6		הַ/פְּלִשְׁתִּ֖ים	d/6430	HTd/Ngmpa	06f43
13	2	7		וְ/כָל	c/3605	HC/Ncmsc	06hFp
13	2	8		הַ/גְּשׁוּרִֽי	d/1651	HTd/Ngmsa	06fgh
13	3	1		מִֽן	4480 a	HR	06YsB
13	3	2		הַ/שִּׁיח֞וֹר	d/7883	HTd/Np	06PRQ
13	3	3		אֲשֶׁ֣ר	834 a	HTr	06dUa
13	3	4		עַל	5921 a	HR	06sYy
13	3	5		פְּנֵ֣י	6440	HNcbpc	06fdJ
13	3	6		מִצְרַ֗יִם	4714	HNp	06Bkg
13	3	7		וְ/עַ֨ד	c/5704	HC/R	063kt
13	3	8		גְּב֤וּל	1366	HNcmsc	06zPh
13	3	9		עֶקְרוֹן֙	6138	HNp	0628Z
13	3	10		צָפ֔וֹנָ/ה	6828	HNcfsa/Sd	06scJ
13	3	11		לַֽ/כְּנַעֲנִ֖י	l/3669 a	HRd/Ngmsa	06U5T
13	3	12		תֵּחָשֵׁ֑ב	2803	HVNi3fs	06cuM
13	3	13		חֲמֵ֣שֶׁת	2568	HAcmsc	06Js8
13	3	14		סַרְנֵ֣י	5633 a	HNcmpc	06nt3
13	3	15		פְלִשְׁתִּ֗ים	6430	HNgmpa	06VkC
13	3	16		הָ/עַזָּתִ֤י	d/5841	HTd/Ngmsa	06nou
13	3	17		וְ/הָ/אַשְׁדּוֹדִי֙	c/d/796	HC/Td/Ngmsa	06P34
13	3	18		הָ/אֶשְׁקְלוֹנִ֣י	d/832	HTd/Ngmsa	06xcW
13	3	19		הַ/גִּתִּ֔י	d/1663	HTd/Ngmsa	06vsd
13	3	20		וְ/הָ/עֶקְרוֹנִ֖י	c/d/6139	HC/Td/Ngmsa	06evR
13	3	21		וְ/הָ/עַוִּֽים	c/d/5757	HC/Td/Np	064vP
13	4	1		מִ/תֵּימָ֞ן	m/8486	HR/Ncfsa	06wdA
13	4	2		כָּל	3605	HNcmsc	06RZq
13	4	3		אֶ֣רֶץ	776	HNcbsc	06tWF
13	4	4		הַֽ/כְּנַעֲנִ֗י	d/3669 a	HTd/Ngmsa	06n2n
13	4	5		וּ/מְעָרָ֛ה	c/4632	HC/Np	06Ycg
13	4	6		אֲשֶׁ֥ר	834 a	HTr	06TCv
13	4	7		לַ/צִּידֹנִ֖ים	l/6722	HRd/Ngmpa	06QXK
13	4	8		עַד	5704	HR	065zK
13	4	9		אֲפֵ֑קָ/ה	663	HNp/Sd	06kjj
13	4	10		עַ֖ד	5704	HR	06Ja6
13	4	11		גְּב֥וּל	1366	HNcmsc	064n4
13	4	12		הָ/אֱמֹרִֽי	d/567	HTd/Ngmsa	068MY
13	5	1		וְ/הָ/אָ֣רֶץ	c/d/776	HC/Td/Ncbsa	06wqE
13	5	2		הַ/גִּבְלִ֗י	d/1382	HTd/Ngmsa	06agQ
13	5	3		וְ/כָל	c/3605	HC/Ncmsc	06TdF
13	5	4		הַ/לְּבָנוֹן֙	d/3844	HTd/Np	066uC
13	5	5		מִזְרַ֣ח	4217	HNcmsc	06hdS
13	5	6		הַ/שֶּׁ֔מֶשׁ	d/8121	HTd/Ncbsa	06Prc
13	5	7		מִ/בַּ֣עַל	m/1171+	HR/Np	067wA
13	5	8		גָּ֔ד	1171	HNp	06mxY
13	5	9		תַּ֖חַת	8478	HR	06F8v
13	5	10		הַר	2022	HNcmsc	066CL
13	5	11		חֶרְמ֑וֹן	2768	HNp	06mjS
13	5	12		עַ֖ד	5704	HR	06dzV
13	5	13		לְב֥וֹא	935	HNp	06G8J
13	5	14		חֲמָֽת	2574	HNp	06pBn
13	6	1		כָּל	3605	HNcmsc	06Ecc
13	6	2		יֹשְׁבֵ֣י	3427	HVqrmpc	06WaP
13	6	3		הָ֠/הָר	d/2022	HTd/Ncmsa	06x2T
13	6	4		מִֽן	4480 a	HR	06HSC
13	6	5		הַ/לְּבָנ֞וֹן	d/3844	HTd/Np	06sU3
13	6	6		עַד	5704	HR	06mBa
13	6	7		מִשְׂרְפֹ֥ת	4956+	HNp	06XXV
13	6	8		מַ֨יִם֙	4956	HNp	06vSJ
13	6	9		כָּל	3605	HNcmsc	06VpS
13	6	10		צִ֣ידֹנִ֔ים	6722	HNgmpa	06hub
13	6	11		אָֽנֹכִי֙	595	HPp1cs	06NfR
13	6	12		אוֹרִישֵׁ֔/ם	3423	HVhi1cs/Sp3mp	069bN
13	6	13		מִ/פְּנֵ֖י	m/6440	HR/Ncbpc	06k15
13	6	14		בְּנֵ֣י	1121 a	HNcmpc	06UXx
13	6	15		יִשְׂרָאֵ֑ל	3478	HNp	06hup
13	6	16		רַ֠ק	7535	HTa	067an
13	6	17		הַפִּלֶ֤/הָ	5307	HVhv2ms/Sp3fs	06MJY
13	6	18		לְ/יִשְׂרָאֵל֙	l/3478	HR/Np	06yhT
13	6	19		בְּֽ/נַחֲלָ֔ה	b/5159	HR/Ncfsa	06PxD
13	6	20		כַּ/אֲשֶׁ֖ר	k/834 d	HR/Tr	06H1z
13	6	21		צִוִּיתִֽי/ךָ	6680	HVpp1cs/Sp2ms	06kYj
13	7	1		וְ/עַתָּ֗ה	c/6258	HC/D	06RHd
13	7	2		חַלֵּ֞ק	2505 a	HVpv2ms	06LYs
13	7	3		אֶת	853	HTo	065iP
13	7	4		הָ/אָ֧רֶץ	d/776	HTd/Ncbsa	06Wm3
13	7	5		הַ/זֹּ֛את	d/2063	HTd/Pdxfs	06TsQ
13	7	6		בְּ/נַחֲלָ֖ה	b/5159	HR/Ncfsa	06fuL
13	7	7		לְ/תִשְׁעַ֣ת	l/8672	HR/Acmsc	06HAP
13	7	8		הַ/שְּׁבָטִ֑ים	d/7626	HTd/Ncmpa	06jLC
13	7	9		וַ/חֲצִ֖י	c/2677	HC/Ncmsc	06adr
13	7	10		הַ/שֵּׁ֥בֶט	d/7626	HTd/Ncmsa	06f5u
13	7	11		הַֽ/מְנַשֶּֽׁה	d/4519	HTd/Np	06cU4
13	8	1		עִמּ֗/וֹ	5973 a	HR/Sp3ms	06TnS
13	8	2		הָ/רֽאוּבֵנִי֙	d/7206	HTd/Ngmsa	06odJ
13	8	3		וְ/הַ/גָּדִ֔י	c/d/1425	HC/Td/Ngmsa	06bVo
13	8	4		לָקְח֖וּ	3947	HVqp3cp	06tkF
13	8	5		נַחֲלָתָ֑/ם	5159	HNcfsc/Sp3mp	06xeK
13	8	6		אֲשֶׁר֩	834 a	HTr	067FR
13	8	7		נָתַ֨ן	5414	HVqp3ms	063fY
13	8	8		לָ/הֶ֜ם	l	HR/Sp3mp	064sy
13	8	9		מֹשֶׁ֗ה	4872	HNp	06xWC
13	8	10		בְּ/עֵ֤בֶר	b/5676	HR/Ncmsc	06Kn3
13	8	11		הַ/יַּרְדֵּן֙	d/3383	HTd/Np	06ifk
13	8	12		מִזְרָ֔חָ/ה	4217	HNcmsa/Sd	06TaB
13	8	13		כַּ/אֲשֶׁר֙	k/834 d	HR/Tr	06gyf
13	8	14		נָתַ֣ן	5414	HVqp3ms	06aga
13	8	15		לָ/הֶ֔ם	l	HR/Sp3mp	06Vy3
13	8	16		מֹשֶׁ֖ה	4872	HNp	06A9Y
13	8	17		עֶ֥בֶד	5650	HNcmsc	06D7i
13	8	18		יְהוָֽה	3068	HNp	06ing
13	9	1		מֵ/עֲרוֹעֵ֡ר	m/6177	HR/Np	06meH
13	9	2		אֲשֶׁר֩	834 a	HTr	06Do2
13	9	3		עַל	5921 a	HR	06CBX
13	9	4		שְׂפַת	8193	HNcfsc	061D5
13	9	5		נַ֨חַל	5158 a	HNcmsc	06xwi
13	9	6		אַרְנ֜וֹן	769	HNp	06SM8
13	9	7		וְ/הָ/עִ֨יר	c/d/5892 b	HC/Td/Ncfsa	06vUR
13	9	8		אֲשֶׁ֧ר	834 a	HTr	06PNk
13	9	9		בְּ/תוֹךְ	b/8432	HR/Ncmsc	06tL1
13	9	10		הַ/נַּ֛חַל	d/5158 a	HTd/Ncmsa	06jNR
13	9	11		וְ/כָל	c/3605	HC/Ncmsc	06zpg
13	9	12		הַ/מִּישֹׁ֥ר	d/4334	HTd/Ncmsa	06HB7
13	9	13		מֵידְבָ֖א	4311	HNp	06BkQ
13	9	14		עַד	5704	HR	06PD3
13	9	15		דִּיבֽוֹן	1769	HNp	06FWp
13	10	1		וְ/כֹ֗ל	c/3605	HC/Ncmsc	062oV
13	10	2		עָרֵי֙	5892 b	HNcfpc	06ghg
13	10	3		סִיחוֹן֙	5511	HNp	06x5M
13	10	4		מֶ֣לֶךְ	4428	HNcmsc	06ViT
13	10	5		הָ/אֱמֹרִ֔י	d/567	HTd/Ngmsa	06jka
13	10	6		אֲשֶׁ֥ר	834 a	HTr	06Hyg
13	10	7		מָלַ֖ךְ	4427 a	HVqp3ms	063BN
13	10	8		בְּ/חֶשְׁבּ֑וֹן	b/2809	HR/Np	06Gqg
13	10	9		עַד	5704	HR	066Rj
13	10	10		גְּב֖וּל	1366	HNcmsc	06bzr
13	10	11		בְּנֵ֥י	1121 a	HNcmpc	06nXP
13	10	12		עַמּֽוֹן	5983	HNp	06ceA
13	11	1		וְ/הַ/גִּלְעָ֞ד	c/d/1568	HC/Td/Np	06Baa
13	11	2		וּ/גְב֧וּל	c/1366	HC/Ncmsc	06rR7
13	11	3		הַ/גְּשׁוּרִ֣י	d/1651	HTd/Ngmsa	065jH
13	11	4		וְ/הַ/מַּעֲכָתִ֗י	c/d/4602	HC/Td/Ngmsa	065us
13	11	5		וְ/כֹ֨ל	c/3605	HC/Ncmsc	06Kgs
13	11	6		הַ֥ר	2022	HNcmsc	06Zij
13	11	7		חֶרְמ֛וֹן	2768	HNp	06VE6
13	11	8		וְ/כָל	c/3605	HC/Ncmsc	06iDE
13	11	9		הַ/בָּשָׁ֖ן	d/1316	HTd/Np	06dza
13	11	10		עַד	5704	HR	06FBM
13	11	11		סַלְכָֽה	5548	HNp	06RBD
13	12	1		כָּל	3605	HNcmsc	06u19
13	12	2		מַמְלְכ֥וּת	4468	HNcfsc	06cT3
13	12	3		עוֹג֙	5747	HNp	06KA6
13	12	4		בַּ/בָּשָׁ֔ן	b/1316	HRd/Np	06c6h
13	12	5		אֲשֶׁר	834 a	HTr	06oqA
13	12	6		מָלַ֥ךְ	4427 a	HVqp3ms	06FwU
13	12	7		בְּ/עַשְׁתָּר֖וֹת	b/6252	HR/Np	069Yo
13	12	8		וּ/בְ/אֶדְרֶ֑עִי	c/b/154	HC/R/Np	06jBe
13	12	9		ה֤וּא	1931	HPp3ms	06t1Z
13	12	10		נִשְׁאַר֙	7604	HVNp3ms	06hvs
13	12	11		מִ/יֶּ֣תֶר	m/3499 a	HR/Ncmsc	06J2L
13	12	12		הָ/רְפָאִ֔ים	d/7497 b	HTd/Np	06c7R
13	12	13		וַ/יַּכֵּ֥/ם	c/5221	HC/Vhw3ms/Sp3mp	06Yoy
13	12	14		מֹשֶׁ֖ה	4872	HNp	06HqH
13	12	15		וַ/יֹּרִשֵֽׁ/ם	c/3423	HC/Vhw3ms/Sp3mp	06fWw
13	13	1		וְ/לֹ֤א	c/3808	HC/Tn	06HSo
13	13	2		הוֹרִ֨ישׁוּ֙	3423	HVhp3cp	065Sv
13	13	3		בְּנֵ֣י	1121 a	HNcmpc	06jaB
13	13	4		יִשְׂרָאֵ֔ל	3478	HNp	06wNv
13	13	5		אֶת	853	HTo	06V6g
13	13	6		הַ/גְּשׁוּרִ֖י	d/1651	HTd/Ngmsa	06jfK
13	13	7		וְ/אֶת	c/853	HC/To	06yXw
13	13	8		הַ/מַּעֲכָתִ֑י	d/4602	HTd/Ngmsa	06x5y
13	13	9		וַ/יֵּ֨שֶׁב	c/3427	HC/Vqw3ms	06b7a
13	13	10		גְּשׁ֤וּר	1650	HNp	06TNv
13	13	11		וּ/מַֽעֲכָת֙	c/4601	HC/Np	06Eb5
13	13	12		בְּ/קֶ֣רֶב	b/7130	HR/Ncmsc	06hZ8
13	13	13		יִשְׂרָאֵ֔ל	3478	HNp	06iYK
13	13	14		עַ֖ד	5704	HR	06z3c
13	13	15		הַ/יּ֥וֹם	d/3117	HTd/Ncmsa	06B7n
13	13	16		הַ/זֶּֽה	d/2088	HTd/Pdxms	06C22
13	14	1		רַ֚ק	7535	HTa	06kX9
13	14	2		לְ/שֵׁ֣בֶט	l/7626	HR/Ncmsc	063n3
13	14	3		הַ/לֵּוִ֔י	d/3878	HTd/Ngmsa	06cMk
13	14	4		לֹ֥א	3808	HTn	06Jpy
13	14	5		נָתַ֖ן	5414	HVqp3ms	06Nka
13	14	6		נַחֲלָ֑ה	5159	HNcfsa	068Wu
13	14	7		אִשֵּׁ֨י	801	HNcmpc	06Jgp
13	14	8		יְהוָ֜ה	3068	HNp	06CXM
13	14	9		אֱלֹהֵ֤י	430	HNcmpc	063R8
13	14	10		יִשְׂרָאֵל֙	3478	HNp	06d1m
13	14	11		ה֣וּא	1931	HPp3ms	06EHw
13	14	12		נַחֲלָת֔/וֹ	5159	HNcfsc/Sp3ms	06hPq
13	14	13		כַּ/אֲשֶׁ֖ר	k/834 d	HR/Tr	06oBv
13	14	14		דִּבֶּר	1696	HVpp3ms	06FXM
13	14	15		לֽ/וֹ	l	HR/Sp3ms	06qQy
13	15	1		וַ/יִּתֵּ֣ן	c/5414	HC/Vqw3ms	06vXa
13	15	2		מֹשֶׁ֔ה	4872	HNp	066pa
13	15	3		לְ/מַטֵּ֥ה	l/4294	HR/Ncmsc	06XBs
13	15	4		בְנֵֽי	1121 a	HNcmpc	064Sd
13	15	5		רְאוּבֵ֖ן	7205	HNp	06ic3
13	15	6		לְ/מִשְׁפְּחֹתָֽ/ם	l/4940	HR/Ncfpc/Sp3mp	06Wo6
13	16	1		וַ/יְהִ֨י	c/1961	HC/Vqw3ms	06EGe
13	16	2		לָ/הֶ֜ם	l	HR/Sp3mp	06D3g
13	16	3		הַ/גְּב֗וּל	d/1366	HTd/Ncmsa	06ZxC
13	16	4		מֵ/עֲרוֹעֵ֡ר	m/6177	HR/Np	06ocE
13	16	5		אֲשֶׁר֩	834 a	HTr	065NY
13	16	6		עַל	5921 a	HR	06ZXC
13	16	7		שְׂפַת	8193	HNcfsc	06bW5
13	16	8		נַ֨חַל	5158 a	HNcmsc	06ahu
13	16	9		אַרְנ֜וֹן	769	HNp	06wEv
13	16	10		וְ/הָ/עִ֨יר	c/d/5892 b	HC/Td/Ncfsa	06owX
13	16	11		אֲשֶׁ֧ר	834 a	HTr	06ece
13	16	12		בְּ/תוֹךְ	b/8432	HR/Ncmsc	06cUM
13	16	13		הַ/נַּ֛חַל	d/5158 a	HTd/Ncmsa	06K7y
13	16	14		וְ/כָל	c/3605	HC/Ncmsc	06zfg
13	16	15		הַ/מִּישֹׁ֖ר	d/4334	HTd/Ncmsa	06eSi
13	16	16		עַל	5921 a	HR	06Rkx
13	16	17		מֵידְבָֽא	4311	HNp	06WU8
13	17	1		חֶשְׁבּ֥וֹן	2809	HNp	06FCx
13	17	2		וְ/כָל	c/3605	HC/Ncmsc	06zYs
13	17	3		עָרֶ֖י/הָ	5892 b	HNcfpc/Sp3fs	06t82
13	17	4		אֲשֶׁ֣ר	834 a	HTr	06Lnu
13	17	5		בַּ/מִּישֹׁ֑ר	b/4334	HRd/Ncmsa	06ko3
13	17	6		דִּיבוֹן֙	1769	HNp	06LAQ
13	17	7		וּ/בָמ֣וֹת	c/1120+	HC/Np	06kre
13	17	8		בַּ֔עַל	1120	HNp	064VQ
13	17	9		וּ/בֵ֖ית	c/1010+	HC/Np	06vXv
13	17	10		בַּ֥עַל	1010+	HNp	06aca
13	17	11		מְעֽוֹן	1010	HNp	06B8J
13	18	1		וְ/יַ֥הְצָ/ה	c/3096	HC/Np/Sd	066iZ
13	18	2		וּ/קְדֵמֹ֖ת	c/6932	HC/Np	06qCy
13	18	3		וּ/מֵפָֽעַת	c/4158	HC/Np	06jG7
13	19	1		וְ/קִרְיָתַ֣יִם	c/7156	HC/Np	06C4J
13	19	2		וְ/שִׂבְמָ֔ה	c/7643	HC/Np	06Xc8
13	19	3		וְ/צֶ֥רֶת	c/6890+	HC/Np	06q7V
13	19	4		הַשַּׁ֖חַר	6890	HNp	063hw
13	19	5		בְּ/הַ֥ר	b/2022	HR/Ncmsc	06qQm
13	19	6		הָ/עֵֽמֶק	d/6010	HTd/Ncmsa	06tA2
13	20	1		וּ/בֵ֥ית	c/1047+	HC/Np	069ZJ
13	20	2		פְּע֛וֹר	1047	HNp	068mZ
13	20	3		וְ/אַשְׁדּ֥וֹת	c/794	HC/Ncfpc	063dL
13	20	4		הַ/פִּסְגָּ֖ה	d/6449	HTd/Np	06nqx
13	20	5		וּ/בֵ֥ית	c/1020+	HC/Np	06kZH
13	20	6		הַיְשִׁמֽוֹת	1020	HNp	066Ly
13	21	1		וְ/כֹל֙	c/3605	HC/Ncmsc	06Azm
13	21	2		עָרֵ֣י	5892 b	HNcfpc	06AuX
13	21	3		הַ/מִּישֹׁ֔ר	d/4334	HTd/Ncmsa	06gS3
13	21	4		וְ/כָֽל	c/3605	HC/Ncmsc	06WLs
13	21	5		מַמְלְכ֗וּת	4468	HNcfsc	0672j
13	21	6		סִיחוֹן֙	5511	HNp	06JA8
13	21	7		מֶ֣לֶךְ	4428	HNcmsc	0633v
13	21	8		הָ/אֱמֹרִ֔י	d/567	HTd/Ngmsa	06cuG
13	21	9		אֲשֶׁ֥ר	834 a	HTr	06F8H
13	21	10		מָלַ֖ךְ	4427 a	HVqp3ms	062fZ
13	21	11		בְּ/חֶשְׁבּ֑וֹן	b/2809	HR/Np	069FM
13	21	12		אֲשֶׁר֩	834 a	HTr	069zz
13	21	13		הִכָּ֨ה	5221	HVhp3ms	068WW
13	21	14		מֹשֶׁ֜ה	4872	HNp	06Ztw
13	21	15		אֹת֣/וֹ	853	HTo/Sp3ms	06Rro
13	21	16		וְ/אֶת	c/853	HC/To	06ymu
13	21	17		נְשִׂיאֵ֣י	5387 a	HNcmpc	06RrX
13	21	18		מִדְיָ֗ן	4080	HNp	06omm
13	21	19		אֶת	853	HTo	06LfE
13	21	20		אֱוִ֤י	189	HNp	06KT7
13	21	21		וְ/אֶת	c/853	HC/To	06fGo
13	21	22		רֶ֨קֶם֙	7552	HNp	06EoR
13	21	23		וְ/אֶת	c/853	HC/To	06LQH
13	21	24		צ֤וּר	6698	HNp	06bmm
13	21	25		וְ/אֶת	c/853	HC/To	06oHh
13	21	26		חוּר֙	2354	HNp	06Wc4
13	21	27		וְ/אֶת	c/853	HC/To	06Khc
13	21	28		רֶ֔בַע	7254	HNp	06Ghm
13	21	29		נְסִיכֵ֣י	5257 b	HNcmpc	06FVs
13	21	30		סִיח֔וֹן	5511	HNp	06fZC
13	21	31		יֹשְׁבֵ֖י	3427	HVqrmpc	06jvx
13	21	32		הָ/אָֽרֶץ	d/776	HTd/Ncbsa	06qwG
13	22	1		וְ/אֶת	c/853	HC/To	06k7i
13	22	2		בִּלְעָ֥ם	1109 a	HNp	06Yp6
13	22	3		בֶּן	1121 a	HNcmsc	06VcG
13	22	4		בְּע֖וֹר	1160	HNp	06ehE
13	22	5		הַ/קּוֹסֵ֑ם	d/7080	HTd/Vqrmsa	06hvg
13	22	6		הָרְג֧וּ	2026	HVqp3cp	065Zp
13	22	7		בְנֵֽי	1121 a	HNcmpc	06Nw9
13	22	8		יִשְׂרָאֵ֛ל	3478	HNp	06MNP
13	22	9		בַּ/חֶ֖רֶב	b/2719	HRd/Ncfsa	06kig
13	22	10		אֶל	413	HR	06rHR
13	22	11		חַלְלֵי/הֶֽם	2491 a	HAampc/Sp3mp	06vq2
13	23	1		וַ/יְהִ֗י	c/1961	HC/Vqw3ms	06Exx
13	23	2		גְּבוּל֙	1366	HNcmsc	06vaE
13	23	3		בְּנֵ֣י	1121 a	HNcmpc	06H2u
13	23	4		רְאוּבֵ֔ן	7205	HNp	06iog
13	23	5		הַ/יַּרְדֵּ֖ן	d/3383	HTd/Np	06ZR9
13	23	6		וּ/גְב֑וּל	c/1366	HC/Ncmsa	06z2U
13	23	7		זֹ֣את	2063	HPdxfs	06rrY
13	23	8		נַחֲלַ֤ת	5159	HNcfsc	06bPn
13	23	9		בְּנֵֽי	1121 a	HNcmpc	06cD3
13	23	10		רְאוּבֵן֙	7205	HNp	06cLr
13	23	11		לְ/מִשְׁפְּחֹתָ֔/ם	l/4940	HR/Ncfpc/Sp3mp	06Qpi
13	23	12		הֶ/עָרִ֖ים	d/5892 b	HTd/Ncfpa	06p6Q
13	23	13		וְ/חַצְרֵי/הֶֽן	c/2691 b	HC/Ncbpc/Sp3fp	06dvn
13	24	1		וַ/יִּתֵּ֤ן	c/5414	HC/Vqw3ms	06eV2
13	24	2		מֹשֶׁה֙	4872	HNp	06Juw
13	24	3		לְ/מַטֵּה	l/4294	HR/Ncmsc	06f7A
13	24	4		גָ֔ד	1410	HNp	06nU3
13	24	5		לִ/בְנֵי	l/1121 a	HR/Ncmpc	06i3X
13	24	6		גָ֖ד	1410	HNp	06cws
13	24	7		לְ/מִשְׁפְּחֹתָֽ/ם	l/4940	HR/Ncfpc/Sp3mp	06jKx
13	25	1		וַ/יְהִ֤י	c/1961	HC/Vqw3ms	06wes
13	25	2		לָ/הֶם֙	l	HR/Sp3mp	06i2Q
13	25	3		הַ/גְּב֔וּל	d/1366	HTd/Ncmsa	06PGa
13	25	4		יַעְזֵר֙	3270	HNp	06qpS
13	25	5		וְ/כָל	c/3605	HC/Ncmsc	06TaF
13	25	6		עָרֵ֣י	5892 b	HNcfpc	06d9X
13	25	7		הַ/גִּלְעָ֔ד	d/1568	HTd/Np	06DJK
13	25	8		וַ/חֲצִ֕י	c/2677	HC/Ncmsc	06yuf
13	25	9		אֶ֖רֶץ	776	HNcbsc	06BaE
13	25	10		בְּנֵ֣י	1121 a	HNcmpc	06N7A
13	25	11		עַמּ֑וֹן	5983	HNp	069MH
13	25	12		עַד	5704	HR	06k2Q
13	25	13		עֲרוֹעֵ֕ר	6177	HNp	06Wgg
13	25	14		אֲשֶׁ֖ר	834 a	HTr	06RXq
13	25	15		עַל	5921 a	HR	06xUt
13	25	16		פְּנֵ֥י	6440	HNcbpc	06dQH
13	25	17		רַבָּֽה	7237	HNp	0653j
13	26	1		וּ/מֵ/חֶשְׁבּ֛וֹן	c/m/2809	HC/R/Np	06ubQ
13	26	2		עַד	5704	HR	06H2p
13	26	3		רָמַ֥ת	7434+	HNp	06Snw
13	26	4		הַ/מִּצְפֶּ֖ה	d/7434	HTd/Np	06RgS
13	26	5		וּ/בְטֹנִ֑ים	c/993	HC/Np	0673F
13	26	6		וּ/מִֽ/מַּחֲנַ֖יִם	c/m/4266	HC/R/Np	06vYe
13	26	7		עַד	5704	HR	06VX2
13	26	8		גְּב֥וּל	1366	HNcmsc	06nt7
13	26	9		לִדְבִֽר	1688 b	HNp	06Pk3
13	27	1		וּ/בָ/עֵ֡מֶק	c/b/6010	HC/Rd/Ncmsa	06sGy
13	27	2		בֵּ֣ית	1027+	HNp	06g9J
13	27	3		הָרָם֩	1027	HNp	06ZYF
13	27	4		וּ/בֵ֨ית	c/1039+	HC/Np	06mjh
13	27	5		נִמְרָ֜ה	1039	HNp	06ugU
13	27	6		וְ/סֻכּ֣וֹת	c/5523	HC/Np	06XTu
13	27	7		וְ/צָפ֗וֹן	c/6829	HC/Np	06aA5
13	27	8		יֶ֚תֶר	3499 a	HNcmsc	066n5
13	27	9		מַמְלְכ֗וּת	4468	HNcfsc	06bTj
13	27	10		סִיחוֹן֙	5511	HNp	06HCK
13	27	11		מֶ֣לֶךְ	4428	HNcmsc	06ixD
13	27	12		חֶשְׁבּ֔וֹן	2809	HNp	06DL7
13	27	13		הַ/יַּרְדֵּ֖ן	d/3383	HTd/Np	06Dmt
13	27	14		וּ/גְבֻ֑ל	c/1366	HC/Ncmsa	06EEj
13	27	15		עַד	5704	HR	06NKN
13	27	16		קְצֵה֙	7097 a	HNcbsc	063zR
13	27	17		יָם	3220	HNcmsc	06Bet
13	27	18		כִּנֶּ֔רֶת	3672	HNp	06FJy
13	27	19		עֵ֥בֶר	5676	HNcmsc	068Bw
13	27	20		הַ/יַּרְדֵּ֖ן	d/3383	HTd/Np	06kHD
13	27	21		מִזְרָֽחָ/ה	4217	HNcmsa/Sd	06AAn
13	28	1		זֹ֛את	2063	HPdxfs	06cJF
13	28	2		נַחֲלַ֥ת	5159	HNcfsc	06mxn
13	28	3		בְּנֵי	1121 a	HNcmpc	06SYo
13	28	4		גָ֖ד	1410	HNp	06caP
13	28	5		לְ/מִשְׁפְּחֹתָ֑/ם	l/4940	HR/Ncfpc/Sp3mp	06PX1
13	28	6		הֶ/עָרִ֖ים	d/5892 b	HTd/Ncfpa	06fnW
13	28	7		וְ/חַצְרֵי/הֶֽם	c/2691 b	HC/Ncbpc/Sp3mp	06nre
13	29	1		וַ/יִּתֵּ֣ן	c/5414	HC/Vqw3ms	061gq
13	29	2		מֹשֶׁ֔ה	4872	HNp	06DYk
13	29	3		לַ/חֲצִ֖י	l/2677	HR/Ncmsc	06Xfy
13	29	4		שֵׁ֣בֶט	7626	HNcmsc	06RES
13	29	5		מְנַשֶּׁ֑ה	4519	HNp	06D4F
13	29	6		וַ/יְהִ֗י	c/1961	HC/Vqw3ms	06mUK
13	29	7		לַ/חֲצִ֛י	l/2677	HR/Ncmsc	06bdm
13	29	8		מַטֵּ֥ה	4294	HNcmsc	06qiM
13	29	9		בְנֵֽי	1121 a	HNcmpc	06gyj
13	29	10		מְנַשֶּׁ֖ה	4519	HNp	06sDg
13	29	11		לְ/מִשְׁפְּחוֹתָֽ/ם	l/4940	HR/Ncfpc/Sp3mp	06cHs
13	30	1		וַ/יְהִ֣י	c/1961	HC/Vqw3ms	06qfb
13	30	2		גְבוּלָ֗/ם	1366	HNcmsc/Sp3mp	06mjr
13	30	3		מִ/מַּחֲנַ֨יִם	m/4266	HR/Np	066PC
13	30	4		כָּֽל	3605	HNcmsc	06CsK
13	30	5		הַ/בָּשָׁ֜ן	d/1316	HTd/Np	06Nr9
13	30	6		כָּֽל	3605	HNcmsc	06Njp
13	30	7		מַמְלְכ֣וּת	4468	HNcfsc	06U8E
13	30	8		ע֣וֹג	5747	HNp	06ov7
13	30	9		מֶֽלֶךְ	4428	HNcmsc	06mps
13	30	10		הַ/בָּשָׁ֗ן	d/1316	HTd/Np	06Wm8
13	30	11		וְ/כָל	c/3605	HC/Ncmsc	06Xgr
13	30	12		חַוֺּ֥ת	2333	HNcfpc	06a9y
13	30	13		יָאִ֛יר	2971	HNp	06am8
13	30	14		אֲשֶׁ֥ר	834 a	HTr	06CQM
13	30	15		בַּ/בָּשָׁ֖ן	b/1316	HRd/Np	06MHE
13	30	16		שִׁשִּׁ֥ים	8346	HAcbpa	06c8L
13	30	17		עִֽיר	5892 b	HNcfsa	06EeM
13	31	1		וַ/חֲצִ֤י	c/2677	HC/Ncmsc	06hEP
13	31	2		הַ/גִּלְעָד֙	d/1568	HTd/Np	062mG
13	31	3		וְ/עַשְׁתָּר֣וֹת	c/6252	HC/Np	06wzt
13	31	4		וְ/אֶדְרֶ֔עִי	c/154	HC/Np	06ApD
13	31	5		עָרֵ֛י	5892 b	HNcfpc	06NDi
13	31	6		מַמְלְכ֥וּת	4468	HNcfsc	06UJ3
13	31	7		ע֖וֹג	5747	HNp	061ZR
13	31	8		בַּ/בָּשָׁ֑ן	b/1316	HRd/Np	06iDJ
13	31	9		לִ/בְנֵ֤י	l/1121 a	HR/Ncmpc	06yW9
13	31	10		מָכִיר֙	4353	HNp	06Cwi
13	31	11		בֶּן	1121 a	HNcmsc	06SkB
13	31	12		מְנַשֶּׁ֔ה	4519	HNp	06Y5x
13	31	13		לַ/חֲצִ֥י	l/2677	HR/Ncmsc	06fJm
13	31	14		בְנֵֽי	1121 a	HNcmpc	06W9C
13	31	15		מָכִ֖יר	4353	HNp	06QFL
13	31	16		לְ/מִשְׁפְּחוֹתָֽ/ם	l/4940	HR/Ncfpc/Sp3mp	06nWY
13	32	1		אֵ֕לֶּה	428	HPdxcp	06HDj
13	32	2		אֲשֶׁר	834 a	HTr	062um
13	32	3		נִחַ֥ל	5157	HVpp3ms	06vdB
13	32	4		מֹשֶׁ֖ה	4872	HNp	061vw
13	32	5		בְּ/עַֽרְב֣וֹת	b/6160	HR/Ncfpc	06khp
13	32	6		מוֹאָ֑ב	4124	HNp	069T8
13	32	7		מֵ/עֵ֛בֶר	m/5676	HR/Ncmsa	06Sk2
13	32	8		לְ/יַרְדֵּ֥ן	l/3383	HR/Np	06RFY
13	32	9		יְרִיח֖וֹ	3405	HNp	063DM
13	32	10		מִזְרָֽחָ/ה	4217	HNcmsa/Sd	06xjx
13	33	1		וּ/לְ/שֵׁ֨בֶט֙	c/l/7626	HC/R/Ncmsc	06XTG
13	33	2		הַ/לֵּוִ֔י	d/3878	HTd/Ngmsa	06gmz
13	33	3		לֹֽא	3808	HTn	06bsU
13	33	4		נָתַ֥ן	5414	HVqp3ms	06KEw
13	33	5		מֹשֶׁ֖ה	4872	HNp	066nN
13	33	6		נַחֲלָ֑ה	5159	HNcfsa	06rRm
13	33	7		יְהוָ֞ה	3068	HNp	06Hkb
13	33	8		אֱלֹהֵ֤י	430	HNcmpc	06o2L
13	33	9		יִשְׂרָאֵל֙	3478	HNp	06eif
13	33	10		ה֣וּא	1931	HPp3ms	06cpk
13	33	11		נַחֲלָתָ֔/ם	5159	HNcfsc/Sp3mp	06mqu
13	33	12		כַּ/אֲשֶׁ֖ר	k/834 d	HR/Tr	06vky
13	33	13		דִּבֶּ֥ר	1696	HVpp3ms	06b22
13	33	14		לָ/הֶֽם	l	HR/Sp3mp	06y1q
14	1	1		וְ/אֵ֛לֶּה	c/428	HC/Pdxcp	06XBR
14	1	2		אֲשֶׁר	834 a	HTr	06RKz
14	1	3		נָחֲל֥וּ	5157	HVqp3cp	065Qt
14	1	4		בְנֵֽי	1121 a	HNcmpc	06HJA
14	1	5		יִשְׂרָאֵ֖ל	3478	HNp	06ixu
14	1	6		בְּ/אֶ֣רֶץ	b/776	HR/Ncbsc	06mUN
14	1	7		כְּנָ֑עַן	3667 a	HNp	06pZF
14	1	8		אֲשֶׁ֨ר	834 a	HTr	06q4S
14	1	9		נִֽחֲל֜וּ	5157	HVpp3cp	06rMH
14	1	10		אוֹתָ֗/ם	853	HTo/Sp3mp	06GcS
14	1	11		אֶלְעָזָ֤ר	499	HNp	06VEY
14	1	12		הַ/כֹּהֵן֙	d/3548	HTd/Ncmsa	06neC
14	1	13		וִ/יהוֹשֻׁ֣עַ	c/3091	HC/Np	064J2
14	1	14		בִּן	1121 a	HNcmsc	0658T
14	1	15		נ֔וּן	5126	HNp	06jfT
14	1	16		וְ/רָאשֵׁ֛י	c/7218 a	HC/Ncmpc	06Dvx
14	1	17		אֲב֥וֹת	1	HNcmpc	06rfH
14	1	18		הַ/מַּטּ֖וֹת	d/4294	HTd/Ncmpa	06VZS
14	1	19		לִ/בְנֵ֥י	l/1121 a	HR/Ncmpc	06Dd4
14	1	20		יִשְׂרָאֵֽל	3478	HNp	06sUM
14	2	1		בְּ/גוֹרַ֖ל	b/1486	HR/Ncmsc	067mw
14	2	2		נַחֲלָתָ֑/ם	5159	HNcfsc/Sp3mp	06kxi
14	2	3		כַּ/אֲשֶׁ֨ר	k/834 d	HR/Tr	06Zo4
14	2	4		צִוָּ֤ה	6680	HVpp3ms	06Ps1
14	2	5		יְהוָה֙	3068	HNp	06x3o
14	2	6		בְּ/יַד	b/3027	HR/Ncbsc	06GdL
14	2	7		מֹשֶׁ֔ה	4872	HNp	06ikj
14	2	8		לְ/תִשְׁעַ֥ת	l/8672	HR/Acmsc	06Yxf
14	2	9		הַ/מַּטּ֖וֹת	d/4294	HTd/Ncmpa	06Jji
14	2	10		וַ/חֲצִ֥י	c/2677	HC/Ncmsc	06vF1
14	2	11		הַ/מַּטֶּֽה	d/4294	HTd/Ncmsa	06baH
14	3	1		כִּֽי	3588 a	HC	06DYG
14	3	2		נָתַ֨ן	5414	HVqp3ms	06wMm
14	3	3		מֹשֶׁ֜ה	4872	HNp	066Bv
14	3	4		נַחֲלַ֨ת	5159	HNcfsc	06GsM
14	3	5		שְׁנֵ֤י	8147	HAcmdc	06asE
14	3	6		הַ/מַּטּוֹת֙	d/4294	HTd/Ncmpa	06ZC1
14	3	7		וַ/חֲצִ֣י	c/2677	HC/Ncmsc	06QkY
14	3	8		הַ/מַּטֶּ֔ה	d/4294	HTd/Ncmsa	06ViX
14	3	9		מֵ/עֵ֖בֶר	m/5676	HR/Ncmsa	06uKa
14	3	10		לַ/יַּרְדֵּ֑ן	l/3383	HRd/Np	063zX
14	3	11		וְ/לַ֨/לְוִיִּ֔ם	c/l/3881	HC/Rd/Ngmpa	06H8Z
14	3	12		לֹֽא	3808	HTn	06tg6
14	3	13		נָתַ֥ן	5414	HVqp3ms	069wB
14	3	14		נַחֲלָ֖ה	5159	HNcfsa	06i2Y
14	3	15		בְּ/תוֹכָֽ/ם	b/8432	HR/Ncmsc/Sp3mp	06JU3
14	4	1		כִּֽי	3588 a	HC	06gmt
14	4	2		הָי֧וּ	1961	HVqp3cp	06jqR
14	4	3		בְנֵֽי	1121 a	HNcmpc	06rFY
14	4	4		יוֹסֵ֛ף	3130	HNp	06zTW
14	4	5		שְׁנֵ֥י	8147	HAcmdc	0618W
14	4	6		מַטּ֖וֹת	4294	HNcmpa	068Ad
14	4	7		מְנַשֶּׁ֣ה	4519	HNp	06RQy
14	4	8		וְ/אֶפְרָ֑יִם	c/669	HC/Np	06exE
14	4	9		וְ/לֹֽא	c/3808	HC/Tn	06kDB
14	4	10		נָתְנוּ֩	5414	HVqp3cp	06c5h
14	4	11		חֵ֨לֶק	2506 a	HNcmsa	06MWC
14	4	12		לַ/לְוִיִּ֜ם	l/3881	HRd/Ngmpa	064HD
14	4	13		בָּ/אָ֗רֶץ	b/776	HRd/Ncbsa	06NTC
14	4	14		כִּ֤י	3588 b	HC	06SsZ
14	4	15		אִם	518 b	HC	06gHx
14	4	16		עָרִים֙	5892 b	HNcfpa	069Gq
14	4	17		לָ/שֶׁ֔בֶת	l/3427	HR/Vqc	06z1r
14	4	18		וּ/מִ֨גְרְשֵׁי/הֶ֔ם	c/4054	HC/Ncmpc/Sp3mp	06qiE
14	4	19		לְ/מִקְנֵי/הֶ֖ם	l/4735	HR/Ncmpc/Sp3mp	06Pbx
14	4	20		וּ/לְ/קִנְיָנָֽ/ם	c/l/7075	HC/R/Ncmsc/Sp3mp	06iu9
14	5	1		כַּ/אֲשֶׁ֨ר	k/834 d	HR/Tr	06v6K
14	5	2		צִוָּ֤ה	6680	HVpp3ms	06Zfe
14	5	3		יְהוָה֙	3068	HNp	06XqJ
14	5	4		אֶת	853	HTo	06zba
14	5	5		מֹשֶׁ֔ה	4872	HNp	06bCg
14	5	6		כֵּ֥ן	3651 c	HTm	06rcS
14	5	7		עָשׂ֖וּ	6213 a	HVqp3cp	06kPb
14	5	8		בְּנֵ֣י	1121 a	HNcmpc	06jmq
14	5	9		יִשְׂרָאֵ֑ל	3478	HNp	06L8L
14	5	10		וַֽ/יַּחְלְק֖וּ	c/2505 a	HC/Vqw3mp	06Qdn
14	5	11		אֶת	853	HTo	06zXy
14	5	12		הָ/אָֽרֶץ	d/776	HTd/Ncbsa	06BE6
14	6	1		וַ/יִּגְּשׁ֨וּ	c/5066	HC/Vqw3mp	064Hh
14	6	2		בְנֵֽי	1121 a	HNcmpc	06wqg
14	6	3		יְהוּדָ֤ה	3063	HNp	06wyc
14	6	4		אֶל	413	HR	06wXU
14	6	5		יְהוֹשֻׁ֨עַ֙	3091	HNp	06Kzw
14	6	6		בַּ/גִּלְגָּ֔ל	b/1537	HRd/Np	06RDi
14	6	7		וַ/יֹּ֣אמֶר	c/559	HC/Vqw3ms	06t9h
14	6	8		אֵלָ֔י/ו	413	HR/Sp3ms	06VYa
14	6	9		כָּלֵ֥ב	3612	HNp	06TZK
14	6	10		בֶּן	1121 a	HNcmsc	069yY
14	6	11		יְפֻנֶּ֖ה	3312	HNp	06yyS
14	6	12		הַ/קְּנִזִּ֑י	d/7074	HTd/Ngmsa	06i6F
14	6	13		אַתָּ֣ה	859 a	HPp2ms	06gag
14	6	14		יָדַ֡עְתָּ	3045	HVqp2ms	06ocU
14	6	15		אֶֽת	853	HTo	06E6L
14	6	16		הַ/דָּבָר֩	d/1697	HTd/Ncmsa	06nAX
14	6	17		אֲשֶׁר	834 a	HTr	068Kr
14	6	18		דִּבֶּ֨ר	1696	HVpp3ms	0698g
14	6	19		יְהוָ֜ה	3068	HNp	06QQU
14	6	20		אֶל	413	HR	06dJi
14	6	21		מֹשֶׁ֣ה	4872	HNp	06G5x
14	6	22		אִישׁ	376	HNcmsc	065MG
14	6	23		הָ/אֱלֹהִ֗ים	d/430	HTd/Ncmpa	06BCd
14	6	24		עַ֧ל	5921 a	HR	06WHx
14	6	25		אֹדוֹתַ֛/י	182	HNcfpc/Sp1cs	06E2T
14	6	26		וְ/עַ֥ל	c/5921 a	HC/R	06C8V
14	6	27		אֹדוֹתֶ֖י/ךָ	182	HNcfpc/Sp2ms	06Cn5
14	6	28		בְּ/קָדֵ֥שׁ	b/6947+	HR/Np	06wzb
14	6	29		בַּרְנֵֽעַ	6947	HNp	06Mdh
14	7	1		בֶּן	1121 a	HNcmsc	06TmA
14	7	2		אַרְבָּעִ֨ים	705	HAcbpa	062ni
14	7	3		שָׁנָ֜ה	8141	HNcfsa	06yrG
14	7	4		אָנֹכִ֗י	595	HPp1cs	06cnY
14	7	5		בִּ֠/שְׁלֹחַ	b/7971	HR/Vqc	06B32
14	7	6		מֹשֶׁ֨ה	4872	HNp	06mFz
14	7	7		עֶֽבֶד	5650	HNcmsc	06AU3
14	7	8		יְהוָ֥ה	3068	HNp	06Ljo
14	7	9		אֹתִ֛/י	853	HTo/Sp1cs	06zHu
14	7	10		מִ/קָּדֵ֥שׁ	m/6947+	HR/Np	06EH3
14	7	11		בַּרְנֵ֖עַ	6947	HNp	06APw
14	7	12		לְ/רַגֵּ֣ל	l/7270	HR/Vpc	064ud
14	7	13		אֶת	853	HTo	06oke
14	7	14		הָ/אָ֑רֶץ	d/776	HTd/Ncbsa	06Wom
14	7	15		וָ/אָשֵׁ֤ב	c/7725	HC/Vhw1cs	06K1g
14	7	16		אֹת/וֹ֙	853	HTo/Sp3ms	06q4F
14	7	17		דָּבָ֔ר	1697	HNcmsa	06sh2
14	7	18		כַּ/אֲשֶׁ֖ר	k/834 d	HR/Tr	06A1q
14	7	19		עִם	5973 a	HR	067mG
14	7	20		לְבָבִֽ/י	3824	HNcmsc/Sp1cs	065fE
14	8	1		וְ/אַחַ/י֙	c/251	HC/Ncmpc/Sp1cs	06JNN
14	8	2		אֲשֶׁ֣ר	834 a	HTr	06TRZ
14	8	3		עָל֣וּ	5927	HVqp3cp	06c1k
14	8	4		עִמִּ֔/י	5973 a	HR/Sp1cs	06KKG
14	8	5		הִמְסִ֖יו	4529	HVhp3cp	0631M
14	8	6		אֶת	853	HTo	06PE3
14	8	7		לֵ֣ב	3820 a	HNcmsc	066Da
14	8	8		הָ/עָ֑ם	d/5971 a	HTd/Ncmsa	06C4U
14	8	9		וְ/אָנֹכִ֣י	c/595	HC/Pp1cs	06VPw
14	8	10		מִלֵּ֔אתִי	4390	HVpp1cs	06kTf
14	8	11		אַחֲרֵ֖י	310 a	HR	06tqR
14	8	12		יְהוָ֥ה	3068	HNp	06jzx
14	8	13		אֱלֹהָֽ/י	430	HNcmpc/Sp1cs	06qj6
14	9	1		וַ/יִּשָּׁבַ֣ע	c/7650	HC/VNw3ms	06pus
14	9	2		מֹשֶׁ֗ה	4872	HNp	06Z5a
14	9	3		בַּ/יּ֣וֹם	b/3117	HRd/Ncmsa	06N2d
14	9	4		הַ/הוּא֮	d/1931	HTd/Pp3ms	06fmp
14	9	5		לֵ/אמֹר֒	l/559	HR/Vqc	06zva
14	9	6		אִם	518 a	HC	06dUC
14	9	7		לֹ֗א	3808	HTn	06NuL
14	9	8		הָ/אָ֨רֶץ֙	d/776	HTd/Ncbsa	06f26
14	9	9		אֲשֶׁ֨ר	834 a	HTr	063cG
14	9	10		דָּרְכָ֤ה	1869	HVqp3fs	06DF8
14	9	11		רַגְלְ/ךָ֙	7272	HNcfsc/Sp2ms	06Ao5
14	9	12		בָּ֔/הּ	b	HR/Sp3fs	06kni
14	9	13		לְ/ךָ֨	l	HR/Sp2ms	06yRm
14	9	14		תִֽהְיֶ֧ה	1961	HVqi3fs	068gB
14	9	15		לְ/נַחֲלָ֛ה	l/5159	HR/Ncfsa	06oEM
14	9	16		וּ/לְ/בָנֶ֖י/ךָ	c/l/1121 a	HC/R/Ncmpc/Sp2ms	06p3B
14	9	17		עַד	5704	HR	06FcZ
14	9	18		עוֹלָ֑ם	5769	HNcmsa	06WG5
14	9	19		כִּ֣י	3588 a	HC	06FnR
14	9	20		מִלֵּ֔אתָ	4390	HVpp2ms	06zxj
14	9	21		אַחֲרֵ֖י	310 a	HR	06jnw
14	9	22		יְהוָ֥ה	3068	HNp	06UjJ
14	9	23		אֱלֹהָֽ/י	430	HNcmpc/Sp1cs	06wmR
14	10	1		וְ/עַתָּ֗ה	c/6258	HC/D	06Xsc
14	10	2		הִנֵּה֩	2009	HTm	06qCb
14	10	3		הֶחֱיָ֨ה	2421	HVhp3ms	06rDe
14	10	4		יְהוָ֣ה	3068	HNp	06LQN
14	10	5		אוֹתִ/י֮	853	HTo/Sp1cs	06gWC
14	10	6		כַּ/אֲשֶׁ֣ר	k/834 d	HR/Tr	06c6U
14	10	7		דִּבֵּר֒	1696	HVpp3ms	06PAw
14	10	8		זֶה֩	2088	HPdxms	06hXi
14	10	9		אַרְבָּעִ֨ים	705	HAcbpa	06jjb
14	10	10		וְ/חָמֵ֜שׁ	c/2568	HC/Acfsa	06gpQ
14	10	11		שָׁנָ֗ה	8141	HNcfsa	06EiV
14	10	12		מֵ֠/אָז	m/227 b	HR/D	06dY1
14	10	13		דִּבֶּ֨ר	1696	HVpp3ms	06iDg
14	10	14		יְהוָ֜ה	3068	HNp	06dB9
14	10	15		אֶת	853	HTo	06CcA
14	10	16		הַ/דָּבָ֤ר	d/1697	HTd/Ncmsa	06R2m
14	10	17		הַ/זֶּה֙	d/2088	HTd/Pdxms	06ryM
14	10	18		אֶל	413	HR	06evQ
14	10	19		מֹשֶׁ֔ה	4872	HNp	06jkP
14	10	20		אֲשֶׁר	834 a	HTr	06NA8
14	10	21		הָלַ֥ךְ	1980	HVqp3ms	06Zrf
14	10	22		יִשְׂרָאֵ֖ל	3478	HNp	06cEv
14	10	23		בַּ/מִּדְבָּ֑ר	b/4057 b	HRd/Ncmsa	06KV2
14	10	24		וְ/עַתָּה֙	c/6258	HC/D	06c59
14	10	25		הִנֵּ֣ה	2009	HTm	06d4U
14	10	26		אָנֹכִ֣י	595	HPp1cs	06nLr
14	10	27		הַ/יּ֔וֹם	d/3117	HTd/Ncmsa	06Qb5
14	10	28		בֶּן	1121 a	HNcmsc	06tTy
14	10	29		חָמֵ֥שׁ	2568	HAcfsa	06T78
14	10	30		וּ/שְׁמוֹנִ֖ים	c/8084	HC/Acbpa	06q8b
14	10	31		שָׁנָֽה	8141	HNcfsa	06ehU
14	11	1		עוֹדֶ֨/נִּי	5750	HD/Sp1cs	066io
14	11	2		הַ/יּ֜וֹם	d/3117	HTd/Ncmsa	06WEE
14	11	3		חָזָ֗ק	2389	HAamsa	06dDG
14	11	4		כַּֽ/אֲשֶׁר֙	k/834 d	HR/Tr	06iLp
14	11	5		בְּ/י֨וֹם	b/3117	HR/Ncmsc	06HkZ
14	11	6		שְׁלֹ֤חַ	7971	HVqc	06RLR
14	11	7		אוֹתִ/י֙	853	HTo/Sp1cs	06nDg
14	11	8		מֹשֶׁ֔ה	4872	HNp	06A6M
14	11	9		כְּ/כֹ֥חִ/י	k/3581 b	HR/Ncmsc/Sp1cs	06RP4
14	11	10		אָ֖ז	227 a	HD	06D9w
14	11	11		וּ/כְ/כֹ֣חִ/י	c/k/3581 b	HC/R/Ncmsc/Sp1cs	06TJQ
14	11	12		עָ֑תָּה	6258	HD	066yq
14	11	13		לַ/מִּלְחָמָ֖ה	l/4421	HRd/Ncfsa	06Kqr
14	11	14		וְ/לָ/צֵ֥את	c/l/3318	HC/R/Vqc	06248
14	11	15		וְ/לָ/בֽוֹא	c/l/935	HC/R/Vqc	065vz
14	12	1		וְ/עַתָּ֗ה	c/6258	HC/D	06cN2
14	12	2		תְּנָ/ה	5414	HVqv2ms/Sh	062jd
14	12	3		לִּ/י֙	l	HR/Sp1cs	06K5Z
14	12	4		אֶת	853	HTo	06n6n
14	12	5		הָ/הָ֣ר	d/2022	HTd/Ncmsa	06T41
14	12	6		הַ/זֶּ֔ה	d/2088	HTd/Pdxms	06Bjn
14	12	7		אֲשֶׁר	834 a	HTr	0699z
14	12	8		דִּבֶּ֥ר	1696	HVpp3ms	06zYd
14	12	9		יְהוָ֖ה	3068	HNp	06scM
14	12	10		בַּ/יּ֣וֹם	b/3117	HRd/Ncmsa	06cPY
14	12	11		הַ/ה֑וּא	d/1931	HTd/Pp3ms	06juj
14	12	12		כִּ֣י	3588 a	HC	06pkn
14	12	13		אַתָּֽה	859 a	HPp2ms	06dgR
14	12	14		שָׁמַעְתָּ֩	8085	HVqp2ms	06uxz
14	12	15		בַ/יּ֨וֹם	b/3117	HRd/Ncmsa	06Mge
14	12	16		הַ/ה֜וּא	d/1931	HTd/Pp3ms	06Ymi
14	12	17		כִּֽי	3588 a	HC	06h2b
14	12	18		עֲנָקִ֣ים	6062	HNcmpa	06E7Q
14	12	19		שָׁ֗ם	8033	HD	06g5W
14	12	20		וְ/עָרִים֙	c/5892 b	HC/Ncfpa	066FM
14	12	21		גְּדֹל֣וֹת	1419 a	HAafpa	065yw
14	12	22		בְּצֻר֔וֹת	1219	HAafpa	06YRc
14	12	23		אוּלַ֨י	194	HD	06zfB
14	12	24		יְהוָ֤ה	3068	HNp	06jg4
14	12	25		אוֹתִ/י֙	854	HR/Sp1cs	061yU
14	12	26		וְ/ה֣וֹרַשְׁתִּ֔י/ם	c/3423	HC/Vhq1cs/Sp3mp	063fd
14	12	27		כַּ/אֲשֶׁ֖ר	k/834 d	HR/Tr	06CvK
14	12	28		דִּבֶּ֥ר	1696	HVpp3ms	06Vio
14	12	29		יְהוָֽה	3068	HNp	06pZB
14	13	1		וַֽ/יְבָרְכֵ֖/הוּ	c/1288	HC/Vpw3ms/Sp3ms	06S2M
14	13	2		יְהוֹשֻׁ֑עַ	3091	HNp	06eZE
14	13	3		וַ/יִּתֵּ֧ן	c/5414	HC/Vqw3ms	06W4S
14	13	4		אֶת	853	HTo	06Gbr
14	13	5		חֶבְר֛וֹן	2275 a	HNp	06v99
14	13	6		לְ/כָלֵ֥ב	l/3612	HR/Np	06djw
14	13	7		בֶּן	1121 a	HNcmsc	06cqT
14	13	8		יְפֻנֶּ֖ה	3312	HNp	06pWC
14	13	9		לְ/נַחֲלָֽה	l/5159	HR/Ncfsa	06RLz
14	14	1		עַל	5921 a	HR	06YXn
14	14	2		כֵּ֣ן	3651 c	HTm	06XT1
14	14	3		הָיְתָֽה	1961	HVqp3fs	063Mm
14	14	4		חֶ֠בְרוֹן	2275 a	HNp	06zXt
14	14	5		לְ/כָלֵ֨ב	l/3612	HR/Np	0667g
14	14	6		בֶּן	1121 a	HNcmsc	06C2M
14	14	7		יְפֻנֶּ֤ה	3312	HNp	06Nec
14	14	8		הַ/קְּנִזִּי֙	d/7074	HTd/Ngmsa	0645R
14	14	9		לְֽ/נַחֲלָ֔ה	l/5159	HR/Ncfsa	06SEN
14	14	10		עַ֖ד	5704	HR	06JQg
14	14	11		הַ/יּ֣וֹם	d/3117	HTd/Ncmsa	06TGg
14	14	12		הַ/זֶּ֑ה	d/2088	HTd/Pdxms	06HrY
14	14	13		יַ֚עַן	3282	HC	068tv
14	14	14		אֲשֶׁ֣ר	834 a	HTr	063zJ
14	14	15		מִלֵּ֔א	4390	HVpp3ms	06odd
14	14	16		אַחֲרֵ֕י	310 a	HR	06eJm
14	14	17		יְהוָ֖ה	3068	HNp	06t8y
14	14	18		אֱלֹהֵ֥י	430	HNcmpc	067q4
14	14	19		יִשְׂרָאֵֽל	3478	HNp	06c2v
14	15	1		וְ/שֵׁ֨ם	c/8034	HC/Ncmsc	06gth
14	15	2		חֶבְר֤וֹן	2275 a	HNp	06qe3
14	15	3		לְ/פָנִים֙	l/6440	HR/Ncbpa	06vvb
14	15	4		קִרְיַ֣ת	7153+	HNp	06HZL
14	15	5		אַרְבַּ֔ע	7153	HAcfsa	06JP4
14	15	6		הָ/אָדָ֧ם	d/120	HTd/Ncmsa	06Lke
14	15	7		הַ/גָּד֛וֹל	d/1419 a	HTd/Aamsa	06udG
14	15	8		בָּ/עֲנָקִ֖ים	b/6062	HRd/Ngmpa	06xji
14	15	9		ה֑וּא	1931	HPp3ms	06AfZ
14	15	10		וְ/הָ/אָ֥רֶץ	c/d/776	HC/Td/Ncbsa	06MKo
14	15	11		שָׁקְטָ֖ה	8252	HVqp3fs	061BC
14	15	12		מִ/מִּלְחָמָֽה	m/4421	HR/Ncfsa	06wuh
15	1	1		וַ/יְהִ֣י	c/1961	HC/Vqw3ms	06jPW
15	1	2		הַ/גּוֹרָ֗ל	d/1486	HTd/Ncmsa	06aG2
15	1	3		לְ/מַטֵּ֛ה	l/4294	HR/Ncmsc	06r8i
15	1	4		בְּנֵ֥י	1121 a	HNcmpc	06QpT
15	1	5		יְהוּדָ֖ה	3063	HNp	06TzY
15	1	6		לְ/מִשְׁפְּחֹתָ֑/ם	l/4940	HR/Ncfpc/Sp3mp	06XbD
15	1	7		אֶל	413	HR	06gh4
15	1	8		גְּב֨וּל	1366	HNcmsc	065ho
15	1	9		אֱד֧וֹם	123	HNp	06FP9
15	1	10		מִדְבַּר	4057 b	HNcmsc	067DJ
15	1	11		צִ֛ן	6790	HNp	06Wku
15	1	12		נֶ֖גְבָּ/ה	5045	HNcmsa/Sd	065xN
15	1	13		מִ/קְצֵ֥ה	m/7097 a	HR/Ncbsc	06wtE
15	1	14		תֵימָֽן	8486	HNcfsa	06g1M
15	2	1		וַ/יְהִ֤י	c/1961	HC/Vqw3ms	06Ja2
15	2	2		לָ/הֶם֙	l	HR/Sp3mp	06sUc
15	2	3		גְּב֣וּל	1366	HNcmsc	06SSP
15	2	4		נֶ֔גֶב	5045	HNcmsa	06XF1
15	2	5		מִ/קְצֵ֖ה	m/7097 a	HR/Ncbsc	06Mig
15	2	6		יָ֣ם	3220	HNcmsc	06HwW
15	2	7		הַ/מֶּ֑לַח	d/4417	HTd/Ncmsa	06YeZ
15	2	8		מִן	4480 a	HR	06fwr
15	2	9		הַ/לָּשֹׁ֖ן	d/3956	HTd/Ncbsa	06suC
15	2	10		הַ/פֹּנֶ֥ה	d/6437	HTd/Vqrmsa	06Px1
15	2	11		נֶֽגְבָּ/ה	5045	HNcmsa/Sd	06AYP
15	3	1		וְ֠/יָצָא	c/3318	HC/Vqp3ms	06DRn
15	3	2		אֶל	413	HR	06eu8
15	3	3		מִ/נֶּ֜גֶב	m/5045	HR/Ncmsa	06Gvf
15	3	4		לְ/מַעֲלֵ֤ה	l/4610+	HR/Ncmsc	06rUH
15	3	5		עַקְרַבִּים֙	4610	HNp	06Ndd
15	3	6		וְ/עָ֣בַר	c/5674 a	HC/Vqp3ms	06AS3
15	3	7		צִ֔נָ/ה	6790	HNp/Sd	06NNB
15	3	8		וְ/עָלָ֥ה	c/5927	HC/Vqp3ms	06ooW
15	3	9		מִ/נֶּ֖גֶב	m/5045	HR/Ncmsa	0644e
15	3	10		לְ/קָדֵ֣שׁ	l/6947+	HR/Np	061ML
15	3	11		בַּרְנֵ֑עַ	6947	HNp	06Lr5
15	3	12		וְ/עָבַ֤ר	c/5674 a	HC/Vqp3ms	06V22
15	3	13		חֶצְרוֹן֙	2696	HNp	06aa5
15	3	14		וְ/עָלָ֣ה	c/5927	HC/Vqp3ms	06Pbw
15	3	15		אַדָּ֔רָ/ה	146	HNp/Sd	065M6
15	3	16		וְ/נָסַ֖ב	c/5437	HC/VNp3ms	06Fdk
15	3	17		הַ/קַּרְקָֽעָ/ה	d/7173	HTd/Np/Sd	06Pwi
15	4	1		וְ/עָבַ֣ר	c/5674 a	HC/Vqp3ms	06kSx
15	4	2		עַצְמ֗וֹנָ/ה	6111	HNp/Sd	06488
15	4	3		וְ/יָצָא֙	c/3318	HC/Vqp3ms	06Mix
15	4	4		נַ֣חַל	5158 a	HNcmsc	06Nt6
15	4	5		מִצְרַ֔יִם	4714	HNp	06JC3
15	4	6	x-ketiv	ו/היה	c/1961	HC/Vqp3ms	06ieh
15	4	7		וְ/הָי֛וּ	c/1961	HC/Vqp3cp	06ASQ
15	4	8		תֹּצְא֥וֹת	8444	HNcfpc	06NoG
15	4	9		הַ/גְּב֖וּל	d/1366	HTd/Ncmsa	06CEp
15	4	10		יָ֑מָּ/ה	3220	HNcmsa/Sd	06ngB
15	4	11		זֶה	2088	HPdxms	06yLn
15	4	12		יִהְיֶ֥ה	1961	HVqi3ms	06akE
15	4	13		לָ/כֶ֖ם	l	HR/Sp2mp	06QRH
15	4	14		גְּב֥וּל	1366	HNcmsc	06G4s
15	4	15		נֶֽגֶב	5045	HNcmsa	06mzP
15	5	1		וּ/גְב֥וּל	c/1366	HC/Ncmsa	06VHe
15	5	2		קֵ֨דְמָ/ה֙	6924 b	HNcmsa/Sd	066MU
15	5	3		יָ֣ם	3220	HNcmsc	06DbG
15	5	4		הַ/מֶּ֔לַח	d/4417	HTd/Ncmsa	06ecu
15	5	5		עַד	5704	HR	06jQu
15	5	6		קְצֵ֖ה	7097 a	HNcbsc	06Bcc
15	5	7		הַ/יַּרְדֵּ֑ן	d/3383	HTd/Np	06EVD
15	5	8		וּ/גְב֞וּל	c/1366	HC/Ncmsa	06yJE
15	5	9		לִ/פְאַ֤ת	l/6285	HR/Ncfsc	06cfw
15	5	10		צָפ֨וֹנָ/ה֙	6828	HNcfsa/Sd	066j8
15	5	11		מִ/לְּשׁ֣וֹן	m/3956	HR/Ncbsc	06EEK
15	5	12		הַ/יָּ֔ם	d/3220	HTd/Ncmsa	062ZK
15	5	13		מִ/קְצֵ֖ה	m/7097 a	HR/Ncbsc	06T4o
15	5	14		הַ/יַּרְדֵּֽן	d/3383	HTd/Np	06SGX
15	6	1		וְ/עָלָ֤ה	c/5927	HC/Vqp3ms	06ExA
15	6	2		הַ/גְּבוּל֙	d/1366	HTd/Ncmsa	06kGa
15	6	3		בֵּ֣ית	1031+	HNp	06wwe
15	6	4		חָגְלָ֔ה	1031	HNp	06ej6
15	6	5		וְ/עָבַ֕ר	c/5674 a	HC/Vqp3ms	06iJP
15	6	6		מִ/צְּפ֖וֹן	m/6828	HR/Ncfsc	06MEP
15	6	7		לְ/בֵ֣ית	l/1026+	HR/Np	06BRP
15	6	8		הָעֲרָבָ֑ה	1026	HNp	06q73
15	6	9		וְ/עָלָ֣ה	c/5927	HC/Vqp3ms	06SDq
15	6	10		הַ/גְּב֔וּל	d/1366	HTd/Ncmsa	06kXh
15	6	11		אֶ֥בֶן	68	HNcfsc	06URX
15	6	12		בֹּ֖הַן	932	HNp	06gMf
15	6	13		בֶּן	1121 a	HNcmsc	06E6M
15	6	14		רְאוּבֵֽן	7205	HNp	061A6
15	7	1		וְ/עָלָ֨ה	c/5927	HC/Vqp3ms	06BJQ
15	7	2		הַ/גְּב֥וּל	d/1366	HTd/Ncmsa	06XqG
15	7	3		דְּבִרָ/ה֮	1688 a	HNp/Sd	06nEn
15	7	4		מֵ/עֵ֣מֶק	m/6010	HR/Ncmsc	06ket
15	7	5		עָכוֹר֒	5911	HNp	06V6E
15	7	6		וְ/צָפ֜וֹנָ/ה	c/6828	HC/Ncfsa/Sd	06UwW
15	7	7		פֹּנֶ֣ה	6437	HVqrmsa	06RnX
15	7	8		אֶל	413	HR	067PA
15	7	9		הַ/גִּלְגָּ֗ל	d/1537	HTd/Np	06bf2
15	7	10		אֲשֶׁר	834 a	HTr	06mxX
15	7	11		נֹ֨כַח֙	5227	HD	06Fbc
15	7	12		לְ/מַעֲלֵ֣ה	l/4608	HR/Ncmsc	06B6k
15	7	13		אֲדֻמִּ֔ים	131	HNp	061Kb
15	7	14		אֲשֶׁ֥ר	834 a	HTr	06Ue8
15	7	15		מִ/נֶּ֖גֶב	m/5045	HR/Ncmsa	06oJZ
15	7	16		לַ/נָּ֑חַל	l/5158 a	HRd/Ncmsa	06vaQ
15	7	17		וְ/עָבַ֤ר	c/5674 a	HC/Vqp3ms	0639o
15	7	18		הַ/גְּבוּל֙	d/1366	HTd/Ncmsa	06RyG
15	7	19		אֶל	413	HR	06y4Q
15	7	20		מֵי	4325	HNcmpc	06xya
15	7	21		עֵ֣ין	5885+	HNp	06gpN
15	7	22		שֶׁ֔מֶשׁ	5885	HNp	06wiL
15	7	23		וְ/הָי֥וּ	c/1961	HC/Vqp3cp	06Qu5
15	7	24		תֹצְאֹתָ֖י/ו	8444	HNcfpc/Sp3ms	06L3T
15	7	25		אֶל	413	HR	06dpv
15	7	26		עֵ֥ין	5883+	HNp	066Kf
15	7	27		רֹגֵֽל	5883	HNp	065Nn
15	8	1		וְ/עָלָ֨ה	c/5927	HC/Vqp3ms	06R25
15	8	2		הַ/גְּב֜וּל	d/1366	HTd/Ncmsa	06d3e
15	8	3		גֵּ֣י	1516	HNcbsc	06jsg
15	8	4		בֶן	1121 a	HNcmsc	06H7t
15	8	5		הִנֹּ֗ם	2011	HNp	06mvX
15	8	6		אֶל	413	HR	06RMf
15	8	7		כֶּ֤תֶף	3802	HNcfsc	06Lmi
15	8	8		הַ/יְבוּסִי֙	d/2983	HTd/Ngmsa	06frn
15	8	9		מִ/נֶּ֔גֶב	m/5045	HR/Ncmsa	06ukw
15	8	10		הִ֖יא	1931	HPp3fs	06VKd
15	8	11		יְרֽוּשָׁלִָ֑ם	3389	HNp	06tjY
15	8	12		וְ/עָלָ֨ה	c/5927	HC/Vqp3ms	06L7A
15	8	13		הַ/גְּב֜וּל	d/1366	HTd/Ncmsa	06CiC
15	8	14		אֶל	413	HR	065Lz
15	8	15		רֹ֣אשׁ	7218 a	HNcmsc	067uH
15	8	16		הָ/הָ֗ר	d/2022	HTd/Ncmsa	06pEG
15	8	17		אֲ֠שֶׁר	834 a	HTr	06m4Z
15	8	18		עַל	5921 a	HR	06Cmt
15	8	19		פְּנֵ֤י	6440	HNcbpc	06hg2
15	8	20		גֵֽי	1516	HNcbsc	06MDe
15	8	21		הִנֹּם֙	2011	HNp	06ezg
15	8	22		יָ֔מָּ/ה	3220	HNcmsa/Sd	06pE4
15	8	23		אֲשֶׁ֛ר	834 a	HTr	06p3k
15	8	24		בִּ/קְצֵ֥ה	b/7097 a	HR/Ncbsc	06d1y
15	8	25		עֵֽמֶק	6010	HNcmsc	06xV8
15	8	26		רְפָאִ֖ים	7497 b	HNp	067xo
15	8	27		צָפֹֽנָ/ה	6828	HNcfsa/Sd	06PPv
15	9	1		וְ/תָאַ֨ר	c/8388 a	HC/Vqp3ms	06Eci
15	9	2		הַ/גְּב֜וּל	d/1366	HTd/Ncmsa	06PW7
15	9	3		מֵ/רֹ֣אשׁ	m/7218 a	HR/Ncmsc	06kag
15	9	4		הָ/הָ֗ר	d/2022	HTd/Ncmsa	06ne1
15	9	5		אֶל	413	HR	0674j
15	9	6		מַעְיַן֙	4599	HNcmsc	06Cip
15	9	7		מֵ֣י	4325	HNcmpc	0643X
15	9	8		נֶפְתּ֔וֹחַ	5318	HNp	063p9
15	9	9		וְ/יָצָ֖א	c/3318	HC/Vqp3ms	06fiw
15	9	10		אֶל	413	HR	06vHw
15	9	11		עָרֵ֣י	5892 b	HNcfpc	06s8T
15	9	12		הַר	2022	HNcmsc	06ZaN
15	9	13		עֶפְר֑וֹן	6085	HNp	06nYc
15	9	14		וְ/תָאַ֤ר	c/8388 a	HC/Vqp3ms	06u3e
15	9	15		הַ/גְּבוּל֙	d/1366	HTd/Ncmsa	0639m
15	9	16		בַּעֲלָ֔ה	1173	HNp	06dJf
15	9	17		הִ֖יא	1931	HPp3fs	06mri
15	9	18		קִרְיַ֥ת	7157+	HNp	06QxH
15	9	19		יְעָרִֽים	7157	HNp	06U84
15	10	1		וְ/נָסַב֩	c/5437	HC/VNp3ms	06Jy2
15	10	2		הַ/גְּב֨וּל	d/1366	HTd/Ncmsa	06HnU
15	10	3		מִ/בַּעֲלָ֥ה	m/1173	HR/Np	06zRD
15	10	4		יָ֨מָּ/ה֙	3220	HNcmsa/Sd	062v1
15	10	5		אֶל	413	HR	06zJL
15	10	6		הַ֣ר	2022	HNcmsc	06RMN
15	10	7		שֵׂעִ֔יר	8165 a	HNp	06eF6
15	10	8		וְ/עָבַ֕ר	c/5674 a	HC/Vqp3ms	063VC
15	10	9		אֶל	413	HR	064tQ
15	10	10		כֶּ֧תֶף	3802	HNcfsc	06mn8
15	10	11		הַר	2022	HNcmsc	06k1n
15	10	12		יְעָרִ֛ים	3297	HNp	06LbT
15	10	13		מִ/צָּפ֖וֹנָ/ה	m/6828	HR/Ncfsa/Sd	0618q
15	10	14		הִ֣יא	1931	HPp3fs	06MDc
15	10	15		כְסָל֑וֹן	3693	HNp	06Yeh
15	10	16		וְ/יָרַ֥ד	c/3381	HC/Vqp3ms	06khD
15	10	17		בֵּֽית	1053+	HNp	061Qt
15	10	18		שֶׁ֖מֶשׁ	1053	HNp	06onH
15	10	19		וְ/עָבַ֥ר	c/5674 a	HC/Vqp3ms	062Kd
15	10	20		תִּמְנָֽה	8553	HNp	06LPE
15	11	1		וְ/יָצָ֨א	c/3318	HC/Vqp3ms	06Anu
15	11	2		הַ/גְּב֜וּל	d/1366	HTd/Ncmsa	06YWY
15	11	3		אֶל	413	HR	06FkQ
15	11	4		כֶּ֣תֶף	3802	HNcfsc	06vf3
15	11	5		עֶקְרוֹן֮	6138	HNp	06y8F
15	11	6		צָפוֹנָ/ה֒	6828	HNcfsa/Sd	06uwa
15	11	7		וְ/תָאַ֤ר	c/8388 a	HC/Vqp3ms	06quH
15	11	8		הַ/גְּבוּל֙	d/1366	HTd/Ncmsa	06FKK
15	11	9		שִׁכְּר֔וֹנָ/ה	7942	HNp/Sd	06EY9
15	11	10		וְ/עָבַ֥ר	c/5674 a	HC/Vqp3ms	063bJ
15	11	11		הַר	2022	HNcmsc	06Euh
15	11	12		הַֽ/בַּעֲלָ֖ה	d/1173	HTd/Np	06cUS
15	11	13		וְ/יָצָ֣א	c/3318	HC/Vqp3ms	06Kn2
15	11	14		יַבְנְאֵ֑ל	2995	HNp	06VLr
15	11	15		וְ/הָי֛וּ	c/1961	HC/Vqp3cp	06esu
15	11	16		תֹּצְא֥וֹת	8444	HNcfpc	06FiZ
15	11	17		הַ/גְּב֖וּל	d/1366	HTd/Ncmsa	06RZJ
15	11	18		יָֽמָּ/ה	3220	HNcmsa/Sd	068Zb
15	12	1		וּ/גְב֣וּל	c/1366	HC/Ncmsc	06Lat
15	12	2		יָ֔ם	3220	HNcmsa	06dYo
15	12	3		הַ/יָּ֥מָּ/ה	d/3220	HTd/Ncmsa/Sd	06b1b
15	12	4		הַ/גָּד֖וֹל	d/1419 a	HTd/Aamsa	06HdC
15	12	5		וּ/גְב֑וּל	c/1366	HC/Ncmsa	06wTV
15	12	6		זֶ֠ה	2088	HPdxms	06dAy
15	12	7		גְּב֧וּל	1366	HNcmsc	06HvE
15	12	8		בְּנֵֽי	1121 a	HNcmpc	068ac
15	12	9		יְהוּדָ֛ה	3063	HNp	06fZx
15	12	10		סָבִ֖יב	5439	HNcbsa	06zSb
15	12	11		לְ/מִשְׁפְּחֹתָֽ/ם	l/4940	HR/Ncfpc/Sp3mp	066FX
15	13	1		וּ/לְ/כָלֵ֣ב	c/l/3612	HC/R/Np	06yVJ
15	13	2		בֶּן	1121 a	HNcmsc	06Jp4
15	13	3		יְפֻנֶּ֗ה	3312	HNp	0647f
15	13	4		נָ֤תַן	5414	HVqp3ms	06sbC
15	13	5		חֵ֨לֶק֙	2506 a	HNcmsa	068UN
15	13	6		בְּ/ת֣וֹךְ	b/8432	HR/Ncmsc	06cbJ
15	13	7		בְּנֵֽי	1121 a	HNcmpc	06wTH
15	13	8		יְהוּדָ֔ה	3063	HNp	06sDn
15	13	9		אֶל	413	HR	061fa
15	13	10		פִּ֥י	6310	HNcmsc	064Hx
15	13	11		יְהוָ֖ה	3068	HNp	06J4p
15	13	12		לִֽ/יהוֹשֻׁ֑עַ	l/3091	HR/Np	06eKA
15	13	13		אֶת	853	HTo	06kof
15	13	14		קִרְיַ֥ת	7153+	HNp	06oxJ
15	13	15		אַרְבַּ֛ע	7153	HAcfsa	06Lkz
15	13	16		אֲבִ֥י	1	HNcmsc	06a35
15	13	17		הָ/עֲנָ֖ק	d/6061	HTd/Np	0685C
15	13	18		הִ֥יא	1931	HPp3fs	06duB
15	13	19		חֶבְרֽוֹן	2275 a	HNp	06Dd8
15	14	1		וַ/יֹּ֤רֶשׁ	c/3423	HC/Vhw3ms	062Ez
15	14	2		מִ/שָּׁם֙	m/8033	HR/D	06zgP
15	14	3		כָּלֵ֔ב	3612	HNp	06K1F
15	14	4		אֶת	853	HTo	06F8k
15	14	5		שְׁלוֹשָׁ֖ה	7969	HAcmsa	06yie
15	14	6		בְּנֵ֣י	1121 a	HNcmpc	06AGX
15	14	7		הָ/עֲנָ֑ק	d/6061	HTd/Np	06QZQ
15	14	8		אֶת	853	HTo	06iJj
15	14	9		שֵׁשַׁ֤י	8344	HNp	069tK
15	14	10		וְ/אֶת	c/853	HC/To	06cdf
15	14	11		אֲחִימַן֙	289	HNp	06ViQ
15	14	12		וְ/אֶת	c/853	HC/To	066Gq
15	14	13		תַּלְמַ֔י	8526	HNp	06xzK
15	14	14		יְלִידֵ֖י	3211	HNcmpc	06M3A
15	14	15		הָ/עֲנָֽק	d/6061	HTd/Np	06ixU
15	15	1		וַ/יַּ֣עַל	c/5927	HC/Vqw3ms	06grk
15	15	2		מִ/שָּׁ֔ם	m/8033	HR/D	06cot
15	15	3		אֶל	413	HR	06K5A
15	15	4		יֹשְׁבֵ֖י	3427	HVqrmpc	06EZv
15	15	5		דְּבִ֑ר	1688 a	HNp	06z5E
15	15	6		וְ/שֵׁם	c/8034	HC/Ncmsc	06V3V
15	15	7		דְּבִ֥ר	1688 a	HNp	06SE1
15	15	8		לְ/פָנִ֖ים	l/6440	HR/Ncbpa	06thM
15	15	9		קִרְיַת	7158+	HNp	062ww
15	15	10		סֵֽפֶר	7158	HNp	06GEX
15	16	1		וַ/יֹּ֣אמֶר	c/559	HC/Vqw3ms	06V1p
15	16	2		כָּלֵ֔ב	3612	HNp	06bZG
15	16	3		אֲשֶׁר	834 a	HTr	06mCK
15	16	4		יַכֶּ֥ה	5221	HVhi3ms	06t2E
15	16	5		אֶת	853	HTo	06vxV
15	16	6		קִרְיַת	7158+	HNp	06Jbi
15	16	7		סֵ֖פֶר	7158	HNp	06Cwm
15	16	8		וּ/לְכָדָ֑/הּ	c/3920	HC/Vqq3ms/Sp3fs	06ugN
15	16	9		וְ/נָתַ֥תִּי	c/5414	HC/Vqq1cs	063S6
15	16	10		ל֛/וֹ	l	HR/Sp3ms	06Zpg
15	16	11		אֶת	853	HTo	06XbK
15	16	12		עַכְסָ֥ה	5915	HNp	06Rfy
15	16	13		בִתִּ֖/י	1323	HNcfsc/Sp1cs	06nMK
15	16	14		לְ/אִשָּֽׁה	l/802	HR/Ncfsa	06igt
15	17	1		וַֽ/יִּלְכְּדָ֛/הּ	c/3920	HC/Vqw3ms/Sp3fs	06J8d
15	17	2		עָתְנִיאֵ֥ל	6274	HNp	06Zuf
15	17	3		בֶּן	1121 a	HNcmsc	06Vtr
15	17	4		קְנַ֖ז	7073	HNp	06qwE
15	17	5		אֲחִ֣י	251	HNcmsc	06KNV
15	17	6		כָלֵ֑ב	3612	HNp	06wr4
15	17	7		וַ/יִּתֶּן	c/5414	HC/Vqw3ms	06vZL
15	17	8		ל֛/וֹ	l	HR/Sp3ms	06SzL
15	17	9		אֶת	853	HTo	06vye
15	17	10		עַכְסָ֥ה	5915	HNp	06mzs
15	17	11		בִתּ֖/וֹ	1323	HNcfsc/Sp3ms	06RUB
15	17	12		לְ/אִשָּֽׁה	l/802	HR/Ncfsa	06b16
15	18	1		וַ/יְהִ֣י	c/1961	HC/Vqw3ms	061Se
15	18	2		בְּ/בוֹאָ֗/הּ	b/935	HR/Vqc/Sp3fs	06s9f
15	18	3		וַ/תְּסִיתֵ֨/הוּ֙	c/5496	HC/Vhw3fs/Sp3ms	061Z5
15	18	4		לִ/שְׁא֤וֹל	l/7592	HR/Vqc	06Wis
15	18	5		מֵֽ/אֵת	m/854	HR/R	06yWu
15	18	6		אָבִ֨י/הָ֙	1	HNcmsc/Sp3fs	06MU6
15	18	7		שָׂדֶ֔ה	7704 b	HNcmsa	06xmE
15	18	8		וַ/תִּצְנַ֖ח	c/6795	HC/Vqw3fs	06TLt
15	18	9		מֵ/עַ֣ל	m/5921 a	HR/R	06Gim
15	18	10		הַ/חֲמ֑וֹר	d/2543	HTd/Ncbsa	06Jv1
15	18	11		וַ/יֹּֽאמֶר	c/559	HC/Vqw3ms	06hKn
15	18	12		לָ֥/הּ	l	HR/Sp3fs	06poz
15	18	13		כָּלֵ֖ב	3612	HNp	06h7D
15	18	14		מַה	4100	HTi	06W2Y
15	18	15		לָּֽ/ךְ	l	HR/Sp2fs	06BHc
15	19	1		וַ/תֹּ֜אמֶר	c/559	HC/Vqw3fs	06zPq
15	19	2		תְּנָ/ה	5414	HVqv2ms/Sh	068Mb
15	19	3		לִּ֣/י	l	HR/Sp1cs	06DU5
15	19	4		בְרָכָ֗ה	1293	HNcfsa	06GoH
15	19	5		כִּ֣י	3588 a	HC	06Rco
15	19	6		אֶ֤רֶץ	776	HNcbsc	06qxv
15	19	7		הַ/נֶּ֨גֶב֙	d/5045	HTd/Ncmsa	06teJ
15	19	8		נְתַתָּ֔/נִי	5414	HVqp2ms/Sp1cs	06Yjt
15	19	9		וְ/נָתַתָּ֥ה	c/5414	HC/Vqq2ms	06RDD
15	19	10		לִ֖/י	l	HR/Sp1cs	06Y1A
15	19	11		גֻּלֹּ֣ת	1543	HNcfpc	069gc
15	19	12		מָ֑יִם	4325	HNcmpa	06DDp
15	19	13		וַ/יִּתֶּן	c/5414	HC/Vqw3ms	06w2a
15	19	14		לָ֗/הּ	l	HR/Sp3fs	0652N
15	19	15		אֵ֚ת	853	HTo	063Jb
15	19	16		גֻּלֹּ֣ת	1543	HNcfpa	06AaT
15	19	17		עִלִּיּ֔וֹת	5942	HAafpa	06rmh
15	19	18		וְ/אֵ֖ת	c/853	HC/To	06M5h
15	19	19		גֻּלֹּ֥ת	1543	HNcfpa	06SLw
15	19	20		תַּחְתִּיּֽוֹת	8482	HAafpa	06mzL
15	20	1		זֹ֗את	2063	HPdxfs	06s1q
15	20	2		נַחֲלַ֛ת	5159	HNcfsc	06L75
15	20	3		מַטֵּ֥ה	4294	HNcmsc	06hfu
15	20	4		בְנֵי	1121 a	HNcmpc	06JV9
15	20	5		יְהוּדָ֖ה	3063	HNp	06Luf
15	20	6		לְ/מִשְׁפְּחֹתָֽ/ם	l/4940	HR/Ncfpc/Sp3mp	06dyW
15	21	1		וַ/יִּֽהְי֣וּ	c/1961	HC/Vqw3mp	06cfy
15	21	2		הֶ/עָרִ֗ים	d/5892 b	HTd/Ncfpa	06bm3
15	21	3		מִ/קְצֵה֙	m/7097 a	HR/Ncbsc	06X1G
15	21	4		לְ/מַטֵּ֣ה	l/4294	HR/Ncmsc	06DAz
15	21	5		בְנֵֽי	1121 a	HNcmpc	06cG2
15	21	6		יְהוּדָ֔ה	3063	HNp	06SiW
15	21	7		אֶל	413	HR	063KU
15	21	8		גְּב֥וּל	1366	HNcmsc	06HCz
15	21	9		אֱד֖וֹם	123	HNp	06uez
15	21	10		בַּ/נֶּ֑גְבָּ/ה	b/5045	HRd/Ncmsa/Sd	06t7Z
15	21	11		קַבְצְאֵ֥ל	6909	HNp	06KG3
15	21	12		וְ/עֵ֖דֶר	c/5740 b	HC/Np	06BNm
15	21	13		וְ/יָגֽוּר	c/3017	HC/Np	06S39
15	22	1		וְ/קִינָ֥ה	c/7016	HC/Np	0666Y
15	22	2		וְ/דִֽימוֹנָ֖ה	c/1776	HC/Np	061wE
15	22	3		וְ/עַדְעָדָֽה	c/5735	HC/Np	06LNG
15	23	1		וְ/קֶ֥דֶשׁ	c/6943	HC/Np	061VD
15	23	2		וְ/חָצ֖וֹר	c/2674	HC/Np	06Sti
15	23	3		וְ/יִתְנָֽן	c/3497	HC/Np	069UL
15	24	1		זִ֥יף	2128	HNp	06jTj
15	24	2		וָ/טֶ֖לֶם	c/2928	HC/Np	06yoM
15	24	3		וּ/בְעָלֽוֹת	c/1175	HC/Np	06u9c
15	25	1		וְ/חָצ֤וֹר	c/2675+	HC/Np	06npB
15	25	2		חֲדַתָּה֙	2675	HNp	06nhG
15	25	3		וּ/קְרִיּ֔וֹת	c/7152	HC/Np	06FcX
15	25	4		חֶצְר֖וֹן	2696	HNp	06fZ4
15	25	5		הִ֥יא	1931	HPp3fs	0656D
15	25	6		חָצֽוֹר	2674	HNp	063Lr
15	26	1		אֲמָ֥ם	538	HNp	06NnT
15	26	2		וּ/שְׁמַ֖ע	c/8090	HC/Np	06TQz
15	26	3		וּ/מוֹלָדָֽה	c/4137	HC/Np	06rfK
15	27	1		וַ/חֲצַ֥ר	c/2693+	HC/Np	06fa5
15	27	2		גַּדָּ֛ה	2693	HNp	06cLe
15	27	3		וְ/חֶשְׁמ֖וֹן	c/2829	HC/Np	06b9p
15	27	4		וּ/בֵ֥ית	c/1046+	HC/Np	06iWG
15	27	5		פָּֽלֶט	1046	HNp	06v6C
15	28	1		וַ/חֲצַ֥ר	c/2705+	HC/Np	06nag
15	28	2		שׁוּעָ֛ל	2705	HNp	06gmi
15	28	3		וּ/בְאֵ֥ר	c/884+	HC/Np	06ERU
15	28	4		שֶׁ֖בַע	884	HAcfsa	06t7c
15	28	5		וּ/בִזְיוֹתְיָֽה	c/964	HC/Np	06Y1F
15	29	1		בַּעֲלָ֥ה	1173	HNp	06JXq
15	29	2		וְ/עִיִּ֖ים	c/5864	HC/Np	06W2g
15	29	3		וָ/עָֽצֶם	c/6107	HC/Np	06M8k
15	30	1		וְ/אֶלְתּוֹלַ֥ד	c/513	HC/Np	06KnE
15	30	2		וּ/כְסִ֖יל	c/3686	HC/Np	06hDB
15	30	3		וְ/חָרְמָֽה	c/2767	HC/Np	06LFh
15	31	1		וְ/צִֽקְלַ֥ג	c/6860	HC/Np	06EWr
15	31	2		וּ/מַדְמַנָּ֖ה	c/4089	HC/Np	06rHN
15	31	3		וְ/סַנְסַנָּֽה	c/5578	HC/Np	06LDD
15	32	1		וּ/לְבָא֥וֹת	c/3822	HC/Np	06dAG
15	32	2		וְ/שִׁלְחִ֖ים	c/7978	HC/Np	06B9T
15	32	3		וְ/עַ֣יִן	c/5871	HC/Np	06m7U
15	32	4		וְ/רִמּ֑וֹן	c/7417 c	HC/Np	06coZ
15	32	5		כָּל	3605	HNcmsc	06pkN
15	32	6		עָרִ֛ים	5892 b	HNcfpa	062TP
15	32	7		עֶשְׂרִ֥ים	6242	HAcbpa	06p9B
15	32	8		וָ/תֵ֖שַׁע	c/8672	HC/Acfsa	06Wz8
15	32	9		וְ/חַצְרֵי/הֶֽן	c/2691 b	HC/Ncbpc/Sp3fp	06CFE
15	33	1		בַּ/שְּׁפֵלָ֑ה	b/8219	HRd/Ncfsa	06wi9
15	33	2		אֶשְׁתָּא֥וֹל	847	HNp	06T67
15	33	3		וְ/צָרְעָ֖ה	c/6881	HC/Np	06biA
15	33	4		וְ/אַשְׁנָֽה	c/823	HC/Np	06u4V
15	34	1		וְ/זָנ֨וֹחַ֙	c/2182	HC/Np	06wS9
15	34	2		וְ/עֵ֣ין	c/5873+	HC/Np	06rAC
15	34	3		גַּנִּ֔ים	5873	HNp	06jq8
15	34	4		תַּפּ֖וּחַ	8599 b	HNp	06R4y
15	34	5		וְ/הָ/עֵינָֽם	c/d/5879	HC/Td/Np	06EfW
15	35	1		יַרְמוּת֙	3412	HNp	06U9o
15	35	2		וַ/עֲדֻלָּ֔ם	c/5725	HC/Np	06VJW
15	35	3		שׂוֹכֹ֖ה	7755	HNp	06c6w
15	35	4		וַ/עֲזֵקָֽה	c/5825	HC/Np	06RJ6
15	36	1		וְ/שַׁעֲרַ֨יִם֙	c/8189	HC/Np	06mKe
15	36	2		וַ/עֲדִיתַ֔יִם	c/5723	HC/Np	06Z2i
15	36	3		וְ/הַ/גְּדֵרָ֖ה	c/d/1449	HC/Td/Np	06e3B
15	36	4		וּ/גְדֵרֹתָ֑יִם	c/1453	HC/Np	067Pd
15	36	5		עָרִ֥ים	5892 b	HNcfpa	06Lgc
15	36	6		אַרְבַּֽע	702	HAcfsa	06RLL
15	36	7		עֶשְׂרֵ֖ה	6240	HAcfsa	06XTN
15	36	8		וְ/חַצְרֵי/הֶֽן	c/2691 b	HC/Ncbpc/Sp3fp	069j9
15	37	1		צְנָ֥ן	6799	HNp	06xRk
15	37	2		וַ/חֲדָשָׁ֖ה	c/2322	HC/Np	06agE
15	37	3		וּ/מִגְדַּל	c/4028+	HC/Np	0699n
15	37	4		גָּֽד	4028	HNp	06SnR
15	38	1		וְ/דִלְעָ֥ן	c/1810	HC/Np	06aw2
15	38	2		וְ/הַ/מִּצְפֶּ֖ה	c/d/4708	HC/Td/Np	06x3j
15	38	3		וְ/יָקְתְאֵֽל	c/3371	HC/Np	068ZD
15	39	1		לָכִ֥ישׁ	3923	HNp	06hyj
15	39	2		וּ/בָצְקַ֖ת	c/1218	HC/Np	06ADU
15	39	3		וְ/עֶגְלֽוֹן	c/5700	HC/Np	06shc
15	40	1		וְ/כַבּ֥וֹן	c/3522	HC/Np	06uS9
15	40	2		וְ/לַחְמָ֖ס	c/3903	HC/Np	06bxp
15	40	3		וְ/כִתְלִֽישׁ	c/3798	HC/Np	06TxD
15	41	1		וּ/גְדֵר֕וֹת	c/1450	HC/Np	06Txd
15	41	2		בֵּית	1016+	HNp	06Zqo
15	41	3		דָּג֥וֹן	1016	HNp	06eXv
15	41	4		וְ/נַעֲמָ֖ה	c/5279 b	HC/Np	0674M
15	41	5		וּ/מַקֵּדָ֑ה	c/4719	HC/Np	06KQd
15	41	6		עָרִ֥ים	5892 b	HNcfpa	06QLn
15	41	7		שֵׁשׁ	8337	HAcfsa	06Rz1
15	41	8		עֶשְׂרֵ֖ה	6240	HAcfsa	06AR3
15	41	9		וְ/חַצְרֵי/הֶֽן	c/2691 b	HC/Ncbpc/Sp3fp	066J4
15	42	1		לִבְנָ֥ה	3841	HNp	067AJ
15	42	2		וָ/עֶ֖תֶר	c/6281	HC/Np	06rrT
15	42	3		וְ/עָשָֽׁן	c/6228	HC/Np	06zc1
15	43	1		וְ/יִפְתָּ֥ח	c/3316	HC/Np	06t1p
15	43	2		וְ/אַשְׁנָ֖ה	c/823	HC/Np	06Nsw
15	43	3		וּ/נְצִֽיב	c/5334	HC/Np	06H4B
15	44	1		וּ/קְעִילָ֥ה	c/7084	HC/Np	06yhE
15	44	2		וְ/אַכְזִ֖יב	c/392	HC/Np	06TCJ
15	44	3		וּ/מָֽרֵאשָׁ֑ה	c/4762	HC/Np	06HLL
15	44	4		עָרִ֥ים	5892 b	HNcfpa	06VMR
15	44	5		תֵּ֖שַׁע	8672	HAcfsa	06nHt
15	44	6		וְ/חַצְרֵי/הֶֽן	c/2691 b	HC/Ncbpc/Sp3fp	06uVh
15	45	1		עֶקְר֥וֹן	6138	HNp	06j46
15	45	2		וּ/בְנֹתֶ֖י/הָ	c/1323	HC/Ncfpc/Sp3fs	06tWx
15	45	3		וַ/חֲצֵרֶֽי/הָ	c/2691 b	HC/Ncbpc/Sp3fs	063VF
15	46	1		מֵ/עֶקְר֖וֹן	m/6138	HR/Np	06a9R
15	46	2		וָ/יָ֑מָּ/ה	c/3220	HC/Ncmsa/Sd	06BUv
15	46	3		כֹּ֛ל	3605	HNcmsa	066Ay
15	46	4		אֲשֶׁר	834 a	HTr	06buH
15	46	5		עַל	5921 a	HR	06s74
15	46	6		יַ֥ד	3027	HNcbsc	06Qem
15	46	7		אַשְׁדּ֖וֹד	795	HNp	06okp
15	46	8		וְ/חַצְרֵי/הֶֽן	c/2691 b	HC/Ncbpc/Sp3fp	065Q5
15	47	1		אַשְׁדּ֞וֹד	795	HNp	06qJK
15	47	2		בְּנוֹתֶ֣י/הָ	1323	HNcfpc/Sp3fs	06QZB
15	47	3		וַ/חֲצֵרֶ֗י/הָ	c/2691 b	HC/Ncbpc/Sp3fs	06Br9
15	47	4		עַזָּ֥ה	5804	HNp	06CaP
15	47	5		בְּנוֹתֶ֥י/הָ	1323	HNcfpc/Sp3fs	062Jq
15	47	6		וַ/חֲצֵרֶ֖י/הָ	c/2691 b	HC/Ncbpc/Sp3fs	06UQf
15	47	7		עַד	5704	HR	06koC
15	47	8		נַ֣חַל	5158 a	HNcmsc	06xyV
15	47	9		מִצְרָ֑יִם	4714	HNp	06Leq
15	47	10		וְ/הַ/יָּ֥ם	c/d/3220	HC/Td/Ncmsa	06RrD
15	47	11	x-ketiv	ה/גבול	d/1366	HTd/Ncmsa	06Kv1
15	47	12		הַ/גָּד֖וֹל	d/1419 a	HTd/Aamsa	06S8w
15	47	13		וּ/גְבֽוּל	c/1366	HC/Ncmsa	06hEe
15	48	1		וּ/בָ/הָ֑ר	c/b/2022	HC/Rd/Ncmsa	06PTn
15	48	2		שָׁמִ֥יר	8069	HNp	06T7k
15	48	3		וְ/יַתִּ֖יר	c/3492	HC/Np	06vKW
15	48	4		וְ/שׂוֹכֹֽה	c/7755	HC/Np	06quk
15	49	1		וְ/דַנָּ֥ה	c/1837	HC/Np	06Qsp
15	49	2		וְ/קִרְיַת	c/7158+	HC/Np	06q5z
15	49	3		סַנָּ֖ה	7158	HNp	06rTe
15	49	4		הִ֥יא	1931	HPp3fs	06CMT
15	49	5		דְבִֽר	1688 a	HNp	06npi
15	50	1		וַ/עֲנָ֥ב	c/6024	HC/Np	06f16
15	50	2		וְ/אֶשְׁתְּמֹ֖ה	c/851	HC/Np	067Yx
15	50	3		וְ/עָנִֽים	c/6044	HC/Np	064CA
15	51	1		וְ/גֹ֥שֶׁן	c/1657	HC/Np	06bwy
15	51	2		וְ/חֹלֹ֖ן	c/2473	HC/Np	06gtP
15	51	3		וְ/גִלֹ֑ה	c/1542	HC/Np	06QYM
15	51	4		עָרִ֥ים	5892 b	HNcfpa	06NXX
15	51	5		אַֽחַת	259	HAcfsa	06JFS
15	51	6		עֶשְׂרֵ֖ה	6240	HAcfsa	06vz1
15	51	7		וְ/חַצְרֵי/הֶֽן	c/2691 b	HC/Ncbpc/Sp3fp	063P6
15	52	1		אֲרַ֥ב	694	HNp	068so
15	52	2		וְ/רוּמָ֖ה	c/1746	HC/Np	06YUp
15	52	3		וְ/אֶשְׁעָֽן	c/824	HC/Np	06N5y
15	53	1	x-ketiv	ו/ינים	c/3241	HC/Np	06G2c
15	53	2		וְ/יָנ֥וּם	c/3241	HC/Np	06MUh
15	53	3		וּ/בֵית	c/1054+	HC/Np	06rRV
15	53	4		תַּפּ֖וּחַ	1054	HNp	06y81
15	53	5		וַ/אֲפֵֽקָה	c/664	HC/Np	06oA4
15	54	1		וְ/חֻמְטָ֗ה	c/2547	HC/Np	06f9w
15	54	2		וְ/קִרְיַ֥ת	c/7153+	HC/Np	06PwW
15	54	3		אַרְבַּ֛ע	7153	HAcfsa	06Fkn
15	54	4		הִ֥יא	1931	HPp3fs	06bpn
15	54	5		חֶבְר֖וֹן	2275 a	HNp	06ywD
15	54	6		וְ/צִיעֹ֑ר	c/6730	HC/Np	06hBi
15	54	7		עָרִ֥ים	5892 b	HNcfpa	069jd
15	54	8		תֵּ֖שַׁע	8672	HAcfsa	06NGN
15	54	9		וְ/חַצְרֵי/הֶֽן	c/2691 b	HC/Ncbpc/Sp3fp	0631w
15	55	1		מָע֥וֹן	4584	HNp	06nHz
15	55	2		כַּרְמֶ֖ל	3760	HNp	06yym
15	55	3		וָ/זִ֥יף	c/2128	HC/Np	06yHv
15	55	4		וְ/יוּטָּֽה	c/3194	HC/Np	06D9G
15	56	1		וְ/יִזְרְעֶ֥אל	c/3157	HC/Np	06ZkS
15	56	2		וְ/יָקְדְעָ֖ם	c/3347	HC/Np	067eY
15	56	3		וְ/זָנֽוֹחַ	c/2182	HC/Np	065KS
15	57	1		הַ/קַּ֖יִן	d/7014 a	HTd/Np	06QMc
15	57	2		גִּבְעָ֣ה	1390	HNp	06vNk
15	57	3		וְ/תִמְנָ֑ה	c/8553	HC/Np	06Rs6
15	57	4		עָרִ֥ים	5892 b	HNcfpa	06aq4
15	57	5		עֶ֖שֶׂר	6235	HAcfsa	06yyt
15	57	6		וְ/חַצְרֵי/הֶֽן	c/2691 b	HC/Ncbpc/Sp3fp	06J2d
15	58	1		חַלְח֥וּל	2478	HNp	06CqT
15	58	2		בֵּֽית	1049+	HNp	06MTY
15	58	3		צ֖וּר	1049	HNp	06VoC
15	58	4		וּ/גְדֽוֹר	c/1446	HC/Np	06Vpi
15	59	1		וּ/מַעֲרָ֥ת	c/4638	HC/Np	06PBT
15	59	2		וּ/בֵית	c/1042+	HC/Np	06HGR
15	59	3		עֲנ֖וֹת	1042	HNp	066sk
15	59	4		וְ/אֶלְתְּקֹ֑ן	c/515	HC/Np	06k8E
15	59	5		עָרִ֥ים	5892 b	HNcfpa	062HU
15	59	6		שֵׁ֖שׁ	8337	HAcfsa	06ULv
15	59	7		וְ/חַצְרֵי/הֶֽן	c/2691 b	HC/Ncbpc/Sp3fp	06eXZ
15	60	1		קִרְיַת	7154+	HNp	06pUs
15	60	2		בַּ֗עַל	7154	HNp	0692R
15	60	3		הִ֛יא	1931	HPp3fs	06M7V
15	60	4		קִרְיַ֥ת	7157+	HNp	06N33
15	60	5		יְעָרִ֖ים	7157	HNp	06wN2
15	60	6		וְ/הָֽ/רַבָּ֑ה	c/d/7237	HC/Td/Np	0668n
15	60	7		עָרִ֥ים	5892 b	HNcfpa	06GAD
15	60	8		שְׁתַּ֖יִם	8147	HAcfda	061ee
15	60	9		וְ/חַצְרֵי/הֶֽן	c/2691 b	HC/Ncbpc/Sp3fp	06dZh
15	61	1		בַּ/מִּדְבָּ֑ר	b/4057 b	HRd/Ncmsa	06cKU
15	61	2		בֵּ֚ית	1026+	HNp	06bSE
15	61	3		הָעֲרָבָ֔ה	1026	HNp	06EWA
15	61	4		מִדִּ֖ין	4081	HNp	06zWo
15	61	5		וּ/סְכָכָֽה	c/5527	HC/Np	06djv
15	62	1		וְ/הַ/נִּבְשָׁ֥ן	c/d/5044	HC/Td/Np	06Ukr
15	62	2		וְ/עִיר	c/5898+	HC/Ncfsc	06UM1
15	62	3		הַ/מֶּ֖לַח	d/5898	HTd/Ncmsa	06Ubd
15	62	4		וְ/עֵ֣ין	c/5872+	HC/Np	06oqY
15	62	5		גֶּ֑דִי	5872	HNp	06HYy
15	62	6		עָרִ֥ים	5892 b	HNcfpa	06dH2
15	62	7		שֵׁ֖שׁ	8337	HAcfsa	06SSn
15	62	8		וְ/חַצְרֵי/הֶֽן	c/2691 b	HC/Ncbpc/Sp3fp	069WF
15	63	1		וְ/אֶת	c/853	HC/To	06Ddt
15	63	2		הַ/יְבוּסִי֙	d/2983	HTd/Ngmsa	06xK2
15	63	3		יוֹשְׁבֵ֣י	3427	HVqrmpc	06DPi
15	63	4		יְרֽוּשָׁלִַ֔ם	3389	HNp	06D8e
15	63	5		לֹֽא	3808	HTn	06Sx9
15	63	6	x-ketiv	יוכלו	3201	HVqi3mp	06im8
15	63	7		יָכְל֥וּ	3201	HVqp3cp	06Enx
15	63	8		בְנֵֽי	1121 a	HNcmpc	063mF
15	63	9		יְהוּדָ֖ה	3063	HNp	06Lmj
15	63	10		לְ/הֽוֹרִישָׁ֑/ם	l/3423	HR/Vhc/Sp3mp	06Wuy
15	63	11		וַ/יֵּ֨שֶׁב	c/3427	HC/Vqw3ms	06SLZ
15	63	12		הַ/יְבוּסִ֜י	d/2983	HTd/Ngmsa	06ooD
15	63	13		אֶת	854	HR	06wcw
15	63	14		בְּנֵ֤י	1121 a	HNcmpc	06c32
15	63	15		יְהוּדָה֙	3063	HNp	06Xsg
15	63	16		בִּ/יר֣וּשָׁלִַ֔ם	b/3389	HR/Np	06sZv
15	63	17		עַ֖ד	5704	HR	06S9x
15	63	18		הַ/יּ֥וֹם	d/3117	HTd/Ncmsa	06CfQ
15	63	19		הַ/זֶּֽה	d/2088	HTd/Pdxms	06ZGT
16	1	1		וַ/יֵּצֵ֨א	c/3318	HC/Vqw3ms	06zLW
16	1	2		הַ/גּוֹרָ֜ל	d/1486	HTd/Ncmsa	06tDQ
16	1	3		לִ/בְנֵ֤י	l/1121 a	HR/Ncmpc	06oNh
16	1	4		יוֹסֵף֙	3130	HNp	06S1Y
16	1	5		מִ/יַּרְדֵּ֣ן	m/3383	HR/Np	06DG9
16	1	6		יְרִיח֔וֹ	3405	HNp	06BDe
16	1	7		לְ/מֵ֥י	l/4325	HR/Ncmpc	06D2q
16	1	8		יְרִיח֖וֹ	3405	HNp	06qAx
16	1	9		מִזְרָ֑חָ/ה	4217	HNcmsa/Sd	06axC
16	1	10		הַ/מִּדְבָּ֗ר	d/4057 b	HTd/Ncmsa	06o6W
16	1	11		עֹלֶ֧ה	5927	HVqrmsa	06x5r
16	1	12		מִ/ירִיח֛וֹ	m/3405	HR/Np	068x6
16	1	13		בָּ/הָ֖ר	b/2022	HRd/Ncmsa	06LnD
16	1	14		בֵּֽית	1008+	HNp	06iU5
16	1	15		אֵֽל	1008	HNp	06HeA
16	2	1		וְ/יָצָ֥א	c/3318	HC/Vqq3ms	06FnB
16	2	2		מִ/בֵּֽית	m/1008+	HR/Np	06fF5
16	2	3		אֵ֖ל	1008	HNp	06hRX
16	2	4		ל֑וּזָ/ה	3870	HNp/Sd	06Rdj
16	2	5		וְ/עָבַ֛ר	c/5674 a	HC/Vqq3ms	06FNm
16	2	6		אֶל	413	HR	06HZS
16	2	7		גְּב֥וּל	1366	HNcmsc	06UKW
16	2	8		הָ/אַרְכִּ֖י	d/757	HTd/Ngmsa	064RJ
16	2	9		עֲטָרֽוֹת	5852	HNp	06EPF
16	3	1		וְ/יָֽרַד	c/3381	HC/Vqq3ms	06BNN
16	3	2		יָ֜מָּ/ה	3220	HNcmsa/Sd	06osb
16	3	3		אֶל	413	HR	06xWk
16	3	4		גְּב֣וּל	1366	HNcmsc	06Kkd
16	3	5		הַ/יַּפְלֵטִ֗י	d/3311	HTd/Ngmsa	06M8D
16	3	6		עַ֣ד	5704	HR	063w9
16	3	7		גְּב֧וּל	1366	HNcmsc	06TQy
16	3	8		בֵּית	1032+	HNp	06cG9
16	3	9		חוֹרֹ֛ן	1032	HNp	06nVF
16	3	10		תַּחְתּ֖וֹן	8481	HAamsa	066xK
16	3	11		וְ/עַד	c/5704	HC/R	06MQy
16	3	12		גָּ֑זֶר	1507	HNp	06Cnn
16	3	13		וְ/הָי֥וּ	c/1961	HC/Vqq3cp	06rZz
16	3	14	x-ketiv	תצאת/ו	8444	HNcfpc/Sp3ms	06LLu
16	3	15		תֹצְאֹתָ֖י/ו	8444	HNcfpc/Sp3ms	06frk
16	3	16		יָֽמָּ/ה	3220	HNcmsa/Sd	06e6d
16	4	1		וַ/יִּנְחֲל֥וּ	c/5157	HC/Vqw3mp	06qrz
16	4	2		בְנֵי	1121 a	HNcmpc	06yUB
16	4	3		יוֹסֵ֖ף	3130	HNp	06Qko
16	4	4		מְנַשֶּׁ֥ה	4519	HNp	06Kxd
16	4	5		וְ/אֶפְרָֽיִם	c/669	HC/Np	066Gp
16	5	1		וַ/יְהִ֛י	c/1961	HC/Vqw3ms	06pHy
16	5	2		גְּב֥וּל	1366	HNcmsc	069px
16	5	3		בְּנֵֽי	1121 a	HNcmpc	06YdZ
16	5	4		אֶפְרַ֖יִם	669	HNp	06GfP
16	5	5		לְ/מִשְׁפְּחֹתָ֑/ם	l/4940	HR/Ncfpc/Sp3mp	068ms
16	5	6		וַ/יְהִ֞י	c/1961	HC/Vqw3ms	064aE
16	5	7		גְּב֤וּל	1366	HNcmsc	06c85
16	5	8		נַחֲלָתָ/ם֙	5159	HNcfsc/Sp3mp	066SP
16	5	9		מִזְרָ֔חָ/ה	4217	HNcmsa/Sd	06njU
16	5	10		עַטְר֣וֹת	5853+	HNp	06zbT
16	5	11		אַדָּ֔ר	5853	HNp	06PX2
16	5	12		עַד	5704	HR	06UJ6
16	5	13		בֵּ֥ית	1032+	HNp	064rn
16	5	14		חוֹרֹ֖ן	1032	HNp	06mdG
16	5	15		עֶלְיֽוֹן	5945 a	HAamsa	06tVz
16	6	1		וְ/יָצָ֨א	c/3318	HC/Vqq3ms	06GRj
16	6	2		הַ/גְּב֜וּל	d/1366	HTd/Ncmsa	06J6b
16	6	3		הַ/יָּ֗מָּ/ה	d/3220	HTd/Ncmsa/Sd	06K5C
16	6	4		הַֽ/מִּכְמְתָת֙	d/4366	HTd/Np	06xen
16	6	5		מִ/צָּפ֔וֹן	m/6828	HR/Ncfsa	06t7j
16	6	6		וְ/נָסַ֧ב	c/5437	HC/VNq3ms	06nDA
16	6	7		הַ/גְּב֛וּל	d/1366	HTd/Ncmsa	06KhP
16	6	8		מִזְרָ֖חָ/ה	4217	HNcmsa/Sd	06cj2
16	6	9		תַּאֲנַ֣ת	8387+	HNp	06wEK
16	6	10		שִׁלֹ֑ה	8387	HNp	06h2t
16	6	11		וְ/עָבַ֣ר	c/5674 a	HC/Vqq3ms	068ES
16	6	12		אוֹת֔/וֹ	853	HTo/Sp3ms	06Qv8
16	6	13		מִ/מִּזְרַ֖ח	m/4217	HR/Ncmsc	069rU
16	6	14		יָנֽוֹחָ/ה	3239 b	HNp/Sd	06bak
16	7	1		וְ/יָרַ֥ד	c/3381	HC/Vqq3ms	069uw
16	7	2		מִ/יָּנ֖וֹחָ/ה	m/3239 b	HR/Np/Sd	06M4p
16	7	3		עֲטָר֣וֹת	5852	HNp	068MU
16	7	4		וְ/נַעֲרָ֑תָ/ה	c/5292 a	HC/Np/Sd	06PGb
16	7	5		וּ/פָגַע֙	c/6293	HC/Vqq3ms	06VUp
16	7	6		בִּֽ/ירִיח֔וֹ	b/3405	HR/Np	06E1n
16	7	7		וְ/יָצָ֖א	c/3318	HC/Vqq3ms	06Y2Y
16	7	8		הַ/יַּרְדֵּֽן	d/3383	HTd/Np	065sD
16	8	1		מִ/תַּפּ֜וּחַ	m/8599 b	HR/Np	06mZV
16	8	2		יֵלֵ֨ךְ	3212	HVqi3ms	06XL9
16	8	3		הַ/גְּב֥וּל	d/1366	HTd/Ncmsa	06dgp
16	8	4		יָ֨מָּ/ה֙	3220	HNcmsa/Sd	06P1D
16	8	5		נַ֣חַל	5158 a	HNcmsc	06Voq
16	8	6		קָנָ֔ה	7071	HNp	06cuR
16	8	7		וְ/הָי֥וּ	c/1961	HC/Vqq3cp	06nKb
16	8	8		תֹצְאֹתָ֖י/ו	8444	HNcfpc/Sp3ms	06zRe
16	8	9		הַ/יָּ֑מָּ/ה	d/3220	HTd/Ncmsa/Sd	06cp8
16	8	10		זֹ֗את	2063	HPdxfs	06ubs
16	8	11		נַחֲלַ֛ת	5159	HNcfsc	06TwC
16	8	12		מַטֵּ֥ה	4294	HNcmsc	06Eio
16	8	13		בְנֵי	1121 a	HNcmpc	06tLC
16	8	14		אֶפְרַ֖יִם	669	HNp	067Pm
16	8	15		לְ/מִשְׁפְּחֹתָֽ/ם	l/4940	HR/Ncfpc/Sp3mp	06CaG
16	9	1		וְ/הֶ/עָרִ֗ים	c/d/5892 b	HC/Td/Ncfpa	061Ux
16	9	2		הַ/מִּבְדָּלוֹת֙	d/3995	HTd/Ncfpa	06uTK
16	9	3		לִ/בְנֵ֣י	l/1121 a	HR/Ncmpc	06RC9
16	9	4		אֶפְרַ֔יִם	669	HNp	06chV
16	9	5		בְּ/ת֖וֹךְ	b/8432	HR/Ncmsc	06p9U
16	9	6		נַחֲלַ֣ת	5159	HNcfsc	06hWs
16	9	7		בְּנֵֽי	1121 a	HNcmpc	06SiP
16	9	8		מְנַשֶּׁ֑ה	4519	HNp	06kzz
16	9	9		כָּֽל	3605	HNcmsc	06G6H
16	9	10		הֶ/עָרִ֖ים	d/5892 b	HTd/Ncfpa	06e1Q
16	9	11		וְ/חַצְרֵי/הֶֽן	c/2691 b	HC/Ncbpc/Sp3fp	06wM8
16	10	1		וְ/לֹ֣א	c/3808	HC/Tn	06xaJ
16	10	2		הוֹרִ֔ישׁוּ	3423	HVhp3cp	06M8s
16	10	3		אֶת	853	HTo	06TuB
16	10	4		הַֽ/כְּנַעֲנִ֖י	d/3669 a	HTd/Ngmsa	06h4J
16	10	5		הַ/יּוֹשֵׁ֣ב	d/3427	HTd/Vqrmsa	06MMi
16	10	6		בְּ/גָ֑זֶר	b/1507	HR/Np	06g3H
16	10	7		וַ/יֵּ֨שֶׁב	c/3427	HC/Vqw3ms	06fBm
16	10	8		הַֽ/כְּנַעֲנִ֜י	d/3669 a	HTd/Ngmsa	06uR2
16	10	9		בְּ/קֶ֤רֶב	b/7130	HR/Ncmsc	06Z42
16	10	10		אֶפְרַ֨יִם֙	669	HNp	06feu
16	10	11		עַד	5704	HR	06SCB
16	10	12		הַ/יּ֣וֹם	d/3117	HTd/Ncmsa	062V8
16	10	13		הַ/זֶּ֔ה	d/2088	HTd/Pdxms	06QjH
16	10	14		וַ/יְהִ֖י	c/1961	HC/Vqw3ms	066H5
16	10	15		לְ/מַס	l/4522	HR/Ncmsc	06pdZ
16	10	16		עֹבֵֽד	5647	HVqrmsa	06UsU
17	1	1		וַ/יְהִ֤י	c/1961	HC/Vqw3ms	06AAw
17	1	2		הַ/גּוֹרָל֙	d/1486	HTd/Ncmsa	06rhN
17	1	3		לְ/מַטֵּ֣ה	l/4294	HR/Ncmsc	06mL7
17	1	4		מְנַשֶּׁ֔ה	4519	HNp	06Lfy
17	1	5		כִּי	3588 a	HC	064Um
17	1	6		ה֖וּא	1931	HPp3ms	06Eu9
17	1	7		בְּכ֣וֹר	1060	HNcmsc	06VP9
17	1	8		יוֹסֵ֑ף	3130	HNp	06iXa
17	1	9		לְ/מָכִיר֩	l/4353	HR/Np	06tSV
17	1	10		בְּכ֨וֹר	1060	HNcmsc	064Lt
17	1	11		מְנַשֶּׁ֜ה	4519	HNp	06pjx
17	1	12		אֲבִ֣י	1	HNcmsc	06Kdb
17	1	13		הַ/גִּלְעָ֗ד	d/1568	HTd/Np	067GA
17	1	14		כִּ֣י	3588 a	HC	06UrQ
17	1	15		ה֤וּא	1931	HPp3ms	06oMw
17	1	16		הָיָה֙	1961	HVqp3ms	067Ey
17	1	17		אִ֣ישׁ	376	HNcmsc	06sR9
17	1	18		מִלְחָמָ֔ה	4421	HNcfsa	06Upo
17	1	19		וַֽ/יְהִי	c/1961	HC/Vqw3ms	06tV7
17	1	20		ל֖/וֹ	l	HR/Sp3ms	06X4N
17	1	21		הַ/גִּלְעָ֥ד	d/1568	HTd/Np	06BMP
17	1	22		וְ/הַ/בָּשָֽׁן	c/d/1316	HC/Td/Np	06XQZ
17	2	1		וַ֠/יְהִי	c/1961	HC/Vqw3ms	06AgV
17	2	2		לִ/בְנֵ֨י	l/1121 a	HR/Ncmpc	0642a
17	2	3		מְנַשֶּׁ֥ה	4519	HNp	061bX
17	2	4		הַ/נּוֹתָרִים֮	d/3498	HTd/VNrmpa	06DmX
17	2	5		לְ/מִשְׁפְּחֹתָ/ם֒	l/4940	HR/Ncfpc/Sp3mp	06uSY
17	2	6		לִ/בְנֵ֨י	l/1121 a	HR/Ncmpc	06J6k
17	2	7		אֲבִיעֶ֜זֶר	44	HNp	06J8W
17	2	8		וְ/לִ/בְנֵי	c/l/1121 a	HC/R/Ncmpc	06q9y
17	2	9		חֵ֗לֶק	2507	HNp	06VHs
17	2	10		וְ/לִ/בְנֵ֤י	c/l/1121 a	HC/R/Ncmpc	06vXK
17	2	11		אַשְׂרִיאֵל֙	844	HNp	06Fyg
17	2	12		וְ/לִ/בְנֵי	c/l/1121 a	HC/R/Ncmpc	06BF8
17	2	13		שֶׁ֔כֶם	7928	HNp	066WH
17	2	14		וְ/לִ/בְנֵי	c/l/1121 a	HC/R/Ncmpc	06pnb
17	2	15		חֵ֖פֶר	2660 a	HNp	068Sp
17	2	16		וְ/לִ/בְנֵ֣י	c/l/1121 a	HC/R/Ncmpc	06e6W
17	2	17		שְׁמִידָ֑ע	8061	HNp	06X9H
17	2	18		אֵ֠לֶּה	428	HPdxcp	06TGD
17	2	19		בְּנֵ֨י	1121 a	HNcmpc	06FoJ
17	2	20		מְנַשֶּׁ֧ה	4519	HNp	065Ay
17	2	21		בֶּן	1121 a	HNcmsc	06BSJ
17	2	22		יוֹסֵ֛ף	3130	HNp	06j9y
17	2	23		הַ/זְּכָרִ֖ים	d/2145	HTd/Ncmpa	06FZn
17	2	24		לְ/מִשְׁפְּחֹתָֽ/ם	l/4940	HR/Ncfpc/Sp3mp	06HhN
17	3	1		וְ/לִ/צְלָפְחָד֩	c/l/6765	HC/R/Np	06gtJ
17	3	2		בֶּן	1121 a	HNcmsc	06ZC2
17	3	3		חֵ֨פֶר	2660 a	HNp	06h7b
17	3	4		בֶּן	1121 a	HNcmsc	06sWn
17	3	5		גִּלְעָ֜ד	1568	HNp	06diL
17	3	6		בֶּן	1121 a	HNcmsc	06MzP
17	3	7		מָכִ֣יר	4353	HNp	06soR
17	3	8		בֶּן	1121 a	HNcmsc	06oJs
17	3	9		מְנַשֶּׁ֗ה	4519	HNp	06P7Z
17	3	10		לֹא	3808	HTn	06UMk
17	3	11		הָ֥יוּ	1961	HVqp3cp	06yqU
17	3	12		ל֛/וֹ	l	HR/Sp3ms	06zhi
17	3	13		בָּנִ֖ים	1121 a	HNcmpa	06HwR
17	3	14		כִּ֣י	3588 b	HC	06vo1
17	3	15		אִם	518 b	HC	06jQT
17	3	16		בָּנ֑וֹת	1323	HNcfpa	06hL8
17	3	17		וְ/אֵ֨לֶּה֙	c/428	HC/Pdxcp	06PSr
17	3	18		שְׁמ֣וֹת	8034	HNcmpc	06A7A
17	3	19		בְּנֹתָ֔י/ו	1323	HNcfpc/Sp3ms	06Yn7
17	3	20		מַחְלָ֣ה	4244	HNp	06LGS
17	3	21		וְ/נֹעָ֔ה	c/5270	HC/Np	067gX
17	3	22		חָגְלָ֥ה	2295	HNp	06uwj
17	3	23		מִלְכָּ֖ה	4435	HNp	06jLM
17	3	24		וְ/תִרְצָֽה	c/8656	HC/Np	06kdj
17	4	1		וַ/תִּקְרַ֡בְנָה	c/7126	HC/Vqw3fp	06adQ
17	4	2		לִ/פְנֵי֩	l/6440	HR/Ncbpc	064iK
17	4	3		אֶלְעָזָ֨ר	499	HNp	06bj1
17	4	4		הַ/כֹּהֵ֜ן	d/3548	HTd/Ncmsa	06MWz
17	4	5		וְ/לִ/פְנֵ֣י	c/l/6440	HC/R/Ncbpc	06TaW
17	4	6		יְהוֹשֻׁ֣עַ	3091	HNp	06KZY
17	4	7		בִּן	1121 a	HNcmsc	06moJ
17	4	8		נ֗וּן	5126	HNp	06TJS
17	4	9		וְ/לִ/פְנֵ֤י	c/l/6440	HC/R/Ncbpc	06A6D
17	4	10		הַ/נְּשִׂיאִים֙	d/5387 a	HTd/Ncmpa	06hwz
17	4	11		לֵ/אמֹ֔ר	l/559	HR/Vqc	06ZqD
17	4	12		יְהוָה֙	3068	HNp	06p4s
17	4	13		צִוָּ֣ה	6680	HVpp3ms	06a92
17	4	14		אֶת	853	HTo	06hmo
17	4	15		מֹשֶׁ֔ה	4872	HNp	06wap
17	4	16		לָֽ/תֶת	l/5414	HR/Vqc	06vyW
17	4	17		לָ֥/נוּ	l	HR/Sp1cp	06qms
17	4	18		נַחֲלָ֖ה	5159	HNcfsa	06RqS
17	4	19		בְּ/ת֣וֹךְ	b/8432	HR/Ncmsc	06gaG
17	4	20		אַחֵ֑י/נוּ	251	HNcmpc/Sp1cp	069eX
17	4	21		וַ/יִּתֵּ֨ן	c/5414	HC/Vqw3ms	06yVb
17	4	22		לָ/הֶ֜ם	l	HR/Sp3mp	063o4
17	4	23		אֶל	413	HR	067ZM
17	4	24		פִּ֤י	6310	HNcmsc	06xJt
17	4	25		יְהוָה֙	3068	HNp	06UR1
17	4	26		נַֽחֲלָ֔ה	5159	HNcfsa	062ps
17	4	27		בְּ/ת֖וֹךְ	b/8432	HR/Ncmsc	06DM4
17	4	28		אֲחֵ֥י	251	HNcmpc	06XS5
17	4	29		אֲבִי/הֶֽן	1	HNcmsc/Sp3fp	0646A
17	5	1		וַ/יִּפְּל֥וּ	c/5307	HC/Vqw3mp	06SS8
17	5	2		חַבְלֵֽי	2256 a	HNcbpc	06Ynk
17	5	3		מְנַשֶּׁ֖ה	4519	HNp	062XA
17	5	4		עֲשָׂרָ֑ה	6235	HAcmsa	06K7p
17	5	5		לְ/בַ֞ד	l/905	HR/Ncmsa	06uM1
17	5	6		מֵ/אֶ֤רֶץ	m/776	HR/Ncbsc	069Xs
17	5	7		הַ/גִּלְעָד֙	d/1568	HTd/Np	069Qh
17	5	8		וְ/הַ/בָּשָׁ֔ן	c/d/1316	HC/Td/Np	06XmE
17	5	9		אֲשֶׁ֖ר	834 a	HTr	06uzM
17	5	10		מֵ/עֵ֥בֶר	m/5676	HR/Ncmsa	06XRp
17	5	11		לַ/יַּרְדֵּֽן	l/3383	HRd/Np	06yp2
17	6	1		כִּ֚י	3588 a	HC	06DJM
17	6	2		בְּנ֣וֹת	1323	HNcfpc	06vQR
17	6	3		מְנַשֶּׁ֔ה	4519	HNp	06cab
17	6	4		נָחֲל֥וּ	5157	HVqp3cp	06A5y
17	6	5		נַחֲלָ֖ה	5159	HNcfsa	06BKA
17	6	6		בְּ/ת֣וֹךְ	b/8432	HR/Ncmsc	06B6D
17	6	7		בָּנָ֑י/ו	1121 a	HNcmpc/Sp3ms	06bx9
17	6	8		וְ/אֶ֨רֶץ֙	c/776	HC/Ncbsc	06kw8
17	6	9		הַ/גִּלְעָ֔ד	d/1568	HTd/Np	06ugJ
17	6	10		הָיְתָ֥ה	1961	HVqp3fs	06oT3
17	6	11		לִ/בְנֵֽי	l/1121 a	HR/Ncmpc	067n5
17	6	12		מְנַשֶּׁ֖ה	4519	HNp	06zjF
17	6	13		הַ/נּֽוֹתָרִֽים	d/3498	HTd/VNrmpa	062wq
17	7	1		וַ/יְהִ֤י	c/1961	HC/Vqw3ms	06TKy
17	7	2		גְבוּל	1366	HNcmsc	06Zvg
17	7	3		מְנַשֶּׁה֙	4519	HNp	06Xdn
17	7	4		מֵֽ/אָשֵׁ֔ר	m/836	HR/Np	06ewY
17	7	5		הַֽ/מִּכְמְתָ֔ת	d/4366	HTd/Np	06wyg
17	7	6		אֲשֶׁ֖ר	834 a	HTr	06V4B
17	7	7		עַל	5921 a	HR	06Noa
17	7	8		פְּנֵ֣י	6440	HNcbpc	06gYC
17	7	9		שְׁכֶ֑ם	7927	HNp	06QQa
17	7	10		וְ/הָלַ֤ךְ	c/1980	HC/Vqp3ms	06q6Z
17	7	11		הַ/גְּבוּל֙	d/1366	HTd/Ncmsa	06ZLy
17	7	12		אֶל	413	HR	06BzT
17	7	13		הַ/יָּמִ֔ין	d/3225	HTd/Ncfsa	06TJK
17	7	14		אֶל	413	HR	069kM
17	7	15		יֹשְׁבֵ֖י	3427	HVqrmpc	06ZPK
17	7	16		עֵ֥ין	5887+	HNp	06Gh3
17	7	17		תַּפּֽוּחַ	5887	HNp	06SCi
17	8	1		לִ/מְנַשֶּׁ֕ה	l/4519	HR/Np	068NS
17	8	2		הָיְתָ֖ה	1961	HVqp3fs	06MPG
17	8	3		אֶ֣רֶץ	776	HNcbsc	06SXf
17	8	4		תַּפּ֑וּחַ	8599 b	HNp	06cJc
17	8	5		וְ/תַפּ֛וּחַ	c/8599 b	HC/Np	063Fn
17	8	6		אֶל	413	HR	06eQR
17	8	7		גְּב֥וּל	1366	HNcmsc	06RFU
17	8	8		מְנַשֶּׁ֖ה	4519	HNp	06bpA
17	8	9		לִ/בְנֵ֥י	l/1121 a	HR/Ncmpc	06PmA
17	8	10		אֶפְרָֽיִם	669	HNp	06nc7
17	9	1		וְ/יָרַ֣ד	c/3381	HC/Vqq3ms	068xD
17	9	2		הַ/גְּבוּל֩	d/1366	HTd/Ncmsa	06QjA
17	9	3		נַ֨חַל	5158 a	HNcmsc	06Wov
17	9	4		קָנָ֜ה	7071	HNp	06p1C
17	9	5		נֶ֣גְבָּ/ה	5045	HNcmsa/Sd	064eP
17	9	6		לַ/נַּ֗חַל	l/5158 a	HRd/Ncmsa	06dDU
17	9	7		עָרִ֤ים	5892 b	HNcfpa	06kxg
17	9	8		הָ/אֵ֨לֶּה֙	d/428	HTd/Pdxcp	06H7a
17	9	9		לְ/אֶפְרַ֔יִם	l/669	HR/Np	06fjj
17	9	10		בְּ/ת֖וֹךְ	b/8432	HR/Ncmsc	06KgW
17	9	11		עָרֵ֣י	5892 b	HNcfpc	06kLe
17	9	12		מְנַשֶּׁ֑ה	4519	HNp	06uDV
17	9	13		וּ/גְב֤וּל	c/1366	HC/Ncmsc	06pK1
17	9	14		מְנַשֶּׁה֙	4519	HNp	0664b
17	9	15		מִ/צְּפ֣וֹן	m/6828	HR/Ncfsc	06QEA
17	9	16		לַ/נַּ֔חַל	l/5158 a	HRd/Ncmsa	06Wni
17	9	17		וַ/יְהִ֥י	c/1961	HC/Vqw3ms	06GKY
17	9	18		תֹצְאֹתָ֖י/ו	8444	HNcfpc/Sp3ms	066E7
17	9	19		הַ/יָּֽמָּ/ה	d/3220	HTd/Ncmsa/Sd	06TuK
17	10	1		נֶ֣גְבָּ/ה	5045	HNcmsa/Sd	06i6E
17	10	2		לְ/אֶפְרַ֗יִם	l/669	HR/Np	06awb
17	10	3		וְ/צָפ֨וֹנָ/ה֙	c/6828	HC/Ncfsa/Sd	06h2S
17	10	4		לִ/מְנַשֶּׁ֔ה	l/4519	HR/Np	0627e
17	10	5		וַ/יְהִ֥י	c/1961	HC/Vqw3ms	06sak
17	10	6		הַ/יָּ֖ם	d/3220	HTd/Ncmsa	06wGN
17	10	7		גְּבוּל֑/וֹ	1366	HNcmsc/Sp3ms	06RFf
17	10	8		וּ/בְ/אָשֵׁר֙	c/b/836	HC/R/Np	06RrN
17	10	9		יִפְגְּע֣וּ/ן	6293	HVqi3mp/Sn	06FyN
17	10	10		מִ/צָּפ֔וֹן	m/6828	HR/Ncfsa	06Sg8
17	10	11		וּ/בְ/יִשָּׂשכָ֖ר	c/b/3485	HC/R/Np	06c8R
17	10	12		מִ/מִּזְרָֽח	m/4217	HR/Ncmsa	06vBx
17	11	1		וַ/יְהִ֨י	c/1961	HC/Vqw3ms	06JJb
17	11	2		לִ/מְנַשֶּׁ֜ה	l/4519	HR/Np	06bNi
17	11	3		בְּ/יִשָּׂשכָ֣ר	b/3485	HR/Np	06CxL
17	11	4		וּ/בְ/אָשֵׁ֗ר	c/b/836	HC/R/Np	0628i
17	11	5		בֵּית	1052+	HNp	06nDC
17	11	6		שְׁאָ֣ן	1052	HNp	065Fi
17	11	7		וּ֠/בְנוֹתֶי/הָ	c/1323	HC/Ncfpc/Sp3fs	06hhf
17	11	8		וְ/יִבְלְעָ֨ם	c/2991	HC/Np	06ZDv
17	11	9		וּ/בְנוֹתֶ֜י/הָ	c/1323	HC/Ncfpc/Sp3fs	06txZ
17	11	10		וְֽ/אֶת	c/853	HC/To	06XQ4
17	11	11		יֹשְׁבֵ֧י	3427	HVqrmpc	06kdH
17	11	12		דֹ֣אר	1756	HNp	061eg
17	11	13		וּ/בְנוֹתֶ֗י/הָ	c/1323	HC/Ncfpc/Sp3fs	06rkQ
17	11	14		וְ/יֹשְׁבֵ֤י	c/3427	HC/Vqrmpc	06mc9
17	11	15		עֵֽין	5874+	HNp	06AEf
17	11	16		דֹּר֙	5874	HNp	06xhg
17	11	17		וּ/בְנֹתֶ֔י/הָ	c/1323	HC/Ncfpc/Sp3fs	06PdT
17	11	18		וְ/יֹשְׁבֵ֤י	c/3427	HC/Vqrmpc	06VCX
17	11	19		תַעְנַךְ֙	8590	HNp	06UQS
17	11	20		וּ/בְנֹתֶ֔י/הָ	c/1323	HC/Ncfpc/Sp3fs	06o3z
17	11	21		וְ/יֹשְׁבֵ֥י	c/3427	HC/Vqrmpc	06nTn
17	11	22		מְגִדּ֖וֹ	4023	HNp	06qNT
17	11	23		וּ/בְנוֹתֶ֑י/הָ	c/1323	HC/Ncfpc/Sp3fs	06K7g
17	11	24		שְׁלֹ֖שֶׁת	7969	HAcmsc	063up
17	11	25		הַ/נָּֽפֶת	d/5316	HTd/Ncfsa	06BXk
17	12	1		וְ/לֹ֤א	c/3808	HC/Tn	06Aab
17	12	2		יָכְלוּ֙	3201	HVqp3cp	06KR4
17	12	3		בְּנֵ֣י	1121 a	HNcmpc	06LRP
17	12	4		מְנַשֶּׁ֔ה	4519	HNp	06Cx2
17	12	5		לְ/הוֹרִ֖ישׁ	l/3423	HR/Vhc	068nk
17	12	6		אֶת	853	HTo	06qNH
17	12	7		הֶֽ/עָרִ֣ים	d/5892 b	HTd/Ncfpa	06oFf
17	12	8		הָ/אֵ֑לֶּה	d/428	HTd/Pdxcp	06wN9
17	12	9		וַ/יּ֨וֹאֶל֙	c/2974	HC/Vhw3ms	06Thc
17	12	10		הַֽ/כְּנַעֲנִ֔י	d/3669 a	HTd/Ngmsa	069iL
17	12	11		לָ/שֶׁ֖בֶת	l/3427	HR/Vqc	062si
17	12	12		בָּ/אָ֥רֶץ	b/776	HRd/Ncbsa	06e2d
17	12	13		הַ/זֹּֽאת	d/2063	HTd/Pdxfs	06N3B
17	13	1		וַֽ/יְהִ֗י	c/1961	HC/Vqw3ms	06k8w
17	13	2		כִּ֤י	3588 a	HC	06Jo5
17	13	3		חָֽזְקוּ֙	2388	HVqp3cp	06vsG
17	13	4		בְּנֵ֣י	1121 a	HNcmpc	06cQX
17	13	5		יִשְׂרָאֵ֔ל	3478	HNp	06dSa
17	13	6		וַ/יִּתְּנ֥וּ	c/5414	HC/Vqw3mp	06mJB
17	13	7		אֶת	853	HTo	062J5
17	13	8		הַֽ/כְּנַעֲנִ֖י	d/3669 a	HTd/Ngmsa	06jmo
17	13	9		לָ/מַ֑ס	l/4522	HR/Ncmsa	06wTD
17	13	10		וְ/הוֹרֵ֖שׁ	c/3423	HC/Vha	06opn
17	13	11		לֹ֥א	3808	HTn	06PWA
17	13	12		הוֹרִישֽׁ/וֹ	3423	HVhp3ms/Sp3ms	06wQ5
17	14	1		וַֽ/יְדַבְּרוּ֙	c/1696	HC/Vpw3mp	06tNN
17	14	2		בְּנֵ֣י	1121 a	HNcmpc	065Eg
17	14	3		יוֹסֵ֔ף	3130	HNp	06z7h
17	14	4		אֶת	854	HR	06YUB
17	14	5		יְהוֹשֻׁ֖עַ	3091	HNp	06iFz
17	14	6		לֵ/אמֹ֑ר	l/559	HR/Vqc	06ZxT
17	14	7		מַדּוּעַ֩	4069	HTi	06vGq
17	14	8		נָתַ֨תָּה	5414	HVqp2ms	06n94
17	14	9		לִּ֜/י	l	HR/Sp1cs	06Jbo
17	14	10		נַחֲלָ֗ה	5159	HNcfsa	06Jem
17	14	11		גּוֹרָ֤ל	1486	HNcmsa	06wE2
17	14	12		אֶחָד֙	259	HAcmsa	06S6s
17	14	13		וְ/חֶ֣בֶל	c/2256 a	HC/Ncbsa	06Cn1
17	14	14		אֶחָ֔ד	259	HAcmsa	06KtS
17	14	15		וַֽ/אֲנִ֣י	c/589	HC/Pp1cs	06E8Y
17	14	16		עַם	5971 a	HNcmsa	06ugs
17	14	17		רָ֔ב	7227 a	HAamsa	06GYh
17	14	18		עַ֥ד	5704	HR	06ftp
17	14	19		אֲשֶׁר	834 a	HTr	0691N
17	14	20		עַד	5704	HR	06tsr
17	14	21		כֹּ֖ה	3541	HD	061N3
17	14	22		בֵּֽרְכַ֥/נִי	1288	HVpp3ms/Sp1cs	06LSS
17	14	23		יְהוָֽה	3068	HNp	06Vya
17	15	1		וַ/יֹּ֨אמֶר	c/559	HC/Vqw3ms	06h6D
17	15	2		אֲלֵי/הֶ֜ם	413	HR/Sp3mp	06na2
17	15	3		יְהוֹשֻׁ֗עַ	3091	HNp	06YS9
17	15	4		אִם	518 a	HC	06X37
17	15	5		עַם	5971 a	HNcmsa	06eaF
17	15	6		רַ֤ב	7227 a	HAamsa	0613E
17	15	7		אַתָּה֙	859 a	HPp2ms	06jXA
17	15	8		עֲלֵ֣ה	5927	HVqv2ms	064KF
17	15	9		לְ/ךָ֣	l	HR/Sp2ms	06MSd
17	15	10		הַ/יַּ֔עְרָ/ה	d/3293 a	HTd/Ncmsa/Sd	06J4L
17	15	11		וּ/בֵרֵאתָ֤	c/1254 a	HC/Vpq2ms	06Qq5
17	15	12		לְ/ךָ֙	l	HR/Sp2ms	06sC8
17	15	13		שָׁ֔ם	8033	HD	06nHM
17	15	14		בְּ/אֶ֥רֶץ	b/776	HR/Ncbsc	06Cyg
17	15	15		הַ/פְּרִזִּ֖י	d/6522	HTd/Ngmsa	06tYe
17	15	16		וְ/הָֽ/רְפָאִ֑ים	c/d/7497 b	HC/Td/Np	06uk3
17	15	17		כִּֽי	3588 a	HC	06DWE
17	15	18		אָ֥ץ	213	HVqp3ms	06xSK
17	15	19		לְ/ךָ֖	l	HR/Sp2ms	062gY
17	15	20		הַר	2022	HNcmsc	06c69
17	15	21		אֶפְרָֽיִם	669	HNp	06yGC
17	16	1		וַ/יֹּֽאמְרוּ֙	c/559	HC/Vqw3mp	06qSK
17	16	2		בְּנֵ֣י	1121 a	HNcmpc	06afN
17	16	3		יוֹסֵ֔ף	3130	HNp	06URv
17	16	4		לֹֽא	3808	HTn	067xX
17	16	5		יִמָּ֥צֵא	4672	HVNi3ms	06oAZ
17	16	6		לָ֖/נוּ	l	HR/Sp1cp	06Fof
17	16	7		הָ/הָ֑ר	d/2022	HTd/Ncmsa	06sYs
17	16	8		וְ/רֶ֣כֶב	c/7393	HC/Ncmsc	06kHd
17	16	9		בַּרְזֶ֗ל	1270	HNcmsa	06uF9
17	16	10		בְּ/כָל	b/3605	HR/Ncmsc	06omp
17	16	11		הַֽ/כְּנַעֲנִי֙	d/3669 a	HTd/Ngmsa	06N5F
17	16	12		הַ/יֹּשֵׁ֣ב	d/3427	HTd/Vqrmsa	06Zmp
17	16	13		בְּ/אֶֽרֶץ	b/776	HR/Ncbsc	06FFZ
17	16	14		הָ/עֵ֔מֶק	d/6010	HTd/Ncmsa	06zfi
17	16	15		לַֽ/אֲשֶׁ֤ר	l/834 a	HR/Tr	06eh8
17	16	16		בְּ/בֵית	b/1052+	HR/Np	06Ded
17	16	17		שְׁאָן֙	1052	HNp	06nTB
17	16	18		וּ/בְנוֹתֶ֔י/הָ	c/1323	HC/Ncfpc/Sp3fs	06Njh
17	16	19		וְ/לַֽ/אֲשֶׁ֖ר	c/l/834 a	HC/R/Tr	06F1o
17	16	20		בְּ/עֵ֥מֶק	b/6010	HR/Ncmsc	06SBw
17	16	21		יִזְרְעֶֽאל	3157	HNp	06imY
17	17	1		וַ/יֹּ֤אמֶר	c/559	HC/Vqw3ms	06EFd
17	17	2		יְהוֹשֻׁ֨עַ֙	3091	HNp	06anA
17	17	3		אֶל	413	HR	06rk4
17	17	4		בֵּ֣ית	1004 b	HNcmsc	06iG5
17	17	5		יוֹסֵ֔ף	3130	HNp	066id
17	17	6		לְ/אֶפְרַ֥יִם	l/669	HR/Np	06Nbz
17	17	7		וְ/לִ/מְנַשֶּׁ֖ה	c/l/4519	HC/R/Np	06Dh7
17	17	8		לֵ/אמֹ֑ר	l/559	HR/Vqc	06M6f
17	17	9		עַם	5971 a	HNcmsa	06rpM
17	17	10		רַ֣ב	7227 a	HAamsa	06GYX
17	17	11		אַתָּ֗ה	859 a	HPp2ms	06mHQ
17	17	12		וְ/כֹ֤חַ	c/3581 b	HC/Ncmsa	06Q6S
17	17	13		גָּדוֹל֙	1419 a	HAamsa	062UC
17	17	14		לָ֔/ךְ	l	HR/Sp2fs	06jkK
17	17	15		לֹֽא	3808	HTn	06Xn7
17	17	16		יִהְיֶ֥ה	1961	HVqi3ms	062xh
17	17	17		לְ/ךָ֖	l	HR/Sp2ms	06CSf
17	17	18		גּוֹרָ֥ל	1486	HNcmsa	06vz3
17	17	19		אֶחָֽד	259	HAcmsa	06uJ5
17	18	1		כִּ֣י	3588 a	HC	06DkJ
17	18	2		הַ֤ר	2022	HNcmsa	06tHJ
17	18	3		יִֽהְיֶה	1961	HVqi3ms	06bUa
17	18	4		לָּ/ךְ֙	l	HR/Sp2fs	06L1P
17	18	5		כִּֽי	3588 a	HC	06fz2
17	18	6		יַ֣עַר	3293 a	HNcmsa	06cSL
17	18	7		ה֔וּא	1931	HPp3ms	06NCu
17	18	8		וּ/בֵ֣רֵאת֔/וֹ	c/1254 a	HC/Vpq2ms/Sp3ms	06Jty
17	18	9		וְ/הָיָ֥ה	c/1961	HC/Vqq3ms	06VA7
17	18	10		לְ/ךָ֖	l	HR/Sp2ms	06zaC
17	18	11		תֹּֽצְאֹתָ֑י/ו	8444	HNcfpc/Sp3ms	06cd3
17	18	12		כִּֽי	3588 a	HC	06L4J
17	18	13		תוֹרִ֣ישׁ	3423	HVhi2ms	062q5
17	18	14		אֶת	853	HTo	06UVp
17	18	15		הַֽ/כְּנַעֲנִ֗י	d/3669 a	HTd/Ngmsa	06SeE
17	18	16		כִּ֣י	3588 a	HC	0653z
17	18	17		רֶ֤כֶב	7393	HNcmsc	06uUZ
17	18	18		בַּרְזֶל֙	1270	HNcmsa	065WT
17	18	19		ל֔/וֹ	l	HR/Sp3ms	066vQ
17	18	20		כִּ֥י	3588 a	HC	06GZQ
17	18	21		חָזָ֖ק	2389	HAamsa	06T81
17	18	22		הֽוּא	1931	HPp3ms	066mf
18	1	1		וַ/יִּקָּ֨הֲל֜וּ	c/6950	HC/VNw3mp	06mfQ
18	1	2		כָּל	3605	HNcmsc	06DE4
18	1	3		עֲדַ֤ת	5712	HNcfsc	06GHd
18	1	4		בְּנֵֽי	1121 a	HNcmpc	06CbA
18	1	5		יִשְׂרָאֵל֙	3478	HNp	06KAe
18	1	6		שִׁלֹ֔ה	7887	HNp	06Qvc
18	1	7		וַ/יַּשְׁכִּ֥ינוּ	c/7931	HC/Vhw3mp	06sjF
18	1	8		שָׁ֖ם	8033	HD	06rmr
18	1	9		אֶת	853	HTo	06Psc
18	1	10		אֹ֣הֶל	168	HNcmsc	06Ab6
18	1	11		מוֹעֵ֑ד	4150	HNcmsa	061TR
18	1	12		וְ/הָ/אָ֥רֶץ	c/d/776	HC/Td/Ncbsa	06u5H
18	1	13		נִכְבְּשָׁ֖ה	3533	HVNp3fs	06MQc
18	1	14		לִ/פְנֵי/הֶֽם	l/6440	HR/Ncbpc/Sp3mp	06Wfn
18	2	1		וַ/יִּוָּֽתְרוּ֙	c/3498	HC/VNw3mp	06d4o
18	2	2		בִּ/בְנֵ֣י	b/1121 a	HR/Ncmpc	06ATh
18	2	3		יִשְׂרָאֵ֔ל	3478	HNp	06iSY
18	2	4		אֲשֶׁ֥ר	834 a	HTr	06DkE
18	2	5		לֹֽא	3808	HTn	06nMZ
18	2	6		חָלְק֖וּ	2505 a	HVqp3cp	064iz
18	2	7		אֶת	853	HTo	06qd4
18	2	8		נַֽחֲלָתָ֑/ם	5159	HNcfsc/Sp3mp	06nru
18	2	9		שִׁבְעָ֖ה	7651	HAcmsa	06Pxa
18	2	10		שְׁבָטִֽים	7626	HNcmpa	06bkq
18	3	1		וַ/יֹּ֥אמֶר	c/559	HC/Vqw3ms	06HHt
18	3	2		יְהוֹשֻׁ֖עַ	3091	HNp	06q1a
18	3	3		אֶל	413	HR	06o7T
18	3	4		בְּנֵ֣י	1121 a	HNcmpc	068B7
18	3	5		יִשְׂרָאֵ֑ל	3478	HNp	06e4G
18	3	6		עַד	5704	HR	06UMb
18	3	7		אָ֨נָה֙	575	HD	06sBg
18	3	8		אַתֶּ֣ם	859 d	HPp2mp	06mtF
18	3	9		מִתְרַפִּ֔ים	7503	HVtrmpa	06saW
18	3	10		לָ/בוֹא֙	l/935	HR/Vqc	06s5y
18	3	11		לָ/רֶ֣שֶׁת	l/3423	HR/Vqc	06Ccr
18	3	12		אֶת	853	HTo	06Q6y
18	3	13		הָ/אָ֔רֶץ	d/776	HTd/Ncbsa	06F3m
18	3	14		אֲשֶׁר֙	834 a	HTr	06Qnx
18	3	15		נָתַ֣ן	5414	HVqp3ms	064CQ
18	3	16		לָ/כֶ֔ם	l	HR/Sp2mp	06BgX
18	3	17		יְהוָ֖ה	3068	HNp	06i2o
18	3	18		אֱלֹהֵ֥י	430	HNcmpc	06oyG
18	3	19		אֲבֽוֹתֵי/כֶֽם	1	HNcmpc/Sp2mp	062nn
18	4	1		הָב֥וּ	3051	HVqv2mp	06nqZ
18	4	2		לָ/כֶ֛ם	l	HR/Sp2mp	06xBh
18	4	3		שְׁלֹשָׁ֥ה	7969	HAcmsa	066MB
18	4	4		אֲנָשִׁ֖ים	376	HNcmpa	06fQv
18	4	5		לַ/שָּׁ֑בֶט	l/7626	HRd/Ncmsa	06Dvr
18	4	6		וְ/אֶשְׁלָחֵ֗/ם	c/7971	HC/Vqi1cs/Sp3mp	06tYy
18	4	7		וְ/יָקֻ֜מוּ	c/6965 b	HC/Vqi3mp	06Zje
18	4	8		וְ/יִֽתְהַלְּכ֥וּ	c/1980	HC/Vti3mp	064VK
18	4	9		בָ/אָ֛רֶץ	b/776	HRd/Ncbsa	06M3S
18	4	10		וְ/יִכְתְּב֥וּ	c/3789	HC/Vqi3mp	06nqN
18	4	11		אוֹתָ֛/הּ	853	HTo/Sp3fs	06dMv
18	4	12		לְ/פִ֥י	l/6310	HR/Ncmsc	062HZ
18	4	13		נַֽחֲלָתָ֖/ם	5159	HNcfsc/Sp3mp	063Fv
18	4	14		וְ/יָבֹ֥אוּ	c/935	HC/Vqi3mp	067bG
18	4	15		אֵלָֽ/י	413	HR/Sp1cs	06yr8
18	5	1		וְ/הִֽתְחַלְּק֥וּ	c/2505 a	HC/Vtq3cp	06Q4E
18	5	2		אֹתָ֖/הּ	853	HTo/Sp3fs	06EKG
18	5	3		לְ/שִׁבְעָ֣ה	l/7651	HR/Acmsa	065cJ
18	5	4		חֲלָקִ֑ים	2506 a	HNcmpa	06yrN
18	5	5		יְהוּדָ֞ה	3063	HNp	06SNL
18	5	6		יַעֲמֹ֤ד	5975	HVqi3ms	06xBx
18	5	7		עַל	5921 a	HR	064M4
18	5	8		גְּבוּל/וֹ֙	1366	HNcmsc/Sp3ms	06rdY
18	5	9		מִ/נֶּ֔גֶב	m/5045	HR/Ncmsa	06ktS
18	5	10		וּ/בֵ֥ית	c/1004 b	HC/Ncmsc	06T7P
18	5	11		יוֹסֵ֛ף	3130	HNp	06Snb
18	5	12		יַעַמְד֥וּ	5975	HVqi3mp	065Ln
18	5	13		עַל	5921 a	HR	06uoT
18	5	14		גְּבוּלָ֖/ם	1366	HNcmsc/Sp3mp	06x2u
18	5	15		מִ/צָּפֽוֹן	m/6828	HR/Ncfsa	06hib
18	6	1		וְ/אַתֶּ֞ם	c/859 d	HC/Pp2mp	06RnE
18	6	2		תִּכְתְּב֤וּ	3789	HVqi2mp	06oQP
18	6	3		אֶת	853	HTo	06MWb
18	6	4		הָ/אָ֨רֶץ֙	d/776	HTd/Ncbsa	06G4R
18	6	5		שִׁבְעָ֣ה	7651	HAcmsa	06b15
18	6	6		חֲלָקִ֔ים	2506 a	HNcmpa	06Xye
18	6	7		וַֽ/הֲבֵאתֶ֥ם	c/935	HC/Vhq2mp	06meh
18	6	8		אֵלַ֖/י	413	HR/Sp1cs	06Uxw
18	6	9		הֵ֑נָּה	2008	HD	06jYS
18	6	10		וְ/יָרִ֨יתִי	c/3384 b	HC/Vqq1cs	06S6n
18	6	11		לָ/כֶ֤ם	l	HR/Sp2mp	06CZt
18	6	12		גּוֹרָל֙	1486	HNcmsa	06ZFR
18	6	13		פֹּ֔ה	6311	HD	06te8
18	6	14		לִ/פְנֵ֖י	l/6440	HR/Ncbpc	06V7Q
18	6	15		יְהוָ֥ה	3068	HNp	06LQP
18	6	16		אֱלֹהֵֽי/נוּ	430	HNcmpc/Sp1cp	06aiP
18	7	1		כִּ֠י	3588 a	HC	06QFp
18	7	2		אֵֽין	369	HTn	06TJ7
18	7	3		חֵ֤לֶק	2506 a	HNcmsa	065YU
18	7	4		לַ/לְוִיִּם֙	l/3881	HRd/Ngmpa	06W6q
18	7	5		בְּ/קִרְבְּ/כֶ֔ם	b/7130	HR/Ncmsc/Sp2mp	062XS
18	7	6		כִּֽי	3588 a	HC	06dMu
18	7	7		כְהֻנַּ֥ת	3550	HNcfsc	066Rv
18	7	8		יְהוָ֖ה	3068	HNp	06Suh
18	7	9		נַחֲלָת֑/וֹ	5159	HNcfsc/Sp3ms	06GJe
18	7	10		וְ/גָ֡ד	c/1410	HC/Np	06XKM
18	7	11		וּ/רְאוּבֵ֡ן	c/7205	HC/Np	06KTE
18	7	12		וַ/חֲצִי֩	c/2677	HC/Ncmsc	06JAR
18	7	13		שֵׁ֨בֶט	7626	HNcmsc	06Fuj
18	7	14		הַֽ/מְנַשֶּׁ֜ה	d/4519	HTd/Np	066ni
18	7	15		לָקְח֣וּ	3947	HVqp3cp	06Txv
18	7	16		נַחֲלָתָ֗/ם	5159	HNcfsc/Sp3mp	06fYi
18	7	17		מֵ/עֵ֤בֶר	m/5676	HR/Ncmsa	06rqP
18	7	18		לַ/יַּרְדֵּן֙	l/3383	HRd/Np	06r7x
18	7	19		מִזְרָ֔חָ/ה	4217	HNcmsa/Sd	06K4Y
18	7	20		אֲשֶׁר֙	834 a	HTr	06mRC
18	7	21		נָתַ֣ן	5414	HVqp3ms	06ekW
18	7	22		לָ/הֶ֔ם	l	HR/Sp3mp	06TdN
18	7	23		מֹשֶׁ֖ה	4872	HNp	06b8z
18	7	24		עֶ֥בֶד	5650	HNcmsc	06C3m
18	7	25		יְהוָֽה	3068	HNp	06dM6
18	8	1		וַ/יָּקֻ֥מוּ	c/6965 b	HC/Vqw3mp	06YiE
18	8	2		הָ/אֲנָשִׁ֖ים	d/376	HTd/Ncmpa	06ysi
18	8	3		וַ/יֵּלֵ֑כוּ	c/3212	HC/Vqw3mp	069hE
18	8	4		וַ/יְצַ֣ו	c/6680	HC/Vpw3ms	06BLQ
18	8	5		יְהוֹשֻׁ֡עַ	3091	HNp	06cxB
18	8	6		אֶת	853	HTo	06vpM
18	8	7		הַ/הֹלְכִים֩	d/1980	HTd/Vqrmpa	0677U
18	8	8		לִ/כְתֹּ֨ב	l/3789	HR/Vqc	06soC
18	8	9		אֶת	853	HTo	06KuJ
18	8	10		הָ/אָ֜רֶץ	d/776	HTd/Ncbsa	06Bms
18	8	11		לֵ/אמֹ֗ר	l/559	HR/Vqc	06Yx3
18	8	12		לְ֠כוּ	3212	HVqv2mp	06M8R
18	8	13		וְ/הִתְהַלְּכ֨וּ	c/1980	HC/Vtv2mp	06sKN
18	8	14		בָ/אָ֜רֶץ	b/776	HRd/Ncbsa	06rif
18	8	15		וְ/כִתְב֤וּ	c/3789	HC/Vqv2mp	06N8y
18	8	16		אוֹתָ/הּ֙	853	HTo/Sp3fs	066Mt
18	8	17		וְ/שׁ֣וּבוּ	c/7725	HC/Vqv2mp	06GDp
18	8	18		אֵלַ֔/י	413	HR/Sp1cs	06vom
18	8	19		וּ֠/פֹה	c/6311	HC/D	06oMx
18	8	20		אַשְׁלִ֨יךְ	7993	HVhi1cs	06Gmc
18	8	21		לָ/כֶ֥ם	l	HR/Sp2mp	06Foo
18	8	22		גּוֹרָ֛ל	1486	HNcmsa	06yqJ
18	8	23		לִ/פְנֵ֥י	l/6440	HR/Ncbpc	06mjf
18	8	24		יְהוָ֖ה	3068	HNp	061pQ
18	8	25		בְּ/שִׁלֹֽה	b/7887	HR/Np	06wkA
18	9	1		וַ/יֵּלְכ֤וּ	c/3212	HC/Vqw3mp	06HpE
18	9	2		הָֽ/אֲנָשִׁים֙	d/376	HTd/Ncmpa	06QRf
18	9	3		וַ/יַּעַבְר֣וּ	c/5674 a	HC/Vqw3mp	06Ywy
18	9	4		בָ/אָ֔רֶץ	b/776	HRd/Ncbsa	06oei
18	9	5		וַ/יִּכְתְּב֧וּ/הָ	c/3789	HC/Vqw3mp/Sp3fs	06AmM
18	9	6		לֶֽ/עָרִ֛ים	l/5892 b	HRd/Ncfpa	06LQY
18	9	7		לְ/שִׁבְעָ֥ה	l/7651	HR/Acmsa	066XT
18	9	8		חֲלָקִ֖ים	2506 a	HNcmpa	06cNh
18	9	9		עַל	5921 a	HR	06tUA
18	9	10		סֵ֑פֶר	5612 a	HNcmsa	06EwY
18	9	11		וַ/יָּבֹ֧אוּ	c/935	HC/Vqw3mp	06yE6
18	9	12		אֶל	413	HR	06bJR
18	9	13		יְהוֹשֻׁ֛עַ	3091	HNp	066kx
18	9	14		אֶל	413	HR	06jXc
18	9	15		הַֽ/מַּחֲנֶ֖ה	d/4264	HTd/Ncbsa	06YZS
18	9	16		שִׁלֹֽה	7887	HNp	06v51
18	10	1		וַ/יַּשְׁלֵךְ֩	c/7993	HC/Vhw3ms	062Q9
18	10	2		לָ/הֶ֨ם	l	HR/Sp3mp	065Zv
18	10	3		יְהוֹשֻׁ֧עַ	3091	HNp	062n8
18	10	4		גּוֹרָ֛ל	1486	HNcmsa	06XMf
18	10	5		בְּ/שִׁלֹ֖ה	b/7887	HR/Np	06vjy
18	10	6		לִ/פְנֵ֣י	l/6440	HR/Ncbpc	0676d
18	10	7		יְהוָ֑ה	3068	HNp	065wy
18	10	8		וַ/יְחַלֶּק	c/2505 a	HC/Vpw3ms	06Sfp
18	10	9		שָׁ֨ם	8033	HD	06w2M
18	10	10		יְהוֹשֻׁ֧עַ	3091	HNp	06N4i
18	10	11		אֶת	853	HTo	0619Y
18	10	12		הָ/אָ֛רֶץ	d/776	HTd/Ncbsa	069mG
18	10	13		לִ/בְנֵ֥י	l/1121 a	HR/Ncmpc	06a7q
18	10	14		יִשְׂרָאֵ֖ל	3478	HNp	06cvq
18	10	15		כְּ/מַחְלְקֹתָֽ/ם	k/4256	HR/Ncfpc/Sp3mp	06rxp
18	11	1		וַ/יַּ֗עַל	c/5927	HC/Vqw3ms	06wPK
18	11	2		גּוֹרַ֛ל	1486	HNcmsc	06fvj
18	11	3		מַטֵּ֥ה	4294	HNcmsc	06w3p
18	11	4		בְנֵֽי	1121 a	HNcmpc	06Wk4
18	11	5		בִנְיָמִ֖ן	1144	HNp	06Axf
18	11	6		לְ/מִשְׁפְּחֹתָ֑/ם	l/4940	HR/Ncfpc/Sp3mp	06puY
18	11	7		וַ/יֵּצֵא֙	c/3318	HC/Vqw3ms	063Fa
18	11	8		גְּב֣וּל	1366	HNcmsc	06PGg
18	11	9		גּֽוֹרָלָ֔/ם	1486	HNcmsc/Sp3mp	06fPg
18	11	10		בֵּ֚ין	996	HR	06PNH
18	11	11		בְּנֵ֣י	1121 a	HNcmpc	06u5F
18	11	12		יְהוּדָ֔ה	3063	HNp	06czP
18	11	13		וּ/בֵ֖ין	c/996	HC/R	06ktp
18	11	14		בְּנֵ֥י	1121 a	HNcmpc	06zBm
18	11	15		יוֹסֵֽף	3130	HNp	06DPD
18	12	1		וַ/יְהִ֨י	c/1961	HC/Vqw3ms	06KfD
18	12	2		לָ/הֶ֧ם	l	HR/Sp3mp	064D8
18	12	3		הַ/גְּב֛וּל	d/1366	HTd/Ncmsa	06h9p
18	12	4		לִ/פְאַ֥ת	l/6285	HR/Ncfsc	06ofC
18	12	5		צָפ֖וֹנָ/ה	6828	HNcfsa/Sd	06qYG
18	12	6		מִן	4480 a	HR	06k3C
18	12	7		הַ/יַּרְדֵּ֑ן	d/3383	HTd/Np	0644D
18	12	8		וְ/עָלָ֣ה	c/5927	HC/Vqq3ms	06JuG
18	12	9		הַ/גְּבוּל֩	d/1366	HTd/Ncmsa	06Std
18	12	10		אֶל	413	HR	06V7p
18	12	11		כֶּ֨תֶף	3802	HNcfsc	06sEg
18	12	12		יְרִיח֜וֹ	3405	HNp	06qYw
18	12	13		מִ/צָּפ֗וֹן	m/6828	HR/Ncfsa	06gBf
18	12	14		וְ/עָלָ֤ה	c/5927	HC/Vqq3ms	06Uoj
18	12	15		בָ/הָר֙	b/2022	HRd/Ncmsa	06LLg
18	12	16		יָ֔מָּ/ה	3220	HNcmsa/Sd	06pyP
18	12	17	x-ketiv	ו/היה	c/1961	HC/Vqq3ms	06Eyr
18	12	18		וְ/הָיוּ֙	c/1961	HC/Vqq3cp	06g2a
18	12	19		תֹּֽצְאֹתָ֔י/ו	8444	HNcfpc/Sp3ms	063Lw
18	12	20		מִדְבַּ֖רָ/ה	4057 b	HNcmsc/Sd	06YMk
18	12	21		בֵּ֥ית	1007+	HNp	06wTg
18	12	22		אָֽוֶן	1007	HNp	06csp
18	13	1		וְ/עָבַר֩	c/5674 a	HC/Vqq3ms	06573
18	13	2		מִ/שָּׁ֨ם	m/8033	HR/D	06xK6
18	13	3		הַ/גְּב֜וּל	d/1366	HTd/Ncmsa	06YnE
18	13	4		ל֗וּזָ/ה	3870	HNp/Sd	06HbH
18	13	5		אֶל	413	HR	06eZp
18	13	6		כֶּ֤תֶף	3802	HNcfsc	06ZC6
18	13	7		ל֨וּזָ/ה֙	3870	HNp/Sd	06bR3
18	13	8		נֶ֔גְבָּ/ה	5045	HNcmsa/Sd	06sVc
18	13	9		הִ֖יא	1931	HPp3fs	063cA
18	13	10		בֵּֽית	1008+	HNp	06SNK
18	13	11		אֵ֑ל	1008	HNp	06cHp
18	13	12		וְ/יָרַ֤ד	c/3381	HC/Vqq3ms	06uat
18	13	13		הַ/גְּבוּל֙	d/1366	HTd/Ncmsa	06oHU
18	13	14		עַטְר֣וֹת	5853+	HNp	068Rs
18	13	15		אַדָּ֔ר	5853	HNp	06H3i
18	13	16		עַל	5921 a	HR	066TM
18	13	17		הָ/הָ֕ר	d/2022	HTd/Ncmsa	06hob
18	13	18		אֲשֶׁ֛ר	834 a	HTr	06BWa
18	13	19		מִ/נֶּ֥גֶב	m/5045	HR/Ncmsa	06kxc
18	13	20		לְ/בֵית	l/1032+	HR/Np	065bN
18	13	21		חֹר֖וֹן	1032	HNp	06Djm
18	13	22		תַּחְתּֽוֹן	8481	HAamsa	06Qy5
18	14	1		וְ/תָאַ֣ר	c/8388 a	HC/Vqq3ms	069mQ
18	14	2		הַ/גְּבוּל֩	d/1366	HTd/Ncmsa	06Lyh
18	14	3		וְ/נָסַ֨ב	c/5437	HC/VNq3ms	06jPZ
18	14	4		לִ/פְאַת	l/6285	HR/Ncfsc	06gKU
18	14	5		יָ֜ם	3220	HNcmsa	06ErM
18	14	6		נֶ֗גְבָּ/ה	5045	HNcmsa/Sd	06p8S
18	14	7		מִן	4480 a	HR	06sub
18	14	8		הָ/הָר֙	d/2022	HTd/Ncmsa	06nQZ
18	14	9		אֲשֶׁ֨ר	834 a	HTr	06iuA
18	14	10		עַל	5921 a	HR	068or
18	14	11		פְּנֵ֥י	6440	HNcbpc	06w6p
18	14	12		בֵית	1032+	HNp	06zvK
18	14	13		חֹרוֹן֮	1032	HNp	06WN3
18	14	14		נֶגְבָּ/ה֒	5045	HNcmsa/Sd	06pAG
18	14	15	x-ketiv	ו/היה	c/1961	HC/Vqq3ms	06EQq
18	14	16		וְ/הָי֣וּ	c/1961	HC/Vqq3cp	06sau
18	14	17		תֹֽצְאֹתָ֗י/ו	8444	HNcfpc/Sp3ms	061Ky
18	14	18		אֶל	413	HR	06biF
18	14	19		קִרְיַת	7154+	HNp	06ZBP
18	14	20		בַּ֨עַל֙	7154	HNp	06eMk
18	14	21		הִ֚יא	1931	HPp3fs	06PGV
18	14	22		קִרְיַ֣ת	7157+	HNp	06g5K
18	14	23		יְעָרִ֔ים	7157	HNp	064mW
18	14	24		עִ֖יר	5892 b	HNcfsc	06ubw
18	14	25		בְּנֵ֣י	1121 a	HNcmpc	069CS
18	14	26		יְהוּדָ֑ה	3063	HNp	06ozE
18	14	27		זֹ֖את	2063	HPdxfs	06UZ9
18	14	28		פְּאַת	6285	HNcfsc	06mVu
18	14	29		יָֽם	3220	HNcmsa	06yA5
18	15	1		וּ/פְאַת	c/6285	HC/Ncfsc	06ReA
18	15	2		נֶ֕גְבָּ/ה	5045	HNcmsa/Sd	06uFV
18	15	3		מִ/קְצֵ֖ה	m/7097 a	HR/Ncbsc	065Ba
18	15	4		קִרְיַ֣ת	7157+	HNp	06c29
18	15	5		יְעָרִ֑ים	7157	HNp	06wMd
18	15	6		וְ/יָצָ֤א	c/3318	HC/Vqq3ms	06YwG
18	15	7		הַ/גְּבוּל֙	d/1366	HTd/Ncmsa	06eQh
18	15	8		יָ֔מָּ/ה	3220	HNcmsa/Sd	06k7y
18	15	9		וְ/יָצָ֕א	c/3318	HC/Vqq3ms	064Sa
18	15	10		אֶל	413	HR	06p3t
18	15	11		מַעְיַ֖ן	4599	HNcmsc	06rzT
18	15	12		מֵ֥י	4325	HNcmpc	06y5y
18	15	13		נֶפְתּֽוֹחַ	5318	HNp	06BAD
18	16	1		וְ/יָרַ֨ד	c/3381	HC/Vqq3ms	06MMc
18	16	2		הַ/גְּב֜וּל	d/1366	HTd/Ncmsa	06MJT
18	16	3		אֶל	413	HR	06w2K
18	16	4		קְצֵ֣ה	7097 a	HNcbsc	06NL7
18	16	5		הָ/הָ֗ר	d/2022	HTd/Ncmsa	06d52
18	16	6		אֲשֶׁר֙	834 a	HTr	06JUY
18	16	7		עַל	5921 a	HR	06Be7
18	16	8		פְּנֵי֙	6440	HNcbpc	06shA
18	16	9		גֵּ֣י	1516	HNcbsc	06Hye
18	16	10		בֶן	1121 a	HNcmsc	06r3P
18	16	11		הִנֹּ֔ם	2011	HNp	06va1
18	16	12		אֲשֶׁ֛ר	834 a	HTr	06oPC
18	16	13		בְּ/עֵ֥מֶק	b/6010	HR/Ncmsc	06Psb
18	16	14		רְפָאִ֖ים	7497 b	HNp	06wFt
18	16	15		צָפ֑וֹנָ/ה	6828	HNcfsa/Sd	06PpB
18	16	16		וְ/יָרַד֩	c/3381	HC/Vqq3ms	06qNE
18	16	17		גֵּ֨י	1516	HNcbsc	06Y2L
18	16	18		הִנֹּ֜ם	2011	HNp	06yLU
18	16	19		אֶל	413	HR	068gt
18	16	20		כֶּ֤תֶף	3802	HNcfsc	06JUV
18	16	21		הַ/יְבוּסִי֙	d/2983	HTd/Ngmsa	06ygy
18	16	22		נֶ֔גְבָּ/ה	5045	HNcmsa/Sd	069Tr
18	16	23		וְ/יָרַ֖ד	c/3381	HC/Vqq3ms	06HZA
18	16	24		עֵ֥ין	5883+	HNp	06N8P
18	16	25		רֹגֵֽל	5883	HNp	06XGD
18	17	1		וְ/תָאַ֣ר	c/8388 a	HC/Vqq3ms	06mBS
18	17	2		מִ/צָּפ֗וֹן	m/6828	HR/Ncfsa	06LeT
18	17	3		וְ/יָצָא֙	c/3318	HC/Vqq3ms	06TvU
18	17	4		עֵ֣ין	5885+	HNp	06xHn
18	17	5		שֶׁ֔מֶשׁ	5885	HNp	06B3s
18	17	6		וְ/יָצָא֙	c/3318	HC/Vqq3ms	06CNE
18	17	7		אֶל	413	HR	06gKa
18	17	8		גְּלִיל֔וֹת	1553	HNp	06whP
18	17	9		אֲשֶׁר	834 a	HTr	06xd8
18	17	10		נֹ֖כַח	5227	HR	06TR3
18	17	11		מַעֲלֵ֣ה	4608	HNcmsc	06mba
18	17	12		אֲדֻמִּ֑ים	131	HNp	06X9z
18	17	13		וְ/יָרַ֕ד	c/3381	HC/Vqq3ms	06fix
18	17	14		אֶ֥בֶן	68	HNcfsc	06zu5
18	17	15		בֹּ֖הַן	932	HNp	06jSS
18	17	16		בֶּן	1121 a	HNcmsc	06B98
18	17	17		רְאוּבֵֽן	7205	HNp	06tji
18	18	1		וְ/עָבַ֛ר	c/5674 a	HC/Vqq3ms	06Jsw
18	18	2		אֶל	413	HR	061GA
18	18	3		כֶּ֥תֶף	3802	HNcfsc	06p7f
18	18	4		מוּל	4136	HR	06E93
18	18	5		הָֽ/עֲרָבָ֖ה	d/6160	HTd/Ncfsa	06kqX
18	18	6		צָפ֑וֹנָ/ה	6828	HNcfsa/Sd	061je
18	18	7		וְ/יָרַ֖ד	c/3381	HC/Vqq3ms	06zEj
18	18	8		הָ/עֲרָבָֽתָ/ה	d/6160	HTd/Ncfsa/Sd	06w3L
18	19	1		וְ/עָבַ֨ר	c/5674 a	HC/Vqq3ms	06FBV
18	19	2		הַ/גְּב֜וּל	d/1366	HTd/Ncmsa	06tZu
18	19	3		אֶל	413	HR	06ANB
18	19	4		כֶּ֣תֶף	3802	HNcfsc	06m5d
18	19	5		בֵּית	1031+	HNp	06wc3
18	19	6		חָגְלָה֮	1031	HNp	06dLM
18	19	7		צָפוֹנָ/ה֒	6828	HNcfsa/Sd	06Sk6
18	19	8	x-ketiv	ו/היה	c/1961	HC/Vqq3ms	06H1q
18	19	9		וְ/הָי֣וּ	c/1961	HC/Vqq3cp	06RMp
18	19	10	x-ketiv	תצאותי/ו	8444	HNcfpc/Sp3ms	06DE1
18	19	11		תֹּצְא֣וֹת	8444	HNcfpc	06JXW
18	19	12		הַ/גְּב֗וּל	d/1366	HTd/Ncmsa	06PJn
18	19	13		אֶל	413	HR	06dXu
18	19	14		לְשׁ֤וֹן	3956	HNcbsc	068oD
18	19	15		יָם	3220	HNcmsc	06YAs
18	19	16		הַ/מֶּ֨לַח֙	d/4417	HTd/Ncmsa	06W4q
18	19	17		צָפ֔וֹנָ/ה	6828	HNcfsa/Sd	06N6D
18	19	18		אֶל	413	HR	06r3j
18	19	19		קְצֵ֥ה	7097 a	HNcbsc	06RbR
18	19	20		הַ/יַּרְדֵּ֖ן	d/3383	HTd/Np	06mrh
18	19	21		נֶ֑גְבָּ/ה	5045	HNcmsa/Sd	06KDc
18	19	22		זֶ֖ה	2088	HPdxms	06dmB
18	19	23		גְּב֥וּל	1366	HNcmsc	06Fg5
18	19	24		נֶֽגֶב	5045	HNcmsa	06D4Y
18	20	1		וְ/הַ/יַּרְדֵּ֥ן	c/d/3383	HC/Td/Np	061yC
18	20	2		יִגְבֹּל	1379	HVqi3ms	06rrj
18	20	3		אֹת֖/וֹ	853	HTo/Sp3ms	06Rn4
18	20	4		לִ/פְאַת	l/6285	HR/Ncfsc	06nrC
18	20	5		קֵ֑דְמָ/ה	6924 b	HNcmsa/Sd	06USe
18	20	6		זֹ֡את	2063	HPdxfs	06jJP
18	20	7		נַחֲלַת֩	5159	HNcfsc	06Ds4
18	20	8		בְּנֵ֨י	1121 a	HNcmpc	06YfC
18	20	9		בִנְיָמִ֧ן	1144	HNp	06jFh
18	20	10		לִ/גְבֽוּלֹתֶ֛י/הָ	l/1367	HR/Ncfpc/Sp3fs	06h2q
18	20	11		סָבִ֖יב	5439	HNcbsa	06VfW
18	20	12		לְ/מִשְׁפְּחֹתָֽ/ם	l/4940	HR/Ncfpc/Sp3mp	06ESV
18	21	1		וְ/הָי֣וּ	c/1961	HC/Vqp3cp	068Fj
18	21	2		הֶֽ/עָרִ֗ים	d/5892 b	HTd/Ncfpa	06zrr
18	21	3		לְ/מַטֵּ֛ה	l/4294	HR/Ncmsc	06qEt
18	21	4		בְּנֵ֥י	1121 a	HNcmpc	065gq
18	21	5		בִנְיָמִ֖ן	1144	HNp	06hDV
18	21	6		לְ/מִשְׁפְּחֽוֹתֵי/הֶ֑ם	l/4940	HR/Ncfpc/Sp3mp	06HYt
18	21	7		יְרִיח֥וֹ	3405	HNp	06FAv
18	21	8		וּ/בֵית	c/1031+	HC/Np	06TWN
18	21	9		חָגְלָ֖ה	1031	HNp	06BfY
18	21	10		וְ/עֵ֥מֶק	c/6010	HC/Ncmsc	06Rad
18	21	11		קְצִֽיץ	7104	HNp	06Gcy
18	22	1		וּ/בֵ֧ית	c/1026+	HC/Np	06BLC
18	22	2		הָֽעֲרָבָ֛ה	1026	HNp	06uvq
18	22	3		וּ/צְמָרַ֖יִם	c/6787	HC/Np	06fwV
18	22	4		וּ/בֵֽית	c/1008+	HC/Np	06vpD
18	22	5		אֵֽל	1008	HNp	062F5
18	23	1		וְ/הָ/עַוִּ֥ים	c/d/5761	HC/Td/Np	06dHB
18	23	2		וְ/הַ/פָּרָ֖ה	c/d/6511	HC/Td/Np	06A8D
18	23	3		וְ/עָפְרָֽה	c/6084	HC/Np	06hrv
18	24	1		וּ/כְפַ֧ר	c/3726+	HC/Np	06vzq
18	24	2	x-ketiv	העמני	3726	HNp	06RTB
18	24	3		הָֽעַמֹּנָ֛ה	3726	HNp	06rDJ
18	24	4		וְ/הָֽ/עָפְנִ֖י	c/d/6078	HC/Td/Np	06ZbD
18	24	5		וָ/גָ֑בַע	c/1387	HC/Np	06pe5
18	24	6		עָרִ֥ים	5892 b	HNcfpa	06Gfh
18	24	7		שְׁתֵּים	8147	HAcfda	06sZ7
18	24	8		עֶשְׂרֵ֖ה	6240	HAcfsa	06xT5
18	24	9		וְ/חַצְרֵי/הֶֽן	c/2691 b	HC/Ncbpc/Sp3fp	06PfR
18	25	1		גִּבְע֥וֹן	1391	HNp	06oeK
18	25	2		וְ/הָֽ/רָמָ֖ה	c/d/7414	HC/Td/Np	06poP
18	25	3		וּ/בְאֵרֽוֹת	c/881	HC/Np	06ZRV
18	26	1		וְ/הַ/מִּצְפֶּ֥ה	c/d/4708	HC/Td/Np	0685A
18	26	2		וְ/הַ/כְּפִירָ֖ה	c/d/3716	HC/Td/Np	06NbA
18	26	3		וְ/הַ/מֹּצָֽה	c/d/4681	HC/Td/Np	06XRR
18	27	1		וְ/רֶ֥קֶם	c/7552	HC/Np	06cYP
18	27	2		וְ/יִרְפְּאֵ֖ל	c/3416	HC/Np	06gVU
18	27	3		וְ/תַרְאֲלָֽה	c/8634	HC/Np	06r2X
18	28	1		וְ/צֵלַ֡ע	c/6762	HC/Np	06Zzp
18	28	2		הָאֶ֜לֶף	507	HNp	06qoq
18	28	3		וְ/הַ/יְבוּסִ֨י	c/d/2983	HC/Td/Ngmsa	06w9K
18	28	4		הִ֤יא	1931	HPp3fs	06dir
18	28	5		יְרֽוּשָׁלִַ֨ם֙	3389	HNp	06E6H
18	28	6		גִּבְעַ֣ת	1394	HNp	069ov
18	28	7		קִרְיַ֔ת	7157	HNp	06BYz
18	28	8		עָרִ֥ים	5892 b	HNcfpa	06HXB
18	28	9		אַרְבַּֽע	702	HAcfsa	06TmX
18	28	10		עֶשְׂרֵ֖ה	6240	HAcfsa	06LiC
18	28	11		וְ/חַצְרֵי/הֶ֑ן	c/2691 b	HC/Ncbpc/Sp3fp	068kj
18	28	12		זֹ֛את	2063	HPdxfs	06mCW
18	28	13		נַֽחֲלַ֥ת	5159	HNcfsc	06gqX
18	28	14		בְּנֵֽי	1121 a	HNcmpc	06Df6
18	28	15		בִנְיָמִ֖ן	1144	HNp	06oMA
18	28	16		לְ/מִשְׁפְּחֹתָֽ/ם	l/4940	HR/Ncfpc/Sp3mp	06Mcf
19	1	1		וַ/יֵּצֵ֞א	c/3318	HC/Vqw3ms	06uXp
19	1	2		הַ/גּוֹרָ֤ל	d/1486	HTd/Ncmsa	068qn
19	1	3		הַ/שֵּׁנִי֙	d/8145	HTd/Aomsa	06DX6
19	1	4		לְ/שִׁמְע֔וֹן	l/8095	HR/Np	06A18
19	1	5		לְ/מַטֵּ֥ה	l/4294	HR/Ncmsc	06iSv
19	1	6		בְנֵֽי	1121 a	HNcmpc	06qx9
19	1	7		שִׁמְע֖וֹן	8095	HNp	06qBT
19	1	8		לְ/מִשְׁפְּחוֹתָ֑/ם	l/4940	HR/Ncfpc/Sp3mp	06jYZ
19	1	9		וַֽ/יְהִי֙	c/1961	HC/Vqw3ms	06Az7
19	1	10		נַֽחֲלָתָ֔/ם	5159	HNcfsc/Sp3mp	06d3f
19	1	11		בְּ/ת֖וֹךְ	b/8432	HR/Ncmsc	06byp
19	1	12		נַחֲלַ֥ת	5159	HNcfsc	06pWc
19	1	13		בְּנֵֽי	1121 a	HNcmpc	06GcR
19	1	14		יְהוּדָֽה	3063	HNp	06NKo
19	2	1		וַ/יְהִ֥י	c/1961	HC/Vqw3ms	06qzH
19	2	2		לָ/הֶ֖ם	l	HR/Sp3mp	06ADc
19	2	3		בְּ/נַֽחֲלָתָ֑/ם	b/5159	HR/Ncfsc/Sp3mp	06p3z
19	2	4		בְּאֵֽר	884+	HNp	068BY
19	2	5		שֶׁ֥בַע	884	HAcfsa	06g6B
19	2	6		וְ/שֶׁ֖בַע	c/7652 b	HC/Acfsa	064LX
19	2	7		וּ/מוֹלָדָֽה	c/4137	HC/Np	06kze
19	3	1		וַ/חֲצַ֥ר	c/2705+	HC/Np	06CJA
19	3	2		שׁוּעָ֛ל	2705	HNp	06FmZ
19	3	3		וּ/בָלָ֖ה	c/1088	HC/Np	06nZ5
19	3	4		וָ/עָֽצֶם	c/6107	HC/Np	06q5L
19	4	1		וְ/אֶלְתּוֹלַ֥ד	c/513	HC/Np	06htW
19	4	2		וּ/בְת֖וּל	c/1329	HC/Np	06YCR
19	4	3		וְ/חָרְמָֽה	c/2767	HC/Np	06Tng
19	5	1		וְ/צִֽקְלַ֥ג	c/6860	HC/Np	06AG9
19	5	2		וּ/בֵית	c/1024+	HC/Np	06veU
19	5	3		הַמַּרְכָּב֖וֹת	1024	HNp	06CoA
19	5	4		וַ/חֲצַ֥ר	c/2701+	HC/Np	06rKD
19	5	5		סוּסָֽה	2701	HNp	067RJ
19	6	1		וּ/בֵ֥ית	c/1034+	HC/Np	0657Q
19	6	2		לְבָא֖וֹת	1034	HNp	06SqN
19	6	3		וְ/שָֽׁרוּחֶ֑ן	c/8287	HC/Np	06AMy
19	6	4		עָרִ֥ים	5892 b	HNcfpa	06U3z
19	6	5		שְׁלֹשׁ	7969	HAcfsa	06SGK
19	6	6		עֶשְׂרֵ֖ה	6240	HAcfsa	06Qtc
19	6	7		וְ/חַצְרֵי/הֶֽן	c/2691 b	HC/Ncbpc/Sp3fp	06MiW
19	7	1		עַ֥יִן	5871	HNp	06LQC
19	7	2		רִמּ֖וֹן	7417 c	HNp	063df
19	7	3		וָ/עֶ֣תֶר	c/6281	HC/Np	0661t
19	7	4		וְ/עָשָׁ֑ן	c/6228	HC/Np	06g9U
19	7	5		עָרִ֥ים	5892 b	HNcfpa	06J78
19	7	6		אַרְבַּ֖ע	702	HAcfsa	06Mf9
19	7	7		וְ/חַצְרֵי/הֶֽן	c/2691 b	HC/Ncbpc/Sp3fp	06ARq
19	8	1		וְ/כָל	c/3605	HC/Ncmsc	06W24
19	8	2		הַֽ/חֲצֵרִ֗ים	d/2691 b	HTd/Ncbpa	06Sau
19	8	3		אֲשֶׁ֤ר	834 a	HTr	06sbY
19	8	4		סְבִיבוֹת֙	5439	HNcbpc	06oxz
19	8	5		הֶֽ/עָרִ֣ים	d/5892 b	HTd/Ncfpa	06ZpB
19	8	6		הָ/אֵ֔לֶּה	d/428	HTd/Pdxcp	061bx
19	8	7		עַד	5704	HR	06xRA
19	8	8		בַּֽעֲלַ֥ת	1192+	HNp	06CvE
19	8	9		בְּאֵ֖ר	1192	HNp	06Naj
19	8	10		רָ֣אמַת	7414	HNp	06mc7
19	8	11		נֶ֑גֶב	5045	HNcmsa	06HDd
19	8	12		זֹ֗את	2063	HPdxfs	066Lu
19	8	13		נַחֲלַ֛ת	5159	HNcfsc	06Bre
19	8	14		מַטֵּ֥ה	4294	HNcmsc	06wyD
19	8	15		בְנֵֽי	1121 a	HNcmpc	069v5
19	8	16		שִׁמְע֖וֹן	8095	HNp	06uBa
19	8	17		לְ/מִשְׁפְּחֹתָֽ/ם	l/4940	HR/Ncfpc/Sp3mp	066e3
19	9	1		מֵ/חֶ֨בֶל֙	m/2256 a	HR/Ncbsc	06Gmz
19	9	2		בְּנֵ֣י	1121 a	HNcmpc	064Zj
19	9	3		יְהוּדָ֔ה	3063	HNp	065jS
19	9	4		נַחֲלַ֖ת	5159	HNcfsc	062oN
19	9	5		בְּנֵ֣י	1121 a	HNcmpc	06xTt
19	9	6		שִׁמְע֑וֹן	8095	HNp	069sn
19	9	7		כִּֽי	3588 a	HC	06Hwe
19	9	8		הָיָ֞ה	1961	HVqp3ms	06pQs
19	9	9		חֵ֤לֶק	2506 a	HNcmsc	066DP
19	9	10		בְּנֵֽי	1121 a	HNcmpc	06t2h
19	9	11		יְהוּדָה֙	3063	HNp	062HK
19	9	12		רַ֣ב	7227 a	HAamsa	06Ews
19	9	13		מֵ/הֶ֔ם	m	HR/Sp3mp	06PUW
19	9	14		וַ/יִּנְחֲל֥וּ	c/5157	HC/Vqw3mp	06zuK
19	9	15		בְנֵֽי	1121 a	HNcmpc	06JQu
19	9	16		שִׁמְע֖וֹן	8095	HNp	06ErE
19	9	17		בְּ/ת֥וֹךְ	b/8432	HR/Ncmsc	06Lcm
19	9	18		נַחֲלָתָֽ/ם	5159	HNcfsc/Sp3mp	061X7
19	10	1		וַ/יַּ֨עַל֙	c/5927	HC/Vqw3ms	0689D
19	10	2		הַ/גּוֹרָ֣ל	d/1486	HTd/Ncmsa	06GQ6
19	10	3		הַ/שְּׁלִישִׁ֔י	d/7992	HTd/Aomsa	06qbK
19	10	4		לִ/בְנֵ֥י	l/1121 a	HR/Ncmpc	06iS8
19	10	5		זְבוּלֻ֖ן	2074	HNp	06dHp
19	10	6		לְ/מִשְׁפְּחֹתָ֑/ם	l/4940	HR/Ncfpc/Sp3mp	06p5f
19	10	7		וַ/יְהִ֛י	c/1961	HC/Vqw3ms	06DJ7
19	10	8		גְּב֥וּל	1366	HNcmsc	06cbQ
19	10	9		נַחֲלָתָ֖/ם	5159	HNcfsc/Sp3mp	06xRe
19	10	10		עַד	5704	HR	06ZFs
19	10	11		שָׂרִֽיד	8301	HNp	06H6b
19	11	1		וְ/עָלָ֨ה	c/5927	HC/Vqp3ms	06JGX
19	11	2		גְבוּלָ֧/ם	1366	HNcmsc/Sp3mp	06rb5
19	11	3		לַ/יָּ֛מָּ/ה	l/3220	HRd/Ncmsa/Sd	06saF
19	11	4		וּ/מַרְעֲלָ֖ה	c/4831	HC/Np	06URH
19	11	5		וּ/פָגַ֣ע	c/6293	HC/Vqp3ms	064Bm
19	11	6		בְּ/דַבָּ֑שֶׁת	b/1708	HR/Np	06AEb
19	11	7		וּ/פָגַע֙	c/6293	HC/Vqp3ms	06aam
19	11	8		אֶל	413	HR	06LQ5
19	11	9		הַ/נַּ֔חַל	d/5158 a	HTd/Ncmsa	06sB6
19	11	10		אֲשֶׁ֖ר	834 a	HTr	06AD1
19	11	11		עַל	5921 a	HR	06VV7
19	11	12		פְּנֵ֥י	6440	HNcbpc	06trR
19	11	13		יָקְנְעָֽם	3362	HNp	06xPR
19	12	1		וְ/שָׁ֣ב	c/7725	HC/Vqp3ms	06oKK
19	12	2		מִ/שָּׂרִ֗יד	m/8301	HR/Np	06yyH
19	12	3		קֵ֚דְמָ/ה	6924 b	HNcmsa/Sd	06LPs
19	12	4		מִזְרַ֣ח	4217	HNcmsc	06XWM
19	12	5		הַ/שֶּׁ֔מֶשׁ	d/8121	HTd/Ncbsa	06jwr
19	12	6		עַל	5921 a	HR	06qua
19	12	7		גְּב֥וּל	1366	HNcmsc	06ky1
19	12	8		כִּסְלֹ֖ת	3696+	HNp	06Ag3
19	12	9		תָּבֹ֑ר	3696	HNp	06PK4
19	12	10		וְ/יָצָ֥א	c/3318	HC/Vqp3ms	06Dyz
19	12	11		אֶל	413	HR	06zxQ
19	12	12		הַ/דָּֽבְרַ֖ת	d/1705	HTd/Np	06TqK
19	12	13		וְ/עָלָ֥ה	c/5927	HC/Vqp3ms	06bn2
19	12	14		יָפִֽיעַ	3309	HNp	06ySt
19	13	1		וּ/מִ/שָּׁ֤ם	c/m/8033	HC/R/D	06hyc
19	13	2		עָבַר֙	5674 a	HVqp3ms	06vka
19	13	3		קֵ֣דְמָ/ה	6924 b	HNcmsa/Sd	06NTY
19	13	4		מִזְרָ֔חָ/ה	4217	HNcmsa/Sd	06nfk
19	13	5		גִּתָּ֥/ה	1662+	HNp/Sd	06pd3
19	13	6		חֵ֖פֶר	1662	HNp	06Ash
19	13	7		עִתָּ֣ה	6278+	HNp	069UV
19	13	8		קָצִ֑ין	6278	HNp	06n7q
19	13	9		וְ/יָצָ֛א	c/3318	HC/Vqp3ms	068XN
19	13	10		רִמּ֥וֹן	7417 c	HNp	06bGY
19	13	11		הַ/מְּתֹאָ֖ר	d/8388 a	HTd/VPsmsa	06Sqa
19	13	12		הַ/נֵּעָֽה	d/5269	HTd/Np	06QV1
19	14	1		וְ/נָסַ֤ב	c/5437	HC/VNp3ms	06CDj
19	14	2		אֹת/וֹ֙	853	HTo/Sp3ms	06XFL
19	14	3		הַ/גְּב֔וּל	d/1366	HTd/Ncmsa	0697C
19	14	4		מִ/צְּפ֖וֹן	m/6828	HR/Ncfsc	06SXF
19	14	5		חַנָּתֹ֑ן	2615	HNp	06gSv
19	14	6		וְ/הָיוּ֙	c/1961	HC/Vqp3cp	06GF5
19	14	7		תֹּֽצְאֹתָ֔י/ו	8444	HNcfpc/Sp3ms	06XX2
19	14	8		גֵּ֖י	1516	HNcbsc	06rFn
19	14	9		יִפְתַּח	3317+	HNp	069SJ
19	14	10		אֵֽל	3317	HNp	062Ps
19	15	1		וְ/קַטָּ֤ת	c/7005	HC/Np	065gH
19	15	2		וְ/נַֽהֲלָל֙	c/5096	HC/Np	06uuJ
19	15	3		וְ/שִׁמְר֔וֹן	c/8110 a	HC/Np	06FMm
19	15	4		וְ/יִדְאֲלָ֖ה	c/3030	HC/Np	06kNs
19	15	5		וּ/בֵ֣ית	c/1035+	HC/Np	06Rxh
19	15	6		לָ֑חֶם	1035	HNp	06atm
19	15	7		עָרִ֥ים	5892 b	HNcfpa	06XKf
19	15	8		שְׁתֵּים	8147	HAcfda	06vNz
19	15	9		עֶשְׂרֵ֖ה	6240	HAcfsa	06oQN
19	15	10		וְ/חַצְרֵי/הֶֽן	c/2691 b	HC/Ncbpc/Sp3fp	066xQ
19	16	1		זֹ֛את	2063	HPdxfs	06zcE
19	16	2		נַחֲלַ֥ת	5159	HNcfsc	06rj8
19	16	3		בְּנֵֽי	1121 a	HNcmpc	06Ap9
19	16	4		זְבוּלֻ֖ן	2074	HNp	06s51
19	16	5		לְ/מִשְׁפְּחוֹתָ֑/ם	l/4940	HR/Ncfpc/Sp3mp	06Xxq
19	16	6		הֶֽ/עָרִ֥ים	d/5892 b	HTd/Ncfpa	06Hio
19	16	7		הָ/אֵ֖לֶּה	d/428	HTd/Pdxcp	06mRW
19	16	8		וְ/חַצְרֵי/הֶֽן	c/2691 b	HC/Ncbpc/Sp3fp	06BBb
19	17	1		לְ/יִ֨שָּׂשכָ֔ר	l/3485	HR/Np	0651b
19	17	2		יָצָ֖א	3318	HVqp3ms	06rJW
19	17	3		הַ/גּוֹרָ֣ל	d/1486	HTd/Ncmsa	064Xf
19	17	4		הָֽ/רְבִיעִ֑י	d/7243	HTd/Aomsa	06c89
19	17	5		לִ/בְנֵ֥י	l/1121 a	HR/Ncmpc	06AVx
19	17	6		יִשָּׂשכָ֖ר	3485	HNp	06cVH
19	17	7		לְ/מִשְׁפְּחוֹתָֽ/ם	l/4940	HR/Ncfpc/Sp3mp	06xda
19	18	1		וַ/יְהִ֖י	c/1961	HC/Vqw3ms	06bZh
19	18	2		גְּבוּלָ֑/ם	1366	HNcmsc/Sp3mp	06j6W
19	18	3		יִזְרְעֶ֥אלָ/ה	3157	HNp/Sd	06wgp
19	18	4		וְ/הַ/כְּסוּלֹ֖ת	c/d/3694	HC/Td/Np	06cfF
19	18	5		וְ/שׁוּנֵֽם	c/7766	HC/Np	06UXY
19	19	1		וַ/חֲפָרַ֥יִם	c/2663	HC/Np	06iwQ
19	19	2		וְ/שִׁיאֹ֖ן	c/7866	HC/Np	06A33
19	19	3		וַ/אֲנָחֲרַֽת	c/588	HC/Np	06BF1
19	20	1		וְ/הָֽ/רַבִּ֥ית	c/d/7245	HC/Td/Np	06xsk
19	20	2		וְ/קִשְׁי֖וֹן	c/7191	HC/Np	06CmJ
19	20	3		וָ/אָֽבֶץ	c/77	HC/Np	06Q6h
19	21	1		וְ/רֶ֧מֶת	c/7432	HC/Np	06RXX
19	21	2		וְ/עֵין	c/5873+	HC/Np	063ku
19	21	3		גַּנִּ֛ים	5873	HNp	06VvV
19	21	4		וְ/עֵ֥ין	c/5876+	HC/Np	0652W
19	21	5		חַדָּ֖ה	5876	HNp	06FHV
19	21	6		וּ/בֵ֥ית	c/1048+	HC/Np	06vLx
19	21	7		פַּצֵּֽץ	1048	HNp	06E9J
19	22	1		וּ/פָגַע֩	c/6293	HC/Vqp3ms	06Ywv
19	22	2		הַ/גְּב֨וּל	d/1366	HTd/Ncmsa	06XxP
19	22	3		בְּ/תָב֤וֹר	b/8396	HR/Np	06NpM
19	22	4	x-ketiv	ו/שחצומ/ה	c/7831	HC/Np/Sd	066bK
19	22	5		וְ/שַׁחֲצִ֨ימָ/ה֙	c/7831	HC/Np/Sd	06Xp8
19	22	6		וּ/בֵ֣ית	c/1053+	HC/Np	06Ec1
19	22	7		שֶׁ֔מֶשׁ	1053	HNp	06WDd
19	22	8		וְ/הָי֛וּ	c/1961	HC/Vqp3cp	06H54
19	22	9		תֹּצְא֥וֹת	8444	HNcfpc	06UQb
19	22	10		גְּבוּלָ֖/ם	1366	HNcmsc/Sp3mp	061hg
19	22	11		הַ/יַּרְדֵּ֑ן	d/3383	HTd/Np	06Fdw
19	22	12		עָרִ֥ים	5892 b	HNcfpa	062kE
19	22	13		שֵׁשׁ	8337	HAcfsa	06Spd
19	22	14		עֶשְׂרֵ֖ה	6240	HAcfsa	06dd7
19	22	15		וְ/חַצְרֵי/הֶֽן	c/2691 b	HC/Ncbpc/Sp3fp	06153
19	23	1		זֹ֗את	2063	HPdxfs	06hYW
19	23	2		נַחֲלַ֛ת	5159	HNcfsc	06QQR
19	23	3		מַטֵּ֥ה	4294	HNcmsc	06j1m
19	23	4		בְנֵֽי	1121 a	HNcmpc	06iCq
19	23	5		יִשָּׂשכָ֖ר	3485	HNp	067jm
19	23	6		לְ/מִשְׁפְּחֹתָ֑/ם	l/4940	HR/Ncfpc/Sp3mp	06aBh
19	23	7		הֶ/עָרִ֖ים	d/5892 b	HTd/Ncfpa	06PWQ
19	23	8		וְ/חַצְרֵי/הֶֽן	c/2691 b	HC/Ncbpc/Sp3fp	0611E
19	24	1		וַ/יֵּצֵא֙	c/3318	HC/Vqw3ms	06Qi4
19	24	2		הַ/גּוֹרָ֣ל	d/1486	HTd/Ncmsa	06J3C
19	24	3		הַֽ/חֲמִישִׁ֔י	d/2549	HTd/Aomsa	06JvL
19	24	4		לְ/מַטֵּ֥ה	l/4294	HR/Ncmsc	06kuj
19	24	5		בְנֵֽי	1121 a	HNcmpc	06Eg2
19	24	6		אָשֵׁ֖ר	836	HNp	06MeU
19	24	7		לְ/מִשְׁפְּחוֹתָֽ/ם	l/4940	HR/Ncfpc/Sp3mp	06Ap7
19	25	1		וַ/יְהִ֖י	c/1961	HC/Vqw3ms	06SX8
19	25	2		גְּבוּלָ֑/ם	1366	HNcmsc/Sp3mp	06VEh
19	25	3		חֶלְקַ֥ת	2520	HNp	067PM
19	25	4		וַ/חֲלִ֖י	c/2482	HC/Np	06S3p
19	25	5		וָ/בֶ֥טֶן	c/991	HC/Np	06Cjf
19	25	6		וְ/אַכְשָֽׁף	c/407	HC/Np	069Hn
19	26	1		וְ/אַֽלַמֶּ֥לֶךְ	c/487	HC/Np	06ATZ
19	26	2		וְ/עַמְעָ֖ד	c/6008	HC/Np	06sm7
19	26	3		וּ/מִשְׁאָ֑ל	c/4861	HC/Np	06KBq
19	26	4		וּ/פָגַ֤ע	c/6293	HC/Vqp3ms	06444
19	26	5		בְּ/כַרְמֶל֙	b/3760	HR/Np	06af4
19	26	6		הַ/יָּ֔מָּ/ה	d/3220	HTd/Ncmsa/Sd	06aur
19	26	7		וּ/בְ/שִׁיח֖וֹר	c/b/7884+	HC/R/Np	06miR
19	26	8		לִבְנָֽת	7884	HNp	06SkN
19	27	1		וְ/שָׁ֨ב	c/7725	HC/Vqp3ms	06REw
19	27	2		מִזְרַ֣ח	4217	HNcmsc	06Jvd
19	27	3		הַ/שֶּׁמֶשׁ֮	d/8121	HTd/Ncbsa	06or5
19	27	4		בֵּ֣ית	1016+	HNp	062gE
19	27	5		דָּגֹן֒	1016	HNp	06TCm
19	27	6		וּ/פָגַ֣ע	c/6293	HC/Vqp3ms	063Fz
19	27	7		בִּ֠/זְבֻלוּן	b/2074	HR/Np	06vxS
19	27	8		וּ/בְ/גֵ֨י	c/b/1516	HC/R/Ncbsc	06QBy
19	27	9		יִפְתַּח	3317+	HNp	06HPx
19	27	10		אֵ֥ל	3317	HNp	06K2T
19	27	11		צָפ֛וֹנָ/ה	6828	HNcfsa/Sd	06JVT
19	27	12		בֵּ֥ית	1025+	HNp	06HN7
19	27	13		הָעֵ֖מֶק	1025	HNp	06VhQ
19	27	14		וּ/נְעִיאֵ֑ל	c/5272	HC/Np	06uUs
19	27	15		וְ/יָצָ֥א	c/3318	HC/Vqp3ms	06YLv
19	27	16		אֶל	413	HR	06yjM
19	27	17		כָּב֖וּל	3521	HNp	06CzW
19	27	18		מִ/שְּׂמֹֽאל	m/8040	HR/Ncmsa	06ewW
19	28	1		וְ/עֶבְרֹ֥ן	c/5683	HC/Np	069mZ
19	28	2		וּ/רְחֹ֖ב	c/7340	HC/Np	06rYQ
19	28	3		וְ/חַמּ֣וֹן	c/2540	HC/Np	069hw
19	28	4		וְ/קָנָ֑ה	c/7071	HC/Np	06bTH
19	28	5		עַ֖ד	5704	HR	06gBC
19	28	6		צִיד֥וֹן	6721	HNp	06kqr
19	28	7		רַבָּֽה	7227 a	HAafsa	06Lp8
19	29	1		וְ/שָׁ֤ב	c/7725	HC/Vqp3ms	06d64
19	29	2		הַ/גְּבוּל֙	d/1366	HTd/Ncmsa	06iFq
19	29	3		הָֽ/רָמָ֔ה	d/7414	HTd/Np	06vxK
19	29	4		וְ/עַד	c/5704	HC/R	06yof
19	29	5		עִ֖יר	5892 b	HNcfsc	06oDp
19	29	6		מִבְצַר	4013	HNcmsc	06QAJ
19	29	7		צֹ֑ר	6865	HNp	06bhk
19	29	8		וְ/שָׁ֤ב	c/7725	HC/Vqp3ms	06CGK
19	29	9		הַ/גְּבוּל֙	d/1366	HTd/Ncmsa	06XkE
19	29	10		חֹסָ֔ה	2621	HNp	06LaG
19	29	11	x-ketiv	ו/יהיו	c/1961	HC/Vqi3mp	063RD
19	29	12		וְ/הָי֧וּ	c/1961	HC/Vqp3cp	06rid
19	29	13		תֹצְאֹתָ֛י/ו	8444	HNcfpc/Sp3ms	06Evb
19	29	14		הַ/יָּ֖מָּ/ה	d/3220	HTd/Ncmsa/Sd	06fAh
19	29	15		מֵ/חֶ֥בֶל	m/2256 a	HR/Ncbsa	06VTn
19	29	16		אַכְזִֽיבָ/ה	392	HNp/Sd	061Ff
19	30	1		וְ/עֻמָ֥ה	c/5981	HC/Np	06TqE
19	30	2		וַ/אֲפֵ֖ק	c/663	HC/Np	0658v
19	30	3		וּ/רְחֹ֑ב	c/7340	HC/Np	06f5S
19	30	4		עָרִ֛ים	5892 b	HNcfpa	06R8R
19	30	5		עֶשְׂרִ֥ים	6242	HAcbpa	063G3
19	30	6		וּ/שְׁתַּ֖יִם	c/8147	HC/Acfda	06ShE
19	30	7		וְ/חַצְרֵי/הֶֽן	c/2691 b	HC/Ncbpc/Sp3fp	06xk4
19	31	1		זֹ֗את	2063	HPdxfs	06SvA
19	31	2		נַחֲלַ֛ת	5159	HNcfsc	06cZL
19	31	3		מַטֵּ֥ה	4294	HNcmsc	06wcc
19	31	4		בְנֵֽי	1121 a	HNcmpc	065Bn
19	31	5		אָשֵׁ֖ר	836	HNp	06mD7
19	31	6		לְ/מִשְׁפְּחֹתָ֑/ם	l/4940	HR/Ncfpc/Sp3mp	06jiL
19	31	7		הֶ/עָרִ֥ים	d/5892 b	HTd/Ncfpa	06id5
19	31	8		הָ/אֵ֖לֶּה	d/428	HTd/Pdxcp	06UWS
19	31	9		וְ/חַצְרֵי/הֶֽן	c/2691 b	HC/Ncbpc/Sp3fp	06oQp
19	32	1		לִ/בְנֵ֣י	l/1121 a	HR/Ncmpc	06yDf
19	32	2		נַפְתָּלִ֔י	5321	HNp	06zJN
19	32	3		יָצָ֖א	3318	HVqp3ms	06Wfy
19	32	4		הַ/גּוֹרָ֣ל	d/1486	HTd/Ncmsa	06f69
19	32	5		הַ/שִּׁשִּׁ֑י	d/8345	HTd/Aomsa	06hnq
19	32	6		לִ/בְנֵ֥י	l/1121 a	HR/Ncmpc	069UP
19	32	7		נַפְתָּלִ֖י	5321	HNp	06WgV
19	32	8		לְ/מִשְׁפְּחֹתָֽ/ם	l/4940	HR/Ncfpc/Sp3mp	06cVd
19	33	1		וַ/יְהִ֣י	c/1961	HC/Vqw3ms	062xb
19	33	2		גְבוּלָ֗/ם	1366	HNcmsc/Sp3mp	06yF8
19	33	3		מֵ/חֵ֨לֶף	m/2501	HR/Np	06aHR
19	33	4		מֵֽ/אֵל֜וֹן	m/438	HR/Ncmsa	068sC
19	33	5		בְּ/צַעֲנַנִּ֗ים	b/6815	HR/Np	06ure
19	33	6		וַ/אֲדָמִ֥י	c/129	HC/Np	06RJK
19	33	7		הַנֶּ֛קֶב	5346	HNp	06uCp
19	33	8		וְ/יַבְנְאֵ֖ל	c/2995	HC/Np	06iNC
19	33	9		עַד	5704	HR	069jD
19	33	10		לַקּ֑וּם	3946	HNp	06DTS
19	33	11		וַ/יְהִ֥י	c/1961	HC/Vqw3ms	06LQV
19	33	12		תֹצְאֹתָ֖י/ו	8444	HNcfpc/Sp3ms	06fA6
19	33	13		הַ/יַּרְדֵּֽן	d/3383	HTd/Np	067Rw
19	34	1		וְ/שָׁ֨ב	c/7725	HC/Vqp3ms	06XN3
19	34	2		הַ/גְּב֥וּל	d/1366	HTd/Ncmsa	06PHo
19	34	3		יָ֨מָּ/ה֙	3220	HNcmsa/Sd	06RKm
19	34	4		אַזְנ֣וֹת	243+	HNp	06PbU
19	34	5		תָּב֔וֹר	243	HNp	06rD6
19	34	6		וְ/יָצָ֥א	c/3318	HC/Vqp3ms	06dL6
19	34	7		מִ/שָּׁ֖ם	m/8033	HR/D	06ZyC
19	34	8		חוּקֹ֑קָ/ה	2712 a	HNp/Sd	06pxD
19	34	9		וּ/פָגַ֨ע	c/6293	HC/Vqp3ms	06NTM
19	34	10		בִּ/זְבֻל֜וּן	b/2074	HR/Np	06BVM
19	34	11		מִ/נֶּ֗גֶב	m/5045	HR/Ncmsa	061Fv
19	34	12		וּ/בְ/אָשֵׁר֙	c/b/836	HC/R/Np	06G37
19	34	13		פָּגַ֣ע	6293	HVqp3ms	06GtA
19	34	14		מִ/יָּ֔ם	m/3220	HR/Ncmsa	066Lg
19	34	15		וּ/בִ֣/יהוּדָ֔ה	c/b/3063	HC/R/Np	06m6w
19	34	16		הַ/יַּרְדֵּ֖ן	d/3383	HTd/Np	06ioA
19	34	17		מִזְרַ֥ח	4217	HNcmsc	06BVU
19	34	18		הַ/שָּֽׁמֶשׁ	d/8121	HTd/Ncbsa	061vd
19	35	1		וְ/עָרֵ֖י	c/5892 b	HC/Ncfpc	06FE1
19	35	2		מִבְצָ֑ר	4013	HNcmsa	06FQw
19	35	3		הַ/צִּדִּ֣ים	d/6661	HTd/Np	067J8
19	35	4		צֵ֔ר	6863	HNp	06qCk
19	35	5		וְ/חַמַּ֖ת	c/2575 a	HC/Np	06Y7B
19	35	6		רַקַּ֥ת	7557	HNp	06pJg
19	35	7		וְ/כִנָּֽרֶת	c/3672	HC/Np	06ePU
19	36	1		וַ/אֲדָמָ֥ה	c/128	HC/Np	06QRm
19	36	2		וְ/הָ/רָמָ֖ה	c/d/7414	HC/Td/Np	06sjY
19	36	3		וְ/חָצֽוֹר	c/2674	HC/Np	06LFe
19	37	1		וְ/קֶ֥דֶשׁ	c/6943	HC/Np	06HZs
19	37	2		וְ/אֶדְרֶ֖עִי	c/154	HC/Np	06MMZ
19	37	3		וְ/עֵ֥ין	c/5877+	HC/Np	06iuh
19	37	4		חָצֽוֹר	5877	HNp	061TP
19	38	1		וְ/יִרְאוֹן֙	c/3375	HC/Np	06Muu
19	38	2		וּ/מִגְדַּל	c/4027+	HC/Np	06JXG
19	38	3		אֵ֔ל	4027	HNp	06V7e
19	38	4		חֳרֵ֥ם	2765	HNp	06zEv
19	38	5		וּ/בֵית	c/1043+	HC/Np	06Az9
19	38	6		עֲנָ֖ת	1043	HNp	06KsP
19	38	7		וּ/בֵ֣ית	c/1053+	HC/Np	0657u
19	38	8		שָׁ֑מֶשׁ	1053	HNp	06XUn
19	38	9		עָרִ֥ים	5892 b	HNcfpa	06mnU
19	38	10		תְּשַֽׁע	8672	HAcfsa	063uB
19	38	11		עֶשְׂרֵ֖ה	6240	HAcfsa	06bE2
19	38	12		וְ/חַצְרֵי/הֶֽן	c/2691 b	HC/Ncbpc/Sp3fp	06kyK
19	39	1		זֹ֗את	2063	HPdxfs	06AcS
19	39	2		נַחֲלַ֛ת	5159	HNcfsc	06Ui1
19	39	3		מַטֵּ֥ה	4294	HNcmsc	06qzt
19	39	4		בְנֵֽי	1121 a	HNcmpc	061Yv
19	39	5		נַפְתָּלִ֖י	5321	HNp	06unw
19	39	6		לְ/מִשְׁפְּחֹתָ֑/ם	l/4940	HR/Ncfpc/Sp3mp	06xed
19	39	7		הֶ/עָרִ֖ים	d/5892 b	HTd/Ncfpa	06Ld9
19	39	8		וְ/חַצְרֵי/הֶֽן	c/2691 b	HC/Ncbpc/Sp3fp	06mVS
19	40	1		לְ/מַטֵּ֥ה	l/4294	HR/Ncmsc	06LHh
19	40	2		בְנֵי	1121 a	HNcmpc	06vvz
19	40	3		דָ֖ן	1835	HNp	06h7f
19	40	4		לְ/מִשְׁפְּחֹתָ֑/ם	l/4940	HR/Ncfpc/Sp3mp	06ai6
19	40	5		יָצָ֖א	3318	HVqp3ms	06PHM
19	40	6		הַ/גּוֹרָ֥ל	d/1486	HTd/Ncmsa	06Loh
19	40	7		הַ/שְּׁבִיעִֽי	d/7637	HTd/Aomsa	06jbt
19	41	1		וַ/יְהִ֖י	c/1961	HC/Vqw3ms	06whp
19	41	2		גְּב֣וּל	1366	HNcmsc	06DeS
19	41	3		נַחֲלָתָ֑/ם	5159	HNcfsc/Sp3mp	06TDX
19	41	4		צָרְעָ֥ה	6881	HNp	06kew
19	41	5		וְ/אֶשְׁתָּא֖וֹל	c/847	HC/Np	064a7
19	41	6		וְ/עִ֥יר	c/5905+	HC/Np	06Vw1
19	41	7		שָֽׁמֶשׁ	5905	HNp	06AbP
19	42	1		וְ/שַֽׁעֲלַבִּ֥ין	c/8169	HC/Np	06XC7
19	42	2		וְ/אַיָּל֖וֹן	c/357	HC/Np	06kSM
19	42	3		וְ/יִתְלָֽה	c/3494	HC/Np	067Wp
19	43	1		וְ/אֵיל֥וֹן	c/356	HC/Np	06i1E
19	43	2		וְ/תִמְנָ֖תָ/ה	c/8553	HC/Np/Sd	06Aby
19	43	3		וְ/עֶקְרֽוֹן	c/6138	HC/Np	06dEB
19	44	1		וְ/אֶלְתְּקֵ֥ה	c/514	HC/Np	06fQk
19	44	2		וְ/גִבְּת֖וֹן	c/1405	HC/Np	06bgn
19	44	3		וּ/בַעֲלָֽת	c/1191	HC/Np	06TM2
19	45	1		וִ/יהֻ֥ד	c/3055	HC/Np	06k7d
19	45	2		וּ/בְנֵֽי	c/1139+	HC/Np	06WXj
19	45	3		בְרַ֖ק	1139	HNp	06Dkb
19	45	4		וְ/גַת	c/1667+	HC/Np	06JBA
19	45	5		רִמּֽוֹן	1667	HNp	06ZFp
19	46	1		וּ/מֵ֥י	c/4313+	HC/Np	06jzs
19	46	2		הַיַּרְק֖וֹן	4313	HNp	06SJc
19	46	3		וְ/הָֽ/רַקּ֑וֹן	c/d/7542	HC/Td/Np	06drC
19	46	4		עִֽם	5973 a	HR	06UiC
19	46	5		הַ/גְּב֖וּל	d/1366	HTd/Ncmsa	06qKv
19	46	6		מ֥וּל	4136	HR	06CuC
19	46	7		יָפֽוֹ	3305	HNp	06CZ7
19	47	1		וַ/יֵּצֵ֥א	c/3318	HC/Vqw3ms	06vXD
19	47	2		גְבוּל	1366	HNcmsc	06Ph4
19	47	3		בְּנֵי	1121 a	HNcmpc	06YV4
19	47	4		דָ֖ן	1835	HNp	06XUH
19	47	5		מֵ/הֶ֑ם	m	HR/Sp3mp	061ZZ
19	47	6		וַ/יַּעֲל֣וּ	c/5927	HC/Vqw3mp	06QGw
19	47	7		בְנֵֽי	1121 a	HNcmpc	06phZ
19	47	8		דָ֠ן	1835	HNp	06ytA
19	47	9		וַ/יִּלָּחֲמ֨וּ	c/3898 a	HC/VNw3mp	06dor
19	47	10		עִם	5973 a	HR	06kRt
19	47	11		לֶ֜שֶׁם	3959	HNp	06p5S
19	47	12		וַ/יִּלְכְּד֥וּ	c/3920	HC/Vqw3mp	066AX
19	47	13		אוֹתָ֣/הּ	853	HTo/Sp3fs	06rCA
19	47	14		וַ/יַּכּ֧וּ	c/5221	HC/Vhw3mp	06st4
19	47	15		אוֹתָ֣/הּ	853	HTo/Sp3fs	06xDN
19	47	16		לְ/פִי	l/6310	HR/Ncmsc	06uhF
19	47	17		חֶ֗רֶב	2719	HNcfsa	06Feh
19	47	18		וַ/יִּֽרְשׁ֤וּ	c/3423	HC/Vqw3mp	06Uiv
19	47	19		אוֹתָ/הּ֙	853	HTo/Sp3fs	06qY1
19	47	20		וַ/יֵּ֣שְׁבוּ	c/3427	HC/Vqw3mp	06Eh1
19	47	21		בָ֔/הּ	b	HR/Sp3fs	06TcL
19	47	22		וַ/יִּקְרְא֤וּ	c/7121	HC/Vqw3mp	0657W
19	47	23		לְ/לֶ֨שֶׁם֙	l/3959	HR/Np	068WE
19	47	24		דָּ֔ן	1835	HNp	06sZh
19	47	25		כְּ/שֵׁ֖ם	k/8034	HR/Ncmsc	06hW6
19	47	26		דָּ֥ן	1835	HNp	06Fjn
19	47	27		אֲבִי/הֶֽם	1	HNcmsc/Sp3mp	06NMJ
19	48	1		זֹ֗את	2063	HPdxfs	06KgD
19	48	2		נַחֲלַ֛ת	5159	HNcfsc	06o41
19	48	3		מַטֵּ֥ה	4294	HNcmsc	06Q19
19	48	4		בְנֵי	1121 a	HNcmpc	06M82
19	48	5		דָ֖ן	1835	HNp	06FQt
19	48	6		לְ/מִשְׁפְּחֹתָ֑/ם	l/4940	HR/Ncfpc/Sp3mp	066U3
19	48	7		הֶֽ/עָרִ֥ים	d/5892 b	HTd/Ncfpa	0677g
19	48	8		הָ/אֵ֖לֶּה	d/428	HTd/Pdxcp	06Njc
19	48	9		וְ/חַצְרֵי/הֶֽן	c/2691 b	HC/Ncbpc/Sp3fp	06vvs
19	49	1		וַ/יְכַלּ֥וּ	c/3615	HC/Vpw3mp	06kh1
19	49	2		לִ/נְחֹל	l/5157	HR/Vqc	06HfB
19	49	3		אֶת	853	HTo	061Hv
19	49	4		הָ/אָ֖רֶץ	d/776	HTd/Ncbsa	06y4b
19	49	5		לִ/גְבֽוּלֹתֶ֑י/הָ	l/1367	HR/Ncfpc/Sp3fs	06ULW
19	49	6		וַ/יִּתְּנ֨וּ	c/5414	HC/Vqw3mp	06GUN
19	49	7		בְנֵי	1121 a	HNcmpc	06yfp
19	49	8		יִשְׂרָאֵ֧ל	3478	HNp	06szn
19	49	9		נַחֲלָ֛ה	5159	HNcfsa	06334
19	49	10		לִ/יהוֹשֻׁ֥עַ	l/3091	HR/Np	06Qde
19	49	11		בִּן	1121 a	HNcmsc	06K62
19	49	12		נ֖וּן	5126	HNp	06dBK
19	49	13		בְּ/תוֹכָֽ/ם	b/8432	HR/Ncmsc/Sp3mp	06J89
19	50	1		עַל	5921 a	HR	06iLi
19	50	2		פִּ֨י	6310	HNcmsc	06tFm
19	50	3		יְהוָ֜ה	3068	HNp	06kxU
19	50	4		נָ֣תְנוּ	5414	HVqp3cp	06Wsw
19	50	5		ל֗/וֹ	l	HR/Sp3ms	06BjS
19	50	6		אֶת	853	HTo	06Xcv
19	50	7		הָ/עִיר֙	d/5892 b	HTd/Ncfsa	06PRu
19	50	8		אֲשֶׁ֣ר	834 a	HTr	06mZG
19	50	9		שָׁאָ֔ל	7592	HVqp3ms	06BVn
19	50	10		אֶת	853	HTo	06FZr
19	50	11		תִּמְנַת	8556 b	HNp	06upQ
19	50	12		סֶ֖רַח	8556 b	HNp	06VzQ
19	50	13		בְּ/הַ֣ר	b/2022	HR/Ncmsc	06Ym9
19	50	14		אֶפְרָ֑יִם	669	HNp	06xhV
19	50	15		וַ/יִּבְנֶ֥ה	c/1129	HC/Vqw3ms	06rLw
19	50	16		אֶת	853	HTo	06tc3
19	50	17		הָ/עִ֖יר	d/5892 b	HTd/Ncfsa	06Asj
19	50	18		וַ/יֵּ֥שֶׁב	c/3427	HC/Vqw3ms	06ZFJ
19	50	19		בָּֽ/הּ	b	HR/Sp3fs	06G2v
19	51	1		אֵ֣לֶּה	428	HPdxcp	06pGd
19	51	2		הַ/נְּחָלֹ֡ת	d/5159	HTd/Ncfpa	06S8b
19	51	3		אֲשֶׁ֣ר	834 a	HTr	06QfR
19	51	4		נִחֲל֣וּ	5157	HVpp3cp	06a9L
19	51	5		אֶלְעָזָ֣ר	499	HNp	0687i
19	51	6		הַ/כֹּהֵ֣ן	d/3548	HTd/Ncmsa	06HbV
19	51	7		וִ/יהוֹשֻׁ֪עַ	c/3091	HC/Np	068Ef
19	51	8		בִּן	1121 a	HNcmsc	06Jx8
19	51	9		נ֟וּן	5126	HNp	06BdY
19	51	10		וְ/רָאשֵׁ֣י	c/7218 a	HC/Ncmpc	06Wgk
19	51	11		הָֽ/אָב֣וֹת	d/1	HTd/Ncmpa	067KL
19	51	12		לְ/מַטּוֹת֩	l/4294	HR/Ncmpc	06uD3
19	51	13		בְּנֵי	1121 a	HNcmpc	06Chs
19	51	14		יִשְׂרָאֵ֨ל	3478	HNp	06yyk
19	51	15		בְּ/גוֹרָ֤ל	b/1486	HR/Ncmsa	06hcZ
19	51	16		בְּ/שִׁלֹה֙	b/7887	HR/Np	06dNA
19	51	17		לִ/פְנֵ֣י	l/6440	HR/Ncbpc	06RpE
19	51	18		יְהוָ֔ה	3068	HNp	06q3b
19	51	19		פֶּ֖תַח	6607	HNcmsc	06PeM
19	51	20		אֹ֣הֶל	168	HNcmsc	06RXz
19	51	21		מוֹעֵ֑ד	4150	HNcmsa	06aju
19	51	22		וַ/יְכַלּ֕וּ	c/3615	HC/Vpw3mp	069mk
19	51	23		מֵֽ/חַלֵּ֖ק	m/2505 a	HR/Vpc	06dWz
19	51	24		אֶת	853	HTo	06hpc
19	51	25		הָ/אָֽרֶץ	d/776	HTd/Ncbsa	0665B
20	1	1		וַ/יְדַבֵּ֣ר	c/1696	HC/Vpw3ms	0659k
20	1	2		יְהוָ֔ה	3068	HNp	06G4x
20	1	3		אֶל	413	HR	06D9r
20	1	4		יְהוֹשֻׁ֖עַ	3091	HNp	06Fn5
20	1	5		לֵ/אמֹֽר	l/559	HR/Vqc	06u2c
20	2	1		דַּבֵּ֛ר	1696	HVpv2ms	06aLU
20	2	2		אֶל	413	HR	06zxD
20	2	3		בְּנֵ֥י	1121 a	HNcmpc	06qCS
20	2	4		יִשְׂרָאֵ֖ל	3478	HNp	06Rt6
20	2	5		לֵ/אמֹ֑ר	l/559	HR/Vqc	06fKp
20	2	6		תְּנ֤וּ	5414	HVqv2mp	06Zcg
20	2	7		לָ/כֶם֙	l	HR/Sp2mp	06ySA
20	2	8		אֶת	853	HTo	06qsK
20	2	9		עָרֵ֣י	5892 b	HNcfpc	06dUR
20	2	10		הַ/מִּקְלָ֔ט	d/4733	HTd/Ncmsa	06Xge
20	2	11		אֲשֶׁר	834 a	HTr	06cxE
20	2	12		דִּבַּ֥רְתִּי	1696	HVpp1cs	06NhT
20	2	13		אֲלֵי/כֶ֖ם	413	HR/Sp2mp	068rt
20	2	14		בְּ/יַד	b/3027	HR/Ncbsc	06FSn
20	2	15		מֹשֶֽׁה	4872	HNp	06ABP
20	3	1		לָ/נ֥וּס	l/5127	HR/Vqc	0675p
20	3	2		שָׁ֨מָּ/ה֙	8033	HD/Sd	06Zaf
20	3	3		רוֹצֵ֔חַ	7523	HVqrmsa	06PSe
20	3	4		מַכֵּה	5221	HVhrmsc	06xN1
20	3	5		נֶ֥פֶשׁ	5315	HNcbsa	06Xkg
20	3	6		בִּ/שְׁגָגָ֖ה	b/7684	HR/Ncfsa	06vQX
20	3	7		בִּ/בְלִי	b/1097	HR/Ncmsc	06Vn9
20	3	8		דָ֑עַת	1847	HNcfsa	06GiN
20	3	9		וְ/הָי֤וּ	c/1961	HC/Vqp3cp	06c4u
20	3	10		לָ/כֶם֙	l	HR/Sp2mp	06ukD
20	3	11		לְ/מִקְלָ֔ט	l/4733	HR/Ncmsa	06Cqq
20	3	12		מִ/גֹּאֵ֖ל	m/1350 a	HR/Vqrmsc	06GM2
20	3	13		הַ/דָּֽם	d/1818	HTd/Ncmsa	06Nac
20	4	1		וְ/נָ֞ס	c/5127	HC/Vqq3ms	067qo
20	4	2		אֶל	413	HR	06htN
20	4	3		אַחַ֣ת	259	HAcfsa	069N7
20	4	4		מֵ/הֶ/עָרִ֣ים	m/d/5892 b	HR/Td/Ncfpa	06vNp
20	4	5		הָ/אֵ֗לֶּה	d/428	HTd/Pdxcp	06vJK
20	4	6		וְ/עָמַד֙	c/5975	HC/Vqq3ms	06ZQ4
20	4	7		פֶּ֚תַח	6607	HNcmsc	06Aoa
20	4	8		שַׁ֣עַר	8179	HNcmsc	06g1p
20	4	9		הָ/עִ֔יר	d/5892 b	HTd/Ncfsa	06xBa
20	4	10		וְ/דִבֶּ֛ר	c/1696	HC/Vpq3ms	06av2
20	4	11		בְּ/אָזְנֵ֛י	b/241	HR/Ncfdc	06cwV
20	4	12		זִקְנֵ֥י	2205	HAampc	06TAc
20	4	13		הָ/עִֽיר	d/5892 b	HTd/Ncfsa	06WW6
20	4	14		הַ/הִ֖יא	d/1931	HTd/Pp3fs	06hnS
20	4	15		אֶת	853	HTo	06w1B
20	4	16		דְּבָרָ֑י/ו	1697	HNcmpc/Sp3ms	06gSp
20	4	17		וְ/אָסְפ֨וּ	c/622	HC/Vqp3cp	06HpS
20	4	18		אֹת֤/וֹ	853	HTo/Sp3ms	061h7
20	4	19		הָ/עִ֨ירָ/ה֙	d/5892 b	HTd/Ncfsa/Sd	06yT7
20	4	20		אֲלֵי/הֶ֔ם	413	HR/Sp3mp	06YRx
20	4	21		וְ/נָתְנוּ	c/5414	HC/Vqq3cp	06FHT
20	4	22		ל֥/וֹ	l	HR/Sp3ms	06dPE
20	4	23		מָק֖וֹם	4725	HNcmsa	06XrC
20	4	24		וְ/יָשַׁ֥ב	c/3427	HC/Vqq3ms	06uiX
20	4	25		עִמָּֽ/ם	5973 a	HR/Sp3mp	0625p
20	5	1		וְ/כִ֨י	c/3588 a	HC/C	06HVF
20	5	2		יִרְדֹּ֜ף	7291	HVqi3ms	06m2K
20	5	3		גֹּאֵ֤ל	1350 a	HVqrmsc	0667o
20	5	4		הַ/דָּם֙	d/1818	HTd/Ncmsa	06njm
20	5	5		אַֽחֲרָ֔י/ו	310 a	HR/Sp3ms	06b7Q
20	5	6		וְ/לֹֽא	c/3808	HC/Tn	06SVW
20	5	7		יַסְגִּ֥רוּ	5462	HVhi3mp	06ZYw
20	5	8		אֶת	853	HTo	069yq
20	5	9		הָ/רֹצֵ֖חַ	d/7523	HTd/Vqrmsa	06dWR
20	5	10		בְּ/יָד֑/וֹ	b/3027	HR/Ncbsc/Sp3ms	06hto
20	5	11		כִּ֤י	3588 a	HC	06d9Z
20	5	12		בִ/בְלִי	b/1097	HR/Tn	06G9m
20	5	13		דַ֨עַת֙	1847	HNcfsa	06io6
20	5	14		הִכָּ֣ה	5221	HVhp3ms	06xWm
20	5	15		אֶת	853	HTo	06dsU
20	5	16		רֵעֵ֔/הוּ	7453	HNcmsc/Sp3ms	06bYp
20	5	17		וְ/לֹֽא	c/3808	HC/Tn	065Qo
20	5	18		שֹׂנֵ֥א	8130	HVqrmsa	06Ayf
20	5	19		ה֛וּא	1931	HPp3ms	06XSV
20	5	20		ל֖/וֹ	l	HR/Sp3ms	06tA7
20	5	21		מִ/תְּמ֥וֹל	m/8543	HR/D	068UE
20	5	22		שִׁלְשֽׁוֹם	8032	HNcmsa	06vD9
20	6	1		וְ/יָשַׁ֣ב	c/3427	HC/Vqq3ms	06c2q
20	6	2		בָּ/עִ֣יר	b/5892 b	HRd/Ncfsa	06ArC
20	6	3		הַ/הִ֗יא	d/1931	HTd/Pp3fs	06L4t
20	6	4		עַד	5704	HR	06tBV
20	6	5		עָמְד֞/וֹ	5975	HVqc/Sp3ms	06sP7
20	6	6		לִ/פְנֵ֤י	l/6440	HR/Ncbpc	06HaF
20	6	7		הָֽ/עֵדָה֙	d/5712	HTd/Ncfsa	06r1k
20	6	8		לַ/מִּשְׁפָּ֔ט	l/4941	HRd/Ncmsa	06S4c
20	6	9		עַד	5704	HR	06nw6
20	6	10		מוֹת֙	4194	HNcmsc	06sz1
20	6	11		הַ/כֹּהֵ֣ן	d/3548	HTd/Ncmsa	06dYv
20	6	12		הַ/גָּד֔וֹל	d/1419 a	HTd/Aamsa	06geX
20	6	13		אֲשֶׁ֥ר	834 a	HTr	06CP6
20	6	14		יִהְיֶ֖ה	1961	HVqi3ms	06zkp
20	6	15		בַּ/יָּמִ֣ים	b/3117	HRd/Ncmpa	06w5g
20	6	16		הָ/הֵ֑ם	d/1992	HTd/Pp3mp	06xko
20	6	17		אָ֣ז	227 a	HD	06Xb8
20	6	18		יָשׁ֣וּב	7725	HVqi3ms	06vEK
20	6	19		הָ/רוֹצֵ֗חַ	d/7523	HTd/Vqrmsa	06BUo
20	6	20		וּ/בָ֤א	c/935	HC/Vqp3ms	06Tkw
20	6	21		אֶל	413	HR	06mH6
20	6	22		עִיר/וֹ֙	5892 b	HNcfsc/Sp3ms	062dU
20	6	23		וְ/אֶל	c/413	HC/R	06Xtc
20	6	24		בֵּית֔/וֹ	1004 b	HNcmsc/Sp3ms	06GjZ
20	6	25		אֶל	413	HR	06zYY
20	6	26		הָ/עִ֖יר	d/5892 b	HTd/Ncfsa	06D36
20	6	27		אֲשֶׁר	834 a	HTr	062Ri
20	6	28		נָ֥ס	5127	HVqp3ms	06HWE
20	6	29		מִ/שָּֽׁם	m/8033	HR/D	06TXG
20	7	1		וַ/יַּקְדִּ֜שׁוּ	c/6942	HC/Vhw3mp	06z6T
20	7	2		אֶת	853	HTo	06CnF
20	7	3		קֶ֤דֶשׁ	6943	HNp	06yqC
20	7	4		בַּ/גָּלִיל֙	b/1551	HRd/Np	06RVq
20	7	5		בְּ/הַ֣ר	b/2022	HR/Ncmsc	06SUy
20	7	6		נַפְתָּלִ֔י	5321	HNp	06Z4u
20	7	7		וְ/אֶת	c/853	HC/To	06zem
20	7	8		שְׁכֶ֖ם	7927	HNp	06ULr
20	7	9		בְּ/הַ֣ר	b/2022	HR/Ncmsc	06RgZ
20	7	10		אֶפְרָ֑יִם	669	HNp	06JuZ
20	7	11		וְ/אֶת	c/853	HC/To	06Cxh
20	7	12		קִרְיַ֥ת	7153+	HNp	06sBP
20	7	13		אַרְבַּ֛ע	7153	HAcfsa	06CNj
20	7	14		הִ֥יא	1931	HPp3fs	06X8a
20	7	15		חֶבְר֖וֹן	2275 a	HNp	06N8o
20	7	16		בְּ/הַ֥ר	b/2022	HR/Ncmsc	06x8G
20	7	17		יְהוּדָֽה	3063	HNp	06PWT
20	8	1		וּ/מֵ/עֵ֜בֶר	c/m/5676	HC/R/Ncmsa	06RGg
20	8	2		לְ/יַרְדֵּ֤ן	l/3383	HR/Np	06PN9
20	8	3		יְרִיחוֹ֙	3405	HNp	06QQH
20	8	4		מִזְרָ֔חָ/ה	4217	HNcmsa/Sd	06Nk6
20	8	5		נָתְנ֞וּ	5414	HVqp3cp	06bqe
20	8	6		אֶת	853	HTo	06Lo7
20	8	7		בֶּ֧צֶר	1221	HNp	06XkF
20	8	8		בַּ/מִּדְבָּ֛ר	b/4057 b	HRd/Ncmsa	06fzP
20	8	9		בַּ/מִּישֹׁ֖ר	b/4334	HRd/Ncmsa	06Se7
20	8	10		מִ/מַּטֵּ֣ה	m/4294	HR/Ncmsc	06xP3
20	8	11		רְאוּבֵ֑ן	7205	HNp	06Hqs
20	8	12		וְ/אֶת	c/853	HC/To	06WCC
20	8	13		רָאמֹ֤ת	7216	HNp	06MNb
20	8	14		בַּ/גִּלְעָד֙	b/1568	HRd/Np	06BW3
20	8	15		מִ/מַּטֵּה	m/4294	HR/Ncmsc	06fHF
20	8	16		גָ֔ד	1410	HNp	06RME
20	8	17		וְ/אֶת	c/853	HC/To	069JG
20	8	18	x-ketiv	גלון	1474	HNp	06Gt3
20	8	19		גּוֹלָ֥ן	1474	HNp	06H48
20	8	20		בַּ/בָּשָׁ֖ן	b/1316	HRd/Np	061jx
20	8	21		מִ/מַּטֵּ֥ה	m/4294	HR/Ncmsc	06AkN
20	8	22		מְנַשֶּֽׁה	4519	HNp	0644o
20	9	1		אֵ֣לֶּה	428	HPdxcp	06FRQ
20	9	2		הָיוּ֩	1961	HVqp3cp	06vJw
20	9	3		עָרֵ֨י	5892 b	HNcfpc	06HX9
20	9	4		הַ/מּֽוּעָדָ֜ה	d/4152	HTd/Ncfsa	06SHe
20	9	5		לְ/כֹ֣ל	l/3605	HR/Ncmsc	06HRn
20	9	6		בְּנֵ֣י	1121 a	HNcmpc	06pmD
20	9	7		יִשְׂרָאֵ֗ל	3478	HNp	063Kj
20	9	8		וְ/לַ/גֵּר֙	c/l/1616	HC/Rd/Ncmsa	06YyV
20	9	9		הַ/גָּ֣ר	d/1481 a	HTd/Vqrmsa	062m6
20	9	10		בְּ/תוֹכָ֔/ם	b/8432	HR/Ncmsc/Sp3mp	06AHo
20	9	11		לָ/נ֣וּס	l/5127	HR/Vqc	06PYm
20	9	12		שָׁ֔מָּ/ה	8033	HD/Sd	06CnX
20	9	13		כָּל	3605	HNcmsc	06zv9
20	9	14		מַכֵּה	5221	HVhrmsc	06UjU
20	9	15		נֶ֖פֶשׁ	5315	HNcbsa	06XMJ
20	9	16		בִּ/שְׁגָגָ֑ה	b/7684	HR/Ncfsa	064cS
20	9	17		וְ/לֹ֣א	c/3808	HC/Tn	06Pez
20	9	18		יָמ֗וּת	4191	HVqi3ms	06Tmw
20	9	19		בְּ/יַד֙	b/3027	HR/Ncbsc	06B17
20	9	20		גֹּאֵ֣ל	1350 a	HVqrmsc	06m7v
20	9	21		הַ/דָּ֔ם	d/1818	HTd/Ncmsa	06mbr
20	9	22		עַד	5704	HR	06d8A
20	9	23		עָמְד֖/וֹ	5975	HVqc/Sp3ms	06LDp
20	9	24		לִ/פְנֵ֥י	l/6440	HR/Ncbpc	06EbD
20	9	25		הָ/עֵדָֽה	d/5712	HTd/Ncfsa	06vmr
21	1	1		וַֽ/יִּגְּשׁ֗וּ	c/5066	HC/Vqw3mp	06gPA
21	1	2		רָאשֵׁי֙	7218 a	HNcmpc	06yrj
21	1	3		אֲב֣וֹת	1	HNcmpc	06rW3
21	1	4		הַ/לְוִיִּ֔ם	d/3881	HTd/Ngmpa	067nu
21	1	5		אֶל	413	HR	06GmY
21	1	6		אֶלְעָזָר֙	499	HNp	06V5Z
21	1	7		הַ/כֹּהֵ֔ן	d/3548	HTd/Ncmsa	06Rks
21	1	8		וְ/אֶל	c/413	HC/R	06PFv
21	1	9		יְהוֹשֻׁ֖עַ	3091	HNp	06YrJ
21	1	10		בִּן	1121 a	HNcmsc	06a9C
21	1	11		נ֑וּן	5126	HNp	06y3g
21	1	12		וְ/אֶל	c/413	HC/R	06N47
21	1	13		רָאשֵׁ֛י	7218 a	HNcmpc	06jS9
21	1	14		אֲב֥וֹת	1	HNcmpc	068nc
21	1	15		הַ/מַּטּ֖וֹת	d/4294	HTd/Ncmpa	06kG8
21	1	16		לִ/בְנֵ֥י	l/1121 a	HR/Ncmpc	06tqG
21	1	17		יִשְׂרָאֵֽל	3478	HNp	069Yc
21	2	1		וַ/יְדַבְּר֨וּ	c/1696	HC/Vpw3mp	06DCA
21	2	2		אֲלֵי/הֶ֜ם	413	HR/Sp3mp	06znP
21	2	3		בְּ/שִׁלֹ֗ה	b/7887	HR/Np	06tys
21	2	4		בְּ/אֶ֤רֶץ	b/776	HR/Ncbsc	06w77
21	2	5		כְּנַ֨עַן֙	3667 a	HNp	069HF
21	2	6		לֵ/אמֹ֔ר	l/559	HR/Vqc	06b78
21	2	7		יְהוָה֙	3068	HNp	06eSY
21	2	8		צִוָּ֣ה	6680	HVpp3ms	06Q54
21	2	9		בְ/יַד	b/3027	HR/Ncbsc	06eVt
21	2	10		מֹשֶׁ֔ה	4872	HNp	067yH
21	2	11		לָֽ/תֶת	l/5414	HR/Vqc	06th9
21	2	12		לָ֥/נוּ	l	HR/Sp1cp	066p7
21	2	13		עָרִ֖ים	5892 b	HNcfpa	06DuL
21	2	14		לָ/שָׁ֑בֶת	l/3427	HR/Vqc	0669b
21	2	15		וּ/מִגְרְשֵׁי/הֶ֖ן	c/4054	HC/Ncmpc/Sp3fp	06P68
21	2	16		לִ/בְהֶמְתֵּֽ/נוּ	l/929	HR/Ncfsc/Sp1cp	06bdj
21	3	1		וַ/יִּתְּנ֨וּ	c/5414	HC/Vqw3mp	06GT8
21	3	2		בְנֵי	1121 a	HNcmpc	06f7H
21	3	3		יִשְׂרָאֵ֧ל	3478	HNp	06o5p
21	3	4		לַ/לְוִיִּ֛ם	l/3881	HRd/Ngmpa	06Cxf
21	3	5		מִ/נַּחֲלָתָ֖/ם	m/5159	HR/Ncfsc/Sp3mp	062gP
21	3	6		אֶל	413	HR	061iN
21	3	7		פִּ֣י	6310	HNcmsc	06vsF
21	3	8		יְהוָ֑ה	3068	HNp	06KFH
21	3	9		אֶת	853	HTo	068ey
21	3	10		הֶ/עָרִ֥ים	d/5892 b	HTd/Ncfpa	06m3Q
21	3	11		הָ/אֵ֖לֶּה	d/428	HTd/Pdxcp	068Fp
21	3	12		וְ/אֶת	c/853	HC/To	06QVD
21	3	13		מִגְרְשֵׁי/הֶֽן	4054	HNcmpc/Sp3fp	063Yr
21	4	1		וַ/יֵּצֵ֥א	c/3318	HC/Vqw3ms	064rB
21	4	2		הַ/גּוֹרָ֖ל	d/1486	HTd/Ncmsa	067j5
21	4	3		לְ/מִשְׁפְּחֹ֣ת	l/4940	HR/Ncfpc	06vMk
21	4	4		הַ/קְּהָתִ֑י	d/6956	HTd/Ngmsa	06yXY
21	4	5		וַ/יְהִ֡י	c/1961	HC/Vqw3ms	06TFT
21	4	6		לִ/בְנֵי֩	l/1121 a	HR/Ncmpc	069n8
21	4	7		אַהֲרֹ֨ן	175	HNp	065kG
21	4	8		הַ/כֹּהֵ֜ן	d/3548	HTd/Ncmsa	06XLv
21	4	9		מִן	4480 a	HR	06SPD
21	4	10		הַ/לְוִיִּ֗ם	d/3881	HTd/Ngmpa	061jw
21	4	11		מִ/מַּטֵּ֣ה	m/4294	HR/Ncmsc	06j1A
21	4	12		יְ֠הוּדָה	3063	HNp	06k9b
21	4	13		וּ/מִ/מַּטֵּ֨ה	c/m/4294	HC/R/Ncmsc	06xFg
21	4	14		הַ/שִּׁמְעֹנִ֜י	d/8099	HTd/Ngmsa	06TPh
21	4	15		וּ/מִ/מַּטֵּ֤ה	c/m/4294	HC/R/Ncmsc	06PzZ
21	4	16		בִנְיָמִן֙	1144	HNp	06wVu
21	4	17		בַּ/גּוֹרָ֔ל	b/1486	HRd/Ncmsa	06Y2m
21	4	18		עָרִ֖ים	5892 b	HNcfpa	06vpr
21	4	19		שְׁלֹ֥שׁ	7969	HAcfsa	06SwR
21	4	20		עֶשְׂרֵֽה	6240	HAcfsa	06DQF
21	5	1		וְ/לִ/בְנֵ֨י	c/l/1121 a	HC/R/Ncmpc	06m8G
21	5	2		קְהָ֜ת	6955	HNp	06iFH
21	5	3		הַ/נּוֹתָרִ֗ים	d/3498	HTd/VNrmpa	06UVR
21	5	4		מִ/מִּשְׁפְּחֹ֣ת	m/4940	HR/Ncfpc	06hK6
21	5	5		מַטֵּֽה	4294	HNcmsc	06P5i
21	5	6		אֶ֠פְרַיִם	669	HNp	06Zuk
21	5	7		וּֽ/מִ/מַּטֵּה	c/m/4294	HC/R/Ncmsc	06Xpa
21	5	8		דָ֞ן	1835	HNp	06F6v
21	5	9		וּ/מֵ/חֲצִ֨י	c/m/2677	HC/R/Ncmsc	06jek
21	5	10		מַטֵּ֧ה	4294	HNcmsc	06NjL
21	5	11		מְנַשֶּׁ֛ה	4519	HNp	06QhZ
21	5	12		בַּ/גּוֹרָ֖ל	b/1486	HRd/Ncmsa	068Y2
21	5	13		עָרִ֥ים	5892 b	HNcfpa	06wSY
21	5	14		עָֽשֶׂר	6235	HAcfsa	06sGn
21	6	1		וְ/לִ/בְנֵ֣י	c/l/1121 a	HC/R/Ncmpc	06EVR
21	6	2		גֵרְשׁ֗וֹן	1648	HNp	06xHF
21	6	3		מִ/מִּשְׁפְּח֣וֹת	m/4940	HR/Ncfpc	06E6X
21	6	4		מַטֵּֽה	4294	HNcmsc	06CmY
21	6	5		יִשָּׂשכָ֣ר	3485	HNp	06zBD
21	6	6		וּ/מִ/מַּטֵּֽה	c/m/4294	HC/R/Ncmsc	06H4G
21	6	7		אָ֠שֵׁר	836	HNp	06gFy
21	6	8		וּ/מִ/מַּטֵּ֨ה	c/m/4294	HC/R/Ncmsc	06111
21	6	9		נַפְתָּלִ֜י	5321	HNp	06Tu3
21	6	10		וּ֠/מֵ/חֲצִי	c/m/2677	HC/R/Ncmsc	06otC
21	6	11		מַטֵּ֨ה	4294	HNcmsc	06YDM
21	6	12		מְנַשֶּׁ֤ה	4519	HNp	06ru7
21	6	13		בַ/בָּשָׁן֙	b/1316	HRd/Np	06rHU
21	6	14		בַּ/גּוֹרָ֔ל	b/1486	HRd/Ncmsa	06t3d
21	6	15		עָרִ֖ים	5892 b	HNcfpa	06k6B
21	6	16		שְׁלֹ֥שׁ	7969	HAcfsa	0672o
21	6	17		עֶשְׂרֵֽה	6240	HAcfsa	06eAa
21	7	1		לִ/בְנֵ֨י	l/1121 a	HR/Ncmpc	06RTe
21	7	2		מְרָרִ֜י	4847	HNp	063Ca
21	7	3		לְ/מִשְׁפְּחֹתָ֗/ם	l/4940	HR/Ncfpc/Sp3mp	06zDb
21	7	4		מִ/מַּטֵּ֨ה	m/4294	HR/Ncmsc	06qQV
21	7	5		רְאוּבֵ֤ן	7205	HNp	06V8A
21	7	6		וּ/מִ/מַּטֵּה	c/m/4294	HC/R/Ncmsc	068Z7
21	7	7		גָד֙	1410	HNp	06UPz
21	7	8		וּ/מִ/מַּטֵּ֣ה	c/m/4294	HC/R/Ncmsc	06x31
21	7	9		זְבוּלֻ֔ן	2074	HNp	065NB
21	7	10		עָרִ֖ים	5892 b	HNcfpa	06pyv
21	7	11		שְׁתֵּ֥ים	8147	HAcfda	06tbn
21	7	12		עֶשְׂרֵֽה	6240	HAcfsa	06eu1
21	8	1		וַ/יִּתְּנ֤וּ	c/5414	HC/Vqw3mp	068af
21	8	2		בְנֵֽי	1121 a	HNcmpc	06Bpw
21	8	3		יִשְׂרָאֵל֙	3478	HNp	063Hw
21	8	4		לַ/לְוִיִּ֔ם	l/3881	HRd/Ngmpa	06mhm
21	8	5		אֶת	853	HTo	06W2d
21	8	6		הֶ/עָרִ֥ים	d/5892 b	HTd/Ncfpa	063Mv
21	8	7		הָ/אֵ֖לֶּה	d/428	HTd/Pdxcp	06aJE
21	8	8		וְ/אֶת	c/853	HC/To	06HVc
21	8	9		מִגְרְשֵׁי/הֶ֑ן	4054	HNcmpc/Sp3fp	06zeo
21	8	10		כַּ/אֲשֶׁ֨ר	k/834 d	HR/Tr	06Enp
21	8	11		צִוָּ֧ה	6680	HVpp3ms	06kf1
21	8	12		יְהוָ֛ה	3068	HNp	06ZPC
21	8	13		בְּ/יַד	b/3027	HR/Ncbsc	06qxU
21	8	14		מֹשֶׁ֖ה	4872	HNp	06Pgi
21	8	15		בַּ/גּוֹרָֽל	b/1486	HRd/Ncmsa	06MkP
21	9	1		וַֽ/יִּתְּנ֗וּ	c/5414	HC/Vqw3mp	065hP
21	9	2		מִ/מַּטֵּה֙	m/4294	HR/Ncmsc	06zD4
21	9	3		בְּנֵ֣י	1121 a	HNcmpc	06KEB
21	9	4		יְהוּדָ֔ה	3063	HNp	06cZY
21	9	5		וּ/מִ/מַּטֵּ֖ה	c/m/4294	HC/R/Ncmsc	0622d
21	9	6		בְּנֵ֣י	1121 a	HNcmpc	06CRW
21	9	7		שִׁמְע֑וֹן	8095	HNp	06wv6
21	9	8		אֵ֚ת	853	HTo	06GZn
21	9	9		הֶֽ/עָרִ֣ים	d/5892 b	HTd/Ncfpa	06Jwq
21	9	10		הָ/אֵ֔לֶּה	d/428	HTd/Pdxcp	06wkd
21	9	11		אֲשֶׁר	834 a	HTr	06eKd
21	9	12		יִקְרָ֥א	7121	HVqi3ms	06goP
21	9	13		אֶתְ/הֶ֖ן	853	HTo/Sp3fp	062Lj
21	9	14		בְּ/שֵֽׁם	b/8034	HR/Ncmsa	06H2i
21	10	1		וַֽ/יְהִי֙	c/1961	HC/Vqw3ms	06iMH
21	10	2		לִ/בְנֵ֣י	l/1121 a	HR/Ncmpc	06SHu
21	10	3		אַהֲרֹ֔ן	175	HNp	06xJc
21	10	4		מִ/מִּשְׁפְּח֥וֹת	m/4940	HR/Ncfpc	06zu3
21	10	5		הַ/קְּהָתִ֖י	d/6956	HTd/Ngmsa	06srN
21	10	6		מִ/בְּנֵ֣י	m/1121 a	HR/Ncmpc	06cPD
21	10	7		לֵוִ֑י	3878	HNp	06rfv
21	10	8		כִּ֥י	3588 a	HC	06HSf
21	10	9		לָ/הֶ֛ם	l	HR/Sp3mp	06dMJ
21	10	10		הָיָ֥ה	1961	HVqp3ms	06Q3W
21	10	11		הַ/גּוֹרָ֖ל	d/1486	HTd/Ncmsa	069nC
21	10	12		רִיאשֹׁנָֽה	7223	HAofsa	06Es7
21	11	1		וַ/יִּתְּנ֨וּ	c/5414	HC/Vqw3mp	06WgU
21	11	2		לָ/הֶ֜ם	l	HR/Sp3mp	06y3p
21	11	3		אֶת	853	HTo	06Um9
21	11	4		קִרְיַת֩	7153+	HNp	06r8S
21	11	5		אַרְבַּ֨ע	7153	HAcfsa	06XS1
21	11	6		אֲבִ֧י	1	HNcmsc	06HHu
21	11	7		הָֽ/עֲנ֛וֹק	d/6061	HTd/Np	0634B
21	11	8		הִ֥יא	1931	HPp3fs	06tQL
21	11	9		חֶבְר֖וֹן	2275 a	HNp	06qz3
21	11	10		בְּ/הַ֣ר	b/2022	HR/Ncmsc	06PBZ
21	11	11		יְהוּדָ֑ה	3063	HNp	06JhC
21	11	12		וְ/אֶת	c/853	HC/To	0657q
21	11	13		מִגְרָשֶׁ֖/הָ	4054	HNcmpc/Sp3fs	06tgx
21	11	14		סְבִיבֹתֶֽי/הָ	5439	HNcbpc/Sp3fs	06b5Z
21	12	1		וְ/אֶת	c/853	HC/To	06gH8
21	12	2		שְׂדֵ֥ה	7704 b	HNcmsc	06ktM
21	12	3		הָ/עִ֖יר	d/5892 b	HTd/Ncfsa	06tnx
21	12	4		וְ/אֶת	c/853	HC/To	06Eje
21	12	5		חֲצֵרֶ֑י/הָ	2691 b	HNcbpc/Sp3fs	064XJ
21	12	6		נָֽתְנ֛וּ	5414	HVqp3cp	06Zod
21	12	7		לְ/כָלֵ֥ב	l/3612	HR/Np	06HWG
21	12	8		בֶּן	1121 a	HNcmsc	06Kq8
21	12	9		יְפֻנֶּ֖ה	3312	HNp	06HEQ
21	12	10		בַּ/אֲחֻזָּתֽ/וֹ	b/272	HR/Ncfsc/Sp3ms	06Zrg
21	13	1		וְ/לִ/בְנֵ֣י	c/l/1121 a	HC/R/Ncmpc	06Jb7
21	13	2		אַהֲרֹ֣ן	175	HNp	06gGi
21	13	3		הַ/כֹּהֵ֗ן	d/3548	HTd/Ncmsa	06ETT
21	13	4		נָֽתְנוּ֙	5414	HVqp3cp	06uax
21	13	5		אֶת	853	HTo	06gN6
21	13	6		עִיר֙	5892 b	HNcfsc	06Jyu
21	13	7		מִקְלַ֣ט	4733	HNcmsc	06RyA
21	13	8		הָ/רֹצֵ֔חַ	d/7523	HTd/Vqrmsa	06UFq
21	13	9		אֶת	853	HTo	06LyZ
21	13	10		חֶבְר֖וֹן	2275 a	HNp	06E3h
21	13	11		וְ/אֶת	c/853	HC/To	0663g
21	13	12		מִגְרָשֶׁ֑/הָ	4054	HNcmpc/Sp3fs	06ST5
21	13	13		וְ/אֶת	c/853	HC/To	06tJf
21	13	14		לִבְנָ֖ה	3841	HNp	068fM
21	13	15		וְ/אֶת	c/853	HC/To	06QTt
21	13	16		מִגְרָשֶֽׁ/הָ	4054	HNcmpc/Sp3fs	062C1
21	14	1		וְ/אֶת	c/853	HC/To	06o84
21	14	2		יַתִּר֙	3492	HNp	06f8Y
21	14	3		וְ/אֶת	c/853	HC/To	06Nun
21	14	4		מִגְרָשֶׁ֔/הָ	4054	HNcmpc/Sp3fs	069u1
21	14	5		וְ/אֶת	c/853	HC/To	06xHm
21	14	6		אֶשְׁתְּמֹ֖עַ	851	HNp	06otK
21	14	7		וְ/אֶת	c/853	HC/To	06syA
21	14	8		מִגְרָשֶֽׁ/הָ	4054	HNcmpc/Sp3fs	06dfy
21	15	1		וְ/אֶת	c/853	HC/To	06Wm4
21	15	2		חֹלֹן֙	2473	HNp	06g9f
21	15	3		וְ/אֶת	c/853	HC/To	06f8Q
21	15	4		מִגְרָשֶׁ֔/הָ	4054	HNcmpc/Sp3fs	06fFA
21	15	5		וְ/אֶת	c/853	HC/To	062XW
21	15	6		דְּבִ֖ר	1688 a	HNp	06QWt
21	15	7		וְ/אֶת	c/853	HC/To	06Qzv
21	15	8		מִגְרָשֶֽׁ/הָ	4054	HNcmpc/Sp3fs	06buk
21	16	1		וְ/אֶת	c/853	HC/To	06qeo
21	16	2		עַ֣יִן	5871	HNp	06ZHC
21	16	3		וְ/אֶת	c/853	HC/To	06fDd
21	16	4		מִגְרָשֶׁ֗/הָ	4054	HNcmpc/Sp3fs	06318
21	16	5		וְ/אֶת	c/853	HC/To	06jLb
21	16	6		יֻטָּה֙	3194	HNp	06nNQ
21	16	7		וְ/אֶת	c/853	HC/To	06BXH
21	16	8		מִגְרָשֶׁ֔/הָ	4054	HNcmpc/Sp3fs	06ZqU
21	16	9		אֶת	853	HTo	06nj3
21	16	10		בֵּ֥ית	1053+	HNp	06FvS
21	16	11		שֶׁ֖מֶשׁ	1053	HNp	06xim
21	16	12		וְ/אֶת	c/853	HC/To	06akA
21	16	13		מִגְרָשֶׁ֑/הָ	4054	HNcmpc/Sp3fs	06gKu
21	16	14		עָרִ֣ים	5892 b	HNcfpa	06TzQ
21	16	15		תֵּ֔שַׁע	8672	HAcfsa	061UE
21	16	16		מֵ/אֵ֕ת	m/854	HR/R	06kxv
21	16	17		שְׁנֵ֥י	8147	HAcmdc	06UMS
21	16	18		הַ/שְּׁבָטִ֖ים	d/7626	HTd/Ncmpa	067xb
21	16	19		הָ/אֵֽלֶּה	d/428	HTd/Pdxcp	06sKH
21	17	1		וּ/מִ/מַּטֵּ֣ה	c/m/4294	HC/R/Ncmsc	06tFA
21	17	2		בִנְיָמִ֔ן	1144	HNp	06Mpf
21	17	3		אֶת	853	HTo	06Ceq
21	17	4		גִּבְע֖וֹן	1391	HNp	064dQ
21	17	5		וְ/אֶת	c/853	HC/To	06GWt
21	17	6		מִגְרָשֶׁ֑/הָ	4054	HNcmpc/Sp3fs	06NBj
21	17	7		אֶת	853	HTo	06rsf
21	17	8		גֶּ֖בַע	1387	HNp	06z6Y
21	17	9		וְ/אֶת	c/853	HC/To	06ySf
21	17	10		מִגְרָשֶֽׁ/הָ	4054	HNcmpc/Sp3fs	06j6t
21	18	1		אֶת	853	HTo	06LMf
21	18	2		עֲנָתוֹת֙	6068	HNp	06siY
21	18	3		וְ/אֶת	c/853	HC/To	06c4n
21	18	4		מִגְרָשֶׁ֔/הָ	4054	HNcmpc/Sp3fs	06emA
21	18	5		וְ/אֶת	c/853	HC/To	06WwD
21	18	6		עַלְמ֖וֹן	5960	HNp	06Tfb
21	18	7		וְ/אֶת	c/853	HC/To	0658Y
21	18	8		מִגְרָשֶׁ֑/הָ	4054	HNcmpc/Sp3fs	061kr
21	18	9		עָרִ֖ים	5892 b	HNcfpa	06yuD
21	18	10		אַרְבַּֽע	702	HAcfsa	06yRp
21	19	1		כָּל	3605	HNcmsc	06qob
21	19	2		עָרֵ֥י	5892 b	HNcfpc	06DQR
21	19	3		בְנֵֽי	1121 a	HNcmpc	06gtv
21	19	4		אַהֲרֹ֖ן	175	HNp	06nHJ
21	19	5		הַ/כֹּֽהֲנִ֑ים	d/3548	HTd/Ncmpa	068D6
21	19	6		שְׁלֹשׁ	7969	HAcfsa	06LCy
21	19	7		עֶשְׂרֵ֥ה	6240	HAcfsa	06KvZ
21	19	8		עָרִ֖ים	5892 b	HNcfpa	0636n
21	19	9		וּ/מִגְרְשֵׁי/הֶֽן	c/4054	HC/Ncmpc/Sp3fp	065Yk
21	20	1		וּ/לְ/מִשְׁפְּח֤וֹת	c/l/4940	HC/R/Ncfpc	066As
21	20	2		בְּנֵֽי	1121 a	HNcmpc	06egP
21	20	3		קְהָת֙	6955	HNp	06NbF
21	20	4		הַ/לְוִיִּ֔ם	d/3881	HTd/Ngmpa	06krR
21	20	5		הַ/נּוֹתָרִ֖ים	d/3498	HTd/VNrmpa	06Mee
21	20	6		מִ/בְּנֵ֣י	m/1121 a	HR/Ncmpc	06VBQ
21	20	7		קְהָ֑ת	6955	HNp	06yb7
21	20	8		וַֽ/יְהִי֙	c/1961	HC/Vqw3ms	06qX2
21	20	9		עָרֵ֣י	5892 b	HNcfpc	06ePf
21	20	10		גֽוֹרָלָ֔/ם	1486	HNcmsc/Sp3mp	06yfj
21	20	11		מִ/מַּטֵּ֖ה	m/4294	HR/Ncmsc	06YM9
21	20	12		אֶפְרָֽיִם	669	HNp	06R56
21	21	1		וַ/יִּתְּנ֨וּ	c/5414	HC/Vqw3mp	06wHB
21	21	2		לָ/הֶ֜ם	l	HR/Sp3mp	06qAN
21	21	3		אֶת	853	HTo	06KVq
21	21	4		עִ֨יר	5892 b	HNcfsc	06S4L
21	21	5		מִקְלַ֧ט	4733	HNcmsc	06rwC
21	21	6		הָ/רֹצֵ֛חַ	d/7523	HTd/Vqrmsa	06MHW
21	21	7		אֶת	853	HTo	066Qv
21	21	8		שְׁכֶ֥ם	7927	HNp	06pjb
21	21	9		וְ/אֶת	c/853	HC/To	06Jy1
21	21	10		מִגְרָשֶׁ֖/הָ	4054	HNcmpc/Sp3fs	06eQ5
21	21	11		בְּ/הַ֣ר	b/2022	HR/Ncmsc	06jEY
21	21	12		אֶפְרָ֑יִם	669	HNp	06ew3
21	21	13		וְ/אֶת	c/853	HC/To	06y2D
21	21	14		גֶּ֖זֶר	1507	HNp	06T4z
21	21	15		וְ/אֶת	c/853	HC/To	06Q7m
21	21	16		מִגְרָשֶֽׁ/הָ	4054	HNcmpc/Sp3fs	06E1U
21	22	1		וְ/אֶת	c/853	HC/To	06kbD
21	22	2		קִבְצַ֨יִם֙	6911	HNp	068qD
21	22	3		וְ/אֶת	c/853	HC/To	06Zxt
21	22	4		מִגְרָשֶׁ֔/הָ	4054	HNcmpc/Sp3fs	06uHA
21	22	5		וְ/אֶת	c/853	HC/To	062kF
21	22	6		בֵּ֥ית	1032+	HNp	06mSY
21	22	7		חוֹרֹ֖ן	1032	HNp	062Fo
21	22	8		וְ/אֶת	c/853	HC/To	06ac8
21	22	9		מִגְרָשֶׁ֑/הָ	4054	HNcmpc/Sp3fs	0652Z
21	22	10		עָרִ֖ים	5892 b	HNcfpa	06UX4
21	22	11		אַרְבַּֽע	702	HAcfsa	06EnX
21	23	1		וּ/מִ/מַּ֨טֵּה	c/m/4294	HC/R/Ncmsc	06NXR
21	23	2		דָ֔ן	1835	HNp	0625M
21	23	3		אֶֽת	853	HTo	06YtX
21	23	4		אֶלְתְּקֵ֖א	514	HNp	06DG3
21	23	5		וְ/אֶת	c/853	HC/To	06cWY
21	23	6		מִגְרָשֶׁ֑/הָ	4054	HNcmpc/Sp3fs	06yj6
21	23	7		אֶֽת	853	HTo	06hqz
21	23	8		גִּבְּת֖וֹן	1405	HNp	06x8M
21	23	9		וְ/אֶת	c/853	HC/To	06Vk7
21	23	10		מִגְרָשֶֽׁ/הָ	4054	HNcmpc/Sp3fs	06JRg
21	24	1		אֶת	853	HTo	06CgK
21	24	2		אַיָּלוֹן֙	357	HNp	06G3o
21	24	3		וְ/אֶת	c/853	HC/To	065n7
21	24	4		מִגְרָשֶׁ֔/הָ	4054	HNcmpc/Sp3fs	06fm1
21	24	5		אֶת	853	HTo	06Vwa
21	24	6		גַּת	1667+	HNp	06FK5
21	24	7		רִמּ֖וֹן	1667	HNp	06ZFM
21	24	8		וְ/אֶת	c/853	HC/To	068dM
21	24	9		מִגְרָשֶׁ֑/הָ	4054	HNcmpc/Sp3fs	06rPP
21	24	10		עָרִ֖ים	5892 b	HNcfpa	06d5t
21	24	11		אַרְבַּֽע	702	HAcfsa	06eig
21	25	1		וּ/מִֽ/מַּחֲצִית֙	c/m/4276	HC/R/Ncfsc	06yZT
21	25	2		מַטֵּ֣ה	4294	HNcmsc	06jXo
21	25	3		מְנַשֶּׁ֔ה	4519	HNp	06e9S
21	25	4		אֶת	853	HTo	06Gak
21	25	5		תַּעְנַךְ֙	8590	HNp	06BhZ
21	25	6		וְ/אֶת	c/853	HC/To	06D7r
21	25	7		מִגְרָשֶׁ֔/הָ	4054	HNcmpc/Sp3fs	06QUi
21	25	8		וְ/אֶת	c/853	HC/To	06Zjd
21	25	9		גַּת	1667+	HNp	066hx
21	25	10		רִמּ֖וֹן	1667	HNp	063oP
21	25	11		וְ/אֶת	c/853	HC/To	06ZFG
21	25	12		מִגְרָשֶׁ֑/הָ	4054	HNcmpc/Sp3fs	06AVy
21	25	13		עָרִ֖ים	5892 b	HNcfpa	06isj
21	25	14		שְׁתָּֽיִם	8147	HAcfda	06fLM
21	26	1		כָּל	3605	HNcmsc	06Pwu
21	26	2		עָרִ֥ים	5892 b	HNcfpa	06oJA
21	26	3		עֶ֖שֶׂר	6235	HAcfsa	06RZU
21	26	4		וּ/מִגְרְשֵׁי/הֶ֑ן	c/4054	HC/Ncmpc/Sp3fp	06APK
21	26	5		לְ/מִשְׁפְּח֥וֹת	l/4940	HR/Ncfpc	066iD
21	26	6		בְּנֵֽי	1121 a	HNcmpc	063AW
21	26	7		קְהָ֖ת	6955	HNp	06WiP
21	26	8		הַ/נּוֹתָרִֽים	d/3498	HTd/VNrmpa	06RPe
21	27	1		וְ/לִ/בְנֵ֣י	c/l/1121 a	HC/R/Ncmpc	061Rt
21	27	2		גֵרְשׁוֹן֮	1648	HNp	067PY
21	27	3		מִ/מִּשְׁפְּחֹ֣ת	m/4940	HR/Ncfpc	06gp2
21	27	4		הַ/לְוִיִּם֒	d/3881	HTd/Ngmpa	06kRK
21	27	5		מֵ/חֲצִ֞י	m/2677	HR/Ncmsc	06z8t
21	27	6		מַטֵּ֣ה	4294	HNcmsc	06DXo
21	27	7		מְנַשֶּׁ֗ה	4519	HNp	06kTz
21	27	8		אֶת	853	HTo	06zyZ
21	27	9		עִיר֙	5892 b	HNcfsc	068Ge
21	27	10		מִקְלַ֣ט	4733	HNcmsc	06uzy
21	27	11		הָ/רֹצֵ֔חַ	d/7523	HTd/Vqrmsa	067TQ
21	27	12		אֶת	853	HTo	06gzf
21	27	13	x-ketiv	גלון	1474	HNp	06xP8
21	27	14		גּוֹלָ֤ן	1474	HNp	06d3M
21	27	15		בַּ/בָּשָׁן֙	b/1316	HRd/Np	06wz6
21	27	16		וְ/אֶת	c/853	HC/To	06BnH
21	27	17		מִגְרָשֶׁ֔/הָ	4054	HNcmpc/Sp3fs	06Sc6
21	27	18		וְ/אֶֽת	c/853	HC/To	06Qvj
21	27	19		בְּעֶשְׁתְּרָ֖ה	1203	HNp	06e1v
21	27	20		וְ/אֶת	c/853	HC/To	06yKb
21	27	21		מִגְרָשֶׁ֑/הָ	4054	HNcmpc/Sp3fs	06wjA
21	27	22		עָרִ֖ים	5892 b	HNcfpa	06CZm
21	27	23		שְׁתָּֽיִם	8147	HAcfda	06RaU
21	28	1		וּ/מִ/מַּטֵּ֣ה	c/m/4294	HC/R/Ncmsc	06wXH
21	28	2		יִשָּׂשכָ֔ר	3485	HNp	06ixz
21	28	3		אֶת	853	HTo	069hY
21	28	4		קִשְׁי֖וֹן	7191	HNp	06Lhc
21	28	5		וְ/אֶת	c/853	HC/To	06vCf
21	28	6		מִגְרָשֶׁ֑/הָ	4054	HNcmpc/Sp3fs	06SiU
21	28	7		אֶת	853	HTo	06bU3
21	28	8		דָּֽבְרַ֖ת	1705	HNp	06JaA
21	28	9		וְ/אֶת	c/853	HC/To	061ae
21	28	10		מִגְרָשֶֽׁ/הָ	4054	HNcmpc/Sp3fs	06ubD
21	29	1		אֶת	853	HTo	06kzF
21	29	2		יַרְמוּת֙	3412	HNp	06aBg
21	29	3		וְ/אֶת	c/853	HC/To	06R3u
21	29	4		מִגְרָשֶׁ֔/הָ	4054	HNcmpc/Sp3fs	06KmF
21	29	5		אֶת	853	HTo	06gPB
21	29	6		עֵ֥ין	5873+	HNp	06GJ8
21	29	7		גַּנִּ֖ים	5873	HNp	06gum
21	29	8		וְ/אֶת	c/853	HC/To	069V4
21	29	9		מִגְרָשֶׁ֑/הָ	4054	HNcmpc/Sp3fs	06WkP
21	29	10		עָרִ֖ים	5892 b	HNcfpa	066SH
21	29	11		אַרְבַּֽע	702	HAcfsa	06iNA
21	30	1		וּ/מִ/מַּטֵּ֣ה	c/m/4294	HC/R/Ncmsc	06zke
21	30	2		אָשֵׁ֔ר	836	HNp	06KMi
21	30	3		אֶת	853	HTo	061aB
21	30	4		מִשְׁאָ֖ל	4861	HNp	06xtz
21	30	5		וְ/אֶת	c/853	HC/To	06ZPR
21	30	6		מִגְרָשֶׁ֑/הָ	4054	HNcmpc/Sp3fs	06eLB
21	30	7		אֶת	853	HTo	068iz
21	30	8		עַבְדּ֖וֹן	5658	HNp	06hdN
21	30	9		וְ/אֶת	c/853	HC/To	06YSj
21	30	10		מִגְרָשֶֽׁ/הָ	4054	HNcmpc/Sp3fs	06x1r
21	31	1		אֶת	853	HTo	06uoq
21	31	2		חֶלְקָת֙	2520	HNp	06Fee
21	31	3		וְ/אֶת	c/853	HC/To	06WAp
21	31	4		מִגְרָשֶׁ֔/הָ	4054	HNcmpc/Sp3fs	06YL7
21	31	5		וְ/אֶת	c/853	HC/To	06fvw
21	31	6		רְחֹ֖ב	7340	HNp	06tJb
21	31	7		וְ/אֶת	c/853	HC/To	06qHY
21	31	8		מִגְרָשֶׁ֑/הָ	4054	HNcmpc/Sp3fs	06kgH
21	31	9		עָרִ֖ים	5892 b	HNcfpa	06fN2
21	31	10		אַרְבַּֽע	702	HAcfsa	06Tmv
21	32	1		וּ/מִ/מַּטֵּ֨ה	c/m/4294	HC/R/Ncmsc	064gc
21	32	2		נַפְתָּלִ֜י	5321	HNp	06ay9
21	32	3		אֶת	853	HTo	06RHm
21	32	4		עִ֣יר	5892 b	HNcfsc	06EWb
21	32	5		מִקְלַ֣ט	4733	HNcmsc	06R77
21	32	6		הָֽ/רֹצֵ֗חַ	d/7523	HTd/Vqrmsa	06rin
21	32	7		אֶת	853	HTo	06kCJ
21	32	8		קֶ֨דֶשׁ	6943	HNp	06b5f
21	32	9		בַּ/גָּלִ֤יל	b/1551	HRd/Np	061nK
21	32	10		וְ/אֶת	c/853	HC/To	06UFD
21	32	11		מִגְרָשֶׁ֨/הָ֙	4054	HNcmpc/Sp3fs	06atM
21	32	12		וְ/אֶת	c/853	HC/To	06uGu
21	32	13		חַמֹּ֥ת	2576+	HNp	06dRu
21	32	14		דֹּאר֙	2576	HNp	06QWF
21	32	15		וְ/אֶת	c/853	HC/To	062qL
21	32	16		מִגְרָשֶׁ֔/הָ	4054	HNcmpc/Sp3fs	06MLC
21	32	17		וְ/אֶת	c/853	HC/To	06pwa
21	32	18		קַרְתָּ֖ן	7178	HNp	06VCM
21	32	19		וְ/אֶת	c/853	HC/To	06wd2
21	32	20		מִגְרָשֶׁ֑/הָ	4054	HNcmpc/Sp3fs	06w5p
21	32	21		עָרִ֖ים	5892 b	HNcfpa	06ggE
21	32	22		שָׁלֹֽשׁ	7969	HAcfsa	06iH4
21	33	1		כָּל	3605	HNcmsc	066kT
21	33	2		עָרֵ֥י	5892 b	HNcfpc	06qxT
21	33	3		הַ/גֵּרְשֻׁנִּ֖י	d/1649	HTd/Ngmsa	065Zi
21	33	4		לְ/מִשְׁפְּחֹתָ֑/ם	l/4940	HR/Ncfpc/Sp3mp	06j2Z
21	33	5		שְׁלֹשׁ	7969	HAcfsa	06si1
21	33	6		עֶשְׂרֵ֥ה	6240	HAcfsa	065mE
21	33	7		עִ֖יר	5892 b	HNcfsa	06NUe
21	33	8		וּ/מִגְרְשֵׁי/הֶֽן	c/4054	HC/Ncmpc/Sp3fp	06YnH
21	34	1		וּ/לְ/מִשְׁפְּח֣וֹת	c/l/4940	HC/R/Ncfpc	06mvF
21	34	2		בְּנֵֽי	1121 a	HNcmpc	06gWv
21	34	3		מְרָרִי֮	4847	HNp	06Pco
21	34	4		הַ/לְוִיִּ֣ם	d/3881	HTd/Ngmpa	06bxG
21	34	5		הַ/נּוֹתָרִים֒	d/3498	HTd/VNrmpa	069Ks
21	34	6		מֵ/אֵת֙	m/854	HR/R	06jNp
21	34	7		מַטֵּ֣ה	4294	HNcmsc	06Cs2
21	34	8		זְבוּלֻ֔ן	2074	HNp	06QCd
21	34	9		אֶֽת	853	HTo	06ipi
21	34	10		יָקְנְעָ֖ם	3362	HNp	06p7W
21	34	11		וְ/אֶת	c/853	HC/To	06Rpq
21	34	12		מִגְרָשֶׁ֑/הָ	4054	HNcmpc/Sp3fs	06NFY
21	34	13		אֶת	853	HTo	06hGE
21	34	14		קַרְתָּ֖ה	7177	HNp	063dF
21	34	15		וְ/אֶת	c/853	HC/To	06ACo
21	34	16		מִגְרָשֶֽׁ/הָ	4054	HNcmpc/Sp3fs	06zvW
21	35	1		אֶת	853	HTo	06UPx
21	35	2		דִּמְנָה֙	1829	HNp	0624M
21	35	3		וְ/אֶת	c/853	HC/To	06bRo
21	35	4		מִגְרָשֶׁ֔/הָ	4054	HNcmpc/Sp3fs	06V6f
21	35	5		אֶֽת	853	HTo	06RjS
21	35	6		נַהֲלָ֖ל	5096	HNp	069dt
21	35	7		וְ/אֶת	c/853	HC/To	06V52
21	35	8		מִגְרָשֶׁ֑/הָ	4054	HNcmpc/Sp3fs	063Tm
21	35	9		עָרִ֖ים	5892 b	HNcfpa	06JSL
21	35	10		אַרְבַּֽע	702	HAcfsa	06qWL
21	36	1		וּ/מִ/מַּטֵּ֣ה	c/m/4294	HC/R/Ncmsc	06DWU
21	36	2		רְאוּבֵ֔ן	7205	HNp	06d1L
21	36	3		אֶת	853	HTo	06e96
21	36	4		בֶּ֖צֶר	1221	HNp	06Ci6
21	36	5		וְ/אֶת	c/853	HC/To	06ixh
21	36	6		מִגְרָשֶׁ֑/הָ	4054	HNcmpc/Sp3fs	0622x
21	36	7		וְ/אֶת	c/853	HC/To	06ogz
21	36	8		יַ֖הְצָ/ה	3096	HNp/Sd	06z7X
21	36	9		וְ/אֶת	c/853	HC/To	06MjR
21	36	10		מִגְרָשֶֽׁ/הָ	4054	HNcmpc/Sp3fs	06Tk7
21	37	1		אֶת	853	HTo	06ZGJ
21	37	2		קְדֵמוֹת֙	6932	HNp	06apP
21	37	3		וְ/אֶת	c/853	HC/To	06dPF
21	37	4		מִגְרָשֶׁ֔/הָ	4054	HNcmpc/Sp3fs	06nAe
21	37	5		וְ/אֶת	c/853	HC/To	066WC
21	37	6		מֵיפָ֖עַת	4158	HNp	06Q3p
21	37	7		וְ/אֶת	c/853	HC/To	06dRx
21	37	8		מִגְרָשֶׁ֑/הָ	4054	HNcmpc/Sp3fs	066GF
21	37	9		עָרִ֖ים	5892 b	HNcfpa	06ZWf
21	37	10		אַרְבַּֽע	702	HAcfsa	06dZw
21	38	1		וּ/מִ/מַּטֵּה	c/m/4294	HC/R/Ncmsc	06Xd5
21	38	2		גָ֗ד	1410	HNp	06Whs
21	38	3		אֶת	853	HTo	06CUw
21	38	4		עִיר֙	5892 b	HNcfsc	06vVC
21	38	5		מִקְלַ֣ט	4733	HNcmsc	06L9j
21	38	6		הָ/רֹצֵ֔חַ	d/7523	HTd/Vqrmsa	062gb
21	38	7		אֶת	853	HTo	06GFh
21	38	8		רָמֹ֥ת	7433	HNp	06X7A
21	38	9		בַּ/גִּלְעָ֖ד	b/1568	HRd/Np	06YA6
21	38	10		וְ/אֶת	c/853	HC/To	06rtE
21	38	11		מִגְרָשֶׁ֑/הָ	4054	HNcmpc/Sp3fs	06T58
21	38	12		וְ/אֶֽת	c/853	HC/To	06XAY
21	38	13		מַחֲנַ֖יִם	4266	HNp	06TZ6
21	38	14		וְ/אֶת	c/853	HC/To	06ohW
21	38	15		מִגְרָשֶֽׁ/הָ	4054	HNcmpc/Sp3fs	06UQ9
21	39	1		אֶת	853	HTo	06ywh
21	39	2		חֶשְׁבּוֹן֙	2809	HNp	06By2
21	39	3		וְ/אֶת	c/853	HC/To	062R1
21	39	4		מִגְרָשֶׁ֔/הָ	4054	HNcmpc/Sp3fs	06sSY
21	39	5		אֶת	853	HTo	06eEK
21	39	6		יַעְזֵ֖ר	3270	HNp	06Yuc
21	39	7		וְ/אֶת	c/853	HC/To	06nhh
21	39	8		מִגְרָשֶׁ֑/הָ	4054	HNcmpc/Sp3fs	06Z5T
21	39	9		כָּל	3605	HNcmsc	06qvz
21	39	10		עָרִ֖ים	5892 b	HNcfpa	06uU8
21	39	11		אַרְבַּֽע	702	HAcfsa	06L9Z
21	40	1		כָּל	3605	HNcmsc	06Dv8
21	40	2		הֶ֨/עָרִ֜ים	d/5892 b	HTd/Ncfpa	06FjK
21	40	3		לִ/בְנֵ֤י	l/1121 a	HR/Ncmpc	06WrB
21	40	4		מְרָרִי֙	4847	HNp	06Q3V
21	40	5		לְ/מִשְׁפְּחֹתָ֔/ם	l/4940	HR/Ncfpc/Sp3mp	06zt3
21	40	6		הַ/נּוֹתָרִ֖ים	d/3498	HTd/VNrmpa	06Tmz
21	40	7		מִ/מִּשְׁפְּח֣וֹת	m/4940	HR/Ncfpc	06fYG
21	40	8		הַ/לְוִיִּ֑ם	d/3881	HTd/Ngmpa	06UXL
21	40	9		וַ/יְהִי֙	c/1961	HC/Vqw3ms	06orU
21	40	10		גּוֹרָלָ֔/ם	1486	HNcmsc/Sp3mp	06X89
21	40	11		עָרִ֖ים	5892 b	HNcfpa	06KD4
21	40	12		שְׁתֵּ֥ים	8147	HAcfda	06yLC
21	40	13		עֶשְׂרֵֽה	6240	HAcfsa	068jE
21	41	1		כֹּ֚ל	3605	HNcmsc	065Lc
21	41	2		עָרֵ֣י	5892 b	HNcfpc	06ppu
21	41	3		הַ/לְוִיִּ֔ם	d/3881	HTd/Ngmpa	06S27
21	41	4		בְּ/ת֖וֹךְ	b/8432	HR/Ncmsc	06ADR
21	41	5		אֲחֻזַּ֣ת	272	HNcfsc	06zFe
21	41	6		בְּנֵֽי	1121 a	HNcmpc	06WSq
21	41	7		יִשְׂרָאֵ֑ל	3478	HNp	06wBi
21	41	8		עָרִ֛ים	5892 b	HNcfpa	06FVU
21	41	9		אַרְבָּעִ֥ים	705	HAcbpa	06WCj
21	41	10		וּ/שְׁמֹנֶ֖ה	c/8083	HC/Acfsa	06Rdm
21	41	11		וּ/מִגְרְשֵׁי/הֶֽן	c/4054	HC/Ncmpc/Sp3fp	06dVT
21	42	1		תִּֽהְיֶ֨ינָה֙	1961	HVqi3fp	06zkS
21	42	2		הֶ/עָרִ֣ים	d/5892 b	HTd/Ncfpa	06G57
21	42	3		הָ/אֵ֔לֶּה	d/428	HTd/Pdxcp	06gHw
21	42	4		עִ֣יר	5892 b	HNcfsa	06gCw
21	42	5		עִ֔יר	5892 b	HNcfsa	06gTK
21	42	6		וּ/מִגְרָשֶׁ֖י/הָ	c/4054	HC/Ncmpc/Sp3fs	0635b
21	42	7		סְבִיבֹתֶ֑י/הָ	5439	HNcbpc/Sp3fs	06HND
21	42	8		כֵּ֖ן	3651 c	HTm	06TcE
21	42	9		לְ/כָל	l/3605	HR/Ncmsc	06LkG
21	42	10		הֶ/עָרִ֥ים	d/5892 b	HTd/Ncfpa	06xf6
21	42	11		הָ/אֵֽלֶּה	d/428	HTd/Pdxcp	066cM
21	43	1		וַ/יִּתֵּ֤ן	c/5414	HC/Vqw3ms	06CWb
21	43	2		יְהוָה֙	3068	HNp	06DAv
21	43	3		לְ/יִשְׂרָאֵ֔ל	l/3478	HR/Np	06CSF
21	43	4		אֶת	853	HTo	06PJu
21	43	5		כָּל	3605	HNcmsc	066EF
21	43	6		הָ/אָ֔רֶץ	d/776	HTd/Ncbsa	06ght
21	43	7		אֲשֶׁ֥ר	834 a	HTr	06oxR
21	43	8		נִשְׁבַּ֖ע	7650	HVNp3ms	06aNV
21	43	9		לָ/תֵ֣ת	l/5414	HR/Vqc	06uoi
21	43	10		לַ/אֲבוֹתָ֑/ם	l/1	HR/Ncmpc/Sp3mp	06ZxN
21	43	11		וַ/יִּרָשׁ֖וּ/הָ	c/3423	HC/Vqw3mp/Sp3fs	06bFj
21	43	12		וַ/יֵּ֥שְׁבוּ	c/3427	HC/Vqw3mp	06DVM
21	43	13		בָֽ/הּ	b	HR/Sp3fs	068FT
21	44	1		וַ/יָּ֨נַח	c/5117	HC/Vhw3ms	067kB
21	44	2		יְהוָ֤ה	3068	HNp	06S3j
21	44	3		לָ/הֶם֙	l	HR/Sp3mp	06GQs
21	44	4		מִ/סָּבִ֔יב	m/5439	HR/Ncbsa	067QS
21	44	5		כְּ/כֹ֥ל	k/3605	HR/Ncmsa	066GA
21	44	6		אֲשֶׁר	834 a	HTr	06xy2
21	44	7		נִשְׁבַּ֖ע	7650	HVNp3ms	06Tpm
21	44	8		לַ/אֲבוֹתָ֑/ם	l/1	HR/Ncmpc/Sp3mp	06mRw
21	44	9		וְ/לֹא	c/3808	HC/Tn	069gE
21	44	10		עָ֨מַד	5975	HVqp3ms	06ZcM
21	44	11		אִ֤ישׁ	376	HNcmsa	06snj
21	44	12		בִּ/פְנֵי/הֶם֙	b/6440	HR/Ncbpc/Sp3mp	065m9
21	44	13		מִ/כָּל	m/3605	HR/Ncmsc	06wK9
21	44	14		אֹ֣יְבֵי/הֶ֔ם	341	HVqrmpc/Sp3mp	06iQj
21	44	15		אֵ֚ת	853	HTo	0614x
21	44	16		כָּל	3605	HNcmsc	06v37
21	44	17		אֹ֣יְבֵי/הֶ֔ם	341	HVqrmpc/Sp3mp	064jJ
21	44	18		נָתַ֥ן	5414	HVqp3ms	06fGp
21	44	19		יְהוָ֖ה	3068	HNp	06zrt
21	44	20		בְּ/יָדָֽ/ם	b/3027	HR/Ncbsc/Sp3mp	06Epq
21	45	1		לֹֽא	3808	HTn	067Ry
21	45	2		נָפַ֣ל	5307	HVqp3ms	06wFC
21	45	3		דָּבָ֔ר	1697	HNcmsa	06HBS
21	45	4		מִ/כֹּל֙	m/3605	HR/Ncmsc	06sf2
21	45	5		הַ/דָּבָ֣ר	d/1697	HTd/Ncmsa	069dX
21	45	6		הַ/טּ֔וֹב	d/2896 a	HTd/Aamsa	06N7N
21	45	7		אֲשֶׁר	834 a	HTr	06gKc
21	45	8		דִּבֶּ֥ר	1696	HVpp3ms	06vJ4
21	45	9		יְהוָ֖ה	3068	HNp	06LTG
21	45	10		אֶל	413	HR	06iWP
21	45	11		בֵּ֣ית	1004 b	HNcmsc	06L1p
21	45	12		יִשְׂרָאֵ֑ל	3478	HNp	06b2b
21	45	13		הַ/כֹּ֖ל	d/3605	HTd/Ncmsa	067zY
21	45	14		בָּֽא	935	HVqp3ms	06wcC
22	1	1		אָ֚ז	227 a	HD	06U2K
22	1	2		יִקְרָ֣א	7121	HVqi3ms	06oxn
22	1	3		יְהוֹשֻׁ֔עַ	3091	HNp	06gDj
22	1	4		לָ/רֽאוּבֵנִ֖י	l/7206	HRd/Ngmsa	06AUo
22	1	5		וְ/לַ/גָּדִ֑י	c/l/1425	HC/Rd/Ngmsa	069Ye
22	1	6		וְ/לַ/חֲצִ֖י	c/l/2677	HC/R/Ncmsc	06kJo
22	1	7		מַטֵּ֥ה	4294	HNcmsc	06rtp
22	1	8		מְנַשֶּֽׁה	4519	HNp	06xVb
22	2	1		וַ/יֹּ֣אמֶר	c/559	HC/Vqw3ms	06qqs
22	2	2		אֲלֵי/הֶ֔ם	413	HR/Sp3mp	06Kcb
22	2	3		אַתֶּ֣ם	859 d	HPp2mp	06VGc
22	2	4		שְׁמַרְתֶּ֔ם	8104	HVqp2mp	06aTW
22	2	5		אֵ֚ת	853	HTo	06is8
22	2	6		כָּל	3605	HNcmsc	063ZA
22	2	7		אֲשֶׁ֣ר	834 a	HTr	06aWZ
22	2	8		צִוָּ֣ה	6680	HVpp3ms	068CG
22	2	9		אֶתְ/כֶ֔ם	853	HTo/Sp2mp	063aP
22	2	10		מֹשֶׁ֖ה	4872	HNp	06j7r
22	2	11		עֶ֣בֶד	5650	HNcmsc	06MkY
22	2	12		יְהוָ֑ה	3068	HNp	06hnM
22	2	13		וַ/תִּשְׁמְע֣וּ	c/8085	HC/Vqw2mp	06zWi
22	2	14		בְ/קוֹלִ֔/י	b/6963 a	HR/Ncmsc/Sp1cs	06FDw
22	2	15		לְ/כֹ֥ל	l/3605	HR/Ncmsa	06vPq
22	2	16		אֲשֶׁר	834 a	HTr	06v7k
22	2	17		צִוִּ֖יתִי	6680	HVpp1cs	06tyX
22	2	18		אֶתְ/כֶֽם	853	HTo/Sp2mp	06J26
22	3	1		לֹֽא	3808	HTn	06o8v
22	3	2		עֲזַבְתֶּ֣ם	5800 a	HVqp2mp	06Lae
22	3	3		אֶת	853	HTo	06ZKD
22	3	4		אֲחֵי/כֶ֗ם	251	HNcmpc/Sp2mp	06JMK
22	3	5		זֶ֚ה	2088	HPdxms	06tNx
22	3	6		יָמִ֣ים	3117	HNcmpa	06BWE
22	3	7		רַבִּ֔ים	7227 a	HAampa	06ZXU
22	3	8		עַ֖ד	5704	HR	06ap1
22	3	9		הַ/יּ֣וֹם	d/3117	HTd/Ncmsa	06pu2
22	3	10		הַ/זֶּ֑ה	d/2088	HTd/Pdxms	06uYm
22	3	11		וּ/שְׁמַרְתֶּ֕ם	c/8104	HC/Vqp2mp	06LPR
22	3	12		אֶת	853	HTo	06B9g
22	3	13		מִשְׁמֶ֕רֶת	4931	HNcfsc	06ELn
22	3	14		מִצְוַ֖ת	4687	HNcfsc	069mo
22	3	15		יְהוָ֥ה	3068	HNp	06xiQ
22	3	16		אֱלֹהֵי/כֶֽם	430	HNcmpc/Sp2mp	06AzY
22	4	1		וְ/עַתָּ֗ה	c/6258	HC/D	06pRM
22	4	2		הֵנִ֨יחַ	5117	HVhp3ms	06gvr
22	4	3		יְהוָ֤ה	3068	HNp	06es7
22	4	4		אֱלֹֽהֵי/כֶם֙	430	HNcmpc/Sp2mp	06k9R
22	4	5		לַֽ/אֲחֵי/כֶ֔ם	l/251	HR/Ncmpc/Sp2mp	06HmZ
22	4	6		כַּ/אֲשֶׁ֖ר	k/834 d	HR/Tr	06dQE
22	4	7		דִּבֶּ֣ר	1696	HVpp3ms	06EzE
22	4	8		לָ/הֶ֑ם	l	HR/Sp3mp	06Qxp
22	4	9		וְ/עַתָּ֡ה	c/6258	HC/D	06xRK
22	4	10		פְּנוּ֩	6437	HVqv2mp	066mk
22	4	11		וּ/לְכ֨וּ	c/3212	HC/Vqv2mp	06kf6
22	4	12		לָ/כֶ֜ם	l	HR/Sp2mp	06CLp
22	4	13		לְ/אָהֳלֵי/כֶ֗ם	l/168	HR/Ncmpc/Sp2mp	067ZV
22	4	14		אֶל	413	HR	06skE
22	4	15		אֶ֨רֶץ֙	776	HNcbsc	06DHK
22	4	16		אֲחֻזַּתְ/כֶ֔ם	272	HNcfsc/Sp2mp	06LmD
22	4	17		אֲשֶׁ֣ר	834 a	HTr	06T9L
22	4	18		נָתַ֣ן	5414	HVqp3ms	06QVr
22	4	19		לָ/כֶ֗ם	l	HR/Sp2mp	06ZMf
22	4	20		מֹשֶׁה֙	4872	HNp	06a5C
22	4	21		עֶ֣בֶד	5650	HNcmsc	06cK2
22	4	22		יְהוָ֔ה	3068	HNp	06FHD
22	4	23		בְּ/עֵ֖בֶר	b/5676	HR/Ncmsc	06BcP
22	4	24		הַ/יַּרְדֵּֽן	d/3383	HTd/Np	06cFA
22	5	1		רַ֣ק	7535	HTa	069Bv
22	5	2		שִׁמְר֣וּ	8104	HVqv2mp	06ktn
22	5	3		מְאֹ֗ד	3966	HD	06AWZ
22	5	4		לַ/עֲשׂ֨וֹת	l/6213 a	HR/Vqc	06wYq
22	5	5		אֶת	853	HTo	06F4E
22	5	6		הַ/מִּצְוָ֣ה	d/4687	HTd/Ncfsa	06wMa
22	5	7		וְ/אֶת	c/853	HC/To	06M16
22	5	8		הַ/תּוֹרָה֮	d/8451	HTd/Ncfsa	06uKB
22	5	9		אֲשֶׁ֣ר	834 a	HTr	064cr
22	5	10		צִוָּ֣ה	6680	HVpp3ms	061Ro
22	5	11		אֶתְ/כֶם֮	853	HTo/Sp2mp	06a1a
22	5	12		מֹשֶׁ֣ה	4872	HNp	067rf
22	5	13		עֶֽבֶד	5650	HNcmsc	0611j
22	5	14		יְהוָה֒	3068	HNp	06evk
22	5	15		לְ֠/אַהֲבָה	l/157	HR/Vqc	06bGa
22	5	16		אֶת	853	HTo	0638u
22	5	17		יְהוָ֨ה	3068	HNp	06XYz
22	5	18		אֱלֹֽהֵי/כֶ֜ם	430	HNcmpc/Sp2mp	06aaD
22	5	19		וְ/לָ/לֶ֧כֶת	c/l/3212	HC/R/Vqc	06zLt
22	5	20		בְּ/כָל	b/3605	HR/Ncmsc	06yNH
22	5	21		דְּרָכָ֛י/ו	1870	HNcbpc/Sp3ms	06MrT
22	5	22		וְ/לִ/שְׁמֹ֥ר	c/l/8104	HC/R/Vqc	06gkr
22	5	23		מִצְוֺתָ֖י/ו	4687	HNcfpc/Sp3ms	063BK
22	5	24		וּ/לְ/דָבְקָה	c/l/1692	HC/R/Vqc	06Rzg
22	5	25		ב֑/וֹ	b	HR/Sp3ms	06Tho
22	5	26		וּ/לְ/עָבְד֕/וֹ	c/l/5647	HC/R/Vqc/Sp3ms	06aV8
22	5	27		בְּ/כָל	b/3605	HR/Ncmsc	066XG
22	5	28		לְבַבְ/כֶ֖ם	3824	HNcmsc/Sp2mp	06gQc
22	5	29		וּ/בְ/כָל	c/b/3605	HC/R/Ncmsc	06YoM
22	5	30		נַפְשְׁ/כֶֽם	5315	HNcbsc/Sp2mp	06jQn
22	6	1		וַֽ/יְבָרְכֵ֖/ם	c/1288	HC/Vpw3ms/Sp3mp	065jv
22	6	2		יְהוֹשֻׁ֑עַ	3091	HNp	06Xs5
22	6	3		וַֽ/יְשַׁלְּחֵ֔/ם	c/7971	HC/Vpw3ms/Sp3mp	06GPZ
22	6	4		וַ/יֵּלְכ֖וּ	c/3212	HC/Vqw3mp	06PVy
22	6	5		אֶל	413	HR	06HwJ
22	6	6		אָהֳלֵי/הֶֽם	168	HNcmpc/Sp3mp	06nRk
22	7	1		וְ/לַ/חֲצִ֣י	c/l/2677	HC/R/Ncmsc	06UmV
22	7	2		שֵׁ֣בֶט	7626	HNcmsc	06PHe
22	7	3		הַֽ/מְנַשֶּׁ֗ה	d/4519	HTd/Np	06nv5
22	7	4		נָתַ֣ן	5414	HVqp3ms	064NA
22	7	5		מֹשֶׁה֮	4872	HNp	06iaF
22	7	6		בַּ/בָּשָׁן֒	b/1316	HRd/Np	06tCw
22	7	7		וּ/לְ/חֶצְי֗/וֹ	c/l/2677	HC/R/Ncmsc/Sp3ms	06miU
22	7	8		נָתַ֤ן	5414	HVqp3ms	06NyE
22	7	9		יְהוֹשֻׁ֨עַ֙	3091	HNp	06KyB
22	7	10		עִם	5973 a	HR	06vG4
22	7	11		אֲחֵי/הֶ֔ם	251	HNcmpc/Sp3mp	06Ns5
22	7	12	x-ketiv	מ/עבר	m/5676	HR/Ncmsc	06nEy
22	7	13		בְּ/עֵ֥בֶר	b/5676	HR/Ncmsc	061j4
22	7	14		הַ/יַּרְדֵּ֖ן	d/3383	HTd/Np	06xWY
22	7	15		יָ֑מָּ/ה	3220	HNcmsa/Sd	06d6q
22	7	16		וְ֠/גַם	c/1571	HC/Ta	06DwY
22	7	17		כִּ֣י	3588 a	HC	06k8D
22	7	18		שִׁלְּחָ֧/ם	7971	HVpp3ms/Sp3mp	06uXu
22	7	19		יְהוֹשֻׁ֛עַ	3091	HNp	063vW
22	7	20		אֶל	413	HR	066UE
22	7	21		אָהֳלֵי/הֶ֖ם	168	HNcmpc/Sp3mp	06KoW
22	7	22		וַ/יְבָרֲכֵֽ/ם	c/1288	HC/Vpw3ms/Sp3mp	06Upi
22	8	1		וַ/יֹּ֨אמֶר	c/559	HC/Vqw3ms	06SLS
22	8	2		אֲלֵי/הֶ֜ם	413	HR/Sp3mp	065nj
22	8	3		לֵ/אמֹ֗ר	l/559	HR/Vqc	06UuS
22	8	4		בִּ/נְכָסִ֨ים	b/5233	HR/Ncmpa	06aYa
22	8	5		רַבִּ֜ים	7227 a	HAampa	06yCU
22	8	6		שׁ֤וּבוּ	7725	HVqv2mp	06HwX
22	8	7		אֶל	413	HR	06Lda
22	8	8		אָֽהֳלֵי/כֶם֙	168	HNcmpc/Sp2mp	065iw
22	8	9		וּ/בְ/מִקְנֶ֣ה	c/b/4735	HC/R/Ncmsa	06A1N
22	8	10		רַב	7227 a	HAamsa	06Upk
22	8	11		מְאֹ֔ד	3966	HD	061QC
22	8	12		בְּ/כֶ֨סֶף	b/3701	HR/Ncmsa	06uTF
22	8	13		וּ/בְ/זָהָ֜ב	c/b/2091	HC/R/Ncmsa	06sj2
22	8	14		וּ/בִ/נְחֹ֧שֶׁת	c/b/5178 a	HC/R/Ncfsa	06Cya
22	8	15		וּ/בְ/בַרְזֶ֛ל	c/b/1270	HC/R/Ncmsa	06Lsr
22	8	16		וּ/בִ/שְׂלָמ֖וֹת	c/b/8008	HC/R/Ncfpa	06xMt
22	8	17		הַרְבֵּ֣ה	7235 a	HVha	06xzT
22	8	18		מְאֹ֑ד	3966	HD	06G9z
22	8	19		חִלְק֥וּ	2505 a	HVqv2mp	06M9j
22	8	20		שְׁלַל	7998	HNcmsc	06mDn
22	8	21		אֹיְבֵי/כֶ֖ם	341	HVqrmpc/Sp2mp	06GEL
22	8	22		עִם	5973 a	HR	06MW7
22	8	23		אֲחֵי/כֶֽם	251	HNcmpc/Sp2mp	06T65
22	9	1		וַ/יָּשֻׁ֣בוּ	c/7725	HC/Vqw3mp	06EzH
22	9	2		וַ/יֵּלְכ֡וּ	c/3212	HC/Vqw3mp	06u8d
22	9	3		בְּנֵי	1121 a	HNcmpc	06jiv
22	9	4		רְאוּבֵ֨ן	7205	HNp	06jP8
22	9	5		וּ/בְנֵי	c/1121 a	HC/Ncmpc	06QQx
22	9	6		גָ֜ד	1410	HNp	06MZC
22	9	7		וַ/חֲצִ֣י	c/2677	HC/Ncmsc	06TjS
22	9	8		שֵׁ֣בֶט	7626	HNcmsc	06aLy
22	9	9		הַֽ/מְנַשֶּׁ֗ה	d/4519	HTd/Np	06av1
22	9	10		מֵ/אֵת֙	m/854	HR/R	06GHs
22	9	11		בְּנֵ֣י	1121 a	HNcmpc	06Y8d
22	9	12		יִשְׂרָאֵ֔ל	3478	HNp	06bn6
22	9	13		מִ/שִּׁלֹ֖ה	m/7887	HR/Np	06En5
22	9	14		אֲשֶׁ֣ר	834 a	HTr	06AfW
22	9	15		בְּ/אֶֽרֶץ	b/776	HR/Ncbsc	06UL8
22	9	16		כְּנָ֑עַן	3667 a	HNp	06qni
22	9	17		לָ/לֶ֜כֶת	l/3212	HR/Vqc	06pdR
22	9	18		אֶל	413	HR	061MW
22	9	19		אֶ֣רֶץ	776	HNcbsc	06C96
22	9	20		הַ/גִּלְעָ֗ד	d/1568	HTd/Np	06zcK
22	9	21		אֶל	413	HR	06Zir
22	9	22		אֶ֤רֶץ	776	HNcbsc	06L6T
22	9	23		אֲחֻזָּתָ/ם֙	272	HNcfsc/Sp3mp	06m8E
22	9	24		אֲשֶׁ֣ר	834 a	HTr	062bM
22	9	25		נֹֽאחֲזוּ	270	HVNp3cp	06H2r
22	9	26		בָ֔/הּ	b	HR/Sp3fs	06fya
22	9	27		עַל	5921 a	HR	06zuE
22	9	28		פִּ֥י	6310	HNcmsc	06cYr
22	9	29		יְהוָ֖ה	3068	HNp	06vyC
22	9	30		בְּ/יַד	b/3027	HR/Ncbsc	061Qy
22	9	31		מֹשֶֽׁה	4872	HNp	06mev
22	10	1		וַ/יָּבֹ֨אוּ֙	c/935	HC/Vqw3mp	06veC
22	10	2		אֶל	413	HR	06eid
22	10	3		גְּלִיל֣וֹת	1552	HNcfpc	06gkQ
22	10	4		הַ/יַּרְדֵּ֔ן	d/3383	HTd/Np	06rMj
22	10	5		אֲשֶׁ֖ר	834 a	HTr	06Qme
22	10	6		בְּ/אֶ֣רֶץ	b/776	HR/Ncbsc	06KFR
22	10	7		כְּנָ֑עַן	3667 a	HNp	06bf6
22	10	8		וַ/יִּבְנ֣וּ	c/1129	HC/Vqw3mp	06kBj
22	10	9		בְנֵי	1121 a	HNcmpc	06zZ2
22	10	10		רְאוּבֵ֣ן	7205	HNp	06oKC
22	10	11		וּ/בְנֵי	c/1121 a	HC/Ncmpc	066uo
22	10	12		גָ֡ד	1410	HNp	06PCg
22	10	13		וַ/חֲצִ֣י	c/2677	HC/Ncmsc	06Gd9
22	10	14		שֵׁבֶט֩	7626	HNcmsc	0625K
22	10	15		הַֽ/מְנַשֶּׁ֨ה	d/4519	HTd/Np	062bQ
22	10	16		שָׁ֤ם	8033	HD	06jVz
22	10	17		מִזְבֵּ֨חַ֙	4196	HNcmsa	069Rn
22	10	18		עַל	5921 a	HR	06KbM
22	10	19		הַ/יַּרְדֵּ֔ן	d/3383	HTd/Np	06i8D
22	10	20		מִזְבֵּ֥חַ	4196	HNcmsa	06EYu
22	10	21		גָּד֖וֹל	1419 a	HAamsa	06CvC
22	10	22		לְ/מַרְאֶֽה	l/4758	HR/Ncmsa	06tb1
22	11	1		וַ/יִּשְׁמְע֥וּ	c/8085	HC/Vqw3mp	065ZR
22	11	2		בְנֵֽי	1121 a	HNcmpc	06Rir
22	11	3		יִשְׂרָאֵ֖ל	3478	HNp	06gdi
22	11	4		לֵ/אמֹ֑ר	l/559	HR/Vqc	06DFa
22	11	5		הִנֵּ֣ה	2009	HTm	06MxK
22	11	6		בָנ֣וּ	1129	HVqp3cp	06fex
22	11	7		בְנֵֽי	1121 a	HNcmpc	0613D
22	11	8		רְאוּבֵ֣ן	7205	HNp	06Zvs
22	11	9		וּ/בְנֵי	c/1121 a	HC/Ncmpc	06hfY
22	11	10		גָ֡ד	1410	HNp	063sw
22	11	11		וַ/חֲצִי֩	c/2677	HC/Ncmsc	068Ew
22	11	12		שֵׁ֨בֶט	7626	HNcmsc	06Mwj
22	11	13		הַֽ/מְנַשֶּׁ֜ה	d/4519	HTd/Np	068g1
22	11	14		אֶת	853	HTo	06Lk1
22	11	15		הַ/מִּזְבֵּ֗חַ	d/4196	HTd/Ncmsa	06Uwg
22	11	16		אֶל	413	HR	065dD
22	11	17		מוּל֙	4136	HR	06eHM
22	11	18		אֶ֣רֶץ	776	HNcbsc	06w49
22	11	19		כְּנַ֔עַן	3667 a	HNp	06acX
22	11	20		אֶל	413	HR	06Xwc
22	11	21		גְּלִילוֹת֙	1552	HNcfpc	06D7S
22	11	22		הַ/יַּרְדֵּ֔ן	d/3383	HTd/Np	06BLU
22	11	23		אֶל	413	HR	06o6z
22	11	24		עֵ֖בֶר	5676	HNcmsc	063aw
22	11	25		בְּנֵ֥י	1121 a	HNcmpc	063YR
22	11	26		יִשְׂרָאֵֽל	3478	HNp	06Swj
22	12	1		וַֽ/יִּשְׁמְע֖וּ	c/8085	HC/Vqw3mp	062zp
22	12	2		בְּנֵ֣י	1121 a	HNcmpc	06x4M
22	12	3		יִשְׂרָאֵ֑ל	3478	HNp	06f2j
22	12	4		וַ/יִּקָּ֨הֲל֜וּ	c/6950	HC/VNw3mp	06ESw
22	12	5		כָּל	3605	HNcmsc	06uNE
22	12	6		עֲדַ֤ת	5712	HNcfsc	06czx
22	12	7		בְּנֵֽי	1121 a	HNcmpc	06gNf
22	12	8		יִשְׂרָאֵל֙	3478	HNp	065gm
22	12	9		שִׁלֹ֔ה	7887	HNp	06sA2
22	12	10		לַ/עֲל֥וֹת	l/5927	HR/Vqc	06nQw
22	12	11		עֲלֵי/הֶ֖ם	5921 a	HR/Sp3mp	06KS7
22	12	12		לַ/צָּבָֽא	l/6635 a	HRd/Ncbsa	06vk1
22	13	1		וַ/יִּשְׁלְח֨וּ	c/7971	HC/Vqw3mp	06azB
22	13	2		בְנֵֽי	1121 a	HNcmpc	06wZA
22	13	3		יִשְׂרָאֵ֜ל	3478	HNp	06WhD
22	13	4		אֶל	413	HR	06AwF
22	13	5		בְּנֵי	1121 a	HNcmpc	068k8
22	13	6		רְאוּבֵ֧ן	7205	HNp	06SpG
22	13	7		וְ/אֶל	c/413	HC/R	06S8F
22	13	8		בְּנֵי	1121 a	HNcmpc	06msz
22	13	9		גָ֛ד	1410	HNp	06bTw
22	13	10		וְ/אֶל	c/413	HC/R	06QiX
22	13	11		חֲצִ֥י	2677	HNcmsc	06Xuu
22	13	12		שֵֽׁבֶט	7626	HNcmsc	06KTQ
22	13	13		מְנַשֶּׁ֖ה	4519	HNp	06r46
22	13	14		אֶל	413	HR	063dV
22	13	15		אֶ֣רֶץ	776	HNcbsc	06Rjs
22	13	16		הַ/גִּלְעָ֑ד	d/1568	HTd/Np	06A9E
22	13	17		אֶת	853	HTo	06AnP
22	13	18		פִּינְחָ֖ס	6372	HNp	06Qsw
22	13	19		בֶּן	1121 a	HNcmsc	06CF2
22	13	20		אֶלְעָזָ֥ר	499	HNp	068VA
22	13	21		הַ/כֹּהֵֽן	d/3548	HTd/Ncmsa	06Yfd
22	14	1		וַ/עֲשָׂרָ֤ה	c/6235	HC/Acmsa	06Ngi
22	14	2		נְשִׂאִים֙	5387 a	HNcmpa	06Ksy
22	14	3		עִמּ֔/וֹ	5973 a	HR/Sp3ms	06cKK
22	14	4		נָשִׂ֨יא	5387 a	HNcmsa	06Dnr
22	14	5		אֶחָ֜ד	259	HAcmsa	06CPM
22	14	6		נָשִׂ֤יא	5387 a	HNcmsa	06uYg
22	14	7		אֶחָד֙	259	HAcmsa	066yA
22	14	8		לְ/בֵ֣ית	l/1004 b	HR/Ncmsc	064tC
22	14	9		אָ֔ב	1	HNcmsa	06LkV
22	14	10		לְ/כֹ֖ל	l/3605	HR/Ncmsc	06cmM
22	14	11		מַטּ֣וֹת	4294	HNcmpc	06AKe
22	14	12		יִשְׂרָאֵ֑ל	3478	HNp	065V1
22	14	13		וְ/אִ֨ישׁ	c/376	HC/Ncmsa	06rXz
22	14	14		רֹ֧אשׁ	7218 a	HNcmsc	065XE
22	14	15		בֵּית	1004 b	HNcmsc	06VhT
22	14	16		אֲבוֹתָ֛/ם	1	HNcmpc/Sp3mp	06aN4
22	14	17		הֵ֖מָּה	1992	HPp3mp	06Sax
22	14	18		לְ/אַלְפֵ֥י	l/505	HR/Acbpc	06yVm
22	14	19		יִשְׂרָאֵֽל	3478	HNp	06bhd
22	15	1		וַ/יָּבֹ֜אוּ	c/935	HC/Vqw3mp	06jJJ
22	15	2		אֶל	413	HR	06tDj
22	15	3		בְּנֵי	1121 a	HNcmpc	06eVj
22	15	4		רְאוּבֵ֧ן	7205	HNp	06yuP
22	15	5		וְ/אֶל	c/413	HC/R	06yVg
22	15	6		בְּנֵי	1121 a	HNcmpc	068uc
22	15	7		גָ֛ד	1410	HNp	06Tx7
22	15	8		וְ/אֶל	c/413	HC/R	06Nf9
22	15	9		חֲצִ֥י	2677	HNcmsc	06ErY
22	15	10		שֵֽׁבֶט	7626	HNcmsc	06SDV
22	15	11		מְנַשֶּׁ֖ה	4519	HNp	06S5U
22	15	12		אֶל	413	HR	06rBc
22	15	13		אֶ֣רֶץ	776	HNcbsc	06n6K
22	15	14		הַ/גִּלְעָ֑ד	d/1568	HTd/Np	06KR8
22	15	15		וַ/יְדַבְּר֥וּ	c/1696	HC/Vpw3mp	06bXf
22	15	16		אִתָּ֖/ם	854	HR/Sp3mp	067He
22	15	17		לֵ/אמֹֽר	l/559	HR/Vqc	06NPm
22	16	1		כֹּ֣ה	3541	HD	06KYN
22	16	2		אָמְר֞וּ	559	HVqp3cp	068Bi
22	16	3		כֹּ֣ל	3605	HNcmsc	061Mj
22	16	4		עֲדַ֣ת	5712	HNcfsc	06d5X
22	16	5		יְהוָ֗ה	3068	HNp	06Yp1
22	16	6		מָֽה	4100	HTi	06iSP
22	16	7		הַ/מַּ֤עַל	d/4604	HTd/Ncmsa	06ZfK
22	16	8		הַ/זֶּה֙	d/2088	HTd/Pdxms	06u5B
22	16	9		אֲשֶׁ֤ר	834 a	HTr	06p96
22	16	10		מְעַלְתֶּם֙	4603	HVqp2mp	06KKx
22	16	11		בֵּ/אלֹהֵ֣י	b/430	HR/Ncmpc	06YfM
22	16	12		יִשְׂרָאֵ֔ל	3478	HNp	065ro
22	16	13		לָ/שׁ֣וּב	l/7725	HR/Vqc	065AM
22	16	14		הַ/יּ֔וֹם	d/3117	HTd/Ncmsa	06Rp4
22	16	15		מֵ/אַחֲרֵ֖י	m/310 a	HR/R	06wKU
22	16	16		יְהוָ֑ה	3068	HNp	06dbh
22	16	17		בִּ/בְנֽוֹתְ/כֶ֤ם	b/1129	HR/Vqc/Sp2mp	06YA5
22	16	18		לָ/כֶם֙	l	HR/Sp2mp	06xjv
22	16	19		מִזְבֵּ֔חַ	4196	HNcmsa	061dS
22	16	20		לִ/מְרָדְ/כֶ֥ם	l/4775	HR/Vqc/Sp2mp	06E92
22	16	21		הַ/יּ֖וֹם	d/3117	HTd/Ncmsa	06Fys
22	16	22		בַּ/יהוָֽה	b/3068	HR/Np	06Xse
22	17	1		הַ/מְעַט	d/4592	HTi/Aamsa	06aEj
22	17	2		לָ֨/נוּ֙	l	HR/Sp1cp	06mGS
22	17	3		אֶת	853	HTo	063Lv
22	17	4		עֲוֺ֣ן	5771	HNcbsc	06vrK
22	17	5		פְּע֔וֹר	6465	HNp	06k1r
22	17	6		אֲשֶׁ֤ר	834 a	HTr	06CZZ
22	17	7		לֹֽא	3808	HTn	06bCc
22	17	8		הִטַּהַ֨רְנוּ֙	2891	HVtp1cp	06Bmn
22	17	9		מִמֶּ֔/נּוּ	4480 a	HR/Sp1cp	06XMv
22	17	10		עַ֖ד	5704	HR	06cFV
22	17	11		הַ/יּ֣וֹם	d/3117	HTd/Ncmsa	06RQq
22	17	12		הַ/זֶּ֑ה	d/2088	HTd/Pdxms	06Ppj
22	17	13		וַ/יְהִ֥י	c/1961	HC/Vqw3ms	06PXw
22	17	14		הַ/נֶּ֖גֶף	d/5063	HTd/Ncmsa	06ZSs
22	17	15		בַּ/עֲדַ֥ת	b/5712	HR/Ncfsc	06kid
22	17	16		יְהוָֽה	3068	HNp	06ECC
22	18	1		וְ/אַתֶּם֙	c/859 d	HC/Pp2mp	068aX
22	18	2		תָּשֻׁ֣בוּ	7725	HVqi2mp	06dCA
22	18	3		הַ/יּ֔וֹם	d/3117	HTd/Ncmsa	06iYJ
22	18	4		מֵ/אַחֲרֵ֖י	m/310 a	HR/R	064MR
22	18	5		יְהוָ֑ה	3068	HNp	06ZFU
22	18	6		וְ/הָיָ֗ה	c/1961	HC/Vqq3ms	06JTf
22	18	7		אַתֶּ֞ם	859 d	HPp2mp	06NEZ
22	18	8		תִּמְרְד֤וּ	4775	HVqi2mp	06VWk
22	18	9		הַ/יּוֹם֙	d/3117	HTd/Ncmsa	06MRM
22	18	10		בַּֽ/יהוָ֔ה	b/3068	HR/Np	063Az
22	18	11		וּ/מָחָ֕ר	c/4279	HC/Ncmsa	06Xvk
22	18	12		אֶֽל	413	HR	06hrr
22	18	13		כָּל	3605	HNcmsc	06Zna
22	18	14		עֲדַ֥ת	5712	HNcfsc	0647T
22	18	15		יִשְׂרָאֵ֖ל	3478	HNp	06uEs
22	18	16		יִקְצֹֽף	7107	HVqi3ms	06UhF
22	19	1		וְ/אַ֨ךְ	c/389	HC/D	06AsV
22	19	2		אִם	518 a	HC	06cPo
22	19	3		טְמֵאָ֜ה	2931	HAafsa	06HCo
22	19	4		אֶ֣רֶץ	776	HNcbsc	06Ncd
22	19	5		אֲחֻזַּתְ/כֶ֗ם	272	HNcfsc/Sp2mp	06fkM
22	19	6		עִבְר֨וּ	5674 a	HVqv2mp	06Y5W
22	19	7		לָ/כֶ֜ם	l	HR/Sp2mp	06cWe
22	19	8		אֶל	413	HR	0678Q
22	19	9		אֶ֨רֶץ	776	HNcbsc	06QMC
22	19	10		אֲחֻזַּ֤ת	272	HNcfsc	069FS
22	19	11		יְהוָה֙	3068	HNp	06UgZ
22	19	12		אֲשֶׁ֤ר	834 a	HTr	06dCx
22	19	13		שָֽׁכַן	7931	HVqp3ms	06t8E
22	19	14		שָׁם֙	8033	HD	06bHQ
22	19	15		מִשְׁכַּ֣ן	4908	HNcmsc	06Vqr
22	19	16		יְהוָ֔ה	3068	HNp	06zDY
22	19	17		וְ/הֵאָחֲז֖וּ	c/270	HC/VNv2mp	06veq
22	19	18		בְּ/תוֹכֵ֑/נוּ	b/8432	HR/Ncmsc/Sp1cp	062Ug
22	19	19		וּ/בַֽ/יהוָ֣ה	c/b/3068	HC/R/Np	06LXA
22	19	20		אַל	408	HTn	06Kqi
22	19	21		תִּמְרֹ֗דוּ	4775	HVqj2mp	0614n
22	19	22		וְ/אֹתָ֨/נוּ֙	c/853	HC/To/Sp1cp	06yHy
22	19	23		אֶל	408	HR	06Umo
22	19	24		תִּמְרֹ֔דוּ	4775	HVqj2mp	067NW
22	19	25		בִּ/בְנֹֽתְ/כֶ֤ם	b/1129	HR/Vqc/Sp2mp	06KG2
22	19	26		לָ/כֶם֙	l	HR/Sp2mp	06fYJ
22	19	27		מִזְבֵּ֔חַ	4196	HNcmsa	069d8
22	19	28		מִֽ/בַּלְעֲדֵ֔י	m/1107	HR/R	06Sfn
22	19	29		מִזְבַּ֖ח	4196	HNcmsc	06uWk
22	19	30		יְהוָ֥ה	3068	HNp	06Tgm
22	19	31		אֱלֹהֵֽי/נוּ	430	HNcmpc/Sp1cp	06YMi
22	20	1		הֲ/ל֣וֹא	i/3808	HTi/Tn	06iJh
22	20	2		עָכָ֣ן	5912	HNp	06LXs
22	20	3		בֶּן	1121 a	HNcmsc	06rYT
22	20	4		זֶ֗רַח	2226	HNp	06RR8
22	20	5		מָ֤עַל	4603	HVqp3ms	066Re
22	20	6		מַ֨עַל֙	4604	HNcmsa	065kQ
22	20	7		בַּ/חֵ֔רֶם	b/2764 a	HRd/Ncmsa	06F1e
22	20	8		וְ/עַֽל	c/5921 a	HC/R	06sxD
22	20	9		כָּל	3605	HNcmsc	065qt
22	20	10		עֲדַ֥ת	5712	HNcfsc	06xfJ
22	20	11		יִשְׂרָאֵ֖ל	3478	HNp	067fv
22	20	12		הָ֣יָה	1961	HVqp3ms	06GTF
22	20	13		קָ֑צֶף	7110 a	HNcmsa	06xxY
22	20	14		וְ/הוּא֙	c/1931	HC/Pp3ms	068D3
22	20	15		אִ֣ישׁ	376	HNcmsa	06H6s
22	20	16		אֶחָ֔ד	259	HAcmsa	06Q3u
22	20	17		לֹ֥א	3808	HTn	06g4E
22	20	18		גָוַ֖ע	1478	HVqp3ms	06nHP
22	20	19		בַּ/עֲוֺנֽ/וֹ	b/5771	HR/Ncbsc/Sp3ms	06Npf
22	21	1		וַֽ/יַּעֲנוּ֙	c/6030 b	HC/Vqw3mp	06TSC
22	21	2		בְּנֵי	1121 a	HNcmpc	066Gr
22	21	3		רְאוּבֵ֣ן	7205	HNp	06HFG
22	21	4		וּ/בְנֵי	c/1121 a	HC/Ncmpc	06UML
22	21	5		גָ֔ד	1410	HNp	06KFu
22	21	6		וַ/חֲצִ֖י	c/2677	HC/Ncmsc	06oBq
22	21	7		שֵׁ֣בֶט	7626	HNcmsc	06zF2
22	21	8		הַֽ/מְנַשֶּׁ֑ה	d/4519	HTd/Np	06gEd
22	21	9		וַֽ/יְדַבְּר֔וּ	c/1696	HC/Vpw3mp	06oyj
22	21	10		אֶת	854	HR	06zVA
22	21	11		רָאשֵׁ֖י	7218 a	HNcmpc	06JNz
22	21	12		אַלְפֵ֥י	505	HAcbpc	06BYL
22	21	13		יִשְׂרָאֵֽל	3478	HNp	06kq6
22	22	1		אֵל֩	410	HNcmsa	06MnH
22	22	2		אֱלֹהִ֨ים	430	HNcmpa	06bQw
22	22	3		יְהוָ֜ה	3068	HNp	06y6n
22	22	4		אֵ֣ל	410	HNcmsa	06xa7
22	22	5		אֱלֹהִ֤ים	430	HNcmpa	06cGb
22	22	6		יְהוָה֙	3068	HNp	06YGx
22	22	7		ה֣וּא	1931	HPp3ms	06pa3
22	22	8		יֹדֵ֔עַ	3045	HVqrmsa	06ibA
22	22	9		וְ/יִשְׂרָאֵ֖ל	c/3478	HC/Np	06dvZ
22	22	10		ה֣וּא	1931	HPp3ms	06hFJ
22	22	11		יֵדָ֑ע	3045	HVqj3ms	0666z
22	22	12		אִם	518 a	HC	06AeZ
22	22	13		בְּ/מֶ֤רֶד	b/4777	HR/Ncmsa	06Dsp
22	22	14		וְ/אִם	c/518 a	HC/C	06ELA
22	22	15		בְּ/מַ֨עַל֙	b/4604	HR/Ncmsa	067dA
22	22	16		בַּֽ/יהוָ֔ה	b/3068	HR/Np	06PXX
22	22	17		אַל	408	HTn	06yyV
22	22	18		תּוֹשִׁיעֵ֖/נוּ	3467	HVhj2ms/Sp1cp	06fQB
22	22	19		הַ/יּ֥וֹם	d/3117	HTd/Ncmsa	06Nkg
22	22	20		הַ/זֶּֽה	d/2088	HTd/Pdxms	06WHz
22	23	1		לִ/בְנ֥וֹת	l/1129	HR/Vqc	06xTn
22	23	2		לָ֨/נוּ֙	l	HR/Sp1cp	06XYy
22	23	3		מִזְבֵּ֔חַ	4196	HNcmsa	06nbe
22	23	4		לָ/שׁ֖וּב	l/7725	HR/Vqc	06kUz
22	23	5		מֵ/אַחֲרֵ֣י	m/310 a	HR/R	06Amk
22	23	6		יְהוָ֑ה	3068	HNp	06edi
22	23	7		וְ/אִם	c/518 a	HC/C	06U5m
22	23	8		לְ/הַעֲל֨וֹת	l/5927	HR/Vhc	068hf
22	23	9		עָלָ֜י/ו	5921 a	HR/Sp3ms	06yYd
22	23	10		עוֹלָ֣ה	5930 a	HNcfsa	06WnW
22	23	11		וּ/מִנְחָ֗ה	c/4503	HC/Ncfsa	06K8G
22	23	12		וְ/אִם	c/518 a	HC/C	06gEG
22	23	13		לַ/עֲשׂ֤וֹת	l/6213 a	HR/Vqc	0684A
22	23	14		עָלָי/ו֙	5921 a	HR/Sp3ms	06Sgy
22	23	15		זִבְחֵ֣י	2077	HNcmpc	064Ny
22	23	16		שְׁלָמִ֔ים	8002	HNcmpa	06Kvd
22	23	17		יְהוָ֖ה	3068	HNp	06ZUS
22	23	18		ה֥וּא	1931	HPp3ms	06XoQ
22	23	19		יְבַקֵּֽשׁ	1245	HVpi3ms	06Ujv
22	24	1		וְ/אִם	c/518 a	HC/C	06i5h
22	24	2		לֹ֤א	3808	HTn	06oNy
22	24	3		מִ/דְּאָגָה֙	m/1674	HR/Ncfsa	066c6
22	24	4		מִ/דָּבָ֔ר	m/1697	HR/Ncmsa	06mRY
22	24	5		עָשִׂ֥ינוּ	6213 a	HVqp1cp	06Qjx
22	24	6		אֶת	853	HTo	06UQH
22	24	7		זֹ֖את	2063	HPdxfs	06TXE
22	24	8		לֵ/אמֹ֑ר	l/559	HR/Vqc	06h72
22	24	9		מָחָ֗ר	4279	HNcmsa	06f14
22	24	10		יֹאמְר֨וּ	559	HVqi3mp	06XZo
22	24	11		בְנֵי/כֶ֤ם	1121 a	HNcmpc/Sp2mp	06Fsc
22	24	12		לְ/בָנֵ֨י/נוּ֙	l/1121 a	HR/Ncmpc/Sp1cp	06rP9
22	24	13		לֵ/אמֹ֔ר	l/559	HR/Vqc	06L9q
22	24	14		מַה	4100	HTi	06hD9
22	24	15		לָּ/כֶ֕ם	l	HR/Sp2mp	06R7s
22	24	16		וְ/לַֽ/יהוָ֖ה	c/l/3068	HC/R/Np	06U9m
22	24	17		אֱלֹהֵ֥י	430	HNcmpc	06X96
22	24	18		יִשְׂרָאֵֽל	3478	HNp	06ZEe
22	25	1		וּ/גְב֣וּל	c/1366	HC/Ncmsa	06svc
22	25	2		נָֽתַן	5414	HVqp3ms	06Ffh
22	25	3		יְ֠הוָה	3068	HNp	06wmm
22	25	4		בֵּינֵ֨/נוּ	996	HR/Sp1cp	06Sw7
22	25	5		וּ/בֵינֵי/כֶ֜ם	c/996	HC/R/Sp2mp	06eV6
22	25	6		בְּנֵי	1121 a	HNcmpc	063Hv
22	25	7		רְאוּבֵ֤ן	7205	HNp	06Q4W
22	25	8		וּ/בְנֵי	c/1121 a	HC/Ncmpc	06UFn
22	25	9		גָד֙	1410	HNp	06YNC
22	25	10		אֶת	853	HTo	06aR8
22	25	11		הַ/יַּרְדֵּ֔ן	d/3383	HTd/Np	06LkN
22	25	12		אֵין	369	HTn	06sNT
22	25	13		לָ/כֶ֥ם	l	HR/Sp2mp	06tBw
22	25	14		חֵ֖לֶק	2506 a	HNcmsa	068Ka
22	25	15		בַּֽ/יהוָ֑ה	b/3068	HR/Np	0635Y
22	25	16		וְ/הִשְׁבִּ֤יתוּ	c/7673 a	HC/Vhp3cp	069MC
22	25	17		בְנֵי/כֶם֙	1121 a	HNcmpc/Sp2mp	06L8B
22	25	18		אֶת	853	HTo	06S9i
22	25	19		בָּנֵ֔י/נוּ	1121 a	HNcmpc/Sp1cp	06Mv3
22	25	20		לְ/בִלְתִּ֖י	l/1115	HR/C	06wVV
22	25	21		יְרֹ֥א	3372	HVqc	06g4n
22	25	22		אֶת	853	HTo	06kQp
22	25	23		יְהוָֽה	3068	HNp	06Kb6
22	26	1		וַ/נֹּ֕אמֶר	c/559	HC/Vqw1cp	06b2m
22	26	2		נַעֲשֶׂה	6213 a	HVqh1cp	06ydG
22	26	3		נָּ֣א	4994	HTj	065Fz
22	26	4		לָ֔/נוּ	l	HR/Sp1cp	06fdx
22	26	5		לִ/בְנ֖וֹת	l/1129	HR/Vqc	06nbJ
22	26	6		אֶת	853	HTo	06kFR
22	26	7		הַ/מִּזְבֵּ֑חַ	d/4196	HTd/Ncmsa	06bdT
22	26	8		לֹ֥א	3808	HTn	06198
22	26	9		לְ/עוֹלָ֖ה	l/5930 a	HR/Ncfsa	06zXN
22	26	10		וְ/לֹ֥א	c/3808	HC/Tn	06GsJ
22	26	11		לְ/זָֽבַח	l/2077	HR/Ncmsa	06Ygk
22	27	1		כִּי֩	3588 a	HC	06pvb
22	27	2		עֵ֨ד	5707	HNcmsa	06ikT
22	27	3		ה֜וּא	1931	HPp3ms	06hkL
22	27	4		בֵּינֵ֣י/נוּ	996	HR/Sp1cp	06Zkg
22	27	5		וּ/בֵינֵי/כֶ֗ם	c/996	HC/R/Sp2mp	06rjG
22	27	6		וּ/בֵ֣ין	c/996	HC/R	06Zr3
22	27	7		דֹּרוֹתֵי/נוּ֮	1755	HNcmpc/Sp1cp	06wyh
22	27	8		אַחֲרֵי/נוּ֒	310 a	HR/Sp1cp	06ptA
22	27	9		לַ/עֲבֹ֞ד	l/5647	HR/Vqc	06eWf
22	27	10		אֶת	853	HTo	06CPj
22	27	11		עֲבֹדַ֤ת	5656	HNcfsc	0675q
22	27	12		יְהוָה֙	3068	HNp	06ZEp
22	27	13		לְ/פָנָ֔י/ו	l/6440	HR/Ncbpc/Sp3ms	06ujr
22	27	14		בְּ/עֹלוֹתֵ֥י/נוּ	b/5930 a	HR/Ncfpc/Sp1cp	06YAj
22	27	15		וּ/בִ/זְבָחֵ֖י/נוּ	c/b/2077	HC/R/Ncmpc/Sp1cp	06vTy
22	27	16		וּ/בִ/שְׁלָמֵ֑י/נוּ	c/b/8002	HC/R/Ncmpc/Sp1cp	06uRq
22	27	17		וְ/לֹא	c/3808	HC/Tn	06ZEw
22	27	18		יֹאמְר֨וּ	559	HVqi3mp	06WYA
22	27	19		בְנֵי/כֶ֤ם	1121 a	HNcmpc/Sp2mp	06qhb
22	27	20		מָחָר֙	4279	HNcmsa	06GDP
22	27	21		לְ/בָנֵ֔י/נוּ	l/1121 a	HR/Ncmpc/Sp1cp	06APs
22	27	22		אֵין	369	HTn	06qXw
22	27	23		לָ/כֶ֥ם	l	HR/Sp2mp	06Gh9
22	27	24		חֵ֖לֶק	2506 a	HNcmsa	06n4y
22	27	25		בַּ/יהוָֽה	b/3068	HR/Np	066i6
22	28	1		וַ/נֹּ֕אמֶר	c/559	HC/Vqw1cp	06squ
22	28	2		וְ/הָיָ֗ה	c/1961	HC/Vqp3ms	06Kgq
22	28	3		כִּֽי	3588 a	HC	06v4i
22	28	4		יֹאמְר֥וּ	559	HVqi3mp	06RbN
22	28	5		אֵלֵ֛י/נוּ	413	HR/Sp1cp	069LN
22	28	6		וְ/אֶל	c/413	HC/R	06dof
22	28	7		דֹּרֹתֵ֖י/נוּ	1755	HNcmpc/Sp1cp	06jCu
22	28	8		מָחָ֑ר	4279	HNcmsa	06RA2
22	28	9		וְ/אָמַ֡רְנוּ	c/559	HC/Vqq1cp	0622L
22	28	10		רְא֣וּ	7200	HVqv2mp	06eJb
22	28	11		אֶת	853	HTo	06TCo
22	28	12		תַּבְנִית֩	8403	HNcfsc	061DL
22	28	13		מִזְבַּ֨ח	4196	HNcmsc	06U11
22	28	14		יְהוָ֜ה	3068	HNp	06wAB
22	28	15		אֲשֶׁר	834 a	HTr	06Jdr
22	28	16		עָשׂ֣וּ	6213 a	HVqp3cp	06kds
22	28	17		אֲבוֹתֵ֗י/נוּ	1	HNcmpc/Sp1cp	06VhE
22	28	18		לֹ֤א	3808	HTn	06XYi
22	28	19		לְ/עוֹלָה֙	l/5930 a	HR/Ncfsa	06ejz
22	28	20		וְ/לֹ֣א	c/3808	HC/Tn	06etA
22	28	21		לְ/זֶ֔בַח	l/2077	HR/Ncmsa	06DcB
22	28	22		כִּי	3588 a	HC	06pEu
22	28	23		עֵ֣ד	5707	HNcmsa	06Xoa
22	28	24		ה֔וּא	1931	HPp3ms	06EWC
22	28	25		בֵּינֵ֖י/נוּ	996	HR/Sp1cp	06yDn
22	28	26		וּ/בֵינֵי/כֶֽם	c/996	HC/R/Sp2mp	06bJ2
22	29	1		חָלִילָ/ה֩	2486	HTj/Sd	06YKT
22	29	2		לָּ֨/נוּ	l	HR/Sp1cp	06URj
22	29	3		מִמֶּ֜/נּוּ	4480 a	HR/Sp1cp	066mo
22	29	4		לִ/מְרֹ֣ד	l/4775	HR/Vqc	06yxJ
22	29	5		בַּֽ/יהוָ֗ה	b/3068	HR/Np	06NM4
22	29	6		וְ/לָ/שׁ֤וּב	c/l/7725	HC/R/Vqc	06fhU
22	29	7		הַ/יּוֹם֙	d/3117	HTd/Ncmsa	06xuo
22	29	8		מֵ/אַחֲרֵ֣י	m/310 a	HR/R	06UEp
22	29	9		יְהוָ֔ה	3068	HNp	06MDn
22	29	10		לִ/בְנ֣וֹת	l/1129	HR/Vqc	06ju9
22	29	11		מִזְבֵּ֔חַ	4196	HNcmsa	06YEm
22	29	12		לְ/עֹלָ֖ה	l/5930 a	HR/Ncfsa	063xG
22	29	13		לְ/מִנְחָ֣ה	l/4503	HR/Ncfsa	06ZgR
22	29	14		וּ/לְ/זָ֑בַח	c/l/2077	HC/R/Ncmsa	063qk
22	29	15		מִ/לְּ/בַ֗ד	m/l/905	HR/R/Ncmsc	06pGx
22	29	16		מִזְבַּח֙	4196	HNcmsc	06hv5
22	29	17		יְהוָ֣ה	3068	HNp	06QGv
22	29	18		אֱלֹהֵ֔י/נוּ	430	HNcmpc/Sp1cp	06L7y
22	29	19		אֲשֶׁ֖ר	834 a	HTr	06nu8
22	29	20		לִ/פְנֵ֥י	l/6440	HR/Ncbpc	06n1y
22	29	21		מִשְׁכָּנֽ/וֹ	4908	HNcmsc/Sp3ms	06Zkm
22	30	1		וַ/יִּשְׁמַ֞ע	c/8085	HC/Vqw3ms	06qVK
22	30	2		פִּֽינְחָ֣ס	6372	HNp	06jBr
22	30	3		הַ/כֹּהֵ֗ן	d/3548	HTd/Ncmsa	06cgK
22	30	4		וּ/נְשִׂיאֵ֨י	c/5387 a	HC/Ncmpc	06Nqr
22	30	5		הָ/עֵדָ֜ה	d/5712	HTd/Ncfsa	06LxX
22	30	6		וְ/רָאשֵׁ֨י	c/7218 a	HC/Ncmpc	06Ljx
22	30	7		אַלְפֵ֤י	505	HAcbpc	06bus
22	30	8		יִשְׂרָאֵל֙	3478	HNp	06NNv
22	30	9		אֲשֶׁ֣ר	834 a	HTr	06M37
22	30	10		אִתּ֔/וֹ	854	HR/Sp3ms	06f1x
22	30	11		אֶת	853	HTo	063r7
22	30	12		הַ֨/דְּבָרִ֔ים	d/1697	HTd/Ncmpa	06Zw5
22	30	13		אֲשֶׁ֧ר	834 a	HTr	06nu3
22	30	14		דִּבְּר֛וּ	1696	HVpp3cp	06VNP
22	30	15		בְּנֵי	1121 a	HNcmpc	06jsx
22	30	16		רְאוּבֵ֥ן	7205	HNp	06JD3
22	30	17		וּ/בְנֵי	c/1121 a	HC/Ncmpc	064eU
22	30	18		גָ֖ד	1410	HNp	06ypB
22	30	19		וּ/בְנֵ֣י	c/1121 a	HC/Ncmpc	06svx
22	30	20		מְנַשֶּׁ֑ה	4519	HNp	06mrL
22	30	21		וַ/יִּיטַ֖ב	c/3190	HC/Vqw3ms	06d8S
22	30	22		בְּ/עֵינֵי/הֶֽם	b/5869 a	HR/Ncbdc/Sp3mp	06tSP
22	31	1		וַ/יֹּ֣אמֶר	c/559	HC/Vqw3ms	06bjP
22	31	2		פִּֽינְחָ֣ס	6372	HNp	06aKU
22	31	3		בֶּן	1121 a	HNcmsc	06iBY
22	31	4		אֶלְעָזָ֣ר	499	HNp	06gw3
22	31	5		הַ/כֹּהֵ֡ן	d/3548	HTd/Ncmsa	06Wee
22	31	6		אֶל	413	HR	06Zc7
22	31	7		בְּנֵי	1121 a	HNcmpc	06Ee2
22	31	8		רְאוּבֵ֨ן	7205	HNp	06ZHm
22	31	9		וְ/אֶל	c/413	HC/R	06ofL
22	31	10		בְּנֵי	1121 a	HNcmpc	06GhY
22	31	11		גָ֜ד	1410	HNp	069n6
22	31	12		וְ/אֶל	c/413	HC/R	06TPj
22	31	13		בְּנֵ֣י	1121 a	HNcmpc	06rvH
22	31	14		מְנַשֶּׁ֗ה	4519	HNp	06nVc
22	31	15		הַ/יּ֤וֹם	d/3117	HTd/Ncmsa	06Yqo
22	31	16		יָדַ֨עְנוּ֙	3045	HVqp1cp	06uKG
22	31	17		כִּֽי	3588 a	HC	06KoS
22	31	18		בְ/תוֹכֵ֣/נוּ	b/8432	HR/Ncmsc/Sp1cp	06y1v
22	31	19		יְהוָ֔ה	3068	HNp	06nD3
22	31	20		אֲשֶׁ֛ר	834 a	HTr	06aDh
22	31	21		לֹֽא	3808	HTn	06XXA
22	31	22		מְעַלְתֶּ֥ם	4603	HVqp2mp	06BRn
22	31	23		בַּֽ/יהוָ֖ה	b/3068	HR/Np	06BCo
22	31	24		הַ/מַּ֣עַל	d/4604	HTd/Ncmsa	06jY8
22	31	25		הַ/זֶּ֑ה	d/2088	HTd/Pdxms	06ANE
22	31	26		אָ֗ז	227 a	HD	06ss1
22	31	27		הִצַּלְתֶּ֛ם	5337	HVhp2mp	06kyF
22	31	28		אֶת	853	HTo	06AkE
22	31	29		בְּנֵ֥י	1121 a	HNcmpc	06cyn
22	31	30		יִשְׂרָאֵ֖ל	3478	HNp	06TX5
22	31	31		מִ/יַּ֥ד	m/3027	HR/Ncbsc	06awA
22	31	32		יְהוָֽה	3068	HNp	065Ga
22	32	1		וַ/יָּ֣שָׁב	c/7725	HC/Vqw3ms	06jvj
22	32	2		פִּֽינְחָ֣ס	6372	HNp	06bfj
22	32	3		בֶּן	1121 a	HNcmsc	06ZMA
22	32	4		אֶלְעָזָ֣ר	499	HNp	06mWA
22	32	5		הַ/כֹּהֵ֣ן	d/3548	HTd/Ncmsa	06rm7
22	32	6		וְ/הַ/נְּשִׂיאִ֡ים	c/d/5387 a	HC/Td/Ncmpa	06yug
22	32	7		מֵ/אֵ֣ת	m/854	HR/R	06Bpi
22	32	8		בְּנֵֽי	1121 a	HNcmpc	06HGn
22	32	9		רְאוּבֵן֩	7205	HNp	061u6
22	32	10		וּ/מֵ/אֵ֨ת	c/m/853	HC/R/To	06jE7
22	32	11		בְּנֵי	1121 a	HNcmpc	067Ws
22	32	12		גָ֜ד	1410	HNp	06WPv
22	32	13		מֵ/אֶ֧רֶץ	m/776	HR/Ncbsc	06and
22	32	14		הַ/גִּלְעָ֛ד	d/1568	HTd/Np	06q86
22	32	15		אֶל	413	HR	06JYX
22	32	16		אֶ֥רֶץ	776	HNcbsc	06dzt
22	32	17		כְּנַ֖עַן	3667 a	HNp	06Wat
22	32	18		אֶל	413	HR	06cpA
22	32	19		בְּנֵ֣י	1121 a	HNcmpc	06RUY
22	32	20		יִשְׂרָאֵ֑ל	3478	HNp	06h1u
22	32	21		וַ/יָּשִׁ֥בוּ	c/7725	HC/Vhw3mp	06Zs6
22	32	22		אוֹתָ֖/ם	853	HTo/Sp3mp	06yap
22	32	23		דָּבָֽר	1697	HNcmsa	06ioT
22	33	1		וַ/יִּיטַ֣ב	c/3190	HC/Vqw3ms	06bLg
22	33	2		הַ/דָּבָ֗ר	d/1697	HTd/Ncmsa	06WPW
22	33	3		בְּ/עֵינֵי֙	b/5869 a	HR/Ncbdc	06p3p
22	33	4		בְּנֵ֣י	1121 a	HNcmpc	06ehS
22	33	5		יִשְׂרָאֵ֔ל	3478	HNp	06Rwe
22	33	6		וַ/יְבָרֲכ֥וּ	c/1288	HC/Vpw3mp	06RFg
22	33	7		אֱלֹהִ֖ים	430	HNcmpa	06x37
22	33	8		בְּנֵ֣י	1121 a	HNcmpc	06Sni
22	33	9		יִשְׂרָאֵ֑ל	3478	HNp	06KYM
22	33	10		וְ/לֹ֣א	c/3808	HC/Tn	06138
22	33	11		אָמְר֗וּ	559	HVqp3cp	06t9r
22	33	12		לַ/עֲל֤וֹת	l/5927	HR/Vqc	06A87
22	33	13		עֲלֵי/הֶם֙	5921 a	HR/Sp3mp	06Qfw
22	33	14		לַ/צָּבָ֔א	l/6635 a	HRd/Ncbsa	06Ny9
22	33	15		לְ/שַׁחֵת֙	l/7843	HR/Vpc	06kpB
22	33	16		אֶת	853	HTo	06Gka
22	33	17		הָ/אָ֔רֶץ	d/776	HTd/Ncbsa	065s2
22	33	18		אֲשֶׁ֛ר	834 a	HTr	06oD3
22	33	19		בְּנֵי	1121 a	HNcmpc	06FpP
22	33	20		רְאוּבֵ֥ן	7205	HNp	06T11
22	33	21		וּ/בְנֵי	c/1121 a	HC/Ncmpc	06Kt2
22	33	22		גָ֖ד	1410	HNp	06pVF
22	33	23		יֹשְׁבִ֥ים	3427	HVqrmpa	0646N
22	33	24		בָּֽ/הּ	b	HR/Sp3fs	06g7R
22	34	1		וַֽ/יִּקְרְא֛וּ	c/7121	HC/Vqw3mp	06hVa
22	34	2		בְּנֵי	1121 a	HNcmpc	06gaf
22	34	3		רְאוּבֵ֥ן	7205	HNp	06MGb
22	34	4		וּ/בְנֵי	c/1121 a	HC/Ncmpc	06BsP
22	34	5		גָ֖ד	1410	HNp	06x9n
22	34	6		לַ/מִּזְבֵּ֑חַ	l/4196	HRd/Ncmsa	06e4W
22	34	7		כִּ֣י	3588 a	HC	06ukG
22	34	8		עֵ֥ד	5707	HNcmsa	06P19
22	34	9		הוּא֙	1931	HPp3ms	06YBg
22	34	10		בֵּֽינֹתֵ֔י/נוּ	996	HR/Sp1cp	06tJt
22	34	11		כִּ֥י	3588 a	HC	06T3b
22	34	12		יְהוָ֖ה	3068	HNp	06zpd
22	34	13		הָ/אֱלֹהִֽים	d/430	HTd/Ncmpa	06fo4
23	1	1		וַֽ/יְהִי֙	c/1961	HC/Vqw3ms	06JcQ
23	1	2		מִ/יָּמִ֣ים	m/3117	HR/Ncmpa	06nsG
23	1	3		רַבִּ֔ים	7227 a	HAampa	06gsU
23	1	4		אַ֠חֲרֵי	310 a	HR	067qg
23	1	5		אֲשֶׁר	834 a	HTr	06e5s
23	1	6		הֵנִ֨יחַ	5117	HVhp3ms	06W55
23	1	7		יְהוָ֧ה	3068	HNp	06M2X
23	1	8		לְ/יִשְׂרָאֵ֛ל	l/3478	HR/Np	06n34
23	1	9		מִ/כָּל	m/3605	HR/Ncmsc	06mvp
23	1	10		אֹיְבֵי/הֶ֖ם	341	HVqrmpc/Sp3mp	06sxM
23	1	11		מִ/סָּבִ֑יב	m/5439	HR/Ncbsa	06DwN
23	1	12		וִ/יהוֹשֻׁ֣עַ	c/3091	HC/Np	06geR
23	1	13		זָקֵ֔ן	2204	HVqp3ms	06XSs
23	1	14		בָּ֖א	935	HVqp3ms	06gF9
23	1	15		בַּ/יָּמִֽים	b/3117	HRd/Ncmpa	06jPg
23	2	1		וַ/יִּקְרָ֤א	c/7121	HC/Vqw3ms	06fmE
23	2	2		יְהוֹשֻׁ֨עַ֙	3091	HNp	068Jb
23	2	3		לְ/כָל	l/3605	HR/Ncmsc	06ow7
23	2	4		יִשְׂרָאֵ֔ל	3478	HNp	06FpJ
23	2	5		לִ/זְקֵנָי/ו֙	l/2205	HR/Aampc/Sp3ms	06oHD
23	2	6		וּ/לְ/רָאשָׁ֔י/ו	c/l/7218 a	HC/R/Ncmpc/Sp3ms	06Gyh
23	2	7		וּ/לְ/שֹׁפְטָ֖י/ו	c/l/8199	HC/R/Vqrmpc/Sp3ms	06uZa
23	2	8		וּ/לְ/שֹֽׁטְרָ֑י/ו	c/l/7860	HC/R/Vqrmpc/Sp3ms	06Y9V
23	2	9		וַ/יֹּ֣אמֶר	c/559	HC/Vqw3ms	06n71
23	2	10		אֲלֵ/הֶ֔ם	413	HR/Sp3mp	06qj9
23	2	11		אֲנִ֣י	589	HPp1cs	06Yip
23	2	12		זָקַ֔נְתִּי	2204	HVqp1cs	06Bjm
23	2	13		בָּ֖אתִי	935	HVqp1cs	06LJT
23	2	14		בַּ/יָּמִֽים	b/3117	HRd/Ncmpa	067Tg
23	3	1		וְ/אַתֶּ֣ם	c/859 d	HC/Pp2mp	06owQ
23	3	2		רְאִיתֶ֗ם	7200	HVqp2mp	06G3J
23	3	3		אֵת֩	853	HTo	06WoZ
23	3	4		כָּל	3605	HNcmsc	06W2r
23	3	5		אֲשֶׁ֨ר	834 a	HTr	06KPR
23	3	6		עָשָׂ֜ה	6213 a	HVqp3ms	06cee
23	3	7		יְהוָ֧ה	3068	HNp	06tND
23	3	8		אֱלֹהֵי/כֶ֛ם	430	HNcmpc/Sp2mp	06eZx
23	3	9		לְ/כָל	l/3605	HR/Ncmsc	06nbw
23	3	10		הַ/גּוֹיִ֥ם	d/1471 a	HTd/Ncmpa	06Ucv
23	3	11		הָ/אֵ֖לֶּה	d/428	HTd/Pdxcp	061j8
23	3	12		מִ/פְּנֵי/כֶ֑ם	m/6440	HR/Ncbpc/Sp2mp	06Vh8
23	3	13		כִּ֚י	3588 a	HC	06eFt
23	3	14		יְהוָ֣ה	3068	HNp	06Mgt
23	3	15		אֱלֹהֵי/כֶ֔ם	430	HNcmpc/Sp2mp	06tCS
23	3	16		ה֖וּא	1931	HPp3ms	06PrL
23	3	17		הַ/נִּלְחָ֥ם	d/3898 a	HTd/VNrmsa	06q8X
23	3	18		לָ/כֶֽם	l	HR/Sp2mp	06VGa
23	4	1		רְאוּ֩	7200	HVqv2mp	06bMM
23	4	2		הִפַּ֨לְתִּי	5307	HVhp1cs	06GSx
23	4	3		לָ/כֶ֜ם	l	HR/Sp2mp	069dP
23	4	4		אֶֽת	853	HTo	06dvk
23	4	5		הַ֠/גּוֹיִם	d/1471 a	HTd/Ncmpa	06uUS
23	4	6		הַ/נִּשְׁאָרִ֥ים	d/7604	HTd/VNrmpa	06EjV
23	4	7		הָ/אֵ֛לֶּה	d/428	HTd/Pdxcp	06Sps
23	4	8		בְּ/נַחֲלָ֖ה	b/5159	HR/Ncfsa	06keq
23	4	9		לְ/שִׁבְטֵי/כֶ֑ם	l/7626	HR/Ncmpc/Sp2mp	06BSE
23	4	10		מִן	4480 a	HR	06JVW
23	4	11		הַ/יַּרְדֵּ֗ן	d/3383	HTd/Np	06u6J
23	4	12		וְ/כָל	c/3605	HC/Ncmsc	063Hq
23	4	13		הַ/גּוֹיִם֙	d/1471 a	HTd/Ncmpa	06Unp
23	4	14		אֲשֶׁ֣ר	834 a	HTr	06oNu
23	4	15		הִכְרַ֔תִּי	3772	HVhp1cs	062ZC
23	4	16		וְ/הַ/יָּ֥ם	c/d/3220	HC/Td/Ncmsa	062Pn
23	4	17		הַ/גָּד֖וֹל	d/1419 a	HTd/Aamsa	06Jw6
23	4	18		מְב֥וֹא	3996	HNcmsc	06qYt
23	4	19		הַ/שָּֽׁמֶשׁ	d/8121	HTd/Ncbsa	06BnB
23	5	1		וַ/יהוָ֣ה	c/3068	HC/Np	06Vap
23	5	2		אֱלֹֽהֵי/כֶ֗ם	430	HNcmpc/Sp2mp	06tB6
23	5	3		ה֚וּא	1931	HPp3ms	06oC1
23	5	4		יֶהְדֳּפֵ֣/ם	1920	HVqi3ms/Sp3mp	06bst
23	5	5		מִ/פְּנֵי/כֶ֔ם	m/6440	HR/Ncbpc/Sp2mp	065iT
23	5	6		וְ/הוֹרִ֥ישׁ	c/3423	HC/Vhq3ms	06Jmq
23	5	7		אֹתָ֖/ם	853	HTo/Sp3mp	06z9m
23	5	8		מִ/לִּ/פְנֵי/כֶ֑ם	m/l/6440	HR/R/Ncbpc/Sp2mp	06XNh
23	5	9		וִֽ/ירִשְׁתֶּם֙	c/3423	HC/Vqq2mp	06Xxb
23	5	10		אֶת	853	HTo	06j3N
23	5	11		אַרְצָ֔/ם	776	HNcbsc/Sp3mp	06KhX
23	5	12		כַּ/אֲשֶׁ֥ר	k/834 d	HR/Tr	06WPh
23	5	13		דִּבֶּ֛ר	1696	HVpp3ms	06K6n
23	5	14		יְהוָ֥ה	3068	HNp	0678e
23	5	15		אֱלֹהֵי/כֶ֖ם	430	HNcmpc/Sp2mp	06Xdw
23	5	16		לָ/כֶֽם	l	HR/Sp2mp	06EPY
23	6	1		וַ/חֲזַקְתֶּ֣ם	c/2388	HC/Vqq2mp	06FRd
23	6	2		מְאֹ֔ד	3966	HD	06k4p
23	6	3		לִ/שְׁמֹ֣ר	l/8104	HR/Vqc	06ZJp
23	6	4		וְ/לַ/עֲשׂ֔וֹת	c/l/6213 a	HC/R/Vqc	06TTa
23	6	5		אֵ֚ת	853	HTo	06sCD
23	6	6		כָּל	3605	HNcmsc	06hCJ
23	6	7		הַ/כָּת֔וּב	d/3789	HTd/Vqsmsa	06siM
23	6	8		בְּ/סֵ֖פֶר	b/5612 a	HR/Ncmsc	0612P
23	6	9		תּוֹרַ֣ת	8451	HNcfsc	06yb4
23	6	10		מֹשֶׁ֑ה	4872	HNp	06Qer
23	6	11		לְ/בִלְתִּ֥י	l/1115	HR/C	06LfY
23	6	12		סוּר	5493	HVqc	06ENP
23	6	13		מִמֶּ֖/נּוּ	4480 a	HR/Sp1cp	06ZoA
23	6	14		יָמִ֥ין	3225	HNcfsa	06Suu
23	6	15		וּ/שְׂמֹֽאול	c/8040	HC/Ncmsa	06oPW
23	7	1		לְ/בִלְתִּי	l/1115	HR/C	06iAu
23	7	2		בוֹא֙	935	HVqc	06oPN
23	7	3		בַּ/גּוֹיִ֣ם	b/1471 a	HRd/Ncmpa	06pDT
23	7	4		הָ/אֵ֔לֶּה	d/428	HTd/Pdxcp	06HJm
23	7	5		הַ/נִּשְׁאָרִ֥ים	d/7604	HTd/VNrmpa	06fTU
23	7	6		הָ/אֵ֖לֶּה	d/428	HTd/Pdxcp	06t8B
23	7	7		אִתְּ/כֶ֑ם	854	HR/Sp2mp	06eaq
23	7	8		וּ/בְ/שֵׁ֨ם	c/b/8034	HC/R/Ncmsc	06azR
23	7	9		אֱלֹהֵי/הֶ֤ם	430	HNcmpc/Sp3mp	06jQQ
23	7	10		לֹא	3808	HTn	06sDb
23	7	11		תַזְכִּ֨ירוּ֙	2142	HVhi2mp	06s1w
23	7	12		וְ/לֹ֣א	c/3808	HC/Tn	06DPf
23	7	13		תַשְׁבִּ֔יעוּ	7650	HVhi2mp	06rWo
23	7	14		וְ/לֹ֣א	c/3808	HC/Tn	06sKc
23	7	15		תַעַבְד֔וּ/ם	5647	HVqi2mp/Sp3mp	066fn
23	7	16		וְ/לֹ֥א	c/3808	HC/Tn	06Cf5
23	7	17		תִֽשְׁתַּחֲו֖וּ	7812	HVvi2mp	06WAB
23	7	18		לָ/הֶֽם	l	HR/Sp3mp	06jth
23	8	1		כִּ֛י	3588 b	HC	06Rbd
23	8	2		אִם	518 b	HC	06XCe
23	8	3		בַּ/יהוָ֥ה	b/3068	HR/Np	0697G
23	8	4		אֱלֹהֵי/כֶ֖ם	430	HNcmpc/Sp2mp	065qf
23	8	5		תִּדְבָּ֑קוּ	1692	HVqi2mp	06UBZ
23	8	6		כַּ/אֲשֶׁ֣ר	k/834 d	HR/Tr	069h4
23	8	7		עֲשִׂיתֶ֔ם	6213 a	HVqp2mp	06axx
23	8	8		עַ֖ד	5704	HR	06jdG
23	8	9		הַ/יּ֥וֹם	d/3117	HTd/Ncmsa	06J4J
23	8	10		הַ/זֶּֽה	d/2088	HTd/Pdxms	06PWn
23	9	1		וַ/יּ֤וֹרֶשׁ	c/3423	HC/Vhw3ms	06HsD
23	9	2		יְהוָה֙	3068	HNp	06ph7
23	9	3		מִ/פְּנֵי/כֶ֔ם	m/6440	HR/Ncbpc/Sp2mp	06XFJ
23	9	4		גּוֹיִ֖ם	1471 a	HNcmpa	063iH
23	9	5		גְּדֹלִ֣ים	1419 a	HAampa	06uY4
23	9	6		וַ/עֲצוּמִ֑ים	c/6099	HC/Aampa	06H5C
23	9	7		וְ/אַתֶּ֗ם	c/859 d	HC/Pp2mp	06gut
23	9	8		לֹא	3808	HTn	066rs
23	9	9		עָ֤מַד	5975	HVqp3ms	06iU2
23	9	10		אִישׁ֙	376	HNcmsa	06KDJ
23	9	11		בִּ/פְנֵי/כֶ֔ם	b/6440	HR/Ncbpc/Sp2mp	06Yko
23	9	12		עַ֖ד	5704	HR	06TbR
23	9	13		הַ/יּ֥וֹם	d/3117	HTd/Ncmsa	06ytT
23	9	14		הַ/זֶּֽה	d/2088	HTd/Pdxms	06ATb
23	10	1		אִישׁ	376	HNcmsa	06ETp
23	10	2		אֶחָ֥ד	259	HAcmsa	06VmE
23	10	3		מִ/כֶּ֖ם	m/4480 a	HR/Sp2mp	06UNE
23	10	4		יִרְדָּף	7291	HVqi3ms	06uJA
23	10	5		אָ֑לֶף	505	HAcbsa	0628S
23	10	6		כִּ֣י	3588 a	HC	06cLf
23	10	7		יְהוָ֣ה	3068	HNp	069FC
23	10	8		אֱלֹהֵי/כֶ֗ם	430	HNcmpc/Sp2mp	06vyf
23	10	9		ה֚וּא	1931	HPp3ms	06joM
23	10	10		הַ/נִּלְחָ֣ם	d/3898 a	HTd/VNrmsa	0616u
23	10	11		לָ/כֶ֔ם	l	HR/Sp2mp	06Sac
23	10	12		כַּ/אֲשֶׁ֖ר	k/834 d	HR/Tr	06UsZ
23	10	13		דִּבֶּ֥ר	1696	HVpp3ms	065AU
23	10	14		לָ/כֶֽם	l	HR/Sp2mp	061ZY
23	11	1		וְ/נִשְׁמַרְתֶּ֥ם	c/8104	HC/VNq2mp	06e8V
23	11	2		מְאֹ֖ד	3966	HD	06XGf
23	11	3		לְ/נַפְשֹֽׁתֵי/כֶ֑ם	l/5315	HR/Ncbpc/Sp2mp	063kn
23	11	4		לְ/אַהֲבָ֖ה	l/157	HR/Vqc	067pC
23	11	5		אֶת	853	HTo	06CY7
23	11	6		יְהוָ֥ה	3068	HNp	06opR
23	11	7		אֱלֹהֵי/כֶֽם	430	HNcmpc/Sp2mp	06VdB
23	12	1		כִּ֣י	3588 b	HC	06Qwa
23	12	2		אִם	518 b	HC	06FaZ
23	12	3		שׁ֣וֹב	7725	HVqa	06XSd
23	12	4		תָּשׁ֗וּבוּ	7725	HVqi2mp	06SgK
23	12	5		וּ/דְבַקְתֶּם֙	c/1692	HC/Vqq2mp	06VX4
23	12	6		בְּ/יֶ֨תֶר֙	b/3499 a	HR/Ncmsc	06KjA
23	12	7		הַ/גּוֹיִ֣ם	d/1471 a	HTd/Ncmpa	06N2F
23	12	8		הָ/אֵ֔לֶּה	d/428	HTd/Pdxcp	06bfN
23	12	9		הַ/נִּשְׁאָרִ֥ים	d/7604	HTd/VNrmpa	06Bkn
23	12	10		הָ/אֵ֖לֶּה	d/428	HTd/Pdxcp	06KyM
23	12	11		אִתְּ/כֶ֑ם	854	HR/Sp2mp	066D5
23	12	12		וְ/הִֽתְחַתַּנְתֶּ֥ם	c/2859 b	HC/Vtq2mp	06mrF
23	12	13		בָּ/הֶ֛ם	b	HR/Sp3mp	06fKs
23	12	14		וּ/בָאתֶ֥ם	c/935	HC/Vqq2mp	06vsB
23	12	15		בָּ/הֶ֖ם	b	HR/Sp3mp	061TK
23	12	16		וְ/הֵ֥ם	c/1992	HC/Pp3mp	06JSH
23	12	17		בָּ/כֶֽם	b	HR/Sp2mp	06hTk
23	13	1		יָד֨וֹעַ֙	3045	HVqa	06buz
23	13	2		תֵּֽדְע֔וּ	3045	HVqi2mp	06Le9
23	13	3		כִּי֩	3588 a	HC	06RkQ
23	13	4		לֹ֨א	3808	HTn	06Z5v
23	13	5		יוֹסִ֜יף	3254	HVhi3ms	06ajx
23	13	6		יְהוָ֣ה	3068	HNp	06vVb
23	13	7		אֱלֹהֵי/כֶ֗ם	430	HNcmpc/Sp2mp	06SPW
23	13	8		לְ/הוֹרִ֛ישׁ	l/3423	HR/Vhc	06Y3a
23	13	9		אֶת	853	HTo	06T6R
23	13	10		הַ/גּוֹיִ֥ם	d/1471 a	HTd/Ncmpa	06h5B
23	13	11		הָ/אֵ֖לֶּה	d/428	HTd/Pdxcp	06ABc
23	13	12		מִ/לִּ/פְנֵי/כֶ֑ם	m/l/6440	HR/R/Ncbpc/Sp2mp	06hAZ
23	13	13		וְ/הָי֨וּ	c/1961	HC/Vqq3cp	06VjZ
23	13	14		לָ/כֶ֜ם	l	HR/Sp2mp	06XCY
23	13	15		לְ/פַ֣ח	l/6341 a	HR/Ncmsa	06Q6t
23	13	16		וּ/לְ/מוֹקֵ֗שׁ	c/l/4170	HC/R/Ncmsa	06CNu
23	13	17		וּ/לְ/שֹׁטֵ֤ט	c/l/7850	HC/R/Ncmsa	06bNQ
23	13	18		בְּ/צִדֵּי/כֶם֙	b/6654	HR/Ncmpc/Sp2mp	06YTX
23	13	19		וְ/לִ/צְנִנִ֣ים	c/l/6796	HC/R/Ncmpa	06yK8
23	13	20		בְּ/עֵינֵי/כֶ֔ם	b/5869 a	HR/Ncbdc/Sp2mp	06F7i
23	13	21		עַד	5704	HR	06x1o
23	13	22		אֲבָדְ/כֶ֗ם	6	HVqc/Sp2mp	06Ju6
23	13	23		מֵ֠/עַל	m/5921 a	HR/R	06iac
23	13	24		הָ/אֲדָמָ֤ה	d/127	HTd/Ncfsa	06KGC
23	13	25		הַ/טּוֹבָה֙	d/2896 a	HTd/Aafsa	069p6
23	13	26		הַ/זֹּ֔את	d/2063	HTd/Pdxfs	06cBd
23	13	27		אֲשֶׁר֙	834 a	HTr	06mi6
23	13	28		נָתַ֣ן	5414	HVqp3ms	06xQQ
23	13	29		לָ/כֶ֔ם	l	HR/Sp2mp	06piH
23	13	30		יְהוָ֖ה	3068	HNp	06wZ1
23	13	31		אֱלֹהֵי/כֶֽם	430	HNcmpc/Sp2mp	06Gog
23	14	1		וְ/הִנֵּ֨ה	c/2009	HC/Tm	06wpw
23	14	2		אָנֹכִ֤י	595	HPp1cs	06dQ2
23	14	3		הוֹלֵךְ֙	1980	HVqrmsa	06rq5
23	14	4		הַ/יּ֔וֹם	d/3117	HTd/Ncmsa	06TKr
23	14	5		בְּ/דֶ֖רֶךְ	b/1870	HR/Ncbsc	06KZ6
23	14	6		כָּל	3605	HNcmsc	06gGN
23	14	7		הָ/אָ֑רֶץ	d/776	HTd/Ncbsa	06LF1
23	14	8		וִ/ידַעְתֶּ֞ם	c/3045	HC/Vqq2mp	06os3
23	14	9		בְּ/כָל	b/3605	HR/Ncmsc	06bZo
23	14	10		לְבַבְ/כֶ֣ם	3824	HNcmsc/Sp2mp	0637i
23	14	11		וּ/בְ/כָל	c/b/3605	HC/R/Ncmsc	06WkH
23	14	12		נַפְשְׁ/כֶ֗ם	5315	HNcbsc/Sp2mp	06oxo
23	14	13		כִּ֣י	3588 a	HC	06xrs
23	14	14		לֹֽא	3808	HTn	062Yq
23	14	15		נָפַל֩	5307	HVqp3ms	0626h
23	14	16		דָּבָ֨ר	1697	HNcmsa	06v8s
23	14	17		אֶחָ֜ד	259	HAcmsa	069V6
23	14	18		מִ/כֹּ֣ל	m/3605	HR/Ncmsc	06hN7
23	14	19		הַ/דְּבָרִ֣ים	d/1697	HTd/Ncmpa	06p9V
23	14	20		הַ/טּוֹבִ֗ים	d/2896 a	HTd/Aampa	06cdq
23	14	21		אֲשֶׁ֨ר	834 a	HTr	06VtC
23	14	22		דִּבֶּ֜ר	1696	HVpp3ms	06epZ
23	14	23		יְהוָ֤ה	3068	HNp	061xJ
23	14	24		אֱלֹהֵי/כֶם֙	430	HNcmpc/Sp2mp	06XbU
23	14	25		עֲלֵי/כֶ֔ם	5921 a	HR/Sp2mp	06ou6
23	14	26		הַ/כֹּל֙	d/3605	HTd/Ncmsa	06kMS
23	14	27		בָּ֣אוּ	935	HVqp3cp	06NAE
23	14	28		לָ/כֶ֔ם	l	HR/Sp2mp	06xRx
23	14	29		לֹֽא	3808	HTn	06252
23	14	30		נָפַ֥ל	5307	HVqp3ms	06Unw
23	14	31		מִמֶּ֖/נּוּ	4480 a	HR/Sp1cp	06u7Y
23	14	32		דָּבָ֥ר	1697	HNcmsa	062Eo
23	14	33		אֶחָֽד	259	HAcmsa	06mbv
23	15	1		וְ/הָיָ֗ה	c/1961	HC/Vqq3ms	06vVi
23	15	2		כַּ/אֲשֶׁר	k/834 d	HR/Tr	06iaN
23	15	3		בָּ֤א	935	HVqp3ms	062EZ
23	15	4		עֲלֵי/כֶם֙	5921 a	HR/Sp2mp	06yTw
23	15	5		כָּל	3605	HNcmsc	062hV
23	15	6		הַ/דָּבָ֣ר	d/1697	HTd/Ncmsa	06BrS
23	15	7		הַ/טּ֔וֹב	d/2896 a	HTd/Aamsa	06RC3
23	15	8		אֲשֶׁ֥ר	834 a	HTr	066NZ
23	15	9		דִּבֶּ֛ר	1696	HVpp3ms	06WEx
23	15	10		יְהוָ֥ה	3068	HNp	06ew1
23	15	11		אֱלֹהֵי/כֶ֖ם	430	HNcmpc/Sp2mp	06Bo9
23	15	12		אֲלֵי/כֶ֑ם	413	HR/Sp2mp	06HfX
23	15	13		כֵּן֩	3651 c	HTm	06RCH
23	15	14		יָבִ֨יא	935	HVhi3ms	06YUj
23	15	15		יְהוָ֜ה	3068	HNp	06ykU
23	15	16		עֲלֵי/כֶ֗ם	5921 a	HR/Sp2mp	06qFt
23	15	17		אֵ֚ת	853	HTo	06njs
23	15	18		כָּל	3605	HNcmsc	06zi5
23	15	19		הַ/דָּבָ֣ר	d/1697	HTd/Ncmsa	06ce6
23	15	20		הָ/רָ֔ע	d/7451 a	HTd/Aamsa	0655V
23	15	21		עַד	5704	HR	06SQT
23	15	22		הַשְׁמִיד֣/וֹ	8045	HVhc/Sp3ms	06bba
23	15	23		אוֹתְ/כֶ֗ם	853	HTo/Sp2mp	06WaL
23	15	24		מֵ֠/עַל	m/5921 a	HR/R	06huJ
23	15	25		הָ/אֲדָמָ֤ה	d/127	HTd/Ncfsa	06nnW
23	15	26		הַ/טּוֹבָה֙	d/2896 a	HTd/Aafsa	061Sg
23	15	27		הַ/זֹּ֔את	d/2063	HTd/Pdxfs	06Pka
23	15	28		אֲשֶׁר֙	834 a	HTr	06tvr
23	15	29		נָתַ֣ן	5414	HVqp3ms	0669q
23	15	30		לָ/כֶ֔ם	l	HR/Sp2mp	06qn3
23	15	31		יְהוָ֖ה	3068	HNp	06Am6
23	15	32		אֱלֹהֵי/כֶֽם	430	HNcmpc/Sp2mp	0663o
23	16	1		בְּ֠/עָבְרְ/כֶם	b/5674 a	HR/Vqc/Sp2mp	06u1x
23	16	2		אֶת	853	HTo	06jKB
23	16	3		בְּרִ֨ית	1285	HNcfsc	06GPt
23	16	4		יְהוָ֥ה	3068	HNp	06bCn
23	16	5		אֱלֹהֵי/כֶם֮	430	HNcmpc/Sp2mp	06a55
23	16	6		אֲשֶׁ֣ר	834 a	HTr	06AqG
23	16	7		צִוָּ֣ה	6680	HVpp3ms	06Syq
23	16	8		אֶתְ/כֶם֒	853	HTo/Sp2mp	06pqU
23	16	9		וַ/הֲלַכְתֶּ֗ם	c/1980	HC/Vqq2mp	06c7F
23	16	10		וַ/עֲבַדְתֶּם֙	c/5647	HC/Vqq2mp	06jKd
23	16	11		אֱלֹהִ֣ים	430	HNcmpa	069Bt
23	16	12		אֲחֵרִ֔ים	312	HAampa	06uvE
23	16	13		וְ/הִשְׁתַּחֲוִיתֶ֖ם	c/7812	HC/Vvq2mp	06WNh
23	16	14		לָ/הֶ֑ם	l	HR/Sp3mp	06jWN
23	16	15		וְ/חָרָ֤ה	c/2734	HC/Vqq3ms	061QH
23	16	16		אַף	639	HTa	06sKq
23	16	17		יְהוָה֙	3068	HNp	06xYX
23	16	18		בָּ/כֶ֔ם	b	HR/Sp2mp	06YGC
23	16	19		וַ/אֲבַדְתֶּ֣ם	c/6	HC/Vqq2mp	06YiZ
23	16	20		מְהֵרָ֔ה	4120	HNcfsa	06v4S
23	16	21		מֵ/עַל֙	m/5921 a	HR/R	06ixP
23	16	22		הָ/אָ֣רֶץ	d/776	HTd/Ncbsa	0672Q
23	16	23		הַ/טּוֹבָ֔ה	d/2896 a	HTd/Aafsa	06yNu
23	16	24		אֲשֶׁ֖ר	834 a	HTr	06ywz
23	16	25		נָתַ֥ן	5414	HVqp3ms	06eEP
23	16	26		לָ/כֶֽם	l	HR/Sp2mp	06KTK
24	1	1		וַ/יֶּאֶסֹ֧ף	c/622	HC/Vqw3ms	06cFs
24	1	2		יְהוֹשֻׁ֛עַ	3091	HNp	06Aox
24	1	3		אֶת	853	HTo	06cAM
24	1	4		כָּל	3605	HNcmsc	06bHj
24	1	5		שִׁבְטֵ֥י	7626	HNcmpc	06aPQ
24	1	6		יִשְׂרָאֵ֖ל	3478	HNp	064WN
24	1	7		שְׁכֶ֑מָ/ה	7927	HNp/Sd	06RRf
24	1	8		וַ/יִּקְרָא֩	c/7121	HC/Vqw3ms	06nVC
24	1	9		לְ/זִקְנֵ֨י	l/2205	HR/Aampc	06Bcy
24	1	10		יִשְׂרָאֵ֜ל	3478	HNp	06P5c
24	1	11		וּ/לְ/רָאשָׁ֗י/ו	c/l/7218 a	HC/R/Ncmpc/Sp3ms	06W37
24	1	12		וּ/לְ/שֹֽׁפְטָי/ו֙	c/l/8199	HC/R/Vqrmpc/Sp3ms	068F5
24	1	13		וּ/לְ/שֹׁ֣טְרָ֔י/ו	c/l/7860	HC/R/Vqrmpc/Sp3ms	06enF
24	1	14		וַ/יִּֽתְיַצְּב֖וּ	c/3320	HC/Vtw3mp	06npz
24	1	15		לִ/פְנֵ֥י	l/6440	HR/Ncbpc	06jFk
24	1	16		הָ/אֱלֹהִֽים	d/430	HTd/Ncmpa	06aad
24	2	1		וַ/יֹּ֨אמֶר	c/559	HC/Vqw3ms	06kTe
24	2	2		יְהוֹשֻׁ֜עַ	3091	HNp	065Vw
24	2	3		אֶל	413	HR	06GqA
24	2	4		כָּל	3605	HNcmsc	06Nhq
24	2	5		הָ/עָ֗ם	d/5971 a	HTd/Ncmsa	06LLK
24	2	6		כֹּֽה	3541	HD	06VUz
24	2	7		אָמַ֣ר	559	HVqp3ms	06xTu
24	2	8		יְהוָה֮	3068	HNp	06hya
24	2	9		אֱלֹהֵ֣י	430	HNcmpc	06yiC
24	2	10		יִשְׂרָאֵל֒	3478	HNp	06DCf
24	2	11		בְּ/עֵ֣בֶר	b/5676	HR/Ncmsc	06SHs
24	2	12		הַ/נָּהָ֗ר	d/5104	HTd/Ncmsa	06FE8
24	2	13		יָשְׁב֤וּ	3427	HVqp3cp	06NwY
24	2	14		אֲבֽוֹתֵי/כֶם֙	1	HNcmpc/Sp2mp	06YtK
24	2	15		מֵֽ/עוֹלָ֔ם	m/5769	HR/Ncmsa	068yx
24	2	16		תֶּ֛רַח	8646	HNp	06CJy
24	2	17		אֲבִ֥י	1	HNcmsc	06shv
24	2	18		אַבְרָהָ֖ם	85	HNp	06xJC
24	2	19		וַ/אֲבִ֣י	c/1	HC/Ncmsc	06XH9
24	2	20		נָח֑וֹר	5152	HNp	06kx4
24	2	21		וַ/יַּעַבְד֖וּ	c/5647	HC/Vqw3mp	06Qv7
24	2	22		אֱלֹהִ֥ים	430	HNcmpa	065SQ
24	2	23		אֲחֵרִֽים	312	HAampa	064Wf
24	3	1		וָ֠/אֶקַּח	c/3947	HC/Vqw1cs	064P8
24	3	2		אֶת	853	HTo	06VEq
24	3	3		אֲבִי/כֶ֤ם	1	HNcmsc/Sp2mp	06Lpu
24	3	4		אֶת	853	HTo	06nMq
24	3	5		אַבְרָהָם֙	85	HNp	06tPt
24	3	6		מֵ/עֵ֣בֶר	m/5676	HR/Ncmsc	06nAY
24	3	7		הַ/נָּהָ֔ר	d/5104	HTd/Ncmsa	062iL
24	3	8		וָ/אוֹלֵ֥ךְ	c/3212	HC/Vhw1cs	06t4y
24	3	9		אוֹת֖/וֹ	853	HTo/Sp3ms	06UF7
24	3	10		בְּ/כָל	b/3605	HR/Ncmsc	06jvH
24	3	11		אֶ֣רֶץ	776	HNcbsc	06EZh
24	3	12		כְּנָ֑עַן	3667 a	HNp	06GNQ
24	3	13	x-ketiv	ו/ארב	c/7235 a	HC/Vhw1cs	06csG
24	3	14		וָ/אַרְבֶּה֙	c/7235 a	HC/Vhw1cs	06SCo
24	3	15		אֶת	853	HTo	06okV
24	3	16		זַרְע֔/וֹ	2233	HNcmsc/Sp3ms	06Paf
24	3	17		וָֽ/אֶתֶּן	c/5414	HC/Vqw1cs	06VDs
24	3	18		ל֖/וֹ	l	HR/Sp3ms	06HKK
24	3	19		אֶת	853	HTo	067Gj
24	3	20		יִצְחָֽק	3327	HNp	06SGr
24	4	1		וָ/אֶתֵּ֣ן	c/5414	HC/Vqw1cs	06uo7
24	4	2		לְ/יִצְחָ֔ק	l/3327	HR/Np	06CVH
24	4	3		אֶֽת	853	HTo	06syj
24	4	4		יַעֲקֹ֖ב	3290	HNp	06o59
24	4	5		וְ/אֶת	c/853	HC/To	06g86
24	4	6		עֵשָׂ֑ו	6215	HNp	06fvv
24	4	7		וָ/אֶתֵּ֨ן	c/5414	HC/Vqw1cs	06ZbA
24	4	8		לְ/עֵשָׂ֜ו	l/6215	HR/Np	06SU6
24	4	9		אֶת	853	HTo	06A7F
24	4	10		הַ֤ר	2022	HNcmsc	06qvD
24	4	11		שֵׂעִיר֙	8165 a	HNp	0675H
24	4	12		לָ/רֶ֣שֶׁת	l/3423	HR/Vqc	06wax
24	4	13		אוֹת֔/וֹ	853	HTo/Sp3ms	06zBH
24	4	14		וְ/יַעֲקֹ֥ב	c/3290	HC/Np	069wJ
24	4	15		וּ/בָנָ֖י/ו	c/1121 a	HC/Ncmpc/Sp3ms	06gj3
24	4	16		יָרְד֥וּ	3381	HVqp3cp	06dJx
24	4	17		מִצְרָֽיִם	4714	HNp	06WBR
24	5	1		וָ/אֶשְׁלַ֞ח	c/7971	HC/Vqw1cs	06uB9
24	5	2		אֶת	853	HTo	06UW8
24	5	3		מֹשֶׁ֤ה	4872	HNp	06rzJ
24	5	4		וְ/אֶֽת	c/853	HC/To	066Sa
24	5	5		אַהֲרֹן֙	175	HNp	066Dm
24	5	6		וָ/אֶגֹּ֣ף	c/5062	HC/Vqw1cs	06z6r
24	5	7		אֶת	853	HTo	06R8k
24	5	8		מִצְרַ֔יִם	4714	HNp	06YYk
24	5	9		כַּ/אֲשֶׁ֥ר	k/834 d	HR/Tr	06C3M
24	5	10		עָשִׂ֖יתִי	6213 a	HVqp1cs	06Yqe
24	5	11		בְּ/קִרְבּ֑/וֹ	b/7130	HR/Ncmsc/Sp3ms	068UA
24	5	12		וְ/אַחַ֖ר	c/310 a	HC/D	061Yr
24	5	13		הוֹצֵ֥אתִי	3318	HVhp1cs	0622K
24	5	14		אֶתְ/כֶֽם	853	HTo/Sp2mp	06nkg
24	6	1		וָֽ/אוֹצִ֤יא	c/3318	HC/Vhw1cs	06bfa
24	6	2		אֶת	853	HTo	06kcM
24	6	3		אֲבֽוֹתֵי/כֶם֙	1	HNcmpc/Sp2mp	06xy3
24	6	4		מִ/מִּצְרַ֔יִם	m/4714	HR/Np	06xFB
24	6	5		וַ/תָּבֹ֖אוּ	c/935	HC/Vqw2mp	06Xob
24	6	6		הַ/יָּ֑מָּ/ה	d/3220	HTd/Ncmsa/Sd	06q44
24	6	7		וַ/יִּרְדְּפ֨וּ	c/7291	HC/Vqw3mp	06fiU
24	6	8		מִצְרַ֜יִם	4713	HNp	06U1v
24	6	9		אַחֲרֵ֧י	310 a	HR	06uR9
24	6	10		אֲבוֹתֵי/כֶ֛ם	1	HNcmpc/Sp2mp	06fSv
24	6	11		בְּ/רֶ֥כֶב	b/7393	HR/Ncmsa	06RW8
24	6	12		וּ/בְ/פָרָשִׁ֖ים	c/b/6571 b	HC/R/Ncmpa	06B4r
24	6	13		יַם	3220	HNcmsc	06qJg
24	6	14		סֽוּף	5488	HNcmsa	06u3u
24	7	1		וַ/יִּצְעֲק֣וּ	c/6817	HC/Vqw3mp	06Sbb
24	7	2		אֶל	413	HR	06DTC
24	7	3		יְהוָ֗ה	3068	HNp	06Z4W
24	7	4		וַ/יָּ֨שֶׂם	c/7760 a	HC/Vqw3ms	06ULz
24	7	5		מַֽאֲפֵ֜ל	3990	HNcmsa	06423
24	7	6		בֵּינֵי/כֶ֣ם	996	HR/Sp2mp	06x3A
24	7	7		וּ/בֵ֣ין	c/996	HC/R	06uR1
24	7	8		הַ/מִּצְרִ֗ים	d/4713	HTd/Ngmpa	06RBt
24	7	9		וַ/יָּבֵ֨א	c/935	HC/Vhw3ms	06sPD
24	7	10		עָלָ֤י/ו	5921 a	HR/Sp3ms	06ngQ
24	7	11		אֶת	853	HTo	066FS
24	7	12		הַ/יָּם֙	d/3220	HTd/Ncmsa	066U7
24	7	13		וַ/יְכַסֵּ֔/הוּ	c/3680	HC/Vpw3ms/Sp3ms	0675S
24	7	14		וַ/תִּרְאֶ֨ינָה֙	c/7200	HC/Vqw3fp	06Fo2
24	7	15		עֵינֵי/כֶ֔ם	5869 a	HNcbdc/Sp2mp	06Cb1
24	7	16		אֵ֥ת	853	HTo	06z1M
24	7	17		אֲשֶׁר	834 a	HTr	06e7f
24	7	18		עָשִׂ֖יתִי	6213 a	HVqp1cs	06pst
24	7	19		בְּ/מִצְרָ֑יִם	b/4714	HR/Np	06THR
24	7	20		וַ/תֵּשְׁב֥וּ	c/3427	HC/Vqw2mp	06aXS
24	7	21		בַ/מִּדְבָּ֖ר	b/4057 b	HRd/Ncmsa	06JeL
24	7	22		יָמִ֥ים	3117	HNcmpa	06Kff
24	7	23		רַבִּֽים	7227 a	HAampa	06YxZ
24	8	1	x-ketiv	ו/אבא/ה	c/935	HC/Vhw1cs/Sh	06jf2
24	8	2		וָ/אָבִ֣יא	c/935	HC/Vhw1cs	06cuN
24	8	3		אֶתְ/כֶ֗ם	853	HTo/Sp2mp	069eN
24	8	4		אֶל	413	HR	06rVU
24	8	5		אֶ֤רֶץ	776	HNcbsc	063wq
24	8	6		הָ/אֱמֹרִי֙	d/567	HTd/Ngmsa	06aNE
24	8	7		הַ/יּוֹשֵׁב֙	d/3427	HTd/Vqrmsa	065nE
24	8	8		בְּ/עֵ֣בֶר	b/5676	HR/Ncmsc	064P3
24	8	9		הַ/יַּרְדֵּ֔ן	d/3383	HTd/Np	062PP
24	8	10		וַ/יִּֽלָּחֲמ֖וּ	c/3898 a	HC/VNw3mp	06nn6
24	8	11		אִתְּ/כֶ֑ם	854	HR/Sp2mp	06srQ
24	8	12		וָ/אֶתֵּ֨ן	c/5414	HC/Vqw1cs	06gnL
24	8	13		אוֹתָ֤/ם	853	HTo/Sp3mp	06u2Q
24	8	14		בְּ/יֶדְ/כֶם֙	b/3027	HR/Ncbsc/Sp2mp	06Dcb
24	8	15		וַ/תִּֽירְשׁ֣וּ	c/3423	HC/Vqw2mp	06iUb
24	8	16		אֶת	853	HTo	06oaE
24	8	17		אַרְצָ֔/ם	776	HNcbsc/Sp3mp	06obW
24	8	18		וָ/אַשְׁמִידֵ֖/ם	c/8045	HC/Vhw1cs/Sp3mp	064zD
24	8	19		מִ/פְּנֵי/כֶֽם	m/6440	HR/Ncbpc/Sp2mp	06KUn
24	9	1		וַ/יָּ֨קָם	c/6965 b	HC/Vqw3ms	06FxF
24	9	2		בָּלָ֤ק	1111	HNp	062Q3
24	9	3		בֶּן	1121 a	HNcmsc	06wuo
24	9	4		צִפּוֹר֙	6834	HNp	06yM6
24	9	5		מֶ֣לֶךְ	4428	HNcmsc	06tm1
24	9	6		מוֹאָ֔ב	4124	HNp	06NiH
24	9	7		וַ/יִּלָּ֖חֶם	c/3898 a	HC/VNw3ms	06KAR
24	9	8		בְּ/יִשְׂרָאֵ֑ל	b/3478	HR/Np	06nHu
24	9	9		וַ/יִּשְׁלַ֗ח	c/7971	HC/Vqw3ms	06BP8
24	9	10		וַ/יִּקְרָ֛א	c/7121	HC/Vqw3ms	06cVb
24	9	11		לְ/בִלְעָ֥ם	l/1109 a	HR/Np	0663a
24	9	12		בֶּן	1121 a	HNcmsc	06jqf
24	9	13		בְּע֖וֹר	1160	HNp	06b3r
24	9	14		לְ/קַלֵּ֥ל	l/7043	HR/Vpc	06GuX
24	9	15		אֶתְ/כֶֽם	853	HTo/Sp2mp	06gg9
24	10	1		וְ/לֹ֥א	c/3808	HC/Tn	06oR8
24	10	2		אָבִ֖יתִי	14	HVqp1cs	06j2Y
24	10	3		לִ/שְׁמֹ֣עַ	l/8085	HR/Vqc	06dHk
24	10	4		לְ/בִלְעָ֑ם	l/1109 a	HR/Np	06ydd
24	10	5		וַ/יְבָ֤רֶךְ	c/1288	HC/Vpw3ms	06kL7
24	10	6		בָּרוֹךְ֙	1288	HVpa	06mHz
24	10	7		אֶתְ/כֶ֔ם	853	HTo/Sp2mp	06Eb6
24	10	8		וָ/אַצִּ֥ל	c/5337	HC/Vhw1cs	06EtY
24	10	9		אֶתְ/כֶ֖ם	853	HTo/Sp2mp	06Q7b
24	10	10		מִ/יָּדֽ/וֹ	m/3027	HR/Ncbsc/Sp3ms	06Cpc
24	11	1		וַ/תַּעַבְר֣וּ	c/5674 a	HC/Vqw2mp	06PyF
24	11	2		אֶת	853	HTo	06h7X
24	11	3		הַ/יַּרְדֵּן֮	d/3383	HTd/Np	069bc
24	11	4		וַ/תָּבֹ֣אוּ	c/935	HC/Vqw2mp	06fXq
24	11	5		אֶל	413	HR	06eqC
24	11	6		יְרִיחוֹ֒	3405	HNp	06ya6
24	11	7		וַ/יִּלָּחֲמ֣וּ	c/3898 a	HC/VNw3mp	06vRc
24	11	8		בָ/כֶ֣ם	b	HR/Sp2mp	06kYz
24	11	9		בַּעֲלֵֽי	1167	HNcmpc	067v5
24	11	10		יְ֠רִיחוֹ	3405	HNp	06iKp
24	11	11		הָֽ/אֱמֹרִ֨י	d/567	HTd/Ngmsa	062WG
24	11	12		וְ/הַ/פְּרִזִּ֜י	c/d/6522	HC/Td/Ngmsa	067mg
24	11	13		וְ/הַֽ/כְּנַעֲנִ֗י	c/d/3669 a	HC/Td/Ngmsa	063Sf
24	11	14		וְ/הַֽ/חִתִּי֙	c/d/2850	HC/Td/Ngmsa	06CwR
24	11	15		וְ/הַ/גִּרְגָּשִׁ֔י	c/d/1622	HC/Td/Ngmsa	06S6e
24	11	16		הַֽ/חִוִּ֖י	d/2340	HTd/Ngmsa	06dmo
24	11	17		וְ/הַ/יְבוּסִ֑י	c/d/2983	HC/Td/Ngmsa	065zx
24	11	18		וָ/אֶתֵּ֥ן	c/5414	HC/Vqw1cs	06PLr
24	11	19		אוֹתָ֖/ם	853	HTo/Sp3mp	06Ykn
24	11	20		בְּ/יֶדְ/כֶֽם	b/3027	HR/Ncbsc/Sp2mp	06fNQ
24	12	1		וָ/אֶשְׁלַ֤ח	c/7971	HC/Vqw1cs	06yf8
24	12	2		לִ/פְנֵי/כֶם֙	l/6440	HR/Ncbpc/Sp2mp	06127
24	12	3		אֶת	853	HTo	06wA6
24	12	4		הַ/צִּרְעָ֔ה	d/6880	HTd/Ncfsa	061Xd
24	12	5		וַ/תְּגָ֤רֶשׁ	c/1644	HC/Vpw3fs	06t1J
24	12	6		אוֹתָ/ם֙	853	HTo/Sp3mp	06vAz
24	12	7		מִ/פְּנֵי/כֶ֔ם	m/6440	HR/Ncbpc/Sp2mp	0679S
24	12	8		שְׁנֵ֖י	8147	HAcmdc	06qij
24	12	9		מַלְכֵ֣י	4428	HNcmpc	06nzF
24	12	10		הָ/אֱמֹרִ֑י	d/567	HTd/Ngmsa	06bme
24	12	11		לֹ֥א	3808	HTn	068Bh
24	12	12		בְ/חַרְבְּ/ךָ֖	b/2719	HR/Ncfsc/Sp2ms	06vZf
24	12	13		וְ/לֹ֥א	c/3808	HC/Tn	06B7r
24	12	14		בְ/קַשְׁתֶּֽ/ךָ	b/7198	HR/Ncfsc/Sp2ms	06AD6
24	13	1		וָ/אֶתֵּ֨ן	c/5414	HC/Vqw1cs	0695X
24	13	2		לָ/כֶ֜ם	l	HR/Sp2mp	06HLu
24	13	3		אֶ֣רֶץ	776	HNcbsa	06cmp
24	13	4		אֲשֶׁ֧ר	834 a	HTr	06zaG
24	13	5		לֹֽא	3808	HTn	06zG6
24	13	6		יָגַ֣עְתָּ	3021	HVqp2ms	06xpy
24	13	7		בָּ֗/הּ	b	HR/Sp3fs	06QQj
24	13	8		וְ/עָרִים֙	c/5892 b	HC/Ncfpa	06fPe
24	13	9		אֲשֶׁ֣ר	834 a	HTr	06Rk4
24	13	10		לֹא	3808	HTn	06m8F
24	13	11		בְנִיתֶ֔ם	1129	HVqp2mp	06XSc
24	13	12		וַ/תֵּשְׁב֖וּ	c/3427	HC/Vqw2mp	065qi
24	13	13		בָּ/הֶ֑ם	b	HR/Sp3mp	069bH
24	13	14		כְּרָמִ֤ים	3754	HNcbpa	06BJ3
24	13	15		וְ/זֵיתִים֙	c/2132	HC/Ncmpa	06ivp
24	13	16		אֲשֶׁ֣ר	834 a	HTr	06KFK
24	13	17		לֹֽא	3808	HTn	06Ssv
24	13	18		נְטַעְתֶּ֔ם	5193	HVqp2mp	068SP
24	13	19		אַתֶּ֖ם	859 d	HPp2mp	06mJF
24	13	20		אֹכְלִֽים	398	HVqrmpa	06LUU
24	14	1		וְ/עַתָּ֞ה	c/6258	HC/D	06AxS
24	14	2		יְר֧אוּ	3372	HVqv2mp	06GNx
24	14	3		אֶת	853	HTo	06Aue
24	14	4		יְהוָ֛ה	3068	HNp	06BXp
24	14	5		וְ/עִבְד֥וּ	c/5647	HC/Vqv2mp	06Jzb
24	14	6		אֹת֖/וֹ	853	HTo/Sp3ms	0643V
24	14	7		בְּ/תָמִ֣ים	b/8549	HR/Aamsa	06oXA
24	14	8		וּ/בֶֽ/אֱמֶ֑ת	c/b/571	HC/R/Ncfsa	062vn
24	14	9		וְ/הָסִ֣ירוּ	c/5493	HC/Vhv2mp	06uUg
24	14	10		אֶת	853	HTo	06Rdv
24	14	11		אֱלֹהִ֗ים	430	HNcmpa	06gWa
24	14	12		אֲשֶׁר֩	834 a	HTr	06FNo
24	14	13		עָבְד֨וּ	5647	HVqp3cp	065HU
24	14	14		אֲבוֹתֵי/כֶ֜ם	1	HNcmpc/Sp2mp	06Lsb
24	14	15		בְּ/עֵ֤בֶר	b/5676	HR/Ncmsc	06giK
24	14	16		הַ/נָּהָר֙	d/5104	HTd/Ncmsa	06XTv
24	14	17		וּ/בְ/מִצְרַ֔יִם	c/b/4714	HC/R/Np	06tEP
24	14	18		וְ/עִבְד֖וּ	c/5647	HC/Vqv2mp	0662a
24	14	19		אֶת	853	HTo	0611V
24	14	20		יְהוָֽה	3068	HNp	06JY8
24	15	1		וְ/אִם֩	c/518 a	HC/C	06mpW
24	15	2		רַ֨ע	7451 a	HAamsa	06Dzw
24	15	3		בְּֽ/עֵינֵי/כֶ֜ם	b/5869 a	HR/Ncbdc/Sp2mp	06VdU
24	15	4		לַ/עֲבֹ֣ד	l/5647	HR/Vqc	06vhf
24	15	5		אֶת	853	HTo	06Ywb
24	15	6		יְהוָ֗ה	3068	HNp	063qC
24	15	7		בַּחֲר֨וּ	977	HVqv2mp	06Dxs
24	15	8		לָ/כֶ֣ם	l	HR/Sp2mp	06G7M
24	15	9		הַ/יּוֹם֮	d/3117	HTd/Ncmsa	061Mo
24	15	10		אֶת	853	HTo	06DKw
24	15	11		מִ֣י	4310	HTi	06JzG
24	15	12		תַעֲבֹדוּ/ן֒	5647	HVqi2mp/Sn	067iD
24	15	13		אִ֣ם	518 a	HC	06vN5
24	15	14		אֶת	853	HTo	06r2K
24	15	15		אֱלֹהִ֞ים	430	HNcmpa	06dfs
24	15	16		אֲשֶׁר	834 a	HTr	06EtH
24	15	17		עָבְד֣וּ	5647	HVqp3cp	065KR
24	15	18		אֲבוֹתֵי/כֶ֗ם	1	HNcmpc/Sp2mp	06rum
24	15	19		אֲשֶׁר֙	834 a	HTr	06R73
24	15	20	x-ketiv	ב/עבר	b/5676	HR/Ncmsc	06r8Z
24	15	21		מֵ/עֵ֣בֶר	m/5676	HR/Ncmsc	06Fzq
24	15	22		הַ/נָּהָ֔ר	d/5104	HTd/Ncmsa	06gPK
24	15	23		וְ/אִם֙	c/518 a	HC/C	06K8b
24	15	24		אֶת	853	HTo	06bBS
24	15	25		אֱלֹהֵ֣י	430	HNcmpc	06rPV
24	15	26		הָ/אֱמֹרִ֔י	d/567	HTd/Ngmsa	06tM6
24	15	27		אֲשֶׁ֥ר	834 a	HTr	06HQy
24	15	28		אַתֶּ֖ם	859 d	HPp2mp	06N4G
24	15	29		יֹשְׁבִ֣ים	3427	HVqrmpa	06BMM
24	15	30		בְּ/אַרְצָ֑/ם	b/776	HR/Ncbsc/Sp3mp	06rhp
24	15	31		וְ/אָנֹכִ֣י	c/595	HC/Pp1cs	06vtD
24	15	32		וּ/בֵיתִ֔/י	c/1004 b	HC/Ncmsc/Sp1cs	06JWe
24	15	33		נַעֲבֹ֖ד	5647	HVqi1cp	06CZN
24	15	34		אֶת	853	HTo	06Yh5
24	15	35		יְהוָֽה	3068	HNp	06CBW
24	16	1		וַ/יַּ֤עַן	c/6030 b	HC/Vqw3ms	06Xsp
24	16	2		הָ/עָם֙	d/5971 a	HTd/Ncmsa	063JX
24	16	3		וַ/יֹּ֔אמֶר	c/559	HC/Vqw3ms	06EbA
24	16	4		חָלִ֣ילָ/ה	2486	HTj/Sh	06obf
24	16	5		לָּ֔/נוּ	l	HR/Sp1cp	06YzW
24	16	6		מֵ/עֲזֹ֖ב	m/5800 a	HR/Vqc	06FaA
24	16	7		אֶת	853	HTo	06E6Y
24	16	8		יְהוָ֑ה	3068	HNp	06twK
24	16	9		לַ/עֲבֹ֖ד	l/5647	HR/Vqc	06xXA
24	16	10		אֱלֹהִ֥ים	430	HNcmpa	06BZb
24	16	11		אֲחֵרִֽים	312	HAampa	06gs8
24	17	1		כִּ֚י	3588 a	HC	065eB
24	17	2		יְהוָ֣ה	3068	HNp	064Zt
24	17	3		אֱלֹהֵ֔י/נוּ	430	HNcmpc/Sp1cp	06kPr
24	17	4		הוּא֩	1931	HPp3ms	06Z6v
24	17	5		הַ/מַּעֲלֶ֨ה	d/5927	HTd/Vhrmsa	06M9m
24	17	6		אֹתָ֧/נוּ	853	HTo/Sp1cp	069fx
24	17	7		וְ/אֶת	c/853	HC/To	064gn
24	17	8		אֲבוֹתֵ֛י/נוּ	1	HNcmpc/Sp1cp	06Uvg
24	17	9		מֵ/אֶ֥רֶץ	m/776	HR/Ncbsc	06boM
24	17	10		מִצְרַ֖יִם	4714	HNp	06Dza
24	17	11		מִ/בֵּ֣ית	m/1004 b	HR/Ncmsc	06X3B
24	17	12		עֲבָדִ֑ים	5650	HNcmpa	06St2
24	17	13		וַ/אֲשֶׁ֧ר	c/834 a	HC/Tr	06VKr
24	17	14		עָשָׂ֣ה	6213 a	HVqp3ms	06Pjg
24	17	15		לְ/עֵינֵ֗י/נוּ	l/5869 a	HR/Ncbdc/Sp1cp	06wJx
24	17	16		אֶת	853	HTo	063y6
24	17	17		הָ/אֹת֤וֹת	d/226	HTd/Ncbpa	06xas
24	17	18		הַ/גְּדֹלוֹת֙	d/1419 a	HTd/Aafpa	06K2P
24	17	19		הָ/אֵ֔לֶּה	d/428	HTd/Pdxcp	06jRn
24	17	20		וַֽ/יִּשְׁמְרֵ֗/נוּ	c/8104	HC/Vqw3ms/Sp1cp	06QrB
24	17	21		בְּ/כָל	b/3605	HR/Ncmsc	06rc3
24	17	22		הַ/דֶּ֨רֶךְ֙	d/1870	HTd/Ncbsa	06ZuC
24	17	23		אֲשֶׁ֣ר	834 a	HTr	06ftE
24	17	24		הָלַ֣כְנוּ	1980	HVqp1cp	06gXP
24	17	25		בָ֔/הּ	b	HR/Sp3fs	068oS
24	17	26		וּ/בְ/כֹל֙	c/b/3605	HC/R/Ncmsc	065jD
24	17	27		הָֽ/עַמִּ֔ים	d/5971 a	HTd/Ncmpa	06nts
24	17	28		אֲשֶׁ֥ר	834 a	HTr	06LBK
24	17	29		עָבַ֖רְנוּ	5674 a	HVqp1cp	06QAB
24	17	30		בְּ/קִרְבָּֽ/ם	b/7130	HR/Ncmsc/Sp3mp	06Bjt
24	18	1		וַ/יְגָ֨רֶשׁ	c/1644	HC/Vpw3ms	064H2
24	18	2		יְהוָ֜ה	3068	HNp	06MmJ
24	18	3		אֶת	853	HTo	06rWR
24	18	4		כָּל	3605	HNcmsc	06EVJ
24	18	5		הָ/עַמִּ֗ים	d/5971 a	HTd/Ncmpa	067Kc
24	18	6		וְ/אֶת	c/853	HC/To	06Wij
24	18	7		הָ/אֱמֹרִ֛י	d/567	HTd/Ngmsa	06DSB
24	18	8		יֹשֵׁ֥ב	3427	HVqrmsa	06oAR
24	18	9		הָ/אָ֖רֶץ	d/776	HTd/Ncbsa	06Pib
24	18	10		מִ/פָּנֵ֑י/נוּ	m/6440	HR/Ncbpc/Sp1cp	061aY
24	18	11		גַּם	1571	HTa	062Mj
24	18	12		אֲנַ֨חְנוּ֙	587	HPp1cp	06YVq
24	18	13		נַעֲבֹ֣ד	5647	HVqi1cp	06r5m
24	18	14		אֶת	853	HTo	062oJ
24	18	15		יְהוָ֔ה	3068	HNp	06Ev1
24	18	16		כִּי	3588 a	HC	0698F
24	18	17		ה֖וּא	1931	HPp3ms	0674y
24	18	18		אֱלֹהֵֽי/נוּ	430	HNcmpc/Sp1cp	0652H
24	19	1		וַ/יֹּ֨אמֶר	c/559	HC/Vqw3ms	06xAC
24	19	2		יְהוֹשֻׁ֜עַ	3091	HNp	068JG
24	19	3		אֶל	413	HR	06nzC
24	19	4		הָ/עָ֗ם	d/5971 a	HTd/Ncmsa	06nLz
24	19	5		לֹ֤א	3808	HTn	06yHH
24	19	6		תֽוּכְלוּ֙	3201	HVqi2mp	067my
24	19	7		לַ/עֲבֹ֣ד	l/5647	HR/Vqc	06t1k
24	19	8		אֶת	853	HTo	06YQA
24	19	9		יְהוָ֔ה	3068	HNp	06b5H
24	19	10		כִּֽי	3588 a	HC	06G7D
24	19	11		אֱלֹהִ֥ים	430	HNcmpa	06wAJ
24	19	12		קְדֹשִׁ֖ים	6918	HAampa	06oje
24	19	13		ה֑וּא	1931	HPp3ms	06fWJ
24	19	14		אֵֽל	410	HNcmsa	06fpQ
24	19	15		קַנּ֣וֹא	7072	HAamsa	06Ygv
24	19	16		ה֔וּא	1931	HPp3ms	06Nge
24	19	17		לֹֽא	3808	HTn	06Yp9
24	19	18		יִשָּׂ֥א	5375	HVqi3ms	06wLi
24	19	19		לְ/פִשְׁעֲ/כֶ֖ם	l/6588	HR/Ncmsc/Sp2mp	0688S
24	19	20		וּ/לְ/חַטֹּאותֵי/כֶֽם	c/l/2403 b	HC/R/Ncfpc/Sp2mp	06KAU
24	20	1		כִּ֤י	3588 a	HC	06Xxi
24	20	2		תַֽעַזְבוּ֙	5800 a	HVqi2mp	06xb7
24	20	3		אֶת	853	HTo	06DtU
24	20	4		יְהוָ֔ה	3068	HNp	06poL
24	20	5		וַ/עֲבַדְתֶּ֖ם	c/5647	HC/Vqq2mp	06KEx
24	20	6		אֱלֹהֵ֣י	430	HNcmpc	06YMD
24	20	7		נֵכָ֑ר	5236	HNcmsa	06TF6
24	20	8		וְ/שָׁ֨ב	c/7725	HC/Vqq3ms	06YB7
24	20	9		וְ/הֵרַ֤ע	c/7489 a	HC/Vhq3ms	06hR3
24	20	10		לָ/כֶם֙	l	HR/Sp2mp	06kGQ
24	20	11		וְ/כִלָּ֣ה	c/3615	HC/Vpq3ms	06jYh
24	20	12		אֶתְ/כֶ֔ם	853	HTo/Sp2mp	06jtu
24	20	13		אַחֲרֵ֖י	310 a	HR	06EBN
24	20	14		אֲשֶׁר	834 a	HTr	06PYi
24	20	15		הֵיטִ֥יב	3190	HVhp3ms	06KSQ
24	20	16		לָ/כֶֽם	l	HR/Sp2mp	06yN8
24	21	1		וַ/יֹּ֥אמֶר	c/559	HC/Vqw3ms	06AVR
24	21	2		הָ/עָ֖ם	d/5971 a	HTd/Ncmsa	06fjn
24	21	3		אֶל	413	HR	06CTb
24	21	4		יְהוֹשֻׁ֑עַ	3091	HNp	06k9N
24	21	5		לֹ֕א	3808	HTn	061M5
24	21	6		כִּ֥י	3588 a	HC	06Mcv
24	21	7		אֶת	853	HTo	06Jkx
24	21	8		יְהוָ֖ה	3068	HNp	06bzS
24	21	9		נַעֲבֹֽד	5647	HVqi1cp	06VrM
24	22	1		וַ/יֹּ֨אמֶר	c/559	HC/Vqw3ms	06TCd
24	22	2		יְהוֹשֻׁ֜עַ	3091	HNp	06acR
24	22	3		אֶל	413	HR	0688f
24	22	4		הָ/עָ֗ם	d/5971 a	HTd/Ncmsa	06zKH
24	22	5		עֵדִ֤ים	5707	HNcmpa	06EkC
24	22	6		אַתֶּם֙	859 d	HPp2mp	06XXd
24	22	7		בָּ/כֶ֔ם	b	HR/Sp2mp	06v2Y
24	22	8		כִּֽי	3588 a	HC	06w1p
24	22	9		אַתֶּ֞ם	859 d	HPp2mp	06MPM
24	22	10		בְּחַרְתֶּ֥ם	977	HVqp2mp	06TLb
24	22	11		לָ/כֶ֛ם	l	HR/Sp2mp	06hPU
24	22	12		אֶת	853	HTo	06Qrn
24	22	13		יְהוָ֖ה	3068	HNp	06ttx
24	22	14		לַ/עֲבֹ֣ד	l/5647	HR/Vqc	06izd
24	22	15		אוֹת֑/וֹ	853	HTo/Sp3ms	06GNT
24	22	16		וַ/יֹּאמְר֖וּ	c/559	HC/Vqw3mp	06BW1
24	22	17		עֵדִֽים	5707	HNcmpa	06XHh
24	23	1		וְ/עַתָּ֕ה	c/6258	HC/D	06d51
24	23	2		הָסִ֛ירוּ	5493	HVhv2mp	06M9Z
24	23	3		אֶת	853	HTo	06EZY
24	23	4		אֱלֹהֵ֥י	430	HNcmpc	06zaH
24	23	5		הַ/נֵּכָ֖ר	d/5236	HTd/Ncmsa	06tqU
24	23	6		אֲשֶׁ֣ר	834 a	HTr	06sL7
24	23	7		בְּ/קִרְבְּ/כֶ֑ם	b/7130	HR/Ncmsc/Sp2mp	0662z
24	23	8		וְ/הַטּוּ֙	c/5186	HC/Vhv2mp	06p4B
24	23	9		אֶת	853	HTo	06QVp
24	23	10		לְבַבְ/כֶ֔ם	3824	HNcmsc/Sp2mp	06ERj
24	23	11		אֶל	413	HR	06zLy
24	23	12		יְהוָ֖ה	3068	HNp	061Qm
24	23	13		אֱלֹהֵ֥י	430	HNcmpc	06PWq
24	23	14		יִשְׂרָאֵֽל	3478	HNp	06tdk
24	24	1		וַ/יֹּאמְר֥וּ	c/559	HC/Vqw3mp	06jqe
24	24	2		הָ/עָ֖ם	d/5971 a	HTd/Ncmsa	06heh
24	24	3		אֶל	413	HR	06mnk
24	24	4		יְהוֹשֻׁ֑עַ	3091	HNp	06GDi
24	24	5		אֶת	853	HTo	064kY
24	24	6		יְהוָ֤ה	3068	HNp	06SP6
24	24	7		אֱלֹהֵ֨י/נוּ֙	430	HNcmpc/Sp1cp	06Uf2
24	24	8		נַעֲבֹ֔ד	5647	HVqi1cp	062yh
24	24	9		וּ/בְ/קוֹל֖/וֹ	c/b/6963 a	HC/R/Ncmsc/Sp3ms	06b44
24	24	10		נִשְׁמָֽע	8085	HVqi1cp	06T19
24	25	1		וַ/יִּכְרֹ֨ת	c/3772	HC/Vqw3ms	06h46
24	25	2		יְהוֹשֻׁ֧עַ	3091	HNp	06SrF
24	25	3		בְּרִ֛ית	1285	HNcfsa	06qdx
24	25	4		לָ/עָ֖ם	l/5971 a	HRd/Ncmsa	06Wbq
24	25	5		בַּ/יּ֣וֹם	b/3117	HRd/Ncmsa	061Ku
24	25	6		הַ/ה֑וּא	d/1931	HTd/Pp3ms	06g1S
24	25	7		וַ/יָּ֥שֶׂם	c/7760 a	HC/Vqw3ms	067SA
24	25	8		ל֛/וֹ	l	HR/Sp3ms	062Q5
24	25	9		חֹ֥ק	2706	HNcmsa	06rRg
24	25	10		וּ/מִשְׁפָּ֖ט	c/4941	HC/Ncmsa	06rGq
24	25	11		בִּ/שְׁכֶֽם	b/7927	HR/Np	06JHg
24	26	1		וַ/יִּכְתֹּ֤ב	c/3789	HC/Vqw3ms	06Qew
24	26	2		יְהוֹשֻׁ֨עַ֙	3091	HNp	06anf
24	26	3		אֶת	853	HTo	06J27
24	26	4		הַ/דְּבָרִ֣ים	d/1697	HTd/Ncmpa	06NmU
24	26	5		הָ/אֵ֔לֶּה	d/428	HTd/Pdxcp	06h9C
24	26	6		בְּ/סֵ֖פֶר	b/5612 a	HR/Ncmsc	06GDr
24	26	7		תּוֹרַ֣ת	8451	HNcfsc	06vF8
24	26	8		אֱלֹהִ֑ים	430	HNcmpa	06DVe
24	26	9		וַ/יִּקַּח֙	c/3947	HC/Vqw3ms	06E3T
24	26	10		אֶ֣בֶן	68	HNcfsa	067v8
24	26	11		גְּדוֹלָ֔ה	1419 a	HAafsa	06HxH
24	26	12		וַ/יְקִימֶ֣/הָ	c/6965 b	HC/Vhw3ms/Sp3fs	06F8P
24	26	13		שָּׁ֔ם	8033	HD	063Ed
24	26	14		תַּ֚חַת	8478	HR	06km3
24	26	15		הָֽ/אַלָּ֔ה	d/427	HTd/Ncfsa	06xjC
24	26	16		אֲשֶׁ֖ר	834 a	HTr	06qun
24	26	17		בְּ/מִקְדַּ֥שׁ	b/4720	HR/Ncmsc	065kJ
24	26	18		יְהוָֽה	3068	HNp	06ezp
24	27	1		וַ/יֹּ֨אמֶר	c/559	HC/Vqw3ms	06sfU
24	27	2		יְהוֹשֻׁ֜עַ	3091	HNp	06RQw
24	27	3		אֶל	413	HR	06FDq
24	27	4		כָּל	3605	HNcmsc	06vbV
24	27	5		הָ/עָ֗ם	d/5971 a	HTd/Ncmsa	06dtZ
24	27	6		הִנֵּ֨ה	2009	HTm	06oGC
24	27	7		הָ/אֶ֤בֶן	d/68	HTd/Ncfsa	06zVE
24	27	8		הַ/זֹּאת֙	d/2063	HTd/Pdxfs	0663D
24	27	9		תִּֽהְיֶה	1961	HVqi3fs	06aVU
24	27	10		בָּ֣/נוּ	b	HR/Sp1cp	06RiQ
24	27	11		לְ/עֵדָ֔ה	l/5713 a	HR/Ncfsa	06A4d
24	27	12		כִּֽי	3588 a	HC	069G4
24	27	13		הִ֣יא	1931	HPp3fs	06vJQ
24	27	14		שָׁמְעָ֗ה	8085	HVqp3fs	06Svx
24	27	15		אֵ֚ת	853	HTo	06fdR
24	27	16		כָּל	3605	HNcmsc	06QnD
24	27	17		אִמְרֵ֣י	561	HNcmpc	06Np6
24	27	18		יְהוָ֔ה	3068	HNp	069D7
24	27	19		אֲשֶׁ֥ר	834 a	HTr	06Zzo
24	27	20		דִּבֶּ֖ר	1696	HVpp3ms	06kr3
24	27	21		עִמָּ֑/נוּ	5973 a	HR/Sp1cp	06wiP
24	27	22		וְ/הָיְתָ֤ה	c/1961	HC/Vqq3fs	06MA8
24	27	23		בָ/כֶם֙	b	HR/Sp2mp	06DTM
24	27	24		לְ/עֵדָ֔ה	l/5713 a	HR/Ncfsa	06pcc
24	27	25		פֶּֽן	6435	HC	06HG2
24	27	26		תְּכַחֲשׁ֖וּ/ן	3584	HVpi2mp/Sn	06A13
24	27	27		בֵּ/אלֹהֵי/כֶֽם	b/430	HR/Ncmpc/Sp2mp	06vHy
24	28	1		וַ/יְשַׁלַּ֤ח	c/7971	HC/Vpw3ms	06717
24	28	2		יְהוֹשֻׁ֨עַ֙	3091	HNp	06k6g
24	28	3		אֶת	853	HTo	06eGQ
24	28	4		הָ/עָ֔ם	d/5971 a	HTd/Ncmsa	06Pk7
24	28	5		אִ֖ישׁ	376	HNcmsa	06R3Z
24	28	6		לְ/נַחֲלָתֽ/וֹ	l/5159	HR/Ncfsc/Sp3ms	06Ky7
24	29	1		וַ/יְהִ֗י	c/1961	HC/Vqw3ms	067pW
24	29	2		אַֽחֲרֵי֙	310 a	HR	06ubK
24	29	3		הַ/דְּבָרִ֣ים	d/1697	HTd/Ncmpa	06weN
24	29	4		הָ/אֵ֔לֶּה	d/428	HTd/Pdxcp	06oFq
24	29	5		וַ/יָּ֛מָת	c/4191	HC/Vqw3ms	06pDi
24	29	6		יְהוֹשֻׁ֥עַ	3091	HNp	06NHC
24	29	7		בִּן	1121 a	HNcmsc	066Cr
24	29	8		נ֖וּן	5126	HNp	06NUj
24	29	9		עֶ֣בֶד	5650	HNcmsc	06PJg
24	29	10		יְהוָ֑ה	3068	HNp	06E7S
24	29	11		בֶּן	1121 a	HNcmsc	06KKi
24	29	12		מֵאָ֥ה	3967	HAcbsa	06uCx
24	29	13		וָ/עֶ֖שֶׂר	c/6235	HC/Acfsa	06K9C
24	29	14		שָׁנִֽים	8141	HNcfpa	06nZx
24	30	1		וַ/יִּקְבְּר֤וּ	c/6912	HC/Vqw3mp	06KVG
24	30	2		אֹת/וֹ֙	853	HTo/Sp3ms	06gtm
24	30	3		בִּ/גְב֣וּל	b/1366	HR/Ncmsc	06KY7
24	30	4		נַחֲלָת֔/וֹ	5159	HNcfsc/Sp3ms	06uJV
24	30	5		בְּ/תִמְנַת	b/8556 b	HR/Np	06EYJ
24	30	6		סֶ֖רַח	8556 b	HNp	06fzq
24	30	7		אֲשֶׁ֣ר	834 a	HTr	06Zpp
24	30	8		בְּ/הַר	b/2022	HR/Ncmsc	06GvP
24	30	9		אֶפְרָ֑יִם	669	HNp	06xb5
24	30	10		מִ/צְּפ֖וֹן	m/6828	HR/Ncfsc	06xSy
24	30	11		לְ/הַר	l/2022	HR/Ncmsc	06z29
24	30	12		גָּֽעַשׁ	1608	HNp	066ip
24	31	1		וַ/יַּעֲבֹ֤ד	c/5647	HC/Vqw3ms	06Dv2
24	31	2		יִשְׂרָאֵל֙	3478	HNp	06GCo
24	31	3		אֶת	853	HTo	06tFN
24	31	4		יְהוָ֔ה	3068	HNp	06pf3
24	31	5		כֹּ֖ל	3605	HNcmsc	069LD
24	31	6		יְמֵ֣י	3117	HNcmpc	06MnJ
24	31	7		יְהוֹשֻׁ֑עַ	3091	HNp	06a4D
24	31	8		וְ/כֹ֣ל	c/3605	HC/Ncmsc	06yxF
24	31	9		יְמֵ֣י	3117	HNcmpc	06Rb8
24	31	10		הַ/זְּקֵנִ֗ים	d/2205	HTd/Aampa	06CN5
24	31	11		אֲשֶׁ֨ר	834 a	HTr	06u25
24	31	12		הֶאֱרִ֤יכוּ	748	HVhp3cp	06qSq
24	31	13		יָמִים֙	3117	HNcmpa	06AMc
24	31	14		אַחֲרֵ֣י	310 a	HR	06Adu
24	31	15		יְהוֹשֻׁ֔עַ	3091	HNp	06sh6
24	31	16		וַ/אֲשֶׁ֣ר	c/834 a	HC/Tr	06Az8
24	31	17		יָדְע֗וּ	3045	HVqp3cp	06z7z
24	31	18		אֵ֚ת	853	HTo	06Gyr
24	31	19		כָּל	3605	HNcmsc	069AQ
24	31	20		מַעֲשֵׂ֣ה	4639	HNcmsc	06FMj
24	31	21		יְהוָ֔ה	3068	HNp	06VET
24	31	22		אֲשֶׁ֥ר	834 a	HTr	06pwL
24	31	23		עָשָׂ֖ה	6213 a	HVqp3ms	06Ap2
24	31	24		לְ/יִשְׂרָאֵֽל	l/3478	HR/Np	06ZZu
24	32	1		וְ/אֶת	c/853	HC/To	06Gw5
24	32	2		עַצְמ֣וֹת	6106	HNcfpc	064uN
24	32	3		י֠וֹסֵף	3130	HNp	06Tau
24	32	4		אֲשֶׁר	834 a	HTr	06tv5
24	32	5		הֶעֱל֨וּ	5927	HVhp3cp	06zV6
24	32	6		בְנֵי	1121 a	HNcmpc	06DF1
24	32	7		יִשְׂרָאֵ֥ל	3478	HNp	06UwN
24	32	8		מִ/מִּצְרַיִם֮	m/4714	HR/Np	06wi6
24	32	9		קָבְר֣וּ	6912	HVqp3cp	06p3S
24	32	10		בִ/שְׁכֶם֒	b/7927	HR/Np	06eBV
24	32	11		בְּ/חֶלְקַ֣ת	b/2513 a	HR/Ncfsc	06xzL
24	32	12		הַ/שָּׂדֶ֗ה	d/7704 b	HTd/Ncmsa	06khJ
24	32	13		אֲשֶׁ֨ר	834 a	HTr	06ftY
24	32	14		קָנָ֧ה	7069	HVqp3ms	06opc
24	32	15		יַעֲקֹ֛ב	3290	HNp	06oMo
24	32	16		מֵ/אֵ֛ת	m/854	HR/R	06dqs
24	32	17		בְּנֵֽי	1121 a	HNcmpc	064Bp
24	32	18		חֲמ֥וֹר	2544	HNp	06G2P
24	32	19		אֲבִֽי	1	HNcmsc	0616d
24	32	20		שְׁכֶ֖ם	7927	HNp	064RU
24	32	21		בְּ/מֵאָ֣ה	b/3967	HR/Acbsa	06uUK
24	32	22		קְשִׂיטָ֑ה	7192	HNcfsa	06Tyx
24	32	23		וַ/יִּֽהְי֥וּ	c/1961	HC/Vqw3mp	06eU2
24	32	24		לִ/בְנֵֽי	l/1121 a	HR/Ncmpc	06CCe
24	32	25		יוֹסֵ֖ף	3130	HNp	06fFD
24	32	26		לְ/נַחֲלָֽה	l/5159	HR/Ncfsa	06dpH
24	33	1		וְ/אֶלְעָזָ֥ר	c/499	HC/Np	06wBW
24	33	2		בֶּֽן	1121 a	HNcmsc	06JYr
24	33	3		אַהֲרֹ֖ן	175	HNp	06hNG
24	33	4		מֵ֑ת	4191	HVqp3ms	06tbb
24	33	5		וַ/יִּקְבְּר֣וּ	c/6912	HC/Vqw3mp	06Ve8
24	33	6		אֹת֗/וֹ	853	HTo/Sp3ms	06qLd
24	33	7		בְּ/גִבְעַת֙	b/1389	HR/Ncfsc	067Jc
24	33	8		פִּֽינְחָ֣ס	6372	HNp	06p5E
24	33	9		בְּנ֔/וֹ	1121 a	HNcmsc/Sp3ms	068nB
24	33	10		אֲשֶׁ֥ר	834 a	HTr	06EvJ
24	33	11		נִתַּן	5414	HVNp3ms	0647G
24	33	12		ל֖/וֹ	l	HR/Sp3ms	06QcW
24	33	13		בְּ/הַ֥ר	b/2022	HR/Ncmsc	06TMj
24	33	14		אֶפְרָֽיִם	669	HNp	06g4h
